global_step,episode,episode_return,episode_length,loss,actor_type,case_entries,cases_pruned,cases_replaced,actor_cases_pruned,actor_cases_replaced,critic_cases_pruned,critic_cases_replaced,critic_label_updates,critic_label_update_samples,exploration_epsilon,behavior_epsilon,policy_ready,action_probs,behavior_action_probs,action_counts,bias_min,bias_mean,bias_max
13,1,13.0,13,,mlp,,0,0,0,0,0,0,0,0,0.0,0.0,True,"[0.3771821856498718, 0.622817873954773]","[0.3771821856498718, 0.622817873954773]",,,,
39,2,26.0,26,,mlp,,0,0,0,0,0,0,0,0,0.0,0.0,True,"[0.4127311408519745, 0.5872689485549927]","[0.4127311408519745, 0.5872689485549927]",,,,
50,3,11.0,11,,mlp,,0,0,0,0,0,0,0,0,0.0,0.0,True,"[0.39251908659935, 0.6074809432029724]","[0.39251908659935, 0.6074809432029724]",,,,
68,4,18.0,18,61.17145538330078,mlp,,0,0,0,0,0,0,0,0,0.0,0.0,True,"[0.4222019612789154, 0.5777980089187622]","[0.4222019612789154, 0.5777980089187622]",,,,
87,5,19.0,19,,mlp,,0,0,0,0,0,0,0,0,0.0,0.0,True,"[0.4782390296459198, 0.5217610001564026]","[0.4782390296459198, 0.5217610001564026]",,,,
109,6,22.0,22,,mlp,,0,0,0,0,0,0,0,0,0.0,0.0,True,"[0.4718394875526428, 0.5281604528427124]","[0.4718394875526428, 0.5281604528427124]",,,,
120,7,11.0,11,,mlp,,0,0,0,0,0,0,0,0,0.0,0.0,True,"[0.39602506160736084, 0.6039749383926392]","[0.39602506160736084, 0.6039749383926392]",,,,
136,8,16.0,16,22.1589412689209,mlp,,0,0,0,0,0,0,0,0,0.0,0.0,True,"[0.5051167607307434, 0.49488332867622375]","[0.5051167607307434, 0.49488332867622375]",,,,
147,9,11.0,11,,mlp,,0,0,0,0,0,0,0,0,0.0,0.0,True,"[0.42835330963134766, 0.5716466903686523]","[0.42835330963134766, 0.5716466903686523]",,,,
157,10,10.0,10,,mlp,,0,0,0,0,0,0,0,0,0.0,0.0,True,"[0.4974818229675293, 0.5025181770324707]","[0.4974818229675293, 0.5025181770324707]",,,,
194,11,37.0,37,,mlp,,0,0,0,0,0,0,0,0,0.0,0.0,True,"[0.4350782036781311, 0.5649217963218689]","[0.4350782036781311, 0.5649217963218689]",,,,
207,12,13.0,13,32.90668869018555,mlp,,0,0,0,0,0,0,0,0,0.0,0.0,True,"[0.42675676941871643, 0.5732432007789612]","[0.42675676941871643, 0.5732432007789612]",,,,
256,13,49.0,49,,mlp,,0,0,0,0,0,0,0,0,0.0,0.0,True,"[0.47656530141830444, 0.5234346985816956]","[0.47656530141830444, 0.5234346985816956]",,,,
266,14,10.0,10,,mlp,,0,0,0,0,0,0,0,0,0.0,0.0,True,"[0.42735278606414795, 0.572647213935852]","[0.42735278606414795, 0.572647213935852]",,,,
282,15,16.0,16,,mlp,,0,0,0,0,0,0,0,0,0.0,0.0,True,"[0.4677923023700714, 0.5322076678276062]","[0.4677923023700714, 0.5322076678276062]",,,,
296,16,14.0,14,47.679805755615234,mlp,,0,0,0,0,0,0,0,0,0.0,0.0,True,"[0.47488299012184143, 0.5251169800758362]","[0.47488299012184143, 0.5251169800758362]",,,,
305,17,9.0,9,,mlp,,0,0,0,0,0,0,0,0,0.0,0.0,True,"[0.46949532628059387, 0.5305046439170837]","[0.46949532628059387, 0.5305046439170837]",,,,
326,18,21.0,21,,mlp,,0,0,0,0,0,0,0,0,0.0,0.0,True,"[0.4807697832584381, 0.5192301869392395]","[0.4807697832584381, 0.5192301869392395]",,,,
347,19,21.0,21,,mlp,,0,0,0,0,0,0,0,0,0.0,0.0,True,"[0.4653087854385376, 0.5346912145614624]","[0.4653087854385376, 0.5346912145614624]",,,,
361,20,14.0,14,11.862360954284668,mlp,,0,0,0,0,0,0,0,0,0.0,0.0,True,"[0.48176446557044983, 0.5182355046272278]","[0.48176446557044983, 0.5182355046272278]",,,,
381,21,20.0,20,,mlp,,0,0,0,0,0,0,0,0,0.0,0.0,True,"[0.46492287516593933, 0.5350771546363831]","[0.46492287516593933, 0.5350771546363831]",,,,
391,22,10.0,10,,mlp,,0,0,0,0,0,0,0,0,0.0,0.0,True,"[0.47593924403190613, 0.5240607261657715]","[0.47593924403190613, 0.5240607261657715]",,,,
435,23,44.0,44,,mlp,,0,0,0,0,0,0,0,0,0.0,0.0,True,"[0.4725218117237091, 0.5274780988693237]","[0.4725218117237091, 0.5274780988693237]",,,,
450,24,15.0,15,44.826080322265625,mlp,,0,0,0,0,0,0,0,0,0.0,0.0,True,"[0.4894670248031616, 0.5105329751968384]","[0.4894670248031616, 0.5105329751968384]",,,,
507,25,57.0,57,,mlp,,0,0,0,0,0,0,0,0,0.0,0.0,True,"[0.5078874230384827, 0.49211254715919495]","[0.5078874230384827, 0.49211254715919495]",,,,
519,26,12.0,12,,mlp,,0,0,0,0,0,0,0,0,0.0,0.0,True,"[0.5099973082542419, 0.4900026321411133]","[0.5099973082542419, 0.4900026321411133]",,,,
538,27,19.0,19,,mlp,,0,0,0,0,0,0,0,0,0.0,0.0,True,"[0.5034671425819397, 0.4965328872203827]","[0.5034671425819397, 0.4965328872203827]",,,,
551,28,13.0,13,58.90211486816406,mlp,,75,0,0,0,75,0,0,0,0.0,0.0,True,"[0.5081232190132141, 0.4918768107891083]","[0.5081232190132141, 0.4918768107891083]",,,,
591,29,40.0,40,,mlp,,75,0,0,0,75,0,0,0,0.0,0.0,True,"[0.5091308355331421, 0.4908691346645355]","[0.5091308355331421, 0.4908691346645355]",,,,
629,30,38.0,38,,mlp,,75,0,0,0,75,0,0,0,0.0,0.0,True,"[0.45222699642181396, 0.547773003578186]","[0.45222699642181396, 0.547773003578186]",,,,
669,31,40.0,40,,mlp,,75,0,0,0,75,0,0,0,0.0,0.0,True,"[0.5347867608070374, 0.4652133285999298]","[0.5347867608070374, 0.4652133285999298]",,,,
710,32,41.0,41,61.13640213012695,mlp,,226,0,0,0,226,0,0,0,0.0,0.0,True,"[0.45626404881477356, 0.543735921382904]","[0.45626404881477356, 0.543735921382904]",,,,
752,33,42.0,42,,mlp,,226,0,0,0,226,0,0,0,0.0,0.0,True,"[0.4352695941925049, 0.5647304058074951]","[0.4352695941925049, 0.5647304058074951]",,,,
771,34,19.0,19,,mlp,,226,0,0,0,226,0,0,0,0.0,0.0,True,"[0.44683101773262024, 0.5531690120697021]","[0.44683101773262024, 0.5531690120697021]",,,,
797,35,26.0,26,,mlp,,226,0,0,0,226,0,0,0,0.0,0.0,True,"[0.5462279319763184, 0.45377206802368164]","[0.5462279319763184, 0.45377206802368164]",,,,
861,36,64.0,64,57.73524475097656,mlp,,348,13,0,0,348,13,0,0,0.0,0.0,True,"[0.48516687750816345, 0.5148330926895142]","[0.48516687750816345, 0.5148330926895142]",,,,
879,37,18.0,18,,mlp,,348,13,0,0,348,13,0,0,0.0,0.0,True,"[0.455824613571167, 0.544175386428833]","[0.455824613571167, 0.544175386428833]",,,,
897,38,18.0,18,,mlp,,348,13,0,0,348,13,0,0,0.0,0.0,True,"[0.4341367483139038, 0.5658632516860962]","[0.4341367483139038, 0.5658632516860962]",,,,
922,39,25.0,25,,mlp,,348,13,0,0,348,13,0,0,0.0,0.0,True,"[0.5588365793228149, 0.4411633610725403]","[0.5588365793228149, 0.4411633610725403]",,,,
961,40,39.0,39,48.878578186035156,mlp,,458,14,0,0,458,14,0,0,0.0,0.0,True,"[0.5433333516120911, 0.45666661858558655]","[0.5433333516120911, 0.45666661858558655]",,,,
991,41,30.0,30,,mlp,,458,14,0,0,458,14,0,0,0.0,0.0,True,"[0.5781100988388062, 0.4218898415565491]","[0.5781100988388062, 0.4218898415565491]",,,,
1003,42,12.0,12,,mlp,,458,14,0,0,458,14,0,0,0.0,0.0,True,"[0.43472492694854736, 0.5652750730514526]","[0.43472492694854736, 0.5652750730514526]",,,,
1039,43,36.0,36,,mlp,,458,14,0,0,458,14,0,0,0.0,0.0,True,"[0.44533583521842957, 0.554664134979248]","[0.44533583521842957, 0.554664134979248]",,,,
1064,44,25.0,25,31.74654769897461,mlp,,534,30,0,0,534,30,0,0,0.0,0.0,True,"[0.6115522384643555, 0.3884477913379669]","[0.6115522384643555, 0.3884477913379669]",,,,
1078,45,14.0,14,,mlp,,534,30,0,0,534,30,0,0,0.0,0.0,True,"[0.42608964443206787, 0.5739103555679321]","[0.42608964443206787, 0.5739103555679321]",,,,
1141,46,63.0,63,,mlp,,534,30,0,0,534,30,0,0,0.0,0.0,True,"[0.612127423286438, 0.3878725469112396]","[0.612127423286438, 0.3878725469112396]",,,,
1167,47,26.0,26,,mlp,,534,30,0,0,534,30,0,0,0.0,0.0,True,"[0.44501909613609314, 0.5549808740615845]","[0.44501909613609314, 0.5549808740615845]",,,,
1230,48,63.0,63,56.13523483276367,mlp,,635,95,0,0,635,95,0,0,0.0,0.0,True,"[0.4809230864048004, 0.519076943397522]","[0.4809230864048004, 0.519076943397522]",,,,
1270,49,40.0,40,,mlp,,635,95,0,0,635,95,0,0,0.0,0.0,True,"[0.4698151648044586, 0.530184805393219]","[0.4698151648044586, 0.530184805393219]",,,,
1292,50,22.0,22,,mlp,,635,95,0,0,635,95,0,0,0.0,0.0,True,"[0.4411346912384033, 0.5588653087615967]","[0.4411346912384033, 0.5588653087615967]",,,,
1318,51,26.0,26,,mlp,,635,95,0,0,635,95,0,0,0.0,0.0,True,"[0.553377628326416, 0.4466223418712616]","[0.553377628326416, 0.4466223418712616]",,,,
1349,52,31.0,31,28.18244743347168,mlp,,705,144,0,0,705,144,0,0,0.0,0.0,True,"[0.6548421382904053, 0.34515783190727234]","[0.6548421382904053, 0.34515783190727234]",,,,
1361,53,12.0,12,,mlp,,705,144,0,0,705,144,0,0,0.0,0.0,True,"[0.4077872335910797, 0.5922127366065979]","[0.4077872335910797, 0.5922127366065979]",,,,
1373,54,12.0,12,,mlp,,705,144,0,0,705,144,0,0,0.0,0.0,True,"[0.39090466499328613, 0.6090953350067139]","[0.39090466499328613, 0.6090953350067139]",,,,
1389,55,16.0,16,,mlp,,705,144,0,0,705,144,0,0,0.0,0.0,True,"[0.5947262048721313, 0.4052738845348358]","[0.5947262048721313, 0.4052738845348358]",,,,
1405,56,16.0,16,49.241111755371094,mlp,,752,153,0,0,752,153,0,0,0.0,0.0,True,"[0.41066774725914, 0.5893322825431824]","[0.41066774725914, 0.5893322825431824]",,,,
1429,57,24.0,24,,mlp,,752,153,0,0,752,153,0,0,0.0,0.0,True,"[0.6046797633171082, 0.39532023668289185]","[0.6046797633171082, 0.39532023668289185]",,,,
1451,58,22.0,22,,mlp,,752,153,0,0,752,153,0,0,0.0,0.0,True,"[0.39416155219078064, 0.605838418006897]","[0.39416155219078064, 0.605838418006897]",,,,
1482,59,31.0,31,,mlp,,752,153,0,0,752,153,0,0,0.0,0.0,True,"[0.6562390327453613, 0.3437609076499939]","[0.6562390327453613, 0.3437609076499939]",,,,
1513,60,31.0,31,23.672500610351562,mlp,,825,188,0,0,825,188,0,0,0.0,0.0,True,"[0.6678345203399658, 0.3321654796600342]","[0.6678345203399658, 0.3321654796600342]",,,,
1541,61,28.0,28,,mlp,,825,188,0,0,825,188,0,0,0.0,0.0,True,"[0.3723110258579254, 0.6276889443397522]","[0.3723110258579254, 0.6276889443397522]",,,,
1624,62,83.0,83,,mlp,,825,188,0,0,825,188,0,0,0.0,0.0,True,"[0.3867739737033844, 0.6132259964942932]","[0.3867739737033844, 0.6132259964942932]",,,,
1637,63,13.0,13,,mlp,,825,188,0,0,825,188,0,0,0.0,0.0,True,"[0.677951991558075, 0.32204800844192505]","[0.677951991558075, 0.32204800844192505]",,,,
1702,64,65.0,65,77.0424575805664,mlp,,893,309,0,0,893,309,0,0,0.0,0.0,True,"[0.6179415583610535, 0.38205844163894653]","[0.6179415583610535, 0.38205844163894653]",,,,
1732,65,30.0,30,,mlp,,893,309,0,0,893,309,0,0,0.0,0.0,True,"[0.6368004679679871, 0.36319953203201294]","[0.6368004679679871, 0.36319953203201294]",,,,
1746,66,14.0,14,,mlp,,893,309,0,0,893,309,0,0,0.0,0.0,True,"[0.35609620809555054, 0.6439038515090942]","[0.35609620809555054, 0.6439038515090942]",,,,
1764,67,18.0,18,,mlp,,893,309,0,0,893,309,0,0,0.0,0.0,True,"[0.3091402053833008, 0.690859854221344]","[0.3091402053833008, 0.690859854221344]",,,,
1828,68,64.0,64,48.87481689453125,mlp,,945,383,0,0,945,383,0,0,0.0,0.0,True,"[0.6627288460731506, 0.337271124124527]","[0.6627288460731506, 0.337271124124527]",,,,
1854,69,26.0,26,,mlp,,945,383,0,0,945,383,0,0,0.0,0.0,True,"[0.6449048519134521, 0.35509517788887024]","[0.6449048519134521, 0.35509517788887024]",,,,
1876,70,22.0,22,,mlp,,945,383,0,0,945,383,0,0,0.0,0.0,True,"[0.37973251938819885, 0.6202675104141235]","[0.37973251938819885, 0.6202675104141235]",,,,
1899,71,23.0,23,,mlp,,945,383,0,0,945,383,0,0,0.0,0.0,True,"[0.38253483176231384, 0.6174651384353638]","[0.38253483176231384, 0.6174651384353638]",,,,
1920,72,21.0,21,32.78043746948242,mlp,,1001,419,0,0,1001,419,0,0,0.0,0.0,True,"[0.3898903429508209, 0.6101096272468567]","[0.3898903429508209, 0.6101096272468567]",,,,
1965,73,45.0,45,,mlp,,1001,419,0,0,1001,419,0,0,0.0,0.0,True,"[0.4421696662902832, 0.557830274105072]","[0.4421696662902832, 0.557830274105072]",,,,
1984,74,19.0,19,,mlp,,1001,419,0,0,1001,419,0,0,0.0,0.0,True,"[0.667259931564331, 0.3327401280403137]","[0.667259931564331, 0.3327401280403137]",,,,
2027,75,43.0,43,,mlp,,1001,419,0,0,1001,419,0,0,0.0,0.0,True,"[0.37096768617630005, 0.6290323138237]","[0.37096768617630005, 0.6290323138237]",,,,
2108,76,81.0,81,62.70528793334961,mlp,,1071,537,0,0,1071,537,0,0,0.0,0.0,True,"[0.49047279357910156, 0.5095272660255432]","[0.49047279357910156, 0.5095272660255432]",,,,
2124,77,16.0,16,,mlp,,1071,537,0,0,1071,537,0,0,0.0,0.0,True,"[0.32541176676750183, 0.6745882034301758]","[0.32541176676750183, 0.6745882034301758]",,,,
2184,78,60.0,60,,mlp,,1071,537,0,0,1071,537,0,0,0.0,0.0,True,"[0.6799615621566772, 0.32003843784332275]","[0.6799615621566772, 0.32003843784332275]",,,,
2209,79,25.0,25,,mlp,,1071,537,0,0,1071,537,0,0,0.0,0.0,True,"[0.3769789934158325, 0.6230209469795227]","[0.3769789934158325, 0.6230209469795227]",,,,
2324,80,115.0,115,79.25096893310547,mlp,,1123,701,0,0,1123,701,0,0,0.0,0.0,True,"[0.5536607503890991, 0.44633930921554565]","[0.5536607503890991, 0.44633930921554565]",,,,
2345,81,21.0,21,,mlp,,1123,701,0,0,1123,701,0,0,0.0,0.0,True,"[0.35865750908851624, 0.6413425207138062]","[0.35865750908851624, 0.6413425207138062]",,,,
2368,82,23.0,23,,mlp,,1123,701,0,0,1123,701,0,0,0.0,0.0,True,"[0.36378729343414307, 0.6362127065658569]","[0.36378729343414307, 0.6362127065658569]",,,,
2483,83,115.0,115,,mlp,,1123,701,0,0,1123,701,0,0,0.0,0.0,True,"[0.6890080571174622, 0.31099191308021545]","[0.6890080571174622, 0.31099191308021545]",,,,
2524,84,41.0,41,75.18416595458984,mlp,,1175,849,0,0,1175,849,0,0,0.0,0.0,True,"[0.3412894308567047, 0.6587105989456177]","[0.3412894308567047, 0.6587105989456177]",,,,
2542,85,18.0,18,,mlp,,1175,849,0,0,1175,849,0,0,0.0,0.0,True,"[0.3314586281776428, 0.6685413122177124]","[0.3314586281776428, 0.6685413122177124]",,,,
2560,86,18.0,18,,mlp,,1175,849,0,0,1175,849,0,0,0.0,0.0,True,"[0.2967260777950287, 0.7032739520072937]","[0.2967260777950287, 0.7032739520072937]",,,,
2578,87,18.0,18,,mlp,,1175,849,0,0,1175,849,0,0,0.0,0.0,True,"[0.3805868923664093, 0.6194130182266235]","[0.3805868923664093, 0.6194130182266235]",,,,
2593,88,15.0,15,30.13170051574707,mlp,,1198,895,0,0,1198,895,0,0,0.0,0.0,True,"[0.44860953092575073, 0.5513904690742493]","[0.44860953092575073, 0.5513904690742493]",,,,
2639,89,46.0,46,,mlp,,1198,895,0,0,1198,895,0,0,0.0,0.0,True,"[0.33987540006637573, 0.6601245403289795]","[0.33987540006637573, 0.6601245403289795]",,,,
2686,90,47.0,47,,mlp,,1198,895,0,0,1198,895,0,0,0.0,0.0,True,"[0.6911133527755737, 0.30888664722442627]","[0.6911133527755737, 0.30888664722442627]",,,,
2704,91,18.0,18,,mlp,,1198,895,0,0,1198,895,0,0,0.0,0.0,True,"[0.2796769440174103, 0.7203230857849121]","[0.2796769440174103, 0.7203230857849121]",,,,
2725,92,21.0,21,62.203826904296875,mlp,,1266,959,0,0,1266,959,0,0,0.0,0.0,True,"[0.7726485133171082, 0.22735151648521423]","[0.7726485133171082, 0.22735151648521423]",,,,
2761,93,36.0,36,,mlp,,1266,959,0,0,1266,959,0,0,0.0,0.0,True,"[0.504777193069458, 0.495222806930542]","[0.504777193069458, 0.495222806930542]",,,,
2780,94,19.0,19,,mlp,,1266,959,0,0,1266,959,0,0,0.0,0.0,True,"[0.6937205791473389, 0.30627939105033875]","[0.6937205791473389, 0.30627939105033875]",,,,
2845,95,65.0,65,,mlp,,1266,959,0,0,1266,959,0,0,0.0,0.0,True,"[0.5919317603111267, 0.4080682694911957]","[0.5919317603111267, 0.4080682694911957]",,,,
2867,96,22.0,22,63.62900161743164,mlp,,1334,1033,0,0,1334,1033,0,0,0.0,0.0,True,"[0.3688609302043915, 0.6311390399932861]","[0.3688609302043915, 0.6311390399932861]",,,,
2885,97,18.0,18,,mlp,,1334,1033,0,0,1334,1033,0,0,0.0,0.0,True,"[0.7462164759635925, 0.25378355383872986]","[0.7462164759635925, 0.25378355383872986]",,,,
2907,98,22.0,22,,mlp,,1334,1033,0,0,1334,1033,0,0,0.0,0.0,True,"[0.4933696389198303, 0.5066304206848145]","[0.4933696389198303, 0.5066304206848145]",,,,
2923,99,16.0,16,,mlp,,1334,1033,0,0,1334,1033,0,0,0.0,0.0,True,"[0.3719031810760498, 0.6280968189239502]","[0.3719031810760498, 0.6280968189239502]",,,,
2949,100,26.0,26,27.196447372436523,mlp,,1362,1087,0,0,1362,1087,0,0,0.0,0.0,True,"[0.2598259747028351, 0.7401740550994873]","[0.2598259747028351, 0.7401740550994873]",,,,
2969,101,20.0,20,,mlp,,1362,1087,0,0,1362,1087,0,0,0.0,0.0,True,"[0.26851344108581543, 0.7314866185188293]","[0.26851344108581543, 0.7314866185188293]",,,,
3011,102,42.0,42,,mlp,,1362,1087,0,0,1362,1087,0,0,0.0,0.0,True,"[0.7088150382041931, 0.2911849319934845]","[0.7088150382041931, 0.2911849319934845]",,,,
3021,103,10.0,10,,mlp,,1362,1087,0,0,1362,1087,0,0,0.0,0.0,True,"[0.742916464805603, 0.2570835053920746]","[0.742916464805603, 0.2570835053920746]",,,,
3061,104,40.0,40,64.18033599853516,mlp,,1424,1137,0,0,1424,1137,0,0,0.0,0.0,True,"[0.38817358016967773, 0.6118264198303223]","[0.38817358016967773, 0.6118264198303223]",,,,
3130,105,69.0,69,,mlp,,1424,1137,0,0,1424,1137,0,0,0.0,0.0,True,"[0.675376296043396, 0.324623703956604]","[0.675376296043396, 0.324623703956604]",,,,
3149,106,19.0,19,,mlp,,1424,1137,0,0,1424,1137,0,0,0.0,0.0,True,"[0.30611884593963623, 0.6938812136650085]","[0.30611884593963623, 0.6938812136650085]",,,,
3172,107,23.0,23,,mlp,,1424,1137,0,0,1424,1137,0,0,0.0,0.0,True,"[0.3909964859485626, 0.609003484249115]","[0.3909964859485626, 0.609003484249115]",,,,
3212,108,40.0,40,44.75204849243164,mlp,,1493,1219,0,0,1493,1219,0,0,0.0,0.0,True,"[0.38633084297180176, 0.6136691570281982]","[0.38633084297180176, 0.6136691570281982]",,,,
3235,109,23.0,23,,mlp,,1493,1219,0,0,1493,1219,0,0,0.0,0.0,True,"[0.7452915906906128, 0.2547083795070648]","[0.7452915906906128, 0.2547083795070648]",,,,
3251,110,16.0,16,,mlp,,1493,1219,0,0,1493,1219,0,0,0.0,0.0,True,"[0.28172245621681213, 0.7182775139808655]","[0.28172245621681213, 0.7182775139808655]",,,,
3271,111,20.0,20,,mlp,,1493,1219,0,0,1493,1219,0,0,0.0,0.0,True,"[0.27869731187820435, 0.7213027477264404]","[0.27869731187820435, 0.7213027477264404]",,,,
3296,112,25.0,25,50.79627227783203,mlp,,1531,1265,0,0,1531,1265,0,0,0.0,0.0,True,"[0.627239465713501, 0.372760534286499]","[0.627239465713501, 0.372760534286499]",,,,
3324,113,28.0,28,,mlp,,1531,1265,0,0,1531,1265,0,0,0.0,0.0,True,"[0.30085301399230957, 0.6991470456123352]","[0.30085301399230957, 0.6991470456123352]",,,,
3375,114,51.0,51,,mlp,,1531,1265,0,0,1531,1265,0,0,0.0,0.0,True,"[0.2733299434185028, 0.7266700863838196]","[0.2733299434185028, 0.7266700863838196]",,,,
3472,115,97.0,97,,mlp,,1531,1265,0,0,1531,1265,0,0,0.0,0.0,True,"[0.5293623805046082, 0.47063755989074707]","[0.5293623805046082, 0.47063755989074707]",,,,
3489,116,17.0,17,80.94470977783203,mlp,,1608,1381,0,0,1608,1381,0,0,0.0,0.0,True,"[0.2964707314968109, 0.7035292983055115]","[0.2964707314968109, 0.7035292983055115]",,,,
3606,117,117.0,117,,mlp,,1608,1381,0,0,1608,1381,0,0,0.0,0.0,True,"[0.7328122854232788, 0.2671876549720764]","[0.7328122854232788, 0.2671876549720764]",,,,
3626,118,20.0,20,,mlp,,1608,1381,0,0,1608,1381,0,0,0.0,0.0,True,"[0.8347117900848389, 0.1652882695198059]","[0.8347117900848389, 0.1652882695198059]",,,,
3758,119,132.0,132,,mlp,,1608,1381,0,0,1608,1381,0,0,0.0,0.0,True,"[0.5412126183509827, 0.45878735184669495]","[0.5412126183509827, 0.45878735184669495]",,,,
3842,120,84.0,84,118.048828125,mlp,,1686,1656,0,0,1686,1656,0,0,0.0,0.0,True,"[0.2976119816303253, 0.7023880481719971]","[0.2976119816303253, 0.7023880481719971]",,,,
3910,121,68.0,68,,mlp,,1686,1656,0,0,1686,1656,0,0,0.0,0.0,True,"[0.2360890656709671, 0.7639108896255493]","[0.2360890656709671, 0.7639108896255493]",,,,
3957,122,47.0,47,,mlp,,1686,1656,0,0,1686,1656,0,0,0.0,0.0,True,"[0.7588291168212891, 0.24117085337638855]","[0.7588291168212891, 0.24117085337638855]",,,,
3973,123,16.0,16,,mlp,,1686,1656,0,0,1686,1656,0,0,0.0,0.0,True,"[0.8498733043670654, 0.15012677013874054]","[0.8498733043670654, 0.15012677013874054]",,,,
4015,124,42.0,42,72.8084487915039,mlp,,1730,1785,0,0,1730,1785,0,0,0.0,0.0,True,"[0.2644444704055786, 0.7355555295944214]","[0.2644444704055786, 0.7355555295944214]",,,,
4058,125,43.0,43,,mlp,,1730,1785,0,0,1730,1785,0,0,0.0,0.0,True,"[0.61844801902771, 0.3815520107746124]","[0.61844801902771, 0.3815520107746124]",,,,
4105,126,47.0,47,,mlp,,1730,1785,0,0,1730,1785,0,0,0.0,0.0,True,"[0.7577967047691345, 0.2422032505273819]","[0.7577967047691345, 0.2422032505273819]",,,,
4128,127,23.0,23,,mlp,,1730,1785,0,0,1730,1785,0,0,0.0,0.0,True,"[0.34573110938072205, 0.6542689204216003]","[0.34573110938072205, 0.6542689204216003]",,,,
4176,128,48.0,48,64.9324951171875,mlp,,1775,1901,0,0,1775,1901,0,0,0.0,0.0,True,"[0.7256449460983276, 0.2743549942970276]","[0.7256449460983276, 0.2743549942970276]",,,,
4211,129,35.0,35,,mlp,,1775,1901,0,0,1775,1901,0,0,0.0,0.0,True,"[0.2850033640861511, 0.7149966359138489]","[0.2850033640861511, 0.7149966359138489]",,,,
4266,130,55.0,55,,mlp,,1775,1901,0,0,1775,1901,0,0,0.0,0.0,True,"[0.3585582375526428, 0.6414417028427124]","[0.3585582375526428, 0.6414417028427124]",,,,
4361,131,95.0,95,,mlp,,1775,1901,0,0,1775,1901,0,0,0.0,0.0,True,"[0.6807748675346375, 0.31922510266304016]","[0.6807748675346375, 0.31922510266304016]",,,,
4486,132,125.0,125,91.400146484375,mlp,,1834,2152,0,0,1834,2152,0,0,0.0,0.0,True,"[0.7572807669639587, 0.24271929264068604]","[0.7572807669639587, 0.24271929264068604]",,,,
4541,133,55.0,55,,mlp,,1834,2152,0,0,1834,2152,0,0,0.0,0.0,True,"[0.4351598918437958, 0.5648400783538818]","[0.4351598918437958, 0.5648400783538818]",,,,
4621,134,80.0,80,,mlp,,1834,2152,0,0,1834,2152,0,0,0.0,0.0,True,"[0.8301065564155579, 0.16989344358444214]","[0.8301065564155579, 0.16989344358444214]",,,,
4718,135,97.0,97,,mlp,,1834,2152,0,0,1834,2152,0,0,0.0,0.0,True,"[0.35488685965538025, 0.6451131701469421]","[0.35488685965538025, 0.6451131701469421]",,,,
4778,136,60.0,60,88.97069549560547,mlp,,1882,2396,0,0,1882,2396,0,0,0.0,0.0,True,"[0.4141111969947815, 0.5858888030052185]","[0.4141111969947815, 0.5858888030052185]",,,,
4807,137,29.0,29,,mlp,,1882,2396,0,0,1882,2396,0,0,0.0,0.0,True,"[0.22444559633731842, 0.7755544781684875]","[0.22444559633731842, 0.7755544781684875]",,,,
4830,138,23.0,23,,mlp,,1882,2396,0,0,1882,2396,0,0,0.0,0.0,True,"[0.7244371175765991, 0.2755628526210785]","[0.7244371175765991, 0.2755628526210785]",,,,
4862,139,32.0,32,,mlp,,1882,2396,0,0,1882,2396,0,0,0.0,0.0,True,"[0.7392860651016235, 0.26071393489837646]","[0.7392860651016235, 0.26071393489837646]",,,,
4912,140,50.0,50,54.41259002685547,mlp,,1930,2482,0,0,1930,2482,0,0,0.0,0.0,True,"[0.3349943459033966, 0.6650056838989258]","[0.3349943459033966, 0.6650056838989258]",,,,
4951,141,39.0,39,,mlp,,1930,2482,0,0,1930,2482,0,0,0.0,0.0,True,"[0.3804534375667572, 0.61954665184021]","[0.3804534375667572, 0.61954665184021]",,,,
4986,142,35.0,35,,mlp,,1930,2482,0,0,1930,2482,0,0,0.0,0.0,True,"[0.23567305505275726, 0.7643269300460815]","[0.23567305505275726, 0.7643269300460815]",,,,
5012,143,26.0,26,,mlp,,1930,2482,0,0,1930,2482,0,0,0.0,0.0,True,"[0.2935246527194977, 0.7064753770828247]","[0.2935246527194977, 0.7064753770828247]",,,,
5048,144,36.0,36,33.25106430053711,mlp,,1977,2571,0,0,1977,2571,0,0,0.0,0.0,True,"[0.19917957484722137, 0.8008204102516174]","[0.19917957484722137, 0.8008204102516174]",,,,
5073,145,25.0,25,,mlp,,1977,2571,0,0,1977,2571,0,0,0.0,0.0,True,"[0.3150770366191864, 0.684922993183136]","[0.3150770366191864, 0.684922993183136]",,,,
5135,146,62.0,62,,mlp,,1977,2571,0,0,1977,2571,0,0,0.0,0.0,True,"[0.7613803148269653, 0.23861965537071228]","[0.7613803148269653, 0.23861965537071228]",,,,
5204,147,69.0,69,,mlp,,1977,2571,0,0,1977,2571,0,0,0.0,0.0,True,"[0.7566313147544861, 0.24336868524551392]","[0.7566313147544861, 0.24336868524551392]",,,,
5237,148,33.0,33,62.745059967041016,mlp,,2025,2712,0,0,2025,2712,0,0,0.0,0.0,True,"[0.70289546251297, 0.2971045672893524]","[0.70289546251297, 0.2971045672893524]",,,,
5252,149,15.0,15,,mlp,,2025,2712,0,0,2025,2712,0,0,0.0,0.0,True,"[0.7847568392753601, 0.2152431607246399]","[0.7847568392753601, 0.2152431607246399]",,,,
5284,150,32.0,32,,mlp,,2025,2712,0,0,2025,2712,0,0,0.0,0.0,True,"[0.6247179508209229, 0.37528207898139954]","[0.6247179508209229, 0.37528207898139954]",,,,
5301,151,17.0,17,,mlp,,2025,2712,0,0,2025,2712,0,0,0.0,0.0,True,"[0.8021321892738342, 0.19786782562732697]","[0.8021321892738342, 0.19786782562732697]",,,,
5348,152,47.0,47,62.008419036865234,mlp,,2064,2784,0,0,2064,2784,0,0,0.0,0.0,True,"[0.7809991240501404, 0.21900081634521484]","[0.7809991240501404, 0.21900081634521484]",,,,
5366,153,18.0,18,,mlp,,2064,2784,0,0,2064,2784,0,0,0.0,0.0,True,"[0.7653045654296875, 0.2346954643726349]","[0.7653045654296875, 0.2346954643726349]",,,,
5392,154,26.0,26,,mlp,,2064,2784,0,0,2064,2784,0,0,0.0,0.0,True,"[0.6356919407844543, 0.36430805921554565]","[0.6356919407844543, 0.36430805921554565]",,,,
5470,155,78.0,78,,mlp,,2064,2784,0,0,2064,2784,0,0,0.0,0.0,True,"[0.7643845677375793, 0.23561541736125946]","[0.7643845677375793, 0.23561541736125946]",,,,
5485,156,15.0,15,71.77555084228516,mlp,,2124,2861,0,0,2124,2861,0,0,0.0,0.0,True,"[0.7929823398590088, 0.207017719745636]","[0.7929823398590088, 0.207017719745636]",,,,
5529,157,44.0,44,,mlp,,2124,2861,0,0,2124,2861,0,0,0.0,0.0,True,"[0.6561834812164307, 0.3438165485858917]","[0.6561834812164307, 0.3438165485858917]",,,,
5580,158,51.0,51,,mlp,,2124,2861,0,0,2124,2861,0,0,0.0,0.0,True,"[0.6211140751838684, 0.3788858950138092]","[0.6211140751838684, 0.3788858950138092]",,,,
5610,159,30.0,30,,mlp,,2124,2861,0,0,2124,2861,0,0,0.0,0.0,True,"[0.2474396675825119, 0.7525603175163269]","[0.2474396675825119, 0.7525603175163269]",,,,
5648,160,38.0,38,46.064308166503906,mlp,,2169,2979,0,0,2169,2979,0,0,0.0,0.0,True,"[0.36114662885665894, 0.6388533711433411]","[0.36114662885665894, 0.6388533711433411]",,,,
5676,161,28.0,28,,mlp,,2169,2979,0,0,2169,2979,0,0,0.0,0.0,True,"[0.6254520416259766, 0.37454792857170105]","[0.6254520416259766, 0.37454792857170105]",,,,
5697,162,21.0,21,,mlp,,2169,2979,0,0,2169,2979,0,0,0.0,0.0,True,"[0.9129077792167664, 0.08709224313497543]","[0.9129077792167664, 0.08709224313497543]",,,,
5712,163,15.0,15,,mlp,,2169,2979,0,0,2169,2979,0,0,0.0,0.0,True,"[0.7989264130592346, 0.20107361674308777]","[0.7989264130592346, 0.20107361674308777]",,,,
5788,164,76.0,76,53.94354248046875,mlp,,2198,3090,0,0,2198,3090,0,0,0.0,0.0,True,"[0.5621705055236816, 0.43782946467399597]","[0.5621705055236816, 0.43782946467399597]",,,,
5826,165,38.0,38,,mlp,,2198,3090,0,0,2198,3090,0,0,0.0,0.0,True,"[0.7196686863899231, 0.2803313136100769]","[0.7196686863899231, 0.2803313136100769]",,,,
5906,166,80.0,80,,mlp,,2198,3090,0,0,2198,3090,0,0,0.0,0.0,True,"[0.653823733329773, 0.34617629647254944]","[0.653823733329773, 0.34617629647254944]",,,,
5938,167,32.0,32,,mlp,,2198,3090,0,0,2198,3090,0,0,0.0,0.0,True,"[0.294974148273468, 0.705025851726532]","[0.294974148273468, 0.705025851726532]",,,,
6020,168,82.0,82,64.55313110351562,mlp,,2250,3270,0,0,2250,3270,0,0,0.0,0.0,True,"[0.8624653816223145, 0.13753464818000793]","[0.8624653816223145, 0.13753464818000793]",,,,
6078,169,58.0,58,,mlp,,2250,3270,0,0,2250,3270,0,0,0.0,0.0,True,"[0.3244844973087311, 0.6755154728889465]","[0.3244844973087311, 0.6755154728889465]",,,,
6118,170,40.0,40,,mlp,,2250,3270,0,0,2250,3270,0,0,0.0,0.0,True,"[0.16193850338459015, 0.8380614519119263]","[0.16193850338459015, 0.8380614519119263]",,,,
6138,171,20.0,20,,mlp,,2250,3270,0,0,2250,3270,0,0,0.0,0.0,True,"[0.3811408579349518, 0.6188591718673706]","[0.3811408579349518, 0.6188591718673706]",,,,
6171,172,33.0,33,59.23268508911133,mlp,,2283,3388,0,0,2283,3388,0,0,0.0,0.0,True,"[0.6457496881484985, 0.35425031185150146]","[0.6457496881484985, 0.35425031185150146]",,,,
6201,173,30.0,30,,mlp,,2283,3388,0,0,2283,3388,0,0,0.0,0.0,True,"[0.5571992993354797, 0.44280073046684265]","[0.5571992993354797, 0.44280073046684265]",,,,
6226,174,25.0,25,,mlp,,2283,3388,0,0,2283,3388,0,0,0.0,0.0,True,"[0.8466591835021973, 0.15334078669548035]","[0.8466591835021973, 0.15334078669548035]",,,,
6237,175,11.0,11,,mlp,,2283,3388,0,0,2283,3388,0,0,0.0,0.0,True,"[0.8884021639823914, 0.11159777641296387]","[0.8884021639823914, 0.11159777641296387]",,,,
6329,176,92.0,92,95.62452697753906,mlp,,2333,3496,0,0,2333,3496,0,0,0.0,0.0,True,"[0.32598838210105896, 0.6740115880966187]","[0.32598838210105896, 0.6740115880966187]",,,,
6382,177,53.0,53,,mlp,,2333,3496,0,0,2333,3496,0,0,0.0,0.0,True,"[0.6408077478408813, 0.3591921925544739]","[0.6408077478408813, 0.3591921925544739]",,,,
6517,178,135.0,135,,mlp,,2333,3496,0,0,2333,3496,0,0,0.0,0.0,True,"[0.2684337794780731, 0.7315662503242493]","[0.2684337794780731, 0.7315662503242493]",,,,
6577,179,60.0,60,,mlp,,2333,3496,0,0,2333,3496,0,0,0.0,0.0,True,"[0.24595634639263153, 0.754043698310852]","[0.24595634639263153, 0.754043698310852]",,,,
6642,180,65.0,65,88.19734191894531,mlp,,2383,3759,0,0,2383,3759,0,0,0.0,0.0,True,"[0.22635628283023834, 0.7736437320709229]","[0.22635628283023834, 0.7736437320709229]",,,,
6727,181,85.0,85,,mlp,,2383,3759,0,0,2383,3759,0,0,0.0,0.0,True,"[0.29128924012184143, 0.7087107300758362]","[0.29128924012184143, 0.7087107300758362]",,,,
6848,182,121.0,121,,mlp,,2383,3759,0,0,2383,3759,0,0,0.0,0.0,True,"[0.5370293855667114, 0.4629706144332886]","[0.5370293855667114, 0.4629706144332886]",,,,
6891,183,43.0,43,,mlp,,2383,3759,0,0,2383,3759,0,0,0.0,0.0,True,"[0.25394919514656067, 0.7460507154464722]","[0.25394919514656067, 0.7460507154464722]",,,,
6961,184,70.0,70,68.35472106933594,mlp,,2419,4042,0,0,2419,4042,0,0,0.0,0.0,True,"[0.46775248646736145, 0.5322475433349609]","[0.46775248646736145, 0.5322475433349609]",,,,
7050,185,89.0,89,,mlp,,2419,4042,0,0,2419,4042,0,0,0.0,0.0,True,"[0.6514680981636047, 0.34853196144104004]","[0.6514680981636047, 0.34853196144104004]",,,,
7069,186,19.0,19,,mlp,,2419,4042,0,0,2419,4042,0,0,0.0,0.0,True,"[0.2919553816318512, 0.7080445885658264]","[0.2919553816318512, 0.7080445885658264]",,,,
7123,187,54.0,54,,mlp,,2419,4042,0,0,2419,4042,0,0,0.0,0.0,True,"[0.266803115606308, 0.7331968545913696]","[0.266803115606308, 0.7331968545913696]",,,,
7154,188,31.0,31,53.04509353637695,mlp,,2465,4189,0,0,2465,4189,0,0,0.0,0.0,True,"[0.6309965252876282, 0.3690034747123718]","[0.6309965252876282, 0.3690034747123718]",,,,
7259,189,105.0,105,,mlp,,2465,4189,0,0,2465,4189,0,0,0.0,0.0,True,"[0.7682429552078247, 0.23175695538520813]","[0.7682429552078247, 0.23175695538520813]",,,,
7343,190,84.0,84,,mlp,,2465,4189,0,0,2465,4189,0,0,0.0,0.0,True,"[0.8126965761184692, 0.18730342388153076]","[0.8126965761184692, 0.18730342388153076]",,,,
7368,191,25.0,25,,mlp,,2465,4189,0,0,2465,4189,0,0,0.0,0.0,True,"[0.8659676909446716, 0.13403233885765076]","[0.8659676909446716, 0.13403233885765076]",,,,
7426,192,58.0,58,72.95419311523438,mlp,,2493,4433,0,0,2493,4433,0,0,0.0,0.0,True,"[0.7779693007469177, 0.22203072905540466]","[0.7779693007469177, 0.22203072905540466]",,,,
7467,193,41.0,41,,mlp,,2493,4433,0,0,2493,4433,0,0,0.0,0.0,True,"[0.20215296745300293, 0.7978469729423523]","[0.20215296745300293, 0.7978469729423523]",,,,
7487,194,20.0,20,,mlp,,2493,4433,0,0,2493,4433,0,0,0.0,0.0,True,"[0.15096509456634521, 0.84903484582901]","[0.15096509456634521, 0.84903484582901]",,,,
7540,195,53.0,53,,mlp,,2493,4433,0,0,2493,4433,0,0,0.0,0.0,True,"[0.7705639600753784, 0.22943605482578278]","[0.7705639600753784, 0.22943605482578278]",,,,
7603,196,63.0,63,59.467079162597656,mlp,,2547,4556,0,0,2547,4556,0,0,0.0,0.0,True,"[0.12174615263938904, 0.8782538175582886]","[0.12174615263938904, 0.8782538175582886]",,,,
7637,197,34.0,34,,mlp,,2547,4556,0,0,2547,4556,0,0,0.0,0.0,True,"[0.8116114139556885, 0.18838855624198914]","[0.8116114139556885, 0.18838855624198914]",,,,
7679,198,42.0,42,,mlp,,2547,4556,0,0,2547,4556,0,0,0.0,0.0,True,"[0.661882758140564, 0.3381173014640808]","[0.661882758140564, 0.3381173014640808]",,,,
7719,199,40.0,40,,mlp,,2547,4556,0,0,2547,4556,0,0,0.0,0.0,True,"[0.20384550094604492, 0.7961544990539551]","[0.20384550094604492, 0.7961544990539551]",,,,
7738,200,19.0,19,30.93328094482422,mlp,,2591,4647,0,0,2591,4647,0,0,0.0,0.0,True,"[0.7967162132263184, 0.20328380167484283]","[0.7967162132263184, 0.20328380167484283]",,,,
7773,201,35.0,35,,mlp,,2591,4647,0,0,2591,4647,0,0,0.0,0.0,True,"[0.2392624318599701, 0.7607375979423523]","[0.2392624318599701, 0.7607375979423523]",,,,
7840,202,67.0,67,,mlp,,2591,4647,0,0,2591,4647,0,0,0.0,0.0,True,"[0.8132265210151672, 0.18677350878715515]","[0.8132265210151672, 0.18677350878715515]",,,,
7873,203,33.0,33,,mlp,,2591,4647,0,0,2591,4647,0,0,0.0,0.0,True,"[0.4614032208919525, 0.5385968089103699]","[0.4614032208919525, 0.5385968089103699]",,,,
7903,204,30.0,30,43.93982696533203,mlp,,2653,4750,0,0,2653,4750,0,0,0.0,0.0,True,"[0.19144439697265625, 0.8085556626319885]","[0.19144439697265625, 0.8085556626319885]",,,,
7984,205,81.0,81,,mlp,,2653,4750,0,0,2653,4750,0,0,0.0,0.0,True,"[0.7655525803565979, 0.23444749414920807]","[0.7655525803565979, 0.23444749414920807]",,,,
8086,206,102.0,102,,mlp,,2653,4750,0,0,2653,4750,0,0,0.0,0.0,True,"[0.8031220436096191, 0.19687794148921967]","[0.8031220436096191, 0.19687794148921967]",,,,
8148,207,62.0,62,,mlp,,2653,4750,0,0,2653,4750,0,0,0.0,0.0,True,"[0.8880570530891418, 0.11194297671318054]","[0.8880570530891418, 0.11194297671318054]",,,,
8188,208,40.0,40,50.46452331542969,mlp,,2680,5008,0,0,2680,5008,0,0,0.0,0.0,True,"[0.7996329665184021, 0.2003670334815979]","[0.7996329665184021, 0.2003670334815979]",,,,
8222,209,34.0,34,,mlp,,2680,5008,0,0,2680,5008,0,0,0.0,0.0,True,"[0.19051779806613922, 0.8094822764396667]","[0.19051779806613922, 0.8094822764396667]",,,,
8270,210,48.0,48,,mlp,,2680,5008,0,0,2680,5008,0,0,0.0,0.0,True,"[0.8306581974029541, 0.16934175789356232]","[0.8306581974029541, 0.16934175789356232]",,,,
8284,211,14.0,14,,mlp,,2680,5008,0,0,2680,5008,0,0,0.0,0.0,True,"[0.8332635760307312, 0.16673636436462402]","[0.8332635760307312, 0.16673636436462402]",,,,
8316,212,32.0,32,39.77534484863281,mlp,,2744,5072,0,0,2744,5072,0,0,0.0,0.0,True,"[0.21141649782657623, 0.7885834574699402]","[0.21141649782657623, 0.7885834574699402]",,,,
8366,213,50.0,50,,mlp,,2744,5072,0,0,2744,5072,0,0,0.0,0.0,True,"[0.3970184922218323, 0.6029815673828125]","[0.3970184922218323, 0.6029815673828125]",,,,
8447,214,81.0,81,,mlp,,2744,5072,0,0,2744,5072,0,0,0.0,0.0,True,"[0.2890152633190155, 0.7109847068786621]","[0.2890152633190155, 0.7109847068786621]",,,,
8595,215,148.0,148,,mlp,,2744,5072,0,0,2744,5072,0,0,0.0,0.0,True,"[0.757237434387207, 0.24276262521743774]","[0.757237434387207, 0.24276262521743774]",,,,
8688,216,93.0,93,68.89351654052734,mlp,,2788,5400,0,0,2788,5400,0,0,0.0,0.0,True,"[0.18952679634094238, 0.8104731440544128]","[0.18952679634094238, 0.8104731440544128]",,,,
8719,217,31.0,31,,mlp,,2788,5400,0,0,2788,5400,0,0,0.0,0.0,True,"[0.3486790359020233, 0.6513209342956543]","[0.3486790359020233, 0.6513209342956543]",,,,
8752,218,33.0,33,,mlp,,2788,5400,0,0,2788,5400,0,0,0.0,0.0,True,"[0.5146843194961548, 0.4853156507015228]","[0.5146843194961548, 0.4853156507015228]",,,,
8812,219,60.0,60,,mlp,,2788,5400,0,0,2788,5400,0,0,0.0,0.0,True,"[0.29458463191986084, 0.7054153680801392]","[0.29458463191986084, 0.7054153680801392]",,,,
8879,220,67.0,67,32.94441604614258,mlp,,2831,5548,0,0,2831,5548,0,0,0.0,0.0,True,"[0.17612124979496002, 0.8238787055015564]","[0.17612124979496002, 0.8238787055015564]",,,,
8920,221,41.0,41,,mlp,,2831,5548,0,0,2831,5548,0,0,0.0,0.0,True,"[0.2995339632034302, 0.7004660964012146]","[0.2995339632034302, 0.7004660964012146]",,,,
8987,222,67.0,67,,mlp,,2831,5548,0,0,2831,5548,0,0,0.0,0.0,True,"[0.7950671315193176, 0.2049328237771988]","[0.7950671315193176, 0.2049328237771988]",,,,
9010,223,23.0,23,,mlp,,2831,5548,0,0,2831,5548,0,0,0.0,0.0,True,"[0.20844928920269012, 0.7915507555007935]","[0.20844928920269012, 0.7915507555007935]",,,,
9095,224,85.0,85,59.236305236816406,mlp,,2871,5724,0,0,2871,5724,0,0,0.0,0.0,True,"[0.7793174982070923, 0.22068250179290771]","[0.7793174982070923, 0.22068250179290771]",,,,
9118,225,23.0,23,,mlp,,2871,5724,0,0,2871,5724,0,0,0.0,0.0,True,"[0.44874200224876404, 0.5512580275535583]","[0.44874200224876404, 0.5512580275535583]",,,,
9211,226,93.0,93,,mlp,,2871,5724,0,0,2871,5724,0,0,0.0,0.0,True,"[0.7156158685684204, 0.28438419103622437]","[0.7156158685684204, 0.28438419103622437]",,,,
9272,227,61.0,61,,mlp,,2871,5724,0,0,2871,5724,0,0,0.0,0.0,True,"[0.4859105050563812, 0.5140894055366516]","[0.4859105050563812, 0.5140894055366516]",,,,
9310,228,38.0,38,70.63172912597656,mlp,,2917,5893,0,0,2917,5893,0,0,0.0,0.0,True,"[0.3134686350822449, 0.6865313053131104]","[0.3134686350822449, 0.6865313053131104]",,,,
9420,229,110.0,110,,mlp,,2917,5893,0,0,2917,5893,0,0,0.0,0.0,True,"[0.35997533798217773, 0.6400246620178223]","[0.35997533798217773, 0.6400246620178223]",,,,
9582,230,162.0,162,,mlp,,2917,5893,0,0,2917,5893,0,0,0.0,0.0,True,"[0.45214882493019104, 0.5478512048721313]","[0.45214882493019104, 0.5478512048721313]",,,,
9662,231,80.0,80,,mlp,,2917,5893,0,0,2917,5893,0,0,0.0,0.0,True,"[0.1614002138376236, 0.8385998010635376]","[0.1614002138376236, 0.8385998010635376]",,,,
9787,232,125.0,125,76.1001968383789,mlp,,2977,6310,0,0,2977,6310,0,0,0.0,0.0,True,"[0.1310495138168335, 0.8689504861831665]","[0.1310495138168335, 0.8689504861831665]",,,,
9835,233,48.0,48,,mlp,,2977,6310,0,0,2977,6310,0,0,0.0,0.0,True,"[0.28022393584251404, 0.7197760939598083]","[0.28022393584251404, 0.7197760939598083]",,,,
9910,234,75.0,75,,mlp,,2977,6310,0,0,2977,6310,0,0,0.0,0.0,True,"[0.8376639485359192, 0.1623360812664032]","[0.8376639485359192, 0.1623360812664032]",,,,
9929,235,19.0,19,,mlp,,2977,6310,0,0,2977,6310,0,0,0.0,0.0,True,"[0.13526977598667145, 0.8647302389144897]","[0.13526977598667145, 0.8647302389144897]",,,,
10044,236,115.0,115,56.6701545715332,mlp,,3006,6538,0,0,3006,6538,0,0,0.0,0.0,True,"[0.2290618121623993, 0.7709382176399231]","[0.2290618121623993, 0.7709382176399231]",,,,
10164,237,120.0,120,,mlp,,3006,6538,0,0,3006,6538,0,0,0.0,0.0,True,"[0.47708195447921753, 0.5229180455207825]","[0.47708195447921753, 0.5229180455207825]",,,,
10205,238,41.0,41,,mlp,,3006,6538,0,0,3006,6538,0,0,0.0,0.0,True,"[0.20754100382328033, 0.7924590110778809]","[0.20754100382328033, 0.7924590110778809]",,,,
10290,239,85.0,85,,mlp,,3006,6538,0,0,3006,6538,0,0,0.0,0.0,True,"[0.374184250831604, 0.625815749168396]","[0.374184250831604, 0.625815749168396]",,,,
10319,240,29.0,29,60.81973648071289,mlp,,3066,6753,0,0,3066,6753,0,0,0.0,0.0,True,"[0.37158945202827454, 0.6284106373786926]","[0.37158945202827454, 0.6284106373786926]",,,,
10367,241,48.0,48,,mlp,,3066,6753,0,0,3066,6753,0,0,0.0,0.0,True,"[0.24887415766716003, 0.7511258721351624]","[0.24887415766716003, 0.7511258721351624]",,,,
10432,242,65.0,65,,mlp,,3066,6753,0,0,3066,6753,0,0,0.0,0.0,True,"[0.33070099353790283, 0.6692990660667419]","[0.33070099353790283, 0.6692990660667419]",,,,
10540,243,108.0,108,,mlp,,3066,6753,0,0,3066,6753,0,0,0.0,0.0,True,"[0.1786660999059677, 0.8213339447975159]","[0.1786660999059677, 0.8213339447975159]",,,,
10588,244,48.0,48,45.23018264770508,mlp,,3120,6968,0,0,3120,6968,0,0,0.0,0.0,True,"[0.9342945218086243, 0.06570548564195633]","[0.9342945218086243, 0.06570548564195633]",,,,
10767,245,179.0,179,,mlp,,3120,6968,0,0,3120,6968,0,0,0.0,0.0,True,"[0.7151665687561035, 0.2848334014415741]","[0.7151665687561035, 0.2848334014415741]",,,,
10841,246,74.0,74,,mlp,,3120,6968,0,0,3120,6968,0,0,0.0,0.0,True,"[0.3851555287837982, 0.6148444414138794]","[0.3851555287837982, 0.6148444414138794]",,,,
10893,247,52.0,52,,mlp,,3120,6968,0,0,3120,6968,0,0,0.0,0.0,True,"[0.7647258043289185, 0.23527418076992035]","[0.7647258043289185, 0.23527418076992035]",,,,
10929,248,36.0,36,85.58151245117188,mlp,,3171,7258,0,0,3171,7258,0,0,0.0,0.0,True,"[0.8908727169036865, 0.10912733525037766]","[0.8908727169036865, 0.10912733525037766]",,,,
10979,249,50.0,50,,mlp,,3171,7258,0,0,3171,7258,0,0,0.0,0.0,True,"[0.14999759197235107, 0.8500023484230042]","[0.14999759197235107, 0.8500023484230042]",,,,
11105,250,126.0,126,,mlp,,3171,7258,0,0,3171,7258,0,0,0.0,0.0,True,"[0.7576907277107239, 0.24230921268463135]","[0.7576907277107239, 0.24230921268463135]",,,,
11149,251,44.0,44,,mlp,,3171,7258,0,0,3171,7258,0,0,0.0,0.0,True,"[0.12765593826770782, 0.8723440766334534]","[0.12765593826770782, 0.8723440766334534]",,,,
11262,252,113.0,113,75.69861602783203,mlp,,3222,7540,0,0,3222,7540,0,0,0.0,0.0,True,"[0.20750832557678223, 0.792491614818573]","[0.20750832557678223, 0.792491614818573]",,,,
11331,253,69.0,69,,mlp,,3222,7540,0,0,3222,7540,0,0,0.0,0.0,True,"[0.902532696723938, 0.0974673479795456]","[0.902532696723938, 0.0974673479795456]",,,,
11528,254,197.0,197,,mlp,,3222,7540,0,0,3222,7540,0,0,0.0,0.0,True,"[0.8119781613349915, 0.18802182376384735]","[0.8119781613349915, 0.18802182376384735]",,,,
11596,255,68.0,68,,mlp,,3222,7540,0,0,3222,7540,0,0,0.0,0.0,True,"[0.9390137791633606, 0.060986243188381195]","[0.9390137791633606, 0.060986243188381195]",,,,
11656,256,60.0,60,81.79269409179688,mlp,,3630,7540,0,0,3630,7540,0,0,0.0,0.0,True,"[0.7049256563186646, 0.29507437348365784]","[0.7049256563186646, 0.29507437348365784]",,,,
11697,257,41.0,41,,mlp,,3630,7540,0,0,3630,7540,0,0,0.0,0.0,True,"[0.16577866673469543, 0.834221363067627]","[0.16577866673469543, 0.834221363067627]",,,,
11766,258,69.0,69,,mlp,,3630,7540,0,0,3630,7540,0,0,0.0,0.0,True,"[0.18426580727100372, 0.8157342672348022]","[0.18426580727100372, 0.8157342672348022]",,,,
11792,259,26.0,26,,mlp,,3630,7540,0,0,3630,7540,0,0,0.0,0.0,True,"[0.4139707684516907, 0.5860292315483093]","[0.4139707684516907, 0.5860292315483093]",,,,
11828,260,36.0,36,56.44565963745117,mlp,,3656,7672,0,0,3656,7672,0,0,0.0,0.0,True,"[0.8854866027832031, 0.1145133301615715]","[0.8854866027832031, 0.1145133301615715]",,,,
12065,261,237.0,237,,mlp,,3656,7672,0,0,3656,7672,0,0,0.0,0.0,True,"[0.23717454075813293, 0.7628254294395447]","[0.23717454075813293, 0.7628254294395447]",,,,
12388,262,323.0,323,,mlp,,3656,7672,0,0,3656,7672,0,0,0.0,0.0,True,"[0.8758445382118225, 0.12415546178817749]","[0.8758445382118225, 0.12415546178817749]",,,,
12430,263,42.0,42,,mlp,,3656,7672,0,0,3656,7672,0,0,0.0,0.0,True,"[0.19045141339302063, 0.809548556804657]","[0.19045141339302063, 0.809548556804657]",,,,
12487,264,57.0,57,104.65805053710938,mlp,,3709,8278,0,0,3709,8278,0,0,0.0,0.0,True,"[0.8002832531929016, 0.19971676170825958]","[0.8002832531929016, 0.19971676170825958]",,,,
12545,265,58.0,58,,mlp,,3709,8278,0,0,3709,8278,0,0,0.0,0.0,True,"[0.12346984446048737, 0.8765302300453186]","[0.12346984446048737, 0.8765302300453186]",,,,
12646,266,101.0,101,,mlp,,3709,8278,0,0,3709,8278,0,0,0.0,0.0,True,"[0.2773439884185791, 0.7226560115814209]","[0.2773439884185791, 0.7226560115814209]",,,,
12815,267,169.0,169,,mlp,,3709,8278,0,0,3709,8278,0,0,0.0,0.0,True,"[0.2003197968006134, 0.799680233001709]","[0.2003197968006134, 0.799680233001709]",,,,
12894,268,79.0,79,71.0887451171875,mlp,,3748,8646,0,0,3748,8646,0,0,0.0,0.0,True,"[0.3359757959842682, 0.6640241742134094]","[0.3359757959842682, 0.6640241742134094]",,,,
12993,269,99.0,99,,mlp,,3748,8646,0,0,3748,8646,0,0,0.0,0.0,True,"[0.547706663608551, 0.45229342579841614]","[0.547706663608551, 0.45229342579841614]",,,,
13029,270,36.0,36,,mlp,,3748,8646,0,0,3748,8646,0,0,0.0,0.0,True,"[0.8148582577705383, 0.18514177203178406]","[0.8148582577705383, 0.18514177203178406]",,,,
13074,271,45.0,45,,mlp,,3748,8646,0,0,3748,8646,0,0,0.0,0.0,True,"[0.8700105547904968, 0.1299894005060196]","[0.8700105547904968, 0.1299894005060196]",,,,
13108,272,34.0,34,56.363624572753906,mlp,,3774,8834,0,0,3774,8834,0,0,0.0,0.0,True,"[0.8121541142463684, 0.18784590065479279]","[0.8121541142463684, 0.18784590065479279]",,,,
13166,273,58.0,58,,mlp,,3774,8834,0,0,3774,8834,0,0,0.0,0.0,True,"[0.8590121865272522, 0.140987828373909]","[0.8590121865272522, 0.140987828373909]",,,,
13204,274,38.0,38,,mlp,,3774,8834,0,0,3774,8834,0,0,0.0,0.0,True,"[0.8634434938430786, 0.1365564912557602]","[0.8634434938430786, 0.1365564912557602]",,,,
13279,275,75.0,75,,mlp,,3774,8834,0,0,3774,8834,0,0,0.0,0.0,True,"[0.7736179828643799, 0.2263820618391037]","[0.7736179828643799, 0.2263820618391037]",,,,
13321,276,42.0,42,26.97913932800293,mlp,,3809,9012,0,0,3809,9012,0,0,0.0,0.0,True,"[0.7932237982749939, 0.2067762017250061]","[0.7932237982749939, 0.2067762017250061]",,,,
13417,277,96.0,96,,mlp,,3809,9012,0,0,3809,9012,0,0,0.0,0.0,True,"[0.12158404290676117, 0.8784159421920776]","[0.12158404290676117, 0.8784159421920776]",,,,
13530,278,113.0,113,,mlp,,3809,9012,0,0,3809,9012,0,0,0.0,0.0,True,"[0.7222868800163269, 0.2777130901813507]","[0.7222868800163269, 0.2777130901813507]",,,,
13660,279,130.0,130,,mlp,,3809,9012,0,0,3809,9012,0,0,0.0,0.0,True,"[0.31634721159935, 0.6836528182029724]","[0.31634721159935, 0.6836528182029724]",,,,
13744,280,84.0,84,81.54469299316406,mlp,,3866,9378,0,0,3866,9378,0,0,0.0,0.0,True,"[0.3380230963230133, 0.6619768738746643]","[0.3380230963230133, 0.6619768738746643]",,,,
13906,281,162.0,162,,mlp,,3866,9378,0,0,3866,9378,0,0,0.0,0.0,True,"[0.1588248610496521, 0.8411751389503479]","[0.1588248610496521, 0.8411751389503479]",,,,
14015,282,109.0,109,,mlp,,3866,9378,0,0,3866,9378,0,0,0.0,0.0,True,"[0.3769194483757019, 0.6230805516242981]","[0.3769194483757019, 0.6230805516242981]",,,,
14408,283,393.0,393,,mlp,,3866,9378,0,0,3866,9378,0,0,0.0,0.0,True,"[0.606494128704071, 0.39350593090057373]","[0.606494128704071, 0.39350593090057373]",,,,
14489,284,81.0,81,133.7201690673828,mlp,,3902,10087,0,0,3902,10087,0,0,0.0,0.0,True,"[0.23363429307937622, 0.766365647315979]","[0.23363429307937622, 0.766365647315979]",,,,
14505,285,16.0,16,,mlp,,3902,10087,0,0,3902,10087,0,0,0.0,0.0,True,"[0.9218543171882629, 0.07814570516347885]","[0.9218543171882629, 0.07814570516347885]",,,,
14572,286,67.0,67,,mlp,,3902,10087,0,0,3902,10087,0,0,0.0,0.0,True,"[0.8175017833709717, 0.1824982613325119]","[0.8175017833709717, 0.1824982613325119]",,,,
14632,287,60.0,60,,mlp,,3902,10087,0,0,3902,10087,0,0,0.0,0.0,True,"[0.9356968998908997, 0.06430303305387497]","[0.9356968998908997, 0.06430303305387497]",,,,
14687,288,55.0,55,47.47563552856445,mlp,,3912,10275,0,0,3912,10275,0,0,0.0,0.0,True,"[0.6329068541526794, 0.36709317564964294]","[0.6329068541526794, 0.36709317564964294]",,,,
14787,289,100.0,100,,mlp,,3912,10275,0,0,3912,10275,0,0,0.0,0.0,True,"[0.9224396347999573, 0.07756032049655914]","[0.9224396347999573, 0.07756032049655914]",,,,
14822,290,35.0,35,,mlp,,3912,10275,0,0,3912,10275,0,0,0.0,0.0,True,"[0.7738788723945618, 0.22612108290195465]","[0.7738788723945618, 0.22612108290195465]",,,,
14941,291,119.0,119,,mlp,,3912,10275,0,0,3912,10275,0,0,0.0,0.0,True,"[0.1799231916666031, 0.8200768828392029]","[0.1799231916666031, 0.8200768828392029]",,,,
14998,292,57.0,57,53.76632308959961,mlp,,3946,10552,0,0,3946,10552,0,0,0.0,0.0,True,"[0.6927183270454407, 0.3072817027568817]","[0.6927183270454407, 0.3072817027568817]",,,,
15176,293,178.0,178,,mlp,,3946,10552,0,0,3946,10552,0,0,0.0,0.0,True,"[0.4590838849544525, 0.5409160852432251]","[0.4590838849544525, 0.5409160852432251]",,,,
15249,294,73.0,73,,mlp,,3946,10552,0,0,3946,10552,0,0,0.0,0.0,True,"[0.8339889645576477, 0.16601097583770752]","[0.8339889645576477, 0.16601097583770752]",,,,
15411,295,162.0,162,,mlp,,3946,10552,0,0,3946,10552,0,0,0.0,0.0,True,"[0.3507574498653412, 0.649242639541626]","[0.3507574498653412, 0.649242639541626]",,,,
15512,296,101.0,101,90.72551727294922,mlp,,3980,11032,0,0,3980,11032,0,0,0.0,0.0,True,"[0.8979817628860474, 0.10201822221279144]","[0.8979817628860474, 0.10201822221279144]",,,,
15553,297,41.0,41,,mlp,,3980,11032,0,0,3980,11032,0,0,0.0,0.0,True,"[0.36330458521842957, 0.6366954445838928]","[0.36330458521842957, 0.6366954445838928]",,,,
15581,298,28.0,28,,mlp,,3980,11032,0,0,3980,11032,0,0,0.0,0.0,True,"[0.1334884762763977, 0.8665115237236023]","[0.1334884762763977, 0.8665115237236023]",,,,
15673,299,92.0,92,,mlp,,3980,11032,0,0,3980,11032,0,0,0.0,0.0,True,"[0.82747483253479, 0.17252521216869354]","[0.82747483253479, 0.17252521216869354]",,,,
15776,300,103.0,103,69.18208312988281,mlp,,3999,11277,0,0,3999,11277,0,0,0.0,0.0,True,"[0.13567472994327545, 0.8643252849578857]","[0.13567472994327545, 0.8643252849578857]",,,,
16276,301,500.0,500,,mlp,,3999,11277,0,0,3999,11277,0,0,0.0,0.0,True,"[0.6522861123085022, 0.3477138578891754]","[0.6522861123085022, 0.3477138578891754]",,,,
16585,302,309.0,309,,mlp,,3999,11277,0,0,3999,11277,0,0,0.0,0.0,True,"[0.6020531058311462, 0.39794695377349854]","[0.6020531058311462, 0.39794695377349854]",,,,
16706,303,121.0,121,,mlp,,3999,11277,0,0,3999,11277,0,0,0.0,0.0,True,"[0.21471314132213593, 0.7852867841720581]","[0.21471314132213593, 0.7852867841720581]",,,,
16868,304,162.0,162,116.49370574951172,mlp,,4046,12322,0,0,4046,12322,0,0,0.0,0.0,True,"[0.8706845641136169, 0.12931537628173828]","[0.8706845641136169, 0.12931537628173828]",,,,
17002,305,134.0,134,,mlp,,4046,12322,0,0,4046,12322,0,0,0.0,0.0,True,"[0.8391306400299072, 0.16086937487125397]","[0.8391306400299072, 0.16086937487125397]",,,,
17199,306,197.0,197,,mlp,,4046,12322,0,0,4046,12322,0,0,0.0,0.0,True,"[0.4714609682559967, 0.5285390615463257]","[0.4714609682559967, 0.5285390615463257]",,,,
17269,307,70.0,70,,mlp,,4046,12322,0,0,4046,12322,0,0,0.0,0.0,True,"[0.8467832803726196, 0.15321668982505798]","[0.8467832803726196, 0.15321668982505798]",,,,
17349,308,80.0,80,87.17617797851562,mlp,,4086,12763,0,0,4086,12763,0,0,0.0,0.0,True,"[0.8757116198539734, 0.1242884024977684]","[0.8757116198539734, 0.1242884024977684]",,,,
17519,309,170.0,170,,mlp,,4086,12763,0,0,4086,12763,0,0,0.0,0.0,True,"[0.6389340162277222, 0.3610660135746002]","[0.6389340162277222, 0.3610660135746002]",,,,
17563,310,44.0,44,,mlp,,4086,12763,0,0,4086,12763,0,0,0.0,0.0,True,"[0.10319674015045166, 0.8968032598495483]","[0.10319674015045166, 0.8968032598495483]",,,,
17629,311,66.0,66,,mlp,,4086,12763,0,0,4086,12763,0,0,0.0,0.0,True,"[0.13774606585502625, 0.8622539043426514]","[0.13774606585502625, 0.8622539043426514]",,,,
17723,312,94.0,94,82.2958984375,mlp,,4098,13125,0,0,4098,13125,0,0,0.0,0.0,True,"[0.22181904315948486, 0.7781809568405151]","[0.22181904315948486, 0.7781809568405151]",,,,
17971,313,248.0,248,,mlp,,4098,13125,0,0,4098,13125,0,0,0.0,0.0,True,"[0.9089474678039551, 0.09105256199836731]","[0.9089474678039551, 0.09105256199836731]",,,,
18121,314,150.0,150,,mlp,,4098,13125,0,0,4098,13125,0,0,0.0,0.0,True,"[0.28375044465065, 0.7162495255470276]","[0.28375044465065, 0.7162495255470276]",,,,
18163,315,42.0,42,,mlp,,4098,13125,0,0,4098,13125,0,0,0.0,0.0,True,"[0.2912411391735077, 0.7087588906288147]","[0.2912411391735077, 0.7087588906288147]",,,,
18410,316,247.0,247,118.51481628417969,mlp,,4136,13774,0,0,4136,13774,0,0,0.0,0.0,True,"[0.20631511509418488, 0.7936848998069763]","[0.20631511509418488, 0.7936848998069763]",,,,
18546,317,136.0,136,,mlp,,4136,13774,0,0,4136,13774,0,0,0.0,0.0,True,"[0.1515830010175705, 0.8484170436859131]","[0.1515830010175705, 0.8484170436859131]",,,,
18681,318,135.0,135,,mlp,,4136,13774,0,0,4136,13774,0,0,0.0,0.0,True,"[0.4160495400428772, 0.5839504599571228]","[0.4160495400428772, 0.5839504599571228]",,,,
18771,319,90.0,90,,mlp,,4136,13774,0,0,4136,13774,0,0,0.0,0.0,True,"[0.0754091814160347, 0.9245908260345459]","[0.0754091814160347, 0.9245908260345459]",,,,
18895,320,124.0,124,94.44780731201172,mlp,,4171,14224,0,0,4171,14224,0,0,0.0,0.0,True,"[0.5821709036827087, 0.41782906651496887]","[0.5821709036827087, 0.41782906651496887]",,,,
19029,321,134.0,134,,mlp,,4171,14224,0,0,4171,14224,0,0,0.0,0.0,True,"[0.4167228639125824, 0.5832770466804504]","[0.4167228639125824, 0.5832770466804504]",,,,
19160,322,131.0,131,,mlp,,4171,14224,0,0,4171,14224,0,0,0.0,0.0,True,"[0.09659122675657272, 0.9034088253974915]","[0.09659122675657272, 0.9034088253974915]",,,,
19219,323,59.0,59,,mlp,,4171,14224,0,0,4171,14224,0,0,0.0,0.0,True,"[0.9240801930427551, 0.0759197399020195]","[0.9240801930427551, 0.0759197399020195]",,,,
19331,324,112.0,112,72.46282196044922,mlp,,4205,14626,0,0,4205,14626,0,0,0.0,0.0,True,"[0.6740332245826721, 0.3259667754173279]","[0.6740332245826721, 0.3259667754173279]",,,,
19518,325,187.0,187,,mlp,,4205,14626,0,0,4205,14626,0,0,0.0,0.0,True,"[0.07942412793636322, 0.9205759167671204]","[0.07942412793636322, 0.9205759167671204]",,,,
19615,326,97.0,97,,mlp,,4205,14626,0,0,4205,14626,0,0,0.0,0.0,True,"[0.07513269037008286, 0.9248673319816589]","[0.07513269037008286, 0.9248673319816589]",,,,
19766,327,151.0,151,,mlp,,4205,14626,0,0,4205,14626,0,0,0.0,0.0,True,"[0.04967194423079491, 0.95032799243927]","[0.04967194423079491, 0.95032799243927]",,,,
19819,328,53.0,53,95.97992706298828,mlp,,4225,15094,0,0,4225,15094,0,0,0.0,0.0,True,"[0.26679158210754395, 0.733208417892456]","[0.26679158210754395, 0.733208417892456]",,,,
19960,329,141.0,141,,mlp,,4225,15094,0,0,4225,15094,0,0,0.0,0.0,True,"[0.2634061276912689, 0.7365939021110535]","[0.2634061276912689, 0.7365939021110535]",,,,
20103,330,143.0,143,,mlp,,4225,15094,0,0,4225,15094,0,0,0.0,0.0,True,"[0.72479647397995, 0.27520352602005005]","[0.72479647397995, 0.27520352602005005]",,,,
20219,331,116.0,116,,mlp,,4225,15094,0,0,4225,15094,0,0,0.0,0.0,True,"[0.29667532444000244, 0.7033246755599976]","[0.29667532444000244, 0.7033246755599976]",,,,
20261,332,42.0,42,96.55815887451172,mlp,,4259,15502,0,0,4259,15502,0,0,0.0,0.0,True,"[0.23339536786079407, 0.7666046619415283]","[0.23339536786079407, 0.7666046619415283]",,,,
20276,333,15.0,15,,mlp,,4259,15502,0,0,4259,15502,0,0,0.0,0.0,True,"[0.17966218292713165, 0.8203378319740295]","[0.17966218292713165, 0.8203378319740295]",,,,
20397,334,121.0,121,,mlp,,4259,15502,0,0,4259,15502,0,0,0.0,0.0,True,"[0.5128310322761536, 0.4871690273284912]","[0.5128310322761536, 0.4871690273284912]",,,,
20568,335,171.0,171,,mlp,,4259,15502,0,0,4259,15502,0,0,0.0,0.0,True,"[0.09611044079065323, 0.9038895964622498]","[0.09611044079065323, 0.9038895964622498]",,,,
20782,336,214.0,214,122.95397186279297,mlp,,4290,15992,0,0,4290,15992,0,0,0.0,0.0,True,"[0.27206307649612427, 0.7279369235038757]","[0.27206307649612427, 0.7279369235038757]",,,,
20901,337,119.0,119,,mlp,,4290,15992,0,0,4290,15992,0,0,0.0,0.0,True,"[0.8010078072547913, 0.19899217784404755]","[0.8010078072547913, 0.19899217784404755]",,,,
20964,338,63.0,63,,mlp,,4290,15992,0,0,4290,15992,0,0,0.0,0.0,True,"[0.11453711986541748, 0.8854628801345825]","[0.11453711986541748, 0.8854628801345825]",,,,
21095,339,131.0,131,,mlp,,4290,15992,0,0,4290,15992,0,0,0.0,0.0,True,"[0.18512825667858124, 0.8148717880249023]","[0.18512825667858124, 0.8148717880249023]",,,,
21303,340,208.0,208,99.8145751953125,mlp,,4318,16485,0,0,4318,16485,0,0,0.0,0.0,True,"[0.34833383560180664, 0.6516661643981934]","[0.34833383560180664, 0.6516661643981934]",,,,
21408,341,105.0,105,,mlp,,4318,16485,0,0,4318,16485,0,0,0.0,0.0,True,"[0.6534604430198669, 0.34653952717781067]","[0.6534604430198669, 0.34653952717781067]",,,,
21472,342,64.0,64,,mlp,,4318,16485,0,0,4318,16485,0,0,0.0,0.0,True,"[0.931629478931427, 0.06837046146392822]","[0.931629478931427, 0.06837046146392822]",,,,
21568,343,96.0,96,,mlp,,4318,16485,0,0,4318,16485,0,0,0.0,0.0,True,"[0.8944543600082397, 0.10554561764001846]","[0.8944543600082397, 0.10554561764001846]",,,,
21608,344,40.0,40,90.13741302490234,mlp,,4355,16753,0,0,4355,16753,0,0,0.0,0.0,True,"[0.16643646359443665, 0.833563506603241]","[0.16643646359443665, 0.833563506603241]",,,,
21775,345,167.0,167,,mlp,,4355,16753,0,0,4355,16753,0,0,0.0,0.0,True,"[0.6724647879600525, 0.3275352418422699]","[0.6724647879600525, 0.3275352418422699]",,,,
21955,346,180.0,180,,mlp,,4355,16753,0,0,4355,16753,0,0,0.0,0.0,True,"[0.4966681897640228, 0.5033317804336548]","[0.4966681897640228, 0.5033317804336548]",,,,
22047,347,92.0,92,,mlp,,4355,16753,0,0,4355,16753,0,0,0.0,0.0,True,"[0.9383115172386169, 0.06168850511312485]","[0.9383115172386169, 0.06168850511312485]",,,,
22175,348,128.0,128,101.40635681152344,mlp,,4400,17275,0,0,4400,17275,0,0,0.0,0.0,True,"[0.44520333409309387, 0.5547966361045837]","[0.44520333409309387, 0.5547966361045837]",,,,
22366,349,191.0,191,,mlp,,4400,17275,0,0,4400,17275,0,0,0.0,0.0,True,"[0.7768535614013672, 0.22314634919166565]","[0.7768535614013672, 0.22314634919166565]",,,,
22534,350,168.0,168,,mlp,,4400,17275,0,0,4400,17275,0,0,0.0,0.0,True,"[0.30203530192375183, 0.697964608669281]","[0.30203530192375183, 0.697964608669281]",,,,
22633,351,99.0,99,,mlp,,4400,17275,0,0,4400,17275,0,0,0.0,0.0,True,"[0.8566776514053345, 0.1433224081993103]","[0.8566776514053345, 0.1433224081993103]",,,,
22984,352,351.0,351,112.60336303710938,mlp,,4415,18069,0,0,4415,18069,0,0,0.0,0.0,True,"[0.10407968610525131, 0.8959203362464905]","[0.10407968610525131, 0.8959203362464905]",,,,
23052,353,68.0,68,,mlp,,4415,18069,0,0,4415,18069,0,0,0.0,0.0,True,"[0.20953604578971863, 0.790463924407959]","[0.20953604578971863, 0.790463924407959]",,,,
23067,354,15.0,15,,mlp,,4415,18069,0,0,4415,18069,0,0,0.0,0.0,True,"[0.9432117342948914, 0.05678825452923775]","[0.9432117342948914, 0.05678825452923775]",,,,
23288,355,221.0,221,,mlp,,4415,18069,0,0,4415,18069,0,0,0.0,0.0,True,"[0.48422545194625854, 0.5157745480537415]","[0.48422545194625854, 0.5157745480537415]",,,,
23476,356,188.0,188,107.33206176757812,mlp,,4430,18546,0,0,4430,18546,0,0,0.0,0.0,True,"[0.36126306653022766, 0.6387368440628052]","[0.36126306653022766, 0.6387368440628052]",,,,
23680,357,204.0,204,,mlp,,4430,18546,0,0,4430,18546,0,0,0.0,0.0,True,"[0.3222793936729431, 0.6777206063270569]","[0.3222793936729431, 0.6777206063270569]",,,,
23796,358,116.0,116,,mlp,,4430,18546,0,0,4430,18546,0,0,0.0,0.0,True,"[0.182546466588974, 0.8174535632133484]","[0.182546466588974, 0.8174535632133484]",,,,
23914,359,118.0,118,,mlp,,4430,18546,0,0,4430,18546,0,0,0.0,0.0,True,"[0.7276487946510315, 0.2723512351512909]","[0.7276487946510315, 0.2723512351512909]",,,,
23996,360,82.0,82,110.6630859375,mlp,,4467,19029,0,0,4467,19029,0,0,0.0,0.0,True,"[0.8812455534934998, 0.11875447630882263]","[0.8812455534934998, 0.11875447630882263]",,,,
24252,361,256.0,256,,mlp,,4467,19029,0,0,4467,19029,0,0,0.0,0.0,True,"[0.45135071873664856, 0.5486493110656738]","[0.45135071873664856, 0.5486493110656738]",,,,
24370,362,118.0,118,,mlp,,4467,19029,0,0,4467,19029,0,0,0.0,0.0,True,"[0.3550148606300354, 0.6449851393699646]","[0.3550148606300354, 0.6449851393699646]",,,,
24637,363,267.0,267,,mlp,,4467,19029,0,0,4467,19029,0,0,0.0,0.0,True,"[0.49438631534576416, 0.5056137442588806]","[0.49438631534576416, 0.5056137442588806]",,,,
24749,364,112.0,112,108.22684478759766,mlp,,4485,19764,0,0,4485,19764,0,0,0.0,0.0,True,"[0.7756558060646057, 0.2243441939353943]","[0.7756558060646057, 0.2243441939353943]",,,,
24787,365,38.0,38,,mlp,,4485,19764,0,0,4485,19764,0,0,0.0,0.0,True,"[0.930061399936676, 0.06993856281042099]","[0.930061399936676, 0.06993856281042099]",,,,
24886,366,99.0,99,,mlp,,4485,19764,0,0,4485,19764,0,0,0.0,0.0,True,"[0.7417343854904175, 0.2582656145095825]","[0.7417343854904175, 0.2582656145095825]",,,,
25035,367,149.0,149,,mlp,,4485,19764,0,0,4485,19764,0,0,0.0,0.0,True,"[0.8655765652656555, 0.13442343473434448]","[0.8655765652656555, 0.13442343473434448]",,,,
25260,368,225.0,225,90.63097381591797,mlp,,4528,20232,0,0,4528,20232,0,0,0.0,0.0,True,"[0.5127412676811218, 0.48725876212120056]","[0.5127412676811218, 0.48725876212120056]",,,,
25555,369,295.0,295,,mlp,,4528,20232,0,0,4528,20232,0,0,0.0,0.0,True,"[0.11347310990095139, 0.886526882648468]","[0.11347310990095139, 0.886526882648468]",,,,
25610,370,55.0,55,,mlp,,4528,20232,0,0,4528,20232,0,0,0.0,0.0,True,"[0.05751090496778488, 0.9424890875816345]","[0.05751090496778488, 0.9424890875816345]",,,,
25790,371,180.0,180,,mlp,,4528,20232,0,0,4528,20232,0,0,0.0,0.0,True,"[0.39607614278793335, 0.6039239168167114]","[0.39607614278793335, 0.6039239168167114]",,,,
25918,372,128.0,128,99.68980407714844,mlp,,4538,20880,0,0,4538,20880,0,0,0.0,0.0,True,"[0.2635645270347595, 0.7364354729652405]","[0.2635645270347595, 0.7364354729652405]",,,,
26149,373,231.0,231,,mlp,,4538,20880,0,0,4538,20880,0,0,0.0,0.0,True,"[0.3154422342777252, 0.6845577955245972]","[0.3154422342777252, 0.6845577955245972]",,,,
26376,374,227.0,227,,mlp,,4538,20880,0,0,4538,20880,0,0,0.0,0.0,True,"[0.23403605818748474, 0.7659639120101929]","[0.23403605818748474, 0.7659639120101929]",,,,
26499,375,123.0,123,,mlp,,4538,20880,0,0,4538,20880,0,0,0.0,0.0,True,"[0.8317198157310486, 0.168280228972435]","[0.8317198157310486, 0.168280228972435]",,,,
26571,376,72.0,72,117.33391571044922,mlp,,4566,21505,0,0,4566,21505,0,0,0.0,0.0,True,"[0.14505180716514587, 0.8549481630325317]","[0.14505180716514587, 0.8549481630325317]",,,,
26681,377,110.0,110,,mlp,,4566,21505,0,0,4566,21505,0,0,0.0,0.0,True,"[0.9221883416175842, 0.07781165093183517]","[0.9221883416175842, 0.07781165093183517]",,,,
26886,378,205.0,205,,mlp,,4566,21505,0,0,4566,21505,0,0,0.0,0.0,True,"[0.8016510605812073, 0.19834890961647034]","[0.8016510605812073, 0.19834890961647034]",,,,
27026,379,140.0,140,,mlp,,4566,21505,0,0,4566,21505,0,0,0.0,0.0,True,"[0.43326398730278015, 0.5667359828948975]","[0.43326398730278015, 0.5667359828948975]",,,,
27259,380,233.0,233,111.50202178955078,mlp,,4597,22162,0,0,4597,22162,0,0,0.0,0.0,True,"[0.1312980204820633, 0.8687019944190979]","[0.1312980204820633, 0.8687019944190979]",,,,
27502,381,243.0,243,,mlp,,4597,22162,0,0,4597,22162,0,0,0.0,0.0,True,"[0.9021807312965393, 0.09781934320926666]","[0.9021807312965393, 0.09781934320926666]",,,,
27655,382,153.0,153,,mlp,,4597,22162,0,0,4597,22162,0,0,0.0,0.0,True,"[0.0934203565120697, 0.9065796732902527]","[0.0934203565120697, 0.9065796732902527]",,,,
27818,383,163.0,163,,mlp,,4597,22162,0,0,4597,22162,0,0,0.0,0.0,True,"[0.7423373460769653, 0.2576626241207123]","[0.7423373460769653, 0.2576626241207123]",,,,
27949,384,131.0,131,119.55389404296875,mlp,,4626,22823,0,0,4626,22823,0,0,0.0,0.0,True,"[0.23824597895145416, 0.7617540955543518]","[0.23824597895145416, 0.7617540955543518]",,,,
28135,385,186.0,186,,mlp,,4626,22823,0,0,4626,22823,0,0,0.0,0.0,True,"[0.1404963582754135, 0.8595036864280701]","[0.1404963582754135, 0.8595036864280701]",,,,
28505,386,370.0,370,,mlp,,4626,22823,0,0,4626,22823,0,0,0.0,0.0,True,"[0.10041949898004532, 0.8995804786682129]","[0.10041949898004532, 0.8995804786682129]",,,,
28775,387,270.0,270,,mlp,,4626,22823,0,0,4626,22823,0,0,0.0,0.0,True,"[0.8266395926475525, 0.1733604222536087]","[0.8266395926475525, 0.1733604222536087]",,,,
28972,388,197.0,197,121.73406219482422,mlp,,4649,23823,0,0,4649,23823,0,0,0.0,0.0,True,"[0.8937288522720337, 0.10627114772796631]","[0.8937288522720337, 0.10627114772796631]",,,,
29159,389,187.0,187,,mlp,,4649,23823,0,0,4649,23823,0,0,0.0,0.0,True,"[0.2969430387020111, 0.7030569911003113]","[0.2969430387020111, 0.7030569911003113]",,,,
29348,390,189.0,189,,mlp,,4649,23823,0,0,4649,23823,0,0,0.0,0.0,True,"[0.310404509305954, 0.6895955204963684]","[0.310404509305954, 0.6895955204963684]",,,,
29543,391,195.0,195,,mlp,,4649,23823,0,0,4649,23823,0,0,0.0,0.0,True,"[0.44100692868232727, 0.5589931011199951]","[0.44100692868232727, 0.5589931011199951]",,,,
29714,392,171.0,171,99.43002319335938,mlp,,4669,24545,0,0,4669,24545,0,0,0.0,0.0,True,"[0.06176723912358284, 0.9382327795028687]","[0.06176723912358284, 0.9382327795028687]",,,,
29834,393,120.0,120,,mlp,,4669,24545,0,0,4669,24545,0,0,0.0,0.0,True,"[0.4690800905227661, 0.5309199094772339]","[0.4690800905227661, 0.5309199094772339]",,,,
29934,394,100.0,100,,mlp,,4669,24545,0,0,4669,24545,0,0,0.0,0.0,True,"[0.1930844485759735, 0.8069155812263489]","[0.1930844485759735, 0.8069155812263489]",,,,
30173,395,239.0,239,,mlp,,4669,24545,0,0,4669,24545,0,0,0.0,0.0,True,"[0.7856462597846985, 0.2143537551164627]","[0.7856462597846985, 0.2143537551164627]",,,,
30242,396,69.0,69,114.04234313964844,mlp,,4695,25047,0,0,4695,25047,0,0,0.0,0.0,True,"[0.9095690846443176, 0.09043090045452118]","[0.9095690846443176, 0.09043090045452118]",,,,
30414,397,172.0,172,,mlp,,4695,25047,0,0,4695,25047,0,0,0.0,0.0,True,"[0.11322811990976334, 0.8867718577384949]","[0.11322811990976334, 0.8867718577384949]",,,,
30570,398,156.0,156,,mlp,,4695,25047,0,0,4695,25047,0,0,0.0,0.0,True,"[0.07540327310562134, 0.9245967268943787]","[0.07540327310562134, 0.9245967268943787]",,,,
30631,399,61.0,61,,mlp,,4695,25047,0,0,4695,25047,0,0,0.0,0.0,True,"[0.9047518968582153, 0.09524812549352646]","[0.9047518968582153, 0.09524812549352646]",,,,
30743,400,112.0,112,123.87287139892578,mlp,,4733,25510,0,0,4733,25510,0,0,0.0,0.0,True,"[0.06983217597007751, 0.9301678538322449]","[0.06983217597007751, 0.9301678538322449]",,,,
30863,401,120.0,120,,mlp,,4733,25510,0,0,4733,25510,0,0,0.0,0.0,True,"[0.27388837933540344, 0.726111650466919]","[0.27388837933540344, 0.726111650466919]",,,,
31157,402,294.0,294,,mlp,,4733,25510,0,0,4733,25510,0,0,0.0,0.0,True,"[0.5536963939666748, 0.4463035762310028]","[0.5536963939666748, 0.4463035762310028]",,,,
31360,403,203.0,203,,mlp,,4733,25510,0,0,4733,25510,0,0,0.0,0.0,True,"[0.3388364017009735, 0.6611635684967041]","[0.3388364017009735, 0.6611635684967041]",,,,
31860,404,500.0,500,97.12818145751953,mlp,,4770,26590,0,0,4770,26590,0,0,0.0,0.0,True,"[0.5651108026504517, 0.43488919734954834]","[0.5651108026504517, 0.43488919734954834]",,,,
32003,405,143.0,143,,mlp,,4770,26590,0,0,4770,26590,0,0,0.0,0.0,True,"[0.3412814140319824, 0.6587186455726624]","[0.3412814140319824, 0.6587186455726624]",,,,
32495,406,492.0,492,,mlp,,4770,26590,0,0,4770,26590,0,0,0.0,0.0,True,"[0.3219800293445587, 0.6780199408531189]","[0.3219800293445587, 0.6780199408531189]",,,,
32653,407,158.0,158,,mlp,,4770,26590,0,0,4770,26590,0,0,0.0,0.0,True,"[0.23999714851379395, 0.7600029110908508]","[0.23999714851379395, 0.7600029110908508]",,,,
32833,408,180.0,180,102.43797302246094,mlp,,4810,27523,0,0,4810,27523,0,0,0.0,0.0,True,"[0.13761469721794128, 0.8623852729797363]","[0.13761469721794128, 0.8623852729797363]",,,,
32926,409,93.0,93,,mlp,,4810,27523,0,0,4810,27523,0,0,0.0,0.0,True,"[0.09598029404878616, 0.9040197134017944]","[0.09598029404878616, 0.9040197134017944]",,,,
33117,410,191.0,191,,mlp,,4810,27523,0,0,4810,27523,0,0,0.0,0.0,True,"[0.6515135169029236, 0.34848642349243164]","[0.6515135169029236, 0.34848642349243164]",,,,
33324,411,207.0,207,,mlp,,4810,27523,0,0,4810,27523,0,0,0.0,0.0,True,"[0.27156582474708557, 0.7284342050552368]","[0.27156582474708557, 0.7284342050552368]",,,,
33504,412,180.0,180,90.09149932861328,mlp,,4848,28156,0,0,4848,28156,0,0,0.0,0.0,True,"[0.1418125182390213, 0.8581874966621399]","[0.1418125182390213, 0.8581874966621399]",,,,
33804,413,300.0,300,,mlp,,4848,28156,0,0,4848,28156,0,0,0.0,0.0,True,"[0.10169730335474014, 0.8983027338981628]","[0.10169730335474014, 0.8983027338981628]",,,,
34031,414,227.0,227,,mlp,,4848,28156,0,0,4848,28156,0,0,0.0,0.0,True,"[0.1605646312236786, 0.8394353985786438]","[0.1605646312236786, 0.8394353985786438]",,,,
34121,415,90.0,90,,mlp,,4848,28156,0,0,4848,28156,0,0,0.0,0.0,True,"[0.15506479144096375, 0.8449351787567139]","[0.15506479144096375, 0.8449351787567139]",,,,
34297,416,176.0,176,94.65509796142578,mlp,,4891,28906,0,0,4891,28906,0,0,0.0,0.0,True,"[0.358482301235199, 0.6415177583694458]","[0.358482301235199, 0.6415177583694458]",,,,
34611,417,314.0,314,,mlp,,4891,28906,0,0,4891,28906,0,0,0.0,0.0,True,"[0.5167060494422913, 0.48329392075538635]","[0.5167060494422913, 0.48329392075538635]",,,,
34904,418,293.0,293,,mlp,,4891,28906,0,0,4891,28906,0,0,0.0,0.0,True,"[0.5212886929512024, 0.4787113070487976]","[0.5212886929512024, 0.4787113070487976]",,,,
35100,419,196.0,196,,mlp,,4891,28906,0,0,4891,28906,0,0,0.0,0.0,True,"[0.8079526424407959, 0.1920473724603653]","[0.8079526424407959, 0.1920473724603653]",,,,
35282,420,182.0,182,92.95755767822266,mlp,,4931,29851,0,0,4931,29851,0,0,0.0,0.0,True,"[0.8771352767944336, 0.12286469340324402]","[0.8771352767944336, 0.12286469340324402]",,,,
35378,421,96.0,96,,mlp,,4931,29851,0,0,4931,29851,0,0,0.0,0.0,True,"[0.2026873230934143, 0.7973126769065857]","[0.2026873230934143, 0.7973126769065857]",,,,
35608,422,230.0,230,,mlp,,4931,29851,0,0,4931,29851,0,0,0.0,0.0,True,"[0.6197410821914673, 0.3802589476108551]","[0.6197410821914673, 0.3802589476108551]",,,,
35764,423,156.0,156,,mlp,,4931,29851,0,0,4931,29851,0,0,0.0,0.0,True,"[0.08019094914197922, 0.9198090434074402]","[0.08019094914197922, 0.9198090434074402]",,,,
35890,424,126.0,126,94.62528228759766,mlp,,4967,30423,0,0,4967,30423,0,0,0.0,0.0,True,"[0.8995246291160583, 0.10047538578510284]","[0.8995246291160583, 0.10047538578510284]",,,,
36167,425,277.0,277,,mlp,,4967,30423,0,0,4967,30423,0,0,0.0,0.0,True,"[0.4471123516559601, 0.5528876781463623]","[0.4471123516559601, 0.5528876781463623]",,,,
36375,426,208.0,208,,mlp,,4967,30423,0,0,4967,30423,0,0,0.0,0.0,True,"[0.3027409017086029, 0.6972590684890747]","[0.3027409017086029, 0.6972590684890747]",,,,
36559,427,184.0,184,,mlp,,4967,30423,0,0,4967,30423,0,0,0.0,0.0,True,"[0.9173129796981812, 0.08268699795007706]","[0.9173129796981812, 0.08268699795007706]",,,,
36766,428,207.0,207,85.64823150634766,mlp,,4984,31282,0,0,4984,31282,0,0,0.0,0.0,True,"[0.7507498264312744, 0.24925018846988678]","[0.7507498264312744, 0.24925018846988678]",,,,
36959,429,193.0,193,,mlp,,4984,31282,0,0,4984,31282,0,0,0.0,0.0,True,"[0.9125479459762573, 0.08745202422142029]","[0.9125479459762573, 0.08745202422142029]",,,,
37288,430,329.0,329,,mlp,,4984,31282,0,0,4984,31282,0,0,0.0,0.0,True,"[0.7687937617301941, 0.23120619356632233]","[0.7687937617301941, 0.23120619356632233]",,,,
37541,431,253.0,253,,mlp,,4984,31282,0,0,4984,31282,0,0,0.0,0.0,True,"[0.5887726545333862, 0.4112273156642914]","[0.5887726545333862, 0.4112273156642914]",,,,
37730,432,189.0,189,89.58309173583984,mlp,,5025,32205,0,0,5025,32205,0,0,0.0,0.0,True,"[0.5155373215675354, 0.4844626188278198]","[0.5155373215675354, 0.4844626188278198]",,,,
37881,433,151.0,151,,mlp,,5025,32205,0,0,5025,32205,0,0,0.0,0.0,True,"[0.21128857135772705, 0.7887113690376282]","[0.21128857135772705, 0.7887113690376282]",,,,
38128,434,247.0,247,,mlp,,5025,32205,0,0,5025,32205,0,0,0.0,0.0,True,"[0.17696286737918854, 0.8230371475219727]","[0.17696286737918854, 0.8230371475219727]",,,,
38276,435,148.0,148,,mlp,,5025,32205,0,0,5025,32205,0,0,0.0,0.0,True,"[0.08211611956357956, 0.9178839325904846]","[0.08211611956357956, 0.9178839325904846]",,,,
38508,436,232.0,232,78.15872955322266,mlp,,5060,32948,0,0,5060,32948,0,0,0.0,0.0,True,"[0.5444480776786804, 0.4555518627166748]","[0.5444480776786804, 0.4555518627166748]",,,,
38558,437,50.0,50,,mlp,,5060,32948,0,0,5060,32948,0,0,0.0,0.0,True,"[0.9038277864456177, 0.09617219865322113]","[0.9038277864456177, 0.09617219865322113]",,,,
38736,438,178.0,178,,mlp,,5060,32948,0,0,5060,32948,0,0,0.0,0.0,True,"[0.6028562188148499, 0.39714378118515015]","[0.6028562188148499, 0.39714378118515015]",,,,
38962,439,226.0,226,,mlp,,5060,32948,0,0,5060,32948,0,0,0.0,0.0,True,"[0.8956514596939087, 0.10434849560260773]","[0.8956514596939087, 0.10434849560260773]",,,,
39057,440,95.0,95,108.06749725341797,mlp,,5096,33461,0,0,5096,33461,0,0,0.0,0.0,True,"[0.8486934900283813, 0.15130650997161865]","[0.8486934900283813, 0.15130650997161865]",,,,
39233,441,176.0,176,,mlp,,5096,33461,0,0,5096,33461,0,0,0.0,0.0,True,"[0.221385657787323, 0.778614342212677]","[0.221385657787323, 0.778614342212677]",,,,
39369,442,136.0,136,,mlp,,5096,33461,0,0,5096,33461,0,0,0.0,0.0,True,"[0.7761247754096985, 0.2238752692937851]","[0.7761247754096985, 0.2238752692937851]",,,,
39460,443,91.0,91,,mlp,,5096,33461,0,0,5096,33461,0,0,0.0,0.0,True,"[0.836093008518219, 0.16390705108642578]","[0.836093008518219, 0.16390705108642578]",,,,
39603,444,143.0,143,69.62818908691406,mlp,,5125,33978,0,0,5125,33978,0,0,0.0,0.0,True,"[0.8458261489868164, 0.15417379140853882]","[0.8458261489868164, 0.15417379140853882]",,,,
39741,445,138.0,138,,mlp,,5125,33978,0,0,5125,33978,0,0,0.0,0.0,True,"[0.7526947259902954, 0.2473052442073822]","[0.7526947259902954, 0.2473052442073822]",,,,
40051,446,310.0,310,,mlp,,5125,33978,0,0,5125,33978,0,0,0.0,0.0,True,"[0.8713437914848328, 0.12865623831748962]","[0.8713437914848328, 0.12865623831748962]",,,,
40302,447,251.0,251,,mlp,,5125,33978,0,0,5125,33978,0,0,0.0,0.0,True,"[0.2309754490852356, 0.7690245509147644]","[0.2309754490852356, 0.7690245509147644]",,,,
40381,448,79.0,79,111.47026824951172,mlp,,5155,34726,0,0,5155,34726,0,0,0.0,0.0,True,"[0.8756086826324463, 0.1243913546204567]","[0.8756086826324463, 0.1243913546204567]",,,,
40556,449,175.0,175,,mlp,,5155,34726,0,0,5155,34726,0,0,0.0,0.0,True,"[0.22280217707157135, 0.7771978378295898]","[0.22280217707157135, 0.7771978378295898]",,,,
40703,450,147.0,147,,mlp,,5155,34726,0,0,5155,34726,0,0,0.0,0.0,True,"[0.37813064455986023, 0.6218693852424622]","[0.37813064455986023, 0.6218693852424622]",,,,
40860,451,157.0,157,,mlp,,5155,34726,0,0,5155,34726,0,0,0.0,0.0,True,"[0.5077243447303772, 0.4922756552696228]","[0.5077243447303772, 0.4922756552696228]",,,,
41092,452,232.0,232,66.35186767578125,mlp,,5174,35418,0,0,5174,35418,0,0,0.0,0.0,True,"[0.7688225507736206, 0.23117749392986298]","[0.7688225507736206, 0.23117749392986298]",,,,
41370,453,278.0,278,,mlp,,5174,35418,0,0,5174,35418,0,0,0.0,0.0,True,"[0.5732280015945435, 0.42677199840545654]","[0.5732280015945435, 0.42677199840545654]",,,,
41464,454,94.0,94,,mlp,,5174,35418,0,0,5174,35418,0,0,0.0,0.0,True,"[0.8727176189422607, 0.12728242576122284]","[0.8727176189422607, 0.12728242576122284]",,,,
41678,455,214.0,214,,mlp,,5174,35418,0,0,5174,35418,0,0,0.0,0.0,True,"[0.6114852428436279, 0.3885147273540497]","[0.6114852428436279, 0.3885147273540497]",,,,
41889,456,211.0,211,85.62264251708984,mlp,,5220,36169,0,0,5220,36169,0,0,0.0,0.0,True,"[0.8862495422363281, 0.11375043541193008]","[0.8862495422363281, 0.11375043541193008]",,,,
42218,457,329.0,329,,mlp,,5220,36169,0,0,5220,36169,0,0,0.0,0.0,True,"[0.7893799543380737, 0.21062004566192627]","[0.7893799543380737, 0.21062004566192627]",,,,
42363,458,145.0,145,,mlp,,5220,36169,0,0,5220,36169,0,0,0.0,0.0,True,"[0.2966572344303131, 0.7033427357673645]","[0.2966572344303131, 0.7033427357673645]",,,,
42569,459,206.0,206,,mlp,,5220,36169,0,0,5220,36169,0,0,0.0,0.0,True,"[0.5527466535568237, 0.44725337624549866]","[0.5527466535568237, 0.44725337624549866]",,,,
42824,460,255.0,255,72.68645477294922,mlp,,5273,37051,0,0,5273,37051,0,0,0.0,0.0,True,"[0.236545130610466, 0.7634549140930176]","[0.236545130610466, 0.7634549140930176]",,,,
42970,461,146.0,146,,mlp,,5273,37051,0,0,5273,37051,0,0,0.0,0.0,True,"[0.35307392477989197, 0.6469260454177856]","[0.35307392477989197, 0.6469260454177856]",,,,
43182,462,212.0,212,,mlp,,5273,37051,0,0,5273,37051,0,0,0.0,0.0,True,"[0.5421237349510193, 0.4578762948513031]","[0.5421237349510193, 0.4578762948513031]",,,,
43305,463,123.0,123,,mlp,,5273,37051,0,0,5273,37051,0,0,0.0,0.0,True,"[0.9234169125556946, 0.07658311724662781]","[0.9234169125556946, 0.07658311724662781]",,,,
43447,464,142.0,142,57.04949188232422,mlp,,5311,37636,0,0,5311,37636,0,0,0.0,0.0,True,"[0.3605419993400574, 0.6394580006599426]","[0.3605419993400574, 0.6394580006599426]",,,,
43784,465,337.0,337,,mlp,,5311,37636,0,0,5311,37636,0,0,0.0,0.0,True,"[0.8908563256263733, 0.1091436967253685]","[0.8908563256263733, 0.1091436967253685]",,,,
43924,466,140.0,140,,mlp,,5311,37636,0,0,5311,37636,0,0,0.0,0.0,True,"[0.9387986660003662, 0.061201322823762894]","[0.9387986660003662, 0.061201322823762894]",,,,
44053,467,129.0,129,,mlp,,5311,37636,0,0,5311,37636,0,0,0.0,0.0,True,"[0.43153128027915955, 0.5684687495231628]","[0.43153128027915955, 0.5684687495231628]",,,,
44202,468,149.0,149,74.5225830078125,mlp,,5331,38371,0,0,5331,38371,0,0,0.0,0.0,True,"[0.6986145973205566, 0.30138537287712097]","[0.6986145973205566, 0.30138537287712097]",,,,
44351,469,149.0,149,,mlp,,5331,38371,0,0,5331,38371,0,0,0.0,0.0,True,"[0.6499183773994446, 0.3500816226005554]","[0.6499183773994446, 0.3500816226005554]",,,,
44489,470,138.0,138,,mlp,,5331,38371,0,0,5331,38371,0,0,0.0,0.0,True,"[0.5259979367256165, 0.47400209307670593]","[0.5259979367256165, 0.47400209307670593]",,,,
44696,471,207.0,207,,mlp,,5331,38371,0,0,5331,38371,0,0,0.0,0.0,True,"[0.7310739159584045, 0.26892611384391785]","[0.7310739159584045, 0.26892611384391785]",,,,
44946,472,250.0,250,64.34544372558594,mlp,,5380,39066,0,0,5380,39066,0,0,0.0,0.0,True,"[0.8348441123962402, 0.16515590250492096]","[0.8348441123962402, 0.16515590250492096]",,,,
45085,473,139.0,139,,mlp,,5380,39066,0,0,5380,39066,0,0,0.0,0.0,True,"[0.6929508447647095, 0.3070491850376129]","[0.6929508447647095, 0.3070491850376129]",,,,
45474,474,389.0,389,,mlp,,5380,39066,0,0,5380,39066,0,0,0.0,0.0,True,"[0.15597102046012878, 0.8440289497375488]","[0.15597102046012878, 0.8440289497375488]",,,,
45604,475,130.0,130,,mlp,,5380,39066,0,0,5380,39066,0,0,0.0,0.0,True,"[0.8330588936805725, 0.1669410914182663]","[0.8330588936805725, 0.1669410914182663]",,,,
45787,476,183.0,183,70.80377960205078,mlp,,5422,39865,0,0,5422,39865,0,0,0.0,0.0,True,"[0.5555566549301147, 0.44444334506988525]","[0.5555566549301147, 0.44444334506988525]",,,,
45959,477,172.0,172,,mlp,,5422,39865,0,0,5422,39865,0,0,0.0,0.0,True,"[0.8066950440406799, 0.19330497086048126]","[0.8066950440406799, 0.19330497086048126]",,,,
46140,478,181.0,181,,mlp,,5422,39865,0,0,5422,39865,0,0,0.0,0.0,True,"[0.8515642881393433, 0.1484357714653015]","[0.8515642881393433, 0.1484357714653015]",,,,
46583,479,443.0,443,,mlp,,5422,39865,0,0,5422,39865,0,0,0.0,0.0,True,"[0.415448933839798, 0.5845510363578796]","[0.415448933839798, 0.5845510363578796]",,,,
46765,480,182.0,182,72.22126007080078,mlp,,5469,40796,0,0,5469,40796,0,0,0.0,0.0,True,"[0.5952955484390259, 0.4047044515609741]","[0.5952955484390259, 0.4047044515609741]",,,,
46901,481,136.0,136,,mlp,,5469,40796,0,0,5469,40796,0,0,0.0,0.0,True,"[0.09992603212594986, 0.9000739455223083]","[0.09992603212594986, 0.9000739455223083]",,,,
47061,482,160.0,160,,mlp,,5469,40796,0,0,5469,40796,0,0,0.0,0.0,True,"[0.21093197166919708, 0.7890679836273193]","[0.21093197166919708, 0.7890679836273193]",,,,
47311,483,250.0,250,,mlp,,5469,40796,0,0,5469,40796,0,0,0.0,0.0,True,"[0.6014647483825684, 0.3985353410243988]","[0.6014647483825684, 0.3985353410243988]",,,,
47520,484,209.0,209,91.06732177734375,mlp,,5483,41537,0,0,5483,41537,0,0,0.0,0.0,True,"[0.3009905219078064, 0.6990094780921936]","[0.3009905219078064, 0.6990094780921936]",,,,
47710,485,190.0,190,,mlp,,5483,41537,0,0,5483,41537,0,0,0.0,0.0,True,"[0.1358364373445511, 0.8641635775566101]","[0.1358364373445511, 0.8641635775566101]",,,,
47858,486,148.0,148,,mlp,,5483,41537,0,0,5483,41537,0,0,0.0,0.0,True,"[0.6944031715393066, 0.30559679865837097]","[0.6944031715393066, 0.30559679865837097]",,,,
48006,487,148.0,148,,mlp,,5483,41537,0,0,5483,41537,0,0,0.0,0.0,True,"[0.7791008353233337, 0.22089922428131104]","[0.7791008353233337, 0.22089922428131104]",,,,
48228,488,222.0,222,66.008544921875,mlp,,5538,42190,0,0,5538,42190,0,0,0.0,0.0,True,"[0.7691808342933655, 0.23081918060779572]","[0.7691808342933655, 0.23081918060779572]",,,,
48428,489,200.0,200,,mlp,,5538,42190,0,0,5538,42190,0,0,0.0,0.0,True,"[0.4973868727684021, 0.5026130676269531]","[0.4973868727684021, 0.5026130676269531]",,,,
48564,490,136.0,136,,mlp,,5538,42190,0,0,5538,42190,0,0,0.0,0.0,True,"[0.24908992648124695, 0.7509101033210754]","[0.24908992648124695, 0.7509101033210754]",,,,
48753,491,189.0,189,,mlp,,5538,42190,0,0,5538,42190,0,0,0.0,0.0,True,"[0.1926061064004898, 0.8073939085006714]","[0.1926061064004898, 0.8073939085006714]",,,,
48875,492,122.0,122,73.1865005493164,mlp,,5596,42779,0,0,5596,42779,0,0,0.0,0.0,True,"[0.05925970524549484, 0.9407403469085693]","[0.05925970524549484, 0.9407403469085693]",,,,
49098,493,223.0,223,,mlp,,5596,42779,0,0,5596,42779,0,0,0.0,0.0,True,"[0.7296714782714844, 0.2703286111354828]","[0.7296714782714844, 0.2703286111354828]",,,,
49300,494,202.0,202,,mlp,,5596,42779,0,0,5596,42779,0,0,0.0,0.0,True,"[0.07976323366165161, 0.9202367663383484]","[0.07976323366165161, 0.9202367663383484]",,,,
49493,495,193.0,193,,mlp,,5596,42779,0,0,5596,42779,0,0,0.0,0.0,True,"[0.14240241050720215, 0.8575975894927979]","[0.14240241050720215, 0.8575975894927979]",,,,
49748,496,255.0,255,97.41978454589844,mlp,,5627,43621,0,0,5627,43621,0,0,0.0,0.0,True,"[0.2031301110982895, 0.7968698740005493]","[0.2031301110982895, 0.7968698740005493]",,,,
50248,497,500.0,500,,mlp,,5627,43621,0,0,5627,43621,0,0,0.0,0.0,True,"[0.2825550138950348, 0.7174450159072876]","[0.2825550138950348, 0.7174450159072876]",,,,
50363,498,115.0,115,,mlp,,5627,43621,0,0,5627,43621,0,0,0.0,0.0,True,"[0.18770094215869904, 0.8122990131378174]","[0.18770094215869904, 0.8122990131378174]",,,,
50507,499,144.0,144,,mlp,,5627,43621,0,0,5627,43621,0,0,0.0,0.0,True,"[0.29974716901779175, 0.7002528309822083]","[0.29974716901779175, 0.7002528309822083]",,,,
50702,500,195.0,195,80.80387115478516,mlp,,5667,44535,0,0,5667,44535,0,0,0.0,0.0,True,"[0.1734594851732254, 0.826540470123291]","[0.1734594851732254, 0.826540470123291]",,,,
51009,501,307.0,307,,mlp,,5667,44535,0,0,5667,44535,0,0,0.0,0.0,True,"[0.22363311052322388, 0.7763668894767761]","[0.22363311052322388, 0.7763668894767761]",,,,
51300,502,291.0,291,,mlp,,5667,44535,0,0,5667,44535,0,0,0.0,0.0,True,"[0.02163429744541645, 0.9783656597137451]","[0.02163429744541645, 0.9783656597137451]",,,,
51531,503,231.0,231,,mlp,,5667,44535,0,0,5667,44535,0,0,0.0,0.0,True,"[0.574806272983551, 0.4251936972141266]","[0.574806272983551, 0.4251936972141266]",,,,
51668,504,137.0,137,74.27424621582031,mlp,,5710,45458,0,0,5710,45458,0,0,0.0,0.0,True,"[0.3635716140270233, 0.6364284157752991]","[0.3635716140270233, 0.6364284157752991]",,,,
51836,505,168.0,168,,mlp,,5710,45458,0,0,5710,45458,0,0,0.0,0.0,True,"[0.10442011803388596, 0.8955798149108887]","[0.10442011803388596, 0.8955798149108887]",,,,
51993,506,157.0,157,,mlp,,5710,45458,0,0,5710,45458,0,0,0.0,0.0,True,"[0.12506264448165894, 0.8749373555183411]","[0.12506264448165894, 0.8749373555183411]",,,,
52176,507,183.0,183,,mlp,,5710,45458,0,0,5710,45458,0,0,0.0,0.0,True,"[0.218634694814682, 0.7813652753829956]","[0.218634694814682, 0.7813652753829956]",,,,
52449,508,273.0,273,75.52969360351562,mlp,,5767,46182,0,0,5767,46182,0,0,0.0,0.0,True,"[0.11232360452413559, 0.8876764178276062]","[0.11232360452413559, 0.8876764178276062]",,,,
52739,509,290.0,290,,mlp,,5767,46182,0,0,5767,46182,0,0,0.0,0.0,True,"[0.6234210133552551, 0.3765789866447449]","[0.6234210133552551, 0.3765789866447449]",,,,
52992,510,253.0,253,,mlp,,5767,46182,0,0,5767,46182,0,0,0.0,0.0,True,"[0.4588298499584198, 0.5411702394485474]","[0.4588298499584198, 0.5411702394485474]",,,,
53191,511,199.0,199,,mlp,,5767,46182,0,0,5767,46182,0,0,0.0,0.0,True,"[0.5041850209236145, 0.4958150386810303]","[0.5041850209236145, 0.4958150386810303]",,,,
53306,512,115.0,115,70.36284637451172,mlp,,5788,47018,0,0,5788,47018,0,0,0.0,0.0,True,"[0.34477049112319946, 0.6552294492721558]","[0.34477049112319946, 0.6552294492721558]",,,,
53468,513,162.0,162,,mlp,,5788,47018,0,0,5788,47018,0,0,0.0,0.0,True,"[0.7053964734077454, 0.29460349678993225]","[0.7053964734077454, 0.29460349678993225]",,,,
53604,514,136.0,136,,mlp,,5788,47018,0,0,5788,47018,0,0,0.0,0.0,True,"[0.593071460723877, 0.40692850947380066]","[0.593071460723877, 0.40692850947380066]",,,,
53773,515,169.0,169,,mlp,,5788,47018,0,0,5788,47018,0,0,0.0,0.0,True,"[0.3102933168411255, 0.6897066235542297]","[0.3102933168411255, 0.6897066235542297]",,,,
53925,516,152.0,152,50.09952163696289,mlp,,5841,47584,0,0,5841,47584,0,0,0.0,0.0,True,"[0.643012285232544, 0.35698771476745605]","[0.643012285232544, 0.35698771476745605]",,,,
54147,517,222.0,222,,mlp,,5841,47584,0,0,5841,47584,0,0,0.0,0.0,True,"[0.7314577698707581, 0.26854220032691956]","[0.7314577698707581, 0.26854220032691956]",,,,
54421,518,274.0,274,,mlp,,5841,47584,0,0,5841,47584,0,0,0.0,0.0,True,"[0.7413128018379211, 0.25868725776672363]","[0.7413128018379211, 0.25868725776672363]",,,,
54606,519,185.0,185,,mlp,,5841,47584,0,0,5841,47584,0,0,0.0,0.0,True,"[0.4599584937095642, 0.5400415658950806]","[0.4599584937095642, 0.5400415658950806]",,,,
54795,520,189.0,189,92.39268493652344,mlp,,5898,48397,0,0,5898,48397,0,0,0.0,0.0,True,"[0.8152370452880859, 0.18476299941539764]","[0.8152370452880859, 0.18476299941539764]",,,,
54906,521,111.0,111,,mlp,,5898,48397,0,0,5898,48397,0,0,0.0,0.0,True,"[0.08056259155273438, 0.9194374680519104]","[0.08056259155273438, 0.9194374680519104]",,,,
55143,522,237.0,237,,mlp,,5898,48397,0,0,5898,48397,0,0,0.0,0.0,True,"[0.4019624888896942, 0.5980374813079834]","[0.4019624888896942, 0.5980374813079834]",,,,
55353,523,210.0,210,,mlp,,5898,48397,0,0,5898,48397,0,0,0.0,0.0,True,"[0.8902010917663574, 0.10979890078306198]","[0.8902010917663574, 0.10979890078306198]",,,,
55482,524,129.0,129,67.13761901855469,mlp,,5933,49049,0,0,5933,49049,0,0,0.0,0.0,True,"[0.2410668432712555, 0.7589331269264221]","[0.2410668432712555, 0.7589331269264221]",,,,
55747,525,265.0,265,,mlp,,5933,49049,0,0,5933,49049,0,0,0.0,0.0,True,"[0.8430715203285217, 0.15692850947380066]","[0.8430715203285217, 0.15692850947380066]",,,,
55957,526,210.0,210,,mlp,,5933,49049,0,0,5933,49049,0,0,0.0,0.0,True,"[0.9770588278770447, 0.022941114380955696]","[0.9770588278770447, 0.022941114380955696]",,,,
56202,527,245.0,245,,mlp,,5933,49049,0,0,5933,49049,0,0,0.0,0.0,True,"[0.33579787611961365, 0.664202094078064]","[0.33579787611961365, 0.664202094078064]",,,,
56355,528,153.0,153,100.04435729980469,mlp,,5975,49880,0,0,5975,49880,0,0,0.0,0.0,True,"[0.9620650410652161, 0.03793494403362274]","[0.9620650410652161, 0.03793494403362274]",,,,
56515,529,160.0,160,,mlp,,5975,49880,0,0,5975,49880,0,0,0.0,0.0,True,"[0.19925005733966827, 0.8007498979568481]","[0.19925005733966827, 0.8007498979568481]",,,,
56740,530,225.0,225,,mlp,,5975,49880,0,0,5975,49880,0,0,0.0,0.0,True,"[0.7217684984207153, 0.2782314717769623]","[0.7217684984207153, 0.2782314717769623]",,,,
56951,531,211.0,211,,mlp,,5975,49880,0,0,5975,49880,0,0,0.0,0.0,True,"[0.8331544995307922, 0.16684548556804657]","[0.8331544995307922, 0.16684548556804657]",,,,
57227,532,276.0,276,65.37663269042969,mlp,,6016,50711,0,0,6016,50711,0,0,0.0,0.0,True,"[0.35298117995262146, 0.6470187902450562]","[0.35298117995262146, 0.6470187902450562]",,,,
57380,533,153.0,153,,mlp,,6016,50711,0,0,6016,50711,0,0,0.0,0.0,True,"[0.7165066599845886, 0.2834932804107666]","[0.7165066599845886, 0.2834932804107666]",,,,
57645,534,265.0,265,,mlp,,6016,50711,0,0,6016,50711,0,0,0.0,0.0,True,"[0.504694402217865, 0.4953056573867798]","[0.504694402217865, 0.4953056573867798]",,,,
57877,535,232.0,232,,mlp,,6016,50711,0,0,6016,50711,0,0,0.0,0.0,True,"[0.78605717420578, 0.21394285559654236]","[0.78605717420578, 0.21394285559654236]",,,,
58048,536,171.0,171,76.33761596679688,mlp,,6053,51495,0,0,6053,51495,0,0,0.0,0.0,True,"[0.7460277676582336, 0.25397220253944397]","[0.7460277676582336, 0.25397220253944397]",,,,
58240,537,192.0,192,,mlp,,6053,51495,0,0,6053,51495,0,0,0.0,0.0,True,"[0.5224106311798096, 0.47758933901786804]","[0.5224106311798096, 0.47758933901786804]",,,,
58333,538,93.0,93,,mlp,,6053,51495,0,0,6053,51495,0,0,0.0,0.0,True,"[0.9666900038719177, 0.033309973776340485]","[0.9666900038719177, 0.033309973776340485]",,,,
58506,539,173.0,173,,mlp,,6053,51495,0,0,6053,51495,0,0,0.0,0.0,True,"[0.8054152727127075, 0.19458474218845367]","[0.8054152727127075, 0.19458474218845367]",,,,
58719,540,213.0,213,89.91573333740234,mlp,,6089,52130,0,0,6089,52130,0,0,0.0,0.0,True,"[0.9263486862182617, 0.0736512765288353]","[0.9263486862182617, 0.0736512765288353]",,,,
58930,541,211.0,211,,mlp,,6089,52130,0,0,6089,52130,0,0,0.0,0.0,True,"[0.7818922400474548, 0.21810778975486755]","[0.7818922400474548, 0.21810778975486755]",,,,
59074,542,144.0,144,,mlp,,6089,52130,0,0,6089,52130,0,0,0.0,0.0,True,"[0.09773381799459457, 0.9022662043571472]","[0.09773381799459457, 0.9022662043571472]",,,,
59335,543,261.0,261,,mlp,,6089,52130,0,0,6089,52130,0,0,0.0,0.0,True,"[0.8084354996681213, 0.19156450033187866]","[0.8084354996681213, 0.19156450033187866]",,,,
59498,544,163.0,163,94.96558380126953,mlp,,6133,52865,0,0,6133,52865,0,0,0.0,0.0,True,"[0.7211806774139404, 0.27881932258605957]","[0.7211806774139404, 0.27881932258605957]",,,,
59690,545,192.0,192,,mlp,,6133,52865,0,0,6133,52865,0,0,0.0,0.0,True,"[0.252389132976532, 0.747610867023468]","[0.252389132976532, 0.747610867023468]",,,,
60029,546,339.0,339,,mlp,,6133,52865,0,0,6133,52865,0,0,0.0,0.0,True,"[0.9054925441741943, 0.09450749307870865]","[0.9054925441741943, 0.09450749307870865]",,,,
60230,547,201.0,201,,mlp,,6133,52865,0,0,6133,52865,0,0,0.0,0.0,True,"[0.9170286655426025, 0.08297135680913925]","[0.9170286655426025, 0.08297135680913925]",,,,
60402,548,172.0,172,94.94619750976562,mlp,,6169,53733,0,0,6169,53733,0,0,0.0,0.0,True,"[0.6713740825653076, 0.32862600684165955]","[0.6713740825653076, 0.32862600684165955]",,,,
60559,549,157.0,157,,mlp,,6169,53733,0,0,6169,53733,0,0,0.0,0.0,True,"[0.10851963609457016, 0.8914803266525269]","[0.10851963609457016, 0.8914803266525269]",,,,
60827,550,268.0,268,,mlp,,6169,53733,0,0,6169,53733,0,0,0.0,0.0,True,"[0.8972556591033936, 0.10274438560009003]","[0.8972556591033936, 0.10274438560009003]",,,,
60956,551,129.0,129,,mlp,,6169,53733,0,0,6169,53733,0,0,0.0,0.0,True,"[0.27514955401420593, 0.7248505353927612]","[0.27514955401420593, 0.7248505353927612]",,,,
61076,552,120.0,120,89.02890014648438,mlp,,6193,54383,0,0,6193,54383,0,0,0.0,0.0,True,"[0.48020118474960327, 0.5197988152503967]","[0.48020118474960327, 0.5197988152503967]",,,,
61271,553,195.0,195,,mlp,,6193,54383,0,0,6193,54383,0,0,0.0,0.0,True,"[0.8875223398208618, 0.11247768253087997]","[0.8875223398208618, 0.11247768253087997]",,,,
61479,554,208.0,208,,mlp,,6193,54383,0,0,6193,54383,0,0,0.0,0.0,True,"[0.562303900718689, 0.4376961290836334]","[0.562303900718689, 0.4376961290836334]",,,,
61979,555,500.0,500,,mlp,,6193,54383,0,0,6193,54383,0,0,0.0,0.0,True,"[0.27207884192466736, 0.7279211282730103]","[0.27207884192466736, 0.7279211282730103]",,,,
62331,556,352.0,352,98.06100463867188,mlp,,6232,55599,0,0,6232,55599,0,0,0.0,0.0,True,"[0.835811197757721, 0.16418883204460144]","[0.835811197757721, 0.16418883204460144]",,,,
62529,557,198.0,198,,mlp,,6232,55599,0,0,6232,55599,0,0,0.0,0.0,True,"[0.20922426879405975, 0.7907757759094238]","[0.20922426879405975, 0.7907757759094238]",,,,
62837,558,308.0,308,,mlp,,6232,55599,0,0,6232,55599,0,0,0.0,0.0,True,"[0.9109030365943909, 0.08909699320793152]","[0.9109030365943909, 0.08909699320793152]",,,,
63316,559,479.0,479,,mlp,,6232,55599,0,0,6232,55599,0,0,0.0,0.0,True,"[0.13091175258159637, 0.8690882325172424]","[0.13091175258159637, 0.8690882325172424]",,,,
63589,560,273.0,273,81.59455108642578,mlp,,6250,56839,0,0,6250,56839,0,0,0.0,0.0,True,"[0.35247737169265747, 0.6475226283073425]","[0.35247737169265747, 0.6475226283073425]",,,,
63721,561,132.0,132,,mlp,,6250,56839,0,0,6250,56839,0,0,0.0,0.0,True,"[0.07479187101125717, 0.9252081513404846]","[0.07479187101125717, 0.9252081513404846]",,,,
64221,562,500.0,500,,mlp,,6250,56839,0,0,6250,56839,0,0,0.0,0.0,True,"[0.43982046842575073, 0.5601795315742493]","[0.43982046842575073, 0.5601795315742493]",,,,
64494,563,273.0,273,,mlp,,6250,56839,0,0,6250,56839,0,0,0.0,0.0,True,"[0.9358449578285217, 0.06415505707263947]","[0.9358449578285217, 0.06415505707263947]",,,,
64812,564,318.0,318,93.80327606201172,mlp,,6278,58034,0,0,6278,58034,0,0,0.0,0.0,True,"[0.9583590626716614, 0.04164094850420952]","[0.9583590626716614, 0.04164094850420952]",,,,
64836,565,24.0,24,,mlp,,6278,58034,0,0,6278,58034,0,0,0.0,0.0,True,"[0.9324782490730286, 0.06752170622348785]","[0.9324782490730286, 0.06752170622348785]",,,,
65008,566,172.0,172,,mlp,,6278,58034,0,0,6278,58034,0,0,0.0,0.0,True,"[0.9292231202125549, 0.07077686488628387]","[0.9292231202125549, 0.07077686488628387]",,,,
65222,567,214.0,214,,mlp,,6278,58034,0,0,6278,58034,0,0,0.0,0.0,True,"[0.6306210160255432, 0.3693789839744568]","[0.6306210160255432, 0.3693789839744568]",,,,
65498,568,276.0,276,117.27847290039062,mlp,,6319,58679,0,0,6319,58679,0,0,0.0,0.0,True,"[0.8390747904777527, 0.1609252691268921]","[0.8390747904777527, 0.1609252691268921]",,,,
65681,569,183.0,183,,mlp,,6319,58679,0,0,6319,58679,0,0,0.0,0.0,True,"[0.1551993191242218, 0.8448006510734558]","[0.1551993191242218, 0.8448006510734558]",,,,
65773,570,92.0,92,,mlp,,6319,58679,0,0,6319,58679,0,0,0.0,0.0,True,"[0.9696990847587585, 0.03030090034008026]","[0.9696990847587585, 0.03030090034008026]",,,,
65885,571,112.0,112,,mlp,,6319,58679,0,0,6319,58679,0,0,0.0,0.0,True,"[0.8425092101097107, 0.15749084949493408]","[0.8425092101097107, 0.15749084949493408]",,,,
66200,572,315.0,315,106.20793914794922,mlp,,6346,59354,0,0,6346,59354,0,0,0.0,0.0,True,"[0.44521328806877136, 0.5547866821289062]","[0.44521328806877136, 0.5547866821289062]",,,,
66403,573,203.0,203,,mlp,,6346,59354,0,0,6346,59354,0,0,0.0,0.0,True,"[0.7891310453414917, 0.21086902916431427]","[0.7891310453414917, 0.21086902916431427]",,,,
66731,574,328.0,328,,mlp,,6346,59354,0,0,6346,59354,0,0,0.0,0.0,True,"[0.09514675289392471, 0.9048531651496887]","[0.09514675289392471, 0.9048531651496887]",,,,
66891,575,160.0,160,,mlp,,6346,59354,0,0,6346,59354,0,0,0.0,0.0,True,"[0.0777432769536972, 0.9222567081451416]","[0.0777432769536972, 0.9222567081451416]",,,,
66956,576,65.0,65,93.69705963134766,mlp,,6382,60074,0,0,6382,60074,0,0,0.0,0.0,True,"[0.9439280033111572, 0.05607202276587486]","[0.9439280033111572, 0.05607202276587486]",,,,
67131,577,175.0,175,,mlp,,6382,60074,0,0,6382,60074,0,0,0.0,0.0,True,"[0.08515466749668121, 0.9148452877998352]","[0.08515466749668121, 0.9148452877998352]",,,,
67616,578,485.0,485,,mlp,,6382,60074,0,0,6382,60074,0,0,0.0,0.0,True,"[0.9712684750556946, 0.02873155288398266]","[0.9712684750556946, 0.02873155288398266]",,,,
67727,579,111.0,111,,mlp,,6382,60074,0,0,6382,60074,0,0,0.0,0.0,True,"[0.06110846996307373, 0.9388915300369263]","[0.06110846996307373, 0.9388915300369263]",,,,
67975,580,248.0,248,104.62972259521484,mlp,,6425,61050,0,0,6425,61050,0,0,0.0,0.0,True,"[0.8344010710716248, 0.16559886932373047]","[0.8344010710716248, 0.16559886932373047]",,,,
68155,581,180.0,180,,mlp,,6425,61050,0,0,6425,61050,0,0,0.0,0.0,True,"[0.029812956228852272, 0.9701870679855347]","[0.029812956228852272, 0.9701870679855347]",,,,
68506,582,351.0,351,,mlp,,6425,61050,0,0,6425,61050,0,0,0.0,0.0,True,"[0.1781194657087326, 0.821880578994751]","[0.1781194657087326, 0.821880578994751]",,,,
68624,583,118.0,118,,mlp,,6425,61050,0,0,6425,61050,0,0,0.0,0.0,True,"[0.060701970010995865, 0.9392980337142944]","[0.060701970010995865, 0.9392980337142944]",,,,
68777,584,153.0,153,105.33407592773438,mlp,,6463,61814,0,0,6463,61814,0,0,0.0,0.0,True,"[0.9082400798797607, 0.09175997227430344]","[0.9082400798797607, 0.09175997227430344]",,,,
69096,585,319.0,319,,mlp,,6463,61814,0,0,6463,61814,0,0,0.0,0.0,True,"[0.7062816619873047, 0.2937183678150177]","[0.7062816619873047, 0.2937183678150177]",,,,
69454,586,358.0,358,,mlp,,6463,61814,0,0,6463,61814,0,0,0.0,0.0,True,"[0.07727818936109543, 0.922721803188324]","[0.07727818936109543, 0.922721803188324]",,,,
69493,587,39.0,39,,mlp,,6463,61814,0,0,6463,61814,0,0,0.0,0.0,True,"[0.9825793504714966, 0.017420712858438492]","[0.9825793504714966, 0.017420712858438492]",,,,
69836,588,343.0,343,117.67453002929688,mlp,,6491,62845,0,0,6491,62845,0,0,0.0,0.0,True,"[0.07863227277994156, 0.9213677048683167]","[0.07863227277994156, 0.9213677048683167]",,,,
69952,589,116.0,116,,mlp,,6491,62845,0,0,6491,62845,0,0,0.0,0.0,True,"[0.9281055927276611, 0.07189439982175827]","[0.9281055927276611, 0.07189439982175827]",,,,
70226,590,274.0,274,,mlp,,6491,62845,0,0,6491,62845,0,0,0.0,0.0,True,"[0.8790273666381836, 0.12097267806529999]","[0.8790273666381836, 0.12097267806529999]",,,,
70481,591,255.0,255,,mlp,,6491,62845,0,0,6491,62845,0,0,0.0,0.0,True,"[0.25355568528175354, 0.7464443445205688]","[0.25355568528175354, 0.7464443445205688]",,,,
70704,592,223.0,223,91.21614837646484,mlp,,6517,63687,0,0,6517,63687,0,0,0.0,0.0,True,"[0.9309999942779541, 0.06900002807378769]","[0.9309999942779541, 0.06900002807378769]",,,,
71107,593,403.0,403,,mlp,,6517,63687,0,0,6517,63687,0,0,0.0,0.0,True,"[0.03483843803405762, 0.9651615619659424]","[0.03483843803405762, 0.9651615619659424]",,,,
71375,594,268.0,268,,mlp,,6517,63687,0,0,6517,63687,0,0,0.0,0.0,True,"[0.12651139497756958, 0.8734886050224304]","[0.12651139497756958, 0.8734886050224304]",,,,
71516,595,141.0,141,,mlp,,6517,63687,0,0,6517,63687,0,0,0.0,0.0,True,"[0.047638844698667526, 0.9523611068725586]","[0.047638844698667526, 0.9523611068725586]",,,,
71857,596,341.0,341,88.41970825195312,mlp,,6540,64817,0,0,6540,64817,0,0,0.0,0.0,True,"[0.9198974967002869, 0.08010250329971313]","[0.9198974967002869, 0.08010250329971313]",,,,
72070,597,213.0,213,,mlp,,6540,64817,0,0,6540,64817,0,0,0.0,0.0,True,"[0.9455514550209045, 0.05444861948490143]","[0.9455514550209045, 0.05444861948490143]",,,,
72513,598,443.0,443,,mlp,,6540,64817,0,0,6540,64817,0,0,0.0,0.0,True,"[0.05964445695281029, 0.9403555393218994]","[0.05964445695281029, 0.9403555393218994]",,,,
72887,599,374.0,374,,mlp,,6540,64817,0,0,6540,64817,0,0,0.0,0.0,True,"[0.48329678177833557, 0.516703188419342]","[0.48329678177833557, 0.516703188419342]",,,,
73387,600,500.0,500,91.45365142822266,mlp,,6562,66325,0,0,6562,66325,0,0,0.0,0.0,True,"[0.4157518148422241, 0.5842481851577759]","[0.4157518148422241, 0.5842481851577759]",,,,
73582,601,195.0,195,,mlp,,6562,66325,0,0,6562,66325,0,0,0.0,0.0,True,"[0.9700793623924255, 0.029920654371380806]","[0.9700793623924255, 0.029920654371380806]",,,,
73801,602,219.0,219,,mlp,,6562,66325,0,0,6562,66325,0,0,0.0,0.0,True,"[0.08646607398986816, 0.9135339856147766]","[0.08646607398986816, 0.9135339856147766]",,,,
74301,603,500.0,500,,mlp,,6562,66325,0,0,6562,66325,0,0,0.0,0.0,True,"[0.8539038300514221, 0.1460961401462555]","[0.8539038300514221, 0.1460961401462555]",,,,
74692,604,391.0,391,92.11518859863281,mlp,,7909,66325,0,0,7909,66325,0,0,0.0,0.0,True,"[0.25911271572113037, 0.7408872842788696]","[0.25911271572113037, 0.7408872842788696]",,,,
75049,605,357.0,357,,mlp,,7909,66325,0,0,7909,66325,0,0,0.0,0.0,True,"[0.5109640955924988, 0.489035964012146]","[0.5109640955924988, 0.489035964012146]",,,,
75493,606,444.0,444,,mlp,,7909,66325,0,0,7909,66325,0,0,0.0,0.0,True,"[0.6415312886238098, 0.3584687411785126]","[0.6415312886238098, 0.3584687411785126]",,,,
75788,607,295.0,295,,mlp,,7909,66325,0,0,7909,66325,0,0,0.0,0.0,True,"[0.29223543405532837, 0.7077646255493164]","[0.29223543405532837, 0.7077646255493164]",,,,
76056,608,268.0,268,77.10130310058594,mlp,,7916,67640,0,0,7916,67640,0,0,0.0,0.0,True,"[0.8858056664466858, 0.11419431120157242]","[0.8858056664466858, 0.11419431120157242]",,,,
76216,609,160.0,160,,mlp,,7916,67640,0,0,7916,67640,0,0,0.0,0.0,True,"[0.9158828854560852, 0.08411713689565659]","[0.9158828854560852, 0.08411713689565659]",,,,
76396,610,180.0,180,,mlp,,7916,67640,0,0,7916,67640,0,0,0.0,0.0,True,"[0.049940649420022964, 0.9500593543052673]","[0.049940649420022964, 0.9500593543052673]",,,,
76600,611,204.0,204,,mlp,,7916,67640,0,0,7916,67640,0,0,0.0,0.0,True,"[0.7975254654884338, 0.20247457921504974]","[0.7975254654884338, 0.20247457921504974]",,,,
76731,612,131.0,131,118.6434326171875,mlp,,7936,68295,0,0,7936,68295,0,0,0.0,0.0,True,"[0.8349490761756897, 0.16505098342895508]","[0.8349490761756897, 0.16505098342895508]",,,,
76901,613,170.0,170,,mlp,,7936,68295,0,0,7936,68295,0,0,0.0,0.0,True,"[0.24779951572418213, 0.7522005438804626]","[0.24779951572418213, 0.7522005438804626]",,,,
77109,614,208.0,208,,mlp,,7936,68295,0,0,7936,68295,0,0,0.0,0.0,True,"[0.9758440256118774, 0.024155929684638977]","[0.9758440256118774, 0.024155929684638977]",,,,
77429,615,320.0,320,,mlp,,7936,68295,0,0,7936,68295,0,0,0.0,0.0,True,"[0.09768038988113403, 0.902319610118866]","[0.09768038988113403, 0.902319610118866]",,,,
77766,616,337.0,337,83.42945861816406,mlp,,9016,68295,0,0,9016,68295,0,0,0.0,0.0,True,"[0.07968273013830185, 0.9203172326087952]","[0.07968273013830185, 0.9203172326087952]",,,,
78266,617,500.0,500,,mlp,,9016,68295,0,0,9016,68295,0,0,0.0,0.0,True,"[0.6588693857192993, 0.3411306142807007]","[0.6588693857192993, 0.3411306142807007]",,,,
78477,618,211.0,211,,mlp,,9016,68295,0,0,9016,68295,0,0,0.0,0.0,True,"[0.2842447757720947, 0.7157552242279053]","[0.2842447757720947, 0.7157552242279053]",,,,
78801,619,324.0,324,,mlp,,9016,68295,0,0,9016,68295,0,0,0.0,0.0,True,"[0.7960736155509949, 0.20392638444900513]","[0.7960736155509949, 0.20392638444900513]",,,,
79255,620,454.0,454,91.94007110595703,mlp,,9017,69738,0,0,9017,69738,0,0,0.0,0.0,True,"[0.4867849349975586, 0.5132151246070862]","[0.4867849349975586, 0.5132151246070862]",,,,
79552,621,297.0,297,,mlp,,9017,69738,0,0,9017,69738,0,0,0.0,0.0,True,"[0.594391405582428, 0.40560856461524963]","[0.594391405582428, 0.40560856461524963]",,,,
79764,622,212.0,212,,mlp,,9017,69738,0,0,9017,69738,0,0,0.0,0.0,True,"[0.9574617743492126, 0.04253825172781944]","[0.9574617743492126, 0.04253825172781944]",,,,
79957,623,193.0,193,,mlp,,9017,69738,0,0,9017,69738,0,0,0.0,0.0,True,"[0.8137658834457397, 0.18623407185077667]","[0.8137658834457397, 0.18623407185077667]",,,,
80116,624,159.0,159,54.339168548583984,mlp,,9025,70591,0,0,9025,70591,0,0,0.0,0.0,True,"[0.536548376083374, 0.4634515941143036]","[0.536548376083374, 0.4634515941143036]",,,,
80616,625,500.0,500,,mlp,,9025,70591,0,0,9025,70591,0,0,0.0,0.0,True,"[0.4975985288619995, 0.5024014711380005]","[0.4975985288619995, 0.5024014711380005]",,,,
80923,626,307.0,307,,mlp,,9025,70591,0,0,9025,70591,0,0,0.0,0.0,True,"[0.2006993442773819, 0.7993006706237793]","[0.2006993442773819, 0.7993006706237793]",,,,
81423,627,500.0,500,,mlp,,9025,70591,0,0,9025,70591,0,0,0.0,0.0,True,"[0.7191294431686401, 0.28087061643600464]","[0.7191294431686401, 0.28087061643600464]",,,,
81720,628,297.0,297,90.92017364501953,mlp,,9038,72182,0,0,9038,72182,0,0,0.0,0.0,True,"[0.9619541764259338, 0.03804586082696915]","[0.9619541764259338, 0.03804586082696915]",,,,
81995,629,275.0,275,,mlp,,9038,72182,0,0,9038,72182,0,0,0.0,0.0,True,"[0.8221333622932434, 0.17786665260791779]","[0.8221333622932434, 0.17786665260791779]",,,,
82155,630,160.0,160,,mlp,,9038,72182,0,0,9038,72182,0,0,0.0,0.0,True,"[0.10182320326566696, 0.8981767296791077]","[0.10182320326566696, 0.8981767296791077]",,,,
82646,631,491.0,491,,mlp,,9038,72182,0,0,9038,72182,0,0,0.0,0.0,True,"[0.4508724510669708, 0.5491275787353516]","[0.4508724510669708, 0.5491275787353516]",,,,
83084,632,438.0,438,85.81426239013672,mlp,,9070,73514,0,0,9070,73514,0,0,0.0,0.0,True,"[0.9003747701644897, 0.09962520003318787]","[0.9003747701644897, 0.09962520003318787]",,,,
83321,633,237.0,237,,mlp,,9070,73514,0,0,9070,73514,0,0,0.0,0.0,True,"[0.3738369643688202, 0.6261630654335022]","[0.3738369643688202, 0.6261630654335022]",,,,
83595,634,274.0,274,,mlp,,9070,73514,0,0,9070,73514,0,0,0.0,0.0,True,"[0.3819999694824219, 0.6180000901222229]","[0.3819999694824219, 0.6180000901222229]",,,,
84095,635,500.0,500,,mlp,,9070,73514,0,0,9070,73514,0,0,0.0,0.0,True,"[0.24180397391319275, 0.7581959962844849]","[0.24180397391319275, 0.7581959962844849]",,,,
84475,636,380.0,380,76.87966918945312,mlp,,10494,73514,0,0,10494,73514,0,0,0.0,0.0,True,"[0.243974968791008, 0.7560250163078308]","[0.243974968791008, 0.7560250163078308]",,,,
84973,637,498.0,498,,mlp,,10494,73514,0,0,10494,73514,0,0,0.0,0.0,True,"[0.1144358217716217, 0.8855642080307007]","[0.1144358217716217, 0.8855642080307007]",,,,
85254,638,281.0,281,,mlp,,10494,73514,0,0,10494,73514,0,0,0.0,0.0,True,"[0.028363291174173355, 0.9716367125511169]","[0.028363291174173355, 0.9716367125511169]",,,,
85754,639,500.0,500,,mlp,,10494,73514,0,0,10494,73514,0,0,0.0,0.0,True,"[0.3726588785648346, 0.6273411512374878]","[0.3726588785648346, 0.6273411512374878]",,,,
86059,640,305.0,305,98.41500091552734,mlp,,10500,75059,0,0,10500,75059,0,0,0.0,0.0,True,"[0.04663747549057007, 0.9533625245094299]","[0.04663747549057007, 0.9533625245094299]",,,,
86522,641,463.0,463,,mlp,,10500,75059,0,0,10500,75059,0,0,0.0,0.0,True,"[0.11078579723834991, 0.8892142176628113]","[0.11078579723834991, 0.8892142176628113]",,,,
86799,642,277.0,277,,mlp,,10500,75059,0,0,10500,75059,0,0,0.0,0.0,True,"[0.44505858421325684, 0.5549414157867432]","[0.44505858421325684, 0.5549414157867432]",,,,
87299,643,500.0,500,,mlp,,10500,75059,0,0,10500,75059,0,0,0.0,0.0,True,"[0.2250921130180359, 0.7749078869819641]","[0.2250921130180359, 0.7749078869819641]",,,,
87647,644,348.0,348,67.72144317626953,mlp,,10517,76630,0,0,10517,76630,0,0,0.0,0.0,True,"[0.5354204177856445, 0.46457958221435547]","[0.5354204177856445, 0.46457958221435547]",,,,
87859,645,212.0,212,,mlp,,10517,76630,0,0,10517,76630,0,0,0.0,0.0,True,"[0.17402593791484833, 0.8259740471839905]","[0.17402593791484833, 0.8259740471839905]",,,,
88106,646,247.0,247,,mlp,,10517,76630,0,0,10517,76630,0,0,0.0,0.0,True,"[0.6443673968315125, 0.35563257336616516]","[0.6443673968315125, 0.35563257336616516]",,,,
88381,647,275.0,275,,mlp,,10517,76630,0,0,10517,76630,0,0,0.0,0.0,True,"[0.7963831424713135, 0.20361681282520294]","[0.7963831424713135, 0.20361681282520294]",,,,
88677,648,296.0,296,66.81504821777344,mlp,,10540,77637,0,0,10540,77637,0,0,0.0,0.0,True,"[0.6850557923316956, 0.31494423747062683]","[0.6850557923316956, 0.31494423747062683]",,,,
89071,649,394.0,394,,mlp,,10540,77637,0,0,10540,77637,0,0,0.0,0.0,True,"[0.7054729461669922, 0.2945271134376526]","[0.7054729461669922, 0.2945271134376526]",,,,
89451,650,380.0,380,,mlp,,10540,77637,0,0,10540,77637,0,0,0.0,0.0,True,"[0.8909292817115784, 0.10907066613435745]","[0.8909292817115784, 0.10907066613435745]",,,,
89714,651,263.0,263,,mlp,,10540,77637,0,0,10540,77637,0,0,0.0,0.0,True,"[0.5766009092330933, 0.42339909076690674]","[0.5766009092330933, 0.42339909076690674]",,,,
90053,652,339.0,339,69.01075744628906,mlp,,10587,78966,0,0,10587,78966,0,0,0.0,0.0,True,"[0.23784789443016052, 0.7621520757675171]","[0.23784789443016052, 0.7621520757675171]",,,,
90485,653,432.0,432,,mlp,,10587,78966,0,0,10587,78966,0,0,0.0,0.0,True,"[0.061092495918273926, 0.9389075040817261]","[0.061092495918273926, 0.9389075040817261]",,,,
90652,654,167.0,167,,mlp,,10587,78966,0,0,10587,78966,0,0,0.0,0.0,True,"[0.4484604597091675, 0.5515395402908325]","[0.4484604597091675, 0.5515395402908325]",,,,
91088,655,436.0,436,,mlp,,10587,78966,0,0,10587,78966,0,0,0.0,0.0,True,"[0.8775449991226196, 0.12245503813028336]","[0.8775449991226196, 0.12245503813028336]",,,,
91339,656,251.0,251,96.7982406616211,mlp,,10616,80223,0,0,10616,80223,0,0,0.0,0.0,True,"[0.6029756665229797, 0.3970244228839874]","[0.6029756665229797, 0.3970244228839874]",,,,
91717,657,378.0,378,,mlp,,10616,80223,0,0,10616,80223,0,0,0.0,0.0,True,"[0.6702559590339661, 0.32974404096603394]","[0.6702559590339661, 0.32974404096603394]",,,,
92116,658,399.0,399,,mlp,,10616,80223,0,0,10616,80223,0,0,0.0,0.0,True,"[0.38270723819732666, 0.6172927618026733]","[0.38270723819732666, 0.6172927618026733]",,,,
92552,659,436.0,436,,mlp,,10616,80223,0,0,10616,80223,0,0,0.0,0.0,True,"[0.8433395028114319, 0.15666049718856812]","[0.8433395028114319, 0.15666049718856812]",,,,
92886,660,334.0,334,74.85553741455078,mlp,,10668,81718,0,0,10668,81718,0,0,0.0,0.0,True,"[0.27159908413887024, 0.7284008860588074]","[0.27159908413887024, 0.7284008860588074]",,,,
93154,661,268.0,268,,mlp,,10668,81718,0,0,10668,81718,0,0,0.0,0.0,True,"[0.39796051383018494, 0.6020394563674927]","[0.39796051383018494, 0.6020394563674927]",,,,
93395,662,241.0,241,,mlp,,10668,81718,0,0,10668,81718,0,0,0.0,0.0,True,"[0.11260440200567245, 0.8873955607414246]","[0.11260440200567245, 0.8873955607414246]",,,,
93895,663,500.0,500,,mlp,,10668,81718,0,0,10668,81718,0,0,0.0,0.0,True,"[0.5485188364982605, 0.4514811933040619]","[0.5485188364982605, 0.4514811933040619]",,,,
94257,664,362.0,362,75.812255859375,mlp,,10717,83040,0,0,10717,83040,0,0,0.0,0.0,True,"[0.6664423942565918, 0.3335576057434082]","[0.6664423942565918, 0.3335576057434082]",,,,
94469,665,212.0,212,,mlp,,10717,83040,0,0,10717,83040,0,0,0.0,0.0,True,"[0.16552484035491943, 0.8344751596450806]","[0.16552484035491943, 0.8344751596450806]",,,,
94724,666,255.0,255,,mlp,,10717,83040,0,0,10717,83040,0,0,0.0,0.0,True,"[0.8134651780128479, 0.1865348368883133]","[0.8134651780128479, 0.1865348368883133]",,,,
95127,667,403.0,403,,mlp,,10717,83040,0,0,10717,83040,0,0,0.0,0.0,True,"[0.2241605669260025, 0.7758394479751587]","[0.2241605669260025, 0.7758394479751587]",,,,
95627,668,500.0,500,67.54122161865234,mlp,,10777,84350,0,0,10777,84350,0,0,0.0,0.0,True,"[0.7209822535514832, 0.279017835855484]","[0.7209822535514832, 0.279017835855484]",,,,
95769,669,142.0,142,,mlp,,10777,84350,0,0,10777,84350,0,0,0.0,0.0,True,"[0.8807991743087769, 0.11920081824064255]","[0.8807991743087769, 0.11920081824064255]",,,,
95887,670,118.0,118,,mlp,,10777,84350,0,0,10777,84350,0,0,0.0,0.0,True,"[0.2943706810474396, 0.705629289150238]","[0.2943706810474396, 0.705629289150238]",,,,
96196,671,309.0,309,,mlp,,10777,84350,0,0,10777,84350,0,0,0.0,0.0,True,"[0.35556694865226746, 0.6444330215454102]","[0.35556694865226746, 0.6444330215454102]",,,,
96634,672,438.0,438,91.2635498046875,mlp,,10817,85317,0,0,10817,85317,0,0,0.0,0.0,True,"[0.28147092461586, 0.7185291051864624]","[0.28147092461586, 0.7185291051864624]",,,,
97134,673,500.0,500,,mlp,,10817,85317,0,0,10817,85317,0,0,0.0,0.0,True,"[0.7412780523300171, 0.25872188806533813]","[0.7412780523300171, 0.25872188806533813]",,,,
97394,674,260.0,260,,mlp,,10817,85317,0,0,10817,85317,0,0,0.0,0.0,True,"[0.09467588365077972, 0.9053241014480591]","[0.09467588365077972, 0.9053241014480591]",,,,
97715,675,321.0,321,,mlp,,10817,85317,0,0,10817,85317,0,0,0.0,0.0,True,"[0.857028067111969, 0.142971932888031]","[0.857028067111969, 0.142971932888031]",,,,
98108,676,393.0,393,96.52506256103516,mlp,,10826,86782,0,0,10826,86782,0,0,0.0,0.0,True,"[0.33470436930656433, 0.6652956008911133]","[0.33470436930656433, 0.6652956008911133]",,,,
98314,677,206.0,206,,mlp,,10826,86782,0,0,10826,86782,0,0,0.0,0.0,True,"[0.055989235639572144, 0.9440107345581055]","[0.055989235639572144, 0.9440107345581055]",,,,
98656,678,342.0,342,,mlp,,10826,86782,0,0,10826,86782,0,0,0.0,0.0,True,"[0.40529072284698486, 0.5947092771530151]","[0.40529072284698486, 0.5947092771530151]",,,,
98811,679,155.0,155,,mlp,,10826,86782,0,0,10826,86782,0,0,0.0,0.0,True,"[0.9091599583625793, 0.09084001183509827]","[0.9091599583625793, 0.09084001183509827]",,,,
99134,680,323.0,323,105.04361724853516,mlp,,10860,87774,0,0,10860,87774,0,0,0.0,0.0,True,"[0.10530862212181091, 0.8946914076805115]","[0.10530862212181091, 0.8946914076805115]",,,,
99518,681,384.0,384,,mlp,,10860,87774,0,0,10860,87774,0,0,0.0,0.0,True,"[0.6343241930007935, 0.36567583680152893]","[0.6343241930007935, 0.36567583680152893]",,,,
99955,682,437.0,437,,mlp,,10860,87774,0,0,10860,87774,0,0,0.0,0.0,True,"[0.6530023813247681, 0.3469977080821991]","[0.6530023813247681, 0.3469977080821991]",,,,
100229,683,274.0,274,,mlp,,10860,87774,0,0,10860,87774,0,0,0.0,0.0,True,"[0.05588368698954582, 0.9441162347793579]","[0.05588368698954582, 0.9441162347793579]",,,,
100729,684,500.0,500,87.04682159423828,mlp,,10889,89340,0,0,10889,89340,0,0,0.0,0.0,True,"[0.8111873269081116, 0.18881264328956604]","[0.8111873269081116, 0.18881264328956604]",,,,
101098,685,369.0,369,,mlp,,10889,89340,0,0,10889,89340,0,0,0.0,0.0,True,"[0.4934719204902649, 0.5065281391143799]","[0.4934719204902649, 0.5065281391143799]",,,,
101256,686,158.0,158,,mlp,,10889,89340,0,0,10889,89340,0,0,0.0,0.0,True,"[0.04853454604744911, 0.9514654874801636]","[0.04853454604744911, 0.9514654874801636]",,,,
101453,687,197.0,197,,mlp,,10889,89340,0,0,10889,89340,0,0,0.0,0.0,True,"[0.934252142906189, 0.06574789434671402]","[0.934252142906189, 0.06574789434671402]",,,,
101597,688,144.0,144,93.3302993774414,mlp,,10909,90188,0,0,10909,90188,0,0,0.0,0.0,True,"[0.24490804970264435, 0.7550919651985168]","[0.24490804970264435, 0.7550919651985168]",,,,
102006,689,409.0,409,,mlp,,10909,90188,0,0,10909,90188,0,0,0.0,0.0,True,"[0.5026231408119202, 0.4973768889904022]","[0.5026231408119202, 0.4973768889904022]",,,,
102328,690,322.0,322,,mlp,,10909,90188,0,0,10909,90188,0,0,0.0,0.0,True,"[0.289177268743515, 0.7108227014541626]","[0.289177268743515, 0.7108227014541626]",,,,
102563,691,235.0,235,,mlp,,10909,90188,0,0,10909,90188,0,0,0.0,0.0,True,"[0.9335845112800598, 0.06641543656587601]","[0.9335845112800598, 0.06641543656587601]",,,,
103063,692,500.0,500,77.69559478759766,mlp,,10949,91614,0,0,10949,91614,0,0,0.0,0.0,True,"[0.8053467273712158, 0.19465331733226776]","[0.8053467273712158, 0.19465331733226776]",,,,
103362,693,299.0,299,,mlp,,10949,91614,0,0,10949,91614,0,0,0.0,0.0,True,"[0.7841927409172058, 0.2158072292804718]","[0.7841927409172058, 0.2158072292804718]",,,,
103740,694,378.0,378,,mlp,,10949,91614,0,0,10949,91614,0,0,0.0,0.0,True,"[0.9147136211395264, 0.08528636395931244]","[0.9147136211395264, 0.08528636395931244]",,,,
104017,695,277.0,277,,mlp,,10949,91614,0,0,10949,91614,0,0,0.0,0.0,True,"[0.0711512342095375, 0.9288488030433655]","[0.0711512342095375, 0.9288488030433655]",,,,
104172,696,155.0,155,101.00955963134766,mlp,,10964,92708,0,0,10964,92708,0,0,0.0,0.0,True,"[0.3223555088043213, 0.6776444911956787]","[0.3223555088043213, 0.6776444911956787]",,,,
104359,697,187.0,187,,mlp,,10964,92708,0,0,10964,92708,0,0,0.0,0.0,True,"[0.12291595339775085, 0.8770840167999268]","[0.12291595339775085, 0.8770840167999268]",,,,
104772,698,413.0,413,,mlp,,10964,92708,0,0,10964,92708,0,0,0.0,0.0,True,"[0.15916135907173157, 0.840838611125946]","[0.15916135907173157, 0.840838611125946]",,,,
104940,699,168.0,168,,mlp,,10964,92708,0,0,10964,92708,0,0,0.0,0.0,True,"[0.9043500423431396, 0.09564995765686035]","[0.9043500423431396, 0.09564995765686035]",,,,
105268,700,328.0,328,118.87520599365234,mlp,,10980,93788,0,0,10980,93788,0,0,0.0,0.0,True,"[0.04598875716328621, 0.9540113210678101]","[0.04598875716328621, 0.9540113210678101]",,,,
