global_step,episode,episode_return,episode_length,loss,actor_type,case_entries,cases_pruned,cases_replaced,actor_cases_pruned,actor_cases_replaced,critic_cases_pruned,critic_cases_replaced,critic_label_updates,critic_label_update_samples,exploration_epsilon,behavior_epsilon,policy_ready,action_probs,behavior_action_probs,action_counts,bias_min,bias_mean,bias_max
18,1,18.0,18,,mcb_nnknn,0,0,0,0,0,0,0,0,0,0.9997846666666667,1.0,False,"[0.5, 0.5]","[0.5, 0.5]","[0, 0]",,,
32,2,14.0,14,,mcb_nnknn,0,0,0,0,0,0,0,0,0,0.9996073333333333,1.0,False,"[0.5, 0.5]","[0.5, 0.5]","[0, 0]",,,
44,3,12.0,12,,mcb_nnknn,0,0,0,0,0,0,0,0,0,0.9994553333333334,1.0,False,"[0.5, 0.5]","[0.5, 0.5]","[0, 0]",,,
62,4,18.0,18,49.193397521972656,mcb_nnknn,62,0,0,0,0,0,0,0,0,0.9992273333333334,1.0,False,"[0.5, 0.5]","[0.5, 0.5]","[26, 36]",0.0,0.0,0.0
79,5,17.0,17,,mcb_nnknn,62,0,0,0,0,0,0,0,0,0.999012,0.999012,True,"[0.2983745038509369, 0.7016254663467407]","[0.49980080127716064, 0.5001991987228394]","[26, 36]",0.0,0.0,0.0
103,6,24.0,24,,mcb_nnknn,62,0,0,0,0,0,0,0,0,0.998708,0.998708,True,"[0.4919578731060028, 0.5080421566963196]","[0.4999895989894867, 0.5000103712081909]","[26, 36]",0.0,0.0,0.0
138,7,35.0,35,,mcb_nnknn,62,0,0,0,0,0,0,0,0,0.9982646666666667,0.9982646666666667,True,"[0.7243419885635376, 0.2756580412387848]","[0.5003892779350281, 0.49961069226264954]","[26, 36]",0.0,0.0,0.0
154,8,16.0,16,83.77510833740234,mcb_nnknn,154,0,0,0,0,0,0,0,0,0.998062,0.998062,True,"[0.7395017147064209, 0.2604982554912567]","[0.500464141368866, 0.49953585863113403]","[73, 81]",-0.000499932502862066,-6.793931970605627e-05,0.0004999758093617857
191,9,37.0,37,,mcb_nnknn,154,0,0,0,0,0,0,0,0,0.9975933333333333,0.9975933333333333,True,"[0.3039618134498596, 0.6960381865501404]","[0.4995281994342804, 0.5004717707633972]","[73, 81]",-0.000499932502862066,-6.793931970605627e-05,0.0004999758093617857
207,10,16.0,16,,mcb_nnknn,154,0,0,0,0,0,0,0,0,0.9973906666666666,0.9973906666666666,True,"[0.39656174182891846, 0.6034382581710815]","[0.49973011016845703, 0.500269889831543]","[73, 81]",-0.000499932502862066,-6.793931970605627e-05,0.0004999758093617857
241,11,34.0,34,,mcb_nnknn,154,0,0,0,0,0,0,0,0,0.99696,0.99696,True,"[0.40155455470085144, 0.598445475101471]","[0.49970072507858276, 0.5002992749214172]","[73, 81]",-0.000499932502862066,-6.793931970605627e-05,0.0004999758093617857
283,12,42.0,42,115.15552520751953,mcb_nnknn,283,0,0,0,0,0,0,0,0,0.996428,0.996428,True,"[0.29375702142715454, 0.7062430381774902]","[0.49926331639289856, 0.5007367134094238]","[127, 156]",-0.0009997354354709387,-8.432308095507324e-05,0.0009990619728341699
303,13,20.0,20,,mcb_nnknn,283,0,0,0,0,0,0,0,0,0.9961746666666667,0.9961746666666667,True,"[0.6037779450416565, 0.3962220847606659]","[0.5003969669342041, 0.4996030032634735]","[127, 156]",-0.0009997354354709387,-8.432308095507324e-05,0.0009990619728341699
322,14,19.0,19,,mcb_nnknn,283,0,0,0,0,0,0,0,0,0.995934,0.995934,True,"[0.30293187499046326, 0.6970681548118591]","[0.4991987347602844, 0.5008012652397156]","[127, 156]",-0.0009997354354709387,-8.432308095507324e-05,0.0009990619728341699
340,15,18.0,18,,mcb_nnknn,283,0,0,0,0,0,0,0,0,0.995706,0.995706,True,"[0.5105017423629761, 0.4894982874393463]","[0.500045120716095, 0.4999549090862274]","[127, 156]",-0.0009997354354709387,-8.432308095507324e-05,0.0009990619728341699
352,16,12.0,12,55.31271743774414,mcb_nnknn,352,0,0,0,0,0,0,0,0,0.995554,0.995554,True,"[0.39988651871681213, 0.6001135110855103]","[0.49955490231513977, 0.5004451274871826]","[164, 188]",-0.0014913296326994896,-0.00011616638221312314,0.0014706481015309691
383,17,31.0,31,,mcb_nnknn,352,0,0,0,0,0,0,0,0,0.9951613333333333,0.9951613333333333,True,"[0.0, 1.0]","[0.4975806772708893, 0.5024193525314331]","[164, 188]",-0.0014913296326994896,-0.00011616638221312314,0.0014706481015309691
398,18,15.0,15,,mcb_nnknn,352,0,0,0,0,0,0,0,0,0.9949713333333333,0.9949713333333333,True,"[0.7031529545783997, 0.29684701561927795]","[0.5010215640068054, 0.4989784061908722]","[164, 188]",-0.0014913296326994896,-0.00011616638221312314,0.0014706481015309691
417,19,19.0,19,,mcb_nnknn,352,0,0,0,0,0,0,0,0,0.9947306666666667,0.9947306666666667,True,"[0.49004584550857544, 0.5099541544914246]","[0.49994754791259766, 0.5000524520874023]","[164, 188]",-0.0014913296326994896,-0.00011616638221312314,0.0014706481015309691
435,20,18.0,18,72.01679229736328,mcb_nnknn,435,0,0,0,0,0,0,0,0,0.9945026666666666,0.9945026666666666,True,"[0.7021764516830444, 0.29782357811927795]","[0.5011114478111267, 0.4988885819911957]","[209, 226]",-0.0018941884627565742,-0.00012710383452940732,0.001883292687125504
455,21,20.0,20,,mcb_nnknn,435,0,0,0,0,0,0,0,0,0.9942493333333333,0.9942493333333333,True,"[0.6966405510902405, 0.3033594489097595]","[0.5011308193206787, 0.4988691806793213]","[209, 226]",-0.0018941884627565742,-0.00012710383452940732,0.001883292687125504
468,22,13.0,13,,mcb_nnknn,435,0,0,0,0,0,0,0,0,0.9940846666666666,0.9940846666666666,True,"[0.8994429707527161, 0.10055702924728394]","[0.502362847328186, 0.49763715267181396]","[209, 226]",-0.0018941884627565742,-0.00012710383452940732,0.001883292687125504
488,23,20.0,20,,mcb_nnknn,435,0,0,0,0,0,0,0,0,0.9938313333333333,0.9938313333333333,True,"[0.49637386202812195, 0.5036261677742004]","[0.49997761845588684, 0.5000223517417908]","[209, 226]",-0.0018941884627565742,-0.00012710383452940732,0.001883292687125504
499,24,11.0,11,50.92087173461914,mcb_nnknn,498,0,0,0,0,0,0,0,0,0.993692,0.993692,True,"[0.29878878593444824, 0.7012112140655518]","[0.49873074889183044, 0.5012692213058472]","[247, 251]",-0.002243075519800186,-0.0001326540223089978,0.002285945462062955
514,25,15.0,15,,mcb_nnknn,498,0,0,0,0,0,0,0,0,0.993502,0.993502,True,"[0.4001353085041046, 0.599864661693573]","[0.4993510842323303, 0.5006489157676697]","[247, 251]",-0.002243075519800186,-0.0001326540223089978,0.002285945462062955
525,26,11.0,11,,mcb_nnknn,498,0,0,0,0,0,0,0,0,0.9933626666666666,0.9933626666666666,True,"[0.40155479311943054, 0.5984451770782471]","[0.4993465840816498, 0.5006533861160278]","[247, 251]",-0.002243075519800186,-0.0001326540223089978,0.002285945462062955
539,27,14.0,14,,mcb_nnknn,498,0,0,0,0,0,0,0,0,0.9931853333333334,0.9931853333333334,True,"[0.29980209469795227, 0.7001979351043701]","[0.4986357092857361, 0.5013642907142639]","[247, 251]",-0.002243075519800186,-0.0001326540223089978,0.002285945462062955
548,28,9.0,9,33.830387115478516,mcb_nnknn,497,50,0,50,0,0,0,0,0,0.9930713333333333,0.9930713333333333,True,"[0.3989270031452179, 0.6010730266571045]","[0.49929970502853394, 0.5007002949714661]","[244, 253]",-0.0013336603296920657,3.173128789057955e-05,0.0024803411215543747
594,29,46.0,46,,mcb_nnknn,497,50,0,50,0,0,0,0,0,0.9924886666666667,0.9924886666666667,True,"[0.40055373311042786, 0.5994462966918945]","[0.4992530345916748, 0.5007469654083252]","[244, 253]",-0.0013336603296920657,3.173128789057955e-05,0.0024803411215543747
638,30,44.0,44,,mcb_nnknn,497,50,0,50,0,0,0,0,0,0.9919313333333334,0.9919313333333334,True,"[0.39864346385002136, 0.6013565063476562]","[0.49918219447135925, 0.5008178353309631]","[244, 253]",-0.0013336603296920657,3.173128789057955e-05,0.0024803411215543747
665,31,27.0,27,,mcb_nnknn,497,50,0,50,0,0,0,0,0,0.9915893333333333,0.9915893333333333,True,"[0.6005992293357849, 0.39940083026885986]","[0.5008460879325867, 0.49915388226509094]","[244, 253]",-0.0013336603296920657,3.173128789057955e-05,0.0024803411215543747
679,32,14.0,14,118.97834777832031,mcb_nnknn,476,200,0,200,0,0,0,0,0,0.991412,0.991412,True,"[0.49993374943733215, 0.5000662207603455]","[0.49999943375587463, 0.5000005960464478]","[235, 241]",-0.0004991596797481179,0.0002530610654503107,0.002980036661028862
725,33,46.0,46,,mcb_nnknn,476,200,0,200,0,0,0,0,0,0.9908293333333333,0.9908293333333333,True,"[0.3010282516479492, 0.6989718079566956]","[0.4981752932071686, 0.501824676990509]","[235, 241]",-0.0004991596797481179,0.0002530610654503107,0.002980036661028862
746,34,21.0,21,,mcb_nnknn,476,200,0,200,0,0,0,0,0,0.9905633333333334,0.9905633333333334,True,"[0.4011830985546112, 0.5988169312477112]","[0.499067485332489, 0.500932514667511]","[235, 241]",-0.0004991596797481179,0.0002530610654503107,0.002980036661028862
759,35,13.0,13,,mcb_nnknn,476,200,0,200,0,0,0,0,0,0.9903986666666666,0.9903986666666666,True,"[0.5000084638595581, 0.4999915063381195]","[0.5000000596046448, 0.49999991059303284]","[235, 241]",-0.0004991596797481179,0.0002530610654503107,0.002980036661028862
778,36,19.0,19,96.59104919433594,mcb_nnknn,498,275,0,275,0,0,0,0,0,0.990158,0.990158,True,"[0.3965652883052826, 0.6034347414970398]","[0.4989820122718811, 0.5010179877281189]","[257, 241]",-0.000497039407491684,0.00031142757507041097,0.003478837199509144
820,37,42.0,42,,mcb_nnknn,498,275,0,275,0,0,0,0,0,0.989626,0.989626,True,"[0.30243635177612305, 0.697563648223877]","[0.4979504644870758, 0.5020495057106018]","[257, 241]",-0.000497039407491684,0.00031142757507041097,0.003478837199509144
828,38,8.0,8,,mcb_nnknn,498,275,0,275,0,0,0,0,0,0.9895246666666667,0.9895246666666667,True,"[0.5072239637374878, 0.4927760660648346]","[0.5000756978988647, 0.49992433190345764]","[257, 241]",-0.000497039407491684,0.00031142757507041097,0.003478837199509144
855,39,27.0,27,,mcb_nnknn,498,275,0,275,0,0,0,0,0,0.9891826666666667,0.9891826666666667,True,"[0.5994871258735657, 0.4005129337310791]","[0.5010761618614197, 0.49892380833625793]","[257, 241]",-0.000497039407491684,0.00031142757507041097,0.003478837199509144
873,40,18.0,18,95.06723022460938,mcb_nnknn,490,375,0,375,0,0,0,0,0,0.9889546666666666,0.9889546666666666,True,"[0.40664592385292053, 0.5933541059494019]","[0.49896886944770813, 0.5010311007499695]","[253, 237]",-3.1176023185253143e-06,0.0003994513244833797,0.003968431148678064
912,41,39.0,39,,mcb_nnknn,490,375,0,375,0,0,0,0,0,0.9884606666666667,0.9884606666666667,True,"[0.5031266808509827, 0.4968733787536621]","[0.5000360608100891, 0.4999639093875885]","[253, 237]",-3.1176023185253143e-06,0.0003994513244833797,0.003968431148678064
943,42,31.0,31,,mcb_nnknn,490,375,0,375,0,0,0,0,0,0.988068,0.988068,True,"[0.8004488945007324, 0.19955110549926758]","[0.5035849809646606, 0.49641504883766174]","[253, 237]",-3.1176023185253143e-06,0.0003994513244833797,0.003968431148678064
969,43,26.0,26,,mcb_nnknn,490,375,0,375,0,0,0,0,0,0.9877386666666667,0.9877386666666667,True,"[0.5965626239776611, 0.40343743562698364]","[0.5011839866638184, 0.49881601333618164]","[253, 237]",-3.1176023185253143e-06,0.0003994513244833797,0.003968431148678064
982,44,13.0,13,96.44139862060547,mcb_nnknn,500,471,2,471,2,0,0,0,0,0.987574,0.987574,True,"[0.7996715307235718, 0.20032848417758942]","[0.5037237405776978, 0.49627628922462463]","[245, 255]",0.0,0.0004339177394285798,0.004468158353120089
994,45,12.0,12,,mcb_nnknn,500,471,2,471,2,0,0,0,0,0.987422,0.987422,True,"[0.6988230347633362, 0.3011770248413086]","[0.5025007724761963, 0.4974991977214813]","[245, 255]",0.0,0.0004339177394285798,0.004468158353120089
1019,46,25.0,25,,mcb_nnknn,500,471,2,471,2,0,0,0,0,0.9871053333333333,0.9871053333333333,True,"[0.5011799931526184, 0.49882006645202637]","[0.5000151991844177, 0.4999847710132599]","[245, 255]",0.0,0.0004339177394285798,0.004468158353120089
1036,47,17.0,17,,mcb_nnknn,500,471,2,471,2,0,0,0,0,0.98689,0.98689,True,"[0.6041716933250427, 0.39582833647727966]","[0.5013656616210938, 0.49863430857658386]","[245, 255]",0.0,0.0004339177394285798,0.004468158353120089
1055,48,19.0,19,57.3968620300293,mcb_nnknn,474,567,2,567,2,0,0,0,0,0.9866493333333334,0.9866493333333334,True,"[0.5012180805206299, 0.4987819492816925]","[0.5000162720680237, 0.4999837279319763]","[237, 237]",0.0,0.0005196072743274271,0.00439234497025609
1069,49,14.0,14,,mcb_nnknn,474,567,2,567,2,0,0,0,0,0.986472,0.986472,True,"[0.5020360350608826, 0.4979639947414398]","[0.5000275373458862, 0.49997246265411377]","[237, 237]",0.0,0.0005196072743274271,0.00439234497025609
1082,50,13.0,13,,mcb_nnknn,474,567,2,567,2,0,0,0,0,0.9863073333333333,0.9863073333333333,True,"[0.4994240999221802, 0.5005759596824646]","[0.49999210238456726, 0.5000078678131104]","[237, 237]",0.0,0.0005196072743274271,0.00439234497025609
1108,51,26.0,26,,mcb_nnknn,474,567,2,567,2,0,0,0,0,0.985978,0.985978,True,"[0.7007451057434082, 0.2992549538612366]","[0.5028148293495178, 0.4971851408481598]","[237, 237]",0.0,0.0005196072743274271,0.00439234497025609
1125,52,17.0,17,54.228824615478516,mcb_nnknn,500,604,5,604,5,0,0,0,0,0.9857626666666667,0.9857626666666667,True,"[0.29958486557006836, 0.7004151344299316]","[0.4971466064453125, 0.5028533935546875]","[257, 243]",0.0,0.0005156340776011348,0.004314167890697718
1137,53,12.0,12,,mcb_nnknn,500,604,5,604,5,0,0,0,0,0.9856106666666666,0.9856106666666666,True,"[0.2012876719236374, 0.7987123131752014]","[0.49570173025131226, 0.5042982697486877]","[257, 243]",0.0,0.0005156340776011348,0.004314167890697718
1146,54,9.0,9,,mcb_nnknn,500,604,5,604,5,0,0,0,0,0.9854966666666667,0.9854966666666667,True,"[0.3981044590473175, 0.6018955707550049]","[0.49852216243743896, 0.501477837562561]","[257, 243]",0.0,0.0005156340776011348,0.004314167890697718
1177,55,31.0,31,,mcb_nnknn,500,604,5,604,5,0,0,0,0,0.985104,0.985104,True,"[0.1998915672302246, 0.8001084327697754]","[0.4955295920372009, 0.5044704079627991]","[257, 243]",0.0,0.0005156340776011348,0.004314167890697718
1193,56,16.0,16,61.60124588012695,mcb_nnknn,496,672,5,672,5,0,0,0,0,0.9849013333333333,0.9849013333333333,True,"[0.7985009551048279, 0.20149901509284973]","[0.5045069456100464, 0.4954930245876312]","[259, 237]",0.0,0.0005288429092615843,0.004240582697093487
1227,57,34.0,34,,mcb_nnknn,496,672,5,672,5,0,0,0,0,0.9844706666666667,0.9844706666666667,True,"[0.8006892204284668, 0.19931082427501678]","[0.5046694874763489, 0.49533048272132874]","[259, 237]",0.0,0.0005288429092615843,0.004240582697093487
1238,58,11.0,11,,mcb_nnknn,496,672,5,672,5,0,0,0,0,0.9843313333333333,0.9843313333333333,True,"[0.5992580056190491, 0.4007419943809509]","[0.5015552639961243, 0.4984447658061981]","[259, 237]",0.0,0.0005288429092615843,0.004240582697093487
1263,59,25.0,25,,mcb_nnknn,496,672,5,672,5,0,0,0,0,0.9840146666666667,0.9840146666666667,True,"[0.40148672461509705, 0.5985132455825806]","[0.4984252452850342, 0.5015747547149658]","[259, 237]",0.0,0.0005288429092615843,0.004240582697093487
1299,60,36.0,36,93.3218994140625,mcb_nnknn,500,747,26,747,26,0,0,0,0,0.9835586666666667,0.9835586666666667,True,"[0.4025731384754181, 0.5974268913269043]","[0.49839818477630615, 0.5016018152236938]","[249, 251]",0.0,0.0005906481528654695,0.004167571198195219
1320,61,21.0,21,,mcb_nnknn,500,747,26,747,26,0,0,0,0,0.9832926666666667,0.9832926666666667,True,"[0.798896849155426, 0.2011031210422516]","[0.5049937963485718, 0.4950062334537506]","[249, 251]",0.0,0.0005906481528654695,0.004167571198195219
1352,62,32.0,32,,mcb_nnknn,500,747,26,747,26,0,0,0,0,0.9828873333333333,0.9828873333333333,True,"[0.499080628156662, 0.5009193420410156]","[0.4999842643737793, 0.5000157356262207]","[249, 251]",0.0,0.0005906481528654695,0.004167571198195219
1365,63,13.0,13,,mcb_nnknn,500,747,26,747,26,0,0,0,0,0.9827226666666666,0.9827226666666666,True,"[0.39914166927337646, 0.6008583307266235]","[0.49825742840766907, 0.5017425417900085]","[249, 251]",0.0,0.0005906481528654695,0.004167571198195219
1381,64,16.0,16,67.93206024169922,mcb_nnknn,500,808,40,808,40,0,0,0,0,0.98252,0.98252,True,"[0.4995543360710144, 0.5004457235336304]","[0.4999922215938568, 0.5000078082084656]","[241, 259]",0.0,0.0006300380337052047,0.004375383257865906
1393,65,12.0,12,,mcb_nnknn,500,808,40,808,40,0,0,0,0,0.982368,0.982368,True,"[0.7989879250526428, 0.2010120451450348]","[0.5052717328071594, 0.4947282373905182]","[241, 259]",0.0,0.0006300380337052047,0.004375383257865906
1412,66,19.0,19,,mcb_nnknn,500,808,40,808,40,0,0,0,0,0.9821273333333334,0.9821273333333334,True,"[0.19974574446678162, 0.800254225730896]","[0.49463364481925964, 0.505366325378418]","[241, 259]",0.0,0.0006300380337052047,0.004375383257865906
1428,67,16.0,16,,mcb_nnknn,500,808,40,808,40,0,0,0,0,0.9819246666666667,0.9819246666666667,True,"[0.6011349558830261, 0.3988650441169739]","[0.5018280744552612, 0.49817195534706116]","[241, 259]",0.0,0.0006300380337052047,0.004375383257865906
1455,68,27.0,27,56.0743293762207,mcb_nnknn,500,849,68,849,68,0,0,0,0,0.9815826666666667,0.9815826666666667,True,"[0.7078766226768494, 0.29212337732315063]","[0.5038285255432129, 0.4961714744567871]","[242, 258]",0.0,0.0006266395794227719,0.004875175189226866
1512,69,57.0,57,,mcb_nnknn,500,849,68,849,68,0,0,0,0,0.9808606666666667,0.9808606666666667,True,"[0.3982830345630646, 0.6017169952392578]","[0.4980531930923462, 0.5019468069076538]","[242, 258]",0.0,0.0006266395794227719,0.004875175189226866
1539,70,27.0,27,,mcb_nnknn,500,849,68,849,68,0,0,0,0,0.9805186666666666,0.9805186666666666,True,"[0.39889198541641235, 0.6011080145835876]","[0.49803027510643005, 0.5019696950912476]","[242, 258]",0.0,0.0006266395794227719,0.004875175189226866
1558,71,19.0,19,,mcb_nnknn,500,849,68,849,68,0,0,0,0,0.980278,0.980278,True,"[0.5019433498382568, 0.49805667996406555]","[0.5000383257865906, 0.4999616742134094]","[242, 258]",0.0,0.0006266395794227719,0.004875175189226866
1579,72,21.0,21,109.2935562133789,mcb_nnknn,500,908,127,908,127,0,0,0,0,0.980012,0.980012,True,"[0.596237063407898, 0.40376290678977966]","[0.5019235610961914, 0.4980764091014862]","[239, 261]",0.0,0.0006452510133385658,0.00537340622395277
1589,73,10.0,10,,mcb_nnknn,500,908,127,908,127,0,0,0,0,0.9798853333333334,0.9798853333333334,True,"[0.800080418586731, 0.19991964101791382]","[0.5060360431671143, 0.49396398663520813]","[239, 261]",0.0,0.0006452510133385658,0.00537340622395277
1605,74,16.0,16,,mcb_nnknn,500,908,127,908,127,0,0,0,0,0.9796826666666667,0.9796826666666667,True,"[0.49941545724868774, 0.500584602355957]","[0.4999881386756897, 0.5000118613243103]","[239, 261]",0.0,0.0006452510133385658,0.00537340622395277
1620,75,15.0,15,,mcb_nnknn,500,908,127,908,127,0,0,0,0,0.9794926666666667,0.9794926666666667,True,"[0.8988398909568787, 0.10116011649370193]","[0.5081791281700134, 0.4918208420276642]","[239, 261]",0.0,0.0006452510133385658,0.00537340622395277
1665,76,45.0,45,84.9327392578125,mcb_nnknn,500,947,169,947,169,0,0,0,0,0.9789226666666667,0.9789226666666667,True,"[0.4955771863460541, 0.5044227838516235]","[0.4999067783355713, 0.5000932216644287]","[239, 261]",0.0,0.0006539703463204205,0.0048740156926214695
1681,77,16.0,16,,mcb_nnknn,500,947,169,947,169,0,0,0,0,0.97872,0.97872,True,"[0.39851149916648865, 0.601488471031189]","[0.4978403151035309, 0.5021596550941467]","[239, 261]",0.0,0.0006539703463204205,0.0048740156926214695
1693,78,12.0,12,,mcb_nnknn,500,947,169,947,169,0,0,0,0,0.978568,0.978568,True,"[0.7002977132797241, 0.2997022867202759]","[0.5042927861213684, 0.4957072138786316]","[239, 261]",0.0,0.0006539703463204205,0.0048740156926214695
1710,79,17.0,17,,mcb_nnknn,500,947,169,947,169,0,0,0,0,0.9783526666666666,0.9783526666666666,True,"[0.3994010388851166, 0.600598931312561]","[0.4978223145008087, 0.5021777153015137]","[239, 261]",0.0,0.0006539703463204205,0.0048740156926214695
1723,80,13.0,13,34.32737350463867,mcb_nnknn,500,987,180,987,180,0,0,0,0,0.978188,0.978188,True,"[0.6019648313522339, 0.3980351686477661]","[0.5022240877151489, 0.49777594208717346]","[239, 261]",0.0,0.0006645490066148341,0.004374165087938309
1744,81,21.0,21,,mcb_nnknn,500,987,180,987,180,0,0,0,0,0.977922,0.977922,True,"[0.19888125360012054, 0.8011187314987183]","[0.49335190653800964, 0.506648063659668]","[239, 261]",0.0,0.0006645490066148341,0.004374165087938309
1765,82,21.0,21,,mcb_nnknn,500,987,180,987,180,0,0,0,0,0.977656,0.977656,True,"[0.8005952835083008, 0.19940468668937683]","[0.5067164897918701, 0.4932835102081299]","[239, 261]",0.0,0.0006645490066148341,0.004374165087938309
1784,83,19.0,19,,mcb_nnknn,500,987,180,987,180,0,0,0,0,0.9774153333333333,0.9774153333333333,True,"[0.7006149291992188, 0.29938507080078125]","[0.5045308470726013, 0.49546918272972107]","[239, 261]",0.0,0.0006645490066148341,0.004374165087938309
1796,84,12.0,12,48.5359001159668,mcb_nnknn,500,1038,196,1038,196,0,0,0,0,0.9772633333333334,0.9772633333333334,True,"[0.5009847283363342, 0.49901530146598816]","[0.5000224113464355, 0.49997761845588684]","[245, 255]",0.0,0.0006838537519797683,0.004872702062129974
1823,85,27.0,27,,mcb_nnknn,500,1038,196,1038,196,0,0,0,0,0.9769213333333333,0.9769213333333333,True,"[0.7008056044578552, 0.2991943657398224]","[0.5046343207359314, 0.4953656792640686]","[245, 255]",0.0,0.0006838537519797683,0.004872702062129974
1836,86,13.0,13,,mcb_nnknn,500,1038,196,1038,196,0,0,0,0,0.9767566666666667,0.9767566666666667,True,"[0.0, 1.0]","[0.4883783459663391, 0.5116216540336609]","[245, 255]",0.0,0.0006838537519797683,0.004872702062129974
1854,87,18.0,18,,mcb_nnknn,500,1038,196,1038,196,0,0,0,0,0.9765286666666667,0.9765286666666667,True,"[0.298257976770401, 0.7017419934272766]","[0.49526482820510864, 0.5047351717948914]","[245, 255]",0.0,0.0006838537519797683,0.004872702062129974
1878,88,24.0,24,58.53572463989258,mcb_nnknn,500,1094,214,1094,214,0,0,0,0,0.9762246666666666,0.9762246666666666,True,"[0.5001959204673767, 0.4998040795326233]","[0.5000046491622925, 0.4999953508377075]","[251, 249]",0.0,0.0007088352576829493,0.005113316234201193
1901,89,23.0,23,,mcb_nnknn,500,1094,214,1094,214,0,0,0,0,0.9759333333333333,0.9759333333333333,True,"[0.39623844623565674, 0.6037615537643433]","[0.49750280380249023, 0.5024971961975098]","[251, 249]",0.0,0.0007088352576829493,0.005113316234201193
1915,90,14.0,14,,mcb_nnknn,500,1094,214,1094,214,0,0,0,0,0.975756,0.975756,True,"[0.49991652369499207, 0.5000834465026855]","[0.49999797344207764, 0.5000020265579224]","[251, 249]",0.0,0.0007088352576829493,0.005113316234201193
1932,91,17.0,17,,mcb_nnknn,500,1094,214,1094,214,0,0,0,0,0.9755406666666666,0.9755406666666666,True,"[0.10008258372545242, 0.8999174237251282]","[0.49021828174591064, 0.5097817182540894]","[251, 249]",0.0,0.0007088352576829493,0.005113316234201193
1946,92,14.0,14,43.92341613769531,mcb_nnknn,500,1140,228,1140,228,0,0,0,0,0.9753633333333334,0.9753633333333334,True,"[0.701271653175354, 0.2987283766269684]","[0.5049586892127991, 0.4950413405895233]","[247, 253]",0.0,0.000700986769516021,0.005028415005654097
1959,93,13.0,13,,mcb_nnknn,500,1140,228,1140,228,0,0,0,0,0.9751986666666667,0.9751986666666667,True,"[0.09948454052209854, 0.9005154371261597]","[0.49006667733192444, 0.5099332928657532]","[247, 253]",0.0,0.000700986769516021,0.005028415005654097
1973,94,14.0,14,,mcb_nnknn,500,1140,228,1140,228,0,0,0,0,0.9750213333333333,0.9750213333333333,True,"[0.501004159450531, 0.49899590015411377]","[0.5000250935554504, 0.49997490644454956]","[247, 253]",0.0,0.000700986769516021,0.005028415005654097
1992,95,19.0,19,,mcb_nnknn,500,1140,228,1140,228,0,0,0,0,0.9747806666666666,0.9747806666666666,True,"[0.19914601743221283, 0.800853967666626]","[0.49241265654563904, 0.5075873136520386]","[247, 253]",0.0,0.000700986769516021,0.005028415005654097
2019,96,27.0,27,50.5322151184082,mcb_nnknn,500,1174,258,1174,258,0,0,0,0,0.9744386666666667,0.9744386666666667,True,"[0.6977202296257019, 0.3022798001766205]","[0.5050539970397949, 0.4949460029602051]","[252, 248]",0.0,0.0007258724072016776,0.005528082139790058
2043,97,24.0,24,,mcb_nnknn,500,1174,258,1174,258,0,0,0,0,0.9741346666666667,0.9741346666666667,True,"[0.3994673788547516, 0.600532591342926]","[0.4973996877670288, 0.5026003122329712]","[252, 248]",0.0,0.0007258724072016776,0.005528082139790058
2059,98,16.0,16,,mcb_nnknn,500,1174,258,1174,258,0,0,0,0,0.973932,0.973932,True,"[0.1993144154548645, 0.8006856441497803]","[0.49216175079345703, 0.507838249206543]","[252, 248]",0.0,0.0007258724072016776,0.005528082139790058
2093,99,34.0,34,,mcb_nnknn,500,1174,258,1174,258,0,0,0,0,0.9735013333333333,0.9735013333333333,True,"[0.8084215521812439, 0.19157850742340088]","[0.5081727504730225, 0.49182724952697754]","[252, 248]",0.0,0.0007258724072016776,0.005528082139790058
2117,100,24.0,24,72.4443130493164,mcb_nnknn,500,1223,298,1223,298,0,0,0,0,0.9731973333333334,0.9731973333333334,True,"[0.6998944878578186, 0.300105482339859]","[0.5053576827049255, 0.4946422874927521]","[239, 261]",0.0,0.0007390945102088153,0.005039007868617773
2145,101,28.0,28,,mcb_nnknn,500,1223,298,1223,298,0,0,0,0,0.9728426666666666,0.9728426666666666,True,"[0.6006955504417419, 0.39930450916290283]","[0.5027346014976501, 0.49726536870002747]","[239, 261]",0.0,0.0007390945102088153,0.005039007868617773
2170,102,25.0,25,,mcb_nnknn,500,1223,298,1223,298,0,0,0,0,0.972526,0.972526,True,"[0.6993773579597473, 0.3006226718425751]","[0.5054776668548584, 0.4945223033428192]","[239, 261]",0.0,0.0007390945102088153,0.005039007868617773
2211,103,41.0,41,,mcb_nnknn,500,1223,298,1223,298,0,0,0,0,0.9720066666666667,0.9720066666666667,True,"[0.6998843550682068, 0.3001156747341156]","[0.5055954456329346, 0.4944045841693878]","[239, 261]",0.0,0.0007390945102088153,0.005039007868617773
2223,104,12.0,12,85.31544494628906,mcb_nnknn,500,1270,347,1270,347,0,0,0,0,0.9718546666666666,0.9718546666666666,True,"[0.10005120187997818, 0.89994877576828]","[0.48874330520629883, 0.5112566947937012]","[239, 261]",0.0,0.0007711936486884952,0.005537298042327166
2242,105,19.0,19,,mcb_nnknn,500,1270,347,1270,347,0,0,0,0,0.971614,0.971614,True,"[0.8022238612174988, 0.19777613878250122]","[0.508578896522522, 0.49142107367515564]","[239, 261]",0.0,0.0007711936486884952,0.005537298042327166
2262,106,20.0,20,,mcb_nnknn,500,1270,347,1270,347,0,0,0,0,0.9713606666666667,0.9713606666666667,True,"[0.3995676636695862, 0.6004323363304138]","[0.49712368845939636, 0.502876341342926]","[239, 261]",0.0,0.0007711936486884952,0.005537298042327166
2285,107,23.0,23,,mcb_nnknn,500,1270,347,1270,347,0,0,0,0,0.9710693333333333,0.9710693333333333,True,"[0.40251246094703674, 0.5974875688552856]","[0.49717962741851807, 0.5028203725814819]","[239, 261]",0.0,0.0007711936486884952,0.005537298042327166
2294,108,9.0,9,46.5902099609375,mcb_nnknn,500,1310,367,1310,367,0,0,0,0,0.9709553333333333,0.9709553333333333,True,"[0.3005088269710541, 0.6994912028312683]","[0.4942058324813843, 0.5057941675186157]","[244, 256]",0.0,0.0007834968855604529,0.005039543844759464
2314,109,20.0,20,,mcb_nnknn,500,1310,367,1310,367,0,0,0,0,0.970702,0.970702,True,"[0.5031983256340027, 0.4968017041683197]","[0.5000936985015869, 0.4999063014984131]","[244, 256]",0.0,0.0007834968855604529,0.005039543844759464
2360,110,46.0,46,,mcb_nnknn,500,1310,367,1310,367,0,0,0,0,0.9701193333333333,0.9701193333333333,True,"[0.3012756109237671, 0.6987243890762329]","[0.49406197667121887, 0.5059379935264587]","[244, 256]",0.0,0.0007834968855604529,0.005039543844759464
2379,111,19.0,19,,mcb_nnknn,500,1310,367,1310,367,0,0,0,0,0.9698786666666667,0.9698786666666667,True,"[0.39808252453804016, 0.6019174456596375]","[0.4969301223754883, 0.5030698776245117]","[244, 256]",0.0,0.0007834968855604529,0.005039543844759464
2414,112,35.0,35,92.35404968261719,mcb_nnknn,500,1359,428,1359,428,0,0,0,0,0.9694353333333333,0.9694353333333333,True,"[0.5993894934654236, 0.4006105661392212]","[0.5030378103256226, 0.49696218967437744]","[251, 249]",0.0,0.0008239481830969453,0.005538763478398323
2444,113,30.0,30,,mcb_nnknn,500,1359,428,1359,428,0,0,0,0,0.9690553333333334,0.9690553333333334,True,"[0.9004077315330505, 0.09959230571985245]","[0.5123904943466187, 0.48760953545570374]","[251, 249]",0.0,0.0008239481830969453,0.005538763478398323
2466,114,22.0,22,,mcb_nnknn,500,1359,428,1359,428,0,0,0,0,0.9687766666666666,0.9687766666666666,True,"[0.19815096259117126, 0.8018490672111511]","[0.49057525396347046, 0.5094247460365295]","[251, 249]",0.0,0.0008239481830969453,0.005538763478398323
2479,115,13.0,13,,mcb_nnknn,500,1359,428,1359,428,0,0,0,0,0.968612,0.968612,True,"[0.4970911741256714, 0.5029088854789734]","[0.4999086856842041, 0.5000913143157959]","[251, 249]",0.0,0.0008239481830969453,0.005538763478398323
2490,116,11.0,11,55.607791900634766,mcb_nnknn,500,1396,455,1396,455,0,0,0,0,0.9684726666666666,0.9684726666666666,True,"[0.4960966408252716, 0.5039033889770508]","[0.4998769462108612, 0.5001230835914612]","[246, 254]",0.0,0.0008415548363700509,0.006038455292582512
2510,117,20.0,20,,mcb_nnknn,500,1396,455,1396,455,0,0,0,0,0.9682193333333333,0.9682193333333333,True,"[0.5968832969665527, 0.40311673283576965]","[0.5030789971351624, 0.49692097306251526]","[246, 254]",0.0,0.0008415548363700509,0.006038455292582512
2529,118,19.0,19,,mcb_nnknn,500,1396,455,1396,455,0,0,0,0,0.9679786666666667,0.9679786666666667,True,"[0.6012153625488281, 0.3987846374511719]","[0.5032410621643066, 0.49675893783569336]","[246, 254]",0.0,0.0008415548363700509,0.006038455292582512
2541,119,12.0,12,,mcb_nnknn,500,1396,455,1396,455,0,0,0,0,0.9678266666666666,0.9678266666666666,True,"[0.8999325633049011, 0.10006745159626007]","[0.5128671526908875, 0.48713284730911255]","[246, 254]",0.0,0.0008415548363700509,0.006038455292582512
2568,120,27.0,27,51.32661056518555,mcb_nnknn,500,1430,487,1430,487,0,0,0,0,0.9674846666666667,0.9674846666666667,True,"[0.4998535215854645, 0.5001464486122131]","[0.49999523162841797, 0.500004768371582]","[237, 263]",0.0,0.000866318354383111,0.005538651254028082
2583,121,15.0,15,,mcb_nnknn,500,1430,487,1430,487,0,0,0,0,0.9672946666666666,0.9672946666666666,True,"[0.20024660229682922, 0.7997533679008484]","[0.49019646644592285, 0.5098035335540771]","[237, 263]",0.0,0.000866318354383111,0.005538651254028082
2593,122,10.0,10,,mcb_nnknn,500,1430,487,1430,487,0,0,0,0,0.967168,0.967168,True,"[0.3003610074520111, 0.6996389627456665]","[0.4934454560279846, 0.5065545439720154]","[237, 263]",0.0,0.000866318354383111,0.005538651254028082
2620,123,27.0,27,,mcb_nnknn,500,1430,487,1430,487,0,0,0,0,0.966826,0.966826,True,"[0.19872303307056427, 0.8012769818305969]","[0.4900054335594177, 0.5099945664405823]","[237, 263]",0.0,0.000866318354383111,0.005538651254028082
2646,124,26.0,26,53.46339416503906,mcb_nnknn,500,1449,533,1449,533,0,0,0,0,0.9664966666666667,0.9664966666666667,True,"[0.3002725839614868, 0.699727475643158]","[0.4933084547519684, 0.5066915154457092]","[244, 256]",0.0,0.0008698835154064,0.0060381414368748665
2663,125,17.0,17,,mcb_nnknn,500,1449,533,1449,533,0,0,0,0,0.9662813333333333,0.9662813333333333,True,"[0.19988076388835907, 0.8001192212104797]","[0.48988038301467896, 0.510119616985321]","[244, 256]",0.0,0.0008698835154064,0.0060381414368748665
2674,126,11.0,11,,mcb_nnknn,500,1449,533,1449,533,0,0,0,0,0.9661420000000001,0.9661420000000001,True,"[0.8995952606201172, 0.10040473192930222]","[0.5135294795036316, 0.486470490694046]","[244, 256]",0.0,0.0008698835154064,0.0060381414368748665
2690,127,16.0,16,,mcb_nnknn,500,1449,533,1449,533,0,0,0,0,0.9659393333333334,0.9659393333333334,True,"[0.8036777973175049, 0.1963222175836563]","[0.5103434920310974, 0.489656537771225]","[244, 256]",0.0,0.0008698835154064,0.0060381414368748665
2738,128,48.0,48,78.70768737792969,mcb_nnknn,500,1494,569,1494,569,0,0,0,0,0.9653313333333333,0.9653313333333333,True,"[0.8010711669921875, 0.19892889261245728]","[0.5104377269744873, 0.4895622730255127]","[245, 255]",0.0,0.0008705900982022285,0.0055384510196745396
2755,129,17.0,17,,mcb_nnknn,500,1494,569,1494,569,0,0,0,0,0.965116,0.965116,True,"[0.4009600281715393, 0.5990400314331055]","[0.49654510617256165, 0.5034549236297607]","[245, 255]",0.0,0.0008705900982022285,0.0055384510196745396
2787,130,32.0,32,,mcb_nnknn,500,1494,569,1494,569,0,0,0,0,0.9647106666666667,0.9647106666666667,True,"[0.6998674869537354, 0.3001325726509094]","[0.5070531964302063, 0.4929468035697937]","[245, 255]",0.0,0.0008705900982022285,0.0055384510196745396
2805,131,18.0,18,,mcb_nnknn,500,1494,569,1494,569,0,0,0,0,0.9644826666666667,0.9644826666666667,True,"[0.0, 1.0]","[0.48224133253097534, 0.5177586674690247]","[245, 255]",0.0,0.0008705900982022285,0.0055384510196745396
2824,132,19.0,19,56.95294952392578,mcb_nnknn,500,1524,608,1524,608,0,0,0,0,0.964242,0.964242,True,"[0.0, 1.0]","[0.48212099075317383, 0.5178790092468262]","[252, 248]",0.0,0.0008748609106987715,0.005583561025559902
2848,133,24.0,24,,mcb_nnknn,500,1524,608,1524,608,0,0,0,0,0.963938,0.963938,True,"[0.5997289419174194, 0.4002710282802582]","[0.5035964250564575, 0.4964035749435425]","[252, 248]",0.0,0.0008748609106987715,0.005583561025559902
2870,134,22.0,22,,mcb_nnknn,500,1524,608,1524,608,0,0,0,0,0.9636593333333333,0.9636593333333333,True,"[0.3991738557815552, 0.6008262038230896]","[0.4963359236717224, 0.5036640763282776]","[252, 248]",0.0,0.0008748609106987715,0.005583561025559902
2882,135,12.0,12,,mcb_nnknn,500,1524,608,1524,608,0,0,0,0,0.9635073333333334,0.9635073333333334,True,"[0.5985312461853027, 0.40146878361701965]","[0.5035956501960754, 0.49640434980392456]","[252, 248]",0.0,0.0008748609106987715,0.005583561025559902
2949,136,67.0,67,110.20024871826172,mcb_nnknn,500,1585,657,1585,657,0,0,0,0,0.9626586666666667,0.9626586666666667,True,"[0.3951849937438965, 0.6048150062561035]","[0.496086061000824, 0.503913938999176]","[241, 259]",0.0,0.000916343939024955,0.005785901565104723
2975,137,26.0,26,,mcb_nnknn,500,1585,657,1585,657,0,0,0,0,0.9623293333333334,0.9623293333333334,True,"[0.504423975944519, 0.49557602405548096]","[0.500166654586792, 0.499833345413208]","[241, 259]",0.0,0.000916343939024955,0.005785901565104723
2994,138,19.0,19,,mcb_nnknn,500,1585,657,1585,657,0,0,0,0,0.9620886666666667,0.9620886666666667,True,"[0.40400680899620056, 0.5959932208061218]","[0.49636077880859375, 0.5036392211914062]","[241, 259]",0.0,0.000916343939024955,0.005785901565104723
3038,139,44.0,44,,mcb_nnknn,500,1585,657,1585,657,0,0,0,0,0.9615313333333333,0.9615313333333333,True,"[0.19348298013210297, 0.8065170049667358]","[0.48820871114730835, 0.5117912888526917]","[241, 259]",0.0,0.000916343939024955,0.005785901565104723
3087,140,49.0,49,102.15520477294922,mcb_nnknn,500,1619,744,1619,744,0,0,0,0,0.9609106666666667,0.9609106666666667,True,"[0.2989635467529297, 0.7010364532470703]","[0.49214163422584534, 0.507858395576477]","[244, 256]",0.0,0.0009521889733150601,0.005935837980359793
3115,141,28.0,28,,mcb_nnknn,500,1619,744,1619,744,0,0,0,0,0.960556,0.960556,True,"[0.10110774636268616, 0.8988922238349915]","[0.484266072511673, 0.5157338976860046]","[244, 256]",0.0,0.0009521889733150601,0.005935837980359793
3151,142,36.0,36,,mcb_nnknn,500,1619,744,1619,744,0,0,0,0,0.9601,0.9601,True,"[0.9002045392990112, 0.09979546070098877]","[0.5159681439399719, 0.4840318262577057]","[244, 256]",0.0,0.0009521889733150601,0.005935837980359793
3179,143,28.0,28,,mcb_nnknn,500,1619,744,1619,744,0,0,0,0,0.9597453333333333,0.9597453333333333,True,"[0.7991814017295837, 0.20081861317157745]","[0.5120434165000916, 0.48795655369758606]","[244, 256]",0.0,0.0009521889733150601,0.005935837980359793
3191,144,12.0,12,72.08885955810547,mcb_nnknn,500,1666,787,1666,787,0,0,0,0,0.9595933333333333,0.9595933333333333,True,"[0.10053432732820511, 0.8994656801223755]","[0.48385894298553467, 0.5161410570144653]","[242, 258]",0.0,0.0009998815366998315,0.0062286159954965115
3240,145,49.0,49,,mcb_nnknn,500,1666,787,1666,787,0,0,0,0,0.9589726666666667,0.9589726666666667,True,"[0.7967404127120972, 0.20325957238674164]","[0.5121744871139526, 0.48782554268836975]","[242, 258]",0.0,0.0009998815366998315,0.0062286159954965115
3251,146,11.0,11,,mcb_nnknn,500,1666,787,1666,787,0,0,0,0,0.9588333333333333,0.9588333333333333,True,"[0.4005716145038605, 0.5994284152984619]","[0.49590685963630676, 0.5040931105613708]","[242, 258]",0.0,0.0009998815366998315,0.0062286159954965115
3264,147,13.0,13,,mcb_nnknn,500,1666,787,1666,787,0,0,0,0,0.9586686666666666,0.9586686666666666,True,"[0.7990536689758301, 0.20094634592533112]","[0.5123602747917175, 0.4876396954059601]","[242, 258]",0.0,0.0009998815366998315,0.0062286159954965115
3286,148,22.0,22,80.39093780517578,mcb_nnknn,500,1696,838,1696,838,0,0,0,0,0.95839,0.95839,True,"[0.7994654774665833, 0.20053453743457794]","[0.5124607682228088, 0.48753923177719116]","[243, 257]",0.0,0.0010312153026461601,0.006426256150007248
3301,149,15.0,15,,mcb_nnknn,500,1696,838,1696,838,0,0,0,0,0.9581999999999999,0.9581999999999999,True,"[0.598609209060669, 0.40139085054397583]","[0.5041218400001526, 0.495878130197525]","[243, 257]",0.0,0.0010312153026461601,0.006426256150007248
3331,150,30.0,30,,mcb_nnknn,500,1696,838,1696,838,0,0,0,0,0.95782,0.95782,True,"[0.9013348817825317, 0.09866510331630707]","[0.5169283151626587, 0.4830716848373413]","[243, 257]",0.0,0.0010312153026461601,0.006426256150007248
3344,151,13.0,13,,mcb_nnknn,500,1696,838,1696,838,0,0,0,0,0.9576553333333333,0.9576553333333333,True,"[0.0, 1.0]","[0.47882765531539917, 0.5211723446846008]","[243, 257]",0.0,0.0010312153026461601,0.006426256150007248
3359,152,15.0,15,47.07113265991211,mcb_nnknn,500,1712,879,1712,879,0,0,0,0,0.9574653333333334,0.9574653333333334,True,"[0.0, 1.0]","[0.4787326753139496, 0.521267294883728]","[239, 261]",0.0,0.0010903194779530168,0.006926154252141714
3374,153,15.0,15,,mcb_nnknn,500,1712,879,1712,879,0,0,0,0,0.9572753333333334,0.9572753333333334,True,"[0.19893360137939453, 0.8010663986206055]","[0.4871370494365692, 0.5128629803657532]","[239, 261]",0.0,0.0010903194779530168,0.006926154252141714
3420,154,46.0,46,,mcb_nnknn,500,1712,879,1712,879,0,0,0,0,0.9566926666666666,0.9566926666666666,True,"[0.09988255053758621, 0.9001174569129944]","[0.4826720058917999, 0.5173280239105225]","[239, 261]",0.0,0.0010903194779530168,0.006926154252141714
3463,155,43.0,43,,mcb_nnknn,500,1712,879,1712,879,0,0,0,0,0.956148,0.956148,True,"[0.5019722580909729, 0.4980277419090271]","[0.5000864863395691, 0.4999135136604309]","[239, 261]",0.0,0.0010903194779530168,0.006926154252141714
3481,156,18.0,18,94.44285583496094,mcb_nnknn,500,1727,966,1727,966,0,0,0,0,0.95592,0.95592,True,"[0.9008215069770813, 0.09917847812175751]","[0.5176682472229004, 0.482331782579422]","[237, 263]",0.0,0.0011014427291229367,0.00742547120898962
3505,157,24.0,24,,mcb_nnknn,500,1727,966,1727,966,0,0,0,0,0.955616,0.955616,True,"[0.09850272536277771, 0.9014972448348999]","[0.4821799397468567, 0.5178200602531433]","[237, 263]",0.0,0.0011014427291229367,0.00742547120898962
3527,158,22.0,22,,mcb_nnknn,500,1727,966,1727,966,0,0,0,0,0.9553373333333334,0.9553373333333334,True,"[0.09946875274181366, 0.9005312919616699]","[0.48211121559143066, 0.5178887844085693]","[237, 263]",0.0,0.0011014427291229367,0.00742547120898962
3561,159,34.0,34,,mcb_nnknn,500,1727,966,1727,966,0,0,0,0,0.9549066666666667,0.9549066666666667,True,"[0.9005143642425537, 0.09948563575744629]","[0.518060564994812, 0.4819394648075104]","[237, 263]",0.0,0.0011014427291229367,0.00742547120898962
3594,160,33.0,33,70.56256866455078,mcb_nnknn,500,1745,1043,1745,1043,0,0,0,0,0.9544886666666667,0.9544886666666667,True,"[1.0, 0.0]","[0.5227556228637695, 0.4772443473339081]","[238, 262]",0.0,0.0010754875838756561,0.006925572641193867
3609,161,15.0,15,,mcb_nnknn,500,1745,1043,1745,1043,0,0,0,0,0.9542986666666666,0.9542986666666666,True,"[0.5020400285720825, 0.4979599416255951]","[0.5000932216644287, 0.4999067783355713]","[238, 262]",0.0,0.0010754875838756561,0.006925572641193867
3645,162,36.0,36,,mcb_nnknn,500,1745,1043,1745,1043,0,0,0,0,0.9538426666666666,0.9538426666666666,True,"[0.4999355375766754, 0.500064492225647]","[0.49999701976776123, 0.5000029802322388]","[238, 262]",0.0,0.0010754875838756561,0.006925572641193867
3676,163,31.0,31,,mcb_nnknn,500,1745,1043,1745,1043,0,0,0,0,0.95345,0.95345,True,"[0.8013665080070496, 0.19863350689411163]","[0.5140286087989807, 0.4859713912010193]","[238, 262]",0.0,0.0010754875838756561,0.006925572641193867
3700,164,24.0,24,65.03461456298828,mcb_nnknn,500,1786,1090,1786,1090,0,0,0,0,0.953146,0.953146,True,"[0.19900678098201752, 0.8009932637214661]","[0.4858972430229187, 0.5141027569770813]","[232, 268]",0.0,0.001052818726748228,0.006918994709849358
3749,165,49.0,49,,mcb_nnknn,500,1786,1090,1786,1090,0,0,0,0,0.9525253333333333,0.9525253333333333,True,"[0.0, 1.0]","[0.4762626588344574, 0.5237373113632202]","[232, 268]",0.0,0.001052818726748228,0.006918994709849358
3790,166,41.0,41,,mcb_nnknn,500,1786,1090,1786,1090,0,0,0,0,0.952006,0.952006,True,"[0.8008236885070801, 0.19917632639408112]","[0.514437735080719, 0.485562264919281]","[232, 268]",0.0,0.001052818726748228,0.006918994709849358
3810,167,20.0,20,,mcb_nnknn,500,1786,1090,1786,1090,0,0,0,0,0.9517526666666667,0.9517526666666667,True,"[0.799738883972168, 0.20026111602783203]","[0.5144615769386292, 0.48553839325904846]","[232, 268]",0.0,0.001052818726748228,0.006918994709849358
3827,168,17.0,17,92.521240234375,mcb_nnknn,500,1805,1180,1805,1180,0,0,0,0,0.9515373333333333,0.9515373333333333,True,"[0.6001009941101074, 0.3998990058898926]","[0.5048511624336243, 0.49514883756637573]","[233, 267]",0.0,0.001067498465999961,0.007409023120999336
3846,169,19.0,19,,mcb_nnknn,500,1805,1180,1805,1180,0,0,0,0,0.9512966666666667,0.9512966666666667,True,"[0.7025558948516846, 0.2974441647529602]","[0.5098651647567749, 0.4901348650455475]","[233, 267]",0.0,0.001067498465999961,0.007409023120999336
3867,170,21.0,21,,mcb_nnknn,500,1805,1180,1805,1180,0,0,0,0,0.9510306666666667,0.9510306666666667,True,"[1.0, 0.0]","[0.5244846343994141, 0.47551533579826355]","[233, 267]",0.0,0.001067498465999961,0.007409023120999336
3900,171,33.0,33,,mcb_nnknn,500,1805,1180,1805,1180,0,0,0,0,0.9506126666666667,0.9506126666666667,True,"[0.30016639828681946, 0.6998335719108582]","[0.490130752325058, 0.5098692178726196]","[233, 267]",0.0,0.001067498465999961,0.007409023120999336
3914,172,14.0,14,50.70304870605469,mcb_nnknn,500,1850,1204,1850,1204,0,0,0,0,0.9504353333333333,0.9504353333333333,True,"[0.8000009059906006, 0.19999906420707703]","[0.5148694515228271, 0.48513054847717285]","[238, 262]",0.0,0.0011023837141692638,0.007908851839601994
3935,173,21.0,21,,mcb_nnknn,500,1850,1204,1850,1204,0,0,0,0,0.9501693333333333,0.9501693333333333,True,"[0.7999605536460876, 0.20003946125507355]","[0.514947235584259, 0.48505276441574097]","[238, 262]",0.0,0.0011023837141692638,0.007908851839601994
3948,174,13.0,13,,mcb_nnknn,500,1850,1204,1850,1204,0,0,0,0,0.9500046666666666,0.9500046666666666,True,"[0.09944921731948853, 0.9005507826805115]","[0.47997432947158813, 0.5200256705284119]","[238, 262]",0.0,0.0011023837141692638,0.007908851839601994
3994,175,46.0,46,,mcb_nnknn,500,1850,1204,1850,1204,0,0,0,0,0.949422,0.949422,True,"[0.9026350975036621, 0.09736490994691849]","[0.5203644633293152, 0.4796355366706848]","[238, 262]",0.0,0.0011023837141692638,0.007908851839601994
4008,176,14.0,14,70.15804290771484,mcb_nnknn,500,1883,1246,1883,1246,0,0,0,0,0.9492446666666666,0.9492446666666666,True,"[0.8017071485519409, 0.1982928365468979]","[0.5153132677078247, 0.4846867620944977]","[243, 257]",0.0,0.0011359142372384667,0.008408435620367527
4022,177,14.0,14,,mcb_nnknn,500,1883,1246,1883,1246,0,0,0,0,0.9490673333333334,0.9490673333333334,True,"[0.20025652647018433, 0.7997434735298157]","[0.4847332835197449, 0.5152667164802551]","[243, 257]",0.0,0.0011359142372384667,0.008408435620367527
4050,178,28.0,28,,mcb_nnknn,500,1883,1246,1883,1246,0,0,0,0,0.9487126666666666,0.9487126666666666,True,"[0.19677694141864777, 0.8032230734825134]","[0.48444849252700806, 0.5155515074729919]","[243, 257]",0.0,0.0011359142372384667,0.008408435620367527
4105,179,55.0,55,,mcb_nnknn,500,1883,1246,1883,1246,0,0,0,0,0.948016,0.948016,True,"[1.0, 0.0]","[0.5259920358657837, 0.4740079939365387]","[243, 257]",0.0,0.0011359142372384667,0.008408435620367527
4120,180,15.0,15,87.85983276367188,mcb_nnknn,500,1918,1299,1918,1299,0,0,0,0,0.9478260000000001,0.9478260000000001,True,"[0.19995513558387756, 0.8000448346138]","[0.4843454658985138, 0.5156545042991638]","[250, 250]",0.0,0.0011789904674515128,0.008424672298133373
4138,181,18.0,18,,mcb_nnknn,500,1918,1299,1918,1299,0,0,0,0,0.947598,0.947598,True,"[0.9005190134048462, 0.0994810089468956]","[0.5209879875183105, 0.47901198267936707]","[250, 250]",0.0,0.0011789904674515128,0.008424672298133373
4155,182,17.0,17,,mcb_nnknn,500,1918,1299,1918,1299,0,0,0,0,0.9473826666666667,0.9473826666666667,True,"[0.7998799681663513, 0.2001200169324875]","[0.5157788991928101, 0.48422113060951233]","[250, 250]",0.0,0.0011789904674515128,0.008424672298133373
4177,183,22.0,22,,mcb_nnknn,500,1918,1299,1918,1299,0,0,0,0,0.947104,0.947104,True,"[0.10064330697059631, 0.8993567228317261]","[0.47887560725212097, 0.5211243629455566]","[250, 250]",0.0,0.0011789904674515128,0.008424672298133373
4233,184,56.0,56,84.55768585205078,mcb_nnknn,500,1975,1334,1975,1334,0,0,0,0,0.9463946666666667,0.9463946666666667,True,"[0.9012885093688965, 0.09871149063110352]","[0.5215111970901489, 0.4784888029098511]","[240, 260]",0.0,0.001221412094309926,0.008924238383769989
4247,185,14.0,14,,mcb_nnknn,500,1975,1334,1975,1334,0,0,0,0,0.9462173333333334,0.9462173333333334,True,"[0.10041305422782898, 0.8995869159698486]","[0.47850915789604187, 0.5214908123016357]","[240, 260]",0.0,0.001221412094309926,0.008924238383769989
4268,186,21.0,21,,mcb_nnknn,500,1975,1334,1975,1334,0,0,0,0,0.9459513333333334,0.9459513333333334,True,"[1.0, 0.0]","[0.5270243287086487, 0.4729756712913513]","[240, 260]",0.0,0.001221412094309926,0.008924238383769989
4301,187,33.0,33,,mcb_nnknn,500,1975,1334,1975,1334,0,0,0,0,0.9455333333333333,0.9455333333333333,True,"[0.8014975190162659, 0.19850251078605652]","[0.5164215564727783, 0.4835784435272217]","[240, 260]",0.0,0.001221412094309926,0.008924238383769989
4327,188,26.0,26,52.21012878417969,mcb_nnknn,500,2017,1364,2017,1364,0,0,0,0,0.945204,0.945204,True,"[0.10018039494752884, 0.8998196125030518]","[0.4780914783477783, 0.5219085216522217]","[235, 265]",0.0,0.0012243440141901374,0.008654235862195492
4336,189,9.0,9,,mcb_nnknn,500,2017,1364,2017,1364,0,0,0,0,0.94509,0.94509,True,"[0.3027910888195038, 0.6972089409828186]","[0.48917126655578613, 0.5108287334442139]","[235, 265]",0.0,0.0012243440141901374,0.008654235862195492
4354,190,18.0,18,,mcb_nnknn,500,2017,1364,2017,1364,0,0,0,0,0.944862,0.944862,True,"[0.09885402768850327, 0.9011459946632385]","[0.47788161039352417, 0.5221183896064758]","[235, 265]",0.0,0.0012243440141901374,0.008654235862195492
4400,191,46.0,46,,mcb_nnknn,500,2017,1364,2017,1364,0,0,0,0,0.9442793333333334,0.9442793333333334,True,"[0.29780682921409607, 0.7021932005882263]","[0.4887336492538452, 0.5112663507461548]","[235, 265]",0.0,0.0012243440141901374,0.008654235862195492
4421,192,21.0,21,66.0494384765625,mcb_nnknn,500,2060,1393,2060,1393,0,0,0,0,0.9440133333333334,0.9440133333333334,True,"[1.0, 0.0]","[0.5279933214187622, 0.4720066785812378]","[232, 268]",0.0,0.0012205974198877811,0.008154680952429771
4491,193,70.0,70,,mcb_nnknn,500,2060,1393,2060,1393,0,0,0,0,0.9431266666666667,0.9431266666666667,True,"[1.0, 0.0]","[0.5284366607666016, 0.47156333923339844]","[232, 268]",0.0,0.0012205974198877811,0.008154680952429771
4502,194,11.0,11,,mcb_nnknn,500,2060,1393,2060,1393,0,0,0,0,0.9429873333333333,0.9429873333333333,True,"[0.30377382040023804, 0.6962262392044067]","[0.4888126254081726, 0.5111873745918274]","[232, 268]",0.0,0.0012205974198877811,0.008154680952429771
4516,195,14.0,14,,mcb_nnknn,500,2060,1393,2060,1393,0,0,0,0,0.94281,0.94281,True,"[0.7013558149337769, 0.29864415526390076]","[0.5115155577659607, 0.4884844720363617]","[232, 268]",0.0,0.0012205974198877811,0.008154680952429771
4531,196,15.0,15,103.62052154541016,mcb_nnknn,500,2076,1464,2076,1464,0,0,0,0,0.94262,0.94262,True,"[0.7008087635040283, 0.29919126629829407]","[0.5115224123001099, 0.48847758769989014]","[233, 267]",0.0,0.0012507224455475807,0.008654545061290264
4559,197,28.0,28,,mcb_nnknn,500,2076,1464,2076,1464,0,0,0,0,0.9422653333333333,0.9422653333333333,True,"[1.0, 0.0]","[0.5288673639297485, 0.47113266587257385]","[233, 267]",0.0,0.0012507224455475807,0.008654545061290264
4584,198,25.0,25,,mcb_nnknn,500,2076,1464,2076,1464,0,0,0,0,0.9419486666666667,0.9419486666666667,True,"[0.30354565382003784, 0.6964544057846069]","[0.48859554529190063, 0.5114044547080994]","[233, 267]",0.0,0.0012507224455475807,0.008654545061290264
4618,199,34.0,34,,mcb_nnknn,500,2076,1464,2076,1464,0,0,0,0,0.941518,0.941518,True,"[0.40293076634407043, 0.5970692038536072]","[0.494323194026947, 0.505676805973053]","[233, 267]",0.0,0.0012507224455475807,0.008654545061290264
4649,200,31.0,31,72.37892150878906,mcb_nnknn,500,2109,1522,2109,1522,0,0,0,0,0.9411253333333334,0.9411253333333334,True,"[0.0, 1.0]","[0.4705626666545868, 0.5294373035430908]","[238, 262]",0.0,0.0013034255243837833,0.008525965735316277
4665,201,16.0,16,,mcb_nnknn,500,2109,1522,2109,1522,0,0,0,0,0.9409226666666667,0.9409226666666667,True,"[0.600300669670105, 0.399699330329895]","[0.5059254765510559, 0.4940744936466217]","[238, 262]",0.0,0.0013034255243837833,0.008525965735316277
4723,202,58.0,58,,mcb_nnknn,500,2109,1522,2109,1522,0,0,0,0,0.940188,0.940188,True,"[0.49954497814178467, 0.5004550814628601]","[0.49997279047966003, 0.5000272393226624]","[238, 262]",0.0,0.0013034255243837833,0.008525965735316277
4759,203,36.0,36,,mcb_nnknn,500,2109,1522,2109,1522,0,0,0,0,0.939732,0.939732,True,"[1.0, 0.0]","[0.5301339626312256, 0.469866007566452]","[238, 262]",0.0,0.0013034255243837833,0.008525965735316277
4778,204,19.0,19,90.80426788330078,mcb_nnknn,500,2143,1594,2143,1594,0,0,0,0,0.9394913333333333,0.9394913333333333,True,"[0.4998687207698822, 0.5001312494277954]","[0.4999920427799225, 0.5000079274177551]","[233, 267]",0.0,0.0013458899920806289,0.00858773197978735
4802,205,24.0,24,,mcb_nnknn,500,2143,1594,2143,1594,0,0,0,0,0.9391873333333334,0.9391873333333334,True,"[0.19846589863300323, 0.801534116268158]","[0.48166289925575256, 0.518337070941925]","[233, 267]",0.0,0.0013458899920806289,0.00858773197978735
4814,206,12.0,12,,mcb_nnknn,500,2143,1594,2143,1594,0,0,0,0,0.9390353333333333,0.9390353333333333,True,"[0.0, 1.0]","[0.46951767802238464, 0.530482292175293]","[233, 267]",0.0,0.0013458899920806289,0.00858773197978735
4829,207,15.0,15,,mcb_nnknn,500,2143,1594,2143,1594,0,0,0,0,0.9388453333333333,0.9388453333333333,True,"[0.10058394819498062, 0.8994160294532776]","[0.4755738377571106, 0.5244261622428894]","[233, 267]",0.0,0.0013458899920806289,0.00858773197978735
4847,208,18.0,18,30.065370559692383,mcb_nnknn,500,2168,1614,2168,1614,0,0,0,0,0.9386173333333333,0.9386173333333333,True,"[0.4929376244544983, 0.5070624351501465]","[0.4995664954185486, 0.5004335045814514]","[237, 263]",0.0,0.0013293103547766805,0.009087658487260342
4879,209,32.0,32,,mcb_nnknn,500,2168,1614,2168,1614,0,0,0,0,0.938212,0.938212,True,"[0.3953510820865631, 0.6046488881111145]","[0.4935339391231537, 0.5064660310745239]","[237, 263]",0.0,0.0013293103547766805,0.009087658487260342
4901,210,22.0,22,,mcb_nnknn,500,2168,1614,2168,1614,0,0,0,0,0.9379333333333333,0.9379333333333333,True,"[0.400954008102417, 0.599045991897583]","[0.49385255575180054, 0.5061474442481995]","[237, 263]",0.0,0.0013293103547766805,0.009087658487260342
4914,211,13.0,13,,mcb_nnknn,500,2168,1614,2168,1614,0,0,0,0,0.9377686666666667,0.9377686666666667,True,"[0.5001579523086548, 0.4998420774936676]","[0.5000098347663879, 0.49999016523361206]","[237, 263]",0.0,0.0013293103547766805,0.009087658487260342
4925,212,11.0,11,51.624473571777344,mcb_nnknn,500,2178,1656,2178,1656,0,0,0,0,0.9376293333333333,0.9376293333333333,True,"[0.5008261799812317, 0.4991738498210907]","[0.5000515580177307, 0.4999484717845917]","[236, 264]",0.0,0.0013153291074559093,0.008587801828980446
4944,213,19.0,19,,mcb_nnknn,500,2178,1656,2178,1656,0,0,0,0,0.9373886666666666,0.9373886666666666,True,"[0.20010001957416534, 0.7998999953269958]","[0.48122286796569824, 0.5187771320343018]","[236, 264]",0.0,0.0013153291074559093,0.008587801828980446
5002,214,58.0,58,,mcb_nnknn,500,2178,1656,2178,1656,0,0,0,0,0.936654,0.936654,True,"[0.39958620071411133, 0.6004137992858887]","[0.49363917112350464, 0.5063608288764954]","[236, 264]",0.0,0.0013153291074559093,0.008587801828980446
5016,215,14.0,14,,mcb_nnknn,500,2178,1656,2178,1656,0,0,0,0,0.9364766666666666,0.9364766666666666,True,"[1.0, 0.0]","[0.531761646270752, 0.46823832392692566]","[236, 264]",0.0,0.0013153291074559093,0.008587801828980446
5040,216,24.0,24,89.70066833496094,mcb_nnknn,500,2224,1696,2224,1696,0,0,0,0,0.9361726666666667,0.9361726666666667,True,"[0.6021600365638733, 0.3978399336338043]","[0.5065206289291382, 0.4934794008731842]","[238, 262]",0.0,0.0013297664700075984,0.008087918162345886
5056,217,16.0,16,,mcb_nnknn,500,2224,1696,2224,1696,0,0,0,0,0.93597,0.93597,True,"[0.3990243077278137, 0.6009756922721863]","[0.49353453516960144, 0.506465494632721]","[238, 262]",0.0,0.0013297664700075984,0.008087918162345886
5071,218,15.0,15,,mcb_nnknn,500,2224,1696,2224,1696,0,0,0,0,0.9357800000000001,0.9357800000000001,True,"[0.20269186794757843, 0.7973081469535828]","[0.4809068739414215, 0.5190931558609009]","[238, 262]",0.0,0.0013297664700075984,0.008087918162345886
5097,219,26.0,26,,mcb_nnknn,500,2224,1696,2224,1696,0,0,0,0,0.9354506666666667,0.9354506666666667,True,"[0.39100080728530884, 0.6089991927146912]","[0.4929641783237457, 0.5070358514785767]","[238, 262]",0.0,0.0013297664700075984,0.008087918162345886
5118,220,21.0,21,43.92420959472656,mcb_nnknn,500,2248,1722,2248,1722,0,0,0,0,0.9351846666666667,0.9351846666666667,True,"[0.29436227679252625, 0.7056376934051514]","[0.486671507358551, 0.513328492641449]","[241, 259]",0.0,0.0013635052600875497,0.007970507256686687
5136,221,18.0,18,,mcb_nnknn,500,2248,1722,2248,1722,0,0,0,0,0.9349566666666667,0.9349566666666667,True,"[0.7002806663513184, 0.29971933364868164]","[0.5130269527435303, 0.4869730770587921]","[241, 259]",0.0,0.0013635052600875497,0.007970507256686687
5158,222,22.0,22,,mcb_nnknn,500,2248,1722,2248,1722,0,0,0,0,0.934678,0.934678,True,"[1.0, 0.0]","[0.532660961151123, 0.46733900904655457]","[241, 259]",0.0,0.0013635052600875497,0.007970507256686687
5169,223,11.0,11,,mcb_nnknn,500,2248,1722,2248,1722,0,0,0,0,0.9345386666666666,0.9345386666666666,True,"[0.3944917619228363, 0.6055082678794861]","[0.4930932819843292, 0.5069066882133484]","[241, 259]",0.0,0.0013635052600875497,0.007970507256686687
5191,224,22.0,22,31.77627182006836,mcb_nnknn,500,2266,1749,2266,1749,0,0,0,0,0.93426,0.93426,True,"[0.20069147646427155, 0.7993085384368896]","[0.48032346367836, 0.5196765661239624]","[234, 266]",0.0,0.0013414866989478469,0.008087941445410252
5221,225,30.0,30,,mcb_nnknn,500,2266,1749,2266,1749,0,0,0,0,0.93388,0.93388,True,"[0.404301255941391, 0.5956987738609314]","[0.4936724007129669, 0.5063276290893555]","[234, 266]",0.0,0.0013414866989478469,0.008087941445410252
5246,226,25.0,25,,mcb_nnknn,500,2266,1749,2266,1749,0,0,0,0,0.9335633333333333,0.9335633333333333,True,"[0.39891788363456726, 0.6010821461677551]","[0.4932844340801239, 0.5067155361175537]","[234, 266]",0.0,0.0013414866989478469,0.008087941445410252
5279,227,33.0,33,,mcb_nnknn,500,2266,1749,2266,1749,0,0,0,0,0.9331453333333333,0.9331453333333333,True,"[0.7024673819541931, 0.2975326478481293]","[0.5135358572006226, 0.48646411299705505]","[234, 266]",0.0,0.0013414866989478469,0.008087941445410252
5293,228,14.0,14,59.500736236572266,mcb_nnknn,500,2287,1802,2287,1802,0,0,0,0,0.932968,0.932968,True,"[0.4016984701156616, 0.5983015298843384]","[0.4934106469154358, 0.5065893530845642]","[233, 267]",0.0,0.0013589197769761086,0.007587980013340712
5367,229,74.0,74,,mcb_nnknn,500,2287,1802,2287,1802,0,0,0,0,0.9320306666666667,0.9320306666666667,True,"[0.19888445734977722, 0.8011155128479004]","[0.4795333743095398, 0.5204666256904602]","[233, 267]",0.0,0.0013589197769761086,0.007587980013340712
5385,230,18.0,18,,mcb_nnknn,500,2287,1802,2287,1802,0,0,0,0,0.9318026666666667,0.9318026666666667,True,"[0.5079821348190308, 0.49201783537864685]","[0.5005443692207336, 0.49945563077926636]","[233, 267]",0.0,0.0013589197769761086,0.007587980013340712
5404,231,19.0,19,,mcb_nnknn,500,2287,1802,2287,1802,0,0,0,0,0.931562,0.931562,True,"[0.29046180844306946, 0.7095382213592529]","[0.4856596291065216, 0.5143404006958008]","[233, 267]",0.0,0.0013589197769761086,0.007587980013340712
5423,232,19.0,19,99.39494323730469,mcb_nnknn,500,2307,1882,2307,1882,0,0,0,0,0.9313213333333333,0.9313213333333333,True,"[1.0, 0.0]","[0.5343393087387085, 0.4656606614589691]","[234, 266]",0.0,0.0013724463060498238,0.007925670593976974
5451,233,28.0,28,,mcb_nnknn,500,2307,1882,2307,1882,0,0,0,0,0.9309666666666667,0.9309666666666667,True,"[0.2909250855445862, 0.7090749144554138]","[0.4855668544769287, 0.5144331455230713]","[234, 266]",0.0,0.0013724463060498238,0.007925670593976974
5464,234,13.0,13,,mcb_nnknn,500,2307,1882,2307,1882,0,0,0,0,0.930802,0.930802,True,"[0.496103435754776, 0.5038965940475464]","[0.4997303783893585, 0.5002696514129639]","[234, 266]",0.0,0.0013724463060498238,0.007925670593976974
5494,235,30.0,30,,mcb_nnknn,500,2307,1882,2307,1882,0,0,0,0,0.930422,0.930422,True,"[0.5006007552146912, 0.49939921498298645]","[0.5000417828559875, 0.49995818734169006]","[234, 266]",0.0,0.0013724463060498238,0.007925670593976974
5505,236,11.0,11,46.51581573486328,mcb_nnknn,500,2327,1916,2327,1916,0,0,0,0,0.9302826666666667,0.9302826666666667,True,"[0.9013288021087646, 0.09867117553949356]","[0.5279796123504639, 0.4720204174518585]","[230, 270]",0.0,0.0013555566547438502,0.008349712938070297
5523,237,18.0,18,,mcb_nnknn,500,2327,1916,2327,1916,0,0,0,0,0.9300546666666667,0.9300546666666667,True,"[0.3934510052204132, 0.6065490245819092]","[0.4925473928451538, 0.5074526071548462]","[230, 270]",0.0,0.0013555566547438502,0.008349712938070297
5539,238,16.0,16,,mcb_nnknn,500,2327,1916,2327,1916,0,0,0,0,0.929852,0.929852,True,"[0.39388442039489746, 0.6061156392097473]","[0.49255621433258057, 0.5074437856674194]","[230, 270]",0.0,0.0013555566547438502,0.008349712938070297
5583,239,44.0,44,,mcb_nnknn,500,2327,1916,2327,1916,0,0,0,0,0.9292946666666667,0.9292946666666667,True,"[0.0, 1.0]","[0.4646473228931427, 0.5353527069091797]","[230, 270]",0.0,0.0013555566547438502,0.008349712938070297
5605,240,22.0,22,62.381534576416016,mcb_nnknn,500,2346,1965,2346,1965,0,0,0,0,0.929016,0.929016,True,"[0.20095524191856384, 0.7990447282791138]","[0.4787726104259491, 0.5212274193763733]","[227, 273]",0.0,0.001393613638356328,0.00808817520737648
5626,241,21.0,21,,mcb_nnknn,500,2346,1965,2346,1965,0,0,0,0,0.92875,0.92875,True,"[0.4957101047039032, 0.5042899250984192]","[0.4996943473815918, 0.5003056526184082]","[227, 273]",0.0,0.001393613638356328,0.00808817520737648
5640,242,14.0,14,,mcb_nnknn,500,2346,1965,2346,1965,0,0,0,0,0.9285726666666667,0.9285726666666667,True,"[0.6970886588096619, 0.30291134119033813]","[0.5140775442123413, 0.4859224855899811]","[227, 273]",0.0,0.001393613638356328,0.00808817520737648
5664,243,24.0,24,,mcb_nnknn,500,2346,1965,2346,1965,0,0,0,0,0.9282686666666666,0.9282686666666666,True,"[0.30093690752983093, 0.6990631222724915]","[0.4857209324836731, 0.5142790675163269]","[227, 273]",0.0,0.001393613638356328,0.00808817520737648
5719,244,55.0,55,84.29203796386719,mcb_nnknn,500,2360,2031,2360,2031,0,0,0,0,0.927572,0.927572,True,"[0.4121492803096771, 0.5878507494926453]","[0.4936371445655823, 0.5063628554344177]","[236, 264]",0.0,0.0013687434839084744,0.00858801044523716
5732,245,13.0,13,,mcb_nnknn,500,2360,2031,2360,2031,0,0,0,0,0.9274073333333334,0.9274073333333334,True,"[0.49549344182014465, 0.504506528377533]","[0.49967285990715027, 0.5003271102905273]","[236, 264]",0.0,0.0013687434839084744,0.00858801044523716
5743,246,11.0,11,,mcb_nnknn,500,2360,2031,2360,2031,0,0,0,0,0.927268,0.927268,True,"[0.4989789128303528, 0.5010210871696472]","[0.49992573261260986, 0.5000742673873901]","[236, 264]",0.0,0.0013687434839084744,0.00858801044523716
5781,247,38.0,38,,mcb_nnknn,500,2360,2031,2360,2031,0,0,0,0,0.9267866666666666,0.9267866666666666,True,"[0.19967839121818542, 0.8003215789794922]","[0.47801244258880615, 0.5219875574111938]","[236, 264]",0.0,0.0013687434839084744,0.00858801044523716
5821,248,40.0,40,71.12071228027344,mcb_nnknn,500,2392,2068,2392,2068,0,0,0,0,0.92628,0.92628,True,"[0.4059222638607025, 0.5940777659416199]","[0.4930645823478699, 0.5069354176521301]","[234, 266]",0.0,0.001403433852829039,0.009087963029742241
5833,249,12.0,12,,mcb_nnknn,500,2392,2068,2392,2068,0,0,0,0,0.926128,0.926128,True,"[0.40660691261291504, 0.5933931469917297]","[0.4931008517742157, 0.5068991184234619]","[234, 266]",0.0,0.001403433852829039,0.009087963029742241
5847,250,14.0,14,,mcb_nnknn,500,2392,2068,2392,2068,0,0,0,0,0.9259506666666667,0.9259506666666667,True,"[0.41393423080444336, 0.5860657691955566]","[0.4936268925666809, 0.5063731074333191]","[234, 266]",0.0,0.001403433852829039,0.009087963029742241
5900,251,53.0,53,,mcb_nnknn,500,2392,2068,2392,2068,0,0,0,0,0.9252793333333333,0.9252793333333333,True,"[1.0, 0.0]","[0.5373603105545044, 0.4626396596431732]","[234, 266]",0.0,0.001403433852829039,0.009087963029742241
5924,252,24.0,24,80.76593780517578,mcb_nnknn,500,2412,2118,2412,2118,0,0,0,0,0.9249753333333334,0.9249753333333334,True,"[1.0, 0.0]","[0.5375123023986816, 0.46248766779899597]","[228, 272]",0.0,0.0014171476941555738,0.00958785880357027
5947,253,23.0,23,,mcb_nnknn,500,2412,2118,2412,2118,0,0,0,0,0.9246840000000001,0.9246840000000001,True,"[0.2953574061393738, 0.704642653465271]","[0.4845871329307556, 0.5154128670692444]","[228, 272]",0.0,0.0014171476941555738,0.00958785880357027
5970,254,23.0,23,,mcb_nnknn,500,2412,2118,2412,2118,0,0,0,0,0.9243926666666666,0.9243926666666666,True,"[0.41039231419563293, 0.5896077156066895]","[0.49322500824928284, 0.5067750215530396]","[228, 272]",0.0,0.0014171476941555738,0.00958785880357027
5998,255,28.0,28,,mcb_nnknn,500,2412,2118,2412,2118,0,0,0,0,0.924038,0.924038,True,"[0.0986427590250969, 0.9013572931289673]","[0.46951210498809814, 0.5304878950119019]","[228, 272]",0.0,0.0014171476941555738,0.00958785880357027
6015,256,17.0,17,50.88665771484375,mcb_nnknn,500,2429,2160,2429,2160,0,0,0,0,0.9238226666666667,0.9238226666666667,True,"[0.49851614236831665, 0.5014838576316833]","[0.49988695979118347, 0.5001130104064941]","[223, 277]",0.0,0.001441720873117447,0.009849561378359795
6032,257,17.0,17,,mcb_nnknn,500,2429,2160,2429,2160,0,0,0,0,0.9236073333333333,0.9236073333333333,True,"[0.2927287220954895, 0.7072712779045105]","[0.4841659963130951, 0.5158339738845825]","[223, 277]",0.0,0.001441720873117447,0.009849561378359795
6130,258,98.0,98,,mcb_nnknn,500,2429,2160,2429,2160,0,0,0,0,0.922366,0.922366,True,"[0.09986699372529984, 0.9001330137252808]","[0.46893608570098877, 0.5310639142990112]","[223, 277]",0.0,0.001441720873117447,0.009849561378359795
6166,259,36.0,36,,mcb_nnknn,500,2429,2160,2429,2160,0,0,0,0,0.92191,0.92191,True,"[0.39899832010269165, 0.6010016798973083]","[0.49211278557777405, 0.5078872442245483]","[223, 277]",0.0,0.001441720873117447,0.009849561378359795
6179,260,13.0,13,125.80548095703125,mcb_nnknn,500,2461,2255,2461,2255,0,0,0,0,0.9217453333333333,0.9217453333333333,True,"[0.3994940221309662, 0.6005059480667114]","[0.4921349287033081, 0.5078650712966919]","[224, 276]",0.0,0.0015042605809867382,0.010349486023187637
6194,261,15.0,15,,mcb_nnknn,500,2461,2255,2461,2255,0,0,0,0,0.9215553333333333,0.9215553333333333,True,"[0.4019634425640106, 0.5980365872383118]","[0.4923095703125, 0.5076904296875]","[224, 276]",0.0,0.0015042605809867382,0.010349486023187637
6209,262,15.0,15,,mcb_nnknn,500,2461,2255,2461,2255,0,0,0,0,0.9213653333333334,0.9213653333333334,True,"[0.29335150122642517, 0.7066484689712524]","[0.48375025391578674, 0.5162497162818909]","[224, 276]",0.0,0.0015042605809867382,0.010349486023187637
6227,263,18.0,18,,mcb_nnknn,500,2461,2255,2461,2255,0,0,0,0,0.9211373333333334,0.9211373333333334,True,"[0.41034185886383057, 0.5896582007408142]","[0.4929293096065521, 0.5070706605911255]","[224, 276]",0.0,0.0015042605809867382,0.010349486023187637
6245,264,18.0,18,38.15762710571289,mcb_nnknn,500,2474,2272,2474,2272,0,0,0,0,0.9209093333333334,0.9209093333333334,True,"[0.6997763514518738, 0.30022361874580383]","[0.515800416469574, 0.48419955372810364]","[221, 279]",0.0,0.0015183917712420225,0.010849464684724808
6275,265,30.0,30,,mcb_nnknn,500,2474,2272,2474,2272,0,0,0,0,0.9205293333333333,0.9205293333333333,True,"[0.408424973487854, 0.591575026512146]","[0.4927224814891815, 0.5072775483131409]","[221, 279]",0.0,0.0015183917712420225,0.010849464684724808
6331,266,56.0,56,,mcb_nnknn,500,2474,2272,2474,2272,0,0,0,0,0.91982,0.91982,True,"[0.2015237808227539, 0.7984762787818909]","[0.4760681688785553, 0.5239318013191223]","[221, 279]",0.0,0.0015183917712420225,0.010849464684724808
6352,267,21.0,21,,mcb_nnknn,500,2474,2272,2474,2272,0,0,0,0,0.919554,0.919554,True,"[0.498789519071579, 0.5012105107307434]","[0.499902606010437, 0.500097393989563]","[221, 279]",0.0,0.0015183917712420225,0.010849464684724808
6369,268,17.0,17,77.85671997070312,mcb_nnknn,500,2486,2351,2486,2351,0,0,0,0,0.9193386666666666,0.9193386666666666,True,"[0.49883291125297546, 0.5011671185493469]","[0.49990585446357727, 0.5000941157341003]","[218, 282]",0.0,0.0015426307218149304,0.01134905032813549
6387,269,18.0,18,,mcb_nnknn,500,2486,2351,2486,2351,0,0,0,0,0.9191106666666666,0.9191106666666666,True,"[0.41002848744392395, 0.5899714827537537]","[0.4927222728729248, 0.5072777271270752]","[218, 282]",0.0,0.0015426307218149304,0.01134905032813549
6405,270,18.0,18,,mcb_nnknn,500,2486,2351,2486,2351,0,0,0,0,0.9188826666666666,0.9188826666666666,True,"[0.4154730439186096, 0.5845269560813904]","[0.4931434094905853, 0.5068566203117371]","[218, 282]",0.0,0.0015426307218149304,0.01134905032813549
6444,271,39.0,39,,mcb_nnknn,500,2486,2351,2486,2351,0,0,0,0,0.9183886666666666,0.9183886666666666,True,"[1.0, 0.0]","[0.5408056974411011, 0.4591943323612213]","[218, 282]",0.0,0.0015426307218149304,0.01134905032813549
6463,272,19.0,19,59.07984924316406,mcb_nnknn,500,2502,2394,2502,2394,0,0,0,0,0.918148,0.918148,True,"[0.4023212790489197, 0.5976787209510803]","[0.4920048117637634, 0.5079951882362366]","[215, 285]",0.0,0.0015138044254854321,0.011849003843963146
6479,273,16.0,16,,mcb_nnknn,500,2502,2394,2502,2394,0,0,0,0,0.9179453333333334,0.9179453333333334,True,"[0.7015088200569153, 0.2984912097454071]","[0.5165347456932068, 0.4834652543067932]","[215, 285]",0.0,0.0015138044254854321,0.011849003843963146
6500,274,21.0,21,,mcb_nnknn,500,2502,2394,2502,2394,0,0,0,0,0.9176793333333333,0.9176793333333333,True,"[0.5030561089515686, 0.4969439208507538]","[0.5002515912055969, 0.4997484087944031]","[215, 285]",0.0,0.0015138044254854321,0.011849003843963146
6533,275,33.0,33,,mcb_nnknn,500,2502,2394,2502,2394,0,0,0,0,0.9172613333333334,0.9172613333333334,True,"[0.2994612753391266, 0.700538694858551]","[0.4834077060222626, 0.5165923237800598]","[215, 285]",0.0,0.0015138044254854321,0.011849003843963146
6548,276,15.0,15,49.365177154541016,mcb_nnknn,500,2527,2415,2527,2415,0,0,0,0,0.9170713333333333,0.9170713333333333,True,"[0.5962221026420593, 0.4037778973579407]","[0.5079795718193054, 0.4920204281806946]","[221, 279]",0.0,0.0015166092198342085,0.011587261222302914
6584,277,36.0,36,,mcb_nnknn,500,2527,2415,2527,2415,0,0,0,0,0.9166153333333333,0.9166153333333333,True,"[0.4948628842830658, 0.5051371455192566]","[0.49957165122032166, 0.5004283785820007]","[221, 279]",0.0,0.0015166092198342085,0.011587261222302914
6596,278,12.0,12,,mcb_nnknn,500,2527,2415,2527,2415,0,0,0,0,0.9164633333333333,0.9164633333333333,True,"[0.09778431802988052, 0.9022156596183777]","[0.46640023589134216, 0.5335997343063354]","[221, 279]",0.0,0.0015166092198342085,0.011587261222302914
6610,279,14.0,14,,mcb_nnknn,500,2527,2415,2527,2415,0,0,0,0,0.916286,0.916286,True,"[0.7018592953681946, 0.29814067482948303]","[0.5168984532356262, 0.4831015467643738]","[221, 279]",0.0,0.0015166092198342085,0.011587261222302914
6623,280,13.0,13,55.72897720336914,mcb_nnknn,500,2536,2445,2536,2445,0,0,0,0,0.9161213333333333,0.9161213333333333,True,"[0.5965399742126465, 0.4034600555896759]","[0.5080976486206055, 0.49190235137939453]","[218, 282]",0.0,0.0015044311294332147,0.011849120259284973
6663,281,40.0,40,,mcb_nnknn,500,2536,2445,2536,2445,0,0,0,0,0.9156146666666667,0.9156146666666667,True,"[0.6025261878967285, 0.39747384190559387]","[0.5086517333984375, 0.4913482964038849]","[218, 282]",0.0,0.0015044311294332147,0.011849120259284973
6680,282,17.0,17,,mcb_nnknn,500,2536,2445,2536,2445,0,0,0,0,0.9153993333333333,0.9153993333333333,True,"[0.5969942808151245, 0.4030056893825531]","[0.508205771446228, 0.491794228553772]","[218, 282]",0.0,0.0015044311294332147,0.011849120259284973
6706,283,26.0,26,,mcb_nnknn,500,2536,2445,2536,2445,0,0,0,0,0.91507,0.91507,True,"[0.7021333575248718, 0.2978666126728058]","[0.5171672105789185, 0.48283281922340393]","[218, 282]",0.0,0.0015044311294332147,0.011849120259284973
6719,284,13.0,13,58.16098403930664,mcb_nnknn,500,2546,2494,2546,2494,0,0,0,0,0.9149053333333333,0.9149053333333333,True,"[0.4036233723163605, 0.5963766574859619]","[0.49179884791374207, 0.5082011222839355]","[221, 279]",0.0,0.0015142707852646708,0.011587295681238174
6771,285,52.0,52,,mcb_nnknn,500,2546,2494,2546,2494,0,0,0,0,0.9142466666666667,0.9142466666666667,True,"[1.0, 0.0]","[0.542876660823822, 0.457123339176178]","[221, 279]",0.0,0.0015142707852646708,0.011587295681238174
6810,286,39.0,39,,mcb_nnknn,500,2546,2494,2546,2494,0,0,0,0,0.9137526666666667,0.9137526666666667,True,"[0.0, 1.0]","[0.45687633752822876, 0.5431236624717712]","[221, 279]",0.0,0.0015142707852646708,0.011587295681238174
6844,287,34.0,34,,mcb_nnknn,500,2546,2494,2546,2494,0,0,0,0,0.913322,0.913322,True,"[1.0, 0.0]","[0.5433390140533447, 0.4566609859466553]","[221, 279]",0.0,0.0015142707852646708,0.011587295681238174
6881,288,37.0,37,77.36483001708984,mcb_nnknn,500,2560,2604,2560,2604,0,0,0,0,0.9128533333333333,0.9128533333333333,True,"[0.4007379412651062, 0.5992621183395386]","[0.49134963750839233, 0.5086503624916077]","[224, 276]",0.0,0.0015149987302720547,0.01108738873153925
6928,289,47.0,47,,mcb_nnknn,500,2560,2604,2560,2604,0,0,0,0,0.912258,0.912258,True,"[0.5113887190818787, 0.4886113405227661]","[0.5009992718696594, 0.4990007281303406]","[224, 276]",0.0,0.0015149987302720547,0.01108738873153925
6941,290,13.0,13,,mcb_nnknn,500,2560,2604,2560,2604,0,0,0,0,0.9120933333333333,0.9120933333333333,True,"[0.5119806528091431, 0.48801934719085693]","[0.5010531544685364, 0.49894681572914124]","[224, 276]",0.0,0.0015149987302720547,0.01108738873153925
6955,291,14.0,14,,mcb_nnknn,500,2560,2604,2560,2604,0,0,0,0,0.911916,0.911916,True,"[0.5131897926330566, 0.48681017756462097]","[0.5011618137359619, 0.4988381862640381]","[224, 276]",0.0,0.0015149987302720547,0.01108738873153925
7006,292,51.0,51,89.34969329833984,mcb_nnknn,500,2586,2664,2586,2664,0,0,0,0,0.91127,0.91127,True,"[0.5120179057121277, 0.4879820942878723]","[0.5010663270950317, 0.4989336431026459]","[217, 283]",0.0,0.0015585462097078562,0.01158733107149601
7028,293,22.0,22,,mcb_nnknn,500,2586,2664,2586,2664,0,0,0,0,0.9109913333333334,0.9109913333333334,True,"[0.0, 1.0]","[0.4554956555366516, 0.5445043444633484]","[217, 283]",0.0,0.0015585462097078562,0.01158733107149601
7056,294,28.0,28,,mcb_nnknn,500,2586,2664,2586,2664,0,0,0,0,0.9106366666666666,0.9106366666666666,True,"[0.5039912462234497, 0.4960087537765503]","[0.5003566741943359, 0.49964332580566406]","[217, 283]",0.0,0.0015585462097078562,0.01158733107149601
7115,295,59.0,59,,mcb_nnknn,500,2586,2664,2586,2664,0,0,0,0,0.9098893333333333,0.9098893333333333,True,"[0.49324342608451843, 0.5067565441131592]","[0.4993911683559418, 0.5006088614463806]","[217, 283]",0.0,0.0015585462097078562,0.01158733107149601
7145,296,30.0,30,81.02863311767578,mcb_nnknn,500,2617,2732,2617,2732,0,0,0,0,0.9095093333333333,0.9095093333333333,True,"[0.5077124238014221, 0.49228760600090027]","[0.500697910785675, 0.49930208921432495]","[217, 283]",0.0,0.0015970743261277676,0.012087260372936726
7172,297,27.0,27,,mcb_nnknn,500,2617,2732,2617,2732,0,0,0,0,0.9091673333333333,0.9091673333333333,True,"[0.9018455147743225, 0.09815452247858047]","[0.5365006923675537, 0.4634993076324463]","[217, 283]",0.0,0.0015970743261277676,0.012087260372936726
7181,298,9.0,9,,mcb_nnknn,500,2617,2732,2617,2732,0,0,0,0,0.9090533333333334,0.9090533333333334,True,"[0.38499388098716736, 0.615006148815155]","[0.48954057693481445, 0.5104594230651855]","[217, 283]",0.0,0.0015970743261277676,0.012087260372936726
7202,299,21.0,21,,mcb_nnknn,500,2617,2732,2617,2732,0,0,0,0,0.9087873333333334,0.9087873333333334,True,"[0.5076521635055542, 0.4923478364944458]","[0.5006979703903198, 0.4993020296096802]","[217, 283]",0.0,0.0015970743261277676,0.012087260372936726
7231,300,29.0,29,54.667537689208984,mcb_nnknn,500,2621,2777,2621,2777,0,0,0,0,0.90842,0.90842,True,"[1.0, 0.0]","[0.5457899570465088, 0.4542100131511688]","[215, 285]",0.0,0.0015997743466868997,0.012587135657668114
7258,301,27.0,27,,mcb_nnknn,500,2621,2777,2621,2777,0,0,0,0,0.9080779999999999,0.9080779999999999,True,"[0.2943062484264374, 0.705693781375885]","[0.4810922145843506, 0.5189077854156494]","[215, 285]",0.0,0.0015997743466868997,0.012587135657668114
7277,302,19.0,19,,mcb_nnknn,500,2621,2777,2621,2777,0,0,0,0,0.9078373333333334,0.9078373333333334,True,"[0.5152378082275391, 0.4847622215747833]","[0.501404345035553, 0.498595654964447]","[215, 285]",0.0,0.0015997743466868997,0.012587135657668114
7293,303,16.0,16,,mcb_nnknn,500,2621,2777,2621,2777,0,0,0,0,0.9076346666666667,0.9076346666666667,True,"[0.29984426498413086, 0.7001557350158691]","[0.48151254653930664, 0.5184874534606934]","[215, 285]",0.0,0.0015997743466868997,0.012587135657668114
7306,304,13.0,13,55.837982177734375,mcb_nnknn,500,2629,2805,2629,2805,0,0,0,0,0.90747,0.90747,True,"[0.5982115864753723, 0.4017884135246277]","[0.5090875029563904, 0.4909124970436096]","[214, 286]",0.0,0.0015966424252837896,0.013087104074656963
7317,305,11.0,11,,mcb_nnknn,500,2629,2805,2629,2805,0,0,0,0,0.9073306666666666,0.9073306666666666,True,"[0.2924517095088959, 0.7075482606887817]","[0.4807666540145874, 0.5192333459854126]","[214, 286]",0.0,0.0015966424252837896,0.013087104074656963
7342,306,25.0,25,,mcb_nnknn,500,2629,2805,2629,2805,0,0,0,0,0.907014,0.907014,True,"[0.496762216091156, 0.503237783908844]","[0.4996989369392395, 0.5003010630607605]","[214, 286]",0.0,0.0015966424252837896,0.013087104074656963
7378,307,36.0,36,,mcb_nnknn,500,2629,2805,2629,2805,0,0,0,0,0.906558,0.906558,True,"[0.2900911569595337, 0.7099089026451111]","[0.4803856909275055, 0.5196143388748169]","[214, 286]",0.0,0.0015966424252837896,0.013087104074656963
7408,308,30.0,30,63.21795654296875,mcb_nnknn,500,2631,2866,2631,2866,0,0,0,0,0.906178,0.906178,True,"[0.41972145438194275, 0.5802785158157349]","[0.49246811866760254, 0.5075318813323975]","[216, 284]",0.0,0.0015904733445495367,0.01334834098815918
7430,309,22.0,22,,mcb_nnknn,500,2631,2866,2631,2866,0,0,0,0,0.9058993333333334,0.9058993333333334,True,"[0.0, 1.0]","[0.4529496729373932, 0.5470503568649292]","[216, 284]",0.0,0.0015904733445495367,0.01334834098815918
7440,310,10.0,10,,mcb_nnknn,500,2631,2866,2631,2866,0,0,0,0,0.9057726666666667,0.9057726666666667,True,"[0.4175390601158142, 0.5824609994888306]","[0.4922299385070801, 0.5077700614929199]","[216, 284]",0.0,0.0015904733445495367,0.01334834098815918
7451,311,11.0,11,,mcb_nnknn,500,2631,2866,2631,2866,0,0,0,0,0.9056333333333333,0.9056333333333333,True,"[0.3825685679912567, 0.6174314022064209]","[0.48891839385032654, 0.5110816359519958]","[216, 284]",0.0,0.0015904733445495367,0.01334834098815918
7473,312,22.0,22,53.911739349365234,mcb_nnknn,500,2640,2882,2640,2882,0,0,0,0,0.9053546666666666,0.9053546666666666,True,"[0.4168800413608551, 0.5831199288368225]","[0.49213308095932007, 0.5078669190406799]","[214, 286]",0.0,0.0015791704645380378,0.013848323374986649
7493,313,20.0,20,,mcb_nnknn,500,2640,2882,2640,2882,0,0,0,0,0.9051013333333333,0.9051013333333333,True,"[0.49838483333587646, 0.5016151666641235]","[0.4998467266559601, 0.5001533031463623]","[214, 286]",0.0,0.0015791704645380378,0.013848323374986649
7516,314,23.0,23,,mcb_nnknn,500,2640,2882,2640,2882,0,0,0,0,0.90481,0.90481,True,"[0.5958390235900879, 0.4041610360145569]","[0.509122908115387, 0.49087709188461304]","[214, 286]",0.0,0.0015791704645380378,0.013848323374986649
7543,315,27.0,27,,mcb_nnknn,500,2640,2882,2640,2882,0,0,0,0,0.904468,0.904468,True,"[0.30708035826683044, 0.6929196119308472]","[0.4815700054168701, 0.5184299945831299]","[214, 286]",0.0,0.0015791704645380378,0.013848323374986649
7556,316,13.0,13,47.648128509521484,mcb_nnknn,500,2652,2914,2652,2914,0,0,0,0,0.9043033333333333,0.9043033333333333,True,"[0.3832172155380249, 0.6167828440666199]","[0.4888242781162262, 0.5111757516860962]","[210, 290]",0.0,0.001607001293450594,0.013348382897675037
7581,317,25.0,25,,mcb_nnknn,500,2652,2914,2652,2914,0,0,0,0,0.9039866666666667,0.9039866666666667,True,"[0.4888288080692291, 0.5111712217330933]","[0.49892741441726685, 0.5010725855827332]","[210, 290]",0.0,0.001607001293450594,0.013348382897675037
7610,318,29.0,29,,mcb_nnknn,500,2652,2914,2652,2914,0,0,0,0,0.9036193333333333,0.9036193333333333,True,"[0.6002681851387024, 0.39973184466362]","[0.5096639394760132, 0.4903360903263092]","[210, 290]",0.0,0.001607001293450594,0.013348382897675037
7632,319,22.0,22,,mcb_nnknn,500,2652,2914,2652,2914,0,0,0,0,0.9033406666666667,0.9033406666666667,True,"[0.6012649536132812, 0.39873504638671875]","[0.5097882151603699, 0.4902117848396301]","[210, 290]",0.0,0.001607001293450594,0.013348382897675037
7646,320,14.0,14,50.39756774902344,mcb_nnknn,500,2659,2955,2659,2955,0,0,0,0,0.9031633333333333,0.9031633333333333,True,"[0.7980834245681763, 0.2019166350364685]","[0.528865396976471, 0.47113460302352905]","[207, 293]",0.0,0.0015944073675200343,0.01317434199154377
7703,321,57.0,57,,mcb_nnknn,500,2659,2955,2659,2955,0,0,0,0,0.9024413333333333,0.9024413333333333,True,"[0.6953583359718323, 0.3046416938304901]","[0.519058883190155, 0.48094111680984497]","[207, 293]",0.0,0.0015944073675200343,0.01317434199154377
7786,322,83.0,83,,mcb_nnknn,500,2659,2955,2659,2955,0,0,0,0,0.90139,0.90139,True,"[0.7989740371704102, 0.20102600753307343]","[0.529481828212738, 0.47051817178726196]","[207, 293]",0.0,0.0015944073675200343,0.01317434199154377
7804,323,18.0,18,,mcb_nnknn,500,2659,2955,2659,2955,0,0,0,0,0.901162,0.901162,True,"[0.6945522427558899, 0.3054477870464325]","[0.5192291736602783, 0.48077085614204407]","[207, 293]",0.0,0.0015944073675200343,0.01317434199154377
7831,324,27.0,27,107.02269744873047,mcb_nnknn,500,2671,3085,2671,3085,0,0,0,0,0.90082,0.90082,True,"[0.7936632633209229, 0.20633670687675476]","[0.5291255116462708, 0.47087448835372925]","[209, 291]",0.0,0.0015997240552678704,0.013674176298081875
7844,325,13.0,13,,mcb_nnknn,500,2671,3085,2671,3085,0,0,0,0,0.9006553333333334,0.9006553333333334,True,"[0.6950449347496033, 0.3049550950527191]","[0.5193766951560974, 0.480623334646225]","[209, 291]",0.0,0.0015997240552678704,0.013674176298081875
7873,326,29.0,29,,mcb_nnknn,500,2671,3085,2671,3085,0,0,0,0,0.900288,0.900288,True,"[0.41523611545562744, 0.5847638845443726]","[0.4915480315685272, 0.5084519982337952]","[209, 291]",0.0,0.0015997240552678704,0.013674176298081875
7899,327,26.0,26,,mcb_nnknn,500,2671,3085,2671,3085,0,0,0,0,0.8999586666666667,0.8999586666666667,True,"[0.41793614625930786, 0.5820638537406921]","[0.491790235042572, 0.508209764957428]","[209, 291]",0.0,0.0015997240552678704,0.013674176298081875
7909,328,10.0,10,55.38389587402344,mcb_nnknn,500,2677,3117,2677,3117,0,0,0,0,0.899832,0.899832,True,"[0.6937991976737976, 0.30620086193084717]","[0.5194124579429626, 0.48058754205703735]","[214, 286]",0.0,0.001612593070603907,0.013174266554415226
7940,329,31.0,31,,mcb_nnknn,500,2677,3117,2677,3117,0,0,0,0,0.8994393333333334,0.8994393333333334,True,"[1.0, 0.0]","[0.5502803325653076, 0.4497196674346924]","[214, 286]",0.0,0.001612593070603907,0.013174266554415226
7984,330,44.0,44,,mcb_nnknn,500,2677,3117,2677,3117,0,0,0,0,0.898882,0.898882,True,"[0.7984853386878967, 0.20151466131210327]","[0.5301822423934937, 0.46981775760650635]","[214, 286]",0.0,0.001612593070603907,0.013174266554415226
8002,331,18.0,18,,mcb_nnknn,500,2677,3117,2677,3117,0,0,0,0,0.898654,0.898654,True,"[0.394574373960495, 0.6054256558418274]","[0.48931553959846497, 0.5106844902038574]","[214, 286]",0.0,0.001612593070603907,0.013174266554415226
8025,332,23.0,23,56.8941650390625,mcb_nnknn,500,2683,3187,2683,3187,0,0,0,0,0.8983626666666666,0.8983626666666666,True,"[0.7985605597496033, 0.2014394998550415]","[0.5303449034690857, 0.4696551263332367]","[215, 285]",0.0,0.0016171806491911411,0.012674354948103428
8037,333,12.0,12,,mcb_nnknn,500,2683,3187,2683,3187,0,0,0,0,0.8982106666666667,0.8982106666666667,True,"[0.9017811417579651, 0.0982188805937767]","[0.540897011756897, 0.45910295844078064]","[215, 285]",0.0,0.0016171806491911411,0.012674354948103428
8076,334,39.0,39,,mcb_nnknn,500,2683,3187,2683,3187,0,0,0,0,0.8977166666666667,0.8977166666666667,True,"[0.10002059489488602, 0.8999794125556946]","[0.4590887725353241, 0.5409112572669983]","[215, 285]",0.0,0.0016171806491911411,0.012674354948103428
8090,335,14.0,14,,mcb_nnknn,500,2683,3187,2683,3187,0,0,0,0,0.8975393333333334,0.8975393333333334,True,"[1.0, 0.0]","[0.5512303113937378, 0.4487696588039398]","[215, 285]",0.0,0.0016171806491911411,0.012674354948103428
8115,336,25.0,25,52.22559356689453,mcb_nnknn,500,2707,3213,2707,3213,0,0,0,0,0.8972226666666667,0.8972226666666667,True,"[0.8988747596740723, 0.10112527757883072]","[0.5409952998161316, 0.4590047001838684]","[217, 283]",0.0,0.0016381704481318593,0.013174092397093773
8130,337,15.0,15,,mcb_nnknn,500,2707,3213,2707,3213,0,0,0,0,0.8970326666666667,0.8970326666666667,True,"[0.9003045558929443, 0.09969545900821686]","[0.5412182807922363, 0.45878171920776367]","[217, 283]",0.0,0.0016381704481318593,0.013174092397093773
8157,338,27.0,27,,mcb_nnknn,500,2707,3213,2707,3213,0,0,0,0,0.8966906666666666,0.8966906666666666,True,"[1.0, 0.0]","[0.5516546964645386, 0.4483453333377838]","[217, 283]",0.0,0.0016381704481318593,0.013174092397093773
8171,339,14.0,14,,mcb_nnknn,500,2707,3213,2707,3213,0,0,0,0,0.8965133333333333,0.8965133333333333,True,"[0.4152083098888397, 0.5847917199134827]","[0.4912251830101013, 0.5087748169898987]","[217, 283]",0.0,0.0016381704481318593,0.013174092397093773
8182,340,11.0,11,50.63911437988281,mcb_nnknn,500,2713,3235,2713,3235,0,0,0,0,0.896374,0.896374,True,"[0.4107845723628998, 0.5892154574394226]","[0.49075496196746826, 0.5092450380325317]","[219, 281]",0.0,0.00160692585632205,0.013673952780663967
8205,341,23.0,23,,mcb_nnknn,500,2713,3235,2713,3235,0,0,0,0,0.8960826666666667,0.8960826666666667,True,"[1.0, 0.0]","[0.5519586801528931, 0.44804131984710693]","[219, 281]",0.0,0.00160692585632205,0.013673952780663967
8220,342,15.0,15,,mcb_nnknn,500,2713,3235,2713,3235,0,0,0,0,0.8958926666666667,0.8958926666666667,True,"[0.798025906085968, 0.20197409391403198]","[0.5310266613960266, 0.468973308801651]","[219, 281]",0.0,0.00160692585632205,0.013673952780663967
8241,343,21.0,21,,mcb_nnknn,500,2713,3235,2713,3235,0,0,0,0,0.8956266666666667,0.8956266666666667,True,"[1.0, 0.0]","[0.5521866679191589, 0.44781333208084106]","[219, 281]",0.0,0.00160692585632205,0.013673952780663967
8252,344,11.0,11,41.43048095703125,mcb_nnknn,500,2715,3263,2715,3263,0,0,0,0,0.8954873333333333,0.8954873333333333,True,"[0.9007748365402222, 0.09922518581151962]","[0.541886031627655, 0.4581139385700226]","[220, 280]",0.0,0.001596264191903174,0.013497168198227882
8265,345,13.0,13,,mcb_nnknn,500,2715,3263,2715,3263,0,0,0,0,0.8953226666666667,0.8953226666666667,True,"[0.5005320310592651, 0.49946799874305725]","[0.5000556707382202, 0.4999442994594574]","[220, 280]",0.0,0.001596264191903174,0.013497168198227882
8310,346,45.0,45,,mcb_nnknn,500,2715,3263,2715,3263,0,0,0,0,0.8947526666666666,0.8947526666666666,True,"[0.4067251980304718, 0.5932747721672058]","[0.4901830852031708, 0.5098169445991516]","[220, 280]",0.0,0.001596264191903174,0.013497168198227882
8323,347,13.0,13,,mcb_nnknn,500,2715,3263,2715,3263,0,0,0,0,0.8945879999999999,0.8945879999999999,True,"[0.4165681004524231, 0.5834319591522217]","[0.49120527505874634, 0.5087947249412537]","[220, 280]",0.0,0.001596264191903174,0.013497168198227882
8374,348,51.0,51,80.18119049072266,mcb_nnknn,500,2740,3318,2740,3318,0,0,0,0,0.893942,0.893942,True,"[1.0, 0.0]","[0.5530290007591248, 0.44697099924087524]","[215, 285]",0.0,0.001621262519620359,0.0139971524477005
8410,349,36.0,36,,mcb_nnknn,500,2740,3318,2740,3318,0,0,0,0,0.893486,0.893486,True,"[0.19775639474391937, 0.8022436499595642]","[0.4678068161010742, 0.5321931838989258]","[215, 285]",0.0,0.001621262519620359,0.0139971524477005
8434,350,24.0,24,,mcb_nnknn,500,2740,3318,2740,3318,0,0,0,0,0.893182,0.893182,True,"[0.4142756760120392, 0.5857243537902832]","[0.4908430874347687, 0.5091568827629089]","[215, 285]",0.0,0.001621262519620359,0.0139971524477005
8457,351,23.0,23,,mcb_nnknn,500,2740,3318,2740,3318,0,0,0,0,0.8928906666666667,0.8928906666666667,True,"[1.0, 0.0]","[0.5535546541213989, 0.4464453458786011]","[215, 285]",0.0,0.001621262519620359,0.0139971524477005
8476,352,19.0,19,50.92878723144531,mcb_nnknn,500,2748,3367,2748,3367,0,0,0,0,0.8926499999999999,0.8926499999999999,True,"[0.4059257209300995, 0.5940743088722229]","[0.4899011254310608, 0.5100988745689392]","[220, 280]",0.0,0.0016200997633859515,0.013497183099389076
8494,353,18.0,18,,mcb_nnknn,500,2748,3367,2748,3367,0,0,0,0,0.892422,0.892422,True,"[1.0, 0.0]","[0.5537890195846558, 0.4462110102176666]","[220, 280]",0.0,0.0016200997633859515,0.013497183099389076
8539,354,45.0,45,,mcb_nnknn,500,2748,3367,2748,3367,0,0,0,0,0.891852,0.891852,True,"[1.0, 0.0]","[0.5540739893913269, 0.4459260106086731]","[220, 280]",0.0,0.0016200997633859515,0.013497183099389076
8577,355,38.0,38,,mcb_nnknn,500,2748,3367,2748,3367,0,0,0,0,0.8913706666666666,0.8913706666666666,True,"[1.0, 0.0]","[0.5543146729469299, 0.44568532705307007]","[220, 280]",0.0,0.0016200997633859515,0.013497183099389076
8592,356,15.0,15,59.33527755737305,mcb_nnknn,500,2755,3436,2755,3436,0,0,0,0,0.8911806666666666,0.8911806666666666,True,"[0.9009414911270142, 0.09905853867530823]","[0.5436301827430725, 0.4563698172569275]","[217, 283]",0.0,0.0016096063191071153,0.013321882113814354
8611,357,19.0,19,,mcb_nnknn,500,2755,3436,2755,3436,0,0,0,0,0.89094,0.89094,True,"[0.4132216274738312, 0.5867783427238464]","[0.4905359447002411, 0.5094640254974365]","[217, 283]",0.0,0.0016096063191071153,0.013321882113814354
8630,358,19.0,19,,mcb_nnknn,500,2755,3436,2755,3436,0,0,0,0,0.8906993333333333,0.8906993333333333,True,"[0.4132241904735565, 0.5867757797241211]","[0.4905153512954712, 0.5094846487045288]","[217, 283]",0.0,0.0016096063191071153,0.013321882113814354
8662,359,32.0,32,,mcb_nnknn,500,2755,3436,2755,3436,0,0,0,0,0.890294,0.890294,True,"[0.8992457389831543, 0.1007542610168457]","[0.543799638748169, 0.45620036125183105]","[217, 283]",0.0,0.0016096063191071153,0.013321882113814354
8704,360,42.0,42,62.10625076293945,mcb_nnknn,500,2760,3498,2760,3498,0,0,0,0,0.8897619999999999,0.8897619999999999,True,"[0.2990341782569885, 0.7009658217430115]","[0.4778459370136261, 0.5221540927886963]","[219, 281]",0.0,0.0016221620608121157,0.013821867294609547
8721,361,17.0,17,,mcb_nnknn,500,2760,3498,2760,3498,0,0,0,0,0.8895466666666667,0.8895466666666667,True,"[0.39100778102874756, 0.6089922785758972]","[0.48796144127845764, 0.5120385885238647]","[219, 281]",0.0,0.0016221620608121157,0.013821867294609547
8780,362,59.0,59,,mcb_nnknn,500,2760,3498,2760,3498,0,0,0,0,0.8887993333333333,0.8887993333333333,True,"[0.4093572795391083, 0.5906427502632141]","[0.4899204671382904, 0.5100795030593872]","[219, 281]",0.0,0.0016221620608121157,0.013821867294609547
8823,363,43.0,43,,mcb_nnknn,500,2760,3498,2760,3498,0,0,0,0,0.8882546666666666,0.8882546666666666,True,"[0.40292179584503174, 0.5970782041549683]","[0.4891519546508789, 0.5108480453491211]","[219, 281]",0.0,0.0016221620608121157,0.013821867294609547
8882,364,59.0,59,96.83142852783203,mcb_nnknn,500,2786,3606,2786,3606,0,0,0,0,0.8875073333333333,0.8875073333333333,True,"[0.09832241386175156, 0.9016776084899902]","[0.45481422543525696, 0.5451858043670654]","[217, 283]",0.0,0.00164285977371037,0.01432182639837265
8900,365,18.0,18,,mcb_nnknn,500,2786,3606,2786,3606,0,0,0,0,0.8872793333333333,0.8872793333333333,True,"[0.4013698995113373, 0.5986301302909851]","[0.4888823628425598, 0.5111176371574402]","[217, 283]",0.0,0.00164285977371037,0.01432182639837265
8931,366,31.0,31,,mcb_nnknn,500,2786,3606,2786,3606,0,0,0,0,0.8868866666666667,0.8868866666666667,True,"[1.0, 0.0]","[0.5565567016601562, 0.44344332814216614]","[217, 283]",0.0,0.00164285977371037,0.01432182639837265
8954,367,23.0,23,,mcb_nnknn,500,2786,3606,2786,3606,0,0,0,0,0.8865953333333333,0.8865953333333333,True,"[0.10089385509490967, 0.8991061449050903]","[0.4547394812107086, 0.545260488986969]","[217, 283]",0.0,0.00164285977371037,0.01432182639837265
8997,368,43.0,43,56.803466796875,mcb_nnknn,500,2818,3646,2818,3646,0,0,0,0,0.8860506666666667,0.8860506666666667,True,"[0.09992029517889023, 0.9000797271728516]","[0.45441117882728577, 0.5455888509750366]","[221, 279]",0.0,0.0016512942966073751,0.014821715652942657
9020,369,23.0,23,,mcb_nnknn,500,2818,3646,2818,3646,0,0,0,0,0.8857593333333333,0.8857593333333333,True,"[1.0, 0.0]","[0.5571203231811523, 0.44287967681884766]","[221, 279]",0.0,0.0016512942966073751,0.014821715652942657
9036,370,16.0,16,,mcb_nnknn,500,2818,3646,2818,3646,0,0,0,0,0.8855566666666667,0.8855566666666667,True,"[1.0, 0.0]","[0.5572216510772705, 0.4427783191204071]","[221, 279]",0.0,0.0016512942966073751,0.014821715652942657
9076,371,40.0,40,,mcb_nnknn,500,2818,3646,2818,3646,0,0,0,0,0.88505,0.88505,True,"[0.3008062541484833, 0.6991937756538391]","[0.477102667093277, 0.5228973031044006]","[221, 279]",0.0,0.0016512942966073751,0.014821715652942657
9095,372,19.0,19,47.67701721191406,mcb_nnknn,500,2825,3692,2825,3692,0,0,0,0,0.8848093333333333,0.8848093333333333,True,"[0.8993052840232849, 0.10069472342729568]","[0.5459962487220764, 0.4540037512779236]","[221, 279]",0.0,0.0016330151120200753,0.014322181232273579
9113,373,18.0,18,,mcb_nnknn,500,2825,3692,2825,3692,0,0,0,0,0.8845813333333333,0.8845813333333333,True,"[1.0, 0.0]","[0.5577093362808228, 0.44229066371917725]","[221, 279]",0.0,0.0016330151120200753,0.014322181232273579
9125,374,12.0,12,,mcb_nnknn,500,2825,3692,2825,3692,0,0,0,0,0.8844293333333333,0.8844293333333333,True,"[0.09804867208003998, 0.9019513726234436]","[0.4535462260246277, 0.5464537739753723]","[221, 279]",0.0,0.0016330151120200753,0.014322181232273579
9167,375,42.0,42,,mcb_nnknn,500,2825,3692,2825,3692,0,0,0,0,0.8838973333333333,0.8838973333333333,True,"[0.5066209435462952, 0.4933790862560272]","[0.5007687211036682, 0.4992312788963318]","[221, 279]",0.0,0.0016330151120200753,0.014322181232273579
9191,376,24.0,24,64.05085754394531,mcb_nnknn,500,2840,3728,2840,3728,0,0,0,0,0.8835933333333333,0.8835933333333333,True,"[0.40622401237487793, 0.5937759876251221]","[0.489083856344223, 0.5109161734580994]","[227, 273]",0.0,0.001632019062526524,0.013822289183735847
9212,377,21.0,21,,mcb_nnknn,500,2840,3728,2840,3728,0,0,0,0,0.8833273333333334,0.8833273333333334,True,"[0.10172494500875473, 0.8982750773429871]","[0.4535321891307831, 0.5464678406715393]","[227, 273]",0.0,0.001632019062526524,0.013822289183735847
9234,378,22.0,22,,mcb_nnknn,500,2840,3728,2840,3728,0,0,0,0,0.8830486666666667,0.8830486666666667,True,"[0.1937340945005417, 0.8062658905982971]","[0.4641817808151245, 0.5358182191848755]","[227, 273]",0.0,0.001632019062526524,0.013822289183735847
9260,379,26.0,26,,mcb_nnknn,500,2840,3728,2840,3728,0,0,0,0,0.8827193333333333,0.8827193333333333,True,"[1.0, 0.0]","[0.5586403608322144, 0.44135966897010803]","[227, 273]",0.0,0.001632019062526524,0.013822289183735847
9293,380,33.0,33,44.89048767089844,mcb_nnknn,500,2852,3771,2852,3771,0,0,0,0,0.8823013333333334,0.8823013333333334,True,"[0.8008803129196167, 0.19911974668502808]","[0.5354132056236267, 0.4645867943763733]","[230, 270]",0.0,0.0016431703697890043,0.014322195202112198
9330,381,37.0,37,,mcb_nnknn,500,2852,3771,2852,3771,0,0,0,0,0.8818326666666667,0.8818326666666667,True,"[0.2972075641155243, 0.7027924656867981]","[0.47603654861450195, 0.523963451385498]","[230, 270]",0.0,0.0016431703697890043,0.014322195202112198
9347,382,17.0,17,,mcb_nnknn,500,2852,3771,2852,3771,0,0,0,0,0.8816173333333334,0.8816173333333334,True,"[0.2002599537372589, 0.7997400760650635]","[0.46451595425605774, 0.5354840159416199]","[230, 270]",0.0,0.0016431703697890043,0.014322195202112198
9363,383,16.0,16,,mcb_nnknn,500,2852,3771,2852,3771,0,0,0,0,0.8814146666666667,0.8814146666666667,True,"[0.502189040184021, 0.497810959815979]","[0.5002595782279968, 0.4997404217720032]","[230, 270]",0.0,0.0016431703697890043,0.014322195202112198
9413,384,50.0,50,69.73406219482422,mcb_nnknn,500,2868,3831,2868,3831,0,0,0,0,0.8807813333333333,0.8807813333333333,True,"[0.19698837399482727, 0.8030116558074951]","[0.46387535333633423, 0.5361246466636658]","[232, 268]",0.0,0.001664653536863625,0.013822433538734913
9438,385,25.0,25,,mcb_nnknn,500,2868,3831,2868,3831,0,0,0,0,0.8804646666666667,0.8804646666666667,True,"[0.8996545076370239, 0.10034549981355667]","[0.5477728247642517, 0.4522271752357483]","[232, 268]",0.0,0.001664653536863625,0.013822433538734913
9469,386,31.0,31,,mcb_nnknn,500,2868,3831,2868,3831,0,0,0,0,0.880072,0.880072,True,"[0.2008213996887207, 0.7991786003112793]","[0.46412011981010437, 0.535879909992218]","[232, 268]",0.0,0.001664653536863625,0.013822433538734913
9479,387,10.0,10,,mcb_nnknn,500,2868,3831,2868,3831,0,0,0,0,0.8799453333333334,0.8799453333333334,True,"[0.19895592331886292, 0.8010440468788147]","[0.4638582468032837, 0.5361417531967163]","[232, 268]",0.0,0.001664653536863625,0.013822433538734913
9542,388,63.0,63,82.36211395263672,mcb_nnknn,500,2881,3903,2881,3903,0,0,0,0,0.8791473333333333,0.8791473333333333,True,"[0.1986146867275238, 0.8013853430747986]","[0.4635767936706543, 0.5364232063293457]","[222, 278]",0.0,0.00165391038171947,0.014322401955723763
9553,389,11.0,11,,mcb_nnknn,500,2881,3903,2881,3903,0,0,0,0,0.879008,0.879008,True,"[0.19974912703037262, 0.8002508878707886]","[0.46367204189300537, 0.5363279581069946]","[222, 278]",0.0,0.00165391038171947,0.014322401955723763
9623,390,70.0,70,,mcb_nnknn,500,2881,3903,2881,3903,0,0,0,0,0.8781213333333333,0.8781213333333333,True,"[0.39995428919792175, 0.6000456809997559]","[0.4878065586090088, 0.5121934413909912]","[222, 278]",0.0,0.00165391038171947,0.014322401955723763
9641,391,18.0,18,,mcb_nnknn,500,2881,3903,2881,3903,0,0,0,0,0.8778933333333333,0.8778933333333333,True,"[0.1009909063577652, 0.899009108543396]","[0.45127832889556885, 0.5487216711044312]","[222, 278]",0.0,0.00165391038171947,0.014322401955723763
9658,392,17.0,17,85.75978088378906,mcb_nnknn,500,2900,3955,2900,3955,0,0,0,0,0.877678,0.877678,True,"[0.8990339040756226, 0.10096611082553864]","[0.548810601234436, 0.4511893689632416]","[221, 279]",0.0,0.0016669509932398796,0.013822771608829498
9722,393,64.0,64,,mcb_nnknn,500,2900,3955,2900,3955,0,0,0,0,0.8768673333333333,0.8768673333333333,True,"[0.10052276402711868, 0.8994772434234619]","[0.4508112967014313, 0.5491886734962463]","[221, 279]",0.0,0.0016669509932398796,0.013822771608829498
9755,394,33.0,33,,mcb_nnknn,500,2900,3955,2900,3955,0,0,0,0,0.8764493333333333,0.8764493333333333,True,"[0.19903290271759033, 0.8009671568870544]","[0.4628153145313263, 0.5371847152709961]","[221, 279]",0.0,0.0016669509932398796,0.013822771608829498
9778,395,23.0,23,,mcb_nnknn,500,2900,3955,2900,3955,0,0,0,0,0.876158,0.876158,True,"[0.3994085490703583, 0.6005914211273193]","[0.4875425696372986, 0.5124574303627014]","[221, 279]",0.0,0.0016669509932398796,0.013822771608829498
9810,396,32.0,32,77.93562316894531,mcb_nnknn,500,2920,4039,2920,4039,0,0,0,0,0.8757526666666666,0.8757526666666666,True,"[1.0, 0.0]","[0.5621236562728882, 0.4378763437271118]","[216, 284]",0.0,0.0016716885147616267,0.014322749339044094
9823,397,13.0,13,,mcb_nnknn,500,2920,4039,2920,4039,0,0,0,0,0.875588,0.875588,True,"[0.20089603960514069, 0.7991039752960205]","[0.4627878665924072, 0.5372121334075928]","[216, 284]",0.0,0.0016716885147616267,0.014322749339044094
9863,398,40.0,40,,mcb_nnknn,500,2920,4039,2920,4039,0,0,0,0,0.8750813333333334,0.8750813333333334,True,"[1.0, 0.0]","[0.5624593496322632, 0.4375406801700592]","[216, 284]",0.0,0.0016716885147616267,0.014322749339044094
9906,399,43.0,43,,mcb_nnknn,500,2920,4039,2920,4039,0,0,0,0,0.8745366666666666,0.8745366666666666,True,"[0.09951847791671753, 0.9004815816879272]","[0.4497542679309845, 0.5502457618713379]","[216, 284]",0.0,0.0016716885147616267,0.014322749339044094
9923,400,17.0,17,65.18966674804688,mcb_nnknn,500,2939,4086,2939,4086,0,0,0,0,0.8743213333333333,0.8743213333333333,True,"[0.10064131021499634, 0.8993586897850037]","[0.44980913400650024, 0.5501908659934998]","[217, 283]",0.0,0.0016845728969201446,0.014822715893387794
9987,401,64.0,64,,mcb_nnknn,500,2939,4086,2939,4086,0,0,0,0,0.8735106666666667,0.8735106666666667,True,"[0.8997710347175598, 0.10022899508476257]","[0.5505667924880981, 0.44943323731422424]","[217, 283]",0.0,0.0016845728969201446,0.014822715893387794
10007,402,20.0,20,,mcb_nnknn,500,2939,4086,2939,4086,0,0,0,0,0.8732573333333333,0.8732573333333333,True,"[1.0, 0.0]","[0.5633713006973267, 0.43662866950035095]","[217, 283]",0.0,0.0016845728969201446,0.014822715893387794
10018,403,11.0,11,,mcb_nnknn,500,2939,4086,2939,4086,0,0,0,0,0.8731180000000001,0.8731180000000001,True,"[0.3020508289337158, 0.6979491710662842]","[0.4748837947845459, 0.5251162052154541]","[217, 283]",0.0,0.0016845728969201446,0.014822715893387794
10033,404,15.0,15,85.0940170288086,mcb_nnknn,500,2966,4124,2966,4124,0,0,0,0,0.872928,0.872928,True,"[0.0, 1.0]","[0.43646401166915894, 0.5635359883308411]","[218, 282]",0.0,0.0016975334146991372,0.015322665683925152
10049,405,16.0,16,,mcb_nnknn,500,2966,4124,2966,4124,0,0,0,0,0.8727253333333334,0.8727253333333334,True,"[0.09839874505996704, 0.901601254940033]","[0.44888633489608765, 0.5511136651039124]","[218, 282]",0.0,0.0016975334146991372,0.015322665683925152
10078,406,29.0,29,,mcb_nnknn,500,2966,4124,2966,4124,0,0,0,0,0.872358,0.872358,True,"[1.0, 0.0]","[0.5638209581375122, 0.4361790120601654]","[218, 282]",0.0,0.0016975334146991372,0.015322665683925152
10091,407,13.0,13,,mcb_nnknn,500,2966,4124,2966,4124,0,0,0,0,0.8721933333333334,0.8721933333333334,True,"[0.899146318435669, 0.10085371136665344]","[0.5510135889053345, 0.4489864408969879]","[218, 282]",0.0,0.0016975334146991372,0.015322665683925152
10104,408,13.0,13,52.32923889160156,mcb_nnknn,500,2968,4147,2968,4147,0,0,0,0,0.8720286666666667,0.8720286666666667,True,"[0.0, 1.0]","[0.436014324426651, 0.5639857053756714]","[215, 285]",0.0,0.0016623373376205564,0.014822740107774734
10139,409,35.0,35,,mcb_nnknn,500,2968,4147,2968,4147,0,0,0,0,0.8715853333333333,0.8715853333333333,True,"[1.0, 0.0]","[0.5642073154449463, 0.4357926547527313]","[215, 285]",0.0,0.0016623373376205564,0.014822740107774734
10159,410,20.0,20,,mcb_nnknn,500,2968,4147,2968,4147,0,0,0,0,0.871332,0.871332,True,"[1.0, 0.0]","[0.5643340349197388, 0.4356659948825836]","[215, 285]",0.0,0.0016623373376205564,0.014822740107774734
10168,411,9.0,9,,mcb_nnknn,500,2968,4147,2968,4147,0,0,0,0,0.871218,0.871218,True,"[0.19863787293434143, 0.8013620972633362]","[0.46118998527526855, 0.5388100147247314]","[215, 285]",0.0,0.0016623373376205564,0.014822740107774734
10217,412,49.0,49,69.37723541259766,mcb_nnknn,500,2983,4201,2983,4201,0,0,0,0,0.8705973333333333,0.8705973333333333,True,"[0.0985901802778244, 0.9014098048210144]","[0.44805651903152466, 0.5519434809684753]","[216, 284]",0.0,0.0016842237673699856,0.015322653576731682
10235,413,18.0,18,,mcb_nnknn,500,2983,4201,2983,4201,0,0,0,0,0.8703693333333333,0.8703693333333333,True,"[0.0, 1.0]","[0.43518465757369995, 0.5648153424263]","[216, 284]",0.0,0.0016842237673699856,0.015322653576731682
10308,414,73.0,73,,mcb_nnknn,500,2983,4201,2983,4201,0,0,0,0,0.8694446666666666,0.8694446666666666,True,"[0.9023443460464478, 0.09765569120645523]","[0.5525282025337219, 0.4474717974662781]","[216, 284]",0.0,0.0016842237673699856,0.015322653576731682
10337,415,29.0,29,,mcb_nnknn,500,2983,4201,2983,4201,0,0,0,0,0.8690773333333334,0.8690773333333334,True,"[1.0, 0.0]","[0.5654613375663757, 0.43453866243362427]","[216, 284]",0.0,0.0016842237673699856,0.015322653576731682
10370,416,33.0,33,83.79194641113281,mcb_nnknn,500,2990,4297,2990,4297,0,0,0,0,0.8686593333333333,0.8686593333333333,True,"[0.09925732761621475, 0.9007426500320435]","[0.4473661780357361, 0.5526338219642639]","[222, 278]",0.0,0.0016806898638606071,0.014822826720774174
10406,417,36.0,36,,mcb_nnknn,500,2990,4297,2990,4297,0,0,0,0,0.8682033333333333,0.8682033333333333,True,"[0.2986338138580322, 0.7013661861419678]","[0.4734606146812439, 0.5265393853187561]","[222, 278]",0.0,0.0016806898638606071,0.014822826720774174
10426,418,20.0,20,,mcb_nnknn,500,2990,4297,2990,4297,0,0,0,0,0.86795,0.86795,True,"[1.0, 0.0]","[0.5660250186920166, 0.4339750111103058]","[222, 278]",0.0,0.0016806898638606071,0.014822826720774174
10449,419,23.0,23,,mcb_nnknn,500,2990,4297,2990,4297,0,0,0,0,0.8676586666666667,0.8676586666666667,True,"[0.0, 1.0]","[0.43382933735847473, 0.5661706924438477]","[222, 278]",0.0,0.0016806898638606071,0.014822826720774174
10479,420,30.0,30,53.96023178100586,mcb_nnknn,500,2991,4356,2991,4356,0,0,0,0,0.8672786666666666,0.8672786666666666,True,"[1.0, 0.0]","[0.5663606524467468, 0.4336393475532532]","[217, 283]",0.0,0.0016672104829922318,0.014322856441140175
10503,421,24.0,24,,mcb_nnknn,500,2991,4356,2991,4356,0,0,0,0,0.8669746666666667,0.8669746666666667,True,"[0.09961754828691483, 0.9003824591636658]","[0.44673898816108704, 0.5532610416412354]","[217, 283]",0.0,0.0016672104829922318,0.014322856441140175
10532,422,29.0,29,,mcb_nnknn,500,2991,4356,2991,4356,0,0,0,0,0.8666073333333333,0.8666073333333333,True,"[0.0992429107427597, 0.9007570743560791]","[0.4465419352054596, 0.5534580945968628]","[217, 283]",0.0,0.0016672104829922318,0.014322856441140175
10557,423,25.0,25,,mcb_nnknn,500,2991,4356,2991,4356,0,0,0,0,0.8662906666666667,0.8662906666666667,True,"[1.0, 0.0]","[0.5668546557426453, 0.43314534425735474]","[217, 283]",0.0,0.0016672104829922318,0.014322856441140175
10577,424,20.0,20,45.64958953857422,mcb_nnknn,500,2996,4400,2996,4400,0,0,0,0,0.8660373333333333,0.8660373333333333,True,"[1.0, 0.0]","[0.566981315612793, 0.43301865458488464]","[218, 282]",0.0,0.0016487585380673409,0.013822942972183228
10645,425,68.0,68,,mcb_nnknn,500,2996,4400,2996,4400,0,0,0,0,0.865176,0.865176,True,"[1.0, 0.0]","[0.5674120187759399, 0.43258801102638245]","[218, 282]",0.0,0.0016487585380673409,0.013822942972183228
10656,426,11.0,11,,mcb_nnknn,500,2996,4400,2996,4400,0,0,0,0,0.8650366666666667,0.8650366666666667,True,"[1.0, 0.0]","[0.5674816370010376, 0.43251833319664]","[218, 282]",0.0,0.0016487585380673409,0.013822942972183228
10666,427,10.0,10,,mcb_nnknn,500,2996,4400,2996,4400,0,0,0,0,0.8649100000000001,0.8649100000000001,True,"[1.0, 0.0]","[0.5675449967384338, 0.43245500326156616]","[218, 282]",0.0,0.0016487585380673409,0.013822942972183228
10697,428,31.0,31,92.23870086669922,mcb_nnknn,500,3009,4461,3009,4461,0,0,0,0,0.8645173333333334,0.8645173333333334,True,"[0.09997986257076263, 0.9000201225280762]","[0.4458042085170746, 0.554195761680603]","[215, 285]",0.0,0.0016314496751874685,0.013323013670742512
10743,429,46.0,46,,mcb_nnknn,500,3009,4461,3009,4461,0,0,0,0,0.8639346666666666,0.8639346666666666,True,"[1.0, 0.0]","[0.5680326223373413, 0.4319673478603363]","[215, 285]",0.0,0.0016314496751874685,0.013323013670742512
10762,430,19.0,19,,mcb_nnknn,500,3009,4461,3009,4461,0,0,0,0,0.863694,0.863694,True,"[0.10003296285867691, 0.8999670743942261]","[0.4454821050167084, 0.554517924785614]","[215, 285]",0.0,0.0016314496751874685,0.013323013670742512
10784,431,22.0,22,,mcb_nnknn,500,3009,4461,3009,4461,0,0,0,0,0.8634153333333333,0.8634153333333333,True,"[1.0, 0.0]","[0.5682923197746277, 0.4317076802253723]","[215, 285]",0.0,0.0016314496751874685,0.013323013670742512
10813,432,29.0,29,57.48857498168945,mcb_nnknn,500,3030,4507,3030,4507,0,0,0,0,0.863048,0.863048,True,"[0.10068413615226746, 0.8993158936500549]","[0.44531288743019104, 0.5546870827674866]","[223, 277]",0.0,0.0016129125142470002,0.013139697723090649
10824,433,11.0,11,,mcb_nnknn,500,3030,4507,3030,4507,0,0,0,0,0.8629086666666667,0.8629086666666667,True,"[1.0, 0.0]","[0.5685456991195679, 0.4314543306827545]","[223, 277]",0.0,0.0016129125142470002,0.013139697723090649
10838,434,14.0,14,,mcb_nnknn,500,3030,4507,3030,4507,0,0,0,0,0.8627313333333333,0.8627313333333333,True,"[1.0, 0.0]","[0.5686343312263489, 0.4313656687736511]","[223, 277]",0.0,0.0016129125142470002,0.013139697723090649
10864,435,26.0,26,,mcb_nnknn,500,3030,4507,3030,4507,0,0,0,0,0.862402,0.862402,True,"[0.20148250460624695, 0.7985175251960754]","[0.4589245915412903, 0.5410754084587097]","[223, 277]",0.0,0.0016129125142470002,0.013139697723090649
10895,436,31.0,31,53.25614929199219,mcb_nnknn,500,3035,4535,3035,4535,0,0,0,0,0.8620093333333333,0.8620093333333333,True,"[0.0, 1.0]","[0.43100467324256897, 0.5689953565597534]","[225, 275]",0.0,0.001623385469429195,0.013323279097676277
10926,437,31.0,31,,mcb_nnknn,500,3035,4535,3035,4535,0,0,0,0,0.8616166666666667,0.8616166666666667,True,"[1.0, 0.0]","[0.5691916942596436, 0.43080833554267883]","[225, 275]",0.0,0.001623385469429195,0.013323279097676277
10960,438,34.0,34,,mcb_nnknn,500,3035,4535,3035,4535,0,0,0,0,0.861186,0.861186,True,"[1.0, 0.0]","[0.5694069862365723, 0.43059301376342773]","[225, 275]",0.0,0.001623385469429195,0.013323279097676277
10982,439,22.0,22,,mcb_nnknn,500,3035,4535,3035,4535,0,0,0,0,0.8609073333333334,0.8609073333333334,True,"[0.0990164652466774, 0.9009835720062256]","[0.44422611594200134, 0.5557738542556763]","[225, 275]",0.0,0.001623385469429195,0.013323279097676277
11048,440,66.0,66,72.10192108154297,mcb_nnknn,500,3061,4611,3061,4611,0,0,0,0,0.8600713333333333,0.8600713333333333,True,"[0.09914550185203552, 0.9008545279502869]","[0.4439089894294739, 0.5560910105705261]","[224, 276]",0.0,0.0016269084298983216,0.013823190703988075
11057,441,9.0,9,,mcb_nnknn,500,3061,4611,3061,4611,0,0,0,0,0.8599573333333334,0.8599573333333334,True,"[1.0, 0.0]","[0.5700213313102722, 0.4299786686897278]","[224, 276]",0.0,0.0016269084298983216,0.013823190703988075
11081,442,24.0,24,,mcb_nnknn,500,3061,4611,3061,4611,0,0,0,0,0.8596533333333334,0.8596533333333334,True,"[0.0, 1.0]","[0.42982667684555054, 0.5701733231544495]","[224, 276]",0.0,0.0016269084298983216,0.013823190703988075
11090,443,9.0,9,,mcb_nnknn,500,3061,4611,3061,4611,0,0,0,0,0.8595393333333333,0.8595393333333333,True,"[1.0, 0.0]","[0.5702303647994995, 0.4297696650028229]","[224, 276]",0.0,0.0016269084298983216,0.013823190703988075
11121,444,31.0,31,55.88819885253906,mcb_nnknn,500,3066,4635,3066,4635,0,0,0,0,0.8591466666666667,0.8591466666666667,True,"[1.0, 0.0]","[0.5704267024993896, 0.42957332730293274]","[222, 278]",0.0,0.0016102283261716366,0.01425217092037201
11132,445,11.0,11,,mcb_nnknn,500,3066,4635,3066,4635,0,0,0,0,0.8590073333333333,0.8590073333333333,True,"[1.0, 0.0]","[0.5704963207244873, 0.4295036792755127]","[222, 278]",0.0,0.0016102283261716366,0.01425217092037201
11150,446,18.0,18,,mcb_nnknn,500,3066,4635,3066,4635,0,0,0,0,0.8587793333333333,0.8587793333333333,True,"[0.10050065070390701, 0.8994993567466736]","[0.4435824155807495, 0.5564175844192505]","[222, 278]",0.0,0.0016102283261716366,0.01425217092037201
11168,447,18.0,18,,mcb_nnknn,500,3066,4635,3066,4635,0,0,0,0,0.8585513333333333,0.8585513333333333,True,"[0.0, 1.0]","[0.42927566170692444, 0.570724368095398]","[222, 278]",0.0,0.0016102283261716366,0.01425217092037201
11180,448,12.0,12,58.91733169555664,mcb_nnknn,500,3067,4644,3067,4644,0,0,0,0,0.8583993333333333,0.8583993333333333,True,"[1.0, 0.0]","[0.5708003044128418, 0.4291996657848358]","[221, 279]",0.0,0.0015941010788083076,0.014752164483070374
11203,449,23.0,23,,mcb_nnknn,500,3067,4644,3067,4644,0,0,0,0,0.858108,0.858108,True,"[1.0, 0.0]","[0.5709459781646729, 0.42905399203300476]","[221, 279]",0.0,0.0015941010788083076,0.014752164483070374
11214,450,11.0,11,,mcb_nnknn,500,3067,4644,3067,4644,0,0,0,0,0.8579686666666666,0.8579686666666666,True,"[0.0, 1.0]","[0.4289843440055847, 0.5710156559944153]","[221, 279]",0.0,0.0015941010788083076,0.014752164483070374
11225,451,11.0,11,,mcb_nnknn,500,3067,4644,3067,4644,0,0,0,0,0.8578293333333333,0.8578293333333333,True,"[0.0, 1.0]","[0.4289146661758423, 0.5710853338241577]","[221, 279]",0.0,0.0015941010788083076,0.014752164483070374
11278,452,53.0,53,74.47346496582031,mcb_nnknn,500,3069,4692,3069,4692,0,0,0,0,0.857158,0.857158,True,"[1.0, 0.0]","[0.5714210271835327, 0.4285790026187897]","[223, 277]",0.0,0.0015702926320955157,0.014252199791371822
11294,453,16.0,16,,mcb_nnknn,500,3069,4692,3069,4692,0,0,0,0,0.8569553333333333,0.8569553333333333,True,"[1.0, 0.0]","[0.5715223550796509, 0.4284776747226715]","[223, 277]",0.0,0.0015702926320955157,0.014252199791371822
11333,454,39.0,39,,mcb_nnknn,500,3069,4692,3069,4692,0,0,0,0,0.8564613333333333,0.8564613333333333,True,"[0.0, 1.0]","[0.4282306730747223, 0.5717693567276001]","[223, 277]",0.0,0.0015702926320955157,0.014252199791371822
11357,455,24.0,24,,mcb_nnknn,500,3069,4692,3069,4692,0,0,0,0,0.8561573333333333,0.8561573333333333,True,"[0.19902294874191284, 0.8009771108627319]","[0.4567066729068756, 0.5432933568954468]","[223, 277]",0.0,0.0015702926320955157,0.014252199791371822
11378,456,21.0,21,52.03058624267578,mcb_nnknn,500,3080,4730,3080,4730,0,0,0,0,0.8558913333333333,0.8558913333333333,True,"[0.0, 1.0]","[0.42794567346572876, 0.5720543265342712]","[224, 276]",0.0,0.0015885448083281517,0.014752184972167015
11393,457,15.0,15,,mcb_nnknn,500,3080,4730,3080,4730,0,0,0,0,0.8557013333333333,0.8557013333333333,True,"[1.0, 0.0]","[0.5721493363380432, 0.4278506636619568]","[224, 276]",0.0,0.0015885448083281517,0.014752184972167015
11406,458,13.0,13,,mcb_nnknn,500,3080,4730,3080,4730,0,0,0,0,0.8555366666666666,0.8555366666666666,True,"[1.0, 0.0]","[0.572231650352478, 0.4277683198451996]","[224, 276]",0.0,0.0015885448083281517,0.014752184972167015
11427,459,21.0,21,,mcb_nnknn,500,3080,4730,3080,4730,0,0,0,0,0.8552706666666666,0.8552706666666666,True,"[0.0, 1.0]","[0.4276353418827057, 0.5723646879196167]","[224, 276]",0.0,0.0015885448083281517,0.014752184972167015
11445,460,18.0,18,51.23188018798828,mcb_nnknn,500,3081,4744,3081,4744,0,0,0,0,0.8550426666666666,0.8550426666666666,True,"[0.0, 1.0]","[0.42752134799957275, 0.5724786520004272]","[224, 276]",0.0,0.0015587897505611181,0.015252155251801014
11461,461,16.0,16,,mcb_nnknn,500,3081,4744,3081,4744,0,0,0,0,0.85484,0.85484,True,"[0.29816287755966187, 0.7018371224403381]","[0.47070130705833435, 0.5292986631393433]","[224, 276]",0.0,0.0015587897505611181,0.015252155251801014
11480,462,19.0,19,,mcb_nnknn,500,3081,4744,3081,4744,0,0,0,0,0.8545993333333333,0.8545993333333333,True,"[1.0, 0.0]","[0.5727003216743469, 0.4272996783256531]","[224, 276]",0.0,0.0015587897505611181,0.015252155251801014
11497,463,17.0,17,,mcb_nnknn,500,3081,4744,3081,4744,0,0,0,0,0.854384,0.854384,True,"[1.0, 0.0]","[0.572808027267456, 0.42719200253486633]","[224, 276]",0.0,0.0015587897505611181,0.015252155251801014
11540,464,43.0,43,56.42628860473633,mcb_nnknn,500,3090,4778,3090,4778,0,0,0,0,0.8538393333333334,0.8538393333333334,True,"[0.0, 1.0]","[0.4269196689128876, 0.57308030128479]","[224, 276]",0.0,0.0015447197947651148,0.014752211980521679
11555,465,15.0,15,,mcb_nnknn,500,3090,4778,3090,4778,0,0,0,0,0.8536493333333334,0.8536493333333334,True,"[1.0, 0.0]","[0.573175311088562, 0.4268246591091156]","[224, 276]",0.0,0.0015447197947651148,0.014752211980521679
11575,466,20.0,20,,mcb_nnknn,500,3090,4778,3090,4778,0,0,0,0,0.853396,0.853396,True,"[1.0, 0.0]","[0.5733020305633545, 0.4266979992389679]","[224, 276]",0.0,0.0015447197947651148,0.014752211980521679
11614,467,39.0,39,,mcb_nnknn,500,3090,4778,3090,4778,0,0,0,0,0.852902,0.852902,True,"[0.0, 1.0]","[0.4264509975910187, 0.5735490322113037]","[224, 276]",0.0,0.0015447197947651148,0.014752211980521679
11643,468,29.0,29,51.43549346923828,mcb_nnknn,500,3107,4813,3107,4813,0,0,0,0,0.8525346666666667,0.8525346666666667,True,"[1.0, 0.0]","[0.5737326741218567, 0.4262673258781433]","[224, 276]",0.0,0.0015457929112017155,0.014531552791595459
11659,469,16.0,16,,mcb_nnknn,500,3107,4813,3107,4813,0,0,0,0,0.852332,0.852332,True,"[1.0, 0.0]","[0.5738340020179749, 0.42616599798202515]","[224, 276]",0.0,0.0015457929112017155,0.014531552791595459
11692,470,33.0,33,,mcb_nnknn,500,3107,4813,3107,4813,0,0,0,0,0.8519140000000001,0.8519140000000001,True,"[1.0, 0.0]","[0.5740430355072021, 0.42595699429512024]","[224, 276]",0.0,0.0015457929112017155,0.014531552791595459
11733,471,41.0,41,,mcb_nnknn,500,3107,4813,3107,4813,0,0,0,0,0.8513946666666666,0.8513946666666666,True,"[0.2023867517709732, 0.797613263130188]","[0.45577308535575867, 0.5442269444465637]","[224, 276]",0.0,0.0015457929112017155,0.014531552791595459
11755,472,22.0,22,55.94766616821289,mcb_nnknn,500,3110,4872,3110,4872,0,0,0,0,0.851116,0.851116,True,"[0.0, 1.0]","[0.4255580008029938, 0.5744420289993286]","[222, 278]",0.0,0.0015498129650950432,0.015031514689326286
11792,473,37.0,37,,mcb_nnknn,500,3110,4872,3110,4872,0,0,0,0,0.8506473333333333,0.8506473333333333,True,"[0.09948873519897461, 0.9005113244056702]","[0.44018256664276123, 0.5598174333572388]","[222, 278]",0.0,0.0015498129650950432,0.015031514689326286
11807,474,15.0,15,,mcb_nnknn,500,3110,4872,3110,4872,0,0,0,0,0.8504573333333334,0.8504573333333334,True,"[0.2965281903743744, 0.7034717798233032]","[0.4695722758769989, 0.5304276943206787]","[222, 278]",0.0,0.0015498129650950432,0.015031514689326286
11823,475,16.0,16,,mcb_nnknn,500,3110,4872,3110,4872,0,0,0,0,0.8502546666666666,0.8502546666666666,True,"[0.0, 1.0]","[0.4251273274421692, 0.5748726725578308]","[222, 278]",0.0,0.0015498129650950432,0.015031514689326286
11895,476,72.0,72,82.37721252441406,mcb_nnknn,500,3130,4943,3130,4943,0,0,0,0,0.8493426666666667,0.8493426666666667,True,"[0.0, 1.0]","[0.42467132210731506, 0.5753287076950073]","[220, 280]",0.0,0.001553016947582364,0.015531468205153942
11910,477,15.0,15,,mcb_nnknn,500,3130,4943,3130,4943,0,0,0,0,0.8491526666666667,0.8491526666666667,True,"[0.0, 1.0]","[0.4245763421058655, 0.5754236578941345]","[220, 280]",0.0,0.001553016947582364,0.015531468205153942
11924,478,14.0,14,,mcb_nnknn,500,3130,4943,3130,4943,0,0,0,0,0.8489753333333333,0.8489753333333333,True,"[1.0, 0.0]","[0.5755122900009155, 0.4244876801967621]","[220, 280]",0.0,0.001553016947582364,0.015531468205153942
11950,479,26.0,26,,mcb_nnknn,500,3130,4943,3130,4943,0,0,0,0,0.848646,0.848646,True,"[0.0, 1.0]","[0.4243229925632477, 0.5756770372390747]","[220, 280]",0.0,0.001553016947582364,0.015531468205153942
11978,480,28.0,28,45.83790969848633,mcb_nnknn,500,3136,4969,3136,4969,0,0,0,0,0.8482913333333333,0.8482913333333333,True,"[0.0, 1.0]","[0.4241456687450409, 0.5758543014526367]","[221, 279]",0.0,0.001529674744233489,0.015751907601952553
12013,481,35.0,35,,mcb_nnknn,500,3136,4969,3136,4969,0,0,0,0,0.8478479999999999,0.8478479999999999,True,"[0.10004355013370514, 0.899956464767456]","[0.4391458332538605, 0.5608541965484619]","[221, 279]",0.0,0.001529674744233489,0.015751907601952553
12057,482,44.0,44,,mcb_nnknn,500,3136,4969,3136,4969,0,0,0,0,0.8472906666666666,0.8472906666666666,True,"[0.6044670343399048, 0.3955329656600952]","[0.5159530639648438, 0.48404690623283386]","[221, 279]",0.0,0.001529674744233489,0.015751907601952553
12076,483,19.0,19,,mcb_nnknn,500,3136,4969,3136,4969,0,0,0,0,0.84705,0.84705,True,"[0.09863182157278061, 0.9013682007789612]","[0.4386107325553894, 0.5613892674446106]","[221, 279]",0.0,0.001529674744233489,0.015751907601952553
12130,484,54.0,54,69.7955551147461,mcb_nnknn,500,3164,5043,3164,5043,0,0,0,0,0.846366,0.846366,True,"[1.0, 0.0]","[0.5768170356750488, 0.42318299412727356]","[220, 280]",0.0,0.001554552698507905,0.015531416051089764
12151,485,21.0,21,,mcb_nnknn,500,3164,5043,3164,5043,0,0,0,0,0.8461,0.8461,True,"[1.0, 0.0]","[0.5769500136375427, 0.4230499863624573]","[220, 280]",0.0,0.001554552698507905,0.015531416051089764
12200,486,49.0,49,,mcb_nnknn,500,3164,5043,3164,5043,0,0,0,0,0.8454793333333334,0.8454793333333334,True,"[1.0, 0.0]","[0.5772603750228882, 0.4227396547794342]","[220, 280]",0.0,0.001554552698507905,0.015531416051089764
12230,487,30.0,30,,mcb_nnknn,500,3164,5043,3164,5043,0,0,0,0,0.8450993333333333,0.8450993333333333,True,"[0.30023568868637085, 0.6997643113136292]","[0.4690563678741455, 0.5309436321258545]","[220, 280]",0.0,0.001554552698507905,0.015531416051089764
12246,488,16.0,16,57.805233001708984,mcb_nnknn,500,3168,5105,3168,5105,0,0,0,0,0.8448966666666666,0.8448966666666666,True,"[0.0, 1.0]","[0.4224483370780945, 0.5775516629219055]","[218, 282]",0.0,0.0015334741910919547,0.015031489543616772
12308,489,62.0,62,,mcb_nnknn,500,3168,5105,3168,5105,0,0,0,0,0.8441113333333333,0.8441113333333333,True,"[0.09771979600191116, 0.9022802114486694]","[0.4372890591621399, 0.5627109408378601]","[218, 282]",0.0,0.0015334741910919547,0.015031489543616772
12352,490,44.0,44,,mcb_nnknn,500,3168,5105,3168,5105,0,0,0,0,0.843554,0.843554,True,"[0.0, 1.0]","[0.42177700996398926, 0.5782229900360107]","[218, 282]",0.0,0.0015334741910919547,0.015031489543616772
12383,491,31.0,31,,mcb_nnknn,500,3168,5105,3168,5105,0,0,0,0,0.8431613333333333,0.8431613333333333,True,"[0.2961953580379486, 0.7038046717643738]","[0.4680355489253998, 0.5319644212722778]","[218, 282]",0.0,0.0015334741910919547,0.015031489543616772
12395,492,12.0,12,73.24856567382812,mcb_nnknn,500,3177,5196,3177,5196,0,0,0,0,0.8430093333333333,0.8430093333333333,True,"[1.0, 0.0]","[0.5784953236579895, 0.4215046763420105]","[227, 273]",0.0,0.001538279582746327,0.015531453303992748
12419,493,24.0,24,,mcb_nnknn,500,3177,5196,3177,5196,0,0,0,0,0.8427053333333333,0.8427053333333333,True,"[0.09913280606269836, 0.900867223739624]","[0.43694570660591125, 0.5630542635917664]","[227, 273]",0.0,0.001538279582746327,0.015531453303992748
12432,494,13.0,13,,mcb_nnknn,500,3177,5196,3177,5196,0,0,0,0,0.8425406666666666,0.8425406666666666,True,"[0.09829867631196976, 0.9017013311386108]","[0.4367483854293823, 0.5632516145706177]","[227, 273]",0.0,0.001538279582746327,0.015531453303992748
12467,495,35.0,35,,mcb_nnknn,500,3177,5196,3177,5196,0,0,0,0,0.8420973333333334,0.8420973333333334,True,"[1.0, 0.0]","[0.578951358795166, 0.42104867100715637]","[227, 273]",0.0,0.001538279582746327,0.015531453303992748
12494,496,27.0,27,51.18571472167969,mcb_nnknn,500,3195,5227,3195,5227,0,0,0,0,0.8417553333333333,0.8417553333333333,True,"[1.0, 0.0]","[0.5791223049163818, 0.4208776652812958]","[221, 279]",0.0,0.0015439788112416863,0.015031521208584309
12541,497,47.0,47,,mcb_nnknn,500,3195,5227,3195,5227,0,0,0,0,0.84116,0.84116,True,"[0.800119936466217, 0.19988007843494415]","[0.5476710796356201, 0.45232895016670227]","[221, 279]",0.0,0.0015439788112416863,0.015031521208584309
12574,498,33.0,33,,mcb_nnknn,500,3195,5227,3195,5227,0,0,0,0,0.840742,0.840742,True,"[1.0, 0.0]","[0.5796290040016174, 0.42037099599838257]","[221, 279]",0.0,0.0015439788112416863,0.015031521208584309
12605,499,31.0,31,,mcb_nnknn,500,3195,5227,3195,5227,0,0,0,0,0.8403493333333334,0.8403493333333334,True,"[1.0, 0.0]","[0.5798253417015076, 0.42017465829849243]","[221, 279]",0.0,0.0015439788112416863,0.015031521208584309
12644,500,39.0,39,56.050376892089844,mcb_nnknn,500,3211,5313,3211,5313,0,0,0,0,0.8398553333333334,0.8398553333333334,True,"[0.09958723187446594, 0.9004127383232117]","[0.4358760118484497, 0.5641239881515503]","[218, 282]",0.0,0.0015332021284848452,0.014531631022691727
12659,501,15.0,15,,mcb_nnknn,500,3211,5313,3211,5313,0,0,0,0,0.8396653333333333,0.8396653333333333,True,"[0.09840672463178635, 0.9015932679176331]","[0.43561068177223206, 0.5643893480300903]","[218, 282]",0.0,0.0015332021284848452,0.014531631022691727
12684,502,25.0,25,,mcb_nnknn,500,3211,5313,3211,5313,0,0,0,0,0.8393486666666666,0.8393486666666666,True,"[1.0, 0.0]","[0.5803256630897522, 0.4196743369102478]","[218, 282]",0.0,0.0015332021284848452,0.014531631022691727
12702,503,18.0,18,,mcb_nnknn,500,3211,5313,3211,5313,0,0,0,0,0.8391206666666666,0.8391206666666666,True,"[1.0, 0.0]","[0.5804396867752075, 0.41956034302711487]","[218, 282]",0.0,0.0015332021284848452,0.014531631022691727
12721,504,19.0,19,41.44247817993164,mcb_nnknn,500,3212,5339,3212,5339,0,0,0,0,0.83888,0.83888,True,"[0.0, 1.0]","[0.41944000124931335, 0.5805599689483643]","[216, 284]",0.0,0.0015259423526003957,0.014031682163476944
12735,505,14.0,14,,mcb_nnknn,500,3212,5339,3212,5339,0,0,0,0,0.8387026666666666,0.8387026666666666,True,"[1.0, 0.0]","[0.58064866065979, 0.41935133934020996]","[216, 284]",0.0,0.0015259423526003957,0.014031682163476944
12751,506,16.0,16,,mcb_nnknn,500,3212,5339,3212,5339,0,0,0,0,0.8385,0.8385,True,"[1.0, 0.0]","[0.5807499885559082, 0.4192500114440918]","[216, 284]",0.0,0.0015259423526003957,0.014031682163476944
12782,507,31.0,31,,mcb_nnknn,500,3212,5339,3212,5339,0,0,0,0,0.8381073333333333,0.8381073333333333,True,"[0.0, 1.0]","[0.41905367374420166, 0.5809463262557983]","[216, 284]",0.0,0.0015259423526003957,0.014031682163476944
12799,508,17.0,17,41.93696594238281,mcb_nnknn,500,3216,5361,3216,5361,0,0,0,0,0.837892,0.837892,True,"[0.09804853051900864, 0.9019514918327332]","[0.43484044075012207, 0.5651595592498779]","[215, 285]",0.0,0.0014995585661381483,0.014531492255628109
12812,509,13.0,13,,mcb_nnknn,500,3216,5361,3216,5361,0,0,0,0,0.8377273333333333,0.8377273333333333,True,"[0.0983530730009079, 0.9016469120979309]","[0.4348236620426178, 0.5651763081550598]","[215, 285]",0.0,0.0014995585661381483,0.014531492255628109
12880,510,68.0,68,,mcb_nnknn,500,3216,5361,3216,5361,0,0,0,0,0.836866,0.836866,True,"[1.0, 0.0]","[0.5815669894218445, 0.4184330105781555]","[215, 285]",0.0,0.0014995585661381483,0.014531492255628109
12908,511,28.0,28,,mcb_nnknn,500,3216,5361,3216,5361,0,0,0,0,0.8365113333333334,0.8365113333333334,True,"[0.09916581958532333, 0.9008342027664185]","[0.434468150138855, 0.565531849861145]","[215, 285]",0.0,0.0014995585661381483,0.014531492255628109
12953,512,45.0,45,79.11377716064453,mcb_nnknn,500,3231,5451,3231,5451,0,0,0,0,0.8359413333333333,0.8359413333333333,True,"[1.0, 0.0]","[0.5820293426513672, 0.4179706573486328]","[208, 292]",0.0,0.0015456614783033729,0.014031552709639072
13017,513,64.0,64,,mcb_nnknn,500,3231,5451,3231,5451,0,0,0,0,0.8351306666666667,0.8351306666666667,True,"[0.3038279414176941, 0.6961720585823059]","[0.4676572382450104, 0.5323427319526672]","[208, 292]",0.0,0.0015456614783033729,0.014031552709639072
13042,514,25.0,25,,mcb_nnknn,500,3231,5451,3231,5451,0,0,0,0,0.834814,0.834814,True,"[0.0, 1.0]","[0.41740700602531433, 0.5825929641723633]","[208, 292]",0.0,0.0015456614783033729,0.014031552709639072
13083,515,41.0,41,,mcb_nnknn,500,3231,5451,3231,5451,0,0,0,0,0.8342946666666666,0.8342946666666666,True,"[0.0, 1.0]","[0.41714733839035034, 0.5828526616096497]","[208, 292]",0.0,0.0015456614783033729,0.014031552709639072
13106,516,23.0,23,71.56854248046875,mcb_nnknn,500,3245,5540,3245,5540,0,0,0,0,0.8340033333333333,0.8340033333333333,True,"[0.0, 1.0]","[0.4170016646385193, 0.5829983353614807]","[211, 289]",0.0,0.001549513079226017,0.014251155778765678
13121,517,15.0,15,,mcb_nnknn,500,3245,5540,3245,5540,0,0,0,0,0.8338133333333333,0.8338133333333333,True,"[1.0, 0.0]","[0.5830933451652527, 0.4169066548347473]","[211, 289]",0.0,0.001549513079226017,0.014251155778765678
13138,518,17.0,17,,mcb_nnknn,500,3245,5540,3245,5540,0,0,0,0,0.8335980000000001,0.8335980000000001,True,"[0.0, 1.0]","[0.41679900884628296, 0.583200991153717]","[211, 289]",0.0,0.001549513079226017,0.014251155778765678
13166,519,28.0,28,,mcb_nnknn,500,3245,5540,3245,5540,0,0,0,0,0.8332433333333333,0.8332433333333333,True,"[0.0, 1.0]","[0.4166216552257538, 0.5833783149719238]","[211, 289]",0.0,0.001549513079226017,0.014251155778765678
13190,520,24.0,24,34.74208068847656,mcb_nnknn,500,3249,5570,3249,5570,0,0,0,0,0.8329393333333334,0.8329393333333334,True,"[0.09748044610023499, 0.9025195837020874]","[0.4327548146247864, 0.5672451853752136]","[210, 290]",0.0,0.0015524663031101227,0.0140316691249609
13256,521,66.0,66,,mcb_nnknn,500,3249,5570,3249,5570,0,0,0,0,0.8321033333333333,0.8321033333333333,True,"[1.0, 0.0]","[0.5839483737945557, 0.4160516560077667]","[210, 290]",0.0,0.0015524663031101227,0.0140316691249609
13281,522,25.0,25,,mcb_nnknn,500,3249,5570,3249,5570,0,0,0,0,0.8317866666666667,0.8317866666666667,True,"[1.0, 0.0]","[0.5841066837310791, 0.4158933460712433]","[210, 290]",0.0,0.0015524663031101227,0.0140316691249609
13318,523,37.0,37,,mcb_nnknn,500,3249,5570,3249,5570,0,0,0,0,0.831318,0.831318,True,"[0.2991045415401459, 0.7008954882621765]","[0.46611255407333374, 0.5338874459266663]","[210, 290]",0.0,0.0015524663031101227,0.0140316691249609
13367,524,49.0,49,74.7659683227539,mcb_nnknn,500,3264,5681,3264,5681,0,0,0,0,0.8306973333333334,0.8306973333333334,True,"[0.5995914936065674, 0.40040847659111023]","[0.516861081123352, 0.48313888907432556]","[206, 294]",0.0,0.001559868804179132,0.014531634747982025
13387,525,20.0,20,,mcb_nnknn,500,3264,5681,3264,5681,0,0,0,0,0.830444,0.830444,True,"[0.09909386932849884, 0.9009061455726624]","[0.43202394247055054, 0.5679760575294495]","[206, 294]",0.0,0.001559868804179132,0.014531634747982025
13402,526,15.0,15,,mcb_nnknn,500,3264,5681,3264,5681,0,0,0,0,0.830254,0.830254,True,"[1.0, 0.0]","[0.5848729610443115, 0.4151270091533661]","[206, 294]",0.0,0.001559868804179132,0.014531634747982025
13414,527,12.0,12,,mcb_nnknn,500,3264,5681,3264,5681,0,0,0,0,0.830102,0.830102,True,"[1.0, 0.0]","[0.5849490165710449, 0.41505101323127747]","[206, 294]",0.0,0.001559868804179132,0.014531634747982025
13453,528,39.0,39,50.50758743286133,mcb_nnknn,500,3265,5716,3265,5716,0,0,0,0,0.829608,0.829608,True,"[1.0, 0.0]","[0.5851960182189941, 0.41480401158332825]","[205, 295]",0.0,0.0015332720940932631,0.01403186097741127
13468,529,15.0,15,,mcb_nnknn,500,3265,5716,3265,5716,0,0,0,0,0.829418,0.829418,True,"[0.09880958497524261, 0.9011904001235962]","[0.4315641522407532, 0.5684358477592468]","[205, 295]",0.0,0.0015332720940932631,0.01403186097741127
13481,530,13.0,13,,mcb_nnknn,500,3265,5716,3265,5716,0,0,0,0,0.8292533333333334,0.8292533333333334,True,"[0.098783478140831, 0.9012165665626526]","[0.4314936101436615, 0.5685064196586609]","[205, 295]",0.0,0.0015332720940932631,0.01403186097741127
13516,531,35.0,35,,mcb_nnknn,500,3265,5716,3265,5716,0,0,0,0,0.82881,0.82881,True,"[0.0, 1.0]","[0.4144049882888794, 0.5855950117111206]","[205, 295]",0.0,0.0015332720940932631,0.01403186097741127
13566,532,50.0,50,66.2450942993164,mcb_nnknn,500,3280,5763,3280,5763,0,0,0,0,0.8281766666666667,0.8281766666666667,True,"[0.19878935813903809, 0.8012106418609619]","[0.44824498891830444, 0.5517550110816956]","[208, 292]",0.0,0.0015548687661066651,0.014251124113798141
13625,533,59.0,59,,mcb_nnknn,500,3280,5763,3280,5763,0,0,0,0,0.8274293333333333,0.8274293333333333,True,"[1.0, 0.0]","[0.5862853527069092, 0.4137146770954132]","[208, 292]",0.0,0.0015548687661066651,0.014251124113798141
13656,534,31.0,31,,mcb_nnknn,500,3280,5763,3280,5763,0,0,0,0,0.8270366666666666,0.8270366666666666,True,"[0.7996355295181274, 0.20036447048187256]","[0.5518259406089783, 0.44817405939102173]","[208, 292]",0.0,0.0015548687661066651,0.014251124113798141
13697,535,41.0,41,,mcb_nnknn,500,3280,5763,3280,5763,0,0,0,0,0.8265173333333333,0.8265173333333333,True,"[0.0, 1.0]","[0.4132586717605591, 0.5867413282394409]","[208, 292]",0.0,0.0015548687661066651,0.014251124113798141
13752,536,55.0,55,71.29359436035156,mcb_nnknn,500,3291,5884,3291,5884,0,0,0,0,0.8258206666666666,0.8258206666666666,True,"[1.0, 0.0]","[0.5870896577835083, 0.4129103422164917]","[215, 285]",0.0,0.0015315650962293148,0.014751115813851357
13780,537,28.0,28,,mcb_nnknn,500,3291,5884,3291,5884,0,0,0,0,0.825466,0.825466,True,"[0.09933402389287949, 0.9006659984588623]","[0.430070161819458, 0.569929838180542]","[215, 285]",0.0,0.0015315650962293148,0.014751115813851357
13797,538,17.0,17,,mcb_nnknn,500,3291,5884,3291,5884,0,0,0,0,0.8252506666666667,0.8252506666666667,True,"[0.09986048936843872, 0.900139570236206]","[0.43007588386535645, 0.5699241161346436]","[215, 285]",0.0,0.0015315650962293148,0.014751115813851357
13826,539,29.0,29,,mcb_nnknn,500,3291,5884,3291,5884,0,0,0,0,0.8248833333333333,0.8248833333333333,True,"[0.30067577958106995, 0.6993242502212524]","[0.46509501338005066, 0.5349050164222717]","[215, 285]",0.0,0.0015315650962293148,0.014751115813851357
13853,540,27.0,27,33.37608337402344,mcb_nnknn,500,3307,5917,3307,5917,0,0,0,0,0.8245413333333333,0.8245413333333333,True,"[1.0, 0.0]","[0.5877293348312378, 0.4122706651687622]","[207, 293]",0.0,0.0015609501861035824,0.014451810158789158
13871,541,18.0,18,,mcb_nnknn,500,3307,5917,3307,5917,0,0,0,0,0.8243133333333333,0.8243133333333333,True,"[1.0, 0.0]","[0.5878432989120483, 0.4121566712856293]","[207, 293]",0.0,0.0015609501861035824,0.014451810158789158
13909,542,38.0,38,,mcb_nnknn,500,3307,5917,3307,5917,0,0,0,0,0.823832,0.823832,True,"[0.0, 1.0]","[0.41191598773002625, 0.5880839824676514]","[207, 293]",0.0,0.0015609501861035824,0.014451810158789158
13979,543,70.0,70,,mcb_nnknn,500,3307,5917,3307,5917,0,0,0,0,0.8229453333333333,0.8229453333333333,True,"[0.8009905219078064, 0.19900944828987122]","[0.5532917976379395, 0.44670823216438293]","[207, 293]",0.0,0.0015609501861035824,0.014451810158789158
14033,544,54.0,54,81.50304412841797,mcb_nnknn,500,3333,6018,3333,6018,0,0,0,0,0.8222613333333333,0.8222613333333333,True,"[0.19999898970127106, 0.8000010251998901]","[0.4466782212257385, 0.5533217787742615]","[207, 293]",0.0,0.0015845999587327242,0.014751111157238483
14051,545,18.0,18,,mcb_nnknn,500,3333,6018,3333,6018,0,0,0,0,0.8220333333333334,0.8220333333333334,True,"[0.09943020343780518, 0.9005697965621948]","[0.4287119209766388, 0.5712880492210388]","[207, 293]",0.0,0.0015845999587327242,0.014751111157238483
14072,546,21.0,21,,mcb_nnknn,500,3333,6018,3333,6018,0,0,0,0,0.8217673333333333,0.8217673333333333,True,"[1.0, 0.0]","[0.5891163349151611, 0.41088366508483887]","[207, 293]",0.0,0.0015845999587327242,0.014751111157238483
14089,547,17.0,17,,mcb_nnknn,500,3333,6018,3333,6018,0,0,0,0,0.8215520000000001,0.8215520000000001,True,"[1.0, 0.0]","[0.5892239809036255, 0.4107759892940521]","[207, 293]",0.0,0.0015845999587327242,0.014751111157238483
14104,548,15.0,15,31.92443084716797,mcb_nnknn,500,3340,6027,3340,6027,0,0,0,0,0.821362,0.821362,True,"[1.0, 0.0]","[0.5893189907073975, 0.41068100929260254]","[208, 292]",0.0,0.0015836670063436031,0.014251334592700005
14210,549,106.0,106,,mcb_nnknn,500,3340,6027,3340,6027,0,0,0,0,0.8200193333333333,0.8200193333333333,True,"[1.0, 0.0]","[0.5899903774261475, 0.4100096523761749]","[208, 292]",0.0,0.0015836670063436031,0.014251334592700005
14256,550,46.0,46,,mcb_nnknn,500,3340,6027,3340,6027,0,0,0,0,0.8194366666666667,0.8194366666666667,True,"[1.0, 0.0]","[0.5902816653251648, 0.4097183346748352]","[208, 292]",0.0,0.0015836670063436031,0.014251334592700005
14276,551,20.0,20,,mcb_nnknn,500,3340,6027,3340,6027,0,0,0,0,0.8191833333333334,0.8191833333333334,True,"[1.0, 0.0]","[0.5904083251953125, 0.4095916748046875]","[208, 292]",0.0,0.0015836670063436031,0.014251334592700005
14322,552,46.0,46,100.4719467163086,mcb_nnknn,500,3371,6165,3371,6165,0,0,0,0,0.8186006666666666,0.8186006666666666,True,"[0.0, 1.0]","[0.4093003273010254, 0.5906996726989746]","[210, 290]",0.0,0.0015934312250465155,0.013951893895864487
14333,553,11.0,11,,mcb_nnknn,500,3371,6165,3371,6165,0,0,0,0,0.8184613333333333,0.8184613333333333,True,"[1.0, 0.0]","[0.5907692909240723, 0.40923067927360535]","[210, 290]",0.0,0.0015934312250465155,0.013951893895864487
14362,554,29.0,29,,mcb_nnknn,500,3371,6165,3371,6165,0,0,0,0,0.818094,0.818094,True,"[1.0, 0.0]","[0.59095299243927, 0.40904700756073]","[210, 290]",0.0,0.0015934312250465155,0.013951893895864487
14411,555,49.0,49,,mcb_nnknn,500,3371,6165,3371,6165,0,0,0,0,0.8174733333333333,0.8174733333333333,True,"[1.0, 0.0]","[0.5912632942199707, 0.4087366759777069]","[210, 290]",0.0,0.0015934312250465155,0.013951893895864487
14432,556,21.0,21,55.82624816894531,mcb_nnknn,500,3377,6219,3377,6219,0,0,0,0,0.8172073333333334,0.8172073333333334,True,"[1.0, 0.0]","[0.5913963317871094, 0.4086036682128906]","[212, 288]",0.0,0.0016091415891423821,0.014451853930950165
14474,557,42.0,42,,mcb_nnknn,500,3377,6219,3377,6219,0,0,0,0,0.8166753333333333,0.8166753333333333,True,"[0.0, 1.0]","[0.40833765268325806, 0.5916623473167419]","[212, 288]",0.0,0.0016091415891423821,0.014451853930950165
14500,558,26.0,26,,mcb_nnknn,500,3377,6219,3377,6219,0,0,0,0,0.816346,0.816346,True,"[1.0, 0.0]","[0.5918270349502563, 0.40817299485206604]","[212, 288]",0.0,0.0016091415891423821,0.014451853930950165
14523,559,23.0,23,,mcb_nnknn,500,3377,6219,3377,6219,0,0,0,0,0.8160546666666667,0.8160546666666667,True,"[0.19818899035453796, 0.8018110394477844]","[0.44448328018188477, 0.5555167198181152]","[212, 288]",0.0,0.0016091415891423821,0.014451853930950165
14549,560,26.0,26,47.13358688354492,mcb_nnknn,500,3398,6264,3398,6264,0,0,0,0,0.8157253333333333,0.8157253333333333,True,"[0.2998468279838562, 0.7001532316207886]","[0.4631168246269226, 0.5368831753730774]","[218, 282]",0.0,0.001612810418009758,0.014951745048165321
14647,561,98.0,98,,mcb_nnknn,500,3398,6264,3398,6264,0,0,0,0,0.814484,0.814484,True,"[0.19877663254737854, 0.8012233972549438]","[0.4441182613372803, 0.5558817386627197]","[218, 282]",0.0,0.001612810418009758,0.014951745048165321
14700,562,53.0,53,,mcb_nnknn,500,3398,6264,3398,6264,0,0,0,0,0.8138126666666666,0.8138126666666666,True,"[0.3003581166267395, 0.6996419429779053]","[0.46282920241355896, 0.5371707677841187]","[218, 282]",0.0,0.001612810418009758,0.014951745048165321
14717,563,17.0,17,,mcb_nnknn,500,3398,6264,3398,6264,0,0,0,0,0.8135973333333333,0.8135973333333333,True,"[0.0, 1.0]","[0.40679866075515747, 0.5932013392448425]","[218, 282]",0.0,0.001612810418009758,0.014951745048165321
14801,564,84.0,84,108.85604858398438,mcb_nnknn,500,3431,6431,3431,6431,0,0,0,0,0.8125333333333333,0.8125333333333333,True,"[0.5987659692764282, 0.40123406052589417]","[0.5185153484344482, 0.48148468136787415]","[214, 286]",0.0,0.0016557127237319946,0.01445180457085371
14822,565,21.0,21,,mcb_nnknn,500,3431,6431,3431,6431,0,0,0,0,0.8122673333333333,0.8122673333333333,True,"[1.0, 0.0]","[0.5938663482666016, 0.4061336815357208]","[214, 286]",0.0,0.0016557127237319946,0.01445180457085371
14842,566,20.0,20,,mcb_nnknn,500,3431,6431,3431,6431,0,0,0,0,0.812014,0.812014,True,"[1.0, 0.0]","[0.5939930081367493, 0.40600699186325073]","[214, 286]",0.0,0.0016557127237319946,0.01445180457085371
14879,567,37.0,37,,mcb_nnknn,500,3431,6431,3431,6431,0,0,0,0,0.8115453333333333,0.8115453333333333,True,"[1.0, 0.0]","[0.5942273139953613, 0.4057726562023163]","[214, 286]",0.0,0.0016557127237319946,0.01445180457085371
14920,568,41.0,41,47.34904479980469,mcb_nnknn,500,3440,6485,3440,6485,0,0,0,0,0.811026,0.811026,True,"[0.20077063143253326, 0.7992293834686279]","[0.44345343112945557, 0.5565465688705444]","[218, 282]",0.0,0.0016375016421079636,0.014951780438423157
14934,569,14.0,14,,mcb_nnknn,500,3440,6485,3440,6485,0,0,0,0,0.8108486666666667,0.8108486666666667,True,"[0.19901981949806213, 0.8009801506996155]","[0.443069189786911, 0.5569307804107666]","[218, 282]",0.0,0.0016375016421079636,0.014951780438423157
14947,570,13.0,13,,mcb_nnknn,500,3440,6485,3440,6485,0,0,0,0,0.810684,0.810684,True,"[1.0, 0.0]","[0.5946580171585083, 0.4053420126438141]","[218, 282]",0.0,0.0016375016421079636,0.014951780438423157
14987,571,40.0,40,,mcb_nnknn,500,3440,6485,3440,6485,0,0,0,0,0.8101773333333333,0.8101773333333333,True,"[1.0, 0.0]","[0.5949113368988037, 0.4050886631011963]","[218, 282]",0.0,0.0016375016421079636,0.014951780438423157
15030,572,43.0,43,57.88109588623047,mcb_nnknn,500,3466,6518,3466,6518,0,0,0,0,0.8096326666666667,0.8096326666666667,True,"[1.0, 0.0]","[0.5951836705207825, 0.40481632947921753]","[216, 284]",0.0,0.0016516037285327911,0.014451802708208561
15071,573,41.0,41,,mcb_nnknn,500,3466,6518,3466,6518,0,0,0,0,0.8091133333333334,0.8091133333333334,True,"[1.0, 0.0]","[0.5954433679580688, 0.40455666184425354]","[216, 284]",0.0,0.0016516037285327911,0.014451802708208561
15165,574,94.0,94,,mcb_nnknn,500,3466,6518,3466,6518,0,0,0,0,0.8079226666666667,0.8079226666666667,True,"[1.0, 0.0]","[0.5960386991500854, 0.40396133065223694]","[216, 284]",0.0,0.0016516037285327911,0.014451802708208561
15180,575,15.0,15,,mcb_nnknn,500,3466,6518,3466,6518,0,0,0,0,0.8077326666666667,0.8077326666666667,True,"[1.0, 0.0]","[0.5961337089538574, 0.40386632084846497]","[216, 284]",0.0,0.0016516037285327911,0.014451802708208561
15210,576,30.0,30,91.21154022216797,mcb_nnknn,500,3477,6639,3477,6639,0,0,0,0,0.8073526666666666,0.8073526666666666,True,"[0.09973721951246262, 0.9002627730369568]","[0.42289045453071594, 0.5771095752716064]","[223, 277]",0.0,0.0016332115046679974,0.014951773919165134
15226,577,16.0,16,,mcb_nnknn,500,3477,6639,3477,6639,0,0,0,0,0.80715,0.80715,True,"[0.39958393573760986, 0.6004160642623901]","[0.48063474893569946, 0.5193652510643005]","[223, 277]",0.0,0.0016332115046679974,0.014951773919165134
15282,578,56.0,56,,mcb_nnknn,500,3477,6639,3477,6639,0,0,0,0,0.8064406666666667,0.8064406666666667,True,"[0.8014146685600281, 0.19858533143997192]","[0.5583416223526001, 0.4416583776473999]","[223, 277]",0.0,0.0016332115046679974,0.014951773919165134
15346,579,64.0,64,,mcb_nnknn,500,3477,6639,3477,6639,0,0,0,0,0.80563,0.80563,True,"[0.0, 1.0]","[0.4028150141239166, 0.5971850156784058]","[223, 277]",0.0,0.0016332115046679974,0.014951773919165134
15360,580,14.0,14,81.70255279541016,mcb_nnknn,500,3506,6710,3506,6710,0,0,0,0,0.8054526666666667,0.8054526666666667,True,"[1.0, 0.0]","[0.5972737073898315, 0.40272632241249084]","[230, 270]",0.0,0.0016395330894738436,0.015251320786774158
15387,581,27.0,27,,mcb_nnknn,500,3506,6710,3506,6710,0,0,0,0,0.8051106666666666,0.8051106666666666,True,"[1.0, 0.0]","[0.5974446535110474, 0.40255534648895264]","[230, 270]",0.0,0.0016395330894738436,0.015251320786774158
15471,582,84.0,84,,mcb_nnknn,500,3506,6710,3506,6710,0,0,0,0,0.8040466666666667,0.8040466666666667,True,"[0.10224521160125732, 0.8977547883987427]","[0.422058641910553, 0.577941358089447]","[230, 270]",0.0,0.0016395330894738436,0.015251320786774158
15509,583,38.0,38,,mcb_nnknn,500,3506,6710,3506,6710,0,0,0,0,0.8035653333333334,0.8035653333333334,True,"[0.29988402128219604, 0.700115978717804]","[0.46069028973579407, 0.5393097400665283]","[230, 270]",0.0,0.0016395330894738436,0.015251320786774158
15523,584,14.0,14,77.59929656982422,mcb_nnknn,500,3516,6812,3516,6812,0,0,0,0,0.803388,0.803388,True,"[1.0, 0.0]","[0.5983060002326965, 0.40169399976730347]","[230, 270]",0.0,0.0016418013256043196,0.014951800927519798
15539,585,16.0,16,,mcb_nnknn,500,3516,6812,3516,6812,0,0,0,0,0.8031853333333333,0.8031853333333333,True,"[0.2003609538078308, 0.7996390461921692]","[0.44102662801742554, 0.5589733719825745]","[230, 270]",0.0,0.0016418013256043196,0.014951800927519798
15555,586,16.0,16,,mcb_nnknn,500,3516,6812,3516,6812,0,0,0,0,0.8029826666666666,0.8029826666666666,True,"[0.49845075607299805, 0.501549243927002]","[0.4996947646141052, 0.5003052353858948]","[230, 270]",0.0,0.0016418013256043196,0.014951800927519798
15577,587,22.0,22,,mcb_nnknn,500,3516,6812,3516,6812,0,0,0,0,0.802704,0.802704,True,"[0.9018813967704773, 0.09811858087778091]","[0.5792896151542664, 0.42071038484573364]","[230, 270]",0.0,0.0016418013256043196,0.014951800927519798
15605,588,28.0,28,36.55881118774414,mcb_nnknn,500,3534,6820,3534,6820,0,0,0,0,0.8023493333333334,0.8023493333333334,True,"[0.19942429661750793, 0.8005757331848145]","[0.4405910074710846, 0.5594090223312378]","[222, 278]",0.0,0.0016556332120671868,0.015451792627573013
15665,589,60.0,60,,mcb_nnknn,500,3534,6820,3534,6820,0,0,0,0,0.8015893333333333,0.8015893333333333,True,"[0.8998221755027771, 0.1001778319478035]","[0.5793290138244629, 0.4206710159778595]","[222, 278]",0.0,0.0016556332120671868,0.015451792627573013
15682,590,17.0,17,,mcb_nnknn,500,3534,6820,3534,6820,0,0,0,0,0.801374,0.801374,True,"[0.1998928189277649, 0.8001071810722351]","[0.4403909146785736, 0.559609055519104]","[222, 278]",0.0,0.0016556332120671868,0.015451792627573013
15692,591,10.0,10,,mcb_nnknn,500,3534,6820,3534,6820,0,0,0,0,0.8012473333333333,0.8012473333333333,True,"[0.19971227645874023, 0.8002877235412598]","[0.4403170347213745, 0.5596829652786255]","[222, 278]",0.0,0.0016556332120671868,0.015451792627573013
15701,592,9.0,9,68.87560272216797,mcb_nnknn,500,3548,6853,3548,6853,0,0,0,0,0.8011333333333334,0.8011333333333334,True,"[0.8994308114051819, 0.10056920349597931]","[0.5794334411621094, 0.42056652903556824]","[220, 280]",0.0,0.001694343751296401,0.015951771289110184
15761,593,60.0,60,,mcb_nnknn,500,3548,6853,3548,6853,0,0,0,0,0.8003733333333334,0.8003733333333334,True,"[0.40186581015586853, 0.5981341600418091]","[0.48040980100631714, 0.5195901989936829]","[220, 280]",0.0,0.001694343751296401,0.015951771289110184
15794,594,33.0,33,,mcb_nnknn,500,3548,6853,3548,6853,0,0,0,0,0.7999553333333334,0.7999553333333334,True,"[0.30152401328086853, 0.6984759569168091]","[0.4602959454059601, 0.5397040843963623]","[220, 280]",0.0,0.001694343751296401,0.015951771289110184
15846,595,52.0,52,,mcb_nnknn,500,3548,6853,3548,6853,0,0,0,0,0.7992966666666667,0.7992966666666667,True,"[1.0, 0.0]","[0.6003516912460327, 0.3996483385562897]","[220, 280]",0.0,0.001694343751296401,0.015951771289110184
15886,596,40.0,40,66.20777893066406,mcb_nnknn,500,3585,6948,3585,6948,0,0,0,0,0.79879,0.79879,True,"[0.901024341583252, 0.09897567331790924]","[0.5806901454925537, 0.4193098843097687]","[221, 279]",0.0,0.001738633494824171,0.0164516381919384
15906,597,20.0,20,,mcb_nnknn,500,3585,6948,3585,6948,0,0,0,0,0.7985366666666667,0.7985366666666667,True,"[1.0, 0.0]","[0.6007316708564758, 0.39926832914352417]","[221, 279]",0.0,0.001738633494824171,0.0164516381919384
15974,598,68.0,68,,mcb_nnknn,500,3585,6948,3585,6948,0,0,0,0,0.7976753333333333,0.7976753333333333,True,"[0.19974485039710999, 0.8002551198005676]","[0.43925097584724426, 0.5607490539550781]","[221, 279]",0.0,0.001738633494824171,0.0164516381919384
15985,599,11.0,11,,mcb_nnknn,500,3585,6948,3585,6948,0,0,0,0,0.797536,0.797536,True,"[1.0, 0.0]","[0.6012319922447205, 0.39876800775527954]","[221, 279]",0.0,0.001738633494824171,0.0164516381919384
16023,600,38.0,38,69.17009735107422,mcb_nnknn,500,3593,7019,3593,7019,0,0,0,0,0.7970546666666667,0.7970546666666667,True,"[1.0, 0.0]","[0.6014726758003235, 0.3985273241996765]","[225, 275]",0.0,0.0017594221280887723,0.01695115678012371
16039,601,16.0,16,,mcb_nnknn,500,3593,7019,3593,7019,0,0,0,0,0.796852,0.796852,True,"[0.19891254603862762, 0.801087498664856]","[0.43883466720581055, 0.5611653327941895]","[225, 275]",0.0,0.0017594221280887723,0.01695115678012371
16061,602,22.0,22,,mcb_nnknn,500,3593,7019,3593,7019,0,0,0,0,0.7965733333333334,0.7965733333333334,True,"[1.0, 0.0]","[0.6017132997512817, 0.3982866704463959]","[225, 275]",0.0,0.0017594221280887723,0.01695115678012371
16074,603,13.0,13,,mcb_nnknn,500,3593,7019,3593,7019,0,0,0,0,0.7964086666666667,0.7964086666666667,True,"[1.0, 0.0]","[0.6017956733703613, 0.39820432662963867]","[225, 275]",0.0,0.0017594221280887723,0.01695115678012371
16109,604,35.0,35,43.37251663208008,mcb_nnknn,500,3596,7045,3596,7045,0,0,0,0,0.7959653333333333,0.7959653333333333,True,"[1.0, 0.0]","[0.602017343044281, 0.397982656955719]","[226, 274]",0.0,0.0017460203962400556,0.017451105639338493
16120,605,11.0,11,,mcb_nnknn,500,3596,7045,3596,7045,0,0,0,0,0.795826,0.795826,True,"[1.0, 0.0]","[0.6020870208740234, 0.39791300892829895]","[226, 274]",0.0,0.0017460203962400556,0.017451105639338493
16148,606,28.0,28,,mcb_nnknn,500,3596,7045,3596,7045,0,0,0,0,0.7954713333333333,0.7954713333333333,True,"[1.0, 0.0]","[0.6022643446922302, 0.3977356553077698]","[226, 274]",0.0,0.0017460203962400556,0.017451105639338493
16169,607,21.0,21,,mcb_nnknn,500,3596,7045,3596,7045,0,0,0,0,0.7952053333333333,0.7952053333333333,True,"[1.0, 0.0]","[0.6023973226547241, 0.3976026773452759]","[226, 274]",0.0,0.0017460203962400556,0.017451105639338493
16217,608,48.0,48,57.709537506103516,mcb_nnknn,500,3601,7092,3601,7092,0,0,0,0,0.7945973333333334,0.7945973333333334,True,"[1.0, 0.0]","[0.6027013063430786, 0.397298663854599]","[226, 274]",0.0,0.0017375642200931907,0.017951034009456635
16243,609,26.0,26,,mcb_nnknn,500,3601,7092,3601,7092,0,0,0,0,0.794268,0.794268,True,"[0.19939376413822174, 0.8006062507629395]","[0.4381556808948517, 0.5618443489074707]","[226, 274]",0.0,0.0017375642200931907,0.017951034009456635
16256,610,13.0,13,,mcb_nnknn,500,3601,7092,3601,7092,0,0,0,0,0.7941033333333334,0.7941033333333334,True,"[0.0, 1.0]","[0.3970516622066498, 0.6029483079910278]","[226, 274]",0.0,0.0017375642200931907,0.017951034009456635
16274,611,18.0,18,,mcb_nnknn,500,3601,7092,3601,7092,0,0,0,0,0.7938753333333333,0.7938753333333333,True,"[0.09943116456270218, 0.9005688428878784]","[0.41743287444114685, 0.5825670957565308]","[226, 274]",0.0,0.0017375642200931907,0.017951034009456635
16352,612,78.0,78,78.85443115234375,mcb_nnknn,500,3623,7149,3623,7149,0,0,0,0,0.7928873333333333,0.7928873333333333,True,"[0.1969016194343567, 0.8030984401702881]","[0.43722447752952576, 0.5627754926681519]","[222, 278]",0.0,0.0017236260464414954,0.018450984731316566
16379,613,27.0,27,,mcb_nnknn,500,3623,7149,3623,7149,0,0,0,0,0.7925453333333333,0.7925453333333333,True,"[1.0, 0.0]","[0.6037273406982422, 0.3962726593017578]","[222, 278]",0.0,0.0017236260464414954,0.018450984731316566
16401,614,22.0,22,,mcb_nnknn,500,3623,7149,3623,7149,0,0,0,0,0.7922666666666667,0.7922666666666667,True,"[1.0, 0.0]","[0.603866696357727, 0.39613333344459534]","[222, 278]",0.0,0.0017236260464414954,0.018450984731316566
16439,615,38.0,38,,mcb_nnknn,500,3623,7149,3623,7149,0,0,0,0,0.7917853333333333,0.7917853333333333,True,"[0.19935452938079834, 0.8006454706192017]","[0.4374012053012848, 0.5625988245010376]","[222, 278]",0.0,0.0017236260464414954,0.018450984731316566
16499,616,60.0,60,62.53594207763672,mcb_nnknn,500,3634,7228,3634,7228,0,0,0,0,0.7910253333333334,0.7910253333333334,True,"[1.0, 0.0]","[0.6044872999191284, 0.3955126702785492]","[221, 279]",0.0,0.0017111272318288684,0.01895095780491829
16521,617,22.0,22,,mcb_nnknn,500,3634,7228,3634,7228,0,0,0,0,0.7907466666666667,0.7907466666666667,True,"[0.3001537322998047, 0.6998462677001953]","[0.4581815004348755, 0.5418184995651245]","[221, 279]",0.0,0.0017111272318288684,0.01895095780491829
16585,618,64.0,64,,mcb_nnknn,500,3634,7228,3634,7228,0,0,0,0,0.789936,0.789936,True,"[1.0, 0.0]","[0.6050319671630859, 0.3949680030345917]","[221, 279]",0.0,0.0017111272318288684,0.01895095780491829
16623,619,38.0,38,,mcb_nnknn,500,3634,7228,3634,7228,0,0,0,0,0.7894546666666666,0.7894546666666666,True,"[0.0, 1.0]","[0.39472731947898865, 0.605272650718689]","[221, 279]",0.0,0.0017111272318288684,0.01895095780491829
16666,620,43.0,43,63.55658721923828,mcb_nnknn,500,3670,7299,3670,7299,0,0,0,0,0.78891,0.78891,True,"[1.0, 0.0]","[0.6055450439453125, 0.3944549858570099]","[220, 280]",0.0,0.0017274236306548119,0.01945091038942337
16689,621,23.0,23,,mcb_nnknn,500,3670,7299,3670,7299,0,0,0,0,0.7886186666666667,0.7886186666666667,True,"[1.0, 0.0]","[0.6056906580924988, 0.3943093419075012]","[220, 280]",0.0,0.0017274236306548119,0.01945091038942337
16737,622,48.0,48,,mcb_nnknn,500,3670,7299,3670,7299,0,0,0,0,0.7880106666666666,0.7880106666666666,True,"[0.4025683104991913, 0.5974317193031311]","[0.47934553027153015, 0.5206544995307922]","[220, 280]",0.0,0.0017274236306548119,0.01945091038942337
16785,623,48.0,48,,mcb_nnknn,500,3670,7299,3670,7299,0,0,0,0,0.7874026666666667,0.7874026666666667,True,"[1.0, 0.0]","[0.6062986850738525, 0.39370134472846985]","[220, 280]",0.0,0.0017274236306548119,0.01945091038942337
16800,624,15.0,15,72.98347473144531,mcb_nnknn,500,3696,7351,3696,7351,0,0,0,0,0.7872126666666667,0.7872126666666667,True,"[0.1996636986732483, 0.8003363609313965]","[0.43609222769737244, 0.5639077425003052]","[220, 280]",0.0,0.0017649929504841566,0.019950861111283302
16845,625,45.0,45,,mcb_nnknn,500,3696,7351,3696,7351,0,0,0,0,0.7866426666666666,0.7866426666666666,True,"[0.0, 1.0]","[0.39332133531570435, 0.6066786646842957]","[220, 280]",0.0,0.0017649929504841566,0.019950861111283302
16875,626,30.0,30,,mcb_nnknn,500,3696,7351,3696,7351,0,0,0,0,0.7862626666666667,0.7862626666666667,True,"[1.0, 0.0]","[0.6068686246871948, 0.3931313455104828]","[220, 280]",0.0,0.0017649929504841566,0.019950861111283302
16929,627,54.0,54,,mcb_nnknn,500,3696,7351,3696,7351,0,0,0,0,0.7855786666666666,0.7855786666666666,True,"[0.0, 1.0]","[0.3927893340587616, 0.607210636138916]","[220, 280]",0.0,0.0017649929504841566,0.019950861111283302
17043,628,114.0,114,97.04816436767578,mcb_nnknn,500,3732,7501,3732,7501,0,0,0,0,0.7841346666666666,0.7841346666666666,True,"[0.0, 1.0]","[0.3920673429965973, 0.6079326868057251]","[223, 277]",0.0,0.0017732639098539948,0.020449910312891006
17064,629,21.0,21,,mcb_nnknn,500,3732,7501,3732,7501,0,0,0,0,0.7838686666666667,0.7838686666666667,True,"[1.0, 0.0]","[0.608065664768219, 0.391934335231781]","[223, 277]",0.0,0.0017732639098539948,0.020449910312891006
17097,630,33.0,33,,mcb_nnknn,500,3732,7501,3732,7501,0,0,0,0,0.7834506666666666,0.7834506666666666,True,"[0.19973191618919373, 0.8002680540084839]","[0.43497714400291443, 0.5650228261947632]","[223, 277]",0.0,0.0017732639098539948,0.020449910312891006
17128,631,31.0,31,,mcb_nnknn,500,3732,7501,3732,7501,0,0,0,0,0.783058,0.783058,True,"[0.09958086907863617, 0.9004191756248474]","[0.41313228011131287, 0.5868677496910095]","[223, 277]",0.0,0.0017732639098539948,0.020449910312891006
17203,632,75.0,75,74.32644653320312,mcb_nnknn,500,3747,7586,3747,7586,0,0,0,0,0.782108,0.782108,True,"[0.09994418174028397, 0.9000558257102966]","[0.41283103823661804, 0.5871689319610596]","[217, 283]",0.0,0.0017977384850382805,0.020949898287653923
17227,633,24.0,24,,mcb_nnknn,500,3747,7586,3747,7586,0,0,0,0,0.7818039999999999,0.7818039999999999,True,"[0.0, 1.0]","[0.39090201258659363, 0.609097957611084]","[217, 283]",0.0,0.0017977384850382805,0.020949898287653923
17266,634,39.0,39,,mcb_nnknn,500,3747,7586,3747,7586,0,0,0,0,0.78131,0.78131,True,"[1.0, 0.0]","[0.6093449592590332, 0.3906550109386444]","[217, 283]",0.0,0.0017977384850382805,0.020949898287653923
17287,635,21.0,21,,mcb_nnknn,500,3747,7586,3747,7586,0,0,0,0,0.781044,0.781044,True,"[0.0, 1.0]","[0.3905220031738281, 0.6094779968261719]","[217, 283]",0.0,0.0017977384850382805,0.020949898287653923
17303,636,16.0,16,58.56870651245117,mcb_nnknn,500,3754,7615,3754,7615,0,0,0,0,0.7808413333333333,0.7808413333333333,True,"[0.20008060336112976, 0.7999193668365479]","[0.43427008390426636, 0.5657299160957336]","[219, 281]",0.0,0.0017653891118243337,0.02144978940486908
17322,637,19.0,19,,mcb_nnknn,500,3754,7615,3754,7615,0,0,0,0,0.7806006666666667,0.7806006666666667,True,"[0.19986596703529358, 0.8001340627670288]","[0.4341507852077484, 0.5658491849899292]","[219, 281]",0.0,0.0017653891118243337,0.02144978940486908
17342,638,20.0,20,,mcb_nnknn,500,3754,7615,3754,7615,0,0,0,0,0.7803473333333333,0.7803473333333333,True,"[0.0, 1.0]","[0.39017367362976074, 0.6098263263702393]","[219, 281]",0.0,0.0017653891118243337,0.02144978940486908
17365,639,23.0,23,,mcb_nnknn,500,3754,7615,3754,7615,0,0,0,0,0.780056,0.780056,True,"[1.0, 0.0]","[0.6099720001220703, 0.3900279998779297]","[219, 281]",0.0,0.0017653891118243337,0.02144978940486908
17403,640,38.0,38,51.01119613647461,mcb_nnknn,500,3764,7644,3764,7644,0,0,0,0,0.7795746666666666,0.7795746666666666,True,"[1.0, 0.0]","[0.6102126836776733, 0.38978734612464905]","[220, 280]",0.0,0.0017683451296761632,0.021948158740997314
17417,641,14.0,14,,mcb_nnknn,500,3764,7644,3764,7644,0,0,0,0,0.7793973333333333,0.7793973333333333,True,"[0.19951966404914856, 0.8004803657531738]","[0.43371322751045227, 0.5662868022918701]","[220, 280]",0.0,0.0017683451296761632,0.021948158740997314
17452,642,35.0,35,,mcb_nnknn,500,3764,7644,3764,7644,0,0,0,0,0.778954,0.778954,True,"[0.2003517746925354, 0.7996482253074646]","[0.4337639808654785, 0.5662360191345215]","[220, 280]",0.0,0.0017683451296761632,0.021948158740997314
17519,643,67.0,67,,mcb_nnknn,500,3764,7644,3764,7644,0,0,0,0,0.7781053333333333,0.7781053333333333,True,"[1.0, 0.0]","[0.6109473705291748, 0.3890526592731476]","[220, 280]",0.0,0.0017683451296761632,0.021948158740997314
17556,644,37.0,37,63.581565856933594,mcb_nnknn,500,3774,7725,3774,7725,0,0,0,0,0.7776366666666666,0.7776366666666666,True,"[1.0, 0.0]","[0.6111816763877869, 0.38881832361221313]","[219, 281]",0.0,0.0018085881602019072,0.022448088973760605
17587,645,31.0,31,,mcb_nnknn,500,3774,7725,3774,7725,0,0,0,0,0.777244,0.777244,True,"[0.6011331677436829, 0.39886680245399475]","[0.5225280523300171, 0.4774719774723053]","[219, 281]",0.0,0.0018085881602019072,0.022448088973760605
17606,646,19.0,19,,mcb_nnknn,500,3774,7725,3774,7725,0,0,0,0,0.7770033333333333,0.7770033333333333,True,"[0.0, 1.0]","[0.38850167393684387, 0.6114983558654785]","[219, 281]",0.0,0.0018085881602019072,0.022448088973760605
17620,647,14.0,14,,mcb_nnknn,500,3774,7725,3774,7725,0,0,0,0,0.776826,0.776826,True,"[0.0, 1.0]","[0.3884130120277405, 0.6115869879722595]","[219, 281]",0.0,0.0018085881602019072,0.022448088973760605
17630,648,10.0,10,57.54099655151367,mcb_nnknn,500,3788,7728,3788,7728,0,0,0,0,0.7766993333333333,0.7766993333333333,True,"[1.0, 0.0]","[0.6116503477096558, 0.38834965229034424]","[220, 280]",0.0,0.001812540809623897,0.02194896899163723
17723,649,93.0,93,,mcb_nnknn,500,3788,7728,3788,7728,0,0,0,0,0.7755213333333333,0.7755213333333333,True,"[0.4013809263706207, 0.5986191034317017]","[0.4778621196746826, 0.5221378803253174]","[220, 280]",0.0,0.001812540809623897,0.02194896899163723
17745,650,22.0,22,,mcb_nnknn,500,3788,7728,3788,7728,0,0,0,0,0.7752426666666666,0.7752426666666666,True,"[1.0, 0.0]","[0.6123786568641663, 0.38762134313583374]","[220, 280]",0.0,0.001812540809623897,0.02194896899163723
17763,651,18.0,18,,mcb_nnknn,500,3788,7728,3788,7728,0,0,0,0,0.7750146666666666,0.7750146666666666,True,"[0.0, 1.0]","[0.3875073194503784, 0.6124926805496216]","[220, 280]",0.0,0.001812540809623897,0.02194896899163723
17824,652,61.0,61,93.13375091552734,mcb_nnknn,500,3803,7848,3803,7848,0,0,0,0,0.774242,0.774242,True,"[0.3995366394519806, 0.6004633903503418]","[0.477319598197937, 0.522680401802063]","[222, 278]",0.0,0.0017948050517588854,0.02171521633863449
17900,653,76.0,76,,mcb_nnknn,500,3803,7848,3803,7848,0,0,0,0,0.7732793333333333,0.7732793333333333,True,"[0.7017779350280762, 0.2982220947742462]","[0.5457472205162048, 0.45425277948379517]","[222, 278]",0.0,0.0017948050517588854,0.02171521633863449
17929,654,29.0,29,,mcb_nnknn,500,3803,7848,3803,7848,0,0,0,0,0.772912,0.772912,True,"[1.0, 0.0]","[0.6135439872741699, 0.3864560127258301]","[222, 278]",0.0,0.0017948050517588854,0.02171521633863449
17948,655,19.0,19,,mcb_nnknn,500,3803,7848,3803,7848,0,0,0,0,0.7726713333333333,0.7726713333333333,True,"[0.20087841153144836, 0.7991215586662292]","[0.4320010840892792, 0.5679988861083984]","[222, 278]",0.0,0.0017948050517588854,0.02171521633863449
17964,656,16.0,16,73.9079818725586,mcb_nnknn,500,3823,7908,3823,7908,0,0,0,0,0.7724686666666667,0.7724686666666667,True,"[0.0, 1.0]","[0.3862343430519104, 0.6137656569480896]","[223, 277]",0.0,0.0018271460430696607,0.02121741697192192
18039,657,75.0,75,,mcb_nnknn,500,3823,7908,3823,7908,0,0,0,0,0.7715186666666667,0.7715186666666667,True,"[1.0, 0.0]","[0.6142406463623047, 0.3857593238353729]","[223, 277]",0.0,0.0018271460430696607,0.02121741697192192
18071,658,32.0,32,,mcb_nnknn,500,3823,7908,3823,7908,0,0,0,0,0.7711133333333333,0.7711133333333333,True,"[1.0, 0.0]","[0.614443302154541, 0.3855566680431366]","[223, 277]",0.0,0.0018271460430696607,0.02121741697192192
18107,659,36.0,36,,mcb_nnknn,500,3823,7908,3823,7908,0,0,0,0,0.7706573333333333,0.7706573333333333,True,"[0.10077311098575592, 0.8992269039154053]","[0.4084402620792389, 0.5915597677230835]","[223, 277]",0.0,0.0018271460430696607,0.02121741697192192
18132,660,25.0,25,79.27959442138672,mcb_nnknn,500,3848,7989,3848,7989,0,0,0,0,0.7703406666666667,0.7703406666666667,True,"[0.6998233795166016, 0.3001766502857208]","[0.545891284942627, 0.45410871505737305]","[216, 284]",0.0,0.0018480186117812991,0.02171732485294342
18214,661,82.0,82,,mcb_nnknn,500,3848,7989,3848,7989,0,0,0,0,0.7693019999999999,0.7693019999999999,True,"[0.7007417678833008, 0.29925820231437683]","[0.5463107228279114, 0.4536892771720886]","[216, 284]",0.0,0.0018480186117812991,0.02171732485294342
18253,662,39.0,39,,mcb_nnknn,500,3848,7989,3848,7989,0,0,0,0,0.7688079999999999,0.7688079999999999,True,"[1.0, 0.0]","[0.6155959963798523, 0.3844040036201477]","[216, 284]",0.0,0.0018480186117812991,0.02171732485294342
18264,663,11.0,11,,mcb_nnknn,500,3848,7989,3848,7989,0,0,0,0,0.7686686666666667,0.7686686666666667,True,"[1.0, 0.0]","[0.6156656742095947, 0.3843343257904053]","[216, 284]",0.0,0.0018480186117812991,0.02171732485294342
18302,664,38.0,38,76.02204132080078,mcb_nnknn,500,3865,8079,3865,8079,0,0,0,0,0.7681873333333333,0.7681873333333333,True,"[0.0993497222661972, 0.9006502628326416]","[0.40712419152259827, 0.5928758382797241]","[218, 282]",0.0,0.0018235379830002785,0.021217381581664085
18319,665,17.0,17,,mcb_nnknn,500,3865,8079,3865,8079,0,0,0,0,0.767972,0.767972,True,"[1.0, 0.0]","[0.6160140037536621, 0.3839859962463379]","[218, 282]",0.0,0.0018235379830002785,0.021217381581664085
18375,666,56.0,56,,mcb_nnknn,500,3865,8079,3865,8079,0,0,0,0,0.7672626666666666,0.7672626666666666,True,"[0.0, 1.0]","[0.38363131880760193, 0.6163686513900757]","[218, 282]",0.0,0.0018235379830002785,0.021217381581664085
18398,667,23.0,23,,mcb_nnknn,500,3865,8079,3865,8079,0,0,0,0,0.7669713333333333,0.7669713333333333,True,"[0.20004166662693024, 0.799958348274231]","[0.4301011264324188, 0.5698989033699036]","[218, 282]",0.0,0.0018235379830002785,0.021217381581664085
18409,668,11.0,11,69.98869323730469,mcb_nnknn,500,3879,8114,3879,8114,0,0,0,0,0.766832,0.766832,True,"[0.09952443838119507, 0.9004755616188049]","[0.40662190318107605, 0.5933780670166016]","[216, 284]",0.0,0.0018318044021725655,0.020717600360512733
18475,669,66.0,66,,mcb_nnknn,500,3879,8114,3879,8114,0,0,0,0,0.765996,0.765996,True,"[0.3998841643333435, 0.6001158356666565]","[0.4765724837779999, 0.5234274864196777]","[216, 284]",0.0,0.0018318044021725655,0.020717600360512733
18521,670,46.0,46,,mcb_nnknn,500,3879,8114,3879,8114,0,0,0,0,0.7654133333333333,0.7654133333333333,True,"[0.09990064054727554, 0.9000993371009827]","[0.4061420261859894, 0.5938579440116882]","[216, 284]",0.0,0.0018318044021725655,0.020717600360512733
18566,671,45.0,45,,mcb_nnknn,500,3879,8114,3879,8114,0,0,0,0,0.7648433333333333,0.7648433333333333,True,"[0.5017565488815308, 0.4982434809207916]","[0.5004130601882935, 0.49958693981170654]","[216, 284]",0.0,0.0018318044021725655,0.020717600360512733
18632,672,66.0,66,71.06114959716797,mcb_nnknn,500,3929,8222,3929,8222,0,0,0,0,0.7640073333333334,0.7640073333333334,True,"[0.7012901306152344, 0.2987098693847656]","[0.5475029945373535, 0.4524970054626465]","[210, 290]",0.0,0.0018752196338027716,0.021217526867985725
18676,673,44.0,44,,mcb_nnknn,500,3929,8222,3929,8222,0,0,0,0,0.76345,0.76345,True,"[0.19881302118301392, 0.8011870384216309]","[0.4287542402744293, 0.5712457895278931]","[210, 290]",0.0,0.0018752196338027716,0.021217526867985725
18716,674,40.0,40,,mcb_nnknn,500,3929,8222,3929,8222,0,0,0,0,0.7629433333333333,0.7629433333333333,True,"[0.09904765337705612, 0.9009523391723633]","[0.4049515724182129, 0.5950484275817871]","[210, 290]",0.0,0.0018752196338027716,0.021217526867985725
18729,675,13.0,13,,mcb_nnknn,500,3929,8222,3929,8222,0,0,0,0,0.7627786666666667,0.7627786666666667,True,"[1.0, 0.0]","[0.618610680103302, 0.381389319896698]","[210, 290]",0.0,0.0018752196338027716,0.021217526867985725
18794,676,65.0,65,73.79177856445312,mcb_nnknn,500,3944,8306,3944,8306,0,0,0,0,0.7619553333333333,0.7619553333333333,True,"[0.1998845636844635, 0.8001154661178589]","[0.4285591244697571, 0.5714408755302429]","[214, 286]",0.0,0.0018716302001848817,0.02171739749610424
18804,677,10.0,10,,mcb_nnknn,500,3944,8306,3944,8306,0,0,0,0,0.7618286666666667,0.7618286666666667,True,"[1.0, 0.0]","[0.6190856695175171, 0.3809143304824829]","[214, 286]",0.0,0.0018716302001848817,0.02171739749610424
18826,678,22.0,22,,mcb_nnknn,500,3944,8306,3944,8306,0,0,0,0,0.76155,0.76155,True,"[0.20001664757728577, 0.7999833822250366]","[0.4284689724445343, 0.5715310573577881]","[214, 286]",0.0,0.0018716302001848817,0.02171739749610424
18872,679,46.0,46,,mcb_nnknn,500,3944,8306,3944,8306,0,0,0,0,0.7609673333333333,0.7609673333333333,True,"[0.49989572167396545, 0.5001043081283569]","[0.4999750852584839, 0.5000249147415161]","[214, 286]",0.0,0.0018716302001848817,0.02171739749610424
18905,680,33.0,33,60.58025360107422,mcb_nnknn,500,3969,8333,3969,8333,0,0,0,0,0.7605493333333333,0.7605493333333333,True,"[0.3012755811214447, 0.6987244486808777]","[0.4524152874946594, 0.5475847125053406]","[207, 293]",0.0,0.0019188314909115434,0.021217430010437965
18975,681,70.0,70,,mcb_nnknn,500,3969,8333,3969,8333,0,0,0,0,0.7596626666666666,0.7596626666666666,True,"[0.2998892366886139, 0.7001107931137085]","[0.45190590620040894, 0.5480940937995911]","[207, 293]",0.0,0.0019188314909115434,0.021217430010437965
18996,682,21.0,21,,mcb_nnknn,500,3969,8333,3969,8333,0,0,0,0,0.7593966666666667,0.7593966666666667,True,"[1.0, 0.0]","[0.6203016638755798, 0.37969833612442017]","[207, 293]",0.0,0.0019188314909115434,0.021217430010437965
19048,683,52.0,52,,mcb_nnknn,500,3969,8333,3969,8333,0,0,0,0,0.758738,0.758738,True,"[1.0, 0.0]","[0.6206309795379639, 0.37936899065971375]","[207, 293]",0.0,0.0019188314909115434,0.021217430010437965
19084,684,36.0,36,76.07743835449219,mcb_nnknn,500,3987,8429,3987,8429,0,0,0,0,0.758282,0.758282,True,"[1.0, 0.0]","[0.6208590269088745, 0.3791410028934479]","[203, 297]",0.0,0.0019165420671924949,0.02071751281619072
19096,685,12.0,12,,mcb_nnknn,500,3987,8429,3987,8429,0,0,0,0,0.75813,0.75813,True,"[0.0, 1.0]","[0.37906500697135925, 0.6209349632263184]","[203, 297]",0.0,0.0019165420671924949,0.02071751281619072
19126,686,30.0,30,,mcb_nnknn,500,3987,8429,3987,8429,0,0,0,0,0.75775,0.75775,True,"[1.0, 0.0]","[0.6211249828338623, 0.3788749873638153]","[203, 297]",0.0,0.0019165420671924949,0.02071751281619072
19169,687,43.0,43,,mcb_nnknn,500,3987,8429,3987,8429,0,0,0,0,0.7572053333333333,0.7572053333333333,True,"[1.0, 0.0]","[0.6213973760604858, 0.37860265374183655]","[203, 297]",0.0,0.0019165420671924949,0.02071751281619072
19231,688,62.0,62,83.8028564453125,mcb_nnknn,500,3992,8508,3992,8508,0,0,0,0,0.75642,0.75642,True,"[1.0, 0.0]","[0.6217899918556213, 0.37821000814437866]","[207, 293]",0.0,0.0018973627593368292,0.0212174691259861
19252,689,21.0,21,,mcb_nnknn,500,3992,8508,3992,8508,0,0,0,0,0.756154,0.756154,True,"[0.29987475275993347, 0.7001252174377441]","[0.4512002468109131, 0.5487997531890869]","[207, 293]",0.0,0.0018973627593368292,0.0212174691259861
19287,690,35.0,35,,mcb_nnknn,500,3992,8508,3992,8508,0,0,0,0,0.7557106666666666,0.7557106666666666,True,"[0.2991235554218292, 0.7008764743804932]","[0.4509280323982239, 0.5490719676017761]","[207, 293]",0.0,0.0018973627593368292,0.0212174691259861
19414,691,127.0,127,,mcb_nnknn,500,3992,8508,3992,8508,0,0,0,0,0.754102,0.754102,True,"[0.2043423056602478, 0.7956576943397522]","[0.427298367023468, 0.572701632976532]","[207, 293]",0.0,0.0018973627593368292,0.0212174691259861
19497,692,83.0,83,112.41343688964844,mcb_nnknn,500,4022,8676,4022,8676,0,0,0,0,0.7530506666666666,0.7530506666666666,True,"[1.0, 0.0]","[0.623474657535553, 0.376525342464447]","[200, 300]",0.0,0.0019252136116847396,0.021717457100749016
19590,693,93.0,93,,mcb_nnknn,500,4022,8676,4022,8676,0,0,0,0,0.7518726666666666,0.7518726666666666,True,"[1.0, 0.0]","[0.6240636706352234, 0.3759363293647766]","[200, 300]",0.0,0.0019252136116847396,0.021717457100749016
19632,694,42.0,42,,mcb_nnknn,500,4022,8676,4022,8676,0,0,0,0,0.7513406666666667,0.7513406666666667,True,"[0.10009787976741791, 0.8999021053314209]","[0.4005606174468994, 0.5994393825531006]","[200, 300]",0.0,0.0019252136116847396,0.021717457100749016
19644,695,12.0,12,,mcb_nnknn,500,4022,8676,4022,8676,0,0,0,0,0.7511886666666667,0.7511886666666667,True,"[1.0, 0.0]","[0.6244056224822998, 0.3755943477153778]","[200, 300]",0.0,0.0019252136116847396,0.021717457100749016
19685,696,41.0,41,87.68937683105469,mcb_nnknn,500,4045,8784,4045,8784,0,0,0,0,0.7506693333333333,0.7506693333333333,True,"[0.0, 1.0]","[0.3753346800804138, 0.6246653199195862]","[209, 291]",0.0,0.0019230653997510672,0.022217385470867157
19700,697,15.0,15,,mcb_nnknn,500,4045,8784,4045,8784,0,0,0,0,0.7504793333333333,0.7504793333333333,True,"[0.0, 1.0]","[0.37523967027664185, 0.6247603297233582]","[209, 291]",0.0,0.0019230653997510672,0.022217385470867157
19719,698,19.0,19,,mcb_nnknn,500,4045,8784,4045,8784,0,0,0,0,0.7502386666666667,0.7502386666666667,True,"[0.2994595170021057, 0.7005404829978943]","[0.4499127268791199, 0.5500872731208801]","[209, 291]",0.0,0.0019230653997510672,0.022217385470867157
19733,699,14.0,14,,mcb_nnknn,500,4045,8784,4045,8784,0,0,0,0,0.7500613333333334,0.7500613333333334,True,"[1.0, 0.0]","[0.6249693632125854, 0.37503066658973694]","[209, 291]",0.0,0.0019230653997510672,0.022217385470867157
19803,700,70.0,70,92.07091522216797,mcb_nnknn,500,4062,8822,4062,8822,0,0,0,0,0.7491746666666667,0.7491746666666667,True,"[1.0, 0.0]","[0.6254127025604248, 0.3745873272418976]","[209, 291]",0.0,0.0019107983680441976,0.022717278450727463
19821,701,18.0,18,,mcb_nnknn,500,4062,8822,4062,8822,0,0,0,0,0.7489466666666666,0.7489466666666666,True,"[0.4997139275074005, 0.5002861022949219]","[0.49992817640304565, 0.5000718235969543]","[209, 291]",0.0,0.0019107983680441976,0.022717278450727463
19851,702,30.0,30,,mcb_nnknn,500,4062,8822,4062,8822,0,0,0,0,0.7485666666666666,0.7485666666666666,True,"[1.0, 0.0]","[0.6257166862487793, 0.3742833435535431]","[209, 291]",0.0,0.0019107983680441976,0.022717278450727463
19887,703,36.0,36,,mcb_nnknn,500,4062,8822,4062,8822,0,0,0,0,0.7481106666666666,0.7481106666666666,True,"[0.49992844462394714, 0.5000715851783752]","[0.49998196959495544, 0.5000180006027222]","[209, 291]",0.0,0.0019107983680441976,0.022717278450727463
19914,704,27.0,27,67.3743667602539,mcb_nnknn,500,4075,8851,4075,8851,0,0,0,0,0.7477686666666666,0.7477686666666666,True,"[1.0, 0.0]","[0.6261156797409058, 0.37388432025909424]","[203, 297]",0.0,0.0019100781064480543,0.022479237988591194
19964,705,50.0,50,,mcb_nnknn,500,4075,8851,4075,8851,0,0,0,0,0.7471353333333333,0.7471353333333333,True,"[1.0, 0.0]","[0.6264322996139526, 0.373567670583725]","[203, 297]",0.0,0.0019100781064480543,0.022479237988591194
19984,706,20.0,20,,mcb_nnknn,500,4075,8851,4075,8851,0,0,0,0,0.746882,0.746882,True,"[0.2994082570075989, 0.7005918025970459]","[0.44922661781311035, 0.5507733821868896]","[203, 297]",0.0,0.0019100781064480543,0.022479237988591194
20003,707,19.0,19,,mcb_nnknn,500,4075,8851,4075,8851,0,0,0,0,0.7466413333333333,0.7466413333333333,True,"[1.0, 0.0]","[0.6266793012619019, 0.37332066893577576]","[203, 297]",0.0,0.0019100781064480543,0.022479237988591194
20024,708,21.0,21,75.05081939697266,mcb_nnknn,500,4089,8876,4089,8876,0,0,0,0,0.7463753333333334,0.7463753333333334,True,"[1.0, 0.0]","[0.6268123388290405, 0.3731876611709595]","[201, 299]",0.0,0.0019155741902068257,0.02199200727045536
20058,709,34.0,34,,mcb_nnknn,500,4089,8876,4089,8876,0,0,0,0,0.7459446666666667,0.7459446666666667,True,"[0.3996080458164215, 0.6003919839859009]","[0.4744948744773865, 0.5255051255226135]","[201, 299]",0.0,0.0019155741902068257,0.02199200727045536
20074,710,16.0,16,,mcb_nnknn,500,4089,8876,4089,8876,0,0,0,0,0.745742,0.745742,True,"[1.0, 0.0]","[0.6271289587020874, 0.3728710114955902]","[201, 299]",0.0,0.0019155741902068257,0.02199200727045536
20095,711,21.0,21,,mcb_nnknn,500,4089,8876,4089,8876,0,0,0,0,0.745476,0.745476,True,"[1.0, 0.0]","[0.6272619962692261, 0.3727380037307739]","[201, 299]",0.0,0.0019155741902068257,0.02199200727045536
20114,712,19.0,19,73.39524841308594,mcb_nnknn,500,4104,8881,4104,8881,0,0,0,0,0.7452353333333332,0.7452353333333332,True,"[0.2990354895591736, 0.7009645104408264]","[0.44880133867263794, 0.5511986613273621]","[197, 303]",0.0,0.001959212590008974,0.021758010610938072
20132,713,18.0,18,,mcb_nnknn,500,4104,8881,4104,8881,0,0,0,0,0.7450073333333334,0.7450073333333334,True,"[0.19971436262130737, 0.8002856373786926]","[0.42342936992645264, 0.5765706300735474]","[197, 303]",0.0,0.001959212590008974,0.021758010610938072
20179,714,47.0,47,,mcb_nnknn,500,4104,8881,4104,8881,0,0,0,0,0.7444120000000001,0.7444120000000001,True,"[0.299402117729187, 0.7005979418754578]","[0.44872957468032837, 0.5512704253196716]","[197, 303]",0.0,0.001959212590008974,0.021758010610938072
20203,715,24.0,24,,mcb_nnknn,500,4104,8881,4104,8881,0,0,0,0,0.744108,0.744108,True,"[1.0, 0.0]","[0.6279460191726685, 0.37205401062965393]","[197, 303]",0.0,0.001959212590008974,0.021758010610938072
20223,716,20.0,20,74.73861694335938,mcb_nnknn,500,4117,8912,4117,8912,0,0,0,0,0.7438546666666667,0.7438546666666667,True,"[0.19953083992004395, 0.800469160079956]","[0.42303621768951416, 0.5769637823104858]","[195, 305]",0.0,0.001963889691978693,0.021258052438497543
20269,717,46.0,46,,mcb_nnknn,500,4117,8912,4117,8912,0,0,0,0,0.7432719999999999,0.7432719999999999,True,"[1.0, 0.0]","[0.6283639669418335, 0.3716360032558441]","[195, 305]",0.0,0.001963889691978693,0.021258052438497543
20311,718,42.0,42,,mcb_nnknn,500,4117,8912,4117,8912,0,0,0,0,0.74274,0.74274,True,"[1.0, 0.0]","[0.6286300420761108, 0.37136998772621155]","[195, 305]",0.0,0.001963889691978693,0.021258052438497543
20377,719,66.0,66,,mcb_nnknn,500,4117,8912,4117,8912,0,0,0,0,0.741904,0.741904,True,"[1.0, 0.0]","[0.6290479898452759, 0.3709520101547241]","[195, 305]",0.0,0.001963889691978693,0.021258052438497543
20425,720,48.0,48,81.22919464111328,mcb_nnknn,500,4122,9042,4122,9042,0,0,0,0,0.741296,0.741296,True,"[1.0, 0.0]","[0.6293519735336304, 0.37064799666404724]","[197, 303]",0.0,0.0019500470953062177,0.020758219063282013
20443,721,18.0,18,,mcb_nnknn,500,4122,9042,4122,9042,0,0,0,0,0.7410680000000001,0.7410680000000001,True,"[1.0, 0.0]","[0.6294659972190857, 0.3705340027809143]","[197, 303]",0.0,0.0019500470953062177,0.020758219063282013
20477,722,34.0,34,,mcb_nnknn,500,4122,9042,4122,9042,0,0,0,0,0.7406373333333334,0.7406373333333334,True,"[1.0, 0.0]","[0.6296813488006592, 0.3703186810016632]","[197, 303]",0.0,0.0019500470953062177,0.020758219063282013
20548,723,71.0,71,,mcb_nnknn,500,4122,9042,4122,9042,0,0,0,0,0.739738,0.739738,True,"[0.9014531970024109, 0.0985468253493309]","[0.6044830083847046, 0.3955169916152954]","[197, 303]",0.0,0.0019500470953062177,0.020758219063282013
20578,724,30.0,30,83.34880065917969,mcb_nnknn,500,4127,9124,4127,9124,0,0,0,0,0.739358,0.739358,True,"[1.0, 0.0]","[0.6303210258483887, 0.3696790039539337]","[195, 305]",0.0,0.0019464498618617654,0.020258411765098572
20630,725,52.0,52,,mcb_nnknn,500,4127,9124,4127,9124,0,0,0,0,0.7386993333333334,0.7386993333333334,True,"[1.0, 0.0]","[0.6306503415107727, 0.3693496584892273]","[195, 305]",0.0,0.0019464498618617654,0.020258411765098572
20656,726,26.0,26,,mcb_nnknn,500,4127,9124,4127,9124,0,0,0,0,0.73837,0.73837,True,"[0.19879838824272156, 0.801201581954956]","[0.4211966097354889, 0.5788033604621887]","[195, 305]",0.0,0.0019464498618617654,0.020258411765098572
20675,727,19.0,19,,mcb_nnknn,500,4127,9124,4127,9124,0,0,0,0,0.7381293333333333,0.7381293333333333,True,"[1.0, 0.0]","[0.6309353113174438, 0.36906465888023376]","[195, 305]",0.0,0.0019464498618617654,0.020258411765098572
20689,728,14.0,14,79.08625030517578,mcb_nnknn,500,4132,9163,4132,9163,0,0,0,0,0.7379519999999999,0.7379519999999999,True,"[0.9000381231307983, 0.09996191412210464]","[0.6048291921615601, 0.39517080783843994]","[192, 308]",0.0,0.001993181649595499,0.020758366212248802
20724,729,35.0,35,,mcb_nnknn,500,4132,9163,4132,9163,0,0,0,0,0.7375086666666666,0.7375086666666666,True,"[0.1995251178741455, 0.8004748821258545]","[0.42112794518470764, 0.5788720846176147]","[192, 308]",0.0,0.001993181649595499,0.020758366212248802
20739,730,15.0,15,,mcb_nnknn,500,4132,9163,4132,9163,0,0,0,0,0.7373186666666667,0.7373186666666667,True,"[0.19837544858455658, 0.8016245365142822]","[0.4207688570022583, 0.5792311429977417]","[192, 308]",0.0,0.001993181649595499,0.020758366212248802
20754,731,15.0,15,,mcb_nnknn,500,4132,9163,4132,9163,0,0,0,0,0.7371286666666667,0.7371286666666667,True,"[0.09984701871871948, 0.9001529812812805]","[0.3948112428188324, 0.6051887273788452]","[192, 308]",0.0,0.001993181649595499,0.020758366212248802
20790,732,36.0,36,63.13254165649414,mcb_nnknn,500,4143,9187,4143,9187,0,0,0,0,0.7366726666666666,0.7366726666666666,True,"[0.0, 1.0]","[0.3683363199234009, 0.6316636800765991]","[191, 309]",0.0,0.001999759115278721,0.021258331835269928
20807,733,17.0,17,,mcb_nnknn,500,4143,9187,4143,9187,0,0,0,0,0.7364573333333333,0.7364573333333333,True,"[1.0, 0.0]","[0.6317713260650635, 0.3682286739349365]","[191, 309]",0.0,0.001999759115278721,0.021258331835269928
20820,734,13.0,13,,mcb_nnknn,500,4143,9187,4143,9187,0,0,0,0,0.7362926666666667,0.7362926666666667,True,"[0.09935031086206436, 0.9006496667861938]","[0.3943457305431366, 0.605654239654541]","[191, 309]",0.0,0.001999759115278721,0.021258331835269928
20838,735,18.0,18,,mcb_nnknn,500,4143,9187,4143,9187,0,0,0,0,0.7360646666666666,0.7360646666666666,True,"[1.0, 0.0]","[0.6319676637649536, 0.3680323362350464]","[191, 309]",0.0,0.001999759115278721,0.021258331835269928
20874,736,36.0,36,68.84817504882812,mcb_nnknn,500,4144,9203,4144,9203,0,0,0,0,0.7356086666666667,0.7356086666666667,True,"[0.09882378578186035, 0.9011762142181396]","[0.3939324617385864, 0.6060675382614136]","[190, 310]",0.0,0.002010585041716695,0.020758671686053276
20928,737,54.0,54,,mcb_nnknn,500,4144,9203,4144,9203,0,0,0,0,0.7349246666666667,0.7349246666666667,True,"[1.0, 0.0]","[0.6325376629829407, 0.3674623370170593]","[190, 310]",0.0,0.002010585041716695,0.020758671686053276
21017,738,89.0,89,,mcb_nnknn,500,4144,9203,4144,9203,0,0,0,0,0.7337973333333334,0.7337973333333334,True,"[1.0, 0.0]","[0.6331013441085815, 0.36689865589141846]","[190, 310]",0.0,0.002010585041716695,0.020758671686053276
21088,739,71.0,71,,mcb_nnknn,500,4144,9203,4144,9203,0,0,0,0,0.732898,0.732898,True,"[0.0, 1.0]","[0.3664489984512329, 0.6335510015487671]","[190, 310]",0.0,0.002010585041716695,0.020758671686053276
21125,740,37.0,37,89.62057495117188,mcb_nnknn,500,4159,9368,4159,9368,0,0,0,0,0.7324293333333334,0.7324293333333334,True,"[0.9007983207702637, 0.09920167922973633]","[0.6072418689727783, 0.3927581310272217]","[193, 307]",0.0,0.002015157835558057,0.020258715376257896
21134,741,9.0,9,,mcb_nnknn,500,4159,9368,4159,9368,0,0,0,0,0.7323153333333333,0.7323153333333333,True,"[0.8998933434486389, 0.10010666400194168]","[0.6070452928543091, 0.3929547071456909]","[193, 307]",0.0,0.002015157835558057,0.020258715376257896
21150,742,16.0,16,,mcb_nnknn,500,4159,9368,4159,9368,0,0,0,0,0.7321126666666666,0.7321126666666666,True,"[0.0, 1.0]","[0.36605632305145264, 0.6339436769485474]","[193, 307]",0.0,0.002015157835558057,0.020258715376257896
21193,743,43.0,43,,mcb_nnknn,500,4159,9368,4159,9368,0,0,0,0,0.731568,0.731568,True,"[0.10004094243049622, 0.8999590873718262]","[0.3926381766796112, 0.6073617935180664]","[193, 307]",0.0,0.002015157835558057,0.020258715376257896
21230,744,37.0,37,51.96083450317383,mcb_nnknn,500,4174,9399,4174,9399,0,0,0,0,0.7310993333333333,0.7310993333333333,True,"[0.0, 1.0]","[0.36554965376853943, 0.6344503164291382]","[187, 313]",0.0,0.0020128421019762754,0.020758701488375664
21260,745,30.0,30,,mcb_nnknn,500,4174,9399,4174,9399,0,0,0,0,0.7307193333333333,0.7307193333333333,True,"[1.0, 0.0]","[0.6346403360366821, 0.36535966396331787]","[187, 313]",0.0,0.0020128421019762754,0.020758701488375664
21327,746,67.0,67,,mcb_nnknn,500,4174,9399,4174,9399,0,0,0,0,0.7298706666666667,0.7298706666666667,True,"[0.0, 1.0]","[0.36493533849716187, 0.6350646615028381]","[187, 313]",0.0,0.0020128421019762754,0.020758701488375664
21344,747,17.0,17,,mcb_nnknn,500,4174,9399,4174,9399,0,0,0,0,0.7296553333333333,0.7296553333333333,True,"[1.0, 0.0]","[0.6351723670959473, 0.3648276627063751]","[187, 313]",0.0,0.0020128421019762754,0.020758701488375664
21362,748,18.0,18,68.23619842529297,mcb_nnknn,500,4181,9451,4181,9451,0,0,0,0,0.7294273333333333,0.7294273333333333,True,"[1.0, 0.0]","[0.6352863311767578, 0.3647136688232422]","[191, 309]",0.0,0.002007540315389633,0.020258860662579536
21390,749,28.0,28,,mcb_nnknn,500,4181,9451,4181,9451,0,0,0,0,0.7290726666666667,0.7290726666666667,True,"[1.0, 0.0]","[0.6354636549949646, 0.3645363450050354]","[191, 309]",0.0,0.002007540315389633,0.020258860662579536
21442,750,52.0,52,,mcb_nnknn,500,4181,9451,4181,9451,0,0,0,0,0.728414,0.728414,True,"[0.0, 1.0]","[0.364206999540329, 0.6357929706573486]","[191, 309]",0.0,0.002007540315389633,0.020258860662579536
21512,751,70.0,70,,mcb_nnknn,500,4181,9451,4181,9451,0,0,0,0,0.7275273333333333,0.7275273333333333,True,"[1.0, 0.0]","[0.636236310005188, 0.3637636601924896]","[191, 309]",0.0,0.002007540315389633,0.020258860662579536
21567,752,55.0,55,79.01225280761719,mcb_nnknn,500,4198,9573,4198,9573,0,0,0,0,0.7268306666666666,0.7268306666666666,True,"[0.0, 1.0]","[0.36341533064842224, 0.6365846395492554]","[188, 312]",0.0,0.0019684808794409037,0.020758839324116707
21657,753,90.0,90,,mcb_nnknn,500,4198,9573,4198,9573,0,0,0,0,0.7256906666666667,0.7256906666666667,True,"[0.09957258403301239, 0.9004274010658264]","[0.390159010887146, 0.609840989112854]","[188, 312]",0.0,0.0019684808794409037,0.020758839324116707
21725,754,68.0,68,,mcb_nnknn,500,4198,9573,4198,9573,0,0,0,0,0.7248293333333333,0.7248293333333333,True,"[0.0, 1.0]","[0.3624146580696106, 0.6375853419303894]","[188, 312]",0.0,0.0019684808794409037,0.020758839324116707
21818,755,93.0,93,,mcb_nnknn,500,4198,9573,4198,9573,0,0,0,0,0.7236513333333333,0.7236513333333333,True,"[1.0, 0.0]","[0.638174295425415, 0.3618256747722626]","[188, 312]",0.0,0.0019684808794409037,0.020758839324116707
21862,756,44.0,44,89.19364929199219,mcb_nnknn,500,4205,9790,4205,9790,0,0,0,0,0.723094,0.723094,True,"[0.09849525988101959, 0.9015047550201416]","[0.38882091641426086, 0.6111791133880615]","[187, 313]",0.0,0.00196806900203228,0.02125878632068634
21872,757,10.0,10,,mcb_nnknn,500,4205,9790,4205,9790,0,0,0,0,0.7229673333333333,0.7229673333333333,True,"[1.0, 0.0]","[0.6385163068771362, 0.3614836633205414]","[187, 313]",0.0,0.00196806900203228,0.02125878632068634
21914,758,42.0,42,,mcb_nnknn,500,4205,9790,4205,9790,0,0,0,0,0.7224353333333333,0.7224353333333333,True,"[0.0, 1.0]","[0.3612176775932312, 0.6387823224067688]","[187, 313]",0.0,0.00196806900203228,0.02125878632068634
21956,759,42.0,42,,mcb_nnknn,500,4205,9790,4205,9790,0,0,0,0,0.7219033333333333,0.7219033333333333,True,"[0.09973873198032379, 0.9002612829208374]","[0.38868868350982666, 0.6113113164901733]","[187, 313]",0.0,0.00196806900203228,0.02125878632068634
21999,760,43.0,43,70.57405853271484,mcb_nnknn,500,4215,9853,4215,9853,0,0,0,0,0.7213586666666667,0.7213586666666667,True,"[0.09966246038675308, 0.9003375172615051]","[0.38844940066337585, 0.6115505695343018]","[188, 312]",0.0,0.001930783037096262,0.020758813247084618
22033,761,34.0,34,,mcb_nnknn,500,4215,9853,4215,9853,0,0,0,0,0.720928,0.720928,True,"[0.10020807385444641, 0.899791955947876]","[0.38842928409576416, 0.6115707159042358]","[188, 312]",0.0,0.001930783037096262,0.020758813247084618
22068,762,35.0,35,,mcb_nnknn,500,4215,9853,4215,9853,0,0,0,0,0.7204846666666667,0.7204846666666667,True,"[1.0, 0.0]","[0.6397576332092285, 0.3602423369884491]","[188, 312]",0.0,0.001930783037096262,0.020758813247084618
22087,763,19.0,19,,mcb_nnknn,500,4215,9853,4215,9853,0,0,0,0,0.720244,0.720244,True,"[1.0, 0.0]","[0.6398780345916748, 0.3601219952106476]","[188, 312]",0.0,0.001930783037096262,0.020758813247084618
22167,764,80.0,80,78.1189193725586,mcb_nnknn,500,4219,9954,4219,9954,0,0,0,0,0.7192306666666667,0.7192306666666667,True,"[1.0, 0.0]","[0.6403846740722656, 0.3596153259277344]","[188, 312]",0.0,0.0019378804136067629,0.02025912143290043
22231,765,64.0,64,,mcb_nnknn,500,4219,9954,4219,9954,0,0,0,0,0.7184200000000001,0.7184200000000001,True,"[1.0, 0.0]","[0.6407899856567383, 0.3592100143432617]","[188, 312]",0.0,0.0019378804136067629,0.02025912143290043
22266,766,35.0,35,,mcb_nnknn,500,4219,9954,4219,9954,0,0,0,0,0.7179766666666667,0.7179766666666667,True,"[0.0, 1.0]","[0.35898834466934204, 0.641011655330658]","[188, 312]",0.0,0.0019378804136067629,0.02025912143290043
22384,767,118.0,118,,mcb_nnknn,500,4219,9954,4219,9954,0,0,0,0,0.7164820000000001,0.7164820000000001,True,"[0.30000337958335876, 0.6999965906143188]","[0.4432973563671112, 0.5567026138305664]","[188, 312]",0.0,0.0019378804136067629,0.02025912143290043
22416,768,32.0,32,95.52568054199219,mcb_nnknn,500,4236,10119,4236,10119,0,0,0,0,0.7160766666666667,0.7160766666666667,True,"[0.09860368072986603, 0.9013963341712952]","[0.386034220457077, 0.6139657497406006]","[187, 313]",0.0,0.0019827713258564472,0.020759092643857002
22458,769,42.0,42,,mcb_nnknn,500,4236,10119,4236,10119,0,0,0,0,0.7155446666666667,0.7155446666666667,True,"[1.0, 0.0]","[0.6422276496887207, 0.3577723205089569]","[187, 313]",0.0,0.0019827713258564472,0.020759092643857002
22515,770,57.0,57,,mcb_nnknn,500,4236,10119,4236,10119,0,0,0,0,0.7148226666666666,0.7148226666666666,True,"[1.0, 0.0]","[0.6425886750221252, 0.35741132497787476]","[187, 313]",0.0,0.0019827713258564472,0.020759092643857002
22529,771,14.0,14,,mcb_nnknn,500,4236,10119,4236,10119,0,0,0,0,0.7146453333333334,0.7146453333333334,True,"[0.0, 1.0]","[0.35732266306877136, 0.6426773071289062]","[187, 313]",0.0,0.0019827713258564472,0.020759092643857002
22547,772,18.0,18,77.35283660888672,mcb_nnknn,500,4243,10175,4243,10175,0,0,0,0,0.7144173333333333,0.7144173333333333,True,"[1.0, 0.0]","[0.6427913308143616, 0.3572086691856384]","[185, 315]",0.0,0.0019687702879309654,0.020259108394384384
22567,773,20.0,20,,mcb_nnknn,500,4243,10175,4243,10175,0,0,0,0,0.714164,0.714164,True,"[1.0, 0.0]","[0.6429179906845093, 0.3570820093154907]","[185, 315]",0.0,0.0019687702879309654,0.020259108394384384
22611,774,44.0,44,,mcb_nnknn,500,4243,10175,4243,10175,0,0,0,0,0.7136066666666667,0.7136066666666667,True,"[1.0, 0.0]","[0.643196702003479, 0.3568033277988434]","[185, 315]",0.0,0.0019687702879309654,0.020259108394384384
22660,775,49.0,49,,mcb_nnknn,500,4243,10175,4243,10175,0,0,0,0,0.712986,0.712986,True,"[0.0, 1.0]","[0.3564929962158203, 0.6435070037841797]","[185, 315]",0.0,0.0019687702879309654,0.020259108394384384
22688,776,28.0,28,71.40412902832031,mcb_nnknn,500,4254,10244,4254,10244,0,0,0,0,0.7126313333333334,0.7126313333333334,True,"[0.1987065225839615, 0.8012934923171997]","[0.4134176969528198, 0.5865823030471802]","[186, 314]",0.0,0.0019406096544116735,0.020759014412760735
22765,777,77.0,77,,mcb_nnknn,500,4254,10244,4254,10244,0,0,0,0,0.7116560000000001,0.7116560000000001,True,"[1.0, 0.0]","[0.6441720128059387, 0.3558279871940613]","[186, 314]",0.0,0.0019406096544116735,0.020759014412760735
22787,778,22.0,22,,mcb_nnknn,500,4254,10244,4254,10244,0,0,0,0,0.7113773333333333,0.7113773333333333,True,"[1.0, 0.0]","[0.6443113088607788, 0.3556886613368988]","[186, 314]",0.0,0.0019406096544116735,0.020759014412760735
22812,779,25.0,25,,mcb_nnknn,500,4254,10244,4254,10244,0,0,0,0,0.7110606666666667,0.7110606666666667,True,"[1.0, 0.0]","[0.644469678401947, 0.355530321598053]","[186, 314]",0.0,0.0019406096544116735,0.020759014412760735
22831,780,19.0,19,91.15975189208984,mcb_nnknn,500,4262,10305,4262,10305,0,0,0,0,0.71082,0.71082,True,"[0.19931325316429138, 0.8006867170333862]","[0.4130474030971527, 0.5869525671005249]","[186, 314]",0.0,0.0019285425078123808,0.02025909349322319
22862,781,31.0,31,,mcb_nnknn,500,4262,10305,4262,10305,0,0,0,0,0.7104273333333333,0.7104273333333333,True,"[1.0, 0.0]","[0.6447863578796387, 0.3552136719226837]","[186, 314]",0.0,0.0019285425078123808,0.02025909349322319
22942,782,80.0,80,,mcb_nnknn,500,4262,10305,4262,10305,0,0,0,0,0.709414,0.709414,True,"[1.0, 0.0]","[0.6452929973602295, 0.3547070026397705]","[186, 314]",0.0,0.0019285425078123808,0.02025909349322319
22958,783,16.0,16,,mcb_nnknn,500,4262,10305,4262,10305,0,0,0,0,0.7092113333333333,0.7092113333333333,True,"[1.0, 0.0]","[0.6453943252563477, 0.35460567474365234]","[186, 314]",0.0,0.0019285425078123808,0.02025909349322319
23009,784,51.0,51,85.28913116455078,mcb_nnknn,500,4273,10407,4273,10407,0,0,0,0,0.7085653333333333,0.7085653333333333,True,"[1.0, 0.0]","[0.6457173228263855, 0.3542826771736145]","[193, 307]",0.0,0.0019146327394992113,0.0197591669857502
23066,785,57.0,57,,mcb_nnknn,500,4273,10407,4273,10407,0,0,0,0,0.7078433333333334,0.7078433333333334,True,"[0.9008081555366516, 0.09919185936450958]","[0.6170988082885742, 0.38290122151374817]","[193, 307]",0.0,0.0019146327394992113,0.0197591669857502
23122,786,56.0,56,,mcb_nnknn,500,4273,10407,4273,10407,0,0,0,0,0.7071339999999999,0.7071339999999999,True,"[1.0, 0.0]","[0.6464329957962036, 0.3535670042037964]","[193, 307]",0.0,0.0019146327394992113,0.0197591669857502
23154,787,32.0,32,,mcb_nnknn,500,4273,10407,4273,10407,0,0,0,0,0.7067286666666667,0.7067286666666667,True,"[1.0, 0.0]","[0.6466356515884399, 0.35336431860923767]","[193, 307]",0.0,0.0019146327394992113,0.0197591669857502
23241,788,87.0,87,71.32490539550781,mcb_nnknn,500,4287,10549,4287,10549,0,0,0,0,0.7056266666666666,0.7056266666666666,True,"[1.0, 0.0]","[0.6471866369247437, 0.35281333327293396]","[196, 304]",0.0,0.0019140478689223528,0.01925920508801937
23356,789,115.0,115,,mcb_nnknn,500,4287,10549,4287,10549,0,0,0,0,0.70417,0.70417,True,"[1.0, 0.0]","[0.6479150056838989, 0.3520849943161011]","[196, 304]",0.0,0.0019140478689223528,0.01925920508801937
23398,790,42.0,42,,mcb_nnknn,500,4287,10549,4287,10549,0,0,0,0,0.703638,0.703638,True,"[0.09976319223642349, 0.9002367854118347]","[0.38138502836227417, 0.6186149716377258]","[196, 304]",0.0,0.0019140478689223528,0.01925920508801937
23419,791,21.0,21,,mcb_nnknn,500,4287,10549,4287,10549,0,0,0,0,0.703372,0.703372,True,"[1.0, 0.0]","[0.6483139991760254, 0.3516860008239746]","[196, 304]",0.0,0.0019140478689223528,0.01925920508801937
23437,792,18.0,18,106.71324920654297,mcb_nnknn,500,4307,10654,4307,10654,0,0,0,0,0.703144,0.703144,True,"[0.1000225692987442, 0.899977445602417]","[0.3812642991542816, 0.618735671043396]","[198, 302]",0.0,0.0019127392442896962,0.01975914277136326
23478,793,41.0,41,,mcb_nnknn,500,4307,10654,4307,10654,0,0,0,0,0.7026246666666667,0.7026246666666667,True,"[0.20010465383529663, 0.7998953461647034]","[0.41081851720809937, 0.5891814827919006]","[198, 302]",0.0,0.0019127392442896962,0.01975914277136326
23499,794,21.0,21,,mcb_nnknn,500,4307,10654,4307,10654,0,0,0,0,0.7023586666666667,0.7023586666666667,True,"[1.0, 0.0]","[0.6488206386566162, 0.3511793315410614]","[198, 302]",0.0,0.0019127392442896962,0.01975914277136326
23604,795,105.0,105,,mcb_nnknn,500,4307,10654,4307,10654,0,0,0,0,0.7010286666666667,0.7010286666666667,True,"[0.0, 1.0]","[0.35051432251930237, 0.64948570728302]","[198, 302]",0.0,0.0019127392442896962,0.01975914277136326
23656,796,52.0,52,89.2742919921875,mcb_nnknn,500,4319,10791,4319,10791,0,0,0,0,0.7003699999999999,0.7003699999999999,True,"[1.0, 0.0]","[0.6498149633407593, 0.35018500685691833]","[199, 301]",0.0,0.0019620638340711594,0.019259218126535416
23724,797,68.0,68,,mcb_nnknn,500,4319,10791,4319,10791,0,0,0,0,0.6995086666666667,0.6995086666666667,True,"[1.0, 0.0]","[0.6502456665039062, 0.34975433349609375]","[199, 301]",0.0,0.0019620638340711594,0.019259218126535416
23778,798,54.0,54,,mcb_nnknn,500,4319,10791,4319,10791,0,0,0,0,0.6988246666666666,0.6988246666666666,True,"[1.0, 0.0]","[0.6505876779556274, 0.34941232204437256]","[199, 301]",0.0,0.0019620638340711594,0.019259218126535416
23883,799,105.0,105,,mcb_nnknn,500,4319,10791,4319,10791,0,0,0,0,0.6974946666666666,0.6974946666666666,True,"[1.0, 0.0]","[0.6512526273727417, 0.3487473428249359]","[199, 301]",0.0,0.0019620638340711594,0.019259218126535416
23920,800,37.0,37,92.90142059326172,mcb_nnknn,500,4340,10968,4340,10968,0,0,0,0,0.6970259999999999,0.6970259999999999,True,"[0.09995131194591522, 0.9000487327575684]","[0.37879565358161926, 0.6212043762207031]","[198, 302]",0.0,0.0019818544387817383,0.01875942014157772
23933,801,13.0,13,,mcb_nnknn,500,4340,10968,4340,10968,0,0,0,0,0.6968613333333333,0.6968613333333333,True,"[1.0, 0.0]","[0.6515693664550781, 0.34843066334724426]","[198, 302]",0.0,0.0019818544387817383,0.01875942014157772
23952,802,19.0,19,,mcb_nnknn,500,4340,10968,4340,10968,0,0,0,0,0.6966206666666667,0.6966206666666667,True,"[1.0, 0.0]","[0.6516896486282349, 0.34831032156944275]","[198, 302]",0.0,0.0019818544387817383,0.01875942014157772
23983,803,31.0,31,,mcb_nnknn,500,4340,10968,4340,10968,0,0,0,0,0.6962280000000001,0.6962280000000001,True,"[1.0, 0.0]","[0.651885986328125, 0.348114013671875]","[198, 302]",0.0,0.0019818544387817383,0.01875942014157772
24172,804,189.0,189,133.54843139648438,mcb_nnknn,500,4356,11143,4356,11143,0,0,0,0,0.6938340000000001,0.6938340000000001,True,"[1.0, 0.0]","[0.6530829668045044, 0.3469170033931732]","[201, 299]",0.0,0.001986655406653881,0.018259452655911446
24340,805,168.0,168,,mcb_nnknn,500,4356,11143,4356,11143,0,0,0,0,0.6917059999999999,0.6917059999999999,True,"[0.4003187417984009, 0.5996812582015991]","[0.4692688584327698, 0.5307311415672302]","[201, 299]",0.0,0.001986655406653881,0.018259452655911446
24413,806,73.0,73,,mcb_nnknn,500,4356,11143,4356,11143,0,0,0,0,0.6907813333333332,0.6907813333333332,True,"[1.0, 0.0]","[0.6546093225479126, 0.3453906774520874]","[201, 299]",0.0,0.001986655406653881,0.018259452655911446
24473,807,60.0,60,,mcb_nnknn,500,4356,11143,4356,11143,0,0,0,0,0.6900213333333334,0.6900213333333334,True,"[1.0, 0.0]","[0.6549893617630005, 0.3450106680393219]","[201, 299]",0.0,0.001986655406653881,0.018259452655911446
24491,808,18.0,18,114.01642608642578,mcb_nnknn,500,4371,11376,4371,11376,0,0,0,0,0.6897933333333333,0.6897933333333333,True,"[0.0, 1.0]","[0.34489667415618896, 0.655103325843811]","[200, 300]",0.0,0.0020031018648296595,0.018759435042738914
24549,809,58.0,58,,mcb_nnknn,500,4371,11376,4371,11376,0,0,0,0,0.6890586666666667,0.6890586666666667,True,"[0.0, 1.0]","[0.34452933073043823, 0.6554706692695618]","[200, 300]",0.0,0.0020031018648296595,0.018759435042738914
24573,810,24.0,24,,mcb_nnknn,500,4371,11376,4371,11376,0,0,0,0,0.6887546666666666,0.6887546666666666,True,"[0.0, 1.0]","[0.344377338886261, 0.655622661113739]","[200, 300]",0.0,0.0020031018648296595,0.018759435042738914
24590,811,17.0,17,,mcb_nnknn,500,4371,11376,4371,11376,0,0,0,0,0.6885393333333334,0.6885393333333334,True,"[1.0, 0.0]","[0.6557303667068481, 0.34426966309547424]","[200, 300]",0.0,0.0020031018648296595,0.018759435042738914
24633,812,43.0,43,85.11119079589844,mcb_nnknn,500,4381,11436,4381,11436,0,0,0,0,0.6879946666666666,0.6879946666666666,True,"[1.0, 0.0]","[0.6560026407241821, 0.3439973294734955]","[202, 298]",0.0,0.002002561930567026,0.018259447067975998
24688,813,55.0,55,,mcb_nnknn,500,4381,11436,4381,11436,0,0,0,0,0.687298,0.687298,True,"[0.09944338351488113, 0.9005566239356995]","[0.37474513053894043, 0.6252548694610596]","[202, 298]",0.0,0.002002561930567026,0.018259447067975998
24716,814,28.0,28,,mcb_nnknn,500,4381,11436,4381,11436,0,0,0,0,0.6869433333333334,0.6869433333333334,True,"[1.0, 0.0]","[0.6565283536911011, 0.3434716761112213]","[202, 298]",0.0,0.002002561930567026,0.018259447067975998
24812,815,96.0,96,,mcb_nnknn,500,4381,11436,4381,11436,0,0,0,0,0.6857273333333334,0.6857273333333334,True,"[0.4001619517803192, 0.5998380184173584]","[0.46862363815307617, 0.5313763618469238]","[202, 298]",0.0,0.002002561930567026,0.018259447067975998
24842,816,30.0,30,90.82391357421875,mcb_nnknn,500,4399,11553,4399,11553,0,0,0,0,0.6853473333333333,0.6853473333333333,True,"[0.19974592328071594, 0.8002541065216064]","[0.40552425384521484, 0.5944757461547852]","[201, 299]",0.0,0.0020126663148403168,0.017759639769792557
24898,817,56.0,56,,mcb_nnknn,500,4399,11553,4399,11553,0,0,0,0,0.6846380000000001,0.6846380000000001,True,"[1.0, 0.0]","[0.6576809883117676, 0.3423190116882324]","[201, 299]",0.0,0.0020126663148403168,0.017759639769792557
25018,818,120.0,120,,mcb_nnknn,500,4399,11553,4399,11553,0,0,0,0,0.683118,0.683118,True,"[0.7017691135406494, 0.2982308566570282]","[0.5639370083808899, 0.4360629916191101]","[201, 299]",0.0,0.0020126663148403168,0.017759639769792557
25110,819,92.0,92,,mcb_nnknn,500,4399,11553,4399,11553,0,0,0,0,0.6819526666666667,0.6819526666666667,True,"[1.0, 0.0]","[0.659023642539978, 0.3409763276576996]","[201, 299]",0.0,0.0020126663148403168,0.017759639769792557
25209,820,99.0,99,101.01939392089844,mcb_nnknn,500,4419,11837,4419,11837,0,0,0,0,0.6806986666666667,0.6806986666666667,True,"[0.1992412507534027, 0.8007587194442749]","[0.40396732091903687, 0.5960326194763184]","[204, 296]",0.0,0.0020134877413511276,0.018259625881910324
25280,821,71.0,71,,mcb_nnknn,500,4419,11837,4419,11837,0,0,0,0,0.6797993333333333,0.6797993333333333,True,"[1.0, 0.0]","[0.6601003408432007, 0.3398996591567993]","[204, 296]",0.0,0.0020134877413511276,0.018259625881910324
25345,822,65.0,65,,mcb_nnknn,500,4419,11837,4419,11837,0,0,0,0,0.678976,0.678976,True,"[0.09940323978662491, 0.9005967378616333]","[0.37139883637428284, 0.6286011934280396]","[204, 296]",0.0,0.0020134877413511276,0.018259625881910324
25455,823,110.0,110,,mcb_nnknn,500,4419,11837,4419,11837,0,0,0,0,0.6775826666666667,0.6775826666666667,True,"[0.0, 1.0]","[0.3387913405895233, 0.6612086296081543]","[204, 296]",0.0,0.0020134877413511276,0.018259625881910324
25517,824,62.0,62,91.90618133544922,mcb_nnknn,500,4431,12062,4431,12062,0,0,0,0,0.6767973333333333,0.6767973333333333,True,"[1.0, 0.0]","[0.6616013050079346, 0.33839866518974304]","[205, 295]",0.0,0.002024858957156539,0.018759582191705704
25598,825,81.0,81,,mcb_nnknn,500,4431,12062,4431,12062,0,0,0,0,0.6757713333333333,0.6757713333333333,True,"[0.1992693543434143, 0.8007307052612305]","[0.40249451994895935, 0.597505509853363]","[205, 295]",0.0,0.002024858957156539,0.018759582191705704
25631,826,33.0,33,,mcb_nnknn,500,4431,12062,4431,12062,0,0,0,0,0.6753533333333333,0.6753533333333333,True,"[1.0, 0.0]","[0.6623233556747437, 0.33767667412757874]","[205, 295]",0.0,0.002024858957156539,0.018759582191705704
25665,827,34.0,34,,mcb_nnknn,500,4431,12062,4431,12062,0,0,0,0,0.6749226666666667,0.6749226666666667,True,"[1.0, 0.0]","[0.6625386476516724, 0.33746132254600525]","[205, 295]",0.0,0.002024858957156539,0.018759582191705704
25749,828,84.0,84,88.36043548583984,mcb_nnknn,500,4433,12212,4433,12212,0,0,0,0,0.6738586666666666,0.6738586666666666,True,"[1.0, 0.0]","[0.6630706787109375, 0.3369293212890625]","[206, 294]",0.0,0.0020219834987074137,0.018259646371006966
25767,829,18.0,18,,mcb_nnknn,500,4433,12212,4433,12212,0,0,0,0,0.6736306666666667,0.6736306666666667,True,"[0.099916011095047, 0.9000840187072754]","[0.36942484974861145, 0.6305751800537109]","[206, 294]",0.0,0.0020219834987074137,0.018259646371006966
25833,830,66.0,66,,mcb_nnknn,500,4433,12212,4433,12212,0,0,0,0,0.6727946666666667,0.6727946666666667,True,"[1.0, 0.0]","[0.6636027097702026, 0.33639732003211975]","[206, 294]",0.0,0.0020219834987074137,0.018259646371006966
25881,831,48.0,48,,mcb_nnknn,500,4433,12212,4433,12212,0,0,0,0,0.6721866666666667,0.6721866666666667,True,"[1.0, 0.0]","[0.6639066934585571, 0.33609333634376526]","[206, 294]",0.0,0.0020219834987074137,0.018259646371006966
25909,832,28.0,28,68.770751953125,mcb_nnknn,500,4435,12295,4435,12295,0,0,0,0,0.671832,0.671832,True,"[1.0, 0.0]","[0.6640839576721191, 0.33591601252555847]","[207, 293]",0.0,0.002003665082156658,0.018759628757834435
25968,833,59.0,59,,mcb_nnknn,500,4435,12295,4435,12295,0,0,0,0,0.6710846666666667,0.6710846666666667,True,"[0.0, 1.0]","[0.33554232120513916, 0.6644576787948608]","[207, 293]",0.0,0.002003665082156658,0.018759628757834435
25998,834,30.0,30,,mcb_nnknn,500,4435,12295,4435,12295,0,0,0,0,0.6707046666666667,0.6707046666666667,True,"[0.19926369190216064, 0.8007363677024841]","[0.4009689390659332, 0.5990310907363892]","[207, 293]",0.0,0.002003665082156658,0.018759628757834435
26170,835,172.0,172,,mcb_nnknn,500,4435,12295,4435,12295,0,0,0,0,0.668526,0.668526,True,"[1.0, 0.0]","[0.6657370328903198, 0.33426299691200256]","[207, 293]",0.0,0.002003665082156658,0.018759628757834435
26216,836,46.0,46,112.64484405517578,mcb_nnknn,500,4449,12517,4449,12517,0,0,0,0,0.6679433333333333,0.6679433333333333,True,"[0.9022674560546875, 0.09773260354995728]","[0.6335755586624146, 0.36642444133758545]","[209, 291]",0.0,0.0019946349784731865,0.019259624183177948
26280,837,64.0,64,,mcb_nnknn,500,4449,12517,4449,12517,0,0,0,0,0.6671326666666666,0.6671326666666666,True,"[1.0, 0.0]","[0.6664336919784546, 0.3335663378238678]","[209, 291]",0.0,0.0019946349784731865,0.019259624183177948
26426,838,146.0,146,,mcb_nnknn,500,4449,12517,4449,12517,0,0,0,0,0.6652833333333333,0.6652833333333333,True,"[0.0, 1.0]","[0.3326416611671448, 0.6673583388328552]","[209, 291]",0.0,0.0019946349784731865,0.019259624183177948
26450,839,24.0,24,,mcb_nnknn,500,4449,12517,4449,12517,0,0,0,0,0.6649793333333334,0.6649793333333334,True,"[1.0, 0.0]","[0.6675103306770325, 0.33248966932296753]","[209, 291]",0.0,0.0019946349784731865,0.019259624183177948
26485,840,35.0,35,97.26107025146484,mcb_nnknn,500,4456,12697,4456,12697,0,0,0,0,0.664536,0.664536,True,"[0.09998124837875366, 0.9000187516212463]","[0.3658080995082855, 0.6341918706893921]","[210, 290]",0.0,0.002000213600695133,0.01875964365899563
26503,841,18.0,18,,mcb_nnknn,500,4456,12697,4456,12697,0,0,0,0,0.664308,0.664308,True,"[1.0, 0.0]","[0.6678459644317627, 0.3321540057659149]","[210, 290]",0.0,0.002000213600695133,0.01875964365899563
26557,842,54.0,54,,mcb_nnknn,500,4456,12697,4456,12697,0,0,0,0,0.663624,0.663624,True,"[0.20021125674247742, 0.7997887134552002]","[0.3991582691669464, 0.600841760635376]","[210, 290]",0.0,0.002000213600695133,0.01875964365899563
26623,843,66.0,66,,mcb_nnknn,500,4456,12697,4456,12697,0,0,0,0,0.6627879999999999,0.6627879999999999,True,"[1.0, 0.0]","[0.6686060428619385, 0.3313939869403839]","[210, 290]",0.0,0.002000213600695133,0.01875964365899563
26735,844,112.0,112,110.59854888916016,mcb_nnknn,500,4491,12842,4491,12842,0,0,0,0,0.6613693333333333,0.6613693333333333,True,"[1.0, 0.0]","[0.6693153381347656, 0.3306846618652344]","[207, 293]",0.0,0.0020168886985629797,0.01925962045788765
26760,845,25.0,25,,mcb_nnknn,500,4491,12842,4491,12842,0,0,0,0,0.6610526666666667,0.6610526666666667,True,"[0.09976736456155777, 0.9002326130867004]","[0.36434221267700195, 0.635657787322998]","[207, 293]",0.0,0.0020168886985629797,0.01925962045788765
26822,846,62.0,62,,mcb_nnknn,500,4491,12842,4491,12842,0,0,0,0,0.6602673333333333,0.6602673333333333,True,"[0.30089807510375977, 0.6991019248962402]","[0.4323585629463196, 0.5676414370536804]","[207, 293]",0.0,0.0020168886985629797,0.01925962045788765
26947,847,125.0,125,,mcb_nnknn,500,4491,12842,4491,12842,0,0,0,0,0.658684,0.658684,True,"[1.0, 0.0]","[0.6706579923629761, 0.3293420076370239]","[207, 293]",0.0,0.0020168886985629797,0.01925962045788765
27027,848,80.0,80,104.24730682373047,mcb_nnknn,500,4514,13030,4514,13030,0,0,0,0,0.6576706666666667,0.6576706666666667,True,"[0.8002320528030396, 0.19976796209812164]","[0.6027781963348389, 0.39722177386283875]","[205, 295]",0.0,0.0020536386873573065,0.01975955255329609
27052,849,25.0,25,,mcb_nnknn,500,4514,13030,4514,13030,0,0,0,0,0.657354,0.657354,True,"[0.09994020313024521, 0.9000598192214966]","[0.3629211187362671, 0.6370788812637329]","[205, 295]",0.0,0.0020536386873573065,0.01975955255329609
27102,850,50.0,50,,mcb_nnknn,500,4514,13030,4514,13030,0,0,0,0,0.6567206666666667,0.6567206666666667,True,"[1.0, 0.0]","[0.6716396808624268, 0.32836031913757324]","[205, 295]",0.0,0.0020536386873573065,0.01975955255329609
27119,851,17.0,17,,mcb_nnknn,500,4514,13030,4514,13030,0,0,0,0,0.6565053333333333,0.6565053333333333,True,"[1.0, 0.0]","[0.6717473268508911, 0.3282526731491089]","[205, 295]",0.0,0.0020536386873573065,0.01975955255329609
27174,852,55.0,55,79.70965576171875,mcb_nnknn,500,4526,13087,4526,13087,0,0,0,0,0.6558086666666667,0.6558086666666667,True,"[1.0, 0.0]","[0.6720956563949585, 0.3279043436050415]","[206, 294]",0.0,0.0020738011226058006,0.019259562715888023
27346,853,172.0,172,,mcb_nnknn,500,4526,13087,4526,13087,0,0,0,0,0.6536299999999999,0.6536299999999999,True,"[1.0, 0.0]","[0.6731849908828735, 0.32681500911712646]","[206, 294]",0.0,0.0020738011226058006,0.019259562715888023
27489,854,143.0,143,,mcb_nnknn,500,4526,13087,4526,13087,0,0,0,0,0.6518186666666667,0.6518186666666667,True,"[1.0, 0.0]","[0.6740906238555908, 0.3259093463420868]","[206, 294]",0.0,0.0020738011226058006,0.019259562715888023
27563,855,74.0,74,,mcb_nnknn,500,4526,13087,4526,13087,0,0,0,0,0.6508813333333333,0.6508813333333333,True,"[0.2993236780166626, 0.7006763815879822]","[0.4299401640892029, 0.5700598955154419]","[206, 294]",0.0,0.0020738011226058006,0.019259562715888023
27642,856,79.0,79,104.81327819824219,mcb_nnknn,500,4550,13454,4550,13454,0,0,0,0,0.6498806666666667,0.6498806666666667,True,"[1.0, 0.0]","[0.6750596761703491, 0.3249403238296509]","[211, 289]",0.0,0.002130652777850628,0.019759492948651314
27663,857,21.0,21,,mcb_nnknn,500,4550,13454,4550,13454,0,0,0,0,0.6496146666666667,0.6496146666666667,True,"[1.0, 0.0]","[0.675192654132843, 0.324807345867157]","[211, 289]",0.0,0.002130652777850628,0.019759492948651314
27684,858,21.0,21,,mcb_nnknn,500,4550,13454,4550,13454,0,0,0,0,0.6493486666666667,0.6493486666666667,True,"[1.0, 0.0]","[0.6753256320953369, 0.3246743381023407]","[211, 289]",0.0,0.002130652777850628,0.019759492948651314
27724,859,40.0,40,,mcb_nnknn,500,4550,13454,4550,13454,0,0,0,0,0.6488419999999999,0.6488419999999999,True,"[1.0, 0.0]","[0.6755790114402771, 0.3244209885597229]","[211, 289]",0.0,0.002130652777850628,0.019759492948651314
27789,860,65.0,65,61.25473403930664,mcb_nnknn,500,4553,13513,4553,13513,0,0,0,0,0.6480186666666667,0.6480186666666667,True,"[0.09939651191234589, 0.9006035327911377]","[0.3589950501918793, 0.6410049796104431]","[217, 283]",0.0,0.002119173528626561,0.019807102158665657
27861,861,72.0,72,,mcb_nnknn,500,4553,13513,4553,13513,0,0,0,0,0.6471066666666667,0.6471066666666667,True,"[0.7991959452629089, 0.20080406963825226]","[0.6055842638015747, 0.3944157361984253]","[217, 283]",0.0,0.002119173528626561,0.019807102158665657
28023,862,162.0,162,,mcb_nnknn,500,4553,13513,4553,13513,0,0,0,0,0.6450546666666667,0.6450546666666667,True,"[1.0, 0.0]","[0.677472710609436, 0.32252731919288635]","[217, 283]",0.0,0.002119173528626561,0.019807102158665657
28068,863,45.0,45,,mcb_nnknn,500,4553,13513,4553,13513,0,0,0,0,0.6444846666666666,0.6444846666666666,True,"[1.0, 0.0]","[0.6777576804161072, 0.3222423195838928]","[217, 283]",0.0,0.002119173528626561,0.019807102158665657
28115,864,47.0,47,95.19879150390625,mcb_nnknn,500,4570,13744,4570,13744,0,0,0,0,0.6438893333333333,0.6438893333333333,True,"[0.1997060924768448, 0.8002939224243164]","[0.39306211471557617, 0.6069378852844238]","[218, 282]",0.0,0.0021186976227909327,0.019759492948651314
28146,865,31.0,31,,mcb_nnknn,500,4570,13744,4570,13744,0,0,0,0,0.6434966666666666,0.6434966666666666,True,"[0.0, 1.0]","[0.3217483460903168, 0.6782516241073608]","[218, 282]",0.0,0.0021186976227909327,0.019759492948651314
28171,866,25.0,25,,mcb_nnknn,500,4570,13744,4570,13744,0,0,0,0,0.64318,0.64318,True,"[1.0, 0.0]","[0.678409993648529, 0.32159000635147095]","[218, 282]",0.0,0.0021186976227909327,0.019759492948651314
28256,867,85.0,85,,mcb_nnknn,500,4570,13744,4570,13744,0,0,0,0,0.6421033333333332,0.6421033333333332,True,"[1.0, 0.0]","[0.6789483428001404, 0.3210516571998596]","[218, 282]",0.0,0.0021186976227909327,0.019759492948651314
28303,868,47.0,47,92.44335174560547,mcb_nnknn,500,4577,13840,4577,13840,0,0,0,0,0.641508,0.641508,True,"[1.0, 0.0]","[0.6792460083961487, 0.3207539916038513]","[218, 282]",0.0,0.0020961021073162556,0.019259540364146233
28358,869,55.0,55,,mcb_nnknn,500,4577,13840,4577,13840,0,0,0,0,0.6408113333333334,0.6408113333333334,True,"[1.0, 0.0]","[0.6795943379402161, 0.32040566205978394]","[218, 282]",0.0,0.0020961021073162556,0.019259540364146233
28406,870,48.0,48,,mcb_nnknn,500,4577,13840,4577,13840,0,0,0,0,0.6402033333333333,0.6402033333333333,True,"[0.20006351172924042, 0.7999364733695984]","[0.3920838534832001, 0.6079161167144775]","[218, 282]",0.0,0.0020961021073162556,0.019259540364146233
28447,871,41.0,41,,mcb_nnknn,500,4577,13840,4577,13840,0,0,0,0,0.6396839999999999,0.6396839999999999,True,"[1.0, 0.0]","[0.6801580190658569, 0.31984201073646545]","[218, 282]",0.0,0.0020961021073162556,0.019259540364146233
28529,872,82.0,82,92.84619140625,mcb_nnknn,500,4589,13970,4589,13970,0,0,0,0,0.6386453333333333,0.6386453333333333,True,"[1.0, 0.0]","[0.6806772947311401, 0.3193226754665375]","[217, 283]",0.0,0.0020837190095335245,0.01975945755839348
28556,873,27.0,27,,mcb_nnknn,500,4589,13970,4589,13970,0,0,0,0,0.6383033333333333,0.6383033333333333,True,"[0.0, 1.0]","[0.3191516697406769, 0.6808483600616455]","[217, 283]",0.0,0.0020837190095335245,0.01975945755839348
28568,874,12.0,12,,mcb_nnknn,500,4589,13970,4589,13970,0,0,0,0,0.6381513333333333,0.6381513333333333,True,"[0.10006029158830643, 0.8999397158622742]","[0.35528236627578735, 0.6447176337242126]","[217, 283]",0.0,0.0020837190095335245,0.01975945755839348
28695,875,127.0,127,,mcb_nnknn,500,4589,13970,4589,13970,0,0,0,0,0.6365426666666667,0.6365426666666667,True,"[0.09992088377475739, 0.9000791311264038]","[0.3545883297920227, 0.6454117298126221]","[217, 283]",0.0,0.0020837190095335245,0.01975945755839348
28763,876,68.0,68,113.30431365966797,mcb_nnknn,500,4605,14104,4605,14104,0,0,0,0,0.6356813333333333,0.6356813333333333,True,"[1.0, 0.0]","[0.6821593046188354, 0.31784066557884216]","[218, 282]",0.0,0.002114927163347602,0.02025938779115677
28824,877,61.0,61,,mcb_nnknn,500,4605,14104,4605,14104,0,0,0,0,0.6349086666666667,0.6349086666666667,True,"[1.0, 0.0]","[0.6825456619262695, 0.31745433807373047]","[218, 282]",0.0,0.002114927163347602,0.02025938779115677
28960,878,136.0,136,,mcb_nnknn,500,4605,14104,4605,14104,0,0,0,0,0.633186,0.633186,True,"[0.3996908962726593, 0.6003090739250183]","[0.4632052183151245, 0.5367947816848755]","[218, 282]",0.0,0.002114927163347602,0.02025938779115677
29029,879,69.0,69,,mcb_nnknn,500,4605,14104,4605,14104,0,0,0,0,0.632312,0.632312,True,"[0.0, 1.0]","[0.3161559998989105, 0.6838439702987671]","[218, 282]",0.0,0.002114927163347602,0.02025938779115677
29085,880,56.0,56,82.18163299560547,mcb_nnknn,500,4616,14333,4616,14333,0,0,0,0,0.6316026666666666,0.6316026666666666,True,"[1.0, 0.0]","[0.6841986775398254, 0.31580132246017456]","[219, 281]",0.0,0.0021152931731194258,0.02075936831533909
29102,881,17.0,17,,mcb_nnknn,500,4616,14333,4616,14333,0,0,0,0,0.6313873333333333,0.6313873333333333,True,"[0.29967671632766724, 0.7003233432769775]","[0.4261583089828491, 0.5738416910171509]","[219, 281]",0.0,0.0021152931731194258,0.02075936831533909
29280,882,178.0,178,,mcb_nnknn,500,4616,14333,4616,14333,0,0,0,0,0.6291326666666667,0.6291326666666667,True,"[0.3941026031970978, 0.6058974266052246]","[0.4607261121273041, 0.5392738580703735]","[219, 281]",0.0,0.0021152931731194258,0.02075936831533909
29313,883,33.0,33,,mcb_nnknn,500,4616,14333,4616,14333,0,0,0,0,0.6287146666666666,0.6287146666666666,True,"[1.0, 0.0]","[0.685642659664154, 0.31435734033584595]","[219, 281]",0.0,0.0021152931731194258,0.02075936831533909
29410,884,97.0,97,124.89702606201172,mcb_nnknn,500,4639,14554,4639,14554,0,0,0,0,0.627486,0.627486,True,"[1.0, 0.0]","[0.686257004737854, 0.313742995262146]","[221, 279]",0.0,0.0020748376846313477,0.02025940828025341
29445,885,35.0,35,,mcb_nnknn,500,4639,14554,4639,14554,0,0,0,0,0.6270426666666666,0.6270426666666666,True,"[1.0, 0.0]","[0.6864786744117737, 0.3135213255882263]","[221, 279]",0.0,0.0020748376846313477,0.02025940828025341
29482,886,37.0,37,,mcb_nnknn,500,4639,14554,4639,14554,0,0,0,0,0.626574,0.626574,True,"[0.5006659030914307, 0.4993341565132141]","[0.5002486705780029, 0.49975135922431946]","[221, 279]",0.0,0.0020748376846313477,0.02025940828025341
29529,887,47.0,47,,mcb_nnknn,500,4639,14554,4639,14554,0,0,0,0,0.6259786666666667,0.6259786666666667,True,"[1.0, 0.0]","[0.687010645866394, 0.31298932433128357]","[221, 279]",0.0,0.0020748376846313477,0.02025940828025341
29548,888,19.0,19,118.23705291748047,mcb_nnknn,500,4646,14599,4646,14599,0,0,0,0,0.625738,0.625738,True,"[0.1993829756975174, 0.8006170392036438]","[0.38749048113822937, 0.6125094890594482]","[222, 278]",0.0,0.002084505744278431,0.019759438931941986
29613,889,65.0,65,,mcb_nnknn,500,4646,14599,4646,14599,0,0,0,0,0.6249146666666667,0.6249146666666667,True,"[0.1997111737728119, 0.8002887964248657]","[0.38736605644226074, 0.6126339435577393]","[222, 278]",0.0,0.002084505744278431,0.019759438931941986
29696,890,83.0,83,,mcb_nnknn,500,4646,14599,4646,14599,0,0,0,0,0.6238633333333333,0.6238633333333333,True,"[0.0993555560708046, 0.9006444215774536]","[0.3493029475212097, 0.6506970524787903]","[222, 278]",0.0,0.002084505744278431,0.019759438931941986
29738,891,42.0,42,,mcb_nnknn,500,4646,14599,4646,14599,0,0,0,0,0.6233313333333333,0.6233313333333333,True,"[1.0, 0.0]","[0.6883343458175659, 0.3116656541824341]","[222, 278]",0.0,0.002084505744278431,0.019759438931941986
29899,892,161.0,161,115.44116973876953,mcb_nnknn,500,4677,14831,4677,14831,0,0,0,0,0.621292,0.621292,True,"[0.0991162359714508, 0.9008837938308716]","[0.3481821119785309, 0.6518179178237915]","[223, 277]",0.0,0.002083537634462118,0.020259318873286247
29948,893,49.0,49,,mcb_nnknn,500,4677,14831,4677,14831,0,0,0,0,0.6206713333333334,0.6206713333333334,True,"[1.0, 0.0]","[0.689664363861084, 0.3103356659412384]","[223, 277]",0.0,0.002083537634462118,0.020259318873286247
30025,894,77.0,77,,mcb_nnknn,500,4677,14831,4677,14831,0,0,0,0,0.619696,0.619696,True,"[1.0, 0.0]","[0.6901519894599915, 0.30984801054000854]","[223, 277]",0.0,0.002083537634462118,0.020259318873286247
30074,895,49.0,49,,mcb_nnknn,500,4677,14831,4677,14831,0,0,0,0,0.6190753333333333,0.6190753333333333,True,"[0.1996844857931137, 0.8003154993057251]","[0.3856024146080017, 0.6143975853919983]","[223, 277]",0.0,0.002083537634462118,0.020259318873286247
30200,896,126.0,126,93.8828353881836,mcb_nnknn,500,4691,15024,4691,15024,0,0,0,0,0.6174793333333333,0.6174793333333333,True,"[1.0, 0.0]","[0.6912603378295898, 0.30873966217041016]","[222, 278]",0.0,0.0020879898220300674,0.020759299397468567
30351,897,151.0,151,,mcb_nnknn,500,4691,15024,4691,15024,0,0,0,0,0.6155666666666666,0.6155666666666666,True,"[0.0, 1.0]","[0.3077833354473114, 0.6922166347503662]","[222, 278]",0.0,0.0020879898220300674,0.020759299397468567
30432,898,81.0,81,,mcb_nnknn,500,4691,15024,4691,15024,0,0,0,0,0.6145406666666666,0.6145406666666666,True,"[1.0, 0.0]","[0.692729651927948, 0.307270348072052]","[222, 278]",0.0,0.0020879898220300674,0.020759299397468567
30509,899,77.0,77,,mcb_nnknn,500,4691,15024,4691,15024,0,0,0,0,0.6135653333333333,0.6135653333333333,True,"[0.0, 1.0]","[0.30678266286849976, 0.6932173371315002]","[222, 278]",0.0,0.0020879898220300674,0.020759299397468567
30612,900,103.0,103,135.02059936523438,mcb_nnknn,500,4705,15333,4705,15333,0,0,0,0,0.6122606666666667,0.6122606666666667,True,"[0.2988085150718689, 0.7011915445327759]","[0.42199015617370605, 0.578009843826294]","[223, 277]",0.0,0.0021272432059049606,0.021259291097521782
30691,901,79.0,79,,mcb_nnknn,500,4705,15333,4705,15333,0,0,0,0,0.6112599999999999,0.6112599999999999,True,"[0.10009586811065674, 0.8999041318893433]","[0.3445412516593933, 0.6554587483406067]","[223, 277]",0.0,0.0021272432059049606,0.021259291097521782
30739,902,48.0,48,,mcb_nnknn,500,4705,15333,4705,15333,0,0,0,0,0.610652,0.610652,True,"[1.0, 0.0]","[0.694674015045166, 0.30532601475715637]","[223, 277]",0.0,0.0021272432059049606,0.021259291097521782
30768,903,29.0,29,,mcb_nnknn,500,4705,15333,4705,15333,0,0,0,0,0.6102846666666666,0.6102846666666666,True,"[1.0, 0.0]","[0.694857656955719, 0.305142343044281]","[223, 277]",0.0,0.0021272432059049606,0.021259291097521782
30812,904,44.0,44,108.9367904663086,mcb_nnknn,500,4714,15432,4714,15432,0,0,0,0,0.6097273333333333,0.6097273333333333,True,"[0.19984057545661926, 0.8001594543457031]","[0.38285598158836365, 0.6171440482139587]","[223, 277]",0.0,0.0021279912907630205,0.02075933665037155
30881,905,69.0,69,,mcb_nnknn,500,4714,15432,4714,15432,0,0,0,0,0.6088533333333332,0.6088533333333332,True,"[0.29959961771965027, 0.7004004120826721]","[0.42161405086517334, 0.5783859491348267]","[223, 277]",0.0,0.0021279912907630205,0.02075933665037155
30923,906,42.0,42,,mcb_nnknn,500,4714,15432,4714,15432,0,0,0,0,0.6083213333333333,0.6083213333333333,True,"[0.0, 1.0]","[0.3041606545448303, 0.6958393454551697]","[223, 277]",0.0,0.0021279912907630205,0.02075933665037155
31001,907,78.0,78,,mcb_nnknn,500,4714,15432,4714,15432,0,0,0,0,0.6073333333333333,0.6073333333333333,True,"[0.0, 1.0]","[0.3036666810512543, 0.6963332891464233]","[223, 277]",0.0,0.0021279912907630205,0.02075933665037155
31103,908,102.0,102,117.23097229003906,mcb_nnknn,500,4730,15622,4730,15622,0,0,0,0,0.6060413333333333,0.6060413333333333,True,"[0.0, 1.0]","[0.3030206561088562, 0.6969793438911438]","[220, 280]",0.0,0.0021317165810614824,0.021259313449263573
31153,909,50.0,50,,mcb_nnknn,500,4730,15622,4730,15622,0,0,0,0,0.605408,0.605408,True,"[0.19981297850608826, 0.8001870512962341]","[0.38154861330986023, 0.6184514164924622]","[220, 280]",0.0,0.0021317165810614824,0.021259313449263573
31395,910,242.0,242,,mcb_nnknn,500,4730,15622,4730,15622,0,0,0,0,0.6023426666666667,0.6023426666666667,True,"[1.0, 0.0]","[0.6988286972045898, 0.30117133259773254]","[220, 280]",0.0,0.0021317165810614824,0.021259313449263573
31432,911,37.0,37,,mcb_nnknn,500,4730,15622,4730,15622,0,0,0,0,0.601874,0.601874,True,"[0.09927021712064743, 0.900729775428772]","[0.34045904874801636, 0.6595409512519836]","[220, 280]",0.0,0.0021317165810614824,0.021259313449263573
31468,912,36.0,36,121.10198211669922,mcb_nnknn,500,4734,15901,4734,15901,0,0,0,0,0.601418,0.601418,True,"[1.0, 0.0]","[0.6992909908294678, 0.3007090091705322]","[223, 277]",0.0,0.0021346835419535637,0.021759288385510445
31570,913,102.0,102,,mcb_nnknn,500,4734,15901,4734,15901,0,0,0,0,0.6001259999999999,0.6001259999999999,True,"[0.0, 1.0]","[0.30006301403045654, 0.6999369859695435]","[223, 277]",0.0,0.0021346835419535637,0.021759288385510445
31649,914,79.0,79,,mcb_nnknn,500,4734,15901,4734,15901,0,0,0,0,0.5991253333333333,0.5991253333333333,True,"[1.0, 0.0]","[0.7004373073577881, 0.2995626628398895]","[223, 277]",0.0,0.0021346835419535637,0.021759288385510445
31808,915,159.0,159,,mcb_nnknn,500,4734,15901,4734,15901,0,0,0,0,0.5971113333333333,0.5971113333333333,True,"[0.0, 1.0]","[0.2985556721687317, 0.7014443278312683]","[223, 277]",0.0,0.0021346835419535637,0.021759288385510445
31847,916,39.0,39,125.2945556640625,mcb_nnknn,500,4751,16166,4751,16166,0,0,0,0,0.5966173333333333,0.5966173333333333,True,"[0.0, 1.0]","[0.29830867052078247, 0.7016913294792175]","[224, 276]",0.0,0.0021479337010532618,0.022259235382080078
32003,917,156.0,156,,mcb_nnknn,500,4751,16166,4751,16166,0,0,0,0,0.5946413333333334,0.5946413333333334,True,"[0.6969212889671326, 0.3030787408351898]","[0.5798237323760986, 0.42017626762390137]","[224, 276]",0.0,0.0021479337010532618,0.022259235382080078
32032,918,29.0,29,,mcb_nnknn,500,4751,16166,4751,16166,0,0,0,0,0.594274,0.594274,True,"[1.0, 0.0]","[0.7028629779815674, 0.29713699221611023]","[224, 276]",0.0,0.0021479337010532618,0.022259235382080078
32062,919,30.0,30,,mcb_nnknn,500,4751,16166,4751,16166,0,0,0,0,0.5938939999999999,0.5938939999999999,True,"[1.0, 0.0]","[0.7030529975891113, 0.29694700241088867]","[224, 276]",0.0,0.0021479337010532618,0.022259235382080078
32185,920,123.0,123,110.60955810546875,mcb_nnknn,500,4765,16387,4765,16387,0,0,0,0,0.592336,0.592336,True,"[1.0, 0.0]","[0.7038320302963257, 0.2961679995059967]","[220, 280]",0.0,0.0021747390273958445,0.021759262308478355
32294,921,109.0,109,,mcb_nnknn,500,4765,16387,4765,16387,0,0,0,0,0.5909553333333333,0.5909553333333333,True,"[0.0, 1.0]","[0.29547765851020813, 0.7045223712921143]","[220, 280]",0.0,0.0021747390273958445,0.021759262308478355
32540,922,246.0,246,,mcb_nnknn,500,4765,16387,4765,16387,0,0,0,0,0.5878393333333334,0.5878393333333334,True,"[1.0, 0.0]","[0.7060803174972534, 0.2939196527004242]","[220, 280]",0.0,0.0021747390273958445,0.021759262308478355
32625,923,85.0,85,,mcb_nnknn,500,4765,16387,4765,16387,0,0,0,0,0.5867626666666667,0.5867626666666667,True,"[1.0, 0.0]","[0.7066186666488647, 0.29338133335113525]","[220, 280]",0.0,0.0021747390273958445,0.021759262308478355
32715,924,90.0,90,115.16644287109375,mcb_nnknn,500,4787,16805,4787,16805,0,0,0,0,0.5856226666666666,0.5856226666666666,True,"[0.0997391864657402, 0.9002608060836792]","[0.33414098620414734, 0.6658589839935303]","[224, 276]",0.0,0.0021827691234648228,0.022259239107370377
32791,925,76.0,76,,mcb_nnknn,500,4787,16805,4787,16805,0,0,0,0,0.58466,0.58466,True,"[1.0, 0.0]","[0.7076699733734131, 0.2923299968242645]","[224, 276]",0.0,0.0021827691234648228,0.022259239107370377
32894,926,103.0,103,,mcb_nnknn,500,4787,16805,4787,16805,0,0,0,0,0.5833553333333333,0.5833553333333333,True,"[0.0, 1.0]","[0.29167765378952026, 0.7083223462104797]","[224, 276]",0.0,0.0021827691234648228,0.022259239107370377
33007,927,113.0,113,,mcb_nnknn,500,4787,16805,4787,16805,0,0,0,0,0.581924,0.581924,True,"[0.20349599421024323, 0.796504020690918]","[0.3760387897491455, 0.6239612102508545]","[224, 276]",0.0,0.0021827691234648228,0.022259239107370377
33080,928,73.0,73,103.9637680053711,mcb_nnknn,500,4808,17058,4808,17058,0,0,0,0,0.5809993333333333,0.5809993333333333,True,"[1.0, 0.0]","[0.7095003128051758, 0.29049965739250183]","[224, 276]",0.0,0.002170914551243186,0.021759340539574623
33269,929,189.0,189,,mcb_nnknn,500,4808,17058,4808,17058,0,0,0,0,0.5786053333333333,0.5786053333333333,True,"[1.0, 0.0]","[0.7106972932815552, 0.28930267691612244]","[224, 276]",0.0,0.002170914551243186,0.021759340539574623
33429,930,160.0,160,,mcb_nnknn,500,4808,17058,4808,17058,0,0,0,0,0.5765786666666667,0.5765786666666667,True,"[1.0, 0.0]","[0.7117106914520264, 0.288289338350296]","[224, 276]",0.0,0.002170914551243186,0.021759340539574623
33535,931,106.0,106,,mcb_nnknn,500,4808,17058,4808,17058,0,0,0,0,0.575236,0.575236,True,"[0.899147629737854, 0.1008523553609848]","[0.6695435047149658, 0.3304564654827118]","[224, 276]",0.0,0.002170914551243186,0.021759340539574623
33547,932,12.0,12,117.6248550415039,mcb_nnknn,500,4820,17432,4820,17432,0,0,0,0,0.5750839999999999,0.5750839999999999,True,"[0.5007218718528748, 0.49927809834480286]","[0.5003067255020142, 0.49969327449798584]","[226, 274]",0.0,0.002189918886870146,0.022259309887886047
33563,933,16.0,16,,mcb_nnknn,500,4820,17432,4820,17432,0,0,0,0,0.5748813333333334,0.5748813333333334,True,"[1.0, 0.0]","[0.7125593423843384, 0.2874406576156616]","[226, 274]",0.0,0.002189918886870146,0.022259309887886047
33575,934,12.0,12,,mcb_nnknn,500,4820,17432,4820,17432,0,0,0,0,0.5747293333333333,0.5747293333333333,True,"[1.0, 0.0]","[0.712635338306427, 0.287364661693573]","[226, 274]",0.0,0.002189918886870146,0.022259309887886047
33695,935,120.0,120,,mcb_nnknn,500,4820,17432,4820,17432,0,0,0,0,0.5732093333333333,0.5732093333333333,True,"[0.5018417835235596, 0.49815821647644043]","[0.5007860660552979, 0.49921393394470215]","[226, 274]",0.0,0.002189918886870146,0.022259309887886047
33727,936,32.0,32,153.98854064941406,mcb_nnknn,500,4836,17518,4836,17518,0,0,0,0,0.572804,0.572804,True,"[0.09983628988265991, 0.9001637101173401]","[0.3290516436100006, 0.6709483861923218]","[226, 274]",0.0,0.0021803828421980143,0.02175934985280037
33864,937,137.0,137,,mcb_nnknn,500,4836,17518,4836,17518,0,0,0,0,0.5710686666666667,0.5710686666666667,True,"[0.09993879497051239, 0.9000612497329712]","[0.32840120792388916, 0.6715987920761108]","[226, 274]",0.0,0.0021803828421980143,0.02175934985280037
33882,938,18.0,18,,mcb_nnknn,500,4836,17518,4836,17518,0,0,0,0,0.5708406666666667,0.5708406666666667,True,"[1.0, 0.0]","[0.714579701423645, 0.28542032837867737]","[226, 274]",0.0,0.0021803828421980143,0.02175934985280037
33957,939,75.0,75,,mcb_nnknn,500,4836,17518,4836,17518,0,0,0,0,0.5698906666666667,0.5698906666666667,True,"[0.09942483901977539, 0.9005752205848694]","[0.327708899974823, 0.6722911596298218]","[226, 274]",0.0,0.0021803828421980143,0.02175934985280037
33985,940,28.0,28,153.08941650390625,mcb_nnknn,500,4848,17674,4848,17674,0,0,0,0,0.569536,0.569536,True,"[0.0, 1.0]","[0.2847679853439331, 0.7152320146560669]","[230, 270]",0.0,0.0021959831938147545,0.022259315475821495
34099,941,114.0,114,,mcb_nnknn,500,4848,17674,4848,17674,0,0,0,0,0.568092,0.568092,True,"[0.09951861947774887, 0.9004814028739929]","[0.32702887058258057, 0.6729711294174194]","[230, 270]",0.0,0.0021959831938147545,0.022259315475821495
34144,942,45.0,45,,mcb_nnknn,500,4848,17674,4848,17674,0,0,0,0,0.567522,0.567522,True,"[0.19955933094024658, 0.8004406690597534]","[0.3700660169124603, 0.6299339532852173]","[230, 270]",0.0,0.0021959831938147545,0.022259315475821495
34167,943,23.0,23,,mcb_nnknn,500,4848,17674,4848,17674,0,0,0,0,0.5672306666666667,0.5672306666666667,True,"[0.0, 1.0]","[0.2836153209209442, 0.7163846492767334]","[230, 270]",0.0,0.0021959831938147545,0.022259315475821495
34187,944,20.0,20,163.54974365234375,mcb_nnknn,500,4856,17777,4856,17777,0,0,0,0,0.5669773333333333,0.5669773333333333,True,"[0.0, 1.0]","[0.2834886610507965, 0.7165113687515259]","[229, 271]",0.0,0.0022504315711557865,0.022759301587939262
34254,945,67.0,67,,mcb_nnknn,500,4856,17777,4856,17777,0,0,0,0,0.5661286666666667,0.5661286666666667,True,"[0.0, 1.0]","[0.2830643355846405, 0.7169356346130371]","[229, 271]",0.0,0.0022504315711557865,0.022759301587939262
34386,946,132.0,132,,mcb_nnknn,500,4856,17777,4856,17777,0,0,0,0,0.5644566666666666,0.5644566666666666,True,"[1.0, 0.0]","[0.7177716493606567, 0.2822283208370209]","[229, 271]",0.0,0.0022504315711557865,0.022759301587939262
34452,947,66.0,66,,mcb_nnknn,500,4856,17777,4856,17777,0,0,0,0,0.5636206666666667,0.5636206666666667,True,"[0.5015762448310852, 0.4984237849712372]","[0.500687837600708, 0.499312162399292]","[229, 271]",0.0,0.0022504315711557865,0.022759301587939262
34517,948,65.0,65,109.37651062011719,mcb_nnknn,500,4870,17989,4870,17989,0,0,0,0,0.5627973333333334,0.5627973333333334,True,"[1.0, 0.0]","[0.7186013460159302, 0.2813986539840698]","[225, 275]",0.0,0.0022424522321671247,0.022259369492530823
34536,949,19.0,19,,mcb_nnknn,500,4870,17989,4870,17989,0,0,0,0,0.5625566666666666,0.5625566666666666,True,"[1.0, 0.0]","[0.7187216281890869, 0.2812783420085907]","[225, 275]",0.0,0.0022424522321671247,0.022259369492530823
34612,950,76.0,76,,mcb_nnknn,500,4870,17989,4870,17989,0,0,0,0,0.5615939999999999,0.5615939999999999,True,"[0.0, 1.0]","[0.28079700469970703, 0.719202995300293]","[225, 275]",0.0,0.0022424522321671247,0.022259369492530823
34722,951,110.0,110,,mcb_nnknn,500,4870,17989,4870,17989,0,0,0,0,0.5602006666666667,0.5602006666666667,True,"[1.0, 0.0]","[0.7198996543884277, 0.28010034561157227]","[225, 275]",0.0,0.0022424522321671247,0.022259369492530823
34804,952,82.0,82,110.55303192138672,mcb_nnknn,500,4881,18166,4881,18166,0,0,0,0,0.5591619999999999,0.5591619999999999,True,"[1.0, 0.0]","[0.7204189896583557, 0.2795810103416443]","[229, 271]",0.0,0.0022635909263044596,0.022759288549423218
34856,953,52.0,52,,mcb_nnknn,500,4881,18166,4881,18166,0,0,0,0,0.5585033333333334,0.5585033333333334,True,"[0.19960662722587585, 0.8003934025764465]","[0.3673773407936096, 0.6326227188110352]","[229, 271]",0.0,0.0022635909263044596,0.022759288549423218
34874,954,18.0,18,,mcb_nnknn,500,4881,18166,4881,18166,0,0,0,0,0.5582753333333333,0.5582753333333333,True,"[0.10011179745197296, 0.8998882174491882]","[0.32335951924324036, 0.676640510559082]","[229, 271]",0.0,0.0022635909263044596,0.022759288549423218
35006,955,132.0,132,,mcb_nnknn,500,4881,18166,4881,18166,0,0,0,0,0.5566033333333333,0.5566033333333333,True,"[0.19998958706855774, 0.8000104427337646]","[0.36697638034820557, 0.6330236196517944]","[229, 271]",0.0,0.0022635909263044596,0.022759288549423218
35089,956,83.0,83,139.43971252441406,mcb_nnknn,500,4889,18348,4889,18348,0,0,0,0,0.555552,0.555552,True,"[1.0, 0.0]","[0.7222239971160889, 0.27777600288391113]","[225, 275]",0.0,0.0022789824288338423,0.02325918711721897
35222,957,133.0,133,,mcb_nnknn,500,4889,18348,4889,18348,0,0,0,0,0.5538673333333333,0.5538673333333333,True,"[0.0, 1.0]","[0.2769336700439453, 0.7230663299560547]","[225, 275]",0.0,0.0022789824288338423,0.02325918711721897
35319,958,97.0,97,,mcb_nnknn,500,4889,18348,4889,18348,0,0,0,0,0.5526386666666667,0.5526386666666667,True,"[0.0994475856423378, 0.9005524516105652]","[0.3208083212375641, 0.6791917085647583]","[225, 275]",0.0,0.0022789824288338423,0.02325918711721897
35425,959,106.0,106,,mcb_nnknn,500,4889,18348,4889,18348,0,0,0,0,0.551296,0.551296,True,"[1.0, 0.0]","[0.7243520021438599, 0.27564799785614014]","[225, 275]",0.0,0.0022789824288338423,0.02325918711721897
35514,960,89.0,89,106.18696594238281,mcb_nnknn,500,4895,18667,4895,18667,0,0,0,0,0.5501686666666666,0.5501686666666666,True,"[0.0, 1.0]","[0.27508434653282166, 0.724915623664856]","[225, 275]",0.0,0.0022916102316230536,0.023759163916110992
35675,961,161.0,161,,mcb_nnknn,500,4895,18667,4895,18667,0,0,0,0,0.5481293333333332,0.5481293333333332,True,"[0.701961874961853, 0.2980380952358246]","[0.5912606716156006, 0.4087393283843994]","[225, 275]",0.0,0.0022916102316230536,0.023759163916110992
35709,962,34.0,34,,mcb_nnknn,500,4895,18667,4895,18667,0,0,0,0,0.5476986666666667,0.5476986666666667,True,"[1.0, 0.0]","[0.726150631904602, 0.27384933829307556]","[225, 275]",0.0,0.0022916102316230536,0.023759163916110992
35743,963,34.0,34,,mcb_nnknn,500,4895,18667,4895,18667,0,0,0,0,0.547268,0.547268,True,"[1.0, 0.0]","[0.7263660430908203, 0.2736339867115021]","[225, 275]",0.0,0.0022916102316230536,0.023759163916110992
35823,964,80.0,80,135.56906127929688,mcb_nnknn,500,4906,18865,4906,18865,0,0,0,0,0.5462546666666667,0.5462546666666667,True,"[0.0, 1.0]","[0.27312734723091125, 0.7268726825714111]","[229, 271]",0.0,0.0022830553352832794,0.023259181529283524
35872,965,49.0,49,,mcb_nnknn,500,4906,18865,4906,18865,0,0,0,0,0.545634,0.545634,True,"[0.0, 1.0]","[0.2728169858455658, 0.7271829843521118]","[229, 271]",0.0,0.0022830553352832794,0.023259181529283524
36045,966,173.0,173,,mcb_nnknn,500,4906,18865,4906,18865,0,0,0,0,0.5434426666666667,0.5434426666666667,True,"[1.0, 0.0]","[0.728278636932373, 0.27172133326530457]","[229, 271]",0.0,0.0022830553352832794,0.023259181529283524
36054,967,9.0,9,,mcb_nnknn,500,4906,18865,4906,18865,0,0,0,0,0.5433286666666667,0.5433286666666667,True,"[1.0, 0.0]","[0.7283356785774231, 0.2716643214225769]","[229, 271]",0.0,0.0022830553352832794,0.023259181529283524
36107,968,53.0,53,117.9227294921875,mcb_nnknn,500,4910,19056,4910,19056,0,0,0,0,0.5426573333333333,0.5426573333333333,True,"[1.0, 0.0]","[0.7286713123321533, 0.2713286578655243]","[227, 273]",0.0,0.002284278394654393,0.023759108036756516
36306,969,199.0,199,,mcb_nnknn,500,4910,19056,4910,19056,0,0,0,0,0.5401366666666667,0.5401366666666667,True,"[0.0, 1.0]","[0.27006834745407104, 0.729931652545929]","[227, 273]",0.0,0.002284278394654393,0.023759108036756516
36433,970,127.0,127,,mcb_nnknn,500,4910,19056,4910,19056,0,0,0,0,0.538528,0.538528,True,"[1.0, 0.0]","[0.7307360172271729, 0.26926401257514954]","[227, 273]",0.0,0.002284278394654393,0.023759108036756516
36598,971,165.0,165,,mcb_nnknn,500,4910,19056,4910,19056,0,0,0,0,0.536438,0.536438,True,"[0.1963244378566742, 0.8036755323410034]","[0.3592275381088257, 0.6407724618911743]","[227, 273]",0.0,0.002284278394654393,0.023759108036756516
36645,972,47.0,47,118.50677490234375,mcb_nnknn,500,4929,19473,4929,19473,0,0,0,0,0.5358426666666667,0.5358426666666667,True,"[0.1020146906375885, 0.8979853391647339]","[0.3152722120285034, 0.6847277879714966]","[229, 271]",0.0,0.002248021075502038,0.02425909973680973
36686,973,41.0,41,,mcb_nnknn,500,4929,19473,4929,19473,0,0,0,0,0.5353233333333334,0.5353233333333334,True,"[0.19953012466430664, 0.8004699349403381]","[0.3603786528110504, 0.639621376991272]","[229, 271]",0.0,0.002248021075502038,0.02425909973680973
36776,974,90.0,90,,mcb_nnknn,500,4929,19473,4929,19473,0,0,0,0,0.5341833333333333,0.5341833333333333,True,"[0.0, 1.0]","[0.26709166169166565, 0.7329083681106567]","[229, 271]",0.0,0.002248021075502038,0.02425909973680973
36886,975,110.0,110,,mcb_nnknn,500,4929,19473,4929,19473,0,0,0,0,0.53279,0.53279,True,"[0.19661372900009155, 0.8033862709999084]","[0.35825490951538086, 0.6417450904846191]","[229, 271]",0.0,0.002248021075502038,0.02425909973680973
36933,976,47.0,47,147.37109375,mcb_nnknn,500,4943,19646,4943,19646,0,0,0,0,0.5321946666666666,0.5321946666666666,True,"[0.09982817620038986, 0.9001718163490295]","[0.312797486782074, 0.687202513217926]","[228, 272]",0.0,0.0022135318722575903,0.024759089574217796
37071,977,138.0,138,,mcb_nnknn,500,4943,19646,4943,19646,0,0,0,0,0.5304466666666667,0.5304466666666667,True,"[1.0, 0.0]","[0.7347766757011414, 0.26522332429885864]","[228, 272]",0.0,0.0022135318722575903,0.024759089574217796
37129,978,58.0,58,,mcb_nnknn,500,4943,19646,4943,19646,0,0,0,0,0.529712,0.529712,True,"[0.3012463450431824, 0.6987536549568176]","[0.4065285325050354, 0.5934714674949646]","[228, 272]",0.0,0.0022135318722575903,0.024759089574217796
37145,979,16.0,16,,mcb_nnknn,500,4943,19646,4943,19646,0,0,0,0,0.5295093333333334,0.5295093333333334,True,"[1.0, 0.0]","[0.7352453470230103, 0.26475465297698975]","[228, 272]",0.0,0.0022135318722575903,0.024759089574217796
37231,980,86.0,86,131.9865264892578,mcb_nnknn,500,4957,19835,4957,19835,0,0,0,0,0.52842,0.52842,True,"[0.19925153255462646, 0.8007484674453735]","[0.3581730127334595, 0.6418269872665405]","[233, 267]",0.0,0.002195344539359212,0.025258982554078102
37321,981,90.0,90,,mcb_nnknn,500,4957,19835,4957,19835,0,0,0,0,0.52728,0.52728,True,"[0.0, 1.0]","[0.26363998651504517, 0.7363600134849548]","[233, 267]",0.0,0.002195344539359212,0.025258982554078102
37351,982,30.0,30,,mcb_nnknn,500,4957,19835,4957,19835,0,0,0,0,0.5268999999999999,0.5268999999999999,True,"[1.0, 0.0]","[0.736549973487854, 0.2634499967098236]","[233, 267]",0.0,0.002195344539359212,0.025258982554078102
37384,983,33.0,33,,mcb_nnknn,500,4957,19835,4957,19835,0,0,0,0,0.526482,0.526482,True,"[0.19930683076381683, 0.800693154335022]","[0.3576163649559021, 0.6423836350440979]","[233, 267]",0.0,0.002195344539359212,0.025258982554078102
37442,984,58.0,58,149.92721557617188,mcb_nnknn,500,4973,19916,4973,19916,0,0,0,0,0.5257473333333333,0.5257473333333333,True,"[0.19716507196426392, 0.8028349280357361]","[0.35637974739074707, 0.6436202526092529]","[229, 271]",0.0,0.002189523307606578,0.02575897052884102
37643,985,201.0,201,,mcb_nnknn,500,4973,19916,4973,19916,0,0,0,0,0.5232013333333334,0.5232013333333334,True,"[0.8032931089401245, 0.19670695066452026]","[0.6446097493171692, 0.3553902804851532]","[229, 271]",0.0,0.002189523307606578,0.02575897052884102
37729,986,86.0,86,,mcb_nnknn,500,4973,19916,4973,19916,0,0,0,0,0.522112,0.522112,True,"[0.19675126671791077, 0.8032487630844116]","[0.35508108139038086, 0.6449189186096191]","[229, 271]",0.0,0.002189523307606578,0.02575897052884102
37829,987,100.0,100,,mcb_nnknn,500,4973,19916,4973,19916,0,0,0,0,0.5208453333333334,0.5208453333333334,True,"[0.09935343265533447, 0.9006465673446655]","[0.30802834033966064, 0.6919716596603394]","[229, 271]",0.0,0.002189523307606578,0.02575897052884102
37939,988,110.0,110,116.77517700195312,mcb_nnknn,500,4992,20290,4992,20290,0,0,0,0,0.519452,0.519452,True,"[1.0, 0.0]","[0.7402740120887756, 0.25972598791122437]","[232, 268]",0.0,0.0022058484610170126,0.02525898441672325
37953,989,14.0,14,,mcb_nnknn,500,4992,20290,4992,20290,0,0,0,0,0.5192746666666667,0.5192746666666667,True,"[1.0, 0.0]","[0.7403626441955566, 0.25963732600212097]","[232, 268]",0.0,0.0022058484610170126,0.02525898441672325
38078,990,125.0,125,,mcb_nnknn,500,4992,20290,4992,20290,0,0,0,0,0.5176913333333333,0.5176913333333333,True,"[1.0, 0.0]","[0.7411543130874634, 0.25884565711021423]","[232, 268]",0.0,0.0022058484610170126,0.02525898441672325
38285,991,207.0,207,,mcb_nnknn,500,4992,20290,4992,20290,0,0,0,0,0.5150693333333334,0.5150693333333334,True,"[0.20049171149730682, 0.7995083332061768]","[0.35475924611091614, 0.6452407836914062]","[232, 268]",0.0,0.0022058484610170126,0.02525898441672325
38350,992,65.0,65,110.08905029296875,mcb_nnknn,500,5005,20595,5005,20595,0,0,0,0,0.514246,0.514246,True,"[0.09925739467144012, 0.9007425904273987]","[0.30533766746520996, 0.69466233253479]","[240, 260]",0.0,0.0021915973629802465,0.02575897052884102
38414,993,64.0,64,,mcb_nnknn,500,5005,20595,5005,20595,0,0,0,0,0.5134353333333334,0.5134353333333334,True,"[0.0, 1.0]","[0.25671765208244324, 0.7432823181152344]","[240, 260]",0.0,0.0021915973629802465,0.02575897052884102
38535,994,121.0,121,,mcb_nnknn,500,5005,20595,5005,20595,0,0,0,0,0.5119026666666666,0.5119026666666666,True,"[0.5009827613830566, 0.49901726841926575]","[0.5004796981811523, 0.49952033162117004]","[240, 260]",0.0,0.0021915973629802465,0.02575897052884102
38626,995,91.0,91,,mcb_nnknn,500,5005,20595,5005,20595,0,0,0,0,0.51075,0.51075,True,"[1.0, 0.0]","[0.7446249723434448, 0.2553749978542328]","[240, 260]",0.0,0.0021915973629802465,0.02575897052884102
38833,996,207.0,207,123.71857452392578,mcb_nnknn,500,5021,20961,5021,20961,0,0,0,0,0.5081279999999999,0.5081279999999999,True,"[1.0, 0.0]","[0.7459360361099243, 0.25406399369239807]","[238, 262]",0.0,0.002177489222958684,0.02525900863111019
38855,997,22.0,22,,mcb_nnknn,500,5021,20961,5021,20961,0,0,0,0,0.5078493333333334,0.5078493333333334,True,"[0.1995019018650055, 0.8004981279373169]","[0.3521096706390381, 0.6478903293609619]","[238, 262]",0.0,0.002177489222958684,0.02525900863111019
38949,998,94.0,94,,mcb_nnknn,500,5021,20961,5021,20961,0,0,0,0,0.5066586666666666,0.5066586666666666,True,"[0.0, 1.0]","[0.253329336643219, 0.746670663356781]","[238, 262]",0.0,0.002177489222958684,0.02525900863111019
39043,999,94.0,94,,mcb_nnknn,500,5021,20961,5021,20961,0,0,0,0,0.505468,0.505468,True,"[1.0, 0.0]","[0.7472659945487976, 0.2527340054512024]","[238, 262]",0.0,0.002177489222958684,0.02525900863111019
39166,1000,123.0,123,149.975830078125,mcb_nnknn,500,5031,21182,5031,21182,0,0,0,0,0.50391,0.50391,True,"[0.0, 1.0]","[0.2519550025463104, 0.7480449676513672]","[240, 260]",0.0,0.0021638195030391216,0.024759359657764435
39360,1001,194.0,194,,mcb_nnknn,500,5031,21182,5031,21182,0,0,0,0,0.5014526666666667,0.5014526666666667,True,"[0.0, 1.0]","[0.2507263422012329, 0.7492736577987671]","[240, 260]",0.0,0.0021638195030391216,0.024759359657764435
39399,1002,39.0,39,,mcb_nnknn,500,5031,21182,5031,21182,0,0,0,0,0.5009586666666667,0.5009586666666667,True,"[0.6997117400169373, 0.30028828978538513]","[0.5996644496917725, 0.4003356099128723]","[240, 260]",0.0,0.0021638195030391216,0.024759359657764435
39559,1003,160.0,160,,mcb_nnknn,500,5031,21182,5031,21182,0,0,0,0,0.49893200000000004,0.49893200000000004,True,"[1.0, 0.0]","[0.7505339980125427, 0.24946600198745728]","[240, 260]",0.0,0.0021638195030391216,0.024759359657764435
39571,1004,12.0,12,123.79487609863281,mcb_nnknn,500,5044,21488,5044,21488,0,0,0,0,0.49878,0.49878,True,"[1.0, 0.0]","[0.7506099939346313, 0.24939000606536865]","[238, 262]",0.0,0.0021663776133209467,0.024259375408291817
39669,1005,98.0,98,,mcb_nnknn,500,5044,21488,5044,21488,0,0,0,0,0.4975386666666667,0.4975386666666667,True,"[1.0, 0.0]","[0.7512306571006775, 0.24876932799816132]","[238, 262]",0.0,0.0021663776133209467,0.024259375408291817
39695,1006,26.0,26,,mcb_nnknn,500,5044,21488,5044,21488,0,0,0,0,0.4972093333333333,0.4972093333333333,True,"[1.0, 0.0]","[0.7513953447341919, 0.2486046701669693]","[238, 262]",0.0,0.0021663776133209467,0.024259375408291817
39943,1007,248.0,248,,mcb_nnknn,500,5044,21488,5044,21488,0,0,0,0,0.49406799999999995,0.49406799999999995,True,"[0.39791804552078247, 0.6020820140838623]","[0.44835346937179565, 0.5516465306282043]","[238, 262]",0.0,0.0021663776133209467,0.024259375408291817
40096,1008,153.0,153,130.83560180664062,mcb_nnknn,500,5066,21888,5066,21888,0,0,0,0,0.49212999999999996,0.49212999999999996,True,"[0.0, 1.0]","[0.24606500566005707, 0.7539349794387817]","[228, 272]",0.0,0.002205553464591503,0.024759244173765182
40239,1009,143.0,143,,mcb_nnknn,500,5066,21888,5066,21888,0,0,0,0,0.4903186666666667,0.4903186666666667,True,"[1.0, 0.0]","[0.7548406720161438, 0.2451593279838562]","[228, 272]",0.0,0.002205553464591503,0.024759244173765182
40554,1010,315.0,315,,mcb_nnknn,500,5066,21888,5066,21888,0,0,0,0,0.48632866666666663,0.48632866666666663,True,"[0.5027711391448975, 0.4972288906574249]","[0.5014234781265259, 0.4985765516757965]","[228, 272]",0.0,0.002205553464591503,0.024759244173765182
40764,1011,210.0,210,,mcb_nnknn,500,5066,21888,5066,21888,0,0,0,0,0.48366866666666664,0.48366866666666664,True,"[0.1985379457473755, 0.8014620542526245]","[0.34434568881988525, 0.6556543111801147]","[228, 272]",0.0,0.002205553464591503,0.024759244173765182
40822,1012,58.0,58,107.79228973388672,mcb_nnknn,500,5080,22503,5080,22503,0,0,0,0,0.482934,0.482934,True,"[0.10039543360471725, 0.8996046185493469]","[0.2933780550956726, 0.7066220045089722]","[228, 272]",0.0,0.0022013101261109114,0.02425934374332428
40897,1013,75.0,75,,mcb_nnknn,500,5080,22503,5080,22503,0,0,0,0,0.48198399999999997,0.48198399999999997,True,"[0.1986621916294098, 0.8013377785682678]","[0.3439021706581116, 0.6560977697372437]","[228, 272]",0.0,0.0022013101261109114,0.02425934374332428
40993,1014,96.0,96,,mcb_nnknn,500,5080,22503,5080,22503,0,0,0,0,0.480768,0.480768,True,"[0.10043260455131531, 0.8995674252510071]","[0.292531818151474, 0.7074682116508484]","[228, 272]",0.0,0.0022013101261109114,0.02425934374332428
41038,1015,45.0,45,,mcb_nnknn,500,5080,22503,5080,22503,0,0,0,0,0.480198,0.480198,True,"[1.0, 0.0]","[0.7599009871482849, 0.2400989979505539]","[228, 272]",0.0,0.0022013101261109114,0.02425934374332428
41217,1016,179.0,179,132.67922973632812,mcb_nnknn,500,5108,22755,5108,22755,0,0,0,0,0.4779306666666666,0.4779306666666666,True,"[0.8927092552185059, 0.10729077458381653]","[0.7050215005874634, 0.2949785590171814]","[233, 267]",0.0,0.0022177770733833313,0.023759543895721436
41420,1017,203.0,203,,mcb_nnknn,500,5108,22755,5108,22755,0,0,0,0,0.47535933333333336,0.47535933333333336,True,"[1.0, 0.0]","[0.762320339679718, 0.23767966032028198]","[233, 267]",0.0,0.0022177770733833313,0.023759543895721436
41535,1018,115.0,115,,mcb_nnknn,500,5108,22755,5108,22755,0,0,0,0,0.4739026666666667,0.4739026666666667,True,"[0.1015448197722435, 0.8984552025794983]","[0.2903738021850586, 0.7096261978149414]","[233, 267]",0.0,0.0022177770733833313,0.023759543895721436
41670,1019,135.0,135,,mcb_nnknn,500,5108,22755,5108,22755,0,0,0,0,0.4721926666666667,0.4721926666666667,True,"[0.40388596057891846, 0.5961140394210815]","[0.4492703080177307, 0.5507296919822693]","[233, 267]",0.0,0.0022177770733833313,0.023759543895721436
41797,1020,127.0,127,120.30767822265625,mcb_nnknn,500,5133,23210,5133,23210,0,0,0,0,0.470584,0.470584,True,"[1.0, 0.0]","[0.7647079825401306, 0.2352920025587082]","[236, 264]",0.0,0.0022334614768624306,0.023259559646248817
41968,1021,171.0,171,,mcb_nnknn,500,5133,23210,5133,23210,0,0,0,0,0.468418,0.468418,True,"[0.9020722508430481, 0.09792773425579071]","[0.7137343883514404, 0.28626561164855957]","[236, 264]",0.0,0.0022334614768624306,0.023259559646248817
42035,1022,67.0,67,,mcb_nnknn,500,5133,23210,5133,23210,0,0,0,0,0.4675693333333333,0.4675693333333333,True,"[0.0999663695693016, 0.9000336527824402]","[0.2870098352432251, 0.7129901647567749]","[236, 264]",0.0,0.0022334614768624306,0.023259559646248817
42226,1023,191.0,191,,mcb_nnknn,500,5133,23210,5133,23210,0,0,0,0,0.46514999999999995,0.46514999999999995,True,"[0.9012352228164673, 0.0987648144364357]","[0.714600682258606, 0.28539934754371643]","[236, 264]",0.0,0.0022334614768624306,0.023259559646248817
42345,1024,119.0,119,118.83316802978516,mcb_nnknn,500,5145,23642,5145,23642,0,0,0,0,0.46364266666666665,0.46364266666666665,True,"[0.10346613824367523, 0.8965339064598083]","[0.28731614351272583, 0.712683916091919]","[241, 259]",0.0,0.0022487055975943804,0.022759903222322464
42519,1025,174.0,174,,mcb_nnknn,500,5145,23642,5145,23642,0,0,0,0,0.46143866666666666,0.46143866666666666,True,"[0.10336048156023026, 0.8966395258903503]","[0.28638529777526855, 0.7136147022247314]","[241, 259]",0.0,0.0022487055975943804,0.022759903222322464
42637,1026,118.0,118,,mcb_nnknn,500,5145,23642,5145,23642,0,0,0,0,0.459944,0.459944,True,"[0.0, 1.0]","[0.2299720048904419, 0.7700279951095581]","[241, 259]",0.0,0.0022487055975943804,0.022759903222322464
42838,1027,201.0,201,,mcb_nnknn,500,5145,23642,5145,23642,0,0,0,0,0.45739799999999997,0.45739799999999997,True,"[1.0, 0.0]","[0.7713010311126709, 0.2286989986896515]","[241, 259]",0.0,0.0022487055975943804,0.022759903222322464
42959,1028,121.0,121,121.95393371582031,mcb_nnknn,500,5154,24135,5154,24135,0,0,0,0,0.45586533333333334,0.45586533333333334,True,"[0.10011507570743561, 0.8998849391937256]","[0.282408744096756, 0.7175912857055664]","[239, 261]",0.0,0.0022700924891978502,0.023259848356246948
43127,1029,168.0,168,,mcb_nnknn,500,5154,24135,5154,24135,0,0,0,0,0.4537373333333333,0.4537373333333333,True,"[0.30778759717941284, 0.6922124028205872]","[0.39500153064727783, 0.6049984693527222]","[239, 261]",0.0,0.0022700924891978502,0.023259848356246948
43265,1030,138.0,138,,mcb_nnknn,500,5154,24135,5154,24135,0,0,0,0,0.45198933333333335,0.45198933333333335,True,"[1.0, 0.0]","[0.7740053534507751, 0.22599466145038605]","[239, 261]",0.0,0.0022700924891978502,0.023259848356246948
43305,1031,40.0,40,,mcb_nnknn,500,5154,24135,5154,24135,0,0,0,0,0.4514826666666667,0.4514826666666667,True,"[0.09919270873069763, 0.9008073210716248]","[0.28015023469924927, 0.7198497653007507]","[239, 261]",0.0,0.0022700924891978502,0.023259848356246948
43491,1032,186.0,186,126.37178039550781,mcb_nnknn,500,5173,24536,5173,24536,0,0,0,0,0.4491266666666667,0.4491266666666667,True,"[0.097816601395607, 0.9021834135055542]","[0.2784478962421417, 0.7215521335601807]","[237, 263]",0.0,0.0022940514609217644,0.023759836331009865
43599,1033,108.0,108,,mcb_nnknn,500,5173,24536,5173,24536,0,0,0,0,0.44775866666666664,0.44775866666666664,True,"[0.09954077750444412, 0.9004592299461365]","[0.27884986996650696, 0.7211501598358154]","[237, 263]",0.0,0.0022940514609217644,0.023759836331009865
43635,1034,36.0,36,,mcb_nnknn,500,5173,24536,5173,24536,0,0,0,0,0.4473026666666666,0.4473026666666666,True,"[0.5016314387321472, 0.4983685612678528]","[0.5009016990661621, 0.4990983009338379]","[237, 263]",0.0,0.0022940514609217644,0.023759836331009865
43879,1035,244.0,244,,mcb_nnknn,500,5173,24536,5173,24536,0,0,0,0,0.44421199999999994,0.44421199999999994,True,"[0.40445804595947266, 0.5955419540405273]","[0.4468989372253418, 0.5531010627746582]","[237, 263]",0.0,0.0022940514609217644,0.023759836331009865
44058,1036,179.0,179,120.95867156982422,mcb_nnknn,500,5177,24989,5177,24989,0,0,0,0,0.44194466666666665,0.44194466666666665,True,"[0.40166112780570984, 0.5983388423919678]","[0.4451214671134949, 0.5548784732818604]","[233, 267]",0.0,0.0022758080158382654,0.02326028421521187
44231,1037,173.0,173,,mcb_nnknn,500,5177,24989,5177,24989,0,0,0,0,0.43975333333333333,0.43975333333333333,True,"[1.0, 0.0]","[0.7801233530044556, 0.21987666189670563]","[233, 267]",0.0,0.0022758080158382654,0.02326028421521187
44451,1038,220.0,220,,mcb_nnknn,500,5177,24989,5177,24989,0,0,0,0,0.4369666666666666,0.4369666666666666,True,"[0.5000443458557129, 0.4999556541442871]","[0.5000249743461609, 0.4999750256538391]","[233, 267]",0.0,0.0022758080158382654,0.02326028421521187
44641,1039,190.0,190,,mcb_nnknn,500,5177,24989,5177,24989,0,0,0,0,0.43455999999999995,0.43455999999999995,True,"[0.3994036018848419, 0.6005963683128357]","[0.44311875104904175, 0.5568811893463135]","[233, 267]",0.0,0.0022758080158382654,0.02326028421521187
44672,1040,31.0,31,119.61883544921875,mcb_nnknn,500,5183,25482,5183,25482,0,0,0,0,0.43416733333333335,0.43416733333333335,True,"[0.39964425563812256, 0.6003558039665222]","[0.44321542978286743, 0.5567846298217773]","[233, 267]",0.0,0.002261304296553135,0.02376018650829792
44771,1041,99.0,99,,mcb_nnknn,500,5183,25482,5183,25482,0,0,0,0,0.43291333333333337,0.43291333333333337,True,"[0.09955587238073349, 0.9004441499710083]","[0.27291348576545715, 0.7270865440368652]","[233, 267]",0.0,0.002261304296553135,0.02376018650829792
44917,1042,146.0,146,,mcb_nnknn,500,5183,25482,5183,25482,0,0,0,0,0.431064,0.431064,True,"[0.0, 1.0]","[0.21553200483322144, 0.7844679951667786]","[233, 267]",0.0,0.002261304296553135,0.02376018650829792
45086,1043,169.0,169,,mcb_nnknn,500,5183,25482,5183,25482,0,0,0,0,0.4289233333333333,0.4289233333333333,True,"[0.0, 1.0]","[0.21446166932582855, 0.7855383157730103]","[233, 267]",0.0,0.002261304296553135,0.02376018650829792
45223,1044,137.0,137,119.7728500366211,mcb_nnknn,500,5188,25913,5188,25913,0,0,0,0,0.427188,0.427188,True,"[0.0, 1.0]","[0.2135940045118332, 0.7864059805870056]","[234, 266]",0.0,0.002257731044664979,0.0232602097094059
45330,1045,107.0,107,,mcb_nnknn,500,5188,25913,5188,25913,0,0,0,0,0.42583266666666664,0.42583266666666664,True,"[1.0, 0.0]","[0.7870836853981018, 0.2129163295030594]","[234, 266]",0.0,0.002257731044664979,0.0232602097094059
45467,1046,137.0,137,,mcb_nnknn,500,5188,25913,5188,25913,0,0,0,0,0.4240973333333333,0.4240973333333333,True,"[0.0, 1.0]","[0.21204866468906403, 0.7879513502120972]","[234, 266]",0.0,0.002257731044664979,0.0232602097094059
45713,1047,246.0,246,,mcb_nnknn,500,5188,25913,5188,25913,0,0,0,0,0.4209813333333333,0.4209813333333333,True,"[1.0, 0.0]","[0.7895092964172363, 0.21049067378044128]","[234, 266]",0.0,0.002257731044664979,0.0232602097094059
45880,1048,167.0,167,112.73348236083984,mcb_nnknn,500,5191,26463,5191,26463,0,0,0,0,0.41886599999999996,0.41886599999999996,True,"[0.599506139755249, 0.40049391984939575]","[0.5578263998031616, 0.4421736001968384]","[230, 270]",0.0,0.002243487164378166,0.02276022732257843
46025,1049,145.0,145,,mcb_nnknn,500,5191,26463,5191,26463,0,0,0,0,0.41702933333333336,0.41702933333333336,True,"[0.0, 1.0]","[0.20851466059684753, 0.7914853096008301]","[230, 270]",0.0,0.002243487164378166,0.02276022732257843
46203,1050,178.0,178,,mcb_nnknn,500,5191,26463,5191,26463,0,0,0,0,0.4147746666666666,0.4147746666666666,True,"[0.0, 1.0]","[0.20738732814788818, 0.7926126718521118]","[230, 270]",0.0,0.002243487164378166,0.02276022732257843
46307,1051,104.0,104,,mcb_nnknn,500,5191,26463,5191,26463,0,0,0,0,0.41345733333333334,0.41345733333333334,True,"[0.0, 1.0]","[0.20672866702079773, 0.7932713031768799]","[230, 270]",0.0,0.002243487164378166,0.02276022732257843
46465,1052,158.0,158,120.02893829345703,mcb_nnknn,500,5197,26929,5197,26929,0,0,0,0,0.41145600000000004,0.41145600000000004,True,"[1.0, 0.0]","[0.7942720055580139, 0.20572799444198608]","[230, 270]",0.0,0.0022195561323314905,0.023260213434696198
46694,1053,229.0,229,,mcb_nnknn,500,5197,26929,5197,26929,0,0,0,0,0.4085553333333334,0.4085553333333334,True,"[0.0, 1.0]","[0.2042776644229889, 0.7957223653793335]","[230, 270]",0.0,0.0022195561323314905,0.023260213434696198
46852,1054,158.0,158,,mcb_nnknn,500,5197,26929,5197,26929,0,0,0,0,0.40655399999999997,0.40655399999999997,True,"[0.0, 1.0]","[0.20327700674533844, 0.7967230081558228]","[230, 270]",0.0,0.0022195561323314905,0.023260213434696198
47052,1055,200.0,200,,mcb_nnknn,500,5197,26929,5197,26929,0,0,0,0,0.4040206666666667,0.4040206666666667,True,"[1.0, 0.0]","[0.7979896664619446, 0.20201033353805542]","[230, 270]",0.0,0.0022195561323314905,0.023260213434696198
47260,1056,208.0,208,107.86090850830078,mcb_nnknn,500,5199,27617,5199,27617,0,0,0,0,0.401386,0.401386,True,"[0.0, 1.0]","[0.20069299638271332, 0.7993069887161255]","[228, 272]",0.0,0.0022017124574631453,0.02376018464565277
47451,1057,191.0,191,,mcb_nnknn,500,5199,27617,5199,27617,0,0,0,0,0.3989666666666667,0.3989666666666667,True,"[1.0, 0.0]","[0.800516664981842, 0.19948333501815796]","[228, 272]",0.0,0.0022017124574631453,0.02376018464565277
47645,1058,194.0,194,,mcb_nnknn,500,5199,27617,5199,27617,0,0,0,0,0.3965093333333334,0.3965093333333334,True,"[0.10025078058242798, 0.899749219417572]","[0.258755087852478, 0.741244912147522]","[228, 272]",0.0,0.0022017124574631453,0.02376018464565277
47724,1059,79.0,79,,mcb_nnknn,500,5199,27617,5199,27617,0,0,0,0,0.3955086666666666,0.3955086666666666,True,"[1.0, 0.0]","[0.8022456765174866, 0.19775433838367462]","[228, 272]",0.0,0.0022017124574631453,0.02376018464565277
47904,1060,180.0,180,112.5660400390625,mcb_nnknn,500,5200,28136,5200,28136,0,0,0,0,0.39322866666666667,0.39322866666666667,True,"[1.0, 0.0]","[0.8033856749534607, 0.1966143399477005]","[230, 270]",0.0,0.0022175984922796488,0.02426009066402912
48172,1061,268.0,268,,mcb_nnknn,500,5200,28136,5200,28136,0,0,0,0,0.389834,0.389834,True,"[1.0, 0.0]","[0.8050830364227295, 0.1949169933795929]","[230, 270]",0.0,0.0022175984922796488,0.02426009066402912
48296,1062,124.0,124,,mcb_nnknn,500,5200,28136,5200,28136,0,0,0,0,0.3882633333333333,0.3882633333333333,True,"[1.0, 0.0]","[0.8058683276176453, 0.19413167238235474]","[230, 270]",0.0,0.0022175984922796488,0.02426009066402912
48441,1063,145.0,145,,mcb_nnknn,500,5200,28136,5200,28136,0,0,0,0,0.3864266666666667,0.3864266666666667,True,"[0.0, 1.0]","[0.1932133287191391, 0.8067866563796997]","[230, 270]",0.0,0.0022175984922796488,0.02426009066402912
48528,1064,87.0,87,120.86685180664062,mcb_nnknn,500,5201,28629,5201,28629,0,0,0,0,0.38532466666666665,0.38532466666666665,True,"[1.0, 0.0]","[0.8073376417160034, 0.1926623284816742]","[228, 272]",0.0,0.002233712701126933,0.023764409124851227
48641,1065,113.0,113,,mcb_nnknn,500,5201,28629,5201,28629,0,0,0,0,0.3838933333333333,0.3838933333333333,True,"[1.0, 0.0]","[0.8080533146858215, 0.19194667041301727]","[228, 272]",0.0,0.002233712701126933,0.023764409124851227
48808,1066,167.0,167,,mcb_nnknn,500,5201,28629,5201,28629,0,0,0,0,0.38177799999999995,0.38177799999999995,True,"[1.0, 0.0]","[0.8091109991073608, 0.19088900089263916]","[228, 272]",0.0,0.002233712701126933,0.023764409124851227
48844,1067,36.0,36,,mcb_nnknn,500,5201,28629,5201,28629,0,0,0,0,0.38132199999999994,0.38132199999999994,True,"[1.0, 0.0]","[0.8093389868736267, 0.1906609982252121]","[228, 272]",0.0,0.002233712701126933,0.023764409124851227
49060,1068,216.0,216,147.09872436523438,mcb_nnknn,500,5206,29028,5206,29028,0,0,0,0,0.378586,0.378586,True,"[0.09853380918502808, 0.9014662504196167]","[0.25052329897880554, 0.7494767904281616]","[231, 269]",0.0,0.0022106324322521687,0.023264706134796143
49354,1069,294.0,294,,mcb_nnknn,500,5206,29028,5206,29028,0,0,0,0,0.37486200000000003,0.37486200000000003,True,"[1.0, 0.0]","[0.8125690221786499, 0.1874309927225113]","[231, 269]",0.0,0.0022106324322521687,0.023264706134796143
49433,1070,79.0,79,,mcb_nnknn,500,5206,29028,5206,29028,0,0,0,0,0.3738613333333334,0.3738613333333334,True,"[0.2014293223619461, 0.7985706925392151]","[0.3130533695220947, 0.68694669008255]","[231, 269]",0.0,0.0022106324322521687,0.023264706134796143
49458,1071,25.0,25,,mcb_nnknn,500,5206,29028,5206,29028,0,0,0,0,0.37354466666666664,0.37354466666666664,True,"[1.0, 0.0]","[0.813227653503418, 0.18677233159542084]","[231, 269]",0.0,0.0022106324322521687,0.023264706134796143
49595,1072,137.0,137,138.77740478515625,mcb_nnknn,500,5216,29431,5216,29431,0,0,0,0,0.3718093333333333,0.3718093333333333,True,"[1.0, 0.0]","[0.8140953183174133, 0.18590466678142548]","[232, 268]",0.0,0.002204757183790207,0.02276475541293621
49748,1073,153.0,153,,mcb_nnknn,500,5216,29431,5216,29431,0,0,0,0,0.36987133333333333,0.36987133333333333,True,"[1.0, 0.0]","[0.8150643110275269, 0.18493567407131195]","[232, 268]",0.0,0.002204757183790207,0.02276475541293621
50032,1074,284.0,284,,mcb_nnknn,500,5216,29431,5216,29431,0,0,0,0,0.366274,0.366274,True,"[0.299622118473053, 0.700377881526947]","[0.3730153441429138, 0.626984715461731]","[232, 268]",0.0,0.002204757183790207,0.02276475541293621
50171,1075,139.0,139,,mcb_nnknn,500,5216,29431,5216,29431,0,0,0,0,0.36451333333333336,0.36451333333333336,True,"[0.0, 1.0]","[0.18225666880607605, 0.8177433013916016]","[232, 268]",0.0,0.002204757183790207,0.02276475541293621
50352,1076,181.0,181,120.65987396240234,mcb_nnknn,500,5219,30059,5219,30059,0,0,0,0,0.36222066666666664,0.36222066666666664,True,"[0.10035303980112076, 0.8996469378471375]","[0.24511343240737915, 0.7548865675926208]","[236, 264]",0.0,0.0021924686152487993,0.022264834493398666
50540,1077,188.0,188,,mcb_nnknn,500,5219,30059,5219,30059,0,0,0,0,0.3598393333333333,0.3598393333333333,True,"[0.6003714203834534, 0.39962854981422424]","[0.5642538070678711, 0.43574613332748413]","[236, 264]",0.0,0.0021924686152487993,0.022264834493398666
50755,1078,215.0,215,,mcb_nnknn,500,5219,30059,5219,30059,0,0,0,0,0.357116,0.357116,True,"[0.7010942101478577, 0.29890578985214233]","[0.6292802691459656, 0.3707197606563568]","[236, 264]",0.0,0.0021924686152487993,0.022264834493398666
50925,1079,170.0,170,,mcb_nnknn,500,5219,30059,5219,30059,0,0,0,0,0.35496266666666665,0.35496266666666665,True,"[1.0, 0.0]","[0.8225186467170715, 0.17748133838176727]","[236, 264]",0.0,0.0021924686152487993,0.022264834493398666
51240,1080,315.0,315,91.10884857177734,mcb_nnknn,500,5222,30826,5222,30826,0,0,0,0,0.3509726666666667,0.3509726666666667,True,"[0.8009445667266846, 0.19905544817447662]","[0.695321261882782, 0.304678738117218]","[237, 263]",0.0,0.002183065051212907,0.022764645516872406
51491,1081,251.0,251,,mcb_nnknn,500,5222,30826,5222,30826,0,0,0,0,0.3477933333333333,0.3477933333333333,True,"[0.0, 1.0]","[0.1738966703414917, 0.8261033296585083]","[237, 263]",0.0,0.002183065051212907,0.022764645516872406
51707,1082,216.0,216,,mcb_nnknn,500,5222,30826,5222,30826,0,0,0,0,0.3450573333333333,0.3450573333333333,True,"[1.0, 0.0]","[0.8274713158607483, 0.17252866923809052]","[237, 263]",0.0,0.002183065051212907,0.022764645516872406
51904,1083,197.0,197,,mcb_nnknn,500,5222,30826,5222,30826,0,0,0,0,0.34256200000000003,0.34256200000000003,True,"[1.0, 0.0]","[0.8287190198898315, 0.17128099501132965]","[237, 263]",0.0,0.002183065051212907,0.022764645516872406
52030,1084,126.0,126,113.326416015625,mcb_nnknn,500,5222,31485,5222,31485,0,0,0,0,0.340966,0.340966,True,"[1.0, 0.0]","[0.8295170068740845, 0.17048299312591553]","[237, 263]",0.0,0.0021813649218529463,0.022268712520599365
52385,1085,355.0,355,,mcb_nnknn,500,5222,31485,5222,31485,0,0,0,0,0.3364693333333333,0.3364693333333333,True,"[1.0, 0.0]","[0.831765353679657, 0.1682346612215042]","[237, 263]",0.0,0.0021813649218529463,0.022268712520599365
52609,1086,224.0,224,,mcb_nnknn,500,5222,31485,5222,31485,0,0,0,0,0.33363200000000004,0.33363200000000004,True,"[1.0, 0.0]","[0.833184003829956, 0.16681599617004395]","[237, 263]",0.0,0.0021813649218529463,0.022268712520599365
52826,1087,217.0,217,,mcb_nnknn,500,5222,31485,5222,31485,0,0,0,0,0.3308833333333333,0.3308833333333333,True,"[0.8032484650611877, 0.19675156474113464]","[0.7029086351394653, 0.29709142446517944]","[237, 263]",0.0,0.0021813649218529463,0.022268712520599365
53032,1088,206.0,206,88.05033111572266,mcb_nnknn,500,5226,32364,5226,32364,0,0,0,0,0.32827399999999995,0.32827399999999995,True,"[0.8006469011306763, 0.19935312867164612]","[0.701952338218689, 0.29804766178131104]","[236, 264]",0.0,0.0021523069590330124,0.021768799051642418
53279,1089,247.0,247,,mcb_nnknn,500,5226,32364,5226,32364,0,0,0,0,0.3251453333333333,0.3251453333333333,True,"[1.0, 0.0]","[0.8374273180961609, 0.16257266700267792]","[236, 264]",0.0,0.0021523069590330124,0.021768799051642418
53548,1090,269.0,269,,mcb_nnknn,500,5226,32364,5226,32364,0,0,0,0,0.32173799999999997,0.32173799999999997,True,"[0.5017760396003723, 0.4982239603996277]","[0.5012046098709106, 0.49879539012908936]","[236, 264]",0.0,0.0021523069590330124,0.021768799051642418
53770,1091,222.0,222,,mcb_nnknn,500,5226,32364,5226,32364,0,0,0,0,0.31892600000000004,0.31892600000000004,True,"[0.7007120847702026, 0.29928791522979736]","[0.6366997957229614, 0.36330023407936096]","[236, 264]",0.0,0.0021523069590330124,0.021768799051642418
53979,1092,209.0,209,90.56632995605469,mcb_nnknn,500,5231,33184,5231,33184,0,0,0,0,0.3162786666666667,0.3162786666666667,True,"[1.0, 0.0]","[0.8418606519699097, 0.15813933312892914]","[236, 264]",0.0,0.002179522067308426,0.0222680252045393
54107,1093,128.0,128,,mcb_nnknn,500,5231,33184,5231,33184,0,0,0,0,0.31465733333333334,0.31465733333333334,True,"[1.0, 0.0]","[0.8426713347434998, 0.15732866525650024]","[236, 264]",0.0,0.002179522067308426,0.0222680252045393
54381,1094,274.0,274,,mcb_nnknn,500,5231,33184,5231,33184,0,0,0,0,0.3111866666666666,0.3111866666666666,True,"[1.0, 0.0]","[0.8444066643714905, 0.15559333562850952]","[236, 264]",0.0,0.002179522067308426,0.0222680252045393
54808,1095,427.0,427,,mcb_nnknn,500,5231,33184,5231,33184,0,0,0,0,0.305778,0.305778,True,"[0.10051827132701874, 0.8994817733764648]","[0.2226710021495819, 0.7773290276527405]","[236, 264]",0.0,0.002179522067308426,0.0222680252045393
54995,1096,187.0,187,99.57074737548828,mcb_nnknn,500,5232,34070,5232,34070,0,0,0,0,0.3034093333333333,0.3034093333333333,True,"[1.0, 0.0]","[0.8482953310012817, 0.15170466899871826]","[235, 265]",0.0,0.0021366323344409466,0.021768074482679367
55365,1097,370.0,370,,mcb_nnknn,500,5232,34070,5232,34070,0,0,0,0,0.2987226666666667,0.2987226666666667,True,"[0.3009949326515198, 0.6990050673484802]","[0.36044228076934814, 0.6395577788352966]","[235, 265]",0.0,0.0021366323344409466,0.021768074482679367
55676,1098,311.0,311,,mcb_nnknn,500,5232,34070,5232,34070,0,0,0,0,0.2947833333333333,0.2947833333333333,True,"[1.0, 0.0]","[0.852608323097229, 0.1473916620016098]","[235, 265]",0.0,0.0021366323344409466,0.021768074482679367
55973,1099,297.0,297,,mcb_nnknn,500,5232,34070,5232,34070,0,0,0,0,0.29102133333333335,0.29102133333333335,True,"[0.10002589225769043, 0.8999741673469543]","[0.21642689406871796, 0.7835731506347656]","[235, 265]",0.0,0.0021366323344409466,0.021768074482679367
56108,1100,135.0,135,106.75402069091797,mcb_nnknn,500,5238,35060,5238,35060,0,0,0,0,0.28931133333333336,0.28931133333333336,True,"[1.0, 0.0]","[0.8553443551063538, 0.14465565979480743]","[235, 265]",0.0,0.002155509078875184,0.02126813493669033
