Starting Table 1 5-fold sweep
Datasets: ['califonia_housing', 'diabets', 'abalone', 'body_fat', 'airfoil', 'car', 'student_performance', 'yacht', 'energy_efficiency', 'bike_sharing', 'wine']
[NN-CDH-AGG] Epoch    1 train_loss=1.307666 val_loss=0.700550
[NN-CDH-AGG] Epoch    2 train_loss=0.633542 val_loss=0.590796
[NN-CDH-AGG] Epoch    3 train_loss=0.570147 val_loss=0.548565
[NN-CDH-AGG] Epoch    4 train_loss=0.537873 val_loss=0.525812
[NN-CDH-AGG] Epoch    5 train_loss=0.521002 val_loss=0.513200
[NN-CDH-AGG] Epoch    6 train_loss=0.512506 val_loss=0.507029
[NN-CDH-AGG] Epoch    7 train_loss=0.507651 val_loss=0.502067
[NN-CDH-AGG] Epoch    8 train_loss=0.504054 val_loss=0.499254
[NN-CDH-AGG] Epoch    9 train_loss=0.501185 val_loss=0.496411
[NN-CDH-AGG] Epoch   10 train_loss=0.498853 val_loss=0.494638
[NN-CDH-AGG] Epoch   11 train_loss=0.496791 val_loss=0.492040
[NN-CDH-AGG] Epoch   12 train_loss=0.494470 val_loss=0.490066
[NN-CDH-AGG] Epoch   13 train_loss=0.492235 val_loss=0.487481
[NN-CDH-AGG] Epoch   14 train_loss=0.489326 val_loss=0.484908
[NN-CDH-AGG] Epoch   15 train_loss=0.486167 val_loss=0.482137
[NN-CDH-AGG] Epoch   16 train_loss=0.483001 val_loss=0.478304
[NN-CDH-AGG] Epoch   17 train_loss=0.479331 val_loss=0.474416
[NN-CDH-AGG] Epoch   18 train_loss=0.475440 val_loss=0.470205
[NN-CDH-AGG] Epoch   19 train_loss=0.470961 val_loss=0.466286
[NN-CDH-AGG] Epoch   20 train_loss=0.466088 val_loss=0.461782
[NN-CDH-AGG] Epoch   21 train_loss=0.461340 val_loss=0.456121
[NN-CDH-AGG] Epoch   22 train_loss=0.456562 val_loss=0.453238
[NN-CDH-AGG] Epoch   23 train_loss=0.451958 val_loss=0.445931
[NN-CDH-AGG] Epoch   24 train_loss=0.447907 val_loss=0.441169
[NN-CDH-AGG] Epoch   25 train_loss=0.444243 val_loss=0.438885
[NN-CDH-AGG] Epoch   26 train_loss=0.441047 val_loss=0.435983
[NN-CDH-AGG] Epoch   27 train_loss=0.438284 val_loss=0.432326
[NN-CDH-AGG] Epoch   28 train_loss=0.436238 val_loss=0.430896
[NN-CDH-AGG] Epoch   29 train_loss=0.434237 val_loss=0.428907
[NN-CDH-AGG] Epoch   30 train_loss=0.432779 val_loss=0.428612
[NN-CDH-AGG] Epoch   31 train_loss=0.431334 val_loss=0.427436
[NN-CDH-AGG] Epoch   32 train_loss=0.430346 val_loss=0.427780
[NN-CDH-AGG] Epoch   33 train_loss=0.429197 val_loss=0.425293
[NN-CDH-AGG] Epoch   34 train_loss=0.428416 val_loss=0.423484
[NN-CDH-AGG] Epoch   35 train_loss=0.427498 val_loss=0.423397
[NN-CDH-AGG] Epoch   36 train_loss=0.426598 val_loss=0.420995
[NN-CDH-AGG] Epoch   37 train_loss=0.425916 val_loss=0.422702
[NN-CDH-AGG] Epoch   38 train_loss=0.425101 val_loss=0.420942
[NN-CDH-AGG] Epoch   39 train_loss=0.424377 val_loss=0.419577
[NN-CDH-AGG] Epoch   40 train_loss=0.423492 val_loss=0.419226
[NN-CDH-AGG] Epoch   41 train_loss=0.423069 val_loss=0.417829
[NN-CDH-AGG] Epoch   42 train_loss=0.422273 val_loss=0.417878
[NN-CDH-AGG] Epoch   43 train_loss=0.421620 val_loss=0.417393
[NN-CDH-AGG] Epoch   44 train_loss=0.420904 val_loss=0.415745
[NN-CDH-AGG] Epoch   45 train_loss=0.420248 val_loss=0.415234
[NN-CDH-AGG] Epoch   46 train_loss=0.419434 val_loss=0.415516
[NN-CDH-AGG] Epoch   47 train_loss=0.418600 val_loss=0.415106
[NN-CDH-AGG] Epoch   48 train_loss=0.417938 val_loss=0.414307
[NN-CDH-AGG] Epoch   49 train_loss=0.417116 val_loss=0.414779
[NN-CDH-AGG] Epoch   50 train_loss=0.416410 val_loss=0.415119
[NN-CDH-AGG] Epoch   51 train_loss=0.415822 val_loss=0.412802
[NN-CDH-AGG] Epoch   52 train_loss=0.415234 val_loss=0.412577
[NN-CDH-AGG] Epoch   53 train_loss=0.414494 val_loss=0.412845
[NN-CDH-AGG] Epoch   54 train_loss=0.413835 val_loss=0.411841
[NN-CDH-AGG] Epoch   55 train_loss=0.413399 val_loss=0.410989
[NN-CDH-AGG] Epoch   56 train_loss=0.412680 val_loss=0.411047
[NN-CDH-AGG] Epoch   57 train_loss=0.412284 val_loss=0.409077
[NN-CDH-AGG] Epoch   58 train_loss=0.411592 val_loss=0.409243
[NN-CDH-AGG] Epoch   59 train_loss=0.411099 val_loss=0.408396
[NN-CDH-AGG] Epoch   60 train_loss=0.410575 val_loss=0.408822
[NN-CDH-AGG] Epoch   61 train_loss=0.410019 val_loss=0.407801
[NN-CDH-AGG] Epoch   62 train_loss=0.409478 val_loss=0.407619
[NN-CDH-AGG] Epoch   63 train_loss=0.409048 val_loss=0.406501
[NN-CDH-AGG] Epoch   64 train_loss=0.408682 val_loss=0.405632
[NN-CDH-AGG] Epoch   65 train_loss=0.408143 val_loss=0.406671
[NN-CDH-AGG] Epoch   66 train_loss=0.407845 val_loss=0.405056
[NN-CDH-AGG] Epoch   67 train_loss=0.407488 val_loss=0.404889
[NN-CDH-AGG] Epoch   68 train_loss=0.407125 val_loss=0.405044
[NN-CDH-AGG] Epoch   69 train_loss=0.406855 val_loss=0.404697
[NN-CDH-AGG] Epoch   70 train_loss=0.406589 val_loss=0.404194
[NN-CDH-AGG] Epoch   71 train_loss=0.406116 val_loss=0.403960
[NN-CDH-AGG] Epoch   72 train_loss=0.405926 val_loss=0.404192
[NN-CDH-AGG] Epoch   73 train_loss=0.405548 val_loss=0.402905
[NN-CDH-AGG] Epoch   74 train_loss=0.405338 val_loss=0.402370
[NN-CDH-AGG] Epoch   75 train_loss=0.404976 val_loss=0.402512
[NN-CDH-AGG] Epoch   76 train_loss=0.404784 val_loss=0.402439
[NN-CDH-AGG] Epoch   77 train_loss=0.404536 val_loss=0.401608
[NN-CDH-AGG] Epoch   78 train_loss=0.404350 val_loss=0.400737
[NN-CDH-AGG] Epoch   79 train_loss=0.403951 val_loss=0.400733
[NN-CDH-AGG] Epoch   80 train_loss=0.403797 val_loss=0.400433
[NN-CDH-AGG] Epoch   81 train_loss=0.403678 val_loss=0.400080
[NN-CDH-AGG] Epoch   82 train_loss=0.403432 val_loss=0.399980
[NN-CDH-AGG] Epoch   83 train_loss=0.403178 val_loss=0.400653
[NN-CDH-AGG] Epoch   84 train_loss=0.403019 val_loss=0.399070
[NN-CDH-AGG] Epoch   85 train_loss=0.402707 val_loss=0.400502
[NN-CDH-AGG] Epoch   86 train_loss=0.402578 val_loss=0.398915
[NN-CDH-AGG] Epoch   87 train_loss=0.402185 val_loss=0.400177
[NN-CDH-AGG] Epoch   88 train_loss=0.402208 val_loss=0.398706
[NN-CDH-AGG] Epoch   89 train_loss=0.401917 val_loss=0.397681
[NN-CDH-AGG] Epoch   90 train_loss=0.401695 val_loss=0.397890
[NN-CDH-AGG] Epoch   91 train_loss=0.401559 val_loss=0.397841
[NN-CDH-AGG] Epoch   92 train_loss=0.401453 val_loss=0.397456
[NN-CDH-AGG] Epoch   93 train_loss=0.401141 val_loss=0.398219
[NN-CDH-AGG] Epoch   94 train_loss=0.400869 val_loss=0.397070
[NN-CDH-AGG] Epoch   95 train_loss=0.400705 val_loss=0.397228
[NN-CDH-AGG] Epoch   96 train_loss=0.400572 val_loss=0.397589
[NN-CDH-AGG] Epoch   97 train_loss=0.400417 val_loss=0.396718
[NN-CDH-AGG] Epoch   98 train_loss=0.400438 val_loss=0.396646
[NN-CDH-AGG] Epoch   99 train_loss=0.400198 val_loss=0.396705
[NN-CDH-AGG] Epoch  100 train_loss=0.400016 val_loss=0.395530
[NN-CDH-AGG] Epoch  101 train_loss=0.400001 val_loss=0.395667
[NN-CDH-AGG] Epoch  102 train_loss=0.399872 val_loss=0.395967
[NN-CDH-AGG] Epoch  103 train_loss=0.399638 val_loss=0.396054
[NN-CDH-AGG] Epoch  104 train_loss=0.399508 val_loss=0.395378
[NN-CDH-AGG] Epoch  105 train_loss=0.399445 val_loss=0.396033
[NN-CDH-AGG] Epoch  106 train_loss=0.399270 val_loss=0.395384
[NN-CDH-AGG] Epoch  107 train_loss=0.399142 val_loss=0.395230
[NN-CDH-AGG] Epoch  108 train_loss=0.398943 val_loss=0.394891
[NN-CDH-AGG] Epoch  109 train_loss=0.398835 val_loss=0.396221
[NN-CDH-AGG] Epoch  110 train_loss=0.398740 val_loss=0.394312
[NN-CDH-AGG] Epoch  111 train_loss=0.398755 val_loss=0.395110
[NN-CDH-AGG] Epoch  112 train_loss=0.398522 val_loss=0.394106
[NN-CDH-AGG] Epoch  113 train_loss=0.398412 val_loss=0.394579
[NN-CDH-AGG] Epoch  114 train_loss=0.398309 val_loss=0.396033
[NN-CDH-AGG] Epoch  115 train_loss=0.398275 val_loss=0.394641
[NN-CDH-AGG] Epoch  116 train_loss=0.398060 val_loss=0.393790
[NN-CDH-AGG] Epoch  117 train_loss=0.398110 val_loss=0.394632
[NN-CDH-AGG] Epoch  118 train_loss=0.397987 val_loss=0.394475
[NN-CDH-AGG] Epoch  119 train_loss=0.397809 val_loss=0.393218
[NN-CDH-AGG] Epoch  120 train_loss=0.397689 val_loss=0.394007
[NN-CDH-AGG] Epoch  121 train_loss=0.397597 val_loss=0.393843
[NN-CDH-AGG] Epoch  122 train_loss=0.397402 val_loss=0.393908
[NN-CDH-AGG] Epoch  123 train_loss=0.397436 val_loss=0.392956
[NN-CDH-AGG] Epoch  124 train_loss=0.397306 val_loss=0.393619
[NN-CDH-AGG] Epoch  125 train_loss=0.397209 val_loss=0.392448
[NN-CDH-AGG] Epoch  126 train_loss=0.397137 val_loss=0.392924
[NN-CDH-AGG] Epoch  127 train_loss=0.397027 val_loss=0.393287
[NN-CDH-AGG] Epoch  128 train_loss=0.396969 val_loss=0.393388
[NN-CDH-AGG] Epoch  129 train_loss=0.396888 val_loss=0.393239
[NN-CDH-AGG] Epoch  130 train_loss=0.396851 val_loss=0.392215
[NN-CDH-AGG] Epoch  131 train_loss=0.396682 val_loss=0.392518
[NN-CDH-AGG] Epoch  132 train_loss=0.396432 val_loss=0.392331
[NN-CDH-AGG] Epoch  133 train_loss=0.396587 val_loss=0.393245
[NN-CDH-AGG] Epoch  134 train_loss=0.396318 val_loss=0.391874
[NN-CDH-AGG] Epoch  135 train_loss=0.396332 val_loss=0.391733
[NN-CDH-AGG] Epoch  136 train_loss=0.396049 val_loss=0.391820
[NN-CDH-AGG] Epoch  137 train_loss=0.395933 val_loss=0.390853
[NN-CDH-AGG] Epoch  138 train_loss=0.396028 val_loss=0.391954
[NN-CDH-AGG] Epoch  139 train_loss=0.395988 val_loss=0.391596
[NN-CDH-AGG] Epoch  140 train_loss=0.395870 val_loss=0.391295
[NN-CDH-AGG] Epoch  141 train_loss=0.395797 val_loss=0.391190
[NN-CDH-AGG] Epoch  142 train_loss=0.395685 val_loss=0.391603
[NN-CDH-AGG] Epoch  143 train_loss=0.395395 val_loss=0.391457
[NN-CDH-AGG] Epoch  144 train_loss=0.395593 val_loss=0.391745
[NN-CDH-AGG] Epoch  145 train_loss=0.395612 val_loss=0.391355
[NN-CDH-AGG] Epoch  146 train_loss=0.395312 val_loss=0.391890
[NN-CDH-AGG] Epoch  147 train_loss=0.395381 val_loss=0.391722
[NN-CDH-AGG] Early stopping triggered.
[NN-CDH-AGG] Final val_loss: 0.39172216932209886
cases trainable: False
labels trainable: False
Enforcing softmax_over_cases = True for regression task.
Number of feature extractor parameters: 0
Number of glocal weightor parameters: 1
torch.Size([1, 8])
Number of adapter parameters: 12
torch.Size([16, 16])
torch.Size([16])
torch.Size([8, 16])
torch.Size([8])
torch.Size([1, 8])
torch.Size([1])
torch.Size([16, 9])
torch.Size([16])
torch.Size([8, 16])
torch.Size([8])
torch.Size([1, 8])
torch.Size([1])
Number of case_net_params: 3
torch.Size([16512])
torch.Size([16512])
torch.Size([16512, 1])
*****************
Training started for training_epochs epochs with batch size 64

[Stage 1] Retrieval-only training for up to 7000 epochs (patience=80)
[Stage1] Epoch 1 - Val R²: 0.3287 | Reg Val Loss: 0.6580
[Stage1] New best (epoch 1) Val Loss: 0.6580 — saved: checkpoints\nnknn_regression_best_califonia_housing_softmax_fold_1_retr.pth
[Stage1] Epoch 2 - Val R²: 0.3742 | Reg Val Loss: 0.6135
[Stage1] New best (epoch 2) Val Loss: 0.6135 — saved: checkpoints\nnknn_regression_best_califonia_housing_softmax_fold_1_retr.pth
[Stage1] Epoch 3 - Val R²: 0.4111 | Reg Val Loss: 0.5773
[Stage1] New best (epoch 3) Val Loss: 0.5773 — saved: checkpoints\nnknn_regression_best_califonia_housing_softmax_fold_1_retr.pth
[Stage1] Epoch 4 - Val R²: 0.4414 | Reg Val Loss: 0.5476
[Stage1] New best (epoch 4) Val Loss: 0.5476 — saved: checkpoints\nnknn_regression_best_califonia_housing_softmax_fold_1_retr.pth
[Stage1] Epoch 5 - Val R²: 0.4626 | Reg Val Loss: 0.5268
[Stage1] New best (epoch 5) Val Loss: 0.5268 — saved: checkpoints\nnknn_regression_best_califonia_housing_softmax_fold_1_retr.pth
[Stage1] Epoch 6 - Val R²: 0.4800 | Reg Val Loss: 0.5098
[Stage1] New best (epoch 6) Val Loss: 0.5098 — saved: checkpoints\nnknn_regression_best_califonia_housing_softmax_fold_1_retr.pth
[Stage1] Epoch 7 - Val R²: 0.4942 | Reg Val Loss: 0.4959
[Stage1] New best (epoch 7) Val Loss: 0.4959 — saved: checkpoints\nnknn_regression_best_califonia_housing_softmax_fold_1_retr.pth
[Stage1] Epoch 8 - Val R²: 0.5061 | Reg Val Loss: 0.4842
[Stage1] New best (epoch 8) Val Loss: 0.4842 — saved: checkpoints\nnknn_regression_best_califonia_housing_softmax_fold_1_retr.pth
[Stage1] Epoch 9 - Val R²: 0.5160 | Reg Val Loss: 0.4745
[Stage1] New best (epoch 9) Val Loss: 0.4745 — saved: checkpoints\nnknn_regression_best_califonia_housing_softmax_fold_1_retr.pth
[Stage1] Epoch 10 - Val R²: 0.5245 | Reg Val Loss: 0.4662
[Stage1] New best (epoch 10) Val Loss: 0.4662 — saved: checkpoints\nnknn_regression_best_califonia_housing_softmax_fold_1_retr.pth
[Stage1] Epoch 11 - Val R²: 0.5316 | Reg Val Loss: 0.4593
[Stage1] New best (epoch 11) Val Loss: 0.4593 — saved: checkpoints\nnknn_regression_best_califonia_housing_softmax_fold_1_retr.pth
[Stage1] Epoch 12 - Val R²: 0.5378 | Reg Val Loss: 0.4532
[Stage1] New best (epoch 12) Val Loss: 0.4532 — saved: checkpoints\nnknn_regression_best_califonia_housing_softmax_fold_1_retr.pth
[Stage1] Epoch 13 - Val R²: 0.5429 | Reg Val Loss: 0.4482
[Stage1] New best (epoch 13) Val Loss: 0.4482 — saved: checkpoints\nnknn_regression_best_califonia_housing_softmax_fold_1_retr.pth
[Stage1] Epoch 14 - Val R²: 0.5471 | Reg Val Loss: 0.4441
[Stage1] New best (epoch 14) Val Loss: 0.4441 — saved: checkpoints\nnknn_regression_best_califonia_housing_softmax_fold_1_retr.pth
[Stage1] Epoch 15 - Val R²: 0.5507 | Reg Val Loss: 0.4406
[Stage1] New best (epoch 15) Val Loss: 0.4406 — saved: checkpoints\nnknn_regression_best_califonia_housing_softmax_fold_1_retr.pth
[Stage1] Epoch 16 - Val R²: 0.5546 | Reg Val Loss: 0.4368
[Stage1] New best (epoch 16) Val Loss: 0.4368 — saved: checkpoints\nnknn_regression_best_califonia_housing_softmax_fold_1_retr.pth
[Stage1] Epoch 17 - Val R²: 0.5579 | Reg Val Loss: 0.4335
[Stage1] New best (epoch 17) Val Loss: 0.4335 — saved: checkpoints\nnknn_regression_best_califonia_housing_softmax_fold_1_retr.pth
[Stage1] Epoch 18 - Val R²: 0.5608 | Reg Val Loss: 0.4307
[Stage1] New best (epoch 18) Val Loss: 0.4307 — saved: checkpoints\nnknn_regression_best_califonia_housing_softmax_fold_1_retr.pth
[Stage1] Epoch 19 - Val R²: 0.5633 | Reg Val Loss: 0.4282
[Stage1] New best (epoch 19) Val Loss: 0.4282 — saved: checkpoints\nnknn_regression_best_califonia_housing_softmax_fold_1_retr.pth
[Stage1] Epoch 20 - Val R²: 0.5656 | Reg Val Loss: 0.4260
[Stage1] New best (epoch 20) Val Loss: 0.4260 — saved: checkpoints\nnknn_regression_best_califonia_housing_softmax_fold_1_retr.pth
[Stage1] Epoch 21 - Val R²: 0.5677 | Reg Val Loss: 0.4240
[Stage1] New best (epoch 21) Val Loss: 0.4240 — saved: checkpoints\nnknn_regression_best_califonia_housing_softmax_fold_1_retr.pth
[Stage1] Epoch 22 - Val R²: 0.5693 | Reg Val Loss: 0.4224
[Stage1] New best (epoch 22) Val Loss: 0.4224 — saved: checkpoints\nnknn_regression_best_califonia_housing_softmax_fold_1_retr.pth
[Stage1] Epoch 23 - Val R²: 0.5711 | Reg Val Loss: 0.4206
[Stage1] New best (epoch 23) Val Loss: 0.4206 — saved: checkpoints\nnknn_regression_best_califonia_housing_softmax_fold_1_retr.pth
[Stage1] Epoch 24 - Val R²: 0.5729 | Reg Val Loss: 0.4188
[Stage1] New best (epoch 24) Val Loss: 0.4188 — saved: checkpoints\nnknn_regression_best_califonia_housing_softmax_fold_1_retr.pth
[Stage1] Epoch 25 - Val R²: 0.5743 | Reg Val Loss: 0.4175
[Stage1] New best (epoch 25) Val Loss: 0.4175 — saved: checkpoints\nnknn_regression_best_califonia_housing_softmax_fold_1_retr.pth
[Stage1] Epoch 26 - Val R²: 0.5760 | Reg Val Loss: 0.4158
[Stage1] New best (epoch 26) Val Loss: 0.4158 — saved: checkpoints\nnknn_regression_best_califonia_housing_softmax_fold_1_retr.pth
[Stage1] Epoch 27 - Val R²: 0.5773 | Reg Val Loss: 0.4145
[Stage1] New best (epoch 27) Val Loss: 0.4145 — saved: checkpoints\nnknn_regression_best_califonia_housing_softmax_fold_1_retr.pth
[Stage1] Epoch 28 - Val R²: 0.5788 | Reg Val Loss: 0.4130
[Stage1] New best (epoch 28) Val Loss: 0.4130 — saved: checkpoints\nnknn_regression_best_califonia_housing_softmax_fold_1_retr.pth
[Stage1] Epoch 29 - Val R²: 0.5802 | Reg Val Loss: 0.4117
[Stage1] New best (epoch 29) Val Loss: 0.4117 — saved: checkpoints\nnknn_regression_best_califonia_housing_softmax_fold_1_retr.pth
[Stage1] Epoch 30 - Val R²: 0.5815 | Reg Val Loss: 0.4104
[Stage1] New best (epoch 30) Val Loss: 0.4104 — saved: checkpoints\nnknn_regression_best_califonia_housing_softmax_fold_1_retr.pth
[Stage1] Epoch 31 - Val R²: 0.5827 | Reg Val Loss: 0.4092
[Stage1] New best (epoch 31) Val Loss: 0.4092 — saved: checkpoints\nnknn_regression_best_califonia_housing_softmax_fold_1_retr.pth
[Stage1] Epoch 32 - Val R²: 0.5841 | Reg Val Loss: 0.4079
[Stage1] New best (epoch 32) Val Loss: 0.4079 — saved: checkpoints\nnknn_regression_best_califonia_housing_softmax_fold_1_retr.pth
[Stage1] Epoch 33 - Val R²: 0.5852 | Reg Val Loss: 0.4067
[Stage1] New best (epoch 33) Val Loss: 0.4067 — saved: checkpoints\nnknn_regression_best_califonia_housing_softmax_fold_1_retr.pth
[Stage1] Epoch 34 - Val R²: 0.5863 | Reg Val Loss: 0.4057
[Stage1] New best (epoch 34) Val Loss: 0.4057 — saved: checkpoints\nnknn_regression_best_califonia_housing_softmax_fold_1_retr.pth
[Stage1] Epoch 35 - Val R²: 0.5875 | Reg Val Loss: 0.4045
[Stage1] New best (epoch 35) Val Loss: 0.4045 — saved: checkpoints\nnknn_regression_best_califonia_housing_softmax_fold_1_retr.pth
[Stage1] Epoch 36 - Val R²: 0.5885 | Reg Val Loss: 0.4036
[Stage1] New best (epoch 36) Val Loss: 0.4036 — saved: checkpoints\nnknn_regression_best_califonia_housing_softmax_fold_1_retr.pth
[Stage1] Epoch 37 - Val R²: 0.5895 | Reg Val Loss: 0.4025
[Stage1] New best (epoch 37) Val Loss: 0.4025 — saved: checkpoints\nnknn_regression_best_califonia_housing_softmax_fold_1_retr.pth
[Stage1] Epoch 38 - Val R²: 0.5905 | Reg Val Loss: 0.4016
[Stage1] New best (epoch 38) Val Loss: 0.4016 — saved: checkpoints\nnknn_regression_best_califonia_housing_softmax_fold_1_retr.pth
[Stage1] Epoch 39 - Val R²: 0.5915 | Reg Val Loss: 0.4005
[Stage1] New best (epoch 39) Val Loss: 0.4005 — saved: checkpoints\nnknn_regression_best_califonia_housing_softmax_fold_1_retr.pth
[Stage1] Epoch 40 - Val R²: 0.5925 | Reg Val Loss: 0.3996
[Stage1] New best (epoch 40) Val Loss: 0.3996 — saved: checkpoints\nnknn_regression_best_califonia_housing_softmax_fold_1_retr.pth
[Stage1] Epoch 41 - Val R²: 0.5934 | Reg Val Loss: 0.3987
[Stage1] New best (epoch 41) Val Loss: 0.3987 — saved: checkpoints\nnknn_regression_best_califonia_housing_softmax_fold_1_retr.pth
[Stage1] Epoch 42 - Val R²: 0.5943 | Reg Val Loss: 0.3978
[Stage1] New best (epoch 42) Val Loss: 0.3978 — saved: checkpoints\nnknn_regression_best_califonia_housing_softmax_fold_1_retr.pth
[Stage1] Epoch 43 - Val R²: 0.5953 | Reg Val Loss: 0.3969
[Stage1] New best (epoch 43) Val Loss: 0.3969 — saved: checkpoints\nnknn_regression_best_califonia_housing_softmax_fold_1_retr.pth
[Stage1] Epoch 44 - Val R²: 0.5961 | Reg Val Loss: 0.3961
[Stage1] New best (epoch 44) Val Loss: 0.3961 — saved: checkpoints\nnknn_regression_best_califonia_housing_softmax_fold_1_retr.pth
[Stage1] Epoch 45 - Val R²: 0.5969 | Reg Val Loss: 0.3953
[Stage1] New best (epoch 45) Val Loss: 0.3953 — saved: checkpoints\nnknn_regression_best_califonia_housing_softmax_fold_1_retr.pth
[Stage1] Epoch 46 - Val R²: 0.5977 | Reg Val Loss: 0.3945
[Stage1] New best (epoch 46) Val Loss: 0.3945 — saved: checkpoints\nnknn_regression_best_califonia_housing_softmax_fold_1_retr.pth
[Stage1] Epoch 47 - Val R²: 0.5985 | Reg Val Loss: 0.3937
[Stage1] New best (epoch 47) Val Loss: 0.3937 — saved: checkpoints\nnknn_regression_best_califonia_housing_softmax_fold_1_retr.pth
[Stage1] Epoch 48 - Val R²: 0.5993 | Reg Val Loss: 0.3929
[Stage1] New best (epoch 48) Val Loss: 0.3929 — saved: checkpoints\nnknn_regression_best_califonia_housing_softmax_fold_1_retr.pth
[Stage1] Epoch 49 - Val R²: 0.6001 | Reg Val Loss: 0.3922
[Stage1] New best (epoch 49) Val Loss: 0.3922 — saved: checkpoints\nnknn_regression_best_califonia_housing_softmax_fold_1_retr.pth
[Stage1] Epoch 50 - Val R²: 0.6009 | Reg Val Loss: 0.3914
[Stage1] New best (epoch 50) Val Loss: 0.3914 — saved: checkpoints\nnknn_regression_best_califonia_housing_softmax_fold_1_retr.pth
[Stage1] Epoch 51 - Val R²: 0.6016 | Reg Val Loss: 0.3907
[Stage1] New best (epoch 51) Val Loss: 0.3907 — saved: checkpoints\nnknn_regression_best_califonia_housing_softmax_fold_1_retr.pth
[Stage1] Epoch 52 - Val R²: 0.6023 | Reg Val Loss: 0.3900
[Stage1] New best (epoch 52) Val Loss: 0.3900 — saved: checkpoints\nnknn_regression_best_califonia_housing_softmax_fold_1_retr.pth
[Stage1] Epoch 53 - Val R²: 0.6030 | Reg Val Loss: 0.3893
[Stage1] New best (epoch 53) Val Loss: 0.3893 — saved: checkpoints\nnknn_regression_best_califonia_housing_softmax_fold_1_retr.pth
[Stage1] Epoch 54 - Val R²: 0.6037 | Reg Val Loss: 0.3886
[Stage1] New best (epoch 54) Val Loss: 0.3886 — saved: checkpoints\nnknn_regression_best_califonia_housing_softmax_fold_1_retr.pth
[Stage1] Epoch 55 - Val R²: 0.6043 | Reg Val Loss: 0.3880
[Stage1] New best (epoch 55) Val Loss: 0.3880 — saved: checkpoints\nnknn_regression_best_califonia_housing_softmax_fold_1_retr.pth
[Stage1] Epoch 56 - Val R²: 0.6050 | Reg Val Loss: 0.3874
[Stage1] New best (epoch 56) Val Loss: 0.3874 — saved: checkpoints\nnknn_regression_best_califonia_housing_softmax_fold_1_retr.pth
[Stage1] Epoch 57 - Val R²: 0.6057 | Reg Val Loss: 0.3867
[Stage1] New best (epoch 57) Val Loss: 0.3867 — saved: checkpoints\nnknn_regression_best_califonia_housing_softmax_fold_1_retr.pth
[Stage1] Epoch 58 - Val R²: 0.6064 | Reg Val Loss: 0.3860
[Stage1] New best (epoch 58) Val Loss: 0.3860 — saved: checkpoints\nnknn_regression_best_califonia_housing_softmax_fold_1_retr.pth
[Stage1] Epoch 59 - Val R²: 0.6070 | Reg Val Loss: 0.3854
[Stage1] New best (epoch 59) Val Loss: 0.3854 — saved: checkpoints\nnknn_regression_best_califonia_housing_softmax_fold_1_retr.pth
[Stage1] Epoch 60 - Val R²: 0.6076 | Reg Val Loss: 0.3848
[Stage1] New best (epoch 60) Val Loss: 0.3848 — saved: checkpoints\nnknn_regression_best_califonia_housing_softmax_fold_1_retr.pth
[Stage1] Epoch 61 - Val R²: 0.6082 | Reg Val Loss: 0.3842
[Stage1] New best (epoch 61) Val Loss: 0.3842 — saved: checkpoints\nnknn_regression_best_califonia_housing_softmax_fold_1_retr.pth
[Stage1] Epoch 62 - Val R²: 0.6088 | Reg Val Loss: 0.3836
[Stage1] New best (epoch 62) Val Loss: 0.3836 — saved: checkpoints\nnknn_regression_best_califonia_housing_softmax_fold_1_retr.pth
[Stage1] Epoch 63 - Val R²: 0.6094 | Reg Val Loss: 0.3830
[Stage1] New best (epoch 63) Val Loss: 0.3830 — saved: checkpoints\nnknn_regression_best_califonia_housing_softmax_fold_1_retr.pth
[Stage1] Epoch 64 - Val R²: 0.6100 | Reg Val Loss: 0.3824
[Stage1] New best (epoch 64) Val Loss: 0.3824 — saved: checkpoints\nnknn_regression_best_califonia_housing_softmax_fold_1_retr.pth
[Stage1] Epoch 65 - Val R²: 0.6107 | Reg Val Loss: 0.3818
[Stage1] New best (epoch 65) Val Loss: 0.3818 — saved: checkpoints\nnknn_regression_best_califonia_housing_softmax_fold_1_retr.pth
[Stage1] Epoch 66 - Val R²: 0.6112 | Reg Val Loss: 0.3813
[Stage1] New best (epoch 66) Val Loss: 0.3813 — saved: checkpoints\nnknn_regression_best_califonia_housing_softmax_fold_1_retr.pth
[Stage1] Epoch 67 - Val R²: 0.6118 | Reg Val Loss: 0.3807
[Stage1] New best (epoch 67) Val Loss: 0.3807 — saved: checkpoints\nnknn_regression_best_califonia_housing_softmax_fold_1_retr.pth
[Stage1] Epoch 68 - Val R²: 0.6123 | Reg Val Loss: 0.3802
[Stage1] New best (epoch 68) Val Loss: 0.3802 — saved: checkpoints\nnknn_regression_best_califonia_housing_softmax_fold_1_retr.pth
[Stage1] Epoch 69 - Val R²: 0.6128 | Reg Val Loss: 0.3797
[Stage1] New best (epoch 69) Val Loss: 0.3797 — saved: checkpoints\nnknn_regression_best_califonia_housing_softmax_fold_1_retr.pth
[Stage1] Epoch 70 - Val R²: 0.6134 | Reg Val Loss: 0.3791
[Stage1] New best (epoch 70) Val Loss: 0.3791 — saved: checkpoints\nnknn_regression_best_califonia_housing_softmax_fold_1_retr.pth
[Stage1] Epoch 71 - Val R²: 0.6140 | Reg Val Loss: 0.3786
[Stage1] New best (epoch 71) Val Loss: 0.3786 — saved: checkpoints\nnknn_regression_best_califonia_housing_softmax_fold_1_retr.pth
[Stage1] Epoch 72 - Val R²: 0.6144 | Reg Val Loss: 0.3781
[Stage1] New best (epoch 72) Val Loss: 0.3781 — saved: checkpoints\nnknn_regression_best_califonia_housing_softmax_fold_1_retr.pth
[Stage1] Epoch 73 - Val R²: 0.6149 | Reg Val Loss: 0.3776
[Stage1] New best (epoch 73) Val Loss: 0.3776 — saved: checkpoints\nnknn_regression_best_califonia_housing_softmax_fold_1_retr.pth
[Stage1] Epoch 74 - Val R²: 0.6155 | Reg Val Loss: 0.3771
[Stage1] New best (epoch 74) Val Loss: 0.3771 — saved: checkpoints\nnknn_regression_best_califonia_housing_softmax_fold_1_retr.pth
[Stage1] Epoch 75 - Val R²: 0.6160 | Reg Val Loss: 0.3766
[Stage1] New best (epoch 75) Val Loss: 0.3766 — saved: checkpoints\nnknn_regression_best_califonia_housing_softmax_fold_1_retr.pth
[Stage1] Epoch 76 - Val R²: 0.6164 | Reg Val Loss: 0.3762
[Stage1] New best (epoch 76) Val Loss: 0.3762 — saved: checkpoints\nnknn_regression_best_califonia_housing_softmax_fold_1_retr.pth
[Stage1] Epoch 77 - Val R²: 0.6168 | Reg Val Loss: 0.3758
[Stage1] New best (epoch 77) Val Loss: 0.3758 — saved: checkpoints\nnknn_regression_best_califonia_housing_softmax_fold_1_retr.pth
[Stage1] Epoch 78 - Val R²: 0.6173 | Reg Val Loss: 0.3753
[Stage1] New best (epoch 78) Val Loss: 0.3753 — saved: checkpoints\nnknn_regression_best_califonia_housing_softmax_fold_1_retr.pth
[Stage1] Epoch 79 - Val R²: 0.6178 | Reg Val Loss: 0.3748
[Stage1] New best (epoch 79) Val Loss: 0.3748 — saved: checkpoints\nnknn_regression_best_califonia_housing_softmax_fold_1_retr.pth
[Stage1] Epoch 80 - Val R²: 0.6183 | Reg Val Loss: 0.3743
[Stage1] New best (epoch 80) Val Loss: 0.3743 — saved: checkpoints\nnknn_regression_best_califonia_housing_softmax_fold_1_retr.pth
[Stage1] Epoch 81 - Val R²: 0.6187 | Reg Val Loss: 0.3739
[Stage1] New best (epoch 81) Val Loss: 0.3739 — saved: checkpoints\nnknn_regression_best_califonia_housing_softmax_fold_1_retr.pth
[Stage1] Epoch 82 - Val R²: 0.6192 | Reg Val Loss: 0.3734
[Stage1] New best (epoch 82) Val Loss: 0.3734 — saved: checkpoints\nnknn_regression_best_califonia_housing_softmax_fold_1_retr.pth
[Stage1] Epoch 83 - Val R²: 0.6197 | Reg Val Loss: 0.3730
[Stage1] New best (epoch 83) Val Loss: 0.3730 — saved: checkpoints\nnknn_regression_best_califonia_housing_softmax_fold_1_retr.pth
[Stage1] Epoch 84 - Val R²: 0.6202 | Reg Val Loss: 0.3725
[Stage1] New best (epoch 84) Val Loss: 0.3725 — saved: checkpoints\nnknn_regression_best_califonia_housing_softmax_fold_1_retr.pth
[Stage1] Epoch 85 - Val R²: 0.6206 | Reg Val Loss: 0.3721
[Stage1] New best (epoch 85) Val Loss: 0.3721 — saved: checkpoints\nnknn_regression_best_califonia_housing_softmax_fold_1_retr.pth
[Stage1] Epoch 86 - Val R²: 0.6211 | Reg Val Loss: 0.3716
[Stage1] New best (epoch 86) Val Loss: 0.3716 — saved: checkpoints\nnknn_regression_best_califonia_housing_softmax_fold_1_retr.pth
[Stage1] Epoch 87 - Val R²: 0.6215 | Reg Val Loss: 0.3711
[Stage1] New best (epoch 87) Val Loss: 0.3711 — saved: checkpoints\nnknn_regression_best_califonia_housing_softmax_fold_1_retr.pth
[Stage1] Epoch 88 - Val R²: 0.6220 | Reg Val Loss: 0.3707
[Stage1] New best (epoch 88) Val Loss: 0.3707 — saved: checkpoints\nnknn_regression_best_califonia_housing_softmax_fold_1_retr.pth
[Stage1] Epoch 89 - Val R²: 0.6224 | Reg Val Loss: 0.3703
[Stage1] New best (epoch 89) Val Loss: 0.3703 — saved: checkpoints\nnknn_regression_best_califonia_housing_softmax_fold_1_retr.pth
[Stage1] Epoch 90 - Val R²: 0.6228 | Reg Val Loss: 0.3698
[Stage1] New best (epoch 90) Val Loss: 0.3698 — saved: checkpoints\nnknn_regression_best_califonia_housing_softmax_fold_1_retr.pth
[Stage1] Epoch 91 - Val R²: 0.6232 | Reg Val Loss: 0.3695
[Stage1] New best (epoch 91) Val Loss: 0.3695 — saved: checkpoints\nnknn_regression_best_califonia_housing_softmax_fold_1_retr.pth
[Stage1] Epoch 92 - Val R²: 0.6237 | Reg Val Loss: 0.3690
[Stage1] New best (epoch 92) Val Loss: 0.3690 — saved: checkpoints\nnknn_regression_best_califonia_housing_softmax_fold_1_retr.pth
[Stage1] Epoch 93 - Val R²: 0.6241 | Reg Val Loss: 0.3686
[Stage1] New best (epoch 93) Val Loss: 0.3686 — saved: checkpoints\nnknn_regression_best_califonia_housing_softmax_fold_1_retr.pth
[Stage1] Epoch 94 - Val R²: 0.6245 | Reg Val Loss: 0.3683
[Stage1] New best (epoch 94) Val Loss: 0.3683 — saved: checkpoints\nnknn_regression_best_califonia_housing_softmax_fold_1_retr.pth
[Stage1] Epoch 95 - Val R²: 0.6249 | Reg Val Loss: 0.3678
[Stage1] New best (epoch 95) Val Loss: 0.3678 — saved: checkpoints\nnknn_regression_best_califonia_housing_softmax_fold_1_retr.pth
[Stage1] Epoch 96 - Val R²: 0.6253 | Reg Val Loss: 0.3675
[Stage1] New best (epoch 96) Val Loss: 0.3675 — saved: checkpoints\nnknn_regression_best_califonia_housing_softmax_fold_1_retr.pth
[Stage1] Epoch 97 - Val R²: 0.6257 | Reg Val Loss: 0.3670
[Stage1] New best (epoch 97) Val Loss: 0.3670 — saved: checkpoints\nnknn_regression_best_califonia_housing_softmax_fold_1_retr.pth
[Stage1] Epoch 98 - Val R²: 0.6261 | Reg Val Loss: 0.3667
[Stage1] New best (epoch 98) Val Loss: 0.3667 — saved: checkpoints\nnknn_regression_best_califonia_housing_softmax_fold_1_retr.pth
[Stage1] Epoch 99 - Val R²: 0.6265 | Reg Val Loss: 0.3663
[Stage1] New best (epoch 99) Val Loss: 0.3663 — saved: checkpoints\nnknn_regression_best_califonia_housing_softmax_fold_1_retr.pth
[Stage1] Epoch 100 - Val R²: 0.6269 | Reg Val Loss: 0.3659
[Stage1] New best (epoch 100) Val Loss: 0.3659 — saved: checkpoints\nnknn_regression_best_califonia_housing_softmax_fold_1_retr.pth
[Stage1] Epoch 101 - Val R²: 0.6272 | Reg Val Loss: 0.3656
[Stage1] New best (epoch 101) Val Loss: 0.3656 — saved: checkpoints\nnknn_regression_best_califonia_housing_softmax_fold_1_retr.pth
[Stage1] Epoch 102 - Val R²: 0.6276 | Reg Val Loss: 0.3652
[Stage1] New best (epoch 102) Val Loss: 0.3652 — saved: checkpoints\nnknn_regression_best_califonia_housing_softmax_fold_1_retr.pth
[Stage1] Epoch 103 - Val R²: 0.6279 | Reg Val Loss: 0.3649
[Stage1] New best (epoch 103) Val Loss: 0.3649 — saved: checkpoints\nnknn_regression_best_califonia_housing_softmax_fold_1_retr.pth
[Stage1] Epoch 104 - Val R²: 0.6283 | Reg Val Loss: 0.3645
[Stage1] New best (epoch 104) Val Loss: 0.3645 — saved: checkpoints\nnknn_regression_best_califonia_housing_softmax_fold_1_retr.pth
[Stage1] Epoch 105 - Val R²: 0.6287 | Reg Val Loss: 0.3641
[Stage1] New best (epoch 105) Val Loss: 0.3641 — saved: checkpoints\nnknn_regression_best_califonia_housing_softmax_fold_1_retr.pth
[Stage1] Epoch 106 - Val R²: 0.6291 | Reg Val Loss: 0.3638
[Stage1] New best (epoch 106) Val Loss: 0.3638 — saved: checkpoints\nnknn_regression_best_califonia_housing_softmax_fold_1_retr.pth
[Stage1] Epoch 107 - Val R²: 0.6294 | Reg Val Loss: 0.3635
[Stage1] New best (epoch 107) Val Loss: 0.3635 — saved: checkpoints\nnknn_regression_best_califonia_housing_softmax_fold_1_retr.pth
[Stage1] Epoch 108 - Val R²: 0.6297 | Reg Val Loss: 0.3631
[Stage1] New best (epoch 108) Val Loss: 0.3631 — saved: checkpoints\nnknn_regression_best_califonia_housing_softmax_fold_1_retr.pth
[Stage1] Epoch 109 - Val R²: 0.6301 | Reg Val Loss: 0.3628
[Stage1] New best (epoch 109) Val Loss: 0.3628 — saved: checkpoints\nnknn_regression_best_califonia_housing_softmax_fold_1_retr.pth
[Stage1] Epoch 110 - Val R²: 0.6304 | Reg Val Loss: 0.3624
[Stage1] New best (epoch 110) Val Loss: 0.3624 — saved: checkpoints\nnknn_regression_best_califonia_housing_softmax_fold_1_retr.pth
[Stage1] Epoch 111 - Val R²: 0.6308 | Reg Val Loss: 0.3621
[Stage1] New best (epoch 111) Val Loss: 0.3621 — saved: checkpoints\nnknn_regression_best_califonia_housing_softmax_fold_1_retr.pth
[Stage1] Epoch 112 - Val R²: 0.6311 | Reg Val Loss: 0.3618
[Stage1] New best (epoch 112) Val Loss: 0.3618 — saved: checkpoints\nnknn_regression_best_califonia_housing_softmax_fold_1_retr.pth
[Stage1] Epoch 113 - Val R²: 0.6314 | Reg Val Loss: 0.3614
[Stage1] New best (epoch 113) Val Loss: 0.3614 — saved: checkpoints\nnknn_regression_best_califonia_housing_softmax_fold_1_retr.pth
[Stage1] Epoch 114 - Val R²: 0.6317 | Reg Val Loss: 0.3612
[Stage1] New best (epoch 114) Val Loss: 0.3612 — saved: checkpoints\nnknn_regression_best_califonia_housing_softmax_fold_1_retr.pth
[Stage1] Epoch 115 - Val R²: 0.6320 | Reg Val Loss: 0.3609
[Stage1] New best (epoch 115) Val Loss: 0.3609 — saved: checkpoints\nnknn_regression_best_califonia_housing_softmax_fold_1_retr.pth
[Stage1] Epoch 116 - Val R²: 0.6323 | Reg Val Loss: 0.3606
[Stage1] New best (epoch 116) Val Loss: 0.3606 — saved: checkpoints\nnknn_regression_best_califonia_housing_softmax_fold_1_retr.pth
[Stage1] Epoch 117 - Val R²: 0.6326 | Reg Val Loss: 0.3603
[Stage1] New best (epoch 117) Val Loss: 0.3603 — saved: checkpoints\nnknn_regression_best_califonia_housing_softmax_fold_1_retr.pth
[Stage1] Epoch 118 - Val R²: 0.6330 | Reg Val Loss: 0.3599
[Stage1] New best (epoch 118) Val Loss: 0.3599 — saved: checkpoints\nnknn_regression_best_califonia_housing_softmax_fold_1_retr.pth
[Stage1] Epoch 119 - Val R²: 0.6332 | Reg Val Loss: 0.3597
[Stage1] New best (epoch 119) Val Loss: 0.3597 — saved: checkpoints\nnknn_regression_best_califonia_housing_softmax_fold_1_retr.pth
[Stage1] Epoch 120 - Val R²: 0.6335 | Reg Val Loss: 0.3594
[Stage1] New best (epoch 120) Val Loss: 0.3594 — saved: checkpoints\nnknn_regression_best_califonia_housing_softmax_fold_1_retr.pth
[Stage1] Epoch 121 - Val R²: 0.6338 | Reg Val Loss: 0.3591
[Stage1] New best (epoch 121) Val Loss: 0.3591 — saved: checkpoints\nnknn_regression_best_califonia_housing_softmax_fold_1_retr.pth
[Stage1] Epoch 122 - Val R²: 0.6342 | Reg Val Loss: 0.3588
[Stage1] New best (epoch 122) Val Loss: 0.3588 — saved: checkpoints\nnknn_regression_best_califonia_housing_softmax_fold_1_retr.pth
[Stage1] Epoch 123 - Val R²: 0.6344 | Reg Val Loss: 0.3585
[Stage1] New best (epoch 123) Val Loss: 0.3585 — saved: checkpoints\nnknn_regression_best_califonia_housing_softmax_fold_1_retr.pth
[Stage1] Epoch 124 - Val R²: 0.6347 | Reg Val Loss: 0.3582
[Stage1] New best (epoch 124) Val Loss: 0.3582 — saved: checkpoints\nnknn_regression_best_califonia_housing_softmax_fold_1_retr.pth
[Stage1] Epoch 125 - Val R²: 0.6350 | Reg Val Loss: 0.3579
[Stage1] New best (epoch 125) Val Loss: 0.3579 — saved: checkpoints\nnknn_regression_best_califonia_housing_softmax_fold_1_retr.pth
[Stage1] Epoch 126 - Val R²: 0.6352 | Reg Val Loss: 0.3577
[Stage1] New best (epoch 126) Val Loss: 0.3577 — saved: checkpoints\nnknn_regression_best_califonia_housing_softmax_fold_1_retr.pth
[Stage1] Epoch 127 - Val R²: 0.6355 | Reg Val Loss: 0.3574
[Stage1] New best (epoch 127) Val Loss: 0.3574 — saved: checkpoints\nnknn_regression_best_califonia_housing_softmax_fold_1_retr.pth
[Stage1] Epoch 128 - Val R²: 0.6358 | Reg Val Loss: 0.3571
[Stage1] New best (epoch 128) Val Loss: 0.3571 — saved: checkpoints\nnknn_regression_best_califonia_housing_softmax_fold_1_retr.pth
[Stage1] Epoch 129 - Val R²: 0.6360 | Reg Val Loss: 0.3569
[Stage1] New best (epoch 129) Val Loss: 0.3569 — saved: checkpoints\nnknn_regression_best_califonia_housing_softmax_fold_1_retr.pth
[Stage1] Epoch 130 - Val R²: 0.6363 | Reg Val Loss: 0.3567
[Stage1] New best (epoch 130) Val Loss: 0.3567 — saved: checkpoints\nnknn_regression_best_califonia_housing_softmax_fold_1_retr.pth
[Stage1] Epoch 131 - Val R²: 0.6366 | Reg Val Loss: 0.3564
[Stage1] New best (epoch 131) Val Loss: 0.3564 — saved: checkpoints\nnknn_regression_best_califonia_housing_softmax_fold_1_retr.pth
[Stage1] Epoch 132 - Val R²: 0.6368 | Reg Val Loss: 0.3561
[Stage1] New best (epoch 132) Val Loss: 0.3561 — saved: checkpoints\nnknn_regression_best_califonia_housing_softmax_fold_1_retr.pth
[Stage1] Epoch 133 - Val R²: 0.6371 | Reg Val Loss: 0.3559
[Stage1] New best (epoch 133) Val Loss: 0.3559 — saved: checkpoints\nnknn_regression_best_califonia_housing_softmax_fold_1_retr.pth
[Stage1] Epoch 134 - Val R²: 0.6374 | Reg Val Loss: 0.3556
[Stage1] New best (epoch 134) Val Loss: 0.3556 — saved: checkpoints\nnknn_regression_best_califonia_housing_softmax_fold_1_retr.pth
[Stage1] Epoch 135 - Val R²: 0.6377 | Reg Val Loss: 0.3553
[Stage1] New best (epoch 135) Val Loss: 0.3553 — saved: checkpoints\nnknn_regression_best_califonia_housing_softmax_fold_1_retr.pth
[Stage1] Epoch 136 - Val R²: 0.6379 | Reg Val Loss: 0.3551
[Stage1] New best (epoch 136) Val Loss: 0.3551 — saved: checkpoints\nnknn_regression_best_califonia_housing_softmax_fold_1_retr.pth
[Stage1] Epoch 137 - Val R²: 0.6382 | Reg Val Loss: 0.3548
[Stage1] New best (epoch 137) Val Loss: 0.3548 — saved: checkpoints\nnknn_regression_best_califonia_housing_softmax_fold_1_retr.pth
[Stage1] Epoch 138 - Val R²: 0.6383 | Reg Val Loss: 0.3547
[Stage1] New best (epoch 138) Val Loss: 0.3547 — saved: checkpoints\nnknn_regression_best_califonia_housing_softmax_fold_1_retr.pth
[Stage1] Epoch 139 - Val R²: 0.6386 | Reg Val Loss: 0.3544
[Stage1] New best (epoch 139) Val Loss: 0.3544 — saved: checkpoints\nnknn_regression_best_califonia_housing_softmax_fold_1_retr.pth
[Stage1] Epoch 140 - Val R²: 0.6389 | Reg Val Loss: 0.3541
[Stage1] New best (epoch 140) Val Loss: 0.3541 — saved: checkpoints\nnknn_regression_best_califonia_housing_softmax_fold_1_retr.pth
[Stage1] Epoch 141 - Val R²: 0.6391 | Reg Val Loss: 0.3539
[Stage1] New best (epoch 141) Val Loss: 0.3539 — saved: checkpoints\nnknn_regression_best_califonia_housing_softmax_fold_1_retr.pth
[Stage1] Epoch 142 - Val R²: 0.6393 | Reg Val Loss: 0.3537
[Stage1] New best (epoch 142) Val Loss: 0.3537 — saved: checkpoints\nnknn_regression_best_califonia_housing_softmax_fold_1_retr.pth
[Stage1] Epoch 143 - Val R²: 0.6396 | Reg Val Loss: 0.3535
[Stage1] New best (epoch 143) Val Loss: 0.3535 — saved: checkpoints\nnknn_regression_best_califonia_housing_softmax_fold_1_retr.pth
[Stage1] Epoch 144 - Val R²: 0.6398 | Reg Val Loss: 0.3533
[Stage1] New best (epoch 144) Val Loss: 0.3533 — saved: checkpoints\nnknn_regression_best_califonia_housing_softmax_fold_1_retr.pth
[Stage1] Epoch 145 - Val R²: 0.6400 | Reg Val Loss: 0.3530
[Stage1] New best (epoch 145) Val Loss: 0.3530 — saved: checkpoints\nnknn_regression_best_califonia_housing_softmax_fold_1_retr.pth
[Stage1] Epoch 146 - Val R²: 0.6402 | Reg Val Loss: 0.3528
[Stage1] New best (epoch 146) Val Loss: 0.3528 — saved: checkpoints\nnknn_regression_best_califonia_housing_softmax_fold_1_retr.pth
[Stage1] Epoch 147 - Val R²: 0.6405 | Reg Val Loss: 0.3526
[Stage1] New best (epoch 147) Val Loss: 0.3526 — saved: checkpoints\nnknn_regression_best_califonia_housing_softmax_fold_1_retr.pth
[Stage1] Epoch 148 - Val R²: 0.6406 | Reg Val Loss: 0.3524
[Stage1] New best (epoch 148) Val Loss: 0.3524 — saved: checkpoints\nnknn_regression_best_califonia_housing_softmax_fold_1_retr.pth
[Stage1] Epoch 149 - Val R²: 0.6408 | Reg Val Loss: 0.3522
[Stage1] New best (epoch 149) Val Loss: 0.3522 — saved: checkpoints\nnknn_regression_best_califonia_housing_softmax_fold_1_retr.pth
[Stage1] Epoch 150 - Val R²: 0.6410 | Reg Val Loss: 0.3520
[Stage1] New best (epoch 150) Val Loss: 0.3520 — saved: checkpoints\nnknn_regression_best_califonia_housing_softmax_fold_1_retr.pth
[Stage1] Epoch 151 - Val R²: 0.6412 | Reg Val Loss: 0.3518
[Stage1] New best (epoch 151) Val Loss: 0.3518 — saved: checkpoints\nnknn_regression_best_califonia_housing_softmax_fold_1_retr.pth
[Stage1] Epoch 152 - Val R²: 0.6414 | Reg Val Loss: 0.3516
[Stage1] New best (epoch 152) Val Loss: 0.3516 — saved: checkpoints\nnknn_regression_best_califonia_housing_softmax_fold_1_retr.pth
[Stage1] Epoch 153 - Val R²: 0.6416 | Reg Val Loss: 0.3514
[Stage1] New best (epoch 153) Val Loss: 0.3514 — saved: checkpoints\nnknn_regression_best_califonia_housing_softmax_fold_1_retr.pth
[Stage1] Epoch 154 - Val R²: 0.6418 | Reg Val Loss: 0.3513
[Stage1] New best (epoch 154) Val Loss: 0.3513 — saved: checkpoints\nnknn_regression_best_califonia_housing_softmax_fold_1_retr.pth
[Stage1] Epoch 155 - Val R²: 0.6420 | Reg Val Loss: 0.3510
[Stage1] New best (epoch 155) Val Loss: 0.3510 — saved: checkpoints\nnknn_regression_best_califonia_housing_softmax_fold_1_retr.pth
[Stage1] Epoch 156 - Val R²: 0.6422 | Reg Val Loss: 0.3509
[Stage1] New best (epoch 156) Val Loss: 0.3509 — saved: checkpoints\nnknn_regression_best_califonia_housing_softmax_fold_1_retr.pth
[Stage1] Epoch 157 - Val R²: 0.6424 | Reg Val Loss: 0.3507
[Stage1] New best (epoch 157) Val Loss: 0.3507 — saved: checkpoints\nnknn_regression_best_califonia_housing_softmax_fold_1_retr.pth
[Stage1] Epoch 158 - Val R²: 0.6426 | Reg Val Loss: 0.3505
[Stage1] New best (epoch 158) Val Loss: 0.3505 — saved: checkpoints\nnknn_regression_best_califonia_housing_softmax_fold_1_retr.pth
[Stage1] Epoch 159 - Val R²: 0.6428 | Reg Val Loss: 0.3503
[Stage1] New best (epoch 159) Val Loss: 0.3503 — saved: checkpoints\nnknn_regression_best_califonia_housing_softmax_fold_1_retr.pth
[Stage1] Epoch 160 - Val R²: 0.6429 | Reg Val Loss: 0.3502
[Stage1] New best (epoch 160) Val Loss: 0.3502 — saved: checkpoints\nnknn_regression_best_califonia_housing_softmax_fold_1_retr.pth
[Stage1] Epoch 161 - Val R²: 0.6431 | Reg Val Loss: 0.3500
[Stage1] New best (epoch 161) Val Loss: 0.3500 — saved: checkpoints\nnknn_regression_best_califonia_housing_softmax_fold_1_retr.pth
[Stage1] Epoch 162 - Val R²: 0.6433 | Reg Val Loss: 0.3498
[Stage1] New best (epoch 162) Val Loss: 0.3498 — saved: checkpoints\nnknn_regression_best_califonia_housing_softmax_fold_1_retr.pth
[Stage1] Epoch 163 - Val R²: 0.6435 | Reg Val Loss: 0.3496
[Stage1] New best (epoch 163) Val Loss: 0.3496 — saved: checkpoints\nnknn_regression_best_califonia_housing_softmax_fold_1_retr.pth
[Stage1] Epoch 164 - Val R²: 0.6437 | Reg Val Loss: 0.3494
[Stage1] New best (epoch 164) Val Loss: 0.3494 — saved: checkpoints\nnknn_regression_best_califonia_housing_softmax_fold_1_retr.pth
[Stage1] Epoch 165 - Val R²: 0.6438 | Reg Val Loss: 0.3493
[Stage1] New best (epoch 165) Val Loss: 0.3493 — saved: checkpoints\nnknn_regression_best_califonia_housing_softmax_fold_1_retr.pth
[Stage1] Epoch 166 - Val R²: 0.6440 | Reg Val Loss: 0.3491
[Stage1] New best (epoch 166) Val Loss: 0.3491 — saved: checkpoints\nnknn_regression_best_califonia_housing_softmax_fold_1_retr.pth
[Stage1] Epoch 167 - Val R²: 0.6442 | Reg Val Loss: 0.3489
[Stage1] New best (epoch 167) Val Loss: 0.3489 — saved: checkpoints\nnknn_regression_best_califonia_housing_softmax_fold_1_retr.pth
[Stage1] Epoch 168 - Val R²: 0.6444 | Reg Val Loss: 0.3487
[Stage1] New best (epoch 168) Val Loss: 0.3487 — saved: checkpoints\nnknn_regression_best_califonia_housing_softmax_fold_1_retr.pth
[Stage1] Epoch 169 - Val R²: 0.6445 | Reg Val Loss: 0.3486
[Stage1] New best (epoch 169) Val Loss: 0.3486 — saved: checkpoints\nnknn_regression_best_califonia_housing_softmax_fold_1_retr.pth
[Stage1] Epoch 170 - Val R²: 0.6448 | Reg Val Loss: 0.3484
[Stage1] New best (epoch 170) Val Loss: 0.3484 — saved: checkpoints\nnknn_regression_best_califonia_housing_softmax_fold_1_retr.pth
[Stage1] Epoch 171 - Val R²: 0.6449 | Reg Val Loss: 0.3483
[Stage1] New best (epoch 171) Val Loss: 0.3483 — saved: checkpoints\nnknn_regression_best_califonia_housing_softmax_fold_1_retr.pth
[Stage1] Epoch 172 - Val R²: 0.6450 | Reg Val Loss: 0.3481
[Stage1] New best (epoch 172) Val Loss: 0.3481 — saved: checkpoints\nnknn_regression_best_califonia_housing_softmax_fold_1_retr.pth
[Stage1] Epoch 173 - Val R²: 0.6452 | Reg Val Loss: 0.3480
[Stage1] New best (epoch 173) Val Loss: 0.3480 — saved: checkpoints\nnknn_regression_best_califonia_housing_softmax_fold_1_retr.pth
[Stage1] Epoch 174 - Val R²: 0.6454 | Reg Val Loss: 0.3478
[Stage1] New best (epoch 174) Val Loss: 0.3478 — saved: checkpoints\nnknn_regression_best_califonia_housing_softmax_fold_1_retr.pth
[Stage1] Epoch 175 - Val R²: 0.6455 | Reg Val Loss: 0.3477
[Stage1] New best (epoch 175) Val Loss: 0.3477 — saved: checkpoints\nnknn_regression_best_califonia_housing_softmax_fold_1_retr.pth
[Stage1] Epoch 176 - Val R²: 0.6456 | Reg Val Loss: 0.3476
[Stage1] New best (epoch 176) Val Loss: 0.3476 — saved: checkpoints\nnknn_regression_best_califonia_housing_softmax_fold_1_retr.pth
[Stage1] Epoch 177 - Val R²: 0.6458 | Reg Val Loss: 0.3474
[Stage1] New best (epoch 177) Val Loss: 0.3474 — saved: checkpoints\nnknn_regression_best_califonia_housing_softmax_fold_1_retr.pth
[Stage1] Epoch 178 - Val R²: 0.6459 | Reg Val Loss: 0.3473
[Stage1] New best (epoch 178) Val Loss: 0.3473 — saved: checkpoints\nnknn_regression_best_califonia_housing_softmax_fold_1_retr.pth
[Stage1] Epoch 179 - Val R²: 0.6461 | Reg Val Loss: 0.3471
[Stage1] New best (epoch 179) Val Loss: 0.3471 — saved: checkpoints\nnknn_regression_best_califonia_housing_softmax_fold_1_retr.pth
[Stage1] Epoch 180 - Val R²: 0.6462 | Reg Val Loss: 0.3470
[Stage1] New best (epoch 180) Val Loss: 0.3470 — saved: checkpoints\nnknn_regression_best_califonia_housing_softmax_fold_1_retr.pth
[Stage1] Epoch 181 - Val R²: 0.6463 | Reg Val Loss: 0.3468
[Stage1] New best (epoch 181) Val Loss: 0.3468 — saved: checkpoints\nnknn_regression_best_califonia_housing_softmax_fold_1_retr.pth
[Stage1] Epoch 182 - Val R²: 0.6466 | Reg Val Loss: 0.3466
[Stage1] New best (epoch 182) Val Loss: 0.3466 — saved: checkpoints\nnknn_regression_best_califonia_housing_softmax_fold_1_retr.pth
[Stage1] Epoch 183 - Val R²: 0.6467 | Reg Val Loss: 0.3464
[Stage1] New best (epoch 183) Val Loss: 0.3464 — saved: checkpoints\nnknn_regression_best_califonia_housing_softmax_fold_1_retr.pth
[Stage1] Epoch 184 - Val R²: 0.6469 | Reg Val Loss: 0.3463
[Stage1] New best (epoch 184) Val Loss: 0.3463 — saved: checkpoints\nnknn_regression_best_califonia_housing_softmax_fold_1_retr.pth
[Stage1] Epoch 185 - Val R²: 0.6470 | Reg Val Loss: 0.3462
[Stage1] New best (epoch 185) Val Loss: 0.3462 — saved: checkpoints\nnknn_regression_best_califonia_housing_softmax_fold_1_retr.pth
[Stage1] Epoch 186 - Val R²: 0.6471 | Reg Val Loss: 0.3460
[Stage1] New best (epoch 186) Val Loss: 0.3460 — saved: checkpoints\nnknn_regression_best_califonia_housing_softmax_fold_1_retr.pth
[Stage1] Epoch 187 - Val R²: 0.6473 | Reg Val Loss: 0.3459
[Stage1] New best (epoch 187) Val Loss: 0.3459 — saved: checkpoints\nnknn_regression_best_califonia_housing_softmax_fold_1_retr.pth
[Stage1] Epoch 188 - Val R²: 0.6474 | Reg Val Loss: 0.3458
[Stage1] New best (epoch 188) Val Loss: 0.3458 — saved: checkpoints\nnknn_regression_best_califonia_housing_softmax_fold_1_retr.pth
[Stage1] Epoch 189 - Val R²: 0.6474 | Reg Val Loss: 0.3458
[Stage1] New best (epoch 189) Val Loss: 0.3458 — saved: checkpoints\nnknn_regression_best_califonia_housing_softmax_fold_1_retr.pth
[Stage1] Epoch 190 - Val R²: 0.6476 | Reg Val Loss: 0.3456
[Stage1] New best (epoch 190) Val Loss: 0.3456 — saved: checkpoints\nnknn_regression_best_califonia_housing_softmax_fold_1_retr.pth
[Stage1] Epoch 191 - Val R²: 0.6478 | Reg Val Loss: 0.3454
[Stage1] New best (epoch 191) Val Loss: 0.3454 — saved: checkpoints\nnknn_regression_best_califonia_housing_softmax_fold_1_retr.pth
[Stage1] Epoch 192 - Val R²: 0.6479 | Reg Val Loss: 0.3453
[Stage1] New best (epoch 192) Val Loss: 0.3453 — saved: checkpoints\nnknn_regression_best_califonia_housing_softmax_fold_1_retr.pth
[Stage1] Epoch 193 - Val R²: 0.6480 | Reg Val Loss: 0.3452
[Stage1] New best (epoch 193) Val Loss: 0.3452 — saved: checkpoints\nnknn_regression_best_califonia_housing_softmax_fold_1_retr.pth
[Stage1] Epoch 194 - Val R²: 0.6481 | Reg Val Loss: 0.3451
[Stage1] New best (epoch 194) Val Loss: 0.3451 — saved: checkpoints\nnknn_regression_best_califonia_housing_softmax_fold_1_retr.pth
[Stage1] Epoch 195 - Val R²: 0.6483 | Reg Val Loss: 0.3449
[Stage1] New best (epoch 195) Val Loss: 0.3449 — saved: checkpoints\nnknn_regression_best_califonia_housing_softmax_fold_1_retr.pth
[Stage1] Epoch 196 - Val R²: 0.6485 | Reg Val Loss: 0.3447
[Stage1] New best (epoch 196) Val Loss: 0.3447 — saved: checkpoints\nnknn_regression_best_califonia_housing_softmax_fold_1_retr.pth
[Stage1] Epoch 197 - Val R²: 0.6486 | Reg Val Loss: 0.3446
[Stage1] New best (epoch 197) Val Loss: 0.3446 — saved: checkpoints\nnknn_regression_best_califonia_housing_softmax_fold_1_retr.pth
[Stage1] Epoch 198 - Val R²: 0.6486 | Reg Val Loss: 0.3446
[Stage1] New best (epoch 198) Val Loss: 0.3446 — saved: checkpoints\nnknn_regression_best_califonia_housing_softmax_fold_1_retr.pth
[Stage1] Epoch 199 - Val R²: 0.6488 | Reg Val Loss: 0.3444
[Stage1] New best (epoch 199) Val Loss: 0.3444 — saved: checkpoints\nnknn_regression_best_califonia_housing_softmax_fold_1_retr.pth
[Stage1] Epoch 200 - Val R²: 0.6489 | Reg Val Loss: 0.3443
[Stage1] New best (epoch 200) Val Loss: 0.3443 — saved: checkpoints\nnknn_regression_best_califonia_housing_softmax_fold_1_retr.pth
[Stage1] Epoch 201 - Val R²: 0.6490 | Reg Val Loss: 0.3442
[Stage1] New best (epoch 201) Val Loss: 0.3442 — saved: checkpoints\nnknn_regression_best_califonia_housing_softmax_fold_1_retr.pth
[Stage1] Epoch 202 - Val R²: 0.6491 | Reg Val Loss: 0.3441
[Stage1] New best (epoch 202) Val Loss: 0.3441 — saved: checkpoints\nnknn_regression_best_califonia_housing_softmax_fold_1_retr.pth
[Stage1] Epoch 203 - Val R²: 0.6493 | Reg Val Loss: 0.3439
[Stage1] New best (epoch 203) Val Loss: 0.3439 — saved: checkpoints\nnknn_regression_best_califonia_housing_softmax_fold_1_retr.pth
[Stage1] Epoch 204 - Val R²: 0.6494 | Reg Val Loss: 0.3438
[Stage1] New best (epoch 204) Val Loss: 0.3438 — saved: checkpoints\nnknn_regression_best_califonia_housing_softmax_fold_1_retr.pth
[Stage1] Epoch 205 - Val R²: 0.6495 | Reg Val Loss: 0.3438
[Stage1] New best (epoch 205) Val Loss: 0.3438 — saved: checkpoints\nnknn_regression_best_califonia_housing_softmax_fold_1_retr.pth
[Stage1] Epoch 206 - Val R²: 0.6495 | Reg Val Loss: 0.3437
[Stage1] New best (epoch 206) Val Loss: 0.3437 — saved: checkpoints\nnknn_regression_best_califonia_housing_softmax_fold_1_retr.pth
[Stage1] Epoch 207 - Val R²: 0.6497 | Reg Val Loss: 0.3436
[Stage1] New best (epoch 207) Val Loss: 0.3436 — saved: checkpoints\nnknn_regression_best_califonia_housing_softmax_fold_1_retr.pth
[Stage1] Epoch 208 - Val R²: 0.6498 | Reg Val Loss: 0.3435
[Stage1] New best (epoch 208) Val Loss: 0.3435 — saved: checkpoints\nnknn_regression_best_califonia_housing_softmax_fold_1_retr.pth
[Stage1] Epoch 209 - Val R²: 0.6499 | Reg Val Loss: 0.3433
[Stage1] New best (epoch 209) Val Loss: 0.3433 — saved: checkpoints\nnknn_regression_best_califonia_housing_softmax_fold_1_retr.pth
[Stage1] Epoch 210 - Val R²: 0.6500 | Reg Val Loss: 0.3432
[Stage1] New best (epoch 210) Val Loss: 0.3432 — saved: checkpoints\nnknn_regression_best_califonia_housing_softmax_fold_1_retr.pth
[Stage1] Epoch 211 - Val R²: 0.6501 | Reg Val Loss: 0.3431
[Stage1] New best (epoch 211) Val Loss: 0.3431 — saved: checkpoints\nnknn_regression_best_califonia_housing_softmax_fold_1_retr.pth
[Stage1] Epoch 212 - Val R²: 0.6502 | Reg Val Loss: 0.3431
[Stage1] New best (epoch 212) Val Loss: 0.3431 — saved: checkpoints\nnknn_regression_best_califonia_housing_softmax_fold_1_retr.pth
[Stage1] Epoch 213 - Val R²: 0.6503 | Reg Val Loss: 0.3429
[Stage1] New best (epoch 213) Val Loss: 0.3429 — saved: checkpoints\nnknn_regression_best_califonia_housing_softmax_fold_1_retr.pth
[Stage1] Epoch 214 - Val R²: 0.6504 | Reg Val Loss: 0.3429
[Stage1] New best (epoch 214) Val Loss: 0.3429 — saved: checkpoints\nnknn_regression_best_califonia_housing_softmax_fold_1_retr.pth
[Stage1] Epoch 215 - Val R²: 0.6504 | Reg Val Loss: 0.3428
[Stage1] New best (epoch 215) Val Loss: 0.3428 — saved: checkpoints\nnknn_regression_best_califonia_housing_softmax_fold_1_retr.pth
[Stage1] Epoch 216 - Val R²: 0.6506 | Reg Val Loss: 0.3427
[Stage1] New best (epoch 216) Val Loss: 0.3427 — saved: checkpoints\nnknn_regression_best_califonia_housing_softmax_fold_1_retr.pth
[Stage1] Epoch 217 - Val R²: 0.6506 | Reg Val Loss: 0.3426
[Stage1] New best (epoch 217) Val Loss: 0.3426 — saved: checkpoints\nnknn_regression_best_califonia_housing_softmax_fold_1_retr.pth
[Stage1] Epoch 218 - Val R²: 0.6508 | Reg Val Loss: 0.3425
[Stage1] New best (epoch 218) Val Loss: 0.3425 — saved: checkpoints\nnknn_regression_best_califonia_housing_softmax_fold_1_retr.pth
[Stage1] Epoch 219 - Val R²: 0.6509 | Reg Val Loss: 0.3424
[Stage1] New best (epoch 219) Val Loss: 0.3424 — saved: checkpoints\nnknn_regression_best_califonia_housing_softmax_fold_1_retr.pth
[Stage1] Epoch 220 - Val R²: 0.6510 | Reg Val Loss: 0.3423
[Stage1] New best (epoch 220) Val Loss: 0.3423 — saved: checkpoints\nnknn_regression_best_califonia_housing_softmax_fold_1_retr.pth
[Stage1] Epoch 221 - Val R²: 0.6511 | Reg Val Loss: 0.3422
[Stage1] New best (epoch 221) Val Loss: 0.3422 — saved: checkpoints\nnknn_regression_best_califonia_housing_softmax_fold_1_retr.pth
[Stage1] Epoch 222 - Val R²: 0.6512 | Reg Val Loss: 0.3421
[Stage1] New best (epoch 222) Val Loss: 0.3421 — saved: checkpoints\nnknn_regression_best_califonia_housing_softmax_fold_1_retr.pth
[Stage1] Epoch 223 - Val R²: 0.6513 | Reg Val Loss: 0.3420
[Stage1] New best (epoch 223) Val Loss: 0.3420 — saved: checkpoints\nnknn_regression_best_califonia_housing_softmax_fold_1_retr.pth
[Stage1] Epoch 224 - Val R²: 0.6513 | Reg Val Loss: 0.3419
[Stage1] New best (epoch 224) Val Loss: 0.3419 — saved: checkpoints\nnknn_regression_best_califonia_housing_softmax_fold_1_retr.pth
[Stage1] Epoch 225 - Val R²: 0.6515 | Reg Val Loss: 0.3418
[Stage1] New best (epoch 225) Val Loss: 0.3418 — saved: checkpoints\nnknn_regression_best_califonia_housing_softmax_fold_1_retr.pth
[Stage1] Epoch 226 - Val R²: 0.6516 | Reg Val Loss: 0.3417
[Stage1] New best (epoch 226) Val Loss: 0.3417 — saved: checkpoints\nnknn_regression_best_califonia_housing_softmax_fold_1_retr.pth
[Stage1] Epoch 227 - Val R²: 0.6516 | Reg Val Loss: 0.3417
[Stage1] New best (epoch 227) Val Loss: 0.3417 — saved: checkpoints\nnknn_regression_best_califonia_housing_softmax_fold_1_retr.pth
[Stage1] Epoch 228 - Val R²: 0.6516 | Reg Val Loss: 0.3417
[Stage1] No improv. Best so far: 0.3417 (epoch 227)
[Stage1] Epoch 229 - Val R²: 0.6518 | Reg Val Loss: 0.3415
[Stage1] New best (epoch 229) Val Loss: 0.3415 — saved: checkpoints\nnknn_regression_best_califonia_housing_softmax_fold_1_retr.pth
[Stage1] Epoch 230 - Val R²: 0.6519 | Reg Val Loss: 0.3414
[Stage1] New best (epoch 230) Val Loss: 0.3414 — saved: checkpoints\nnknn_regression_best_califonia_housing_softmax_fold_1_retr.pth
[Stage1] Epoch 231 - Val R²: 0.6520 | Reg Val Loss: 0.3413
[Stage1] New best (epoch 231) Val Loss: 0.3413 — saved: checkpoints\nnknn_regression_best_califonia_housing_softmax_fold_1_retr.pth
[Stage1] Epoch 232 - Val R²: 0.6520 | Reg Val Loss: 0.3413
[Stage1] New best (epoch 232) Val Loss: 0.3413 — saved: checkpoints\nnknn_regression_best_califonia_housing_softmax_fold_1_retr.pth
[Stage1] Epoch 233 - Val R²: 0.6522 | Reg Val Loss: 0.3411
[Stage1] New best (epoch 233) Val Loss: 0.3411 — saved: checkpoints\nnknn_regression_best_califonia_housing_softmax_fold_1_retr.pth
[Stage1] Epoch 234 - Val R²: 0.6522 | Reg Val Loss: 0.3410
[Stage1] New best (epoch 234) Val Loss: 0.3410 — saved: checkpoints\nnknn_regression_best_califonia_housing_softmax_fold_1_retr.pth
[Stage1] Epoch 235 - Val R²: 0.6523 | Reg Val Loss: 0.3409
[Stage1] New best (epoch 235) Val Loss: 0.3409 — saved: checkpoints\nnknn_regression_best_califonia_housing_softmax_fold_1_retr.pth
[Stage1] Epoch 236 - Val R²: 0.6524 | Reg Val Loss: 0.3409
[Stage1] New best (epoch 236) Val Loss: 0.3409 — saved: checkpoints\nnknn_regression_best_califonia_housing_softmax_fold_1_retr.pth
[Stage1] Epoch 237 - Val R²: 0.6525 | Reg Val Loss: 0.3407
[Stage1] New best (epoch 237) Val Loss: 0.3407 — saved: checkpoints\nnknn_regression_best_califonia_housing_softmax_fold_1_retr.pth
[Stage1] Epoch 238 - Val R²: 0.6526 | Reg Val Loss: 0.3407
[Stage1] New best (epoch 238) Val Loss: 0.3407 — saved: checkpoints\nnknn_regression_best_califonia_housing_softmax_fold_1_retr.pth
[Stage1] Epoch 239 - Val R²: 0.6527 | Reg Val Loss: 0.3406
[Stage1] New best (epoch 239) Val Loss: 0.3406 — saved: checkpoints\nnknn_regression_best_califonia_housing_softmax_fold_1_retr.pth
[Stage1] Epoch 240 - Val R²: 0.6527 | Reg Val Loss: 0.3406
[Stage1] New best (epoch 240) Val Loss: 0.3406 — saved: checkpoints\nnknn_regression_best_califonia_housing_softmax_fold_1_retr.pth
[Stage1] Epoch 241 - Val R²: 0.6528 | Reg Val Loss: 0.3405
[Stage1] New best (epoch 241) Val Loss: 0.3405 — saved: checkpoints\nnknn_regression_best_califonia_housing_softmax_fold_1_retr.pth
[Stage1] Epoch 242 - Val R²: 0.6529 | Reg Val Loss: 0.3404
[Stage1] New best (epoch 242) Val Loss: 0.3404 — saved: checkpoints\nnknn_regression_best_califonia_housing_softmax_fold_1_retr.pth
[Stage1] Epoch 243 - Val R²: 0.6529 | Reg Val Loss: 0.3403
[Stage1] New best (epoch 243) Val Loss: 0.3403 — saved: checkpoints\nnknn_regression_best_califonia_housing_softmax_fold_1_retr.pth
[Stage1] Epoch 244 - Val R²: 0.6531 | Reg Val Loss: 0.3402
[Stage1] New best (epoch 244) Val Loss: 0.3402 — saved: checkpoints\nnknn_regression_best_califonia_housing_softmax_fold_1_retr.pth
[Stage1] Epoch 245 - Val R²: 0.6530 | Reg Val Loss: 0.3402
[Stage1] No improv. Best so far: 0.3402 (epoch 244)
[Stage1] Epoch 246 - Val R²: 0.6532 | Reg Val Loss: 0.3401
[Stage1] New best (epoch 246) Val Loss: 0.3401 — saved: checkpoints\nnknn_regression_best_califonia_housing_softmax_fold_1_retr.pth
[Stage1] Epoch 247 - Val R²: 0.6533 | Reg Val Loss: 0.3400
[Stage1] New best (epoch 247) Val Loss: 0.3400 — saved: checkpoints\nnknn_regression_best_califonia_housing_softmax_fold_1_retr.pth
[Stage1] Epoch 248 - Val R²: 0.6533 | Reg Val Loss: 0.3400
[Stage1] New best (epoch 248) Val Loss: 0.3400 — saved: checkpoints\nnknn_regression_best_califonia_housing_softmax_fold_1_retr.pth
[Stage1] Epoch 249 - Val R²: 0.6534 | Reg Val Loss: 0.3399
[Stage1] New best (epoch 249) Val Loss: 0.3399 — saved: checkpoints\nnknn_regression_best_califonia_housing_softmax_fold_1_retr.pth
[Stage1] Epoch 250 - Val R²: 0.6535 | Reg Val Loss: 0.3398
[Stage1] New best (epoch 250) Val Loss: 0.3398 — saved: checkpoints\nnknn_regression_best_califonia_housing_softmax_fold_1_retr.pth
[Stage1] Epoch 251 - Val R²: 0.6536 | Reg Val Loss: 0.3397
[Stage1] New best (epoch 251) Val Loss: 0.3397 — saved: checkpoints\nnknn_regression_best_califonia_housing_softmax_fold_1_retr.pth
[Stage1] Epoch 252 - Val R²: 0.6537 | Reg Val Loss: 0.3396
[Stage1] New best (epoch 252) Val Loss: 0.3396 — saved: checkpoints\nnknn_regression_best_califonia_housing_softmax_fold_1_retr.pth
[Stage1] Epoch 253 - Val R²: 0.6538 | Reg Val Loss: 0.3395
[Stage1] New best (epoch 253) Val Loss: 0.3395 — saved: checkpoints\nnknn_regression_best_califonia_housing_softmax_fold_1_retr.pth
[Stage1] Epoch 254 - Val R²: 0.6539 | Reg Val Loss: 0.3394
[Stage1] New best (epoch 254) Val Loss: 0.3394 — saved: checkpoints\nnknn_regression_best_califonia_housing_softmax_fold_1_retr.pth
[Stage1] Epoch 255 - Val R²: 0.6539 | Reg Val Loss: 0.3394
[Stage1] No improv. Best so far: 0.3394 (epoch 254)
[Stage1] Epoch 256 - Val R²: 0.6540 | Reg Val Loss: 0.3394
[Stage1] New best (epoch 256) Val Loss: 0.3394 — saved: checkpoints\nnknn_regression_best_califonia_housing_softmax_fold_1_retr.pth
[Stage1] Epoch 257 - Val R²: 0.6541 | Reg Val Loss: 0.3392
[Stage1] New best (epoch 257) Val Loss: 0.3392 — saved: checkpoints\nnknn_regression_best_califonia_housing_softmax_fold_1_retr.pth
[Stage1] Epoch 258 - Val R²: 0.6540 | Reg Val Loss: 0.3393
[Stage1] No improv. Best so far: 0.3392 (epoch 257)
[Stage1] Epoch 259 - Val R²: 0.6541 | Reg Val Loss: 0.3392
[Stage1] New best (epoch 259) Val Loss: 0.3392 — saved: checkpoints\nnknn_regression_best_califonia_housing_softmax_fold_1_retr.pth
[Stage1] Epoch 260 - Val R²: 0.6542 | Reg Val Loss: 0.3391
[Stage1] New best (epoch 260) Val Loss: 0.3391 — saved: checkpoints\nnknn_regression_best_califonia_housing_softmax_fold_1_retr.pth
[Stage1] Epoch 261 - Val R²: 0.6543 | Reg Val Loss: 0.3390
[Stage1] New best (epoch 261) Val Loss: 0.3390 — saved: checkpoints\nnknn_regression_best_califonia_housing_softmax_fold_1_retr.pth
[Stage1] Epoch 262 - Val R²: 0.6544 | Reg Val Loss: 0.3389
[Stage1] New best (epoch 262) Val Loss: 0.3389 — saved: checkpoints\nnknn_regression_best_califonia_housing_softmax_fold_1_retr.pth
[Stage1] Epoch 263 - Val R²: 0.6544 | Reg Val Loss: 0.3389
[Stage1] New best (epoch 263) Val Loss: 0.3389 — saved: checkpoints\nnknn_regression_best_califonia_housing_softmax_fold_1_retr.pth
[Stage1] Epoch 264 - Val R²: 0.6545 | Reg Val Loss: 0.3388
[Stage1] New best (epoch 264) Val Loss: 0.3388 — saved: checkpoints\nnknn_regression_best_califonia_housing_softmax_fold_1_retr.pth
[Stage1] Epoch 265 - Val R²: 0.6546 | Reg Val Loss: 0.3387
[Stage1] New best (epoch 265) Val Loss: 0.3387 — saved: checkpoints\nnknn_regression_best_califonia_housing_softmax_fold_1_retr.pth
[Stage1] Epoch 266 - Val R²: 0.6547 | Reg Val Loss: 0.3386
[Stage1] New best (epoch 266) Val Loss: 0.3386 — saved: checkpoints\nnknn_regression_best_califonia_housing_softmax_fold_1_retr.pth
[Stage1] Epoch 267 - Val R²: 0.6547 | Reg Val Loss: 0.3386
[Stage1] No improv. Best so far: 0.3386 (epoch 266)
[Stage1] Epoch 268 - Val R²: 0.6548 | Reg Val Loss: 0.3385
[Stage1] New best (epoch 268) Val Loss: 0.3385 — saved: checkpoints\nnknn_regression_best_califonia_housing_softmax_fold_1_retr.pth
[Stage1] Epoch 269 - Val R²: 0.6548 | Reg Val Loss: 0.3385
[Stage1] New best (epoch 269) Val Loss: 0.3385 — saved: checkpoints\nnknn_regression_best_califonia_housing_softmax_fold_1_retr.pth
[Stage1] Epoch 270 - Val R²: 0.6549 | Reg Val Loss: 0.3384
[Stage1] New best (epoch 270) Val Loss: 0.3384 — saved: checkpoints\nnknn_regression_best_califonia_housing_softmax_fold_1_retr.pth
[Stage1] Epoch 271 - Val R²: 0.6550 | Reg Val Loss: 0.3383
[Stage1] New best (epoch 271) Val Loss: 0.3383 — saved: checkpoints\nnknn_regression_best_califonia_housing_softmax_fold_1_retr.pth
[Stage1] Epoch 272 - Val R²: 0.6550 | Reg Val Loss: 0.3383
[Stage1] New best (epoch 272) Val Loss: 0.3383 — saved: checkpoints\nnknn_regression_best_califonia_housing_softmax_fold_1_retr.pth
[Stage1] Epoch 273 - Val R²: 0.6550 | Reg Val Loss: 0.3383
[Stage1] No improv. Best so far: 0.3383 (epoch 272)
[Stage1] Epoch 274 - Val R²: 0.6551 | Reg Val Loss: 0.3382
[Stage1] New best (epoch 274) Val Loss: 0.3382 — saved: checkpoints\nnknn_regression_best_califonia_housing_softmax_fold_1_retr.pth
[Stage1] Epoch 275 - Val R²: 0.6551 | Reg Val Loss: 0.3382
[Stage1] New best (epoch 275) Val Loss: 0.3382 — saved: checkpoints\nnknn_regression_best_califonia_housing_softmax_fold_1_retr.pth
[Stage1] Epoch 276 - Val R²: 0.6553 | Reg Val Loss: 0.3380
[Stage1] New best (epoch 276) Val Loss: 0.3380 — saved: checkpoints\nnknn_regression_best_califonia_housing_softmax_fold_1_retr.pth
[Stage1] Epoch 277 - Val R²: 0.6553 | Reg Val Loss: 0.3380
[Stage1] New best (epoch 277) Val Loss: 0.3380 — saved: checkpoints\nnknn_regression_best_califonia_housing_softmax_fold_1_retr.pth
[Stage1] Epoch 278 - Val R²: 0.6554 | Reg Val Loss: 0.3379
[Stage1] New best (epoch 278) Val Loss: 0.3379 — saved: checkpoints\nnknn_regression_best_califonia_housing_softmax_fold_1_retr.pth
[Stage1] Epoch 279 - Val R²: 0.6555 | Reg Val Loss: 0.3379
[Stage1] New best (epoch 279) Val Loss: 0.3379 — saved: checkpoints\nnknn_regression_best_califonia_housing_softmax_fold_1_retr.pth
[Stage1] Epoch 280 - Val R²: 0.6555 | Reg Val Loss: 0.3378
[Stage1] New best (epoch 280) Val Loss: 0.3378 — saved: checkpoints\nnknn_regression_best_califonia_housing_softmax_fold_1_retr.pth
[Stage1] Epoch 281 - Val R²: 0.6556 | Reg Val Loss: 0.3377
[Stage1] New best (epoch 281) Val Loss: 0.3377 — saved: checkpoints\nnknn_regression_best_califonia_housing_softmax_fold_1_retr.pth
[Stage1] Epoch 282 - Val R²: 0.6557 | Reg Val Loss: 0.3377
[Stage1] New best (epoch 282) Val Loss: 0.3377 — saved: checkpoints\nnknn_regression_best_califonia_housing_softmax_fold_1_retr.pth
[Stage1] Epoch 283 - Val R²: 0.6557 | Reg Val Loss: 0.3377
[Stage1] New best (epoch 283) Val Loss: 0.3377 — saved: checkpoints\nnknn_regression_best_califonia_housing_softmax_fold_1_retr.pth
[Stage1] Epoch 284 - Val R²: 0.6558 | Reg Val Loss: 0.3375
[Stage1] New best (epoch 284) Val Loss: 0.3375 — saved: checkpoints\nnknn_regression_best_califonia_housing_softmax_fold_1_retr.pth
[Stage1] Epoch 285 - Val R²: 0.6558 | Reg Val Loss: 0.3375
[Stage1] New best (epoch 285) Val Loss: 0.3375 — saved: checkpoints\nnknn_regression_best_califonia_housing_softmax_fold_1_retr.pth
[Stage1] Epoch 286 - Val R²: 0.6559 | Reg Val Loss: 0.3375
[Stage1] New best (epoch 286) Val Loss: 0.3375 — saved: checkpoints\nnknn_regression_best_califonia_housing_softmax_fold_1_retr.pth
[Stage1] Epoch 287 - Val R²: 0.6559 | Reg Val Loss: 0.3374
[Stage1] New best (epoch 287) Val Loss: 0.3374 — saved: checkpoints\nnknn_regression_best_califonia_housing_softmax_fold_1_retr.pth
[Stage1] Epoch 288 - Val R²: 0.6560 | Reg Val Loss: 0.3373
[Stage1] New best (epoch 288) Val Loss: 0.3373 — saved: checkpoints\nnknn_regression_best_califonia_housing_softmax_fold_1_retr.pth
[Stage1] Epoch 289 - Val R²: 0.6561 | Reg Val Loss: 0.3373
[Stage1] New best (epoch 289) Val Loss: 0.3373 — saved: checkpoints\nnknn_regression_best_califonia_housing_softmax_fold_1_retr.pth
[Stage1] Epoch 290 - Val R²: 0.6561 | Reg Val Loss: 0.3372
[Stage1] New best (epoch 290) Val Loss: 0.3372 — saved: checkpoints\nnknn_regression_best_califonia_housing_softmax_fold_1_retr.pth
[Stage1] Epoch 291 - Val R²: 0.6562 | Reg Val Loss: 0.3372
[Stage1] New best (epoch 291) Val Loss: 0.3372 — saved: checkpoints\nnknn_regression_best_califonia_housing_softmax_fold_1_retr.pth
[Stage1] Epoch 292 - Val R²: 0.6562 | Reg Val Loss: 0.3371
[Stage1] New best (epoch 292) Val Loss: 0.3371 — saved: checkpoints\nnknn_regression_best_califonia_housing_softmax_fold_1_retr.pth
[Stage1] Epoch 293 - Val R²: 0.6563 | Reg Val Loss: 0.3371
[Stage1] New best (epoch 293) Val Loss: 0.3371 — saved: checkpoints\nnknn_regression_best_califonia_housing_softmax_fold_1_retr.pth
[Stage1] Epoch 294 - Val R²: 0.6564 | Reg Val Loss: 0.3370
[Stage1] New best (epoch 294) Val Loss: 0.3370 — saved: checkpoints\nnknn_regression_best_califonia_housing_softmax_fold_1_retr.pth
[Stage1] Epoch 295 - Val R²: 0.6564 | Reg Val Loss: 0.3370
[Stage1] No improv. Best so far: 0.3370 (epoch 294)
[Stage1] Epoch 296 - Val R²: 0.6564 | Reg Val Loss: 0.3369
[Stage1] New best (epoch 296) Val Loss: 0.3369 — saved: checkpoints\nnknn_regression_best_califonia_housing_softmax_fold_1_retr.pth
[Stage1] Epoch 297 - Val R²: 0.6565 | Reg Val Loss: 0.3368
[Stage1] New best (epoch 297) Val Loss: 0.3368 — saved: checkpoints\nnknn_regression_best_califonia_housing_softmax_fold_1_retr.pth
[Stage1] Epoch 298 - Val R²: 0.6566 | Reg Val Loss: 0.3368
[Stage1] New best (epoch 298) Val Loss: 0.3368 — saved: checkpoints\nnknn_regression_best_califonia_housing_softmax_fold_1_retr.pth
[Stage1] Epoch 299 - Val R²: 0.6567 | Reg Val Loss: 0.3367
[Stage1] New best (epoch 299) Val Loss: 0.3367 — saved: checkpoints\nnknn_regression_best_califonia_housing_softmax_fold_1_retr.pth
[Stage1] Epoch 300 - Val R²: 0.6567 | Reg Val Loss: 0.3367
[Stage1] New best (epoch 300) Val Loss: 0.3367 — saved: checkpoints\nnknn_regression_best_califonia_housing_softmax_fold_1_retr.pth
[Stage1] Epoch 301 - Val R²: 0.6567 | Reg Val Loss: 0.3367
[Stage1] New best (epoch 301) Val Loss: 0.3367 — saved: checkpoints\nnknn_regression_best_califonia_housing_softmax_fold_1_retr.pth
[Stage1] Epoch 302 - Val R²: 0.6568 | Reg Val Loss: 0.3365
[Stage1] New best (epoch 302) Val Loss: 0.3365 — saved: checkpoints\nnknn_regression_best_califonia_housing_softmax_fold_1_retr.pth
[Stage1] Epoch 303 - Val R²: 0.6569 | Reg Val Loss: 0.3364
[Stage1] New best (epoch 303) Val Loss: 0.3364 — saved: checkpoints\nnknn_regression_best_califonia_housing_softmax_fold_1_retr.pth
[Stage1] Epoch 304 - Val R²: 0.6569 | Reg Val Loss: 0.3364
[Stage1] New best (epoch 304) Val Loss: 0.3364 — saved: checkpoints\nnknn_regression_best_califonia_housing_softmax_fold_1_retr.pth
[Stage1] Epoch 305 - Val R²: 0.6570 | Reg Val Loss: 0.3364
[Stage1] New best (epoch 305) Val Loss: 0.3364 — saved: checkpoints\nnknn_regression_best_califonia_housing_softmax_fold_1_retr.pth
[Stage1] Epoch 306 - Val R²: 0.6570 | Reg Val Loss: 0.3363
[Stage1] New best (epoch 306) Val Loss: 0.3363 — saved: checkpoints\nnknn_regression_best_califonia_housing_softmax_fold_1_retr.pth
[Stage1] Epoch 307 - Val R²: 0.6570 | Reg Val Loss: 0.3363
[Stage1] No improv. Best so far: 0.3363 (epoch 306)
[Stage1] Epoch 308 - Val R²: 0.6572 | Reg Val Loss: 0.3362
[Stage1] New best (epoch 308) Val Loss: 0.3362 — saved: checkpoints\nnknn_regression_best_califonia_housing_softmax_fold_1_retr.pth
[Stage1] Epoch 309 - Val R²: 0.6573 | Reg Val Loss: 0.3361
[Stage1] New best (epoch 309) Val Loss: 0.3361 — saved: checkpoints\nnknn_regression_best_califonia_housing_softmax_fold_1_retr.pth
[Stage1] Epoch 310 - Val R²: 0.6573 | Reg Val Loss: 0.3360
[Stage1] New best (epoch 310) Val Loss: 0.3360 — saved: checkpoints\nnknn_regression_best_califonia_housing_softmax_fold_1_retr.pth
[Stage1] Epoch 311 - Val R²: 0.6573 | Reg Val Loss: 0.3361
[Stage1] No improv. Best so far: 0.3360 (epoch 310)
[Stage1] Epoch 312 - Val R²: 0.6574 | Reg Val Loss: 0.3360
[Stage1] New best (epoch 312) Val Loss: 0.3360 — saved: checkpoints\nnknn_regression_best_califonia_housing_softmax_fold_1_retr.pth
[Stage1] Epoch 313 - Val R²: 0.6575 | Reg Val Loss: 0.3359
[Stage1] New best (epoch 313) Val Loss: 0.3359 — saved: checkpoints\nnknn_regression_best_califonia_housing_softmax_fold_1_retr.pth
[Stage1] Epoch 314 - Val R²: 0.6575 | Reg Val Loss: 0.3359
[Stage1] New best (epoch 314) Val Loss: 0.3359 — saved: checkpoints\nnknn_regression_best_califonia_housing_softmax_fold_1_retr.pth
[Stage1] Epoch 315 - Val R²: 0.6575 | Reg Val Loss: 0.3359
[Stage1] No improv. Best so far: 0.3359 (epoch 314)
[Stage1] Epoch 316 - Val R²: 0.6576 | Reg Val Loss: 0.3358
[Stage1] New best (epoch 316) Val Loss: 0.3358 — saved: checkpoints\nnknn_regression_best_califonia_housing_softmax_fold_1_retr.pth
[Stage1] Epoch 317 - Val R²: 0.6576 | Reg Val Loss: 0.3357
[Stage1] New best (epoch 317) Val Loss: 0.3357 — saved: checkpoints\nnknn_regression_best_califonia_housing_softmax_fold_1_retr.pth
[Stage1] Epoch 318 - Val R²: 0.6577 | Reg Val Loss: 0.3356
[Stage1] New best (epoch 318) Val Loss: 0.3356 — saved: checkpoints\nnknn_regression_best_califonia_housing_softmax_fold_1_retr.pth
[Stage1] Epoch 319 - Val R²: 0.6577 | Reg Val Loss: 0.3356
[Stage1] No improv. Best so far: 0.3356 (epoch 318)
[Stage1] Epoch 320 - Val R²: 0.6577 | Reg Val Loss: 0.3357
[Stage1] No improv. Best so far: 0.3356 (epoch 318)
[Stage1] Epoch 321 - Val R²: 0.6578 | Reg Val Loss: 0.3355
[Stage1] New best (epoch 321) Val Loss: 0.3355 — saved: checkpoints\nnknn_regression_best_califonia_housing_softmax_fold_1_retr.pth
[Stage1] Epoch 322 - Val R²: 0.6579 | Reg Val Loss: 0.3355
[Stage1] New best (epoch 322) Val Loss: 0.3355 — saved: checkpoints\nnknn_regression_best_califonia_housing_softmax_fold_1_retr.pth
[Stage1] Epoch 323 - Val R²: 0.6579 | Reg Val Loss: 0.3355
[Stage1] No improv. Best so far: 0.3355 (epoch 322)
[Stage1] Epoch 324 - Val R²: 0.6580 | Reg Val Loss: 0.3354
[Stage1] New best (epoch 324) Val Loss: 0.3354 — saved: checkpoints\nnknn_regression_best_califonia_housing_softmax_fold_1_retr.pth
[Stage1] Epoch 325 - Val R²: 0.6580 | Reg Val Loss: 0.3354
[Stage1] No improv. Best so far: 0.3354 (epoch 324)
[Stage1] Epoch 326 - Val R²: 0.6581 | Reg Val Loss: 0.3353
[Stage1] New best (epoch 326) Val Loss: 0.3353 — saved: checkpoints\nnknn_regression_best_califonia_housing_softmax_fold_1_retr.pth
[Stage1] Epoch 327 - Val R²: 0.6581 | Reg Val Loss: 0.3353
[Stage1] No improv. Best so far: 0.3353 (epoch 326)
[Stage1] Epoch 328 - Val R²: 0.6581 | Reg Val Loss: 0.3352
[Stage1] New best (epoch 328) Val Loss: 0.3352 — saved: checkpoints\nnknn_regression_best_califonia_housing_softmax_fold_1_retr.pth
[Stage1] Epoch 329 - Val R²: 0.6583 | Reg Val Loss: 0.3351
[Stage1] New best (epoch 329) Val Loss: 0.3351 — saved: checkpoints\nnknn_regression_best_califonia_housing_softmax_fold_1_retr.pth
[Stage1] Epoch 330 - Val R²: 0.6582 | Reg Val Loss: 0.3352
[Stage1] No improv. Best so far: 0.3351 (epoch 329)
[Stage1] Epoch 331 - Val R²: 0.6583 | Reg Val Loss: 0.3351
[Stage1] New best (epoch 331) Val Loss: 0.3351 — saved: checkpoints\nnknn_regression_best_califonia_housing_softmax_fold_1_retr.pth
[Stage1] Epoch 332 - Val R²: 0.6584 | Reg Val Loss: 0.3350
[Stage1] New best (epoch 332) Val Loss: 0.3350 — saved: checkpoints\nnknn_regression_best_califonia_housing_softmax_fold_1_retr.pth
[Stage1] Epoch 333 - Val R²: 0.6584 | Reg Val Loss: 0.3350
[Stage1] New best (epoch 333) Val Loss: 0.3350 — saved: checkpoints\nnknn_regression_best_califonia_housing_softmax_fold_1_retr.pth
[Stage1] Epoch 334 - Val R²: 0.6585 | Reg Val Loss: 0.3349
[Stage1] New best (epoch 334) Val Loss: 0.3349 — saved: checkpoints\nnknn_regression_best_califonia_housing_softmax_fold_1_retr.pth
[Stage1] Epoch 335 - Val R²: 0.6585 | Reg Val Loss: 0.3349
[Stage1] New best (epoch 335) Val Loss: 0.3349 — saved: checkpoints\nnknn_regression_best_califonia_housing_softmax_fold_1_retr.pth
[Stage1] Epoch 336 - Val R²: 0.6586 | Reg Val Loss: 0.3348
[Stage1] New best (epoch 336) Val Loss: 0.3348 — saved: checkpoints\nnknn_regression_best_califonia_housing_softmax_fold_1_retr.pth
[Stage1] Epoch 337 - Val R²: 0.6587 | Reg Val Loss: 0.3347
[Stage1] New best (epoch 337) Val Loss: 0.3347 — saved: checkpoints\nnknn_regression_best_califonia_housing_softmax_fold_1_retr.pth
[Stage1] Epoch 338 - Val R²: 0.6586 | Reg Val Loss: 0.3348
[Stage1] No improv. Best so far: 0.3347 (epoch 337)
[Stage1] Epoch 339 - Val R²: 0.6588 | Reg Val Loss: 0.3346
[Stage1] New best (epoch 339) Val Loss: 0.3346 — saved: checkpoints\nnknn_regression_best_califonia_housing_softmax_fold_1_retr.pth
[Stage1] Epoch 340 - Val R²: 0.6588 | Reg Val Loss: 0.3346
[Stage1] New best (epoch 340) Val Loss: 0.3346 — saved: checkpoints\nnknn_regression_best_califonia_housing_softmax_fold_1_retr.pth
[Stage1] Epoch 341 - Val R²: 0.6588 | Reg Val Loss: 0.3346
[Stage1] No improv. Best so far: 0.3346 (epoch 340)
[Stage1] Epoch 342 - Val R²: 0.6588 | Reg Val Loss: 0.3346
[Stage1] New best (epoch 342) Val Loss: 0.3346 — saved: checkpoints\nnknn_regression_best_califonia_housing_softmax_fold_1_retr.pth
[Stage1] Epoch 343 - Val R²: 0.6589 | Reg Val Loss: 0.3345
[Stage1] New best (epoch 343) Val Loss: 0.3345 — saved: checkpoints\nnknn_regression_best_califonia_housing_softmax_fold_1_retr.pth
[Stage1] Epoch 344 - Val R²: 0.6589 | Reg Val Loss: 0.3345
[Stage1] New best (epoch 344) Val Loss: 0.3345 — saved: checkpoints\nnknn_regression_best_califonia_housing_softmax_fold_1_retr.pth
[Stage1] Epoch 345 - Val R²: 0.6591 | Reg Val Loss: 0.3343
[Stage1] New best (epoch 345) Val Loss: 0.3343 — saved: checkpoints\nnknn_regression_best_califonia_housing_softmax_fold_1_retr.pth
[Stage1] Epoch 346 - Val R²: 0.6591 | Reg Val Loss: 0.3343
[Stage1] New best (epoch 346) Val Loss: 0.3343 — saved: checkpoints\nnknn_regression_best_califonia_housing_softmax_fold_1_retr.pth
[Stage1] Epoch 347 - Val R²: 0.6591 | Reg Val Loss: 0.3343
[Stage1] No improv. Best so far: 0.3343 (epoch 346)
[Stage1] Epoch 348 - Val R²: 0.6590 | Reg Val Loss: 0.3344
[Stage1] No improv. Best so far: 0.3343 (epoch 346)
[Stage1] Epoch 349 - Val R²: 0.6592 | Reg Val Loss: 0.3342
[Stage1] New best (epoch 349) Val Loss: 0.3342 — saved: checkpoints\nnknn_regression_best_califonia_housing_softmax_fold_1_retr.pth
[Stage1] Epoch 350 - Val R²: 0.6592 | Reg Val Loss: 0.3342
[Stage1] No improv. Best so far: 0.3342 (epoch 349)
[Stage1] Epoch 351 - Val R²: 0.6593 | Reg Val Loss: 0.3341
[Stage1] New best (epoch 351) Val Loss: 0.3341 — saved: checkpoints\nnknn_regression_best_califonia_housing_softmax_fold_1_retr.pth
[Stage1] Epoch 352 - Val R²: 0.6594 | Reg Val Loss: 0.3340
[Stage1] New best (epoch 352) Val Loss: 0.3340 — saved: checkpoints\nnknn_regression_best_califonia_housing_softmax_fold_1_retr.pth
[Stage1] Epoch 353 - Val R²: 0.6594 | Reg Val Loss: 0.3340
[Stage1] New best (epoch 353) Val Loss: 0.3340 — saved: checkpoints\nnknn_regression_best_califonia_housing_softmax_fold_1_retr.pth
[Stage1] Epoch 354 - Val R²: 0.6595 | Reg Val Loss: 0.3339
[Stage1] New best (epoch 354) Val Loss: 0.3339 — saved: checkpoints\nnknn_regression_best_califonia_housing_softmax_fold_1_retr.pth
[Stage1] Epoch 355 - Val R²: 0.6596 | Reg Val Loss: 0.3339
[Stage1] New best (epoch 355) Val Loss: 0.3339 — saved: checkpoints\nnknn_regression_best_califonia_housing_softmax_fold_1_retr.pth
[Stage1] Epoch 356 - Val R²: 0.6595 | Reg Val Loss: 0.3339
[Stage1] No improv. Best so far: 0.3339 (epoch 355)
[Stage1] Epoch 357 - Val R²: 0.6596 | Reg Val Loss: 0.3338
[Stage1] New best (epoch 357) Val Loss: 0.3338 — saved: checkpoints\nnknn_regression_best_califonia_housing_softmax_fold_1_retr.pth
[Stage1] Epoch 358 - Val R²: 0.6597 | Reg Val Loss: 0.3337
[Stage1] New best (epoch 358) Val Loss: 0.3337 — saved: checkpoints\nnknn_regression_best_califonia_housing_softmax_fold_1_retr.pth
[Stage1] Epoch 359 - Val R²: 0.6597 | Reg Val Loss: 0.3338
[Stage1] No improv. Best so far: 0.3337 (epoch 358)
[Stage1] Epoch 360 - Val R²: 0.6597 | Reg Val Loss: 0.3337
[Stage1] New best (epoch 360) Val Loss: 0.3337 — saved: checkpoints\nnknn_regression_best_califonia_housing_softmax_fold_1_retr.pth
[Stage1] Epoch 361 - Val R²: 0.6598 | Reg Val Loss: 0.3336
[Stage1] New best (epoch 361) Val Loss: 0.3336 — saved: checkpoints\nnknn_regression_best_califonia_housing_softmax_fold_1_retr.pth
[Stage1] Epoch 362 - Val R²: 0.6598 | Reg Val Loss: 0.3336
[Stage1] New best (epoch 362) Val Loss: 0.3336 — saved: checkpoints\nnknn_regression_best_califonia_housing_softmax_fold_1_retr.pth
[Stage1] Epoch 363 - Val R²: 0.6598 | Reg Val Loss: 0.3337
[Stage1] No improv. Best so far: 0.3336 (epoch 362)
[Stage1] Epoch 364 - Val R²: 0.6599 | Reg Val Loss: 0.3335
[Stage1] New best (epoch 364) Val Loss: 0.3335 — saved: checkpoints\nnknn_regression_best_califonia_housing_softmax_fold_1_retr.pth
[Stage1] Epoch 365 - Val R²: 0.6600 | Reg Val Loss: 0.3335
[Stage1] New best (epoch 365) Val Loss: 0.3335 — saved: checkpoints\nnknn_regression_best_califonia_housing_softmax_fold_1_retr.pth
[Stage1] Epoch 366 - Val R²: 0.6601 | Reg Val Loss: 0.3334
[Stage1] New best (epoch 366) Val Loss: 0.3334 — saved: checkpoints\nnknn_regression_best_califonia_housing_softmax_fold_1_retr.pth
[Stage1] Epoch 367 - Val R²: 0.6600 | Reg Val Loss: 0.3334
[Stage1] No improv. Best so far: 0.3334 (epoch 366)
[Stage1] Epoch 368 - Val R²: 0.6601 | Reg Val Loss: 0.3333
[Stage1] New best (epoch 368) Val Loss: 0.3333 — saved: checkpoints\nnknn_regression_best_califonia_housing_softmax_fold_1_retr.pth
[Stage1] Epoch 369 - Val R²: 0.6601 | Reg Val Loss: 0.3333
[Stage1] New best (epoch 369) Val Loss: 0.3333 — saved: checkpoints\nnknn_regression_best_califonia_housing_softmax_fold_1_retr.pth
[Stage1] Epoch 370 - Val R²: 0.6602 | Reg Val Loss: 0.3332
[Stage1] New best (epoch 370) Val Loss: 0.3332 — saved: checkpoints\nnknn_regression_best_califonia_housing_softmax_fold_1_retr.pth
[Stage1] Epoch 371 - Val R²: 0.6602 | Reg Val Loss: 0.3332
[Stage1] No improv. Best so far: 0.3332 (epoch 370)
[Stage1] Epoch 372 - Val R²: 0.6602 | Reg Val Loss: 0.3332
[Stage1] New best (epoch 372) Val Loss: 0.3332 — saved: checkpoints\nnknn_regression_best_califonia_housing_softmax_fold_1_retr.pth
[Stage1] Epoch 373 - Val R²: 0.6603 | Reg Val Loss: 0.3331
[Stage1] New best (epoch 373) Val Loss: 0.3331 — saved: checkpoints\nnknn_regression_best_califonia_housing_softmax_fold_1_retr.pth
[Stage1] Epoch 374 - Val R²: 0.6603 | Reg Val Loss: 0.3332
[Stage1] No improv. Best so far: 0.3331 (epoch 373)
[Stage1] Epoch 375 - Val R²: 0.6604 | Reg Val Loss: 0.3330
[Stage1] New best (epoch 375) Val Loss: 0.3330 — saved: checkpoints\nnknn_regression_best_califonia_housing_softmax_fold_1_retr.pth
[Stage1] Epoch 376 - Val R²: 0.6605 | Reg Val Loss: 0.3329
[Stage1] New best (epoch 376) Val Loss: 0.3329 — saved: checkpoints\nnknn_regression_best_califonia_housing_softmax_fold_1_retr.pth
[Stage1] Epoch 377 - Val R²: 0.6605 | Reg Val Loss: 0.3329
[Stage1] No improv. Best so far: 0.3329 (epoch 376)
[Stage1] Epoch 378 - Val R²: 0.6605 | Reg Val Loss: 0.3329
[Stage1] No improv. Best so far: 0.3329 (epoch 376)
[Stage1] Epoch 379 - Val R²: 0.6606 | Reg Val Loss: 0.3328
[Stage1] New best (epoch 379) Val Loss: 0.3328 — saved: checkpoints\nnknn_regression_best_califonia_housing_softmax_fold_1_retr.pth
[Stage1] Epoch 380 - Val R²: 0.6607 | Reg Val Loss: 0.3327
[Stage1] New best (epoch 380) Val Loss: 0.3327 — saved: checkpoints\nnknn_regression_best_califonia_housing_softmax_fold_1_retr.pth
[Stage1] Epoch 381 - Val R²: 0.6607 | Reg Val Loss: 0.3328
[Stage1] No improv. Best so far: 0.3327 (epoch 380)
[Stage1] Epoch 382 - Val R²: 0.6607 | Reg Val Loss: 0.3327
[Stage1] New best (epoch 382) Val Loss: 0.3327 — saved: checkpoints\nnknn_regression_best_califonia_housing_softmax_fold_1_retr.pth
[Stage1] Epoch 383 - Val R²: 0.6606 | Reg Val Loss: 0.3328
[Stage1] No improv. Best so far: 0.3327 (epoch 382)
[Stage1] Epoch 384 - Val R²: 0.6608 | Reg Val Loss: 0.3327
[Stage1] New best (epoch 384) Val Loss: 0.3327 — saved: checkpoints\nnknn_regression_best_califonia_housing_softmax_fold_1_retr.pth
[Stage1] Epoch 385 - Val R²: 0.6607 | Reg Val Loss: 0.3327
[Stage1] No improv. Best so far: 0.3327 (epoch 384)
[Stage1] Epoch 386 - Val R²: 0.6609 | Reg Val Loss: 0.3326
[Stage1] New best (epoch 386) Val Loss: 0.3326 — saved: checkpoints\nnknn_regression_best_califonia_housing_softmax_fold_1_retr.pth
[Stage1] Epoch 387 - Val R²: 0.6608 | Reg Val Loss: 0.3326
[Stage1] No improv. Best so far: 0.3326 (epoch 386)
[Stage1] Epoch 388 - Val R²: 0.6610 | Reg Val Loss: 0.3325
[Stage1] New best (epoch 388) Val Loss: 0.3325 — saved: checkpoints\nnknn_regression_best_califonia_housing_softmax_fold_1_retr.pth
[Stage1] Epoch 389 - Val R²: 0.6611 | Reg Val Loss: 0.3323
[Stage1] New best (epoch 389) Val Loss: 0.3323 — saved: checkpoints\nnknn_regression_best_califonia_housing_softmax_fold_1_retr.pth
[Stage1] Epoch 390 - Val R²: 0.6611 | Reg Val Loss: 0.3324
[Stage1] No improv. Best so far: 0.3323 (epoch 389)
[Stage1] Epoch 391 - Val R²: 0.6611 | Reg Val Loss: 0.3324
[Stage1] No improv. Best so far: 0.3323 (epoch 389)
[Stage1] Epoch 392 - Val R²: 0.6612 | Reg Val Loss: 0.3323
[Stage1] New best (epoch 392) Val Loss: 0.3323 — saved: checkpoints\nnknn_regression_best_califonia_housing_softmax_fold_1_retr.pth
[Stage1] Epoch 393 - Val R²: 0.6611 | Reg Val Loss: 0.3323
[Stage1] No improv. Best so far: 0.3323 (epoch 392)
[Stage1] Epoch 394 - Val R²: 0.6613 | Reg Val Loss: 0.3321
[Stage1] New best (epoch 394) Val Loss: 0.3321 — saved: checkpoints\nnknn_regression_best_califonia_housing_softmax_fold_1_retr.pth
[Stage1] Epoch 395 - Val R²: 0.6613 | Reg Val Loss: 0.3321
[Stage1] New best (epoch 395) Val Loss: 0.3321 — saved: checkpoints\nnknn_regression_best_califonia_housing_softmax_fold_1_retr.pth
[Stage1] Epoch 396 - Val R²: 0.6614 | Reg Val Loss: 0.3321
[Stage1] New best (epoch 396) Val Loss: 0.3321 — saved: checkpoints\nnknn_regression_best_califonia_housing_softmax_fold_1_retr.pth
[Stage1] Epoch 397 - Val R²: 0.6615 | Reg Val Loss: 0.3320
[Stage1] New best (epoch 397) Val Loss: 0.3320 — saved: checkpoints\nnknn_regression_best_califonia_housing_softmax_fold_1_retr.pth
[Stage1] Epoch 398 - Val R²: 0.6614 | Reg Val Loss: 0.3320
[Stage1] No improv. Best so far: 0.3320 (epoch 397)
[Stage1] Epoch 399 - Val R²: 0.6615 | Reg Val Loss: 0.3320
[Stage1] New best (epoch 399) Val Loss: 0.3320 — saved: checkpoints\nnknn_regression_best_califonia_housing_softmax_fold_1_retr.pth
[Stage1] Epoch 400 - Val R²: 0.6615 | Reg Val Loss: 0.3319
[Stage1] New best (epoch 400) Val Loss: 0.3319 — saved: checkpoints\nnknn_regression_best_califonia_housing_softmax_fold_1_retr.pth
[Stage1] Epoch 401 - Val R²: 0.6615 | Reg Val Loss: 0.3319
[Stage1] New best (epoch 401) Val Loss: 0.3319 — saved: checkpoints\nnknn_regression_best_califonia_housing_softmax_fold_1_retr.pth
[Stage1] Epoch 402 - Val R²: 0.6616 | Reg Val Loss: 0.3318
[Stage1] New best (epoch 402) Val Loss: 0.3318 — saved: checkpoints\nnknn_regression_best_califonia_housing_softmax_fold_1_retr.pth
[Stage1] Epoch 403 - Val R²: 0.6616 | Reg Val Loss: 0.3319
[Stage1] No improv. Best so far: 0.3318 (epoch 402)
[Stage1] Epoch 404 - Val R²: 0.6617 | Reg Val Loss: 0.3317
[Stage1] New best (epoch 404) Val Loss: 0.3317 — saved: checkpoints\nnknn_regression_best_califonia_housing_softmax_fold_1_retr.pth
[Stage1] Epoch 405 - Val R²: 0.6618 | Reg Val Loss: 0.3316
[Stage1] New best (epoch 405) Val Loss: 0.3316 — saved: checkpoints\nnknn_regression_best_califonia_housing_softmax_fold_1_retr.pth
[Stage1] Epoch 406 - Val R²: 0.6618 | Reg Val Loss: 0.3317
[Stage1] No improv. Best so far: 0.3316 (epoch 405)
[Stage1] Epoch 407 - Val R²: 0.6618 | Reg Val Loss: 0.3316
[Stage1] No improv. Best so far: 0.3316 (epoch 405)
[Stage1] Epoch 408 - Val R²: 0.6618 | Reg Val Loss: 0.3317
[Stage1] No improv. Best so far: 0.3316 (epoch 405)
[Stage1] Epoch 409 - Val R²: 0.6618 | Reg Val Loss: 0.3316
[Stage1] No improv. Best so far: 0.3316 (epoch 405)
[Stage1] Epoch 410 - Val R²: 0.6619 | Reg Val Loss: 0.3315
[Stage1] New best (epoch 410) Val Loss: 0.3315 — saved: checkpoints\nnknn_regression_best_califonia_housing_softmax_fold_1_retr.pth
[Stage1] Epoch 411 - Val R²: 0.6620 | Reg Val Loss: 0.3315
[Stage1] New best (epoch 411) Val Loss: 0.3315 — saved: checkpoints\nnknn_regression_best_califonia_housing_softmax_fold_1_retr.pth
[Stage1] Epoch 412 - Val R²: 0.6621 | Reg Val Loss: 0.3314
[Stage1] New best (epoch 412) Val Loss: 0.3314 — saved: checkpoints\nnknn_regression_best_califonia_housing_softmax_fold_1_retr.pth
[Stage1] Epoch 413 - Val R²: 0.6621 | Reg Val Loss: 0.3313
[Stage1] New best (epoch 413) Val Loss: 0.3313 — saved: checkpoints\nnknn_regression_best_califonia_housing_softmax_fold_1_retr.pth
[Stage1] Epoch 414 - Val R²: 0.6622 | Reg Val Loss: 0.3313
[Stage1] New best (epoch 414) Val Loss: 0.3313 — saved: checkpoints\nnknn_regression_best_califonia_housing_softmax_fold_1_retr.pth
[Stage1] Epoch 415 - Val R²: 0.6622 | Reg Val Loss: 0.3313
[Stage1] New best (epoch 415) Val Loss: 0.3313 — saved: checkpoints\nnknn_regression_best_califonia_housing_softmax_fold_1_retr.pth
[Stage1] Epoch 416 - Val R²: 0.6622 | Reg Val Loss: 0.3312
[Stage1] New best (epoch 416) Val Loss: 0.3312 — saved: checkpoints\nnknn_regression_best_califonia_housing_softmax_fold_1_retr.pth
[Stage1] Epoch 417 - Val R²: 0.6623 | Reg Val Loss: 0.3312
[Stage1] New best (epoch 417) Val Loss: 0.3312 — saved: checkpoints\nnknn_regression_best_califonia_housing_softmax_fold_1_retr.pth
[Stage1] Epoch 418 - Val R²: 0.6623 | Reg Val Loss: 0.3312
[Stage1] New best (epoch 418) Val Loss: 0.3312 — saved: checkpoints\nnknn_regression_best_califonia_housing_softmax_fold_1_retr.pth
[Stage1] Epoch 419 - Val R²: 0.6624 | Reg Val Loss: 0.3311
[Stage1] New best (epoch 419) Val Loss: 0.3311 — saved: checkpoints\nnknn_regression_best_califonia_housing_softmax_fold_1_retr.pth
[Stage1] Epoch 420 - Val R²: 0.6624 | Reg Val Loss: 0.3311
[Stage1] No improv. Best so far: 0.3311 (epoch 419)
[Stage1] Epoch 421 - Val R²: 0.6625 | Reg Val Loss: 0.3310
[Stage1] New best (epoch 421) Val Loss: 0.3310 — saved: checkpoints\nnknn_regression_best_califonia_housing_softmax_fold_1_retr.pth
[Stage1] Epoch 422 - Val R²: 0.6625 | Reg Val Loss: 0.3310
[Stage1] New best (epoch 422) Val Loss: 0.3310 — saved: checkpoints\nnknn_regression_best_califonia_housing_softmax_fold_1_retr.pth
[Stage1] Epoch 423 - Val R²: 0.6626 | Reg Val Loss: 0.3309
[Stage1] New best (epoch 423) Val Loss: 0.3309 — saved: checkpoints\nnknn_regression_best_califonia_housing_softmax_fold_1_retr.pth
[Stage1] Epoch 424 - Val R²: 0.6626 | Reg Val Loss: 0.3308
[Stage1] New best (epoch 424) Val Loss: 0.3308 — saved: checkpoints\nnknn_regression_best_califonia_housing_softmax_fold_1_retr.pth
[Stage1] Epoch 425 - Val R²: 0.6627 | Reg Val Loss: 0.3308
[Stage1] New best (epoch 425) Val Loss: 0.3308 — saved: checkpoints\nnknn_regression_best_califonia_housing_softmax_fold_1_retr.pth
[Stage1] Epoch 426 - Val R²: 0.6626 | Reg Val Loss: 0.3309
[Stage1] No improv. Best so far: 0.3308 (epoch 425)
[Stage1] Epoch 427 - Val R²: 0.6626 | Reg Val Loss: 0.3308
[Stage1] No improv. Best so far: 0.3308 (epoch 425)
[Stage1] Epoch 428 - Val R²: 0.6627 | Reg Val Loss: 0.3308
[Stage1] New best (epoch 428) Val Loss: 0.3308 — saved: checkpoints\nnknn_regression_best_califonia_housing_softmax_fold_1_retr.pth
[Stage1] Epoch 429 - Val R²: 0.6627 | Reg Val Loss: 0.3308
[Stage1] No improv. Best so far: 0.3308 (epoch 428)
[Stage1] Epoch 430 - Val R²: 0.6629 | Reg Val Loss: 0.3306
[Stage1] New best (epoch 430) Val Loss: 0.3306 — saved: checkpoints\nnknn_regression_best_califonia_housing_softmax_fold_1_retr.pth
[Stage1] Epoch 431 - Val R²: 0.6629 | Reg Val Loss: 0.3306
[Stage1] New best (epoch 431) Val Loss: 0.3306 — saved: checkpoints\nnknn_regression_best_califonia_housing_softmax_fold_1_retr.pth
[Stage1] Epoch 432 - Val R²: 0.6629 | Reg Val Loss: 0.3305
[Stage1] New best (epoch 432) Val Loss: 0.3305 — saved: checkpoints\nnknn_regression_best_califonia_housing_softmax_fold_1_retr.pth
[Stage1] Epoch 433 - Val R²: 0.6629 | Reg Val Loss: 0.3306
[Stage1] No improv. Best so far: 0.3305 (epoch 432)
[Stage1] Epoch 434 - Val R²: 0.6630 | Reg Val Loss: 0.3305
[Stage1] New best (epoch 434) Val Loss: 0.3305 — saved: checkpoints\nnknn_regression_best_califonia_housing_softmax_fold_1_retr.pth
[Stage1] Epoch 435 - Val R²: 0.6631 | Reg Val Loss: 0.3304
[Stage1] New best (epoch 435) Val Loss: 0.3304 — saved: checkpoints\nnknn_regression_best_califonia_housing_softmax_fold_1_retr.pth
[Stage1] Epoch 436 - Val R²: 0.6631 | Reg Val Loss: 0.3304
[Stage1] New best (epoch 436) Val Loss: 0.3304 — saved: checkpoints\nnknn_regression_best_califonia_housing_softmax_fold_1_retr.pth
[Stage1] Epoch 437 - Val R²: 0.6632 | Reg Val Loss: 0.3303
[Stage1] New best (epoch 437) Val Loss: 0.3303 — saved: checkpoints\nnknn_regression_best_califonia_housing_softmax_fold_1_retr.pth
[Stage1] Epoch 438 - Val R²: 0.6632 | Reg Val Loss: 0.3303
[Stage1] New best (epoch 438) Val Loss: 0.3303 — saved: checkpoints\nnknn_regression_best_califonia_housing_softmax_fold_1_retr.pth
[Stage1] Epoch 439 - Val R²: 0.6633 | Reg Val Loss: 0.3302
[Stage1] New best (epoch 439) Val Loss: 0.3302 — saved: checkpoints\nnknn_regression_best_califonia_housing_softmax_fold_1_retr.pth
[Stage1] Epoch 440 - Val R²: 0.6633 | Reg Val Loss: 0.3302
[Stage1] No improv. Best so far: 0.3302 (epoch 439)
[Stage1] Epoch 441 - Val R²: 0.6633 | Reg Val Loss: 0.3302
[Stage1] No improv. Best so far: 0.3302 (epoch 439)
[Stage1] Epoch 442 - Val R²: 0.6634 | Reg Val Loss: 0.3301
[Stage1] New best (epoch 442) Val Loss: 0.3301 — saved: checkpoints\nnknn_regression_best_califonia_housing_softmax_fold_1_retr.pth
[Stage1] Epoch 443 - Val R²: 0.6634 | Reg Val Loss: 0.3301
[Stage1] New best (epoch 443) Val Loss: 0.3301 — saved: checkpoints\nnknn_regression_best_califonia_housing_softmax_fold_1_retr.pth
[Stage1] Epoch 444 - Val R²: 0.6634 | Reg Val Loss: 0.3301
[Stage1] New best (epoch 444) Val Loss: 0.3301 — saved: checkpoints\nnknn_regression_best_califonia_housing_softmax_fold_1_retr.pth
[Stage1] Epoch 445 - Val R²: 0.6635 | Reg Val Loss: 0.3300
[Stage1] New best (epoch 445) Val Loss: 0.3300 — saved: checkpoints\nnknn_regression_best_califonia_housing_softmax_fold_1_retr.pth
[Stage1] Epoch 446 - Val R²: 0.6635 | Reg Val Loss: 0.3300
[Stage1] New best (epoch 446) Val Loss: 0.3300 — saved: checkpoints\nnknn_regression_best_califonia_housing_softmax_fold_1_retr.pth
[Stage1] Epoch 447 - Val R²: 0.6636 | Reg Val Loss: 0.3299
[Stage1] New best (epoch 447) Val Loss: 0.3299 — saved: checkpoints\nnknn_regression_best_califonia_housing_softmax_fold_1_retr.pth
[Stage1] Epoch 448 - Val R²: 0.6636 | Reg Val Loss: 0.3299
[Stage1] New best (epoch 448) Val Loss: 0.3299 — saved: checkpoints\nnknn_regression_best_califonia_housing_softmax_fold_1_retr.pth
[Stage1] Epoch 449 - Val R²: 0.6636 | Reg Val Loss: 0.3299
[Stage1] No improv. Best so far: 0.3299 (epoch 448)
[Stage1] Epoch 450 - Val R²: 0.6637 | Reg Val Loss: 0.3298
[Stage1] New best (epoch 450) Val Loss: 0.3298 — saved: checkpoints\nnknn_regression_best_califonia_housing_softmax_fold_1_retr.pth
[Stage1] Epoch 451 - Val R²: 0.6638 | Reg Val Loss: 0.3298
[Stage1] New best (epoch 451) Val Loss: 0.3298 — saved: checkpoints\nnknn_regression_best_califonia_housing_softmax_fold_1_retr.pth
[Stage1] Epoch 452 - Val R²: 0.6638 | Reg Val Loss: 0.3297
[Stage1] New best (epoch 452) Val Loss: 0.3297 — saved: checkpoints\nnknn_regression_best_califonia_housing_softmax_fold_1_retr.pth
[Stage1] Epoch 453 - Val R²: 0.6639 | Reg Val Loss: 0.3296
[Stage1] New best (epoch 453) Val Loss: 0.3296 — saved: checkpoints\nnknn_regression_best_califonia_housing_softmax_fold_1_retr.pth
[Stage1] Epoch 454 - Val R²: 0.6639 | Reg Val Loss: 0.3296
[Stage1] New best (epoch 454) Val Loss: 0.3296 — saved: checkpoints\nnknn_regression_best_califonia_housing_softmax_fold_1_retr.pth
[Stage1] Epoch 455 - Val R²: 0.6639 | Reg Val Loss: 0.3296
[Stage1] No improv. Best so far: 0.3296 (epoch 454)
[Stage1] Epoch 456 - Val R²: 0.6639 | Reg Val Loss: 0.3296
[Stage1] New best (epoch 456) Val Loss: 0.3296 — saved: checkpoints\nnknn_regression_best_califonia_housing_softmax_fold_1_retr.pth
[Stage1] Epoch 457 - Val R²: 0.6640 | Reg Val Loss: 0.3295
[Stage1] New best (epoch 457) Val Loss: 0.3295 — saved: checkpoints\nnknn_regression_best_califonia_housing_softmax_fold_1_retr.pth
[Stage1] Epoch 458 - Val R²: 0.6641 | Reg Val Loss: 0.3294
[Stage1] New best (epoch 458) Val Loss: 0.3294 — saved: checkpoints\nnknn_regression_best_califonia_housing_softmax_fold_1_retr.pth
[Stage1] Epoch 459 - Val R²: 0.6642 | Reg Val Loss: 0.3293
[Stage1] New best (epoch 459) Val Loss: 0.3293 — saved: checkpoints\nnknn_regression_best_califonia_housing_softmax_fold_1_retr.pth
[Stage1] Epoch 460 - Val R²: 0.6641 | Reg Val Loss: 0.3294
[Stage1] No improv. Best so far: 0.3293 (epoch 459)
[Stage1] Epoch 461 - Val R²: 0.6642 | Reg Val Loss: 0.3293
[Stage1] No improv. Best so far: 0.3293 (epoch 459)
[Stage1] Epoch 462 - Val R²: 0.6642 | Reg Val Loss: 0.3293
[Stage1] New best (epoch 462) Val Loss: 0.3293 — saved: checkpoints\nnknn_regression_best_califonia_housing_softmax_fold_1_retr.pth
[Stage1] Epoch 463 - Val R²: 0.6642 | Reg Val Loss: 0.3293
[Stage1] New best (epoch 463) Val Loss: 0.3293 — saved: checkpoints\nnknn_regression_best_califonia_housing_softmax_fold_1_retr.pth
[Stage1] Epoch 464 - Val R²: 0.6642 | Reg Val Loss: 0.3293
[Stage1] No improv. Best so far: 0.3293 (epoch 463)
[Stage1] Epoch 465 - Val R²: 0.6643 | Reg Val Loss: 0.3292
[Stage1] New best (epoch 465) Val Loss: 0.3292 — saved: checkpoints\nnknn_regression_best_califonia_housing_softmax_fold_1_retr.pth
[Stage1] Epoch 466 - Val R²: 0.6644 | Reg Val Loss: 0.3291
[Stage1] New best (epoch 466) Val Loss: 0.3291 — saved: checkpoints\nnknn_regression_best_califonia_housing_softmax_fold_1_retr.pth
[Stage1] Epoch 467 - Val R²: 0.6644 | Reg Val Loss: 0.3291
[Stage1] No improv. Best so far: 0.3291 (epoch 466)
[Stage1] Epoch 468 - Val R²: 0.6644 | Reg Val Loss: 0.3291
[Stage1] No improv. Best so far: 0.3291 (epoch 466)
[Stage1] Epoch 469 - Val R²: 0.6646 | Reg Val Loss: 0.3290
[Stage1] New best (epoch 469) Val Loss: 0.3290 — saved: checkpoints\nnknn_regression_best_califonia_housing_softmax_fold_1_retr.pth
[Stage1] Epoch 470 - Val R²: 0.6646 | Reg Val Loss: 0.3290
[Stage1] New best (epoch 470) Val Loss: 0.3290 — saved: checkpoints\nnknn_regression_best_califonia_housing_softmax_fold_1_retr.pth
[Stage1] Epoch 471 - Val R²: 0.6646 | Reg Val Loss: 0.3289
[Stage1] New best (epoch 471) Val Loss: 0.3289 — saved: checkpoints\nnknn_regression_best_califonia_housing_softmax_fold_1_retr.pth
[Stage1] Epoch 472 - Val R²: 0.6646 | Reg Val Loss: 0.3290
[Stage1] No improv. Best so far: 0.3289 (epoch 471)
[Stage1] Epoch 473 - Val R²: 0.6647 | Reg Val Loss: 0.3289
[Stage1] New best (epoch 473) Val Loss: 0.3289 — saved: checkpoints\nnknn_regression_best_califonia_housing_softmax_fold_1_retr.pth
[Stage1] Epoch 474 - Val R²: 0.6647 | Reg Val Loss: 0.3288
[Stage1] New best (epoch 474) Val Loss: 0.3288 — saved: checkpoints\nnknn_regression_best_califonia_housing_softmax_fold_1_retr.pth
[Stage1] Epoch 475 - Val R²: 0.6647 | Reg Val Loss: 0.3288
[Stage1] New best (epoch 475) Val Loss: 0.3288 — saved: checkpoints\nnknn_regression_best_califonia_housing_softmax_fold_1_retr.pth
[Stage1] Epoch 476 - Val R²: 0.6648 | Reg Val Loss: 0.3287
[Stage1] New best (epoch 476) Val Loss: 0.3287 — saved: checkpoints\nnknn_regression_best_califonia_housing_softmax_fold_1_retr.pth
[Stage1] Epoch 477 - Val R²: 0.6647 | Reg Val Loss: 0.3288
[Stage1] No improv. Best so far: 0.3287 (epoch 476)
[Stage1] Epoch 478 - Val R²: 0.6648 | Reg Val Loss: 0.3287
[Stage1] No improv. Best so far: 0.3287 (epoch 476)
[Stage1] Epoch 479 - Val R²: 0.6649 | Reg Val Loss: 0.3286
[Stage1] New best (epoch 479) Val Loss: 0.3286 — saved: checkpoints\nnknn_regression_best_califonia_housing_softmax_fold_1_retr.pth
[Stage1] Epoch 480 - Val R²: 0.6649 | Reg Val Loss: 0.3286
[Stage1] No improv. Best so far: 0.3286 (epoch 479)
[Stage1] Epoch 481 - Val R²: 0.6650 | Reg Val Loss: 0.3285
[Stage1] New best (epoch 481) Val Loss: 0.3285 — saved: checkpoints\nnknn_regression_best_califonia_housing_softmax_fold_1_retr.pth
[Stage1] Epoch 482 - Val R²: 0.6651 | Reg Val Loss: 0.3284
[Stage1] New best (epoch 482) Val Loss: 0.3284 — saved: checkpoints\nnknn_regression_best_califonia_housing_softmax_fold_1_retr.pth
[Stage1] Epoch 483 - Val R²: 0.6651 | Reg Val Loss: 0.3285
[Stage1] No improv. Best so far: 0.3284 (epoch 482)
[Stage1] Epoch 484 - Val R²: 0.6652 | Reg Val Loss: 0.3284
[Stage1] New best (epoch 484) Val Loss: 0.3284 — saved: checkpoints\nnknn_regression_best_califonia_housing_softmax_fold_1_retr.pth
[Stage1] Epoch 485 - Val R²: 0.6651 | Reg Val Loss: 0.3284
[Stage1] No improv. Best so far: 0.3284 (epoch 484)
[Stage1] Epoch 486 - Val R²: 0.6653 | Reg Val Loss: 0.3282
[Stage1] New best (epoch 486) Val Loss: 0.3282 — saved: checkpoints\nnknn_regression_best_califonia_housing_softmax_fold_1_retr.pth
[Stage1] Epoch 487 - Val R²: 0.6653 | Reg Val Loss: 0.3282
[Stage1] New best (epoch 487) Val Loss: 0.3282 — saved: checkpoints\nnknn_regression_best_califonia_housing_softmax_fold_1_retr.pth
[Stage1] Epoch 488 - Val R²: 0.6654 | Reg Val Loss: 0.3281
[Stage1] New best (epoch 488) Val Loss: 0.3281 — saved: checkpoints\nnknn_regression_best_califonia_housing_softmax_fold_1_retr.pth
[Stage1] Epoch 489 - Val R²: 0.6654 | Reg Val Loss: 0.3282
[Stage1] No improv. Best so far: 0.3281 (epoch 488)
[Stage1] Epoch 490 - Val R²: 0.6655 | Reg Val Loss: 0.3281
[Stage1] New best (epoch 490) Val Loss: 0.3281 — saved: checkpoints\nnknn_regression_best_califonia_housing_softmax_fold_1_retr.pth
[Stage1] Epoch 491 - Val R²: 0.6655 | Reg Val Loss: 0.3280
[Stage1] New best (epoch 491) Val Loss: 0.3280 — saved: checkpoints\nnknn_regression_best_califonia_housing_softmax_fold_1_retr.pth
[Stage1] Epoch 492 - Val R²: 0.6655 | Reg Val Loss: 0.3280
[Stage1] New best (epoch 492) Val Loss: 0.3280 — saved: checkpoints\nnknn_regression_best_califonia_housing_softmax_fold_1_retr.pth
[Stage1] Epoch 493 - Val R²: 0.6655 | Reg Val Loss: 0.3280
[Stage1] No improv. Best so far: 0.3280 (epoch 492)
[Stage1] Epoch 494 - Val R²: 0.6657 | Reg Val Loss: 0.3279
[Stage1] New best (epoch 494) Val Loss: 0.3279 — saved: checkpoints\nnknn_regression_best_califonia_housing_softmax_fold_1_retr.pth
[Stage1] Epoch 495 - Val R²: 0.6656 | Reg Val Loss: 0.3279
[Stage1] No improv. Best so far: 0.3279 (epoch 494)
[Stage1] Epoch 496 - Val R²: 0.6657 | Reg Val Loss: 0.3279
[Stage1] No improv. Best so far: 0.3279 (epoch 494)
[Stage1] Epoch 497 - Val R²: 0.6657 | Reg Val Loss: 0.3279
[Stage1] No improv. Best so far: 0.3279 (epoch 494)
[Stage1] Epoch 498 - Val R²: 0.6658 | Reg Val Loss: 0.3278
[Stage1] New best (epoch 498) Val Loss: 0.3278 — saved: checkpoints\nnknn_regression_best_califonia_housing_softmax_fold_1_retr.pth
[Stage1] Epoch 499 - Val R²: 0.6659 | Reg Val Loss: 0.3277
[Stage1] New best (epoch 499) Val Loss: 0.3277 — saved: checkpoints\nnknn_regression_best_califonia_housing_softmax_fold_1_retr.pth
[Stage1] Epoch 500 - Val R²: 0.6658 | Reg Val Loss: 0.3277
[Stage1] No improv. Best so far: 0.3277 (epoch 499)
[Stage1] Epoch 501 - Val R²: 0.6659 | Reg Val Loss: 0.3277
[Stage1] New best (epoch 501) Val Loss: 0.3277 — saved: checkpoints\nnknn_regression_best_califonia_housing_softmax_fold_1_retr.pth
[Stage1] Epoch 502 - Val R²: 0.6660 | Reg Val Loss: 0.3276
[Stage1] New best (epoch 502) Val Loss: 0.3276 — saved: checkpoints\nnknn_regression_best_califonia_housing_softmax_fold_1_retr.pth
[Stage1] Epoch 503 - Val R²: 0.6660 | Reg Val Loss: 0.3276
[Stage1] No improv. Best so far: 0.3276 (epoch 502)
[Stage1] Epoch 504 - Val R²: 0.6661 | Reg Val Loss: 0.3275
[Stage1] New best (epoch 504) Val Loss: 0.3275 — saved: checkpoints\nnknn_regression_best_califonia_housing_softmax_fold_1_retr.pth
[Stage1] Epoch 505 - Val R²: 0.6662 | Reg Val Loss: 0.3274
[Stage1] New best (epoch 505) Val Loss: 0.3274 — saved: checkpoints\nnknn_regression_best_califonia_housing_softmax_fold_1_retr.pth
[Stage1] Epoch 506 - Val R²: 0.6662 | Reg Val Loss: 0.3273
[Stage1] New best (epoch 506) Val Loss: 0.3273 — saved: checkpoints\nnknn_regression_best_califonia_housing_softmax_fold_1_retr.pth
[Stage1] Epoch 507 - Val R²: 0.6662 | Reg Val Loss: 0.3274
[Stage1] No improv. Best so far: 0.3273 (epoch 506)
[Stage1] Epoch 508 - Val R²: 0.6663 | Reg Val Loss: 0.3273
[Stage1] New best (epoch 508) Val Loss: 0.3273 — saved: checkpoints\nnknn_regression_best_califonia_housing_softmax_fold_1_retr.pth
[Stage1] Epoch 509 - Val R²: 0.6663 | Reg Val Loss: 0.3273
[Stage1] No improv. Best so far: 0.3273 (epoch 508)
[Stage1] Epoch 510 - Val R²: 0.6662 | Reg Val Loss: 0.3274
[Stage1] No improv. Best so far: 0.3273 (epoch 508)
[Stage1] Epoch 511 - Val R²: 0.6664 | Reg Val Loss: 0.3272
[Stage1] New best (epoch 511) Val Loss: 0.3272 — saved: checkpoints\nnknn_regression_best_califonia_housing_softmax_fold_1_retr.pth
[Stage1] Epoch 512 - Val R²: 0.6664 | Reg Val Loss: 0.3272
[Stage1] New best (epoch 512) Val Loss: 0.3272 — saved: checkpoints\nnknn_regression_best_califonia_housing_softmax_fold_1_retr.pth
[Stage1] Epoch 513 - Val R²: 0.6663 | Reg Val Loss: 0.3273
[Stage1] No improv. Best so far: 0.3272 (epoch 512)
[Stage1] Epoch 514 - Val R²: 0.6665 | Reg Val Loss: 0.3271
[Stage1] New best (epoch 514) Val Loss: 0.3271 — saved: checkpoints\nnknn_regression_best_califonia_housing_softmax_fold_1_retr.pth
[Stage1] Epoch 515 - Val R²: 0.6666 | Reg Val Loss: 0.3270
[Stage1] New best (epoch 515) Val Loss: 0.3270 — saved: checkpoints\nnknn_regression_best_califonia_housing_softmax_fold_1_retr.pth
[Stage1] Epoch 516 - Val R²: 0.6665 | Reg Val Loss: 0.3271
[Stage1] No improv. Best so far: 0.3270 (epoch 515)
[Stage1] Epoch 517 - Val R²: 0.6666 | Reg Val Loss: 0.3270
[Stage1] New best (epoch 517) Val Loss: 0.3270 — saved: checkpoints\nnknn_regression_best_califonia_housing_softmax_fold_1_retr.pth
[Stage1] Epoch 518 - Val R²: 0.6667 | Reg Val Loss: 0.3269
[Stage1] New best (epoch 518) Val Loss: 0.3269 — saved: checkpoints\nnknn_regression_best_califonia_housing_softmax_fold_1_retr.pth
[Stage1] Epoch 519 - Val R²: 0.6667 | Reg Val Loss: 0.3268
[Stage1] New best (epoch 519) Val Loss: 0.3268 — saved: checkpoints\nnknn_regression_best_califonia_housing_softmax_fold_1_retr.pth
[Stage1] Epoch 520 - Val R²: 0.6667 | Reg Val Loss: 0.3268
[Stage1] No improv. Best so far: 0.3268 (epoch 519)
[Stage1] Epoch 521 - Val R²: 0.6668 | Reg Val Loss: 0.3268
[Stage1] New best (epoch 521) Val Loss: 0.3268 — saved: checkpoints\nnknn_regression_best_califonia_housing_softmax_fold_1_retr.pth
[Stage1] Epoch 522 - Val R²: 0.6669 | Reg Val Loss: 0.3267
[Stage1] New best (epoch 522) Val Loss: 0.3267 — saved: checkpoints\nnknn_regression_best_califonia_housing_softmax_fold_1_retr.pth
[Stage1] Epoch 523 - Val R²: 0.6669 | Reg Val Loss: 0.3266
[Stage1] New best (epoch 523) Val Loss: 0.3266 — saved: checkpoints\nnknn_regression_best_califonia_housing_softmax_fold_1_retr.pth
[Stage1] Epoch 524 - Val R²: 0.6669 | Reg Val Loss: 0.3266
[Stage1] New best (epoch 524) Val Loss: 0.3266 — saved: checkpoints\nnknn_regression_best_califonia_housing_softmax_fold_1_retr.pth
[Stage1] Epoch 525 - Val R²: 0.6671 | Reg Val Loss: 0.3265
[Stage1] New best (epoch 525) Val Loss: 0.3265 — saved: checkpoints\nnknn_regression_best_califonia_housing_softmax_fold_1_retr.pth
[Stage1] Epoch 526 - Val R²: 0.6670 | Reg Val Loss: 0.3266
[Stage1] No improv. Best so far: 0.3265 (epoch 525)
[Stage1] Epoch 527 - Val R²: 0.6671 | Reg Val Loss: 0.3264
[Stage1] New best (epoch 527) Val Loss: 0.3264 — saved: checkpoints\nnknn_regression_best_califonia_housing_softmax_fold_1_retr.pth
[Stage1] Epoch 528 - Val R²: 0.6671 | Reg Val Loss: 0.3265
[Stage1] No improv. Best so far: 0.3264 (epoch 527)
[Stage1] Epoch 529 - Val R²: 0.6672 | Reg Val Loss: 0.3264
[Stage1] New best (epoch 529) Val Loss: 0.3264 — saved: checkpoints\nnknn_regression_best_califonia_housing_softmax_fold_1_retr.pth
[Stage1] Epoch 530 - Val R²: 0.6672 | Reg Val Loss: 0.3264
[Stage1] New best (epoch 530) Val Loss: 0.3264 — saved: checkpoints\nnknn_regression_best_califonia_housing_softmax_fold_1_retr.pth
[Stage1] Epoch 531 - Val R²: 0.6672 | Reg Val Loss: 0.3264
[Stage1] New best (epoch 531) Val Loss: 0.3264 — saved: checkpoints\nnknn_regression_best_califonia_housing_softmax_fold_1_retr.pth
[Stage1] Epoch 532 - Val R²: 0.6673 | Reg Val Loss: 0.3263
[Stage1] New best (epoch 532) Val Loss: 0.3263 — saved: checkpoints\nnknn_regression_best_califonia_housing_softmax_fold_1_retr.pth
[Stage1] Epoch 533 - Val R²: 0.6673 | Reg Val Loss: 0.3263
[Stage1] No improv. Best so far: 0.3263 (epoch 532)
[Stage1] Epoch 534 - Val R²: 0.6673 | Reg Val Loss: 0.3262
[Stage1] New best (epoch 534) Val Loss: 0.3262 — saved: checkpoints\nnknn_regression_best_califonia_housing_softmax_fold_1_retr.pth
[Stage1] Epoch 535 - Val R²: 0.6673 | Reg Val Loss: 0.3263
[Stage1] No improv. Best so far: 0.3262 (epoch 534)
[Stage1] Epoch 536 - Val R²: 0.6674 | Reg Val Loss: 0.3262
[Stage1] New best (epoch 536) Val Loss: 0.3262 — saved: checkpoints\nnknn_regression_best_califonia_housing_softmax_fold_1_retr.pth
[Stage1] Epoch 537 - Val R²: 0.6674 | Reg Val Loss: 0.3262
[Stage1] No improv. Best so far: 0.3262 (epoch 536)
[Stage1] Epoch 538 - Val R²: 0.6675 | Reg Val Loss: 0.3261
[Stage1] New best (epoch 538) Val Loss: 0.3261 — saved: checkpoints\nnknn_regression_best_califonia_housing_softmax_fold_1_retr.pth
[Stage1] Epoch 539 - Val R²: 0.6675 | Reg Val Loss: 0.3261
[Stage1] New best (epoch 539) Val Loss: 0.3261 — saved: checkpoints\nnknn_regression_best_califonia_housing_softmax_fold_1_retr.pth
[Stage1] Epoch 540 - Val R²: 0.6676 | Reg Val Loss: 0.3260
[Stage1] New best (epoch 540) Val Loss: 0.3260 — saved: checkpoints\nnknn_regression_best_califonia_housing_softmax_fold_1_retr.pth
[Stage1] Epoch 541 - Val R²: 0.6676 | Reg Val Loss: 0.3260
[Stage1] No improv. Best so far: 0.3260 (epoch 540)
[Stage1] Epoch 542 - Val R²: 0.6676 | Reg Val Loss: 0.3260
[Stage1] New best (epoch 542) Val Loss: 0.3260 — saved: checkpoints\nnknn_regression_best_califonia_housing_softmax_fold_1_retr.pth
[Stage1] Epoch 543 - Val R²: 0.6677 | Reg Val Loss: 0.3259
[Stage1] New best (epoch 543) Val Loss: 0.3259 — saved: checkpoints\nnknn_regression_best_califonia_housing_softmax_fold_1_retr.pth
[Stage1] Epoch 544 - Val R²: 0.6679 | Reg Val Loss: 0.3257
[Stage1] New best (epoch 544) Val Loss: 0.3257 — saved: checkpoints\nnknn_regression_best_califonia_housing_softmax_fold_1_retr.pth
[Stage1] Epoch 545 - Val R²: 0.6679 | Reg Val Loss: 0.3257
[Stage1] No improv. Best so far: 0.3257 (epoch 544)
[Stage1] Epoch 546 - Val R²: 0.6679 | Reg Val Loss: 0.3257
[Stage1] No improv. Best so far: 0.3257 (epoch 544)
[Stage1] Epoch 547 - Val R²: 0.6679 | Reg Val Loss: 0.3257
[Stage1] New best (epoch 547) Val Loss: 0.3257 — saved: checkpoints\nnknn_regression_best_califonia_housing_softmax_fold_1_retr.pth
[Stage1] Epoch 548 - Val R²: 0.6680 | Reg Val Loss: 0.3256
[Stage1] New best (epoch 548) Val Loss: 0.3256 — saved: checkpoints\nnknn_regression_best_califonia_housing_softmax_fold_1_retr.pth
[Stage1] Epoch 549 - Val R²: 0.6680 | Reg Val Loss: 0.3256
[Stage1] New best (epoch 549) Val Loss: 0.3256 — saved: checkpoints\nnknn_regression_best_califonia_housing_softmax_fold_1_retr.pth
[Stage1] Epoch 550 - Val R²: 0.6680 | Reg Val Loss: 0.3256
[Stage1] No improv. Best so far: 0.3256 (epoch 549)
[Stage1] Epoch 551 - Val R²: 0.6680 | Reg Val Loss: 0.3256
[Stage1] No improv. Best so far: 0.3256 (epoch 549)
[Stage1] Epoch 552 - Val R²: 0.6681 | Reg Val Loss: 0.3255
[Stage1] New best (epoch 552) Val Loss: 0.3255 — saved: checkpoints\nnknn_regression_best_califonia_housing_softmax_fold_1_retr.pth
[Stage1] Epoch 553 - Val R²: 0.6682 | Reg Val Loss: 0.3254
[Stage1] New best (epoch 553) Val Loss: 0.3254 — saved: checkpoints\nnknn_regression_best_califonia_housing_softmax_fold_1_retr.pth
[Stage1] Epoch 554 - Val R²: 0.6682 | Reg Val Loss: 0.3254
[Stage1] New best (epoch 554) Val Loss: 0.3254 — saved: checkpoints\nnknn_regression_best_califonia_housing_softmax_fold_1_retr.pth
[Stage1] Epoch 555 - Val R²: 0.6682 | Reg Val Loss: 0.3254
[Stage1] No improv. Best so far: 0.3254 (epoch 554)
[Stage1] Epoch 556 - Val R²: 0.6683 | Reg Val Loss: 0.3253
[Stage1] New best (epoch 556) Val Loss: 0.3253 — saved: checkpoints\nnknn_regression_best_califonia_housing_softmax_fold_1_retr.pth
[Stage1] Epoch 557 - Val R²: 0.6683 | Reg Val Loss: 0.3253
[Stage1] No improv. Best so far: 0.3253 (epoch 556)
[Stage1] Epoch 558 - Val R²: 0.6683 | Reg Val Loss: 0.3253
[Stage1] New best (epoch 558) Val Loss: 0.3253 — saved: checkpoints\nnknn_regression_best_califonia_housing_softmax_fold_1_retr.pth
[Stage1] Epoch 559 - Val R²: 0.6684 | Reg Val Loss: 0.3252
[Stage1] New best (epoch 559) Val Loss: 0.3252 — saved: checkpoints\nnknn_regression_best_califonia_housing_softmax_fold_1_retr.pth
[Stage1] Epoch 560 - Val R²: 0.6683 | Reg Val Loss: 0.3253
[Stage1] No improv. Best so far: 0.3252 (epoch 559)
[Stage1] Epoch 561 - Val R²: 0.6685 | Reg Val Loss: 0.3251
[Stage1] New best (epoch 561) Val Loss: 0.3251 — saved: checkpoints\nnknn_regression_best_califonia_housing_softmax_fold_1_retr.pth
[Stage1] Epoch 562 - Val R²: 0.6685 | Reg Val Loss: 0.3251
[Stage1] New best (epoch 562) Val Loss: 0.3251 — saved: checkpoints\nnknn_regression_best_califonia_housing_softmax_fold_1_retr.pth
[Stage1] Epoch 563 - Val R²: 0.6686 | Reg Val Loss: 0.3250
[Stage1] New best (epoch 563) Val Loss: 0.3250 — saved: checkpoints\nnknn_regression_best_califonia_housing_softmax_fold_1_retr.pth
[Stage1] Epoch 564 - Val R²: 0.6687 | Reg Val Loss: 0.3249
[Stage1] New best (epoch 564) Val Loss: 0.3249 — saved: checkpoints\nnknn_regression_best_califonia_housing_softmax_fold_1_retr.pth
[Stage1] Epoch 565 - Val R²: 0.6686 | Reg Val Loss: 0.3250
[Stage1] No improv. Best so far: 0.3249 (epoch 564)
[Stage1] Epoch 566 - Val R²: 0.6687 | Reg Val Loss: 0.3249
[Stage1] New best (epoch 566) Val Loss: 0.3249 — saved: checkpoints\nnknn_regression_best_califonia_housing_softmax_fold_1_retr.pth
[Stage1] Epoch 567 - Val R²: 0.6687 | Reg Val Loss: 0.3249
[Stage1] New best (epoch 567) Val Loss: 0.3249 — saved: checkpoints\nnknn_regression_best_califonia_housing_softmax_fold_1_retr.pth
[Stage1] Epoch 568 - Val R²: 0.6688 | Reg Val Loss: 0.3248
[Stage1] New best (epoch 568) Val Loss: 0.3248 — saved: checkpoints\nnknn_regression_best_califonia_housing_softmax_fold_1_retr.pth
[Stage1] Epoch 569 - Val R²: 0.6688 | Reg Val Loss: 0.3248
[Stage1] No improv. Best so far: 0.3248 (epoch 568)
[Stage1] Epoch 570 - Val R²: 0.6689 | Reg Val Loss: 0.3247
[Stage1] New best (epoch 570) Val Loss: 0.3247 — saved: checkpoints\nnknn_regression_best_califonia_housing_softmax_fold_1_retr.pth
[Stage1] Epoch 571 - Val R²: 0.6689 | Reg Val Loss: 0.3247
[Stage1] New best (epoch 571) Val Loss: 0.3247 — saved: checkpoints\nnknn_regression_best_califonia_housing_softmax_fold_1_retr.pth
[Stage1] Epoch 572 - Val R²: 0.6690 | Reg Val Loss: 0.3246
[Stage1] New best (epoch 572) Val Loss: 0.3246 — saved: checkpoints\nnknn_regression_best_califonia_housing_softmax_fold_1_retr.pth
[Stage1] Epoch 573 - Val R²: 0.6691 | Reg Val Loss: 0.3245
[Stage1] New best (epoch 573) Val Loss: 0.3245 — saved: checkpoints\nnknn_regression_best_califonia_housing_softmax_fold_1_retr.pth
[Stage1] Epoch 574 - Val R²: 0.6691 | Reg Val Loss: 0.3245
[Stage1] No improv. Best so far: 0.3245 (epoch 573)
[Stage1] Epoch 575 - Val R²: 0.6690 | Reg Val Loss: 0.3246
[Stage1] No improv. Best so far: 0.3245 (epoch 573)
[Stage1] Epoch 576 - Val R²: 0.6692 | Reg Val Loss: 0.3244
[Stage1] New best (epoch 576) Val Loss: 0.3244 — saved: checkpoints\nnknn_regression_best_califonia_housing_softmax_fold_1_retr.pth
[Stage1] Epoch 577 - Val R²: 0.6692 | Reg Val Loss: 0.3244
[Stage1] New best (epoch 577) Val Loss: 0.3244 — saved: checkpoints\nnknn_regression_best_califonia_housing_softmax_fold_1_retr.pth
[Stage1] Epoch 578 - Val R²: 0.6692 | Reg Val Loss: 0.3244
[Stage1] New best (epoch 578) Val Loss: 0.3244 — saved: checkpoints\nnknn_regression_best_califonia_housing_softmax_fold_1_retr.pth
[Stage1] Epoch 579 - Val R²: 0.6693 | Reg Val Loss: 0.3244
[Stage1] New best (epoch 579) Val Loss: 0.3244 — saved: checkpoints\nnknn_regression_best_califonia_housing_softmax_fold_1_retr.pth
[Stage1] Epoch 580 - Val R²: 0.6694 | Reg Val Loss: 0.3242
[Stage1] New best (epoch 580) Val Loss: 0.3242 — saved: checkpoints\nnknn_regression_best_califonia_housing_softmax_fold_1_retr.pth
[Stage1] Epoch 581 - Val R²: 0.6692 | Reg Val Loss: 0.3244
[Stage1] No improv. Best so far: 0.3242 (epoch 580)
[Stage1] Epoch 582 - Val R²: 0.6694 | Reg Val Loss: 0.3242
[Stage1] No improv. Best so far: 0.3242 (epoch 580)
[Stage1] Epoch 583 - Val R²: 0.6694 | Reg Val Loss: 0.3242
[Stage1] New best (epoch 583) Val Loss: 0.3242 — saved: checkpoints\nnknn_regression_best_califonia_housing_softmax_fold_1_retr.pth
[Stage1] Epoch 584 - Val R²: 0.6695 | Reg Val Loss: 0.3241
[Stage1] New best (epoch 584) Val Loss: 0.3241 — saved: checkpoints\nnknn_regression_best_califonia_housing_softmax_fold_1_retr.pth
[Stage1] Epoch 585 - Val R²: 0.6695 | Reg Val Loss: 0.3242
[Stage1] No improv. Best so far: 0.3241 (epoch 584)
[Stage1] Epoch 586 - Val R²: 0.6695 | Reg Val Loss: 0.3241
[Stage1] No improv. Best so far: 0.3241 (epoch 584)
[Stage1] Epoch 587 - Val R²: 0.6696 | Reg Val Loss: 0.3241
[Stage1] New best (epoch 587) Val Loss: 0.3241 — saved: checkpoints\nnknn_regression_best_califonia_housing_softmax_fold_1_retr.pth
[Stage1] Epoch 588 - Val R²: 0.6696 | Reg Val Loss: 0.3240
[Stage1] New best (epoch 588) Val Loss: 0.3240 — saved: checkpoints\nnknn_regression_best_califonia_housing_softmax_fold_1_retr.pth
[Stage1] Epoch 589 - Val R²: 0.6697 | Reg Val Loss: 0.3239
[Stage1] New best (epoch 589) Val Loss: 0.3239 — saved: checkpoints\nnknn_regression_best_califonia_housing_softmax_fold_1_retr.pth
[Stage1] Epoch 590 - Val R²: 0.6698 | Reg Val Loss: 0.3239
[Stage1] New best (epoch 590) Val Loss: 0.3239 — saved: checkpoints\nnknn_regression_best_califonia_housing_softmax_fold_1_retr.pth
[Stage1] Epoch 591 - Val R²: 0.6698 | Reg Val Loss: 0.3238
[Stage1] New best (epoch 591) Val Loss: 0.3238 — saved: checkpoints\nnknn_regression_best_califonia_housing_softmax_fold_1_retr.pth
[Stage1] Epoch 592 - Val R²: 0.6698 | Reg Val Loss: 0.3238
[Stage1] No improv. Best so far: 0.3238 (epoch 591)
[Stage1] Epoch 593 - Val R²: 0.6699 | Reg Val Loss: 0.3238
[Stage1] New best (epoch 593) Val Loss: 0.3238 — saved: checkpoints\nnknn_regression_best_califonia_housing_softmax_fold_1_retr.pth
[Stage1] Epoch 594 - Val R²: 0.6699 | Reg Val Loss: 0.3237
[Stage1] New best (epoch 594) Val Loss: 0.3237 — saved: checkpoints\nnknn_regression_best_califonia_housing_softmax_fold_1_retr.pth
[Stage1] Epoch 595 - Val R²: 0.6700 | Reg Val Loss: 0.3236
[Stage1] New best (epoch 595) Val Loss: 0.3236 — saved: checkpoints\nnknn_regression_best_califonia_housing_softmax_fold_1_retr.pth
[Stage1] Epoch 596 - Val R²: 0.6700 | Reg Val Loss: 0.3237
[Stage1] No improv. Best so far: 0.3236 (epoch 595)
[Stage1] Epoch 597 - Val R²: 0.6701 | Reg Val Loss: 0.3235
[Stage1] New best (epoch 597) Val Loss: 0.3235 — saved: checkpoints\nnknn_regression_best_califonia_housing_softmax_fold_1_retr.pth
[Stage1] Epoch 598 - Val R²: 0.6701 | Reg Val Loss: 0.3236
[Stage1] No improv. Best so far: 0.3235 (epoch 597)
[Stage1] Epoch 599 - Val R²: 0.6702 | Reg Val Loss: 0.3234
[Stage1] New best (epoch 599) Val Loss: 0.3234 — saved: checkpoints\nnknn_regression_best_califonia_housing_softmax_fold_1_retr.pth
[Stage1] Epoch 600 - Val R²: 0.6701 | Reg Val Loss: 0.3235
[Stage1] No improv. Best so far: 0.3234 (epoch 599)
[Stage1] Epoch 601 - Val R²: 0.6702 | Reg Val Loss: 0.3234
[Stage1] New best (epoch 601) Val Loss: 0.3234 — saved: checkpoints\nnknn_regression_best_califonia_housing_softmax_fold_1_retr.pth
[Stage1] Epoch 602 - Val R²: 0.6702 | Reg Val Loss: 0.3234
[Stage1] No improv. Best so far: 0.3234 (epoch 601)
[Stage1] Epoch 603 - Val R²: 0.6702 | Reg Val Loss: 0.3234
[Stage1] No improv. Best so far: 0.3234 (epoch 601)
[Stage1] Epoch 604 - Val R²: 0.6703 | Reg Val Loss: 0.3233
[Stage1] New best (epoch 604) Val Loss: 0.3233 — saved: checkpoints\nnknn_regression_best_califonia_housing_softmax_fold_1_retr.pth
[Stage1] Epoch 605 - Val R²: 0.6704 | Reg Val Loss: 0.3233
[Stage1] New best (epoch 605) Val Loss: 0.3233 — saved: checkpoints\nnknn_regression_best_califonia_housing_softmax_fold_1_retr.pth
[Stage1] Epoch 606 - Val R²: 0.6704 | Reg Val Loss: 0.3232
[Stage1] New best (epoch 606) Val Loss: 0.3232 — saved: checkpoints\nnknn_regression_best_califonia_housing_softmax_fold_1_retr.pth
[Stage1] Epoch 607 - Val R²: 0.6704 | Reg Val Loss: 0.3233
[Stage1] No improv. Best so far: 0.3232 (epoch 606)
[Stage1] Epoch 608 - Val R²: 0.6705 | Reg Val Loss: 0.3231
[Stage1] New best (epoch 608) Val Loss: 0.3231 — saved: checkpoints\nnknn_regression_best_califonia_housing_softmax_fold_1_retr.pth
[Stage1] Epoch 609 - Val R²: 0.6706 | Reg Val Loss: 0.3231
[Stage1] New best (epoch 609) Val Loss: 0.3231 — saved: checkpoints\nnknn_regression_best_califonia_housing_softmax_fold_1_retr.pth
[Stage1] Epoch 610 - Val R²: 0.6705 | Reg Val Loss: 0.3231
[Stage1] No improv. Best so far: 0.3231 (epoch 609)
[Stage1] Epoch 611 - Val R²: 0.6707 | Reg Val Loss: 0.3230
[Stage1] New best (epoch 611) Val Loss: 0.3230 — saved: checkpoints\nnknn_regression_best_califonia_housing_softmax_fold_1_retr.pth
[Stage1] Epoch 612 - Val R²: 0.6706 | Reg Val Loss: 0.3230
[Stage1] No improv. Best so far: 0.3230 (epoch 611)
[Stage1] Epoch 613 - Val R²: 0.6707 | Reg Val Loss: 0.3230
[Stage1] New best (epoch 613) Val Loss: 0.3230 — saved: checkpoints\nnknn_regression_best_califonia_housing_softmax_fold_1_retr.pth
[Stage1] Epoch 614 - Val R²: 0.6706 | Reg Val Loss: 0.3231
[Stage1] No improv. Best so far: 0.3230 (epoch 613)
[Stage1] Epoch 615 - Val R²: 0.6708 | Reg Val Loss: 0.3229
[Stage1] New best (epoch 615) Val Loss: 0.3229 — saved: checkpoints\nnknn_regression_best_califonia_housing_softmax_fold_1_retr.pth
[Stage1] Epoch 616 - Val R²: 0.6708 | Reg Val Loss: 0.3229
[Stage1] New best (epoch 616) Val Loss: 0.3229 — saved: checkpoints\nnknn_regression_best_califonia_housing_softmax_fold_1_retr.pth
[Stage1] Epoch 617 - Val R²: 0.6709 | Reg Val Loss: 0.3228
[Stage1] New best (epoch 617) Val Loss: 0.3228 — saved: checkpoints\nnknn_regression_best_califonia_housing_softmax_fold_1_retr.pth
[Stage1] Epoch 618 - Val R²: 0.6709 | Reg Val Loss: 0.3227
[Stage1] New best (epoch 618) Val Loss: 0.3227 — saved: checkpoints\nnknn_regression_best_califonia_housing_softmax_fold_1_retr.pth
[Stage1] Epoch 619 - Val R²: 0.6710 | Reg Val Loss: 0.3227
[Stage1] New best (epoch 619) Val Loss: 0.3227 — saved: checkpoints\nnknn_regression_best_califonia_housing_softmax_fold_1_retr.pth
[Stage1] Epoch 620 - Val R²: 0.6709 | Reg Val Loss: 0.3227
[Stage1] No improv. Best so far: 0.3227 (epoch 619)
[Stage1] Epoch 621 - Val R²: 0.6711 | Reg Val Loss: 0.3225
[Stage1] New best (epoch 621) Val Loss: 0.3225 — saved: checkpoints\nnknn_regression_best_califonia_housing_softmax_fold_1_retr.pth
[Stage1] Epoch 622 - Val R²: 0.6710 | Reg Val Loss: 0.3226
[Stage1] No improv. Best so far: 0.3225 (epoch 621)
[Stage1] Epoch 623 - Val R²: 0.6710 | Reg Val Loss: 0.3227
[Stage1] No improv. Best so far: 0.3225 (epoch 621)
[Stage1] Epoch 624 - Val R²: 0.6711 | Reg Val Loss: 0.3225
[Stage1] New best (epoch 624) Val Loss: 0.3225 — saved: checkpoints\nnknn_regression_best_califonia_housing_softmax_fold_1_retr.pth
[Stage1] Epoch 625 - Val R²: 0.6710 | Reg Val Loss: 0.3226
[Stage1] No improv. Best so far: 0.3225 (epoch 624)
[Stage1] Epoch 626 - Val R²: 0.6712 | Reg Val Loss: 0.3225
[Stage1] New best (epoch 626) Val Loss: 0.3225 — saved: checkpoints\nnknn_regression_best_califonia_housing_softmax_fold_1_retr.pth
[Stage1] Epoch 627 - Val R²: 0.6713 | Reg Val Loss: 0.3224
[Stage1] New best (epoch 627) Val Loss: 0.3224 — saved: checkpoints\nnknn_regression_best_califonia_housing_softmax_fold_1_retr.pth
[Stage1] Epoch 628 - Val R²: 0.6713 | Reg Val Loss: 0.3224
[Stage1] New best (epoch 628) Val Loss: 0.3224 — saved: checkpoints\nnknn_regression_best_califonia_housing_softmax_fold_1_retr.pth
[Stage1] Epoch 629 - Val R²: 0.6714 | Reg Val Loss: 0.3223
[Stage1] New best (epoch 629) Val Loss: 0.3223 — saved: checkpoints\nnknn_regression_best_califonia_housing_softmax_fold_1_retr.pth
[Stage1] Epoch 630 - Val R²: 0.6713 | Reg Val Loss: 0.3223
[Stage1] No improv. Best so far: 0.3223 (epoch 629)
[Stage1] Epoch 631 - Val R²: 0.6714 | Reg Val Loss: 0.3223
[Stage1] New best (epoch 631) Val Loss: 0.3223 — saved: checkpoints\nnknn_regression_best_califonia_housing_softmax_fold_1_retr.pth
[Stage1] Epoch 632 - Val R²: 0.6714 | Reg Val Loss: 0.3222
[Stage1] New best (epoch 632) Val Loss: 0.3222 — saved: checkpoints\nnknn_regression_best_califonia_housing_softmax_fold_1_retr.pth
[Stage1] Epoch 633 - Val R²: 0.6715 | Reg Val Loss: 0.3221
[Stage1] New best (epoch 633) Val Loss: 0.3221 — saved: checkpoints\nnknn_regression_best_califonia_housing_softmax_fold_1_retr.pth
[Stage1] Epoch 634 - Val R²: 0.6716 | Reg Val Loss: 0.3221
[Stage1] New best (epoch 634) Val Loss: 0.3221 — saved: checkpoints\nnknn_regression_best_califonia_housing_softmax_fold_1_retr.pth
[Stage1] Epoch 635 - Val R²: 0.6716 | Reg Val Loss: 0.3221
[Stage1] No improv. Best so far: 0.3221 (epoch 634)
[Stage1] Epoch 636 - Val R²: 0.6717 | Reg Val Loss: 0.3220
[Stage1] New best (epoch 636) Val Loss: 0.3220 — saved: checkpoints\nnknn_regression_best_califonia_housing_softmax_fold_1_retr.pth
[Stage1] Epoch 637 - Val R²: 0.6717 | Reg Val Loss: 0.3220
[Stage1] No improv. Best so far: 0.3220 (epoch 636)
[Stage1] Epoch 638 - Val R²: 0.6717 | Reg Val Loss: 0.3219
[Stage1] New best (epoch 638) Val Loss: 0.3219 — saved: checkpoints\nnknn_regression_best_califonia_housing_softmax_fold_1_retr.pth
[Stage1] Epoch 639 - Val R²: 0.6718 | Reg Val Loss: 0.3219
[Stage1] New best (epoch 639) Val Loss: 0.3219 — saved: checkpoints\nnknn_regression_best_califonia_housing_softmax_fold_1_retr.pth
[Stage1] Epoch 640 - Val R²: 0.6719 | Reg Val Loss: 0.3218
[Stage1] New best (epoch 640) Val Loss: 0.3218 — saved: checkpoints\nnknn_regression_best_califonia_housing_softmax_fold_1_retr.pth
[Stage1] Epoch 641 - Val R²: 0.6720 | Reg Val Loss: 0.3217
[Stage1] New best (epoch 641) Val Loss: 0.3217 — saved: checkpoints\nnknn_regression_best_califonia_housing_softmax_fold_1_retr.pth
[Stage1] Epoch 642 - Val R²: 0.6720 | Reg Val Loss: 0.3216
[Stage1] New best (epoch 642) Val Loss: 0.3216 — saved: checkpoints\nnknn_regression_best_califonia_housing_softmax_fold_1_retr.pth
[Stage1] Epoch 643 - Val R²: 0.6720 | Reg Val Loss: 0.3217
[Stage1] No improv. Best so far: 0.3216 (epoch 642)
[Stage1] Epoch 644 - Val R²: 0.6720 | Reg Val Loss: 0.3217
[Stage1] No improv. Best so far: 0.3216 (epoch 642)
[Stage1] Epoch 645 - Val R²: 0.6719 | Reg Val Loss: 0.3217
[Stage1] No improv. Best so far: 0.3216 (epoch 642)
[Stage1] Epoch 646 - Val R²: 0.6721 | Reg Val Loss: 0.3216
[Stage1] New best (epoch 646) Val Loss: 0.3216 — saved: checkpoints\nnknn_regression_best_califonia_housing_softmax_fold_1_retr.pth
[Stage1] Epoch 647 - Val R²: 0.6720 | Reg Val Loss: 0.3216
[Stage1] No improv. Best so far: 0.3216 (epoch 646)
[Stage1] Epoch 648 - Val R²: 0.6722 | Reg Val Loss: 0.3215
[Stage1] New best (epoch 648) Val Loss: 0.3215 — saved: checkpoints\nnknn_regression_best_califonia_housing_softmax_fold_1_retr.pth
[Stage1] Epoch 649 - Val R²: 0.6722 | Reg Val Loss: 0.3215
[Stage1] No improv. Best so far: 0.3215 (epoch 648)
[Stage1] Epoch 650 - Val R²: 0.6722 | Reg Val Loss: 0.3215
[Stage1] New best (epoch 650) Val Loss: 0.3215 — saved: checkpoints\nnknn_regression_best_califonia_housing_softmax_fold_1_retr.pth
[Stage1] Epoch 651 - Val R²: 0.6722 | Reg Val Loss: 0.3214
[Stage1] New best (epoch 651) Val Loss: 0.3214 — saved: checkpoints\nnknn_regression_best_califonia_housing_softmax_fold_1_retr.pth
[Stage1] Epoch 652 - Val R²: 0.6724 | Reg Val Loss: 0.3213
[Stage1] New best (epoch 652) Val Loss: 0.3213 — saved: checkpoints\nnknn_regression_best_califonia_housing_softmax_fold_1_retr.pth
[Stage1] Epoch 653 - Val R²: 0.6723 | Reg Val Loss: 0.3213
[Stage1] No improv. Best so far: 0.3213 (epoch 652)
[Stage1] Epoch 654 - Val R²: 0.6724 | Reg Val Loss: 0.3213
[Stage1] New best (epoch 654) Val Loss: 0.3213 — saved: checkpoints\nnknn_regression_best_califonia_housing_softmax_fold_1_retr.pth
[Stage1] Epoch 655 - Val R²: 0.6724 | Reg Val Loss: 0.3212
[Stage1] New best (epoch 655) Val Loss: 0.3212 — saved: checkpoints\nnknn_regression_best_califonia_housing_softmax_fold_1_retr.pth
[Stage1] Epoch 656 - Val R²: 0.6724 | Reg Val Loss: 0.3213
[Stage1] No improv. Best so far: 0.3212 (epoch 655)
[Stage1] Epoch 657 - Val R²: 0.6725 | Reg Val Loss: 0.3212
[Stage1] New best (epoch 657) Val Loss: 0.3212 — saved: checkpoints\nnknn_regression_best_califonia_housing_softmax_fold_1_retr.pth
[Stage1] Epoch 658 - Val R²: 0.6725 | Reg Val Loss: 0.3212
[Stage1] New best (epoch 658) Val Loss: 0.3212 — saved: checkpoints\nnknn_regression_best_califonia_housing_softmax_fold_1_retr.pth
[Stage1] Epoch 659 - Val R²: 0.6725 | Reg Val Loss: 0.3212
[Stage1] No improv. Best so far: 0.3212 (epoch 658)
[Stage1] Epoch 660 - Val R²: 0.6726 | Reg Val Loss: 0.3211
[Stage1] New best (epoch 660) Val Loss: 0.3211 — saved: checkpoints\nnknn_regression_best_califonia_housing_softmax_fold_1_retr.pth
[Stage1] Epoch 661 - Val R²: 0.6727 | Reg Val Loss: 0.3210
[Stage1] New best (epoch 661) Val Loss: 0.3210 — saved: checkpoints\nnknn_regression_best_califonia_housing_softmax_fold_1_retr.pth
[Stage1] Epoch 662 - Val R²: 0.6728 | Reg Val Loss: 0.3209
[Stage1] New best (epoch 662) Val Loss: 0.3209 — saved: checkpoints\nnknn_regression_best_califonia_housing_softmax_fold_1_retr.pth
[Stage1] Epoch 663 - Val R²: 0.6727 | Reg Val Loss: 0.3210
[Stage1] No improv. Best so far: 0.3209 (epoch 662)
[Stage1] Epoch 664 - Val R²: 0.6728 | Reg Val Loss: 0.3209
[Stage1] New best (epoch 664) Val Loss: 0.3209 — saved: checkpoints\nnknn_regression_best_califonia_housing_softmax_fold_1_retr.pth
[Stage1] Epoch 665 - Val R²: 0.6729 | Reg Val Loss: 0.3208
[Stage1] New best (epoch 665) Val Loss: 0.3208 — saved: checkpoints\nnknn_regression_best_califonia_housing_softmax_fold_1_retr.pth
[Stage1] Epoch 666 - Val R²: 0.6729 | Reg Val Loss: 0.3208
[Stage1] New best (epoch 666) Val Loss: 0.3208 — saved: checkpoints\nnknn_regression_best_califonia_housing_softmax_fold_1_retr.pth
[Stage1] Epoch 667 - Val R²: 0.6729 | Reg Val Loss: 0.3208
[Stage1] New best (epoch 667) Val Loss: 0.3208 — saved: checkpoints\nnknn_regression_best_califonia_housing_softmax_fold_1_retr.pth
[Stage1] Epoch 668 - Val R²: 0.6730 | Reg Val Loss: 0.3207
[Stage1] New best (epoch 668) Val Loss: 0.3207 — saved: checkpoints\nnknn_regression_best_califonia_housing_softmax_fold_1_retr.pth
[Stage1] Epoch 669 - Val R²: 0.6730 | Reg Val Loss: 0.3207
[Stage1] New best (epoch 669) Val Loss: 0.3207 — saved: checkpoints\nnknn_regression_best_califonia_housing_softmax_fold_1_retr.pth
[Stage1] Epoch 670 - Val R²: 0.6731 | Reg Val Loss: 0.3206
[Stage1] New best (epoch 670) Val Loss: 0.3206 — saved: checkpoints\nnknn_regression_best_califonia_housing_softmax_fold_1_retr.pth
[Stage1] Epoch 671 - Val R²: 0.6730 | Reg Val Loss: 0.3207
[Stage1] No improv. Best so far: 0.3206 (epoch 670)
[Stage1] Epoch 672 - Val R²: 0.6731 | Reg Val Loss: 0.3205
[Stage1] New best (epoch 672) Val Loss: 0.3205 — saved: checkpoints\nnknn_regression_best_califonia_housing_softmax_fold_1_retr.pth
[Stage1] Epoch 673 - Val R²: 0.6732 | Reg Val Loss: 0.3205
[Stage1] New best (epoch 673) Val Loss: 0.3205 — saved: checkpoints\nnknn_regression_best_califonia_housing_softmax_fold_1_retr.pth
[Stage1] Epoch 674 - Val R²: 0.6731 | Reg Val Loss: 0.3205
[Stage1] No improv. Best so far: 0.3205 (epoch 673)
[Stage1] Epoch 675 - Val R²: 0.6732 | Reg Val Loss: 0.3205
[Stage1] New best (epoch 675) Val Loss: 0.3205 — saved: checkpoints\nnknn_regression_best_califonia_housing_softmax_fold_1_retr.pth
[Stage1] Epoch 676 - Val R²: 0.6733 | Reg Val Loss: 0.3204
[Stage1] New best (epoch 676) Val Loss: 0.3204 — saved: checkpoints\nnknn_regression_best_califonia_housing_softmax_fold_1_retr.pth
[Stage1] Epoch 677 - Val R²: 0.6733 | Reg Val Loss: 0.3204
[Stage1] New best (epoch 677) Val Loss: 0.3204 — saved: checkpoints\nnknn_regression_best_califonia_housing_softmax_fold_1_retr.pth
[Stage1] Epoch 678 - Val R²: 0.6733 | Reg Val Loss: 0.3204
[Stage1] New best (epoch 678) Val Loss: 0.3204 — saved: checkpoints\nnknn_regression_best_califonia_housing_softmax_fold_1_retr.pth
[Stage1] Epoch 679 - Val R²: 0.6734 | Reg Val Loss: 0.3203
[Stage1] New best (epoch 679) Val Loss: 0.3203 — saved: checkpoints\nnknn_regression_best_califonia_housing_softmax_fold_1_retr.pth
[Stage1] Epoch 680 - Val R²: 0.6734 | Reg Val Loss: 0.3203
[Stage1] New best (epoch 680) Val Loss: 0.3203 — saved: checkpoints\nnknn_regression_best_califonia_housing_softmax_fold_1_retr.pth
[Stage1] Epoch 681 - Val R²: 0.6735 | Reg Val Loss: 0.3202
[Stage1] New best (epoch 681) Val Loss: 0.3202 — saved: checkpoints\nnknn_regression_best_califonia_housing_softmax_fold_1_retr.pth
[Stage1] Epoch 682 - Val R²: 0.6735 | Reg Val Loss: 0.3202
[Stage1] No improv. Best so far: 0.3202 (epoch 681)
[Stage1] Epoch 683 - Val R²: 0.6736 | Reg Val Loss: 0.3201
[Stage1] New best (epoch 683) Val Loss: 0.3201 — saved: checkpoints\nnknn_regression_best_califonia_housing_softmax_fold_1_retr.pth
[Stage1] Epoch 684 - Val R²: 0.6736 | Reg Val Loss: 0.3201
[Stage1] No improv. Best so far: 0.3201 (epoch 683)
[Stage1] Epoch 685 - Val R²: 0.6736 | Reg Val Loss: 0.3201
[Stage1] No improv. Best so far: 0.3201 (epoch 683)
[Stage1] Epoch 686 - Val R²: 0.6737 | Reg Val Loss: 0.3200
[Stage1] New best (epoch 686) Val Loss: 0.3200 — saved: checkpoints\nnknn_regression_best_califonia_housing_softmax_fold_1_retr.pth
[Stage1] Epoch 687 - Val R²: 0.6736 | Reg Val Loss: 0.3201
[Stage1] No improv. Best so far: 0.3200 (epoch 686)
[Stage1] Epoch 688 - Val R²: 0.6738 | Reg Val Loss: 0.3199
[Stage1] New best (epoch 688) Val Loss: 0.3199 — saved: checkpoints\nnknn_regression_best_califonia_housing_softmax_fold_1_retr.pth
[Stage1] Epoch 689 - Val R²: 0.6738 | Reg Val Loss: 0.3199
[Stage1] New best (epoch 689) Val Loss: 0.3199 — saved: checkpoints\nnknn_regression_best_califonia_housing_softmax_fold_1_retr.pth
[Stage1] Epoch 690 - Val R²: 0.6738 | Reg Val Loss: 0.3199
[Stage1] New best (epoch 690) Val Loss: 0.3199 — saved: checkpoints\nnknn_regression_best_califonia_housing_softmax_fold_1_retr.pth
[Stage1] Epoch 691 - Val R²: 0.6739 | Reg Val Loss: 0.3198
[Stage1] New best (epoch 691) Val Loss: 0.3198 — saved: checkpoints\nnknn_regression_best_califonia_housing_softmax_fold_1_retr.pth
[Stage1] Epoch 692 - Val R²: 0.6739 | Reg Val Loss: 0.3198
[Stage1] New best (epoch 692) Val Loss: 0.3198 — saved: checkpoints\nnknn_regression_best_califonia_housing_softmax_fold_1_retr.pth
[Stage1] Epoch 693 - Val R²: 0.6739 | Reg Val Loss: 0.3198
[Stage1] New best (epoch 693) Val Loss: 0.3198 — saved: checkpoints\nnknn_regression_best_califonia_housing_softmax_fold_1_retr.pth
[Stage1] Epoch 694 - Val R²: 0.6740 | Reg Val Loss: 0.3197
[Stage1] New best (epoch 694) Val Loss: 0.3197 — saved: checkpoints\nnknn_regression_best_califonia_housing_softmax_fold_1_retr.pth
[Stage1] Epoch 695 - Val R²: 0.6740 | Reg Val Loss: 0.3197
[Stage1] New best (epoch 695) Val Loss: 0.3197 — saved: checkpoints\nnknn_regression_best_califonia_housing_softmax_fold_1_retr.pth
[Stage1] Epoch 696 - Val R²: 0.6741 | Reg Val Loss: 0.3196
[Stage1] New best (epoch 696) Val Loss: 0.3196 — saved: checkpoints\nnknn_regression_best_califonia_housing_softmax_fold_1_retr.pth
[Stage1] Epoch 697 - Val R²: 0.6741 | Reg Val Loss: 0.3196
[Stage1] New best (epoch 697) Val Loss: 0.3196 — saved: checkpoints\nnknn_regression_best_califonia_housing_softmax_fold_1_retr.pth
[Stage1] Epoch 698 - Val R²: 0.6742 | Reg Val Loss: 0.3195
[Stage1] New best (epoch 698) Val Loss: 0.3195 — saved: checkpoints\nnknn_regression_best_califonia_housing_softmax_fold_1_retr.pth
[Stage1] Epoch 699 - Val R²: 0.6743 | Reg Val Loss: 0.3194
[Stage1] New best (epoch 699) Val Loss: 0.3194 — saved: checkpoints\nnknn_regression_best_califonia_housing_softmax_fold_1_retr.pth
[Stage1] Epoch 700 - Val R²: 0.6743 | Reg Val Loss: 0.3195
[Stage1] No improv. Best so far: 0.3194 (epoch 699)
[Stage1] Epoch 701 - Val R²: 0.6742 | Reg Val Loss: 0.3195
[Stage1] No improv. Best so far: 0.3194 (epoch 699)
[Stage1] Epoch 702 - Val R²: 0.6743 | Reg Val Loss: 0.3194
[Stage1] New best (epoch 702) Val Loss: 0.3194 — saved: checkpoints\nnknn_regression_best_califonia_housing_softmax_fold_1_retr.pth
[Stage1] Epoch 703 - Val R²: 0.6742 | Reg Val Loss: 0.3195
[Stage1] No improv. Best so far: 0.3194 (epoch 702)
[Stage1] Epoch 704 - Val R²: 0.6744 | Reg Val Loss: 0.3194
[Stage1] New best (epoch 704) Val Loss: 0.3194 — saved: checkpoints\nnknn_regression_best_califonia_housing_softmax_fold_1_retr.pth
[Stage1] Epoch 705 - Val R²: 0.6744 | Reg Val Loss: 0.3194
[Stage1] No improv. Best so far: 0.3194 (epoch 704)
[Stage1] Epoch 706 - Val R²: 0.6744 | Reg Val Loss: 0.3194
[Stage1] No improv. Best so far: 0.3194 (epoch 704)
[Stage1] Epoch 707 - Val R²: 0.6744 | Reg Val Loss: 0.3193
[Stage1] New best (epoch 707) Val Loss: 0.3193 — saved: checkpoints\nnknn_regression_best_califonia_housing_softmax_fold_1_retr.pth
[Stage1] Epoch 708 - Val R²: 0.6745 | Reg Val Loss: 0.3192
[Stage1] New best (epoch 708) Val Loss: 0.3192 — saved: checkpoints\nnknn_regression_best_califonia_housing_softmax_fold_1_retr.pth
[Stage1] Epoch 709 - Val R²: 0.6746 | Reg Val Loss: 0.3192
[Stage1] New best (epoch 709) Val Loss: 0.3192 — saved: checkpoints\nnknn_regression_best_califonia_housing_softmax_fold_1_retr.pth
[Stage1] Epoch 710 - Val R²: 0.6747 | Reg Val Loss: 0.3190
[Stage1] New best (epoch 710) Val Loss: 0.3190 — saved: checkpoints\nnknn_regression_best_califonia_housing_softmax_fold_1_retr.pth
[Stage1] Epoch 711 - Val R²: 0.6746 | Reg Val Loss: 0.3191
[Stage1] No improv. Best so far: 0.3190 (epoch 710)
[Stage1] Epoch 712 - Val R²: 0.6747 | Reg Val Loss: 0.3190
[Stage1] New best (epoch 712) Val Loss: 0.3190 — saved: checkpoints\nnknn_regression_best_califonia_housing_softmax_fold_1_retr.pth
[Stage1] Epoch 713 - Val R²: 0.6747 | Reg Val Loss: 0.3191
[Stage1] No improv. Best so far: 0.3190 (epoch 712)
[Stage1] Epoch 714 - Val R²: 0.6747 | Reg Val Loss: 0.3190
[Stage1] New best (epoch 714) Val Loss: 0.3190 — saved: checkpoints\nnknn_regression_best_califonia_housing_softmax_fold_1_retr.pth
[Stage1] Epoch 715 - Val R²: 0.6748 | Reg Val Loss: 0.3189
[Stage1] New best (epoch 715) Val Loss: 0.3189 — saved: checkpoints\nnknn_regression_best_califonia_housing_softmax_fold_1_retr.pth
[Stage1] Epoch 716 - Val R²: 0.6749 | Reg Val Loss: 0.3189
[Stage1] New best (epoch 716) Val Loss: 0.3189 — saved: checkpoints\nnknn_regression_best_califonia_housing_softmax_fold_1_retr.pth
[Stage1] Epoch 717 - Val R²: 0.6749 | Reg Val Loss: 0.3189
[Stage1] New best (epoch 717) Val Loss: 0.3189 — saved: checkpoints\nnknn_regression_best_califonia_housing_softmax_fold_1_retr.pth
[Stage1] Epoch 718 - Val R²: 0.6749 | Reg Val Loss: 0.3188
[Stage1] New best (epoch 718) Val Loss: 0.3188 — saved: checkpoints\nnknn_regression_best_califonia_housing_softmax_fold_1_retr.pth
[Stage1] Epoch 719 - Val R²: 0.6749 | Reg Val Loss: 0.3188
[Stage1] New best (epoch 719) Val Loss: 0.3188 — saved: checkpoints\nnknn_regression_best_califonia_housing_softmax_fold_1_retr.pth
[Stage1] Epoch 720 - Val R²: 0.6748 | Reg Val Loss: 0.3189
[Stage1] No improv. Best so far: 0.3188 (epoch 719)
[Stage1] Epoch 721 - Val R²: 0.6750 | Reg Val Loss: 0.3187
[Stage1] New best (epoch 721) Val Loss: 0.3187 — saved: checkpoints\nnknn_regression_best_califonia_housing_softmax_fold_1_retr.pth
[Stage1] Epoch 722 - Val R²: 0.6750 | Reg Val Loss: 0.3187
[Stage1] No improv. Best so far: 0.3187 (epoch 721)
[Stage1] Epoch 723 - Val R²: 0.6751 | Reg Val Loss: 0.3186
[Stage1] New best (epoch 723) Val Loss: 0.3186 — saved: checkpoints\nnknn_regression_best_califonia_housing_softmax_fold_1_retr.pth
[Stage1] Epoch 724 - Val R²: 0.6751 | Reg Val Loss: 0.3186
[Stage1] New best (epoch 724) Val Loss: 0.3186 — saved: checkpoints\nnknn_regression_best_califonia_housing_softmax_fold_1_retr.pth
[Stage1] Epoch 725 - Val R²: 0.6752 | Reg Val Loss: 0.3186
[Stage1] New best (epoch 725) Val Loss: 0.3186 — saved: checkpoints\nnknn_regression_best_califonia_housing_softmax_fold_1_retr.pth
[Stage1] Epoch 726 - Val R²: 0.6752 | Reg Val Loss: 0.3185
[Stage1] New best (epoch 726) Val Loss: 0.3185 — saved: checkpoints\nnknn_regression_best_califonia_housing_softmax_fold_1_retr.pth
[Stage1] Epoch 727 - Val R²: 0.6753 | Reg Val Loss: 0.3185
[Stage1] New best (epoch 727) Val Loss: 0.3185 — saved: checkpoints\nnknn_regression_best_califonia_housing_softmax_fold_1_retr.pth
[Stage1] Epoch 728 - Val R²: 0.6754 | Reg Val Loss: 0.3184
[Stage1] New best (epoch 728) Val Loss: 0.3184 — saved: checkpoints\nnknn_regression_best_califonia_housing_softmax_fold_1_retr.pth
[Stage1] Epoch 729 - Val R²: 0.6753 | Reg Val Loss: 0.3184
[Stage1] No improv. Best so far: 0.3184 (epoch 728)
[Stage1] Epoch 730 - Val R²: 0.6753 | Reg Val Loss: 0.3185
[Stage1] No improv. Best so far: 0.3184 (epoch 728)
[Stage1] Epoch 731 - Val R²: 0.6755 | Reg Val Loss: 0.3183
[Stage1] New best (epoch 731) Val Loss: 0.3183 — saved: checkpoints\nnknn_regression_best_califonia_housing_softmax_fold_1_retr.pth
[Stage1] Epoch 732 - Val R²: 0.6754 | Reg Val Loss: 0.3184
[Stage1] No improv. Best so far: 0.3183 (epoch 731)
[Stage1] Epoch 733 - Val R²: 0.6755 | Reg Val Loss: 0.3182
[Stage1] New best (epoch 733) Val Loss: 0.3182 — saved: checkpoints\nnknn_regression_best_califonia_housing_softmax_fold_1_retr.pth
[Stage1] Epoch 734 - Val R²: 0.6755 | Reg Val Loss: 0.3183
[Stage1] No improv. Best so far: 0.3182 (epoch 733)
[Stage1] Epoch 735 - Val R²: 0.6756 | Reg Val Loss: 0.3181
[Stage1] New best (epoch 735) Val Loss: 0.3181 — saved: checkpoints\nnknn_regression_best_califonia_housing_softmax_fold_1_retr.pth
[Stage1] Epoch 736 - Val R²: 0.6756 | Reg Val Loss: 0.3181
[Stage1] New best (epoch 736) Val Loss: 0.3181 — saved: checkpoints\nnknn_regression_best_califonia_housing_softmax_fold_1_retr.pth
[Stage1] Epoch 737 - Val R²: 0.6756 | Reg Val Loss: 0.3182
[Stage1] No improv. Best so far: 0.3181 (epoch 736)
[Stage1] Epoch 738 - Val R²: 0.6756 | Reg Val Loss: 0.3181
[Stage1] No improv. Best so far: 0.3181 (epoch 736)
[Stage1] Epoch 739 - Val R²: 0.6757 | Reg Val Loss: 0.3180
[Stage1] New best (epoch 739) Val Loss: 0.3180 — saved: checkpoints\nnknn_regression_best_califonia_housing_softmax_fold_1_retr.pth
[Stage1] Epoch 740 - Val R²: 0.6758 | Reg Val Loss: 0.3179
[Stage1] New best (epoch 740) Val Loss: 0.3179 — saved: checkpoints\nnknn_regression_best_califonia_housing_softmax_fold_1_retr.pth
[Stage1] Epoch 741 - Val R²: 0.6758 | Reg Val Loss: 0.3180
[Stage1] No improv. Best so far: 0.3179 (epoch 740)
[Stage1] Epoch 742 - Val R²: 0.6758 | Reg Val Loss: 0.3179
[Stage1] No improv. Best so far: 0.3179 (epoch 740)
[Stage1] Epoch 743 - Val R²: 0.6759 | Reg Val Loss: 0.3179
[Stage1] New best (epoch 743) Val Loss: 0.3179 — saved: checkpoints\nnknn_regression_best_califonia_housing_softmax_fold_1_retr.pth
[Stage1] Epoch 744 - Val R²: 0.6759 | Reg Val Loss: 0.3179
[Stage1] New best (epoch 744) Val Loss: 0.3179 — saved: checkpoints\nnknn_regression_best_califonia_housing_softmax_fold_1_retr.pth
[Stage1] Epoch 745 - Val R²: 0.6760 | Reg Val Loss: 0.3178
[Stage1] New best (epoch 745) Val Loss: 0.3178 — saved: checkpoints\nnknn_regression_best_califonia_housing_softmax_fold_1_retr.pth
[Stage1] Epoch 746 - Val R²: 0.6759 | Reg Val Loss: 0.3178
[Stage1] No improv. Best so far: 0.3178 (epoch 745)
[Stage1] Epoch 747 - Val R²: 0.6760 | Reg Val Loss: 0.3177
[Stage1] New best (epoch 747) Val Loss: 0.3177 — saved: checkpoints\nnknn_regression_best_califonia_housing_softmax_fold_1_retr.pth
[Stage1] Epoch 748 - Val R²: 0.6760 | Reg Val Loss: 0.3178
[Stage1] No improv. Best so far: 0.3177 (epoch 747)
[Stage1] Epoch 749 - Val R²: 0.6760 | Reg Val Loss: 0.3177
[Stage1] No improv. Best so far: 0.3177 (epoch 747)
[Stage1] Epoch 750 - Val R²: 0.6762 | Reg Val Loss: 0.3176
[Stage1] New best (epoch 750) Val Loss: 0.3176 — saved: checkpoints\nnknn_regression_best_califonia_housing_softmax_fold_1_retr.pth
[Stage1] Epoch 751 - Val R²: 0.6762 | Reg Val Loss: 0.3176
[Stage1] No improv. Best so far: 0.3176 (epoch 750)
[Stage1] Epoch 752 - Val R²: 0.6762 | Reg Val Loss: 0.3176
[Stage1] No improv. Best so far: 0.3176 (epoch 750)
[Stage1] Epoch 753 - Val R²: 0.6762 | Reg Val Loss: 0.3175
[Stage1] New best (epoch 753) Val Loss: 0.3175 — saved: checkpoints\nnknn_regression_best_califonia_housing_softmax_fold_1_retr.pth
[Stage1] Epoch 754 - Val R²: 0.6762 | Reg Val Loss: 0.3176
[Stage1] No improv. Best so far: 0.3175 (epoch 753)
[Stage1] Epoch 755 - Val R²: 0.6762 | Reg Val Loss: 0.3175
[Stage1] No improv. Best so far: 0.3175 (epoch 753)
[Stage1] Epoch 756 - Val R²: 0.6764 | Reg Val Loss: 0.3174
[Stage1] New best (epoch 756) Val Loss: 0.3174 — saved: checkpoints\nnknn_regression_best_califonia_housing_softmax_fold_1_retr.pth
[Stage1] Epoch 757 - Val R²: 0.6764 | Reg Val Loss: 0.3174
[Stage1] New best (epoch 757) Val Loss: 0.3174 — saved: checkpoints\nnknn_regression_best_califonia_housing_softmax_fold_1_retr.pth
[Stage1] Epoch 758 - Val R²: 0.6763 | Reg Val Loss: 0.3175
[Stage1] No improv. Best so far: 0.3174 (epoch 757)
[Stage1] Epoch 759 - Val R²: 0.6765 | Reg Val Loss: 0.3172
[Stage1] New best (epoch 759) Val Loss: 0.3172 — saved: checkpoints\nnknn_regression_best_califonia_housing_softmax_fold_1_retr.pth
[Stage1] Epoch 760 - Val R²: 0.6765 | Reg Val Loss: 0.3173
[Stage1] No improv. Best so far: 0.3172 (epoch 759)
[Stage1] Epoch 761 - Val R²: 0.6766 | Reg Val Loss: 0.3172
[Stage1] New best (epoch 761) Val Loss: 0.3172 — saved: checkpoints\nnknn_regression_best_califonia_housing_softmax_fold_1_retr.pth
[Stage1] Epoch 762 - Val R²: 0.6766 | Reg Val Loss: 0.3172
[Stage1] No improv. Best so far: 0.3172 (epoch 761)
[Stage1] Epoch 763 - Val R²: 0.6766 | Reg Val Loss: 0.3171
[Stage1] New best (epoch 763) Val Loss: 0.3171 — saved: checkpoints\nnknn_regression_best_califonia_housing_softmax_fold_1_retr.pth
[Stage1] Epoch 764 - Val R²: 0.6767 | Reg Val Loss: 0.3171
[Stage1] New best (epoch 764) Val Loss: 0.3171 — saved: checkpoints\nnknn_regression_best_califonia_housing_softmax_fold_1_retr.pth
[Stage1] Epoch 765 - Val R²: 0.6767 | Reg Val Loss: 0.3171
[Stage1] New best (epoch 765) Val Loss: 0.3171 — saved: checkpoints\nnknn_regression_best_califonia_housing_softmax_fold_1_retr.pth
[Stage1] Epoch 766 - Val R²: 0.6767 | Reg Val Loss: 0.3170
[Stage1] New best (epoch 766) Val Loss: 0.3170 — saved: checkpoints\nnknn_regression_best_califonia_housing_softmax_fold_1_retr.pth
[Stage1] Epoch 767 - Val R²: 0.6768 | Reg Val Loss: 0.3170
[Stage1] New best (epoch 767) Val Loss: 0.3170 — saved: checkpoints\nnknn_regression_best_califonia_housing_softmax_fold_1_retr.pth
[Stage1] Epoch 768 - Val R²: 0.6768 | Reg Val Loss: 0.3170
[Stage1] No improv. Best so far: 0.3170 (epoch 767)
[Stage1] Epoch 769 - Val R²: 0.6768 | Reg Val Loss: 0.3169
[Stage1] New best (epoch 769) Val Loss: 0.3169 — saved: checkpoints\nnknn_regression_best_califonia_housing_softmax_fold_1_retr.pth
[Stage1] Epoch 770 - Val R²: 0.6768 | Reg Val Loss: 0.3169
[Stage1] No improv. Best so far: 0.3169 (epoch 769)
[Stage1] Epoch 771 - Val R²: 0.6768 | Reg Val Loss: 0.3170
[Stage1] No improv. Best so far: 0.3169 (epoch 769)
[Stage1] Epoch 772 - Val R²: 0.6769 | Reg Val Loss: 0.3169
[Stage1] New best (epoch 772) Val Loss: 0.3169 — saved: checkpoints\nnknn_regression_best_califonia_housing_softmax_fold_1_retr.pth
[Stage1] Epoch 773 - Val R²: 0.6770 | Reg Val Loss: 0.3168
[Stage1] New best (epoch 773) Val Loss: 0.3168 — saved: checkpoints\nnknn_regression_best_califonia_housing_softmax_fold_1_retr.pth
[Stage1] Epoch 774 - Val R²: 0.6770 | Reg Val Loss: 0.3168
[Stage1] New best (epoch 774) Val Loss: 0.3168 — saved: checkpoints\nnknn_regression_best_califonia_housing_softmax_fold_1_retr.pth
[Stage1] Epoch 775 - Val R²: 0.6771 | Reg Val Loss: 0.3167
[Stage1] New best (epoch 775) Val Loss: 0.3167 — saved: checkpoints\nnknn_regression_best_califonia_housing_softmax_fold_1_retr.pth
[Stage1] Epoch 776 - Val R²: 0.6771 | Reg Val Loss: 0.3167
[Stage1] No improv. Best so far: 0.3167 (epoch 775)
[Stage1] Epoch 777 - Val R²: 0.6771 | Reg Val Loss: 0.3166
[Stage1] New best (epoch 777) Val Loss: 0.3166 — saved: checkpoints\nnknn_regression_best_califonia_housing_softmax_fold_1_retr.pth
[Stage1] Epoch 778 - Val R²: 0.6773 | Reg Val Loss: 0.3165
[Stage1] New best (epoch 778) Val Loss: 0.3165 — saved: checkpoints\nnknn_regression_best_califonia_housing_softmax_fold_1_retr.pth
[Stage1] Epoch 779 - Val R²: 0.6772 | Reg Val Loss: 0.3166
[Stage1] No improv. Best so far: 0.3165 (epoch 778)
[Stage1] Epoch 780 - Val R²: 0.6773 | Reg Val Loss: 0.3165
[Stage1] New best (epoch 780) Val Loss: 0.3165 — saved: checkpoints\nnknn_regression_best_califonia_housing_softmax_fold_1_retr.pth
[Stage1] Epoch 781 - Val R²: 0.6773 | Reg Val Loss: 0.3165
[Stage1] New best (epoch 781) Val Loss: 0.3165 — saved: checkpoints\nnknn_regression_best_califonia_housing_softmax_fold_1_retr.pth
[Stage1] Epoch 782 - Val R²: 0.6773 | Reg Val Loss: 0.3164
[Stage1] New best (epoch 782) Val Loss: 0.3164 — saved: checkpoints\nnknn_regression_best_califonia_housing_softmax_fold_1_retr.pth
[Stage1] Epoch 783 - Val R²: 0.6774 | Reg Val Loss: 0.3164
[Stage1] New best (epoch 783) Val Loss: 0.3164 — saved: checkpoints\nnknn_regression_best_califonia_housing_softmax_fold_1_retr.pth
[Stage1] Epoch 784 - Val R²: 0.6774 | Reg Val Loss: 0.3163
[Stage1] New best (epoch 784) Val Loss: 0.3163 — saved: checkpoints\nnknn_regression_best_califonia_housing_softmax_fold_1_retr.pth
[Stage1] Epoch 785 - Val R²: 0.6772 | Reg Val Loss: 0.3166
[Stage1] No improv. Best so far: 0.3163 (epoch 784)
[Stage1] Epoch 786 - Val R²: 0.6774 | Reg Val Loss: 0.3164
[Stage1] No improv. Best so far: 0.3163 (epoch 784)
[Stage1] Epoch 787 - Val R²: 0.6775 | Reg Val Loss: 0.3163
[Stage1] New best (epoch 787) Val Loss: 0.3163 — saved: checkpoints\nnknn_regression_best_califonia_housing_softmax_fold_1_retr.pth
[Stage1] Epoch 788 - Val R²: 0.6776 | Reg Val Loss: 0.3162
[Stage1] New best (epoch 788) Val Loss: 0.3162 — saved: checkpoints\nnknn_regression_best_califonia_housing_softmax_fold_1_retr.pth
[Stage1] Epoch 789 - Val R²: 0.6774 | Reg Val Loss: 0.3163
[Stage1] No improv. Best so far: 0.3162 (epoch 788)
[Stage1] Epoch 790 - Val R²: 0.6777 | Reg Val Loss: 0.3161
[Stage1] New best (epoch 790) Val Loss: 0.3161 — saved: checkpoints\nnknn_regression_best_califonia_housing_softmax_fold_1_retr.pth
[Stage1] Epoch 791 - Val R²: 0.6777 | Reg Val Loss: 0.3160
[Stage1] New best (epoch 791) Val Loss: 0.3160 — saved: checkpoints\nnknn_regression_best_califonia_housing_softmax_fold_1_retr.pth
[Stage1] Epoch 792 - Val R²: 0.6776 | Reg Val Loss: 0.3162
[Stage1] No improv. Best so far: 0.3160 (epoch 791)
[Stage1] Epoch 793 - Val R²: 0.6778 | Reg Val Loss: 0.3160
[Stage1] New best (epoch 793) Val Loss: 0.3160 — saved: checkpoints\nnknn_regression_best_califonia_housing_softmax_fold_1_retr.pth
[Stage1] Epoch 794 - Val R²: 0.6779 | Reg Val Loss: 0.3159
[Stage1] New best (epoch 794) Val Loss: 0.3159 — saved: checkpoints\nnknn_regression_best_califonia_housing_softmax_fold_1_retr.pth
[Stage1] Epoch 795 - Val R²: 0.6779 | Reg Val Loss: 0.3159
[Stage1] New best (epoch 795) Val Loss: 0.3159 — saved: checkpoints\nnknn_regression_best_califonia_housing_softmax_fold_1_retr.pth
[Stage1] Epoch 796 - Val R²: 0.6779 | Reg Val Loss: 0.3159
[Stage1] No improv. Best so far: 0.3159 (epoch 795)
[Stage1] Epoch 797 - Val R²: 0.6779 | Reg Val Loss: 0.3159
[Stage1] No improv. Best so far: 0.3159 (epoch 795)
[Stage1] Epoch 798 - Val R²: 0.6780 | Reg Val Loss: 0.3158
[Stage1] New best (epoch 798) Val Loss: 0.3158 — saved: checkpoints\nnknn_regression_best_califonia_housing_softmax_fold_1_retr.pth
[Stage1] Epoch 799 - Val R²: 0.6779 | Reg Val Loss: 0.3158
[Stage1] No improv. Best so far: 0.3158 (epoch 798)
[Stage1] Epoch 800 - Val R²: 0.6781 | Reg Val Loss: 0.3157
[Stage1] New best (epoch 800) Val Loss: 0.3157 — saved: checkpoints\nnknn_regression_best_califonia_housing_softmax_fold_1_retr.pth
[Stage1] Epoch 801 - Val R²: 0.6779 | Reg Val Loss: 0.3159
[Stage1] No improv. Best so far: 0.3157 (epoch 800)
[Stage1] Epoch 802 - Val R²: 0.6781 | Reg Val Loss: 0.3157
[Stage1] No improv. Best so far: 0.3157 (epoch 800)
[Stage1] Epoch 803 - Val R²: 0.6780 | Reg Val Loss: 0.3157
[Stage1] No improv. Best so far: 0.3157 (epoch 800)
[Stage1] Epoch 804 - Val R²: 0.6782 | Reg Val Loss: 0.3156
[Stage1] New best (epoch 804) Val Loss: 0.3156 — saved: checkpoints\nnknn_regression_best_califonia_housing_softmax_fold_1_retr.pth
[Stage1] Epoch 805 - Val R²: 0.6781 | Reg Val Loss: 0.3157
[Stage1] No improv. Best so far: 0.3156 (epoch 804)
[Stage1] Epoch 806 - Val R²: 0.6783 | Reg Val Loss: 0.3155
[Stage1] New best (epoch 806) Val Loss: 0.3155 — saved: checkpoints\nnknn_regression_best_califonia_housing_softmax_fold_1_retr.pth
[Stage1] Epoch 807 - Val R²: 0.6783 | Reg Val Loss: 0.3155
[Stage1] No improv. Best so far: 0.3155 (epoch 806)
[Stage1] Epoch 808 - Val R²: 0.6783 | Reg Val Loss: 0.3155
[Stage1] New best (epoch 808) Val Loss: 0.3155 — saved: checkpoints\nnknn_regression_best_califonia_housing_softmax_fold_1_retr.pth
[Stage1] Epoch 809 - Val R²: 0.6784 | Reg Val Loss: 0.3154
[Stage1] New best (epoch 809) Val Loss: 0.3154 — saved: checkpoints\nnknn_regression_best_califonia_housing_softmax_fold_1_retr.pth
[Stage1] Epoch 810 - Val R²: 0.6783 | Reg Val Loss: 0.3155
[Stage1] No improv. Best so far: 0.3154 (epoch 809)
[Stage1] Epoch 811 - Val R²: 0.6784 | Reg Val Loss: 0.3154
[Stage1] New best (epoch 811) Val Loss: 0.3154 — saved: checkpoints\nnknn_regression_best_califonia_housing_softmax_fold_1_retr.pth
[Stage1] Epoch 812 - Val R²: 0.6784 | Reg Val Loss: 0.3154
[Stage1] New best (epoch 812) Val Loss: 0.3154 — saved: checkpoints\nnknn_regression_best_califonia_housing_softmax_fold_1_retr.pth
[Stage1] Epoch 813 - Val R²: 0.6785 | Reg Val Loss: 0.3153
[Stage1] New best (epoch 813) Val Loss: 0.3153 — saved: checkpoints\nnknn_regression_best_califonia_housing_softmax_fold_1_retr.pth
[Stage1] Epoch 814 - Val R²: 0.6786 | Reg Val Loss: 0.3152
[Stage1] New best (epoch 814) Val Loss: 0.3152 — saved: checkpoints\nnknn_regression_best_califonia_housing_softmax_fold_1_retr.pth
[Stage1] Epoch 815 - Val R²: 0.6785 | Reg Val Loss: 0.3153
[Stage1] No improv. Best so far: 0.3152 (epoch 814)
[Stage1] Epoch 816 - Val R²: 0.6786 | Reg Val Loss: 0.3152
[Stage1] New best (epoch 816) Val Loss: 0.3152 — saved: checkpoints\nnknn_regression_best_califonia_housing_softmax_fold_1_retr.pth
[Stage1] Epoch 817 - Val R²: 0.6787 | Reg Val Loss: 0.3151
[Stage1] New best (epoch 817) Val Loss: 0.3151 — saved: checkpoints\nnknn_regression_best_califonia_housing_softmax_fold_1_retr.pth
[Stage1] Epoch 818 - Val R²: 0.6787 | Reg Val Loss: 0.3151
[Stage1] No improv. Best so far: 0.3151 (epoch 817)
[Stage1] Epoch 819 - Val R²: 0.6787 | Reg Val Loss: 0.3151
[Stage1] New best (epoch 819) Val Loss: 0.3151 — saved: checkpoints\nnknn_regression_best_califonia_housing_softmax_fold_1_retr.pth
[Stage1] Epoch 820 - Val R²: 0.6787 | Reg Val Loss: 0.3151
[Stage1] New best (epoch 820) Val Loss: 0.3151 — saved: checkpoints\nnknn_regression_best_califonia_housing_softmax_fold_1_retr.pth
[Stage1] Epoch 821 - Val R²: 0.6788 | Reg Val Loss: 0.3150
[Stage1] New best (epoch 821) Val Loss: 0.3150 — saved: checkpoints\nnknn_regression_best_califonia_housing_softmax_fold_1_retr.pth
[Stage1] Epoch 822 - Val R²: 0.6788 | Reg Val Loss: 0.3150
[Stage1] No improv. Best so far: 0.3150 (epoch 821)
[Stage1] Epoch 823 - Val R²: 0.6788 | Reg Val Loss: 0.3150
[Stage1] No improv. Best so far: 0.3150 (epoch 821)
[Stage1] Epoch 824 - Val R²: 0.6789 | Reg Val Loss: 0.3149
[Stage1] New best (epoch 824) Val Loss: 0.3149 — saved: checkpoints\nnknn_regression_best_califonia_housing_softmax_fold_1_retr.pth
[Stage1] Epoch 825 - Val R²: 0.6790 | Reg Val Loss: 0.3149
[Stage1] New best (epoch 825) Val Loss: 0.3149 — saved: checkpoints\nnknn_regression_best_califonia_housing_softmax_fold_1_retr.pth
[Stage1] Epoch 826 - Val R²: 0.6790 | Reg Val Loss: 0.3148
[Stage1] New best (epoch 826) Val Loss: 0.3148 — saved: checkpoints\nnknn_regression_best_califonia_housing_softmax_fold_1_retr.pth
[Stage1] Epoch 827 - Val R²: 0.6790 | Reg Val Loss: 0.3148
[Stage1] No improv. Best so far: 0.3148 (epoch 826)
[Stage1] Epoch 828 - Val R²: 0.6791 | Reg Val Loss: 0.3148
[Stage1] New best (epoch 828) Val Loss: 0.3148 — saved: checkpoints\nnknn_regression_best_califonia_housing_softmax_fold_1_retr.pth
[Stage1] Epoch 829 - Val R²: 0.6791 | Reg Val Loss: 0.3147
[Stage1] New best (epoch 829) Val Loss: 0.3147 — saved: checkpoints\nnknn_regression_best_califonia_housing_softmax_fold_1_retr.pth
[Stage1] Epoch 830 - Val R²: 0.6791 | Reg Val Loss: 0.3148
[Stage1] No improv. Best so far: 0.3147 (epoch 829)
[Stage1] Epoch 831 - Val R²: 0.6792 | Reg Val Loss: 0.3146
[Stage1] New best (epoch 831) Val Loss: 0.3146 — saved: checkpoints\nnknn_regression_best_califonia_housing_softmax_fold_1_retr.pth
[Stage1] Epoch 832 - Val R²: 0.6792 | Reg Val Loss: 0.3146
[Stage1] No improv. Best so far: 0.3146 (epoch 831)
[Stage1] Epoch 833 - Val R²: 0.6792 | Reg Val Loss: 0.3146
[Stage1] No improv. Best so far: 0.3146 (epoch 831)
[Stage1] Epoch 834 - Val R²: 0.6793 | Reg Val Loss: 0.3145
[Stage1] New best (epoch 834) Val Loss: 0.3145 — saved: checkpoints\nnknn_regression_best_califonia_housing_softmax_fold_1_retr.pth
[Stage1] Epoch 835 - Val R²: 0.6792 | Reg Val Loss: 0.3146
[Stage1] No improv. Best so far: 0.3145 (epoch 834)
[Stage1] Epoch 836 - Val R²: 0.6793 | Reg Val Loss: 0.3145
[Stage1] New best (epoch 836) Val Loss: 0.3145 — saved: checkpoints\nnknn_regression_best_califonia_housing_softmax_fold_1_retr.pth
[Stage1] Epoch 837 - Val R²: 0.6794 | Reg Val Loss: 0.3144
[Stage1] New best (epoch 837) Val Loss: 0.3144 — saved: checkpoints\nnknn_regression_best_califonia_housing_softmax_fold_1_retr.pth
[Stage1] Epoch 838 - Val R²: 0.6794 | Reg Val Loss: 0.3144
[Stage1] No improv. Best so far: 0.3144 (epoch 837)
[Stage1] Epoch 839 - Val R²: 0.6794 | Reg Val Loss: 0.3144
[Stage1] No improv. Best so far: 0.3144 (epoch 837)
[Stage1] Epoch 840 - Val R²: 0.6795 | Reg Val Loss: 0.3144
[Stage1] New best (epoch 840) Val Loss: 0.3144 — saved: checkpoints\nnknn_regression_best_califonia_housing_softmax_fold_1_retr.pth
[Stage1] Epoch 841 - Val R²: 0.6796 | Reg Val Loss: 0.3143
[Stage1] New best (epoch 841) Val Loss: 0.3143 — saved: checkpoints\nnknn_regression_best_califonia_housing_softmax_fold_1_retr.pth
[Stage1] Epoch 842 - Val R²: 0.6796 | Reg Val Loss: 0.3143
[Stage1] New best (epoch 842) Val Loss: 0.3143 — saved: checkpoints\nnknn_regression_best_califonia_housing_softmax_fold_1_retr.pth
[Stage1] Epoch 843 - Val R²: 0.6796 | Reg Val Loss: 0.3142
[Stage1] New best (epoch 843) Val Loss: 0.3142 — saved: checkpoints\nnknn_regression_best_califonia_housing_softmax_fold_1_retr.pth
[Stage1] Epoch 844 - Val R²: 0.6795 | Reg Val Loss: 0.3143
[Stage1] No improv. Best so far: 0.3142 (epoch 843)
[Stage1] Epoch 845 - Val R²: 0.6797 | Reg Val Loss: 0.3142
[Stage1] New best (epoch 845) Val Loss: 0.3142 — saved: checkpoints\nnknn_regression_best_califonia_housing_softmax_fold_1_retr.pth
[Stage1] Epoch 846 - Val R²: 0.6797 | Reg Val Loss: 0.3141
[Stage1] New best (epoch 846) Val Loss: 0.3141 — saved: checkpoints\nnknn_regression_best_califonia_housing_softmax_fold_1_retr.pth
[Stage1] Epoch 847 - Val R²: 0.6797 | Reg Val Loss: 0.3141
[Stage1] New best (epoch 847) Val Loss: 0.3141 — saved: checkpoints\nnknn_regression_best_califonia_housing_softmax_fold_1_retr.pth
[Stage1] Epoch 848 - Val R²: 0.6797 | Reg Val Loss: 0.3141
[Stage1] New best (epoch 848) Val Loss: 0.3141 — saved: checkpoints\nnknn_regression_best_califonia_housing_softmax_fold_1_retr.pth
[Stage1] Epoch 849 - Val R²: 0.6798 | Reg Val Loss: 0.3140
[Stage1] New best (epoch 849) Val Loss: 0.3140 — saved: checkpoints\nnknn_regression_best_califonia_housing_softmax_fold_1_retr.pth
[Stage1] Epoch 850 - Val R²: 0.6800 | Reg Val Loss: 0.3139
[Stage1] New best (epoch 850) Val Loss: 0.3139 — saved: checkpoints\nnknn_regression_best_califonia_housing_softmax_fold_1_retr.pth
[Stage1] Epoch 851 - Val R²: 0.6797 | Reg Val Loss: 0.3141
[Stage1] No improv. Best so far: 0.3139 (epoch 850)
[Stage1] Epoch 852 - Val R²: 0.6799 | Reg Val Loss: 0.3139
[Stage1] No improv. Best so far: 0.3139 (epoch 850)
[Stage1] Epoch 853 - Val R²: 0.6800 | Reg Val Loss: 0.3138
[Stage1] New best (epoch 853) Val Loss: 0.3138 — saved: checkpoints\nnknn_regression_best_califonia_housing_softmax_fold_1_retr.pth
[Stage1] Epoch 854 - Val R²: 0.6800 | Reg Val Loss: 0.3139
[Stage1] No improv. Best so far: 0.3138 (epoch 853)
[Stage1] Epoch 855 - Val R²: 0.6800 | Reg Val Loss: 0.3139
[Stage1] No improv. Best so far: 0.3138 (epoch 853)
[Stage1] Epoch 856 - Val R²: 0.6800 | Reg Val Loss: 0.3138
[Stage1] New best (epoch 856) Val Loss: 0.3138 — saved: checkpoints\nnknn_regression_best_califonia_housing_softmax_fold_1_retr.pth
[Stage1] Epoch 857 - Val R²: 0.6802 | Reg Val Loss: 0.3136
[Stage1] New best (epoch 857) Val Loss: 0.3136 — saved: checkpoints\nnknn_regression_best_califonia_housing_softmax_fold_1_retr.pth
[Stage1] Epoch 858 - Val R²: 0.6802 | Reg Val Loss: 0.3136
[Stage1] New best (epoch 858) Val Loss: 0.3136 — saved: checkpoints\nnknn_regression_best_califonia_housing_softmax_fold_1_retr.pth
[Stage1] Epoch 859 - Val R²: 0.6801 | Reg Val Loss: 0.3137
[Stage1] No improv. Best so far: 0.3136 (epoch 858)
[Stage1] Epoch 860 - Val R²: 0.6802 | Reg Val Loss: 0.3136
[Stage1] New best (epoch 860) Val Loss: 0.3136 — saved: checkpoints\nnknn_regression_best_califonia_housing_softmax_fold_1_retr.pth
[Stage1] Epoch 861 - Val R²: 0.6802 | Reg Val Loss: 0.3136
[Stage1] No improv. Best so far: 0.3136 (epoch 860)
[Stage1] Epoch 862 - Val R²: 0.6803 | Reg Val Loss: 0.3135
[Stage1] New best (epoch 862) Val Loss: 0.3135 — saved: checkpoints\nnknn_regression_best_califonia_housing_softmax_fold_1_retr.pth
[Stage1] Epoch 863 - Val R²: 0.6804 | Reg Val Loss: 0.3134
[Stage1] New best (epoch 863) Val Loss: 0.3134 — saved: checkpoints\nnknn_regression_best_califonia_housing_softmax_fold_1_retr.pth
[Stage1] Epoch 864 - Val R²: 0.6804 | Reg Val Loss: 0.3134
[Stage1] No improv. Best so far: 0.3134 (epoch 863)
[Stage1] Epoch 865 - Val R²: 0.6804 | Reg Val Loss: 0.3134
[Stage1] No improv. Best so far: 0.3134 (epoch 863)
[Stage1] Epoch 866 - Val R²: 0.6804 | Reg Val Loss: 0.3134
[Stage1] New best (epoch 866) Val Loss: 0.3134 — saved: checkpoints\nnknn_regression_best_califonia_housing_softmax_fold_1_retr.pth
[Stage1] Epoch 867 - Val R²: 0.6804 | Reg Val Loss: 0.3134
[Stage1] New best (epoch 867) Val Loss: 0.3134 — saved: checkpoints\nnknn_regression_best_califonia_housing_softmax_fold_1_retr.pth
[Stage1] Epoch 868 - Val R²: 0.6806 | Reg Val Loss: 0.3133
[Stage1] New best (epoch 868) Val Loss: 0.3133 — saved: checkpoints\nnknn_regression_best_califonia_housing_softmax_fold_1_retr.pth
[Stage1] Epoch 869 - Val R²: 0.6806 | Reg Val Loss: 0.3132
[Stage1] New best (epoch 869) Val Loss: 0.3132 — saved: checkpoints\nnknn_regression_best_califonia_housing_softmax_fold_1_retr.pth
[Stage1] Epoch 870 - Val R²: 0.6805 | Reg Val Loss: 0.3133
[Stage1] No improv. Best so far: 0.3132 (epoch 869)
[Stage1] Epoch 871 - Val R²: 0.6806 | Reg Val Loss: 0.3132
[Stage1] New best (epoch 871) Val Loss: 0.3132 — saved: checkpoints\nnknn_regression_best_califonia_housing_softmax_fold_1_retr.pth
[Stage1] Epoch 872 - Val R²: 0.6807 | Reg Val Loss: 0.3132
[Stage1] New best (epoch 872) Val Loss: 0.3132 — saved: checkpoints\nnknn_regression_best_califonia_housing_softmax_fold_1_retr.pth
[Stage1] Epoch 873 - Val R²: 0.6806 | Reg Val Loss: 0.3133
[Stage1] No improv. Best so far: 0.3132 (epoch 872)
[Stage1] Epoch 874 - Val R²: 0.6808 | Reg Val Loss: 0.3131
[Stage1] New best (epoch 874) Val Loss: 0.3131 — saved: checkpoints\nnknn_regression_best_califonia_housing_softmax_fold_1_retr.pth
[Stage1] Epoch 875 - Val R²: 0.6806 | Reg Val Loss: 0.3132
[Stage1] No improv. Best so far: 0.3131 (epoch 874)
[Stage1] Epoch 876 - Val R²: 0.6808 | Reg Val Loss: 0.3131
[Stage1] No improv. Best so far: 0.3131 (epoch 874)
[Stage1] Epoch 877 - Val R²: 0.6808 | Reg Val Loss: 0.3130
[Stage1] New best (epoch 877) Val Loss: 0.3130 — saved: checkpoints\nnknn_regression_best_califonia_housing_softmax_fold_1_retr.pth
[Stage1] Epoch 878 - Val R²: 0.6807 | Reg Val Loss: 0.3131
[Stage1] No improv. Best so far: 0.3130 (epoch 877)
[Stage1] Epoch 879 - Val R²: 0.6809 | Reg Val Loss: 0.3130
[Stage1] New best (epoch 879) Val Loss: 0.3130 — saved: checkpoints\nnknn_regression_best_califonia_housing_softmax_fold_1_retr.pth
[Stage1] Epoch 880 - Val R²: 0.6809 | Reg Val Loss: 0.3130
[Stage1] New best (epoch 880) Val Loss: 0.3130 — saved: checkpoints\nnknn_regression_best_califonia_housing_softmax_fold_1_retr.pth
[Stage1] Epoch 881 - Val R²: 0.6811 | Reg Val Loss: 0.3128
[Stage1] New best (epoch 881) Val Loss: 0.3128 — saved: checkpoints\nnknn_regression_best_califonia_housing_softmax_fold_1_retr.pth
[Stage1] Epoch 882 - Val R²: 0.6810 | Reg Val Loss: 0.3128
[Stage1] No improv. Best so far: 0.3128 (epoch 881)
[Stage1] Epoch 883 - Val R²: 0.6811 | Reg Val Loss: 0.3128
[Stage1] New best (epoch 883) Val Loss: 0.3128 — saved: checkpoints\nnknn_regression_best_califonia_housing_softmax_fold_1_retr.pth
[Stage1] Epoch 884 - Val R²: 0.6811 | Reg Val Loss: 0.3128
[Stage1] New best (epoch 884) Val Loss: 0.3128 — saved: checkpoints\nnknn_regression_best_califonia_housing_softmax_fold_1_retr.pth
[Stage1] Epoch 885 - Val R²: 0.6811 | Reg Val Loss: 0.3127
[Stage1] New best (epoch 885) Val Loss: 0.3127 — saved: checkpoints\nnknn_regression_best_califonia_housing_softmax_fold_1_retr.pth
[Stage1] Epoch 886 - Val R²: 0.6811 | Reg Val Loss: 0.3127
[Stage1] New best (epoch 886) Val Loss: 0.3127 — saved: checkpoints\nnknn_regression_best_califonia_housing_softmax_fold_1_retr.pth
[Stage1] Epoch 887 - Val R²: 0.6812 | Reg Val Loss: 0.3127
[Stage1] New best (epoch 887) Val Loss: 0.3127 — saved: checkpoints\nnknn_regression_best_califonia_housing_softmax_fold_1_retr.pth
[Stage1] Epoch 888 - Val R²: 0.6813 | Reg Val Loss: 0.3126
[Stage1] New best (epoch 888) Val Loss: 0.3126 — saved: checkpoints\nnknn_regression_best_califonia_housing_softmax_fold_1_retr.pth
[Stage1] Epoch 889 - Val R²: 0.6812 | Reg Val Loss: 0.3126
[Stage1] No improv. Best so far: 0.3126 (epoch 888)
[Stage1] Epoch 890 - Val R²: 0.6813 | Reg Val Loss: 0.3125
[Stage1] New best (epoch 890) Val Loss: 0.3125 — saved: checkpoints\nnknn_regression_best_califonia_housing_softmax_fold_1_retr.pth
[Stage1] Epoch 891 - Val R²: 0.6812 | Reg Val Loss: 0.3126
[Stage1] No improv. Best so far: 0.3125 (epoch 890)
[Stage1] Epoch 892 - Val R²: 0.6813 | Reg Val Loss: 0.3125
[Stage1] New best (epoch 892) Val Loss: 0.3125 — saved: checkpoints\nnknn_regression_best_califonia_housing_softmax_fold_1_retr.pth
[Stage1] Epoch 893 - Val R²: 0.6814 | Reg Val Loss: 0.3125
[Stage1] New best (epoch 893) Val Loss: 0.3125 — saved: checkpoints\nnknn_regression_best_califonia_housing_softmax_fold_1_retr.pth
[Stage1] Epoch 894 - Val R²: 0.6815 | Reg Val Loss: 0.3124
[Stage1] New best (epoch 894) Val Loss: 0.3124 — saved: checkpoints\nnknn_regression_best_califonia_housing_softmax_fold_1_retr.pth
[Stage1] Epoch 895 - Val R²: 0.6815 | Reg Val Loss: 0.3124
[Stage1] New best (epoch 895) Val Loss: 0.3124 — saved: checkpoints\nnknn_regression_best_califonia_housing_softmax_fold_1_retr.pth
[Stage1] Epoch 896 - Val R²: 0.6815 | Reg Val Loss: 0.3123
[Stage1] New best (epoch 896) Val Loss: 0.3123 — saved: checkpoints\nnknn_regression_best_califonia_housing_softmax_fold_1_retr.pth
[Stage1] Epoch 897 - Val R²: 0.6815 | Reg Val Loss: 0.3123
[Stage1] New best (epoch 897) Val Loss: 0.3123 — saved: checkpoints\nnknn_regression_best_califonia_housing_softmax_fold_1_retr.pth
[Stage1] Epoch 898 - Val R²: 0.6815 | Reg Val Loss: 0.3124
[Stage1] No improv. Best so far: 0.3123 (epoch 897)
[Stage1] Epoch 899 - Val R²: 0.6817 | Reg Val Loss: 0.3121
[Stage1] New best (epoch 899) Val Loss: 0.3121 — saved: checkpoints\nnknn_regression_best_califonia_housing_softmax_fold_1_retr.pth
[Stage1] Epoch 900 - Val R²: 0.6816 | Reg Val Loss: 0.3123
[Stage1] No improv. Best so far: 0.3121 (epoch 899)
[Stage1] Epoch 901 - Val R²: 0.6817 | Reg Val Loss: 0.3122
[Stage1] No improv. Best so far: 0.3121 (epoch 899)
[Stage1] Epoch 902 - Val R²: 0.6817 | Reg Val Loss: 0.3121
[Stage1] No improv. Best so far: 0.3121 (epoch 899)
[Stage1] Epoch 903 - Val R²: 0.6818 | Reg Val Loss: 0.3121
[Stage1] New best (epoch 903) Val Loss: 0.3121 — saved: checkpoints\nnknn_regression_best_califonia_housing_softmax_fold_1_retr.pth
[Stage1] Epoch 904 - Val R²: 0.6818 | Reg Val Loss: 0.3120
[Stage1] New best (epoch 904) Val Loss: 0.3120 — saved: checkpoints\nnknn_regression_best_califonia_housing_softmax_fold_1_retr.pth
[Stage1] Epoch 905 - Val R²: 0.6819 | Reg Val Loss: 0.3120
[Stage1] New best (epoch 905) Val Loss: 0.3120 — saved: checkpoints\nnknn_regression_best_califonia_housing_softmax_fold_1_retr.pth
[Stage1] Epoch 906 - Val R²: 0.6820 | Reg Val Loss: 0.3119
[Stage1] New best (epoch 906) Val Loss: 0.3119 — saved: checkpoints\nnknn_regression_best_califonia_housing_softmax_fold_1_retr.pth
[Stage1] Epoch 907 - Val R²: 0.6820 | Reg Val Loss: 0.3119
[Stage1] New best (epoch 907) Val Loss: 0.3119 — saved: checkpoints\nnknn_regression_best_califonia_housing_softmax_fold_1_retr.pth
[Stage1] Epoch 908 - Val R²: 0.6819 | Reg Val Loss: 0.3120
[Stage1] No improv. Best so far: 0.3119 (epoch 907)
[Stage1] Epoch 909 - Val R²: 0.6819 | Reg Val Loss: 0.3120
[Stage1] No improv. Best so far: 0.3119 (epoch 907)
[Stage1] Epoch 910 - Val R²: 0.6820 | Reg Val Loss: 0.3118
[Stage1] New best (epoch 910) Val Loss: 0.3118 — saved: checkpoints\nnknn_regression_best_califonia_housing_softmax_fold_1_retr.pth
[Stage1] Epoch 911 - Val R²: 0.6818 | Reg Val Loss: 0.3120
[Stage1] No improv. Best so far: 0.3118 (epoch 910)
[Stage1] Epoch 912 - Val R²: 0.6820 | Reg Val Loss: 0.3118
[Stage1] New best (epoch 912) Val Loss: 0.3118 — saved: checkpoints\nnknn_regression_best_califonia_housing_softmax_fold_1_retr.pth
[Stage1] Epoch 913 - Val R²: 0.6820 | Reg Val Loss: 0.3118
[Stage1] New best (epoch 913) Val Loss: 0.3118 — saved: checkpoints\nnknn_regression_best_califonia_housing_softmax_fold_1_retr.pth
[Stage1] Epoch 914 - Val R²: 0.6822 | Reg Val Loss: 0.3117
[Stage1] New best (epoch 914) Val Loss: 0.3117 — saved: checkpoints\nnknn_regression_best_califonia_housing_softmax_fold_1_retr.pth
[Stage1] Epoch 915 - Val R²: 0.6822 | Reg Val Loss: 0.3117
[Stage1] No improv. Best so far: 0.3117 (epoch 914)
[Stage1] Epoch 916 - Val R²: 0.6822 | Reg Val Loss: 0.3116
[Stage1] New best (epoch 916) Val Loss: 0.3116 — saved: checkpoints\nnknn_regression_best_califonia_housing_softmax_fold_1_retr.pth
[Stage1] Epoch 917 - Val R²: 0.6822 | Reg Val Loss: 0.3117
[Stage1] No improv. Best so far: 0.3116 (epoch 916)
[Stage1] Epoch 918 - Val R²: 0.6824 | Reg Val Loss: 0.3115
[Stage1] New best (epoch 918) Val Loss: 0.3115 — saved: checkpoints\nnknn_regression_best_califonia_housing_softmax_fold_1_retr.pth
[Stage1] Epoch 919 - Val R²: 0.6824 | Reg Val Loss: 0.3115
[Stage1] New best (epoch 919) Val Loss: 0.3115 — saved: checkpoints\nnknn_regression_best_califonia_housing_softmax_fold_1_retr.pth
[Stage1] Epoch 920 - Val R²: 0.6822 | Reg Val Loss: 0.3117
[Stage1] No improv. Best so far: 0.3115 (epoch 919)
[Stage1] Epoch 921 - Val R²: 0.6824 | Reg Val Loss: 0.3115
[Stage1] No improv. Best so far: 0.3115 (epoch 919)
[Stage1] Epoch 922 - Val R²: 0.6825 | Reg Val Loss: 0.3114
[Stage1] New best (epoch 922) Val Loss: 0.3114 — saved: checkpoints\nnknn_regression_best_califonia_housing_softmax_fold_1_retr.pth
[Stage1] Epoch 923 - Val R²: 0.6825 | Reg Val Loss: 0.3114
[Stage1] New best (epoch 923) Val Loss: 0.3114 — saved: checkpoints\nnknn_regression_best_califonia_housing_softmax_fold_1_retr.pth
[Stage1] Epoch 924 - Val R²: 0.6825 | Reg Val Loss: 0.3114
[Stage1] New best (epoch 924) Val Loss: 0.3114 — saved: checkpoints\nnknn_regression_best_califonia_housing_softmax_fold_1_retr.pth
[Stage1] Epoch 925 - Val R²: 0.6826 | Reg Val Loss: 0.3113
[Stage1] New best (epoch 925) Val Loss: 0.3113 — saved: checkpoints\nnknn_regression_best_califonia_housing_softmax_fold_1_retr.pth
[Stage1] Epoch 926 - Val R²: 0.6826 | Reg Val Loss: 0.3113
[Stage1] No improv. Best so far: 0.3113 (epoch 925)
[Stage1] Epoch 927 - Val R²: 0.6826 | Reg Val Loss: 0.3113
[Stage1] No improv. Best so far: 0.3113 (epoch 925)
[Stage1] Epoch 928 - Val R²: 0.6827 | Reg Val Loss: 0.3112
[Stage1] New best (epoch 928) Val Loss: 0.3112 — saved: checkpoints\nnknn_regression_best_califonia_housing_softmax_fold_1_retr.pth
[Stage1] Epoch 929 - Val R²: 0.6828 | Reg Val Loss: 0.3111
[Stage1] New best (epoch 929) Val Loss: 0.3111 — saved: checkpoints\nnknn_regression_best_califonia_housing_softmax_fold_1_retr.pth
[Stage1] Epoch 930 - Val R²: 0.6828 | Reg Val Loss: 0.3111
[Stage1] New best (epoch 930) Val Loss: 0.3111 — saved: checkpoints\nnknn_regression_best_califonia_housing_softmax_fold_1_retr.pth
[Stage1] Epoch 931 - Val R²: 0.6829 | Reg Val Loss: 0.3110
[Stage1] New best (epoch 931) Val Loss: 0.3110 — saved: checkpoints\nnknn_regression_best_califonia_housing_softmax_fold_1_retr.pth
[Stage1] Epoch 932 - Val R²: 0.6828 | Reg Val Loss: 0.3111
[Stage1] No improv. Best so far: 0.3110 (epoch 931)
[Stage1] Epoch 933 - Val R²: 0.6828 | Reg Val Loss: 0.3111
[Stage1] No improv. Best so far: 0.3110 (epoch 931)
[Stage1] Epoch 934 - Val R²: 0.6829 | Reg Val Loss: 0.3110
[Stage1] No improv. Best so far: 0.3110 (epoch 931)
[Stage1] Epoch 935 - Val R²: 0.6830 | Reg Val Loss: 0.3109
[Stage1] New best (epoch 935) Val Loss: 0.3109 — saved: checkpoints\nnknn_regression_best_califonia_housing_softmax_fold_1_retr.pth
[Stage1] Epoch 936 - Val R²: 0.6830 | Reg Val Loss: 0.3109
[Stage1] New best (epoch 936) Val Loss: 0.3109 — saved: checkpoints\nnknn_regression_best_califonia_housing_softmax_fold_1_retr.pth
[Stage1] Epoch 937 - Val R²: 0.6830 | Reg Val Loss: 0.3109
[Stage1] New best (epoch 937) Val Loss: 0.3109 — saved: checkpoints\nnknn_regression_best_califonia_housing_softmax_fold_1_retr.pth
[Stage1] Epoch 938 - Val R²: 0.6830 | Reg Val Loss: 0.3109
[Stage1] No improv. Best so far: 0.3109 (epoch 937)
[Stage1] Epoch 939 - Val R²: 0.6830 | Reg Val Loss: 0.3109
[Stage1] No improv. Best so far: 0.3109 (epoch 937)
[Stage1] Epoch 940 - Val R²: 0.6830 | Reg Val Loss: 0.3109
[Stage1] New best (epoch 940) Val Loss: 0.3109 — saved: checkpoints\nnknn_regression_best_califonia_housing_softmax_fold_1_retr.pth
[Stage1] Epoch 941 - Val R²: 0.6831 | Reg Val Loss: 0.3108
[Stage1] New best (epoch 941) Val Loss: 0.3108 — saved: checkpoints\nnknn_regression_best_califonia_housing_softmax_fold_1_retr.pth
[Stage1] Epoch 942 - Val R²: 0.6832 | Reg Val Loss: 0.3107
[Stage1] New best (epoch 942) Val Loss: 0.3107 — saved: checkpoints\nnknn_regression_best_califonia_housing_softmax_fold_1_retr.pth
[Stage1] Epoch 943 - Val R²: 0.6831 | Reg Val Loss: 0.3108
[Stage1] No improv. Best so far: 0.3107 (epoch 942)
[Stage1] Epoch 944 - Val R²: 0.6832 | Reg Val Loss: 0.3107
[Stage1] New best (epoch 944) Val Loss: 0.3107 — saved: checkpoints\nnknn_regression_best_califonia_housing_softmax_fold_1_retr.pth
[Stage1] Epoch 945 - Val R²: 0.6832 | Reg Val Loss: 0.3107
[Stage1] New best (epoch 945) Val Loss: 0.3107 — saved: checkpoints\nnknn_regression_best_califonia_housing_softmax_fold_1_retr.pth
[Stage1] Epoch 946 - Val R²: 0.6833 | Reg Val Loss: 0.3106
[Stage1] New best (epoch 946) Val Loss: 0.3106 — saved: checkpoints\nnknn_regression_best_califonia_housing_softmax_fold_1_retr.pth
[Stage1] Epoch 947 - Val R²: 0.6833 | Reg Val Loss: 0.3106
[Stage1] New best (epoch 947) Val Loss: 0.3106 — saved: checkpoints\nnknn_regression_best_califonia_housing_softmax_fold_1_retr.pth
[Stage1] Epoch 948 - Val R²: 0.6835 | Reg Val Loss: 0.3104
[Stage1] New best (epoch 948) Val Loss: 0.3104 — saved: checkpoints\nnknn_regression_best_califonia_housing_softmax_fold_1_retr.pth
[Stage1] Epoch 949 - Val R²: 0.6834 | Reg Val Loss: 0.3105
[Stage1] No improv. Best so far: 0.3104 (epoch 948)
[Stage1] Epoch 950 - Val R²: 0.6835 | Reg Val Loss: 0.3104
[Stage1] New best (epoch 950) Val Loss: 0.3104 — saved: checkpoints\nnknn_regression_best_califonia_housing_softmax_fold_1_retr.pth
[Stage1] Epoch 951 - Val R²: 0.6835 | Reg Val Loss: 0.3104
[Stage1] New best (epoch 951) Val Loss: 0.3104 — saved: checkpoints\nnknn_regression_best_califonia_housing_softmax_fold_1_retr.pth
[Stage1] Epoch 952 - Val R²: 0.6835 | Reg Val Loss: 0.3104
[Stage1] No improv. Best so far: 0.3104 (epoch 951)
[Stage1] Epoch 953 - Val R²: 0.6835 | Reg Val Loss: 0.3104
[Stage1] No improv. Best so far: 0.3104 (epoch 951)
[Stage1] Epoch 954 - Val R²: 0.6837 | Reg Val Loss: 0.3102
[Stage1] New best (epoch 954) Val Loss: 0.3102 — saved: checkpoints\nnknn_regression_best_califonia_housing_softmax_fold_1_retr.pth
[Stage1] Epoch 955 - Val R²: 0.6835 | Reg Val Loss: 0.3104
[Stage1] No improv. Best so far: 0.3102 (epoch 954)
[Stage1] Epoch 956 - Val R²: 0.6836 | Reg Val Loss: 0.3103
[Stage1] No improv. Best so far: 0.3102 (epoch 954)
[Stage1] Epoch 957 - Val R²: 0.6838 | Reg Val Loss: 0.3101
[Stage1] New best (epoch 957) Val Loss: 0.3101 — saved: checkpoints\nnknn_regression_best_califonia_housing_softmax_fold_1_retr.pth
[Stage1] Epoch 958 - Val R²: 0.6837 | Reg Val Loss: 0.3102
[Stage1] No improv. Best so far: 0.3101 (epoch 957)
[Stage1] Epoch 959 - Val R²: 0.6838 | Reg Val Loss: 0.3102
[Stage1] No improv. Best so far: 0.3101 (epoch 957)
[Stage1] Epoch 960 - Val R²: 0.6837 | Reg Val Loss: 0.3102
[Stage1] No improv. Best so far: 0.3101 (epoch 957)
[Stage1] Epoch 961 - Val R²: 0.6838 | Reg Val Loss: 0.3101
[Stage1] New best (epoch 961) Val Loss: 0.3101 — saved: checkpoints\nnknn_regression_best_califonia_housing_softmax_fold_1_retr.pth
[Stage1] Epoch 962 - Val R²: 0.6837 | Reg Val Loss: 0.3102
[Stage1] No improv. Best so far: 0.3101 (epoch 961)
[Stage1] Epoch 963 - Val R²: 0.6839 | Reg Val Loss: 0.3100
[Stage1] New best (epoch 963) Val Loss: 0.3100 — saved: checkpoints\nnknn_regression_best_califonia_housing_softmax_fold_1_retr.pth
[Stage1] Epoch 964 - Val R²: 0.6840 | Reg Val Loss: 0.3099
[Stage1] New best (epoch 964) Val Loss: 0.3099 — saved: checkpoints\nnknn_regression_best_califonia_housing_softmax_fold_1_retr.pth
[Stage1] Epoch 965 - Val R²: 0.6839 | Reg Val Loss: 0.3100
[Stage1] No improv. Best so far: 0.3099 (epoch 964)
[Stage1] Epoch 966 - Val R²: 0.6839 | Reg Val Loss: 0.3101
[Stage1] No improv. Best so far: 0.3099 (epoch 964)
[Stage1] Epoch 967 - Val R²: 0.6841 | Reg Val Loss: 0.3098
[Stage1] New best (epoch 967) Val Loss: 0.3098 — saved: checkpoints\nnknn_regression_best_califonia_housing_softmax_fold_1_retr.pth
[Stage1] Epoch 968 - Val R²: 0.6840 | Reg Val Loss: 0.3099
[Stage1] No improv. Best so far: 0.3098 (epoch 967)
[Stage1] Epoch 969 - Val R²: 0.6841 | Reg Val Loss: 0.3098
[Stage1] New best (epoch 969) Val Loss: 0.3098 — saved: checkpoints\nnknn_regression_best_califonia_housing_softmax_fold_1_retr.pth
[Stage1] Epoch 970 - Val R²: 0.6840 | Reg Val Loss: 0.3100
[Stage1] No improv. Best so far: 0.3098 (epoch 969)
[Stage1] Epoch 971 - Val R²: 0.6842 | Reg Val Loss: 0.3097
[Stage1] New best (epoch 971) Val Loss: 0.3097 — saved: checkpoints\nnknn_regression_best_califonia_housing_softmax_fold_1_retr.pth
[Stage1] Epoch 972 - Val R²: 0.6842 | Reg Val Loss: 0.3097
[Stage1] No improv. Best so far: 0.3097 (epoch 971)
[Stage1] Epoch 973 - Val R²: 0.6842 | Reg Val Loss: 0.3097
[Stage1] No improv. Best so far: 0.3097 (epoch 971)
[Stage1] Epoch 974 - Val R²: 0.6844 | Reg Val Loss: 0.3096
[Stage1] New best (epoch 974) Val Loss: 0.3096 — saved: checkpoints\nnknn_regression_best_califonia_housing_softmax_fold_1_retr.pth
[Stage1] Epoch 975 - Val R²: 0.6844 | Reg Val Loss: 0.3096
[Stage1] New best (epoch 975) Val Loss: 0.3096 — saved: checkpoints\nnknn_regression_best_califonia_housing_softmax_fold_1_retr.pth
[Stage1] Epoch 976 - Val R²: 0.6844 | Reg Val Loss: 0.3095
[Stage1] New best (epoch 976) Val Loss: 0.3095 — saved: checkpoints\nnknn_regression_best_califonia_housing_softmax_fold_1_retr.pth
[Stage1] Epoch 977 - Val R²: 0.6844 | Reg Val Loss: 0.3095
[Stage1] No improv. Best so far: 0.3095 (epoch 976)
[Stage1] Epoch 978 - Val R²: 0.6843 | Reg Val Loss: 0.3096
[Stage1] No improv. Best so far: 0.3095 (epoch 976)
[Stage1] Epoch 979 - Val R²: 0.6845 | Reg Val Loss: 0.3094
[Stage1] New best (epoch 979) Val Loss: 0.3094 — saved: checkpoints\nnknn_regression_best_califonia_housing_softmax_fold_1_retr.pth
[Stage1] Epoch 980 - Val R²: 0.6844 | Reg Val Loss: 0.3095
[Stage1] No improv. Best so far: 0.3094 (epoch 979)
[Stage1] Epoch 981 - Val R²: 0.6845 | Reg Val Loss: 0.3094
[Stage1] New best (epoch 981) Val Loss: 0.3094 — saved: checkpoints\nnknn_regression_best_califonia_housing_softmax_fold_1_retr.pth
[Stage1] Epoch 982 - Val R²: 0.6846 | Reg Val Loss: 0.3093
[Stage1] New best (epoch 982) Val Loss: 0.3093 — saved: checkpoints\nnknn_regression_best_califonia_housing_softmax_fold_1_retr.pth
[Stage1] Epoch 983 - Val R²: 0.6846 | Reg Val Loss: 0.3093
[Stage1] New best (epoch 983) Val Loss: 0.3093 — saved: checkpoints\nnknn_regression_best_califonia_housing_softmax_fold_1_retr.pth
[Stage1] Epoch 984 - Val R²: 0.6848 | Reg Val Loss: 0.3092
[Stage1] New best (epoch 984) Val Loss: 0.3092 — saved: checkpoints\nnknn_regression_best_califonia_housing_softmax_fold_1_retr.pth
[Stage1] Epoch 985 - Val R²: 0.6848 | Reg Val Loss: 0.3092
[Stage1] No improv. Best so far: 0.3092 (epoch 984)
[Stage1] Epoch 986 - Val R²: 0.6846 | Reg Val Loss: 0.3093
[Stage1] No improv. Best so far: 0.3092 (epoch 984)
[Stage1] Epoch 987 - Val R²: 0.6848 | Reg Val Loss: 0.3092
[Stage1] New best (epoch 987) Val Loss: 0.3092 — saved: checkpoints\nnknn_regression_best_califonia_housing_softmax_fold_1_retr.pth
[Stage1] Epoch 988 - Val R²: 0.6847 | Reg Val Loss: 0.3092
[Stage1] No improv. Best so far: 0.3092 (epoch 987)
[Stage1] Epoch 989 - Val R²: 0.6849 | Reg Val Loss: 0.3090
[Stage1] New best (epoch 989) Val Loss: 0.3090 — saved: checkpoints\nnknn_regression_best_califonia_housing_softmax_fold_1_retr.pth
[Stage1] Epoch 990 - Val R²: 0.6849 | Reg Val Loss: 0.3090
[Stage1] New best (epoch 990) Val Loss: 0.3090 — saved: checkpoints\nnknn_regression_best_califonia_housing_softmax_fold_1_retr.pth
[Stage1] Epoch 991 - Val R²: 0.6849 | Reg Val Loss: 0.3090
[Stage1] New best (epoch 991) Val Loss: 0.3090 — saved: checkpoints\nnknn_regression_best_califonia_housing_softmax_fold_1_retr.pth
[Stage1] Epoch 992 - Val R²: 0.6850 | Reg Val Loss: 0.3090
[Stage1] New best (epoch 992) Val Loss: 0.3090 — saved: checkpoints\nnknn_regression_best_califonia_housing_softmax_fold_1_retr.pth
[Stage1] Epoch 993 - Val R²: 0.6850 | Reg Val Loss: 0.3090
[Stage1] New best (epoch 993) Val Loss: 0.3090 — saved: checkpoints\nnknn_regression_best_califonia_housing_softmax_fold_1_retr.pth
[Stage1] Epoch 994 - Val R²: 0.6851 | Reg Val Loss: 0.3089
[Stage1] New best (epoch 994) Val Loss: 0.3089 — saved: checkpoints\nnknn_regression_best_califonia_housing_softmax_fold_1_retr.pth
[Stage1] Epoch 995 - Val R²: 0.6851 | Reg Val Loss: 0.3088
[Stage1] New best (epoch 995) Val Loss: 0.3088 — saved: checkpoints\nnknn_regression_best_califonia_housing_softmax_fold_1_retr.pth
[Stage1] Epoch 996 - Val R²: 0.6851 | Reg Val Loss: 0.3089
[Stage1] No improv. Best so far: 0.3088 (epoch 995)
[Stage1] Epoch 997 - Val R²: 0.6852 | Reg Val Loss: 0.3088
[Stage1] New best (epoch 997) Val Loss: 0.3088 — saved: checkpoints\nnknn_regression_best_califonia_housing_softmax_fold_1_retr.pth
[Stage1] Epoch 998 - Val R²: 0.6852 | Reg Val Loss: 0.3087
[Stage1] New best (epoch 998) Val Loss: 0.3087 — saved: checkpoints\nnknn_regression_best_califonia_housing_softmax_fold_1_retr.pth
[Stage1] Epoch 999 - Val R²: 0.6853 | Reg Val Loss: 0.3087
[Stage1] New best (epoch 999) Val Loss: 0.3087 — saved: checkpoints\nnknn_regression_best_califonia_housing_softmax_fold_1_retr.pth
[Stage1] Epoch 1000 - Val R²: 0.6853 | Reg Val Loss: 0.3087
[Stage1] No improv. Best so far: 0.3087 (epoch 999)
[Stage1] Epoch 1001 - Val R²: 0.6853 | Reg Val Loss: 0.3086
[Stage1] New best (epoch 1001) Val Loss: 0.3086 — saved: checkpoints\nnknn_regression_best_califonia_housing_softmax_fold_1_retr.pth
[Stage1] Epoch 1002 - Val R²: 0.6853 | Reg Val Loss: 0.3086
[Stage1] New best (epoch 1002) Val Loss: 0.3086 — saved: checkpoints\nnknn_regression_best_califonia_housing_softmax_fold_1_retr.pth
[Stage1] Epoch 1003 - Val R²: 0.6854 | Reg Val Loss: 0.3086
[Stage1] New best (epoch 1003) Val Loss: 0.3086 — saved: checkpoints\nnknn_regression_best_califonia_housing_softmax_fold_1_retr.pth
[Stage1] Epoch 1004 - Val R²: 0.6854 | Reg Val Loss: 0.3086
[Stage1] New best (epoch 1004) Val Loss: 0.3086 — saved: checkpoints\nnknn_regression_best_califonia_housing_softmax_fold_1_retr.pth
[Stage1] Epoch 1005 - Val R²: 0.6854 | Reg Val Loss: 0.3086
[Stage1] No improv. Best so far: 0.3086 (epoch 1004)
[Stage1] Epoch 1006 - Val R²: 0.6854 | Reg Val Loss: 0.3085
[Stage1] New best (epoch 1006) Val Loss: 0.3085 — saved: checkpoints\nnknn_regression_best_califonia_housing_softmax_fold_1_retr.pth
[Stage1] Epoch 1007 - Val R²: 0.6855 | Reg Val Loss: 0.3085
[Stage1] New best (epoch 1007) Val Loss: 0.3085 — saved: checkpoints\nnknn_regression_best_califonia_housing_softmax_fold_1_retr.pth
[Stage1] Epoch 1008 - Val R²: 0.6856 | Reg Val Loss: 0.3084
[Stage1] New best (epoch 1008) Val Loss: 0.3084 — saved: checkpoints\nnknn_regression_best_califonia_housing_softmax_fold_1_retr.pth
[Stage1] Epoch 1009 - Val R²: 0.6856 | Reg Val Loss: 0.3084
[Stage1] New best (epoch 1009) Val Loss: 0.3084 — saved: checkpoints\nnknn_regression_best_califonia_housing_softmax_fold_1_retr.pth
[Stage1] Epoch 1010 - Val R²: 0.6855 | Reg Val Loss: 0.3084
[Stage1] No improv. Best so far: 0.3084 (epoch 1009)
[Stage1] Epoch 1011 - Val R²: 0.6857 | Reg Val Loss: 0.3082
[Stage1] New best (epoch 1011) Val Loss: 0.3082 — saved: checkpoints\nnknn_regression_best_califonia_housing_softmax_fold_1_retr.pth
[Stage1] Epoch 1012 - Val R²: 0.6857 | Reg Val Loss: 0.3082
[Stage1] No improv. Best so far: 0.3082 (epoch 1011)
[Stage1] Epoch 1013 - Val R²: 0.6858 | Reg Val Loss: 0.3081
[Stage1] New best (epoch 1013) Val Loss: 0.3081 — saved: checkpoints\nnknn_regression_best_califonia_housing_softmax_fold_1_retr.pth
[Stage1] Epoch 1014 - Val R²: 0.6857 | Reg Val Loss: 0.3082
[Stage1] No improv. Best so far: 0.3081 (epoch 1013)
[Stage1] Epoch 1015 - Val R²: 0.6858 | Reg Val Loss: 0.3082
[Stage1] No improv. Best so far: 0.3081 (epoch 1013)
[Stage1] Epoch 1016 - Val R²: 0.6859 | Reg Val Loss: 0.3081
[Stage1] New best (epoch 1016) Val Loss: 0.3081 — saved: checkpoints\nnknn_regression_best_califonia_housing_softmax_fold_1_retr.pth
[Stage1] Epoch 1017 - Val R²: 0.6859 | Reg Val Loss: 0.3080
[Stage1] New best (epoch 1017) Val Loss: 0.3080 — saved: checkpoints\nnknn_regression_best_califonia_housing_softmax_fold_1_retr.pth
[Stage1] Epoch 1018 - Val R²: 0.6858 | Reg Val Loss: 0.3081
[Stage1] No improv. Best so far: 0.3080 (epoch 1017)
[Stage1] Epoch 1019 - Val R²: 0.6859 | Reg Val Loss: 0.3080
[Stage1] New best (epoch 1019) Val Loss: 0.3080 — saved: checkpoints\nnknn_regression_best_califonia_housing_softmax_fold_1_retr.pth
[Stage1] Epoch 1020 - Val R²: 0.6859 | Reg Val Loss: 0.3080
[Stage1] No improv. Best so far: 0.3080 (epoch 1019)
[Stage1] Epoch 1021 - Val R²: 0.6860 | Reg Val Loss: 0.3079
[Stage1] New best (epoch 1021) Val Loss: 0.3079 — saved: checkpoints\nnknn_regression_best_califonia_housing_softmax_fold_1_retr.pth
[Stage1] Epoch 1022 - Val R²: 0.6861 | Reg Val Loss: 0.3079
[Stage1] New best (epoch 1022) Val Loss: 0.3079 — saved: checkpoints\nnknn_regression_best_califonia_housing_softmax_fold_1_retr.pth
[Stage1] Epoch 1023 - Val R²: 0.6860 | Reg Val Loss: 0.3079
[Stage1] No improv. Best so far: 0.3079 (epoch 1022)
[Stage1] Epoch 1024 - Val R²: 0.6862 | Reg Val Loss: 0.3078
[Stage1] New best (epoch 1024) Val Loss: 0.3078 — saved: checkpoints\nnknn_regression_best_califonia_housing_softmax_fold_1_retr.pth
[Stage1] Epoch 1025 - Val R²: 0.6861 | Reg Val Loss: 0.3079
[Stage1] No improv. Best so far: 0.3078 (epoch 1024)
[Stage1] Epoch 1026 - Val R²: 0.6862 | Reg Val Loss: 0.3077
[Stage1] New best (epoch 1026) Val Loss: 0.3077 — saved: checkpoints\nnknn_regression_best_califonia_housing_softmax_fold_1_retr.pth
[Stage1] Epoch 1027 - Val R²: 0.6862 | Reg Val Loss: 0.3078
[Stage1] No improv. Best so far: 0.3077 (epoch 1026)
[Stage1] Epoch 1028 - Val R²: 0.6862 | Reg Val Loss: 0.3077
[Stage1] No improv. Best so far: 0.3077 (epoch 1026)
[Stage1] Epoch 1029 - Val R²: 0.6863 | Reg Val Loss: 0.3076
[Stage1] New best (epoch 1029) Val Loss: 0.3076 — saved: checkpoints\nnknn_regression_best_califonia_housing_softmax_fold_1_retr.pth
[Stage1] Epoch 1030 - Val R²: 0.6864 | Reg Val Loss: 0.3076
[Stage1] New best (epoch 1030) Val Loss: 0.3076 — saved: checkpoints\nnknn_regression_best_califonia_housing_softmax_fold_1_retr.pth
[Stage1] Epoch 1031 - Val R²: 0.6862 | Reg Val Loss: 0.3078
[Stage1] No improv. Best so far: 0.3076 (epoch 1030)
[Stage1] Epoch 1032 - Val R²: 0.6863 | Reg Val Loss: 0.3077
[Stage1] No improv. Best so far: 0.3076 (epoch 1030)
[Stage1] Epoch 1033 - Val R²: 0.6863 | Reg Val Loss: 0.3077
[Stage1] No improv. Best so far: 0.3076 (epoch 1030)
[Stage1] Epoch 1034 - Val R²: 0.6865 | Reg Val Loss: 0.3075
[Stage1] New best (epoch 1034) Val Loss: 0.3075 — saved: checkpoints\nnknn_regression_best_califonia_housing_softmax_fold_1_retr.pth
[Stage1] Epoch 1035 - Val R²: 0.6865 | Reg Val Loss: 0.3074
[Stage1] New best (epoch 1035) Val Loss: 0.3074 — saved: checkpoints\nnknn_regression_best_califonia_housing_softmax_fold_1_retr.pth
[Stage1] Epoch 1036 - Val R²: 0.6865 | Reg Val Loss: 0.3074
[Stage1] New best (epoch 1036) Val Loss: 0.3074 — saved: checkpoints\nnknn_regression_best_califonia_housing_softmax_fold_1_retr.pth
[Stage1] Epoch 1037 - Val R²: 0.6866 | Reg Val Loss: 0.3073
[Stage1] New best (epoch 1037) Val Loss: 0.3073 — saved: checkpoints\nnknn_regression_best_califonia_housing_softmax_fold_1_retr.pth
[Stage1] Epoch 1038 - Val R²: 0.6866 | Reg Val Loss: 0.3074
[Stage1] No improv. Best so far: 0.3073 (epoch 1037)
[Stage1] Epoch 1039 - Val R²: 0.6867 | Reg Val Loss: 0.3073
[Stage1] New best (epoch 1039) Val Loss: 0.3073 — saved: checkpoints\nnknn_regression_best_califonia_housing_softmax_fold_1_retr.pth
[Stage1] Epoch 1040 - Val R²: 0.6867 | Reg Val Loss: 0.3073
[Stage1] New best (epoch 1040) Val Loss: 0.3073 — saved: checkpoints\nnknn_regression_best_califonia_housing_softmax_fold_1_retr.pth
[Stage1] Epoch 1041 - Val R²: 0.6867 | Reg Val Loss: 0.3073
[Stage1] No improv. Best so far: 0.3073 (epoch 1040)
[Stage1] Epoch 1042 - Val R²: 0.6867 | Reg Val Loss: 0.3072
[Stage1] New best (epoch 1042) Val Loss: 0.3072 — saved: checkpoints\nnknn_regression_best_califonia_housing_softmax_fold_1_retr.pth
[Stage1] Epoch 1043 - Val R²: 0.6868 | Reg Val Loss: 0.3072
[Stage1] New best (epoch 1043) Val Loss: 0.3072 — saved: checkpoints\nnknn_regression_best_califonia_housing_softmax_fold_1_retr.pth
[Stage1] Epoch 1044 - Val R²: 0.6867 | Reg Val Loss: 0.3073
[Stage1] No improv. Best so far: 0.3072 (epoch 1043)
[Stage1] Epoch 1045 - Val R²: 0.6869 | Reg Val Loss: 0.3071
[Stage1] New best (epoch 1045) Val Loss: 0.3071 — saved: checkpoints\nnknn_regression_best_califonia_housing_softmax_fold_1_retr.pth
[Stage1] Epoch 1046 - Val R²: 0.6868 | Reg Val Loss: 0.3072
[Stage1] No improv. Best so far: 0.3071 (epoch 1045)
[Stage1] Epoch 1047 - Val R²: 0.6869 | Reg Val Loss: 0.3071
[Stage1] No improv. Best so far: 0.3071 (epoch 1045)
[Stage1] Epoch 1048 - Val R²: 0.6869 | Reg Val Loss: 0.3071
[Stage1] New best (epoch 1048) Val Loss: 0.3071 — saved: checkpoints\nnknn_regression_best_califonia_housing_softmax_fold_1_retr.pth
[Stage1] Epoch 1049 - Val R²: 0.6868 | Reg Val Loss: 0.3071
[Stage1] No improv. Best so far: 0.3071 (epoch 1048)
[Stage1] Epoch 1050 - Val R²: 0.6871 | Reg Val Loss: 0.3069
[Stage1] New best (epoch 1050) Val Loss: 0.3069 — saved: checkpoints\nnknn_regression_best_califonia_housing_softmax_fold_1_retr.pth
[Stage1] Epoch 1051 - Val R²: 0.6870 | Reg Val Loss: 0.3069
[Stage1] No improv. Best so far: 0.3069 (epoch 1050)
[Stage1] Epoch 1052 - Val R²: 0.6871 | Reg Val Loss: 0.3069
[Stage1] New best (epoch 1052) Val Loss: 0.3069 — saved: checkpoints\nnknn_regression_best_califonia_housing_softmax_fold_1_retr.pth
[Stage1] Epoch 1053 - Val R²: 0.6872 | Reg Val Loss: 0.3068
[Stage1] New best (epoch 1053) Val Loss: 0.3068 — saved: checkpoints\nnknn_regression_best_califonia_housing_softmax_fold_1_retr.pth
[Stage1] Epoch 1054 - Val R²: 0.6871 | Reg Val Loss: 0.3069
[Stage1] No improv. Best so far: 0.3068 (epoch 1053)
[Stage1] Epoch 1055 - Val R²: 0.6872 | Reg Val Loss: 0.3068
[Stage1] No improv. Best so far: 0.3068 (epoch 1053)
[Stage1] Epoch 1056 - Val R²: 0.6873 | Reg Val Loss: 0.3067
[Stage1] New best (epoch 1056) Val Loss: 0.3067 — saved: checkpoints\nnknn_regression_best_califonia_housing_softmax_fold_1_retr.pth
[Stage1] Epoch 1057 - Val R²: 0.6873 | Reg Val Loss: 0.3067
[Stage1] No improv. Best so far: 0.3067 (epoch 1056)
[Stage1] Epoch 1058 - Val R²: 0.6872 | Reg Val Loss: 0.3067
[Stage1] No improv. Best so far: 0.3067 (epoch 1056)
[Stage1] Epoch 1059 - Val R²: 0.6874 | Reg Val Loss: 0.3066
[Stage1] New best (epoch 1059) Val Loss: 0.3066 — saved: checkpoints\nnknn_regression_best_califonia_housing_softmax_fold_1_retr.pth
[Stage1] Epoch 1060 - Val R²: 0.6875 | Reg Val Loss: 0.3065
[Stage1] New best (epoch 1060) Val Loss: 0.3065 — saved: checkpoints\nnknn_regression_best_califonia_housing_softmax_fold_1_retr.pth
[Stage1] Epoch 1061 - Val R²: 0.6875 | Reg Val Loss: 0.3065
[Stage1] New best (epoch 1061) Val Loss: 0.3065 — saved: checkpoints\nnknn_regression_best_califonia_housing_softmax_fold_1_retr.pth
[Stage1] Epoch 1062 - Val R²: 0.6875 | Reg Val Loss: 0.3065
[Stage1] New best (epoch 1062) Val Loss: 0.3065 — saved: checkpoints\nnknn_regression_best_califonia_housing_softmax_fold_1_retr.pth
[Stage1] Epoch 1063 - Val R²: 0.6874 | Reg Val Loss: 0.3066
[Stage1] No improv. Best so far: 0.3065 (epoch 1062)
[Stage1] Epoch 1064 - Val R²: 0.6875 | Reg Val Loss: 0.3065
[Stage1] No improv. Best so far: 0.3065 (epoch 1062)
[Stage1] Epoch 1065 - Val R²: 0.6876 | Reg Val Loss: 0.3064
[Stage1] New best (epoch 1065) Val Loss: 0.3064 — saved: checkpoints\nnknn_regression_best_califonia_housing_softmax_fold_1_retr.pth
[Stage1] Epoch 1066 - Val R²: 0.6877 | Reg Val Loss: 0.3063
[Stage1] New best (epoch 1066) Val Loss: 0.3063 — saved: checkpoints\nnknn_regression_best_califonia_housing_softmax_fold_1_retr.pth
[Stage1] Epoch 1067 - Val R²: 0.6875 | Reg Val Loss: 0.3065
[Stage1] No improv. Best so far: 0.3063 (epoch 1066)
[Stage1] Epoch 1068 - Val R²: 0.6876 | Reg Val Loss: 0.3064
[Stage1] No improv. Best so far: 0.3063 (epoch 1066)
[Stage1] Epoch 1069 - Val R²: 0.6877 | Reg Val Loss: 0.3063
[Stage1] New best (epoch 1069) Val Loss: 0.3063 — saved: checkpoints\nnknn_regression_best_califonia_housing_softmax_fold_1_retr.pth
[Stage1] Epoch 1070 - Val R²: 0.6877 | Reg Val Loss: 0.3063
[Stage1] No improv. Best so far: 0.3063 (epoch 1069)
[Stage1] Epoch 1071 - Val R²: 0.6878 | Reg Val Loss: 0.3062
[Stage1] New best (epoch 1071) Val Loss: 0.3062 — saved: checkpoints\nnknn_regression_best_califonia_housing_softmax_fold_1_retr.pth
[Stage1] Epoch 1072 - Val R²: 0.6879 | Reg Val Loss: 0.3061
[Stage1] New best (epoch 1072) Val Loss: 0.3061 — saved: checkpoints\nnknn_regression_best_califonia_housing_softmax_fold_1_retr.pth
[Stage1] Epoch 1073 - Val R²: 0.6879 | Reg Val Loss: 0.3061
[Stage1] New best (epoch 1073) Val Loss: 0.3061 — saved: checkpoints\nnknn_regression_best_califonia_housing_softmax_fold_1_retr.pth
[Stage1] Epoch 1074 - Val R²: 0.6877 | Reg Val Loss: 0.3062
[Stage1] No improv. Best so far: 0.3061 (epoch 1073)
[Stage1] Epoch 1075 - Val R²: 0.6879 | Reg Val Loss: 0.3061
[Stage1] New best (epoch 1075) Val Loss: 0.3061 — saved: checkpoints\nnknn_regression_best_califonia_housing_softmax_fold_1_retr.pth
[Stage1] Epoch 1076 - Val R²: 0.6880 | Reg Val Loss: 0.3060
[Stage1] New best (epoch 1076) Val Loss: 0.3060 — saved: checkpoints\nnknn_regression_best_califonia_housing_softmax_fold_1_retr.pth
[Stage1] Epoch 1077 - Val R²: 0.6880 | Reg Val Loss: 0.3060
[Stage1] New best (epoch 1077) Val Loss: 0.3060 — saved: checkpoints\nnknn_regression_best_califonia_housing_softmax_fold_1_retr.pth
[Stage1] Epoch 1078 - Val R²: 0.6879 | Reg Val Loss: 0.3061
[Stage1] No improv. Best so far: 0.3060 (epoch 1077)
[Stage1] Epoch 1079 - Val R²: 0.6880 | Reg Val Loss: 0.3060
[Stage1] New best (epoch 1079) Val Loss: 0.3060 — saved: checkpoints\nnknn_regression_best_califonia_housing_softmax_fold_1_retr.pth
[Stage1] Epoch 1080 - Val R²: 0.6881 | Reg Val Loss: 0.3059
[Stage1] New best (epoch 1080) Val Loss: 0.3059 — saved: checkpoints\nnknn_regression_best_califonia_housing_softmax_fold_1_retr.pth
[Stage1] Epoch 1081 - Val R²: 0.6881 | Reg Val Loss: 0.3059
[Stage1] New best (epoch 1081) Val Loss: 0.3059 — saved: checkpoints\nnknn_regression_best_califonia_housing_softmax_fold_1_retr.pth
[Stage1] Epoch 1082 - Val R²: 0.6882 | Reg Val Loss: 0.3058
[Stage1] New best (epoch 1082) Val Loss: 0.3058 — saved: checkpoints\nnknn_regression_best_califonia_housing_softmax_fold_1_retr.pth
[Stage1] Epoch 1083 - Val R²: 0.6881 | Reg Val Loss: 0.3059
[Stage1] No improv. Best so far: 0.3058 (epoch 1082)
[Stage1] Epoch 1084 - Val R²: 0.6882 | Reg Val Loss: 0.3058
[Stage1] New best (epoch 1084) Val Loss: 0.3058 — saved: checkpoints\nnknn_regression_best_califonia_housing_softmax_fold_1_retr.pth
[Stage1] Epoch 1085 - Val R²: 0.6882 | Reg Val Loss: 0.3058
[Stage1] No improv. Best so far: 0.3058 (epoch 1084)
[Stage1] Epoch 1086 - Val R²: 0.6882 | Reg Val Loss: 0.3058
[Stage1] No improv. Best so far: 0.3058 (epoch 1084)
[Stage1] Epoch 1087 - Val R²: 0.6882 | Reg Val Loss: 0.3058
[Stage1] No improv. Best so far: 0.3058 (epoch 1084)
[Stage1] Epoch 1088 - Val R²: 0.6884 | Reg Val Loss: 0.3056
[Stage1] New best (epoch 1088) Val Loss: 0.3056 — saved: checkpoints\nnknn_regression_best_califonia_housing_softmax_fold_1_retr.pth
[Stage1] Epoch 1089 - Val R²: 0.6882 | Reg Val Loss: 0.3058
[Stage1] No improv. Best so far: 0.3056 (epoch 1088)
[Stage1] Epoch 1090 - Val R²: 0.6885 | Reg Val Loss: 0.3055
[Stage1] New best (epoch 1090) Val Loss: 0.3055 — saved: checkpoints\nnknn_regression_best_califonia_housing_softmax_fold_1_retr.pth
[Stage1] Epoch 1091 - Val R²: 0.6885 | Reg Val Loss: 0.3055
[Stage1] New best (epoch 1091) Val Loss: 0.3055 — saved: checkpoints\nnknn_regression_best_califonia_housing_softmax_fold_1_retr.pth
[Stage1] Epoch 1092 - Val R²: 0.6884 | Reg Val Loss: 0.3056
[Stage1] No improv. Best so far: 0.3055 (epoch 1091)
[Stage1] Epoch 1093 - Val R²: 0.6886 | Reg Val Loss: 0.3054
[Stage1] New best (epoch 1093) Val Loss: 0.3054 — saved: checkpoints\nnknn_regression_best_califonia_housing_softmax_fold_1_retr.pth
[Stage1] Epoch 1094 - Val R²: 0.6886 | Reg Val Loss: 0.3054
[Stage1] New best (epoch 1094) Val Loss: 0.3054 — saved: checkpoints\nnknn_regression_best_califonia_housing_softmax_fold_1_retr.pth
[Stage1] Epoch 1095 - Val R²: 0.6884 | Reg Val Loss: 0.3056
[Stage1] No improv. Best so far: 0.3054 (epoch 1094)
[Stage1] Epoch 1096 - Val R²: 0.6887 | Reg Val Loss: 0.3054
[Stage1] New best (epoch 1096) Val Loss: 0.3054 — saved: checkpoints\nnknn_regression_best_califonia_housing_softmax_fold_1_retr.pth
[Stage1] Epoch 1097 - Val R²: 0.6887 | Reg Val Loss: 0.3054
[Stage1] New best (epoch 1097) Val Loss: 0.3054 — saved: checkpoints\nnknn_regression_best_califonia_housing_softmax_fold_1_retr.pth
[Stage1] Epoch 1098 - Val R²: 0.6887 | Reg Val Loss: 0.3053
[Stage1] New best (epoch 1098) Val Loss: 0.3053 — saved: checkpoints\nnknn_regression_best_califonia_housing_softmax_fold_1_retr.pth
[Stage1] Epoch 1099 - Val R²: 0.6886 | Reg Val Loss: 0.3054
[Stage1] No improv. Best so far: 0.3053 (epoch 1098)
[Stage1] Epoch 1100 - Val R²: 0.6888 | Reg Val Loss: 0.3053
[Stage1] New best (epoch 1100) Val Loss: 0.3053 — saved: checkpoints\nnknn_regression_best_califonia_housing_softmax_fold_1_retr.pth
[Stage1] Epoch 1101 - Val R²: 0.6888 | Reg Val Loss: 0.3052
[Stage1] New best (epoch 1101) Val Loss: 0.3052 — saved: checkpoints\nnknn_regression_best_califonia_housing_softmax_fold_1_retr.pth
[Stage1] Epoch 1102 - Val R²: 0.6888 | Reg Val Loss: 0.3052
[Stage1] No improv. Best so far: 0.3052 (epoch 1101)
[Stage1] Epoch 1103 - Val R²: 0.6889 | Reg Val Loss: 0.3051
[Stage1] New best (epoch 1103) Val Loss: 0.3051 — saved: checkpoints\nnknn_regression_best_califonia_housing_softmax_fold_1_retr.pth
[Stage1] Epoch 1104 - Val R²: 0.6889 | Reg Val Loss: 0.3051
[Stage1] No improv. Best so far: 0.3051 (epoch 1103)
[Stage1] Epoch 1105 - Val R²: 0.6887 | Reg Val Loss: 0.3053
[Stage1] No improv. Best so far: 0.3051 (epoch 1103)
[Stage1] Epoch 1106 - Val R²: 0.6890 | Reg Val Loss: 0.3050
[Stage1] New best (epoch 1106) Val Loss: 0.3050 — saved: checkpoints\nnknn_regression_best_califonia_housing_softmax_fold_1_retr.pth
[Stage1] Epoch 1107 - Val R²: 0.6890 | Reg Val Loss: 0.3050
[Stage1] New best (epoch 1107) Val Loss: 0.3050 — saved: checkpoints\nnknn_regression_best_califonia_housing_softmax_fold_1_retr.pth
[Stage1] Epoch 1108 - Val R²: 0.6890 | Reg Val Loss: 0.3050
[Stage1] No improv. Best so far: 0.3050 (epoch 1107)
[Stage1] Epoch 1109 - Val R²: 0.6889 | Reg Val Loss: 0.3051
[Stage1] No improv. Best so far: 0.3050 (epoch 1107)
[Stage1] Epoch 1110 - Val R²: 0.6890 | Reg Val Loss: 0.3050
[Stage1] No improv. Best so far: 0.3050 (epoch 1107)
[Stage1] Epoch 1111 - Val R²: 0.6891 | Reg Val Loss: 0.3049
[Stage1] New best (epoch 1111) Val Loss: 0.3049 — saved: checkpoints\nnknn_regression_best_califonia_housing_softmax_fold_1_retr.pth
[Stage1] Epoch 1112 - Val R²: 0.6892 | Reg Val Loss: 0.3048
[Stage1] New best (epoch 1112) Val Loss: 0.3048 — saved: checkpoints\nnknn_regression_best_califonia_housing_softmax_fold_1_retr.pth
[Stage1] Epoch 1113 - Val R²: 0.6892 | Reg Val Loss: 0.3048
[Stage1] No improv. Best so far: 0.3048 (epoch 1112)
[Stage1] Epoch 1114 - Val R²: 0.6892 | Reg Val Loss: 0.3048
[Stage1] New best (epoch 1114) Val Loss: 0.3048 — saved: checkpoints\nnknn_regression_best_califonia_housing_softmax_fold_1_retr.pth
[Stage1] Epoch 1115 - Val R²: 0.6892 | Reg Val Loss: 0.3048
[Stage1] No improv. Best so far: 0.3048 (epoch 1114)
[Stage1] Epoch 1116 - Val R²: 0.6892 | Reg Val Loss: 0.3048
[Stage1] New best (epoch 1116) Val Loss: 0.3048 — saved: checkpoints\nnknn_regression_best_califonia_housing_softmax_fold_1_retr.pth
[Stage1] Epoch 1117 - Val R²: 0.6893 | Reg Val Loss: 0.3048
[Stage1] New best (epoch 1117) Val Loss: 0.3048 — saved: checkpoints\nnknn_regression_best_califonia_housing_softmax_fold_1_retr.pth
[Stage1] Epoch 1118 - Val R²: 0.6894 | Reg Val Loss: 0.3046
[Stage1] New best (epoch 1118) Val Loss: 0.3046 — saved: checkpoints\nnknn_regression_best_califonia_housing_softmax_fold_1_retr.pth
[Stage1] Epoch 1119 - Val R²: 0.6894 | Reg Val Loss: 0.3047
[Stage1] No improv. Best so far: 0.3046 (epoch 1118)
[Stage1] Epoch 1120 - Val R²: 0.6894 | Reg Val Loss: 0.3047
[Stage1] No improv. Best so far: 0.3046 (epoch 1118)
[Stage1] Epoch 1121 - Val R²: 0.6895 | Reg Val Loss: 0.3045
[Stage1] New best (epoch 1121) Val Loss: 0.3045 — saved: checkpoints\nnknn_regression_best_califonia_housing_softmax_fold_1_retr.pth
[Stage1] Epoch 1122 - Val R²: 0.6896 | Reg Val Loss: 0.3044
[Stage1] New best (epoch 1122) Val Loss: 0.3044 — saved: checkpoints\nnknn_regression_best_califonia_housing_softmax_fold_1_retr.pth
[Stage1] Epoch 1123 - Val R²: 0.6896 | Reg Val Loss: 0.3044
[Stage1] No improv. Best so far: 0.3044 (epoch 1122)
[Stage1] Epoch 1124 - Val R²: 0.6897 | Reg Val Loss: 0.3044
[Stage1] New best (epoch 1124) Val Loss: 0.3044 — saved: checkpoints\nnknn_regression_best_califonia_housing_softmax_fold_1_retr.pth
[Stage1] Epoch 1125 - Val R²: 0.6895 | Reg Val Loss: 0.3045
[Stage1] No improv. Best so far: 0.3044 (epoch 1124)
[Stage1] Epoch 1126 - Val R²: 0.6897 | Reg Val Loss: 0.3044
[Stage1] New best (epoch 1126) Val Loss: 0.3044 — saved: checkpoints\nnknn_regression_best_califonia_housing_softmax_fold_1_retr.pth
[Stage1] Epoch 1127 - Val R²: 0.6896 | Reg Val Loss: 0.3044
[Stage1] No improv. Best so far: 0.3044 (epoch 1126)
[Stage1] Epoch 1128 - Val R²: 0.6897 | Reg Val Loss: 0.3043
[Stage1] New best (epoch 1128) Val Loss: 0.3043 — saved: checkpoints\nnknn_regression_best_califonia_housing_softmax_fold_1_retr.pth
[Stage1] Epoch 1129 - Val R²: 0.6897 | Reg Val Loss: 0.3043
[Stage1] No improv. Best so far: 0.3043 (epoch 1128)
[Stage1] Epoch 1130 - Val R²: 0.6897 | Reg Val Loss: 0.3043
[Stage1] New best (epoch 1130) Val Loss: 0.3043 — saved: checkpoints\nnknn_regression_best_califonia_housing_softmax_fold_1_retr.pth
[Stage1] Epoch 1131 - Val R²: 0.6897 | Reg Val Loss: 0.3043
[Stage1] No improv. Best so far: 0.3043 (epoch 1130)
[Stage1] Epoch 1132 - Val R²: 0.6899 | Reg Val Loss: 0.3041
[Stage1] New best (epoch 1132) Val Loss: 0.3041 — saved: checkpoints\nnknn_regression_best_califonia_housing_softmax_fold_1_retr.pth
[Stage1] Epoch 1133 - Val R²: 0.6899 | Reg Val Loss: 0.3041
[Stage1] New best (epoch 1133) Val Loss: 0.3041 — saved: checkpoints\nnknn_regression_best_califonia_housing_softmax_fold_1_retr.pth
[Stage1] Epoch 1134 - Val R²: 0.6899 | Reg Val Loss: 0.3042
[Stage1] No improv. Best so far: 0.3041 (epoch 1133)
[Stage1] Epoch 1135 - Val R²: 0.6899 | Reg Val Loss: 0.3042
[Stage1] No improv. Best so far: 0.3041 (epoch 1133)
[Stage1] Epoch 1136 - Val R²: 0.6900 | Reg Val Loss: 0.3040
[Stage1] New best (epoch 1136) Val Loss: 0.3040 — saved: checkpoints\nnknn_regression_best_califonia_housing_softmax_fold_1_retr.pth
[Stage1] Epoch 1137 - Val R²: 0.6900 | Reg Val Loss: 0.3041
[Stage1] No improv. Best so far: 0.3040 (epoch 1136)
[Stage1] Epoch 1138 - Val R²: 0.6900 | Reg Val Loss: 0.3040
[Stage1] No improv. Best so far: 0.3040 (epoch 1136)
[Stage1] Epoch 1139 - Val R²: 0.6901 | Reg Val Loss: 0.3039
[Stage1] New best (epoch 1139) Val Loss: 0.3039 — saved: checkpoints\nnknn_regression_best_califonia_housing_softmax_fold_1_retr.pth
[Stage1] Epoch 1140 - Val R²: 0.6902 | Reg Val Loss: 0.3039
[Stage1] New best (epoch 1140) Val Loss: 0.3039 — saved: checkpoints\nnknn_regression_best_califonia_housing_softmax_fold_1_retr.pth
[Stage1] Epoch 1141 - Val R²: 0.6902 | Reg Val Loss: 0.3038
[Stage1] New best (epoch 1141) Val Loss: 0.3038 — saved: checkpoints\nnknn_regression_best_califonia_housing_softmax_fold_1_retr.pth
[Stage1] Epoch 1142 - Val R²: 0.6901 | Reg Val Loss: 0.3040
[Stage1] No improv. Best so far: 0.3038 (epoch 1141)
[Stage1] Epoch 1143 - Val R²: 0.6903 | Reg Val Loss: 0.3038
[Stage1] New best (epoch 1143) Val Loss: 0.3038 — saved: checkpoints\nnknn_regression_best_califonia_housing_softmax_fold_1_retr.pth
[Stage1] Epoch 1144 - Val R²: 0.6904 | Reg Val Loss: 0.3037
[Stage1] New best (epoch 1144) Val Loss: 0.3037 — saved: checkpoints\nnknn_regression_best_califonia_housing_softmax_fold_1_retr.pth
[Stage1] Epoch 1145 - Val R²: 0.6903 | Reg Val Loss: 0.3037
[Stage1] No improv. Best so far: 0.3037 (epoch 1144)
[Stage1] Epoch 1146 - Val R²: 0.6904 | Reg Val Loss: 0.3036
[Stage1] New best (epoch 1146) Val Loss: 0.3036 — saved: checkpoints\nnknn_regression_best_califonia_housing_softmax_fold_1_retr.pth
[Stage1] Epoch 1147 - Val R²: 0.6904 | Reg Val Loss: 0.3036
[Stage1] New best (epoch 1147) Val Loss: 0.3036 — saved: checkpoints\nnknn_regression_best_califonia_housing_softmax_fold_1_retr.pth
[Stage1] Epoch 1148 - Val R²: 0.6903 | Reg Val Loss: 0.3037
[Stage1] No improv. Best so far: 0.3036 (epoch 1147)
[Stage1] Epoch 1149 - Val R²: 0.6905 | Reg Val Loss: 0.3036
[Stage1] New best (epoch 1149) Val Loss: 0.3036 — saved: checkpoints\nnknn_regression_best_califonia_housing_softmax_fold_1_retr.pth
[Stage1] Epoch 1150 - Val R²: 0.6905 | Reg Val Loss: 0.3036
[Stage1] No improv. Best so far: 0.3036 (epoch 1149)
[Stage1] Epoch 1151 - Val R²: 0.6906 | Reg Val Loss: 0.3035
[Stage1] New best (epoch 1151) Val Loss: 0.3035 — saved: checkpoints\nnknn_regression_best_califonia_housing_softmax_fold_1_retr.pth
[Stage1] Epoch 1152 - Val R²: 0.6906 | Reg Val Loss: 0.3035
[Stage1] No improv. Best so far: 0.3035 (epoch 1151)
[Stage1] Epoch 1153 - Val R²: 0.6906 | Reg Val Loss: 0.3035
[Stage1] New best (epoch 1153) Val Loss: 0.3035 — saved: checkpoints\nnknn_regression_best_califonia_housing_softmax_fold_1_retr.pth
[Stage1] Epoch 1154 - Val R²: 0.6907 | Reg Val Loss: 0.3033
[Stage1] New best (epoch 1154) Val Loss: 0.3033 — saved: checkpoints\nnknn_regression_best_califonia_housing_softmax_fold_1_retr.pth
[Stage1] Epoch 1155 - Val R²: 0.6907 | Reg Val Loss: 0.3033
[Stage1] New best (epoch 1155) Val Loss: 0.3033 — saved: checkpoints\nnknn_regression_best_califonia_housing_softmax_fold_1_retr.pth
[Stage1] Epoch 1156 - Val R²: 0.6906 | Reg Val Loss: 0.3035
[Stage1] No improv. Best so far: 0.3033 (epoch 1155)
[Stage1] Epoch 1157 - Val R²: 0.6908 | Reg Val Loss: 0.3033
[Stage1] New best (epoch 1157) Val Loss: 0.3033 — saved: checkpoints\nnknn_regression_best_califonia_housing_softmax_fold_1_retr.pth
[Stage1] Epoch 1158 - Val R²: 0.6905 | Reg Val Loss: 0.3035
[Stage1] No improv. Best so far: 0.3033 (epoch 1157)
[Stage1] Epoch 1159 - Val R²: 0.6908 | Reg Val Loss: 0.3033
[Stage1] No improv. Best so far: 0.3033 (epoch 1157)
[Stage1] Epoch 1160 - Val R²: 0.6909 | Reg Val Loss: 0.3032
[Stage1] New best (epoch 1160) Val Loss: 0.3032 — saved: checkpoints\nnknn_regression_best_califonia_housing_softmax_fold_1_retr.pth
[Stage1] Epoch 1161 - Val R²: 0.6908 | Reg Val Loss: 0.3033
[Stage1] No improv. Best so far: 0.3032 (epoch 1160)
[Stage1] Epoch 1162 - Val R²: 0.6909 | Reg Val Loss: 0.3032
[Stage1] New best (epoch 1162) Val Loss: 0.3032 — saved: checkpoints\nnknn_regression_best_califonia_housing_softmax_fold_1_retr.pth
[Stage1] Epoch 1163 - Val R²: 0.6909 | Reg Val Loss: 0.3032
[Stage1] No improv. Best so far: 0.3032 (epoch 1162)
[Stage1] Epoch 1164 - Val R²: 0.6909 | Reg Val Loss: 0.3032
[Stage1] No improv. Best so far: 0.3032 (epoch 1162)
[Stage1] Epoch 1165 - Val R²: 0.6910 | Reg Val Loss: 0.3031
[Stage1] New best (epoch 1165) Val Loss: 0.3031 — saved: checkpoints\nnknn_regression_best_califonia_housing_softmax_fold_1_retr.pth
[Stage1] Epoch 1166 - Val R²: 0.6910 | Reg Val Loss: 0.3031
[Stage1] No improv. Best so far: 0.3031 (epoch 1165)
[Stage1] Epoch 1167 - Val R²: 0.6911 | Reg Val Loss: 0.3030
[Stage1] New best (epoch 1167) Val Loss: 0.3030 — saved: checkpoints\nnknn_regression_best_califonia_housing_softmax_fold_1_retr.pth
[Stage1] Epoch 1168 - Val R²: 0.6911 | Reg Val Loss: 0.3030
[Stage1] New best (epoch 1168) Val Loss: 0.3030 — saved: checkpoints\nnknn_regression_best_califonia_housing_softmax_fold_1_retr.pth
[Stage1] Epoch 1169 - Val R²: 0.6910 | Reg Val Loss: 0.3030
[Stage1] No improv. Best so far: 0.3030 (epoch 1168)
[Stage1] Epoch 1170 - Val R²: 0.6911 | Reg Val Loss: 0.3030
[Stage1] New best (epoch 1170) Val Loss: 0.3030 — saved: checkpoints\nnknn_regression_best_califonia_housing_softmax_fold_1_retr.pth
[Stage1] Epoch 1171 - Val R²: 0.6912 | Reg Val Loss: 0.3029
[Stage1] New best (epoch 1171) Val Loss: 0.3029 — saved: checkpoints\nnknn_regression_best_califonia_housing_softmax_fold_1_retr.pth
[Stage1] Epoch 1172 - Val R²: 0.6911 | Reg Val Loss: 0.3030
[Stage1] No improv. Best so far: 0.3029 (epoch 1171)
[Stage1] Epoch 1173 - Val R²: 0.6913 | Reg Val Loss: 0.3027
[Stage1] New best (epoch 1173) Val Loss: 0.3027 — saved: checkpoints\nnknn_regression_best_califonia_housing_softmax_fold_1_retr.pth
[Stage1] Epoch 1174 - Val R²: 0.6913 | Reg Val Loss: 0.3027
[Stage1] No improv. Best so far: 0.3027 (epoch 1173)
[Stage1] Epoch 1175 - Val R²: 0.6913 | Reg Val Loss: 0.3027
[Stage1] No improv. Best so far: 0.3027 (epoch 1173)
[Stage1] Epoch 1176 - Val R²: 0.6913 | Reg Val Loss: 0.3027
[Stage1] No improv. Best so far: 0.3027 (epoch 1173)
[Stage1] Epoch 1177 - Val R²: 0.6912 | Reg Val Loss: 0.3028
[Stage1] No improv. Best so far: 0.3027 (epoch 1173)
[Stage1] Epoch 1178 - Val R²: 0.6914 | Reg Val Loss: 0.3026
[Stage1] New best (epoch 1178) Val Loss: 0.3026 — saved: checkpoints\nnknn_regression_best_califonia_housing_softmax_fold_1_retr.pth
[Stage1] Epoch 1179 - Val R²: 0.6915 | Reg Val Loss: 0.3026
[Stage1] New best (epoch 1179) Val Loss: 0.3026 — saved: checkpoints\nnknn_regression_best_califonia_housing_softmax_fold_1_retr.pth
[Stage1] Epoch 1180 - Val R²: 0.6915 | Reg Val Loss: 0.3026
[Stage1] No improv. Best so far: 0.3026 (epoch 1179)
[Stage1] Epoch 1181 - Val R²: 0.6915 | Reg Val Loss: 0.3026
[Stage1] No improv. Best so far: 0.3026 (epoch 1179)
[Stage1] Epoch 1182 - Val R²: 0.6916 | Reg Val Loss: 0.3025
[Stage1] New best (epoch 1182) Val Loss: 0.3025 — saved: checkpoints\nnknn_regression_best_califonia_housing_softmax_fold_1_retr.pth
[Stage1] Epoch 1183 - Val R²: 0.6916 | Reg Val Loss: 0.3025
[Stage1] New best (epoch 1183) Val Loss: 0.3025 — saved: checkpoints\nnknn_regression_best_califonia_housing_softmax_fold_1_retr.pth
[Stage1] Epoch 1184 - Val R²: 0.6916 | Reg Val Loss: 0.3025
[Stage1] New best (epoch 1184) Val Loss: 0.3025 — saved: checkpoints\nnknn_regression_best_califonia_housing_softmax_fold_1_retr.pth
[Stage1] Epoch 1185 - Val R²: 0.6916 | Reg Val Loss: 0.3024
[Stage1] New best (epoch 1185) Val Loss: 0.3024 — saved: checkpoints\nnknn_regression_best_califonia_housing_softmax_fold_1_retr.pth
[Stage1] Epoch 1186 - Val R²: 0.6917 | Reg Val Loss: 0.3023
[Stage1] New best (epoch 1186) Val Loss: 0.3023 — saved: checkpoints\nnknn_regression_best_califonia_housing_softmax_fold_1_retr.pth
[Stage1] Epoch 1187 - Val R²: 0.6918 | Reg Val Loss: 0.3022
[Stage1] New best (epoch 1187) Val Loss: 0.3022 — saved: checkpoints\nnknn_regression_best_califonia_housing_softmax_fold_1_retr.pth
[Stage1] Epoch 1188 - Val R²: 0.6917 | Reg Val Loss: 0.3024
[Stage1] No improv. Best so far: 0.3022 (epoch 1187)
[Stage1] Epoch 1189 - Val R²: 0.6918 | Reg Val Loss: 0.3023
[Stage1] No improv. Best so far: 0.3022 (epoch 1187)
[Stage1] Epoch 1190 - Val R²: 0.6918 | Reg Val Loss: 0.3023
[Stage1] No improv. Best so far: 0.3022 (epoch 1187)
[Stage1] Epoch 1191 - Val R²: 0.6919 | Reg Val Loss: 0.3021
[Stage1] New best (epoch 1191) Val Loss: 0.3021 — saved: checkpoints\nnknn_regression_best_califonia_housing_softmax_fold_1_retr.pth
[Stage1] Epoch 1192 - Val R²: 0.6919 | Reg Val Loss: 0.3022
[Stage1] No improv. Best so far: 0.3021 (epoch 1191)
[Stage1] Epoch 1193 - Val R²: 0.6919 | Reg Val Loss: 0.3022
[Stage1] No improv. Best so far: 0.3021 (epoch 1191)
[Stage1] Epoch 1194 - Val R²: 0.6919 | Reg Val Loss: 0.3022
[Stage1] No improv. Best so far: 0.3021 (epoch 1191)
[Stage1] Epoch 1195 - Val R²: 0.6919 | Reg Val Loss: 0.3022
[Stage1] No improv. Best so far: 0.3021 (epoch 1191)
[Stage1] Epoch 1196 - Val R²: 0.6919 | Reg Val Loss: 0.3021
[Stage1] New best (epoch 1196) Val Loss: 0.3021 — saved: checkpoints\nnknn_regression_best_califonia_housing_softmax_fold_1_retr.pth
[Stage1] Epoch 1197 - Val R²: 0.6921 | Reg Val Loss: 0.3020
[Stage1] New best (epoch 1197) Val Loss: 0.3020 — saved: checkpoints\nnknn_regression_best_califonia_housing_softmax_fold_1_retr.pth
[Stage1] Epoch 1198 - Val R²: 0.6919 | Reg Val Loss: 0.3021
[Stage1] No improv. Best so far: 0.3020 (epoch 1197)
[Stage1] Epoch 1199 - Val R²: 0.6922 | Reg Val Loss: 0.3019
[Stage1] New best (epoch 1199) Val Loss: 0.3019 — saved: checkpoints\nnknn_regression_best_califonia_housing_softmax_fold_1_retr.pth
[Stage1] Epoch 1200 - Val R²: 0.6921 | Reg Val Loss: 0.3020
[Stage1] No improv. Best so far: 0.3019 (epoch 1199)
[Stage1] Epoch 1201 - Val R²: 0.6922 | Reg Val Loss: 0.3018
[Stage1] New best (epoch 1201) Val Loss: 0.3018 — saved: checkpoints\nnknn_regression_best_califonia_housing_softmax_fold_1_retr.pth
[Stage1] Epoch 1202 - Val R²: 0.6922 | Reg Val Loss: 0.3019
[Stage1] No improv. Best so far: 0.3018 (epoch 1201)
[Stage1] Epoch 1203 - Val R²: 0.6921 | Reg Val Loss: 0.3019
[Stage1] No improv. Best so far: 0.3018 (epoch 1201)
[Stage1] Epoch 1204 - Val R²: 0.6923 | Reg Val Loss: 0.3018
[Stage1] New best (epoch 1204) Val Loss: 0.3018 — saved: checkpoints\nnknn_regression_best_califonia_housing_softmax_fold_1_retr.pth
[Stage1] Epoch 1205 - Val R²: 0.6922 | Reg Val Loss: 0.3019
[Stage1] No improv. Best so far: 0.3018 (epoch 1204)
[Stage1] Epoch 1206 - Val R²: 0.6924 | Reg Val Loss: 0.3017
[Stage1] New best (epoch 1206) Val Loss: 0.3017 — saved: checkpoints\nnknn_regression_best_califonia_housing_softmax_fold_1_retr.pth
[Stage1] Epoch 1207 - Val R²: 0.6922 | Reg Val Loss: 0.3018
[Stage1] No improv. Best so far: 0.3017 (epoch 1206)
[Stage1] Epoch 1208 - Val R²: 0.6922 | Reg Val Loss: 0.3019
[Stage1] No improv. Best so far: 0.3017 (epoch 1206)
[Stage1] Epoch 1209 - Val R²: 0.6925 | Reg Val Loss: 0.3016
[Stage1] New best (epoch 1209) Val Loss: 0.3016 — saved: checkpoints\nnknn_regression_best_califonia_housing_softmax_fold_1_retr.pth
[Stage1] Epoch 1210 - Val R²: 0.6925 | Reg Val Loss: 0.3016
[Stage1] New best (epoch 1210) Val Loss: 0.3016 — saved: checkpoints\nnknn_regression_best_califonia_housing_softmax_fold_1_retr.pth
[Stage1] Epoch 1211 - Val R²: 0.6924 | Reg Val Loss: 0.3016
[Stage1] No improv. Best so far: 0.3016 (epoch 1210)
[Stage1] Epoch 1212 - Val R²: 0.6925 | Reg Val Loss: 0.3015
[Stage1] New best (epoch 1212) Val Loss: 0.3015 — saved: checkpoints\nnknn_regression_best_califonia_housing_softmax_fold_1_retr.pth
[Stage1] Epoch 1213 - Val R²: 0.6926 | Reg Val Loss: 0.3015
[Stage1] New best (epoch 1213) Val Loss: 0.3015 — saved: checkpoints\nnknn_regression_best_califonia_housing_softmax_fold_1_retr.pth
[Stage1] Epoch 1214 - Val R²: 0.6926 | Reg Val Loss: 0.3014
[Stage1] New best (epoch 1214) Val Loss: 0.3014 — saved: checkpoints\nnknn_regression_best_califonia_housing_softmax_fold_1_retr.pth
[Stage1] Epoch 1215 - Val R²: 0.6926 | Reg Val Loss: 0.3015
[Stage1] No improv. Best so far: 0.3014 (epoch 1214)
[Stage1] Epoch 1216 - Val R²: 0.6927 | Reg Val Loss: 0.3014
[Stage1] New best (epoch 1216) Val Loss: 0.3014 — saved: checkpoints\nnknn_regression_best_califonia_housing_softmax_fold_1_retr.pth
[Stage1] Epoch 1217 - Val R²: 0.6926 | Reg Val Loss: 0.3015
[Stage1] No improv. Best so far: 0.3014 (epoch 1216)
[Stage1] Epoch 1218 - Val R²: 0.6928 | Reg Val Loss: 0.3013
[Stage1] New best (epoch 1218) Val Loss: 0.3013 — saved: checkpoints\nnknn_regression_best_califonia_housing_softmax_fold_1_retr.pth
[Stage1] Epoch 1219 - Val R²: 0.6928 | Reg Val Loss: 0.3013
[Stage1] No improv. Best so far: 0.3013 (epoch 1218)
[Stage1] Epoch 1220 - Val R²: 0.6927 | Reg Val Loss: 0.3013
[Stage1] No improv. Best so far: 0.3013 (epoch 1218)
[Stage1] Epoch 1221 - Val R²: 0.6928 | Reg Val Loss: 0.3012
[Stage1] New best (epoch 1221) Val Loss: 0.3012 — saved: checkpoints\nnknn_regression_best_califonia_housing_softmax_fold_1_retr.pth
[Stage1] Epoch 1222 - Val R²: 0.6929 | Reg Val Loss: 0.3012
[Stage1] New best (epoch 1222) Val Loss: 0.3012 — saved: checkpoints\nnknn_regression_best_califonia_housing_softmax_fold_1_retr.pth
[Stage1] Epoch 1223 - Val R²: 0.6929 | Reg Val Loss: 0.3012
[Stage1] New best (epoch 1223) Val Loss: 0.3012 — saved: checkpoints\nnknn_regression_best_califonia_housing_softmax_fold_1_retr.pth
[Stage1] Epoch 1224 - Val R²: 0.6930 | Reg Val Loss: 0.3011
[Stage1] New best (epoch 1224) Val Loss: 0.3011 — saved: checkpoints\nnknn_regression_best_califonia_housing_softmax_fold_1_retr.pth
[Stage1] Epoch 1225 - Val R²: 0.6929 | Reg Val Loss: 0.3012
[Stage1] No improv. Best so far: 0.3011 (epoch 1224)
[Stage1] Epoch 1226 - Val R²: 0.6930 | Reg Val Loss: 0.3011
[Stage1] New best (epoch 1226) Val Loss: 0.3011 — saved: checkpoints\nnknn_regression_best_califonia_housing_softmax_fold_1_retr.pth
[Stage1] Epoch 1227 - Val R²: 0.6930 | Reg Val Loss: 0.3011
[Stage1] No improv. Best so far: 0.3011 (epoch 1226)
[Stage1] Epoch 1228 - Val R²: 0.6930 | Reg Val Loss: 0.3011
[Stage1] No improv. Best so far: 0.3011 (epoch 1226)
[Stage1] Epoch 1229 - Val R²: 0.6930 | Reg Val Loss: 0.3011
[Stage1] No improv. Best so far: 0.3011 (epoch 1226)
[Stage1] Epoch 1230 - Val R²: 0.6932 | Reg Val Loss: 0.3009
[Stage1] New best (epoch 1230) Val Loss: 0.3009 — saved: checkpoints\nnknn_regression_best_califonia_housing_softmax_fold_1_retr.pth
[Stage1] Epoch 1231 - Val R²: 0.6930 | Reg Val Loss: 0.3010
[Stage1] No improv. Best so far: 0.3009 (epoch 1230)
[Stage1] Epoch 1232 - Val R²: 0.6932 | Reg Val Loss: 0.3009
[Stage1] New best (epoch 1232) Val Loss: 0.3009 — saved: checkpoints\nnknn_regression_best_califonia_housing_softmax_fold_1_retr.pth
[Stage1] Epoch 1233 - Val R²: 0.6933 | Reg Val Loss: 0.3008
[Stage1] New best (epoch 1233) Val Loss: 0.3008 — saved: checkpoints\nnknn_regression_best_califonia_housing_softmax_fold_1_retr.pth
[Stage1] Epoch 1234 - Val R²: 0.6932 | Reg Val Loss: 0.3009
[Stage1] No improv. Best so far: 0.3008 (epoch 1233)
[Stage1] Epoch 1235 - Val R²: 0.6933 | Reg Val Loss: 0.3008
[Stage1] No improv. Best so far: 0.3008 (epoch 1233)
[Stage1] Epoch 1236 - Val R²: 0.6933 | Reg Val Loss: 0.3008
[Stage1] No improv. Best so far: 0.3008 (epoch 1233)
[Stage1] Epoch 1237 - Val R²: 0.6933 | Reg Val Loss: 0.3008
[Stage1] New best (epoch 1237) Val Loss: 0.3008 — saved: checkpoints\nnknn_regression_best_califonia_housing_softmax_fold_1_retr.pth
[Stage1] Epoch 1238 - Val R²: 0.6933 | Reg Val Loss: 0.3008
[Stage1] New best (epoch 1238) Val Loss: 0.3008 — saved: checkpoints\nnknn_regression_best_califonia_housing_softmax_fold_1_retr.pth
[Stage1] Epoch 1239 - Val R²: 0.6935 | Reg Val Loss: 0.3006
[Stage1] New best (epoch 1239) Val Loss: 0.3006 — saved: checkpoints\nnknn_regression_best_califonia_housing_softmax_fold_1_retr.pth
[Stage1] Epoch 1240 - Val R²: 0.6934 | Reg Val Loss: 0.3007
[Stage1] No improv. Best so far: 0.3006 (epoch 1239)
[Stage1] Epoch 1241 - Val R²: 0.6934 | Reg Val Loss: 0.3007
[Stage1] No improv. Best so far: 0.3006 (epoch 1239)
[Stage1] Epoch 1242 - Val R²: 0.6935 | Reg Val Loss: 0.3006
[Stage1] No improv. Best so far: 0.3006 (epoch 1239)
[Stage1] Epoch 1243 - Val R²: 0.6935 | Reg Val Loss: 0.3006
[Stage1] New best (epoch 1243) Val Loss: 0.3006 — saved: checkpoints\nnknn_regression_best_califonia_housing_softmax_fold_1_retr.pth
[Stage1] Epoch 1244 - Val R²: 0.6936 | Reg Val Loss: 0.3005
[Stage1] New best (epoch 1244) Val Loss: 0.3005 — saved: checkpoints\nnknn_regression_best_califonia_housing_softmax_fold_1_retr.pth
[Stage1] Epoch 1245 - Val R²: 0.6935 | Reg Val Loss: 0.3006
[Stage1] No improv. Best so far: 0.3005 (epoch 1244)
[Stage1] Epoch 1246 - Val R²: 0.6936 | Reg Val Loss: 0.3005
[Stage1] No improv. Best so far: 0.3005 (epoch 1244)
[Stage1] Epoch 1247 - Val R²: 0.6937 | Reg Val Loss: 0.3004
[Stage1] New best (epoch 1247) Val Loss: 0.3004 — saved: checkpoints\nnknn_regression_best_califonia_housing_softmax_fold_1_retr.pth
[Stage1] Epoch 1248 - Val R²: 0.6937 | Reg Val Loss: 0.3004
[Stage1] New best (epoch 1248) Val Loss: 0.3004 — saved: checkpoints\nnknn_regression_best_califonia_housing_softmax_fold_1_retr.pth
[Stage1] Epoch 1249 - Val R²: 0.6937 | Reg Val Loss: 0.3004
[Stage1] New best (epoch 1249) Val Loss: 0.3004 — saved: checkpoints\nnknn_regression_best_califonia_housing_softmax_fold_1_retr.pth
[Stage1] Epoch 1250 - Val R²: 0.6937 | Reg Val Loss: 0.3004
[Stage1] No improv. Best so far: 0.3004 (epoch 1249)
[Stage1] Epoch 1251 - Val R²: 0.6938 | Reg Val Loss: 0.3003
[Stage1] New best (epoch 1251) Val Loss: 0.3003 — saved: checkpoints\nnknn_regression_best_califonia_housing_softmax_fold_1_retr.pth
[Stage1] Epoch 1252 - Val R²: 0.6938 | Reg Val Loss: 0.3003
[Stage1] New best (epoch 1252) Val Loss: 0.3003 — saved: checkpoints\nnknn_regression_best_califonia_housing_softmax_fold_1_retr.pth
[Stage1] Epoch 1253 - Val R²: 0.6938 | Reg Val Loss: 0.3003
[Stage1] No improv. Best so far: 0.3003 (epoch 1252)
[Stage1] Epoch 1254 - Val R²: 0.6939 | Reg Val Loss: 0.3002
[Stage1] New best (epoch 1254) Val Loss: 0.3002 — saved: checkpoints\nnknn_regression_best_califonia_housing_softmax_fold_1_retr.pth
[Stage1] Epoch 1255 - Val R²: 0.6939 | Reg Val Loss: 0.3002
[Stage1] New best (epoch 1255) Val Loss: 0.3002 — saved: checkpoints\nnknn_regression_best_califonia_housing_softmax_fold_1_retr.pth
[Stage1] Epoch 1256 - Val R²: 0.6940 | Reg Val Loss: 0.3001
[Stage1] New best (epoch 1256) Val Loss: 0.3001 — saved: checkpoints\nnknn_regression_best_califonia_housing_softmax_fold_1_retr.pth
[Stage1] Epoch 1257 - Val R²: 0.6940 | Reg Val Loss: 0.3001
[Stage1] New best (epoch 1257) Val Loss: 0.3001 — saved: checkpoints\nnknn_regression_best_califonia_housing_softmax_fold_1_retr.pth
[Stage1] Epoch 1258 - Val R²: 0.6940 | Reg Val Loss: 0.3001
[Stage1] No improv. Best so far: 0.3001 (epoch 1257)
[Stage1] Epoch 1259 - Val R²: 0.6941 | Reg Val Loss: 0.3000
[Stage1] New best (epoch 1259) Val Loss: 0.3000 — saved: checkpoints\nnknn_regression_best_califonia_housing_softmax_fold_1_retr.pth
[Stage1] Epoch 1260 - Val R²: 0.6941 | Reg Val Loss: 0.3000
[Stage1] New best (epoch 1260) Val Loss: 0.3000 — saved: checkpoints\nnknn_regression_best_califonia_housing_softmax_fold_1_retr.pth
[Stage1] Epoch 1261 - Val R²: 0.6940 | Reg Val Loss: 0.3001
[Stage1] No improv. Best so far: 0.3000 (epoch 1260)
[Stage1] Epoch 1262 - Val R²: 0.6941 | Reg Val Loss: 0.3000
[Stage1] No improv. Best so far: 0.3000 (epoch 1260)
[Stage1] Epoch 1263 - Val R²: 0.6942 | Reg Val Loss: 0.2999
[Stage1] New best (epoch 1263) Val Loss: 0.2999 — saved: checkpoints\nnknn_regression_best_califonia_housing_softmax_fold_1_retr.pth
[Stage1] Epoch 1264 - Val R²: 0.6942 | Reg Val Loss: 0.2999
[Stage1] No improv. Best so far: 0.2999 (epoch 1263)
[Stage1] Epoch 1265 - Val R²: 0.6943 | Reg Val Loss: 0.2998
[Stage1] New best (epoch 1265) Val Loss: 0.2998 — saved: checkpoints\nnknn_regression_best_califonia_housing_softmax_fold_1_retr.pth
[Stage1] Epoch 1266 - Val R²: 0.6943 | Reg Val Loss: 0.2998
[Stage1] New best (epoch 1266) Val Loss: 0.2998 — saved: checkpoints\nnknn_regression_best_califonia_housing_softmax_fold_1_retr.pth
[Stage1] Epoch 1267 - Val R²: 0.6943 | Reg Val Loss: 0.2998
[Stage1] No improv. Best so far: 0.2998 (epoch 1266)
[Stage1] Epoch 1268 - Val R²: 0.6943 | Reg Val Loss: 0.2998
[Stage1] No improv. Best so far: 0.2998 (epoch 1266)
[Stage1] Epoch 1269 - Val R²: 0.6943 | Reg Val Loss: 0.2998
[Stage1] No improv. Best so far: 0.2998 (epoch 1266)
[Stage1] Epoch 1270 - Val R²: 0.6944 | Reg Val Loss: 0.2997
[Stage1] New best (epoch 1270) Val Loss: 0.2997 — saved: checkpoints\nnknn_regression_best_califonia_housing_softmax_fold_1_retr.pth
[Stage1] Epoch 1271 - Val R²: 0.6944 | Reg Val Loss: 0.2997
[Stage1] No improv. Best so far: 0.2997 (epoch 1270)
[Stage1] Epoch 1272 - Val R²: 0.6944 | Reg Val Loss: 0.2997
[Stage1] No improv. Best so far: 0.2997 (epoch 1270)
[Stage1] Epoch 1273 - Val R²: 0.6943 | Reg Val Loss: 0.2998
[Stage1] No improv. Best so far: 0.2997 (epoch 1270)
[Stage1] Epoch 1274 - Val R²: 0.6944 | Reg Val Loss: 0.2997
[Stage1] No improv. Best so far: 0.2997 (epoch 1270)
[Stage1] Epoch 1275 - Val R²: 0.6946 | Reg Val Loss: 0.2995
[Stage1] New best (epoch 1275) Val Loss: 0.2995 — saved: checkpoints\nnknn_regression_best_califonia_housing_softmax_fold_1_retr.pth
[Stage1] Epoch 1276 - Val R²: 0.6946 | Reg Val Loss: 0.2995
[Stage1] New best (epoch 1276) Val Loss: 0.2995 — saved: checkpoints\nnknn_regression_best_califonia_housing_softmax_fold_1_retr.pth
[Stage1] Epoch 1277 - Val R²: 0.6946 | Reg Val Loss: 0.2995
[Stage1] No improv. Best so far: 0.2995 (epoch 1276)
[Stage1] Epoch 1278 - Val R²: 0.6947 | Reg Val Loss: 0.2995
[Stage1] New best (epoch 1278) Val Loss: 0.2995 — saved: checkpoints\nnknn_regression_best_califonia_housing_softmax_fold_1_retr.pth
[Stage1] Epoch 1279 - Val R²: 0.6947 | Reg Val Loss: 0.2995
[Stage1] No improv. Best so far: 0.2995 (epoch 1278)
[Stage1] Epoch 1280 - Val R²: 0.6947 | Reg Val Loss: 0.2994
[Stage1] New best (epoch 1280) Val Loss: 0.2994 — saved: checkpoints\nnknn_regression_best_califonia_housing_softmax_fold_1_retr.pth
[Stage1] Epoch 1281 - Val R²: 0.6948 | Reg Val Loss: 0.2993
[Stage1] New best (epoch 1281) Val Loss: 0.2993 — saved: checkpoints\nnknn_regression_best_califonia_housing_softmax_fold_1_retr.pth
[Stage1] Epoch 1282 - Val R²: 0.6948 | Reg Val Loss: 0.2994
[Stage1] No improv. Best so far: 0.2993 (epoch 1281)
[Stage1] Epoch 1283 - Val R²: 0.6948 | Reg Val Loss: 0.2993
[Stage1] No improv. Best so far: 0.2993 (epoch 1281)
[Stage1] Epoch 1284 - Val R²: 0.6946 | Reg Val Loss: 0.2995
[Stage1] No improv. Best so far: 0.2993 (epoch 1281)
[Stage1] Epoch 1285 - Val R²: 0.6948 | Reg Val Loss: 0.2993
[Stage1] No improv. Best so far: 0.2993 (epoch 1281)
[Stage1] Epoch 1286 - Val R²: 0.6949 | Reg Val Loss: 0.2993
[Stage1] New best (epoch 1286) Val Loss: 0.2993 — saved: checkpoints\nnknn_regression_best_califonia_housing_softmax_fold_1_retr.pth
[Stage1] Epoch 1287 - Val R²: 0.6949 | Reg Val Loss: 0.2993
[Stage1] New best (epoch 1287) Val Loss: 0.2993 — saved: checkpoints\nnknn_regression_best_califonia_housing_softmax_fold_1_retr.pth
[Stage1] Epoch 1288 - Val R²: 0.6949 | Reg Val Loss: 0.2992
[Stage1] New best (epoch 1288) Val Loss: 0.2992 — saved: checkpoints\nnknn_regression_best_califonia_housing_softmax_fold_1_retr.pth
[Stage1] Epoch 1289 - Val R²: 0.6949 | Reg Val Loss: 0.2992
[Stage1] New best (epoch 1289) Val Loss: 0.2992 — saved: checkpoints\nnknn_regression_best_califonia_housing_softmax_fold_1_retr.pth
[Stage1] Epoch 1290 - Val R²: 0.6950 | Reg Val Loss: 0.2991
[Stage1] New best (epoch 1290) Val Loss: 0.2991 — saved: checkpoints\nnknn_regression_best_califonia_housing_softmax_fold_1_retr.pth
[Stage1] Epoch 1291 - Val R²: 0.6951 | Reg Val Loss: 0.2990
[Stage1] New best (epoch 1291) Val Loss: 0.2990 — saved: checkpoints\nnknn_regression_best_califonia_housing_softmax_fold_1_retr.pth
[Stage1] Epoch 1292 - Val R²: 0.6949 | Reg Val Loss: 0.2992
[Stage1] No improv. Best so far: 0.2990 (epoch 1291)
[Stage1] Epoch 1293 - Val R²: 0.6951 | Reg Val Loss: 0.2990
[Stage1] New best (epoch 1293) Val Loss: 0.2990 — saved: checkpoints\nnknn_regression_best_califonia_housing_softmax_fold_1_retr.pth
[Stage1] Epoch 1294 - Val R²: 0.6951 | Reg Val Loss: 0.2990
[Stage1] No improv. Best so far: 0.2990 (epoch 1293)
[Stage1] Epoch 1295 - Val R²: 0.6951 | Reg Val Loss: 0.2990
[Stage1] No improv. Best so far: 0.2990 (epoch 1293)
[Stage1] Epoch 1296 - Val R²: 0.6952 | Reg Val Loss: 0.2989
[Stage1] New best (epoch 1296) Val Loss: 0.2989 — saved: checkpoints\nnknn_regression_best_califonia_housing_softmax_fold_1_retr.pth
[Stage1] Epoch 1297 - Val R²: 0.6952 | Reg Val Loss: 0.2989
[Stage1] New best (epoch 1297) Val Loss: 0.2989 — saved: checkpoints\nnknn_regression_best_califonia_housing_softmax_fold_1_retr.pth
[Stage1] Epoch 1298 - Val R²: 0.6952 | Reg Val Loss: 0.2989
[Stage1] New best (epoch 1298) Val Loss: 0.2989 — saved: checkpoints\nnknn_regression_best_califonia_housing_softmax_fold_1_retr.pth
[Stage1] Epoch 1299 - Val R²: 0.6952 | Reg Val Loss: 0.2989
[Stage1] No improv. Best so far: 0.2989 (epoch 1298)
[Stage1] Epoch 1300 - Val R²: 0.6952 | Reg Val Loss: 0.2989
[Stage1] No improv. Best so far: 0.2989 (epoch 1298)
[Stage1] Epoch 1301 - Val R²: 0.6953 | Reg Val Loss: 0.2988
[Stage1] New best (epoch 1301) Val Loss: 0.2988 — saved: checkpoints\nnknn_regression_best_califonia_housing_softmax_fold_1_retr.pth
[Stage1] Epoch 1302 - Val R²: 0.6954 | Reg Val Loss: 0.2987
[Stage1] New best (epoch 1302) Val Loss: 0.2987 — saved: checkpoints\nnknn_regression_best_califonia_housing_softmax_fold_1_retr.pth
[Stage1] Epoch 1303 - Val R²: 0.6954 | Reg Val Loss: 0.2987
[Stage1] No improv. Best so far: 0.2987 (epoch 1302)
[Stage1] Epoch 1304 - Val R²: 0.6954 | Reg Val Loss: 0.2987
[Stage1] No improv. Best so far: 0.2987 (epoch 1302)
[Stage1] Epoch 1305 - Val R²: 0.6955 | Reg Val Loss: 0.2986
[Stage1] New best (epoch 1305) Val Loss: 0.2986 — saved: checkpoints\nnknn_regression_best_califonia_housing_softmax_fold_1_retr.pth
[Stage1] Epoch 1306 - Val R²: 0.6955 | Reg Val Loss: 0.2986
[Stage1] New best (epoch 1306) Val Loss: 0.2986 — saved: checkpoints\nnknn_regression_best_califonia_housing_softmax_fold_1_retr.pth
[Stage1] Epoch 1307 - Val R²: 0.6955 | Reg Val Loss: 0.2986
[Stage1] New best (epoch 1307) Val Loss: 0.2986 — saved: checkpoints\nnknn_regression_best_califonia_housing_softmax_fold_1_retr.pth
[Stage1] Epoch 1308 - Val R²: 0.6955 | Reg Val Loss: 0.2986
[Stage1] New best (epoch 1308) Val Loss: 0.2986 — saved: checkpoints\nnknn_regression_best_califonia_housing_softmax_fold_1_retr.pth
[Stage1] Epoch 1309 - Val R²: 0.6955 | Reg Val Loss: 0.2986
[Stage1] New best (epoch 1309) Val Loss: 0.2986 — saved: checkpoints\nnknn_regression_best_califonia_housing_softmax_fold_1_retr.pth
[Stage1] Epoch 1310 - Val R²: 0.6956 | Reg Val Loss: 0.2985
[Stage1] New best (epoch 1310) Val Loss: 0.2985 — saved: checkpoints\nnknn_regression_best_califonia_housing_softmax_fold_1_retr.pth
[Stage1] Epoch 1311 - Val R²: 0.6956 | Reg Val Loss: 0.2986
[Stage1] No improv. Best so far: 0.2985 (epoch 1310)
[Stage1] Epoch 1312 - Val R²: 0.6957 | Reg Val Loss: 0.2985
[Stage1] New best (epoch 1312) Val Loss: 0.2985 — saved: checkpoints\nnknn_regression_best_califonia_housing_softmax_fold_1_retr.pth
[Stage1] Epoch 1313 - Val R²: 0.6957 | Reg Val Loss: 0.2985
[Stage1] No improv. Best so far: 0.2985 (epoch 1312)
[Stage1] Epoch 1314 - Val R²: 0.6958 | Reg Val Loss: 0.2984
[Stage1] New best (epoch 1314) Val Loss: 0.2984 — saved: checkpoints\nnknn_regression_best_califonia_housing_softmax_fold_1_retr.pth
[Stage1] Epoch 1315 - Val R²: 0.6957 | Reg Val Loss: 0.2984
[Stage1] No improv. Best so far: 0.2984 (epoch 1314)
[Stage1] Epoch 1316 - Val R²: 0.6958 | Reg Val Loss: 0.2984
[Stage1] No improv. Best so far: 0.2984 (epoch 1314)
[Stage1] Epoch 1317 - Val R²: 0.6959 | Reg Val Loss: 0.2983
[Stage1] New best (epoch 1317) Val Loss: 0.2983 — saved: checkpoints\nnknn_regression_best_califonia_housing_softmax_fold_1_retr.pth
[Stage1] Epoch 1318 - Val R²: 0.6959 | Reg Val Loss: 0.2983
[Stage1] No improv. Best so far: 0.2983 (epoch 1317)
[Stage1] Epoch 1319 - Val R²: 0.6959 | Reg Val Loss: 0.2983
[Stage1] No improv. Best so far: 0.2983 (epoch 1317)
[Stage1] Epoch 1320 - Val R²: 0.6960 | Reg Val Loss: 0.2982
[Stage1] New best (epoch 1320) Val Loss: 0.2982 — saved: checkpoints\nnknn_regression_best_califonia_housing_softmax_fold_1_retr.pth
[Stage1] Epoch 1321 - Val R²: 0.6960 | Reg Val Loss: 0.2981
[Stage1] New best (epoch 1321) Val Loss: 0.2981 — saved: checkpoints\nnknn_regression_best_califonia_housing_softmax_fold_1_retr.pth
[Stage1] Epoch 1322 - Val R²: 0.6959 | Reg Val Loss: 0.2982
[Stage1] No improv. Best so far: 0.2981 (epoch 1321)
[Stage1] Epoch 1323 - Val R²: 0.6960 | Reg Val Loss: 0.2981
[Stage1] New best (epoch 1323) Val Loss: 0.2981 — saved: checkpoints\nnknn_regression_best_califonia_housing_softmax_fold_1_retr.pth
[Stage1] Epoch 1324 - Val R²: 0.6960 | Reg Val Loss: 0.2981
[Stage1] New best (epoch 1324) Val Loss: 0.2981 — saved: checkpoints\nnknn_regression_best_califonia_housing_softmax_fold_1_retr.pth
[Stage1] Epoch 1325 - Val R²: 0.6960 | Reg Val Loss: 0.2981
[Stage1] No improv. Best so far: 0.2981 (epoch 1324)
[Stage1] Epoch 1326 - Val R²: 0.6960 | Reg Val Loss: 0.2981
[Stage1] No improv. Best so far: 0.2981 (epoch 1324)
[Stage1] Epoch 1327 - Val R²: 0.6961 | Reg Val Loss: 0.2980
[Stage1] New best (epoch 1327) Val Loss: 0.2980 — saved: checkpoints\nnknn_regression_best_califonia_housing_softmax_fold_1_retr.pth
[Stage1] Epoch 1328 - Val R²: 0.6962 | Reg Val Loss: 0.2980
[Stage1] New best (epoch 1328) Val Loss: 0.2980 — saved: checkpoints\nnknn_regression_best_califonia_housing_softmax_fold_1_retr.pth
[Stage1] Epoch 1329 - Val R²: 0.6961 | Reg Val Loss: 0.2980
[Stage1] No improv. Best so far: 0.2980 (epoch 1328)
[Stage1] Epoch 1330 - Val R²: 0.6963 | Reg Val Loss: 0.2979
[Stage1] New best (epoch 1330) Val Loss: 0.2979 — saved: checkpoints\nnknn_regression_best_califonia_housing_softmax_fold_1_retr.pth
[Stage1] Epoch 1331 - Val R²: 0.6963 | Reg Val Loss: 0.2979
[Stage1] No improv. Best so far: 0.2979 (epoch 1330)
[Stage1] Epoch 1332 - Val R²: 0.6963 | Reg Val Loss: 0.2979
[Stage1] No improv. Best so far: 0.2979 (epoch 1330)
[Stage1] Epoch 1333 - Val R²: 0.6963 | Reg Val Loss: 0.2978
[Stage1] New best (epoch 1333) Val Loss: 0.2978 — saved: checkpoints\nnknn_regression_best_califonia_housing_softmax_fold_1_retr.pth
[Stage1] Epoch 1334 - Val R²: 0.6963 | Reg Val Loss: 0.2978
[Stage1] New best (epoch 1334) Val Loss: 0.2978 — saved: checkpoints\nnknn_regression_best_califonia_housing_softmax_fold_1_retr.pth
[Stage1] Epoch 1335 - Val R²: 0.6964 | Reg Val Loss: 0.2977
[Stage1] New best (epoch 1335) Val Loss: 0.2977 — saved: checkpoints\nnknn_regression_best_califonia_housing_softmax_fold_1_retr.pth
[Stage1] Epoch 1336 - Val R²: 0.6962 | Reg Val Loss: 0.2979
[Stage1] No improv. Best so far: 0.2977 (epoch 1335)
[Stage1] Epoch 1337 - Val R²: 0.6964 | Reg Val Loss: 0.2978
[Stage1] No improv. Best so far: 0.2977 (epoch 1335)
[Stage1] Epoch 1338 - Val R²: 0.6965 | Reg Val Loss: 0.2977
[Stage1] New best (epoch 1338) Val Loss: 0.2977 — saved: checkpoints\nnknn_regression_best_califonia_housing_softmax_fold_1_retr.pth
[Stage1] Epoch 1339 - Val R²: 0.6965 | Reg Val Loss: 0.2977
[Stage1] New best (epoch 1339) Val Loss: 0.2977 — saved: checkpoints\nnknn_regression_best_califonia_housing_softmax_fold_1_retr.pth
[Stage1] Epoch 1340 - Val R²: 0.6965 | Reg Val Loss: 0.2977
[Stage1] No improv. Best so far: 0.2977 (epoch 1339)
[Stage1] Epoch 1341 - Val R²: 0.6965 | Reg Val Loss: 0.2976
[Stage1] New best (epoch 1341) Val Loss: 0.2976 — saved: checkpoints\nnknn_regression_best_califonia_housing_softmax_fold_1_retr.pth
[Stage1] Epoch 1342 - Val R²: 0.6965 | Reg Val Loss: 0.2976
[Stage1] No improv. Best so far: 0.2976 (epoch 1341)
[Stage1] Epoch 1343 - Val R²: 0.6966 | Reg Val Loss: 0.2976
[Stage1] New best (epoch 1343) Val Loss: 0.2976 — saved: checkpoints\nnknn_regression_best_califonia_housing_softmax_fold_1_retr.pth
[Stage1] Epoch 1344 - Val R²: 0.6966 | Reg Val Loss: 0.2976
[Stage1] No improv. Best so far: 0.2976 (epoch 1343)
[Stage1] Epoch 1345 - Val R²: 0.6967 | Reg Val Loss: 0.2975
[Stage1] New best (epoch 1345) Val Loss: 0.2975 — saved: checkpoints\nnknn_regression_best_califonia_housing_softmax_fold_1_retr.pth
[Stage1] Epoch 1346 - Val R²: 0.6967 | Reg Val Loss: 0.2974
[Stage1] New best (epoch 1346) Val Loss: 0.2974 — saved: checkpoints\nnknn_regression_best_califonia_housing_softmax_fold_1_retr.pth
[Stage1] Epoch 1347 - Val R²: 0.6967 | Reg Val Loss: 0.2975
[Stage1] No improv. Best so far: 0.2974 (epoch 1346)
[Stage1] Epoch 1348 - Val R²: 0.6966 | Reg Val Loss: 0.2975
[Stage1] No improv. Best so far: 0.2974 (epoch 1346)
[Stage1] Epoch 1349 - Val R²: 0.6968 | Reg Val Loss: 0.2973
[Stage1] New best (epoch 1349) Val Loss: 0.2973 — saved: checkpoints\nnknn_regression_best_califonia_housing_softmax_fold_1_retr.pth
[Stage1] Epoch 1350 - Val R²: 0.6968 | Reg Val Loss: 0.2974
[Stage1] No improv. Best so far: 0.2973 (epoch 1349)
[Stage1] Epoch 1351 - Val R²: 0.6968 | Reg Val Loss: 0.2974
[Stage1] No improv. Best so far: 0.2973 (epoch 1349)
[Stage1] Epoch 1352 - Val R²: 0.6969 | Reg Val Loss: 0.2973
[Stage1] New best (epoch 1352) Val Loss: 0.2973 — saved: checkpoints\nnknn_regression_best_califonia_housing_softmax_fold_1_retr.pth
[Stage1] Epoch 1353 - Val R²: 0.6969 | Reg Val Loss: 0.2973
[Stage1] No improv. Best so far: 0.2973 (epoch 1352)
[Stage1] Epoch 1354 - Val R²: 0.6969 | Reg Val Loss: 0.2972
[Stage1] New best (epoch 1354) Val Loss: 0.2972 — saved: checkpoints\nnknn_regression_best_califonia_housing_softmax_fold_1_retr.pth
[Stage1] Epoch 1355 - Val R²: 0.6970 | Reg Val Loss: 0.2972
[Stage1] New best (epoch 1355) Val Loss: 0.2972 — saved: checkpoints\nnknn_regression_best_califonia_housing_softmax_fold_1_retr.pth
[Stage1] Epoch 1356 - Val R²: 0.6970 | Reg Val Loss: 0.2972
[Stage1] New best (epoch 1356) Val Loss: 0.2972 — saved: checkpoints\nnknn_regression_best_califonia_housing_softmax_fold_1_retr.pth
[Stage1] Epoch 1357 - Val R²: 0.6970 | Reg Val Loss: 0.2972
[Stage1] No improv. Best so far: 0.2972 (epoch 1356)
[Stage1] Epoch 1358 - Val R²: 0.6971 | Reg Val Loss: 0.2971
[Stage1] New best (epoch 1358) Val Loss: 0.2971 — saved: checkpoints\nnknn_regression_best_califonia_housing_softmax_fold_1_retr.pth
[Stage1] Epoch 1359 - Val R²: 0.6968 | Reg Val Loss: 0.2973
[Stage1] No improv. Best so far: 0.2971 (epoch 1358)
[Stage1] Epoch 1360 - Val R²: 0.6971 | Reg Val Loss: 0.2971
[Stage1] New best (epoch 1360) Val Loss: 0.2971 — saved: checkpoints\nnknn_regression_best_califonia_housing_softmax_fold_1_retr.pth
[Stage1] Epoch 1361 - Val R²: 0.6971 | Reg Val Loss: 0.2971
[Stage1] No improv. Best so far: 0.2971 (epoch 1360)
[Stage1] Epoch 1362 - Val R²: 0.6972 | Reg Val Loss: 0.2970
[Stage1] New best (epoch 1362) Val Loss: 0.2970 — saved: checkpoints\nnknn_regression_best_califonia_housing_softmax_fold_1_retr.pth
[Stage1] Epoch 1363 - Val R²: 0.6971 | Reg Val Loss: 0.2970
[Stage1] No improv. Best so far: 0.2970 (epoch 1362)
[Stage1] Epoch 1364 - Val R²: 0.6972 | Reg Val Loss: 0.2970
[Stage1] New best (epoch 1364) Val Loss: 0.2970 — saved: checkpoints\nnknn_regression_best_califonia_housing_softmax_fold_1_retr.pth
[Stage1] Epoch 1365 - Val R²: 0.6972 | Reg Val Loss: 0.2969
[Stage1] New best (epoch 1365) Val Loss: 0.2969 — saved: checkpoints\nnknn_regression_best_califonia_housing_softmax_fold_1_retr.pth
[Stage1] Epoch 1366 - Val R²: 0.6972 | Reg Val Loss: 0.2969
[Stage1] New best (epoch 1366) Val Loss: 0.2969 — saved: checkpoints\nnknn_regression_best_califonia_housing_softmax_fold_1_retr.pth
[Stage1] Epoch 1367 - Val R²: 0.6973 | Reg Val Loss: 0.2969
[Stage1] New best (epoch 1367) Val Loss: 0.2969 — saved: checkpoints\nnknn_regression_best_califonia_housing_softmax_fold_1_retr.pth
[Stage1] Epoch 1368 - Val R²: 0.6974 | Reg Val Loss: 0.2968
[Stage1] New best (epoch 1368) Val Loss: 0.2968 — saved: checkpoints\nnknn_regression_best_califonia_housing_softmax_fold_1_retr.pth
[Stage1] Epoch 1369 - Val R²: 0.6974 | Reg Val Loss: 0.2968
[Stage1] New best (epoch 1369) Val Loss: 0.2968 — saved: checkpoints\nnknn_regression_best_califonia_housing_softmax_fold_1_retr.pth
[Stage1] Epoch 1370 - Val R²: 0.6974 | Reg Val Loss: 0.2968
[Stage1] New best (epoch 1370) Val Loss: 0.2968 — saved: checkpoints\nnknn_regression_best_califonia_housing_softmax_fold_1_retr.pth
[Stage1] Epoch 1371 - Val R²: 0.6974 | Reg Val Loss: 0.2967
[Stage1] New best (epoch 1371) Val Loss: 0.2967 — saved: checkpoints\nnknn_regression_best_califonia_housing_softmax_fold_1_retr.pth
[Stage1] Epoch 1372 - Val R²: 0.6972 | Reg Val Loss: 0.2969
[Stage1] No improv. Best so far: 0.2967 (epoch 1371)
[Stage1] Epoch 1373 - Val R²: 0.6975 | Reg Val Loss: 0.2967
[Stage1] New best (epoch 1373) Val Loss: 0.2967 — saved: checkpoints\nnknn_regression_best_califonia_housing_softmax_fold_1_retr.pth
[Stage1] Epoch 1374 - Val R²: 0.6976 | Reg Val Loss: 0.2966
[Stage1] New best (epoch 1374) Val Loss: 0.2966 — saved: checkpoints\nnknn_regression_best_califonia_housing_softmax_fold_1_retr.pth
[Stage1] Epoch 1375 - Val R²: 0.6975 | Reg Val Loss: 0.2967
[Stage1] No improv. Best so far: 0.2966 (epoch 1374)
[Stage1] Epoch 1376 - Val R²: 0.6975 | Reg Val Loss: 0.2967
[Stage1] No improv. Best so far: 0.2966 (epoch 1374)
[Stage1] Epoch 1377 - Val R²: 0.6976 | Reg Val Loss: 0.2966
[Stage1] No improv. Best so far: 0.2966 (epoch 1374)
[Stage1] Epoch 1378 - Val R²: 0.6975 | Reg Val Loss: 0.2967
[Stage1] No improv. Best so far: 0.2966 (epoch 1374)
[Stage1] Epoch 1379 - Val R²: 0.6976 | Reg Val Loss: 0.2966
[Stage1] New best (epoch 1379) Val Loss: 0.2966 — saved: checkpoints\nnknn_regression_best_califonia_housing_softmax_fold_1_retr.pth
[Stage1] Epoch 1380 - Val R²: 0.6976 | Reg Val Loss: 0.2966
[Stage1] No improv. Best so far: 0.2966 (epoch 1379)
[Stage1] Epoch 1381 - Val R²: 0.6977 | Reg Val Loss: 0.2965
[Stage1] New best (epoch 1381) Val Loss: 0.2965 — saved: checkpoints\nnknn_regression_best_califonia_housing_softmax_fold_1_retr.pth
[Stage1] Epoch 1382 - Val R²: 0.6977 | Reg Val Loss: 0.2965
[Stage1] New best (epoch 1382) Val Loss: 0.2965 — saved: checkpoints\nnknn_regression_best_califonia_housing_softmax_fold_1_retr.pth
[Stage1] Epoch 1383 - Val R²: 0.6977 | Reg Val Loss: 0.2964
[Stage1] New best (epoch 1383) Val Loss: 0.2964 — saved: checkpoints\nnknn_regression_best_califonia_housing_softmax_fold_1_retr.pth
[Stage1] Epoch 1384 - Val R²: 0.6978 | Reg Val Loss: 0.2964
[Stage1] New best (epoch 1384) Val Loss: 0.2964 — saved: checkpoints\nnknn_regression_best_califonia_housing_softmax_fold_1_retr.pth
[Stage1] Epoch 1385 - Val R²: 0.6978 | Reg Val Loss: 0.2964
[Stage1] New best (epoch 1385) Val Loss: 0.2964 — saved: checkpoints\nnknn_regression_best_califonia_housing_softmax_fold_1_retr.pth
[Stage1] Epoch 1386 - Val R²: 0.6977 | Reg Val Loss: 0.2965
[Stage1] No improv. Best so far: 0.2964 (epoch 1385)
[Stage1] Epoch 1387 - Val R²: 0.6978 | Reg Val Loss: 0.2964
[Stage1] New best (epoch 1387) Val Loss: 0.2964 — saved: checkpoints\nnknn_regression_best_califonia_housing_softmax_fold_1_retr.pth
[Stage1] Epoch 1388 - Val R²: 0.6977 | Reg Val Loss: 0.2965
[Stage1] No improv. Best so far: 0.2964 (epoch 1387)
[Stage1] Epoch 1389 - Val R²: 0.6978 | Reg Val Loss: 0.2964
[Stage1] No improv. Best so far: 0.2964 (epoch 1387)
[Stage1] Epoch 1390 - Val R²: 0.6980 | Reg Val Loss: 0.2962
[Stage1] New best (epoch 1390) Val Loss: 0.2962 — saved: checkpoints\nnknn_regression_best_califonia_housing_softmax_fold_1_retr.pth
[Stage1] Epoch 1391 - Val R²: 0.6980 | Reg Val Loss: 0.2962
[Stage1] New best (epoch 1391) Val Loss: 0.2962 — saved: checkpoints\nnknn_regression_best_califonia_housing_softmax_fold_1_retr.pth
[Stage1] Epoch 1392 - Val R²: 0.6980 | Reg Val Loss: 0.2962
[Stage1] New best (epoch 1392) Val Loss: 0.2962 — saved: checkpoints\nnknn_regression_best_califonia_housing_softmax_fold_1_retr.pth
[Stage1] Epoch 1393 - Val R²: 0.6979 | Reg Val Loss: 0.2963
[Stage1] No improv. Best so far: 0.2962 (epoch 1392)
[Stage1] Epoch 1394 - Val R²: 0.6980 | Reg Val Loss: 0.2962
[Stage1] New best (epoch 1394) Val Loss: 0.2962 — saved: checkpoints\nnknn_regression_best_califonia_housing_softmax_fold_1_retr.pth
[Stage1] Epoch 1395 - Val R²: 0.6979 | Reg Val Loss: 0.2963
[Stage1] No improv. Best so far: 0.2962 (epoch 1394)
[Stage1] Epoch 1396 - Val R²: 0.6981 | Reg Val Loss: 0.2961
[Stage1] New best (epoch 1396) Val Loss: 0.2961 — saved: checkpoints\nnknn_regression_best_califonia_housing_softmax_fold_1_retr.pth
[Stage1] Epoch 1397 - Val R²: 0.6981 | Reg Val Loss: 0.2961
[Stage1] New best (epoch 1397) Val Loss: 0.2961 — saved: checkpoints\nnknn_regression_best_califonia_housing_softmax_fold_1_retr.pth
[Stage1] Epoch 1398 - Val R²: 0.6982 | Reg Val Loss: 0.2960
[Stage1] New best (epoch 1398) Val Loss: 0.2960 — saved: checkpoints\nnknn_regression_best_califonia_housing_softmax_fold_1_retr.pth
[Stage1] Epoch 1399 - Val R²: 0.6982 | Reg Val Loss: 0.2960
[Stage1] New best (epoch 1399) Val Loss: 0.2960 — saved: checkpoints\nnknn_regression_best_califonia_housing_softmax_fold_1_retr.pth
[Stage1] Epoch 1400 - Val R²: 0.6983 | Reg Val Loss: 0.2959
[Stage1] New best (epoch 1400) Val Loss: 0.2959 — saved: checkpoints\nnknn_regression_best_califonia_housing_softmax_fold_1_retr.pth
[Stage1] Epoch 1401 - Val R²: 0.6983 | Reg Val Loss: 0.2959
[Stage1] New best (epoch 1401) Val Loss: 0.2959 — saved: checkpoints\nnknn_regression_best_califonia_housing_softmax_fold_1_retr.pth
[Stage1] Epoch 1402 - Val R²: 0.6983 | Reg Val Loss: 0.2959
[Stage1] New best (epoch 1402) Val Loss: 0.2959 — saved: checkpoints\nnknn_regression_best_califonia_housing_softmax_fold_1_retr.pth
[Stage1] Epoch 1403 - Val R²: 0.6983 | Reg Val Loss: 0.2958
[Stage1] New best (epoch 1403) Val Loss: 0.2958 — saved: checkpoints\nnknn_regression_best_califonia_housing_softmax_fold_1_retr.pth
[Stage1] Epoch 1404 - Val R²: 0.6984 | Reg Val Loss: 0.2958
[Stage1] New best (epoch 1404) Val Loss: 0.2958 — saved: checkpoints\nnknn_regression_best_califonia_housing_softmax_fold_1_retr.pth
[Stage1] Epoch 1405 - Val R²: 0.6984 | Reg Val Loss: 0.2958
[Stage1] New best (epoch 1405) Val Loss: 0.2958 — saved: checkpoints\nnknn_regression_best_califonia_housing_softmax_fold_1_retr.pth
[Stage1] Epoch 1406 - Val R²: 0.6983 | Reg Val Loss: 0.2959
[Stage1] No improv. Best so far: 0.2958 (epoch 1405)
[Stage1] Epoch 1407 - Val R²: 0.6983 | Reg Val Loss: 0.2959
[Stage1] No improv. Best so far: 0.2958 (epoch 1405)
[Stage1] Epoch 1408 - Val R²: 0.6984 | Reg Val Loss: 0.2958
[Stage1] No improv. Best so far: 0.2958 (epoch 1405)
[Stage1] Epoch 1409 - Val R²: 0.6984 | Reg Val Loss: 0.2958
[Stage1] No improv. Best so far: 0.2958 (epoch 1405)
[Stage1] Epoch 1410 - Val R²: 0.6985 | Reg Val Loss: 0.2957
[Stage1] New best (epoch 1410) Val Loss: 0.2957 — saved: checkpoints\nnknn_regression_best_califonia_housing_softmax_fold_1_retr.pth
[Stage1] Epoch 1411 - Val R²: 0.6985 | Reg Val Loss: 0.2957
[Stage1] New best (epoch 1411) Val Loss: 0.2957 — saved: checkpoints\nnknn_regression_best_califonia_housing_softmax_fold_1_retr.pth
[Stage1] Epoch 1412 - Val R²: 0.6985 | Reg Val Loss: 0.2957
[Stage1] No improv. Best so far: 0.2957 (epoch 1411)
[Stage1] Epoch 1413 - Val R²: 0.6985 | Reg Val Loss: 0.2957
[Stage1] No improv. Best so far: 0.2957 (epoch 1411)
[Stage1] Epoch 1414 - Val R²: 0.6986 | Reg Val Loss: 0.2956
[Stage1] New best (epoch 1414) Val Loss: 0.2956 — saved: checkpoints\nnknn_regression_best_califonia_housing_softmax_fold_1_retr.pth
[Stage1] Epoch 1415 - Val R²: 0.6986 | Reg Val Loss: 0.2956
[Stage1] New best (epoch 1415) Val Loss: 0.2956 — saved: checkpoints\nnknn_regression_best_califonia_housing_softmax_fold_1_retr.pth
[Stage1] Epoch 1416 - Val R²: 0.6986 | Reg Val Loss: 0.2956
[Stage1] No improv. Best so far: 0.2956 (epoch 1415)
[Stage1] Epoch 1417 - Val R²: 0.6986 | Reg Val Loss: 0.2956
[Stage1] New best (epoch 1417) Val Loss: 0.2956 — saved: checkpoints\nnknn_regression_best_califonia_housing_softmax_fold_1_retr.pth
[Stage1] Epoch 1418 - Val R²: 0.6987 | Reg Val Loss: 0.2955
[Stage1] New best (epoch 1418) Val Loss: 0.2955 — saved: checkpoints\nnknn_regression_best_califonia_housing_softmax_fold_1_retr.pth
[Stage1] Epoch 1419 - Val R²: 0.6988 | Reg Val Loss: 0.2954
[Stage1] New best (epoch 1419) Val Loss: 0.2954 — saved: checkpoints\nnknn_regression_best_califonia_housing_softmax_fold_1_retr.pth
[Stage1] Epoch 1420 - Val R²: 0.6987 | Reg Val Loss: 0.2955
[Stage1] No improv. Best so far: 0.2954 (epoch 1419)
[Stage1] Epoch 1421 - Val R²: 0.6988 | Reg Val Loss: 0.2954
[Stage1] New best (epoch 1421) Val Loss: 0.2954 — saved: checkpoints\nnknn_regression_best_califonia_housing_softmax_fold_1_retr.pth
[Stage1] Epoch 1422 - Val R²: 0.6988 | Reg Val Loss: 0.2954
[Stage1] New best (epoch 1422) Val Loss: 0.2954 — saved: checkpoints\nnknn_regression_best_califonia_housing_softmax_fold_1_retr.pth
[Stage1] Epoch 1423 - Val R²: 0.6988 | Reg Val Loss: 0.2954
[Stage1] No improv. Best so far: 0.2954 (epoch 1422)
[Stage1] Epoch 1424 - Val R²: 0.6989 | Reg Val Loss: 0.2954
[Stage1] New best (epoch 1424) Val Loss: 0.2954 — saved: checkpoints\nnknn_regression_best_califonia_housing_softmax_fold_1_retr.pth
[Stage1] Epoch 1425 - Val R²: 0.6989 | Reg Val Loss: 0.2953
[Stage1] New best (epoch 1425) Val Loss: 0.2953 — saved: checkpoints\nnknn_regression_best_califonia_housing_softmax_fold_1_retr.pth
[Stage1] Epoch 1426 - Val R²: 0.6989 | Reg Val Loss: 0.2953
[Stage1] No improv. Best so far: 0.2953 (epoch 1425)
[Stage1] Epoch 1427 - Val R²: 0.6989 | Reg Val Loss: 0.2953
[Stage1] New best (epoch 1427) Val Loss: 0.2953 — saved: checkpoints\nnknn_regression_best_califonia_housing_softmax_fold_1_retr.pth
[Stage1] Epoch 1428 - Val R²: 0.6990 | Reg Val Loss: 0.2953
[Stage1] New best (epoch 1428) Val Loss: 0.2953 — saved: checkpoints\nnknn_regression_best_califonia_housing_softmax_fold_1_retr.pth
[Stage1] Epoch 1429 - Val R²: 0.6991 | Reg Val Loss: 0.2952
[Stage1] New best (epoch 1429) Val Loss: 0.2952 — saved: checkpoints\nnknn_regression_best_califonia_housing_softmax_fold_1_retr.pth
[Stage1] Epoch 1430 - Val R²: 0.6990 | Reg Val Loss: 0.2952
[Stage1] No improv. Best so far: 0.2952 (epoch 1429)
[Stage1] Epoch 1431 - Val R²: 0.6991 | Reg Val Loss: 0.2951
[Stage1] New best (epoch 1431) Val Loss: 0.2951 — saved: checkpoints\nnknn_regression_best_califonia_housing_softmax_fold_1_retr.pth
[Stage1] Epoch 1432 - Val R²: 0.6991 | Reg Val Loss: 0.2952
[Stage1] No improv. Best so far: 0.2951 (epoch 1431)
[Stage1] Epoch 1433 - Val R²: 0.6991 | Reg Val Loss: 0.2951
[Stage1] No improv. Best so far: 0.2951 (epoch 1431)
[Stage1] Epoch 1434 - Val R²: 0.6992 | Reg Val Loss: 0.2951
[Stage1] New best (epoch 1434) Val Loss: 0.2951 — saved: checkpoints\nnknn_regression_best_califonia_housing_softmax_fold_1_retr.pth
[Stage1] Epoch 1435 - Val R²: 0.6991 | Reg Val Loss: 0.2951
[Stage1] No improv. Best so far: 0.2951 (epoch 1434)
[Stage1] Epoch 1436 - Val R²: 0.6992 | Reg Val Loss: 0.2951
[Stage1] No improv. Best so far: 0.2951 (epoch 1434)
[Stage1] Epoch 1437 - Val R²: 0.6991 | Reg Val Loss: 0.2951
[Stage1] No improv. Best so far: 0.2951 (epoch 1434)
[Stage1] Epoch 1438 - Val R²: 0.6993 | Reg Val Loss: 0.2949
[Stage1] New best (epoch 1438) Val Loss: 0.2949 — saved: checkpoints\nnknn_regression_best_califonia_housing_softmax_fold_1_retr.pth
[Stage1] Epoch 1439 - Val R²: 0.6993 | Reg Val Loss: 0.2949
[Stage1] New best (epoch 1439) Val Loss: 0.2949 — saved: checkpoints\nnknn_regression_best_califonia_housing_softmax_fold_1_retr.pth
[Stage1] Epoch 1440 - Val R²: 0.6992 | Reg Val Loss: 0.2950
[Stage1] No improv. Best so far: 0.2949 (epoch 1439)
[Stage1] Epoch 1441 - Val R²: 0.6993 | Reg Val Loss: 0.2949
[Stage1] New best (epoch 1441) Val Loss: 0.2949 — saved: checkpoints\nnknn_regression_best_califonia_housing_softmax_fold_1_retr.pth
[Stage1] Epoch 1442 - Val R²: 0.6993 | Reg Val Loss: 0.2949
[Stage1] New best (epoch 1442) Val Loss: 0.2949 — saved: checkpoints\nnknn_regression_best_califonia_housing_softmax_fold_1_retr.pth
[Stage1] Epoch 1443 - Val R²: 0.6993 | Reg Val Loss: 0.2949
[Stage1] No improv. Best so far: 0.2949 (epoch 1442)
[Stage1] Epoch 1444 - Val R²: 0.6994 | Reg Val Loss: 0.2948
[Stage1] New best (epoch 1444) Val Loss: 0.2948 — saved: checkpoints\nnknn_regression_best_califonia_housing_softmax_fold_1_retr.pth
[Stage1] Epoch 1445 - Val R²: 0.6993 | Reg Val Loss: 0.2949
[Stage1] No improv. Best so far: 0.2948 (epoch 1444)
[Stage1] Epoch 1446 - Val R²: 0.6995 | Reg Val Loss: 0.2948
[Stage1] New best (epoch 1446) Val Loss: 0.2948 — saved: checkpoints\nnknn_regression_best_califonia_housing_softmax_fold_1_retr.pth
[Stage1] Epoch 1447 - Val R²: 0.6994 | Reg Val Loss: 0.2948
[Stage1] No improv. Best so far: 0.2948 (epoch 1446)
[Stage1] Epoch 1448 - Val R²: 0.6995 | Reg Val Loss: 0.2947
[Stage1] New best (epoch 1448) Val Loss: 0.2947 — saved: checkpoints\nnknn_regression_best_califonia_housing_softmax_fold_1_retr.pth
[Stage1] Epoch 1449 - Val R²: 0.6996 | Reg Val Loss: 0.2947
[Stage1] New best (epoch 1449) Val Loss: 0.2947 — saved: checkpoints\nnknn_regression_best_califonia_housing_softmax_fold_1_retr.pth
[Stage1] Epoch 1450 - Val R²: 0.6996 | Reg Val Loss: 0.2947
[Stage1] No improv. Best so far: 0.2947 (epoch 1449)
[Stage1] Epoch 1451 - Val R²: 0.6996 | Reg Val Loss: 0.2946
[Stage1] New best (epoch 1451) Val Loss: 0.2946 — saved: checkpoints\nnknn_regression_best_califonia_housing_softmax_fold_1_retr.pth
[Stage1] Epoch 1452 - Val R²: 0.6996 | Reg Val Loss: 0.2946
[Stage1] New best (epoch 1452) Val Loss: 0.2946 — saved: checkpoints\nnknn_regression_best_califonia_housing_softmax_fold_1_retr.pth
[Stage1] Epoch 1453 - Val R²: 0.6996 | Reg Val Loss: 0.2946
[Stage1] No improv. Best so far: 0.2946 (epoch 1452)
[Stage1] Epoch 1454 - Val R²: 0.6997 | Reg Val Loss: 0.2945
[Stage1] New best (epoch 1454) Val Loss: 0.2945 — saved: checkpoints\nnknn_regression_best_califonia_housing_softmax_fold_1_retr.pth
[Stage1] Epoch 1455 - Val R²: 0.6996 | Reg Val Loss: 0.2946
[Stage1] No improv. Best so far: 0.2945 (epoch 1454)
[Stage1] Epoch 1456 - Val R²: 0.6997 | Reg Val Loss: 0.2946
[Stage1] No improv. Best so far: 0.2945 (epoch 1454)
[Stage1] Epoch 1457 - Val R²: 0.6998 | Reg Val Loss: 0.2945
[Stage1] New best (epoch 1457) Val Loss: 0.2945 — saved: checkpoints\nnknn_regression_best_califonia_housing_softmax_fold_1_retr.pth
[Stage1] Epoch 1458 - Val R²: 0.6998 | Reg Val Loss: 0.2944
[Stage1] New best (epoch 1458) Val Loss: 0.2944 — saved: checkpoints\nnknn_regression_best_califonia_housing_softmax_fold_1_retr.pth
[Stage1] Epoch 1459 - Val R²: 0.6998 | Reg Val Loss: 0.2944
[Stage1] No improv. Best so far: 0.2944 (epoch 1458)
[Stage1] Epoch 1460 - Val R²: 0.6998 | Reg Val Loss: 0.2944
[Stage1] No improv. Best so far: 0.2944 (epoch 1458)
[Stage1] Epoch 1461 - Val R²: 0.6999 | Reg Val Loss: 0.2943
[Stage1] New best (epoch 1461) Val Loss: 0.2943 — saved: checkpoints\nnknn_regression_best_califonia_housing_softmax_fold_1_retr.pth
[Stage1] Epoch 1462 - Val R²: 0.6999 | Reg Val Loss: 0.2943
[Stage1] New best (epoch 1462) Val Loss: 0.2943 — saved: checkpoints\nnknn_regression_best_califonia_housing_softmax_fold_1_retr.pth
[Stage1] Epoch 1463 - Val R²: 0.6998 | Reg Val Loss: 0.2944
[Stage1] No improv. Best so far: 0.2943 (epoch 1462)
[Stage1] Epoch 1464 - Val R²: 0.7000 | Reg Val Loss: 0.2943
[Stage1] New best (epoch 1464) Val Loss: 0.2943 — saved: checkpoints\nnknn_regression_best_califonia_housing_softmax_fold_1_retr.pth
[Stage1] Epoch 1465 - Val R²: 0.6999 | Reg Val Loss: 0.2943
[Stage1] No improv. Best so far: 0.2943 (epoch 1464)
[Stage1] Epoch 1466 - Val R²: 0.6999 | Reg Val Loss: 0.2943
[Stage1] No improv. Best so far: 0.2943 (epoch 1464)
[Stage1] Epoch 1467 - Val R²: 0.7000 | Reg Val Loss: 0.2943
[Stage1] New best (epoch 1467) Val Loss: 0.2943 — saved: checkpoints\nnknn_regression_best_califonia_housing_softmax_fold_1_retr.pth
[Stage1] Epoch 1468 - Val R²: 0.7000 | Reg Val Loss: 0.2942
[Stage1] New best (epoch 1468) Val Loss: 0.2942 — saved: checkpoints\nnknn_regression_best_califonia_housing_softmax_fold_1_retr.pth
[Stage1] Epoch 1469 - Val R²: 0.6999 | Reg Val Loss: 0.2943
[Stage1] No improv. Best so far: 0.2942 (epoch 1468)
[Stage1] Epoch 1470 - Val R²: 0.7000 | Reg Val Loss: 0.2942
[Stage1] No improv. Best so far: 0.2942 (epoch 1468)
[Stage1] Epoch 1471 - Val R²: 0.7001 | Reg Val Loss: 0.2941
[Stage1] New best (epoch 1471) Val Loss: 0.2941 — saved: checkpoints\nnknn_regression_best_califonia_housing_softmax_fold_1_retr.pth
[Stage1] Epoch 1472 - Val R²: 0.7001 | Reg Val Loss: 0.2941
[Stage1] No improv. Best so far: 0.2941 (epoch 1471)
[Stage1] Epoch 1473 - Val R²: 0.7000 | Reg Val Loss: 0.2942
[Stage1] No improv. Best so far: 0.2941 (epoch 1471)
[Stage1] Epoch 1474 - Val R²: 0.7001 | Reg Val Loss: 0.2941
[Stage1] New best (epoch 1474) Val Loss: 0.2941 — saved: checkpoints\nnknn_regression_best_califonia_housing_softmax_fold_1_retr.pth
[Stage1] Epoch 1475 - Val R²: 0.7002 | Reg Val Loss: 0.2940
[Stage1] New best (epoch 1475) Val Loss: 0.2940 — saved: checkpoints\nnknn_regression_best_califonia_housing_softmax_fold_1_retr.pth
[Stage1] Epoch 1476 - Val R²: 0.7003 | Reg Val Loss: 0.2940
[Stage1] New best (epoch 1476) Val Loss: 0.2940 — saved: checkpoints\nnknn_regression_best_califonia_housing_softmax_fold_1_retr.pth
[Stage1] Epoch 1477 - Val R²: 0.7003 | Reg Val Loss: 0.2939
[Stage1] New best (epoch 1477) Val Loss: 0.2939 — saved: checkpoints\nnknn_regression_best_califonia_housing_softmax_fold_1_retr.pth
[Stage1] Epoch 1478 - Val R²: 0.7003 | Reg Val Loss: 0.2939
[Stage1] New best (epoch 1478) Val Loss: 0.2939 — saved: checkpoints\nnknn_regression_best_califonia_housing_softmax_fold_1_retr.pth
[Stage1] Epoch 1479 - Val R²: 0.7004 | Reg Val Loss: 0.2938
[Stage1] New best (epoch 1479) Val Loss: 0.2938 — saved: checkpoints\nnknn_regression_best_califonia_housing_softmax_fold_1_retr.pth
[Stage1] Epoch 1480 - Val R²: 0.7004 | Reg Val Loss: 0.2939
[Stage1] No improv. Best so far: 0.2938 (epoch 1479)
[Stage1] Epoch 1481 - Val R²: 0.7002 | Reg Val Loss: 0.2940
[Stage1] No improv. Best so far: 0.2938 (epoch 1479)
[Stage1] Epoch 1482 - Val R²: 0.7003 | Reg Val Loss: 0.2940
[Stage1] No improv. Best so far: 0.2938 (epoch 1479)
[Stage1] Epoch 1483 - Val R²: 0.7003 | Reg Val Loss: 0.2939
[Stage1] No improv. Best so far: 0.2938 (epoch 1479)
[Stage1] Epoch 1484 - Val R²: 0.7004 | Reg Val Loss: 0.2938
[Stage1] New best (epoch 1484) Val Loss: 0.2938 — saved: checkpoints\nnknn_regression_best_califonia_housing_softmax_fold_1_retr.pth
[Stage1] Epoch 1485 - Val R²: 0.7005 | Reg Val Loss: 0.2937
[Stage1] New best (epoch 1485) Val Loss: 0.2937 — saved: checkpoints\nnknn_regression_best_califonia_housing_softmax_fold_1_retr.pth
[Stage1] Epoch 1486 - Val R²: 0.7004 | Reg Val Loss: 0.2938
[Stage1] No improv. Best so far: 0.2937 (epoch 1485)
[Stage1] Epoch 1487 - Val R²: 0.7006 | Reg Val Loss: 0.2937
[Stage1] New best (epoch 1487) Val Loss: 0.2937 — saved: checkpoints\nnknn_regression_best_califonia_housing_softmax_fold_1_retr.pth
[Stage1] Epoch 1488 - Val R²: 0.7005 | Reg Val Loss: 0.2938
[Stage1] No improv. Best so far: 0.2937 (epoch 1487)
[Stage1] Epoch 1489 - Val R²: 0.7005 | Reg Val Loss: 0.2937
[Stage1] No improv. Best so far: 0.2937 (epoch 1487)
[Stage1] Epoch 1490 - Val R²: 0.7005 | Reg Val Loss: 0.2937
[Stage1] No improv. Best so far: 0.2937 (epoch 1487)
[Stage1] Epoch 1491 - Val R²: 0.7004 | Reg Val Loss: 0.2938
[Stage1] No improv. Best so far: 0.2937 (epoch 1487)
[Stage1] Epoch 1492 - Val R²: 0.7005 | Reg Val Loss: 0.2937
[Stage1] No improv. Best so far: 0.2937 (epoch 1487)
[Stage1] Epoch 1493 - Val R²: 0.7006 | Reg Val Loss: 0.2936
[Stage1] New best (epoch 1493) Val Loss: 0.2936 — saved: checkpoints\nnknn_regression_best_califonia_housing_softmax_fold_1_retr.pth
[Stage1] Epoch 1494 - Val R²: 0.7007 | Reg Val Loss: 0.2935
[Stage1] New best (epoch 1494) Val Loss: 0.2935 — saved: checkpoints\nnknn_regression_best_califonia_housing_softmax_fold_1_retr.pth
[Stage1] Epoch 1495 - Val R²: 0.7008 | Reg Val Loss: 0.2935
[Stage1] New best (epoch 1495) Val Loss: 0.2935 — saved: checkpoints\nnknn_regression_best_califonia_housing_softmax_fold_1_retr.pth
[Stage1] Epoch 1496 - Val R²: 0.7008 | Reg Val Loss: 0.2934
[Stage1] New best (epoch 1496) Val Loss: 0.2934 — saved: checkpoints\nnknn_regression_best_califonia_housing_softmax_fold_1_retr.pth
[Stage1] Epoch 1497 - Val R²: 0.7008 | Reg Val Loss: 0.2935
[Stage1] No improv. Best so far: 0.2934 (epoch 1496)
[Stage1] Epoch 1498 - Val R²: 0.7008 | Reg Val Loss: 0.2934
[Stage1] New best (epoch 1498) Val Loss: 0.2934 — saved: checkpoints\nnknn_regression_best_califonia_housing_softmax_fold_1_retr.pth
[Stage1] Epoch 1499 - Val R²: 0.7008 | Reg Val Loss: 0.2935
[Stage1] No improv. Best so far: 0.2934 (epoch 1498)
[Stage1] Epoch 1500 - Val R²: 0.7008 | Reg Val Loss: 0.2934
[Stage1] No improv. Best so far: 0.2934 (epoch 1498)
[Stage1] Epoch 1501 - Val R²: 0.7008 | Reg Val Loss: 0.2934
[Stage1] No improv. Best so far: 0.2934 (epoch 1498)
[Stage1] Epoch 1502 - Val R²: 0.7009 | Reg Val Loss: 0.2933
[Stage1] New best (epoch 1502) Val Loss: 0.2933 — saved: checkpoints\nnknn_regression_best_califonia_housing_softmax_fold_1_retr.pth
[Stage1] Epoch 1503 - Val R²: 0.7008 | Reg Val Loss: 0.2935
[Stage1] No improv. Best so far: 0.2933 (epoch 1502)
[Stage1] Epoch 1504 - Val R²: 0.7010 | Reg Val Loss: 0.2933
[Stage1] New best (epoch 1504) Val Loss: 0.2933 — saved: checkpoints\nnknn_regression_best_califonia_housing_softmax_fold_1_retr.pth
[Stage1] Epoch 1505 - Val R²: 0.7009 | Reg Val Loss: 0.2934
[Stage1] No improv. Best so far: 0.2933 (epoch 1504)
[Stage1] Epoch 1506 - Val R²: 0.7010 | Reg Val Loss: 0.2933
[Stage1] New best (epoch 1506) Val Loss: 0.2933 — saved: checkpoints\nnknn_regression_best_califonia_housing_softmax_fold_1_retr.pth
[Stage1] Epoch 1507 - Val R²: 0.7010 | Reg Val Loss: 0.2932
[Stage1] New best (epoch 1507) Val Loss: 0.2932 — saved: checkpoints\nnknn_regression_best_califonia_housing_softmax_fold_1_retr.pth
[Stage1] Epoch 1508 - Val R²: 0.7010 | Reg Val Loss: 0.2932
[Stage1] New best (epoch 1508) Val Loss: 0.2932 — saved: checkpoints\nnknn_regression_best_califonia_housing_softmax_fold_1_retr.pth
[Stage1] Epoch 1509 - Val R²: 0.7011 | Reg Val Loss: 0.2931
[Stage1] New best (epoch 1509) Val Loss: 0.2931 — saved: checkpoints\nnknn_regression_best_califonia_housing_softmax_fold_1_retr.pth
[Stage1] Epoch 1510 - Val R²: 0.7011 | Reg Val Loss: 0.2932
[Stage1] No improv. Best so far: 0.2931 (epoch 1509)
[Stage1] Epoch 1511 - Val R²: 0.7009 | Reg Val Loss: 0.2933
[Stage1] No improv. Best so far: 0.2931 (epoch 1509)
[Stage1] Epoch 1512 - Val R²: 0.7011 | Reg Val Loss: 0.2931
[Stage1] No improv. Best so far: 0.2931 (epoch 1509)
[Stage1] Epoch 1513 - Val R²: 0.7011 | Reg Val Loss: 0.2931
[Stage1] No improv. Best so far: 0.2931 (epoch 1509)
[Stage1] Epoch 1514 - Val R²: 0.7012 | Reg Val Loss: 0.2930
[Stage1] New best (epoch 1514) Val Loss: 0.2930 — saved: checkpoints\nnknn_regression_best_califonia_housing_softmax_fold_1_retr.pth
[Stage1] Epoch 1515 - Val R²: 0.7012 | Reg Val Loss: 0.2930
[Stage1] No improv. Best so far: 0.2930 (epoch 1514)
[Stage1] Epoch 1516 - Val R²: 0.7013 | Reg Val Loss: 0.2930
[Stage1] New best (epoch 1516) Val Loss: 0.2930 — saved: checkpoints\nnknn_regression_best_califonia_housing_softmax_fold_1_retr.pth
[Stage1] Epoch 1517 - Val R²: 0.7011 | Reg Val Loss: 0.2931
[Stage1] No improv. Best so far: 0.2930 (epoch 1516)
[Stage1] Epoch 1518 - Val R²: 0.7013 | Reg Val Loss: 0.2930
[Stage1] New best (epoch 1518) Val Loss: 0.2930 — saved: checkpoints\nnknn_regression_best_califonia_housing_softmax_fold_1_retr.pth
[Stage1] Epoch 1519 - Val R²: 0.7014 | Reg Val Loss: 0.2929
[Stage1] New best (epoch 1519) Val Loss: 0.2929 — saved: checkpoints\nnknn_regression_best_califonia_housing_softmax_fold_1_retr.pth
[Stage1] Epoch 1520 - Val R²: 0.7013 | Reg Val Loss: 0.2929
[Stage1] No improv. Best so far: 0.2929 (epoch 1519)
[Stage1] Epoch 1521 - Val R²: 0.7013 | Reg Val Loss: 0.2929
[Stage1] No improv. Best so far: 0.2929 (epoch 1519)
[Stage1] Epoch 1522 - Val R²: 0.7014 | Reg Val Loss: 0.2929
[Stage1] New best (epoch 1522) Val Loss: 0.2929 — saved: checkpoints\nnknn_regression_best_califonia_housing_softmax_fold_1_retr.pth
[Stage1] Epoch 1523 - Val R²: 0.7014 | Reg Val Loss: 0.2928
[Stage1] New best (epoch 1523) Val Loss: 0.2928 — saved: checkpoints\nnknn_regression_best_califonia_housing_softmax_fold_1_retr.pth
[Stage1] Epoch 1524 - Val R²: 0.7013 | Reg Val Loss: 0.2929
[Stage1] No improv. Best so far: 0.2928 (epoch 1523)
[Stage1] Epoch 1525 - Val R²: 0.7014 | Reg Val Loss: 0.2929
[Stage1] No improv. Best so far: 0.2928 (epoch 1523)
[Stage1] Epoch 1526 - Val R²: 0.7015 | Reg Val Loss: 0.2928
[Stage1] New best (epoch 1526) Val Loss: 0.2928 — saved: checkpoints\nnknn_regression_best_califonia_housing_softmax_fold_1_retr.pth
[Stage1] Epoch 1527 - Val R²: 0.7016 | Reg Val Loss: 0.2927
[Stage1] New best (epoch 1527) Val Loss: 0.2927 — saved: checkpoints\nnknn_regression_best_califonia_housing_softmax_fold_1_retr.pth
[Stage1] Epoch 1528 - Val R²: 0.7015 | Reg Val Loss: 0.2927
[Stage1] No improv. Best so far: 0.2927 (epoch 1527)
[Stage1] Epoch 1529 - Val R²: 0.7014 | Reg Val Loss: 0.2929
[Stage1] No improv. Best so far: 0.2927 (epoch 1527)
[Stage1] Epoch 1530 - Val R²: 0.7015 | Reg Val Loss: 0.2928
[Stage1] No improv. Best so far: 0.2927 (epoch 1527)
[Stage1] Epoch 1531 - Val R²: 0.7016 | Reg Val Loss: 0.2926
[Stage1] New best (epoch 1531) Val Loss: 0.2926 — saved: checkpoints\nnknn_regression_best_califonia_housing_softmax_fold_1_retr.pth
[Stage1] Epoch 1532 - Val R²: 0.7017 | Reg Val Loss: 0.2926
[Stage1] New best (epoch 1532) Val Loss: 0.2926 — saved: checkpoints\nnknn_regression_best_califonia_housing_softmax_fold_1_retr.pth
[Stage1] Epoch 1533 - Val R²: 0.7017 | Reg Val Loss: 0.2926
[Stage1] New best (epoch 1533) Val Loss: 0.2926 — saved: checkpoints\nnknn_regression_best_califonia_housing_softmax_fold_1_retr.pth
[Stage1] Epoch 1534 - Val R²: 0.7017 | Reg Val Loss: 0.2926
[Stage1] No improv. Best so far: 0.2926 (epoch 1533)
[Stage1] Epoch 1535 - Val R²: 0.7016 | Reg Val Loss: 0.2927
[Stage1] No improv. Best so far: 0.2926 (epoch 1533)
[Stage1] Epoch 1536 - Val R²: 0.7017 | Reg Val Loss: 0.2926
[Stage1] No improv. Best so far: 0.2926 (epoch 1533)
[Stage1] Epoch 1537 - Val R²: 0.7018 | Reg Val Loss: 0.2925
[Stage1] New best (epoch 1537) Val Loss: 0.2925 — saved: checkpoints\nnknn_regression_best_califonia_housing_softmax_fold_1_retr.pth
[Stage1] Epoch 1538 - Val R²: 0.7018 | Reg Val Loss: 0.2925
[Stage1] No improv. Best so far: 0.2925 (epoch 1537)
[Stage1] Epoch 1539 - Val R²: 0.7019 | Reg Val Loss: 0.2924
[Stage1] New best (epoch 1539) Val Loss: 0.2924 — saved: checkpoints\nnknn_regression_best_califonia_housing_softmax_fold_1_retr.pth
[Stage1] Epoch 1540 - Val R²: 0.7018 | Reg Val Loss: 0.2924
[Stage1] No improv. Best so far: 0.2924 (epoch 1539)
[Stage1] Epoch 1541 - Val R²: 0.7019 | Reg Val Loss: 0.2924
[Stage1] No improv. Best so far: 0.2924 (epoch 1539)
[Stage1] Epoch 1542 - Val R²: 0.7019 | Reg Val Loss: 0.2923
[Stage1] New best (epoch 1542) Val Loss: 0.2923 — saved: checkpoints\nnknn_regression_best_califonia_housing_softmax_fold_1_retr.pth
[Stage1] Epoch 1543 - Val R²: 0.7020 | Reg Val Loss: 0.2923
[Stage1] New best (epoch 1543) Val Loss: 0.2923 — saved: checkpoints\nnknn_regression_best_califonia_housing_softmax_fold_1_retr.pth
[Stage1] Epoch 1544 - Val R²: 0.7020 | Reg Val Loss: 0.2923
[Stage1] New best (epoch 1544) Val Loss: 0.2923 — saved: checkpoints\nnknn_regression_best_califonia_housing_softmax_fold_1_retr.pth
[Stage1] Epoch 1545 - Val R²: 0.7020 | Reg Val Loss: 0.2923
[Stage1] No improv. Best so far: 0.2923 (epoch 1544)
[Stage1] Epoch 1546 - Val R²: 0.7020 | Reg Val Loss: 0.2922
[Stage1] New best (epoch 1546) Val Loss: 0.2922 — saved: checkpoints\nnknn_regression_best_califonia_housing_softmax_fold_1_retr.pth
[Stage1] Epoch 1547 - Val R²: 0.7020 | Reg Val Loss: 0.2923
[Stage1] No improv. Best so far: 0.2922 (epoch 1546)
[Stage1] Epoch 1548 - Val R²: 0.7020 | Reg Val Loss: 0.2923
[Stage1] No improv. Best so far: 0.2922 (epoch 1546)
[Stage1] Epoch 1549 - Val R²: 0.7020 | Reg Val Loss: 0.2922
[Stage1] New best (epoch 1549) Val Loss: 0.2922 — saved: checkpoints\nnknn_regression_best_califonia_housing_softmax_fold_1_retr.pth
[Stage1] Epoch 1550 - Val R²: 0.7020 | Reg Val Loss: 0.2922
[Stage1] New best (epoch 1550) Val Loss: 0.2922 — saved: checkpoints\nnknn_regression_best_califonia_housing_softmax_fold_1_retr.pth
[Stage1] Epoch 1551 - Val R²: 0.7021 | Reg Val Loss: 0.2922
[Stage1] New best (epoch 1551) Val Loss: 0.2922 — saved: checkpoints\nnknn_regression_best_califonia_housing_softmax_fold_1_retr.pth
[Stage1] Epoch 1552 - Val R²: 0.7022 | Reg Val Loss: 0.2921
[Stage1] New best (epoch 1552) Val Loss: 0.2921 — saved: checkpoints\nnknn_regression_best_califonia_housing_softmax_fold_1_retr.pth
[Stage1] Epoch 1553 - Val R²: 0.7022 | Reg Val Loss: 0.2921
[Stage1] New best (epoch 1553) Val Loss: 0.2921 — saved: checkpoints\nnknn_regression_best_califonia_housing_softmax_fold_1_retr.pth
[Stage1] Epoch 1554 - Val R²: 0.7022 | Reg Val Loss: 0.2921
[Stage1] New best (epoch 1554) Val Loss: 0.2921 — saved: checkpoints\nnknn_regression_best_califonia_housing_softmax_fold_1_retr.pth
[Stage1] Epoch 1555 - Val R²: 0.7023 | Reg Val Loss: 0.2920
[Stage1] New best (epoch 1555) Val Loss: 0.2920 — saved: checkpoints\nnknn_regression_best_califonia_housing_softmax_fold_1_retr.pth
[Stage1] Epoch 1556 - Val R²: 0.7022 | Reg Val Loss: 0.2920
[Stage1] No improv. Best so far: 0.2920 (epoch 1555)
[Stage1] Epoch 1557 - Val R²: 0.7022 | Reg Val Loss: 0.2921
[Stage1] No improv. Best so far: 0.2920 (epoch 1555)
[Stage1] Epoch 1558 - Val R²: 0.7022 | Reg Val Loss: 0.2920
[Stage1] No improv. Best so far: 0.2920 (epoch 1555)
[Stage1] Epoch 1559 - Val R²: 0.7023 | Reg Val Loss: 0.2920
[Stage1] New best (epoch 1559) Val Loss: 0.2920 — saved: checkpoints\nnknn_regression_best_califonia_housing_softmax_fold_1_retr.pth
[Stage1] Epoch 1560 - Val R²: 0.7024 | Reg Val Loss: 0.2919
[Stage1] New best (epoch 1560) Val Loss: 0.2919 — saved: checkpoints\nnknn_regression_best_califonia_housing_softmax_fold_1_retr.pth
[Stage1] Epoch 1561 - Val R²: 0.7023 | Reg Val Loss: 0.2919
[Stage1] No improv. Best so far: 0.2919 (epoch 1560)
[Stage1] Epoch 1562 - Val R²: 0.7024 | Reg Val Loss: 0.2919
[Stage1] New best (epoch 1562) Val Loss: 0.2919 — saved: checkpoints\nnknn_regression_best_califonia_housing_softmax_fold_1_retr.pth
[Stage1] Epoch 1563 - Val R²: 0.7024 | Reg Val Loss: 0.2919
[Stage1] No improv. Best so far: 0.2919 (epoch 1562)
[Stage1] Epoch 1564 - Val R²: 0.7023 | Reg Val Loss: 0.2919
[Stage1] No improv. Best so far: 0.2919 (epoch 1562)
[Stage1] Epoch 1565 - Val R²: 0.7024 | Reg Val Loss: 0.2919
[Stage1] No improv. Best so far: 0.2919 (epoch 1562)
[Stage1] Epoch 1566 - Val R²: 0.7025 | Reg Val Loss: 0.2918
[Stage1] New best (epoch 1566) Val Loss: 0.2918 — saved: checkpoints\nnknn_regression_best_califonia_housing_softmax_fold_1_retr.pth
[Stage1] Epoch 1567 - Val R²: 0.7026 | Reg Val Loss: 0.2917
[Stage1] New best (epoch 1567) Val Loss: 0.2917 — saved: checkpoints\nnknn_regression_best_califonia_housing_softmax_fold_1_retr.pth
[Stage1] Epoch 1568 - Val R²: 0.7025 | Reg Val Loss: 0.2918
[Stage1] No improv. Best so far: 0.2917 (epoch 1567)
[Stage1] Epoch 1569 - Val R²: 0.7025 | Reg Val Loss: 0.2917
[Stage1] No improv. Best so far: 0.2917 (epoch 1567)
[Stage1] Epoch 1570 - Val R²: 0.7026 | Reg Val Loss: 0.2917
[Stage1] New best (epoch 1570) Val Loss: 0.2917 — saved: checkpoints\nnknn_regression_best_califonia_housing_softmax_fold_1_retr.pth
[Stage1] Epoch 1571 - Val R²: 0.7026 | Reg Val Loss: 0.2917
[Stage1] No improv. Best so far: 0.2917 (epoch 1570)
[Stage1] Epoch 1572 - Val R²: 0.7026 | Reg Val Loss: 0.2917
[Stage1] New best (epoch 1572) Val Loss: 0.2917 — saved: checkpoints\nnknn_regression_best_califonia_housing_softmax_fold_1_retr.pth
[Stage1] Epoch 1573 - Val R²: 0.7026 | Reg Val Loss: 0.2917
[Stage1] No improv. Best so far: 0.2917 (epoch 1572)
[Stage1] Epoch 1574 - Val R²: 0.7026 | Reg Val Loss: 0.2916
[Stage1] New best (epoch 1574) Val Loss: 0.2916 — saved: checkpoints\nnknn_regression_best_califonia_housing_softmax_fold_1_retr.pth
[Stage1] Epoch 1575 - Val R²: 0.7026 | Reg Val Loss: 0.2917
[Stage1] No improv. Best so far: 0.2916 (epoch 1574)
[Stage1] Epoch 1576 - Val R²: 0.7027 | Reg Val Loss: 0.2916
[Stage1] New best (epoch 1576) Val Loss: 0.2916 — saved: checkpoints\nnknn_regression_best_califonia_housing_softmax_fold_1_retr.pth
[Stage1] Epoch 1577 - Val R²: 0.7028 | Reg Val Loss: 0.2915
[Stage1] New best (epoch 1577) Val Loss: 0.2915 — saved: checkpoints\nnknn_regression_best_califonia_housing_softmax_fold_1_retr.pth
[Stage1] Epoch 1578 - Val R²: 0.7027 | Reg Val Loss: 0.2916
[Stage1] No improv. Best so far: 0.2915 (epoch 1577)
[Stage1] Epoch 1579 - Val R²: 0.7026 | Reg Val Loss: 0.2916
[Stage1] No improv. Best so far: 0.2915 (epoch 1577)
[Stage1] Epoch 1580 - Val R²: 0.7028 | Reg Val Loss: 0.2915
[Stage1] New best (epoch 1580) Val Loss: 0.2915 — saved: checkpoints\nnknn_regression_best_califonia_housing_softmax_fold_1_retr.pth
[Stage1] Epoch 1581 - Val R²: 0.7028 | Reg Val Loss: 0.2915
[Stage1] No improv. Best so far: 0.2915 (epoch 1580)
[Stage1] Epoch 1582 - Val R²: 0.7027 | Reg Val Loss: 0.2916
[Stage1] No improv. Best so far: 0.2915 (epoch 1580)
[Stage1] Epoch 1583 - Val R²: 0.7028 | Reg Val Loss: 0.2915
[Stage1] New best (epoch 1583) Val Loss: 0.2915 — saved: checkpoints\nnknn_regression_best_califonia_housing_softmax_fold_1_retr.pth
[Stage1] Epoch 1584 - Val R²: 0.7028 | Reg Val Loss: 0.2914
[Stage1] New best (epoch 1584) Val Loss: 0.2914 — saved: checkpoints\nnknn_regression_best_califonia_housing_softmax_fold_1_retr.pth
[Stage1] Epoch 1585 - Val R²: 0.7029 | Reg Val Loss: 0.2914
[Stage1] New best (epoch 1585) Val Loss: 0.2914 — saved: checkpoints\nnknn_regression_best_califonia_housing_softmax_fold_1_retr.pth
[Stage1] Epoch 1586 - Val R²: 0.7028 | Reg Val Loss: 0.2915
[Stage1] No improv. Best so far: 0.2914 (epoch 1585)
[Stage1] Epoch 1587 - Val R²: 0.7029 | Reg Val Loss: 0.2914
[Stage1] New best (epoch 1587) Val Loss: 0.2914 — saved: checkpoints\nnknn_regression_best_califonia_housing_softmax_fold_1_retr.pth
[Stage1] Epoch 1588 - Val R²: 0.7030 | Reg Val Loss: 0.2913
[Stage1] New best (epoch 1588) Val Loss: 0.2913 — saved: checkpoints\nnknn_regression_best_califonia_housing_softmax_fold_1_retr.pth
[Stage1] Epoch 1589 - Val R²: 0.7030 | Reg Val Loss: 0.2913
[Stage1] No improv. Best so far: 0.2913 (epoch 1588)
[Stage1] Epoch 1590 - Val R²: 0.7030 | Reg Val Loss: 0.2913
[Stage1] No improv. Best so far: 0.2913 (epoch 1588)
[Stage1] Epoch 1591 - Val R²: 0.7030 | Reg Val Loss: 0.2913
[Stage1] New best (epoch 1591) Val Loss: 0.2913 — saved: checkpoints\nnknn_regression_best_califonia_housing_softmax_fold_1_retr.pth
[Stage1] Epoch 1592 - Val R²: 0.7030 | Reg Val Loss: 0.2913
[Stage1] New best (epoch 1592) Val Loss: 0.2913 — saved: checkpoints\nnknn_regression_best_califonia_housing_softmax_fold_1_retr.pth
[Stage1] Epoch 1593 - Val R²: 0.7030 | Reg Val Loss: 0.2913
[Stage1] New best (epoch 1593) Val Loss: 0.2913 — saved: checkpoints\nnknn_regression_best_califonia_housing_softmax_fold_1_retr.pth
[Stage1] Epoch 1594 - Val R²: 0.7031 | Reg Val Loss: 0.2911
[Stage1] New best (epoch 1594) Val Loss: 0.2911 — saved: checkpoints\nnknn_regression_best_califonia_housing_softmax_fold_1_retr.pth
[Stage1] Epoch 1595 - Val R²: 0.7031 | Reg Val Loss: 0.2911
[Stage1] No improv. Best so far: 0.2911 (epoch 1594)
[Stage1] Epoch 1596 - Val R²: 0.7032 | Reg Val Loss: 0.2911
[Stage1] New best (epoch 1596) Val Loss: 0.2911 — saved: checkpoints\nnknn_regression_best_califonia_housing_softmax_fold_1_retr.pth
[Stage1] Epoch 1597 - Val R²: 0.7032 | Reg Val Loss: 0.2911
[Stage1] No improv. Best so far: 0.2911 (epoch 1596)
[Stage1] Epoch 1598 - Val R²: 0.7032 | Reg Val Loss: 0.2911
[Stage1] No improv. Best so far: 0.2911 (epoch 1596)
[Stage1] Epoch 1599 - Val R²: 0.7031 | Reg Val Loss: 0.2912
[Stage1] No improv. Best so far: 0.2911 (epoch 1596)
[Stage1] Epoch 1600 - Val R²: 0.7033 | Reg Val Loss: 0.2910
[Stage1] New best (epoch 1600) Val Loss: 0.2910 — saved: checkpoints\nnknn_regression_best_califonia_housing_softmax_fold_1_retr.pth
[Stage1] Epoch 1601 - Val R²: 0.7032 | Reg Val Loss: 0.2910
[Stage1] No improv. Best so far: 0.2910 (epoch 1600)
[Stage1] Epoch 1602 - Val R²: 0.7033 | Reg Val Loss: 0.2910
[Stage1] New best (epoch 1602) Val Loss: 0.2910 — saved: checkpoints\nnknn_regression_best_califonia_housing_softmax_fold_1_retr.pth
[Stage1] Epoch 1603 - Val R²: 0.7033 | Reg Val Loss: 0.2910
[Stage1] No improv. Best so far: 0.2910 (epoch 1602)
[Stage1] Epoch 1604 - Val R²: 0.7033 | Reg Val Loss: 0.2910
[Stage1] No improv. Best so far: 0.2910 (epoch 1602)
[Stage1] Epoch 1605 - Val R²: 0.7033 | Reg Val Loss: 0.2909
[Stage1] New best (epoch 1605) Val Loss: 0.2909 — saved: checkpoints\nnknn_regression_best_califonia_housing_softmax_fold_1_retr.pth
[Stage1] Epoch 1606 - Val R²: 0.7034 | Reg Val Loss: 0.2909
[Stage1] New best (epoch 1606) Val Loss: 0.2909 — saved: checkpoints\nnknn_regression_best_califonia_housing_softmax_fold_1_retr.pth
[Stage1] Epoch 1607 - Val R²: 0.7033 | Reg Val Loss: 0.2910
[Stage1] No improv. Best so far: 0.2909 (epoch 1606)
[Stage1] Epoch 1608 - Val R²: 0.7034 | Reg Val Loss: 0.2909
[Stage1] New best (epoch 1608) Val Loss: 0.2909 — saved: checkpoints\nnknn_regression_best_califonia_housing_softmax_fold_1_retr.pth
[Stage1] Epoch 1609 - Val R²: 0.7035 | Reg Val Loss: 0.2908
[Stage1] New best (epoch 1609) Val Loss: 0.2908 — saved: checkpoints\nnknn_regression_best_califonia_housing_softmax_fold_1_retr.pth
[Stage1] Epoch 1610 - Val R²: 0.7034 | Reg Val Loss: 0.2909
[Stage1] No improv. Best so far: 0.2908 (epoch 1609)
[Stage1] Epoch 1611 - Val R²: 0.7035 | Reg Val Loss: 0.2908
[Stage1] New best (epoch 1611) Val Loss: 0.2908 — saved: checkpoints\nnknn_regression_best_califonia_housing_softmax_fold_1_retr.pth
[Stage1] Epoch 1612 - Val R²: 0.7034 | Reg Val Loss: 0.2909
[Stage1] No improv. Best so far: 0.2908 (epoch 1611)
[Stage1] Epoch 1613 - Val R²: 0.7035 | Reg Val Loss: 0.2908
[Stage1] New best (epoch 1613) Val Loss: 0.2908 — saved: checkpoints\nnknn_regression_best_califonia_housing_softmax_fold_1_retr.pth
[Stage1] Epoch 1614 - Val R²: 0.7035 | Reg Val Loss: 0.2908
[Stage1] No improv. Best so far: 0.2908 (epoch 1613)
[Stage1] Epoch 1615 - Val R²: 0.7036 | Reg Val Loss: 0.2907
[Stage1] New best (epoch 1615) Val Loss: 0.2907 — saved: checkpoints\nnknn_regression_best_califonia_housing_softmax_fold_1_retr.pth
[Stage1] Epoch 1616 - Val R²: 0.7036 | Reg Val Loss: 0.2907
[Stage1] New best (epoch 1616) Val Loss: 0.2907 — saved: checkpoints\nnknn_regression_best_califonia_housing_softmax_fold_1_retr.pth
[Stage1] Epoch 1617 - Val R²: 0.7036 | Reg Val Loss: 0.2907
[Stage1] No improv. Best so far: 0.2907 (epoch 1616)
[Stage1] Epoch 1618 - Val R²: 0.7037 | Reg Val Loss: 0.2906
[Stage1] New best (epoch 1618) Val Loss: 0.2906 — saved: checkpoints\nnknn_regression_best_califonia_housing_softmax_fold_1_retr.pth
[Stage1] Epoch 1619 - Val R²: 0.7037 | Reg Val Loss: 0.2906
[Stage1] No improv. Best so far: 0.2906 (epoch 1618)
[Stage1] Epoch 1620 - Val R²: 0.7037 | Reg Val Loss: 0.2906
[Stage1] No improv. Best so far: 0.2906 (epoch 1618)
[Stage1] Epoch 1621 - Val R²: 0.7037 | Reg Val Loss: 0.2906
[Stage1] No improv. Best so far: 0.2906 (epoch 1618)
[Stage1] Epoch 1622 - Val R²: 0.7036 | Reg Val Loss: 0.2907
[Stage1] No improv. Best so far: 0.2906 (epoch 1618)
[Stage1] Epoch 1623 - Val R²: 0.7037 | Reg Val Loss: 0.2906
[Stage1] New best (epoch 1623) Val Loss: 0.2906 — saved: checkpoints\nnknn_regression_best_califonia_housing_softmax_fold_1_retr.pth
[Stage1] Epoch 1624 - Val R²: 0.7038 | Reg Val Loss: 0.2905
[Stage1] New best (epoch 1624) Val Loss: 0.2905 — saved: checkpoints\nnknn_regression_best_califonia_housing_softmax_fold_1_retr.pth
[Stage1] Epoch 1625 - Val R²: 0.7038 | Reg Val Loss: 0.2905
[Stage1] New best (epoch 1625) Val Loss: 0.2905 — saved: checkpoints\nnknn_regression_best_califonia_housing_softmax_fold_1_retr.pth
[Stage1] Epoch 1626 - Val R²: 0.7038 | Reg Val Loss: 0.2905
[Stage1] New best (epoch 1626) Val Loss: 0.2905 — saved: checkpoints\nnknn_regression_best_califonia_housing_softmax_fold_1_retr.pth
[Stage1] Epoch 1627 - Val R²: 0.7038 | Reg Val Loss: 0.2905
[Stage1] No improv. Best so far: 0.2905 (epoch 1626)
[Stage1] Epoch 1628 - Val R²: 0.7039 | Reg Val Loss: 0.2904
[Stage1] New best (epoch 1628) Val Loss: 0.2904 — saved: checkpoints\nnknn_regression_best_califonia_housing_softmax_fold_1_retr.pth
[Stage1] Epoch 1629 - Val R²: 0.7039 | Reg Val Loss: 0.2904
[Stage1] New best (epoch 1629) Val Loss: 0.2904 — saved: checkpoints\nnknn_regression_best_califonia_housing_softmax_fold_1_retr.pth
[Stage1] Epoch 1630 - Val R²: 0.7039 | Reg Val Loss: 0.2904
[Stage1] New best (epoch 1630) Val Loss: 0.2904 — saved: checkpoints\nnknn_regression_best_califonia_housing_softmax_fold_1_retr.pth
[Stage1] Epoch 1631 - Val R²: 0.7039 | Reg Val Loss: 0.2904
[Stage1] New best (epoch 1631) Val Loss: 0.2904 — saved: checkpoints\nnknn_regression_best_califonia_housing_softmax_fold_1_retr.pth
[Stage1] Epoch 1632 - Val R²: 0.7039 | Reg Val Loss: 0.2904
[Stage1] No improv. Best so far: 0.2904 (epoch 1631)
[Stage1] Epoch 1633 - Val R²: 0.7040 | Reg Val Loss: 0.2903
[Stage1] New best (epoch 1633) Val Loss: 0.2903 — saved: checkpoints\nnknn_regression_best_califonia_housing_softmax_fold_1_retr.pth
[Stage1] Epoch 1634 - Val R²: 0.7040 | Reg Val Loss: 0.2903
[Stage1] New best (epoch 1634) Val Loss: 0.2903 — saved: checkpoints\nnknn_regression_best_califonia_housing_softmax_fold_1_retr.pth
[Stage1] Epoch 1635 - Val R²: 0.7040 | Reg Val Loss: 0.2903
[Stage1] New best (epoch 1635) Val Loss: 0.2903 — saved: checkpoints\nnknn_regression_best_califonia_housing_softmax_fold_1_retr.pth
[Stage1] Epoch 1636 - Val R²: 0.7040 | Reg Val Loss: 0.2903
[Stage1] No improv. Best so far: 0.2903 (epoch 1635)
[Stage1] Epoch 1637 - Val R²: 0.7040 | Reg Val Loss: 0.2903
[Stage1] No improv. Best so far: 0.2903 (epoch 1635)
[Stage1] Epoch 1638 - Val R²: 0.7041 | Reg Val Loss: 0.2903
[Stage1] New best (epoch 1638) Val Loss: 0.2903 — saved: checkpoints\nnknn_regression_best_califonia_housing_softmax_fold_1_retr.pth
[Stage1] Epoch 1639 - Val R²: 0.7041 | Reg Val Loss: 0.2902
[Stage1] New best (epoch 1639) Val Loss: 0.2902 — saved: checkpoints\nnknn_regression_best_califonia_housing_softmax_fold_1_retr.pth
[Stage1] Epoch 1640 - Val R²: 0.7041 | Reg Val Loss: 0.2902
[Stage1] No improv. Best so far: 0.2902 (epoch 1639)
[Stage1] Epoch 1641 - Val R²: 0.7041 | Reg Val Loss: 0.2902
[Stage1] New best (epoch 1641) Val Loss: 0.2902 — saved: checkpoints\nnknn_regression_best_califonia_housing_softmax_fold_1_retr.pth
[Stage1] Epoch 1642 - Val R²: 0.7041 | Reg Val Loss: 0.2902
[Stage1] No improv. Best so far: 0.2902 (epoch 1641)
[Stage1] Epoch 1643 - Val R²: 0.7041 | Reg Val Loss: 0.2902
[Stage1] No improv. Best so far: 0.2902 (epoch 1641)
[Stage1] Epoch 1644 - Val R²: 0.7041 | Reg Val Loss: 0.2902
[Stage1] No improv. Best so far: 0.2902 (epoch 1641)
[Stage1] Epoch 1645 - Val R²: 0.7041 | Reg Val Loss: 0.2902
[Stage1] No improv. Best so far: 0.2902 (epoch 1641)
[Stage1] Epoch 1646 - Val R²: 0.7041 | Reg Val Loss: 0.2902
[Stage1] No improv. Best so far: 0.2902 (epoch 1641)
[Stage1] Epoch 1647 - Val R²: 0.7041 | Reg Val Loss: 0.2902
[Stage1] No improv. Best so far: 0.2902 (epoch 1641)
[Stage1] Epoch 1648 - Val R²: 0.7042 | Reg Val Loss: 0.2901
[Stage1] New best (epoch 1648) Val Loss: 0.2901 — saved: checkpoints\nnknn_regression_best_califonia_housing_softmax_fold_1_retr.pth
[Stage1] Epoch 1649 - Val R²: 0.7042 | Reg Val Loss: 0.2901
[Stage1] No improv. Best so far: 0.2901 (epoch 1648)
[Stage1] Epoch 1650 - Val R²: 0.7042 | Reg Val Loss: 0.2901
[Stage1] New best (epoch 1650) Val Loss: 0.2901 — saved: checkpoints\nnknn_regression_best_califonia_housing_softmax_fold_1_retr.pth
[Stage1] Epoch 1651 - Val R²: 0.7043 | Reg Val Loss: 0.2900
[Stage1] New best (epoch 1651) Val Loss: 0.2900 — saved: checkpoints\nnknn_regression_best_califonia_housing_softmax_fold_1_retr.pth
[Stage1] Epoch 1652 - Val R²: 0.7044 | Reg Val Loss: 0.2899
[Stage1] New best (epoch 1652) Val Loss: 0.2899 — saved: checkpoints\nnknn_regression_best_califonia_housing_softmax_fold_1_retr.pth
[Stage1] Epoch 1653 - Val R²: 0.7043 | Reg Val Loss: 0.2900
[Stage1] No improv. Best so far: 0.2899 (epoch 1652)
[Stage1] Epoch 1654 - Val R²: 0.7043 | Reg Val Loss: 0.2900
[Stage1] No improv. Best so far: 0.2899 (epoch 1652)
[Stage1] Epoch 1655 - Val R²: 0.7043 | Reg Val Loss: 0.2901
[Stage1] No improv. Best so far: 0.2899 (epoch 1652)
[Stage1] Epoch 1656 - Val R²: 0.7044 | Reg Val Loss: 0.2899
[Stage1] New best (epoch 1656) Val Loss: 0.2899 — saved: checkpoints\nnknn_regression_best_califonia_housing_softmax_fold_1_retr.pth
[Stage1] Epoch 1657 - Val R²: 0.7045 | Reg Val Loss: 0.2898
[Stage1] New best (epoch 1657) Val Loss: 0.2898 — saved: checkpoints\nnknn_regression_best_califonia_housing_softmax_fold_1_retr.pth
[Stage1] Epoch 1658 - Val R²: 0.7044 | Reg Val Loss: 0.2899
[Stage1] No improv. Best so far: 0.2898 (epoch 1657)
[Stage1] Epoch 1659 - Val R²: 0.7045 | Reg Val Loss: 0.2898
[Stage1] No improv. Best so far: 0.2898 (epoch 1657)
[Stage1] Epoch 1660 - Val R²: 0.7045 | Reg Val Loss: 0.2898
[Stage1] New best (epoch 1660) Val Loss: 0.2898 — saved: checkpoints\nnknn_regression_best_califonia_housing_softmax_fold_1_retr.pth
[Stage1] Epoch 1661 - Val R²: 0.7045 | Reg Val Loss: 0.2898
[Stage1] No improv. Best so far: 0.2898 (epoch 1660)
[Stage1] Epoch 1662 - Val R²: 0.7045 | Reg Val Loss: 0.2898
[Stage1] No improv. Best so far: 0.2898 (epoch 1660)
[Stage1] Epoch 1663 - Val R²: 0.7046 | Reg Val Loss: 0.2898
[Stage1] New best (epoch 1663) Val Loss: 0.2898 — saved: checkpoints\nnknn_regression_best_califonia_housing_softmax_fold_1_retr.pth
[Stage1] Epoch 1664 - Val R²: 0.7046 | Reg Val Loss: 0.2897
[Stage1] New best (epoch 1664) Val Loss: 0.2897 — saved: checkpoints\nnknn_regression_best_califonia_housing_softmax_fold_1_retr.pth
[Stage1] Epoch 1665 - Val R²: 0.7046 | Reg Val Loss: 0.2897
[Stage1] No improv. Best so far: 0.2897 (epoch 1664)
[Stage1] Epoch 1666 - Val R²: 0.7045 | Reg Val Loss: 0.2899
[Stage1] No improv. Best so far: 0.2897 (epoch 1664)
[Stage1] Epoch 1667 - Val R²: 0.7046 | Reg Val Loss: 0.2898
[Stage1] No improv. Best so far: 0.2897 (epoch 1664)
[Stage1] Epoch 1668 - Val R²: 0.7046 | Reg Val Loss: 0.2897
[Stage1] New best (epoch 1668) Val Loss: 0.2897 — saved: checkpoints\nnknn_regression_best_califonia_housing_softmax_fold_1_retr.pth
[Stage1] Epoch 1669 - Val R²: 0.7047 | Reg Val Loss: 0.2896
[Stage1] New best (epoch 1669) Val Loss: 0.2896 — saved: checkpoints\nnknn_regression_best_califonia_housing_softmax_fold_1_retr.pth
[Stage1] Epoch 1670 - Val R²: 0.7047 | Reg Val Loss: 0.2896
[Stage1] New best (epoch 1670) Val Loss: 0.2896 — saved: checkpoints\nnknn_regression_best_califonia_housing_softmax_fold_1_retr.pth
[Stage1] Epoch 1671 - Val R²: 0.7047 | Reg Val Loss: 0.2896
[Stage1] No improv. Best so far: 0.2896 (epoch 1670)
[Stage1] Epoch 1672 - Val R²: 0.7046 | Reg Val Loss: 0.2897
[Stage1] No improv. Best so far: 0.2896 (epoch 1670)
[Stage1] Epoch 1673 - Val R²: 0.7047 | Reg Val Loss: 0.2896
[Stage1] No improv. Best so far: 0.2896 (epoch 1670)
[Stage1] Epoch 1674 - Val R²: 0.7046 | Reg Val Loss: 0.2897
[Stage1] No improv. Best so far: 0.2896 (epoch 1670)
[Stage1] Epoch 1675 - Val R²: 0.7048 | Reg Val Loss: 0.2895
[Stage1] New best (epoch 1675) Val Loss: 0.2895 — saved: checkpoints\nnknn_regression_best_califonia_housing_softmax_fold_1_retr.pth
[Stage1] Epoch 1676 - Val R²: 0.7048 | Reg Val Loss: 0.2895
[Stage1] New best (epoch 1676) Val Loss: 0.2895 — saved: checkpoints\nnknn_regression_best_califonia_housing_softmax_fold_1_retr.pth
[Stage1] Epoch 1677 - Val R²: 0.7048 | Reg Val Loss: 0.2895
[Stage1] No improv. Best so far: 0.2895 (epoch 1676)
[Stage1] Epoch 1678 - Val R²: 0.7048 | Reg Val Loss: 0.2895
[Stage1] No improv. Best so far: 0.2895 (epoch 1676)
[Stage1] Epoch 1679 - Val R²: 0.7049 | Reg Val Loss: 0.2894
[Stage1] New best (epoch 1679) Val Loss: 0.2894 — saved: checkpoints\nnknn_regression_best_califonia_housing_softmax_fold_1_retr.pth
[Stage1] Epoch 1680 - Val R²: 0.7048 | Reg Val Loss: 0.2895
[Stage1] No improv. Best so far: 0.2894 (epoch 1679)
[Stage1] Epoch 1681 - Val R²: 0.7048 | Reg Val Loss: 0.2895
[Stage1] No improv. Best so far: 0.2894 (epoch 1679)
[Stage1] Epoch 1682 - Val R²: 0.7049 | Reg Val Loss: 0.2894
[Stage1] New best (epoch 1682) Val Loss: 0.2894 — saved: checkpoints\nnknn_regression_best_califonia_housing_softmax_fold_1_retr.pth
[Stage1] Epoch 1683 - Val R²: 0.7050 | Reg Val Loss: 0.2894
[Stage1] New best (epoch 1683) Val Loss: 0.2894 — saved: checkpoints\nnknn_regression_best_califonia_housing_softmax_fold_1_retr.pth
[Stage1] Epoch 1684 - Val R²: 0.7050 | Reg Val Loss: 0.2893
[Stage1] New best (epoch 1684) Val Loss: 0.2893 — saved: checkpoints\nnknn_regression_best_califonia_housing_softmax_fold_1_retr.pth
[Stage1] Epoch 1685 - Val R²: 0.7050 | Reg Val Loss: 0.2893
[Stage1] No improv. Best so far: 0.2893 (epoch 1684)
[Stage1] Epoch 1686 - Val R²: 0.7049 | Reg Val Loss: 0.2894
[Stage1] No improv. Best so far: 0.2893 (epoch 1684)
[Stage1] Epoch 1687 - Val R²: 0.7050 | Reg Val Loss: 0.2893
[Stage1] New best (epoch 1687) Val Loss: 0.2893 — saved: checkpoints\nnknn_regression_best_califonia_housing_softmax_fold_1_retr.pth
[Stage1] Epoch 1688 - Val R²: 0.7050 | Reg Val Loss: 0.2893
[Stage1] New best (epoch 1688) Val Loss: 0.2893 — saved: checkpoints\nnknn_regression_best_califonia_housing_softmax_fold_1_retr.pth
[Stage1] Epoch 1689 - Val R²: 0.7050 | Reg Val Loss: 0.2893
[Stage1] No improv. Best so far: 0.2893 (epoch 1688)
[Stage1] Epoch 1690 - Val R²: 0.7051 | Reg Val Loss: 0.2892
[Stage1] New best (epoch 1690) Val Loss: 0.2892 — saved: checkpoints\nnknn_regression_best_califonia_housing_softmax_fold_1_retr.pth
[Stage1] Epoch 1691 - Val R²: 0.7051 | Reg Val Loss: 0.2892
[Stage1] New best (epoch 1691) Val Loss: 0.2892 — saved: checkpoints\nnknn_regression_best_califonia_housing_softmax_fold_1_retr.pth
[Stage1] Epoch 1692 - Val R²: 0.7051 | Reg Val Loss: 0.2892
[Stage1] New best (epoch 1692) Val Loss: 0.2892 — saved: checkpoints\nnknn_regression_best_califonia_housing_softmax_fold_1_retr.pth
[Stage1] Epoch 1693 - Val R²: 0.7051 | Reg Val Loss: 0.2892
[Stage1] No improv. Best so far: 0.2892 (epoch 1692)
[Stage1] Epoch 1694 - Val R²: 0.7051 | Reg Val Loss: 0.2893
[Stage1] No improv. Best so far: 0.2892 (epoch 1692)
[Stage1] Epoch 1695 - Val R²: 0.7051 | Reg Val Loss: 0.2892
[Stage1] No improv. Best so far: 0.2892 (epoch 1692)
[Stage1] Epoch 1696 - Val R²: 0.7052 | Reg Val Loss: 0.2892
[Stage1] New best (epoch 1696) Val Loss: 0.2892 — saved: checkpoints\nnknn_regression_best_califonia_housing_softmax_fold_1_retr.pth
[Stage1] Epoch 1697 - Val R²: 0.7052 | Reg Val Loss: 0.2892
[Stage1] No improv. Best so far: 0.2892 (epoch 1696)
[Stage1] Epoch 1698 - Val R²: 0.7052 | Reg Val Loss: 0.2891
[Stage1] New best (epoch 1698) Val Loss: 0.2891 — saved: checkpoints\nnknn_regression_best_califonia_housing_softmax_fold_1_retr.pth
[Stage1] Epoch 1699 - Val R²: 0.7052 | Reg Val Loss: 0.2891
[Stage1] No improv. Best so far: 0.2891 (epoch 1698)
[Stage1] Epoch 1700 - Val R²: 0.7053 | Reg Val Loss: 0.2891
[Stage1] New best (epoch 1700) Val Loss: 0.2891 — saved: checkpoints\nnknn_regression_best_califonia_housing_softmax_fold_1_retr.pth
[Stage1] Epoch 1701 - Val R²: 0.7053 | Reg Val Loss: 0.2890
[Stage1] New best (epoch 1701) Val Loss: 0.2890 — saved: checkpoints\nnknn_regression_best_califonia_housing_softmax_fold_1_retr.pth
[Stage1] Epoch 1702 - Val R²: 0.7052 | Reg Val Loss: 0.2891
[Stage1] No improv. Best so far: 0.2890 (epoch 1701)
[Stage1] Epoch 1703 - Val R²: 0.7053 | Reg Val Loss: 0.2890
[Stage1] New best (epoch 1703) Val Loss: 0.2890 — saved: checkpoints\nnknn_regression_best_califonia_housing_softmax_fold_1_retr.pth
[Stage1] Epoch 1704 - Val R²: 0.7054 | Reg Val Loss: 0.2890
[Stage1] New best (epoch 1704) Val Loss: 0.2890 — saved: checkpoints\nnknn_regression_best_califonia_housing_softmax_fold_1_retr.pth
[Stage1] Epoch 1705 - Val R²: 0.7053 | Reg Val Loss: 0.2890
[Stage1] No improv. Best so far: 0.2890 (epoch 1704)
[Stage1] Epoch 1706 - Val R²: 0.7054 | Reg Val Loss: 0.2890
[Stage1] New best (epoch 1706) Val Loss: 0.2890 — saved: checkpoints\nnknn_regression_best_califonia_housing_softmax_fold_1_retr.pth
[Stage1] Epoch 1707 - Val R²: 0.7054 | Reg Val Loss: 0.2890
[Stage1] No improv. Best so far: 0.2890 (epoch 1706)
[Stage1] Epoch 1708 - Val R²: 0.7054 | Reg Val Loss: 0.2889
[Stage1] New best (epoch 1708) Val Loss: 0.2889 — saved: checkpoints\nnknn_regression_best_califonia_housing_softmax_fold_1_retr.pth
[Stage1] Epoch 1709 - Val R²: 0.7054 | Reg Val Loss: 0.2889
[Stage1] No improv. Best so far: 0.2889 (epoch 1708)
[Stage1] Epoch 1710 - Val R²: 0.7055 | Reg Val Loss: 0.2889
[Stage1] New best (epoch 1710) Val Loss: 0.2889 — saved: checkpoints\nnknn_regression_best_califonia_housing_softmax_fold_1_retr.pth
[Stage1] Epoch 1711 - Val R²: 0.7054 | Reg Val Loss: 0.2889
[Stage1] No improv. Best so far: 0.2889 (epoch 1710)
[Stage1] Epoch 1712 - Val R²: 0.7054 | Reg Val Loss: 0.2889
[Stage1] No improv. Best so far: 0.2889 (epoch 1710)
[Stage1] Epoch 1713 - Val R²: 0.7055 | Reg Val Loss: 0.2889
[Stage1] New best (epoch 1713) Val Loss: 0.2889 — saved: checkpoints\nnknn_regression_best_califonia_housing_softmax_fold_1_retr.pth
[Stage1] Epoch 1714 - Val R²: 0.7054 | Reg Val Loss: 0.2889
[Stage1] No improv. Best so far: 0.2889 (epoch 1713)
[Stage1] Epoch 1715 - Val R²: 0.7055 | Reg Val Loss: 0.2888
[Stage1] New best (epoch 1715) Val Loss: 0.2888 — saved: checkpoints\nnknn_regression_best_califonia_housing_softmax_fold_1_retr.pth
[Stage1] Epoch 1716 - Val R²: 0.7056 | Reg Val Loss: 0.2887
[Stage1] New best (epoch 1716) Val Loss: 0.2887 — saved: checkpoints\nnknn_regression_best_califonia_housing_softmax_fold_1_retr.pth
[Stage1] Epoch 1717 - Val R²: 0.7056 | Reg Val Loss: 0.2888
[Stage1] No improv. Best so far: 0.2887 (epoch 1716)
[Stage1] Epoch 1718 - Val R²: 0.7054 | Reg Val Loss: 0.2889
[Stage1] No improv. Best so far: 0.2887 (epoch 1716)
[Stage1] Epoch 1719 - Val R²: 0.7056 | Reg Val Loss: 0.2888
[Stage1] No improv. Best so far: 0.2887 (epoch 1716)
[Stage1] Epoch 1720 - Val R²: 0.7057 | Reg Val Loss: 0.2887
[Stage1] New best (epoch 1720) Val Loss: 0.2887 — saved: checkpoints\nnknn_regression_best_califonia_housing_softmax_fold_1_retr.pth
[Stage1] Epoch 1721 - Val R²: 0.7057 | Reg Val Loss: 0.2887
[Stage1] No improv. Best so far: 0.2887 (epoch 1720)
[Stage1] Epoch 1722 - Val R²: 0.7057 | Reg Val Loss: 0.2887
[Stage1] New best (epoch 1722) Val Loss: 0.2887 — saved: checkpoints\nnknn_regression_best_califonia_housing_softmax_fold_1_retr.pth
[Stage1] Epoch 1723 - Val R²: 0.7057 | Reg Val Loss: 0.2887
[Stage1] No improv. Best so far: 0.2887 (epoch 1722)
[Stage1] Epoch 1724 - Val R²: 0.7057 | Reg Val Loss: 0.2887
[Stage1] No improv. Best so far: 0.2887 (epoch 1722)
[Stage1] Epoch 1725 - Val R²: 0.7058 | Reg Val Loss: 0.2886
[Stage1] New best (epoch 1725) Val Loss: 0.2886 — saved: checkpoints\nnknn_regression_best_califonia_housing_softmax_fold_1_retr.pth
[Stage1] Epoch 1726 - Val R²: 0.7057 | Reg Val Loss: 0.2886
[Stage1] No improv. Best so far: 0.2886 (epoch 1725)
[Stage1] Epoch 1727 - Val R²: 0.7058 | Reg Val Loss: 0.2885
[Stage1] New best (epoch 1727) Val Loss: 0.2885 — saved: checkpoints\nnknn_regression_best_califonia_housing_softmax_fold_1_retr.pth
[Stage1] Epoch 1728 - Val R²: 0.7057 | Reg Val Loss: 0.2886
[Stage1] No improv. Best so far: 0.2885 (epoch 1727)
[Stage1] Epoch 1729 - Val R²: 0.7056 | Reg Val Loss: 0.2887
[Stage1] No improv. Best so far: 0.2885 (epoch 1727)
[Stage1] Epoch 1730 - Val R²: 0.7058 | Reg Val Loss: 0.2885
[Stage1] New best (epoch 1730) Val Loss: 0.2885 — saved: checkpoints\nnknn_regression_best_califonia_housing_softmax_fold_1_retr.pth
[Stage1] Epoch 1731 - Val R²: 0.7058 | Reg Val Loss: 0.2885
[Stage1] No improv. Best so far: 0.2885 (epoch 1730)
[Stage1] Epoch 1732 - Val R²: 0.7059 | Reg Val Loss: 0.2885
[Stage1] New best (epoch 1732) Val Loss: 0.2885 — saved: checkpoints\nnknn_regression_best_califonia_housing_softmax_fold_1_retr.pth
[Stage1] Epoch 1733 - Val R²: 0.7058 | Reg Val Loss: 0.2885
[Stage1] No improv. Best so far: 0.2885 (epoch 1732)
[Stage1] Epoch 1734 - Val R²: 0.7059 | Reg Val Loss: 0.2885
[Stage1] New best (epoch 1734) Val Loss: 0.2885 — saved: checkpoints\nnknn_regression_best_califonia_housing_softmax_fold_1_retr.pth
[Stage1] Epoch 1735 - Val R²: 0.7059 | Reg Val Loss: 0.2884
[Stage1] New best (epoch 1735) Val Loss: 0.2884 — saved: checkpoints\nnknn_regression_best_califonia_housing_softmax_fold_1_retr.pth
[Stage1] Epoch 1736 - Val R²: 0.7059 | Reg Val Loss: 0.2884
[Stage1] No improv. Best so far: 0.2884 (epoch 1735)
[Stage1] Epoch 1737 - Val R²: 0.7059 | Reg Val Loss: 0.2884
[Stage1] New best (epoch 1737) Val Loss: 0.2884 — saved: checkpoints\nnknn_regression_best_califonia_housing_softmax_fold_1_retr.pth
[Stage1] Epoch 1738 - Val R²: 0.7059 | Reg Val Loss: 0.2885
[Stage1] No improv. Best so far: 0.2884 (epoch 1737)
[Stage1] Epoch 1739 - Val R²: 0.7060 | Reg Val Loss: 0.2884
[Stage1] New best (epoch 1739) Val Loss: 0.2884 — saved: checkpoints\nnknn_regression_best_califonia_housing_softmax_fold_1_retr.pth
[Stage1] Epoch 1740 - Val R²: 0.7060 | Reg Val Loss: 0.2884
[Stage1] New best (epoch 1740) Val Loss: 0.2884 — saved: checkpoints\nnknn_regression_best_califonia_housing_softmax_fold_1_retr.pth
[Stage1] Epoch 1741 - Val R²: 0.7060 | Reg Val Loss: 0.2883
[Stage1] New best (epoch 1741) Val Loss: 0.2883 — saved: checkpoints\nnknn_regression_best_califonia_housing_softmax_fold_1_retr.pth
[Stage1] Epoch 1742 - Val R²: 0.7061 | Reg Val Loss: 0.2883
[Stage1] New best (epoch 1742) Val Loss: 0.2883 — saved: checkpoints\nnknn_regression_best_califonia_housing_softmax_fold_1_retr.pth
[Stage1] Epoch 1743 - Val R²: 0.7061 | Reg Val Loss: 0.2882
[Stage1] New best (epoch 1743) Val Loss: 0.2882 — saved: checkpoints\nnknn_regression_best_califonia_housing_softmax_fold_1_retr.pth
[Stage1] Epoch 1744 - Val R²: 0.7061 | Reg Val Loss: 0.2883
[Stage1] No improv. Best so far: 0.2882 (epoch 1743)
[Stage1] Epoch 1745 - Val R²: 0.7061 | Reg Val Loss: 0.2883
[Stage1] No improv. Best so far: 0.2882 (epoch 1743)
[Stage1] Epoch 1746 - Val R²: 0.7060 | Reg Val Loss: 0.2883
[Stage1] No improv. Best so far: 0.2882 (epoch 1743)
[Stage1] Epoch 1747 - Val R²: 0.7060 | Reg Val Loss: 0.2883
[Stage1] No improv. Best so far: 0.2882 (epoch 1743)
[Stage1] Epoch 1748 - Val R²: 0.7061 | Reg Val Loss: 0.2883
[Stage1] No improv. Best so far: 0.2882 (epoch 1743)
[Stage1] Epoch 1749 - Val R²: 0.7060 | Reg Val Loss: 0.2883
[Stage1] No improv. Best so far: 0.2882 (epoch 1743)
[Stage1] Epoch 1750 - Val R²: 0.7061 | Reg Val Loss: 0.2883
[Stage1] No improv. Best so far: 0.2882 (epoch 1743)
[Stage1] Epoch 1751 - Val R²: 0.7062 | Reg Val Loss: 0.2882
[Stage1] New best (epoch 1751) Val Loss: 0.2882 — saved: checkpoints\nnknn_regression_best_califonia_housing_softmax_fold_1_retr.pth
[Stage1] Epoch 1752 - Val R²: 0.7061 | Reg Val Loss: 0.2883
[Stage1] No improv. Best so far: 0.2882 (epoch 1751)
[Stage1] Epoch 1753 - Val R²: 0.7061 | Reg Val Loss: 0.2882
[Stage1] No improv. Best so far: 0.2882 (epoch 1751)
[Stage1] Epoch 1754 - Val R²: 0.7061 | Reg Val Loss: 0.2882
[Stage1] No improv. Best so far: 0.2882 (epoch 1751)
[Stage1] Epoch 1755 - Val R²: 0.7061 | Reg Val Loss: 0.2882
[Stage1] No improv. Best so far: 0.2882 (epoch 1751)
[Stage1] Epoch 1756 - Val R²: 0.7062 | Reg Val Loss: 0.2881
[Stage1] New best (epoch 1756) Val Loss: 0.2881 — saved: checkpoints\nnknn_regression_best_califonia_housing_softmax_fold_1_retr.pth
[Stage1] Epoch 1757 - Val R²: 0.7063 | Reg Val Loss: 0.2881
[Stage1] New best (epoch 1757) Val Loss: 0.2881 — saved: checkpoints\nnknn_regression_best_califonia_housing_softmax_fold_1_retr.pth
[Stage1] Epoch 1758 - Val R²: 0.7063 | Reg Val Loss: 0.2881
[Stage1] No improv. Best so far: 0.2881 (epoch 1757)
[Stage1] Epoch 1759 - Val R²: 0.7062 | Reg Val Loss: 0.2881
[Stage1] No improv. Best so far: 0.2881 (epoch 1757)
[Stage1] Epoch 1760 - Val R²: 0.7062 | Reg Val Loss: 0.2881
[Stage1] No improv. Best so far: 0.2881 (epoch 1757)
[Stage1] Epoch 1761 - Val R²: 0.7063 | Reg Val Loss: 0.2880
[Stage1] New best (epoch 1761) Val Loss: 0.2880 — saved: checkpoints\nnknn_regression_best_califonia_housing_softmax_fold_1_retr.pth
[Stage1] Epoch 1762 - Val R²: 0.7062 | Reg Val Loss: 0.2882
[Stage1] No improv. Best so far: 0.2880 (epoch 1761)
[Stage1] Epoch 1763 - Val R²: 0.7064 | Reg Val Loss: 0.2880
[Stage1] New best (epoch 1763) Val Loss: 0.2880 — saved: checkpoints\nnknn_regression_best_califonia_housing_softmax_fold_1_retr.pth
[Stage1] Epoch 1764 - Val R²: 0.7064 | Reg Val Loss: 0.2880
[Stage1] No improv. Best so far: 0.2880 (epoch 1763)
[Stage1] Epoch 1765 - Val R²: 0.7064 | Reg Val Loss: 0.2880
[Stage1] New best (epoch 1765) Val Loss: 0.2880 — saved: checkpoints\nnknn_regression_best_califonia_housing_softmax_fold_1_retr.pth
[Stage1] Epoch 1766 - Val R²: 0.7063 | Reg Val Loss: 0.2880
[Stage1] No improv. Best so far: 0.2880 (epoch 1765)
[Stage1] Epoch 1767 - Val R²: 0.7064 | Reg Val Loss: 0.2879
[Stage1] New best (epoch 1767) Val Loss: 0.2879 — saved: checkpoints\nnknn_regression_best_califonia_housing_softmax_fold_1_retr.pth
[Stage1] Epoch 1768 - Val R²: 0.7064 | Reg Val Loss: 0.2879
[Stage1] No improv. Best so far: 0.2879 (epoch 1767)
[Stage1] Epoch 1769 - Val R²: 0.7064 | Reg Val Loss: 0.2879
[Stage1] No improv. Best so far: 0.2879 (epoch 1767)
[Stage1] Epoch 1770 - Val R²: 0.7064 | Reg Val Loss: 0.2879
[Stage1] New best (epoch 1770) Val Loss: 0.2879 — saved: checkpoints\nnknn_regression_best_califonia_housing_softmax_fold_1_retr.pth
[Stage1] Epoch 1771 - Val R²: 0.7064 | Reg Val Loss: 0.2879
[Stage1] New best (epoch 1771) Val Loss: 0.2879 — saved: checkpoints\nnknn_regression_best_califonia_housing_softmax_fold_1_retr.pth
[Stage1] Epoch 1772 - Val R²: 0.7064 | Reg Val Loss: 0.2880
[Stage1] No improv. Best so far: 0.2879 (epoch 1771)
[Stage1] Epoch 1773 - Val R²: 0.7065 | Reg Val Loss: 0.2879
[Stage1] New best (epoch 1773) Val Loss: 0.2879 — saved: checkpoints\nnknn_regression_best_califonia_housing_softmax_fold_1_retr.pth
[Stage1] Epoch 1774 - Val R²: 0.7064 | Reg Val Loss: 0.2880
[Stage1] No improv. Best so far: 0.2879 (epoch 1773)
[Stage1] Epoch 1775 - Val R²: 0.7064 | Reg Val Loss: 0.2879
[Stage1] No improv. Best so far: 0.2879 (epoch 1773)
[Stage1] Epoch 1776 - Val R²: 0.7065 | Reg Val Loss: 0.2878
[Stage1] New best (epoch 1776) Val Loss: 0.2878 — saved: checkpoints\nnknn_regression_best_califonia_housing_softmax_fold_1_retr.pth
[Stage1] Epoch 1777 - Val R²: 0.7065 | Reg Val Loss: 0.2879
[Stage1] No improv. Best so far: 0.2878 (epoch 1776)
[Stage1] Epoch 1778 - Val R²: 0.7065 | Reg Val Loss: 0.2879
[Stage1] No improv. Best so far: 0.2878 (epoch 1776)
[Stage1] Epoch 1779 - Val R²: 0.7066 | Reg Val Loss: 0.2877
[Stage1] New best (epoch 1779) Val Loss: 0.2877 — saved: checkpoints\nnknn_regression_best_califonia_housing_softmax_fold_1_retr.pth
[Stage1] Epoch 1780 - Val R²: 0.7066 | Reg Val Loss: 0.2877
[Stage1] New best (epoch 1780) Val Loss: 0.2877 — saved: checkpoints\nnknn_regression_best_califonia_housing_softmax_fold_1_retr.pth
[Stage1] Epoch 1781 - Val R²: 0.7067 | Reg Val Loss: 0.2877
[Stage1] New best (epoch 1781) Val Loss: 0.2877 — saved: checkpoints\nnknn_regression_best_califonia_housing_softmax_fold_1_retr.pth
[Stage1] Epoch 1782 - Val R²: 0.7066 | Reg Val Loss: 0.2877
[Stage1] No improv. Best so far: 0.2877 (epoch 1781)
[Stage1] Epoch 1783 - Val R²: 0.7066 | Reg Val Loss: 0.2878
[Stage1] No improv. Best so far: 0.2877 (epoch 1781)
[Stage1] Epoch 1784 - Val R²: 0.7066 | Reg Val Loss: 0.2877
[Stage1] No improv. Best so far: 0.2877 (epoch 1781)
[Stage1] Epoch 1785 - Val R²: 0.7067 | Reg Val Loss: 0.2877
[Stage1] New best (epoch 1785) Val Loss: 0.2877 — saved: checkpoints\nnknn_regression_best_califonia_housing_softmax_fold_1_retr.pth
[Stage1] Epoch 1786 - Val R²: 0.7067 | Reg Val Loss: 0.2877
[Stage1] No improv. Best so far: 0.2877 (epoch 1785)
[Stage1] Epoch 1787 - Val R²: 0.7068 | Reg Val Loss: 0.2876
[Stage1] New best (epoch 1787) Val Loss: 0.2876 — saved: checkpoints\nnknn_regression_best_califonia_housing_softmax_fold_1_retr.pth
[Stage1] Epoch 1788 - Val R²: 0.7068 | Reg Val Loss: 0.2876
[Stage1] No improv. Best so far: 0.2876 (epoch 1787)
[Stage1] Epoch 1789 - Val R²: 0.7067 | Reg Val Loss: 0.2877
[Stage1] No improv. Best so far: 0.2876 (epoch 1787)
[Stage1] Epoch 1790 - Val R²: 0.7068 | Reg Val Loss: 0.2876
[Stage1] New best (epoch 1790) Val Loss: 0.2876 — saved: checkpoints\nnknn_regression_best_califonia_housing_softmax_fold_1_retr.pth
[Stage1] Epoch 1791 - Val R²: 0.7068 | Reg Val Loss: 0.2876
[Stage1] No improv. Best so far: 0.2876 (epoch 1790)
[Stage1] Epoch 1792 - Val R²: 0.7068 | Reg Val Loss: 0.2875
[Stage1] New best (epoch 1792) Val Loss: 0.2875 — saved: checkpoints\nnknn_regression_best_califonia_housing_softmax_fold_1_retr.pth
[Stage1] Epoch 1793 - Val R²: 0.7069 | Reg Val Loss: 0.2875
[Stage1] New best (epoch 1793) Val Loss: 0.2875 — saved: checkpoints\nnknn_regression_best_califonia_housing_softmax_fold_1_retr.pth
[Stage1] Epoch 1794 - Val R²: 0.7068 | Reg Val Loss: 0.2876
[Stage1] No improv. Best so far: 0.2875 (epoch 1793)
[Stage1] Epoch 1795 - Val R²: 0.7069 | Reg Val Loss: 0.2875
[Stage1] New best (epoch 1795) Val Loss: 0.2875 — saved: checkpoints\nnknn_regression_best_califonia_housing_softmax_fold_1_retr.pth
[Stage1] Epoch 1796 - Val R²: 0.7068 | Reg Val Loss: 0.2875
[Stage1] No improv. Best so far: 0.2875 (epoch 1795)
[Stage1] Epoch 1797 - Val R²: 0.7069 | Reg Val Loss: 0.2874
[Stage1] New best (epoch 1797) Val Loss: 0.2874 — saved: checkpoints\nnknn_regression_best_califonia_housing_softmax_fold_1_retr.pth
[Stage1] Epoch 1798 - Val R²: 0.7069 | Reg Val Loss: 0.2875
[Stage1] No improv. Best so far: 0.2874 (epoch 1797)
[Stage1] Epoch 1799 - Val R²: 0.7067 | Reg Val Loss: 0.2876
[Stage1] No improv. Best so far: 0.2874 (epoch 1797)
[Stage1] Epoch 1800 - Val R²: 0.7069 | Reg Val Loss: 0.2874
[Stage1] New best (epoch 1800) Val Loss: 0.2874 — saved: checkpoints\nnknn_regression_best_califonia_housing_softmax_fold_1_retr.pth
[Stage1] Epoch 1801 - Val R²: 0.7070 | Reg Val Loss: 0.2874
[Stage1] New best (epoch 1801) Val Loss: 0.2874 — saved: checkpoints\nnknn_regression_best_califonia_housing_softmax_fold_1_retr.pth
[Stage1] Epoch 1802 - Val R²: 0.7070 | Reg Val Loss: 0.2874
[Stage1] New best (epoch 1802) Val Loss: 0.2874 — saved: checkpoints\nnknn_regression_best_califonia_housing_softmax_fold_1_retr.pth
[Stage1] Epoch 1803 - Val R²: 0.7069 | Reg Val Loss: 0.2874
[Stage1] No improv. Best so far: 0.2874 (epoch 1802)
[Stage1] Epoch 1804 - Val R²: 0.7070 | Reg Val Loss: 0.2873
[Stage1] New best (epoch 1804) Val Loss: 0.2873 — saved: checkpoints\nnknn_regression_best_califonia_housing_softmax_fold_1_retr.pth
[Stage1] Epoch 1805 - Val R²: 0.7069 | Reg Val Loss: 0.2874
[Stage1] No improv. Best so far: 0.2873 (epoch 1804)
[Stage1] Epoch 1806 - Val R²: 0.7071 | Reg Val Loss: 0.2873
[Stage1] New best (epoch 1806) Val Loss: 0.2873 — saved: checkpoints\nnknn_regression_best_califonia_housing_softmax_fold_1_retr.pth
[Stage1] Epoch 1807 - Val R²: 0.7070 | Reg Val Loss: 0.2874
[Stage1] No improv. Best so far: 0.2873 (epoch 1806)
[Stage1] Epoch 1808 - Val R²: 0.7070 | Reg Val Loss: 0.2874
[Stage1] No improv. Best so far: 0.2873 (epoch 1806)
[Stage1] Epoch 1809 - Val R²: 0.7071 | Reg Val Loss: 0.2873
[Stage1] New best (epoch 1809) Val Loss: 0.2873 — saved: checkpoints\nnknn_regression_best_califonia_housing_softmax_fold_1_retr.pth
[Stage1] Epoch 1810 - Val R²: 0.7071 | Reg Val Loss: 0.2873
[Stage1] New best (epoch 1810) Val Loss: 0.2873 — saved: checkpoints\nnknn_regression_best_califonia_housing_softmax_fold_1_retr.pth
[Stage1] Epoch 1811 - Val R²: 0.7071 | Reg Val Loss: 0.2873
[Stage1] New best (epoch 1811) Val Loss: 0.2873 — saved: checkpoints\nnknn_regression_best_califonia_housing_softmax_fold_1_retr.pth
[Stage1] Epoch 1812 - Val R²: 0.7072 | Reg Val Loss: 0.2872
[Stage1] New best (epoch 1812) Val Loss: 0.2872 — saved: checkpoints\nnknn_regression_best_califonia_housing_softmax_fold_1_retr.pth
[Stage1] Epoch 1813 - Val R²: 0.7072 | Reg Val Loss: 0.2872
[Stage1] New best (epoch 1813) Val Loss: 0.2872 — saved: checkpoints\nnknn_regression_best_califonia_housing_softmax_fold_1_retr.pth
[Stage1] Epoch 1814 - Val R²: 0.7071 | Reg Val Loss: 0.2872
[Stage1] No improv. Best so far: 0.2872 (epoch 1813)
[Stage1] Epoch 1815 - Val R²: 0.7072 | Reg Val Loss: 0.2872
[Stage1] New best (epoch 1815) Val Loss: 0.2872 — saved: checkpoints\nnknn_regression_best_califonia_housing_softmax_fold_1_retr.pth
[Stage1] Epoch 1816 - Val R²: 0.7072 | Reg Val Loss: 0.2872
[Stage1] No improv. Best so far: 0.2872 (epoch 1815)
[Stage1] Epoch 1817 - Val R²: 0.7072 | Reg Val Loss: 0.2871
[Stage1] New best (epoch 1817) Val Loss: 0.2871 — saved: checkpoints\nnknn_regression_best_califonia_housing_softmax_fold_1_retr.pth
[Stage1] Epoch 1818 - Val R²: 0.7073 | Reg Val Loss: 0.2871
[Stage1] New best (epoch 1818) Val Loss: 0.2871 — saved: checkpoints\nnknn_regression_best_califonia_housing_softmax_fold_1_retr.pth
[Stage1] Epoch 1819 - Val R²: 0.7072 | Reg Val Loss: 0.2872
[Stage1] No improv. Best so far: 0.2871 (epoch 1818)
[Stage1] Epoch 1820 - Val R²: 0.7073 | Reg Val Loss: 0.2871
[Stage1] New best (epoch 1820) Val Loss: 0.2871 — saved: checkpoints\nnknn_regression_best_califonia_housing_softmax_fold_1_retr.pth
[Stage1] Epoch 1821 - Val R²: 0.7073 | Reg Val Loss: 0.2871
[Stage1] No improv. Best so far: 0.2871 (epoch 1820)
[Stage1] Epoch 1822 - Val R²: 0.7073 | Reg Val Loss: 0.2871
[Stage1] No improv. Best so far: 0.2871 (epoch 1820)
[Stage1] Epoch 1823 - Val R²: 0.7073 | Reg Val Loss: 0.2871
[Stage1] New best (epoch 1823) Val Loss: 0.2871 — saved: checkpoints\nnknn_regression_best_califonia_housing_softmax_fold_1_retr.pth
[Stage1] Epoch 1824 - Val R²: 0.7072 | Reg Val Loss: 0.2871
[Stage1] No improv. Best so far: 0.2871 (epoch 1823)
[Stage1] Epoch 1825 - Val R²: 0.7073 | Reg Val Loss: 0.2871
[Stage1] No improv. Best so far: 0.2871 (epoch 1823)
[Stage1] Epoch 1826 - Val R²: 0.7073 | Reg Val Loss: 0.2870
[Stage1] New best (epoch 1826) Val Loss: 0.2870 — saved: checkpoints\nnknn_regression_best_califonia_housing_softmax_fold_1_retr.pth
[Stage1] Epoch 1827 - Val R²: 0.7073 | Reg Val Loss: 0.2871
[Stage1] No improv. Best so far: 0.2870 (epoch 1826)
[Stage1] Epoch 1828 - Val R²: 0.7073 | Reg Val Loss: 0.2870
[Stage1] New best (epoch 1828) Val Loss: 0.2870 — saved: checkpoints\nnknn_regression_best_califonia_housing_softmax_fold_1_retr.pth
[Stage1] Epoch 1829 - Val R²: 0.7074 | Reg Val Loss: 0.2870
[Stage1] New best (epoch 1829) Val Loss: 0.2870 — saved: checkpoints\nnknn_regression_best_califonia_housing_softmax_fold_1_retr.pth
[Stage1] Epoch 1830 - Val R²: 0.7074 | Reg Val Loss: 0.2869
[Stage1] New best (epoch 1830) Val Loss: 0.2869 — saved: checkpoints\nnknn_regression_best_califonia_housing_softmax_fold_1_retr.pth
[Stage1] Epoch 1831 - Val R²: 0.7075 | Reg Val Loss: 0.2869
[Stage1] New best (epoch 1831) Val Loss: 0.2869 — saved: checkpoints\nnknn_regression_best_califonia_housing_softmax_fold_1_retr.pth
[Stage1] Epoch 1832 - Val R²: 0.7075 | Reg Val Loss: 0.2869
[Stage1] New best (epoch 1832) Val Loss: 0.2869 — saved: checkpoints\nnknn_regression_best_califonia_housing_softmax_fold_1_retr.pth
[Stage1] Epoch 1833 - Val R²: 0.7075 | Reg Val Loss: 0.2869
[Stage1] New best (epoch 1833) Val Loss: 0.2869 — saved: checkpoints\nnknn_regression_best_califonia_housing_softmax_fold_1_retr.pth
[Stage1] Epoch 1834 - Val R²: 0.7074 | Reg Val Loss: 0.2869
[Stage1] No improv. Best so far: 0.2869 (epoch 1833)
[Stage1] Epoch 1835 - Val R²: 0.7074 | Reg Val Loss: 0.2870
[Stage1] No improv. Best so far: 0.2869 (epoch 1833)
[Stage1] Epoch 1836 - Val R²: 0.7075 | Reg Val Loss: 0.2869
[Stage1] No improv. Best so far: 0.2869 (epoch 1833)
[Stage1] Epoch 1837 - Val R²: 0.7075 | Reg Val Loss: 0.2868
[Stage1] New best (epoch 1837) Val Loss: 0.2868 — saved: checkpoints\nnknn_regression_best_califonia_housing_softmax_fold_1_retr.pth
[Stage1] Epoch 1838 - Val R²: 0.7075 | Reg Val Loss: 0.2868
[Stage1] No improv. Best so far: 0.2868 (epoch 1837)
[Stage1] Epoch 1839 - Val R²: 0.7075 | Reg Val Loss: 0.2868
[Stage1] No improv. Best so far: 0.2868 (epoch 1837)
[Stage1] Epoch 1840 - Val R²: 0.7076 | Reg Val Loss: 0.2868
[Stage1] New best (epoch 1840) Val Loss: 0.2868 — saved: checkpoints\nnknn_regression_best_califonia_housing_softmax_fold_1_retr.pth
[Stage1] Epoch 1841 - Val R²: 0.7076 | Reg Val Loss: 0.2868
[Stage1] New best (epoch 1841) Val Loss: 0.2868 — saved: checkpoints\nnknn_regression_best_califonia_housing_softmax_fold_1_retr.pth
[Stage1] Epoch 1842 - Val R²: 0.7076 | Reg Val Loss: 0.2867
[Stage1] New best (epoch 1842) Val Loss: 0.2867 — saved: checkpoints\nnknn_regression_best_califonia_housing_softmax_fold_1_retr.pth
[Stage1] Epoch 1843 - Val R²: 0.7076 | Reg Val Loss: 0.2868
[Stage1] No improv. Best so far: 0.2867 (epoch 1842)
[Stage1] Epoch 1844 - Val R²: 0.7076 | Reg Val Loss: 0.2868
[Stage1] No improv. Best so far: 0.2867 (epoch 1842)
[Stage1] Epoch 1845 - Val R²: 0.7077 | Reg Val Loss: 0.2867
[Stage1] New best (epoch 1845) Val Loss: 0.2867 — saved: checkpoints\nnknn_regression_best_califonia_housing_softmax_fold_1_retr.pth
[Stage1] Epoch 1846 - Val R²: 0.7076 | Reg Val Loss: 0.2867
[Stage1] No improv. Best so far: 0.2867 (epoch 1845)
[Stage1] Epoch 1847 - Val R²: 0.7077 | Reg Val Loss: 0.2867
[Stage1] New best (epoch 1847) Val Loss: 0.2867 — saved: checkpoints\nnknn_regression_best_califonia_housing_softmax_fold_1_retr.pth
[Stage1] Epoch 1848 - Val R²: 0.7077 | Reg Val Loss: 0.2867
[Stage1] No improv. Best so far: 0.2867 (epoch 1847)
[Stage1] Epoch 1849 - Val R²: 0.7077 | Reg Val Loss: 0.2867
[Stage1] No improv. Best so far: 0.2867 (epoch 1847)
[Stage1] Epoch 1850 - Val R²: 0.7078 | Reg Val Loss: 0.2866
[Stage1] New best (epoch 1850) Val Loss: 0.2866 — saved: checkpoints\nnknn_regression_best_califonia_housing_softmax_fold_1_retr.pth
[Stage1] Epoch 1851 - Val R²: 0.7078 | Reg Val Loss: 0.2866
[Stage1] New best (epoch 1851) Val Loss: 0.2866 — saved: checkpoints\nnknn_regression_best_califonia_housing_softmax_fold_1_retr.pth
[Stage1] Epoch 1852 - Val R²: 0.7078 | Reg Val Loss: 0.2866
[Stage1] No improv. Best so far: 0.2866 (epoch 1851)
[Stage1] Epoch 1853 - Val R²: 0.7078 | Reg Val Loss: 0.2865
[Stage1] New best (epoch 1853) Val Loss: 0.2865 — saved: checkpoints\nnknn_regression_best_califonia_housing_softmax_fold_1_retr.pth
[Stage1] Epoch 1854 - Val R²: 0.7078 | Reg Val Loss: 0.2866
[Stage1] No improv. Best so far: 0.2865 (epoch 1853)
[Stage1] Epoch 1855 - Val R²: 0.7078 | Reg Val Loss: 0.2866
[Stage1] No improv. Best so far: 0.2865 (epoch 1853)
[Stage1] Epoch 1856 - Val R²: 0.7078 | Reg Val Loss: 0.2865
[Stage1] New best (epoch 1856) Val Loss: 0.2865 — saved: checkpoints\nnknn_regression_best_califonia_housing_softmax_fold_1_retr.pth
[Stage1] Epoch 1857 - Val R²: 0.7079 | Reg Val Loss: 0.2865
[Stage1] New best (epoch 1857) Val Loss: 0.2865 — saved: checkpoints\nnknn_regression_best_califonia_housing_softmax_fold_1_retr.pth
[Stage1] Epoch 1858 - Val R²: 0.7079 | Reg Val Loss: 0.2865
[Stage1] New best (epoch 1858) Val Loss: 0.2865 — saved: checkpoints\nnknn_regression_best_califonia_housing_softmax_fold_1_retr.pth
[Stage1] Epoch 1859 - Val R²: 0.7079 | Reg Val Loss: 0.2865
[Stage1] New best (epoch 1859) Val Loss: 0.2865 — saved: checkpoints\nnknn_regression_best_califonia_housing_softmax_fold_1_retr.pth
[Stage1] Epoch 1860 - Val R²: 0.7079 | Reg Val Loss: 0.2865
[Stage1] No improv. Best so far: 0.2865 (epoch 1859)
[Stage1] Epoch 1861 - Val R²: 0.7079 | Reg Val Loss: 0.2865
[Stage1] New best (epoch 1861) Val Loss: 0.2865 — saved: checkpoints\nnknn_regression_best_califonia_housing_softmax_fold_1_retr.pth
[Stage1] Epoch 1862 - Val R²: 0.7078 | Reg Val Loss: 0.2865
[Stage1] No improv. Best so far: 0.2865 (epoch 1861)
[Stage1] Epoch 1863 - Val R²: 0.7079 | Reg Val Loss: 0.2865
[Stage1] No improv. Best so far: 0.2865 (epoch 1861)
[Stage1] Epoch 1864 - Val R²: 0.7080 | Reg Val Loss: 0.2864
[Stage1] New best (epoch 1864) Val Loss: 0.2864 — saved: checkpoints\nnknn_regression_best_califonia_housing_softmax_fold_1_retr.pth
[Stage1] Epoch 1865 - Val R²: 0.7079 | Reg Val Loss: 0.2865
[Stage1] No improv. Best so far: 0.2864 (epoch 1864)
[Stage1] Epoch 1866 - Val R²: 0.7080 | Reg Val Loss: 0.2864
[Stage1] New best (epoch 1866) Val Loss: 0.2864 — saved: checkpoints\nnknn_regression_best_califonia_housing_softmax_fold_1_retr.pth
[Stage1] Epoch 1867 - Val R²: 0.7080 | Reg Val Loss: 0.2864
[Stage1] New best (epoch 1867) Val Loss: 0.2864 — saved: checkpoints\nnknn_regression_best_califonia_housing_softmax_fold_1_retr.pth
[Stage1] Epoch 1868 - Val R²: 0.7081 | Reg Val Loss: 0.2863
[Stage1] New best (epoch 1868) Val Loss: 0.2863 — saved: checkpoints\nnknn_regression_best_califonia_housing_softmax_fold_1_retr.pth
[Stage1] Epoch 1869 - Val R²: 0.7080 | Reg Val Loss: 0.2864
[Stage1] No improv. Best so far: 0.2863 (epoch 1868)
[Stage1] Epoch 1870 - Val R²: 0.7081 | Reg Val Loss: 0.2863
[Stage1] New best (epoch 1870) Val Loss: 0.2863 — saved: checkpoints\nnknn_regression_best_califonia_housing_softmax_fold_1_retr.pth
[Stage1] Epoch 1871 - Val R²: 0.7080 | Reg Val Loss: 0.2864
[Stage1] No improv. Best so far: 0.2863 (epoch 1870)
[Stage1] Epoch 1872 - Val R²: 0.7080 | Reg Val Loss: 0.2863
[Stage1] No improv. Best so far: 0.2863 (epoch 1870)
[Stage1] Epoch 1873 - Val R²: 0.7081 | Reg Val Loss: 0.2863
[Stage1] New best (epoch 1873) Val Loss: 0.2863 — saved: checkpoints\nnknn_regression_best_califonia_housing_softmax_fold_1_retr.pth
[Stage1] Epoch 1874 - Val R²: 0.7081 | Reg Val Loss: 0.2863
[Stage1] No improv. Best so far: 0.2863 (epoch 1873)
[Stage1] Epoch 1875 - Val R²: 0.7080 | Reg Val Loss: 0.2863
[Stage1] No improv. Best so far: 0.2863 (epoch 1873)
[Stage1] Epoch 1876 - Val R²: 0.7081 | Reg Val Loss: 0.2862
[Stage1] New best (epoch 1876) Val Loss: 0.2862 — saved: checkpoints\nnknn_regression_best_califonia_housing_softmax_fold_1_retr.pth
[Stage1] Epoch 1877 - Val R²: 0.7082 | Reg Val Loss: 0.2862
[Stage1] New best (epoch 1877) Val Loss: 0.2862 — saved: checkpoints\nnknn_regression_best_califonia_housing_softmax_fold_1_retr.pth
[Stage1] Epoch 1878 - Val R²: 0.7082 | Reg Val Loss: 0.2862
[Stage1] No improv. Best so far: 0.2862 (epoch 1877)
[Stage1] Epoch 1879 - Val R²: 0.7082 | Reg Val Loss: 0.2862
[Stage1] New best (epoch 1879) Val Loss: 0.2862 — saved: checkpoints\nnknn_regression_best_califonia_housing_softmax_fold_1_retr.pth
[Stage1] Epoch 1880 - Val R²: 0.7082 | Reg Val Loss: 0.2862
[Stage1] No improv. Best so far: 0.2862 (epoch 1879)
[Stage1] Epoch 1881 - Val R²: 0.7082 | Reg Val Loss: 0.2861
[Stage1] New best (epoch 1881) Val Loss: 0.2861 — saved: checkpoints\nnknn_regression_best_califonia_housing_softmax_fold_1_retr.pth
[Stage1] Epoch 1882 - Val R²: 0.7083 | Reg Val Loss: 0.2861
[Stage1] New best (epoch 1882) Val Loss: 0.2861 — saved: checkpoints\nnknn_regression_best_califonia_housing_softmax_fold_1_retr.pth
[Stage1] Epoch 1883 - Val R²: 0.7082 | Reg Val Loss: 0.2862
[Stage1] No improv. Best so far: 0.2861 (epoch 1882)
[Stage1] Epoch 1884 - Val R²: 0.7079 | Reg Val Loss: 0.2865
[Stage1] No improv. Best so far: 0.2861 (epoch 1882)
[Stage1] Epoch 1885 - Val R²: 0.7082 | Reg Val Loss: 0.2861
[Stage1] No improv. Best so far: 0.2861 (epoch 1882)
[Stage1] Epoch 1886 - Val R²: 0.7082 | Reg Val Loss: 0.2861
[Stage1] No improv. Best so far: 0.2861 (epoch 1882)
[Stage1] Epoch 1887 - Val R²: 0.7083 | Reg Val Loss: 0.2861
[Stage1] New best (epoch 1887) Val Loss: 0.2861 — saved: checkpoints\nnknn_regression_best_califonia_housing_softmax_fold_1_retr.pth
[Stage1] Epoch 1888 - Val R²: 0.7083 | Reg Val Loss: 0.2861
[Stage1] New best (epoch 1888) Val Loss: 0.2861 — saved: checkpoints\nnknn_regression_best_califonia_housing_softmax_fold_1_retr.pth
[Stage1] Epoch 1889 - Val R²: 0.7084 | Reg Val Loss: 0.2860
[Stage1] New best (epoch 1889) Val Loss: 0.2860 — saved: checkpoints\nnknn_regression_best_califonia_housing_softmax_fold_1_retr.pth
[Stage1] Epoch 1890 - Val R²: 0.7083 | Reg Val Loss: 0.2861
[Stage1] No improv. Best so far: 0.2860 (epoch 1889)
[Stage1] Epoch 1891 - Val R²: 0.7084 | Reg Val Loss: 0.2860
[Stage1] New best (epoch 1891) Val Loss: 0.2860 — saved: checkpoints\nnknn_regression_best_califonia_housing_softmax_fold_1_retr.pth
[Stage1] Epoch 1892 - Val R²: 0.7084 | Reg Val Loss: 0.2860
[Stage1] New best (epoch 1892) Val Loss: 0.2860 — saved: checkpoints\nnknn_regression_best_califonia_housing_softmax_fold_1_retr.pth
[Stage1] Epoch 1893 - Val R²: 0.7084 | Reg Val Loss: 0.2860
[Stage1] No improv. Best so far: 0.2860 (epoch 1892)
[Stage1] Epoch 1894 - Val R²: 0.7085 | Reg Val Loss: 0.2859
[Stage1] New best (epoch 1894) Val Loss: 0.2859 — saved: checkpoints\nnknn_regression_best_califonia_housing_softmax_fold_1_retr.pth
[Stage1] Epoch 1895 - Val R²: 0.7084 | Reg Val Loss: 0.2860
[Stage1] No improv. Best so far: 0.2859 (epoch 1894)
[Stage1] Epoch 1896 - Val R²: 0.7084 | Reg Val Loss: 0.2860
[Stage1] No improv. Best so far: 0.2859 (epoch 1894)
[Stage1] Epoch 1897 - Val R²: 0.7085 | Reg Val Loss: 0.2859
[Stage1] No improv. Best so far: 0.2859 (epoch 1894)
[Stage1] Epoch 1898 - Val R²: 0.7085 | Reg Val Loss: 0.2859
[Stage1] New best (epoch 1898) Val Loss: 0.2859 — saved: checkpoints\nnknn_regression_best_califonia_housing_softmax_fold_1_retr.pth
[Stage1] Epoch 1899 - Val R²: 0.7085 | Reg Val Loss: 0.2859
[Stage1] New best (epoch 1899) Val Loss: 0.2859 — saved: checkpoints\nnknn_regression_best_califonia_housing_softmax_fold_1_retr.pth
[Stage1] Epoch 1900 - Val R²: 0.7085 | Reg Val Loss: 0.2859
[Stage1] New best (epoch 1900) Val Loss: 0.2859 — saved: checkpoints\nnknn_regression_best_califonia_housing_softmax_fold_1_retr.pth
[Stage1] Epoch 1901 - Val R²: 0.7086 | Reg Val Loss: 0.2858
[Stage1] New best (epoch 1901) Val Loss: 0.2858 — saved: checkpoints\nnknn_regression_best_califonia_housing_softmax_fold_1_retr.pth
[Stage1] Epoch 1902 - Val R²: 0.7085 | Reg Val Loss: 0.2859
[Stage1] No improv. Best so far: 0.2858 (epoch 1901)
[Stage1] Epoch 1903 - Val R²: 0.7086 | Reg Val Loss: 0.2858
[Stage1] New best (epoch 1903) Val Loss: 0.2858 — saved: checkpoints\nnknn_regression_best_califonia_housing_softmax_fold_1_retr.pth
[Stage1] Epoch 1904 - Val R²: 0.7086 | Reg Val Loss: 0.2858
[Stage1] New best (epoch 1904) Val Loss: 0.2858 — saved: checkpoints\nnknn_regression_best_califonia_housing_softmax_fold_1_retr.pth
[Stage1] Epoch 1905 - Val R²: 0.7086 | Reg Val Loss: 0.2858
[Stage1] New best (epoch 1905) Val Loss: 0.2858 — saved: checkpoints\nnknn_regression_best_califonia_housing_softmax_fold_1_retr.pth
[Stage1] Epoch 1906 - Val R²: 0.7086 | Reg Val Loss: 0.2858
[Stage1] No improv. Best so far: 0.2858 (epoch 1905)
[Stage1] Epoch 1907 - Val R²: 0.7086 | Reg Val Loss: 0.2858
[Stage1] No improv. Best so far: 0.2858 (epoch 1905)
[Stage1] Epoch 1908 - Val R²: 0.7086 | Reg Val Loss: 0.2858
[Stage1] No improv. Best so far: 0.2858 (epoch 1905)
[Stage1] Epoch 1909 - Val R²: 0.7086 | Reg Val Loss: 0.2857
[Stage1] New best (epoch 1909) Val Loss: 0.2857 — saved: checkpoints\nnknn_regression_best_califonia_housing_softmax_fold_1_retr.pth
[Stage1] Epoch 1910 - Val R²: 0.7087 | Reg Val Loss: 0.2857
[Stage1] New best (epoch 1910) Val Loss: 0.2857 — saved: checkpoints\nnknn_regression_best_califonia_housing_softmax_fold_1_retr.pth
[Stage1] Epoch 1911 - Val R²: 0.7087 | Reg Val Loss: 0.2857
[Stage1] No improv. Best so far: 0.2857 (epoch 1910)
[Stage1] Epoch 1912 - Val R²: 0.7088 | Reg Val Loss: 0.2856
[Stage1] New best (epoch 1912) Val Loss: 0.2856 — saved: checkpoints\nnknn_regression_best_califonia_housing_softmax_fold_1_retr.pth
[Stage1] Epoch 1913 - Val R²: 0.7087 | Reg Val Loss: 0.2857
[Stage1] No improv. Best so far: 0.2856 (epoch 1912)
[Stage1] Epoch 1914 - Val R²: 0.7087 | Reg Val Loss: 0.2857
[Stage1] No improv. Best so far: 0.2856 (epoch 1912)
[Stage1] Epoch 1915 - Val R²: 0.7087 | Reg Val Loss: 0.2857
[Stage1] No improv. Best so far: 0.2856 (epoch 1912)
[Stage1] Epoch 1916 - Val R²: 0.7088 | Reg Val Loss: 0.2856
[Stage1] New best (epoch 1916) Val Loss: 0.2856 — saved: checkpoints\nnknn_regression_best_califonia_housing_softmax_fold_1_retr.pth
[Stage1] Epoch 1917 - Val R²: 0.7087 | Reg Val Loss: 0.2857
[Stage1] No improv. Best so far: 0.2856 (epoch 1916)
[Stage1] Epoch 1918 - Val R²: 0.7088 | Reg Val Loss: 0.2856
[Stage1] New best (epoch 1918) Val Loss: 0.2856 — saved: checkpoints\nnknn_regression_best_califonia_housing_softmax_fold_1_retr.pth
[Stage1] Epoch 1919 - Val R²: 0.7087 | Reg Val Loss: 0.2857
[Stage1] No improv. Best so far: 0.2856 (epoch 1918)
[Stage1] Epoch 1920 - Val R²: 0.7088 | Reg Val Loss: 0.2856
[Stage1] New best (epoch 1920) Val Loss: 0.2856 — saved: checkpoints\nnknn_regression_best_califonia_housing_softmax_fold_1_retr.pth
[Stage1] Epoch 1921 - Val R²: 0.7088 | Reg Val Loss: 0.2856
[Stage1] New best (epoch 1921) Val Loss: 0.2856 — saved: checkpoints\nnknn_regression_best_califonia_housing_softmax_fold_1_retr.pth
[Stage1] Epoch 1922 - Val R²: 0.7088 | Reg Val Loss: 0.2856
[Stage1] New best (epoch 1922) Val Loss: 0.2856 — saved: checkpoints\nnknn_regression_best_califonia_housing_softmax_fold_1_retr.pth
[Stage1] Epoch 1923 - Val R²: 0.7088 | Reg Val Loss: 0.2856
[Stage1] No improv. Best so far: 0.2856 (epoch 1922)
[Stage1] Epoch 1924 - Val R²: 0.7089 | Reg Val Loss: 0.2855
[Stage1] New best (epoch 1924) Val Loss: 0.2855 — saved: checkpoints\nnknn_regression_best_califonia_housing_softmax_fold_1_retr.pth
[Stage1] Epoch 1925 - Val R²: 0.7089 | Reg Val Loss: 0.2855
[Stage1] New best (epoch 1925) Val Loss: 0.2855 — saved: checkpoints\nnknn_regression_best_califonia_housing_softmax_fold_1_retr.pth
[Stage1] Epoch 1926 - Val R²: 0.7088 | Reg Val Loss: 0.2856
[Stage1] No improv. Best so far: 0.2855 (epoch 1925)
[Stage1] Epoch 1927 - Val R²: 0.7089 | Reg Val Loss: 0.2855
[Stage1] No improv. Best so far: 0.2855 (epoch 1925)
[Stage1] Epoch 1928 - Val R²: 0.7089 | Reg Val Loss: 0.2855
[Stage1] No improv. Best so far: 0.2855 (epoch 1925)
[Stage1] Epoch 1929 - Val R²: 0.7089 | Reg Val Loss: 0.2855
[Stage1] New best (epoch 1929) Val Loss: 0.2855 — saved: checkpoints\nnknn_regression_best_califonia_housing_softmax_fold_1_retr.pth
[Stage1] Epoch 1930 - Val R²: 0.7089 | Reg Val Loss: 0.2855
[Stage1] No improv. Best so far: 0.2855 (epoch 1929)
[Stage1] Epoch 1931 - Val R²: 0.7089 | Reg Val Loss: 0.2855
[Stage1] No improv. Best so far: 0.2855 (epoch 1929)
[Stage1] Epoch 1932 - Val R²: 0.7088 | Reg Val Loss: 0.2856
[Stage1] No improv. Best so far: 0.2855 (epoch 1929)
[Stage1] Epoch 1933 - Val R²: 0.7090 | Reg Val Loss: 0.2854
[Stage1] New best (epoch 1933) Val Loss: 0.2854 — saved: checkpoints\nnknn_regression_best_califonia_housing_softmax_fold_1_retr.pth
[Stage1] Epoch 1934 - Val R²: 0.7090 | Reg Val Loss: 0.2854
[Stage1] New best (epoch 1934) Val Loss: 0.2854 — saved: checkpoints\nnknn_regression_best_califonia_housing_softmax_fold_1_retr.pth
[Stage1] Epoch 1935 - Val R²: 0.7090 | Reg Val Loss: 0.2854
[Stage1] No improv. Best so far: 0.2854 (epoch 1934)
[Stage1] Epoch 1936 - Val R²: 0.7089 | Reg Val Loss: 0.2855
[Stage1] No improv. Best so far: 0.2854 (epoch 1934)
[Stage1] Epoch 1937 - Val R²: 0.7090 | Reg Val Loss: 0.2854
[Stage1] No improv. Best so far: 0.2854 (epoch 1934)
[Stage1] Epoch 1938 - Val R²: 0.7090 | Reg Val Loss: 0.2854
[Stage1] No improv. Best so far: 0.2854 (epoch 1934)
[Stage1] Epoch 1939 - Val R²: 0.7091 | Reg Val Loss: 0.2853
[Stage1] New best (epoch 1939) Val Loss: 0.2853 — saved: checkpoints\nnknn_regression_best_califonia_housing_softmax_fold_1_retr.pth
[Stage1] Epoch 1940 - Val R²: 0.7090 | Reg Val Loss: 0.2854
[Stage1] No improv. Best so far: 0.2853 (epoch 1939)
[Stage1] Epoch 1941 - Val R²: 0.7090 | Reg Val Loss: 0.2854
[Stage1] No improv. Best so far: 0.2853 (epoch 1939)
[Stage1] Epoch 1942 - Val R²: 0.7091 | Reg Val Loss: 0.2853
[Stage1] New best (epoch 1942) Val Loss: 0.2853 — saved: checkpoints\nnknn_regression_best_califonia_housing_softmax_fold_1_retr.pth
[Stage1] Epoch 1943 - Val R²: 0.7091 | Reg Val Loss: 0.2853
[Stage1] No improv. Best so far: 0.2853 (epoch 1942)
[Stage1] Epoch 1944 - Val R²: 0.7091 | Reg Val Loss: 0.2853
[Stage1] New best (epoch 1944) Val Loss: 0.2853 — saved: checkpoints\nnknn_regression_best_califonia_housing_softmax_fold_1_retr.pth
[Stage1] Epoch 1945 - Val R²: 0.7091 | Reg Val Loss: 0.2853
[Stage1] New best (epoch 1945) Val Loss: 0.2853 — saved: checkpoints\nnknn_regression_best_califonia_housing_softmax_fold_1_retr.pth
[Stage1] Epoch 1946 - Val R²: 0.7091 | Reg Val Loss: 0.2853
[Stage1] No improv. Best so far: 0.2853 (epoch 1945)
[Stage1] Epoch 1947 - Val R²: 0.7092 | Reg Val Loss: 0.2853
[Stage1] New best (epoch 1947) Val Loss: 0.2853 — saved: checkpoints\nnknn_regression_best_califonia_housing_softmax_fold_1_retr.pth
[Stage1] Epoch 1948 - Val R²: 0.7092 | Reg Val Loss: 0.2852
[Stage1] New best (epoch 1948) Val Loss: 0.2852 — saved: checkpoints\nnknn_regression_best_califonia_housing_softmax_fold_1_retr.pth
[Stage1] Epoch 1949 - Val R²: 0.7093 | Reg Val Loss: 0.2852
[Stage1] New best (epoch 1949) Val Loss: 0.2852 — saved: checkpoints\nnknn_regression_best_califonia_housing_softmax_fold_1_retr.pth
[Stage1] Epoch 1950 - Val R²: 0.7092 | Reg Val Loss: 0.2852
[Stage1] No improv. Best so far: 0.2852 (epoch 1949)
[Stage1] Epoch 1951 - Val R²: 0.7092 | Reg Val Loss: 0.2852
[Stage1] No improv. Best so far: 0.2852 (epoch 1949)
[Stage1] Epoch 1952 - Val R²: 0.7092 | Reg Val Loss: 0.2852
[Stage1] No improv. Best so far: 0.2852 (epoch 1949)
[Stage1] Epoch 1953 - Val R²: 0.7093 | Reg Val Loss: 0.2851
[Stage1] New best (epoch 1953) Val Loss: 0.2851 — saved: checkpoints\nnknn_regression_best_califonia_housing_softmax_fold_1_retr.pth
[Stage1] Epoch 1954 - Val R²: 0.7093 | Reg Val Loss: 0.2851
[Stage1] New best (epoch 1954) Val Loss: 0.2851 — saved: checkpoints\nnknn_regression_best_califonia_housing_softmax_fold_1_retr.pth
[Stage1] Epoch 1955 - Val R²: 0.7093 | Reg Val Loss: 0.2851
[Stage1] New best (epoch 1955) Val Loss: 0.2851 — saved: checkpoints\nnknn_regression_best_califonia_housing_softmax_fold_1_retr.pth
[Stage1] Epoch 1956 - Val R²: 0.7093 | Reg Val Loss: 0.2851
[Stage1] No improv. Best so far: 0.2851 (epoch 1955)
[Stage1] Epoch 1957 - Val R²: 0.7094 | Reg Val Loss: 0.2850
[Stage1] New best (epoch 1957) Val Loss: 0.2850 — saved: checkpoints\nnknn_regression_best_califonia_housing_softmax_fold_1_retr.pth
[Stage1] Epoch 1958 - Val R²: 0.7093 | Reg Val Loss: 0.2851
[Stage1] No improv. Best so far: 0.2850 (epoch 1957)
[Stage1] Epoch 1959 - Val R²: 0.7094 | Reg Val Loss: 0.2850
[Stage1] New best (epoch 1959) Val Loss: 0.2850 — saved: checkpoints\nnknn_regression_best_califonia_housing_softmax_fold_1_retr.pth
[Stage1] Epoch 1960 - Val R²: 0.7093 | Reg Val Loss: 0.2851
[Stage1] No improv. Best so far: 0.2850 (epoch 1959)
[Stage1] Epoch 1961 - Val R²: 0.7094 | Reg Val Loss: 0.2850
[Stage1] New best (epoch 1961) Val Loss: 0.2850 — saved: checkpoints\nnknn_regression_best_califonia_housing_softmax_fold_1_retr.pth
[Stage1] Epoch 1962 - Val R²: 0.7094 | Reg Val Loss: 0.2851
[Stage1] No improv. Best so far: 0.2850 (epoch 1961)
[Stage1] Epoch 1963 - Val R²: 0.7094 | Reg Val Loss: 0.2850
[Stage1] No improv. Best so far: 0.2850 (epoch 1961)
[Stage1] Epoch 1964 - Val R²: 0.7094 | Reg Val Loss: 0.2850
[Stage1] No improv. Best so far: 0.2850 (epoch 1961)
[Stage1] Epoch 1965 - Val R²: 0.7094 | Reg Val Loss: 0.2850
[Stage1] New best (epoch 1965) Val Loss: 0.2850 — saved: checkpoints\nnknn_regression_best_califonia_housing_softmax_fold_1_retr.pth
[Stage1] Epoch 1966 - Val R²: 0.7094 | Reg Val Loss: 0.2850
[Stage1] New best (epoch 1966) Val Loss: 0.2850 — saved: checkpoints\nnknn_regression_best_califonia_housing_softmax_fold_1_retr.pth
[Stage1] Epoch 1967 - Val R²: 0.7094 | Reg Val Loss: 0.2850
[Stage1] No improv. Best so far: 0.2850 (epoch 1966)
[Stage1] Epoch 1968 - Val R²: 0.7095 | Reg Val Loss: 0.2849
[Stage1] New best (epoch 1968) Val Loss: 0.2849 — saved: checkpoints\nnknn_regression_best_califonia_housing_softmax_fold_1_retr.pth
[Stage1] Epoch 1969 - Val R²: 0.7095 | Reg Val Loss: 0.2849
[Stage1] No improv. Best so far: 0.2849 (epoch 1968)
[Stage1] Epoch 1970 - Val R²: 0.7095 | Reg Val Loss: 0.2849
[Stage1] New best (epoch 1970) Val Loss: 0.2849 — saved: checkpoints\nnknn_regression_best_califonia_housing_softmax_fold_1_retr.pth
[Stage1] Epoch 1971 - Val R²: 0.7094 | Reg Val Loss: 0.2850
[Stage1] No improv. Best so far: 0.2849 (epoch 1970)
[Stage1] Epoch 1972 - Val R²: 0.7096 | Reg Val Loss: 0.2849
[Stage1] New best (epoch 1972) Val Loss: 0.2849 — saved: checkpoints\nnknn_regression_best_califonia_housing_softmax_fold_1_retr.pth
[Stage1] Epoch 1973 - Val R²: 0.7095 | Reg Val Loss: 0.2849
[Stage1] No improv. Best so far: 0.2849 (epoch 1972)
[Stage1] Epoch 1974 - Val R²: 0.7095 | Reg Val Loss: 0.2849
[Stage1] No improv. Best so far: 0.2849 (epoch 1972)
[Stage1] Epoch 1975 - Val R²: 0.7096 | Reg Val Loss: 0.2848
[Stage1] New best (epoch 1975) Val Loss: 0.2848 — saved: checkpoints\nnknn_regression_best_califonia_housing_softmax_fold_1_retr.pth
[Stage1] Epoch 1976 - Val R²: 0.7096 | Reg Val Loss: 0.2848
[Stage1] No improv. Best so far: 0.2848 (epoch 1975)
[Stage1] Epoch 1977 - Val R²: 0.7096 | Reg Val Loss: 0.2848
[Stage1] New best (epoch 1977) Val Loss: 0.2848 — saved: checkpoints\nnknn_regression_best_califonia_housing_softmax_fold_1_retr.pth
[Stage1] Epoch 1978 - Val R²: 0.7096 | Reg Val Loss: 0.2848
[Stage1] No improv. Best so far: 0.2848 (epoch 1977)
[Stage1] Epoch 1979 - Val R²: 0.7096 | Reg Val Loss: 0.2848
[Stage1] No improv. Best so far: 0.2848 (epoch 1977)
[Stage1] Epoch 1980 - Val R²: 0.7096 | Reg Val Loss: 0.2848
[Stage1] No improv. Best so far: 0.2848 (epoch 1977)
[Stage1] Epoch 1981 - Val R²: 0.7096 | Reg Val Loss: 0.2848
[Stage1] No improv. Best so far: 0.2848 (epoch 1977)
[Stage1] Epoch 1982 - Val R²: 0.7096 | Reg Val Loss: 0.2848
[Stage1] No improv. Best so far: 0.2848 (epoch 1977)
[Stage1] Epoch 1983 - Val R²: 0.7096 | Reg Val Loss: 0.2848
[Stage1] No improv. Best so far: 0.2848 (epoch 1977)
[Stage1] Epoch 1984 - Val R²: 0.7097 | Reg Val Loss: 0.2847
[Stage1] New best (epoch 1984) Val Loss: 0.2847 — saved: checkpoints\nnknn_regression_best_califonia_housing_softmax_fold_1_retr.pth
[Stage1] Epoch 1985 - Val R²: 0.7097 | Reg Val Loss: 0.2847
[Stage1] No improv. Best so far: 0.2847 (epoch 1984)
[Stage1] Epoch 1986 - Val R²: 0.7097 | Reg Val Loss: 0.2847
[Stage1] New best (epoch 1986) Val Loss: 0.2847 — saved: checkpoints\nnknn_regression_best_califonia_housing_softmax_fold_1_retr.pth
[Stage1] Epoch 1987 - Val R²: 0.7097 | Reg Val Loss: 0.2847
[Stage1] New best (epoch 1987) Val Loss: 0.2847 — saved: checkpoints\nnknn_regression_best_califonia_housing_softmax_fold_1_retr.pth
[Stage1] Epoch 1988 - Val R²: 0.7098 | Reg Val Loss: 0.2846
[Stage1] New best (epoch 1988) Val Loss: 0.2846 — saved: checkpoints\nnknn_regression_best_califonia_housing_softmax_fold_1_retr.pth
[Stage1] Epoch 1989 - Val R²: 0.7097 | Reg Val Loss: 0.2847
[Stage1] No improv. Best so far: 0.2846 (epoch 1988)
[Stage1] Epoch 1990 - Val R²: 0.7096 | Reg Val Loss: 0.2848
[Stage1] No improv. Best so far: 0.2846 (epoch 1988)
[Stage1] Epoch 1991 - Val R²: 0.7097 | Reg Val Loss: 0.2847
[Stage1] No improv. Best so far: 0.2846 (epoch 1988)
[Stage1] Epoch 1992 - Val R²: 0.7097 | Reg Val Loss: 0.2847
[Stage1] No improv. Best so far: 0.2846 (epoch 1988)
[Stage1] Epoch 1993 - Val R²: 0.7098 | Reg Val Loss: 0.2846
[Stage1] New best (epoch 1993) Val Loss: 0.2846 — saved: checkpoints\nnknn_regression_best_califonia_housing_softmax_fold_1_retr.pth
[Stage1] Epoch 1994 - Val R²: 0.7097 | Reg Val Loss: 0.2847
[Stage1] No improv. Best so far: 0.2846 (epoch 1993)
[Stage1] Epoch 1995 - Val R²: 0.7098 | Reg Val Loss: 0.2847
[Stage1] No improv. Best so far: 0.2846 (epoch 1993)
[Stage1] Epoch 1996 - Val R²: 0.7098 | Reg Val Loss: 0.2846
[Stage1] No improv. Best so far: 0.2846 (epoch 1993)
[Stage1] Epoch 1997 - Val R²: 0.7098 | Reg Val Loss: 0.2846
[Stage1] New best (epoch 1997) Val Loss: 0.2846 — saved: checkpoints\nnknn_regression_best_califonia_housing_softmax_fold_1_retr.pth
[Stage1] Epoch 1998 - Val R²: 0.7098 | Reg Val Loss: 0.2846
[Stage1] No improv. Best so far: 0.2846 (epoch 1997)
[Stage1] Epoch 1999 - Val R²: 0.7099 | Reg Val Loss: 0.2845
[Stage1] New best (epoch 1999) Val Loss: 0.2845 — saved: checkpoints\nnknn_regression_best_califonia_housing_softmax_fold_1_retr.pth
[Stage1] Epoch 2000 - Val R²: 0.7099 | Reg Val Loss: 0.2845
[Stage1] New best (epoch 2000) Val Loss: 0.2845 — saved: checkpoints\nnknn_regression_best_califonia_housing_softmax_fold_1_retr.pth
[Stage1] Epoch 2001 - Val R²: 0.7099 | Reg Val Loss: 0.2845
[Stage1] No improv. Best so far: 0.2845 (epoch 2000)
[Stage1] Epoch 2002 - Val R²: 0.7100 | Reg Val Loss: 0.2845
[Stage1] New best (epoch 2002) Val Loss: 0.2845 — saved: checkpoints\nnknn_regression_best_califonia_housing_softmax_fold_1_retr.pth
[Stage1] Epoch 2003 - Val R²: 0.7100 | Reg Val Loss: 0.2844
[Stage1] New best (epoch 2003) Val Loss: 0.2844 — saved: checkpoints\nnknn_regression_best_califonia_housing_softmax_fold_1_retr.pth
[Stage1] Epoch 2004 - Val R²: 0.7100 | Reg Val Loss: 0.2845
[Stage1] No improv. Best so far: 0.2844 (epoch 2003)
[Stage1] Epoch 2005 - Val R²: 0.7099 | Reg Val Loss: 0.2845
[Stage1] No improv. Best so far: 0.2844 (epoch 2003)
[Stage1] Epoch 2006 - Val R²: 0.7100 | Reg Val Loss: 0.2845
[Stage1] No improv. Best so far: 0.2844 (epoch 2003)
[Stage1] Epoch 2007 - Val R²: 0.7099 | Reg Val Loss: 0.2845
[Stage1] No improv. Best so far: 0.2844 (epoch 2003)
[Stage1] Epoch 2008 - Val R²: 0.7100 | Reg Val Loss: 0.2845
[Stage1] No improv. Best so far: 0.2844 (epoch 2003)
[Stage1] Epoch 2009 - Val R²: 0.7100 | Reg Val Loss: 0.2844
[Stage1] New best (epoch 2009) Val Loss: 0.2844 — saved: checkpoints\nnknn_regression_best_califonia_housing_softmax_fold_1_retr.pth
[Stage1] Epoch 2010 - Val R²: 0.7100 | Reg Val Loss: 0.2844
[Stage1] New best (epoch 2010) Val Loss: 0.2844 — saved: checkpoints\nnknn_regression_best_califonia_housing_softmax_fold_1_retr.pth
[Stage1] Epoch 2011 - Val R²: 0.7100 | Reg Val Loss: 0.2844
[Stage1] No improv. Best so far: 0.2844 (epoch 2010)
[Stage1] Epoch 2012 - Val R²: 0.7100 | Reg Val Loss: 0.2844
[Stage1] New best (epoch 2012) Val Loss: 0.2844 — saved: checkpoints\nnknn_regression_best_califonia_housing_softmax_fold_1_retr.pth
[Stage1] Epoch 2013 - Val R²: 0.7100 | Reg Val Loss: 0.2844
[Stage1] No improv. Best so far: 0.2844 (epoch 2012)
[Stage1] Epoch 2014 - Val R²: 0.7101 | Reg Val Loss: 0.2843
[Stage1] New best (epoch 2014) Val Loss: 0.2843 — saved: checkpoints\nnknn_regression_best_califonia_housing_softmax_fold_1_retr.pth
[Stage1] Epoch 2015 - Val R²: 0.7101 | Reg Val Loss: 0.2843
[Stage1] New best (epoch 2015) Val Loss: 0.2843 — saved: checkpoints\nnknn_regression_best_califonia_housing_softmax_fold_1_retr.pth
[Stage1] Epoch 2016 - Val R²: 0.7101 | Reg Val Loss: 0.2843
[Stage1] New best (epoch 2016) Val Loss: 0.2843 — saved: checkpoints\nnknn_regression_best_califonia_housing_softmax_fold_1_retr.pth
[Stage1] Epoch 2017 - Val R²: 0.7101 | Reg Val Loss: 0.2843
[Stage1] No improv. Best so far: 0.2843 (epoch 2016)
[Stage1] Epoch 2018 - Val R²: 0.7100 | Reg Val Loss: 0.2844
[Stage1] No improv. Best so far: 0.2843 (epoch 2016)
[Stage1] Epoch 2019 - Val R²: 0.7101 | Reg Val Loss: 0.2843
[Stage1] New best (epoch 2019) Val Loss: 0.2843 — saved: checkpoints\nnknn_regression_best_califonia_housing_softmax_fold_1_retr.pth
[Stage1] Epoch 2020 - Val R²: 0.7101 | Reg Val Loss: 0.2843
[Stage1] No improv. Best so far: 0.2843 (epoch 2019)
[Stage1] Epoch 2021 - Val R²: 0.7101 | Reg Val Loss: 0.2843
[Stage1] No improv. Best so far: 0.2843 (epoch 2019)
[Stage1] Epoch 2022 - Val R²: 0.7102 | Reg Val Loss: 0.2842
[Stage1] New best (epoch 2022) Val Loss: 0.2842 — saved: checkpoints\nnknn_regression_best_califonia_housing_softmax_fold_1_retr.pth
[Stage1] Epoch 2023 - Val R²: 0.7102 | Reg Val Loss: 0.2843
[Stage1] No improv. Best so far: 0.2842 (epoch 2022)
[Stage1] Epoch 2024 - Val R²: 0.7103 | Reg Val Loss: 0.2842
[Stage1] New best (epoch 2024) Val Loss: 0.2842 — saved: checkpoints\nnknn_regression_best_califonia_housing_softmax_fold_1_retr.pth
[Stage1] Epoch 2025 - Val R²: 0.7102 | Reg Val Loss: 0.2842
[Stage1] No improv. Best so far: 0.2842 (epoch 2024)
[Stage1] Epoch 2026 - Val R²: 0.7103 | Reg Val Loss: 0.2842
[Stage1] New best (epoch 2026) Val Loss: 0.2842 — saved: checkpoints\nnknn_regression_best_califonia_housing_softmax_fold_1_retr.pth
[Stage1] Epoch 2027 - Val R²: 0.7102 | Reg Val Loss: 0.2842
[Stage1] No improv. Best so far: 0.2842 (epoch 2026)
[Stage1] Epoch 2028 - Val R²: 0.7102 | Reg Val Loss: 0.2842
[Stage1] No improv. Best so far: 0.2842 (epoch 2026)
[Stage1] Epoch 2029 - Val R²: 0.7102 | Reg Val Loss: 0.2843
[Stage1] No improv. Best so far: 0.2842 (epoch 2026)
[Stage1] Epoch 2030 - Val R²: 0.7102 | Reg Val Loss: 0.2843
[Stage1] No improv. Best so far: 0.2842 (epoch 2026)
[Stage1] Epoch 2031 - Val R²: 0.7103 | Reg Val Loss: 0.2841
[Stage1] New best (epoch 2031) Val Loss: 0.2841 — saved: checkpoints\nnknn_regression_best_califonia_housing_softmax_fold_1_retr.pth
[Stage1] Epoch 2032 - Val R²: 0.7103 | Reg Val Loss: 0.2842
[Stage1] No improv. Best so far: 0.2841 (epoch 2031)
[Stage1] Epoch 2033 - Val R²: 0.7103 | Reg Val Loss: 0.2841
[Stage1] New best (epoch 2033) Val Loss: 0.2841 — saved: checkpoints\nnknn_regression_best_califonia_housing_softmax_fold_1_retr.pth
[Stage1] Epoch 2034 - Val R²: 0.7103 | Reg Val Loss: 0.2842
[Stage1] No improv. Best so far: 0.2841 (epoch 2033)
[Stage1] Epoch 2035 - Val R²: 0.7103 | Reg Val Loss: 0.2841
[Stage1] New best (epoch 2035) Val Loss: 0.2841 — saved: checkpoints\nnknn_regression_best_califonia_housing_softmax_fold_1_retr.pth
[Stage1] Epoch 2036 - Val R²: 0.7104 | Reg Val Loss: 0.2841
[Stage1] New best (epoch 2036) Val Loss: 0.2841 — saved: checkpoints\nnknn_regression_best_califonia_housing_softmax_fold_1_retr.pth
[Stage1] Epoch 2037 - Val R²: 0.7104 | Reg Val Loss: 0.2841
[Stage1] No improv. Best so far: 0.2841 (epoch 2036)
[Stage1] Epoch 2038 - Val R²: 0.7103 | Reg Val Loss: 0.2841
[Stage1] No improv. Best so far: 0.2841 (epoch 2036)
[Stage1] Epoch 2039 - Val R²: 0.7104 | Reg Val Loss: 0.2841
[Stage1] New best (epoch 2039) Val Loss: 0.2841 — saved: checkpoints\nnknn_regression_best_califonia_housing_softmax_fold_1_retr.pth
[Stage1] Epoch 2040 - Val R²: 0.7104 | Reg Val Loss: 0.2841
[Stage1] No improv. Best so far: 0.2841 (epoch 2039)
[Stage1] Epoch 2041 - Val R²: 0.7103 | Reg Val Loss: 0.2841
[Stage1] No improv. Best so far: 0.2841 (epoch 2039)
[Stage1] Epoch 2042 - Val R²: 0.7103 | Reg Val Loss: 0.2841
[Stage1] No improv. Best so far: 0.2841 (epoch 2039)
[Stage1] Epoch 2043 - Val R²: 0.7103 | Reg Val Loss: 0.2841
[Stage1] No improv. Best so far: 0.2841 (epoch 2039)
[Stage1] Epoch 2044 - Val R²: 0.7104 | Reg Val Loss: 0.2840
[Stage1] New best (epoch 2044) Val Loss: 0.2840 — saved: checkpoints\nnknn_regression_best_califonia_housing_softmax_fold_1_retr.pth
[Stage1] Epoch 2045 - Val R²: 0.7104 | Reg Val Loss: 0.2840
[Stage1] New best (epoch 2045) Val Loss: 0.2840 — saved: checkpoints\nnknn_regression_best_califonia_housing_softmax_fold_1_retr.pth
[Stage1] Epoch 2046 - Val R²: 0.7105 | Reg Val Loss: 0.2840
[Stage1] New best (epoch 2046) Val Loss: 0.2840 — saved: checkpoints\nnknn_regression_best_califonia_housing_softmax_fold_1_retr.pth
[Stage1] Epoch 2047 - Val R²: 0.7105 | Reg Val Loss: 0.2840
[Stage1] New best (epoch 2047) Val Loss: 0.2840 — saved: checkpoints\nnknn_regression_best_califonia_housing_softmax_fold_1_retr.pth
[Stage1] Epoch 2048 - Val R²: 0.7105 | Reg Val Loss: 0.2840
[Stage1] New best (epoch 2048) Val Loss: 0.2840 — saved: checkpoints\nnknn_regression_best_califonia_housing_softmax_fold_1_retr.pth
[Stage1] Epoch 2049 - Val R²: 0.7105 | Reg Val Loss: 0.2840
[Stage1] New best (epoch 2049) Val Loss: 0.2840 — saved: checkpoints\nnknn_regression_best_califonia_housing_softmax_fold_1_retr.pth
[Stage1] Epoch 2050 - Val R²: 0.7105 | Reg Val Loss: 0.2840
[Stage1] New best (epoch 2050) Val Loss: 0.2840 — saved: checkpoints\nnknn_regression_best_califonia_housing_softmax_fold_1_retr.pth
[Stage1] Epoch 2051 - Val R²: 0.7105 | Reg Val Loss: 0.2839
[Stage1] New best (epoch 2051) Val Loss: 0.2839 — saved: checkpoints\nnknn_regression_best_califonia_housing_softmax_fold_1_retr.pth
[Stage1] Epoch 2052 - Val R²: 0.7106 | Reg Val Loss: 0.2839
[Stage1] New best (epoch 2052) Val Loss: 0.2839 — saved: checkpoints\nnknn_regression_best_califonia_housing_softmax_fold_1_retr.pth
[Stage1] Epoch 2053 - Val R²: 0.7105 | Reg Val Loss: 0.2839
[Stage1] No improv. Best so far: 0.2839 (epoch 2052)
[Stage1] Epoch 2054 - Val R²: 0.7105 | Reg Val Loss: 0.2839
[Stage1] No improv. Best so far: 0.2839 (epoch 2052)
[Stage1] Epoch 2055 - Val R²: 0.7105 | Reg Val Loss: 0.2839
[Stage1] No improv. Best so far: 0.2839 (epoch 2052)
[Stage1] Epoch 2056 - Val R²: 0.7105 | Reg Val Loss: 0.2839
[Stage1] No improv. Best so far: 0.2839 (epoch 2052)
[Stage1] Epoch 2057 - Val R²: 0.7106 | Reg Val Loss: 0.2838
[Stage1] New best (epoch 2057) Val Loss: 0.2838 — saved: checkpoints\nnknn_regression_best_califonia_housing_softmax_fold_1_retr.pth
[Stage1] Epoch 2058 - Val R²: 0.7106 | Reg Val Loss: 0.2839
[Stage1] No improv. Best so far: 0.2838 (epoch 2057)
[Stage1] Epoch 2059 - Val R²: 0.7106 | Reg Val Loss: 0.2838
[Stage1] No improv. Best so far: 0.2838 (epoch 2057)
[Stage1] Epoch 2060 - Val R²: 0.7106 | Reg Val Loss: 0.2838
[Stage1] No improv. Best so far: 0.2838 (epoch 2057)
[Stage1] Epoch 2061 - Val R²: 0.7106 | Reg Val Loss: 0.2838
[Stage1] New best (epoch 2061) Val Loss: 0.2838 — saved: checkpoints\nnknn_regression_best_califonia_housing_softmax_fold_1_retr.pth
[Stage1] Epoch 2062 - Val R²: 0.7106 | Reg Val Loss: 0.2838
[Stage1] No improv. Best so far: 0.2838 (epoch 2061)
[Stage1] Epoch 2063 - Val R²: 0.7107 | Reg Val Loss: 0.2838
[Stage1] New best (epoch 2063) Val Loss: 0.2838 — saved: checkpoints\nnknn_regression_best_califonia_housing_softmax_fold_1_retr.pth
[Stage1] Epoch 2064 - Val R²: 0.7107 | Reg Val Loss: 0.2838
[Stage1] No improv. Best so far: 0.2838 (epoch 2063)
[Stage1] Epoch 2065 - Val R²: 0.7106 | Reg Val Loss: 0.2839
[Stage1] No improv. Best so far: 0.2838 (epoch 2063)
[Stage1] Epoch 2066 - Val R²: 0.7107 | Reg Val Loss: 0.2837
[Stage1] New best (epoch 2066) Val Loss: 0.2837 — saved: checkpoints\nnknn_regression_best_califonia_housing_softmax_fold_1_retr.pth
[Stage1] Epoch 2067 - Val R²: 0.7107 | Reg Val Loss: 0.2838
[Stage1] No improv. Best so far: 0.2837 (epoch 2066)
[Stage1] Epoch 2068 - Val R²: 0.7107 | Reg Val Loss: 0.2837
[Stage1] New best (epoch 2068) Val Loss: 0.2837 — saved: checkpoints\nnknn_regression_best_califonia_housing_softmax_fold_1_retr.pth
[Stage1] Epoch 2069 - Val R²: 0.7107 | Reg Val Loss: 0.2837
[Stage1] No improv. Best so far: 0.2837 (epoch 2068)
[Stage1] Epoch 2070 - Val R²: 0.7107 | Reg Val Loss: 0.2837
[Stage1] No improv. Best so far: 0.2837 (epoch 2068)
[Stage1] Epoch 2071 - Val R²: 0.7107 | Reg Val Loss: 0.2837
[Stage1] No improv. Best so far: 0.2837 (epoch 2068)
[Stage1] Epoch 2072 - Val R²: 0.7107 | Reg Val Loss: 0.2837
[Stage1] No improv. Best so far: 0.2837 (epoch 2068)
[Stage1] Epoch 2073 - Val R²: 0.7108 | Reg Val Loss: 0.2837
[Stage1] New best (epoch 2073) Val Loss: 0.2837 — saved: checkpoints\nnknn_regression_best_califonia_housing_softmax_fold_1_retr.pth
[Stage1] Epoch 2074 - Val R²: 0.7108 | Reg Val Loss: 0.2837
[Stage1] New best (epoch 2074) Val Loss: 0.2837 — saved: checkpoints\nnknn_regression_best_califonia_housing_softmax_fold_1_retr.pth
[Stage1] Epoch 2075 - Val R²: 0.7108 | Reg Val Loss: 0.2837
[Stage1] No improv. Best so far: 0.2837 (epoch 2074)
[Stage1] Epoch 2076 - Val R²: 0.7108 | Reg Val Loss: 0.2836
[Stage1] New best (epoch 2076) Val Loss: 0.2836 — saved: checkpoints\nnknn_regression_best_califonia_housing_softmax_fold_1_retr.pth
[Stage1] Epoch 2077 - Val R²: 0.7109 | Reg Val Loss: 0.2836
[Stage1] New best (epoch 2077) Val Loss: 0.2836 — saved: checkpoints\nnknn_regression_best_califonia_housing_softmax_fold_1_retr.pth
[Stage1] Epoch 2078 - Val R²: 0.7102 | Reg Val Loss: 0.2842
[Stage1] No improv. Best so far: 0.2836 (epoch 2077)
[Stage1] Epoch 2079 - Val R²: 0.7109 | Reg Val Loss: 0.2836
[Stage1] No improv. Best so far: 0.2836 (epoch 2077)
[Stage1] Epoch 2080 - Val R²: 0.7108 | Reg Val Loss: 0.2836
[Stage1] No improv. Best so far: 0.2836 (epoch 2077)
[Stage1] Epoch 2081 - Val R²: 0.7108 | Reg Val Loss: 0.2836
[Stage1] No improv. Best so far: 0.2836 (epoch 2077)
[Stage1] Epoch 2082 - Val R²: 0.7108 | Reg Val Loss: 0.2836
[Stage1] No improv. Best so far: 0.2836 (epoch 2077)
[Stage1] Epoch 2083 - Val R²: 0.7109 | Reg Val Loss: 0.2835
[Stage1] New best (epoch 2083) Val Loss: 0.2835 — saved: checkpoints\nnknn_regression_best_califonia_housing_softmax_fold_1_retr.pth
[Stage1] Epoch 2084 - Val R²: 0.7109 | Reg Val Loss: 0.2835
[Stage1] No improv. Best so far: 0.2835 (epoch 2083)
[Stage1] Epoch 2085 - Val R²: 0.7109 | Reg Val Loss: 0.2836
[Stage1] No improv. Best so far: 0.2835 (epoch 2083)
[Stage1] Epoch 2086 - Val R²: 0.7109 | Reg Val Loss: 0.2835
[Stage1] New best (epoch 2086) Val Loss: 0.2835 — saved: checkpoints\nnknn_regression_best_califonia_housing_softmax_fold_1_retr.pth
[Stage1] Epoch 2087 - Val R²: 0.7110 | Reg Val Loss: 0.2835
[Stage1] New best (epoch 2087) Val Loss: 0.2835 — saved: checkpoints\nnknn_regression_best_califonia_housing_softmax_fold_1_retr.pth
[Stage1] Epoch 2088 - Val R²: 0.7110 | Reg Val Loss: 0.2835
[Stage1] New best (epoch 2088) Val Loss: 0.2835 — saved: checkpoints\nnknn_regression_best_califonia_housing_softmax_fold_1_retr.pth
[Stage1] Epoch 2089 - Val R²: 0.7109 | Reg Val Loss: 0.2835
[Stage1] No improv. Best so far: 0.2835 (epoch 2088)
[Stage1] Epoch 2090 - Val R²: 0.7110 | Reg Val Loss: 0.2835
[Stage1] New best (epoch 2090) Val Loss: 0.2835 — saved: checkpoints\nnknn_regression_best_califonia_housing_softmax_fold_1_retr.pth
[Stage1] Epoch 2091 - Val R²: 0.7110 | Reg Val Loss: 0.2834
[Stage1] New best (epoch 2091) Val Loss: 0.2834 — saved: checkpoints\nnknn_regression_best_califonia_housing_softmax_fold_1_retr.pth
[Stage1] Epoch 2092 - Val R²: 0.7110 | Reg Val Loss: 0.2835
[Stage1] No improv. Best so far: 0.2834 (epoch 2091)
[Stage1] Epoch 2093 - Val R²: 0.7110 | Reg Val Loss: 0.2834
[Stage1] No improv. Best so far: 0.2834 (epoch 2091)
[Stage1] Epoch 2094 - Val R²: 0.7110 | Reg Val Loss: 0.2835
[Stage1] No improv. Best so far: 0.2834 (epoch 2091)
[Stage1] Epoch 2095 - Val R²: 0.7110 | Reg Val Loss: 0.2835
[Stage1] No improv. Best so far: 0.2834 (epoch 2091)
[Stage1] Epoch 2096 - Val R²: 0.7110 | Reg Val Loss: 0.2834
[Stage1] New best (epoch 2096) Val Loss: 0.2834 — saved: checkpoints\nnknn_regression_best_califonia_housing_softmax_fold_1_retr.pth
[Stage1] Epoch 2097 - Val R²: 0.7110 | Reg Val Loss: 0.2834
[Stage1] New best (epoch 2097) Val Loss: 0.2834 — saved: checkpoints\nnknn_regression_best_califonia_housing_softmax_fold_1_retr.pth
[Stage1] Epoch 2098 - Val R²: 0.7110 | Reg Val Loss: 0.2834
[Stage1] New best (epoch 2098) Val Loss: 0.2834 — saved: checkpoints\nnknn_regression_best_califonia_housing_softmax_fold_1_retr.pth
[Stage1] Epoch 2099 - Val R²: 0.7111 | Reg Val Loss: 0.2834
[Stage1] New best (epoch 2099) Val Loss: 0.2834 — saved: checkpoints\nnknn_regression_best_califonia_housing_softmax_fold_1_retr.pth
[Stage1] Epoch 2100 - Val R²: 0.7110 | Reg Val Loss: 0.2834
[Stage1] No improv. Best so far: 0.2834 (epoch 2099)
[Stage1] Epoch 2101 - Val R²: 0.7111 | Reg Val Loss: 0.2834
[Stage1] No improv. Best so far: 0.2834 (epoch 2099)
[Stage1] Epoch 2102 - Val R²: 0.7111 | Reg Val Loss: 0.2834
[Stage1] New best (epoch 2102) Val Loss: 0.2834 — saved: checkpoints\nnknn_regression_best_califonia_housing_softmax_fold_1_retr.pth
[Stage1] Epoch 2103 - Val R²: 0.7111 | Reg Val Loss: 0.2833
[Stage1] New best (epoch 2103) Val Loss: 0.2833 — saved: checkpoints\nnknn_regression_best_califonia_housing_softmax_fold_1_retr.pth
[Stage1] Epoch 2104 - Val R²: 0.7107 | Reg Val Loss: 0.2837
[Stage1] No improv. Best so far: 0.2833 (epoch 2103)
[Stage1] Epoch 2105 - Val R²: 0.7110 | Reg Val Loss: 0.2834
[Stage1] No improv. Best so far: 0.2833 (epoch 2103)
[Stage1] Epoch 2106 - Val R²: 0.7111 | Reg Val Loss: 0.2833
[Stage1] New best (epoch 2106) Val Loss: 0.2833 — saved: checkpoints\nnknn_regression_best_califonia_housing_softmax_fold_1_retr.pth
[Stage1] Epoch 2107 - Val R²: 0.7111 | Reg Val Loss: 0.2833
[Stage1] No improv. Best so far: 0.2833 (epoch 2106)
[Stage1] Epoch 2108 - Val R²: 0.7112 | Reg Val Loss: 0.2833
[Stage1] New best (epoch 2108) Val Loss: 0.2833 — saved: checkpoints\nnknn_regression_best_califonia_housing_softmax_fold_1_retr.pth
[Stage1] Epoch 2109 - Val R²: 0.7112 | Reg Val Loss: 0.2833
[Stage1] No improv. Best so far: 0.2833 (epoch 2108)
[Stage1] Epoch 2110 - Val R²: 0.7112 | Reg Val Loss: 0.2833
[Stage1] No improv. Best so far: 0.2833 (epoch 2108)
[Stage1] Epoch 2111 - Val R²: 0.7112 | Reg Val Loss: 0.2832
[Stage1] New best (epoch 2111) Val Loss: 0.2832 — saved: checkpoints\nnknn_regression_best_califonia_housing_softmax_fold_1_retr.pth
[Stage1] Epoch 2112 - Val R²: 0.7112 | Reg Val Loss: 0.2832
[Stage1] New best (epoch 2112) Val Loss: 0.2832 — saved: checkpoints\nnknn_regression_best_califonia_housing_softmax_fold_1_retr.pth
[Stage1] Epoch 2113 - Val R²: 0.7112 | Reg Val Loss: 0.2833
[Stage1] No improv. Best so far: 0.2832 (epoch 2112)
[Stage1] Epoch 2114 - Val R²: 0.7112 | Reg Val Loss: 0.2832
[Stage1] No improv. Best so far: 0.2832 (epoch 2112)
[Stage1] Epoch 2115 - Val R²: 0.7112 | Reg Val Loss: 0.2832
[Stage1] New best (epoch 2115) Val Loss: 0.2832 — saved: checkpoints\nnknn_regression_best_califonia_housing_softmax_fold_1_retr.pth
[Stage1] Epoch 2116 - Val R²: 0.7112 | Reg Val Loss: 0.2832
[Stage1] No improv. Best so far: 0.2832 (epoch 2115)
[Stage1] Epoch 2117 - Val R²: 0.7113 | Reg Val Loss: 0.2832
[Stage1] New best (epoch 2117) Val Loss: 0.2832 — saved: checkpoints\nnknn_regression_best_califonia_housing_softmax_fold_1_retr.pth
[Stage1] Epoch 2118 - Val R²: 0.7112 | Reg Val Loss: 0.2832
[Stage1] No improv. Best so far: 0.2832 (epoch 2117)
[Stage1] Epoch 2119 - Val R²: 0.7112 | Reg Val Loss: 0.2832
[Stage1] No improv. Best so far: 0.2832 (epoch 2117)
[Stage1] Epoch 2120 - Val R²: 0.7113 | Reg Val Loss: 0.2832
[Stage1] No improv. Best so far: 0.2832 (epoch 2117)
[Stage1] Epoch 2121 - Val R²: 0.7113 | Reg Val Loss: 0.2831
[Stage1] New best (epoch 2121) Val Loss: 0.2831 — saved: checkpoints\nnknn_regression_best_califonia_housing_softmax_fold_1_retr.pth
[Stage1] Epoch 2122 - Val R²: 0.7113 | Reg Val Loss: 0.2831
[Stage1] No improv. Best so far: 0.2831 (epoch 2121)
[Stage1] Epoch 2123 - Val R²: 0.7113 | Reg Val Loss: 0.2832
[Stage1] No improv. Best so far: 0.2831 (epoch 2121)
[Stage1] Epoch 2124 - Val R²: 0.7113 | Reg Val Loss: 0.2831
[Stage1] New best (epoch 2124) Val Loss: 0.2831 — saved: checkpoints\nnknn_regression_best_califonia_housing_softmax_fold_1_retr.pth
[Stage1] Epoch 2125 - Val R²: 0.7114 | Reg Val Loss: 0.2831
[Stage1] New best (epoch 2125) Val Loss: 0.2831 — saved: checkpoints\nnknn_regression_best_califonia_housing_softmax_fold_1_retr.pth
[Stage1] Epoch 2126 - Val R²: 0.7112 | Reg Val Loss: 0.2832
[Stage1] No improv. Best so far: 0.2831 (epoch 2125)
[Stage1] Epoch 2127 - Val R²: 0.7113 | Reg Val Loss: 0.2831
[Stage1] No improv. Best so far: 0.2831 (epoch 2125)
[Stage1] Epoch 2128 - Val R²: 0.7113 | Reg Val Loss: 0.2832
[Stage1] No improv. Best so far: 0.2831 (epoch 2125)
[Stage1] Epoch 2129 - Val R²: 0.7114 | Reg Val Loss: 0.2831
[Stage1] New best (epoch 2129) Val Loss: 0.2831 — saved: checkpoints\nnknn_regression_best_califonia_housing_softmax_fold_1_retr.pth
[Stage1] Epoch 2130 - Val R²: 0.7114 | Reg Val Loss: 0.2830
[Stage1] New best (epoch 2130) Val Loss: 0.2830 — saved: checkpoints\nnknn_regression_best_califonia_housing_softmax_fold_1_retr.pth
[Stage1] Epoch 2131 - Val R²: 0.7114 | Reg Val Loss: 0.2830
[Stage1] New best (epoch 2131) Val Loss: 0.2830 — saved: checkpoints\nnknn_regression_best_califonia_housing_softmax_fold_1_retr.pth
[Stage1] Epoch 2132 - Val R²: 0.7114 | Reg Val Loss: 0.2830
[Stage1] No improv. Best so far: 0.2830 (epoch 2131)
[Stage1] Epoch 2133 - Val R²: 0.7115 | Reg Val Loss: 0.2830
[Stage1] New best (epoch 2133) Val Loss: 0.2830 — saved: checkpoints\nnknn_regression_best_califonia_housing_softmax_fold_1_retr.pth
[Stage1] Epoch 2134 - Val R²: 0.7114 | Reg Val Loss: 0.2830
[Stage1] No improv. Best so far: 0.2830 (epoch 2133)
[Stage1] Epoch 2135 - Val R²: 0.7115 | Reg Val Loss: 0.2830
[Stage1] New best (epoch 2135) Val Loss: 0.2830 — saved: checkpoints\nnknn_regression_best_califonia_housing_softmax_fold_1_retr.pth
[Stage1] Epoch 2136 - Val R²: 0.7115 | Reg Val Loss: 0.2830
[Stage1] New best (epoch 2136) Val Loss: 0.2830 — saved: checkpoints\nnknn_regression_best_califonia_housing_softmax_fold_1_retr.pth
[Stage1] Epoch 2137 - Val R²: 0.7114 | Reg Val Loss: 0.2830
[Stage1] No improv. Best so far: 0.2830 (epoch 2136)
[Stage1] Epoch 2138 - Val R²: 0.7115 | Reg Val Loss: 0.2830
[Stage1] New best (epoch 2138) Val Loss: 0.2830 — saved: checkpoints\nnknn_regression_best_califonia_housing_softmax_fold_1_retr.pth
[Stage1] Epoch 2139 - Val R²: 0.7115 | Reg Val Loss: 0.2830
[Stage1] No improv. Best so far: 0.2830 (epoch 2138)
[Stage1] Epoch 2140 - Val R²: 0.7115 | Reg Val Loss: 0.2830
[Stage1] No improv. Best so far: 0.2830 (epoch 2138)
[Stage1] Epoch 2141 - Val R²: 0.7115 | Reg Val Loss: 0.2829
[Stage1] New best (epoch 2141) Val Loss: 0.2829 — saved: checkpoints\nnknn_regression_best_califonia_housing_softmax_fold_1_retr.pth
[Stage1] Epoch 2142 - Val R²: 0.7116 | Reg Val Loss: 0.2829
[Stage1] New best (epoch 2142) Val Loss: 0.2829 — saved: checkpoints\nnknn_regression_best_califonia_housing_softmax_fold_1_retr.pth
[Stage1] Epoch 2143 - Val R²: 0.7116 | Reg Val Loss: 0.2829
[Stage1] No improv. Best so far: 0.2829 (epoch 2142)
[Stage1] Epoch 2144 - Val R²: 0.7115 | Reg Val Loss: 0.2829
[Stage1] No improv. Best so far: 0.2829 (epoch 2142)
[Stage1] Epoch 2145 - Val R²: 0.7115 | Reg Val Loss: 0.2829
[Stage1] No improv. Best so far: 0.2829 (epoch 2142)
[Stage1] Epoch 2146 - Val R²: 0.7115 | Reg Val Loss: 0.2830
[Stage1] No improv. Best so far: 0.2829 (epoch 2142)
[Stage1] Epoch 2147 - Val R²: 0.7116 | Reg Val Loss: 0.2829
[Stage1] No improv. Best so far: 0.2829 (epoch 2142)
[Stage1] Epoch 2148 - Val R²: 0.7116 | Reg Val Loss: 0.2828
[Stage1] New best (epoch 2148) Val Loss: 0.2828 — saved: checkpoints\nnknn_regression_best_califonia_housing_softmax_fold_1_retr.pth
[Stage1] Epoch 2149 - Val R²: 0.7116 | Reg Val Loss: 0.2829
[Stage1] No improv. Best so far: 0.2828 (epoch 2148)
[Stage1] Epoch 2150 - Val R²: 0.7116 | Reg Val Loss: 0.2829
[Stage1] No improv. Best so far: 0.2828 (epoch 2148)
[Stage1] Epoch 2151 - Val R²: 0.7116 | Reg Val Loss: 0.2828
[Stage1] No improv. Best so far: 0.2828 (epoch 2148)
[Stage1] Epoch 2152 - Val R²: 0.7116 | Reg Val Loss: 0.2828
[Stage1] No improv. Best so far: 0.2828 (epoch 2148)
[Stage1] Epoch 2153 - Val R²: 0.7115 | Reg Val Loss: 0.2829
[Stage1] No improv. Best so far: 0.2828 (epoch 2148)
[Stage1] Epoch 2154 - Val R²: 0.7117 | Reg Val Loss: 0.2828
[Stage1] New best (epoch 2154) Val Loss: 0.2828 — saved: checkpoints\nnknn_regression_best_califonia_housing_softmax_fold_1_retr.pth
[Stage1] Epoch 2155 - Val R²: 0.7117 | Reg Val Loss: 0.2828
[Stage1] No improv. Best so far: 0.2828 (epoch 2154)
[Stage1] Epoch 2156 - Val R²: 0.7117 | Reg Val Loss: 0.2828
[Stage1] New best (epoch 2156) Val Loss: 0.2828 — saved: checkpoints\nnknn_regression_best_califonia_housing_softmax_fold_1_retr.pth
[Stage1] Epoch 2157 - Val R²: 0.7117 | Reg Val Loss: 0.2828
[Stage1] New best (epoch 2157) Val Loss: 0.2828 — saved: checkpoints\nnknn_regression_best_califonia_housing_softmax_fold_1_retr.pth
[Stage1] Epoch 2158 - Val R²: 0.7116 | Reg Val Loss: 0.2828
[Stage1] No improv. Best so far: 0.2828 (epoch 2157)
[Stage1] Epoch 2159 - Val R²: 0.7117 | Reg Val Loss: 0.2827
[Stage1] New best (epoch 2159) Val Loss: 0.2827 — saved: checkpoints\nnknn_regression_best_califonia_housing_softmax_fold_1_retr.pth
[Stage1] Epoch 2160 - Val R²: 0.7118 | Reg Val Loss: 0.2827
[Stage1] New best (epoch 2160) Val Loss: 0.2827 — saved: checkpoints\nnknn_regression_best_califonia_housing_softmax_fold_1_retr.pth
[Stage1] Epoch 2161 - Val R²: 0.7117 | Reg Val Loss: 0.2827
[Stage1] No improv. Best so far: 0.2827 (epoch 2160)
[Stage1] Epoch 2162 - Val R²: 0.7118 | Reg Val Loss: 0.2827
[Stage1] No improv. Best so far: 0.2827 (epoch 2160)
[Stage1] Epoch 2163 - Val R²: 0.7117 | Reg Val Loss: 0.2827
[Stage1] No improv. Best so far: 0.2827 (epoch 2160)
[Stage1] Epoch 2164 - Val R²: 0.7118 | Reg Val Loss: 0.2827
[Stage1] New best (epoch 2164) Val Loss: 0.2827 — saved: checkpoints\nnknn_regression_best_califonia_housing_softmax_fold_1_retr.pth
[Stage1] Epoch 2165 - Val R²: 0.7118 | Reg Val Loss: 0.2827
[Stage1] No improv. Best so far: 0.2827 (epoch 2164)
[Stage1] Epoch 2166 - Val R²: 0.7118 | Reg Val Loss: 0.2827
[Stage1] No improv. Best so far: 0.2827 (epoch 2164)
[Stage1] Epoch 2167 - Val R²: 0.7118 | Reg Val Loss: 0.2827
[Stage1] New best (epoch 2167) Val Loss: 0.2827 — saved: checkpoints\nnknn_regression_best_califonia_housing_softmax_fold_1_retr.pth
[Stage1] Epoch 2168 - Val R²: 0.7117 | Reg Val Loss: 0.2828
[Stage1] No improv. Best so far: 0.2827 (epoch 2167)
[Stage1] Epoch 2169 - Val R²: 0.7118 | Reg Val Loss: 0.2827
[Stage1] New best (epoch 2169) Val Loss: 0.2827 — saved: checkpoints\nnknn_regression_best_califonia_housing_softmax_fold_1_retr.pth
[Stage1] Epoch 2170 - Val R²: 0.7118 | Reg Val Loss: 0.2827
[Stage1] New best (epoch 2170) Val Loss: 0.2827 — saved: checkpoints\nnknn_regression_best_califonia_housing_softmax_fold_1_retr.pth
[Stage1] Epoch 2171 - Val R²: 0.7118 | Reg Val Loss: 0.2826
[Stage1] New best (epoch 2171) Val Loss: 0.2826 — saved: checkpoints\nnknn_regression_best_califonia_housing_softmax_fold_1_retr.pth
[Stage1] Epoch 2172 - Val R²: 0.7119 | Reg Val Loss: 0.2826
[Stage1] New best (epoch 2172) Val Loss: 0.2826 — saved: checkpoints\nnknn_regression_best_califonia_housing_softmax_fold_1_retr.pth
[Stage1] Epoch 2173 - Val R²: 0.7118 | Reg Val Loss: 0.2826
[Stage1] No improv. Best so far: 0.2826 (epoch 2172)
[Stage1] Epoch 2174 - Val R²: 0.7119 | Reg Val Loss: 0.2826
[Stage1] No improv. Best so far: 0.2826 (epoch 2172)
[Stage1] Epoch 2175 - Val R²: 0.7119 | Reg Val Loss: 0.2826
[Stage1] New best (epoch 2175) Val Loss: 0.2826 — saved: checkpoints\nnknn_regression_best_califonia_housing_softmax_fold_1_retr.pth
[Stage1] Epoch 2176 - Val R²: 0.7118 | Reg Val Loss: 0.2826
[Stage1] No improv. Best so far: 0.2826 (epoch 2175)
[Stage1] Epoch 2177 - Val R²: 0.7118 | Reg Val Loss: 0.2826
[Stage1] No improv. Best so far: 0.2826 (epoch 2175)
[Stage1] Epoch 2178 - Val R²: 0.7119 | Reg Val Loss: 0.2825
[Stage1] New best (epoch 2178) Val Loss: 0.2825 — saved: checkpoints\nnknn_regression_best_califonia_housing_softmax_fold_1_retr.pth
[Stage1] Epoch 2179 - Val R²: 0.7119 | Reg Val Loss: 0.2825
[Stage1] New best (epoch 2179) Val Loss: 0.2825 — saved: checkpoints\nnknn_regression_best_califonia_housing_softmax_fold_1_retr.pth
[Stage1] Epoch 2180 - Val R²: 0.7116 | Reg Val Loss: 0.2828
[Stage1] No improv. Best so far: 0.2825 (epoch 2179)
[Stage1] Epoch 2181 - Val R²: 0.7119 | Reg Val Loss: 0.2826
[Stage1] No improv. Best so far: 0.2825 (epoch 2179)
[Stage1] Epoch 2182 - Val R²: 0.7120 | Reg Val Loss: 0.2825
[Stage1] New best (epoch 2182) Val Loss: 0.2825 — saved: checkpoints\nnknn_regression_best_califonia_housing_softmax_fold_1_retr.pth
[Stage1] Epoch 2183 - Val R²: 0.7120 | Reg Val Loss: 0.2825
[Stage1] New best (epoch 2183) Val Loss: 0.2825 — saved: checkpoints\nnknn_regression_best_califonia_housing_softmax_fold_1_retr.pth
[Stage1] Epoch 2184 - Val R²: 0.7120 | Reg Val Loss: 0.2825
[Stage1] New best (epoch 2184) Val Loss: 0.2825 — saved: checkpoints\nnknn_regression_best_califonia_housing_softmax_fold_1_retr.pth
[Stage1] Epoch 2185 - Val R²: 0.7120 | Reg Val Loss: 0.2825
[Stage1] No improv. Best so far: 0.2825 (epoch 2184)
[Stage1] Epoch 2186 - Val R²: 0.7120 | Reg Val Loss: 0.2824
[Stage1] New best (epoch 2186) Val Loss: 0.2824 — saved: checkpoints\nnknn_regression_best_califonia_housing_softmax_fold_1_retr.pth
[Stage1] Epoch 2187 - Val R²: 0.7120 | Reg Val Loss: 0.2825
[Stage1] No improv. Best so far: 0.2824 (epoch 2186)
[Stage1] Epoch 2188 - Val R²: 0.7121 | Reg Val Loss: 0.2824
[Stage1] New best (epoch 2188) Val Loss: 0.2824 — saved: checkpoints\nnknn_regression_best_califonia_housing_softmax_fold_1_retr.pth
[Stage1] Epoch 2189 - Val R²: 0.7120 | Reg Val Loss: 0.2824
[Stage1] No improv. Best so far: 0.2824 (epoch 2188)
[Stage1] Epoch 2190 - Val R²: 0.7120 | Reg Val Loss: 0.2825
[Stage1] No improv. Best so far: 0.2824 (epoch 2188)
[Stage1] Epoch 2191 - Val R²: 0.7120 | Reg Val Loss: 0.2824
[Stage1] No improv. Best so far: 0.2824 (epoch 2188)
[Stage1] Epoch 2192 - Val R²: 0.7121 | Reg Val Loss: 0.2824
[Stage1] New best (epoch 2192) Val Loss: 0.2824 — saved: checkpoints\nnknn_regression_best_califonia_housing_softmax_fold_1_retr.pth
[Stage1] Epoch 2193 - Val R²: 0.7121 | Reg Val Loss: 0.2824
[Stage1] No improv. Best so far: 0.2824 (epoch 2192)
[Stage1] Epoch 2194 - Val R²: 0.7120 | Reg Val Loss: 0.2825
[Stage1] No improv. Best so far: 0.2824 (epoch 2192)
[Stage1] Epoch 2195 - Val R²: 0.7121 | Reg Val Loss: 0.2824
[Stage1] No improv. Best so far: 0.2824 (epoch 2192)
[Stage1] Epoch 2196 - Val R²: 0.7121 | Reg Val Loss: 0.2824
[Stage1] New best (epoch 2196) Val Loss: 0.2824 — saved: checkpoints\nnknn_regression_best_califonia_housing_softmax_fold_1_retr.pth
[Stage1] Epoch 2197 - Val R²: 0.7121 | Reg Val Loss: 0.2824
[Stage1] New best (epoch 2197) Val Loss: 0.2824 — saved: checkpoints\nnknn_regression_best_califonia_housing_softmax_fold_1_retr.pth
[Stage1] Epoch 2198 - Val R²: 0.7121 | Reg Val Loss: 0.2823
[Stage1] New best (epoch 2198) Val Loss: 0.2823 — saved: checkpoints\nnknn_regression_best_califonia_housing_softmax_fold_1_retr.pth
[Stage1] Epoch 2199 - Val R²: 0.7121 | Reg Val Loss: 0.2823
[Stage1] No improv. Best so far: 0.2823 (epoch 2198)
[Stage1] Epoch 2200 - Val R²: 0.7122 | Reg Val Loss: 0.2823
[Stage1] New best (epoch 2200) Val Loss: 0.2823 — saved: checkpoints\nnknn_regression_best_califonia_housing_softmax_fold_1_retr.pth
[Stage1] Epoch 2201 - Val R²: 0.7121 | Reg Val Loss: 0.2823
[Stage1] No improv. Best so far: 0.2823 (epoch 2200)
[Stage1] Epoch 2202 - Val R²: 0.7122 | Reg Val Loss: 0.2823
[Stage1] New best (epoch 2202) Val Loss: 0.2823 — saved: checkpoints\nnknn_regression_best_califonia_housing_softmax_fold_1_retr.pth
[Stage1] Epoch 2203 - Val R²: 0.7122 | Reg Val Loss: 0.2823
[Stage1] No improv. Best so far: 0.2823 (epoch 2202)
[Stage1] Epoch 2204 - Val R²: 0.7122 | Reg Val Loss: 0.2823
[Stage1] No improv. Best so far: 0.2823 (epoch 2202)
[Stage1] Epoch 2205 - Val R²: 0.7122 | Reg Val Loss: 0.2823
[Stage1] No improv. Best so far: 0.2823 (epoch 2202)
[Stage1] Epoch 2206 - Val R²: 0.7121 | Reg Val Loss: 0.2824
[Stage1] No improv. Best so far: 0.2823 (epoch 2202)
[Stage1] Epoch 2207 - Val R²: 0.7122 | Reg Val Loss: 0.2823
[Stage1] New best (epoch 2207) Val Loss: 0.2823 — saved: checkpoints\nnknn_regression_best_califonia_housing_softmax_fold_1_retr.pth
[Stage1] Epoch 2208 - Val R²: 0.7122 | Reg Val Loss: 0.2823
[Stage1] New best (epoch 2208) Val Loss: 0.2823 — saved: checkpoints\nnknn_regression_best_califonia_housing_softmax_fold_1_retr.pth
[Stage1] Epoch 2209 - Val R²: 0.7122 | Reg Val Loss: 0.2823
[Stage1] No improv. Best so far: 0.2823 (epoch 2208)
[Stage1] Epoch 2210 - Val R²: 0.7122 | Reg Val Loss: 0.2823
[Stage1] New best (epoch 2210) Val Loss: 0.2823 — saved: checkpoints\nnknn_regression_best_califonia_housing_softmax_fold_1_retr.pth
[Stage1] Epoch 2211 - Val R²: 0.7123 | Reg Val Loss: 0.2822
[Stage1] New best (epoch 2211) Val Loss: 0.2822 — saved: checkpoints\nnknn_regression_best_califonia_housing_softmax_fold_1_retr.pth
[Stage1] Epoch 2212 - Val R²: 0.7122 | Reg Val Loss: 0.2822
[Stage1] No improv. Best so far: 0.2822 (epoch 2211)
[Stage1] Epoch 2213 - Val R²: 0.7122 | Reg Val Loss: 0.2823
[Stage1] No improv. Best so far: 0.2822 (epoch 2211)
[Stage1] Epoch 2214 - Val R²: 0.7122 | Reg Val Loss: 0.2822
[Stage1] No improv. Best so far: 0.2822 (epoch 2211)
[Stage1] Epoch 2215 - Val R²: 0.7123 | Reg Val Loss: 0.2822
[Stage1] No improv. Best so far: 0.2822 (epoch 2211)
[Stage1] Epoch 2216 - Val R²: 0.7123 | Reg Val Loss: 0.2822
[Stage1] New best (epoch 2216) Val Loss: 0.2822 — saved: checkpoints\nnknn_regression_best_califonia_housing_softmax_fold_1_retr.pth
[Stage1] Epoch 2217 - Val R²: 0.7122 | Reg Val Loss: 0.2823
[Stage1] No improv. Best so far: 0.2822 (epoch 2216)
[Stage1] Epoch 2218 - Val R²: 0.7123 | Reg Val Loss: 0.2822
[Stage1] No improv. Best so far: 0.2822 (epoch 2216)
[Stage1] Epoch 2219 - Val R²: 0.7123 | Reg Val Loss: 0.2822
[Stage1] No improv. Best so far: 0.2822 (epoch 2216)
[Stage1] Epoch 2220 - Val R²: 0.7123 | Reg Val Loss: 0.2822
[Stage1] No improv. Best so far: 0.2822 (epoch 2216)
[Stage1] Epoch 2221 - Val R²: 0.7123 | Reg Val Loss: 0.2822
[Stage1] No improv. Best so far: 0.2822 (epoch 2216)
[Stage1] Epoch 2222 - Val R²: 0.7123 | Reg Val Loss: 0.2822
[Stage1] New best (epoch 2222) Val Loss: 0.2822 — saved: checkpoints\nnknn_regression_best_califonia_housing_softmax_fold_1_retr.pth
[Stage1] Epoch 2223 - Val R²: 0.7124 | Reg Val Loss: 0.2821
[Stage1] New best (epoch 2223) Val Loss: 0.2821 — saved: checkpoints\nnknn_regression_best_califonia_housing_softmax_fold_1_retr.pth
[Stage1] Epoch 2224 - Val R²: 0.7124 | Reg Val Loss: 0.2821
[Stage1] New best (epoch 2224) Val Loss: 0.2821 — saved: checkpoints\nnknn_regression_best_califonia_housing_softmax_fold_1_retr.pth
[Stage1] Epoch 2225 - Val R²: 0.7124 | Reg Val Loss: 0.2821
[Stage1] No improv. Best so far: 0.2821 (epoch 2224)
[Stage1] Epoch 2226 - Val R²: 0.7124 | Reg Val Loss: 0.2821
[Stage1] No improv. Best so far: 0.2821 (epoch 2224)
[Stage1] Epoch 2227 - Val R²: 0.7124 | Reg Val Loss: 0.2821
[Stage1] No improv. Best so far: 0.2821 (epoch 2224)
[Stage1] Epoch 2228 - Val R²: 0.7124 | Reg Val Loss: 0.2821
[Stage1] No improv. Best so far: 0.2821 (epoch 2224)
[Stage1] Epoch 2229 - Val R²: 0.7124 | Reg Val Loss: 0.2821
[Stage1] No improv. Best so far: 0.2821 (epoch 2224)
[Stage1] Epoch 2230 - Val R²: 0.7124 | Reg Val Loss: 0.2821
[Stage1] New best (epoch 2230) Val Loss: 0.2821 — saved: checkpoints\nnknn_regression_best_califonia_housing_softmax_fold_1_retr.pth
[Stage1] Epoch 2231 - Val R²: 0.7124 | Reg Val Loss: 0.2821
[Stage1] No improv. Best so far: 0.2821 (epoch 2230)
[Stage1] Epoch 2232 - Val R²: 0.7124 | Reg Val Loss: 0.2821
[Stage1] No improv. Best so far: 0.2821 (epoch 2230)
[Stage1] Epoch 2233 - Val R²: 0.7124 | Reg Val Loss: 0.2820
[Stage1] New best (epoch 2233) Val Loss: 0.2820 — saved: checkpoints\nnknn_regression_best_califonia_housing_softmax_fold_1_retr.pth
[Stage1] Epoch 2234 - Val R²: 0.7124 | Reg Val Loss: 0.2821
[Stage1] No improv. Best so far: 0.2820 (epoch 2233)
[Stage1] Epoch 2235 - Val R²: 0.7124 | Reg Val Loss: 0.2820
[Stage1] No improv. Best so far: 0.2820 (epoch 2233)
[Stage1] Epoch 2236 - Val R²: 0.7125 | Reg Val Loss: 0.2820
[Stage1] New best (epoch 2236) Val Loss: 0.2820 — saved: checkpoints\nnknn_regression_best_califonia_housing_softmax_fold_1_retr.pth
[Stage1] Epoch 2237 - Val R²: 0.7125 | Reg Val Loss: 0.2820
[Stage1] New best (epoch 2237) Val Loss: 0.2820 — saved: checkpoints\nnknn_regression_best_califonia_housing_softmax_fold_1_retr.pth
[Stage1] Epoch 2238 - Val R²: 0.7125 | Reg Val Loss: 0.2820
[Stage1] New best (epoch 2238) Val Loss: 0.2820 — saved: checkpoints\nnknn_regression_best_califonia_housing_softmax_fold_1_retr.pth
[Stage1] Epoch 2239 - Val R²: 0.7126 | Reg Val Loss: 0.2819
[Stage1] New best (epoch 2239) Val Loss: 0.2819 — saved: checkpoints\nnknn_regression_best_califonia_housing_softmax_fold_1_retr.pth
[Stage1] Epoch 2240 - Val R²: 0.7124 | Reg Val Loss: 0.2821
[Stage1] No improv. Best so far: 0.2819 (epoch 2239)
[Stage1] Epoch 2241 - Val R²: 0.7125 | Reg Val Loss: 0.2820
[Stage1] No improv. Best so far: 0.2819 (epoch 2239)
[Stage1] Epoch 2242 - Val R²: 0.7126 | Reg Val Loss: 0.2819
[Stage1] New best (epoch 2242) Val Loss: 0.2819 — saved: checkpoints\nnknn_regression_best_califonia_housing_softmax_fold_1_retr.pth
[Stage1] Epoch 2243 - Val R²: 0.7125 | Reg Val Loss: 0.2820
[Stage1] No improv. Best so far: 0.2819 (epoch 2242)
[Stage1] Epoch 2244 - Val R²: 0.7126 | Reg Val Loss: 0.2819
[Stage1] New best (epoch 2244) Val Loss: 0.2819 — saved: checkpoints\nnknn_regression_best_califonia_housing_softmax_fold_1_retr.pth
[Stage1] Epoch 2245 - Val R²: 0.7126 | Reg Val Loss: 0.2819
[Stage1] No improv. Best so far: 0.2819 (epoch 2244)
[Stage1] Epoch 2246 - Val R²: 0.7126 | Reg Val Loss: 0.2819
[Stage1] No improv. Best so far: 0.2819 (epoch 2244)
[Stage1] Epoch 2247 - Val R²: 0.7126 | Reg Val Loss: 0.2819
[Stage1] No improv. Best so far: 0.2819 (epoch 2244)
[Stage1] Epoch 2248 - Val R²: 0.7126 | Reg Val Loss: 0.2819
[Stage1] New best (epoch 2248) Val Loss: 0.2819 — saved: checkpoints\nnknn_regression_best_califonia_housing_softmax_fold_1_retr.pth
[Stage1] Epoch 2249 - Val R²: 0.7125 | Reg Val Loss: 0.2819
[Stage1] No improv. Best so far: 0.2819 (epoch 2248)
[Stage1] Epoch 2250 - Val R²: 0.7125 | Reg Val Loss: 0.2819
[Stage1] No improv. Best so far: 0.2819 (epoch 2248)
[Stage1] Epoch 2251 - Val R²: 0.7126 | Reg Val Loss: 0.2819
[Stage1] New best (epoch 2251) Val Loss: 0.2819 — saved: checkpoints\nnknn_regression_best_califonia_housing_softmax_fold_1_retr.pth
[Stage1] Epoch 2252 - Val R²: 0.7126 | Reg Val Loss: 0.2819
[Stage1] New best (epoch 2252) Val Loss: 0.2819 — saved: checkpoints\nnknn_regression_best_califonia_housing_softmax_fold_1_retr.pth
[Stage1] Epoch 2253 - Val R²: 0.7126 | Reg Val Loss: 0.2819
[Stage1] No improv. Best so far: 0.2819 (epoch 2252)
[Stage1] Epoch 2254 - Val R²: 0.7127 | Reg Val Loss: 0.2818
[Stage1] New best (epoch 2254) Val Loss: 0.2818 — saved: checkpoints\nnknn_regression_best_califonia_housing_softmax_fold_1_retr.pth
[Stage1] Epoch 2255 - Val R²: 0.7127 | Reg Val Loss: 0.2818
[Stage1] New best (epoch 2255) Val Loss: 0.2818 — saved: checkpoints\nnknn_regression_best_califonia_housing_softmax_fold_1_retr.pth
[Stage1] Epoch 2256 - Val R²: 0.7127 | Reg Val Loss: 0.2818
[Stage1] No improv. Best so far: 0.2818 (epoch 2255)
[Stage1] Epoch 2257 - Val R²: 0.7127 | Reg Val Loss: 0.2818
[Stage1] New best (epoch 2257) Val Loss: 0.2818 — saved: checkpoints\nnknn_regression_best_califonia_housing_softmax_fold_1_retr.pth
[Stage1] Epoch 2258 - Val R²: 0.7127 | Reg Val Loss: 0.2818
[Stage1] No improv. Best so far: 0.2818 (epoch 2257)
[Stage1] Epoch 2259 - Val R²: 0.7127 | Reg Val Loss: 0.2818
[Stage1] No improv. Best so far: 0.2818 (epoch 2257)
[Stage1] Epoch 2260 - Val R²: 0.7126 | Reg Val Loss: 0.2819
[Stage1] No improv. Best so far: 0.2818 (epoch 2257)
[Stage1] Epoch 2261 - Val R²: 0.7127 | Reg Val Loss: 0.2818
[Stage1] No improv. Best so far: 0.2818 (epoch 2257)
[Stage1] Epoch 2262 - Val R²: 0.7127 | Reg Val Loss: 0.2818
[Stage1] No improv. Best so far: 0.2818 (epoch 2257)
[Stage1] Epoch 2263 - Val R²: 0.7127 | Reg Val Loss: 0.2818
[Stage1] New best (epoch 2263) Val Loss: 0.2818 — saved: checkpoints\nnknn_regression_best_califonia_housing_softmax_fold_1_retr.pth
[Stage1] Epoch 2264 - Val R²: 0.7127 | Reg Val Loss: 0.2818
[Stage1] No improv. Best so far: 0.2818 (epoch 2263)
[Stage1] Epoch 2265 - Val R²: 0.7128 | Reg Val Loss: 0.2817
[Stage1] New best (epoch 2265) Val Loss: 0.2817 — saved: checkpoints\nnknn_regression_best_califonia_housing_softmax_fold_1_retr.pth
[Stage1] Epoch 2266 - Val R²: 0.7127 | Reg Val Loss: 0.2818
[Stage1] No improv. Best so far: 0.2817 (epoch 2265)
[Stage1] Epoch 2267 - Val R²: 0.7128 | Reg Val Loss: 0.2817
[Stage1] New best (epoch 2267) Val Loss: 0.2817 — saved: checkpoints\nnknn_regression_best_califonia_housing_softmax_fold_1_retr.pth
[Stage1] Epoch 2268 - Val R²: 0.7127 | Reg Val Loss: 0.2818
[Stage1] No improv. Best so far: 0.2817 (epoch 2267)
[Stage1] Epoch 2269 - Val R²: 0.7128 | Reg Val Loss: 0.2817
[Stage1] New best (epoch 2269) Val Loss: 0.2817 — saved: checkpoints\nnknn_regression_best_califonia_housing_softmax_fold_1_retr.pth
[Stage1] Epoch 2270 - Val R²: 0.7128 | Reg Val Loss: 0.2817
[Stage1] No improv. Best so far: 0.2817 (epoch 2269)
[Stage1] Epoch 2271 - Val R²: 0.7128 | Reg Val Loss: 0.2817
[Stage1] New best (epoch 2271) Val Loss: 0.2817 — saved: checkpoints\nnknn_regression_best_califonia_housing_softmax_fold_1_retr.pth
[Stage1] Epoch 2272 - Val R²: 0.7128 | Reg Val Loss: 0.2817
[Stage1] No improv. Best so far: 0.2817 (epoch 2271)
[Stage1] Epoch 2273 - Val R²: 0.7129 | Reg Val Loss: 0.2816
[Stage1] New best (epoch 2273) Val Loss: 0.2816 — saved: checkpoints\nnknn_regression_best_califonia_housing_softmax_fold_1_retr.pth
[Stage1] Epoch 2274 - Val R²: 0.7128 | Reg Val Loss: 0.2816
[Stage1] No improv. Best so far: 0.2816 (epoch 2273)
[Stage1] Epoch 2275 - Val R²: 0.7129 | Reg Val Loss: 0.2816
[Stage1] No improv. Best so far: 0.2816 (epoch 2273)
[Stage1] Epoch 2276 - Val R²: 0.7129 | Reg Val Loss: 0.2816
[Stage1] No improv. Best so far: 0.2816 (epoch 2273)
[Stage1] Epoch 2277 - Val R²: 0.7128 | Reg Val Loss: 0.2817
[Stage1] No improv. Best so far: 0.2816 (epoch 2273)
[Stage1] Epoch 2278 - Val R²: 0.7129 | Reg Val Loss: 0.2816
[Stage1] New best (epoch 2278) Val Loss: 0.2816 — saved: checkpoints\nnknn_regression_best_califonia_housing_softmax_fold_1_retr.pth
[Stage1] Epoch 2279 - Val R²: 0.7129 | Reg Val Loss: 0.2816
[Stage1] No improv. Best so far: 0.2816 (epoch 2278)
[Stage1] Epoch 2280 - Val R²: 0.7129 | Reg Val Loss: 0.2816
[Stage1] New best (epoch 2280) Val Loss: 0.2816 — saved: checkpoints\nnknn_regression_best_califonia_housing_softmax_fold_1_retr.pth
[Stage1] Epoch 2281 - Val R²: 0.7129 | Reg Val Loss: 0.2816
[Stage1] No improv. Best so far: 0.2816 (epoch 2280)
[Stage1] Epoch 2282 - Val R²: 0.7129 | Reg Val Loss: 0.2816
[Stage1] No improv. Best so far: 0.2816 (epoch 2280)
[Stage1] Epoch 2283 - Val R²: 0.7129 | Reg Val Loss: 0.2816
[Stage1] No improv. Best so far: 0.2816 (epoch 2280)
[Stage1] Epoch 2284 - Val R²: 0.7129 | Reg Val Loss: 0.2816
[Stage1] New best (epoch 2284) Val Loss: 0.2816 — saved: checkpoints\nnknn_regression_best_califonia_housing_softmax_fold_1_retr.pth
[Stage1] Epoch 2285 - Val R²: 0.7129 | Reg Val Loss: 0.2816
[Stage1] No improv. Best so far: 0.2816 (epoch 2284)
[Stage1] Epoch 2286 - Val R²: 0.7130 | Reg Val Loss: 0.2815
[Stage1] New best (epoch 2286) Val Loss: 0.2815 — saved: checkpoints\nnknn_regression_best_califonia_housing_softmax_fold_1_retr.pth
[Stage1] Epoch 2287 - Val R²: 0.7129 | Reg Val Loss: 0.2815
[Stage1] No improv. Best so far: 0.2815 (epoch 2286)
[Stage1] Epoch 2288 - Val R²: 0.7130 | Reg Val Loss: 0.2815
[Stage1] No improv. Best so far: 0.2815 (epoch 2286)
[Stage1] Epoch 2289 - Val R²: 0.7130 | Reg Val Loss: 0.2815
[Stage1] New best (epoch 2289) Val Loss: 0.2815 — saved: checkpoints\nnknn_regression_best_califonia_housing_softmax_fold_1_retr.pth
[Stage1] Epoch 2290 - Val R²: 0.7130 | Reg Val Loss: 0.2815
[Stage1] No improv. Best so far: 0.2815 (epoch 2289)
[Stage1] Epoch 2291 - Val R²: 0.7130 | Reg Val Loss: 0.2815
[Stage1] New best (epoch 2291) Val Loss: 0.2815 — saved: checkpoints\nnknn_regression_best_califonia_housing_softmax_fold_1_retr.pth
[Stage1] Epoch 2292 - Val R²: 0.7129 | Reg Val Loss: 0.2816
[Stage1] No improv. Best so far: 0.2815 (epoch 2291)
[Stage1] Epoch 2293 - Val R²: 0.7130 | Reg Val Loss: 0.2815
[Stage1] No improv. Best so far: 0.2815 (epoch 2291)
[Stage1] Epoch 2294 - Val R²: 0.7130 | Reg Val Loss: 0.2815
[Stage1] New best (epoch 2294) Val Loss: 0.2815 — saved: checkpoints\nnknn_regression_best_califonia_housing_softmax_fold_1_retr.pth
[Stage1] Epoch 2295 - Val R²: 0.7130 | Reg Val Loss: 0.2815
[Stage1] No improv. Best so far: 0.2815 (epoch 2294)
[Stage1] Epoch 2296 - Val R²: 0.7130 | Reg Val Loss: 0.2815
[Stage1] No improv. Best so far: 0.2815 (epoch 2294)
[Stage1] Epoch 2297 - Val R²: 0.7131 | Reg Val Loss: 0.2814
[Stage1] New best (epoch 2297) Val Loss: 0.2814 — saved: checkpoints\nnknn_regression_best_califonia_housing_softmax_fold_1_retr.pth
[Stage1] Epoch 2298 - Val R²: 0.7131 | Reg Val Loss: 0.2814
[Stage1] New best (epoch 2298) Val Loss: 0.2814 — saved: checkpoints\nnknn_regression_best_califonia_housing_softmax_fold_1_retr.pth
[Stage1] Epoch 2299 - Val R²: 0.7130 | Reg Val Loss: 0.2815
[Stage1] No improv. Best so far: 0.2814 (epoch 2298)
[Stage1] Epoch 2300 - Val R²: 0.7130 | Reg Val Loss: 0.2815
[Stage1] No improv. Best so far: 0.2814 (epoch 2298)
[Stage1] Epoch 2301 - Val R²: 0.7131 | Reg Val Loss: 0.2814
[Stage1] No improv. Best so far: 0.2814 (epoch 2298)
[Stage1] Epoch 2302 - Val R²: 0.7130 | Reg Val Loss: 0.2815
[Stage1] No improv. Best so far: 0.2814 (epoch 2298)
[Stage1] Epoch 2303 - Val R²: 0.7130 | Reg Val Loss: 0.2815
[Stage1] No improv. Best so far: 0.2814 (epoch 2298)
[Stage1] Epoch 2304 - Val R²: 0.7132 | Reg Val Loss: 0.2813
[Stage1] New best (epoch 2304) Val Loss: 0.2813 — saved: checkpoints\nnknn_regression_best_califonia_housing_softmax_fold_1_retr.pth
[Stage1] Epoch 2305 - Val R²: 0.7131 | Reg Val Loss: 0.2814
[Stage1] No improv. Best so far: 0.2813 (epoch 2304)
[Stage1] Epoch 2306 - Val R²: 0.7132 | Reg Val Loss: 0.2813
[Stage1] New best (epoch 2306) Val Loss: 0.2813 — saved: checkpoints\nnknn_regression_best_califonia_housing_softmax_fold_1_retr.pth
[Stage1] Epoch 2307 - Val R²: 0.7130 | Reg Val Loss: 0.2814
[Stage1] No improv. Best so far: 0.2813 (epoch 2306)
[Stage1] Epoch 2308 - Val R²: 0.7131 | Reg Val Loss: 0.2814
[Stage1] No improv. Best so far: 0.2813 (epoch 2306)
[Stage1] Epoch 2309 - Val R²: 0.7132 | Reg Val Loss: 0.2813
[Stage1] New best (epoch 2309) Val Loss: 0.2813 — saved: checkpoints\nnknn_regression_best_califonia_housing_softmax_fold_1_retr.pth
[Stage1] Epoch 2310 - Val R²: 0.7132 | Reg Val Loss: 0.2813
[Stage1] No improv. Best so far: 0.2813 (epoch 2309)
[Stage1] Epoch 2311 - Val R²: 0.7131 | Reg Val Loss: 0.2814
[Stage1] No improv. Best so far: 0.2813 (epoch 2309)
[Stage1] Epoch 2312 - Val R²: 0.7131 | Reg Val Loss: 0.2814
[Stage1] No improv. Best so far: 0.2813 (epoch 2309)
[Stage1] Epoch 2313 - Val R²: 0.7132 | Reg Val Loss: 0.2813
[Stage1] No improv. Best so far: 0.2813 (epoch 2309)
[Stage1] Epoch 2314 - Val R²: 0.7132 | Reg Val Loss: 0.2813
[Stage1] New best (epoch 2314) Val Loss: 0.2813 — saved: checkpoints\nnknn_regression_best_califonia_housing_softmax_fold_1_retr.pth
[Stage1] Epoch 2315 - Val R²: 0.7132 | Reg Val Loss: 0.2813
[Stage1] No improv. Best so far: 0.2813 (epoch 2314)
[Stage1] Epoch 2316 - Val R²: 0.7131 | Reg Val Loss: 0.2814
[Stage1] No improv. Best so far: 0.2813 (epoch 2314)
[Stage1] Epoch 2317 - Val R²: 0.7132 | Reg Val Loss: 0.2813
[Stage1] New best (epoch 2317) Val Loss: 0.2813 — saved: checkpoints\nnknn_regression_best_califonia_housing_softmax_fold_1_retr.pth
[Stage1] Epoch 2318 - Val R²: 0.7133 | Reg Val Loss: 0.2812
[Stage1] New best (epoch 2318) Val Loss: 0.2812 — saved: checkpoints\nnknn_regression_best_califonia_housing_softmax_fold_1_retr.pth
[Stage1] Epoch 2319 - Val R²: 0.7133 | Reg Val Loss: 0.2812
[Stage1] New best (epoch 2319) Val Loss: 0.2812 — saved: checkpoints\nnknn_regression_best_califonia_housing_softmax_fold_1_retr.pth
[Stage1] Epoch 2320 - Val R²: 0.7132 | Reg Val Loss: 0.2813
[Stage1] No improv. Best so far: 0.2812 (epoch 2319)
[Stage1] Epoch 2321 - Val R²: 0.7132 | Reg Val Loss: 0.2813
[Stage1] No improv. Best so far: 0.2812 (epoch 2319)
[Stage1] Epoch 2322 - Val R²: 0.7132 | Reg Val Loss: 0.2813
[Stage1] No improv. Best so far: 0.2812 (epoch 2319)
[Stage1] Epoch 2323 - Val R²: 0.7133 | Reg Val Loss: 0.2812
[Stage1] New best (epoch 2323) Val Loss: 0.2812 — saved: checkpoints\nnknn_regression_best_califonia_housing_softmax_fold_1_retr.pth
[Stage1] Epoch 2324 - Val R²: 0.7133 | Reg Val Loss: 0.2812
[Stage1] New best (epoch 2324) Val Loss: 0.2812 — saved: checkpoints\nnknn_regression_best_califonia_housing_softmax_fold_1_retr.pth
[Stage1] Epoch 2325 - Val R²: 0.7132 | Reg Val Loss: 0.2813
[Stage1] No improv. Best so far: 0.2812 (epoch 2324)
[Stage1] Epoch 2326 - Val R²: 0.7132 | Reg Val Loss: 0.2813
[Stage1] No improv. Best so far: 0.2812 (epoch 2324)
[Stage1] Epoch 2327 - Val R²: 0.7133 | Reg Val Loss: 0.2812
[Stage1] No improv. Best so far: 0.2812 (epoch 2324)
[Stage1] Epoch 2328 - Val R²: 0.7133 | Reg Val Loss: 0.2812
[Stage1] New best (epoch 2328) Val Loss: 0.2812 — saved: checkpoints\nnknn_regression_best_califonia_housing_softmax_fold_1_retr.pth
[Stage1] Epoch 2329 - Val R²: 0.7133 | Reg Val Loss: 0.2812
[Stage1] No improv. Best so far: 0.2812 (epoch 2328)
[Stage1] Epoch 2330 - Val R²: 0.7133 | Reg Val Loss: 0.2812
[Stage1] New best (epoch 2330) Val Loss: 0.2812 — saved: checkpoints\nnknn_regression_best_califonia_housing_softmax_fold_1_retr.pth
[Stage1] Epoch 2331 - Val R²: 0.7133 | Reg Val Loss: 0.2812
[Stage1] No improv. Best so far: 0.2812 (epoch 2330)
[Stage1] Epoch 2332 - Val R²: 0.7133 | Reg Val Loss: 0.2812
[Stage1] No improv. Best so far: 0.2812 (epoch 2330)
[Stage1] Epoch 2333 - Val R²: 0.7134 | Reg Val Loss: 0.2811
[Stage1] New best (epoch 2333) Val Loss: 0.2811 — saved: checkpoints\nnknn_regression_best_califonia_housing_softmax_fold_1_retr.pth
[Stage1] Epoch 2334 - Val R²: 0.7133 | Reg Val Loss: 0.2812
[Stage1] No improv. Best so far: 0.2811 (epoch 2333)
[Stage1] Epoch 2335 - Val R²: 0.7134 | Reg Val Loss: 0.2811
[Stage1] New best (epoch 2335) Val Loss: 0.2811 — saved: checkpoints\nnknn_regression_best_califonia_housing_softmax_fold_1_retr.pth
[Stage1] Epoch 2336 - Val R²: 0.7134 | Reg Val Loss: 0.2811
[Stage1] No improv. Best so far: 0.2811 (epoch 2335)
[Stage1] Epoch 2337 - Val R²: 0.7134 | Reg Val Loss: 0.2811
[Stage1] New best (epoch 2337) Val Loss: 0.2811 — saved: checkpoints\nnknn_regression_best_califonia_housing_softmax_fold_1_retr.pth
[Stage1] Epoch 2338 - Val R²: 0.7134 | Reg Val Loss: 0.2811
[Stage1] New best (epoch 2338) Val Loss: 0.2811 — saved: checkpoints\nnknn_regression_best_califonia_housing_softmax_fold_1_retr.pth
[Stage1] Epoch 2339 - Val R²: 0.7134 | Reg Val Loss: 0.2811
[Stage1] No improv. Best so far: 0.2811 (epoch 2338)
[Stage1] Epoch 2340 - Val R²: 0.7134 | Reg Val Loss: 0.2811
[Stage1] New best (epoch 2340) Val Loss: 0.2811 — saved: checkpoints\nnknn_regression_best_califonia_housing_softmax_fold_1_retr.pth
[Stage1] Epoch 2341 - Val R²: 0.7134 | Reg Val Loss: 0.2811
[Stage1] New best (epoch 2341) Val Loss: 0.2811 — saved: checkpoints\nnknn_regression_best_califonia_housing_softmax_fold_1_retr.pth
[Stage1] Epoch 2342 - Val R²: 0.7134 | Reg Val Loss: 0.2811
[Stage1] New best (epoch 2342) Val Loss: 0.2811 — saved: checkpoints\nnknn_regression_best_califonia_housing_softmax_fold_1_retr.pth
[Stage1] Epoch 2343 - Val R²: 0.7134 | Reg Val Loss: 0.2811
[Stage1] No improv. Best so far: 0.2811 (epoch 2342)
[Stage1] Epoch 2344 - Val R²: 0.7134 | Reg Val Loss: 0.2811
[Stage1] New best (epoch 2344) Val Loss: 0.2811 — saved: checkpoints\nnknn_regression_best_califonia_housing_softmax_fold_1_retr.pth
[Stage1] Epoch 2345 - Val R²: 0.7135 | Reg Val Loss: 0.2810
[Stage1] New best (epoch 2345) Val Loss: 0.2810 — saved: checkpoints\nnknn_regression_best_califonia_housing_softmax_fold_1_retr.pth
[Stage1] Epoch 2346 - Val R²: 0.7134 | Reg Val Loss: 0.2811
[Stage1] No improv. Best so far: 0.2810 (epoch 2345)
[Stage1] Epoch 2347 - Val R²: 0.7135 | Reg Val Loss: 0.2810
[Stage1] New best (epoch 2347) Val Loss: 0.2810 — saved: checkpoints\nnknn_regression_best_califonia_housing_softmax_fold_1_retr.pth
[Stage1] Epoch 2348 - Val R²: 0.7135 | Reg Val Loss: 0.2810
[Stage1] New best (epoch 2348) Val Loss: 0.2810 — saved: checkpoints\nnknn_regression_best_califonia_housing_softmax_fold_1_retr.pth
[Stage1] Epoch 2349 - Val R²: 0.7135 | Reg Val Loss: 0.2810
[Stage1] New best (epoch 2349) Val Loss: 0.2810 — saved: checkpoints\nnknn_regression_best_califonia_housing_softmax_fold_1_retr.pth
[Stage1] Epoch 2350 - Val R²: 0.7134 | Reg Val Loss: 0.2811
[Stage1] No improv. Best so far: 0.2810 (epoch 2349)
[Stage1] Epoch 2351 - Val R²: 0.7135 | Reg Val Loss: 0.2810
[Stage1] No improv. Best so far: 0.2810 (epoch 2349)
[Stage1] Epoch 2352 - Val R²: 0.7135 | Reg Val Loss: 0.2810
[Stage1] New best (epoch 2352) Val Loss: 0.2810 — saved: checkpoints\nnknn_regression_best_califonia_housing_softmax_fold_1_retr.pth
[Stage1] Epoch 2353 - Val R²: 0.7135 | Reg Val Loss: 0.2810
[Stage1] New best (epoch 2353) Val Loss: 0.2810 — saved: checkpoints\nnknn_regression_best_califonia_housing_softmax_fold_1_retr.pth
[Stage1] Epoch 2354 - Val R²: 0.7136 | Reg Val Loss: 0.2809
[Stage1] New best (epoch 2354) Val Loss: 0.2809 — saved: checkpoints\nnknn_regression_best_califonia_housing_softmax_fold_1_retr.pth
[Stage1] Epoch 2355 - Val R²: 0.7136 | Reg Val Loss: 0.2809
[Stage1] New best (epoch 2355) Val Loss: 0.2809 — saved: checkpoints\nnknn_regression_best_califonia_housing_softmax_fold_1_retr.pth
[Stage1] Epoch 2356 - Val R²: 0.7136 | Reg Val Loss: 0.2809
[Stage1] New best (epoch 2356) Val Loss: 0.2809 — saved: checkpoints\nnknn_regression_best_califonia_housing_softmax_fold_1_retr.pth
[Stage1] Epoch 2357 - Val R²: 0.7136 | Reg Val Loss: 0.2809
[Stage1] No improv. Best so far: 0.2809 (epoch 2356)
[Stage1] Epoch 2358 - Val R²: 0.7136 | Reg Val Loss: 0.2809
[Stage1] New best (epoch 2358) Val Loss: 0.2809 — saved: checkpoints\nnknn_regression_best_califonia_housing_softmax_fold_1_retr.pth
[Stage1] Epoch 2359 - Val R²: 0.7136 | Reg Val Loss: 0.2809
[Stage1] No improv. Best so far: 0.2809 (epoch 2358)
[Stage1] Epoch 2360 - Val R²: 0.7136 | Reg Val Loss: 0.2809
[Stage1] New best (epoch 2360) Val Loss: 0.2809 — saved: checkpoints\nnknn_regression_best_califonia_housing_softmax_fold_1_retr.pth
[Stage1] Epoch 2361 - Val R²: 0.7136 | Reg Val Loss: 0.2809
[Stage1] New best (epoch 2361) Val Loss: 0.2809 — saved: checkpoints\nnknn_regression_best_califonia_housing_softmax_fold_1_retr.pth
[Stage1] Epoch 2362 - Val R²: 0.7136 | Reg Val Loss: 0.2809
[Stage1] No improv. Best so far: 0.2809 (epoch 2361)
[Stage1] Epoch 2363 - Val R²: 0.7136 | Reg Val Loss: 0.2809
[Stage1] No improv. Best so far: 0.2809 (epoch 2361)
[Stage1] Epoch 2364 - Val R²: 0.7136 | Reg Val Loss: 0.2809
[Stage1] No improv. Best so far: 0.2809 (epoch 2361)
[Stage1] Epoch 2365 - Val R²: 0.7136 | Reg Val Loss: 0.2809
[Stage1] No improv. Best so far: 0.2809 (epoch 2361)
[Stage1] Epoch 2366 - Val R²: 0.7136 | Reg Val Loss: 0.2809
[Stage1] No improv. Best so far: 0.2809 (epoch 2361)
[Stage1] Epoch 2367 - Val R²: 0.7136 | Reg Val Loss: 0.2809
[Stage1] No improv. Best so far: 0.2809 (epoch 2361)
[Stage1] Epoch 2368 - Val R²: 0.7136 | Reg Val Loss: 0.2809
[Stage1] No improv. Best so far: 0.2809 (epoch 2361)
[Stage1] Epoch 2369 - Val R²: 0.7137 | Reg Val Loss: 0.2809
[Stage1] New best (epoch 2369) Val Loss: 0.2809 — saved: checkpoints\nnknn_regression_best_califonia_housing_softmax_fold_1_retr.pth
[Stage1] Epoch 2370 - Val R²: 0.7136 | Reg Val Loss: 0.2809
[Stage1] No improv. Best so far: 0.2809 (epoch 2369)
[Stage1] Epoch 2371 - Val R²: 0.7137 | Reg Val Loss: 0.2809
[Stage1] New best (epoch 2371) Val Loss: 0.2809 — saved: checkpoints\nnknn_regression_best_califonia_housing_softmax_fold_1_retr.pth
[Stage1] Epoch 2372 - Val R²: 0.7137 | Reg Val Loss: 0.2808
[Stage1] New best (epoch 2372) Val Loss: 0.2808 — saved: checkpoints\nnknn_regression_best_califonia_housing_softmax_fold_1_retr.pth
[Stage1] Epoch 2373 - Val R²: 0.7137 | Reg Val Loss: 0.2808
[Stage1] New best (epoch 2373) Val Loss: 0.2808 — saved: checkpoints\nnknn_regression_best_califonia_housing_softmax_fold_1_retr.pth
[Stage1] Epoch 2374 - Val R²: 0.7137 | Reg Val Loss: 0.2808
[Stage1] No improv. Best so far: 0.2808 (epoch 2373)
[Stage1] Epoch 2375 - Val R²: 0.7137 | Reg Val Loss: 0.2808
[Stage1] No improv. Best so far: 0.2808 (epoch 2373)
[Stage1] Epoch 2376 - Val R²: 0.7137 | Reg Val Loss: 0.2808
[Stage1] New best (epoch 2376) Val Loss: 0.2808 — saved: checkpoints\nnknn_regression_best_califonia_housing_softmax_fold_1_retr.pth
[Stage1] Epoch 2377 - Val R²: 0.7137 | Reg Val Loss: 0.2808
[Stage1] No improv. Best so far: 0.2808 (epoch 2376)
[Stage1] Epoch 2378 - Val R²: 0.7138 | Reg Val Loss: 0.2807
[Stage1] New best (epoch 2378) Val Loss: 0.2807 — saved: checkpoints\nnknn_regression_best_califonia_housing_softmax_fold_1_retr.pth
[Stage1] Epoch 2379 - Val R²: 0.7138 | Reg Val Loss: 0.2807
[Stage1] No improv. Best so far: 0.2807 (epoch 2378)
[Stage1] Epoch 2380 - Val R²: 0.7137 | Reg Val Loss: 0.2808
[Stage1] No improv. Best so far: 0.2807 (epoch 2378)
[Stage1] Epoch 2381 - Val R²: 0.7138 | Reg Val Loss: 0.2807
[Stage1] No improv. Best so far: 0.2807 (epoch 2378)
[Stage1] Epoch 2382 - Val R²: 0.7138 | Reg Val Loss: 0.2807
[Stage1] New best (epoch 2382) Val Loss: 0.2807 — saved: checkpoints\nnknn_regression_best_califonia_housing_softmax_fold_1_retr.pth
[Stage1] Epoch 2383 - Val R²: 0.7138 | Reg Val Loss: 0.2807
[Stage1] No improv. Best so far: 0.2807 (epoch 2382)
[Stage1] Epoch 2384 - Val R²: 0.7138 | Reg Val Loss: 0.2807
[Stage1] New best (epoch 2384) Val Loss: 0.2807 — saved: checkpoints\nnknn_regression_best_califonia_housing_softmax_fold_1_retr.pth
[Stage1] Epoch 2385 - Val R²: 0.7138 | Reg Val Loss: 0.2807
[Stage1] No improv. Best so far: 0.2807 (epoch 2384)
[Stage1] Epoch 2386 - Val R²: 0.7138 | Reg Val Loss: 0.2807
[Stage1] New best (epoch 2386) Val Loss: 0.2807 — saved: checkpoints\nnknn_regression_best_califonia_housing_softmax_fold_1_retr.pth
[Stage1] Epoch 2387 - Val R²: 0.7138 | Reg Val Loss: 0.2807
[Stage1] No improv. Best so far: 0.2807 (epoch 2386)
[Stage1] Epoch 2388 - Val R²: 0.7138 | Reg Val Loss: 0.2807
[Stage1] No improv. Best so far: 0.2807 (epoch 2386)
[Stage1] Epoch 2389 - Val R²: 0.7138 | Reg Val Loss: 0.2807
[Stage1] No improv. Best so far: 0.2807 (epoch 2386)
[Stage1] Epoch 2390 - Val R²: 0.7138 | Reg Val Loss: 0.2807
[Stage1] No improv. Best so far: 0.2807 (epoch 2386)
[Stage1] Epoch 2391 - Val R²: 0.7138 | Reg Val Loss: 0.2807
[Stage1] New best (epoch 2391) Val Loss: 0.2807 — saved: checkpoints\nnknn_regression_best_califonia_housing_softmax_fold_1_retr.pth
[Stage1] Epoch 2392 - Val R²: 0.7138 | Reg Val Loss: 0.2807
[Stage1] New best (epoch 2392) Val Loss: 0.2807 — saved: checkpoints\nnknn_regression_best_califonia_housing_softmax_fold_1_retr.pth
[Stage1] Epoch 2393 - Val R²: 0.7139 | Reg Val Loss: 0.2806
[Stage1] New best (epoch 2393) Val Loss: 0.2806 — saved: checkpoints\nnknn_regression_best_califonia_housing_softmax_fold_1_retr.pth
[Stage1] Epoch 2394 - Val R²: 0.7138 | Reg Val Loss: 0.2807
[Stage1] No improv. Best so far: 0.2806 (epoch 2393)
[Stage1] Epoch 2395 - Val R²: 0.7139 | Reg Val Loss: 0.2806
[Stage1] New best (epoch 2395) Val Loss: 0.2806 — saved: checkpoints\nnknn_regression_best_califonia_housing_softmax_fold_1_retr.pth
[Stage1] Epoch 2396 - Val R²: 0.7139 | Reg Val Loss: 0.2806
[Stage1] No improv. Best so far: 0.2806 (epoch 2395)
[Stage1] Epoch 2397 - Val R²: 0.7139 | Reg Val Loss: 0.2806
[Stage1] No improv. Best so far: 0.2806 (epoch 2395)
[Stage1] Epoch 2398 - Val R²: 0.7139 | Reg Val Loss: 0.2806
[Stage1] No improv. Best so far: 0.2806 (epoch 2395)
[Stage1] Epoch 2399 - Val R²: 0.7139 | Reg Val Loss: 0.2806
[Stage1] New best (epoch 2399) Val Loss: 0.2806 — saved: checkpoints\nnknn_regression_best_califonia_housing_softmax_fold_1_retr.pth
[Stage1] Epoch 2400 - Val R²: 0.7139 | Reg Val Loss: 0.2806
[Stage1] No improv. Best so far: 0.2806 (epoch 2399)
[Stage1] Epoch 2401 - Val R²: 0.7137 | Reg Val Loss: 0.2808
[Stage1] No improv. Best so far: 0.2806 (epoch 2399)
[Stage1] Epoch 2402 - Val R²: 0.7139 | Reg Val Loss: 0.2806
[Stage1] No improv. Best so far: 0.2806 (epoch 2399)
[Stage1] Epoch 2403 - Val R²: 0.7139 | Reg Val Loss: 0.2806
[Stage1] No improv. Best so far: 0.2806 (epoch 2399)
[Stage1] Epoch 2404 - Val R²: 0.7140 | Reg Val Loss: 0.2805
[Stage1] New best (epoch 2404) Val Loss: 0.2805 — saved: checkpoints\nnknn_regression_best_califonia_housing_softmax_fold_1_retr.pth
[Stage1] Epoch 2405 - Val R²: 0.7139 | Reg Val Loss: 0.2806
[Stage1] No improv. Best so far: 0.2805 (epoch 2404)
[Stage1] Epoch 2406 - Val R²: 0.7140 | Reg Val Loss: 0.2805
[Stage1] New best (epoch 2406) Val Loss: 0.2805 — saved: checkpoints\nnknn_regression_best_califonia_housing_softmax_fold_1_retr.pth
[Stage1] Epoch 2407 - Val R²: 0.7140 | Reg Val Loss: 0.2805
[Stage1] No improv. Best so far: 0.2805 (epoch 2406)
[Stage1] Epoch 2408 - Val R²: 0.7140 | Reg Val Loss: 0.2805
[Stage1] No improv. Best so far: 0.2805 (epoch 2406)
[Stage1] Epoch 2409 - Val R²: 0.7140 | Reg Val Loss: 0.2805
[Stage1] New best (epoch 2409) Val Loss: 0.2805 — saved: checkpoints\nnknn_regression_best_califonia_housing_softmax_fold_1_retr.pth
[Stage1] Epoch 2410 - Val R²: 0.7140 | Reg Val Loss: 0.2805
[Stage1] New best (epoch 2410) Val Loss: 0.2805 — saved: checkpoints\nnknn_regression_best_califonia_housing_softmax_fold_1_retr.pth
[Stage1] Epoch 2411 - Val R²: 0.7139 | Reg Val Loss: 0.2806
[Stage1] No improv. Best so far: 0.2805 (epoch 2410)
[Stage1] Epoch 2412 - Val R²: 0.7140 | Reg Val Loss: 0.2805
[Stage1] No improv. Best so far: 0.2805 (epoch 2410)
[Stage1] Epoch 2413 - Val R²: 0.7140 | Reg Val Loss: 0.2805
[Stage1] No improv. Best so far: 0.2805 (epoch 2410)
[Stage1] Epoch 2414 - Val R²: 0.7140 | Reg Val Loss: 0.2805
[Stage1] No improv. Best so far: 0.2805 (epoch 2410)
[Stage1] Epoch 2415 - Val R²: 0.7140 | Reg Val Loss: 0.2805
[Stage1] New best (epoch 2415) Val Loss: 0.2805 — saved: checkpoints\nnknn_regression_best_califonia_housing_softmax_fold_1_retr.pth
[Stage1] Epoch 2416 - Val R²: 0.7140 | Reg Val Loss: 0.2805
[Stage1] No improv. Best so far: 0.2805 (epoch 2415)
[Stage1] Epoch 2417 - Val R²: 0.7140 | Reg Val Loss: 0.2805
[Stage1] New best (epoch 2417) Val Loss: 0.2805 — saved: checkpoints\nnknn_regression_best_califonia_housing_softmax_fold_1_retr.pth
[Stage1] Epoch 2418 - Val R²: 0.7140 | Reg Val Loss: 0.2805
[Stage1] No improv. Best so far: 0.2805 (epoch 2417)
[Stage1] Epoch 2419 - Val R²: 0.7141 | Reg Val Loss: 0.2805
[Stage1] New best (epoch 2419) Val Loss: 0.2805 — saved: checkpoints\nnknn_regression_best_califonia_housing_softmax_fold_1_retr.pth
[Stage1] Epoch 2420 - Val R²: 0.7141 | Reg Val Loss: 0.2804
[Stage1] New best (epoch 2420) Val Loss: 0.2804 — saved: checkpoints\nnknn_regression_best_califonia_housing_softmax_fold_1_retr.pth
[Stage1] Epoch 2421 - Val R²: 0.7133 | Reg Val Loss: 0.2812
[Stage1] No improv. Best so far: 0.2804 (epoch 2420)
[Stage1] Epoch 2422 - Val R²: 0.7141 | Reg Val Loss: 0.2804
[Stage1] New best (epoch 2422) Val Loss: 0.2804 — saved: checkpoints\nnknn_regression_best_califonia_housing_softmax_fold_1_retr.pth
[Stage1] Epoch 2423 - Val R²: 0.7141 | Reg Val Loss: 0.2804
[Stage1] No improv. Best so far: 0.2804 (epoch 2422)
[Stage1] Epoch 2424 - Val R²: 0.7141 | Reg Val Loss: 0.2804
[Stage1] New best (epoch 2424) Val Loss: 0.2804 — saved: checkpoints\nnknn_regression_best_califonia_housing_softmax_fold_1_retr.pth
[Stage1] Epoch 2425 - Val R²: 0.7141 | Reg Val Loss: 0.2804
[Stage1] No improv. Best so far: 0.2804 (epoch 2424)
[Stage1] Epoch 2426 - Val R²: 0.7141 | Reg Val Loss: 0.2804
[Stage1] No improv. Best so far: 0.2804 (epoch 2424)
[Stage1] Epoch 2427 - Val R²: 0.7141 | Reg Val Loss: 0.2804
[Stage1] No improv. Best so far: 0.2804 (epoch 2424)
[Stage1] Epoch 2428 - Val R²: 0.7142 | Reg Val Loss: 0.2803
[Stage1] New best (epoch 2428) Val Loss: 0.2803 — saved: checkpoints\nnknn_regression_best_califonia_housing_softmax_fold_1_retr.pth
[Stage1] Epoch 2429 - Val R²: 0.7142 | Reg Val Loss: 0.2804
[Stage1] No improv. Best so far: 0.2803 (epoch 2428)
[Stage1] Epoch 2430 - Val R²: 0.7142 | Reg Val Loss: 0.2804
[Stage1] No improv. Best so far: 0.2803 (epoch 2428)
[Stage1] Epoch 2431 - Val R²: 0.7142 | Reg Val Loss: 0.2803
[Stage1] New best (epoch 2431) Val Loss: 0.2803 — saved: checkpoints\nnknn_regression_best_califonia_housing_softmax_fold_1_retr.pth
[Stage1] Epoch 2432 - Val R²: 0.7142 | Reg Val Loss: 0.2804
[Stage1] No improv. Best so far: 0.2803 (epoch 2431)
[Stage1] Epoch 2433 - Val R²: 0.7141 | Reg Val Loss: 0.2804
[Stage1] No improv. Best so far: 0.2803 (epoch 2431)
[Stage1] Epoch 2434 - Val R²: 0.7142 | Reg Val Loss: 0.2803
[Stage1] No improv. Best so far: 0.2803 (epoch 2431)
[Stage1] Epoch 2435 - Val R²: 0.7142 | Reg Val Loss: 0.2803
[Stage1] New best (epoch 2435) Val Loss: 0.2803 — saved: checkpoints\nnknn_regression_best_califonia_housing_softmax_fold_1_retr.pth
[Stage1] Epoch 2436 - Val R²: 0.7142 | Reg Val Loss: 0.2803
[Stage1] No improv. Best so far: 0.2803 (epoch 2435)
[Stage1] Epoch 2437 - Val R²: 0.7142 | Reg Val Loss: 0.2803
[Stage1] No improv. Best so far: 0.2803 (epoch 2435)
[Stage1] Epoch 2438 - Val R²: 0.7142 | Reg Val Loss: 0.2803
[Stage1] No improv. Best so far: 0.2803 (epoch 2435)
[Stage1] Epoch 2439 - Val R²: 0.7142 | Reg Val Loss: 0.2803
[Stage1] No improv. Best so far: 0.2803 (epoch 2435)
[Stage1] Epoch 2440 - Val R²: 0.7142 | Reg Val Loss: 0.2803
[Stage1] No improv. Best so far: 0.2803 (epoch 2435)
[Stage1] Epoch 2441 - Val R²: 0.7142 | Reg Val Loss: 0.2803
[Stage1] No improv. Best so far: 0.2803 (epoch 2435)
[Stage1] Epoch 2442 - Val R²: 0.7143 | Reg Val Loss: 0.2803
[Stage1] New best (epoch 2442) Val Loss: 0.2803 — saved: checkpoints\nnknn_regression_best_califonia_housing_softmax_fold_1_retr.pth
[Stage1] Epoch 2443 - Val R²: 0.7142 | Reg Val Loss: 0.2803
[Stage1] No improv. Best so far: 0.2803 (epoch 2442)
[Stage1] Epoch 2444 - Val R²: 0.7143 | Reg Val Loss: 0.2803
[Stage1] New best (epoch 2444) Val Loss: 0.2803 — saved: checkpoints\nnknn_regression_best_califonia_housing_softmax_fold_1_retr.pth
[Stage1] Epoch 2445 - Val R²: 0.7142 | Reg Val Loss: 0.2803
[Stage1] No improv. Best so far: 0.2803 (epoch 2444)
[Stage1] Epoch 2446 - Val R²: 0.7143 | Reg Val Loss: 0.2802
[Stage1] New best (epoch 2446) Val Loss: 0.2802 — saved: checkpoints\nnknn_regression_best_califonia_housing_softmax_fold_1_retr.pth
[Stage1] Epoch 2447 - Val R²: 0.7143 | Reg Val Loss: 0.2802
[Stage1] New best (epoch 2447) Val Loss: 0.2802 — saved: checkpoints\nnknn_regression_best_califonia_housing_softmax_fold_1_retr.pth
[Stage1] Epoch 2448 - Val R²: 0.7143 | Reg Val Loss: 0.2802
[Stage1] New best (epoch 2448) Val Loss: 0.2802 — saved: checkpoints\nnknn_regression_best_califonia_housing_softmax_fold_1_retr.pth
[Stage1] Epoch 2449 - Val R²: 0.7143 | Reg Val Loss: 0.2802
[Stage1] No improv. Best so far: 0.2802 (epoch 2448)
[Stage1] Epoch 2450 - Val R²: 0.7143 | Reg Val Loss: 0.2802
[Stage1] New best (epoch 2450) Val Loss: 0.2802 — saved: checkpoints\nnknn_regression_best_califonia_housing_softmax_fold_1_retr.pth
[Stage1] Epoch 2451 - Val R²: 0.7143 | Reg Val Loss: 0.2802
[Stage1] New best (epoch 2451) Val Loss: 0.2802 — saved: checkpoints\nnknn_regression_best_califonia_housing_softmax_fold_1_retr.pth
[Stage1] Epoch 2452 - Val R²: 0.7142 | Reg Val Loss: 0.2803
[Stage1] No improv. Best so far: 0.2802 (epoch 2451)
[Stage1] Epoch 2453 - Val R²: 0.7142 | Reg Val Loss: 0.2803
[Stage1] No improv. Best so far: 0.2802 (epoch 2451)
[Stage1] Epoch 2454 - Val R²: 0.7143 | Reg Val Loss: 0.2802
[Stage1] No improv. Best so far: 0.2802 (epoch 2451)
[Stage1] Epoch 2455 - Val R²: 0.7143 | Reg Val Loss: 0.2802
[Stage1] No improv. Best so far: 0.2802 (epoch 2451)
[Stage1] Epoch 2456 - Val R²: 0.7144 | Reg Val Loss: 0.2802
[Stage1] New best (epoch 2456) Val Loss: 0.2802 — saved: checkpoints\nnknn_regression_best_califonia_housing_softmax_fold_1_retr.pth
[Stage1] Epoch 2457 - Val R²: 0.7143 | Reg Val Loss: 0.2802
[Stage1] No improv. Best so far: 0.2802 (epoch 2456)
[Stage1] Epoch 2458 - Val R²: 0.7144 | Reg Val Loss: 0.2801
[Stage1] New best (epoch 2458) Val Loss: 0.2801 — saved: checkpoints\nnknn_regression_best_califonia_housing_softmax_fold_1_retr.pth
[Stage1] Epoch 2459 - Val R²: 0.7143 | Reg Val Loss: 0.2802
[Stage1] No improv. Best so far: 0.2801 (epoch 2458)
[Stage1] Epoch 2460 - Val R²: 0.7143 | Reg Val Loss: 0.2802
[Stage1] No improv. Best so far: 0.2801 (epoch 2458)
[Stage1] Epoch 2461 - Val R²: 0.7144 | Reg Val Loss: 0.2802
[Stage1] No improv. Best so far: 0.2801 (epoch 2458)
[Stage1] Epoch 2462 - Val R²: 0.7144 | Reg Val Loss: 0.2801
[Stage1] New best (epoch 2462) Val Loss: 0.2801 — saved: checkpoints\nnknn_regression_best_califonia_housing_softmax_fold_1_retr.pth
[Stage1] Epoch 2463 - Val R²: 0.7143 | Reg Val Loss: 0.2802
[Stage1] No improv. Best so far: 0.2801 (epoch 2462)
[Stage1] Epoch 2464 - Val R²: 0.7144 | Reg Val Loss: 0.2801
[Stage1] New best (epoch 2464) Val Loss: 0.2801 — saved: checkpoints\nnknn_regression_best_califonia_housing_softmax_fold_1_retr.pth
[Stage1] Epoch 2465 - Val R²: 0.7145 | Reg Val Loss: 0.2801
[Stage1] New best (epoch 2465) Val Loss: 0.2801 — saved: checkpoints\nnknn_regression_best_califonia_housing_softmax_fold_1_retr.pth
[Stage1] Epoch 2466 - Val R²: 0.7144 | Reg Val Loss: 0.2801
[Stage1] No improv. Best so far: 0.2801 (epoch 2465)
[Stage1] Epoch 2467 - Val R²: 0.7144 | Reg Val Loss: 0.2801
[Stage1] No improv. Best so far: 0.2801 (epoch 2465)
[Stage1] Epoch 2468 - Val R²: 0.7144 | Reg Val Loss: 0.2801
[Stage1] No improv. Best so far: 0.2801 (epoch 2465)
[Stage1] Epoch 2469 - Val R²: 0.7144 | Reg Val Loss: 0.2801
[Stage1] No improv. Best so far: 0.2801 (epoch 2465)
[Stage1] Epoch 2470 - Val R²: 0.7145 | Reg Val Loss: 0.2801
[Stage1] New best (epoch 2470) Val Loss: 0.2801 — saved: checkpoints\nnknn_regression_best_califonia_housing_softmax_fold_1_retr.pth
[Stage1] Epoch 2471 - Val R²: 0.7144 | Reg Val Loss: 0.2801
[Stage1] No improv. Best so far: 0.2801 (epoch 2470)
[Stage1] Epoch 2472 - Val R²: 0.7144 | Reg Val Loss: 0.2801
[Stage1] No improv. Best so far: 0.2801 (epoch 2470)
[Stage1] Epoch 2473 - Val R²: 0.7145 | Reg Val Loss: 0.2801
[Stage1] New best (epoch 2473) Val Loss: 0.2801 — saved: checkpoints\nnknn_regression_best_califonia_housing_softmax_fold_1_retr.pth
[Stage1] Epoch 2474 - Val R²: 0.7144 | Reg Val Loss: 0.2801
[Stage1] No improv. Best so far: 0.2801 (epoch 2473)
[Stage1] Epoch 2475 - Val R²: 0.7145 | Reg Val Loss: 0.2800
[Stage1] New best (epoch 2475) Val Loss: 0.2800 — saved: checkpoints\nnknn_regression_best_califonia_housing_softmax_fold_1_retr.pth
[Stage1] Epoch 2476 - Val R²: 0.7145 | Reg Val Loss: 0.2800
[Stage1] New best (epoch 2476) Val Loss: 0.2800 — saved: checkpoints\nnknn_regression_best_califonia_housing_softmax_fold_1_retr.pth
[Stage1] Epoch 2477 - Val R²: 0.7145 | Reg Val Loss: 0.2800
[Stage1] New best (epoch 2477) Val Loss: 0.2800 — saved: checkpoints\nnknn_regression_best_califonia_housing_softmax_fold_1_retr.pth
[Stage1] Epoch 2478 - Val R²: 0.7145 | Reg Val Loss: 0.2800
[Stage1] New best (epoch 2478) Val Loss: 0.2800 — saved: checkpoints\nnknn_regression_best_califonia_housing_softmax_fold_1_retr.pth
[Stage1] Epoch 2479 - Val R²: 0.7145 | Reg Val Loss: 0.2800
[Stage1] No improv. Best so far: 0.2800 (epoch 2478)
[Stage1] Epoch 2480 - Val R²: 0.7145 | Reg Val Loss: 0.2801
[Stage1] No improv. Best so far: 0.2800 (epoch 2478)
[Stage1] Epoch 2481 - Val R²: 0.7145 | Reg Val Loss: 0.2800
[Stage1] No improv. Best so far: 0.2800 (epoch 2478)
[Stage1] Epoch 2482 - Val R²: 0.7146 | Reg Val Loss: 0.2799
[Stage1] New best (epoch 2482) Val Loss: 0.2799 — saved: checkpoints\nnknn_regression_best_califonia_housing_softmax_fold_1_retr.pth
[Stage1] Epoch 2483 - Val R²: 0.7145 | Reg Val Loss: 0.2800
[Stage1] No improv. Best so far: 0.2799 (epoch 2482)
[Stage1] Epoch 2484 - Val R²: 0.7146 | Reg Val Loss: 0.2800
[Stage1] No improv. Best so far: 0.2799 (epoch 2482)
[Stage1] Epoch 2485 - Val R²: 0.7146 | Reg Val Loss: 0.2800
[Stage1] No improv. Best so far: 0.2799 (epoch 2482)
[Stage1] Epoch 2486 - Val R²: 0.7146 | Reg Val Loss: 0.2799
[Stage1] No improv. Best so far: 0.2799 (epoch 2482)
[Stage1] Epoch 2487 - Val R²: 0.7146 | Reg Val Loss: 0.2799
[Stage1] New best (epoch 2487) Val Loss: 0.2799 — saved: checkpoints\nnknn_regression_best_califonia_housing_softmax_fold_1_retr.pth
[Stage1] Epoch 2488 - Val R²: 0.7146 | Reg Val Loss: 0.2799
[Stage1] New best (epoch 2488) Val Loss: 0.2799 — saved: checkpoints\nnknn_regression_best_califonia_housing_softmax_fold_1_retr.pth
[Stage1] Epoch 2489 - Val R²: 0.7146 | Reg Val Loss: 0.2799
[Stage1] New best (epoch 2489) Val Loss: 0.2799 — saved: checkpoints\nnknn_regression_best_califonia_housing_softmax_fold_1_retr.pth
[Stage1] Epoch 2490 - Val R²: 0.7146 | Reg Val Loss: 0.2799
[Stage1] No improv. Best so far: 0.2799 (epoch 2489)
[Stage1] Epoch 2491 - Val R²: 0.7147 | Reg Val Loss: 0.2799
[Stage1] New best (epoch 2491) Val Loss: 0.2799 — saved: checkpoints\nnknn_regression_best_califonia_housing_softmax_fold_1_retr.pth
[Stage1] Epoch 2492 - Val R²: 0.7146 | Reg Val Loss: 0.2800
[Stage1] No improv. Best so far: 0.2799 (epoch 2491)
[Stage1] Epoch 2493 - Val R²: 0.7146 | Reg Val Loss: 0.2799
[Stage1] No improv. Best so far: 0.2799 (epoch 2491)
[Stage1] Epoch 2494 - Val R²: 0.7146 | Reg Val Loss: 0.2799
[Stage1] No improv. Best so far: 0.2799 (epoch 2491)
[Stage1] Epoch 2495 - Val R²: 0.7147 | Reg Val Loss: 0.2799
[Stage1] No improv. Best so far: 0.2799 (epoch 2491)
[Stage1] Epoch 2496 - Val R²: 0.7147 | Reg Val Loss: 0.2799
[Stage1] New best (epoch 2496) Val Loss: 0.2799 — saved: checkpoints\nnknn_regression_best_califonia_housing_softmax_fold_1_retr.pth
[Stage1] Epoch 2497 - Val R²: 0.7146 | Reg Val Loss: 0.2799
[Stage1] No improv. Best so far: 0.2799 (epoch 2496)
[Stage1] Epoch 2498 - Val R²: 0.7146 | Reg Val Loss: 0.2799
[Stage1] No improv. Best so far: 0.2799 (epoch 2496)
[Stage1] Epoch 2499 - Val R²: 0.7147 | Reg Val Loss: 0.2799
[Stage1] New best (epoch 2499) Val Loss: 0.2799 — saved: checkpoints\nnknn_regression_best_califonia_housing_softmax_fold_1_retr.pth
[Stage1] Epoch 2500 - Val R²: 0.7147 | Reg Val Loss: 0.2799
[Stage1] New best (epoch 2500) Val Loss: 0.2799 — saved: checkpoints\nnknn_regression_best_califonia_housing_softmax_fold_1_retr.pth
[Stage1] Epoch 2501 - Val R²: 0.7147 | Reg Val Loss: 0.2798
[Stage1] New best (epoch 2501) Val Loss: 0.2798 — saved: checkpoints\nnknn_regression_best_califonia_housing_softmax_fold_1_retr.pth
[Stage1] Epoch 2502 - Val R²: 0.7148 | Reg Val Loss: 0.2798
[Stage1] New best (epoch 2502) Val Loss: 0.2798 — saved: checkpoints\nnknn_regression_best_califonia_housing_softmax_fold_1_retr.pth
[Stage1] Epoch 2503 - Val R²: 0.7147 | Reg Val Loss: 0.2798
[Stage1] No improv. Best so far: 0.2798 (epoch 2502)
[Stage1] Epoch 2504 - Val R²: 0.7147 | Reg Val Loss: 0.2798
[Stage1] No improv. Best so far: 0.2798 (epoch 2502)
[Stage1] Epoch 2505 - Val R²: 0.7147 | Reg Val Loss: 0.2799
[Stage1] No improv. Best so far: 0.2798 (epoch 2502)
[Stage1] Epoch 2506 - Val R²: 0.7147 | Reg Val Loss: 0.2798
[Stage1] No improv. Best so far: 0.2798 (epoch 2502)
[Stage1] Epoch 2507 - Val R²: 0.7147 | Reg Val Loss: 0.2798
[Stage1] No improv. Best so far: 0.2798 (epoch 2502)
[Stage1] Epoch 2508 - Val R²: 0.7147 | Reg Val Loss: 0.2799
[Stage1] No improv. Best so far: 0.2798 (epoch 2502)
[Stage1] Epoch 2509 - Val R²: 0.7146 | Reg Val Loss: 0.2799
[Stage1] No improv. Best so far: 0.2798 (epoch 2502)
[Stage1] Epoch 2510 - Val R²: 0.7148 | Reg Val Loss: 0.2798
[Stage1] No improv. Best so far: 0.2798 (epoch 2502)
[Stage1] Epoch 2511 - Val R²: 0.7148 | Reg Val Loss: 0.2798
[Stage1] New best (epoch 2511) Val Loss: 0.2798 — saved: checkpoints\nnknn_regression_best_califonia_housing_softmax_fold_1_retr.pth
[Stage1] Epoch 2512 - Val R²: 0.7148 | Reg Val Loss: 0.2798
[Stage1] No improv. Best so far: 0.2798 (epoch 2511)
[Stage1] Epoch 2513 - Val R²: 0.7148 | Reg Val Loss: 0.2797
[Stage1] New best (epoch 2513) Val Loss: 0.2797 — saved: checkpoints\nnknn_regression_best_califonia_housing_softmax_fold_1_retr.pth
[Stage1] Epoch 2514 - Val R²: 0.7148 | Reg Val Loss: 0.2798
[Stage1] No improv. Best so far: 0.2797 (epoch 2513)
[Stage1] Epoch 2515 - Val R²: 0.7148 | Reg Val Loss: 0.2797
[Stage1] New best (epoch 2515) Val Loss: 0.2797 — saved: checkpoints\nnknn_regression_best_califonia_housing_softmax_fold_1_retr.pth
[Stage1] Epoch 2516 - Val R²: 0.7148 | Reg Val Loss: 0.2797
[Stage1] No improv. Best so far: 0.2797 (epoch 2515)
[Stage1] Epoch 2517 - Val R²: 0.7148 | Reg Val Loss: 0.2798
[Stage1] No improv. Best so far: 0.2797 (epoch 2515)
[Stage1] Epoch 2518 - Val R²: 0.7148 | Reg Val Loss: 0.2798
[Stage1] No improv. Best so far: 0.2797 (epoch 2515)
[Stage1] Epoch 2519 - Val R²: 0.7148 | Reg Val Loss: 0.2798
[Stage1] No improv. Best so far: 0.2797 (epoch 2515)
[Stage1] Epoch 2520 - Val R²: 0.7148 | Reg Val Loss: 0.2797
[Stage1] No improv. Best so far: 0.2797 (epoch 2515)
[Stage1] Epoch 2521 - Val R²: 0.7148 | Reg Val Loss: 0.2797
[Stage1] New best (epoch 2521) Val Loss: 0.2797 — saved: checkpoints\nnknn_regression_best_califonia_housing_softmax_fold_1_retr.pth
[Stage1] Epoch 2522 - Val R²: 0.7149 | Reg Val Loss: 0.2797
[Stage1] New best (epoch 2522) Val Loss: 0.2797 — saved: checkpoints\nnknn_regression_best_califonia_housing_softmax_fold_1_retr.pth
[Stage1] Epoch 2523 - Val R²: 0.7148 | Reg Val Loss: 0.2797
[Stage1] No improv. Best so far: 0.2797 (epoch 2522)
[Stage1] Epoch 2524 - Val R²: 0.7148 | Reg Val Loss: 0.2797
[Stage1] No improv. Best so far: 0.2797 (epoch 2522)
[Stage1] Epoch 2525 - Val R²: 0.7148 | Reg Val Loss: 0.2797
[Stage1] No improv. Best so far: 0.2797 (epoch 2522)
[Stage1] Epoch 2526 - Val R²: 0.7148 | Reg Val Loss: 0.2797
[Stage1] No improv. Best so far: 0.2797 (epoch 2522)
[Stage1] Epoch 2527 - Val R²: 0.7148 | Reg Val Loss: 0.2797
[Stage1] No improv. Best so far: 0.2797 (epoch 2522)
[Stage1] Epoch 2528 - Val R²: 0.7149 | Reg Val Loss: 0.2796
[Stage1] New best (epoch 2528) Val Loss: 0.2796 — saved: checkpoints\nnknn_regression_best_califonia_housing_softmax_fold_1_retr.pth
[Stage1] Epoch 2529 - Val R²: 0.7149 | Reg Val Loss: 0.2796
[Stage1] No improv. Best so far: 0.2796 (epoch 2528)
[Stage1] Epoch 2530 - Val R²: 0.7132 | Reg Val Loss: 0.2813
[Stage1] No improv. Best so far: 0.2796 (epoch 2528)
[Stage1] Epoch 2531 - Val R²: 0.7149 | Reg Val Loss: 0.2797
[Stage1] No improv. Best so far: 0.2796 (epoch 2528)
[Stage1] Epoch 2532 - Val R²: 0.7149 | Reg Val Loss: 0.2797
[Stage1] No improv. Best so far: 0.2796 (epoch 2528)
[Stage1] Epoch 2533 - Val R²: 0.7149 | Reg Val Loss: 0.2796
[Stage1] New best (epoch 2533) Val Loss: 0.2796 — saved: checkpoints\nnknn_regression_best_califonia_housing_softmax_fold_1_retr.pth
[Stage1] Epoch 2534 - Val R²: 0.7149 | Reg Val Loss: 0.2796
[Stage1] New best (epoch 2534) Val Loss: 0.2796 — saved: checkpoints\nnknn_regression_best_califonia_housing_softmax_fold_1_retr.pth
[Stage1] Epoch 2535 - Val R²: 0.7149 | Reg Val Loss: 0.2796
[Stage1] No improv. Best so far: 0.2796 (epoch 2534)
[Stage1] Epoch 2536 - Val R²: 0.7149 | Reg Val Loss: 0.2797
[Stage1] No improv. Best so far: 0.2796 (epoch 2534)
[Stage1] Epoch 2537 - Val R²: 0.7150 | Reg Val Loss: 0.2796
[Stage1] New best (epoch 2537) Val Loss: 0.2796 — saved: checkpoints\nnknn_regression_best_califonia_housing_softmax_fold_1_retr.pth
[Stage1] Epoch 2538 - Val R²: 0.7149 | Reg Val Loss: 0.2796
[Stage1] No improv. Best so far: 0.2796 (epoch 2537)
[Stage1] Epoch 2539 - Val R²: 0.7150 | Reg Val Loss: 0.2795
[Stage1] New best (epoch 2539) Val Loss: 0.2795 — saved: checkpoints\nnknn_regression_best_califonia_housing_softmax_fold_1_retr.pth
[Stage1] Epoch 2540 - Val R²: 0.7150 | Reg Val Loss: 0.2796
[Stage1] No improv. Best so far: 0.2795 (epoch 2539)
[Stage1] Epoch 2541 - Val R²: 0.7150 | Reg Val Loss: 0.2796
[Stage1] No improv. Best so far: 0.2795 (epoch 2539)
[Stage1] Epoch 2542 - Val R²: 0.7149 | Reg Val Loss: 0.2796
[Stage1] No improv. Best so far: 0.2795 (epoch 2539)
[Stage1] Epoch 2543 - Val R²: 0.7150 | Reg Val Loss: 0.2796
[Stage1] No improv. Best so far: 0.2795 (epoch 2539)
[Stage1] Epoch 2544 - Val R²: 0.7150 | Reg Val Loss: 0.2795
[Stage1] No improv. Best so far: 0.2795 (epoch 2539)
[Stage1] Epoch 2545 - Val R²: 0.7150 | Reg Val Loss: 0.2795
[Stage1] No improv. Best so far: 0.2795 (epoch 2539)
[Stage1] Epoch 2546 - Val R²: 0.7150 | Reg Val Loss: 0.2795
[Stage1] New best (epoch 2546) Val Loss: 0.2795 — saved: checkpoints\nnknn_regression_best_califonia_housing_softmax_fold_1_retr.pth
[Stage1] Epoch 2547 - Val R²: 0.7149 | Reg Val Loss: 0.2796
[Stage1] No improv. Best so far: 0.2795 (epoch 2546)
[Stage1] Epoch 2548 - Val R²: 0.7150 | Reg Val Loss: 0.2795
[Stage1] New best (epoch 2548) Val Loss: 0.2795 — saved: checkpoints\nnknn_regression_best_califonia_housing_softmax_fold_1_retr.pth
[Stage1] Epoch 2549 - Val R²: 0.7150 | Reg Val Loss: 0.2795
[Stage1] No improv. Best so far: 0.2795 (epoch 2548)
[Stage1] Epoch 2550 - Val R²: 0.7150 | Reg Val Loss: 0.2795
[Stage1] New best (epoch 2550) Val Loss: 0.2795 — saved: checkpoints\nnknn_regression_best_califonia_housing_softmax_fold_1_retr.pth
[Stage1] Epoch 2551 - Val R²: 0.7150 | Reg Val Loss: 0.2795
[Stage1] No improv. Best so far: 0.2795 (epoch 2550)
[Stage1] Epoch 2552 - Val R²: 0.7135 | Reg Val Loss: 0.2810
[Stage1] No improv. Best so far: 0.2795 (epoch 2550)
[Stage1] Epoch 2553 - Val R²: 0.7150 | Reg Val Loss: 0.2796
[Stage1] No improv. Best so far: 0.2795 (epoch 2550)
[Stage1] Epoch 2554 - Val R²: 0.7150 | Reg Val Loss: 0.2795
[Stage1] No improv. Best so far: 0.2795 (epoch 2550)
[Stage1] Epoch 2555 - Val R²: 0.7150 | Reg Val Loss: 0.2795
[Stage1] No improv. Best so far: 0.2795 (epoch 2550)
[Stage1] Epoch 2556 - Val R²: 0.7150 | Reg Val Loss: 0.2795
[Stage1] No improv. Best so far: 0.2795 (epoch 2550)
[Stage1] Epoch 2557 - Val R²: 0.7151 | Reg Val Loss: 0.2795
[Stage1] New best (epoch 2557) Val Loss: 0.2795 — saved: checkpoints\nnknn_regression_best_califonia_housing_softmax_fold_1_retr.pth
[Stage1] Epoch 2558 - Val R²: 0.7151 | Reg Val Loss: 0.2795
[Stage1] New best (epoch 2558) Val Loss: 0.2795 — saved: checkpoints\nnknn_regression_best_califonia_housing_softmax_fold_1_retr.pth
[Stage1] Epoch 2559 - Val R²: 0.7151 | Reg Val Loss: 0.2794
[Stage1] New best (epoch 2559) Val Loss: 0.2794 — saved: checkpoints\nnknn_regression_best_califonia_housing_softmax_fold_1_retr.pth
[Stage1] Epoch 2560 - Val R²: 0.7151 | Reg Val Loss: 0.2795
[Stage1] No improv. Best so far: 0.2794 (epoch 2559)
[Stage1] Epoch 2561 - Val R²: 0.7151 | Reg Val Loss: 0.2794
[Stage1] No improv. Best so far: 0.2794 (epoch 2559)
[Stage1] Epoch 2562 - Val R²: 0.7151 | Reg Val Loss: 0.2794
[Stage1] New best (epoch 2562) Val Loss: 0.2794 — saved: checkpoints\nnknn_regression_best_califonia_housing_softmax_fold_1_retr.pth
[Stage1] Epoch 2563 - Val R²: 0.7151 | Reg Val Loss: 0.2794
[Stage1] No improv. Best so far: 0.2794 (epoch 2562)
[Stage1] Epoch 2564 - Val R²: 0.7151 | Reg Val Loss: 0.2794
[Stage1] New best (epoch 2564) Val Loss: 0.2794 — saved: checkpoints\nnknn_regression_best_califonia_housing_softmax_fold_1_retr.pth
[Stage1] Epoch 2565 - Val R²: 0.7151 | Reg Val Loss: 0.2794
[Stage1] No improv. Best so far: 0.2794 (epoch 2564)
[Stage1] Epoch 2566 - Val R²: 0.7151 | Reg Val Loss: 0.2794
[Stage1] No improv. Best so far: 0.2794 (epoch 2564)
[Stage1] Epoch 2567 - Val R²: 0.7152 | Reg Val Loss: 0.2794
[Stage1] New best (epoch 2567) Val Loss: 0.2794 — saved: checkpoints\nnknn_regression_best_califonia_housing_softmax_fold_1_retr.pth
[Stage1] Epoch 2568 - Val R²: 0.7152 | Reg Val Loss: 0.2794
[Stage1] New best (epoch 2568) Val Loss: 0.2794 — saved: checkpoints\nnknn_regression_best_califonia_housing_softmax_fold_1_retr.pth
[Stage1] Epoch 2569 - Val R²: 0.7152 | Reg Val Loss: 0.2794
[Stage1] New best (epoch 2569) Val Loss: 0.2794 — saved: checkpoints\nnknn_regression_best_califonia_housing_softmax_fold_1_retr.pth
[Stage1] Epoch 2570 - Val R²: 0.7152 | Reg Val Loss: 0.2794
[Stage1] New best (epoch 2570) Val Loss: 0.2794 — saved: checkpoints\nnknn_regression_best_califonia_housing_softmax_fold_1_retr.pth
[Stage1] Epoch 2571 - Val R²: 0.7151 | Reg Val Loss: 0.2794
[Stage1] No improv. Best so far: 0.2794 (epoch 2570)
[Stage1] Epoch 2572 - Val R²: 0.7152 | Reg Val Loss: 0.2794
[Stage1] No improv. Best so far: 0.2794 (epoch 2570)
[Stage1] Epoch 2573 - Val R²: 0.7152 | Reg Val Loss: 0.2793
[Stage1] New best (epoch 2573) Val Loss: 0.2793 — saved: checkpoints\nnknn_regression_best_califonia_housing_softmax_fold_1_retr.pth
[Stage1] Epoch 2574 - Val R²: 0.7151 | Reg Val Loss: 0.2794
[Stage1] No improv. Best so far: 0.2793 (epoch 2573)
[Stage1] Epoch 2575 - Val R²: 0.7150 | Reg Val Loss: 0.2795
[Stage1] No improv. Best so far: 0.2793 (epoch 2573)
[Stage1] Epoch 2576 - Val R²: 0.7151 | Reg Val Loss: 0.2794
[Stage1] No improv. Best so far: 0.2793 (epoch 2573)
[Stage1] Epoch 2577 - Val R²: 0.7152 | Reg Val Loss: 0.2793
[Stage1] New best (epoch 2577) Val Loss: 0.2793 — saved: checkpoints\nnknn_regression_best_califonia_housing_softmax_fold_1_retr.pth
[Stage1] Epoch 2578 - Val R²: 0.7151 | Reg Val Loss: 0.2794
[Stage1] No improv. Best so far: 0.2793 (epoch 2577)
[Stage1] Epoch 2579 - Val R²: 0.7152 | Reg Val Loss: 0.2793
[Stage1] No improv. Best so far: 0.2793 (epoch 2577)
[Stage1] Epoch 2580 - Val R²: 0.7153 | Reg Val Loss: 0.2793
[Stage1] New best (epoch 2580) Val Loss: 0.2793 — saved: checkpoints\nnknn_regression_best_califonia_housing_softmax_fold_1_retr.pth
[Stage1] Epoch 2581 - Val R²: 0.7152 | Reg Val Loss: 0.2793
[Stage1] No improv. Best so far: 0.2793 (epoch 2580)
[Stage1] Epoch 2582 - Val R²: 0.7152 | Reg Val Loss: 0.2793
[Stage1] No improv. Best so far: 0.2793 (epoch 2580)
[Stage1] Epoch 2583 - Val R²: 0.7152 | Reg Val Loss: 0.2793
[Stage1] No improv. Best so far: 0.2793 (epoch 2580)
[Stage1] Epoch 2584 - Val R²: 0.7153 | Reg Val Loss: 0.2793
[Stage1] New best (epoch 2584) Val Loss: 0.2793 — saved: checkpoints\nnknn_regression_best_califonia_housing_softmax_fold_1_retr.pth
[Stage1] Epoch 2585 - Val R²: 0.7153 | Reg Val Loss: 0.2793
[Stage1] New best (epoch 2585) Val Loss: 0.2793 — saved: checkpoints\nnknn_regression_best_califonia_housing_softmax_fold_1_retr.pth
[Stage1] Epoch 2586 - Val R²: 0.7153 | Reg Val Loss: 0.2793
[Stage1] No improv. Best so far: 0.2793 (epoch 2585)
[Stage1] Epoch 2587 - Val R²: 0.7153 | Reg Val Loss: 0.2792
[Stage1] New best (epoch 2587) Val Loss: 0.2792 — saved: checkpoints\nnknn_regression_best_califonia_housing_softmax_fold_1_retr.pth
[Stage1] Epoch 2588 - Val R²: 0.7153 | Reg Val Loss: 0.2793
[Stage1] No improv. Best so far: 0.2792 (epoch 2587)
[Stage1] Epoch 2589 - Val R²: 0.7152 | Reg Val Loss: 0.2793
[Stage1] No improv. Best so far: 0.2792 (epoch 2587)
[Stage1] Epoch 2590 - Val R²: 0.7153 | Reg Val Loss: 0.2792
[Stage1] New best (epoch 2590) Val Loss: 0.2792 — saved: checkpoints\nnknn_regression_best_califonia_housing_softmax_fold_1_retr.pth
[Stage1] Epoch 2591 - Val R²: 0.7153 | Reg Val Loss: 0.2792
[Stage1] New best (epoch 2591) Val Loss: 0.2792 — saved: checkpoints\nnknn_regression_best_califonia_housing_softmax_fold_1_retr.pth
[Stage1] Epoch 2592 - Val R²: 0.7153 | Reg Val Loss: 0.2793
[Stage1] No improv. Best so far: 0.2792 (epoch 2591)
[Stage1] Epoch 2593 - Val R²: 0.7153 | Reg Val Loss: 0.2792
[Stage1] No improv. Best so far: 0.2792 (epoch 2591)
[Stage1] Epoch 2594 - Val R²: 0.7153 | Reg Val Loss: 0.2792
[Stage1] No improv. Best so far: 0.2792 (epoch 2591)
[Stage1] Epoch 2595 - Val R²: 0.7154 | Reg Val Loss: 0.2792
[Stage1] New best (epoch 2595) Val Loss: 0.2792 — saved: checkpoints\nnknn_regression_best_califonia_housing_softmax_fold_1_retr.pth
[Stage1] Epoch 2596 - Val R²: 0.7153 | Reg Val Loss: 0.2792
[Stage1] No improv. Best so far: 0.2792 (epoch 2595)
[Stage1] Epoch 2597 - Val R²: 0.7153 | Reg Val Loss: 0.2792
[Stage1] No improv. Best so far: 0.2792 (epoch 2595)
[Stage1] Epoch 2598 - Val R²: 0.7153 | Reg Val Loss: 0.2792
[Stage1] No improv. Best so far: 0.2792 (epoch 2595)
[Stage1] Epoch 2599 - Val R²: 0.7154 | Reg Val Loss: 0.2792
[Stage1] New best (epoch 2599) Val Loss: 0.2792 — saved: checkpoints\nnknn_regression_best_califonia_housing_softmax_fold_1_retr.pth
[Stage1] Epoch 2600 - Val R²: 0.7154 | Reg Val Loss: 0.2792
[Stage1] New best (epoch 2600) Val Loss: 0.2792 — saved: checkpoints\nnknn_regression_best_califonia_housing_softmax_fold_1_retr.pth
[Stage1] Epoch 2601 - Val R²: 0.7154 | Reg Val Loss: 0.2792
[Stage1] New best (epoch 2601) Val Loss: 0.2792 — saved: checkpoints\nnknn_regression_best_califonia_housing_softmax_fold_1_retr.pth
[Stage1] Epoch 2602 - Val R²: 0.7154 | Reg Val Loss: 0.2792
[Stage1] New best (epoch 2602) Val Loss: 0.2792 — saved: checkpoints\nnknn_regression_best_califonia_housing_softmax_fold_1_retr.pth
[Stage1] Epoch 2603 - Val R²: 0.7154 | Reg Val Loss: 0.2792
[Stage1] No improv. Best so far: 0.2792 (epoch 2602)
[Stage1] Epoch 2604 - Val R²: 0.7154 | Reg Val Loss: 0.2792
[Stage1] No improv. Best so far: 0.2792 (epoch 2602)
[Stage1] Epoch 2605 - Val R²: 0.7154 | Reg Val Loss: 0.2791
[Stage1] New best (epoch 2605) Val Loss: 0.2791 — saved: checkpoints\nnknn_regression_best_califonia_housing_softmax_fold_1_retr.pth
[Stage1] Epoch 2606 - Val R²: 0.7154 | Reg Val Loss: 0.2792
[Stage1] No improv. Best so far: 0.2791 (epoch 2605)
[Stage1] Epoch 2607 - Val R²: 0.7154 | Reg Val Loss: 0.2791
[Stage1] No improv. Best so far: 0.2791 (epoch 2605)
[Stage1] Epoch 2608 - Val R²: 0.7137 | Reg Val Loss: 0.2808
[Stage1] No improv. Best so far: 0.2791 (epoch 2605)
[Stage1] Epoch 2609 - Val R²: 0.7153 | Reg Val Loss: 0.2792
[Stage1] No improv. Best so far: 0.2791 (epoch 2605)
[Stage1] Epoch 2610 - Val R²: 0.7154 | Reg Val Loss: 0.2791
[Stage1] No improv. Best so far: 0.2791 (epoch 2605)
[Stage1] Epoch 2611 - Val R²: 0.7154 | Reg Val Loss: 0.2791
[Stage1] New best (epoch 2611) Val Loss: 0.2791 — saved: checkpoints\nnknn_regression_best_califonia_housing_softmax_fold_1_retr.pth
[Stage1] Epoch 2612 - Val R²: 0.7154 | Reg Val Loss: 0.2791
[Stage1] No improv. Best so far: 0.2791 (epoch 2611)
[Stage1] Epoch 2613 - Val R²: 0.7154 | Reg Val Loss: 0.2791
[Stage1] No improv. Best so far: 0.2791 (epoch 2611)
[Stage1] Epoch 2614 - Val R²: 0.7154 | Reg Val Loss: 0.2791
[Stage1] No improv. Best so far: 0.2791 (epoch 2611)
[Stage1] Epoch 2615 - Val R²: 0.7154 | Reg Val Loss: 0.2791
[Stage1] No improv. Best so far: 0.2791 (epoch 2611)
[Stage1] Epoch 2616 - Val R²: 0.7154 | Reg Val Loss: 0.2791
[Stage1] No improv. Best so far: 0.2791 (epoch 2611)
[Stage1] Epoch 2617 - Val R²: 0.7154 | Reg Val Loss: 0.2791
[Stage1] No improv. Best so far: 0.2791 (epoch 2611)
[Stage1] Epoch 2618 - Val R²: 0.7155 | Reg Val Loss: 0.2791
[Stage1] New best (epoch 2618) Val Loss: 0.2791 — saved: checkpoints\nnknn_regression_best_califonia_housing_softmax_fold_1_retr.pth
[Stage1] Epoch 2619 - Val R²: 0.7154 | Reg Val Loss: 0.2791
[Stage1] No improv. Best so far: 0.2791 (epoch 2618)
[Stage1] Epoch 2620 - Val R²: 0.7155 | Reg Val Loss: 0.2791
[Stage1] New best (epoch 2620) Val Loss: 0.2791 — saved: checkpoints\nnknn_regression_best_califonia_housing_softmax_fold_1_retr.pth
[Stage1] Epoch 2621 - Val R²: 0.7154 | Reg Val Loss: 0.2791
[Stage1] No improv. Best so far: 0.2791 (epoch 2620)
[Stage1] Epoch 2622 - Val R²: 0.7154 | Reg Val Loss: 0.2791
[Stage1] No improv. Best so far: 0.2791 (epoch 2620)
[Stage1] Epoch 2623 - Val R²: 0.7155 | Reg Val Loss: 0.2791
[Stage1] New best (epoch 2623) Val Loss: 0.2791 — saved: checkpoints\nnknn_regression_best_califonia_housing_softmax_fold_1_retr.pth
[Stage1] Epoch 2624 - Val R²: 0.7155 | Reg Val Loss: 0.2790
[Stage1] New best (epoch 2624) Val Loss: 0.2790 — saved: checkpoints\nnknn_regression_best_califonia_housing_softmax_fold_1_retr.pth
[Stage1] Epoch 2625 - Val R²: 0.7155 | Reg Val Loss: 0.2791
[Stage1] No improv. Best so far: 0.2790 (epoch 2624)
[Stage1] Epoch 2626 - Val R²: 0.7155 | Reg Val Loss: 0.2790
[Stage1] No improv. Best so far: 0.2790 (epoch 2624)
[Stage1] Epoch 2627 - Val R²: 0.7155 | Reg Val Loss: 0.2790
[Stage1] New best (epoch 2627) Val Loss: 0.2790 — saved: checkpoints\nnknn_regression_best_califonia_housing_softmax_fold_1_retr.pth
[Stage1] Epoch 2628 - Val R²: 0.7155 | Reg Val Loss: 0.2791
[Stage1] No improv. Best so far: 0.2790 (epoch 2627)
[Stage1] Epoch 2629 - Val R²: 0.7156 | Reg Val Loss: 0.2790
[Stage1] New best (epoch 2629) Val Loss: 0.2790 — saved: checkpoints\nnknn_regression_best_califonia_housing_softmax_fold_1_retr.pth
[Stage1] Epoch 2630 - Val R²: 0.7156 | Reg Val Loss: 0.2790
[Stage1] No improv. Best so far: 0.2790 (epoch 2629)
[Stage1] Epoch 2631 - Val R²: 0.7156 | Reg Val Loss: 0.2790
[Stage1] No improv. Best so far: 0.2790 (epoch 2629)
[Stage1] Epoch 2632 - Val R²: 0.7156 | Reg Val Loss: 0.2790
[Stage1] No improv. Best so far: 0.2790 (epoch 2629)
[Stage1] Epoch 2633 - Val R²: 0.7156 | Reg Val Loss: 0.2790
[Stage1] No improv. Best so far: 0.2790 (epoch 2629)
[Stage1] Epoch 2634 - Val R²: 0.7156 | Reg Val Loss: 0.2790
[Stage1] New best (epoch 2634) Val Loss: 0.2790 — saved: checkpoints\nnknn_regression_best_califonia_housing_softmax_fold_1_retr.pth
[Stage1] Epoch 2635 - Val R²: 0.7155 | Reg Val Loss: 0.2790
[Stage1] No improv. Best so far: 0.2790 (epoch 2634)
[Stage1] Epoch 2636 - Val R²: 0.7155 | Reg Val Loss: 0.2790
[Stage1] No improv. Best so far: 0.2790 (epoch 2634)
[Stage1] Epoch 2637 - Val R²: 0.7156 | Reg Val Loss: 0.2790
[Stage1] No improv. Best so far: 0.2790 (epoch 2634)
[Stage1] Epoch 2638 - Val R²: 0.7155 | Reg Val Loss: 0.2790
[Stage1] No improv. Best so far: 0.2790 (epoch 2634)
[Stage1] Epoch 2639 - Val R²: 0.7155 | Reg Val Loss: 0.2790
[Stage1] No improv. Best so far: 0.2790 (epoch 2634)
[Stage1] Epoch 2640 - Val R²: 0.7156 | Reg Val Loss: 0.2789
[Stage1] New best (epoch 2640) Val Loss: 0.2789 — saved: checkpoints\nnknn_regression_best_califonia_housing_softmax_fold_1_retr.pth
[Stage1] Epoch 2641 - Val R²: 0.7156 | Reg Val Loss: 0.2789
[Stage1] New best (epoch 2641) Val Loss: 0.2789 — saved: checkpoints\nnknn_regression_best_califonia_housing_softmax_fold_1_retr.pth
[Stage1] Epoch 2642 - Val R²: 0.7156 | Reg Val Loss: 0.2790
[Stage1] No improv. Best so far: 0.2789 (epoch 2641)
[Stage1] Epoch 2643 - Val R²: 0.7157 | Reg Val Loss: 0.2789
[Stage1] New best (epoch 2643) Val Loss: 0.2789 — saved: checkpoints\nnknn_regression_best_califonia_housing_softmax_fold_1_retr.pth
[Stage1] Epoch 2644 - Val R²: 0.7156 | Reg Val Loss: 0.2789
[Stage1] No improv. Best so far: 0.2789 (epoch 2643)
[Stage1] Epoch 2645 - Val R²: 0.7156 | Reg Val Loss: 0.2789
[Stage1] No improv. Best so far: 0.2789 (epoch 2643)
[Stage1] Epoch 2646 - Val R²: 0.7156 | Reg Val Loss: 0.2789
[Stage1] No improv. Best so far: 0.2789 (epoch 2643)
[Stage1] Epoch 2647 - Val R²: 0.7157 | Reg Val Loss: 0.2789
[Stage1] New best (epoch 2647) Val Loss: 0.2789 — saved: checkpoints\nnknn_regression_best_califonia_housing_softmax_fold_1_retr.pth
[Stage1] Epoch 2648 - Val R²: 0.7157 | Reg Val Loss: 0.2789
[Stage1] No improv. Best so far: 0.2789 (epoch 2647)
[Stage1] Epoch 2649 - Val R²: 0.7157 | Reg Val Loss: 0.2788
[Stage1] New best (epoch 2649) Val Loss: 0.2788 — saved: checkpoints\nnknn_regression_best_califonia_housing_softmax_fold_1_retr.pth
[Stage1] Epoch 2650 - Val R²: 0.7157 | Reg Val Loss: 0.2788
[Stage1] New best (epoch 2650) Val Loss: 0.2788 — saved: checkpoints\nnknn_regression_best_califonia_housing_softmax_fold_1_retr.pth
[Stage1] Epoch 2651 - Val R²: 0.7157 | Reg Val Loss: 0.2789
[Stage1] No improv. Best so far: 0.2788 (epoch 2650)
[Stage1] Epoch 2652 - Val R²: 0.7157 | Reg Val Loss: 0.2789
[Stage1] No improv. Best so far: 0.2788 (epoch 2650)
[Stage1] Epoch 2653 - Val R²: 0.7157 | Reg Val Loss: 0.2789
[Stage1] No improv. Best so far: 0.2788 (epoch 2650)
[Stage1] Epoch 2654 - Val R²: 0.7157 | Reg Val Loss: 0.2788
[Stage1] No improv. Best so far: 0.2788 (epoch 2650)
[Stage1] Epoch 2655 - Val R²: 0.7157 | Reg Val Loss: 0.2788
[Stage1] No improv. Best so far: 0.2788 (epoch 2650)
[Stage1] Epoch 2656 - Val R²: 0.7157 | Reg Val Loss: 0.2789
[Stage1] No improv. Best so far: 0.2788 (epoch 2650)
[Stage1] Epoch 2657 - Val R²: 0.7157 | Reg Val Loss: 0.2789
[Stage1] No improv. Best so far: 0.2788 (epoch 2650)
[Stage1] Epoch 2658 - Val R²: 0.7157 | Reg Val Loss: 0.2789
[Stage1] No improv. Best so far: 0.2788 (epoch 2650)
[Stage1] Epoch 2659 - Val R²: 0.7157 | Reg Val Loss: 0.2789
[Stage1] No improv. Best so far: 0.2788 (epoch 2650)
[Stage1] Epoch 2660 - Val R²: 0.7157 | Reg Val Loss: 0.2788
[Stage1] No improv. Best so far: 0.2788 (epoch 2650)
[Stage1] Epoch 2661 - Val R²: 0.7157 | Reg Val Loss: 0.2789
[Stage1] No improv. Best so far: 0.2788 (epoch 2650)
[Stage1] Epoch 2662 - Val R²: 0.7138 | Reg Val Loss: 0.2807
[Stage1] No improv. Best so far: 0.2788 (epoch 2650)
[Stage1] Epoch 2663 - Val R²: 0.7157 | Reg Val Loss: 0.2789
[Stage1] No improv. Best so far: 0.2788 (epoch 2650)
[Stage1] Epoch 2664 - Val R²: 0.7157 | Reg Val Loss: 0.2789
[Stage1] No improv. Best so far: 0.2788 (epoch 2650)
[Stage1] Epoch 2665 - Val R²: 0.7156 | Reg Val Loss: 0.2789
[Stage1] No improv. Best so far: 0.2788 (epoch 2650)
[Stage1] Epoch 2666 - Val R²: 0.7157 | Reg Val Loss: 0.2788
[Stage1] No improv. Best so far: 0.2788 (epoch 2650)
[Stage1] Epoch 2667 - Val R²: 0.7157 | Reg Val Loss: 0.2788
[Stage1] New best (epoch 2667) Val Loss: 0.2788 — saved: checkpoints\nnknn_regression_best_califonia_housing_softmax_fold_1_retr.pth
[Stage1] Epoch 2668 - Val R²: 0.7157 | Reg Val Loss: 0.2788
[Stage1] New best (epoch 2668) Val Loss: 0.2788 — saved: checkpoints\nnknn_regression_best_califonia_housing_softmax_fold_1_retr.pth
[Stage1] Epoch 2669 - Val R²: 0.7158 | Reg Val Loss: 0.2787
[Stage1] New best (epoch 2669) Val Loss: 0.2787 — saved: checkpoints\nnknn_regression_best_califonia_housing_softmax_fold_1_retr.pth
[Stage1] Epoch 2670 - Val R²: 0.7158 | Reg Val Loss: 0.2788
[Stage1] No improv. Best so far: 0.2787 (epoch 2669)
[Stage1] Epoch 2671 - Val R²: 0.7158 | Reg Val Loss: 0.2788
[Stage1] No improv. Best so far: 0.2787 (epoch 2669)
[Stage1] Epoch 2672 - Val R²: 0.7157 | Reg Val Loss: 0.2788
[Stage1] No improv. Best so far: 0.2787 (epoch 2669)
[Stage1] Epoch 2673 - Val R²: 0.7157 | Reg Val Loss: 0.2788
[Stage1] No improv. Best so far: 0.2787 (epoch 2669)
[Stage1] Epoch 2674 - Val R²: 0.7158 | Reg Val Loss: 0.2787
[Stage1] New best (epoch 2674) Val Loss: 0.2787 — saved: checkpoints\nnknn_regression_best_califonia_housing_softmax_fold_1_retr.pth
[Stage1] Epoch 2675 - Val R²: 0.7159 | Reg Val Loss: 0.2787
[Stage1] New best (epoch 2675) Val Loss: 0.2787 — saved: checkpoints\nnknn_regression_best_califonia_housing_softmax_fold_1_retr.pth
[Stage1] Epoch 2676 - Val R²: 0.7158 | Reg Val Loss: 0.2787
[Stage1] No improv. Best so far: 0.2787 (epoch 2675)
[Stage1] Epoch 2677 - Val R²: 0.7158 | Reg Val Loss: 0.2787
[Stage1] No improv. Best so far: 0.2787 (epoch 2675)
[Stage1] Epoch 2678 - Val R²: 0.7158 | Reg Val Loss: 0.2787
[Stage1] No improv. Best so far: 0.2787 (epoch 2675)
[Stage1] Epoch 2679 - Val R²: 0.7158 | Reg Val Loss: 0.2787
[Stage1] No improv. Best so far: 0.2787 (epoch 2675)
[Stage1] Epoch 2680 - Val R²: 0.7159 | Reg Val Loss: 0.2787
[Stage1] No improv. Best so far: 0.2787 (epoch 2675)
[Stage1] Epoch 2681 - Val R²: 0.7159 | Reg Val Loss: 0.2787
[Stage1] New best (epoch 2681) Val Loss: 0.2787 — saved: checkpoints\nnknn_regression_best_califonia_housing_softmax_fold_1_retr.pth
[Stage1] Epoch 2682 - Val R²: 0.7158 | Reg Val Loss: 0.2787
[Stage1] No improv. Best so far: 0.2787 (epoch 2681)
[Stage1] Epoch 2683 - Val R²: 0.7158 | Reg Val Loss: 0.2788
[Stage1] No improv. Best so far: 0.2787 (epoch 2681)
[Stage1] Epoch 2684 - Val R²: 0.7159 | Reg Val Loss: 0.2787
[Stage1] No improv. Best so far: 0.2787 (epoch 2681)
[Stage1] Epoch 2685 - Val R²: 0.7159 | Reg Val Loss: 0.2787
[Stage1] No improv. Best so far: 0.2787 (epoch 2681)
[Stage1] Epoch 2686 - Val R²: 0.7159 | Reg Val Loss: 0.2787
[Stage1] New best (epoch 2686) Val Loss: 0.2787 — saved: checkpoints\nnknn_regression_best_califonia_housing_softmax_fold_1_retr.pth
[Stage1] Epoch 2687 - Val R²: 0.7159 | Reg Val Loss: 0.2787
[Stage1] No improv. Best so far: 0.2787 (epoch 2686)
[Stage1] Epoch 2688 - Val R²: 0.7158 | Reg Val Loss: 0.2787
[Stage1] No improv. Best so far: 0.2787 (epoch 2686)
[Stage1] Epoch 2689 - Val R²: 0.7159 | Reg Val Loss: 0.2786
[Stage1] New best (epoch 2689) Val Loss: 0.2786 — saved: checkpoints\nnknn_regression_best_califonia_housing_softmax_fold_1_retr.pth
[Stage1] Epoch 2690 - Val R²: 0.7159 | Reg Val Loss: 0.2787
[Stage1] No improv. Best so far: 0.2786 (epoch 2689)
[Stage1] Epoch 2691 - Val R²: 0.7158 | Reg Val Loss: 0.2787
[Stage1] No improv. Best so far: 0.2786 (epoch 2689)
[Stage1] Epoch 2692 - Val R²: 0.7158 | Reg Val Loss: 0.2788
[Stage1] No improv. Best so far: 0.2786 (epoch 2689)
[Stage1] Epoch 2693 - Val R²: 0.7159 | Reg Val Loss: 0.2786
[Stage1] New best (epoch 2693) Val Loss: 0.2786 — saved: checkpoints\nnknn_regression_best_califonia_housing_softmax_fold_1_retr.pth
[Stage1] Epoch 2694 - Val R²: 0.7159 | Reg Val Loss: 0.2786
[Stage1] New best (epoch 2694) Val Loss: 0.2786 — saved: checkpoints\nnknn_regression_best_califonia_housing_softmax_fold_1_retr.pth
[Stage1] Epoch 2695 - Val R²: 0.7159 | Reg Val Loss: 0.2786
[Stage1] New best (epoch 2695) Val Loss: 0.2786 — saved: checkpoints\nnknn_regression_best_califonia_housing_softmax_fold_1_retr.pth
[Stage1] Epoch 2696 - Val R²: 0.7160 | Reg Val Loss: 0.2786
[Stage1] New best (epoch 2696) Val Loss: 0.2786 — saved: checkpoints\nnknn_regression_best_califonia_housing_softmax_fold_1_retr.pth
[Stage1] Epoch 2697 - Val R²: 0.7159 | Reg Val Loss: 0.2786
[Stage1] No improv. Best so far: 0.2786 (epoch 2696)
[Stage1] Epoch 2698 - Val R²: 0.7159 | Reg Val Loss: 0.2786
[Stage1] No improv. Best so far: 0.2786 (epoch 2696)
[Stage1] Epoch 2699 - Val R²: 0.7160 | Reg Val Loss: 0.2786
[Stage1] New best (epoch 2699) Val Loss: 0.2786 — saved: checkpoints\nnknn_regression_best_califonia_housing_softmax_fold_1_retr.pth
[Stage1] Epoch 2700 - Val R²: 0.7160 | Reg Val Loss: 0.2786
[Stage1] New best (epoch 2700) Val Loss: 0.2786 — saved: checkpoints\nnknn_regression_best_califonia_housing_softmax_fold_1_retr.pth
[Stage1] Epoch 2701 - Val R²: 0.7159 | Reg Val Loss: 0.2787
[Stage1] No improv. Best so far: 0.2786 (epoch 2700)
[Stage1] Epoch 2702 - Val R²: 0.7160 | Reg Val Loss: 0.2786
[Stage1] No improv. Best so far: 0.2786 (epoch 2700)
[Stage1] Epoch 2703 - Val R²: 0.7159 | Reg Val Loss: 0.2786
[Stage1] No improv. Best so far: 0.2786 (epoch 2700)
[Stage1] Epoch 2704 - Val R²: 0.7160 | Reg Val Loss: 0.2786
[Stage1] No improv. Best so far: 0.2786 (epoch 2700)
[Stage1] Epoch 2705 - Val R²: 0.7160 | Reg Val Loss: 0.2786
[Stage1] No improv. Best so far: 0.2786 (epoch 2700)
[Stage1] Epoch 2706 - Val R²: 0.7159 | Reg Val Loss: 0.2786
[Stage1] No improv. Best so far: 0.2786 (epoch 2700)
[Stage1] Epoch 2707 - Val R²: 0.7160 | Reg Val Loss: 0.2786
[Stage1] No improv. Best so far: 0.2786 (epoch 2700)
[Stage1] Epoch 2708 - Val R²: 0.7160 | Reg Val Loss: 0.2786
[Stage1] No improv. Best so far: 0.2786 (epoch 2700)
[Stage1] Epoch 2709 - Val R²: 0.7160 | Reg Val Loss: 0.2785
[Stage1] New best (epoch 2709) Val Loss: 0.2785 — saved: checkpoints\nnknn_regression_best_califonia_housing_softmax_fold_1_retr.pth
[Stage1] Epoch 2710 - Val R²: 0.7160 | Reg Val Loss: 0.2786
[Stage1] No improv. Best so far: 0.2785 (epoch 2709)
[Stage1] Epoch 2711 - Val R²: 0.7160 | Reg Val Loss: 0.2786
[Stage1] No improv. Best so far: 0.2785 (epoch 2709)
[Stage1] Epoch 2712 - Val R²: 0.7160 | Reg Val Loss: 0.2786
[Stage1] No improv. Best so far: 0.2785 (epoch 2709)
[Stage1] Epoch 2713 - Val R²: 0.7161 | Reg Val Loss: 0.2785
[Stage1] New best (epoch 2713) Val Loss: 0.2785 — saved: checkpoints\nnknn_regression_best_califonia_housing_softmax_fold_1_retr.pth
[Stage1] Epoch 2714 - Val R²: 0.7160 | Reg Val Loss: 0.2785
[Stage1] No improv. Best so far: 0.2785 (epoch 2713)
[Stage1] Epoch 2715 - Val R²: 0.7161 | Reg Val Loss: 0.2785
[Stage1] New best (epoch 2715) Val Loss: 0.2785 — saved: checkpoints\nnknn_regression_best_califonia_housing_softmax_fold_1_retr.pth
[Stage1] Epoch 2716 - Val R²: 0.7161 | Reg Val Loss: 0.2785
[Stage1] New best (epoch 2716) Val Loss: 0.2785 — saved: checkpoints\nnknn_regression_best_califonia_housing_softmax_fold_1_retr.pth
[Stage1] Epoch 2717 - Val R²: 0.7160 | Reg Val Loss: 0.2785
[Stage1] No improv. Best so far: 0.2785 (epoch 2716)
[Stage1] Epoch 2718 - Val R²: 0.7160 | Reg Val Loss: 0.2785
[Stage1] No improv. Best so far: 0.2785 (epoch 2716)
[Stage1] Epoch 2719 - Val R²: 0.7161 | Reg Val Loss: 0.2785
[Stage1] No improv. Best so far: 0.2785 (epoch 2716)
[Stage1] Epoch 2720 - Val R²: 0.7161 | Reg Val Loss: 0.2785
[Stage1] No improv. Best so far: 0.2785 (epoch 2716)
[Stage1] Epoch 2721 - Val R²: 0.7161 | Reg Val Loss: 0.2785
[Stage1] No improv. Best so far: 0.2785 (epoch 2716)
[Stage1] Epoch 2722 - Val R²: 0.7160 | Reg Val Loss: 0.2785
[Stage1] No improv. Best so far: 0.2785 (epoch 2716)
[Stage1] Epoch 2723 - Val R²: 0.7160 | Reg Val Loss: 0.2785
[Stage1] No improv. Best so far: 0.2785 (epoch 2716)
[Stage1] Epoch 2724 - Val R²: 0.7146 | Reg Val Loss: 0.2799
[Stage1] No improv. Best so far: 0.2785 (epoch 2716)
[Stage1] Epoch 2725 - Val R²: 0.7161 | Reg Val Loss: 0.2785
[Stage1] No improv. Best so far: 0.2785 (epoch 2716)
[Stage1] Epoch 2726 - Val R²: 0.7161 | Reg Val Loss: 0.2785
[Stage1] No improv. Best so far: 0.2785 (epoch 2716)
[Stage1] Epoch 2727 - Val R²: 0.7161 | Reg Val Loss: 0.2784
[Stage1] New best (epoch 2727) Val Loss: 0.2784 — saved: checkpoints\nnknn_regression_best_califonia_housing_softmax_fold_1_retr.pth
[Stage1] Epoch 2728 - Val R²: 0.7161 | Reg Val Loss: 0.2785
[Stage1] No improv. Best so far: 0.2784 (epoch 2727)
[Stage1] Epoch 2729 - Val R²: 0.7161 | Reg Val Loss: 0.2784
[Stage1] New best (epoch 2729) Val Loss: 0.2784 — saved: checkpoints\nnknn_regression_best_califonia_housing_softmax_fold_1_retr.pth
[Stage1] Epoch 2730 - Val R²: 0.7161 | Reg Val Loss: 0.2784
[Stage1] New best (epoch 2730) Val Loss: 0.2784 — saved: checkpoints\nnknn_regression_best_califonia_housing_softmax_fold_1_retr.pth
[Stage1] Epoch 2731 - Val R²: 0.7161 | Reg Val Loss: 0.2784
[Stage1] No improv. Best so far: 0.2784 (epoch 2730)
[Stage1] Epoch 2732 - Val R²: 0.7162 | Reg Val Loss: 0.2784
[Stage1] New best (epoch 2732) Val Loss: 0.2784 — saved: checkpoints\nnknn_regression_best_califonia_housing_softmax_fold_1_retr.pth
[Stage1] Epoch 2733 - Val R²: 0.7161 | Reg Val Loss: 0.2785
[Stage1] No improv. Best so far: 0.2784 (epoch 2732)
[Stage1] Epoch 2734 - Val R²: 0.7161 | Reg Val Loss: 0.2784
[Stage1] No improv. Best so far: 0.2784 (epoch 2732)
[Stage1] Epoch 2735 - Val R²: 0.7161 | Reg Val Loss: 0.2784
[Stage1] No improv. Best so far: 0.2784 (epoch 2732)
[Stage1] Epoch 2736 - Val R²: 0.7161 | Reg Val Loss: 0.2784
[Stage1] No improv. Best so far: 0.2784 (epoch 2732)
[Stage1] Epoch 2737 - Val R²: 0.7162 | Reg Val Loss: 0.2784
[Stage1] New best (epoch 2737) Val Loss: 0.2784 — saved: checkpoints\nnknn_regression_best_califonia_housing_softmax_fold_1_retr.pth
[Stage1] Epoch 2738 - Val R²: 0.7162 | Reg Val Loss: 0.2784
[Stage1] No improv. Best so far: 0.2784 (epoch 2737)
[Stage1] Epoch 2739 - Val R²: 0.7162 | Reg Val Loss: 0.2784
[Stage1] No improv. Best so far: 0.2784 (epoch 2737)
[Stage1] Epoch 2740 - Val R²: 0.7162 | Reg Val Loss: 0.2784
[Stage1] New best (epoch 2740) Val Loss: 0.2784 — saved: checkpoints\nnknn_regression_best_califonia_housing_softmax_fold_1_retr.pth
[Stage1] Epoch 2741 - Val R²: 0.7162 | Reg Val Loss: 0.2784
[Stage1] No improv. Best so far: 0.2784 (epoch 2740)
[Stage1] Epoch 2742 - Val R²: 0.7162 | Reg Val Loss: 0.2784
[Stage1] No improv. Best so far: 0.2784 (epoch 2740)
[Stage1] Epoch 2743 - Val R²: 0.7162 | Reg Val Loss: 0.2784
[Stage1] No improv. Best so far: 0.2784 (epoch 2740)
[Stage1] Epoch 2744 - Val R²: 0.7162 | Reg Val Loss: 0.2783
[Stage1] New best (epoch 2744) Val Loss: 0.2783 — saved: checkpoints\nnknn_regression_best_califonia_housing_softmax_fold_1_retr.pth
[Stage1] Epoch 2745 - Val R²: 0.7162 | Reg Val Loss: 0.2784
[Stage1] No improv. Best so far: 0.2783 (epoch 2744)
[Stage1] Epoch 2746 - Val R²: 0.7162 | Reg Val Loss: 0.2783
[Stage1] New best (epoch 2746) Val Loss: 0.2783 — saved: checkpoints\nnknn_regression_best_califonia_housing_softmax_fold_1_retr.pth
[Stage1] Epoch 2747 - Val R²: 0.7162 | Reg Val Loss: 0.2783
[Stage1] No improv. Best so far: 0.2783 (epoch 2746)
[Stage1] Epoch 2748 - Val R²: 0.7162 | Reg Val Loss: 0.2784
[Stage1] No improv. Best so far: 0.2783 (epoch 2746)
[Stage1] Epoch 2749 - Val R²: 0.7162 | Reg Val Loss: 0.2784
[Stage1] No improv. Best so far: 0.2783 (epoch 2746)
[Stage1] Epoch 2750 - Val R²: 0.7162 | Reg Val Loss: 0.2783
[Stage1] New best (epoch 2750) Val Loss: 0.2783 — saved: checkpoints\nnknn_regression_best_califonia_housing_softmax_fold_1_retr.pth
[Stage1] Epoch 2751 - Val R²: 0.7162 | Reg Val Loss: 0.2783
[Stage1] No improv. Best so far: 0.2783 (epoch 2750)
[Stage1] Epoch 2752 - Val R²: 0.7162 | Reg Val Loss: 0.2783
[Stage1] No improv. Best so far: 0.2783 (epoch 2750)
[Stage1] Epoch 2753 - Val R²: 0.7162 | Reg Val Loss: 0.2783
[Stage1] No improv. Best so far: 0.2783 (epoch 2750)
[Stage1] Epoch 2754 - Val R²: 0.7162 | Reg Val Loss: 0.2783
[Stage1] No improv. Best so far: 0.2783 (epoch 2750)
[Stage1] Epoch 2755 - Val R²: 0.7163 | Reg Val Loss: 0.2783
[Stage1] New best (epoch 2755) Val Loss: 0.2783 — saved: checkpoints\nnknn_regression_best_califonia_housing_softmax_fold_1_retr.pth
[Stage1] Epoch 2756 - Val R²: 0.7163 | Reg Val Loss: 0.2783
[Stage1] No improv. Best so far: 0.2783 (epoch 2755)
[Stage1] Epoch 2757 - Val R²: 0.7163 | Reg Val Loss: 0.2783
[Stage1] New best (epoch 2757) Val Loss: 0.2783 — saved: checkpoints\nnknn_regression_best_califonia_housing_softmax_fold_1_retr.pth
[Stage1] Epoch 2758 - Val R²: 0.7163 | Reg Val Loss: 0.2783
[Stage1] New best (epoch 2758) Val Loss: 0.2783 — saved: checkpoints\nnknn_regression_best_califonia_housing_softmax_fold_1_retr.pth
[Stage1] Epoch 2759 - Val R²: 0.7163 | Reg Val Loss: 0.2783
[Stage1] No improv. Best so far: 0.2783 (epoch 2758)
[Stage1] Epoch 2760 - Val R²: 0.7162 | Reg Val Loss: 0.2783
[Stage1] No improv. Best so far: 0.2783 (epoch 2758)
[Stage1] Epoch 2761 - Val R²: 0.7162 | Reg Val Loss: 0.2783
[Stage1] No improv. Best so far: 0.2783 (epoch 2758)
[Stage1] Epoch 2762 - Val R²: 0.7162 | Reg Val Loss: 0.2783
[Stage1] No improv. Best so far: 0.2783 (epoch 2758)
[Stage1] Epoch 2763 - Val R²: 0.7163 | Reg Val Loss: 0.2783
[Stage1] No improv. Best so far: 0.2783 (epoch 2758)
[Stage1] Epoch 2764 - Val R²: 0.7163 | Reg Val Loss: 0.2783
[Stage1] No improv. Best so far: 0.2783 (epoch 2758)
[Stage1] Epoch 2765 - Val R²: 0.7162 | Reg Val Loss: 0.2783
[Stage1] No improv. Best so far: 0.2783 (epoch 2758)
[Stage1] Epoch 2766 - Val R²: 0.7163 | Reg Val Loss: 0.2782
[Stage1] New best (epoch 2766) Val Loss: 0.2782 — saved: checkpoints\nnknn_regression_best_califonia_housing_softmax_fold_1_retr.pth
[Stage1] Epoch 2767 - Val R²: 0.7163 | Reg Val Loss: 0.2782
[Stage1] New best (epoch 2767) Val Loss: 0.2782 — saved: checkpoints\nnknn_regression_best_califonia_housing_softmax_fold_1_retr.pth
[Stage1] Epoch 2768 - Val R²: 0.7163 | Reg Val Loss: 0.2782
[Stage1] New best (epoch 2768) Val Loss: 0.2782 — saved: checkpoints\nnknn_regression_best_califonia_housing_softmax_fold_1_retr.pth
[Stage1] Epoch 2769 - Val R²: 0.7163 | Reg Val Loss: 0.2783
[Stage1] No improv. Best so far: 0.2782 (epoch 2768)
[Stage1] Epoch 2770 - Val R²: 0.7164 | Reg Val Loss: 0.2782
[Stage1] New best (epoch 2770) Val Loss: 0.2782 — saved: checkpoints\nnknn_regression_best_califonia_housing_softmax_fold_1_retr.pth
[Stage1] Epoch 2771 - Val R²: 0.7163 | Reg Val Loss: 0.2782
[Stage1] No improv. Best so far: 0.2782 (epoch 2770)
[Stage1] Epoch 2772 - Val R²: 0.7163 | Reg Val Loss: 0.2783
[Stage1] No improv. Best so far: 0.2782 (epoch 2770)
[Stage1] Epoch 2773 - Val R²: 0.7163 | Reg Val Loss: 0.2782
[Stage1] No improv. Best so far: 0.2782 (epoch 2770)
[Stage1] Epoch 2774 - Val R²: 0.7163 | Reg Val Loss: 0.2782
[Stage1] No improv. Best so far: 0.2782 (epoch 2770)
[Stage1] Epoch 2775 - Val R²: 0.7162 | Reg Val Loss: 0.2783
[Stage1] No improv. Best so far: 0.2782 (epoch 2770)
[Stage1] Epoch 2776 - Val R²: 0.7164 | Reg Val Loss: 0.2782
[Stage1] No improv. Best so far: 0.2782 (epoch 2770)
[Stage1] Epoch 2777 - Val R²: 0.7163 | Reg Val Loss: 0.2782
[Stage1] No improv. Best so far: 0.2782 (epoch 2770)
[Stage1] Epoch 2778 - Val R²: 0.7164 | Reg Val Loss: 0.2782
[Stage1] New best (epoch 2778) Val Loss: 0.2782 — saved: checkpoints\nnknn_regression_best_califonia_housing_softmax_fold_1_retr.pth
[Stage1] Epoch 2779 - Val R²: 0.7164 | Reg Val Loss: 0.2782
[Stage1] New best (epoch 2779) Val Loss: 0.2782 — saved: checkpoints\nnknn_regression_best_califonia_housing_softmax_fold_1_retr.pth
[Stage1] Epoch 2780 - Val R²: 0.7164 | Reg Val Loss: 0.2782
[Stage1] No improv. Best so far: 0.2782 (epoch 2779)
[Stage1] Epoch 2781 - Val R²: 0.7164 | Reg Val Loss: 0.2782
[Stage1] No improv. Best so far: 0.2782 (epoch 2779)
[Stage1] Epoch 2782 - Val R²: 0.7164 | Reg Val Loss: 0.2781
[Stage1] New best (epoch 2782) Val Loss: 0.2781 — saved: checkpoints\nnknn_regression_best_califonia_housing_softmax_fold_1_retr.pth
[Stage1] Epoch 2783 - Val R²: 0.7164 | Reg Val Loss: 0.2781
[Stage1] New best (epoch 2783) Val Loss: 0.2781 — saved: checkpoints\nnknn_regression_best_califonia_housing_softmax_fold_1_retr.pth
[Stage1] Epoch 2784 - Val R²: 0.7164 | Reg Val Loss: 0.2782
[Stage1] No improv. Best so far: 0.2781 (epoch 2783)
[Stage1] Epoch 2785 - Val R²: 0.7164 | Reg Val Loss: 0.2781
[Stage1] No improv. Best so far: 0.2781 (epoch 2783)
[Stage1] Epoch 2786 - Val R²: 0.7164 | Reg Val Loss: 0.2781
[Stage1] New best (epoch 2786) Val Loss: 0.2781 — saved: checkpoints\nnknn_regression_best_califonia_housing_softmax_fold_1_retr.pth
[Stage1] Epoch 2787 - Val R²: 0.7165 | Reg Val Loss: 0.2781
[Stage1] New best (epoch 2787) Val Loss: 0.2781 — saved: checkpoints\nnknn_regression_best_califonia_housing_softmax_fold_1_retr.pth
[Stage1] Epoch 2788 - Val R²: 0.7165 | Reg Val Loss: 0.2781
[Stage1] New best (epoch 2788) Val Loss: 0.2781 — saved: checkpoints\nnknn_regression_best_califonia_housing_softmax_fold_1_retr.pth
[Stage1] Epoch 2789 - Val R²: 0.7164 | Reg Val Loss: 0.2782
[Stage1] No improv. Best so far: 0.2781 (epoch 2788)
[Stage1] Epoch 2790 - Val R²: 0.7165 | Reg Val Loss: 0.2781
[Stage1] No improv. Best so far: 0.2781 (epoch 2788)
[Stage1] Epoch 2791 - Val R²: 0.7165 | Reg Val Loss: 0.2781
[Stage1] No improv. Best so far: 0.2781 (epoch 2788)
[Stage1] Epoch 2792 - Val R²: 0.7165 | Reg Val Loss: 0.2781
[Stage1] No improv. Best so far: 0.2781 (epoch 2788)
[Stage1] Epoch 2793 - Val R²: 0.7165 | Reg Val Loss: 0.2781
[Stage1] No improv. Best so far: 0.2781 (epoch 2788)
[Stage1] Epoch 2794 - Val R²: 0.7165 | Reg Val Loss: 0.2781
[Stage1] No improv. Best so far: 0.2781 (epoch 2788)
[Stage1] Epoch 2795 - Val R²: 0.7165 | Reg Val Loss: 0.2781
[Stage1] No improv. Best so far: 0.2781 (epoch 2788)
[Stage1] Epoch 2796 - Val R²: 0.7165 | Reg Val Loss: 0.2781
[Stage1] No improv. Best so far: 0.2781 (epoch 2788)
[Stage1] Epoch 2797 - Val R²: 0.7165 | Reg Val Loss: 0.2781
[Stage1] No improv. Best so far: 0.2781 (epoch 2788)
[Stage1] Epoch 2798 - Val R²: 0.7165 | Reg Val Loss: 0.2781
[Stage1] No improv. Best so far: 0.2781 (epoch 2788)
[Stage1] Epoch 2799 - Val R²: 0.7165 | Reg Val Loss: 0.2781
[Stage1] No improv. Best so far: 0.2781 (epoch 2788)
[Stage1] Epoch 2800 - Val R²: 0.7165 | Reg Val Loss: 0.2781
[Stage1] No improv. Best so far: 0.2781 (epoch 2788)
[Stage1] Epoch 2801 - Val R²: 0.7165 | Reg Val Loss: 0.2781
[Stage1] No improv. Best so far: 0.2781 (epoch 2788)
[Stage1] Epoch 2802 - Val R²: 0.7165 | Reg Val Loss: 0.2780
[Stage1] New best (epoch 2802) Val Loss: 0.2780 — saved: checkpoints\nnknn_regression_best_califonia_housing_softmax_fold_1_retr.pth
[Stage1] Epoch 2803 - Val R²: 0.7165 | Reg Val Loss: 0.2781
[Stage1] No improv. Best so far: 0.2780 (epoch 2802)
[Stage1] Epoch 2804 - Val R²: 0.7165 | Reg Val Loss: 0.2781
[Stage1] No improv. Best so far: 0.2780 (epoch 2802)
[Stage1] Epoch 2805 - Val R²: 0.7165 | Reg Val Loss: 0.2781
[Stage1] No improv. Best so far: 0.2780 (epoch 2802)
[Stage1] Epoch 2806 - Val R²: 0.7165 | Reg Val Loss: 0.2781
[Stage1] No improv. Best so far: 0.2780 (epoch 2802)
[Stage1] Epoch 2807 - Val R²: 0.7165 | Reg Val Loss: 0.2780
[Stage1] No improv. Best so far: 0.2780 (epoch 2802)
[Stage1] Epoch 2808 - Val R²: 0.7165 | Reg Val Loss: 0.2780
[Stage1] New best (epoch 2808) Val Loss: 0.2780 — saved: checkpoints\nnknn_regression_best_califonia_housing_softmax_fold_1_retr.pth
[Stage1] Epoch 2809 - Val R²: 0.7165 | Reg Val Loss: 0.2781
[Stage1] No improv. Best so far: 0.2780 (epoch 2808)
[Stage1] Epoch 2810 - Val R²: 0.7166 | Reg Val Loss: 0.2780
[Stage1] New best (epoch 2810) Val Loss: 0.2780 — saved: checkpoints\nnknn_regression_best_califonia_housing_softmax_fold_1_retr.pth
[Stage1] Epoch 2811 - Val R²: 0.7166 | Reg Val Loss: 0.2780
[Stage1] New best (epoch 2811) Val Loss: 0.2780 — saved: checkpoints\nnknn_regression_best_califonia_housing_softmax_fold_1_retr.pth
[Stage1] Epoch 2812 - Val R²: 0.7165 | Reg Val Loss: 0.2781
[Stage1] No improv. Best so far: 0.2780 (epoch 2811)
[Stage1] Epoch 2813 - Val R²: 0.7165 | Reg Val Loss: 0.2781
[Stage1] No improv. Best so far: 0.2780 (epoch 2811)
[Stage1] Epoch 2814 - Val R²: 0.7165 | Reg Val Loss: 0.2781
[Stage1] No improv. Best so far: 0.2780 (epoch 2811)
[Stage1] Epoch 2815 - Val R²: 0.7166 | Reg Val Loss: 0.2780
[Stage1] No improv. Best so far: 0.2780 (epoch 2811)
[Stage1] Epoch 2816 - Val R²: 0.7166 | Reg Val Loss: 0.2780
[Stage1] No improv. Best so far: 0.2780 (epoch 2811)
[Stage1] Epoch 2817 - Val R²: 0.7166 | Reg Val Loss: 0.2780
[Stage1] No improv. Best so far: 0.2780 (epoch 2811)
[Stage1] Epoch 2818 - Val R²: 0.7166 | Reg Val Loss: 0.2780
[Stage1] No improv. Best so far: 0.2780 (epoch 2811)
[Stage1] Epoch 2819 - Val R²: 0.7166 | Reg Val Loss: 0.2780
[Stage1] No improv. Best so far: 0.2780 (epoch 2811)
[Stage1] Epoch 2820 - Val R²: 0.7166 | Reg Val Loss: 0.2779
[Stage1] New best (epoch 2820) Val Loss: 0.2779 — saved: checkpoints\nnknn_regression_best_califonia_housing_softmax_fold_1_retr.pth
[Stage1] Epoch 2821 - Val R²: 0.7166 | Reg Val Loss: 0.2779
[Stage1] New best (epoch 2821) Val Loss: 0.2779 — saved: checkpoints\nnknn_regression_best_califonia_housing_softmax_fold_1_retr.pth
[Stage1] Epoch 2822 - Val R²: 0.7166 | Reg Val Loss: 0.2779
[Stage1] No improv. Best so far: 0.2779 (epoch 2821)
[Stage1] Epoch 2823 - Val R²: 0.7167 | Reg Val Loss: 0.2779
[Stage1] New best (epoch 2823) Val Loss: 0.2779 — saved: checkpoints\nnknn_regression_best_califonia_housing_softmax_fold_1_retr.pth
[Stage1] Epoch 2824 - Val R²: 0.7166 | Reg Val Loss: 0.2779
[Stage1] No improv. Best so far: 0.2779 (epoch 2823)
[Stage1] Epoch 2825 - Val R²: 0.7166 | Reg Val Loss: 0.2779
[Stage1] No improv. Best so far: 0.2779 (epoch 2823)
[Stage1] Epoch 2826 - Val R²: 0.7167 | Reg Val Loss: 0.2779
[Stage1] No improv. Best so far: 0.2779 (epoch 2823)
[Stage1] Epoch 2827 - Val R²: 0.7167 | Reg Val Loss: 0.2779
[Stage1] No improv. Best so far: 0.2779 (epoch 2823)
[Stage1] Epoch 2828 - Val R²: 0.7167 | Reg Val Loss: 0.2779
[Stage1] No improv. Best so far: 0.2779 (epoch 2823)
[Stage1] Epoch 2829 - Val R²: 0.7167 | Reg Val Loss: 0.2779
[Stage1] No improv. Best so far: 0.2779 (epoch 2823)
[Stage1] Epoch 2830 - Val R²: 0.7166 | Reg Val Loss: 0.2779
[Stage1] No improv. Best so far: 0.2779 (epoch 2823)
[Stage1] Epoch 2831 - Val R²: 0.7167 | Reg Val Loss: 0.2779
[Stage1] No improv. Best so far: 0.2779 (epoch 2823)
[Stage1] Epoch 2832 - Val R²: 0.7167 | Reg Val Loss: 0.2779
[Stage1] No improv. Best so far: 0.2779 (epoch 2823)
[Stage1] Epoch 2833 - Val R²: 0.7167 | Reg Val Loss: 0.2778
[Stage1] New best (epoch 2833) Val Loss: 0.2778 — saved: checkpoints\nnknn_regression_best_califonia_housing_softmax_fold_1_retr.pth
[Stage1] Epoch 2834 - Val R²: 0.7167 | Reg Val Loss: 0.2779
[Stage1] No improv. Best so far: 0.2778 (epoch 2833)
[Stage1] Epoch 2835 - Val R²: 0.7167 | Reg Val Loss: 0.2779
[Stage1] No improv. Best so far: 0.2778 (epoch 2833)
[Stage1] Epoch 2836 - Val R²: 0.7166 | Reg Val Loss: 0.2779
[Stage1] No improv. Best so far: 0.2778 (epoch 2833)
[Stage1] Epoch 2837 - Val R²: 0.7167 | Reg Val Loss: 0.2779
[Stage1] No improv. Best so far: 0.2778 (epoch 2833)
[Stage1] Epoch 2838 - Val R²: 0.7167 | Reg Val Loss: 0.2778
[Stage1] No improv. Best so far: 0.2778 (epoch 2833)
[Stage1] Epoch 2839 - Val R²: 0.7167 | Reg Val Loss: 0.2778
[Stage1] No improv. Best so far: 0.2778 (epoch 2833)
[Stage1] Epoch 2840 - Val R²: 0.7167 | Reg Val Loss: 0.2779
[Stage1] No improv. Best so far: 0.2778 (epoch 2833)
[Stage1] Epoch 2841 - Val R²: 0.7167 | Reg Val Loss: 0.2778
[Stage1] No improv. Best so far: 0.2778 (epoch 2833)
[Stage1] Epoch 2842 - Val R²: 0.7168 | Reg Val Loss: 0.2778
[Stage1] New best (epoch 2842) Val Loss: 0.2778 — saved: checkpoints\nnknn_regression_best_califonia_housing_softmax_fold_1_retr.pth
[Stage1] Epoch 2843 - Val R²: 0.7168 | Reg Val Loss: 0.2778
[Stage1] New best (epoch 2843) Val Loss: 0.2778 — saved: checkpoints\nnknn_regression_best_califonia_housing_softmax_fold_1_retr.pth
[Stage1] Epoch 2844 - Val R²: 0.7167 | Reg Val Loss: 0.2778
[Stage1] No improv. Best so far: 0.2778 (epoch 2843)
[Stage1] Epoch 2845 - Val R²: 0.7167 | Reg Val Loss: 0.2778
[Stage1] No improv. Best so far: 0.2778 (epoch 2843)
[Stage1] Epoch 2846 - Val R²: 0.7168 | Reg Val Loss: 0.2778
[Stage1] New best (epoch 2846) Val Loss: 0.2778 — saved: checkpoints\nnknn_regression_best_califonia_housing_softmax_fold_1_retr.pth
[Stage1] Epoch 2847 - Val R²: 0.7168 | Reg Val Loss: 0.2778
[Stage1] No improv. Best so far: 0.2778 (epoch 2846)
[Stage1] Epoch 2848 - Val R²: 0.7168 | Reg Val Loss: 0.2778
[Stage1] No improv. Best so far: 0.2778 (epoch 2846)
[Stage1] Epoch 2849 - Val R²: 0.7168 | Reg Val Loss: 0.2778
[Stage1] New best (epoch 2849) Val Loss: 0.2778 — saved: checkpoints\nnknn_regression_best_califonia_housing_softmax_fold_1_retr.pth
[Stage1] Epoch 2850 - Val R²: 0.7168 | Reg Val Loss: 0.2778
[Stage1] No improv. Best so far: 0.2778 (epoch 2849)
[Stage1] Epoch 2851 - Val R²: 0.7168 | Reg Val Loss: 0.2778
[Stage1] New best (epoch 2851) Val Loss: 0.2778 — saved: checkpoints\nnknn_regression_best_califonia_housing_softmax_fold_1_retr.pth
[Stage1] Epoch 2852 - Val R²: 0.7168 | Reg Val Loss: 0.2778
[Stage1] No improv. Best so far: 0.2778 (epoch 2851)
[Stage1] Epoch 2853 - Val R²: 0.7168 | Reg Val Loss: 0.2778
[Stage1] No improv. Best so far: 0.2778 (epoch 2851)
[Stage1] Epoch 2854 - Val R²: 0.7168 | Reg Val Loss: 0.2778
[Stage1] No improv. Best so far: 0.2778 (epoch 2851)
[Stage1] Epoch 2855 - Val R²: 0.7168 | Reg Val Loss: 0.2778
[Stage1] No improv. Best so far: 0.2778 (epoch 2851)
[Stage1] Epoch 2856 - Val R²: 0.7168 | Reg Val Loss: 0.2778
[Stage1] No improv. Best so far: 0.2778 (epoch 2851)
[Stage1] Epoch 2857 - Val R²: 0.7168 | Reg Val Loss: 0.2778
[Stage1] No improv. Best so far: 0.2778 (epoch 2851)
[Stage1] Epoch 2858 - Val R²: 0.7168 | Reg Val Loss: 0.2778
[Stage1] No improv. Best so far: 0.2778 (epoch 2851)
[Stage1] Epoch 2859 - Val R²: 0.7168 | Reg Val Loss: 0.2778
[Stage1] New best (epoch 2859) Val Loss: 0.2778 — saved: checkpoints\nnknn_regression_best_califonia_housing_softmax_fold_1_retr.pth
[Stage1] Epoch 2860 - Val R²: 0.7168 | Reg Val Loss: 0.2777
[Stage1] New best (epoch 2860) Val Loss: 0.2777 — saved: checkpoints\nnknn_regression_best_califonia_housing_softmax_fold_1_retr.pth
[Stage1] Epoch 2861 - Val R²: 0.7168 | Reg Val Loss: 0.2777
[Stage1] No improv. Best so far: 0.2777 (epoch 2860)
[Stage1] Epoch 2862 - Val R²: 0.7168 | Reg Val Loss: 0.2777
[Stage1] No improv. Best so far: 0.2777 (epoch 2860)
[Stage1] Epoch 2863 - Val R²: 0.7169 | Reg Val Loss: 0.2777
[Stage1] New best (epoch 2863) Val Loss: 0.2777 — saved: checkpoints\nnknn_regression_best_califonia_housing_softmax_fold_1_retr.pth
[Stage1] Epoch 2864 - Val R²: 0.7169 | Reg Val Loss: 0.2777
[Stage1] New best (epoch 2864) Val Loss: 0.2777 — saved: checkpoints\nnknn_regression_best_califonia_housing_softmax_fold_1_retr.pth
[Stage1] Epoch 2865 - Val R²: 0.7169 | Reg Val Loss: 0.2777
[Stage1] New best (epoch 2865) Val Loss: 0.2777 — saved: checkpoints\nnknn_regression_best_califonia_housing_softmax_fold_1_retr.pth
[Stage1] Epoch 2866 - Val R²: 0.7150 | Reg Val Loss: 0.2795
[Stage1] No improv. Best so far: 0.2777 (epoch 2865)
[Stage1] Epoch 2867 - Val R²: 0.7168 | Reg Val Loss: 0.2777
[Stage1] No improv. Best so far: 0.2777 (epoch 2865)
[Stage1] Epoch 2868 - Val R²: 0.7169 | Reg Val Loss: 0.2777
[Stage1] New best (epoch 2868) Val Loss: 0.2777 — saved: checkpoints\nnknn_regression_best_califonia_housing_softmax_fold_1_retr.pth
[Stage1] Epoch 2869 - Val R²: 0.7169 | Reg Val Loss: 0.2777
[Stage1] No improv. Best so far: 0.2777 (epoch 2868)
[Stage1] Epoch 2870 - Val R²: 0.7169 | Reg Val Loss: 0.2776
[Stage1] New best (epoch 2870) Val Loss: 0.2776 — saved: checkpoints\nnknn_regression_best_califonia_housing_softmax_fold_1_retr.pth
[Stage1] Epoch 2871 - Val R²: 0.7169 | Reg Val Loss: 0.2777
[Stage1] No improv. Best so far: 0.2776 (epoch 2870)
[Stage1] Epoch 2872 - Val R²: 0.7169 | Reg Val Loss: 0.2777
[Stage1] No improv. Best so far: 0.2776 (epoch 2870)
[Stage1] Epoch 2873 - Val R²: 0.7169 | Reg Val Loss: 0.2777
[Stage1] No improv. Best so far: 0.2776 (epoch 2870)
[Stage1] Epoch 2874 - Val R²: 0.7169 | Reg Val Loss: 0.2777
[Stage1] No improv. Best so far: 0.2776 (epoch 2870)
[Stage1] Epoch 2875 - Val R²: 0.7169 | Reg Val Loss: 0.2777
[Stage1] No improv. Best so far: 0.2776 (epoch 2870)
[Stage1] Epoch 2876 - Val R²: 0.7169 | Reg Val Loss: 0.2777
[Stage1] No improv. Best so far: 0.2776 (epoch 2870)
[Stage1] Epoch 2877 - Val R²: 0.7169 | Reg Val Loss: 0.2776
[Stage1] No improv. Best so far: 0.2776 (epoch 2870)
[Stage1] Epoch 2878 - Val R²: 0.7169 | Reg Val Loss: 0.2777
[Stage1] No improv. Best so far: 0.2776 (epoch 2870)
[Stage1] Epoch 2879 - Val R²: 0.7169 | Reg Val Loss: 0.2777
[Stage1] No improv. Best so far: 0.2776 (epoch 2870)
[Stage1] Epoch 2880 - Val R²: 0.7169 | Reg Val Loss: 0.2776
[Stage1] No improv. Best so far: 0.2776 (epoch 2870)
[Stage1] Epoch 2881 - Val R²: 0.7170 | Reg Val Loss: 0.2776
[Stage1] New best (epoch 2881) Val Loss: 0.2776 — saved: checkpoints\nnknn_regression_best_califonia_housing_softmax_fold_1_retr.pth
[Stage1] Epoch 2882 - Val R²: 0.7169 | Reg Val Loss: 0.2777
[Stage1] No improv. Best so far: 0.2776 (epoch 2881)
[Stage1] Epoch 2883 - Val R²: 0.7169 | Reg Val Loss: 0.2777
[Stage1] No improv. Best so far: 0.2776 (epoch 2881)
[Stage1] Epoch 2884 - Val R²: 0.7169 | Reg Val Loss: 0.2776
[Stage1] No improv. Best so far: 0.2776 (epoch 2881)
[Stage1] Epoch 2885 - Val R²: 0.7169 | Reg Val Loss: 0.2776
[Stage1] No improv. Best so far: 0.2776 (epoch 2881)
[Stage1] Epoch 2886 - Val R²: 0.7170 | Reg Val Loss: 0.2776
[Stage1] New best (epoch 2886) Val Loss: 0.2776 — saved: checkpoints\nnknn_regression_best_califonia_housing_softmax_fold_1_retr.pth
[Stage1] Epoch 2887 - Val R²: 0.7170 | Reg Val Loss: 0.2776
[Stage1] New best (epoch 2887) Val Loss: 0.2776 — saved: checkpoints\nnknn_regression_best_califonia_housing_softmax_fold_1_retr.pth
[Stage1] Epoch 2888 - Val R²: 0.7169 | Reg Val Loss: 0.2776
[Stage1] No improv. Best so far: 0.2776 (epoch 2887)
[Stage1] Epoch 2889 - Val R²: 0.7170 | Reg Val Loss: 0.2776
[Stage1] No improv. Best so far: 0.2776 (epoch 2887)
[Stage1] Epoch 2890 - Val R²: 0.7170 | Reg Val Loss: 0.2776
[Stage1] No improv. Best so far: 0.2776 (epoch 2887)
[Stage1] Epoch 2891 - Val R²: 0.7169 | Reg Val Loss: 0.2776
[Stage1] No improv. Best so far: 0.2776 (epoch 2887)
[Stage1] Epoch 2892 - Val R²: 0.7169 | Reg Val Loss: 0.2776
[Stage1] No improv. Best so far: 0.2776 (epoch 2887)
[Stage1] Epoch 2893 - Val R²: 0.7169 | Reg Val Loss: 0.2776
[Stage1] No improv. Best so far: 0.2776 (epoch 2887)
[Stage1] Epoch 2894 - Val R²: 0.7169 | Reg Val Loss: 0.2777
[Stage1] No improv. Best so far: 0.2776 (epoch 2887)
[Stage1] Epoch 2895 - Val R²: 0.7170 | Reg Val Loss: 0.2776
[Stage1] No improv. Best so far: 0.2776 (epoch 2887)
[Stage1] Epoch 2896 - Val R²: 0.7170 | Reg Val Loss: 0.2776
[Stage1] No improv. Best so far: 0.2776 (epoch 2887)
[Stage1] Epoch 2897 - Val R²: 0.7170 | Reg Val Loss: 0.2776
[Stage1] New best (epoch 2897) Val Loss: 0.2776 — saved: checkpoints\nnknn_regression_best_califonia_housing_softmax_fold_1_retr.pth
[Stage1] Epoch 2898 - Val R²: 0.7170 | Reg Val Loss: 0.2775
[Stage1] New best (epoch 2898) Val Loss: 0.2775 — saved: checkpoints\nnknn_regression_best_califonia_housing_softmax_fold_1_retr.pth
[Stage1] Epoch 2899 - Val R²: 0.7170 | Reg Val Loss: 0.2776
[Stage1] No improv. Best so far: 0.2775 (epoch 2898)
[Stage1] Epoch 2900 - Val R²: 0.7169 | Reg Val Loss: 0.2776
[Stage1] No improv. Best so far: 0.2775 (epoch 2898)
[Stage1] Epoch 2901 - Val R²: 0.7170 | Reg Val Loss: 0.2775
[Stage1] New best (epoch 2901) Val Loss: 0.2775 — saved: checkpoints\nnknn_regression_best_califonia_housing_softmax_fold_1_retr.pth
[Stage1] Epoch 2902 - Val R²: 0.7171 | Reg Val Loss: 0.2775
[Stage1] New best (epoch 2902) Val Loss: 0.2775 — saved: checkpoints\nnknn_regression_best_califonia_housing_softmax_fold_1_retr.pth
[Stage1] Epoch 2903 - Val R²: 0.7171 | Reg Val Loss: 0.2775
[Stage1] New best (epoch 2903) Val Loss: 0.2775 — saved: checkpoints\nnknn_regression_best_califonia_housing_softmax_fold_1_retr.pth
[Stage1] Epoch 2904 - Val R²: 0.7171 | Reg Val Loss: 0.2775
[Stage1] New best (epoch 2904) Val Loss: 0.2775 — saved: checkpoints\nnknn_regression_best_califonia_housing_softmax_fold_1_retr.pth
[Stage1] Epoch 2905 - Val R²: 0.7170 | Reg Val Loss: 0.2775
[Stage1] No improv. Best so far: 0.2775 (epoch 2904)
[Stage1] Epoch 2906 - Val R²: 0.7170 | Reg Val Loss: 0.2775
[Stage1] No improv. Best so far: 0.2775 (epoch 2904)
[Stage1] Epoch 2907 - Val R²: 0.7171 | Reg Val Loss: 0.2775
[Stage1] No improv. Best so far: 0.2775 (epoch 2904)
[Stage1] Epoch 2908 - Val R²: 0.7171 | Reg Val Loss: 0.2775
[Stage1] No improv. Best so far: 0.2775 (epoch 2904)
[Stage1] Epoch 2909 - Val R²: 0.7171 | Reg Val Loss: 0.2775
[Stage1] No improv. Best so far: 0.2775 (epoch 2904)
[Stage1] Epoch 2910 - Val R²: 0.7171 | Reg Val Loss: 0.2775
[Stage1] No improv. Best so far: 0.2775 (epoch 2904)
[Stage1] Epoch 2911 - Val R²: 0.7171 | Reg Val Loss: 0.2775
[Stage1] No improv. Best so far: 0.2775 (epoch 2904)
[Stage1] Epoch 2912 - Val R²: 0.7171 | Reg Val Loss: 0.2775
[Stage1] No improv. Best so far: 0.2775 (epoch 2904)
[Stage1] Epoch 2913 - Val R²: 0.7171 | Reg Val Loss: 0.2775
[Stage1] New best (epoch 2913) Val Loss: 0.2775 — saved: checkpoints\nnknn_regression_best_califonia_housing_softmax_fold_1_retr.pth
[Stage1] Epoch 2914 - Val R²: 0.7171 | Reg Val Loss: 0.2775
[Stage1] No improv. Best so far: 0.2775 (epoch 2913)
[Stage1] Epoch 2915 - Val R²: 0.7171 | Reg Val Loss: 0.2775
[Stage1] No improv. Best so far: 0.2775 (epoch 2913)
[Stage1] Epoch 2916 - Val R²: 0.7171 | Reg Val Loss: 0.2775
[Stage1] New best (epoch 2916) Val Loss: 0.2775 — saved: checkpoints\nnknn_regression_best_califonia_housing_softmax_fold_1_retr.pth
[Stage1] Epoch 2917 - Val R²: 0.7171 | Reg Val Loss: 0.2775
[Stage1] No improv. Best so far: 0.2775 (epoch 2916)
[Stage1] Epoch 2918 - Val R²: 0.7171 | Reg Val Loss: 0.2775
[Stage1] New best (epoch 2918) Val Loss: 0.2775 — saved: checkpoints\nnknn_regression_best_califonia_housing_softmax_fold_1_retr.pth
[Stage1] Epoch 2919 - Val R²: 0.7171 | Reg Val Loss: 0.2774
[Stage1] New best (epoch 2919) Val Loss: 0.2774 — saved: checkpoints\nnknn_regression_best_califonia_housing_softmax_fold_1_retr.pth
[Stage1] Epoch 2920 - Val R²: 0.7172 | Reg Val Loss: 0.2774
[Stage1] New best (epoch 2920) Val Loss: 0.2774 — saved: checkpoints\nnknn_regression_best_califonia_housing_softmax_fold_1_retr.pth
[Stage1] Epoch 2921 - Val R²: 0.7172 | Reg Val Loss: 0.2774
[Stage1] No improv. Best so far: 0.2774 (epoch 2920)
[Stage1] Epoch 2922 - Val R²: 0.7171 | Reg Val Loss: 0.2774
[Stage1] No improv. Best so far: 0.2774 (epoch 2920)
[Stage1] Epoch 2923 - Val R²: 0.7171 | Reg Val Loss: 0.2774
[Stage1] No improv. Best so far: 0.2774 (epoch 2920)
[Stage1] Epoch 2924 - Val R²: 0.7171 | Reg Val Loss: 0.2774
[Stage1] No improv. Best so far: 0.2774 (epoch 2920)
[Stage1] Epoch 2925 - Val R²: 0.7171 | Reg Val Loss: 0.2775
[Stage1] No improv. Best so far: 0.2774 (epoch 2920)
[Stage1] Epoch 2926 - Val R²: 0.7171 | Reg Val Loss: 0.2774
[Stage1] No improv. Best so far: 0.2774 (epoch 2920)
[Stage1] Epoch 2927 - Val R²: 0.7171 | Reg Val Loss: 0.2774
[Stage1] No improv. Best so far: 0.2774 (epoch 2920)
[Stage1] Epoch 2928 - Val R²: 0.7171 | Reg Val Loss: 0.2774
[Stage1] No improv. Best so far: 0.2774 (epoch 2920)
[Stage1] Epoch 2929 - Val R²: 0.7171 | Reg Val Loss: 0.2774
[Stage1] No improv. Best so far: 0.2774 (epoch 2920)
[Stage1] Epoch 2930 - Val R²: 0.7172 | Reg Val Loss: 0.2774
[Stage1] New best (epoch 2930) Val Loss: 0.2774 — saved: checkpoints\nnknn_regression_best_califonia_housing_softmax_fold_1_retr.pth
[Stage1] Epoch 2931 - Val R²: 0.7172 | Reg Val Loss: 0.2774
[Stage1] No improv. Best so far: 0.2774 (epoch 2930)
[Stage1] Epoch 2932 - Val R²: 0.7172 | Reg Val Loss: 0.2773
[Stage1] New best (epoch 2932) Val Loss: 0.2773 — saved: checkpoints\nnknn_regression_best_califonia_housing_softmax_fold_1_retr.pth
[Stage1] Epoch 2933 - Val R²: 0.7172 | Reg Val Loss: 0.2774
[Stage1] No improv. Best so far: 0.2773 (epoch 2932)
[Stage1] Epoch 2934 - Val R²: 0.7172 | Reg Val Loss: 0.2774
[Stage1] No improv. Best so far: 0.2773 (epoch 2932)
[Stage1] Epoch 2935 - Val R²: 0.7173 | Reg Val Loss: 0.2773
[Stage1] New best (epoch 2935) Val Loss: 0.2773 — saved: checkpoints\nnknn_regression_best_califonia_housing_softmax_fold_1_retr.pth
[Stage1] Epoch 2936 - Val R²: 0.7172 | Reg Val Loss: 0.2774
[Stage1] No improv. Best so far: 0.2773 (epoch 2935)
[Stage1] Epoch 2937 - Val R²: 0.7172 | Reg Val Loss: 0.2774
[Stage1] No improv. Best so far: 0.2773 (epoch 2935)
[Stage1] Epoch 2938 - Val R²: 0.7172 | Reg Val Loss: 0.2774
[Stage1] No improv. Best so far: 0.2773 (epoch 2935)
[Stage1] Epoch 2939 - Val R²: 0.7172 | Reg Val Loss: 0.2774
[Stage1] No improv. Best so far: 0.2773 (epoch 2935)
[Stage1] Epoch 2940 - Val R²: 0.7172 | Reg Val Loss: 0.2774
[Stage1] No improv. Best so far: 0.2773 (epoch 2935)
[Stage1] Epoch 2941 - Val R²: 0.7172 | Reg Val Loss: 0.2774
[Stage1] No improv. Best so far: 0.2773 (epoch 2935)
[Stage1] Epoch 2942 - Val R²: 0.7172 | Reg Val Loss: 0.2774
[Stage1] No improv. Best so far: 0.2773 (epoch 2935)
[Stage1] Epoch 2943 - Val R²: 0.7172 | Reg Val Loss: 0.2773
[Stage1] No improv. Best so far: 0.2773 (epoch 2935)
[Stage1] Epoch 2944 - Val R²: 0.7173 | Reg Val Loss: 0.2773
[Stage1] No improv. Best so far: 0.2773 (epoch 2935)
[Stage1] Epoch 2945 - Val R²: 0.7172 | Reg Val Loss: 0.2773
[Stage1] No improv. Best so far: 0.2773 (epoch 2935)
[Stage1] Epoch 2946 - Val R²: 0.7172 | Reg Val Loss: 0.2774
[Stage1] No improv. Best so far: 0.2773 (epoch 2935)
[Stage1] Epoch 2947 - Val R²: 0.7172 | Reg Val Loss: 0.2773
[Stage1] No improv. Best so far: 0.2773 (epoch 2935)
[Stage1] Epoch 2948 - Val R²: 0.7172 | Reg Val Loss: 0.2773
[Stage1] No improv. Best so far: 0.2773 (epoch 2935)
[Stage1] Epoch 2949 - Val R²: 0.7173 | Reg Val Loss: 0.2773
[Stage1] New best (epoch 2949) Val Loss: 0.2773 — saved: checkpoints\nnknn_regression_best_califonia_housing_softmax_fold_1_retr.pth
[Stage1] Epoch 2950 - Val R²: 0.7172 | Reg Val Loss: 0.2774
[Stage1] No improv. Best so far: 0.2773 (epoch 2949)
[Stage1] Epoch 2951 - Val R²: 0.7172 | Reg Val Loss: 0.2773
[Stage1] No improv. Best so far: 0.2773 (epoch 2949)
[Stage1] Epoch 2952 - Val R²: 0.7173 | Reg Val Loss: 0.2773
[Stage1] New best (epoch 2952) Val Loss: 0.2773 — saved: checkpoints\nnknn_regression_best_califonia_housing_softmax_fold_1_retr.pth
[Stage1] Epoch 2953 - Val R²: 0.7172 | Reg Val Loss: 0.2773
[Stage1] No improv. Best so far: 0.2773 (epoch 2952)
[Stage1] Epoch 2954 - Val R²: 0.7172 | Reg Val Loss: 0.2774
[Stage1] No improv. Best so far: 0.2773 (epoch 2952)
[Stage1] Epoch 2955 - Val R²: 0.7172 | Reg Val Loss: 0.2773
[Stage1] No improv. Best so far: 0.2773 (epoch 2952)
[Stage1] Epoch 2956 - Val R²: 0.7172 | Reg Val Loss: 0.2773
[Stage1] No improv. Best so far: 0.2773 (epoch 2952)
[Stage1] Epoch 2957 - Val R²: 0.7173 | Reg Val Loss: 0.2773
[Stage1] New best (epoch 2957) Val Loss: 0.2773 — saved: checkpoints\nnknn_regression_best_califonia_housing_softmax_fold_1_retr.pth
[Stage1] Epoch 2958 - Val R²: 0.7173 | Reg Val Loss: 0.2773
[Stage1] No improv. Best so far: 0.2773 (epoch 2957)
[Stage1] Epoch 2959 - Val R²: 0.7173 | Reg Val Loss: 0.2773
[Stage1] New best (epoch 2959) Val Loss: 0.2773 — saved: checkpoints\nnknn_regression_best_califonia_housing_softmax_fold_1_retr.pth
[Stage1] Epoch 2960 - Val R²: 0.7173 | Reg Val Loss: 0.2773
[Stage1] No improv. Best so far: 0.2773 (epoch 2959)
[Stage1] Epoch 2961 - Val R²: 0.7173 | Reg Val Loss: 0.2772
[Stage1] New best (epoch 2961) Val Loss: 0.2772 — saved: checkpoints\nnknn_regression_best_califonia_housing_softmax_fold_1_retr.pth
[Stage1] Epoch 2962 - Val R²: 0.7173 | Reg Val Loss: 0.2773
[Stage1] No improv. Best so far: 0.2772 (epoch 2961)
[Stage1] Epoch 2963 - Val R²: 0.7174 | Reg Val Loss: 0.2772
[Stage1] New best (epoch 2963) Val Loss: 0.2772 — saved: checkpoints\nnknn_regression_best_califonia_housing_softmax_fold_1_retr.pth
[Stage1] Epoch 2964 - Val R²: 0.7173 | Reg Val Loss: 0.2772
[Stage1] No improv. Best so far: 0.2772 (epoch 2963)
[Stage1] Epoch 2965 - Val R²: 0.7173 | Reg Val Loss: 0.2773
[Stage1] No improv. Best so far: 0.2772 (epoch 2963)
[Stage1] Epoch 2966 - Val R²: 0.7173 | Reg Val Loss: 0.2772
[Stage1] No improv. Best so far: 0.2772 (epoch 2963)
[Stage1] Epoch 2967 - Val R²: 0.7173 | Reg Val Loss: 0.2772
[Stage1] No improv. Best so far: 0.2772 (epoch 2963)
[Stage1] Epoch 2968 - Val R²: 0.7173 | Reg Val Loss: 0.2773
[Stage1] No improv. Best so far: 0.2772 (epoch 2963)
[Stage1] Epoch 2969 - Val R²: 0.7174 | Reg Val Loss: 0.2772
[Stage1] New best (epoch 2969) Val Loss: 0.2772 — saved: checkpoints\nnknn_regression_best_califonia_housing_softmax_fold_1_retr.pth
[Stage1] Epoch 2970 - Val R²: 0.7174 | Reg Val Loss: 0.2772
[Stage1] New best (epoch 2970) Val Loss: 0.2772 — saved: checkpoints\nnknn_regression_best_califonia_housing_softmax_fold_1_retr.pth
[Stage1] Epoch 2971 - Val R²: 0.7173 | Reg Val Loss: 0.2773
[Stage1] No improv. Best so far: 0.2772 (epoch 2970)
[Stage1] Epoch 2972 - Val R²: 0.7174 | Reg Val Loss: 0.2772
[Stage1] No improv. Best so far: 0.2772 (epoch 2970)
[Stage1] Epoch 2973 - Val R²: 0.7174 | Reg Val Loss: 0.2772
[Stage1] New best (epoch 2973) Val Loss: 0.2772 — saved: checkpoints\nnknn_regression_best_califonia_housing_softmax_fold_1_retr.pth
[Stage1] Epoch 2974 - Val R²: 0.7174 | Reg Val Loss: 0.2772
[Stage1] No improv. Best so far: 0.2772 (epoch 2973)
[Stage1] Epoch 2975 - Val R²: 0.7174 | Reg Val Loss: 0.2772
[Stage1] New best (epoch 2975) Val Loss: 0.2772 — saved: checkpoints\nnknn_regression_best_califonia_housing_softmax_fold_1_retr.pth
[Stage1] Epoch 2976 - Val R²: 0.7174 | Reg Val Loss: 0.2771
[Stage1] New best (epoch 2976) Val Loss: 0.2771 — saved: checkpoints\nnknn_regression_best_califonia_housing_softmax_fold_1_retr.pth
[Stage1] Epoch 2977 - Val R²: 0.7174 | Reg Val Loss: 0.2772
[Stage1] No improv. Best so far: 0.2771 (epoch 2976)
[Stage1] Epoch 2978 - Val R²: 0.7174 | Reg Val Loss: 0.2771
[Stage1] New best (epoch 2978) Val Loss: 0.2771 — saved: checkpoints\nnknn_regression_best_califonia_housing_softmax_fold_1_retr.pth
[Stage1] Epoch 2979 - Val R²: 0.7174 | Reg Val Loss: 0.2772
[Stage1] No improv. Best so far: 0.2771 (epoch 2978)
[Stage1] Epoch 2980 - Val R²: 0.7174 | Reg Val Loss: 0.2772
[Stage1] No improv. Best so far: 0.2771 (epoch 2978)
[Stage1] Epoch 2981 - Val R²: 0.7174 | Reg Val Loss: 0.2772
[Stage1] No improv. Best so far: 0.2771 (epoch 2978)
[Stage1] Epoch 2982 - Val R²: 0.7174 | Reg Val Loss: 0.2772
[Stage1] No improv. Best so far: 0.2771 (epoch 2978)
[Stage1] Epoch 2983 - Val R²: 0.7174 | Reg Val Loss: 0.2771
[Stage1] No improv. Best so far: 0.2771 (epoch 2978)
[Stage1] Epoch 2984 - Val R²: 0.7174 | Reg Val Loss: 0.2772
[Stage1] No improv. Best so far: 0.2771 (epoch 2978)
[Stage1] Epoch 2985 - Val R²: 0.7175 | Reg Val Loss: 0.2771
[Stage1] New best (epoch 2985) Val Loss: 0.2771 — saved: checkpoints\nnknn_regression_best_califonia_housing_softmax_fold_1_retr.pth
[Stage1] Epoch 2986 - Val R²: 0.7174 | Reg Val Loss: 0.2771
[Stage1] No improv. Best so far: 0.2771 (epoch 2985)
[Stage1] Epoch 2987 - Val R²: 0.7174 | Reg Val Loss: 0.2771
[Stage1] No improv. Best so far: 0.2771 (epoch 2985)
[Stage1] Epoch 2988 - Val R²: 0.7174 | Reg Val Loss: 0.2772
[Stage1] No improv. Best so far: 0.2771 (epoch 2985)
[Stage1] Epoch 2989 - Val R²: 0.7174 | Reg Val Loss: 0.2772
[Stage1] No improv. Best so far: 0.2771 (epoch 2985)
[Stage1] Epoch 2990 - Val R²: 0.7175 | Reg Val Loss: 0.2771
[Stage1] No improv. Best so far: 0.2771 (epoch 2985)
[Stage1] Epoch 2991 - Val R²: 0.7175 | Reg Val Loss: 0.2771
[Stage1] New best (epoch 2991) Val Loss: 0.2771 — saved: checkpoints\nnknn_regression_best_califonia_housing_softmax_fold_1_retr.pth
[Stage1] Epoch 2992 - Val R²: 0.7174 | Reg Val Loss: 0.2772
[Stage1] No improv. Best so far: 0.2771 (epoch 2991)
[Stage1] Epoch 2993 - Val R²: 0.7174 | Reg Val Loss: 0.2772
[Stage1] No improv. Best so far: 0.2771 (epoch 2991)
[Stage1] Epoch 2994 - Val R²: 0.7174 | Reg Val Loss: 0.2772
[Stage1] No improv. Best so far: 0.2771 (epoch 2991)
[Stage1] Epoch 2995 - Val R²: 0.7175 | Reg Val Loss: 0.2771
[Stage1] New best (epoch 2995) Val Loss: 0.2771 — saved: checkpoints\nnknn_regression_best_califonia_housing_softmax_fold_1_retr.pth
[Stage1] Epoch 2996 - Val R²: 0.7175 | Reg Val Loss: 0.2771
[Stage1] No improv. Best so far: 0.2771 (epoch 2995)
[Stage1] Epoch 2997 - Val R²: 0.7174 | Reg Val Loss: 0.2771
[Stage1] No improv. Best so far: 0.2771 (epoch 2995)
[Stage1] Epoch 2998 - Val R²: 0.7175 | Reg Val Loss: 0.2771
[Stage1] No improv. Best so far: 0.2771 (epoch 2995)
[Stage1] Epoch 2999 - Val R²: 0.7175 | Reg Val Loss: 0.2771
[Stage1] No improv. Best so far: 0.2771 (epoch 2995)
[Stage1] Epoch 3000 - Val R²: 0.7175 | Reg Val Loss: 0.2771
[Stage1] No improv. Best so far: 0.2771 (epoch 2995)
[Stage1] Epoch 3001 - Val R²: 0.7175 | Reg Val Loss: 0.2771
[Stage1] No improv. Best so far: 0.2771 (epoch 2995)
[Stage1] Epoch 3002 - Val R²: 0.7175 | Reg Val Loss: 0.2771
[Stage1] No improv. Best so far: 0.2771 (epoch 2995)
[Stage1] Epoch 3003 - Val R²: 0.7175 | Reg Val Loss: 0.2771
[Stage1] No improv. Best so far: 0.2771 (epoch 2995)
[Stage1] Epoch 3004 - Val R²: 0.7175 | Reg Val Loss: 0.2771
[Stage1] No improv. Best so far: 0.2771 (epoch 2995)
[Stage1] Epoch 3005 - Val R²: 0.7175 | Reg Val Loss: 0.2771
[Stage1] No improv. Best so far: 0.2771 (epoch 2995)
[Stage1] Epoch 3006 - Val R²: 0.7175 | Reg Val Loss: 0.2771
[Stage1] New best (epoch 3006) Val Loss: 0.2771 — saved: checkpoints\nnknn_regression_best_califonia_housing_softmax_fold_1_retr.pth
[Stage1] Epoch 3007 - Val R²: 0.7175 | Reg Val Loss: 0.2771
[Stage1] New best (epoch 3007) Val Loss: 0.2771 — saved: checkpoints\nnknn_regression_best_califonia_housing_softmax_fold_1_retr.pth
[Stage1] Epoch 3008 - Val R²: 0.7175 | Reg Val Loss: 0.2771
[Stage1] No improv. Best so far: 0.2771 (epoch 3007)
[Stage1] Epoch 3009 - Val R²: 0.7175 | Reg Val Loss: 0.2771
[Stage1] No improv. Best so far: 0.2771 (epoch 3007)
[Stage1] Epoch 3010 - Val R²: 0.7175 | Reg Val Loss: 0.2771
[Stage1] No improv. Best so far: 0.2771 (epoch 3007)
[Stage1] Epoch 3011 - Val R²: 0.7176 | Reg Val Loss: 0.2770
[Stage1] New best (epoch 3011) Val Loss: 0.2770 — saved: checkpoints\nnknn_regression_best_califonia_housing_softmax_fold_1_retr.pth
[Stage1] Epoch 3012 - Val R²: 0.7175 | Reg Val Loss: 0.2771
[Stage1] No improv. Best so far: 0.2770 (epoch 3011)
[Stage1] Epoch 3013 - Val R²: 0.7176 | Reg Val Loss: 0.2770
[Stage1] New best (epoch 3013) Val Loss: 0.2770 — saved: checkpoints\nnknn_regression_best_califonia_housing_softmax_fold_1_retr.pth
[Stage1] Epoch 3014 - Val R²: 0.7176 | Reg Val Loss: 0.2770
[Stage1] No improv. Best so far: 0.2770 (epoch 3013)
[Stage1] Epoch 3015 - Val R²: 0.7176 | Reg Val Loss: 0.2770
[Stage1] No improv. Best so far: 0.2770 (epoch 3013)
[Stage1] Epoch 3016 - Val R²: 0.7176 | Reg Val Loss: 0.2770
[Stage1] No improv. Best so far: 0.2770 (epoch 3013)
[Stage1] Epoch 3017 - Val R²: 0.7176 | Reg Val Loss: 0.2770
[Stage1] New best (epoch 3017) Val Loss: 0.2770 — saved: checkpoints\nnknn_regression_best_califonia_housing_softmax_fold_1_retr.pth
[Stage1] Epoch 3018 - Val R²: 0.7176 | Reg Val Loss: 0.2770
[Stage1] No improv. Best so far: 0.2770 (epoch 3017)
[Stage1] Epoch 3019 - Val R²: 0.7175 | Reg Val Loss: 0.2771
[Stage1] No improv. Best so far: 0.2770 (epoch 3017)
[Stage1] Epoch 3020 - Val R²: 0.7175 | Reg Val Loss: 0.2770
[Stage1] No improv. Best so far: 0.2770 (epoch 3017)
[Stage1] Epoch 3021 - Val R²: 0.7176 | Reg Val Loss: 0.2770
[Stage1] No improv. Best so far: 0.2770 (epoch 3017)
[Stage1] Epoch 3022 - Val R²: 0.7176 | Reg Val Loss: 0.2770
[Stage1] No improv. Best so far: 0.2770 (epoch 3017)
[Stage1] Epoch 3023 - Val R²: 0.7176 | Reg Val Loss: 0.2770
[Stage1] No improv. Best so far: 0.2770 (epoch 3017)
[Stage1] Epoch 3024 - Val R²: 0.7175 | Reg Val Loss: 0.2770
[Stage1] No improv. Best so far: 0.2770 (epoch 3017)
[Stage1] Epoch 3025 - Val R²: 0.7176 | Reg Val Loss: 0.2770
[Stage1] No improv. Best so far: 0.2770 (epoch 3017)
[Stage1] Epoch 3026 - Val R²: 0.7176 | Reg Val Loss: 0.2770
[Stage1] No improv. Best so far: 0.2770 (epoch 3017)
[Stage1] Epoch 3027 - Val R²: 0.7176 | Reg Val Loss: 0.2770
[Stage1] No improv. Best so far: 0.2770 (epoch 3017)
[Stage1] Epoch 3028 - Val R²: 0.7176 | Reg Val Loss: 0.2770
[Stage1] No improv. Best so far: 0.2770 (epoch 3017)
[Stage1] Epoch 3029 - Val R²: 0.7176 | Reg Val Loss: 0.2770
[Stage1] No improv. Best so far: 0.2770 (epoch 3017)
[Stage1] Epoch 3030 - Val R²: 0.7176 | Reg Val Loss: 0.2770
[Stage1] No improv. Best so far: 0.2770 (epoch 3017)
[Stage1] Epoch 3031 - Val R²: 0.7176 | Reg Val Loss: 0.2770
[Stage1] No improv. Best so far: 0.2770 (epoch 3017)
[Stage1] Epoch 3032 - Val R²: 0.7177 | Reg Val Loss: 0.2769
[Stage1] New best (epoch 3032) Val Loss: 0.2769 — saved: checkpoints\nnknn_regression_best_califonia_housing_softmax_fold_1_retr.pth
[Stage1] Epoch 3033 - Val R²: 0.7176 | Reg Val Loss: 0.2769
[Stage1] No improv. Best so far: 0.2769 (epoch 3032)
[Stage1] Epoch 3034 - Val R²: 0.7176 | Reg Val Loss: 0.2770
[Stage1] No improv. Best so far: 0.2769 (epoch 3032)
[Stage1] Epoch 3035 - Val R²: 0.7176 | Reg Val Loss: 0.2770
[Stage1] No improv. Best so far: 0.2769 (epoch 3032)
[Stage1] Epoch 3036 - Val R²: 0.7176 | Reg Val Loss: 0.2770
[Stage1] No improv. Best so far: 0.2769 (epoch 3032)
[Stage1] Epoch 3037 - Val R²: 0.7177 | Reg Val Loss: 0.2769
[Stage1] New best (epoch 3037) Val Loss: 0.2769 — saved: checkpoints\nnknn_regression_best_califonia_housing_softmax_fold_1_retr.pth
[Stage1] Epoch 3038 - Val R²: 0.7158 | Reg Val Loss: 0.2788
[Stage1] No improv. Best so far: 0.2769 (epoch 3037)
[Stage1] Epoch 3039 - Val R²: 0.7176 | Reg Val Loss: 0.2769
[Stage1] No improv. Best so far: 0.2769 (epoch 3037)
[Stage1] Epoch 3040 - Val R²: 0.7177 | Reg Val Loss: 0.2769
[Stage1] New best (epoch 3040) Val Loss: 0.2769 — saved: checkpoints\nnknn_regression_best_califonia_housing_softmax_fold_1_retr.pth
[Stage1] Epoch 3041 - Val R²: 0.7177 | Reg Val Loss: 0.2769
[Stage1] No improv. Best so far: 0.2769 (epoch 3040)
[Stage1] Epoch 3042 - Val R²: 0.7177 | Reg Val Loss: 0.2769
[Stage1] No improv. Best so far: 0.2769 (epoch 3040)
[Stage1] Epoch 3043 - Val R²: 0.7177 | Reg Val Loss: 0.2769
[Stage1] No improv. Best so far: 0.2769 (epoch 3040)
[Stage1] Epoch 3044 - Val R²: 0.7177 | Reg Val Loss: 0.2769
[Stage1] New best (epoch 3044) Val Loss: 0.2769 — saved: checkpoints\nnknn_regression_best_califonia_housing_softmax_fold_1_retr.pth
[Stage1] Epoch 3045 - Val R²: 0.7177 | Reg Val Loss: 0.2769
[Stage1] No improv. Best so far: 0.2769 (epoch 3044)
[Stage1] Epoch 3046 - Val R²: 0.7177 | Reg Val Loss: 0.2769
[Stage1] No improv. Best so far: 0.2769 (epoch 3044)
[Stage1] Epoch 3047 - Val R²: 0.7177 | Reg Val Loss: 0.2769
[Stage1] No improv. Best so far: 0.2769 (epoch 3044)
[Stage1] Epoch 3048 - Val R²: 0.7177 | Reg Val Loss: 0.2769
[Stage1] No improv. Best so far: 0.2769 (epoch 3044)
[Stage1] Epoch 3049 - Val R²: 0.7176 | Reg Val Loss: 0.2769
[Stage1] No improv. Best so far: 0.2769 (epoch 3044)
[Stage1] Epoch 3050 - Val R²: 0.7177 | Reg Val Loss: 0.2769
[Stage1] No improv. Best so far: 0.2769 (epoch 3044)
[Stage1] Epoch 3051 - Val R²: 0.7177 | Reg Val Loss: 0.2769
[Stage1] No improv. Best so far: 0.2769 (epoch 3044)
[Stage1] Epoch 3052 - Val R²: 0.7177 | Reg Val Loss: 0.2769
[Stage1] New best (epoch 3052) Val Loss: 0.2769 — saved: checkpoints\nnknn_regression_best_califonia_housing_softmax_fold_1_retr.pth
[Stage1] Epoch 3053 - Val R²: 0.7177 | Reg Val Loss: 0.2768
[Stage1] New best (epoch 3053) Val Loss: 0.2768 — saved: checkpoints\nnknn_regression_best_califonia_housing_softmax_fold_1_retr.pth
[Stage1] Epoch 3054 - Val R²: 0.7178 | Reg Val Loss: 0.2768
[Stage1] New best (epoch 3054) Val Loss: 0.2768 — saved: checkpoints\nnknn_regression_best_califonia_housing_softmax_fold_1_retr.pth
[Stage1] Epoch 3055 - Val R²: 0.7177 | Reg Val Loss: 0.2769
[Stage1] No improv. Best so far: 0.2768 (epoch 3054)
[Stage1] Epoch 3056 - Val R²: 0.7178 | Reg Val Loss: 0.2768
[Stage1] New best (epoch 3056) Val Loss: 0.2768 — saved: checkpoints\nnknn_regression_best_califonia_housing_softmax_fold_1_retr.pth
[Stage1] Epoch 3057 - Val R²: 0.7178 | Reg Val Loss: 0.2768
[Stage1] No improv. Best so far: 0.2768 (epoch 3056)
[Stage1] Epoch 3058 - Val R²: 0.7178 | Reg Val Loss: 0.2768
[Stage1] New best (epoch 3058) Val Loss: 0.2768 — saved: checkpoints\nnknn_regression_best_califonia_housing_softmax_fold_1_retr.pth
[Stage1] Epoch 3059 - Val R²: 0.7178 | Reg Val Loss: 0.2768
[Stage1] New best (epoch 3059) Val Loss: 0.2768 — saved: checkpoints\nnknn_regression_best_califonia_housing_softmax_fold_1_retr.pth
[Stage1] Epoch 3060 - Val R²: 0.7178 | Reg Val Loss: 0.2768
[Stage1] No improv. Best so far: 0.2768 (epoch 3059)
[Stage1] Epoch 3061 - Val R²: 0.7177 | Reg Val Loss: 0.2768
[Stage1] No improv. Best so far: 0.2768 (epoch 3059)
[Stage1] Epoch 3062 - Val R²: 0.7178 | Reg Val Loss: 0.2767
[Stage1] New best (epoch 3062) Val Loss: 0.2767 — saved: checkpoints\nnknn_regression_best_califonia_housing_softmax_fold_1_retr.pth
[Stage1] Epoch 3063 - Val R²: 0.7178 | Reg Val Loss: 0.2768
[Stage1] No improv. Best so far: 0.2767 (epoch 3062)
[Stage1] Epoch 3064 - Val R²: 0.7178 | Reg Val Loss: 0.2768
[Stage1] No improv. Best so far: 0.2767 (epoch 3062)
[Stage1] Epoch 3065 - Val R²: 0.7178 | Reg Val Loss: 0.2768
[Stage1] No improv. Best so far: 0.2767 (epoch 3062)
[Stage1] Epoch 3066 - Val R²: 0.7178 | Reg Val Loss: 0.2768
[Stage1] No improv. Best so far: 0.2767 (epoch 3062)
[Stage1] Epoch 3067 - Val R²: 0.7178 | Reg Val Loss: 0.2767
[Stage1] No improv. Best so far: 0.2767 (epoch 3062)
[Stage1] Epoch 3068 - Val R²: 0.7178 | Reg Val Loss: 0.2768
[Stage1] No improv. Best so far: 0.2767 (epoch 3062)
[Stage1] Epoch 3069 - Val R²: 0.7170 | Reg Val Loss: 0.2776
[Stage1] No improv. Best so far: 0.2767 (epoch 3062)
[Stage1] Epoch 3070 - Val R²: 0.7178 | Reg Val Loss: 0.2767
[Stage1] New best (epoch 3070) Val Loss: 0.2767 — saved: checkpoints\nnknn_regression_best_califonia_housing_softmax_fold_1_retr.pth
[Stage1] Epoch 3071 - Val R²: 0.7178 | Reg Val Loss: 0.2767
[Stage1] No improv. Best so far: 0.2767 (epoch 3070)
[Stage1] Epoch 3072 - Val R²: 0.7178 | Reg Val Loss: 0.2768
[Stage1] No improv. Best so far: 0.2767 (epoch 3070)
[Stage1] Epoch 3073 - Val R²: 0.7179 | Reg Val Loss: 0.2767
[Stage1] New best (epoch 3073) Val Loss: 0.2767 — saved: checkpoints\nnknn_regression_best_califonia_housing_softmax_fold_1_retr.pth
[Stage1] Epoch 3074 - Val R²: 0.7179 | Reg Val Loss: 0.2767
[Stage1] No improv. Best so far: 0.2767 (epoch 3073)
[Stage1] Epoch 3075 - Val R²: 0.7179 | Reg Val Loss: 0.2767
[Stage1] New best (epoch 3075) Val Loss: 0.2767 — saved: checkpoints\nnknn_regression_best_califonia_housing_softmax_fold_1_retr.pth
[Stage1] Epoch 3076 - Val R²: 0.7178 | Reg Val Loss: 0.2767
[Stage1] No improv. Best so far: 0.2767 (epoch 3075)
[Stage1] Epoch 3077 - Val R²: 0.7179 | Reg Val Loss: 0.2767
[Stage1] New best (epoch 3077) Val Loss: 0.2767 — saved: checkpoints\nnknn_regression_best_califonia_housing_softmax_fold_1_retr.pth
[Stage1] Epoch 3078 - Val R²: 0.7179 | Reg Val Loss: 0.2767
[Stage1] No improv. Best so far: 0.2767 (epoch 3077)
[Stage1] Epoch 3079 - Val R²: 0.7179 | Reg Val Loss: 0.2767
[Stage1] New best (epoch 3079) Val Loss: 0.2767 — saved: checkpoints\nnknn_regression_best_califonia_housing_softmax_fold_1_retr.pth
[Stage1] Epoch 3080 - Val R²: 0.7179 | Reg Val Loss: 0.2767
[Stage1] No improv. Best so far: 0.2767 (epoch 3079)
[Stage1] Epoch 3081 - Val R²: 0.7178 | Reg Val Loss: 0.2767
[Stage1] No improv. Best so far: 0.2767 (epoch 3079)
[Stage1] Epoch 3082 - Val R²: 0.7179 | Reg Val Loss: 0.2767
[Stage1] No improv. Best so far: 0.2767 (epoch 3079)
[Stage1] Epoch 3083 - Val R²: 0.7178 | Reg Val Loss: 0.2767
[Stage1] No improv. Best so far: 0.2767 (epoch 3079)
[Stage1] Epoch 3084 - Val R²: 0.7179 | Reg Val Loss: 0.2767
[Stage1] No improv. Best so far: 0.2767 (epoch 3079)
[Stage1] Epoch 3085 - Val R²: 0.7179 | Reg Val Loss: 0.2767
[Stage1] No improv. Best so far: 0.2767 (epoch 3079)
[Stage1] Epoch 3086 - Val R²: 0.7178 | Reg Val Loss: 0.2768
[Stage1] No improv. Best so far: 0.2767 (epoch 3079)
[Stage1] Epoch 3087 - Val R²: 0.7179 | Reg Val Loss: 0.2767
[Stage1] New best (epoch 3087) Val Loss: 0.2767 — saved: checkpoints\nnknn_regression_best_califonia_housing_softmax_fold_1_retr.pth
[Stage1] Epoch 3088 - Val R²: 0.7179 | Reg Val Loss: 0.2767
[Stage1] No improv. Best so far: 0.2767 (epoch 3087)
[Stage1] Epoch 3089 - Val R²: 0.7179 | Reg Val Loss: 0.2767
[Stage1] No improv. Best so far: 0.2767 (epoch 3087)
[Stage1] Epoch 3090 - Val R²: 0.7179 | Reg Val Loss: 0.2767
[Stage1] New best (epoch 3090) Val Loss: 0.2767 — saved: checkpoints\nnknn_regression_best_califonia_housing_softmax_fold_1_retr.pth
[Stage1] Epoch 3091 - Val R²: 0.7179 | Reg Val Loss: 0.2767
[Stage1] No improv. Best so far: 0.2767 (epoch 3090)
[Stage1] Epoch 3092 - Val R²: 0.7179 | Reg Val Loss: 0.2767
[Stage1] No improv. Best so far: 0.2767 (epoch 3090)
[Stage1] Epoch 3093 - Val R²: 0.7179 | Reg Val Loss: 0.2767
[Stage1] No improv. Best so far: 0.2767 (epoch 3090)
[Stage1] Epoch 3094 - Val R²: 0.7180 | Reg Val Loss: 0.2766
[Stage1] New best (epoch 3094) Val Loss: 0.2766 — saved: checkpoints\nnknn_regression_best_califonia_housing_softmax_fold_1_retr.pth
[Stage1] Epoch 3095 - Val R²: 0.7179 | Reg Val Loss: 0.2766
[Stage1] No improv. Best so far: 0.2766 (epoch 3094)
[Stage1] Epoch 3096 - Val R²: 0.7179 | Reg Val Loss: 0.2766
[Stage1] No improv. Best so far: 0.2766 (epoch 3094)
[Stage1] Epoch 3097 - Val R²: 0.7179 | Reg Val Loss: 0.2766
[Stage1] No improv. Best so far: 0.2766 (epoch 3094)
[Stage1] Epoch 3098 - Val R²: 0.7180 | Reg Val Loss: 0.2766
[Stage1] No improv. Best so far: 0.2766 (epoch 3094)
[Stage1] Epoch 3099 - Val R²: 0.7180 | Reg Val Loss: 0.2766
[Stage1] No improv. Best so far: 0.2766 (epoch 3094)
[Stage1] Epoch 3100 - Val R²: 0.7180 | Reg Val Loss: 0.2766
[Stage1] No improv. Best so far: 0.2766 (epoch 3094)
[Stage1] Epoch 3101 - Val R²: 0.7180 | Reg Val Loss: 0.2766
[Stage1] No improv. Best so far: 0.2766 (epoch 3094)
[Stage1] Epoch 3102 - Val R²: 0.7180 | Reg Val Loss: 0.2766
[Stage1] No improv. Best so far: 0.2766 (epoch 3094)
[Stage1] Epoch 3103 - Val R²: 0.7180 | Reg Val Loss: 0.2766
[Stage1] New best (epoch 3103) Val Loss: 0.2766 — saved: checkpoints\nnknn_regression_best_califonia_housing_softmax_fold_1_retr.pth
[Stage1] Epoch 3104 - Val R²: 0.7180 | Reg Val Loss: 0.2766
[Stage1] New best (epoch 3104) Val Loss: 0.2766 — saved: checkpoints\nnknn_regression_best_califonia_housing_softmax_fold_1_retr.pth
[Stage1] Epoch 3105 - Val R²: 0.7180 | Reg Val Loss: 0.2766
[Stage1] No improv. Best so far: 0.2766 (epoch 3104)
[Stage1] Epoch 3106 - Val R²: 0.7180 | Reg Val Loss: 0.2766
[Stage1] No improv. Best so far: 0.2766 (epoch 3104)
[Stage1] Epoch 3107 - Val R²: 0.7180 | Reg Val Loss: 0.2766
[Stage1] No improv. Best so far: 0.2766 (epoch 3104)
[Stage1] Epoch 3108 - Val R²: 0.7180 | Reg Val Loss: 0.2766
[Stage1] No improv. Best so far: 0.2766 (epoch 3104)
[Stage1] Epoch 3109 - Val R²: 0.7179 | Reg Val Loss: 0.2767
[Stage1] No improv. Best so far: 0.2766 (epoch 3104)
[Stage1] Epoch 3110 - Val R²: 0.7179 | Reg Val Loss: 0.2766
[Stage1] No improv. Best so far: 0.2766 (epoch 3104)
[Stage1] Epoch 3111 - Val R²: 0.7180 | Reg Val Loss: 0.2766
[Stage1] No improv. Best so far: 0.2766 (epoch 3104)
[Stage1] Epoch 3112 - Val R²: 0.7181 | Reg Val Loss: 0.2765
[Stage1] New best (epoch 3112) Val Loss: 0.2765 — saved: checkpoints\nnknn_regression_best_califonia_housing_softmax_fold_1_retr.pth
[Stage1] Epoch 3113 - Val R²: 0.7180 | Reg Val Loss: 0.2765
[Stage1] No improv. Best so far: 0.2765 (epoch 3112)
[Stage1] Epoch 3114 - Val R²: 0.7181 | Reg Val Loss: 0.2765
[Stage1] New best (epoch 3114) Val Loss: 0.2765 — saved: checkpoints\nnknn_regression_best_califonia_housing_softmax_fold_1_retr.pth
[Stage1] Epoch 3115 - Val R²: 0.7180 | Reg Val Loss: 0.2766
[Stage1] No improv. Best so far: 0.2765 (epoch 3114)
[Stage1] Epoch 3116 - Val R²: 0.7181 | Reg Val Loss: 0.2765
[Stage1] No improv. Best so far: 0.2765 (epoch 3114)
[Stage1] Epoch 3117 - Val R²: 0.7180 | Reg Val Loss: 0.2766
[Stage1] No improv. Best so far: 0.2765 (epoch 3114)
[Stage1] Epoch 3118 - Val R²: 0.7180 | Reg Val Loss: 0.2766
[Stage1] No improv. Best so far: 0.2765 (epoch 3114)
[Stage1] Epoch 3119 - Val R²: 0.7180 | Reg Val Loss: 0.2765
[Stage1] No improv. Best so far: 0.2765 (epoch 3114)
[Stage1] Epoch 3120 - Val R²: 0.7181 | Reg Val Loss: 0.2765
[Stage1] No improv. Best so far: 0.2765 (epoch 3114)
[Stage1] Epoch 3121 - Val R²: 0.7181 | Reg Val Loss: 0.2765
[Stage1] No improv. Best so far: 0.2765 (epoch 3114)
[Stage1] Epoch 3122 - Val R²: 0.7181 | Reg Val Loss: 0.2765
[Stage1] No improv. Best so far: 0.2765 (epoch 3114)
[Stage1] Epoch 3123 - Val R²: 0.7181 | Reg Val Loss: 0.2765
[Stage1] No improv. Best so far: 0.2765 (epoch 3114)
[Stage1] Epoch 3124 - Val R²: 0.7181 | Reg Val Loss: 0.2765
[Stage1] New best (epoch 3124) Val Loss: 0.2765 — saved: checkpoints\nnknn_regression_best_califonia_housing_softmax_fold_1_retr.pth
[Stage1] Epoch 3125 - Val R²: 0.7180 | Reg Val Loss: 0.2766
[Stage1] No improv. Best so far: 0.2765 (epoch 3124)
[Stage1] Epoch 3126 - Val R²: 0.7181 | Reg Val Loss: 0.2765
[Stage1] No improv. Best so far: 0.2765 (epoch 3124)
[Stage1] Epoch 3127 - Val R²: 0.7181 | Reg Val Loss: 0.2765
[Stage1] No improv. Best so far: 0.2765 (epoch 3124)
[Stage1] Epoch 3128 - Val R²: 0.7180 | Reg Val Loss: 0.2766
[Stage1] No improv. Best so far: 0.2765 (epoch 3124)
[Stage1] Epoch 3129 - Val R²: 0.7181 | Reg Val Loss: 0.2765
[Stage1] No improv. Best so far: 0.2765 (epoch 3124)
[Stage1] Epoch 3130 - Val R²: 0.7181 | Reg Val Loss: 0.2765
[Stage1] No improv. Best so far: 0.2765 (epoch 3124)
[Stage1] Epoch 3131 - Val R²: 0.7181 | Reg Val Loss: 0.2765
[Stage1] New best (epoch 3131) Val Loss: 0.2765 — saved: checkpoints\nnknn_regression_best_califonia_housing_softmax_fold_1_retr.pth
[Stage1] Epoch 3132 - Val R²: 0.7181 | Reg Val Loss: 0.2765
[Stage1] New best (epoch 3132) Val Loss: 0.2765 — saved: checkpoints\nnknn_regression_best_califonia_housing_softmax_fold_1_retr.pth
[Stage1] Epoch 3133 - Val R²: 0.7181 | Reg Val Loss: 0.2765
[Stage1] New best (epoch 3133) Val Loss: 0.2765 — saved: checkpoints\nnknn_regression_best_califonia_housing_softmax_fold_1_retr.pth
[Stage1] Epoch 3134 - Val R²: 0.7181 | Reg Val Loss: 0.2765
[Stage1] No improv. Best so far: 0.2765 (epoch 3133)
[Stage1] Epoch 3135 - Val R²: 0.7181 | Reg Val Loss: 0.2765
[Stage1] No improv. Best so far: 0.2765 (epoch 3133)
[Stage1] Epoch 3136 - Val R²: 0.7181 | Reg Val Loss: 0.2765
[Stage1] No improv. Best so far: 0.2765 (epoch 3133)
[Stage1] Epoch 3137 - Val R²: 0.7180 | Reg Val Loss: 0.2765
[Stage1] No improv. Best so far: 0.2765 (epoch 3133)
[Stage1] Epoch 3138 - Val R²: 0.7181 | Reg Val Loss: 0.2765
[Stage1] No improv. Best so far: 0.2765 (epoch 3133)
[Stage1] Epoch 3139 - Val R²: 0.7182 | Reg Val Loss: 0.2764
[Stage1] New best (epoch 3139) Val Loss: 0.2764 — saved: checkpoints\nnknn_regression_best_califonia_housing_softmax_fold_1_retr.pth
[Stage1] Epoch 3140 - Val R²: 0.7181 | Reg Val Loss: 0.2765
[Stage1] No improv. Best so far: 0.2764 (epoch 3139)
[Stage1] Epoch 3141 - Val R²: 0.7181 | Reg Val Loss: 0.2764
[Stage1] No improv. Best so far: 0.2764 (epoch 3139)
[Stage1] Epoch 3142 - Val R²: 0.7181 | Reg Val Loss: 0.2765
[Stage1] No improv. Best so far: 0.2764 (epoch 3139)
[Stage1] Epoch 3143 - Val R²: 0.7182 | Reg Val Loss: 0.2764
[Stage1] No improv. Best so far: 0.2764 (epoch 3139)
[Stage1] Epoch 3144 - Val R²: 0.7182 | Reg Val Loss: 0.2764
[Stage1] No improv. Best so far: 0.2764 (epoch 3139)
[Stage1] Epoch 3145 - Val R²: 0.7182 | Reg Val Loss: 0.2764
[Stage1] New best (epoch 3145) Val Loss: 0.2764 — saved: checkpoints\nnknn_regression_best_califonia_housing_softmax_fold_1_retr.pth
[Stage1] Epoch 3146 - Val R²: 0.7182 | Reg Val Loss: 0.2764
[Stage1] No improv. Best so far: 0.2764 (epoch 3145)
[Stage1] Epoch 3147 - Val R²: 0.7182 | Reg Val Loss: 0.2764
[Stage1] No improv. Best so far: 0.2764 (epoch 3145)
[Stage1] Epoch 3148 - Val R²: 0.7182 | Reg Val Loss: 0.2764
[Stage1] New best (epoch 3148) Val Loss: 0.2764 — saved: checkpoints\nnknn_regression_best_califonia_housing_softmax_fold_1_retr.pth
[Stage1] Epoch 3149 - Val R²: 0.7182 | Reg Val Loss: 0.2764
[Stage1] No improv. Best so far: 0.2764 (epoch 3148)
[Stage1] Epoch 3150 - Val R²: 0.7182 | Reg Val Loss: 0.2764
[Stage1] New best (epoch 3150) Val Loss: 0.2764 — saved: checkpoints\nnknn_regression_best_califonia_housing_softmax_fold_1_retr.pth
[Stage1] Epoch 3151 - Val R²: 0.7182 | Reg Val Loss: 0.2764
[Stage1] No improv. Best so far: 0.2764 (epoch 3150)
[Stage1] Epoch 3152 - Val R²: 0.7181 | Reg Val Loss: 0.2764
[Stage1] No improv. Best so far: 0.2764 (epoch 3150)
[Stage1] Epoch 3153 - Val R²: 0.7182 | Reg Val Loss: 0.2764
[Stage1] No improv. Best so far: 0.2764 (epoch 3150)
[Stage1] Epoch 3154 - Val R²: 0.7182 | Reg Val Loss: 0.2764
[Stage1] No improv. Best so far: 0.2764 (epoch 3150)
[Stage1] Epoch 3155 - Val R²: 0.7182 | Reg Val Loss: 0.2764
[Stage1] New best (epoch 3155) Val Loss: 0.2764 — saved: checkpoints\nnknn_regression_best_califonia_housing_softmax_fold_1_retr.pth
[Stage1] Epoch 3156 - Val R²: 0.7182 | Reg Val Loss: 0.2764
[Stage1] New best (epoch 3156) Val Loss: 0.2764 — saved: checkpoints\nnknn_regression_best_califonia_housing_softmax_fold_1_retr.pth
[Stage1] Epoch 3157 - Val R²: 0.7182 | Reg Val Loss: 0.2764
[Stage1] No improv. Best so far: 0.2764 (epoch 3156)
[Stage1] Epoch 3158 - Val R²: 0.7183 | Reg Val Loss: 0.2763
[Stage1] New best (epoch 3158) Val Loss: 0.2763 — saved: checkpoints\nnknn_regression_best_califonia_housing_softmax_fold_1_retr.pth
[Stage1] Epoch 3159 - Val R²: 0.7183 | Reg Val Loss: 0.2763
[Stage1] No improv. Best so far: 0.2763 (epoch 3158)
[Stage1] Epoch 3160 - Val R²: 0.7183 | Reg Val Loss: 0.2763
[Stage1] No improv. Best so far: 0.2763 (epoch 3158)
[Stage1] Epoch 3161 - Val R²: 0.7183 | Reg Val Loss: 0.2763
[Stage1] No improv. Best so far: 0.2763 (epoch 3158)
[Stage1] Epoch 3162 - Val R²: 0.7182 | Reg Val Loss: 0.2763
[Stage1] No improv. Best so far: 0.2763 (epoch 3158)
[Stage1] Epoch 3163 - Val R²: 0.7183 | Reg Val Loss: 0.2763
[Stage1] No improv. Best so far: 0.2763 (epoch 3158)
[Stage1] Epoch 3164 - Val R²: 0.7183 | Reg Val Loss: 0.2763
[Stage1] No improv. Best so far: 0.2763 (epoch 3158)
[Stage1] Epoch 3165 - Val R²: 0.7183 | Reg Val Loss: 0.2763
[Stage1] No improv. Best so far: 0.2763 (epoch 3158)
[Stage1] Epoch 3166 - Val R²: 0.7183 | Reg Val Loss: 0.2763
[Stage1] New best (epoch 3166) Val Loss: 0.2763 — saved: checkpoints\nnknn_regression_best_califonia_housing_softmax_fold_1_retr.pth
[Stage1] Epoch 3167 - Val R²: 0.7183 | Reg Val Loss: 0.2763
[Stage1] No improv. Best so far: 0.2763 (epoch 3166)
[Stage1] Epoch 3168 - Val R²: 0.7183 | Reg Val Loss: 0.2763
[Stage1] No improv. Best so far: 0.2763 (epoch 3166)
[Stage1] Epoch 3169 - Val R²: 0.7183 | Reg Val Loss: 0.2763
[Stage1] No improv. Best so far: 0.2763 (epoch 3166)
[Stage1] Epoch 3170 - Val R²: 0.7183 | Reg Val Loss: 0.2763
[Stage1] No improv. Best so far: 0.2763 (epoch 3166)
[Stage1] Epoch 3171 - Val R²: 0.7183 | Reg Val Loss: 0.2763
[Stage1] No improv. Best so far: 0.2763 (epoch 3166)
[Stage1] Epoch 3172 - Val R²: 0.7183 | Reg Val Loss: 0.2763
[Stage1] No improv. Best so far: 0.2763 (epoch 3166)
[Stage1] Epoch 3173 - Val R²: 0.7182 | Reg Val Loss: 0.2764
[Stage1] No improv. Best so far: 0.2763 (epoch 3166)
[Stage1] Epoch 3174 - Val R²: 0.7183 | Reg Val Loss: 0.2763
[Stage1] No improv. Best so far: 0.2763 (epoch 3166)
[Stage1] Epoch 3175 - Val R²: 0.7183 | Reg Val Loss: 0.2763
[Stage1] No improv. Best so far: 0.2763 (epoch 3166)
[Stage1] Epoch 3176 - Val R²: 0.7183 | Reg Val Loss: 0.2763
[Stage1] No improv. Best so far: 0.2763 (epoch 3166)
[Stage1] Epoch 3177 - Val R²: 0.7183 | Reg Val Loss: 0.2763
[Stage1] No improv. Best so far: 0.2763 (epoch 3166)
[Stage1] Epoch 3178 - Val R²: 0.7183 | Reg Val Loss: 0.2763
[Stage1] No improv. Best so far: 0.2763 (epoch 3166)
[Stage1] Epoch 3179 - Val R²: 0.7183 | Reg Val Loss: 0.2763
[Stage1] No improv. Best so far: 0.2763 (epoch 3166)
[Stage1] Epoch 3180 - Val R²: 0.7184 | Reg Val Loss: 0.2762
[Stage1] New best (epoch 3180) Val Loss: 0.2762 — saved: checkpoints\nnknn_regression_best_califonia_housing_softmax_fold_1_retr.pth
[Stage1] Epoch 3181 - Val R²: 0.7184 | Reg Val Loss: 0.2762
[Stage1] New best (epoch 3181) Val Loss: 0.2762 — saved: checkpoints\nnknn_regression_best_califonia_housing_softmax_fold_1_retr.pth
[Stage1] Epoch 3182 - Val R²: 0.7183 | Reg Val Loss: 0.2763
[Stage1] No improv. Best so far: 0.2762 (epoch 3181)
[Stage1] Epoch 3183 - Val R²: 0.7184 | Reg Val Loss: 0.2762
[Stage1] No improv. Best so far: 0.2762 (epoch 3181)
[Stage1] Epoch 3184 - Val R²: 0.7183 | Reg Val Loss: 0.2763
[Stage1] No improv. Best so far: 0.2762 (epoch 3181)
[Stage1] Epoch 3185 - Val R²: 0.7184 | Reg Val Loss: 0.2762
[Stage1] No improv. Best so far: 0.2762 (epoch 3181)
[Stage1] Epoch 3186 - Val R²: 0.7184 | Reg Val Loss: 0.2762
[Stage1] New best (epoch 3186) Val Loss: 0.2762 — saved: checkpoints\nnknn_regression_best_califonia_housing_softmax_fold_1_retr.pth
[Stage1] Epoch 3187 - Val R²: 0.7183 | Reg Val Loss: 0.2763
[Stage1] No improv. Best so far: 0.2762 (epoch 3186)
[Stage1] Epoch 3188 - Val R²: 0.7184 | Reg Val Loss: 0.2762
[Stage1] No improv. Best so far: 0.2762 (epoch 3186)
[Stage1] Epoch 3189 - Val R²: 0.7184 | Reg Val Loss: 0.2762
[Stage1] No improv. Best so far: 0.2762 (epoch 3186)
[Stage1] Epoch 3190 - Val R²: 0.7184 | Reg Val Loss: 0.2762
[Stage1] New best (epoch 3190) Val Loss: 0.2762 — saved: checkpoints\nnknn_regression_best_califonia_housing_softmax_fold_1_retr.pth
[Stage1] Epoch 3191 - Val R²: 0.7184 | Reg Val Loss: 0.2762
[Stage1] No improv. Best so far: 0.2762 (epoch 3190)
[Stage1] Epoch 3192 - Val R²: 0.7184 | Reg Val Loss: 0.2762
[Stage1] No improv. Best so far: 0.2762 (epoch 3190)
[Stage1] Epoch 3193 - Val R²: 0.7184 | Reg Val Loss: 0.2762
[Stage1] No improv. Best so far: 0.2762 (epoch 3190)
[Stage1] Epoch 3194 - Val R²: 0.7184 | Reg Val Loss: 0.2762
[Stage1] No improv. Best so far: 0.2762 (epoch 3190)
[Stage1] Epoch 3195 - Val R²: 0.7183 | Reg Val Loss: 0.2763
[Stage1] No improv. Best so far: 0.2762 (epoch 3190)
[Stage1] Epoch 3196 - Val R²: 0.7184 | Reg Val Loss: 0.2762
[Stage1] No improv. Best so far: 0.2762 (epoch 3190)
[Stage1] Epoch 3197 - Val R²: 0.7184 | Reg Val Loss: 0.2762
[Stage1] No improv. Best so far: 0.2762 (epoch 3190)
[Stage1] Epoch 3198 - Val R²: 0.7184 | Reg Val Loss: 0.2762
[Stage1] No improv. Best so far: 0.2762 (epoch 3190)
[Stage1] Epoch 3199 - Val R²: 0.7183 | Reg Val Loss: 0.2763
[Stage1] No improv. Best so far: 0.2762 (epoch 3190)
[Stage1] Epoch 3200 - Val R²: 0.7184 | Reg Val Loss: 0.2762
[Stage1] No improv. Best so far: 0.2762 (epoch 3190)
[Stage1] Epoch 3201 - Val R²: 0.7184 | Reg Val Loss: 0.2762
[Stage1] No improv. Best so far: 0.2762 (epoch 3190)
[Stage1] Epoch 3202 - Val R²: 0.7184 | Reg Val Loss: 0.2762
[Stage1] New best (epoch 3202) Val Loss: 0.2762 — saved: checkpoints\nnknn_regression_best_califonia_housing_softmax_fold_1_retr.pth
[Stage1] Epoch 3203 - Val R²: 0.7185 | Reg Val Loss: 0.2761
[Stage1] New best (epoch 3203) Val Loss: 0.2761 — saved: checkpoints\nnknn_regression_best_califonia_housing_softmax_fold_1_retr.pth
[Stage1] Epoch 3204 - Val R²: 0.7184 | Reg Val Loss: 0.2762
[Stage1] No improv. Best so far: 0.2761 (epoch 3203)
[Stage1] Epoch 3205 - Val R²: 0.7184 | Reg Val Loss: 0.2762
[Stage1] No improv. Best so far: 0.2761 (epoch 3203)
[Stage1] Epoch 3206 - Val R²: 0.7184 | Reg Val Loss: 0.2762
[Stage1] No improv. Best so far: 0.2761 (epoch 3203)
[Stage1] Epoch 3207 - Val R²: 0.7184 | Reg Val Loss: 0.2762
[Stage1] No improv. Best so far: 0.2761 (epoch 3203)
[Stage1] Epoch 3208 - Val R²: 0.7185 | Reg Val Loss: 0.2761
[Stage1] New best (epoch 3208) Val Loss: 0.2761 — saved: checkpoints\nnknn_regression_best_califonia_housing_softmax_fold_1_retr.pth
[Stage1] Epoch 3209 - Val R²: 0.7185 | Reg Val Loss: 0.2761
[Stage1] No improv. Best so far: 0.2761 (epoch 3208)
[Stage1] Epoch 3210 - Val R²: 0.7185 | Reg Val Loss: 0.2761
[Stage1] New best (epoch 3210) Val Loss: 0.2761 — saved: checkpoints\nnknn_regression_best_califonia_housing_softmax_fold_1_retr.pth
[Stage1] Epoch 3211 - Val R²: 0.7185 | Reg Val Loss: 0.2761
[Stage1] No improv. Best so far: 0.2761 (epoch 3210)
[Stage1] Epoch 3212 - Val R²: 0.7184 | Reg Val Loss: 0.2762
[Stage1] No improv. Best so far: 0.2761 (epoch 3210)
[Stage1] Epoch 3213 - Val R²: 0.7184 | Reg Val Loss: 0.2762
[Stage1] No improv. Best so far: 0.2761 (epoch 3210)
[Stage1] Epoch 3214 - Val R²: 0.7184 | Reg Val Loss: 0.2762
[Stage1] No improv. Best so far: 0.2761 (epoch 3210)
[Stage1] Epoch 3215 - Val R²: 0.7183 | Reg Val Loss: 0.2763
[Stage1] No improv. Best so far: 0.2761 (epoch 3210)
[Stage1] Epoch 3216 - Val R²: 0.7185 | Reg Val Loss: 0.2761
[Stage1] No improv. Best so far: 0.2761 (epoch 3210)
[Stage1] Epoch 3217 - Val R²: 0.7185 | Reg Val Loss: 0.2761
[Stage1] New best (epoch 3217) Val Loss: 0.2761 — saved: checkpoints\nnknn_regression_best_califonia_housing_softmax_fold_1_retr.pth
[Stage1] Epoch 3218 - Val R²: 0.7185 | Reg Val Loss: 0.2761
[Stage1] No improv. Best so far: 0.2761 (epoch 3217)
[Stage1] Epoch 3219 - Val R²: 0.7185 | Reg Val Loss: 0.2761
[Stage1] New best (epoch 3219) Val Loss: 0.2761 — saved: checkpoints\nnknn_regression_best_califonia_housing_softmax_fold_1_retr.pth
[Stage1] Epoch 3220 - Val R²: 0.7184 | Reg Val Loss: 0.2762
[Stage1] No improv. Best so far: 0.2761 (epoch 3219)
[Stage1] Epoch 3221 - Val R²: 0.7185 | Reg Val Loss: 0.2762
[Stage1] No improv. Best so far: 0.2761 (epoch 3219)
[Stage1] Epoch 3222 - Val R²: 0.7184 | Reg Val Loss: 0.2762
[Stage1] No improv. Best so far: 0.2761 (epoch 3219)
[Stage1] Epoch 3223 - Val R²: 0.7185 | Reg Val Loss: 0.2761
[Stage1] No improv. Best so far: 0.2761 (epoch 3219)
[Stage1] Epoch 3224 - Val R²: 0.7185 | Reg Val Loss: 0.2762
[Stage1] No improv. Best so far: 0.2761 (epoch 3219)
[Stage1] Epoch 3225 - Val R²: 0.7185 | Reg Val Loss: 0.2761
[Stage1] New best (epoch 3225) Val Loss: 0.2761 — saved: checkpoints\nnknn_regression_best_califonia_housing_softmax_fold_1_retr.pth
[Stage1] Epoch 3226 - Val R²: 0.7185 | Reg Val Loss: 0.2761
[Stage1] New best (epoch 3226) Val Loss: 0.2761 — saved: checkpoints\nnknn_regression_best_califonia_housing_softmax_fold_1_retr.pth
[Stage1] Epoch 3227 - Val R²: 0.7185 | Reg Val Loss: 0.2761
[Stage1] New best (epoch 3227) Val Loss: 0.2761 — saved: checkpoints\nnknn_regression_best_califonia_housing_softmax_fold_1_retr.pth
[Stage1] Epoch 3228 - Val R²: 0.7186 | Reg Val Loss: 0.2760
[Stage1] New best (epoch 3228) Val Loss: 0.2760 — saved: checkpoints\nnknn_regression_best_califonia_housing_softmax_fold_1_retr.pth
[Stage1] Epoch 3229 - Val R²: 0.7186 | Reg Val Loss: 0.2760
[Stage1] No improv. Best so far: 0.2760 (epoch 3228)
[Stage1] Epoch 3230 - Val R²: 0.7186 | Reg Val Loss: 0.2760
[Stage1] No improv. Best so far: 0.2760 (epoch 3228)
[Stage1] Epoch 3231 - Val R²: 0.7185 | Reg Val Loss: 0.2761
[Stage1] No improv. Best so far: 0.2760 (epoch 3228)
[Stage1] Epoch 3232 - Val R²: 0.7185 | Reg Val Loss: 0.2761
[Stage1] No improv. Best so far: 0.2760 (epoch 3228)
[Stage1] Epoch 3233 - Val R²: 0.7186 | Reg Val Loss: 0.2760
[Stage1] No improv. Best so far: 0.2760 (epoch 3228)
[Stage1] Epoch 3234 - Val R²: 0.7186 | Reg Val Loss: 0.2760
[Stage1] No improv. Best so far: 0.2760 (epoch 3228)
[Stage1] Epoch 3235 - Val R²: 0.7186 | Reg Val Loss: 0.2760
[Stage1] New best (epoch 3235) Val Loss: 0.2760 — saved: checkpoints\nnknn_regression_best_califonia_housing_softmax_fold_1_retr.pth
[Stage1] Epoch 3236 - Val R²: 0.7186 | Reg Val Loss: 0.2760
[Stage1] No improv. Best so far: 0.2760 (epoch 3235)
[Stage1] Epoch 3237 - Val R²: 0.7186 | Reg Val Loss: 0.2760
[Stage1] New best (epoch 3237) Val Loss: 0.2760 — saved: checkpoints\nnknn_regression_best_califonia_housing_softmax_fold_1_retr.pth
[Stage1] Epoch 3238 - Val R²: 0.7185 | Reg Val Loss: 0.2761
[Stage1] No improv. Best so far: 0.2760 (epoch 3237)
[Stage1] Epoch 3239 - Val R²: 0.7185 | Reg Val Loss: 0.2761
[Stage1] No improv. Best so far: 0.2760 (epoch 3237)
[Stage1] Epoch 3240 - Val R²: 0.7186 | Reg Val Loss: 0.2760
[Stage1] No improv. Best so far: 0.2760 (epoch 3237)
[Stage1] Epoch 3241 - Val R²: 0.7185 | Reg Val Loss: 0.2761
[Stage1] No improv. Best so far: 0.2760 (epoch 3237)
[Stage1] Epoch 3242 - Val R²: 0.7186 | Reg Val Loss: 0.2760
[Stage1] No improv. Best so far: 0.2760 (epoch 3237)
[Stage1] Epoch 3243 - Val R²: 0.7186 | Reg Val Loss: 0.2760
[Stage1] No improv. Best so far: 0.2760 (epoch 3237)
[Stage1] Epoch 3244 - Val R²: 0.7185 | Reg Val Loss: 0.2761
[Stage1] No improv. Best so far: 0.2760 (epoch 3237)
[Stage1] Epoch 3245 - Val R²: 0.7186 | Reg Val Loss: 0.2760
[Stage1] No improv. Best so far: 0.2760 (epoch 3237)
[Stage1] Epoch 3246 - Val R²: 0.7186 | Reg Val Loss: 0.2761
[Stage1] No improv. Best so far: 0.2760 (epoch 3237)
[Stage1] Epoch 3247 - Val R²: 0.7186 | Reg Val Loss: 0.2760
[Stage1] No improv. Best so far: 0.2760 (epoch 3237)
[Stage1] Epoch 3248 - Val R²: 0.7186 | Reg Val Loss: 0.2760
[Stage1] No improv. Best so far: 0.2760 (epoch 3237)
[Stage1] Epoch 3249 - Val R²: 0.7186 | Reg Val Loss: 0.2760
[Stage1] No improv. Best so far: 0.2760 (epoch 3237)
[Stage1] Epoch 3250 - Val R²: 0.7186 | Reg Val Loss: 0.2760
[Stage1] New best (epoch 3250) Val Loss: 0.2760 — saved: checkpoints\nnknn_regression_best_califonia_housing_softmax_fold_1_retr.pth
[Stage1] Epoch 3251 - Val R²: 0.7185 | Reg Val Loss: 0.2761
[Stage1] No improv. Best so far: 0.2760 (epoch 3250)
[Stage1] Epoch 3252 - Val R²: 0.7186 | Reg Val Loss: 0.2760
[Stage1] No improv. Best so far: 0.2760 (epoch 3250)
[Stage1] Epoch 3253 - Val R²: 0.7186 | Reg Val Loss: 0.2760
[Stage1] New best (epoch 3253) Val Loss: 0.2760 — saved: checkpoints\nnknn_regression_best_califonia_housing_softmax_fold_1_retr.pth
[Stage1] Epoch 3254 - Val R²: 0.7186 | Reg Val Loss: 0.2760
[Stage1] No improv. Best so far: 0.2760 (epoch 3253)
[Stage1] Epoch 3255 - Val R²: 0.7186 | Reg Val Loss: 0.2760
[Stage1] No improv. Best so far: 0.2760 (epoch 3253)
[Stage1] Epoch 3256 - Val R²: 0.7185 | Reg Val Loss: 0.2761
[Stage1] No improv. Best so far: 0.2760 (epoch 3253)
[Stage1] Epoch 3257 - Val R²: 0.7186 | Reg Val Loss: 0.2760
[Stage1] No improv. Best so far: 0.2760 (epoch 3253)
[Stage1] Epoch 3258 - Val R²: 0.7186 | Reg Val Loss: 0.2760
[Stage1] No improv. Best so far: 0.2760 (epoch 3253)
[Stage1] Epoch 3259 - Val R²: 0.7187 | Reg Val Loss: 0.2760
[Stage1] New best (epoch 3259) Val Loss: 0.2760 — saved: checkpoints\nnknn_regression_best_califonia_housing_softmax_fold_1_retr.pth
[Stage1] Epoch 3260 - Val R²: 0.7187 | Reg Val Loss: 0.2760
[Stage1] New best (epoch 3260) Val Loss: 0.2760 — saved: checkpoints\nnknn_regression_best_califonia_housing_softmax_fold_1_retr.pth
[Stage1] Epoch 3261 - Val R²: 0.7187 | Reg Val Loss: 0.2759
[Stage1] New best (epoch 3261) Val Loss: 0.2759 — saved: checkpoints\nnknn_regression_best_califonia_housing_softmax_fold_1_retr.pth
[Stage1] Epoch 3262 - Val R²: 0.7187 | Reg Val Loss: 0.2759
[Stage1] New best (epoch 3262) Val Loss: 0.2759 — saved: checkpoints\nnknn_regression_best_califonia_housing_softmax_fold_1_retr.pth
[Stage1] Epoch 3263 - Val R²: 0.7186 | Reg Val Loss: 0.2760
[Stage1] No improv. Best so far: 0.2759 (epoch 3262)
[Stage1] Epoch 3264 - Val R²: 0.7187 | Reg Val Loss: 0.2759
[Stage1] No improv. Best so far: 0.2759 (epoch 3262)
[Stage1] Epoch 3265 - Val R²: 0.7186 | Reg Val Loss: 0.2760
[Stage1] No improv. Best so far: 0.2759 (epoch 3262)
[Stage1] Epoch 3266 - Val R²: 0.7187 | Reg Val Loss: 0.2759
[Stage1] New best (epoch 3266) Val Loss: 0.2759 — saved: checkpoints\nnknn_regression_best_califonia_housing_softmax_fold_1_retr.pth
[Stage1] Epoch 3267 - Val R²: 0.7187 | Reg Val Loss: 0.2759
[Stage1] No improv. Best so far: 0.2759 (epoch 3266)
[Stage1] Epoch 3268 - Val R²: 0.7186 | Reg Val Loss: 0.2760
[Stage1] No improv. Best so far: 0.2759 (epoch 3266)
[Stage1] Epoch 3269 - Val R²: 0.7186 | Reg Val Loss: 0.2760
[Stage1] No improv. Best so far: 0.2759 (epoch 3266)
[Stage1] Epoch 3270 - Val R²: 0.7185 | Reg Val Loss: 0.2761
[Stage1] No improv. Best so far: 0.2759 (epoch 3266)
[Stage1] Epoch 3271 - Val R²: 0.7187 | Reg Val Loss: 0.2760
[Stage1] No improv. Best so far: 0.2759 (epoch 3266)
[Stage1] Epoch 3272 - Val R²: 0.7186 | Reg Val Loss: 0.2760
[Stage1] No improv. Best so far: 0.2759 (epoch 3266)
[Stage1] Epoch 3273 - Val R²: 0.7186 | Reg Val Loss: 0.2760
[Stage1] No improv. Best so far: 0.2759 (epoch 3266)
[Stage1] Epoch 3274 - Val R²: 0.7187 | Reg Val Loss: 0.2759
[Stage1] No improv. Best so far: 0.2759 (epoch 3266)
[Stage1] Epoch 3275 - Val R²: 0.7186 | Reg Val Loss: 0.2760
[Stage1] No improv. Best so far: 0.2759 (epoch 3266)
[Stage1] Epoch 3276 - Val R²: 0.7187 | Reg Val Loss: 0.2759
[Stage1] No improv. Best so far: 0.2759 (epoch 3266)
[Stage1] Epoch 3277 - Val R²: 0.7187 | Reg Val Loss: 0.2759
[Stage1] No improv. Best so far: 0.2759 (epoch 3266)
[Stage1] Epoch 3278 - Val R²: 0.7187 | Reg Val Loss: 0.2759
[Stage1] No improv. Best so far: 0.2759 (epoch 3266)
[Stage1] Epoch 3279 - Val R²: 0.7188 | Reg Val Loss: 0.2758
[Stage1] New best (epoch 3279) Val Loss: 0.2758 — saved: checkpoints\nnknn_regression_best_califonia_housing_softmax_fold_1_retr.pth
[Stage1] Epoch 3280 - Val R²: 0.7187 | Reg Val Loss: 0.2759
[Stage1] No improv. Best so far: 0.2758 (epoch 3279)
[Stage1] Epoch 3281 - Val R²: 0.7188 | Reg Val Loss: 0.2758
[Stage1] New best (epoch 3281) Val Loss: 0.2758 — saved: checkpoints\nnknn_regression_best_califonia_housing_softmax_fold_1_retr.pth
[Stage1] Epoch 3282 - Val R²: 0.7187 | Reg Val Loss: 0.2759
[Stage1] No improv. Best so far: 0.2758 (epoch 3281)
[Stage1] Epoch 3283 - Val R²: 0.7187 | Reg Val Loss: 0.2759
[Stage1] No improv. Best so far: 0.2758 (epoch 3281)
[Stage1] Epoch 3284 - Val R²: 0.7187 | Reg Val Loss: 0.2759
[Stage1] No improv. Best so far: 0.2758 (epoch 3281)
[Stage1] Epoch 3285 - Val R²: 0.7187 | Reg Val Loss: 0.2759
[Stage1] No improv. Best so far: 0.2758 (epoch 3281)
[Stage1] Epoch 3286 - Val R²: 0.7187 | Reg Val Loss: 0.2759
[Stage1] No improv. Best so far: 0.2758 (epoch 3281)
[Stage1] Epoch 3287 - Val R²: 0.7187 | Reg Val Loss: 0.2759
[Stage1] No improv. Best so far: 0.2758 (epoch 3281)
[Stage1] Epoch 3288 - Val R²: 0.7187 | Reg Val Loss: 0.2759
[Stage1] No improv. Best so far: 0.2758 (epoch 3281)
[Stage1] Epoch 3289 - Val R²: 0.7187 | Reg Val Loss: 0.2759
[Stage1] No improv. Best so far: 0.2758 (epoch 3281)
[Stage1] Epoch 3290 - Val R²: 0.7188 | Reg Val Loss: 0.2759
[Stage1] No improv. Best so far: 0.2758 (epoch 3281)
[Stage1] Epoch 3291 - Val R²: 0.7188 | Reg Val Loss: 0.2758
[Stage1] New best (epoch 3291) Val Loss: 0.2758 — saved: checkpoints\nnknn_regression_best_califonia_housing_softmax_fold_1_retr.pth
[Stage1] Epoch 3292 - Val R²: 0.7188 | Reg Val Loss: 0.2758
[Stage1] No improv. Best so far: 0.2758 (epoch 3291)
[Stage1] Epoch 3293 - Val R²: 0.7188 | Reg Val Loss: 0.2758
[Stage1] New best (epoch 3293) Val Loss: 0.2758 — saved: checkpoints\nnknn_regression_best_califonia_housing_softmax_fold_1_retr.pth
[Stage1] Epoch 3294 - Val R²: 0.7188 | Reg Val Loss: 0.2758
[Stage1] No improv. Best so far: 0.2758 (epoch 3293)
[Stage1] Epoch 3295 - Val R²: 0.7188 | Reg Val Loss: 0.2758
[Stage1] No improv. Best so far: 0.2758 (epoch 3293)
[Stage1] Epoch 3296 - Val R²: 0.7187 | Reg Val Loss: 0.2759
[Stage1] No improv. Best so far: 0.2758 (epoch 3293)
[Stage1] Epoch 3297 - Val R²: 0.7188 | Reg Val Loss: 0.2758
[Stage1] No improv. Best so far: 0.2758 (epoch 3293)
[Stage1] Epoch 3298 - Val R²: 0.7188 | Reg Val Loss: 0.2758
[Stage1] No improv. Best so far: 0.2758 (epoch 3293)
[Stage1] Epoch 3299 - Val R²: 0.7188 | Reg Val Loss: 0.2758
[Stage1] No improv. Best so far: 0.2758 (epoch 3293)
[Stage1] Epoch 3300 - Val R²: 0.7188 | Reg Val Loss: 0.2758
[Stage1] No improv. Best so far: 0.2758 (epoch 3293)
[Stage1] Epoch 3301 - Val R²: 0.7188 | Reg Val Loss: 0.2758
[Stage1] No improv. Best so far: 0.2758 (epoch 3293)
[Stage1] Epoch 3302 - Val R²: 0.7188 | Reg Val Loss: 0.2758
[Stage1] No improv. Best so far: 0.2758 (epoch 3293)
[Stage1] Epoch 3303 - Val R²: 0.7188 | Reg Val Loss: 0.2758
[Stage1] No improv. Best so far: 0.2758 (epoch 3293)
[Stage1] Epoch 3304 - Val R²: 0.7188 | Reg Val Loss: 0.2758
[Stage1] No improv. Best so far: 0.2758 (epoch 3293)
[Stage1] Epoch 3305 - Val R²: 0.7187 | Reg Val Loss: 0.2759
[Stage1] No improv. Best so far: 0.2758 (epoch 3293)
[Stage1] Epoch 3306 - Val R²: 0.7188 | Reg Val Loss: 0.2758
[Stage1] No improv. Best so far: 0.2758 (epoch 3293)
[Stage1] Epoch 3307 - Val R²: 0.7188 | Reg Val Loss: 0.2758
[Stage1] New best (epoch 3307) Val Loss: 0.2758 — saved: checkpoints\nnknn_regression_best_califonia_housing_softmax_fold_1_retr.pth
[Stage1] Epoch 3308 - Val R²: 0.7188 | Reg Val Loss: 0.2758
[Stage1] No improv. Best so far: 0.2758 (epoch 3307)
[Stage1] Epoch 3309 - Val R²: 0.7189 | Reg Val Loss: 0.2758
[Stage1] New best (epoch 3309) Val Loss: 0.2758 — saved: checkpoints\nnknn_regression_best_califonia_housing_softmax_fold_1_retr.pth
[Stage1] Epoch 3310 - Val R²: 0.7189 | Reg Val Loss: 0.2757
[Stage1] New best (epoch 3310) Val Loss: 0.2757 — saved: checkpoints\nnknn_regression_best_califonia_housing_softmax_fold_1_retr.pth
[Stage1] Epoch 3311 - Val R²: 0.7189 | Reg Val Loss: 0.2757
[Stage1] New best (epoch 3311) Val Loss: 0.2757 — saved: checkpoints\nnknn_regression_best_califonia_housing_softmax_fold_1_retr.pth
[Stage1] Epoch 3312 - Val R²: 0.7189 | Reg Val Loss: 0.2757
[Stage1] New best (epoch 3312) Val Loss: 0.2757 — saved: checkpoints\nnknn_regression_best_califonia_housing_softmax_fold_1_retr.pth
[Stage1] Epoch 3313 - Val R²: 0.7189 | Reg Val Loss: 0.2757
[Stage1] No improv. Best so far: 0.2757 (epoch 3312)
[Stage1] Epoch 3314 - Val R²: 0.7188 | Reg Val Loss: 0.2758
[Stage1] No improv. Best so far: 0.2757 (epoch 3312)
[Stage1] Epoch 3315 - Val R²: 0.7188 | Reg Val Loss: 0.2758
[Stage1] No improv. Best so far: 0.2757 (epoch 3312)
[Stage1] Epoch 3316 - Val R²: 0.7189 | Reg Val Loss: 0.2758
[Stage1] No improv. Best so far: 0.2757 (epoch 3312)
[Stage1] Epoch 3317 - Val R²: 0.7189 | Reg Val Loss: 0.2757
[Stage1] No improv. Best so far: 0.2757 (epoch 3312)
[Stage1] Epoch 3318 - Val R²: 0.7189 | Reg Val Loss: 0.2758
[Stage1] No improv. Best so far: 0.2757 (epoch 3312)
[Stage1] Epoch 3319 - Val R²: 0.7189 | Reg Val Loss: 0.2757
[Stage1] No improv. Best so far: 0.2757 (epoch 3312)
[Stage1] Epoch 3320 - Val R²: 0.7188 | Reg Val Loss: 0.2758
[Stage1] No improv. Best so far: 0.2757 (epoch 3312)
[Stage1] Epoch 3321 - Val R²: 0.7189 | Reg Val Loss: 0.2757
[Stage1] No improv. Best so far: 0.2757 (epoch 3312)
[Stage1] Epoch 3322 - Val R²: 0.7189 | Reg Val Loss: 0.2757
[Stage1] No improv. Best so far: 0.2757 (epoch 3312)
[Stage1] Epoch 3323 - Val R²: 0.7189 | Reg Val Loss: 0.2757
[Stage1] No improv. Best so far: 0.2757 (epoch 3312)
[Stage1] Epoch 3324 - Val R²: 0.7189 | Reg Val Loss: 0.2757
[Stage1] New best (epoch 3324) Val Loss: 0.2757 — saved: checkpoints\nnknn_regression_best_califonia_housing_softmax_fold_1_retr.pth
[Stage1] Epoch 3325 - Val R²: 0.7189 | Reg Val Loss: 0.2757
[Stage1] New best (epoch 3325) Val Loss: 0.2757 — saved: checkpoints\nnknn_regression_best_califonia_housing_softmax_fold_1_retr.pth
[Stage1] Epoch 3326 - Val R²: 0.7189 | Reg Val Loss: 0.2757
[Stage1] No improv. Best so far: 0.2757 (epoch 3325)
[Stage1] Epoch 3327 - Val R²: 0.7189 | Reg Val Loss: 0.2757
[Stage1] No improv. Best so far: 0.2757 (epoch 3325)
[Stage1] Epoch 3328 - Val R²: 0.7189 | Reg Val Loss: 0.2757
[Stage1] No improv. Best so far: 0.2757 (epoch 3325)
[Stage1] Epoch 3329 - Val R²: 0.7189 | Reg Val Loss: 0.2757
[Stage1] New best (epoch 3329) Val Loss: 0.2757 — saved: checkpoints\nnknn_regression_best_califonia_housing_softmax_fold_1_retr.pth
[Stage1] Epoch 3330 - Val R²: 0.7189 | Reg Val Loss: 0.2757
[Stage1] No improv. Best so far: 0.2757 (epoch 3329)
[Stage1] Epoch 3331 - Val R²: 0.7189 | Reg Val Loss: 0.2757
[Stage1] New best (epoch 3331) Val Loss: 0.2757 — saved: checkpoints\nnknn_regression_best_califonia_housing_softmax_fold_1_retr.pth
[Stage1] Epoch 3332 - Val R²: 0.7189 | Reg Val Loss: 0.2757
[Stage1] No improv. Best so far: 0.2757 (epoch 3331)
[Stage1] Epoch 3333 - Val R²: 0.7189 | Reg Val Loss: 0.2757
[Stage1] No improv. Best so far: 0.2757 (epoch 3331)
[Stage1] Epoch 3334 - Val R²: 0.7189 | Reg Val Loss: 0.2757
[Stage1] No improv. Best so far: 0.2757 (epoch 3331)
[Stage1] Epoch 3335 - Val R²: 0.7189 | Reg Val Loss: 0.2757
[Stage1] No improv. Best so far: 0.2757 (epoch 3331)
[Stage1] Epoch 3336 - Val R²: 0.7189 | Reg Val Loss: 0.2757
[Stage1] No improv. Best so far: 0.2757 (epoch 3331)
[Stage1] Epoch 3337 - Val R²: 0.7189 | Reg Val Loss: 0.2757
[Stage1] No improv. Best so far: 0.2757 (epoch 3331)
[Stage1] Epoch 3338 - Val R²: 0.7189 | Reg Val Loss: 0.2757
[Stage1] No improv. Best so far: 0.2757 (epoch 3331)
[Stage1] Epoch 3339 - Val R²: 0.7189 | Reg Val Loss: 0.2757
[Stage1] No improv. Best so far: 0.2757 (epoch 3331)
[Stage1] Epoch 3340 - Val R²: 0.7189 | Reg Val Loss: 0.2757
[Stage1] No improv. Best so far: 0.2757 (epoch 3331)
[Stage1] Epoch 3341 - Val R²: 0.7189 | Reg Val Loss: 0.2757
[Stage1] No improv. Best so far: 0.2757 (epoch 3331)
[Stage1] Epoch 3342 - Val R²: 0.7190 | Reg Val Loss: 0.2756
[Stage1] New best (epoch 3342) Val Loss: 0.2756 — saved: checkpoints\nnknn_regression_best_califonia_housing_softmax_fold_1_retr.pth
[Stage1] Epoch 3343 - Val R²: 0.7189 | Reg Val Loss: 0.2757
[Stage1] No improv. Best so far: 0.2756 (epoch 3342)
[Stage1] Epoch 3344 - Val R²: 0.7189 | Reg Val Loss: 0.2757
[Stage1] No improv. Best so far: 0.2756 (epoch 3342)
[Stage1] Epoch 3345 - Val R²: 0.7189 | Reg Val Loss: 0.2757
[Stage1] No improv. Best so far: 0.2756 (epoch 3342)
[Stage1] Epoch 3346 - Val R²: 0.7190 | Reg Val Loss: 0.2757
[Stage1] No improv. Best so far: 0.2756 (epoch 3342)
[Stage1] Epoch 3347 - Val R²: 0.7190 | Reg Val Loss: 0.2757
[Stage1] No improv. Best so far: 0.2756 (epoch 3342)
[Stage1] Epoch 3348 - Val R²: 0.7189 | Reg Val Loss: 0.2757
[Stage1] No improv. Best so far: 0.2756 (epoch 3342)
[Stage1] Epoch 3349 - Val R²: 0.7190 | Reg Val Loss: 0.2756
[Stage1] New best (epoch 3349) Val Loss: 0.2756 — saved: checkpoints\nnknn_regression_best_califonia_housing_softmax_fold_1_retr.pth
[Stage1] Epoch 3350 - Val R²: 0.7190 | Reg Val Loss: 0.2757
[Stage1] No improv. Best so far: 0.2756 (epoch 3349)
[Stage1] Epoch 3351 - Val R²: 0.7190 | Reg Val Loss: 0.2756
[Stage1] New best (epoch 3351) Val Loss: 0.2756 — saved: checkpoints\nnknn_regression_best_califonia_housing_softmax_fold_1_retr.pth
[Stage1] Epoch 3352 - Val R²: 0.7190 | Reg Val Loss: 0.2756
[Stage1] No improv. Best so far: 0.2756 (epoch 3351)
[Stage1] Epoch 3353 - Val R²: 0.7190 | Reg Val Loss: 0.2756
[Stage1] No improv. Best so far: 0.2756 (epoch 3351)
[Stage1] Epoch 3354 - Val R²: 0.7190 | Reg Val Loss: 0.2756
[Stage1] No improv. Best so far: 0.2756 (epoch 3351)
[Stage1] Epoch 3355 - Val R²: 0.7189 | Reg Val Loss: 0.2757
[Stage1] No improv. Best so far: 0.2756 (epoch 3351)
[Stage1] Epoch 3356 - Val R²: 0.7190 | Reg Val Loss: 0.2757
[Stage1] No improv. Best so far: 0.2756 (epoch 3351)
[Stage1] Epoch 3357 - Val R²: 0.7190 | Reg Val Loss: 0.2756
[Stage1] No improv. Best so far: 0.2756 (epoch 3351)
[Stage1] Epoch 3358 - Val R²: 0.7190 | Reg Val Loss: 0.2756
[Stage1] No improv. Best so far: 0.2756 (epoch 3351)
[Stage1] Epoch 3359 - Val R²: 0.7189 | Reg Val Loss: 0.2757
[Stage1] No improv. Best so far: 0.2756 (epoch 3351)
[Stage1] Epoch 3360 - Val R²: 0.7190 | Reg Val Loss: 0.2756
[Stage1] No improv. Best so far: 0.2756 (epoch 3351)
[Stage1] Epoch 3361 - Val R²: 0.7190 | Reg Val Loss: 0.2756
[Stage1] No improv. Best so far: 0.2756 (epoch 3351)
[Stage1] Epoch 3362 - Val R²: 0.7190 | Reg Val Loss: 0.2756
[Stage1] New best (epoch 3362) Val Loss: 0.2756 — saved: checkpoints\nnknn_regression_best_califonia_housing_softmax_fold_1_retr.pth
[Stage1] Epoch 3363 - Val R²: 0.7191 | Reg Val Loss: 0.2756
[Stage1] New best (epoch 3363) Val Loss: 0.2756 — saved: checkpoints\nnknn_regression_best_califonia_housing_softmax_fold_1_retr.pth
[Stage1] Epoch 3364 - Val R²: 0.7190 | Reg Val Loss: 0.2756
[Stage1] No improv. Best so far: 0.2756 (epoch 3363)
[Stage1] Epoch 3365 - Val R²: 0.7190 | Reg Val Loss: 0.2756
[Stage1] No improv. Best so far: 0.2756 (epoch 3363)
[Stage1] Epoch 3366 - Val R²: 0.7191 | Reg Val Loss: 0.2755
[Stage1] New best (epoch 3366) Val Loss: 0.2755 — saved: checkpoints\nnknn_regression_best_califonia_housing_softmax_fold_1_retr.pth
[Stage1] Epoch 3367 - Val R²: 0.7190 | Reg Val Loss: 0.2756
[Stage1] No improv. Best so far: 0.2755 (epoch 3366)
[Stage1] Epoch 3368 - Val R²: 0.7189 | Reg Val Loss: 0.2757
[Stage1] No improv. Best so far: 0.2755 (epoch 3366)
[Stage1] Epoch 3369 - Val R²: 0.7190 | Reg Val Loss: 0.2756
[Stage1] No improv. Best so far: 0.2755 (epoch 3366)
[Stage1] Epoch 3370 - Val R²: 0.7191 | Reg Val Loss: 0.2755
[Stage1] No improv. Best so far: 0.2755 (epoch 3366)
[Stage1] Epoch 3371 - Val R²: 0.7191 | Reg Val Loss: 0.2756
[Stage1] No improv. Best so far: 0.2755 (epoch 3366)
[Stage1] Epoch 3372 - Val R²: 0.7190 | Reg Val Loss: 0.2756
[Stage1] No improv. Best so far: 0.2755 (epoch 3366)
[Stage1] Epoch 3373 - Val R²: 0.7191 | Reg Val Loss: 0.2756
[Stage1] No improv. Best so far: 0.2755 (epoch 3366)
[Stage1] Epoch 3374 - Val R²: 0.7191 | Reg Val Loss: 0.2755
[Stage1] No improv. Best so far: 0.2755 (epoch 3366)
[Stage1] Epoch 3375 - Val R²: 0.7191 | Reg Val Loss: 0.2755
[Stage1] New best (epoch 3375) Val Loss: 0.2755 — saved: checkpoints\nnknn_regression_best_califonia_housing_softmax_fold_1_retr.pth
[Stage1] Epoch 3376 - Val R²: 0.7191 | Reg Val Loss: 0.2755
[Stage1] New best (epoch 3376) Val Loss: 0.2755 — saved: checkpoints\nnknn_regression_best_califonia_housing_softmax_fold_1_retr.pth
[Stage1] Epoch 3377 - Val R²: 0.7191 | Reg Val Loss: 0.2755
[Stage1] New best (epoch 3377) Val Loss: 0.2755 — saved: checkpoints\nnknn_regression_best_califonia_housing_softmax_fold_1_retr.pth
[Stage1] Epoch 3378 - Val R²: 0.7191 | Reg Val Loss: 0.2755
[Stage1] New best (epoch 3378) Val Loss: 0.2755 — saved: checkpoints\nnknn_regression_best_califonia_housing_softmax_fold_1_retr.pth
[Stage1] Epoch 3379 - Val R²: 0.7191 | Reg Val Loss: 0.2755
[Stage1] No improv. Best so far: 0.2755 (epoch 3378)
[Stage1] Epoch 3380 - Val R²: 0.7190 | Reg Val Loss: 0.2756
[Stage1] No improv. Best so far: 0.2755 (epoch 3378)
[Stage1] Epoch 3381 - Val R²: 0.7191 | Reg Val Loss: 0.2755
[Stage1] No improv. Best so far: 0.2755 (epoch 3378)
[Stage1] Epoch 3382 - Val R²: 0.7191 | Reg Val Loss: 0.2755
[Stage1] No improv. Best so far: 0.2755 (epoch 3378)
[Stage1] Epoch 3383 - Val R²: 0.7190 | Reg Val Loss: 0.2756
[Stage1] No improv. Best so far: 0.2755 (epoch 3378)
[Stage1] Epoch 3384 - Val R²: 0.7190 | Reg Val Loss: 0.2756
[Stage1] No improv. Best so far: 0.2755 (epoch 3378)
[Stage1] Epoch 3385 - Val R²: 0.7191 | Reg Val Loss: 0.2755
[Stage1] New best (epoch 3385) Val Loss: 0.2755 — saved: checkpoints\nnknn_regression_best_califonia_housing_softmax_fold_1_retr.pth
[Stage1] Epoch 3386 - Val R²: 0.7191 | Reg Val Loss: 0.2755
[Stage1] No improv. Best so far: 0.2755 (epoch 3385)
[Stage1] Epoch 3387 - Val R²: 0.7191 | Reg Val Loss: 0.2756
[Stage1] No improv. Best so far: 0.2755 (epoch 3385)
[Stage1] Epoch 3388 - Val R²: 0.7191 | Reg Val Loss: 0.2755
[Stage1] No improv. Best so far: 0.2755 (epoch 3385)
[Stage1] Epoch 3389 - Val R²: 0.7191 | Reg Val Loss: 0.2755
[Stage1] No improv. Best so far: 0.2755 (epoch 3385)
[Stage1] Epoch 3390 - Val R²: 0.7191 | Reg Val Loss: 0.2755
[Stage1] No improv. Best so far: 0.2755 (epoch 3385)
[Stage1] Epoch 3391 - Val R²: 0.7192 | Reg Val Loss: 0.2755
[Stage1] New best (epoch 3391) Val Loss: 0.2755 — saved: checkpoints\nnknn_regression_best_califonia_housing_softmax_fold_1_retr.pth
[Stage1] Epoch 3392 - Val R²: 0.7190 | Reg Val Loss: 0.2756
[Stage1] No improv. Best so far: 0.2755 (epoch 3391)
[Stage1] Epoch 3393 - Val R²: 0.7191 | Reg Val Loss: 0.2755
[Stage1] No improv. Best so far: 0.2755 (epoch 3391)
[Stage1] Epoch 3394 - Val R²: 0.7191 | Reg Val Loss: 0.2755
[Stage1] No improv. Best so far: 0.2755 (epoch 3391)
[Stage1] Epoch 3395 - Val R²: 0.7191 | Reg Val Loss: 0.2755
[Stage1] No improv. Best so far: 0.2755 (epoch 3391)
[Stage1] Epoch 3396 - Val R²: 0.7191 | Reg Val Loss: 0.2755
[Stage1] No improv. Best so far: 0.2755 (epoch 3391)
[Stage1] Epoch 3397 - Val R²: 0.7191 | Reg Val Loss: 0.2755
[Stage1] No improv. Best so far: 0.2755 (epoch 3391)
[Stage1] Epoch 3398 - Val R²: 0.7191 | Reg Val Loss: 0.2755
[Stage1] No improv. Best so far: 0.2755 (epoch 3391)
[Stage1] Epoch 3399 - Val R²: 0.7192 | Reg Val Loss: 0.2755
[Stage1] No improv. Best so far: 0.2755 (epoch 3391)
[Stage1] Epoch 3400 - Val R²: 0.7191 | Reg Val Loss: 0.2755
[Stage1] No improv. Best so far: 0.2755 (epoch 3391)
[Stage1] Epoch 3401 - Val R²: 0.7192 | Reg Val Loss: 0.2754
[Stage1] New best (epoch 3401) Val Loss: 0.2754 — saved: checkpoints\nnknn_regression_best_califonia_housing_softmax_fold_1_retr.pth
[Stage1] Epoch 3402 - Val R²: 0.7191 | Reg Val Loss: 0.2755
[Stage1] No improv. Best so far: 0.2754 (epoch 3401)
[Stage1] Epoch 3403 - Val R²: 0.7191 | Reg Val Loss: 0.2755
[Stage1] No improv. Best so far: 0.2754 (epoch 3401)
[Stage1] Epoch 3404 - Val R²: 0.7191 | Reg Val Loss: 0.2755
[Stage1] No improv. Best so far: 0.2754 (epoch 3401)
[Stage1] Epoch 3405 - Val R²: 0.7191 | Reg Val Loss: 0.2755
[Stage1] No improv. Best so far: 0.2754 (epoch 3401)
[Stage1] Epoch 3406 - Val R²: 0.7192 | Reg Val Loss: 0.2755
[Stage1] No improv. Best so far: 0.2754 (epoch 3401)
[Stage1] Epoch 3407 - Val R²: 0.7192 | Reg Val Loss: 0.2755
[Stage1] No improv. Best so far: 0.2754 (epoch 3401)
[Stage1] Epoch 3408 - Val R²: 0.7192 | Reg Val Loss: 0.2754
[Stage1] New best (epoch 3408) Val Loss: 0.2754 — saved: checkpoints\nnknn_regression_best_califonia_housing_softmax_fold_1_retr.pth
[Stage1] Epoch 3409 - Val R²: 0.7191 | Reg Val Loss: 0.2755
[Stage1] No improv. Best so far: 0.2754 (epoch 3408)
[Stage1] Epoch 3410 - Val R²: 0.7192 | Reg Val Loss: 0.2754
[Stage1] No improv. Best so far: 0.2754 (epoch 3408)
[Stage1] Epoch 3411 - Val R²: 0.7177 | Reg Val Loss: 0.2768
[Stage1] No improv. Best so far: 0.2754 (epoch 3408)
[Stage1] Epoch 3412 - Val R²: 0.7192 | Reg Val Loss: 0.2755
[Stage1] No improv. Best so far: 0.2754 (epoch 3408)
[Stage1] Epoch 3413 - Val R²: 0.7192 | Reg Val Loss: 0.2754
[Stage1] No improv. Best so far: 0.2754 (epoch 3408)
[Stage1] Epoch 3414 - Val R²: 0.7192 | Reg Val Loss: 0.2754
[Stage1] New best (epoch 3414) Val Loss: 0.2754 — saved: checkpoints\nnknn_regression_best_califonia_housing_softmax_fold_1_retr.pth
[Stage1] Epoch 3415 - Val R²: 0.7193 | Reg Val Loss: 0.2754
[Stage1] New best (epoch 3415) Val Loss: 0.2754 — saved: checkpoints\nnknn_regression_best_califonia_housing_softmax_fold_1_retr.pth
[Stage1] Epoch 3416 - Val R²: 0.7192 | Reg Val Loss: 0.2754
[Stage1] No improv. Best so far: 0.2754 (epoch 3415)
[Stage1] Epoch 3417 - Val R²: 0.7192 | Reg Val Loss: 0.2754
[Stage1] No improv. Best so far: 0.2754 (epoch 3415)
[Stage1] Epoch 3418 - Val R²: 0.7192 | Reg Val Loss: 0.2755
[Stage1] No improv. Best so far: 0.2754 (epoch 3415)
[Stage1] Epoch 3419 - Val R²: 0.7192 | Reg Val Loss: 0.2754
[Stage1] No improv. Best so far: 0.2754 (epoch 3415)
[Stage1] Epoch 3420 - Val R²: 0.7192 | Reg Val Loss: 0.2754
[Stage1] No improv. Best so far: 0.2754 (epoch 3415)
[Stage1] Epoch 3421 - Val R²: 0.7192 | Reg Val Loss: 0.2754
[Stage1] No improv. Best so far: 0.2754 (epoch 3415)
[Stage1] Epoch 3422 - Val R²: 0.7192 | Reg Val Loss: 0.2754
[Stage1] No improv. Best so far: 0.2754 (epoch 3415)
[Stage1] Epoch 3423 - Val R²: 0.7192 | Reg Val Loss: 0.2754
[Stage1] No improv. Best so far: 0.2754 (epoch 3415)
[Stage1] Epoch 3424 - Val R²: 0.7192 | Reg Val Loss: 0.2754
[Stage1] No improv. Best so far: 0.2754 (epoch 3415)
[Stage1] Epoch 3425 - Val R²: 0.7192 | Reg Val Loss: 0.2755
[Stage1] No improv. Best so far: 0.2754 (epoch 3415)
[Stage1] Epoch 3426 - Val R²: 0.7192 | Reg Val Loss: 0.2754
[Stage1] No improv. Best so far: 0.2754 (epoch 3415)
[Stage1] Epoch 3427 - Val R²: 0.7192 | Reg Val Loss: 0.2754
[Stage1] No improv. Best so far: 0.2754 (epoch 3415)
[Stage1] Epoch 3428 - Val R²: 0.7192 | Reg Val Loss: 0.2754
[Stage1] No improv. Best so far: 0.2754 (epoch 3415)
[Stage1] Epoch 3429 - Val R²: 0.7192 | Reg Val Loss: 0.2754
[Stage1] No improv. Best so far: 0.2754 (epoch 3415)
[Stage1] Epoch 3430 - Val R²: 0.7192 | Reg Val Loss: 0.2754
[Stage1] No improv. Best so far: 0.2754 (epoch 3415)
[Stage1] Epoch 3431 - Val R²: 0.7192 | Reg Val Loss: 0.2754
[Stage1] No improv. Best so far: 0.2754 (epoch 3415)
[Stage1] Epoch 3432 - Val R²: 0.7192 | Reg Val Loss: 0.2754
[Stage1] No improv. Best so far: 0.2754 (epoch 3415)
[Stage1] Epoch 3433 - Val R²: 0.7192 | Reg Val Loss: 0.2754
[Stage1] No improv. Best so far: 0.2754 (epoch 3415)
[Stage1] Epoch 3434 - Val R²: 0.7193 | Reg Val Loss: 0.2754
[Stage1] No improv. Best so far: 0.2754 (epoch 3415)
[Stage1] Epoch 3435 - Val R²: 0.7192 | Reg Val Loss: 0.2754
[Stage1] No improv. Best so far: 0.2754 (epoch 3415)
[Stage1] Epoch 3436 - Val R²: 0.7188 | Reg Val Loss: 0.2758
[Stage1] No improv. Best so far: 0.2754 (epoch 3415)
[Stage1] Epoch 3437 - Val R²: 0.7192 | Reg Val Loss: 0.2754
[Stage1] No improv. Best so far: 0.2754 (epoch 3415)
[Stage1] Epoch 3438 - Val R²: 0.7193 | Reg Val Loss: 0.2754
[Stage1] No improv. Best so far: 0.2754 (epoch 3415)
[Stage1] Epoch 3439 - Val R²: 0.7192 | Reg Val Loss: 0.2754
[Stage1] No improv. Best so far: 0.2754 (epoch 3415)
[Stage1] Epoch 3440 - Val R²: 0.7192 | Reg Val Loss: 0.2754
[Stage1] No improv. Best so far: 0.2754 (epoch 3415)
[Stage1] Epoch 3441 - Val R²: 0.7192 | Reg Val Loss: 0.2754
[Stage1] No improv. Best so far: 0.2754 (epoch 3415)
[Stage1] Epoch 3442 - Val R²: 0.7193 | Reg Val Loss: 0.2753
[Stage1] New best (epoch 3442) Val Loss: 0.2753 — saved: checkpoints\nnknn_regression_best_califonia_housing_softmax_fold_1_retr.pth
[Stage1] Epoch 3443 - Val R²: 0.7192 | Reg Val Loss: 0.2754
[Stage1] No improv. Best so far: 0.2753 (epoch 3442)
[Stage1] Epoch 3444 - Val R²: 0.7193 | Reg Val Loss: 0.2754
[Stage1] No improv. Best so far: 0.2753 (epoch 3442)
[Stage1] Epoch 3445 - Val R²: 0.7193 | Reg Val Loss: 0.2753
[Stage1] No improv. Best so far: 0.2753 (epoch 3442)
[Stage1] Epoch 3446 - Val R²: 0.7193 | Reg Val Loss: 0.2753
[Stage1] New best (epoch 3446) Val Loss: 0.2753 — saved: checkpoints\nnknn_regression_best_califonia_housing_softmax_fold_1_retr.pth
[Stage1] Epoch 3447 - Val R²: 0.7192 | Reg Val Loss: 0.2754
[Stage1] No improv. Best so far: 0.2753 (epoch 3446)
[Stage1] Epoch 3448 - Val R²: 0.7192 | Reg Val Loss: 0.2754
[Stage1] No improv. Best so far: 0.2753 (epoch 3446)
[Stage1] Epoch 3449 - Val R²: 0.7193 | Reg Val Loss: 0.2753
[Stage1] New best (epoch 3449) Val Loss: 0.2753 — saved: checkpoints\nnknn_regression_best_califonia_housing_softmax_fold_1_retr.pth
[Stage1] Epoch 3450 - Val R²: 0.7193 | Reg Val Loss: 0.2753
[Stage1] No improv. Best so far: 0.2753 (epoch 3449)
[Stage1] Epoch 3451 - Val R²: 0.7193 | Reg Val Loss: 0.2753
[Stage1] No improv. Best so far: 0.2753 (epoch 3449)
[Stage1] Epoch 3452 - Val R²: 0.7193 | Reg Val Loss: 0.2753
[Stage1] No improv. Best so far: 0.2753 (epoch 3449)
[Stage1] Epoch 3453 - Val R²: 0.7193 | Reg Val Loss: 0.2753
[Stage1] No improv. Best so far: 0.2753 (epoch 3449)
[Stage1] Epoch 3454 - Val R²: 0.7193 | Reg Val Loss: 0.2753
[Stage1] No improv. Best so far: 0.2753 (epoch 3449)
[Stage1] Epoch 3455 - Val R²: 0.7193 | Reg Val Loss: 0.2753
[Stage1] No improv. Best so far: 0.2753 (epoch 3449)
[Stage1] Epoch 3456 - Val R²: 0.7193 | Reg Val Loss: 0.2753
[Stage1] No improv. Best so far: 0.2753 (epoch 3449)
[Stage1] Epoch 3457 - Val R²: 0.7194 | Reg Val Loss: 0.2753
[Stage1] New best (epoch 3457) Val Loss: 0.2753 — saved: checkpoints\nnknn_regression_best_califonia_housing_softmax_fold_1_retr.pth
[Stage1] Epoch 3458 - Val R²: 0.7193 | Reg Val Loss: 0.2753
[Stage1] No improv. Best so far: 0.2753 (epoch 3457)
[Stage1] Epoch 3459 - Val R²: 0.7194 | Reg Val Loss: 0.2753
[Stage1] No improv. Best so far: 0.2753 (epoch 3457)
[Stage1] Epoch 3460 - Val R²: 0.7193 | Reg Val Loss: 0.2753
[Stage1] No improv. Best so far: 0.2753 (epoch 3457)
[Stage1] Epoch 3461 - Val R²: 0.7193 | Reg Val Loss: 0.2753
[Stage1] No improv. Best so far: 0.2753 (epoch 3457)
[Stage1] Epoch 3462 - Val R²: 0.7193 | Reg Val Loss: 0.2753
[Stage1] No improv. Best so far: 0.2753 (epoch 3457)
[Stage1] Epoch 3463 - Val R²: 0.7193 | Reg Val Loss: 0.2753
[Stage1] No improv. Best so far: 0.2753 (epoch 3457)
[Stage1] Epoch 3464 - Val R²: 0.7193 | Reg Val Loss: 0.2753
[Stage1] No improv. Best so far: 0.2753 (epoch 3457)
[Stage1] Epoch 3465 - Val R²: 0.7194 | Reg Val Loss: 0.2752
[Stage1] New best (epoch 3465) Val Loss: 0.2752 — saved: checkpoints\nnknn_regression_best_califonia_housing_softmax_fold_1_retr.pth
[Stage1] Epoch 3466 - Val R²: 0.7193 | Reg Val Loss: 0.2753
[Stage1] No improv. Best so far: 0.2752 (epoch 3465)
[Stage1] Epoch 3467 - Val R²: 0.7194 | Reg Val Loss: 0.2753
[Stage1] No improv. Best so far: 0.2752 (epoch 3465)
[Stage1] Epoch 3468 - Val R²: 0.7193 | Reg Val Loss: 0.2753
[Stage1] No improv. Best so far: 0.2752 (epoch 3465)
[Stage1] Epoch 3469 - Val R²: 0.7193 | Reg Val Loss: 0.2753
[Stage1] No improv. Best so far: 0.2752 (epoch 3465)
[Stage1] Epoch 3470 - Val R²: 0.7193 | Reg Val Loss: 0.2753
[Stage1] No improv. Best so far: 0.2752 (epoch 3465)
[Stage1] Epoch 3471 - Val R²: 0.7193 | Reg Val Loss: 0.2753
[Stage1] No improv. Best so far: 0.2752 (epoch 3465)
[Stage1] Epoch 3472 - Val R²: 0.7194 | Reg Val Loss: 0.2753
[Stage1] No improv. Best so far: 0.2752 (epoch 3465)
[Stage1] Epoch 3473 - Val R²: 0.7193 | Reg Val Loss: 0.2753
[Stage1] No improv. Best so far: 0.2752 (epoch 3465)
[Stage1] Epoch 3474 - Val R²: 0.7194 | Reg Val Loss: 0.2752
[Stage1] No improv. Best so far: 0.2752 (epoch 3465)
[Stage1] Epoch 3475 - Val R²: 0.7194 | Reg Val Loss: 0.2752
[Stage1] New best (epoch 3475) Val Loss: 0.2752 — saved: checkpoints\nnknn_regression_best_califonia_housing_softmax_fold_1_retr.pth
[Stage1] Epoch 3476 - Val R²: 0.7194 | Reg Val Loss: 0.2752
[Stage1] No improv. Best so far: 0.2752 (epoch 3475)
[Stage1] Epoch 3477 - Val R²: 0.7194 | Reg Val Loss: 0.2752
[Stage1] No improv. Best so far: 0.2752 (epoch 3475)
[Stage1] Epoch 3478 - Val R²: 0.7194 | Reg Val Loss: 0.2752
[Stage1] No improv. Best so far: 0.2752 (epoch 3475)
[Stage1] Epoch 3479 - Val R²: 0.7194 | Reg Val Loss: 0.2752
[Stage1] No improv. Best so far: 0.2752 (epoch 3475)
[Stage1] Epoch 3480 - Val R²: 0.7194 | Reg Val Loss: 0.2752
[Stage1] No improv. Best so far: 0.2752 (epoch 3475)
[Stage1] Epoch 3481 - Val R²: 0.7194 | Reg Val Loss: 0.2752
[Stage1] No improv. Best so far: 0.2752 (epoch 3475)
[Stage1] Epoch 3482 - Val R²: 0.7193 | Reg Val Loss: 0.2753
[Stage1] No improv. Best so far: 0.2752 (epoch 3475)
[Stage1] Epoch 3483 - Val R²: 0.7194 | Reg Val Loss: 0.2752
[Stage1] No improv. Best so far: 0.2752 (epoch 3475)
[Stage1] Epoch 3484 - Val R²: 0.7194 | Reg Val Loss: 0.2752
[Stage1] No improv. Best so far: 0.2752 (epoch 3475)
[Stage1] Epoch 3485 - Val R²: 0.7194 | Reg Val Loss: 0.2752
[Stage1] No improv. Best so far: 0.2752 (epoch 3475)
[Stage1] Epoch 3486 - Val R²: 0.7194 | Reg Val Loss: 0.2752
[Stage1] No improv. Best so far: 0.2752 (epoch 3475)
[Stage1] Epoch 3487 - Val R²: 0.7194 | Reg Val Loss: 0.2752
[Stage1] No improv. Best so far: 0.2752 (epoch 3475)
[Stage1] Epoch 3488 - Val R²: 0.7195 | Reg Val Loss: 0.2752
[Stage1] New best (epoch 3488) Val Loss: 0.2752 — saved: checkpoints\nnknn_regression_best_califonia_housing_softmax_fold_1_retr.pth
[Stage1] Epoch 3489 - Val R²: 0.7195 | Reg Val Loss: 0.2751
[Stage1] New best (epoch 3489) Val Loss: 0.2751 — saved: checkpoints\nnknn_regression_best_califonia_housing_softmax_fold_1_retr.pth
[Stage1] Epoch 3490 - Val R²: 0.7195 | Reg Val Loss: 0.2752
[Stage1] No improv. Best so far: 0.2751 (epoch 3489)
[Stage1] Epoch 3491 - Val R²: 0.7195 | Reg Val Loss: 0.2752
[Stage1] No improv. Best so far: 0.2751 (epoch 3489)
[Stage1] Epoch 3492 - Val R²: 0.7195 | Reg Val Loss: 0.2751
[Stage1] New best (epoch 3492) Val Loss: 0.2751 — saved: checkpoints\nnknn_regression_best_califonia_housing_softmax_fold_1_retr.pth
[Stage1] Epoch 3493 - Val R²: 0.7195 | Reg Val Loss: 0.2751
[Stage1] No improv. Best so far: 0.2751 (epoch 3492)
[Stage1] Epoch 3494 - Val R²: 0.7195 | Reg Val Loss: 0.2751
[Stage1] New best (epoch 3494) Val Loss: 0.2751 — saved: checkpoints\nnknn_regression_best_califonia_housing_softmax_fold_1_retr.pth
[Stage1] Epoch 3495 - Val R²: 0.7194 | Reg Val Loss: 0.2752
[Stage1] No improv. Best so far: 0.2751 (epoch 3494)
[Stage1] Epoch 3496 - Val R²: 0.7195 | Reg Val Loss: 0.2752
[Stage1] No improv. Best so far: 0.2751 (epoch 3494)
[Stage1] Epoch 3497 - Val R²: 0.7195 | Reg Val Loss: 0.2751
[Stage1] No improv. Best so far: 0.2751 (epoch 3494)
[Stage1] Epoch 3498 - Val R²: 0.7195 | Reg Val Loss: 0.2751
[Stage1] No improv. Best so far: 0.2751 (epoch 3494)
[Stage1] Epoch 3499 - Val R²: 0.7195 | Reg Val Loss: 0.2751
[Stage1] New best (epoch 3499) Val Loss: 0.2751 — saved: checkpoints\nnknn_regression_best_califonia_housing_softmax_fold_1_retr.pth
[Stage1] Epoch 3500 - Val R²: 0.7195 | Reg Val Loss: 0.2752
[Stage1] No improv. Best so far: 0.2751 (epoch 3499)
[Stage1] Epoch 3501 - Val R²: 0.7194 | Reg Val Loss: 0.2752
[Stage1] No improv. Best so far: 0.2751 (epoch 3499)
[Stage1] Epoch 3502 - Val R²: 0.7194 | Reg Val Loss: 0.2752
[Stage1] No improv. Best so far: 0.2751 (epoch 3499)
[Stage1] Epoch 3503 - Val R²: 0.7195 | Reg Val Loss: 0.2751
[Stage1] No improv. Best so far: 0.2751 (epoch 3499)
[Stage1] Epoch 3504 - Val R²: 0.7195 | Reg Val Loss: 0.2751
[Stage1] No improv. Best so far: 0.2751 (epoch 3499)
[Stage1] Epoch 3505 - Val R²: 0.7195 | Reg Val Loss: 0.2751
[Stage1] No improv. Best so far: 0.2751 (epoch 3499)
[Stage1] Epoch 3506 - Val R²: 0.7195 | Reg Val Loss: 0.2751
[Stage1] No improv. Best so far: 0.2751 (epoch 3499)
[Stage1] Epoch 3507 - Val R²: 0.7195 | Reg Val Loss: 0.2751
[Stage1] New best (epoch 3507) Val Loss: 0.2751 — saved: checkpoints\nnknn_regression_best_califonia_housing_softmax_fold_1_retr.pth
[Stage1] Epoch 3508 - Val R²: 0.7195 | Reg Val Loss: 0.2751
[Stage1] New best (epoch 3508) Val Loss: 0.2751 — saved: checkpoints\nnknn_regression_best_califonia_housing_softmax_fold_1_retr.pth
[Stage1] Epoch 3509 - Val R²: 0.7195 | Reg Val Loss: 0.2751
[Stage1] No improv. Best so far: 0.2751 (epoch 3508)
[Stage1] Epoch 3510 - Val R²: 0.7195 | Reg Val Loss: 0.2751
[Stage1] No improv. Best so far: 0.2751 (epoch 3508)
[Stage1] Epoch 3511 - Val R²: 0.7195 | Reg Val Loss: 0.2751
[Stage1] No improv. Best so far: 0.2751 (epoch 3508)
[Stage1] Epoch 3512 - Val R²: 0.7195 | Reg Val Loss: 0.2751
[Stage1] No improv. Best so far: 0.2751 (epoch 3508)
[Stage1] Epoch 3513 - Val R²: 0.7195 | Reg Val Loss: 0.2751
[Stage1] No improv. Best so far: 0.2751 (epoch 3508)
[Stage1] Epoch 3514 - Val R²: 0.7194 | Reg Val Loss: 0.2752
[Stage1] No improv. Best so far: 0.2751 (epoch 3508)
[Stage1] Epoch 3515 - Val R²: 0.7195 | Reg Val Loss: 0.2751
[Stage1] No improv. Best so far: 0.2751 (epoch 3508)
[Stage1] Epoch 3516 - Val R²: 0.7195 | Reg Val Loss: 0.2751
[Stage1] No improv. Best so far: 0.2751 (epoch 3508)
[Stage1] Epoch 3517 - Val R²: 0.7195 | Reg Val Loss: 0.2751
[Stage1] No improv. Best so far: 0.2751 (epoch 3508)
[Stage1] Epoch 3518 - Val R²: 0.7196 | Reg Val Loss: 0.2750
[Stage1] New best (epoch 3518) Val Loss: 0.2750 — saved: checkpoints\nnknn_regression_best_califonia_housing_softmax_fold_1_retr.pth
[Stage1] Epoch 3519 - Val R²: 0.7196 | Reg Val Loss: 0.2750
[Stage1] New best (epoch 3519) Val Loss: 0.2750 — saved: checkpoints\nnknn_regression_best_califonia_housing_softmax_fold_1_retr.pth
[Stage1] Epoch 3520 - Val R²: 0.7196 | Reg Val Loss: 0.2750
[Stage1] No improv. Best so far: 0.2750 (epoch 3519)
[Stage1] Epoch 3521 - Val R²: 0.7195 | Reg Val Loss: 0.2751
[Stage1] No improv. Best so far: 0.2750 (epoch 3519)
[Stage1] Epoch 3522 - Val R²: 0.7195 | Reg Val Loss: 0.2751
[Stage1] No improv. Best so far: 0.2750 (epoch 3519)
[Stage1] Epoch 3523 - Val R²: 0.7196 | Reg Val Loss: 0.2751
[Stage1] No improv. Best so far: 0.2750 (epoch 3519)
[Stage1] Epoch 3524 - Val R²: 0.7195 | Reg Val Loss: 0.2751
[Stage1] No improv. Best so far: 0.2750 (epoch 3519)
[Stage1] Epoch 3525 - Val R²: 0.7195 | Reg Val Loss: 0.2751
[Stage1] No improv. Best so far: 0.2750 (epoch 3519)
[Stage1] Epoch 3526 - Val R²: 0.7196 | Reg Val Loss: 0.2751
[Stage1] No improv. Best so far: 0.2750 (epoch 3519)
[Stage1] Epoch 3527 - Val R²: 0.7195 | Reg Val Loss: 0.2751
[Stage1] No improv. Best so far: 0.2750 (epoch 3519)
[Stage1] Epoch 3528 - Val R²: 0.7196 | Reg Val Loss: 0.2750
[Stage1] New best (epoch 3528) Val Loss: 0.2750 — saved: checkpoints\nnknn_regression_best_califonia_housing_softmax_fold_1_retr.pth
[Stage1] Epoch 3529 - Val R²: 0.7197 | Reg Val Loss: 0.2750
[Stage1] New best (epoch 3529) Val Loss: 0.2750 — saved: checkpoints\nnknn_regression_best_califonia_housing_softmax_fold_1_retr.pth
[Stage1] Epoch 3530 - Val R²: 0.7196 | Reg Val Loss: 0.2750
[Stage1] No improv. Best so far: 0.2750 (epoch 3529)
[Stage1] Epoch 3531 - Val R²: 0.7196 | Reg Val Loss: 0.2750
[Stage1] No improv. Best so far: 0.2750 (epoch 3529)
[Stage1] Epoch 3532 - Val R²: 0.7196 | Reg Val Loss: 0.2750
[Stage1] No improv. Best so far: 0.2750 (epoch 3529)
[Stage1] Epoch 3533 - Val R²: 0.7196 | Reg Val Loss: 0.2750
[Stage1] No improv. Best so far: 0.2750 (epoch 3529)
[Stage1] Epoch 3534 - Val R²: 0.7195 | Reg Val Loss: 0.2751
[Stage1] No improv. Best so far: 0.2750 (epoch 3529)
[Stage1] Epoch 3535 - Val R²: 0.7195 | Reg Val Loss: 0.2751
[Stage1] No improv. Best so far: 0.2750 (epoch 3529)
[Stage1] Epoch 3536 - Val R²: 0.7195 | Reg Val Loss: 0.2751
[Stage1] No improv. Best so far: 0.2750 (epoch 3529)
[Stage1] Epoch 3537 - Val R²: 0.7196 | Reg Val Loss: 0.2751
[Stage1] No improv. Best so far: 0.2750 (epoch 3529)
[Stage1] Epoch 3538 - Val R²: 0.7196 | Reg Val Loss: 0.2751
[Stage1] No improv. Best so far: 0.2750 (epoch 3529)
[Stage1] Epoch 3539 - Val R²: 0.7196 | Reg Val Loss: 0.2750
[Stage1] No improv. Best so far: 0.2750 (epoch 3529)
[Stage1] Epoch 3540 - Val R²: 0.7196 | Reg Val Loss: 0.2750
[Stage1] No improv. Best so far: 0.2750 (epoch 3529)
[Stage1] Epoch 3541 - Val R²: 0.7196 | Reg Val Loss: 0.2750
[Stage1] No improv. Best so far: 0.2750 (epoch 3529)
[Stage1] Epoch 3542 - Val R²: 0.7196 | Reg Val Loss: 0.2750
[Stage1] No improv. Best so far: 0.2750 (epoch 3529)
[Stage1] Epoch 3543 - Val R²: 0.7196 | Reg Val Loss: 0.2750
[Stage1] No improv. Best so far: 0.2750 (epoch 3529)
[Stage1] Epoch 3544 - Val R²: 0.7196 | Reg Val Loss: 0.2750
[Stage1] No improv. Best so far: 0.2750 (epoch 3529)
[Stage1] Epoch 3545 - Val R²: 0.7196 | Reg Val Loss: 0.2750
[Stage1] No improv. Best so far: 0.2750 (epoch 3529)
[Stage1] Epoch 3546 - Val R²: 0.7196 | Reg Val Loss: 0.2750
[Stage1] No improv. Best so far: 0.2750 (epoch 3529)
[Stage1] Epoch 3547 - Val R²: 0.7196 | Reg Val Loss: 0.2750
[Stage1] No improv. Best so far: 0.2750 (epoch 3529)
[Stage1] Epoch 3548 - Val R²: 0.7196 | Reg Val Loss: 0.2750
[Stage1] No improv. Best so far: 0.2750 (epoch 3529)
[Stage1] Epoch 3549 - Val R²: 0.7196 | Reg Val Loss: 0.2750
[Stage1] No improv. Best so far: 0.2750 (epoch 3529)
[Stage1] Epoch 3550 - Val R²: 0.7196 | Reg Val Loss: 0.2750
[Stage1] No improv. Best so far: 0.2750 (epoch 3529)
[Stage1] Epoch 3551 - Val R²: 0.7196 | Reg Val Loss: 0.2750
[Stage1] No improv. Best so far: 0.2750 (epoch 3529)
[Stage1] Epoch 3552 - Val R²: 0.7197 | Reg Val Loss: 0.2749
[Stage1] New best (epoch 3552) Val Loss: 0.2749 — saved: checkpoints\nnknn_regression_best_califonia_housing_softmax_fold_1_retr.pth
[Stage1] Epoch 3553 - Val R²: 0.7197 | Reg Val Loss: 0.2750
[Stage1] No improv. Best so far: 0.2749 (epoch 3552)
[Stage1] Epoch 3554 - Val R²: 0.7196 | Reg Val Loss: 0.2750
[Stage1] No improv. Best so far: 0.2749 (epoch 3552)
[Stage1] Epoch 3555 - Val R²: 0.7196 | Reg Val Loss: 0.2750
[Stage1] No improv. Best so far: 0.2749 (epoch 3552)
[Stage1] Epoch 3556 - Val R²: 0.7197 | Reg Val Loss: 0.2749
[Stage1] New best (epoch 3556) Val Loss: 0.2749 — saved: checkpoints\nnknn_regression_best_califonia_housing_softmax_fold_1_retr.pth
[Stage1] Epoch 3557 - Val R²: 0.7197 | Reg Val Loss: 0.2749
[Stage1] No improv. Best so far: 0.2749 (epoch 3556)
[Stage1] Epoch 3558 - Val R²: 0.7197 | Reg Val Loss: 0.2750
[Stage1] No improv. Best so far: 0.2749 (epoch 3556)
[Stage1] Epoch 3559 - Val R²: 0.7196 | Reg Val Loss: 0.2750
[Stage1] No improv. Best so far: 0.2749 (epoch 3556)
[Stage1] Epoch 3560 - Val R²: 0.7196 | Reg Val Loss: 0.2750
[Stage1] No improv. Best so far: 0.2749 (epoch 3556)
[Stage1] Epoch 3561 - Val R²: 0.7197 | Reg Val Loss: 0.2750
[Stage1] No improv. Best so far: 0.2749 (epoch 3556)
[Stage1] Epoch 3562 - Val R²: 0.7196 | Reg Val Loss: 0.2750
[Stage1] No improv. Best so far: 0.2749 (epoch 3556)
[Stage1] Epoch 3563 - Val R²: 0.7197 | Reg Val Loss: 0.2750
[Stage1] No improv. Best so far: 0.2749 (epoch 3556)
[Stage1] Epoch 3564 - Val R²: 0.7196 | Reg Val Loss: 0.2750
[Stage1] No improv. Best so far: 0.2749 (epoch 3556)
[Stage1] Epoch 3565 - Val R²: 0.7197 | Reg Val Loss: 0.2750
[Stage1] No improv. Best so far: 0.2749 (epoch 3556)
[Stage1] Epoch 3566 - Val R²: 0.7197 | Reg Val Loss: 0.2749
[Stage1] New best (epoch 3566) Val Loss: 0.2749 — saved: checkpoints\nnknn_regression_best_califonia_housing_softmax_fold_1_retr.pth
[Stage1] Epoch 3567 - Val R²: 0.7197 | Reg Val Loss: 0.2749
[Stage1] No improv. Best so far: 0.2749 (epoch 3566)
[Stage1] Epoch 3568 - Val R²: 0.7197 | Reg Val Loss: 0.2749
[Stage1] No improv. Best so far: 0.2749 (epoch 3566)
[Stage1] Epoch 3569 - Val R²: 0.7197 | Reg Val Loss: 0.2749
[Stage1] No improv. Best so far: 0.2749 (epoch 3566)
[Stage1] Epoch 3570 - Val R²: 0.7197 | Reg Val Loss: 0.2749
[Stage1] No improv. Best so far: 0.2749 (epoch 3566)
[Stage1] Epoch 3571 - Val R²: 0.7197 | Reg Val Loss: 0.2749
[Stage1] No improv. Best so far: 0.2749 (epoch 3566)
[Stage1] Epoch 3572 - Val R²: 0.7197 | Reg Val Loss: 0.2749
[Stage1] New best (epoch 3572) Val Loss: 0.2749 — saved: checkpoints\nnknn_regression_best_califonia_housing_softmax_fold_1_retr.pth
[Stage1] Epoch 3573 - Val R²: 0.7197 | Reg Val Loss: 0.2749
[Stage1] No improv. Best so far: 0.2749 (epoch 3572)
[Stage1] Epoch 3574 - Val R²: 0.7197 | Reg Val Loss: 0.2749
[Stage1] No improv. Best so far: 0.2749 (epoch 3572)
[Stage1] Epoch 3575 - Val R²: 0.7198 | Reg Val Loss: 0.2749
[Stage1] New best (epoch 3575) Val Loss: 0.2749 — saved: checkpoints\nnknn_regression_best_califonia_housing_softmax_fold_1_retr.pth
[Stage1] Epoch 3576 - Val R²: 0.7197 | Reg Val Loss: 0.2749
[Stage1] No improv. Best so far: 0.2749 (epoch 3575)
[Stage1] Epoch 3577 - Val R²: 0.7197 | Reg Val Loss: 0.2749
[Stage1] No improv. Best so far: 0.2749 (epoch 3575)
[Stage1] Epoch 3578 - Val R²: 0.7198 | Reg Val Loss: 0.2749
[Stage1] No improv. Best so far: 0.2749 (epoch 3575)
[Stage1] Epoch 3579 - Val R²: 0.7197 | Reg Val Loss: 0.2749
[Stage1] No improv. Best so far: 0.2749 (epoch 3575)
[Stage1] Epoch 3580 - Val R²: 0.7197 | Reg Val Loss: 0.2749
[Stage1] No improv. Best so far: 0.2749 (epoch 3575)
[Stage1] Epoch 3581 - Val R²: 0.7197 | Reg Val Loss: 0.2749
[Stage1] No improv. Best so far: 0.2749 (epoch 3575)
[Stage1] Epoch 3582 - Val R²: 0.7197 | Reg Val Loss: 0.2749
[Stage1] No improv. Best so far: 0.2749 (epoch 3575)
[Stage1] Epoch 3583 - Val R²: 0.7198 | Reg Val Loss: 0.2748
[Stage1] New best (epoch 3583) Val Loss: 0.2748 — saved: checkpoints\nnknn_regression_best_califonia_housing_softmax_fold_1_retr.pth
[Stage1] Epoch 3584 - Val R²: 0.7197 | Reg Val Loss: 0.2749
[Stage1] No improv. Best so far: 0.2748 (epoch 3583)
[Stage1] Epoch 3585 - Val R²: 0.7198 | Reg Val Loss: 0.2749
[Stage1] No improv. Best so far: 0.2748 (epoch 3583)
[Stage1] Epoch 3586 - Val R²: 0.7198 | Reg Val Loss: 0.2749
[Stage1] No improv. Best so far: 0.2748 (epoch 3583)
[Stage1] Epoch 3587 - Val R²: 0.7197 | Reg Val Loss: 0.2749
[Stage1] No improv. Best so far: 0.2748 (epoch 3583)
[Stage1] Epoch 3588 - Val R²: 0.7197 | Reg Val Loss: 0.2749
[Stage1] No improv. Best so far: 0.2748 (epoch 3583)
[Stage1] Epoch 3589 - Val R²: 0.7198 | Reg Val Loss: 0.2748
[Stage1] New best (epoch 3589) Val Loss: 0.2748 — saved: checkpoints\nnknn_regression_best_califonia_housing_softmax_fold_1_retr.pth
[Stage1] Epoch 3590 - Val R²: 0.7197 | Reg Val Loss: 0.2749
[Stage1] No improv. Best so far: 0.2748 (epoch 3589)
[Stage1] Epoch 3591 - Val R²: 0.7198 | Reg Val Loss: 0.2748
[Stage1] No improv. Best so far: 0.2748 (epoch 3589)
[Stage1] Epoch 3592 - Val R²: 0.7198 | Reg Val Loss: 0.2749
[Stage1] No improv. Best so far: 0.2748 (epoch 3589)
[Stage1] Epoch 3593 - Val R²: 0.7198 | Reg Val Loss: 0.2749
[Stage1] No improv. Best so far: 0.2748 (epoch 3589)
[Stage1] Epoch 3594 - Val R²: 0.7197 | Reg Val Loss: 0.2749
[Stage1] No improv. Best so far: 0.2748 (epoch 3589)
[Stage1] Epoch 3595 - Val R²: 0.7197 | Reg Val Loss: 0.2749
[Stage1] No improv. Best so far: 0.2748 (epoch 3589)
[Stage1] Epoch 3596 - Val R²: 0.7198 | Reg Val Loss: 0.2748
[Stage1] New best (epoch 3596) Val Loss: 0.2748 — saved: checkpoints\nnknn_regression_best_califonia_housing_softmax_fold_1_retr.pth
[Stage1] Epoch 3597 - Val R²: 0.7199 | Reg Val Loss: 0.2748
[Stage1] New best (epoch 3597) Val Loss: 0.2748 — saved: checkpoints\nnknn_regression_best_califonia_housing_softmax_fold_1_retr.pth
[Stage1] Epoch 3598 - Val R²: 0.7198 | Reg Val Loss: 0.2748
[Stage1] No improv. Best so far: 0.2748 (epoch 3597)
[Stage1] Epoch 3599 - Val R²: 0.7198 | Reg Val Loss: 0.2748
[Stage1] No improv. Best so far: 0.2748 (epoch 3597)
[Stage1] Epoch 3600 - Val R²: 0.7198 | Reg Val Loss: 0.2748
[Stage1] No improv. Best so far: 0.2748 (epoch 3597)
[Stage1] Epoch 3601 - Val R²: 0.7198 | Reg Val Loss: 0.2748
[Stage1] No improv. Best so far: 0.2748 (epoch 3597)
[Stage1] Epoch 3602 - Val R²: 0.7198 | Reg Val Loss: 0.2749
[Stage1] No improv. Best so far: 0.2748 (epoch 3597)
[Stage1] Epoch 3603 - Val R²: 0.7198 | Reg Val Loss: 0.2748
[Stage1] No improv. Best so far: 0.2748 (epoch 3597)
[Stage1] Epoch 3604 - Val R²: 0.7198 | Reg Val Loss: 0.2748
[Stage1] No improv. Best so far: 0.2748 (epoch 3597)
[Stage1] Epoch 3605 - Val R²: 0.7198 | Reg Val Loss: 0.2749
[Stage1] No improv. Best so far: 0.2748 (epoch 3597)
[Stage1] Epoch 3606 - Val R²: 0.7198 | Reg Val Loss: 0.2748
[Stage1] No improv. Best so far: 0.2748 (epoch 3597)
[Stage1] Epoch 3607 - Val R²: 0.7198 | Reg Val Loss: 0.2748
[Stage1] No improv. Best so far: 0.2748 (epoch 3597)
[Stage1] Epoch 3608 - Val R²: 0.7198 | Reg Val Loss: 0.2749
[Stage1] No improv. Best so far: 0.2748 (epoch 3597)
[Stage1] Epoch 3609 - Val R²: 0.7198 | Reg Val Loss: 0.2748
[Stage1] No improv. Best so far: 0.2748 (epoch 3597)
[Stage1] Epoch 3610 - Val R²: 0.7198 | Reg Val Loss: 0.2748
[Stage1] No improv. Best so far: 0.2748 (epoch 3597)
[Stage1] Epoch 3611 - Val R²: 0.7198 | Reg Val Loss: 0.2748
[Stage1] No improv. Best so far: 0.2748 (epoch 3597)
[Stage1] Epoch 3612 - Val R²: 0.7199 | Reg Val Loss: 0.2747
[Stage1] New best (epoch 3612) Val Loss: 0.2747 — saved: checkpoints\nnknn_regression_best_califonia_housing_softmax_fold_1_retr.pth
[Stage1] Epoch 3613 - Val R²: 0.7198 | Reg Val Loss: 0.2748
[Stage1] No improv. Best so far: 0.2747 (epoch 3612)
[Stage1] Epoch 3614 - Val R²: 0.7199 | Reg Val Loss: 0.2747
[Stage1] New best (epoch 3614) Val Loss: 0.2747 — saved: checkpoints\nnknn_regression_best_califonia_housing_softmax_fold_1_retr.pth
[Stage1] Epoch 3615 - Val R²: 0.7199 | Reg Val Loss: 0.2748
[Stage1] No improv. Best so far: 0.2747 (epoch 3614)
[Stage1] Epoch 3616 - Val R²: 0.7198 | Reg Val Loss: 0.2748
[Stage1] No improv. Best so far: 0.2747 (epoch 3614)
[Stage1] Epoch 3617 - Val R²: 0.7198 | Reg Val Loss: 0.2748
[Stage1] No improv. Best so far: 0.2747 (epoch 3614)
[Stage1] Epoch 3618 - Val R²: 0.7198 | Reg Val Loss: 0.2748
[Stage1] No improv. Best so far: 0.2747 (epoch 3614)
[Stage1] Epoch 3619 - Val R²: 0.7198 | Reg Val Loss: 0.2748
[Stage1] No improv. Best so far: 0.2747 (epoch 3614)
[Stage1] Epoch 3620 - Val R²: 0.7199 | Reg Val Loss: 0.2747
[Stage1] No improv. Best so far: 0.2747 (epoch 3614)
[Stage1] Epoch 3621 - Val R²: 0.7198 | Reg Val Loss: 0.2748
[Stage1] No improv. Best so far: 0.2747 (epoch 3614)
[Stage1] Epoch 3622 - Val R²: 0.7199 | Reg Val Loss: 0.2748
[Stage1] No improv. Best so far: 0.2747 (epoch 3614)
[Stage1] Epoch 3623 - Val R²: 0.7198 | Reg Val Loss: 0.2748
[Stage1] No improv. Best so far: 0.2747 (epoch 3614)
[Stage1] Epoch 3624 - Val R²: 0.7199 | Reg Val Loss: 0.2748
[Stage1] No improv. Best so far: 0.2747 (epoch 3614)
[Stage1] Epoch 3625 - Val R²: 0.7198 | Reg Val Loss: 0.2748
[Stage1] No improv. Best so far: 0.2747 (epoch 3614)
[Stage1] Epoch 3626 - Val R²: 0.7198 | Reg Val Loss: 0.2748
[Stage1] No improv. Best so far: 0.2747 (epoch 3614)
[Stage1] Epoch 3627 - Val R²: 0.7198 | Reg Val Loss: 0.2748
[Stage1] No improv. Best so far: 0.2747 (epoch 3614)
[Stage1] Epoch 3628 - Val R²: 0.7199 | Reg Val Loss: 0.2748
[Stage1] No improv. Best so far: 0.2747 (epoch 3614)
[Stage1] Epoch 3629 - Val R²: 0.7198 | Reg Val Loss: 0.2748
[Stage1] No improv. Best so far: 0.2747 (epoch 3614)
[Stage1] Epoch 3630 - Val R²: 0.7199 | Reg Val Loss: 0.2748
[Stage1] No improv. Best so far: 0.2747 (epoch 3614)
[Stage1] Epoch 3631 - Val R²: 0.7199 | Reg Val Loss: 0.2748
[Stage1] No improv. Best so far: 0.2747 (epoch 3614)
[Stage1] Epoch 3632 - Val R²: 0.7198 | Reg Val Loss: 0.2748
[Stage1] No improv. Best so far: 0.2747 (epoch 3614)
[Stage1] Epoch 3633 - Val R²: 0.7198 | Reg Val Loss: 0.2748
[Stage1] No improv. Best so far: 0.2747 (epoch 3614)
[Stage1] Epoch 3634 - Val R²: 0.7199 | Reg Val Loss: 0.2748
[Stage1] No improv. Best so far: 0.2747 (epoch 3614)
[Stage1] Epoch 3635 - Val R²: 0.7199 | Reg Val Loss: 0.2747
[Stage1] No improv. Best so far: 0.2747 (epoch 3614)
[Stage1] Epoch 3636 - Val R²: 0.7199 | Reg Val Loss: 0.2747
[Stage1] No improv. Best so far: 0.2747 (epoch 3614)
[Stage1] Epoch 3637 - Val R²: 0.7199 | Reg Val Loss: 0.2747
[Stage1] No improv. Best so far: 0.2747 (epoch 3614)
[Stage1] Epoch 3638 - Val R²: 0.7199 | Reg Val Loss: 0.2747
[Stage1] New best (epoch 3638) Val Loss: 0.2747 — saved: checkpoints\nnknn_regression_best_califonia_housing_softmax_fold_1_retr.pth
[Stage1] Epoch 3639 - Val R²: 0.7198 | Reg Val Loss: 0.2748
[Stage1] No improv. Best so far: 0.2747 (epoch 3638)
[Stage1] Epoch 3640 - Val R²: 0.7199 | Reg Val Loss: 0.2748
[Stage1] No improv. Best so far: 0.2747 (epoch 3638)
[Stage1] Epoch 3641 - Val R²: 0.7199 | Reg Val Loss: 0.2747
[Stage1] No improv. Best so far: 0.2747 (epoch 3638)
[Stage1] Epoch 3642 - Val R²: 0.7200 | Reg Val Loss: 0.2747
[Stage1] New best (epoch 3642) Val Loss: 0.2747 — saved: checkpoints\nnknn_regression_best_califonia_housing_softmax_fold_1_retr.pth
[Stage1] Epoch 3643 - Val R²: 0.7199 | Reg Val Loss: 0.2747
[Stage1] No improv. Best so far: 0.2747 (epoch 3642)
[Stage1] Epoch 3644 - Val R²: 0.7199 | Reg Val Loss: 0.2747
[Stage1] No improv. Best so far: 0.2747 (epoch 3642)
[Stage1] Epoch 3645 - Val R²: 0.7199 | Reg Val Loss: 0.2747
[Stage1] No improv. Best so far: 0.2747 (epoch 3642)
[Stage1] Epoch 3646 - Val R²: 0.7199 | Reg Val Loss: 0.2747
[Stage1] No improv. Best so far: 0.2747 (epoch 3642)
[Stage1] Epoch 3647 - Val R²: 0.7199 | Reg Val Loss: 0.2747
[Stage1] No improv. Best so far: 0.2747 (epoch 3642)
[Stage1] Epoch 3648 - Val R²: 0.7198 | Reg Val Loss: 0.2748
[Stage1] No improv. Best so far: 0.2747 (epoch 3642)
[Stage1] Epoch 3649 - Val R²: 0.7199 | Reg Val Loss: 0.2747
[Stage1] No improv. Best so far: 0.2747 (epoch 3642)
[Stage1] Epoch 3650 - Val R²: 0.7199 | Reg Val Loss: 0.2747
[Stage1] No improv. Best so far: 0.2747 (epoch 3642)
[Stage1] Epoch 3651 - Val R²: 0.7199 | Reg Val Loss: 0.2747
[Stage1] No improv. Best so far: 0.2747 (epoch 3642)
[Stage1] Epoch 3652 - Val R²: 0.7199 | Reg Val Loss: 0.2747
[Stage1] No improv. Best so far: 0.2747 (epoch 3642)
[Stage1] Epoch 3653 - Val R²: 0.7199 | Reg Val Loss: 0.2747
[Stage1] No improv. Best so far: 0.2747 (epoch 3642)
[Stage1] Epoch 3654 - Val R²: 0.7199 | Reg Val Loss: 0.2747
[Stage1] No improv. Best so far: 0.2747 (epoch 3642)
[Stage1] Epoch 3655 - Val R²: 0.7199 | Reg Val Loss: 0.2747
[Stage1] No improv. Best so far: 0.2747 (epoch 3642)
[Stage1] Epoch 3656 - Val R²: 0.7199 | Reg Val Loss: 0.2747
[Stage1] No improv. Best so far: 0.2747 (epoch 3642)
[Stage1] Epoch 3657 - Val R²: 0.7200 | Reg Val Loss: 0.2747
[Stage1] No improv. Best so far: 0.2747 (epoch 3642)
[Stage1] Epoch 3658 - Val R²: 0.7199 | Reg Val Loss: 0.2747
[Stage1] No improv. Best so far: 0.2747 (epoch 3642)
[Stage1] Epoch 3659 - Val R²: 0.7200 | Reg Val Loss: 0.2747
[Stage1] New best (epoch 3659) Val Loss: 0.2747 — saved: checkpoints\nnknn_regression_best_califonia_housing_softmax_fold_1_retr.pth
[Stage1] Epoch 3660 - Val R²: 0.7200 | Reg Val Loss: 0.2747
[Stage1] No improv. Best so far: 0.2747 (epoch 3659)
[Stage1] Epoch 3661 - Val R²: 0.7200 | Reg Val Loss: 0.2747
[Stage1] New best (epoch 3661) Val Loss: 0.2747 — saved: checkpoints\nnknn_regression_best_califonia_housing_softmax_fold_1_retr.pth
[Stage1] Epoch 3662 - Val R²: 0.7199 | Reg Val Loss: 0.2747
[Stage1] No improv. Best so far: 0.2747 (epoch 3661)
[Stage1] Epoch 3663 - Val R²: 0.7199 | Reg Val Loss: 0.2747
[Stage1] No improv. Best so far: 0.2747 (epoch 3661)
[Stage1] Epoch 3664 - Val R²: 0.7199 | Reg Val Loss: 0.2747
[Stage1] No improv. Best so far: 0.2747 (epoch 3661)
[Stage1] Epoch 3665 - Val R²: 0.7199 | Reg Val Loss: 0.2747
[Stage1] No improv. Best so far: 0.2747 (epoch 3661)
[Stage1] Epoch 3666 - Val R²: 0.7199 | Reg Val Loss: 0.2747
[Stage1] No improv. Best so far: 0.2747 (epoch 3661)
[Stage1] Epoch 3667 - Val R²: 0.7200 | Reg Val Loss: 0.2746
[Stage1] New best (epoch 3667) Val Loss: 0.2746 — saved: checkpoints\nnknn_regression_best_califonia_housing_softmax_fold_1_retr.pth
[Stage1] Epoch 3668 - Val R²: 0.7200 | Reg Val Loss: 0.2746
[Stage1] No improv. Best so far: 0.2746 (epoch 3667)
[Stage1] Epoch 3669 - Val R²: 0.7199 | Reg Val Loss: 0.2747
[Stage1] No improv. Best so far: 0.2746 (epoch 3667)
[Stage1] Epoch 3670 - Val R²: 0.7200 | Reg Val Loss: 0.2746
[Stage1] No improv. Best so far: 0.2746 (epoch 3667)
[Stage1] Epoch 3671 - Val R²: 0.7200 | Reg Val Loss: 0.2746
[Stage1] New best (epoch 3671) Val Loss: 0.2746 — saved: checkpoints\nnknn_regression_best_califonia_housing_softmax_fold_1_retr.pth
[Stage1] Epoch 3672 - Val R²: 0.7201 | Reg Val Loss: 0.2746
[Stage1] New best (epoch 3672) Val Loss: 0.2746 — saved: checkpoints\nnknn_regression_best_califonia_housing_softmax_fold_1_retr.pth
[Stage1] Epoch 3673 - Val R²: 0.7200 | Reg Val Loss: 0.2746
[Stage1] No improv. Best so far: 0.2746 (epoch 3672)
[Stage1] Epoch 3674 - Val R²: 0.7199 | Reg Val Loss: 0.2747
[Stage1] No improv. Best so far: 0.2746 (epoch 3672)
[Stage1] Epoch 3675 - Val R²: 0.7200 | Reg Val Loss: 0.2746
[Stage1] No improv. Best so far: 0.2746 (epoch 3672)
[Stage1] Epoch 3676 - Val R²: 0.7172 | Reg Val Loss: 0.2774
[Stage1] No improv. Best so far: 0.2746 (epoch 3672)
[Stage1] Epoch 3677 - Val R²: 0.7200 | Reg Val Loss: 0.2746
[Stage1] No improv. Best so far: 0.2746 (epoch 3672)
[Stage1] Epoch 3678 - Val R²: 0.7201 | Reg Val Loss: 0.2746
[Stage1] New best (epoch 3678) Val Loss: 0.2746 — saved: checkpoints\nnknn_regression_best_califonia_housing_softmax_fold_1_retr.pth
[Stage1] Epoch 3679 - Val R²: 0.7200 | Reg Val Loss: 0.2747
[Stage1] No improv. Best so far: 0.2746 (epoch 3678)
[Stage1] Epoch 3680 - Val R²: 0.7200 | Reg Val Loss: 0.2746
[Stage1] No improv. Best so far: 0.2746 (epoch 3678)
[Stage1] Epoch 3681 - Val R²: 0.7200 | Reg Val Loss: 0.2746
[Stage1] No improv. Best so far: 0.2746 (epoch 3678)
[Stage1] Epoch 3682 - Val R²: 0.7200 | Reg Val Loss: 0.2747
[Stage1] No improv. Best so far: 0.2746 (epoch 3678)
[Stage1] Epoch 3683 - Val R²: 0.7200 | Reg Val Loss: 0.2746
[Stage1] No improv. Best so far: 0.2746 (epoch 3678)
[Stage1] Epoch 3684 - Val R²: 0.7201 | Reg Val Loss: 0.2746
[Stage1] New best (epoch 3684) Val Loss: 0.2746 — saved: checkpoints\nnknn_regression_best_califonia_housing_softmax_fold_1_retr.pth
[Stage1] Epoch 3685 - Val R²: 0.7200 | Reg Val Loss: 0.2746
[Stage1] No improv. Best so far: 0.2746 (epoch 3684)
[Stage1] Epoch 3686 - Val R²: 0.7200 | Reg Val Loss: 0.2747
[Stage1] No improv. Best so far: 0.2746 (epoch 3684)
[Stage1] Epoch 3687 - Val R²: 0.7200 | Reg Val Loss: 0.2746
[Stage1] No improv. Best so far: 0.2746 (epoch 3684)
[Stage1] Epoch 3688 - Val R²: 0.7201 | Reg Val Loss: 0.2746
[Stage1] No improv. Best so far: 0.2746 (epoch 3684)
[Stage1] Epoch 3689 - Val R²: 0.7201 | Reg Val Loss: 0.2746
[Stage1] No improv. Best so far: 0.2746 (epoch 3684)
[Stage1] Epoch 3690 - Val R²: 0.7200 | Reg Val Loss: 0.2746
[Stage1] No improv. Best so far: 0.2746 (epoch 3684)
[Stage1] Epoch 3691 - Val R²: 0.7201 | Reg Val Loss: 0.2746
[Stage1] No improv. Best so far: 0.2746 (epoch 3684)
[Stage1] Epoch 3692 - Val R²: 0.7201 | Reg Val Loss: 0.2746
[Stage1] No improv. Best so far: 0.2746 (epoch 3684)
[Stage1] Epoch 3693 - Val R²: 0.7200 | Reg Val Loss: 0.2746
[Stage1] No improv. Best so far: 0.2746 (epoch 3684)
[Stage1] Epoch 3694 - Val R²: 0.7200 | Reg Val Loss: 0.2746
[Stage1] No improv. Best so far: 0.2746 (epoch 3684)
[Stage1] Epoch 3695 - Val R²: 0.7200 | Reg Val Loss: 0.2746
[Stage1] No improv. Best so far: 0.2746 (epoch 3684)
[Stage1] Epoch 3696 - Val R²: 0.7201 | Reg Val Loss: 0.2746
[Stage1] New best (epoch 3696) Val Loss: 0.2746 — saved: checkpoints\nnknn_regression_best_califonia_housing_softmax_fold_1_retr.pth
[Stage1] Epoch 3697 - Val R²: 0.7201 | Reg Val Loss: 0.2746
[Stage1] No improv. Best so far: 0.2746 (epoch 3696)
[Stage1] Epoch 3698 - Val R²: 0.7200 | Reg Val Loss: 0.2746
[Stage1] No improv. Best so far: 0.2746 (epoch 3696)
[Stage1] Epoch 3699 - Val R²: 0.7201 | Reg Val Loss: 0.2745
[Stage1] New best (epoch 3699) Val Loss: 0.2745 — saved: checkpoints\nnknn_regression_best_califonia_housing_softmax_fold_1_retr.pth
[Stage1] Epoch 3700 - Val R²: 0.7200 | Reg Val Loss: 0.2746
[Stage1] No improv. Best so far: 0.2745 (epoch 3699)
[Stage1] Epoch 3701 - Val R²: 0.7200 | Reg Val Loss: 0.2747
[Stage1] No improv. Best so far: 0.2745 (epoch 3699)
[Stage1] Epoch 3702 - Val R²: 0.7200 | Reg Val Loss: 0.2746
[Stage1] No improv. Best so far: 0.2745 (epoch 3699)
[Stage1] Epoch 3703 - Val R²: 0.7200 | Reg Val Loss: 0.2746
[Stage1] No improv. Best so far: 0.2745 (epoch 3699)
[Stage1] Epoch 3704 - Val R²: 0.7201 | Reg Val Loss: 0.2746
[Stage1] No improv. Best so far: 0.2745 (epoch 3699)
[Stage1] Epoch 3705 - Val R²: 0.7200 | Reg Val Loss: 0.2746
[Stage1] No improv. Best so far: 0.2745 (epoch 3699)
[Stage1] Epoch 3706 - Val R²: 0.7201 | Reg Val Loss: 0.2745
[Stage1] New best (epoch 3706) Val Loss: 0.2745 — saved: checkpoints\nnknn_regression_best_califonia_housing_softmax_fold_1_retr.pth
[Stage1] Epoch 3707 - Val R²: 0.7200 | Reg Val Loss: 0.2746
[Stage1] No improv. Best so far: 0.2745 (epoch 3706)
[Stage1] Epoch 3708 - Val R²: 0.7201 | Reg Val Loss: 0.2746
[Stage1] No improv. Best so far: 0.2745 (epoch 3706)
[Stage1] Epoch 3709 - Val R²: 0.7201 | Reg Val Loss: 0.2746
[Stage1] No improv. Best so far: 0.2745 (epoch 3706)
[Stage1] Epoch 3710 - Val R²: 0.7201 | Reg Val Loss: 0.2745
[Stage1] No improv. Best so far: 0.2745 (epoch 3706)
[Stage1] Epoch 3711 - Val R²: 0.7201 | Reg Val Loss: 0.2745
[Stage1] New best (epoch 3711) Val Loss: 0.2745 — saved: checkpoints\nnknn_regression_best_califonia_housing_softmax_fold_1_retr.pth
[Stage1] Epoch 3712 - Val R²: 0.7201 | Reg Val Loss: 0.2745
[Stage1] New best (epoch 3712) Val Loss: 0.2745 — saved: checkpoints\nnknn_regression_best_califonia_housing_softmax_fold_1_retr.pth
[Stage1] Epoch 3713 - Val R²: 0.7202 | Reg Val Loss: 0.2745
[Stage1] New best (epoch 3713) Val Loss: 0.2745 — saved: checkpoints\nnknn_regression_best_califonia_housing_softmax_fold_1_retr.pth
[Stage1] Epoch 3714 - Val R²: 0.7201 | Reg Val Loss: 0.2745
[Stage1] No improv. Best so far: 0.2745 (epoch 3713)
[Stage1] Epoch 3715 - Val R²: 0.7201 | Reg Val Loss: 0.2746
[Stage1] No improv. Best so far: 0.2745 (epoch 3713)
[Stage1] Epoch 3716 - Val R²: 0.7201 | Reg Val Loss: 0.2745
[Stage1] No improv. Best so far: 0.2745 (epoch 3713)
[Stage1] Epoch 3717 - Val R²: 0.7201 | Reg Val Loss: 0.2745
[Stage1] No improv. Best so far: 0.2745 (epoch 3713)
[Stage1] Epoch 3718 - Val R²: 0.7201 | Reg Val Loss: 0.2745
[Stage1] No improv. Best so far: 0.2745 (epoch 3713)
[Stage1] Epoch 3719 - Val R²: 0.7201 | Reg Val Loss: 0.2745
[Stage1] No improv. Best so far: 0.2745 (epoch 3713)
[Stage1] Epoch 3720 - Val R²: 0.7201 | Reg Val Loss: 0.2746
[Stage1] No improv. Best so far: 0.2745 (epoch 3713)
[Stage1] Epoch 3721 - Val R²: 0.7201 | Reg Val Loss: 0.2746
[Stage1] No improv. Best so far: 0.2745 (epoch 3713)
[Stage1] Epoch 3722 - Val R²: 0.7201 | Reg Val Loss: 0.2745
[Stage1] No improv. Best so far: 0.2745 (epoch 3713)
[Stage1] Epoch 3723 - Val R²: 0.7201 | Reg Val Loss: 0.2745
[Stage1] No improv. Best so far: 0.2745 (epoch 3713)
[Stage1] Epoch 3724 - Val R²: 0.7201 | Reg Val Loss: 0.2745
[Stage1] No improv. Best so far: 0.2745 (epoch 3713)
[Stage1] Epoch 3725 - Val R²: 0.7201 | Reg Val Loss: 0.2746
[Stage1] No improv. Best so far: 0.2745 (epoch 3713)
[Stage1] Epoch 3726 - Val R²: 0.7202 | Reg Val Loss: 0.2745
[Stage1] No improv. Best so far: 0.2745 (epoch 3713)
[Stage1] Epoch 3727 - Val R²: 0.7202 | Reg Val Loss: 0.2745
[Stage1] New best (epoch 3727) Val Loss: 0.2745 — saved: checkpoints\nnknn_regression_best_califonia_housing_softmax_fold_1_retr.pth
[Stage1] Epoch 3728 - Val R²: 0.7202 | Reg Val Loss: 0.2745
[Stage1] No improv. Best so far: 0.2745 (epoch 3727)
[Stage1] Epoch 3729 - Val R²: 0.7202 | Reg Val Loss: 0.2745
[Stage1] No improv. Best so far: 0.2745 (epoch 3727)
[Stage1] Epoch 3730 - Val R²: 0.7201 | Reg Val Loss: 0.2745
[Stage1] No improv. Best so far: 0.2745 (epoch 3727)
[Stage1] Epoch 3731 - Val R²: 0.7202 | Reg Val Loss: 0.2744
[Stage1] New best (epoch 3731) Val Loss: 0.2744 — saved: checkpoints\nnknn_regression_best_califonia_housing_softmax_fold_1_retr.pth
[Stage1] Epoch 3732 - Val R²: 0.7201 | Reg Val Loss: 0.2745
[Stage1] No improv. Best so far: 0.2744 (epoch 3731)
[Stage1] Epoch 3733 - Val R²: 0.7201 | Reg Val Loss: 0.2745
[Stage1] No improv. Best so far: 0.2744 (epoch 3731)
[Stage1] Epoch 3734 - Val R²: 0.7201 | Reg Val Loss: 0.2745
[Stage1] No improv. Best so far: 0.2744 (epoch 3731)
[Stage1] Epoch 3735 - Val R²: 0.7201 | Reg Val Loss: 0.2745
[Stage1] No improv. Best so far: 0.2744 (epoch 3731)
[Stage1] Epoch 3736 - Val R²: 0.7201 | Reg Val Loss: 0.2745
[Stage1] No improv. Best so far: 0.2744 (epoch 3731)
[Stage1] Epoch 3737 - Val R²: 0.7201 | Reg Val Loss: 0.2745
[Stage1] No improv. Best so far: 0.2744 (epoch 3731)
[Stage1] Epoch 3738 - Val R²: 0.7201 | Reg Val Loss: 0.2745
[Stage1] No improv. Best so far: 0.2744 (epoch 3731)
[Stage1] Epoch 3739 - Val R²: 0.7201 | Reg Val Loss: 0.2745
[Stage1] No improv. Best so far: 0.2744 (epoch 3731)
[Stage1] Epoch 3740 - Val R²: 0.7202 | Reg Val Loss: 0.2744
[Stage1] No improv. Best so far: 0.2744 (epoch 3731)
[Stage1] Epoch 3741 - Val R²: 0.7202 | Reg Val Loss: 0.2745
[Stage1] No improv. Best so far: 0.2744 (epoch 3731)
[Stage1] Epoch 3742 - Val R²: 0.7202 | Reg Val Loss: 0.2745
[Stage1] No improv. Best so far: 0.2744 (epoch 3731)
[Stage1] Epoch 3743 - Val R²: 0.7202 | Reg Val Loss: 0.2745
[Stage1] No improv. Best so far: 0.2744 (epoch 3731)
[Stage1] Epoch 3744 - Val R²: 0.7201 | Reg Val Loss: 0.2745
[Stage1] No improv. Best so far: 0.2744 (epoch 3731)
[Stage1] Epoch 3745 - Val R²: 0.7201 | Reg Val Loss: 0.2745
[Stage1] No improv. Best so far: 0.2744 (epoch 3731)
[Stage1] Epoch 3746 - Val R²: 0.7202 | Reg Val Loss: 0.2744
[Stage1] New best (epoch 3746) Val Loss: 0.2744 — saved: checkpoints\nnknn_regression_best_califonia_housing_softmax_fold_1_retr.pth
[Stage1] Epoch 3747 - Val R²: 0.7201 | Reg Val Loss: 0.2745
[Stage1] No improv. Best so far: 0.2744 (epoch 3746)
[Stage1] Epoch 3748 - Val R²: 0.7202 | Reg Val Loss: 0.2745
[Stage1] No improv. Best so far: 0.2744 (epoch 3746)
[Stage1] Epoch 3749 - Val R²: 0.7202 | Reg Val Loss: 0.2744
[Stage1] No improv. Best so far: 0.2744 (epoch 3746)
[Stage1] Epoch 3750 - Val R²: 0.7202 | Reg Val Loss: 0.2745
[Stage1] No improv. Best so far: 0.2744 (epoch 3746)
[Stage1] Epoch 3751 - Val R²: 0.7202 | Reg Val Loss: 0.2744
[Stage1] No improv. Best so far: 0.2744 (epoch 3746)
[Stage1] Epoch 3752 - Val R²: 0.7201 | Reg Val Loss: 0.2745
[Stage1] No improv. Best so far: 0.2744 (epoch 3746)
[Stage1] Epoch 3753 - Val R²: 0.7190 | Reg Val Loss: 0.2756
[Stage1] No improv. Best so far: 0.2744 (epoch 3746)
[Stage1] Epoch 3754 - Val R²: 0.7202 | Reg Val Loss: 0.2744
[Stage1] No improv. Best so far: 0.2744 (epoch 3746)
[Stage1] Epoch 3755 - Val R²: 0.7202 | Reg Val Loss: 0.2744
[Stage1] New best (epoch 3755) Val Loss: 0.2744 — saved: checkpoints\nnknn_regression_best_califonia_housing_softmax_fold_1_retr.pth
[Stage1] Epoch 3756 - Val R²: 0.7202 | Reg Val Loss: 0.2744
[Stage1] No improv. Best so far: 0.2744 (epoch 3755)
[Stage1] Epoch 3757 - Val R²: 0.7201 | Reg Val Loss: 0.2745
[Stage1] No improv. Best so far: 0.2744 (epoch 3755)
[Stage1] Epoch 3758 - Val R²: 0.7201 | Reg Val Loss: 0.2745
[Stage1] No improv. Best so far: 0.2744 (epoch 3755)
[Stage1] Epoch 3759 - Val R²: 0.7201 | Reg Val Loss: 0.2745
[Stage1] No improv. Best so far: 0.2744 (epoch 3755)
[Stage1] Epoch 3760 - Val R²: 0.7202 | Reg Val Loss: 0.2744
[Stage1] No improv. Best so far: 0.2744 (epoch 3755)
[Stage1] Epoch 3761 - Val R²: 0.7202 | Reg Val Loss: 0.2744
[Stage1] No improv. Best so far: 0.2744 (epoch 3755)
[Stage1] Epoch 3762 - Val R²: 0.7201 | Reg Val Loss: 0.2745
[Stage1] No improv. Best so far: 0.2744 (epoch 3755)
[Stage1] Epoch 3763 - Val R²: 0.7202 | Reg Val Loss: 0.2745
[Stage1] No improv. Best so far: 0.2744 (epoch 3755)
[Stage1] Epoch 3764 - Val R²: 0.7201 | Reg Val Loss: 0.2745
[Stage1] No improv. Best so far: 0.2744 (epoch 3755)
[Stage1] Epoch 3765 - Val R²: 0.7202 | Reg Val Loss: 0.2745
[Stage1] No improv. Best so far: 0.2744 (epoch 3755)
[Stage1] Epoch 3766 - Val R²: 0.7202 | Reg Val Loss: 0.2745
[Stage1] No improv. Best so far: 0.2744 (epoch 3755)
[Stage1] Epoch 3767 - Val R²: 0.7202 | Reg Val Loss: 0.2745
[Stage1] No improv. Best so far: 0.2744 (epoch 3755)
[Stage1] Epoch 3768 - Val R²: 0.7202 | Reg Val Loss: 0.2744
[Stage1] No improv. Best so far: 0.2744 (epoch 3755)
[Stage1] Epoch 3769 - Val R²: 0.7202 | Reg Val Loss: 0.2744
[Stage1] No improv. Best so far: 0.2744 (epoch 3755)
[Stage1] Epoch 3770 - Val R²: 0.7202 | Reg Val Loss: 0.2744
[Stage1] No improv. Best so far: 0.2744 (epoch 3755)
[Stage1] Epoch 3771 - Val R²: 0.7202 | Reg Val Loss: 0.2745
[Stage1] No improv. Best so far: 0.2744 (epoch 3755)
[Stage1] Epoch 3772 - Val R²: 0.7202 | Reg Val Loss: 0.2745
[Stage1] No improv. Best so far: 0.2744 (epoch 3755)
[Stage1] Epoch 3773 - Val R²: 0.7202 | Reg Val Loss: 0.2744
[Stage1] No improv. Best so far: 0.2744 (epoch 3755)
[Stage1] Epoch 3774 - Val R²: 0.7202 | Reg Val Loss: 0.2744
[Stage1] No improv. Best so far: 0.2744 (epoch 3755)
[Stage1] Epoch 3775 - Val R²: 0.7202 | Reg Val Loss: 0.2744
[Stage1] No improv. Best so far: 0.2744 (epoch 3755)
[Stage1] Epoch 3776 - Val R²: 0.7202 | Reg Val Loss: 0.2745
[Stage1] No improv. Best so far: 0.2744 (epoch 3755)
[Stage1] Epoch 3777 - Val R²: 0.7202 | Reg Val Loss: 0.2744
[Stage1] New best (epoch 3777) Val Loss: 0.2744 — saved: checkpoints\nnknn_regression_best_califonia_housing_softmax_fold_1_retr.pth
[Stage1] Epoch 3778 - Val R²: 0.7202 | Reg Val Loss: 0.2744
[Stage1] No improv. Best so far: 0.2744 (epoch 3777)
[Stage1] Epoch 3779 - Val R²: 0.7202 | Reg Val Loss: 0.2744
[Stage1] No improv. Best so far: 0.2744 (epoch 3777)
[Stage1] Epoch 3780 - Val R²: 0.7202 | Reg Val Loss: 0.2745
[Stage1] No improv. Best so far: 0.2744 (epoch 3777)
[Stage1] Epoch 3781 - Val R²: 0.7202 | Reg Val Loss: 0.2744
[Stage1] No improv. Best so far: 0.2744 (epoch 3777)
[Stage1] Epoch 3782 - Val R²: 0.7203 | Reg Val Loss: 0.2744
[Stage1] New best (epoch 3782) Val Loss: 0.2744 — saved: checkpoints\nnknn_regression_best_califonia_housing_softmax_fold_1_retr.pth
[Stage1] Epoch 3783 - Val R²: 0.7202 | Reg Val Loss: 0.2744
[Stage1] No improv. Best so far: 0.2744 (epoch 3782)
[Stage1] Epoch 3784 - Val R²: 0.7203 | Reg Val Loss: 0.2744
[Stage1] No improv. Best so far: 0.2744 (epoch 3782)
[Stage1] Epoch 3785 - Val R²: 0.7202 | Reg Val Loss: 0.2744
[Stage1] No improv. Best so far: 0.2744 (epoch 3782)
[Stage1] Epoch 3786 - Val R²: 0.7202 | Reg Val Loss: 0.2744
[Stage1] No improv. Best so far: 0.2744 (epoch 3782)
[Stage1] Epoch 3787 - Val R²: 0.7203 | Reg Val Loss: 0.2744
[Stage1] No improv. Best so far: 0.2744 (epoch 3782)
[Stage1] Epoch 3788 - Val R²: 0.7202 | Reg Val Loss: 0.2745
[Stage1] No improv. Best so far: 0.2744 (epoch 3782)
[Stage1] Epoch 3789 - Val R²: 0.7202 | Reg Val Loss: 0.2744
[Stage1] No improv. Best so far: 0.2744 (epoch 3782)
[Stage1] Epoch 3790 - Val R²: 0.7202 | Reg Val Loss: 0.2744
[Stage1] No improv. Best so far: 0.2744 (epoch 3782)
[Stage1] Epoch 3791 - Val R²: 0.7202 | Reg Val Loss: 0.2744
[Stage1] No improv. Best so far: 0.2744 (epoch 3782)
[Stage1] Epoch 3792 - Val R²: 0.7202 | Reg Val Loss: 0.2744
[Stage1] No improv. Best so far: 0.2744 (epoch 3782)
[Stage1] Epoch 3793 - Val R²: 0.7203 | Reg Val Loss: 0.2744
[Stage1] New best (epoch 3793) Val Loss: 0.2744 — saved: checkpoints\nnknn_regression_best_califonia_housing_softmax_fold_1_retr.pth
[Stage1] Epoch 3794 - Val R²: 0.7203 | Reg Val Loss: 0.2744
[Stage1] No improv. Best so far: 0.2744 (epoch 3793)
[Stage1] Epoch 3795 - Val R²: 0.7202 | Reg Val Loss: 0.2744
[Stage1] No improv. Best so far: 0.2744 (epoch 3793)
[Stage1] Epoch 3796 - Val R²: 0.7203 | Reg Val Loss: 0.2744
[Stage1] No improv. Best so far: 0.2744 (epoch 3793)
[Stage1] Epoch 3797 - Val R²: 0.7202 | Reg Val Loss: 0.2744
[Stage1] No improv. Best so far: 0.2744 (epoch 3793)
[Stage1] Epoch 3798 - Val R²: 0.7202 | Reg Val Loss: 0.2744
[Stage1] No improv. Best so far: 0.2744 (epoch 3793)
[Stage1] Epoch 3799 - Val R²: 0.7203 | Reg Val Loss: 0.2744
[Stage1] No improv. Best so far: 0.2744 (epoch 3793)
[Stage1] Epoch 3800 - Val R²: 0.7204 | Reg Val Loss: 0.2743
[Stage1] New best (epoch 3800) Val Loss: 0.2743 — saved: checkpoints\nnknn_regression_best_califonia_housing_softmax_fold_1_retr.pth
[Stage1] Epoch 3801 - Val R²: 0.7204 | Reg Val Loss: 0.2743
[Stage1] New best (epoch 3801) Val Loss: 0.2743 — saved: checkpoints\nnknn_regression_best_califonia_housing_softmax_fold_1_retr.pth
[Stage1] Epoch 3802 - Val R²: 0.7203 | Reg Val Loss: 0.2743
[Stage1] No improv. Best so far: 0.2743 (epoch 3801)
[Stage1] Epoch 3803 - Val R²: 0.7203 | Reg Val Loss: 0.2743
[Stage1] No improv. Best so far: 0.2743 (epoch 3801)
[Stage1] Epoch 3804 - Val R²: 0.7203 | Reg Val Loss: 0.2744
[Stage1] No improv. Best so far: 0.2743 (epoch 3801)
[Stage1] Epoch 3805 - Val R²: 0.7203 | Reg Val Loss: 0.2743
[Stage1] No improv. Best so far: 0.2743 (epoch 3801)
[Stage1] Epoch 3806 - Val R²: 0.7204 | Reg Val Loss: 0.2743
[Stage1] No improv. Best so far: 0.2743 (epoch 3801)
[Stage1] Epoch 3807 - Val R²: 0.7203 | Reg Val Loss: 0.2743
[Stage1] No improv. Best so far: 0.2743 (epoch 3801)
[Stage1] Epoch 3808 - Val R²: 0.7203 | Reg Val Loss: 0.2744
[Stage1] No improv. Best so far: 0.2743 (epoch 3801)
[Stage1] Epoch 3809 - Val R²: 0.7203 | Reg Val Loss: 0.2744
[Stage1] No improv. Best so far: 0.2743 (epoch 3801)
[Stage1] Epoch 3810 - Val R²: 0.7203 | Reg Val Loss: 0.2743
[Stage1] No improv. Best so far: 0.2743 (epoch 3801)
[Stage1] Epoch 3811 - Val R²: 0.7202 | Reg Val Loss: 0.2744
[Stage1] No improv. Best so far: 0.2743 (epoch 3801)
[Stage1] Epoch 3812 - Val R²: 0.7202 | Reg Val Loss: 0.2744
[Stage1] No improv. Best so far: 0.2743 (epoch 3801)
[Stage1] Epoch 3813 - Val R²: 0.7202 | Reg Val Loss: 0.2745
[Stage1] No improv. Best so far: 0.2743 (epoch 3801)
[Stage1] Epoch 3814 - Val R²: 0.7202 | Reg Val Loss: 0.2744
[Stage1] No improv. Best so far: 0.2743 (epoch 3801)
[Stage1] Epoch 3815 - Val R²: 0.7202 | Reg Val Loss: 0.2744
[Stage1] No improv. Best so far: 0.2743 (epoch 3801)
[Stage1] Epoch 3816 - Val R²: 0.7203 | Reg Val Loss: 0.2744
[Stage1] No improv. Best so far: 0.2743 (epoch 3801)
[Stage1] Epoch 3817 - Val R²: 0.7203 | Reg Val Loss: 0.2744
[Stage1] No improv. Best so far: 0.2743 (epoch 3801)
[Stage1] Epoch 3818 - Val R²: 0.7203 | Reg Val Loss: 0.2743
[Stage1] No improv. Best so far: 0.2743 (epoch 3801)
[Stage1] Epoch 3819 - Val R²: 0.7203 | Reg Val Loss: 0.2743
[Stage1] No improv. Best so far: 0.2743 (epoch 3801)
[Stage1] Epoch 3820 - Val R²: 0.7203 | Reg Val Loss: 0.2743
[Stage1] No improv. Best so far: 0.2743 (epoch 3801)
[Stage1] Epoch 3821 - Val R²: 0.7203 | Reg Val Loss: 0.2743
[Stage1] No improv. Best so far: 0.2743 (epoch 3801)
[Stage1] Epoch 3822 - Val R²: 0.7204 | Reg Val Loss: 0.2742
[Stage1] New best (epoch 3822) Val Loss: 0.2742 — saved: checkpoints\nnknn_regression_best_califonia_housing_softmax_fold_1_retr.pth
[Stage1] Epoch 3823 - Val R²: 0.7203 | Reg Val Loss: 0.2743
[Stage1] No improv. Best so far: 0.2742 (epoch 3822)
[Stage1] Epoch 3824 - Val R²: 0.7204 | Reg Val Loss: 0.2743
[Stage1] No improv. Best so far: 0.2742 (epoch 3822)
[Stage1] Epoch 3825 - Val R²: 0.7204 | Reg Val Loss: 0.2743
[Stage1] No improv. Best so far: 0.2742 (epoch 3822)
[Stage1] Epoch 3826 - Val R²: 0.7203 | Reg Val Loss: 0.2743
[Stage1] No improv. Best so far: 0.2742 (epoch 3822)
[Stage1] Epoch 3827 - Val R²: 0.7203 | Reg Val Loss: 0.2743
[Stage1] No improv. Best so far: 0.2742 (epoch 3822)
[Stage1] Epoch 3828 - Val R²: 0.7203 | Reg Val Loss: 0.2744
[Stage1] No improv. Best so far: 0.2742 (epoch 3822)
[Stage1] Epoch 3829 - Val R²: 0.7203 | Reg Val Loss: 0.2743
[Stage1] No improv. Best so far: 0.2742 (epoch 3822)
[Stage1] Epoch 3830 - Val R²: 0.7204 | Reg Val Loss: 0.2743
[Stage1] No improv. Best so far: 0.2742 (epoch 3822)
[Stage1] Epoch 3831 - Val R²: 0.7204 | Reg Val Loss: 0.2743
[Stage1] No improv. Best so far: 0.2742 (epoch 3822)
[Stage1] Epoch 3832 - Val R²: 0.7204 | Reg Val Loss: 0.2743
[Stage1] No improv. Best so far: 0.2742 (epoch 3822)
[Stage1] Epoch 3833 - Val R²: 0.7204 | Reg Val Loss: 0.2743
[Stage1] No improv. Best so far: 0.2742 (epoch 3822)
[Stage1] Epoch 3834 - Val R²: 0.7204 | Reg Val Loss: 0.2743
[Stage1] No improv. Best so far: 0.2742 (epoch 3822)
[Stage1] Epoch 3835 - Val R²: 0.7204 | Reg Val Loss: 0.2743
[Stage1] No improv. Best so far: 0.2742 (epoch 3822)
[Stage1] Epoch 3836 - Val R²: 0.7204 | Reg Val Loss: 0.2743
[Stage1] No improv. Best so far: 0.2742 (epoch 3822)
[Stage1] Epoch 3837 - Val R²: 0.7204 | Reg Val Loss: 0.2742
[Stage1] New best (epoch 3837) Val Loss: 0.2742 — saved: checkpoints\nnknn_regression_best_califonia_housing_softmax_fold_1_retr.pth
[Stage1] Epoch 3838 - Val R²: 0.7204 | Reg Val Loss: 0.2743
[Stage1] No improv. Best so far: 0.2742 (epoch 3837)
[Stage1] Epoch 3839 - Val R²: 0.7204 | Reg Val Loss: 0.2743
[Stage1] No improv. Best so far: 0.2742 (epoch 3837)
[Stage1] Epoch 3840 - Val R²: 0.7203 | Reg Val Loss: 0.2743
[Stage1] No improv. Best so far: 0.2742 (epoch 3837)
[Stage1] Epoch 3841 - Val R²: 0.7203 | Reg Val Loss: 0.2743
[Stage1] No improv. Best so far: 0.2742 (epoch 3837)
[Stage1] Epoch 3842 - Val R²: 0.7204 | Reg Val Loss: 0.2743
[Stage1] No improv. Best so far: 0.2742 (epoch 3837)
[Stage1] Epoch 3843 - Val R²: 0.7204 | Reg Val Loss: 0.2743
[Stage1] No improv. Best so far: 0.2742 (epoch 3837)
[Stage1] Epoch 3844 - Val R²: 0.7203 | Reg Val Loss: 0.2743
[Stage1] No improv. Best so far: 0.2742 (epoch 3837)
[Stage1] Epoch 3845 - Val R²: 0.7204 | Reg Val Loss: 0.2743
[Stage1] No improv. Best so far: 0.2742 (epoch 3837)
[Stage1] Epoch 3846 - Val R²: 0.7203 | Reg Val Loss: 0.2743
[Stage1] No improv. Best so far: 0.2742 (epoch 3837)
[Stage1] Epoch 3847 - Val R²: 0.7204 | Reg Val Loss: 0.2742
[Stage1] No improv. Best so far: 0.2742 (epoch 3837)
[Stage1] Epoch 3848 - Val R²: 0.7204 | Reg Val Loss: 0.2742
[Stage1] New best (epoch 3848) Val Loss: 0.2742 — saved: checkpoints\nnknn_regression_best_califonia_housing_softmax_fold_1_retr.pth
[Stage1] Epoch 3849 - Val R²: 0.7204 | Reg Val Loss: 0.2743
[Stage1] No improv. Best so far: 0.2742 (epoch 3848)
[Stage1] Epoch 3850 - Val R²: 0.7203 | Reg Val Loss: 0.2743
[Stage1] No improv. Best so far: 0.2742 (epoch 3848)
[Stage1] Epoch 3851 - Val R²: 0.7204 | Reg Val Loss: 0.2742
[Stage1] No improv. Best so far: 0.2742 (epoch 3848)
[Stage1] Epoch 3852 - Val R²: 0.7204 | Reg Val Loss: 0.2742
[Stage1] No improv. Best so far: 0.2742 (epoch 3848)
[Stage1] Epoch 3853 - Val R²: 0.7204 | Reg Val Loss: 0.2743
[Stage1] No improv. Best so far: 0.2742 (epoch 3848)
[Stage1] Epoch 3854 - Val R²: 0.7203 | Reg Val Loss: 0.2743
[Stage1] No improv. Best so far: 0.2742 (epoch 3848)
[Stage1] Epoch 3855 - Val R²: 0.7204 | Reg Val Loss: 0.2743
[Stage1] No improv. Best so far: 0.2742 (epoch 3848)
[Stage1] Epoch 3856 - Val R²: 0.7203 | Reg Val Loss: 0.2743
[Stage1] No improv. Best so far: 0.2742 (epoch 3848)
[Stage1] Epoch 3857 - Val R²: 0.7204 | Reg Val Loss: 0.2742
[Stage1] New best (epoch 3857) Val Loss: 0.2742 — saved: checkpoints\nnknn_regression_best_califonia_housing_softmax_fold_1_retr.pth
[Stage1] Epoch 3858 - Val R²: 0.7204 | Reg Val Loss: 0.2742
[Stage1] No improv. Best so far: 0.2742 (epoch 3857)
[Stage1] Epoch 3859 - Val R²: 0.7204 | Reg Val Loss: 0.2742
[Stage1] No improv. Best so far: 0.2742 (epoch 3857)
[Stage1] Epoch 3860 - Val R²: 0.7204 | Reg Val Loss: 0.2743
[Stage1] No improv. Best so far: 0.2742 (epoch 3857)
[Stage1] Epoch 3861 - Val R²: 0.7204 | Reg Val Loss: 0.2742
[Stage1] No improv. Best so far: 0.2742 (epoch 3857)
[Stage1] Epoch 3862 - Val R²: 0.7204 | Reg Val Loss: 0.2742
[Stage1] No improv. Best so far: 0.2742 (epoch 3857)
[Stage1] Epoch 3863 - Val R²: 0.7205 | Reg Val Loss: 0.2742
[Stage1] New best (epoch 3863) Val Loss: 0.2742 — saved: checkpoints\nnknn_regression_best_califonia_housing_softmax_fold_1_retr.pth
[Stage1] Epoch 3864 - Val R²: 0.7204 | Reg Val Loss: 0.2742
[Stage1] No improv. Best so far: 0.2742 (epoch 3863)
[Stage1] Epoch 3865 - Val R²: 0.7204 | Reg Val Loss: 0.2742
[Stage1] No improv. Best so far: 0.2742 (epoch 3863)
[Stage1] Epoch 3866 - Val R²: 0.7204 | Reg Val Loss: 0.2742
[Stage1] No improv. Best so far: 0.2742 (epoch 3863)
[Stage1] Epoch 3867 - Val R²: 0.7204 | Reg Val Loss: 0.2742
[Stage1] No improv. Best so far: 0.2742 (epoch 3863)
[Stage1] Epoch 3868 - Val R²: 0.7204 | Reg Val Loss: 0.2742
[Stage1] No improv. Best so far: 0.2742 (epoch 3863)
[Stage1] Epoch 3869 - Val R²: 0.7204 | Reg Val Loss: 0.2743
[Stage1] No improv. Best so far: 0.2742 (epoch 3863)
[Stage1] Epoch 3870 - Val R²: 0.7203 | Reg Val Loss: 0.2743
[Stage1] No improv. Best so far: 0.2742 (epoch 3863)
[Stage1] Epoch 3871 - Val R²: 0.7204 | Reg Val Loss: 0.2742
[Stage1] No improv. Best so far: 0.2742 (epoch 3863)
[Stage1] Epoch 3872 - Val R²: 0.7204 | Reg Val Loss: 0.2742
[Stage1] No improv. Best so far: 0.2742 (epoch 3863)
[Stage1] Epoch 3873 - Val R²: 0.7204 | Reg Val Loss: 0.2742
[Stage1] No improv. Best so far: 0.2742 (epoch 3863)
[Stage1] Epoch 3874 - Val R²: 0.7204 | Reg Val Loss: 0.2742
[Stage1] No improv. Best so far: 0.2742 (epoch 3863)
[Stage1] Epoch 3875 - Val R²: 0.7205 | Reg Val Loss: 0.2742
[Stage1] New best (epoch 3875) Val Loss: 0.2742 — saved: checkpoints\nnknn_regression_best_califonia_housing_softmax_fold_1_retr.pth
[Stage1] Epoch 3876 - Val R²: 0.7204 | Reg Val Loss: 0.2742
[Stage1] No improv. Best so far: 0.2742 (epoch 3875)
[Stage1] Epoch 3877 - Val R²: 0.7204 | Reg Val Loss: 0.2742
[Stage1] No improv. Best so far: 0.2742 (epoch 3875)
[Stage1] Epoch 3878 - Val R²: 0.7204 | Reg Val Loss: 0.2742
[Stage1] No improv. Best so far: 0.2742 (epoch 3875)
[Stage1] Epoch 3879 - Val R²: 0.7204 | Reg Val Loss: 0.2742
[Stage1] No improv. Best so far: 0.2742 (epoch 3875)
[Stage1] Epoch 3880 - Val R²: 0.7204 | Reg Val Loss: 0.2743
[Stage1] No improv. Best so far: 0.2742 (epoch 3875)
[Stage1] Epoch 3881 - Val R²: 0.7204 | Reg Val Loss: 0.2742
[Stage1] No improv. Best so far: 0.2742 (epoch 3875)
[Stage1] Epoch 3882 - Val R²: 0.7204 | Reg Val Loss: 0.2743
[Stage1] No improv. Best so far: 0.2742 (epoch 3875)
[Stage1] Epoch 3883 - Val R²: 0.7204 | Reg Val Loss: 0.2743
[Stage1] No improv. Best so far: 0.2742 (epoch 3875)
[Stage1] Epoch 3884 - Val R²: 0.7203 | Reg Val Loss: 0.2743
[Stage1] No improv. Best so far: 0.2742 (epoch 3875)
[Stage1] Epoch 3885 - Val R²: 0.7204 | Reg Val Loss: 0.2743
[Stage1] No improv. Best so far: 0.2742 (epoch 3875)
[Stage1] Epoch 3886 - Val R²: 0.7203 | Reg Val Loss: 0.2743
[Stage1] No improv. Best so far: 0.2742 (epoch 3875)
[Stage1] Epoch 3887 - Val R²: 0.7205 | Reg Val Loss: 0.2742
[Stage1] New best (epoch 3887) Val Loss: 0.2742 — saved: checkpoints\nnknn_regression_best_califonia_housing_softmax_fold_1_retr.pth
[Stage1] Epoch 3888 - Val R²: 0.7204 | Reg Val Loss: 0.2742
[Stage1] No improv. Best so far: 0.2742 (epoch 3887)
[Stage1] Epoch 3889 - Val R²: 0.7205 | Reg Val Loss: 0.2742
[Stage1] New best (epoch 3889) Val Loss: 0.2742 — saved: checkpoints\nnknn_regression_best_califonia_housing_softmax_fold_1_retr.pth
[Stage1] Epoch 3890 - Val R²: 0.7204 | Reg Val Loss: 0.2742
[Stage1] No improv. Best so far: 0.2742 (epoch 3889)
[Stage1] Epoch 3891 - Val R²: 0.7205 | Reg Val Loss: 0.2742
[Stage1] No improv. Best so far: 0.2742 (epoch 3889)
[Stage1] Epoch 3892 - Val R²: 0.7205 | Reg Val Loss: 0.2742
[Stage1] No improv. Best so far: 0.2742 (epoch 3889)
[Stage1] Epoch 3893 - Val R²: 0.7204 | Reg Val Loss: 0.2742
[Stage1] No improv. Best so far: 0.2742 (epoch 3889)
[Stage1] Epoch 3894 - Val R²: 0.7204 | Reg Val Loss: 0.2742
[Stage1] No improv. Best so far: 0.2742 (epoch 3889)
[Stage1] Epoch 3895 - Val R²: 0.7205 | Reg Val Loss: 0.2742
[Stage1] No improv. Best so far: 0.2742 (epoch 3889)
[Stage1] Epoch 3896 - Val R²: 0.7204 | Reg Val Loss: 0.2742
[Stage1] No improv. Best so far: 0.2742 (epoch 3889)
[Stage1] Epoch 3897 - Val R²: 0.7204 | Reg Val Loss: 0.2742
[Stage1] No improv. Best so far: 0.2742 (epoch 3889)
[Stage1] Epoch 3898 - Val R²: 0.7204 | Reg Val Loss: 0.2742
[Stage1] No improv. Best so far: 0.2742 (epoch 3889)
[Stage1] Epoch 3899 - Val R²: 0.7204 | Reg Val Loss: 0.2742
[Stage1] No improv. Best so far: 0.2742 (epoch 3889)
[Stage1] Epoch 3900 - Val R²: 0.7204 | Reg Val Loss: 0.2742
[Stage1] No improv. Best so far: 0.2742 (epoch 3889)
[Stage1] Epoch 3901 - Val R²: 0.7205 | Reg Val Loss: 0.2741
[Stage1] New best (epoch 3901) Val Loss: 0.2741 — saved: checkpoints\nnknn_regression_best_califonia_housing_softmax_fold_1_retr.pth
[Stage1] Epoch 3902 - Val R²: 0.7205 | Reg Val Loss: 0.2742
[Stage1] No improv. Best so far: 0.2741 (epoch 3901)
[Stage1] Epoch 3903 - Val R²: 0.7205 | Reg Val Loss: 0.2741
[Stage1] New best (epoch 3903) Val Loss: 0.2741 — saved: checkpoints\nnknn_regression_best_califonia_housing_softmax_fold_1_retr.pth
[Stage1] Epoch 3904 - Val R²: 0.7204 | Reg Val Loss: 0.2742
[Stage1] No improv. Best so far: 0.2741 (epoch 3903)
[Stage1] Epoch 3905 - Val R²: 0.7205 | Reg Val Loss: 0.2742
[Stage1] No improv. Best so far: 0.2741 (epoch 3903)
[Stage1] Epoch 3906 - Val R²: 0.7205 | Reg Val Loss: 0.2741
[Stage1] No improv. Best so far: 0.2741 (epoch 3903)
[Stage1] Epoch 3907 - Val R²: 0.7205 | Reg Val Loss: 0.2741
[Stage1] No improv. Best so far: 0.2741 (epoch 3903)
[Stage1] Epoch 3908 - Val R²: 0.7205 | Reg Val Loss: 0.2741
[Stage1] No improv. Best so far: 0.2741 (epoch 3903)
[Stage1] Epoch 3909 - Val R²: 0.7205 | Reg Val Loss: 0.2741
[Stage1] No improv. Best so far: 0.2741 (epoch 3903)
[Stage1] Epoch 3910 - Val R²: 0.7205 | Reg Val Loss: 0.2741
[Stage1] No improv. Best so far: 0.2741 (epoch 3903)
[Stage1] Epoch 3911 - Val R²: 0.7205 | Reg Val Loss: 0.2741
[Stage1] No improv. Best so far: 0.2741 (epoch 3903)
[Stage1] Epoch 3912 - Val R²: 0.7205 | Reg Val Loss: 0.2741
[Stage1] No improv. Best so far: 0.2741 (epoch 3903)
[Stage1] Epoch 3913 - Val R²: 0.7205 | Reg Val Loss: 0.2741
[Stage1] No improv. Best so far: 0.2741 (epoch 3903)
[Stage1] Epoch 3914 - Val R²: 0.7206 | Reg Val Loss: 0.2741
[Stage1] New best (epoch 3914) Val Loss: 0.2741 — saved: checkpoints\nnknn_regression_best_califonia_housing_softmax_fold_1_retr.pth
[Stage1] Epoch 3915 - Val R²: 0.7205 | Reg Val Loss: 0.2742
[Stage1] No improv. Best so far: 0.2741 (epoch 3914)
[Stage1] Epoch 3916 - Val R²: 0.7205 | Reg Val Loss: 0.2741
[Stage1] No improv. Best so far: 0.2741 (epoch 3914)
[Stage1] Epoch 3917 - Val R²: 0.7205 | Reg Val Loss: 0.2741
[Stage1] No improv. Best so far: 0.2741 (epoch 3914)
[Stage1] Epoch 3918 - Val R²: 0.7205 | Reg Val Loss: 0.2741
[Stage1] No improv. Best so far: 0.2741 (epoch 3914)
[Stage1] Epoch 3919 - Val R²: 0.7205 | Reg Val Loss: 0.2742
[Stage1] No improv. Best so far: 0.2741 (epoch 3914)
[Stage1] Epoch 3920 - Val R²: 0.7205 | Reg Val Loss: 0.2742
[Stage1] No improv. Best so far: 0.2741 (epoch 3914)
[Stage1] Epoch 3921 - Val R²: 0.7205 | Reg Val Loss: 0.2741
[Stage1] No improv. Best so far: 0.2741 (epoch 3914)
[Stage1] Epoch 3922 - Val R²: 0.7206 | Reg Val Loss: 0.2741
[Stage1] New best (epoch 3922) Val Loss: 0.2741 — saved: checkpoints\nnknn_regression_best_califonia_housing_softmax_fold_1_retr.pth
[Stage1] Epoch 3923 - Val R²: 0.7205 | Reg Val Loss: 0.2741
[Stage1] No improv. Best so far: 0.2741 (epoch 3922)
[Stage1] Epoch 3924 - Val R²: 0.7205 | Reg Val Loss: 0.2742
[Stage1] No improv. Best so far: 0.2741 (epoch 3922)
[Stage1] Epoch 3925 - Val R²: 0.7205 | Reg Val Loss: 0.2742
[Stage1] No improv. Best so far: 0.2741 (epoch 3922)
[Stage1] Epoch 3926 - Val R²: 0.7205 | Reg Val Loss: 0.2742
[Stage1] No improv. Best so far: 0.2741 (epoch 3922)
[Stage1] Epoch 3927 - Val R²: 0.7205 | Reg Val Loss: 0.2742
[Stage1] No improv. Best so far: 0.2741 (epoch 3922)
[Stage1] Epoch 3928 - Val R²: 0.7205 | Reg Val Loss: 0.2741
[Stage1] No improv. Best so far: 0.2741 (epoch 3922)
[Stage1] Epoch 3929 - Val R²: 0.7205 | Reg Val Loss: 0.2741
[Stage1] No improv. Best so far: 0.2741 (epoch 3922)
[Stage1] Epoch 3930 - Val R²: 0.7206 | Reg Val Loss: 0.2741
[Stage1] No improv. Best so far: 0.2741 (epoch 3922)
[Stage1] Epoch 3931 - Val R²: 0.7205 | Reg Val Loss: 0.2741
[Stage1] No improv. Best so far: 0.2741 (epoch 3922)
[Stage1] Epoch 3932 - Val R²: 0.7205 | Reg Val Loss: 0.2741
[Stage1] No improv. Best so far: 0.2741 (epoch 3922)
[Stage1] Epoch 3933 - Val R²: 0.7206 | Reg Val Loss: 0.2741
[Stage1] No improv. Best so far: 0.2741 (epoch 3922)
[Stage1] Epoch 3934 - Val R²: 0.7205 | Reg Val Loss: 0.2742
[Stage1] No improv. Best so far: 0.2741 (epoch 3922)
[Stage1] Epoch 3935 - Val R²: 0.7204 | Reg Val Loss: 0.2742
[Stage1] No improv. Best so far: 0.2741 (epoch 3922)
[Stage1] Epoch 3936 - Val R²: 0.7206 | Reg Val Loss: 0.2741
[Stage1] No improv. Best so far: 0.2741 (epoch 3922)
[Stage1] Epoch 3937 - Val R²: 0.7206 | Reg Val Loss: 0.2741
[Stage1] No improv. Best so far: 0.2741 (epoch 3922)
[Stage1] Epoch 3938 - Val R²: 0.7205 | Reg Val Loss: 0.2741
[Stage1] No improv. Best so far: 0.2741 (epoch 3922)
[Stage1] Epoch 3939 - Val R²: 0.7205 | Reg Val Loss: 0.2742
[Stage1] No improv. Best so far: 0.2741 (epoch 3922)
[Stage1] Epoch 3940 - Val R²: 0.7206 | Reg Val Loss: 0.2741
[Stage1] No improv. Best so far: 0.2741 (epoch 3922)
[Stage1] Epoch 3941 - Val R²: 0.7206 | Reg Val Loss: 0.2741
[Stage1] No improv. Best so far: 0.2741 (epoch 3922)
[Stage1] Epoch 3942 - Val R²: 0.7205 | Reg Val Loss: 0.2741
[Stage1] No improv. Best so far: 0.2741 (epoch 3922)
[Stage1] Epoch 3943 - Val R²: 0.7206 | Reg Val Loss: 0.2741
[Stage1] No improv. Best so far: 0.2741 (epoch 3922)
[Stage1] Epoch 3944 - Val R²: 0.7205 | Reg Val Loss: 0.2741
[Stage1] No improv. Best so far: 0.2741 (epoch 3922)
[Stage1] Epoch 3945 - Val R²: 0.7206 | Reg Val Loss: 0.2741
[Stage1] No improv. Best so far: 0.2741 (epoch 3922)
[Stage1] Epoch 3946 - Val R²: 0.7206 | Reg Val Loss: 0.2741
[Stage1] New best (epoch 3946) Val Loss: 0.2741 — saved: checkpoints\nnknn_regression_best_califonia_housing_softmax_fold_1_retr.pth
[Stage1] Epoch 3947 - Val R²: 0.7206 | Reg Val Loss: 0.2740
[Stage1] New best (epoch 3947) Val Loss: 0.2740 — saved: checkpoints\nnknn_regression_best_califonia_housing_softmax_fold_1_retr.pth
[Stage1] Epoch 3948 - Val R²: 0.7206 | Reg Val Loss: 0.2741
[Stage1] No improv. Best so far: 0.2740 (epoch 3947)
[Stage1] Epoch 3949 - Val R²: 0.7205 | Reg Val Loss: 0.2741
[Stage1] No improv. Best so far: 0.2740 (epoch 3947)
[Stage1] Epoch 3950 - Val R²: 0.7205 | Reg Val Loss: 0.2742
[Stage1] No improv. Best so far: 0.2740 (epoch 3947)
[Stage1] Epoch 3951 - Val R²: 0.7206 | Reg Val Loss: 0.2741
[Stage1] No improv. Best so far: 0.2740 (epoch 3947)
[Stage1] Epoch 3952 - Val R²: 0.7206 | Reg Val Loss: 0.2741
[Stage1] No improv. Best so far: 0.2740 (epoch 3947)
[Stage1] Epoch 3953 - Val R²: 0.7206 | Reg Val Loss: 0.2741
[Stage1] No improv. Best so far: 0.2740 (epoch 3947)
[Stage1] Epoch 3954 - Val R²: 0.7206 | Reg Val Loss: 0.2740
[Stage1] No improv. Best so far: 0.2740 (epoch 3947)
[Stage1] Epoch 3955 - Val R²: 0.7206 | Reg Val Loss: 0.2741
[Stage1] No improv. Best so far: 0.2740 (epoch 3947)
[Stage1] Epoch 3956 - Val R²: 0.7206 | Reg Val Loss: 0.2740
[Stage1] New best (epoch 3956) Val Loss: 0.2740 — saved: checkpoints\nnknn_regression_best_califonia_housing_softmax_fold_1_retr.pth
[Stage1] Epoch 3957 - Val R²: 0.7206 | Reg Val Loss: 0.2740
[Stage1] New best (epoch 3957) Val Loss: 0.2740 — saved: checkpoints\nnknn_regression_best_califonia_housing_softmax_fold_1_retr.pth
[Stage1] Epoch 3958 - Val R²: 0.7206 | Reg Val Loss: 0.2741
[Stage1] No improv. Best so far: 0.2740 (epoch 3957)
[Stage1] Epoch 3959 - Val R²: 0.7206 | Reg Val Loss: 0.2741
[Stage1] No improv. Best so far: 0.2740 (epoch 3957)
[Stage1] Epoch 3960 - Val R²: 0.7206 | Reg Val Loss: 0.2741
[Stage1] No improv. Best so far: 0.2740 (epoch 3957)
[Stage1] Epoch 3961 - Val R²: 0.7206 | Reg Val Loss: 0.2740
[Stage1] No improv. Best so far: 0.2740 (epoch 3957)
[Stage1] Epoch 3962 - Val R²: 0.7206 | Reg Val Loss: 0.2740
[Stage1] New best (epoch 3962) Val Loss: 0.2740 — saved: checkpoints\nnknn_regression_best_califonia_housing_softmax_fold_1_retr.pth
[Stage1] Epoch 3963 - Val R²: 0.7206 | Reg Val Loss: 0.2740
[Stage1] No improv. Best so far: 0.2740 (epoch 3962)
[Stage1] Epoch 3964 - Val R²: 0.7205 | Reg Val Loss: 0.2741
[Stage1] No improv. Best so far: 0.2740 (epoch 3962)
[Stage1] Epoch 3965 - Val R²: 0.7206 | Reg Val Loss: 0.2741
[Stage1] No improv. Best so far: 0.2740 (epoch 3962)
[Stage1] Epoch 3966 - Val R²: 0.7206 | Reg Val Loss: 0.2740
[Stage1] New best (epoch 3966) Val Loss: 0.2740 — saved: checkpoints\nnknn_regression_best_califonia_housing_softmax_fold_1_retr.pth
[Stage1] Epoch 3967 - Val R²: 0.7206 | Reg Val Loss: 0.2741
[Stage1] No improv. Best so far: 0.2740 (epoch 3966)
[Stage1] Epoch 3968 - Val R²: 0.7206 | Reg Val Loss: 0.2740
[Stage1] No improv. Best so far: 0.2740 (epoch 3966)
[Stage1] Epoch 3969 - Val R²: 0.7206 | Reg Val Loss: 0.2741
[Stage1] No improv. Best so far: 0.2740 (epoch 3966)
[Stage1] Epoch 3970 - Val R²: 0.7206 | Reg Val Loss: 0.2741
[Stage1] No improv. Best so far: 0.2740 (epoch 3966)
[Stage1] Epoch 3971 - Val R²: 0.7206 | Reg Val Loss: 0.2741
[Stage1] No improv. Best so far: 0.2740 (epoch 3966)
[Stage1] Epoch 3972 - Val R²: 0.7205 | Reg Val Loss: 0.2741
[Stage1] No improv. Best so far: 0.2740 (epoch 3966)
[Stage1] Epoch 3973 - Val R²: 0.7206 | Reg Val Loss: 0.2740
[Stage1] No improv. Best so far: 0.2740 (epoch 3966)
[Stage1] Epoch 3974 - Val R²: 0.7206 | Reg Val Loss: 0.2740
[Stage1] No improv. Best so far: 0.2740 (epoch 3966)
[Stage1] Epoch 3975 - Val R²: 0.7206 | Reg Val Loss: 0.2740
[Stage1] No improv. Best so far: 0.2740 (epoch 3966)
[Stage1] Epoch 3976 - Val R²: 0.7206 | Reg Val Loss: 0.2740
[Stage1] New best (epoch 3976) Val Loss: 0.2740 — saved: checkpoints\nnknn_regression_best_califonia_housing_softmax_fold_1_retr.pth
[Stage1] Epoch 3977 - Val R²: 0.7207 | Reg Val Loss: 0.2740
[Stage1] New best (epoch 3977) Val Loss: 0.2740 — saved: checkpoints\nnknn_regression_best_califonia_housing_softmax_fold_1_retr.pth
[Stage1] Epoch 3978 - Val R²: 0.7206 | Reg Val Loss: 0.2740
[Stage1] No improv. Best so far: 0.2740 (epoch 3977)
[Stage1] Epoch 3979 - Val R²: 0.7206 | Reg Val Loss: 0.2740
[Stage1] No improv. Best so far: 0.2740 (epoch 3977)
[Stage1] Epoch 3980 - Val R²: 0.7206 | Reg Val Loss: 0.2741
[Stage1] No improv. Best so far: 0.2740 (epoch 3977)
[Stage1] Epoch 3981 - Val R²: 0.7206 | Reg Val Loss: 0.2741
[Stage1] No improv. Best so far: 0.2740 (epoch 3977)
[Stage1] Epoch 3982 - Val R²: 0.7206 | Reg Val Loss: 0.2741
[Stage1] No improv. Best so far: 0.2740 (epoch 3977)
[Stage1] Epoch 3983 - Val R²: 0.7206 | Reg Val Loss: 0.2740
[Stage1] No improv. Best so far: 0.2740 (epoch 3977)
[Stage1] Epoch 3984 - Val R²: 0.7206 | Reg Val Loss: 0.2741
[Stage1] No improv. Best so far: 0.2740 (epoch 3977)
[Stage1] Epoch 3985 - Val R²: 0.7206 | Reg Val Loss: 0.2740
[Stage1] No improv. Best so far: 0.2740 (epoch 3977)
[Stage1] Epoch 3986 - Val R²: 0.7206 | Reg Val Loss: 0.2740
[Stage1] No improv. Best so far: 0.2740 (epoch 3977)
[Stage1] Epoch 3987 - Val R²: 0.7206 | Reg Val Loss: 0.2740
[Stage1] No improv. Best so far: 0.2740 (epoch 3977)
[Stage1] Epoch 3988 - Val R²: 0.7205 | Reg Val Loss: 0.2741
[Stage1] No improv. Best so far: 0.2740 (epoch 3977)
[Stage1] Epoch 3989 - Val R²: 0.7205 | Reg Val Loss: 0.2741
[Stage1] No improv. Best so far: 0.2740 (epoch 3977)
[Stage1] Epoch 3990 - Val R²: 0.7206 | Reg Val Loss: 0.2740
[Stage1] No improv. Best so far: 0.2740 (epoch 3977)
[Stage1] Epoch 3991 - Val R²: 0.7206 | Reg Val Loss: 0.2741
[Stage1] No improv. Best so far: 0.2740 (epoch 3977)
[Stage1] Epoch 3992 - Val R²: 0.7206 | Reg Val Loss: 0.2740
[Stage1] No improv. Best so far: 0.2740 (epoch 3977)
[Stage1] Epoch 3993 - Val R²: 0.7206 | Reg Val Loss: 0.2740
[Stage1] No improv. Best so far: 0.2740 (epoch 3977)
[Stage1] Epoch 3994 - Val R²: 0.7206 | Reg Val Loss: 0.2740
[Stage1] No improv. Best so far: 0.2740 (epoch 3977)
[Stage1] Epoch 3995 - Val R²: 0.7205 | Reg Val Loss: 0.2741
[Stage1] No improv. Best so far: 0.2740 (epoch 3977)
[Stage1] Epoch 3996 - Val R²: 0.7205 | Reg Val Loss: 0.2741
[Stage1] No improv. Best so far: 0.2740 (epoch 3977)
[Stage1] Epoch 3997 - Val R²: 0.7206 | Reg Val Loss: 0.2741
[Stage1] No improv. Best so far: 0.2740 (epoch 3977)
[Stage1] Epoch 3998 - Val R²: 0.7205 | Reg Val Loss: 0.2741
[Stage1] No improv. Best so far: 0.2740 (epoch 3977)
[Stage1] Epoch 3999 - Val R²: 0.7206 | Reg Val Loss: 0.2741
[Stage1] No improv. Best so far: 0.2740 (epoch 3977)
[Stage1] Epoch 4000 - Val R²: 0.7206 | Reg Val Loss: 0.2740
[Stage1] No improv. Best so far: 0.2740 (epoch 3977)
[Stage1] Epoch 4001 - Val R²: 0.7205 | Reg Val Loss: 0.2741
[Stage1] No improv. Best so far: 0.2740 (epoch 3977)
[Stage1] Epoch 4002 - Val R²: 0.7206 | Reg Val Loss: 0.2740
[Stage1] No improv. Best so far: 0.2740 (epoch 3977)
[Stage1] Epoch 4003 - Val R²: 0.7206 | Reg Val Loss: 0.2740
[Stage1] No improv. Best so far: 0.2740 (epoch 3977)
[Stage1] Epoch 4004 - Val R²: 0.7207 | Reg Val Loss: 0.2740
[Stage1] New best (epoch 4004) Val Loss: 0.2740 — saved: checkpoints\nnknn_regression_best_califonia_housing_softmax_fold_1_retr.pth
[Stage1] Epoch 4005 - Val R²: 0.7206 | Reg Val Loss: 0.2740
[Stage1] No improv. Best so far: 0.2740 (epoch 4004)
[Stage1] Epoch 4006 - Val R²: 0.7206 | Reg Val Loss: 0.2741
[Stage1] No improv. Best so far: 0.2740 (epoch 4004)
[Stage1] Epoch 4007 - Val R²: 0.7205 | Reg Val Loss: 0.2741
[Stage1] No improv. Best so far: 0.2740 (epoch 4004)
[Stage1] Epoch 4008 - Val R²: 0.7206 | Reg Val Loss: 0.2740
[Stage1] No improv. Best so far: 0.2740 (epoch 4004)
[Stage1] Epoch 4009 - Val R²: 0.7206 | Reg Val Loss: 0.2740
[Stage1] No improv. Best so far: 0.2740 (epoch 4004)
[Stage1] Epoch 4010 - Val R²: 0.7207 | Reg Val Loss: 0.2740
[Stage1] New best (epoch 4010) Val Loss: 0.2740 — saved: checkpoints\nnknn_regression_best_califonia_housing_softmax_fold_1_retr.pth
[Stage1] Epoch 4011 - Val R²: 0.7206 | Reg Val Loss: 0.2740
[Stage1] No improv. Best so far: 0.2740 (epoch 4010)
[Stage1] Epoch 4012 - Val R²: 0.7206 | Reg Val Loss: 0.2741
[Stage1] No improv. Best so far: 0.2740 (epoch 4010)
[Stage1] Epoch 4013 - Val R²: 0.7206 | Reg Val Loss: 0.2740
[Stage1] No improv. Best so far: 0.2740 (epoch 4010)
[Stage1] Epoch 4014 - Val R²: 0.7206 | Reg Val Loss: 0.2740
[Stage1] No improv. Best so far: 0.2740 (epoch 4010)
[Stage1] Epoch 4015 - Val R²: 0.7206 | Reg Val Loss: 0.2740
[Stage1] No improv. Best so far: 0.2740 (epoch 4010)
[Stage1] Epoch 4016 - Val R²: 0.7206 | Reg Val Loss: 0.2740
[Stage1] No improv. Best so far: 0.2740 (epoch 4010)
[Stage1] Epoch 4017 - Val R²: 0.7207 | Reg Val Loss: 0.2740
[Stage1] No improv. Best so far: 0.2740 (epoch 4010)
[Stage1] Epoch 4018 - Val R²: 0.7206 | Reg Val Loss: 0.2740
[Stage1] No improv. Best so far: 0.2740 (epoch 4010)
[Stage1] Epoch 4019 - Val R²: 0.7206 | Reg Val Loss: 0.2740
[Stage1] No improv. Best so far: 0.2740 (epoch 4010)
[Stage1] Epoch 4020 - Val R²: 0.7207 | Reg Val Loss: 0.2739
[Stage1] New best (epoch 4020) Val Loss: 0.2739 — saved: checkpoints\nnknn_regression_best_califonia_housing_softmax_fold_1_retr.pth
[Stage1] Epoch 4021 - Val R²: 0.7206 | Reg Val Loss: 0.2740
[Stage1] No improv. Best so far: 0.2739 (epoch 4020)
[Stage1] Epoch 4022 - Val R²: 0.7206 | Reg Val Loss: 0.2740
[Stage1] No improv. Best so far: 0.2739 (epoch 4020)
[Stage1] Epoch 4023 - Val R²: 0.7206 | Reg Val Loss: 0.2740
[Stage1] No improv. Best so far: 0.2739 (epoch 4020)
[Stage1] Epoch 4024 - Val R²: 0.7207 | Reg Val Loss: 0.2739
[Stage1] No improv. Best so far: 0.2739 (epoch 4020)
[Stage1] Epoch 4025 - Val R²: 0.7206 | Reg Val Loss: 0.2740
[Stage1] No improv. Best so far: 0.2739 (epoch 4020)
[Stage1] Epoch 4026 - Val R²: 0.7206 | Reg Val Loss: 0.2740
[Stage1] No improv. Best so far: 0.2739 (epoch 4020)
[Stage1] Epoch 4027 - Val R²: 0.7207 | Reg Val Loss: 0.2739
[Stage1] No improv. Best so far: 0.2739 (epoch 4020)
[Stage1] Epoch 4028 - Val R²: 0.7207 | Reg Val Loss: 0.2740
[Stage1] No improv. Best so far: 0.2739 (epoch 4020)
[Stage1] Epoch 4029 - Val R²: 0.7207 | Reg Val Loss: 0.2740
[Stage1] No improv. Best so far: 0.2739 (epoch 4020)
[Stage1] Epoch 4030 - Val R²: 0.7207 | Reg Val Loss: 0.2739
[Stage1] No improv. Best so far: 0.2739 (epoch 4020)
[Stage1] Epoch 4031 - Val R²: 0.7206 | Reg Val Loss: 0.2740
[Stage1] No improv. Best so far: 0.2739 (epoch 4020)
[Stage1] Epoch 4032 - Val R²: 0.7207 | Reg Val Loss: 0.2740
[Stage1] No improv. Best so far: 0.2739 (epoch 4020)
[Stage1] Epoch 4033 - Val R²: 0.7207 | Reg Val Loss: 0.2740
[Stage1] No improv. Best so far: 0.2739 (epoch 4020)
[Stage1] Epoch 4034 - Val R²: 0.7206 | Reg Val Loss: 0.2740
[Stage1] No improv. Best so far: 0.2739 (epoch 4020)
[Stage1] Epoch 4035 - Val R²: 0.7207 | Reg Val Loss: 0.2739
[Stage1] New best (epoch 4035) Val Loss: 0.2739 — saved: checkpoints\nnknn_regression_best_califonia_housing_softmax_fold_1_retr.pth
[Stage1] Epoch 4036 - Val R²: 0.7207 | Reg Val Loss: 0.2740
[Stage1] No improv. Best so far: 0.2739 (epoch 4035)
[Stage1] Epoch 4037 - Val R²: 0.7206 | Reg Val Loss: 0.2740
[Stage1] No improv. Best so far: 0.2739 (epoch 4035)
[Stage1] Epoch 4038 - Val R²: 0.7206 | Reg Val Loss: 0.2740
[Stage1] No improv. Best so far: 0.2739 (epoch 4035)
[Stage1] Epoch 4039 - Val R²: 0.7206 | Reg Val Loss: 0.2740
[Stage1] No improv. Best so far: 0.2739 (epoch 4035)
[Stage1] Epoch 4040 - Val R²: 0.7206 | Reg Val Loss: 0.2740
[Stage1] No improv. Best so far: 0.2739 (epoch 4035)
[Stage1] Epoch 4041 - Val R²: 0.7207 | Reg Val Loss: 0.2740
[Stage1] No improv. Best so far: 0.2739 (epoch 4035)
[Stage1] Epoch 4042 - Val R²: 0.7207 | Reg Val Loss: 0.2740
[Stage1] No improv. Best so far: 0.2739 (epoch 4035)
[Stage1] Epoch 4043 - Val R²: 0.7206 | Reg Val Loss: 0.2740
[Stage1] No improv. Best so far: 0.2739 (epoch 4035)
[Stage1] Epoch 4044 - Val R²: 0.7205 | Reg Val Loss: 0.2741
[Stage1] No improv. Best so far: 0.2739 (epoch 4035)
[Stage1] Epoch 4045 - Val R²: 0.7205 | Reg Val Loss: 0.2741
[Stage1] No improv. Best so far: 0.2739 (epoch 4035)
[Stage1] Epoch 4046 - Val R²: 0.7205 | Reg Val Loss: 0.2741
[Stage1] No improv. Best so far: 0.2739 (epoch 4035)
[Stage1] Epoch 4047 - Val R²: 0.7206 | Reg Val Loss: 0.2740
[Stage1] No improv. Best so far: 0.2739 (epoch 4035)
[Stage1] Epoch 4048 - Val R²: 0.7206 | Reg Val Loss: 0.2740
[Stage1] No improv. Best so far: 0.2739 (epoch 4035)
[Stage1] Epoch 4049 - Val R²: 0.7207 | Reg Val Loss: 0.2740
[Stage1] No improv. Best so far: 0.2739 (epoch 4035)
[Stage1] Epoch 4050 - Val R²: 0.7206 | Reg Val Loss: 0.2740
[Stage1] No improv. Best so far: 0.2739 (epoch 4035)
[Stage1] Epoch 4051 - Val R²: 0.7206 | Reg Val Loss: 0.2740
[Stage1] No improv. Best so far: 0.2739 (epoch 4035)
[Stage1] Epoch 4052 - Val R²: 0.7207 | Reg Val Loss: 0.2740
[Stage1] No improv. Best so far: 0.2739 (epoch 4035)
[Stage1] Epoch 4053 - Val R²: 0.7207 | Reg Val Loss: 0.2740
[Stage1] No improv. Best so far: 0.2739 (epoch 4035)
[Stage1] Epoch 4054 - Val R²: 0.7207 | Reg Val Loss: 0.2740
[Stage1] No improv. Best so far: 0.2739 (epoch 4035)
[Stage1] Epoch 4055 - Val R²: 0.7206 | Reg Val Loss: 0.2740
[Stage1] No improv. Best so far: 0.2739 (epoch 4035)
[Stage1] Epoch 4056 - Val R²: 0.7206 | Reg Val Loss: 0.2740
[Stage1] No improv. Best so far: 0.2739 (epoch 4035)
[Stage1] Epoch 4057 - Val R²: 0.7206 | Reg Val Loss: 0.2740
[Stage1] No improv. Best so far: 0.2739 (epoch 4035)
[Stage1] Epoch 4058 - Val R²: 0.7206 | Reg Val Loss: 0.2740
[Stage1] No improv. Best so far: 0.2739 (epoch 4035)
[Stage1] Epoch 4059 - Val R²: 0.7206 | Reg Val Loss: 0.2740
[Stage1] No improv. Best so far: 0.2739 (epoch 4035)
[Stage1] Epoch 4060 - Val R²: 0.7206 | Reg Val Loss: 0.2740
[Stage1] No improv. Best so far: 0.2739 (epoch 4035)
[Stage1] Epoch 4061 - Val R²: 0.7207 | Reg Val Loss: 0.2740
[Stage1] No improv. Best so far: 0.2739 (epoch 4035)
[Stage1] Epoch 4062 - Val R²: 0.7206 | Reg Val Loss: 0.2740
[Stage1] No improv. Best so far: 0.2739 (epoch 4035)
[Stage1] Epoch 4063 - Val R²: 0.7206 | Reg Val Loss: 0.2740
[Stage1] No improv. Best so far: 0.2739 (epoch 4035)
[Stage1] Epoch 4064 - Val R²: 0.7206 | Reg Val Loss: 0.2740
[Stage1] No improv. Best so far: 0.2739 (epoch 4035)
[Stage1] Epoch 4065 - Val R²: 0.7206 | Reg Val Loss: 0.2740
[Stage1] No improv. Best so far: 0.2739 (epoch 4035)
[Stage1] Epoch 4066 - Val R²: 0.7206 | Reg Val Loss: 0.2741
[Stage1] No improv. Best so far: 0.2739 (epoch 4035)
[Stage1] Epoch 4067 - Val R²: 0.7207 | Reg Val Loss: 0.2740
[Stage1] No improv. Best so far: 0.2739 (epoch 4035)
[Stage1] Epoch 4068 - Val R²: 0.7207 | Reg Val Loss: 0.2739
[Stage1] No improv. Best so far: 0.2739 (epoch 4035)
[Stage1] Epoch 4069 - Val R²: 0.7207 | Reg Val Loss: 0.2739
[Stage1] No improv. Best so far: 0.2739 (epoch 4035)
[Stage1] Epoch 4070 - Val R²: 0.7206 | Reg Val Loss: 0.2740
[Stage1] No improv. Best so far: 0.2739 (epoch 4035)
[Stage1] Epoch 4071 - Val R²: 0.7207 | Reg Val Loss: 0.2740
[Stage1] No improv. Best so far: 0.2739 (epoch 4035)
[Stage1] Epoch 4072 - Val R²: 0.7207 | Reg Val Loss: 0.2740
[Stage1] No improv. Best so far: 0.2739 (epoch 4035)
[Stage1] Epoch 4073 - Val R²: 0.7207 | Reg Val Loss: 0.2739
[Stage1] New best (epoch 4073) Val Loss: 0.2739 — saved: checkpoints\nnknn_regression_best_califonia_housing_softmax_fold_1_retr.pth
[Stage1] Epoch 4074 - Val R²: 0.7207 | Reg Val Loss: 0.2739
[Stage1] No improv. Best so far: 0.2739 (epoch 4073)
[Stage1] Epoch 4075 - Val R²: 0.7207 | Reg Val Loss: 0.2740
[Stage1] No improv. Best so far: 0.2739 (epoch 4073)
[Stage1] Epoch 4076 - Val R²: 0.7207 | Reg Val Loss: 0.2739
[Stage1] No improv. Best so far: 0.2739 (epoch 4073)
[Stage1] Epoch 4077 - Val R²: 0.7207 | Reg Val Loss: 0.2740
[Stage1] No improv. Best so far: 0.2739 (epoch 4073)
[Stage1] Epoch 4078 - Val R²: 0.7207 | Reg Val Loss: 0.2740
[Stage1] No improv. Best so far: 0.2739 (epoch 4073)
[Stage1] Epoch 4079 - Val R²: 0.7207 | Reg Val Loss: 0.2739
[Stage1] No improv. Best so far: 0.2739 (epoch 4073)
[Stage1] Epoch 4080 - Val R²: 0.7207 | Reg Val Loss: 0.2739
[Stage1] No improv. Best so far: 0.2739 (epoch 4073)
[Stage1] Epoch 4081 - Val R²: 0.7207 | Reg Val Loss: 0.2740
[Stage1] No improv. Best so far: 0.2739 (epoch 4073)
[Stage1] Epoch 4082 - Val R²: 0.7206 | Reg Val Loss: 0.2740
[Stage1] No improv. Best so far: 0.2739 (epoch 4073)
[Stage1] Epoch 4083 - Val R²: 0.7207 | Reg Val Loss: 0.2739
[Stage1] No improv. Best so far: 0.2739 (epoch 4073)
[Stage1] Epoch 4084 - Val R²: 0.7207 | Reg Val Loss: 0.2740
[Stage1] No improv. Best so far: 0.2739 (epoch 4073)
[Stage1] Epoch 4085 - Val R²: 0.7207 | Reg Val Loss: 0.2740
[Stage1] No improv. Best so far: 0.2739 (epoch 4073)
[Stage1] Epoch 4086 - Val R²: 0.7183 | Reg Val Loss: 0.2763
[Stage1] No improv. Best so far: 0.2739 (epoch 4073)
[Stage1] Epoch 4087 - Val R²: 0.7207 | Reg Val Loss: 0.2739
[Stage1] No improv. Best so far: 0.2739 (epoch 4073)
[Stage1] Epoch 4088 - Val R²: 0.7206 | Reg Val Loss: 0.2740
[Stage1] No improv. Best so far: 0.2739 (epoch 4073)
[Stage1] Epoch 4089 - Val R²: 0.7207 | Reg Val Loss: 0.2739
[Stage1] No improv. Best so far: 0.2739 (epoch 4073)
[Stage1] Epoch 4090 - Val R²: 0.7207 | Reg Val Loss: 0.2739
[Stage1] No improv. Best so far: 0.2739 (epoch 4073)
[Stage1] Epoch 4091 - Val R²: 0.7207 | Reg Val Loss: 0.2740
[Stage1] No improv. Best so far: 0.2739 (epoch 4073)
[Stage1] Epoch 4092 - Val R²: 0.7206 | Reg Val Loss: 0.2740
[Stage1] No improv. Best so far: 0.2739 (epoch 4073)
[Stage1] Epoch 4093 - Val R²: 0.7206 | Reg Val Loss: 0.2740
[Stage1] No improv. Best so far: 0.2739 (epoch 4073)
[Stage1] Epoch 4094 - Val R²: 0.7207 | Reg Val Loss: 0.2740
[Stage1] No improv. Best so far: 0.2739 (epoch 4073)
[Stage1] Epoch 4095 - Val R²: 0.7207 | Reg Val Loss: 0.2740
[Stage1] No improv. Best so far: 0.2739 (epoch 4073)
[Stage1] Epoch 4096 - Val R²: 0.7207 | Reg Val Loss: 0.2740
[Stage1] No improv. Best so far: 0.2739 (epoch 4073)
[Stage1] Epoch 4097 - Val R²: 0.7207 | Reg Val Loss: 0.2740
[Stage1] No improv. Best so far: 0.2739 (epoch 4073)
[Stage1] Epoch 4098 - Val R²: 0.7207 | Reg Val Loss: 0.2739
[Stage1] No improv. Best so far: 0.2739 (epoch 4073)
[Stage1] Epoch 4099 - Val R²: 0.7207 | Reg Val Loss: 0.2739
[Stage1] New best (epoch 4099) Val Loss: 0.2739 — saved: checkpoints\nnknn_regression_best_califonia_housing_softmax_fold_1_retr.pth
[Stage1] Epoch 4100 - Val R²: 0.7207 | Reg Val Loss: 0.2739
[Stage1] No improv. Best so far: 0.2739 (epoch 4099)
[Stage1] Epoch 4101 - Val R²: 0.7207 | Reg Val Loss: 0.2739
[Stage1] No improv. Best so far: 0.2739 (epoch 4099)
[Stage1] Epoch 4102 - Val R²: 0.7207 | Reg Val Loss: 0.2739
[Stage1] No improv. Best so far: 0.2739 (epoch 4099)
[Stage1] Epoch 4103 - Val R²: 0.7207 | Reg Val Loss: 0.2739
[Stage1] No improv. Best so far: 0.2739 (epoch 4099)
[Stage1] Epoch 4104 - Val R²: 0.7207 | Reg Val Loss: 0.2739
[Stage1] No improv. Best so far: 0.2739 (epoch 4099)
[Stage1] Epoch 4105 - Val R²: 0.7207 | Reg Val Loss: 0.2739
[Stage1] No improv. Best so far: 0.2739 (epoch 4099)
[Stage1] Epoch 4106 - Val R²: 0.7207 | Reg Val Loss: 0.2739
[Stage1] No improv. Best so far: 0.2739 (epoch 4099)
[Stage1] Epoch 4107 - Val R²: 0.7207 | Reg Val Loss: 0.2740
[Stage1] No improv. Best so far: 0.2739 (epoch 4099)
[Stage1] Epoch 4108 - Val R²: 0.7207 | Reg Val Loss: 0.2739
[Stage1] No improv. Best so far: 0.2739 (epoch 4099)
[Stage1] Epoch 4109 - Val R²: 0.7207 | Reg Val Loss: 0.2739
[Stage1] No improv. Best so far: 0.2739 (epoch 4099)
[Stage1] Epoch 4110 - Val R²: 0.7208 | Reg Val Loss: 0.2738
[Stage1] New best (epoch 4110) Val Loss: 0.2738 — saved: checkpoints\nnknn_regression_best_califonia_housing_softmax_fold_1_retr.pth
[Stage1] Epoch 4111 - Val R²: 0.7207 | Reg Val Loss: 0.2739
[Stage1] No improv. Best so far: 0.2738 (epoch 4110)
[Stage1] Epoch 4112 - Val R²: 0.7207 | Reg Val Loss: 0.2739
[Stage1] No improv. Best so far: 0.2738 (epoch 4110)
[Stage1] Epoch 4113 - Val R²: 0.7207 | Reg Val Loss: 0.2739
[Stage1] No improv. Best so far: 0.2738 (epoch 4110)
[Stage1] Epoch 4114 - Val R²: 0.7207 | Reg Val Loss: 0.2739
[Stage1] No improv. Best so far: 0.2738 (epoch 4110)
[Stage1] Epoch 4115 - Val R²: 0.7207 | Reg Val Loss: 0.2739
[Stage1] No improv. Best so far: 0.2738 (epoch 4110)
[Stage1] Epoch 4116 - Val R²: 0.7207 | Reg Val Loss: 0.2740
[Stage1] No improv. Best so far: 0.2738 (epoch 4110)
[Stage1] Epoch 4117 - Val R²: 0.7208 | Reg Val Loss: 0.2739
[Stage1] No improv. Best so far: 0.2738 (epoch 4110)
[Stage1] Epoch 4118 - Val R²: 0.7207 | Reg Val Loss: 0.2740
[Stage1] No improv. Best so far: 0.2738 (epoch 4110)
[Stage1] Epoch 4119 - Val R²: 0.7207 | Reg Val Loss: 0.2740
[Stage1] No improv. Best so far: 0.2738 (epoch 4110)
[Stage1] Epoch 4120 - Val R²: 0.7206 | Reg Val Loss: 0.2740
[Stage1] No improv. Best so far: 0.2738 (epoch 4110)
[Stage1] Epoch 4121 - Val R²: 0.7207 | Reg Val Loss: 0.2739
[Stage1] No improv. Best so far: 0.2738 (epoch 4110)
[Stage1] Epoch 4122 - Val R²: 0.7207 | Reg Val Loss: 0.2740
[Stage1] No improv. Best so far: 0.2738 (epoch 4110)
[Stage1] Epoch 4123 - Val R²: 0.7207 | Reg Val Loss: 0.2740
[Stage1] No improv. Best so far: 0.2738 (epoch 4110)
[Stage1] Epoch 4124 - Val R²: 0.7208 | Reg Val Loss: 0.2739
[Stage1] No improv. Best so far: 0.2738 (epoch 4110)
[Stage1] Epoch 4125 - Val R²: 0.7208 | Reg Val Loss: 0.2739
[Stage1] No improv. Best so far: 0.2738 (epoch 4110)
[Stage1] Epoch 4126 - Val R²: 0.7208 | Reg Val Loss: 0.2739
[Stage1] No improv. Best so far: 0.2738 (epoch 4110)
[Stage1] Epoch 4127 - Val R²: 0.7207 | Reg Val Loss: 0.2739
[Stage1] No improv. Best so far: 0.2738 (epoch 4110)
[Stage1] Epoch 4128 - Val R²: 0.7207 | Reg Val Loss: 0.2739
[Stage1] No improv. Best so far: 0.2738 (epoch 4110)
[Stage1] Epoch 4129 - Val R²: 0.7207 | Reg Val Loss: 0.2739
[Stage1] No improv. Best so far: 0.2738 (epoch 4110)
[Stage1] Epoch 4130 - Val R²: 0.7207 | Reg Val Loss: 0.2739
[Stage1] No improv. Best so far: 0.2738 (epoch 4110)
[Stage1] Epoch 4131 - Val R²: 0.7207 | Reg Val Loss: 0.2739
[Stage1] No improv. Best so far: 0.2738 (epoch 4110)
[Stage1] Epoch 4132 - Val R²: 0.7207 | Reg Val Loss: 0.2739
[Stage1] No improv. Best so far: 0.2738 (epoch 4110)
[Stage1] Epoch 4133 - Val R²: 0.7207 | Reg Val Loss: 0.2739
[Stage1] No improv. Best so far: 0.2738 (epoch 4110)
[Stage1] Epoch 4134 - Val R²: 0.7207 | Reg Val Loss: 0.2739
[Stage1] No improv. Best so far: 0.2738 (epoch 4110)
[Stage1] Epoch 4135 - Val R²: 0.7207 | Reg Val Loss: 0.2739
[Stage1] No improv. Best so far: 0.2738 (epoch 4110)
[Stage1] Epoch 4136 - Val R²: 0.7207 | Reg Val Loss: 0.2739
[Stage1] No improv. Best so far: 0.2738 (epoch 4110)
[Stage1] Epoch 4137 - Val R²: 0.7207 | Reg Val Loss: 0.2739
[Stage1] No improv. Best so far: 0.2738 (epoch 4110)
[Stage1] Epoch 4138 - Val R²: 0.7207 | Reg Val Loss: 0.2739
[Stage1] No improv. Best so far: 0.2738 (epoch 4110)
[Stage1] Epoch 4139 - Val R²: 0.7207 | Reg Val Loss: 0.2739
[Stage1] No improv. Best so far: 0.2738 (epoch 4110)
[Stage1] Epoch 4140 - Val R²: 0.7208 | Reg Val Loss: 0.2739
[Stage1] No improv. Best so far: 0.2738 (epoch 4110)
[Stage1] Epoch 4141 - Val R²: 0.7207 | Reg Val Loss: 0.2739
[Stage1] No improv. Best so far: 0.2738 (epoch 4110)
[Stage1] Epoch 4142 - Val R²: 0.7207 | Reg Val Loss: 0.2739
[Stage1] No improv. Best so far: 0.2738 (epoch 4110)
[Stage1] Epoch 4143 - Val R²: 0.7207 | Reg Val Loss: 0.2739
[Stage1] No improv. Best so far: 0.2738 (epoch 4110)
[Stage1] Epoch 4144 - Val R²: 0.7207 | Reg Val Loss: 0.2739
[Stage1] No improv. Best so far: 0.2738 (epoch 4110)
[Stage1] Epoch 4145 - Val R²: 0.7207 | Reg Val Loss: 0.2739
[Stage1] No improv. Best so far: 0.2738 (epoch 4110)
[Stage1] Epoch 4146 - Val R²: 0.7207 | Reg Val Loss: 0.2739
[Stage1] No improv. Best so far: 0.2738 (epoch 4110)
[Stage1] Epoch 4147 - Val R²: 0.7208 | Reg Val Loss: 0.2738
[Stage1] New best (epoch 4147) Val Loss: 0.2738 — saved: checkpoints\nnknn_regression_best_califonia_housing_softmax_fold_1_retr.pth
[Stage1] Epoch 4148 - Val R²: 0.7209 | Reg Val Loss: 0.2738
[Stage1] New best (epoch 4148) Val Loss: 0.2738 — saved: checkpoints\nnknn_regression_best_califonia_housing_softmax_fold_1_retr.pth
[Stage1] Epoch 4149 - Val R²: 0.7208 | Reg Val Loss: 0.2739
[Stage1] No improv. Best so far: 0.2738 (epoch 4148)
[Stage1] Epoch 4150 - Val R²: 0.7207 | Reg Val Loss: 0.2739
[Stage1] No improv. Best so far: 0.2738 (epoch 4148)
[Stage1] Epoch 4151 - Val R²: 0.7207 | Reg Val Loss: 0.2739
[Stage1] No improv. Best so far: 0.2738 (epoch 4148)
[Stage1] Epoch 4152 - Val R²: 0.7207 | Reg Val Loss: 0.2739
[Stage1] No improv. Best so far: 0.2738 (epoch 4148)
[Stage1] Epoch 4153 - Val R²: 0.7207 | Reg Val Loss: 0.2739
[Stage1] No improv. Best so far: 0.2738 (epoch 4148)
[Stage1] Epoch 4154 - Val R²: 0.7209 | Reg Val Loss: 0.2738
[Stage1] No improv. Best so far: 0.2738 (epoch 4148)
[Stage1] Epoch 4155 - Val R²: 0.7208 | Reg Val Loss: 0.2738
[Stage1] No improv. Best so far: 0.2738 (epoch 4148)
[Stage1] Epoch 4156 - Val R²: 0.7208 | Reg Val Loss: 0.2738
[Stage1] No improv. Best so far: 0.2738 (epoch 4148)
[Stage1] Epoch 4157 - Val R²: 0.7208 | Reg Val Loss: 0.2739
[Stage1] No improv. Best so far: 0.2738 (epoch 4148)
[Stage1] Epoch 4158 - Val R²: 0.7208 | Reg Val Loss: 0.2739
[Stage1] No improv. Best so far: 0.2738 (epoch 4148)
[Stage1] Epoch 4159 - Val R²: 0.7208 | Reg Val Loss: 0.2739
[Stage1] No improv. Best so far: 0.2738 (epoch 4148)
[Stage1] Epoch 4160 - Val R²: 0.7208 | Reg Val Loss: 0.2739
[Stage1] No improv. Best so far: 0.2738 (epoch 4148)
[Stage1] Epoch 4161 - Val R²: 0.7208 | Reg Val Loss: 0.2738
[Stage1] No improv. Best so far: 0.2738 (epoch 4148)
[Stage1] Epoch 4162 - Val R²: 0.7208 | Reg Val Loss: 0.2738
[Stage1] No improv. Best so far: 0.2738 (epoch 4148)
[Stage1] Epoch 4163 - Val R²: 0.7208 | Reg Val Loss: 0.2738
[Stage1] No improv. Best so far: 0.2738 (epoch 4148)
[Stage1] Epoch 4164 - Val R²: 0.7208 | Reg Val Loss: 0.2738
[Stage1] No improv. Best so far: 0.2738 (epoch 4148)
[Stage1] Epoch 4165 - Val R²: 0.7208 | Reg Val Loss: 0.2738
[Stage1] No improv. Best so far: 0.2738 (epoch 4148)
[Stage1] Epoch 4166 - Val R²: 0.7208 | Reg Val Loss: 0.2739
[Stage1] No improv. Best so far: 0.2738 (epoch 4148)
[Stage1] Epoch 4167 - Val R²: 0.7208 | Reg Val Loss: 0.2738
[Stage1] No improv. Best so far: 0.2738 (epoch 4148)
[Stage1] Epoch 4168 - Val R²: 0.7207 | Reg Val Loss: 0.2739
[Stage1] No improv. Best so far: 0.2738 (epoch 4148)
[Stage1] Epoch 4169 - Val R²: 0.7208 | Reg Val Loss: 0.2739
[Stage1] No improv. Best so far: 0.2738 (epoch 4148)
[Stage1] Epoch 4170 - Val R²: 0.7208 | Reg Val Loss: 0.2739
[Stage1] No improv. Best so far: 0.2738 (epoch 4148)
[Stage1] Epoch 4171 - Val R²: 0.7208 | Reg Val Loss: 0.2739
[Stage1] No improv. Best so far: 0.2738 (epoch 4148)
[Stage1] Epoch 4172 - Val R²: 0.7208 | Reg Val Loss: 0.2739
[Stage1] No improv. Best so far: 0.2738 (epoch 4148)
[Stage1] Epoch 4173 - Val R²: 0.7207 | Reg Val Loss: 0.2739
[Stage1] No improv. Best so far: 0.2738 (epoch 4148)
[Stage1] Epoch 4174 - Val R²: 0.7208 | Reg Val Loss: 0.2739
[Stage1] No improv. Best so far: 0.2738 (epoch 4148)
[Stage1] Epoch 4175 - Val R²: 0.7208 | Reg Val Loss: 0.2739
[Stage1] No improv. Best so far: 0.2738 (epoch 4148)
[Stage1] Epoch 4176 - Val R²: 0.7208 | Reg Val Loss: 0.2739
[Stage1] No improv. Best so far: 0.2738 (epoch 4148)
[Stage1] Epoch 4177 - Val R²: 0.7208 | Reg Val Loss: 0.2739
[Stage1] No improv. Best so far: 0.2738 (epoch 4148)
[Stage1] Epoch 4178 - Val R²: 0.7208 | Reg Val Loss: 0.2739
[Stage1] No improv. Best so far: 0.2738 (epoch 4148)
[Stage1] Epoch 4179 - Val R²: 0.7208 | Reg Val Loss: 0.2738
[Stage1] No improv. Best so far: 0.2738 (epoch 4148)
[Stage1] Epoch 4180 - Val R²: 0.7208 | Reg Val Loss: 0.2738
[Stage1] No improv. Best so far: 0.2738 (epoch 4148)
[Stage1] Epoch 4181 - Val R²: 0.7208 | Reg Val Loss: 0.2738
[Stage1] No improv. Best so far: 0.2738 (epoch 4148)
[Stage1] Epoch 4182 - Val R²: 0.7208 | Reg Val Loss: 0.2738
[Stage1] No improv. Best so far: 0.2738 (epoch 4148)
[Stage1] Epoch 4183 - Val R²: 0.7208 | Reg Val Loss: 0.2738
[Stage1] No improv. Best so far: 0.2738 (epoch 4148)
[Stage1] Epoch 4184 - Val R²: 0.7208 | Reg Val Loss: 0.2738
[Stage1] No improv. Best so far: 0.2738 (epoch 4148)
[Stage1] Epoch 4185 - Val R²: 0.7208 | Reg Val Loss: 0.2739
[Stage1] No improv. Best so far: 0.2738 (epoch 4148)
[Stage1] Epoch 4186 - Val R²: 0.7207 | Reg Val Loss: 0.2739
[Stage1] No improv. Best so far: 0.2738 (epoch 4148)
[Stage1] Epoch 4187 - Val R²: 0.7208 | Reg Val Loss: 0.2739
[Stage1] No improv. Best so far: 0.2738 (epoch 4148)
[Stage1] Epoch 4188 - Val R²: 0.7207 | Reg Val Loss: 0.2739
[Stage1] No improv. Best so far: 0.2738 (epoch 4148)
[Stage1] Epoch 4189 - Val R²: 0.7208 | Reg Val Loss: 0.2739
[Stage1] No improv. Best so far: 0.2738 (epoch 4148)
[Stage1] Epoch 4190 - Val R²: 0.7208 | Reg Val Loss: 0.2739
[Stage1] No improv. Best so far: 0.2738 (epoch 4148)
[Stage1] Epoch 4191 - Val R²: 0.7209 | Reg Val Loss: 0.2738
[Stage1] No improv. Best so far: 0.2738 (epoch 4148)
[Stage1] Epoch 4192 - Val R²: 0.7209 | Reg Val Loss: 0.2738
[Stage1] No improv. Best so far: 0.2738 (epoch 4148)
[Stage1] Epoch 4193 - Val R²: 0.7208 | Reg Val Loss: 0.2738
[Stage1] No improv. Best so far: 0.2738 (epoch 4148)
[Stage1] Epoch 4194 - Val R²: 0.7208 | Reg Val Loss: 0.2738
[Stage1] No improv. Best so far: 0.2738 (epoch 4148)
[Stage1] Epoch 4195 - Val R²: 0.7208 | Reg Val Loss: 0.2739
[Stage1] No improv. Best so far: 0.2738 (epoch 4148)
[Stage1] Epoch 4196 - Val R²: 0.7209 | Reg Val Loss: 0.2738
[Stage1] No improv. Best so far: 0.2738 (epoch 4148)
[Stage1] Epoch 4197 - Val R²: 0.7209 | Reg Val Loss: 0.2737
[Stage1] New best (epoch 4197) Val Loss: 0.2737 — saved: checkpoints\nnknn_regression_best_califonia_housing_softmax_fold_1_retr.pth
[Stage1] Epoch 4198 - Val R²: 0.7208 | Reg Val Loss: 0.2739
[Stage1] No improv. Best so far: 0.2737 (epoch 4197)
[Stage1] Epoch 4199 - Val R²: 0.7209 | Reg Val Loss: 0.2738
[Stage1] No improv. Best so far: 0.2737 (epoch 4197)
[Stage1] Epoch 4200 - Val R²: 0.7208 | Reg Val Loss: 0.2738
[Stage1] No improv. Best so far: 0.2737 (epoch 4197)
[Stage1] Epoch 4201 - Val R²: 0.7208 | Reg Val Loss: 0.2739
[Stage1] No improv. Best so far: 0.2737 (epoch 4197)
[Stage1] Epoch 4202 - Val R²: 0.7208 | Reg Val Loss: 0.2738
[Stage1] No improv. Best so far: 0.2737 (epoch 4197)
[Stage1] Epoch 4203 - Val R²: 0.7208 | Reg Val Loss: 0.2738
[Stage1] No improv. Best so far: 0.2737 (epoch 4197)
[Stage1] Epoch 4204 - Val R²: 0.7209 | Reg Val Loss: 0.2738
[Stage1] No improv. Best so far: 0.2737 (epoch 4197)
[Stage1] Epoch 4205 - Val R²: 0.7209 | Reg Val Loss: 0.2737
[Stage1] New best (epoch 4205) Val Loss: 0.2737 — saved: checkpoints\nnknn_regression_best_califonia_housing_softmax_fold_1_retr.pth
[Stage1] Epoch 4206 - Val R²: 0.7209 | Reg Val Loss: 0.2737
[Stage1] New best (epoch 4206) Val Loss: 0.2737 — saved: checkpoints\nnknn_regression_best_califonia_housing_softmax_fold_1_retr.pth
[Stage1] Epoch 4207 - Val R²: 0.7209 | Reg Val Loss: 0.2737
[Stage1] New best (epoch 4207) Val Loss: 0.2737 — saved: checkpoints\nnknn_regression_best_califonia_housing_softmax_fold_1_retr.pth
[Stage1] Epoch 4208 - Val R²: 0.7209 | Reg Val Loss: 0.2737
[Stage1] No improv. Best so far: 0.2737 (epoch 4207)
[Stage1] Epoch 4209 - Val R²: 0.7209 | Reg Val Loss: 0.2737
[Stage1] No improv. Best so far: 0.2737 (epoch 4207)
[Stage1] Epoch 4210 - Val R²: 0.7209 | Reg Val Loss: 0.2738
[Stage1] No improv. Best so far: 0.2737 (epoch 4207)
[Stage1] Epoch 4211 - Val R²: 0.7209 | Reg Val Loss: 0.2737
[Stage1] New best (epoch 4211) Val Loss: 0.2737 — saved: checkpoints\nnknn_regression_best_califonia_housing_softmax_fold_1_retr.pth
[Stage1] Epoch 4212 - Val R²: 0.7209 | Reg Val Loss: 0.2738
[Stage1] No improv. Best so far: 0.2737 (epoch 4211)
[Stage1] Epoch 4213 - Val R²: 0.7209 | Reg Val Loss: 0.2737
[Stage1] No improv. Best so far: 0.2737 (epoch 4211)
[Stage1] Epoch 4214 - Val R²: 0.7209 | Reg Val Loss: 0.2738
[Stage1] No improv. Best so far: 0.2737 (epoch 4211)
[Stage1] Epoch 4215 - Val R²: 0.7209 | Reg Val Loss: 0.2738
[Stage1] No improv. Best so far: 0.2737 (epoch 4211)
[Stage1] Epoch 4216 - Val R²: 0.7208 | Reg Val Loss: 0.2739
[Stage1] No improv. Best so far: 0.2737 (epoch 4211)
[Stage1] Epoch 4217 - Val R²: 0.7209 | Reg Val Loss: 0.2738
[Stage1] No improv. Best so far: 0.2737 (epoch 4211)
[Stage1] Epoch 4218 - Val R²: 0.7208 | Reg Val Loss: 0.2738
[Stage1] No improv. Best so far: 0.2737 (epoch 4211)
[Stage1] Epoch 4219 - Val R²: 0.7208 | Reg Val Loss: 0.2738
[Stage1] No improv. Best so far: 0.2737 (epoch 4211)
[Stage1] Epoch 4220 - Val R²: 0.7209 | Reg Val Loss: 0.2737
[Stage1] New best (epoch 4220) Val Loss: 0.2737 — saved: checkpoints\nnknn_regression_best_califonia_housing_softmax_fold_1_retr.pth
[Stage1] Epoch 4221 - Val R²: 0.7209 | Reg Val Loss: 0.2738
[Stage1] No improv. Best so far: 0.2737 (epoch 4220)
[Stage1] Epoch 4222 - Val R²: 0.7209 | Reg Val Loss: 0.2738
[Stage1] No improv. Best so far: 0.2737 (epoch 4220)
[Stage1] Epoch 4223 - Val R²: 0.7209 | Reg Val Loss: 0.2738
[Stage1] No improv. Best so far: 0.2737 (epoch 4220)
[Stage1] Epoch 4224 - Val R²: 0.7208 | Reg Val Loss: 0.2738
[Stage1] No improv. Best so far: 0.2737 (epoch 4220)
[Stage1] Epoch 4225 - Val R²: 0.7209 | Reg Val Loss: 0.2738
[Stage1] No improv. Best so far: 0.2737 (epoch 4220)
[Stage1] Epoch 4226 - Val R²: 0.7209 | Reg Val Loss: 0.2737
[Stage1] No improv. Best so far: 0.2737 (epoch 4220)
[Stage1] Epoch 4227 - Val R²: 0.7209 | Reg Val Loss: 0.2737
[Stage1] No improv. Best so far: 0.2737 (epoch 4220)
[Stage1] Epoch 4228 - Val R²: 0.7209 | Reg Val Loss: 0.2738
[Stage1] No improv. Best so far: 0.2737 (epoch 4220)
[Stage1] Epoch 4229 - Val R²: 0.7209 | Reg Val Loss: 0.2737
[Stage1] No improv. Best so far: 0.2737 (epoch 4220)
[Stage1] Epoch 4230 - Val R²: 0.7209 | Reg Val Loss: 0.2737
[Stage1] No improv. Best so far: 0.2737 (epoch 4220)
[Stage1] Epoch 4231 - Val R²: 0.7209 | Reg Val Loss: 0.2737
[Stage1] No improv. Best so far: 0.2737 (epoch 4220)
[Stage1] Epoch 4232 - Val R²: 0.7209 | Reg Val Loss: 0.2737
[Stage1] No improv. Best so far: 0.2737 (epoch 4220)
[Stage1] Epoch 4233 - Val R²: 0.7209 | Reg Val Loss: 0.2737
[Stage1] No improv. Best so far: 0.2737 (epoch 4220)
[Stage1] Epoch 4234 - Val R²: 0.7208 | Reg Val Loss: 0.2738
[Stage1] No improv. Best so far: 0.2737 (epoch 4220)
[Stage1] Epoch 4235 - Val R²: 0.7209 | Reg Val Loss: 0.2738
[Stage1] No improv. Best so far: 0.2737 (epoch 4220)
[Stage1] Epoch 4236 - Val R²: 0.7209 | Reg Val Loss: 0.2738
[Stage1] No improv. Best so far: 0.2737 (epoch 4220)
[Stage1] Epoch 4237 - Val R²: 0.7209 | Reg Val Loss: 0.2737
[Stage1] No improv. Best so far: 0.2737 (epoch 4220)
[Stage1] Epoch 4238 - Val R²: 0.7209 | Reg Val Loss: 0.2738
[Stage1] No improv. Best so far: 0.2737 (epoch 4220)
[Stage1] Epoch 4239 - Val R²: 0.7209 | Reg Val Loss: 0.2737
[Stage1] No improv. Best so far: 0.2737 (epoch 4220)
[Stage1] Epoch 4240 - Val R²: 0.7210 | Reg Val Loss: 0.2736
[Stage1] New best (epoch 4240) Val Loss: 0.2736 — saved: checkpoints\nnknn_regression_best_califonia_housing_softmax_fold_1_retr.pth
[Stage1] Epoch 4241 - Val R²: 0.7210 | Reg Val Loss: 0.2737
[Stage1] No improv. Best so far: 0.2736 (epoch 4240)
[Stage1] Epoch 4242 - Val R²: 0.7210 | Reg Val Loss: 0.2737
[Stage1] No improv. Best so far: 0.2736 (epoch 4240)
[Stage1] Epoch 4243 - Val R²: 0.7210 | Reg Val Loss: 0.2737
[Stage1] No improv. Best so far: 0.2736 (epoch 4240)
[Stage1] Epoch 4244 - Val R²: 0.7209 | Reg Val Loss: 0.2737
[Stage1] No improv. Best so far: 0.2736 (epoch 4240)
[Stage1] Epoch 4245 - Val R²: 0.7209 | Reg Val Loss: 0.2737
[Stage1] No improv. Best so far: 0.2736 (epoch 4240)
[Stage1] Epoch 4246 - Val R²: 0.7209 | Reg Val Loss: 0.2738
[Stage1] No improv. Best so far: 0.2736 (epoch 4240)
[Stage1] Epoch 4247 - Val R²: 0.7209 | Reg Val Loss: 0.2737
[Stage1] No improv. Best so far: 0.2736 (epoch 4240)
[Stage1] Epoch 4248 - Val R²: 0.7209 | Reg Val Loss: 0.2738
[Stage1] No improv. Best so far: 0.2736 (epoch 4240)
[Stage1] Epoch 4249 - Val R²: 0.7209 | Reg Val Loss: 0.2737
[Stage1] No improv. Best so far: 0.2736 (epoch 4240)
[Stage1] Epoch 4250 - Val R²: 0.7209 | Reg Val Loss: 0.2737
[Stage1] No improv. Best so far: 0.2736 (epoch 4240)
[Stage1] Epoch 4251 - Val R²: 0.7209 | Reg Val Loss: 0.2737
[Stage1] No improv. Best so far: 0.2736 (epoch 4240)
[Stage1] Epoch 4252 - Val R²: 0.7209 | Reg Val Loss: 0.2738
[Stage1] No improv. Best so far: 0.2736 (epoch 4240)
[Stage1] Epoch 4253 - Val R²: 0.7210 | Reg Val Loss: 0.2737
[Stage1] No improv. Best so far: 0.2736 (epoch 4240)
[Stage1] Epoch 4254 - Val R²: 0.7210 | Reg Val Loss: 0.2737
[Stage1] No improv. Best so far: 0.2736 (epoch 4240)
[Stage1] Epoch 4255 - Val R²: 0.7209 | Reg Val Loss: 0.2737
[Stage1] No improv. Best so far: 0.2736 (epoch 4240)
[Stage1] Epoch 4256 - Val R²: 0.7209 | Reg Val Loss: 0.2737
[Stage1] No improv. Best so far: 0.2736 (epoch 4240)
[Stage1] Epoch 4257 - Val R²: 0.7210 | Reg Val Loss: 0.2737
[Stage1] No improv. Best so far: 0.2736 (epoch 4240)
[Stage1] Epoch 4258 - Val R²: 0.7210 | Reg Val Loss: 0.2737
[Stage1] No improv. Best so far: 0.2736 (epoch 4240)
[Stage1] Epoch 4259 - Val R²: 0.7209 | Reg Val Loss: 0.2738
[Stage1] No improv. Best so far: 0.2736 (epoch 4240)
[Stage1] Epoch 4260 - Val R²: 0.7209 | Reg Val Loss: 0.2737
[Stage1] No improv. Best so far: 0.2736 (epoch 4240)
[Stage1] Epoch 4261 - Val R²: 0.7210 | Reg Val Loss: 0.2737
[Stage1] No improv. Best so far: 0.2736 (epoch 4240)
[Stage1] Epoch 4262 - Val R²: 0.7210 | Reg Val Loss: 0.2736
[Stage1] New best (epoch 4262) Val Loss: 0.2736 — saved: checkpoints\nnknn_regression_best_califonia_housing_softmax_fold_1_retr.pth
[Stage1] Epoch 4263 - Val R²: 0.7210 | Reg Val Loss: 0.2737
[Stage1] No improv. Best so far: 0.2736 (epoch 4262)
[Stage1] Epoch 4264 - Val R²: 0.7209 | Reg Val Loss: 0.2737
[Stage1] No improv. Best so far: 0.2736 (epoch 4262)
[Stage1] Epoch 4265 - Val R²: 0.7209 | Reg Val Loss: 0.2738
[Stage1] No improv. Best so far: 0.2736 (epoch 4262)
[Stage1] Epoch 4266 - Val R²: 0.7209 | Reg Val Loss: 0.2737
[Stage1] No improv. Best so far: 0.2736 (epoch 4262)
[Stage1] Epoch 4267 - Val R²: 0.7209 | Reg Val Loss: 0.2737
[Stage1] No improv. Best so far: 0.2736 (epoch 4262)
[Stage1] Epoch 4268 - Val R²: 0.7210 | Reg Val Loss: 0.2737
[Stage1] No improv. Best so far: 0.2736 (epoch 4262)
[Stage1] Epoch 4269 - Val R²: 0.7210 | Reg Val Loss: 0.2737
[Stage1] No improv. Best so far: 0.2736 (epoch 4262)
[Stage1] Epoch 4270 - Val R²: 0.7209 | Reg Val Loss: 0.2737
[Stage1] No improv. Best so far: 0.2736 (epoch 4262)
[Stage1] Epoch 4271 - Val R²: 0.7210 | Reg Val Loss: 0.2737
[Stage1] No improv. Best so far: 0.2736 (epoch 4262)
[Stage1] Epoch 4272 - Val R²: 0.7209 | Reg Val Loss: 0.2737
[Stage1] No improv. Best so far: 0.2736 (epoch 4262)
[Stage1] Epoch 4273 - Val R²: 0.7210 | Reg Val Loss: 0.2737
[Stage1] No improv. Best so far: 0.2736 (epoch 4262)
[Stage1] Epoch 4274 - Val R²: 0.7210 | Reg Val Loss: 0.2736
[Stage1] New best (epoch 4274) Val Loss: 0.2736 — saved: checkpoints\nnknn_regression_best_califonia_housing_softmax_fold_1_retr.pth
[Stage1] Epoch 4275 - Val R²: 0.7209 | Reg Val Loss: 0.2737
[Stage1] No improv. Best so far: 0.2736 (epoch 4274)
[Stage1] Epoch 4276 - Val R²: 0.7210 | Reg Val Loss: 0.2737
[Stage1] No improv. Best so far: 0.2736 (epoch 4274)
[Stage1] Epoch 4277 - Val R²: 0.7210 | Reg Val Loss: 0.2737
[Stage1] No improv. Best so far: 0.2736 (epoch 4274)
[Stage1] Epoch 4278 - Val R²: 0.7210 | Reg Val Loss: 0.2737
[Stage1] No improv. Best so far: 0.2736 (epoch 4274)
[Stage1] Epoch 4279 - Val R²: 0.7210 | Reg Val Loss: 0.2737
[Stage1] No improv. Best so far: 0.2736 (epoch 4274)
[Stage1] Epoch 4280 - Val R²: 0.7209 | Reg Val Loss: 0.2737
[Stage1] No improv. Best so far: 0.2736 (epoch 4274)
[Stage1] Epoch 4281 - Val R²: 0.7210 | Reg Val Loss: 0.2736
[Stage1] No improv. Best so far: 0.2736 (epoch 4274)
[Stage1] Epoch 4282 - Val R²: 0.7210 | Reg Val Loss: 0.2736
[Stage1] No improv. Best so far: 0.2736 (epoch 4274)
[Stage1] Epoch 4283 - Val R²: 0.7210 | Reg Val Loss: 0.2737
[Stage1] No improv. Best so far: 0.2736 (epoch 4274)
[Stage1] Epoch 4284 - Val R²: 0.7210 | Reg Val Loss: 0.2736
[Stage1] No improv. Best so far: 0.2736 (epoch 4274)
[Stage1] Epoch 4285 - Val R²: 0.7210 | Reg Val Loss: 0.2737
[Stage1] No improv. Best so far: 0.2736 (epoch 4274)
[Stage1] Epoch 4286 - Val R²: 0.7200 | Reg Val Loss: 0.2747
[Stage1] No improv. Best so far: 0.2736 (epoch 4274)
[Stage1] Epoch 4287 - Val R²: 0.7210 | Reg Val Loss: 0.2736
[Stage1] No improv. Best so far: 0.2736 (epoch 4274)
[Stage1] Epoch 4288 - Val R²: 0.7210 | Reg Val Loss: 0.2737
[Stage1] No improv. Best so far: 0.2736 (epoch 4274)
[Stage1] Epoch 4289 - Val R²: 0.7210 | Reg Val Loss: 0.2737
[Stage1] No improv. Best so far: 0.2736 (epoch 4274)
[Stage1] Epoch 4290 - Val R²: 0.7209 | Reg Val Loss: 0.2737
[Stage1] No improv. Best so far: 0.2736 (epoch 4274)
[Stage1] Epoch 4291 - Val R²: 0.7210 | Reg Val Loss: 0.2736
[Stage1] No improv. Best so far: 0.2736 (epoch 4274)
[Stage1] Epoch 4292 - Val R²: 0.7210 | Reg Val Loss: 0.2737
[Stage1] No improv. Best so far: 0.2736 (epoch 4274)
[Stage1] Epoch 4293 - Val R²: 0.7210 | Reg Val Loss: 0.2736
[Stage1] No improv. Best so far: 0.2736 (epoch 4274)
[Stage1] Epoch 4294 - Val R²: 0.7209 | Reg Val Loss: 0.2737
[Stage1] No improv. Best so far: 0.2736 (epoch 4274)
[Stage1] Epoch 4295 - Val R²: 0.7210 | Reg Val Loss: 0.2737
[Stage1] No improv. Best so far: 0.2736 (epoch 4274)
[Stage1] Epoch 4296 - Val R²: 0.7210 | Reg Val Loss: 0.2736
[Stage1] No improv. Best so far: 0.2736 (epoch 4274)
[Stage1] Epoch 4297 - Val R²: 0.7210 | Reg Val Loss: 0.2736
[Stage1] No improv. Best so far: 0.2736 (epoch 4274)
[Stage1] Epoch 4298 - Val R²: 0.7211 | Reg Val Loss: 0.2736
[Stage1] New best (epoch 4298) Val Loss: 0.2736 — saved: checkpoints\nnknn_regression_best_califonia_housing_softmax_fold_1_retr.pth
[Stage1] Epoch 4299 - Val R²: 0.7211 | Reg Val Loss: 0.2736
[Stage1] New best (epoch 4299) Val Loss: 0.2736 — saved: checkpoints\nnknn_regression_best_califonia_housing_softmax_fold_1_retr.pth
[Stage1] Epoch 4300 - Val R²: 0.7210 | Reg Val Loss: 0.2736
[Stage1] No improv. Best so far: 0.2736 (epoch 4299)
[Stage1] Epoch 4301 - Val R²: 0.7204 | Reg Val Loss: 0.2742
[Stage1] No improv. Best so far: 0.2736 (epoch 4299)
[Stage1] Epoch 4302 - Val R²: 0.7210 | Reg Val Loss: 0.2737
[Stage1] No improv. Best so far: 0.2736 (epoch 4299)
[Stage1] Epoch 4303 - Val R²: 0.7211 | Reg Val Loss: 0.2736
[Stage1] No improv. Best so far: 0.2736 (epoch 4299)
[Stage1] Epoch 4304 - Val R²: 0.7211 | Reg Val Loss: 0.2736
[Stage1] No improv. Best so far: 0.2736 (epoch 4299)
[Stage1] Epoch 4305 - Val R²: 0.7210 | Reg Val Loss: 0.2737
[Stage1] No improv. Best so far: 0.2736 (epoch 4299)
[Stage1] Epoch 4306 - Val R²: 0.7211 | Reg Val Loss: 0.2736
[Stage1] No improv. Best so far: 0.2736 (epoch 4299)
[Stage1] Epoch 4307 - Val R²: 0.7211 | Reg Val Loss: 0.2736
[Stage1] No improv. Best so far: 0.2736 (epoch 4299)
[Stage1] Epoch 4308 - Val R²: 0.7211 | Reg Val Loss: 0.2736
[Stage1] No improv. Best so far: 0.2736 (epoch 4299)
[Stage1] Epoch 4309 - Val R²: 0.7210 | Reg Val Loss: 0.2736
[Stage1] No improv. Best so far: 0.2736 (epoch 4299)
[Stage1] Epoch 4310 - Val R²: 0.7210 | Reg Val Loss: 0.2736
[Stage1] No improv. Best so far: 0.2736 (epoch 4299)
[Stage1] Epoch 4311 - Val R²: 0.7210 | Reg Val Loss: 0.2736
[Stage1] No improv. Best so far: 0.2736 (epoch 4299)
[Stage1] Epoch 4312 - Val R²: 0.7211 | Reg Val Loss: 0.2735
[Stage1] New best (epoch 4312) Val Loss: 0.2735 — saved: checkpoints\nnknn_regression_best_califonia_housing_softmax_fold_1_retr.pth
[Stage1] Epoch 4313 - Val R²: 0.7210 | Reg Val Loss: 0.2736
[Stage1] No improv. Best so far: 0.2735 (epoch 4312)
[Stage1] Epoch 4314 - Val R²: 0.7211 | Reg Val Loss: 0.2736
[Stage1] No improv. Best so far: 0.2735 (epoch 4312)
[Stage1] Epoch 4315 - Val R²: 0.7211 | Reg Val Loss: 0.2736
[Stage1] No improv. Best so far: 0.2735 (epoch 4312)
[Stage1] Epoch 4316 - Val R²: 0.7210 | Reg Val Loss: 0.2736
[Stage1] No improv. Best so far: 0.2735 (epoch 4312)
[Stage1] Epoch 4317 - Val R²: 0.7210 | Reg Val Loss: 0.2736
[Stage1] No improv. Best so far: 0.2735 (epoch 4312)
[Stage1] Epoch 4318 - Val R²: 0.7210 | Reg Val Loss: 0.2737
[Stage1] No improv. Best so far: 0.2735 (epoch 4312)
[Stage1] Epoch 4319 - Val R²: 0.7210 | Reg Val Loss: 0.2736
[Stage1] No improv. Best so far: 0.2735 (epoch 4312)
[Stage1] Epoch 4320 - Val R²: 0.7211 | Reg Val Loss: 0.2735
[Stage1] New best (epoch 4320) Val Loss: 0.2735 — saved: checkpoints\nnknn_regression_best_califonia_housing_softmax_fold_1_retr.pth
[Stage1] Epoch 4321 - Val R²: 0.7211 | Reg Val Loss: 0.2736
[Stage1] No improv. Best so far: 0.2735 (epoch 4320)
[Stage1] Epoch 4322 - Val R²: 0.7210 | Reg Val Loss: 0.2736
[Stage1] No improv. Best so far: 0.2735 (epoch 4320)
[Stage1] Epoch 4323 - Val R²: 0.7211 | Reg Val Loss: 0.2736
[Stage1] No improv. Best so far: 0.2735 (epoch 4320)
[Stage1] Epoch 4324 - Val R²: 0.7212 | Reg Val Loss: 0.2735
[Stage1] New best (epoch 4324) Val Loss: 0.2735 — saved: checkpoints\nnknn_regression_best_califonia_housing_softmax_fold_1_retr.pth
[Stage1] Epoch 4325 - Val R²: 0.7211 | Reg Val Loss: 0.2736
[Stage1] No improv. Best so far: 0.2735 (epoch 4324)
[Stage1] Epoch 4326 - Val R²: 0.7210 | Reg Val Loss: 0.2736
[Stage1] No improv. Best so far: 0.2735 (epoch 4324)
[Stage1] Epoch 4327 - Val R²: 0.7210 | Reg Val Loss: 0.2736
[Stage1] No improv. Best so far: 0.2735 (epoch 4324)
[Stage1] Epoch 4328 - Val R²: 0.7211 | Reg Val Loss: 0.2736
[Stage1] No improv. Best so far: 0.2735 (epoch 4324)
[Stage1] Epoch 4329 - Val R²: 0.7211 | Reg Val Loss: 0.2736
[Stage1] No improv. Best so far: 0.2735 (epoch 4324)
[Stage1] Epoch 4330 - Val R²: 0.7211 | Reg Val Loss: 0.2736
[Stage1] No improv. Best so far: 0.2735 (epoch 4324)
[Stage1] Epoch 4331 - Val R²: 0.7211 | Reg Val Loss: 0.2736
[Stage1] No improv. Best so far: 0.2735 (epoch 4324)
[Stage1] Epoch 4332 - Val R²: 0.7210 | Reg Val Loss: 0.2736
[Stage1] No improv. Best so far: 0.2735 (epoch 4324)
[Stage1] Epoch 4333 - Val R²: 0.7210 | Reg Val Loss: 0.2736
[Stage1] No improv. Best so far: 0.2735 (epoch 4324)
[Stage1] Epoch 4334 - Val R²: 0.7212 | Reg Val Loss: 0.2735
[Stage1] New best (epoch 4334) Val Loss: 0.2735 — saved: checkpoints\nnknn_regression_best_califonia_housing_softmax_fold_1_retr.pth
[Stage1] Epoch 4335 - Val R²: 0.7211 | Reg Val Loss: 0.2735
[Stage1] No improv. Best so far: 0.2735 (epoch 4334)
[Stage1] Epoch 4336 - Val R²: 0.7210 | Reg Val Loss: 0.2737
[Stage1] No improv. Best so far: 0.2735 (epoch 4334)
[Stage1] Epoch 4337 - Val R²: 0.7210 | Reg Val Loss: 0.2736
[Stage1] No improv. Best so far: 0.2735 (epoch 4334)
[Stage1] Epoch 4338 - Val R²: 0.7211 | Reg Val Loss: 0.2735
[Stage1] No improv. Best so far: 0.2735 (epoch 4334)
[Stage1] Epoch 4339 - Val R²: 0.7211 | Reg Val Loss: 0.2735
[Stage1] No improv. Best so far: 0.2735 (epoch 4334)
[Stage1] Epoch 4340 - Val R²: 0.7211 | Reg Val Loss: 0.2735
[Stage1] No improv. Best so far: 0.2735 (epoch 4334)
[Stage1] Epoch 4341 - Val R²: 0.7211 | Reg Val Loss: 0.2735
[Stage1] No improv. Best so far: 0.2735 (epoch 4334)
[Stage1] Epoch 4342 - Val R²: 0.7211 | Reg Val Loss: 0.2735
[Stage1] No improv. Best so far: 0.2735 (epoch 4334)
[Stage1] Epoch 4343 - Val R²: 0.7211 | Reg Val Loss: 0.2735
[Stage1] No improv. Best so far: 0.2735 (epoch 4334)
[Stage1] Epoch 4344 - Val R²: 0.7211 | Reg Val Loss: 0.2735
[Stage1] No improv. Best so far: 0.2735 (epoch 4334)
[Stage1] Epoch 4345 - Val R²: 0.7212 | Reg Val Loss: 0.2734
[Stage1] New best (epoch 4345) Val Loss: 0.2734 — saved: checkpoints\nnknn_regression_best_califonia_housing_softmax_fold_1_retr.pth
[Stage1] Epoch 4346 - Val R²: 0.7212 | Reg Val Loss: 0.2735
[Stage1] No improv. Best so far: 0.2734 (epoch 4345)
[Stage1] Epoch 4347 - Val R²: 0.7212 | Reg Val Loss: 0.2735
[Stage1] No improv. Best so far: 0.2734 (epoch 4345)
[Stage1] Epoch 4348 - Val R²: 0.7211 | Reg Val Loss: 0.2735
[Stage1] No improv. Best so far: 0.2734 (epoch 4345)
[Stage1] Epoch 4349 - Val R²: 0.7211 | Reg Val Loss: 0.2736
[Stage1] No improv. Best so far: 0.2734 (epoch 4345)
[Stage1] Epoch 4350 - Val R²: 0.7211 | Reg Val Loss: 0.2735
[Stage1] No improv. Best so far: 0.2734 (epoch 4345)
[Stage1] Epoch 4351 - Val R²: 0.7211 | Reg Val Loss: 0.2736
[Stage1] No improv. Best so far: 0.2734 (epoch 4345)
[Stage1] Epoch 4352 - Val R²: 0.7211 | Reg Val Loss: 0.2736
[Stage1] No improv. Best so far: 0.2734 (epoch 4345)
[Stage1] Epoch 4353 - Val R²: 0.7210 | Reg Val Loss: 0.2736
[Stage1] No improv. Best so far: 0.2734 (epoch 4345)
[Stage1] Epoch 4354 - Val R²: 0.7211 | Reg Val Loss: 0.2736
[Stage1] No improv. Best so far: 0.2734 (epoch 4345)
[Stage1] Epoch 4355 - Val R²: 0.7212 | Reg Val Loss: 0.2735
[Stage1] No improv. Best so far: 0.2734 (epoch 4345)
[Stage1] Epoch 4356 - Val R²: 0.7212 | Reg Val Loss: 0.2735
[Stage1] No improv. Best so far: 0.2734 (epoch 4345)
[Stage1] Epoch 4357 - Val R²: 0.7212 | Reg Val Loss: 0.2735
[Stage1] No improv. Best so far: 0.2734 (epoch 4345)
[Stage1] Epoch 4358 - Val R²: 0.7212 | Reg Val Loss: 0.2735
[Stage1] No improv. Best so far: 0.2734 (epoch 4345)
[Stage1] Epoch 4359 - Val R²: 0.7212 | Reg Val Loss: 0.2735
[Stage1] No improv. Best so far: 0.2734 (epoch 4345)
[Stage1] Epoch 4360 - Val R²: 0.7211 | Reg Val Loss: 0.2735
[Stage1] No improv. Best so far: 0.2734 (epoch 4345)
[Stage1] Epoch 4361 - Val R²: 0.7211 | Reg Val Loss: 0.2735
[Stage1] No improv. Best so far: 0.2734 (epoch 4345)
[Stage1] Epoch 4362 - Val R²: 0.7211 | Reg Val Loss: 0.2735
[Stage1] No improv. Best so far: 0.2734 (epoch 4345)
[Stage1] Epoch 4363 - Val R²: 0.7211 | Reg Val Loss: 0.2735
[Stage1] No improv. Best so far: 0.2734 (epoch 4345)
[Stage1] Epoch 4364 - Val R²: 0.7211 | Reg Val Loss: 0.2735
[Stage1] No improv. Best so far: 0.2734 (epoch 4345)
[Stage1] Epoch 4365 - Val R²: 0.7211 | Reg Val Loss: 0.2736
[Stage1] No improv. Best so far: 0.2734 (epoch 4345)
[Stage1] Epoch 4366 - Val R²: 0.7211 | Reg Val Loss: 0.2736
[Stage1] No improv. Best so far: 0.2734 (epoch 4345)
[Stage1] Epoch 4367 - Val R²: 0.7211 | Reg Val Loss: 0.2735
[Stage1] No improv. Best so far: 0.2734 (epoch 4345)
[Stage1] Epoch 4368 - Val R²: 0.7211 | Reg Val Loss: 0.2735
[Stage1] No improv. Best so far: 0.2734 (epoch 4345)
[Stage1] Epoch 4369 - Val R²: 0.7211 | Reg Val Loss: 0.2735
[Stage1] No improv. Best so far: 0.2734 (epoch 4345)
[Stage1] Epoch 4370 - Val R²: 0.7211 | Reg Val Loss: 0.2735
[Stage1] No improv. Best so far: 0.2734 (epoch 4345)
[Stage1] Epoch 4371 - Val R²: 0.7211 | Reg Val Loss: 0.2735
[Stage1] No improv. Best so far: 0.2734 (epoch 4345)
[Stage1] Epoch 4372 - Val R²: 0.7212 | Reg Val Loss: 0.2734
[Stage1] No improv. Best so far: 0.2734 (epoch 4345)
[Stage1] Epoch 4373 - Val R²: 0.7212 | Reg Val Loss: 0.2734
[Stage1] No improv. Best so far: 0.2734 (epoch 4345)
[Stage1] Epoch 4374 - Val R²: 0.7211 | Reg Val Loss: 0.2735
[Stage1] No improv. Best so far: 0.2734 (epoch 4345)
[Stage1] Epoch 4375 - Val R²: 0.7211 | Reg Val Loss: 0.2736
[Stage1] No improv. Best so far: 0.2734 (epoch 4345)
[Stage1] Epoch 4376 - Val R²: 0.7212 | Reg Val Loss: 0.2735
[Stage1] No improv. Best so far: 0.2734 (epoch 4345)
[Stage1] Epoch 4377 - Val R²: 0.7211 | Reg Val Loss: 0.2735
[Stage1] No improv. Best so far: 0.2734 (epoch 4345)
[Stage1] Epoch 4378 - Val R²: 0.7212 | Reg Val Loss: 0.2735
[Stage1] No improv. Best so far: 0.2734 (epoch 4345)
[Stage1] Epoch 4379 - Val R²: 0.7212 | Reg Val Loss: 0.2735
[Stage1] No improv. Best so far: 0.2734 (epoch 4345)
[Stage1] Epoch 4380 - Val R²: 0.7212 | Reg Val Loss: 0.2734
[Stage1] No improv. Best so far: 0.2734 (epoch 4345)
[Stage1] Epoch 4381 - Val R²: 0.7212 | Reg Val Loss: 0.2734
[Stage1] No improv. Best so far: 0.2734 (epoch 4345)
[Stage1] Epoch 4382 - Val R²: 0.7211 | Reg Val Loss: 0.2735
[Stage1] No improv. Best so far: 0.2734 (epoch 4345)
[Stage1] Epoch 4383 - Val R²: 0.7212 | Reg Val Loss: 0.2735
[Stage1] No improv. Best so far: 0.2734 (epoch 4345)
[Stage1] Epoch 4384 - Val R²: 0.7211 | Reg Val Loss: 0.2735
[Stage1] No improv. Best so far: 0.2734 (epoch 4345)
[Stage1] Epoch 4385 - Val R²: 0.7212 | Reg Val Loss: 0.2734
[Stage1] No improv. Best so far: 0.2734 (epoch 4345)
[Stage1] Epoch 4386 - Val R²: 0.7212 | Reg Val Loss: 0.2735
[Stage1] No improv. Best so far: 0.2734 (epoch 4345)
[Stage1] Epoch 4387 - Val R²: 0.7211 | Reg Val Loss: 0.2735
[Stage1] No improv. Best so far: 0.2734 (epoch 4345)
[Stage1] Epoch 4388 - Val R²: 0.7211 | Reg Val Loss: 0.2735
[Stage1] No improv. Best so far: 0.2734 (epoch 4345)
[Stage1] Epoch 4389 - Val R²: 0.7212 | Reg Val Loss: 0.2735
[Stage1] No improv. Best so far: 0.2734 (epoch 4345)
[Stage1] Epoch 4390 - Val R²: 0.7211 | Reg Val Loss: 0.2735
[Stage1] No improv. Best so far: 0.2734 (epoch 4345)
[Stage1] Epoch 4391 - Val R²: 0.7212 | Reg Val Loss: 0.2735
[Stage1] No improv. Best so far: 0.2734 (epoch 4345)
[Stage1] Epoch 4392 - Val R²: 0.7212 | Reg Val Loss: 0.2734
[Stage1] No improv. Best so far: 0.2734 (epoch 4345)
[Stage1] Epoch 4393 - Val R²: 0.7212 | Reg Val Loss: 0.2734
[Stage1] No improv. Best so far: 0.2734 (epoch 4345)
[Stage1] Epoch 4394 - Val R²: 0.7212 | Reg Val Loss: 0.2735
[Stage1] No improv. Best so far: 0.2734 (epoch 4345)
[Stage1] Epoch 4395 - Val R²: 0.7212 | Reg Val Loss: 0.2734
[Stage1] No improv. Best so far: 0.2734 (epoch 4345)
[Stage1] Epoch 4396 - Val R²: 0.7212 | Reg Val Loss: 0.2735
[Stage1] No improv. Best so far: 0.2734 (epoch 4345)
[Stage1] Epoch 4397 - Val R²: 0.7211 | Reg Val Loss: 0.2735
[Stage1] No improv. Best so far: 0.2734 (epoch 4345)
[Stage1] Epoch 4398 - Val R²: 0.7212 | Reg Val Loss: 0.2734
[Stage1] No improv. Best so far: 0.2734 (epoch 4345)
[Stage1] Epoch 4399 - Val R²: 0.7212 | Reg Val Loss: 0.2735
[Stage1] No improv. Best so far: 0.2734 (epoch 4345)
[Stage1] Epoch 4400 - Val R²: 0.7212 | Reg Val Loss: 0.2734
[Stage1] No improv. Best so far: 0.2734 (epoch 4345)
[Stage1] Epoch 4401 - Val R²: 0.7211 | Reg Val Loss: 0.2735
[Stage1] No improv. Best so far: 0.2734 (epoch 4345)
[Stage1] Epoch 4402 - Val R²: 0.7212 | Reg Val Loss: 0.2735
[Stage1] No improv. Best so far: 0.2734 (epoch 4345)
[Stage1] Epoch 4403 - Val R²: 0.7212 | Reg Val Loss: 0.2734
[Stage1] No improv. Best so far: 0.2734 (epoch 4345)
[Stage1] Epoch 4404 - Val R²: 0.7211 | Reg Val Loss: 0.2735
[Stage1] No improv. Best so far: 0.2734 (epoch 4345)
[Stage1] Epoch 4405 - Val R²: 0.7212 | Reg Val Loss: 0.2734
[Stage1] No improv. Best so far: 0.2734 (epoch 4345)
[Stage1] Epoch 4406 - Val R²: 0.7212 | Reg Val Loss: 0.2735
[Stage1] No improv. Best so far: 0.2734 (epoch 4345)
[Stage1] Epoch 4407 - Val R²: 0.7212 | Reg Val Loss: 0.2734
[Stage1] No improv. Best so far: 0.2734 (epoch 4345)
[Stage1] Epoch 4408 - Val R²: 0.7212 | Reg Val Loss: 0.2735
[Stage1] No improv. Best so far: 0.2734 (epoch 4345)
[Stage1] Epoch 4409 - Val R²: 0.7212 | Reg Val Loss: 0.2735
[Stage1] No improv. Best so far: 0.2734 (epoch 4345)
[Stage1] Epoch 4410 - Val R²: 0.7212 | Reg Val Loss: 0.2735
[Stage1] No improv. Best so far: 0.2734 (epoch 4345)
[Stage1] Epoch 4411 - Val R²: 0.7212 | Reg Val Loss: 0.2735
[Stage1] No improv. Best so far: 0.2734 (epoch 4345)
[Stage1] Epoch 4412 - Val R²: 0.7211 | Reg Val Loss: 0.2736
[Stage1] No improv. Best so far: 0.2734 (epoch 4345)
[Stage1] Epoch 4413 - Val R²: 0.7211 | Reg Val Loss: 0.2736
[Stage1] No improv. Best so far: 0.2734 (epoch 4345)
[Stage1] Epoch 4414 - Val R²: 0.7212 | Reg Val Loss: 0.2735
[Stage1] No improv. Best so far: 0.2734 (epoch 4345)
[Stage1] Epoch 4415 - Val R²: 0.7212 | Reg Val Loss: 0.2735
[Stage1] No improv. Best so far: 0.2734 (epoch 4345)
[Stage1] Epoch 4416 - Val R²: 0.7212 | Reg Val Loss: 0.2735
[Stage1] No improv. Best so far: 0.2734 (epoch 4345)
[Stage1] Epoch 4417 - Val R²: 0.7212 | Reg Val Loss: 0.2734
[Stage1] No improv. Best so far: 0.2734 (epoch 4345)
[Stage1] Epoch 4418 - Val R²: 0.7211 | Reg Val Loss: 0.2735
[Stage1] No improv. Best so far: 0.2734 (epoch 4345)
[Stage1] Epoch 4419 - Val R²: 0.7213 | Reg Val Loss: 0.2734
[Stage1] New best (epoch 4419) Val Loss: 0.2734 — saved: checkpoints\nnknn_regression_best_califonia_housing_softmax_fold_1_retr.pth
[Stage1] Epoch 4420 - Val R²: 0.7212 | Reg Val Loss: 0.2734
[Stage1] No improv. Best so far: 0.2734 (epoch 4419)
[Stage1] Epoch 4421 - Val R²: 0.7213 | Reg Val Loss: 0.2734
[Stage1] New best (epoch 4421) Val Loss: 0.2734 — saved: checkpoints\nnknn_regression_best_califonia_housing_softmax_fold_1_retr.pth
[Stage1] Epoch 4422 - Val R²: 0.7212 | Reg Val Loss: 0.2734
[Stage1] No improv. Best so far: 0.2734 (epoch 4421)
[Stage1] Epoch 4423 - Val R²: 0.7212 | Reg Val Loss: 0.2734
[Stage1] No improv. Best so far: 0.2734 (epoch 4421)
[Stage1] Epoch 4424 - Val R²: 0.7213 | Reg Val Loss: 0.2733
[Stage1] New best (epoch 4424) Val Loss: 0.2733 — saved: checkpoints\nnknn_regression_best_califonia_housing_softmax_fold_1_retr.pth
[Stage1] Epoch 4425 - Val R²: 0.7212 | Reg Val Loss: 0.2734
[Stage1] No improv. Best so far: 0.2733 (epoch 4424)
[Stage1] Epoch 4426 - Val R²: 0.7213 | Reg Val Loss: 0.2734
[Stage1] No improv. Best so far: 0.2733 (epoch 4424)
[Stage1] Epoch 4427 - Val R²: 0.7213 | Reg Val Loss: 0.2734
[Stage1] No improv. Best so far: 0.2733 (epoch 4424)
[Stage1] Epoch 4428 - Val R²: 0.7213 | Reg Val Loss: 0.2734
[Stage1] No improv. Best so far: 0.2733 (epoch 4424)
[Stage1] Epoch 4429 - Val R²: 0.7213 | Reg Val Loss: 0.2733
[Stage1] No improv. Best so far: 0.2733 (epoch 4424)
[Stage1] Epoch 4430 - Val R²: 0.7212 | Reg Val Loss: 0.2734
[Stage1] No improv. Best so far: 0.2733 (epoch 4424)
[Stage1] Epoch 4431 - Val R²: 0.7212 | Reg Val Loss: 0.2735
[Stage1] No improv. Best so far: 0.2733 (epoch 4424)
[Stage1] Epoch 4432 - Val R²: 0.7212 | Reg Val Loss: 0.2735
[Stage1] No improv. Best so far: 0.2733 (epoch 4424)
[Stage1] Epoch 4433 - Val R²: 0.7212 | Reg Val Loss: 0.2734
[Stage1] No improv. Best so far: 0.2733 (epoch 4424)
[Stage1] Epoch 4434 - Val R²: 0.7212 | Reg Val Loss: 0.2734
[Stage1] No improv. Best so far: 0.2733 (epoch 4424)
[Stage1] Epoch 4435 - Val R²: 0.7212 | Reg Val Loss: 0.2735
[Stage1] No improv. Best so far: 0.2733 (epoch 4424)
[Stage1] Epoch 4436 - Val R²: 0.7212 | Reg Val Loss: 0.2734
[Stage1] No improv. Best so far: 0.2733 (epoch 4424)
[Stage1] Epoch 4437 - Val R²: 0.7213 | Reg Val Loss: 0.2733
[Stage1] No improv. Best so far: 0.2733 (epoch 4424)
[Stage1] Epoch 4438 - Val R²: 0.7212 | Reg Val Loss: 0.2734
[Stage1] No improv. Best so far: 0.2733 (epoch 4424)
[Stage1] Epoch 4439 - Val R²: 0.7212 | Reg Val Loss: 0.2735
[Stage1] No improv. Best so far: 0.2733 (epoch 4424)
[Stage1] Epoch 4440 - Val R²: 0.7213 | Reg Val Loss: 0.2733
[Stage1] No improv. Best so far: 0.2733 (epoch 4424)
[Stage1] Epoch 4441 - Val R²: 0.7213 | Reg Val Loss: 0.2733
[Stage1] No improv. Best so far: 0.2733 (epoch 4424)
[Stage1] Epoch 4442 - Val R²: 0.7213 | Reg Val Loss: 0.2734
[Stage1] No improv. Best so far: 0.2733 (epoch 4424)
[Stage1] Epoch 4443 - Val R²: 0.7213 | Reg Val Loss: 0.2734
[Stage1] No improv. Best so far: 0.2733 (epoch 4424)
[Stage1] Epoch 4444 - Val R²: 0.7213 | Reg Val Loss: 0.2734
[Stage1] No improv. Best so far: 0.2733 (epoch 4424)
[Stage1] Epoch 4445 - Val R²: 0.7213 | Reg Val Loss: 0.2734
[Stage1] No improv. Best so far: 0.2733 (epoch 4424)
[Stage1] Epoch 4446 - Val R²: 0.7212 | Reg Val Loss: 0.2734
[Stage1] No improv. Best so far: 0.2733 (epoch 4424)
[Stage1] Epoch 4447 - Val R²: 0.7213 | Reg Val Loss: 0.2734
[Stage1] No improv. Best so far: 0.2733 (epoch 4424)
[Stage1] Epoch 4448 - Val R²: 0.7212 | Reg Val Loss: 0.2734
[Stage1] No improv. Best so far: 0.2733 (epoch 4424)
[Stage1] Epoch 4449 - Val R²: 0.7212 | Reg Val Loss: 0.2734
[Stage1] No improv. Best so far: 0.2733 (epoch 4424)
[Stage1] Epoch 4450 - Val R²: 0.7212 | Reg Val Loss: 0.2735
[Stage1] No improv. Best so far: 0.2733 (epoch 4424)
[Stage1] Epoch 4451 - Val R²: 0.7213 | Reg Val Loss: 0.2734
[Stage1] No improv. Best so far: 0.2733 (epoch 4424)
[Stage1] Epoch 4452 - Val R²: 0.7213 | Reg Val Loss: 0.2733
[Stage1] No improv. Best so far: 0.2733 (epoch 4424)
[Stage1] Epoch 4453 - Val R²: 0.7213 | Reg Val Loss: 0.2734
[Stage1] No improv. Best so far: 0.2733 (epoch 4424)
[Stage1] Epoch 4454 - Val R²: 0.7213 | Reg Val Loss: 0.2734
[Stage1] No improv. Best so far: 0.2733 (epoch 4424)
[Stage1] Epoch 4455 - Val R²: 0.7212 | Reg Val Loss: 0.2734
[Stage1] No improv. Best so far: 0.2733 (epoch 4424)
[Stage1] Epoch 4456 - Val R²: 0.7213 | Reg Val Loss: 0.2734
[Stage1] No improv. Best so far: 0.2733 (epoch 4424)
[Stage1] Epoch 4457 - Val R²: 0.7213 | Reg Val Loss: 0.2734
[Stage1] No improv. Best so far: 0.2733 (epoch 4424)
[Stage1] Epoch 4458 - Val R²: 0.7213 | Reg Val Loss: 0.2733
[Stage1] No improv. Best so far: 0.2733 (epoch 4424)
[Stage1] Epoch 4459 - Val R²: 0.7213 | Reg Val Loss: 0.2734
[Stage1] No improv. Best so far: 0.2733 (epoch 4424)
[Stage1] Epoch 4460 - Val R²: 0.7213 | Reg Val Loss: 0.2734
[Stage1] No improv. Best so far: 0.2733 (epoch 4424)
[Stage1] Epoch 4461 - Val R²: 0.7213 | Reg Val Loss: 0.2734
[Stage1] No improv. Best so far: 0.2733 (epoch 4424)
[Stage1] Epoch 4462 - Val R²: 0.7213 | Reg Val Loss: 0.2733
[Stage1] No improv. Best so far: 0.2733 (epoch 4424)
[Stage1] Epoch 4463 - Val R²: 0.7213 | Reg Val Loss: 0.2734
[Stage1] No improv. Best so far: 0.2733 (epoch 4424)
[Stage1] Epoch 4464 - Val R²: 0.7212 | Reg Val Loss: 0.2734
[Stage1] No improv. Best so far: 0.2733 (epoch 4424)
[Stage1] Epoch 4465 - Val R²: 0.7213 | Reg Val Loss: 0.2733
[Stage1] New best (epoch 4465) Val Loss: 0.2733 — saved: checkpoints\nnknn_regression_best_califonia_housing_softmax_fold_1_retr.pth
[Stage1] Epoch 4466 - Val R²: 0.7213 | Reg Val Loss: 0.2734
[Stage1] No improv. Best so far: 0.2733 (epoch 4465)
[Stage1] Epoch 4467 - Val R²: 0.7213 | Reg Val Loss: 0.2733
[Stage1] No improv. Best so far: 0.2733 (epoch 4465)
[Stage1] Epoch 4468 - Val R²: 0.7213 | Reg Val Loss: 0.2733
[Stage1] No improv. Best so far: 0.2733 (epoch 4465)
[Stage1] Epoch 4469 - Val R²: 0.7213 | Reg Val Loss: 0.2734
[Stage1] No improv. Best so far: 0.2733 (epoch 4465)
[Stage1] Epoch 4470 - Val R²: 0.7213 | Reg Val Loss: 0.2733
[Stage1] No improv. Best so far: 0.2733 (epoch 4465)
[Stage1] Epoch 4471 - Val R²: 0.7214 | Reg Val Loss: 0.2733
[Stage1] New best (epoch 4471) Val Loss: 0.2733 — saved: checkpoints\nnknn_regression_best_califonia_housing_softmax_fold_1_retr.pth
[Stage1] Epoch 4472 - Val R²: 0.7214 | Reg Val Loss: 0.2733
[Stage1] No improv. Best so far: 0.2733 (epoch 4471)
[Stage1] Epoch 4473 - Val R²: 0.7212 | Reg Val Loss: 0.2735
[Stage1] No improv. Best so far: 0.2733 (epoch 4471)
[Stage1] Epoch 4474 - Val R²: 0.7213 | Reg Val Loss: 0.2733
[Stage1] No improv. Best so far: 0.2733 (epoch 4471)
[Stage1] Epoch 4475 - Val R²: 0.7213 | Reg Val Loss: 0.2734
[Stage1] No improv. Best so far: 0.2733 (epoch 4471)
[Stage1] Epoch 4476 - Val R²: 0.7213 | Reg Val Loss: 0.2733
[Stage1] No improv. Best so far: 0.2733 (epoch 4471)
[Stage1] Epoch 4477 - Val R²: 0.7213 | Reg Val Loss: 0.2733
[Stage1] No improv. Best so far: 0.2733 (epoch 4471)
[Stage1] Epoch 4478 - Val R²: 0.7214 | Reg Val Loss: 0.2733
[Stage1] No improv. Best so far: 0.2733 (epoch 4471)
[Stage1] Epoch 4479 - Val R²: 0.7213 | Reg Val Loss: 0.2733
[Stage1] No improv. Best so far: 0.2733 (epoch 4471)
[Stage1] Epoch 4480 - Val R²: 0.7213 | Reg Val Loss: 0.2733
[Stage1] No improv. Best so far: 0.2733 (epoch 4471)
[Stage1] Epoch 4481 - Val R²: 0.7213 | Reg Val Loss: 0.2733
[Stage1] No improv. Best so far: 0.2733 (epoch 4471)
[Stage1] Epoch 4482 - Val R²: 0.7215 | Reg Val Loss: 0.2732
[Stage1] New best (epoch 4482) Val Loss: 0.2732 — saved: checkpoints\nnknn_regression_best_califonia_housing_softmax_fold_1_retr.pth
[Stage1] Epoch 4483 - Val R²: 0.7214 | Reg Val Loss: 0.2733
[Stage1] No improv. Best so far: 0.2732 (epoch 4482)
[Stage1] Epoch 4484 - Val R²: 0.7214 | Reg Val Loss: 0.2732
[Stage1] No improv. Best so far: 0.2732 (epoch 4482)
[Stage1] Epoch 4485 - Val R²: 0.7214 | Reg Val Loss: 0.2733
[Stage1] No improv. Best so far: 0.2732 (epoch 4482)
[Stage1] Epoch 4486 - Val R²: 0.7213 | Reg Val Loss: 0.2733
[Stage1] No improv. Best so far: 0.2732 (epoch 4482)
[Stage1] Epoch 4487 - Val R²: 0.7214 | Reg Val Loss: 0.2732
[Stage1] No improv. Best so far: 0.2732 (epoch 4482)
[Stage1] Epoch 4488 - Val R²: 0.7213 | Reg Val Loss: 0.2733
[Stage1] No improv. Best so far: 0.2732 (epoch 4482)
[Stage1] Epoch 4489 - Val R²: 0.7214 | Reg Val Loss: 0.2733
[Stage1] No improv. Best so far: 0.2732 (epoch 4482)
[Stage1] Epoch 4490 - Val R²: 0.7213 | Reg Val Loss: 0.2733
[Stage1] No improv. Best so far: 0.2732 (epoch 4482)
[Stage1] Epoch 4491 - Val R²: 0.7214 | Reg Val Loss: 0.2733
[Stage1] No improv. Best so far: 0.2732 (epoch 4482)
[Stage1] Epoch 4492 - Val R²: 0.7213 | Reg Val Loss: 0.2733
[Stage1] No improv. Best so far: 0.2732 (epoch 4482)
[Stage1] Epoch 4493 - Val R²: 0.7214 | Reg Val Loss: 0.2733
[Stage1] No improv. Best so far: 0.2732 (epoch 4482)
[Stage1] Epoch 4494 - Val R²: 0.7214 | Reg Val Loss: 0.2733
[Stage1] No improv. Best so far: 0.2732 (epoch 4482)
[Stage1] Epoch 4495 - Val R²: 0.7214 | Reg Val Loss: 0.2733
[Stage1] No improv. Best so far: 0.2732 (epoch 4482)
[Stage1] Epoch 4496 - Val R²: 0.7213 | Reg Val Loss: 0.2734
[Stage1] No improv. Best so far: 0.2732 (epoch 4482)
[Stage1] Epoch 4497 - Val R²: 0.7213 | Reg Val Loss: 0.2733
[Stage1] No improv. Best so far: 0.2732 (epoch 4482)
[Stage1] Epoch 4498 - Val R²: 0.7214 | Reg Val Loss: 0.2733
[Stage1] No improv. Best so far: 0.2732 (epoch 4482)
[Stage1] Epoch 4499 - Val R²: 0.7214 | Reg Val Loss: 0.2733
[Stage1] No improv. Best so far: 0.2732 (epoch 4482)
[Stage1] Epoch 4500 - Val R²: 0.7214 | Reg Val Loss: 0.2732
[Stage1] No improv. Best so far: 0.2732 (epoch 4482)
[Stage1] Epoch 4501 - Val R²: 0.7213 | Reg Val Loss: 0.2733
[Stage1] No improv. Best so far: 0.2732 (epoch 4482)
[Stage1] Epoch 4502 - Val R²: 0.7213 | Reg Val Loss: 0.2733
[Stage1] No improv. Best so far: 0.2732 (epoch 4482)
[Stage1] Epoch 4503 - Val R²: 0.7213 | Reg Val Loss: 0.2733
[Stage1] No improv. Best so far: 0.2732 (epoch 4482)
[Stage1] Epoch 4504 - Val R²: 0.7213 | Reg Val Loss: 0.2734
[Stage1] No improv. Best so far: 0.2732 (epoch 4482)
[Stage1] Epoch 4505 - Val R²: 0.7214 | Reg Val Loss: 0.2733
[Stage1] No improv. Best so far: 0.2732 (epoch 4482)
[Stage1] Epoch 4506 - Val R²: 0.7214 | Reg Val Loss: 0.2733
[Stage1] No improv. Best so far: 0.2732 (epoch 4482)
[Stage1] Epoch 4507 - Val R²: 0.7214 | Reg Val Loss: 0.2732
[Stage1] No improv. Best so far: 0.2732 (epoch 4482)
[Stage1] Epoch 4508 - Val R²: 0.7214 | Reg Val Loss: 0.2733
[Stage1] No improv. Best so far: 0.2732 (epoch 4482)
[Stage1] Epoch 4509 - Val R²: 0.7214 | Reg Val Loss: 0.2733
[Stage1] No improv. Best so far: 0.2732 (epoch 4482)
[Stage1] Epoch 4510 - Val R²: 0.7213 | Reg Val Loss: 0.2733
[Stage1] No improv. Best so far: 0.2732 (epoch 4482)
[Stage1] Epoch 4511 - Val R²: 0.7214 | Reg Val Loss: 0.2732
[Stage1] No improv. Best so far: 0.2732 (epoch 4482)
[Stage1] Epoch 4512 - Val R²: 0.7214 | Reg Val Loss: 0.2732
[Stage1] No improv. Best so far: 0.2732 (epoch 4482)
[Stage1] Epoch 4513 - Val R²: 0.7214 | Reg Val Loss: 0.2733
[Stage1] No improv. Best so far: 0.2732 (epoch 4482)
[Stage1] Epoch 4514 - Val R²: 0.7213 | Reg Val Loss: 0.2734
[Stage1] No improv. Best so far: 0.2732 (epoch 4482)
[Stage1] Epoch 4515 - Val R²: 0.7213 | Reg Val Loss: 0.2733
[Stage1] No improv. Best so far: 0.2732 (epoch 4482)
[Stage1] Epoch 4516 - Val R²: 0.7213 | Reg Val Loss: 0.2733
[Stage1] No improv. Best so far: 0.2732 (epoch 4482)
[Stage1] Epoch 4517 - Val R²: 0.7214 | Reg Val Loss: 0.2733
[Stage1] No improv. Best so far: 0.2732 (epoch 4482)
[Stage1] Epoch 4518 - Val R²: 0.7214 | Reg Val Loss: 0.2733
[Stage1] No improv. Best so far: 0.2732 (epoch 4482)
[Stage1] Epoch 4519 - Val R²: 0.7214 | Reg Val Loss: 0.2732
[Stage1] No improv. Best so far: 0.2732 (epoch 4482)
[Stage1] Epoch 4520 - Val R²: 0.7214 | Reg Val Loss: 0.2733
[Stage1] No improv. Best so far: 0.2732 (epoch 4482)
[Stage1] Epoch 4521 - Val R²: 0.7214 | Reg Val Loss: 0.2733
[Stage1] No improv. Best so far: 0.2732 (epoch 4482)
[Stage1] Epoch 4522 - Val R²: 0.7215 | Reg Val Loss: 0.2732
[Stage1] New best (epoch 4522) Val Loss: 0.2732 — saved: checkpoints\nnknn_regression_best_califonia_housing_softmax_fold_1_retr.pth
[Stage1] Epoch 4523 - Val R²: 0.7215 | Reg Val Loss: 0.2732
[Stage1] No improv. Best so far: 0.2732 (epoch 4522)
[Stage1] Epoch 4524 - Val R²: 0.7214 | Reg Val Loss: 0.2733
[Stage1] No improv. Best so far: 0.2732 (epoch 4522)
[Stage1] Epoch 4525 - Val R²: 0.7215 | Reg Val Loss: 0.2732
[Stage1] No improv. Best so far: 0.2732 (epoch 4522)
[Stage1] Epoch 4526 - Val R²: 0.7215 | Reg Val Loss: 0.2732
[Stage1] No improv. Best so far: 0.2732 (epoch 4522)
[Stage1] Epoch 4527 - Val R²: 0.7213 | Reg Val Loss: 0.2733
[Stage1] No improv. Best so far: 0.2732 (epoch 4522)
[Stage1] Epoch 4528 - Val R²: 0.7214 | Reg Val Loss: 0.2733
[Stage1] No improv. Best so far: 0.2732 (epoch 4522)
[Stage1] Epoch 4529 - Val R²: 0.7213 | Reg Val Loss: 0.2733
[Stage1] No improv. Best so far: 0.2732 (epoch 4522)
[Stage1] Epoch 4530 - Val R²: 0.7214 | Reg Val Loss: 0.2732
[Stage1] No improv. Best so far: 0.2732 (epoch 4522)
[Stage1] Epoch 4531 - Val R²: 0.7214 | Reg Val Loss: 0.2733
[Stage1] No improv. Best so far: 0.2732 (epoch 4522)
[Stage1] Epoch 4532 - Val R²: 0.7215 | Reg Val Loss: 0.2732
[Stage1] No improv. Best so far: 0.2732 (epoch 4522)
[Stage1] Epoch 4533 - Val R²: 0.7215 | Reg Val Loss: 0.2732
[Stage1] No improv. Best so far: 0.2732 (epoch 4522)
[Stage1] Epoch 4534 - Val R²: 0.7215 | Reg Val Loss: 0.2732
[Stage1] New best (epoch 4534) Val Loss: 0.2732 — saved: checkpoints\nnknn_regression_best_califonia_housing_softmax_fold_1_retr.pth
[Stage1] Epoch 4535 - Val R²: 0.7214 | Reg Val Loss: 0.2732
[Stage1] No improv. Best so far: 0.2732 (epoch 4534)
[Stage1] Epoch 4536 - Val R²: 0.7214 | Reg Val Loss: 0.2732
[Stage1] No improv. Best so far: 0.2732 (epoch 4534)
[Stage1] Epoch 4537 - Val R²: 0.7214 | Reg Val Loss: 0.2732
[Stage1] No improv. Best so far: 0.2732 (epoch 4534)
[Stage1] Epoch 4538 - Val R²: 0.7215 | Reg Val Loss: 0.2732
[Stage1] New best (epoch 4538) Val Loss: 0.2732 — saved: checkpoints\nnknn_regression_best_califonia_housing_softmax_fold_1_retr.pth
[Stage1] Epoch 4539 - Val R²: 0.7214 | Reg Val Loss: 0.2732
[Stage1] No improv. Best so far: 0.2732 (epoch 4538)
[Stage1] Epoch 4540 - Val R²: 0.7214 | Reg Val Loss: 0.2733
[Stage1] No improv. Best so far: 0.2732 (epoch 4538)
[Stage1] Epoch 4541 - Val R²: 0.7213 | Reg Val Loss: 0.2734
[Stage1] No improv. Best so far: 0.2732 (epoch 4538)
[Stage1] Epoch 4542 - Val R²: 0.7214 | Reg Val Loss: 0.2733
[Stage1] No improv. Best so far: 0.2732 (epoch 4538)
[Stage1] Epoch 4543 - Val R²: 0.7213 | Reg Val Loss: 0.2733
[Stage1] No improv. Best so far: 0.2732 (epoch 4538)
[Stage1] Epoch 4544 - Val R²: 0.7214 | Reg Val Loss: 0.2733
[Stage1] No improv. Best so far: 0.2732 (epoch 4538)
[Stage1] Epoch 4545 - Val R²: 0.7214 | Reg Val Loss: 0.2733
[Stage1] No improv. Best so far: 0.2732 (epoch 4538)
[Stage1] Epoch 4546 - Val R²: 0.7214 | Reg Val Loss: 0.2732
[Stage1] No improv. Best so far: 0.2732 (epoch 4538)
[Stage1] Epoch 4547 - Val R²: 0.7214 | Reg Val Loss: 0.2733
[Stage1] No improv. Best so far: 0.2732 (epoch 4538)
[Stage1] Epoch 4548 - Val R²: 0.7214 | Reg Val Loss: 0.2733
[Stage1] No improv. Best so far: 0.2732 (epoch 4538)
[Stage1] Epoch 4549 - Val R²: 0.7213 | Reg Val Loss: 0.2733
[Stage1] No improv. Best so far: 0.2732 (epoch 4538)
[Stage1] Epoch 4550 - Val R²: 0.7214 | Reg Val Loss: 0.2733
[Stage1] No improv. Best so far: 0.2732 (epoch 4538)
[Stage1] Epoch 4551 - Val R²: 0.7214 | Reg Val Loss: 0.2733
[Stage1] No improv. Best so far: 0.2732 (epoch 4538)
[Stage1] Epoch 4552 - Val R²: 0.7214 | Reg Val Loss: 0.2732
[Stage1] No improv. Best so far: 0.2732 (epoch 4538)
[Stage1] Epoch 4553 - Val R²: 0.7215 | Reg Val Loss: 0.2732
[Stage1] No improv. Best so far: 0.2732 (epoch 4538)
[Stage1] Epoch 4554 - Val R²: 0.7214 | Reg Val Loss: 0.2733
[Stage1] No improv. Best so far: 0.2732 (epoch 4538)
[Stage1] Epoch 4555 - Val R²: 0.7214 | Reg Val Loss: 0.2732
[Stage1] No improv. Best so far: 0.2732 (epoch 4538)
[Stage1] Epoch 4556 - Val R²: 0.7213 | Reg Val Loss: 0.2733
[Stage1] No improv. Best so far: 0.2732 (epoch 4538)
[Stage1] Epoch 4557 - Val R²: 0.7214 | Reg Val Loss: 0.2732
[Stage1] No improv. Best so far: 0.2732 (epoch 4538)
[Stage1] Epoch 4558 - Val R²: 0.7214 | Reg Val Loss: 0.2733
[Stage1] No improv. Best so far: 0.2732 (epoch 4538)
[Stage1] Epoch 4559 - Val R²: 0.7214 | Reg Val Loss: 0.2733
[Stage1] No improv. Best so far: 0.2732 (epoch 4538)
[Stage1] Epoch 4560 - Val R²: 0.7215 | Reg Val Loss: 0.2732
[Stage1] No improv. Best so far: 0.2732 (epoch 4538)
[Stage1] Epoch 4561 - Val R²: 0.7215 | Reg Val Loss: 0.2731
[Stage1] New best (epoch 4561) Val Loss: 0.2731 — saved: checkpoints\nnknn_regression_best_califonia_housing_softmax_fold_1_retr.pth
[Stage1] Epoch 4562 - Val R²: 0.7215 | Reg Val Loss: 0.2732
[Stage1] No improv. Best so far: 0.2731 (epoch 4561)
[Stage1] Epoch 4563 - Val R²: 0.7215 | Reg Val Loss: 0.2732
[Stage1] No improv. Best so far: 0.2731 (epoch 4561)
[Stage1] Epoch 4564 - Val R²: 0.7215 | Reg Val Loss: 0.2731
[Stage1] No improv. Best so far: 0.2731 (epoch 4561)
[Stage1] Epoch 4565 - Val R²: 0.7215 | Reg Val Loss: 0.2732
[Stage1] No improv. Best so far: 0.2731 (epoch 4561)
[Stage1] Epoch 4566 - Val R²: 0.7215 | Reg Val Loss: 0.2731
[Stage1] No improv. Best so far: 0.2731 (epoch 4561)
[Stage1] Epoch 4567 - Val R²: 0.7216 | Reg Val Loss: 0.2731
[Stage1] New best (epoch 4567) Val Loss: 0.2731 — saved: checkpoints\nnknn_regression_best_califonia_housing_softmax_fold_1_retr.pth
[Stage1] Epoch 4568 - Val R²: 0.7215 | Reg Val Loss: 0.2732
[Stage1] No improv. Best so far: 0.2731 (epoch 4567)
[Stage1] Epoch 4569 - Val R²: 0.7215 | Reg Val Loss: 0.2732
[Stage1] No improv. Best so far: 0.2731 (epoch 4567)
[Stage1] Epoch 4570 - Val R²: 0.7215 | Reg Val Loss: 0.2732
[Stage1] No improv. Best so far: 0.2731 (epoch 4567)
[Stage1] Epoch 4571 - Val R²: 0.7215 | Reg Val Loss: 0.2731
[Stage1] No improv. Best so far: 0.2731 (epoch 4567)
[Stage1] Epoch 4572 - Val R²: 0.7214 | Reg Val Loss: 0.2732
[Stage1] No improv. Best so far: 0.2731 (epoch 4567)
[Stage1] Epoch 4573 - Val R²: 0.7215 | Reg Val Loss: 0.2732
[Stage1] No improv. Best so far: 0.2731 (epoch 4567)
[Stage1] Epoch 4574 - Val R²: 0.7214 | Reg Val Loss: 0.2732
[Stage1] No improv. Best so far: 0.2731 (epoch 4567)
[Stage1] Epoch 4575 - Val R²: 0.7215 | Reg Val Loss: 0.2731
[Stage1] No improv. Best so far: 0.2731 (epoch 4567)
[Stage1] Epoch 4576 - Val R²: 0.7215 | Reg Val Loss: 0.2731
[Stage1] No improv. Best so far: 0.2731 (epoch 4567)
[Stage1] Epoch 4577 - Val R²: 0.7215 | Reg Val Loss: 0.2732
[Stage1] No improv. Best so far: 0.2731 (epoch 4567)
[Stage1] Epoch 4578 - Val R²: 0.7215 | Reg Val Loss: 0.2732
[Stage1] No improv. Best so far: 0.2731 (epoch 4567)
[Stage1] Epoch 4579 - Val R²: 0.7215 | Reg Val Loss: 0.2732
[Stage1] No improv. Best so far: 0.2731 (epoch 4567)
[Stage1] Epoch 4580 - Val R²: 0.7215 | Reg Val Loss: 0.2732
[Stage1] No improv. Best so far: 0.2731 (epoch 4567)
[Stage1] Epoch 4581 - Val R²: 0.7215 | Reg Val Loss: 0.2732
[Stage1] No improv. Best so far: 0.2731 (epoch 4567)
[Stage1] Epoch 4582 - Val R²: 0.7215 | Reg Val Loss: 0.2732
[Stage1] No improv. Best so far: 0.2731 (epoch 4567)
[Stage1] Epoch 4583 - Val R²: 0.7215 | Reg Val Loss: 0.2731
[Stage1] No improv. Best so far: 0.2731 (epoch 4567)
[Stage1] Epoch 4584 - Val R²: 0.7215 | Reg Val Loss: 0.2732
[Stage1] No improv. Best so far: 0.2731 (epoch 4567)
[Stage1] Epoch 4585 - Val R²: 0.7215 | Reg Val Loss: 0.2732
[Stage1] No improv. Best so far: 0.2731 (epoch 4567)
[Stage1] Epoch 4586 - Val R²: 0.7216 | Reg Val Loss: 0.2731
[Stage1] No improv. Best so far: 0.2731 (epoch 4567)
[Stage1] Epoch 4587 - Val R²: 0.7215 | Reg Val Loss: 0.2731
[Stage1] No improv. Best so far: 0.2731 (epoch 4567)
[Stage1] Epoch 4588 - Val R²: 0.7215 | Reg Val Loss: 0.2731
[Stage1] No improv. Best so far: 0.2731 (epoch 4567)
[Stage1] Epoch 4589 - Val R²: 0.7216 | Reg Val Loss: 0.2731
[Stage1] New best (epoch 4589) Val Loss: 0.2731 — saved: checkpoints\nnknn_regression_best_califonia_housing_softmax_fold_1_retr.pth
[Stage1] Epoch 4590 - Val R²: 0.7216 | Reg Val Loss: 0.2731
[Stage1] No improv. Best so far: 0.2731 (epoch 4589)
[Stage1] Epoch 4591 - Val R²: 0.7215 | Reg Val Loss: 0.2732
[Stage1] No improv. Best so far: 0.2731 (epoch 4589)
[Stage1] Epoch 4592 - Val R²: 0.7215 | Reg Val Loss: 0.2731
[Stage1] No improv. Best so far: 0.2731 (epoch 4589)
[Stage1] Epoch 4593 - Val R²: 0.7215 | Reg Val Loss: 0.2731
[Stage1] No improv. Best so far: 0.2731 (epoch 4589)
[Stage1] Epoch 4594 - Val R²: 0.7215 | Reg Val Loss: 0.2732
[Stage1] No improv. Best so far: 0.2731 (epoch 4589)
[Stage1] Epoch 4595 - Val R²: 0.7216 | Reg Val Loss: 0.2731
[Stage1] No improv. Best so far: 0.2731 (epoch 4589)
[Stage1] Epoch 4596 - Val R²: 0.7215 | Reg Val Loss: 0.2731
[Stage1] No improv. Best so far: 0.2731 (epoch 4589)
[Stage1] Epoch 4597 - Val R²: 0.7214 | Reg Val Loss: 0.2732
[Stage1] No improv. Best so far: 0.2731 (epoch 4589)
[Stage1] Epoch 4598 - Val R²: 0.7215 | Reg Val Loss: 0.2732
[Stage1] No improv. Best so far: 0.2731 (epoch 4589)
[Stage1] Epoch 4599 - Val R²: 0.7215 | Reg Val Loss: 0.2731
[Stage1] No improv. Best so far: 0.2731 (epoch 4589)
[Stage1] Epoch 4600 - Val R²: 0.7215 | Reg Val Loss: 0.2731
[Stage1] No improv. Best so far: 0.2731 (epoch 4589)
[Stage1] Epoch 4601 - Val R²: 0.7215 | Reg Val Loss: 0.2732
[Stage1] No improv. Best so far: 0.2731 (epoch 4589)
[Stage1] Epoch 4602 - Val R²: 0.7214 | Reg Val Loss: 0.2732
[Stage1] No improv. Best so far: 0.2731 (epoch 4589)
[Stage1] Epoch 4603 - Val R²: 0.7215 | Reg Val Loss: 0.2732
[Stage1] No improv. Best so far: 0.2731 (epoch 4589)
[Stage1] Epoch 4604 - Val R²: 0.7215 | Reg Val Loss: 0.2732
[Stage1] No improv. Best so far: 0.2731 (epoch 4589)
[Stage1] Epoch 4605 - Val R²: 0.7216 | Reg Val Loss: 0.2731
[Stage1] No improv. Best so far: 0.2731 (epoch 4589)
[Stage1] Epoch 4606 - Val R²: 0.7215 | Reg Val Loss: 0.2732
[Stage1] No improv. Best so far: 0.2731 (epoch 4589)
[Stage1] Epoch 4607 - Val R²: 0.7216 | Reg Val Loss: 0.2731
[Stage1] No improv. Best so far: 0.2731 (epoch 4589)
[Stage1] Epoch 4608 - Val R²: 0.7215 | Reg Val Loss: 0.2731
[Stage1] No improv. Best so far: 0.2731 (epoch 4589)
[Stage1] Epoch 4609 - Val R²: 0.7216 | Reg Val Loss: 0.2731
[Stage1] New best (epoch 4609) Val Loss: 0.2731 — saved: checkpoints\nnknn_regression_best_califonia_housing_softmax_fold_1_retr.pth
[Stage1] Epoch 4610 - Val R²: 0.7216 | Reg Val Loss: 0.2731
[Stage1] No improv. Best so far: 0.2731 (epoch 4609)
[Stage1] Epoch 4611 - Val R²: 0.7215 | Reg Val Loss: 0.2731
[Stage1] No improv. Best so far: 0.2731 (epoch 4609)
[Stage1] Epoch 4612 - Val R²: 0.7215 | Reg Val Loss: 0.2732
[Stage1] No improv. Best so far: 0.2731 (epoch 4609)
[Stage1] Epoch 4613 - Val R²: 0.7216 | Reg Val Loss: 0.2730
[Stage1] New best (epoch 4613) Val Loss: 0.2730 — saved: checkpoints\nnknn_regression_best_califonia_housing_softmax_fold_1_retr.pth
[Stage1] Epoch 4614 - Val R²: 0.7215 | Reg Val Loss: 0.2731
[Stage1] No improv. Best so far: 0.2730 (epoch 4613)
[Stage1] Epoch 4615 - Val R²: 0.7215 | Reg Val Loss: 0.2732
[Stage1] No improv. Best so far: 0.2730 (epoch 4613)
[Stage1] Epoch 4616 - Val R²: 0.7215 | Reg Val Loss: 0.2731
[Stage1] No improv. Best so far: 0.2730 (epoch 4613)
[Stage1] Epoch 4617 - Val R²: 0.7216 | Reg Val Loss: 0.2731
[Stage1] No improv. Best so far: 0.2730 (epoch 4613)
[Stage1] Epoch 4618 - Val R²: 0.7215 | Reg Val Loss: 0.2732
[Stage1] No improv. Best so far: 0.2730 (epoch 4613)
[Stage1] Epoch 4619 - Val R²: 0.7215 | Reg Val Loss: 0.2732
[Stage1] No improv. Best so far: 0.2730 (epoch 4613)
[Stage1] Epoch 4620 - Val R²: 0.7215 | Reg Val Loss: 0.2732
[Stage1] No improv. Best so far: 0.2730 (epoch 4613)
[Stage1] Epoch 4621 - Val R²: 0.7215 | Reg Val Loss: 0.2732
[Stage1] No improv. Best so far: 0.2730 (epoch 4613)
[Stage1] Epoch 4622 - Val R²: 0.7215 | Reg Val Loss: 0.2731
[Stage1] No improv. Best so far: 0.2730 (epoch 4613)
[Stage1] Epoch 4623 - Val R²: 0.7215 | Reg Val Loss: 0.2732
[Stage1] No improv. Best so far: 0.2730 (epoch 4613)
[Stage1] Epoch 4624 - Val R²: 0.7215 | Reg Val Loss: 0.2731
[Stage1] No improv. Best so far: 0.2730 (epoch 4613)
[Stage1] Epoch 4625 - Val R²: 0.7216 | Reg Val Loss: 0.2731
[Stage1] No improv. Best so far: 0.2730 (epoch 4613)
[Stage1] Epoch 4626 - Val R²: 0.7216 | Reg Val Loss: 0.2731
[Stage1] No improv. Best so far: 0.2730 (epoch 4613)
[Stage1] Epoch 4627 - Val R²: 0.7215 | Reg Val Loss: 0.2732
[Stage1] No improv. Best so far: 0.2730 (epoch 4613)
[Stage1] Epoch 4628 - Val R²: 0.7216 | Reg Val Loss: 0.2731
[Stage1] No improv. Best so far: 0.2730 (epoch 4613)
[Stage1] Epoch 4629 - Val R²: 0.7216 | Reg Val Loss: 0.2731
[Stage1] No improv. Best so far: 0.2730 (epoch 4613)
[Stage1] Epoch 4630 - Val R²: 0.7216 | Reg Val Loss: 0.2731
[Stage1] No improv. Best so far: 0.2730 (epoch 4613)
[Stage1] Epoch 4631 - Val R²: 0.7216 | Reg Val Loss: 0.2730
[Stage1] No improv. Best so far: 0.2730 (epoch 4613)
[Stage1] Epoch 4632 - Val R²: 0.7216 | Reg Val Loss: 0.2730
[Stage1] New best (epoch 4632) Val Loss: 0.2730 — saved: checkpoints\nnknn_regression_best_califonia_housing_softmax_fold_1_retr.pth
[Stage1] Epoch 4633 - Val R²: 0.7216 | Reg Val Loss: 0.2730
[Stage1] No improv. Best so far: 0.2730 (epoch 4632)
[Stage1] Epoch 4634 - Val R²: 0.7215 | Reg Val Loss: 0.2731
[Stage1] No improv. Best so far: 0.2730 (epoch 4632)
[Stage1] Epoch 4635 - Val R²: 0.7216 | Reg Val Loss: 0.2731
[Stage1] No improv. Best so far: 0.2730 (epoch 4632)
[Stage1] Epoch 4636 - Val R²: 0.7216 | Reg Val Loss: 0.2731
[Stage1] No improv. Best so far: 0.2730 (epoch 4632)
[Stage1] Epoch 4637 - Val R²: 0.7216 | Reg Val Loss: 0.2731
[Stage1] No improv. Best so far: 0.2730 (epoch 4632)
[Stage1] Epoch 4638 - Val R²: 0.7217 | Reg Val Loss: 0.2730
[Stage1] New best (epoch 4638) Val Loss: 0.2730 — saved: checkpoints\nnknn_regression_best_califonia_housing_softmax_fold_1_retr.pth
[Stage1] Epoch 4639 - Val R²: 0.7216 | Reg Val Loss: 0.2730
[Stage1] No improv. Best so far: 0.2730 (epoch 4638)
[Stage1] Epoch 4640 - Val R²: 0.7216 | Reg Val Loss: 0.2730
[Stage1] No improv. Best so far: 0.2730 (epoch 4638)
[Stage1] Epoch 4641 - Val R²: 0.7216 | Reg Val Loss: 0.2731
[Stage1] No improv. Best so far: 0.2730 (epoch 4638)
[Stage1] Epoch 4642 - Val R²: 0.7216 | Reg Val Loss: 0.2731
[Stage1] No improv. Best so far: 0.2730 (epoch 4638)
[Stage1] Epoch 4643 - Val R²: 0.7216 | Reg Val Loss: 0.2731
[Stage1] No improv. Best so far: 0.2730 (epoch 4638)
[Stage1] Epoch 4644 - Val R²: 0.7215 | Reg Val Loss: 0.2731
[Stage1] No improv. Best so far: 0.2730 (epoch 4638)
[Stage1] Epoch 4645 - Val R²: 0.7216 | Reg Val Loss: 0.2731
[Stage1] No improv. Best so far: 0.2730 (epoch 4638)
[Stage1] Epoch 4646 - Val R²: 0.7215 | Reg Val Loss: 0.2732
[Stage1] No improv. Best so far: 0.2730 (epoch 4638)
[Stage1] Epoch 4647 - Val R²: 0.7216 | Reg Val Loss: 0.2731
[Stage1] No improv. Best so far: 0.2730 (epoch 4638)
[Stage1] Epoch 4648 - Val R²: 0.7216 | Reg Val Loss: 0.2731
[Stage1] No improv. Best so far: 0.2730 (epoch 4638)
[Stage1] Epoch 4649 - Val R²: 0.7216 | Reg Val Loss: 0.2731
[Stage1] No improv. Best so far: 0.2730 (epoch 4638)
[Stage1] Epoch 4650 - Val R²: 0.7216 | Reg Val Loss: 0.2730
[Stage1] No improv. Best so far: 0.2730 (epoch 4638)
[Stage1] Epoch 4651 - Val R²: 0.7216 | Reg Val Loss: 0.2731
[Stage1] No improv. Best so far: 0.2730 (epoch 4638)
[Stage1] Epoch 4652 - Val R²: 0.7216 | Reg Val Loss: 0.2731
[Stage1] No improv. Best so far: 0.2730 (epoch 4638)
[Stage1] Epoch 4653 - Val R²: 0.7217 | Reg Val Loss: 0.2730
[Stage1] No improv. Best so far: 0.2730 (epoch 4638)
[Stage1] Epoch 4654 - Val R²: 0.7215 | Reg Val Loss: 0.2731
[Stage1] No improv. Best so far: 0.2730 (epoch 4638)
[Stage1] Epoch 4655 - Val R²: 0.7216 | Reg Val Loss: 0.2731
[Stage1] No improv. Best so far: 0.2730 (epoch 4638)
[Stage1] Epoch 4656 - Val R²: 0.7216 | Reg Val Loss: 0.2731
[Stage1] No improv. Best so far: 0.2730 (epoch 4638)
[Stage1] Epoch 4657 - Val R²: 0.7215 | Reg Val Loss: 0.2731
[Stage1] No improv. Best so far: 0.2730 (epoch 4638)
[Stage1] Epoch 4658 - Val R²: 0.7215 | Reg Val Loss: 0.2731
[Stage1] No improv. Best so far: 0.2730 (epoch 4638)
[Stage1] Epoch 4659 - Val R²: 0.7216 | Reg Val Loss: 0.2731
[Stage1] No improv. Best so far: 0.2730 (epoch 4638)
[Stage1] Epoch 4660 - Val R²: 0.7216 | Reg Val Loss: 0.2730
[Stage1] No improv. Best so far: 0.2730 (epoch 4638)
[Stage1] Epoch 4661 - Val R²: 0.7216 | Reg Val Loss: 0.2731
[Stage1] No improv. Best so far: 0.2730 (epoch 4638)
[Stage1] Epoch 4662 - Val R²: 0.7216 | Reg Val Loss: 0.2731
[Stage1] No improv. Best so far: 0.2730 (epoch 4638)
[Stage1] Epoch 4663 - Val R²: 0.7216 | Reg Val Loss: 0.2731
[Stage1] No improv. Best so far: 0.2730 (epoch 4638)
[Stage1] Epoch 4664 - Val R²: 0.7216 | Reg Val Loss: 0.2730
[Stage1] No improv. Best so far: 0.2730 (epoch 4638)
[Stage1] Epoch 4665 - Val R²: 0.7216 | Reg Val Loss: 0.2731
[Stage1] No improv. Best so far: 0.2730 (epoch 4638)
[Stage1] Epoch 4666 - Val R²: 0.7217 | Reg Val Loss: 0.2730
[Stage1] No improv. Best so far: 0.2730 (epoch 4638)
[Stage1] Epoch 4667 - Val R²: 0.7216 | Reg Val Loss: 0.2731
[Stage1] No improv. Best so far: 0.2730 (epoch 4638)
[Stage1] Epoch 4668 - Val R²: 0.7216 | Reg Val Loss: 0.2731
[Stage1] No improv. Best so far: 0.2730 (epoch 4638)
[Stage1] Epoch 4669 - Val R²: 0.7216 | Reg Val Loss: 0.2730
[Stage1] No improv. Best so far: 0.2730 (epoch 4638)
[Stage1] Epoch 4670 - Val R²: 0.7216 | Reg Val Loss: 0.2730
[Stage1] No improv. Best so far: 0.2730 (epoch 4638)
[Stage1] Epoch 4671 - Val R²: 0.7216 | Reg Val Loss: 0.2731
[Stage1] No improv. Best so far: 0.2730 (epoch 4638)
[Stage1] Epoch 4672 - Val R²: 0.7216 | Reg Val Loss: 0.2730
[Stage1] No improv. Best so far: 0.2730 (epoch 4638)
[Stage1] Epoch 4673 - Val R²: 0.7216 | Reg Val Loss: 0.2731
[Stage1] No improv. Best so far: 0.2730 (epoch 4638)
[Stage1] Epoch 4674 - Val R²: 0.7216 | Reg Val Loss: 0.2731
[Stage1] No improv. Best so far: 0.2730 (epoch 4638)
[Stage1] Epoch 4675 - Val R²: 0.7217 | Reg Val Loss: 0.2730
[Stage1] No improv. Best so far: 0.2730 (epoch 4638)
[Stage1] Epoch 4676 - Val R²: 0.7217 | Reg Val Loss: 0.2729
[Stage1] New best (epoch 4676) Val Loss: 0.2729 — saved: checkpoints\nnknn_regression_best_califonia_housing_softmax_fold_1_retr.pth
[Stage1] Epoch 4677 - Val R²: 0.7217 | Reg Val Loss: 0.2730
[Stage1] No improv. Best so far: 0.2729 (epoch 4676)
[Stage1] Epoch 4678 - Val R²: 0.7217 | Reg Val Loss: 0.2730
[Stage1] No improv. Best so far: 0.2729 (epoch 4676)
[Stage1] Epoch 4679 - Val R²: 0.7216 | Reg Val Loss: 0.2731
[Stage1] No improv. Best so far: 0.2729 (epoch 4676)
[Stage1] Epoch 4680 - Val R²: 0.7216 | Reg Val Loss: 0.2731
[Stage1] No improv. Best so far: 0.2729 (epoch 4676)
[Stage1] Epoch 4681 - Val R²: 0.7216 | Reg Val Loss: 0.2730
[Stage1] No improv. Best so far: 0.2729 (epoch 4676)
[Stage1] Epoch 4682 - Val R²: 0.7217 | Reg Val Loss: 0.2730
[Stage1] No improv. Best so far: 0.2729 (epoch 4676)
[Stage1] Epoch 4683 - Val R²: 0.7216 | Reg Val Loss: 0.2731
[Stage1] No improv. Best so far: 0.2729 (epoch 4676)
[Stage1] Epoch 4684 - Val R²: 0.7216 | Reg Val Loss: 0.2731
[Stage1] No improv. Best so far: 0.2729 (epoch 4676)
[Stage1] Epoch 4685 - Val R²: 0.7216 | Reg Val Loss: 0.2731
[Stage1] No improv. Best so far: 0.2729 (epoch 4676)
[Stage1] Epoch 4686 - Val R²: 0.7216 | Reg Val Loss: 0.2730
[Stage1] No improv. Best so far: 0.2729 (epoch 4676)
[Stage1] Epoch 4687 - Val R²: 0.7216 | Reg Val Loss: 0.2731
[Stage1] No improv. Best so far: 0.2729 (epoch 4676)
[Stage1] Epoch 4688 - Val R²: 0.7216 | Reg Val Loss: 0.2730
[Stage1] No improv. Best so far: 0.2729 (epoch 4676)
[Stage1] Epoch 4689 - Val R²: 0.7217 | Reg Val Loss: 0.2730
[Stage1] No improv. Best so far: 0.2729 (epoch 4676)
[Stage1] Epoch 4690 - Val R²: 0.7217 | Reg Val Loss: 0.2729
[Stage1] No improv. Best so far: 0.2729 (epoch 4676)
[Stage1] Epoch 4691 - Val R²: 0.7217 | Reg Val Loss: 0.2730
[Stage1] No improv. Best so far: 0.2729 (epoch 4676)
[Stage1] Epoch 4692 - Val R²: 0.7216 | Reg Val Loss: 0.2731
[Stage1] No improv. Best so far: 0.2729 (epoch 4676)
[Stage1] Epoch 4693 - Val R²: 0.7217 | Reg Val Loss: 0.2730
[Stage1] No improv. Best so far: 0.2729 (epoch 4676)
[Stage1] Epoch 4694 - Val R²: 0.7217 | Reg Val Loss: 0.2730
[Stage1] No improv. Best so far: 0.2729 (epoch 4676)
[Stage1] Epoch 4695 - Val R²: 0.7217 | Reg Val Loss: 0.2730
[Stage1] No improv. Best so far: 0.2729 (epoch 4676)
[Stage1] Epoch 4696 - Val R²: 0.7217 | Reg Val Loss: 0.2730
[Stage1] No improv. Best so far: 0.2729 (epoch 4676)
[Stage1] Epoch 4697 - Val R²: 0.7217 | Reg Val Loss: 0.2730
[Stage1] No improv. Best so far: 0.2729 (epoch 4676)
[Stage1] Epoch 4698 - Val R²: 0.7216 | Reg Val Loss: 0.2731
[Stage1] No improv. Best so far: 0.2729 (epoch 4676)
[Stage1] Epoch 4699 - Val R²: 0.7216 | Reg Val Loss: 0.2731
[Stage1] No improv. Best so far: 0.2729 (epoch 4676)
[Stage1] Epoch 4700 - Val R²: 0.7217 | Reg Val Loss: 0.2730
[Stage1] No improv. Best so far: 0.2729 (epoch 4676)
[Stage1] Epoch 4701 - Val R²: 0.7217 | Reg Val Loss: 0.2730
[Stage1] No improv. Best so far: 0.2729 (epoch 4676)
[Stage1] Epoch 4702 - Val R²: 0.7217 | Reg Val Loss: 0.2729
[Stage1] No improv. Best so far: 0.2729 (epoch 4676)
[Stage1] Epoch 4703 - Val R²: 0.7217 | Reg Val Loss: 0.2729
[Stage1] No improv. Best so far: 0.2729 (epoch 4676)
[Stage1] Epoch 4704 - Val R²: 0.7216 | Reg Val Loss: 0.2730
[Stage1] No improv. Best so far: 0.2729 (epoch 4676)
[Stage1] Epoch 4705 - Val R²: 0.7217 | Reg Val Loss: 0.2730
[Stage1] No improv. Best so far: 0.2729 (epoch 4676)
[Stage1] Epoch 4706 - Val R²: 0.7217 | Reg Val Loss: 0.2729
[Stage1] No improv. Best so far: 0.2729 (epoch 4676)
[Stage1] Epoch 4707 - Val R²: 0.7217 | Reg Val Loss: 0.2730
[Stage1] No improv. Best so far: 0.2729 (epoch 4676)
[Stage1] Epoch 4708 - Val R²: 0.7217 | Reg Val Loss: 0.2730
[Stage1] No improv. Best so far: 0.2729 (epoch 4676)
[Stage1] Epoch 4709 - Val R²: 0.7217 | Reg Val Loss: 0.2729
[Stage1] No improv. Best so far: 0.2729 (epoch 4676)
[Stage1] Epoch 4710 - Val R²: 0.7217 | Reg Val Loss: 0.2729
[Stage1] No improv. Best so far: 0.2729 (epoch 4676)
[Stage1] Epoch 4711 - Val R²: 0.7217 | Reg Val Loss: 0.2729
[Stage1] No improv. Best so far: 0.2729 (epoch 4676)
[Stage1] Epoch 4712 - Val R²: 0.7217 | Reg Val Loss: 0.2730
[Stage1] No improv. Best so far: 0.2729 (epoch 4676)
[Stage1] Epoch 4713 - Val R²: 0.7216 | Reg Val Loss: 0.2730
[Stage1] No improv. Best so far: 0.2729 (epoch 4676)
[Stage1] Epoch 4714 - Val R²: 0.7216 | Reg Val Loss: 0.2730
[Stage1] No improv. Best so far: 0.2729 (epoch 4676)
[Stage1] Epoch 4715 - Val R²: 0.7216 | Reg Val Loss: 0.2730
[Stage1] No improv. Best so far: 0.2729 (epoch 4676)
[Stage1] Epoch 4716 - Val R²: 0.7217 | Reg Val Loss: 0.2730
[Stage1] No improv. Best so far: 0.2729 (epoch 4676)
[Stage1] Epoch 4717 - Val R²: 0.7216 | Reg Val Loss: 0.2731
[Stage1] No improv. Best so far: 0.2729 (epoch 4676)
[Stage1] Epoch 4718 - Val R²: 0.7217 | Reg Val Loss: 0.2730
[Stage1] No improv. Best so far: 0.2729 (epoch 4676)
[Stage1] Epoch 4719 - Val R²: 0.7217 | Reg Val Loss: 0.2730
[Stage1] No improv. Best so far: 0.2729 (epoch 4676)
[Stage1] Epoch 4720 - Val R²: 0.7217 | Reg Val Loss: 0.2730
[Stage1] No improv. Best so far: 0.2729 (epoch 4676)
[Stage1] Epoch 4721 - Val R²: 0.7217 | Reg Val Loss: 0.2729
[Stage1] New best (epoch 4721) Val Loss: 0.2729 — saved: checkpoints\nnknn_regression_best_califonia_housing_softmax_fold_1_retr.pth
[Stage1] Epoch 4722 - Val R²: 0.7217 | Reg Val Loss: 0.2730
[Stage1] No improv. Best so far: 0.2729 (epoch 4721)
[Stage1] Epoch 4723 - Val R²: 0.7217 | Reg Val Loss: 0.2729
[Stage1] No improv. Best so far: 0.2729 (epoch 4721)
[Stage1] Epoch 4724 - Val R²: 0.7216 | Reg Val Loss: 0.2730
[Stage1] No improv. Best so far: 0.2729 (epoch 4721)
[Stage1] Epoch 4725 - Val R²: 0.7217 | Reg Val Loss: 0.2730
[Stage1] No improv. Best so far: 0.2729 (epoch 4721)
[Stage1] Epoch 4726 - Val R²: 0.7216 | Reg Val Loss: 0.2730
[Stage1] No improv. Best so far: 0.2729 (epoch 4721)
[Stage1] Epoch 4727 - Val R²: 0.7217 | Reg Val Loss: 0.2730
[Stage1] No improv. Best so far: 0.2729 (epoch 4721)
[Stage1] Epoch 4728 - Val R²: 0.7216 | Reg Val Loss: 0.2730
[Stage1] No improv. Best so far: 0.2729 (epoch 4721)
[Stage1] Epoch 4729 - Val R²: 0.7218 | Reg Val Loss: 0.2729
[Stage1] New best (epoch 4729) Val Loss: 0.2729 — saved: checkpoints\nnknn_regression_best_califonia_housing_softmax_fold_1_retr.pth
[Stage1] Epoch 4730 - Val R²: 0.7217 | Reg Val Loss: 0.2730
[Stage1] No improv. Best so far: 0.2729 (epoch 4729)
[Stage1] Epoch 4731 - Val R²: 0.7217 | Reg Val Loss: 0.2730
[Stage1] No improv. Best so far: 0.2729 (epoch 4729)
[Stage1] Epoch 4732 - Val R²: 0.7217 | Reg Val Loss: 0.2730
[Stage1] No improv. Best so far: 0.2729 (epoch 4729)
[Stage1] Epoch 4733 - Val R²: 0.7217 | Reg Val Loss: 0.2730
[Stage1] No improv. Best so far: 0.2729 (epoch 4729)
[Stage1] Epoch 4734 - Val R²: 0.7217 | Reg Val Loss: 0.2730
[Stage1] No improv. Best so far: 0.2729 (epoch 4729)
[Stage1] Epoch 4735 - Val R²: 0.7217 | Reg Val Loss: 0.2729
[Stage1] No improv. Best so far: 0.2729 (epoch 4729)
[Stage1] Epoch 4736 - Val R²: 0.7218 | Reg Val Loss: 0.2729
[Stage1] New best (epoch 4736) Val Loss: 0.2729 — saved: checkpoints\nnknn_regression_best_califonia_housing_softmax_fold_1_retr.pth
[Stage1] Epoch 4737 - Val R²: 0.7217 | Reg Val Loss: 0.2730
[Stage1] No improv. Best so far: 0.2729 (epoch 4736)
[Stage1] Epoch 4738 - Val R²: 0.7217 | Reg Val Loss: 0.2730
[Stage1] No improv. Best so far: 0.2729 (epoch 4736)
[Stage1] Epoch 4739 - Val R²: 0.7217 | Reg Val Loss: 0.2729
[Stage1] No improv. Best so far: 0.2729 (epoch 4736)
[Stage1] Epoch 4740 - Val R²: 0.7217 | Reg Val Loss: 0.2729
[Stage1] No improv. Best so far: 0.2729 (epoch 4736)
[Stage1] Epoch 4741 - Val R²: 0.7218 | Reg Val Loss: 0.2729
[Stage1] No improv. Best so far: 0.2729 (epoch 4736)
[Stage1] Epoch 4742 - Val R²: 0.7217 | Reg Val Loss: 0.2730
[Stage1] No improv. Best so far: 0.2729 (epoch 4736)
[Stage1] Epoch 4743 - Val R²: 0.7217 | Reg Val Loss: 0.2730
[Stage1] No improv. Best so far: 0.2729 (epoch 4736)
[Stage1] Epoch 4744 - Val R²: 0.7217 | Reg Val Loss: 0.2729
[Stage1] No improv. Best so far: 0.2729 (epoch 4736)
[Stage1] Epoch 4745 - Val R²: 0.7217 | Reg Val Loss: 0.2730
[Stage1] No improv. Best so far: 0.2729 (epoch 4736)
[Stage1] Epoch 4746 - Val R²: 0.7217 | Reg Val Loss: 0.2729
[Stage1] No improv. Best so far: 0.2729 (epoch 4736)
[Stage1] Epoch 4747 - Val R²: 0.7216 | Reg Val Loss: 0.2730
[Stage1] No improv. Best so far: 0.2729 (epoch 4736)
[Stage1] Epoch 4748 - Val R²: 0.7216 | Reg Val Loss: 0.2730
[Stage1] No improv. Best so far: 0.2729 (epoch 4736)
[Stage1] Epoch 4749 - Val R²: 0.7217 | Reg Val Loss: 0.2730
[Stage1] No improv. Best so far: 0.2729 (epoch 4736)
[Stage1] Epoch 4750 - Val R²: 0.7217 | Reg Val Loss: 0.2730
[Stage1] No improv. Best so far: 0.2729 (epoch 4736)
[Stage1] Epoch 4751 - Val R²: 0.7217 | Reg Val Loss: 0.2730
[Stage1] No improv. Best so far: 0.2729 (epoch 4736)
[Stage1] Epoch 4752 - Val R²: 0.7218 | Reg Val Loss: 0.2729
[Stage1] No improv. Best so far: 0.2729 (epoch 4736)
[Stage1] Epoch 4753 - Val R²: 0.7217 | Reg Val Loss: 0.2729
[Stage1] No improv. Best so far: 0.2729 (epoch 4736)
[Stage1] Epoch 4754 - Val R²: 0.7217 | Reg Val Loss: 0.2730
[Stage1] No improv. Best so far: 0.2729 (epoch 4736)
[Stage1] Epoch 4755 - Val R²: 0.7217 | Reg Val Loss: 0.2730
[Stage1] No improv. Best so far: 0.2729 (epoch 4736)
[Stage1] Epoch 4756 - Val R²: 0.7216 | Reg Val Loss: 0.2730
[Stage1] No improv. Best so far: 0.2729 (epoch 4736)
[Stage1] Epoch 4757 - Val R²: 0.7216 | Reg Val Loss: 0.2730
[Stage1] No improv. Best so far: 0.2729 (epoch 4736)
[Stage1] Epoch 4758 - Val R²: 0.7218 | Reg Val Loss: 0.2729
[Stage1] No improv. Best so far: 0.2729 (epoch 4736)
[Stage1] Epoch 4759 - Val R²: 0.7218 | Reg Val Loss: 0.2729
[Stage1] No improv. Best so far: 0.2729 (epoch 4736)
[Stage1] Epoch 4760 - Val R²: 0.7218 | Reg Val Loss: 0.2729
[Stage1] No improv. Best so far: 0.2729 (epoch 4736)
[Stage1] Epoch 4761 - Val R²: 0.7217 | Reg Val Loss: 0.2729
[Stage1] No improv. Best so far: 0.2729 (epoch 4736)
[Stage1] Epoch 4762 - Val R²: 0.7217 | Reg Val Loss: 0.2730
[Stage1] No improv. Best so far: 0.2729 (epoch 4736)
[Stage1] Epoch 4763 - Val R²: 0.7218 | Reg Val Loss: 0.2729
[Stage1] New best (epoch 4763) Val Loss: 0.2729 — saved: checkpoints\nnknn_regression_best_califonia_housing_softmax_fold_1_retr.pth
[Stage1] Epoch 4764 - Val R²: 0.7218 | Reg Val Loss: 0.2729
[Stage1] New best (epoch 4764) Val Loss: 0.2729 — saved: checkpoints\nnknn_regression_best_califonia_housing_softmax_fold_1_retr.pth
[Stage1] Epoch 4765 - Val R²: 0.7217 | Reg Val Loss: 0.2730
[Stage1] No improv. Best so far: 0.2729 (epoch 4764)
[Stage1] Epoch 4766 - Val R²: 0.7217 | Reg Val Loss: 0.2730
[Stage1] No improv. Best so far: 0.2729 (epoch 4764)
[Stage1] Epoch 4767 - Val R²: 0.7218 | Reg Val Loss: 0.2729
[Stage1] No improv. Best so far: 0.2729 (epoch 4764)
[Stage1] Epoch 4768 - Val R²: 0.7218 | Reg Val Loss: 0.2729
[Stage1] No improv. Best so far: 0.2729 (epoch 4764)
[Stage1] Epoch 4769 - Val R²: 0.7217 | Reg Val Loss: 0.2729
[Stage1] No improv. Best so far: 0.2729 (epoch 4764)
[Stage1] Epoch 4770 - Val R²: 0.7217 | Reg Val Loss: 0.2729
[Stage1] No improv. Best so far: 0.2729 (epoch 4764)
[Stage1] Epoch 4771 - Val R²: 0.7217 | Reg Val Loss: 0.2729
[Stage1] No improv. Best so far: 0.2729 (epoch 4764)
[Stage1] Epoch 4772 - Val R²: 0.7218 | Reg Val Loss: 0.2729
[Stage1] No improv. Best so far: 0.2729 (epoch 4764)
[Stage1] Epoch 4773 - Val R²: 0.7217 | Reg Val Loss: 0.2729
[Stage1] No improv. Best so far: 0.2729 (epoch 4764)
[Stage1] Epoch 4774 - Val R²: 0.7217 | Reg Val Loss: 0.2729
[Stage1] No improv. Best so far: 0.2729 (epoch 4764)
[Stage1] Epoch 4775 - Val R²: 0.7218 | Reg Val Loss: 0.2729
[Stage1] No improv. Best so far: 0.2729 (epoch 4764)
[Stage1] Epoch 4776 - Val R²: 0.7218 | Reg Val Loss: 0.2729
[Stage1] No improv. Best so far: 0.2729 (epoch 4764)
[Stage1] Epoch 4777 - Val R²: 0.7218 | Reg Val Loss: 0.2729
[Stage1] No improv. Best so far: 0.2729 (epoch 4764)
[Stage1] Epoch 4778 - Val R²: 0.7217 | Reg Val Loss: 0.2729
[Stage1] No improv. Best so far: 0.2729 (epoch 4764)
[Stage1] Epoch 4779 - Val R²: 0.7218 | Reg Val Loss: 0.2729
[Stage1] No improv. Best so far: 0.2729 (epoch 4764)
[Stage1] Epoch 4780 - Val R²: 0.7217 | Reg Val Loss: 0.2729
[Stage1] No improv. Best so far: 0.2729 (epoch 4764)
[Stage1] Epoch 4781 - Val R²: 0.7217 | Reg Val Loss: 0.2730
[Stage1] No improv. Best so far: 0.2729 (epoch 4764)
[Stage1] Epoch 4782 - Val R²: 0.7218 | Reg Val Loss: 0.2729
[Stage1] No improv. Best so far: 0.2729 (epoch 4764)
[Stage1] Epoch 4783 - Val R²: 0.7218 | Reg Val Loss: 0.2729
[Stage1] No improv. Best so far: 0.2729 (epoch 4764)
[Stage1] Epoch 4784 - Val R²: 0.7217 | Reg Val Loss: 0.2730
[Stage1] No improv. Best so far: 0.2729 (epoch 4764)
[Stage1] Epoch 4785 - Val R²: 0.7217 | Reg Val Loss: 0.2730
[Stage1] No improv. Best so far: 0.2729 (epoch 4764)
[Stage1] Epoch 4786 - Val R²: 0.7217 | Reg Val Loss: 0.2730
[Stage1] No improv. Best so far: 0.2729 (epoch 4764)
[Stage1] Epoch 4787 - Val R²: 0.7217 | Reg Val Loss: 0.2729
[Stage1] No improv. Best so far: 0.2729 (epoch 4764)
[Stage1] Epoch 4788 - Val R²: 0.7217 | Reg Val Loss: 0.2730
[Stage1] No improv. Best so far: 0.2729 (epoch 4764)
[Stage1] Epoch 4789 - Val R²: 0.7217 | Reg Val Loss: 0.2729
[Stage1] No improv. Best so far: 0.2729 (epoch 4764)
[Stage1] Epoch 4790 - Val R²: 0.7218 | Reg Val Loss: 0.2729
[Stage1] No improv. Best so far: 0.2729 (epoch 4764)
[Stage1] Epoch 4791 - Val R²: 0.7218 | Reg Val Loss: 0.2729
[Stage1] New best (epoch 4791) Val Loss: 0.2729 — saved: checkpoints\nnknn_regression_best_califonia_housing_softmax_fold_1_retr.pth
[Stage1] Epoch 4792 - Val R²: 0.7217 | Reg Val Loss: 0.2730
[Stage1] No improv. Best so far: 0.2729 (epoch 4791)
[Stage1] Epoch 4793 - Val R²: 0.7217 | Reg Val Loss: 0.2729
[Stage1] No improv. Best so far: 0.2729 (epoch 4791)
[Stage1] Epoch 4794 - Val R²: 0.7218 | Reg Val Loss: 0.2729
[Stage1] No improv. Best so far: 0.2729 (epoch 4791)
[Stage1] Epoch 4795 - Val R²: 0.7217 | Reg Val Loss: 0.2729
[Stage1] No improv. Best so far: 0.2729 (epoch 4791)
[Stage1] Epoch 4796 - Val R²: 0.7217 | Reg Val Loss: 0.2729
[Stage1] No improv. Best so far: 0.2729 (epoch 4791)
[Stage1] Epoch 4797 - Val R²: 0.7217 | Reg Val Loss: 0.2730
[Stage1] No improv. Best so far: 0.2729 (epoch 4791)
[Stage1] Epoch 4798 - Val R²: 0.7217 | Reg Val Loss: 0.2729
[Stage1] No improv. Best so far: 0.2729 (epoch 4791)
[Stage1] Epoch 4799 - Val R²: 0.7217 | Reg Val Loss: 0.2729
[Stage1] No improv. Best so far: 0.2729 (epoch 4791)
[Stage1] Epoch 4800 - Val R²: 0.7217 | Reg Val Loss: 0.2729
[Stage1] No improv. Best so far: 0.2729 (epoch 4791)
[Stage1] Epoch 4801 - Val R²: 0.7217 | Reg Val Loss: 0.2729
[Stage1] No improv. Best so far: 0.2729 (epoch 4791)
[Stage1] Epoch 4802 - Val R²: 0.7217 | Reg Val Loss: 0.2730
[Stage1] No improv. Best so far: 0.2729 (epoch 4791)
[Stage1] Epoch 4803 - Val R²: 0.7218 | Reg Val Loss: 0.2729
[Stage1] No improv. Best so far: 0.2729 (epoch 4791)
[Stage1] Epoch 4804 - Val R²: 0.7217 | Reg Val Loss: 0.2729
[Stage1] No improv. Best so far: 0.2729 (epoch 4791)
[Stage1] Epoch 4805 - Val R²: 0.7218 | Reg Val Loss: 0.2729
[Stage1] No improv. Best so far: 0.2729 (epoch 4791)
[Stage1] Epoch 4806 - Val R²: 0.7218 | Reg Val Loss: 0.2729
[Stage1] No improv. Best so far: 0.2729 (epoch 4791)
[Stage1] Epoch 4807 - Val R²: 0.7218 | Reg Val Loss: 0.2729
[Stage1] No improv. Best so far: 0.2729 (epoch 4791)
[Stage1] Epoch 4808 - Val R²: 0.7218 | Reg Val Loss: 0.2729
[Stage1] No improv. Best so far: 0.2729 (epoch 4791)
[Stage1] Epoch 4809 - Val R²: 0.7218 | Reg Val Loss: 0.2729
[Stage1] No improv. Best so far: 0.2729 (epoch 4791)
[Stage1] Epoch 4810 - Val R²: 0.7218 | Reg Val Loss: 0.2729
[Stage1] No improv. Best so far: 0.2729 (epoch 4791)
[Stage1] Epoch 4811 - Val R²: 0.7218 | Reg Val Loss: 0.2729
[Stage1] No improv. Best so far: 0.2729 (epoch 4791)
[Stage1] Epoch 4812 - Val R²: 0.7219 | Reg Val Loss: 0.2728
[Stage1] New best (epoch 4812) Val Loss: 0.2728 — saved: checkpoints\nnknn_regression_best_califonia_housing_softmax_fold_1_retr.pth
[Stage1] Epoch 4813 - Val R²: 0.7218 | Reg Val Loss: 0.2729
[Stage1] No improv. Best so far: 0.2728 (epoch 4812)
[Stage1] Epoch 4814 - Val R²: 0.7218 | Reg Val Loss: 0.2728
[Stage1] No improv. Best so far: 0.2728 (epoch 4812)
[Stage1] Epoch 4815 - Val R²: 0.7218 | Reg Val Loss: 0.2728
[Stage1] No improv. Best so far: 0.2728 (epoch 4812)
[Stage1] Epoch 4816 - Val R²: 0.7218 | Reg Val Loss: 0.2729
[Stage1] No improv. Best so far: 0.2728 (epoch 4812)
[Stage1] Epoch 4817 - Val R²: 0.7218 | Reg Val Loss: 0.2729
[Stage1] No improv. Best so far: 0.2728 (epoch 4812)
[Stage1] Epoch 4818 - Val R²: 0.7218 | Reg Val Loss: 0.2729
[Stage1] No improv. Best so far: 0.2728 (epoch 4812)
[Stage1] Epoch 4819 - Val R²: 0.7218 | Reg Val Loss: 0.2729
[Stage1] No improv. Best so far: 0.2728 (epoch 4812)
[Stage1] Epoch 4820 - Val R²: 0.7218 | Reg Val Loss: 0.2729
[Stage1] No improv. Best so far: 0.2728 (epoch 4812)
[Stage1] Epoch 4821 - Val R²: 0.7218 | Reg Val Loss: 0.2729
[Stage1] No improv. Best so far: 0.2728 (epoch 4812)
[Stage1] Epoch 4822 - Val R²: 0.7218 | Reg Val Loss: 0.2729
[Stage1] No improv. Best so far: 0.2728 (epoch 4812)
[Stage1] Epoch 4823 - Val R²: 0.7218 | Reg Val Loss: 0.2729
[Stage1] No improv. Best so far: 0.2728 (epoch 4812)
[Stage1] Epoch 4824 - Val R²: 0.7218 | Reg Val Loss: 0.2728
[Stage1] No improv. Best so far: 0.2728 (epoch 4812)
[Stage1] Epoch 4825 - Val R²: 0.7218 | Reg Val Loss: 0.2729
[Stage1] No improv. Best so far: 0.2728 (epoch 4812)
[Stage1] Epoch 4826 - Val R²: 0.7217 | Reg Val Loss: 0.2729
[Stage1] No improv. Best so far: 0.2728 (epoch 4812)
[Stage1] Epoch 4827 - Val R²: 0.7218 | Reg Val Loss: 0.2729
[Stage1] No improv. Best so far: 0.2728 (epoch 4812)
[Stage1] Epoch 4828 - Val R²: 0.7218 | Reg Val Loss: 0.2729
[Stage1] No improv. Best so far: 0.2728 (epoch 4812)
[Stage1] Epoch 4829 - Val R²: 0.7218 | Reg Val Loss: 0.2729
[Stage1] No improv. Best so far: 0.2728 (epoch 4812)
[Stage1] Epoch 4830 - Val R²: 0.7218 | Reg Val Loss: 0.2728
[Stage1] No improv. Best so far: 0.2728 (epoch 4812)
[Stage1] Epoch 4831 - Val R²: 0.7218 | Reg Val Loss: 0.2729
[Stage1] No improv. Best so far: 0.2728 (epoch 4812)
[Stage1] Epoch 4832 - Val R²: 0.7219 | Reg Val Loss: 0.2728
[Stage1] New best (epoch 4832) Val Loss: 0.2728 — saved: checkpoints\nnknn_regression_best_califonia_housing_softmax_fold_1_retr.pth
[Stage1] Epoch 4833 - Val R²: 0.7218 | Reg Val Loss: 0.2728
[Stage1] No improv. Best so far: 0.2728 (epoch 4832)
[Stage1] Epoch 4834 - Val R²: 0.7218 | Reg Val Loss: 0.2729
[Stage1] No improv. Best so far: 0.2728 (epoch 4832)
[Stage1] Epoch 4835 - Val R²: 0.7218 | Reg Val Loss: 0.2729
[Stage1] No improv. Best so far: 0.2728 (epoch 4832)
[Stage1] Epoch 4836 - Val R²: 0.7219 | Reg Val Loss: 0.2728
[Stage1] No improv. Best so far: 0.2728 (epoch 4832)
[Stage1] Epoch 4837 - Val R²: 0.7218 | Reg Val Loss: 0.2728
[Stage1] No improv. Best so far: 0.2728 (epoch 4832)
[Stage1] Epoch 4838 - Val R²: 0.7219 | Reg Val Loss: 0.2728
[Stage1] No improv. Best so far: 0.2728 (epoch 4832)
[Stage1] Epoch 4839 - Val R²: 0.7218 | Reg Val Loss: 0.2728
[Stage1] No improv. Best so far: 0.2728 (epoch 4832)
[Stage1] Epoch 4840 - Val R²: 0.7218 | Reg Val Loss: 0.2728
[Stage1] No improv. Best so far: 0.2728 (epoch 4832)
[Stage1] Epoch 4841 - Val R²: 0.7218 | Reg Val Loss: 0.2729
[Stage1] No improv. Best so far: 0.2728 (epoch 4832)
[Stage1] Epoch 4842 - Val R²: 0.7218 | Reg Val Loss: 0.2729
[Stage1] No improv. Best so far: 0.2728 (epoch 4832)
[Stage1] Epoch 4843 - Val R²: 0.7218 | Reg Val Loss: 0.2729
[Stage1] No improv. Best so far: 0.2728 (epoch 4832)
[Stage1] Epoch 4844 - Val R²: 0.7218 | Reg Val Loss: 0.2729
[Stage1] No improv. Best so far: 0.2728 (epoch 4832)
[Stage1] Epoch 4845 - Val R²: 0.7219 | Reg Val Loss: 0.2728
[Stage1] No improv. Best so far: 0.2728 (epoch 4832)
[Stage1] Epoch 4846 - Val R²: 0.7218 | Reg Val Loss: 0.2728
[Stage1] No improv. Best so far: 0.2728 (epoch 4832)
[Stage1] Epoch 4847 - Val R²: 0.7218 | Reg Val Loss: 0.2729
[Stage1] No improv. Best so far: 0.2728 (epoch 4832)
[Stage1] Epoch 4848 - Val R²: 0.7219 | Reg Val Loss: 0.2728
[Stage1] No improv. Best so far: 0.2728 (epoch 4832)
[Stage1] Epoch 4849 - Val R²: 0.7218 | Reg Val Loss: 0.2728
[Stage1] No improv. Best so far: 0.2728 (epoch 4832)
[Stage1] Epoch 4850 - Val R²: 0.7218 | Reg Val Loss: 0.2729
[Stage1] No improv. Best so far: 0.2728 (epoch 4832)
[Stage1] Epoch 4851 - Val R²: 0.7219 | Reg Val Loss: 0.2728
[Stage1] No improv. Best so far: 0.2728 (epoch 4832)
[Stage1] Epoch 4852 - Val R²: 0.7218 | Reg Val Loss: 0.2728
[Stage1] No improv. Best so far: 0.2728 (epoch 4832)
[Stage1] Epoch 4853 - Val R²: 0.7219 | Reg Val Loss: 0.2728
[Stage1] No improv. Best so far: 0.2728 (epoch 4832)
[Stage1] Epoch 4854 - Val R²: 0.7218 | Reg Val Loss: 0.2728
[Stage1] No improv. Best so far: 0.2728 (epoch 4832)
[Stage1] Epoch 4855 - Val R²: 0.7217 | Reg Val Loss: 0.2729
[Stage1] No improv. Best so far: 0.2728 (epoch 4832)
[Stage1] Epoch 4856 - Val R²: 0.7219 | Reg Val Loss: 0.2728
[Stage1] New best (epoch 4856) Val Loss: 0.2728 — saved: checkpoints\nnknn_regression_best_califonia_housing_softmax_fold_1_retr.pth
[Stage1] Epoch 4857 - Val R²: 0.7219 | Reg Val Loss: 0.2728
[Stage1] No improv. Best so far: 0.2728 (epoch 4856)
[Stage1] Epoch 4858 - Val R²: 0.7219 | Reg Val Loss: 0.2728
[Stage1] No improv. Best so far: 0.2728 (epoch 4856)
[Stage1] Epoch 4859 - Val R²: 0.7219 | Reg Val Loss: 0.2728
[Stage1] No improv. Best so far: 0.2728 (epoch 4856)
[Stage1] Epoch 4860 - Val R²: 0.7218 | Reg Val Loss: 0.2728
[Stage1] No improv. Best so far: 0.2728 (epoch 4856)
[Stage1] Epoch 4861 - Val R²: 0.7218 | Reg Val Loss: 0.2728
[Stage1] No improv. Best so far: 0.2728 (epoch 4856)
[Stage1] Epoch 4862 - Val R²: 0.7218 | Reg Val Loss: 0.2728
[Stage1] No improv. Best so far: 0.2728 (epoch 4856)
[Stage1] Epoch 4863 - Val R²: 0.7218 | Reg Val Loss: 0.2729
[Stage1] No improv. Best so far: 0.2728 (epoch 4856)
[Stage1] Epoch 4864 - Val R²: 0.7217 | Reg Val Loss: 0.2729
[Stage1] No improv. Best so far: 0.2728 (epoch 4856)
[Stage1] Epoch 4865 - Val R²: 0.7218 | Reg Val Loss: 0.2729
[Stage1] No improv. Best so far: 0.2728 (epoch 4856)
[Stage1] Epoch 4866 - Val R²: 0.7218 | Reg Val Loss: 0.2729
[Stage1] No improv. Best so far: 0.2728 (epoch 4856)
[Stage1] Epoch 4867 - Val R²: 0.7219 | Reg Val Loss: 0.2728
[Stage1] No improv. Best so far: 0.2728 (epoch 4856)
[Stage1] Epoch 4868 - Val R²: 0.7218 | Reg Val Loss: 0.2729
[Stage1] No improv. Best so far: 0.2728 (epoch 4856)
[Stage1] Epoch 4869 - Val R²: 0.7219 | Reg Val Loss: 0.2728
[Stage1] No improv. Best so far: 0.2728 (epoch 4856)
[Stage1] Epoch 4870 - Val R²: 0.7219 | Reg Val Loss: 0.2728
[Stage1] No improv. Best so far: 0.2728 (epoch 4856)
[Stage1] Epoch 4871 - Val R²: 0.7219 | Reg Val Loss: 0.2727
[Stage1] New best (epoch 4871) Val Loss: 0.2727 — saved: checkpoints\nnknn_regression_best_califonia_housing_softmax_fold_1_retr.pth
[Stage1] Epoch 4872 - Val R²: 0.7219 | Reg Val Loss: 0.2728
[Stage1] No improv. Best so far: 0.2727 (epoch 4871)
[Stage1] Epoch 4873 - Val R²: 0.7219 | Reg Val Loss: 0.2728
[Stage1] No improv. Best so far: 0.2727 (epoch 4871)
[Stage1] Epoch 4874 - Val R²: 0.7218 | Reg Val Loss: 0.2729
[Stage1] No improv. Best so far: 0.2727 (epoch 4871)
[Stage1] Epoch 4875 - Val R²: 0.7219 | Reg Val Loss: 0.2728
[Stage1] No improv. Best so far: 0.2727 (epoch 4871)
[Stage1] Epoch 4876 - Val R²: 0.7219 | Reg Val Loss: 0.2728
[Stage1] No improv. Best so far: 0.2727 (epoch 4871)
[Stage1] Epoch 4877 - Val R²: 0.7218 | Reg Val Loss: 0.2729
[Stage1] No improv. Best so far: 0.2727 (epoch 4871)
[Stage1] Epoch 4878 - Val R²: 0.7217 | Reg Val Loss: 0.2729
[Stage1] No improv. Best so far: 0.2727 (epoch 4871)
[Stage1] Epoch 4879 - Val R²: 0.7218 | Reg Val Loss: 0.2729
[Stage1] No improv. Best so far: 0.2727 (epoch 4871)
[Stage1] Epoch 4880 - Val R²: 0.7218 | Reg Val Loss: 0.2728
[Stage1] No improv. Best so far: 0.2727 (epoch 4871)
[Stage1] Epoch 4881 - Val R²: 0.7219 | Reg Val Loss: 0.2728
[Stage1] No improv. Best so far: 0.2727 (epoch 4871)
[Stage1] Epoch 4882 - Val R²: 0.7219 | Reg Val Loss: 0.2728
[Stage1] No improv. Best so far: 0.2727 (epoch 4871)
[Stage1] Epoch 4883 - Val R²: 0.7219 | Reg Val Loss: 0.2728
[Stage1] No improv. Best so far: 0.2727 (epoch 4871)
[Stage1] Epoch 4884 - Val R²: 0.7219 | Reg Val Loss: 0.2728
[Stage1] No improv. Best so far: 0.2727 (epoch 4871)
[Stage1] Epoch 4885 - Val R²: 0.7219 | Reg Val Loss: 0.2727
[Stage1] New best (epoch 4885) Val Loss: 0.2727 — saved: checkpoints\nnknn_regression_best_califonia_housing_softmax_fold_1_retr.pth
[Stage1] Epoch 4886 - Val R²: 0.7218 | Reg Val Loss: 0.2728
[Stage1] No improv. Best so far: 0.2727 (epoch 4885)
[Stage1] Epoch 4887 - Val R²: 0.7218 | Reg Val Loss: 0.2728
[Stage1] No improv. Best so far: 0.2727 (epoch 4885)
[Stage1] Epoch 4888 - Val R²: 0.7219 | Reg Val Loss: 0.2728
[Stage1] No improv. Best so far: 0.2727 (epoch 4885)
[Stage1] Epoch 4889 - Val R²: 0.7219 | Reg Val Loss: 0.2728
[Stage1] No improv. Best so far: 0.2727 (epoch 4885)
[Stage1] Epoch 4890 - Val R²: 0.7218 | Reg Val Loss: 0.2729
[Stage1] No improv. Best so far: 0.2727 (epoch 4885)
[Stage1] Epoch 4891 - Val R²: 0.7220 | Reg Val Loss: 0.2727
[Stage1] New best (epoch 4891) Val Loss: 0.2727 — saved: checkpoints\nnknn_regression_best_califonia_housing_softmax_fold_1_retr.pth
[Stage1] Epoch 4892 - Val R²: 0.7219 | Reg Val Loss: 0.2727
[Stage1] No improv. Best so far: 0.2727 (epoch 4891)
[Stage1] Epoch 4893 - Val R²: 0.7219 | Reg Val Loss: 0.2728
[Stage1] No improv. Best so far: 0.2727 (epoch 4891)
[Stage1] Epoch 4894 - Val R²: 0.7219 | Reg Val Loss: 0.2727
[Stage1] No improv. Best so far: 0.2727 (epoch 4891)
[Stage1] Epoch 4895 - Val R²: 0.7218 | Reg Val Loss: 0.2728
[Stage1] No improv. Best so far: 0.2727 (epoch 4891)
[Stage1] Epoch 4896 - Val R²: 0.7219 | Reg Val Loss: 0.2727
[Stage1] No improv. Best so far: 0.2727 (epoch 4891)
[Stage1] Epoch 4897 - Val R²: 0.7220 | Reg Val Loss: 0.2727
[Stage1] New best (epoch 4897) Val Loss: 0.2727 — saved: checkpoints\nnknn_regression_best_califonia_housing_softmax_fold_1_retr.pth
[Stage1] Epoch 4898 - Val R²: 0.7219 | Reg Val Loss: 0.2727
[Stage1] No improv. Best so far: 0.2727 (epoch 4897)
[Stage1] Epoch 4899 - Val R²: 0.7220 | Reg Val Loss: 0.2727
[Stage1] No improv. Best so far: 0.2727 (epoch 4897)
[Stage1] Epoch 4900 - Val R²: 0.7219 | Reg Val Loss: 0.2728
[Stage1] No improv. Best so far: 0.2727 (epoch 4897)
[Stage1] Epoch 4901 - Val R²: 0.7219 | Reg Val Loss: 0.2727
[Stage1] No improv. Best so far: 0.2727 (epoch 4897)
[Stage1] Epoch 4902 - Val R²: 0.7219 | Reg Val Loss: 0.2727
[Stage1] No improv. Best so far: 0.2727 (epoch 4897)
[Stage1] Epoch 4903 - Val R²: 0.7219 | Reg Val Loss: 0.2728
[Stage1] No improv. Best so far: 0.2727 (epoch 4897)
[Stage1] Epoch 4904 - Val R²: 0.7218 | Reg Val Loss: 0.2728
[Stage1] No improv. Best so far: 0.2727 (epoch 4897)
[Stage1] Epoch 4905 - Val R²: 0.7219 | Reg Val Loss: 0.2727
[Stage1] No improv. Best so far: 0.2727 (epoch 4897)
[Stage1] Epoch 4906 - Val R²: 0.7219 | Reg Val Loss: 0.2728
[Stage1] No improv. Best so far: 0.2727 (epoch 4897)
[Stage1] Epoch 4907 - Val R²: 0.7218 | Reg Val Loss: 0.2728
[Stage1] No improv. Best so far: 0.2727 (epoch 4897)
[Stage1] Epoch 4908 - Val R²: 0.7220 | Reg Val Loss: 0.2727
[Stage1] No improv. Best so far: 0.2727 (epoch 4897)
[Stage1] Epoch 4909 - Val R²: 0.7218 | Reg Val Loss: 0.2728
[Stage1] No improv. Best so far: 0.2727 (epoch 4897)
[Stage1] Epoch 4910 - Val R²: 0.7219 | Reg Val Loss: 0.2728
[Stage1] No improv. Best so far: 0.2727 (epoch 4897)
[Stage1] Epoch 4911 - Val R²: 0.7220 | Reg Val Loss: 0.2727
[Stage1] No improv. Best so far: 0.2727 (epoch 4897)
[Stage1] Epoch 4912 - Val R²: 0.7219 | Reg Val Loss: 0.2728
[Stage1] No improv. Best so far: 0.2727 (epoch 4897)
[Stage1] Epoch 4913 - Val R²: 0.7219 | Reg Val Loss: 0.2728
[Stage1] No improv. Best so far: 0.2727 (epoch 4897)
[Stage1] Epoch 4914 - Val R²: 0.7219 | Reg Val Loss: 0.2728
[Stage1] No improv. Best so far: 0.2727 (epoch 4897)
[Stage1] Epoch 4915 - Val R²: 0.7219 | Reg Val Loss: 0.2728
[Stage1] No improv. Best so far: 0.2727 (epoch 4897)
[Stage1] Epoch 4916 - Val R²: 0.7219 | Reg Val Loss: 0.2728
[Stage1] No improv. Best so far: 0.2727 (epoch 4897)
[Stage1] Epoch 4917 - Val R²: 0.7219 | Reg Val Loss: 0.2727
[Stage1] No improv. Best so far: 0.2727 (epoch 4897)
[Stage1] Epoch 4918 - Val R²: 0.7219 | Reg Val Loss: 0.2727
[Stage1] No improv. Best so far: 0.2727 (epoch 4897)
[Stage1] Epoch 4919 - Val R²: 0.7220 | Reg Val Loss: 0.2727
[Stage1] No improv. Best so far: 0.2727 (epoch 4897)
[Stage1] Epoch 4920 - Val R²: 0.7219 | Reg Val Loss: 0.2727
[Stage1] No improv. Best so far: 0.2727 (epoch 4897)
[Stage1] Epoch 4921 - Val R²: 0.7219 | Reg Val Loss: 0.2727
[Stage1] No improv. Best so far: 0.2727 (epoch 4897)
[Stage1] Epoch 4922 - Val R²: 0.7219 | Reg Val Loss: 0.2728
[Stage1] No improv. Best so far: 0.2727 (epoch 4897)
[Stage1] Epoch 4923 - Val R²: 0.7219 | Reg Val Loss: 0.2727
[Stage1] No improv. Best so far: 0.2727 (epoch 4897)
[Stage1] Epoch 4924 - Val R²: 0.7219 | Reg Val Loss: 0.2727
[Stage1] No improv. Best so far: 0.2727 (epoch 4897)
[Stage1] Epoch 4925 - Val R²: 0.7218 | Reg Val Loss: 0.2728
[Stage1] No improv. Best so far: 0.2727 (epoch 4897)
[Stage1] Epoch 4926 - Val R²: 0.7219 | Reg Val Loss: 0.2728
[Stage1] No improv. Best so far: 0.2727 (epoch 4897)
[Stage1] Epoch 4927 - Val R²: 0.7219 | Reg Val Loss: 0.2728
[Stage1] No improv. Best so far: 0.2727 (epoch 4897)
[Stage1] Epoch 4928 - Val R²: 0.7218 | Reg Val Loss: 0.2728
[Stage1] No improv. Best so far: 0.2727 (epoch 4897)
[Stage1] Epoch 4929 - Val R²: 0.7218 | Reg Val Loss: 0.2728
[Stage1] No improv. Best so far: 0.2727 (epoch 4897)
[Stage1] Epoch 4930 - Val R²: 0.7219 | Reg Val Loss: 0.2727
[Stage1] No improv. Best so far: 0.2727 (epoch 4897)
[Stage1] Epoch 4931 - Val R²: 0.7220 | Reg Val Loss: 0.2727
[Stage1] New best (epoch 4931) Val Loss: 0.2727 — saved: checkpoints\nnknn_regression_best_califonia_housing_softmax_fold_1_retr.pth
[Stage1] Epoch 4932 - Val R²: 0.7219 | Reg Val Loss: 0.2727
[Stage1] No improv. Best so far: 0.2727 (epoch 4931)
[Stage1] Epoch 4933 - Val R²: 0.7220 | Reg Val Loss: 0.2727
[Stage1] No improv. Best so far: 0.2727 (epoch 4931)
[Stage1] Epoch 4934 - Val R²: 0.7219 | Reg Val Loss: 0.2728
[Stage1] No improv. Best so far: 0.2727 (epoch 4931)
[Stage1] Epoch 4935 - Val R²: 0.7219 | Reg Val Loss: 0.2728
[Stage1] No improv. Best so far: 0.2727 (epoch 4931)
[Stage1] Epoch 4936 - Val R²: 0.7218 | Reg Val Loss: 0.2728
[Stage1] No improv. Best so far: 0.2727 (epoch 4931)
[Stage1] Epoch 4937 - Val R²: 0.7219 | Reg Val Loss: 0.2728
[Stage1] No improv. Best so far: 0.2727 (epoch 4931)
[Stage1] Epoch 4938 - Val R²: 0.7219 | Reg Val Loss: 0.2727
[Stage1] No improv. Best so far: 0.2727 (epoch 4931)
[Stage1] Epoch 4939 - Val R²: 0.7219 | Reg Val Loss: 0.2727
[Stage1] No improv. Best so far: 0.2727 (epoch 4931)
[Stage1] Epoch 4940 - Val R²: 0.7219 | Reg Val Loss: 0.2728
[Stage1] No improv. Best so far: 0.2727 (epoch 4931)
[Stage1] Epoch 4941 - Val R²: 0.7220 | Reg Val Loss: 0.2727
[Stage1] No improv. Best so far: 0.2727 (epoch 4931)
[Stage1] Epoch 4942 - Val R²: 0.7219 | Reg Val Loss: 0.2727
[Stage1] No improv. Best so far: 0.2727 (epoch 4931)
[Stage1] Epoch 4943 - Val R²: 0.7219 | Reg Val Loss: 0.2727
[Stage1] No improv. Best so far: 0.2727 (epoch 4931)
[Stage1] Epoch 4944 - Val R²: 0.7221 | Reg Val Loss: 0.2726
[Stage1] New best (epoch 4944) Val Loss: 0.2726 — saved: checkpoints\nnknn_regression_best_califonia_housing_softmax_fold_1_retr.pth
[Stage1] Epoch 4945 - Val R²: 0.7219 | Reg Val Loss: 0.2728
[Stage1] No improv. Best so far: 0.2726 (epoch 4944)
[Stage1] Epoch 4946 - Val R²: 0.7219 | Reg Val Loss: 0.2727
[Stage1] No improv. Best so far: 0.2726 (epoch 4944)
[Stage1] Epoch 4947 - Val R²: 0.7218 | Reg Val Loss: 0.2728
[Stage1] No improv. Best so far: 0.2726 (epoch 4944)
[Stage1] Epoch 4948 - Val R²: 0.7220 | Reg Val Loss: 0.2727
[Stage1] No improv. Best so far: 0.2726 (epoch 4944)
[Stage1] Epoch 4949 - Val R²: 0.7220 | Reg Val Loss: 0.2727
[Stage1] No improv. Best so far: 0.2726 (epoch 4944)
[Stage1] Epoch 4950 - Val R²: 0.7220 | Reg Val Loss: 0.2727
[Stage1] No improv. Best so far: 0.2726 (epoch 4944)
[Stage1] Epoch 4951 - Val R²: 0.7219 | Reg Val Loss: 0.2728
[Stage1] No improv. Best so far: 0.2726 (epoch 4944)
[Stage1] Epoch 4952 - Val R²: 0.7219 | Reg Val Loss: 0.2727
[Stage1] No improv. Best so far: 0.2726 (epoch 4944)
[Stage1] Epoch 4953 - Val R²: 0.7220 | Reg Val Loss: 0.2727
[Stage1] No improv. Best so far: 0.2726 (epoch 4944)
[Stage1] Epoch 4954 - Val R²: 0.7220 | Reg Val Loss: 0.2727
[Stage1] No improv. Best so far: 0.2726 (epoch 4944)
[Stage1] Epoch 4955 - Val R²: 0.7219 | Reg Val Loss: 0.2727
[Stage1] No improv. Best so far: 0.2726 (epoch 4944)
[Stage1] Epoch 4956 - Val R²: 0.7219 | Reg Val Loss: 0.2728
[Stage1] No improv. Best so far: 0.2726 (epoch 4944)
[Stage1] Epoch 4957 - Val R²: 0.7220 | Reg Val Loss: 0.2727
[Stage1] No improv. Best so far: 0.2726 (epoch 4944)
[Stage1] Epoch 4958 - Val R²: 0.7219 | Reg Val Loss: 0.2727
[Stage1] No improv. Best so far: 0.2726 (epoch 4944)
[Stage1] Epoch 4959 - Val R²: 0.7220 | Reg Val Loss: 0.2727
[Stage1] No improv. Best so far: 0.2726 (epoch 4944)
[Stage1] Epoch 4960 - Val R²: 0.7220 | Reg Val Loss: 0.2727
[Stage1] No improv. Best so far: 0.2726 (epoch 4944)
[Stage1] Epoch 4961 - Val R²: 0.7219 | Reg Val Loss: 0.2727
[Stage1] No improv. Best so far: 0.2726 (epoch 4944)
[Stage1] Epoch 4962 - Val R²: 0.7220 | Reg Val Loss: 0.2727
[Stage1] No improv. Best so far: 0.2726 (epoch 4944)
[Stage1] Epoch 4963 - Val R²: 0.7220 | Reg Val Loss: 0.2727
[Stage1] No improv. Best so far: 0.2726 (epoch 4944)
[Stage1] Epoch 4964 - Val R²: 0.7221 | Reg Val Loss: 0.2726
[Stage1] No improv. Best so far: 0.2726 (epoch 4944)
[Stage1] Epoch 4965 - Val R²: 0.7221 | Reg Val Loss: 0.2726
[Stage1] New best (epoch 4965) Val Loss: 0.2726 — saved: checkpoints\nnknn_regression_best_califonia_housing_softmax_fold_1_retr.pth
[Stage1] Epoch 4966 - Val R²: 0.7220 | Reg Val Loss: 0.2727
[Stage1] No improv. Best so far: 0.2726 (epoch 4965)
[Stage1] Epoch 4967 - Val R²: 0.7220 | Reg Val Loss: 0.2727
[Stage1] No improv. Best so far: 0.2726 (epoch 4965)
[Stage1] Epoch 4968 - Val R²: 0.7220 | Reg Val Loss: 0.2726
[Stage1] No improv. Best so far: 0.2726 (epoch 4965)
[Stage1] Epoch 4969 - Val R²: 0.7219 | Reg Val Loss: 0.2727
[Stage1] No improv. Best so far: 0.2726 (epoch 4965)
[Stage1] Epoch 4970 - Val R²: 0.7220 | Reg Val Loss: 0.2727
[Stage1] No improv. Best so far: 0.2726 (epoch 4965)
[Stage1] Epoch 4971 - Val R²: 0.7220 | Reg Val Loss: 0.2727
[Stage1] No improv. Best so far: 0.2726 (epoch 4965)
[Stage1] Epoch 4972 - Val R²: 0.7220 | Reg Val Loss: 0.2727
[Stage1] No improv. Best so far: 0.2726 (epoch 4965)
[Stage1] Epoch 4973 - Val R²: 0.7220 | Reg Val Loss: 0.2727
[Stage1] No improv. Best so far: 0.2726 (epoch 4965)
[Stage1] Epoch 4974 - Val R²: 0.7220 | Reg Val Loss: 0.2727
[Stage1] No improv. Best so far: 0.2726 (epoch 4965)
[Stage1] Epoch 4975 - Val R²: 0.7220 | Reg Val Loss: 0.2727
[Stage1] No improv. Best so far: 0.2726 (epoch 4965)
[Stage1] Epoch 4976 - Val R²: 0.7218 | Reg Val Loss: 0.2728
[Stage1] No improv. Best so far: 0.2726 (epoch 4965)
[Stage1] Epoch 4977 - Val R²: 0.7220 | Reg Val Loss: 0.2727
[Stage1] No improv. Best so far: 0.2726 (epoch 4965)
[Stage1] Epoch 4978 - Val R²: 0.7219 | Reg Val Loss: 0.2728
[Stage1] No improv. Best so far: 0.2726 (epoch 4965)
[Stage1] Epoch 4979 - Val R²: 0.7219 | Reg Val Loss: 0.2728
[Stage1] No improv. Best so far: 0.2726 (epoch 4965)
[Stage1] Epoch 4980 - Val R²: 0.7220 | Reg Val Loss: 0.2727
[Stage1] No improv. Best so far: 0.2726 (epoch 4965)
[Stage1] Epoch 4981 - Val R²: 0.7221 | Reg Val Loss: 0.2726
[Stage1] No improv. Best so far: 0.2726 (epoch 4965)
[Stage1] Epoch 4982 - Val R²: 0.7220 | Reg Val Loss: 0.2727
[Stage1] No improv. Best so far: 0.2726 (epoch 4965)
[Stage1] Epoch 4983 - Val R²: 0.7220 | Reg Val Loss: 0.2727
[Stage1] No improv. Best so far: 0.2726 (epoch 4965)
[Stage1] Epoch 4984 - Val R²: 0.7220 | Reg Val Loss: 0.2727
[Stage1] No improv. Best so far: 0.2726 (epoch 4965)
[Stage1] Epoch 4985 - Val R²: 0.7221 | Reg Val Loss: 0.2726
[Stage1] No improv. Best so far: 0.2726 (epoch 4965)
[Stage1] Epoch 4986 - Val R²: 0.7220 | Reg Val Loss: 0.2727
[Stage1] No improv. Best so far: 0.2726 (epoch 4965)
[Stage1] Epoch 4987 - Val R²: 0.7220 | Reg Val Loss: 0.2727
[Stage1] No improv. Best so far: 0.2726 (epoch 4965)
[Stage1] Epoch 4988 - Val R²: 0.7220 | Reg Val Loss: 0.2726
[Stage1] No improv. Best so far: 0.2726 (epoch 4965)
[Stage1] Epoch 4989 - Val R²: 0.7221 | Reg Val Loss: 0.2726
[Stage1] No improv. Best so far: 0.2726 (epoch 4965)
[Stage1] Epoch 4990 - Val R²: 0.7220 | Reg Val Loss: 0.2727
[Stage1] No improv. Best so far: 0.2726 (epoch 4965)
[Stage1] Epoch 4991 - Val R²: 0.7219 | Reg Val Loss: 0.2727
[Stage1] No improv. Best so far: 0.2726 (epoch 4965)
[Stage1] Epoch 4992 - Val R²: 0.7220 | Reg Val Loss: 0.2727
[Stage1] No improv. Best so far: 0.2726 (epoch 4965)
[Stage1] Epoch 4993 - Val R²: 0.7221 | Reg Val Loss: 0.2726
[Stage1] No improv. Best so far: 0.2726 (epoch 4965)
[Stage1] Epoch 4994 - Val R²: 0.7220 | Reg Val Loss: 0.2727
[Stage1] No improv. Best so far: 0.2726 (epoch 4965)
[Stage1] Epoch 4995 - Val R²: 0.7219 | Reg Val Loss: 0.2728
[Stage1] No improv. Best so far: 0.2726 (epoch 4965)
[Stage1] Epoch 4996 - Val R²: 0.7220 | Reg Val Loss: 0.2727
[Stage1] No improv. Best so far: 0.2726 (epoch 4965)
[Stage1] Epoch 4997 - Val R²: 0.7220 | Reg Val Loss: 0.2727
[Stage1] No improv. Best so far: 0.2726 (epoch 4965)
[Stage1] Epoch 4998 - Val R²: 0.7219 | Reg Val Loss: 0.2728
[Stage1] No improv. Best so far: 0.2726 (epoch 4965)
[Stage1] Epoch 4999 - Val R²: 0.7221 | Reg Val Loss: 0.2726
[Stage1] No improv. Best so far: 0.2726 (epoch 4965)
[Stage1] Epoch 5000 - Val R²: 0.7220 | Reg Val Loss: 0.2727
[Stage1] No improv. Best so far: 0.2726 (epoch 4965)
[Stage1] Epoch 5001 - Val R²: 0.7221 | Reg Val Loss: 0.2726
[Stage1] No improv. Best so far: 0.2726 (epoch 4965)
[Stage1] Epoch 5002 - Val R²: 0.7220 | Reg Val Loss: 0.2727
[Stage1] No improv. Best so far: 0.2726 (epoch 4965)
[Stage1] Epoch 5003 - Val R²: 0.7221 | Reg Val Loss: 0.2726
[Stage1] No improv. Best so far: 0.2726 (epoch 4965)
[Stage1] Epoch 5004 - Val R²: 0.7220 | Reg Val Loss: 0.2727
[Stage1] No improv. Best so far: 0.2726 (epoch 4965)
[Stage1] Epoch 5005 - Val R²: 0.7220 | Reg Val Loss: 0.2726
[Stage1] No improv. Best so far: 0.2726 (epoch 4965)
[Stage1] Epoch 5006 - Val R²: 0.7221 | Reg Val Loss: 0.2726
[Stage1] No improv. Best so far: 0.2726 (epoch 4965)
[Stage1] Epoch 5007 - Val R²: 0.7220 | Reg Val Loss: 0.2727
[Stage1] No improv. Best so far: 0.2726 (epoch 4965)
[Stage1] Epoch 5008 - Val R²: 0.7220 | Reg Val Loss: 0.2727
[Stage1] No improv. Best so far: 0.2726 (epoch 4965)
[Stage1] Epoch 5009 - Val R²: 0.7221 | Reg Val Loss: 0.2726
[Stage1] No improv. Best so far: 0.2726 (epoch 4965)
[Stage1] Epoch 5010 - Val R²: 0.7220 | Reg Val Loss: 0.2727
[Stage1] No improv. Best so far: 0.2726 (epoch 4965)
[Stage1] Epoch 5011 - Val R²: 0.7220 | Reg Val Loss: 0.2727
[Stage1] No improv. Best so far: 0.2726 (epoch 4965)
[Stage1] Epoch 5012 - Val R²: 0.7219 | Reg Val Loss: 0.2727
[Stage1] No improv. Best so far: 0.2726 (epoch 4965)
[Stage1] Epoch 5013 - Val R²: 0.7219 | Reg Val Loss: 0.2727
[Stage1] No improv. Best so far: 0.2726 (epoch 4965)
[Stage1] Epoch 5014 - Val R²: 0.7220 | Reg Val Loss: 0.2727
[Stage1] No improv. Best so far: 0.2726 (epoch 4965)
[Stage1] Epoch 5015 - Val R²: 0.7221 | Reg Val Loss: 0.2726
[Stage1] No improv. Best so far: 0.2726 (epoch 4965)
[Stage1] Epoch 5016 - Val R²: 0.7221 | Reg Val Loss: 0.2725
[Stage1] New best (epoch 5016) Val Loss: 0.2725 — saved: checkpoints\nnknn_regression_best_califonia_housing_softmax_fold_1_retr.pth
[Stage1] Epoch 5017 - Val R²: 0.7221 | Reg Val Loss: 0.2726
[Stage1] No improv. Best so far: 0.2725 (epoch 5016)
[Stage1] Epoch 5018 - Val R²: 0.7219 | Reg Val Loss: 0.2728
[Stage1] No improv. Best so far: 0.2725 (epoch 5016)
[Stage1] Epoch 5019 - Val R²: 0.7220 | Reg Val Loss: 0.2726
[Stage1] No improv. Best so far: 0.2725 (epoch 5016)
[Stage1] Epoch 5020 - Val R²: 0.7221 | Reg Val Loss: 0.2726
[Stage1] No improv. Best so far: 0.2725 (epoch 5016)
[Stage1] Epoch 5021 - Val R²: 0.7220 | Reg Val Loss: 0.2727
[Stage1] No improv. Best so far: 0.2725 (epoch 5016)
[Stage1] Epoch 5022 - Val R²: 0.7220 | Reg Val Loss: 0.2727
[Stage1] No improv. Best so far: 0.2725 (epoch 5016)
[Stage1] Epoch 5023 - Val R²: 0.7220 | Reg Val Loss: 0.2726
[Stage1] No improv. Best so far: 0.2725 (epoch 5016)
[Stage1] Epoch 5024 - Val R²: 0.7220 | Reg Val Loss: 0.2726
[Stage1] No improv. Best so far: 0.2725 (epoch 5016)
[Stage1] Epoch 5025 - Val R²: 0.7220 | Reg Val Loss: 0.2727
[Stage1] No improv. Best so far: 0.2725 (epoch 5016)
[Stage1] Epoch 5026 - Val R²: 0.7219 | Reg Val Loss: 0.2728
[Stage1] No improv. Best so far: 0.2725 (epoch 5016)
[Stage1] Epoch 5027 - Val R²: 0.7221 | Reg Val Loss: 0.2726
[Stage1] No improv. Best so far: 0.2725 (epoch 5016)
[Stage1] Epoch 5028 - Val R²: 0.7221 | Reg Val Loss: 0.2726
[Stage1] No improv. Best so far: 0.2725 (epoch 5016)
[Stage1] Epoch 5029 - Val R²: 0.7219 | Reg Val Loss: 0.2727
[Stage1] No improv. Best so far: 0.2725 (epoch 5016)
[Stage1] Epoch 5030 - Val R²: 0.7220 | Reg Val Loss: 0.2727
[Stage1] No improv. Best so far: 0.2725 (epoch 5016)
[Stage1] Epoch 5031 - Val R²: 0.7220 | Reg Val Loss: 0.2726
[Stage1] No improv. Best so far: 0.2725 (epoch 5016)
[Stage1] Epoch 5032 - Val R²: 0.7220 | Reg Val Loss: 0.2726
[Stage1] No improv. Best so far: 0.2725 (epoch 5016)
[Stage1] Epoch 5033 - Val R²: 0.7220 | Reg Val Loss: 0.2727
[Stage1] No improv. Best so far: 0.2725 (epoch 5016)
[Stage1] Epoch 5034 - Val R²: 0.7219 | Reg Val Loss: 0.2727
[Stage1] No improv. Best so far: 0.2725 (epoch 5016)
[Stage1] Epoch 5035 - Val R²: 0.7219 | Reg Val Loss: 0.2728
[Stage1] No improv. Best so far: 0.2725 (epoch 5016)
[Stage1] Epoch 5036 - Val R²: 0.7220 | Reg Val Loss: 0.2727
[Stage1] No improv. Best so far: 0.2725 (epoch 5016)
[Stage1] Epoch 5037 - Val R²: 0.7220 | Reg Val Loss: 0.2727
[Stage1] No improv. Best so far: 0.2725 (epoch 5016)
[Stage1] Epoch 5038 - Val R²: 0.7220 | Reg Val Loss: 0.2727
[Stage1] No improv. Best so far: 0.2725 (epoch 5016)
[Stage1] Epoch 5039 - Val R²: 0.7221 | Reg Val Loss: 0.2726
[Stage1] No improv. Best so far: 0.2725 (epoch 5016)
[Stage1] Epoch 5040 - Val R²: 0.7221 | Reg Val Loss: 0.2726
[Stage1] No improv. Best so far: 0.2725 (epoch 5016)
[Stage1] Epoch 5041 - Val R²: 0.7221 | Reg Val Loss: 0.2726
[Stage1] No improv. Best so far: 0.2725 (epoch 5016)
[Stage1] Epoch 5042 - Val R²: 0.7220 | Reg Val Loss: 0.2726
[Stage1] No improv. Best so far: 0.2725 (epoch 5016)
[Stage1] Epoch 5043 - Val R²: 0.7221 | Reg Val Loss: 0.2726
[Stage1] No improv. Best so far: 0.2725 (epoch 5016)
[Stage1] Epoch 5044 - Val R²: 0.7220 | Reg Val Loss: 0.2727
[Stage1] No improv. Best so far: 0.2725 (epoch 5016)
[Stage1] Epoch 5045 - Val R²: 0.7220 | Reg Val Loss: 0.2727
[Stage1] No improv. Best so far: 0.2725 (epoch 5016)
[Stage1] Epoch 5046 - Val R²: 0.7220 | Reg Val Loss: 0.2727
[Stage1] No improv. Best so far: 0.2725 (epoch 5016)
[Stage1] Epoch 5047 - Val R²: 0.7221 | Reg Val Loss: 0.2726
[Stage1] No improv. Best so far: 0.2725 (epoch 5016)
[Stage1] Epoch 5048 - Val R²: 0.7220 | Reg Val Loss: 0.2726
[Stage1] No improv. Best so far: 0.2725 (epoch 5016)
[Stage1] Epoch 5049 - Val R²: 0.7221 | Reg Val Loss: 0.2726
[Stage1] No improv. Best so far: 0.2725 (epoch 5016)
[Stage1] Epoch 5050 - Val R²: 0.7220 | Reg Val Loss: 0.2727
[Stage1] No improv. Best so far: 0.2725 (epoch 5016)
[Stage1] Epoch 5051 - Val R²: 0.7220 | Reg Val Loss: 0.2727
[Stage1] No improv. Best so far: 0.2725 (epoch 5016)
[Stage1] Epoch 5052 - Val R²: 0.7220 | Reg Val Loss: 0.2726
[Stage1] No improv. Best so far: 0.2725 (epoch 5016)
[Stage1] Epoch 5053 - Val R²: 0.7221 | Reg Val Loss: 0.2726
[Stage1] No improv. Best so far: 0.2725 (epoch 5016)
[Stage1] Epoch 5054 - Val R²: 0.7221 | Reg Val Loss: 0.2726
[Stage1] No improv. Best so far: 0.2725 (epoch 5016)
[Stage1] Epoch 5055 - Val R²: 0.7220 | Reg Val Loss: 0.2727
[Stage1] No improv. Best so far: 0.2725 (epoch 5016)
[Stage1] Epoch 5056 - Val R²: 0.7220 | Reg Val Loss: 0.2726
[Stage1] No improv. Best so far: 0.2725 (epoch 5016)
[Stage1] Epoch 5057 - Val R²: 0.7221 | Reg Val Loss: 0.2726
[Stage1] No improv. Best so far: 0.2725 (epoch 5016)
[Stage1] Epoch 5058 - Val R²: 0.7220 | Reg Val Loss: 0.2727
[Stage1] No improv. Best so far: 0.2725 (epoch 5016)
[Stage1] Epoch 5059 - Val R²: 0.7220 | Reg Val Loss: 0.2727
[Stage1] No improv. Best so far: 0.2725 (epoch 5016)
[Stage1] Epoch 5060 - Val R²: 0.7221 | Reg Val Loss: 0.2726
[Stage1] No improv. Best so far: 0.2725 (epoch 5016)
[Stage1] Epoch 5061 - Val R²: 0.7221 | Reg Val Loss: 0.2726
[Stage1] No improv. Best so far: 0.2725 (epoch 5016)
[Stage1] Epoch 5062 - Val R²: 0.7221 | Reg Val Loss: 0.2726
[Stage1] No improv. Best so far: 0.2725 (epoch 5016)
[Stage1] Epoch 5063 - Val R²: 0.7221 | Reg Val Loss: 0.2726
[Stage1] No improv. Best so far: 0.2725 (epoch 5016)
[Stage1] Epoch 5064 - Val R²: 0.7221 | Reg Val Loss: 0.2726
[Stage1] No improv. Best so far: 0.2725 (epoch 5016)
[Stage1] Epoch 5065 - Val R²: 0.7221 | Reg Val Loss: 0.2726
[Stage1] No improv. Best so far: 0.2725 (epoch 5016)
[Stage1] Epoch 5066 - Val R²: 0.7221 | Reg Val Loss: 0.2726
[Stage1] No improv. Best so far: 0.2725 (epoch 5016)
[Stage1] Epoch 5067 - Val R²: 0.7220 | Reg Val Loss: 0.2726
[Stage1] No improv. Best so far: 0.2725 (epoch 5016)
[Stage1] Epoch 5068 - Val R²: 0.7221 | Reg Val Loss: 0.2726
[Stage1] No improv. Best so far: 0.2725 (epoch 5016)
[Stage1] Epoch 5069 - Val R²: 0.7221 | Reg Val Loss: 0.2726
[Stage1] No improv. Best so far: 0.2725 (epoch 5016)
[Stage1] Epoch 5070 - Val R²: 0.7221 | Reg Val Loss: 0.2726
[Stage1] No improv. Best so far: 0.2725 (epoch 5016)
[Stage1] Epoch 5071 - Val R²: 0.7220 | Reg Val Loss: 0.2727
[Stage1] No improv. Best so far: 0.2725 (epoch 5016)
[Stage1] Epoch 5072 - Val R²: 0.7220 | Reg Val Loss: 0.2727
[Stage1] No improv. Best so far: 0.2725 (epoch 5016)
[Stage1] Epoch 5073 - Val R²: 0.7220 | Reg Val Loss: 0.2726
[Stage1] No improv. Best so far: 0.2725 (epoch 5016)
[Stage1] Epoch 5074 - Val R²: 0.7220 | Reg Val Loss: 0.2727
[Stage1] No improv. Best so far: 0.2725 (epoch 5016)
[Stage1] Epoch 5075 - Val R²: 0.7219 | Reg Val Loss: 0.2727
[Stage1] No improv. Best so far: 0.2725 (epoch 5016)
[Stage1] Epoch 5076 - Val R²: 0.7220 | Reg Val Loss: 0.2727
[Stage1] No improv. Best so far: 0.2725 (epoch 5016)
[Stage1] Epoch 5077 - Val R²: 0.7221 | Reg Val Loss: 0.2726
[Stage1] No improv. Best so far: 0.2725 (epoch 5016)
[Stage1] Epoch 5078 - Val R²: 0.7221 | Reg Val Loss: 0.2726
[Stage1] No improv. Best so far: 0.2725 (epoch 5016)
[Stage1] Epoch 5079 - Val R²: 0.7220 | Reg Val Loss: 0.2727
[Stage1] No improv. Best so far: 0.2725 (epoch 5016)
[Stage1] Epoch 5080 - Val R²: 0.7220 | Reg Val Loss: 0.2727
[Stage1] No improv. Best so far: 0.2725 (epoch 5016)
[Stage1] Epoch 5081 - Val R²: 0.7220 | Reg Val Loss: 0.2727
[Stage1] No improv. Best so far: 0.2725 (epoch 5016)
[Stage1] Epoch 5082 - Val R²: 0.7221 | Reg Val Loss: 0.2726
[Stage1] No improv. Best so far: 0.2725 (epoch 5016)
[Stage1] Epoch 5083 - Val R²: 0.7222 | Reg Val Loss: 0.2725
[Stage1] New best (epoch 5083) Val Loss: 0.2725 — saved: checkpoints\nnknn_regression_best_califonia_housing_softmax_fold_1_retr.pth
[Stage1] Epoch 5084 - Val R²: 0.7221 | Reg Val Loss: 0.2726
[Stage1] No improv. Best so far: 0.2725 (epoch 5083)
[Stage1] Epoch 5085 - Val R²: 0.7220 | Reg Val Loss: 0.2726
[Stage1] No improv. Best so far: 0.2725 (epoch 5083)
[Stage1] Epoch 5086 - Val R²: 0.7221 | Reg Val Loss: 0.2726
[Stage1] No improv. Best so far: 0.2725 (epoch 5083)
[Stage1] Epoch 5087 - Val R²: 0.7221 | Reg Val Loss: 0.2726
[Stage1] No improv. Best so far: 0.2725 (epoch 5083)
[Stage1] Epoch 5088 - Val R²: 0.7221 | Reg Val Loss: 0.2726
[Stage1] No improv. Best so far: 0.2725 (epoch 5083)
[Stage1] Epoch 5089 - Val R²: 0.7220 | Reg Val Loss: 0.2726
[Stage1] No improv. Best so far: 0.2725 (epoch 5083)
[Stage1] Epoch 5090 - Val R²: 0.7220 | Reg Val Loss: 0.2726
[Stage1] No improv. Best so far: 0.2725 (epoch 5083)
[Stage1] Epoch 5091 - Val R²: 0.7221 | Reg Val Loss: 0.2726
[Stage1] No improv. Best so far: 0.2725 (epoch 5083)
[Stage1] Epoch 5092 - Val R²: 0.7221 | Reg Val Loss: 0.2726
[Stage1] No improv. Best so far: 0.2725 (epoch 5083)
[Stage1] Epoch 5093 - Val R²: 0.7221 | Reg Val Loss: 0.2725
[Stage1] No improv. Best so far: 0.2725 (epoch 5083)
[Stage1] Epoch 5094 - Val R²: 0.7221 | Reg Val Loss: 0.2726
[Stage1] No improv. Best so far: 0.2725 (epoch 5083)
[Stage1] Epoch 5095 - Val R²: 0.7222 | Reg Val Loss: 0.2725
[Stage1] New best (epoch 5095) Val Loss: 0.2725 — saved: checkpoints\nnknn_regression_best_califonia_housing_softmax_fold_1_retr.pth
[Stage1] Epoch 5096 - Val R²: 0.7222 | Reg Val Loss: 0.2725
[Stage1] No improv. Best so far: 0.2725 (epoch 5095)
[Stage1] Epoch 5097 - Val R²: 0.7221 | Reg Val Loss: 0.2726
[Stage1] No improv. Best so far: 0.2725 (epoch 5095)
[Stage1] Epoch 5098 - Val R²: 0.7221 | Reg Val Loss: 0.2726
[Stage1] No improv. Best so far: 0.2725 (epoch 5095)
[Stage1] Epoch 5099 - Val R²: 0.7221 | Reg Val Loss: 0.2726
[Stage1] No improv. Best so far: 0.2725 (epoch 5095)
[Stage1] Epoch 5100 - Val R²: 0.7221 | Reg Val Loss: 0.2725
[Stage1] No improv. Best so far: 0.2725 (epoch 5095)
[Stage1] Epoch 5101 - Val R²: 0.7221 | Reg Val Loss: 0.2726
[Stage1] No improv. Best so far: 0.2725 (epoch 5095)
[Stage1] Epoch 5102 - Val R²: 0.7221 | Reg Val Loss: 0.2726
[Stage1] No improv. Best so far: 0.2725 (epoch 5095)
[Stage1] Epoch 5103 - Val R²: 0.7221 | Reg Val Loss: 0.2726
[Stage1] No improv. Best so far: 0.2725 (epoch 5095)
[Stage1] Epoch 5104 - Val R²: 0.7221 | Reg Val Loss: 0.2726
[Stage1] No improv. Best so far: 0.2725 (epoch 5095)
[Stage1] Epoch 5105 - Val R²: 0.7221 | Reg Val Loss: 0.2726
[Stage1] No improv. Best so far: 0.2725 (epoch 5095)
[Stage1] Epoch 5106 - Val R²: 0.7221 | Reg Val Loss: 0.2726
[Stage1] No improv. Best so far: 0.2725 (epoch 5095)
[Stage1] Epoch 5107 - Val R²: 0.7222 | Reg Val Loss: 0.2725
[Stage1] No improv. Best so far: 0.2725 (epoch 5095)
[Stage1] Epoch 5108 - Val R²: 0.7221 | Reg Val Loss: 0.2725
[Stage1] No improv. Best so far: 0.2725 (epoch 5095)
[Stage1] Epoch 5109 - Val R²: 0.7221 | Reg Val Loss: 0.2726
[Stage1] No improv. Best so far: 0.2725 (epoch 5095)
[Stage1] Epoch 5110 - Val R²: 0.7221 | Reg Val Loss: 0.2726
[Stage1] No improv. Best so far: 0.2725 (epoch 5095)
[Stage1] Epoch 5111 - Val R²: 0.7221 | Reg Val Loss: 0.2725
[Stage1] No improv. Best so far: 0.2725 (epoch 5095)
[Stage1] Epoch 5112 - Val R²: 0.7221 | Reg Val Loss: 0.2726
[Stage1] No improv. Best so far: 0.2725 (epoch 5095)
[Stage1] Epoch 5113 - Val R²: 0.7222 | Reg Val Loss: 0.2725
[Stage1] New best (epoch 5113) Val Loss: 0.2725 — saved: checkpoints\nnknn_regression_best_califonia_housing_softmax_fold_1_retr.pth
[Stage1] Epoch 5114 - Val R²: 0.7222 | Reg Val Loss: 0.2725
[Stage1] No improv. Best so far: 0.2725 (epoch 5113)
[Stage1] Epoch 5115 - Val R²: 0.7222 | Reg Val Loss: 0.2725
[Stage1] No improv. Best so far: 0.2725 (epoch 5113)
[Stage1] Epoch 5116 - Val R²: 0.7222 | Reg Val Loss: 0.2725
[Stage1] No improv. Best so far: 0.2725 (epoch 5113)
[Stage1] Epoch 5117 - Val R²: 0.7222 | Reg Val Loss: 0.2725
[Stage1] No improv. Best so far: 0.2725 (epoch 5113)
[Stage1] Epoch 5118 - Val R²: 0.7222 | Reg Val Loss: 0.2725
[Stage1] No improv. Best so far: 0.2725 (epoch 5113)
[Stage1] Epoch 5119 - Val R²: 0.7222 | Reg Val Loss: 0.2725
[Stage1] No improv. Best so far: 0.2725 (epoch 5113)
[Stage1] Epoch 5120 - Val R²: 0.7221 | Reg Val Loss: 0.2726
[Stage1] No improv. Best so far: 0.2725 (epoch 5113)
[Stage1] Epoch 5121 - Val R²: 0.7221 | Reg Val Loss: 0.2726
[Stage1] No improv. Best so far: 0.2725 (epoch 5113)
[Stage1] Epoch 5122 - Val R²: 0.7222 | Reg Val Loss: 0.2725
[Stage1] New best (epoch 5122) Val Loss: 0.2725 — saved: checkpoints\nnknn_regression_best_califonia_housing_softmax_fold_1_retr.pth
[Stage1] Epoch 5123 - Val R²: 0.7222 | Reg Val Loss: 0.2725
[Stage1] No improv. Best so far: 0.2725 (epoch 5122)
[Stage1] Epoch 5124 - Val R²: 0.7221 | Reg Val Loss: 0.2726
[Stage1] No improv. Best so far: 0.2725 (epoch 5122)
[Stage1] Epoch 5125 - Val R²: 0.7222 | Reg Val Loss: 0.2725
[Stage1] No improv. Best so far: 0.2725 (epoch 5122)
[Stage1] Epoch 5126 - Val R²: 0.7221 | Reg Val Loss: 0.2726
[Stage1] No improv. Best so far: 0.2725 (epoch 5122)
[Stage1] Epoch 5127 - Val R²: 0.7222 | Reg Val Loss: 0.2725
[Stage1] No improv. Best so far: 0.2725 (epoch 5122)
[Stage1] Epoch 5128 - Val R²: 0.7221 | Reg Val Loss: 0.2726
[Stage1] No improv. Best so far: 0.2725 (epoch 5122)
[Stage1] Epoch 5129 - Val R²: 0.7221 | Reg Val Loss: 0.2726
[Stage1] No improv. Best so far: 0.2725 (epoch 5122)
[Stage1] Epoch 5130 - Val R²: 0.7221 | Reg Val Loss: 0.2726
[Stage1] No improv. Best so far: 0.2725 (epoch 5122)
[Stage1] Epoch 5131 - Val R²: 0.7221 | Reg Val Loss: 0.2726
[Stage1] No improv. Best so far: 0.2725 (epoch 5122)
[Stage1] Epoch 5132 - Val R²: 0.7222 | Reg Val Loss: 0.2725
[Stage1] No improv. Best so far: 0.2725 (epoch 5122)
[Stage1] Epoch 5133 - Val R²: 0.7222 | Reg Val Loss: 0.2725
[Stage1] No improv. Best so far: 0.2725 (epoch 5122)
[Stage1] Epoch 5134 - Val R²: 0.7221 | Reg Val Loss: 0.2726
[Stage1] No improv. Best so far: 0.2725 (epoch 5122)
[Stage1] Epoch 5135 - Val R²: 0.7222 | Reg Val Loss: 0.2725
[Stage1] No improv. Best so far: 0.2725 (epoch 5122)
[Stage1] Epoch 5136 - Val R²: 0.7221 | Reg Val Loss: 0.2726
[Stage1] No improv. Best so far: 0.2725 (epoch 5122)
[Stage1] Epoch 5137 - Val R²: 0.7222 | Reg Val Loss: 0.2725
[Stage1] No improv. Best so far: 0.2725 (epoch 5122)
[Stage1] Epoch 5138 - Val R²: 0.7221 | Reg Val Loss: 0.2726
[Stage1] No improv. Best so far: 0.2725 (epoch 5122)
[Stage1] Epoch 5139 - Val R²: 0.7221 | Reg Val Loss: 0.2726
[Stage1] No improv. Best so far: 0.2725 (epoch 5122)
[Stage1] Epoch 5140 - Val R²: 0.7221 | Reg Val Loss: 0.2726
[Stage1] No improv. Best so far: 0.2725 (epoch 5122)
[Stage1] Epoch 5141 - Val R²: 0.7222 | Reg Val Loss: 0.2725
[Stage1] No improv. Best so far: 0.2725 (epoch 5122)
[Stage1] Epoch 5142 - Val R²: 0.7222 | Reg Val Loss: 0.2725
[Stage1] New best (epoch 5142) Val Loss: 0.2725 — saved: checkpoints\nnknn_regression_best_califonia_housing_softmax_fold_1_retr.pth
[Stage1] Epoch 5143 - Val R²: 0.7222 | Reg Val Loss: 0.2725
[Stage1] No improv. Best so far: 0.2725 (epoch 5142)
[Stage1] Epoch 5144 - Val R²: 0.7222 | Reg Val Loss: 0.2725
[Stage1] No improv. Best so far: 0.2725 (epoch 5142)
[Stage1] Epoch 5145 - Val R²: 0.7221 | Reg Val Loss: 0.2726
[Stage1] No improv. Best so far: 0.2725 (epoch 5142)
[Stage1] Epoch 5146 - Val R²: 0.7221 | Reg Val Loss: 0.2726
[Stage1] No improv. Best so far: 0.2725 (epoch 5142)
[Stage1] Epoch 5147 - Val R²: 0.7221 | Reg Val Loss: 0.2725
[Stage1] No improv. Best so far: 0.2725 (epoch 5142)
[Stage1] Epoch 5148 - Val R²: 0.7222 | Reg Val Loss: 0.2725
[Stage1] No improv. Best so far: 0.2725 (epoch 5142)
[Stage1] Epoch 5149 - Val R²: 0.7223 | Reg Val Loss: 0.2724
[Stage1] New best (epoch 5149) Val Loss: 0.2724 — saved: checkpoints\nnknn_regression_best_califonia_housing_softmax_fold_1_retr.pth
[Stage1] Epoch 5150 - Val R²: 0.7221 | Reg Val Loss: 0.2725
[Stage1] No improv. Best so far: 0.2724 (epoch 5149)
[Stage1] Epoch 5151 - Val R²: 0.7222 | Reg Val Loss: 0.2725
[Stage1] No improv. Best so far: 0.2724 (epoch 5149)
[Stage1] Epoch 5152 - Val R²: 0.7222 | Reg Val Loss: 0.2725
[Stage1] No improv. Best so far: 0.2724 (epoch 5149)
[Stage1] Epoch 5153 - Val R²: 0.7222 | Reg Val Loss: 0.2725
[Stage1] No improv. Best so far: 0.2724 (epoch 5149)
[Stage1] Epoch 5154 - Val R²: 0.7221 | Reg Val Loss: 0.2725
[Stage1] No improv. Best so far: 0.2724 (epoch 5149)
[Stage1] Epoch 5155 - Val R²: 0.7221 | Reg Val Loss: 0.2726
[Stage1] No improv. Best so far: 0.2724 (epoch 5149)
[Stage1] Epoch 5156 - Val R²: 0.7221 | Reg Val Loss: 0.2726
[Stage1] No improv. Best so far: 0.2724 (epoch 5149)
[Stage1] Epoch 5157 - Val R²: 0.7220 | Reg Val Loss: 0.2727
[Stage1] No improv. Best so far: 0.2724 (epoch 5149)
[Stage1] Epoch 5158 - Val R²: 0.7221 | Reg Val Loss: 0.2726
[Stage1] No improv. Best so far: 0.2724 (epoch 5149)
[Stage1] Epoch 5159 - Val R²: 0.7222 | Reg Val Loss: 0.2725
[Stage1] No improv. Best so far: 0.2724 (epoch 5149)
[Stage1] Epoch 5160 - Val R²: 0.7222 | Reg Val Loss: 0.2725
[Stage1] No improv. Best so far: 0.2724 (epoch 5149)
[Stage1] Epoch 5161 - Val R²: 0.7222 | Reg Val Loss: 0.2725
[Stage1] No improv. Best so far: 0.2724 (epoch 5149)
[Stage1] Epoch 5162 - Val R²: 0.7222 | Reg Val Loss: 0.2724
[Stage1] No improv. Best so far: 0.2724 (epoch 5149)
[Stage1] Epoch 5163 - Val R²: 0.7222 | Reg Val Loss: 0.2724
[Stage1] No improv. Best so far: 0.2724 (epoch 5149)
[Stage1] Epoch 5164 - Val R²: 0.7222 | Reg Val Loss: 0.2724
[Stage1] No improv. Best so far: 0.2724 (epoch 5149)
[Stage1] Epoch 5165 - Val R²: 0.7222 | Reg Val Loss: 0.2725
[Stage1] No improv. Best so far: 0.2724 (epoch 5149)
[Stage1] Epoch 5166 - Val R²: 0.7222 | Reg Val Loss: 0.2724
[Stage1] No improv. Best so far: 0.2724 (epoch 5149)
[Stage1] Epoch 5167 - Val R²: 0.7222 | Reg Val Loss: 0.2725
[Stage1] No improv. Best so far: 0.2724 (epoch 5149)
[Stage1] Epoch 5168 - Val R²: 0.7222 | Reg Val Loss: 0.2725
[Stage1] No improv. Best so far: 0.2724 (epoch 5149)
[Stage1] Epoch 5169 - Val R²: 0.7220 | Reg Val Loss: 0.2727
[Stage1] No improv. Best so far: 0.2724 (epoch 5149)
[Stage1] Epoch 5170 - Val R²: 0.7220 | Reg Val Loss: 0.2726
[Stage1] No improv. Best so far: 0.2724 (epoch 5149)
[Stage1] Epoch 5171 - Val R²: 0.7222 | Reg Val Loss: 0.2725
[Stage1] No improv. Best so far: 0.2724 (epoch 5149)
[Stage1] Epoch 5172 - Val R²: 0.7222 | Reg Val Loss: 0.2725
[Stage1] No improv. Best so far: 0.2724 (epoch 5149)
[Stage1] Epoch 5173 - Val R²: 0.7223 | Reg Val Loss: 0.2724
[Stage1] No improv. Best so far: 0.2724 (epoch 5149)
[Stage1] Epoch 5174 - Val R²: 0.7222 | Reg Val Loss: 0.2724
[Stage1] No improv. Best so far: 0.2724 (epoch 5149)
[Stage1] Epoch 5175 - Val R²: 0.7223 | Reg Val Loss: 0.2724
[Stage1] No improv. Best so far: 0.2724 (epoch 5149)
[Stage1] Epoch 5176 - Val R²: 0.7223 | Reg Val Loss: 0.2724
[Stage1] No improv. Best so far: 0.2724 (epoch 5149)
[Stage1] Epoch 5177 - Val R²: 0.7222 | Reg Val Loss: 0.2725
[Stage1] No improv. Best so far: 0.2724 (epoch 5149)
[Stage1] Epoch 5178 - Val R²: 0.7222 | Reg Val Loss: 0.2725
[Stage1] No improv. Best so far: 0.2724 (epoch 5149)
[Stage1] Epoch 5179 - Val R²: 0.7223 | Reg Val Loss: 0.2724
[Stage1] New best (epoch 5179) Val Loss: 0.2724 — saved: checkpoints\nnknn_regression_best_califonia_housing_softmax_fold_1_retr.pth
[Stage1] Epoch 5180 - Val R²: 0.7223 | Reg Val Loss: 0.2724
[Stage1] New best (epoch 5180) Val Loss: 0.2724 — saved: checkpoints\nnknn_regression_best_califonia_housing_softmax_fold_1_retr.pth
[Stage1] Epoch 5181 - Val R²: 0.7223 | Reg Val Loss: 0.2724
[Stage1] New best (epoch 5181) Val Loss: 0.2724 — saved: checkpoints\nnknn_regression_best_califonia_housing_softmax_fold_1_retr.pth
[Stage1] Epoch 5182 - Val R²: 0.7222 | Reg Val Loss: 0.2725
[Stage1] No improv. Best so far: 0.2724 (epoch 5181)
[Stage1] Epoch 5183 - Val R²: 0.7222 | Reg Val Loss: 0.2725
[Stage1] No improv. Best so far: 0.2724 (epoch 5181)
[Stage1] Epoch 5184 - Val R²: 0.7222 | Reg Val Loss: 0.2725
[Stage1] No improv. Best so far: 0.2724 (epoch 5181)
[Stage1] Epoch 5185 - Val R²: 0.7222 | Reg Val Loss: 0.2725
[Stage1] No improv. Best so far: 0.2724 (epoch 5181)
[Stage1] Epoch 5186 - Val R²: 0.7222 | Reg Val Loss: 0.2725
[Stage1] No improv. Best so far: 0.2724 (epoch 5181)
[Stage1] Epoch 5187 - Val R²: 0.7221 | Reg Val Loss: 0.2725
[Stage1] No improv. Best so far: 0.2724 (epoch 5181)
[Stage1] Epoch 5188 - Val R²: 0.7222 | Reg Val Loss: 0.2725
[Stage1] No improv. Best so far: 0.2724 (epoch 5181)
[Stage1] Epoch 5189 - Val R²: 0.7222 | Reg Val Loss: 0.2725
[Stage1] No improv. Best so far: 0.2724 (epoch 5181)
[Stage1] Epoch 5190 - Val R²: 0.7222 | Reg Val Loss: 0.2725
[Stage1] No improv. Best so far: 0.2724 (epoch 5181)
[Stage1] Epoch 5191 - Val R²: 0.7222 | Reg Val Loss: 0.2725
[Stage1] No improv. Best so far: 0.2724 (epoch 5181)
[Stage1] Epoch 5192 - Val R²: 0.7222 | Reg Val Loss: 0.2725
[Stage1] No improv. Best so far: 0.2724 (epoch 5181)
[Stage1] Epoch 5193 - Val R²: 0.7222 | Reg Val Loss: 0.2725
[Stage1] No improv. Best so far: 0.2724 (epoch 5181)
[Stage1] Epoch 5194 - Val R²: 0.7222 | Reg Val Loss: 0.2725
[Stage1] No improv. Best so far: 0.2724 (epoch 5181)
[Stage1] Epoch 5195 - Val R²: 0.7223 | Reg Val Loss: 0.2724
[Stage1] No improv. Best so far: 0.2724 (epoch 5181)
[Stage1] Epoch 5196 - Val R²: 0.7223 | Reg Val Loss: 0.2724
[Stage1] No improv. Best so far: 0.2724 (epoch 5181)
[Stage1] Epoch 5197 - Val R²: 0.7223 | Reg Val Loss: 0.2724
[Stage1] No improv. Best so far: 0.2724 (epoch 5181)
[Stage1] Epoch 5198 - Val R²: 0.7222 | Reg Val Loss: 0.2725
[Stage1] No improv. Best so far: 0.2724 (epoch 5181)
[Stage1] Epoch 5199 - Val R²: 0.7223 | Reg Val Loss: 0.2724
[Stage1] No improv. Best so far: 0.2724 (epoch 5181)
[Stage1] Epoch 5200 - Val R²: 0.7223 | Reg Val Loss: 0.2724
[Stage1] No improv. Best so far: 0.2724 (epoch 5181)
[Stage1] Epoch 5201 - Val R²: 0.7223 | Reg Val Loss: 0.2724
[Stage1] No improv. Best so far: 0.2724 (epoch 5181)
[Stage1] Epoch 5202 - Val R²: 0.7222 | Reg Val Loss: 0.2724
[Stage1] No improv. Best so far: 0.2724 (epoch 5181)
[Stage1] Epoch 5203 - Val R²: 0.7222 | Reg Val Loss: 0.2725
[Stage1] No improv. Best so far: 0.2724 (epoch 5181)
[Stage1] Epoch 5204 - Val R²: 0.7223 | Reg Val Loss: 0.2724
[Stage1] No improv. Best so far: 0.2724 (epoch 5181)
[Stage1] Epoch 5205 - Val R²: 0.7222 | Reg Val Loss: 0.2725
[Stage1] No improv. Best so far: 0.2724 (epoch 5181)
[Stage1] Epoch 5206 - Val R²: 0.7222 | Reg Val Loss: 0.2724
[Stage1] No improv. Best so far: 0.2724 (epoch 5181)
[Stage1] Epoch 5207 - Val R²: 0.7223 | Reg Val Loss: 0.2724
[Stage1] No improv. Best so far: 0.2724 (epoch 5181)
[Stage1] Epoch 5208 - Val R²: 0.7223 | Reg Val Loss: 0.2724
[Stage1] No improv. Best so far: 0.2724 (epoch 5181)
[Stage1] Epoch 5209 - Val R²: 0.7221 | Reg Val Loss: 0.2726
[Stage1] No improv. Best so far: 0.2724 (epoch 5181)
[Stage1] Epoch 5210 - Val R²: 0.7223 | Reg Val Loss: 0.2724
[Stage1] No improv. Best so far: 0.2724 (epoch 5181)
[Stage1] Epoch 5211 - Val R²: 0.7222 | Reg Val Loss: 0.2725
[Stage1] No improv. Best so far: 0.2724 (epoch 5181)
[Stage1] Epoch 5212 - Val R²: 0.7223 | Reg Val Loss: 0.2724
[Stage1] No improv. Best so far: 0.2724 (epoch 5181)
[Stage1] Epoch 5213 - Val R²: 0.7223 | Reg Val Loss: 0.2723
[Stage1] New best (epoch 5213) Val Loss: 0.2723 — saved: checkpoints\nnknn_regression_best_califonia_housing_softmax_fold_1_retr.pth
[Stage1] Epoch 5214 - Val R²: 0.7223 | Reg Val Loss: 0.2724
[Stage1] No improv. Best so far: 0.2723 (epoch 5213)
[Stage1] Epoch 5215 - Val R²: 0.7223 | Reg Val Loss: 0.2724
[Stage1] No improv. Best so far: 0.2723 (epoch 5213)
[Stage1] Epoch 5216 - Val R²: 0.7222 | Reg Val Loss: 0.2725
[Stage1] No improv. Best so far: 0.2723 (epoch 5213)
[Stage1] Epoch 5217 - Val R²: 0.7222 | Reg Val Loss: 0.2725
[Stage1] No improv. Best so far: 0.2723 (epoch 5213)
[Stage1] Epoch 5218 - Val R²: 0.7222 | Reg Val Loss: 0.2725
[Stage1] No improv. Best so far: 0.2723 (epoch 5213)
[Stage1] Epoch 5219 - Val R²: 0.7223 | Reg Val Loss: 0.2724
[Stage1] No improv. Best so far: 0.2723 (epoch 5213)
[Stage1] Epoch 5220 - Val R²: 0.7221 | Reg Val Loss: 0.2726
[Stage1] No improv. Best so far: 0.2723 (epoch 5213)
[Stage1] Epoch 5221 - Val R²: 0.7221 | Reg Val Loss: 0.2726
[Stage1] No improv. Best so far: 0.2723 (epoch 5213)
[Stage1] Epoch 5222 - Val R²: 0.7222 | Reg Val Loss: 0.2725
[Stage1] No improv. Best so far: 0.2723 (epoch 5213)
[Stage1] Epoch 5223 - Val R²: 0.7222 | Reg Val Loss: 0.2725
[Stage1] No improv. Best so far: 0.2723 (epoch 5213)
[Stage1] Epoch 5224 - Val R²: 0.7222 | Reg Val Loss: 0.2724
[Stage1] No improv. Best so far: 0.2723 (epoch 5213)
[Stage1] Epoch 5225 - Val R²: 0.7221 | Reg Val Loss: 0.2725
[Stage1] No improv. Best so far: 0.2723 (epoch 5213)
[Stage1] Epoch 5226 - Val R²: 0.7223 | Reg Val Loss: 0.2724
[Stage1] No improv. Best so far: 0.2723 (epoch 5213)
[Stage1] Epoch 5227 - Val R²: 0.7222 | Reg Val Loss: 0.2725
[Stage1] No improv. Best so far: 0.2723 (epoch 5213)
[Stage1] Epoch 5228 - Val R²: 0.7222 | Reg Val Loss: 0.2725
[Stage1] No improv. Best so far: 0.2723 (epoch 5213)
[Stage1] Epoch 5229 - Val R²: 0.7222 | Reg Val Loss: 0.2725
[Stage1] No improv. Best so far: 0.2723 (epoch 5213)
[Stage1] Epoch 5230 - Val R²: 0.7222 | Reg Val Loss: 0.2725
[Stage1] No improv. Best so far: 0.2723 (epoch 5213)
[Stage1] Epoch 5231 - Val R²: 0.7221 | Reg Val Loss: 0.2725
[Stage1] No improv. Best so far: 0.2723 (epoch 5213)
[Stage1] Epoch 5232 - Val R²: 0.7222 | Reg Val Loss: 0.2725
[Stage1] No improv. Best so far: 0.2723 (epoch 5213)
[Stage1] Epoch 5233 - Val R²: 0.7222 | Reg Val Loss: 0.2724
[Stage1] No improv. Best so far: 0.2723 (epoch 5213)
[Stage1] Epoch 5234 - Val R²: 0.7222 | Reg Val Loss: 0.2725
[Stage1] No improv. Best so far: 0.2723 (epoch 5213)
[Stage1] Epoch 5235 - Val R²: 0.7221 | Reg Val Loss: 0.2726
[Stage1] No improv. Best so far: 0.2723 (epoch 5213)
[Stage1] Epoch 5236 - Val R²: 0.7223 | Reg Val Loss: 0.2724
[Stage1] No improv. Best so far: 0.2723 (epoch 5213)
[Stage1] Epoch 5237 - Val R²: 0.7223 | Reg Val Loss: 0.2724
[Stage1] No improv. Best so far: 0.2723 (epoch 5213)
[Stage1] Epoch 5238 - Val R²: 0.7222 | Reg Val Loss: 0.2724
[Stage1] No improv. Best so far: 0.2723 (epoch 5213)
[Stage1] Epoch 5239 - Val R²: 0.7222 | Reg Val Loss: 0.2725
[Stage1] No improv. Best so far: 0.2723 (epoch 5213)
[Stage1] Epoch 5240 - Val R²: 0.7223 | Reg Val Loss: 0.2724
[Stage1] No improv. Best so far: 0.2723 (epoch 5213)
[Stage1] Epoch 5241 - Val R²: 0.7222 | Reg Val Loss: 0.2725
[Stage1] No improv. Best so far: 0.2723 (epoch 5213)
[Stage1] Epoch 5242 - Val R²: 0.7222 | Reg Val Loss: 0.2725
[Stage1] No improv. Best so far: 0.2723 (epoch 5213)
[Stage1] Epoch 5243 - Val R²: 0.7222 | Reg Val Loss: 0.2724
[Stage1] No improv. Best so far: 0.2723 (epoch 5213)
[Stage1] Epoch 5244 - Val R²: 0.7221 | Reg Val Loss: 0.2726
[Stage1] No improv. Best so far: 0.2723 (epoch 5213)
[Stage1] Epoch 5245 - Val R²: 0.7222 | Reg Val Loss: 0.2724
[Stage1] No improv. Best so far: 0.2723 (epoch 5213)
[Stage1] Epoch 5246 - Val R²: 0.7222 | Reg Val Loss: 0.2724
[Stage1] No improv. Best so far: 0.2723 (epoch 5213)
[Stage1] Epoch 5247 - Val R²: 0.7222 | Reg Val Loss: 0.2725
[Stage1] No improv. Best so far: 0.2723 (epoch 5213)
[Stage1] Epoch 5248 - Val R²: 0.7223 | Reg Val Loss: 0.2724
[Stage1] No improv. Best so far: 0.2723 (epoch 5213)
[Stage1] Epoch 5249 - Val R²: 0.7222 | Reg Val Loss: 0.2725
[Stage1] No improv. Best so far: 0.2723 (epoch 5213)
[Stage1] Epoch 5250 - Val R²: 0.7223 | Reg Val Loss: 0.2724
[Stage1] No improv. Best so far: 0.2723 (epoch 5213)
[Stage1] Epoch 5251 - Val R²: 0.7223 | Reg Val Loss: 0.2724
[Stage1] No improv. Best so far: 0.2723 (epoch 5213)
[Stage1] Epoch 5252 - Val R²: 0.7221 | Reg Val Loss: 0.2726
[Stage1] No improv. Best so far: 0.2723 (epoch 5213)
[Stage1] Epoch 5253 - Val R²: 0.7223 | Reg Val Loss: 0.2724
[Stage1] No improv. Best so far: 0.2723 (epoch 5213)
[Stage1] Epoch 5254 - Val R²: 0.7224 | Reg Val Loss: 0.2723
[Stage1] New best (epoch 5254) Val Loss: 0.2723 — saved: checkpoints\nnknn_regression_best_califonia_housing_softmax_fold_1_retr.pth
[Stage1] Epoch 5255 - Val R²: 0.7222 | Reg Val Loss: 0.2725
[Stage1] No improv. Best so far: 0.2723 (epoch 5254)
[Stage1] Epoch 5256 - Val R²: 0.7223 | Reg Val Loss: 0.2724
[Stage1] No improv. Best so far: 0.2723 (epoch 5254)
[Stage1] Epoch 5257 - Val R²: 0.7223 | Reg Val Loss: 0.2724
[Stage1] No improv. Best so far: 0.2723 (epoch 5254)
[Stage1] Epoch 5258 - Val R²: 0.7222 | Reg Val Loss: 0.2725
[Stage1] No improv. Best so far: 0.2723 (epoch 5254)
[Stage1] Epoch 5259 - Val R²: 0.7222 | Reg Val Loss: 0.2724
[Stage1] No improv. Best so far: 0.2723 (epoch 5254)
[Stage1] Epoch 5260 - Val R²: 0.7223 | Reg Val Loss: 0.2724
[Stage1] No improv. Best so far: 0.2723 (epoch 5254)
[Stage1] Epoch 5261 - Val R²: 0.7222 | Reg Val Loss: 0.2725
[Stage1] No improv. Best so far: 0.2723 (epoch 5254)
[Stage1] Epoch 5262 - Val R²: 0.7223 | Reg Val Loss: 0.2724
[Stage1] No improv. Best so far: 0.2723 (epoch 5254)
[Stage1] Epoch 5263 - Val R²: 0.7223 | Reg Val Loss: 0.2724
[Stage1] No improv. Best so far: 0.2723 (epoch 5254)
[Stage1] Epoch 5264 - Val R²: 0.7223 | Reg Val Loss: 0.2724
[Stage1] No improv. Best so far: 0.2723 (epoch 5254)
[Stage1] Epoch 5265 - Val R²: 0.7222 | Reg Val Loss: 0.2724
[Stage1] No improv. Best so far: 0.2723 (epoch 5254)
[Stage1] Epoch 5266 - Val R²: 0.7221 | Reg Val Loss: 0.2725
[Stage1] No improv. Best so far: 0.2723 (epoch 5254)
[Stage1] Epoch 5267 - Val R²: 0.7222 | Reg Val Loss: 0.2725
[Stage1] No improv. Best so far: 0.2723 (epoch 5254)
[Stage1] Epoch 5268 - Val R²: 0.7223 | Reg Val Loss: 0.2724
[Stage1] No improv. Best so far: 0.2723 (epoch 5254)
[Stage1] Epoch 5269 - Val R²: 0.7223 | Reg Val Loss: 0.2724
[Stage1] No improv. Best so far: 0.2723 (epoch 5254)
[Stage1] Epoch 5270 - Val R²: 0.7223 | Reg Val Loss: 0.2724
[Stage1] No improv. Best so far: 0.2723 (epoch 5254)
[Stage1] Epoch 5271 - Val R²: 0.7223 | Reg Val Loss: 0.2724
[Stage1] No improv. Best so far: 0.2723 (epoch 5254)
[Stage1] Epoch 5272 - Val R²: 0.7222 | Reg Val Loss: 0.2724
[Stage1] No improv. Best so far: 0.2723 (epoch 5254)
[Stage1] Epoch 5273 - Val R²: 0.7222 | Reg Val Loss: 0.2724
[Stage1] No improv. Best so far: 0.2723 (epoch 5254)
[Stage1] Epoch 5274 - Val R²: 0.7222 | Reg Val Loss: 0.2725
[Stage1] No improv. Best so far: 0.2723 (epoch 5254)
[Stage1] Epoch 5275 - Val R²: 0.7222 | Reg Val Loss: 0.2725
[Stage1] No improv. Best so far: 0.2723 (epoch 5254)
[Stage1] Epoch 5276 - Val R²: 0.7221 | Reg Val Loss: 0.2725
[Stage1] No improv. Best so far: 0.2723 (epoch 5254)
[Stage1] Epoch 5277 - Val R²: 0.7222 | Reg Val Loss: 0.2725
[Stage1] No improv. Best so far: 0.2723 (epoch 5254)
[Stage1] Epoch 5278 - Val R²: 0.7223 | Reg Val Loss: 0.2724
[Stage1] No improv. Best so far: 0.2723 (epoch 5254)
[Stage1] Epoch 5279 - Val R²: 0.7222 | Reg Val Loss: 0.2725
[Stage1] No improv. Best so far: 0.2723 (epoch 5254)
[Stage1] Epoch 5280 - Val R²: 0.7222 | Reg Val Loss: 0.2725
[Stage1] No improv. Best so far: 0.2723 (epoch 5254)
[Stage1] Epoch 5281 - Val R²: 0.7223 | Reg Val Loss: 0.2724
[Stage1] No improv. Best so far: 0.2723 (epoch 5254)
[Stage1] Epoch 5282 - Val R²: 0.7223 | Reg Val Loss: 0.2724
[Stage1] No improv. Best so far: 0.2723 (epoch 5254)
[Stage1] Epoch 5283 - Val R²: 0.7223 | Reg Val Loss: 0.2724
[Stage1] No improv. Best so far: 0.2723 (epoch 5254)
[Stage1] Epoch 5284 - Val R²: 0.7222 | Reg Val Loss: 0.2724
[Stage1] No improv. Best so far: 0.2723 (epoch 5254)
[Stage1] Epoch 5285 - Val R²: 0.7222 | Reg Val Loss: 0.2725
[Stage1] No improv. Best so far: 0.2723 (epoch 5254)
[Stage1] Epoch 5286 - Val R²: 0.7223 | Reg Val Loss: 0.2724
[Stage1] No improv. Best so far: 0.2723 (epoch 5254)
[Stage1] Epoch 5287 - Val R²: 0.7222 | Reg Val Loss: 0.2725
[Stage1] No improv. Best so far: 0.2723 (epoch 5254)
[Stage1] Epoch 5288 - Val R²: 0.7223 | Reg Val Loss: 0.2724
[Stage1] No improv. Best so far: 0.2723 (epoch 5254)
[Stage1] Epoch 5289 - Val R²: 0.7223 | Reg Val Loss: 0.2724
[Stage1] No improv. Best so far: 0.2723 (epoch 5254)
[Stage1] Epoch 5290 - Val R²: 0.7223 | Reg Val Loss: 0.2724
[Stage1] No improv. Best so far: 0.2723 (epoch 5254)
[Stage1] Epoch 5291 - Val R²: 0.7223 | Reg Val Loss: 0.2724
[Stage1] No improv. Best so far: 0.2723 (epoch 5254)
[Stage1] Epoch 5292 - Val R²: 0.7223 | Reg Val Loss: 0.2724
[Stage1] No improv. Best so far: 0.2723 (epoch 5254)
[Stage1] Epoch 5293 - Val R²: 0.7223 | Reg Val Loss: 0.2724
[Stage1] No improv. Best so far: 0.2723 (epoch 5254)
[Stage1] Epoch 5294 - Val R²: 0.7222 | Reg Val Loss: 0.2725
[Stage1] No improv. Best so far: 0.2723 (epoch 5254)
[Stage1] Epoch 5295 - Val R²: 0.7222 | Reg Val Loss: 0.2724
[Stage1] No improv. Best so far: 0.2723 (epoch 5254)
[Stage1] Epoch 5296 - Val R²: 0.7224 | Reg Val Loss: 0.2723
[Stage1] No improv. Best so far: 0.2723 (epoch 5254)
[Stage1] Epoch 5297 - Val R²: 0.7224 | Reg Val Loss: 0.2723
[Stage1] New best (epoch 5297) Val Loss: 0.2723 — saved: checkpoints\nnknn_regression_best_califonia_housing_softmax_fold_1_retr.pth
[Stage1] Epoch 5298 - Val R²: 0.7223 | Reg Val Loss: 0.2724
[Stage1] No improv. Best so far: 0.2723 (epoch 5297)
[Stage1] Epoch 5299 - Val R²: 0.7222 | Reg Val Loss: 0.2724
[Stage1] No improv. Best so far: 0.2723 (epoch 5297)
[Stage1] Epoch 5300 - Val R²: 0.7223 | Reg Val Loss: 0.2724
[Stage1] No improv. Best so far: 0.2723 (epoch 5297)
[Stage1] Epoch 5301 - Val R²: 0.7223 | Reg Val Loss: 0.2724
[Stage1] No improv. Best so far: 0.2723 (epoch 5297)
[Stage1] Epoch 5302 - Val R²: 0.7223 | Reg Val Loss: 0.2724
[Stage1] No improv. Best so far: 0.2723 (epoch 5297)
[Stage1] Epoch 5303 - Val R²: 0.7222 | Reg Val Loss: 0.2725
[Stage1] No improv. Best so far: 0.2723 (epoch 5297)
[Stage1] Epoch 5304 - Val R²: 0.7223 | Reg Val Loss: 0.2724
[Stage1] No improv. Best so far: 0.2723 (epoch 5297)
[Stage1] Epoch 5305 - Val R²: 0.7222 | Reg Val Loss: 0.2724
[Stage1] No improv. Best so far: 0.2723 (epoch 5297)
[Stage1] Epoch 5306 - Val R²: 0.7222 | Reg Val Loss: 0.2725
[Stage1] No improv. Best so far: 0.2723 (epoch 5297)
[Stage1] Epoch 5307 - Val R²: 0.7222 | Reg Val Loss: 0.2725
[Stage1] No improv. Best so far: 0.2723 (epoch 5297)
[Stage1] Epoch 5308 - Val R²: 0.7222 | Reg Val Loss: 0.2724
[Stage1] No improv. Best so far: 0.2723 (epoch 5297)
[Stage1] Epoch 5309 - Val R²: 0.7223 | Reg Val Loss: 0.2724
[Stage1] No improv. Best so far: 0.2723 (epoch 5297)
[Stage1] Epoch 5310 - Val R²: 0.7222 | Reg Val Loss: 0.2724
[Stage1] No improv. Best so far: 0.2723 (epoch 5297)
[Stage1] Epoch 5311 - Val R²: 0.7223 | Reg Val Loss: 0.2724
[Stage1] No improv. Best so far: 0.2723 (epoch 5297)
[Stage1] Epoch 5312 - Val R²: 0.7224 | Reg Val Loss: 0.2723
[Stage1] No improv. Best so far: 0.2723 (epoch 5297)
[Stage1] Epoch 5313 - Val R²: 0.7224 | Reg Val Loss: 0.2723
[Stage1] No improv. Best so far: 0.2723 (epoch 5297)
[Stage1] Epoch 5314 - Val R²: 0.7223 | Reg Val Loss: 0.2724
[Stage1] No improv. Best so far: 0.2723 (epoch 5297)
[Stage1] Epoch 5315 - Val R²: 0.7223 | Reg Val Loss: 0.2723
[Stage1] No improv. Best so far: 0.2723 (epoch 5297)
[Stage1] Epoch 5316 - Val R²: 0.7224 | Reg Val Loss: 0.2723
[Stage1] No improv. Best so far: 0.2723 (epoch 5297)
[Stage1] Epoch 5317 - Val R²: 0.7223 | Reg Val Loss: 0.2724
[Stage1] No improv. Best so far: 0.2723 (epoch 5297)
[Stage1] Epoch 5318 - Val R²: 0.7224 | Reg Val Loss: 0.2723
[Stage1] No improv. Best so far: 0.2723 (epoch 5297)
[Stage1] Epoch 5319 - Val R²: 0.7223 | Reg Val Loss: 0.2723
[Stage1] No improv. Best so far: 0.2723 (epoch 5297)
[Stage1] Epoch 5320 - Val R²: 0.7224 | Reg Val Loss: 0.2723
[Stage1] New best (epoch 5320) Val Loss: 0.2723 — saved: checkpoints\nnknn_regression_best_califonia_housing_softmax_fold_1_retr.pth
[Stage1] Epoch 5321 - Val R²: 0.7223 | Reg Val Loss: 0.2724
[Stage1] No improv. Best so far: 0.2723 (epoch 5320)
[Stage1] Epoch 5322 - Val R²: 0.7223 | Reg Val Loss: 0.2724
[Stage1] No improv. Best so far: 0.2723 (epoch 5320)
[Stage1] Epoch 5323 - Val R²: 0.7223 | Reg Val Loss: 0.2724
[Stage1] No improv. Best so far: 0.2723 (epoch 5320)
[Stage1] Epoch 5324 - Val R²: 0.7223 | Reg Val Loss: 0.2724
[Stage1] No improv. Best so far: 0.2723 (epoch 5320)
[Stage1] Epoch 5325 - Val R²: 0.7222 | Reg Val Loss: 0.2724
[Stage1] No improv. Best so far: 0.2723 (epoch 5320)
[Stage1] Epoch 5326 - Val R²: 0.7223 | Reg Val Loss: 0.2724
[Stage1] No improv. Best so far: 0.2723 (epoch 5320)
[Stage1] Epoch 5327 - Val R²: 0.7223 | Reg Val Loss: 0.2724
[Stage1] No improv. Best so far: 0.2723 (epoch 5320)
[Stage1] Epoch 5328 - Val R²: 0.7222 | Reg Val Loss: 0.2725
[Stage1] No improv. Best so far: 0.2723 (epoch 5320)
[Stage1] Epoch 5329 - Val R²: 0.7222 | Reg Val Loss: 0.2725
[Stage1] No improv. Best so far: 0.2723 (epoch 5320)
[Stage1] Epoch 5330 - Val R²: 0.7223 | Reg Val Loss: 0.2724
[Stage1] No improv. Best so far: 0.2723 (epoch 5320)
[Stage1] Epoch 5331 - Val R²: 0.7224 | Reg Val Loss: 0.2723
[Stage1] No improv. Best so far: 0.2723 (epoch 5320)
[Stage1] Epoch 5332 - Val R²: 0.7223 | Reg Val Loss: 0.2724
[Stage1] No improv. Best so far: 0.2723 (epoch 5320)
[Stage1] Epoch 5333 - Val R²: 0.7222 | Reg Val Loss: 0.2724
[Stage1] No improv. Best so far: 0.2723 (epoch 5320)
[Stage1] Epoch 5334 - Val R²: 0.7224 | Reg Val Loss: 0.2723
[Stage1] No improv. Best so far: 0.2723 (epoch 5320)
[Stage1] Epoch 5335 - Val R²: 0.7223 | Reg Val Loss: 0.2724
[Stage1] No improv. Best so far: 0.2723 (epoch 5320)
[Stage1] Epoch 5336 - Val R²: 0.7223 | Reg Val Loss: 0.2724
[Stage1] No improv. Best so far: 0.2723 (epoch 5320)
[Stage1] Epoch 5337 - Val R²: 0.7223 | Reg Val Loss: 0.2724
[Stage1] No improv. Best so far: 0.2723 (epoch 5320)
[Stage1] Epoch 5338 - Val R²: 0.7224 | Reg Val Loss: 0.2723
[Stage1] No improv. Best so far: 0.2723 (epoch 5320)
[Stage1] Epoch 5339 - Val R²: 0.7223 | Reg Val Loss: 0.2724
[Stage1] No improv. Best so far: 0.2723 (epoch 5320)
[Stage1] Epoch 5340 - Val R²: 0.7224 | Reg Val Loss: 0.2723
[Stage1] No improv. Best so far: 0.2723 (epoch 5320)
[Stage1] Epoch 5341 - Val R²: 0.7222 | Reg Val Loss: 0.2725
[Stage1] No improv. Best so far: 0.2723 (epoch 5320)
[Stage1] Epoch 5342 - Val R²: 0.7223 | Reg Val Loss: 0.2724
[Stage1] No improv. Best so far: 0.2723 (epoch 5320)
[Stage1] Epoch 5343 - Val R²: 0.7223 | Reg Val Loss: 0.2724
[Stage1] No improv. Best so far: 0.2723 (epoch 5320)
[Stage1] Epoch 5344 - Val R²: 0.7223 | Reg Val Loss: 0.2724
[Stage1] No improv. Best so far: 0.2723 (epoch 5320)
[Stage1] Epoch 5345 - Val R²: 0.7222 | Reg Val Loss: 0.2725
[Stage1] No improv. Best so far: 0.2723 (epoch 5320)
[Stage1] Epoch 5346 - Val R²: 0.7223 | Reg Val Loss: 0.2724
[Stage1] No improv. Best so far: 0.2723 (epoch 5320)
[Stage1] Epoch 5347 - Val R²: 0.7224 | Reg Val Loss: 0.2723
[Stage1] No improv. Best so far: 0.2723 (epoch 5320)
[Stage1] Epoch 5348 - Val R²: 0.7223 | Reg Val Loss: 0.2724
[Stage1] No improv. Best so far: 0.2723 (epoch 5320)
[Stage1] Epoch 5349 - Val R²: 0.7223 | Reg Val Loss: 0.2723
[Stage1] No improv. Best so far: 0.2723 (epoch 5320)
[Stage1] Epoch 5350 - Val R²: 0.7224 | Reg Val Loss: 0.2723
[Stage1] New best (epoch 5350) Val Loss: 0.2723 — saved: checkpoints\nnknn_regression_best_califonia_housing_softmax_fold_1_retr.pth
[Stage1] Epoch 5351 - Val R²: 0.7224 | Reg Val Loss: 0.2722
[Stage1] New best (epoch 5351) Val Loss: 0.2722 — saved: checkpoints\nnknn_regression_best_califonia_housing_softmax_fold_1_retr.pth
[Stage1] Epoch 5352 - Val R²: 0.7223 | Reg Val Loss: 0.2724
[Stage1] No improv. Best so far: 0.2722 (epoch 5351)
[Stage1] Epoch 5353 - Val R²: 0.7224 | Reg Val Loss: 0.2723
[Stage1] No improv. Best so far: 0.2722 (epoch 5351)
[Stage1] Epoch 5354 - Val R²: 0.7223 | Reg Val Loss: 0.2724
[Stage1] No improv. Best so far: 0.2722 (epoch 5351)
[Stage1] Epoch 5355 - Val R²: 0.7223 | Reg Val Loss: 0.2724
[Stage1] No improv. Best so far: 0.2722 (epoch 5351)
[Stage1] Epoch 5356 - Val R²: 0.7222 | Reg Val Loss: 0.2725
[Stage1] No improv. Best so far: 0.2722 (epoch 5351)
[Stage1] Epoch 5357 - Val R²: 0.7223 | Reg Val Loss: 0.2723
[Stage1] No improv. Best so far: 0.2722 (epoch 5351)
[Stage1] Epoch 5358 - Val R²: 0.7224 | Reg Val Loss: 0.2723
[Stage1] No improv. Best so far: 0.2722 (epoch 5351)
[Stage1] Epoch 5359 - Val R²: 0.7222 | Reg Val Loss: 0.2725
[Stage1] No improv. Best so far: 0.2722 (epoch 5351)
[Stage1] Epoch 5360 - Val R²: 0.7224 | Reg Val Loss: 0.2723
[Stage1] No improv. Best so far: 0.2722 (epoch 5351)
[Stage1] Epoch 5361 - Val R²: 0.7223 | Reg Val Loss: 0.2723
[Stage1] No improv. Best so far: 0.2722 (epoch 5351)
[Stage1] Epoch 5362 - Val R²: 0.7223 | Reg Val Loss: 0.2723
[Stage1] No improv. Best so far: 0.2722 (epoch 5351)
[Stage1] Epoch 5363 - Val R²: 0.7223 | Reg Val Loss: 0.2723
[Stage1] No improv. Best so far: 0.2722 (epoch 5351)
[Stage1] Epoch 5364 - Val R²: 0.7224 | Reg Val Loss: 0.2723
[Stage1] No improv. Best so far: 0.2722 (epoch 5351)
[Stage1] Epoch 5365 - Val R²: 0.7223 | Reg Val Loss: 0.2723
[Stage1] No improv. Best so far: 0.2722 (epoch 5351)
[Stage1] Epoch 5366 - Val R²: 0.7224 | Reg Val Loss: 0.2722
[Stage1] New best (epoch 5366) Val Loss: 0.2722 — saved: checkpoints\nnknn_regression_best_califonia_housing_softmax_fold_1_retr.pth
[Stage1] Epoch 5367 - Val R²: 0.7224 | Reg Val Loss: 0.2723
[Stage1] No improv. Best so far: 0.2722 (epoch 5366)
[Stage1] Epoch 5368 - Val R²: 0.7223 | Reg Val Loss: 0.2724
[Stage1] No improv. Best so far: 0.2722 (epoch 5366)
[Stage1] Epoch 5369 - Val R²: 0.7223 | Reg Val Loss: 0.2724
[Stage1] No improv. Best so far: 0.2722 (epoch 5366)
[Stage1] Epoch 5370 - Val R²: 0.7223 | Reg Val Loss: 0.2724
[Stage1] No improv. Best so far: 0.2722 (epoch 5366)
[Stage1] Epoch 5371 - Val R²: 0.7224 | Reg Val Loss: 0.2723
[Stage1] No improv. Best so far: 0.2722 (epoch 5366)
[Stage1] Epoch 5372 - Val R²: 0.7224 | Reg Val Loss: 0.2723
[Stage1] No improv. Best so far: 0.2722 (epoch 5366)
[Stage1] Epoch 5373 - Val R²: 0.7223 | Reg Val Loss: 0.2724
[Stage1] No improv. Best so far: 0.2722 (epoch 5366)
[Stage1] Epoch 5374 - Val R²: 0.7224 | Reg Val Loss: 0.2723
[Stage1] No improv. Best so far: 0.2722 (epoch 5366)
[Stage1] Epoch 5375 - Val R²: 0.7223 | Reg Val Loss: 0.2723
[Stage1] No improv. Best so far: 0.2722 (epoch 5366)
[Stage1] Epoch 5376 - Val R²: 0.7224 | Reg Val Loss: 0.2723
[Stage1] No improv. Best so far: 0.2722 (epoch 5366)
[Stage1] Epoch 5377 - Val R²: 0.7224 | Reg Val Loss: 0.2723
[Stage1] No improv. Best so far: 0.2722 (epoch 5366)
[Stage1] Epoch 5378 - Val R²: 0.7223 | Reg Val Loss: 0.2724
[Stage1] No improv. Best so far: 0.2722 (epoch 5366)
[Stage1] Epoch 5379 - Val R²: 0.7224 | Reg Val Loss: 0.2723
[Stage1] No improv. Best so far: 0.2722 (epoch 5366)
[Stage1] Epoch 5380 - Val R²: 0.7223 | Reg Val Loss: 0.2723
[Stage1] No improv. Best so far: 0.2722 (epoch 5366)
[Stage1] Epoch 5381 - Val R²: 0.7223 | Reg Val Loss: 0.2724
[Stage1] No improv. Best so far: 0.2722 (epoch 5366)
[Stage1] Epoch 5382 - Val R²: 0.7224 | Reg Val Loss: 0.2723
[Stage1] No improv. Best so far: 0.2722 (epoch 5366)
[Stage1] Epoch 5383 - Val R²: 0.7224 | Reg Val Loss: 0.2722
[Stage1] New best (epoch 5383) Val Loss: 0.2722 — saved: checkpoints\nnknn_regression_best_califonia_housing_softmax_fold_1_retr.pth
[Stage1] Epoch 5384 - Val R²: 0.7224 | Reg Val Loss: 0.2722
[Stage1] No improv. Best so far: 0.2722 (epoch 5383)
[Stage1] Epoch 5385 - Val R²: 0.7224 | Reg Val Loss: 0.2723
[Stage1] No improv. Best so far: 0.2722 (epoch 5383)
[Stage1] Epoch 5386 - Val R²: 0.7224 | Reg Val Loss: 0.2722
[Stage1] No improv. Best so far: 0.2722 (epoch 5383)
[Stage1] Epoch 5387 - Val R²: 0.7224 | Reg Val Loss: 0.2723
[Stage1] No improv. Best so far: 0.2722 (epoch 5383)
[Stage1] Epoch 5388 - Val R²: 0.7223 | Reg Val Loss: 0.2723
[Stage1] No improv. Best so far: 0.2722 (epoch 5383)
[Stage1] Epoch 5389 - Val R²: 0.7224 | Reg Val Loss: 0.2722
[Stage1] No improv. Best so far: 0.2722 (epoch 5383)
[Stage1] Epoch 5390 - Val R²: 0.7223 | Reg Val Loss: 0.2724
[Stage1] No improv. Best so far: 0.2722 (epoch 5383)
[Stage1] Epoch 5391 - Val R²: 0.7223 | Reg Val Loss: 0.2724
[Stage1] No improv. Best so far: 0.2722 (epoch 5383)
[Stage1] Epoch 5392 - Val R²: 0.7224 | Reg Val Loss: 0.2723
[Stage1] No improv. Best so far: 0.2722 (epoch 5383)
[Stage1] Epoch 5393 - Val R²: 0.7223 | Reg Val Loss: 0.2724
[Stage1] No improv. Best so far: 0.2722 (epoch 5383)
[Stage1] Epoch 5394 - Val R²: 0.7224 | Reg Val Loss: 0.2722
[Stage1] No improv. Best so far: 0.2722 (epoch 5383)
[Stage1] Epoch 5395 - Val R²: 0.7196 | Reg Val Loss: 0.2750
[Stage1] No improv. Best so far: 0.2722 (epoch 5383)
[Stage1] Epoch 5396 - Val R²: 0.7224 | Reg Val Loss: 0.2723
[Stage1] No improv. Best so far: 0.2722 (epoch 5383)
[Stage1] Epoch 5397 - Val R²: 0.7224 | Reg Val Loss: 0.2723
[Stage1] No improv. Best so far: 0.2722 (epoch 5383)
[Stage1] Epoch 5398 - Val R²: 0.7223 | Reg Val Loss: 0.2723
[Stage1] No improv. Best so far: 0.2722 (epoch 5383)
[Stage1] Epoch 5399 - Val R²: 0.7224 | Reg Val Loss: 0.2723
[Stage1] No improv. Best so far: 0.2722 (epoch 5383)
[Stage1] Epoch 5400 - Val R²: 0.7223 | Reg Val Loss: 0.2724
[Stage1] No improv. Best so far: 0.2722 (epoch 5383)
[Stage1] Epoch 5401 - Val R²: 0.7224 | Reg Val Loss: 0.2723
[Stage1] No improv. Best so far: 0.2722 (epoch 5383)
[Stage1] Epoch 5402 - Val R²: 0.7224 | Reg Val Loss: 0.2722
[Stage1] No improv. Best so far: 0.2722 (epoch 5383)
[Stage1] Epoch 5403 - Val R²: 0.7224 | Reg Val Loss: 0.2723
[Stage1] No improv. Best so far: 0.2722 (epoch 5383)
[Stage1] Epoch 5404 - Val R²: 0.7224 | Reg Val Loss: 0.2722
[Stage1] No improv. Best so far: 0.2722 (epoch 5383)
[Stage1] Epoch 5405 - Val R²: 0.7224 | Reg Val Loss: 0.2723
[Stage1] No improv. Best so far: 0.2722 (epoch 5383)
[Stage1] Epoch 5406 - Val R²: 0.7222 | Reg Val Loss: 0.2724
[Stage1] No improv. Best so far: 0.2722 (epoch 5383)
[Stage1] Epoch 5407 - Val R²: 0.7224 | Reg Val Loss: 0.2723
[Stage1] No improv. Best so far: 0.2722 (epoch 5383)
[Stage1] Epoch 5408 - Val R²: 0.7225 | Reg Val Loss: 0.2722
[Stage1] New best (epoch 5408) Val Loss: 0.2722 — saved: checkpoints\nnknn_regression_best_califonia_housing_softmax_fold_1_retr.pth
[Stage1] Epoch 5409 - Val R²: 0.7224 | Reg Val Loss: 0.2723
[Stage1] No improv. Best so far: 0.2722 (epoch 5408)
[Stage1] Epoch 5410 - Val R²: 0.7224 | Reg Val Loss: 0.2723
[Stage1] No improv. Best so far: 0.2722 (epoch 5408)
[Stage1] Epoch 5411 - Val R²: 0.7224 | Reg Val Loss: 0.2723
[Stage1] No improv. Best so far: 0.2722 (epoch 5408)
[Stage1] Epoch 5412 - Val R²: 0.7224 | Reg Val Loss: 0.2723
[Stage1] No improv. Best so far: 0.2722 (epoch 5408)
[Stage1] Epoch 5413 - Val R²: 0.7222 | Reg Val Loss: 0.2724
[Stage1] No improv. Best so far: 0.2722 (epoch 5408)
[Stage1] Epoch 5414 - Val R²: 0.7223 | Reg Val Loss: 0.2724
[Stage1] No improv. Best so far: 0.2722 (epoch 5408)
[Stage1] Epoch 5415 - Val R²: 0.7223 | Reg Val Loss: 0.2723
[Stage1] No improv. Best so far: 0.2722 (epoch 5408)
[Stage1] Epoch 5416 - Val R²: 0.7224 | Reg Val Loss: 0.2723
[Stage1] No improv. Best so far: 0.2722 (epoch 5408)
[Stage1] Epoch 5417 - Val R²: 0.7223 | Reg Val Loss: 0.2724
[Stage1] No improv. Best so far: 0.2722 (epoch 5408)
[Stage1] Epoch 5418 - Val R²: 0.7224 | Reg Val Loss: 0.2723
[Stage1] No improv. Best so far: 0.2722 (epoch 5408)
[Stage1] Epoch 5419 - Val R²: 0.7223 | Reg Val Loss: 0.2724
[Stage1] No improv. Best so far: 0.2722 (epoch 5408)
[Stage1] Epoch 5420 - Val R²: 0.7224 | Reg Val Loss: 0.2723
[Stage1] No improv. Best so far: 0.2722 (epoch 5408)
[Stage1] Epoch 5421 - Val R²: 0.7224 | Reg Val Loss: 0.2723
[Stage1] No improv. Best so far: 0.2722 (epoch 5408)
[Stage1] Epoch 5422 - Val R²: 0.7224 | Reg Val Loss: 0.2723
[Stage1] No improv. Best so far: 0.2722 (epoch 5408)
[Stage1] Epoch 5423 - Val R²: 0.7224 | Reg Val Loss: 0.2723
[Stage1] No improv. Best so far: 0.2722 (epoch 5408)
[Stage1] Epoch 5424 - Val R²: 0.7224 | Reg Val Loss: 0.2723
[Stage1] No improv. Best so far: 0.2722 (epoch 5408)
[Stage1] Epoch 5425 - Val R²: 0.7224 | Reg Val Loss: 0.2723
[Stage1] No improv. Best so far: 0.2722 (epoch 5408)
[Stage1] Epoch 5426 - Val R²: 0.7224 | Reg Val Loss: 0.2723
[Stage1] No improv. Best so far: 0.2722 (epoch 5408)
[Stage1] Epoch 5427 - Val R²: 0.7224 | Reg Val Loss: 0.2723
[Stage1] No improv. Best so far: 0.2722 (epoch 5408)
[Stage1] Epoch 5428 - Val R²: 0.7225 | Reg Val Loss: 0.2722
[Stage1] New best (epoch 5428) Val Loss: 0.2722 — saved: checkpoints\nnknn_regression_best_califonia_housing_softmax_fold_1_retr.pth
[Stage1] Epoch 5429 - Val R²: 0.7224 | Reg Val Loss: 0.2722
[Stage1] No improv. Best so far: 0.2722 (epoch 5428)
[Stage1] Epoch 5430 - Val R²: 0.7224 | Reg Val Loss: 0.2723
[Stage1] No improv. Best so far: 0.2722 (epoch 5428)
[Stage1] Epoch 5431 - Val R²: 0.7223 | Reg Val Loss: 0.2723
[Stage1] No improv. Best so far: 0.2722 (epoch 5428)
[Stage1] Epoch 5432 - Val R²: 0.7224 | Reg Val Loss: 0.2722
[Stage1] No improv. Best so far: 0.2722 (epoch 5428)
[Stage1] Epoch 5433 - Val R²: 0.7223 | Reg Val Loss: 0.2724
[Stage1] No improv. Best so far: 0.2722 (epoch 5428)
[Stage1] Epoch 5434 - Val R²: 0.7223 | Reg Val Loss: 0.2724
[Stage1] No improv. Best so far: 0.2722 (epoch 5428)
[Stage1] Epoch 5435 - Val R²: 0.7224 | Reg Val Loss: 0.2723
[Stage1] No improv. Best so far: 0.2722 (epoch 5428)
[Stage1] Epoch 5436 - Val R²: 0.7224 | Reg Val Loss: 0.2722
[Stage1] No improv. Best so far: 0.2722 (epoch 5428)
[Stage1] Epoch 5437 - Val R²: 0.7223 | Reg Val Loss: 0.2724
[Stage1] No improv. Best so far: 0.2722 (epoch 5428)
[Stage1] Epoch 5438 - Val R²: 0.7224 | Reg Val Loss: 0.2723
[Stage1] No improv. Best so far: 0.2722 (epoch 5428)
[Stage1] Epoch 5439 - Val R²: 0.7223 | Reg Val Loss: 0.2724
[Stage1] No improv. Best so far: 0.2722 (epoch 5428)
[Stage1] Epoch 5440 - Val R²: 0.7224 | Reg Val Loss: 0.2723
[Stage1] No improv. Best so far: 0.2722 (epoch 5428)
[Stage1] Epoch 5441 - Val R²: 0.7224 | Reg Val Loss: 0.2723
[Stage1] No improv. Best so far: 0.2722 (epoch 5428)
[Stage1] Epoch 5442 - Val R²: 0.7225 | Reg Val Loss: 0.2722
[Stage1] No improv. Best so far: 0.2722 (epoch 5428)
[Stage1] Epoch 5443 - Val R²: 0.7225 | Reg Val Loss: 0.2722
[Stage1] No improv. Best so far: 0.2722 (epoch 5428)
[Stage1] Epoch 5444 - Val R²: 0.7224 | Reg Val Loss: 0.2723
[Stage1] No improv. Best so far: 0.2722 (epoch 5428)
[Stage1] Epoch 5445 - Val R²: 0.7224 | Reg Val Loss: 0.2722
[Stage1] No improv. Best so far: 0.2722 (epoch 5428)
[Stage1] Epoch 5446 - Val R²: 0.7224 | Reg Val Loss: 0.2723
[Stage1] No improv. Best so far: 0.2722 (epoch 5428)
[Stage1] Epoch 5447 - Val R²: 0.7225 | Reg Val Loss: 0.2722
[Stage1] New best (epoch 5447) Val Loss: 0.2722 — saved: checkpoints\nnknn_regression_best_califonia_housing_softmax_fold_1_retr.pth
[Stage1] Epoch 5448 - Val R²: 0.7224 | Reg Val Loss: 0.2723
[Stage1] No improv. Best so far: 0.2722 (epoch 5447)
[Stage1] Epoch 5449 - Val R²: 0.7223 | Reg Val Loss: 0.2724
[Stage1] No improv. Best so far: 0.2722 (epoch 5447)
[Stage1] Epoch 5450 - Val R²: 0.7225 | Reg Val Loss: 0.2722
[Stage1] No improv. Best so far: 0.2722 (epoch 5447)
[Stage1] Epoch 5451 - Val R²: 0.7225 | Reg Val Loss: 0.2722
[Stage1] No improv. Best so far: 0.2722 (epoch 5447)
[Stage1] Epoch 5452 - Val R²: 0.7225 | Reg Val Loss: 0.2722
[Stage1] No improv. Best so far: 0.2722 (epoch 5447)
[Stage1] Epoch 5453 - Val R²: 0.7224 | Reg Val Loss: 0.2723
[Stage1] No improv. Best so far: 0.2722 (epoch 5447)
[Stage1] Epoch 5454 - Val R²: 0.7225 | Reg Val Loss: 0.2722
[Stage1] No improv. Best so far: 0.2722 (epoch 5447)
[Stage1] Epoch 5455 - Val R²: 0.7225 | Reg Val Loss: 0.2722
[Stage1] No improv. Best so far: 0.2722 (epoch 5447)
[Stage1] Epoch 5456 - Val R²: 0.7224 | Reg Val Loss: 0.2723
[Stage1] No improv. Best so far: 0.2722 (epoch 5447)
[Stage1] Epoch 5457 - Val R²: 0.7225 | Reg Val Loss: 0.2722
[Stage1] New best (epoch 5457) Val Loss: 0.2722 — saved: checkpoints\nnknn_regression_best_califonia_housing_softmax_fold_1_retr.pth
[Stage1] Epoch 5458 - Val R²: 0.7225 | Reg Val Loss: 0.2722
[Stage1] No improv. Best so far: 0.2722 (epoch 5457)
[Stage1] Epoch 5459 - Val R²: 0.7225 | Reg Val Loss: 0.2722
[Stage1] No improv. Best so far: 0.2722 (epoch 5457)
[Stage1] Epoch 5460 - Val R²: 0.7224 | Reg Val Loss: 0.2723
[Stage1] No improv. Best so far: 0.2722 (epoch 5457)
[Stage1] Epoch 5461 - Val R²: 0.7224 | Reg Val Loss: 0.2723
[Stage1] No improv. Best so far: 0.2722 (epoch 5457)
[Stage1] Epoch 5462 - Val R²: 0.7223 | Reg Val Loss: 0.2724
[Stage1] No improv. Best so far: 0.2722 (epoch 5457)
[Stage1] Epoch 5463 - Val R²: 0.7224 | Reg Val Loss: 0.2723
[Stage1] No improv. Best so far: 0.2722 (epoch 5457)
[Stage1] Epoch 5464 - Val R²: 0.7224 | Reg Val Loss: 0.2723
[Stage1] No improv. Best so far: 0.2722 (epoch 5457)
[Stage1] Epoch 5465 - Val R²: 0.7224 | Reg Val Loss: 0.2723
[Stage1] No improv. Best so far: 0.2722 (epoch 5457)
[Stage1] Epoch 5466 - Val R²: 0.7224 | Reg Val Loss: 0.2723
[Stage1] No improv. Best so far: 0.2722 (epoch 5457)
[Stage1] Epoch 5467 - Val R²: 0.7223 | Reg Val Loss: 0.2724
[Stage1] No improv. Best so far: 0.2722 (epoch 5457)
[Stage1] Epoch 5468 - Val R²: 0.7224 | Reg Val Loss: 0.2723
[Stage1] No improv. Best so far: 0.2722 (epoch 5457)
[Stage1] Epoch 5469 - Val R²: 0.7223 | Reg Val Loss: 0.2723
[Stage1] No improv. Best so far: 0.2722 (epoch 5457)
[Stage1] Epoch 5470 - Val R²: 0.7224 | Reg Val Loss: 0.2723
[Stage1] No improv. Best so far: 0.2722 (epoch 5457)
[Stage1] Epoch 5471 - Val R²: 0.7224 | Reg Val Loss: 0.2723
[Stage1] No improv. Best so far: 0.2722 (epoch 5457)
[Stage1] Epoch 5472 - Val R²: 0.7225 | Reg Val Loss: 0.2722
[Stage1] No improv. Best so far: 0.2722 (epoch 5457)
[Stage1] Epoch 5473 - Val R²: 0.7223 | Reg Val Loss: 0.2723
[Stage1] No improv. Best so far: 0.2722 (epoch 5457)
[Stage1] Epoch 5474 - Val R²: 0.7226 | Reg Val Loss: 0.2721
[Stage1] New best (epoch 5474) Val Loss: 0.2721 — saved: checkpoints\nnknn_regression_best_califonia_housing_softmax_fold_1_retr.pth
[Stage1] Epoch 5475 - Val R²: 0.7224 | Reg Val Loss: 0.2723
[Stage1] No improv. Best so far: 0.2721 (epoch 5474)
[Stage1] Epoch 5476 - Val R²: 0.7224 | Reg Val Loss: 0.2723
[Stage1] No improv. Best so far: 0.2721 (epoch 5474)
[Stage1] Epoch 5477 - Val R²: 0.7224 | Reg Val Loss: 0.2723
[Stage1] No improv. Best so far: 0.2721 (epoch 5474)
[Stage1] Epoch 5478 - Val R²: 0.7224 | Reg Val Loss: 0.2723
[Stage1] No improv. Best so far: 0.2721 (epoch 5474)
[Stage1] Epoch 5479 - Val R²: 0.7224 | Reg Val Loss: 0.2723
[Stage1] No improv. Best so far: 0.2721 (epoch 5474)
[Stage1] Epoch 5480 - Val R²: 0.7225 | Reg Val Loss: 0.2722
[Stage1] No improv. Best so far: 0.2721 (epoch 5474)
[Stage1] Epoch 5481 - Val R²: 0.7224 | Reg Val Loss: 0.2723
[Stage1] No improv. Best so far: 0.2721 (epoch 5474)
[Stage1] Epoch 5482 - Val R²: 0.7225 | Reg Val Loss: 0.2722
[Stage1] No improv. Best so far: 0.2721 (epoch 5474)
[Stage1] Epoch 5483 - Val R²: 0.7226 | Reg Val Loss: 0.2721
[Stage1] No improv. Best so far: 0.2721 (epoch 5474)
[Stage1] Epoch 5484 - Val R²: 0.7225 | Reg Val Loss: 0.2722
[Stage1] No improv. Best so far: 0.2721 (epoch 5474)
[Stage1] Epoch 5485 - Val R²: 0.7225 | Reg Val Loss: 0.2722
[Stage1] No improv. Best so far: 0.2721 (epoch 5474)
[Stage1] Epoch 5486 - Val R²: 0.7225 | Reg Val Loss: 0.2722
[Stage1] No improv. Best so far: 0.2721 (epoch 5474)
[Stage1] Epoch 5487 - Val R²: 0.7223 | Reg Val Loss: 0.2724
[Stage1] No improv. Best so far: 0.2721 (epoch 5474)
[Stage1] Epoch 5488 - Val R²: 0.7223 | Reg Val Loss: 0.2724
[Stage1] No improv. Best so far: 0.2721 (epoch 5474)
[Stage1] Epoch 5489 - Val R²: 0.7225 | Reg Val Loss: 0.2722
[Stage1] No improv. Best so far: 0.2721 (epoch 5474)
[Stage1] Epoch 5490 - Val R²: 0.7223 | Reg Val Loss: 0.2723
[Stage1] No improv. Best so far: 0.2721 (epoch 5474)
[Stage1] Epoch 5491 - Val R²: 0.7224 | Reg Val Loss: 0.2722
[Stage1] No improv. Best so far: 0.2721 (epoch 5474)
[Stage1] Epoch 5492 - Val R²: 0.7224 | Reg Val Loss: 0.2723
[Stage1] No improv. Best so far: 0.2721 (epoch 5474)
[Stage1] Epoch 5493 - Val R²: 0.7224 | Reg Val Loss: 0.2722
[Stage1] No improv. Best so far: 0.2721 (epoch 5474)
[Stage1] Epoch 5494 - Val R²: 0.7225 | Reg Val Loss: 0.2722
[Stage1] No improv. Best so far: 0.2721 (epoch 5474)
[Stage1] Epoch 5495 - Val R²: 0.7225 | Reg Val Loss: 0.2722
[Stage1] No improv. Best so far: 0.2721 (epoch 5474)
[Stage1] Epoch 5496 - Val R²: 0.7224 | Reg Val Loss: 0.2723
[Stage1] No improv. Best so far: 0.2721 (epoch 5474)
[Stage1] Epoch 5497 - Val R²: 0.7225 | Reg Val Loss: 0.2722
[Stage1] No improv. Best so far: 0.2721 (epoch 5474)
[Stage1] Epoch 5498 - Val R²: 0.7224 | Reg Val Loss: 0.2723
[Stage1] No improv. Best so far: 0.2721 (epoch 5474)
[Stage1] Epoch 5499 - Val R²: 0.7224 | Reg Val Loss: 0.2723
[Stage1] No improv. Best so far: 0.2721 (epoch 5474)
[Stage1] Epoch 5500 - Val R²: 0.7225 | Reg Val Loss: 0.2722
[Stage1] No improv. Best so far: 0.2721 (epoch 5474)
[Stage1] Epoch 5501 - Val R²: 0.7225 | Reg Val Loss: 0.2722
[Stage1] No improv. Best so far: 0.2721 (epoch 5474)
[Stage1] Epoch 5502 - Val R²: 0.7225 | Reg Val Loss: 0.2722
[Stage1] No improv. Best so far: 0.2721 (epoch 5474)
[Stage1] Epoch 5503 - Val R²: 0.7225 | Reg Val Loss: 0.2721
[Stage1] No improv. Best so far: 0.2721 (epoch 5474)
[Stage1] Epoch 5504 - Val R²: 0.7225 | Reg Val Loss: 0.2722
[Stage1] No improv. Best so far: 0.2721 (epoch 5474)
[Stage1] Epoch 5505 - Val R²: 0.7225 | Reg Val Loss: 0.2722
[Stage1] No improv. Best so far: 0.2721 (epoch 5474)
[Stage1] Epoch 5506 - Val R²: 0.7224 | Reg Val Loss: 0.2723
[Stage1] No improv. Best so far: 0.2721 (epoch 5474)
[Stage1] Epoch 5507 - Val R²: 0.7225 | Reg Val Loss: 0.2722
[Stage1] No improv. Best so far: 0.2721 (epoch 5474)
[Stage1] Epoch 5508 - Val R²: 0.7225 | Reg Val Loss: 0.2722
[Stage1] No improv. Best so far: 0.2721 (epoch 5474)
[Stage1] Epoch 5509 - Val R²: 0.7225 | Reg Val Loss: 0.2722
[Stage1] No improv. Best so far: 0.2721 (epoch 5474)
[Stage1] Epoch 5510 - Val R²: 0.7226 | Reg Val Loss: 0.2721
[Stage1] New best (epoch 5510) Val Loss: 0.2721 — saved: checkpoints\nnknn_regression_best_califonia_housing_softmax_fold_1_retr.pth
[Stage1] Epoch 5511 - Val R²: 0.7225 | Reg Val Loss: 0.2722
[Stage1] No improv. Best so far: 0.2721 (epoch 5510)
[Stage1] Epoch 5512 - Val R²: 0.7225 | Reg Val Loss: 0.2722
[Stage1] No improv. Best so far: 0.2721 (epoch 5510)
[Stage1] Epoch 5513 - Val R²: 0.7225 | Reg Val Loss: 0.2722
[Stage1] No improv. Best so far: 0.2721 (epoch 5510)
[Stage1] Epoch 5514 - Val R²: 0.7226 | Reg Val Loss: 0.2721
[Stage1] No improv. Best so far: 0.2721 (epoch 5510)
[Stage1] Epoch 5515 - Val R²: 0.7224 | Reg Val Loss: 0.2723
[Stage1] No improv. Best so far: 0.2721 (epoch 5510)
[Stage1] Epoch 5516 - Val R²: 0.7224 | Reg Val Loss: 0.2723
[Stage1] No improv. Best so far: 0.2721 (epoch 5510)
[Stage1] Epoch 5517 - Val R²: 0.7225 | Reg Val Loss: 0.2722
[Stage1] No improv. Best so far: 0.2721 (epoch 5510)
[Stage1] Epoch 5518 - Val R²: 0.7223 | Reg Val Loss: 0.2724
[Stage1] No improv. Best so far: 0.2721 (epoch 5510)
[Stage1] Epoch 5519 - Val R²: 0.7224 | Reg Val Loss: 0.2723
[Stage1] No improv. Best so far: 0.2721 (epoch 5510)
[Stage1] Epoch 5520 - Val R²: 0.7225 | Reg Val Loss: 0.2722
[Stage1] No improv. Best so far: 0.2721 (epoch 5510)
[Stage1] Epoch 5521 - Val R²: 0.7225 | Reg Val Loss: 0.2721
[Stage1] No improv. Best so far: 0.2721 (epoch 5510)
[Stage1] Epoch 5522 - Val R²: 0.7225 | Reg Val Loss: 0.2722
[Stage1] No improv. Best so far: 0.2721 (epoch 5510)
[Stage1] Epoch 5523 - Val R²: 0.7225 | Reg Val Loss: 0.2722
[Stage1] No improv. Best so far: 0.2721 (epoch 5510)
[Stage1] Epoch 5524 - Val R²: 0.7224 | Reg Val Loss: 0.2722
[Stage1] No improv. Best so far: 0.2721 (epoch 5510)
[Stage1] Epoch 5525 - Val R²: 0.7225 | Reg Val Loss: 0.2722
[Stage1] No improv. Best so far: 0.2721 (epoch 5510)
[Stage1] Epoch 5526 - Val R²: 0.7225 | Reg Val Loss: 0.2722
[Stage1] No improv. Best so far: 0.2721 (epoch 5510)
[Stage1] Epoch 5527 - Val R²: 0.7226 | Reg Val Loss: 0.2721
[Stage1] No improv. Best so far: 0.2721 (epoch 5510)
[Stage1] Epoch 5528 - Val R²: 0.7225 | Reg Val Loss: 0.2722
[Stage1] No improv. Best so far: 0.2721 (epoch 5510)
[Stage1] Epoch 5529 - Val R²: 0.7225 | Reg Val Loss: 0.2722
[Stage1] No improv. Best so far: 0.2721 (epoch 5510)
[Stage1] Epoch 5530 - Val R²: 0.7225 | Reg Val Loss: 0.2722
[Stage1] No improv. Best so far: 0.2721 (epoch 5510)
[Stage1] Epoch 5531 - Val R²: 0.7224 | Reg Val Loss: 0.2723
[Stage1] No improv. Best so far: 0.2721 (epoch 5510)
[Stage1] Epoch 5532 - Val R²: 0.7226 | Reg Val Loss: 0.2721
[Stage1] New best (epoch 5532) Val Loss: 0.2721 — saved: checkpoints\nnknn_regression_best_califonia_housing_softmax_fold_1_retr.pth
[Stage1] Epoch 5533 - Val R²: 0.7225 | Reg Val Loss: 0.2721
[Stage1] No improv. Best so far: 0.2721 (epoch 5532)
[Stage1] Epoch 5534 - Val R²: 0.7225 | Reg Val Loss: 0.2721
[Stage1] No improv. Best so far: 0.2721 (epoch 5532)
[Stage1] Epoch 5535 - Val R²: 0.7225 | Reg Val Loss: 0.2722
[Stage1] No improv. Best so far: 0.2721 (epoch 5532)
[Stage1] Epoch 5536 - Val R²: 0.7225 | Reg Val Loss: 0.2722
[Stage1] No improv. Best so far: 0.2721 (epoch 5532)
[Stage1] Epoch 5537 - Val R²: 0.7226 | Reg Val Loss: 0.2721
[Stage1] No improv. Best so far: 0.2721 (epoch 5532)
[Stage1] Epoch 5538 - Val R²: 0.7226 | Reg Val Loss: 0.2721
[Stage1] New best (epoch 5538) Val Loss: 0.2721 — saved: checkpoints\nnknn_regression_best_califonia_housing_softmax_fold_1_retr.pth
[Stage1] Epoch 5539 - Val R²: 0.7225 | Reg Val Loss: 0.2721
[Stage1] No improv. Best so far: 0.2721 (epoch 5538)
[Stage1] Epoch 5540 - Val R²: 0.7226 | Reg Val Loss: 0.2721
[Stage1] No improv. Best so far: 0.2721 (epoch 5538)
[Stage1] Epoch 5541 - Val R²: 0.7225 | Reg Val Loss: 0.2722
[Stage1] No improv. Best so far: 0.2721 (epoch 5538)
[Stage1] Epoch 5542 - Val R²: 0.7225 | Reg Val Loss: 0.2722
[Stage1] No improv. Best so far: 0.2721 (epoch 5538)
[Stage1] Epoch 5543 - Val R²: 0.7225 | Reg Val Loss: 0.2722
[Stage1] No improv. Best so far: 0.2721 (epoch 5538)
[Stage1] Epoch 5544 - Val R²: 0.7226 | Reg Val Loss: 0.2721
[Stage1] No improv. Best so far: 0.2721 (epoch 5538)
[Stage1] Epoch 5545 - Val R²: 0.7226 | Reg Val Loss: 0.2721
[Stage1] New best (epoch 5545) Val Loss: 0.2721 — saved: checkpoints\nnknn_regression_best_califonia_housing_softmax_fold_1_retr.pth
[Stage1] Epoch 5546 - Val R²: 0.7225 | Reg Val Loss: 0.2722
[Stage1] No improv. Best so far: 0.2721 (epoch 5545)
[Stage1] Epoch 5547 - Val R²: 0.7224 | Reg Val Loss: 0.2723
[Stage1] No improv. Best so far: 0.2721 (epoch 5545)
[Stage1] Epoch 5548 - Val R²: 0.7225 | Reg Val Loss: 0.2722
[Stage1] No improv. Best so far: 0.2721 (epoch 5545)
[Stage1] Epoch 5549 - Val R²: 0.7224 | Reg Val Loss: 0.2723
[Stage1] No improv. Best so far: 0.2721 (epoch 5545)
[Stage1] Epoch 5550 - Val R²: 0.7225 | Reg Val Loss: 0.2722
[Stage1] No improv. Best so far: 0.2721 (epoch 5545)
[Stage1] Epoch 5551 - Val R²: 0.7225 | Reg Val Loss: 0.2722
[Stage1] No improv. Best so far: 0.2721 (epoch 5545)
[Stage1] Epoch 5552 - Val R²: 0.7225 | Reg Val Loss: 0.2722
[Stage1] No improv. Best so far: 0.2721 (epoch 5545)
[Stage1] Epoch 5553 - Val R²: 0.7225 | Reg Val Loss: 0.2722
[Stage1] No improv. Best so far: 0.2721 (epoch 5545)
[Stage1] Epoch 5554 - Val R²: 0.7224 | Reg Val Loss: 0.2723
[Stage1] No improv. Best so far: 0.2721 (epoch 5545)
[Stage1] Epoch 5555 - Val R²: 0.7226 | Reg Val Loss: 0.2721
[Stage1] No improv. Best so far: 0.2721 (epoch 5545)
[Stage1] Epoch 5556 - Val R²: 0.7224 | Reg Val Loss: 0.2723
[Stage1] No improv. Best so far: 0.2721 (epoch 5545)
[Stage1] Epoch 5557 - Val R²: 0.7225 | Reg Val Loss: 0.2722
[Stage1] No improv. Best so far: 0.2721 (epoch 5545)
[Stage1] Epoch 5558 - Val R²: 0.7225 | Reg Val Loss: 0.2722
[Stage1] No improv. Best so far: 0.2721 (epoch 5545)
[Stage1] Epoch 5559 - Val R²: 0.7225 | Reg Val Loss: 0.2722
[Stage1] No improv. Best so far: 0.2721 (epoch 5545)
[Stage1] Epoch 5560 - Val R²: 0.7225 | Reg Val Loss: 0.2722
[Stage1] No improv. Best so far: 0.2721 (epoch 5545)
[Stage1] Epoch 5561 - Val R²: 0.7225 | Reg Val Loss: 0.2722
[Stage1] No improv. Best so far: 0.2721 (epoch 5545)
[Stage1] Epoch 5562 - Val R²: 0.7224 | Reg Val Loss: 0.2723
[Stage1] No improv. Best so far: 0.2721 (epoch 5545)
[Stage1] Epoch 5563 - Val R²: 0.7224 | Reg Val Loss: 0.2723
[Stage1] No improv. Best so far: 0.2721 (epoch 5545)
[Stage1] Epoch 5564 - Val R²: 0.7224 | Reg Val Loss: 0.2722
[Stage1] No improv. Best so far: 0.2721 (epoch 5545)
[Stage1] Epoch 5565 - Val R²: 0.7224 | Reg Val Loss: 0.2723
[Stage1] No improv. Best so far: 0.2721 (epoch 5545)
[Stage1] Epoch 5566 - Val R²: 0.7224 | Reg Val Loss: 0.2723
[Stage1] No improv. Best so far: 0.2721 (epoch 5545)
[Stage1] Epoch 5567 - Val R²: 0.7226 | Reg Val Loss: 0.2721
[Stage1] New best (epoch 5567) Val Loss: 0.2721 — saved: checkpoints\nnknn_regression_best_califonia_housing_softmax_fold_1_retr.pth
[Stage1] Epoch 5568 - Val R²: 0.7226 | Reg Val Loss: 0.2721
[Stage1] No improv. Best so far: 0.2721 (epoch 5567)
[Stage1] Epoch 5569 - Val R²: 0.7225 | Reg Val Loss: 0.2722
[Stage1] No improv. Best so far: 0.2721 (epoch 5567)
[Stage1] Epoch 5570 - Val R²: 0.7226 | Reg Val Loss: 0.2721
[Stage1] No improv. Best so far: 0.2721 (epoch 5567)
[Stage1] Epoch 5571 - Val R²: 0.7226 | Reg Val Loss: 0.2721
[Stage1] No improv. Best so far: 0.2721 (epoch 5567)
[Stage1] Epoch 5572 - Val R²: 0.7225 | Reg Val Loss: 0.2722
[Stage1] No improv. Best so far: 0.2721 (epoch 5567)
[Stage1] Epoch 5573 - Val R²: 0.7225 | Reg Val Loss: 0.2722
[Stage1] No improv. Best so far: 0.2721 (epoch 5567)
[Stage1] Epoch 5574 - Val R²: 0.7224 | Reg Val Loss: 0.2723
[Stage1] No improv. Best so far: 0.2721 (epoch 5567)
[Stage1] Epoch 5575 - Val R²: 0.7225 | Reg Val Loss: 0.2722
[Stage1] No improv. Best so far: 0.2721 (epoch 5567)
[Stage1] Epoch 5576 - Val R²: 0.7225 | Reg Val Loss: 0.2722
[Stage1] No improv. Best so far: 0.2721 (epoch 5567)
[Stage1] Epoch 5577 - Val R²: 0.7225 | Reg Val Loss: 0.2722
[Stage1] No improv. Best so far: 0.2721 (epoch 5567)
[Stage1] Epoch 5578 - Val R²: 0.7225 | Reg Val Loss: 0.2721
[Stage1] No improv. Best so far: 0.2721 (epoch 5567)
[Stage1] Epoch 5579 - Val R²: 0.7225 | Reg Val Loss: 0.2722
[Stage1] No improv. Best so far: 0.2721 (epoch 5567)
[Stage1] Epoch 5580 - Val R²: 0.7224 | Reg Val Loss: 0.2722
[Stage1] No improv. Best so far: 0.2721 (epoch 5567)
[Stage1] Epoch 5581 - Val R²: 0.7226 | Reg Val Loss: 0.2721
[Stage1] No improv. Best so far: 0.2721 (epoch 5567)
[Stage1] Epoch 5582 - Val R²: 0.7225 | Reg Val Loss: 0.2722
[Stage1] No improv. Best so far: 0.2721 (epoch 5567)
[Stage1] Epoch 5583 - Val R²: 0.7224 | Reg Val Loss: 0.2722
[Stage1] No improv. Best so far: 0.2721 (epoch 5567)
[Stage1] Epoch 5584 - Val R²: 0.7226 | Reg Val Loss: 0.2721
[Stage1] No improv. Best so far: 0.2721 (epoch 5567)
[Stage1] Epoch 5585 - Val R²: 0.7225 | Reg Val Loss: 0.2722
[Stage1] No improv. Best so far: 0.2721 (epoch 5567)
[Stage1] Epoch 5586 - Val R²: 0.7225 | Reg Val Loss: 0.2722
[Stage1] No improv. Best so far: 0.2721 (epoch 5567)
[Stage1] Epoch 5587 - Val R²: 0.7226 | Reg Val Loss: 0.2721
[Stage1] No improv. Best so far: 0.2721 (epoch 5567)
[Stage1] Epoch 5588 - Val R²: 0.7225 | Reg Val Loss: 0.2722
[Stage1] No improv. Best so far: 0.2721 (epoch 5567)
[Stage1] Epoch 5589 - Val R²: 0.7226 | Reg Val Loss: 0.2721
[Stage1] New best (epoch 5589) Val Loss: 0.2721 — saved: checkpoints\nnknn_regression_best_califonia_housing_softmax_fold_1_retr.pth
[Stage1] Epoch 5590 - Val R²: 0.7226 | Reg Val Loss: 0.2721
[Stage1] No improv. Best so far: 0.2721 (epoch 5589)
[Stage1] Epoch 5591 - Val R²: 0.7226 | Reg Val Loss: 0.2721
[Stage1] No improv. Best so far: 0.2721 (epoch 5589)
[Stage1] Epoch 5592 - Val R²: 0.7225 | Reg Val Loss: 0.2722
[Stage1] No improv. Best so far: 0.2721 (epoch 5589)
[Stage1] Epoch 5593 - Val R²: 0.7225 | Reg Val Loss: 0.2722
[Stage1] No improv. Best so far: 0.2721 (epoch 5589)
[Stage1] Epoch 5594 - Val R²: 0.7224 | Reg Val Loss: 0.2723
[Stage1] No improv. Best so far: 0.2721 (epoch 5589)
[Stage1] Epoch 5595 - Val R²: 0.7225 | Reg Val Loss: 0.2722
[Stage1] No improv. Best so far: 0.2721 (epoch 5589)
[Stage1] Epoch 5596 - Val R²: 0.7225 | Reg Val Loss: 0.2722
[Stage1] No improv. Best so far: 0.2721 (epoch 5589)
[Stage1] Epoch 5597 - Val R²: 0.7225 | Reg Val Loss: 0.2722
[Stage1] No improv. Best so far: 0.2721 (epoch 5589)
[Stage1] Epoch 5598 - Val R²: 0.7225 | Reg Val Loss: 0.2722
[Stage1] No improv. Best so far: 0.2721 (epoch 5589)
[Stage1] Epoch 5599 - Val R²: 0.7225 | Reg Val Loss: 0.2722
[Stage1] No improv. Best so far: 0.2721 (epoch 5589)
[Stage1] Epoch 5600 - Val R²: 0.7225 | Reg Val Loss: 0.2722
[Stage1] No improv. Best so far: 0.2721 (epoch 5589)
[Stage1] Epoch 5601 - Val R²: 0.7225 | Reg Val Loss: 0.2722
[Stage1] No improv. Best so far: 0.2721 (epoch 5589)
[Stage1] Epoch 5602 - Val R²: 0.7225 | Reg Val Loss: 0.2722
[Stage1] No improv. Best so far: 0.2721 (epoch 5589)
[Stage1] Epoch 5603 - Val R²: 0.7225 | Reg Val Loss: 0.2722
[Stage1] No improv. Best so far: 0.2721 (epoch 5589)
[Stage1] Epoch 5604 - Val R²: 0.7224 | Reg Val Loss: 0.2723
[Stage1] No improv. Best so far: 0.2721 (epoch 5589)
[Stage1] Epoch 5605 - Val R²: 0.7226 | Reg Val Loss: 0.2721
[Stage1] No improv. Best so far: 0.2721 (epoch 5589)
[Stage1] Epoch 5606 - Val R²: 0.7226 | Reg Val Loss: 0.2721
[Stage1] No improv. Best so far: 0.2721 (epoch 5589)
[Stage1] Epoch 5607 - Val R²: 0.7226 | Reg Val Loss: 0.2721
[Stage1] No improv. Best so far: 0.2721 (epoch 5589)
[Stage1] Epoch 5608 - Val R²: 0.7226 | Reg Val Loss: 0.2721
[Stage1] No improv. Best so far: 0.2721 (epoch 5589)
[Stage1] Epoch 5609 - Val R²: 0.7226 | Reg Val Loss: 0.2721
[Stage1] No improv. Best so far: 0.2721 (epoch 5589)
[Stage1] Epoch 5610 - Val R²: 0.7226 | Reg Val Loss: 0.2721
[Stage1] No improv. Best so far: 0.2721 (epoch 5589)
[Stage1] Epoch 5611 - Val R²: 0.7226 | Reg Val Loss: 0.2721
[Stage1] No improv. Best so far: 0.2721 (epoch 5589)
[Stage1] Epoch 5612 - Val R²: 0.7227 | Reg Val Loss: 0.2720
[Stage1] New best (epoch 5612) Val Loss: 0.2720 — saved: checkpoints\nnknn_regression_best_califonia_housing_softmax_fold_1_retr.pth
[Stage1] Epoch 5613 - Val R²: 0.7226 | Reg Val Loss: 0.2721
[Stage1] No improv. Best so far: 0.2720 (epoch 5612)
[Stage1] Epoch 5614 - Val R²: 0.7225 | Reg Val Loss: 0.2722
[Stage1] No improv. Best so far: 0.2720 (epoch 5612)
[Stage1] Epoch 5615 - Val R²: 0.7225 | Reg Val Loss: 0.2722
[Stage1] No improv. Best so far: 0.2720 (epoch 5612)
[Stage1] Epoch 5616 - Val R²: 0.7226 | Reg Val Loss: 0.2721
[Stage1] No improv. Best so far: 0.2720 (epoch 5612)
[Stage1] Epoch 5617 - Val R²: 0.7225 | Reg Val Loss: 0.2721
[Stage1] No improv. Best so far: 0.2720 (epoch 5612)
[Stage1] Epoch 5618 - Val R²: 0.7225 | Reg Val Loss: 0.2722
[Stage1] No improv. Best so far: 0.2720 (epoch 5612)
[Stage1] Epoch 5619 - Val R²: 0.7226 | Reg Val Loss: 0.2721
[Stage1] No improv. Best so far: 0.2720 (epoch 5612)
[Stage1] Epoch 5620 - Val R²: 0.7224 | Reg Val Loss: 0.2723
[Stage1] No improv. Best so far: 0.2720 (epoch 5612)
[Stage1] Epoch 5621 - Val R²: 0.7225 | Reg Val Loss: 0.2722
[Stage1] No improv. Best so far: 0.2720 (epoch 5612)
[Stage1] Epoch 5622 - Val R²: 0.7225 | Reg Val Loss: 0.2722
[Stage1] No improv. Best so far: 0.2720 (epoch 5612)
[Stage1] Epoch 5623 - Val R²: 0.7225 | Reg Val Loss: 0.2722
[Stage1] No improv. Best so far: 0.2720 (epoch 5612)
[Stage1] Epoch 5624 - Val R²: 0.7224 | Reg Val Loss: 0.2723
[Stage1] No improv. Best so far: 0.2720 (epoch 5612)
[Stage1] Epoch 5625 - Val R²: 0.7225 | Reg Val Loss: 0.2722
[Stage1] No improv. Best so far: 0.2720 (epoch 5612)
[Stage1] Epoch 5626 - Val R²: 0.7225 | Reg Val Loss: 0.2722
[Stage1] No improv. Best so far: 0.2720 (epoch 5612)
[Stage1] Epoch 5627 - Val R²: 0.7227 | Reg Val Loss: 0.2720
[Stage1] New best (epoch 5627) Val Loss: 0.2720 — saved: checkpoints\nnknn_regression_best_califonia_housing_softmax_fold_1_retr.pth
[Stage1] Epoch 5628 - Val R²: 0.7224 | Reg Val Loss: 0.2722
[Stage1] No improv. Best so far: 0.2720 (epoch 5627)
[Stage1] Epoch 5629 - Val R²: 0.7226 | Reg Val Loss: 0.2721
[Stage1] No improv. Best so far: 0.2720 (epoch 5627)
[Stage1] Epoch 5630 - Val R²: 0.7226 | Reg Val Loss: 0.2721
[Stage1] No improv. Best so far: 0.2720 (epoch 5627)
[Stage1] Epoch 5631 - Val R²: 0.7225 | Reg Val Loss: 0.2722
[Stage1] No improv. Best so far: 0.2720 (epoch 5627)
[Stage1] Epoch 5632 - Val R²: 0.7225 | Reg Val Loss: 0.2722
[Stage1] No improv. Best so far: 0.2720 (epoch 5627)
[Stage1] Epoch 5633 - Val R²: 0.7226 | Reg Val Loss: 0.2721
[Stage1] No improv. Best so far: 0.2720 (epoch 5627)
[Stage1] Epoch 5634 - Val R²: 0.7225 | Reg Val Loss: 0.2722
[Stage1] No improv. Best so far: 0.2720 (epoch 5627)
[Stage1] Epoch 5635 - Val R²: 0.7226 | Reg Val Loss: 0.2721
[Stage1] No improv. Best so far: 0.2720 (epoch 5627)
[Stage1] Epoch 5636 - Val R²: 0.7226 | Reg Val Loss: 0.2721
[Stage1] No improv. Best so far: 0.2720 (epoch 5627)
[Stage1] Epoch 5637 - Val R²: 0.7225 | Reg Val Loss: 0.2722
[Stage1] No improv. Best so far: 0.2720 (epoch 5627)
[Stage1] Epoch 5638 - Val R²: 0.7225 | Reg Val Loss: 0.2722
[Stage1] No improv. Best so far: 0.2720 (epoch 5627)
[Stage1] Epoch 5639 - Val R²: 0.7225 | Reg Val Loss: 0.2722
[Stage1] No improv. Best so far: 0.2720 (epoch 5627)
[Stage1] Epoch 5640 - Val R²: 0.7225 | Reg Val Loss: 0.2722
[Stage1] No improv. Best so far: 0.2720 (epoch 5627)
[Stage1] Epoch 5641 - Val R²: 0.7224 | Reg Val Loss: 0.2723
[Stage1] No improv. Best so far: 0.2720 (epoch 5627)
[Stage1] Epoch 5642 - Val R²: 0.7226 | Reg Val Loss: 0.2721
[Stage1] No improv. Best so far: 0.2720 (epoch 5627)
[Stage1] Epoch 5643 - Val R²: 0.7225 | Reg Val Loss: 0.2722
[Stage1] No improv. Best so far: 0.2720 (epoch 5627)
[Stage1] Epoch 5644 - Val R²: 0.7226 | Reg Val Loss: 0.2721
[Stage1] No improv. Best so far: 0.2720 (epoch 5627)
[Stage1] Epoch 5645 - Val R²: 0.7226 | Reg Val Loss: 0.2721
[Stage1] No improv. Best so far: 0.2720 (epoch 5627)
[Stage1] Epoch 5646 - Val R²: 0.7226 | Reg Val Loss: 0.2721
[Stage1] No improv. Best so far: 0.2720 (epoch 5627)
[Stage1] Epoch 5647 - Val R²: 0.7225 | Reg Val Loss: 0.2722
[Stage1] No improv. Best so far: 0.2720 (epoch 5627)
[Stage1] Epoch 5648 - Val R²: 0.7225 | Reg Val Loss: 0.2722
[Stage1] No improv. Best so far: 0.2720 (epoch 5627)
[Stage1] Epoch 5649 - Val R²: 0.7225 | Reg Val Loss: 0.2722
[Stage1] No improv. Best so far: 0.2720 (epoch 5627)
[Stage1] Epoch 5650 - Val R²: 0.7226 | Reg Val Loss: 0.2721
[Stage1] No improv. Best so far: 0.2720 (epoch 5627)
[Stage1] Epoch 5651 - Val R²: 0.7224 | Reg Val Loss: 0.2723
[Stage1] No improv. Best so far: 0.2720 (epoch 5627)
[Stage1] Epoch 5652 - Val R²: 0.7225 | Reg Val Loss: 0.2721
[Stage1] No improv. Best so far: 0.2720 (epoch 5627)
[Stage1] Epoch 5653 - Val R²: 0.7226 | Reg Val Loss: 0.2721
[Stage1] No improv. Best so far: 0.2720 (epoch 5627)
[Stage1] Epoch 5654 - Val R²: 0.7226 | Reg Val Loss: 0.2720
[Stage1] No improv. Best so far: 0.2720 (epoch 5627)
[Stage1] Epoch 5655 - Val R²: 0.7226 | Reg Val Loss: 0.2721
[Stage1] No improv. Best so far: 0.2720 (epoch 5627)
[Stage1] Epoch 5656 - Val R²: 0.7226 | Reg Val Loss: 0.2721
[Stage1] No improv. Best so far: 0.2720 (epoch 5627)
[Stage1] Epoch 5657 - Val R²: 0.7225 | Reg Val Loss: 0.2722
[Stage1] No improv. Best so far: 0.2720 (epoch 5627)
[Stage1] Epoch 5658 - Val R²: 0.7226 | Reg Val Loss: 0.2721
[Stage1] No improv. Best so far: 0.2720 (epoch 5627)
[Stage1] Epoch 5659 - Val R²: 0.7227 | Reg Val Loss: 0.2720
[Stage1] No improv. Best so far: 0.2720 (epoch 5627)
[Stage1] Epoch 5660 - Val R²: 0.7226 | Reg Val Loss: 0.2721
[Stage1] No improv. Best so far: 0.2720 (epoch 5627)
[Stage1] Epoch 5661 - Val R²: 0.7226 | Reg Val Loss: 0.2721
[Stage1] No improv. Best so far: 0.2720 (epoch 5627)
[Stage1] Epoch 5662 - Val R²: 0.7226 | Reg Val Loss: 0.2721
[Stage1] No improv. Best so far: 0.2720 (epoch 5627)
[Stage1] Epoch 5663 - Val R²: 0.7225 | Reg Val Loss: 0.2722
[Stage1] No improv. Best so far: 0.2720 (epoch 5627)
[Stage1] Epoch 5664 - Val R²: 0.7225 | Reg Val Loss: 0.2722
[Stage1] No improv. Best so far: 0.2720 (epoch 5627)
[Stage1] Epoch 5665 - Val R²: 0.7226 | Reg Val Loss: 0.2721
[Stage1] No improv. Best so far: 0.2720 (epoch 5627)
[Stage1] Epoch 5666 - Val R²: 0.7225 | Reg Val Loss: 0.2722
[Stage1] No improv. Best so far: 0.2720 (epoch 5627)
[Stage1] Epoch 5667 - Val R²: 0.7225 | Reg Val Loss: 0.2722
[Stage1] No improv. Best so far: 0.2720 (epoch 5627)
[Stage1] Epoch 5668 - Val R²: 0.7226 | Reg Val Loss: 0.2721
[Stage1] No improv. Best so far: 0.2720 (epoch 5627)
[Stage1] Epoch 5669 - Val R²: 0.7224 | Reg Val Loss: 0.2723
[Stage1] No improv. Best so far: 0.2720 (epoch 5627)
[Stage1] Epoch 5670 - Val R²: 0.7226 | Reg Val Loss: 0.2721
[Stage1] No improv. Best so far: 0.2720 (epoch 5627)
[Stage1] Epoch 5671 - Val R²: 0.7226 | Reg Val Loss: 0.2721
[Stage1] No improv. Best so far: 0.2720 (epoch 5627)
[Stage1] Epoch 5672 - Val R²: 0.7226 | Reg Val Loss: 0.2721
[Stage1] No improv. Best so far: 0.2720 (epoch 5627)
[Stage1] Epoch 5673 - Val R²: 0.7227 | Reg Val Loss: 0.2720
[Stage1] No improv. Best so far: 0.2720 (epoch 5627)
[Stage1] Epoch 5674 - Val R²: 0.7227 | Reg Val Loss: 0.2720
[Stage1] No improv. Best so far: 0.2720 (epoch 5627)
[Stage1] Epoch 5675 - Val R²: 0.7226 | Reg Val Loss: 0.2721
[Stage1] No improv. Best so far: 0.2720 (epoch 5627)
[Stage1] Epoch 5676 - Val R²: 0.7226 | Reg Val Loss: 0.2721
[Stage1] No improv. Best so far: 0.2720 (epoch 5627)
[Stage1] Epoch 5677 - Val R²: 0.7226 | Reg Val Loss: 0.2721
[Stage1] No improv. Best so far: 0.2720 (epoch 5627)
[Stage1] Epoch 5678 - Val R²: 0.7226 | Reg Val Loss: 0.2721
[Stage1] No improv. Best so far: 0.2720 (epoch 5627)
[Stage1] Epoch 5679 - Val R²: 0.7225 | Reg Val Loss: 0.2722
[Stage1] No improv. Best so far: 0.2720 (epoch 5627)
[Stage1] Epoch 5680 - Val R²: 0.7226 | Reg Val Loss: 0.2721
[Stage1] No improv. Best so far: 0.2720 (epoch 5627)
[Stage1] Epoch 5681 - Val R²: 0.7225 | Reg Val Loss: 0.2722
[Stage1] No improv. Best so far: 0.2720 (epoch 5627)
[Stage1] Epoch 5682 - Val R²: 0.7226 | Reg Val Loss: 0.2721
[Stage1] No improv. Best so far: 0.2720 (epoch 5627)
[Stage1] Epoch 5683 - Val R²: 0.7226 | Reg Val Loss: 0.2721
[Stage1] No improv. Best so far: 0.2720 (epoch 5627)
[Stage1] Epoch 5684 - Val R²: 0.7226 | Reg Val Loss: 0.2721
[Stage1] No improv. Best so far: 0.2720 (epoch 5627)
[Stage1] Epoch 5685 - Val R²: 0.7226 | Reg Val Loss: 0.2721
[Stage1] No improv. Best so far: 0.2720 (epoch 5627)
[Stage1] Epoch 5686 - Val R²: 0.7226 | Reg Val Loss: 0.2721
[Stage1] No improv. Best so far: 0.2720 (epoch 5627)
[Stage1] Epoch 5687 - Val R²: 0.7226 | Reg Val Loss: 0.2721
[Stage1] No improv. Best so far: 0.2720 (epoch 5627)
[Stage1] Epoch 5688 - Val R²: 0.7226 | Reg Val Loss: 0.2721
[Stage1] No improv. Best so far: 0.2720 (epoch 5627)
[Stage1] Epoch 5689 - Val R²: 0.7226 | Reg Val Loss: 0.2721
[Stage1] No improv. Best so far: 0.2720 (epoch 5627)
[Stage1] Epoch 5690 - Val R²: 0.7225 | Reg Val Loss: 0.2722
[Stage1] No improv. Best so far: 0.2720 (epoch 5627)
[Stage1] Epoch 5691 - Val R²: 0.7226 | Reg Val Loss: 0.2721
[Stage1] No improv. Best so far: 0.2720 (epoch 5627)
[Stage1] Epoch 5692 - Val R²: 0.7225 | Reg Val Loss: 0.2722
[Stage1] No improv. Best so far: 0.2720 (epoch 5627)
[Stage1] Epoch 5693 - Val R²: 0.7225 | Reg Val Loss: 0.2722
[Stage1] No improv. Best so far: 0.2720 (epoch 5627)
[Stage1] Epoch 5694 - Val R²: 0.7226 | Reg Val Loss: 0.2721
[Stage1] No improv. Best so far: 0.2720 (epoch 5627)
[Stage1] Epoch 5695 - Val R²: 0.7226 | Reg Val Loss: 0.2721
[Stage1] No improv. Best so far: 0.2720 (epoch 5627)
[Stage1] Epoch 5696 - Val R²: 0.7227 | Reg Val Loss: 0.2720
[Stage1] No improv. Best so far: 0.2720 (epoch 5627)
[Stage1] Epoch 5697 - Val R²: 0.7226 | Reg Val Loss: 0.2721
[Stage1] No improv. Best so far: 0.2720 (epoch 5627)
[Stage1] Epoch 5698 - Val R²: 0.7225 | Reg Val Loss: 0.2722
[Stage1] No improv. Best so far: 0.2720 (epoch 5627)
[Stage1] Epoch 5699 - Val R²: 0.7225 | Reg Val Loss: 0.2722
[Stage1] No improv. Best so far: 0.2720 (epoch 5627)
[Stage1] Epoch 5700 - Val R²: 0.7227 | Reg Val Loss: 0.2720
[Stage1] No improv. Best so far: 0.2720 (epoch 5627)
[Stage1] Epoch 5701 - Val R²: 0.7226 | Reg Val Loss: 0.2721
[Stage1] No improv. Best so far: 0.2720 (epoch 5627)
[Stage1] Epoch 5702 - Val R²: 0.7225 | Reg Val Loss: 0.2722
[Stage1] No improv. Best so far: 0.2720 (epoch 5627)
[Stage1] Epoch 5703 - Val R²: 0.7225 | Reg Val Loss: 0.2722
[Stage1] No improv. Best so far: 0.2720 (epoch 5627)
[Stage1] Epoch 5704 - Val R²: 0.7225 | Reg Val Loss: 0.2722
[Stage1] No improv. Best so far: 0.2720 (epoch 5627)
[Stage1] Epoch 5705 - Val R²: 0.7226 | Reg Val Loss: 0.2721
[Stage1] No improv. Best so far: 0.2720 (epoch 5627)
[Stage1] Epoch 5706 - Val R²: 0.7225 | Reg Val Loss: 0.2722
[Stage1] No improv. Best so far: 0.2720 (epoch 5627)
[Stage1] Epoch 5707 - Val R²: 0.7226 | Reg Val Loss: 0.2720
[Stage1] No improv. Best so far: 0.2720 (epoch 5627)
[Stage1] Epoch 5708 - Val R²: 0.7226 | Reg Val Loss: 0.2721
[Stage1] No improv. Best so far: 0.2720 (epoch 5627)
[Stage1] Patience exceeded. Restoring best retrieval model.

[Stage 2] Adapter-only training for up to 7000 epochs (patience=80)
[Stage2] Epoch 1 - Val R²: 0.6972 | Reg Val Loss: 0.2970
[Stage2] New best (epoch 1) Val Loss: 0.2970 — saved: checkpoints\nnknn_regression_best_califonia_housing_softmax_fold_1_cdh.pth
[Stage2] Epoch 2 - Val R²: 0.7188 | Reg Val Loss: 0.2758
[Stage2] New best (epoch 2) Val Loss: 0.2758 — saved: checkpoints\nnknn_regression_best_califonia_housing_softmax_fold_1_cdh.pth
[Stage2] Epoch 3 - Val R²: 0.7276 | Reg Val Loss: 0.2672
[Stage2] New best (epoch 3) Val Loss: 0.2672 — saved: checkpoints\nnknn_regression_best_califonia_housing_softmax_fold_1_cdh.pth
[Stage2] Epoch 4 - Val R²: 0.7325 | Reg Val Loss: 0.2624
[Stage2] New best (epoch 4) Val Loss: 0.2624 — saved: checkpoints\nnknn_regression_best_califonia_housing_softmax_fold_1_cdh.pth
[Stage2] Epoch 5 - Val R²: 0.7361 | Reg Val Loss: 0.2588
[Stage2] New best (epoch 5) Val Loss: 0.2588 — saved: checkpoints\nnknn_regression_best_califonia_housing_softmax_fold_1_cdh.pth
[Stage2] Epoch 6 - Val R²: 0.7393 | Reg Val Loss: 0.2557
[Stage2] New best (epoch 6) Val Loss: 0.2557 — saved: checkpoints\nnknn_regression_best_califonia_housing_softmax_fold_1_cdh.pth
[Stage2] Epoch 7 - Val R²: 0.7413 | Reg Val Loss: 0.2538
[Stage2] New best (epoch 7) Val Loss: 0.2538 — saved: checkpoints\nnknn_regression_best_califonia_housing_softmax_fold_1_cdh.pth
[Stage2] Epoch 8 - Val R²: 0.7437 | Reg Val Loss: 0.2514
[Stage2] New best (epoch 8) Val Loss: 0.2514 — saved: checkpoints\nnknn_regression_best_califonia_housing_softmax_fold_1_cdh.pth
[Stage2] Epoch 9 - Val R²: 0.7444 | Reg Val Loss: 0.2507
[Stage2] New best (epoch 9) Val Loss: 0.2507 — saved: checkpoints\nnknn_regression_best_califonia_housing_softmax_fold_1_cdh.pth
[Stage2] Epoch 10 - Val R²: 0.7454 | Reg Val Loss: 0.2497
[Stage2] New best (epoch 10) Val Loss: 0.2497 — saved: checkpoints\nnknn_regression_best_califonia_housing_softmax_fold_1_cdh.pth
[Stage2] Epoch 11 - Val R²: 0.7464 | Reg Val Loss: 0.2488
[Stage2] New best (epoch 11) Val Loss: 0.2488 — saved: checkpoints\nnknn_regression_best_califonia_housing_softmax_fold_1_cdh.pth
[Stage2] Epoch 12 - Val R²: 0.7469 | Reg Val Loss: 0.2483
[Stage2] New best (epoch 12) Val Loss: 0.2483 — saved: checkpoints\nnknn_regression_best_califonia_housing_softmax_fold_1_cdh.pth
[Stage2] Epoch 13 - Val R²: 0.7474 | Reg Val Loss: 0.2478
[Stage2] New best (epoch 13) Val Loss: 0.2478 — saved: checkpoints\nnknn_regression_best_califonia_housing_softmax_fold_1_cdh.pth
[Stage2] Epoch 14 - Val R²: 0.7478 | Reg Val Loss: 0.2474
[Stage2] New best (epoch 14) Val Loss: 0.2474 — saved: checkpoints\nnknn_regression_best_califonia_housing_softmax_fold_1_cdh.pth
[Stage2] Epoch 15 - Val R²: 0.7480 | Reg Val Loss: 0.2472
[Stage2] New best (epoch 15) Val Loss: 0.2472 — saved: checkpoints\nnknn_regression_best_califonia_housing_softmax_fold_1_cdh.pth
[Stage2] Epoch 16 - Val R²: 0.7483 | Reg Val Loss: 0.2469
[Stage2] New best (epoch 16) Val Loss: 0.2469 — saved: checkpoints\nnknn_regression_best_califonia_housing_softmax_fold_1_cdh.pth
[Stage2] Epoch 17 - Val R²: 0.7484 | Reg Val Loss: 0.2468
[Stage2] New best (epoch 17) Val Loss: 0.2468 — saved: checkpoints\nnknn_regression_best_califonia_housing_softmax_fold_1_cdh.pth
[Stage2] Epoch 18 - Val R²: 0.7488 | Reg Val Loss: 0.2464
[Stage2] New best (epoch 18) Val Loss: 0.2464 — saved: checkpoints\nnknn_regression_best_califonia_housing_softmax_fold_1_cdh.pth
[Stage2] Epoch 19 - Val R²: 0.7491 | Reg Val Loss: 0.2461
[Stage2] New best (epoch 19) Val Loss: 0.2461 — saved: checkpoints\nnknn_regression_best_califonia_housing_softmax_fold_1_cdh.pth
[Stage2] Epoch 20 - Val R²: 0.7494 | Reg Val Loss: 0.2458
[Stage2] New best (epoch 20) Val Loss: 0.2458 — saved: checkpoints\nnknn_regression_best_califonia_housing_softmax_fold_1_cdh.pth
[Stage2] Epoch 21 - Val R²: 0.7492 | Reg Val Loss: 0.2461
[Stage2] No improv. Best so far: 0.2458 (epoch 20)
[Stage2] Epoch 22 - Val R²: 0.7499 | Reg Val Loss: 0.2454
[Stage2] New best (epoch 22) Val Loss: 0.2454 — saved: checkpoints\nnknn_regression_best_califonia_housing_softmax_fold_1_cdh.pth
[Stage2] Epoch 23 - Val R²: 0.7501 | Reg Val Loss: 0.2451
[Stage2] New best (epoch 23) Val Loss: 0.2451 — saved: checkpoints\nnknn_regression_best_califonia_housing_softmax_fold_1_cdh.pth
[Stage2] Epoch 24 - Val R²: 0.7504 | Reg Val Loss: 0.2448
[Stage2] New best (epoch 24) Val Loss: 0.2448 — saved: checkpoints\nnknn_regression_best_califonia_housing_softmax_fold_1_cdh.pth
[Stage2] Epoch 25 - Val R²: 0.7503 | Reg Val Loss: 0.2450
[Stage2] No improv. Best so far: 0.2448 (epoch 24)
[Stage2] Epoch 26 - Val R²: 0.7506 | Reg Val Loss: 0.2447
[Stage2] New best (epoch 26) Val Loss: 0.2447 — saved: checkpoints\nnknn_regression_best_califonia_housing_softmax_fold_1_cdh.pth
[Stage2] Epoch 27 - Val R²: 0.7506 | Reg Val Loss: 0.2446
[Stage2] New best (epoch 27) Val Loss: 0.2446 — saved: checkpoints\nnknn_regression_best_califonia_housing_softmax_fold_1_cdh.pth
[Stage2] Epoch 28 - Val R²: 0.7511 | Reg Val Loss: 0.2442
[Stage2] New best (epoch 28) Val Loss: 0.2442 — saved: checkpoints\nnknn_regression_best_califonia_housing_softmax_fold_1_cdh.pth
[Stage2] Epoch 29 - Val R²: 0.7510 | Reg Val Loss: 0.2443
[Stage2] No improv. Best so far: 0.2442 (epoch 28)
[Stage2] Epoch 30 - Val R²: 0.7512 | Reg Val Loss: 0.2441
[Stage2] New best (epoch 30) Val Loss: 0.2441 — saved: checkpoints\nnknn_regression_best_califonia_housing_softmax_fold_1_cdh.pth
[Stage2] Epoch 31 - Val R²: 0.7513 | Reg Val Loss: 0.2440
[Stage2] New best (epoch 31) Val Loss: 0.2440 — saved: checkpoints\nnknn_regression_best_califonia_housing_softmax_fold_1_cdh.pth
[Stage2] Epoch 32 - Val R²: 0.7514 | Reg Val Loss: 0.2439
[Stage2] New best (epoch 32) Val Loss: 0.2439 — saved: checkpoints\nnknn_regression_best_califonia_housing_softmax_fold_1_cdh.pth
[Stage2] Epoch 33 - Val R²: 0.7515 | Reg Val Loss: 0.2438
[Stage2] New best (epoch 33) Val Loss: 0.2438 — saved: checkpoints\nnknn_regression_best_califonia_housing_softmax_fold_1_cdh.pth
[Stage2] Epoch 34 - Val R²: 0.7521 | Reg Val Loss: 0.2432
[Stage2] New best (epoch 34) Val Loss: 0.2432 — saved: checkpoints\nnknn_regression_best_califonia_housing_softmax_fold_1_cdh.pth
[Stage2] Epoch 35 - Val R²: 0.7518 | Reg Val Loss: 0.2434
[Stage2] No improv. Best so far: 0.2432 (epoch 34)
[Stage2] Epoch 36 - Val R²: 0.7523 | Reg Val Loss: 0.2430
[Stage2] New best (epoch 36) Val Loss: 0.2430 — saved: checkpoints\nnknn_regression_best_califonia_housing_softmax_fold_1_cdh.pth
[Stage2] Epoch 37 - Val R²: 0.7526 | Reg Val Loss: 0.2427
[Stage2] New best (epoch 37) Val Loss: 0.2427 — saved: checkpoints\nnknn_regression_best_califonia_housing_softmax_fold_1_cdh.pth
[Stage2] Epoch 38 - Val R²: 0.7527 | Reg Val Loss: 0.2426
[Stage2] New best (epoch 38) Val Loss: 0.2426 — saved: checkpoints\nnknn_regression_best_califonia_housing_softmax_fold_1_cdh.pth
[Stage2] Epoch 39 - Val R²: 0.7529 | Reg Val Loss: 0.2423
[Stage2] New best (epoch 39) Val Loss: 0.2423 — saved: checkpoints\nnknn_regression_best_califonia_housing_softmax_fold_1_cdh.pth
[Stage2] Epoch 40 - Val R²: 0.7530 | Reg Val Loss: 0.2422
[Stage2] New best (epoch 40) Val Loss: 0.2422 — saved: checkpoints\nnknn_regression_best_califonia_housing_softmax_fold_1_cdh.pth
[Stage2] Epoch 41 - Val R²: 0.7532 | Reg Val Loss: 0.2421
[Stage2] New best (epoch 41) Val Loss: 0.2421 — saved: checkpoints\nnknn_regression_best_califonia_housing_softmax_fold_1_cdh.pth
[Stage2] Epoch 42 - Val R²: 0.7534 | Reg Val Loss: 0.2419
[Stage2] New best (epoch 42) Val Loss: 0.2419 — saved: checkpoints\nnknn_regression_best_califonia_housing_softmax_fold_1_cdh.pth
[Stage2] Epoch 43 - Val R²: 0.7533 | Reg Val Loss: 0.2420
[Stage2] No improv. Best so far: 0.2419 (epoch 42)
[Stage2] Epoch 44 - Val R²: 0.7537 | Reg Val Loss: 0.2416
[Stage2] New best (epoch 44) Val Loss: 0.2416 — saved: checkpoints\nnknn_regression_best_califonia_housing_softmax_fold_1_cdh.pth
[Stage2] Epoch 45 - Val R²: 0.7538 | Reg Val Loss: 0.2415
[Stage2] New best (epoch 45) Val Loss: 0.2415 — saved: checkpoints\nnknn_regression_best_califonia_housing_softmax_fold_1_cdh.pth
[Stage2] Epoch 46 - Val R²: 0.7541 | Reg Val Loss: 0.2412
[Stage2] New best (epoch 46) Val Loss: 0.2412 — saved: checkpoints\nnknn_regression_best_califonia_housing_softmax_fold_1_cdh.pth
[Stage2] Epoch 47 - Val R²: 0.7546 | Reg Val Loss: 0.2407
[Stage2] New best (epoch 47) Val Loss: 0.2407 — saved: checkpoints\nnknn_regression_best_califonia_housing_softmax_fold_1_cdh.pth
[Stage2] Epoch 48 - Val R²: 0.7547 | Reg Val Loss: 0.2406
[Stage2] New best (epoch 48) Val Loss: 0.2406 — saved: checkpoints\nnknn_regression_best_califonia_housing_softmax_fold_1_cdh.pth
[Stage2] Epoch 49 - Val R²: 0.7552 | Reg Val Loss: 0.2401
[Stage2] New best (epoch 49) Val Loss: 0.2401 — saved: checkpoints\nnknn_regression_best_califonia_housing_softmax_fold_1_cdh.pth
[Stage2] Epoch 50 - Val R²: 0.7552 | Reg Val Loss: 0.2402
[Stage2] No improv. Best so far: 0.2401 (epoch 49)
[Stage2] Epoch 51 - Val R²: 0.7555 | Reg Val Loss: 0.2399
[Stage2] New best (epoch 51) Val Loss: 0.2399 — saved: checkpoints\nnknn_regression_best_califonia_housing_softmax_fold_1_cdh.pth
[Stage2] Epoch 52 - Val R²: 0.7554 | Reg Val Loss: 0.2399
[Stage2] No improv. Best so far: 0.2399 (epoch 51)
[Stage2] Epoch 53 - Val R²: 0.7557 | Reg Val Loss: 0.2396
[Stage2] New best (epoch 53) Val Loss: 0.2396 — saved: checkpoints\nnknn_regression_best_califonia_housing_softmax_fold_1_cdh.pth
[Stage2] Epoch 54 - Val R²: 0.7556 | Reg Val Loss: 0.2398
[Stage2] No improv. Best so far: 0.2396 (epoch 53)
[Stage2] Epoch 55 - Val R²: 0.7560 | Reg Val Loss: 0.2393
[Stage2] New best (epoch 55) Val Loss: 0.2393 — saved: checkpoints\nnknn_regression_best_califonia_housing_softmax_fold_1_cdh.pth
[Stage2] Epoch 56 - Val R²: 0.7562 | Reg Val Loss: 0.2391
[Stage2] New best (epoch 56) Val Loss: 0.2391 — saved: checkpoints\nnknn_regression_best_califonia_housing_softmax_fold_1_cdh.pth
[Stage2] Epoch 57 - Val R²: 0.7563 | Reg Val Loss: 0.2391
[Stage2] New best (epoch 57) Val Loss: 0.2391 — saved: checkpoints\nnknn_regression_best_califonia_housing_softmax_fold_1_cdh.pth
[Stage2] Epoch 58 - Val R²: 0.7566 | Reg Val Loss: 0.2387
[Stage2] New best (epoch 58) Val Loss: 0.2387 — saved: checkpoints\nnknn_regression_best_califonia_housing_softmax_fold_1_cdh.pth
[Stage2] Epoch 59 - Val R²: 0.7564 | Reg Val Loss: 0.2390
[Stage2] No improv. Best so far: 0.2387 (epoch 58)
[Stage2] Epoch 60 - Val R²: 0.7561 | Reg Val Loss: 0.2393
[Stage2] No improv. Best so far: 0.2387 (epoch 58)
[Stage2] Epoch 61 - Val R²: 0.7564 | Reg Val Loss: 0.2389
[Stage2] No improv. Best so far: 0.2387 (epoch 58)
[Stage2] Epoch 62 - Val R²: 0.7568 | Reg Val Loss: 0.2386
[Stage2] New best (epoch 62) Val Loss: 0.2386 — saved: checkpoints\nnknn_regression_best_califonia_housing_softmax_fold_1_cdh.pth
[Stage2] Epoch 63 - Val R²: 0.7570 | Reg Val Loss: 0.2384
[Stage2] New best (epoch 63) Val Loss: 0.2384 — saved: checkpoints\nnknn_regression_best_califonia_housing_softmax_fold_1_cdh.pth
[Stage2] Epoch 64 - Val R²: 0.7569 | Reg Val Loss: 0.2385
[Stage2] No improv. Best so far: 0.2384 (epoch 63)
[Stage2] Epoch 65 - Val R²: 0.7572 | Reg Val Loss: 0.2382
[Stage2] New best (epoch 65) Val Loss: 0.2382 — saved: checkpoints\nnknn_regression_best_califonia_housing_softmax_fold_1_cdh.pth
[Stage2] Epoch 66 - Val R²: 0.7574 | Reg Val Loss: 0.2380
[Stage2] New best (epoch 66) Val Loss: 0.2380 — saved: checkpoints\nnknn_regression_best_califonia_housing_softmax_fold_1_cdh.pth
[Stage2] Epoch 67 - Val R²: 0.7568 | Reg Val Loss: 0.2386
[Stage2] No improv. Best so far: 0.2380 (epoch 66)
[Stage2] Epoch 68 - Val R²: 0.7571 | Reg Val Loss: 0.2383
[Stage2] No improv. Best so far: 0.2380 (epoch 66)
[Stage2] Epoch 69 - Val R²: 0.7576 | Reg Val Loss: 0.2378
[Stage2] New best (epoch 69) Val Loss: 0.2378 — saved: checkpoints\nnknn_regression_best_califonia_housing_softmax_fold_1_cdh.pth
[Stage2] Epoch 70 - Val R²: 0.7574 | Reg Val Loss: 0.2380
[Stage2] No improv. Best so far: 0.2378 (epoch 69)
[Stage2] Epoch 71 - Val R²: 0.7571 | Reg Val Loss: 0.2383
[Stage2] No improv. Best so far: 0.2378 (epoch 69)
[Stage2] Epoch 72 - Val R²: 0.7572 | Reg Val Loss: 0.2382
[Stage2] No improv. Best so far: 0.2378 (epoch 69)
[Stage2] Epoch 73 - Val R²: 0.7572 | Reg Val Loss: 0.2382
[Stage2] No improv. Best so far: 0.2378 (epoch 69)
[Stage2] Epoch 74 - Val R²: 0.7572 | Reg Val Loss: 0.2382
[Stage2] No improv. Best so far: 0.2378 (epoch 69)
[Stage2] Epoch 75 - Val R²: 0.7567 | Reg Val Loss: 0.2386
[Stage2] No improv. Best so far: 0.2378 (epoch 69)
[Stage2] Epoch 76 - Val R²: 0.7574 | Reg Val Loss: 0.2380
[Stage2] No improv. Best so far: 0.2378 (epoch 69)
[Stage2] Epoch 77 - Val R²: 0.7576 | Reg Val Loss: 0.2378
[Stage2] New best (epoch 77) Val Loss: 0.2378 — saved: checkpoints\nnknn_regression_best_califonia_housing_softmax_fold_1_cdh.pth
[Stage2] Epoch 78 - Val R²: 0.7574 | Reg Val Loss: 0.2380
[Stage2] No improv. Best so far: 0.2378 (epoch 77)
[Stage2] Epoch 79 - Val R²: 0.7573 | Reg Val Loss: 0.2380
[Stage2] No improv. Best so far: 0.2378 (epoch 77)
[Stage2] Epoch 80 - Val R²: 0.7575 | Reg Val Loss: 0.2379
[Stage2] No improv. Best so far: 0.2378 (epoch 77)
[Stage2] Epoch 81 - Val R²: 0.7578 | Reg Val Loss: 0.2375
[Stage2] New best (epoch 81) Val Loss: 0.2375 — saved: checkpoints\nnknn_regression_best_califonia_housing_softmax_fold_1_cdh.pth
[Stage2] Epoch 82 - Val R²: 0.7578 | Reg Val Loss: 0.2376
[Stage2] No improv. Best so far: 0.2375 (epoch 81)
[Stage2] Epoch 83 - Val R²: 0.7578 | Reg Val Loss: 0.2376
[Stage2] No improv. Best so far: 0.2375 (epoch 81)
[Stage2] Epoch 84 - Val R²: 0.7578 | Reg Val Loss: 0.2376
[Stage2] No improv. Best so far: 0.2375 (epoch 81)
[Stage2] Epoch 85 - Val R²: 0.7574 | Reg Val Loss: 0.2380
[Stage2] No improv. Best so far: 0.2375 (epoch 81)
[Stage2] Epoch 86 - Val R²: 0.7575 | Reg Val Loss: 0.2379
[Stage2] No improv. Best so far: 0.2375 (epoch 81)
[Stage2] Epoch 87 - Val R²: 0.7578 | Reg Val Loss: 0.2376
[Stage2] No improv. Best so far: 0.2375 (epoch 81)
[Stage2] Epoch 88 - Val R²: 0.7575 | Reg Val Loss: 0.2378
[Stage2] No improv. Best so far: 0.2375 (epoch 81)
[Stage2] Epoch 89 - Val R²: 0.7576 | Reg Val Loss: 0.2378
[Stage2] No improv. Best so far: 0.2375 (epoch 81)
[Stage2] Epoch 90 - Val R²: 0.7575 | Reg Val Loss: 0.2378
[Stage2] No improv. Best so far: 0.2375 (epoch 81)
[Stage2] Epoch 91 - Val R²: 0.7572 | Reg Val Loss: 0.2382
[Stage2] No improv. Best so far: 0.2375 (epoch 81)
[Stage2] Epoch 92 - Val R²: 0.7572 | Reg Val Loss: 0.2381
[Stage2] No improv. Best so far: 0.2375 (epoch 81)
[Stage2] Epoch 93 - Val R²: 0.7570 | Reg Val Loss: 0.2384
[Stage2] No improv. Best so far: 0.2375 (epoch 81)
[Stage2] Epoch 94 - Val R²: 0.7568 | Reg Val Loss: 0.2386
[Stage2] No improv. Best so far: 0.2375 (epoch 81)
[Stage2] Epoch 95 - Val R²: 0.7572 | Reg Val Loss: 0.2382
[Stage2] No improv. Best so far: 0.2375 (epoch 81)
[Stage2] Epoch 96 - Val R²: 0.7570 | Reg Val Loss: 0.2384
[Stage2] No improv. Best so far: 0.2375 (epoch 81)
[Stage2] Epoch 97 - Val R²: 0.7572 | Reg Val Loss: 0.2382
[Stage2] No improv. Best so far: 0.2375 (epoch 81)
[Stage2] Epoch 98 - Val R²: 0.7570 | Reg Val Loss: 0.2384
[Stage2] No improv. Best so far: 0.2375 (epoch 81)
[Stage2] Epoch 99 - Val R²: 0.7570 | Reg Val Loss: 0.2384
[Stage2] No improv. Best so far: 0.2375 (epoch 81)
[Stage2] Epoch 100 - Val R²: 0.7566 | Reg Val Loss: 0.2388
[Stage2] No improv. Best so far: 0.2375 (epoch 81)
[Stage2] Epoch 101 - Val R²: 0.7570 | Reg Val Loss: 0.2384
[Stage2] No improv. Best so far: 0.2375 (epoch 81)
[Stage2] Epoch 102 - Val R²: 0.7566 | Reg Val Loss: 0.2387
[Stage2] No improv. Best so far: 0.2375 (epoch 81)
[Stage2] Epoch 103 - Val R²: 0.7565 | Reg Val Loss: 0.2389
[Stage2] No improv. Best so far: 0.2375 (epoch 81)
[Stage2] Epoch 104 - Val R²: 0.7564 | Reg Val Loss: 0.2390
[Stage2] No improv. Best so far: 0.2375 (epoch 81)
[Stage2] Epoch 105 - Val R²: 0.7562 | Reg Val Loss: 0.2391
[Stage2] No improv. Best so far: 0.2375 (epoch 81)
[Stage2] Epoch 106 - Val R²: 0.7564 | Reg Val Loss: 0.2389
[Stage2] No improv. Best so far: 0.2375 (epoch 81)
[Stage2] Epoch 107 - Val R²: 0.7560 | Reg Val Loss: 0.2393
[Stage2] No improv. Best so far: 0.2375 (epoch 81)
[Stage2] Epoch 108 - Val R²: 0.7561 | Reg Val Loss: 0.2393
[Stage2] No improv. Best so far: 0.2375 (epoch 81)
[Stage2] Epoch 109 - Val R²: 0.7564 | Reg Val Loss: 0.2389
[Stage2] No improv. Best so far: 0.2375 (epoch 81)
[Stage2] Epoch 110 - Val R²: 0.7563 | Reg Val Loss: 0.2391
[Stage2] No improv. Best so far: 0.2375 (epoch 81)
[Stage2] Epoch 111 - Val R²: 0.7557 | Reg Val Loss: 0.2397
[Stage2] No improv. Best so far: 0.2375 (epoch 81)
[Stage2] Epoch 112 - Val R²: 0.7553 | Reg Val Loss: 0.2401
[Stage2] No improv. Best so far: 0.2375 (epoch 81)
[Stage2] Epoch 113 - Val R²: 0.7553 | Reg Val Loss: 0.2400
[Stage2] No improv. Best so far: 0.2375 (epoch 81)
[Stage2] Epoch 114 - Val R²: 0.7548 | Reg Val Loss: 0.2406
[Stage2] No improv. Best so far: 0.2375 (epoch 81)
[Stage2] Epoch 115 - Val R²: 0.7553 | Reg Val Loss: 0.2401
[Stage2] No improv. Best so far: 0.2375 (epoch 81)
[Stage2] Epoch 116 - Val R²: 0.7552 | Reg Val Loss: 0.2402
[Stage2] No improv. Best so far: 0.2375 (epoch 81)
[Stage2] Epoch 117 - Val R²: 0.7547 | Reg Val Loss: 0.2406
[Stage2] No improv. Best so far: 0.2375 (epoch 81)
[Stage2] Epoch 118 - Val R²: 0.7552 | Reg Val Loss: 0.2401
[Stage2] No improv. Best so far: 0.2375 (epoch 81)
[Stage2] Epoch 119 - Val R²: 0.7549 | Reg Val Loss: 0.2404
[Stage2] No improv. Best so far: 0.2375 (epoch 81)
[Stage2] Epoch 120 - Val R²: 0.7544 | Reg Val Loss: 0.2410
[Stage2] No improv. Best so far: 0.2375 (epoch 81)
[Stage2] Epoch 121 - Val R²: 0.7544 | Reg Val Loss: 0.2409
[Stage2] No improv. Best so far: 0.2375 (epoch 81)
[Stage2] Epoch 122 - Val R²: 0.7535 | Reg Val Loss: 0.2418
[Stage2] No improv. Best so far: 0.2375 (epoch 81)
[Stage2] Epoch 123 - Val R²: 0.7534 | Reg Val Loss: 0.2419
[Stage2] No improv. Best so far: 0.2375 (epoch 81)
[Stage2] Epoch 124 - Val R²: 0.7535 | Reg Val Loss: 0.2418
[Stage2] No improv. Best so far: 0.2375 (epoch 81)
[Stage2] Epoch 125 - Val R²: 0.7533 | Reg Val Loss: 0.2420
[Stage2] No improv. Best so far: 0.2375 (epoch 81)
[Stage2] Epoch 126 - Val R²: 0.7533 | Reg Val Loss: 0.2420
[Stage2] No improv. Best so far: 0.2375 (epoch 81)
[Stage2] Epoch 127 - Val R²: 0.7531 | Reg Val Loss: 0.2422
[Stage2] No improv. Best so far: 0.2375 (epoch 81)
[Stage2] Epoch 128 - Val R²: 0.7528 | Reg Val Loss: 0.2424
[Stage2] No improv. Best so far: 0.2375 (epoch 81)
[Stage2] Epoch 129 - Val R²: 0.7525 | Reg Val Loss: 0.2427
[Stage2] No improv. Best so far: 0.2375 (epoch 81)
[Stage2] Epoch 130 - Val R²: 0.7525 | Reg Val Loss: 0.2427
[Stage2] No improv. Best so far: 0.2375 (epoch 81)
[Stage2] Epoch 131 - Val R²: 0.7528 | Reg Val Loss: 0.2425
[Stage2] No improv. Best so far: 0.2375 (epoch 81)
[Stage2] Epoch 132 - Val R²: 0.7525 | Reg Val Loss: 0.2428
[Stage2] No improv. Best so far: 0.2375 (epoch 81)
[Stage2] Epoch 133 - Val R²: 0.7518 | Reg Val Loss: 0.2434
[Stage2] No improv. Best so far: 0.2375 (epoch 81)
[Stage2] Epoch 134 - Val R²: 0.7513 | Reg Val Loss: 0.2440
[Stage2] No improv. Best so far: 0.2375 (epoch 81)
[Stage2] Epoch 135 - Val R²: 0.7521 | Reg Val Loss: 0.2432
[Stage2] No improv. Best so far: 0.2375 (epoch 81)
[Stage2] Epoch 136 - Val R²: 0.7519 | Reg Val Loss: 0.2434
[Stage2] No improv. Best so far: 0.2375 (epoch 81)
[Stage2] Epoch 137 - Val R²: 0.7519 | Reg Val Loss: 0.2434
[Stage2] No improv. Best so far: 0.2375 (epoch 81)
[Stage2] Epoch 138 - Val R²: 0.7515 | Reg Val Loss: 0.2438
[Stage2] No improv. Best so far: 0.2375 (epoch 81)
[Stage2] Epoch 139 - Val R²: 0.7516 | Reg Val Loss: 0.2436
[Stage2] No improv. Best so far: 0.2375 (epoch 81)
[Stage2] Epoch 140 - Val R²: 0.7512 | Reg Val Loss: 0.2440
[Stage2] No improv. Best so far: 0.2375 (epoch 81)
[Stage2] Epoch 141 - Val R²: 0.7515 | Reg Val Loss: 0.2437
[Stage2] No improv. Best so far: 0.2375 (epoch 81)
[Stage2] Epoch 142 - Val R²: 0.7509 | Reg Val Loss: 0.2444
[Stage2] No improv. Best so far: 0.2375 (epoch 81)
[Stage2] Epoch 143 - Val R²: 0.7507 | Reg Val Loss: 0.2445
[Stage2] No improv. Best so far: 0.2375 (epoch 81)
[Stage2] Epoch 144 - Val R²: 0.7509 | Reg Val Loss: 0.2443
[Stage2] No improv. Best so far: 0.2375 (epoch 81)
[Stage2] Epoch 145 - Val R²: 0.7505 | Reg Val Loss: 0.2448
[Stage2] No improv. Best so far: 0.2375 (epoch 81)
[Stage2] Epoch 146 - Val R²: 0.7505 | Reg Val Loss: 0.2448
[Stage2] No improv. Best so far: 0.2375 (epoch 81)
[Stage2] Epoch 147 - Val R²: 0.7504 | Reg Val Loss: 0.2449
[Stage2] No improv. Best so far: 0.2375 (epoch 81)
[Stage2] Epoch 148 - Val R²: 0.7500 | Reg Val Loss: 0.2452
[Stage2] No improv. Best so far: 0.2375 (epoch 81)
[Stage2] Epoch 149 - Val R²: 0.7495 | Reg Val Loss: 0.2457
[Stage2] No improv. Best so far: 0.2375 (epoch 81)
[Stage2] Epoch 150 - Val R²: 0.7494 | Reg Val Loss: 0.2458
[Stage2] No improv. Best so far: 0.2375 (epoch 81)
[Stage2] Epoch 151 - Val R²: 0.7499 | Reg Val Loss: 0.2453
[Stage2] No improv. Best so far: 0.2375 (epoch 81)
[Stage2] Epoch 152 - Val R²: 0.7493 | Reg Val Loss: 0.2459
[Stage2] No improv. Best so far: 0.2375 (epoch 81)
[Stage2] Epoch 153 - Val R²: 0.7490 | Reg Val Loss: 0.2462
[Stage2] No improv. Best so far: 0.2375 (epoch 81)
[Stage2] Epoch 154 - Val R²: 0.7488 | Reg Val Loss: 0.2464
[Stage2] No improv. Best so far: 0.2375 (epoch 81)
[Stage2] Epoch 155 - Val R²: 0.7485 | Reg Val Loss: 0.2467
[Stage2] No improv. Best so far: 0.2375 (epoch 81)
[Stage2] Epoch 156 - Val R²: 0.7475 | Reg Val Loss: 0.2477
[Stage2] No improv. Best so far: 0.2375 (epoch 81)
[Stage2] Epoch 157 - Val R²: 0.7485 | Reg Val Loss: 0.2467
[Stage2] No improv. Best so far: 0.2375 (epoch 81)
[Stage2] Epoch 158 - Val R²: 0.7483 | Reg Val Loss: 0.2469
[Stage2] No improv. Best so far: 0.2375 (epoch 81)
[Stage2] Epoch 159 - Val R²: 0.7481 | Reg Val Loss: 0.2471
[Stage2] No improv. Best so far: 0.2375 (epoch 81)
[Stage2] Epoch 160 - Val R²: 0.7473 | Reg Val Loss: 0.2478
[Stage2] No improv. Best so far: 0.2375 (epoch 81)
[Stage2] Epoch 161 - Val R²: 0.7477 | Reg Val Loss: 0.2475
[Stage2] No improv. Best so far: 0.2375 (epoch 81)
[Stage2] Epoch 162 - Val R²: 0.7470 | Reg Val Loss: 0.2482
[Stage2] No improv. Best so far: 0.2375 (epoch 81)
[Stage2] Patience exceeded. Restoring best adapter model.
Training completed. Best Acc or R2:  0.7578484944145417
Final global feature weights: tensor([[0.0216, 0.0126, 0.0000, 0.0000, 0.0000, 0.7400, 0.1224, 0.1035]],
       device='cuda:0')
[NN-CDH-AGG] Epoch    1 train_loss=1.347676 val_loss=0.699397
[NN-CDH-AGG] Epoch    2 train_loss=0.620935 val_loss=0.576748
[NN-CDH-AGG] Epoch    3 train_loss=0.556411 val_loss=0.546203
[NN-CDH-AGG] Epoch    4 train_loss=0.529756 val_loss=0.529367
[NN-CDH-AGG] Epoch    5 train_loss=0.516930 val_loss=0.523377
[NN-CDH-AGG] Epoch    6 train_loss=0.510252 val_loss=0.519702
[NN-CDH-AGG] Epoch    7 train_loss=0.506192 val_loss=0.515674
[NN-CDH-AGG] Epoch    8 train_loss=0.502969 val_loss=0.515263
[NN-CDH-AGG] Epoch    9 train_loss=0.500749 val_loss=0.511386
[NN-CDH-AGG] Epoch   10 train_loss=0.498548 val_loss=0.508314
[NN-CDH-AGG] Epoch   11 train_loss=0.497023 val_loss=0.508571
[NN-CDH-AGG] Epoch   12 train_loss=0.495584 val_loss=0.506687
[NN-CDH-AGG] Epoch   13 train_loss=0.494299 val_loss=0.505716
[NN-CDH-AGG] Epoch   14 train_loss=0.493243 val_loss=0.505581
[NN-CDH-AGG] Epoch   15 train_loss=0.492071 val_loss=0.503464
[NN-CDH-AGG] Epoch   16 train_loss=0.490970 val_loss=0.501447
[NN-CDH-AGG] Epoch   17 train_loss=0.490162 val_loss=0.501570
[NN-CDH-AGG] Epoch   18 train_loss=0.489003 val_loss=0.499761
[NN-CDH-AGG] Epoch   19 train_loss=0.487968 val_loss=0.499370
[NN-CDH-AGG] Epoch   20 train_loss=0.487035 val_loss=0.499290
[NN-CDH-AGG] Epoch   21 train_loss=0.486183 val_loss=0.498132
[NN-CDH-AGG] Epoch   22 train_loss=0.484907 val_loss=0.496434
[NN-CDH-AGG] Epoch   23 train_loss=0.484217 val_loss=0.496395
[NN-CDH-AGG] Epoch   24 train_loss=0.483119 val_loss=0.495858
[NN-CDH-AGG] Epoch   25 train_loss=0.482125 val_loss=0.494542
[NN-CDH-AGG] Epoch   26 train_loss=0.481068 val_loss=0.492550
[NN-CDH-AGG] Epoch   27 train_loss=0.480284 val_loss=0.492116
[NN-CDH-AGG] Epoch   28 train_loss=0.479253 val_loss=0.491839
[NN-CDH-AGG] Epoch   29 train_loss=0.478299 val_loss=0.492652
[NN-CDH-AGG] Epoch   30 train_loss=0.477224 val_loss=0.490264
[NN-CDH-AGG] Epoch   31 train_loss=0.476360 val_loss=0.489302
[NN-CDH-AGG] Epoch   32 train_loss=0.475341 val_loss=0.487813
[NN-CDH-AGG] Epoch   33 train_loss=0.474292 val_loss=0.486551
[NN-CDH-AGG] Epoch   34 train_loss=0.473540 val_loss=0.486096
[NN-CDH-AGG] Epoch   35 train_loss=0.472471 val_loss=0.484906
[NN-CDH-AGG] Epoch   36 train_loss=0.471112 val_loss=0.485045
[NN-CDH-AGG] Epoch   37 train_loss=0.470221 val_loss=0.483303
[NN-CDH-AGG] Epoch   38 train_loss=0.469074 val_loss=0.481439
[NN-CDH-AGG] Epoch   39 train_loss=0.467924 val_loss=0.481303
[NN-CDH-AGG] Epoch   40 train_loss=0.466472 val_loss=0.479534
[NN-CDH-AGG] Epoch   41 train_loss=0.465542 val_loss=0.477328
[NN-CDH-AGG] Epoch   42 train_loss=0.463988 val_loss=0.478527
[NN-CDH-AGG] Epoch   43 train_loss=0.462536 val_loss=0.476019
[NN-CDH-AGG] Epoch   44 train_loss=0.461012 val_loss=0.474805
[NN-CDH-AGG] Epoch   45 train_loss=0.459831 val_loss=0.472902
[NN-CDH-AGG] Epoch   46 train_loss=0.458266 val_loss=0.472398
[NN-CDH-AGG] Epoch   47 train_loss=0.456703 val_loss=0.469038
[NN-CDH-AGG] Epoch   48 train_loss=0.455300 val_loss=0.467143
[NN-CDH-AGG] Epoch   49 train_loss=0.453637 val_loss=0.467361
[NN-CDH-AGG] Epoch   50 train_loss=0.452204 val_loss=0.465954
[NN-CDH-AGG] Epoch   51 train_loss=0.450697 val_loss=0.462420
[NN-CDH-AGG] Epoch   52 train_loss=0.449411 val_loss=0.461752
[NN-CDH-AGG] Epoch   53 train_loss=0.448058 val_loss=0.461826
[NN-CDH-AGG] Epoch   54 train_loss=0.446789 val_loss=0.459738
[NN-CDH-AGG] Epoch   55 train_loss=0.445554 val_loss=0.458490
[NN-CDH-AGG] Epoch   56 train_loss=0.444183 val_loss=0.456932
[NN-CDH-AGG] Epoch   57 train_loss=0.443051 val_loss=0.456985
[NN-CDH-AGG] Epoch   58 train_loss=0.441823 val_loss=0.455476
[NN-CDH-AGG] Epoch   59 train_loss=0.440674 val_loss=0.453223
[NN-CDH-AGG] Epoch   60 train_loss=0.439615 val_loss=0.453380
[NN-CDH-AGG] Epoch   61 train_loss=0.438519 val_loss=0.450938
[NN-CDH-AGG] Epoch   62 train_loss=0.437574 val_loss=0.451319
[NN-CDH-AGG] Epoch   63 train_loss=0.436471 val_loss=0.448772
[NN-CDH-AGG] Epoch   64 train_loss=0.435464 val_loss=0.450414
[NN-CDH-AGG] Epoch   65 train_loss=0.434531 val_loss=0.448176
[NN-CDH-AGG] Epoch   66 train_loss=0.433688 val_loss=0.447893
[NN-CDH-AGG] Epoch   67 train_loss=0.432639 val_loss=0.446394
[NN-CDH-AGG] Epoch   68 train_loss=0.431735 val_loss=0.445000
[NN-CDH-AGG] Epoch   69 train_loss=0.430806 val_loss=0.444239
[NN-CDH-AGG] Epoch   70 train_loss=0.429923 val_loss=0.443371
[NN-CDH-AGG] Epoch   71 train_loss=0.429154 val_loss=0.442803
[NN-CDH-AGG] Epoch   72 train_loss=0.428243 val_loss=0.441574
[NN-CDH-AGG] Epoch   73 train_loss=0.427279 val_loss=0.440058
[NN-CDH-AGG] Epoch   74 train_loss=0.426622 val_loss=0.439159
[NN-CDH-AGG] Epoch   75 train_loss=0.425812 val_loss=0.437493
[NN-CDH-AGG] Epoch   76 train_loss=0.425116 val_loss=0.436981
[NN-CDH-AGG] Epoch   77 train_loss=0.424445 val_loss=0.437552
[NN-CDH-AGG] Epoch   78 train_loss=0.423808 val_loss=0.437244
[NN-CDH-AGG] Epoch   79 train_loss=0.423124 val_loss=0.437010
[NN-CDH-AGG] Epoch   80 train_loss=0.422545 val_loss=0.434733
[NN-CDH-AGG] Epoch   81 train_loss=0.422171 val_loss=0.434864
[NN-CDH-AGG] Epoch   82 train_loss=0.421589 val_loss=0.433270
[NN-CDH-AGG] Epoch   83 train_loss=0.421189 val_loss=0.432784
[NN-CDH-AGG] Epoch   84 train_loss=0.420603 val_loss=0.431698
[NN-CDH-AGG] Epoch   85 train_loss=0.420279 val_loss=0.431204
[NN-CDH-AGG] Epoch   86 train_loss=0.419772 val_loss=0.432313
[NN-CDH-AGG] Epoch   87 train_loss=0.419375 val_loss=0.431295
[NN-CDH-AGG] Epoch   88 train_loss=0.418984 val_loss=0.430996
[NN-CDH-AGG] Epoch   89 train_loss=0.418610 val_loss=0.430481
[NN-CDH-AGG] Epoch   90 train_loss=0.418203 val_loss=0.430016
[NN-CDH-AGG] Epoch   91 train_loss=0.417795 val_loss=0.429113
[NN-CDH-AGG] Epoch   92 train_loss=0.417503 val_loss=0.431457
[NN-CDH-AGG] Epoch   93 train_loss=0.416964 val_loss=0.428261
[NN-CDH-AGG] Epoch   94 train_loss=0.416330 val_loss=0.428805
[NN-CDH-AGG] Epoch   95 train_loss=0.415963 val_loss=0.427197
[NN-CDH-AGG] Epoch   96 train_loss=0.415699 val_loss=0.427870
[NN-CDH-AGG] Epoch   97 train_loss=0.415300 val_loss=0.426347
[NN-CDH-AGG] Epoch   98 train_loss=0.414627 val_loss=0.426536
[NN-CDH-AGG] Epoch   99 train_loss=0.414308 val_loss=0.426062
[NN-CDH-AGG] Epoch  100 train_loss=0.413716 val_loss=0.426226
[NN-CDH-AGG] Epoch  101 train_loss=0.413273 val_loss=0.424510
[NN-CDH-AGG] Epoch  102 train_loss=0.412782 val_loss=0.425340
[NN-CDH-AGG] Epoch  103 train_loss=0.412447 val_loss=0.423743
[NN-CDH-AGG] Epoch  104 train_loss=0.411794 val_loss=0.423122
[NN-CDH-AGG] Epoch  105 train_loss=0.411469 val_loss=0.423405
[NN-CDH-AGG] Epoch  106 train_loss=0.410912 val_loss=0.422301
[NN-CDH-AGG] Epoch  107 train_loss=0.410304 val_loss=0.421493
[NN-CDH-AGG] Epoch  108 train_loss=0.409601 val_loss=0.420808
[NN-CDH-AGG] Epoch  109 train_loss=0.409144 val_loss=0.422037
[NN-CDH-AGG] Epoch  110 train_loss=0.408764 val_loss=0.421023
[NN-CDH-AGG] Epoch  111 train_loss=0.408203 val_loss=0.420274
[NN-CDH-AGG] Epoch  112 train_loss=0.407960 val_loss=0.418809
[NN-CDH-AGG] Epoch  113 train_loss=0.407410 val_loss=0.419633
[NN-CDH-AGG] Epoch  114 train_loss=0.406862 val_loss=0.418639
[NN-CDH-AGG] Epoch  115 train_loss=0.406696 val_loss=0.417471
[NN-CDH-AGG] Epoch  116 train_loss=0.406046 val_loss=0.417571
[NN-CDH-AGG] Epoch  117 train_loss=0.405554 val_loss=0.417051
[NN-CDH-AGG] Epoch  118 train_loss=0.405516 val_loss=0.418008
[NN-CDH-AGG] Epoch  119 train_loss=0.404850 val_loss=0.416524
[NN-CDH-AGG] Epoch  120 train_loss=0.404363 val_loss=0.417301
[NN-CDH-AGG] Epoch  121 train_loss=0.404292 val_loss=0.418288
[NN-CDH-AGG] Epoch  122 train_loss=0.403760 val_loss=0.415550
[NN-CDH-AGG] Epoch  123 train_loss=0.403407 val_loss=0.416374
[NN-CDH-AGG] Epoch  124 train_loss=0.403044 val_loss=0.414827
[NN-CDH-AGG] Epoch  125 train_loss=0.403103 val_loss=0.414261
[NN-CDH-AGG] Epoch  126 train_loss=0.402382 val_loss=0.414508
[NN-CDH-AGG] Epoch  127 train_loss=0.401979 val_loss=0.416165
[NN-CDH-AGG] Epoch  128 train_loss=0.401898 val_loss=0.414949
[NN-CDH-AGG] Epoch  129 train_loss=0.401637 val_loss=0.414350
[NN-CDH-AGG] Epoch  130 train_loss=0.400892 val_loss=0.413269
[NN-CDH-AGG] Epoch  131 train_loss=0.400829 val_loss=0.412868
[NN-CDH-AGG] Epoch  132 train_loss=0.400507 val_loss=0.413304
[NN-CDH-AGG] Epoch  133 train_loss=0.399799 val_loss=0.413821
[NN-CDH-AGG] Epoch  134 train_loss=0.399839 val_loss=0.411166
[NN-CDH-AGG] Epoch  135 train_loss=0.399555 val_loss=0.412302
[NN-CDH-AGG] Epoch  136 train_loss=0.399181 val_loss=0.413330
[NN-CDH-AGG] Epoch  137 train_loss=0.398567 val_loss=0.410579
[NN-CDH-AGG] Epoch  138 train_loss=0.398720 val_loss=0.411144
[NN-CDH-AGG] Epoch  139 train_loss=0.398203 val_loss=0.411015
[NN-CDH-AGG] Epoch  140 train_loss=0.398060 val_loss=0.409874
[NN-CDH-AGG] Epoch  141 train_loss=0.397888 val_loss=0.410484
[NN-CDH-AGG] Epoch  142 train_loss=0.397486 val_loss=0.409726
[NN-CDH-AGG] Epoch  143 train_loss=0.397348 val_loss=0.409797
[NN-CDH-AGG] Epoch  144 train_loss=0.397447 val_loss=0.408955
[NN-CDH-AGG] Epoch  145 train_loss=0.396712 val_loss=0.409236
[NN-CDH-AGG] Epoch  146 train_loss=0.396487 val_loss=0.408545
[NN-CDH-AGG] Epoch  147 train_loss=0.396620 val_loss=0.408603
[NN-CDH-AGG] Epoch  148 train_loss=0.396593 val_loss=0.409748
[NN-CDH-AGG] Epoch  149 train_loss=0.396030 val_loss=0.410633
[NN-CDH-AGG] Epoch  150 train_loss=0.395494 val_loss=0.409592
[NN-CDH-AGG] Epoch  151 train_loss=0.395497 val_loss=0.408079
[NN-CDH-AGG] Epoch  152 train_loss=0.395498 val_loss=0.408493
[NN-CDH-AGG] Epoch  153 train_loss=0.395239 val_loss=0.408717
[NN-CDH-AGG] Epoch  154 train_loss=0.395190 val_loss=0.407779
[NN-CDH-AGG] Epoch  155 train_loss=0.394759 val_loss=0.407366
[NN-CDH-AGG] Epoch  156 train_loss=0.394581 val_loss=0.407598
[NN-CDH-AGG] Epoch  157 train_loss=0.394780 val_loss=0.408954
[NN-CDH-AGG] Epoch  158 train_loss=0.394378 val_loss=0.406926
[NN-CDH-AGG] Epoch  159 train_loss=0.394887 val_loss=0.406945
[NN-CDH-AGG] Epoch  160 train_loss=0.394016 val_loss=0.408139
[NN-CDH-AGG] Epoch  161 train_loss=0.393842 val_loss=0.407699
[NN-CDH-AGG] Epoch  162 train_loss=0.394046 val_loss=0.408225
[NN-CDH-AGG] Epoch  163 train_loss=0.393716 val_loss=0.408141
[NN-CDH-AGG] Epoch  164 train_loss=0.393351 val_loss=0.406790
[NN-CDH-AGG] Epoch  165 train_loss=0.393364 val_loss=0.408211
[NN-CDH-AGG] Epoch  166 train_loss=0.393447 val_loss=0.408547
[NN-CDH-AGG] Epoch  167 train_loss=0.393429 val_loss=0.405617
[NN-CDH-AGG] Epoch  168 train_loss=0.393014 val_loss=0.406087
[NN-CDH-AGG] Epoch  169 train_loss=0.393359 val_loss=0.407138
[NN-CDH-AGG] Epoch  170 train_loss=0.393317 val_loss=0.405961
[NN-CDH-AGG] Epoch  171 train_loss=0.393041 val_loss=0.407989
[NN-CDH-AGG] Epoch  172 train_loss=0.393395 val_loss=0.406172
[NN-CDH-AGG] Epoch  173 train_loss=0.392741 val_loss=0.406209
[NN-CDH-AGG] Epoch  174 train_loss=0.392838 val_loss=0.405810
[NN-CDH-AGG] Epoch  175 train_loss=0.392769 val_loss=0.405366
[NN-CDH-AGG] Epoch  176 train_loss=0.392187 val_loss=0.406580
[NN-CDH-AGG] Epoch  177 train_loss=0.392291 val_loss=0.406077
[NN-CDH-AGG] Epoch  178 train_loss=0.392055 val_loss=0.405594
[NN-CDH-AGG] Epoch  179 train_loss=0.392158 val_loss=0.405230
[NN-CDH-AGG] Epoch  180 train_loss=0.391962 val_loss=0.405508
[NN-CDH-AGG] Epoch  181 train_loss=0.391834 val_loss=0.404786
[NN-CDH-AGG] Epoch  182 train_loss=0.392095 val_loss=0.406886
[NN-CDH-AGG] Epoch  183 train_loss=0.391896 val_loss=0.406994
[NN-CDH-AGG] Epoch  184 train_loss=0.391815 val_loss=0.405639
[NN-CDH-AGG] Epoch  185 train_loss=0.391362 val_loss=0.405275
[NN-CDH-AGG] Epoch  186 train_loss=0.391790 val_loss=0.404781
[NN-CDH-AGG] Epoch  187 train_loss=0.391194 val_loss=0.403920
[NN-CDH-AGG] Epoch  188 train_loss=0.391434 val_loss=0.404072
[NN-CDH-AGG] Epoch  189 train_loss=0.391699 val_loss=0.404571
[NN-CDH-AGG] Epoch  190 train_loss=0.391187 val_loss=0.405015
[NN-CDH-AGG] Epoch  191 train_loss=0.391156 val_loss=0.404344
[NN-CDH-AGG] Epoch  192 train_loss=0.391388 val_loss=0.404085
[NN-CDH-AGG] Epoch  193 train_loss=0.391031 val_loss=0.404590
[NN-CDH-AGG] Epoch  194 train_loss=0.391099 val_loss=0.404596
[NN-CDH-AGG] Epoch  195 train_loss=0.390784 val_loss=0.403719
[NN-CDH-AGG] Epoch  196 train_loss=0.390990 val_loss=0.404138
[NN-CDH-AGG] Epoch  197 train_loss=0.390843 val_loss=0.403806
[NN-CDH-AGG] Epoch  198 train_loss=0.390817 val_loss=0.404784
[NN-CDH-AGG] Epoch  199 train_loss=0.390569 val_loss=0.405742
[NN-CDH-AGG] Epoch  200 train_loss=0.390880 val_loss=0.404306
[NN-CDH-AGG] Epoch  201 train_loss=0.390532 val_loss=0.404307
[NN-CDH-AGG] Epoch  202 train_loss=0.390070 val_loss=0.402985
[NN-CDH-AGG] Epoch  203 train_loss=0.390489 val_loss=0.402782
[NN-CDH-AGG] Epoch  204 train_loss=0.390329 val_loss=0.402736
[NN-CDH-AGG] Epoch  205 train_loss=0.390545 val_loss=0.403110
[NN-CDH-AGG] Epoch  206 train_loss=0.390476 val_loss=0.403304
[NN-CDH-AGG] Epoch  207 train_loss=0.390017 val_loss=0.405844
[NN-CDH-AGG] Epoch  208 train_loss=0.390379 val_loss=0.403524
[NN-CDH-AGG] Epoch  209 train_loss=0.389607 val_loss=0.403063
[NN-CDH-AGG] Epoch  210 train_loss=0.390351 val_loss=0.404913
[NN-CDH-AGG] Epoch  211 train_loss=0.389998 val_loss=0.402919
[NN-CDH-AGG] Epoch  212 train_loss=0.390035 val_loss=0.403795
[NN-CDH-AGG] Epoch  213 train_loss=0.389854 val_loss=0.402857
[NN-CDH-AGG] Epoch  214 train_loss=0.389987 val_loss=0.404606
[NN-CDH-AGG] Early stopping triggered.
[NN-CDH-AGG] Final val_loss: 0.40460577815078025
cases trainable: False
labels trainable: False
Enforcing softmax_over_cases = True for regression task.
Number of feature extractor parameters: 0
Number of glocal weightor parameters: 1
torch.Size([1, 8])
Number of adapter parameters: 12
torch.Size([16, 16])
torch.Size([16])
torch.Size([8, 16])
torch.Size([8])
torch.Size([1, 8])
torch.Size([1])
torch.Size([16, 9])
torch.Size([16])
torch.Size([8, 16])
torch.Size([8])
torch.Size([1, 8])
torch.Size([1])
Number of case_net_params: 3
torch.Size([16512])
torch.Size([16512])
torch.Size([16512, 1])
*****************
Training started for training_epochs epochs with batch size 64

[Stage 1] Retrieval-only training for up to 7000 epochs (patience=80)
[Stage1] Epoch 1 - Val R²: 0.3258 | Reg Val Loss: 0.7339
[Stage1] New best (epoch 1) Val Loss: 0.7339 — saved: checkpoints\nnknn_regression_best_califonia_housing_softmax_locality_fold_1_retr.pth
[Stage1] Epoch 2 - Val R²: 0.3689 | Reg Val Loss: 0.6935
[Stage1] New best (epoch 2) Val Loss: 0.6935 — saved: checkpoints\nnknn_regression_best_califonia_housing_softmax_locality_fold_1_retr.pth
[Stage1] Epoch 3 - Val R²: 0.4044 | Reg Val Loss: 0.6601
[Stage1] New best (epoch 3) Val Loss: 0.6601 — saved: checkpoints\nnknn_regression_best_califonia_housing_softmax_locality_fold_1_retr.pth
[Stage1] Epoch 4 - Val R²: 0.4332 | Reg Val Loss: 0.6312
[Stage1] New best (epoch 4) Val Loss: 0.6312 — saved: checkpoints\nnknn_regression_best_califonia_housing_softmax_locality_fold_1_retr.pth
[Stage1] Epoch 5 - Val R²: 0.4541 | Reg Val Loss: 0.6124
[Stage1] New best (epoch 5) Val Loss: 0.6124 — saved: checkpoints\nnknn_regression_best_califonia_housing_softmax_locality_fold_1_retr.pth
[Stage1] Epoch 6 - Val R²: 0.4709 | Reg Val Loss: 0.5971
[Stage1] New best (epoch 6) Val Loss: 0.5971 — saved: checkpoints\nnknn_regression_best_califonia_housing_softmax_locality_fold_1_retr.pth
[Stage1] Epoch 7 - Val R²: 0.4851 | Reg Val Loss: 0.5838
[Stage1] New best (epoch 7) Val Loss: 0.5838 — saved: checkpoints\nnknn_regression_best_califonia_housing_softmax_locality_fold_1_retr.pth
[Stage1] Epoch 8 - Val R²: 0.4972 | Reg Val Loss: 0.5725
[Stage1] New best (epoch 8) Val Loss: 0.5725 — saved: checkpoints\nnknn_regression_best_califonia_housing_softmax_locality_fold_1_retr.pth
[Stage1] Epoch 9 - Val R²: 0.5074 | Reg Val Loss: 0.5626
[Stage1] New best (epoch 9) Val Loss: 0.5626 — saved: checkpoints\nnknn_regression_best_califonia_housing_softmax_locality_fold_1_retr.pth
[Stage1] Epoch 10 - Val R²: 0.5161 | Reg Val Loss: 0.5543
[Stage1] New best (epoch 10) Val Loss: 0.5543 — saved: checkpoints\nnknn_regression_best_califonia_housing_softmax_locality_fold_1_retr.pth
[Stage1] Epoch 11 - Val R²: 0.5238 | Reg Val Loss: 0.5470
[Stage1] New best (epoch 11) Val Loss: 0.5470 — saved: checkpoints\nnknn_regression_best_califonia_housing_softmax_locality_fold_1_retr.pth
[Stage1] Epoch 12 - Val R²: 0.5302 | Reg Val Loss: 0.5408
[Stage1] New best (epoch 12) Val Loss: 0.5408 — saved: checkpoints\nnknn_regression_best_califonia_housing_softmax_locality_fold_1_retr.pth
[Stage1] Epoch 13 - Val R²: 0.5357 | Reg Val Loss: 0.5353
[Stage1] New best (epoch 13) Val Loss: 0.5353 — saved: checkpoints\nnknn_regression_best_califonia_housing_softmax_locality_fold_1_retr.pth
[Stage1] Epoch 14 - Val R²: 0.5403 | Reg Val Loss: 0.5308
[Stage1] New best (epoch 14) Val Loss: 0.5308 — saved: checkpoints\nnknn_regression_best_califonia_housing_softmax_locality_fold_1_retr.pth
[Stage1] Epoch 15 - Val R²: 0.5443 | Reg Val Loss: 0.5265
[Stage1] New best (epoch 15) Val Loss: 0.5265 — saved: checkpoints\nnknn_regression_best_califonia_housing_softmax_locality_fold_1_retr.pth
[Stage1] Epoch 16 - Val R²: 0.5478 | Reg Val Loss: 0.5225
[Stage1] New best (epoch 16) Val Loss: 0.5225 — saved: checkpoints\nnknn_regression_best_califonia_housing_softmax_locality_fold_1_retr.pth
[Stage1] Epoch 17 - Val R²: 0.5510 | Reg Val Loss: 0.5189
[Stage1] New best (epoch 17) Val Loss: 0.5189 — saved: checkpoints\nnknn_regression_best_califonia_housing_softmax_locality_fold_1_retr.pth
[Stage1] Epoch 18 - Val R²: 0.5540 | Reg Val Loss: 0.5155
[Stage1] New best (epoch 18) Val Loss: 0.5155 — saved: checkpoints\nnknn_regression_best_califonia_housing_softmax_locality_fold_1_retr.pth
[Stage1] Epoch 19 - Val R²: 0.5570 | Reg Val Loss: 0.5120
[Stage1] New best (epoch 19) Val Loss: 0.5120 — saved: checkpoints\nnknn_regression_best_califonia_housing_softmax_locality_fold_1_retr.pth
[Stage1] Epoch 20 - Val R²: 0.5596 | Reg Val Loss: 0.5090
[Stage1] New best (epoch 20) Val Loss: 0.5090 — saved: checkpoints\nnknn_regression_best_califonia_housing_softmax_locality_fold_1_retr.pth
[Stage1] Epoch 21 - Val R²: 0.5627 | Reg Val Loss: 0.5060
[Stage1] New best (epoch 21) Val Loss: 0.5060 — saved: checkpoints\nnknn_regression_best_califonia_housing_softmax_locality_fold_1_retr.pth
[Stage1] Epoch 22 - Val R²: 0.5646 | Reg Val Loss: 0.5038
[Stage1] New best (epoch 22) Val Loss: 0.5038 — saved: checkpoints\nnknn_regression_best_califonia_housing_softmax_locality_fold_1_retr.pth
[Stage1] Epoch 23 - Val R²: 0.5665 | Reg Val Loss: 0.5016
[Stage1] New best (epoch 23) Val Loss: 0.5016 — saved: checkpoints\nnknn_regression_best_califonia_housing_softmax_locality_fold_1_retr.pth
[Stage1] Epoch 24 - Val R²: 0.5682 | Reg Val Loss: 0.4996
[Stage1] New best (epoch 24) Val Loss: 0.4996 — saved: checkpoints\nnknn_regression_best_califonia_housing_softmax_locality_fold_1_retr.pth
[Stage1] Epoch 25 - Val R²: 0.5698 | Reg Val Loss: 0.4976
[Stage1] New best (epoch 25) Val Loss: 0.4976 — saved: checkpoints\nnknn_regression_best_califonia_housing_softmax_locality_fold_1_retr.pth
[Stage1] Epoch 26 - Val R²: 0.5713 | Reg Val Loss: 0.4958
[Stage1] New best (epoch 26) Val Loss: 0.4958 — saved: checkpoints\nnknn_regression_best_califonia_housing_softmax_locality_fold_1_retr.pth
[Stage1] Epoch 27 - Val R²: 0.5729 | Reg Val Loss: 0.4940
[Stage1] New best (epoch 27) Val Loss: 0.4940 — saved: checkpoints\nnknn_regression_best_califonia_housing_softmax_locality_fold_1_retr.pth
[Stage1] Epoch 28 - Val R²: 0.5742 | Reg Val Loss: 0.4924
[Stage1] New best (epoch 28) Val Loss: 0.4924 — saved: checkpoints\nnknn_regression_best_califonia_housing_softmax_locality_fold_1_retr.pth
[Stage1] Epoch 29 - Val R²: 0.5756 | Reg Val Loss: 0.4908
[Stage1] New best (epoch 29) Val Loss: 0.4908 — saved: checkpoints\nnknn_regression_best_califonia_housing_softmax_locality_fold_1_retr.pth
[Stage1] Epoch 30 - Val R²: 0.5769 | Reg Val Loss: 0.4893
[Stage1] New best (epoch 30) Val Loss: 0.4893 — saved: checkpoints\nnknn_regression_best_califonia_housing_softmax_locality_fold_1_retr.pth
[Stage1] Epoch 31 - Val R²: 0.5781 | Reg Val Loss: 0.4879
[Stage1] New best (epoch 31) Val Loss: 0.4879 — saved: checkpoints\nnknn_regression_best_califonia_housing_softmax_locality_fold_1_retr.pth
[Stage1] Epoch 32 - Val R²: 0.5793 | Reg Val Loss: 0.4865
[Stage1] New best (epoch 32) Val Loss: 0.4865 — saved: checkpoints\nnknn_regression_best_califonia_housing_softmax_locality_fold_1_retr.pth
[Stage1] Epoch 33 - Val R²: 0.5804 | Reg Val Loss: 0.4852
[Stage1] New best (epoch 33) Val Loss: 0.4852 — saved: checkpoints\nnknn_regression_best_califonia_housing_softmax_locality_fold_1_retr.pth
[Stage1] Epoch 34 - Val R²: 0.5815 | Reg Val Loss: 0.4839
[Stage1] New best (epoch 34) Val Loss: 0.4839 — saved: checkpoints\nnknn_regression_best_califonia_housing_softmax_locality_fold_1_retr.pth
[Stage1] Epoch 35 - Val R²: 0.5826 | Reg Val Loss: 0.4826
[Stage1] New best (epoch 35) Val Loss: 0.4826 — saved: checkpoints\nnknn_regression_best_califonia_housing_softmax_locality_fold_1_retr.pth
[Stage1] Epoch 36 - Val R²: 0.5834 | Reg Val Loss: 0.4814
[Stage1] New best (epoch 36) Val Loss: 0.4814 — saved: checkpoints\nnknn_regression_best_califonia_housing_softmax_locality_fold_1_retr.pth
[Stage1] Epoch 37 - Val R²: 0.5844 | Reg Val Loss: 0.4802
[Stage1] New best (epoch 37) Val Loss: 0.4802 — saved: checkpoints\nnknn_regression_best_califonia_housing_softmax_locality_fold_1_retr.pth
[Stage1] Epoch 38 - Val R²: 0.5853 | Reg Val Loss: 0.4791
[Stage1] New best (epoch 38) Val Loss: 0.4791 — saved: checkpoints\nnknn_regression_best_califonia_housing_softmax_locality_fold_1_retr.pth
[Stage1] Epoch 39 - Val R²: 0.5862 | Reg Val Loss: 0.4781
[Stage1] New best (epoch 39) Val Loss: 0.4781 — saved: checkpoints\nnknn_regression_best_califonia_housing_softmax_locality_fold_1_retr.pth
[Stage1] Epoch 40 - Val R²: 0.5871 | Reg Val Loss: 0.4769
[Stage1] New best (epoch 40) Val Loss: 0.4769 — saved: checkpoints\nnknn_regression_best_califonia_housing_softmax_locality_fold_1_retr.pth
[Stage1] Epoch 41 - Val R²: 0.5880 | Reg Val Loss: 0.4759
[Stage1] New best (epoch 41) Val Loss: 0.4759 — saved: checkpoints\nnknn_regression_best_califonia_housing_softmax_locality_fold_1_retr.pth
[Stage1] Epoch 42 - Val R²: 0.5887 | Reg Val Loss: 0.4750
[Stage1] New best (epoch 42) Val Loss: 0.4750 — saved: checkpoints\nnknn_regression_best_califonia_housing_softmax_locality_fold_1_retr.pth
[Stage1] Epoch 43 - Val R²: 0.5895 | Reg Val Loss: 0.4741
[Stage1] New best (epoch 43) Val Loss: 0.4741 — saved: checkpoints\nnknn_regression_best_califonia_housing_softmax_locality_fold_1_retr.pth
[Stage1] Epoch 44 - Val R²: 0.5903 | Reg Val Loss: 0.4732
[Stage1] New best (epoch 44) Val Loss: 0.4732 — saved: checkpoints\nnknn_regression_best_califonia_housing_softmax_locality_fold_1_retr.pth
[Stage1] Epoch 45 - Val R²: 0.5912 | Reg Val Loss: 0.4722
[Stage1] New best (epoch 45) Val Loss: 0.4722 — saved: checkpoints\nnknn_regression_best_califonia_housing_softmax_locality_fold_1_retr.pth
[Stage1] Epoch 46 - Val R²: 0.5920 | Reg Val Loss: 0.4714
[Stage1] New best (epoch 46) Val Loss: 0.4714 — saved: checkpoints\nnknn_regression_best_califonia_housing_softmax_locality_fold_1_retr.pth
[Stage1] Epoch 47 - Val R²: 0.5926 | Reg Val Loss: 0.4706
[Stage1] New best (epoch 47) Val Loss: 0.4706 — saved: checkpoints\nnknn_regression_best_califonia_housing_softmax_locality_fold_1_retr.pth
[Stage1] Epoch 48 - Val R²: 0.5934 | Reg Val Loss: 0.4698
[Stage1] New best (epoch 48) Val Loss: 0.4698 — saved: checkpoints\nnknn_regression_best_califonia_housing_softmax_locality_fold_1_retr.pth
[Stage1] Epoch 49 - Val R²: 0.5940 | Reg Val Loss: 0.4690
[Stage1] New best (epoch 49) Val Loss: 0.4690 — saved: checkpoints\nnknn_regression_best_califonia_housing_softmax_locality_fold_1_retr.pth
[Stage1] Epoch 50 - Val R²: 0.5947 | Reg Val Loss: 0.4682
[Stage1] New best (epoch 50) Val Loss: 0.4682 — saved: checkpoints\nnknn_regression_best_califonia_housing_softmax_locality_fold_1_retr.pth
[Stage1] Epoch 51 - Val R²: 0.5954 | Reg Val Loss: 0.4674
[Stage1] New best (epoch 51) Val Loss: 0.4674 — saved: checkpoints\nnknn_regression_best_califonia_housing_softmax_locality_fold_1_retr.pth
[Stage1] Epoch 52 - Val R²: 0.5961 | Reg Val Loss: 0.4666
[Stage1] New best (epoch 52) Val Loss: 0.4666 — saved: checkpoints\nnknn_regression_best_califonia_housing_softmax_locality_fold_1_retr.pth
[Stage1] Epoch 53 - Val R²: 0.5967 | Reg Val Loss: 0.4660
[Stage1] New best (epoch 53) Val Loss: 0.4660 — saved: checkpoints\nnknn_regression_best_califonia_housing_softmax_locality_fold_1_retr.pth
[Stage1] Epoch 54 - Val R²: 0.5974 | Reg Val Loss: 0.4652
[Stage1] New best (epoch 54) Val Loss: 0.4652 — saved: checkpoints\nnknn_regression_best_califonia_housing_softmax_locality_fold_1_retr.pth
[Stage1] Epoch 55 - Val R²: 0.5979 | Reg Val Loss: 0.4646
[Stage1] New best (epoch 55) Val Loss: 0.4646 — saved: checkpoints\nnknn_regression_best_califonia_housing_softmax_locality_fold_1_retr.pth
[Stage1] Epoch 56 - Val R²: 0.5985 | Reg Val Loss: 0.4639
[Stage1] New best (epoch 56) Val Loss: 0.4639 — saved: checkpoints\nnknn_regression_best_califonia_housing_softmax_locality_fold_1_retr.pth
[Stage1] Epoch 57 - Val R²: 0.5991 | Reg Val Loss: 0.4632
[Stage1] New best (epoch 57) Val Loss: 0.4632 — saved: checkpoints\nnknn_regression_best_califonia_housing_softmax_locality_fold_1_retr.pth
[Stage1] Epoch 58 - Val R²: 0.5997 | Reg Val Loss: 0.4626
[Stage1] New best (epoch 58) Val Loss: 0.4626 — saved: checkpoints\nnknn_regression_best_califonia_housing_softmax_locality_fold_1_retr.pth
[Stage1] Epoch 59 - Val R²: 0.6003 | Reg Val Loss: 0.4619
[Stage1] New best (epoch 59) Val Loss: 0.4619 — saved: checkpoints\nnknn_regression_best_califonia_housing_softmax_locality_fold_1_retr.pth
[Stage1] Epoch 60 - Val R²: 0.6008 | Reg Val Loss: 0.4613
[Stage1] New best (epoch 60) Val Loss: 0.4613 — saved: checkpoints\nnknn_regression_best_califonia_housing_softmax_locality_fold_1_retr.pth
[Stage1] Epoch 61 - Val R²: 0.6014 | Reg Val Loss: 0.4608
[Stage1] New best (epoch 61) Val Loss: 0.4608 — saved: checkpoints\nnknn_regression_best_califonia_housing_softmax_locality_fold_1_retr.pth
[Stage1] Epoch 62 - Val R²: 0.6020 | Reg Val Loss: 0.4600
[Stage1] New best (epoch 62) Val Loss: 0.4600 — saved: checkpoints\nnknn_regression_best_califonia_housing_softmax_locality_fold_1_retr.pth
[Stage1] Epoch 63 - Val R²: 0.6025 | Reg Val Loss: 0.4596
[Stage1] New best (epoch 63) Val Loss: 0.4596 — saved: checkpoints\nnknn_regression_best_califonia_housing_softmax_locality_fold_1_retr.pth
[Stage1] Epoch 64 - Val R²: 0.6030 | Reg Val Loss: 0.4589
[Stage1] New best (epoch 64) Val Loss: 0.4589 — saved: checkpoints\nnknn_regression_best_califonia_housing_softmax_locality_fold_1_retr.pth
[Stage1] Epoch 65 - Val R²: 0.6036 | Reg Val Loss: 0.4584
[Stage1] New best (epoch 65) Val Loss: 0.4584 — saved: checkpoints\nnknn_regression_best_califonia_housing_softmax_locality_fold_1_retr.pth
[Stage1] Epoch 66 - Val R²: 0.6041 | Reg Val Loss: 0.4577
[Stage1] New best (epoch 66) Val Loss: 0.4577 — saved: checkpoints\nnknn_regression_best_califonia_housing_softmax_locality_fold_1_retr.pth
[Stage1] Epoch 67 - Val R²: 0.6045 | Reg Val Loss: 0.4572
[Stage1] New best (epoch 67) Val Loss: 0.4572 — saved: checkpoints\nnknn_regression_best_califonia_housing_softmax_locality_fold_1_retr.pth
[Stage1] Epoch 68 - Val R²: 0.6050 | Reg Val Loss: 0.4567
[Stage1] New best (epoch 68) Val Loss: 0.4567 — saved: checkpoints\nnknn_regression_best_califonia_housing_softmax_locality_fold_1_retr.pth
[Stage1] Epoch 69 - Val R²: 0.6055 | Reg Val Loss: 0.4562
[Stage1] New best (epoch 69) Val Loss: 0.4562 — saved: checkpoints\nnknn_regression_best_califonia_housing_softmax_locality_fold_1_retr.pth
[Stage1] Epoch 70 - Val R²: 0.6059 | Reg Val Loss: 0.4556
[Stage1] New best (epoch 70) Val Loss: 0.4556 — saved: checkpoints\nnknn_regression_best_califonia_housing_softmax_locality_fold_1_retr.pth
[Stage1] Epoch 71 - Val R²: 0.6064 | Reg Val Loss: 0.4551
[Stage1] New best (epoch 71) Val Loss: 0.4551 — saved: checkpoints\nnknn_regression_best_califonia_housing_softmax_locality_fold_1_retr.pth
[Stage1] Epoch 72 - Val R²: 0.6070 | Reg Val Loss: 0.4545
[Stage1] New best (epoch 72) Val Loss: 0.4545 — saved: checkpoints\nnknn_regression_best_califonia_housing_softmax_locality_fold_1_retr.pth
[Stage1] Epoch 73 - Val R²: 0.6073 | Reg Val Loss: 0.4541
[Stage1] New best (epoch 73) Val Loss: 0.4541 — saved: checkpoints\nnknn_regression_best_califonia_housing_softmax_locality_fold_1_retr.pth
[Stage1] Epoch 74 - Val R²: 0.6078 | Reg Val Loss: 0.4535
[Stage1] New best (epoch 74) Val Loss: 0.4535 — saved: checkpoints\nnknn_regression_best_califonia_housing_softmax_locality_fold_1_retr.pth
[Stage1] Epoch 75 - Val R²: 0.6083 | Reg Val Loss: 0.4530
[Stage1] New best (epoch 75) Val Loss: 0.4530 — saved: checkpoints\nnknn_regression_best_califonia_housing_softmax_locality_fold_1_retr.pth
[Stage1] Epoch 76 - Val R²: 0.6087 | Reg Val Loss: 0.4524
[Stage1] New best (epoch 76) Val Loss: 0.4524 — saved: checkpoints\nnknn_regression_best_califonia_housing_softmax_locality_fold_1_retr.pth
[Stage1] Epoch 77 - Val R²: 0.6091 | Reg Val Loss: 0.4519
[Stage1] New best (epoch 77) Val Loss: 0.4519 — saved: checkpoints\nnknn_regression_best_califonia_housing_softmax_locality_fold_1_retr.pth
[Stage1] Epoch 78 - Val R²: 0.6096 | Reg Val Loss: 0.4515
[Stage1] New best (epoch 78) Val Loss: 0.4515 — saved: checkpoints\nnknn_regression_best_califonia_housing_softmax_locality_fold_1_retr.pth
[Stage1] Epoch 79 - Val R²: 0.6100 | Reg Val Loss: 0.4510
[Stage1] New best (epoch 79) Val Loss: 0.4510 — saved: checkpoints\nnknn_regression_best_califonia_housing_softmax_locality_fold_1_retr.pth
[Stage1] Epoch 80 - Val R²: 0.6104 | Reg Val Loss: 0.4505
[Stage1] New best (epoch 80) Val Loss: 0.4505 — saved: checkpoints\nnknn_regression_best_califonia_housing_softmax_locality_fold_1_retr.pth
[Stage1] Epoch 81 - Val R²: 0.6108 | Reg Val Loss: 0.4500
[Stage1] New best (epoch 81) Val Loss: 0.4500 — saved: checkpoints\nnknn_regression_best_califonia_housing_softmax_locality_fold_1_retr.pth
[Stage1] Epoch 82 - Val R²: 0.6112 | Reg Val Loss: 0.4496
[Stage1] New best (epoch 82) Val Loss: 0.4496 — saved: checkpoints\nnknn_regression_best_califonia_housing_softmax_locality_fold_1_retr.pth
[Stage1] Epoch 83 - Val R²: 0.6116 | Reg Val Loss: 0.4491
[Stage1] New best (epoch 83) Val Loss: 0.4491 — saved: checkpoints\nnknn_regression_best_califonia_housing_softmax_locality_fold_1_retr.pth
[Stage1] Epoch 84 - Val R²: 0.6119 | Reg Val Loss: 0.4487
[Stage1] New best (epoch 84) Val Loss: 0.4487 — saved: checkpoints\nnknn_regression_best_califonia_housing_softmax_locality_fold_1_retr.pth
[Stage1] Epoch 85 - Val R²: 0.6123 | Reg Val Loss: 0.4482
[Stage1] New best (epoch 85) Val Loss: 0.4482 — saved: checkpoints\nnknn_regression_best_califonia_housing_softmax_locality_fold_1_retr.pth
[Stage1] Epoch 86 - Val R²: 0.6127 | Reg Val Loss: 0.4478
[Stage1] New best (epoch 86) Val Loss: 0.4478 — saved: checkpoints\nnknn_regression_best_califonia_housing_softmax_locality_fold_1_retr.pth
[Stage1] Epoch 87 - Val R²: 0.6131 | Reg Val Loss: 0.4474
[Stage1] New best (epoch 87) Val Loss: 0.4474 — saved: checkpoints\nnknn_regression_best_califonia_housing_softmax_locality_fold_1_retr.pth
[Stage1] Epoch 88 - Val R²: 0.6134 | Reg Val Loss: 0.4470
[Stage1] New best (epoch 88) Val Loss: 0.4470 — saved: checkpoints\nnknn_regression_best_califonia_housing_softmax_locality_fold_1_retr.pth
[Stage1] Epoch 89 - Val R²: 0.6139 | Reg Val Loss: 0.4465
[Stage1] New best (epoch 89) Val Loss: 0.4465 — saved: checkpoints\nnknn_regression_best_califonia_housing_softmax_locality_fold_1_retr.pth
[Stage1] Epoch 90 - Val R²: 0.6141 | Reg Val Loss: 0.4462
[Stage1] New best (epoch 90) Val Loss: 0.4462 — saved: checkpoints\nnknn_regression_best_califonia_housing_softmax_locality_fold_1_retr.pth
[Stage1] Epoch 91 - Val R²: 0.6145 | Reg Val Loss: 0.4458
[Stage1] New best (epoch 91) Val Loss: 0.4458 — saved: checkpoints\nnknn_regression_best_califonia_housing_softmax_locality_fold_1_retr.pth
[Stage1] Epoch 92 - Val R²: 0.6148 | Reg Val Loss: 0.4454
[Stage1] New best (epoch 92) Val Loss: 0.4454 — saved: checkpoints\nnknn_regression_best_califonia_housing_softmax_locality_fold_1_retr.pth
[Stage1] Epoch 93 - Val R²: 0.6152 | Reg Val Loss: 0.4450
[Stage1] New best (epoch 93) Val Loss: 0.4450 — saved: checkpoints\nnknn_regression_best_califonia_housing_softmax_locality_fold_1_retr.pth
[Stage1] Epoch 94 - Val R²: 0.6155 | Reg Val Loss: 0.4447
[Stage1] New best (epoch 94) Val Loss: 0.4447 — saved: checkpoints\nnknn_regression_best_califonia_housing_softmax_locality_fold_1_retr.pth
[Stage1] Epoch 95 - Val R²: 0.6159 | Reg Val Loss: 0.4443
[Stage1] New best (epoch 95) Val Loss: 0.4443 — saved: checkpoints\nnknn_regression_best_califonia_housing_softmax_locality_fold_1_retr.pth
[Stage1] Epoch 96 - Val R²: 0.6162 | Reg Val Loss: 0.4439
[Stage1] New best (epoch 96) Val Loss: 0.4439 — saved: checkpoints\nnknn_regression_best_califonia_housing_softmax_locality_fold_1_retr.pth
[Stage1] Epoch 97 - Val R²: 0.6165 | Reg Val Loss: 0.4435
[Stage1] New best (epoch 97) Val Loss: 0.4435 — saved: checkpoints\nnknn_regression_best_califonia_housing_softmax_locality_fold_1_retr.pth
[Stage1] Epoch 98 - Val R²: 0.6168 | Reg Val Loss: 0.4432
[Stage1] New best (epoch 98) Val Loss: 0.4432 — saved: checkpoints\nnknn_regression_best_califonia_housing_softmax_locality_fold_1_retr.pth
[Stage1] Epoch 99 - Val R²: 0.6171 | Reg Val Loss: 0.4429
[Stage1] New best (epoch 99) Val Loss: 0.4429 — saved: checkpoints\nnknn_regression_best_califonia_housing_softmax_locality_fold_1_retr.pth
[Stage1] Epoch 100 - Val R²: 0.6175 | Reg Val Loss: 0.4426
[Stage1] New best (epoch 100) Val Loss: 0.4426 — saved: checkpoints\nnknn_regression_best_califonia_housing_softmax_locality_fold_1_retr.pth
[Stage1] Epoch 101 - Val R²: 0.6178 | Reg Val Loss: 0.4422
[Stage1] New best (epoch 101) Val Loss: 0.4422 — saved: checkpoints\nnknn_regression_best_califonia_housing_softmax_locality_fold_1_retr.pth
[Stage1] Epoch 102 - Val R²: 0.6181 | Reg Val Loss: 0.4418
[Stage1] New best (epoch 102) Val Loss: 0.4418 — saved: checkpoints\nnknn_regression_best_califonia_housing_softmax_locality_fold_1_retr.pth
[Stage1] Epoch 103 - Val R²: 0.6184 | Reg Val Loss: 0.4416
[Stage1] New best (epoch 103) Val Loss: 0.4416 — saved: checkpoints\nnknn_regression_best_califonia_housing_softmax_locality_fold_1_retr.pth
[Stage1] Epoch 104 - Val R²: 0.6187 | Reg Val Loss: 0.4412
[Stage1] New best (epoch 104) Val Loss: 0.4412 — saved: checkpoints\nnknn_regression_best_califonia_housing_softmax_locality_fold_1_retr.pth
[Stage1] Epoch 105 - Val R²: 0.6190 | Reg Val Loss: 0.4409
[Stage1] New best (epoch 105) Val Loss: 0.4409 — saved: checkpoints\nnknn_regression_best_califonia_housing_softmax_locality_fold_1_retr.pth
[Stage1] Epoch 106 - Val R²: 0.6192 | Reg Val Loss: 0.4407
[Stage1] New best (epoch 106) Val Loss: 0.4407 — saved: checkpoints\nnknn_regression_best_califonia_housing_softmax_locality_fold_1_retr.pth
[Stage1] Epoch 107 - Val R²: 0.6196 | Reg Val Loss: 0.4404
[Stage1] New best (epoch 107) Val Loss: 0.4404 — saved: checkpoints\nnknn_regression_best_califonia_housing_softmax_locality_fold_1_retr.pth
[Stage1] Epoch 108 - Val R²: 0.6199 | Reg Val Loss: 0.4401
[Stage1] New best (epoch 108) Val Loss: 0.4401 — saved: checkpoints\nnknn_regression_best_califonia_housing_softmax_locality_fold_1_retr.pth
[Stage1] Epoch 109 - Val R²: 0.6201 | Reg Val Loss: 0.4397
[Stage1] New best (epoch 109) Val Loss: 0.4397 — saved: checkpoints\nnknn_regression_best_califonia_housing_softmax_locality_fold_1_retr.pth
[Stage1] Epoch 110 - Val R²: 0.6204 | Reg Val Loss: 0.4395
[Stage1] New best (epoch 110) Val Loss: 0.4395 — saved: checkpoints\nnknn_regression_best_califonia_housing_softmax_locality_fold_1_retr.pth
[Stage1] Epoch 111 - Val R²: 0.6207 | Reg Val Loss: 0.4392
[Stage1] New best (epoch 111) Val Loss: 0.4392 — saved: checkpoints\nnknn_regression_best_califonia_housing_softmax_locality_fold_1_retr.pth
[Stage1] Epoch 112 - Val R²: 0.6209 | Reg Val Loss: 0.4389
[Stage1] New best (epoch 112) Val Loss: 0.4389 — saved: checkpoints\nnknn_regression_best_califonia_housing_softmax_locality_fold_1_retr.pth
[Stage1] Epoch 113 - Val R²: 0.6212 | Reg Val Loss: 0.4385
[Stage1] New best (epoch 113) Val Loss: 0.4385 — saved: checkpoints\nnknn_regression_best_califonia_housing_softmax_locality_fold_1_retr.pth
[Stage1] Epoch 114 - Val R²: 0.6214 | Reg Val Loss: 0.4383
[Stage1] New best (epoch 114) Val Loss: 0.4383 — saved: checkpoints\nnknn_regression_best_califonia_housing_softmax_locality_fold_1_retr.pth
[Stage1] Epoch 115 - Val R²: 0.6217 | Reg Val Loss: 0.4381
[Stage1] New best (epoch 115) Val Loss: 0.4381 — saved: checkpoints\nnknn_regression_best_califonia_housing_softmax_locality_fold_1_retr.pth
[Stage1] Epoch 116 - Val R²: 0.6220 | Reg Val Loss: 0.4378
[Stage1] New best (epoch 116) Val Loss: 0.4378 — saved: checkpoints\nnknn_regression_best_califonia_housing_softmax_locality_fold_1_retr.pth
[Stage1] Epoch 117 - Val R²: 0.6223 | Reg Val Loss: 0.4376
[Stage1] New best (epoch 117) Val Loss: 0.4376 — saved: checkpoints\nnknn_regression_best_califonia_housing_softmax_locality_fold_1_retr.pth
[Stage1] Epoch 118 - Val R²: 0.6225 | Reg Val Loss: 0.4373
[Stage1] New best (epoch 118) Val Loss: 0.4373 — saved: checkpoints\nnknn_regression_best_califonia_housing_softmax_locality_fold_1_retr.pth
[Stage1] Epoch 119 - Val R²: 0.6228 | Reg Val Loss: 0.4370
[Stage1] New best (epoch 119) Val Loss: 0.4370 — saved: checkpoints\nnknn_regression_best_califonia_housing_softmax_locality_fold_1_retr.pth
[Stage1] Epoch 120 - Val R²: 0.6230 | Reg Val Loss: 0.4367
[Stage1] New best (epoch 120) Val Loss: 0.4367 — saved: checkpoints\nnknn_regression_best_califonia_housing_softmax_locality_fold_1_retr.pth
[Stage1] Epoch 121 - Val R²: 0.6233 | Reg Val Loss: 0.4365
[Stage1] New best (epoch 121) Val Loss: 0.4365 — saved: checkpoints\nnknn_regression_best_califonia_housing_softmax_locality_fold_1_retr.pth
[Stage1] Epoch 122 - Val R²: 0.6234 | Reg Val Loss: 0.4362
[Stage1] New best (epoch 122) Val Loss: 0.4362 — saved: checkpoints\nnknn_regression_best_califonia_housing_softmax_locality_fold_1_retr.pth
[Stage1] Epoch 123 - Val R²: 0.6237 | Reg Val Loss: 0.4360
[Stage1] New best (epoch 123) Val Loss: 0.4360 — saved: checkpoints\nnknn_regression_best_califonia_housing_softmax_locality_fold_1_retr.pth
[Stage1] Epoch 124 - Val R²: 0.6240 | Reg Val Loss: 0.4358
[Stage1] New best (epoch 124) Val Loss: 0.4358 — saved: checkpoints\nnknn_regression_best_califonia_housing_softmax_locality_fold_1_retr.pth
[Stage1] Epoch 125 - Val R²: 0.6242 | Reg Val Loss: 0.4355
[Stage1] New best (epoch 125) Val Loss: 0.4355 — saved: checkpoints\nnknn_regression_best_califonia_housing_softmax_locality_fold_1_retr.pth
[Stage1] Epoch 126 - Val R²: 0.6244 | Reg Val Loss: 0.4353
[Stage1] New best (epoch 126) Val Loss: 0.4353 — saved: checkpoints\nnknn_regression_best_califonia_housing_softmax_locality_fold_1_retr.pth
[Stage1] Epoch 127 - Val R²: 0.6246 | Reg Val Loss: 0.4350
[Stage1] New best (epoch 127) Val Loss: 0.4350 — saved: checkpoints\nnknn_regression_best_califonia_housing_softmax_locality_fold_1_retr.pth
[Stage1] Epoch 128 - Val R²: 0.6248 | Reg Val Loss: 0.4348
[Stage1] New best (epoch 128) Val Loss: 0.4348 — saved: checkpoints\nnknn_regression_best_califonia_housing_softmax_locality_fold_1_retr.pth
[Stage1] Epoch 129 - Val R²: 0.6250 | Reg Val Loss: 0.4346
[Stage1] New best (epoch 129) Val Loss: 0.4346 — saved: checkpoints\nnknn_regression_best_califonia_housing_softmax_locality_fold_1_retr.pth
[Stage1] Epoch 130 - Val R²: 0.6253 | Reg Val Loss: 0.4343
[Stage1] New best (epoch 130) Val Loss: 0.4343 — saved: checkpoints\nnknn_regression_best_califonia_housing_softmax_locality_fold_1_retr.pth
[Stage1] Epoch 131 - Val R²: 0.6255 | Reg Val Loss: 0.4341
[Stage1] New best (epoch 131) Val Loss: 0.4341 — saved: checkpoints\nnknn_regression_best_califonia_housing_softmax_locality_fold_1_retr.pth
[Stage1] Epoch 132 - Val R²: 0.6257 | Reg Val Loss: 0.4339
[Stage1] New best (epoch 132) Val Loss: 0.4339 — saved: checkpoints\nnknn_regression_best_califonia_housing_softmax_locality_fold_1_retr.pth
[Stage1] Epoch 133 - Val R²: 0.6259 | Reg Val Loss: 0.4336
[Stage1] New best (epoch 133) Val Loss: 0.4336 — saved: checkpoints\nnknn_regression_best_califonia_housing_softmax_locality_fold_1_retr.pth
[Stage1] Epoch 134 - Val R²: 0.6261 | Reg Val Loss: 0.4335
[Stage1] New best (epoch 134) Val Loss: 0.4335 — saved: checkpoints\nnknn_regression_best_califonia_housing_softmax_locality_fold_1_retr.pth
[Stage1] Epoch 135 - Val R²: 0.6263 | Reg Val Loss: 0.4333
[Stage1] New best (epoch 135) Val Loss: 0.4333 — saved: checkpoints\nnknn_regression_best_califonia_housing_softmax_locality_fold_1_retr.pth
[Stage1] Epoch 136 - Val R²: 0.6265 | Reg Val Loss: 0.4331
[Stage1] New best (epoch 136) Val Loss: 0.4331 — saved: checkpoints\nnknn_regression_best_califonia_housing_softmax_locality_fold_1_retr.pth
[Stage1] Epoch 137 - Val R²: 0.6267 | Reg Val Loss: 0.4328
[Stage1] New best (epoch 137) Val Loss: 0.4328 — saved: checkpoints\nnknn_regression_best_califonia_housing_softmax_locality_fold_1_retr.pth
[Stage1] Epoch 138 - Val R²: 0.6269 | Reg Val Loss: 0.4326
[Stage1] New best (epoch 138) Val Loss: 0.4326 — saved: checkpoints\nnknn_regression_best_califonia_housing_softmax_locality_fold_1_retr.pth
[Stage1] Epoch 139 - Val R²: 0.6271 | Reg Val Loss: 0.4324
[Stage1] New best (epoch 139) Val Loss: 0.4324 — saved: checkpoints\nnknn_regression_best_califonia_housing_softmax_locality_fold_1_retr.pth
[Stage1] Epoch 140 - Val R²: 0.6272 | Reg Val Loss: 0.4322
[Stage1] New best (epoch 140) Val Loss: 0.4322 — saved: checkpoints\nnknn_regression_best_califonia_housing_softmax_locality_fold_1_retr.pth
[Stage1] Epoch 141 - Val R²: 0.6274 | Reg Val Loss: 0.4320
[Stage1] New best (epoch 141) Val Loss: 0.4320 — saved: checkpoints\nnknn_regression_best_califonia_housing_softmax_locality_fold_1_retr.pth
[Stage1] Epoch 142 - Val R²: 0.6276 | Reg Val Loss: 0.4318
[Stage1] New best (epoch 142) Val Loss: 0.4318 — saved: checkpoints\nnknn_regression_best_califonia_housing_softmax_locality_fold_1_retr.pth
[Stage1] Epoch 143 - Val R²: 0.6278 | Reg Val Loss: 0.4316
[Stage1] New best (epoch 143) Val Loss: 0.4316 — saved: checkpoints\nnknn_regression_best_califonia_housing_softmax_locality_fold_1_retr.pth
[Stage1] Epoch 144 - Val R²: 0.6280 | Reg Val Loss: 0.4315
[Stage1] New best (epoch 144) Val Loss: 0.4315 — saved: checkpoints\nnknn_regression_best_califonia_housing_softmax_locality_fold_1_retr.pth
[Stage1] Epoch 145 - Val R²: 0.6282 | Reg Val Loss: 0.4313
[Stage1] New best (epoch 145) Val Loss: 0.4313 — saved: checkpoints\nnknn_regression_best_califonia_housing_softmax_locality_fold_1_retr.pth
[Stage1] Epoch 146 - Val R²: 0.6283 | Reg Val Loss: 0.4311
[Stage1] New best (epoch 146) Val Loss: 0.4311 — saved: checkpoints\nnknn_regression_best_califonia_housing_softmax_locality_fold_1_retr.pth
[Stage1] Epoch 147 - Val R²: 0.6285 | Reg Val Loss: 0.4309
[Stage1] New best (epoch 147) Val Loss: 0.4309 — saved: checkpoints\nnknn_regression_best_califonia_housing_softmax_locality_fold_1_retr.pth
[Stage1] Epoch 148 - Val R²: 0.6287 | Reg Val Loss: 0.4307
[Stage1] New best (epoch 148) Val Loss: 0.4307 — saved: checkpoints\nnknn_regression_best_califonia_housing_softmax_locality_fold_1_retr.pth
[Stage1] Epoch 149 - Val R²: 0.6289 | Reg Val Loss: 0.4305
[Stage1] New best (epoch 149) Val Loss: 0.4305 — saved: checkpoints\nnknn_regression_best_califonia_housing_softmax_locality_fold_1_retr.pth
[Stage1] Epoch 150 - Val R²: 0.6290 | Reg Val Loss: 0.4303
[Stage1] New best (epoch 150) Val Loss: 0.4303 — saved: checkpoints\nnknn_regression_best_califonia_housing_softmax_locality_fold_1_retr.pth
[Stage1] Epoch 151 - Val R²: 0.6292 | Reg Val Loss: 0.4301
[Stage1] New best (epoch 151) Val Loss: 0.4301 — saved: checkpoints\nnknn_regression_best_califonia_housing_softmax_locality_fold_1_retr.pth
[Stage1] Epoch 152 - Val R²: 0.6293 | Reg Val Loss: 0.4300
[Stage1] New best (epoch 152) Val Loss: 0.4300 — saved: checkpoints\nnknn_regression_best_califonia_housing_softmax_locality_fold_1_retr.pth
[Stage1] Epoch 153 - Val R²: 0.6294 | Reg Val Loss: 0.4299
[Stage1] New best (epoch 153) Val Loss: 0.4299 — saved: checkpoints\nnknn_regression_best_califonia_housing_softmax_locality_fold_1_retr.pth
[Stage1] Epoch 154 - Val R²: 0.6296 | Reg Val Loss: 0.4297
[Stage1] New best (epoch 154) Val Loss: 0.4297 — saved: checkpoints\nnknn_regression_best_califonia_housing_softmax_locality_fold_1_retr.pth
[Stage1] Epoch 155 - Val R²: 0.6298 | Reg Val Loss: 0.4295
[Stage1] New best (epoch 155) Val Loss: 0.4295 — saved: checkpoints\nnknn_regression_best_califonia_housing_softmax_locality_fold_1_retr.pth
[Stage1] Epoch 156 - Val R²: 0.6300 | Reg Val Loss: 0.4293
[Stage1] New best (epoch 156) Val Loss: 0.4293 — saved: checkpoints\nnknn_regression_best_califonia_housing_softmax_locality_fold_1_retr.pth
[Stage1] Epoch 157 - Val R²: 0.6301 | Reg Val Loss: 0.4292
[Stage1] New best (epoch 157) Val Loss: 0.4292 — saved: checkpoints\nnknn_regression_best_califonia_housing_softmax_locality_fold_1_retr.pth
[Stage1] Epoch 158 - Val R²: 0.6302 | Reg Val Loss: 0.4290
[Stage1] New best (epoch 158) Val Loss: 0.4290 — saved: checkpoints\nnknn_regression_best_califonia_housing_softmax_locality_fold_1_retr.pth
[Stage1] Epoch 159 - Val R²: 0.6304 | Reg Val Loss: 0.4289
[Stage1] New best (epoch 159) Val Loss: 0.4289 — saved: checkpoints\nnknn_regression_best_califonia_housing_softmax_locality_fold_1_retr.pth
[Stage1] Epoch 160 - Val R²: 0.6305 | Reg Val Loss: 0.4287
[Stage1] New best (epoch 160) Val Loss: 0.4287 — saved: checkpoints\nnknn_regression_best_califonia_housing_softmax_locality_fold_1_retr.pth
[Stage1] Epoch 161 - Val R²: 0.6307 | Reg Val Loss: 0.4285
[Stage1] New best (epoch 161) Val Loss: 0.4285 — saved: checkpoints\nnknn_regression_best_califonia_housing_softmax_locality_fold_1_retr.pth
[Stage1] Epoch 162 - Val R²: 0.6308 | Reg Val Loss: 0.4283
[Stage1] New best (epoch 162) Val Loss: 0.4283 — saved: checkpoints\nnknn_regression_best_califonia_housing_softmax_locality_fold_1_retr.pth
[Stage1] Epoch 163 - Val R²: 0.6309 | Reg Val Loss: 0.4282
[Stage1] New best (epoch 163) Val Loss: 0.4282 — saved: checkpoints\nnknn_regression_best_califonia_housing_softmax_locality_fold_1_retr.pth
[Stage1] Epoch 164 - Val R²: 0.6312 | Reg Val Loss: 0.4281
[Stage1] New best (epoch 164) Val Loss: 0.4281 — saved: checkpoints\nnknn_regression_best_califonia_housing_softmax_locality_fold_1_retr.pth
[Stage1] Epoch 165 - Val R²: 0.6313 | Reg Val Loss: 0.4279
[Stage1] New best (epoch 165) Val Loss: 0.4279 — saved: checkpoints\nnknn_regression_best_califonia_housing_softmax_locality_fold_1_retr.pth
[Stage1] Epoch 166 - Val R²: 0.6314 | Reg Val Loss: 0.4278
[Stage1] New best (epoch 166) Val Loss: 0.4278 — saved: checkpoints\nnknn_regression_best_califonia_housing_softmax_locality_fold_1_retr.pth
[Stage1] Epoch 167 - Val R²: 0.6316 | Reg Val Loss: 0.4276
[Stage1] New best (epoch 167) Val Loss: 0.4276 — saved: checkpoints\nnknn_regression_best_califonia_housing_softmax_locality_fold_1_retr.pth
[Stage1] Epoch 168 - Val R²: 0.6317 | Reg Val Loss: 0.4275
[Stage1] New best (epoch 168) Val Loss: 0.4275 — saved: checkpoints\nnknn_regression_best_califonia_housing_softmax_locality_fold_1_retr.pth
[Stage1] Epoch 169 - Val R²: 0.6319 | Reg Val Loss: 0.4273
[Stage1] New best (epoch 169) Val Loss: 0.4273 — saved: checkpoints\nnknn_regression_best_califonia_housing_softmax_locality_fold_1_retr.pth
[Stage1] Epoch 170 - Val R²: 0.6320 | Reg Val Loss: 0.4272
[Stage1] New best (epoch 170) Val Loss: 0.4272 — saved: checkpoints\nnknn_regression_best_califonia_housing_softmax_locality_fold_1_retr.pth
[Stage1] Epoch 171 - Val R²: 0.6322 | Reg Val Loss: 0.4270
[Stage1] New best (epoch 171) Val Loss: 0.4270 — saved: checkpoints\nnknn_regression_best_califonia_housing_softmax_locality_fold_1_retr.pth
[Stage1] Epoch 172 - Val R²: 0.6322 | Reg Val Loss: 0.4269
[Stage1] New best (epoch 172) Val Loss: 0.4269 — saved: checkpoints\nnknn_regression_best_califonia_housing_softmax_locality_fold_1_retr.pth
[Stage1] Epoch 173 - Val R²: 0.6324 | Reg Val Loss: 0.4268
[Stage1] New best (epoch 173) Val Loss: 0.4268 — saved: checkpoints\nnknn_regression_best_califonia_housing_softmax_locality_fold_1_retr.pth
[Stage1] Epoch 174 - Val R²: 0.6325 | Reg Val Loss: 0.4267
[Stage1] New best (epoch 174) Val Loss: 0.4267 — saved: checkpoints\nnknn_regression_best_califonia_housing_softmax_locality_fold_1_retr.pth
[Stage1] Epoch 175 - Val R²: 0.6326 | Reg Val Loss: 0.4265
[Stage1] New best (epoch 175) Val Loss: 0.4265 — saved: checkpoints\nnknn_regression_best_califonia_housing_softmax_locality_fold_1_retr.pth
[Stage1] Epoch 176 - Val R²: 0.6327 | Reg Val Loss: 0.4264
[Stage1] New best (epoch 176) Val Loss: 0.4264 — saved: checkpoints\nnknn_regression_best_califonia_housing_softmax_locality_fold_1_retr.pth
[Stage1] Epoch 177 - Val R²: 0.6328 | Reg Val Loss: 0.4263
[Stage1] New best (epoch 177) Val Loss: 0.4263 — saved: checkpoints\nnknn_regression_best_califonia_housing_softmax_locality_fold_1_retr.pth
[Stage1] Epoch 178 - Val R²: 0.6330 | Reg Val Loss: 0.4261
[Stage1] New best (epoch 178) Val Loss: 0.4261 — saved: checkpoints\nnknn_regression_best_califonia_housing_softmax_locality_fold_1_retr.pth
[Stage1] Epoch 179 - Val R²: 0.6330 | Reg Val Loss: 0.4260
[Stage1] New best (epoch 179) Val Loss: 0.4260 — saved: checkpoints\nnknn_regression_best_califonia_housing_softmax_locality_fold_1_retr.pth
[Stage1] Epoch 180 - Val R²: 0.6332 | Reg Val Loss: 0.4259
[Stage1] New best (epoch 180) Val Loss: 0.4259 — saved: checkpoints\nnknn_regression_best_califonia_housing_softmax_locality_fold_1_retr.pth
[Stage1] Epoch 181 - Val R²: 0.6333 | Reg Val Loss: 0.4258
[Stage1] New best (epoch 181) Val Loss: 0.4258 — saved: checkpoints\nnknn_regression_best_califonia_housing_softmax_locality_fold_1_retr.pth
[Stage1] Epoch 182 - Val R²: 0.6335 | Reg Val Loss: 0.4257
[Stage1] New best (epoch 182) Val Loss: 0.4257 — saved: checkpoints\nnknn_regression_best_califonia_housing_softmax_locality_fold_1_retr.pth
[Stage1] Epoch 183 - Val R²: 0.6336 | Reg Val Loss: 0.4255
[Stage1] New best (epoch 183) Val Loss: 0.4255 — saved: checkpoints\nnknn_regression_best_califonia_housing_softmax_locality_fold_1_retr.pth
[Stage1] Epoch 184 - Val R²: 0.6337 | Reg Val Loss: 0.4254
[Stage1] New best (epoch 184) Val Loss: 0.4254 — saved: checkpoints\nnknn_regression_best_califonia_housing_softmax_locality_fold_1_retr.pth
[Stage1] Epoch 185 - Val R²: 0.6337 | Reg Val Loss: 0.4253
[Stage1] New best (epoch 185) Val Loss: 0.4253 — saved: checkpoints\nnknn_regression_best_califonia_housing_softmax_locality_fold_1_retr.pth
[Stage1] Epoch 186 - Val R²: 0.6338 | Reg Val Loss: 0.4252
[Stage1] New best (epoch 186) Val Loss: 0.4252 — saved: checkpoints\nnknn_regression_best_califonia_housing_softmax_locality_fold_1_retr.pth
[Stage1] Epoch 187 - Val R²: 0.6339 | Reg Val Loss: 0.4251
[Stage1] New best (epoch 187) Val Loss: 0.4251 — saved: checkpoints\nnknn_regression_best_califonia_housing_softmax_locality_fold_1_retr.pth
[Stage1] Epoch 188 - Val R²: 0.6340 | Reg Val Loss: 0.4250
[Stage1] New best (epoch 188) Val Loss: 0.4250 — saved: checkpoints\nnknn_regression_best_califonia_housing_softmax_locality_fold_1_retr.pth
[Stage1] Epoch 189 - Val R²: 0.6341 | Reg Val Loss: 0.4249
[Stage1] New best (epoch 189) Val Loss: 0.4249 — saved: checkpoints\nnknn_regression_best_califonia_housing_softmax_locality_fold_1_retr.pth
[Stage1] Epoch 190 - Val R²: 0.6342 | Reg Val Loss: 0.4248
[Stage1] New best (epoch 190) Val Loss: 0.4248 — saved: checkpoints\nnknn_regression_best_califonia_housing_softmax_locality_fold_1_retr.pth
[Stage1] Epoch 191 - Val R²: 0.6343 | Reg Val Loss: 0.4247
[Stage1] New best (epoch 191) Val Loss: 0.4247 — saved: checkpoints\nnknn_regression_best_califonia_housing_softmax_locality_fold_1_retr.pth
[Stage1] Epoch 192 - Val R²: 0.6344 | Reg Val Loss: 0.4246
[Stage1] New best (epoch 192) Val Loss: 0.4246 — saved: checkpoints\nnknn_regression_best_califonia_housing_softmax_locality_fold_1_retr.pth
[Stage1] Epoch 193 - Val R²: 0.6345 | Reg Val Loss: 0.4245
[Stage1] New best (epoch 193) Val Loss: 0.4245 — saved: checkpoints\nnknn_regression_best_califonia_housing_softmax_locality_fold_1_retr.pth
[Stage1] Epoch 194 - Val R²: 0.6346 | Reg Val Loss: 0.4244
[Stage1] New best (epoch 194) Val Loss: 0.4244 — saved: checkpoints\nnknn_regression_best_califonia_housing_softmax_locality_fold_1_retr.pth
[Stage1] Epoch 195 - Val R²: 0.6347 | Reg Val Loss: 0.4243
[Stage1] New best (epoch 195) Val Loss: 0.4243 — saved: checkpoints\nnknn_regression_best_califonia_housing_softmax_locality_fold_1_retr.pth
[Stage1] Epoch 196 - Val R²: 0.6348 | Reg Val Loss: 0.4242
[Stage1] New best (epoch 196) Val Loss: 0.4242 — saved: checkpoints\nnknn_regression_best_califonia_housing_softmax_locality_fold_1_retr.pth
[Stage1] Epoch 197 - Val R²: 0.6349 | Reg Val Loss: 0.4241
[Stage1] New best (epoch 197) Val Loss: 0.4241 — saved: checkpoints\nnknn_regression_best_califonia_housing_softmax_locality_fold_1_retr.pth
[Stage1] Epoch 198 - Val R²: 0.6350 | Reg Val Loss: 0.4239
[Stage1] New best (epoch 198) Val Loss: 0.4239 — saved: checkpoints\nnknn_regression_best_califonia_housing_softmax_locality_fold_1_retr.pth
[Stage1] Epoch 199 - Val R²: 0.6350 | Reg Val Loss: 0.4239
[Stage1] No improv. Best so far: 0.4239 (epoch 198)
[Stage1] Epoch 200 - Val R²: 0.6351 | Reg Val Loss: 0.4238
[Stage1] New best (epoch 200) Val Loss: 0.4238 — saved: checkpoints\nnknn_regression_best_califonia_housing_softmax_locality_fold_1_retr.pth
[Stage1] Epoch 201 - Val R²: 0.6353 | Reg Val Loss: 0.4237
[Stage1] New best (epoch 201) Val Loss: 0.4237 — saved: checkpoints\nnknn_regression_best_califonia_housing_softmax_locality_fold_1_retr.pth
[Stage1] Epoch 202 - Val R²: 0.6353 | Reg Val Loss: 0.4237
[Stage1] New best (epoch 202) Val Loss: 0.4237 — saved: checkpoints\nnknn_regression_best_califonia_housing_softmax_locality_fold_1_retr.pth
[Stage1] Epoch 203 - Val R²: 0.6354 | Reg Val Loss: 0.4235
[Stage1] New best (epoch 203) Val Loss: 0.4235 — saved: checkpoints\nnknn_regression_best_califonia_housing_softmax_locality_fold_1_retr.pth
[Stage1] Epoch 204 - Val R²: 0.6355 | Reg Val Loss: 0.4235
[Stage1] New best (epoch 204) Val Loss: 0.4235 — saved: checkpoints\nnknn_regression_best_califonia_housing_softmax_locality_fold_1_retr.pth
[Stage1] Epoch 205 - Val R²: 0.6356 | Reg Val Loss: 0.4234
[Stage1] New best (epoch 205) Val Loss: 0.4234 — saved: checkpoints\nnknn_regression_best_califonia_housing_softmax_locality_fold_1_retr.pth
[Stage1] Epoch 206 - Val R²: 0.6357 | Reg Val Loss: 0.4233
[Stage1] New best (epoch 206) Val Loss: 0.4233 — saved: checkpoints\nnknn_regression_best_califonia_housing_softmax_locality_fold_1_retr.pth
[Stage1] Epoch 207 - Val R²: 0.6358 | Reg Val Loss: 0.4232
[Stage1] New best (epoch 207) Val Loss: 0.4232 — saved: checkpoints\nnknn_regression_best_califonia_housing_softmax_locality_fold_1_retr.pth
[Stage1] Epoch 208 - Val R²: 0.6358 | Reg Val Loss: 0.4231
[Stage1] New best (epoch 208) Val Loss: 0.4231 — saved: checkpoints\nnknn_regression_best_califonia_housing_softmax_locality_fold_1_retr.pth
[Stage1] Epoch 209 - Val R²: 0.6359 | Reg Val Loss: 0.4230
[Stage1] New best (epoch 209) Val Loss: 0.4230 — saved: checkpoints\nnknn_regression_best_califonia_housing_softmax_locality_fold_1_retr.pth
[Stage1] Epoch 210 - Val R²: 0.6359 | Reg Val Loss: 0.4229
[Stage1] New best (epoch 210) Val Loss: 0.4229 — saved: checkpoints\nnknn_regression_best_califonia_housing_softmax_locality_fold_1_retr.pth
[Stage1] Epoch 211 - Val R²: 0.6360 | Reg Val Loss: 0.4229
[Stage1] New best (epoch 211) Val Loss: 0.4229 — saved: checkpoints\nnknn_regression_best_califonia_housing_softmax_locality_fold_1_retr.pth
[Stage1] Epoch 212 - Val R²: 0.6361 | Reg Val Loss: 0.4228
[Stage1] New best (epoch 212) Val Loss: 0.4228 — saved: checkpoints\nnknn_regression_best_califonia_housing_softmax_locality_fold_1_retr.pth
[Stage1] Epoch 213 - Val R²: 0.6361 | Reg Val Loss: 0.4227
[Stage1] New best (epoch 213) Val Loss: 0.4227 — saved: checkpoints\nnknn_regression_best_califonia_housing_softmax_locality_fold_1_retr.pth
[Stage1] Epoch 214 - Val R²: 0.6362 | Reg Val Loss: 0.4227
[Stage1] New best (epoch 214) Val Loss: 0.4227 — saved: checkpoints\nnknn_regression_best_califonia_housing_softmax_locality_fold_1_retr.pth
[Stage1] Epoch 215 - Val R²: 0.6363 | Reg Val Loss: 0.4226
[Stage1] New best (epoch 215) Val Loss: 0.4226 — saved: checkpoints\nnknn_regression_best_califonia_housing_softmax_locality_fold_1_retr.pth
[Stage1] Epoch 216 - Val R²: 0.6364 | Reg Val Loss: 0.4225
[Stage1] New best (epoch 216) Val Loss: 0.4225 — saved: checkpoints\nnknn_regression_best_califonia_housing_softmax_locality_fold_1_retr.pth
[Stage1] Epoch 217 - Val R²: 0.6365 | Reg Val Loss: 0.4225
[Stage1] New best (epoch 217) Val Loss: 0.4225 — saved: checkpoints\nnknn_regression_best_califonia_housing_softmax_locality_fold_1_retr.pth
[Stage1] Epoch 218 - Val R²: 0.6365 | Reg Val Loss: 0.4224
[Stage1] New best (epoch 218) Val Loss: 0.4224 — saved: checkpoints\nnknn_regression_best_califonia_housing_softmax_locality_fold_1_retr.pth
[Stage1] Epoch 219 - Val R²: 0.6366 | Reg Val Loss: 0.4223
[Stage1] New best (epoch 219) Val Loss: 0.4223 — saved: checkpoints\nnknn_regression_best_califonia_housing_softmax_locality_fold_1_retr.pth
[Stage1] Epoch 220 - Val R²: 0.6366 | Reg Val Loss: 0.4223
[Stage1] New best (epoch 220) Val Loss: 0.4223 — saved: checkpoints\nnknn_regression_best_califonia_housing_softmax_locality_fold_1_retr.pth
[Stage1] Epoch 221 - Val R²: 0.6366 | Reg Val Loss: 0.4222
[Stage1] New best (epoch 221) Val Loss: 0.4222 — saved: checkpoints\nnknn_regression_best_califonia_housing_softmax_locality_fold_1_retr.pth
[Stage1] Epoch 222 - Val R²: 0.6368 | Reg Val Loss: 0.4222
[Stage1] New best (epoch 222) Val Loss: 0.4222 — saved: checkpoints\nnknn_regression_best_califonia_housing_softmax_locality_fold_1_retr.pth
[Stage1] Epoch 223 - Val R²: 0.6368 | Reg Val Loss: 0.4221
[Stage1] New best (epoch 223) Val Loss: 0.4221 — saved: checkpoints\nnknn_regression_best_califonia_housing_softmax_locality_fold_1_retr.pth
[Stage1] Epoch 224 - Val R²: 0.6369 | Reg Val Loss: 0.4221
[Stage1] New best (epoch 224) Val Loss: 0.4221 — saved: checkpoints\nnknn_regression_best_califonia_housing_softmax_locality_fold_1_retr.pth
[Stage1] Epoch 225 - Val R²: 0.6369 | Reg Val Loss: 0.4219
[Stage1] New best (epoch 225) Val Loss: 0.4219 — saved: checkpoints\nnknn_regression_best_califonia_housing_softmax_locality_fold_1_retr.pth
[Stage1] Epoch 226 - Val R²: 0.6370 | Reg Val Loss: 0.4219
[Stage1] New best (epoch 226) Val Loss: 0.4219 — saved: checkpoints\nnknn_regression_best_califonia_housing_softmax_locality_fold_1_retr.pth
[Stage1] Epoch 227 - Val R²: 0.6371 | Reg Val Loss: 0.4219
[Stage1] New best (epoch 227) Val Loss: 0.4219 — saved: checkpoints\nnknn_regression_best_califonia_housing_softmax_locality_fold_1_retr.pth
[Stage1] Epoch 228 - Val R²: 0.6371 | Reg Val Loss: 0.4218
[Stage1] New best (epoch 228) Val Loss: 0.4218 — saved: checkpoints\nnknn_regression_best_califonia_housing_softmax_locality_fold_1_retr.pth
[Stage1] Epoch 229 - Val R²: 0.6372 | Reg Val Loss: 0.4217
[Stage1] New best (epoch 229) Val Loss: 0.4217 — saved: checkpoints\nnknn_regression_best_califonia_housing_softmax_locality_fold_1_retr.pth
[Stage1] Epoch 230 - Val R²: 0.6372 | Reg Val Loss: 0.4217
[Stage1] New best (epoch 230) Val Loss: 0.4217 — saved: checkpoints\nnknn_regression_best_califonia_housing_softmax_locality_fold_1_retr.pth
[Stage1] Epoch 231 - Val R²: 0.6373 | Reg Val Loss: 0.4216
[Stage1] New best (epoch 231) Val Loss: 0.4216 — saved: checkpoints\nnknn_regression_best_califonia_housing_softmax_locality_fold_1_retr.pth
[Stage1] Epoch 232 - Val R²: 0.6374 | Reg Val Loss: 0.4216
[Stage1] New best (epoch 232) Val Loss: 0.4216 — saved: checkpoints\nnknn_regression_best_califonia_housing_softmax_locality_fold_1_retr.pth
[Stage1] Epoch 233 - Val R²: 0.6374 | Reg Val Loss: 0.4215
[Stage1] New best (epoch 233) Val Loss: 0.4215 — saved: checkpoints\nnknn_regression_best_califonia_housing_softmax_locality_fold_1_retr.pth
[Stage1] Epoch 234 - Val R²: 0.6375 | Reg Val Loss: 0.4214
[Stage1] New best (epoch 234) Val Loss: 0.4214 — saved: checkpoints\nnknn_regression_best_califonia_housing_softmax_locality_fold_1_retr.pth
[Stage1] Epoch 235 - Val R²: 0.6375 | Reg Val Loss: 0.4214
[Stage1] No improv. Best so far: 0.4214 (epoch 234)
[Stage1] Epoch 236 - Val R²: 0.6376 | Reg Val Loss: 0.4214
[Stage1] New best (epoch 236) Val Loss: 0.4214 — saved: checkpoints\nnknn_regression_best_califonia_housing_softmax_locality_fold_1_retr.pth
[Stage1] Epoch 237 - Val R²: 0.6377 | Reg Val Loss: 0.4213
[Stage1] New best (epoch 237) Val Loss: 0.4213 — saved: checkpoints\nnknn_regression_best_califonia_housing_softmax_locality_fold_1_retr.pth
[Stage1] Epoch 238 - Val R²: 0.6376 | Reg Val Loss: 0.4213
[Stage1] New best (epoch 238) Val Loss: 0.4213 — saved: checkpoints\nnknn_regression_best_califonia_housing_softmax_locality_fold_1_retr.pth
[Stage1] Epoch 239 - Val R²: 0.6376 | Reg Val Loss: 0.4212
[Stage1] New best (epoch 239) Val Loss: 0.4212 — saved: checkpoints\nnknn_regression_best_califonia_housing_softmax_locality_fold_1_retr.pth
[Stage1] Epoch 240 - Val R²: 0.6378 | Reg Val Loss: 0.4212
[Stage1] New best (epoch 240) Val Loss: 0.4212 — saved: checkpoints\nnknn_regression_best_califonia_housing_softmax_locality_fold_1_retr.pth
[Stage1] Epoch 241 - Val R²: 0.6378 | Reg Val Loss: 0.4211
[Stage1] New best (epoch 241) Val Loss: 0.4211 — saved: checkpoints\nnknn_regression_best_califonia_housing_softmax_locality_fold_1_retr.pth
[Stage1] Epoch 242 - Val R²: 0.6378 | Reg Val Loss: 0.4211
[Stage1] New best (epoch 242) Val Loss: 0.4211 — saved: checkpoints\nnknn_regression_best_califonia_housing_softmax_locality_fold_1_retr.pth
[Stage1] Epoch 243 - Val R²: 0.6379 | Reg Val Loss: 0.4210
[Stage1] New best (epoch 243) Val Loss: 0.4210 — saved: checkpoints\nnknn_regression_best_califonia_housing_softmax_locality_fold_1_retr.pth
[Stage1] Epoch 244 - Val R²: 0.6380 | Reg Val Loss: 0.4210
[Stage1] New best (epoch 244) Val Loss: 0.4210 — saved: checkpoints\nnknn_regression_best_califonia_housing_softmax_locality_fold_1_retr.pth
[Stage1] Epoch 245 - Val R²: 0.6380 | Reg Val Loss: 0.4209
[Stage1] New best (epoch 245) Val Loss: 0.4209 — saved: checkpoints\nnknn_regression_best_califonia_housing_softmax_locality_fold_1_retr.pth
[Stage1] Epoch 246 - Val R²: 0.6381 | Reg Val Loss: 0.4209
[Stage1] New best (epoch 246) Val Loss: 0.4209 — saved: checkpoints\nnknn_regression_best_califonia_housing_softmax_locality_fold_1_retr.pth
[Stage1] Epoch 247 - Val R²: 0.6381 | Reg Val Loss: 0.4208
[Stage1] New best (epoch 247) Val Loss: 0.4208 — saved: checkpoints\nnknn_regression_best_califonia_housing_softmax_locality_fold_1_retr.pth
[Stage1] Epoch 248 - Val R²: 0.6381 | Reg Val Loss: 0.4208
[Stage1] New best (epoch 248) Val Loss: 0.4208 — saved: checkpoints\nnknn_regression_best_califonia_housing_softmax_locality_fold_1_retr.pth
[Stage1] Epoch 249 - Val R²: 0.6382 | Reg Val Loss: 0.4206
[Stage1] New best (epoch 249) Val Loss: 0.4206 — saved: checkpoints\nnknn_regression_best_califonia_housing_softmax_locality_fold_1_retr.pth
[Stage1] Epoch 250 - Val R²: 0.6382 | Reg Val Loss: 0.4207
[Stage1] No improv. Best so far: 0.4206 (epoch 249)
[Stage1] Epoch 251 - Val R²: 0.6383 | Reg Val Loss: 0.4206
[Stage1] New best (epoch 251) Val Loss: 0.4206 — saved: checkpoints\nnknn_regression_best_califonia_housing_softmax_locality_fold_1_retr.pth
[Stage1] Epoch 252 - Val R²: 0.6382 | Reg Val Loss: 0.4206
[Stage1] New best (epoch 252) Val Loss: 0.4206 — saved: checkpoints\nnknn_regression_best_califonia_housing_softmax_locality_fold_1_retr.pth
[Stage1] Epoch 253 - Val R²: 0.6383 | Reg Val Loss: 0.4206
[Stage1] New best (epoch 253) Val Loss: 0.4206 — saved: checkpoints\nnknn_regression_best_califonia_housing_softmax_locality_fold_1_retr.pth
[Stage1] Epoch 254 - Val R²: 0.6383 | Reg Val Loss: 0.4205
[Stage1] New best (epoch 254) Val Loss: 0.4205 — saved: checkpoints\nnknn_regression_best_califonia_housing_softmax_locality_fold_1_retr.pth
[Stage1] Epoch 255 - Val R²: 0.6384 | Reg Val Loss: 0.4205
[Stage1] New best (epoch 255) Val Loss: 0.4205 — saved: checkpoints\nnknn_regression_best_califonia_housing_softmax_locality_fold_1_retr.pth
[Stage1] Epoch 256 - Val R²: 0.6384 | Reg Val Loss: 0.4204
[Stage1] New best (epoch 256) Val Loss: 0.4204 — saved: checkpoints\nnknn_regression_best_califonia_housing_softmax_locality_fold_1_retr.pth
[Stage1] Epoch 257 - Val R²: 0.6384 | Reg Val Loss: 0.4204
[Stage1] New best (epoch 257) Val Loss: 0.4204 — saved: checkpoints\nnknn_regression_best_califonia_housing_softmax_locality_fold_1_retr.pth
[Stage1] Epoch 258 - Val R²: 0.6385 | Reg Val Loss: 0.4203
[Stage1] New best (epoch 258) Val Loss: 0.4203 — saved: checkpoints\nnknn_regression_best_califonia_housing_softmax_locality_fold_1_retr.pth
[Stage1] Epoch 259 - Val R²: 0.6386 | Reg Val Loss: 0.4203
[Stage1] New best (epoch 259) Val Loss: 0.4203 — saved: checkpoints\nnknn_regression_best_califonia_housing_softmax_locality_fold_1_retr.pth
[Stage1] Epoch 260 - Val R²: 0.6386 | Reg Val Loss: 0.4202
[Stage1] New best (epoch 260) Val Loss: 0.4202 — saved: checkpoints\nnknn_regression_best_califonia_housing_softmax_locality_fold_1_retr.pth
[Stage1] Epoch 261 - Val R²: 0.6387 | Reg Val Loss: 0.4202
[Stage1] New best (epoch 261) Val Loss: 0.4202 — saved: checkpoints\nnknn_regression_best_califonia_housing_softmax_locality_fold_1_retr.pth
[Stage1] Epoch 262 - Val R²: 0.6386 | Reg Val Loss: 0.4202
[Stage1] No improv. Best so far: 0.4202 (epoch 261)
[Stage1] Epoch 263 - Val R²: 0.6387 | Reg Val Loss: 0.4202
[Stage1] New best (epoch 263) Val Loss: 0.4202 — saved: checkpoints\nnknn_regression_best_califonia_housing_softmax_locality_fold_1_retr.pth
[Stage1] Epoch 264 - Val R²: 0.6387 | Reg Val Loss: 0.4201
[Stage1] New best (epoch 264) Val Loss: 0.4201 — saved: checkpoints\nnknn_regression_best_califonia_housing_softmax_locality_fold_1_retr.pth
[Stage1] Epoch 265 - Val R²: 0.6387 | Reg Val Loss: 0.4202
[Stage1] No improv. Best so far: 0.4201 (epoch 264)
[Stage1] Epoch 266 - Val R²: 0.6388 | Reg Val Loss: 0.4200
[Stage1] New best (epoch 266) Val Loss: 0.4200 — saved: checkpoints\nnknn_regression_best_califonia_housing_softmax_locality_fold_1_retr.pth
[Stage1] Epoch 267 - Val R²: 0.6388 | Reg Val Loss: 0.4201
[Stage1] No improv. Best so far: 0.4200 (epoch 266)
[Stage1] Epoch 268 - Val R²: 0.6388 | Reg Val Loss: 0.4200
[Stage1] New best (epoch 268) Val Loss: 0.4200 — saved: checkpoints\nnknn_regression_best_califonia_housing_softmax_locality_fold_1_retr.pth
[Stage1] Epoch 269 - Val R²: 0.6389 | Reg Val Loss: 0.4200
[Stage1] New best (epoch 269) Val Loss: 0.4200 — saved: checkpoints\nnknn_regression_best_califonia_housing_softmax_locality_fold_1_retr.pth
[Stage1] Epoch 270 - Val R²: 0.6389 | Reg Val Loss: 0.4199
[Stage1] New best (epoch 270) Val Loss: 0.4199 — saved: checkpoints\nnknn_regression_best_califonia_housing_softmax_locality_fold_1_retr.pth
[Stage1] Epoch 271 - Val R²: 0.6390 | Reg Val Loss: 0.4199
[Stage1] No improv. Best so far: 0.4199 (epoch 270)
[Stage1] Epoch 272 - Val R²: 0.6390 | Reg Val Loss: 0.4199
[Stage1] New best (epoch 272) Val Loss: 0.4199 — saved: checkpoints\nnknn_regression_best_califonia_housing_softmax_locality_fold_1_retr.pth
[Stage1] Epoch 273 - Val R²: 0.6390 | Reg Val Loss: 0.4198
[Stage1] New best (epoch 273) Val Loss: 0.4198 — saved: checkpoints\nnknn_regression_best_califonia_housing_softmax_locality_fold_1_retr.pth
[Stage1] Epoch 274 - Val R²: 0.6391 | Reg Val Loss: 0.4198
[Stage1] New best (epoch 274) Val Loss: 0.4198 — saved: checkpoints\nnknn_regression_best_califonia_housing_softmax_locality_fold_1_retr.pth
[Stage1] Epoch 275 - Val R²: 0.6391 | Reg Val Loss: 0.4198
[Stage1] New best (epoch 275) Val Loss: 0.4198 — saved: checkpoints\nnknn_regression_best_califonia_housing_softmax_locality_fold_1_retr.pth
[Stage1] Epoch 276 - Val R²: 0.6391 | Reg Val Loss: 0.4198
[Stage1] No improv. Best so far: 0.4198 (epoch 275)
[Stage1] Epoch 277 - Val R²: 0.6392 | Reg Val Loss: 0.4197
[Stage1] New best (epoch 277) Val Loss: 0.4197 — saved: checkpoints\nnknn_regression_best_califonia_housing_softmax_locality_fold_1_retr.pth
[Stage1] Epoch 278 - Val R²: 0.6392 | Reg Val Loss: 0.4197
[Stage1] New best (epoch 278) Val Loss: 0.4197 — saved: checkpoints\nnknn_regression_best_califonia_housing_softmax_locality_fold_1_retr.pth
[Stage1] Epoch 279 - Val R²: 0.6392 | Reg Val Loss: 0.4196
[Stage1] New best (epoch 279) Val Loss: 0.4196 — saved: checkpoints\nnknn_regression_best_califonia_housing_softmax_locality_fold_1_retr.pth
[Stage1] Epoch 280 - Val R²: 0.6392 | Reg Val Loss: 0.4196
[Stage1] New best (epoch 280) Val Loss: 0.4196 — saved: checkpoints\nnknn_regression_best_califonia_housing_softmax_locality_fold_1_retr.pth
[Stage1] Epoch 281 - Val R²: 0.6393 | Reg Val Loss: 0.4196
[Stage1] New best (epoch 281) Val Loss: 0.4196 — saved: checkpoints\nnknn_regression_best_califonia_housing_softmax_locality_fold_1_retr.pth
[Stage1] Epoch 282 - Val R²: 0.6393 | Reg Val Loss: 0.4196
[Stage1] New best (epoch 282) Val Loss: 0.4196 — saved: checkpoints\nnknn_regression_best_califonia_housing_softmax_locality_fold_1_retr.pth
[Stage1] Epoch 283 - Val R²: 0.6393 | Reg Val Loss: 0.4196
[Stage1] New best (epoch 283) Val Loss: 0.4196 — saved: checkpoints\nnknn_regression_best_califonia_housing_softmax_locality_fold_1_retr.pth
[Stage1] Epoch 284 - Val R²: 0.6393 | Reg Val Loss: 0.4195
[Stage1] New best (epoch 284) Val Loss: 0.4195 — saved: checkpoints\nnknn_regression_best_califonia_housing_softmax_locality_fold_1_retr.pth
[Stage1] Epoch 285 - Val R²: 0.6393 | Reg Val Loss: 0.4195
[Stage1] New best (epoch 285) Val Loss: 0.4195 — saved: checkpoints\nnknn_regression_best_califonia_housing_softmax_locality_fold_1_retr.pth
[Stage1] Epoch 286 - Val R²: 0.6394 | Reg Val Loss: 0.4194
[Stage1] New best (epoch 286) Val Loss: 0.4194 — saved: checkpoints\nnknn_regression_best_califonia_housing_softmax_locality_fold_1_retr.pth
[Stage1] Epoch 287 - Val R²: 0.6394 | Reg Val Loss: 0.4195
[Stage1] No improv. Best so far: 0.4194 (epoch 286)
[Stage1] Epoch 288 - Val R²: 0.6394 | Reg Val Loss: 0.4194
[Stage1] New best (epoch 288) Val Loss: 0.4194 — saved: checkpoints\nnknn_regression_best_califonia_housing_softmax_locality_fold_1_retr.pth
[Stage1] Epoch 289 - Val R²: 0.6394 | Reg Val Loss: 0.4194
[Stage1] No improv. Best so far: 0.4194 (epoch 288)
[Stage1] Epoch 290 - Val R²: 0.6395 | Reg Val Loss: 0.4194
[Stage1] New best (epoch 290) Val Loss: 0.4194 — saved: checkpoints\nnknn_regression_best_califonia_housing_softmax_locality_fold_1_retr.pth
[Stage1] Epoch 291 - Val R²: 0.6395 | Reg Val Loss: 0.4194
[Stage1] No improv. Best so far: 0.4194 (epoch 290)
[Stage1] Epoch 292 - Val R²: 0.6395 | Reg Val Loss: 0.4194
[Stage1] New best (epoch 292) Val Loss: 0.4194 — saved: checkpoints\nnknn_regression_best_califonia_housing_softmax_locality_fold_1_retr.pth
[Stage1] Epoch 293 - Val R²: 0.6395 | Reg Val Loss: 0.4194
[Stage1] No improv. Best so far: 0.4194 (epoch 292)
[Stage1] Epoch 294 - Val R²: 0.6395 | Reg Val Loss: 0.4194
[Stage1] New best (epoch 294) Val Loss: 0.4194 — saved: checkpoints\nnknn_regression_best_califonia_housing_softmax_locality_fold_1_retr.pth
[Stage1] Epoch 295 - Val R²: 0.6395 | Reg Val Loss: 0.4193
[Stage1] New best (epoch 295) Val Loss: 0.4193 — saved: checkpoints\nnknn_regression_best_califonia_housing_softmax_locality_fold_1_retr.pth
[Stage1] Epoch 296 - Val R²: 0.6395 | Reg Val Loss: 0.4193
[Stage1] No improv. Best so far: 0.4193 (epoch 295)
[Stage1] Epoch 297 - Val R²: 0.6396 | Reg Val Loss: 0.4192
[Stage1] New best (epoch 297) Val Loss: 0.4192 — saved: checkpoints\nnknn_regression_best_califonia_housing_softmax_locality_fold_1_retr.pth
[Stage1] Epoch 298 - Val R²: 0.6396 | Reg Val Loss: 0.4192
[Stage1] New best (epoch 298) Val Loss: 0.4192 — saved: checkpoints\nnknn_regression_best_califonia_housing_softmax_locality_fold_1_retr.pth
[Stage1] Epoch 299 - Val R²: 0.6396 | Reg Val Loss: 0.4192
[Stage1] No improv. Best so far: 0.4192 (epoch 298)
[Stage1] Epoch 300 - Val R²: 0.6397 | Reg Val Loss: 0.4192
[Stage1] New best (epoch 300) Val Loss: 0.4192 — saved: checkpoints\nnknn_regression_best_califonia_housing_softmax_locality_fold_1_retr.pth
[Stage1] Epoch 301 - Val R²: 0.6396 | Reg Val Loss: 0.4192
[Stage1] New best (epoch 301) Val Loss: 0.4192 — saved: checkpoints\nnknn_regression_best_califonia_housing_softmax_locality_fold_1_retr.pth
[Stage1] Epoch 302 - Val R²: 0.6397 | Reg Val Loss: 0.4191
[Stage1] New best (epoch 302) Val Loss: 0.4191 — saved: checkpoints\nnknn_regression_best_califonia_housing_softmax_locality_fold_1_retr.pth
[Stage1] Epoch 303 - Val R²: 0.6397 | Reg Val Loss: 0.4191
[Stage1] New best (epoch 303) Val Loss: 0.4191 — saved: checkpoints\nnknn_regression_best_califonia_housing_softmax_locality_fold_1_retr.pth
[Stage1] Epoch 304 - Val R²: 0.6397 | Reg Val Loss: 0.4192
[Stage1] No improv. Best so far: 0.4191 (epoch 303)
[Stage1] Epoch 305 - Val R²: 0.6398 | Reg Val Loss: 0.4191
[Stage1] New best (epoch 305) Val Loss: 0.4191 — saved: checkpoints\nnknn_regression_best_califonia_housing_softmax_locality_fold_1_retr.pth
[Stage1] Epoch 306 - Val R²: 0.6398 | Reg Val Loss: 0.4191
[Stage1] No improv. Best so far: 0.4191 (epoch 305)
[Stage1] Epoch 307 - Val R²: 0.6398 | Reg Val Loss: 0.4191
[Stage1] New best (epoch 307) Val Loss: 0.4191 — saved: checkpoints\nnknn_regression_best_califonia_housing_softmax_locality_fold_1_retr.pth
[Stage1] Epoch 308 - Val R²: 0.6398 | Reg Val Loss: 0.4191
[Stage1] New best (epoch 308) Val Loss: 0.4191 — saved: checkpoints\nnknn_regression_best_califonia_housing_softmax_locality_fold_1_retr.pth
[Stage1] Epoch 309 - Val R²: 0.6398 | Reg Val Loss: 0.4190
[Stage1] New best (epoch 309) Val Loss: 0.4190 — saved: checkpoints\nnknn_regression_best_califonia_housing_softmax_locality_fold_1_retr.pth
[Stage1] Epoch 310 - Val R²: 0.6398 | Reg Val Loss: 0.4191
[Stage1] No improv. Best so far: 0.4190 (epoch 309)
[Stage1] Epoch 311 - Val R²: 0.6399 | Reg Val Loss: 0.4190
[Stage1] New best (epoch 311) Val Loss: 0.4190 — saved: checkpoints\nnknn_regression_best_califonia_housing_softmax_locality_fold_1_retr.pth
[Stage1] Epoch 312 - Val R²: 0.6399 | Reg Val Loss: 0.4190
[Stage1] New best (epoch 312) Val Loss: 0.4190 — saved: checkpoints\nnknn_regression_best_califonia_housing_softmax_locality_fold_1_retr.pth
[Stage1] Epoch 313 - Val R²: 0.6398 | Reg Val Loss: 0.4190
[Stage1] No improv. Best so far: 0.4190 (epoch 312)
[Stage1] Epoch 314 - Val R²: 0.6399 | Reg Val Loss: 0.4190
[Stage1] No improv. Best so far: 0.4190 (epoch 312)
[Stage1] Epoch 315 - Val R²: 0.6399 | Reg Val Loss: 0.4190
[Stage1] New best (epoch 315) Val Loss: 0.4190 — saved: checkpoints\nnknn_regression_best_califonia_housing_softmax_locality_fold_1_retr.pth
[Stage1] Epoch 316 - Val R²: 0.6399 | Reg Val Loss: 0.4190
[Stage1] New best (epoch 316) Val Loss: 0.4190 — saved: checkpoints\nnknn_regression_best_califonia_housing_softmax_locality_fold_1_retr.pth
[Stage1] Epoch 317 - Val R²: 0.6399 | Reg Val Loss: 0.4189
[Stage1] New best (epoch 317) Val Loss: 0.4189 — saved: checkpoints\nnknn_regression_best_califonia_housing_softmax_locality_fold_1_retr.pth
[Stage1] Epoch 318 - Val R²: 0.6400 | Reg Val Loss: 0.4189
[Stage1] New best (epoch 318) Val Loss: 0.4189 — saved: checkpoints\nnknn_regression_best_califonia_housing_softmax_locality_fold_1_retr.pth
[Stage1] Epoch 319 - Val R²: 0.6400 | Reg Val Loss: 0.4189
[Stage1] New best (epoch 319) Val Loss: 0.4189 — saved: checkpoints\nnknn_regression_best_califonia_housing_softmax_locality_fold_1_retr.pth
[Stage1] Epoch 320 - Val R²: 0.6400 | Reg Val Loss: 0.4189
[Stage1] New best (epoch 320) Val Loss: 0.4189 — saved: checkpoints\nnknn_regression_best_califonia_housing_softmax_locality_fold_1_retr.pth
[Stage1] Epoch 321 - Val R²: 0.6400 | Reg Val Loss: 0.4189
[Stage1] No improv. Best so far: 0.4189 (epoch 320)
[Stage1] Epoch 322 - Val R²: 0.6401 | Reg Val Loss: 0.4188
[Stage1] New best (epoch 322) Val Loss: 0.4188 — saved: checkpoints\nnknn_regression_best_califonia_housing_softmax_locality_fold_1_retr.pth
[Stage1] Epoch 323 - Val R²: 0.6400 | Reg Val Loss: 0.4189
[Stage1] No improv. Best so far: 0.4188 (epoch 322)
[Stage1] Epoch 324 - Val R²: 0.6401 | Reg Val Loss: 0.4188
[Stage1] New best (epoch 324) Val Loss: 0.4188 — saved: checkpoints\nnknn_regression_best_califonia_housing_softmax_locality_fold_1_retr.pth
[Stage1] Epoch 325 - Val R²: 0.6400 | Reg Val Loss: 0.4188
[Stage1] No improv. Best so far: 0.4188 (epoch 324)
[Stage1] Epoch 326 - Val R²: 0.6400 | Reg Val Loss: 0.4189
[Stage1] No improv. Best so far: 0.4188 (epoch 324)
[Stage1] Epoch 327 - Val R²: 0.6401 | Reg Val Loss: 0.4188
[Stage1] New best (epoch 327) Val Loss: 0.4188 — saved: checkpoints\nnknn_regression_best_califonia_housing_softmax_locality_fold_1_retr.pth
[Stage1] Epoch 328 - Val R²: 0.6401 | Reg Val Loss: 0.4188
[Stage1] New best (epoch 328) Val Loss: 0.4188 — saved: checkpoints\nnknn_regression_best_califonia_housing_softmax_locality_fold_1_retr.pth
[Stage1] Epoch 329 - Val R²: 0.6401 | Reg Val Loss: 0.4188
[Stage1] No improv. Best so far: 0.4188 (epoch 328)
[Stage1] Epoch 330 - Val R²: 0.6400 | Reg Val Loss: 0.4188
[Stage1] No improv. Best so far: 0.4188 (epoch 328)
[Stage1] Epoch 331 - Val R²: 0.6401 | Reg Val Loss: 0.4187
[Stage1] New best (epoch 331) Val Loss: 0.4187 — saved: checkpoints\nnknn_regression_best_califonia_housing_softmax_locality_fold_1_retr.pth
[Stage1] Epoch 332 - Val R²: 0.6402 | Reg Val Loss: 0.4187
[Stage1] New best (epoch 332) Val Loss: 0.4187 — saved: checkpoints\nnknn_regression_best_califonia_housing_softmax_locality_fold_1_retr.pth
[Stage1] Epoch 333 - Val R²: 0.6402 | Reg Val Loss: 0.4187
[Stage1] New best (epoch 333) Val Loss: 0.4187 — saved: checkpoints\nnknn_regression_best_califonia_housing_softmax_locality_fold_1_retr.pth
[Stage1] Epoch 334 - Val R²: 0.6402 | Reg Val Loss: 0.4187
[Stage1] New best (epoch 334) Val Loss: 0.4187 — saved: checkpoints\nnknn_regression_best_califonia_housing_softmax_locality_fold_1_retr.pth
[Stage1] Epoch 335 - Val R²: 0.6402 | Reg Val Loss: 0.4187
[Stage1] No improv. Best so far: 0.4187 (epoch 334)
[Stage1] Epoch 336 - Val R²: 0.6402 | Reg Val Loss: 0.4187
[Stage1] No improv. Best so far: 0.4187 (epoch 334)
[Stage1] Epoch 337 - Val R²: 0.6402 | Reg Val Loss: 0.4187
[Stage1] New best (epoch 337) Val Loss: 0.4187 — saved: checkpoints\nnknn_regression_best_califonia_housing_softmax_locality_fold_1_retr.pth
[Stage1] Epoch 338 - Val R²: 0.6402 | Reg Val Loss: 0.4187
[Stage1] No improv. Best so far: 0.4187 (epoch 337)
[Stage1] Epoch 339 - Val R²: 0.6402 | Reg Val Loss: 0.4186
[Stage1] New best (epoch 339) Val Loss: 0.4186 — saved: checkpoints\nnknn_regression_best_califonia_housing_softmax_locality_fold_1_retr.pth
[Stage1] Epoch 340 - Val R²: 0.6402 | Reg Val Loss: 0.4186
[Stage1] No improv. Best so far: 0.4186 (epoch 339)
[Stage1] Epoch 341 - Val R²: 0.6402 | Reg Val Loss: 0.4187
[Stage1] No improv. Best so far: 0.4186 (epoch 339)
[Stage1] Epoch 342 - Val R²: 0.6402 | Reg Val Loss: 0.4186
[Stage1] New best (epoch 342) Val Loss: 0.4186 — saved: checkpoints\nnknn_regression_best_califonia_housing_softmax_locality_fold_1_retr.pth
[Stage1] Epoch 343 - Val R²: 0.6402 | Reg Val Loss: 0.4186
[Stage1] No improv. Best so far: 0.4186 (epoch 342)
[Stage1] Epoch 344 - Val R²: 0.6403 | Reg Val Loss: 0.4186
[Stage1] New best (epoch 344) Val Loss: 0.4186 — saved: checkpoints\nnknn_regression_best_califonia_housing_softmax_locality_fold_1_retr.pth
[Stage1] Epoch 345 - Val R²: 0.6403 | Reg Val Loss: 0.4186
[Stage1] New best (epoch 345) Val Loss: 0.4186 — saved: checkpoints\nnknn_regression_best_califonia_housing_softmax_locality_fold_1_retr.pth
[Stage1] Epoch 346 - Val R²: 0.6403 | Reg Val Loss: 0.4185
[Stage1] New best (epoch 346) Val Loss: 0.4185 — saved: checkpoints\nnknn_regression_best_califonia_housing_softmax_locality_fold_1_retr.pth
[Stage1] Epoch 347 - Val R²: 0.6403 | Reg Val Loss: 0.4185
[Stage1] New best (epoch 347) Val Loss: 0.4185 — saved: checkpoints\nnknn_regression_best_califonia_housing_softmax_locality_fold_1_retr.pth
[Stage1] Epoch 348 - Val R²: 0.6403 | Reg Val Loss: 0.4186
[Stage1] No improv. Best so far: 0.4185 (epoch 347)
[Stage1] Epoch 349 - Val R²: 0.6403 | Reg Val Loss: 0.4185
[Stage1] No improv. Best so far: 0.4185 (epoch 347)
[Stage1] Epoch 350 - Val R²: 0.6403 | Reg Val Loss: 0.4185
[Stage1] New best (epoch 350) Val Loss: 0.4185 — saved: checkpoints\nnknn_regression_best_califonia_housing_softmax_locality_fold_1_retr.pth
[Stage1] Epoch 351 - Val R²: 0.6403 | Reg Val Loss: 0.4185
[Stage1] No improv. Best so far: 0.4185 (epoch 350)
[Stage1] Epoch 352 - Val R²: 0.6403 | Reg Val Loss: 0.4185
[Stage1] No improv. Best so far: 0.4185 (epoch 350)
[Stage1] Epoch 353 - Val R²: 0.6404 | Reg Val Loss: 0.4185
[Stage1] No improv. Best so far: 0.4185 (epoch 350)
[Stage1] Epoch 354 - Val R²: 0.6404 | Reg Val Loss: 0.4185
[Stage1] New best (epoch 354) Val Loss: 0.4185 — saved: checkpoints\nnknn_regression_best_califonia_housing_softmax_locality_fold_1_retr.pth
[Stage1] Epoch 355 - Val R²: 0.6404 | Reg Val Loss: 0.4185
[Stage1] New best (epoch 355) Val Loss: 0.4185 — saved: checkpoints\nnknn_regression_best_califonia_housing_softmax_locality_fold_1_retr.pth
[Stage1] Epoch 356 - Val R²: 0.6404 | Reg Val Loss: 0.4185
[Stage1] No improv. Best so far: 0.4185 (epoch 355)
[Stage1] Epoch 357 - Val R²: 0.6404 | Reg Val Loss: 0.4185
[Stage1] New best (epoch 357) Val Loss: 0.4185 — saved: checkpoints\nnknn_regression_best_califonia_housing_softmax_locality_fold_1_retr.pth
[Stage1] Epoch 358 - Val R²: 0.6404 | Reg Val Loss: 0.4185
[Stage1] No improv. Best so far: 0.4185 (epoch 357)
[Stage1] Epoch 359 - Val R²: 0.6403 | Reg Val Loss: 0.4185
[Stage1] No improv. Best so far: 0.4185 (epoch 357)
[Stage1] Epoch 360 - Val R²: 0.6404 | Reg Val Loss: 0.4185
[Stage1] No improv. Best so far: 0.4185 (epoch 357)
[Stage1] Epoch 361 - Val R²: 0.6405 | Reg Val Loss: 0.4184
[Stage1] New best (epoch 361) Val Loss: 0.4184 — saved: checkpoints\nnknn_regression_best_califonia_housing_softmax_locality_fold_1_retr.pth
[Stage1] Epoch 362 - Val R²: 0.6404 | Reg Val Loss: 0.4185
[Stage1] No improv. Best so far: 0.4184 (epoch 361)
[Stage1] Epoch 363 - Val R²: 0.6404 | Reg Val Loss: 0.4184
[Stage1] No improv. Best so far: 0.4184 (epoch 361)
[Stage1] Epoch 364 - Val R²: 0.6405 | Reg Val Loss: 0.4184
[Stage1] New best (epoch 364) Val Loss: 0.4184 — saved: checkpoints\nnknn_regression_best_califonia_housing_softmax_locality_fold_1_retr.pth
[Stage1] Epoch 365 - Val R²: 0.6405 | Reg Val Loss: 0.4184
[Stage1] New best (epoch 365) Val Loss: 0.4184 — saved: checkpoints\nnknn_regression_best_califonia_housing_softmax_locality_fold_1_retr.pth
[Stage1] Epoch 366 - Val R²: 0.6405 | Reg Val Loss: 0.4184
[Stage1] No improv. Best so far: 0.4184 (epoch 365)
[Stage1] Epoch 367 - Val R²: 0.6405 | Reg Val Loss: 0.4184
[Stage1] No improv. Best so far: 0.4184 (epoch 365)
[Stage1] Epoch 368 - Val R²: 0.6404 | Reg Val Loss: 0.4184
[Stage1] No improv. Best so far: 0.4184 (epoch 365)
[Stage1] Epoch 369 - Val R²: 0.6405 | Reg Val Loss: 0.4184
[Stage1] No improv. Best so far: 0.4184 (epoch 365)
[Stage1] Epoch 370 - Val R²: 0.6405 | Reg Val Loss: 0.4184
[Stage1] New best (epoch 370) Val Loss: 0.4184 — saved: checkpoints\nnknn_regression_best_califonia_housing_softmax_locality_fold_1_retr.pth
[Stage1] Epoch 371 - Val R²: 0.6405 | Reg Val Loss: 0.4184
[Stage1] New best (epoch 371) Val Loss: 0.4184 — saved: checkpoints\nnknn_regression_best_califonia_housing_softmax_locality_fold_1_retr.pth
[Stage1] Epoch 372 - Val R²: 0.6405 | Reg Val Loss: 0.4184
[Stage1] No improv. Best so far: 0.4184 (epoch 371)
[Stage1] Epoch 373 - Val R²: 0.6405 | Reg Val Loss: 0.4183
[Stage1] New best (epoch 373) Val Loss: 0.4183 — saved: checkpoints\nnknn_regression_best_califonia_housing_softmax_locality_fold_1_retr.pth
[Stage1] Epoch 374 - Val R²: 0.6404 | Reg Val Loss: 0.4184
[Stage1] No improv. Best so far: 0.4183 (epoch 373)
[Stage1] Epoch 375 - Val R²: 0.6406 | Reg Val Loss: 0.4183
[Stage1] New best (epoch 375) Val Loss: 0.4183 — saved: checkpoints\nnknn_regression_best_califonia_housing_softmax_locality_fold_1_retr.pth
[Stage1] Epoch 376 - Val R²: 0.6405 | Reg Val Loss: 0.4183
[Stage1] New best (epoch 376) Val Loss: 0.4183 — saved: checkpoints\nnknn_regression_best_califonia_housing_softmax_locality_fold_1_retr.pth
[Stage1] Epoch 377 - Val R²: 0.6405 | Reg Val Loss: 0.4183
[Stage1] No improv. Best so far: 0.4183 (epoch 376)
[Stage1] Epoch 378 - Val R²: 0.6405 | Reg Val Loss: 0.4183
[Stage1] No improv. Best so far: 0.4183 (epoch 376)
[Stage1] Epoch 379 - Val R²: 0.6406 | Reg Val Loss: 0.4183
[Stage1] No improv. Best so far: 0.4183 (epoch 376)
[Stage1] Epoch 380 - Val R²: 0.6405 | Reg Val Loss: 0.4183
[Stage1] No improv. Best so far: 0.4183 (epoch 376)
[Stage1] Epoch 381 - Val R²: 0.6406 | Reg Val Loss: 0.4182
[Stage1] New best (epoch 381) Val Loss: 0.4182 — saved: checkpoints\nnknn_regression_best_califonia_housing_softmax_locality_fold_1_retr.pth
[Stage1] Epoch 382 - Val R²: 0.6406 | Reg Val Loss: 0.4182
[Stage1] New best (epoch 382) Val Loss: 0.4182 — saved: checkpoints\nnknn_regression_best_califonia_housing_softmax_locality_fold_1_retr.pth
[Stage1] Epoch 383 - Val R²: 0.6405 | Reg Val Loss: 0.4183
[Stage1] No improv. Best so far: 0.4182 (epoch 382)
[Stage1] Epoch 384 - Val R²: 0.6405 | Reg Val Loss: 0.4183
[Stage1] No improv. Best so far: 0.4182 (epoch 382)
[Stage1] Epoch 385 - Val R²: 0.6405 | Reg Val Loss: 0.4183
[Stage1] No improv. Best so far: 0.4182 (epoch 382)
[Stage1] Epoch 386 - Val R²: 0.6405 | Reg Val Loss: 0.4183
[Stage1] No improv. Best so far: 0.4182 (epoch 382)
[Stage1] Epoch 387 - Val R²: 0.6406 | Reg Val Loss: 0.4182
[Stage1] New best (epoch 387) Val Loss: 0.4182 — saved: checkpoints\nnknn_regression_best_califonia_housing_softmax_locality_fold_1_retr.pth
[Stage1] Epoch 388 - Val R²: 0.6405 | Reg Val Loss: 0.4182
[Stage1] No improv. Best so far: 0.4182 (epoch 387)
[Stage1] Epoch 389 - Val R²: 0.6405 | Reg Val Loss: 0.4182
[Stage1] No improv. Best so far: 0.4182 (epoch 387)
[Stage1] Epoch 390 - Val R²: 0.6405 | Reg Val Loss: 0.4182
[Stage1] No improv. Best so far: 0.4182 (epoch 387)
[Stage1] Epoch 391 - Val R²: 0.6406 | Reg Val Loss: 0.4182
[Stage1] New best (epoch 391) Val Loss: 0.4182 — saved: checkpoints\nnknn_regression_best_califonia_housing_softmax_locality_fold_1_retr.pth
[Stage1] Epoch 392 - Val R²: 0.6405 | Reg Val Loss: 0.4182
[Stage1] No improv. Best so far: 0.4182 (epoch 391)
[Stage1] Epoch 393 - Val R²: 0.6405 | Reg Val Loss: 0.4182
[Stage1] No improv. Best so far: 0.4182 (epoch 391)
[Stage1] Epoch 394 - Val R²: 0.6405 | Reg Val Loss: 0.4182
[Stage1] No improv. Best so far: 0.4182 (epoch 391)
[Stage1] Epoch 395 - Val R²: 0.6406 | Reg Val Loss: 0.4181
[Stage1] New best (epoch 395) Val Loss: 0.4181 — saved: checkpoints\nnknn_regression_best_califonia_housing_softmax_locality_fold_1_retr.pth
[Stage1] Epoch 396 - Val R²: 0.6406 | Reg Val Loss: 0.4181
[Stage1] No improv. Best so far: 0.4181 (epoch 395)
[Stage1] Epoch 397 - Val R²: 0.6406 | Reg Val Loss: 0.4181
[Stage1] No improv. Best so far: 0.4181 (epoch 395)
[Stage1] Epoch 398 - Val R²: 0.6406 | Reg Val Loss: 0.4182
[Stage1] No improv. Best so far: 0.4181 (epoch 395)
[Stage1] Epoch 399 - Val R²: 0.6407 | Reg Val Loss: 0.4181
[Stage1] New best (epoch 399) Val Loss: 0.4181 — saved: checkpoints\nnknn_regression_best_califonia_housing_softmax_locality_fold_1_retr.pth
[Stage1] Epoch 400 - Val R²: 0.6406 | Reg Val Loss: 0.4180
[Stage1] New best (epoch 400) Val Loss: 0.4180 — saved: checkpoints\nnknn_regression_best_califonia_housing_softmax_locality_fold_1_retr.pth
[Stage1] Epoch 401 - Val R²: 0.6406 | Reg Val Loss: 0.4181
[Stage1] No improv. Best so far: 0.4180 (epoch 400)
[Stage1] Epoch 402 - Val R²: 0.6406 | Reg Val Loss: 0.4180
[Stage1] New best (epoch 402) Val Loss: 0.4180 — saved: checkpoints\nnknn_regression_best_califonia_housing_softmax_locality_fold_1_retr.pth
[Stage1] Epoch 403 - Val R²: 0.6406 | Reg Val Loss: 0.4181
[Stage1] No improv. Best so far: 0.4180 (epoch 402)
[Stage1] Epoch 404 - Val R²: 0.6407 | Reg Val Loss: 0.4180
[Stage1] No improv. Best so far: 0.4180 (epoch 402)
[Stage1] Epoch 405 - Val R²: 0.6407 | Reg Val Loss: 0.4180
[Stage1] New best (epoch 405) Val Loss: 0.4180 — saved: checkpoints\nnknn_regression_best_califonia_housing_softmax_locality_fold_1_retr.pth
[Stage1] Epoch 406 - Val R²: 0.6407 | Reg Val Loss: 0.4180
[Stage1] No improv. Best so far: 0.4180 (epoch 405)
[Stage1] Epoch 407 - Val R²: 0.6407 | Reg Val Loss: 0.4180
[Stage1] New best (epoch 407) Val Loss: 0.4180 — saved: checkpoints\nnknn_regression_best_califonia_housing_softmax_locality_fold_1_retr.pth
[Stage1] Epoch 408 - Val R²: 0.6407 | Reg Val Loss: 0.4180
[Stage1] No improv. Best so far: 0.4180 (epoch 407)
[Stage1] Epoch 409 - Val R²: 0.6407 | Reg Val Loss: 0.4181
[Stage1] No improv. Best so far: 0.4180 (epoch 407)
[Stage1] Epoch 410 - Val R²: 0.6407 | Reg Val Loss: 0.4180
[Stage1] No improv. Best so far: 0.4180 (epoch 407)
[Stage1] Epoch 411 - Val R²: 0.6407 | Reg Val Loss: 0.4180
[Stage1] No improv. Best so far: 0.4180 (epoch 407)
[Stage1] Epoch 412 - Val R²: 0.6407 | Reg Val Loss: 0.4180
[Stage1] New best (epoch 412) Val Loss: 0.4180 — saved: checkpoints\nnknn_regression_best_califonia_housing_softmax_locality_fold_1_retr.pth
[Stage1] Epoch 413 - Val R²: 0.6407 | Reg Val Loss: 0.4180
[Stage1] No improv. Best so far: 0.4180 (epoch 412)
[Stage1] Epoch 414 - Val R²: 0.6407 | Reg Val Loss: 0.4180
[Stage1] No improv. Best so far: 0.4180 (epoch 412)
[Stage1] Epoch 415 - Val R²: 0.6407 | Reg Val Loss: 0.4180
[Stage1] New best (epoch 415) Val Loss: 0.4180 — saved: checkpoints\nnknn_regression_best_califonia_housing_softmax_locality_fold_1_retr.pth
[Stage1] Epoch 416 - Val R²: 0.6406 | Reg Val Loss: 0.4181
[Stage1] No improv. Best so far: 0.4180 (epoch 415)
[Stage1] Epoch 417 - Val R²: 0.6407 | Reg Val Loss: 0.4181
[Stage1] No improv. Best so far: 0.4180 (epoch 415)
[Stage1] Epoch 418 - Val R²: 0.6407 | Reg Val Loss: 0.4180
[Stage1] No improv. Best so far: 0.4180 (epoch 415)
[Stage1] Epoch 419 - Val R²: 0.6406 | Reg Val Loss: 0.4180
[Stage1] No improv. Best so far: 0.4180 (epoch 415)
[Stage1] Epoch 420 - Val R²: 0.6406 | Reg Val Loss: 0.4180
[Stage1] No improv. Best so far: 0.4180 (epoch 415)
[Stage1] Epoch 421 - Val R²: 0.6407 | Reg Val Loss: 0.4180
[Stage1] No improv. Best so far: 0.4180 (epoch 415)
[Stage1] Epoch 422 - Val R²: 0.6407 | Reg Val Loss: 0.4180
[Stage1] No improv. Best so far: 0.4180 (epoch 415)
[Stage1] Epoch 423 - Val R²: 0.6407 | Reg Val Loss: 0.4180
[Stage1] No improv. Best so far: 0.4180 (epoch 415)
[Stage1] Epoch 424 - Val R²: 0.6406 | Reg Val Loss: 0.4180
[Stage1] No improv. Best so far: 0.4180 (epoch 415)
[Stage1] Epoch 425 - Val R²: 0.6407 | Reg Val Loss: 0.4180
[Stage1] New best (epoch 425) Val Loss: 0.4180 — saved: checkpoints\nnknn_regression_best_califonia_housing_softmax_locality_fold_1_retr.pth
[Stage1] Epoch 426 - Val R²: 0.6407 | Reg Val Loss: 0.4180
[Stage1] No improv. Best so far: 0.4180 (epoch 425)
[Stage1] Epoch 427 - Val R²: 0.6407 | Reg Val Loss: 0.4180
[Stage1] No improv. Best so far: 0.4180 (epoch 425)
[Stage1] Epoch 428 - Val R²: 0.6407 | Reg Val Loss: 0.4179
[Stage1] New best (epoch 428) Val Loss: 0.4179 — saved: checkpoints\nnknn_regression_best_califonia_housing_softmax_locality_fold_1_retr.pth
[Stage1] Epoch 429 - Val R²: 0.6406 | Reg Val Loss: 0.4180
[Stage1] No improv. Best so far: 0.4179 (epoch 428)
[Stage1] Epoch 430 - Val R²: 0.6406 | Reg Val Loss: 0.4180
[Stage1] No improv. Best so far: 0.4179 (epoch 428)
[Stage1] Epoch 431 - Val R²: 0.6407 | Reg Val Loss: 0.4180
[Stage1] No improv. Best so far: 0.4179 (epoch 428)
[Stage1] Epoch 432 - Val R²: 0.6407 | Reg Val Loss: 0.4180
[Stage1] No improv. Best so far: 0.4179 (epoch 428)
[Stage1] Epoch 433 - Val R²: 0.6407 | Reg Val Loss: 0.4180
[Stage1] No improv. Best so far: 0.4179 (epoch 428)
[Stage1] Epoch 434 - Val R²: 0.6406 | Reg Val Loss: 0.4180
[Stage1] No improv. Best so far: 0.4179 (epoch 428)
[Stage1] Epoch 435 - Val R²: 0.6407 | Reg Val Loss: 0.4179
[Stage1] New best (epoch 435) Val Loss: 0.4179 — saved: checkpoints\nnknn_regression_best_califonia_housing_softmax_locality_fold_1_retr.pth
[Stage1] Epoch 436 - Val R²: 0.6407 | Reg Val Loss: 0.4179
[Stage1] No improv. Best so far: 0.4179 (epoch 435)
[Stage1] Epoch 437 - Val R²: 0.6407 | Reg Val Loss: 0.4179
[Stage1] No improv. Best so far: 0.4179 (epoch 435)
[Stage1] Epoch 438 - Val R²: 0.6407 | Reg Val Loss: 0.4180
[Stage1] No improv. Best so far: 0.4179 (epoch 435)
[Stage1] Epoch 439 - Val R²: 0.6407 | Reg Val Loss: 0.4180
[Stage1] No improv. Best so far: 0.4179 (epoch 435)
[Stage1] Epoch 440 - Val R²: 0.6407 | Reg Val Loss: 0.4179
[Stage1] No improv. Best so far: 0.4179 (epoch 435)
[Stage1] Epoch 441 - Val R²: 0.6407 | Reg Val Loss: 0.4179
[Stage1] No improv. Best so far: 0.4179 (epoch 435)
[Stage1] Epoch 442 - Val R²: 0.6407 | Reg Val Loss: 0.4180
[Stage1] No improv. Best so far: 0.4179 (epoch 435)
[Stage1] Epoch 443 - Val R²: 0.6407 | Reg Val Loss: 0.4179
[Stage1] No improv. Best so far: 0.4179 (epoch 435)
[Stage1] Epoch 444 - Val R²: 0.6407 | Reg Val Loss: 0.4179
[Stage1] No improv. Best so far: 0.4179 (epoch 435)
[Stage1] Epoch 445 - Val R²: 0.6406 | Reg Val Loss: 0.4180
[Stage1] No improv. Best so far: 0.4179 (epoch 435)
[Stage1] Epoch 446 - Val R²: 0.6407 | Reg Val Loss: 0.4179
[Stage1] New best (epoch 446) Val Loss: 0.4179 — saved: checkpoints\nnknn_regression_best_califonia_housing_softmax_locality_fold_1_retr.pth
[Stage1] Epoch 447 - Val R²: 0.6407 | Reg Val Loss: 0.4179
[Stage1] No improv. Best so far: 0.4179 (epoch 446)
[Stage1] Epoch 448 - Val R²: 0.6407 | Reg Val Loss: 0.4179
[Stage1] No improv. Best so far: 0.4179 (epoch 446)
[Stage1] Epoch 449 - Val R²: 0.6406 | Reg Val Loss: 0.4180
[Stage1] No improv. Best so far: 0.4179 (epoch 446)
[Stage1] Epoch 450 - Val R²: 0.6406 | Reg Val Loss: 0.4180
[Stage1] No improv. Best so far: 0.4179 (epoch 446)
[Stage1] Epoch 451 - Val R²: 0.6407 | Reg Val Loss: 0.4179
[Stage1] No improv. Best so far: 0.4179 (epoch 446)
[Stage1] Epoch 452 - Val R²: 0.6407 | Reg Val Loss: 0.4179
[Stage1] No improv. Best so far: 0.4179 (epoch 446)
[Stage1] Epoch 453 - Val R²: 0.6407 | Reg Val Loss: 0.4179
[Stage1] No improv. Best so far: 0.4179 (epoch 446)
[Stage1] Epoch 454 - Val R²: 0.6407 | Reg Val Loss: 0.4179
[Stage1] No improv. Best so far: 0.4179 (epoch 446)
[Stage1] Epoch 455 - Val R²: 0.6407 | Reg Val Loss: 0.4180
[Stage1] No improv. Best so far: 0.4179 (epoch 446)
[Stage1] Epoch 456 - Val R²: 0.6406 | Reg Val Loss: 0.4180
[Stage1] No improv. Best so far: 0.4179 (epoch 446)
[Stage1] Epoch 457 - Val R²: 0.6407 | Reg Val Loss: 0.4179
[Stage1] No improv. Best so far: 0.4179 (epoch 446)
[Stage1] Epoch 458 - Val R²: 0.6406 | Reg Val Loss: 0.4180
[Stage1] No improv. Best so far: 0.4179 (epoch 446)
[Stage1] Epoch 459 - Val R²: 0.6406 | Reg Val Loss: 0.4180
[Stage1] No improv. Best so far: 0.4179 (epoch 446)
[Stage1] Epoch 460 - Val R²: 0.6407 | Reg Val Loss: 0.4180
[Stage1] No improv. Best so far: 0.4179 (epoch 446)
[Stage1] Epoch 461 - Val R²: 0.6406 | Reg Val Loss: 0.4180
[Stage1] No improv. Best so far: 0.4179 (epoch 446)
[Stage1] Epoch 462 - Val R²: 0.6407 | Reg Val Loss: 0.4180
[Stage1] No improv. Best so far: 0.4179 (epoch 446)
[Stage1] Epoch 463 - Val R²: 0.6408 | Reg Val Loss: 0.4179
[Stage1] No improv. Best so far: 0.4179 (epoch 446)
[Stage1] Epoch 464 - Val R²: 0.6407 | Reg Val Loss: 0.4180
[Stage1] No improv. Best so far: 0.4179 (epoch 446)
[Stage1] Epoch 465 - Val R²: 0.6407 | Reg Val Loss: 0.4179
[Stage1] No improv. Best so far: 0.4179 (epoch 446)
[Stage1] Epoch 466 - Val R²: 0.6407 | Reg Val Loss: 0.4179
[Stage1] No improv. Best so far: 0.4179 (epoch 446)
[Stage1] Epoch 467 - Val R²: 0.6407 | Reg Val Loss: 0.4179
[Stage1] No improv. Best so far: 0.4179 (epoch 446)
[Stage1] Epoch 468 - Val R²: 0.6406 | Reg Val Loss: 0.4180
[Stage1] No improv. Best so far: 0.4179 (epoch 446)
[Stage1] Epoch 469 - Val R²: 0.6407 | Reg Val Loss: 0.4179
[Stage1] No improv. Best so far: 0.4179 (epoch 446)
[Stage1] Epoch 470 - Val R²: 0.6407 | Reg Val Loss: 0.4179
[Stage1] New best (epoch 470) Val Loss: 0.4179 — saved: checkpoints\nnknn_regression_best_califonia_housing_softmax_locality_fold_1_retr.pth
[Stage1] Epoch 471 - Val R²: 0.6407 | Reg Val Loss: 0.4179
[Stage1] No improv. Best so far: 0.4179 (epoch 470)
[Stage1] Epoch 472 - Val R²: 0.6406 | Reg Val Loss: 0.4180
[Stage1] No improv. Best so far: 0.4179 (epoch 470)
[Stage1] Epoch 473 - Val R²: 0.6406 | Reg Val Loss: 0.4179
[Stage1] No improv. Best so far: 0.4179 (epoch 470)
[Stage1] Epoch 474 - Val R²: 0.6406 | Reg Val Loss: 0.4180
[Stage1] No improv. Best so far: 0.4179 (epoch 470)
[Stage1] Epoch 475 - Val R²: 0.6406 | Reg Val Loss: 0.4179
[Stage1] No improv. Best so far: 0.4179 (epoch 470)
[Stage1] Epoch 476 - Val R²: 0.6407 | Reg Val Loss: 0.4179
[Stage1] No improv. Best so far: 0.4179 (epoch 470)
[Stage1] Epoch 477 - Val R²: 0.6406 | Reg Val Loss: 0.4179
[Stage1] No improv. Best so far: 0.4179 (epoch 470)
[Stage1] Epoch 478 - Val R²: 0.6406 | Reg Val Loss: 0.4179
[Stage1] No improv. Best so far: 0.4179 (epoch 470)
[Stage1] Epoch 479 - Val R²: 0.6407 | Reg Val Loss: 0.4179
[Stage1] No improv. Best so far: 0.4179 (epoch 470)
[Stage1] Epoch 480 - Val R²: 0.6406 | Reg Val Loss: 0.4179
[Stage1] No improv. Best so far: 0.4179 (epoch 470)
[Stage1] Epoch 481 - Val R²: 0.6406 | Reg Val Loss: 0.4180
[Stage1] No improv. Best so far: 0.4179 (epoch 470)
[Stage1] Epoch 482 - Val R²: 0.6407 | Reg Val Loss: 0.4179
[Stage1] No improv. Best so far: 0.4179 (epoch 470)
[Stage1] Epoch 483 - Val R²: 0.6407 | Reg Val Loss: 0.4179
[Stage1] No improv. Best so far: 0.4179 (epoch 470)
[Stage1] Epoch 484 - Val R²: 0.6406 | Reg Val Loss: 0.4180
[Stage1] No improv. Best so far: 0.4179 (epoch 470)
[Stage1] Epoch 485 - Val R²: 0.6406 | Reg Val Loss: 0.4179
[Stage1] No improv. Best so far: 0.4179 (epoch 470)
[Stage1] Epoch 486 - Val R²: 0.6407 | Reg Val Loss: 0.4179
[Stage1] No improv. Best so far: 0.4179 (epoch 470)
[Stage1] Epoch 487 - Val R²: 0.6406 | Reg Val Loss: 0.4179
[Stage1] No improv. Best so far: 0.4179 (epoch 470)
[Stage1] Epoch 488 - Val R²: 0.6406 | Reg Val Loss: 0.4180
[Stage1] No improv. Best so far: 0.4179 (epoch 470)
[Stage1] Epoch 489 - Val R²: 0.6406 | Reg Val Loss: 0.4179
[Stage1] No improv. Best so far: 0.4179 (epoch 470)
[Stage1] Epoch 490 - Val R²: 0.6406 | Reg Val Loss: 0.4180
[Stage1] No improv. Best so far: 0.4179 (epoch 470)
[Stage1] Epoch 491 - Val R²: 0.6406 | Reg Val Loss: 0.4180
[Stage1] No improv. Best so far: 0.4179 (epoch 470)
[Stage1] Epoch 492 - Val R²: 0.6406 | Reg Val Loss: 0.4179
[Stage1] No improv. Best so far: 0.4179 (epoch 470)
[Stage1] Epoch 493 - Val R²: 0.6406 | Reg Val Loss: 0.4179
[Stage1] No improv. Best so far: 0.4179 (epoch 470)
[Stage1] Epoch 494 - Val R²: 0.6406 | Reg Val Loss: 0.4180
[Stage1] No improv. Best so far: 0.4179 (epoch 470)
[Stage1] Epoch 495 - Val R²: 0.6406 | Reg Val Loss: 0.4180
[Stage1] No improv. Best so far: 0.4179 (epoch 470)
[Stage1] Epoch 496 - Val R²: 0.6406 | Reg Val Loss: 0.4180
[Stage1] No improv. Best so far: 0.4179 (epoch 470)
[Stage1] Epoch 497 - Val R²: 0.6406 | Reg Val Loss: 0.4180
[Stage1] No improv. Best so far: 0.4179 (epoch 470)
[Stage1] Epoch 498 - Val R²: 0.6406 | Reg Val Loss: 0.4179
[Stage1] No improv. Best so far: 0.4179 (epoch 470)
[Stage1] Epoch 499 - Val R²: 0.6405 | Reg Val Loss: 0.4180
[Stage1] No improv. Best so far: 0.4179 (epoch 470)
[Stage1] Epoch 500 - Val R²: 0.6405 | Reg Val Loss: 0.4180
[Stage1] No improv. Best so far: 0.4179 (epoch 470)
[Stage1] Epoch 501 - Val R²: 0.6406 | Reg Val Loss: 0.4179
[Stage1] No improv. Best so far: 0.4179 (epoch 470)
[Stage1] Epoch 502 - Val R²: 0.6406 | Reg Val Loss: 0.4179
[Stage1] No improv. Best so far: 0.4179 (epoch 470)
[Stage1] Epoch 503 - Val R²: 0.6406 | Reg Val Loss: 0.4179
[Stage1] No improv. Best so far: 0.4179 (epoch 470)
[Stage1] Epoch 504 - Val R²: 0.6406 | Reg Val Loss: 0.4179
[Stage1] No improv. Best so far: 0.4179 (epoch 470)
[Stage1] Epoch 505 - Val R²: 0.6405 | Reg Val Loss: 0.4179
[Stage1] No improv. Best so far: 0.4179 (epoch 470)
[Stage1] Epoch 506 - Val R²: 0.6405 | Reg Val Loss: 0.4180
[Stage1] No improv. Best so far: 0.4179 (epoch 470)
[Stage1] Epoch 507 - Val R²: 0.6405 | Reg Val Loss: 0.4179
[Stage1] No improv. Best so far: 0.4179 (epoch 470)
[Stage1] Epoch 508 - Val R²: 0.6406 | Reg Val Loss: 0.4179
[Stage1] No improv. Best so far: 0.4179 (epoch 470)
[Stage1] Epoch 509 - Val R²: 0.6406 | Reg Val Loss: 0.4179
[Stage1] No improv. Best so far: 0.4179 (epoch 470)
[Stage1] Epoch 510 - Val R²: 0.6406 | Reg Val Loss: 0.4179
[Stage1] No improv. Best so far: 0.4179 (epoch 470)
[Stage1] Epoch 511 - Val R²: 0.6405 | Reg Val Loss: 0.4180
[Stage1] No improv. Best so far: 0.4179 (epoch 470)
[Stage1] Epoch 512 - Val R²: 0.6406 | Reg Val Loss: 0.4179
[Stage1] No improv. Best so far: 0.4179 (epoch 470)
[Stage1] Epoch 513 - Val R²: 0.6405 | Reg Val Loss: 0.4180
[Stage1] No improv. Best so far: 0.4179 (epoch 470)
[Stage1] Epoch 514 - Val R²: 0.6406 | Reg Val Loss: 0.4179
[Stage1] No improv. Best so far: 0.4179 (epoch 470)
[Stage1] Epoch 515 - Val R²: 0.6405 | Reg Val Loss: 0.4179
[Stage1] No improv. Best so far: 0.4179 (epoch 470)
[Stage1] Epoch 516 - Val R²: 0.6406 | Reg Val Loss: 0.4179
[Stage1] No improv. Best so far: 0.4179 (epoch 470)
[Stage1] Epoch 517 - Val R²: 0.6405 | Reg Val Loss: 0.4179
[Stage1] No improv. Best so far: 0.4179 (epoch 470)
[Stage1] Epoch 518 - Val R²: 0.6405 | Reg Val Loss: 0.4179
[Stage1] No improv. Best so far: 0.4179 (epoch 470)
[Stage1] Epoch 519 - Val R²: 0.6406 | Reg Val Loss: 0.4179
[Stage1] No improv. Best so far: 0.4179 (epoch 470)
[Stage1] Epoch 520 - Val R²: 0.6405 | Reg Val Loss: 0.4179
[Stage1] No improv. Best so far: 0.4179 (epoch 470)
[Stage1] Epoch 521 - Val R²: 0.6406 | Reg Val Loss: 0.4178
[Stage1] New best (epoch 521) Val Loss: 0.4178 — saved: checkpoints\nnknn_regression_best_califonia_housing_softmax_locality_fold_1_retr.pth
[Stage1] Epoch 522 - Val R²: 0.6406 | Reg Val Loss: 0.4179
[Stage1] No improv. Best so far: 0.4178 (epoch 521)
[Stage1] Epoch 523 - Val R²: 0.6405 | Reg Val Loss: 0.4179
[Stage1] No improv. Best so far: 0.4178 (epoch 521)
[Stage1] Epoch 524 - Val R²: 0.6406 | Reg Val Loss: 0.4179
[Stage1] No improv. Best so far: 0.4178 (epoch 521)
[Stage1] Epoch 525 - Val R²: 0.6405 | Reg Val Loss: 0.4179
[Stage1] No improv. Best so far: 0.4178 (epoch 521)
[Stage1] Epoch 526 - Val R²: 0.6405 | Reg Val Loss: 0.4179
[Stage1] No improv. Best so far: 0.4178 (epoch 521)
[Stage1] Epoch 527 - Val R²: 0.6405 | Reg Val Loss: 0.4179
[Stage1] No improv. Best so far: 0.4178 (epoch 521)
[Stage1] Epoch 528 - Val R²: 0.6405 | Reg Val Loss: 0.4179
[Stage1] No improv. Best so far: 0.4178 (epoch 521)
[Stage1] Epoch 529 - Val R²: 0.6405 | Reg Val Loss: 0.4179
[Stage1] No improv. Best so far: 0.4178 (epoch 521)
[Stage1] Epoch 530 - Val R²: 0.6405 | Reg Val Loss: 0.4179
[Stage1] No improv. Best so far: 0.4178 (epoch 521)
[Stage1] Epoch 531 - Val R²: 0.6404 | Reg Val Loss: 0.4179
[Stage1] No improv. Best so far: 0.4178 (epoch 521)
[Stage1] Epoch 532 - Val R²: 0.6405 | Reg Val Loss: 0.4179
[Stage1] No improv. Best so far: 0.4178 (epoch 521)
[Stage1] Epoch 533 - Val R²: 0.6405 | Reg Val Loss: 0.4179
[Stage1] No improv. Best so far: 0.4178 (epoch 521)
[Stage1] Epoch 534 - Val R²: 0.6404 | Reg Val Loss: 0.4180
[Stage1] No improv. Best so far: 0.4178 (epoch 521)
[Stage1] Epoch 535 - Val R²: 0.6405 | Reg Val Loss: 0.4179
[Stage1] No improv. Best so far: 0.4178 (epoch 521)
[Stage1] Epoch 536 - Val R²: 0.6405 | Reg Val Loss: 0.4179
[Stage1] No improv. Best so far: 0.4178 (epoch 521)
[Stage1] Epoch 537 - Val R²: 0.6405 | Reg Val Loss: 0.4179
[Stage1] No improv. Best so far: 0.4178 (epoch 521)
[Stage1] Epoch 538 - Val R²: 0.6405 | Reg Val Loss: 0.4179
[Stage1] No improv. Best so far: 0.4178 (epoch 521)
[Stage1] Epoch 539 - Val R²: 0.6405 | Reg Val Loss: 0.4179
[Stage1] No improv. Best so far: 0.4178 (epoch 521)
[Stage1] Epoch 540 - Val R²: 0.6405 | Reg Val Loss: 0.4178
[Stage1] No improv. Best so far: 0.4178 (epoch 521)
[Stage1] Epoch 541 - Val R²: 0.6405 | Reg Val Loss: 0.4179
[Stage1] No improv. Best so far: 0.4178 (epoch 521)
[Stage1] Epoch 542 - Val R²: 0.6405 | Reg Val Loss: 0.4178
[Stage1] New best (epoch 542) Val Loss: 0.4178 — saved: checkpoints\nnknn_regression_best_califonia_housing_softmax_locality_fold_1_retr.pth
[Stage1] Epoch 543 - Val R²: 0.6405 | Reg Val Loss: 0.4178
[Stage1] No improv. Best so far: 0.4178 (epoch 542)
[Stage1] Epoch 544 - Val R²: 0.6405 | Reg Val Loss: 0.4178
[Stage1] No improv. Best so far: 0.4178 (epoch 542)
[Stage1] Epoch 545 - Val R²: 0.6405 | Reg Val Loss: 0.4178
[Stage1] No improv. Best so far: 0.4178 (epoch 542)
[Stage1] Epoch 546 - Val R²: 0.6405 | Reg Val Loss: 0.4179
[Stage1] No improv. Best so far: 0.4178 (epoch 542)
[Stage1] Epoch 547 - Val R²: 0.6405 | Reg Val Loss: 0.4178
[Stage1] No improv. Best so far: 0.4178 (epoch 542)
[Stage1] Epoch 548 - Val R²: 0.6405 | Reg Val Loss: 0.4179
[Stage1] No improv. Best so far: 0.4178 (epoch 542)
[Stage1] Epoch 549 - Val R²: 0.6405 | Reg Val Loss: 0.4178
[Stage1] No improv. Best so far: 0.4178 (epoch 542)
[Stage1] Epoch 550 - Val R²: 0.6405 | Reg Val Loss: 0.4179
[Stage1] No improv. Best so far: 0.4178 (epoch 542)
[Stage1] Epoch 551 - Val R²: 0.6405 | Reg Val Loss: 0.4178
[Stage1] No improv. Best so far: 0.4178 (epoch 542)
[Stage1] Epoch 552 - Val R²: 0.6405 | Reg Val Loss: 0.4179
[Stage1] No improv. Best so far: 0.4178 (epoch 542)
[Stage1] Epoch 553 - Val R²: 0.6405 | Reg Val Loss: 0.4179
[Stage1] No improv. Best so far: 0.4178 (epoch 542)
[Stage1] Epoch 554 - Val R²: 0.6405 | Reg Val Loss: 0.4179
[Stage1] No improv. Best so far: 0.4178 (epoch 542)
[Stage1] Epoch 555 - Val R²: 0.6404 | Reg Val Loss: 0.4179
[Stage1] No improv. Best so far: 0.4178 (epoch 542)
[Stage1] Epoch 556 - Val R²: 0.6405 | Reg Val Loss: 0.4179
[Stage1] No improv. Best so far: 0.4178 (epoch 542)
[Stage1] Epoch 557 - Val R²: 0.6405 | Reg Val Loss: 0.4179
[Stage1] No improv. Best so far: 0.4178 (epoch 542)
[Stage1] Epoch 558 - Val R²: 0.6405 | Reg Val Loss: 0.4179
[Stage1] No improv. Best so far: 0.4178 (epoch 542)
[Stage1] Epoch 559 - Val R²: 0.6405 | Reg Val Loss: 0.4179
[Stage1] No improv. Best so far: 0.4178 (epoch 542)
[Stage1] Epoch 560 - Val R²: 0.6404 | Reg Val Loss: 0.4179
[Stage1] No improv. Best so far: 0.4178 (epoch 542)
[Stage1] Epoch 561 - Val R²: 0.6404 | Reg Val Loss: 0.4179
[Stage1] No improv. Best so far: 0.4178 (epoch 542)
[Stage1] Epoch 562 - Val R²: 0.6404 | Reg Val Loss: 0.4179
[Stage1] No improv. Best so far: 0.4178 (epoch 542)
[Stage1] Epoch 563 - Val R²: 0.6404 | Reg Val Loss: 0.4179
[Stage1] No improv. Best so far: 0.4178 (epoch 542)
[Stage1] Epoch 564 - Val R²: 0.6404 | Reg Val Loss: 0.4179
[Stage1] No improv. Best so far: 0.4178 (epoch 542)
[Stage1] Epoch 565 - Val R²: 0.6404 | Reg Val Loss: 0.4179
[Stage1] No improv. Best so far: 0.4178 (epoch 542)
[Stage1] Epoch 566 - Val R²: 0.6404 | Reg Val Loss: 0.4179
[Stage1] No improv. Best so far: 0.4178 (epoch 542)
[Stage1] Epoch 567 - Val R²: 0.6404 | Reg Val Loss: 0.4179
[Stage1] No improv. Best so far: 0.4178 (epoch 542)
[Stage1] Epoch 568 - Val R²: 0.6404 | Reg Val Loss: 0.4179
[Stage1] No improv. Best so far: 0.4178 (epoch 542)
[Stage1] Epoch 569 - Val R²: 0.6403 | Reg Val Loss: 0.4179
[Stage1] No improv. Best so far: 0.4178 (epoch 542)
[Stage1] Epoch 570 - Val R²: 0.6404 | Reg Val Loss: 0.4179
[Stage1] No improv. Best so far: 0.4178 (epoch 542)
[Stage1] Epoch 571 - Val R²: 0.6404 | Reg Val Loss: 0.4179
[Stage1] No improv. Best so far: 0.4178 (epoch 542)
[Stage1] Epoch 572 - Val R²: 0.6403 | Reg Val Loss: 0.4180
[Stage1] No improv. Best so far: 0.4178 (epoch 542)
[Stage1] Epoch 573 - Val R²: 0.6404 | Reg Val Loss: 0.4179
[Stage1] No improv. Best so far: 0.4178 (epoch 542)
[Stage1] Epoch 574 - Val R²: 0.6404 | Reg Val Loss: 0.4178
[Stage1] No improv. Best so far: 0.4178 (epoch 542)
[Stage1] Epoch 575 - Val R²: 0.6404 | Reg Val Loss: 0.4179
[Stage1] No improv. Best so far: 0.4178 (epoch 542)
[Stage1] Epoch 576 - Val R²: 0.6404 | Reg Val Loss: 0.4179
[Stage1] No improv. Best so far: 0.4178 (epoch 542)
[Stage1] Epoch 577 - Val R²: 0.6404 | Reg Val Loss: 0.4179
[Stage1] No improv. Best so far: 0.4178 (epoch 542)
[Stage1] Epoch 578 - Val R²: 0.6404 | Reg Val Loss: 0.4179
[Stage1] No improv. Best so far: 0.4178 (epoch 542)
[Stage1] Epoch 579 - Val R²: 0.6404 | Reg Val Loss: 0.4179
[Stage1] No improv. Best so far: 0.4178 (epoch 542)
[Stage1] Epoch 580 - Val R²: 0.6404 | Reg Val Loss: 0.4179
[Stage1] No improv. Best so far: 0.4178 (epoch 542)
[Stage1] Epoch 581 - Val R²: 0.6403 | Reg Val Loss: 0.4179
[Stage1] No improv. Best so far: 0.4178 (epoch 542)
[Stage1] Epoch 582 - Val R²: 0.6403 | Reg Val Loss: 0.4179
[Stage1] No improv. Best so far: 0.4178 (epoch 542)
[Stage1] Epoch 583 - Val R²: 0.6403 | Reg Val Loss: 0.4179
[Stage1] No improv. Best so far: 0.4178 (epoch 542)
[Stage1] Epoch 584 - Val R²: 0.6403 | Reg Val Loss: 0.4179
[Stage1] No improv. Best so far: 0.4178 (epoch 542)
[Stage1] Epoch 585 - Val R²: 0.6403 | Reg Val Loss: 0.4179
[Stage1] No improv. Best so far: 0.4178 (epoch 542)
[Stage1] Epoch 586 - Val R²: 0.6404 | Reg Val Loss: 0.4179
[Stage1] No improv. Best so far: 0.4178 (epoch 542)
[Stage1] Epoch 587 - Val R²: 0.6404 | Reg Val Loss: 0.4179
[Stage1] No improv. Best so far: 0.4178 (epoch 542)
[Stage1] Epoch 588 - Val R²: 0.6404 | Reg Val Loss: 0.4179
[Stage1] No improv. Best so far: 0.4178 (epoch 542)
[Stage1] Epoch 589 - Val R²: 0.6403 | Reg Val Loss: 0.4179
[Stage1] No improv. Best so far: 0.4178 (epoch 542)
[Stage1] Epoch 590 - Val R²: 0.6404 | Reg Val Loss: 0.4179
[Stage1] No improv. Best so far: 0.4178 (epoch 542)
[Stage1] Epoch 591 - Val R²: 0.6404 | Reg Val Loss: 0.4179
[Stage1] No improv. Best so far: 0.4178 (epoch 542)
[Stage1] Epoch 592 - Val R²: 0.6404 | Reg Val Loss: 0.4179
[Stage1] No improv. Best so far: 0.4178 (epoch 542)
[Stage1] Epoch 593 - Val R²: 0.6403 | Reg Val Loss: 0.4179
[Stage1] No improv. Best so far: 0.4178 (epoch 542)
[Stage1] Epoch 594 - Val R²: 0.6404 | Reg Val Loss: 0.4179
[Stage1] No improv. Best so far: 0.4178 (epoch 542)
[Stage1] Epoch 595 - Val R²: 0.6403 | Reg Val Loss: 0.4179
[Stage1] No improv. Best so far: 0.4178 (epoch 542)
[Stage1] Epoch 596 - Val R²: 0.6403 | Reg Val Loss: 0.4179
[Stage1] No improv. Best so far: 0.4178 (epoch 542)
[Stage1] Epoch 597 - Val R²: 0.6403 | Reg Val Loss: 0.4179
[Stage1] No improv. Best so far: 0.4178 (epoch 542)
[Stage1] Epoch 598 - Val R²: 0.6404 | Reg Val Loss: 0.4179
[Stage1] No improv. Best so far: 0.4178 (epoch 542)
[Stage1] Epoch 599 - Val R²: 0.6403 | Reg Val Loss: 0.4179
[Stage1] No improv. Best so far: 0.4178 (epoch 542)
[Stage1] Epoch 600 - Val R²: 0.6403 | Reg Val Loss: 0.4179
[Stage1] No improv. Best so far: 0.4178 (epoch 542)
[Stage1] Epoch 601 - Val R²: 0.6403 | Reg Val Loss: 0.4179
[Stage1] No improv. Best so far: 0.4178 (epoch 542)
[Stage1] Epoch 602 - Val R²: 0.6403 | Reg Val Loss: 0.4179
[Stage1] No improv. Best so far: 0.4178 (epoch 542)
[Stage1] Epoch 603 - Val R²: 0.6403 | Reg Val Loss: 0.4178
[Stage1] No improv. Best so far: 0.4178 (epoch 542)
[Stage1] Epoch 604 - Val R²: 0.6403 | Reg Val Loss: 0.4179
[Stage1] No improv. Best so far: 0.4178 (epoch 542)
[Stage1] Epoch 605 - Val R²: 0.6403 | Reg Val Loss: 0.4178
[Stage1] No improv. Best so far: 0.4178 (epoch 542)
[Stage1] Epoch 606 - Val R²: 0.6403 | Reg Val Loss: 0.4179
[Stage1] No improv. Best so far: 0.4178 (epoch 542)
[Stage1] Epoch 607 - Val R²: 0.6403 | Reg Val Loss: 0.4179
[Stage1] No improv. Best so far: 0.4178 (epoch 542)
[Stage1] Epoch 608 - Val R²: 0.6402 | Reg Val Loss: 0.4180
[Stage1] No improv. Best so far: 0.4178 (epoch 542)
[Stage1] Epoch 609 - Val R²: 0.6403 | Reg Val Loss: 0.4179
[Stage1] No improv. Best so far: 0.4178 (epoch 542)
[Stage1] Epoch 610 - Val R²: 0.6403 | Reg Val Loss: 0.4179
[Stage1] No improv. Best so far: 0.4178 (epoch 542)
[Stage1] Epoch 611 - Val R²: 0.6403 | Reg Val Loss: 0.4178
[Stage1] No improv. Best so far: 0.4178 (epoch 542)
[Stage1] Epoch 612 - Val R²: 0.6402 | Reg Val Loss: 0.4179
[Stage1] No improv. Best so far: 0.4178 (epoch 542)
[Stage1] Epoch 613 - Val R²: 0.6403 | Reg Val Loss: 0.4178
[Stage1] No improv. Best so far: 0.4178 (epoch 542)
[Stage1] Epoch 614 - Val R²: 0.6403 | Reg Val Loss: 0.4178
[Stage1] No improv. Best so far: 0.4178 (epoch 542)
[Stage1] Epoch 615 - Val R²: 0.6402 | Reg Val Loss: 0.4179
[Stage1] No improv. Best so far: 0.4178 (epoch 542)
[Stage1] Epoch 616 - Val R²: 0.6403 | Reg Val Loss: 0.4178
[Stage1] No improv. Best so far: 0.4178 (epoch 542)
[Stage1] Epoch 617 - Val R²: 0.6403 | Reg Val Loss: 0.4179
[Stage1] No improv. Best so far: 0.4178 (epoch 542)
[Stage1] Epoch 618 - Val R²: 0.6403 | Reg Val Loss: 0.4178
[Stage1] New best (epoch 618) Val Loss: 0.4178 — saved: checkpoints\nnknn_regression_best_califonia_housing_softmax_locality_fold_1_retr.pth
[Stage1] Epoch 619 - Val R²: 0.6403 | Reg Val Loss: 0.4178
[Stage1] New best (epoch 619) Val Loss: 0.4178 — saved: checkpoints\nnknn_regression_best_califonia_housing_softmax_locality_fold_1_retr.pth
[Stage1] Epoch 620 - Val R²: 0.6403 | Reg Val Loss: 0.4178
[Stage1] No improv. Best so far: 0.4178 (epoch 619)
[Stage1] Epoch 621 - Val R²: 0.6402 | Reg Val Loss: 0.4178
[Stage1] No improv. Best so far: 0.4178 (epoch 619)
[Stage1] Epoch 622 - Val R²: 0.6403 | Reg Val Loss: 0.4178
[Stage1] No improv. Best so far: 0.4178 (epoch 619)
[Stage1] Epoch 623 - Val R²: 0.6402 | Reg Val Loss: 0.4178
[Stage1] No improv. Best so far: 0.4178 (epoch 619)
[Stage1] Epoch 624 - Val R²: 0.6403 | Reg Val Loss: 0.4178
[Stage1] No improv. Best so far: 0.4178 (epoch 619)
[Stage1] Epoch 625 - Val R²: 0.6403 | Reg Val Loss: 0.4178
[Stage1] No improv. Best so far: 0.4178 (epoch 619)
[Stage1] Epoch 626 - Val R²: 0.6402 | Reg Val Loss: 0.4178
[Stage1] No improv. Best so far: 0.4178 (epoch 619)
[Stage1] Epoch 627 - Val R²: 0.6403 | Reg Val Loss: 0.4179
[Stage1] No improv. Best so far: 0.4178 (epoch 619)
[Stage1] Epoch 628 - Val R²: 0.6403 | Reg Val Loss: 0.4178
[Stage1] No improv. Best so far: 0.4178 (epoch 619)
[Stage1] Epoch 629 - Val R²: 0.6403 | Reg Val Loss: 0.4178
[Stage1] No improv. Best so far: 0.4178 (epoch 619)
[Stage1] Epoch 630 - Val R²: 0.6402 | Reg Val Loss: 0.4178
[Stage1] No improv. Best so far: 0.4178 (epoch 619)
[Stage1] Epoch 631 - Val R²: 0.6402 | Reg Val Loss: 0.4178
[Stage1] No improv. Best so far: 0.4178 (epoch 619)
[Stage1] Epoch 632 - Val R²: 0.6402 | Reg Val Loss: 0.4178
[Stage1] No improv. Best so far: 0.4178 (epoch 619)
[Stage1] Epoch 633 - Val R²: 0.6403 | Reg Val Loss: 0.4178
[Stage1] No improv. Best so far: 0.4178 (epoch 619)
[Stage1] Epoch 634 - Val R²: 0.6401 | Reg Val Loss: 0.4178
[Stage1] No improv. Best so far: 0.4178 (epoch 619)
[Stage1] Epoch 635 - Val R²: 0.6402 | Reg Val Loss: 0.4178
[Stage1] No improv. Best so far: 0.4178 (epoch 619)
[Stage1] Epoch 636 - Val R²: 0.6403 | Reg Val Loss: 0.4178
[Stage1] New best (epoch 636) Val Loss: 0.4178 — saved: checkpoints\nnknn_regression_best_califonia_housing_softmax_locality_fold_1_retr.pth
[Stage1] Epoch 637 - Val R²: 0.6403 | Reg Val Loss: 0.4178
[Stage1] No improv. Best so far: 0.4178 (epoch 636)
[Stage1] Epoch 638 - Val R²: 0.6403 | Reg Val Loss: 0.4178
[Stage1] New best (epoch 638) Val Loss: 0.4178 — saved: checkpoints\nnknn_regression_best_califonia_housing_softmax_locality_fold_1_retr.pth
[Stage1] Epoch 639 - Val R²: 0.6403 | Reg Val Loss: 0.4177
[Stage1] New best (epoch 639) Val Loss: 0.4177 — saved: checkpoints\nnknn_regression_best_califonia_housing_softmax_locality_fold_1_retr.pth
[Stage1] Epoch 640 - Val R²: 0.6402 | Reg Val Loss: 0.4178
[Stage1] No improv. Best so far: 0.4177 (epoch 639)
[Stage1] Epoch 641 - Val R²: 0.6402 | Reg Val Loss: 0.4178
[Stage1] No improv. Best so far: 0.4177 (epoch 639)
[Stage1] Epoch 642 - Val R²: 0.6402 | Reg Val Loss: 0.4178
[Stage1] No improv. Best so far: 0.4177 (epoch 639)
[Stage1] Epoch 643 - Val R²: 0.6403 | Reg Val Loss: 0.4178
[Stage1] No improv. Best so far: 0.4177 (epoch 639)
[Stage1] Epoch 644 - Val R²: 0.6403 | Reg Val Loss: 0.4177
[Stage1] No improv. Best so far: 0.4177 (epoch 639)
[Stage1] Epoch 645 - Val R²: 0.6403 | Reg Val Loss: 0.4178
[Stage1] No improv. Best so far: 0.4177 (epoch 639)
[Stage1] Epoch 646 - Val R²: 0.6402 | Reg Val Loss: 0.4178
[Stage1] No improv. Best so far: 0.4177 (epoch 639)
[Stage1] Epoch 647 - Val R²: 0.6402 | Reg Val Loss: 0.4178
[Stage1] No improv. Best so far: 0.4177 (epoch 639)
[Stage1] Epoch 648 - Val R²: 0.6403 | Reg Val Loss: 0.4177
[Stage1] New best (epoch 648) Val Loss: 0.4177 — saved: checkpoints\nnknn_regression_best_califonia_housing_softmax_locality_fold_1_retr.pth
[Stage1] Epoch 649 - Val R²: 0.6403 | Reg Val Loss: 0.4177
[Stage1] No improv. Best so far: 0.4177 (epoch 648)
[Stage1] Epoch 650 - Val R²: 0.6402 | Reg Val Loss: 0.4177
[Stage1] No improv. Best so far: 0.4177 (epoch 648)
[Stage1] Epoch 651 - Val R²: 0.6402 | Reg Val Loss: 0.4177
[Stage1] No improv. Best so far: 0.4177 (epoch 648)
[Stage1] Epoch 652 - Val R²: 0.6402 | Reg Val Loss: 0.4177
[Stage1] No improv. Best so far: 0.4177 (epoch 648)
[Stage1] Epoch 653 - Val R²: 0.6402 | Reg Val Loss: 0.4177
[Stage1] No improv. Best so far: 0.4177 (epoch 648)
[Stage1] Epoch 654 - Val R²: 0.6403 | Reg Val Loss: 0.4177
[Stage1] New best (epoch 654) Val Loss: 0.4177 — saved: checkpoints\nnknn_regression_best_califonia_housing_softmax_locality_fold_1_retr.pth
[Stage1] Epoch 655 - Val R²: 0.6402 | Reg Val Loss: 0.4177
[Stage1] No improv. Best so far: 0.4177 (epoch 654)
[Stage1] Epoch 656 - Val R²: 0.6402 | Reg Val Loss: 0.4178
[Stage1] No improv. Best so far: 0.4177 (epoch 654)
[Stage1] Epoch 657 - Val R²: 0.6402 | Reg Val Loss: 0.4178
[Stage1] No improv. Best so far: 0.4177 (epoch 654)
[Stage1] Epoch 658 - Val R²: 0.6402 | Reg Val Loss: 0.4177
[Stage1] No improv. Best so far: 0.4177 (epoch 654)
[Stage1] Epoch 659 - Val R²: 0.6402 | Reg Val Loss: 0.4177
[Stage1] No improv. Best so far: 0.4177 (epoch 654)
[Stage1] Epoch 660 - Val R²: 0.6402 | Reg Val Loss: 0.4177
[Stage1] No improv. Best so far: 0.4177 (epoch 654)
[Stage1] Epoch 661 - Val R²: 0.6403 | Reg Val Loss: 0.4177
[Stage1] No improv. Best so far: 0.4177 (epoch 654)
[Stage1] Epoch 662 - Val R²: 0.6403 | Reg Val Loss: 0.4177
[Stage1] New best (epoch 662) Val Loss: 0.4177 — saved: checkpoints\nnknn_regression_best_califonia_housing_softmax_locality_fold_1_retr.pth
[Stage1] Epoch 663 - Val R²: 0.6402 | Reg Val Loss: 0.4177
[Stage1] No improv. Best so far: 0.4177 (epoch 662)
[Stage1] Epoch 664 - Val R²: 0.6403 | Reg Val Loss: 0.4177
[Stage1] No improv. Best so far: 0.4177 (epoch 662)
[Stage1] Epoch 665 - Val R²: 0.6402 | Reg Val Loss: 0.4177
[Stage1] No improv. Best so far: 0.4177 (epoch 662)
[Stage1] Epoch 666 - Val R²: 0.6403 | Reg Val Loss: 0.4176
[Stage1] New best (epoch 666) Val Loss: 0.4176 — saved: checkpoints\nnknn_regression_best_califonia_housing_softmax_locality_fold_1_retr.pth
[Stage1] Epoch 667 - Val R²: 0.6402 | Reg Val Loss: 0.4177
[Stage1] No improv. Best so far: 0.4176 (epoch 666)
[Stage1] Epoch 668 - Val R²: 0.6402 | Reg Val Loss: 0.4177
[Stage1] No improv. Best so far: 0.4176 (epoch 666)
[Stage1] Epoch 669 - Val R²: 0.6402 | Reg Val Loss: 0.4177
[Stage1] No improv. Best so far: 0.4176 (epoch 666)
[Stage1] Epoch 670 - Val R²: 0.6402 | Reg Val Loss: 0.4177
[Stage1] No improv. Best so far: 0.4176 (epoch 666)
[Stage1] Epoch 671 - Val R²: 0.6402 | Reg Val Loss: 0.4177
[Stage1] No improv. Best so far: 0.4176 (epoch 666)
[Stage1] Epoch 672 - Val R²: 0.6402 | Reg Val Loss: 0.4177
[Stage1] No improv. Best so far: 0.4176 (epoch 666)
[Stage1] Epoch 673 - Val R²: 0.6402 | Reg Val Loss: 0.4177
[Stage1] No improv. Best so far: 0.4176 (epoch 666)
[Stage1] Epoch 674 - Val R²: 0.6402 | Reg Val Loss: 0.4177
[Stage1] No improv. Best so far: 0.4176 (epoch 666)
[Stage1] Epoch 675 - Val R²: 0.6402 | Reg Val Loss: 0.4177
[Stage1] No improv. Best so far: 0.4176 (epoch 666)
[Stage1] Epoch 676 - Val R²: 0.6402 | Reg Val Loss: 0.4176
[Stage1] No improv. Best so far: 0.4176 (epoch 666)
[Stage1] Epoch 677 - Val R²: 0.6402 | Reg Val Loss: 0.4177
[Stage1] No improv. Best so far: 0.4176 (epoch 666)
[Stage1] Epoch 678 - Val R²: 0.6402 | Reg Val Loss: 0.4177
[Stage1] No improv. Best so far: 0.4176 (epoch 666)
[Stage1] Epoch 679 - Val R²: 0.6402 | Reg Val Loss: 0.4177
[Stage1] No improv. Best so far: 0.4176 (epoch 666)
[Stage1] Epoch 680 - Val R²: 0.6402 | Reg Val Loss: 0.4177
[Stage1] No improv. Best so far: 0.4176 (epoch 666)
[Stage1] Epoch 681 - Val R²: 0.6402 | Reg Val Loss: 0.4177
[Stage1] No improv. Best so far: 0.4176 (epoch 666)
[Stage1] Epoch 682 - Val R²: 0.6402 | Reg Val Loss: 0.4177
[Stage1] No improv. Best so far: 0.4176 (epoch 666)
[Stage1] Epoch 683 - Val R²: 0.6402 | Reg Val Loss: 0.4177
[Stage1] No improv. Best so far: 0.4176 (epoch 666)
[Stage1] Epoch 684 - Val R²: 0.6402 | Reg Val Loss: 0.4176
[Stage1] New best (epoch 684) Val Loss: 0.4176 — saved: checkpoints\nnknn_regression_best_califonia_housing_softmax_locality_fold_1_retr.pth
[Stage1] Epoch 685 - Val R²: 0.6403 | Reg Val Loss: 0.4176
[Stage1] No improv. Best so far: 0.4176 (epoch 684)
[Stage1] Epoch 686 - Val R²: 0.6402 | Reg Val Loss: 0.4176
[Stage1] No improv. Best so far: 0.4176 (epoch 684)
[Stage1] Epoch 687 - Val R²: 0.6403 | Reg Val Loss: 0.4176
[Stage1] New best (epoch 687) Val Loss: 0.4176 — saved: checkpoints\nnknn_regression_best_califonia_housing_softmax_locality_fold_1_retr.pth
[Stage1] Epoch 688 - Val R²: 0.6402 | Reg Val Loss: 0.4176
[Stage1] No improv. Best so far: 0.4176 (epoch 687)
[Stage1] Epoch 689 - Val R²: 0.6402 | Reg Val Loss: 0.4176
[Stage1] No improv. Best so far: 0.4176 (epoch 687)
[Stage1] Epoch 690 - Val R²: 0.6402 | Reg Val Loss: 0.4176
[Stage1] No improv. Best so far: 0.4176 (epoch 687)
[Stage1] Epoch 691 - Val R²: 0.6402 | Reg Val Loss: 0.4176
[Stage1] No improv. Best so far: 0.4176 (epoch 687)
[Stage1] Epoch 692 - Val R²: 0.6402 | Reg Val Loss: 0.4176
[Stage1] No improv. Best so far: 0.4176 (epoch 687)
[Stage1] Epoch 693 - Val R²: 0.6402 | Reg Val Loss: 0.4176
[Stage1] New best (epoch 693) Val Loss: 0.4176 — saved: checkpoints\nnknn_regression_best_califonia_housing_softmax_locality_fold_1_retr.pth
[Stage1] Epoch 694 - Val R²: 0.6402 | Reg Val Loss: 0.4176
[Stage1] New best (epoch 694) Val Loss: 0.4176 — saved: checkpoints\nnknn_regression_best_califonia_housing_softmax_locality_fold_1_retr.pth
[Stage1] Epoch 695 - Val R²: 0.6403 | Reg Val Loss: 0.4176
[Stage1] New best (epoch 695) Val Loss: 0.4176 — saved: checkpoints\nnknn_regression_best_califonia_housing_softmax_locality_fold_1_retr.pth
[Stage1] Epoch 696 - Val R²: 0.6403 | Reg Val Loss: 0.4176
[Stage1] No improv. Best so far: 0.4176 (epoch 695)
[Stage1] Epoch 697 - Val R²: 0.6402 | Reg Val Loss: 0.4175
[Stage1] New best (epoch 697) Val Loss: 0.4175 — saved: checkpoints\nnknn_regression_best_califonia_housing_softmax_locality_fold_1_retr.pth
[Stage1] Epoch 698 - Val R²: 0.6403 | Reg Val Loss: 0.4175
[Stage1] New best (epoch 698) Val Loss: 0.4175 — saved: checkpoints\nnknn_regression_best_califonia_housing_softmax_locality_fold_1_retr.pth
[Stage1] Epoch 699 - Val R²: 0.6403 | Reg Val Loss: 0.4175
[Stage1] New best (epoch 699) Val Loss: 0.4175 — saved: checkpoints\nnknn_regression_best_califonia_housing_softmax_locality_fold_1_retr.pth
[Stage1] Epoch 700 - Val R²: 0.6403 | Reg Val Loss: 0.4175
[Stage1] New best (epoch 700) Val Loss: 0.4175 — saved: checkpoints\nnknn_regression_best_califonia_housing_softmax_locality_fold_1_retr.pth
[Stage1] Epoch 701 - Val R²: 0.6402 | Reg Val Loss: 0.4176
[Stage1] No improv. Best so far: 0.4175 (epoch 700)
[Stage1] Epoch 702 - Val R²: 0.6402 | Reg Val Loss: 0.4176
[Stage1] No improv. Best so far: 0.4175 (epoch 700)
[Stage1] Epoch 703 - Val R²: 0.6403 | Reg Val Loss: 0.4175
[Stage1] No improv. Best so far: 0.4175 (epoch 700)
[Stage1] Epoch 704 - Val R²: 0.6402 | Reg Val Loss: 0.4175
[Stage1] No improv. Best so far: 0.4175 (epoch 700)
[Stage1] Epoch 705 - Val R²: 0.6403 | Reg Val Loss: 0.4175
[Stage1] No improv. Best so far: 0.4175 (epoch 700)
[Stage1] Epoch 706 - Val R²: 0.6403 | Reg Val Loss: 0.4175
[Stage1] New best (epoch 706) Val Loss: 0.4175 — saved: checkpoints\nnknn_regression_best_califonia_housing_softmax_locality_fold_1_retr.pth
[Stage1] Epoch 707 - Val R²: 0.6402 | Reg Val Loss: 0.4175
[Stage1] No improv. Best so far: 0.4175 (epoch 706)
[Stage1] Epoch 708 - Val R²: 0.6402 | Reg Val Loss: 0.4175
[Stage1] No improv. Best so far: 0.4175 (epoch 706)
[Stage1] Epoch 709 - Val R²: 0.6402 | Reg Val Loss: 0.4175
[Stage1] No improv. Best so far: 0.4175 (epoch 706)
[Stage1] Epoch 710 - Val R²: 0.6403 | Reg Val Loss: 0.4175
[Stage1] No improv. Best so far: 0.4175 (epoch 706)
[Stage1] Epoch 711 - Val R²: 0.6403 | Reg Val Loss: 0.4174
[Stage1] New best (epoch 711) Val Loss: 0.4174 — saved: checkpoints\nnknn_regression_best_califonia_housing_softmax_locality_fold_1_retr.pth
[Stage1] Epoch 712 - Val R²: 0.6402 | Reg Val Loss: 0.4175
[Stage1] No improv. Best so far: 0.4174 (epoch 711)
[Stage1] Epoch 713 - Val R²: 0.6402 | Reg Val Loss: 0.4175
[Stage1] No improv. Best so far: 0.4174 (epoch 711)
[Stage1] Epoch 714 - Val R²: 0.6403 | Reg Val Loss: 0.4174
[Stage1] New best (epoch 714) Val Loss: 0.4174 — saved: checkpoints\nnknn_regression_best_califonia_housing_softmax_locality_fold_1_retr.pth
[Stage1] Epoch 715 - Val R²: 0.6403 | Reg Val Loss: 0.4174
[Stage1] New best (epoch 715) Val Loss: 0.4174 — saved: checkpoints\nnknn_regression_best_califonia_housing_softmax_locality_fold_1_retr.pth
[Stage1] Epoch 716 - Val R²: 0.6403 | Reg Val Loss: 0.4174
[Stage1] No improv. Best so far: 0.4174 (epoch 715)
[Stage1] Epoch 717 - Val R²: 0.6403 | Reg Val Loss: 0.4174
[Stage1] No improv. Best so far: 0.4174 (epoch 715)
[Stage1] Epoch 718 - Val R²: 0.6403 | Reg Val Loss: 0.4174
[Stage1] No improv. Best so far: 0.4174 (epoch 715)
[Stage1] Epoch 719 - Val R²: 0.6403 | Reg Val Loss: 0.4174
[Stage1] New best (epoch 719) Val Loss: 0.4174 — saved: checkpoints\nnknn_regression_best_califonia_housing_softmax_locality_fold_1_retr.pth
[Stage1] Epoch 720 - Val R²: 0.6403 | Reg Val Loss: 0.4174
[Stage1] No improv. Best so far: 0.4174 (epoch 719)
[Stage1] Epoch 721 - Val R²: 0.6403 | Reg Val Loss: 0.4174
[Stage1] No improv. Best so far: 0.4174 (epoch 719)
[Stage1] Epoch 722 - Val R²: 0.6403 | Reg Val Loss: 0.4174
[Stage1] New best (epoch 722) Val Loss: 0.4174 — saved: checkpoints\nnknn_regression_best_califonia_housing_softmax_locality_fold_1_retr.pth
[Stage1] Epoch 723 - Val R²: 0.6403 | Reg Val Loss: 0.4174
[Stage1] No improv. Best so far: 0.4174 (epoch 722)
[Stage1] Epoch 724 - Val R²: 0.6403 | Reg Val Loss: 0.4173
[Stage1] New best (epoch 724) Val Loss: 0.4173 — saved: checkpoints\nnknn_regression_best_califonia_housing_softmax_locality_fold_1_retr.pth
[Stage1] Epoch 725 - Val R²: 0.6403 | Reg Val Loss: 0.4174
[Stage1] No improv. Best so far: 0.4173 (epoch 724)
[Stage1] Epoch 726 - Val R²: 0.6403 | Reg Val Loss: 0.4174
[Stage1] No improv. Best so far: 0.4173 (epoch 724)
[Stage1] Epoch 727 - Val R²: 0.6403 | Reg Val Loss: 0.4174
[Stage1] No improv. Best so far: 0.4173 (epoch 724)
[Stage1] Epoch 728 - Val R²: 0.6403 | Reg Val Loss: 0.4174
[Stage1] No improv. Best so far: 0.4173 (epoch 724)
[Stage1] Epoch 729 - Val R²: 0.6403 | Reg Val Loss: 0.4175
[Stage1] No improv. Best so far: 0.4173 (epoch 724)
[Stage1] Epoch 730 - Val R²: 0.6404 | Reg Val Loss: 0.4174
[Stage1] No improv. Best so far: 0.4173 (epoch 724)
[Stage1] Epoch 731 - Val R²: 0.6404 | Reg Val Loss: 0.4173
[Stage1] New best (epoch 731) Val Loss: 0.4173 — saved: checkpoints\nnknn_regression_best_califonia_housing_softmax_locality_fold_1_retr.pth
[Stage1] Epoch 732 - Val R²: 0.6403 | Reg Val Loss: 0.4174
[Stage1] No improv. Best so far: 0.4173 (epoch 731)
[Stage1] Epoch 733 - Val R²: 0.6403 | Reg Val Loss: 0.4174
[Stage1] No improv. Best so far: 0.4173 (epoch 731)
[Stage1] Epoch 734 - Val R²: 0.6403 | Reg Val Loss: 0.4175
[Stage1] No improv. Best so far: 0.4173 (epoch 731)
[Stage1] Epoch 735 - Val R²: 0.6403 | Reg Val Loss: 0.4174
[Stage1] No improv. Best so far: 0.4173 (epoch 731)
[Stage1] Epoch 736 - Val R²: 0.6403 | Reg Val Loss: 0.4174
[Stage1] No improv. Best so far: 0.4173 (epoch 731)
[Stage1] Epoch 737 - Val R²: 0.6403 | Reg Val Loss: 0.4174
[Stage1] No improv. Best so far: 0.4173 (epoch 731)
[Stage1] Epoch 738 - Val R²: 0.6403 | Reg Val Loss: 0.4174
[Stage1] No improv. Best so far: 0.4173 (epoch 731)
[Stage1] Epoch 739 - Val R²: 0.6403 | Reg Val Loss: 0.4174
[Stage1] No improv. Best so far: 0.4173 (epoch 731)
[Stage1] Epoch 740 - Val R²: 0.6403 | Reg Val Loss: 0.4174
[Stage1] No improv. Best so far: 0.4173 (epoch 731)
[Stage1] Epoch 741 - Val R²: 0.6404 | Reg Val Loss: 0.4173
[Stage1] No improv. Best so far: 0.4173 (epoch 731)
[Stage1] Epoch 742 - Val R²: 0.6403 | Reg Val Loss: 0.4174
[Stage1] No improv. Best so far: 0.4173 (epoch 731)
[Stage1] Epoch 743 - Val R²: 0.6404 | Reg Val Loss: 0.4173
[Stage1] New best (epoch 743) Val Loss: 0.4173 — saved: checkpoints\nnknn_regression_best_califonia_housing_softmax_locality_fold_1_retr.pth
[Stage1] Epoch 744 - Val R²: 0.6403 | Reg Val Loss: 0.4174
[Stage1] No improv. Best so far: 0.4173 (epoch 743)
[Stage1] Epoch 745 - Val R²: 0.6403 | Reg Val Loss: 0.4174
[Stage1] No improv. Best so far: 0.4173 (epoch 743)
[Stage1] Epoch 746 - Val R²: 0.6403 | Reg Val Loss: 0.4174
[Stage1] No improv. Best so far: 0.4173 (epoch 743)
[Stage1] Epoch 747 - Val R²: 0.6403 | Reg Val Loss: 0.4173
[Stage1] No improv. Best so far: 0.4173 (epoch 743)
[Stage1] Epoch 748 - Val R²: 0.6403 | Reg Val Loss: 0.4174
[Stage1] No improv. Best so far: 0.4173 (epoch 743)
[Stage1] Epoch 749 - Val R²: 0.6403 | Reg Val Loss: 0.4173
[Stage1] No improv. Best so far: 0.4173 (epoch 743)
[Stage1] Epoch 750 - Val R²: 0.6403 | Reg Val Loss: 0.4174
[Stage1] No improv. Best so far: 0.4173 (epoch 743)
[Stage1] Epoch 751 - Val R²: 0.6403 | Reg Val Loss: 0.4173
[Stage1] No improv. Best so far: 0.4173 (epoch 743)
[Stage1] Epoch 752 - Val R²: 0.6403 | Reg Val Loss: 0.4173
[Stage1] No improv. Best so far: 0.4173 (epoch 743)
[Stage1] Epoch 753 - Val R²: 0.6403 | Reg Val Loss: 0.4173
[Stage1] New best (epoch 753) Val Loss: 0.4173 — saved: checkpoints\nnknn_regression_best_califonia_housing_softmax_locality_fold_1_retr.pth
[Stage1] Epoch 754 - Val R²: 0.6403 | Reg Val Loss: 0.4173
[Stage1] No improv. Best so far: 0.4173 (epoch 753)
[Stage1] Epoch 755 - Val R²: 0.6403 | Reg Val Loss: 0.4173
[Stage1] No improv. Best so far: 0.4173 (epoch 753)
[Stage1] Epoch 756 - Val R²: 0.6403 | Reg Val Loss: 0.4173
[Stage1] No improv. Best so far: 0.4173 (epoch 753)
[Stage1] Epoch 757 - Val R²: 0.6403 | Reg Val Loss: 0.4174
[Stage1] No improv. Best so far: 0.4173 (epoch 753)
[Stage1] Epoch 758 - Val R²: 0.6403 | Reg Val Loss: 0.4173
[Stage1] No improv. Best so far: 0.4173 (epoch 753)
[Stage1] Epoch 759 - Val R²: 0.6404 | Reg Val Loss: 0.4173
[Stage1] New best (epoch 759) Val Loss: 0.4173 — saved: checkpoints\nnknn_regression_best_califonia_housing_softmax_locality_fold_1_retr.pth
[Stage1] Epoch 760 - Val R²: 0.6403 | Reg Val Loss: 0.4173
[Stage1] No improv. Best so far: 0.4173 (epoch 759)
[Stage1] Epoch 761 - Val R²: 0.6404 | Reg Val Loss: 0.4173
[Stage1] No improv. Best so far: 0.4173 (epoch 759)
[Stage1] Epoch 762 - Val R²: 0.6404 | Reg Val Loss: 0.4172
[Stage1] New best (epoch 762) Val Loss: 0.4172 — saved: checkpoints\nnknn_regression_best_califonia_housing_softmax_locality_fold_1_retr.pth
[Stage1] Epoch 763 - Val R²: 0.6404 | Reg Val Loss: 0.4173
[Stage1] No improv. Best so far: 0.4172 (epoch 762)
[Stage1] Epoch 764 - Val R²: 0.6404 | Reg Val Loss: 0.4172
[Stage1] No improv. Best so far: 0.4172 (epoch 762)
[Stage1] Epoch 765 - Val R²: 0.6404 | Reg Val Loss: 0.4172
[Stage1] No improv. Best so far: 0.4172 (epoch 762)
[Stage1] Epoch 766 - Val R²: 0.6404 | Reg Val Loss: 0.4172
[Stage1] New best (epoch 766) Val Loss: 0.4172 — saved: checkpoints\nnknn_regression_best_califonia_housing_softmax_locality_fold_1_retr.pth
[Stage1] Epoch 767 - Val R²: 0.6404 | Reg Val Loss: 0.4172
[Stage1] No improv. Best so far: 0.4172 (epoch 766)
[Stage1] Epoch 768 - Val R²: 0.6404 | Reg Val Loss: 0.4172
[Stage1] No improv. Best so far: 0.4172 (epoch 766)
[Stage1] Epoch 769 - Val R²: 0.6404 | Reg Val Loss: 0.4172
[Stage1] No improv. Best so far: 0.4172 (epoch 766)
[Stage1] Epoch 770 - Val R²: 0.6403 | Reg Val Loss: 0.4172
[Stage1] No improv. Best so far: 0.4172 (epoch 766)
[Stage1] Epoch 771 - Val R²: 0.6403 | Reg Val Loss: 0.4173
[Stage1] No improv. Best so far: 0.4172 (epoch 766)
[Stage1] Epoch 772 - Val R²: 0.6403 | Reg Val Loss: 0.4172
[Stage1] No improv. Best so far: 0.4172 (epoch 766)
[Stage1] Epoch 773 - Val R²: 0.6404 | Reg Val Loss: 0.4172
[Stage1] No improv. Best so far: 0.4172 (epoch 766)
[Stage1] Epoch 774 - Val R²: 0.6404 | Reg Val Loss: 0.4172
[Stage1] No improv. Best so far: 0.4172 (epoch 766)
[Stage1] Epoch 775 - Val R²: 0.6404 | Reg Val Loss: 0.4172
[Stage1] No improv. Best so far: 0.4172 (epoch 766)
[Stage1] Epoch 776 - Val R²: 0.6403 | Reg Val Loss: 0.4173
[Stage1] No improv. Best so far: 0.4172 (epoch 766)
[Stage1] Epoch 777 - Val R²: 0.6403 | Reg Val Loss: 0.4173
[Stage1] No improv. Best so far: 0.4172 (epoch 766)
[Stage1] Epoch 778 - Val R²: 0.6404 | Reg Val Loss: 0.4172
[Stage1] No improv. Best so far: 0.4172 (epoch 766)
[Stage1] Epoch 779 - Val R²: 0.6404 | Reg Val Loss: 0.4172
[Stage1] No improv. Best so far: 0.4172 (epoch 766)
[Stage1] Epoch 780 - Val R²: 0.6403 | Reg Val Loss: 0.4173
[Stage1] No improv. Best so far: 0.4172 (epoch 766)
[Stage1] Epoch 781 - Val R²: 0.6404 | Reg Val Loss: 0.4172
[Stage1] No improv. Best so far: 0.4172 (epoch 766)
[Stage1] Epoch 782 - Val R²: 0.6404 | Reg Val Loss: 0.4172
[Stage1] No improv. Best so far: 0.4172 (epoch 766)
[Stage1] Epoch 783 - Val R²: 0.6403 | Reg Val Loss: 0.4172
[Stage1] No improv. Best so far: 0.4172 (epoch 766)
[Stage1] Epoch 784 - Val R²: 0.6404 | Reg Val Loss: 0.4172
[Stage1] No improv. Best so far: 0.4172 (epoch 766)
[Stage1] Epoch 785 - Val R²: 0.6404 | Reg Val Loss: 0.4172
[Stage1] No improv. Best so far: 0.4172 (epoch 766)
[Stage1] Epoch 786 - Val R²: 0.6404 | Reg Val Loss: 0.4172
[Stage1] No improv. Best so far: 0.4172 (epoch 766)
[Stage1] Epoch 787 - Val R²: 0.6404 | Reg Val Loss: 0.4173
[Stage1] No improv. Best so far: 0.4172 (epoch 766)
[Stage1] Epoch 788 - Val R²: 0.6404 | Reg Val Loss: 0.4172
[Stage1] No improv. Best so far: 0.4172 (epoch 766)
[Stage1] Epoch 789 - Val R²: 0.6404 | Reg Val Loss: 0.4172
[Stage1] No improv. Best so far: 0.4172 (epoch 766)
[Stage1] Epoch 790 - Val R²: 0.6404 | Reg Val Loss: 0.4172
[Stage1] New best (epoch 790) Val Loss: 0.4172 — saved: checkpoints\nnknn_regression_best_califonia_housing_softmax_locality_fold_1_retr.pth
[Stage1] Epoch 791 - Val R²: 0.6404 | Reg Val Loss: 0.4172
[Stage1] No improv. Best so far: 0.4172 (epoch 790)
[Stage1] Epoch 792 - Val R²: 0.6404 | Reg Val Loss: 0.4172
[Stage1] No improv. Best so far: 0.4172 (epoch 790)
[Stage1] Epoch 793 - Val R²: 0.6404 | Reg Val Loss: 0.4172
[Stage1] New best (epoch 793) Val Loss: 0.4172 — saved: checkpoints\nnknn_regression_best_califonia_housing_softmax_locality_fold_1_retr.pth
[Stage1] Epoch 794 - Val R²: 0.6404 | Reg Val Loss: 0.4172
[Stage1] No improv. Best so far: 0.4172 (epoch 793)
[Stage1] Epoch 795 - Val R²: 0.6404 | Reg Val Loss: 0.4172
[Stage1] New best (epoch 795) Val Loss: 0.4172 — saved: checkpoints\nnknn_regression_best_califonia_housing_softmax_locality_fold_1_retr.pth
[Stage1] Epoch 796 - Val R²: 0.6404 | Reg Val Loss: 0.4172
[Stage1] No improv. Best so far: 0.4172 (epoch 795)
[Stage1] Epoch 797 - Val R²: 0.6403 | Reg Val Loss: 0.4172
[Stage1] No improv. Best so far: 0.4172 (epoch 795)
[Stage1] Epoch 798 - Val R²: 0.6404 | Reg Val Loss: 0.4172
[Stage1] No improv. Best so far: 0.4172 (epoch 795)
[Stage1] Epoch 799 - Val R²: 0.6404 | Reg Val Loss: 0.4172
[Stage1] No improv. Best so far: 0.4172 (epoch 795)
[Stage1] Epoch 800 - Val R²: 0.6404 | Reg Val Loss: 0.4172
[Stage1] New best (epoch 800) Val Loss: 0.4172 — saved: checkpoints\nnknn_regression_best_califonia_housing_softmax_locality_fold_1_retr.pth
[Stage1] Epoch 801 - Val R²: 0.6405 | Reg Val Loss: 0.4171
[Stage1] New best (epoch 801) Val Loss: 0.4171 — saved: checkpoints\nnknn_regression_best_califonia_housing_softmax_locality_fold_1_retr.pth
[Stage1] Epoch 802 - Val R²: 0.6404 | Reg Val Loss: 0.4171
[Stage1] No improv. Best so far: 0.4171 (epoch 801)
[Stage1] Epoch 803 - Val R²: 0.6404 | Reg Val Loss: 0.4172
[Stage1] No improv. Best so far: 0.4171 (epoch 801)
[Stage1] Epoch 804 - Val R²: 0.6404 | Reg Val Loss: 0.4172
[Stage1] No improv. Best so far: 0.4171 (epoch 801)
[Stage1] Epoch 805 - Val R²: 0.6405 | Reg Val Loss: 0.4171
[Stage1] New best (epoch 805) Val Loss: 0.4171 — saved: checkpoints\nnknn_regression_best_califonia_housing_softmax_locality_fold_1_retr.pth
[Stage1] Epoch 806 - Val R²: 0.6404 | Reg Val Loss: 0.4171
[Stage1] No improv. Best so far: 0.4171 (epoch 805)
[Stage1] Epoch 807 - Val R²: 0.6404 | Reg Val Loss: 0.4171
[Stage1] No improv. Best so far: 0.4171 (epoch 805)
[Stage1] Epoch 808 - Val R²: 0.6404 | Reg Val Loss: 0.4171
[Stage1] No improv. Best so far: 0.4171 (epoch 805)
[Stage1] Epoch 809 - Val R²: 0.6404 | Reg Val Loss: 0.4171
[Stage1] No improv. Best so far: 0.4171 (epoch 805)
[Stage1] Epoch 810 - Val R²: 0.6404 | Reg Val Loss: 0.4171
[Stage1] No improv. Best so far: 0.4171 (epoch 805)
[Stage1] Epoch 811 - Val R²: 0.6405 | Reg Val Loss: 0.4171
[Stage1] No improv. Best so far: 0.4171 (epoch 805)
[Stage1] Epoch 812 - Val R²: 0.6404 | Reg Val Loss: 0.4171
[Stage1] No improv. Best so far: 0.4171 (epoch 805)
[Stage1] Epoch 813 - Val R²: 0.6404 | Reg Val Loss: 0.4171
[Stage1] No improv. Best so far: 0.4171 (epoch 805)
[Stage1] Epoch 814 - Val R²: 0.6404 | Reg Val Loss: 0.4171
[Stage1] No improv. Best so far: 0.4171 (epoch 805)
[Stage1] Epoch 815 - Val R²: 0.6404 | Reg Val Loss: 0.4172
[Stage1] No improv. Best so far: 0.4171 (epoch 805)
[Stage1] Epoch 816 - Val R²: 0.6404 | Reg Val Loss: 0.4171
[Stage1] No improv. Best so far: 0.4171 (epoch 805)
[Stage1] Epoch 817 - Val R²: 0.6403 | Reg Val Loss: 0.4172
[Stage1] No improv. Best so far: 0.4171 (epoch 805)
[Stage1] Epoch 818 - Val R²: 0.6404 | Reg Val Loss: 0.4172
[Stage1] No improv. Best so far: 0.4171 (epoch 805)
[Stage1] Epoch 819 - Val R²: 0.6403 | Reg Val Loss: 0.4171
[Stage1] No improv. Best so far: 0.4171 (epoch 805)
[Stage1] Epoch 820 - Val R²: 0.6404 | Reg Val Loss: 0.4171
[Stage1] No improv. Best so far: 0.4171 (epoch 805)
[Stage1] Epoch 821 - Val R²: 0.6404 | Reg Val Loss: 0.4171
[Stage1] No improv. Best so far: 0.4171 (epoch 805)
[Stage1] Epoch 822 - Val R²: 0.6404 | Reg Val Loss: 0.4171
[Stage1] No improv. Best so far: 0.4171 (epoch 805)
[Stage1] Epoch 823 - Val R²: 0.6404 | Reg Val Loss: 0.4171
[Stage1] No improv. Best so far: 0.4171 (epoch 805)
[Stage1] Epoch 824 - Val R²: 0.6404 | Reg Val Loss: 0.4171
[Stage1] No improv. Best so far: 0.4171 (epoch 805)
[Stage1] Epoch 825 - Val R²: 0.6404 | Reg Val Loss: 0.4171
[Stage1] No improv. Best so far: 0.4171 (epoch 805)
[Stage1] Epoch 826 - Val R²: 0.6404 | Reg Val Loss: 0.4171
[Stage1] No improv. Best so far: 0.4171 (epoch 805)
[Stage1] Epoch 827 - Val R²: 0.6404 | Reg Val Loss: 0.4171
[Stage1] No improv. Best so far: 0.4171 (epoch 805)
[Stage1] Epoch 828 - Val R²: 0.6404 | Reg Val Loss: 0.4171
[Stage1] No improv. Best so far: 0.4171 (epoch 805)
[Stage1] Epoch 829 - Val R²: 0.6404 | Reg Val Loss: 0.4171
[Stage1] No improv. Best so far: 0.4171 (epoch 805)
[Stage1] Epoch 830 - Val R²: 0.6404 | Reg Val Loss: 0.4171
[Stage1] No improv. Best so far: 0.4171 (epoch 805)
[Stage1] Epoch 831 - Val R²: 0.6404 | Reg Val Loss: 0.4171
[Stage1] No improv. Best so far: 0.4171 (epoch 805)
[Stage1] Epoch 832 - Val R²: 0.6403 | Reg Val Loss: 0.4172
[Stage1] No improv. Best so far: 0.4171 (epoch 805)
[Stage1] Epoch 833 - Val R²: 0.6404 | Reg Val Loss: 0.4171
[Stage1] No improv. Best so far: 0.4171 (epoch 805)
[Stage1] Epoch 834 - Val R²: 0.6404 | Reg Val Loss: 0.4171
[Stage1] No improv. Best so far: 0.4171 (epoch 805)
[Stage1] Epoch 835 - Val R²: 0.6403 | Reg Val Loss: 0.4171
[Stage1] No improv. Best so far: 0.4171 (epoch 805)
[Stage1] Epoch 836 - Val R²: 0.6403 | Reg Val Loss: 0.4172
[Stage1] No improv. Best so far: 0.4171 (epoch 805)
[Stage1] Epoch 837 - Val R²: 0.6404 | Reg Val Loss: 0.4171
[Stage1] No improv. Best so far: 0.4171 (epoch 805)
[Stage1] Epoch 838 - Val R²: 0.6404 | Reg Val Loss: 0.4171
[Stage1] No improv. Best so far: 0.4171 (epoch 805)
[Stage1] Epoch 839 - Val R²: 0.6404 | Reg Val Loss: 0.4171
[Stage1] New best (epoch 839) Val Loss: 0.4171 — saved: checkpoints\nnknn_regression_best_califonia_housing_softmax_locality_fold_1_retr.pth
[Stage1] Epoch 840 - Val R²: 0.6404 | Reg Val Loss: 0.4171
[Stage1] No improv. Best so far: 0.4171 (epoch 839)
[Stage1] Epoch 841 - Val R²: 0.6404 | Reg Val Loss: 0.4171
[Stage1] No improv. Best so far: 0.4171 (epoch 839)
[Stage1] Epoch 842 - Val R²: 0.6405 | Reg Val Loss: 0.4171
[Stage1] No improv. Best so far: 0.4171 (epoch 839)
[Stage1] Epoch 843 - Val R²: 0.6404 | Reg Val Loss: 0.4171
[Stage1] No improv. Best so far: 0.4171 (epoch 839)
[Stage1] Epoch 844 - Val R²: 0.6404 | Reg Val Loss: 0.4171
[Stage1] No improv. Best so far: 0.4171 (epoch 839)
[Stage1] Epoch 845 - Val R²: 0.6404 | Reg Val Loss: 0.4171
[Stage1] No improv. Best so far: 0.4171 (epoch 839)
[Stage1] Epoch 846 - Val R²: 0.6404 | Reg Val Loss: 0.4171
[Stage1] No improv. Best so far: 0.4171 (epoch 839)
[Stage1] Epoch 847 - Val R²: 0.6403 | Reg Val Loss: 0.4171
[Stage1] No improv. Best so far: 0.4171 (epoch 839)
[Stage1] Epoch 848 - Val R²: 0.6404 | Reg Val Loss: 0.4171
[Stage1] No improv. Best so far: 0.4171 (epoch 839)
[Stage1] Epoch 849 - Val R²: 0.6404 | Reg Val Loss: 0.4170
[Stage1] New best (epoch 849) Val Loss: 0.4170 — saved: checkpoints\nnknn_regression_best_califonia_housing_softmax_locality_fold_1_retr.pth
[Stage1] Epoch 850 - Val R²: 0.6404 | Reg Val Loss: 0.4171
[Stage1] No improv. Best so far: 0.4170 (epoch 849)
[Stage1] Epoch 851 - Val R²: 0.6404 | Reg Val Loss: 0.4170
[Stage1] No improv. Best so far: 0.4170 (epoch 849)
[Stage1] Epoch 852 - Val R²: 0.6404 | Reg Val Loss: 0.4171
[Stage1] No improv. Best so far: 0.4170 (epoch 849)
[Stage1] Epoch 853 - Val R²: 0.6404 | Reg Val Loss: 0.4171
[Stage1] No improv. Best so far: 0.4170 (epoch 849)
[Stage1] Epoch 854 - Val R²: 0.6404 | Reg Val Loss: 0.4171
[Stage1] No improv. Best so far: 0.4170 (epoch 849)
[Stage1] Epoch 855 - Val R²: 0.6404 | Reg Val Loss: 0.4171
[Stage1] No improv. Best so far: 0.4170 (epoch 849)
[Stage1] Epoch 856 - Val R²: 0.6404 | Reg Val Loss: 0.4170
[Stage1] No improv. Best so far: 0.4170 (epoch 849)
[Stage1] Epoch 857 - Val R²: 0.6404 | Reg Val Loss: 0.4170
[Stage1] New best (epoch 857) Val Loss: 0.4170 — saved: checkpoints\nnknn_regression_best_califonia_housing_softmax_locality_fold_1_retr.pth
[Stage1] Epoch 858 - Val R²: 0.6404 | Reg Val Loss: 0.4171
[Stage1] No improv. Best so far: 0.4170 (epoch 857)
