global_step,episode,episode_return,episode_length,epsilon,loss,mean_q_value
15,1,15.0,15,0.9998226666666666,,
33,2,18.0,18,0.9995946666666666,,
74,3,41.0,41,0.9990753333333333,,
96,4,22.0,22,0.9987966666666667,,
123,5,27.0,27,0.9984546666666667,,
141,6,18.0,18,0.9982266666666667,,
152,7,11.0,11,0.9980873333333333,,
163,8,11.0,11,0.997948,,
202,9,39.0,39,0.997454,,
213,10,11.0,11,0.9973146666666667,,
228,11,15.0,15,0.9971246666666667,,
238,12,10.0,10,0.996998,,
251,13,13.0,13,0.9968333333333333,,
270,14,19.0,19,0.9965926666666667,,
293,15,23.0,23,0.9963013333333334,,
304,16,11.0,11,0.996162,,
319,17,15.0,15,0.995972,,
347,18,28.0,28,0.9956173333333334,,
375,19,28.0,28,0.9952626666666666,,
392,20,17.0,17,0.9950473333333333,,
408,21,16.0,16,0.9948446666666667,,
424,22,16.0,16,0.994642,,
453,23,29.0,29,0.9942746666666666,,
479,24,26.0,26,0.9939453333333333,,
492,25,13.0,13,0.9937806666666666,,
513,26,21.0,21,0.9935146666666667,,
523,27,10.0,10,0.993388,,
579,28,56.0,56,0.9926786666666667,,
601,29,22.0,22,0.9924,,
614,30,13.0,13,0.9922353333333334,,
633,31,19.0,19,0.9919946666666667,,
662,32,29.0,29,0.9916273333333333,,
674,33,12.0,12,0.9914753333333334,,
689,34,15.0,15,0.9912853333333334,,
706,35,17.0,17,0.99107,,
747,36,41.0,41,0.9905506666666667,,
787,37,40.0,40,0.990044,,
809,38,22.0,22,0.9897653333333334,,
823,39,14.0,14,0.989588,,
852,40,29.0,29,0.9892206666666666,,
865,41,13.0,13,0.989056,,
885,42,20.0,20,0.9888026666666667,,
897,43,12.0,12,0.9886506666666667,,
909,44,12.0,12,0.9884986666666666,,
923,45,14.0,14,0.9883213333333334,,
958,46,35.0,35,0.987878,,
978,47,20.0,20,0.9876246666666667,,
1017,48,39.0,39,0.9871306666666667,0.12145420908927917,0.5581020712852478
1049,49,32.0,32,0.9867253333333333,0.008529170416295528,0.9462369680404663
1072,50,23.0,23,0.986434,0.0017951169284060597,1.032508373260498
1119,51,47.0,47,0.9858386666666666,0.00020711116667371243,1.0275466442108154
1170,52,51.0,51,0.9851926666666667,6.227155972737819e-05,1.0206245183944702
1194,53,24.0,24,0.9848886666666666,0.00014426751295104623,1.0263845920562744
1208,54,14.0,14,0.9847113333333334,6.694875628454611e-05,1.0237375497817993
1227,55,19.0,19,0.9844706666666667,5.1737104513449594e-05,1.0223095417022705
1247,56,20.0,20,0.9842173333333333,6.175315502332523e-05,1.0281262397766113
1259,57,12.0,12,0.9840653333333333,0.17002682387828827,1.444808006286621
1278,58,19.0,19,0.9838246666666667,0.03691483289003372,1.8271132707595825
1289,59,11.0,11,0.9836853333333333,0.019278375431895256,2.030905246734619
1301,60,12.0,12,0.9835333333333334,0.017398908734321594,2.027215003967285
1327,61,26.0,26,0.983204,0.016920093446969986,1.9675089120864868
1360,62,33.0,33,0.982786,0.012050263583660126,1.993272304534912
1389,63,29.0,29,0.9824186666666667,0.01763211563229561,1.9574179649353027
1404,64,15.0,15,0.9822286666666666,0.01152694784104824,1.987169623374939
1416,65,12.0,12,0.9820766666666667,0.007815927267074585,1.9935851097106934
1428,66,12.0,12,0.9819246666666667,0.015077389776706696,1.97999906539917
1447,67,19.0,19,0.981684,0.011832347139716148,1.9703009128570557
1495,68,48.0,48,0.981076,0.018995245918631554,1.9527475833892822
1525,69,30.0,30,0.980696,0.07718372344970703,2.6962778568267822
1553,70,28.0,28,0.9803413333333333,0.029536180198192596,2.9114279747009277
1569,71,16.0,16,0.9801386666666667,0.04174794629216194,2.9153740406036377
1587,72,18.0,18,0.9799106666666667,0.024530760943889618,2.8928709030151367
1617,73,30.0,30,0.9795306666666667,0.007308739237487316,2.9219751358032227
1652,74,35.0,35,0.9790873333333333,0.03736259043216705,2.8997459411621094
1670,75,18.0,18,0.9788593333333333,0.04390299320220947,2.954251289367676
1688,76,18.0,18,0.9786313333333333,0.028276074677705765,2.8493757247924805
1720,77,32.0,32,0.978226,0.029234472662210464,2.900829553604126
1739,78,19.0,19,0.9779853333333334,0.025292715057730675,2.9937186241149902
1753,79,14.0,14,0.977808,0.4446205198764801,2.9200053215026855
1779,80,26.0,26,0.9774786666666667,0.048626817762851715,3.9004292488098145
1821,81,42.0,42,0.9769466666666666,0.05635683238506317,3.7233433723449707
1838,82,17.0,17,0.9767313333333333,0.04313648119568825,3.8079166412353516
1868,83,30.0,30,0.9763513333333333,0.03603490814566612,3.8528735637664795
1879,84,11.0,11,0.976212,0.05072691664099693,3.7573189735412598
1895,85,16.0,16,0.9760093333333333,0.04296211153268814,3.7732086181640625
1924,86,29.0,29,0.975642,0.02712009660899639,3.8695554733276367
1939,87,15.0,15,0.975452,0.0320533886551857,3.7507200241088867
1966,88,27.0,27,0.97511,0.029006294906139374,3.8051366806030273
1996,89,30.0,30,0.97473,0.020466946065425873,3.8777642250061035
2011,90,15.0,15,0.97454,0.14928016066551208,4.622530937194824
2027,91,16.0,16,0.9743373333333334,0.04481147229671478,4.797245979309082
2037,92,10.0,10,0.9742106666666667,0.03446340560913086,4.589512825012207
2076,93,39.0,39,0.9737166666666667,0.042697399854660034,4.597646713256836
2094,94,18.0,18,0.9734886666666667,0.04746542498469353,4.562431812286377
2140,95,46.0,46,0.972906,0.051763780415058136,4.670548439025879
2154,96,14.0,14,0.9727286666666667,0.03830524533987045,4.642579555511475
2189,97,35.0,35,0.9722853333333333,0.06622101366519928,4.586278915405273
2202,98,13.0,13,0.9721206666666666,0.012089657597243786,4.796718597412109
2226,99,24.0,24,0.9718166666666667,0.053988806903362274,4.586285591125488
2238,100,12.0,12,0.9716646666666666,0.03434838354587555,4.635337829589844
2252,101,14.0,14,0.9714873333333334,0.42972809076309204,4.79122257232666
2274,102,22.0,22,0.9712086666666667,0.03366079926490784,5.553866386413574
2306,103,32.0,32,0.9708033333333334,0.018485035747289658,5.55422306060791
2316,104,10.0,10,0.9706766666666666,0.03547482192516327,5.6967339515686035
2345,105,29.0,29,0.9703093333333334,0.04671657457947731,5.464048385620117
2389,106,44.0,44,0.969752,0.04084305465221405,5.370939254760742
2409,107,20.0,20,0.9694986666666666,0.04412709176540375,5.367465019226074
2437,108,28.0,28,0.969144,0.07818809151649475,5.380028247833252
2459,109,22.0,22,0.9688653333333334,0.012040363624691963,5.595032215118408
2481,110,22.0,22,0.9685866666666667,0.022930121049284935,5.7366533279418945
2497,111,16.0,16,0.968384,0.05262523144483566,5.420700550079346
2524,112,27.0,27,0.968042,0.04843275249004364,6.266073703765869
2552,113,28.0,28,0.9676873333333333,0.077370785176754,6.250792026519775
2607,114,55.0,55,0.9669906666666667,0.022839626297354698,6.331273078918457
2634,115,27.0,27,0.9666486666666667,0.06177229806780815,6.4613566398620605
2643,116,9.0,9,0.9665346666666667,0.024984752759337425,6.453707695007324
2680,117,37.0,37,0.966066,0.05670598894357681,6.398548126220703
2694,118,14.0,14,0.9658886666666666,0.01828201487660408,6.340333938598633
2730,119,36.0,36,0.9654326666666667,0.03776755928993225,6.627875328063965
2743,120,13.0,13,0.965268,0.036435410380363464,6.569925308227539
2803,121,60.0,60,0.964508,0.0808347761631012,6.962650775909424
2819,122,16.0,16,0.9643053333333333,0.10470502078533173,7.159795761108398
2844,123,25.0,25,0.9639886666666667,0.02175261452794075,7.150097846984863
2865,124,21.0,21,0.9637226666666666,0.03390010446310043,7.378542423248291
2882,125,17.0,17,0.9635073333333334,0.07841421663761139,7.358516693115234
2931,126,49.0,49,0.9628866666666667,0.01685776188969612,7.309074401855469
2942,127,11.0,11,0.9627473333333333,0.042885951697826385,7.357578754425049
2956,128,14.0,14,0.96257,0.030515532940626144,7.246540069580078
2986,129,30.0,30,0.96219,0.08748166263103485,7.064682960510254
2996,130,10.0,10,0.9620633333333334,0.046363718807697296,7.201153755187988
3016,131,20.0,20,0.96181,0.1231611967086792,8.43618392944336
3050,132,34.0,34,0.9613793333333334,0.03727167099714279,7.8915205001831055
3073,133,23.0,23,0.9610879999999999,0.06513696908950806,8.156427383422852
3118,134,45.0,45,0.960518,0.08432570844888687,7.7650933265686035
3130,135,12.0,12,0.960366,0.029063591733574867,8.120352745056152
3141,136,11.0,11,0.9602266666666667,0.07056297361850739,7.948644638061523
3151,137,10.0,10,0.9601,0.04631821811199188,7.7488861083984375
3170,138,19.0,19,0.9598593333333333,0.027599651366472244,7.938506603240967
3184,139,14.0,14,0.959682,0.027132514864206314,8.215438842773438
3197,140,13.0,13,0.9595173333333333,0.05869748443365097,7.994753837585449
3209,141,12.0,12,0.9593653333333333,0.03134462237358093,8.015368461608887
3237,142,28.0,28,0.9590106666666667,0.052532345056533813,8.080011367797852
3253,143,16.0,16,0.958808,0.4672863483428955,7.895175933837891
3269,144,16.0,16,0.9586053333333333,0.06428097188472748,9.14232063293457
3308,145,39.0,39,0.9581113333333333,0.06634724140167236,8.829291343688965
3327,146,19.0,19,0.9578706666666666,0.06995195150375366,9.096357345581055
3348,147,21.0,21,0.9576046666666667,0.11012070626020432,8.76545524597168
3370,148,22.0,22,0.957326,0.02628229185938835,9.042304992675781
3386,149,16.0,16,0.9571233333333333,0.044186852872371674,8.916875839233398
3403,150,17.0,17,0.956908,0.025248482823371887,8.745279312133789
3418,151,15.0,15,0.956718,0.033657558262348175,8.77661418914795
3439,152,21.0,21,0.956452,0.04579398036003113,8.740585327148438
3455,153,16.0,16,0.9562493333333333,0.06152503192424774,9.033156394958496
3495,154,40.0,40,0.9557426666666666,0.04393047094345093,8.892106056213379
3523,155,28.0,28,0.955388,0.10795749723911285,9.285441398620605
3543,156,20.0,20,0.9551346666666667,0.030076056718826294,10.216148376464844
3552,157,9.0,9,0.9550206666666666,0.05261090397834778,9.762251853942871
3579,158,27.0,27,0.9546786666666667,0.1151730939745903,9.57498550415039
3595,159,16.0,16,0.954476,0.09286747872829437,10.053627967834473
3611,160,16.0,16,0.9542733333333333,0.047025032341480255,9.849230766296387
3680,161,69.0,69,0.9533993333333334,0.07335007190704346,9.749131202697754
3702,162,22.0,22,0.9531206666666666,0.03085007146000862,9.557441711425781
3722,163,20.0,20,0.9528673333333333,0.0738503634929657,9.610664367675781
3741,164,19.0,19,0.9526266666666666,0.04533286392688751,9.526269912719727
3799,165,58.0,58,0.951892,0.14079035818576813,10.308743476867676
3817,166,18.0,18,0.951664,0.0824209675192833,10.745719909667969
3837,167,20.0,20,0.9514106666666666,0.026564672589302063,10.642315864562988
3863,168,26.0,26,0.9510813333333333,0.06470542401075363,10.249797821044922
3936,169,73.0,73,0.9501566666666666,0.042475517839193344,10.769868850708008
3982,170,46.0,46,0.949574,0.07204018533229828,10.765945434570312
3997,171,15.0,15,0.949384,0.055692221969366074,10.545257568359375
4019,172,22.0,22,0.9491053333333334,0.12194293737411499,11.245882034301758
4057,173,38.0,38,0.948624,0.0463709682226181,11.901904106140137
4101,174,44.0,44,0.9480666666666666,0.19317704439163208,11.720479965209961
4131,175,30.0,30,0.9476866666666667,0.09814561903476715,11.577064514160156
4150,176,19.0,19,0.947446,0.0455123670399189,11.642475128173828
4165,177,15.0,15,0.947256,0.12694324553012848,11.589902877807617
4202,178,37.0,37,0.9467873333333333,0.21333733201026917,11.708276748657227
4220,179,18.0,18,0.9465593333333333,0.13736015558242798,11.614982604980469
4232,180,12.0,12,0.9464073333333334,0.0430501326918602,11.93162727355957
4250,181,18.0,18,0.9461793333333334,0.06740055978298187,11.575511932373047
4278,182,28.0,28,0.9458246666666666,0.25224101543426514,13.201416969299316
4296,183,18.0,18,0.9455966666666666,0.17350280284881592,13.424138069152832
4320,184,24.0,24,0.9452926666666667,0.3847222924232483,13.002593994140625
4331,185,11.0,11,0.9451533333333333,0.08809864521026611,12.302138328552246
4365,186,34.0,34,0.9447226666666667,0.0157881211489439,12.527793884277344
4402,187,37.0,37,0.944254,0.01567680388689041,12.381875038146973
4414,188,12.0,12,0.944102,0.08711643517017365,12.553688049316406
4429,189,15.0,15,0.943912,0.04761843383312225,13.195669174194336
4441,190,12.0,12,0.94376,0.019330648705363274,12.415704727172852
4457,191,16.0,16,0.9435573333333334,0.045938000082969666,12.319204330444336
4484,192,27.0,27,0.9432153333333333,0.2359350621700287,12.10490608215332
4495,193,11.0,11,0.943076,0.06613550335168839,12.774445533752441
4505,194,10.0,10,0.9429493333333333,0.25767943263053894,12.969688415527344
4576,195,71.0,71,0.94205,0.08077750355005264,13.660057067871094
4597,196,21.0,21,0.941784,0.12822990119457245,13.833609580993652
4616,197,19.0,19,0.9415433333333333,0.07253091037273407,12.900583267211914
4654,198,38.0,38,0.941062,0.15524980425834656,13.510251998901367
4694,199,40.0,40,0.9405553333333333,0.05482524633407593,12.907089233398438
4733,200,39.0,39,0.9400613333333333,0.2564895749092102,12.834403991699219
4743,201,10.0,10,0.9399346666666667,0.13323985040187836,13.240477561950684
4762,202,19.0,19,0.939694,0.2662893533706665,13.634069442749023
4827,203,65.0,65,0.9388706666666666,0.1724507212638855,14.096834182739258
4840,204,13.0,13,0.938706,0.08230939507484436,13.884191513061523
4849,205,9.0,9,0.938592,0.05474746227264404,14.771570205688477
4860,206,11.0,11,0.9384526666666667,0.18567019701004028,14.214225769042969
4878,207,18.0,18,0.9382246666666667,0.1536562293767929,14.554591178894043
4893,208,15.0,15,0.9380346666666667,0.10890264809131622,14.00912857055664
4905,209,12.0,12,0.9378826666666666,0.019671481102705002,15.059590339660645
4919,210,14.0,14,0.9377053333333334,0.12550319731235504,14.700584411621094
4963,211,44.0,44,0.937148,0.10953036695718765,14.10165786743164
5003,212,40.0,40,0.9366413333333333,0.4454437494277954,14.404327392578125
5036,213,33.0,33,0.9362233333333333,0.07428537309169769,15.046835899353027
5063,214,27.0,27,0.9358813333333333,0.1316949427127838,16.187110900878906
5075,215,12.0,12,0.9357293333333333,0.26459410786628723,15.237356185913086
5089,216,14.0,14,0.9355519999999999,0.2025211900472641,14.757143020629883
5131,217,42.0,42,0.93502,0.11157861351966858,14.72124195098877
5162,218,31.0,31,0.9346273333333334,0.10572677105665207,15.233814239501953
5189,219,27.0,27,0.9342853333333333,0.08658726513385773,15.534828186035156
5205,220,16.0,16,0.9340826666666666,0.031042635440826416,15.510644912719727
5250,221,45.0,45,0.9335126666666667,0.11760886013507843,15.499845504760742
5259,222,9.0,9,0.9333986666666667,0.23120418190956116,16.455419540405273
5269,223,10.0,10,0.933272,0.21529671549797058,15.168363571166992
5295,224,26.0,26,0.9329426666666667,0.152022123336792,16.493606567382812
5309,225,14.0,14,0.9327653333333333,0.18587031960487366,15.974784851074219
5350,226,41.0,41,0.932246,0.39419591426849365,16.221145629882812
5372,227,22.0,22,0.9319673333333334,0.02415844425559044,16.72201156616211
5388,228,16.0,16,0.9317646666666667,0.19393916428089142,16.014057159423828
5407,229,19.0,19,0.931524,0.3345883786678314,16.084672927856445
5424,230,17.0,17,0.9313086666666667,0.21502652764320374,16.040225982666016
5446,231,22.0,22,0.93103,0.08350104093551636,16.616928100585938
5482,232,36.0,36,0.930574,0.015492485836148262,16.12750244140625
5515,233,33.0,33,0.930156,0.3353167474269867,17.877742767333984
5529,234,14.0,14,0.9299786666666666,0.11222629249095917,17.513975143432617
5544,235,15.0,15,0.9297886666666667,0.18393120169639587,16.999324798583984
5558,236,14.0,14,0.9296113333333333,0.20583103597164154,17.243549346923828
5575,237,17.0,17,0.929396,0.09703315794467926,17.040569305419922
5585,238,10.0,10,0.9292693333333333,0.05551927536725998,17.226886749267578
5600,239,15.0,15,0.9290793333333334,0.12841573357582092,17.490772247314453
5612,240,12.0,12,0.9289273333333333,0.05638740211725235,17.94911003112793
5649,241,37.0,37,0.9284586666666667,0.16964535415172577,17.6137638092041
5721,242,72.0,72,0.9275466666666666,0.06652779877185822,17.714672088623047
5739,243,18.0,18,0.9273186666666666,0.32482603192329407,17.512401580810547
5749,244,10.0,10,0.927192,0.05253008008003235,17.052900314331055
5762,245,13.0,13,0.9270273333333333,0.36144769191741943,18.64380645751953
5775,246,13.0,13,0.9268626666666666,0.19706328213214874,18.53496742248535
5798,247,23.0,23,0.9265713333333333,0.03421220928430557,17.393871307373047
5822,248,24.0,24,0.9262673333333333,0.15362891554832458,17.147350311279297
5860,249,38.0,38,0.925786,0.07680775225162506,18.44154930114746
5876,250,16.0,16,0.9255833333333333,0.21682222187519073,17.793441772460938
5894,251,18.0,18,0.9253553333333333,0.0743967667222023,17.55377769470215
5918,252,24.0,24,0.9250513333333333,0.3198777437210083,18.35552215576172
5930,253,12.0,12,0.9248993333333333,0.12630613148212433,18.41093635559082
5943,254,13.0,13,0.9247346666666667,0.11630956828594208,18.024885177612305
5972,255,29.0,29,0.9243673333333333,0.17989812791347504,17.397794723510742
6025,256,53.0,53,0.923696,0.21340706944465637,19.523683547973633
6043,257,18.0,18,0.923468,0.0868164598941803,19.4436092376709
6059,258,16.0,16,0.9232653333333334,0.24884916841983795,19.19131088256836
6075,259,16.0,16,0.9230626666666667,0.28505662083625793,19.012046813964844
6086,260,11.0,11,0.9229233333333333,0.21912388503551483,19.988479614257812
6100,261,14.0,14,0.922746,0.08426687121391296,19.682804107666016
6110,262,10.0,10,0.9226193333333333,0.1169150173664093,19.431842803955078
6119,263,9.0,9,0.9225053333333333,0.28079184889793396,18.631912231445312
6155,264,36.0,36,0.9220493333333333,0.10772516578435898,19.311748504638672
6175,265,20.0,20,0.9217960000000001,0.166795551776886,18.236133575439453
6195,266,20.0,20,0.9215426666666666,0.44033950567245483,19.370441436767578
6205,267,10.0,10,0.921416,0.05585885047912598,18.602041244506836
6222,268,17.0,17,0.9212006666666667,0.06958390772342682,19.424304962158203
6243,269,21.0,21,0.9209346666666667,0.16534423828125,19.154329299926758
6253,270,10.0,10,0.920808,0.49361276626586914,19.061471939086914
6273,271,20.0,20,0.9205546666666666,0.4053080677986145,19.785694122314453
6290,272,17.0,17,0.9203393333333333,0.19810371100902557,19.37640953063965
6298,273,8.0,8,0.920238,0.15181517601013184,19.79925537109375
6317,274,19.0,19,0.9199973333333333,0.36622321605682373,19.507198333740234
6338,275,21.0,21,0.9197313333333333,0.07424836605787277,20.457860946655273
6348,276,10.0,10,0.9196046666666666,0.20994265377521515,20.410625457763672
6365,277,17.0,17,0.9193893333333334,0.09382562339305878,20.39125633239746
6386,278,21.0,21,0.9191233333333333,0.03922330215573311,20.62358856201172
6462,279,76.0,76,0.9181606666666666,0.10515400767326355,19.578426361083984
6481,280,19.0,19,0.91792,0.37700119614601135,19.70370101928711
6501,281,20.0,20,0.9176666666666666,0.18224725127220154,19.94287872314453
6556,282,55.0,55,0.91697,0.04974022135138512,21.682771682739258
6571,283,15.0,15,0.91678,0.1474953293800354,20.822925567626953
6592,284,21.0,21,0.916514,0.5211601257324219,19.71889305114746
6604,285,12.0,12,0.916362,0.2123570591211319,19.670516967773438
6638,286,34.0,34,0.9159313333333333,0.05662182718515396,20.598060607910156
6654,287,16.0,16,0.9157286666666666,0.15176375210285187,20.91504669189453
6690,288,36.0,36,0.9152726666666666,0.5979492664337158,20.51106071472168
6724,289,34.0,34,0.914842,0.33704593777656555,20.35577964782715
6734,290,10.0,10,0.9147153333333333,0.3281543254852295,21.208202362060547
6770,291,36.0,36,0.9142593333333333,0.2629358768463135,21.12240982055664
6781,292,11.0,11,0.91412,0.1365426927804947,22.61765480041504
6794,293,13.0,13,0.9139553333333333,0.25696802139282227,21.930614471435547
6873,294,79.0,79,0.9129546666666667,0.09268598258495331,20.70367431640625
6921,295,48.0,48,0.9123466666666666,0.16170653700828552,22.040733337402344
6956,296,35.0,35,0.9119033333333333,0.2555121183395386,22.215923309326172
6992,297,36.0,36,0.9114473333333333,0.3220563232898712,21.353036880493164
7003,298,11.0,11,0.911308,0.3741757869720459,22.015920639038086
7019,299,16.0,16,0.9111053333333333,0.14319683611392975,22.277034759521484
7032,300,13.0,13,0.9109406666666666,0.23212552070617676,23.014514923095703
7046,301,14.0,14,0.9107633333333334,0.3300507664680481,22.110347747802734
7063,302,17.0,17,0.910548,0.09496481716632843,20.930524826049805
7082,303,19.0,19,0.9103073333333334,0.3231860101222992,21.956762313842773
7097,304,15.0,15,0.9101173333333333,0.2605821490287781,22.29621696472168
7110,305,13.0,13,0.9099526666666666,0.046668246388435364,22.17721176147461
7122,306,12.0,12,0.9098006666666667,0.20356103777885437,22.54210090637207
7134,307,12.0,12,0.9096486666666667,0.3453717827796936,21.71182632446289
7147,308,13.0,13,0.909484,0.14114969968795776,22.170761108398438
7160,309,13.0,13,0.9093193333333334,0.40048250555992126,22.101682662963867
7217,310,57.0,57,0.9085973333333334,0.07654444128274918,23.342561721801758
7231,311,14.0,14,0.90842,0.08591219037771225,22.58230209350586
7243,312,12.0,12,0.908268,0.13616521656513214,23.383771896362305
7259,313,16.0,16,0.9080653333333333,0.34240254759788513,24.53795623779297
7268,314,9.0,9,0.9079513333333333,0.21054747700691223,22.10394287109375
7288,315,20.0,20,0.907698,0.19121751189231873,23.55586814880371
7307,316,19.0,19,0.9074573333333333,0.4095640182495117,22.989933013916016
7354,317,47.0,47,0.9068620000000001,0.2523579001426697,23.25567054748535
7375,318,21.0,21,0.906596,0.2537423074245453,23.81102180480957
7395,319,20.0,20,0.9063426666666666,0.4753987491130829,22.55704689025879
7420,320,25.0,25,0.906026,0.150357186794281,22.487964630126953
7444,321,24.0,24,0.905722,0.13833920657634735,23.323623657226562
7454,322,10.0,10,0.9055953333333333,0.07448095083236694,23.257604598999023
7478,323,24.0,24,0.9052913333333333,0.29863497614860535,22.68994903564453
7493,324,15.0,15,0.9051013333333333,0.025157174095511436,23.77678680419922
7546,325,53.0,53,0.90443,0.18082822859287262,23.65618896484375
7558,326,12.0,12,0.904278,0.11761857569217682,23.97705078125
7574,327,16.0,16,0.9040753333333333,0.279559463262558,23.33747100830078
7588,328,14.0,14,0.903898,0.07389174401760101,24.74246597290039
7598,329,10.0,10,0.9037713333333334,0.13919559121131897,23.22787857055664
7610,330,12.0,12,0.9036193333333333,0.05895237624645233,24.46097755432129
7632,331,22.0,22,0.9033406666666667,0.2944270670413971,24.15462875366211
7641,332,9.0,9,0.9032266666666666,0.23573154211044312,23.776655197143555
7668,333,27.0,27,0.9028846666666667,0.07728970050811768,23.443622589111328
7701,334,33.0,33,0.9024666666666666,0.09519363194704056,24.144882202148438
7721,335,20.0,20,0.9022133333333333,0.021337423473596573,24.915576934814453
7734,336,13.0,13,0.9020486666666667,0.37839680910110474,24.484474182128906
7754,337,20.0,20,0.9017953333333333,0.5618689656257629,23.939178466796875
7779,338,25.0,25,0.9014786666666667,0.0859156921505928,24.88202667236328
7790,339,11.0,11,0.9013393333333333,0.19831958413124084,24.371105194091797
7816,340,26.0,26,0.90101,0.2661423683166504,24.963485717773438
7828,341,12.0,12,0.9008579999999999,0.3251529335975647,24.109664916992188
7847,342,19.0,19,0.9006173333333334,0.1257510483264923,24.517208099365234
7908,343,61.0,61,0.8998446666666666,0.2657482922077179,24.28852081298828
7926,344,18.0,18,0.8996166666666666,0.16653887927532196,24.546043395996094
7943,345,17.0,17,0.8994013333333333,0.2255088835954666,25.64295196533203
7969,346,26.0,26,0.899072,0.33578360080718994,24.65699005126953
7985,347,16.0,16,0.8988693333333333,0.18382976949214935,24.665973663330078
8037,348,52.0,52,0.8982106666666667,0.0653838962316513,25.693302154541016
8047,349,10.0,10,0.898084,0.15137887001037598,25.755538940429688
8061,350,14.0,14,0.8979066666666666,0.14381474256515503,25.373687744140625
8070,351,9.0,9,0.8977926666666667,0.5282260179519653,25.79297637939453
8080,352,10.0,10,0.897666,0.500735878944397,24.403331756591797
8097,353,17.0,17,0.8974506666666666,0.46817493438720703,23.657804489135742
8115,354,18.0,18,0.8972226666666667,0.21897341310977936,25.636756896972656
8137,355,22.0,22,0.896944,0.4371265172958374,25.06707763671875
8156,356,19.0,19,0.8967033333333333,0.2611806392669678,26.219318389892578
8173,357,17.0,17,0.896488,0.22190922498703003,25.725688934326172
8186,358,13.0,13,0.8963233333333334,0.12422789633274078,25.52129364013672
8221,359,35.0,35,0.89588,0.04987650364637375,25.57882308959961
8248,360,27.0,27,0.895538,0.089968740940094,26.958389282226562
8263,361,15.0,15,0.895348,0.22945430874824524,24.14626693725586
8279,362,16.0,16,0.8951453333333333,0.027454784139990807,27.753448486328125
8291,363,12.0,12,0.8949933333333333,0.04312562197446823,25.715242385864258
8302,364,11.0,11,0.894854,0.31313949823379517,25.746707916259766
8339,365,37.0,37,0.8943853333333334,0.39841872453689575,26.922033309936523
8378,366,39.0,39,0.8938913333333334,0.5965055823326111,25.530109405517578
8391,367,13.0,13,0.8937266666666667,0.2712700068950653,25.104482650756836
8401,368,10.0,10,0.8936,0.38905441761016846,27.058048248291016
8466,369,65.0,65,0.8927766666666667,0.1621789038181305,26.418087005615234
8486,370,20.0,20,0.8925233333333333,0.4505726397037506,26.592012405395508
8510,371,24.0,24,0.8922193333333334,0.2716370224952698,26.908794403076172
8542,372,32.0,32,0.891814,0.1328985095024109,27.329740524291992
8558,373,16.0,16,0.8916113333333333,0.1127256229519844,27.61365509033203
8581,374,23.0,23,0.89132,0.24650168418884277,28.73311996459961
8602,375,21.0,21,0.891054,0.2063290774822235,27.833560943603516
8618,376,16.0,16,0.8908513333333333,0.26644617319107056,27.487625122070312
8650,377,32.0,32,0.890446,0.2152237892150879,26.727149963378906
8666,378,16.0,16,0.8902433333333333,0.24503706395626068,27.817981719970703
8684,379,18.0,18,0.8900153333333334,0.2607737183570862,27.22632598876953
8703,380,19.0,19,0.8897746666666667,0.29362916946411133,26.044841766357422
8747,381,44.0,44,0.8892173333333333,0.11180439591407776,27.078596115112305
8761,382,14.0,14,0.88904,0.4062179923057556,28.029592514038086
8784,383,23.0,23,0.8887486666666666,0.058244142681360245,28.02491569519043
8798,384,14.0,14,0.8885713333333334,0.38850611448287964,26.71253776550293
8819,385,21.0,21,0.8883053333333333,0.5144598484039307,28.60790252685547
8879,386,60.0,60,0.8875453333333333,0.24798008799552917,27.261005401611328
8918,387,39.0,39,0.8870513333333333,0.24920645356178284,27.8082218170166
8931,388,13.0,13,0.8868866666666667,0.4115145802497864,28.720975875854492
8945,389,14.0,14,0.8867093333333333,0.5731021165847778,27.48255157470703
8968,390,23.0,23,0.886418,0.5711429715156555,27.890491485595703
9023,391,55.0,55,0.8857213333333334,0.44605085253715515,27.583545684814453
9035,392,12.0,12,0.8855693333333333,0.326687216758728,28.554901123046875
9047,393,12.0,12,0.8854173333333333,0.25560107827186584,28.158674240112305
9058,394,11.0,11,0.885278,0.29297149181365967,28.154024124145508
9080,395,22.0,22,0.8849993333333334,0.22270573675632477,29.365680694580078
9095,396,15.0,15,0.8848093333333333,0.2529350817203522,29.767822265625
9131,397,36.0,36,0.8843533333333333,0.3167775869369507,30.504295349121094
9141,398,10.0,10,0.8842266666666667,0.14891545474529266,29.207536697387695
9159,399,18.0,18,0.8839986666666667,0.03855122625827789,30.54629898071289
9172,400,13.0,13,0.883834,0.345664918422699,29.908395767211914
9216,401,44.0,44,0.8832766666666667,0.8263063430786133,28.34442901611328
9230,402,14.0,14,0.8830993333333333,0.12332133948802948,29.18421173095703
9256,403,26.0,26,0.88277,0.8849012851715088,28.874544143676758
9276,404,20.0,20,0.8825166666666666,0.07541215419769287,30.13846206665039
9348,405,72.0,72,0.8816046666666667,0.4464738368988037,29.843425750732422
9360,406,12.0,12,0.8814526666666667,0.2791954278945923,30.128433227539062
9414,407,54.0,54,0.8807686666666666,0.25814706087112427,29.381786346435547
9436,408,22.0,22,0.88049,0.26393234729766846,29.666147232055664
9467,409,31.0,31,0.8800973333333333,0.2778497040271759,30.13890838623047
9492,410,25.0,25,0.8797806666666667,0.471792608499527,28.706275939941406
9510,411,18.0,18,0.8795526666666666,0.39495402574539185,28.9724063873291
9530,412,20.0,20,0.8792993333333333,0.5177078247070312,30.314971923828125
9547,413,17.0,17,0.879084,0.23593369126319885,28.589685440063477
9568,414,21.0,21,0.878818,0.22626906633377075,29.228851318359375
9620,415,52.0,52,0.8781593333333333,0.35565054416656494,29.051090240478516
9639,416,19.0,19,0.8779186666666666,0.18806378543376923,30.753807067871094
9677,417,38.0,38,0.8774373333333333,0.4513205289840698,29.29322052001953
9711,418,34.0,34,0.8770066666666667,0.1174832284450531,29.550189971923828
9724,419,13.0,13,0.876842,0.5715657472610474,30.05925750732422
9768,420,44.0,44,0.8762846666666667,0.8281165361404419,30.57357406616211
9778,421,10.0,10,0.876158,0.40780240297317505,29.589651107788086
9793,422,15.0,15,0.875968,0.40091997385025024,29.641916275024414
9821,423,28.0,28,0.8756133333333334,0.11732996255159378,30.56343650817871
9841,424,20.0,20,0.87536,0.14762680232524872,29.52524757385254
9853,425,12.0,12,0.875208,0.1216178834438324,30.58864974975586
9901,426,48.0,48,0.8746,0.23932605981826782,31.88958168029785
9917,427,16.0,16,0.8743973333333334,0.1634390950202942,31.600784301757812
9994,428,77.0,77,0.873422,0.13183730840682983,29.952625274658203
10004,429,10.0,10,0.8732953333333333,0.4270903468132019,30.94491958618164
10043,430,39.0,39,0.8728013333333333,0.08009597659111023,30.522136688232422
10065,431,22.0,22,0.8725226666666667,0.22193358838558197,30.927745819091797
10104,432,39.0,39,0.8720286666666667,0.32099246978759766,30.99108123779297
10161,433,57.0,57,0.8713066666666667,0.48159581422805786,31.42823028564453
10215,434,54.0,54,0.8706226666666667,0.2642844617366791,31.132972717285156
10227,435,12.0,12,0.8704706666666666,0.23220542073249817,32.859375
10302,436,75.0,75,0.8695206666666666,0.11297190934419632,31.074369430541992
10329,437,27.0,27,0.8691786666666667,0.3958335518836975,32.8546142578125
10369,438,40.0,40,0.868672,0.3198246657848358,33.0618896484375
10390,439,21.0,21,0.868406,0.2567976117134094,32.302711486816406
10410,440,20.0,20,0.8681526666666667,0.06946684420108795,32.39809799194336
10490,441,80.0,80,0.8671393333333334,0.12682482600212097,31.875280380249023
10524,442,34.0,34,0.8667086666666667,0.10650254040956497,33.461181640625
10537,443,13.0,13,0.866544,0.3669387102127075,33.79315948486328
10551,444,14.0,14,0.8663666666666667,0.08227476477622986,31.328123092651367
10584,445,33.0,33,0.8659486666666667,0.09806840121746063,32.93186950683594
10607,446,23.0,23,0.8656573333333333,0.29479214549064636,33.51370620727539
10633,447,26.0,26,0.865328,0.2313048392534256,32.704002380371094
10648,448,15.0,15,0.865138,0.38437047600746155,33.40921401977539
10681,449,33.0,33,0.8647199999999999,0.08675812184810638,33.15889358520508
10708,450,27.0,27,0.864378,0.18444716930389404,33.012428283691406
10738,451,30.0,30,0.863998,0.29303234815597534,33.265289306640625
10756,452,18.0,18,0.86377,0.11686556041240692,31.798439025878906
10771,453,15.0,15,0.86358,0.28662893176078796,31.827878952026367
10781,454,10.0,10,0.8634533333333333,0.20760805904865265,33.24655532836914
10799,455,18.0,18,0.8632253333333333,0.3645171821117401,35.01239013671875
10833,456,34.0,34,0.8627946666666666,0.056474719196558,34.64601135253906
10844,457,11.0,11,0.8626553333333333,0.6962686777114868,33.64451599121094
10888,458,44.0,44,0.862098,0.30883240699768066,34.148597717285156
10915,459,27.0,27,0.861756,0.058252666145563126,34.47838592529297
10926,460,11.0,11,0.8616166666666667,0.09488800168037415,33.32576370239258
10951,461,25.0,25,0.8613,0.026363927870988846,34.23252868652344
10981,462,30.0,30,0.86092,0.6737265586853027,33.923805236816406
11007,463,26.0,26,0.8605906666666667,0.8165562152862549,34.35972595214844
11021,464,14.0,14,0.8604133333333334,0.2804904282093048,34.12728500366211
11056,465,35.0,35,0.85997,0.08728834241628647,34.676475524902344
11079,466,23.0,23,0.8596786666666667,0.07740893959999084,36.27704620361328
11099,467,20.0,20,0.8594253333333333,0.5457438826560974,33.49800109863281
11126,468,27.0,27,0.8590833333333333,0.2505568265914917,36.086517333984375
11171,469,45.0,45,0.8585133333333334,0.10157057642936707,34.181678771972656
11188,470,17.0,17,0.858298,0.03668735548853874,34.94458770751953
11230,471,42.0,42,0.857766,0.42853760719299316,34.68852996826172
11245,472,15.0,15,0.857576,0.09462270885705948,33.61598205566406
11268,473,23.0,23,0.8572846666666667,0.26598483324050903,34.112518310546875
11290,474,22.0,22,0.8570059999999999,0.1303202211856842,35.29182434082031
11329,475,39.0,39,0.8565119999999999,0.56006920337677,35.7918815612793
11354,476,25.0,25,0.8561953333333333,0.5152771472930908,37.13566207885742
11365,477,11.0,11,0.856056,0.053506672382354736,36.22862243652344
11403,478,38.0,38,0.8555746666666667,0.21894532442092896,35.962894439697266
11445,479,42.0,42,0.8550426666666666,0.6708984971046448,35.83820343017578
11479,480,34.0,34,0.854612,0.13809022307395935,34.65150833129883
11502,481,23.0,23,0.8543206666666667,0.5486942529678345,34.83843231201172
11514,482,12.0,12,0.8541686666666667,0.20383477210998535,35.122642517089844
11530,483,16.0,16,0.853966,0.08113917708396912,35.763038635253906
11605,484,75.0,75,0.853016,0.1274316906929016,36.08905792236328
11630,485,25.0,25,0.8526993333333334,0.12013818323612213,37.21010971069336
11675,486,45.0,45,0.8521293333333333,0.6619161367416382,34.849151611328125
11694,487,19.0,19,0.8518886666666666,0.6888390779495239,35.539485931396484
11708,488,14.0,14,0.8517113333333333,0.06943795830011368,35.45335388183594
11719,489,11.0,11,0.851572,0.11058579385280609,37.470314025878906
11742,490,23.0,23,0.8512806666666667,0.15442708134651184,34.55952453613281
11759,491,17.0,17,0.8510653333333333,0.4065081477165222,35.45392608642578
11791,492,32.0,32,0.85066,0.7687601447105408,37.10649490356445
11811,493,20.0,20,0.8504066666666666,0.2244967520236969,38.150184631347656
11860,494,49.0,49,0.8497859999999999,0.08175544440746307,37.41021728515625
11885,495,25.0,25,0.8494693333333333,0.08304740488529205,37.1893424987793
11905,496,20.0,20,0.849216,0.06880740076303482,37.684364318847656
11917,497,12.0,12,0.849064,0.06204304099082947,37.64130401611328
11940,498,23.0,23,0.8487726666666666,0.5219228863716125,36.2230339050293
11961,499,21.0,21,0.8485066666666666,0.4664401412010193,38.07579040527344
11987,500,26.0,26,0.8481773333333333,0.14434640109539032,37.99531555175781
12001,501,14.0,14,0.848,0.32154035568237305,37.013877868652344
12023,502,22.0,22,0.8477213333333333,0.8382678031921387,35.90614318847656
12053,503,30.0,30,0.8473413333333333,0.16364336013793945,36.83258056640625
12072,504,19.0,19,0.8471006666666667,0.05023563280701637,38.25642776489258
12084,505,12.0,12,0.8469486666666667,0.321421355009079,36.78937530517578
12110,506,26.0,26,0.8466193333333334,0.42240482568740845,37.321311950683594
12155,507,45.0,45,0.8460493333333333,0.06118141859769821,38.62772750854492
12169,508,14.0,14,0.845872,0.11988601833581924,37.88937759399414
12191,509,22.0,22,0.8455933333333333,0.49252620339393616,36.54090118408203
12208,510,17.0,17,0.845378,0.14881744980812073,39.876583099365234
12265,511,57.0,57,0.844656,0.6996893882751465,38.77769470214844
12299,512,34.0,34,0.8442253333333334,0.048176683485507965,38.442604064941406
12315,513,16.0,16,0.8440226666666667,0.0640849843621254,38.3388671875
12335,514,20.0,20,0.8437693333333334,0.1250779628753662,38.10913848876953
12350,515,15.0,15,0.8435793333333333,0.11631336063146591,38.389286041259766
12400,516,50.0,50,0.842946,0.6223080158233643,38.445396423339844
12419,517,19.0,19,0.8427053333333333,0.5926612615585327,39.20439910888672
12431,518,12.0,12,0.8425533333333333,0.21898284554481506,39.45137405395508
12469,519,38.0,38,0.8420719999999999,0.8405701518058777,37.884429931640625
12487,520,18.0,18,0.841844,0.2790912985801697,38.47145080566406
12504,521,17.0,17,0.8416286666666667,0.9079412221908569,37.856201171875
12524,522,20.0,20,0.8413753333333334,0.10266360640525818,39.49982833862305
12536,523,12.0,12,0.8412233333333333,0.7179973125457764,38.225887298583984
12584,524,48.0,48,0.8406153333333333,0.7864760160446167,38.87909698486328
12619,525,35.0,35,0.840172,0.2975594997406006,39.232177734375
12704,526,85.0,85,0.8390953333333333,1.0508719682693481,37.928863525390625
12742,527,38.0,38,0.838614,0.16453704237937927,38.669700622558594
12784,528,42.0,42,0.838082,0.21840541064739227,38.83021926879883
12811,529,27.0,27,0.8377399999999999,0.2557503283023834,38.752540588378906
12821,530,10.0,10,0.8376133333333333,0.31168192625045776,42.0185546875
12830,531,9.0,9,0.8374993333333334,0.9290822148323059,38.70780944824219
12866,532,36.0,36,0.8370433333333334,0.3161112070083618,39.78277587890625
12878,533,12.0,12,0.8368913333333333,0.28083324432373047,39.51362228393555
12892,534,14.0,14,0.836714,0.041117168962955475,39.411537170410156
12920,535,28.0,28,0.8363593333333333,0.8840628266334534,40.277381896972656
12940,536,20.0,20,0.836106,0.4577334225177765,39.828163146972656
12976,537,36.0,36,0.83565,0.4629519581794739,41.28166198730469
12987,538,11.0,11,0.8355106666666666,0.6444815993309021,39.19688034057617
12997,539,10.0,10,0.835384,0.30245232582092285,40.597042083740234
13022,540,25.0,25,0.8350673333333334,0.38083064556121826,41.26091766357422
13041,541,19.0,19,0.8348266666666666,0.5020880699157715,40.147186279296875
13076,542,35.0,35,0.8343833333333334,0.44066837430000305,41.88332748413086
13103,543,27.0,27,0.8340413333333333,0.7557214498519897,40.91033172607422
13116,544,13.0,13,0.8338766666666666,0.5723345875740051,40.59833526611328
13136,545,20.0,20,0.8336233333333334,0.4542355537414551,40.661766052246094
13148,546,12.0,12,0.8334713333333333,0.08424898236989975,41.85614013671875
13158,547,10.0,10,0.8333446666666666,0.3957335948944092,40.06410217285156
13167,548,9.0,9,0.8332306666666667,0.05765765905380249,40.20940017700195
13196,549,29.0,29,0.8328633333333333,0.2223329246044159,41.64411926269531
13215,550,19.0,19,0.8326226666666667,0.5577430129051208,38.54633331298828
13227,551,12.0,12,0.8324706666666667,0.2563420832157135,40.965084075927734
13253,552,26.0,26,0.8321413333333334,0.532049298286438,38.81747817993164
13278,553,25.0,25,0.8318246666666667,0.40634751319885254,43.168067932128906
13290,554,12.0,12,0.8316726666666667,0.921607255935669,42.16545104980469
13301,555,11.0,11,0.8315333333333333,0.8257057666778564,42.11982727050781
13319,556,18.0,18,0.8313053333333333,0.5027108788490295,39.73155212402344
13331,557,12.0,12,0.8311533333333333,0.922398030757904,40.654319763183594
13342,558,11.0,11,0.831014,0.8965789079666138,42.4824104309082
13360,559,18.0,18,0.830786,0.19343383610248566,40.16896438598633
13371,560,11.0,11,0.8306466666666666,0.6175965070724487,41.06367874145508
13414,561,43.0,43,0.830102,0.8279464840888977,41.33998107910156
13425,562,11.0,11,0.8299626666666666,0.10307943820953369,41.81163787841797
13450,563,25.0,25,0.829646,0.12386506795883179,43.55973434448242
13479,564,29.0,29,0.8292786666666667,0.08145823329687119,43.06298065185547
13516,565,37.0,37,0.82881,0.5613532066345215,38.887733459472656
13525,566,9.0,9,0.828696,0.5344300866127014,41.14527893066406
13557,567,32.0,32,0.8282906666666667,0.1325032263994217,43.25074768066406
13576,568,19.0,19,0.82805,0.21018046140670776,40.50847625732422
13594,569,18.0,18,0.8278220000000001,1.064974069595337,41.48197937011719
13603,570,9.0,9,0.827708,0.23893427848815918,42.198204040527344
13612,571,9.0,9,0.8275939999999999,0.19247475266456604,43.5849609375
13633,572,21.0,21,0.8273280000000001,0.2642415463924408,43.77708435058594
13649,573,16.0,16,0.8271253333333333,0.5526249408721924,40.548126220703125
13672,574,23.0,23,0.826834,0.0731518566608429,41.917388916015625
13697,575,25.0,25,0.8265173333333333,0.09624224156141281,41.208152770996094
13708,576,11.0,11,0.8263780000000001,0.05827131122350693,43.183929443359375
13738,577,30.0,30,0.825998,0.09161097556352615,42.46615219116211
13759,578,21.0,21,0.825732,1.0644898414611816,42.78022766113281
13779,579,20.0,20,0.8254786666666667,0.28338924050331116,42.832244873046875
13795,580,16.0,16,0.825276,1.0137073993682861,42.15687942504883
13804,581,9.0,9,0.825162,0.40729957818984985,42.2011604309082
13823,582,19.0,19,0.8249213333333334,0.42233002185821533,42.788063049316406
13842,583,19.0,19,0.8246806666666666,0.4681805372238159,40.198997497558594
13863,584,21.0,21,0.8244146666666666,0.06590628623962402,43.082008361816406
13899,585,36.0,36,0.8239586666666667,0.5467915534973145,41.82828140258789
13915,586,16.0,16,0.8237559999999999,0.8164640665054321,42.37928009033203
13926,587,11.0,11,0.8236166666666667,0.7359194755554199,40.781768798828125
13953,588,27.0,27,0.8232746666666666,0.6909914612770081,43.21866989135742
13965,589,12.0,12,0.8231226666666667,0.10610683262348175,42.19328308105469
14016,590,51.0,51,0.8224766666666666,0.1770278513431549,43.21215057373047
14049,591,33.0,33,0.8220586666666667,0.8594566583633423,44.12084197998047
14111,592,62.0,62,0.8212733333333333,0.2339865118265152,43.2057991027832
14124,593,13.0,13,0.8211086666666667,0.8114311695098877,42.62876510620117
14137,594,13.0,13,0.820944,0.3789040148258209,44.07280731201172
14162,595,25.0,25,0.8206273333333334,0.2743914723396301,44.44725799560547
14191,596,29.0,29,0.82026,0.3293534219264984,43.16056823730469
14224,597,33.0,33,0.819842,0.3039301633834839,43.884681701660156
14240,598,16.0,16,0.8196393333333334,0.5082165598869324,41.420082092285156
14252,599,12.0,12,0.8194873333333333,0.5598286390304565,41.82276916503906
14280,600,28.0,28,0.8191326666666667,0.32362857460975647,43.7838020324707
14299,601,19.0,19,0.818892,0.62369704246521,44.4743766784668
14312,602,13.0,13,0.8187273333333334,0.5699222087860107,45.10015869140625
14366,603,54.0,54,0.8180433333333333,0.5552582144737244,45.48091125488281
14379,604,13.0,13,0.8178786666666666,0.7045449614524841,42.753196716308594
14389,605,10.0,10,0.817752,1.1025493144989014,43.374229431152344
14427,606,38.0,38,0.8172706666666667,0.22297614812850952,45.7321891784668
14442,607,15.0,15,0.8170806666666667,0.13011513650417328,43.390987396240234
14485,608,43.0,43,0.816536,0.08527210354804993,44.86382293701172
14496,609,11.0,11,0.8163966666666667,0.6109719276428223,43.58341598510742
14526,610,30.0,30,0.8160166666666666,0.06543862819671631,45.380836486816406
14541,611,15.0,15,0.8158266666666667,0.07336517423391342,46.352901458740234
14562,612,21.0,21,0.8155606666666666,1.0165536403656006,46.231842041015625
14586,613,24.0,24,0.8152566666666666,0.1532292664051056,43.47088623046875
14615,614,29.0,29,0.8148893333333334,0.36283448338508606,45.903900146484375
14629,615,14.0,14,0.814712,0.4844619929790497,43.5791130065918
14652,616,23.0,23,0.8144206666666667,0.26774272322654724,45.22191619873047
14675,617,23.0,23,0.8141293333333334,0.47126322984695435,42.05486297607422
14695,618,20.0,20,0.813876,0.23236361145973206,44.804264068603516
14707,619,12.0,12,0.813724,0.2552179992198944,45.15800094604492
14721,620,14.0,14,0.8135466666666666,0.603305995464325,43.420204162597656
14742,621,21.0,21,0.8132806666666667,0.4380449652671814,44.870262145996094
14792,622,50.0,50,0.8126473333333333,0.49437618255615234,46.13845443725586
14811,623,19.0,19,0.8124066666666667,0.1112426221370697,42.781280517578125
14823,624,12.0,12,0.8122546666666667,0.4137337803840637,45.503265380859375
14837,625,14.0,14,0.8120773333333333,0.3706766366958618,45.01898956298828
14845,626,8.0,8,0.811976,0.6385420560836792,47.209712982177734
14855,627,10.0,10,0.8118493333333333,1.1941630840301514,45.90743637084961
14873,628,18.0,18,0.8116213333333333,0.6163645386695862,45.278778076171875
14905,629,32.0,32,0.8112159999999999,0.9335489869117737,47.3463020324707
14919,630,14.0,14,0.8110386666666667,0.15554001927375793,46.528404235839844
14933,631,14.0,14,0.8108613333333333,0.28311100602149963,45.972084045410156
14971,632,38.0,38,0.81038,0.6475205421447754,45.46647644042969
14983,633,12.0,12,0.810228,0.6620128750801086,45.887962341308594
14998,634,15.0,15,0.810038,0.1883598268032074,47.1158447265625
15020,635,22.0,22,0.8097593333333333,0.1542990803718567,48.206626892089844
15044,636,24.0,24,0.8094553333333333,0.5140547156333923,46.733604431152344
15063,637,19.0,19,0.8092146666666666,0.6438888311386108,44.34370422363281
15081,638,18.0,18,0.8089866666666666,0.49768906831741333,44.87572479248047
15101,639,20.0,20,0.8087333333333333,0.06562986224889755,48.88472366333008
15124,640,23.0,23,0.808442,0.12876400351524353,46.496158599853516
15142,641,18.0,18,0.808214,0.581567645072937,45.01655578613281
15159,642,17.0,17,0.8079986666666666,0.1891876459121704,46.95221710205078
15171,643,12.0,12,0.8078466666666666,0.7174932360649109,46.63689041137695
15181,644,10.0,10,0.80772,1.346895694732666,47.59624481201172
15199,645,18.0,18,0.807492,0.07280249893665314,47.59014129638672
15225,646,26.0,26,0.8071626666666667,0.3903249502182007,44.943878173828125
15247,647,22.0,22,0.8068839999999999,0.07472893595695496,47.45380401611328
15266,648,19.0,19,0.8066433333333334,0.8988367915153503,43.65076446533203
15280,649,14.0,14,0.806466,1.2690918445587158,48.14323043823242
15296,650,16.0,16,0.8062633333333333,1.2053828239440918,49.17210388183594
15309,651,13.0,13,0.8060986666666666,0.22764089703559875,44.54839324951172
15322,652,13.0,13,0.805934,0.11957094073295593,46.97940444946289
15343,653,21.0,21,0.805668,0.25944235920906067,47.11656188964844
15365,654,22.0,22,0.8053893333333333,0.34881386160850525,48.87381362915039
15385,655,20.0,20,0.805136,0.7577517628669739,48.29488754272461
15409,656,24.0,24,0.804832,0.45713213086128235,46.224342346191406
15425,657,16.0,16,0.8046293333333333,0.638787031173706,47.84092712402344
15437,658,12.0,12,0.8044773333333333,1.6708346605300903,45.442596435546875
15464,659,27.0,27,0.8041353333333333,0.2815432548522949,47.94624710083008
15491,660,27.0,27,0.8037933333333334,0.16139444708824158,45.927696228027344
15505,661,14.0,14,0.803616,0.4033281207084656,46.49317932128906
15525,662,20.0,20,0.8033626666666667,0.7685796022415161,47.355892181396484
15540,663,15.0,15,0.8031726666666666,1.216098666191101,46.023651123046875
15551,664,11.0,11,0.8030333333333333,0.7637572288513184,49.59315490722656
15568,665,17.0,17,0.802818,0.653225839138031,50.12013244628906
15582,666,14.0,14,0.8026406666666667,0.057396531105041504,49.56470489501953
15595,667,13.0,13,0.802476,1.1976652145385742,49.568016052246094
15615,668,20.0,20,0.8022226666666666,0.2538372576236725,47.90268325805664
15626,669,11.0,11,0.8020833333333334,0.1752854883670807,48.45612335205078
15644,670,18.0,18,0.8018553333333334,0.6535664796829224,48.63705825805664
15686,671,42.0,42,0.8013233333333334,0.129718616604805,47.922725677490234
15704,672,18.0,18,0.8010953333333333,0.6507072448730469,51.447227478027344
15719,673,15.0,15,0.8009053333333334,0.611635148525238,46.17036437988281
15735,674,16.0,16,0.8007026666666667,0.5380541086196899,48.65198516845703
15764,675,29.0,29,0.8003353333333334,0.25437742471694946,48.12451934814453
15778,676,14.0,14,0.800158,0.5554496049880981,48.414207458496094
15799,677,21.0,21,0.799892,0.13086414337158203,50.07548522949219
15812,678,13.0,13,0.7997273333333333,0.3731553554534912,48.49044418334961
15863,679,51.0,51,0.7990813333333333,0.06717871129512787,50.34178924560547
15880,680,17.0,17,0.798866,0.37469130754470825,49.84557342529297
15900,681,20.0,20,0.7986126666666666,0.1553226113319397,50.09270477294922
15912,682,12.0,12,0.7984606666666667,0.3033817410469055,45.99882507324219
15932,683,20.0,20,0.7982073333333333,0.44191640615463257,50.16044616699219
15961,684,29.0,29,0.79784,0.05752601847052574,50.58628463745117
15971,685,10.0,10,0.7977133333333333,0.9405479431152344,48.93111801147461
15982,686,11.0,11,0.797574,0.6422293186187744,48.86518859863281
16039,687,57.0,57,0.796852,1.1841577291488647,49.95887756347656
16064,688,25.0,25,0.7965353333333334,0.5255378484725952,52.30186080932617
16093,689,29.0,29,0.796168,0.6664908528327942,49.788360595703125
16110,690,17.0,17,0.7959526666666666,0.8611231446266174,49.317649841308594
16126,691,16.0,16,0.79575,1.107265830039978,48.518409729003906
16149,692,23.0,23,0.7954586666666666,0.07247915863990784,49.715919494628906
16171,693,22.0,22,0.79518,0.24518847465515137,50.085784912109375
16183,694,12.0,12,0.795028,0.14240995049476624,49.365047454833984
16201,695,18.0,18,0.7948,1.0535709857940674,49.34642028808594
16221,696,20.0,20,0.7945466666666666,0.1315981149673462,48.81146240234375
16242,697,21.0,21,0.7942806666666666,0.0955890417098999,49.6890869140625
16276,698,34.0,34,0.79385,0.658940851688385,47.888675689697266
16287,699,11.0,11,0.7937106666666667,0.2567954659461975,50.733848571777344
16331,700,44.0,44,0.7931533333333334,1.0245933532714844,45.18229675292969
16355,701,24.0,24,0.7928493333333333,0.132560133934021,53.243507385253906
16368,702,13.0,13,0.7926846666666667,0.5616136789321899,52.991432189941406
16407,703,39.0,39,0.7921906666666667,0.7627900838851929,51.90448760986328
16424,704,17.0,17,0.7919753333333334,0.5480126142501831,49.994319915771484
16444,705,20.0,20,0.791722,0.19995667040348053,50.68894958496094
16457,706,13.0,13,0.7915573333333333,0.3064180314540863,48.025856018066406
16477,707,20.0,20,0.791304,0.3042663335800171,50.86149215698242
16496,708,19.0,19,0.7910633333333333,1.0672686100006104,52.31304168701172
16529,709,33.0,33,0.7906453333333333,0.4345821142196655,50.291038513183594
16543,710,14.0,14,0.790468,0.1282673478126526,53.48878479003906
16599,711,56.0,56,0.7897586666666667,0.3008470833301544,50.820613861083984
16658,712,59.0,59,0.7890113333333333,0.36878669261932373,50.12535858154297
16682,713,24.0,24,0.7887073333333333,1.3777849674224854,51.7790641784668
16696,714,14.0,14,0.78853,0.5513118505477905,52.83827209472656
16720,715,24.0,24,0.788226,0.49894845485687256,54.1755256652832
16739,716,19.0,19,0.7879853333333333,0.11653527617454529,51.84434509277344
16751,717,12.0,12,0.7878333333333334,0.9851676225662231,51.85559844970703
16768,718,17.0,17,0.7876179999999999,0.42935246229171753,52.08216094970703
16780,719,12.0,12,0.787466,0.18493518233299255,53.846160888671875
16793,720,13.0,13,0.7873013333333333,0.8888611793518066,52.752262115478516
16826,721,33.0,33,0.7868833333333334,0.3504472076892853,52.619606018066406
16842,722,16.0,16,0.7866806666666667,1.0683852434158325,53.726688385009766
16855,723,13.0,13,0.786516,0.6042283177375793,56.11114501953125
16872,724,17.0,17,0.7863006666666666,0.9629442691802979,54.33164596557617
16886,725,14.0,14,0.7861233333333333,1.3225525617599487,49.66339111328125
16904,726,18.0,18,0.7858953333333334,0.5788432359695435,51.57355499267578
16921,727,17.0,17,0.7856799999999999,0.6430811285972595,50.080474853515625
16939,728,18.0,18,0.785452,0.12200836837291718,54.539634704589844
16964,729,25.0,25,0.7851353333333333,0.991797685623169,54.009803771972656
16981,730,17.0,17,0.7849200000000001,0.9730718731880188,54.20292663574219
16998,731,17.0,17,0.7847046666666666,0.28563255071640015,52.79246139526367
17011,732,13.0,13,0.78454,0.263854444026947,54.04842758178711
17027,733,16.0,16,0.7843373333333333,0.08727826923131943,53.60931396484375
17073,734,46.0,46,0.7837546666666666,0.5476303100585938,56.74399948120117
17086,735,13.0,13,0.78359,0.517671525478363,53.799476623535156
17107,736,21.0,21,0.783324,0.34623366594314575,53.4462890625
17133,737,26.0,26,0.7829946666666667,0.2834928333759308,51.362342834472656
17145,738,12.0,12,0.7828426666666667,0.11075419187545776,54.95850372314453
17159,739,14.0,14,0.7826653333333333,0.10830323398113251,52.326053619384766
17169,740,10.0,10,0.7825386666666667,0.6859412789344788,56.205162048339844
17189,741,20.0,20,0.7822853333333333,0.4520799219608307,53.158294677734375
17204,742,15.0,15,0.7820953333333334,0.1744457185268402,55.98516082763672
17215,743,11.0,11,0.781956,0.0974186360836029,54.30522918701172
17235,744,20.0,20,0.7817026666666667,0.22835682332515717,53.487518310546875
17253,745,18.0,18,0.7814746666666667,1.3268024921417236,53.889225006103516
17267,746,14.0,14,0.7812973333333333,0.4748745560646057,52.842750549316406
17277,747,10.0,10,0.7811706666666667,0.3645852506160736,54.81737518310547
17293,748,16.0,16,0.780968,0.4503377079963684,53.559173583984375
17305,749,12.0,12,0.780816,0.3425288498401642,54.71412658691406
17350,750,45.0,45,0.780246,0.9588123559951782,52.389732360839844
17368,751,18.0,18,0.780018,0.6609755754470825,52.082305908203125
17387,752,19.0,19,0.7797773333333333,0.5806423425674438,52.97277069091797
17404,753,17.0,17,0.779562,0.9320305585861206,54.787418365478516
17429,754,25.0,25,0.7792453333333333,0.14695286750793457,54.15642166137695
17461,755,32.0,32,0.77884,0.12791436910629272,53.18419647216797
17489,756,28.0,28,0.7784853333333334,0.07562093436717987,55.98114013671875
17529,757,40.0,40,0.7779786666666666,0.4211941361427307,56.18292236328125
17540,758,11.0,11,0.7778393333333333,0.4805528521537781,56.460960388183594
17614,759,74.0,74,0.776902,0.10541039705276489,55.00502395629883
17625,760,11.0,11,0.7767626666666667,0.24731624126434326,57.09235382080078
17644,761,19.0,19,0.7765219999999999,0.09638810157775879,55.737998962402344
17660,762,16.0,16,0.7763193333333334,0.3121448755264282,55.82770919799805
17688,763,28.0,28,0.7759646666666666,0.20309953391551971,53.375003814697266
17730,764,42.0,42,0.7754326666666667,0.6636189222335815,56.428627014160156
17749,765,19.0,19,0.775192,1.2373853921890259,55.16549301147461
17764,766,15.0,15,0.775002,0.17430540919303894,58.75874710083008
17782,767,18.0,18,0.774774,0.547653317451477,58.949432373046875
17802,768,20.0,20,0.7745206666666666,0.11395327746868134,55.96898651123047
17812,769,10.0,10,0.774394,0.7866083383560181,55.18833541870117
17821,770,9.0,9,0.77428,0.23847468197345734,53.58704376220703
17872,771,51.0,51,0.7736339999999999,0.32974380254745483,57.30809020996094
17900,772,28.0,28,0.7732793333333333,0.5360749959945679,55.31441116333008
17939,773,39.0,39,0.7727853333333333,0.2958306670188904,55.73857498168945
17953,774,14.0,14,0.772608,0.11992591619491577,54.38158416748047
17971,775,18.0,18,0.7723800000000001,0.40923672914505005,52.249855041503906
17998,776,27.0,27,0.772038,0.13063712418079376,56.275978088378906
18010,777,12.0,12,0.771886,0.5381922721862793,55.85603332519531
18024,778,14.0,14,0.7717086666666666,0.443203330039978,56.852195739746094
18038,779,14.0,14,0.7715313333333333,0.4005522131919861,58.90902328491211
18062,780,24.0,24,0.7712273333333333,1.2305718660354614,58.482051849365234
18079,781,17.0,17,0.771012,1.0506430864334106,55.96531295776367
18099,782,20.0,20,0.7707586666666667,0.40219587087631226,59.68793869018555
18126,783,27.0,27,0.7704166666666666,0.20535576343536377,60.432952880859375
18144,784,18.0,18,0.7701886666666666,0.20176661014556885,55.31098175048828
18154,785,10.0,10,0.770062,0.6050959825515747,58.1822624206543
18216,786,62.0,62,0.7692766666666666,0.4771428406238556,55.399784088134766
18233,787,17.0,17,0.7690613333333334,0.6278141736984253,56.08385467529297
18244,788,11.0,11,0.768922,0.19034546613693237,55.58843231201172
18258,789,14.0,14,0.7687446666666666,0.786705732345581,57.48863983154297
18289,790,31.0,31,0.768352,0.6260104179382324,56.22949981689453
18323,791,34.0,34,0.7679213333333333,0.1418556272983551,56.45561981201172
18337,792,14.0,14,0.767744,0.6027406454086304,55.69377899169922
18379,793,42.0,42,0.767212,0.7862740755081177,56.18208312988281
18414,794,35.0,35,0.7667686666666667,0.11352343112230301,58.00836944580078
18432,795,18.0,18,0.7665406666666666,0.5768216252326965,58.37164306640625
18465,796,33.0,33,0.7661226666666667,0.9196764230728149,56.21549987792969
18495,797,30.0,30,0.7657426666666667,0.6417146921157837,57.12418746948242
18505,798,10.0,10,0.765616,0.32293224334716797,57.391761779785156
18517,799,12.0,12,0.765464,0.21015378832817078,58.37507629394531
18541,800,24.0,24,0.7651600000000001,1.1376793384552002,59.98603439331055
18569,801,28.0,28,0.7648053333333333,1.4298934936523438,59.11369705200195
18587,802,18.0,18,0.7645773333333333,0.835769534111023,60.18151092529297
18620,803,33.0,33,0.7641593333333333,0.934553325176239,60.44110870361328
18637,804,17.0,17,0.763944,0.8648245930671692,59.563987731933594
18647,805,10.0,10,0.7638173333333333,0.9757980108261108,57.9130859375
18668,806,21.0,21,0.7635513333333334,1.0937000513076782,57.63563537597656
18694,807,26.0,26,0.763222,0.10636617243289948,59.37239456176758
18723,808,29.0,29,0.7628546666666667,0.3483191132545471,59.3678092956543
18737,809,14.0,14,0.7626773333333333,0.8270120620727539,59.655128479003906
18760,810,23.0,23,0.762386,0.6494408845901489,56.518341064453125
18781,811,21.0,21,0.76212,0.8164849877357483,59.556968688964844
18806,812,25.0,25,0.7618033333333334,0.1799493134021759,57.97599792480469
18832,813,26.0,26,0.761474,0.7088490724563599,59.23038864135742
18852,814,20.0,20,0.7612206666666667,0.9332135319709778,60.34622573852539
18867,815,15.0,15,0.7610306666666666,0.5389638543128967,59.87946319580078
18889,816,22.0,22,0.760752,0.3211591839790344,60.32079315185547
18903,817,14.0,14,0.7605746666666666,1.1743206977844238,57.244171142578125
18922,818,19.0,19,0.7603340000000001,0.5874395370483398,62.698421478271484
18939,819,17.0,17,0.7601186666666666,0.730742335319519,58.6624755859375
18948,820,9.0,9,0.7600046666666667,0.6959248185157776,58.20127487182617
18978,821,30.0,30,0.7596246666666666,0.061421025544404984,60.45159149169922
18991,822,13.0,13,0.75946,0.21151594817638397,59.22438430786133
19003,823,12.0,12,0.759308,1.205755352973938,60.46875
19013,824,10.0,10,0.7591813333333333,0.3547219932079315,59.570125579833984
19027,825,14.0,14,0.759004,1.831865906715393,61.12611389160156
19054,826,27.0,27,0.758662,0.17823293805122375,62.70213317871094
19086,827,32.0,32,0.7582566666666667,0.6839688420295715,62.989532470703125
19101,828,15.0,15,0.7580666666666667,0.10880573093891144,64.54251098632812
19111,829,10.0,10,0.7579400000000001,1.4293158054351807,57.796966552734375
19140,830,29.0,29,0.7575726666666667,0.6251662969589233,61.2276725769043
19155,831,15.0,15,0.7573826666666666,0.6708033084869385,57.81769943237305
19173,832,18.0,18,0.7571546666666666,2.0381417274475098,61.32063293457031
19185,833,12.0,12,0.7570026666666667,0.6199003458023071,60.60908508300781
19203,834,18.0,18,0.7567746666666666,1.707796335220337,59.12080383300781
19217,835,14.0,14,0.7565973333333333,0.6515994071960449,57.55304718017578
19235,836,18.0,18,0.7563693333333333,0.5789170265197754,61.55412292480469
19255,837,20.0,20,0.756116,0.7533892393112183,61.05021667480469
19271,838,16.0,16,0.7559133333333333,0.33282214403152466,62.71189880371094
19286,839,15.0,15,0.7557233333333333,0.19389444589614868,61.21161651611328
19298,840,12.0,12,0.7555713333333334,0.5039411783218384,66.23776245117188
19337,841,39.0,39,0.7550773333333334,1.1151219606399536,59.893524169921875
19363,842,26.0,26,0.754748,0.1690484583377838,63.42267608642578
19375,843,12.0,12,0.754596,0.1177816092967987,60.60960388183594
19392,844,17.0,17,0.7543806666666667,0.9697425365447998,60.79725646972656
19408,845,16.0,16,0.754178,0.427060604095459,62.62139129638672
19421,846,13.0,13,0.7540133333333333,0.7954788208007812,62.577293395996094
19453,847,32.0,32,0.7536080000000001,0.8230192065238953,59.544677734375
19470,848,17.0,17,0.7533926666666666,0.1438954472541809,61.588035583496094
19482,849,12.0,12,0.7532406666666667,0.06795276701450348,61.955848693847656
19493,850,11.0,11,0.7531013333333333,0.21940350532531738,60.56947326660156
19511,851,18.0,18,0.7528733333333333,1.4438440799713135,57.9404411315918
19524,852,13.0,13,0.7527086666666667,0.45130234956741333,63.16426086425781
19542,853,18.0,18,0.7524806666666667,1.6141316890716553,59.67192459106445
19583,854,41.0,41,0.7519613333333334,1.1503405570983887,63.22229766845703
19596,855,13.0,13,0.7517966666666667,0.5923880934715271,62.57194519042969
19636,856,40.0,40,0.75129,1.2699620723724365,61.30931091308594
19649,857,13.0,13,0.7511253333333333,0.7873741984367371,62.246849060058594
19668,858,19.0,19,0.7508846666666666,0.16651204228401184,64.00276947021484
19681,859,13.0,13,0.75072,0.7769446969032288,58.68564987182617
19726,860,45.0,45,0.75015,1.087620735168457,62.035362243652344
19737,861,11.0,11,0.7500106666666666,0.12589086592197418,59.08972930908203
19754,862,17.0,17,0.7497953333333334,0.2895227074623108,65.91248321533203
19770,863,16.0,16,0.7495926666666667,0.571709930896759,62.38037109375
19781,864,11.0,11,0.7494533333333333,0.21664725244045258,62.69640350341797
19793,865,12.0,12,0.7493013333333334,0.26732611656188965,61.23904800415039
19809,866,16.0,16,0.7490986666666667,0.6061406135559082,63.32579040527344
19826,867,17.0,17,0.7488833333333333,0.1674884557723999,65.36319732666016
19838,868,12.0,12,0.7487313333333333,0.2133021354675293,62.323177337646484
19856,869,18.0,18,0.7485033333333333,0.889119029045105,64.28950500488281
19886,870,30.0,30,0.7481233333333333,0.7018399238586426,63.27653884887695
19929,871,43.0,43,0.7475786666666666,0.3504639267921448,62.532840728759766
19954,872,25.0,25,0.747262,0.30872929096221924,62.588890075683594
19967,873,13.0,13,0.7470973333333333,0.8795755505561829,63.545127868652344
19981,874,14.0,14,0.74692,0.19958971440792084,62.61724090576172
20012,875,31.0,31,0.7465273333333333,0.26304545998573303,62.863067626953125
20025,876,13.0,13,0.7463626666666667,0.18079182505607605,61.83163070678711
20044,877,19.0,19,0.746122,0.13252297043800354,67.84906005859375
20063,878,19.0,19,0.7458813333333334,0.12676391005516052,66.74854278564453
20082,879,19.0,19,0.7456406666666666,0.4975448250770569,62.333641052246094
20105,880,23.0,23,0.7453493333333333,0.6162189245223999,62.521751403808594
20118,881,13.0,13,0.7451846666666666,1.0877772569656372,64.86918640136719
20135,882,17.0,17,0.7449693333333334,0.5446420907974243,61.766845703125
20150,883,15.0,15,0.7447793333333333,1.180841326713562,67.89292907714844
20170,884,20.0,20,0.744526,0.2341507077217102,64.5777816772461
20191,885,21.0,21,0.7442599999999999,0.23664472997188568,62.921932220458984
20202,886,11.0,11,0.7441206666666667,1.223244071006775,63.45475387573242
20235,887,33.0,33,0.7437026666666666,0.10516767203807831,68.67251586914062
20247,888,12.0,12,0.7435506666666667,0.3372945785522461,64.44944763183594
20270,889,23.0,23,0.7432593333333333,0.28727009892463684,63.28533935546875
20283,890,13.0,13,0.7430946666666667,0.7717422842979431,66.85585021972656
20298,891,15.0,15,0.7429046666666667,1.0428109169006348,64.91221618652344
20309,892,11.0,11,0.7427653333333333,0.944922924041748,65.82223510742188
20328,893,19.0,19,0.7425246666666667,0.13566920161247253,65.68274688720703
20346,894,18.0,18,0.7422966666666666,0.6558443307876587,66.58928680419922
20365,895,19.0,19,0.742056,0.15479952096939087,66.97431945800781
20384,896,19.0,19,0.7418153333333333,0.2128545045852661,67.7713851928711
20397,897,13.0,13,0.7416506666666667,0.3788522481918335,65.03046417236328
20411,898,14.0,14,0.7414733333333333,1.4423010349273682,65.33941650390625
20425,899,14.0,14,0.741296,1.4720653295516968,65.72074890136719
20477,900,52.0,52,0.7406373333333334,0.21191847324371338,63.88069152832031
20533,901,56.0,56,0.7399279999999999,1.4196189641952515,65.00596618652344
20549,902,16.0,16,0.7397253333333333,0.2635980248451233,63.48081588745117
20560,903,11.0,11,0.7395860000000001,0.3535618782043457,61.606658935546875
20575,904,15.0,15,0.7393959999999999,0.2957870364189148,68.7869873046875
20587,905,12.0,12,0.739244,0.3303038477897644,67.55270385742188
20604,906,17.0,17,0.7390286666666667,0.16885465383529663,67.84190368652344
20627,907,23.0,23,0.7387373333333334,0.16147293150424957,68.0792236328125
20638,908,11.0,11,0.738598,0.2324977070093155,63.70406723022461
20690,909,52.0,52,0.7379393333333333,0.14528778195381165,68.02430725097656
20711,910,21.0,21,0.7376733333333334,0.09194251894950867,65.28926849365234
20756,911,45.0,45,0.7371033333333333,0.7784332633018494,68.42359924316406
20768,912,12.0,12,0.7369513333333333,0.3434803783893585,68.31338500976562
20782,913,14.0,14,0.736774,0.1618030071258545,71.69955444335938
20791,914,9.0,9,0.73666,0.7976378798484802,65.52397155761719
20816,915,25.0,25,0.7363433333333333,0.15686079859733582,70.78639221191406
20836,916,20.0,20,0.73609,0.2774026691913605,70.43316650390625
20857,917,21.0,21,0.735824,0.7493962645530701,67.71778869628906
20907,918,50.0,50,0.7351906666666667,0.9815345406532288,67.32008361816406
20923,919,16.0,16,0.734988,0.5523050427436829,68.53340148925781
20935,920,12.0,12,0.734836,0.08687014877796173,66.86192321777344
20949,921,14.0,14,0.7346586666666667,0.11194980889558792,65.40968322753906
21001,922,52.0,52,0.734,1.0529987812042236,67.09913635253906
21019,923,18.0,18,0.733772,0.7348787188529968,67.42770385742188
21046,924,27.0,27,0.73343,0.4975966513156891,70.38290405273438
21120,925,74.0,74,0.7324926666666667,0.1065291240811348,69.96934509277344
21131,926,11.0,11,0.7323533333333334,1.726412296295166,64.43179321289062
21161,927,30.0,30,0.7319733333333334,0.34129735827445984,69.28531646728516
21170,928,9.0,9,0.7318593333333333,0.1622912585735321,68.71891784667969
21190,929,20.0,20,0.731606,0.7448471188545227,68.31671142578125
21204,930,14.0,14,0.7314286666666667,0.5365634560585022,68.67196655273438
21213,931,9.0,9,0.7313146666666667,0.6604358553886414,68.8134765625
21239,932,26.0,26,0.7309853333333334,0.23713204264640808,70.3419189453125
21279,933,40.0,40,0.7304786666666667,0.7321129441261292,75.49392700195312
21291,934,12.0,12,0.7303266666666667,0.8161965608596802,70.43049621582031
21317,935,26.0,26,0.7299973333333334,0.11635655164718628,71.44345092773438
21338,936,21.0,21,0.7297313333333333,1.2082988023757935,70.20178985595703
21349,937,11.0,11,0.729592,0.8977846503257751,72.52093505859375
21374,938,25.0,25,0.7292753333333333,0.903529942035675,70.89590454101562
21387,939,13.0,13,0.7291106666666667,1.9152882099151611,65.9049072265625
21398,940,11.0,11,0.7289713333333333,0.13423007726669312,70.50099182128906
21411,941,13.0,13,0.7288066666666666,0.8520491123199463,69.10980224609375
21430,942,19.0,19,0.728566,0.36004284024238586,71.93461608886719
21445,943,15.0,15,0.728376,0.7567055821418762,71.06407928466797
21469,944,24.0,24,0.728072,0.4384306073188782,72.07625579833984
21522,945,53.0,53,0.7274006666666666,0.21413451433181763,70.33419799804688
21537,946,15.0,15,0.7272106666666667,0.7088273167610168,71.17755126953125
21548,947,11.0,11,0.7270713333333334,0.38935601711273193,68.10669708251953
21599,948,51.0,51,0.7264253333333333,0.0719197615981102,74.07850646972656
21616,949,17.0,17,0.72621,0.5038600564002991,66.96363830566406
21642,950,26.0,26,0.7258806666666666,0.2481108009815216,72.57943725585938
21659,951,17.0,17,0.7256653333333334,1.008604645729065,65.0665054321289
21673,952,14.0,14,0.725488,0.24991273880004883,68.64276123046875
21684,953,11.0,11,0.7253486666666666,0.9662396907806396,69.78361511230469
21697,954,13.0,13,0.725184,0.6913483142852783,73.61929321289062
21714,955,17.0,17,0.7249686666666666,2.374872922897339,71.67941284179688
21758,956,44.0,44,0.7244113333333333,0.47459256649017334,72.80492401123047
21771,957,13.0,13,0.7242466666666667,1.401729702949524,70.46855163574219
21792,958,21.0,21,0.7239806666666666,1.3603061437606812,72.32221984863281
21809,959,17.0,17,0.7237653333333334,0.4434349238872528,72.20634460449219
21846,960,37.0,37,0.7232966666666667,1.6155290603637695,72.5433349609375
21858,961,12.0,12,0.7231446666666667,1.5826706886291504,75.16275024414062
21869,962,11.0,11,0.7230053333333333,0.28147172927856445,74.04510498046875
21919,963,50.0,50,0.722372,1.3521263599395752,77.27478790283203
21932,964,13.0,13,0.7222073333333333,0.38684380054473877,69.75292205810547
21943,965,11.0,11,0.7220679999999999,0.46796393394470215,72.20210266113281
21954,966,11.0,11,0.7219286666666667,0.2490735650062561,71.05311584472656
21979,967,25.0,25,0.7216119999999999,0.5038575530052185,68.44408416748047
22004,968,25.0,25,0.7212953333333334,1.1778295040130615,74.79104614257812
22019,969,15.0,15,0.7211053333333333,0.9249793291091919,75.07618713378906
22037,970,18.0,18,0.7208773333333334,0.9609211087226868,72.00487518310547
22052,971,15.0,15,0.7206873333333333,0.866762638092041,73.77396392822266
22067,972,15.0,15,0.7204973333333333,0.8626522421836853,72.5908203125
22090,973,23.0,23,0.720206,0.3499413728713989,73.45185852050781
22115,974,25.0,25,0.7198893333333334,0.5205138921737671,78.96550750732422
22131,975,16.0,16,0.7196866666666666,1.756447672843933,74.5048828125
22153,976,22.0,22,0.719408,1.6299077272415161,70.10887145996094
22179,977,26.0,26,0.7190786666666666,0.42646950483322144,74.71005249023438
22228,978,49.0,49,0.718458,0.732716977596283,73.92900085449219
22242,979,14.0,14,0.7182806666666667,1.0829079151153564,74.34187316894531
22252,980,10.0,10,0.718154,2.048985242843628,70.90827941894531
22263,981,11.0,11,0.7180146666666667,1.7015224695205688,73.45049285888672
22287,982,24.0,24,0.7177106666666666,0.8212144374847412,75.08515167236328
22300,983,13.0,13,0.717546,1.8237751722335815,74.49154663085938
22314,984,14.0,14,0.7173686666666667,0.7021045088768005,79.39326477050781
22327,985,13.0,13,0.717204,0.1549883931875229,77.54790496826172
22341,986,14.0,14,0.7170266666666667,1.5437493324279785,74.73005676269531
22353,987,12.0,12,0.7168746666666667,0.18026401102542877,76.43670654296875
22364,988,11.0,11,0.7167353333333333,0.7765125632286072,72.63024139404297
22382,989,18.0,18,0.7165073333333334,0.8299561738967896,78.23320007324219
22452,990,70.0,70,0.7156206666666667,0.38726478815078735,75.12435913085938
22476,991,24.0,24,0.7153166666666666,0.9701290130615234,71.25715637207031
22485,992,9.0,9,0.7152026666666667,0.6042830944061279,77.80900573730469
22509,993,24.0,24,0.7148986666666667,0.457023948431015,79.25462341308594
22526,994,17.0,17,0.7146833333333333,1.175246238708496,75.35823059082031
22548,995,22.0,22,0.7144046666666667,0.3261927366256714,75.3180160522461
22591,996,43.0,43,0.7138599999999999,0.2518002986907959,77.88252258300781
22608,997,17.0,17,0.7136446666666667,2.1853933334350586,75.88084411621094
22680,998,72.0,72,0.7127326666666667,1.2237454652786255,77.5951156616211
22692,999,12.0,12,0.7125806666666666,0.9316750764846802,80.01470947265625
22708,1000,16.0,16,0.712378,2.3765738010406494,74.48531341552734
22748,1001,40.0,40,0.7118713333333333,0.17006883025169373,76.11845397949219
22758,1002,10.0,10,0.7117446666666667,0.9486902952194214,81.53147888183594
22773,1003,15.0,15,0.7115546666666667,0.2719760835170746,77.98999786376953
22784,1004,11.0,11,0.7114153333333333,0.9736507534980774,78.39022827148438
22804,1005,20.0,20,0.7111620000000001,0.22214767336845398,74.77945709228516
22814,1006,10.0,10,0.7110353333333334,0.41164106130599976,80.39237976074219
22826,1007,12.0,12,0.7108833333333333,0.9474332928657532,74.97428894042969
22844,1008,18.0,18,0.7106553333333333,0.8681528568267822,76.52107238769531
22860,1009,16.0,16,0.7104526666666666,1.9111828804016113,74.95330810546875
22873,1010,13.0,13,0.710288,0.8939641118049622,79.51957702636719
22901,1011,28.0,28,0.7099333333333333,0.2878100574016571,79.8216552734375
22929,1012,28.0,28,0.7095786666666667,0.5324150919914246,77.91654968261719
22955,1013,26.0,26,0.7092493333333334,1.0607601404190063,82.82818603515625
23008,1014,53.0,53,0.7085779999999999,0.49067360162734985,81.63188171386719
23027,1015,19.0,19,0.7083373333333334,0.7776136994361877,81.07308959960938
23043,1016,16.0,16,0.7081346666666667,0.2746482789516449,78.10323333740234
23059,1017,16.0,16,0.707932,0.5777772665023804,79.87925720214844
23078,1018,19.0,19,0.7076913333333333,0.7186079621315002,80.83476257324219
23090,1019,12.0,12,0.7075393333333333,0.18278822302818298,81.21528625488281
23104,1020,14.0,14,0.707362,0.23919279873371124,82.22369384765625
23120,1021,16.0,16,0.7071593333333333,0.6223090291023254,80.65707397460938
23174,1022,54.0,54,0.7064753333333333,0.9116207361221313,82.31428527832031
23186,1023,12.0,12,0.7063233333333333,0.390099436044693,77.8804702758789
23198,1024,12.0,12,0.7061713333333333,0.5980501770973206,78.72264862060547
23243,1025,45.0,45,0.7056013333333333,0.9390742182731628,76.10581970214844
23258,1026,15.0,15,0.7054113333333334,0.8009709119796753,82.11571502685547
23271,1027,13.0,13,0.7052466666666667,1.8412895202636719,76.56314849853516
23291,1028,20.0,20,0.7049933333333334,1.4421107769012451,80.2263412475586
23308,1029,17.0,17,0.704778,1.489874005317688,81.00788879394531
23318,1030,10.0,10,0.7046513333333333,1.648416519165039,81.76144409179688
23336,1031,18.0,18,0.7044233333333334,0.45461541414260864,81.55145263671875
23358,1032,22.0,22,0.7041446666666666,0.7938142418861389,82.02398681640625
23381,1033,23.0,23,0.7038533333333333,1.1298046112060547,79.41641235351562
23399,1034,18.0,18,0.7036253333333333,2.6410880088806152,78.1697006225586
23431,1035,32.0,32,0.70322,1.5886216163635254,79.42898559570312
23441,1036,10.0,10,0.7030933333333333,0.9669228792190552,78.5831298828125
23453,1037,12.0,12,0.7029413333333333,1.7590863704681396,77.56423950195312
23477,1038,24.0,24,0.7026373333333333,1.4304074048995972,74.26943969726562
23492,1039,15.0,15,0.7024473333333333,0.857257604598999,82.09346008300781
23506,1040,14.0,14,0.70227,0.9412887692451477,81.6550521850586
23564,1041,58.0,58,0.7015353333333334,1.950573205947876,82.57080078125
23575,1042,11.0,11,0.701396,0.25876253843307495,83.35951232910156
23592,1043,17.0,17,0.7011806666666667,0.5048882365226746,79.58953857421875
23606,1044,14.0,14,0.7010033333333333,0.28343290090560913,84.07373046875
23649,1045,43.0,43,0.7004586666666667,0.18357211351394653,76.29689025878906
23664,1046,15.0,15,0.7002686666666667,1.2318880558013916,79.20828247070312
23681,1047,17.0,17,0.7000533333333333,0.7636616826057434,83.0302734375
23696,1048,15.0,15,0.6998633333333333,0.33394700288772583,82.37419128417969
23717,1049,21.0,21,0.6995973333333334,0.715152382850647,78.56291961669922
23729,1050,12.0,12,0.6994453333333333,2.2048897743225098,84.29739379882812
23745,1051,16.0,16,0.6992426666666667,0.1274205893278122,78.83973693847656
23774,1052,29.0,29,0.6988753333333333,0.48541033267974854,82.35403442382812
23808,1053,34.0,34,0.6984446666666666,0.9748828411102295,82.47666931152344
23840,1054,32.0,32,0.6980393333333333,1.2040058374404907,83.41328430175781
23857,1055,17.0,17,0.697824,1.242220163345337,85.51617431640625
23874,1056,17.0,17,0.6976086666666667,0.4052911400794983,85.98843383789062
23897,1057,23.0,23,0.6973173333333333,0.6434794068336487,77.718505859375
23912,1058,15.0,15,0.6971273333333333,2.5632739067077637,86.47535705566406
23928,1059,16.0,16,0.6969246666666666,0.9878047108650208,81.8141098022461
23944,1060,16.0,16,0.6967220000000001,0.9599566459655762,85.08250427246094
23974,1061,30.0,30,0.696342,0.607865571975708,83.08052062988281
23985,1062,11.0,11,0.6962026666666666,0.8180704116821289,82.5404281616211
24004,1063,19.0,19,0.695962,1.167413353919983,85.0654296875
24014,1064,10.0,10,0.6958353333333334,2.0099618434906006,86.91098022460938
24026,1065,12.0,12,0.6956833333333333,1.1755608320236206,83.54457092285156
24041,1066,15.0,15,0.6954933333333333,2.50386643409729,84.14974212646484
24062,1067,21.0,21,0.6952273333333333,0.719294548034668,82.16374206542969
24076,1068,14.0,14,0.69505,0.19101977348327637,79.79682159423828
24091,1069,15.0,15,0.69486,1.0131311416625977,82.44170379638672
24111,1070,20.0,20,0.6946066666666666,1.8356777429580688,85.64600372314453
24130,1071,19.0,19,0.694366,0.8382964134216309,79.826171875
24145,1072,15.0,15,0.694176,0.228652685880661,87.46739196777344
24154,1073,9.0,9,0.694062,0.6063655614852905,86.42864990234375
24174,1074,20.0,20,0.6938086666666667,0.541031539440155,85.28993225097656
24191,1075,17.0,17,0.6935933333333333,1.7524468898773193,81.49998474121094
24207,1076,16.0,16,0.6933906666666667,0.22337037324905396,81.49992370605469
24226,1077,19.0,19,0.6931499999999999,2.7904577255249023,83.97236633300781
24247,1078,21.0,21,0.692884,0.3257443308830261,87.80453491210938
24271,1079,24.0,24,0.69258,1.9879992008209229,84.9386215209961
24314,1080,43.0,43,0.6920353333333333,0.7341897487640381,83.66321563720703
24324,1081,10.0,10,0.6919086666666667,0.3589533269405365,85.89535522460938
24339,1082,15.0,15,0.6917186666666666,0.8449558615684509,84.10139465332031
24357,1083,18.0,18,0.6914906666666667,1.835710048675537,84.95987701416016
24371,1084,14.0,14,0.6913133333333333,0.9226009845733643,83.7295913696289
24391,1085,20.0,20,0.69106,0.2801210284233093,82.26448059082031
24447,1086,56.0,56,0.6903506666666667,0.4159761071205139,84.3139419555664
24475,1087,28.0,28,0.689996,0.6785314083099365,87.23133850097656
24486,1088,11.0,11,0.6898566666666667,0.7719338536262512,87.52770233154297
24517,1089,31.0,31,0.6894640000000001,0.8710267543792725,85.98806762695312
24533,1090,16.0,16,0.6892613333333333,1.8451812267303467,82.57420349121094
24549,1091,16.0,16,0.6890586666666667,0.25357311964035034,88.36454772949219
24602,1092,53.0,53,0.6883873333333334,1.449091911315918,83.95448303222656
24623,1093,21.0,21,0.6881213333333334,1.3133307695388794,83.11013793945312
24636,1094,13.0,13,0.6879566666666667,0.3360973298549652,86.5895767211914
24646,1095,10.0,10,0.6878299999999999,0.9815688133239746,81.81214904785156
24678,1096,32.0,32,0.6874246666666667,0.9010159969329834,88.90473937988281
24689,1097,11.0,11,0.6872853333333333,0.3760085105895996,83.84961700439453
24700,1098,11.0,11,0.687146,1.623101830482483,81.08152770996094
24720,1099,20.0,20,0.6868926666666666,2.272120952606201,81.34989929199219
24793,1100,73.0,73,0.685968,0.35061898827552795,88.89753723144531
24817,1101,24.0,24,0.685664,0.14257770776748657,85.33454132080078
24872,1102,55.0,55,0.6849673333333333,2.3582420349121094,89.10182189941406
24886,1103,14.0,14,0.68479,1.6227718591690063,85.34625244140625
24909,1104,23.0,23,0.6844986666666666,1.7889659404754639,86.6160888671875
24979,1105,70.0,70,0.683612,0.19277170300483704,87.91069030761719
25020,1106,41.0,41,0.6830926666666667,0.6737872362136841,90.85617065429688
25030,1107,10.0,10,0.682966,0.8955134749412537,83.65879821777344
25043,1108,13.0,13,0.6828013333333334,0.9754711985588074,88.22575378417969
25055,1109,12.0,12,0.6826493333333333,0.18638408184051514,92.86666870117188
25066,1110,11.0,11,0.68251,1.8680732250213623,84.95564270019531
25082,1111,16.0,16,0.6823073333333334,0.3660416603088379,86.53367614746094
25104,1112,22.0,22,0.6820286666666666,1.32724928855896,86.41754913330078
25134,1113,30.0,30,0.6816486666666667,1.4882299900054932,87.73872375488281
25150,1114,16.0,16,0.681446,0.32759326696395874,85.01983642578125
25162,1115,12.0,12,0.6812940000000001,1.0860302448272705,92.13143157958984
25189,1116,27.0,27,0.680952,2.3364315032958984,90.89190673828125
25204,1117,15.0,15,0.680762,1.4093506336212158,83.44729614257812
25224,1118,20.0,20,0.6805086666666667,0.6236488223075867,88.3160171508789
25251,1119,27.0,27,0.6801666666666666,1.4051105976104736,90.68496704101562
25267,1120,16.0,16,0.679964,0.47997018694877625,83.63003540039062
25281,1121,14.0,14,0.6797866666666667,0.836761474609375,89.3316879272461
25297,1122,16.0,16,0.679584,1.8868122100830078,82.64703369140625
25311,1123,14.0,14,0.6794066666666667,0.9917685985565186,83.42509460449219
25365,1124,54.0,54,0.6787226666666666,0.7147976756095886,87.01118469238281
25374,1125,9.0,9,0.6786086666666666,0.9738175272941589,83.9751968383789
25383,1126,9.0,9,0.6784946666666667,1.058371901512146,87.51487731933594
25395,1127,12.0,12,0.6783426666666666,0.12894749641418457,89.48025512695312
25408,1128,13.0,13,0.678178,0.9638729095458984,90.65470886230469
25420,1129,12.0,12,0.678026,0.24244189262390137,90.68209838867188
25458,1130,38.0,38,0.6775446666666667,0.8931248784065247,91.5221939086914
25471,1131,13.0,13,0.67738,0.9112798571586609,81.54942321777344
25487,1132,16.0,16,0.6771773333333333,3.1454968452453613,85.99349212646484
25502,1133,15.0,15,0.6769873333333334,0.5740166902542114,79.32735443115234
25514,1134,12.0,12,0.6768353333333333,0.8519365191459656,90.98738098144531
25534,1135,20.0,20,0.676582,1.2054051160812378,88.5865707397461
25554,1136,20.0,20,0.6763286666666667,1.3224096298217773,87.01111602783203
25572,1137,18.0,18,0.6761006666666667,1.0020647048950195,89.79327392578125
25630,1138,58.0,58,0.675366,1.9405319690704346,89.74073791503906
25652,1139,22.0,22,0.6750873333333334,1.7232582569122314,82.22129821777344
25680,1140,28.0,28,0.6747326666666666,1.2675507068634033,89.10880279541016
25692,1141,12.0,12,0.6745806666666667,0.4138758182525635,90.93096160888672
25712,1142,20.0,20,0.6743273333333333,0.9423068761825562,90.20112609863281
25725,1143,13.0,13,0.6741626666666667,1.214211106300354,91.6448974609375
25736,1144,11.0,11,0.6740233333333333,1.8257858753204346,90.3193588256836
25751,1145,15.0,15,0.6738333333333333,1.2777982950210571,88.48979187011719
25822,1146,71.0,71,0.6729339999999999,0.6023515462875366,89.77760314941406
25836,1147,14.0,14,0.6727566666666667,1.8810300827026367,93.22338104248047
25851,1148,15.0,15,0.6725666666666666,1.2762011289596558,93.03221893310547
25900,1149,49.0,49,0.6719459999999999,0.25498828291893005,90.85853576660156
25930,1150,30.0,30,0.671566,0.15995600819587708,91.8642349243164
25968,1151,38.0,38,0.6710846666666667,1.0492457151412964,89.74998474121094
25981,1152,13.0,13,0.67092,0.2972770631313324,91.11114501953125
25990,1153,9.0,9,0.670806,0.19134126603603363,93.98617553710938
26004,1154,14.0,14,0.6706286666666667,1.527775764465332,90.15521240234375
26019,1155,15.0,15,0.6704386666666666,0.173299640417099,89.05723571777344
26032,1156,13.0,13,0.670274,0.2151944637298584,90.23455047607422
26054,1157,22.0,22,0.6699953333333333,0.5984466075897217,87.81903076171875
26074,1158,20.0,20,0.6697420000000001,0.9910950660705566,90.12001037597656
26086,1159,12.0,12,0.66959,0.6347302198410034,93.56128692626953
26101,1160,15.0,15,0.6694,0.25496813654899597,94.53115844726562
26116,1161,15.0,15,0.66921,0.8458625674247742,91.93238067626953
26138,1162,22.0,22,0.6689313333333333,0.1524338722229004,96.68553924560547
26154,1163,16.0,16,0.6687286666666666,0.6370600461959839,92.5054931640625
26174,1164,20.0,20,0.6684753333333333,1.4806935787200928,90.18547058105469
26225,1165,51.0,51,0.6678293333333334,0.9449307322502136,90.6529312133789
26240,1166,15.0,15,0.6676393333333333,1.237148404121399,85.97006225585938
26320,1167,80.0,80,0.6666259999999999,1.8166601657867432,91.04557800292969
26335,1168,15.0,15,0.666436,0.28324106335639954,92.17452239990234
26359,1169,24.0,24,0.666132,1.827423334121704,93.399169921875
26375,1170,16.0,16,0.6659293333333334,0.7785890698432922,97.53376007080078
26388,1171,13.0,13,0.6657646666666667,0.9574780464172363,96.141357421875
26403,1172,15.0,15,0.6655746666666666,0.8500447273254395,93.5245361328125
26419,1173,16.0,16,0.6653720000000001,0.10599301755428314,94.66091918945312
26431,1174,12.0,12,0.6652199999999999,1.1222081184387207,93.63502502441406
26447,1175,16.0,16,0.6650173333333333,1.1123310327529907,89.69767761230469
26466,1176,19.0,19,0.6647766666666667,0.43482404947280884,95.0704345703125
26481,1177,15.0,15,0.6645866666666667,0.9318059086799622,94.85930633544922
26495,1178,14.0,14,0.6644093333333334,1.9645296335220337,96.78938293457031
26534,1179,39.0,39,0.6639153333333334,1.0311405658721924,94.96320343017578
26550,1180,16.0,16,0.6637126666666666,1.0085604190826416,95.56610107421875
26576,1181,26.0,26,0.6633833333333333,0.960045576095581,96.49351501464844
26590,1182,14.0,14,0.663206,1.6444299221038818,96.43649291992188
26607,1183,17.0,17,0.6629906666666667,2.2854483127593994,93.9590835571289
26619,1184,12.0,12,0.6628386666666667,0.8986868262290955,91.08085632324219
26633,1185,14.0,14,0.6626613333333333,0.7336029410362244,92.50843048095703
26646,1186,13.0,13,0.6624966666666667,1.3885809183120728,92.02336120605469
26656,1187,10.0,10,0.66237,0.9897534847259521,94.75047302246094
26673,1188,17.0,17,0.6621546666666667,1.1623914241790771,95.86488342285156
26693,1189,20.0,20,0.6619013333333333,1.4158644676208496,97.11692810058594
26708,1190,15.0,15,0.6617113333333333,1.0401363372802734,90.96061706542969
26725,1191,17.0,17,0.661496,0.23642504215240479,94.27098083496094
26740,1192,15.0,15,0.661306,0.8096065521240234,90.44808197021484
26757,1193,17.0,17,0.6610906666666667,1.3348603248596191,93.82292938232422
26782,1194,25.0,25,0.660774,0.828488826751709,93.48368835449219
26799,1195,17.0,17,0.6605586666666667,1.9268254041671753,91.95178985595703
26819,1196,20.0,20,0.6603053333333333,1.5252294540405273,96.95394897460938
26838,1197,19.0,19,0.6600646666666667,0.20383457839488983,97.79659271240234
26851,1198,13.0,13,0.6598999999999999,2.0451619625091553,100.78849792480469
26883,1199,32.0,32,0.6594946666666667,1.2878731489181519,96.11560821533203
26926,1200,43.0,43,0.6589499999999999,1.1176656484603882,92.10478210449219
26939,1201,13.0,13,0.6587853333333333,1.1423388719558716,93.83158874511719
26960,1202,21.0,21,0.6585193333333333,0.9527498483657837,97.72248077392578
26972,1203,12.0,12,0.6583673333333333,0.6463960409164429,94.93836975097656
26986,1204,14.0,14,0.65819,0.23523113131523132,96.28137969970703
27001,1205,15.0,15,0.6579999999999999,0.5605213642120361,97.26956176757812
27009,1206,8.0,8,0.6578986666666666,1.2801682949066162,99.50033569335938
27030,1207,21.0,21,0.6576326666666666,0.2898653447628021,100.30367279052734
27062,1208,32.0,32,0.6572273333333334,0.7552765607833862,95.4873046875
27079,1209,17.0,17,0.6570119999999999,0.7608588933944702,92.55670928955078
27103,1210,24.0,24,0.6567080000000001,1.4235516786575317,93.5384750366211
27116,1211,13.0,13,0.6565433333333333,1.186089277267456,97.09507751464844
27127,1212,11.0,11,0.656404,0.7834112048149109,97.6297836303711
27165,1213,38.0,38,0.6559226666666667,1.9720114469528198,91.45761108398438
27180,1214,15.0,15,0.6557326666666667,1.9344630241394043,93.39591979980469
27193,1215,13.0,13,0.6555679999999999,3.295828342437744,95.83924865722656
27213,1216,20.0,20,0.6553146666666667,1.472080945968628,93.74427032470703
27230,1217,17.0,17,0.6550993333333333,1.0758997201919556,94.59976196289062
27259,1218,29.0,29,0.654732,3.2438035011291504,98.6359634399414
27353,1219,94.0,94,0.6535413333333333,1.0208238363265991,98.59095001220703
27372,1220,19.0,19,0.6533006666666666,0.6920832991600037,93.50428009033203
27465,1221,93.0,93,0.6521226666666666,1.9550089836120605,102.11686706542969
27489,1222,24.0,24,0.6518186666666667,0.12550707161426544,99.05084991455078
27503,1223,14.0,14,0.6516413333333333,0.8689225912094116,100.267578125
27527,1224,24.0,24,0.6513373333333333,3.1363394260406494,102.11836242675781
27570,1225,43.0,43,0.6507926666666667,1.333743929862976,97.65977478027344
27594,1226,24.0,24,0.6504886666666667,2.7340307235717773,91.0883560180664
27643,1227,49.0,49,0.649868,0.23812896013259888,99.50231170654297
27669,1228,26.0,26,0.6495386666666667,1.174457311630249,93.936279296875
27736,1229,67.0,67,0.64869,2.398785352706909,99.66171264648438
27779,1230,43.0,43,0.6481453333333334,1.8975474834442139,101.11373901367188
27804,1231,25.0,25,0.6478286666666666,1.7146633863449097,91.84814453125
27818,1232,14.0,14,0.6476513333333334,0.6566041111946106,102.20780944824219
27840,1233,22.0,22,0.6473726666666666,1.719994306564331,101.33226013183594
27852,1234,12.0,12,0.6472206666666667,0.9414749145507812,98.50332641601562
27865,1235,13.0,13,0.6470560000000001,1.4548887014389038,103.90866088867188
27892,1236,27.0,27,0.646714,0.5270095467567444,99.27373504638672
27906,1237,14.0,14,0.6465366666666666,0.7834046483039856,102.89678955078125
27918,1238,12.0,12,0.6463846666666666,1.1529548168182373,93.02426147460938
27934,1239,16.0,16,0.646182,0.6162218451499939,103.2492446899414
27976,1240,42.0,42,0.6456500000000001,0.8679980039596558,101.05927276611328
27995,1241,19.0,19,0.6454093333333333,1.9189327955245972,96.13967895507812
28013,1242,18.0,18,0.6451813333333334,2.963866710662842,100.47645568847656
28066,1243,53.0,53,0.6445099999999999,1.4339869022369385,98.32112884521484
28078,1244,12.0,12,0.644358,0.24211916327476501,104.72357940673828
28090,1245,12.0,12,0.6442060000000001,1.7553305625915527,99.82005310058594
28131,1246,41.0,41,0.6436866666666667,0.6190366148948669,102.54045104980469
28151,1247,20.0,20,0.6434333333333333,1.5873245000839233,96.87283325195312
28162,1248,11.0,11,0.643294,0.9329417943954468,99.2547607421875
28174,1249,12.0,12,0.643142,0.5904901027679443,102.4365234375
28186,1250,12.0,12,0.64299,0.385001003742218,104.78929901123047
28201,1251,15.0,15,0.6428,2.933661699295044,99.4333724975586
28218,1252,17.0,17,0.6425846666666666,0.24056564271450043,105.75959777832031
28229,1253,11.0,11,0.6424453333333333,1.862602949142456,99.52168273925781
28244,1254,15.0,15,0.6422553333333334,0.12861399352550507,101.79802703857422
28266,1255,22.0,22,0.6419766666666666,0.3396475613117218,101.97190856933594
28285,1256,19.0,19,0.641736,0.32049328088760376,98.93559265136719
28302,1257,17.0,17,0.6415206666666666,2.687282085418701,103.33062744140625
28318,1258,16.0,16,0.641318,0.5164615511894226,102.91539764404297
28341,1259,23.0,23,0.6410266666666666,2.0790371894836426,97.05668640136719
28352,1260,11.0,11,0.6408873333333334,0.3886580765247345,96.4360122680664
28365,1261,13.0,13,0.6407226666666667,1.302538514137268,97.49530792236328
28385,1262,20.0,20,0.6404693333333333,1.2187836170196533,103.4281005859375
28441,1263,56.0,56,0.63976,1.0198421478271484,98.4940185546875
28462,1264,21.0,21,0.639494,1.2362333536148071,97.94801330566406
28475,1265,13.0,13,0.6393293333333333,1.4941588640213013,102.22163391113281
28503,1266,28.0,28,0.6389746666666667,1.7983238697052002,104.87483215332031
28516,1267,13.0,13,0.63881,2.6732263565063477,101.69921112060547
28527,1268,11.0,11,0.6386706666666666,4.334367275238037,105.29440307617188
28554,1269,27.0,27,0.6383286666666667,0.31331631541252136,102.68272399902344
28568,1270,14.0,14,0.6381513333333333,2.035916566848755,105.44969177246094
28583,1271,15.0,15,0.6379613333333334,2.1828176975250244,105.07928466796875
28610,1272,27.0,27,0.6376193333333333,1.9459153413772583,100.87259674072266
28635,1273,25.0,25,0.6373026666666667,1.1892848014831543,99.45809936523438
28683,1274,48.0,48,0.6366946666666666,1.2195053100585938,101.40377044677734
28701,1275,18.0,18,0.6364666666666667,1.9861100912094116,104.6944351196289
28711,1276,10.0,10,0.63634,1.9613357782363892,102.21601104736328
28761,1277,50.0,50,0.6357066666666666,1.2970390319824219,105.1874008178711
28810,1278,49.0,49,0.635086,0.2254595160484314,102.71403503417969
28834,1279,24.0,24,0.634782,0.3692508339881897,106.62438201904297
28850,1280,16.0,16,0.6345793333333334,1.1063683032989502,102.89244842529297
28874,1281,24.0,24,0.6342753333333333,0.570931077003479,99.70083618164062
28908,1282,34.0,34,0.6338446666666666,1.215397834777832,101.80158233642578
28928,1283,20.0,20,0.6335913333333334,1.9516279697418213,102.85498046875
28946,1284,18.0,18,0.6333633333333333,1.4456806182861328,103.13368225097656
28974,1285,28.0,28,0.6330086666666667,0.3686445951461792,106.31532287597656
28998,1286,24.0,24,0.6327046666666667,0.852607250213623,103.1817398071289
29015,1287,17.0,17,0.6324893333333333,1.2279549837112427,103.66696166992188
29032,1288,17.0,17,0.632274,1.6872706413269043,106.77584838867188
29045,1289,13.0,13,0.6321093333333334,1.7656246423721313,105.41812133789062
29065,1290,20.0,20,0.631856,2.27980375289917,107.70529174804688
29151,1291,86.0,86,0.6307666666666667,2.053524971008301,105.45936584472656
29162,1292,11.0,11,0.6306273333333333,2.480191707611084,101.98068237304688
29177,1293,15.0,15,0.6304373333333333,0.8947210311889648,99.94000244140625
29190,1294,13.0,13,0.6302726666666667,1.8942869901657104,106.52336120605469
29203,1295,13.0,13,0.630108,1.2315723896026611,98.83291625976562
29222,1296,19.0,19,0.6298673333333333,1.574516773223877,106.1719970703125
29262,1297,40.0,40,0.6293606666666667,1.652587890625,102.68070220947266
29281,1298,19.0,19,0.62912,0.4394896924495697,104.89484405517578
29305,1299,24.0,24,0.628816,1.9506504535675049,104.39903259277344
29327,1300,22.0,22,0.6285373333333333,0.6665187478065491,104.15666198730469
29349,1301,22.0,22,0.6282586666666667,2.0224149227142334,108.40113830566406
29363,1302,14.0,14,0.6280813333333333,0.17321676015853882,108.91525268554688
29380,1303,17.0,17,0.627866,1.2923390865325928,109.88208770751953
29392,1304,12.0,12,0.627714,0.20716306567192078,108.44204711914062
29411,1305,19.0,19,0.6274733333333333,0.6227588653564453,104.25727844238281
29428,1306,17.0,17,0.627258,0.9432085752487183,108.97389221191406
29440,1307,12.0,12,0.6271059999999999,0.37540388107299805,102.08602142333984
29452,1308,12.0,12,0.626954,1.1607283353805542,99.80004119873047
29472,1309,20.0,20,0.6267006666666667,0.20336830615997314,104.3763427734375
29484,1310,12.0,12,0.6265486666666666,0.6720917224884033,106.38799285888672
29509,1311,25.0,25,0.626232,1.8885910511016846,105.79624938964844
29524,1312,15.0,15,0.626042,1.681881308555603,108.38372802734375
29556,1313,32.0,32,0.6256366666666666,0.2431144118309021,106.1239013671875
29580,1314,24.0,24,0.6253326666666666,1.9441320896148682,107.30558013916016
29592,1315,12.0,12,0.6251806666666666,0.9326748251914978,105.10415649414062
29624,1316,32.0,32,0.6247753333333333,1.0597240924835205,100.40190124511719
29640,1317,16.0,16,0.6245726666666667,0.35471224784851074,105.87443542480469
29659,1318,19.0,19,0.624332,2.129181385040283,103.32334899902344
29675,1319,16.0,16,0.6241293333333333,1.5050837993621826,105.39391326904297
29688,1320,13.0,13,0.6239646666666667,1.2585902214050293,110.9764633178711
29709,1321,21.0,21,0.6236986666666666,1.6387388706207275,104.78202056884766
29766,1322,57.0,57,0.6229766666666667,0.7229017615318298,105.58110046386719
29777,1323,11.0,11,0.6228373333333334,2.4200963973999023,102.29202270507812
29792,1324,15.0,15,0.6226473333333333,1.2304800748825073,112.28425598144531
29805,1325,13.0,13,0.6224826666666667,2.0662779808044434,107.73259735107422
29816,1326,11.0,11,0.6223433333333332,1.055047631263733,111.70463562011719
29833,1327,17.0,17,0.622128,0.2017625868320465,105.95161437988281
29856,1328,23.0,23,0.6218366666666666,2.023939609527588,112.30286407470703
29883,1329,27.0,27,0.6214946666666666,1.0567407608032227,108.3761978149414
29916,1330,33.0,33,0.6210766666666667,0.8801863193511963,106.24243927001953
29929,1331,13.0,13,0.620912,0.6864685416221619,111.33013153076172
29943,1332,14.0,14,0.6207346666666667,1.1188435554504395,107.97908782958984
29955,1333,12.0,12,0.6205826666666667,1.230338454246521,104.72319793701172
29978,1334,23.0,23,0.6202913333333333,0.986677885055542,104.79498291015625
30008,1335,30.0,30,0.6199113333333333,1.6810448169708252,101.68490600585938
30020,1336,12.0,12,0.6197593333333333,2.0757205486297607,112.416748046875
30038,1337,18.0,18,0.6195313333333333,1.4934483766555786,106.55491638183594
30059,1338,21.0,21,0.6192653333333333,1.1051993370056152,106.89352416992188
30073,1339,14.0,14,0.619088,3.6258528232574463,109.85323333740234
30088,1340,15.0,15,0.618898,1.5206389427185059,105.55535125732422
30112,1341,24.0,24,0.618594,0.4234687387943268,105.71897888183594
30125,1342,13.0,13,0.6184293333333333,2.0733847618103027,110.0650405883789
30139,1343,14.0,14,0.618252,1.2967106103897095,105.8026351928711
30169,1344,30.0,30,0.617872,0.42865127325057983,110.58917236328125
30197,1345,28.0,28,0.6175173333333333,0.2681434750556946,102.75873565673828
30214,1346,17.0,17,0.617302,1.4860966205596924,109.45030212402344
30228,1347,14.0,14,0.6171246666666667,1.3760771751403809,112.4067611694336
30245,1348,17.0,17,0.6169093333333333,1.1400487422943115,104.20852661132812
30259,1349,14.0,14,0.6167320000000001,0.7558850049972534,114.72164916992188
30281,1350,22.0,22,0.6164533333333333,0.788562536239624,109.38140869140625
30298,1351,17.0,17,0.6162380000000001,2.3871853351593018,107.56027221679688
30321,1352,23.0,23,0.6159466666666666,1.649935007095337,111.32989501953125
30332,1353,11.0,11,0.6158073333333334,3.1136560440063477,107.84022521972656
30353,1354,21.0,21,0.6155413333333333,1.8259644508361816,113.6220703125
30374,1355,21.0,21,0.6152753333333334,3.9136433601379395,110.45008850097656
30385,1356,11.0,11,0.615136,0.21758045256137848,108.076171875
30401,1357,16.0,16,0.6149333333333333,1.4653947353363037,110.87496185302734
30436,1358,35.0,35,0.61449,1.7182072401046753,113.95970153808594
30473,1359,37.0,37,0.6140213333333333,1.765244722366333,107.82450866699219
30491,1360,18.0,18,0.6137933333333333,1.4515374898910522,107.67252349853516
30503,1361,12.0,12,0.6136413333333333,1.567927598953247,110.20670318603516
30535,1362,32.0,32,0.613236,1.7856297492980957,112.35948181152344
30575,1363,40.0,40,0.6127293333333333,1.2045674324035645,105.80005645751953
30622,1364,47.0,47,0.612134,3.6794443130493164,108.82402038574219
30656,1365,34.0,34,0.6117033333333333,0.7605414986610413,108.91976928710938
30706,1366,50.0,50,0.61107,0.5574925541877747,105.18696594238281
30789,1367,83.0,83,0.6100186666666667,0.7686244249343872,109.41276550292969
30811,1368,22.0,22,0.60974,2.4847397804260254,107.41978454589844
30822,1369,11.0,11,0.6096006666666667,2.037052631378174,109.6605224609375
30837,1370,15.0,15,0.6094106666666667,2.3649346828460693,107.01827239990234
30853,1371,16.0,16,0.609208,1.0168129205703735,111.67008972167969
30864,1372,11.0,11,0.6090686666666667,1.6742395162582397,110.24513244628906
30884,1373,20.0,20,0.6088153333333333,0.9654909372329712,101.89772033691406
30909,1374,25.0,25,0.6084986666666667,1.485460877418518,108.69987487792969
30919,1375,10.0,10,0.6083719999999999,1.7935056686401367,110.29212951660156
30934,1376,15.0,15,0.608182,2.882725715637207,111.17877197265625
30965,1377,31.0,31,0.6077893333333333,3.308112144470215,106.9989013671875
30977,1378,12.0,12,0.6076373333333334,0.46179524064064026,110.32962036132812
30992,1379,15.0,15,0.6074473333333333,0.7119739055633545,112.5224609375
31013,1380,21.0,21,0.6071813333333334,1.5873658657073975,111.2218017578125
31026,1381,13.0,13,0.6070166666666666,0.6837490797042847,112.72127532958984
31038,1382,12.0,12,0.6068646666666666,0.5754017233848572,107.69745635986328
31057,1383,19.0,19,0.606624,1.955770492553711,112.47306060791016
31102,1384,45.0,45,0.606054,1.137881875038147,111.7302474975586
31112,1385,10.0,10,0.6059273333333333,0.24574816226959229,111.13971710205078
31124,1386,12.0,12,0.6057753333333333,0.35138726234436035,114.64156341552734
31140,1387,16.0,16,0.6055726666666666,0.33067673444747925,105.84395599365234
31169,1388,29.0,29,0.6052053333333334,1.1253637075424194,102.9595947265625
31189,1389,20.0,20,0.6049519999999999,2.222644805908203,108.57269287109375
31209,1390,20.0,20,0.6046986666666667,2.693330764770508,115.85546875
31279,1391,70.0,70,0.603812,1.4719990491867065,112.07762145996094
31295,1392,16.0,16,0.6036093333333333,1.8637351989746094,110.72457885742188
31316,1393,21.0,21,0.6033433333333333,2.3020291328430176,109.21089172363281
31334,1394,18.0,18,0.6031153333333333,0.3412139117717743,109.70830535888672
31389,1395,55.0,55,0.6024186666666667,0.21803636848926544,117.78663635253906
31402,1396,13.0,13,0.6022540000000001,0.4892507493495941,109.49931335449219
31430,1397,28.0,28,0.6018993333333333,1.1154617071151733,113.02250671386719
31445,1398,15.0,15,0.6017093333333333,2.5527567863464355,112.42931365966797
31463,1399,18.0,18,0.6014813333333333,0.4004935026168823,108.16663360595703
31493,1400,30.0,30,0.6011013333333333,1.7473405599594116,117.26840209960938
31507,1401,14.0,14,0.600924,2.801578998565674,120.50910949707031
31545,1402,38.0,38,0.6004426666666667,1.0338516235351562,109.66238403320312
31559,1403,14.0,14,0.6002653333333333,0.8855105638504028,116.42042541503906
31572,1404,13.0,13,0.6001006666666666,2.344658613204956,109.17902374267578
31589,1405,17.0,17,0.5998853333333334,1.1777293682098389,110.94873046875
31602,1406,13.0,13,0.5997206666666667,1.0682542324066162,110.33841705322266
31619,1407,17.0,17,0.5995053333333333,0.7518991231918335,107.06678009033203
31643,1408,24.0,24,0.5992013333333333,0.3580390214920044,108.61573791503906
31667,1409,24.0,24,0.5988973333333334,0.9501181840896606,107.69075012207031
31681,1410,14.0,14,0.5987199999999999,0.6436509490013123,107.69532775878906
31700,1411,19.0,19,0.5984793333333334,0.18487860262393951,116.5186767578125
31721,1412,21.0,21,0.5982133333333333,2.2426400184631348,114.37995910644531
31744,1413,23.0,23,0.5979220000000001,0.7441864013671875,115.863037109375
31754,1414,10.0,10,0.5977953333333333,1.447681188583374,113.57434844970703
31766,1415,12.0,12,0.5976433333333333,2.307248830795288,115.24815368652344
31786,1416,20.0,20,0.59739,0.9676636457443237,114.41363525390625
31816,1417,30.0,30,0.59701,1.3300966024398804,117.71377563476562
31846,1418,30.0,30,0.59663,1.2542510032653809,115.84306335449219
31862,1419,16.0,16,0.5964273333333333,0.3406526446342468,110.46086883544922
31893,1420,31.0,31,0.5960346666666667,0.3114214241504669,113.60395812988281
31909,1421,16.0,16,0.5958319999999999,1.4567954540252686,114.36165618896484
31926,1422,17.0,17,0.5956166666666667,1.495022177696228,110.07505798339844
31943,1423,17.0,17,0.5954013333333333,1.5211033821105957,110.19837188720703
31970,1424,27.0,27,0.5950593333333334,1.0521641969680786,113.90252685546875
31999,1425,29.0,29,0.594692,1.2562897205352783,117.86051177978516
32013,1426,14.0,14,0.5945146666666666,2.224669933319092,119.06907653808594
32021,1427,8.0,8,0.5944133333333333,1.407917857170105,110.8989028930664
32041,1428,20.0,20,0.59416,1.3335106372833252,110.1581039428711
32085,1429,44.0,44,0.5936026666666667,1.1471524238586426,122.097412109375
32112,1430,27.0,27,0.5932606666666667,1.0100500583648682,110.4111328125
32145,1431,33.0,33,0.5928426666666666,4.265440940856934,114.2819595336914
32166,1432,21.0,21,0.5925766666666666,2.9529643058776855,115.46263885498047
32178,1433,12.0,12,0.5924246666666666,2.0042686462402344,115.24836730957031
32197,1434,19.0,19,0.592184,0.675756573677063,113.9243392944336
32216,1435,19.0,19,0.5919433333333333,1.0021666288375854,113.50785827636719
32237,1436,21.0,21,0.5916773333333334,0.22651664912700653,115.98511505126953
32270,1437,33.0,33,0.5912593333333334,2.569711923599243,115.0233383178711
32281,1438,11.0,11,0.59112,0.6956068277359009,117.23445129394531
32309,1439,28.0,28,0.5907653333333334,0.661086916923523,113.98416900634766
32321,1440,12.0,12,0.5906133333333333,0.9770923852920532,114.18162536621094
32337,1441,16.0,16,0.5904106666666666,1.8129416704177856,117.04566955566406
32355,1442,18.0,18,0.5901826666666667,0.8084618449211121,115.64791870117188
32374,1443,19.0,19,0.589942,1.2753880023956299,119.72547149658203
32383,1444,9.0,9,0.589828,0.8583487272262573,113.01212310791016
32393,1445,10.0,10,0.5897013333333334,0.6739376187324524,108.51032257080078
32407,1446,14.0,14,0.5895239999999999,2.3059802055358887,114.70034790039062
32456,1447,49.0,49,0.5889033333333333,2.3702597618103027,114.02204895019531
32494,1448,38.0,38,0.588422,1.2375907897949219,112.20682525634766
32508,1449,14.0,14,0.5882446666666666,1.1435632705688477,118.87213134765625
32520,1450,12.0,12,0.5880926666666666,0.2569434344768524,123.1567611694336
32532,1451,12.0,12,0.5879406666666667,0.49394160509109497,117.15620422363281
32544,1452,12.0,12,0.5877886666666667,3.8964791297912598,115.63839721679688
32556,1453,12.0,12,0.5876366666666666,0.4590439200401306,115.98201751708984
32566,1454,10.0,10,0.58751,1.6692556142807007,115.52949523925781
32577,1455,11.0,11,0.5873706666666667,1.165417194366455,118.39414978027344
32588,1456,11.0,11,0.5872313333333333,1.5875120162963867,118.9388198852539
32610,1457,22.0,22,0.5869526666666667,0.30081915855407715,114.72041320800781
32621,1458,11.0,11,0.5868133333333334,2.739738941192627,109.8684310913086
32641,1459,20.0,20,0.58656,1.3902060985565186,112.7757568359375
32650,1460,9.0,9,0.586446,0.2079097032546997,114.69050598144531
32660,1461,10.0,10,0.5863193333333333,0.28132835030555725,119.67097473144531
32681,1462,21.0,21,0.5860533333333333,0.531278133392334,120.64644622802734
32691,1463,10.0,10,0.5859266666666667,1.659207820892334,112.48990631103516
32717,1464,26.0,26,0.5855973333333333,0.27748748660087585,114.26078033447266
32738,1465,21.0,21,0.5853313333333333,1.16803777217865,113.27410125732422
32757,1466,19.0,19,0.5850906666666666,1.6277806758880615,121.42515563964844
32786,1467,29.0,29,0.5847233333333333,0.5646024942398071,111.7806396484375
32812,1468,26.0,26,0.584394,1.4701204299926758,116.62480926513672
32828,1469,16.0,16,0.5841913333333333,0.6052377820014954,112.30465698242188
32849,1470,21.0,21,0.5839253333333334,1.4176896810531616,114.70762634277344
32875,1471,26.0,26,0.583596,1.0654255151748657,111.48003387451172
32888,1472,13.0,13,0.5834313333333333,0.28674107789993286,117.05250549316406
32921,1473,33.0,33,0.5830133333333334,0.42727038264274597,119.41693878173828
32936,1474,15.0,15,0.5828233333333332,1.2636855840682983,109.94540405273438
32952,1475,16.0,16,0.5826206666666667,0.2556925415992737,111.09747314453125
32968,1476,16.0,16,0.582418,0.5471512675285339,113.91094207763672
33010,1477,42.0,42,0.581886,0.9727283716201782,117.52767944335938
33022,1478,12.0,12,0.581734,0.29261380434036255,121.16278076171875
33062,1479,40.0,40,0.5812273333333333,1.3063373565673828,111.53190612792969
33093,1480,31.0,31,0.5808346666666666,1.2195377349853516,117.47557830810547
33184,1481,91.0,91,0.579682,0.9342153668403625,119.89179229736328
33202,1482,18.0,18,0.5794539999999999,0.6595174074172974,118.19314575195312
33290,1483,88.0,88,0.5783393333333333,3.1215996742248535,120.3757553100586
33374,1484,84.0,84,0.5772753333333334,2.0326309204101562,127.531005859375
33385,1485,11.0,11,0.577136,0.37018153071403503,108.27226257324219
33404,1486,19.0,19,0.5768953333333333,1.3782618045806885,115.39886474609375
33429,1487,25.0,25,0.5765786666666667,4.153742790222168,119.88560485839844
33443,1488,14.0,14,0.5764013333333333,2.5525741577148438,113.16094970703125
33469,1489,26.0,26,0.5760719999999999,1.860687494277954,115.36769104003906
33491,1490,22.0,22,0.5757933333333334,2.9591870307922363,120.19686126708984
33514,1491,23.0,23,0.575502,1.6068170070648193,117.04142761230469
33528,1492,14.0,14,0.5753246666666667,1.2940055131912231,119.10107421875
33554,1493,26.0,26,0.5749953333333333,0.3388490080833435,116.66043853759766
33566,1494,12.0,12,0.5748433333333334,3.7413277626037598,118.56605529785156
33579,1495,13.0,13,0.5746786666666667,3.355137825012207,120.29650115966797
33593,1496,14.0,14,0.5745013333333333,1.7424798011779785,126.61882019042969
33603,1497,10.0,10,0.5743746666666667,1.4101508855819702,115.11619567871094
33613,1498,10.0,10,0.574248,1.3452738523483276,119.12879943847656
33632,1499,19.0,19,0.5740073333333333,0.3196828067302704,120.77352905273438
33646,1500,14.0,14,0.5738300000000001,0.4410758912563324,118.78921508789062
33667,1501,21.0,21,0.573564,2.068953514099121,114.99905395507812
33681,1502,14.0,14,0.5733866666666667,0.8860955238342285,118.4020767211914
33712,1503,31.0,31,0.572994,0.734107255935669,120.63497924804688
33726,1504,14.0,14,0.5728166666666666,3.4832868576049805,124.36817932128906
33774,1505,48.0,48,0.5722086666666666,2.2600104808807373,119.5499267578125
33784,1506,10.0,10,0.572082,2.029890775680542,117.86573028564453
33795,1507,11.0,11,0.5719426666666667,1.0049707889556885,121.53616333007812
33817,1508,22.0,22,0.571664,0.980699896812439,119.04866027832031
33832,1509,15.0,15,0.571474,0.8476249575614929,121.91294860839844
33850,1510,18.0,18,0.5712459999999999,2.05639910697937,110.71644592285156
33865,1511,15.0,15,0.571056,0.5234206318855286,117.77898406982422
33889,1512,24.0,24,0.5707519999999999,1.7368290424346924,126.265625
33906,1513,17.0,17,0.5705366666666667,0.5954981446266174,122.05244445800781
33928,1514,22.0,22,0.5702579999999999,1.394134521484375,125.84646606445312
33941,1515,13.0,13,0.5700933333333333,0.6174091100692749,123.63736724853516
33990,1516,49.0,49,0.5694726666666667,1.8033926486968994,124.25836181640625
34004,1517,14.0,14,0.5692953333333333,2.7138094902038574,115.07095336914062
34019,1518,15.0,15,0.5691053333333334,1.1029858589172363,115.19815826416016
34034,1519,15.0,15,0.5689153333333333,0.9605398178100586,121.11189270019531
34048,1520,14.0,14,0.568738,0.9830707311630249,119.81757354736328
34062,1521,14.0,14,0.5685606666666667,1.648964524269104,124.27911376953125
34083,1522,21.0,21,0.5682946666666666,4.134625434875488,113.39663696289062
34100,1523,17.0,17,0.5680793333333334,0.8938487768173218,124.86569213867188
34111,1524,11.0,11,0.56794,0.26230770349502563,116.96690368652344
34138,1525,27.0,27,0.567598,0.7497835159301758,126.48884582519531
34150,1526,12.0,12,0.567446,2.330934524536133,118.41667938232422
34172,1527,22.0,22,0.5671673333333334,1.4047000408172607,120.15898895263672
34207,1528,35.0,35,0.566724,0.40575769543647766,128.49191284179688
34220,1529,13.0,13,0.5665593333333333,0.29875412583351135,121.21411895751953
34237,1530,17.0,17,0.566344,1.5303244590759277,126.18574523925781
34248,1531,11.0,11,0.5662046666666667,1.7643941640853882,125.77468872070312
34270,1532,22.0,22,0.5659259999999999,2.0480034351348877,122.08129119873047
34292,1533,22.0,22,0.5656473333333334,0.6776903867721558,126.60669708251953
34336,1534,44.0,44,0.56509,2.8304922580718994,128.0413818359375
34361,1535,25.0,25,0.5647733333333333,0.7195820808410645,119.58110046386719
34412,1536,51.0,51,0.5641273333333333,0.8869674205780029,118.64187622070312
34428,1537,16.0,16,0.5639246666666666,2.3552684783935547,120.80744171142578
34439,1538,11.0,11,0.5637853333333334,2.947587728500366,118.22261810302734
34452,1539,13.0,13,0.5636206666666667,3.406526803970337,126.43359375
34474,1540,22.0,22,0.563342,0.5730066299438477,117.67345428466797
34498,1541,24.0,24,0.5630379999999999,1.9248985052108765,128.00308227539062
34516,1542,18.0,18,0.56281,0.34274178743362427,127.38382720947266
34538,1543,22.0,22,0.5625313333333333,1.5844653844833374,124.00204467773438
34550,1544,12.0,12,0.5623793333333333,1.5665650367736816,122.3419189453125
34565,1545,15.0,15,0.5621893333333333,1.5402777194976807,124.3553466796875
34575,1546,10.0,10,0.5620626666666666,1.1127288341522217,130.1225128173828
34594,1547,19.0,19,0.561822,1.7431495189666748,119.2337646484375
34609,1548,15.0,15,0.561632,1.2163360118865967,124.1346435546875
34621,1549,12.0,12,0.56148,1.762840747833252,127.00796508789062
34635,1550,14.0,14,0.5613026666666667,0.3258683681488037,123.99691009521484
34654,1551,19.0,19,0.561062,0.6907488107681274,117.64485168457031
34665,1552,11.0,11,0.5609226666666667,1.9108772277832031,127.98775482177734
34680,1553,15.0,15,0.5607326666666667,1.8966922760009766,118.75753021240234
34694,1554,14.0,14,0.5605553333333333,2.1665756702423096,120.55892181396484
34707,1555,13.0,13,0.5603906666666667,1.308565616607666,122.173828125
34722,1556,15.0,15,0.5602006666666667,3.5354723930358887,125.0633773803711
34731,1557,9.0,9,0.5600866666666666,1.2878769636154175,126.56246185302734
34741,1558,10.0,10,0.55996,2.976411819458008,124.57994842529297
34760,1559,19.0,19,0.5597193333333333,0.1930910348892212,115.6836166381836
34782,1560,22.0,22,0.5594406666666667,1.282091736793518,130.00250244140625
34828,1561,46.0,46,0.5588580000000001,1.372390866279602,123.80091094970703
34846,1562,18.0,18,0.55863,2.4567604064941406,123.7773666381836
34868,1563,22.0,22,0.5583513333333333,2.3973827362060547,120.9043960571289
34884,1564,16.0,16,0.5581486666666666,3.7072055339813232,128.78695678710938
34895,1565,11.0,11,0.5580093333333334,2.496453046798706,127.03984069824219
34951,1566,56.0,56,0.5573,3.202484607696533,127.61386108398438
34964,1567,13.0,13,0.5571353333333333,1.874998927116394,128.4989013671875
34983,1568,19.0,19,0.5568946666666666,1.3769245147705078,132.94313049316406
35009,1569,26.0,26,0.5565653333333334,1.6037979125976562,123.32232666015625
35037,1570,28.0,28,0.5562106666666666,1.2068991661071777,122.09312438964844
35055,1571,18.0,18,0.5559826666666667,4.657773971557617,133.30593872070312
35081,1572,26.0,26,0.5556533333333333,3.90834379196167,120.31275939941406
35100,1573,19.0,19,0.5554126666666667,2.3934969902038574,130.54779052734375
35112,1574,12.0,12,0.5552606666666666,0.6141006946563721,134.0139923095703
35127,1575,15.0,15,0.5550706666666667,2.6124672889709473,128.888427734375
35141,1576,14.0,14,0.5548933333333333,2.4457852840423584,128.40826416015625
35154,1577,13.0,13,0.5547286666666666,1.5606391429901123,126.64395141601562
35166,1578,12.0,12,0.5545766666666667,2.1951518058776855,128.32681274414062
35182,1579,16.0,16,0.5543739999999999,1.0708236694335938,122.28414154052734
35196,1580,14.0,14,0.5541966666666667,2.6424202919006348,127.10726928710938
35219,1581,23.0,23,0.5539053333333332,2.063676357269287,128.8552703857422
35228,1582,9.0,9,0.5537913333333333,3.978071451187134,126.30152130126953
35275,1583,47.0,47,0.553196,1.8891112804412842,124.40454864501953
35295,1584,20.0,20,0.5529426666666666,2.16448712348938,131.75311279296875
35321,1585,26.0,26,0.5526133333333334,1.6960595846176147,130.6187744140625
35338,1586,17.0,17,0.552398,2.7834908962249756,118.01224517822266
35349,1587,11.0,11,0.5522586666666667,0.49123573303222656,128.84152221679688
35381,1588,32.0,32,0.5518533333333333,2.778935432434082,126.38316345214844
35396,1589,15.0,15,0.5516633333333334,0.8518504500389099,130.00782775878906
35420,1590,24.0,24,0.5513593333333333,1.564270257949829,125.31903839111328
35435,1591,15.0,15,0.5511693333333334,0.14519980549812317,129.0668182373047
35459,1592,24.0,24,0.5508653333333333,3.6753878593444824,115.13006591796875
35473,1593,14.0,14,0.5506880000000001,0.4563547968864441,130.15451049804688
35489,1594,16.0,16,0.5504853333333333,1.4110578298568726,126.67756652832031
35500,1595,11.0,11,0.550346,0.3838993310928345,124.19274139404297
35523,1596,23.0,23,0.5500546666666666,0.8877582550048828,135.2144775390625
35537,1597,14.0,14,0.5498773333333333,1.5879573822021484,128.66229248046875
35550,1598,13.0,13,0.5497126666666667,4.276419162750244,134.80340576171875
35583,1599,33.0,33,0.5492946666666667,2.6260974407196045,125.64794921875
35611,1600,28.0,28,0.54894,3.7032580375671387,132.3319549560547
35641,1601,30.0,30,0.5485599999999999,2.4761033058166504,121.9817123413086
35662,1602,21.0,21,0.5482940000000001,0.33775240182876587,122.00684356689453
35676,1603,14.0,14,0.5481166666666666,1.5642509460449219,128.13388061523438
35686,1604,10.0,10,0.54799,4.690882682800293,132.87234497070312
35697,1605,11.0,11,0.5478506666666667,0.9466995000839233,119.76018524169922
35708,1606,11.0,11,0.5477113333333333,0.7370748519897461,130.51895141601562
35721,1607,13.0,13,0.5475466666666666,3.705049514770508,129.76577758789062
35734,1608,13.0,13,0.547382,1.9708003997802734,128.14952087402344
35749,1609,15.0,15,0.547192,1.1922436952590942,132.7197265625
35770,1610,21.0,21,0.546926,1.7195708751678467,128.43655395507812
35797,1611,27.0,27,0.546584,2.140416383743286,124.94963073730469
35813,1612,16.0,16,0.5463813333333334,3.20137357711792,129.81253051757812
35822,1613,9.0,9,0.5462673333333333,2.192737340927124,125.42156219482422
35836,1614,14.0,14,0.54609,5.074548244476318,126.54457092285156
35849,1615,13.0,13,0.5459253333333334,3.754917621612549,130.69305419921875
35862,1616,13.0,13,0.5457606666666667,0.8763666152954102,128.19561767578125
35894,1617,32.0,32,0.5453553333333333,1.206977367401123,124.973876953125
35932,1618,38.0,38,0.544874,0.1959141492843628,129.705322265625
35957,1619,25.0,25,0.5445573333333333,0.8152424693107605,127.11028289794922
35970,1620,13.0,13,0.5443926666666666,3.7073659896850586,128.6121826171875
35982,1621,12.0,12,0.5442406666666666,2.000121831893921,128.62091064453125
35995,1622,13.0,13,0.544076,2.1826210021972656,122.69015502929688
36019,1623,24.0,24,0.5437719999999999,2.2124085426330566,134.28939819335938
36041,1624,22.0,22,0.5434933333333334,0.6857761144638062,123.95329284667969
36054,1625,13.0,13,0.5433286666666667,1.083801507949829,134.1734619140625
36067,1626,13.0,13,0.543164,4.2664899826049805,134.17861938476562
36084,1627,17.0,17,0.5429486666666666,0.3618229627609253,129.28167724609375
36094,1628,10.0,10,0.5428219999999999,0.6735402345657349,119.70816040039062
36113,1629,19.0,19,0.5425813333333334,2.9964661598205566,126.10863494873047
36127,1630,14.0,14,0.542404,0.17377376556396484,123.03736114501953
36136,1631,9.0,9,0.5422899999999999,1.4837478399276733,128.65115356445312
36150,1632,14.0,14,0.5421126666666667,2.3109078407287598,133.648193359375
36167,1633,17.0,17,0.5418973333333333,0.5206264853477478,132.85293579101562
36188,1634,21.0,21,0.5416313333333334,3.001575469970703,124.69652557373047
36202,1635,14.0,14,0.541454,1.7484800815582275,131.23031616210938
36216,1636,14.0,14,0.5412766666666666,1.8642961978912354,122.13066101074219
36238,1637,22.0,22,0.540998,2.629171371459961,129.1661376953125
36257,1638,19.0,19,0.5407573333333333,1.328209400177002,124.24858093261719
36289,1639,32.0,32,0.5403519999999999,2.2041053771972656,130.00318908691406
36314,1640,25.0,25,0.5400353333333333,0.6440819501876831,128.54002380371094
36328,1641,14.0,14,0.539858,0.6850000619888306,131.24305725097656
36359,1642,31.0,31,0.5394653333333334,0.5877219438552856,128.29733276367188
36394,1643,35.0,35,0.539022,0.6700078248977661,129.02688598632812
36420,1644,26.0,26,0.5386926666666667,1.8697699308395386,123.49951171875
36429,1645,9.0,9,0.5385786666666667,2.474421262741089,131.09027099609375
36444,1646,15.0,15,0.5383886666666666,2.031987428665161,125.79656219482422
36470,1647,26.0,26,0.5380593333333333,0.7809011936187744,123.10327911376953
36481,1648,11.0,11,0.53792,3.295443534851074,127.90106201171875
36515,1649,34.0,34,0.5374893333333333,1.6215264797210693,135.0749053955078
36531,1650,16.0,16,0.5372866666666667,1.6496143341064453,128.8777618408203
36542,1651,11.0,11,0.5371473333333333,0.27252668142318726,134.9268341064453
36557,1652,15.0,15,0.5369573333333333,2.1582436561584473,137.09259033203125
36590,1653,33.0,33,0.5365393333333333,0.45663803815841675,136.2984619140625
36606,1654,16.0,16,0.5363366666666667,1.196650743484497,134.09832763671875
36631,1655,25.0,25,0.5360199999999999,1.6796671152114868,125.28392791748047
36649,1656,18.0,18,0.535792,1.181514859199524,140.23580932617188
36664,1657,15.0,15,0.535602,1.7167237997055054,135.4509735107422
36674,1658,10.0,10,0.5354753333333333,0.6999543905258179,131.66229248046875
36685,1659,11.0,11,0.535336,1.9904325008392334,133.12960815429688
36724,1660,39.0,39,0.534842,1.0909734964370728,130.05645751953125
36741,1661,17.0,17,0.5346266666666666,0.9381726384162903,135.41864013671875
36757,1662,16.0,16,0.534424,0.7493407726287842,139.58114624023438
36783,1663,26.0,26,0.5340946666666666,3.4339041709899902,140.8447265625
36799,1664,16.0,16,0.533892,2.5684878826141357,130.39328002929688
36809,1665,10.0,10,0.5337653333333333,1.5619518756866455,131.05233764648438
36828,1666,19.0,19,0.5335246666666666,1.4171777963638306,132.64791870117188
36850,1667,22.0,22,0.533246,1.1526012420654297,139.53509521484375
36866,1668,16.0,16,0.5330433333333333,1.5748568773269653,133.72311401367188
36880,1669,14.0,14,0.5328660000000001,1.7816905975341797,137.0308837890625
36895,1670,15.0,15,0.5326759999999999,0.49569883942604065,132.404052734375
36905,1671,10.0,10,0.5325493333333333,1.3405649662017822,135.48455810546875
36953,1672,48.0,48,0.5319413333333334,1.5583455562591553,134.76724243164062
36970,1673,17.0,17,0.5317259999999999,4.380541801452637,128.6332550048828
36983,1674,13.0,13,0.5315613333333333,4.453248977661133,130.268798828125
37004,1675,21.0,21,0.5312953333333333,3.9997458457946777,136.15167236328125
37017,1676,13.0,13,0.5311306666666666,1.090153694152832,134.54299926757812
37036,1677,19.0,19,0.53089,1.1778899431228638,134.016845703125
37052,1678,16.0,16,0.5306873333333333,0.7809559106826782,129.99534606933594
37069,1679,17.0,17,0.530472,3.0980279445648193,133.33958435058594
37081,1680,12.0,12,0.53032,1.2086082696914673,133.27178955078125
37094,1681,13.0,13,0.5301553333333333,1.7225627899169922,135.01806640625
37106,1682,12.0,12,0.5300033333333334,0.4067579209804535,126.82148742675781
37123,1683,17.0,17,0.5297879999999999,1.9590892791748047,132.07476806640625
37137,1684,14.0,14,0.5296106666666667,0.7472540736198425,129.3687744140625
37152,1685,15.0,15,0.5294206666666667,0.6949074268341064,132.72320556640625
37196,1686,44.0,44,0.5288633333333334,1.607398271560669,128.39694213867188
37208,1687,12.0,12,0.5287113333333333,2.9313220977783203,133.73887634277344
37219,1688,11.0,11,0.528572,1.1310737133026123,125.30509948730469
37233,1689,14.0,14,0.5283946666666667,1.789616584777832,133.10299682617188
37245,1690,12.0,12,0.5282426666666666,1.9012503623962402,123.52053833007812
37259,1691,14.0,14,0.5280653333333334,0.9804176092147827,130.32080078125
37278,1692,19.0,19,0.5278246666666666,0.6514822840690613,142.72198486328125
37293,1693,15.0,15,0.5276346666666667,0.4368477463722229,134.98281860351562
37317,1694,24.0,24,0.5273306666666666,0.573662281036377,129.17977905273438
37350,1695,33.0,33,0.5269126666666666,0.9100510478019714,133.3309783935547
37372,1696,22.0,22,0.526634,1.8141131401062012,134.408935546875
37398,1697,26.0,26,0.5263046666666666,2.5089268684387207,128.9913787841797
37417,1698,19.0,19,0.526064,0.8548566102981567,141.19515991210938
37432,1699,15.0,15,0.525874,1.3920543193817139,139.5389404296875
37480,1700,48.0,48,0.525266,0.19816496968269348,135.8621368408203
37518,1701,38.0,38,0.5247846666666667,1.245508074760437,136.5447998046875
37535,1702,17.0,17,0.5245693333333333,2.816042423248291,134.4061279296875
37550,1703,15.0,15,0.5243793333333333,1.937133550643921,141.92919921875
37565,1704,15.0,15,0.5241893333333334,1.1106300354003906,134.00607299804688
37580,1705,15.0,15,0.5239993333333333,1.015942931175232,135.38629150390625
37591,1706,11.0,11,0.52386,1.9206080436706543,134.15858459472656
37604,1707,13.0,13,0.5236953333333334,3.126523971557617,123.60536193847656
37617,1708,13.0,13,0.5235306666666666,0.6256946325302124,139.06216430664062
37639,1709,22.0,22,0.523252,1.6982183456420898,133.07357788085938
37677,1710,38.0,38,0.5227706666666667,0.4167541563510895,143.02940368652344
37693,1711,16.0,16,0.5225679999999999,1.9127529859542847,135.0647735595703
37703,1712,10.0,10,0.5224413333333333,1.70168137550354,125.04786682128906
37717,1713,14.0,14,0.5222640000000001,3.6670899391174316,136.03057861328125
37735,1714,18.0,18,0.522036,1.6591053009033203,135.529296875
37746,1715,11.0,11,0.5218966666666667,0.9598308801651001,135.83306884765625
37763,1716,17.0,17,0.5216813333333333,1.2372713088989258,132.20828247070312
37805,1717,42.0,42,0.5211493333333334,0.8528880476951599,130.61758422851562
37814,1718,9.0,9,0.5210353333333333,1.3454667329788208,127.26846313476562
37848,1719,34.0,34,0.5206046666666666,0.4519282281398773,136.1266632080078
37912,1720,64.0,64,0.519794,1.5783859491348267,136.6610565185547
37923,1721,11.0,11,0.5196546666666666,2.3989522457122803,129.89373779296875
37956,1722,33.0,33,0.5192366666666667,2.344022274017334,136.59384155273438
37979,1723,23.0,23,0.5189453333333334,1.6428709030151367,135.52142333984375
37998,1724,19.0,19,0.5187046666666666,0.5314543843269348,131.03341674804688
38012,1725,14.0,14,0.5185273333333333,1.7363040447235107,139.27810668945312
38028,1726,16.0,16,0.5183246666666667,2.8627102375030518,136.9778594970703
38044,1727,16.0,16,0.518122,1.5693180561065674,129.61322021484375
38058,1728,14.0,14,0.5179446666666667,3.2361655235290527,134.66305541992188
38074,1729,16.0,16,0.5177419999999999,0.3932577967643738,134.09368896484375
38085,1730,11.0,11,0.5176026666666667,2.259174346923828,128.08746337890625
38097,1731,12.0,12,0.5174506666666667,1.2308647632598877,133.7913818359375
38112,1732,15.0,15,0.5172606666666666,0.4122649133205414,138.75527954101562
38126,1733,14.0,14,0.5170833333333333,1.4443340301513672,138.3603057861328
38149,1734,23.0,23,0.5167919999999999,1.8607243299484253,138.77005004882812
38162,1735,13.0,13,0.5166273333333333,3.038153886795044,132.02362060546875
38191,1736,29.0,29,0.5162599999999999,2.6335301399230957,138.14993286132812
38201,1737,10.0,10,0.5161333333333333,2.075817346572876,139.5234375
38218,1738,17.0,17,0.515918,1.454259991645813,134.82608032226562
38241,1739,23.0,23,0.5156266666666667,0.9294979572296143,133.2474365234375
38255,1740,14.0,14,0.5154493333333333,1.7277626991271973,134.45606994628906
38270,1741,15.0,15,0.5152593333333333,1.817395806312561,145.9544677734375
38285,1742,15.0,15,0.5150693333333334,4.682094573974609,136.67919921875
38303,1743,18.0,18,0.5148413333333333,3.096437931060791,134.41908264160156
38313,1744,10.0,10,0.5147146666666667,1.501306414604187,140.58505249023438
38325,1745,12.0,12,0.5145626666666667,0.881897509098053,138.84555053710938
38334,1746,9.0,9,0.5144486666666667,2.44207763671875,134.02955627441406
38350,1747,16.0,16,0.514246,0.3332751989364624,133.161376953125
38365,1748,15.0,15,0.5140560000000001,6.091639041900635,129.62933349609375
38379,1749,14.0,14,0.5138786666666666,0.570381760597229,140.58645629882812
38412,1750,33.0,33,0.5134606666666667,0.9760345220565796,129.62368774414062
38429,1751,17.0,17,0.5132453333333333,0.6767389178276062,131.6419677734375
38441,1752,12.0,12,0.5130933333333334,1.5097020864486694,129.6793670654297
38455,1753,14.0,14,0.5129159999999999,1.6149572134017944,135.93492126464844
38480,1754,25.0,25,0.5125993333333334,1.4550949335098267,132.28028869628906
38505,1755,25.0,25,0.5122826666666667,1.407370686531067,139.3925323486328
38524,1756,19.0,19,0.512042,4.800387859344482,139.04112243652344
38541,1757,17.0,17,0.5118266666666667,2.570859432220459,133.2333526611328
38552,1758,11.0,11,0.5116873333333334,1.0978858470916748,134.87197875976562
38566,1759,14.0,14,0.51151,1.4614298343658447,140.6726837158203
38586,1760,20.0,20,0.5112566666666667,0.4646616578102112,141.30096435546875
38617,1761,31.0,31,0.510864,0.8748772740364075,133.30599975585938
38639,1762,22.0,22,0.5105853333333333,0.2882407605648041,140.3576202392578
38658,1763,19.0,19,0.5103446666666667,3.8148865699768066,142.2008514404297
38678,1764,20.0,20,0.5100913333333333,5.535861015319824,134.14865112304688
38698,1765,20.0,20,0.509838,1.7113384008407593,138.82090759277344
38714,1766,16.0,16,0.5096353333333333,1.6840059757232666,138.33645629882812
38725,1767,11.0,11,0.509496,1.5627589225769043,140.7080535888672
38737,1768,12.0,12,0.509344,2.9298276901245117,137.54112243652344
38753,1769,16.0,16,0.5091413333333333,1.4051705598831177,136.63536071777344
38803,1770,50.0,50,0.508508,1.3318965435028076,136.38082885742188
38817,1771,14.0,14,0.5083306666666667,0.5446920990943909,139.02981567382812
38846,1772,29.0,29,0.5079633333333333,1.8499637842178345,142.19635009765625
38855,1773,9.0,9,0.5078493333333334,1.0956408977508545,136.93682861328125
38869,1774,14.0,14,0.507672,0.969158947467804,133.1185302734375
38885,1775,16.0,16,0.5074693333333333,2.5044355392456055,138.90602111816406
38901,1776,16.0,16,0.5072666666666666,1.356610655784607,138.95704650878906
38915,1777,14.0,14,0.5070893333333333,0.2555048167705536,134.57945251464844
38941,1778,26.0,26,0.50676,2.4800405502319336,140.23873901367188
38962,1779,21.0,21,0.506494,1.665926218032837,136.74815368652344
38982,1780,20.0,20,0.5062406666666667,1.4456912279129028,134.90765380859375
38997,1781,15.0,15,0.5060506666666666,3.902313709259033,137.52847290039062
39017,1782,20.0,20,0.5057973333333333,3.852263927459717,147.11752319335938
39028,1783,11.0,11,0.5056579999999999,2.4708099365234375,134.19784545898438
39076,1784,48.0,48,0.50505,0.38901418447494507,127.75257873535156
39087,1785,11.0,11,0.5049106666666667,1.9047131538391113,142.58013916015625
39099,1786,12.0,12,0.5047586666666667,4.078868389129639,135.5281982421875
39111,1787,12.0,12,0.5046066666666666,4.3223137855529785,145.62545776367188
39129,1788,18.0,18,0.5043786666666666,1.7283183336257935,141.09661865234375
39148,1789,19.0,19,0.504138,3.054861545562744,142.21249389648438
39163,1790,15.0,15,0.5039480000000001,4.371724605560303,147.02842712402344
39173,1791,10.0,10,0.5038213333333333,0.6987788081169128,129.3999786376953
39188,1792,15.0,15,0.5036313333333333,0.5875626802444458,138.34999084472656
39200,1793,12.0,12,0.5034793333333334,2.050337791442871,133.30813598632812
39214,1794,14.0,14,0.5033019999999999,2.8709917068481445,127.00922393798828
39227,1795,13.0,13,0.5031373333333333,3.6876301765441895,135.11534118652344
39238,1796,11.0,11,0.5029980000000001,2.1939034461975098,139.87957763671875
39256,1797,18.0,18,0.5027699999999999,1.549035668373108,136.21072387695312
39267,1798,11.0,11,0.5026306666666667,0.5114564895629883,138.96597290039062
39281,1799,14.0,14,0.5024533333333333,1.544886827468872,145.56619262695312
39303,1800,22.0,22,0.5021746666666667,2.286586046218872,140.8155517578125
39316,1801,13.0,13,0.5020100000000001,0.30414241552352905,133.13246154785156
39331,1802,15.0,15,0.5018199999999999,1.069891095161438,144.32205200195312
39342,1803,11.0,11,0.5016806666666667,0.6529498100280762,137.5593719482422
39363,1804,21.0,21,0.5014146666666667,0.22124511003494263,141.84503173828125
39378,1805,15.0,15,0.5012246666666667,0.44010215997695923,141.6231231689453
39398,1806,20.0,20,0.5009713333333333,1.6392453908920288,138.22418212890625
39416,1807,18.0,18,0.5007433333333333,0.7254840135574341,135.97207641601562
39431,1808,15.0,15,0.5005533333333334,1.3052771091461182,142.47360229492188
39442,1809,11.0,11,0.5004139999999999,3.336291551589966,136.24874877929688
39461,1810,19.0,19,0.5001733333333334,1.8085049390792847,143.69122314453125
39493,1811,32.0,32,0.499768,1.6461005210876465,128.22329711914062
39510,1812,17.0,17,0.49955266666666664,2.0070621967315674,143.306640625
39551,1813,41.0,41,0.49903333333333333,3.5343780517578125,138.04977416992188
39574,1814,23.0,23,0.498742,1.427635908126831,139.39215087890625
39586,1815,12.0,12,0.49859,2.5301880836486816,139.21697998046875
39603,1816,17.0,17,0.49837466666666663,4.957150459289551,136.23208618164062
39624,1817,21.0,21,0.49810866666666664,1.7099418640136719,136.9296112060547
39641,1818,17.0,17,0.4978933333333333,2.847169876098633,141.80377197265625
39660,1819,19.0,19,0.49765266666666663,0.82097989320755,136.68643188476562
39672,1820,12.0,12,0.4975006666666667,3.4460201263427734,141.241943359375
39685,1821,13.0,13,0.497336,3.9423141479492188,140.95594787597656
39709,1822,24.0,24,0.49703200000000003,0.36348363757133484,138.20706176757812
39725,1823,16.0,16,0.49682933333333335,2.7377233505249023,136.96055603027344
39744,1824,19.0,19,0.4965886666666667,0.4836571216583252,131.93243408203125
39763,1825,19.0,19,0.496348,4.2987470626831055,137.65570068359375
39777,1826,14.0,14,0.49617066666666665,2.4128029346466064,143.25228881835938
39816,1827,39.0,39,0.49567666666666665,3.3016433715820312,142.64273071289062
39827,1828,11.0,11,0.4955373333333333,1.0066628456115723,143.52847290039062
39861,1829,34.0,34,0.4951066666666667,4.253653049468994,141.99688720703125
39872,1830,11.0,11,0.4949673333333333,1.0803122520446777,140.81494140625
39922,1831,50.0,50,0.49433399999999994,1.139899492263794,139.1346435546875
39950,1832,28.0,28,0.4939793333333333,1.3048063516616821,134.64584350585938
39976,1833,26.0,26,0.49365000000000003,1.3236175775527954,139.31649780273438
39990,1834,14.0,14,0.49347266666666667,1.2678248882293701,144.77459716796875
40006,1835,16.0,16,0.49327,1.4099693298339844,145.52154541015625
40020,1836,14.0,14,0.4930926666666666,1.2095630168914795,145.52276611328125
40050,1837,30.0,30,0.4927126666666667,2.9508204460144043,135.63475036621094
40071,1838,21.0,21,0.4924466666666667,1.7937424182891846,148.03465270996094
40088,1839,17.0,17,0.49223133333333335,3.102360248565674,145.17469787597656
40099,1840,11.0,11,0.492092,1.605123519897461,142.05718994140625
40113,1841,14.0,14,0.4919146666666666,0.9179165363311768,142.232421875
40134,1842,21.0,21,0.4916486666666666,0.6958589553833008,129.4610137939453
40152,1843,18.0,18,0.4914206666666666,2.7280466556549072,136.58563232421875
40166,1844,14.0,14,0.49124333333333337,2.3354997634887695,141.68331909179688
40190,1845,24.0,24,0.4909393333333333,0.890559732913971,142.974365234375
40204,1846,14.0,14,0.49076200000000003,1.1701714992523193,136.92745971679688
40222,1847,18.0,18,0.490534,1.1883702278137207,146.61056518554688
40240,1848,18.0,18,0.490306,1.8640578985214233,140.3460693359375
40252,1849,12.0,12,0.490154,3.0873942375183105,139.28353881835938
40311,1850,59.0,59,0.48940666666666666,1.8810374736785889,146.822021484375
40322,1851,11.0,11,0.4892673333333333,1.804825782775879,137.18075561523438
40332,1852,10.0,10,0.48914066666666667,1.5086981058120728,150.15802001953125
40351,1853,19.0,19,0.4889,0.5447006225585938,138.53857421875
40367,1854,16.0,16,0.4886973333333333,0.9362666606903076,149.1095428466797
40411,1855,44.0,44,0.48814,1.622420072555542,141.91978454589844
40426,1856,15.0,15,0.48795,1.2698801755905151,142.06834411621094
40436,1857,10.0,10,0.4878233333333333,2.4228992462158203,135.66845703125
40455,1858,19.0,19,0.4875826666666666,1.4324718713760376,137.454833984375
40471,1859,16.0,16,0.48738000000000004,0.728276252746582,143.01681518554688
40501,1860,30.0,30,0.487,3.9774789810180664,142.63131713867188
40521,1861,20.0,20,0.48674666666666666,1.2597228288650513,146.25599670410156
40541,1862,20.0,20,0.48649333333333333,1.793142557144165,154.15908813476562
40563,1863,22.0,22,0.4862146666666667,2.612492084503174,140.39019775390625
40574,1864,11.0,11,0.4860753333333333,3.7107577323913574,147.14027404785156
40600,1865,26.0,26,0.485746,1.3815439939498901,145.0797119140625
40625,1866,25.0,25,0.4854293333333334,1.7319769859313965,134.02706909179688
40647,1867,22.0,22,0.4851506666666666,2.010441541671753,131.17153930664062
40658,1868,11.0,11,0.48501133333333335,2.4032278060913086,143.91659545898438
40674,1869,16.0,16,0.48480866666666667,2.482917308807373,137.91055297851562
40688,1870,14.0,14,0.4846313333333333,1.968785047531128,147.46868896484375
40716,1871,28.0,28,0.4842766666666667,1.9867727756500244,146.36810302734375
40747,1872,31.0,31,0.483884,4.638850688934326,146.02752685546875
40764,1873,17.0,17,0.48366866666666664,2.614381790161133,145.10179138183594
40779,1874,15.0,15,0.4834786666666666,2.4162771701812744,146.10113525390625
40824,1875,45.0,45,0.48290866666666665,1.945822834968567,150.49923706054688
40840,1876,16.0,16,0.48270599999999997,1.0082786083221436,146.32144165039062
40852,1877,12.0,12,0.48255400000000004,4.053763389587402,145.33889770507812
40866,1878,14.0,14,0.4823766666666667,0.5198665261268616,140.3926239013672
40888,1879,22.0,22,0.482098,2.798062801361084,141.95684814453125
40909,1880,21.0,21,0.48183200000000004,1.4483717679977417,147.71023559570312
40927,1881,18.0,18,0.48160400000000003,4.8106689453125,137.44410705566406
40938,1882,11.0,11,0.48146466666666665,4.468976020812988,143.86312866210938
41012,1883,74.0,74,0.4805273333333333,1.3234046697616577,148.50448608398438
41029,1884,17.0,17,0.48031199999999996,2.6120266914367676,147.4508514404297
41041,1885,12.0,12,0.48016000000000003,0.5490850210189819,148.787353515625
41062,1886,21.0,21,0.47989400000000004,4.3786211013793945,150.86952209472656
41075,1887,13.0,13,0.47972933333333334,1.7696244716644287,154.51890563964844
41112,1888,37.0,37,0.47926066666666667,3.1126179695129395,141.05819702148438
41124,1889,12.0,12,0.4791086666666666,0.29600417613983154,148.02239990234375
41143,1890,19.0,19,0.47886799999999996,0.5633525252342224,146.85275268554688
41168,1891,25.0,25,0.47855133333333333,1.3671634197235107,135.9829864501953
41179,1892,11.0,11,0.47841199999999995,0.5618845224380493,153.45635986328125
41194,1893,15.0,15,0.47822200000000004,1.778330683708191,141.11572265625
41212,1894,18.0,18,0.47799400000000003,0.7910657525062561,148.3377685546875
41226,1895,14.0,14,0.47781666666666667,2.157662868499756,150.34884643554688
41247,1896,21.0,21,0.4775506666666667,2.3270535469055176,148.2003173828125
41260,1897,13.0,13,0.477386,1.4582453966140747,146.11492919921875
41279,1898,19.0,19,0.4771453333333333,3.2668094635009766,150.56912231445312
41295,1899,16.0,16,0.4769426666666666,2.290774345397949,146.98129272460938
41312,1900,17.0,17,0.4767273333333333,3.2078826427459717,143.9437255859375
41336,1901,24.0,24,0.4764233333333333,1.7544007301330566,151.82215881347656
41356,1902,20.0,20,0.47617,0.5046562552452087,137.9332275390625
41368,1903,12.0,12,0.47601799999999994,0.33575356006622314,151.6304473876953
41378,1904,10.0,10,0.47589133333333333,1.1623339653015137,143.98907470703125
41413,1905,35.0,35,0.475448,2.0526559352874756,147.50405883789062
41430,1906,17.0,17,0.47523266666666664,4.126189231872559,140.3073272705078
41444,1907,14.0,14,0.4750553333333333,1.2945607900619507,150.1379852294922
41455,1908,11.0,11,0.474916,1.814475178718567,141.47128295898438
41470,1909,15.0,15,0.474726,2.360658884048462,144.08627319335938
41509,1910,39.0,39,0.474232,1.0894577503204346,147.4492645263672
41520,1911,11.0,11,0.4740926666666666,0.5394401550292969,150.87071228027344
41582,1912,62.0,62,0.4733073333333333,0.3152531385421753,148.60923767089844
41600,1913,18.0,18,0.4730793333333333,1.1430563926696777,150.294921875
41628,1914,28.0,28,0.4727246666666667,0.11625713855028152,154.24307250976562
41652,1915,24.0,24,0.4724206666666667,0.39812493324279785,144.8466033935547
41684,1916,32.0,32,0.47201533333333334,4.894963264465332,137.89010620117188
41701,1917,17.0,17,0.4718,0.6000418663024902,149.37911987304688
41719,1918,18.0,18,0.471572,1.4831900596618652,150.6273651123047
41755,1919,36.0,36,0.471116,0.5295237302780151,147.4471435546875
41765,1920,10.0,10,0.47098933333333337,0.35843390226364136,150.21969604492188
41780,1921,15.0,15,0.47079933333333335,2.85932993888855,143.6621856689453
41801,1922,21.0,21,0.47053333333333336,1.0408967733383179,144.671142578125
41815,1923,14.0,14,0.470356,0.6873363256454468,143.5406036376953
41831,1924,16.0,16,0.4701533333333333,1.353715181350708,140.4740447998047
41879,1925,48.0,48,0.46954533333333337,2.0069427490234375,151.90093994140625
41892,1926,13.0,13,0.46938066666666667,1.0455725193023682,142.83816528320312
41908,1927,16.0,16,0.469178,3.163160562515259,147.908935546875
41917,1928,9.0,9,0.46906400000000004,2.7991232872009277,145.98890686035156
41981,1929,64.0,64,0.4682533333333333,4.701801300048828,145.18539428710938
41997,1930,16.0,16,0.4680506666666666,6.097508430480957,145.77752685546875
42009,1931,12.0,12,0.4678986666666667,1.2270288467407227,145.34625244140625
42047,1932,38.0,38,0.46741733333333335,2.5478897094726562,142.84835815429688
42074,1933,27.0,27,0.4670753333333333,1.3685171604156494,147.56460571289062
42102,1934,28.0,28,0.4667206666666667,3.5749244689941406,149.65541076660156
42118,1935,16.0,16,0.466518,1.1088776588439941,136.2447052001953
42128,1936,10.0,10,0.4663913333333334,1.5150092840194702,148.9342803955078
42146,1937,18.0,18,0.4661633333333334,0.5684529542922974,145.26953125
42159,1938,13.0,13,0.46599866666666667,2.4425883293151855,152.9312744140625
42171,1939,12.0,12,0.46584666666666663,2.013094425201416,148.04690551757812
42215,1940,44.0,44,0.46528933333333333,1.5154614448547363,138.11801147460938
42225,1941,10.0,10,0.4651626666666666,1.2359493970870972,140.3482208251953
42239,1942,14.0,14,0.46498533333333336,1.1478209495544434,140.72576904296875
42269,1943,30.0,30,0.4646053333333333,2.583627700805664,143.9866943359375
42286,1944,17.0,17,0.46438999999999997,1.442246913909912,158.3818359375
42300,1945,14.0,14,0.4642126666666666,3.119145631790161,147.25555419921875
42347,1946,47.0,47,0.4636173333333333,2.139021396636963,152.6788330078125
42369,1947,22.0,22,0.4633386666666667,1.3348143100738525,143.66726684570312
42379,1948,10.0,10,0.46321199999999996,2.046677350997925,147.91249084472656
42402,1949,23.0,23,0.46292066666666665,0.6527789831161499,142.01010131835938
42411,1950,9.0,9,0.4628066666666667,4.2328104972839355,143.5807342529297
42422,1951,11.0,11,0.4626673333333333,1.5626848936080933,152.41851806640625
42435,1952,13.0,13,0.4625026666666666,1.861884593963623,144.93777465820312
42458,1953,23.0,23,0.4622113333333333,1.0529063940048218,151.26856994628906
42467,1954,9.0,9,0.46209733333333336,2.627257823944092,152.72552490234375
42481,1955,14.0,14,0.46192,2.730276346206665,151.63722229003906
42502,1956,21.0,21,0.461654,0.7057785987854004,146.41156005859375
42521,1957,19.0,19,0.46141333333333334,4.060610771179199,146.006103515625
42542,1958,21.0,21,0.46114733333333335,0.3714495599269867,157.09036254882812
42552,1959,10.0,10,0.46102066666666663,1.8309898376464844,147.46597290039062
42585,1960,33.0,33,0.4606026666666667,2.756638526916504,147.4088592529297
42607,1961,22.0,22,0.46032399999999996,2.3563554286956787,141.14419555664062
42623,1962,16.0,16,0.4601213333333334,1.1128754615783691,149.06570434570312
42639,1963,16.0,16,0.4599186666666667,2.5137248039245605,147.31497192382812
42650,1964,11.0,11,0.4597793333333333,0.9026851654052734,150.57789611816406
42673,1965,23.0,23,0.459488,2.0440878868103027,144.14846801757812
42683,1966,10.0,10,0.4593613333333333,0.933281421661377,148.37660217285156
42709,1967,26.0,26,0.459032,1.601853847503662,156.2942352294922
42726,1968,17.0,17,0.45881666666666665,2.1844654083251953,150.8694610595703
42758,1969,32.0,32,0.4584113333333333,1.0375831127166748,149.1494140625
42792,1970,34.0,34,0.4579806666666667,1.7383744716644287,152.67529296875
42807,1971,15.0,15,0.4577906666666667,0.6554850339889526,148.7561798095703
42819,1972,12.0,12,0.45763866666666664,2.520742654800415,150.75384521484375
42839,1973,20.0,20,0.4573853333333333,0.4109313488006592,149.134033203125
42855,1974,16.0,16,0.4571826666666666,1.9884915351867676,150.27459716796875
42870,1975,15.0,15,0.4569926666666667,2.808082342147827,149.85330200195312
42909,1976,39.0,39,0.4564986666666666,2.203476667404175,151.21481323242188
42921,1977,12.0,12,0.4563466666666667,6.3227739334106445,139.30169677734375
42942,1978,21.0,21,0.4560806666666667,3.098573923110962,137.62515258789062
42959,1979,17.0,17,0.45586533333333334,1.516741156578064,150.51254272460938
42977,1980,18.0,18,0.45563733333333334,1.7496379613876343,142.38156127929688
42989,1981,12.0,12,0.4554853333333333,2.0481319427490234,137.95736694335938
42999,1982,10.0,10,0.4553586666666667,3.2064690589904785,136.9172821044922
43017,1983,18.0,18,0.4551306666666667,2.2355737686157227,146.78408813476562
43032,1984,15.0,15,0.45494066666666666,2.488478183746338,141.87628173828125
43044,1985,12.0,12,0.4547886666666666,0.40645653009414673,152.87655639648438
43056,1986,12.0,12,0.4546366666666667,1.0829403400421143,152.6505126953125
43067,1987,11.0,11,0.4544973333333333,2.761597156524658,152.13912963867188
43076,1988,9.0,9,0.45438333333333336,0.8977246880531311,162.93582153320312
43087,1989,11.0,11,0.454244,2.1799676418304443,151.33348083496094
43137,1990,50.0,50,0.4536106666666666,1.74759840965271,154.30575561523438
43154,1991,17.0,17,0.4533953333333334,0.5487697720527649,155.0133819580078
43191,1992,37.0,37,0.4529266666666667,0.8763265609741211,153.73904418945312
43203,1993,12.0,12,0.45277466666666666,1.8009560108184814,153.94078063964844
43244,1994,41.0,41,0.45225533333333334,2.5742268562316895,146.9172821044922
43254,1995,10.0,10,0.4521286666666666,1.0206398963928223,152.92922973632812
43291,1996,37.0,37,0.45165999999999995,1.770098328590393,151.6834259033203
43306,1997,15.0,15,0.45147000000000004,2.285353422164917,151.79481506347656
43321,1998,15.0,15,0.45128,0.6114208698272705,142.0879669189453
43351,1999,30.0,30,0.45089999999999997,1.7808393239974976,146.38955688476562
43364,2000,13.0,13,0.4507353333333334,0.5116734504699707,149.564697265625
43384,2001,20.0,20,0.45048200000000005,1.3911964893341064,144.95462036132812
43400,2002,16.0,16,0.45027933333333336,1.6333837509155273,144.55068969726562
43412,2003,12.0,12,0.4501273333333333,0.4333374500274658,146.64776611328125
43423,2004,11.0,11,0.44998799999999994,0.19595947861671448,142.10867309570312
43444,2005,21.0,21,0.44972199999999996,2.654374122619629,147.57427978515625
43466,2006,22.0,22,0.4494433333333333,2.699911594390869,156.50936889648438
43481,2007,15.0,15,0.4492533333333333,2.155959129333496,148.57977294921875
43511,2008,30.0,30,0.44887333333333335,2.5341169834136963,152.32876586914062
43524,2009,13.0,13,0.44870866666666664,2.5773205757141113,150.6787567138672
43535,2010,11.0,11,0.4485693333333334,3.0737767219543457,137.59487915039062
43572,2011,37.0,37,0.4481006666666667,0.6316949129104614,141.9894256591797
43583,2012,11.0,11,0.4479613333333333,2.244102954864502,147.91693115234375
43596,2013,13.0,13,0.4477966666666666,0.5495323538780212,150.70364379882812
43605,2014,9.0,9,0.4476826666666667,1.1601169109344482,148.38577270507812
43617,2015,12.0,12,0.44753066666666663,3.125988483428955,154.09986877441406
43634,2016,17.0,17,0.4473153333333333,2.262965679168701,150.53977966308594
43654,2017,20.0,20,0.44706199999999996,0.4368259310722351,149.5299072265625
43667,2018,13.0,13,0.44689733333333337,1.211827278137207,145.83297729492188
43680,2019,13.0,13,0.44673266666666667,2.7215781211853027,152.61634826660156
43694,2020,14.0,14,0.4465553333333333,0.3771432340145111,146.36227416992188
43705,2021,11.0,11,0.44641600000000004,4.9862565994262695,152.83584594726562
43719,2022,14.0,14,0.4462386666666667,0.7402808666229248,142.87973022460938
43731,2023,12.0,12,0.44608666666666663,1.6248716115951538,147.18333435058594
43746,2024,15.0,15,0.4458966666666666,4.917452812194824,145.48927307128906
43758,2025,12.0,12,0.4457446666666667,2.114091396331787,153.67982482910156
43783,2026,25.0,25,0.44542800000000005,1.4862465858459473,139.27288818359375
43795,2027,12.0,12,0.445276,1.4662034511566162,154.83395385742188
43821,2028,26.0,26,0.4449466666666667,0.276813268661499,151.06585693359375
43841,2029,20.0,20,0.4446933333333333,0.5946624875068665,151.35540771484375
43859,2030,18.0,18,0.4444653333333334,1.8462454080581665,145.98875427246094
43874,2031,15.0,15,0.44427533333333336,0.45958274602890015,145.73086547851562
43894,2032,20.0,20,0.44402200000000003,3.6322853565216064,147.29901123046875
43918,2033,24.0,24,0.44371799999999995,2.479076385498047,147.55844116210938
43929,2034,11.0,11,0.4435786666666667,2.596914291381836,145.24099731445312
43946,2035,17.0,17,0.44336333333333333,2.600131034851074,154.7976837158203
43956,2036,10.0,10,0.4432366666666666,2.012587547302246,149.5139617919922
43970,2037,14.0,14,0.44305933333333336,1.6880543231964111,143.71517944335938
43979,2038,9.0,9,0.4429453333333333,1.9425374269485474,154.35255432128906
43992,2039,13.0,13,0.4427806666666667,1.4657270908355713,153.40211486816406
44028,2040,36.0,36,0.4423246666666667,1.707636833190918,144.0413360595703
44041,2041,13.0,13,0.44216,0.5886125564575195,150.77926635742188
44052,2042,11.0,11,0.4420206666666666,0.5124918222427368,145.65496826171875
44073,2043,21.0,21,0.44175466666666663,2.9143383502960205,154.5940704345703
44084,2044,11.0,11,0.44161533333333336,2.1674325466156006,151.64547729492188
44106,2045,22.0,22,0.4413366666666667,4.293321132659912,152.67762756347656
44125,2046,19.0,19,0.44109600000000004,1.7740774154663086,152.2923126220703
44159,2047,34.0,34,0.44066533333333335,3.5569875240325928,152.05331420898438
44175,2048,16.0,16,0.44046266666666667,1.4604121446609497,153.35926818847656
44187,2049,12.0,12,0.44031066666666663,3.3400635719299316,153.677734375
44209,2050,22.0,22,0.440032,0.6362367868423462,151.93045043945312
44224,2051,15.0,15,0.43984199999999996,2.895630359649658,149.42935180664062
44237,2052,13.0,13,0.43967733333333336,3.201329231262207,152.9810333251953
44250,2053,13.0,13,0.43951266666666666,1.7089545726776123,156.63815307617188
44262,2054,12.0,12,0.4393606666666666,1.5629539489746094,145.62466430664062
44285,2055,23.0,23,0.4390693333333333,2.271005153656006,154.02874755859375
44298,2056,13.0,13,0.4389046666666666,3.2943150997161865,153.12554931640625
44312,2057,14.0,14,0.43872733333333336,1.0277682542800903,153.17408752441406
44325,2058,13.0,13,0.43856266666666666,2.2827956676483154,155.07196044921875
44338,2059,13.0,13,0.43839799999999995,2.9519739151000977,146.48260498046875
44351,2060,13.0,13,0.43823333333333336,2.951813220977783,147.81301879882812
44369,2061,18.0,18,0.43800533333333336,2.806452512741089,154.26406860351562
44380,2062,11.0,11,0.437866,0.42165347933769226,148.9310760498047
44401,2063,21.0,21,0.4376,2.3401951789855957,157.52145385742188
44443,2064,42.0,42,0.437068,1.4553561210632324,152.3350067138672
44459,2065,16.0,16,0.4368653333333333,1.4985097646713257,150.34315490722656
44469,2066,10.0,10,0.4367386666666666,0.43148207664489746,159.2500762939453
44485,2067,16.0,16,0.43653600000000004,0.7671064734458923,152.0800323486328
44509,2068,24.0,24,0.43623199999999995,2.058979034423828,151.70130920410156
44527,2069,18.0,18,0.43600399999999995,3.7373580932617188,142.8409423828125
44545,2070,18.0,18,0.43577599999999994,3.086679458618164,153.4248046875
44562,2071,17.0,17,0.4355606666666667,1.577021837234497,154.12213134765625
44606,2072,44.0,44,0.4350033333333333,2.3477916717529297,141.25823974609375
44638,2073,32.0,32,0.43459800000000004,0.40740054845809937,149.43960571289062
44651,2074,13.0,13,0.43443333333333334,1.9201675653457642,134.26168823242188
44662,2075,11.0,11,0.43429399999999996,3.245077133178711,156.23175048828125
44679,2076,17.0,17,0.4340786666666666,2.636777877807617,147.24020385742188
44694,2077,15.0,15,0.4338886666666667,0.527861475944519,149.51583862304688
44707,2078,13.0,13,0.433724,0.4176470935344696,148.62301635742188
44718,2079,11.0,11,0.4335846666666666,2.0301175117492676,143.94757080078125
44728,2080,10.0,10,0.433458,1.310412049293518,154.61688232421875
44750,2081,22.0,22,0.43317933333333336,1.5625450611114502,144.32540893554688
44778,2082,28.0,28,0.43282466666666664,2.770629405975342,152.38824462890625
44790,2083,12.0,12,0.4326726666666667,0.9468898773193359,151.09506225585938
44802,2084,12.0,12,0.43252066666666666,1.4789938926696777,148.36984252929688
44812,2085,10.0,10,0.43239399999999995,1.3681433200836182,146.1342010498047
44826,2086,14.0,14,0.4322166666666667,0.36764398217201233,151.65330505371094
44848,2087,22.0,22,0.43193800000000004,0.3545844256877899,149.50534057617188
44859,2088,11.0,11,0.43179866666666666,1.9471746683120728,152.4646453857422
44892,2089,33.0,33,0.43138066666666663,0.6104977130889893,151.57492065429688
44905,2090,13.0,13,0.43121600000000004,0.5720615983009338,153.9130096435547
44919,2091,14.0,14,0.4310386666666667,0.44995540380477905,160.0782928466797
44930,2092,11.0,11,0.4308993333333333,4.734106540679932,152.94064331054688
44942,2093,12.0,12,0.43074733333333337,0.3567201495170593,158.69886779785156
44968,2094,26.0,26,0.43041799999999997,4.307035446166992,140.97569274902344
45012,2095,44.0,44,0.42986066666666667,1.4834120273590088,147.79656982421875
45052,2096,40.0,40,0.429354,1.0067486763000488,149.4984130859375
45071,2097,19.0,19,0.42911333333333335,2.046417474746704,144.72946166992188
45087,2098,16.0,16,0.42891066666666666,0.5513964295387268,143.88914489746094
45100,2099,13.0,13,0.42874599999999996,2.692206621170044,158.1502227783203
45113,2100,13.0,13,0.42858133333333337,2.7622528076171875,148.53598022460938
45124,2101,11.0,11,0.428442,1.5811395645141602,147.0181884765625
45166,2102,42.0,42,0.42791,1.589955449104309,147.65249633789062
45185,2103,19.0,19,0.42766933333333335,4.109724998474121,135.47264099121094
45198,2104,13.0,13,0.42750466666666664,1.3518222570419312,145.9065704345703
45214,2105,16.0,16,0.42730199999999996,3.2211952209472656,147.97398376464844
45225,2106,11.0,11,0.4271626666666667,2.035919666290283,159.61563110351562
45246,2107,21.0,21,0.4268966666666667,0.3339863419532776,157.23841857910156
45260,2108,14.0,14,0.42671933333333334,1.6665778160095215,149.55548095703125
45272,2109,12.0,12,0.4265673333333333,1.706743836402893,151.05545043945312
45287,2110,15.0,15,0.4263773333333333,2.1684255599975586,157.28012084960938
45301,2111,14.0,14,0.4262,2.951911211013794,150.65359497070312
45320,2112,19.0,19,0.42595933333333336,1.3893800973892212,158.4788818359375
45336,2113,16.0,16,0.42575666666666667,0.3307812213897705,159.02035522460938
45348,2114,12.0,12,0.42560466666666663,0.8630390167236328,153.35040283203125
45380,2115,32.0,32,0.4251993333333334,1.0970066785812378,150.3035125732422
45405,2116,25.0,25,0.42488266666666663,1.5320509672164917,151.79641723632812
45425,2117,20.0,20,0.4246293333333333,2.439464569091797,153.81829833984375
45435,2118,10.0,10,0.4245026666666667,0.8160287141799927,154.98963928222656
45450,2119,15.0,15,0.42431266666666667,0.7935067415237427,157.88731384277344
45463,2120,13.0,13,0.42414799999999997,2.6741204261779785,146.59564208984375
45495,2121,32.0,32,0.4237426666666667,2.4141173362731934,152.6526641845703
45527,2122,32.0,32,0.42333733333333334,0.2764469385147095,150.97549438476562
45538,2123,11.0,11,0.42319799999999996,0.6463277339935303,155.70712280273438
45556,2124,18.0,18,0.42296999999999996,1.5479803085327148,152.93905639648438
45571,2125,15.0,15,0.42278000000000004,1.6312286853790283,153.923828125
45601,2126,30.0,30,0.4224,3.5562493801116943,142.7406005859375
45628,2127,27.0,27,0.42205800000000004,0.5446245670318604,156.83251953125
45655,2128,27.0,27,0.421716,0.8648163676261902,165.65992736816406
45672,2129,17.0,17,0.42150066666666663,1.9972549676895142,151.18038940429688
45695,2130,23.0,23,0.4212093333333333,1.5493017435073853,157.6836700439453
45712,2131,17.0,17,0.420994,3.6803035736083984,141.96975708007812
45735,2132,23.0,23,0.42070266666666667,2.364802837371826,153.32382202148438
45748,2133,13.0,13,0.42053799999999997,3.752042770385742,152.95819091796875
45760,2134,12.0,12,0.42038600000000004,1.5184379816055298,153.18728637695312
45775,2135,15.0,15,0.420196,1.7661248445510864,159.14718627929688
45807,2136,32.0,32,0.41979066666666665,0.5151733160018921,153.817626953125
45821,2137,14.0,14,0.4196133333333333,2.566389799118042,149.89065551757812
45836,2138,15.0,15,0.41942333333333337,1.4410269260406494,150.71087646484375
45852,2139,16.0,16,0.4192206666666667,3.1088218688964844,146.57608032226562
45871,2140,19.0,19,0.41898,2.562187671661377,153.75015258789062
45893,2141,22.0,22,0.41870133333333337,1.4002587795257568,142.33599853515625
45905,2142,12.0,12,0.41854933333333333,0.7325944900512695,150.150634765625
45942,2143,37.0,37,0.41808066666666666,3.619520425796509,151.87782287597656
45953,2144,11.0,11,0.4179413333333333,1.348751425743103,146.77432250976562
45965,2145,12.0,12,0.41778933333333335,2.3872950077056885,142.46054077148438
45982,2146,17.0,17,0.417574,3.9380037784576416,152.8300323486328
46012,2147,30.0,30,0.41719399999999995,3.0867598056793213,148.57077026367188
46046,2148,34.0,34,0.4167633333333334,2.9902243614196777,149.0289306640625
46068,2149,22.0,22,0.4164846666666666,3.9483962059020996,151.29306030273438
46081,2150,13.0,13,0.41632,0.6109799146652222,159.8885498046875
46101,2151,20.0,20,0.4160666666666667,2.5893616676330566,155.41421508789062
46120,2152,19.0,19,0.41582600000000003,3.085684061050415,154.5621337890625
46129,2153,9.0,9,0.41571199999999997,2.726469039916992,160.19021606445312
46142,2154,13.0,13,0.4155473333333334,4.1650824546813965,153.58047485351562
46161,2155,19.0,19,0.4153066666666667,0.7785444855690002,146.75462341308594
46172,2156,11.0,11,0.41516733333333333,0.6275466680526733,158.80136108398438
46189,2157,17.0,17,0.414952,0.4963153898715973,152.6365966796875
46215,2158,26.0,26,0.4146226666666667,2.4333372116088867,150.0738525390625
46234,2159,19.0,19,0.41438200000000003,1.0552117824554443,159.494873046875
46277,2160,43.0,43,0.4138373333333333,0.9021827578544617,155.15428161621094
46298,2161,21.0,21,0.4135713333333333,3.322260618209839,146.638671875
46315,2162,17.0,17,0.41335599999999995,1.2722632884979248,156.55419921875
46333,2163,18.0,18,0.41312799999999994,1.3923289775848389,162.9278564453125
46356,2164,23.0,23,0.41283666666666663,0.6208229064941406,150.3133087158203
46372,2165,16.0,16,0.41263399999999995,2.1228678226470947,153.9357452392578
46382,2166,10.0,10,0.41250733333333334,0.9286774396896362,154.385009765625
46395,2167,13.0,13,0.41234266666666664,2.378016948699951,157.8527374267578
46422,2168,27.0,27,0.4120006666666667,0.8698815703392029,150.76678466796875
46433,2169,11.0,11,0.4118613333333333,1.0391291379928589,155.76211547851562
46452,2170,19.0,19,0.41162066666666663,2.3873977661132812,157.5533447265625
46463,2171,11.0,11,0.41148133333333337,0.5716946125030518,157.74075317382812
46498,2172,35.0,35,0.411038,1.475172519683838,144.3026123046875
46515,2173,17.0,17,0.41082266666666667,1.1435085535049438,143.48672485351562
46545,2174,30.0,30,0.4104426666666666,1.0140705108642578,158.47618103027344
46562,2175,17.0,17,0.4102273333333333,2.072680950164795,149.75494384765625
46575,2176,13.0,13,0.4100626666666667,1.2840310335159302,155.880859375
46599,2177,24.0,24,0.4097586666666667,0.39983418583869934,157.9436798095703
46619,2178,20.0,20,0.4095053333333333,5.013421535491943,158.23968505859375
46630,2179,11.0,11,0.409366,0.5282564163208008,154.37802124023438
46645,2180,15.0,15,0.409176,1.1453278064727783,149.89659118652344
46654,2181,9.0,9,0.40906200000000004,2.043379068374634,154.55108642578125
46666,2182,12.0,12,0.40891,2.9252846240997314,151.42852783203125
46705,2183,39.0,39,0.408416,5.126324653625488,153.39862060546875
46742,2184,37.0,37,0.40794733333333333,2.444730281829834,149.52793884277344
46765,2185,23.0,23,0.407656,0.5585942268371582,156.02017211914062
46778,2186,13.0,13,0.4074913333333333,1.689585566520691,154.966064453125
46799,2187,21.0,21,0.40722533333333333,0.9846579432487488,150.74197387695312
46823,2188,24.0,24,0.40692133333333336,3.041443109512329,155.65493774414062
46836,2189,13.0,13,0.40675666666666666,3.3959531784057617,153.62094116210938
46857,2190,21.0,21,0.40649066666666667,2.2414357662200928,153.94204711914062
46868,2191,11.0,11,0.4063513333333333,0.5415710806846619,164.83700561523438
46883,2192,15.0,15,0.4061613333333334,3.1036088466644287,148.75616455078125
46901,2193,18.0,18,0.40593333333333337,1.190888524055481,159.47280883789062
46938,2194,37.0,37,0.4054646666666667,2.029513120651245,160.26937866210938
46951,2195,13.0,13,0.4053,0.9678308963775635,149.3181610107422
46968,2196,17.0,17,0.40508466666666665,2.2645702362060547,162.13046264648438
46980,2197,12.0,12,0.4049326666666666,0.6049460172653198,148.26235961914062
47000,2198,20.0,20,0.4046793333333333,5.218514442443848,152.40835571289062
47012,2199,12.0,12,0.40452733333333335,1.851966381072998,159.42019653320312
47025,2200,13.0,13,0.40436266666666665,2.4261040687561035,143.269287109375
47039,2201,14.0,14,0.4041853333333333,3.7938501834869385,160.376953125
47056,2202,17.0,17,0.40396999999999994,0.41951310634613037,156.3192596435547
47105,2203,49.0,49,0.40334933333333334,0.4993245005607605,152.11654663085938
47120,2204,15.0,15,0.4031593333333333,2.4368643760681152,149.23817443847656
47138,2205,18.0,18,0.4029313333333333,3.1153981685638428,158.7702178955078
47157,2206,19.0,19,0.40269066666666664,1.1318153142929077,161.8389892578125
47185,2207,28.0,28,0.402336,3.202847957611084,158.84808349609375
47216,2208,31.0,31,0.4019433333333333,0.531360387802124,160.83294677734375
47230,2209,14.0,14,0.40176599999999996,1.0882760286331177,154.5926513671875
47255,2210,25.0,25,0.4014493333333333,4.157344818115234,152.0335235595703
47274,2211,19.0,19,0.40120866666666666,1.476062297821045,156.51681518554688
47284,2212,10.0,10,0.40108199999999994,2.576099395751953,159.75564575195312
47299,2213,15.0,15,0.400892,0.45536255836486816,150.57443237304688
47311,2214,12.0,12,0.40074,0.8091325759887695,154.36216735839844
47323,2215,12.0,12,0.40058799999999994,3.3339881896972656,159.89129638671875
47336,2216,13.0,13,0.40042333333333335,2.6047468185424805,137.50338745117188
47349,2217,13.0,13,0.40025866666666665,2.9246625900268555,157.43081665039062
47363,2218,14.0,14,0.4000813333333333,0.3211185932159424,160.07528686523438
47389,2219,26.0,26,0.399752,3.8581299781799316,157.705810546875
47403,2220,14.0,14,0.39957466666666663,2.2777726650238037,148.3265380859375
47420,2221,17.0,17,0.3993593333333333,0.5441766977310181,151.2879638671875
47431,2222,11.0,11,0.39922,0.5581803917884827,156.7000274658203
47443,2223,12.0,12,0.399068,1.8030693531036377,159.25408935546875
47455,2224,12.0,12,0.39891600000000005,1.203908085823059,150.0814208984375
47469,2225,14.0,14,0.3987386666666667,3.6640939712524414,155.36224365234375
47482,2226,13.0,13,0.398574,1.4427818059921265,149.75303649902344
47493,2227,11.0,11,0.3984346666666667,0.5060995221138,165.12831115722656
47508,2228,15.0,15,0.3982446666666667,0.8424167633056641,151.59561157226562
47522,2229,14.0,14,0.39806733333333333,1.7645238637924194,146.64175415039062
47549,2230,27.0,27,0.3977253333333334,3.2969868183135986,160.88511657714844
47565,2231,16.0,16,0.3975226666666667,2.1200921535491943,154.40711975097656
47575,2232,10.0,10,0.39739599999999997,2.9841132164001465,160.12094116210938
47589,2233,14.0,14,0.3972186666666666,2.048476457595825,150.54006958007812
47606,2234,17.0,17,0.3970033333333334,2.171612501144409,163.00381469726562
47624,2235,18.0,18,0.39677533333333337,2.9074668884277344,152.82205200195312
47642,2236,18.0,18,0.39654733333333336,2.073878288269043,160.26800537109375
47657,2237,15.0,15,0.39635733333333334,1.638336181640625,149.1780242919922
47674,2238,17.0,17,0.396142,0.864088773727417,162.60565185546875
47688,2239,14.0,14,0.39596466666666663,1.640016794204712,160.7350311279297
47707,2240,19.0,19,0.39572399999999996,2.194974184036255,160.86691284179688
47719,2241,12.0,12,0.39557200000000003,1.9820284843444824,141.20870971679688
47753,2242,34.0,34,0.39514133333333334,1.628193974494934,160.08554077148438
47769,2243,16.0,16,0.39493866666666666,3.5867724418640137,160.85975646972656
47780,2244,11.0,11,0.3947993333333333,2.904189109802246,163.1047821044922
47810,2245,30.0,30,0.39441933333333334,2.9648241996765137,164.8819580078125
47839,2246,29.0,29,0.39405199999999996,2.9723992347717285,153.34429931640625
47867,2247,28.0,28,0.39369733333333334,1.9504082202911377,156.31884765625
47878,2248,11.0,11,0.39355799999999996,2.469722032546997,155.0931396484375
47889,2249,11.0,11,0.3934186666666667,2.747605800628662,152.5499267578125
47905,2250,16.0,16,0.393216,0.47633233666419983,156.65750122070312
47923,2251,18.0,18,0.392988,2.435901641845703,159.34613037109375
47961,2252,38.0,38,0.39250666666666667,4.699270248413086,142.29209899902344
48000,2253,39.0,39,0.3920126666666667,4.460981369018555,153.99945068359375
48016,2254,16.0,16,0.39181,1.7074291706085205,151.32066345214844
48033,2255,17.0,17,0.39159466666666665,1.1421321630477905,158.09042358398438
48048,2256,15.0,15,0.3914046666666666,0.1598747968673706,166.87815856933594
48104,2257,56.0,56,0.3906953333333333,2.918179512023926,158.38351440429688
48129,2258,25.0,25,0.39037866666666665,1.1990935802459717,158.23121643066406
48157,2259,28.0,28,0.39002400000000004,2.6316640377044678,153.359619140625
48171,2260,14.0,14,0.3898466666666667,1.2671087980270386,152.12738037109375
48183,2261,12.0,12,0.38969466666666663,4.749281883239746,152.9678192138672
48212,2262,29.0,29,0.38932733333333336,0.5899932384490967,151.382080078125
48225,2263,13.0,13,0.38916266666666666,2.621701240539551,160.77020263671875
48235,2264,10.0,10,0.38903600000000005,1.770383596420288,153.7135009765625
48247,2265,12.0,12,0.388884,1.8482660055160522,153.84909057617188
48310,2266,63.0,63,0.38808600000000004,1.7893043756484985,152.08340454101562
48341,2267,31.0,31,0.38769333333333333,0.8928087949752808,161.28346252441406
48373,2268,32.0,32,0.38728799999999997,0.7254356741905212,149.99554443359375
48384,2269,11.0,11,0.3871486666666667,1.6791601181030273,161.86062622070312
48396,2270,12.0,12,0.38699666666666666,1.8439096212387085,154.42950439453125
48434,2271,38.0,38,0.3865153333333333,2.4871115684509277,150.96786499023438
48454,2272,20.0,20,0.386262,0.9860998392105103,144.11190795898438
48464,2273,10.0,10,0.3861353333333333,1.0534523725509644,152.1265869140625
48478,2274,14.0,14,0.385958,0.4365525245666504,149.7269287109375
48497,2275,19.0,19,0.38571733333333336,1.6599102020263672,151.93405151367188
48521,2276,24.0,24,0.3854133333333333,2.0298166275024414,156.6510467529297
48534,2277,13.0,13,0.3852486666666667,2.1506009101867676,158.90768432617188
48567,2278,33.0,33,0.38483066666666665,0.5926557779312134,152.47784423828125
48622,2279,55.0,55,0.384134,1.9710454940795898,154.98110961914062
48638,2280,16.0,16,0.3839313333333333,3.3388619422912598,153.8753662109375
48653,2281,15.0,15,0.3837413333333334,1.2137171030044556,163.09487915039062
48664,2282,11.0,11,0.383602,2.641732931137085,143.3770294189453
48682,2283,18.0,18,0.383374,3.7703683376312256,158.597412109375
48696,2284,14.0,14,0.38319666666666663,2.9054150581359863,158.9553680419922
48735,2285,39.0,39,0.38270266666666664,1.423051357269287,154.77554321289062
48793,2286,58.0,58,0.381968,2.156750202178955,158.6207733154297
48815,2287,22.0,22,0.3816893333333333,1.3730169534683228,155.48880004882812
48825,2288,10.0,10,0.3815626666666666,1.6072508096694946,157.2655487060547
48835,2289,10.0,10,0.381436,0.8712552785873413,149.5681915283203
48856,2290,21.0,21,0.38117,0.8395588397979736,152.94454956054688
48871,2291,15.0,15,0.38098,1.9984183311462402,156.35842895507812
48890,2292,19.0,19,0.3807393333333333,4.600663661956787,154.7923126220703
48906,2293,16.0,16,0.38053666666666663,1.852638602256775,156.85374450683594
48923,2294,17.0,17,0.3803213333333333,1.8732390403747559,149.4918975830078
48961,2295,38.0,38,0.37983999999999996,3.6928539276123047,157.8812713623047
48973,2296,12.0,12,0.379688,1.259164810180664,159.7935791015625
49004,2297,31.0,31,0.3792953333333333,1.36662757396698,149.3111114501953
49022,2298,18.0,18,0.3790673333333333,2.7394919395446777,160.21055603027344
49035,2299,13.0,13,0.3789026666666666,0.6366336345672607,154.97857666015625
49051,2300,16.0,16,0.37870000000000004,0.5541754364967346,145.33885192871094
49079,2301,28.0,28,0.3783453333333333,2.6620686054229736,155.60806274414062
49098,2302,19.0,19,0.37810466666666664,2.6307218074798584,151.6316375732422
49142,2303,44.0,44,0.37754733333333335,2.513045310974121,158.03631591796875
49154,2304,12.0,12,0.3773953333333333,0.8887876272201538,160.5378875732422
49165,2305,11.0,11,0.37725600000000004,2.896700382232666,163.046142578125
49184,2306,19.0,19,0.37701533333333337,1.3766589164733887,161.1785888671875
49195,2307,11.0,11,0.376876,1.8881924152374268,143.7815704345703
49209,2308,14.0,14,0.3766986666666666,1.1734083890914917,165.5458984375
49219,2309,10.0,10,0.376572,2.457037925720215,157.9449005126953
49230,2310,11.0,11,0.37643266666666664,0.4407103657722473,152.51007080078125
49258,2311,28.0,28,0.376078,1.7740694284439087,150.91403198242188
49290,2312,32.0,32,0.37567266666666665,0.973717212677002,156.22244262695312
49303,2313,13.0,13,0.37550799999999995,0.201431542634964,147.73814392089844
49319,2314,16.0,16,0.3753053333333334,1.0511068105697632,156.05404663085938
49334,2315,15.0,15,0.37511533333333336,3.1819405555725098,163.988037109375
49352,2316,18.0,18,0.37488733333333335,2.4154350757598877,157.2207489013672
49367,2317,15.0,15,0.3746973333333333,1.3697068691253662,158.3538818359375
49381,2318,14.0,14,0.37451999999999996,0.7592650055885315,155.82083129882812
49395,2319,14.0,14,0.3743426666666667,0.649120032787323,154.5317840576172
49415,2320,20.0,20,0.3740893333333333,3.2441189289093018,158.83456420898438
49428,2321,13.0,13,0.3739246666666667,0.48863863945007324,159.3284454345703
49442,2322,14.0,14,0.3737473333333333,4.078697204589844,157.08261108398438
49454,2323,12.0,12,0.3735953333333333,0.5455325841903687,156.62059020996094
49466,2324,12.0,12,0.37344333333333335,3.707721710205078,149.17071533203125
49477,2325,11.0,11,0.37330399999999997,1.3229362964630127,163.8445281982422
49496,2326,19.0,19,0.3730633333333333,2.862109661102295,159.989013671875
49509,2327,13.0,13,0.3728986666666667,4.452543258666992,140.17547607421875
49520,2328,11.0,11,0.37275933333333333,1.2629859447479248,153.83810424804688
49543,2329,23.0,23,0.372468,0.5626717209815979,166.1004180908203
49584,2330,41.0,41,0.3719486666666667,0.6994442343711853,147.66920471191406
49602,2331,18.0,18,0.3717206666666667,1.903160810470581,158.2253875732422
49615,2332,13.0,13,0.371556,2.354696750640869,152.11895751953125
49630,2333,15.0,15,0.371366,2.7086076736450195,160.6101531982422
49647,2334,17.0,17,0.37115066666666663,0.9587934613227844,164.6829376220703
49661,2335,14.0,14,0.3709733333333334,1.304938554763794,152.9894256591797
49679,2336,18.0,18,0.37074533333333337,2.0396788120269775,161.61526489257812
49690,2337,11.0,11,0.370606,2.544955015182495,157.64657592773438
49700,2338,10.0,10,0.37047933333333327,4.869484901428223,156.95071411132812
49715,2339,15.0,15,0.37028933333333336,0.521113395690918,159.7601318359375
49733,2340,18.0,18,0.37006133333333335,0.7070105075836182,157.6744842529297
49747,2341,14.0,14,0.369884,2.2341835498809814,154.9892120361328
49761,2342,14.0,14,0.36970666666666663,1.1469005346298218,152.13787841796875
49790,2343,29.0,29,0.36933933333333335,2.094866991043091,157.43490600585938
49805,2344,15.0,15,0.36914933333333333,4.170336723327637,157.45867919921875
49821,2345,16.0,16,0.36894666666666665,0.7473558187484741,155.30899047851562
49841,2346,20.0,20,0.3686933333333333,0.9619131088256836,163.5062255859375
49853,2347,12.0,12,0.3685413333333333,1.2360438108444214,153.96798706054688
49866,2348,13.0,13,0.3683766666666667,2.500983238220215,153.02920532226562
49882,2349,16.0,16,0.368174,2.3549909591674805,157.40611267089844
49895,2350,13.0,13,0.3680093333333333,0.39916425943374634,160.3775634765625
49940,2351,45.0,45,0.36743933333333334,1.5056650638580322,151.83912658691406
49950,2352,10.0,10,0.3673126666666666,1.3872185945510864,158.31500244140625
49965,2353,15.0,15,0.3671226666666667,1.9981688261032104,159.0456085205078
49989,2354,24.0,24,0.3668186666666666,1.6475656032562256,156.1451873779297
50005,2355,16.0,16,0.36661599999999994,1.5741355419158936,146.22021484375
50032,2356,27.0,27,0.366274,2.0428333282470703,159.441650390625
50078,2357,46.0,46,0.36569133333333337,5.373278617858887,162.69638061523438
50088,2358,10.0,10,0.36556466666666665,1.6291286945343018,153.0375213623047
50102,2359,14.0,14,0.3653873333333333,3.5757737159729004,166.89627075195312
50116,2360,14.0,14,0.36521000000000003,2.93658447265625,163.30467224121094
50130,2361,14.0,14,0.36503266666666667,1.2394064664840698,144.6011962890625
50143,2362,13.0,13,0.36486799999999997,2.4759936332702637,173.5653533935547
50158,2363,15.0,15,0.36467799999999995,0.6810087561607361,153.65078735351562
50170,2364,12.0,12,0.364526,3.833240509033203,160.28118896484375
50186,2365,16.0,16,0.36432333333333333,2.2324132919311523,153.835205078125
50198,2366,12.0,12,0.3641713333333333,3.306212902069092,158.30506896972656
50249,2367,51.0,51,0.36352533333333337,0.7732803821563721,163.47256469726562
50273,2368,24.0,24,0.3632213333333333,4.727051734924316,159.9696044921875
50310,2369,37.0,37,0.3627526666666666,0.6378524303436279,159.0657501220703
50325,2370,15.0,15,0.3625626666666667,1.1886529922485352,148.44210815429688
50337,2371,12.0,12,0.36241066666666666,2.9701669216156006,166.9586181640625
50349,2372,12.0,12,0.3622586666666666,3.347696304321289,143.90086364746094
50373,2373,24.0,24,0.36195466666666665,2.045055627822876,159.5261688232422
50386,2374,13.0,13,0.36178999999999994,2.6805427074432373,155.41331481933594
50401,2375,15.0,15,0.36160000000000003,0.3121417164802551,158.8600616455078
50420,2376,19.0,19,0.36135933333333337,0.618657112121582,159.59092712402344
50434,2377,14.0,14,0.361182,0.4402773380279541,147.7400665283203
50462,2378,28.0,28,0.3608273333333333,0.665800929069519,161.31932067871094
50481,2379,19.0,19,0.3605866666666666,1.852725863456726,162.10330200195312
50518,2380,37.0,37,0.36011799999999994,0.7397714853286743,160.10784912109375
50530,2381,12.0,12,0.359966,0.634556770324707,157.7763671875
50542,2382,12.0,12,0.35981399999999997,5.043970108032227,156.71331787109375
50565,2383,23.0,23,0.35952266666666666,1.6204400062561035,156.79730224609375
50587,2384,22.0,22,0.359244,0.7818349003791809,154.7913818359375
50625,2385,38.0,38,0.3587626666666667,2.8061776161193848,148.12139892578125
50641,2386,16.0,16,0.35856,1.9575403928756714,154.40008544921875
50652,2387,11.0,11,0.3584206666666666,2.8431284427642822,152.29913330078125
50667,2388,15.0,15,0.3582306666666667,1.6837732791900635,154.9722900390625
50678,2389,11.0,11,0.3580913333333333,2.507964849472046,159.97360229492188
50688,2390,10.0,10,0.3579646666666667,2.6317906379699707,142.4624481201172
50718,2391,30.0,30,0.35758466666666666,1.4268680810928345,160.77598571777344
50732,2392,14.0,14,0.3574073333333333,3.2688560485839844,153.56814575195312
50744,2393,12.0,12,0.35725533333333337,0.38185685873031616,164.81503295898438
50758,2394,14.0,14,0.357078,1.4411754608154297,157.20716857910156
50774,2395,16.0,16,0.3568753333333333,1.5353580713272095,162.88003540039062
50791,2396,17.0,17,0.35666,2.0057690143585205,159.97671508789062
50805,2397,14.0,14,0.3564826666666666,2.602086305618286,145.93309020996094
50817,2398,12.0,12,0.3563306666666667,2.2651607990264893,158.18515014648438
50836,2399,19.0,19,0.35609,1.7787377834320068,155.65570068359375
50851,2400,15.0,15,0.3559,0.7605037093162537,163.7611083984375
50868,2401,17.0,17,0.35568466666666665,4.491703987121582,162.58531188964844
50892,2402,24.0,24,0.3553806666666667,0.8892498016357422,156.10415649414062
50905,2403,13.0,13,0.355216,0.6669470071792603,169.325439453125
50922,2404,17.0,17,0.35500066666666663,1.956810474395752,162.41555786132812
50935,2405,13.0,13,0.35483600000000004,2.0234458446502686,147.17730712890625
50948,2406,13.0,13,0.35467133333333334,1.8707516193389893,160.99021911621094
50962,2407,14.0,14,0.354494,1.6725881099700928,153.44113159179688
51001,2408,39.0,39,0.354,2.996661901473999,147.3791961669922
51014,2409,13.0,13,0.3538353333333333,2.193955421447754,144.70379638671875
51025,2410,11.0,11,0.353696,1.6586990356445312,157.7806396484375
51041,2411,16.0,16,0.3534933333333333,3.5110130310058594,163.19122314453125
51061,2412,20.0,20,0.35324,2.721292495727539,153.22662353515625
51090,2413,29.0,29,0.3528726666666666,2.2633838653564453,162.01162719726562
51104,2414,14.0,14,0.35269533333333336,0.8446981310844421,167.00274658203125
51120,2415,16.0,16,0.3524926666666667,2.2350587844848633,158.82962036132812
51140,2416,20.0,20,0.35223933333333335,1.5514851808547974,168.17178344726562
51152,2417,12.0,12,0.3520873333333333,4.239662170410156,148.88124084472656
51164,2418,12.0,12,0.3519353333333334,1.9460554122924805,155.3758544921875
51182,2419,18.0,18,0.35170733333333337,1.8994321823120117,163.23544311523438
51200,2420,18.0,18,0.35147933333333337,1.0013655424118042,143.07199096679688
51214,2421,14.0,14,0.351302,3.5619733333587646,156.26600646972656
51229,2422,15.0,15,0.351112,3.2577672004699707,157.00808715820312
51246,2423,17.0,17,0.35089666666666663,3.814539909362793,153.07275390625
51258,2424,12.0,12,0.3507446666666667,1.9029927253723145,158.56753540039062
51275,2425,17.0,17,0.35052933333333336,3.078359365463257,162.90528869628906
51286,2426,11.0,11,0.35039,1.7472485303878784,153.67166137695312
51301,2427,15.0,15,0.35019999999999996,2.539194345474243,167.57701110839844
51317,2428,16.0,16,0.34999733333333327,1.385918378829956,160.7241668701172
51338,2429,21.0,21,0.3497313333333333,0.5896304845809937,161.19931030273438
51350,2430,12.0,12,0.34957933333333335,2.940913200378418,150.02085876464844
51364,2431,14.0,14,0.349402,2.795691967010498,164.87100219726562
51398,2432,34.0,34,0.3489713333333333,1.3993394374847412,152.52340698242188
51407,2433,9.0,9,0.34885733333333335,1.992570161819458,158.55494689941406
51425,2434,18.0,18,0.34862933333333335,2.350438356399536,155.39193725585938
51435,2435,10.0,10,0.3485026666666666,2.022307872772217,153.53421020507812
51446,2436,11.0,11,0.34836333333333336,4.231495380401611,156.43951416015625
51459,2437,13.0,13,0.34819866666666666,1.1217288970947266,158.70870971679688
51472,2438,13.0,13,0.34803399999999995,2.3225300312042236,156.686767578125
51486,2439,14.0,14,0.3478566666666667,1.073451042175293,149.00177001953125
51527,2440,41.0,41,0.3473373333333333,0.5843898057937622,170.76068115234375
51548,2441,21.0,21,0.3470713333333333,0.7894117832183838,161.21951293945312
51589,2442,41.0,41,0.34655199999999997,2.7418980598449707,159.98080444335938
51648,2443,59.0,59,0.34580466666666665,3.3433265686035156,155.43521118164062
51660,2444,12.0,12,0.3456526666666666,1.8356443643569946,156.27883911132812
51688,2445,28.0,28,0.345298,1.753542423248291,167.87266540527344
51700,2446,12.0,12,0.34514599999999995,3.661367177963257,164.14959716796875
51713,2447,13.0,13,0.34498133333333336,2.4956955909729004,156.8173370361328
51736,2448,23.0,23,0.34468999999999994,3.882781505584717,161.39865112304688
51789,2449,53.0,53,0.3440186666666667,1.81883704662323,159.16400146484375
51802,2450,13.0,13,0.343854,3.126518487930298,159.70167541503906
51816,2451,14.0,14,0.34367666666666663,0.5434178709983826,158.34249877929688
51845,2452,29.0,29,0.34330933333333336,0.6667570471763611,160.41961669921875
51892,2453,47.0,47,0.34271399999999996,0.8031942248344421,150.51779174804688
51924,2454,32.0,32,0.3423086666666667,0.49357256293296814,159.10342407226562
51953,2455,29.0,29,0.3419413333333333,1.7164037227630615,154.8883514404297
51967,2456,14.0,14,0.34176399999999996,2.439818859100342,152.31117248535156
52005,2457,38.0,38,0.3412826666666666,1.739577054977417,164.65589904785156
52014,2458,9.0,9,0.3411686666666667,0.8907467722892761,161.78594970703125
52029,2459,15.0,15,0.34097866666666665,1.526975154876709,158.39096069335938
52040,2460,11.0,11,0.34083933333333327,2.493695020675659,169.05810546875
52093,2461,53.0,53,0.340168,3.63059139251709,162.59779357910156
52110,2462,17.0,17,0.3399526666666667,2.3822832107543945,161.1524200439453
52126,2463,16.0,16,0.33975,0.9076365232467651,156.70932006835938
52162,2464,36.0,36,0.339294,2.9992177486419678,152.88717651367188
52172,2465,10.0,10,0.3391673333333334,1.125355839729309,153.65081787109375
52185,2466,13.0,13,0.3390026666666667,0.5736136436462402,173.95077514648438
52199,2467,14.0,14,0.3388253333333333,0.5254009366035461,160.41961669921875
52209,2468,10.0,10,0.3386986666666667,3.447063684463501,155.929931640625
52250,2469,41.0,41,0.3381793333333333,1.0201808214187622,157.37820434570312
52274,2470,24.0,24,0.3378753333333333,3.451172113418579,152.245361328125
52294,2471,20.0,20,0.337622,3.9334213733673096,148.5455322265625
52307,2472,13.0,13,0.3374573333333333,1.9672893285751343,150.08358764648438
52340,2473,33.0,33,0.33703933333333336,0.9248183369636536,149.8082733154297
52355,2474,15.0,15,0.33684933333333333,0.7174980044364929,157.692626953125
52368,2475,13.0,13,0.33668466666666663,1.26153564453125,163.54159545898438
52395,2476,27.0,27,0.3363426666666667,2.0883889198303223,148.53182983398438
52407,2477,12.0,12,0.33619066666666664,0.30248549580574036,163.517578125
52417,2478,10.0,10,0.33606400000000003,3.126277446746826,155.698486328125
52438,2479,21.0,21,0.33579800000000004,1.7504891157150269,164.858642578125
52450,2480,12.0,12,0.335646,2.5417420864105225,161.1017608642578
52468,2481,18.0,18,0.335418,1.4509410858154297,159.63206481933594
52484,2482,16.0,16,0.3352153333333333,0.754117488861084,148.95608520507812
52512,2483,28.0,28,0.3348606666666667,1.2076032161712646,163.146728515625
52522,2484,10.0,10,0.334734,1.864235758781433,152.62405395507812
52549,2485,27.0,27,0.334392,0.46047186851501465,159.85585021972656
52567,2486,18.0,18,0.334164,1.4465117454528809,167.76779174804688
52584,2487,17.0,17,0.33394866666666667,1.3281433582305908,159.4167938232422
52595,2488,11.0,11,0.3338093333333333,4.2929534912109375,166.26731872558594
52611,2489,16.0,16,0.3336066666666666,4.316335678100586,164.040283203125
52623,2490,12.0,12,0.3334546666666667,0.7125028371810913,152.4298095703125
52636,2491,13.0,13,0.33329,0.5069711208343506,158.27255249023438
52650,2492,14.0,14,0.3331126666666666,0.7490367889404297,149.6427001953125
52661,2493,11.0,11,0.33297333333333334,4.15363073348999,165.7832794189453
52678,2494,17.0,17,0.332758,0.5694224834442139,163.74789428710938
52695,2495,17.0,17,0.33254266666666665,1.8842555284500122,164.5930938720703
52711,2496,16.0,16,0.33233999999999997,0.6943544149398804,163.15469360351562
52732,2497,21.0,21,0.332074,1.8997665643692017,158.1326904296875
52745,2498,13.0,13,0.3319093333333333,3.4407408237457275,156.03317260742188
52756,2499,11.0,11,0.33177,3.4716551303863525,148.92654418945312
52767,2500,11.0,11,0.33163066666666663,2.429055690765381,158.3134765625
52795,2501,28.0,28,0.331276,0.5381972193717957,147.90907287597656
52811,2502,16.0,16,0.33107333333333333,6.652092456817627,153.53924560546875
52833,2503,22.0,22,0.3307946666666667,1.481834888458252,158.04750061035156
52856,2504,23.0,23,0.33050333333333337,0.7172964811325073,152.2460174560547
52892,2505,36.0,36,0.33004733333333336,0.6601115465164185,160.38986206054688
52910,2506,18.0,18,0.32981933333333335,2.951587677001953,158.73797607421875
52930,2507,20.0,20,0.329566,1.0647401809692383,159.04786682128906
52941,2508,11.0,11,0.32942666666666665,1.5534034967422485,159.2816162109375
52953,2509,12.0,12,0.3292746666666666,1.50691556930542,163.0144805908203
52984,2510,31.0,31,0.328882,2.0163111686706543,145.2630615234375
52997,2511,13.0,13,0.3287173333333333,1.5422921180725098,167.81640625
53007,2512,10.0,10,0.3285906666666667,3.507718563079834,161.6315460205078
53025,2513,18.0,18,0.3283626666666667,1.232316493988037,165.13404846191406
53042,2514,17.0,17,0.32814733333333335,1.48161780834198,147.39161682128906
53064,2515,22.0,22,0.3278686666666667,0.6266152858734131,152.47317504882812
53085,2516,21.0,21,0.3276026666666667,2.4684791564941406,157.12315368652344
53103,2517,18.0,18,0.3273746666666667,3.3089241981506348,160.05921936035156
53115,2518,12.0,12,0.32722266666666666,3.2297308444976807,155.78146362304688
53135,2519,20.0,20,0.32696933333333333,1.1174142360687256,160.15481567382812
53148,2520,13.0,13,0.32680466666666663,0.4574897289276123,162.22598266601562
53160,2521,12.0,12,0.3266526666666667,1.7551149129867554,158.0200653076172
53197,2522,37.0,37,0.32618400000000003,0.5496580600738525,159.76568603515625
53234,2523,37.0,37,0.32571533333333336,2.9920642375946045,152.50726318359375
53291,2524,57.0,57,0.32499333333333336,2.150570869445801,156.87158203125
53307,2525,16.0,16,0.32479066666666667,2.787705183029175,163.82623291015625
53317,2526,10.0,10,0.32466399999999995,3.9001145362854004,151.153076171875
53418,2527,101.0,101,0.32338466666666665,1.3937822580337524,160.8004150390625
53435,2528,17.0,17,0.3231693333333333,2.5613012313842773,159.58639526367188
53454,2529,19.0,19,0.32292866666666664,3.052971601486206,159.4462890625
53498,2530,44.0,44,0.32237133333333334,3.6778297424316406,168.5151824951172
53514,2531,16.0,16,0.32216866666666666,1.7646121978759766,160.71090698242188
53532,2532,18.0,18,0.32194066666666665,0.6664828062057495,160.4811248779297
53554,2533,22.0,22,0.321662,2.1073291301727295,161.40484619140625
53567,2534,13.0,13,0.3214973333333333,0.41867417097091675,164.77540588378906
53581,2535,14.0,14,0.32131999999999994,1.6003408432006836,157.7618408203125
53595,2536,14.0,14,0.3211426666666667,1.2773128747940063,158.11819458007812
53609,2537,14.0,14,0.3209653333333333,1.422613263130188,170.44677734375
53659,2538,50.0,50,0.32033199999999995,2.3060925006866455,156.0919189453125
53692,2539,33.0,33,0.31991400000000003,2.0573325157165527,156.63308715820312
53708,2540,16.0,16,0.31971133333333335,1.7947639226913452,177.65330505371094
53729,2541,21.0,21,0.31944533333333336,1.6151981353759766,165.77703857421875
53746,2542,17.0,17,0.31923,1.641601800918579,155.69580078125
53764,2543,18.0,18,0.319002,2.5314714908599854,170.51718139648438
53776,2544,12.0,12,0.31884999999999997,3.035736083984375,148.146728515625
53798,2545,22.0,22,0.3185713333333333,3.8768532276153564,159.92227172851562
53811,2546,13.0,13,0.3184066666666666,4.2482781410217285,168.8020477294922
53824,2547,13.0,13,0.318242,1.4934813976287842,155.66217041015625
53844,2548,20.0,20,0.3179886666666667,2.1033267974853516,165.09274291992188
53855,2549,11.0,11,0.3178493333333333,2.31089186668396,160.01885986328125
53869,2550,14.0,14,0.31767199999999995,1.0002695322036743,165.60601806640625
53882,2551,13.0,13,0.31750733333333336,2.1303963661193848,154.29776000976562
53897,2552,15.0,15,0.31731733333333334,3.961599826812744,159.91331481933594
53914,2553,17.0,17,0.317102,6.200384140014648,157.58636474609375
53932,2554,18.0,18,0.316874,0.835638165473938,154.6925811767578
53942,2555,10.0,10,0.3167473333333334,2.5082011222839355,159.65606689453125
53975,2556,33.0,33,0.31632933333333335,0.5817770957946777,155.90728759765625
53989,2557,14.0,14,0.316152,0.6594123840332031,162.58547973632812
54003,2558,14.0,14,0.3159746666666666,1.4248836040496826,161.4803466796875
54014,2559,11.0,11,0.31583533333333336,2.918613910675049,159.71202087402344
54063,2560,49.0,49,0.31521466666666664,2.1225149631500244,164.41818237304688
54110,2561,47.0,47,0.31461933333333336,0.7795481085777283,154.32290649414062
54124,2562,14.0,14,0.314442,0.5105276703834534,152.05116271972656
54153,2563,29.0,29,0.3140746666666666,0.8358386754989624,154.53152465820312
54174,2564,21.0,21,0.3138086666666666,2.2022838592529297,154.5986785888672
54194,2565,20.0,20,0.3135553333333333,4.205442905426025,158.32110595703125
54210,2566,16.0,16,0.3133526666666666,3.3262829780578613,158.75894165039062
54224,2567,14.0,14,0.31317533333333336,0.754439651966095,155.41033935546875
54237,2568,13.0,13,0.31301066666666666,0.6448298692703247,155.54876708984375
54270,2569,33.0,33,0.31259266666666663,0.3895585536956787,157.17861938476562
54283,2570,13.0,13,0.31242800000000004,3.7874574661254883,159.30885314941406
54298,2571,15.0,15,0.312238,2.4539737701416016,166.20513916015625
54315,2572,17.0,17,0.31202266666666667,3.285799741744995,154.79379272460938
54389,2573,74.0,74,0.3110853333333333,3.737163543701172,161.4147186279297
54399,2574,10.0,10,0.3109586666666666,2.0228137969970703,158.56350708007812
54444,2575,45.0,45,0.31038866666666665,0.8675053119659424,159.88436889648438
54455,2576,11.0,11,0.3102493333333334,2.1759400367736816,153.07923889160156
54473,2577,18.0,18,0.31002133333333337,2.105682611465454,159.70855712890625
54486,2578,13.0,13,0.30985666666666667,4.873632907867432,162.19686889648438
54500,2579,14.0,14,0.3096793333333333,0.5153721570968628,160.2093505859375
54509,2580,9.0,9,0.30956533333333336,2.612705707550049,174.08035278320312
54526,2581,17.0,17,0.30935,1.2410638332366943,164.29034423828125
54539,2582,13.0,13,0.3091853333333333,1.8271377086639404,171.31324768066406
54562,2583,23.0,23,0.308894,2.4176547527313232,158.56080627441406
54585,2584,23.0,23,0.3086026666666667,0.6394342184066772,168.78829956054688
54598,2585,13.0,13,0.308438,2.314695119857788,157.40927124023438
54611,2586,13.0,13,0.3082733333333333,2.080310106277466,167.44143676757812
54656,2587,45.0,45,0.30770333333333333,0.6226760149002075,163.68154907226562
54698,2588,42.0,42,0.30717133333333335,2.9876155853271484,168.82131958007812
54710,2589,12.0,12,0.3070193333333333,2.8219690322875977,152.87599182128906
54725,2590,15.0,15,0.3068293333333333,5.755306243896484,168.21949768066406
54740,2591,15.0,15,0.3066393333333334,1.7526742219924927,157.86363220214844
54763,2592,23.0,23,0.30634799999999995,0.56003338098526,146.0819854736328
54784,2593,21.0,21,0.30608199999999997,3.8779306411743164,162.50857543945312
54801,2594,17.0,17,0.3058666666666666,4.772650718688965,158.87918090820312
54812,2595,11.0,11,0.30572733333333335,2.6731107234954834,166.9852294921875
54828,2596,16.0,16,0.30552466666666667,0.893057644367218,165.9989471435547
54838,2597,10.0,10,0.30539799999999995,5.103689193725586,166.5084991455078
54867,2598,29.0,29,0.30503066666666667,2.13523268699646,156.14547729492188
54918,2599,51.0,51,0.30438466666666664,3.3955602645874023,165.95297241210938
54939,2600,21.0,21,0.30411866666666665,2.5508878231048584,167.2757568359375
54952,2601,13.0,13,0.30395399999999995,1.3478000164031982,161.24783325195312
54966,2602,14.0,14,0.3037766666666667,0.7261734008789062,168.41583251953125
54976,2603,10.0,10,0.30365,1.2955436706542969,163.98361206054688
54986,2604,10.0,10,0.30352333333333337,2.3437561988830566,167.27279663085938
54995,2605,9.0,9,0.3034093333333333,2.4815006256103516,155.945556640625
55009,2606,14.0,14,0.30323199999999995,1.59654700756073,160.45782470703125
55036,2607,27.0,27,0.30289,0.5261726379394531,165.77340698242188
55076,2608,40.0,40,0.30238333333333334,0.8350133895874023,165.90809631347656
55095,2609,19.0,19,0.30214266666666667,1.375624656677246,168.33438110351562
55120,2610,25.0,25,0.30182600000000004,3.5790536403656006,168.0447540283203
55207,2611,87.0,87,0.300724,0.9367284774780273,174.7458038330078
55226,2612,19.0,19,0.3004833333333333,0.8299061059951782,164.70156860351562
55275,2613,49.0,49,0.2998626666666666,3.2107555866241455,161.3511962890625
55307,2614,32.0,32,0.29945733333333335,2.2393202781677246,158.38433837890625
55323,2615,16.0,16,0.29925466666666667,0.9382812976837158,162.05557250976562
55343,2616,20.0,20,0.29900133333333334,2.983520984649658,177.11599731445312
55355,2617,12.0,12,0.2988493333333333,3.311807155609131,173.84190368652344
55377,2618,22.0,22,0.29857066666666665,2.1228063106536865,173.6069793701172
55387,2619,10.0,10,0.29844400000000004,2.738725185394287,171.25869750976562
55423,2620,36.0,36,0.29798800000000003,1.6839929819107056,165.71185302734375
55440,2621,17.0,17,0.2977726666666667,1.7668710947036743,157.48634338378906
55467,2622,27.0,27,0.2974306666666666,0.686726450920105,171.31790161132812
55484,2623,17.0,17,0.2972153333333333,2.0060694217681885,168.0856170654297
55499,2624,15.0,15,0.29702533333333336,2.854156970977783,166.4384307861328
55519,2625,20.0,20,0.29677200000000004,3.0595474243164062,167.28585815429688
55536,2626,17.0,17,0.2965566666666667,2.5412402153015137,165.04281616210938
55552,2627,16.0,16,0.296354,3.208953380584717,159.98468017578125
55581,2628,29.0,29,0.2959866666666666,0.4051983952522278,160.70245361328125
55621,2629,40.0,40,0.29547999999999996,2.4158594608306885,168.9307861328125
55632,2630,11.0,11,0.2953406666666667,1.1681182384490967,173.42825317382812
55667,2631,35.0,35,0.29489733333333334,2.129176139831543,175.6594696044922
55698,2632,31.0,31,0.29450466666666664,0.2995961904525757,169.746826171875
55712,2633,14.0,14,0.2943273333333333,2.430835008621216,166.55584716796875
55727,2634,15.0,15,0.29413733333333336,3.319314956665039,165.856201171875
55770,2635,43.0,43,0.2935926666666666,1.3049049377441406,172.79666137695312
55784,2636,14.0,14,0.29341533333333336,5.044100284576416,166.5638427734375
55798,2637,14.0,14,0.293238,2.342390537261963,154.578857421875
55839,2638,41.0,41,0.2927186666666667,3.6121580600738525,162.865234375
55859,2639,20.0,20,0.29246533333333335,0.5420495867729187,165.86422729492188
55871,2640,12.0,12,0.2923133333333333,1.8386906385421753,167.11407470703125
55884,2641,13.0,13,0.2921486666666666,2.1086642742156982,170.11767578125
55904,2642,20.0,20,0.2918953333333333,1.8771778345108032,161.09815979003906
55916,2643,12.0,12,0.29174333333333335,2.333922863006592,165.69802856445312
55927,2644,11.0,11,0.291604,2.167711019515991,168.24026489257812
55940,2645,13.0,13,0.2914393333333333,3.7488279342651367,169.35519409179688
55955,2646,15.0,15,0.29124933333333336,2.805380344390869,174.48431396484375
55965,2647,10.0,10,0.29112266666666664,6.001496315002441,167.88861083984375
55985,2648,20.0,20,0.2908693333333333,0.7057628035545349,161.48464965820312
56015,2649,30.0,30,0.2904893333333334,1.6489168405532837,166.39111328125
56035,2650,20.0,20,0.29023599999999994,0.8380286693572998,171.25958251953125
56047,2651,12.0,12,0.290084,2.7669055461883545,171.48635864257812
56062,2652,15.0,15,0.289894,1.2967604398727417,168.2547607421875
56113,2653,51.0,51,0.28924799999999995,1.4230238199234009,163.9736328125
56128,2654,15.0,15,0.28905800000000004,2.5366408824920654,160.67010498046875
56139,2655,11.0,11,0.28891866666666666,3.3613882064819336,162.4868927001953
56150,2656,11.0,11,0.2887793333333333,0.8592290282249451,166.6752471923828
56164,2657,14.0,14,0.288602,1.711028814315796,161.79104614257812
56178,2658,14.0,14,0.28842466666666666,0.8340684771537781,170.23355102539062
56240,2659,62.0,62,0.28763933333333336,2.591186046600342,170.772705078125
56261,2660,21.0,21,0.28737333333333337,5.662800312042236,168.60894775390625
56277,2661,16.0,16,0.2871706666666667,3.5602335929870605,175.95343017578125
56292,2662,15.0,15,0.28698066666666666,4.344932556152344,168.3485107421875
56310,2663,18.0,18,0.28675266666666666,0.9437007308006287,174.63888549804688
56322,2664,12.0,12,0.2866006666666666,0.8906107544898987,168.9180908203125
56335,2665,13.0,13,0.286436,2.7831287384033203,162.7216033935547
56359,2666,24.0,24,0.28613199999999994,1.6888391971588135,166.70077514648438
56368,2667,9.0,9,0.286018,0.6929773092269897,154.61325073242188
56379,2668,11.0,11,0.2858786666666666,3.4132604598999023,171.2919158935547
56392,2669,13.0,13,0.285714,1.1652734279632568,179.79281616210938
56402,2670,10.0,10,0.2855873333333333,0.36957529187202454,169.11367797851562
56446,2671,44.0,44,0.28503,0.2991718649864197,165.80784606933594
56458,2672,12.0,12,0.28487799999999996,2.001751184463501,155.82798767089844
56471,2673,13.0,13,0.2847133333333334,3.3362784385681152,171.084716796875
56484,2674,13.0,13,0.28454866666666667,2.138530731201172,170.48876953125
56494,2675,10.0,10,0.28442199999999995,1.2112095355987549,170.6073760986328
56514,2676,20.0,20,0.2841686666666666,0.5161141157150269,176.76333618164062
56527,2677,13.0,13,0.28400400000000003,1.8710277080535889,161.50363159179688
56545,2678,18.0,18,0.28377600000000003,2.124995708465576,158.18923950195312
56566,2679,21.0,21,0.28351000000000004,2.336881637573242,173.15139770507812
56578,2680,12.0,12,0.283358,2.8475756645202637,172.82269287109375
56593,2681,15.0,15,0.283168,0.7466805577278137,171.93759155273438
56608,2682,15.0,15,0.28297799999999995,3.2392258644104004,168.61758422851562
56621,2683,13.0,13,0.28281333333333336,3.0367932319641113,175.97579956054688
56648,2684,27.0,27,0.2824713333333333,2.143876552581787,157.0347900390625
56681,2685,33.0,33,0.2820533333333334,0.5787044763565063,166.1240692138672
56695,2686,14.0,14,0.281876,1.697186827659607,161.02041625976562
56712,2687,17.0,17,0.28166066666666667,0.3795583248138428,166.226318359375
56725,2688,13.0,13,0.28149599999999997,1.5544168949127197,167.80235290527344
56742,2689,17.0,17,0.2812806666666666,4.680509090423584,158.99891662597656
56766,2690,24.0,24,0.28097666666666665,2.1858692169189453,169.20693969726562
56787,2691,21.0,21,0.28071066666666666,3.8978004455566406,166.61061096191406
56800,2692,13.0,13,0.28054599999999996,2.1414594650268555,176.330078125
56812,2693,12.0,12,0.28039400000000003,0.6318777203559875,150.2908172607422
56824,2694,12.0,12,0.280242,1.9846363067626953,168.089111328125
56834,2695,10.0,10,0.28011533333333327,0.7837600708007812,169.60069274902344
56845,2696,11.0,11,0.279976,3.6378955841064453,171.33657836914062
56901,2697,56.0,56,0.27926666666666666,1.9402333498001099,171.11117553710938
56914,2698,13.0,13,0.27910199999999996,2.7785048484802246,170.72344970703125
56927,2699,13.0,13,0.27893733333333337,0.6515457630157471,169.43313598632812
56943,2700,16.0,16,0.2787346666666667,2.6680212020874023,167.8491973876953
56953,2701,10.0,10,0.27860799999999997,3.2465262413024902,167.206787109375
56981,2702,28.0,28,0.27825333333333335,1.0353271961212158,176.58717346191406
56993,2703,12.0,12,0.2781013333333333,2.06276798248291,159.935791015625
57018,2704,25.0,25,0.2777846666666667,3.4774248600006104,171.99826049804688
57050,2705,32.0,32,0.2773793333333333,5.532896041870117,158.63656616210938
57065,2706,15.0,15,0.2771893333333333,2.5687384605407715,175.04071044921875
57079,2707,14.0,14,0.27701200000000004,0.7059891223907471,168.92691040039062
57092,2708,13.0,13,0.27684733333333333,1.140979528427124,163.80014038085938
57107,2709,15.0,15,0.2766573333333333,1.3794478178024292,162.19129943847656
57122,2710,15.0,15,0.2764673333333333,1.2004369497299194,180.389892578125
57154,2711,32.0,32,0.27606200000000003,4.030048847198486,172.0236358642578
57172,2712,18.0,18,0.275834,1.9022115468978882,168.99795532226562
57187,2713,15.0,15,0.275644,4.122320175170898,166.79119873046875
57248,2714,61.0,61,0.27487133333333336,0.9831500053405762,171.55111694335938
57263,2715,15.0,15,0.27468133333333333,4.178252696990967,174.07994079589844
57281,2716,18.0,18,0.2744533333333333,2.1404471397399902,163.9707489013672
57294,2717,13.0,13,0.2742886666666666,1.7647477388381958,172.81846618652344
57315,2718,21.0,21,0.27402266666666664,0.6041839122772217,164.09219360351562
57360,2719,45.0,45,0.2734526666666667,1.626349687576294,168.6632537841797
57376,2720,16.0,16,0.27325,0.6522387266159058,175.5161590576172
57403,2721,27.0,27,0.27290800000000004,2.1749064922332764,165.64410400390625
57464,2722,61.0,61,0.2721353333333333,2.128157615661621,167.70252990722656
57488,2723,24.0,24,0.2718313333333333,1.4433610439300537,174.82867431640625
57524,2724,36.0,36,0.2713753333333333,1.6743578910827637,178.22061157226562
57534,2725,10.0,10,0.2712486666666667,2.2217769622802734,162.66725158691406
57548,2726,14.0,14,0.27107133333333333,3.8766672611236572,174.47232055664062
57560,2727,12.0,12,0.2709193333333333,1.040508508682251,163.52951049804688
57588,2728,28.0,28,0.2705646666666667,2.8695669174194336,170.298583984375
57609,2729,21.0,21,0.2702986666666667,1.0807805061340332,170.66485595703125
57622,2730,13.0,13,0.270134,5.019078254699707,176.68759155273438
57641,2731,19.0,19,0.2698933333333333,2.091874599456787,180.76809692382812
57694,2732,53.0,53,0.26922199999999996,0.41649100184440613,164.4112548828125
57735,2733,41.0,41,0.26870266666666665,0.48167046904563904,185.94017028808594
57745,2734,10.0,10,0.26857600000000004,0.6772450804710388,161.17831420898438
57766,2735,21.0,21,0.26830999999999994,3.413958787918091,176.376220703125
57786,2736,20.0,20,0.2680566666666666,1.8116182088851929,188.65121459960938
57801,2737,15.0,15,0.2678666666666667,0.6351489424705505,185.7183837890625
57817,2738,16.0,16,0.267664,3.091998338699341,168.92601013183594
57832,2739,15.0,15,0.267474,2.385005474090576,170.16424560546875
57852,2740,20.0,20,0.26722066666666666,2.0620579719543457,167.56817626953125
57878,2741,26.0,26,0.26689133333333337,2.409940719604492,180.25791931152344
57892,2742,14.0,14,0.266714,1.6262197494506836,177.39617919921875
57906,2743,14.0,14,0.26653666666666664,2.51938533782959,172.7141876220703
57921,2744,15.0,15,0.2663466666666666,1.0635720491409302,161.93978881835938
57932,2745,11.0,11,0.26620733333333335,2.389047622680664,163.04632568359375
57951,2746,19.0,19,0.2659666666666667,3.1124348640441895,169.6201171875
57964,2747,13.0,13,0.265802,0.29223719239234924,174.79824829101562
57979,2748,15.0,15,0.26561199999999996,3.9948596954345703,167.2838134765625
57993,2749,14.0,14,0.2654346666666667,0.47424715757369995,166.7244873046875
58044,2750,51.0,51,0.26478866666666667,6.859283447265625,173.80099487304688
58111,2751,67.0,67,0.26393999999999995,2.830867290496826,178.12644958496094
58134,2752,23.0,23,0.26364866666666664,4.042713642120361,176.36566162109375
58144,2753,10.0,10,0.26352200000000003,1.7237274646759033,192.00814819335938
58156,2754,12.0,12,0.26337,2.6280081272125244,169.00189208984375
58176,2755,20.0,20,0.26311666666666667,0.2462206929922104,179.33364868164062
58189,2756,13.0,13,0.26295199999999996,5.7096099853515625,167.97174072265625
58201,2757,12.0,12,0.26280000000000003,1.5845131874084473,161.56182861328125
58222,2758,21.0,21,0.26253400000000005,0.9536370038986206,171.36766052246094
58242,2759,20.0,20,0.2622806666666666,0.8659927845001221,163.65249633789062
58257,2760,15.0,15,0.2620906666666667,3.345179557800293,171.26812744140625
58275,2761,18.0,18,0.2618626666666667,1.8779538869857788,176.12109375
58295,2762,20.0,20,0.26160933333333336,5.252408027648926,171.42581176757812
58316,2763,21.0,21,0.26134333333333337,2.550126314163208,176.23336791992188
58401,2764,85.0,85,0.26026666666666665,3.5130906105041504,183.9746856689453
58415,2765,14.0,14,0.2600893333333333,3.1641294956207275,178.92774963378906
58442,2766,27.0,27,0.25974733333333333,3.0062451362609863,175.70135498046875
58461,2767,19.0,19,0.25950666666666666,1.6365129947662354,173.5455322265625
58473,2768,12.0,12,0.2593546666666666,2.723128318786621,176.5030059814453
58506,2769,33.0,33,0.2589366666666667,1.9484952688217163,180.34176635742188
58520,2770,14.0,14,0.25875933333333334,1.143875002861023,167.60765075683594
58531,2771,11.0,11,0.25861999999999996,0.5986250638961792,180.91819763183594
58549,2772,18.0,18,0.25839199999999996,1.2713673114776611,177.9683837890625
58566,2773,17.0,17,0.2581766666666666,3.5911471843719482,169.9429931640625
58583,2774,17.0,17,0.2579613333333334,1.827856421470642,173.76683044433594
58624,2775,41.0,41,0.25744199999999995,4.125885963439941,174.67581176757812
58641,2776,17.0,17,0.2572266666666666,1.3606863021850586,163.8041229248047
58656,2777,15.0,15,0.2570366666666667,2.0808181762695312,172.87921142578125
58671,2778,15.0,15,0.25684666666666667,0.7553576231002808,172.57492065429688
58688,2779,17.0,17,0.2566313333333333,1.97115957736969,185.57113647460938
58755,2780,67.0,67,0.2557826666666667,3.1162376403808594,170.55157470703125
58767,2781,12.0,12,0.2556306666666667,1.0717447996139526,174.3844757080078
58782,2782,15.0,15,0.25544066666666665,4.502679347991943,179.99221801757812
58795,2783,13.0,13,0.25527599999999995,3.1114726066589355,187.35125732421875
58863,2784,68.0,68,0.2544146666666667,0.6888073682785034,163.44668579101562
58878,2785,15.0,15,0.25422466666666665,0.4208829998970032,166.03469848632812
58926,2786,48.0,48,0.2536166666666667,2.2044453620910645,174.04701232910156
58939,2787,13.0,13,0.253452,1.892297387123108,160.9178924560547
58953,2788,14.0,14,0.25327466666666665,1.311875343322754,168.09815979003906
58966,2789,13.0,13,0.25310999999999995,1.4960343837738037,186.975341796875
58984,2790,18.0,18,0.25288199999999994,2.959902763366699,169.303466796875
58995,2791,11.0,11,0.25274266666666667,1.2354615926742554,181.74209594726562
59007,2792,12.0,12,0.25259066666666663,1.05830979347229,175.39971923828125
59041,2793,34.0,34,0.25215999999999994,1.4304518699645996,172.97055053710938
59078,2794,37.0,37,0.2516913333333334,0.6404053568840027,174.96214294433594
59107,2795,29.0,29,0.251324,0.4550270438194275,181.99264526367188
59154,2796,47.0,47,0.2507286666666667,2.051090717315674,185.36932373046875
59181,2797,27.0,27,0.25038666666666665,0.33141106367111206,182.81689453125
59218,2798,37.0,37,0.24991799999999997,0.3573116660118103,169.3141326904297
59254,2799,36.0,36,0.24946199999999996,4.888790130615234,175.17605590820312
59274,2800,20.0,20,0.24920866666666663,0.6112996339797974,162.10836791992188
59308,2801,34.0,34,0.24877799999999994,2.695859432220459,179.65927124023438
59327,2802,19.0,19,0.24853733333333328,3.1683826446533203,173.2534637451172
59347,2803,20.0,20,0.24828399999999995,1.5647640228271484,168.17733764648438
59359,2804,12.0,12,0.24813200000000002,5.26306676864624,176.4227294921875
59377,2805,18.0,18,0.247904,2.174330234527588,173.95005798339844
59442,2806,65.0,65,0.24708066666666662,2.046602249145508,178.87155151367188
59456,2807,14.0,14,0.24690333333333336,1.0667872428894043,178.2862091064453
59469,2808,13.0,13,0.24673866666666666,2.262834310531616,173.44244384765625
59482,2809,13.0,13,0.24657399999999996,2.4964966773986816,175.98672485351562
59539,2810,57.0,57,0.24585199999999996,1.7288639545440674,176.9466552734375
59570,2811,31.0,31,0.24545933333333336,1.0068286657333374,177.19171142578125
59600,2812,30.0,30,0.24507933333333332,1.535781741142273,170.3516845703125
59656,2813,56.0,56,0.24436999999999998,0.7783253788948059,172.41371154785156
59687,2814,31.0,31,0.24397733333333338,2.6566295623779297,177.85299682617188
59703,2815,16.0,16,0.2437746666666667,0.7076552510261536,184.6337127685547
59714,2816,11.0,11,0.24363533333333331,2.004037857055664,178.93653869628906
59739,2817,25.0,25,0.24331866666666668,0.6946427822113037,180.1038055419922
59751,2818,12.0,12,0.24316666666666664,2.424473285675049,174.74319458007812
59762,2819,11.0,11,0.24302733333333337,0.6393783092498779,185.617919921875
59812,2820,50.0,50,0.242394,3.117034435272217,172.4705810546875
59827,2821,15.0,15,0.24220399999999997,0.42706725001335144,184.40567016601562
59843,2822,16.0,16,0.2420013333333333,0.29161274433135986,189.9169921875
59930,2823,87.0,87,0.24089933333333335,1.554658055305481,172.81622314453125
60004,2824,74.0,74,0.239962,2.840696334838867,173.99740600585938
60028,2825,24.0,24,0.23965800000000004,0.8102978467941284,184.2317657470703
60041,2826,13.0,13,0.23949333333333334,0.5036558508872986,184.66217041015625
60082,2827,41.0,41,0.23897400000000002,1.033261775970459,172.41397094726562
60094,2828,12.0,12,0.23882199999999998,0.8294590711593628,186.289794921875
60133,2829,39.0,39,0.23832799999999998,2.317854404449463,171.17608642578125
60171,2830,38.0,38,0.23784666666666665,1.6782797574996948,186.423583984375
60206,2831,35.0,35,0.2374033333333333,1.397762656211853,181.2534942626953
60238,2832,32.0,32,0.23699800000000004,2.3936891555786133,183.13763427734375
60254,2833,16.0,16,0.23679533333333336,0.8752346634864807,174.73838806152344
60276,2834,22.0,22,0.2365166666666667,3.52620267868042,179.21536254882812
60292,2835,16.0,16,0.23631400000000002,3.4032435417175293,187.10946655273438
60361,2836,69.0,69,0.23543999999999998,2.619476079940796,182.57882690429688
60377,2837,16.0,16,0.2352373333333333,0.6545493006706238,181.19839477539062
60395,2838,18.0,18,0.2350093333333333,0.8890539407730103,184.41943359375
60412,2839,17.0,17,0.23479399999999995,0.6245212554931641,184.89100646972656
60426,2840,14.0,14,0.2346166666666667,0.5454258918762207,181.09707641601562
60438,2841,12.0,12,0.23446466666666665,1.7455072402954102,182.83619689941406
60450,2842,12.0,12,0.2343126666666666,3.9942173957824707,181.156494140625
60464,2843,14.0,14,0.23413533333333336,0.8503825068473816,174.92242431640625
60477,2844,13.0,13,0.23397066666666666,0.7995826601982117,176.36904907226562
60488,2845,11.0,11,0.23383133333333328,4.072401523590088,184.36228942871094
60506,2846,18.0,18,0.23360333333333327,2.253988265991211,175.65463256835938
60531,2847,25.0,25,0.23328666666666664,1.1323037147521973,185.19482421875
60575,2848,44.0,44,0.23272933333333334,0.4689408540725708,176.84494018554688
60605,2849,30.0,30,0.2323493333333333,3.7291221618652344,181.07083129882812
60623,2850,18.0,18,0.2321213333333333,3.1862802505493164,164.82919311523438
60637,2851,14.0,14,0.23194400000000004,1.458238959312439,175.2261962890625
60647,2852,10.0,10,0.23181733333333332,2.725275993347168,183.781005859375
60737,2853,90.0,90,0.2306773333333333,1.7956488132476807,185.58779907226562
60763,2854,26.0,26,0.230348,2.9287707805633545,179.31915283203125
60819,2855,56.0,56,0.22963866666666666,1.4296902418136597,172.1947021484375
60834,2856,15.0,15,0.22944866666666663,2.5569958686828613,175.89413452148438
60844,2857,10.0,10,0.22932200000000003,0.7431646585464478,177.36376953125
60864,2858,20.0,20,0.2290686666666667,2.8216967582702637,167.09332275390625
60884,2859,20.0,20,0.22881533333333337,2.320604085922241,180.38734436035156
60916,2860,32.0,32,0.22841,4.693368911743164,184.30535888671875
60971,2861,55.0,55,0.22771333333333332,0.8492761850357056,193.3374481201172
61027,2862,56.0,56,0.22700399999999998,0.6583212614059448,183.78660583496094
61116,2863,89.0,89,0.22587666666666661,1.387887716293335,183.78448486328125
61196,2864,80.0,80,0.2248633333333333,0.4270038902759552,169.42840576171875
61208,2865,12.0,12,0.22471133333333337,3.0708296298980713,197.5615234375
61222,2866,14.0,14,0.224534,2.092266082763672,184.87417602539062
61270,2867,48.0,48,0.22392599999999996,2.4360365867614746,187.5564422607422
61288,2868,18.0,18,0.22369799999999995,0.4903741180896759,187.42149353027344
61316,2869,28.0,28,0.22334333333333334,2.609344720840454,190.39886474609375
61330,2870,14.0,14,0.22316599999999998,1.4736157655715942,181.1033477783203
61347,2871,17.0,17,0.22295066666666663,0.7674665451049805,191.15701293945312
61361,2872,14.0,14,0.22277333333333338,0.25237563252449036,182.14834594726562
61374,2873,13.0,13,0.22260866666666668,3.0428285598754883,190.66412353515625
61389,2874,15.0,15,0.22241866666666665,3.4958391189575195,181.0025634765625
61408,2875,19.0,19,0.222178,2.466052532196045,184.65219116210938
61441,2876,33.0,33,0.22175999999999996,2.3720977306365967,183.56658935546875
61459,2877,18.0,18,0.22153199999999995,1.7398481369018555,181.12681579589844
61489,2878,30.0,30,0.22115200000000002,3.0828890800476074,180.61618041992188
61518,2879,29.0,29,0.22078466666666663,4.69472599029541,173.30667114257812
61532,2880,14.0,14,0.22060733333333338,3.1893813610076904,184.19268798828125
61548,2881,16.0,16,0.2204046666666667,1.5302610397338867,191.08331298828125
61560,2882,12.0,12,0.22025266666666665,1.8803555965423584,188.55563354492188
61572,2883,12.0,12,0.2201006666666666,0.8125499486923218,181.98667907714844
61588,2884,16.0,16,0.21989800000000004,2.4246463775634766,188.0024871826172
61616,2885,28.0,28,0.2195433333333333,1.8030697107315063,184.34918212890625
61633,2886,17.0,17,0.21932799999999997,1.4964015483856201,184.41558837890625
61672,2887,39.0,39,0.21883399999999997,0.7762433886528015,188.8174591064453
61686,2888,14.0,14,0.2186566666666666,0.8432938456535339,187.17816162109375
61711,2889,25.0,25,0.21833999999999998,1.8586374521255493,191.2082977294922
61726,2890,15.0,15,0.21814999999999996,5.893835067749023,180.45126342773438
61736,2891,10.0,10,0.21802333333333335,2.078073024749756,186.37200927734375
61831,2892,95.0,95,0.21682,0.670347273349762,194.2227020263672
61842,2893,11.0,11,0.21668066666666663,3.366755723953247,189.5862579345703
61856,2894,14.0,14,0.21650333333333327,0.37402644753456116,192.54605102539062
61867,2895,11.0,11,0.216364,4.6548051834106445,180.2832489013672
61929,2896,62.0,62,0.2155786666666667,4.444857597351074,172.56585693359375
61944,2897,15.0,15,0.21538866666666667,2.1690239906311035,172.1636199951172
61958,2898,14.0,14,0.2152113333333333,0.8508942723274231,180.4736328125
61969,2899,11.0,11,0.21507200000000004,1.4915238618850708,183.8734130859375
62035,2900,66.0,66,0.21423599999999998,5.352103233337402,177.38516235351562
62059,2901,24.0,24,0.213932,1.3321326971054077,185.87301635742188
62071,2902,12.0,12,0.21377999999999997,0.3523026406764984,186.24490356445312
62085,2903,14.0,14,0.2136026666666666,1.567386269569397,188.74508666992188
62118,2904,33.0,33,0.2131846666666667,0.6639894843101501,182.9208221435547
62185,2905,67.0,67,0.21233599999999997,1.932037353515625,186.8376922607422
62205,2906,20.0,20,0.21208266666666664,1.784977674484253,179.99642944335938
62235,2907,30.0,30,0.2117026666666667,4.013106822967529,188.25352478027344
62296,2908,61.0,61,0.21092999999999995,1.3337479829788208,183.8434295654297
62330,2909,34.0,34,0.21049933333333337,1.7084412574768066,187.12030029296875
62347,2910,17.0,17,0.21028400000000003,0.9388216137886047,182.86866760253906
62362,2911,15.0,15,0.210094,6.296250343322754,173.90274047851562
62378,2912,16.0,16,0.20989133333333332,6.074825286865234,190.55221557617188
62429,2913,51.0,51,0.20924533333333328,4.586258411407471,181.48599243164062
62482,2914,53.0,53,0.20857400000000004,2.290599822998047,185.89657592773438
62503,2915,21.0,21,0.20830799999999994,0.4415344297885895,175.76870727539062
62518,2916,15.0,15,0.20811800000000003,1.8273502588272095,183.95858764648438
62572,2917,54.0,54,0.207434,0.6951651573181152,191.65402221679688
62586,2918,14.0,14,0.20725666666666664,3.572885513305664,197.35162353515625
62601,2919,15.0,15,0.20706666666666662,0.6476958990097046,189.87030029296875
62670,2920,69.0,69,0.2061926666666667,0.7124593257904053,186.77175903320312
62691,2921,21.0,21,0.2059266666666667,0.6140302419662476,190.5149383544922
62700,2922,9.0,9,0.20581266666666664,0.8273866176605225,173.47752380371094
62738,2923,38.0,38,0.2053313333333333,0.5561604499816895,182.00262451171875
62780,2924,42.0,42,0.20479933333333333,4.249763488769531,181.45199584960938
62792,2925,12.0,12,0.2046473333333333,1.6867715120315552,184.82342529296875
62867,2926,75.0,75,0.20369733333333329,2.4313437938690186,177.864013671875
62913,2927,46.0,46,0.20311466666666667,4.025419235229492,172.8966064453125
62925,2928,12.0,12,0.20296266666666662,0.4353419542312622,182.45660400390625
62976,2929,51.0,51,0.2023166666666667,2.3466711044311523,184.9361572265625
62987,2930,11.0,11,0.20217733333333332,1.6453971862792969,180.65731811523438
63042,2931,55.0,55,0.20148066666666664,2.5102860927581787,180.79351806640625
63065,2932,23.0,23,0.20118933333333333,4.274478435516357,195.33807373046875
63081,2933,16.0,16,0.20098666666666665,0.7263016700744629,182.12533569335938
63117,2934,36.0,36,0.20053066666666663,1.3592156171798706,191.71315002441406
63134,2935,17.0,17,0.2003153333333333,0.6699851751327515,190.37643432617188
63151,2936,17.0,17,0.20009999999999994,2.5144574642181396,180.90206909179688
63163,2937,12.0,12,0.19994800000000001,2.5958168506622314,183.80125427246094
63182,2938,19.0,19,0.19970733333333335,2.129603862762451,187.87225341796875
63247,2939,65.0,65,0.19888399999999995,4.096505165100098,188.1292266845703
63273,2940,26.0,26,0.19855466666666666,0.6860668659210205,182.90072631835938
63287,2941,14.0,14,0.1983773333333333,0.9164482355117798,191.01470947265625
63316,2942,29.0,29,0.19801000000000002,3.032532215118408,189.7867431640625
63342,2943,26.0,26,0.19768066666666662,0.8608089685440063,184.6781005859375
63352,2944,10.0,10,0.197554,1.2199375629425049,178.0314178466797
63379,2945,27.0,27,0.19721199999999994,2.533158779144287,174.3939666748047
63389,2946,10.0,10,0.19708533333333333,1.8563002347946167,192.3291473388672
63412,2947,23.0,23,0.19679400000000002,0.8180779814720154,181.15370178222656
63446,2948,34.0,34,0.19636333333333333,0.39321959018707275,182.0433807373047
63470,2949,24.0,24,0.19605933333333336,2.959395408630371,184.31002807617188
63508,2950,38.0,38,0.19557800000000003,1.699073314666748,183.03460693359375
63540,2951,32.0,32,0.19517266666666666,0.626362681388855,193.22933959960938
63630,2952,90.0,90,0.19403266666666663,3.9572463035583496,190.42138671875
63686,2953,56.0,56,0.1933233333333333,3.2438957691192627,188.78504943847656
63755,2954,69.0,69,0.19244933333333336,2.3060314655303955,191.69607543945312
63766,2955,11.0,11,0.19230999999999998,1.1447861194610596,190.8101348876953
63827,2956,61.0,61,0.19153733333333334,3.328639507293701,188.2230987548828
63842,2957,15.0,15,0.1913473333333333,1.5763142108917236,178.2158660888672
63857,2958,15.0,15,0.1911573333333333,4.176097869873047,184.98825073242188
63869,2959,12.0,12,0.19100533333333336,0.7796316146850586,184.3812713623047
63937,2960,68.0,68,0.19014399999999998,2.071223735809326,189.54443359375
63975,2961,38.0,38,0.18966266666666665,0.3618108630180359,179.94288635253906
63991,2962,16.0,16,0.18945999999999996,2.3782758712768555,194.3013153076172
64003,2963,12.0,12,0.18930800000000003,0.6637170910835266,190.97573852539062
64039,2964,36.0,36,0.18885200000000002,3.6209616661071777,185.6346435546875
64130,2965,91.0,91,0.18769933333333333,3.29927921295166,196.45706176757812
64174,2966,44.0,44,0.18714200000000003,2.7629199028015137,190.7099609375
64204,2967,30.0,30,0.18676199999999998,4.208231449127197,190.4617919921875
64232,2968,28.0,28,0.18640733333333337,0.5805158615112305,194.1432647705078
64243,2969,11.0,11,0.186268,2.31302547454834,187.30332946777344
64270,2970,27.0,27,0.18592600000000004,0.7281661033630371,197.7977294921875
64282,2971,12.0,12,0.185774,2.0467607975006104,186.22073364257812
64332,2972,50.0,50,0.18514066666666662,0.927124559879303,188.50711059570312
64422,2973,90.0,90,0.1840006666666667,1.0501961708068848,196.63449096679688
64451,2974,29.0,29,0.18363333333333332,1.2905538082122803,197.30661010742188
64484,2975,33.0,33,0.18321533333333329,0.673503041267395,187.14739990234375
64495,2976,11.0,11,0.18307600000000002,4.660099983215332,190.63320922851562
64522,2977,27.0,27,0.18273399999999995,2.071802854537964,183.07745361328125
64553,2978,31.0,31,0.18234133333333336,1.7098126411437988,180.79591369628906
64566,2979,13.0,13,0.18217666666666665,0.7505986094474792,193.71392822265625
64582,2980,16.0,16,0.18197399999999997,0.6347225308418274,197.95941162109375
64675,2981,93.0,93,0.18079599999999996,1.7183427810668945,193.63723754882812
64685,2982,10.0,10,0.18066933333333335,2.133655071258545,187.4829864501953
64773,2983,88.0,88,0.17955466666666664,0.20346003770828247,190.6266632080078
64806,2984,33.0,33,0.1791366666666666,2.321613311767578,196.54873657226562
64837,2985,31.0,31,0.17874400000000001,2.000056266784668,184.82107543945312
64851,2986,14.0,14,0.17856666666666665,3.93148136138916,194.35777282714844
64947,2987,96.0,96,0.17735066666666666,0.7380362749099731,198.04299926757812
64962,2988,15.0,15,0.17716066666666663,0.4101235270500183,192.1678924560547
64975,2989,13.0,13,0.17699600000000004,0.6755622029304504,190.40859985351562
64985,2990,10.0,10,0.17686933333333332,0.4452729821205139,191.88595581054688
65000,2991,15.0,15,0.1766793333333333,5.7334418296813965,183.48031616210938
65029,2992,29.0,29,0.17631200000000002,2.942403793334961,194.3206024169922
65059,2993,30.0,30,0.17593199999999998,2.4202752113342285,193.52084350585938
65075,2994,16.0,16,0.1757293333333333,3.257054567337036,193.56857299804688
65094,2995,19.0,19,0.17548866666666663,1.1073087453842163,190.1171112060547
65111,2996,17.0,17,0.17527333333333328,0.42168283462524414,195.29473876953125
65123,2997,12.0,12,0.17512133333333335,2.3101062774658203,184.73898315429688
65137,2998,14.0,14,0.174944,1.6502907276153564,188.60330200195312
65162,2999,25.0,25,0.17462733333333336,0.8384877443313599,193.01229858398438
65194,3000,32.0,32,0.174222,4.876049995422363,190.10226440429688
65214,3001,20.0,20,0.17396866666666666,4.4011921882629395,181.83514404296875
65228,3002,14.0,14,0.1737913333333333,1.5970535278320312,193.3582763671875
65294,3003,66.0,66,0.17295533333333335,1.9608478546142578,185.8389892578125
65343,3004,49.0,49,0.17233466666666664,3.4760186672210693,186.20343017578125
65361,3005,18.0,18,0.17210666666666663,4.484848976135254,188.27008056640625
65452,3006,91.0,91,0.17095399999999994,3.433366537094116,186.35044860839844
65469,3007,17.0,17,0.1707386666666667,4.579864978790283,196.85598754882812
65507,3008,38.0,38,0.17025733333333337,2.138293981552124,195.98077392578125
65596,3009,89.0,89,0.16913,0.5259469151496887,187.2138671875
65608,3010,12.0,12,0.16897799999999996,2.6462619304656982,185.86468505859375
65651,3011,43.0,43,0.16843333333333332,0.44911664724349976,176.31195068359375
65665,3012,14.0,14,0.16825599999999996,1.4188172817230225,188.04205322265625
65757,3013,92.0,92,0.1670906666666666,2.106492280960083,195.86004638671875
65769,3014,12.0,12,0.16693866666666668,6.360617637634277,194.7058563232422
65858,3015,89.0,89,0.1658113333333333,1.6898174285888672,186.27984619140625
65909,3016,51.0,51,0.16516533333333328,0.7912752628326416,198.81216430664062
65923,3017,14.0,14,0.16498800000000002,0.37943464517593384,196.43588256835938
65939,3018,16.0,16,0.16478533333333334,0.7448074817657471,183.39797973632812
65951,3019,12.0,12,0.1646333333333333,3.407759428024292,195.8930206298828
66040,3020,89.0,89,0.16350600000000004,1.6511857509613037,195.23255920410156
66050,3021,10.0,10,0.16337933333333332,1.8852300643920898,183.80502319335938
66064,3022,14.0,14,0.16320199999999996,2.74116587638855,197.84373474121094
66108,3023,44.0,44,0.16264466666666666,3.7259397506713867,195.80026245117188
66163,3024,55.0,55,0.16194799999999998,0.5981379747390747,192.4592742919922
66181,3025,18.0,18,0.16171999999999997,1.0230231285095215,194.95208740234375
66223,3026,42.0,42,0.161188,3.06862211227417,190.7875518798828
66234,3027,11.0,11,0.16104866666666662,1.7976133823394775,185.19369506835938
66323,3028,89.0,89,0.15992133333333336,1.2556521892547607,182.52371215820312
66392,3029,69.0,69,0.15904733333333332,0.9311656355857849,190.3782958984375
66408,3030,16.0,16,0.15884466666666663,2.7121195793151855,194.11471557617188
66471,3031,63.0,63,0.15804666666666667,3.3884685039520264,194.5574493408203
66486,3032,15.0,15,0.15785666666666665,1.9505441188812256,192.78871154785156
66497,3033,11.0,11,0.15771733333333338,3.074971914291382,197.39639282226562
66590,3034,93.0,93,0.15653933333333336,4.37594747543335,199.10379028320312
66638,3035,48.0,48,0.1559313333333333,3.253218650817871,199.00637817382812
66664,3036,26.0,26,0.15560200000000002,4.027957439422607,198.69029235839844
66702,3037,38.0,38,0.15512066666666668,0.20571176707744598,197.25466918945312
66745,3038,43.0,43,0.15457599999999994,0.8965616822242737,195.40396118164062
66769,3039,24.0,24,0.15427199999999996,5.241190433502197,187.9730682373047
66809,3040,40.0,40,0.1537653333333333,2.4666664600372314,198.2041015625
66848,3041,39.0,39,0.15327133333333331,5.382598400115967,190.43109130859375
66860,3042,12.0,12,0.15311933333333327,3.015071153640747,192.6185302734375
66948,3043,88.0,88,0.15200466666666668,1.3029402494430542,192.4424591064453
66967,3044,19.0,19,0.151764,2.9518723487854004,195.89102172851562
67023,3045,56.0,56,0.15105466666666667,3.0016541481018066,191.56629943847656
67045,3046,22.0,22,0.15077600000000002,1.2139391899108887,195.10122680664062
67106,3047,61.0,61,0.15000333333333338,2.3002161979675293,197.31439208984375
67124,3048,18.0,18,0.14977533333333337,3.307945966720581,192.53907775878906
67137,3049,13.0,13,0.14961066666666667,0.8040533065795898,201.05897521972656
67163,3050,26.0,26,0.14928133333333338,1.54978609085083,200.7594757080078
67186,3051,23.0,23,0.14898999999999996,2.011491298675537,200.97637939453125
67277,3052,91.0,91,0.14783733333333338,1.3291102647781372,200.50567626953125
67325,3053,48.0,48,0.14722933333333332,0.8912409543991089,200.36676025390625
67412,3054,87.0,87,0.14612733333333328,1.9295291900634766,197.1285400390625
67430,3055,18.0,18,0.14589933333333327,1.557316780090332,196.36915588378906
67445,3056,15.0,15,0.14570933333333336,0.6676350831985474,199.4710693359375
67488,3057,43.0,43,0.1451646666666666,0.2690109610557556,202.84906005859375
67509,3058,21.0,21,0.14489866666666662,2.9802026748657227,194.02413940429688
67523,3059,14.0,14,0.14472133333333337,1.8854660987854004,193.6484375
67541,3060,18.0,18,0.14449333333333336,1.8123220205307007,200.11700439453125
67600,3061,59.0,59,0.14374600000000004,0.4157845675945282,195.90867614746094
67619,3062,19.0,19,0.14350533333333337,0.5999472141265869,195.41348266601562
67711,3063,92.0,92,0.14234000000000002,0.1661015748977661,193.4937744140625
67727,3064,16.0,16,0.14213733333333334,5.962486267089844,190.57504272460938
67779,3065,52.0,52,0.14147866666666664,2.0380406379699707,190.92369079589844
67792,3066,13.0,13,0.14131399999999994,1.4982774257659912,203.18603515625
67807,3067,15.0,15,0.14112400000000003,2.6305129528045654,196.98464965820312
67826,3068,19.0,19,0.14088333333333336,0.2668248414993286,204.9698028564453
67918,3069,92.0,92,0.139718,2.082306385040283,191.9066925048828
68004,3070,86.0,86,0.13862866666666662,2.8075146675109863,197.839111328125
68079,3071,75.0,75,0.13767866666666662,3.6448662281036377,201.78280639648438
68110,3072,31.0,31,0.13728600000000002,3.2551286220550537,196.4199981689453
68153,3073,43.0,43,0.13674133333333327,5.7123823165893555,190.4497528076172
68231,3074,78.0,78,0.13575333333333328,0.3832710087299347,193.5543975830078
68245,3075,14.0,14,0.13557600000000003,2.235654354095459,188.43092346191406
68269,3076,24.0,24,0.13527199999999995,0.6781540513038635,207.91519165039062
68305,3077,36.0,36,0.13481599999999994,1.9446935653686523,201.43177795410156
68316,3078,11.0,11,0.13467666666666667,2.645416259765625,202.5711669921875
68377,3079,61.0,61,0.13390400000000002,2.2225284576416016,196.40536499023438
68403,3080,26.0,26,0.13357466666666662,0.861397922039032,200.13662719726562
68416,3081,13.0,13,0.13341000000000003,3.1218607425689697,192.2578887939453
68430,3082,14.0,14,0.13323266666666667,0.35637104511260986,198.9634246826172
68447,3083,17.0,17,0.13301733333333332,4.098764419555664,189.00753784179688
68479,3084,32.0,32,0.13261199999999995,2.920928955078125,193.29248046875
68524,3085,45.0,45,0.132042,5.228395462036133,188.3980255126953
68618,3086,94.0,94,0.13085133333333332,2.140198230743408,205.52584838867188
68631,3087,13.0,13,0.13068666666666662,1.9534741640090942,197.76583862304688
68692,3088,61.0,61,0.12991399999999997,0.4376921057701111,200.24688720703125
68783,3089,91.0,91,0.12876133333333328,3.1716129779815674,192.6241912841797
68806,3090,23.0,23,0.12846999999999997,0.3259275555610657,198.74600219726562
68816,3091,10.0,10,0.12834333333333336,2.5290048122406006,193.00909423828125
68877,3092,61.0,61,0.1275706666666666,0.2257421910762787,196.0462188720703
68915,3093,38.0,38,0.12708933333333328,0.4893661439418793,200.0543975830078
68946,3094,31.0,31,0.12669666666666668,3.678293228149414,193.8226318359375
68963,3095,17.0,17,0.12648133333333333,1.797624111175537,199.5679931640625
68975,3096,12.0,12,0.1263293333333333,0.637165367603302,191.60670471191406
68991,3097,16.0,16,0.1261266666666666,1.9462409019470215,198.03826904296875
69005,3098,14.0,14,0.12594933333333336,0.5952656865119934,192.29132080078125
69038,3099,33.0,33,0.12553133333333333,0.38614916801452637,205.8854217529297
69089,3100,51.0,51,0.12488533333333329,2.8987507820129395,197.01824951171875
69104,3101,15.0,15,0.12469533333333327,0.9016744494438171,186.25286865234375
69121,3102,17.0,17,0.12448000000000004,0.9303830862045288,200.11923217773438
69205,3103,84.0,84,0.12341599999999997,0.18927207589149475,200.48617553710938
69226,3104,21.0,21,0.12314999999999998,0.5462844371795654,198.2810821533203
69263,3105,37.0,37,0.12268133333333331,3.8731560707092285,193.23870849609375
69290,3106,27.0,27,0.12233933333333336,2.6213114261627197,202.81813049316406
69304,3107,14.0,14,0.12216199999999999,2.9606807231903076,198.5814666748047
69365,3108,61.0,61,0.12138933333333335,2.386509656906128,202.0544891357422
69448,3109,83.0,83,0.12033799999999995,0.32542330026626587,202.986328125
69463,3110,15.0,15,0.12014800000000003,1.062604546546936,193.86619567871094
69500,3111,37.0,37,0.11967933333333336,0.2944050133228302,204.58566284179688
69548,3112,48.0,48,0.1190713333333333,1.383407711982727,197.5543670654297
69642,3113,94.0,94,0.11788066666666663,3.4593753814697266,194.44606018066406
69729,3114,87.0,87,0.1167786666666667,2.2676451206207275,204.58694458007812
69782,3115,53.0,53,0.11610733333333334,1.481816053390503,202.4820556640625
69881,3116,99.0,99,0.11485333333333336,2.043337106704712,208.00503540039062
69919,3117,38.0,38,0.11437200000000003,0.208971306681633,201.92987060546875
69934,3118,15.0,15,0.114182,2.362382173538208,194.6541290283203
69957,3119,23.0,23,0.1138906666666667,1.2586123943328857,199.10743713378906
69986,3120,29.0,29,0.11352333333333331,0.49534866213798523,199.332275390625
70019,3121,33.0,33,0.11310533333333328,0.8792530298233032,195.48464965820312
70072,3122,53.0,53,0.11243400000000003,3.7837891578674316,193.829345703125
70160,3123,88.0,88,0.11131933333333333,1.1342425346374512,194.56280517578125
70181,3124,21.0,21,0.11105333333333334,3.242926597595215,197.19467163085938
70193,3125,12.0,12,0.1109013333333333,0.26279163360595703,200.82406616210938
70282,3126,89.0,89,0.10977400000000004,3.8880810737609863,186.12625122070312
70331,3127,49.0,49,0.10915333333333332,1.447680115699768,195.90255737304688
70419,3128,88.0,88,0.10803866666666662,1.7487475872039795,196.9561309814453
70465,3129,46.0,46,0.107456,2.816892623901367,193.67178344726562
70567,3130,102.0,102,0.10616400000000004,2.304218292236328,192.6807861328125
70658,3131,91.0,91,0.10501133333333335,4.769683837890625,194.18856811523438
70669,3132,11.0,11,0.10487199999999997,0.5404160022735596,196.57177734375
70685,3133,16.0,16,0.10466933333333328,0.43178635835647583,206.28289794921875
70710,3134,25.0,25,0.10435266666666665,2.4111146926879883,197.50680541992188
70754,3135,44.0,44,0.10379533333333335,1.4935121536254883,202.65435791015625
70840,3136,86.0,86,0.10270599999999996,1.6256862878799438,194.0901336669922
70887,3137,47.0,47,0.10211066666666668,0.17885853350162506,199.72024536132812
70911,3138,24.0,24,0.10180666666666671,1.3204764127731323,197.4382781982422
71001,3139,90.0,90,0.10066666666666668,2.2924575805664062,201.28591918945312
71024,3140,23.0,23,0.10037533333333337,1.1909425258636475,199.92262268066406
71043,3141,19.0,19,0.1001346666666667,3.23598051071167,195.5606689453125
71131,3142,88.0,88,0.09902,2.702648162841797,202.20912170410156
71198,3143,67.0,67,0.09817133333333328,0.5952116250991821,198.7337188720703
71286,3144,88.0,88,0.09705666666666668,0.33271124958992004,197.03005981445312
71372,3145,86.0,86,0.0959673333333333,1.2180616855621338,201.71697998046875
71457,3146,85.0,85,0.09489066666666668,4.124019145965576,191.84170532226562
71530,3147,73.0,73,0.093966,2.613861560821533,199.6207733154297
71540,3148,10.0,10,0.09383933333333327,4.734825611114502,201.13780212402344
71596,3149,56.0,56,0.09312999999999994,1.3161978721618652,186.68150329589844
71685,3150,89.0,89,0.09200266666666668,3.745929718017578,193.90573120117188
71723,3151,38.0,38,0.09152133333333334,2.103762149810791,201.39109802246094
71737,3152,14.0,14,0.09134399999999998,3.582242012023926,196.86074829101562
71789,3153,52.0,52,0.09068533333333328,0.12553264200687408,198.79776000976562
71808,3154,19.0,19,0.09044466666666662,3.801659345626831,195.456298828125
71849,3155,41.0,41,0.0899253333333333,0.2752693295478821,200.596435546875
71860,3156,11.0,11,0.08978600000000003,4.530023097991943,193.423828125
71874,3157,14.0,14,0.08960866666666667,2.3937830924987793,205.83560180664062
71893,3158,19.0,19,0.089368,3.7022409439086914,196.22174072265625
71979,3159,86.0,86,0.08827866666666662,2.8116846084594727,199.8382568359375
72043,3160,64.0,64,0.08746799999999999,1.185218095779419,192.58279418945312
72104,3161,61.0,61,0.08669533333333335,0.29332461953163147,201.780029296875
72202,3162,98.0,98,0.08545400000000003,1.5300525426864624,199.10263061523438
72274,3163,72.0,72,0.084542,0.5681739449501038,199.95387268066406
72327,3164,53.0,53,0.08387066666666665,1.0935347080230713,198.56814575195312
72420,3165,93.0,93,0.08269266666666664,2.5402536392211914,202.39703369140625
72513,3166,93.0,93,0.08151466666666662,0.5441843271255493,189.1595001220703
72548,3167,35.0,35,0.08107133333333327,3.1703336238861084,202.0125274658203
72636,3168,88.0,88,0.07995666666666668,0.4163322448730469,206.18817138671875
72668,3169,32.0,32,0.07955133333333331,4.272917747497559,198.0570831298828
72711,3170,43.0,43,0.07900666666666667,2.4453277587890625,191.80718994140625
72725,3171,14.0,14,0.0788293333333333,4.4482855796813965,190.63583374023438
72818,3172,93.0,93,0.0776513333333333,0.39973002672195435,199.3546142578125
72912,3173,94.0,94,0.07646066666666662,3.119516134262085,199.3560791015625
73005,3174,93.0,93,0.07528266666666661,2.3029141426086426,207.09310913085938
73022,3175,17.0,17,0.07506733333333337,2.571377992630005,191.29637145996094
73093,3176,71.0,71,0.07416800000000001,0.8814519643783569,194.91978454589844
73182,3177,89.0,89,0.07304066666666664,0.786791980266571,199.22314453125
73193,3178,11.0,11,0.07290133333333337,4.425004005432129,199.4821014404297
73281,3179,88.0,88,0.07178666666666667,5.685446739196777,195.63223266601562
73373,3180,92.0,92,0.07062133333333331,5.008970260620117,195.91383361816406
73457,3181,84.0,84,0.06955733333333336,4.512238502502441,194.3607635498047
73475,3182,18.0,18,0.06932933333333335,4.019704818725586,200.16232299804688
73506,3183,31.0,31,0.06893666666666665,0.190199077129364,194.89126586914062
73557,3184,51.0,51,0.06829066666666661,0.4221039414405823,196.48870849609375
73572,3185,15.0,15,0.0681006666666667,0.4866905212402344,197.6954345703125
73646,3186,74.0,74,0.06716333333333335,1.7161519527435303,193.89456176757812
73719,3187,73.0,73,0.06623866666666667,2.765902519226074,196.56703186035156
73811,3188,92.0,92,0.06507333333333332,2.8326311111450195,200.38072204589844
73903,3189,92.0,92,0.06390799999999996,2.320950746536255,194.06842041015625
73962,3190,59.0,59,0.06316066666666664,2.163597583770752,201.57510375976562
74037,3191,75.0,75,0.062210666666666636,4.10997200012207,194.5789794921875
74099,3192,62.0,62,0.06142533333333333,6.689783096313477,202.60919189453125
74124,3193,25.0,25,0.0611086666666667,2.380847454071045,191.9080810546875
74216,3194,92.0,92,0.05994333333333335,5.575855255126953,193.88394165039062
74307,3195,91.0,91,0.05879066666666666,4.416049003601074,200.0441436767578
74396,3196,89.0,89,0.05766333333333329,1.3820534944534302,199.03582763671875
74489,3197,93.0,93,0.056485333333333276,2.6836605072021484,193.2688751220703
74578,3198,89.0,89,0.05535800000000002,0.5789506435394287,200.4527130126953
74673,3199,95.0,95,0.054154666666666684,5.155912399291992,202.07284545898438
74773,3200,100.0,100,0.052887999999999935,0.24209818243980408,195.8589630126953
74824,3201,51.0,51,0.05224200000000001,4.8007426261901855,194.45834350585938
74917,3202,93.0,93,0.051064,1.643404483795166,198.94361877441406
74952,3203,35.0,35,0.05062066666666665,1.8811366558074951,194.59954833984375
75045,3204,93.0,93,0.05,1.6081695556640625,194.8116455078125
75061,3205,16.0,16,0.05,2.535527467727661,197.59799194335938
75152,3206,91.0,91,0.05,2.4225351810455322,200.072021484375
75188,3207,36.0,36,0.05,1.5941840410232544,196.7677764892578
75233,3208,45.0,45,0.05,0.4573442339897156,198.29708862304688
75255,3209,22.0,22,0.05,0.5274894833564758,189.68789672851562
75318,3210,63.0,63,0.05,0.9872865676879883,193.8442840576172
75337,3211,19.0,19,0.05,0.34380900859832764,198.6025848388672
75423,3212,86.0,86,0.05,0.33647337555885315,194.6888427734375
75469,3213,46.0,46,0.05,2.3216464519500732,194.68838500976562
75562,3214,93.0,93,0.05,0.42110443115234375,197.22763061523438
75620,3215,58.0,58,0.05,1.4320120811462402,199.51951599121094
75674,3216,54.0,54,0.05,0.24883592128753662,205.42098999023438
75751,3217,77.0,77,0.05,0.24862763285636902,199.62222290039062
75844,3218,93.0,93,0.05,2.094949722290039,195.57357788085938
75868,3219,24.0,24,0.05,2.3214268684387207,198.517333984375
75960,3220,92.0,92,0.05,4.861903190612793,199.09373474121094
76059,3221,99.0,99,0.05,1.9257588386535645,203.82411193847656
76102,3222,43.0,43,0.05,6.155611515045166,197.51622009277344
76197,3223,95.0,95,0.05,0.35341814160346985,203.50111389160156
76290,3224,93.0,93,0.05,3.9081292152404785,199.7270050048828
76386,3225,96.0,96,0.05,3.030410051345825,198.5850830078125
76425,3226,39.0,39,0.05,0.23649777472019196,201.68621826171875
76440,3227,15.0,15,0.05,3.517972946166992,199.38873291015625
76499,3228,59.0,59,0.05,0.097165547311306,194.73049926757812
76572,3229,73.0,73,0.05,0.16006489098072052,193.864990234375
76602,3230,30.0,30,0.05,1.8498297929763794,198.9905548095703
76702,3231,100.0,100,0.05,0.44635823369026184,197.06634521484375
76740,3232,38.0,38,0.05,0.29091253876686096,198.62445068359375
76786,3233,46.0,46,0.05,0.18478038907051086,194.5647430419922
76879,3234,93.0,93,0.05,2.6525497436523438,194.696533203125
76967,3235,88.0,88,0.05,3.0061089992523193,196.10084533691406
77060,3236,93.0,93,0.05,3.7394652366638184,200.26641845703125
77070,3237,10.0,10,0.05,1.0500421524047852,197.70394897460938
77162,3238,92.0,92,0.05,1.0742998123168945,198.7507781982422
77214,3239,52.0,52,0.05,1.1971051692962646,191.15487670898438
77305,3240,91.0,91,0.05,0.22675472497940063,191.01011657714844
77395,3241,90.0,90,0.05,0.36370140314102173,197.38723754882812
77476,3242,81.0,81,0.05,0.6476693749427795,193.91830444335938
77575,3243,99.0,99,0.05,0.20054836571216583,191.7292022705078
77670,3244,95.0,95,0.05,2.4653923511505127,195.39303588867188
77763,3245,93.0,93,0.05,0.44790756702423096,198.31866455078125
77816,3246,53.0,53,0.05,1.4609909057617188,197.79461669921875
77875,3247,59.0,59,0.05,0.7477629780769348,199.65101623535156
77967,3248,92.0,92,0.05,0.09043599665164948,197.62648010253906
77997,3249,30.0,30,0.05,1.9299207925796509,199.21435546875
78059,3250,62.0,62,0.05,0.4893629252910614,195.27886962890625
78071,3251,12.0,12,0.05,4.622124671936035,193.7640838623047
78159,3252,88.0,88,0.05,1.8458930253982544,191.3413543701172
78249,3253,90.0,90,0.05,4.596909046173096,195.2022705078125
78335,3254,86.0,86,0.05,1.887361764907837,194.81886291503906
78423,3255,88.0,88,0.05,2.6477246284484863,197.38816833496094
78480,3256,57.0,57,0.05,3.846921443939209,195.2417449951172
78569,3257,89.0,89,0.05,0.3817262053489685,194.2030029296875
78658,3258,89.0,89,0.05,3.7210607528686523,194.56118774414062
78743,3259,85.0,85,0.05,2.391660213470459,193.42709350585938
78818,3260,75.0,75,0.05,0.38434040546417236,191.37564086914062
78903,3261,85.0,85,0.05,0.09377831220626831,193.4920654296875
78978,3262,75.0,75,0.05,3.1481826305389404,189.55313110351562
78996,3263,18.0,18,0.05,0.7767922878265381,195.17236328125
79015,3264,19.0,19,0.05,1.7400619983673096,196.27194213867188
79103,3265,88.0,88,0.05,1.7888551950454712,187.76950073242188
79197,3266,94.0,94,0.05,4.565971374511719,193.7115478515625
79254,3267,57.0,57,0.05,0.2635836601257324,194.11521911621094
79311,3268,57.0,57,0.05,0.10398481041193008,196.9169921875
79341,3269,30.0,30,0.05,0.6705338954925537,187.5590362548828
79433,3270,92.0,92,0.05,0.27366185188293457,194.6799774169922
79527,3271,94.0,94,0.05,0.1724584996700287,188.75021362304688
79620,3272,93.0,93,0.05,1.1947574615478516,191.2319793701172
79636,3273,16.0,16,0.05,0.056608814746141434,196.0111083984375
79694,3274,58.0,58,0.05,3.544262409210205,189.37814331054688
79787,3275,93.0,93,0.05,0.4388695955276489,194.6395721435547
79819,3276,32.0,32,0.05,0.13570979237556458,194.250244140625
79867,3277,48.0,48,0.05,2.0744078159332275,189.6487274169922
79954,3278,87.0,87,0.05,1.5483890771865845,193.28884887695312
80050,3279,96.0,96,0.05,2.032919406890869,189.9563446044922
80091,3280,41.0,41,0.05,4.064647674560547,195.7550811767578
80112,3281,21.0,21,0.05,0.3408049941062927,192.57310485839844
80209,3282,97.0,97,0.05,0.2742626368999481,193.78591918945312
80298,3283,89.0,89,0.05,1.4154016971588135,192.34390258789062
80388,3284,90.0,90,0.05,0.3711286783218384,194.1080780029297
80443,3285,55.0,55,0.05,2.3715708255767822,193.13575744628906
80539,3286,96.0,96,0.05,1.7730308771133423,190.9015350341797
80634,3287,95.0,95,0.05,1.6157368421554565,188.52793884277344
80679,3288,45.0,45,0.05,1.610237956047058,190.91127014160156
80769,3289,90.0,90,0.05,0.8516800403594971,191.419189453125
80867,3290,98.0,98,0.05,1.8507938385009766,189.42462158203125
80972,3291,105.0,105,0.05,1.2892831563949585,191.87966918945312
81080,3292,108.0,108,0.05,4.703416347503662,185.43795776367188
81180,3293,100.0,100,0.05,2.1195309162139893,189.34471130371094
81281,3294,101.0,101,0.05,1.8955329656600952,182.2543487548828
81376,3295,95.0,95,0.05,0.9239336252212524,188.76248168945312
81469,3296,93.0,93,0.05,4.03358268737793,187.4675750732422
81514,3297,45.0,45,0.05,1.4650427103042603,187.4765625
81605,3298,91.0,91,0.05,2.0768027305603027,190.11148071289062
81683,3299,78.0,78,0.05,1.7549363374710083,187.129638671875
81754,3300,71.0,71,0.05,0.8717782497406006,183.2406005859375
81842,3301,88.0,88,0.05,0.12638665735721588,190.906982421875
81867,3302,25.0,25,0.05,0.8239725828170776,181.61575317382812
81920,3303,53.0,53,0.05,0.7951135039329529,186.6763153076172
81965,3304,45.0,45,0.05,1.4753389358520508,185.51820373535156
82055,3305,90.0,90,0.05,0.11672469973564148,187.27139282226562
82147,3306,92.0,92,0.05,1.5244410037994385,190.2901611328125
82240,3307,93.0,93,0.05,3.00449800491333,188.48834228515625
82287,3308,47.0,47,0.05,0.29977381229400635,186.87298583984375
82309,3309,22.0,22,0.05,1.4321818351745605,186.2131805419922
82360,3310,51.0,51,0.05,0.21485283970832825,187.5644989013672
82459,3311,99.0,99,0.05,1.6367542743682861,186.65103149414062
82554,3312,95.0,95,0.05,0.6324342489242554,185.08413696289062
82644,3313,90.0,90,0.05,0.43331727385520935,186.32272338867188
82736,3314,92.0,92,0.05,0.36188971996307373,181.15109252929688
82828,3315,92.0,92,0.05,1.6744197607040405,184.79843139648438
82927,3316,99.0,99,0.05,1.464635968208313,188.60543823242188
82984,3317,57.0,57,0.05,2.0775258541107178,184.54611206054688
83074,3318,90.0,90,0.05,1.9882972240447998,183.43052673339844
83174,3319,100.0,100,0.05,0.18675677478313446,186.01852416992188
83276,3320,102.0,102,0.05,0.40655967593193054,182.17562866210938
83370,3321,94.0,94,0.05,3.009310245513916,183.97061157226562
83414,3322,44.0,44,0.05,1.8542214632034302,181.15330505371094
83469,3323,55.0,55,0.05,2.449605941772461,182.6777801513672
83557,3324,88.0,88,0.05,1.6430351734161377,182.78990173339844
83664,3325,107.0,107,0.05,2.8669261932373047,182.12966918945312
83770,3326,106.0,106,0.05,0.8070318102836609,181.456787109375
83841,3327,71.0,71,0.05,3.3835086822509766,185.2646484375
83949,3328,108.0,108,0.05,0.39165523648262024,181.55679321289062
84042,3329,93.0,93,0.05,2.8375167846679688,184.7361297607422
84135,3330,93.0,93,0.05,0.2545021176338196,181.88552856445312
84226,3331,91.0,91,0.05,0.060940198600292206,184.4425048828125
84319,3332,93.0,93,0.05,0.7950289249420166,183.8885040283203
84410,3333,91.0,91,0.05,0.47160670161247253,183.22662353515625
84489,3334,79.0,79,0.05,0.32352471351623535,176.40411376953125
84502,3335,13.0,13,0.05,3.349583625793457,181.41136169433594
84596,3336,94.0,94,0.05,1.4088802337646484,183.917724609375
84698,3337,102.0,102,0.05,1.3818373680114746,183.06930541992188
84797,3338,99.0,99,0.05,0.33496320247650146,177.858642578125
84900,3339,103.0,103,0.05,1.4707145690917969,182.76168823242188
85003,3340,103.0,103,0.05,4.464714050292969,182.09625244140625
85103,3341,100.0,100,0.05,2.6691272258758545,180.53692626953125
85180,3342,77.0,77,0.05,0.22865504026412964,181.43218994140625
85289,3343,109.0,109,0.05,1.3679875135421753,180.84133911132812
85306,3344,17.0,17,0.05,1.4589612483978271,181.92025756835938
85424,3345,118.0,118,0.05,0.22030678391456604,176.88232421875
85531,3346,107.0,107,0.05,0.3177981674671173,179.0006561279297
85639,3347,108.0,108,0.05,1.3499255180358887,178.97555541992188
85741,3348,102.0,102,0.05,2.824702739715576,178.9378662109375
85855,3349,114.0,114,0.05,3.8641772270202637,179.16722106933594
85972,3350,117.0,117,0.05,1.5245516300201416,179.60443115234375
86031,3351,59.0,59,0.05,0.3788502812385559,175.41299438476562
86138,3352,107.0,107,0.05,1.7395508289337158,176.12681579589844
86254,3353,116.0,116,0.05,0.21761733293533325,178.37850952148438
86322,3354,68.0,68,0.05,0.20332658290863037,174.28082275390625
86427,3355,105.0,105,0.05,4.534019947052002,177.11752319335938
86531,3356,104.0,104,0.05,1.4657231569290161,175.9542236328125
86622,3357,91.0,91,0.05,2.0009419918060303,173.8984375
86718,3358,96.0,96,0.05,3.3433241844177246,175.950927734375
86805,3359,87.0,87,0.05,0.07012604176998138,177.289306640625
86890,3360,85.0,85,0.05,0.09895665943622589,178.07684326171875
86960,3361,70.0,70,0.05,0.4979887008666992,174.94247436523438
86979,3362,19.0,19,0.05,1.340833067893982,177.89154052734375
87034,3363,55.0,55,0.05,1.4498355388641357,178.51710510253906
87120,3364,86.0,86,0.05,0.37143293023109436,177.28793334960938
87180,3365,60.0,60,0.05,1.2919737100601196,176.7980194091797
87199,3366,19.0,19,0.05,0.8964948654174805,174.36814880371094
87287,3367,88.0,88,0.05,4.20146369934082,175.0817108154297
87307,3368,20.0,20,0.05,1.2852447032928467,175.66455078125
87401,3369,94.0,94,0.05,0.07142629474401474,175.92152404785156
87489,3370,88.0,88,0.05,0.06729860603809357,174.17208862304688
87588,3371,99.0,99,0.05,0.22610877454280853,172.09886169433594
87686,3372,98.0,98,0.05,0.08810742199420929,173.50421142578125
87707,3373,21.0,21,0.05,1.7030285596847534,174.39366149902344
87786,3374,79.0,79,0.05,5.145567893981934,171.80422973632812
87849,3375,63.0,63,0.05,0.04786229878664017,174.99111938476562
87938,3376,89.0,89,0.05,0.3571311831474304,173.0869598388672
88031,3377,93.0,93,0.05,3.723762273788452,173.05299377441406
88133,3378,102.0,102,0.05,0.09492722898721695,171.67494201660156
88236,3379,103.0,103,0.05,1.6841802597045898,173.2222900390625
88342,3380,106.0,106,0.05,1.2601748704910278,168.48904418945312
88440,3381,98.0,98,0.05,0.4422759413719177,170.4521942138672
88526,3382,86.0,86,0.05,0.4184047281742096,169.32406616210938
88576,3383,50.0,50,0.05,0.5792489051818848,168.67869567871094
88664,3384,88.0,88,0.05,0.15688641369342804,169.7467041015625
88679,3385,15.0,15,0.05,0.0897817388176918,171.34365844726562
88708,3386,29.0,29,0.05,1.2958195209503174,171.86630249023438
88802,3387,94.0,94,0.05,0.07431549578905106,172.51004028320312
88824,3388,22.0,22,0.05,0.11777006089687347,172.2402801513672
88840,3389,16.0,16,0.05,3.635204315185547,169.12847900390625
88890,3390,50.0,50,0.05,1.3936717510223389,170.51644897460938
88971,3391,81.0,81,0.05,0.46189063787460327,168.3687744140625
89013,3392,42.0,42,0.05,1.4672220945358276,170.638671875
89046,3393,33.0,33,0.05,1.356232762336731,169.4502410888672
89109,3394,63.0,63,0.05,2.433558702468872,170.31773376464844
89176,3395,67.0,67,0.05,1.6672354936599731,170.26480102539062
89235,3396,59.0,59,0.05,0.30581504106521606,167.26559448242188
89325,3397,90.0,90,0.05,2.2362375259399414,165.22474670410156
89346,3398,21.0,21,0.05,0.2556595206260681,167.61544799804688
89442,3399,96.0,96,0.05,1.191146731376648,168.55332946777344
89531,3400,89.0,89,0.05,0.07932629436254501,168.24545288085938
89621,3401,90.0,90,0.05,2.837954521179199,168.8177947998047
89712,3402,91.0,91,0.05,2.161914587020874,170.6622314453125
89778,3403,66.0,66,0.05,1.7260792255401611,168.5152130126953
89818,3404,40.0,40,0.05,1.2174416780471802,168.546142578125
89876,3405,58.0,58,0.05,1.2801306247711182,166.10960388183594
89891,3406,15.0,15,0.05,0.18582817912101746,168.495361328125
89940,3407,49.0,49,0.05,2.434277057647705,167.66107177734375
90018,3408,78.0,78,0.05,0.09661312401294708,167.60122680664062
90105,3409,87.0,87,0.05,1.2957990169525146,165.76409912109375
90196,3410,91.0,91,0.05,1.8781875371932983,167.8968048095703
90285,3411,89.0,89,0.05,1.16475510597229,166.9691162109375
90378,3412,93.0,93,0.05,0.6991297006607056,166.66452026367188
90473,3413,95.0,95,0.05,1.1438426971435547,167.43112182617188
90501,3414,28.0,28,0.05,0.2428302764892578,168.05999755859375
90601,3415,100.0,100,0.05,0.14162681996822357,162.30923461914062
90616,3416,15.0,15,0.05,0.5002343654632568,163.91612243652344
90719,3417,103.0,103,0.05,0.20453086495399475,166.60964965820312
90819,3418,100.0,100,0.05,1.3189464807510376,165.6588592529297
90914,3419,95.0,95,0.05,3.093644142150879,162.7206268310547
91011,3420,97.0,97,0.05,3.3720173835754395,161.4680633544922
91028,3421,17.0,17,0.05,2.261528730392456,165.3803253173828
91055,3422,27.0,27,0.05,1.2021833658218384,161.5791473388672
91153,3423,98.0,98,0.05,1.1574938297271729,166.47247314453125
91254,3424,101.0,101,0.05,2.261258840560913,162.41552734375
91279,3425,25.0,25,0.05,0.3001587390899658,162.70712280273438
91371,3426,92.0,92,0.05,0.09868790954351425,165.6414337158203
91425,3427,54.0,54,0.05,2.3513457775115967,165.77407836914062
91443,3428,18.0,18,0.05,1.1269809007644653,163.36190795898438
91528,3429,85.0,85,0.05,1.2358834743499756,162.1782684326172
91618,3430,90.0,90,0.05,0.12880665063858032,164.58627319335938
91710,3431,92.0,92,0.05,3.5058672428131104,162.67311096191406
91796,3432,86.0,86,0.05,2.4553749561309814,160.85052490234375
91884,3433,88.0,88,0.05,3.5701744556427,159.7505645751953
91976,3434,92.0,92,0.05,0.09077057242393494,160.97747802734375
92070,3435,94.0,94,0.05,3.4061670303344727,160.93331909179688
92170,3436,100.0,100,0.05,0.17296984791755676,160.70425415039062
92263,3437,93.0,93,0.05,3.240403175354004,163.13677978515625
92364,3438,101.0,101,0.05,1.3808882236480713,159.94607543945312
92466,3439,102.0,102,0.05,1.5757999420166016,160.0275115966797
92560,3440,94.0,94,0.05,2.5100159645080566,158.78582763671875
92655,3441,95.0,95,0.05,3.5994882583618164,162.10794067382812
92749,3442,94.0,94,0.05,1.1471898555755615,158.6344451904297
92862,3443,113.0,113,0.05,1.2633839845657349,159.63351440429688
92979,3444,117.0,117,0.05,0.042708709836006165,161.477783203125
93087,3445,108.0,108,0.05,1.0975029468536377,161.8184356689453
93203,3446,116.0,116,0.05,0.19664865732192993,155.787109375
93319,3447,116.0,116,0.05,1.7828389406204224,158.90847778320312
93330,3448,11.0,11,0.05,0.10193239152431488,160.32737731933594
93369,3449,39.0,39,0.05,1.1815242767333984,158.84622192382812
93475,3450,106.0,106,0.05,1.585456371307373,160.93423461914062
93577,3451,102.0,102,0.05,2.177586555480957,157.42318725585938
93676,3452,99.0,99,0.05,1.4577715396881104,158.78640747070312
93694,3453,18.0,18,0.05,0.831246018409729,158.2738037109375
93837,3454,143.0,143,0.05,2.1381912231445312,153.9359130859375
93942,3455,105.0,105,0.05,3.1841280460357666,156.52578735351562
94045,3456,103.0,103,0.05,4.209960460662842,157.0506591796875
94158,3457,113.0,113,0.05,1.1778959035873413,155.31729125976562
94288,3458,130.0,130,0.05,2.0673346519470215,157.45069885253906
94308,3459,20.0,20,0.05,0.0882997140288353,157.35711669921875
94426,3460,118.0,118,0.05,1.1505812406539917,156.3980255126953
94566,3461,140.0,140,0.05,1.1703020334243774,152.07872009277344
94722,3462,156.0,156,0.05,3.2225794792175293,153.39820861816406
94965,3463,243.0,243,0.05,5.0787739753723145,151.67926025390625
95229,3464,264.0,264,0.05,1.0476415157318115,151.8814697265625
95346,3465,117.0,117,0.05,1.0116890668869019,153.00450134277344
95493,3466,147.0,147,0.05,1.974142074584961,149.01358032226562
95513,3467,20.0,20,0.05,0.42933160066604614,151.20068359375
95568,3468,55.0,55,0.05,0.9605919122695923,150.35549926757812
95658,3469,90.0,90,0.05,1.0020997524261475,150.95912170410156
95765,3470,107.0,107,0.05,0.14454057812690735,150.34716796875
95817,3471,52.0,52,0.05,2.152970552444458,149.08181762695312
95893,3472,76.0,76,0.05,0.9346248507499695,152.54713439941406
95904,3473,11.0,11,0.05,0.9614309668540955,151.27297973632812
95963,3474,59.0,59,0.05,4.6010518074035645,150.52545166015625
96081,3475,118.0,118,0.05,1.140270471572876,150.79220581054688
96181,3476,100.0,100,0.05,1.9448082447052002,149.94692993164062
96353,3477,172.0,172,0.05,2.868222951889038,149.15994262695312
96443,3478,90.0,90,0.05,0.19583939015865326,149.4844970703125
96587,3479,144.0,144,0.05,2.407863140106201,152.35992431640625
96825,3480,238.0,238,0.05,2.5013668537139893,152.0731201171875
96906,3481,81.0,81,0.05,0.3225407302379608,150.49526977539062
96922,3482,16.0,16,0.05,1.0890450477600098,149.62161254882812
96937,3483,15.0,15,0.05,2.621615171432495,151.6558837890625
96974,3484,37.0,37,0.05,1.1861181259155273,149.57907104492188
97006,3485,32.0,32,0.05,0.915550947189331,151.27239990234375
97096,3486,90.0,90,0.05,1.9861538410186768,152.39779663085938
97119,3487,23.0,23,0.05,2.8297784328460693,145.82266235351562
97157,3488,38.0,38,0.05,3.2659823894500732,148.31533813476562
97306,3489,149.0,149,0.05,3.505553722381592,146.86199951171875
97331,3490,25.0,25,0.05,0.2967379689216614,148.91748046875
97347,3491,16.0,16,0.05,0.9516883492469788,146.62246704101562
97357,3492,10.0,10,0.05,1.8582897186279297,151.47073364257812
97370,3493,13.0,13,0.05,1.44696044921875,150.27578735351562
97384,3494,14.0,14,0.05,1.1612143516540527,148.81240844726562
97400,3495,16.0,16,0.05,0.19687777757644653,151.27081298828125
97547,3496,147.0,147,0.05,2.5985538959503174,147.01893615722656
97560,3497,13.0,13,0.05,1.1789432764053345,150.51576232910156
97577,3498,17.0,17,0.05,1.1670339107513428,150.46923828125
97628,3499,51.0,51,0.05,1.220391035079956,147.99298095703125
97657,3500,29.0,29,0.05,2.258695125579834,147.84402465820312
97677,3501,20.0,20,0.05,0.9743509888648987,149.70730590820312
97702,3502,25.0,25,0.05,0.0946098268032074,153.7010498046875
97723,3503,21.0,21,0.05,2.4400041103363037,149.5269317626953
97749,3504,26.0,26,0.05,2.4406578540802,152.9779052734375
97767,3505,18.0,18,0.05,1.8847308158874512,147.91014099121094
97791,3506,24.0,24,0.05,0.15859755873680115,149.8057403564453
97814,3507,23.0,23,0.05,0.05069727823138237,151.1669921875
97836,3508,22.0,22,0.05,1.8279242515563965,147.5322265625
97859,3509,23.0,23,0.05,3.0668210983276367,150.86038208007812
97883,3510,24.0,24,0.05,3.270923614501953,148.6892547607422
97904,3511,21.0,21,0.05,1.161102533340454,144.9070587158203
98085,3512,181.0,181,0.05,1.1868927478790283,147.04983520507812
98102,3513,17.0,17,0.05,1.5320684909820557,149.85650634765625
98127,3514,25.0,25,0.05,2.8755106925964355,149.18743896484375
98147,3515,20.0,20,0.05,0.13355347514152527,150.96737670898438
98175,3516,28.0,28,0.05,0.7931327223777771,150.13082885742188
98197,3517,22.0,22,0.05,0.18292737007141113,151.9247589111328
98223,3518,26.0,26,0.05,0.9362867474555969,150.50018310546875
98260,3519,37.0,37,0.05,2.7223784923553467,151.60006713867188
98284,3520,24.0,24,0.05,1.052689552307129,150.55679321289062
98478,3521,194.0,194,0.05,3.558051109313965,149.6760711669922
98551,3522,73.0,73,0.05,2.3129513263702393,151.37966918945312
98607,3523,56.0,56,0.05,1.6742030382156372,149.4282989501953
98680,3524,73.0,73,0.05,0.670495331287384,146.41845703125
98706,3525,26.0,26,0.05,1.9254871606826782,149.6090850830078
98733,3526,27.0,27,0.05,2.9446115493774414,148.00999450683594
98777,3527,44.0,44,0.05,0.25809216499328613,152.84494018554688
98806,3528,29.0,29,0.05,2.971689224243164,147.49234008789062
98830,3529,24.0,24,0.05,1.751401662826538,152.3968505859375
98863,3530,33.0,33,0.05,2.200162649154663,149.20010375976562
99038,3531,175.0,175,0.05,2.842879056930542,148.67843627929688
99066,3532,28.0,28,0.05,1.4780164957046509,149.34835815429688
99094,3533,28.0,28,0.05,5.137737274169922,150.01321411132812
99120,3534,26.0,26,0.05,0.9389207363128662,149.48074340820312
99143,3535,23.0,23,0.05,1.4581615924835205,150.310546875
99159,3536,16.0,16,0.05,2.722806453704834,152.0180206298828
99230,3537,71.0,71,0.05,2.466423511505127,150.32778930664062
99266,3538,36.0,36,0.05,1.5264569520950317,152.21493530273438
99295,3539,29.0,29,0.05,1.4769846200942993,149.73130798339844
99325,3540,30.0,30,0.05,1.084970474243164,150.978759765625
99350,3541,25.0,25,0.05,0.08754198998212814,150.28323364257812
99370,3542,20.0,20,0.05,0.17157362401485443,151.69363403320312
99404,3543,34.0,34,0.05,2.8206288814544678,150.36422729492188
99428,3544,24.0,24,0.05,0.11170019209384918,149.80836486816406
99458,3545,30.0,30,0.05,0.43577253818511963,148.0631103515625
99485,3546,27.0,27,0.05,3.2183942794799805,151.33099365234375
99512,3547,27.0,27,0.05,0.2622291147708893,150.99896240234375
99544,3548,32.0,32,0.05,1.404675841331482,148.371826171875
99577,3549,33.0,33,0.05,0.9063973426818848,150.97689819335938
99595,3550,18.0,18,0.05,2.2676966190338135,150.92039489746094
99622,3551,27.0,27,0.05,0.1884351223707199,150.37445068359375
99637,3552,15.0,15,0.05,1.3383162021636963,154.75082397460938
99660,3553,23.0,23,0.05,1.5062881708145142,152.46746826171875
99675,3554,15.0,15,0.05,1.5483460426330566,149.01263427734375
99694,3555,19.0,19,0.05,1.3813713788986206,150.01382446289062
99715,3556,21.0,21,0.05,1.3617043495178223,153.20285034179688
99736,3557,21.0,21,0.05,1.8147810697555542,148.07940673828125
99764,3558,28.0,28,0.05,1.4031161069869995,147.80677795410156
99786,3559,22.0,22,0.05,3.276740074157715,149.38360595703125
99804,3560,18.0,18,0.05,0.9484955072402954,146.29098510742188
99818,3561,14.0,14,0.05,2.580221176147461,151.51052856445312
99841,3562,23.0,23,0.05,3.1800177097320557,147.74725341796875
99857,3563,16.0,16,0.05,0.1081918403506279,152.56756591796875
99870,3564,13.0,13,0.05,4.0641350746154785,153.0423583984375
99891,3565,21.0,21,0.05,0.15945342183113098,149.91238403320312
99906,3566,15.0,15,0.05,0.09371919184923172,148.3774871826172
99922,3567,16.0,16,0.05,0.9749426245689392,149.16433715820312
99938,3568,16.0,16,0.05,1.4582747220993042,150.49781799316406
99957,3569,19.0,19,0.05,0.2531002163887024,150.1510009765625
99980,3570,23.0,23,0.05,3.922778844833374,151.98504638671875
100000,3571,20.0,20,0.05,0.2054799348115921,149.7706298828125
100020,3572,20.0,20,0.05,0.9997813105583191,151.3347625732422
100043,3573,23.0,23,0.05,3.646676778793335,149.17385864257812
100060,3574,17.0,17,0.05,2.294588804244995,150.35777282714844
100075,3575,15.0,15,0.05,2.8390908241271973,151.96429443359375
100092,3576,17.0,17,0.05,1.3900526762008667,151.07818603515625
100106,3577,14.0,14,0.05,2.654876947402954,152.66268920898438
100121,3578,15.0,15,0.05,5.344731330871582,150.1175537109375
100139,3579,18.0,18,0.05,4.748321056365967,148.73028564453125
100158,3580,19.0,19,0.05,2.867173194885254,151.34889221191406
100173,3581,15.0,15,0.05,2.2049176692962646,148.03488159179688
100191,3582,18.0,18,0.05,1.3174843788146973,146.63003540039062
100206,3583,15.0,15,0.05,2.6670806407928467,150.89236450195312
100226,3584,20.0,20,0.05,3.618879795074463,149.71571350097656
100248,3585,22.0,22,0.05,2.6524930000305176,155.89556884765625
100264,3586,16.0,16,0.05,0.1286788284778595,153.13372802734375
100284,3587,20.0,20,0.05,2.663515567779541,151.90542602539062
100306,3588,22.0,22,0.05,6.640974998474121,149.1422119140625
100322,3589,16.0,16,0.05,0.44708216190338135,152.99957275390625
100340,3590,18.0,18,0.05,3.850759983062744,149.0198974609375
100362,3591,22.0,22,0.05,4.337885856628418,151.58731079101562
100376,3592,14.0,14,0.05,2.810458183288574,152.00360107421875
100392,3593,16.0,16,0.05,1.0399867296218872,152.44223022460938
100410,3594,18.0,18,0.05,0.15216562151908875,152.7269287109375
100423,3595,13.0,13,0.05,3.5343310832977295,151.6707305908203
100443,3596,20.0,20,0.05,2.275480270385742,153.1678466796875
100529,3597,86.0,86,0.05,3.8877882957458496,152.88807678222656
100543,3598,14.0,14,0.05,2.35260009765625,148.29742431640625
100569,3599,26.0,26,0.05,6.087978363037109,151.33828735351562
100592,3600,23.0,23,0.05,2.5303843021392822,153.90386962890625
100615,3601,23.0,23,0.05,2.6362698078155518,152.79708862304688
100653,3602,38.0,38,0.05,3.8970041275024414,152.75714111328125
100688,3603,35.0,35,0.05,3.0726232528686523,150.8280029296875
100776,3604,88.0,88,0.05,3.889131784439087,151.42852783203125
100855,3605,79.0,79,0.05,2.729430675506592,154.46507263183594
100949,3606,94.0,94,0.05,3.5572125911712646,150.4623565673828
101032,3607,83.0,83,0.05,2.6487104892730713,150.82847595214844
101123,3608,91.0,91,0.05,1.4111381769180298,151.74057006835938
101202,3609,79.0,79,0.05,2.6128673553466797,153.6112060546875
101297,3610,95.0,95,0.05,2.201371192932129,156.14939880371094
101391,3611,94.0,94,0.05,3.453763961791992,153.6384735107422
101482,3612,91.0,91,0.05,0.07379275560379028,152.4315185546875
101581,3613,99.0,99,0.05,1.3876471519470215,156.412109375
101626,3614,45.0,45,0.05,1.323168396949768,155.50399780273438
101718,3615,92.0,92,0.05,3.9479732513427734,153.35955810546875
101817,3616,99.0,99,0.05,1.5793592929840088,157.62399291992188
101881,3617,64.0,64,0.05,2.629546642303467,154.98672485351562
101976,3618,95.0,95,0.05,2.0759994983673096,156.25599670410156
102004,3619,28.0,28,0.05,3.745729684829712,158.95729064941406
102073,3620,69.0,69,0.05,5.921828269958496,156.2310791015625
102165,3621,92.0,92,0.05,2.593881130218506,155.37197875976562
102257,3622,92.0,92,0.05,1.3125584125518799,157.493896484375
102326,3623,69.0,69,0.05,0.9845308661460876,152.57298278808594
102380,3624,54.0,54,0.05,2.1548001766204834,151.97825622558594
102467,3625,87.0,87,0.05,1.371547818183899,156.52981567382812
102539,3626,72.0,72,0.05,2.591346263885498,155.82176208496094
102629,3627,90.0,90,0.05,2.506357192993164,157.33917236328125
102702,3628,73.0,73,0.05,6.82804012298584,153.701416015625
102802,3629,100.0,100,0.05,2.1380064487457275,158.22048950195312
102876,3630,74.0,74,0.05,3.987320899963379,155.06117248535156
102962,3631,86.0,86,0.05,1.2334641218185425,156.78961181640625
103031,3632,69.0,69,0.05,1.4915262460708618,155.27474975585938
103059,3633,28.0,28,0.05,2.6377828121185303,153.80877685546875
103075,3634,16.0,16,0.05,1.3512177467346191,155.02159118652344
103102,3635,27.0,27,0.05,0.9557670950889587,153.95828247070312
103122,3636,20.0,20,0.05,4.480168342590332,159.00572204589844
103176,3637,54.0,54,0.05,2.3461663722991943,156.27142333984375
103225,3638,49.0,49,0.05,2.700089693069458,156.7452392578125
103299,3639,74.0,74,0.05,3.839698314666748,156.3470458984375
103321,3640,22.0,22,0.05,1.1542354822158813,156.89849853515625
103397,3641,76.0,76,0.05,2.0652904510498047,155.099365234375
103483,3642,86.0,86,0.05,2.665097236633301,156.90496826171875
103573,3643,90.0,90,0.05,2.4167089462280273,158.05918884277344
103653,3644,80.0,80,0.05,1.311467170715332,157.82635498046875
103759,3645,106.0,106,0.05,2.390427827835083,154.81454467773438
103829,3646,70.0,70,0.05,9.261571884155273,158.45443725585938
103867,3647,38.0,38,0.05,1.1873953342437744,158.54278564453125
103938,3648,71.0,71,0.05,2.2452657222747803,158.18153381347656
104022,3649,84.0,84,0.05,2.569380760192871,157.18450927734375
104112,3650,90.0,90,0.05,0.8464598655700684,159.13851928710938
104165,3651,53.0,53,0.05,1.2426316738128662,157.91403198242188
104209,3652,44.0,44,0.05,1.2796680927276611,157.43557739257812
104298,3653,89.0,89,0.05,3.8808488845825195,158.51885986328125
104388,3654,90.0,90,0.05,6.004523277282715,157.3902587890625
104447,3655,59.0,59,0.05,2.4811127185821533,158.3720703125
104499,3656,52.0,52,0.05,3.429215431213379,157.02513122558594
104584,3657,85.0,85,0.05,4.404646873474121,158.95167541503906
104625,3658,41.0,41,0.05,2.4857234954833984,158.18063354492188
104682,3659,57.0,57,0.05,2.4629054069519043,160.55545043945312
104774,3660,92.0,92,0.05,1.352205753326416,156.6785888671875
104806,3661,32.0,32,0.05,3.711740493774414,159.3157196044922
104853,3662,47.0,47,0.05,2.7343854904174805,158.64537048339844
104940,3663,87.0,87,0.05,3.8931074142456055,159.78985595703125
104955,3664,15.0,15,0.05,1.317879557609558,159.96487426757812
105043,3665,88.0,88,0.05,1.5551214218139648,160.60975646972656
105129,3666,86.0,86,0.05,9.161527633666992,158.56765747070312
105201,3667,72.0,72,0.05,3.8598692417144775,159.09854125976562
105292,3668,91.0,91,0.05,3.816709041595459,157.32664489746094
105382,3669,90.0,90,0.05,0.3884524405002594,159.87667846679688
105427,3670,45.0,45,0.05,2.868917465209961,155.84027099609375
105471,3671,44.0,44,0.05,5.130490779876709,159.6282196044922
105564,3672,93.0,93,0.05,4.512819766998291,160.7401885986328
105649,3673,85.0,85,0.05,4.766801834106445,158.85397338867188
105738,3674,89.0,89,0.05,5.845893383026123,158.9320068359375
105828,3675,90.0,90,0.05,2.270606517791748,157.88560485839844
105880,3676,52.0,52,0.05,2.5931320190429688,159.3572540283203
105955,3677,75.0,75,0.05,4.018160820007324,158.2644805908203
106048,3678,93.0,93,0.05,2.6741201877593994,158.91671752929688
106134,3679,86.0,86,0.05,2.172506332397461,160.34686279296875
106220,3680,86.0,86,0.05,2.395507574081421,159.18289184570312
106312,3681,92.0,92,0.05,4.970107078552246,156.9117431640625
106368,3682,56.0,56,0.05,2.652355194091797,157.45753479003906
106460,3683,92.0,92,0.05,1.358577013015747,158.8203125
106638,3684,178.0,178,0.05,1.007018804550171,158.2458038330078
106732,3685,94.0,94,0.05,4.538628578186035,158.63128662109375
106824,3686,92.0,92,0.05,2.2429003715515137,158.97647094726562
106875,3687,51.0,51,0.05,2.3979578018188477,159.29241943359375
107059,3688,184.0,184,0.05,2.9106550216674805,159.25839233398438
107188,3689,129.0,129,0.05,2.629703998565674,159.50540161132812
107293,3690,105.0,105,0.05,5.2417707443237305,159.32916259765625
107389,3691,96.0,96,0.05,2.4402337074279785,157.9506072998047
107499,3692,110.0,110,0.05,1.2898238897323608,159.02537536621094
107588,3693,89.0,89,0.05,3.9977946281433105,159.58013916015625
107678,3694,90.0,90,0.05,0.2210272252559662,158.24729919433594
107708,3695,30.0,30,0.05,1.1922855377197266,157.84429931640625
107811,3696,103.0,103,0.05,1.6710050106048584,158.96810913085938
107833,3697,22.0,22,0.05,5.162638187408447,159.61648559570312
107936,3698,103.0,103,0.05,0.849799394607544,158.0279083251953
107988,3699,52.0,52,0.05,0.12894997000694275,157.8218994140625
107999,3700,11.0,11,0.05,3.6132869720458984,160.15585327148438
108499,3701,500.0,500,0.05,3.493659019470215,159.00872802734375
108865,3702,366.0,366,0.05,3.8383069038391113,161.26132202148438
108984,3703,119.0,119,0.05,6.3852314949035645,157.98458862304688
109079,3704,95.0,95,0.05,1.6067094802856445,158.15985107421875
109187,3705,108.0,108,0.05,1.5254840850830078,160.27406311035156
109207,3706,20.0,20,0.05,2.5764214992523193,158.4100799560547
109340,3707,133.0,133,0.05,0.14319436252117157,160.5904541015625
109449,3708,109.0,109,0.05,1.641160249710083,160.92030334472656
109824,3709,375.0,375,0.05,2.672306776046753,159.4563751220703
109840,3710,16.0,16,0.05,0.1248588114976883,161.51422119140625
109987,3711,147.0,147,0.05,1.7367511987686157,161.23104858398438
110143,3712,156.0,156,0.05,0.36186084151268005,163.71363830566406
110282,3713,139.0,139,0.05,3.1520776748657227,161.09597778320312
110453,3714,171.0,171,0.05,1.721410870552063,161.8035888671875
110580,3715,127.0,127,0.05,4.37917423248291,164.23355102539062
110704,3716,124.0,124,0.05,2.1669487953186035,163.09823608398438
110821,3717,117.0,117,0.05,1.3595967292785645,164.07440185546875
110933,3718,112.0,112,0.05,2.416670799255371,163.2738800048828
111045,3719,112.0,112,0.05,0.9849483966827393,161.4132537841797
111145,3720,100.0,100,0.05,2.6721115112304688,164.1510009765625
111246,3721,101.0,101,0.05,1.0317342281341553,162.59146118164062
111354,3722,108.0,108,0.05,2.5076658725738525,162.57118225097656
111471,3723,117.0,117,0.05,1.429422378540039,163.06771850585938
111580,3724,109.0,109,0.05,3.7541167736053467,159.48214721679688
111683,3725,103.0,103,0.05,1.7747458219528198,164.1568145751953
111796,3726,113.0,113,0.05,3.710261106491089,165.23092651367188
111893,3727,97.0,97,0.05,3.190192222595215,165.40084838867188
111974,3728,81.0,81,0.05,3.11251163482666,164.87440490722656
112077,3729,103.0,103,0.05,0.24845801293849945,165.28076171875
112171,3730,94.0,94,0.05,2.946518898010254,163.73690795898438
112273,3731,102.0,102,0.05,1.7064604759216309,165.08309936523438
112366,3732,93.0,93,0.05,0.07336916029453278,164.37608337402344
112471,3733,105.0,105,0.05,0.18694259226322174,164.13455200195312
112559,3734,88.0,88,0.05,0.1631385236978531,165.23361206054688
112634,3735,75.0,75,0.05,2.8616271018981934,163.24990844726562
112731,3736,97.0,97,0.05,1.930955171585083,163.48419189453125
112855,3737,124.0,124,0.05,1.2102664709091187,162.8014373779297
112958,3738,103.0,103,0.05,0.24573960900306702,164.53445434570312
113038,3739,80.0,80,0.05,2.8064475059509277,162.5572052001953
113147,3740,109.0,109,0.05,0.26004230976104736,164.7526397705078
113237,3741,90.0,90,0.05,1.3762365579605103,164.10769653320312
113331,3742,94.0,94,0.05,1.5414806604385376,164.00750732421875
113376,3743,45.0,45,0.05,0.1458035111427307,166.09519958496094
113471,3744,95.0,95,0.05,0.05469494313001633,166.05813598632812
113564,3745,93.0,93,0.05,1.0306545495986938,163.85601806640625
113659,3746,95.0,95,0.05,0.07699871063232422,163.86468505859375
113732,3747,73.0,73,0.05,0.055073823779821396,165.40609741210938
113812,3748,80.0,80,0.05,3.2865259647369385,167.209228515625
113873,3749,61.0,61,0.05,1.8874238729476929,164.1138458251953
113910,3750,37.0,37,0.05,3.063098907470703,162.8074951171875
113988,3751,78.0,78,0.05,1.9200785160064697,163.39317321777344
114063,3752,75.0,75,0.05,0.4926241636276245,162.92245483398438
114146,3753,83.0,83,0.05,3.4845728874206543,162.21322631835938
114239,3754,93.0,93,0.05,1.8109185695648193,160.8004608154297
114334,3755,95.0,95,0.05,0.9264764189720154,163.2052001953125
114378,3756,44.0,44,0.05,2.0257842540740967,163.280517578125
114469,3757,91.0,91,0.05,1.7666747570037842,165.6553497314453
114566,3758,97.0,97,0.05,3.3548669815063477,165.40780639648438
114646,3759,80.0,80,0.05,1.6329392194747925,162.296142578125
114726,3760,80.0,80,0.05,3.1173558235168457,164.811767578125
114818,3761,92.0,92,0.05,0.07919862121343613,163.36965942382812
114868,3762,50.0,50,0.05,1.1532796621322632,164.76541137695312
114971,3763,103.0,103,0.05,1.5253572463989258,166.9041290283203
115083,3764,112.0,112,0.05,1.7759044170379639,164.9561309814453
115181,3765,98.0,98,0.05,0.05702422931790352,164.3216552734375
115286,3766,105.0,105,0.05,1.5650968551635742,164.17283630371094
115374,3767,88.0,88,0.05,3.47558331489563,165.56484985351562
115480,3768,106.0,106,0.05,0.1262427568435669,163.43759155273438
115588,3769,108.0,108,0.05,2.8395490646362305,162.6575469970703
115680,3770,92.0,92,0.05,2.743685245513916,162.2095489501953
115738,3771,58.0,58,0.05,1.8936960697174072,163.6506805419922
115773,3772,35.0,35,0.05,0.11022055149078369,160.22274780273438
115799,3773,26.0,26,0.05,1.782920002937317,166.8271026611328
115823,3774,24.0,24,0.05,1.5746697187423706,163.5126190185547
115891,3775,68.0,68,0.05,1.1989123821258545,161.23382568359375
115984,3776,93.0,93,0.05,1.6844626665115356,164.98287963867188
116020,3777,36.0,36,0.05,0.18599244952201843,163.04879760742188
116044,3778,24.0,24,0.05,4.657439231872559,163.96023559570312
116083,3779,39.0,39,0.05,1.7174299955368042,161.7269744873047
116107,3780,24.0,24,0.05,0.22467322647571564,163.13949584960938
116143,3781,36.0,36,0.05,3.129115581512451,163.86343383789062
116220,3782,77.0,77,0.05,1.9030370712280273,163.749267578125
116255,3783,35.0,35,0.05,1.8484050035476685,164.32778930664062
116280,3784,25.0,25,0.05,0.05597608536481857,164.16970825195312
116300,3785,20.0,20,0.05,4.1291704177856445,164.47950744628906
116320,3786,20.0,20,0.05,1.9497770071029663,162.69956970214844
116336,3787,16.0,16,0.05,0.17837238311767578,160.54641723632812
116365,3788,29.0,29,0.05,0.22443550825119019,162.52011108398438
116400,3789,35.0,35,0.05,0.1344590187072754,164.44161987304688
116425,3790,25.0,25,0.05,2.820528984069824,163.54681396484375
116452,3791,27.0,27,0.05,0.18696969747543335,163.53646850585938
116481,3792,29.0,29,0.05,3.4314467906951904,163.4842071533203
116502,3793,21.0,21,0.05,3.4621057510375977,165.0481719970703
116521,3794,19.0,19,0.05,0.44956955313682556,159.96368408203125
116543,3795,22.0,22,0.05,1.5806307792663574,162.08279418945312
116570,3796,27.0,27,0.05,0.03897450864315033,164.58131408691406
116593,3797,23.0,23,0.05,3.3414430618286133,162.51876831054688
116612,3798,19.0,19,0.05,3.4328601360321045,162.62155151367188
116680,3799,68.0,68,0.05,4.033604621887207,162.54623413085938
116718,3800,38.0,38,0.05,0.14217373728752136,162.4777069091797
116738,3801,20.0,20,0.05,3.050497531890869,162.54302978515625
116758,3802,20.0,20,0.05,2.990577459335327,163.98561096191406
116790,3803,32.0,32,0.05,6.667054653167725,163.8919677734375
116890,3804,100.0,100,0.05,1.3240442276000977,162.45204162597656
116978,3805,88.0,88,0.05,1.1153068542480469,160.61976623535156
117010,3806,32.0,32,0.05,0.3107174336910248,163.47573852539062
117087,3807,77.0,77,0.05,1.2898023128509521,163.0379638671875
117180,3808,93.0,93,0.05,3.0607237815856934,163.9425048828125
117209,3809,29.0,29,0.05,0.1217915490269661,163.4449920654297
117309,3810,100.0,100,0.05,1.2476447820663452,161.2816162109375
117465,3811,156.0,156,0.05,0.9810464382171631,158.97726440429688
117589,3812,124.0,124,0.05,2.988534927368164,160.84983825683594
117734,3813,145.0,145,0.05,2.0066587924957275,161.48638916015625
117975,3814,241.0,241,0.05,1.0172011852264404,164.20155334472656
118214,3815,239.0,239,0.05,1.4976288080215454,164.51611328125
118453,3816,239.0,239,0.05,4.442583084106445,165.4052734375
118506,3817,53.0,53,0.05,1.4912885427474976,160.61578369140625
118743,3818,237.0,237,0.05,0.0879778191447258,159.60992431640625
118986,3819,243.0,243,0.05,4.2649102210998535,162.30453491210938
119210,3820,224.0,224,0.05,1.5441670417785645,166.26800537109375
119432,3821,222.0,222,0.05,1.792647361755371,162.68649291992188
119445,3822,13.0,13,0.05,5.8089752197265625,165.66140747070312
119467,3823,22.0,22,0.05,3.752992868423462,163.12066650390625
119696,3824,229.0,229,0.05,5.606358528137207,167.0986785888672
119796,3825,100.0,100,0.05,2.9082512855529785,164.0380859375
119809,3826,13.0,13,0.05,0.38537269830703735,164.40744018554688
119820,3827,11.0,11,0.05,0.14358113706111908,162.1972198486328
119832,3828,12.0,12,0.05,0.09456507861614227,166.79949951171875
120068,3829,236.0,236,0.05,0.31083136796951294,163.3809051513672
120081,3830,13.0,13,0.05,2.4670636653900146,163.67901611328125
120320,3831,239.0,239,0.05,3.1742396354675293,163.48837280273438
120554,3832,234.0,234,0.05,4.381858825683594,165.67489624023438
120641,3833,87.0,87,0.05,1.0553218126296997,163.5074462890625
120759,3834,118.0,118,0.05,0.24582117795944214,165.41795349121094
121007,3835,248.0,248,0.05,1.6229015588760376,168.7454833984375
121238,3836,231.0,231,0.05,1.9131131172180176,162.0352020263672
121344,3837,106.0,106,0.05,3.2514381408691406,167.64869689941406
121589,3838,245.0,245,0.05,3.6702966690063477,166.4349822998047
121846,3839,257.0,257,0.05,1.493787169456482,163.32937622070312
122086,3840,240.0,240,0.05,0.19604134559631348,163.74232482910156
122316,3841,230.0,230,0.05,2.5140578746795654,162.93630981445312
122570,3842,254.0,254,0.05,0.09042295813560486,166.48439025878906
122829,3843,259.0,259,0.05,3.0543477535247803,162.83245849609375
122946,3844,117.0,117,0.05,3.1076059341430664,163.11524963378906
123171,3845,225.0,225,0.05,1.3201371431350708,161.72865295410156
123421,3846,250.0,250,0.05,2.470033645629883,159.79583740234375
123631,3847,210.0,210,0.05,5.896211624145508,163.43380737304688
123725,3848,94.0,94,0.05,0.21211698651313782,160.4338836669922
123747,3849,22.0,22,0.05,0.10363243520259857,161.02926635742188
123917,3850,170.0,170,0.05,3.4984242916107178,164.920654296875
123944,3851,27.0,27,0.05,3.456282138824463,164.29440307617188
124022,3852,78.0,78,0.05,4.832874774932861,165.43698120117188
124156,3853,134.0,134,0.05,1.6580142974853516,164.19046020507812
124347,3854,191.0,191,0.05,0.19349777698516846,162.78057861328125
124475,3855,128.0,128,0.05,1.720017910003662,165.95245361328125
124590,3856,115.0,115,0.05,1.2515145540237427,165.24691772460938
124703,3857,113.0,113,0.05,0.2578575015068054,161.52394104003906
124793,3858,90.0,90,0.05,0.17185494303703308,164.30654907226562
124896,3859,103.0,103,0.05,2.476315975189209,164.20162963867188
125004,3860,108.0,108,0.05,0.14760249853134155,159.0792999267578
125115,3861,111.0,111,0.05,1.7336888313293457,163.59922790527344
125204,3862,89.0,89,0.05,0.10904563963413239,159.96942138671875
125295,3863,91.0,91,0.05,2.79318904876709,162.82667541503906
125385,3864,90.0,90,0.05,3.6875486373901367,161.50003051757812
125475,3865,90.0,90,0.05,2.4378535747528076,163.94613647460938
125600,3866,125.0,125,0.05,0.8463185429573059,162.88693237304688
125665,3867,65.0,65,0.05,2.1589202880859375,162.06101989746094
125746,3868,81.0,81,0.05,3.291293144226074,160.66078186035156
125855,3869,109.0,109,0.05,2.8038063049316406,160.3685760498047
125940,3870,85.0,85,0.05,2.8349661827087402,164.51254272460938
126029,3871,89.0,89,0.05,0.1433800756931305,164.15313720703125
126118,3872,89.0,89,0.05,1.6184557676315308,163.30711364746094
126190,3873,72.0,72,0.05,0.049123454838991165,160.7224884033203
126279,3874,89.0,89,0.05,1.6069121360778809,163.96060180664062
126369,3875,90.0,90,0.05,1.811182975769043,162.07980346679688
126460,3876,91.0,91,0.05,1.7737938165664673,162.64495849609375
126522,3877,62.0,62,0.05,1.8126163482666016,165.23426818847656
126622,3878,100.0,100,0.05,1.7931556701660156,162.41372680664062
126712,3879,90.0,90,0.05,0.12006503343582153,163.48968505859375
126770,3880,58.0,58,0.05,0.11342077702283859,162.05154418945312
126826,3881,56.0,56,0.05,4.756633281707764,164.89796447753906
126900,3882,74.0,74,0.05,0.08280263841152191,162.85195922851562
126967,3883,67.0,67,0.05,1.6954069137573242,163.28204345703125
127054,3884,87.0,87,0.05,3.172910213470459,168.84750366210938
127067,3885,13.0,13,0.05,1.6648651361465454,163.62135314941406
127159,3886,92.0,92,0.05,3.0851175785064697,165.42359924316406
127177,3887,18.0,18,0.05,0.11707812547683716,163.56399536132812
127187,3888,10.0,10,0.05,1.5461074113845825,162.5810546875
127227,3889,40.0,40,0.05,3.0472209453582764,164.05508422851562
127279,3890,52.0,52,0.05,3.3425726890563965,164.4697723388672
127307,3891,28.0,28,0.05,0.1567504107952118,165.0653076171875
127324,3892,17.0,17,0.05,1.6789162158966064,163.91644287109375
127368,3893,44.0,44,0.05,1.5768539905548096,162.12193298339844
127462,3894,94.0,94,0.05,0.4018407464027405,163.2010498046875
127525,3895,63.0,63,0.05,0.12131653726100922,162.75689697265625
127544,3896,19.0,19,0.05,1.2350322008132935,160.46481323242188
127634,3897,90.0,90,0.05,1.0274711847305298,162.9791717529297
127722,3898,88.0,88,0.05,3.1231534481048584,165.81471252441406
127787,3899,65.0,65,0.05,2.8109755516052246,163.1761474609375
127864,3900,77.0,77,0.05,1.625976324081421,163.80406188964844
127878,3901,14.0,14,0.05,0.15364325046539307,161.59735107421875
127896,3902,18.0,18,0.05,2.8757896423339844,164.0874786376953
127940,3903,44.0,44,0.05,2.9434895515441895,161.43849182128906
128034,3904,94.0,94,0.05,0.2122897207736969,161.37037658691406
128127,3905,93.0,93,0.05,1.5332177877426147,166.00137329101562
128191,3906,64.0,64,0.05,1.6481561660766602,160.88087463378906
128240,3907,49.0,49,0.05,1.2654616832733154,162.34375
128308,3908,68.0,68,0.05,0.35093045234680176,165.05645751953125
128402,3909,94.0,94,0.05,0.23082731664180756,165.71710205078125
128493,3910,91.0,91,0.05,0.04932168126106262,165.29727172851562
128584,3911,91.0,91,0.05,3.1421186923980713,165.91676330566406
128618,3912,34.0,34,0.05,1.6097640991210938,167.158447265625
128720,3913,102.0,102,0.05,3.1264710426330566,166.43826293945312
128782,3914,62.0,62,0.05,2.7666115760803223,164.6605224609375
128876,3915,94.0,94,0.05,1.394025444984436,160.04840087890625
128936,3916,60.0,60,0.05,0.8373910188674927,165.9640350341797
128978,3917,42.0,42,0.05,0.18945126235485077,162.8363494873047
129028,3918,50.0,50,0.05,0.994709849357605,163.08938598632812
129116,3919,88.0,88,0.05,5.860285758972168,163.61546325683594
129154,3920,38.0,38,0.05,1.57357656955719,166.842041015625
129235,3921,81.0,81,0.05,4.920475959777832,162.69378662109375
129271,3922,36.0,36,0.05,0.10807368159294128,165.1998291015625
129295,3923,24.0,24,0.05,0.272638738155365,164.745849609375
129386,3924,91.0,91,0.05,0.30312901735305786,160.24183654785156
129468,3925,82.0,82,0.05,1.7454289197921753,163.56256103515625
129556,3926,88.0,88,0.05,1.7090744972229004,165.20570373535156
129639,3927,83.0,83,0.05,0.8059278726577759,163.7659912109375
129730,3928,91.0,91,0.05,7.6078338623046875,165.41778564453125
129774,3929,44.0,44,0.05,0.0943155512213707,166.7329559326172
129869,3930,95.0,95,0.05,1.6512199640274048,165.470458984375
129929,3931,60.0,60,0.05,0.08994314819574356,165.69180297851562
130026,3932,97.0,97,0.05,0.06922740489244461,163.3625946044922
130085,3933,59.0,59,0.05,0.24992536008358002,164.0951385498047
130182,3934,97.0,97,0.05,0.11538585275411606,165.68788146972656
130279,3935,97.0,97,0.05,2.2389562129974365,165.28305053710938
130371,3936,92.0,92,0.05,1.563279628753662,165.50448608398438
130407,3937,36.0,36,0.05,0.15650904178619385,166.29991149902344
130447,3938,40.0,40,0.05,0.9492053985595703,165.2699432373047
130536,3939,89.0,89,0.05,3.0311293601989746,167.34124755859375
130618,3940,82.0,82,0.05,3.0656838417053223,166.79159545898438
130653,3941,35.0,35,0.05,5.406479358673096,166.20327758789062
130680,3942,27.0,27,0.05,1.2884407043457031,165.6202850341797
130717,3943,37.0,37,0.05,1.4764776229858398,163.81112670898438
130786,3944,69.0,69,0.05,0.08252467215061188,163.57232666015625
130853,3945,67.0,67,0.05,2.56679105758667,165.2626190185547
130878,3946,25.0,25,0.05,0.8931822776794434,164.89352416992188
130919,3947,41.0,41,0.05,4.181893348693848,161.47686767578125
130969,3948,50.0,50,0.05,1.4506767988204956,166.8067626953125
131004,3949,35.0,35,0.05,3.3992559909820557,161.73806762695312
131094,3950,90.0,90,0.05,1.524761438369751,166.28067016601562
131125,3951,31.0,31,0.05,1.7192507982254028,167.50442504882812
131158,3952,33.0,33,0.05,1.6726586818695068,164.9642333984375
131196,3953,38.0,38,0.05,2.5212461948394775,167.40895080566406
131224,3954,28.0,28,0.05,0.5637629628181458,165.23980712890625
131250,3955,26.0,26,0.05,0.6085381507873535,160.2174072265625
131311,3956,61.0,61,0.05,1.3303636312484741,164.12399291992188
131384,3957,73.0,73,0.05,0.678499162197113,162.4794158935547
131410,3958,26.0,26,0.05,3.7474334239959717,167.50001525878906
131481,3959,71.0,71,0.05,2.9970791339874268,166.13729858398438
131503,3960,22.0,22,0.05,1.8540639877319336,167.51820373535156
131544,3961,41.0,41,0.05,1.7080693244934082,168.97720336914062
131570,3962,26.0,26,0.05,2.9990100860595703,163.7861328125
131663,3963,93.0,93,0.05,3.8282902240753174,164.85934448242188
131718,3964,55.0,55,0.05,0.06296157836914062,165.76123046875
131760,3965,42.0,42,0.05,0.863135576248169,163.20919799804688
131857,3966,97.0,97,0.05,1.429443120956421,165.89840698242188
131950,3967,93.0,93,0.05,0.4095006287097931,163.61431884765625
132042,3968,92.0,92,0.05,1.4803597927093506,166.62782287597656
132133,3969,91.0,91,0.05,1.3614623546600342,167.65968322753906
132201,3970,68.0,68,0.05,1.5084478855133057,164.9747314453125
132238,3971,37.0,37,0.05,3.034705638885498,167.91714477539062
132292,3972,54.0,54,0.05,0.2844782769680023,166.58859252929688
132333,3973,41.0,41,0.05,3.507233142852783,167.1840057373047
132429,3974,96.0,96,0.05,6.030232906341553,167.1806640625
132518,3975,89.0,89,0.05,2.5271379947662354,161.4736785888672
132617,3976,99.0,99,0.05,1.3552970886230469,165.64666748046875
132692,3977,75.0,75,0.05,2.7088210582733154,165.54257202148438
132721,3978,29.0,29,0.05,1.9158738851547241,165.1265106201172
132815,3979,94.0,94,0.05,3.0570762157440186,166.55203247070312
132839,3980,24.0,24,0.05,0.3795560598373413,165.2537841796875
132938,3981,99.0,99,0.05,0.30319347977638245,167.01742553710938
132979,3982,41.0,41,0.05,3.7729744911193848,165.44287109375
133069,3983,90.0,90,0.05,2.6984081268310547,163.06076049804688
133154,3984,85.0,85,0.05,1.6030744314193726,168.3251953125
133195,3985,41.0,41,0.05,1.4550437927246094,166.66253662109375
133256,3986,61.0,61,0.05,1.877270221710205,164.0052490234375
133362,3987,106.0,106,0.05,1.6575725078582764,164.589111328125
133462,3988,100.0,100,0.05,1.4472464323043823,166.3964080810547
133552,3989,90.0,90,0.05,1.4517275094985962,167.3970947265625
133649,3990,97.0,97,0.05,0.41078129410743713,166.50613403320312
133742,3991,93.0,93,0.05,2.141806125640869,169.15310668945312
133833,3992,91.0,91,0.05,4.20045280456543,165.19091796875
133922,3993,89.0,89,0.05,2.595003843307495,165.90298461914062
134015,3994,93.0,93,0.05,4.162406921386719,166.13450622558594
134101,3995,86.0,86,0.05,2.332179307937622,165.83563232421875
134114,3996,13.0,13,0.05,0.6255350112915039,165.92318725585938
134146,3997,32.0,32,0.05,2.1090011596679688,164.9658203125
134172,3998,26.0,26,0.05,0.5477461814880371,168.06405639648438
134223,3999,51.0,51,0.05,2.762251377105713,167.06631469726562
134306,4000,83.0,83,0.05,4.3064069747924805,169.28602600097656
134393,4001,87.0,87,0.05,0.46223437786102295,166.63287353515625
134482,4002,89.0,89,0.05,1.7112873792648315,167.55450439453125
134516,4003,34.0,34,0.05,1.6646723747253418,166.43572998046875
134548,4004,32.0,32,0.05,4.175313472747803,165.53973388671875
134606,4005,58.0,58,0.05,0.6345314979553223,164.5142822265625
134695,4006,89.0,89,0.05,0.14329376816749573,166.9664306640625
134792,4007,97.0,97,0.05,2.2178916931152344,166.74794006347656
134888,4008,96.0,96,0.05,1.6357625722885132,166.55923461914062
134984,4009,96.0,96,0.05,2.794111728668213,164.68313598632812
135075,4010,91.0,91,0.05,0.3321744203567505,166.77757263183594
135167,4011,92.0,92,0.05,1.1446068286895752,165.77191162109375
135211,4012,44.0,44,0.05,2.270874500274658,166.97552490234375
135302,4013,91.0,91,0.05,1.3226089477539062,167.36968994140625
135314,4014,12.0,12,0.05,6.16453742980957,167.16848754882812
135333,4015,19.0,19,0.05,2.6114425659179688,165.90406799316406
135425,4016,92.0,92,0.05,4.045283794403076,163.6897430419922
135512,4017,87.0,87,0.05,0.5167059302330017,161.38922119140625
135602,4018,90.0,90,0.05,1.4216315746307373,165.15274047851562
135691,4019,89.0,89,0.05,2.5660781860351562,163.43124389648438
135725,4020,34.0,34,0.05,3.825812339782715,167.62265014648438
135817,4021,92.0,92,0.05,1.748979091644287,162.7215576171875
135912,4022,95.0,95,0.05,1.4543581008911133,164.11135864257812
135928,4023,16.0,16,0.05,1.63460111618042,166.76148986816406
136020,4024,92.0,92,0.05,0.4245576858520508,162.92703247070312
136106,4025,86.0,86,0.05,4.252880096435547,164.67474365234375
136121,4026,15.0,15,0.05,2.1148557662963867,162.0376434326172
136208,4027,87.0,87,0.05,0.18250709772109985,165.47323608398438
136238,4028,30.0,30,0.05,1.5006555318832397,165.72183227539062
136328,4029,90.0,90,0.05,0.4622296690940857,160.49853515625
136418,4030,90.0,90,0.05,2.372359037399292,163.03195190429688
136450,4031,32.0,32,0.05,0.9496479630470276,162.29092407226562
136526,4032,76.0,76,0.05,1.4189499616622925,164.72433471679688
136620,4033,94.0,94,0.05,0.8431181311607361,163.59671020507812
136710,4034,90.0,90,0.05,2.6990699768066406,164.39044189453125
136721,4035,11.0,11,0.05,1.4735344648361206,162.89715576171875
136739,4036,18.0,18,0.05,2.6436777114868164,162.22491455078125
136822,4037,83.0,83,0.05,2.736116886138916,160.9661102294922
136868,4038,46.0,46,0.05,4.277938365936279,161.50634765625
136932,4039,64.0,64,0.05,1.9999486207962036,164.26483154296875
136968,4040,36.0,36,0.05,0.3904165029525757,160.38929748535156
137009,4041,41.0,41,0.05,3.8092164993286133,163.40359497070312
137046,4042,37.0,37,0.05,1.8525283336639404,161.72329711914062
137063,4043,17.0,17,0.05,1.649697184562683,159.3629608154297
137121,4044,58.0,58,0.05,1.2409307956695557,163.54745483398438
137170,4045,49.0,49,0.05,0.9573197364807129,161.87095642089844
137201,4046,31.0,31,0.05,0.07227043807506561,162.14321899414062
137230,4047,29.0,29,0.05,2.5397913455963135,162.3741912841797
137318,4048,88.0,88,0.05,2.35947847366333,160.1031494140625
137419,4049,101.0,101,0.05,1.392771601676941,162.08322143554688
137516,4050,97.0,97,0.05,3.1582369804382324,162.5086212158203
137606,4051,90.0,90,0.05,0.2952031195163727,162.96722412109375
137702,4052,96.0,96,0.05,1.1773959398269653,163.73866271972656
137719,4053,17.0,17,0.05,1.3737874031066895,161.73765563964844
137793,4054,74.0,74,0.05,0.7537188529968262,158.55606079101562
137816,4055,23.0,23,0.05,2.0948753356933594,162.16786193847656
137904,4056,88.0,88,0.05,0.20253430306911469,164.01113891601562
137994,4057,90.0,90,0.05,2.5041120052337646,160.53086853027344
138015,4058,21.0,21,0.05,1.459169626235962,161.21673583984375
138105,4059,90.0,90,0.05,1.4428621530532837,157.51254272460938
138197,4060,92.0,92,0.05,2.2269437313079834,158.8616943359375
138289,4061,92.0,92,0.05,5.202587127685547,157.75509643554688
138379,4062,90.0,90,0.05,2.37298846244812,158.01187133789062
138465,4063,86.0,86,0.05,3.6006765365600586,158.90904235839844
138553,4064,88.0,88,0.05,2.5263352394104004,156.22628784179688
138636,4065,83.0,83,0.05,2.3908987045288086,161.32723999023438
138670,4066,34.0,34,0.05,2.989480495452881,159.5729217529297
138744,4067,74.0,74,0.05,2.0802719593048096,161.27630615234375
138787,4068,43.0,43,0.05,1.6150970458984375,158.364013671875
138842,4069,55.0,55,0.05,0.8304784893989563,158.59237670898438
138933,4070,91.0,91,0.05,1.2884111404418945,160.41482543945312
138951,4071,18.0,18,0.05,1.4475140571594238,160.26394653320312
138962,4072,11.0,11,0.05,2.1158578395843506,159.15664672851562
138981,4073,19.0,19,0.05,1.4410842657089233,159.26193237304688
139058,4074,77.0,77,0.05,1.3612158298492432,158.46240234375
139145,4075,87.0,87,0.05,1.105170488357544,160.19476318359375
139232,4076,87.0,87,0.05,0.16822630167007446,160.8287353515625
139310,4077,78.0,78,0.05,4.4318060874938965,156.89996337890625
139343,4078,33.0,33,0.05,0.6586523652076721,157.37298583984375
139363,4079,20.0,20,0.05,3.85184907913208,155.37240600585938
139454,4080,91.0,91,0.05,1.120916485786438,154.83590698242188
139543,4081,89.0,89,0.05,2.2204136848449707,156.65106201171875
139632,4082,89.0,89,0.05,1.3428118228912354,156.30581665039062
139724,4083,92.0,92,0.05,1.1238315105438232,157.24923706054688
139819,4084,95.0,95,0.05,2.6487417221069336,154.4656524658203
139928,4085,109.0,109,0.05,0.8345668315887451,155.36984252929688
140043,4086,115.0,115,0.05,2.613748550415039,155.125732421875
140066,4087,23.0,23,0.05,2.0464231967926025,155.66915893554688
140155,4088,89.0,89,0.05,4.158143997192383,156.345703125
140253,4089,98.0,98,0.05,1.9020642042160034,154.58062744140625
140270,4090,17.0,17,0.05,1.3989065885543823,155.87713623046875
140378,4091,108.0,108,0.05,1.1743342876434326,153.66578674316406
140427,4092,49.0,49,0.05,0.30267682671546936,156.1344451904297
140520,4093,93.0,93,0.05,1.8225085735321045,150.81112670898438
140649,4094,129.0,129,0.05,2.262434959411621,152.92318725585938
140777,4095,128.0,128,0.05,1.0598443746566772,154.92552185058594
140823,4096,46.0,46,0.05,0.7264642119407654,155.5065460205078
140963,4097,140.0,140,0.05,0.17905305325984955,156.39248657226562
141106,4098,143.0,143,0.05,2.205759048461914,153.382080078125
141241,4099,135.0,135,0.05,1.4301705360412598,148.10552978515625
141384,4100,143.0,143,0.05,1.2783253192901611,152.7035369873047
141525,4101,141.0,141,0.05,2.6515872478485107,149.56072998046875
141537,4102,12.0,12,0.05,2.385806083679199,149.87213134765625
141669,4103,132.0,132,0.05,1.755380392074585,149.61961364746094
141767,4104,98.0,98,0.05,1.410426139831543,148.87319946289062
141895,4105,128.0,128,0.05,0.6033214330673218,150.01046752929688
142023,4106,128.0,128,0.05,1.220412254333496,148.55682373046875
142145,4107,122.0,122,0.05,2.1439881324768066,151.62380981445312
142271,4108,126.0,126,0.05,2.8955249786376953,150.11093139648438
142391,4109,120.0,120,0.05,0.556908369064331,149.91055297851562
142513,4110,122.0,122,0.05,1.128669023513794,149.20852661132812
142650,4111,137.0,137,0.05,1.8645548820495605,148.7935028076172
142775,4112,125.0,125,0.05,1.3688925504684448,145.073974609375
142884,4113,109.0,109,0.05,1.0636762380599976,149.16827392578125
143008,4114,124.0,124,0.05,1.4483389854431152,147.27137756347656
143087,4115,79.0,79,0.05,0.14584723114967346,148.83370971679688
143205,4116,118.0,118,0.05,0.0859939306974411,147.58541870117188
143332,4117,127.0,127,0.05,1.166221022605896,146.1700897216797
143457,4118,125.0,125,0.05,1.7240008115768433,145.63412475585938
143595,4119,138.0,138,0.05,1.5812525749206543,146.28298950195312
143718,4120,123.0,123,0.05,1.561213731765747,145.9619598388672
143856,4121,138.0,138,0.05,0.09541939198970795,145.62379455566406
143990,4122,134.0,134,0.05,1.0068303346633911,144.560546875
144122,4123,132.0,132,0.05,1.3745473623275757,141.06216430664062
144245,4124,123.0,123,0.05,0.1319969743490219,146.27841186523438
144344,4125,99.0,99,0.05,0.25702962279319763,143.2919464111328
144443,4126,99.0,99,0.05,0.9258419275283813,142.74964904785156
144543,4127,100.0,100,0.05,1.2451488971710205,143.08071899414062
144643,4128,100.0,100,0.05,2.4702324867248535,141.60208129882812
144750,4129,107.0,107,0.05,3.55257511138916,143.55706787109375
144864,4130,114.0,114,0.05,1.0243538618087769,141.71588134765625
144989,4131,125.0,125,0.05,1.7043474912643433,145.21026611328125
145120,4132,131.0,131,0.05,2.33512806892395,140.7606964111328
145256,4133,136.0,136,0.05,2.042490243911743,139.5711669921875
145379,4134,123.0,123,0.05,1.501291036605835,141.4268341064453
145514,4135,135.0,135,0.05,2.602749824523926,142.75332641601562
145624,4136,110.0,110,0.05,2.637355327606201,134.33206176757812
145733,4137,109.0,109,0.05,1.0215462446212769,141.045166015625
145834,4138,101.0,101,0.05,2.480168342590332,139.9327392578125
145946,4139,112.0,112,0.05,0.989020049571991,140.13290405273438
146051,4140,105.0,105,0.05,1.2350116968154907,136.9290313720703
146165,4141,114.0,114,0.05,0.15909132361412048,139.51869201660156
146287,4142,122.0,122,0.05,1.2138787508010864,141.15097045898438
146419,4143,132.0,132,0.05,3.4691309928894043,136.00570678710938
146561,4144,142.0,142,0.05,1.4259443283081055,136.618896484375
146681,4145,120.0,120,0.05,0.8324387669563293,139.0022735595703
146826,4146,145.0,145,0.05,0.21286939084529877,136.6184539794922
146948,4147,122.0,122,0.05,2.49273681640625,134.1280517578125
147057,4148,109.0,109,0.05,0.439616322517395,135.00726318359375
147178,4149,121.0,121,0.05,0.7966395616531372,136.60308837890625
147306,4150,128.0,128,0.05,0.21067483723163605,136.8065643310547
147439,4151,133.0,133,0.05,0.5859848260879517,137.47238159179688
147568,4152,129.0,129,0.05,0.07133807986974716,132.14540100097656
147688,4153,120.0,120,0.05,0.8297722935676575,134.17971801757812
147827,4154,139.0,139,0.05,1.1609950065612793,135.16842651367188
147958,4155,131.0,131,0.05,0.1089528277516365,133.0325927734375
148084,4156,126.0,126,0.05,1.475649356842041,134.19207763671875
148222,4157,138.0,138,0.05,0.7470893859863281,134.72552490234375
148367,4158,145.0,145,0.05,1.0787361860275269,131.44171142578125
148540,4159,173.0,173,0.05,0.7271873950958252,131.86886596679688
148678,4160,138.0,138,0.05,0.7481762766838074,131.33367919921875
148830,4161,152.0,152,0.05,0.05927027016878128,134.56561279296875
148963,4162,133.0,133,0.05,0.7855396270751953,130.5876007080078
149106,4163,143.0,143,0.05,0.06411590427160263,129.9829864501953
149238,4164,132.0,132,0.05,1.3574154376983643,133.1373291015625
149375,4165,137.0,137,0.05,0.7654890418052673,129.02078247070312
149509,4166,134.0,134,0.05,0.729216456413269,128.05181884765625
149652,4167,143.0,143,0.05,0.8188855051994324,127.55990600585938
149800,4168,148.0,148,0.05,0.6773812770843506,125.9085693359375
149947,4169,147.0,147,0.05,0.030252717435359955,130.60888671875
149971,4170,24.0,24,0.05,0.5732435584068298,128.74365234375
