global_step,episode,episode_return,episode_length,loss,actor_type,case_entries,cases_pruned,cases_replaced,actor_cases_pruned,actor_cases_replaced,critic_cases_pruned,critic_cases_replaced,critic_label_updates,critic_label_update_samples,exploration_epsilon,behavior_epsilon,policy_ready,action_probs,behavior_action_probs,action_counts,bias_min,bias_mean,bias_max
29,1,29.0,29,,nnknn,0,0,0,0,0,0,0,0,0,0.9996453333333334,1.0,False,"[0.5, 0.5]","[0.5, 0.5]","[0, 0]",,,
40,2,11.0,11,,nnknn,0,0,0,0,0,0,0,0,0,0.999506,1.0,False,"[0.5, 0.5]","[0.5, 0.5]","[0, 0]",,,
52,3,12.0,12,,nnknn,0,0,0,0,0,0,0,0,0,0.999354,1.0,False,"[0.5, 0.5]","[0.5, 0.5]","[0, 0]",,,
72,4,20.0,20,68.32059478759766,nnknn,72,0,0,0,0,0,0,0,0,0.9991006666666666,1.0,False,"[0.5, 0.5]","[0.5, 0.5]","[39, 33]",0.0,0.0,0.0
84,5,12.0,12,,nnknn,72,0,0,0,0,0,0,0,0,0.9989486666666667,0.9989486666666667,True,"[0.37692099809646606, 0.6230790019035339]","[0.4998705983161926, 0.5001294016838074]","[39, 33]",0.0,0.0,0.0
101,6,17.0,17,,nnknn,72,0,0,0,0,0,0,0,0,0.9987333333333334,0.9987333333333334,True,"[0.7091392278671265, 0.29086077213287354]","[0.5002648830413818, 0.4997350871562958]","[39, 33]",0.0,0.0,0.0
122,7,21.0,21,,nnknn,72,0,0,0,0,0,0,0,0,0.9984673333333334,0.9984673333333334,True,"[0.3916144371032715, 0.6083855628967285]","[0.499833881855011, 0.500166118144989]","[39, 33]",0.0,0.0,0.0
147,8,25.0,25,14.181836128234863,nnknn,121,0,0,0,0,0,0,0,0,0.9981506666666666,0.9981506666666666,True,"[0.4061637222766876, 0.5938363075256348]","[0.49982646107673645, 0.5001735091209412]","[65, 56]",-0.000499880756251514,-7.434833969455212e-05,0.0004999440279789269
168,9,21.0,21,,nnknn,121,0,0,0,0,0,0,0,0,0.9978846666666666,0.9978846666666666,True,"[0.6697462797164917, 0.3302537798881531]","[0.500359058380127, 0.49964094161987305]","[65, 56]",-0.000499880756251514,-7.434833969455212e-05,0.0004999440279789269
193,10,25.0,25,,nnknn,121,0,0,0,0,0,0,0,0,0.997568,0.997568,True,"[0.28296181559562683, 0.7170381546020508]","[0.49947217106819153, 0.5005278587341309]","[65, 56]",-0.000499880756251514,-7.434833969455212e-05,0.0004999440279789269
210,11,17.0,17,,nnknn,121,0,0,0,0,0,0,0,0,0.9973526666666667,0.9973526666666667,True,"[0.7209224104881287, 0.2790776193141937]","[0.5005848407745361, 0.4994151294231415]","[65, 56]",-0.000499880756251514,-7.434833969455212e-05,0.0004999440279789269
220,12,10.0,10,13.82665729522705,nnknn,157,0,0,0,0,0,0,0,0,0.997226,0.997226,True,"[0.6977977752685547, 0.3022022843360901]","[0.5005487203598022, 0.49945130944252014]","[83, 74]",-0.0009997806046158075,-0.0001315839181188494,0.0010003807255998254
234,13,14.0,14,,nnknn,157,0,0,0,0,0,0,0,0,0.9970486666666667,0.9970486666666667,True,"[0.9179196357727051, 0.08208035677671432]","[0.5012333989143372, 0.49876657128334045]","[83, 74]",-0.0009997806046158075,-0.0001315839181188494,0.0010003807255998254
259,14,25.0,25,,nnknn,157,0,0,0,0,0,0,0,0,0.996732,0.996732,True,"[0.6074028611183167, 0.39259716868400574]","[0.5003510117530823, 0.4996490180492401]","[83, 74]",-0.0009997806046158075,-0.0001315839181188494,0.0010003807255998254
295,15,36.0,36,,nnknn,157,0,0,0,0,0,0,0,0,0.996276,0.996276,True,"[0.262045294046402, 0.7379547357559204]","[0.49911385774612427, 0.5008861422538757]","[83, 74]",-0.0009997806046158075,-0.0001315839181188494,0.0010003807255998254
304,16,9.0,9,23.791276931762695,nnknn,204,0,0,0,0,0,0,0,0,0.996162,0.996162,True,"[0.914463996887207, 0.08553597331047058]","[0.5015907287597656, 0.4984092712402344]","[109, 95]",-0.0014640281442552805,-0.00016985787078738213,0.0014894617488607764
317,17,13.0,13,,nnknn,204,0,0,0,0,0,0,0,0,0.9959973333333333,0.9959973333333333,True,"[0.49068668484687805, 0.5093132853507996]","[0.499962717294693, 0.5000372529029846]","[109, 95]",-0.0014640281442552805,-0.00016985787078738213,0.0014894617488607764
333,18,16.0,16,,nnknn,204,0,0,0,0,0,0,0,0,0.9957946666666667,0.9957946666666667,True,"[0.8090463876724243, 0.19095361232757568]","[0.5012996196746826, 0.498700350522995]","[109, 95]",-0.0014640281442552805,-0.00016985787078738213,0.0014894617488607764
342,19,9.0,9,,nnknn,204,0,0,0,0,0,0,0,0,0.9956806666666667,0.9956806666666667,True,"[0.8159564137458801, 0.18404363095760345]","[0.5013647079467773, 0.49863529205322266]","[109, 95]",-0.0014640281442552805,-0.00016985787078738213,0.0014894617488607764
357,20,15.0,15,8.914849281311035,nnknn,224,0,0,0,0,0,0,0,0,0.9954906666666666,0.9954906666666666,True,"[0.47042691707611084, 0.5295730829238892]","[0.49986663460731506, 0.5001333355903625]","[120, 104]",-0.0018941275775432587,-0.0002353460295125842,0.001972776371985674
370,21,13.0,13,,nnknn,224,0,0,0,0,0,0,0,0,0.995326,0.995326,True,"[0.39957180619239807, 0.6004282236099243]","[0.4995305836200714, 0.5004693865776062]","[120, 104]",-0.0018941275775432587,-0.0002353460295125842,0.001972776371985674
394,22,24.0,24,,nnknn,224,0,0,0,0,0,0,0,0,0.995022,0.995022,True,"[0.3839349150657654, 0.6160651445388794]","[0.49942222237586975, 0.5005777478218079]","[120, 104]",-0.0018941275775432587,-0.0002353460295125842,0.001972776371985674
414,23,20.0,20,,nnknn,224,0,0,0,0,0,0,0,0,0.9947686666666666,0.9947686666666666,True,"[0.9048411846160889, 0.09515883028507233]","[0.5021178722381592, 0.4978821575641632]","[120, 104]",-0.0018941275775432587,-0.0002353460295125842,0.001972776371985674
428,24,14.0,14,8.748174667358398,nnknn,259,0,0,0,0,0,0,0,0,0.9945913333333334,0.9945913333333334,True,"[0.5934410691261292, 0.4065589904785156]","[0.5005053877830505, 0.49949461221694946]","[138, 121]",-0.0023682222235947847,-0.0002679176104720682,0.002418368123471737
446,25,18.0,18,,nnknn,259,0,0,0,0,0,0,0,0,0.9943633333333334,0.9943633333333334,True,"[0.29057076573371887, 0.7094292044639587]","[0.498819500207901, 0.5011804699897766]","[138, 121]",-0.0023682222235947847,-0.0002679176104720682,0.002418368123471737
477,26,31.0,31,,nnknn,259,0,0,0,0,0,0,0,0,0.9939706666666667,0.9939706666666667,True,"[0.585253894329071, 0.41474613547325134]","[0.500514030456543, 0.49948596954345703]","[138, 121]",-0.0023682222235947847,-0.0002679176104720682,0.002418368123471737
495,27,18.0,18,,nnknn,259,0,0,0,0,0,0,0,0,0.9937426666666667,0.9937426666666667,True,"[0.4742649793624878, 0.5257350206375122]","[0.4998389780521393, 0.5001610517501831]","[138, 121]",-0.0023682222235947847,-0.0002679176104720682,0.002418368123471737
509,28,14.0,14,16.074298858642578,nnknn,303,25,0,0,0,25,0,0,0,0.9935653333333333,0.9935653333333333,True,"[0.0930480882525444, 0.9069519639015198]","[0.49738138914108276, 0.5026186108589172]","[162, 141]",-0.0027768127620220184,-0.0002766665711533278,0.0028014127165079117
532,29,23.0,23,,nnknn,303,25,0,0,0,25,0,0,0,0.993274,0.993274,True,"[0.31190699338912964, 0.6880930662155151]","[0.49873489141464233, 0.5012651085853577]","[162, 141]",-0.0027768127620220184,-0.0002766665711533278,0.0028014127165079117
555,30,23.0,23,,nnknn,303,25,0,0,0,25,0,0,0,0.9929826666666667,0.9929826666666667,True,"[0.20897513628005981, 0.791024923324585]","[0.4979577958583832, 0.5020422339439392]","[162, 141]",-0.0027768127620220184,-0.0002766665711533278,0.0028014127165079117
569,31,14.0,14,,nnknn,303,25,0,0,0,25,0,0,0,0.9928053333333333,0.9928053333333333,True,"[0.7752413153648376, 0.22475868463516235]","[0.5019802451133728, 0.4980197250843048]","[162, 141]",-0.0027768127620220184,-0.0002766665711533278,0.0028014127165079117
600,32,31.0,31,12.258028030395508,nnknn,353,100,0,0,0,100,0,0,0,0.9924126666666667,0.9924126666666667,True,"[0.6799188256263733, 0.3200812041759491]","[0.5013651251792908, 0.4986349046230316]","[186, 167]",-0.0031357351690530777,-0.00027334250626154244,0.0031358639243990183
611,33,11.0,11,,nnknn,353,100,0,0,0,100,0,0,0,0.9922733333333333,0.9922733333333333,True,"[0.31152644753456116, 0.6884735226631165]","[0.49854373931884766, 0.5014562606811523]","[186, 167]",-0.0031357351690530777,-0.00027334250626154244,0.0031358639243990183
623,34,12.0,12,,nnknn,353,100,0,0,0,100,0,0,0,0.9921213333333333,0.9921213333333333,True,"[0.30557891726493835, 0.6944210529327393]","[0.49846822023391724, 0.5015317797660828]","[186, 167]",-0.0031357351690530777,-0.00027334250626154244,0.0031358639243990183
634,35,11.0,11,,nnknn,353,100,0,0,0,100,0,0,0,0.991982,0.991982,True,"[0.31021109223365784, 0.6897889375686646]","[0.4984782636165619, 0.5015217065811157]","[186, 167]",-0.0031357351690530777,-0.00027334250626154244,0.0031358639243990183
647,36,13.0,13,12.570778846740723,nnknn,361,159,0,0,0,159,0,0,0,0.9918173333333333,0.9918173333333333,True,"[0.5667464733123779, 0.4332534968852997]","[0.5005461573600769, 0.4994538426399231]","[191, 170]",-0.0035199420526623726,-0.00029890742735005915,0.003430647775530815
669,37,22.0,22,,nnknn,361,159,0,0,0,159,0,0,0,0.9915386666666667,0.9915386666666667,True,"[0.1890794336795807, 0.8109205961227417]","[0.4973691999912262, 0.5026308298110962]","[191, 170]",-0.0035199420526623726,-0.00029890742735005915,0.003430647775530815
683,38,14.0,14,,nnknn,361,159,0,0,0,159,0,0,0,0.9913613333333333,0.9913613333333333,True,"[0.5056001543998718, 0.49439990520477295]","[0.5000483989715576, 0.49995163083076477]","[191, 170]",-0.0035199420526623726,-0.00029890742735005915,0.003430647775530815
692,39,9.0,9,,nnknn,361,159,0,0,0,159,0,0,0,0.9912473333333334,0.9912473333333334,True,"[0.5149257183074951, 0.48507431149482727]","[0.5001306533813477, 0.49986934661865234]","[191, 170]",-0.0035199420526623726,-0.00029890742735005915,0.003430647775530815
714,40,22.0,22,12.184703826904297,nnknn,389,227,0,0,0,227,0,0,0,0.9909686666666667,0.9909686666666667,True,"[0.8063346147537231, 0.19366540014743805]","[0.5027666091918945, 0.49723339080810547]","[205, 184]",-0.003939941991120577,-0.0003040183801203966,0.003730532480403781
729,41,15.0,15,,nnknn,389,227,0,0,0,227,0,0,0,0.9907786666666667,0.9907786666666667,True,"[0.6441279649734497, 0.3558720648288727]","[0.5013290643692017, 0.4986709654331207]","[205, 184]",-0.003939941991120577,-0.0003040183801203966,0.003730532480403781
744,42,15.0,15,,nnknn,389,227,0,0,0,227,0,0,0,0.9905886666666667,0.9905886666666667,True,"[0.30245348811149597, 0.6975465416908264]","[0.498140811920166, 0.501859188079834]","[205, 184]",-0.003939941991120577,-0.0003040183801203966,0.003730532480403781
754,43,10.0,10,,nnknn,389,227,0,0,0,227,0,0,0,0.990462,0.990462,True,"[0.8968484997749329, 0.10315149277448654]","[0.5037851333618164, 0.4962148666381836]","[205, 184]",-0.003939941991120577,-0.0003040183801203966,0.003730532480403781
776,44,22.0,22,12.8516845703125,nnknn,417,277,0,0,0,277,0,0,0,0.9901833333333333,0.9901833333333333,True,"[0.5020780563354492, 0.49792197346687317]","[0.5000203847885132, 0.4999796152114868]","[219, 198]",-0.004261001944541931,-0.00031248151208274066,0.003998123109340668
786,45,10.0,10,,nnknn,417,277,0,0,0,277,0,0,0,0.9900566666666667,0.9900566666666667,True,"[0.3937492370605469, 0.6062507629394531]","[0.4989435076713562, 0.5010564923286438]","[219, 198]",-0.004261001944541931,-0.00031248151208274066,0.003998123109340668
800,46,14.0,14,,nnknn,417,277,0,0,0,277,0,0,0,0.9898793333333333,0.9898793333333333,True,"[0.5943387746810913, 0.4056612551212311]","[0.5009547472000122, 0.4990452229976654]","[219, 198]",-0.004261001944541931,-0.00031248151208274066,0.003998123109340668
825,47,25.0,25,,nnknn,417,277,0,0,0,277,0,0,0,0.9895626666666667,0.9895626666666667,True,"[0.7339149117469788, 0.26608508825302124]","[0.5024414658546448, 0.4975585639476776]","[219, 198]",-0.004261001944541931,-0.00031248151208274066,0.003998123109340668
835,48,10.0,10,10.387215614318848,nnknn,438,345,0,0,0,345,0,0,0,0.989436,0.989436,True,"[0.43034374713897705, 0.569656252861023]","[0.4992641508579254, 0.500735878944397]","[231, 207]",-0.004630328621715307,-0.0003199489729013294,0.004241386894136667
847,49,12.0,12,,nnknn,438,345,0,0,0,345,0,0,0,0.989284,0.989284,True,"[0.44171780347824097, 0.558282196521759]","[0.49937543272972107, 0.5006245374679565]","[231, 207]",-0.004630328621715307,-0.0003199489729013294,0.004241386894136667
869,50,22.0,22,,nnknn,438,345,0,0,0,345,0,0,0,0.9890053333333333,0.9890053333333333,True,"[0.902170717716217, 0.09782926738262177]","[0.5044217109680176, 0.49557825922966003]","[231, 207]",-0.004630328621715307,-0.0003199489729013294,0.004241386894136667
887,51,18.0,18,,nnknn,438,345,0,0,0,345,0,0,0,0.9887773333333333,0.9887773333333333,True,"[0.9031299948692322, 0.09686999768018723]","[0.5045241713523865, 0.49547579884529114]","[231, 207]",-0.004630328621715307,-0.0003199489729013294,0.004241386894136667
900,52,13.0,13,8.454952239990234,nnknn,459,420,0,0,0,420,0,0,0,0.9886126666666667,0.9886126666666667,True,"[0.7000539898872375, 0.29994603991508484]","[0.5022780895233154, 0.49772191047668457]","[243, 216]",-0.004962394945323467,-0.00032545404974371195,0.004573304671794176
911,53,11.0,11,,nnknn,459,420,0,0,0,420,0,0,0,0.9884733333333333,0.9884733333333333,True,"[0.8022313714027405, 0.19776864349842072]","[0.5034837126731873, 0.49651628732681274]","[243, 216]",-0.004962394945323467,-0.00032545404974371195,0.004573304671794176
926,54,15.0,15,,nnknn,459,420,0,0,0,420,0,0,0,0.9882833333333333,0.9882833333333333,True,"[0.5044887065887451, 0.49551132321357727]","[0.5000525712966919, 0.4999473989009857]","[243, 216]",-0.004962394945323467,-0.00032545404974371195,0.004573304671794176
960,55,34.0,34,,nnknn,459,420,0,0,0,420,0,0,0,0.9878526666666667,0.9878526666666667,True,"[0.6910325884819031, 0.3089674115180969]","[0.5023205280303955, 0.4976794719696045]","[243, 216]",-0.004962394945323467,-0.00032545404974371195,0.004573304671794176
977,56,17.0,17,15.343021392822266,nnknn,486,520,0,25,0,495,0,0,0,0.9876373333333334,0.9876373333333334,True,"[0.9026283025741577, 0.09737171977758408]","[0.5049775838851929, 0.4950224459171295]","[253, 233]",-0.0036373171024024487,-0.00010932613076874986,0.004914444405585527
1022,57,45.0,45,,nnknn,486,520,0,25,0,495,0,0,0,0.9870673333333333,0.9870673333333333,True,"[0.5930216908454895, 0.4069783389568329]","[0.5012030005455017, 0.4987969696521759]","[253, 233]",-0.0036373171024024487,-0.00010932613076874986,0.004914444405585527
1041,58,19.0,19,,nnknn,486,520,0,25,0,495,0,0,0,0.9868266666666666,0.9868266666666666,True,"[0.6006302833557129, 0.3993696868419647]","[0.5013256072998047, 0.4986743628978729]","[253, 233]",-0.0036373171024024487,-0.00010932613076874986,0.004914444405585527
1086,59,45.0,45,,nnknn,486,520,0,25,0,495,0,0,0,0.9862566666666667,0.9862566666666667,True,"[0.49727776646614075, 0.5027222633361816]","[0.49996259808540344, 0.500037431716919]","[253, 233]",-0.0036373171024024487,-0.00010932613076874986,0.004914444405585527
1099,60,13.0,13,45.37194061279297,nnknn,453,733,15,149,0,584,15,0,0,0.986092,0.986092,True,"[0.5068463683128357, 0.4931536018848419]","[0.5000952482223511, 0.4999047815799713]","[229, 224]",-0.0011522861896082759,0.0005438027437776327,0.005414242390543222
1118,61,19.0,19,,nnknn,453,733,15,149,0,584,15,0,0,0.9858513333333333,0.9858513333333333,True,"[0.10634497553110123, 0.8936550617218018]","[0.4944303035736084, 0.5055696964263916]","[229, 224]",-0.0011522861896082759,0.0005438027437776327,0.005414242390543222
1127,62,9.0,9,,nnknn,453,733,15,149,0,584,15,0,0,0.9857373333333334,0.9857373333333334,True,"[0.7972648739814758, 0.20273512601852417]","[0.5042397975921631, 0.4957602024078369]","[229, 224]",-0.0011522861896082759,0.0005438027437776327,0.005414242390543222
1144,63,17.0,17,,nnknn,453,733,15,149,0,584,15,0,0,0.985522,0.985522,True,"[0.7989826798439026, 0.2010173797607422]","[0.5043286681175232, 0.4956713318824768]","[229, 224]",-0.0011522861896082759,0.0005438027437776327,0.005414242390543222
1157,64,13.0,13,17.457067489624023,nnknn,469,790,16,149,0,641,16,0,0,0.9853573333333333,0.9853573333333333,True,"[0.2049618810415268, 0.7950381636619568]","[0.4956798553466797, 0.5043201446533203]","[236, 233]",-0.0016512133879587054,0.0004812896659132093,0.00504490127786994
1171,65,14.0,14,,nnknn,469,790,16,149,0,641,16,0,0,0.98518,0.98518,True,"[0.5998449921607971, 0.40015503764152527]","[0.5014796853065491, 0.4985203146934509]","[236, 233]",-0.0016512133879587054,0.0004812896659132093,0.00504490127786994
1206,66,35.0,35,,nnknn,469,790,16,149,0,641,16,0,0,0.9847366666666667,0.9847366666666667,True,"[0.40046411752700806, 0.5995359420776367]","[0.49848073720932007, 0.5015192627906799]","[236, 233]",-0.0016512133879587054,0.0004812896659132093,0.00504490127786994
1274,67,68.0,68,,nnknn,469,790,16,149,0,641,16,0,0,0.9838753333333333,0.9838753333333333,True,"[0.19805970788002014, 0.8019402623176575]","[0.49513131380081177, 0.5048686861991882]","[236, 233]",-0.0016512133879587054,0.0004812896659132093,0.00504490127786994
1288,68,14.0,14,68.99571228027344,nnknn,491,948,64,224,0,724,64,0,0,0.983698,0.983698,True,"[0.6963595151901245, 0.3036405146121979]","[0.5032010674476624, 0.49679896235466003]","[231, 260]",-0.0007508070557378232,0.0006300443201325834,0.005339662078768015
1302,69,14.0,14,,nnknn,491,948,64,224,0,724,64,0,0,0.9835206666666667,0.9835206666666667,True,"[0.5947260856628418, 0.4052738845348358]","[0.5015610456466675, 0.4984389841556549]","[231, 260]",-0.0007508070557378232,0.0006300443201325834,0.005339662078768015
1335,70,33.0,33,,nnknn,491,948,64,224,0,724,64,0,0,0.9831026666666667,0.9831026666666667,True,"[0.6944853067398071, 0.30551472306251526]","[0.5032863020896912, 0.4967137277126312]","[231, 260]",-0.0007508070557378232,0.0006300443201325834,0.005339662078768015
1370,71,35.0,35,,nnknn,491,948,64,224,0,724,64,0,0,0.9826593333333333,0.9826593333333333,True,"[0.707899808883667, 0.2921002507209778]","[0.5036051273345947, 0.4963948726654053]","[231, 260]",-0.0007508070557378232,0.0006300443201325834,0.005339662078768015
1400,72,30.0,30,42.02376174926758,nnknn,488,1086,113,299,0,787,113,0,0,0.9822793333333333,0.9822793333333333,True,"[0.17897090315818787, 0.8210291266441345]","[0.4943111538887024, 0.5056888461112976]","[229, 259]",-0.0004688320041168481,0.0007155657513067126,0.005554585717618465
1415,73,15.0,15,,nnknn,488,1086,113,299,0,787,113,0,0,0.9820893333333334,0.9820893333333334,True,"[0.7064269781112671, 0.2935730814933777]","[0.5036972165107727, 0.4963027536869049]","[229, 259]",-0.0004688320041168481,0.0007155657513067126,0.005554585717618465
1428,74,13.0,13,,nnknn,488,1086,113,299,0,787,113,0,0,0.9819246666666667,0.9819246666666667,True,"[0.3675606846809387, 0.632439374923706]","[0.497606098651886, 0.502393901348114]","[229, 259]",-0.0004688320041168481,0.0007155657513067126,0.005554585717618465
1448,75,20.0,20,,nnknn,488,1086,113,299,0,787,113,0,0,0.9816713333333333,0.9816713333333333,True,"[0.8045744895935059, 0.19542551040649414]","[0.5055824518203735, 0.49441754817962646]","[229, 259]",-0.0004688320041168481,0.0007155657513067126,0.005554585717618465
1463,76,15.0,15,16.932600021362305,nnknn,477,1166,121,324,0,842,121,0,0,0.9814813333333333,0.9814813333333333,True,"[0.5867950320243835, 0.41320493817329407]","[0.501607358455658, 0.49839267134666443]","[229, 248]",-0.0004995837807655334,0.0007319366559386253,0.005339879542589188
1504,77,41.0,41,,nnknn,477,1166,121,324,0,842,121,0,0,0.980962,0.980962,True,"[0.7052132487297058, 0.2947867810726166]","[0.5039068460464478, 0.49609315395355225]","[229, 248]",-0.0004995837807655334,0.0007319366559386253,0.005339879542589188
1531,78,27.0,27,,nnknn,477,1166,121,324,0,842,121,0,0,0.98062,0.98062,True,"[0.7956173419952393, 0.20438271760940552]","[0.505729079246521, 0.4942709505558014]","[229, 248]",-0.0004995837807655334,0.0007319366559386253,0.005339879542589188
1542,79,11.0,11,,nnknn,477,1166,121,324,0,842,121,0,0,0.9804806666666667,0.9804806666666667,True,"[0.29801642894744873, 0.7019835710525513]","[0.4960574209690094, 0.503942608833313]","[229, 248]",-0.0004995837807655334,0.0007319366559386253,0.005339879542589188
1587,80,45.0,45,40.75545120239258,nnknn,495,1308,178,399,0,909,178,0,0,0.9799106666666667,0.9799106666666667,True,"[0.6904569864273071, 0.30954301357269287]","[0.5038261413574219, 0.4961738586425781]","[239, 256]",-0.00046118334284983575,0.0007583349361084402,0.00508203636854887
1605,81,18.0,18,,nnknn,495,1308,178,399,0,909,178,0,0,0.9796826666666667,0.9796826666666667,True,"[0.0, 1.0]","[0.4898413419723511, 0.5101586580276489]","[239, 256]",-0.00046118334284983575,0.0007583349361084402,0.00508203636854887
1643,82,38.0,38,,nnknn,495,1308,178,399,0,909,178,0,0,0.9792013333333334,0.9792013333333334,True,"[0.10728831589221954, 0.8927116990089417]","[0.49183210730552673, 0.5081678628921509]","[239, 256]",-0.00046118334284983575,0.0007583349361084402,0.00508203636854887
1658,83,15.0,15,,nnknn,495,1308,178,399,0,909,178,0,0,0.9790113333333333,0.9790113333333333,True,"[0.5073754787445068, 0.49262455105781555]","[0.5001547932624817, 0.4998452067375183]","[239, 256]",-0.00046118334284983575,0.0007583349361084402,0.00508203636854887
1669,84,11.0,11,36.76152420043945,nnknn,483,1402,216,449,0,953,216,0,0,0.978872,0.978872,True,"[0.5087352395057678, 0.4912647604942322]","[0.5001845359802246, 0.499815434217453]","[231, 252]",-0.00023487440194003284,0.0008156861294992268,0.00518697127699852
1680,85,11.0,11,,nnknn,483,1402,216,449,0,953,216,0,0,0.9787326666666667,0.9787326666666667,True,"[0.4134780466556549, 0.5865219831466675]","[0.49815991520881653, 0.5018401145935059]","[231, 252]",-0.00023487440194003284,0.0008156861294992268,0.00518697127699852
1691,86,11.0,11,,nnknn,483,1402,216,449,0,953,216,0,0,0.9785933333333333,0.9785933333333333,True,"[0.7157047986984253, 0.2842952609062195]","[0.5046175122261047, 0.49538248777389526]","[231, 252]",-0.00023487440194003284,0.0008156861294992268,0.00518697127699852
1705,87,14.0,14,,nnknn,483,1402,216,449,0,953,216,0,0,0.978416,0.978416,True,"[0.5992858409881592, 0.4007141590118408]","[0.5021429657936096, 0.497857004404068]","[231, 252]",-0.00023487440194003284,0.0008156861294992268,0.00518697127699852
1725,88,20.0,20,13.936872482299805,nnknn,499,1430,244,449,0,981,244,0,0,0.9781626666666666,0.9781626666666666,True,"[0.6026728749275208, 0.39732712507247925]","[0.5022420883178711, 0.4977578818798065]","[238, 261]",-0.0007307736668735743,0.0007750040967948735,0.0052580744959414005
1739,89,14.0,14,,nnknn,499,1430,244,449,0,981,244,0,0,0.9779853333333334,0.9779853333333334,True,"[0.09367813915014267, 0.9063218832015991]","[0.4910549521446228, 0.5089450478553772]","[238, 261]",-0.0007307736668735743,0.0007750040967948735,0.0052580744959414005
1757,90,18.0,18,,nnknn,499,1430,244,449,0,981,244,0,0,0.9777573333333334,0.9777573333333334,True,"[0.4916698634624481, 0.5083301663398743]","[0.4998147189617157, 0.5001853108406067]","[238, 261]",-0.0007307736668735743,0.0007750040967948735,0.0052580744959414005
1785,91,28.0,28,,nnknn,499,1430,244,449,0,981,244,0,0,0.9774026666666666,0.9774026666666666,True,"[0.5492406487464905, 0.45075932145118713]","[0.501112699508667, 0.498887300491333]","[238, 261]",-0.0007307736668735743,0.0007750040967948735,0.0052580744959414005
1810,92,25.0,25,15.866642951965332,nnknn,489,1531,278,499,0,1032,278,0,0,0.977086,0.977086,True,"[0.6990286111831665, 0.3009713590145111]","[0.5045605301856995, 0.49543946981430054]","[224, 265]",-0.00037196659832261503,0.0008602204034104943,0.005592986475676298
1833,93,23.0,23,,nnknn,489,1531,278,499,0,1032,278,0,0,0.9767946666666667,0.9767946666666667,True,"[0.28446584939956665, 0.7155341506004333]","[0.4949984550476074, 0.5050015449523926]","[224, 265]",-0.00037196659832261503,0.0008602204034104943,0.005592986475676298
1858,94,25.0,25,,nnknn,489,1531,278,499,0,1032,278,0,0,0.976478,0.976478,True,"[0.6938172578811646, 0.30618277192115784]","[0.5045589804649353, 0.4954410195350647]","[224, 265]",-0.00037196659832261503,0.0008602204034104943,0.005592986475676298
1887,95,29.0,29,,nnknn,489,1531,278,499,0,1032,278,0,0,0.9761106666666667,0.9761106666666667,True,"[0.5016922950744629, 0.4983077049255371]","[0.5000404119491577, 0.4999595582485199]","[224, 265]",-0.00037196659832261503,0.0008602204034104943,0.005592986475676298
1911,96,24.0,24,9.68523120880127,nnknn,488,1621,339,549,0,1072,339,0,0,0.9758066666666667,0.9758066666666667,True,"[0.802314817905426, 0.19768519699573517]","[0.5073140263557434, 0.492686003446579]","[234, 254]",-0.00012751173926517367,0.0009303721017204225,0.006092929746955633
1933,97,22.0,22,,nnknn,488,1621,339,549,0,1072,339,0,0,0.975528,0.975528,True,"[0.26720404624938965, 0.7327959537506104]","[0.49430301785469055, 0.5056970119476318]","[234, 254]",-0.00012751173926517367,0.0009303721017204225,0.006092929746955633
1951,98,18.0,18,,nnknn,488,1621,339,549,0,1072,339,0,0,0.9753000000000001,0.9753000000000001,True,"[0.7040175795555115, 0.29598239064216614]","[0.5050392150878906, 0.494960755109787]","[234, 254]",-0.00012751173926517367,0.0009303721017204225,0.006092929746955633
1969,99,18.0,18,,nnknn,488,1621,339,549,0,1072,339,0,0,0.975072,0.975072,True,"[0.8075595498085022, 0.192440465092659]","[0.507666826248169, 0.49233317375183105]","[234, 254]",-0.00012751173926517367,0.0009303721017204225,0.006092929746955633
1982,100,13.0,13,14.825020790100098,nnknn,484,1698,358,574,0,1124,358,0,0,0.9749073333333333,0.9749073333333333,True,"[0.30255982279777527, 0.6974402070045471]","[0.4950456917285919, 0.5049542784690857]","[232, 252]",-0.0004993125912733376,0.000976101029664278,0.006592864170670509
2017,101,35.0,35,,nnknn,484,1698,358,574,0,1124,358,0,0,0.974464,0.974464,True,"[0.3922547996044159, 0.6077452301979065]","[0.4972486197948456, 0.5027514100074768]","[232, 252]",-0.0004993125912733376,0.000976101029664278,0.006592864170670509
2037,102,20.0,20,,nnknn,484,1698,358,574,0,1124,358,0,0,0.9742106666666667,0.9742106666666667,True,"[0.3944731652736664, 0.6055268049240112]","[0.4972785413265228, 0.5027214884757996]","[232, 252]",-0.0004993125912733376,0.000976101029664278,0.006592864170670509
2047,103,10.0,10,,nnknn,484,1698,358,574,0,1124,358,0,0,0.974084,0.974084,True,"[0.5847178101539612, 0.4152822196483612]","[0.5021955370903015, 0.4978044629096985]","[232, 252]",-0.0004993125912733376,0.000976101029664278,0.006592864170670509
2089,104,42.0,42,36.07190704345703,nnknn,487,1822,402,635,0,1187,402,0,0,0.973552,0.973552,True,"[0.5202327370643616, 0.47976723313331604]","[0.5005351305007935, 0.49946486949920654]","[236, 251]",0.0,0.0010589953744783998,0.007071699947118759
2110,105,21.0,21,,nnknn,487,1822,402,635,0,1187,402,0,0,0.973286,0.973286,True,"[0.49260666966438293, 0.5073933005332947]","[0.49980250000953674, 0.5001975297927856]","[236, 251]",0.0,0.0010589953744783998,0.007071699947118759
2131,106,21.0,21,,nnknn,487,1822,402,635,0,1187,402,0,0,0.97302,0.97302,True,"[0.2970818877220154, 0.7029181718826294]","[0.494525283575058, 0.5054747462272644]","[236, 251]",0.0,0.0010589953744783998,0.007071699947118759
2164,107,33.0,33,,nnknn,487,1822,402,635,0,1187,402,0,0,0.972602,0.972602,True,"[0.6992185711860657, 0.3007814586162567]","[0.5054581761360168, 0.49454182386398315]","[236, 251]",0.0,0.0010589953744783998,0.007071699947118759
2179,108,15.0,15,16.2724609375,nnknn,497,1891,448,660,0,1231,448,0,0,0.972412,0.972412,True,"[0.6921588182449341, 0.3078412413597107]","[0.505301296710968, 0.49469873309135437]","[240, 257]",-0.00018531203386373818,0.0010832883417606354,0.006592653226107359
2192,109,13.0,13,,nnknn,497,1891,448,660,0,1231,448,0,0,0.9722473333333334,0.9722473333333334,True,"[0.6454948782920837, 0.35450512170791626]","[0.5040378570556641, 0.49596214294433594]","[240, 257]",-0.00018531203386373818,0.0010832883417606354,0.006592653226107359
2213,110,21.0,21,,nnknn,497,1891,448,660,0,1231,448,0,0,0.9719813333333334,0.9719813333333334,True,"[0.8005961775779724, 0.1994037926197052]","[0.508422315120697, 0.491577684879303]","[240, 257]",-0.00018531203386373818,0.0010832883417606354,0.006592653226107359
2231,111,18.0,18,,nnknn,497,1891,448,660,0,1231,448,0,0,0.9717533333333334,0.9717533333333334,True,"[0.6889601349830627, 0.31103986501693726]","[0.5053374767303467, 0.4946625232696533]","[240, 257]",-0.00018531203386373818,0.0010832883417606354,0.006592653226107359
2248,112,17.0,17,10.539043426513672,nnknn,491,1949,484,685,0,1264,484,0,0,0.971538,0.971538,True,"[0.4017421305179596, 0.5982578992843628]","[0.49720337986946106, 0.5027965903282166]","[233, 258]",-0.00018161101615987718,0.0011030659079551697,0.007092577405273914
2267,113,19.0,19,,nnknn,491,1949,484,685,0,1264,484,0,0,0.9712973333333333,0.9712973333333333,True,"[0.30832400918006897, 0.6916759610176086]","[0.4944983720779419, 0.5055016279220581]","[233, 258]",-0.00018161101615987718,0.0011030659079551697,0.007092577405273914
2291,114,24.0,24,,nnknn,491,1949,484,685,0,1264,484,0,0,0.9709933333333334,0.9709933333333334,True,"[0.20581677556037903, 0.7941832542419434]","[0.4914667308330536, 0.5085332989692688]","[233, 258]",-0.00018161101615987718,0.0011030659079551697,0.007092577405273914
2310,115,19.0,19,,nnknn,491,1949,484,685,0,1264,484,0,0,0.9707526666666667,0.9707526666666667,True,"[0.7975666522979736, 0.20243340730667114]","[0.5087030529975891, 0.4912969768047333]","[233, 258]",-0.00018161101615987718,0.0011030659079551697,0.007092577405273914
2321,116,11.0,11,10.005230903625488,nnknn,499,2022,509,710,0,1312,509,0,0,0.9706133333333333,0.9706133333333333,True,"[0.597446620464325, 0.40255337953567505]","[0.5028636455535889, 0.4971363842487335]","[235, 264]",-0.0004967885906808078,0.0010868143290281296,0.0075925178825855255
2333,117,12.0,12,,nnknn,499,2022,509,710,0,1312,509,0,0,0.9704613333333333,0.9704613333333333,True,"[0.30203863978385925, 0.6979613900184631]","[0.4941524863243103, 0.5058475136756897]","[235, 264]",-0.0004967885906808078,0.0010868143290281296,0.0075925178825855255
2357,118,24.0,24,,nnknn,499,2022,509,710,0,1312,509,0,0,0.9701573333333333,0.9701573333333333,True,"[0.09279167652130127, 0.9072083234786987]","[0.48784780502319336, 0.5121521949768066]","[235, 264]",-0.0004967885906808078,0.0010868143290281296,0.0075925178825855255
2369,119,12.0,12,,nnknn,499,2022,509,710,0,1312,509,0,0,0.9700053333333334,0.9700053333333334,True,"[0.30243435502052307, 0.6975656747817993]","[0.4940740764141083, 0.5059258937835693]","[235, 264]",-0.0004967885906808078,0.0010868143290281296,0.0075925178825855255
2387,120,18.0,18,7.9943342208862305,nnknn,500,2082,540,735,0,1347,540,0,0,0.9697773333333334,0.9697773333333334,True,"[0.6089196801185608, 0.3910803198814392]","[0.5032918453216553, 0.4967081546783447]","[228, 272]",-0.0004991614841856062,0.001107429969124496,0.008092180825769901
2400,121,13.0,13,,nnknn,500,2082,540,735,0,1347,540,0,0,0.9696126666666667,0.9696126666666667,True,"[0.08963137120008469, 0.9103686213493347]","[0.487529993057251, 0.512470006942749]","[228, 272]",-0.0004991614841856062,0.001107429969124496,0.008092180825769901
2411,122,11.0,11,,nnknn,500,2082,540,735,0,1347,540,0,0,0.9694733333333333,0.9694733333333333,True,"[0.30690109729766846, 0.6930989027023315]","[0.49410533905029297, 0.505894660949707]","[228, 272]",-0.0004991614841856062,0.001107429969124496,0.008092180825769901
2459,123,48.0,48,,nnknn,500,2082,540,735,0,1347,540,0,0,0.9688653333333334,0.9688653333333334,True,"[0.18950128555297852, 0.8104987740516663]","[0.4903327226638794, 0.5096672773361206]","[228, 272]",-0.0004991614841856062,0.001107429969124496,0.008092180825769901
2474,124,15.0,15,39.5181770324707,nnknn,496,2172,587,785,0,1387,587,0,0,0.9686753333333333,0.9686753333333333,True,"[0.7454142570495605, 0.25458577275276184]","[0.507687509059906, 0.492312490940094]","[227, 269]",-6.977959856158122e-06,0.0011529696639627218,0.007969914004206657
2495,125,21.0,21,,nnknn,496,2172,587,785,0,1387,587,0,0,0.9684093333333333,0.9684093333333333,True,"[0.6131329536437988, 0.3868670165538788]","[0.5035739541053772, 0.4964260458946228]","[227, 269]",-6.977959856158122e-06,0.0011529696639627218,0.007969914004206657
2527,126,32.0,32,,nnknn,496,2172,587,785,0,1387,587,0,0,0.968004,0.968004,True,"[0.7095978260040283, 0.2904021739959717]","[0.5067062973976135, 0.4932937026023865]","[227, 269]",-6.977959856158122e-06,0.0011529696639627218,0.007969914004206657
2562,127,35.0,35,,nnknn,496,2172,587,785,0,1387,587,0,0,0.9675606666666666,0.9675606666666666,True,"[0.7802813053131104, 0.21971866488456726]","[0.5090921521186829, 0.49090784788131714]","[227, 269]",-6.977959856158122e-06,0.0011529696639627218,0.007969914004206657
2591,128,29.0,29,26.466419219970703,nnknn,500,2258,678,827,18,1431,660,0,0,0.9671933333333333,0.9671933333333333,True,"[0.8062800765037537, 0.1937199831008911]","[0.5100480318069458, 0.4899519681930542]","[232, 268]",0.0,0.0011731227859854698,0.007851742208003998
2605,129,14.0,14,,nnknn,500,2258,678,827,18,1431,660,0,0,0.967016,0.967016,True,"[0.49070924520492554, 0.5092907547950745]","[0.49969354271888733, 0.5003064274787903]","[232, 268]",0.0,0.0011731227859854698,0.007851742208003998
2623,130,18.0,18,,nnknn,500,2258,678,827,18,1431,660,0,0,0.966788,0.966788,True,"[0.6918323040008545, 0.3081676959991455]","[0.5063711404800415, 0.4936288595199585]","[232, 268]",0.0,0.0011731227859854698,0.007851742208003998
2653,131,30.0,30,,nnknn,500,2258,678,827,18,1431,660,0,0,0.966408,0.966408,True,"[0.29347923398017883, 0.7065207958221436]","[0.4930625557899475, 0.5069374442100525]","[232, 268]",0.0,0.0011731227859854698,0.007851742208003998
2668,132,15.0,15,13.465636253356934,nnknn,489,2345,710,869,18,1476,692,0,0,0.966218,0.966218,True,"[0.09290161728858948, 0.9070984125137329]","[0.48624739050865173, 0.5137525796890259]","[225, 264]",0.0,0.001238907570950687,0.008351207710802555
2717,133,49.0,49,,nnknn,489,2345,710,869,18,1476,692,0,0,0.9655973333333333,0.9655973333333333,True,"[0.5110311508178711, 0.4889688789844513]","[0.5003795027732849, 0.4996204972267151]","[225, 264]",0.0,0.001238907570950687,0.008351207710802555
2743,134,26.0,26,,nnknn,489,2345,710,869,18,1476,692,0,0,0.965268,0.965268,True,"[0.5096014738082886, 0.4903985261917114]","[0.5003334879875183, 0.4996665120124817]","[225, 264]",0.0,0.001238907570950687,0.008351207710802555
2766,135,23.0,23,,nnknn,489,2345,710,869,18,1476,692,0,0,0.9649766666666667,0.9649766666666667,True,"[0.6561905145645142, 0.34380948543548584]","[0.505470335483551, 0.49452969431877136]","[225, 264]",0.0,0.001238907570950687,0.008351207710802555
2806,136,40.0,40,40.566959381103516,nnknn,500,2469,805,935,33,1534,772,0,0,0.96447,0.96447,True,"[0.5064930319786072, 0.4935069680213928]","[0.5002306699752808, 0.49976930022239685]","[232, 268]",0.0,0.001284961705096066,0.00785144791007042
2840,137,34.0,34,,nnknn,500,2469,805,935,33,1534,772,0,0,0.9640393333333334,0.9640393333333334,True,"[0.10787686705589294, 0.8921231031417847]","[0.4858990013599396, 0.5141010284423828]","[232, 268]",0.0,0.001284961705096066,0.00785144791007042
2868,138,28.0,28,,nnknn,500,2469,805,935,33,1534,772,0,0,0.9636846666666666,0.9636846666666666,True,"[0.10338395833969116, 0.8966161012649536]","[0.48559674620628357, 0.514403223991394]","[232, 268]",0.0,0.001284961705096066,0.00785144791007042
2891,139,23.0,23,,nnknn,500,2469,805,935,33,1534,772,0,0,0.9633933333333333,0.9633933333333333,True,"[0.5908884406089783, 0.40911155939102173]","[0.5033271312713623, 0.4966728687286377]","[232, 268]",0.0,0.001284961705096066,0.00785144791007042
2915,140,24.0,24,25.465211868286133,nnknn,500,2558,885,985,43,1573,842,0,0,0.9630893333333334,0.9630893333333334,True,"[0.7015314102172852, 0.29846861958503723]","[0.5074386596679688, 0.49256134033203125]","[238, 262]",0.0,0.001318613882176578,0.008351383730769157
2925,141,10.0,10,,nnknn,500,2558,885,985,43,1573,842,0,0,0.9629626666666666,0.9629626666666666,True,"[0.6743453145027161, 0.3256547152996063]","[0.5064572691917419, 0.49354273080825806]","[238, 262]",0.0,0.001318613882176578,0.008351383730769157
2946,142,21.0,21,,nnknn,500,2558,885,985,43,1573,842,0,0,0.9626966666666666,0.9626966666666666,True,"[0.0, 1.0]","[0.48134833574295044, 0.5186516642570496]","[238, 262]",0.0,0.001318613882176578,0.008351383730769157
2965,143,19.0,19,,nnknn,500,2558,885,985,43,1573,842,0,0,0.962456,0.962456,True,"[0.3236342668533325, 0.6763657331466675]","[0.49337852001190186, 0.5066214799880981]","[238, 262]",0.0,0.001318613882176578,0.008351383730769157
2997,144,32.0,32,11.419620513916016,nnknn,492,2638,930,1028,43,1610,887,0,0,0.9620506666666666,0.9620506666666666,True,"[0.30254924297332764, 0.6974507570266724]","[0.49250689148902893, 0.5074931383132935]","[227, 265]",0.0,0.0013530297437682748,0.008226180449128151
3020,145,23.0,23,,nnknn,492,2638,930,1028,43,1610,887,0,0,0.9617593333333333,0.9617593333333333,True,"[0.0, 1.0]","[0.48087966442108154, 0.5191203355789185]","[227, 265]",0.0,0.0013530297437682748,0.008226180449128151
3033,146,13.0,13,,nnknn,492,2638,930,1028,43,1610,887,0,0,0.9615946666666667,0.9615946666666667,True,"[0.4158032536506653, 0.5841967463493347]","[0.4967663884162903, 0.5032336115837097]","[227, 265]",0.0,0.0013530297437682748,0.008226180449128151
3057,147,24.0,24,,nnknn,492,2638,930,1028,43,1610,887,0,0,0.9612906666666666,0.9612906666666666,True,"[0.39152297377586365, 0.6084770560264587]","[0.4958009123802185, 0.5041990876197815]","[227, 265]",0.0,0.0013530297437682748,0.008226180449128151
3068,148,11.0,11,21.842514038085938,nnknn,500,2707,961,1057,43,1650,918,0,0,0.9611513333333334,0.9611513333333334,True,"[0.4189741313457489, 0.5810258984565735]","[0.49685224890708923, 0.5031477212905884]","[218, 282]",0.0,0.0013241262640804052,0.008100881241261959
3081,149,13.0,13,,nnknn,500,2707,961,1057,43,1650,918,0,0,0.9609866666666667,0.9609866666666667,True,"[0.0, 1.0]","[0.48049333691596985, 0.5195066928863525]","[218, 282]",0.0,0.0013241262640804052,0.008100881241261959
3094,150,13.0,13,,nnknn,500,2707,961,1057,43,1650,918,0,0,0.960822,0.960822,True,"[0.0, 1.0]","[0.48041099309921265, 0.5195890069007874]","[218, 282]",0.0,0.0013241262640804052,0.008100881241261959
3120,151,26.0,26,,nnknn,500,2707,961,1057,43,1650,918,0,0,0.9604926666666667,0.9604926666666667,True,"[0.4989834427833557, 0.5010166168212891]","[0.4999598264694214, 0.5000401735305786]","[218, 282]",0.0,0.0013241262640804052,0.008100881241261959
3135,152,15.0,15,14.398358345031738,nnknn,499,2757,1003,1082,43,1675,960,0,0,0.9603026666666666,0.9603026666666666,True,"[0.6957793831825256, 0.30422064661979675]","[0.507771909236908, 0.49222809076309204]","[212, 287]",0.0,0.0013495427556335926,0.008600495755672455
3147,153,12.0,12,,nnknn,499,2757,1003,1082,43,1675,960,0,0,0.9601506666666667,0.9601506666666667,True,"[0.2434740662574768, 0.7565259337425232]","[0.4897776246070862, 0.5102223753929138]","[212, 287]",0.0,0.0013495427556335926,0.008600495755672455
3157,154,10.0,10,,nnknn,499,2757,1003,1082,43,1675,960,0,0,0.960024,0.960024,True,"[0.24244767427444458, 0.7575523257255554]","[0.48970410227775574, 0.5102959275245667]","[212, 287]",0.0,0.0013495427556335926,0.008600495755672455
3167,155,10.0,10,,nnknn,499,2757,1003,1082,43,1675,960,0,0,0.9598973333333334,0.9598973333333334,True,"[0.7921238541603088, 0.20787620544433594]","[0.5117149353027344, 0.4882850646972656]","[212, 287]",0.0,0.0013495427556335926,0.008600495755672455
3184,156,17.0,17,14.098176002502441,nnknn,484,2805,1029,1107,43,1698,986,0,0,0.959682,0.959682,True,"[0.6038074493408203, 0.3961925506591797]","[0.5041853189468384, 0.4958146810531616]","[213, 271]",-9.817565296543762e-05,0.0013732861261814833,0.008472323417663574
3205,157,21.0,21,,nnknn,484,2805,1029,1107,43,1698,986,0,0,0.959416,0.959416,True,"[0.2994314730167389, 0.7005685567855835]","[0.49186012148857117, 0.5081399083137512]","[213, 271]",-9.817565296543762e-05,0.0013732861261814833,0.008472323417663574
3222,158,17.0,17,,nnknn,484,2805,1029,1107,43,1698,986,0,0,0.9592006666666667,0.9592006666666667,True,"[0.20385727286338806, 0.7961427569389343]","[0.48791757225990295, 0.5120823979377747]","[213, 271]",-9.817565296543762e-05,0.0013732861261814833,0.008472323417663574
3235,159,13.0,13,,nnknn,484,2805,1029,1107,43,1698,986,0,0,0.959036,0.959036,True,"[0.5538778901100159, 0.4461221396923065]","[0.5022070407867432, 0.49779295921325684]","[213, 271]",-9.817565296543762e-05,0.0013732861261814833,0.008472323417663574
3253,160,18.0,18,8.36662769317627,nnknn,481,2864,1064,1132,43,1732,1021,0,0,0.958808,0.958808,True,"[0.8033570051193237, 0.19664296507835388]","[0.5124958753585815, 0.48750412464141846]","[208, 273]",-1.8919972717412747e-05,0.0014107231982052326,0.008972274139523506
3272,161,19.0,19,,nnknn,481,2864,1064,1132,43,1732,1021,0,0,0.9585673333333333,0.9585673333333333,True,"[0.3106235861778259, 0.6893764734268188]","[0.4921536147594452, 0.5078463554382324]","[208, 273]",-1.8919972717412747e-05,0.0014107231982052326,0.008972274139523506
3302,162,30.0,30,,nnknn,481,2864,1064,1132,43,1732,1021,0,0,0.9581873333333333,0.9581873333333333,True,"[0.19005876779556274, 0.809941291809082]","[0.48704051971435547, 0.5129594802856445]","[208, 273]",-1.8919972717412747e-05,0.0014107231982052326,0.008972274139523506
3323,163,21.0,21,,nnknn,481,2864,1064,1132,43,1732,1021,0,0,0.9579213333333333,0.9579213333333333,True,"[0.8021609783172607, 0.19783905148506165]","[0.5127145051956177, 0.48728546500205994]","[208, 273]",-1.8919972717412747e-05,0.0014107231982052326,0.008972274139523506
3361,164,38.0,38,20.425945281982422,nnknn,500,2970,1116,1182,43,1788,1073,0,0,0.95744,0.95744,True,"[0.19444027543067932, 0.8055596947669983]","[0.4869953989982605, 0.5130046010017395]","[225, 275]",-1.001514738163678e-05,0.0013805731432512403,0.008472458459436893
3376,165,15.0,15,,nnknn,500,2970,1116,1182,43,1788,1073,0,0,0.95725,0.95725,True,"[0.20766016840934753, 0.7923398613929749]","[0.48750248551368713, 0.5124975442886353]","[225, 275]",-1.001514738163678e-05,0.0013805731432512403,0.008472458459436893
3391,166,15.0,15,,nnknn,500,2970,1116,1182,43,1788,1073,0,0,0.95706,0.95706,True,"[0.7068275213241577, 0.2931724488735199]","[0.508881151676178, 0.49111881852149963]","[225, 275]",-1.001514738163678e-05,0.0013805731432512403,0.008472458459436893
3418,167,27.0,27,,nnknn,500,2970,1116,1182,43,1788,1073,0,0,0.956718,0.956718,True,"[0.6665487885475159, 0.3334512412548065]","[0.5072085857391357, 0.49279144406318665]","[225, 275]",-1.001514738163678e-05,0.0013805731432512403,0.008472458459436893
3442,168,24.0,24,9.605536460876465,nnknn,500,3022,1177,1205,52,1817,1125,0,0,0.956414,0.956414,True,"[0.7064831256866455, 0.2935168743133545]","[0.508999764919281, 0.491000235080719]","[232, 268]",0.0,0.001442865002900362,0.008971852250397205
3452,169,10.0,10,,nnknn,500,3022,1177,1205,52,1817,1125,0,0,0.9562873333333334,0.9562873333333334,True,"[0.735241711139679, 0.2647583484649658]","[0.5102830529212952, 0.48971694707870483]","[232, 268]",0.0,0.001442865002900362,0.008971852250397205
3476,170,24.0,24,,nnknn,500,3022,1177,1205,52,1817,1125,0,0,0.9559833333333333,0.9559833333333333,True,"[1.0, 0.0]","[0.5220082998275757, 0.47799167037010193]","[232, 268]",0.0,0.001442865002900362,0.008971852250397205
3511,171,35.0,35,,nnknn,500,3022,1177,1205,52,1817,1125,0,0,0.9555400000000001,0.9555400000000001,True,"[0.102622389793396, 0.897377610206604]","[0.48233258724212646, 0.5176674127578735]","[232, 268]",0.0,0.001442865002900362,0.008971852250397205
3525,172,14.0,14,19.835777282714844,nnknn,500,3082,1249,1234,72,1848,1177,0,0,0.9553626666666667,0.9553626666666667,True,"[0.10151437669992447, 0.8984856605529785]","[0.4822126626968384, 0.5177873373031616]","[237, 263]",0.0,0.0014613090315833688,0.008839803747832775
3543,173,18.0,18,,nnknn,500,3082,1249,1234,72,1848,1177,0,0,0.9551346666666667,0.9551346666666667,True,"[0.5893568396568298, 0.41064319014549255]","[0.5040090084075928, 0.4959909915924072]","[237, 263]",0.0,0.0014613090315833688,0.008839803747832775
3560,174,17.0,17,,nnknn,500,3082,1249,1234,72,1848,1177,0,0,0.9549193333333333,0.9549193333333333,True,"[0.6008478403091431, 0.3991521894931793]","[0.5045462846755981, 0.49545371532440186]","[237, 263]",0.0,0.0014613090315833688,0.008839803747832775
3574,175,14.0,14,,nnknn,500,3082,1249,1234,72,1848,1177,0,0,0.954742,0.954742,True,"[0.5901840329170227, 0.4098159968852997]","[0.5040815472602844, 0.4959184527397156]","[237, 263]",0.0,0.0014613090315833688,0.008839803747832775
3604,176,30.0,30,18.43059539794922,nnknn,500,3148,1299,1269,74,1879,1225,0,0,0.954362,0.954362,True,"[0.09740989655256271, 0.9025901556015015]","[0.48162657022476196, 0.518373429775238]","[243, 257]",0.0,0.0015229788841679692,0.008339885622262955
3615,177,11.0,11,,nnknn,500,3148,1299,1269,74,1879,1225,0,0,0.9542226666666667,0.9542226666666667,True,"[0.47357091307640076, 0.5264290571212769]","[0.4987901449203491, 0.5012098550796509]","[243, 257]",0.0,0.0015229788841679692,0.008339885622262955
3655,178,40.0,40,,nnknn,500,3148,1299,1269,74,1879,1225,0,0,0.953716,0.953716,True,"[0.19781240820884705, 0.8021876215934753]","[0.4860135316848755, 0.5139864683151245]","[243, 257]",0.0,0.0015229788841679692,0.008339885622262955
3663,179,8.0,8,,nnknn,500,3148,1299,1269,74,1879,1225,0,0,0.9536146666666667,0.9536146666666667,True,"[0.0969688668847084, 0.9030311107635498]","[0.4813052713871002, 0.5186947584152222]","[243, 257]",0.0,0.0015229788841679692,0.008339885622262955
3675,180,12.0,12,39.422386169433594,nnknn,497,3220,1331,1302,74,1918,1257,0,0,0.9534626666666667,0.9534626666666667,True,"[0.5144158601760864, 0.48558416962623596]","[0.500670850276947, 0.4993291199207306]","[244, 253]",0.0,0.0015418303664773703,0.00821481179445982
3690,181,15.0,15,,nnknn,497,3220,1331,1302,74,1918,1257,0,0,0.9532726666666667,0.9532726666666667,True,"[0.6013995409011841, 0.3986005187034607]","[0.5047381520271301, 0.49526187777519226]","[244, 253]",0.0,0.0015418303664773703,0.00821481179445982
3711,182,21.0,21,,nnknn,497,3220,1331,1302,74,1918,1257,0,0,0.9530066666666667,0.9530066666666667,True,"[0.0, 1.0]","[0.4765033423900604, 0.5234966278076172]","[244, 253]",0.0,0.0015418303664773703,0.00821481179445982
3722,183,11.0,11,,nnknn,497,3220,1331,1302,74,1918,1257,0,0,0.9528673333333333,0.9528673333333333,True,"[0.9074363708496094, 0.0925636813044548]","[0.5192035436630249, 0.4807964265346527]","[244, 253]",0.0,0.0015418303664773703,0.00821481179445982
3740,184,18.0,18,5.5617265701293945,nnknn,500,3270,1369,1315,84,1955,1285,0,0,0.9526393333333333,0.9526393333333333,True,"[0.0, 1.0]","[0.47631967067718506, 0.5236803293228149]","[248, 252]",0.0,0.0015801903791725636,0.007721605710685253
3762,185,22.0,22,,nnknn,500,3270,1369,1315,84,1955,1285,0,0,0.9523606666666666,0.9523606666666666,True,"[0.6520946025848389, 0.34790539741516113]","[0.507245659828186, 0.4927543103694916]","[248, 252]",0.0,0.0015801903791725636,0.007721605710685253
3776,186,14.0,14,,nnknn,500,3270,1369,1315,84,1955,1285,0,0,0.9521833333333334,0.9521833333333334,True,"[0.6939421892166138, 0.30605778098106384]","[0.5092736482620239, 0.4907263219356537]","[248, 252]",0.0,0.0015801903791725636,0.007721605710685253
3791,187,15.0,15,,nnknn,500,3270,1369,1315,84,1955,1285,0,0,0.9519933333333334,0.9519933333333334,True,"[0.31850960850715637, 0.6814903616905212]","[0.4912872612476349, 0.5087127685546875]","[248, 252]",0.0,0.0015801903791725636,0.007721605710685253
3824,188,33.0,33,18.37130355834961,nnknn,500,3334,1428,1341,97,1993,1331,0,0,0.9515753333333333,0.9515753333333333,True,"[0.8049560785293579, 0.19504395127296448]","[0.5147674083709717, 0.4852325916290283]","[253, 247]",0.0,0.0016200791578739882,0.007603616453707218
3854,189,30.0,30,,nnknn,500,3334,1428,1341,97,1993,1331,0,0,0.9511953333333333,0.9511953333333333,True,"[0.5894231796264648, 0.41057679057121277]","[0.5043642520904541, 0.4956357479095459]","[253, 247]",0.0,0.0016200791578739882,0.007603616453707218
3875,190,21.0,21,,nnknn,500,3334,1428,1341,97,1993,1331,0,0,0.9509293333333333,0.9509293333333333,True,"[0.6074861884117126, 0.39251381158828735]","[0.5052744150161743, 0.4947255849838257]","[253, 247]",0.0,0.0016200791578739882,0.007603616453707218
3904,191,29.0,29,,nnknn,500,3334,1428,1341,97,1993,1331,0,0,0.950562,0.950562,True,"[0.6982561349868774, 0.30174392461776733]","[0.5098013877868652, 0.49019861221313477]","[253, 247]",0.0,0.0016200791578739882,0.007603616453707218
3917,192,13.0,13,11.494653701782227,nnknn,500,3396,1516,1363,132,2033,1384,0,0,0.9503973333333333,0.9503973333333333,True,"[0.8044295907020569, 0.1955704391002655]","[0.5151005387306213, 0.48489946126937866]","[258, 242]",0.0,0.0016114487079903483,0.007255770731717348
3931,193,14.0,14,,nnknn,500,3396,1516,1363,132,2033,1384,0,0,0.95022,0.95022,True,"[0.30164992809295654, 0.6983500719070435]","[0.4901261329650879, 0.5098738670349121]","[258, 242]",0.0,0.0016114487079903483,0.007255770731717348
3968,194,37.0,37,,nnknn,500,3396,1516,1363,132,2033,1384,0,0,0.9497513333333333,0.9497513333333333,True,"[0.0, 1.0]","[0.47487565875053406, 0.5251243114471436]","[258, 242]",0.0,0.0016114487079903483,0.007255770731717348
3991,195,23.0,23,,nnknn,500,3396,1516,1363,132,2033,1384,0,0,0.94946,0.94946,True,"[0.7967075109481812, 0.20329254865646362]","[0.5149955749511719, 0.4850044250488281]","[258, 242]",0.0,0.0016114487079903483,0.007255770731717348
4041,196,50.0,50,38.53236770629883,nnknn,500,3497,1620,1410,166,2087,1454,0,0,0.9488266666666667,0.9488266666666667,True,"[0.2008279263973236, 0.799172043800354]","[0.4846903681755066, 0.5153096318244934]","[258, 242]",0.0,0.0016009925166144967,0.0077553847804665565
4066,197,25.0,25,,nnknn,500,3497,1620,1410,166,2087,1454,0,0,0.94851,0.94851,True,"[0.806928277015686, 0.19307170808315277]","[0.5158037543296814, 0.4841962456703186]","[258, 242]",0.0,0.0016009925166144967,0.0077553847804665565
4127,198,61.0,61,,nnknn,500,3497,1620,1410,166,2087,1454,0,0,0.9477373333333333,0.9477373333333333,True,"[0.5543255805969238, 0.44567441940307617]","[0.502839207649231, 0.49716079235076904]","[258, 242]",0.0,0.0016009925166144967,0.0077553847804665565
4156,199,29.0,29,,nnknn,500,3497,1620,1410,166,2087,1454,0,0,0.94737,0.94737,True,"[0.1156647652387619, 0.8843352794647217]","[0.4797724485397339, 0.5202275514602661]","[258, 242]",0.0,0.0016009925166144967,0.0077553847804665565
4186,200,30.0,30,50.44728469848633,nnknn,500,3549,1817,1434,246,2115,1571,0,0,0.94699,0.94699,True,"[0.8921452164649963, 0.10785481333732605]","[0.5207875967025757, 0.4792124032974243]","[263, 237]",0.0,0.0016054632142186165,0.008255235850811005
4214,201,28.0,28,,nnknn,500,3549,1817,1434,246,2115,1571,0,0,0.9466353333333334,0.9466353333333334,True,"[0.8018474578857422, 0.1981525868177414]","[0.516107976436615, 0.4838919937610626]","[263, 237]",0.0,0.0016054632142186165,0.008255235850811005
4267,202,53.0,53,,nnknn,500,3549,1817,1434,246,2115,1571,0,0,0.945964,0.945964,True,"[0.0, 1.0]","[0.4729819893836975, 0.5270180106163025]","[263, 237]",0.0,0.0016054632142186165,0.008255235850811005
4276,203,9.0,9,,nnknn,500,3549,1817,1434,246,2115,1571,0,0,0.94585,0.94585,True,"[0.8009480237960815, 0.19905202090740204]","[0.5162963271141052, 0.4837036728858948]","[263, 237]",0.0,0.0016054632142186165,0.008255235850811005
4289,204,13.0,13,46.31693649291992,nnknn,500,3611,1922,1462,282,2149,1640,0,0,0.9456853333333334,0.9456853333333334,True,"[0.3809523582458496, 0.6190476417541504]","[0.4935339689254761, 0.5064660310745239]","[261, 239]",0.0,0.0016191985923796892,0.007755339611321688
4302,205,13.0,13,,nnknn,500,3611,1922,1462,282,2149,1640,0,0,0.9455206666666667,0.9455206666666667,True,"[0.411928653717041, 0.588071346282959]","[0.4952019155025482, 0.5047980546951294]","[261, 239]",0.0,0.0016191985923796892,0.007755339611321688
4329,206,27.0,27,,nnknn,500,3611,1922,1462,282,2149,1640,0,0,0.9451786666666666,0.9451786666666666,True,"[0.0, 1.0]","[0.4725893437862396, 0.527410626411438]","[261, 239]",0.0,0.0016191985923796892,0.007755339611321688
4343,207,14.0,14,,nnknn,500,3611,1922,1462,282,2149,1640,0,0,0.9450013333333334,0.9450013333333334,True,"[0.5906440019607544, 0.409356027841568]","[0.5049853324890137, 0.4950146973133087]","[261, 239]",0.0,0.0016191985923796892,0.007755339611321688
4373,208,30.0,30,23.32634162902832,nnknn,500,3681,1969,1489,288,2192,1681,0,0,0.9446213333333333,0.9446213333333333,True,"[0.3916696608066559, 0.6083303689956665]","[0.4940008223056793, 0.5059992074966431]","[253, 247]",0.0,0.0016385295893996954,0.008082296699285507
4392,209,19.0,19,,nnknn,500,3681,1969,1489,288,2192,1681,0,0,0.9443806666666666,0.9443806666666666,True,"[0.30877795815467834, 0.691222071647644]","[0.489364355802536, 0.5106356739997864]","[253, 247]",0.0,0.0016385295893996954,0.008082296699285507
4407,210,15.0,15,,nnknn,500,3681,1969,1489,288,2192,1681,0,0,0.9441906666666666,0.9441906666666666,True,"[0.09779033809900284, 0.9022096395492554]","[0.47755295038223267, 0.5224470496177673]","[253, 247]",0.0,0.0016385295893996954,0.008082296699285507
4442,211,35.0,35,,nnknn,500,3681,1969,1489,288,2192,1681,0,0,0.9437473333333334,0.9437473333333334,True,"[0.6762555241584778, 0.3237445056438446]","[0.5099148154258728, 0.4900851547718048]","[253, 247]",0.0,0.0016385295893996954,0.008082296699285507
4468,212,26.0,26,17.8179931640625,nnknn,500,3755,2039,1520,306,2235,1733,0,0,0.943418,0.943418,True,"[0.9019636511802673, 0.09803639352321625]","[0.5227438807487488, 0.4772561192512512]","[252, 248]",0.0,0.0016553738387301564,0.007960142567753792
4523,213,55.0,55,,nnknn,500,3755,2039,1520,306,2235,1733,0,0,0.9427213333333333,0.9427213333333333,True,"[0.6350637674331665, 0.3649362325668335]","[0.5077362656593323, 0.4922637343406677]","[252, 248]",0.0,0.0016553738387301564,0.007960142567753792
4543,214,20.0,20,,nnknn,500,3755,2039,1520,306,2235,1733,0,0,0.942468,0.942468,True,"[0.7842093706130981, 0.21579068899154663]","[0.5163511633872986, 0.4836488664150238]","[252, 248]",0.0,0.0016553738387301564,0.007960142567753792
4563,215,20.0,20,,nnknn,500,3755,2039,1520,306,2235,1733,0,0,0.9422146666666666,0.9422146666666666,True,"[0.09694543480873108, 0.9030545949935913]","[0.47670936584472656, 0.5232906341552734]","[252, 248]",0.0,0.0016553738387301564,0.007960142567753792
4581,216,18.0,18,33.8375129699707,nnknn,500,3836,2139,1565,329,2271,1810,0,0,0.9419866666666666,0.9419866666666666,True,"[0.0973166897892952, 0.9026833176612854]","[0.4766390025615692, 0.5233609676361084]","[249, 251]",0.0,0.001708855153992772,0.007839388214051723
4600,217,19.0,19,,nnknn,500,3836,2139,1565,329,2271,1810,0,0,0.941746,0.941746,True,"[0.6599481701850891, 0.3400518596172333]","[0.5093176364898682, 0.4906823933124542]","[249, 251]",0.0,0.001708855153992772,0.007839388214051723
4644,218,44.0,44,,nnknn,500,3836,2139,1565,329,2271,1810,0,0,0.9411886666666667,0.9411886666666667,True,"[0.0, 1.0]","[0.4705943465232849, 0.5294056534767151]","[249, 251]",0.0,0.001708855153992772,0.007839388214051723
4666,219,22.0,22,,nnknn,500,3836,2139,1565,329,2271,1810,0,0,0.94091,0.94091,True,"[0.5000664591789246, 0.4999335706233978]","[0.5000039339065552, 0.4999960660934448]","[249, 251]",0.0,0.001708855153992772,0.007839388214051723
4682,220,16.0,16,32.91795349121094,nnknn,500,3897,2235,1592,358,2305,1877,0,0,0.9407073333333333,0.9407073333333333,True,"[0.19849318265914917, 0.8015068769454956]","[0.48212286829948425, 0.5178771615028381]","[248, 252]",0.0,0.001754607306793332,0.007340756710618734
4706,221,24.0,24,,nnknn,500,3897,2235,1592,358,2305,1877,0,0,0.9404033333333334,0.9404033333333334,True,"[0.7760671377182007, 0.2239328920841217]","[0.5164526700973511, 0.4835473299026489]","[248, 252]",0.0,0.001754607306793332,0.007340756710618734
4723,222,17.0,17,,nnknn,500,3897,2235,1592,358,2305,1877,0,0,0.940188,0.940188,True,"[0.5139719247817993, 0.48602810502052307]","[0.5008357167243958, 0.49916431307792664]","[248, 252]",0.0,0.001754607306793332,0.007340756710618734
4738,223,15.0,15,,nnknn,500,3897,2235,1592,358,2305,1877,0,0,0.939998,0.939998,True,"[0.3095806837081909, 0.6904193162918091]","[0.48857444524765015, 0.5114255547523499]","[248, 252]",0.0,0.001754607306793332,0.007340756710618734
4755,224,17.0,17,17.393123626708984,nnknn,492,3956,2274,1617,358,2339,1916,0,0,0.9397826666666667,0.9397826666666667,True,"[0.8970655798912048, 0.10293444991111755]","[0.5239102244377136, 0.4760897755622864]","[240, 252]",-9.128253623202909e-06,0.001779823680408299,0.007840664125978947
4807,225,52.0,52,,nnknn,492,3956,2274,1617,358,2339,1916,0,0,0.939124,0.939124,True,"[0.7047970294952393, 0.29520300030708313]","[0.5124672055244446, 0.48753276467323303]","[240, 252]",-9.128253623202909e-06,0.001779823680408299,0.007840664125978947
4859,226,52.0,52,,nnknn,492,3956,2274,1617,358,2339,1916,0,0,0.9384653333333334,0.9384653333333334,True,"[0.7925295829772949, 0.20747043192386627]","[0.5180007219314575, 0.48199930787086487]","[240, 252]",-9.128253623202909e-06,0.001779823680408299,0.007840664125978947
4880,227,21.0,21,,nnknn,492,3956,2274,1617,358,2339,1916,0,0,0.9381993333333334,0.9381993333333334,True,"[0.8054056167602539, 0.1945943534374237]","[0.5188742876052856, 0.48112574219703674]","[240, 252]",-9.128253623202909e-06,0.001779823680408299,0.007840664125978947
4893,228,13.0,13,59.0902099609375,nnknn,500,4045,2417,1651,418,2394,1999,0,0,0.9380346666666667,0.9380346666666667,True,"[0.0, 1.0]","[0.4690173268318176, 0.5309826731681824]","[245, 255]",0.0,0.0018131196266040206,0.008017919957637787
4911,229,18.0,18,,nnknn,500,4045,2417,1651,418,2394,1999,0,0,0.9378066666666667,0.9378066666666667,True,"[0.7912012338638306, 0.2087988257408142]","[0.5181107521057129, 0.4818892180919647]","[245, 255]",0.0,0.0018131196266040206,0.008017919957637787
4933,230,22.0,22,,nnknn,500,4045,2417,1651,418,2394,1999,0,0,0.937528,0.937528,True,"[0.0, 1.0]","[0.4687640070915222, 0.5312359929084778]","[245, 255]",0.0,0.0018131196266040206,0.008017919957637787
4955,231,22.0,22,,nnknn,500,4045,2417,1651,418,2394,1999,0,0,0.9372493333333334,0.9372493333333334,True,"[0.7092865109443665, 0.29071351885795593]","[0.5131328701972961, 0.48686712980270386]","[245, 255]",0.0,0.0018131196266040206,0.008017919957637787
4978,232,23.0,23,6.7482991218566895,nnknn,500,4091,2501,1668,446,2423,2055,0,0,0.936958,0.936958,True,"[0.41901731491088867, 0.5809826850891113]","[0.49489468336105347, 0.5051053166389465]","[247, 253]",0.0,0.0018357113003730774,0.007896502502262592
5010,233,32.0,32,,nnknn,500,4091,2501,1668,446,2423,2055,0,0,0.9365526666666667,0.9365526666666667,True,"[0.48112648725509644, 0.5188735127449036]","[0.49880251288414, 0.5011974573135376]","[247, 253]",0.0,0.0018357113003730774,0.007896502502262592
5031,234,21.0,21,,nnknn,500,4091,2501,1668,446,2423,2055,0,0,0.9362866666666667,0.9362866666666667,True,"[0.802317202091217, 0.19768282771110535]","[0.5192616581916809, 0.4807383716106415]","[247, 253]",0.0,0.0018357113003730774,0.007896502502262592
5043,235,12.0,12,,nnknn,500,4091,2501,1668,446,2423,2055,0,0,0.9361346666666667,0.9361346666666667,True,"[0.9043644070625305, 0.09563562273979187]","[0.5258248448371887, 0.4741751551628113]","[247, 253]",0.0,0.0018357113003730774,0.007896502502262592
5066,236,23.0,23,20.331005096435547,nnknn,500,4138,2586,1689,469,2449,2117,0,0,0.9358433333333334,0.9358433333333334,True,"[0.8999305367469788, 0.10006946325302124]","[0.5256581902503967, 0.47434180974960327]","[251, 249]",0.0,0.001847640611231327,0.008101457729935646
5092,237,26.0,26,,nnknn,500,4138,2586,1689,469,2449,2117,0,0,0.935514,0.935514,True,"[0.6711702346801758, 0.3288297653198242]","[0.511038064956665, 0.4889619052410126]","[251, 249]",0.0,0.001847640611231327,0.008101457729935646
5146,238,54.0,54,,nnknn,500,4138,2586,1689,469,2449,2117,0,0,0.93483,0.93483,True,"[0.0, 1.0]","[0.4674150049686432, 0.5325850248336792]","[251, 249]",0.0,0.001847640611231327,0.008101457729935646
5160,239,14.0,14,,nnknn,500,4138,2586,1689,469,2449,2117,0,0,0.9346526666666667,0.9346526666666667,True,"[0.5198978185653687, 0.4801022410392761]","[0.5013002753257751, 0.49869972467422485]","[251, 249]",0.0,0.001847640611231327,0.008101457729935646
5177,240,17.0,17,37.6917839050293,nnknn,500,4194,2704,1717,504,2477,2200,0,0,0.9344373333333333,0.9344373333333333,True,"[0.694000244140625, 0.305999755859375]","[0.5127191543579102, 0.48728081583976746]","[245, 255]",0.0,0.0018679409986361861,0.008601430803537369
5217,241,40.0,40,,nnknn,500,4194,2704,1717,504,2477,2200,0,0,0.9339306666666667,0.9339306666666667,True,"[0.600153386592865, 0.399846613407135]","[0.5066170692443848, 0.49338293075561523]","[245, 255]",0.0,0.0018679409986361861,0.008601430803537369
5243,242,26.0,26,,nnknn,500,4194,2704,1717,504,2477,2200,0,0,0.9336013333333333,0.9336013333333333,True,"[0.5902170538902283, 0.40978294610977173]","[0.5059902667999268, 0.49400970339775085]","[245, 255]",0.0,0.0018679409986361861,0.008601430803537369
5264,243,21.0,21,,nnknn,500,4194,2704,1717,504,2477,2200,0,0,0.9333353333333333,0.9333353333333333,True,"[0.40904223918914795, 0.590957760810852]","[0.49393633008003235, 0.50606369972229]","[245, 255]",0.0,0.0018679409986361861,0.008601430803537369
5305,244,41.0,41,31.637916564941406,nnknn,500,4271,2841,1755,552,2516,2289,0,0,0.932816,0.932816,True,"[0.8089584112167358, 0.19104158878326416]","[0.5207570791244507, 0.4792429506778717]","[245, 255]",0.0,0.0018505564657971263,0.008101820945739746
5335,245,30.0,30,,nnknn,500,4271,2841,1755,552,2516,2289,0,0,0.932436,0.932436,True,"[0.0966053456068039, 0.9033946394920349]","[0.47274503111839294, 0.5272549390792847]","[245, 255]",0.0,0.0018505564657971263,0.008101820945739746
5344,246,9.0,9,,nnknn,500,4271,2841,1755,552,2516,2289,0,0,0.932322,0.932322,True,"[0.6420750617980957, 0.3579249382019043]","[0.5096153616905212, 0.49038463830947876]","[245, 255]",0.0,0.0018505564657971263,0.008101820945739746
5360,247,16.0,16,,nnknn,500,4271,2841,1755,552,2516,2289,0,0,0.9321193333333333,0.9321193333333333,True,"[0.09805364906787872, 0.9019463658332825]","[0.4727156162261963, 0.5272843837738037]","[245, 255]",0.0,0.0018505564657971263,0.008101820945739746
5382,248,22.0,22,16.154232025146484,nnknn,500,4326,2898,1777,565,2549,2333,0,0,0.9318406666666667,0.9318406666666667,True,"[1.0, 0.0]","[0.5340796709060669, 0.4659203290939331]","[247, 253]",0.0,0.001891546999104321,0.007979443296790123
5399,249,17.0,17,,nnknn,500,4326,2898,1777,565,2549,2333,0,0,0.9316253333333333,0.9316253333333333,True,"[0.0, 1.0]","[0.46581265330314636, 0.5341873168945312]","[247, 253]",0.0,0.001891546999104321,0.007979443296790123
5411,250,12.0,12,,nnknn,500,4326,2898,1777,565,2549,2333,0,0,0.9314733333333334,0.9314733333333334,True,"[0.6460121273994446, 0.3539878726005554]","[0.5100057125091553, 0.4899942874908447]","[247, 253]",0.0,0.001891546999104321,0.007979443296790123
5426,251,15.0,15,,nnknn,500,4326,2898,1777,565,2549,2333,0,0,0.9312833333333334,0.9312833333333334,True,"[1.0, 0.0]","[0.5343583226203918, 0.46564167737960815]","[247, 253]",0.0,0.001891546999104321,0.007979443296790123
5466,252,40.0,40,24.45077896118164,nnknn,500,4391,2963,1803,585,2588,2378,0,0,0.9307766666666667,0.9307766666666667,True,"[0.5974631309509277, 0.40253692865371704]","[0.5067467093467712, 0.49325329065322876]","[242, 258]",0.0,0.0019383943872526288,0.008479421027004719
5497,253,31.0,31,,nnknn,500,4391,2963,1803,585,2588,2378,0,0,0.930384,0.930384,True,"[1.0, 0.0]","[0.5348080396652222, 0.4651919901371002]","[242, 258]",0.0,0.0019383943872526288,0.008479421027004719
5559,254,62.0,62,,nnknn,500,4391,2963,1803,585,2588,2378,0,0,0.9295986666666667,0.9295986666666667,True,"[0.9239248633384705, 0.07607515901327133]","[0.5298448801040649, 0.47015514969825745]","[242, 258]",0.0,0.0019383943872526288,0.008479421027004719
5579,255,20.0,20,,nnknn,500,4391,2963,1803,585,2588,2378,0,0,0.9293453333333334,0.9293453333333334,True,"[0.0, 1.0]","[0.46467265486717224, 0.5353273153305054]","[242, 258]",0.0,0.0019383943872526288,0.008479421027004719
5595,256,16.0,16,51.36822509765625,nnknn,500,4475,3088,1840,628,2635,2460,0,0,0.9291426666666667,0.9291426666666667,True,"[0.0, 1.0]","[0.4645713269710541, 0.5354286432266235]","[241, 259]",0.0,0.0019623683765530586,0.007979647256433964
5638,257,43.0,43,,nnknn,500,4475,3088,1840,628,2635,2460,0,0,0.928598,0.928598,True,"[0.7966870665550232, 0.20331290364265442]","[0.5211840271949768, 0.4788159430027008]","[241, 259]",0.0,0.0019623683765530586,0.007979647256433964
5679,258,41.0,41,,nnknn,500,4475,3088,1840,628,2635,2460,0,0,0.9280786666666667,0.9280786666666667,True,"[0.0, 1.0]","[0.46403932571411133, 0.5359606742858887]","[241, 259]",0.0,0.0019623683765530586,0.007979647256433964
5707,259,28.0,28,,nnknn,500,4475,3088,1840,628,2635,2460,0,0,0.927724,0.927724,True,"[0.0, 1.0]","[0.46386200189590454, 0.5361379981040955]","[241, 259]",0.0,0.0019623683765530586,0.007979647256433964
5756,260,49.0,49,39.05572509765625,nnknn,500,4554,3292,1874,716,2680,2576,0,0,0.9271033333333334,0.9271033333333334,True,"[0.7071490287780762, 0.29285094141960144]","[0.5151004791259766, 0.48489952087402344]","[242, 258]",0.0,0.0020035202614963055,0.008479408919811249
5798,261,42.0,42,,nnknn,500,4554,3292,1874,716,2680,2576,0,0,0.9265713333333333,0.9265713333333333,True,"[0.9088505506515503, 0.0911494567990303]","[0.5300213694572449, 0.4699786305427551]","[242, 258]",0.0,0.0020035202614963055,0.008479408919811249
5813,262,15.0,15,,nnknn,500,4554,3292,1874,716,2680,2576,0,0,0.9263813333333333,0.9263813333333333,True,"[0.7020215392112732, 0.2979784905910492]","[0.5148725509643555, 0.48512744903564453]","[242, 258]",0.0,0.0020035202614963055,0.008479408919811249
5839,263,26.0,26,,nnknn,500,4554,3292,1874,716,2680,2576,0,0,0.926052,0.926052,True,"[0.09738864749670029, 0.9026113748550415]","[0.4702276885509491, 0.5297723412513733]","[242, 258]",0.0,0.0020035202614963055,0.008479408919811249
5852,264,13.0,13,29.557228088378906,nnknn,500,4609,3379,1904,732,2705,2647,0,0,0.9258873333333333,0.9258873333333333,True,"[0.794348418712616, 0.20565159618854523]","[0.5218149423599243, 0.4781850576400757]","[244, 256]",0.0,0.0019907173700630665,0.008352772332727909
5901,265,49.0,49,,nnknn,500,4609,3379,1904,732,2705,2647,0,0,0.9252666666666667,0.9252666666666667,True,"[0.41483375430107117, 0.5851662755012512]","[0.49363523721694946, 0.5063647627830505]","[244, 256]",0.0,0.0019907173700630665,0.008352772332727909
5916,266,15.0,15,,nnknn,500,4609,3379,1904,732,2705,2647,0,0,0.9250766666666667,0.9250766666666667,True,"[0.4096710979938507, 0.5903288722038269]","[0.49323225021362305, 0.506767749786377]","[244, 256]",0.0,0.0019907173700630665,0.008352772332727909
5935,267,19.0,19,,nnknn,500,4609,3379,1904,732,2705,2647,0,0,0.924836,0.924836,True,"[0.6966966390609741, 0.3033033609390259]","[0.5147845149040222, 0.4852154850959778]","[244, 256]",0.0,0.0019907173700630665,0.008352772332727909
5978,268,43.0,43,32.11654281616211,nnknn,500,4673,3519,1931,783,2742,2736,0,0,0.9242913333333334,0.9242913333333334,True,"[1.0, 0.0]","[0.5378543138504028, 0.4621456563472748]","[249, 251]",0.0,0.002027735346928239,0.0088527025654912
6070,269,92.0,92,,nnknn,500,4673,3519,1931,783,2742,2736,0,0,0.923126,0.923126,True,"[0.9028290510177612, 0.09717097878456116]","[0.530967116355896, 0.4690329134464264]","[249, 251]",0.0,0.002027735346928239,0.0088527025654912
6092,270,22.0,22,,nnknn,500,4673,3519,1931,783,2742,2736,0,0,0.9228473333333334,0.9228473333333334,True,"[0.8928648233413696, 0.10713519155979156]","[0.5303105711936951, 0.46968942880630493]","[249, 251]",0.0,0.002027735346928239,0.0088527025654912
6103,271,11.0,11,,nnknn,500,4673,3519,1931,783,2742,2736,0,0,0.922708,0.922708,True,"[0.6006057262420654, 0.39939430356025696]","[0.5077760219573975, 0.49222397804260254]","[249, 251]",0.0,0.002027735346928239,0.0088527025654912
6122,272,19.0,19,84.07240295410156,nnknn,500,4754,3673,1968,837,2786,2836,0,0,0.9224673333333333,0.9224673333333333,True,"[0.09676168859004974, 0.9032383561134338]","[0.46873587369918823, 0.5312641263008118]","[246, 254]",0.0,0.002083743689581752,0.009352631866931915
6144,273,22.0,22,,nnknn,500,4754,3673,1968,837,2786,2836,0,0,0.9221886666666667,0.9221886666666667,True,"[0.41297513246536255, 0.5870249271392822]","[0.4932284653186798, 0.5067715048789978]","[246, 254]",0.0,0.002083743689581752,0.009352631866931915
6205,274,61.0,61,,nnknn,500,4754,3673,1968,837,2786,2836,0,0,0.921416,0.921416,True,"[0.3171127736568451, 0.6828872561454773]","[0.4856279790401459, 0.5143719911575317]","[246, 254]",0.0,0.002083743689581752,0.009352631866931915
6244,275,39.0,39,,nnknn,500,4754,3673,1968,837,2786,2836,0,0,0.920922,0.920922,True,"[0.7043127417564392, 0.29568731784820557]","[0.5161566734313965, 0.4838433563709259]","[246, 254]",0.0,0.002083743689581752,0.009352631866931915
6257,276,13.0,13,56.24694061279297,nnknn,500,4806,3842,1983,908,2823,2934,0,0,0.9207573333333333,0.9207573333333333,True,"[0.5395724177360535, 0.4604276120662689]","[0.5031358003616333, 0.4968641698360443]","[248, 252]",0.0,0.0020957638043910265,0.008857009932398796
6285,277,28.0,28,,nnknn,500,4806,3842,1983,908,2823,2934,0,0,0.9204026666666667,0.9204026666666667,True,"[0.49837052822113037, 0.5016294717788696]","[0.49987030029296875, 0.5001296997070312]","[248, 252]",0.0,0.0020957638043910265,0.008857009932398796
6296,278,11.0,11,,nnknn,500,4806,3842,1983,908,2823,2934,0,0,0.9202633333333333,0.9202633333333333,True,"[0.8738895654678345, 0.12611044943332672]","[0.5298126935958862, 0.47018730640411377]","[248, 252]",0.0,0.0020957638043910265,0.008857009932398796
6315,279,19.0,19,,nnknn,500,4806,3842,1983,908,2823,2934,0,0,0.9200226666666667,0.9200226666666667,True,"[0.9006797075271606, 0.09932029247283936]","[0.532045304775238, 0.46795469522476196]","[248, 252]",0.0,0.0020957638043910265,0.008857009932398796
6349,280,34.0,34,13.137600898742676,nnknn,500,4862,3922,2006,929,2856,2993,0,0,0.919592,0.919592,True,"[0.894424319267273, 0.10557571053504944]","[0.5317148566246033, 0.46828514337539673]","[251, 249]",0.0,0.002127497224137187,0.009356853552162647
6372,281,23.0,23,,nnknn,500,4862,3922,2006,929,2856,2993,0,0,0.9193006666666667,0.9193006666666667,True,"[1.0, 0.0]","[0.5403496623039246, 0.45965033769607544]","[251, 249]",0.0,0.002127497224137187,0.009356853552162647
6398,282,26.0,26,,nnknn,500,4862,3922,2006,929,2856,2993,0,0,0.9189713333333334,0.9189713333333334,True,"[0.19612738490104675, 0.8038726449012756]","[0.47537761926651, 0.52462238073349]","[251, 249]",0.0,0.002127497224137187,0.009356853552162647
6424,283,26.0,26,,nnknn,500,4862,3922,2006,929,2856,2993,0,0,0.918642,0.918642,True,"[0.0, 1.0]","[0.459320992231369, 0.5406789779663086]","[251, 249]",0.0,0.002127497224137187,0.009356853552162647
6439,284,15.0,15,14.970976829528809,nnknn,500,4899,4016,2021,955,2878,3061,0,0,0.918452,0.918452,True,"[0.673814058303833, 0.3261859118938446]","[0.5141741633415222, 0.4858258068561554]","[255, 245]",0.0,0.002146939979866147,0.009220682084560394
6453,285,14.0,14,,nnknn,500,4899,4016,2021,955,2878,3061,0,0,0.9182746666666667,0.9182746666666667,True,"[0.0, 1.0]","[0.45913732051849365, 0.5408626794815063]","[255, 245]",0.0,0.002146939979866147,0.009220682084560394
6468,286,15.0,15,,nnknn,500,4899,4016,2021,955,2878,3061,0,0,0.9180846666666667,0.9180846666666667,True,"[0.6958579421043396, 0.304142028093338]","[0.5160437822341919, 0.4839562177658081]","[255, 245]",0.0,0.002146939979866147,0.009220682084560394
6478,287,10.0,10,,nnknn,500,4899,4016,2021,955,2878,3061,0,0,0.917958,0.917958,True,"[0.6017966270446777, 0.39820343255996704]","[0.5083516240119934, 0.491648405790329]","[255, 245]",0.0,0.002146939979866147,0.009220682084560394
6494,288,16.0,16,14.859315872192383,nnknn,489,4933,4055,2039,955,2894,3100,0,0,0.9177553333333334,0.9177553333333334,True,"[0.905851423740387, 0.09414854645729065]","[0.5333791375160217, 0.46662086248397827]","[253, 236]",0.0,0.0021820373367518187,0.009720612317323685
6514,289,20.0,20,,nnknn,489,4933,4055,2039,955,2894,3100,0,0,0.917502,0.917502,True,"[0.09893139451742172, 0.9010686278343201]","[0.4669126272201538, 0.5330873727798462]","[253, 236]",0.0,0.0021820373367518187,0.009720612317323685
6544,290,30.0,30,,nnknn,489,4933,4055,2039,955,2894,3100,0,0,0.917122,0.917122,True,"[0.429984450340271, 0.570015549659729]","[0.4941972494125366, 0.5058027505874634]","[253, 236]",0.0,0.0021820373367518187,0.009720612317323685
6556,291,12.0,12,,nnknn,489,4933,4055,2039,955,2894,3100,0,0,0.91697,0.91697,True,"[0.402505099773407, 0.597494900226593]","[0.49190500378608704, 0.5080950260162354]","[253, 236]",0.0,0.0021820373367518187,0.009720612317323685
6577,292,21.0,21,16.871854782104492,nnknn,500,4963,4130,2052,964,2911,3166,0,0,0.916704,0.916704,True,"[0.0, 1.0]","[0.4583519995212555, 0.5416480302810669]","[258, 242]",0.0,0.002120897639542818,0.009578376077115536
6600,293,23.0,23,,nnknn,500,4963,4130,2052,964,2911,3166,0,0,0.9164126666666667,0.9164126666666667,True,"[0.7014064192771912, 0.29859355092048645]","[0.5168350338935852, 0.4831649661064148]","[258, 242]",0.0,0.002120897639542818,0.009578376077115536
6621,294,21.0,21,,nnknn,500,4963,4130,2052,964,2911,3166,0,0,0.9161466666666667,0.9161466666666667,True,"[0.7998340725898743, 0.20016595721244812]","[0.5251420736312866, 0.4748579263687134]","[258, 242]",0.0,0.002120897639542818,0.009578376077115536
6640,295,19.0,19,,nnknn,500,4963,4130,2052,964,2911,3166,0,0,0.915906,0.915906,True,"[0.8884924054145813, 0.11150762438774109]","[0.5326699018478394, 0.46733012795448303]","[258, 242]",0.0,0.002120897639542818,0.009578376077115536
6655,296,15.0,15,8.079720497131348,nnknn,500,4992,4207,2071,973,2921,3234,0,0,0.915716,0.915716,True,"[0.5515932440757751, 0.44840678572654724]","[0.5043485164642334, 0.495651513338089]","[256, 244]",0.0,0.0021622900385409594,0.00943987350910902
6685,297,30.0,30,,nnknn,500,4992,4207,2071,973,2921,3234,0,0,0.915336,0.915336,True,"[1.0, 0.0]","[0.5423319935798645, 0.4576680064201355]","[256, 244]",0.0,0.0021622900385409594,0.00943987350910902
6713,298,28.0,28,,nnknn,500,4992,4207,2071,973,2921,3234,0,0,0.9149813333333333,0.9149813333333333,True,"[0.9007871150970459, 0.09921287000179291]","[0.5340744256973267, 0.4659256041049957]","[256, 244]",0.0,0.0021622900385409594,0.00943987350910902
6725,299,12.0,12,,nnknn,500,4992,4207,2071,973,2921,3234,0,0,0.9148293333333333,0.9148293333333333,True,"[0.8863884806632996, 0.11361154913902283]","[0.5329089760780334, 0.46709102392196655]","[256, 244]",0.0,0.0021622900385409594,0.00943987350910902
6757,300,32.0,32,27.52353858947754,nnknn,500,5046,4311,2088,1012,2958,3299,0,0,0.914424,0.914424,True,"[0.0, 1.0]","[0.45721200108528137, 0.542788028717041]","[254, 246]",0.0,0.002183161908760667,0.008940101601183414
6805,301,48.0,48,,nnknn,500,5046,4311,2088,1012,2958,3299,0,0,0.913816,0.913816,True,"[0.7567641735076904, 0.24323582649230957]","[0.5221289396286011, 0.47787103056907654]","[254, 246]",0.0,0.002183161908760667,0.008940101601183414
6866,302,61.0,61,,nnknn,500,5046,4311,2088,1012,2958,3299,0,0,0.9130433333333333,0.9130433333333333,True,"[0.7248860001564026, 0.2751140296459198]","[0.5195553302764893, 0.48044466972351074]","[254, 246]",0.0,0.002183161908760667,0.008940101601183414
6947,303,81.0,81,,nnknn,500,5046,4311,2088,1012,2958,3299,0,0,0.9120173333333333,0.9120173333333333,True,"[0.7091384530067444, 0.2908615171909332]","[0.5184005498886108, 0.48159945011138916]","[254, 246]",0.0,0.002183161908760667,0.008940101601183414
7011,304,64.0,64,88.77198791503906,nnknn,500,5122,4709,2118,1202,3004,3507,0,0,0.9112066666666667,0.9112066666666667,True,"[0.9108196496963501, 0.0891803726553917]","[0.5364780426025391, 0.46352195739746094]","[245, 255]",0.0,0.0021872331853955984,0.009439382702112198
7030,305,19.0,19,,nnknn,500,5122,4709,2118,1202,3004,3507,0,0,0.9109659999999999,0.9109659999999999,True,"[0.0, 1.0]","[0.45548298954963684, 0.5445170402526855]","[245, 255]",0.0,0.0021872331853955984,0.009439382702112198
7052,306,22.0,22,,nnknn,500,5122,4709,2118,1202,3004,3507,0,0,0.9106873333333333,0.9106873333333333,True,"[0.7970951795578003, 0.2029048353433609]","[0.526534378528595, 0.47346562147140503]","[245, 255]",0.0,0.0021872331853955984,0.009439382702112198
7063,307,11.0,11,,nnknn,500,5122,4709,2118,1202,3004,3507,0,0,0.910548,0.910548,True,"[0.20733626186847687, 0.7926637530326843]","[0.47382062673568726, 0.5261793732643127]","[245, 255]",0.0,0.0021872331853955984,0.009439382702112198
7077,308,14.0,14,19.699594497680664,nnknn,500,5160,4752,2130,1205,3030,3547,0,0,0.9103706666666667,0.9103706666666667,True,"[0.0, 1.0]","[0.45518532395362854, 0.5448147058486938]","[244, 256]",0.0,0.0022189547307789326,0.009302339516580105
7101,309,24.0,24,,nnknn,500,5160,4752,2130,1205,3030,3547,0,0,0.9100666666666667,0.9100666666666667,True,"[0.09957403689622879, 0.9004259705543518]","[0.46398836374282837, 0.5360116362571716]","[244, 256]",0.0,0.0022189547307789326,0.009302339516580105
7126,310,25.0,25,,nnknn,500,5160,4752,2130,1205,3030,3547,0,0,0.9097500000000001,0.9097500000000001,True,"[0.9010967016220093, 0.09890333563089371]","[0.5361989736557007, 0.4638010263442993]","[244, 256]",0.0,0.0022189547307789326,0.009302339516580105
7189,311,63.0,63,,nnknn,500,5160,4752,2130,1205,3030,3547,0,0,0.908952,0.908952,True,"[0.3030344247817993, 0.6969655752182007]","[0.48206669092178345, 0.5179333090782166]","[244, 256]",0.0,0.0022189547307789326,0.009302339516580105
7281,312,92.0,92,82.95745086669922,nnknn,500,5231,5043,2160,1333,3071,3710,0,0,0.9077866666666666,0.9077866666666666,True,"[0.10468096286058426, 0.8953190445899963]","[0.4635463058948517, 0.5364536643028259]","[249, 251]",0.0,0.00229186681099236,0.009166746400296688
7296,313,15.0,15,,nnknn,500,5231,5043,2160,1333,3071,3710,0,0,0.9075966666666666,0.9075966666666666,True,"[0.0, 1.0]","[0.4537983238697052, 0.5462017059326172]","[249, 251]",0.0,0.00229186681099236,0.009166746400296688
7331,314,35.0,35,,nnknn,500,5231,5043,2160,1333,3071,3710,0,0,0.9071533333333334,0.9071533333333334,True,"[0.0, 1.0]","[0.4535766541957855, 0.5464233160018921]","[249, 251]",0.0,0.00229186681099236,0.009166746400296688
7348,315,17.0,17,,nnknn,500,5231,5043,2160,1333,3071,3710,0,0,0.906938,0.906938,True,"[0.9051176905632019, 0.09488231688737869]","[0.5377010703086853, 0.4622989296913147]","[249, 251]",0.0,0.00229186681099236,0.009166746400296688
7370,316,22.0,22,22.311433792114258,nnknn,500,5271,5129,2173,1357,3098,3772,0,0,0.9066593333333334,0.9066593333333334,True,"[0.10248289257287979, 0.8975171446800232]","[0.4628954827785492, 0.5371045470237732]","[246, 254]",0.0,0.0022891503758728504,0.00903259962797165
7414,317,44.0,44,,nnknn,500,5271,5129,2173,1357,3098,3772,0,0,0.906102,0.906102,True,"[0.0, 1.0]","[0.45305100083351135, 0.546949028968811]","[246, 254]",0.0,0.0022891503758728504,0.00903259962797165
7468,318,54.0,54,,nnknn,500,5271,5129,2173,1357,3098,3772,0,0,0.9054180000000001,0.9054180000000001,True,"[1.0, 0.0]","[0.5472910404205322, 0.45270898938179016]","[246, 254]",0.0,0.0022891503758728504,0.00903259962797165
7488,319,20.0,20,,nnknn,500,5271,5129,2173,1357,3098,3772,0,0,0.9051646666666666,0.9051646666666666,True,"[0.10146016627550125, 0.8985398411750793]","[0.46220433712005615, 0.5377956628799438]","[246, 254]",0.0,0.0022891503758728504,0.00903259962797165
7550,320,62.0,62,60.13679122924805,nnknn,500,5331,5386,2193,1475,3138,3911,1,1,0.9043793333333333,0.9043793333333333,True,"[0.905208945274353, 0.09479106217622757]","[0.5387463569641113, 0.46125364303588867]","[249, 251]",0.0,0.002310425043106079,0.008880975656211376
7589,321,39.0,39,,nnknn,500,5331,5386,2193,1475,3138,3911,1,1,0.9038853333333333,0.9038853333333333,True,"[0.0, 1.0]","[0.45194265246391296, 0.5480573177337646]","[249, 251]",0.0,0.002310425043106079,0.008880975656211376
7614,322,25.0,25,,nnknn,500,5331,5386,2193,1475,3138,3911,1,1,0.9035686666666667,0.9035686666666667,True,"[0.0, 1.0]","[0.4517843425273895, 0.5482156276702881]","[249, 251]",0.0,0.002310425043106079,0.008880975656211376
7641,323,27.0,27,,nnknn,500,5331,5386,2193,1475,3138,3911,1,1,0.9032266666666666,0.9032266666666666,True,"[0.7999166250228882, 0.200083389878273]","[0.5290239453315735, 0.4709760844707489]","[249, 251]",0.0,0.002310425043106079,0.008880975656211376
7658,324,17.0,17,18.291412353515625,nnknn,500,5368,5514,2201,1524,3167,3990,1,1,0.9030113333333334,0.9030113333333334,True,"[0.0, 1.0]","[0.4515056610107422, 0.5484943389892578]","[244, 256]",0.0,0.0023084969725459814,0.009037560783326626
7674,325,16.0,16,,nnknn,500,5368,5514,2201,1524,3167,3990,1,1,0.9028086666666667,0.9028086666666667,True,"[0.8072733879089355, 0.19272667169570923]","[0.5298643112182617, 0.4701356887817383]","[244, 256]",0.0,0.0023084969725459814,0.009037560783326626
7690,326,16.0,16,,nnknn,500,5368,5514,2201,1524,3167,3990,1,1,0.902606,0.902606,True,"[0.09900485724210739, 0.900995135307312]","[0.4609454870223999, 0.5390545129776001]","[244, 256]",0.0,0.0023084969725459814,0.009037560783326626
7704,327,14.0,14,,nnknn,500,5368,5514,2201,1524,3167,3990,1,1,0.9024286666666667,0.9024286666666667,True,"[0.7094277739524841, 0.29057225584983826]","[0.5204341411590576, 0.4795658588409424]","[244, 256]",0.0,0.0023084969725459814,0.009037560783326626
7729,328,25.0,25,10.215292930603027,nnknn,500,5403,5567,2217,1525,3186,4042,1,1,0.902112,0.902112,True,"[0.8809999227523804, 0.11900009214878082]","[0.5372953414916992, 0.46270468831062317]","[247, 253]",0.0,0.002319699851796031,0.009213801473379135
7746,329,17.0,17,,nnknn,500,5403,5567,2217,1525,3186,4042,1,1,0.9018966666666667,0.9018966666666667,True,"[0.32747891545295715, 0.6725210547447205]","[0.4830751121044159, 0.5169249176979065]","[247, 253]",0.0,0.002319699851796031,0.009213801473379135
7758,330,12.0,12,,nnknn,500,5403,5567,2217,1525,3186,4042,1,1,0.9017446666666666,0.9017446666666666,True,"[0.35893890261650085, 0.6410611271858215]","[0.4861399829387665, 0.5138599872589111]","[247, 253]",0.0,0.002319699851796031,0.009213801473379135
7773,331,15.0,15,,nnknn,500,5403,5567,2217,1525,3186,4042,1,1,0.9015546666666667,0.9015546666666667,True,"[0.0, 1.0]","[0.4507773220539093, 0.5492227077484131]","[247, 253]",0.0,0.002319699851796031,0.009213801473379135
7797,332,24.0,24,18.328397750854492,nnknn,500,5435,5624,2230,1533,3205,4091,1,1,0.9012506666666666,0.9012506666666666,True,"[1.0, 0.0]","[0.5493746995925903, 0.45062533020973206]","[242, 258]",0.0,0.002324292901903391,0.00907915085554123
7825,333,28.0,28,,nnknn,500,5435,5624,2230,1533,3205,4091,1,1,0.900896,0.900896,True,"[0.3058781921863556, 0.6941218376159668]","[0.4807617664337158, 0.5192382335662842]","[242, 258]",0.0,0.002324292901903391,0.00907915085554123
7895,334,70.0,70,,nnknn,500,5435,5624,2230,1533,3205,4091,1,1,0.9000093333333333,0.9000093333333333,True,"[0.9036893844604492, 0.09631063789129257]","[0.5403651595115662, 0.45963484048843384]","[242, 258]",0.0,0.002324292901903391,0.00907915085554123
7925,335,30.0,30,,nnknn,500,5435,5624,2230,1533,3205,4091,1,1,0.8996293333333334,0.8996293333333334,True,"[0.0, 1.0]","[0.44981467723846436, 0.5501853227615356]","[242, 258]",0.0,0.002324292901903391,0.00907915085554123
7937,336,12.0,12,55.36305618286133,nnknn,500,5499,5792,2260,1595,3239,4197,1,1,0.8994773333333334,0.8994773333333334,True,"[0.8982189297676086, 0.10178106278181076]","[0.5400300025939941, 0.45996999740600586]","[241, 259]",0.0,0.002308124676346779,0.008945943787693977
7971,337,34.0,34,,nnknn,500,5499,5792,2260,1595,3239,4197,1,1,0.8990466666666667,0.8990466666666667,True,"[0.0, 1.0]","[0.44952332973480225, 0.5504766702651978]","[241, 259]",0.0,0.002308124676346779,0.008945943787693977
8007,338,36.0,36,,nnknn,500,5499,5792,2260,1595,3239,4197,1,1,0.8985906666666666,0.8985906666666666,True,"[0.9022282958030701, 0.09777171164751053]","[0.5407897233963013, 0.4592103064060211]","[241, 259]",0.0,0.002308124676346779,0.008945943787693977
8052,339,45.0,45,,nnknn,500,5499,5792,2260,1595,3239,4197,1,1,0.8980206666666667,0.8980206666666667,True,"[0.7010723352432251, 0.2989277243614197]","[0.5205051898956299, 0.47949478030204773]","[241, 259]",0.0,0.002308124676346779,0.008945943787693977
8071,340,19.0,19,39.53749084472656,nnknn,500,5587,5922,2293,1646,3294,4276,1,1,0.89778,0.89778,True,"[0.5792462825775146, 0.42075371742248535]","[0.5081005692481995, 0.49189943075180054]","[242, 258]",0.0,0.0023174479138106108,0.009445590898394585
8091,341,20.0,20,,nnknn,500,5587,5922,2293,1646,3294,4276,1,1,0.8975266666666667,0.8975266666666667,True,"[0.8073670268058777, 0.19263297319412231]","[0.5314969420433044, 0.46850308775901794]","[242, 258]",0.0,0.0023174479138106108,0.009445590898394585
8115,342,24.0,24,,nnknn,500,5587,5922,2293,1646,3294,4276,1,1,0.8972226666666667,0.8972226666666667,True,"[0.3766985833644867, 0.6233013868331909]","[0.4873273968696594, 0.5126726031303406]","[242, 258]",0.0,0.0023174479138106108,0.009445590898394585
8133,343,18.0,18,,nnknn,500,5587,5922,2293,1646,3294,4276,1,1,0.8969946666666666,0.8969946666666666,True,"[0.8830306529998779, 0.11696938425302505]","[0.5394542217254639, 0.4605458080768585]","[242, 258]",0.0,0.0023174479138106108,0.009445590898394585
8162,344,29.0,29,22.112321853637695,nnknn,500,5644,5995,2314,1664,3330,4331,1,1,0.8966273333333333,0.8966273333333333,True,"[0.20352472364902496, 0.7964752912521362]","[0.4693525433540344, 0.5306474566459656]","[239, 261]",0.0,0.002337423386052251,0.009308481588959694
8179,345,17.0,17,,nnknn,500,5644,5995,2314,1664,3330,4331,1,1,0.896412,0.896412,True,"[0.09701243788003922, 0.902987539768219]","[0.4582553207874298, 0.5417446494102478]","[239, 261]",0.0,0.002337423386052251,0.009308481588959694
8196,346,17.0,17,,nnknn,500,5644,5995,2314,1664,3330,4331,1,1,0.8961966666666666,0.8961966666666666,True,"[0.0, 1.0]","[0.4480983316898346, 0.5519016981124878]","[239, 261]",0.0,0.002337423386052251,0.009308481588959694
8211,347,15.0,15,,nnknn,500,5644,5995,2314,1664,3330,4331,1,1,0.8960066666666666,0.8960066666666666,True,"[0.7846119403839111, 0.21538807451725006]","[0.5295977592468262, 0.47040224075317383]","[239, 261]",0.0,0.002337423386052251,0.009308481588959694
8227,348,16.0,16,16.917110443115234,nnknn,500,5685,6031,2322,1668,3363,4363,1,1,0.895804,0.895804,True,"[0.8064674735069275, 0.19353249669075012]","[0.5319327116012573, 0.46806731820106506]","[239, 261]",0.0,0.0023488933220505714,0.009381143376231194
8252,349,25.0,25,,nnknn,500,5685,6031,2322,1668,3363,4363,1,1,0.8954873333333333,0.8954873333333333,True,"[0.10887133330106735, 0.891128659248352]","[0.45912209153175354, 0.5408779382705688]","[239, 261]",0.0,0.0023488933220505714,0.009381143376231194
8269,350,17.0,17,,nnknn,500,5685,6031,2322,1668,3363,4363,1,1,0.895272,0.895272,True,"[0.0, 1.0]","[0.4476360082626343, 0.5523639917373657]","[239, 261]",0.0,0.0023488933220505714,0.009381143376231194
8308,351,39.0,39,,nnknn,500,5685,6031,2322,1668,3363,4363,1,1,0.894778,0.894778,True,"[1.0, 0.0]","[0.5526109933853149, 0.44738900661468506]","[239, 261]",0.0,0.0023488933220505714,0.009381143376231194
8334,352,26.0,26,31.143665313720703,nnknn,500,5736,6142,2339,1706,3397,4436,1,1,0.8944486666666667,0.8944486666666667,True,"[0.19527766108512878, 0.8047223687171936]","[0.4678361415863037, 0.5321638584136963]","[239, 261]",0.0,0.002355628414079547,0.009038611315190792
8369,353,35.0,35,,nnknn,500,5736,6142,2339,1706,3397,4436,1,1,0.8940053333333333,0.8940053333333333,True,"[1.0, 0.0]","[0.552997350692749, 0.44700267910957336]","[239, 261]",0.0,0.002355628414079547,0.009038611315190792
8394,354,25.0,25,,nnknn,500,5736,6142,2339,1706,3397,4436,1,1,0.8936886666666667,0.8936886666666667,True,"[0.8034492135047913, 0.19655081629753113]","[0.5322600603103638, 0.46773990988731384]","[239, 261]",0.0,0.002355628414079547,0.009038611315190792
8452,355,58.0,58,,nnknn,500,5736,6142,2339,1706,3397,4436,1,1,0.892954,0.892954,True,"[0.0, 1.0]","[0.4464769959449768, 0.5535230040550232]","[239, 261]",0.0,0.002355628414079547,0.009038611315190792
8471,356,19.0,19,42.133846282958984,nnknn,500,5801,6303,2362,1772,3439,4531,1,1,0.8927133333333334,0.8927133333333334,True,"[0.0, 1.0]","[0.4463566541671753, 0.5536433458328247]","[235, 265]",0.0,0.002393220318481326,0.008905841037631035
8491,357,20.0,20,,nnknn,500,5801,6303,2362,1772,3439,4531,1,1,0.89246,0.89246,True,"[0.9048857092857361, 0.09511430561542511]","[0.543541431427002, 0.45645859837532043]","[235, 265]",0.0,0.002393220318481326,0.008905841037631035
8527,358,36.0,36,,nnknn,500,5801,6303,2362,1772,3439,4531,1,1,0.892004,0.892004,True,"[0.0, 1.0]","[0.4460020065307617, 0.5539979934692383]","[235, 265]",0.0,0.002393220318481326,0.008905841037631035
8549,359,22.0,22,,nnknn,500,5801,6303,2362,1772,3439,4531,1,1,0.8917253333333334,0.8917253333333334,True,"[0.0, 1.0]","[0.44586268067359924, 0.5541373491287231]","[235, 265]",0.0,0.002393220318481326,0.008905841037631035
8573,360,24.0,24,11.670500755310059,nnknn,500,5838,6420,2369,1817,3469,4603,1,1,0.8914213333333333,0.8914213333333333,True,"[0.11778419464826584, 0.8822157979011536]","[0.4584995210170746, 0.5415005087852478]","[231, 269]",0.0,0.002385565312579274,0.008774508722126484
8588,361,15.0,15,,nnknn,500,5838,6420,2369,1817,3469,4603,1,1,0.8912313333333334,0.8912313333333334,True,"[0.8921875953674316, 0.10781243443489075]","[0.542657732963562, 0.4573422968387604]","[231, 269]",0.0,0.002385565312579274,0.008774508722126484
8648,362,60.0,60,,nnknn,500,5838,6420,2369,1817,3469,4603,1,1,0.8904713333333334,0.8904713333333334,True,"[0.0, 1.0]","[0.4452356696128845, 0.5547643303871155]","[231, 269]",0.0,0.002385565312579274,0.008774508722126484
8662,363,14.0,14,,nnknn,500,5838,6420,2369,1817,3469,4603,1,1,0.890294,0.890294,True,"[0.10238632559776306, 0.8976137042045593]","[0.45637941360473633, 0.5436205863952637]","[231, 269]",0.0,0.002385565312579274,0.008774508722126484
8694,364,32.0,32,48.92860794067383,nnknn,500,5877,6573,2384,1873,3493,4700,1,1,0.8898886666666667,0.8898886666666667,True,"[0.6939073204994202, 0.30609264969825745]","[0.5213513970375061, 0.4786486029624939]","[236, 264]",0.0,0.0023935732897371054,0.009274237789213657
8709,365,15.0,15,,nnknn,500,5877,6573,2384,1873,3493,4700,1,1,0.8896986666666666,0.8896986666666666,True,"[0.8827097415924072, 0.11729031056165695]","[0.5422133803367615, 0.4577866196632385]","[236, 264]",0.0,0.0023935732897371054,0.009274237789213657
8756,366,47.0,47,,nnknn,500,5877,6573,2384,1873,3493,4700,1,1,0.8891033333333334,0.8891033333333334,True,"[0.10416959971189499, 0.8958303928375244]","[0.45610374212265015, 0.5438962578773499]","[236, 264]",0.0,0.0023935732897371054,0.009274237789213657
8767,367,11.0,11,,nnknn,500,5877,6573,2384,1873,3493,4700,1,1,0.888964,0.888964,True,"[0.895067572593689, 0.10493244230747223]","[0.543866753578186, 0.45613327622413635]","[236, 264]",0.0,0.0023935732897371054,0.009274237789213657
8799,368,32.0,32,26.804401397705078,nnknn,500,5914,6699,2401,1914,3513,4785,1,1,0.8885586666666667,0.8885586666666667,True,"[0.0, 1.0]","[0.44427934288978577, 0.5557206869125366]","[235, 265]",0.0,0.0024128055665642023,0.009138943627476692
8813,369,14.0,14,,nnknn,500,5914,6699,2401,1914,3513,4785,1,1,0.8883813333333334,0.8883813333333334,True,"[0.0979682132601738, 0.9020318388938904]","[0.45512574911117554, 0.5448742508888245]","[235, 265]",0.0,0.0024128055665642023,0.009138943627476692
8863,370,50.0,50,,nnknn,500,5914,6699,2401,1914,3513,4785,1,1,0.887748,0.887748,True,"[0.0, 1.0]","[0.4438740015029907, 0.5561259984970093]","[235, 265]",0.0,0.0024128055665642023,0.009138943627476692
8903,371,40.0,40,,nnknn,500,5914,6699,2401,1914,3513,4785,1,1,0.8872413333333333,0.8872413333333333,True,"[0.8078949451446533, 0.19210511445999146]","[0.534717857837677, 0.4652821719646454]","[235, 265]",0.0,0.0024128055665642023,0.009138943627476692
8938,372,35.0,35,37.111446380615234,nnknn,500,5964,6886,2418,1995,3546,4891,1,1,0.886798,0.886798,True,"[0.8042383193969727, 0.19576171040534973]","[0.5344403982162476, 0.46555963158607483]","[241, 259]",0.0,0.0024250769056379795,0.00938109029084444
8962,373,24.0,24,,nnknn,500,5964,6886,2418,1995,3546,4891,1,1,0.886494,0.886494,True,"[0.0, 1.0]","[0.443246990442276, 0.5567530393600464]","[241, 259]",0.0,0.0024250769056379795,0.00938109029084444
8979,374,17.0,17,,nnknn,500,5964,6886,2418,1995,3546,4891,1,1,0.8862786666666667,0.8862786666666667,True,"[0.0, 1.0]","[0.44313934445381165, 0.5568606853485107]","[241, 259]",0.0,0.0024250769056379795,0.00938109029084444
9026,375,47.0,47,,nnknn,500,5964,6886,2418,1995,3546,4891,1,1,0.8856833333333334,0.8856833333333334,True,"[0.0, 1.0]","[0.44284167885780334, 0.557158350944519]","[241, 259]",0.0,0.0024250769056379795,0.00938109029084444
9056,376,30.0,30,29.185665130615234,nnknn,500,6010,7016,2439,2032,3571,4984,1,1,0.8853033333333333,0.8853033333333333,True,"[0.7937414646148682, 0.2062585949897766]","[0.5336911678314209, 0.4663088321685791]","[238, 262]",0.0,0.0024369144812226295,0.009649801068007946
9085,377,29.0,29,,nnknn,500,6010,7016,2439,2032,3571,4984,1,1,0.884936,0.884936,True,"[0.8947597742080688, 0.10524022579193115]","[0.5454226732254028, 0.45457735657691956]","[238, 262]",0.0,0.0024369144812226295,0.009649801068007946
9096,378,11.0,11,,nnknn,500,6010,7016,2439,2032,3571,4984,1,1,0.8847966666666667,0.8847966666666667,True,"[0.8786100745201111, 0.1213899478316307]","[0.5436171293258667, 0.4563828706741333]","[238, 262]",0.0,0.0024369144812226295,0.009649801068007946
9105,379,9.0,9,,nnknn,500,6010,7016,2439,2032,3571,4984,1,1,0.8846826666666666,0.8846826666666666,True,"[0.8792142271995544, 0.12078580260276794]","[0.5437299609184265, 0.4562700390815735]","[238, 262]",0.0,0.0024369144812226295,0.009649801068007946
9138,380,33.0,33,27.871068954467773,nnknn,500,6031,7120,2448,2066,3583,5054,1,1,0.8842646666666667,0.8842646666666667,True,"[0.0, 1.0]","[0.4421323239803314, 0.5578676462173462]","[232, 268]",0.0,0.002399562858045101,0.009510553441941738
9161,381,23.0,23,,nnknn,500,6031,7120,2448,2066,3583,5054,1,1,0.8839733333333333,0.8839733333333333,True,"[1.0, 0.0]","[0.5580133199691772, 0.44198668003082275]","[232, 268]",0.0,0.002399562858045101,0.009510553441941738
9176,382,15.0,15,,nnknn,500,6031,7120,2448,2066,3583,5054,1,1,0.8837833333333334,0.8837833333333334,True,"[0.6836735010147095, 0.31632646918296814]","[0.5213459134101868, 0.47865408658981323]","[232, 268]",0.0,0.002399562858045101,0.009510553441941738
9207,383,31.0,31,,nnknn,500,6031,7120,2448,2066,3583,5054,1,1,0.8833906666666667,0.8833906666666667,True,"[0.9019893407821655, 0.09801065921783447]","[0.5468757152557373, 0.4531242847442627]","[232, 268]",0.0,0.002399562858045101,0.009510553441941738
9226,384,19.0,19,11.482381820678711,nnknn,500,6054,7221,2456,2094,3598,5127,1,1,0.88315,0.88315,True,"[0.7957189679145813, 0.20428109169006348]","[0.5345547795295715, 0.46544525027275085]","[235, 265]",0.0,0.0023795124143362045,0.010010506957769394
9235,385,9.0,9,,nnknn,500,6054,7221,2456,2094,3598,5127,1,1,0.883036,0.883036,True,"[0.8984960913658142, 0.10150396078824997]","[0.5466096997261047, 0.45339033007621765]","[235, 265]",0.0,0.0023795124143362045,0.010010506957769394
9268,386,33.0,33,,nnknn,500,6054,7221,2456,2094,3598,5127,1,1,0.882618,0.882618,True,"[0.0, 1.0]","[0.44130900502204895, 0.5586910247802734]","[235, 265]",0.0,0.0023795124143362045,0.010010506957769394
9299,387,31.0,31,,nnknn,500,6054,7221,2456,2094,3598,5127,1,1,0.8822253333333333,0.8822253333333333,True,"[0.7900412082672119, 0.20995879173278809]","[0.5341594815254211, 0.46584048867225647]","[235, 265]",0.0,0.0023795124143362045,0.010010506957769394
9316,388,17.0,17,17.0733642578125,nnknn,500,6097,7311,2469,2124,3628,5187,1,1,0.88201,0.88201,True,"[0.0, 1.0]","[0.44100499153137207, 0.5589950084686279]","[233, 267]",0.0,0.0023755994625389576,0.009867542423307896
9344,389,28.0,28,,nnknn,500,6097,7311,2469,2124,3628,5187,1,1,0.8816553333333333,0.8816553333333333,True,"[1.0, 0.0]","[0.5591723322868347, 0.4408276677131653]","[233, 267]",0.0,0.0023755994625389576,0.009867542423307896
9366,390,22.0,22,,nnknn,500,6097,7311,2469,2124,3628,5187,1,1,0.8813766666666667,0.8813766666666667,True,"[0.0, 1.0]","[0.4406883418560028, 0.5593116283416748]","[233, 267]",0.0,0.0023755994625389576,0.009867542423307896
9408,391,42.0,42,,nnknn,500,6097,7311,2469,2124,3628,5187,1,1,0.8808446666666667,0.8808446666666667,True,"[0.0, 1.0]","[0.44042232632637024, 0.5595777034759521]","[233, 267]",0.0,0.0023755994625389576,0.009867542423307896
9447,392,39.0,39,34.29571533203125,nnknn,500,6155,7463,2490,2182,3665,5281,1,1,0.8803506666666667,0.8803506666666667,True,"[0.0, 1.0]","[0.440175324678421, 0.5598247051239014]","[232, 268]",0.0,0.0023891779128462076,0.01036591362208128
9499,393,52.0,52,,nnknn,500,6155,7463,2490,2182,3665,5281,1,1,0.879692,0.879692,True,"[0.0, 1.0]","[0.439846009016037, 0.5601539611816406]","[232, 268]",0.0,0.0023891779128462076,0.01036591362208128
9523,394,24.0,24,,nnknn,500,6155,7463,2490,2182,3665,5281,1,1,0.8793880000000001,0.8793880000000001,True,"[0.7909655570983887, 0.20903444290161133]","[0.5350939631462097, 0.46490606665611267]","[232, 268]",0.0,0.0023891779128462076,0.01036591362208128
9545,395,22.0,22,,nnknn,500,6155,7463,2490,2182,3665,5281,1,1,0.8791093333333333,0.8791093333333333,True,"[0.89410001039505, 0.10589998215436935]","[0.5476430058479309, 0.4523569941520691]","[232, 268]",0.0,0.0023891779128462076,0.01036591362208128
9568,396,23.0,23,28.616870880126953,nnknn,500,6191,7610,2506,2228,3685,5382,1,1,0.878818,0.878818,True,"[0.0, 1.0]","[0.4394089877605438, 0.5605909824371338]","[226, 274]",0.0,0.0024005435407161713,0.010219361633062363
9599,397,31.0,31,,nnknn,500,6191,7610,2506,2228,3685,5382,1,1,0.8784253333333334,0.8784253333333334,True,"[0.0, 1.0]","[0.4392126798629761, 0.5607873201370239]","[226, 274]",0.0,0.0024005435407161713,0.010219361633062363
9613,398,14.0,14,,nnknn,500,6191,7610,2506,2228,3685,5382,1,1,0.878248,0.878248,True,"[0.8864080905914307, 0.11359193176031113]","[0.5470459461212158, 0.4529540240764618]","[226, 274]",0.0,0.0024005435407161713,0.010219361633062363
9689,399,76.0,76,,nnknn,500,6191,7610,2506,2228,3685,5382,1,1,0.8772853333333334,0.8772853333333334,True,"[1.0, 0.0]","[0.561357319355011, 0.438642680644989]","[226, 274]",0.0,0.0024005435407161713,0.010219361633062363
9722,400,33.0,33,68.13898468017578,nnknn,500,6241,7820,2525,2315,3716,5505,1,1,0.8768673333333333,0.8768673333333333,True,"[0.0, 1.0]","[0.4384336769580841, 0.5615663528442383]","[234, 266]",0.0,0.002407621592283249,0.009721455164253712
9756,401,34.0,34,,nnknn,500,6241,7820,2525,2315,3716,5505,1,1,0.8764366666666666,0.8764366666666666,True,"[0.875653862953186, 0.12434614449739456]","[0.5464170575141907, 0.4535829424858093]","[234, 266]",0.0,0.002407621592283249,0.009721455164253712
9771,402,15.0,15,,nnknn,500,6241,7820,2525,2315,3716,5505,1,1,0.8762466666666666,0.8762466666666666,True,"[1.0, 0.0]","[0.561876654624939, 0.43812334537506104]","[234, 266]",0.0,0.002407621592283249,0.009721455164253712
9785,403,14.0,14,,nnknn,500,6241,7820,2525,2315,3716,5505,1,1,0.8760693333333334,0.8760693333333334,True,"[0.9017490148544312, 0.09825100004673004]","[0.5497890114784241, 0.45021095871925354]","[234, 266]",0.0,0.002407621592283249,0.009721455164253712
9804,404,19.0,19,18.7845458984375,nnknn,500,6251,7919,2531,2337,3720,5582,2,2,0.8758286666666667,0.8758286666666667,True,"[0.6942533254623413, 0.3057466447353363]","[0.5241206884384155, 0.4758793115615845]","[235, 265]",0.0,0.0023920282255858183,0.010221022181212902
9835,405,31.0,31,,nnknn,500,6251,7919,2531,2337,3720,5582,2,2,0.875436,0.875436,True,"[0.7917080521583557, 0.2082919180393219]","[0.5363363027572632, 0.46366366744041443]","[235, 265]",0.0,0.0023920282255858183,0.010221022181212902
9857,406,22.0,22,,nnknn,500,6251,7919,2531,2337,3720,5582,2,2,0.8751573333333333,0.8751573333333333,True,"[0.8894725441932678, 0.11052742600440979]","[0.5486227869987488, 0.4513772130012512]","[235, 265]",0.0,0.0023920282255858183,0.010221022181212902
9881,407,24.0,24,,nnknn,500,6251,7919,2531,2337,3720,5582,2,2,0.8748533333333334,0.8748533333333334,True,"[1.0, 0.0]","[0.5625733137130737, 0.4374266564846039]","[235, 265]",0.0,0.0023920282255858183,0.010221022181212902
9939,408,58.0,58,35.622432708740234,nnknn,500,6294,8089,2556,2390,3738,5699,2,2,0.8741186666666667,0.8741186666666667,True,"[0.0, 1.0]","[0.43705934286117554, 0.5629406571388245]","[234, 266]",0.0,0.0024062739685177803,0.01007592398673296
9970,409,31.0,31,,nnknn,500,6294,8089,2556,2390,3738,5699,2,2,0.873726,0.873726,True,"[0.0, 1.0]","[0.4368630051612854, 0.5631369948387146]","[234, 266]",0.0,0.0024062739685177803,0.01007592398673296
9992,410,22.0,22,,nnknn,500,6294,8089,2556,2390,3738,5699,2,2,0.8734473333333334,0.8734473333333334,True,"[0.0, 1.0]","[0.4367236793041229, 0.5632762908935547]","[234, 266]",0.0,0.0024062739685177803,0.01007592398673296
10057,411,65.0,65,,nnknn,500,6294,8089,2556,2390,3738,5699,2,2,0.8726240000000001,0.8726240000000001,True,"[0.0, 1.0]","[0.4363119900226593, 0.5636880397796631]","[234, 266]",0.0,0.0024062739685177803,0.01007592398673296
10096,412,39.0,39,59.79949951171875,nnknn,500,6353,8293,2578,2474,3775,5819,2,2,0.87213,0.87213,True,"[0.09933853894472122, 0.9006614685058594]","[0.44876742362976074, 0.5512325763702393]","[235, 265]",0.0,0.002426951890811324,0.010575782507658005
10112,413,16.0,16,,nnknn,500,6353,8293,2578,2474,3775,5819,2,2,0.8719273333333333,0.8719273333333333,True,"[0.6970771551132202, 0.3029228448867798]","[0.5252401828765869, 0.4747598171234131]","[235, 265]",0.0,0.002426951890811324,0.010575782507658005
10141,414,29.0,29,,nnknn,500,6353,8293,2578,2474,3775,5819,2,2,0.87156,0.87156,True,"[0.7895809412002563, 0.21041910350322723]","[0.537193775177002, 0.46280622482299805]","[235, 265]",0.0,0.002426951890811324,0.010575782507658005
10251,415,110.0,110,,nnknn,500,6353,8293,2578,2474,3775,5819,2,2,0.8701666666666666,0.8701666666666666,True,"[0.0, 1.0]","[0.4350833296775818, 0.5649166703224182]","[235, 265]",0.0,0.002426951890811324,0.010575782507658005
10275,416,24.0,24,80.45974731445312,nnknn,500,6393,8561,2594,2587,3799,5974,2,2,0.8698626666666667,0.8698626666666667,True,"[0.8890016674995422, 0.11099832504987717]","[0.5506236553192139, 0.4493763744831085]","[240, 260]",0.0,0.0024295689072459936,0.01107110921293497
10290,417,15.0,15,,nnknn,500,6393,8561,2594,2587,3799,5974,2,2,0.8696726666666666,0.8696726666666666,True,"[0.8857512474060059, 0.11424875259399414]","[0.5502739548683167, 0.44972607493400574]","[240, 260]",0.0,0.0024295689072459936,0.01107110921293497
10313,418,23.0,23,,nnknn,500,6393,8561,2594,2587,3799,5974,2,2,0.8693813333333333,0.8693813333333333,True,"[0.906940758228302, 0.093059241771698]","[0.5531540513038635, 0.4468459188938141]","[240, 260]",0.0,0.0024295689072459936,0.01107110921293497
10340,419,27.0,27,,nnknn,500,6393,8561,2594,2587,3799,5974,2,2,0.8690393333333333,0.8690393333333333,True,"[0.0, 1.0]","[0.4345196783542633, 0.5654803514480591]","[240, 260]",0.0,0.0024295689072459936,0.01107110921293497
10351,420,11.0,11,18.981428146362305,nnknn,500,6425,8633,2602,2607,3823,6026,2,2,0.8689,0.8689,True,"[0.0, 1.0]","[0.4344500005245209, 0.5655499696731567]","[237, 263]",0.0,0.0023974901996552944,0.010571284219622612
10374,421,23.0,23,,nnknn,500,6425,8633,2602,2607,3823,6026,2,2,0.8686086666666667,0.8686086666666667,True,"[0.0, 1.0]","[0.4343043267726898, 0.5656956434249878]","[237, 263]",0.0,0.0023974901996552944,0.010571284219622612
10424,422,50.0,50,,nnknn,500,6425,8633,2602,2607,3823,6026,2,2,0.8679753333333333,0.8679753333333333,True,"[0.0, 1.0]","[0.43398767709732056, 0.5660123229026794]","[237, 263]",0.0,0.0023974901996552944,0.010571284219622612
10559,423,135.0,135,,nnknn,500,6425,8633,2602,2607,3823,6026,2,2,0.8662653333333333,0.8662653333333333,True,"[1.0, 0.0]","[0.5668673515319824, 0.43313267827033997]","[237, 263]",0.0,0.0023974901996552944,0.010571284219622612
10666,424,107.0,107,111.74720001220703,nnknn,500,6496,9145,2637,2840,3859,6305,2,2,0.8649100000000001,0.8649100000000001,True,"[0.0, 1.0]","[0.43245500326156616, 0.5675449967384338]","[231, 269]",0.0,0.002388985129073262,0.011069550178945065
10717,425,51.0,51,,nnknn,500,6496,9145,2637,2840,3859,6305,2,2,0.864264,0.864264,True,"[0.8947075009346008, 0.10529252886772156]","[0.5535759925842285, 0.4464239776134491]","[231, 269]",0.0,0.002388985129073262,0.011069550178945065
10739,426,22.0,22,,nnknn,500,6496,9145,2637,2840,3859,6305,2,2,0.8639853333333334,0.8639853333333334,True,"[0.0, 1.0]","[0.43199267983436584, 0.5680073499679565]","[231, 269]",0.0,0.002388985129073262,0.011069550178945065
10765,427,26.0,26,,nnknn,500,6496,9145,2637,2840,3859,6305,2,2,0.863656,0.863656,True,"[0.10440382361412048, 0.8955962061882019]","[0.446062833070755, 0.5539371967315674]","[231, 269]",0.0,0.002388985129073262,0.011069550178945065
10781,428,16.0,16,28.286476135253906,nnknn,500,6524,9287,2651,2882,3873,6405,3,3,0.8634533333333333,0.8634533333333333,True,"[0.7903825044631958, 0.2096174657344818]","[0.5396507978439331, 0.4603492319583893]","[234, 266]",0.0,0.0023561895359307528,0.010916102677583694
10843,429,62.0,62,,nnknn,500,6524,9287,2651,2882,3873,6405,3,3,0.862668,0.862668,True,"[0.8962987065315247, 0.10370131582021713]","[0.554424524307251, 0.4455755054950714]","[234, 266]",0.0,0.0023561895359307528,0.010916102677583694
10866,430,23.0,23,,nnknn,500,6524,9287,2651,2882,3873,6405,3,3,0.8623766666666667,0.8623766666666667,True,"[1.0, 0.0]","[0.5688116550445557, 0.43118834495544434]","[234, 266]",0.0,0.0023561895359307528,0.010916102677583694
10938,431,72.0,72,,nnknn,500,6524,9287,2651,2882,3873,6405,3,3,0.8614646666666667,0.8614646666666667,True,"[0.0, 1.0]","[0.4307323396205902, 0.5692676305770874]","[234, 266]",0.0,0.0023561895359307528,0.010916102677583694
10952,432,14.0,14,74.24716186523438,nnknn,500,6584,9522,2676,2981,3908,6541,3,3,0.8612873333333333,0.8612873333333333,True,"[0.0, 1.0]","[0.4306436777114868, 0.5693563222885132]","[232, 268]",0.0,0.0023627488408237696,0.010416164062917233
10965,433,13.0,13,,nnknn,500,6584,9522,2676,2981,3908,6541,3,3,0.8611226666666667,0.8611226666666667,True,"[0.0, 1.0]","[0.4305613338947296, 0.5694386959075928]","[232, 268]",0.0,0.0023627488408237696,0.010416164062917233
10990,434,25.0,25,,nnknn,500,6584,9522,2676,2981,3908,6541,3,3,0.860806,0.860806,True,"[0.0, 1.0]","[0.4304029941558838, 0.5695970058441162]","[232, 268]",0.0,0.0023627488408237696,0.010416164062917233
11021,435,31.0,31,,nnknn,500,6584,9522,2676,2981,3908,6541,3,3,0.8604133333333334,0.8604133333333334,True,"[0.8986659049987793, 0.10133412480354309]","[0.5556484460830688, 0.44435155391693115]","[232, 268]",0.0,0.0023627488408237696,0.010416164062917233
11052,436,31.0,31,17.827518463134766,nnknn,500,6614,9642,2683,3024,3931,6618,3,3,0.8600206666666667,0.8600206666666667,True,"[0.0, 1.0]","[0.4300103187561035, 0.5699896812438965]","[230, 270]",0.0,0.0023301260080188513,0.009916313923895359
11073,437,21.0,21,,nnknn,500,6614,9642,2683,3024,3931,6618,3,3,0.8597546666666667,0.8597546666666667,True,"[0.797978937625885, 0.2020210325717926]","[0.5417901277542114, 0.4582098424434662]","[230, 270]",0.0,0.0023301260080188513,0.009916313923895359
11100,438,27.0,27,,nnknn,500,6614,9642,2683,3024,3931,6618,3,3,0.8594126666666666,0.8594126666666666,True,"[0.10256214439868927, 0.8974378705024719]","[0.4441252648830414, 0.5558747053146362]","[230, 270]",0.0,0.0023301260080188513,0.009916313923895359
11156,439,56.0,56,,nnknn,500,6614,9642,2683,3024,3931,6618,3,3,0.8587033333333334,0.8587033333333334,True,"[0.8958249092102051, 0.10417509078979492]","[0.5559287667274475, 0.4440712630748749]","[230, 270]",0.0,0.0023301260080188513,0.009916313923895359
11196,440,40.0,40,46.951229095458984,nnknn,500,6654,9837,2700,3098,3954,6739,3,3,0.8581966666666667,0.8581966666666667,True,"[0.7950359582901001, 0.2049640715122223]","[0.5418370962142944, 0.45816293358802795]","[233, 267]",0.0,0.0023102492559701204,0.010416068136692047
11236,441,40.0,40,,nnknn,500,6654,9837,2700,3098,3954,6739,3,3,0.8576900000000001,0.8576900000000001,True,"[0.0, 1.0]","[0.42884498834609985, 0.5711550116539001]","[233, 267]",0.0,0.0023102492559701204,0.010416068136692047
11250,442,14.0,14,,nnknn,500,6654,9837,2700,3098,3954,6739,3,3,0.8575126666666667,0.8575126666666667,True,"[1.0, 0.0]","[0.5712436437606812, 0.42875632643699646]","[233, 267]",0.0,0.0023102492559701204,0.010416068136692047
11285,443,35.0,35,,nnknn,500,6654,9837,2700,3098,3954,6739,3,3,0.8570693333333333,0.8570693333333333,True,"[0.10439543426036835, 0.8956045508384705]","[0.4434559643268585, 0.5565440654754639]","[233, 267]",0.0,0.0023102492559701204,0.010416068136692047
11349,444,64.0,64,51.836360931396484,nnknn,500,6696,10054,2726,3178,3970,6876,3,3,0.8562586666666667,0.8562586666666667,True,"[0.0, 1.0]","[0.4281293451786041, 0.5718706846237183]","[237, 263]",0.0,0.0022986438125371933,0.010015496052801609
11407,445,58.0,58,,nnknn,500,6696,10054,2726,3178,3970,6876,3,3,0.855524,0.855524,True,"[0.0, 1.0]","[0.4277620017528534, 0.5722379684448242]","[237, 263]",0.0,0.0022986438125371933,0.010015496052801609
11424,446,17.0,17,,nnknn,500,6696,10054,2726,3178,3970,6876,3,3,0.8553086666666667,0.8553086666666667,True,"[0.9018144011497498, 0.09818560630083084]","[0.5581390857696533, 0.44186094403266907]","[237, 263]",0.0,0.0022986438125371933,0.010015496052801609
11461,447,37.0,37,,nnknn,500,6696,10054,2726,3178,3970,6876,3,3,0.85484,0.85484,True,"[0.0, 1.0]","[0.4274199903011322, 0.5725799798965454]","[237, 263]",0.0,0.0022986438125371933,0.010015496052801609
11480,448,19.0,19,32.68060302734375,nnknn,500,6718,10234,2736,3239,3982,6995,3,3,0.8545993333333333,0.8545993333333333,True,"[0.09692135453224182, 0.9030786752700806]","[0.44139209389686584, 0.5586079359054565]","[236, 264]",0.0,0.002292909426614642,0.009774086996912956
11497,449,17.0,17,,nnknn,500,6718,10234,2736,3239,3982,6995,3,3,0.854384,0.854384,True,"[0.0, 1.0]","[0.42719200253486633, 0.572808027267456]","[236, 264]",0.0,0.002292909426614642,0.009774086996912956
11526,450,29.0,29,,nnknn,500,6718,10234,2736,3239,3982,6995,3,3,0.8540166666666666,0.8540166666666666,True,"[0.0, 1.0]","[0.42700833082199097, 0.572991669178009]","[236, 264]",0.0,0.002292909426614642,0.009774086996912956
11541,451,15.0,15,,nnknn,500,6718,10234,2736,3239,3982,6995,3,3,0.8538266666666667,0.8538266666666667,True,"[0.8776818513870239, 0.12231819331645966]","[0.5552070140838623, 0.4447929859161377]","[236, 264]",0.0,0.002292909426614642,0.009774086996912956
11557,452,16.0,16,29.971620559692383,nnknn,500,6741,10305,2750,3242,3991,7063,3,3,0.8536239999999999,0.8536239999999999,True,"[0.0, 1.0]","[0.42681199312210083, 0.5731880068778992]","[231, 269]",0.0,0.00229433155618608,0.00963355042040348
11569,453,12.0,12,,nnknn,500,6741,10305,2750,3242,3991,7063,3,3,0.853472,0.853472,True,"[0.8884056806564331, 0.11159437894821167]","[0.5569123029708862, 0.44308769702911377]","[231, 269]",0.0,0.00229433155618608,0.00963355042040348
11599,454,30.0,30,,nnknn,500,6741,10305,2750,3242,3991,7063,3,3,0.853092,0.853092,True,"[0.7915414571762085, 0.20845858752727509]","[0.5428297519683838, 0.4571702480316162]","[231, 269]",0.0,0.00229433155618608,0.00963355042040348
11614,455,15.0,15,,nnknn,500,6741,10305,2750,3242,3991,7063,3,3,0.852902,0.852902,True,"[1.0, 0.0]","[0.5735490322113037, 0.4264509975910187]","[231, 269]",0.0,0.00229433155618608,0.00963355042040348
11711,456,97.0,97,76.78931427001953,nnknn,500,6786,10521,2768,3331,4018,7190,3,3,0.8516733333333333,0.8516733333333333,True,"[0.0, 1.0]","[0.4258366525173187, 0.5741633176803589]","[235, 265]",0.0,0.0023200088180601597,0.009877637028694153
11728,457,17.0,17,,nnknn,500,6786,10521,2768,3331,4018,7190,3,3,0.851458,0.851458,True,"[0.7942206263542175, 0.20577934384346008]","[0.543704092502594, 0.4562958776950836]","[235, 265]",0.0,0.0023200088180601597,0.009877637028694153
11753,458,25.0,25,,nnknn,500,6786,10521,2768,3331,4018,7190,3,3,0.8511413333333333,0.8511413333333333,True,"[0.8982720375061035, 0.10172797739505768]","[0.5592862367630005, 0.4407137632369995]","[235, 265]",0.0,0.0023200088180601597,0.009877637028694153
11769,459,16.0,16,,nnknn,500,6786,10521,2768,3331,4018,7190,3,3,0.8509386666666667,0.8509386666666667,True,"[0.1081143468618393, 0.8918856382369995]","[0.4415850043296814, 0.5584149956703186]","[235, 265]",0.0,0.0023200088180601597,0.009877637028694153
11794,460,25.0,25,19.097116470336914,nnknn,500,6808,10605,2777,3345,4031,7260,3,3,0.850622,0.850622,True,"[0.7912823557853699, 0.20871765911579132]","[0.543511152267456, 0.45648881793022156]","[240, 260]",0.0,0.002285601804032922,0.010377621278166771
11820,461,26.0,26,,nnknn,500,6808,10605,2777,3345,4031,7260,3,3,0.8502926666666667,0.8502926666666667,True,"[0.6962270140647888, 0.30377301573753357]","[0.5293766260147095, 0.4706233739852905]","[240, 260]",0.0,0.002285601804032922,0.010377621278166771
11885,462,65.0,65,,nnknn,500,6808,10605,2777,3345,4031,7260,3,3,0.8494693333333333,0.8494693333333333,True,"[0.09976784139871597, 0.900232195854187]","[0.4397527873516083, 0.5602472424507141]","[240, 260]",0.0,0.002285601804032922,0.010377621278166771
11906,463,21.0,21,,nnknn,500,6808,10605,2777,3345,4031,7260,3,3,0.8492033333333333,0.8492033333333333,True,"[0.876928985118866, 0.12307104468345642]","[0.556839644908905, 0.44316038489341736]","[240, 260]",0.0,0.002285601804032922,0.010377621278166771
11944,464,38.0,38,43.41960906982422,nnknn,500,6852,10801,2786,3426,4066,7375,3,3,0.848722,0.848722,True,"[0.905141294002533, 0.09485872089862823]","[0.5612889528274536, 0.438711017370224]","[231, 269]",0.0,0.0022849556989967823,0.00987769290804863
11965,465,21.0,21,,nnknn,500,6852,10801,2786,3426,4066,7375,3,3,0.848456,0.848456,True,"[0.09752511233091354, 0.9024748802185059]","[0.43900734186172485, 0.5609926581382751]","[231, 269]",0.0,0.0022849556989967823,0.00987769290804863
11997,466,32.0,32,,nnknn,500,6852,10801,2786,3426,4066,7375,3,3,0.8480506666666667,0.8480506666666667,True,"[0.8978729248046875, 0.1021270602941513]","[0.5604565143585205, 0.4395434558391571]","[231, 269]",0.0,0.0022849556989967823,0.00987769290804863
12008,467,11.0,11,,nnknn,500,6852,10801,2786,3426,4066,7375,3,3,0.8479113333333334,0.8479113333333334,True,"[0.6814937591552734, 0.31850624084472656]","[0.5276031494140625, 0.4723968505859375]","[231, 269]",0.0,0.0022849556989967823,0.00987769290804863
12042,468,34.0,34,24.470094680786133,nnknn,500,6896,10897,2802,3452,4094,7445,3,3,0.8474806666666667,0.8474806666666667,True,"[0.0, 1.0]","[0.42374032735824585, 0.5762596726417542]","[237, 263]",0.0,0.002336586592718959,0.010377682745456696
12064,469,22.0,22,,nnknn,500,6896,10897,2802,3452,4094,7445,3,3,0.847202,0.847202,True,"[0.22108528017997742, 0.7789146900177002]","[0.4573823809623718, 0.5426176190376282]","[237, 263]",0.0,0.002336586592718959,0.010377682745456696
12100,470,36.0,36,,nnknn,500,6896,10897,2802,3452,4094,7445,3,3,0.846746,0.846746,True,"[0.10940726846456528, 0.8905927538871765]","[0.44014009833335876, 0.5598598718643188]","[237, 263]",0.0,0.002336586592718959,0.010377682745456696
12131,471,31.0,31,,nnknn,500,6896,10897,2802,3452,4094,7445,3,3,0.8463533333333333,0.8463533333333333,True,"[0.787808358669281, 0.2121916562318802]","[0.5442208051681519, 0.45577922463417053]","[237, 263]",0.0,0.002336586592718959,0.010377682745456696
12143,472,12.0,12,22.308332443237305,nnknn,500,6940,10997,2823,3474,4117,7523,3,3,0.8462013333333334,0.8462013333333334,True,"[0.1218605786561966, 0.8781394362449646]","[0.4418426752090454, 0.5581573247909546]","[231, 269]",0.0,0.0023408785928040743,0.01049385592341423
12173,473,30.0,30,,nnknn,500,6940,10997,2823,3474,4117,7523,3,3,0.8458213333333333,0.8458213333333333,True,"[0.0, 1.0]","[0.4229106605052948, 0.5770893096923828]","[231, 269]",0.0,0.0023408785928040743,0.01049385592341423
12188,474,15.0,15,,nnknn,500,6940,10997,2823,3474,4117,7523,3,3,0.8456313333333333,0.8456313333333333,True,"[0.7912707328796387, 0.20872926712036133]","[0.5449630618095398, 0.4550369381904602]","[231, 269]",0.0,0.0023408785928040743,0.01049385592341423
12203,475,15.0,15,,nnknn,500,6940,10997,2823,3474,4117,7523,3,3,0.8454413333333333,0.8454413333333333,True,"[0.0, 1.0]","[0.42272067070007324, 0.5772793292999268]","[231, 269]",0.0,0.0023408785928040743,0.01049385592341423
12225,476,22.0,22,15.885699272155762,nnknn,500,6969,11078,2831,3494,4138,7584,3,3,0.8451626666666667,0.8451626666666667,True,"[0.6995624303817749, 0.3004375696182251]","[0.530899703502655, 0.46910029649734497]","[228, 272]",0.0,0.0023445903789252043,0.010405752807855606
12286,477,61.0,61,,nnknn,500,6969,11078,2831,3494,4138,7584,3,3,0.84439,0.84439,True,"[0.0, 1.0]","[0.4221949875354767, 0.5778050422668457]","[228, 272]",0.0,0.0023445903789252043,0.010405752807855606
12341,478,55.0,55,,nnknn,500,6969,11078,2831,3494,4138,7584,3,3,0.8436933333333333,0.8436933333333333,True,"[0.8958948254585266, 0.10410518199205399]","[0.5618810057640076, 0.43811899423599243]","[228, 272]",0.0,0.0023445903789252043,0.010405752807855606
12359,479,18.0,18,,nnknn,500,6969,11078,2831,3494,4138,7584,3,3,0.8434653333333333,0.8434653333333333,True,"[0.0, 1.0]","[0.42173266410827637, 0.5782673358917236]","[228, 272]",0.0,0.0023445903789252043,0.010405752807855606
12385,480,26.0,26,60.50809097290039,nnknn,500,7015,11299,2855,3577,4160,7722,3,3,0.843136,0.843136,True,"[1.0, 0.0]","[0.5784319639205933, 0.42156800627708435]","[235, 265]",0.0,0.002365648280829191,0.010905728675425053
12410,481,25.0,25,,nnknn,500,7015,11299,2855,3577,4160,7722,3,3,0.8428193333333334,0.8428193333333334,True,"[0.8926645517349243, 0.10733544826507568]","[0.5617192983627319, 0.43828073143959045]","[235, 265]",0.0,0.002365648280829191,0.010905728675425053
12465,482,55.0,55,,nnknn,500,7015,11299,2855,3577,4160,7722,3,3,0.8421226666666667,0.8421226666666667,True,"[0.6863160133361816, 0.31368395686149597]","[0.5294150710105896, 0.4705849289894104]","[235, 265]",0.0,0.002365648280829191,0.010905728675425053
12593,483,128.0,128,,nnknn,500,7015,11299,2855,3577,4160,7722,3,3,0.8405013333333333,0.8405013333333333,True,"[0.6941725015640259, 0.3058274984359741]","[0.5309702754020691, 0.4690297245979309]","[235, 265]",0.0,0.002365648280829191,0.010905728675425053
12665,484,72.0,72,101.53428649902344,nnknn,500,7066,11759,2872,3791,4194,7968,3,3,0.8395893333333333,0.8395893333333333,True,"[0.0, 1.0]","[0.4197946786880493, 0.5802053213119507]","[240, 260]",0.0,0.002455455483868718,0.01040575746446848
12698,485,33.0,33,,nnknn,500,7066,11759,2872,3791,4194,7968,3,3,0.8391713333333333,0.8391713333333333,True,"[0.0, 1.0]","[0.4195856750011444, 0.5804142951965332]","[240, 260]",0.0,0.002455455483868718,0.01040575746446848
12726,486,28.0,28,,nnknn,500,7066,11759,2872,3791,4194,7968,3,3,0.8388166666666667,0.8388166666666667,True,"[0.9002236723899841, 0.09977631270885468]","[0.564509391784668, 0.43549060821533203]","[240, 260]",0.0,0.002455455483868718,0.01040575746446848
12742,487,16.0,16,,nnknn,500,7066,11759,2872,3791,4194,7968,3,3,0.838614,0.838614,True,"[0.0, 1.0]","[0.41930699348449707, 0.5806930065155029]","[240, 260]",0.0,0.002455455483868718,0.01040575746446848
12757,488,15.0,15,25.076335906982422,nnknn,500,7100,11852,2888,3810,4212,8042,3,3,0.8384240000000001,0.8384240000000001,True,"[0.0, 1.0]","[0.4192120134830475, 0.5807880163192749]","[242, 258]",0.0,0.0024653130676597357,0.010905740782618523
12770,489,13.0,13,,nnknn,500,7100,11852,2888,3810,4212,8042,3,3,0.8382593333333334,0.8382593333333334,True,"[0.7858315110206604, 0.2141685038805008]","[0.5462305545806885, 0.45376941561698914]","[242, 258]",0.0,0.0024653130676597357,0.010905740782618523
12781,490,11.0,11,,nnknn,500,7100,11852,2888,3810,4212,8042,3,3,0.83812,0.83812,True,"[0.7783157229423523, 0.2216842770576477]","[0.5450537204742432, 0.45494624972343445]","[242, 258]",0.0,0.0024653130676597357,0.010905740782618523
12821,491,40.0,40,,nnknn,500,7100,11852,2888,3810,4212,8042,3,3,0.8376133333333333,0.8376133333333333,True,"[0.8947733044624329, 0.10522672533988953]","[0.5641059279441833, 0.43589410185813904]","[242, 258]",0.0,0.0024653130676597357,0.010905740782618523
12877,492,56.0,56,42.46085739135742,nnknn,500,7131,12019,2902,3874,4229,8145,3,3,0.836904,0.836904,True,"[0.7898590564727783, 0.21014094352722168]","[0.5472748279571533, 0.4527251422405243]","[240, 260]",0.0,0.0024593744892627,0.010405974462628365
12892,493,15.0,15,,nnknn,500,7131,12019,2902,3874,4229,8145,3,3,0.836714,0.836714,True,"[0.0, 1.0]","[0.4183570146560669, 0.5816429853439331]","[240, 260]",0.0,0.0024593744892627,0.010405974462628365
12959,494,67.0,67,,nnknn,500,7131,12019,2902,3874,4229,8145,3,3,0.8358653333333333,0.8358653333333333,True,"[0.0, 1.0]","[0.4179326593875885, 0.5820673704147339]","[240, 260]",0.0,0.0024593744892627,0.010405974462628365
12975,495,16.0,16,,nnknn,500,7131,12019,2902,3874,4229,8145,3,3,0.8356626666666667,0.8356626666666667,True,"[0.7932388186454773, 0.2067612111568451]","[0.5481901168823242, 0.45180991291999817]","[240, 260]",0.0,0.0024593744892627,0.010405974462628365
12988,496,13.0,13,64.76628112792969,nnknn,500,7265,12070,2911,3925,4354,8145,3,3,0.835498,0.835498,True,"[0.7777893543243408, 0.2222106158733368]","[0.5456969141960144, 0.4543030858039856]","[241, 259]",0.0,0.0024450086057186127,0.010876954533159733
13017,497,29.0,29,,nnknn,500,7265,12070,2911,3925,4354,8145,3,3,0.8351306666666667,0.8351306666666667,True,"[0.8966190218925476, 0.10338100790977478]","[0.5653902888298035, 0.43460971117019653]","[241, 259]",0.0,0.0024450086057186127,0.010876954533159733
13040,498,23.0,23,,nnknn,500,7265,12070,2911,3925,4354,8145,3,3,0.8348393333333333,0.8348393333333333,True,"[0.0, 1.0]","[0.4174196720123291, 0.5825803279876709]","[241, 259]",0.0,0.0024450086057186127,0.010876954533159733
13130,499,90.0,90,,nnknn,500,7265,12070,2911,3925,4354,8145,3,3,0.8336993333333333,0.8336993333333333,True,"[0.0, 1.0]","[0.41684967279434204, 0.583150327205658]","[241, 259]",0.0,0.0024450086057186127,0.010876954533159733
13156,500,26.0,26,63.514251708984375,nnknn,462,7436,12203,3061,3925,4375,8278,3,3,0.8333699999999999,0.8333699999999999,True,"[0.0, 1.0]","[0.41668498516082764, 0.5833150148391724]","[217, 245]",0.00035659229615703225,0.0026682810857892036,0.01041108276695013
13181,501,25.0,25,,nnknn,462,7436,12203,3061,3925,4375,8278,3,3,0.8330533333333333,0.8330533333333333,True,"[0.7692053318023682, 0.23079471290111542]","[0.5449429154396057, 0.4550570845603943]","[217, 245]",0.00035659229615703225,0.0026682810857892036,0.01041108276695013
13203,502,22.0,22,,nnknn,462,7436,12203,3061,3925,4375,8278,3,3,0.8327746666666667,0.8327746666666667,True,"[0.7909200191497803, 0.20907999575138092]","[0.5486491918563843, 0.4513508081436157]","[217, 245]",0.00035659229615703225,0.0026682810857892036,0.01041108276695013
13226,503,23.0,23,,nnknn,462,7436,12203,3061,3925,4375,8278,3,3,0.8324833333333334,0.8324833333333334,True,"[0.7743026614189148, 0.2256973534822464]","[0.5459502935409546, 0.4540497362613678]","[217, 245]",0.00035659229615703225,0.0026682810857892036,0.01041108276695013
13261,504,35.0,35,19.661346435546875,nnknn,498,7457,12287,3061,3925,4396,8362,3,3,0.83204,0.83204,True,"[0.12596072256565094, 0.8740392923355103]","[0.437176376581192, 0.5628236532211304]","[237, 261]",-3.934258347726427e-05,0.002452065469697118,0.0107048274949193
13290,505,29.0,29,,nnknn,498,7457,12287,3061,3925,4396,8362,3,3,0.8316726666666667,0.8316726666666667,True,"[0.33084121346473694, 0.6691588163375854]","[0.47152596712112427, 0.5284740328788757]","[237, 261]",-3.934258347726427e-05,0.002452065469697118,0.0107048274949193
13306,506,16.0,16,,nnknn,498,7457,12287,3061,3925,4396,8362,3,3,0.8314699999999999,0.8314699999999999,True,"[0.8987499475479126, 0.10125008970499039]","[0.5672013163566589, 0.43279868364334106]","[237, 261]",-3.934258347726427e-05,0.002452065469697118,0.0107048274949193
13322,507,16.0,16,,nnknn,498,7457,12287,3061,3925,4396,8362,3,3,0.8312673333333334,0.8312673333333334,True,"[1.0, 0.0]","[0.5843663215637207, 0.4156336784362793]","[237, 261]",-3.934258347726427e-05,0.002452065469697118,0.0107048274949193
13348,508,26.0,26,17.61894416809082,nnknn,500,7516,12345,3084,3932,4432,8413,3,3,0.830938,0.830938,True,"[0.7004748582839966, 0.29952511191368103]","[0.5338926911354065, 0.4661073088645935]","[241, 259]",0.0,0.0024696020409464836,0.010936757549643517
13364,509,16.0,16,,nnknn,500,7516,12345,3084,3932,4432,8413,3,3,0.8307353333333334,0.8307353333333334,True,"[0.0, 1.0]","[0.41536766290664673, 0.5846323370933533]","[241, 259]",0.0,0.0024696020409464836,0.010936757549643517
13408,510,44.0,44,,nnknn,500,7516,12345,3084,3932,4432,8413,3,3,0.830178,0.830178,True,"[0.7837117314338684, 0.2162882685661316]","[0.5481804609298706, 0.451819509267807]","[241, 259]",0.0,0.0024696020409464836,0.010936757549643517
13454,511,46.0,46,,nnknn,500,7516,12345,3084,3932,4432,8413,3,3,0.8295953333333334,0.8295953333333334,True,"[1.0, 0.0]","[0.5852023363113403, 0.41479766368865967]","[241, 259]",0.0,0.0024696020409464836,0.010936757549643517
13477,512,23.0,23,30.054859161376953,nnknn,500,7541,12522,3088,4001,4453,8521,3,3,0.829304,0.829304,True,"[0.0, 1.0]","[0.4146519899368286, 0.5853480100631714]","[240, 260]",0.0,0.002490771934390068,0.010784590616822243
13498,513,21.0,21,,nnknn,500,7541,12522,3088,4001,4453,8521,3,3,0.8290379999999999,0.8290379999999999,True,"[1.0, 0.0]","[0.5854809880256653, 0.4145190119743347]","[240, 260]",0.0,0.002490771934390068,0.010784590616822243
13517,514,19.0,19,,nnknn,500,7541,12522,3088,4001,4453,8521,3,3,0.8287973333333334,0.8287973333333334,True,"[0.9032804369926453, 0.09671956300735474]","[0.5690426826477051, 0.4309573173522949]","[240, 260]",0.0,0.002490771934390068,0.010784590616822243
13525,515,8.0,8,,nnknn,500,7541,12522,3088,4001,4453,8521,3,3,0.828696,0.828696,True,"[0.0, 1.0]","[0.4143480062484741, 0.5856519937515259]","[240, 260]",0.0,0.002490771934390068,0.010784590616822243
13551,516,26.0,26,18.488372802734375,nnknn,497,7592,12570,3113,4001,4479,8569,3,3,0.8283666666666667,0.8283666666666667,True,"[0.7885801792144775, 0.21141982078552246]","[0.5495299696922302, 0.4504700005054474]","[243, 254]",0.0,0.002547713927924633,0.011284518986940384
13583,517,32.0,32,,nnknn,497,7592,12570,3113,4001,4479,8569,3,3,0.8279613333333333,0.8279613333333333,True,"[0.0, 1.0]","[0.4139806628227234, 0.5860193371772766]","[243, 254]",0.0,0.002547713927924633,0.011284518986940384
13607,518,24.0,24,,nnknn,497,7592,12570,3113,4001,4479,8569,3,3,0.8276573333333334,0.8276573333333334,True,"[0.0, 1.0]","[0.41382867097854614, 0.5861713290214539]","[243, 254]",0.0,0.002547713927924633,0.011284518986940384
13621,519,14.0,14,,nnknn,497,7592,12570,3113,4001,4479,8569,3,3,0.82748,0.82748,True,"[0.0, 1.0]","[0.41374000906944275, 0.5862599611282349]","[243, 254]",0.0,0.002547713927924633,0.011284518986940384
13652,520,31.0,31,18.703716278076172,nnknn,500,7625,12674,3127,4023,4498,8651,3,3,0.8270873333333333,0.8270873333333333,True,"[1.0, 0.0]","[0.586456298828125, 0.4135436713695526]","[239, 261]",0.0,0.0025282432325184345,0.011702070012688637
13667,521,15.0,15,,nnknn,500,7625,12674,3127,4023,4498,8651,3,3,0.8268973333333334,0.8268973333333334,True,"[0.0, 1.0]","[0.41344866156578064, 0.586551308631897]","[239, 261]",0.0,0.0025282432325184345,0.011702070012688637
13728,522,61.0,61,,nnknn,500,7625,12674,3127,4023,4498,8651,3,3,0.8261246666666666,0.8261246666666666,True,"[0.0, 1.0]","[0.41306233406066895, 0.586937665939331]","[239, 261]",0.0,0.0025282432325184345,0.011702070012688637
13819,523,91.0,91,,nnknn,500,7625,12674,3127,4023,4498,8651,3,3,0.824972,0.824972,True,"[0.7901148796081543, 0.20988509058952332]","[0.5507782697677612, 0.44922176003456116]","[239, 261]",0.0,0.0025282432325184345,0.011702070012688637
13836,524,17.0,17,78.88288116455078,nnknn,500,7652,12959,3140,4138,4512,8821,3,3,0.8247566666666667,0.8247566666666667,True,"[0.0, 1.0]","[0.41237834095954895, 0.5876216888427734]","[241, 259]",0.0,0.002522712340578437,0.012201985344290733
13854,525,18.0,18,,nnknn,500,7652,12959,3140,4138,4512,8821,3,3,0.8245286666666667,0.8245286666666667,True,"[0.11319909244775772, 0.8868009448051453]","[0.43212753534317017, 0.5678724646568298]","[241, 259]",0.0,0.002522712340578437,0.012201985344290733
13879,526,25.0,25,,nnknn,500,7652,12959,3140,4138,4512,8821,3,3,0.824212,0.824212,True,"[0.0, 1.0]","[0.4121060073375702, 0.5878939628601074]","[241, 259]",0.0,0.002522712340578437,0.012201985344290733
13934,527,55.0,55,,nnknn,500,7652,12959,3140,4138,4512,8821,3,3,0.8235153333333334,0.8235153333333334,True,"[0.6887257695198059, 0.31127429008483887]","[0.5333071947097778, 0.46669280529022217]","[241, 259]",0.0,0.002522712340578437,0.012201985344290733
13949,528,15.0,15,33.16790771484375,nnknn,500,7692,13091,3153,4184,4539,8907,3,3,0.8233253333333334,0.8233253333333334,True,"[0.7878479361534119, 0.21215209364891052]","[0.5508554577827454, 0.449144572019577]","[241, 259]",0.0,0.002540508983656764,0.011701995506882668
14014,529,65.0,65,,nnknn,500,7692,13091,3153,4184,4539,8907,3,3,0.8225020000000001,0.8225020000000001,True,"[0.0, 1.0]","[0.4112510085105896, 0.5887489914894104]","[241, 259]",0.0,0.002540508983656764,0.011701995506882668
14024,530,10.0,10,,nnknn,500,7692,13091,3153,4184,4539,8907,3,3,0.8223753333333333,0.8223753333333333,True,"[0.12552890181541443, 0.8744710683822632]","[0.4334847033023834, 0.566515326499939]","[241, 259]",0.0,0.002540508983656764,0.011701995506882668
14057,531,33.0,33,,nnknn,500,7692,13091,3153,4184,4539,8907,3,3,0.8219573333333333,0.8219573333333333,True,"[0.12064508348703384, 0.8793548941612244]","[0.43245863914489746, 0.5675413608551025]","[241, 259]",0.0,0.002540508983656764,0.011701995506882668
14103,532,46.0,46,67.60787200927734,nnknn,500,7741,13301,3174,4268,4567,9033,3,3,0.8213746666666667,0.8213746666666667,True,"[0.2812662422657013, 0.7187337279319763]","[0.46092861890792847, 0.5390713810920715]","[237, 263]",0.0,0.0026032424066215754,0.012201947160065174
14119,533,16.0,16,,nnknn,500,7741,13301,3174,4268,4567,9033,3,3,0.821172,0.821172,True,"[0.6999247670173645, 0.3000752925872803]","[0.5357521772384644, 0.46424785256385803]","[237, 263]",0.0,0.0026032424066215754,0.012201947160065174
14155,534,36.0,36,,nnknn,500,7741,13301,3174,4268,4567,9033,3,3,0.820716,0.820716,True,"[0.8914963603019714, 0.10850366950035095]","[0.5701889991760254, 0.4298109710216522]","[237, 263]",0.0,0.0026032424066215754,0.012201947160065174
14193,535,38.0,38,,nnknn,500,7741,13301,3174,4268,4567,9033,3,3,0.8202346666666667,0.8202346666666667,True,"[0.0, 1.0]","[0.41011732816696167, 0.5898826718330383]","[237, 263]",0.0,0.0026032424066215754,0.012201947160065174
14215,536,22.0,22,30.101648330688477,nnknn,500,7780,13423,3185,4306,4595,9117,3,3,0.819956,0.819956,True,"[0.24005481600761414, 0.7599451541900635]","[0.4531984329223633, 0.5468015670776367]","[234, 266]",0.0,0.002624283777549863,0.012701937928795815
14234,537,19.0,19,,nnknn,500,7780,13423,3185,4306,4595,9117,3,3,0.8197153333333334,0.8197153333333334,True,"[0.0, 1.0]","[0.4098576605319977, 0.5901423692703247]","[234, 266]",0.0,0.002624283777549863,0.012701937928795815
14251,538,17.0,17,,nnknn,500,7780,13423,3185,4306,4595,9117,3,3,0.8195,0.8195,True,"[0.7846156358718872, 0.2153843343257904]","[0.5513731241226196, 0.44862687587738037]","[234, 266]",0.0,0.002624283777549863,0.012701937928795815
14265,539,14.0,14,,nnknn,500,7780,13423,3185,4306,4595,9117,3,3,0.8193226666666666,0.8193226666666666,True,"[0.10461574792861938, 0.8953843116760254]","[0.42856302857398987, 0.5714370012283325]","[234, 266]",0.0,0.002624283777549863,0.012701937928795815
14361,540,96.0,96,83.55812072753906,nnknn,500,7829,13622,3199,4394,4630,9228,3,3,0.8181066666666666,0.8181066666666666,True,"[0.4679799973964691, 0.5320200324058533]","[0.4941757917404175, 0.5058242082595825]","[239, 261]",0.0,0.002603130880743265,0.013201860710978508
14400,541,39.0,39,,nnknn,500,7829,13622,3199,4394,4630,9228,3,3,0.8176126666666667,0.8176126666666667,True,"[0.0, 1.0]","[0.40880632400512695, 0.591193675994873]","[239, 261]",0.0,0.002603130880743265,0.013201860710978508
14458,542,58.0,58,,nnknn,500,7829,13622,3199,4394,4630,9228,3,3,0.816878,0.816878,True,"[0.39314210414886475, 0.6068578958511353]","[0.4804319739341736, 0.5195680260658264]","[239, 261]",0.0,0.002603130880743265,0.013201860710978508
14475,543,17.0,17,,nnknn,500,7829,13622,3199,4394,4630,9228,3,3,0.8166626666666666,0.8166626666666666,True,"[0.7885739207267761, 0.21142606437206268]","[0.5529063940048218, 0.4470936357975006]","[239, 261]",0.0,0.002603130880743265,0.013201860710978508
14491,544,16.0,16,35.192012786865234,nnknn,500,7844,13812,3207,4461,4637,9351,3,3,0.81646,0.81646,True,"[0.0, 1.0]","[0.4082300066947937, 0.5917699933052063]","[232, 268]",0.0,0.002605489920824766,0.012701869010925293
14517,545,26.0,26,,nnknn,500,7844,13812,3207,4461,4637,9351,3,3,0.8161306666666667,0.8161306666666667,True,"[0.0, 1.0]","[0.4080653190612793, 0.5919346809387207]","[232, 268]",0.0,0.002605489920824766,0.012701869010925293
14571,546,54.0,54,,nnknn,500,7844,13812,3207,4461,4637,9351,3,3,0.8154466666666667,0.8154466666666667,True,"[1.0, 0.0]","[0.5922766923904419, 0.4077233374118805]","[232, 268]",0.0,0.002605489920824766,0.012701869010925293
14615,547,44.0,44,,nnknn,500,7844,13812,3207,4461,4637,9351,3,3,0.8148893333333334,0.8148893333333334,True,"[0.7037521600723267, 0.29624781012535095]","[0.5377166867256165, 0.46228328347206116]","[232, 268]",0.0,0.002605489920824766,0.012701869010925293
14681,548,66.0,66,51.92174530029297,nnknn,500,7899,14086,3220,4590,4679,9496,4,6,0.8140533333333333,0.8140533333333333,True,"[0.0, 1.0]","[0.4070266783237457, 0.5929733514785767]","[231, 269]",0.0,0.002610153052955866,0.012201900593936443
14700,549,19.0,19,,nnknn,500,7899,14086,3220,4590,4679,9496,4,6,0.8138126666666666,0.8138126666666666,True,"[0.6837710738182068, 0.316228985786438]","[0.5342158079147339, 0.4657841622829437]","[231, 269]",0.0,0.002610153052955866,0.012201900593936443
14720,550,20.0,20,,nnknn,500,7899,14086,3220,4590,4679,9496,4,6,0.8135593333333333,0.8135593333333333,True,"[1.0, 0.0]","[0.5932203531265259, 0.4067796766757965]","[231, 269]",0.0,0.002610153052955866,0.012201900593936443
14744,551,24.0,24,,nnknn,500,7899,14086,3220,4590,4679,9496,4,6,0.8132553333333333,0.8132553333333333,True,"[0.7007303833961487, 0.2992696464061737]","[0.5374853610992432, 0.4625146687030792]","[231, 269]",0.0,0.002610153052955866,0.012201900593936443
14777,552,33.0,33,21.743453979492188,nnknn,500,7939,14174,3235,4607,4704,9567,4,6,0.8128373333333333,0.8128373333333333,True,"[0.0, 1.0]","[0.40641868114471436, 0.5935813188552856]","[235, 265]",0.0,0.002589777112007141,0.011701926589012146
14793,553,16.0,16,,nnknn,500,7939,14174,3235,4607,4704,9567,4,6,0.8126346666666666,0.8126346666666666,True,"[0.29878467321395874, 0.701215386390686]","[0.4622992277145386, 0.5377007722854614]","[235, 265]",0.0,0.002589777112007141,0.011701926589012146
14818,554,25.0,25,,nnknn,500,7939,14174,3235,4607,4704,9567,4,6,0.812318,0.812318,True,"[1.0, 0.0]","[0.5938409566879272, 0.40615901350975037]","[235, 265]",0.0,0.002589777112007141,0.011701926589012146
14835,555,17.0,17,,nnknn,500,7939,14174,3235,4607,4704,9567,4,6,0.8121026666666666,0.8121026666666666,True,"[0.6966840624809265, 0.3033159673213959]","[0.5369564294815063, 0.46304360032081604]","[235, 265]",0.0,0.002589777112007141,0.011701926589012146
14859,556,24.0,24,26.994029998779297,nnknn,500,7977,14239,3247,4616,4730,9623,4,6,0.8117986666666667,0.8117986666666667,True,"[0.0, 1.0]","[0.4058993458747864, 0.5941006541252136]","[234, 266]",0.0,0.002546407748013735,0.012201916426420212
14885,557,26.0,26,,nnknn,500,7977,14239,3247,4616,4730,9623,4,6,0.8114693333333334,0.8114693333333334,True,"[1.0, 0.0]","[0.594265341758728, 0.405734658241272]","[234, 266]",0.0,0.002546407748013735,0.012201916426420212
14925,558,40.0,40,,nnknn,500,7977,14239,3247,4616,4730,9623,4,6,0.8109626666666667,0.8109626666666667,True,"[0.0, 1.0]","[0.40548133850097656, 0.5945186614990234]","[234, 266]",0.0,0.002546407748013735,0.012201916426420212
14945,559,20.0,20,,nnknn,500,7977,14239,3247,4616,4730,9623,4,6,0.8107093333333333,0.8107093333333333,True,"[0.0, 1.0]","[0.40535467863082886, 0.5946453213691711]","[234, 266]",0.0,0.002546407748013735,0.012201916426420212
15011,560,66.0,66,52.68236541748047,nnknn,500,8031,14432,3262,4696,4769,9736,4,6,0.8098733333333333,0.8098733333333333,True,"[0.0, 1.0]","[0.40493667125701904, 0.595063328742981]","[229, 271]",0.0,0.002558022504672408,0.01170268189162016
15063,561,52.0,52,,nnknn,500,8031,14432,3262,4696,4769,9736,4,6,0.8092146666666666,0.8092146666666666,True,"[0.0, 1.0]","[0.4046073257923126, 0.5953927040100098]","[229, 271]",0.0,0.002558022504672408,0.01170268189162016
15095,562,32.0,32,,nnknn,500,8031,14432,3262,4696,4769,9736,4,6,0.8088093333333333,0.8088093333333333,True,"[0.0, 1.0]","[0.4044046700000763, 0.5955953598022461]","[229, 271]",0.0,0.002558022504672408,0.01170268189162016
15117,563,22.0,22,,nnknn,500,8031,14432,3262,4696,4769,9736,4,6,0.8085306666666667,0.8085306666666667,True,"[0.797170877456665, 0.20282912254333496]","[0.5568990707397461, 0.4431008994579315]","[229, 271]",0.0,0.002558022504672408,0.01170268189162016
15138,564,21.0,21,25.91790008544922,nnknn,500,8055,14599,3270,4754,4785,9845,5,8,0.8082646666666666,0.8082646666666666,True,"[1.0, 0.0]","[0.5958676338195801, 0.40413233637809753]","[233, 267]",0.0,0.0025847216602414846,0.012201214209198952
15167,565,29.0,29,,nnknn,500,8055,14599,3270,4754,4785,9845,5,8,0.8078973333333334,0.8078973333333334,True,"[0.09560886025428772, 0.9043911695480347]","[0.422315388917923, 0.5776846408843994]","[233, 267]",0.0,0.0025847216602414846,0.012201214209198952
15180,566,13.0,13,,nnknn,500,8055,14599,3270,4754,4785,9845,5,8,0.8077326666666667,0.8077326666666667,True,"[1.0, 0.0]","[0.5961337089538574, 0.40386632084846497]","[233, 267]",0.0,0.0025847216602414846,0.012201214209198952
15204,567,24.0,24,,nnknn,500,8055,14599,3270,4754,4785,9845,5,8,0.8074286666666667,0.8074286666666667,True,"[1.0, 0.0]","[0.5962857007980347, 0.4037143290042877]","[233, 267]",0.0,0.0025847216602414846,0.012201214209198952
15224,568,20.0,20,17.281394958496094,nnknn,500,8104,14671,3289,4770,4815,9901,5,8,0.8071753333333334,0.8071753333333334,True,"[0.0975353866815567, 0.9024646282196045]","[0.42239490151405334, 0.577605128288269]","[231, 269]",0.0,0.0026042263489216566,0.012037225067615509
15239,569,15.0,15,,nnknn,500,8104,14671,3289,4770,4815,9901,5,8,0.8069853333333333,0.8069853333333333,True,"[0.7887817025184631, 0.21121826767921448]","[0.5557391047477722, 0.4442608952522278]","[231, 269]",0.0,0.0026042263489216566,0.012037225067615509
15259,570,20.0,20,,nnknn,500,8104,14671,3289,4770,4815,9901,5,8,0.806732,0.806732,True,"[0.0, 1.0]","[0.40336599946022034, 0.596634030342102]","[231, 269]",0.0,0.0026042263489216566,0.012037225067615509
15332,571,73.0,73,,nnknn,500,8104,14671,3289,4770,4815,9901,5,8,0.8058073333333333,0.8058073333333333,True,"[0.0, 1.0]","[0.40290367603302, 0.59709632396698]","[231, 269]",0.0,0.0026042263489216566,0.012037225067615509
15426,572,94.0,94,97.06256866455078,nnknn,500,8137,14990,3301,4909,4836,10081,6,9,0.8046166666666666,0.8046166666666666,True,"[0.9018716216087341, 0.09812839329242706]","[0.5785189867019653, 0.4214809834957123]","[235, 265]",0.0,0.002591066062450409,0.012536594644188881
15439,573,13.0,13,,nnknn,500,8137,14990,3301,4909,4836,10081,6,9,0.804452,0.804452,True,"[0.7895879149436951, 0.21041209995746613]","[0.5566283464431763, 0.44337165355682373]","[235, 265]",0.0,0.002591066062450409,0.012536594644188881
15455,574,16.0,16,,nnknn,500,8137,14990,3301,4909,4836,10081,6,9,0.8042493333333334,0.8042493333333334,True,"[0.0, 1.0]","[0.40212467312812805, 0.5978753566741943]","[235, 265]",0.0,0.002591066062450409,0.012536594644188881
15499,575,44.0,44,,nnknn,500,8137,14990,3301,4909,4836,10081,6,9,0.803692,0.803692,True,"[1.0, 0.0]","[0.5981540083885193, 0.4018459916114807]","[235, 265]",0.0,0.002591066062450409,0.012536594644188881
15511,576,12.0,12,37.92725372314453,nnknn,500,8147,15106,3304,4947,4843,10159,6,9,0.80354,0.80354,True,"[0.0, 1.0]","[0.4017699956893921, 0.5982300043106079]","[237, 263]",0.0,0.0025941578205674887,0.012369602918624878
15524,577,13.0,13,,nnknn,500,8147,15106,3304,4947,4843,10159,6,9,0.8033753333333333,0.8033753333333333,True,"[0.0, 1.0]","[0.4016876518726349, 0.5983123779296875]","[237, 263]",0.0,0.0025941578205674887,0.012369602918624878
15541,578,17.0,17,,nnknn,500,8147,15106,3304,4947,4843,10159,6,9,0.80316,0.80316,True,"[1.0, 0.0]","[0.5984200239181519, 0.40158000588417053]","[237, 263]",0.0,0.0025941578205674887,0.012369602918624878
15557,579,16.0,16,,nnknn,500,8147,15106,3304,4947,4843,10159,6,9,0.8029573333333333,0.8029573333333333,True,"[0.6640616655349731, 0.33593833446502686]","[0.5323271751403809, 0.46767285466194153]","[237, 263]",0.0,0.0025941578205674887,0.012369602918624878
15571,580,14.0,14,25.12359046936035,nnknn,500,8159,15159,3309,4947,4850,10212,6,9,0.80278,0.80278,True,"[1.0, 0.0]","[0.5986100435256958, 0.4013899862766266]","[239, 261]",0.0,0.0026005608960986137,0.012869571335613728
15608,581,37.0,37,,nnknn,500,8159,15159,3309,4947,4850,10212,6,9,0.8023113333333334,0.8023113333333334,True,"[0.6866799592971802, 0.3133200407028198]","[0.536904513835907, 0.463095486164093]","[239, 261]",0.0,0.0026005608960986137,0.012869571335613728
15619,582,11.0,11,,nnknn,500,8159,15159,3309,4947,4850,10212,6,9,0.802172,0.802172,True,"[0.6007235646247864, 0.399276465177536]","[0.5199259519577026, 0.48007404804229736]","[239, 261]",0.0,0.0026005608960986137,0.012869571335613728
15637,583,18.0,18,,nnknn,500,8159,15159,3309,4947,4850,10212,6,9,0.801944,0.801944,True,"[0.8972842693328857, 0.10271570831537247]","[0.5786845088005066, 0.421315461397171]","[239, 261]",0.0,0.0026005608960986137,0.012869571335613728
15662,584,25.0,25,22.614124298095703,nnknn,497,8309,15159,3359,4947,4950,10212,6,9,0.8016273333333334,0.8016273333333334,True,"[1.0, 0.0]","[0.5991863012313843, 0.40081366896629333]","[239, 258]",0.0,0.002605163725093007,0.012702595442533493
15678,585,16.0,16,,nnknn,497,8309,15159,3359,4947,4950,10212,6,9,0.8014246666666667,0.8014246666666667,True,"[0.0, 1.0]","[0.40071234107017517, 0.5992876291275024]","[239, 258]",0.0,0.002605163725093007,0.012702595442533493
15691,586,13.0,13,,nnknn,497,8309,15159,3359,4947,4950,10212,6,9,0.80126,0.80126,True,"[0.6843000650405884, 0.3156999349594116]","[0.5366277694702148, 0.46337220072746277]","[239, 258]",0.0,0.002605163725093007,0.012702595442533493
15777,587,86.0,86,,nnknn,497,8309,15159,3359,4947,4950,10212,6,9,0.8001706666666667,0.8001706666666667,True,"[0.0, 1.0]","[0.40008533000946045, 0.5999146699905396]","[239, 258]",0.0,0.002605163725093007,0.012702595442533493
15894,588,117.0,117,118.36792755126953,nnknn,500,8339,15527,3371,5110,4968,10417,6,9,0.7986886666666666,0.7986886666666666,True,"[0.0, 1.0]","[0.3993443250656128, 0.6006556749343872]","[235, 265]",0.0,0.002587389200925827,0.013202549889683723
15965,589,71.0,71,,nnknn,500,8339,15527,3371,5110,4968,10417,6,9,0.7977893333333334,0.7977893333333334,True,"[0.0, 1.0]","[0.39889466762542725, 0.6011053323745728]","[235, 265]",0.0,0.002587389200925827,0.013202549889683723
16011,590,46.0,46,,nnknn,500,8339,15527,3371,5110,4968,10417,6,9,0.7972066666666666,0.7972066666666666,True,"[0.09804702550172806, 0.9019529819488525]","[0.4184865951538086, 0.5815134048461914]","[235, 265]",0.0,0.002587389200925827,0.013202549889683723
16022,591,11.0,11,,nnknn,500,8339,15527,3371,5110,4968,10417,6,9,0.7970673333333333,0.7970673333333333,True,"[0.8914914727210999, 0.10850854218006134]","[0.5794464349746704, 0.420553594827652]","[235, 265]",0.0,0.002587389200925827,0.013202549889683723
16064,592,42.0,42,63.5730094909668,nnknn,500,8382,15770,3389,5208,4993,10562,6,9,0.7965353333333334,0.7965353333333334,True,"[0.20083744823932648, 0.7991625666618347]","[0.4391309916973114, 0.560869038105011]","[239, 261]",0.0,0.002567257499322295,0.013035204261541367
16079,593,15.0,15,,nnknn,500,8382,15770,3389,5208,4993,10562,6,9,0.7963453333333333,0.7963453333333333,True,"[0.0, 1.0]","[0.39817267656326294, 0.6018273234367371]","[239, 261]",0.0,0.002567257499322295,0.013035204261541367
16095,594,16.0,16,,nnknn,500,8382,15770,3389,5208,4993,10562,6,9,0.7961426666666667,0.7961426666666667,True,"[0.09870373457670212, 0.9012962579727173]","[0.4181928038597107, 0.5818071961402893]","[239, 261]",0.0,0.002567257499322295,0.013035204261541367
16108,595,13.0,13,,nnknn,500,8382,15770,3389,5208,4993,10562,6,9,0.795978,0.795978,True,"[0.09333845227956772, 0.9066615700721741]","[0.4170320928096771, 0.5829678773880005]","[239, 261]",0.0,0.002567257499322295,0.013035204261541367
16160,596,52.0,52,35.450782775878906,nnknn,500,8393,15906,3392,5256,5001,10650,6,9,0.7953193333333333,0.7953193333333333,True,"[0.894195020198822, 0.10580500960350037]","[0.5806841254234314, 0.419315904378891]","[236, 264]",0.0,0.0025296055246144533,0.013535164296627045
16225,597,65.0,65,,nnknn,500,8393,15906,3392,5256,5001,10650,6,9,0.794496,0.794496,True,"[0.08784710615873337, 0.912152886390686]","[0.4153009355068207, 0.5846990346908569]","[236, 264]",0.0,0.0025296055246144533,0.013535164296627045
16257,598,32.0,32,,nnknn,500,8393,15906,3392,5256,5001,10650,6,9,0.7940906666666667,0.7940906666666667,True,"[1.0, 0.0]","[0.602954626083374, 0.3970453441143036]","[236, 264]",0.0,0.0025296055246144533,0.013535164296627045
16321,599,64.0,64,,nnknn,500,8393,15906,3392,5256,5001,10650,6,9,0.79328,0.79328,True,"[0.7981976866722107, 0.2018023133277893]","[0.5616434216499329, 0.43835657835006714]","[236, 264]",0.0,0.0025296055246144533,0.013535164296627045
16355,600,34.0,34,54.8296012878418,nnknn,485,8562,16082,3542,5256,5020,10826,6,9,0.7928493333333333,0.7928493333333333,True,"[1.0, 0.0]","[0.6035753488540649, 0.39642468094825745]","[229, 256]",0.0,0.0026309648528695107,0.014035123400390148
16446,601,91.0,91,,nnknn,485,8562,16082,3542,5256,5020,10826,6,9,0.7916966666666667,0.7916966666666667,True,"[0.8948647379875183, 0.10513528436422348]","[0.5822516679763794, 0.417748361825943]","[229, 256]",0.0,0.0026309648528695107,0.014035123400390148
16466,602,20.0,20,,nnknn,485,8562,16082,3542,5256,5020,10826,6,9,0.7914433333333333,0.7914433333333333,True,"[0.9070228934288025, 0.0929771214723587]","[0.5848873257637024, 0.4151126742362976]","[229, 256]",0.0,0.0026309648528695107,0.014035123400390148
16492,603,26.0,26,,nnknn,485,8562,16082,3542,5256,5020,10826,6,9,0.791114,0.791114,True,"[0.0, 1.0]","[0.3955569863319397, 0.6044430136680603]","[229, 256]",0.0,0.0026309648528695107,0.014035123400390148
16571,604,79.0,79,77.11699676513672,nnknn,500,8591,16416,3553,5392,5038,11024,6,9,0.7901133333333333,0.7901133333333333,True,"[0.0, 1.0]","[0.39505666494369507, 0.6049433350563049]","[232, 268]",0.0,0.002556205028668046,0.013535147532820702
16585,605,14.0,14,,nnknn,500,8591,16416,3553,5392,5038,11024,6,9,0.789936,0.789936,True,"[0.0, 1.0]","[0.3949680030345917, 0.6050319671630859]","[232, 268]",0.0,0.002556205028668046,0.013535147532820702
16602,606,17.0,17,,nnknn,500,8591,16416,3553,5392,5038,11024,6,9,0.7897206666666666,0.7897206666666666,True,"[1.0, 0.0]","[0.6051396727561951, 0.39486032724380493]","[232, 268]",0.0,0.002556205028668046,0.013535147532820702
16636,607,34.0,34,,nnknn,500,8591,16416,3553,5392,5038,11024,6,9,0.78929,0.78929,True,"[1.0, 0.0]","[0.6053550243377686, 0.39464500546455383]","[232, 268]",0.0,0.002556205028668046,0.013535147532820702
16649,608,13.0,13,20.65770149230957,nnknn,500,8609,16503,3557,5415,5052,11088,6,9,0.7891253333333333,0.7891253333333333,True,"[0.0, 1.0]","[0.39456266164779663, 0.6054373383522034]","[235, 265]",0.0,0.002546672709286213,0.014035118743777275
16724,609,75.0,75,,nnknn,500,8609,16503,3557,5415,5052,11088,6,9,0.7881753333333333,0.7881753333333333,True,"[0.0, 1.0]","[0.39408767223358154, 0.6059123277664185]","[235, 265]",0.0,0.002546672709286213,0.014035118743777275
16756,610,32.0,32,,nnknn,500,8609,16503,3557,5415,5052,11088,6,9,0.78777,0.78777,True,"[0.10454168915748596, 0.8954583406448364]","[0.4160718619823456, 0.583928108215332]","[235, 265]",0.0,0.002546672709286213,0.014035118743777275
16828,611,72.0,72,,nnknn,500,8609,16503,3557,5415,5052,11088,6,9,0.7868580000000001,0.7868580000000001,True,"[0.0, 1.0]","[0.3934290111064911, 0.6065709590911865]","[235, 265]",0.0,0.002546672709286213,0.014035118743777275
16847,612,19.0,19,68.06008911132812,nnknn,500,8658,16789,3573,5536,5085,11253,6,9,0.7866173333333333,0.7866173333333333,True,"[1.0, 0.0]","[0.6066913604736328, 0.3933086693286896]","[231, 269]",0.0,0.0025220527313649654,0.014535042457282543
16881,613,34.0,34,,nnknn,500,8658,16789,3573,5536,5085,11253,6,9,0.7861866666666667,0.7861866666666667,True,"[0.8967774510383606, 0.10322254151105881]","[0.5848363041877747, 0.41516369581222534]","[231, 269]",0.0,0.0025220527313649654,0.014535042457282543
16952,614,71.0,71,,nnknn,500,8658,16789,3573,5536,5085,11253,6,9,0.7852873333333333,0.7852873333333333,True,"[1.0, 0.0]","[0.6073563098907471, 0.39264366030693054]","[231, 269]",0.0,0.0025220527313649654,0.014535042457282543
17003,615,51.0,51,,nnknn,500,8658,16789,3573,5536,5085,11253,6,9,0.7846413333333333,0.7846413333333333,True,"[0.8086150884628296, 0.1913849413394928]","[0.5664629340171814, 0.4335370659828186]","[231, 269]",0.0,0.0025220527313649654,0.014535042457282543
17063,616,60.0,60,62.33312225341797,nnknn,500,8694,17125,3587,5678,5107,11447,6,9,0.7838813333333333,0.7838813333333333,True,"[0.8974869847297668, 0.10251300781965256]","[0.5859043598175049, 0.4140956401824951]","[235, 265]",0.0,0.0025372030213475227,0.015035022981464863
17102,617,39.0,39,,nnknn,500,8694,17125,3587,5678,5107,11447,6,9,0.7833873333333333,0.7833873333333333,True,"[1.0, 0.0]","[0.6083062887191772, 0.39169368147850037]","[235, 265]",0.0,0.0025372030213475227,0.015035022981464863
17197,618,95.0,95,,nnknn,500,8694,17125,3587,5678,5107,11447,6,9,0.782184,0.782184,True,"[0.2813643217086792, 0.7186356782913208]","[0.45237764716148376, 0.5476223230361938]","[235, 265]",0.0,0.0025372030213475227,0.015035022981464863
17208,619,11.0,11,,nnknn,500,8694,17125,3587,5678,5107,11447,6,9,0.7820446666666667,0.7820446666666667,True,"[0.7515312433242798, 0.2484687864780426]","[0.554822564125061, 0.44517743587493896]","[235, 265]",0.0,0.0025372030213475227,0.015035022981464863
17238,620,30.0,30,77.02234649658203,nnknn,500,8711,17399,3594,5787,5117,11612,6,9,0.7816646666666667,0.7816646666666667,True,"[0.0, 1.0]","[0.3908323347568512, 0.6091676950454712]","[233, 267]",0.0,0.00253281625919044,0.015535017475485802
17251,621,13.0,13,,nnknn,500,8711,17399,3594,5787,5117,11612,6,9,0.7815,0.7815,True,"[0.6539594531059265, 0.3460405468940735]","[0.5336401462554932, 0.46635985374450684]","[233, 267]",0.0,0.00253281625919044,0.015535017475485802
17275,622,24.0,24,,nnknn,500,8711,17399,3594,5787,5117,11612,6,9,0.781196,0.781196,True,"[0.0, 1.0]","[0.39059799909591675, 0.6094020009040833]","[233, 267]",0.0,0.00253281625919044,0.015535017475485802
17300,623,25.0,25,,nnknn,500,8711,17399,3594,5787,5117,11612,6,9,0.7808793333333334,0.7808793333333334,True,"[0.8959985375404358, 0.10400144010782242]","[0.5867714881896973, 0.41322851181030273]","[233, 267]",0.0,0.00253281625919044,0.015535017475485802
17365,624,65.0,65,57.29374694824219,nnknn,500,8743,17560,3601,5846,5142,11714,6,9,0.780056,0.780056,True,"[1.0, 0.0]","[0.6099720001220703, 0.3900279998779297]","[231, 269]",0.0,0.00251001282595098,0.016035007312893867
17391,625,26.0,26,,nnknn,500,8743,17560,3601,5846,5142,11714,6,9,0.7797266666666667,0.7797266666666667,True,"[0.0, 1.0]","[0.38986334204673767, 0.6101366281509399]","[231, 269]",0.0,0.00251001282595098,0.016035007312893867
17410,626,19.0,19,,nnknn,500,8743,17560,3601,5846,5142,11714,6,9,0.779486,0.779486,True,"[1.0, 0.0]","[0.6102570295333862, 0.38974300026893616]","[231, 269]",0.0,0.00251001282595098,0.016035007312893867
17420,627,10.0,10,,nnknn,500,8743,17560,3601,5846,5142,11714,6,9,0.7793593333333333,0.7793593333333333,True,"[0.0, 1.0]","[0.3896796703338623, 0.6103203296661377]","[231, 269]",0.0,0.00251001282595098,0.016035007312893867
17461,628,41.0,41,26.90810775756836,nnknn,500,8764,17676,3606,5882,5158,11794,6,9,0.77884,0.77884,True,"[1.0, 0.0]","[0.6105799674987793, 0.3894200026988983]","[232, 268]",0.0,0.0024982509203255177,0.015535013750195503
17480,629,19.0,19,,nnknn,500,8764,17676,3606,5882,5158,11794,6,9,0.7785993333333333,0.7785993333333333,True,"[0.8937461376190186, 0.10625384747982025]","[0.5871756672859192, 0.4128243327140808]","[232, 268]",0.0,0.0024982509203255177,0.015535013750195503
17548,630,68.0,68,,nnknn,500,8764,17676,3606,5882,5158,11794,6,9,0.777738,0.777738,True,"[0.09875058382749557, 0.9012494087219238]","[0.4108175039291382, 0.5891824960708618]","[232, 268]",0.0,0.0024982509203255177,0.015535013750195503
17564,631,16.0,16,,nnknn,500,8764,17676,3606,5882,5158,11794,6,9,0.7775353333333334,0.7775353333333334,True,"[0.9038606882095337, 0.0961393266916275]","[0.5898447036743164, 0.4101552665233612]","[232, 268]",0.0,0.0024982509203255177,0.015535013750195503
17589,632,25.0,25,45.93510055541992,nnknn,500,8813,17833,3620,5946,5193,11887,6,9,0.7772186666666667,0.7772186666666667,True,"[1.0, 0.0]","[0.6113907098770142, 0.3886093199253082]","[237, 263]",0.0,0.002495833206921816,0.015035022981464863
17601,633,12.0,12,,nnknn,500,8813,17833,3620,5946,5193,11887,6,9,0.7770666666666667,0.7770666666666667,True,"[0.6538423299789429, 0.3461576998233795]","[0.5342965722084045, 0.46570342779159546]","[237, 263]",0.0,0.002495833206921816,0.015035022981464863
17646,634,45.0,45,,nnknn,500,8813,17833,3620,5946,5193,11887,6,9,0.7764966666666666,0.7764966666666666,True,"[0.0, 1.0]","[0.3882483243942261, 0.6117516756057739]","[237, 263]",0.0,0.002495833206921816,0.015035022981464863
17710,635,64.0,64,,nnknn,500,8813,17833,3620,5946,5193,11887,6,9,0.775686,0.775686,True,"[1.0, 0.0]","[0.6121569871902466, 0.3878430128097534]","[237, 263]",0.0,0.002495833206921816,0.015035022981464863
17803,636,93.0,93,87.2508773803711,nnknn,500,8863,18154,3635,6089,5228,12065,7,10,0.774508,0.774508,True,"[0.0, 1.0]","[0.387253999710083, 0.612746000289917]","[234, 266]",0.0,0.0024915868416428566,0.014537026174366474
17819,637,16.0,16,,nnknn,500,8863,18154,3635,6089,5228,12065,7,10,0.7743053333333333,0.7743053333333333,True,"[0.0, 1.0]","[0.38715267181396484, 0.6128473281860352]","[234, 266]",0.0,0.0024915868416428566,0.014537026174366474
17836,638,17.0,17,,nnknn,500,8863,18154,3635,6089,5228,12065,7,10,0.77409,0.77409,True,"[0.0, 1.0]","[0.3870449960231781, 0.6129549741744995]","[234, 266]",0.0,0.0024915868416428566,0.014537026174366474
17873,639,37.0,37,,nnknn,500,8863,18154,3635,6089,5228,12065,7,10,0.7736213333333333,0.7736213333333333,True,"[0.89793860912323, 0.10206138342618942]","[0.5900847911834717, 0.40991517901420593]","[234, 266]",0.0,0.0024915868416428566,0.014537026174366474
17903,640,30.0,30,36.338199615478516,nnknn,500,8883,18276,3640,6126,5243,12150,7,10,0.7732413333333333,0.7732413333333333,True,"[0.0, 1.0]","[0.3866206705570221, 0.6133793592453003]","[238, 262]",0.0,0.0024445364251732826,0.014037039130926132
17916,641,13.0,13,,nnknn,500,8883,18276,3640,6126,5243,12150,7,10,0.7730766666666666,0.7730766666666666,True,"[0.0, 1.0]","[0.3865383267402649, 0.6134616732597351]","[238, 262]",0.0,0.0024445364251732826,0.014037039130926132
17970,642,54.0,54,,nnknn,500,8883,18276,3640,6126,5243,12150,7,10,0.7723926666666667,0.7723926666666667,True,"[0.0, 1.0]","[0.3861963450908661, 0.6138036251068115]","[238, 262]",0.0,0.0024445364251732826,0.014037039130926132
17988,643,18.0,18,,nnknn,500,8883,18276,3640,6126,5243,12150,7,10,0.7721646666666666,0.7721646666666666,True,"[0.0, 1.0]","[0.38608232140541077, 0.6139177083969116]","[238, 262]",0.0,0.0024445364251732826,0.014037039130926132
18019,644,31.0,31,42.03855895996094,nnknn,500,8911,18433,3647,6188,5264,12245,7,10,0.771772,0.771772,True,"[0.8935104608535767, 0.10648956149816513]","[0.5898100733757019, 0.4101898968219757]","[230, 270]",0.0,0.0024254037998616695,0.013537051156163216
18086,645,67.0,67,,nnknn,500,8911,18433,3647,6188,5264,12245,7,10,0.7709233333333333,0.7709233333333333,True,"[0.0, 1.0]","[0.3854616582393646, 0.614538311958313]","[230, 270]",0.0,0.0024254037998616695,0.013537051156163216
18106,646,20.0,20,,nnknn,500,8911,18433,3647,6188,5264,12245,7,10,0.77067,0.77067,True,"[1.0, 0.0]","[0.6146650314331055, 0.3853349983692169]","[230, 270]",0.0,0.0024254037998616695,0.013537051156163216
18123,647,17.0,17,,nnknn,500,8911,18433,3647,6188,5264,12245,7,10,0.7704546666666667,0.7704546666666667,True,"[0.0, 1.0]","[0.3852273225784302, 0.6147726774215698]","[230, 270]",0.0,0.0024254037998616695,0.013537051156163216
18152,648,29.0,29,45.12679672241211,nnknn,500,8956,18588,3668,6234,5288,12354,7,10,0.7700873333333333,0.7700873333333333,True,"[0.641645073890686, 0.35835492610931396]","[0.5325660109519958, 0.46743398904800415]","[234, 266]",0.0,0.002425492973998189,0.013037125580012798
18244,649,92.0,92,,nnknn,500,8956,18588,3668,6234,5288,12354,7,10,0.768922,0.768922,True,"[0.0, 1.0]","[0.384460985660553, 0.615539014339447]","[234, 266]",0.0,0.002425492973998189,0.013037125580012798
18259,650,15.0,15,,nnknn,500,8956,18588,3668,6234,5288,12354,7,10,0.768732,0.768732,True,"[0.892421305179596, 0.10757868736982346]","[0.590754508972168, 0.4092455208301544]","[234, 266]",0.0,0.002425492973998189,0.013037125580012798
18282,651,23.0,23,,nnknn,500,8956,18588,3668,6234,5288,12354,7,10,0.7684406666666667,0.7684406666666667,True,"[0.0, 1.0]","[0.38422033190727234, 0.6157796382904053]","[234, 266]",0.0,0.002425492973998189,0.013037125580012798
18306,652,24.0,24,79.66625213623047,nnknn,486,9087,18710,3768,6234,5319,12476,8,11,0.7681366666666667,0.7681366666666667,True,"[0.10579028725624084, 0.8942097425460815]","[0.4085972309112549, 0.5914027690887451]","[222, 264]",0.0,0.002533645136281848,0.013537080958485603
18323,653,17.0,17,,nnknn,486,9087,18710,3768,6234,5319,12476,8,11,0.7679213333333333,0.7679213333333333,True,"[0.0, 1.0]","[0.38396066427230835, 0.6160393357276917]","[222, 264]",0.0,0.002533645136281848,0.013537080958485603
18336,654,13.0,13,,nnknn,486,9087,18710,3768,6234,5319,12476,8,11,0.7677566666666666,0.7677566666666666,True,"[0.6451302766799927, 0.3548697233200073]","[0.5337055325508118, 0.46629446744918823]","[222, 264]",0.0,0.002533645136281848,0.013537080958485603
18346,655,10.0,10,,nnknn,486,9087,18710,3768,6234,5319,12476,8,11,0.76763,0.76763,True,"[0.6023772954940796, 0.397622674703598]","[0.5237894058227539, 0.4762105941772461]","[222, 264]",0.0,0.002533645136281848,0.013537080958485603
18405,656,59.0,59,59.759796142578125,nnknn,500,9114,18818,3776,6262,5338,12556,8,11,0.7668826666666666,0.7668826666666666,True,"[0.0, 1.0]","[0.38344132900238037, 0.6165586709976196]","[231, 269]",0.0,0.00245486618950963,0.014037076383829117
18417,657,12.0,12,,nnknn,500,9114,18818,3776,6262,5338,12556,8,11,0.7667306666666667,0.7667306666666667,True,"[0.6641925573348999, 0.3358074426651001]","[0.5383011102676392, 0.4616989195346832]","[231, 269]",0.0,0.00245486618950963,0.014037076383829117
18445,658,28.0,28,,nnknn,500,9114,18818,3776,6262,5338,12556,8,11,0.766376,0.766376,True,"[0.0, 1.0]","[0.38318800926208496, 0.616811990737915]","[231, 269]",0.0,0.00245486618950963,0.014037076383829117
18476,659,31.0,31,,nnknn,500,9114,18818,3776,6262,5338,12556,8,11,0.7659833333333333,0.7659833333333333,True,"[0.20562253892421722, 0.7943775057792664]","[0.43111076951026917, 0.5688892602920532]","[231, 269]",0.0,0.00245486618950963,0.014037076383829117
18505,660,29.0,29,35.348323822021484,nnknn,491,9178,18904,3826,6262,5352,12642,8,11,0.765616,0.765616,True,"[1.0, 0.0]","[0.6171920299530029, 0.38280799984931946]","[226, 265]",0.0,0.002487111371010542,0.014537070877850056
18529,661,24.0,24,,nnknn,491,9178,18904,3826,6262,5352,12642,8,11,0.765312,0.765312,True,"[0.1076665148139, 0.8923335075378418]","[0.4079240560531616, 0.5920759439468384]","[226, 265]",0.0,0.002487111371010542,0.014537070877850056
18640,662,111.0,111,,nnknn,491,9178,18904,3826,6262,5352,12642,8,11,0.763906,0.763906,True,"[1.0, 0.0]","[0.6180469989776611, 0.38195300102233887]","[226, 265]",0.0,0.002487111371010542,0.014537070877850056
18654,663,14.0,14,,nnknn,491,9178,18904,3826,6262,5352,12642,8,11,0.7637286666666667,0.7637286666666667,True,"[0.0, 1.0]","[0.3818643391132355, 0.6181356906890869]","[226, 265]",0.0,0.002487111371010542,0.014537070877850056
18728,664,74.0,74,96.41788482666016,nnknn,490,9381,19099,4001,6262,5380,12837,8,11,0.7627913333333334,0.7627913333333334,True,"[0.7974879741668701, 0.20251202583312988]","[0.570566713809967, 0.42943328619003296]","[224, 266]",0.0,0.002549503231421113,0.014037122949957848
18742,665,14.0,14,,nnknn,490,9381,19099,4001,6262,5380,12837,8,11,0.762614,0.762614,True,"[0.0, 1.0]","[0.3813070058822632, 0.6186929941177368]","[224, 266]",0.0,0.002549503231421113,0.014037122949957848
18806,666,64.0,64,,nnknn,490,9381,19099,4001,6262,5380,12837,8,11,0.7618033333333334,0.7618033333333334,True,"[0.0, 1.0]","[0.38090166449546814, 0.6190983057022095]","[224, 266]",0.0,0.002549503231421113,0.014037122949957848
18837,667,31.0,31,,nnknn,490,9381,19099,4001,6262,5380,12837,8,11,0.7614106666666667,0.7614106666666667,True,"[0.7981958389282227, 0.20180420577526093]","[0.5711463689804077, 0.4288536608219147]","[224, 266]",0.0,0.002549503231421113,0.014037122949957848
18863,668,26.0,26,47.64310836791992,nnknn,500,9394,19281,4003,6320,5391,12961,8,11,0.7610813333333333,0.7610813333333333,True,"[0.0, 1.0]","[0.380540668964386, 0.619459331035614]","[229, 271]",0.0,0.0024777876678854227,0.013537131249904633
18917,669,54.0,54,,nnknn,500,9394,19281,4003,6320,5391,12961,8,11,0.7603973333333334,0.7603973333333334,True,"[1.0, 0.0]","[0.6198013424873352, 0.3801986575126648]","[229, 271]",0.0,0.0024777876678854227,0.013537131249904633
18938,670,21.0,21,,nnknn,500,9394,19281,4003,6320,5391,12961,8,11,0.7601313333333333,0.7601313333333333,True,"[0.0, 1.0]","[0.3800656795501709, 0.6199343204498291]","[229, 271]",0.0,0.0024777876678854227,0.013537131249904633
18959,671,21.0,21,,nnknn,500,9394,19281,4003,6320,5391,12961,8,11,0.7598653333333334,0.7598653333333334,True,"[0.649182915687561, 0.35081708431243896]","[0.5358240008354187, 0.4641759991645813]","[229, 271]",0.0,0.0024777876678854227,0.013537131249904633
18973,672,14.0,14,41.209171295166016,nnknn,499,9468,19367,4053,6320,5415,13047,8,11,0.759688,0.759688,True,"[0.9003922343254089, 0.09960777312517166]","[0.5962190628051758, 0.4037809371948242]","[232, 267]",0.0,0.0024632045533508062,0.013037137687206268
18991,673,18.0,18,,nnknn,499,9468,19367,4053,6320,5415,13047,8,11,0.75946,0.75946,True,"[0.0, 1.0]","[0.3797299861907959, 0.6202700138092041]","[232, 267]",0.0,0.0024632045533508062,0.013037137687206268
19049,674,58.0,58,,nnknn,499,9468,19367,4053,6320,5415,13047,8,11,0.7587253333333334,0.7587253333333334,True,"[0.9002915024757385, 0.09970851242542267]","[0.5965802073478699, 0.4034198224544525]","[232, 267]",0.0,0.0024632045533508062,0.013037137687206268
19062,675,13.0,13,,nnknn,499,9468,19367,4053,6320,5415,13047,8,11,0.7585606666666667,0.7585606666666667,True,"[0.104690782725811, 0.8953092098236084]","[0.4045568108558655, 0.5954431891441345]","[232, 267]",0.0,0.0024632045533508062,0.013037137687206268
19096,676,34.0,34,45.861324310302734,nnknn,463,9600,19458,4153,6320,5447,13138,8,11,0.75813,0.75813,True,"[0.10579437762498856, 0.894205629825592]","[0.40465348958969116, 0.5953465104103088]","[215, 248]",0.00032831678981892765,0.0026810599956661463,0.013016686774790287
19120,677,24.0,24,,nnknn,463,9600,19458,4153,6320,5447,13138,8,11,0.757826,0.757826,True,"[0.0, 1.0]","[0.3789129853248596, 0.6210870146751404]","[215, 248]",0.00032831678981892765,0.0026810599956661463,0.013016686774790287
19156,678,36.0,36,,nnknn,463,9600,19458,4153,6320,5447,13138,8,11,0.75737,0.75737,True,"[0.0, 1.0]","[0.37868499755859375, 0.6213150024414062]","[215, 248]",0.00032831678981892765,0.0026810599956661463,0.013016686774790287
19168,679,12.0,12,,nnknn,463,9600,19458,4153,6320,5447,13138,8,11,0.757218,0.757218,True,"[0.9021049737930298, 0.09789501875638962]","[0.5976238250732422, 0.4023761451244354]","[215, 248]",0.00032831678981892765,0.0026810599956661463,0.013016686774790287
19180,680,12.0,12,44.041263580322266,nnknn,500,9629,19516,4155,6321,5474,13195,8,11,0.757066,0.757066,True,"[1.0, 0.0]","[0.6214669942855835, 0.3785330057144165]","[232, 268]",0.0,0.002449773019179702,0.013035982847213745
19197,681,17.0,17,,nnknn,500,9629,19516,4155,6321,5474,13195,8,11,0.7568506666666667,0.7568506666666667,True,"[0.0, 1.0]","[0.37842532992362976, 0.6215746402740479]","[232, 268]",0.0,0.002449773019179702,0.013035982847213745
19233,682,36.0,36,,nnknn,500,9629,19516,4155,6321,5474,13195,8,11,0.7563946666666667,0.7563946666666667,True,"[0.0, 1.0]","[0.3781973421573639, 0.6218026876449585]","[232, 268]",0.0,0.002449773019179702,0.013035982847213745
19296,683,63.0,63,,nnknn,500,9629,19516,4155,6321,5474,13195,8,11,0.7555966666666667,0.7555966666666667,True,"[1.0, 0.0]","[0.622201681137085, 0.37779831886291504]","[232, 268]",0.0,0.002449773019179702,0.013035982847213745
19421,684,125.0,125,95.88658905029297,nnknn,500,9665,19913,4167,6502,5498,13411,9,12,0.7540133333333333,0.7540133333333333,True,"[0.8984655737876892, 0.10153442621231079]","[0.5980172157287598, 0.40198278427124023]","[231, 269]",0.0,0.0024712306912988424,0.012536036781966686
19436,685,15.0,15,,nnknn,500,9665,19913,4167,6502,5498,13411,9,12,0.7538233333333333,0.7538233333333333,True,"[0.0, 1.0]","[0.3769116699695587, 0.6230883598327637]","[231, 269]",0.0,0.0024712306912988424,0.012536036781966686
19452,686,16.0,16,,nnknn,500,9665,19913,4167,6502,5498,13411,9,12,0.7536206666666667,0.7536206666666667,True,"[0.9044363498687744, 0.09556369483470917]","[0.5996447801589966, 0.4003552496433258]","[231, 269]",0.0,0.0024712306912988424,0.012536036781966686
19467,687,15.0,15,,nnknn,500,9665,19913,4167,6502,5498,13411,9,12,0.7534306666666667,0.7534306666666667,True,"[0.8015747666358948, 0.19842524826526642]","[0.5743590593338013, 0.42564091086387634]","[231, 269]",0.0,0.0024712306912988424,0.012536036781966686
19488,688,21.0,21,32.97650146484375,nnknn,500,9674,19979,4169,6510,5505,13469,11,14,0.7531646666666667,0.7531646666666667,True,"[0.7512694597244263, 0.24873054027557373]","[0.5620222091674805, 0.4379778206348419]","[232, 268]",0.0,0.0024436775129288435,0.013036031275987625
19515,689,27.0,27,,nnknn,500,9674,19979,4169,6510,5505,13469,11,14,0.7528226666666666,0.7528226666666666,True,"[1.0, 0.0]","[0.6235886812210083, 0.3764113187789917]","[232, 268]",0.0,0.0024436775129288435,0.013036031275987625
19547,690,32.0,32,,nnknn,500,9674,19979,4169,6510,5505,13469,11,14,0.7524173333333333,0.7524173333333333,True,"[1.0, 0.0]","[0.6237913370132446, 0.37620866298675537]","[232, 268]",0.0,0.0024436775129288435,0.013036031275987625
19568,691,21.0,21,,nnknn,500,9674,19979,4169,6510,5505,13469,11,14,0.7521513333333334,0.7521513333333334,True,"[0.0, 1.0]","[0.3760756552219391, 0.6239243745803833]","[232, 268]",0.0,0.0024436775129288435,0.013036031275987625
19587,692,19.0,19,25.987363815307617,nnknn,500,9720,20064,4181,6530,5539,13534,11,14,0.7519106666666666,0.7519106666666666,True,"[1.0, 0.0]","[0.62404465675354, 0.37595534324645996]","[244, 256]",0.0,0.00244191475212574,0.013535832054913044
19617,693,30.0,30,,nnknn,500,9720,20064,4181,6530,5539,13534,11,14,0.7515306666666667,0.7515306666666667,True,"[0.0, 1.0]","[0.375765323638916, 0.624234676361084]","[244, 256]",0.0,0.00244191475212574,0.013535832054913044
19640,694,23.0,23,,nnknn,500,9720,20064,4181,6530,5539,13534,11,14,0.7512393333333334,0.7512393333333334,True,"[1.0, 0.0]","[0.624380350112915, 0.37561967968940735]","[244, 256]",0.0,0.00244191475212574,0.013535832054913044
19667,695,27.0,27,,nnknn,500,9720,20064,4181,6530,5539,13534,11,14,0.7508973333333333,0.7508973333333333,True,"[0.7808452844619751, 0.2191547453403473]","[0.569959282875061, 0.43004071712493896]","[244, 256]",0.0,0.00244191475212574,0.013535832054913044
19783,696,116.0,116,93.09022521972656,nnknn,500,9779,20333,4194,6649,5585,13684,11,14,0.749428,0.749428,True,"[1.0, 0.0]","[0.6252859830856323, 0.3747139871120453]","[243, 257]",0.0,0.0024580094031989574,0.014035816304385662
19855,697,72.0,72,,nnknn,500,9779,20333,4194,6649,5585,13684,11,14,0.748516,0.748516,True,"[0.9019676446914673, 0.0980323851108551]","[0.6010884046554565, 0.39891159534454346]","[243, 257]",0.0,0.0024580094031989574,0.014035816304385662
19903,698,48.0,48,,nnknn,500,9779,20333,4194,6649,5585,13684,11,14,0.747908,0.747908,True,"[0.0, 1.0]","[0.37395399808883667, 0.6260460019111633]","[243, 257]",0.0,0.0024580094031989574,0.014035816304385662
19953,699,50.0,50,,nnknn,500,9779,20333,4194,6649,5585,13684,11,14,0.7472746666666666,0.7472746666666666,True,"[1.0, 0.0]","[0.626362681388855, 0.373637318611145]","[243, 257]",0.0,0.0024580094031989574,0.014035816304385662
19967,700,14.0,14,60.082279205322266,nnknn,500,9801,20629,4200,6777,5601,13852,11,14,0.7470973333333333,0.7470973333333333,True,"[0.0, 1.0]","[0.3735486567020416, 0.6264513731002808]","[248, 252]",0.0,0.0024317665956914425,0.014535711146891117
20010,701,43.0,43,,nnknn,500,9801,20629,4200,6777,5601,13852,11,14,0.7465526666666666,0.7465526666666666,True,"[0.6835277080535889, 0.31647226214408875]","[0.546514630317688, 0.453485369682312]","[248, 252]",0.0,0.0024317665956914425,0.014535711146891117
20031,702,21.0,21,,nnknn,500,9801,20629,4200,6777,5601,13852,11,14,0.7462866666666667,0.7462866666666667,True,"[0.8913607597351074, 0.10863922536373138]","[0.5992934703826904, 0.40070655941963196]","[248, 252]",0.0,0.0024317665956914425,0.014535711146891117
20100,703,69.0,69,,nnknn,500,9801,20629,4200,6777,5601,13852,11,14,0.7454126666666667,0.7454126666666667,True,"[0.9092873930931091, 0.09071265161037445]","[0.6041994094848633, 0.3958006203174591]","[248, 252]",0.0,0.0024317665956914425,0.014535711146891117
20129,704,29.0,29,57.03385543823242,nnknn,500,9852,20842,4220,6859,5632,13983,11,14,0.7450453333333333,0.7450453333333333,True,"[1.0, 0.0]","[0.6274773478507996, 0.37252265214920044]","[252, 248]",0.0,0.0024249793495982885,0.014035802334547043
20191,705,62.0,62,,nnknn,500,9852,20842,4220,6859,5632,13983,11,14,0.7442599999999999,0.7442599999999999,True,"[0.0, 1.0]","[0.37213000655174255, 0.6278699636459351]","[252, 248]",0.0,0.0024249793495982885,0.014035802334547043
20206,706,15.0,15,,nnknn,500,9852,20842,4220,6859,5632,13983,11,14,0.74407,0.74407,True,"[0.0, 1.0]","[0.3720349967479706, 0.627964973449707]","[252, 248]",0.0,0.0024249793495982885,0.014035802334547043
20254,707,48.0,48,,nnknn,500,9852,20842,4220,6859,5632,13983,11,14,0.7434620000000001,0.7434620000000001,True,"[1.0, 0.0]","[0.6282689571380615, 0.3717310130596161]","[252, 248]",0.0,0.0024249793495982885,0.014035802334547043
20269,708,15.0,15,51.68677520751953,nnknn,500,9883,21036,4235,6929,5648,14107,11,14,0.7432719999999999,0.7432719999999999,True,"[0.8934724926948547, 0.10652752965688705]","[0.6010153889656067, 0.3989846110343933]","[251, 249]",0.0,0.0024515660479664803,0.01453572791069746
20282,709,13.0,13,,nnknn,500,9883,21036,4235,6929,5648,14107,11,14,0.7431073333333333,0.7431073333333333,True,"[0.0, 1.0]","[0.3715536594390869, 0.6284463405609131]","[251, 249]",0.0,0.0024515660479664803,0.01453572791069746
20332,710,50.0,50,,nnknn,500,9883,21036,4235,6929,5648,14107,11,14,0.7424740000000001,0.7424740000000001,True,"[0.0, 1.0]","[0.37123700976371765, 0.62876296043396]","[251, 249]",0.0,0.0024515660479664803,0.01453572791069746
20358,711,26.0,26,,nnknn,500,9883,21036,4235,6929,5648,14107,11,14,0.7421446666666667,0.7421446666666667,True,"[1.0, 0.0]","[0.6289277076721191, 0.37107232213020325]","[251, 249]",0.0,0.0024515660479664803,0.01453572791069746
20377,712,19.0,19,33.704673767089844,nnknn,500,9907,21163,4243,6967,5664,14196,14,17,0.741904,0.741904,True,"[0.0, 1.0]","[0.3709520101547241, 0.6290479898452759]","[244, 256]",0.0,0.0024539849255234003,0.0150357186794281
20388,713,11.0,11,,nnknn,500,9907,21163,4243,6967,5664,14196,14,17,0.7417646666666666,0.7417646666666666,True,"[0.0, 1.0]","[0.3708823323249817, 0.6291176676750183]","[244, 256]",0.0,0.0024539849255234003,0.0150357186794281
20432,714,44.0,44,,nnknn,500,9907,21163,4243,6967,5664,14196,14,17,0.7412073333333333,0.7412073333333333,True,"[0.0, 1.0]","[0.37060368061065674, 0.6293963193893433]","[244, 256]",0.0,0.0024539849255234003,0.0150357186794281
20451,715,19.0,19,,nnknn,500,9907,21163,4243,6967,5664,14196,14,17,0.7409666666666667,0.7409666666666667,True,"[0.7552797198295593, 0.24472028017044067]","[0.5661259889602661, 0.4338740408420563]","[244, 256]",0.0,0.0024539849255234003,0.0150357186794281
20540,716,89.0,89,72.79671478271484,nnknn,500,9972,21377,4265,7061,5707,14316,14,17,0.7398393333333333,0.7398393333333333,True,"[1.0, 0.0]","[0.6300803422927856, 0.36991965770721436]","[252, 248]",0.0,0.002459652256220579,0.014535723254084587
20632,717,92.0,92,,nnknn,500,9972,21377,4265,7061,5707,14316,14,17,0.738674,0.738674,True,"[0.0, 1.0]","[0.3693369925022125, 0.6306630373001099]","[252, 248]",0.0,0.002459652256220579,0.014535723254084587
20665,718,33.0,33,,nnknn,500,9972,21377,4265,7061,5707,14316,14,17,0.738256,0.738256,True,"[0.0, 1.0]","[0.3691279888153076, 0.6308720111846924]","[252, 248]",0.0,0.002459652256220579,0.014535723254084587
20694,719,29.0,29,,nnknn,500,9972,21377,4265,7061,5707,14316,14,17,0.7378886666666666,0.7378886666666666,True,"[1.0, 0.0]","[0.6310556530952454, 0.36894434690475464]","[252, 248]",0.0,0.002459652256220579,0.014535723254084587
20735,720,41.0,41,67.24694061279297,nnknn,500,9996,21674,4276,7180,5720,14494,17,21,0.7373693333333333,0.7373693333333333,True,"[1.0, 0.0]","[0.6313153505325317, 0.36868467926979065]","[252, 248]",0.0,0.0024375764187425375,0.015035685151815414
20760,721,25.0,25,,nnknn,500,9996,21674,4276,7180,5720,14494,17,21,0.7370526666666667,0.7370526666666667,True,"[0.0, 1.0]","[0.3685263395309448, 0.6314736604690552]","[252, 248]",0.0,0.0024375764187425375,0.015035685151815414
20857,722,97.0,97,,nnknn,500,9996,21674,4276,7180,5720,14494,17,21,0.735824,0.735824,True,"[1.0, 0.0]","[0.6320880055427551, 0.3679119944572449]","[252, 248]",0.0,0.0024375764187425375,0.015035685151815414
20875,723,18.0,18,,nnknn,500,9996,21674,4276,7180,5720,14494,17,21,0.7355959999999999,0.7355959999999999,True,"[0.7508167624473572, 0.2491832673549652]","[0.5663169622421265, 0.43368303775787354]","[252, 248]",0.0,0.0024375764187425375,0.015035685151815414
20925,724,50.0,50,83.14373779296875,nnknn,500,10037,21951,4296,7289,5741,14662,18,22,0.7349626666666667,0.7349626666666667,True,"[1.0, 0.0]","[0.6325186491012573, 0.3674813210964203]","[252, 248]",0.0,0.002401486039161682,0.014535699971020222
20940,725,15.0,15,,nnknn,500,10037,21951,4296,7289,5741,14662,18,22,0.7347726666666667,0.7347726666666667,True,"[1.0, 0.0]","[0.6326136589050293, 0.3673863410949707]","[252, 248]",0.0,0.002401486039161682,0.014535699971020222
20999,726,59.0,59,,nnknn,500,10037,21951,4296,7289,5741,14662,18,22,0.7340253333333333,0.7340253333333333,True,"[0.681169331073761, 0.318830668926239]","[0.5481864213943481, 0.45181354880332947]","[252, 248]",0.0,0.002401486039161682,0.014535699971020222
21010,727,11.0,11,,nnknn,500,10037,21951,4296,7289,5741,14662,18,22,0.733886,0.733886,True,"[0.7834471464157104, 0.21655291318893433]","[0.5754292607307434, 0.424570769071579]","[252, 248]",0.0,0.002401486039161682,0.014535699971020222
21024,728,14.0,14,54.78459167480469,nnknn,500,10067,22066,4315,7317,5752,14749,19,23,0.7337086666666667,0.7337086666666667,True,"[0.6969578862190247, 0.30304211378097534]","[0.5524481534957886, 0.44755181670188904]","[251, 249]",0.0,0.0024313246831297874,0.015035691671073437
21099,729,75.0,75,,nnknn,500,10067,22066,4315,7317,5752,14749,19,23,0.7327586666666667,0.7327586666666667,True,"[0.0, 1.0]","[0.3663793206214905, 0.6336206793785095]","[251, 249]",0.0,0.0024313246831297874,0.015035691671073437
21114,730,15.0,15,,nnknn,500,10067,22066,4315,7317,5752,14749,19,23,0.7325686666666666,0.7325686666666666,True,"[0.0, 1.0]","[0.3662843406200409, 0.6337156295776367]","[251, 249]",0.0,0.0024313246831297874,0.015035691671073437
21140,731,26.0,26,,nnknn,500,10067,22066,4315,7317,5752,14749,19,23,0.7322393333333334,0.7322393333333334,True,"[0.0, 1.0]","[0.3661196529865265, 0.6338803768157959]","[251, 249]",0.0,0.0024313246831297874,0.015035691671073437
21250,732,110.0,110,99.07588195800781,nnknn,500,10084,22442,4320,7479,5764,14963,19,23,0.730846,0.730846,True,"[0.0, 1.0]","[0.3654229938983917, 0.6345770359039307]","[246, 254]",0.0,0.0024237369652837515,0.015535653568804264
21273,733,23.0,23,,nnknn,500,10084,22442,4320,7479,5764,14963,19,23,0.7305546666666667,0.7305546666666667,True,"[0.0, 1.0]","[0.36527732014656067, 0.6347227096557617]","[246, 254]",0.0,0.0024237369652837515,0.015535653568804264
21303,734,30.0,30,,nnknn,500,10084,22442,4320,7479,5764,14963,19,23,0.7301746666666666,0.7301746666666666,True,"[0.8986620903015137, 0.10133789479732513]","[0.6075690984725952, 0.3924308717250824]","[246, 254]",0.0,0.0024237369652837515,0.015535653568804264
21362,735,59.0,59,,nnknn,500,10084,22442,4320,7479,5764,14963,19,23,0.7294273333333333,0.7294273333333333,True,"[0.10154266655445099, 0.8984573483467102]","[0.39218834042549133, 0.607811689376831]","[246, 254]",0.0,0.0024237369652837515,0.015535653568804264
21421,736,59.0,59,61.00029373168945,nnknn,500,10126,22680,4336,7572,5790,15108,19,23,0.72868,0.72868,True,"[0.7779431939125061, 0.2220568209886551]","[0.5754115581512451, 0.42458847165107727]","[250, 250]",0.0,0.0024283449165523052,0.0150356600061059
21472,737,51.0,51,,nnknn,500,10126,22680,4336,7572,5790,15108,19,23,0.7280340000000001,0.7280340000000001,True,"[1.0, 0.0]","[0.6359829902648926, 0.3640170097351074]","[250, 250]",0.0,0.0024283449165523052,0.0150356600061059
21510,738,38.0,38,,nnknn,500,10126,22680,4336,7572,5790,15108,19,23,0.7275526666666667,0.7275526666666667,True,"[0.904086172580719, 0.0959138348698616]","[0.6100922226905823, 0.3899078071117401]","[250, 250]",0.0,0.0024283449165523052,0.0150356600061059
21545,739,35.0,35,,nnknn,500,10126,22680,4336,7572,5790,15108,19,23,0.7271093333333334,0.7271093333333334,True,"[1.0, 0.0]","[0.6364453434944153, 0.3635546565055847]","[250, 250]",0.0,0.0024283449165523052,0.0150356600061059
21616,740,71.0,71,53.7811393737793,nnknn,500,10173,22954,4357,7678,5816,15276,20,24,0.72621,0.72621,True,"[1.0, 0.0]","[0.6368950009346008, 0.36310499906539917]","[255, 245]",0.0,0.002458407776430249,0.015535655431449413
21651,741,35.0,35,,nnknn,500,10173,22954,4357,7678,5816,15276,20,24,0.7257666666666667,0.7257666666666667,True,"[0.6795696020126343, 0.3204304575920105]","[0.5492439866065979, 0.4507560431957245]","[255, 245]",0.0,0.002458407776430249,0.015535655431449413
21679,742,28.0,28,,nnknn,500,10173,22954,4357,7678,5816,15276,20,24,0.725412,0.725412,True,"[0.0, 1.0]","[0.3627060055732727, 0.6372939944267273]","[255, 245]",0.0,0.002458407776430249,0.015535655431449413
21727,743,48.0,48,,nnknn,500,10173,22954,4357,7678,5816,15276,20,24,0.724804,0.724804,True,"[0.0, 1.0]","[0.3624019920825958, 0.6375980377197266]","[255, 245]",0.0,0.002458407776430249,0.015535655431449413
21797,744,70.0,70,49.3077278137207,nnknn,500,10208,23227,4369,7793,5839,15434,20,24,0.7239173333333333,0.7239173333333333,True,"[1.0, 0.0]","[0.6380413770675659, 0.36195865273475647]","[254, 246]",0.0,0.0024940944276750088,0.016035644337534904
21889,745,92.0,92,,nnknn,500,10208,23227,4369,7793,5839,15434,20,24,0.7227520000000001,0.7227520000000001,True,"[0.07661508023738861, 0.9233849048614502]","[0.38261735439300537, 0.6173826456069946]","[254, 246]",0.0,0.0024940944276750088,0.016035644337534904
21907,746,18.0,18,,nnknn,500,10208,23227,4369,7793,5839,15434,20,24,0.7225239999999999,0.7225239999999999,True,"[0.7689006328582764, 0.23109936714172363]","[0.5746134519577026, 0.425386518239975]","[254, 246]",0.0,0.0024940944276750088,0.016035644337534904
21935,747,28.0,28,,nnknn,500,10208,23227,4369,7793,5839,15434,20,24,0.7221693333333333,0.7221693333333333,True,"[1.0, 0.0]","[0.6389153003692627, 0.3610846698284149]","[254, 246]",0.0,0.0024940944276750088,0.016035644337534904
22035,748,100.0,100,85.07344055175781,nnknn,500,10261,23578,4397,7937,5864,15641,24,30,0.7209026666666667,0.7209026666666667,True,"[0.7856813669204712, 0.21431861817836761]","[0.5797328948974609, 0.42026710510253906]","[251, 249]",0.0,0.0025262823328375816,0.015535660088062286
22095,749,60.0,60,,nnknn,500,10261,23578,4397,7937,5864,15641,24,30,0.7201426666666666,0.7201426666666666,True,"[0.0, 1.0]","[0.3600713312625885, 0.6399286985397339]","[251, 249]",0.0,0.0025262823328375816,0.015535660088062286
22108,750,13.0,13,,nnknn,500,10261,23578,4397,7937,5864,15641,24,30,0.719978,0.719978,True,"[1.0, 0.0]","[0.6400110125541687, 0.3599889874458313]","[251, 249]",0.0,0.0025262823328375816,0.015535660088062286
22152,751,44.0,44,,nnknn,500,10261,23578,4397,7937,5864,15641,24,30,0.7194206666666667,0.7194206666666667,True,"[0.0, 1.0]","[0.35971033573150635, 0.6402896642684937]","[251, 249]",0.0,0.0025262823328375816,0.015535660088062286
22219,752,67.0,67,67.0751724243164,nnknn,500,10299,23853,4409,8054,5890,15799,24,30,0.718572,0.718572,True,"[0.1602281630039215, 0.8397718667984009]","[0.4043787121772766, 0.5956212878227234]","[248, 252]",0.0,0.0025231298059225082,0.016035573557019234
22318,753,99.0,99,,nnknn,500,10299,23853,4409,8054,5890,15799,24,30,0.717318,0.717318,True,"[0.9030771255493164, 0.0969228595495224]","[0.6139426231384277, 0.3860573470592499]","[248, 252]",0.0,0.0025231298059225082,0.016035573557019234
22334,754,16.0,16,,nnknn,500,10299,23853,4409,8054,5890,15799,24,30,0.7171153333333333,0.7171153333333333,True,"[0.7682579159736633, 0.23174208402633667]","[0.575886070728302, 0.4241139590740204]","[248, 252]",0.0,0.0025231298059225082,0.016035573557019234
22429,755,95.0,95,,nnknn,500,10299,23853,4409,8054,5890,15799,24,30,0.715912,0.715912,True,"[0.2033534049987793, 0.7966465950012207]","[0.4157262444496155, 0.5842737555503845]","[248, 252]",0.0,0.0025231298059225082,0.016035573557019234
22450,756,21.0,21,111.46090698242188,nnknn,500,10311,24239,4414,8216,5897,16023,24,30,0.715646,0.715646,True,"[1.0, 0.0]","[0.6421769857406616, 0.3578230142593384]","[251, 249]",0.0,0.002534297062084079,0.016535557806491852
22469,757,19.0,19,,nnknn,500,10311,24239,4414,8216,5897,16023,24,30,0.7154053333333333,0.7154053333333333,True,"[0.0, 1.0]","[0.35770267248153687, 0.6422973275184631]","[251, 249]",0.0,0.002534297062084079,0.016535557806491852
22491,758,22.0,22,,nnknn,500,10311,24239,4414,8216,5897,16023,24,30,0.7151266666666667,0.7151266666666667,True,"[1.0, 0.0]","[0.6424366235733032, 0.3575633466243744]","[251, 249]",0.0,0.002534297062084079,0.016535557806491852
22516,759,25.0,25,,nnknn,500,10311,24239,4414,8216,5897,16023,24,30,0.71481,0.71481,True,"[0.0, 1.0]","[0.35740500688552856, 0.6425949931144714]","[251, 249]",0.0,0.002534297062084079,0.016535557806491852
22577,760,61.0,61,55.104896545410156,nnknn,500,10326,24412,4419,8273,5907,16139,25,31,0.7140373333333334,0.7140373333333334,True,"[0.9013274312019348, 0.09867256134748459]","[0.6147646903991699, 0.38523533940315247]","[249, 251]",0.0,0.002511858707293868,0.016035867854952812
22609,761,32.0,32,,nnknn,500,10326,24412,4419,8273,5907,16139,25,31,0.713632,0.713632,True,"[0.0, 1.0]","[0.35681599378585815, 0.6431840062141418]","[249, 251]",0.0,0.002511858707293868,0.016035867854952812
22639,762,30.0,30,,nnknn,500,10326,24412,4419,8273,5907,16139,25,31,0.713252,0.713252,True,"[0.7587226629257202, 0.2412773072719574]","[0.574188232421875, 0.4258117973804474]","[249, 251]",0.0,0.002511858707293868,0.016035867854952812
22675,763,36.0,36,,nnknn,500,10326,24412,4419,8273,5907,16139,25,31,0.712796,0.712796,True,"[1.0, 0.0]","[0.6436020135879517, 0.35639798641204834]","[249, 251]",0.0,0.002511858707293868,0.016035867854952812
22717,764,42.0,42,40.366485595703125,nnknn,500,10349,24606,4430,8339,5919,16267,25,31,0.712264,0.712264,True,"[1.0, 0.0]","[0.6438679695129395, 0.35613200068473816]","[254, 246]",0.0,0.00251859612762928,0.01653585024178028
22729,765,12.0,12,,nnknn,500,10349,24606,4430,8339,5919,16267,25,31,0.7121120000000001,0.7121120000000001,True,"[0.0, 1.0]","[0.35605600476264954, 0.6439440250396729]","[254, 246]",0.0,0.00251859612762928,0.01653585024178028
22760,766,31.0,31,,nnknn,500,10349,24606,4430,8339,5919,16267,25,31,0.7117193333333334,0.7117193333333334,True,"[0.0, 1.0]","[0.3558596670627594, 0.644140362739563]","[254, 246]",0.0,0.00251859612762928,0.01653585024178028
22782,767,22.0,22,,nnknn,500,10349,24606,4430,8339,5919,16267,25,31,0.7114406666666666,0.7114406666666666,True,"[0.0, 1.0]","[0.3557203412055969, 0.6442796587944031]","[254, 246]",0.0,0.00251859612762928,0.01653585024178028
22801,768,19.0,19,49.700965881347656,nnknn,500,10359,24696,4432,8354,5927,16342,26,32,0.7112,0.7112,True,"[0.0, 1.0]","[0.3555999994277954, 0.6444000005722046]","[250, 250]",0.0,0.0025236625224351883,0.016336794942617416
22859,769,58.0,58,,nnknn,500,10359,24696,4432,8354,5927,16342,26,32,0.7104653333333333,0.7104653333333333,True,"[1.0, 0.0]","[0.6447673439979553, 0.3552326560020447]","[250, 250]",0.0,0.0025236625224351883,0.016336794942617416
22873,770,14.0,14,,nnknn,500,10359,24696,4432,8354,5927,16342,26,32,0.710288,0.710288,True,"[1.0, 0.0]","[0.6448559761047363, 0.3551439940929413]","[250, 250]",0.0,0.0025236625224351883,0.016336794942617416
22949,771,76.0,76,,nnknn,500,10359,24696,4432,8354,5927,16342,26,32,0.7093253333333334,0.7093253333333334,True,"[1.0, 0.0]","[0.6453373432159424, 0.3546626567840576]","[250, 250]",0.0,0.0025236625224351883,0.016336794942617416
22988,772,39.0,39,66.41946411132812,nnknn,500,10373,24999,4439,8478,5934,16521,27,33,0.7088313333333334,0.7088313333333334,True,"[0.0, 1.0]","[0.3544156551361084, 0.6455843448638916]","[251, 249]",0.0,0.0025023433845490217,0.015836870297789574
23070,773,82.0,82,,nnknn,500,10373,24999,4439,8478,5934,16521,27,33,0.7077926666666667,0.7077926666666667,True,"[1.0, 0.0]","[0.6461036801338196, 0.3538963198661804]","[251, 249]",0.0,0.0025023433845490217,0.015836870297789574
23100,774,30.0,30,,nnknn,500,10373,24999,4439,8478,5934,16521,27,33,0.7074126666666667,0.7074126666666667,True,"[0.0, 1.0]","[0.35370633006095886, 0.6462936401367188]","[251, 249]",0.0,0.0025023433845490217,0.015836870297789574
23117,775,17.0,17,,nnknn,500,10373,24999,4439,8478,5934,16521,27,33,0.7071973333333333,0.7071973333333333,True,"[1.0, 0.0]","[0.6464013457298279, 0.3535986542701721]","[251, 249]",0.0,0.0025023433845490217,0.015836870297789574
23143,776,26.0,26,56.96132278442383,nnknn,500,10413,25202,4453,8553,5960,16649,28,34,0.706868,0.706868,True,"[1.0, 0.0]","[0.6465660333633423, 0.3534339964389801]","[259, 241]",0.0,0.002503522438928485,0.015336896292865276
23183,777,40.0,40,,nnknn,500,10413,25202,4453,8553,5960,16649,28,34,0.7063613333333334,0.7063613333333334,True,"[0.8056296110153198, 0.19437037408351898]","[0.5897446870803833, 0.4102553427219391]","[259, 241]",0.0,0.002503522438928485,0.015336896292865276
23323,778,140.0,140,,nnknn,500,10413,25202,4453,8553,5960,16649,28,34,0.704588,0.704588,True,"[0.0, 1.0]","[0.352293998003006, 0.6477060317993164]","[259, 241]",0.0,0.002503522438928485,0.015336896292865276
23363,779,40.0,40,,nnknn,500,10413,25202,4453,8553,5960,16649,28,34,0.7040813333333333,0.7040813333333333,True,"[0.2221972942352295, 0.7778027653694153]","[0.41779300570487976, 0.5822070240974426]","[259, 241]",0.0,0.002503522438928485,0.015336896292865276
23383,780,20.0,20,107.91608428955078,nnknn,500,10468,25553,4477,8697,5991,16856,30,36,0.703828,0.703828,True,"[0.0, 1.0]","[0.3519139885902405, 0.6480860114097595]","[258, 242]",0.0,0.0025450061075389385,0.015836849808692932
23552,781,169.0,169,,nnknn,500,10468,25553,4477,8697,5991,16856,30,36,0.7016873333333333,0.7016873333333333,True,"[0.4636633098125458, 0.5363366603851318]","[0.48916029930114746, 0.5108397006988525]","[258, 242]",0.0,0.0025450061075389385,0.015836849808692932
23577,782,25.0,25,,nnknn,500,10468,25553,4477,8697,5991,16856,30,36,0.7013706666666666,0.7013706666666666,True,"[1.0, 0.0]","[0.6493146419525146, 0.35068532824516296]","[258, 242]",0.0,0.0025450061075389385,0.015836849808692932
23612,783,35.0,35,,nnknn,500,10468,25553,4477,8697,5991,16856,30,36,0.7009273333333333,0.7009273333333333,True,"[0.10324481874704361, 0.8967552185058594]","[0.3813413679599762, 0.6186586618423462]","[258, 242]",0.0,0.0025450061075389385,0.015836849808692932
23640,784,28.0,28,100.11420440673828,nnknn,500,10524,25943,4499,8865,6025,17078,31,37,0.7005726666666667,0.7005726666666667,True,"[1.0, 0.0]","[0.6497136354446411, 0.3502863347530365]","[260, 240]",0.0,0.002578024286776781,0.01533688697963953
23740,785,100.0,100,,nnknn,500,10524,25943,4499,8865,6025,17078,31,37,0.699306,0.699306,True,"[1.0, 0.0]","[0.6503469944000244, 0.3496530055999756]","[260, 240]",0.0,0.002578024286776781,0.01533688697963953
23748,786,8.0,8,,nnknn,500,10524,25943,4499,8865,6025,17078,31,37,0.6992046666666667,0.6992046666666667,True,"[0.0, 1.0]","[0.3496023416519165, 0.6503976583480835]","[260, 240]",0.0,0.002578024286776781,0.01533688697963953
23764,787,16.0,16,,nnknn,500,10524,25943,4499,8865,6025,17078,31,37,0.699002,0.699002,True,"[0.7899436950683594, 0.21005631983280182]","[0.5872724652290344, 0.4127275347709656]","[260, 240]",0.0,0.002578024286776781,0.01533688697963953
23793,788,29.0,29,98.4287338256836,nnknn,500,10578,26139,4525,8936,6053,17203,31,37,0.6986346666666667,0.6986346666666667,True,"[0.09874683618545532, 0.9012531638145447]","[0.379076212644577, 0.6209237575531006]","[262, 238]",0.0,0.002567700110375881,0.014836919493973255
23820,789,27.0,27,,nnknn,500,10578,26139,4525,8936,6053,17203,31,37,0.6982926666666667,0.6982926666666667,True,"[0.0, 1.0]","[0.3491463363170624, 0.6508536338806152]","[262, 238]",0.0,0.002567700110375881,0.014836919493973255
23848,790,28.0,28,,nnknn,500,10578,26139,4525,8936,6053,17203,31,37,0.697938,0.697938,True,"[0.0, 1.0]","[0.3489690124988556, 0.6510310173034668]","[262, 238]",0.0,0.002567700110375881,0.014836919493973255
23884,791,36.0,36,,nnknn,500,10578,26139,4525,8936,6053,17203,31,37,0.6974819999999999,0.6974819999999999,True,"[0.0, 1.0]","[0.34874099493026733, 0.6512590050697327]","[262, 238]",0.0,0.002567700110375881,0.014836919493973255
23900,792,16.0,16,26.33009910583496,nnknn,500,10713,26171,4535,8968,6178,17203,31,37,0.6972793333333334,0.6972793333333334,True,"[0.0, 1.0]","[0.34863966703414917, 0.6513603329658508]","[254, 246]",0.0,0.0025807670317590237,0.014337043277919292
23954,793,54.0,54,,nnknn,500,10713,26171,4535,8968,6178,17203,31,37,0.6965953333333333,0.6965953333333333,True,"[1.0, 0.0]","[0.651702344417572, 0.348297655582428]","[254, 246]",0.0,0.0025807670317590237,0.014337043277919292
23965,794,11.0,11,,nnknn,500,10713,26171,4535,8968,6178,17203,31,37,0.696456,0.696456,True,"[0.09802689403295517, 0.9019731283187866]","[0.3779834806919098, 0.6220165491104126]","[254, 246]",0.0,0.0025807670317590237,0.014337043277919292
24028,795,63.0,63,,nnknn,500,10713,26171,4535,8968,6178,17203,31,37,0.695658,0.695658,True,"[1.0, 0.0]","[0.6521710157394409, 0.34782901406288147]","[254, 246]",0.0,0.0025807670317590237,0.014337043277919292
24080,796,52.0,52,57.88167190551758,nnknn,467,10873,26322,4685,8968,6188,17354,32,38,0.6949993333333333,0.6949993333333333,True,"[0.10009448230266571, 0.8999055624008179]","[0.37802854180336, 0.6219714879989624]","[244, 223]",0.0001794645213522017,0.0027824989520013332,0.014626984484493732
24153,797,73.0,73,,nnknn,467,10873,26322,4685,8968,6188,17354,32,38,0.6940746666666666,0.6940746666666666,True,"[1.0, 0.0]","[0.6529626846313477, 0.34703734517097473]","[244, 223]",0.0001794645213522017,0.0027824989520013332,0.014626984484493732
24197,798,44.0,44,,nnknn,467,10873,26322,4685,8968,6188,17354,32,38,0.6935173333333333,0.6935173333333333,True,"[1.0, 0.0]","[0.6532413363456726, 0.3467586636543274]","[244, 223]",0.0001794645213522017,0.0027824989520013332,0.014626984484493732
24230,799,33.0,33,,nnknn,467,10873,26322,4685,8968,6188,17354,32,38,0.6930993333333333,0.6930993333333333,True,"[1.0, 0.0]","[0.6534503698348999, 0.3465496599674225]","[244, 223]",0.0001794645213522017,0.0027824989520013332,0.014626984484493732
24293,800,63.0,63,76.89292907714844,nnknn,500,10898,26621,4689,9076,6209,17545,33,39,0.6923013333333333,0.6923013333333333,True,"[0.07730449736118317, 0.922695517539978]","[0.36993715167045593, 0.6300628185272217]","[255, 245]",0.0,0.002550404751673341,0.01433713547885418
24304,801,11.0,11,,nnknn,500,10898,26621,4689,9076,6209,17545,33,39,0.6921619999999999,0.6921619999999999,True,"[0.0, 1.0]","[0.3460809886455536, 0.653918981552124]","[255, 245]",0.0,0.002550404751673341,0.01433713547885418
24327,802,23.0,23,,nnknn,500,10898,26621,4689,9076,6209,17545,33,39,0.6918706666666667,0.6918706666666667,True,"[1.0, 0.0]","[0.6540646553039551, 0.3459353446960449]","[255, 245]",0.0,0.002550404751673341,0.01433713547885418
24454,803,127.0,127,,nnknn,500,10898,26621,4689,9076,6209,17545,33,39,0.6902619999999999,0.6902619999999999,True,"[1.0, 0.0]","[0.6548689603805542, 0.3451310098171234]","[255, 245]",0.0,0.002550404751673341,0.01433713547885418
24532,804,78.0,78,109.29850769042969,nnknn,500,10949,26998,4711,9244,6238,17754,34,40,0.6892739999999999,0.6892739999999999,True,"[0.0, 1.0]","[0.344637006521225, 0.6553629636764526]","[257, 243]",0.0,0.0026314877904951572,0.014626309275627136
24560,805,28.0,28,,nnknn,500,10949,26998,4711,9244,6238,17754,34,40,0.6889193333333333,0.6889193333333333,True,"[0.0, 1.0]","[0.3444596529006958, 0.6555403470993042]","[257, 243]",0.0,0.0026314877904951572,0.014626309275627136
24626,806,66.0,66,,nnknn,500,10949,26998,4711,9244,6238,17754,34,40,0.6880833333333334,0.6880833333333334,True,"[0.907674252986908, 0.09232573956251144]","[0.6271604299545288, 0.3728395998477936]","[257, 243]",0.0,0.0026314877904951572,0.014626309275627136
24638,807,12.0,12,,nnknn,500,10949,26998,4711,9244,6238,17754,34,40,0.6879313333333333,0.6879313333333333,True,"[0.0, 1.0]","[0.34396567940711975, 0.6560343503952026]","[257, 243]",0.0,0.0026314877904951572,0.014626309275627136
24694,808,56.0,56,74.9115982055664,nnknn,499,11066,27143,4811,9244,6255,17899,34,40,0.687222,0.687222,True,"[0.0, 1.0]","[0.3436110019683838, 0.6563889980316162]","[260, 239]",0.0,0.0026169319171458483,0.015125744976103306
24708,809,14.0,14,,nnknn,499,11066,27143,4811,9244,6255,17899,34,40,0.6870446666666666,0.6870446666666666,True,"[1.0, 0.0]","[0.656477689743042, 0.3435223400592804]","[260, 239]",0.0,0.0026169319171458483,0.015125744976103306
24724,810,16.0,16,,nnknn,499,11066,27143,4811,9244,6255,17899,34,40,0.686842,0.686842,True,"[1.0, 0.0]","[0.6565790176391602, 0.34342101216316223]","[260, 239]",0.0,0.0026169319171458483,0.015125744976103306
24747,811,23.0,23,,nnknn,499,11066,27143,4811,9244,6255,17899,34,40,0.6865506666666666,0.6865506666666666,True,"[0.0, 1.0]","[0.3432753384113312, 0.6567246913909912]","[260, 239]",0.0,0.0026169319171458483,0.015125744976103306
24806,812,59.0,59,56.83573532104492,nnknn,497,11143,27226,4861,9244,6282,17982,37,42,0.6858033333333333,0.6858033333333333,True,"[1.0, 0.0]","[0.6570982933044434, 0.34290167689323425]","[260, 237]",0.0,0.0026051104068756104,0.015625664964318275
24833,813,27.0,27,,nnknn,497,11143,27226,4861,9244,6282,17982,37,42,0.6854613333333333,0.6854613333333333,True,"[0.7284501791000366, 0.27154985070228577]","[0.5718563795089722, 0.42814359068870544]","[260, 237]",0.0,0.0026051104068756104,0.015625664964318275
24858,814,25.0,25,,nnknn,497,11143,27226,4861,9244,6282,17982,37,42,0.6851446666666667,0.6851446666666667,True,"[0.0, 1.0]","[0.34257233142852783, 0.6574276685714722]","[260, 237]",0.0,0.0026051104068756104,0.015625664964318275
24907,815,49.0,49,,nnknn,497,11143,27226,4861,9244,6282,17982,37,42,0.684524,0.684524,True,"[1.0, 0.0]","[0.6577379703521729, 0.34226199984550476]","[260, 237]",0.0,0.0026051104068756104,0.015625664964318275
25023,816,116.0,116,68.80915832519531,nnknn,500,11174,27550,4876,9368,6298,18182,38,43,0.6830546666666666,0.6830546666666666,True,"[1.0, 0.0]","[0.6584726572036743, 0.3415273427963257]","[268, 232]",0.0,0.0026155069936066866,0.015125672332942486
25045,817,22.0,22,,nnknn,500,11174,27550,4876,9368,6298,18182,38,43,0.682776,0.682776,True,"[0.7630797028541565, 0.23692026734352112]","[0.5834552049636841, 0.4165447950363159]","[268, 232]",0.0,0.0026155069936066866,0.015125672332942486
25120,818,75.0,75,,nnknn,500,11174,27550,4876,9368,6298,18182,38,43,0.681826,0.681826,True,"[1.0, 0.0]","[0.6590870022773743, 0.34091299772262573]","[268, 232]",0.0,0.0026155069936066866,0.015125672332942486
25131,819,11.0,11,,nnknn,500,11174,27550,4876,9368,6298,18182,38,43,0.6816866666666667,0.6816866666666667,True,"[1.0, 0.0]","[0.6591566801071167, 0.3408433198928833]","[268, 232]",0.0,0.0026155069936066866,0.015125672332942486
25212,820,81.0,81,107.592529296875,nnknn,484,11347,27716,5026,9368,6321,18348,38,43,0.6806606666666666,0.6806606666666666,True,"[1.0, 0.0]","[0.6596696376800537, 0.3403303325176239]","[259, 225]",0.0,0.0027082699816673994,0.015625623986124992
25241,821,29.0,29,,nnknn,484,11347,27716,5026,9368,6321,18348,38,43,0.6802933333333333,0.6802933333333333,True,"[0.2272283136844635, 0.7727717161178589]","[0.4127930700778961, 0.5872069597244263]","[259, 225]",0.0,0.0027082699816673994,0.015625623986124992
25255,822,14.0,14,,nnknn,484,11347,27716,5026,9368,6321,18348,38,43,0.6801159999999999,0.6801159999999999,True,"[0.8065308928489685, 0.1934690773487091]","[0.5980542898178101, 0.40194565057754517]","[259, 225]",0.0,0.0027082699816673994,0.015625623986124992
25337,823,82.0,82,,nnknn,484,11347,27716,5026,9368,6321,18348,38,43,0.6790773333333333,0.6790773333333333,True,"[0.8910447359085083, 0.10895530134439468]","[0.6254951357841492, 0.3745048940181732]","[259, 225]",0.0,0.0027082699816673994,0.015625623986124992
25395,824,58.0,58,76.49806213378906,nnknn,500,11558,27802,5037,9454,6521,18348,39,44,0.6783426666666666,0.6783426666666666,True,"[1.0, 0.0]","[0.660828709602356, 0.33917132019996643]","[266, 234]",0.0,0.0026030412409454584,0.016125602647662163
25442,825,47.0,47,,nnknn,500,11558,27802,5037,9454,6521,18348,39,44,0.6777473333333333,0.6777473333333333,True,"[0.0, 1.0]","[0.33887365460395813, 0.6611263751983643]","[266, 234]",0.0,0.0026030412409454584,0.016125602647662163
25454,826,12.0,12,,nnknn,500,11558,27802,5037,9454,6521,18348,39,44,0.6775953333333333,0.6775953333333333,True,"[1.0, 0.0]","[0.6612023115158081, 0.3387976586818695]","[266, 234]",0.0,0.0026030412409454584,0.016125602647662163
25467,827,13.0,13,,nnknn,500,11558,27802,5037,9454,6521,18348,39,44,0.6774306666666667,0.6774306666666667,True,"[0.7358003854751587, 0.2641996145248413]","[0.5760619640350342, 0.4239380359649658]","[266, 234]",0.0,0.0026030412409454584,0.016125602647662163
25656,828,189.0,189,108.86354064941406,nnknn,490,11800,28028,5262,9454,6538,18574,39,44,0.6750366666666667,0.6750366666666667,True,"[0.47696512937545776, 0.5230348706245422]","[0.4925144910812378, 0.5074855089187622]","[262, 228]",0.0,0.0026709663216024637,0.01562560722231865
25682,829,26.0,26,,nnknn,490,11800,28028,5262,9454,6538,18574,39,44,0.6747073333333333,0.6747073333333333,True,"[0.7345102429389954, 0.26548972725868225]","[0.5762844681739807, 0.4237155318260193]","[262, 228]",0.0,0.0026709663216024637,0.01562560722231865
25786,830,104.0,104,,nnknn,490,11800,28028,5262,9454,6538,18574,39,44,0.6733899999999999,0.6733899999999999,True,"[0.0, 1.0]","[0.33669498562812805, 0.6633050441741943]","[262, 228]",0.0,0.0026709663216024637,0.01562560722231865
25826,831,40.0,40,,nnknn,490,11800,28028,5262,9454,6538,18574,39,44,0.6728833333333333,0.6728833333333333,True,"[1.0, 0.0]","[0.6635583639144897, 0.33644166588783264]","[262, 228]",0.0,0.0026709663216024637,0.01562560722231865
25854,832,28.0,28,75.04750061035156,nnknn,500,11811,28341,5267,9575,6544,18766,39,44,0.6725286666666667,0.6725286666666667,True,"[0.0, 1.0]","[0.33626434206962585, 0.6637356281280518]","[265, 235]",0.0,0.002601905958727002,0.01612558402121067
25866,833,12.0,12,,nnknn,500,11811,28341,5267,9575,6544,18766,39,44,0.6723766666666666,0.6723766666666666,True,"[1.0, 0.0]","[0.6638116836547852, 0.33618834614753723]","[265, 235]",0.0,0.002601905958727002,0.01612558402121067
25939,834,73.0,73,,nnknn,500,11811,28341,5267,9575,6544,18766,39,44,0.6714519999999999,0.6714519999999999,True,"[1.0, 0.0]","[0.6642739772796631, 0.3357259929180145]","[265, 235]",0.0,0.002601905958727002,0.01612558402121067
26007,835,68.0,68,,nnknn,500,11811,28341,5267,9575,6544,18766,39,44,0.6705906666666667,0.6705906666666667,True,"[0.0, 1.0]","[0.33529531955718994, 0.6647046804428101]","[265, 235]",0.0,0.002601905958727002,0.01612558402121067
26108,836,101.0,101,85.6913833618164,nnknn,466,12060,28570,5492,9575,6568,18995,40,45,0.6693113333333334,0.6693113333333334,True,"[0.0, 1.0]","[0.33465567231178284, 0.6653443574905396]","[253, 213]",0.00036629530950449407,0.0028290478512644768,0.015625597909092903
26138,837,30.0,30,,nnknn,466,12060,28570,5492,9575,6568,18995,40,45,0.6689313333333333,0.6689313333333333,True,"[0.0, 1.0]","[0.3344656527042389, 0.6655343770980835]","[253, 213]",0.00036629530950449407,0.0028290478512644768,0.015625597909092903
26204,838,66.0,66,,nnknn,466,12060,28570,5492,9575,6568,18995,40,45,0.6680953333333333,0.6680953333333333,True,"[0.1882815957069397, 0.8117184042930603]","[0.39653921127319336, 0.6034607887268066]","[253, 213]",0.00036629530950449407,0.0028290478512644768,0.015625597909092903
26232,839,28.0,28,,nnknn,466,12060,28570,5492,9575,6568,18995,40,45,0.6677406666666666,0.6677406666666666,True,"[0.0, 1.0]","[0.3338703215122223, 0.6661297082901001]","[253, 213]",0.00036629530950449407,0.0028290478512644768,0.015625597909092903
26298,840,66.0,66,76.93736267089844,nnknn,500,12100,28805,5504,9648,6596,19157,40,45,0.6669046666666667,0.6669046666666667,True,"[1.0, 0.0]","[0.6665476560592651, 0.33345234394073486]","[276, 224]",0.0,0.0026146280579268932,0.01612558402121067
26307,841,9.0,9,,nnknn,500,12100,28805,5504,9648,6596,19157,40,45,0.6667906666666666,0.6667906666666666,True,"[0.0, 1.0]","[0.3333953320980072, 0.6666046380996704]","[276, 224]",0.0,0.0026146280579268932,0.01612558402121067
26409,842,102.0,102,,nnknn,500,12100,28805,5504,9648,6596,19157,40,45,0.6654986666666667,0.6654986666666667,True,"[1.0, 0.0]","[0.6672506332397461, 0.3327493369579315]","[276, 224]",0.0,0.0026146280579268932,0.01612558402121067
26438,843,29.0,29,,nnknn,500,12100,28805,5504,9648,6596,19157,40,45,0.6651313333333333,0.6651313333333333,True,"[0.8998906016349792, 0.10010945796966553]","[0.6339108347892761, 0.36608919501304626]","[276, 224]",0.0,0.0026146280579268932,0.01612558402121067
26463,844,25.0,25,81.9471664428711,nnknn,500,12149,29020,5526,9725,6623,19295,40,45,0.6648146666666667,0.6648146666666667,True,"[0.2118908315896988, 0.7881091833114624]","[0.4034300446510315, 0.5965700149536133]","[280, 220]",0.0,0.0026071714237332344,0.01662556454539299
26484,845,21.0,21,,nnknn,500,12149,29020,5526,9725,6623,19295,40,45,0.6645486666666667,0.6645486666666667,True,"[0.21572871506214142, 0.7842712998390198]","[0.4046408236026764, 0.595359206199646]","[280, 220]",0.0,0.0026071714237332344,0.01662556454539299
26602,846,118.0,118,,nnknn,500,12149,29020,5526,9725,6623,19295,40,45,0.663054,0.663054,True,"[0.21039189398288727, 0.7896081209182739]","[0.40241771936416626, 0.5975823402404785]","[280, 220]",0.0,0.0026071714237332344,0.01662556454539299
26686,847,84.0,84,,nnknn,500,12149,29020,5526,9725,6623,19295,40,45,0.6619900000000001,0.6619900000000001,True,"[0.2177889049053192, 0.7822111248970032]","[0.4046098291873932, 0.5953902006149292]","[280, 220]",0.0,0.0026071714237332344,0.01662556454539299
26747,848,61.0,61,91.88493347167969,nnknn,500,12186,29476,5535,9926,6651,19550,41,46,0.6612173333333333,0.6612173333333333,True,"[1.0, 0.0]","[0.6693913340568542, 0.33060866594314575]","[274, 226]",0.0,0.0025696679949760437,0.016125623136758804
26782,849,35.0,35,,nnknn,500,12186,29476,5535,9926,6651,19550,41,46,0.660774,0.660774,True,"[0.666993260383606, 0.33300673961639404]","[0.5566484928131104, 0.44335153698921204]","[274, 226]",0.0,0.0025696679949760437,0.016125623136758804
26816,850,34.0,34,,nnknn,500,12186,29476,5535,9926,6651,19550,41,46,0.6603433333333333,0.6603433333333333,True,"[0.0, 1.0]","[0.330171674489975, 0.6698282957077026]","[274, 226]",0.0,0.0025696679949760437,0.016125623136758804
26872,851,56.0,56,,nnknn,500,12186,29476,5535,9926,6651,19550,41,46,0.659634,0.659634,True,"[1.0, 0.0]","[0.670183002948761, 0.329816997051239]","[274, 226]",0.0,0.0025696679949760437,0.016125623136758804
27023,852,151.0,151,95.92565155029297,nnknn,500,12252,29898,5562,10113,6690,19785,43,48,0.6577213333333334,0.6577213333333334,True,"[1.0, 0.0]","[0.6711393594741821, 0.32886067032814026]","[278, 222]",0.0,0.0025849209632724524,0.016625579446554184
27050,853,27.0,27,,nnknn,500,12252,29898,5562,10113,6690,19785,43,48,0.6573793333333333,0.6573793333333333,True,"[1.0, 0.0]","[0.671310305595398, 0.32868966460227966]","[278, 222]",0.0,0.0025849209632724524,0.016625579446554184
27105,854,55.0,55,,nnknn,500,12252,29898,5562,10113,6690,19785,43,48,0.6566826666666666,0.6566826666666666,True,"[0.0, 1.0]","[0.3283413350582123, 0.6716586351394653]","[278, 222]",0.0,0.0025849209632724524,0.016625579446554184
27197,855,92.0,92,,nnknn,500,12252,29898,5562,10113,6690,19785,43,48,0.6555173333333333,0.6555173333333333,True,"[0.1789284348487854, 0.8210716247558594]","[0.38939642906188965, 0.6106035709381104]","[278, 222]",0.0,0.0025849209632724524,0.016625579446554184
27221,856,24.0,24,105.44740295410156,nnknn,500,12292,30186,5576,10229,6716,19957,43,48,0.6552133333333333,0.6552133333333333,True,"[1.0, 0.0]","[0.6723933219909668, 0.3276066780090332]","[280, 220]",0.0,0.002596694976091385,0.01712551712989807
27296,857,75.0,75,,nnknn,500,12292,30186,5576,10229,6716,19957,43,48,0.6542633333333333,0.6542633333333333,True,"[0.0, 1.0]","[0.3271316587924957, 0.6728683710098267]","[280, 220]",0.0,0.002596694976091385,0.01712551712989807
27372,858,76.0,76,,nnknn,500,12292,30186,5576,10229,6716,19957,43,48,0.6533006666666666,0.6533006666666666,True,"[1.0, 0.0]","[0.6733496785163879, 0.32665032148361206]","[280, 220]",0.0,0.002596694976091385,0.01712551712989807
27393,859,21.0,21,,nnknn,500,12292,30186,5576,10229,6716,19957,43,48,0.6530346666666667,0.6530346666666667,True,"[1.0, 0.0]","[0.6734826564788818, 0.32651734352111816]","[280, 220]",0.0,0.002596694976091385,0.01712551712989807
27454,860,61.0,61,80.68387603759766,nnknn,500,12320,30555,5588,10382,6732,20173,44,49,0.652262,0.652262,True,"[0.0, 1.0]","[0.3261309862136841, 0.6738690137863159]","[275, 225]",0.0,0.002570069395005703,0.01762549579143524
27552,861,98.0,98,,nnknn,500,12320,30555,5588,10382,6732,20173,44,49,0.6510206666666667,0.6510206666666667,True,"[0.5485374331474304, 0.45146262645721436]","[0.5169385671615601, 0.48306146264076233]","[275, 225]",0.0,0.002570069395005703,0.01762549579143524
27576,862,24.0,24,,nnknn,500,12320,30555,5588,10382,6732,20173,44,49,0.6507166666666666,0.6507166666666666,True,"[0.0, 1.0]","[0.3253583312034607, 0.6746416687965393]","[275, 225]",0.0,0.002570069395005703,0.01762549579143524
27623,863,47.0,47,,nnknn,500,12320,30555,5588,10382,6732,20173,44,49,0.6501213333333333,0.6501213333333333,True,"[0.20814189314842224, 0.7918581366539001]","[0.3978850841522217, 0.6021149158477783]","[275, 225]",0.0,0.002570069395005703,0.01762549579143524
27646,864,23.0,23,91.45980072021484,nnknn,500,12354,30840,5594,10509,6760,20331,48,55,0.64983,0.64983,True,"[0.0, 1.0]","[0.32491499185562134, 0.6750850081443787]","[270, 230]",0.0,0.0025917235761880875,0.01712551899254322
27680,865,34.0,34,,nnknn,500,12354,30840,5594,10509,6760,20331,48,55,0.6493993333333333,0.6493993333333333,True,"[0.20447567105293274, 0.7955242991447449]","[0.396388977766037, 0.6036109924316406]","[270, 230]",0.0,0.0025917235761880875,0.01712551899254322
27857,866,177.0,177,,nnknn,500,12354,30840,5594,10509,6760,20331,48,55,0.6471573333333334,0.6471573333333334,True,"[0.18721042573451996, 0.8127895593643188]","[0.38963449001312256, 0.6103655099868774]","[270, 230]",0.0,0.0025917235761880875,0.01712551899254322
27881,867,24.0,24,,nnknn,500,12354,30840,5594,10509,6760,20331,48,55,0.6468533333333333,0.6468533333333333,True,"[1.0, 0.0]","[0.6765733361244202, 0.32342666387557983]","[270, 230]",0.0,0.0025917235761880875,0.01712551899254322
27909,868,28.0,28,95.48042297363281,nnknn,492,12589,31063,5794,10509,6795,20554,53,60,0.6464986666666667,0.6464986666666667,True,"[0.0, 1.0]","[0.32324934005737305, 0.676750659942627]","[269, 223]",0.0,0.0026671551167964935,0.016625557094812393
27930,869,21.0,21,,nnknn,492,12589,31063,5794,10509,6795,20554,53,60,0.6462326666666667,0.6462326666666667,True,"[1.0, 0.0]","[0.6768836975097656, 0.32311633229255676]","[269, 223]",0.0,0.0026671551167964935,0.016625557094812393
27973,870,43.0,43,,nnknn,492,12589,31063,5794,10509,6795,20554,53,60,0.645688,0.645688,True,"[0.0, 1.0]","[0.322843998670578, 0.6771559715270996]","[269, 223]",0.0,0.0026671551167964935,0.016625557094812393
28010,871,37.0,37,,nnknn,492,12589,31063,5794,10509,6795,20554,53,60,0.6452193333333334,0.6452193333333334,True,"[1.0, 0.0]","[0.6773903369903564, 0.32260966300964355]","[269, 223]",0.0,0.0026671551167964935,0.016625557094812393
28071,872,61.0,61,59.11378860473633,nnknn,500,12649,31246,5811,10576,6838,20670,56,63,0.6444466666666666,0.6444466666666666,True,"[0.0, 1.0]","[0.32222333550453186, 0.6777766942977905]","[267, 233]",0.0,0.002626903587952256,0.016125565394759178
28139,873,68.0,68,,nnknn,500,12649,31246,5811,10576,6838,20670,56,63,0.6435853333333333,0.6435853333333333,True,"[1.0, 0.0]","[0.6782073378562927, 0.3217926621437073]","[267, 233]",0.0,0.002626903587952256,0.016125565394759178
28177,874,38.0,38,,nnknn,500,12649,31246,5811,10576,6838,20670,56,63,0.643104,0.643104,True,"[1.0, 0.0]","[0.678447961807251, 0.32155200839042664]","[267, 233]",0.0,0.002626903587952256,0.016125565394759178
28202,875,25.0,25,,nnknn,500,12649,31246,5811,10576,6838,20670,56,63,0.6427873333333334,0.6427873333333334,True,"[1.0, 0.0]","[0.6786063313484192, 0.3213936686515808]","[267, 233]",0.0,0.002626903587952256,0.016125565394759178
28283,876,81.0,81,69.24456787109375,nnknn,487,12826,31429,5961,10576,6865,20853,58,65,0.6417613333333334,0.6417613333333334,True,"[0.7342967391014099, 0.2657032608985901]","[0.5839341878890991, 0.41606587171554565]","[265, 222]",0.0,0.002711000619456172,0.01562558487057686
28354,877,71.0,71,,nnknn,487,12826,31429,5961,10576,6865,20853,58,65,0.640862,0.640862,True,"[0.0, 1.0]","[0.3204309940338135, 0.6795690059661865]","[265, 222]",0.0,0.002711000619456172,0.01562558487057686
28430,878,76.0,76,,nnknn,487,12826,31429,5961,10576,6865,20853,58,65,0.6398993333333334,0.6398993333333334,True,"[1.0, 0.0]","[0.6800503730773926, 0.3199496567249298]","[265, 222]",0.0,0.002711000619456172,0.01562558487057686
28521,879,91.0,91,,nnknn,487,12826,31429,5961,10576,6865,20853,58,65,0.6387466666666667,0.6387466666666667,True,"[0.9032762050628662, 0.09672381728887558]","[0.6456848382949829, 0.3543151319026947]","[265, 222]",0.0,0.002711000619456172,0.01562558487057686
28604,880,83.0,83,88.93057250976562,nnknn,500,12887,31906,5986,10776,6901,21130,62,73,0.6376953333333333,0.6376953333333333,True,"[0.3092239797115326, 0.6907760500907898]","[0.43088096380233765, 0.5691190958023071]","[273, 227]",0.0,0.002638070611283183,0.01533703226596117
28625,881,21.0,21,,nnknn,500,12887,31906,5986,10776,6901,21130,62,73,0.6374293333333334,0.6374293333333334,True,"[0.0, 1.0]","[0.3187146782875061, 0.6812853217124939]","[273, 227]",0.0,0.002638070611283183,0.01533703226596117
28682,882,57.0,57,,nnknn,500,12887,31906,5986,10776,6901,21130,62,73,0.6367073333333333,0.6367073333333333,True,"[0.0, 1.0]","[0.31835365295410156, 0.6816463470458984]","[273, 227]",0.0,0.002638070611283183,0.01533703226596117
28698,883,16.0,16,,nnknn,500,12887,31906,5986,10776,6901,21130,62,73,0.6365046666666667,0.6365046666666667,True,"[0.7724083065986633, 0.22759175300598145]","[0.5990191698074341, 0.4009808599948883]","[273, 227]",0.0,0.002638070611283183,0.01533703226596117
28727,884,29.0,29,79.71772003173828,nnknn,500,12919,32046,5994,10822,6925,21224,67,78,0.6361373333333333,0.6361373333333333,True,"[1.0, 0.0]","[0.6819313764572144, 0.31806865334510803]","[277, 223]",0.0,0.002637819852679968,0.015837009996175766
28899,885,172.0,172,,nnknn,500,12919,32046,5994,10822,6925,21224,67,78,0.6339586666666667,0.6339586666666667,True,"[0.5117354989051819, 0.4882645308971405]","[0.5042957067489624, 0.4957043528556824]","[277, 223]",0.0,0.002637819852679968,0.015837009996175766
28972,886,73.0,73,,nnknn,500,12919,32046,5994,10822,6925,21224,67,78,0.633034,0.633034,True,"[0.10884590446949005, 0.8911541104316711]","[0.35645973682403564, 0.6435402631759644]","[277, 223]",0.0,0.002637819852679968,0.015837009996175766
29047,887,75.0,75,,nnknn,500,12919,32046,5994,10822,6925,21224,67,78,0.632084,0.632084,True,"[0.30538520216941833, 0.694614827632904]","[0.42839810252189636, 0.5716018676757812]","[277, 223]",0.0,0.002637819852679968,0.015837009996175766
29186,888,139.0,139,109.93810272216797,nnknn,500,12976,32832,6013,11197,6963,21635,73,88,0.6303233333333333,0.6303233333333333,True,"[0.7849446535110474, 0.21505531668663025]","[0.605337381362915, 0.39466261863708496]","[269, 231]",0.0,0.0026813512668013573,0.016336964443325996
29221,889,35.0,35,,nnknn,500,12976,32832,6013,11197,6963,21635,73,88,0.62988,0.62988,True,"[0.0, 1.0]","[0.3149400055408478, 0.6850600242614746]","[269, 231]",0.0,0.0026813512668013573,0.016336964443325996
29411,890,190.0,190,,nnknn,500,12976,32832,6013,11197,6963,21635,73,88,0.6274733333333333,0.6274733333333333,True,"[1.0, 0.0]","[0.6862633228302002, 0.3137366771697998]","[269, 231]",0.0,0.0026813512668013573,0.016336964443325996
29501,891,90.0,90,,nnknn,500,12976,32832,6013,11197,6963,21635,73,88,0.6263333333333334,0.6263333333333334,True,"[1.0, 0.0]","[0.6868333220481873, 0.31316667795181274]","[269, 231]",0.0,0.0026813512668013573,0.016336964443325996
29532,892,31.0,31,119.6628646850586,nnknn,500,13004,33427,6017,11470,6987,21957,73,88,0.6259406666666667,0.6259406666666667,True,"[0.0, 1.0]","[0.3129703402519226, 0.6870296597480774]","[272, 228]",0.0,0.0026663492899388075,0.016836917027831078
29545,893,13.0,13,,nnknn,500,13004,33427,6017,11470,6987,21957,73,88,0.625776,0.625776,True,"[0.0, 1.0]","[0.3128879964351654, 0.6871119737625122]","[272, 228]",0.0,0.0026663492899388075,0.016836917027831078
29620,894,75.0,75,,nnknn,500,13004,33427,6017,11470,6987,21957,73,88,0.624826,0.624826,True,"[0.9081308841705322, 0.09186911582946777]","[0.6531201004981995, 0.34687989950180054]","[272, 228]",0.0,0.0026663492899388075,0.016836917027831078
29667,895,47.0,47,,nnknn,500,13004,33427,6017,11470,6987,21957,73,88,0.6242306666666666,0.6242306666666666,True,"[1.0, 0.0]","[0.6878846883773804, 0.312115341424942]","[272, 228]",0.0,0.0026663492899388075,0.016836917027831078
29738,896,71.0,71,79.58270263671875,nnknn,500,13060,33703,6034,11588,7026,22115,78,97,0.6233313333333333,0.6233313333333333,True,"[1.0, 0.0]","[0.6883343458175659, 0.3116656541824341]","[272, 228]",0.0,0.002664681989699602,0.017336906865239143
29768,897,30.0,30,,nnknn,500,13060,33703,6034,11588,7026,22115,78,97,0.6229513333333334,0.6229513333333334,True,"[1.0, 0.0]","[0.6885243654251099, 0.3114756643772125]","[272, 228]",0.0,0.002664681989699602,0.017336906865239143
29821,898,53.0,53,,nnknn,500,13060,33703,6034,11588,7026,22115,78,97,0.6222799999999999,0.6222799999999999,True,"[0.0, 1.0]","[0.3111400008201599, 0.6888599991798401]","[272, 228]",0.0,0.002664681989699602,0.017336906865239143
29852,899,31.0,31,,nnknn,500,13060,33703,6034,11588,7026,22115,78,97,0.6218873333333333,0.6218873333333333,True,"[1.0, 0.0]","[0.6890563368797302, 0.3109436631202698]","[272, 228]",0.0,0.002664681989699602,0.017336906865239143
30031,900,179.0,179,90.30524444580078,nnknn,500,13087,34184,6043,11796,7044,22388,79,99,0.6196200000000001,0.6196200000000001,True,"[0.0, 1.0]","[0.30981001257896423, 0.6901899576187134]","[269, 231]",0.0,0.0026588323526084423,0.016836928203701973
30081,901,50.0,50,,nnknn,500,13087,34184,6043,11796,7044,22388,79,99,0.6189866666666667,0.6189866666666667,True,"[1.0, 0.0]","[0.6905066967010498, 0.3094933331012726]","[269, 231]",0.0,0.0026588323526084423,0.016836928203701973
30119,902,38.0,38,,nnknn,500,13087,34184,6043,11796,7044,22388,79,99,0.6185053333333334,0.6185053333333334,True,"[0.0, 1.0]","[0.30925267934799194, 0.6907473206520081]","[269, 231]",0.0,0.0026588323526084423,0.016836928203701973
30237,903,118.0,118,,nnknn,500,13087,34184,6043,11796,7044,22388,79,99,0.6170106666666666,0.6170106666666666,True,"[0.0, 1.0]","[0.3085053265094757, 0.6914947032928467]","[269, 231]",0.0,0.0026588323526084423,0.016836928203701973
30343,904,106.0,106,90.95369720458984,nnknn,500,13147,34669,6065,12009,7082,22660,80,101,0.615668,0.615668,True,"[0.0, 1.0]","[0.3078339993953705, 0.6921659708023071]","[269, 231]",0.0,0.0026884099934250116,0.01633695513010025
30435,905,92.0,92,,nnknn,500,13147,34669,6065,12009,7082,22660,80,101,0.6145026666666666,0.6145026666666666,True,"[0.0, 1.0]","[0.30725133419036865, 0.6927486658096313]","[269, 231]",0.0,0.0026884099934250116,0.01633695513010025
30585,906,150.0,150,,nnknn,500,13147,34669,6065,12009,7082,22660,80,101,0.6126026666666666,0.6126026666666666,True,"[1.0, 0.0]","[0.6936986446380615, 0.3063013255596161]","[269, 231]",0.0,0.0026884099934250116,0.01633695513010025
30745,907,160.0,160,,nnknn,500,13147,34669,6065,12009,7082,22660,80,101,0.610576,0.610576,True,"[0.8205202221870422, 0.17947979271411896]","[0.6248182654380798, 0.37518173456192017]","[269, 231]",0.0,0.0026884099934250116,0.01633695513010025
30845,908,100.0,100,117.44696807861328,nnknn,500,13201,35552,6094,12418,7107,23134,83,104,0.6093093333333333,0.6093093333333333,True,"[0.0, 1.0]","[0.30465465784072876, 0.6953453421592712]","[266, 234]",0.0,0.0026959578972309828,0.015837013721466064
30895,909,50.0,50,,nnknn,500,13201,35552,6094,12418,7107,23134,83,104,0.608676,0.608676,True,"[1.0, 0.0]","[0.6956620216369629, 0.3043380081653595]","[266, 234]",0.0,0.0026959578972309828,0.015837013721466064
30953,910,58.0,58,,nnknn,500,13201,35552,6094,12418,7107,23134,83,104,0.6079413333333333,0.6079413333333333,True,"[0.6401674747467041, 0.3598325550556183]","[0.5549538731575012, 0.4450461268424988]","[266, 234]",0.0,0.0026959578972309828,0.015837013721466064
30998,911,45.0,45,,nnknn,500,13201,35552,6094,12418,7107,23134,83,104,0.6073713333333333,0.6073713333333333,True,"[1.0, 0.0]","[0.6963143348693848, 0.30368566513061523]","[266, 234]",0.0,0.0026959578972309828,0.015837013721466064
31076,912,78.0,78,60.41739273071289,nnknn,500,13224,35908,6105,12558,7119,23350,85,107,0.6063833333333333,0.6063833333333333,True,"[0.80001300573349, 0.1999870240688324]","[0.6180901527404785, 0.38190990686416626]","[264, 236]",0.0,0.002685433952137828,0.016336990520358086
31171,913,95.0,95,,nnknn,500,13224,35908,6105,12558,7119,23350,85,107,0.60518,0.60518,True,"[0.0, 1.0]","[0.302590012550354, 0.697409987449646]","[264, 236]",0.0,0.002685433952137828,0.016336990520358086
31242,914,71.0,71,,nnknn,500,13224,35908,6105,12558,7119,23350,85,107,0.6042806666666667,0.6042806666666667,True,"[0.0, 1.0]","[0.30214032530784607, 0.6978596448898315]","[264, 236]",0.0,0.002685433952137828,0.016336990520358086
31263,915,21.0,21,,nnknn,500,13224,35908,6105,12558,7119,23350,85,107,0.6040146666666666,0.6040146666666666,True,"[1.0, 0.0]","[0.6979926824569702, 0.3020073473453522]","[264, 236]",0.0,0.002685433952137828,0.016336990520358086
31462,916,199.0,199,100.99172973632812,nnknn,500,13276,36559,6128,12856,7148,23703,87,111,0.601494,0.601494,True,"[0.0, 1.0]","[0.30074700713157654, 0.6992529630661011]","[263, 237]",0.0,0.0027395212091505527,0.015837088227272034
31560,917,98.0,98,,nnknn,500,13276,36559,6128,12856,7148,23703,87,111,0.6002526666666667,0.6002526666666667,True,"[1.0, 0.0]","[0.699873685836792, 0.3001263439655304]","[263, 237]",0.0,0.0027395212091505527,0.015837088227272034
31578,918,18.0,18,,nnknn,500,13276,36559,6128,12856,7148,23703,87,111,0.6000246666666667,0.6000246666666667,True,"[1.0, 0.0]","[0.6999876499176025, 0.3000123202800751]","[263, 237]",0.0,0.0027395212091505527,0.015837088227272034
31669,919,91.0,91,,nnknn,500,13276,36559,6128,12856,7148,23703,87,111,0.5988720000000001,0.5988720000000001,True,"[1.0, 0.0]","[0.7005640268325806, 0.2994360029697418]","[263, 237]",0.0,0.0027395212091505527,0.015837088227272034
31752,920,83.0,83,80.18821716308594,nnknn,500,13326,37009,6153,13050,7173,23959,90,120,0.5978206666666667,0.5978206666666667,True,"[1.0, 0.0]","[0.7010896801948547, 0.29891031980514526]","[271, 229]",0.0,0.0027515562251210213,0.016126178205013275
31793,921,41.0,41,,nnknn,500,13326,37009,6153,13050,7173,23959,90,120,0.5973013333333334,0.5973013333333334,True,"[0.0, 1.0]","[0.2986506521701813, 0.7013493776321411]","[271, 229]",0.0,0.0027515562251210213,0.016126178205013275
31931,922,138.0,138,,nnknn,500,13326,37009,6153,13050,7173,23959,90,120,0.5955533333333334,0.5955533333333334,True,"[0.0, 1.0]","[0.2977766692638397, 0.7022233009338379]","[271, 229]",0.0,0.0027515562251210213,0.016126178205013275
31966,923,35.0,35,,nnknn,500,13326,37009,6153,13050,7173,23959,90,120,0.59511,0.59511,True,"[0.8983904123306274, 0.10160961747169495]","[0.6613042950630188, 0.3386957049369812]","[271, 229]",0.0,0.0027515562251210213,0.016126178205013275
31984,924,18.0,18,86.17876434326172,nnknn,481,13533,37207,6328,13050,7205,24157,91,122,0.594882,0.594882,True,"[1.0, 0.0]","[0.7025589942932129, 0.2974410057067871]","[260, 221]",0.0,0.002909810980781913,0.0161798857152462
32009,925,25.0,25,,nnknn,481,13533,37207,6328,13050,7205,24157,91,122,0.5945653333333334,0.5945653333333334,True,"[0.0, 1.0]","[0.2972826659679413, 0.7027173042297363]","[260, 221]",0.0,0.002909810980781913,0.0161798857152462
32046,926,37.0,37,,nnknn,481,13533,37207,6328,13050,7205,24157,91,122,0.5940966666666667,0.5940966666666667,True,"[0.0, 1.0]","[0.29704833030700684, 0.7029516696929932]","[260, 221]",0.0,0.002909810980781913,0.0161798857152462
32116,927,70.0,70,,nnknn,481,13533,37207,6328,13050,7205,24157,91,122,0.59321,0.59321,True,"[0.23211848735809326, 0.7678815126419067]","[0.3910284638404846, 0.6089715361595154]","[260, 221]",0.0,0.002909810980781913,0.0161798857152462
32208,928,92.0,92,108.39718627929688,nnknn,500,13573,37520,6337,13171,7236,24349,92,123,0.5920446666666667,0.5920446666666667,True,"[0.0, 1.0]","[0.29602232575416565, 0.7039777040481567]","[271, 229]",0.0,0.0027623430360108614,0.015679899603128433
32300,929,92.0,92,,nnknn,500,13573,37520,6337,13171,7236,24349,92,123,0.5908793333333333,0.5908793333333333,True,"[0.0, 1.0]","[0.2954396605491638, 0.7045603394508362]","[271, 229]",0.0,0.0027623430360108614,0.015679899603128433
32369,930,69.0,69,,nnknn,500,13573,37520,6337,13171,7236,24349,92,123,0.5900053333333333,0.5900053333333333,True,"[1.0, 0.0]","[0.7049973011016846, 0.29500266909599304]","[271, 229]",0.0,0.0027623430360108614,0.015679899603128433
32528,931,159.0,159,,nnknn,500,13573,37520,6337,13171,7236,24349,92,123,0.5879913333333333,0.5879913333333333,True,"[0.7979359030723572, 0.20206406712532043]","[0.6227521896362305, 0.37724781036376953]","[271, 229]",0.0,0.0027623430360108614,0.015679899603128433
32691,932,163.0,163,94.94647216796875,nnknn,500,13622,38315,6353,13554,7269,24761,100,161,0.5859266666666667,0.5859266666666667,True,"[1.0, 0.0]","[0.7070366740226746, 0.29296332597732544]","[272, 228]",0.0,0.0027815294452011585,0.015837067738175392
32838,933,147.0,147,,nnknn,500,13622,38315,6353,13554,7269,24761,100,161,0.5840646666666667,0.5840646666666667,True,"[0.7685654163360596, 0.23143459856510162]","[0.6117058396339417, 0.38829416036605835]","[272, 228]",0.0,0.0027815294452011585,0.015837067738175392
32857,934,19.0,19,,nnknn,500,13622,38315,6353,13554,7269,24761,100,161,0.583824,0.583824,True,"[0.724317193031311, 0.27568286657333374]","[0.5933554172515869, 0.4066445827484131]","[272, 228]",0.0,0.0027815294452011585,0.015837067738175392
32970,935,113.0,113,,nnknn,500,13622,38315,6353,13554,7269,24761,100,161,0.5823926666666667,0.5823926666666667,True,"[0.0, 1.0]","[0.291196346282959, 0.708803653717041]","[272, 228]",0.0,0.0027815294452011585,0.015837067738175392
33040,936,70.0,70,134.39859008789062,nnknn,500,13679,38865,6379,13796,7300,25069,102,171,0.5815060000000001,0.5815060000000001,True,"[0.7683069705963135, 0.23169301450252533]","[0.6122848391532898, 0.3877151310443878]","[273, 227]",0.0,0.0027769131120294333,0.015337096527218819
33148,937,108.0,108,,nnknn,500,13679,38865,6379,13796,7300,25069,102,171,0.580138,0.580138,True,"[0.13047826290130615, 0.8695217370986938]","[0.34485188126564026, 0.6551481485366821]","[273, 227]",0.0,0.0027769131120294333,0.015337096527218819
33158,938,10.0,10,,nnknn,500,13679,38865,6379,13796,7300,25069,102,171,0.5800113333333333,0.5800113333333333,True,"[0.09763987362384796, 0.9023601412773132]","[0.3310132920742035, 0.6689866781234741]","[273, 227]",0.0,0.0027769131120294333,0.015337096527218819
33191,939,33.0,33,,nnknn,500,13679,38865,6379,13796,7300,25069,102,171,0.5795933333333334,0.5795933333333334,True,"[1.0, 0.0]","[0.7102032899856567, 0.2897966802120209]","[273, 227]",0.0,0.0027769131120294333,0.015337096527218819
33277,940,86.0,86,85.05647277832031,nnknn,500,13717,39233,6390,13963,7327,25270,108,180,0.578504,0.578504,True,"[0.0, 1.0]","[0.28925201296806335, 0.7107479572296143]","[273, 227]",0.0,0.0027742183301597834,0.01583706960082054
33289,941,12.0,12,,nnknn,500,13717,39233,6390,13963,7327,25270,108,180,0.578352,0.578352,True,"[1.0, 0.0]","[0.7108240127563477, 0.28917598724365234]","[273, 227]",0.0,0.0027742183301597834,0.01583706960082054
33300,942,11.0,11,,nnknn,500,13717,39233,6390,13963,7327,25270,108,180,0.5782126666666667,0.5782126666666667,True,"[0.0, 1.0]","[0.2891063392162323, 0.7108936309814453]","[273, 227]",0.0,0.0027742183301597834,0.01583706960082054
33378,943,78.0,78,,nnknn,500,13717,39233,6390,13963,7327,25270,108,180,0.5772246666666667,0.5772246666666667,True,"[0.0, 1.0]","[0.28861233592033386, 0.7113876342773438]","[273, 227]",0.0,0.0027742183301597834,0.01583706960082054
33447,944,69.0,69,97.37691497802734,nnknn,490,13874,39364,6515,13963,7359,25401,114,187,0.5763506666666667,0.5763506666666667,True,"[1.0, 0.0]","[0.7118246555328369, 0.2881753444671631]","[272, 218]",0.0,0.0028360930737107992,0.016337057575583458
33487,945,40.0,40,,nnknn,490,13874,39364,6515,13963,7359,25401,114,187,0.575844,0.575844,True,"[0.0, 1.0]","[0.2879219949245453, 0.7120779752731323]","[272, 218]",0.0,0.0028360930737107992,0.016337057575583458
33571,946,84.0,84,,nnknn,490,13874,39364,6515,13963,7359,25401,114,187,0.5747800000000001,0.5747800000000001,True,"[0.0, 1.0]","[0.28738999366760254, 0.7126100063323975]","[272, 218]",0.0,0.0028360930737107992,0.016337057575583458
33710,947,139.0,139,,nnknn,490,13874,39364,6515,13963,7359,25401,114,187,0.5730193333333333,0.5730193333333333,True,"[0.18486030399799347, 0.8151397109031677]","[0.3654414415359497, 0.6345585584640503]","[272, 218]",0.0,0.0028360930737107992,0.016337057575583458
33796,948,86.0,86,100.2682876586914,nnknn,500,13902,39943,6523,14219,7379,25724,119,193,0.57193,0.57193,True,"[0.0, 1.0]","[0.2859649956226349, 0.7140350341796875]","[274, 226]",0.0,0.0027533082757145166,0.01583706960082054
33866,949,70.0,70,,nnknn,500,13902,39943,6523,14219,7379,25724,119,193,0.5710433333333333,0.5710433333333333,True,"[0.0, 1.0]","[0.28552165627479553, 0.7144783735275269]","[274, 226]",0.0,0.0027533082757145166,0.01583706960082054
33944,950,78.0,78,,nnknn,500,13902,39943,6523,14219,7379,25724,119,193,0.5700553333333334,0.5700553333333334,True,"[0.21127459406852722, 0.7887253761291504]","[0.37586402893066406, 0.6241359710693359]","[274, 226]",0.0,0.0027533082757145166,0.01583706960082054
34038,951,94.0,94,,nnknn,500,13902,39943,6523,14219,7379,25724,119,193,0.5688646666666667,0.5688646666666667,True,"[1.0, 0.0]","[0.7155677080154419, 0.2844323217868805]","[274, 226]",0.0,0.0027533082757145166,0.01583706960082054
34132,952,94.0,94,78.49893188476562,nnknn,500,13963,40469,6548,14454,7415,26015,120,202,0.567674,0.567674,True,"[0.8180839419364929, 0.1819160282611847]","[0.6375159621238708, 0.36248403787612915]","[275, 225]",0.0,0.0027353097684681416,0.016337035223841667
34190,953,58.0,58,,nnknn,500,13963,40469,6548,14454,7415,26015,120,202,0.5669393333333334,0.5669393333333334,True,"[0.9009189605712891, 0.09908100962638855]","[0.6736222505569458, 0.3263777494430542]","[275, 225]",0.0,0.0027353097684681416,0.016337035223841667
34263,954,73.0,73,,nnknn,500,13963,40469,6548,14454,7415,26015,120,202,0.5660146666666667,0.5660146666666667,True,"[0.0, 1.0]","[0.28300732374191284, 0.7169926762580872]","[275, 225]",0.0,0.0027353097684681416,0.016337035223841667
34373,955,110.0,110,,nnknn,500,13963,40469,6548,14454,7415,26015,120,202,0.5646213333333333,0.5646213333333333,True,"[0.0, 1.0]","[0.2823106646537781, 0.7176893353462219]","[275, 225]",0.0,0.0027353097684681416,0.016337035223841667
34482,956,109.0,109,104.47847747802734,nnknn,500,14017,41018,6569,14693,7448,26325,123,209,0.5632406666666667,0.5632406666666667,True,"[0.7972831726074219, 0.2027168571949005]","[0.6298412084579468, 0.3701587915420532]","[270, 230]",0.0,0.002768815029412508,0.015837078914046288
34494,957,12.0,12,,nnknn,500,14017,41018,6569,14693,7448,26325,123,209,0.5630886666666667,0.5630886666666667,True,"[0.7244359254837036, 0.2755640745162964]","[0.5980585813522339, 0.4019413888454437]","[270, 230]",0.0,0.002768815029412508,0.015837078914046288
34613,958,119.0,119,,nnknn,500,14017,41018,6569,14693,7448,26325,123,209,0.5615813333333333,0.5615813333333333,True,"[1.0, 0.0]","[0.7192093133926392, 0.28079065680503845]","[270, 230]",0.0,0.002768815029412508,0.015837078914046288
34662,959,49.0,49,,nnknn,500,14017,41018,6569,14693,7448,26325,123,209,0.5609606666666667,0.5609606666666667,True,"[1.0, 0.0]","[0.7195196747779846, 0.2804803252220154]","[270, 230]",0.0,0.002768815029412508,0.015837078914046288
34736,960,74.0,74,99.7885971069336,nnknn,500,14034,41436,6575,14872,7459,26564,126,213,0.5600233333333333,0.5600233333333333,True,"[0.2902344763278961, 0.7097654938697815]","[0.4077080488204956, 0.5922919511795044]","[270, 230]",0.0,0.0027635679580271244,0.016337065026164055
34816,961,80.0,80,,nnknn,500,14034,41436,6575,14872,7459,26564,126,213,0.55901,0.55901,True,"[0.0, 1.0]","[0.27950501441955566, 0.7204949855804443]","[270, 230]",0.0,0.0027635679580271244,0.016337065026164055
34959,962,143.0,143,,nnknn,500,14034,41436,6575,14872,7459,26564,126,213,0.5571986666666666,0.5571986666666666,True,"[0.0, 1.0]","[0.2785993218421936, 0.7214006781578064]","[270, 230]",0.0,0.0027635679580271244,0.016337065026164055
34985,963,26.0,26,,nnknn,500,14034,41436,6575,14872,7459,26564,126,213,0.5568693333333333,0.5568693333333333,True,"[0.0, 1.0]","[0.2784346640110016, 0.7215653657913208]","[270, 230]",0.0,0.0027635679580271244,0.016337065026164055
35010,964,25.0,25,96.40122985839844,nnknn,500,14051,41876,6585,15050,7466,26826,127,218,0.5565526666666667,0.5565526666666667,True,"[1.0, 0.0]","[0.7217236757278442, 0.27827632427215576]","[271, 229]",0.0,0.0027548314537853003,0.016837026923894882
35067,965,57.0,57,,nnknn,500,14051,41876,6585,15050,7466,26826,127,218,0.5558306666666666,0.5558306666666666,True,"[0.717995822429657, 0.282004177570343]","[0.5968270301818848, 0.40317294001579285]","[271, 229]",0.0,0.0027548314537853003,0.016837026923894882
35216,966,149.0,149,,nnknn,500,14051,41876,6585,15050,7466,26826,127,218,0.5539433333333333,0.5539433333333333,True,"[0.19341811537742615, 0.8065818548202515]","[0.3632470965385437, 0.6367528438568115]","[271, 229]",0.0,0.0027548314537853003,0.016837026923894882
35292,967,76.0,76,,nnknn,500,14051,41876,6585,15050,7466,26826,127,218,0.5529806666666667,0.5529806666666667,True,"[0.0, 1.0]","[0.27649033069610596, 0.723509669303894]","[271, 229]",0.0,0.0027548314537853003,0.016837026923894882
35354,968,62.0,62,92.69709014892578,nnknn,482,14364,42177,6860,15050,7504,27127,129,223,0.5521953333333334,0.5521953333333334,True,"[0.8123109936714172, 0.18768902122974396]","[0.6398543119430542, 0.3601456880569458]","[268, 214]",0.0,0.002829707693308592,0.016337038949131966
35409,969,55.0,55,,nnknn,482,14364,42177,6860,15050,7504,27127,129,223,0.5514986666666666,0.5514986666666666,True,"[0.0, 1.0]","[0.2757493257522583, 0.7242506742477417]","[268, 214]",0.0,0.002829707693308592,0.016337038949131966
35530,970,121.0,121,,nnknn,482,14364,42177,6860,15050,7504,27127,129,223,0.549966,0.549966,True,"[0.18829253315925598, 0.8117074370384216]","[0.35972103476524353, 0.6402789354324341]","[268, 214]",0.0,0.002829707693308592,0.016337038949131966
35623,971,93.0,93,,nnknn,482,14364,42177,6860,15050,7504,27127,129,223,0.548788,0.548788,True,"[1.0, 0.0]","[0.7256059646606445, 0.2743940055370331]","[268, 214]",0.0,0.002829707693308592,0.016337038949131966
35634,972,11.0,11,95.74600982666016,nnknn,500,14412,42603,6875,15234,7537,27369,132,228,0.5486486666666667,0.5486486666666667,True,"[0.0, 1.0]","[0.27432432770729065, 0.7256757020950317]","[277, 223]",0.0,0.0027153606060892344,0.0158370453864336
35769,973,135.0,135,,nnknn,500,14412,42603,6875,15234,7537,27369,132,228,0.5469386666666667,0.5469386666666667,True,"[0.2602478265762329, 0.7397521734237671]","[0.3913775682449341, 0.6086224317550659]","[277, 223]",0.0,0.0027153606060892344,0.0158370453864336
35860,974,91.0,91,,nnknn,500,14412,42603,6875,15234,7537,27369,132,228,0.545786,0.545786,True,"[0.0, 1.0]","[0.2728930115699768, 0.7271069884300232]","[277, 223]",0.0,0.0027153606060892344,0.0158370453864336
35903,975,43.0,43,,nnknn,500,14412,42603,6875,15234,7537,27369,132,228,0.5452413333333334,0.5452413333333334,True,"[0.8035191297531128, 0.1964808702468872]","[0.6380279064178467, 0.36197203397750854]","[277, 223]",0.0,0.0027153606060892344,0.0158370453864336
35964,976,61.0,61,93.74205780029297,nnknn,500,14439,43143,6886,15477,7553,27666,138,245,0.5444686666666667,0.5444686666666667,True,"[0.0, 1.0]","[0.27223432064056396, 0.727765679359436]","[272, 228]",0.0,0.0026976566296070814,0.016337037086486816
36127,977,163.0,163,,nnknn,500,14439,43143,6886,15477,7553,27666,138,245,0.542404,0.542404,True,"[0.3406370282173157, 0.6593629717826843]","[0.42707616090774536, 0.5729238986968994]","[272, 228]",0.0,0.0026976566296070814,0.016337037086486816
36258,978,131.0,131,,nnknn,500,14439,43143,6886,15477,7553,27666,138,245,0.5407446666666667,0.5407446666666667,True,"[0.770619809627533, 0.22938020527362823]","[0.6242835521697998, 0.3757164180278778]","[272, 228]",0.0,0.0026976566296070814,0.016337037086486816
36282,979,24.0,24,,nnknn,500,14439,43143,6886,15477,7553,27666,138,245,0.5404406666666667,0.5404406666666667,True,"[0.8984253406524658, 0.10157471150159836]","[0.6831001043319702, 0.31689995527267456]","[272, 228]",0.0,0.0026976566296070814,0.016337037086486816
36345,980,63.0,63,103.98302459716797,nnknn,500,14497,43750,6910,15750,7587,28000,150,258,0.5396426666666667,0.5396426666666667,True,"[0.8969519138336182, 0.10304811596870422]","[0.6827397346496582, 0.3172602951526642]","[270, 230]",0.0,0.0027473275549709797,0.015837067738175392
36381,981,36.0,36,,nnknn,500,14497,43750,6910,15750,7587,28000,150,258,0.5391866666666667,0.5391866666666667,True,"[0.8028481006622314, 0.19715192914009094]","[0.6395564079284668, 0.3604435622692108]","[270, 230]",0.0,0.0027473275549709797,0.015837067738175392
36485,982,104.0,104,,nnknn,500,14497,43750,6910,15750,7587,28000,150,258,0.5378693333333333,0.5378693333333333,True,"[1.0, 0.0]","[0.7310653328895569, 0.2689346671104431]","[270, 230]",0.0,0.0027473275549709797,0.015837067738175392
36743,983,258.0,258,,nnknn,500,14497,43750,6910,15750,7587,28000,150,258,0.5346013333333333,0.5346013333333333,True,"[0.0, 1.0]","[0.26730066537857056, 0.7326993346214294]","[270, 230]",0.0,0.0027473275549709797,0.015837067738175392
36812,984,69.0,69,107.17821502685547,nnknn,480,14938,44153,7310,15750,7628,28403,161,281,0.5337273333333333,0.5337273333333333,True,"[1.0, 0.0]","[0.7331362962722778, 0.2668636739253998]","[266, 214]",0.0,0.0029375748708844185,0.016337040811777115
36947,985,135.0,135,,nnknn,480,14938,44153,7310,15750,7628,28403,161,281,0.5320173333333333,0.5320173333333333,True,"[0.9124810695648193, 0.08751890063285828]","[0.6930339932441711, 0.30696600675582886]","[266, 214]",0.0,0.0029375748708844185,0.016337040811777115
37000,986,53.0,53,,nnknn,480,14938,44153,7310,15750,7628,28403,161,281,0.531346,0.531346,True,"[0.7401748299598694, 0.259825199842453]","[0.612558901309967, 0.38744112849235535]","[266, 214]",0.0,0.0029375748708844185,0.016337040811777115
37176,987,176.0,176,,nnknn,480,14938,44153,7310,15750,7628,28403,161,281,0.5291166666666667,0.5291166666666667,True,"[0.34763845801353455, 0.6523615121841431]","[0.42825549840927124, 0.5717445015907288]","[266, 214]",0.0,0.0029375748708844185,0.016337040811777115
37269,988,93.0,93,91.59848022460938,nnknn,500,14986,44909,7320,16095,7666,28814,166,289,0.5279386666666667,0.5279386666666667,True,"[0.752335250377655, 0.24766480922698975]","[0.6191177368164062, 0.3808823227882385]","[274, 226]",0.0,0.0028298336546868086,0.01583794318139553
37319,989,50.0,50,,nnknn,500,14986,44909,7320,16095,7666,28814,166,289,0.5273053333333333,0.5273053333333333,True,"[0.0, 1.0]","[0.26365265250205994, 0.7363473176956177]","[274, 226]",0.0,0.0028298336546868086,0.01583794318139553
37342,990,23.0,23,,nnknn,500,14986,44909,7320,16095,7666,28814,166,289,0.527014,0.527014,True,"[0.9005897045135498, 0.09941032528877258]","[0.6894732713699341, 0.31052669882774353]","[274, 226]",0.0,0.0028298336546868086,0.01583794318139553
37461,991,119.0,119,,nnknn,500,14986,44909,7320,16095,7666,28814,166,289,0.5255066666666667,0.5255066666666667,True,"[1.0, 0.0]","[0.7372466325759888, 0.26275333762168884]","[274, 226]",0.0,0.0028298336546868086,0.01583794318139553
37508,992,47.0,47,104.94754028320312,nnknn,495,15158,45116,7470,16095,7688,29021,172,299,0.5249113333333333,0.5249113333333333,True,"[1.0, 0.0]","[0.7375442981719971, 0.26245567202568054]","[274, 221]",0.0,0.002876726910471916,0.01633785292506218
37609,993,101.0,101,,nnknn,495,15158,45116,7470,16095,7688,29021,172,299,0.523632,0.523632,True,"[1.0, 0.0]","[0.7381839752197266, 0.26181599497795105]","[274, 221]",0.0,0.002876726910471916,0.01633785292506218
37703,994,94.0,94,,nnknn,495,15158,45116,7470,16095,7688,29021,172,299,0.5224413333333333,0.5224413333333333,True,"[0.8375506401062012, 0.16244937479496002]","[0.661200225353241, 0.33879977464675903]","[274, 221]",0.0,0.002876726910471916,0.01633785292506218
37951,995,248.0,248,,nnknn,495,15158,45116,7470,16095,7688,29021,172,299,0.5193,0.5193,True,"[1.0, 0.0]","[0.7403500080108643, 0.25964999198913574]","[274, 221]",0.0,0.002876726910471916,0.01633785292506218
38052,996,101.0,101,98.09687805175781,nnknn,468,15664,45616,7945,16095,7719,29521,175,312,0.5180206666666667,0.5180206666666667,True,"[1.0, 0.0]","[0.7409896850585938, 0.25901034474372864]","[258, 210]",0.00013114903413224965,0.0030501007568091154,0.016837671399116516
38148,997,96.0,96,,nnknn,468,15664,45616,7945,16095,7719,29521,175,312,0.5168046666666666,0.5168046666666666,True,"[1.0, 0.0]","[0.7415976524353027, 0.25840234756469727]","[258, 210]",0.00013114903413224965,0.0030501007568091154,0.016837671399116516
38343,998,195.0,195,,nnknn,468,15664,45616,7945,16095,7719,29521,175,312,0.5143346666666666,0.5143346666666666,True,"[0.0, 1.0]","[0.25716733932495117, 0.7428326606750488]","[258, 210]",0.00013114903413224965,0.0030501007568091154,0.016837671399116516
38529,999,186.0,186,,nnknn,468,15664,45616,7945,16095,7719,29521,175,312,0.5119786666666666,0.5119786666666666,True,"[1.0, 0.0]","[0.7440106868743896, 0.25598934292793274]","[258, 210]",0.00013114903413224965,0.0030501007568091154,0.016837671399116516
38687,1000,158.0,158,115.37706756591797,nnknn,500,15726,46687,7956,16608,7770,30079,187,338,0.5099773333333333,0.5099773333333333,True,"[0.762922465801239, 0.2370775043964386]","[0.6288379430770874, 0.3711620271205902]","[277, 223]",0.0,0.002875453559681773,0.017337605357170105
38722,1001,35.0,35,,nnknn,500,15726,46687,7956,16608,7770,30079,187,338,0.5095339999999999,0.5095339999999999,True,"[1.0, 0.0]","[0.7452329993247986, 0.2547670006752014]","[277, 223]",0.0,0.002875453559681773,0.017337605357170105
38873,1002,151.0,151,,nnknn,500,15726,46687,7956,16608,7770,30079,187,338,0.5076213333333333,0.5076213333333333,True,"[0.0, 1.0]","[0.25381067395210266, 0.7461893558502197]","[277, 223]",0.0,0.002875453559681773,0.017337605357170105
39012,1003,139.0,139,,nnknn,500,15726,46687,7956,16608,7770,30079,187,338,0.5058606666666667,0.5058606666666667,True,"[0.9061725735664368, 0.09382742643356323]","[0.7007058262825012, 0.2992941737174988]","[277, 223]",0.0,0.002875453559681773,0.017337605357170105
39214,1004,202.0,202,115.29803466796875,nnknn,500,15804,47564,7991,17015,7813,30549,195,352,0.5033019999999999,0.5033019999999999,True,"[0.9018076062202454, 0.09819242358207703]","[0.6995770335197449, 0.3004229664802551]","[286, 214]",0.0,0.002919654594734311,0.017837559804320335
39284,1005,70.0,70,,nnknn,500,15804,47564,7991,17015,7813,30549,195,352,0.5024153333333333,0.5024153333333333,True,"[1.0, 0.0]","[0.748792290687561, 0.2512076795101166]","[286, 214]",0.0,0.002919654594734311,0.017837559804320335
39375,1006,91.0,91,,nnknn,500,15804,47564,7991,17015,7813,30549,195,352,0.5012626666666666,0.5012626666666666,True,"[0.37572264671325684, 0.6242773532867432]","[0.438018262386322, 0.5619817972183228]","[286, 214]",0.0,0.002919654594734311,0.017837559804320335
39548,1007,173.0,173,,nnknn,500,15804,47564,7991,17015,7813,30549,195,352,0.4990713333333333,0.4990713333333333,True,"[0.4091383218765259, 0.5908617377281189]","[0.454484760761261, 0.545515239238739]","[286, 214]",0.0,0.002919654594734311,0.017837559804320335
39647,1008,99.0,99,99.44902038574219,nnknn,479,16209,47958,8366,17015,7843,30943,196,361,0.49781733333333333,0.49781733333333333,True,"[0.9111008644104004, 0.08889910578727722]","[0.7064477205276489, 0.2935522496700287]","[279, 200]",0.0,0.0030593862757086754,0.018337540328502655
39797,1009,150.0,150,,nnknn,479,16209,47958,8366,17015,7843,30943,196,361,0.4959173333333333,0.4959173333333333,True,"[1.0, 0.0]","[0.7520413398742676, 0.24795866012573242]","[279, 200]",0.0,0.0030593862757086754,0.018337540328502655
40013,1010,216.0,216,,nnknn,479,16209,47958,8366,17015,7843,30943,196,361,0.49318133333333336,0.49318133333333336,True,"[0.45805037021636963, 0.5419496297836304]","[0.4787391424179077, 0.5212608575820923]","[279, 200]",0.0,0.0030593862757086754,0.018337540328502655
40200,1011,187.0,187,,nnknn,479,16209,47958,8366,17015,7843,30943,196,361,0.4908126666666667,0.4908126666666667,True,"[1.0, 0.0]","[0.7545936703681946, 0.24540632963180542]","[279, 200]",0.0,0.0030593862757086754,0.018337540328502655
40271,1012,71.0,71,109.72441101074219,nnknn,500,16254,49046,8375,17520,7879,31526,197,366,0.4899133333333333,0.4899133333333333,True,"[0.0, 1.0]","[0.24495667219161987, 0.7550433278083801]","[289, 211]",0.0,0.002930891001597047,0.018837466835975647
40292,1013,21.0,21,,nnknn,500,16254,49046,8375,17520,7879,31526,197,366,0.4896473333333333,0.4896473333333333,True,"[0.0, 1.0]","[0.2448236644268036, 0.755176305770874]","[289, 211]",0.0,0.002930891001597047,0.018837466835975647
40376,1014,84.0,84,,nnknn,500,16254,49046,8375,17520,7879,31526,197,366,0.48858333333333337,0.48858333333333337,True,"[1.0, 0.0]","[0.7557083368301392, 0.24429166316986084]","[289, 211]",0.0,0.002930891001597047,0.018837466835975647
40417,1015,41.0,41,,nnknn,500,16254,49046,8375,17520,7879,31526,197,366,0.48806399999999994,0.48806399999999994,True,"[0.0, 1.0]","[0.24403199553489685, 0.7559679746627808]","[289, 211]",0.0,0.002930891001597047,0.018837466835975647
40512,1016,95.0,95,97.55669403076172,nnknn,500,16286,49408,8393,17661,7893,31747,203,372,0.4868606666666666,0.4868606666666666,True,"[0.0, 1.0]","[0.24343033134937286, 0.7565696835517883]","[294, 206]",0.0,0.002923465333878994,0.019337458536028862
40608,1017,96.0,96,,nnknn,500,16286,49408,8393,17661,7893,31747,203,372,0.4856446666666666,0.4856446666666666,True,"[0.08377330005168915, 0.9162267446517944]","[0.28591156005859375, 0.7140884399414062]","[294, 206]",0.0,0.002923465333878994,0.019337458536028862
40747,1018,139.0,139,,nnknn,500,16286,49408,8393,17661,7893,31747,203,372,0.483884,0.483884,True,"[0.7970956563949585, 0.2029043436050415]","[0.6533358693122864, 0.3466641902923584]","[294, 206]",0.0,0.002923465333878994,0.019337458536028862
40768,1019,21.0,21,,nnknn,500,16286,49408,8393,17661,7893,31747,203,372,0.483618,0.483618,True,"[0.11081480234861374, 0.8891852498054504]","[0.2990317642688751, 0.7009682059288025]","[294, 206]",0.0,0.002923465333878994,0.019337458536028862
40783,1020,15.0,15,102.4366455078125,nnknn,492,16495,49662,8593,17661,7902,32001,210,380,0.48342799999999997,0.48342799999999997,True,"[0.0, 1.0]","[0.2417140007019043, 0.7582859992980957]","[285, 207]",0.0,0.002956224139779806,0.018837466835975647
40856,1021,73.0,73,,nnknn,492,16495,49662,8593,17661,7902,32001,210,380,0.4825033333333333,0.4825033333333333,True,"[1.0, 0.0]","[0.7587483525276184, 0.24125166237354279]","[285, 207]",0.0,0.002956224139779806,0.018837466835975647
40953,1022,97.0,97,,nnknn,492,16495,49662,8593,17661,7902,32001,210,380,0.48127466666666663,0.48127466666666663,True,"[1.0, 0.0]","[0.7593626976013184, 0.24063733220100403]","[285, 207]",0.0,0.002956224139779806,0.018837466835975647
40967,1023,14.0,14,,nnknn,492,16495,49662,8593,17661,7902,32001,210,380,0.4810973333333334,0.4810973333333334,True,"[0.0, 1.0]","[0.24054867029190063, 0.7594513297080994]","[285, 207]",0.0,0.002956224139779806,0.018837466835975647
40994,1024,27.0,27,86.66364288330078,nnknn,500,16529,49962,8601,17778,7928,32184,211,382,0.4807553333333333,0.4807553333333333,True,"[0.0, 1.0]","[0.24037766456604004, 0.75962233543396]","[286, 214]",0.0,0.002917903009802103,0.01833750121295452
41127,1025,133.0,133,,nnknn,500,16529,49962,8601,17778,7928,32184,211,382,0.47907066666666664,0.47907066666666664,True,"[0.0, 1.0]","[0.23953533172607422, 0.7604646682739258]","[286, 214]",0.0,0.002917903009802103,0.01833750121295452
41235,1026,108.0,108,,nnknn,500,16529,49962,8601,17778,7928,32184,211,382,0.4777026666666666,0.4777026666666666,True,"[1.0, 0.0]","[0.7611486911773682, 0.23885133862495422]","[286, 214]",0.0,0.002917903009802103,0.01833750121295452
41319,1027,84.0,84,,nnknn,500,16529,49962,8601,17778,7928,32184,211,382,0.47663866666666665,0.47663866666666665,True,"[0.0, 1.0]","[0.23831933736801147, 0.7616806626319885]","[286, 214]",0.0,0.002917903009802103,0.01833750121295452
41393,1028,74.0,74,88.36383056640625,nnknn,500,16568,50604,8616,18063,7952,32541,223,400,0.4757013333333333,0.4757013333333333,True,"[0.0, 1.0]","[0.23785066604614258, 0.7621493339538574]","[287, 213]",0.0,0.0029239081777632236,0.018837448209524155
41627,1029,234.0,234,,nnknn,500,16568,50604,8616,18063,7952,32541,223,400,0.47273733333333334,0.47273733333333334,True,"[0.11042758822441101, 0.8895724415779114]","[0.2945930063724518, 0.7054070234298706]","[287, 213]",0.0,0.0029239081777632236,0.018837448209524155
41672,1030,45.0,45,,nnknn,500,16568,50604,8616,18063,7952,32541,223,400,0.4721673333333334,0.4721673333333334,True,"[1.0, 0.0]","[0.7639163136482239, 0.23608367145061493]","[287, 213]",0.0,0.0029239081777632236,0.018837448209524155
41829,1031,157.0,157,,nnknn,500,16568,50604,8616,18063,7952,32541,223,400,0.47017866666666663,0.47017866666666663,True,"[0.0, 1.0]","[0.23508933186531067, 0.7649106979370117]","[287, 213]",0.0,0.0029239081777632236,0.018837448209524155
42002,1032,173.0,173,125.30984497070312,nnknn,500,16622,51682,8642,18562,7980,33120,225,402,0.4679873333333333,0.4679873333333333,True,"[0.10740096122026443, 0.8925990462303162]","[0.2911323308944702, 0.7088676691055298]","[287, 213]",0.0,0.002942921593785286,0.019337432458996773
42099,1033,97.0,97,,nnknn,500,16622,51682,8642,18562,7980,33120,225,402,0.46675866666666666,0.46675866666666666,True,"[0.0, 1.0]","[0.2333793342113495, 0.7666206359863281]","[287, 213]",0.0,0.002942921593785286,0.019337432458996773
42112,1034,13.0,13,,nnknn,500,16622,51682,8642,18562,7980,33120,225,402,0.46659399999999995,0.46659399999999995,True,"[1.0, 0.0]","[0.7667030096054077, 0.23329700529575348]","[287, 213]",0.0,0.002942921593785286,0.019337432458996773
42304,1035,192.0,192,,nnknn,500,16622,51682,8642,18562,7980,33120,225,402,0.46416199999999996,0.46416199999999996,True,"[0.09343958646059036, 0.9065604209899902]","[0.2821494936943054, 0.7178505659103394]","[287, 213]",0.0,0.002942921593785286,0.019337432458996773
42405,1036,101.0,101,106.4432601928711,nnknn,500,16647,52352,8652,18887,7995,33465,240,445,0.46288266666666666,0.46288266666666666,True,"[0.0, 1.0]","[0.23144133388996124, 0.7685586810112]","[285, 215]",0.0,0.002926817862316966,0.019837399944663048
42539,1037,134.0,134,,nnknn,500,16647,52352,8652,18887,7995,33465,240,445,0.46118533333333334,0.46118533333333334,True,"[0.2866235673427582, 0.7133764624595642]","[0.3850296437740326, 0.614970326423645]","[285, 215]",0.0,0.002926817862316966,0.019837399944663048
42688,1038,149.0,149,,nnknn,500,16647,52352,8652,18887,7995,33465,240,445,0.459298,0.459298,True,"[0.08708693087100983, 0.9129130840301514]","[0.2767370939254761, 0.7232629060745239]","[285, 215]",0.0,0.002926817862316966,0.019837399944663048
42778,1039,90.0,90,,nnknn,500,16647,52352,8652,18887,7995,33465,240,445,0.45815799999999995,0.45815799999999995,True,"[0.07574213296175003, 0.9242578744888306]","[0.27011924982070923, 0.7298807501792908]","[285, 215]",0.0,0.002926817862316966,0.019837399944663048
42903,1040,125.0,125,103.83452606201172,nnknn,500,16685,53192,8665,19274,8020,33918,247,465,0.4565746666666667,0.4565746666666667,True,"[0.0, 1.0]","[0.22828733921051025, 0.7717126607894897]","[288, 212]",0.0,0.0029159870464354753,0.020337384194135666
42989,1041,86.0,86,,nnknn,500,16685,53192,8665,19274,8020,33918,247,465,0.4554853333333333,0.4554853333333333,True,"[1.0, 0.0]","[0.7722573280334473, 0.22774267196655273]","[288, 212]",0.0,0.0029159870464354753,0.020337384194135666
43250,1042,261.0,261,,nnknn,500,16685,53192,8665,19274,8020,33918,247,465,0.4521793333333334,0.4521793333333334,True,"[0.43914705514907837, 0.5608529448509216]","[0.46666350960731506, 0.5333365201950073]","[288, 212]",0.0,0.0029159870464354753,0.020337384194135666
43400,1043,150.0,150,,nnknn,500,16685,53192,8665,19274,8020,33918,247,465,0.45027933333333336,0.45027933333333336,True,"[0.09674177318811417, 0.903258204460144]","[0.2783206105232239, 0.7216793298721313]","[288, 212]",0.0,0.0029159870464354753,0.020337384194135666
43615,1044,215.0,215,94.62368774414062,nnknn,500,16751,54437,8696,19866,8055,34571,255,489,0.44755599999999995,0.44755599999999995,True,"[0.08396125584840775, 0.9160387516021729]","[0.270161896944046, 0.7298381328582764]","[281, 219]",0.0,0.002912109484896064,0.01983739621937275
43699,1045,84.0,84,,nnknn,500,16751,54437,8696,19866,8055,34571,255,489,0.446492,0.446492,True,"[0.0, 1.0]","[0.2232459932565689, 0.7767540216445923]","[281, 219]",0.0,0.002912109484896064,0.01983739621937275
43856,1046,157.0,157,,nnknn,500,16751,54437,8696,19866,8055,34571,255,489,0.44450333333333336,0.44450333333333336,True,"[0.0, 1.0]","[0.22225166857242584, 0.7777483463287354]","[281, 219]",0.0,0.002912109484896064,0.01983739621937275
43928,1047,72.0,72,,nnknn,500,16751,54437,8696,19866,8055,34571,255,489,0.44359133333333334,0.44359133333333334,True,"[0.09137534350156784, 0.9086246490478516]","[0.2726376950740814, 0.7273622751235962]","[281, 219]",0.0,0.002912109484896064,0.01983739621937275
44012,1048,84.0,84,99.12940216064453,nnknn,473,17098,54792,9021,19866,8077,34926,266,509,0.4425273333333333,0.4425273333333333,True,"[0.08490890264511108, 0.9150910973548889]","[0.2685980498790741, 0.7314019799232483]","[263, 210]",0.0002351178991375491,0.003075997345149517,0.020337391644716263
44127,1049,115.0,115,,nnknn,473,17098,54792,9021,19866,8077,34926,266,509,0.4410706666666666,0.4410706666666666,True,"[0.10768542438745499, 0.8923145532608032]","[0.2807238698005676, 0.7192760705947876]","[263, 210]",0.0002351178991375491,0.003075997345149517,0.020337391644716263
44292,1050,165.0,165,,nnknn,473,17098,54792,9021,19866,8077,34926,266,509,0.4389806666666667,0.4389806666666667,True,"[0.18887126445770264, 0.8111287951469421]","[0.32545074820518494, 0.6745492219924927]","[263, 210]",0.0002351178991375491,0.003075997345149517,0.020337391644716263
44458,1051,166.0,166,,nnknn,473,17098,54792,9021,19866,8077,34926,266,509,0.436878,0.436878,True,"[1.0, 0.0]","[0.781561017036438, 0.2184389978647232]","[263, 210]",0.0002351178991375491,0.003075997345149517,0.020337391644716263
44526,1052,68.0,68,91.39836120605469,nnknn,500,17142,55643,9030,20261,8112,35382,276,532,0.4360166666666666,0.4360166666666666,True,"[0.0, 1.0]","[0.21800833940505981, 0.7819916605949402]","[274, 226]",0.0,0.002912239171564579,0.019837407395243645
44707,1053,181.0,181,,nnknn,500,17142,55643,9030,20261,8112,35382,276,532,0.433724,0.433724,True,"[0.42067626118659973, 0.5793237090110779]","[0.45508086681365967, 0.5449191331863403]","[274, 226]",0.0,0.002912239171564579,0.019837407395243645
44734,1054,27.0,27,,nnknn,500,17142,55643,9030,20261,8112,35382,276,532,0.43338200000000004,0.43338200000000004,True,"[1.0, 0.0]","[0.7833089828491211, 0.2166910022497177]","[274, 226]",0.0,0.002912239171564579,0.019837407395243645
44931,1055,197.0,197,,nnknn,500,17142,55643,9030,20261,8112,35382,276,532,0.43088666666666664,0.43088666666666664,True,"[0.27889564633369446, 0.7211043834686279]","[0.3741665482521057, 0.6258334517478943]","[274, 226]",0.0,0.002912239171564579,0.019837407395243645
44977,1056,46.0,46,98.78800964355469,nnknn,492,17550,56031,9405,20261,8145,35770,286,562,0.430304,0.430304,True,"[0.0, 1.0]","[0.21515199542045593, 0.7848479747772217]","[272, 220]",0.0,0.002974793082103133,0.019337445497512817
45078,1057,101.0,101,,nnknn,492,17550,56031,9405,20261,8145,35770,286,562,0.4290246666666666,0.4290246666666666,True,"[0.8038899302482605, 0.1961100548505783]","[0.673513650894165, 0.32648634910583496]","[272, 220]",0.0,0.002974793082103133,0.019337445497512817
45196,1058,118.0,118,,nnknn,492,17550,56031,9405,20261,8145,35770,286,562,0.42752999999999997,0.42752999999999997,True,"[0.0, 1.0]","[0.2137649953365326, 0.786234974861145]","[272, 220]",0.0,0.002974793082103133,0.019337445497512817
45303,1059,107.0,107,,nnknn,492,17550,56031,9405,20261,8145,35770,286,562,0.4261746666666667,0.4261746666666667,True,"[0.09391798079013824, 0.906082034111023]","[0.266979843378067, 0.7330201864242554]","[272, 220]",0.0,0.002974793082103133,0.019337445497512817
45348,1060,45.0,45,82.16278076171875,nnknn,500,17607,56610,9418,20532,8189,36078,290,581,0.42560466666666663,0.42560466666666663,True,"[0.0, 1.0]","[0.21280233561992645, 0.7871976494789124]","[271, 229]",0.0,0.0029569303151220083,0.018837450072169304
45542,1061,194.0,194,,nnknn,500,17607,56610,9418,20532,8189,36078,290,581,0.4231473333333333,0.4231473333333333,True,"[0.08404424786567688, 0.9159557819366455]","[0.2600547969341278, 0.7399452328681946]","[271, 229]",0.0,0.0029569303151220083,0.018837450072169304
45738,1062,196.0,196,,nnknn,500,17607,56610,9418,20532,8189,36078,290,581,0.4206646666666667,0.4206646666666667,True,"[0.2827407717704773, 0.7172592282295227]","[0.3741340637207031, 0.6258659362792969]","[271, 229]",0.0,0.0029569303151220083,0.018837450072169304
45777,1063,39.0,39,,nnknn,500,17607,56610,9418,20532,8189,36078,290,581,0.4201706666666667,0.4201706666666667,True,"[0.0, 1.0]","[0.21008533239364624, 0.7899146676063538]","[271, 229]",0.0,0.0029569303151220083,0.018837450072169304
45967,1064,190.0,190,101.09388732910156,nnknn,493,18200,57157,9968,20532,8232,36625,300,610,0.417764,0.417764,True,"[0.6166346073150635, 0.3833654224872589]","[0.5679088830947876, 0.4320911467075348]","[264, 229]",0.0,0.00306458817794919,0.019337205216288567
46131,1065,164.0,164,,nnknn,493,18200,57157,9968,20532,8232,36625,300,610,0.41568666666666665,0.41568666666666665,True,"[1.0, 0.0]","[0.7921566963195801, 0.2078433334827423]","[264, 229]",0.0,0.00306458817794919,0.019337205216288567
46308,1066,177.0,177,,nnknn,493,18200,57157,9968,20532,8232,36625,300,610,0.4134446666666667,0.4134446666666667,True,"[1.0, 0.0]","[0.7932776808738708, 0.20672233402729034]","[264, 229]",0.0,0.00306458817794919,0.019337205216288567
46397,1067,89.0,89,,nnknn,493,18200,57157,9968,20532,8232,36625,300,610,0.4123173333333333,0.4123173333333333,True,"[1.0, 0.0]","[0.7938413619995117, 0.20615866780281067]","[264, 229]",0.0,0.00306458817794919,0.019337205216288567
46661,1068,264.0,264,92.051513671875,nnknn,500,18221,58401,9976,21113,8245,37288,311,628,0.4089733333333333,0.4089733333333333,True,"[0.8994065523147583, 0.1005934476852417]","[0.7360599040985107, 0.26394006609916687]","[266, 234]",0.0,0.0030295751057565212,0.019837189465761185
46693,1069,32.0,32,,nnknn,500,18221,58401,9976,21113,8245,37288,311,628,0.40856800000000004,0.40856800000000004,True,"[0.0, 1.0]","[0.20428399741649628, 0.7957159876823425]","[266, 234]",0.0,0.0030295751057565212,0.019837189465761185
46844,1070,151.0,151,,nnknn,500,18221,58401,9976,21113,8245,37288,311,628,0.40665533333333337,0.40665533333333337,True,"[0.0, 1.0]","[0.20332767069339752, 0.7966723442077637]","[266, 234]",0.0,0.0030295751057565212,0.019837189465761185
46967,1071,123.0,123,,nnknn,500,18221,58401,9976,21113,8245,37288,311,628,0.4050973333333333,0.4050973333333333,True,"[0.912071943283081, 0.08792808651924133]","[0.7451426982879639, 0.25485730171203613]","[266, 234]",0.0,0.0030295751057565212,0.019837189465761185
47170,1072,203.0,203,101.13209533691406,nnknn,500,18237,59294,9981,21520,8256,37774,317,640,0.40252599999999994,0.40252599999999994,True,"[0.0, 1.0]","[0.20126299560070038, 0.7987369894981384]","[267, 233]",0.0,0.0030820700339972973,0.020337166264653206
47362,1073,192.0,192,,nnknn,500,18237,59294,9981,21520,8256,37774,317,640,0.40009399999999995,0.40009399999999995,True,"[0.4014936089515686, 0.5985064506530762]","[0.4409053921699524, 0.5590946078300476]","[267, 233]",0.0,0.0030820700339972973,0.020337166264653206
47482,1074,120.0,120,,nnknn,500,18237,59294,9981,21520,8256,37774,317,640,0.398574,0.398574,True,"[0.0, 1.0]","[0.19928699731826782, 0.8007130026817322]","[267, 233]",0.0,0.0030820700339972973,0.020337166264653206
47593,1075,111.0,111,,nnknn,500,18237,59294,9981,21520,8256,37774,317,640,0.39716799999999997,0.39716799999999997,True,"[0.0, 1.0]","[0.19858400523662567, 0.8014159798622131]","[267, 233]",0.0,0.0030820700339972973,0.020337166264653206
47717,1076,124.0,124,82.8275375366211,nnknn,492,18759,59780,10456,21520,8303,38260,327,654,0.39559733333333336,0.39559733333333336,True,"[0.0, 1.0]","[0.19779866933822632, 0.8022013306617737]","[261, 231]",0.0,0.0031548214610666037,0.020837146788835526
47889,1077,172.0,172,,nnknn,492,18759,59780,10456,21520,8303,38260,327,654,0.3934186666666667,0.3934186666666667,True,"[0.19476714730262756, 0.8052328824996948]","[0.31485146284103394, 0.6851485967636108]","[261, 231]",0.0,0.0031548214610666037,0.020837146788835526
47964,1078,75.0,75,,nnknn,492,18759,59780,10456,21520,8303,38260,327,654,0.3924686666666667,0.3924686666666667,True,"[1.0, 0.0]","[0.8037656545639038, 0.196234330534935]","[261, 231]",0.0,0.0031548214610666037,0.020837146788835526
48035,1079,71.0,71,,nnknn,492,18759,59780,10456,21520,8303,38260,327,654,0.3915693333333333,0.3915693333333333,True,"[1.0, 0.0]","[0.8042153120040894, 0.19578467309474945]","[261, 231]",0.0,0.0031548214610666037,0.020837146788835526
48202,1080,167.0,167,85.140625,nnknn,462,19209,60207,10881,21520,8328,38687,342,687,0.38945399999999997,0.38945399999999997,True,"[0.09456448256969452, 0.9054355621337891]","[0.2524629831314087, 0.7475370764732361]","[251, 211]",0.00022312243527267128,0.003353389212861657,0.02033800631761551
48490,1081,288.0,288,,nnknn,462,19209,60207,10881,21520,8328,38687,342,687,0.385806,0.385806,True,"[0.9086340069770813, 0.09136601537466049]","[0.7509805560112, 0.24901945888996124]","[251, 211]",0.00022312243527267128,0.003353389212861657,0.02033800631761551
48682,1082,192.0,192,,nnknn,462,19209,60207,10881,21520,8328,38687,342,687,0.383374,0.383374,True,"[0.8761159777641296, 0.12388400733470917]","[0.7319229245185852, 0.2680771052837372]","[251, 211]",0.00022312243527267128,0.003353389212861657,0.02033800631761551
49008,1083,326.0,326,,nnknn,462,19209,60207,10881,21520,8328,38687,342,687,0.3792446666666667,0.3792446666666667,True,"[0.2124060094356537, 0.7875940203666687]","[0.32147449254989624, 0.6785255074501038]","[251, 211]",0.00022312243527267128,0.003353389212861657,0.02033800631761551
49194,1084,186.0,186,99.69413757324219,nnknn,500,19261,61968,10891,22372,8370,39596,355,728,0.37688866666666665,0.37688866666666665,True,"[0.881608784198761, 0.11839122325181961]","[0.737784743309021, 0.262215256690979]","[269, 231]",0.0,0.003100894158706069,0.019838102161884308
49409,1085,215.0,215,,nnknn,500,19261,61968,10891,22372,8370,39596,355,728,0.37416533333333335,0.37416533333333335,True,"[0.8200727701187134, 0.179927259683609]","[0.7003126740455627, 0.29968738555908203]","[269, 231]",0.0,0.003100894158706069,0.019838102161884308
49472,1086,63.0,63,,nnknn,500,19261,61968,10891,22372,8370,39596,355,728,0.3733673333333333,0.3733673333333333,True,"[0.0, 1.0]","[0.18668366968631744, 0.8133163452148438]","[269, 231]",0.0,0.003100894158706069,0.019838102161884308
49649,1087,177.0,177,,nnknn,500,19261,61968,10891,22372,8370,39596,355,728,0.3711253333333333,0.3711253333333333,True,"[0.0, 1.0]","[0.18556267023086548, 0.8144373297691345]","[269, 231]",0.0,0.003100894158706069,0.019838102161884308
49784,1088,135.0,135,87.8108139038086,nnknn,500,19334,62976,10922,22852,8412,40124,362,748,0.3694153333333333,0.3694153333333333,True,"[0.2007872313261032, 0.7992127537727356]","[0.3113210201263428, 0.6886789798736572]","[274, 226]",0.0,0.0031271653715521097,0.019338129088282585
49869,1089,85.0,85,,nnknn,500,19334,62976,10922,22852,8412,40124,362,748,0.3683386666666667,0.3683386666666667,True,"[1.0, 0.0]","[0.815830647945404, 0.18416933715343475]","[274, 226]",0.0,0.0031271653715521097,0.019338129088282585
50089,1090,220.0,220,,nnknn,500,19334,62976,10922,22852,8412,40124,362,748,0.365552,0.365552,True,"[0.8061108589172363, 0.19388911128044128]","[0.6942113637924194, 0.3057885766029358]","[274, 226]",0.0,0.0031271653715521097,0.019338129088282585
50315,1091,226.0,226,,nnknn,500,19334,62976,10922,22852,8412,40124,362,748,0.3626893333333333,0.3626893333333333,True,"[0.195755273103714, 0.8042446970939636]","[0.30610159039497375, 0.6938983798027039]","[274, 226]",0.0,0.0031271653715521097,0.019338129088282585
50637,1092,322.0,322,103.46321105957031,nnknn,500,19410,64473,10960,23565,8450,40908,371,779,0.35861066666666663,0.35861066666666663,True,"[0.18919676542282104, 0.8108032941818237]","[0.3006541132926941, 0.6993459463119507]","[271, 229]",0.0,0.003177399281412363,0.018838148564100266
50700,1093,63.0,63,,nnknn,500,19410,64473,10960,23565,8450,40908,371,779,0.35781266666666667,0.35781266666666667,True,"[0.0, 1.0]","[0.17890633642673492, 0.8210936784744263]","[271, 229]",0.0,0.003177399281412363,0.018838148564100266
50991,1094,291.0,291,,nnknn,500,19410,64473,10960,23565,8450,40908,371,779,0.3541266666666667,0.3541266666666667,True,"[0.8102221488952637, 0.18977788090705872]","[0.7003642320632935, 0.29963579773902893]","[271, 229]",0.0,0.003177399281412363,0.018838148564100266
51138,1095,147.0,147,,nnknn,500,19410,64473,10960,23565,8450,40908,371,779,0.35226466666666667,0.35226466666666667,True,"[0.1973290890455246, 0.802670955657959]","[0.30394935607910156, 0.6960507035255432]","[271, 229]",0.0,0.003177399281412363,0.018838148564100266
51292,1096,154.0,154,82.89025115966797,nnknn,500,19471,65610,10989,24106,8482,41504,381,806,0.350314,0.350314,True,"[0.17780917882919312, 0.8221908211708069]","[0.29067713022232056, 0.7093228697776794]","[261, 239]",0.0,0.003199721919372678,0.018338307738304138
51395,1097,103.0,103,,nnknn,500,19471,65610,10989,24106,8482,41504,381,806,0.3490093333333333,0.3490093333333333,True,"[0.8332008719444275, 0.1667991280555725]","[0.7169106006622314, 0.2830893397331238]","[261, 239]",0.0,0.003199721919372678,0.018338307738304138
51503,1098,108.0,108,,nnknn,500,19471,65610,10989,24106,8482,41504,381,806,0.34764133333333336,0.34764133333333336,True,"[0.0, 1.0]","[0.17382065951824188, 0.8261793255805969]","[261, 239]",0.0,0.003199721919372678,0.018338307738304138
51693,1099,190.0,190,,nnknn,500,19471,65610,10989,24106,8482,41504,381,806,0.3452346666666667,0.3452346666666667,True,"[0.0, 1.0]","[0.1726173311471939, 0.8273826837539673]","[261, 239]",0.0,0.003199721919372678,0.018338307738304138
51982,1100,289.0,289,73.80086517333984,nnknn,500,19538,66786,11018,24679,8520,42107,391,855,0.34157400000000004,0.34157400000000004,True,"[0.7146693468093872, 0.2853306829929352]","[0.6413438320159912, 0.3586561381816864]","[261, 239]",0.0,0.0032077599316835403,0.018838297575712204
52119,1101,137.0,137,,nnknn,500,19538,66786,11018,24679,8520,42107,391,855,0.3398386666666666,0.3398386666666666,True,"[0.0, 1.0]","[0.16991932690143585, 0.8300806879997253]","[261, 239]",0.0,0.0032077599316835403,0.018838297575712204
52423,1102,304.0,304,,nnknn,500,19538,66786,11018,24679,8520,42107,391,855,0.33598799999999995,0.33598799999999995,True,"[0.830232560634613, 0.16976743936538696]","[0.7192783355712891, 0.28072160482406616]","[261, 239]",0.0,0.0032077599316835403,0.018838297575712204
52526,1103,103.0,103,,nnknn,500,19538,66786,11018,24679,8520,42107,391,855,0.33468333333333333,0.33468333333333333,True,"[0.0, 1.0]","[0.1673416644334793, 0.8326583504676819]","[261, 239]",0.0,0.0032077599316835403,0.018838297575712204
52716,1104,190.0,190,72.46237182617188,nnknn,500,19574,68078,11031,25293,8543,42785,403,888,0.33227666666666666,0.33227666666666666,True,"[1.0, 0.0]","[0.8338616490364075, 0.16613833606243134]","[262, 238]",0.0,0.003189493902027607,0.019338294863700867
52975,1105,259.0,259,,nnknn,500,19574,68078,11031,25293,8543,42785,403,888,0.32899599999999996,0.32899599999999996,True,"[0.10188931226730347, 0.8981106877326965]","[0.23286613821983337, 0.7671338319778442]","[262, 238]",0.0,0.003189493902027607,0.019338294863700867
53207,1106,232.0,232,,nnknn,500,19574,68078,11031,25293,8543,42785,403,888,0.3260573333333333,0.3260573333333333,True,"[0.8226010799407959, 0.1773989498615265]","[0.7174146175384521, 0.28258538246154785]","[262, 238]",0.0,0.003189493902027607,0.019338294863700867
53353,1107,146.0,146,,nnknn,500,19574,68078,11031,25293,8543,42785,403,888,0.32420799999999994,0.32420799999999994,True,"[0.0936858132481575, 0.9063141942024231]","[0.2254161238670349, 0.7745838761329651]","[262, 238]",0.0,0.003189493902027607,0.019338294863700867
53462,1108,109.0,109,83.61080169677734,nnknn,456,20321,68699,11730,25293,8591,43406,417,965,0.32282733333333336,0.32282733333333336,True,"[0.09405511617660522, 0.9059448838233948]","[0.22510522603988647, 0.7748947739601135]","[235, 221]",0.0003881069424096495,0.003559594741091132,0.01983826979994774
53721,1109,259.0,259,,nnknn,456,20321,68699,11730,25293,8591,43406,417,965,0.31954666666666665,0.31954666666666665,True,"[0.8189184665679932, 0.18108150362968445]","[0.7170091271400452, 0.28299084305763245]","[235, 221]",0.0003881069424096495,0.003559594741091132,0.01983826979994774
53906,1110,185.0,185,,nnknn,456,20321,68699,11730,25293,8591,43406,417,965,0.3172033333333333,0.3172033333333333,True,"[0.8974343538284302, 0.10256566852331161]","[0.7713668346405029, 0.22863316535949707]","[235, 221]",0.0003881069424096495,0.003559594741091132,0.01983826979994774
54158,1111,252.0,252,,nnknn,456,20321,68699,11730,25293,8591,43406,417,965,0.3140113333333333,0.3140113333333333,True,"[0.7361024022102356, 0.2638975977897644]","[0.6619635820388794, 0.3380364179611206]","[235, 221]",0.0003881069424096495,0.003559594741091132,0.01983826979994774
54245,1112,87.0,87,84.50736236572266,nnknn,500,20372,69998,11739,25930,8633,44068,429,1044,0.3129093333333334,0.3129093333333334,True,"[0.8994561433792114, 0.10054382681846619]","[0.7744625806808472, 0.22553738951683044]","[257, 243]",0.0,0.0032571579795330763,0.019338663667440414
54618,1113,373.0,373,,nnknn,500,20372,69998,11739,25930,8633,44068,429,1044,0.30818466666666666,0.30818466666666666,True,"[1.0, 0.0]","[0.8459076881408691, 0.15409232676029205]","[257, 243]",0.0,0.0032571579795330763,0.019338663667440414
54825,1114,207.0,207,,nnknn,500,20372,69998,11739,25930,8633,44068,429,1044,0.30556266666666665,0.30556266666666665,True,"[0.9134494066238403, 0.08655063062906265]","[0.7871147394180298, 0.212885320186615]","[257, 243]",0.0,0.0032571579795330763,0.019338663667440414
55074,1115,249.0,249,,nnknn,500,20372,69998,11739,25930,8633,44068,429,1044,0.30240866666666666,0.30240866666666666,True,"[0.8994167447090149, 0.10058325529098511]","[0.7786296606063843, 0.22137033939361572]","[257, 243]",0.0,0.0032571579795330763,0.019338663667440414
55187,1116,113.0,113,78.82716369628906,nnknn,500,20442,71697,11774,26744,8668,44953,437,1066,0.3009773333333333,0.3009773333333333,True,"[0.9022232294082642, 0.09777678549289703]","[0.7811631560325623, 0.21883684396743774]","[262, 238]",0.0,0.0032952039036899805,0.018838683143258095
55305,1117,118.0,118,,nnknn,500,20442,71697,11774,26744,8668,44953,437,1066,0.2994826666666667,0.2994826666666667,True,"[0.0, 1.0]","[0.14974133670330048, 0.8502586483955383]","[262, 238]",0.0,0.0032952039036899805,0.018838683143258095
55515,1118,210.0,210,,nnknn,500,20442,71697,11774,26744,8668,44953,437,1066,0.2968226666666667,0.2968226666666667,True,"[0.7157614827156067, 0.2842385172843933]","[0.6517185568809509, 0.3482814133167267]","[262, 238]",0.0,0.0032952039036899805,0.018838683143258095
55613,1119,98.0,98,,nnknn,500,20442,71697,11774,26744,8668,44953,437,1066,0.29558133333333336,0.29558133333333336,True,"[0.8855092525482178, 0.11449075490236282]","[0.7715598940849304, 0.2284400910139084]","[262, 238]",0.0,0.0032952039036899805,0.018838683143258095
55985,1120,372.0,372,66.72542572021484,nnknn,500,21195,72382,11802,27429,9393,44953,449,1157,0.2908693333333333,0.2908693333333333,True,"[0.10030169039964676, 0.8996983170509338]","[0.2165616750717163, 0.7834383249282837]","[268, 232]",0.0,0.003296643728390336,0.019338659942150116
56119,1121,134.0,134,,nnknn,500,21195,72382,11802,27429,9393,44953,449,1157,0.289172,0.289172,True,"[0.0, 1.0]","[0.1445859968662262, 0.8554140329360962]","[268, 232]",0.0,0.003296643728390336,0.019338659942150116
56358,1122,239.0,239,,nnknn,500,21195,72382,11802,27429,9393,44953,449,1157,0.2861446666666667,0.2861446666666667,True,"[0.17268656194210052, 0.8273134231567383]","[0.2663455605506897, 0.7336543798446655]","[268, 232]",0.0,0.003296643728390336,0.019338659942150116
56559,1123,201.0,201,,nnknn,500,21195,72382,11802,27429,9393,44953,449,1157,0.28359866666666667,0.28359866666666667,True,"[0.17060483992099762, 0.8293951749801636]","[0.2640208601951599, 0.7359791398048401]","[268, 232]",0.0,0.003296643728390336,0.019338659942150116
56747,1124,188.0,188,64.96720123291016,nnknn,500,21232,73727,11819,28084,9413,45643,461,1191,0.2812173333333333,0.2812173333333333,True,"[1.0, 0.0]","[0.8593913316726685, 0.14060866832733154]","[264, 236]",0.0,0.0033026987221091986,0.018838679417967796
56882,1125,135.0,135,,nnknn,500,21232,73727,11819,28084,9413,45643,461,1191,0.27950733333333333,0.27950733333333333,True,"[0.8953391313552856, 0.10466091334819794]","[0.7848389148712158, 0.21516108512878418]","[264, 236]",0.0,0.0033026987221091986,0.018838679417967796
57083,1126,201.0,201,,nnknn,500,21232,73727,11819,28084,9413,45643,461,1191,0.2769613333333333,0.2769613333333333,True,"[0.3871352970600128, 0.6128647327423096]","[0.41839444637298584, 0.5816055536270142]","[264, 236]",0.0,0.0033026987221091986,0.018838679417967796
57581,1127,498.0,498,,nnknn,500,21232,73727,11819,28084,9413,45643,461,1191,0.2706533333333333,0.2706533333333333,True,"[0.9205135703086853, 0.07948639988899231]","[0.8067001700401306, 0.193299800157547]","[264, 236]",0.0,0.0033026987221091986,0.018838679417967796
57871,1128,290.0,290,83.78605651855469,nnknn,500,21301,75795,11845,29107,9456,46688,469,1227,0.26698,0.26698,True,"[1.0, 0.0]","[0.8665100336074829, 0.13348999619483948]","[271, 229]",0.0,0.0033219445031136274,0.019338665530085564
58032,1129,161.0,161,,nnknn,500,21301,75795,11845,29107,9456,46688,469,1227,0.2649406666666667,0.2649406666666667,True,"[0.2628975808620453, 0.7371024489402771]","[0.32571566104888916, 0.6742843389511108]","[271, 229]",0.0,0.0033219445031136274,0.019338665530085564
58148,1130,116.0,116,,nnknn,500,21301,75795,11845,29107,9456,46688,469,1227,0.2634713333333333,0.2634713333333333,True,"[1.0, 0.0]","[0.8682643175125122, 0.1317356675863266]","[271, 229]",0.0,0.0033219445031136274,0.019338665530085564
58268,1131,120.0,120,,nnknn,500,21301,75795,11845,29107,9456,46688,469,1227,0.2619513333333333,0.2619513333333333,True,"[0.7074430584907532, 0.2925569415092468]","[0.6531030535697937, 0.3468969464302063]","[271, 229]",0.0,0.0033219445031136274,0.019338665530085564
58388,1132,120.0,120,84.70687103271484,nnknn,500,21351,76636,11873,29497,9478,47139,476,1271,0.26043133333333335,0.26043133333333335,True,"[0.19671818614006042, 0.8032817840576172]","[0.27570226788520813, 0.7242977023124695]","[271, 229]",0.0,0.003341209376230836,0.018838679417967796
58544,1133,156.0,156,,nnknn,500,21351,76636,11873,29497,9478,47139,476,1271,0.25845533333333337,0.25845533333333337,True,"[1.0, 0.0]","[0.8707723617553711, 0.1292276680469513]","[271, 229]",0.0,0.003341209376230836,0.018838679417967796
58802,1134,258.0,258,,nnknn,500,21351,76636,11873,29497,9478,47139,476,1271,0.2551873333333333,0.2551873333333333,True,"[0.1760217398405075, 0.8239782452583313]","[0.25869688391685486, 0.7413030862808228]","[271, 229]",0.0,0.003341209376230836,0.018838679417967796
59048,1135,246.0,246,,nnknn,500,21351,76636,11873,29497,9478,47139,476,1271,0.2520713333333333,0.2520713333333333,True,"[0.09579712897539139, 0.9042028784751892]","[0.19768507778644562, 0.8023148775100708]","[271, 229]",0.0,0.003341209376230836,0.018838679417967796
59178,1136,130.0,130,76.60343170166016,nnknn,500,21384,78012,11881,30184,9503,47828,488,1347,0.25042466666666663,0.25042466666666663,True,"[0.0, 1.0]","[0.12521232664585114, 0.8747876882553101]","[266, 234]",0.0,0.0033773828763514757,0.019338665530085564
59245,1137,67.0,67,,nnknn,500,21384,78012,11881,30184,9503,47828,488,1347,0.24957600000000002,0.24957600000000002,True,"[0.2961346507072449, 0.7038654088973999]","[0.34701454639434814, 0.6529855132102966]","[266, 234]",0.0,0.0033773828763514757,0.019338665530085564
59396,1138,151.0,151,,nnknn,500,21384,78012,11881,30184,9503,47828,488,1347,0.24766333333333335,0.24766333333333335,True,"[0.1972726583480835, 0.8027273416519165]","[0.2722471356391907, 0.7277529239654541]","[266, 234]",0.0,0.0033773828763514757,0.019338665530085564
59568,1139,172.0,172,,nnknn,500,21384,78012,11881,30184,9503,47828,488,1347,0.24548466666666668,0.24548466666666668,True,"[1.0, 0.0]","[0.8772577047348022, 0.12274233251810074]","[266, 234]",0.0,0.0033773828763514757,0.019338665530085564
59732,1140,164.0,164,97.07906341552734,nnknn,500,21467,78867,11911,30615,9556,48252,501,1424,0.2434073333333333,0.2434073333333333,True,"[1.0, 0.0]","[0.8782963156700134, 0.12170366942882538]","[263, 237]",0.0,0.0034045292995870113,0.019838297739624977
60170,1141,438.0,438,,nnknn,500,21467,78867,11911,30615,9556,48252,501,1424,0.2378593333333333,0.2378593333333333,True,"[0.7384142875671387, 0.2615857422351837]","[0.6817052364349365, 0.31829479336738586]","[263, 237]",0.0,0.0034045292995870113,0.019838297739624977
60474,1142,304.0,304,,nnknn,500,21467,78867,11911,30615,9556,48252,501,1424,0.23400866666666664,0.23400866666666664,True,"[0.7739328145980835, 0.22606724500656128]","[0.7098301649093628, 0.290169894695282]","[263, 237]",0.0,0.0034045292995870113,0.019838297739624977
60694,1143,220.0,220,,nnknn,500,21467,78867,11911,30615,9556,48252,501,1424,0.23122200000000004,0.23122200000000004,True,"[0.4228516221046448, 0.5771483778953552]","[0.4406900405883789, 0.5593099594116211]","[263, 237]",0.0,0.0034045292995870113,0.019838297739624977
61042,1144,348.0,348,72.98654174804688,nnknn,500,21504,81224,11931,31836,9573,49388,519,1581,0.22681399999999996,0.22681399999999996,True,"[0.5410930514335632, 0.45890697836875916]","[0.5317725539207458, 0.46822744607925415]","[261, 239]",0.0,0.0034570940770208836,0.019338317215442657
61405,1145,363.0,363,,nnknn,500,21504,81224,11931,31836,9573,49388,519,1581,0.22221599999999997,0.22221599999999997,True,"[0.7221749424934387, 0.27782511711120605]","[0.6728041172027588, 0.3271959125995636]","[261, 239]",0.0,0.0034570940770208836,0.019338317215442657
61538,1146,133.0,133,,nnknn,500,21504,81224,11931,31836,9573,49388,519,1581,0.2205313333333333,0.2205313333333333,True,"[0.2570130228996277, 0.7429870367050171]","[0.31059926748275757, 0.6894007921218872]","[261, 239]",0.0,0.0034570940770208836,0.019338317215442657
61855,1147,317.0,317,,nnknn,500,21504,81224,11931,31836,9573,49388,519,1581,0.21651600000000004,0.21651600000000004,True,"[0.09441673755645752, 0.9055832624435425]","[0.18223199248313904, 0.8177679777145386]","[261, 239]",0.0,0.0034570940770208836,0.019338317215442657
62071,1148,216.0,216,70.65411376953125,nnknn,500,21596,82957,11962,32722,9634,50235,534,1702,0.21377999999999997,0.21377999999999997,True,"[0.09595193713903427, 0.9040480852127075]","[0.18232932686805725, 0.8176707029342651]","[264, 236]",0.0,0.0034679677337408066,0.019838280975818634
62252,1149,181.0,181,,nnknn,500,21596,82957,11962,32722,9634,50235,534,1702,0.21148733333333336,0.21148733333333336,True,"[0.20419193804264069, 0.7958080768585205]","[0.26675158739089966, 0.7332483530044556]","[264, 236]",0.0,0.0034679677337408066,0.019838280975818634
62502,1150,250.0,250,,nnknn,500,21596,82957,11962,32722,9634,50235,534,1702,0.2083206666666667,0.2083206666666667,True,"[0.18741944432258606, 0.8125805258750916]","[0.252536416053772, 0.7474635243415833]","[264, 236]",0.0,0.0034679677337408066,0.019838280975818634
62671,1151,169.0,169,,nnknn,500,21596,82957,11962,32722,9634,50235,534,1702,0.20618000000000003,0.20618000000000003,True,"[1.0, 0.0]","[0.8969100117683411, 0.10309000313282013]","[264, 236]",0.0,0.0034679677337408066,0.019838280975818634
62913,1152,242.0,242,78.58810424804688,nnknn,500,21610,84499,11968,33471,9642,51028,548,1743,0.20311466666666667,0.20311466666666667,True,"[0.08532363921403885, 0.9146763682365417]","[0.16955049335956573, 0.8304494619369507]","[261, 239]",0.0,0.0034819147549569607,0.02033827267587185
63138,1153,225.0,225,,nnknn,500,21610,84499,11968,33471,9642,51028,548,1743,0.20026466666666665,0.20026466666666665,True,"[0.0, 1.0]","[0.10013233125209808, 0.8998676538467407]","[261, 239]",0.0,0.0034819147549569607,0.02033827267587185
63479,1154,341.0,341,,nnknn,500,21610,84499,11968,33471,9642,51028,548,1743,0.1959453333333333,0.1959453333333333,True,"[0.6289833784103394, 0.37101662158966064]","[0.6037096977233887, 0.39629030227661133]","[261, 239]",0.0,0.0034819147549569607,0.02033827267587185
63836,1155,357.0,357,,nnknn,500,21610,84499,11968,33471,9642,51028,548,1743,0.19142333333333328,0.19142333333333328,True,"[0.7922425866127014, 0.2077573835849762]","[0.736300528049469, 0.2636994421482086]","[261, 239]",0.0,0.0034819147549569607,0.02033827267587185
64039,1156,203.0,203,64.9195327758789,nnknn,472,22718,85530,13043,33471,9675,52059,558,1805,0.18885200000000002,0.18885200000000002,True,"[0.5043549537658691, 0.49564510583877563]","[0.5035324692726135, 0.4964675307273865]","[239, 233]",0.0003341535630170256,0.003687991527840495,0.01983829028904438
64136,1157,97.0,97,,nnknn,472,22718,85530,13043,33471,9675,52059,558,1805,0.18762333333333336,0.18762333333333336,True,"[0.7046826481819153, 0.2953173816204071]","[0.6662794351577759, 0.3337206244468689]","[239, 233]",0.0003341535630170256,0.003687991527840495,0.01983829028904438
64250,1158,114.0,114,,nnknn,472,22718,85530,13043,33471,9675,52059,558,1805,0.18617933333333336,0.18617933333333336,True,"[0.7170426845550537, 0.2829573452472687]","[0.6766338348388672, 0.3233662247657776]","[239, 233]",0.0003341535630170256,0.003687991527840495,0.01983829028904438
64343,1159,93.0,93,,nnknn,472,22718,85530,13043,33471,9675,52059,558,1805,0.18500133333333335,0.18500133333333335,True,"[0.6216303706169128, 0.37836962938308716]","[0.5991286039352417, 0.4008713960647583]","[239, 233]",0.0003341535630170256,0.003687991527840495,0.01983829028904438
64503,1160,160.0,160,112.65155792236328,nnknn,500,22751,86238,13053,33779,9698,52459,566,1846,0.18297466666666662,0.18297466666666662,True,"[0.9077537059783936, 0.09224631637334824]","[0.8331450819969177, 0.16685491800308228]","[256, 244]",0.0,0.003461393527686596,0.020338287577033043
64725,1161,222.0,222,,nnknn,500,22751,86238,13053,33779,9698,52459,566,1846,0.1801626666666667,0.1801626666666667,True,"[0.26495689153671265, 0.7350431680679321]","[0.30730289220809937, 0.6926971673965454]","[256, 244]",0.0,0.003461393527686596,0.020338287577033043
65013,1162,288.0,288,,nnknn,500,22751,86238,13053,33779,9698,52459,566,1846,0.1765146666666667,0.1765146666666667,True,"[0.20043998956680298, 0.799560010433197]","[0.253316730260849, 0.7466832399368286]","[256, 244]",0.0,0.003461393527686596,0.020338287577033043
65194,1163,181.0,181,,nnknn,500,22751,86238,13053,33779,9698,52459,566,1846,0.174222,0.174222,True,"[0.7973971366882324, 0.20260289311408997]","[0.7455840110778809, 0.25441601872444153]","[256, 244]",0.0,0.003461393527686596,0.020338287577033043
65409,1164,215.0,215,83.63533782958984,nnknn,500,22810,87854,13083,34551,9727,53303,576,1879,0.1714986666666667,0.1714986666666667,True,"[0.9059180021286011, 0.09408202022314072]","[0.8363035917282104, 0.16369640827178955]","[263, 237]",0.0,0.003446036484092474,0.020838279277086258
65567,1165,158.0,158,,nnknn,500,22810,87854,13083,34551,9727,53303,576,1879,0.16949733333333328,0.16949733333333328,True,"[0.5728661417961121, 0.4271338880062103]","[0.5605155229568481, 0.43948450684547424]","[263, 237]",0.0,0.003446036484092474,0.020838279277086258
65958,1166,391.0,391,,nnknn,500,22810,87854,13083,34551,9727,53303,576,1879,0.16454466666666667,0.16454466666666667,True,"[0.3254030644893646, 0.6745969653129578]","[0.3541320562362671, 0.6458679437637329]","[263, 237]",0.0,0.003446036484092474,0.020838279277086258
66423,1167,465.0,465,,nnknn,500,22810,87854,13083,34551,9727,53303,576,1879,0.1586546666666666,0.1586546666666666,True,"[0.6068946719169617, 0.3931053578853607]","[0.589935302734375, 0.410064697265625]","[263, 237]",0.0,0.003446036484092474,0.020838279277086258
66644,1168,221.0,221,55.08966064453125,nnknn,500,22873,89966,13109,35670,9764,54296,591,2084,0.15585533333333335,0.15585533333333335,True,"[0.7006042003631592, 0.2993957996368408]","[0.6693390011787415, 0.3306610584259033]","[260, 240]",0.0,0.003455116879194975,0.020338287577033043
66880,1169,236.0,236,,nnknn,500,22873,89966,13109,35670,9764,54296,591,2084,0.15286599999999995,0.15286599999999995,True,"[0.34694045782089233, 0.6530595421791077]","[0.3703380525112152, 0.6296619176864624]","[260, 240]",0.0,0.003455116879194975,0.020338287577033043
67175,1170,295.0,295,,nnknn,500,22873,89966,13109,35670,9764,54296,591,2084,0.14912933333333334,0.14912933333333334,True,"[0.9109333753585815, 0.08906668424606323]","[0.8496510982513428, 0.15034890174865723]","[260, 240]",0.0,0.003455116879194975,0.020338287577033043
67317,1171,142.0,142,,nnknn,500,22873,89966,13109,35670,9764,54296,591,2084,0.1473306666666666,0.1473306666666666,True,"[0.715111255645752, 0.28488871455192566]","[0.6834187507629395, 0.31658121943473816]","[260, 240]",0.0,0.003455116879194975,0.020338287577033043
67799,1172,482.0,482,70.15325164794922,nnknn,500,22937,91983,13135,36693,9802,55290,604,2207,0.1412253333333333,0.1412253333333333,True,"[0.1333121508359909, 0.8666878342628479]","[0.18509776890277863, 0.8149022459983826]","[263, 237]",0.0,0.0034619627986103296,0.019838299602270126
68061,1173,262.0,262,,nnknn,500,22937,91983,13135,36693,9802,55290,604,2207,0.13790666666666662,0.13790666666666662,True,"[0.8163563013076782, 0.18364374339580536]","[0.772728681564331, 0.22727137804031372]","[263, 237]",0.0,0.0034619627986103296,0.019838299602270126
68504,1174,443.0,443,,nnknn,500,22937,91983,13135,36693,9802,55290,604,2207,0.13229533333333332,0.13229533333333332,True,"[0.22877180576324463, 0.7712282538414001]","[0.2646540403366089, 0.7353460192680359]","[263, 237]",0.0,0.0034619627986103296,0.019838299602270126
68771,1175,267.0,267,,nnknn,500,22937,91983,13135,36693,9802,55290,604,2207,0.12891333333333332,0.12891333333333332,True,"[0.2332121580839157, 0.7667878270149231]","[0.26760464906692505, 0.7323952913284302]","[263, 237]",0.0,0.0034619627986103296,0.019838299602270126
69058,1176,287.0,287,54.966453552246094,nnknn,471,24168,93013,14335,36693,9833,56320,619,2405,0.125278,0.125278,True,"[0.2957580089569092, 0.7042419910430908]","[0.3213450312614441, 0.6786549687385559]","[244, 227]",1.0817730355938693e-07,0.003709208918735385,0.020338283851742744
69233,1177,175.0,175,,nnknn,471,24168,93013,14335,36693,9833,56320,619,2405,0.12306133333333336,0.12306133333333336,True,"[0.20012550055980682, 0.799874484539032]","[0.23702844977378845, 0.7629715204238892]","[244, 227]",1.0817730355938693e-07,0.003709208918735385,0.020338283851742744
69733,1178,500.0,500,,nnknn,471,24168,93013,14335,36693,9833,56320,619,2405,0.11672799999999994,0.11672799999999994,True,"[0.8127379417419434, 0.18726205825805664]","[0.7762326598167419, 0.22376734018325806]","[244, 227]",1.0817730355938693e-07,0.003709208918735385,0.020338283851742744
70229,1179,496.0,496,,nnknn,471,24168,93013,14335,36693,9833,56320,619,2405,0.11044533333333328,0.11044533333333328,True,"[0.9009119868278503, 0.09908806532621384]","[0.856633186340332, 0.14336691796779633]","[244, 227]",1.0817730355938693e-07,0.003709208918735385,0.020338283851742744
70582,1180,353.0,353,54.97721481323242,nnknn,500,24224,95813,14354,38087,9870,57726,630,2486,0.10597400000000001,0.10597400000000001,True,"[0.9085608720779419, 0.0914391577243805]","[0.8652639985084534, 0.13473598659038544]","[264, 236]",0.0,0.003485939232632518,0.02071092650294304
70932,1181,350.0,350,,nnknn,500,24224,95813,14354,38087,9870,57726,630,2486,0.10154066666666661,0.10154066666666661,True,"[0.08634243160486221, 0.913657546043396]","[0.12834548950195312, 0.8716544508934021]","[264, 236]",0.0,0.003485939232632518,0.02071092650294304
71156,1182,224.0,224,,nnknn,500,24224,95813,14354,38087,9870,57726,630,2486,0.09870333333333337,0.09870333333333337,True,"[0.6002088785171509, 0.3997911512851715]","[0.590317964553833, 0.40968209505081177]","[264, 236]",0.0,0.003485939232632518,0.02071092650294304
71417,1183,261.0,261,,nnknn,500,24224,95813,14354,38087,9870,57726,630,2486,0.09539733333333333,0.09539733333333333,True,"[0.1783934235572815, 0.8216066360473633]","[0.20907382667064667, 0.7909262180328369]","[264, 236]",0.0,0.003485939232632518,0.02071092650294304
71765,1184,348.0,348,66.84283447265625,nnknn,500,24293,97887,14380,39171,9913,58716,643,2636,0.09098933333333337,0.09098933333333337,True,"[0.187946617603302, 0.8120534420013428]","[0.21634015440940857, 0.7836598753929138]","[262, 238]",0.0,0.0035328567028045654,0.02021099627017975
71964,1185,199.0,199,,nnknn,500,24293,97887,14380,39171,9913,58716,643,2636,0.08846866666666664,0.08846866666666664,True,"[0.7292352914810181, 0.27076470851898193]","[0.7089551687240601, 0.29104483127593994]","[262, 238]",0.0,0.0035328567028045654,0.02021099627017975
72138,1186,174.0,174,,nnknn,500,24293,97887,14380,39171,9913,58716,643,2636,0.08626466666666666,0.08626466666666666,True,"[0.17628178000450134, 0.823718249797821]","[0.20420722663402557, 0.795792818069458]","[262, 238]",0.0,0.0035328567028045654,0.02021099627017975
72314,1187,176.0,176,,nnknn,500,24293,97887,14380,39171,9913,58716,643,2636,0.08403533333333335,0.08403533333333335,True,"[0.9038273692131042, 0.09617265313863754]","[0.8698916435241699, 0.13010841608047485]","[262, 238]",0.0,0.0035328567028045654,0.02021099627017975
72627,1188,313.0,313,76.2452621459961,nnknn,500,24333,99412,14394,39924,9939,59488,657,2700,0.08007066666666662,0.08007066666666662,True,"[0.30558690428733826, 0.6944131255149841]","[0.3211537003517151, 0.6788462996482849]","[262, 238]",0.0,0.0034819557331502438,0.0197110828012228
73021,1189,394.0,394,,nnknn,500,24333,99412,14394,39924,9939,59488,657,2700,0.07508000000000004,0.07508000000000004,True,"[0.7072294354438782, 0.2927705943584442]","[0.6916706562042236, 0.30832937359809875]","[262, 238]",0.0,0.0034819557331502438,0.0197110828012228
73295,1190,274.0,274,,nnknn,500,24333,99412,14394,39924,9939,59488,657,2700,0.0716093333333333,0.0716093333333333,True,"[0.18224960565567017, 0.8177503943443298]","[0.2050034999847412, 0.7949965596199036]","[262, 238]",0.0,0.0034819557331502438,0.0197110828012228
73627,1191,332.0,332,,nnknn,500,24333,99412,14394,39924,9939,59488,657,2700,0.06740400000000002,0.06740400000000002,True,"[0.7944997549057007, 0.20550021529197693]","[0.7746492624282837, 0.22535067796707153]","[262, 238]",0.0,0.0034819557331502438,0.0197110828012228
73857,1192,230.0,230,65.00318145751953,nnknn,500,24377,101653,14410,41047,9967,60606,667,2784,0.0644906666666667,0.0644906666666667,True,"[0.36718815565109253, 0.6328118443489075]","[0.3757532835006714, 0.6242467164993286]","[271, 229]",0.0,0.003451018128544092,0.01921113021671772
74357,1193,500.0,500,,nnknn,500,24377,101653,14410,41047,9967,60606,667,2784,0.05815733333333328,0.05815733333333328,True,"[0.593219518661499, 0.40678054094314575]","[0.5877981185913086, 0.4122019410133362]","[271, 229]",0.0,0.003451018128544092,0.01921113021671772
74647,1194,290.0,290,,nnknn,500,24377,101653,14410,41047,9967,60606,667,2784,0.05448399999999998,0.05448399999999998,True,"[0.2957773208618164, 0.7042226791381836]","[0.3069041967391968, 0.6930958032608032]","[271, 229]",0.0,0.003451018128544092,0.01921113021671772
74939,1195,292.0,292,,nnknn,500,24377,101653,14410,41047,9967,60606,667,2784,0.05078533333333335,0.05078533333333335,True,"[0.8132172226905823, 0.18678274750709534]","[0.7973104119300842, 0.20268958806991577]","[271, 229]",0.0,0.003451018128544092,0.01921113021671772
75140,1196,201.0,201,45.65585708618164,nnknn,500,24407,103969,14422,42248,9985,61721,680,2934,0.05,0.05,True,"[0.599636971950531, 0.400363028049469]","[0.5946550965309143, 0.4053448736667633]","[271, 229]",0.0,0.003424639580771327,0.018838364630937576
75640,1197,500.0,500,,nnknn,500,24407,103969,14422,42248,9985,61721,680,2934,0.05,0.05,True,"[0.2948674261569977, 0.7051326036453247]","[0.30512404441833496, 0.694875955581665]","[271, 229]",0.0,0.003424639580771327,0.018838364630937576
75840,1198,200.0,200,,nnknn,500,24407,103969,14422,42248,9985,61721,680,2934,0.05,0.05,True,"[0.8015505075454712, 0.1984494924545288]","[0.7864729762077332, 0.21352702379226685]","[271, 229]",0.0,0.003424639580771327,0.018838364630937576
76062,1199,222.0,222,,nnknn,500,24407,103969,14422,42248,9985,61721,680,2934,0.05,0.05,True,"[0.2087457925081253, 0.7912542223930359]","[0.2233085036277771, 0.7766914963722229]","[271, 229]",0.0,0.003424639580771327,0.018838364630937576
76353,1200,291.0,291,50.9232292175293,nnknn,500,24485,106053,14445,43347,10040,62706,693,3107,0.05,0.05,True,"[0.7139091491699219, 0.2860909104347229]","[0.703213632106781, 0.296786367893219]","[271, 229]",0.0,0.0034514758735895157,0.019211001694202423
76543,1201,190.0,190,,nnknn,500,24485,106053,14445,43347,10040,62706,693,3107,0.05,0.05,True,"[0.8070626258850098, 0.192937433719635]","[0.7917094826698303, 0.20829056203365326]","[271, 229]",0.0,0.0034514758735895157,0.019211001694202423
76727,1202,184.0,184,,nnknn,500,24485,106053,14445,43347,10040,62706,693,3107,0.05,0.05,True,"[0.8175028562545776, 0.18249718844890594]","[0.8016276955604553, 0.19837233424186707]","[271, 229]",0.0,0.0034514758735895157,0.019211001694202423
77025,1203,298.0,298,,nnknn,500,24485,106053,14445,43347,10040,62706,693,3107,0.05,0.05,True,"[0.26483047008514404, 0.735169529914856]","[0.27658894658088684, 0.7234110236167908]","[271, 229]",0.0,0.0034514758735895157,0.019211001694202423
77305,1204,280.0,280,62.29206848144531,nnknn,464,25412,106796,15320,43347,10092,63449,708,3264,0.05,0.05,True,"[0.5108357071876526, 0.489164263010025]","[0.5102939009666443, 0.48970603942871094]","[257, 207]",0.00031002535251900554,0.0036850159522145987,0.019710969179868698
77657,1205,352.0,352,,nnknn,464,25412,106796,15320,43347,10092,63449,708,3264,0.05,0.05,True,"[0.17639239132404327, 0.8236076235771179]","[0.19257277250289917, 0.8074272274971008]","[257, 207]",0.00031002535251900554,0.0036850159522145987,0.019710969179868698
77948,1206,291.0,291,,nnknn,464,25412,106796,15320,43347,10092,63449,708,3264,0.05,0.05,True,"[0.3075518012046814, 0.6924481987953186]","[0.3171742260456085, 0.6828257441520691]","[257, 207]",0.00031002535251900554,0.0036850159522145987,0.019710969179868698
78205,1207,257.0,257,,nnknn,464,25412,106796,15320,43347,10092,63449,708,3264,0.05,0.05,True,"[0.2837064564228058, 0.7162935733795166]","[0.29452112317085266, 0.705478847026825]","[257, 207]",0.00031002535251900554,0.0036850159522145987,0.019710969179868698
78402,1208,197.0,197,62.10254669189453,nnknn,500,25451,108666,15322,44288,10129,64378,722,3395,0.05,0.05,True,"[0.52659010887146, 0.47340989112854004]","[0.5252605676651001, 0.4747394025325775]","[273, 227]",0.0,0.003392240032553673,0.01999335177242756
78782,1209,380.0,380,,nnknn,500,25451,108666,15322,44288,10129,64378,722,3395,0.05,0.05,True,"[0.20561465620994568, 0.7943853735923767]","[0.22033393383026123, 0.7796660661697388]","[273, 227]",0.0,0.003392240032553673,0.01999335177242756
79112,1210,330.0,330,,nnknn,500,25451,108666,15322,44288,10129,64378,722,3395,0.05,0.05,True,"[0.28131625056266785, 0.7186837792396545]","[0.29225045442581177, 0.7077495455741882]","[273, 227]",0.0,0.003392240032553673,0.01999335177242756
79571,1211,459.0,459,,nnknn,500,25451,108666,15322,44288,10129,64378,722,3395,0.05,0.05,True,"[0.2282060980796814, 0.7717939615249634]","[0.24179579317569733, 0.7582042217254639]","[273, 227]",0.0,0.003392240032553673,0.01999335177242756
79894,1212,323.0,323,46.75651168823242,nnknn,465,28101,108666,16747,44288,11354,64378,735,3687,0.05,0.05,True,"[0.286364883184433, 0.7136350870132446]","[0.29704663157463074, 0.7029532790184021]","[252, 213]",0.00042846699943766,0.003639318747445941,0.020493343472480774
80226,1213,332.0,332,,nnknn,465,28101,108666,16747,44288,11354,64378,735,3687,0.05,0.05,True,"[1.0, 0.0]","[0.9749999642372131, 0.02500000037252903]","[252, 213]",0.00042846699943766,0.003639318747445941,0.020493343472480774
80524,1214,298.0,298,,nnknn,465,28101,108666,16747,44288,11354,64378,735,3687,0.05,0.05,True,"[0.41352027654647827, 0.5864797830581665]","[0.4178442656993866, 0.5821557641029358]","[252, 213]",0.00042846699943766,0.003639318747445941,0.020493343472480774
81024,1215,500.0,500,,nnknn,465,28101,108666,16747,44288,11354,64378,735,3687,0.05,0.05,True,"[0.40733328461647034, 0.592666745185852]","[0.41196662187576294, 0.5880333781242371]","[252, 213]",0.00042846699943766,0.003639318747445941,0.020493343472480774
81281,1216,257.0,257,52.2392578125,nnknn,500,28153,111125,16768,45547,11385,65578,749,3818,0.05,0.05,True,"[0.5899863243103027, 0.41001367568969727]","[0.5854869484901428, 0.4145129919052124]","[256, 244]",0.0,0.0033770306035876274,0.020211048424243927
81709,1217,428.0,428,,nnknn,500,28153,111125,16768,45547,11385,65578,749,3818,0.05,0.05,True,"[0.0991181954741478, 0.900881826877594]","[0.11916228383779526, 0.8808376789093018]","[256, 244]",0.0,0.0033770306035876274,0.020211048424243927
82031,1218,322.0,322,,nnknn,500,28153,111125,16768,45547,11385,65578,749,3818,0.05,0.05,True,"[0.2004348337650299, 0.7995651960372925]","[0.21541309356689453, 0.7845869064331055]","[256, 244]",0.0,0.0033770306035876274,0.020211048424243927
82498,1219,467.0,467,,nnknn,500,28153,111125,16768,45547,11385,65578,749,3818,0.05,0.05,True,"[0.5041525959968567, 0.4958474636077881]","[0.5039449334144592, 0.49605509638786316]","[256, 244]",0.0,0.0033770306035876274,0.020211048424243927
82952,1220,454.0,454,57.22520065307617,nnknn,500,29386,112649,16802,47071,12584,65578,767,4334,0.05,0.05,True,"[0.26198315620422363, 0.7380168437957764]","[0.27388399839401245, 0.7261159420013428]","[263, 237]",0.0,0.003417086321860552,0.019711077213287354
83285,1221,333.0,333,,nnknn,500,29386,112649,16802,47071,12584,65578,767,4334,0.05,0.05,True,"[0.3161728084087372, 0.6838272213935852]","[0.3253641724586487, 0.6746358275413513]","[263, 237]",0.0,0.003417086321860552,0.019711077213287354
83785,1222,500.0,500,,nnknn,500,29386,112649,16802,47071,12584,65578,767,4334,0.05,0.05,True,"[0.40045249462127686, 0.5995475053787231]","[0.405429869890213, 0.5945701003074646]","[263, 237]",0.0,0.003417086321860552,0.019711077213287354
84058,1223,273.0,273,,nnknn,500,29386,112649,16802,47071,12584,65578,767,4334,0.05,0.05,True,"[0.18571420013904572, 0.8142858147621155]","[0.20142848789691925, 0.7985714673995972]","[263, 237]",0.0,0.003417086321860552,0.019711077213287354
84267,1224,209.0,209,41.64760208129883,nnknn,500,29407,114938,16816,48303,12591,66635,781,4541,0.05,0.05,True,"[0.7100485563278198, 0.28995150327682495]","[0.6995460987091064, 0.30045393109321594]","[262, 238]",0.0,0.003390951082110405,0.01921110413968563
84594,1225,327.0,327,,nnknn,500,29407,114938,16816,48303,12591,66635,781,4541,0.05,0.05,True,"[0.09154970943927765, 0.9084503054618835]","[0.11197222024202347, 0.8880277276039124]","[262, 238]",0.0,0.003390951082110405,0.01921110413968563
84862,1226,268.0,268,,nnknn,500,29407,114938,16816,48303,12591,66635,781,4541,0.05,0.05,True,"[0.09358347952365875, 0.9064165353775024]","[0.11390430480241776, 0.8860957026481628]","[262, 238]",0.0,0.003390951082110405,0.01921110413968563
85204,1227,342.0,342,,nnknn,500,29407,114938,16816,48303,12591,66635,781,4541,0.05,0.05,True,"[0.1879526674747467, 0.8120473623275757]","[0.20355503261089325, 0.7964449524879456]","[262, 238]",0.0,0.003390951082110405,0.01921110413968563
85490,1228,286.0,286,67.00887298583984,nnknn,500,29422,117107,16821,49396,12601,67711,793,4678,0.05,0.05,True,"[0.2884351313114166, 0.7115648984909058]","[0.2990133762359619, 0.7009866237640381]","[260, 240]",0.0,0.0033756126649677753,0.01949385181069374
85703,1229,213.0,213,,nnknn,500,29422,117107,16821,49396,12601,67711,793,4678,0.05,0.05,True,"[0.4159872531890869, 0.5840127468109131]","[0.42018789052963257, 0.5798120498657227]","[260, 240]",0.0,0.0033756126649677753,0.01949385181069374
86182,1230,479.0,479,,nnknn,500,29422,117107,16821,49396,12601,67711,793,4678,0.05,0.05,True,"[0.5366488099098206, 0.46335121989250183]","[0.534816324710846, 0.46518364548683167]","[260, 240]",0.0,0.0033756126649677753,0.01949385181069374
86592,1231,410.0,410,,nnknn,500,29422,117107,16821,49396,12601,67711,793,4678,0.05,0.05,True,"[0.2855476140975952, 0.7144523859024048]","[0.2962702214717865, 0.7037297487258911]","[260, 240]",0.0,0.0033756126649677753,0.01949385181069374
87092,1232,500.0,500,51.278343200683594,nnknn,474,31009,118413,18371,49396,12638,69017,806,4937,0.05,0.05,True,"[0.5631474256515503, 0.4368526339530945]","[0.5599900484085083, 0.4400100111961365]","[245, 229]",2.378686332349389e-07,0.0036053440999239683,0.019993849098682404
87592,1233,500.0,500,,nnknn,474,31009,118413,18371,49396,12638,69017,806,4937,0.05,0.05,True,"[0.5091022849082947, 0.49089768528938293]","[0.5086471438407898, 0.49135279655456543]","[245, 229]",2.378686332349389e-07,0.0036053440999239683,0.019993849098682404
87945,1234,353.0,353,,nnknn,474,31009,118413,18371,49396,12638,69017,806,4937,0.05,0.05,True,"[0.642238199710846, 0.35776183009147644]","[0.6351262331008911, 0.3648737370967865]","[245, 229]",2.378686332349389e-07,0.0036053440999239683,0.019993849098682404
88147,1235,202.0,202,,nnknn,474,31009,118413,18371,49396,12638,69017,806,4937,0.05,0.05,True,"[0.3778592348098755, 0.6221407651901245]","[0.38396626710891724, 0.616033673286438]","[245, 229]",2.378686332349389e-07,0.0036053440999239683,0.019993849098682404
88391,1236,244.0,244,60.249122619628906,nnknn,500,31083,120639,18386,50562,12697,70077,818,5117,0.05,0.05,True,"[0.4167148172855377, 0.5832852125167847]","[0.420879065990448, 0.579120934009552]","[258, 242]",0.0,0.0034226265270262957,0.020493846386671066
88825,1237,434.0,434,,nnknn,500,31083,120639,18386,50562,12697,70077,818,5117,0.05,0.05,True,"[0.7197210788726807, 0.2802789509296417]","[0.7087349891662598, 0.29126501083374023]","[258, 242]",0.0,0.0034226265270262957,0.020493846386671066
89060,1238,235.0,235,,nnknn,500,31083,120639,18386,50562,12697,70077,818,5117,0.05,0.05,True,"[0.11322055757045746, 0.8867794275283813]","[0.13255953788757324, 0.867440402507782]","[258, 242]",0.0,0.0034226265270262957,0.020493846386671066
89353,1239,293.0,293,,nnknn,500,31083,120639,18386,50562,12697,70077,818,5117,0.05,0.05,True,"[0.9071449637413025, 0.0928550437092781]","[0.8867876529693604, 0.11321228742599487]","[258, 242]",0.0,0.0034226265270262957,0.020493846386671066
89740,1240,387.0,387,63.70216751098633,nnknn,500,31155,122958,18425,51744,12730,71214,832,5296,0.05,0.05,True,"[0.75261390209198, 0.24738606810569763]","[0.7399832010269165, 0.2600167691707611]","[260, 240]",0.0,0.0034030324313789606,0.019993863999843597
89950,1241,210.0,210,,nnknn,500,31155,122958,18425,51744,12730,71214,832,5296,0.05,0.05,True,"[0.9101178050041199, 0.08988221734762192]","[0.8896118998527527, 0.11038810759782791]","[260, 240]",0.0,0.0034030324313789606,0.019993863999843597
90158,1242,208.0,208,,nnknn,500,31155,122958,18425,51744,12730,71214,832,5296,0.05,0.05,True,"[0.37636837363243103, 0.6236316561698914]","[0.3825499415397644, 0.6174500584602356]","[260, 240]",0.0,0.0034030324313789606,0.019993863999843597
90345,1243,187.0,187,,nnknn,500,31155,122958,18425,51744,12730,71214,832,5296,0.05,0.05,True,"[0.47811582684516907, 0.5218841433525085]","[0.4792100489139557, 0.5207899212837219]","[260, 240]",0.0,0.0034030324313789606,0.019993863999843597
90510,1244,165.0,165,49.146183013916016,nnknn,500,31201,124309,18442,52383,12759,71926,844,5325,0.05,0.05,True,"[0.8272607326507568, 0.17273929715156555]","[0.8108976483345032, 0.18910233676433563]","[264, 236]",0.0,0.0033911014907062054,0.020493846386671066
90774,1245,264.0,264,,nnknn,500,31201,124309,18442,52383,12759,71926,844,5325,0.05,0.05,True,"[0.7190431356430054, 0.280956894159317]","[0.7080909609794617, 0.29190903902053833]","[264, 236]",0.0,0.0033911014907062054,0.020493846386671066
90929,1246,155.0,155,,nnknn,500,31201,124309,18442,52383,12759,71926,844,5325,0.05,0.05,True,"[0.23008222877979279, 0.7699177861213684]","[0.24357812106609344, 0.7564218640327454]","[264, 236]",0.0,0.0033911014907062054,0.020493846386671066
91209,1247,280.0,280,,nnknn,500,31201,124309,18442,52383,12759,71926,844,5325,0.05,0.05,True,"[0.7898936867713928, 0.21010634303092957]","[0.7753989696502686, 0.22460103034973145]","[264, 236]",0.0,0.0033911014907062054,0.020493846386671066
91412,1248,203.0,203,47.51290512084961,nnknn,500,31263,125816,18476,53112,12787,72704,859,5421,0.05,0.05,True,"[0.19321422278881073, 0.8067858219146729]","[0.2085535079240799, 0.7914465069770813]","[258, 242]",0.0,0.003394476370885968,0.0199938602745533
91644,1249,232.0,232,,nnknn,500,31263,125816,18476,53112,12787,72704,859,5421,0.05,0.05,True,"[0.09258827567100525, 0.9074117541313171]","[0.11295885592699051, 0.8870411515235901]","[258, 242]",0.0,0.003394476370885968,0.0199938602745533
91908,1250,264.0,264,,nnknn,500,31263,125816,18476,53112,12787,72704,859,5421,0.05,0.05,True,"[0.2803569436073303, 0.7196431159973145]","[0.29133909940719604, 0.708660900592804]","[258, 242]",0.0,0.003394476370885968,0.0199938602745533
92213,1251,305.0,305,,nnknn,500,31263,125816,18476,53112,12787,72704,859,5421,0.05,0.05,True,"[0.33026233315467834, 0.669737696647644]","[0.3387492299079895, 0.6612507700920105]","[258, 242]",0.0,0.003394476370885968,0.0199938602745533
92565,1252,352.0,352,52.061031341552734,nnknn,500,31301,127776,18500,54123,12801,73653,870,5611,0.05,0.05,True,"[0.8236932754516602, 0.17630676925182343]","[0.8075085878372192, 0.19249144196510315]","[256, 244]",0.0,0.0033852283377200365,0.020493855699896812
92849,1253,284.0,284,,nnknn,500,31301,127776,18500,54123,12801,73653,870,5611,0.05,0.05,True,"[0.6452216506004333, 0.35477831959724426]","[0.6379605531692505, 0.3620394170284271]","[256, 244]",0.0,0.0033852283377200365,0.020493855699896812
93071,1254,222.0,222,,nnknn,500,31301,127776,18500,54123,12801,73653,870,5611,0.05,0.05,True,"[0.4016270935535431, 0.5983729362487793]","[0.4065457284450531, 0.5934542417526245]","[256, 244]",0.0,0.0033852283377200365,0.020493855699896812
93388,1255,317.0,317,,nnknn,500,31301,127776,18500,54123,12801,73653,870,5611,0.05,0.05,True,"[0.804297924041748, 0.19570204615592957]","[0.7890830039978027, 0.21091695129871368]","[256, 244]",0.0,0.0033852283377200365,0.020493855699896812
93556,1256,168.0,168,32.18090057373047,nnknn,500,31365,129462,18533,54974,12832,74488,884,5736,0.05,0.05,True,"[0.09168940782546997, 0.9083106517791748]","[0.11210493743419647, 0.8878951072692871]","[248, 252]",0.0,0.003380431793630123,0.020993832498788834
93815,1257,259.0,259,,nnknn,500,31365,129462,18533,54974,12832,74488,884,5736,0.05,0.05,True,"[0.7005832195281982, 0.29941678047180176]","[0.6905540227890015, 0.30944594740867615]","[248, 252]",0.0,0.003380431793630123,0.020993832498788834
94114,1258,299.0,299,,nnknn,500,31365,129462,18533,54974,12832,74488,884,5736,0.05,0.05,True,"[0.8313864469528198, 0.16861358284950256]","[0.8148170709609985, 0.18518291413784027]","[248, 252]",0.0,0.003380431793630123,0.020993832498788834
94457,1259,343.0,343,,nnknn,500,31365,129462,18533,54974,12832,74488,884,5736,0.05,0.05,True,"[0.9109463095664978, 0.089053675532341]","[0.8903989791870117, 0.1096009910106659]","[248, 252]",0.0,0.003380431793630123,0.020993832498788834
94822,1260,365.0,365,39.20866394042969,nnknn,500,31431,131641,18568,56078,12863,75563,899,5896,0.05,0.05,True,"[0.9121917486190796, 0.08780825883150101]","[0.8915821313858032, 0.10841784626245499]","[249, 251]",0.0,0.003383349161595106,0.02071072906255722
95101,1261,279.0,279,,nnknn,500,31431,131641,18568,56078,12863,75563,899,5896,0.05,0.05,True,"[0.7223173379898071, 0.2776826322078705]","[0.7112014293670654, 0.2887985110282898]","[249, 251]",0.0,0.003383349161595106,0.02071072906255722
95454,1262,353.0,353,,nnknn,500,31431,131641,18568,56078,12863,75563,899,5896,0.05,0.05,True,"[0.2956226170063019, 0.7043774127960205]","[0.30584147572517395, 0.6941584944725037]","[249, 251]",0.0,0.003383349161595106,0.02071072906255722
95845,1263,391.0,391,,nnknn,500,31431,131641,18568,56078,12863,75563,899,5896,0.05,0.05,True,"[0.6414204835891724, 0.35857948660850525]","[0.6343494057655334, 0.3656505048274994]","[249, 251]",0.0,0.003383349161595106,0.02071072906255722
96094,1264,249.0,249,37.7485237121582,nnknn,500,32681,132813,18594,57250,14087,75563,913,5992,0.05,0.05,True,"[0.6452161073684692, 0.35478389263153076]","[0.6379552483558655, 0.36204469203948975]","[249, 251]",0.0,0.0034227794967591763,0.021210473030805588
96594,1265,500.0,500,,nnknn,500,32681,132813,18594,57250,14087,75563,913,5992,0.05,0.05,True,"[0.7238232493400574, 0.276176780462265]","[0.7126320600509644, 0.28736793994903564]","[249, 251]",0.0,0.0034227794967591763,0.021210473030805588
96776,1266,182.0,182,,nnknn,500,32681,132813,18594,57250,14087,75563,913,5992,0.05,0.05,True,"[0.0, 1.0]","[0.02500000037252903, 0.9749999642372131]","[249, 251]",0.0,0.0034227794967591763,0.021210473030805588
97276,1267,500.0,500,,nnknn,500,32681,132813,18594,57250,14087,75563,913,5992,0.05,0.05,True,"[0.19881491363048553, 0.801185131072998]","[0.21387417614459991, 0.7861258387565613]","[249, 251]",0.0,0.0034227794967591763,0.021210473030805588
97484,1268,208.0,208,49.79677200317383,nnknn,500,32711,135292,18622,58538,14089,76754,925,6141,0.05,0.05,True,"[0.271231472492218, 0.728768527507782]","[0.28266990184783936, 0.7173300981521606]","[252, 248]",0.0,0.003411355661228299,0.021493803709745407
97750,1269,266.0,266,,nnknn,500,32711,135292,18622,58538,14089,76754,925,6141,0.05,0.05,True,"[0.4046149253845215, 0.5953850746154785]","[0.40938419103622437, 0.5906158089637756]","[252, 248]",0.0,0.003411355661228299,0.021493803709745407
98035,1270,285.0,285,,nnknn,500,32711,135292,18622,58538,14089,76754,925,6141,0.05,0.05,True,"[0.4906516969203949, 0.5093482732772827]","[0.4911191165447235, 0.5088808536529541]","[252, 248]",0.0,0.003411355661228299,0.021493803709745407
98315,1271,280.0,280,,nnknn,500,32711,135292,18622,58538,14089,76754,925,6141,0.05,0.05,True,"[0.21918386220932007, 0.7808161973953247]","[0.23322467505931854, 0.766775369644165]","[252, 248]",0.0,0.003411355661228299,0.021493803709745407
98545,1272,230.0,230,62.84998321533203,nnknn,500,32775,137187,18651,59451,14124,77736,935,6185,0.05,0.05,True,"[0.603107213973999, 0.39689281582832336]","[0.5979518294334412, 0.40204817056655884]","[259, 241]",0.0,0.0034108851104974747,0.021993791684508324
98814,1273,269.0,269,,nnknn,500,32775,137187,18651,59451,14124,77736,935,6185,0.05,0.05,True,"[0.17473378777503967, 0.8252662420272827]","[0.19099710881710052, 0.8090028762817383]","[259, 241]",0.0,0.0034108851104974747,0.021993791684508324
99314,1274,500.0,500,,nnknn,500,32775,137187,18651,59451,14124,77736,935,6185,0.05,0.05,True,"[0.0, 1.0]","[0.02500000037252903, 0.9749999642372131]","[259, 241]",0.0,0.0034108851104974747,0.021993791684508324
99766,1275,452.0,452,,nnknn,500,32775,137187,18651,59451,14124,77736,935,6185,0.05,0.05,True,"[0.7444301247596741, 0.2555698752403259]","[0.7322086095809937, 0.26779139041900635]","[259, 241]",0.0,0.0034108851104974747,0.021993791684508324
100250,1276,484.0,484,45.590572357177734,nnknn,456,34454,138606,20300,59451,14154,79155,949,6441,0.05,0.05,True,"[0.08819607645273209, 0.9118039608001709]","[0.10878627002239227, 0.8912137150764465]","[228, 228]",0.00034179832437075675,0.0037378184497356415,0.022493580356240273
100538,1277,288.0,288,,nnknn,456,34454,138606,20300,59451,14154,79155,949,6441,0.05,0.05,True,"[0.9076260924339294, 0.09237388521432877]","[0.8872447609901428, 0.112755186855793]","[228, 228]",0.00034179832437075675,0.0037378184497356415,0.022493580356240273
100752,1278,214.0,214,,nnknn,456,34454,138606,20300,59451,14154,79155,949,6441,0.05,0.05,True,"[0.3949640691280365, 0.6050359606742859]","[0.40021586418151855, 0.5997841358184814]","[228, 228]",0.00034179832437075675,0.0037378184497356415,0.022493580356240273
100970,1279,218.0,218,,nnknn,456,34454,138606,20300,59451,14154,79155,949,6441,0.05,0.05,True,"[0.4412742257118225, 0.5587257742881775]","[0.4442105293273926, 0.5557894706726074]","[228, 228]",0.00034179832437075675,0.0037378184497356415,0.022493580356240273
101150,1280,180.0,180,61.82457733154297,nnknn,500,34509,140131,20309,60187,14200,79944,960,6506,0.05,0.05,True,"[1.0, 0.0]","[0.9749999642372131, 0.02500000037252903]","[248, 252]",0.0,0.0034090222325176,0.022993557155132294
101418,1281,268.0,268,,nnknn,500,34509,140131,20309,60187,14200,79944,960,6506,0.05,0.05,True,"[0.09395678341388702, 0.9060432314872742]","[0.11425894498825073, 0.8857410550117493]","[248, 252]",0.0,0.0034090222325176,0.022993557155132294
101799,1282,381.0,381,,nnknn,500,34509,140131,20309,60187,14200,79944,960,6506,0.05,0.05,True,"[0.4400137662887573, 0.5599862337112427]","[0.443013072013855, 0.5569868683815002]","[248, 252]",0.0,0.0034090222325176,0.022993557155132294
102167,1283,368.0,368,,nnknn,500,34509,140131,20309,60187,14200,79944,960,6506,0.05,0.05,True,"[1.0, 0.0]","[0.9749999642372131, 0.02500000037252903]","[248, 252]",0.0,0.0034090222325176,0.022993557155132294
102667,1284,500.0,500,64.63619995117188,nnknn,500,34591,142941,20348,61561,14243,81380,969,6544,0.05,0.05,True,"[0.6059490442276001, 0.3940509557723999]","[0.6006515622138977, 0.3993484079837799]","[249, 251]",0.0,0.0034428199287503958,0.023493541404604912
103119,1285,452.0,452,,nnknn,500,34591,142941,20348,61561,14243,81380,969,6544,0.05,0.05,True,"[0.4180641174316406, 0.5819358825683594]","[0.42216092348098755, 0.5778390765190125]","[249, 251]",0.0,0.0034428199287503958,0.023493541404604912
103296,1286,177.0,177,,nnknn,500,34591,142941,20348,61561,14243,81380,969,6544,0.05,0.05,True,"[0.9156099557876587, 0.08439010381698608]","[0.8948294520378113, 0.1051705926656723]","[249, 251]",0.0,0.0034428199287503958,0.023493541404604912
103542,1287,246.0,246,,nnknn,500,34591,142941,20348,61561,14243,81380,969,6544,0.05,0.05,True,"[0.41818442940711975, 0.5818155407905579]","[0.42227521538734436, 0.5777247548103333]","[249, 251]",0.0,0.0034428199287503958,0.023493541404604912
103736,1288,194.0,194,41.39744567871094,nnknn,500,34653,144848,20383,62490,14270,82358,983,6608,0.05,0.05,True,"[0.2967788279056549, 0.7032212018966675]","[0.30693989992141724, 0.6930601000785828]","[246, 254]",0.0,0.003466363064944744,0.022993585094809532
103937,1289,201.0,201,,nnknn,500,34653,144848,20383,62490,14270,82358,983,6608,0.05,0.05,True,"[0.4284944534301758, 0.5715055465698242]","[0.43206971883773804, 0.5679302215576172]","[246, 254]",0.0,0.003466363064944744,0.022993585094809532
104152,1290,215.0,215,,nnknn,500,34653,144848,20383,62490,14270,82358,983,6608,0.05,0.05,True,"[0.21287699043750763, 0.7871230244636536]","[0.2272331416606903, 0.7727668285369873]","[246, 254]",0.0,0.003466363064944744,0.022993585094809532
104518,1291,366.0,366,,nnknn,500,34653,144848,20383,62490,14270,82358,983,6608,0.05,0.05,True,"[0.11987798660993576, 0.8801220655441284]","[0.13888408243656158, 0.8611159324645996]","[246, 254]",0.0,0.003466363064944744,0.022993585094809532
104714,1292,196.0,196,50.900691986083984,nnknn,500,34736,146435,20418,63307,14318,83128,997,6768,0.05,0.05,True,"[1.0, 0.0]","[0.9749999642372131, 0.02500000037252903]","[252, 248]",0.0,0.0034769244957715273,0.023493582382798195
104803,1293,89.0,89,,nnknn,500,34736,146435,20418,63307,14318,83128,997,6768,0.05,0.05,True,"[0.2818351686000824, 0.71816486120224]","[0.29274341464042664, 0.7072566151618958]","[252, 248]",0.0,0.0034769244957715273,0.023493582382798195
105254,1294,451.0,451,,nnknn,500,34736,146435,20418,63307,14318,83128,997,6768,0.05,0.05,True,"[0.20079810917377472, 0.7992019057273865]","[0.21575820446014404, 0.784241795539856]","[252, 248]",0.0,0.0034769244957715273,0.023493582382798195
105478,1295,224.0,224,,nnknn,500,34736,146435,20418,63307,14318,83128,997,6768,0.05,0.05,True,"[1.0, 0.0]","[0.9749999642372131, 0.02500000037252903]","[252, 248]",0.0,0.0034769244957715273,0.023493582382798195
105719,1296,241.0,241,39.51731491088867,nnknn,500,34798,148068,20446,64147,14352,83921,1011,6946,0.05,0.05,True,"[0.3375765383243561, 0.6624234914779663]","[0.34569770097732544, 0.6543022990226746]","[248, 252]",0.0,0.003519422607496381,0.023210210725665092
105976,1297,257.0,257,,nnknn,500,34798,148068,20446,64147,14352,83921,1011,6946,0.05,0.05,True,"[0.41097280383110046, 0.5890272259712219]","[0.4154241681098938, 0.5845758318901062]","[248, 252]",0.0,0.003519422607496381,0.023210210725665092
106259,1298,283.0,283,,nnknn,500,34798,148068,20446,64147,14352,83921,1011,6946,0.05,0.05,True,"[0.25282180309295654, 0.7471781969070435]","[0.26518070697784424, 0.734819233417511]","[248, 252]",0.0,0.003519422607496381,0.023210210725665092
106456,1299,197.0,197,,nnknn,500,34798,148068,20446,64147,14352,83921,1011,6946,0.05,0.05,True,"[0.3004635274410248, 0.6995365023612976]","[0.3104403614997864, 0.6895596385002136]","[248, 252]",0.0,0.003519422607496381,0.023210210725665092
106611,1300,155.0,155,35.82162094116211,nnknn,500,34815,149557,20454,64921,14361,84636,1026,7114,0.05,0.05,True,"[0.08653734624385834, 0.9134626388549805]","[0.10721047967672348, 0.8927894830703735]","[242, 258]",0.0,0.0035084865521639585,0.02349362149834633
106770,1301,159.0,159,,nnknn,500,34815,149557,20454,64921,14361,84636,1026,7114,0.05,0.05,True,"[0.8360981941223145, 0.16390180587768555]","[0.8192932605743408, 0.18070672452449799]","[242, 258]",0.0,0.0035084865521639585,0.02349362149834633
107060,1302,290.0,290,,nnknn,500,34815,149557,20454,64921,14361,84636,1026,7114,0.05,0.05,True,"[0.9111707806587219, 0.08882923424243927]","[0.8906121850013733, 0.10938777029514313]","[242, 258]",0.0,0.0035084865521639585,0.02349362149834633
107166,1303,106.0,106,,nnknn,500,34815,149557,20454,64921,14361,84636,1026,7114,0.05,0.05,True,"[0.7836720943450928, 0.21632787585258484]","[0.7694884538650513, 0.23051148653030396]","[242, 258]",0.0,0.0035084865521639585,0.02349362149834633
107397,1304,231.0,231,41.86873245239258,nnknn,500,34871,150864,20477,65560,14394,85304,1039,7199,0.05,0.05,True,"[0.8102214932441711, 0.18977847695350647]","[0.7947103977203369, 0.2052895575761795]","[247, 253]",0.0,0.0035034494940191507,0.02399361878633499
107650,1305,253.0,253,,nnknn,500,34871,150864,20477,65560,14394,85304,1039,7199,0.05,0.05,True,"[0.40137284994125366, 0.5986271500587463]","[0.4063042104244232, 0.5936957597732544]","[247, 253]",0.0,0.0035034494940191507,0.02399361878633499
107795,1306,145.0,145,,nnknn,500,34871,150864,20477,65560,14394,85304,1039,7199,0.05,0.05,True,"[0.902703046798706, 0.09729695320129395]","[0.8825678825378418, 0.11743210256099701]","[247, 253]",0.0,0.0035034494940191507,0.02399361878633499
108150,1307,355.0,355,,nnknn,500,34871,150864,20477,65560,14394,85304,1039,7199,0.05,0.05,True,"[0.5150526165962219, 0.4849473536014557]","[0.5142999887466431, 0.48569998145103455]","[247, 253]",0.0,0.0035034494940191507,0.02399361878633499
108254,1308,104.0,104,50.147438049316406,nnknn,500,34927,152246,20519,66271,14408,85975,1052,7371,0.05,0.05,True,"[0.2937615215778351, 0.7062384486198425]","[0.3040734529495239, 0.6959264874458313]","[247, 253]",0.0,0.0035332604311406612,0.023710336536169052
108365,1309,111.0,111,,nnknn,500,34927,152246,20519,66271,14408,85975,1052,7371,0.05,0.05,True,"[0.6588731408119202, 0.3411268889904022]","[0.6509294509887695, 0.34907054901123047]","[247, 253]",0.0,0.0035332604311406612,0.023710336536169052
108613,1310,248.0,248,,nnknn,500,34927,152246,20519,66271,14408,85975,1052,7371,0.05,0.05,True,"[0.29061177372932434, 0.7093881964683533]","[0.30108118057250977, 0.6989187598228455]","[247, 253]",0.0,0.0035332604311406612,0.023710336536169052
108867,1311,254.0,254,,nnknn,500,34927,152246,20519,66271,14408,85975,1052,7371,0.05,0.05,True,"[0.4477282762527466, 0.5522717237472534]","[0.4503418505191803, 0.5496581196784973]","[247, 253]",0.0,0.0035332604311406612,0.023710336536169052
109172,1312,305.0,305,43.41260528564453,nnknn,500,35003,153853,20558,67041,14445,86812,1066,7415,0.05,0.05,True,"[0.50108802318573, 0.49891194701194763]","[0.50103360414505, 0.4989663362503052]","[249, 251]",0.0,0.0035533481277525425,0.024210317060351372
109302,1313,130.0,130,,nnknn,500,35003,153853,20558,67041,14445,86812,1066,7415,0.05,0.05,True,"[0.28661394119262695, 0.713386058807373]","[0.29728323221206665, 0.7027167081832886]","[249, 251]",0.0,0.0035533481277525425,0.024210317060351372
109488,1314,186.0,186,,nnknn,500,35003,153853,20558,67041,14445,86812,1066,7415,0.05,0.05,True,"[0.10196802765130997, 0.8980319499969482]","[0.12186962366104126, 0.878130316734314]","[249, 251]",0.0,0.0035533481277525425,0.024210317060351372
109793,1315,305.0,305,,nnknn,500,35003,153853,20558,67041,14445,86812,1066,7415,0.05,0.05,True,"[0.1883181929588318, 0.8116818070411682]","[0.20390228927135468, 0.7960976958274841]","[249, 251]",0.0,0.0035533481277525425,0.024210317060351372
110055,1316,262.0,262,43.82624816894531,nnknn,500,35064,155338,20590,67745,14474,87593,1077,7488,0.05,0.05,True,"[0.6300657987594604, 0.36993417143821716]","[0.6235624551773071, 0.3764374554157257]","[251, 249]",0.0,0.0035774519201368093,0.024710265919566154
110367,1317,312.0,312,,nnknn,500,35064,155338,20590,67745,14474,87593,1077,7488,0.05,0.05,True,"[0.9097925424575806, 0.09020748734474182]","[0.8893029093742371, 0.11069711297750473]","[251, 249]",0.0,0.0035774519201368093,0.024710265919566154
110661,1318,294.0,294,,nnknn,500,35064,155338,20590,67745,14474,87593,1077,7488,0.05,0.05,True,"[0.42768168449401855, 0.5723183155059814]","[0.4312976002693176, 0.5687023401260376]","[251, 249]",0.0,0.0035774519201368093,0.024710265919566154
110928,1319,267.0,267,,nnknn,500,35064,155338,20590,67745,14474,87593,1077,7488,0.05,0.05,True,"[0.3346979320049286, 0.6653020977973938]","[0.3429630398750305, 0.6570369601249695]","[251, 249]",0.0,0.0035774519201368093,0.024710265919566154
111127,1320,199.0,199,30.84267807006836,nnknn,500,36010,156237,20611,68644,15399,87593,1091,7668,0.05,0.05,True,"[0.6213518381118774, 0.37864816188812256]","[0.6152842044830322, 0.3847157657146454]","[244, 256]",0.0,0.0035695333499461412,0.02421034686267376
111300,1321,173.0,173,,nnknn,500,36010,156237,20611,68644,15399,87593,1091,7668,0.05,0.05,True,"[0.10157428681850433, 0.8984256982803345]","[0.1214955672621727, 0.8785043954849243]","[244, 256]",0.0,0.0035695333499461412,0.02421034686267376
111536,1322,236.0,236,,nnknn,500,36010,156237,20611,68644,15399,87593,1091,7668,0.05,0.05,True,"[0.0, 1.0]","[0.02500000037252903, 0.9749999642372131]","[244, 256]",0.0,0.0035695333499461412,0.02421034686267376
111716,1323,180.0,180,,nnknn,500,36010,156237,20611,68644,15399,87593,1091,7668,0.05,0.05,True,"[0.2904735207557678, 0.7095264792442322]","[0.3009498417377472, 0.6990501284599304]","[244, 256]",0.0,0.0035695333499461412,0.02421034686267376
111835,1324,119.0,119,53.06303787231445,nnknn,500,36060,157387,20640,69196,15420,88191,1103,7724,0.05,0.05,True,"[0.8225339651107788, 0.1774660348892212]","[0.8064072132110596, 0.19359274208545685]","[239, 261]",0.0,0.003564385697245598,0.02371041290462017
112262,1325,427.0,427,,nnknn,500,36060,157387,20640,69196,15420,88191,1103,7724,0.05,0.05,True,"[0.6415596604347229, 0.3584403395652771]","[0.63448166847229, 0.36551833152770996]","[239, 261]",0.0,0.003564385697245598,0.02371041290462017
112533,1326,271.0,271,,nnknn,500,36060,157387,20640,69196,15420,88191,1103,7724,0.05,0.05,True,"[1.0, 0.0]","[0.9749999642372131, 0.02500000037252903]","[239, 261]",0.0,0.003564385697245598,0.02371041290462017
112795,1327,262.0,262,,nnknn,500,36060,157387,20640,69196,15420,88191,1103,7724,0.05,0.05,True,"[0.794084370136261, 0.2059156894683838]","[0.7793801426887512, 0.22061990201473236]","[239, 261]",0.0,0.003564385697245598,0.02371041290462017
113295,1328,500.0,500,33.16578674316406,nnknn,500,36135,159930,20673,70526,15462,89404,1117,7929,0.05,0.05,True,"[0.5812814235687256, 0.4187185764312744]","[0.5772173404693604, 0.42278265953063965]","[242, 258]",0.0,0.0035916955675929785,0.023210467770695686
113776,1329,481.0,481,,nnknn,500,36135,159930,20673,70526,15462,89404,1117,7929,0.05,0.05,True,"[0.4170713424682617, 0.5829286575317383]","[0.42121776938438416, 0.5787822008132935]","[242, 258]",0.0,0.0035916955675929785,0.023210467770695686
114158,1330,382.0,382,,nnknn,500,36135,159930,20673,70526,15462,89404,1117,7929,0.05,0.05,True,"[1.0, 0.0]","[0.9749999642372131, 0.02500000037252903]","[242, 258]",0.0,0.0035916955675929785,0.023210467770695686
114565,1331,407.0,407,,nnknn,500,36135,159930,20673,70526,15462,89404,1117,7929,0.05,0.05,True,"[0.7296277284622192, 0.2703722417354584]","[0.7181463241577148, 0.28185364603996277]","[242, 258]",0.0,0.0035916955675929785,0.023210467770695686
114952,1332,387.0,387,53.101009368896484,nnknn,500,36198,163004,20701,72031,15497,90973,1130,7982,0.05,0.05,True,"[0.7490414381027222, 0.25095853209495544]","[0.7365893125534058, 0.2634105980396271]","[248, 252]",0.0,0.0036345692351460457,0.023493599146604538
115435,1333,483.0,483,,nnknn,500,36198,163004,20701,72031,15497,90973,1130,7982,0.05,0.05,True,"[0.3913889229297638, 0.6086110472679138]","[0.39681947231292725, 0.603180468082428]","[248, 252]",0.0,0.0036345692351460457,0.023493599146604538
115598,1334,163.0,163,,nnknn,500,36198,163004,20701,72031,15497,90973,1130,7982,0.05,0.05,True,"[0.0, 1.0]","[0.02500000037252903, 0.9749999642372131]","[248, 252]",0.0,0.0036345692351460457,0.023493599146604538
115875,1335,277.0,277,,nnknn,500,36198,163004,20701,72031,15497,90973,1130,7982,0.05,0.05,True,"[0.1874251514673233, 0.8125748634338379]","[0.20305389165878296, 0.796946108341217]","[248, 252]",0.0,0.0036345692351460457,0.023493599146604538
116084,1336,209.0,209,43.182655334472656,nnknn,500,36220,165042,20715,73030,15505,92012,1144,8067,0.05,0.05,True,"[0.39442214369773865, 0.6055778861045837]","[0.3997010290622711, 0.6002989411354065]","[240, 260]",0.0,0.003606456099078059,0.02399359457194805
116389,1337,305.0,305,,nnknn,500,36220,165042,20715,73030,15505,92012,1144,8067,0.05,0.05,True,"[0.9028201103210449, 0.09717994183301926]","[0.8826790452003479, 0.1173209398984909]","[240, 260]",0.0,0.003606456099078059,0.02399359457194805
116797,1338,408.0,408,,nnknn,500,36220,165042,20715,73030,15505,92012,1144,8067,0.05,0.05,True,"[0.5942506790161133, 0.40574929118156433]","[0.5895380973815918, 0.41046181321144104]","[240, 260]",0.0,0.003606456099078059,0.02399359457194805
116959,1339,162.0,162,,nnknn,500,36220,165042,20715,73030,15505,92012,1144,8067,0.05,0.05,True,"[0.8974178433418274, 0.102582186460495]","[0.8775469064712524, 0.12245307117700577]","[240, 260]",0.0,0.003606456099078059,0.02399359457194805
117344,1340,385.0,385,40.969879150390625,nnknn,500,36286,167108,20746,74147,15540,92961,1158,8343,0.05,0.05,True,"[0.901461124420166, 0.09853886812925339]","[0.8813880085945129, 0.11861192435026169]","[249, 251]",0.0,0.0036638728342950344,0.02349359728395939
117597,1341,253.0,253,,nnknn,500,36286,167108,20746,74147,15540,92961,1158,8343,0.05,0.05,True,"[0.4797484874725342, 0.5202515125274658]","[0.4807610511779785, 0.5192389488220215]","[249, 251]",0.0,0.0036638728342950344,0.02349359728395939
118000,1342,403.0,403,,nnknn,500,36286,167108,20746,74147,15540,92961,1158,8343,0.05,0.05,True,"[1.0, 0.0]","[0.9749999642372131, 0.02500000037252903]","[249, 251]",0.0,0.0036638728342950344,0.02349359728395939
118196,1343,196.0,196,,nnknn,500,36286,167108,20746,74147,15540,92961,1158,8343,0.05,0.05,True,"[0.6469449996948242, 0.3530550003051758]","[0.6395977139472961, 0.36040225625038147]","[249, 251]",0.0,0.0036638728342950344,0.02349359728395939
118465,1344,269.0,269,53.87589645385742,nnknn,500,36395,168996,20786,75102,15609,93894,1170,8462,0.05,0.05,True,"[0.5705826282501221, 0.4294174015522003]","[0.5670534372329712, 0.4329465329647064]","[253, 247]",0.0,0.003662156406790018,0.023993590846657753
118663,1345,198.0,198,,nnknn,500,36395,168996,20786,75102,15609,93894,1170,8462,0.05,0.05,True,"[0.5846928358078003, 0.4153071939945221]","[0.5804581642150879, 0.4195418357849121]","[253, 247]",0.0,0.003662156406790018,0.023993590846657753
119155,1346,492.0,492,,nnknn,500,36395,168996,20786,75102,15609,93894,1170,8462,0.05,0.05,True,"[0.5662494897842407, 0.4337505102157593]","[0.5629369616508484, 0.43706297874450684]","[253, 247]",0.0,0.003662156406790018,0.023993590846657753
119498,1347,343.0,343,,nnknn,500,36395,168996,20786,75102,15609,93894,1170,8462,0.05,0.05,True,"[0.796442985534668, 0.20355702936649323]","[0.7816208004951477, 0.2183791846036911]","[253, 247]",0.0,0.003662156406790018,0.023993590846657753
119717,1348,219.0,219,42.84861755371094,nnknn,500,36472,171205,20818,76212,15654,94993,1183,8570,0.05,0.05,True,"[0.30031079053878784, 0.6996892690658569]","[0.3102952539920807, 0.6897047758102417]","[252, 248]",0.0,0.0037233952898532152,0.02349359542131424
120217,1349,500.0,500,,nnknn,500,36472,171205,20818,76212,15654,94993,1183,8570,0.05,0.05,True,"[0.4988897740840912, 0.5011101961135864]","[0.49894529581069946, 0.5010546445846558]","[252, 248]",0.0,0.0037233952898532152,0.02349359542131424
120417,1350,200.0,200,,nnknn,500,36472,171205,20818,76212,15654,94993,1183,8570,0.05,0.05,True,"[0.7050694227218628, 0.2949306070804596]","[0.6948159337043762, 0.3051840662956238]","[252, 248]",0.0,0.0037233952898532152,0.02349359542131424
120818,1351,401.0,401,,nnknn,500,36472,171205,20818,76212,15654,94993,1183,8570,0.05,0.05,True,"[0.18623216450214386, 0.8137678503990173]","[0.2019205540418625, 0.7980794310569763]","[252, 248]",0.0,0.0037233952898532152,0.02349359542131424
120948,1352,130.0,130,50.90456008911133,nnknn,500,36544,173409,20856,77308,15688,96101,1197,8659,0.05,0.05,True,"[0.09858144074678421, 0.9014185667037964]","[0.11865236610174179, 0.8813475966453552]","[259, 241]",0.0,0.0037742620334029198,0.02299361675977707
121155,1353,207.0,207,,nnknn,500,36544,173409,20856,77308,15688,96101,1197,8659,0.05,0.05,True,"[0.1942443996667862, 0.805755615234375]","[0.20953218638896942, 0.7904677987098694]","[259, 241]",0.0,0.0037742620334029198,0.02299361675977707
121407,1354,252.0,252,,nnknn,500,36544,173409,20856,77308,15688,96101,1197,8659,0.05,0.05,True,"[0.9006653428077698, 0.09933465719223022]","[0.8806320428848267, 0.11936791986227036]","[259, 241]",0.0,0.0037742620334029198,0.02299361675977707
121531,1355,124.0,124,,nnknn,500,36544,173409,20856,77308,15688,96101,1197,8659,0.05,0.05,True,"[0.0, 1.0]","[0.02500000037252903, 0.9749999642372131]","[259, 241]",0.0,0.0037742620334029198,0.02299361675977707
121729,1356,198.0,198,47.978702545166016,nnknn,500,36597,174642,20887,77927,15710,96715,1210,8804,0.05,0.05,True,"[0.49511590600013733, 0.5048840641975403]","[0.4953601062297821, 0.5046398639678955]","[247, 253]",0.0,0.0037982098292559385,0.023493610322475433
121959,1357,230.0,230,,nnknn,500,36597,174642,20887,77927,15710,96715,1210,8804,0.05,0.05,True,"[0.6331775784492493, 0.3668224513530731]","[0.6265186667442322, 0.3734813332557678]","[247, 253]",0.0,0.0037982098292559385,0.023493610322475433
122063,1358,104.0,104,,nnknn,500,36597,174642,20887,77927,15710,96715,1210,8804,0.05,0.05,True,"[0.9056234359741211, 0.09437655657529831]","[0.8853422403335571, 0.11465772241353989]","[247, 253]",0.0,0.0037982098292559385,0.023493610322475433
122266,1359,203.0,203,,nnknn,500,36597,174642,20887,77927,15710,96715,1210,8804,0.05,0.05,True,"[0.9004778265953064, 0.0995221808552742]","[0.880453884601593, 0.1195460706949234]","[247, 253]",0.0,0.0037982098292559385,0.023493610322475433
122455,1360,189.0,189,72.15196228027344,nnknn,500,37352,175206,20918,78491,16434,96715,1224,8853,0.05,0.05,True,"[0.5712074041366577, 0.42879265546798706]","[0.5676469802856445, 0.43235301971435547]","[248, 252]",0.0,0.003840455785393715,0.023212073370814323
122867,1361,412.0,412,,nnknn,500,37352,175206,20918,78491,16434,96715,1224,8853,0.05,0.05,True,"[0.29384225606918335, 0.7061578035354614]","[0.30415013432502747, 0.6958498954772949]","[248, 252]",0.0,0.003840455785393715,0.023212073370814323
123130,1362,263.0,263,,nnknn,500,37352,175206,20918,78491,16434,96715,1224,8853,0.05,0.05,True,"[0.9116595387458801, 0.08834048360586166]","[0.8910765051841736, 0.10892345756292343]","[248, 252]",0.0,0.003840455785393715,0.023212073370814323
123339,1363,209.0,209,,nnknn,500,37352,175206,20918,78491,16434,96715,1224,8853,0.05,0.05,True,"[0.3944631814956665, 0.6055368781089783]","[0.3997400104999542, 0.6002600193023682]","[248, 252]",0.0,0.003840455785393715,0.023212073370814323
123698,1364,359.0,359,53.47647476196289,nnknn,500,37401,177286,20951,79557,16450,97729,1237,9019,0.05,0.05,True,"[0.8883828520774841, 0.11161719262599945]","[0.8689636588096619, 0.13103634119033813]","[250, 250]",0.0,0.0038630145136266947,0.023493610322475433
124086,1365,388.0,388,,nnknn,500,37401,177286,20951,79557,16450,97729,1237,9019,0.05,0.05,True,"[0.0, 1.0]","[0.02500000037252903, 0.9749999642372131]","[250, 250]",0.0,0.0038630145136266947,0.023493610322475433
124345,1366,259.0,259,,nnknn,500,37401,177286,20951,79557,16450,97729,1237,9019,0.05,0.05,True,"[0.2676638960838318, 0.732336163520813]","[0.2792806923389435, 0.7207193374633789]","[250, 250]",0.0,0.0038630145136266947,0.023493610322475433
124845,1367,500.0,500,,nnknn,500,37401,177286,20951,79557,16450,97729,1237,9019,0.05,0.05,True,"[0.821510374546051, 0.17848965525627136]","[0.8054348230361938, 0.19456517696380615]","[250, 250]",0.0,0.0038630145136266947,0.023493610322475433
125170,1368,325.0,325,65.1235580444336,nnknn,500,37458,179957,20982,80896,16476,99061,1251,9133,0.05,0.05,True,"[1.0, 0.0]","[0.9749999642372131, 0.02500000037252903]","[255, 245]",0.0,0.0038924061227589846,0.023993588984012604
125670,1369,500.0,500,,nnknn,500,37458,179957,20982,80896,16476,99061,1251,9133,0.05,0.05,True,"[0.0, 1.0]","[0.02500000037252903, 0.9749999642372131]","[255, 245]",0.0,0.0038924061227589846,0.023993588984012604
126079,1370,409.0,409,,nnknn,500,37458,179957,20982,80896,16476,99061,1251,9133,0.05,0.05,True,"[0.26035642623901367, 0.7396435737609863]","[0.2723385989665985, 0.7276613712310791]","[255, 245]",0.0,0.0038924061227589846,0.023993588984012604
126542,1371,463.0,463,,nnknn,500,37458,179957,20982,80896,16476,99061,1251,9133,0.05,0.05,True,"[0.0, 1.0]","[0.02500000037252903, 0.9749999642372131]","[255, 245]",0.0,0.0038924061227589846,0.023993588984012604
126811,1372,269.0,269,54.97742462158203,nnknn,500,37531,182869,21009,82399,16522,100470,1263,9319,0.05,0.05,True,"[0.0, 1.0]","[0.02500000037252903, 0.9749999642372131]","[257, 243]",0.0,0.0038792616687715054,0.02449355088174343
127123,1373,312.0,312,,nnknn,500,37531,182869,21009,82399,16522,100470,1263,9319,0.05,0.05,True,"[0.09615342319011688, 0.9038466215133667]","[0.11634574830532074, 0.8836542367935181]","[257, 243]",0.0,0.0038792616687715054,0.02449355088174343
127542,1374,419.0,419,,nnknn,500,37531,182869,21009,82399,16522,100470,1263,9319,0.05,0.05,True,"[0.1921052634716034, 0.8078947067260742]","[0.20750001072883606, 0.7924999594688416]","[257, 243]",0.0,0.0038792616687715054,0.02449355088174343
127815,1375,273.0,273,,nnknn,500,37531,182869,21009,82399,16522,100470,1263,9319,0.05,0.05,True,"[0.5603477954864502, 0.4396522045135498]","[0.5573303699493408, 0.4426696002483368]","[257, 243]",0.0,0.0038792616687715054,0.02449355088174343
128315,1376,500.0,500,46.13948440551758,nnknn,500,37573,185571,21035,83785,16538,101786,1276,9491,0.05,0.05,True,"[0.0, 1.0]","[0.02500000037252903, 0.9749999642372131]","[254, 246]",0.0,0.003885348793119192,0.023993559181690216
128675,1377,360.0,360,,nnknn,500,37573,185571,21035,83785,16538,101786,1276,9491,0.05,0.05,True,"[0.2587588429450989, 0.7412412166595459]","[0.27082088589668274, 0.7291791439056396]","[254, 246]",0.0,0.003885348793119192,0.023993559181690216
129113,1378,438.0,438,,nnknn,500,37573,185571,21035,83785,16538,101786,1276,9491,0.05,0.05,True,"[0.40568920969963074, 0.5943108201026917]","[0.4104047417640686, 0.5895952582359314]","[254, 246]",0.0,0.003885348793119192,0.023993559181690216
129372,1379,259.0,259,,nnknn,500,37573,185571,21035,83785,16538,101786,1276,9491,0.05,0.05,True,"[0.20062267780303955, 0.7993773221969604]","[0.21559154987335205, 0.784408450126648]","[254, 246]",0.0,0.003885348793119192,0.023993559181690216
129633,1380,261.0,261,54.690162658691406,nnknn,500,37640,187958,21069,84962,16571,102996,1289,9566,0.05,0.05,True,"[0.3615405559539795, 0.6384594440460205]","[0.36846351623535156, 0.6315364241600037]","[256, 244]",0.0,0.003932284191250801,0.02449355274438858
129808,1381,175.0,175,,nnknn,500,37640,187958,21069,84962,16571,102996,1289,9566,0.05,0.05,True,"[0.43053966760635376, 0.5694603323936462]","[0.43401268124580383, 0.5659872889518738]","[256, 244]",0.0,0.003932284191250801,0.02449355274438858
130308,1382,500.0,500,,nnknn,500,37640,187958,21069,84962,16571,102996,1289,9566,0.05,0.05,True,"[0.3044314384460449, 0.6955685615539551]","[0.31420987844467163, 0.6857901215553284]","[256, 244]",0.0,0.003932284191250801,0.02449355274438858
130579,1383,271.0,271,,nnknn,500,37640,187958,21069,84962,16571,102996,1289,9566,0.05,0.05,True,"[0.0, 1.0]","[0.02500000037252903, 0.9749999642372131]","[256, 244]",0.0,0.003932284191250801,0.02449355274438858
130950,1384,371.0,371,43.736778259277344,nnknn,500,38841,189144,21095,86148,17746,102996,1304,9737,0.05,0.05,True,"[0.5280817747116089, 0.4719182252883911]","[0.526677668094635, 0.4733223021030426]","[250, 250]",0.0,0.003957924898713827,0.023993590846657753
131231,1385,281.0,281,,nnknn,500,38841,189144,21095,86148,17746,102996,1304,9737,0.05,0.05,True,"[0.8892185091972351, 0.11078151315450668]","[0.8697575330734253, 0.13024243712425232]","[250, 250]",0.0,0.003957924898713827,0.023993590846657753
131701,1386,470.0,470,,nnknn,500,38841,189144,21095,86148,17746,102996,1304,9737,0.05,0.05,True,"[0.48166292905807495, 0.518337070941925]","[0.4825797975063324, 0.5174201726913452]","[250, 250]",0.0,0.003957924898713827,0.023993590846657753
132004,1387,303.0,303,,nnknn,500,38841,189144,21095,86148,17746,102996,1304,9737,0.05,0.05,True,"[1.0, 0.0]","[0.9749999642372131, 0.02500000037252903]","[250, 250]",0.0,0.003957924898713827,0.023993590846657753
132337,1388,333.0,333,44.60020065307617,nnknn,500,38883,191594,21118,87387,17765,104207,1317,9865,0.05,0.05,True,"[0.47736576199531555, 0.5226342678070068]","[0.4784974753856659, 0.5215025544166565]","[245, 255]",0.0,0.003969170618802309,0.024493584409356117
132538,1389,201.0,201,,nnknn,500,38883,191594,21118,87387,17765,104207,1317,9865,0.05,0.05,True,"[0.497844934463501, 0.502155065536499]","[0.4979526996612549, 0.5020473003387451]","[245, 255]",0.0,0.003969170618802309,0.024493584409356117
132947,1390,409.0,409,,nnknn,500,38883,191594,21118,87387,17765,104207,1317,9865,0.05,0.05,True,"[0.22476625442504883, 0.7752337455749512]","[0.23852793872356415, 0.7614720463752747]","[245, 255]",0.0,0.003969170618802309,0.024493584409356117
133447,1391,500.0,500,,nnknn,500,38883,191594,21118,87387,17765,104207,1317,9865,0.05,0.05,True,"[0.5004862546920776, 0.4995137155056]","[0.5004619359970093, 0.49953803420066833]","[245, 255]",0.0,0.003969170618802309,0.024493584409356117
133776,1392,329.0,329,48.629852294921875,nnknn,454,40287,192896,22492,87387,17795,105509,1331,9972,0.05,0.05,True,"[0.09967760741710663, 0.9003223776817322]","[0.11969372630119324, 0.8803062438964844]","[221, 233]",0.0004154099151492119,0.004354860167950392,0.023993611335754395
134262,1393,486.0,486,,nnknn,454,40287,192896,22492,87387,17795,105509,1331,9972,0.05,0.05,True,"[0.0, 1.0]","[0.02500000037252903, 0.9749999642372131]","[221, 233]",0.0004154099151492119,0.004354860167950392,0.023993611335754395
134762,1394,500.0,500,,nnknn,454,40287,192896,22492,87387,17795,105509,1331,9972,0.05,0.05,True,"[0.19374264776706696, 0.8062573671340942]","[0.20905551314353943, 0.7909444570541382]","[221, 233]",0.0004154099151492119,0.004354860167950392,0.023993611335754395
135262,1395,500.0,500,,nnknn,454,40287,192896,22492,87387,17795,105509,1331,9972,0.05,0.05,True,"[0.6027127504348755, 0.3972872197628021]","[0.5975770950317383, 0.40242284536361694]","[221, 233]",0.0004154099151492119,0.004354860167950392,0.023993611335754395
135587,1396,325.0,325,47.75031280517578,nnknn,500,40341,196098,22503,89060,17838,107038,1347,10211,0.05,0.05,True,"[0.7244932651519775, 0.2755067050457001]","[0.7132685780525208, 0.2867313623428345]","[246, 254]",0.0,0.003978263586759567,0.02449360303580761
135756,1397,169.0,169,,nnknn,500,40341,196098,22503,89060,17838,107038,1347,10211,0.05,0.05,True,"[1.0, 0.0]","[0.9749999642372131, 0.02500000037252903]","[246, 254]",0.0,0.003978263586759567,0.02449360303580761
136065,1398,309.0,309,,nnknn,500,40341,196098,22503,89060,17838,107038,1347,10211,0.05,0.05,True,"[0.0, 1.0]","[0.02500000037252903, 0.9749999642372131]","[246, 254]",0.0,0.003978263586759567,0.02449360303580761
136278,1399,213.0,213,,nnknn,500,40341,196098,22503,89060,17838,107038,1347,10211,0.05,0.05,True,"[0.09624891728162766, 0.9037511348724365]","[0.11643646657466888, 0.8835635185241699]","[246, 254]",0.0,0.003978263586759567,0.02449360303580761
136740,1400,462.0,462,62.1624641418457,nnknn,500,40367,198104,22524,90065,17843,108039,1361,10358,0.05,0.05,True,"[0.0, 1.0]","[0.02500000037252903, 0.9749999642372131]","[248, 252]",0.0,0.004008305259048939,0.02399379573762417
137129,1401,389.0,389,,nnknn,500,40367,198104,22524,90065,17843,108039,1361,10358,0.05,0.05,True,"[0.19305583834648132, 0.8069441318511963]","[0.20840305089950562, 0.7915968894958496]","[248, 252]",0.0,0.004008305259048939,0.02399379573762417
137256,1402,127.0,127,,nnknn,500,40367,198104,22524,90065,17843,108039,1361,10358,0.05,0.05,True,"[0.098819300532341, 0.9011807441711426]","[0.1188783347606659, 0.8811216950416565]","[248, 252]",0.0,0.004008305259048939,0.02399379573762417
137655,1403,399.0,399,,nnknn,500,40367,198104,22524,90065,17843,108039,1361,10358,0.05,0.05,True,"[0.7674146890640259, 0.23258531093597412]","[0.7540439367294312, 0.24595604836940765]","[248, 252]",0.0,0.004008305259048939,0.02399379573762417
137875,1404,220.0,220,56.25926971435547,nnknn,500,40424,199958,22553,91048,17871,108910,1375,10594,0.05,0.05,True,"[0.6349639296531677, 0.3650360405445099]","[0.6282157301902771, 0.3717842400074005]","[247, 253]",0.0,0.004058688413351774,0.023691091686487198
138101,1405,226.0,226,,nnknn,500,40424,199958,22553,91048,17871,108910,1375,10594,0.05,0.05,True,"[0.7996323108673096, 0.2003677487373352]","[0.7846506834030151, 0.21534936130046844]","[247, 253]",0.0,0.004058688413351774,0.023691091686487198
138383,1406,282.0,282,,nnknn,500,40424,199958,22553,91048,17871,108910,1375,10594,0.05,0.05,True,"[0.7268408536911011, 0.2731591463088989]","[0.7154988050460815, 0.28450119495391846]","[247, 253]",0.0,0.004058688413351774,0.023691091686487198
138883,1407,500.0,500,,nnknn,500,40424,199958,22553,91048,17871,108910,1375,10594,0.05,0.05,True,"[0.42243993282318115, 0.5775601267814636]","[0.4263179302215576, 0.5736820697784424]","[247, 253]",0.0,0.004058688413351774,0.023691091686487198
139091,1408,208.0,208,37.595680236816406,nnknn,500,40490,202195,22588,92137,17902,110058,1388,10631,0.05,0.05,True,"[0.5801177620887756, 0.419882208108902]","[0.5761118531227112, 0.42388808727264404]","[255, 245]",0.0,0.004036381840705872,0.023191191256046295
139465,1409,374.0,374,,nnknn,500,40490,202195,22588,92137,17902,110058,1388,10631,0.05,0.05,True,"[0.32966557145118713, 0.6703344583511353]","[0.3381823003292084, 0.661817729473114]","[255, 245]",0.0,0.004036381840705872,0.023191191256046295
139965,1410,500.0,500,,nnknn,500,40490,202195,22588,92137,17902,110058,1388,10631,0.05,0.05,True,"[0.39765664935112, 0.6023433208465576]","[0.40277382731437683, 0.5972261428833008]","[255, 245]",0.0,0.004036381840705872,0.023191191256046295
140465,1411,500.0,500,,nnknn,500,40490,202195,22588,92137,17902,110058,1388,10631,0.05,0.05,True,"[0.3968183696269989, 0.6031816005706787]","[0.40197744965553284, 0.5980224609375]","[255, 245]",0.0,0.004036381840705872,0.023191191256046295
140759,1412,294.0,294,41.24717712402344,nnknn,500,40539,205326,22614,93710,17925,111616,1402,10718,0.05,0.05,True,"[0.09801388531923294, 0.9019861221313477]","[0.1181131899356842, 0.8818867802619934]","[254, 246]",0.0,0.004041729029268026,0.02269129641354084
140938,1413,179.0,179,,nnknn,500,40539,205326,22614,93710,17925,111616,1402,10718,0.05,0.05,True,"[0.3382546305656433, 0.6617453694343567]","[0.34634190797805786, 0.6536580920219421]","[254, 246]",0.0,0.004041729029268026,0.02269129641354084
141066,1414,128.0,128,,nnknn,500,40539,205326,22614,93710,17925,111616,1402,10718,0.05,0.05,True,"[0.9034161567687988, 0.09658388793468475]","[0.8832452893257141, 0.1167546883225441]","[254, 246]",0.0,0.004041729029268026,0.02269129641354084
141484,1415,418.0,418,,nnknn,500,40539,205326,22614,93710,17925,111616,1402,10718,0.05,0.05,True,"[0.42622795701026917, 0.5737720727920532]","[0.4299165606498718, 0.5700834393501282]","[254, 246]",0.0,0.004041729029268026,0.02269129641354084
141791,1416,307.0,307,56.14205551147461,nnknn,500,40609,206927,22645,94590,17964,112337,1418,10990,0.05,0.05,True,"[0.1969926655292511, 0.8030073642730713]","[0.21214303374290466, 0.787856936454773]","[255, 245]",0.0,0.004106241278350353,0.022726673632860184
141998,1417,207.0,207,,nnknn,500,40609,206927,22645,94590,17964,112337,1418,10990,0.05,0.05,True,"[1.0, 0.0]","[0.9749999642372131, 0.02500000037252903]","[255, 245]",0.0,0.004106241278350353,0.022726673632860184
142203,1418,205.0,205,,nnknn,500,40609,206927,22645,94590,17964,112337,1418,10990,0.05,0.05,True,"[0.8884698152542114, 0.11153022944927216]","[0.8690462708473206, 0.13095371425151825]","[255, 245]",0.0,0.004106241278350353,0.022726673632860184
142410,1419,207.0,207,,nnknn,500,40609,206927,22645,94590,17964,112337,1418,10990,0.05,0.05,True,"[0.30374497175216675, 0.6962550282478333]","[0.3135577142238617, 0.6864422559738159]","[255, 245]",0.0,0.004106241278350353,0.022726673632860184
142582,1420,172.0,172,59.66360855102539,nnknn,466,41345,207583,23320,94590,18025,112993,1432,11064,0.05,0.05,True,"[0.8008107542991638, 0.19918926060199738]","[0.7857701778411865, 0.21422980725765228]","[252, 214]",0.00036070033092983067,0.004409687593579292,0.023226456716656685
142861,1421,279.0,279,,nnknn,466,41345,207583,23320,94590,18025,112993,1432,11064,0.05,0.05,True,"[0.5561412572860718, 0.4438587725162506]","[0.5533341765403748, 0.44666582345962524]","[252, 214]",0.00036070033092983067,0.004409687593579292,0.023226456716656685
143326,1422,465.0,465,,nnknn,466,41345,207583,23320,94590,18025,112993,1432,11064,0.05,0.05,True,"[0.605015218257904, 0.3949848413467407]","[0.5997644066810608, 0.4002355933189392]","[252, 214]",0.00036070033092983067,0.004409687593579292,0.023226456716656685
143579,1423,253.0,253,,nnknn,466,41345,207583,23320,94590,18025,112993,1432,11064,0.05,0.05,True,"[0.08546552807092667, 0.9145344495773315]","[0.10619224607944489, 0.8938077092170715]","[252, 214]",0.00036070033092983067,0.004409687593579292,0.023226456716656685
143920,1424,341.0,341,37.728424072265625,nnknn,500,41397,209851,23333,95766,18064,114085,1446,11271,0.05,0.05,True,"[0.3038927912712097, 0.6961072087287903]","[0.3136981427669525, 0.6863018274307251]","[262, 238]",0.0,0.0041334498673677444,0.02372634969651699
144272,1425,352.0,352,,nnknn,500,41397,209851,23333,95766,18064,114085,1446,11271,0.05,0.05,True,"[0.27909594774246216, 0.7209041118621826]","[0.29014116525650024, 0.7098588943481445]","[262, 238]",0.0,0.0041334498673677444,0.02372634969651699
144535,1426,263.0,263,,nnknn,500,41397,209851,23333,95766,18064,114085,1446,11271,0.05,0.05,True,"[0.0, 1.0]","[0.02500000037252903, 0.9749999642372131]","[262, 238]",0.0,0.0041334498673677444,0.02372634969651699
144876,1427,341.0,341,,nnknn,500,41397,209851,23333,95766,18064,114085,1446,11271,0.05,0.05,True,"[0.7055228352546692, 0.2944771945476532]","[0.6952466368675232, 0.3047533333301544]","[262, 238]",0.0,0.0041334498673677444,0.02372634969651699
145203,1428,327.0,327,50.72612762451172,nnknn,500,41485,211968,23373,96854,18112,115114,1462,11477,0.05,0.05,True,"[0.8170859813690186, 0.18291400372982025]","[0.8012316226959229, 0.19876830279827118]","[266, 234]",0.0,0.004196240566670895,0.024226069450378418
145447,1429,244.0,244,,nnknn,500,41485,211968,23373,96854,18112,115114,1462,11477,0.05,0.05,True,"[0.7256962656974792, 0.27430373430252075]","[0.7144114375114441, 0.2855885624885559]","[266, 234]",0.0,0.004196240566670895,0.024226069450378418
145646,1430,199.0,199,,nnknn,500,41485,211968,23373,96854,18112,115114,1462,11477,0.05,0.05,True,"[0.2965851128101349, 0.7034148573875427]","[0.3067558705806732, 0.6932440996170044]","[266, 234]",0.0,0.004196240566670895,0.024226069450378418
145923,1431,277.0,277,,nnknn,500,41485,211968,23373,96854,18112,115114,1462,11477,0.05,0.05,True,"[0.602269172668457, 0.39773085713386536]","[0.5971556901931763, 0.40284430980682373]","[266, 234]",0.0,0.004196240566670895,0.024226069450378418
146117,1432,194.0,194,59.685306549072266,nnknn,500,41543,213447,23402,97580,18141,115867,1477,11609,0.05,0.05,True,"[0.872282862663269, 0.12771716713905334]","[0.8536686897277832, 0.1463313102722168]","[268, 232]",0.0,0.004219716880470514,0.024725470691919327
146354,1433,237.0,237,,nnknn,500,41543,213447,23402,97580,18141,115867,1477,11609,0.05,0.05,True,"[0.2968408763408661, 0.7031591534614563]","[0.3069988489151001, 0.6930011510848999]","[268, 232]",0.0,0.004219716880470514,0.024725470691919327
146611,1434,257.0,257,,nnknn,500,41543,213447,23402,97580,18141,115867,1477,11609,0.05,0.05,True,"[0.7863911390304565, 0.21360883116722107]","[0.7720715403556824, 0.22792840003967285]","[268, 232]",0.0,0.004219716880470514,0.024725470691919327
146872,1435,261.0,261,,nnknn,500,41543,213447,23402,97580,18141,115867,1477,11609,0.05,0.05,True,"[0.26278188824653625, 0.7372180819511414]","[0.27464279532432556, 0.725357174873352]","[268, 232]",0.0,0.004219716880470514,0.024725470691919327
147097,1436,225.0,225,44.15227508544922,nnknn,500,41603,215039,23427,98381,18176,116658,1493,11763,0.05,0.05,True,"[0.489612340927124, 0.510387659072876]","[0.4901317358016968, 0.5098682641983032]","[261, 239]",0.0,0.004237415734678507,0.025225313380360603
147495,1437,398.0,398,,nnknn,500,41603,215039,23427,98381,18176,116658,1493,11763,0.05,0.05,True,"[0.9114476442337036, 0.08855237811803818]","[0.8908752202987671, 0.10912475734949112]","[261, 239]",0.0,0.004237415734678507,0.025225313380360603
147844,1438,349.0,349,,nnknn,500,41603,215039,23427,98381,18176,116658,1493,11763,0.05,0.05,True,"[0.34969162940979004, 0.65030837059021]","[0.3572070598602295, 0.6427929401397705]","[261, 239]",0.0,0.004237415734678507,0.025225313380360603
148096,1439,252.0,252,,nnknn,500,41603,215039,23427,98381,18176,116658,1493,11763,0.05,0.05,True,"[0.30638718605041504, 0.693612813949585]","[0.31606781482696533, 0.6839321255683899]","[261, 239]",0.0,0.004237415734678507,0.025225313380360603
148442,1440,346.0,346,41.72550582885742,nnknn,500,41641,217324,23445,99587,18196,117737,1507,12009,0.05,0.05,True,"[0.5140578150749207, 0.48594221472740173]","[0.5133548974990845, 0.4866451025009155]","[268, 232]",0.0,0.004246869124472141,0.02572510577738285
148767,1441,325.0,325,,nnknn,500,41641,217324,23445,99587,18196,117737,1507,12009,0.05,0.05,True,"[0.24175778031349182, 0.7582422494888306]","[0.2546698749065399, 0.7453300952911377]","[268, 232]",0.0,0.004246869124472141,0.02572510577738285
149064,1442,297.0,297,,nnknn,500,41641,217324,23445,99587,18196,117737,1507,12009,0.05,0.05,True,"[0.2355000078678131, 0.7645000219345093]","[0.2487250119447708, 0.7512750029563904]","[268, 232]",0.0,0.004246869124472141,0.02572510577738285
149381,1443,317.0,317,,nnknn,500,41641,217324,23445,99587,18196,117737,1507,12009,0.05,0.05,True,"[0.4542614817619324, 0.5457385778427124]","[0.45654842257499695, 0.5434516072273254]","[268, 232]",0.0,0.004246869124472141,0.02572510577738285
149530,1444,149.0,149,48.68595886230469,nnknn,500,41667,219269,23451,100516,18216,118753,1520,12061,0.05,0.05,True,"[0.0, 1.0]","[0.02500000037252903, 0.9749999642372131]","[265, 235]",0.0,0.0042544701136648655,0.025225212797522545
149931,1445,401.0,401,,nnknn,500,41667,219269,23451,100516,18216,118753,1520,12061,0.05,0.05,True,"[0.5331296920776367, 0.4668703079223633]","[0.5314731597900391, 0.46852678060531616]","[265, 235]",0.0,0.0042544701136648655,0.025225212797522545
