global_step,episode,episode_return,episode_length,loss,actor_type,case_entries,cases_pruned,cases_replaced,actor_cases_pruned,actor_cases_replaced,critic_cases_pruned,critic_cases_replaced,critic_label_updates,critic_label_update_samples,exploration_epsilon,behavior_epsilon,policy_ready,action_probs,behavior_action_probs,action_counts,bias_min,bias_mean,bias_max
15,1,15.0,15,,nnknn,0,0,0,0,0,0,0,0,0,0.9998226666666666,1.0,False,"[0.5, 0.5]","[0.5, 0.5]","[0, 0]",,,
33,2,18.0,18,,nnknn,0,0,0,0,0,0,0,0,0,0.9995946666666666,1.0,False,"[0.5, 0.5]","[0.5, 0.5]","[0, 0]",,,
74,3,41.0,41,,nnknn,0,0,0,0,0,0,0,0,0,0.9990753333333333,1.0,False,"[0.5, 0.5]","[0.5, 0.5]","[0, 0]",,,
96,4,22.0,22,92.37677764892578,nnknn,96,0,0,0,0,0,0,0,0,0.9987966666666667,1.0,False,"[0.5, 0.5]","[0.5, 0.5]","[49, 47]",0.0,0.0,0.0
120,5,24.0,24,,nnknn,96,0,0,0,0,0,0,0,0,0.9984926666666667,0.9984926666666667,True,"[0.32162219285964966, 0.6783778071403503]","[0.4997311234474182, 0.5002688765525818]","[49, 47]",0.0,0.0,0.0
138,6,18.0,18,,nnknn,96,0,0,0,0,0,0,0,0,0.9982646666666667,0.9982646666666667,True,"[0.40259310603141785, 0.5974069237709045]","[0.499830961227417, 0.500169038772583]","[49, 47]",0.0,0.0,0.0
155,7,17.0,17,,nnknn,96,0,0,0,0,0,0,0,0,0.9980493333333333,0.9980493333333333,True,"[0.6450462937355042, 0.35495373606681824]","[0.5002829432487488, 0.4997170567512512]","[49, 47]",0.0,0.0,0.0
168,8,13.0,13,9.019007682800293,nnknn,136,0,0,0,0,0,0,0,0,0.9978846666666666,0.9978846666666666,True,"[0.6524956822395325, 0.34750431776046753]","[0.5003225803375244, 0.4996774196624756]","[69, 67]",-0.0004998860531486571,-5.889184831175953e-05,0.0004999366938136518
201,9,33.0,33,,nnknn,136,0,0,0,0,0,0,0,0,0.9974666666666666,0.9974666666666666,True,"[0.6371002197265625, 0.3628997802734375]","[0.5003473162651062, 0.4996526837348938]","[69, 67]",-0.0004998860531486571,-5.889184831175953e-05,0.0004999366938136518
254,10,53.0,53,,nnknn,136,0,0,0,0,0,0,0,0,0.9967953333333334,0.9967953333333334,True,"[0.6063469648361206, 0.3936530351638794]","[0.5003408193588257, 0.4996592104434967]","[69, 67]",-0.0004998860531486571,-5.889184831175953e-05,0.0004999366938136518
271,11,17.0,17,,nnknn,136,0,0,0,0,0,0,0,0,0.99658,0.99658,True,"[0.3814685344696045, 0.6185314655303955]","[0.49959462881088257, 0.5004053711891174]","[69, 67]",-0.0004998860531486571,-5.889184831175953e-05,0.0004999366938136518
283,12,12.0,12,51.90114212036133,nnknn,219,0,0,0,0,0,0,0,0,0.996428,0.996428,True,"[0.6182631254196167, 0.3817368745803833]","[0.5004224181175232, 0.4995775520801544]","[105, 114]",-0.0009978854795917869,-6.760818359907717e-05,0.0009936831193044782
298,13,15.0,15,,nnknn,219,0,0,0,0,0,0,0,0,0.996238,0.996238,True,"[0.3926839530467987, 0.6073160767555237]","[0.4995962679386139, 0.5004037022590637]","[105, 114]",-0.0009978854795917869,-6.760818359907717e-05,0.0009936831193044782
344,14,46.0,46,,nnknn,219,0,0,0,0,0,0,0,0,0.9956553333333333,0.9956553333333333,True,"[0.3071199953556061, 0.6928800344467163]","[0.4991620182991028, 0.5008379817008972]","[105, 114]",-0.0009978854795917869,-6.760818359907717e-05,0.0009936831193044782
395,15,51.0,51,,nnknn,219,0,0,0,0,0,0,0,0,0.9950093333333333,0.9950093333333333,True,"[0.596514880657196, 0.40348511934280396]","[0.5004816651344299, 0.49951833486557007]","[105, 114]",-0.0009978854795917869,-6.760818359907717e-05,0.0009936831193044782
427,16,32.0,32,57.8434944152832,nnknn,320,0,0,0,0,0,0,0,0,0.994604,0.994604,True,"[0.397361159324646, 0.6026389002799988]","[0.49944615364074707, 0.5005538463592529]","[155, 165]",-0.0014528152532875538,-6.888197822263464e-05,0.001443231594748795
451,17,24.0,24,,nnknn,320,0,0,0,0,0,0,0,0,0.9943,0.9943,True,"[0.6939022541046143, 0.30609774589538574]","[0.5011052489280701, 0.49889475107192993]","[155, 165]",-0.0014528152532875538,-6.888197822263464e-05,0.001443231594748795
476,18,25.0,25,,nnknn,320,0,0,0,0,0,0,0,0,0.9939833333333333,0.9939833333333333,True,"[0.2894967794418335, 0.7105032205581665]","[0.4987334609031677, 0.5012665390968323]","[155, 165]",-0.0014528152532875538,-6.888197822263464e-05,0.001443231594748795
491,19,15.0,15,,nnknn,320,0,0,0,0,0,0,0,0,0.9937933333333333,0.9937933333333333,True,"[0.2963888943195343, 0.7036110758781433]","[0.49873626232147217, 0.5012637376785278]","[155, 165]",-0.0014528152532875538,-6.888197822263464e-05,0.001443231594748795
504,20,13.0,13,20.597665786743164,nnknn,344,25,0,0,0,25,0,0,0,0.9936286666666667,0.9936286666666667,True,"[0.8914176821708679, 0.10858234763145447]","[0.5024938583374023, 0.49750614166259766]","[169, 175]",-0.001839668839238584,-9.394484368385747e-05,0.001868905033916235
512,21,8.0,8,,nnknn,344,25,0,0,0,25,0,0,0,0.9935273333333333,0.9935273333333333,True,"[0.8152681589126587, 0.1847318410873413]","[0.5020406246185303, 0.4979593753814697]","[169, 175]",-0.001839668839238584,-9.394484368385747e-05,0.001868905033916235
531,22,19.0,19,,nnknn,344,25,0,0,0,25,0,0,0,0.9932866666666667,0.9932866666666667,True,"[0.29757747054100037, 0.702422559261322]","[0.49864107370376587, 0.5013589262962341]","[169, 175]",-0.001839668839238584,-9.394484368385747e-05,0.001868905033916235
543,23,12.0,12,,nnknn,344,25,0,0,0,25,0,0,0,0.9931346666666667,0.9931346666666667,True,"[0.20933452248573303, 0.7906654477119446]","[0.4980044960975647, 0.5019955039024353]","[169, 175]",-0.001839668839238584,-9.394484368385747e-05,0.001868905033916235
558,24,15.0,15,29.959016799926758,nnknn,353,75,0,0,0,75,0,0,0,0.9929446666666667,0.9929446666666667,True,"[0.8144526481628418, 0.1855473518371582]","[0.5022185444831848, 0.4977814257144928]","[174, 179]",-0.002269925782456994,-0.00012200827768538147,0.002273529302328825
566,25,8.0,8,,nnknn,353,75,0,0,0,75,0,0,0,0.9928433333333333,0.9928433333333333,True,"[0.8153394460678101, 0.18466055393218994]","[0.5022567510604858, 0.4977432191371918]","[174, 179]",-0.002269925782456994,-0.00012200827768538147,0.002273529302328825
583,26,17.0,17,,nnknn,353,75,0,0,0,75,0,0,0,0.992628,0.992628,True,"[0.3020356595516205, 0.6979643702507019]","[0.49854061007499695, 0.5014594197273254]","[174, 179]",-0.002269925782456994,-0.00012200827768538147,0.002273529302328825
596,27,13.0,13,,nnknn,353,75,0,0,0,75,0,0,0,0.9924633333333334,0.9924633333333334,True,"[0.3992724120616913, 0.6007275581359863]","[0.49924084544181824, 0.5007591247558594]","[174, 179]",-0.002269925782456994,-0.00012200827768538147,0.002273529302328825
612,28,16.0,16,10.835658073425293,nnknn,361,124,0,0,0,124,0,0,0,0.9922606666666667,0.9922606666666667,True,"[0.5907886028289795, 0.4092113971710205]","[0.5007026195526123, 0.4992973506450653]","[179, 182]",-0.0027036385145038366,-0.0001435681915609166,0.002663835883140564
626,29,14.0,14,,nnknn,361,124,0,0,0,124,0,0,0,0.9920833333333333,0.9920833333333333,True,"[0.3134315609931946, 0.6865684986114502]","[0.4985229969024658, 0.5014770030975342]","[179, 182]",-0.0027036385145038366,-0.0001435681915609166,0.002663835883140564
670,30,44.0,44,,nnknn,361,124,0,0,0,124,0,0,0,0.991526,0.991526,True,"[0.3122364580631256, 0.6877635717391968]","[0.49840888381004333, 0.5015910863876343]","[179, 182]",-0.0027036385145038366,-0.0001435681915609166,0.002663835883140564
689,31,19.0,19,,nnknn,361,124,0,0,0,124,0,0,0,0.9912853333333334,0.9912853333333334,True,"[0.6105520129203796, 0.38944801688194275]","[0.5009634494781494, 0.499036580324173]","[179, 182]",-0.0027036385145038366,-0.0001435681915609166,0.002663835883140564
712,32,23.0,23,29.67152976989746,nnknn,418,221,0,0,0,221,0,0,0,0.990994,0.990994,True,"[0.40351879596710205, 0.5964812636375427]","[0.49913108348846436, 0.5008689165115356]","[208, 210]",-0.0030969614163041115,-0.00014969577023293823,0.0030199321918189526
727,33,15.0,15,,nnknn,418,221,0,0,0,221,0,0,0,0.990804,0.990804,True,"[0.41329413652420044, 0.5867058634757996]","[0.4992026686668396, 0.5007973313331604]","[208, 210]",-0.0030969614163041115,-0.00014969577023293823,0.0030199321918189526
745,34,18.0,18,,nnknn,418,221,0,0,0,221,0,0,0,0.990576,0.990576,True,"[0.39872610569000244, 0.6012738943099976]","[0.49904561042785645, 0.5009543895721436]","[208, 210]",-0.0030969614163041115,-0.00014969577023293823,0.0030199321918189526
758,35,13.0,13,,nnknn,418,221,0,0,0,221,0,0,0,0.9904113333333333,0.9904113333333333,True,"[0.707878589630127, 0.29212138056755066]","[0.5019932985305786, 0.4980067312717438]","[208, 210]",-0.0030969614163041115,-0.00014969577023293823,0.0030199321918189526
821,36,63.0,63,59.349884033203125,nnknn,483,328,0,0,0,328,0,0,0,0.9896133333333333,0.9896133333333333,True,"[0.7093700170516968, 0.290630042552948]","[0.5021746754646301, 0.49782535433769226]","[239, 244]",-0.0034884538035839796,-0.00015252652519848198,0.0033967976924031973
835,37,14.0,14,,nnknn,483,328,0,0,0,328,0,0,0,0.989436,0.989436,True,"[0.4904855191707611, 0.5095145106315613]","[0.4998994767665863, 0.5001004934310913]","[239, 244]",-0.0034884538035839796,-0.00015252652519848198,0.0033967976924031973
852,38,17.0,17,,nnknn,483,328,0,0,0,328,0,0,0,0.9892206666666666,0.9892206666666666,True,"[0.8977852463722229, 0.1022147610783577]","[0.504287838935852, 0.49571213126182556]","[239, 244]",-0.0034884538035839796,-0.00015252652519848198,0.0033967976924031973
872,39,20.0,20,,nnknn,483,328,0,0,0,328,0,0,0,0.9889673333333333,0.9889673333333333,True,"[0.49083104729652405, 0.5091689229011536]","[0.49989885091781616, 0.5001011490821838]","[239, 244]",-0.0034884538035839796,-0.00015252652519848198,0.0033967976924031973
882,40,10.0,10,12.61706256866455,nnknn,482,417,0,25,0,392,0,0,0,0.9888406666666667,0.9888406666666667,True,"[0.3710305988788605, 0.6289693713188171]","[0.4985607862472534, 0.5014392137527466]","[238, 244]",-0.002508151577785611,-6.533421696985897e-07,0.003731327597051859
908,41,26.0,26,,nnknn,482,417,0,25,0,392,0,0,0,0.9885113333333333,0.9885113333333333,True,"[0.6947977542877197, 0.30520227551460266]","[0.5022379755973816, 0.4977620244026184]","[238, 244]",-0.002508151577785611,-6.533421696985897e-07,0.003731327597051859
936,42,28.0,28,,nnknn,482,417,0,25,0,392,0,0,0,0.9881566666666667,0.9881566666666667,True,"[0.6077516078948975, 0.39224836230278015]","[0.5012761354446411, 0.4987238645553589]","[238, 244]",-0.002508151577785611,-6.533421696985897e-07,0.003731327597051859
952,43,16.0,16,,nnknn,482,417,0,25,0,392,0,0,0,0.987954,0.987954,True,"[0.6875558495521545, 0.31244421005249023]","[0.5022593140602112, 0.4977407157421112]","[238, 244]",-0.002508151577785611,-6.533421696985897e-07,0.003731327597051859
971,44,19.0,19,22.684654235839844,nnknn,497,511,10,50,0,461,10,0,0,0.9877133333333333,0.9877133333333333,True,"[0.7026020884513855, 0.2973978817462921]","[0.5024893283843994, 0.497510701417923]","[244, 253]",-0.0019367627101019025,0.00010258560359943658,0.0042308964766561985
993,45,22.0,22,,nnknn,497,511,10,50,0,461,10,0,0,0.9874346666666667,0.9874346666666667,True,"[0.9038364291191101, 0.09616357833147049]","[0.5050743222236633, 0.49492567777633667]","[244, 253]",-0.0019367627101019025,0.00010258560359943658,0.0042308964766561985
1022,46,29.0,29,,nnknn,497,511,10,50,0,461,10,0,0,0.9870673333333333,0.9870673333333333,True,"[0.6980833411216736, 0.30191662907600403]","[0.5025617480278015, 0.4974382519721985]","[244, 253]",-0.0019367627101019025,0.00010258560359943658,0.0042308964766561985
1045,47,23.0,23,,nnknn,497,511,10,50,0,461,10,0,0,0.986776,0.986776,True,"[0.3828575909137726, 0.617142379283905]","[0.49845090508461, 0.5015490651130676]","[244, 253]",-0.0019367627101019025,0.00010258560359943658,0.0042308964766561985
1059,48,14.0,14,15.269942283630371,nnknn,471,667,17,125,0,542,17,0,0,0.9865986666666666,0.9865986666666666,True,"[0.5119849443435669, 0.4880151152610779]","[0.5001606345176697, 0.4998393952846527]","[226, 245]",-0.001064619398675859,0.00036893258220516145,0.004267564509063959
1076,49,17.0,17,,nnknn,471,667,17,125,0,542,17,0,0,0.9863833333333333,0.9863833333333333,True,"[0.6991146802902222, 0.30088531970977783]","[0.502711296081543, 0.49728870391845703]","[226, 245]",-0.001064619398675859,0.00036893258220516145,0.004267564509063959
1087,50,11.0,11,,nnknn,471,667,17,125,0,542,17,0,0,0.986244,0.986244,True,"[0.4027896523475647, 0.5972104072570801]","[0.4986627697944641, 0.5013372302055359]","[226, 245]",-0.001064619398675859,0.00036893258220516145,0.004267564509063959
1099,51,12.0,12,,nnknn,471,667,17,125,0,542,17,0,0,0.986092,0.986092,True,"[0.6810861825942993, 0.31891384720802307]","[0.5025185346603394, 0.49748143553733826]","[226, 245]",-0.001064619398675859,0.00036893258220516145,0.004267564509063959
1110,52,11.0,11,17.01458168029785,nnknn,480,732,17,125,0,607,17,0,0,0.9859526666666667,0.9859526666666667,True,"[0.8079970479011536, 0.19200293719768524]","[0.5043265223503113, 0.4956734776496887]","[232, 248]",-0.0015398130053654313,0.0003321208350826055,0.004190858453512192
1126,53,16.0,16,,nnknn,480,732,17,125,0,607,17,0,0,0.98575,0.98575,True,"[1.0, 0.0]","[0.5071250200271606, 0.49287500977516174]","[232, 248]",-0.0015398130053654313,0.0003321208350826055,0.004190858453512192
1136,54,10.0,10,,nnknn,480,732,17,125,0,607,17,0,0,0.9856233333333333,0.9856233333333333,True,"[0.5533682107925415, 0.4466317892074585]","[0.5007672309875488, 0.4992327392101288]","[232, 248]",-0.0015398130053654313,0.0003321208350826055,0.004190858453512192
1149,55,13.0,13,,nnknn,480,732,17,125,0,607,17,0,0,0.9854586666666667,0.9854586666666667,True,"[0.707727313041687, 0.2922727167606354]","[0.5030206441879272, 0.49697935581207275]","[232, 248]",-0.0015398130053654313,0.0003321208350826055,0.004190858453512192
1166,56,17.0,17,8.4663724899292,nnknn,476,807,17,150,0,657,17,0,0,0.9852433333333334,0.9852433333333334,True,"[0.7795516848564148, 0.22044828534126282]","[0.5041252374649048, 0.4958747327327728]","[233, 243]",-0.001020099618472159,0.0003969782264903188,0.004449643660336733
1191,57,25.0,25,,nnknn,476,807,17,150,0,657,17,0,0,0.9849266666666666,0.9849266666666666,True,"[0.6961384415626526, 0.3038615882396698]","[0.5029564499855042, 0.49704355001449585]","[233, 243]",-0.001020099618472159,0.0003969782264903188,0.004449643660336733
1239,58,48.0,48,,nnknn,476,807,17,150,0,657,17,0,0,0.9843186666666667,0.9843186666666667,True,"[0.5880401730537415, 0.41195982694625854]","[0.5013805627822876, 0.49861940741539]","[233, 243]",-0.001020099618472159,0.0003969782264903188,0.004449643660336733
1253,59,14.0,14,,nnknn,476,807,17,150,0,657,17,0,0,0.9841413333333333,0.9841413333333333,True,"[0.5803849101066589, 0.4196150600910187]","[0.501274824142456, 0.49872520565986633]","[233, 243]",-0.001020099618472159,0.0003969782264903188,0.004449643660336733
1264,60,11.0,11,40.3254280090332,nnknn,494,936,28,200,0,736,28,0,0,0.984002,0.984002,True,"[0.5558435320854187, 0.4441564679145813]","[0.5008934140205383, 0.49910661578178406]","[246, 248]",-0.0007649317267350852,0.0004985742853023112,0.003967688884586096
1285,61,21.0,21,,nnknn,494,936,28,200,0,736,28,0,0,0.9837359999999999,0.9837359999999999,True,"[0.3995211720466614, 0.6004788279533386]","[0.4983658194541931, 0.5016341805458069]","[246, 248]",-0.0007649317267350852,0.0004985742853023112,0.003967688884586096
1312,62,27.0,27,,nnknn,494,936,28,200,0,736,28,0,0,0.983394,0.983394,True,"[0.7032150030136108, 0.29678502678871155]","[0.5033745765686035, 0.4966254234313965]","[246, 248]",-0.0007649317267350852,0.0004985742853023112,0.003967688884586096
1345,63,33.0,33,,nnknn,494,936,28,200,0,736,28,0,0,0.982976,0.982976,True,"[0.35739317536354065, 0.642606794834137]","[0.49757227301597595, 0.5024277567863464]","[246, 248]",-0.0007649317267350852,0.0004985742853023112,0.003967688884586096
1396,64,51.0,51,50.82218551635742,nnknn,481,1110,86,300,0,810,86,0,0,0.98233,0.98233,True,"[0.5920376777648926, 0.40796229243278503]","[0.5016263127326965, 0.49837368726730347]","[246, 235]",-0.00047757153515703976,0.0006376011297106743,0.004051564261317253
1411,65,15.0,15,,nnknn,481,1110,86,300,0,810,86,0,0,0.98214,0.98214,True,"[0.37611356377601624, 0.6238864064216614]","[0.49778738617897034, 0.5022125840187073]","[246, 235]",-0.00047757153515703976,0.0006376011297106743,0.004051564261317253
1426,66,15.0,15,,nnknn,481,1110,86,300,0,810,86,0,0,0.98195,0.98195,True,"[0.4125879406929016, 0.5874120593070984]","[0.49842220544815063, 0.5015777945518494]","[246, 235]",-0.00047757153515703976,0.0006376011297106743,0.004051564261317253
1448,67,22.0,22,,nnknn,481,1110,86,300,0,810,86,0,0,0.9816713333333333,0.9816713333333333,True,"[0.8022412061691284, 0.19775882363319397]","[0.5055396556854248, 0.4944603145122528]","[246, 235]",-0.00047757153515703976,0.0006376011297106743,0.004051564261317253
1484,68,36.0,36,43.207340240478516,nnknn,500,1197,112,325,0,872,112,0,0,0.9812153333333333,0.9812153333333333,True,"[0.5849880576133728, 0.4150119125843048]","[0.5015964508056641, 0.49840351939201355]","[247, 253]",-0.0004999150987714529,0.0006388537003658712,0.004545664414763451
1505,69,21.0,21,,nnknn,500,1197,112,325,0,872,112,0,0,0.9809493333333333,0.9809493333333333,True,"[0.7997704148292542, 0.20022961497306824]","[0.5057108402252197, 0.49428918957710266]","[247, 253]",-0.0004999150987714529,0.0006388537003658712,0.004545664414763451
1528,70,23.0,23,,nnknn,500,1197,112,325,0,872,112,0,0,0.980658,0.980658,True,"[0.09529419243335724, 0.904705822467804]","[0.4921721816062927, 0.5078278183937073]","[247, 253]",-0.0004999150987714529,0.0006388537003658712,0.004545664414763451
1542,71,14.0,14,,nnknn,500,1197,112,325,0,872,112,0,0,0.9804806666666667,0.9804806666666667,True,"[0.6921740770339966, 0.30782589316368103]","[0.5037510991096497, 0.49624890089035034]","[247, 253]",-0.0004999150987714529,0.0006388537003658712,0.004545664414763451
1564,72,22.0,22,27.457996368408203,nnknn,483,1315,124,375,0,940,124,0,0,0.980202,0.980202,True,"[0.8027881383895874, 0.1972118616104126]","[0.5059946179389954, 0.494005411863327]","[249, 234]",-0.0004626926966011524,0.0006917737773619592,0.005044987425208092
1583,73,19.0,19,,nnknn,483,1315,124,375,0,940,124,0,0,0.9799613333333334,0.9799613333333334,True,"[0.7034497261047363, 0.2965502440929413]","[0.5040768384933472, 0.49592313170433044]","[249, 234]",-0.0004626926966011524,0.0006917737773619592,0.005044987425208092
1608,74,25.0,25,,nnknn,483,1315,124,375,0,940,124,0,0,0.9796446666666667,0.9796446666666667,True,"[0.7994205951690674, 0.200579434633255]","[0.5060948133468628, 0.4939051866531372]","[249, 234]",-0.0004626926966011524,0.0006917737773619592,0.005044987425208092
1629,75,21.0,21,,nnknn,483,1315,124,375,0,940,124,0,0,0.9793786666666666,0.9793786666666666,True,"[0.7030666470527649, 0.2969333529472351]","[0.5041875243186951, 0.49581247568130493]","[249, 234]",-0.0004626926966011524,0.0006917737773619592,0.005044987425208092
1646,76,17.0,17,10.002296447753906,nnknn,484,1386,160,400,0,986,160,0,0,0.9791633333333334,0.9791633333333334,True,"[0.2683972120285034, 0.7316027879714966]","[0.4951741695404053, 0.5048258304595947]","[252, 232]",-0.0004984894185326993,0.0007314914255402982,0.005540397949516773
1665,77,19.0,19,,nnknn,484,1386,160,400,0,986,160,0,0,0.9789226666666667,0.9789226666666667,True,"[0.40997084975242615, 0.5900291800498962]","[0.49810242652893066, 0.5018975734710693]","[252, 232]",-0.0004984894185326993,0.0007314914255402982,0.005540397949516773
1678,78,13.0,13,,nnknn,484,1386,160,400,0,986,160,0,0,0.978758,0.978758,True,"[0.49367424845695496, 0.5063257217407227]","[0.4998656213283539, 0.5001343488693237]","[252, 232]",-0.0004984894185326993,0.0007314914255402982,0.005540397949516773
1705,79,27.0,27,,nnknn,484,1386,160,400,0,986,160,0,0,0.978416,0.978416,True,"[0.36675581336021423, 0.6332442164421082]","[0.4971240758895874, 0.5028759241104126]","[252, 232]",-0.0004984894185326993,0.0007314914255402982,0.005540397949516773
1726,80,21.0,21,15.96949577331543,nnknn,487,1493,160,425,0,1068,160,0,0,0.97815,0.97815,True,"[0.6056168675422668, 0.39438316226005554]","[0.5023077130317688, 0.4976922869682312]","[255, 232]",-0.0004999154480174184,0.0007970195729285479,0.006039950530976057
1763,81,37.0,37,,nnknn,487,1493,160,425,0,1068,160,0,0,0.9776813333333333,0.9776813333333333,True,"[0.4838036596775055, 0.5161963701248169]","[0.49963852763175964, 0.5003615021705627]","[255, 232]",-0.0004999154480174184,0.0007970195729285479,0.006039950530976057
1791,82,28.0,28,,nnknn,487,1493,160,425,0,1068,160,0,0,0.9773266666666667,0.9773266666666667,True,"[0.19673964381217957, 0.803260326385498]","[0.4931240975856781, 0.5068759322166443]","[255, 232]",-0.0004999154480174184,0.0007970195729285479,0.006039950530976057
1806,83,15.0,15,,nnknn,487,1493,160,425,0,1068,160,0,0,0.9771366666666667,0.9771366666666667,True,"[0.09975839406251907, 0.9002416133880615]","[0.4908491373062134, 0.5091508626937866]","[255, 232]",-0.0004999154480174184,0.0007970195729285479,0.006039950530976057
1825,84,19.0,19,21.955127716064453,nnknn,490,1597,203,475,0,1122,203,0,0,0.976896,0.976896,True,"[0.0, 1.0]","[0.48844799399375916, 0.5115519762039185]","[262, 228]",-0.00030776701169088483,0.0008810539147816598,0.0055410852655768394
1835,85,10.0,10,,nnknn,490,1597,203,475,0,1122,203,0,0,0.9767693333333334,0.9767693333333334,True,"[0.27314436435699463, 0.7268556356430054]","[0.49472999572753906, 0.5052700042724609]","[262, 228]",-0.00030776701169088483,0.0008810539147816598,0.0055410852655768394
1847,86,12.0,12,,nnknn,490,1597,203,475,0,1122,203,0,0,0.9766173333333333,0.9766173333333333,True,"[0.5998971462249756, 0.4001028537750244]","[0.5023358464241028, 0.4976641535758972]","[262, 228]",-0.00030776701169088483,0.0008810539147816598,0.0055410852655768394
1865,87,18.0,18,,nnknn,490,1597,203,475,0,1122,203,0,0,0.9763893333333333,0.9763893333333333,True,"[0.6934921145439148, 0.3065079152584076]","[0.5045684576034546, 0.495431512594223]","[262, 228]",-0.00030776701169088483,0.0008810539147816598,0.0055410852655768394
1890,88,25.0,25,13.236268997192383,nnknn,492,1660,230,500,0,1160,230,0,0,0.9760726666666667,0.9760726666666667,True,"[0.10715699940919876, 0.8928430080413818]","[0.4906003177165985, 0.5093997120857239]","[263, 229]",-0.00017867208225652575,0.0009091391693800688,0.005362291354686022
1909,89,19.0,19,,nnknn,492,1660,230,500,0,1160,230,0,0,0.975832,0.975832,True,"[0.3017314672470093, 0.6982685923576355]","[0.4952082335948944, 0.5047917366027832]","[263, 229]",-0.00017867208225652575,0.0009091391693800688,0.005362291354686022
1947,90,38.0,38,,nnknn,492,1660,230,500,0,1160,230,0,0,0.9753506666666667,0.9753506666666667,True,"[0.6111750602722168, 0.3888249099254608]","[0.5027403831481934, 0.49725961685180664]","[263, 229]",-0.00017867208225652575,0.0009091391693800688,0.005362291354686022
1966,91,19.0,19,,nnknn,492,1660,230,500,0,1160,230,0,0,0.97511,0.97511,True,"[0.3975144326686859, 0.6024855971336365]","[0.49744912981987, 0.5025508403778076]","[263, 229]",-0.00017867208225652575,0.0009091391693800688,0.005362291354686022
1979,92,13.0,13,21.261775970458984,nnknn,493,1764,265,550,0,1214,265,0,0,0.9749453333333333,0.9749453333333333,True,"[0.5975623726844788, 0.402437686920166]","[0.5024443864822388, 0.49755561351776123]","[257, 236]",-0.0003408383345231414,0.0009635819587856531,0.0054635400883853436
2014,93,35.0,35,,nnknn,493,1764,265,550,0,1214,265,0,0,0.974502,0.974502,True,"[0.4215649366378784, 0.5784350633621216]","[0.49800005555152893, 0.5019999146461487]","[257, 236]",-0.0003408383345231414,0.0009635819587856531,0.0054635400883853436
2031,94,17.0,17,,nnknn,493,1764,265,550,0,1214,265,0,0,0.9742866666666666,0.9742866666666666,True,"[0.42155370116233826, 0.5784463286399841]","[0.4979828894138336, 0.5020171403884888]","[257, 236]",-0.0003408383345231414,0.0009635819587856531,0.0054635400883853436
2122,95,91.0,91,,nnknn,493,1764,265,550,0,1214,265,0,0,0.9731339999999999,0.9731339999999999,True,"[0.5346232056617737, 0.4653767943382263]","[0.5009301900863647, 0.49906980991363525]","[257, 236]",-0.0003408383345231414,0.0009635819587856531,0.0054635400883853436
2141,96,19.0,19,86.9861068725586,nnknn,500,1911,387,629,28,1282,359,0,0,0.9728933333333334,0.9728933333333334,True,"[0.6982403993606567, 0.30175966024398804]","[0.5053736567497253, 0.49462637305259705]","[269, 231]",0.0,0.0010102716041728854,0.0059632956981658936
2163,97,22.0,22,,nnknn,500,1911,387,629,28,1282,359,0,0,0.9726146666666666,0.9726146666666666,True,"[0.5485994219779968, 0.45140060782432556]","[0.5013309121131897, 0.4986690878868103]","[269, 231]",0.0,0.0010102716041728854,0.0059632956981658936
2175,98,12.0,12,,nnknn,500,1911,387,629,28,1282,359,0,0,0.9724626666666667,0.9724626666666667,True,"[0.48604685068130493, 0.5139531493186951]","[0.49961575865745544, 0.5003842115402222]","[269, 231]",0.0,0.0010102716041728854,0.0059632956981658936
2209,99,34.0,34,,nnknn,500,1911,387,629,28,1282,359,0,0,0.972032,0.972032,True,"[0.19904957711696625, 0.8009504675865173]","[0.4915830194950104, 0.5084169507026672]","[269, 231]",0.0,0.0010102716041728854,0.0059632956981658936
2223,100,14.0,14,21.829771041870117,nnknn,500,1975,441,665,28,1310,413,0,0,0.9718546666666666,0.9718546666666666,True,"[0.4979694187641144, 0.502030611038208]","[0.4999428391456604, 0.5000571608543396]","[260, 240]",0.0,0.001058606430888176,0.005463442765176296
2282,101,59.0,59,,nnknn,500,1975,441,665,28,1310,413,0,0,0.9711073333333333,0.9711073333333333,True,"[0.4093441963195801, 0.5906558036804199]","[0.49738070368766785, 0.5026192665100098]","[260, 240]",0.0,0.001058606430888176,0.005463442765176296
2295,102,13.0,13,,nnknn,500,1975,441,665,28,1310,413,0,0,0.9709426666666666,0.9709426666666666,True,"[0.7995293140411377, 0.20047074556350708]","[0.5087035298347473, 0.4912964701652527]","[260, 240]",0.0,0.001058606430888176,0.005463442765176296
2313,103,18.0,18,,nnknn,500,1975,441,665,28,1310,413,0,0,0.9707146666666666,0.9707146666666666,True,"[1.0, 0.0]","[0.5146426558494568, 0.4853573441505432]","[260, 240]",0.0,0.001058606430888176,0.005463442765176296
2327,104,14.0,14,53.78022766113281,nnknn,500,2063,522,710,48,1353,474,0,0,0.9705373333333334,0.9705373333333334,True,"[0.3920355439186096, 0.6079645156860352]","[0.49681907892227173, 0.5031809210777283]","[263, 237]",0.0,0.001104658585973084,0.005373770836740732
2353,105,26.0,26,,nnknn,500,2063,522,710,48,1353,474,0,0,0.970208,0.970208,True,"[0.45641249418258667, 0.5435875654220581]","[0.49870145320892334, 0.5012985467910767]","[263, 237]",0.0,0.001104658585973084,0.005373770836740732
2367,106,14.0,14,,nnknn,500,2063,522,710,48,1353,474,0,0,0.9700306666666667,0.9700306666666667,True,"[0.5961951017379761, 0.40380486845970154]","[0.5028828978538513, 0.4971171021461487]","[263, 237]",0.0,0.001104658585973084,0.005373770836740732
2392,107,25.0,25,,nnknn,500,2063,522,710,48,1353,474,0,0,0.969714,0.969714,True,"[0.5036566853523254, 0.4963432848453522]","[0.5001107454299927, 0.4998892545700073]","[263, 237]",0.0,0.001104658585973084,0.005373770836740732
2406,108,14.0,14,13.71573257446289,nnknn,500,2118,580,743,49,1375,531,0,0,0.9695366666666667,0.9695366666666667,True,"[0.4718359112739563, 0.5281640887260437]","[0.49914202094078064, 0.500857949256897]","[258, 242]",0.0,0.001145026064477861,0.005873543210327625
2443,109,37.0,37,,nnknn,500,2118,580,743,49,1375,531,0,0,0.969068,0.969068,True,"[0.31189653277397156, 0.688103437423706]","[0.4941815733909607, 0.5058184266090393]","[258, 242]",0.0,0.001145026064477861,0.005873543210327625
2459,110,16.0,16,,nnknn,500,2118,580,743,49,1375,531,0,0,0.9688653333333334,0.9688653333333334,True,"[0.26581472158432007, 0.7341852784156799]","[0.4927087128162384, 0.5072912573814392]","[258, 242]",0.0,0.001145026064477861,0.005873543210327625
2470,111,11.0,11,,nnknn,500,2118,580,743,49,1375,531,0,0,0.968726,0.968726,True,"[0.39901667833328247, 0.6009833812713623]","[0.4968418478965759, 0.5031581521034241]","[258, 242]",0.0,0.001145026064477861,0.005873543210327625
2492,112,22.0,22,19.800369262695312,nnknn,500,2196,629,779,54,1417,575,0,0,0.9684473333333333,0.9684473333333333,True,"[0.18078796565532684, 0.819212019443512]","[0.4899280071258545, 0.5100719928741455]","[268, 232]",0.0,0.0011594844982028008,0.005778420716524124
2529,113,37.0,37,,nnknn,500,2196,629,779,54,1417,575,0,0,0.9679786666666667,0.9679786666666667,True,"[0.39332884550094604, 0.606671154499054]","[0.4965842366218567, 0.5034157633781433]","[268, 232]",0.0,0.0011594844982028008,0.005778420716524124
2546,114,17.0,17,,nnknn,500,2196,629,779,54,1417,575,0,0,0.9677633333333333,0.9677633333333333,True,"[0.394142210483551, 0.6058578491210938]","[0.49658748507499695, 0.5034124851226807]","[268, 232]",0.0,0.0011594844982028008,0.005778420716524124
2562,115,16.0,16,,nnknn,500,2196,629,779,54,1417,575,0,0,0.9675606666666666,0.9675606666666666,True,"[0.3859497606754303, 0.6140502691268921]","[0.49630028009414673, 0.5036997199058533]","[268, 232]",0.0,0.0011594844982028008,0.005778420716524124
2587,116,25.0,25,18.252973556518555,nnknn,500,2271,703,808,79,1463,624,0,0,0.967244,0.967244,True,"[0.3085780739784241, 0.6914219856262207]","[0.4937297999858856, 0.5062702298164368]","[269, 231]",0.0,0.00119606067892164,0.006278375629335642
2601,117,14.0,14,,nnknn,500,2271,703,808,79,1463,624,0,0,0.9670666666666666,0.9670666666666666,True,"[0.06498700380325317, 0.9350130558013916]","[0.48567357659339905, 0.5143264532089233]","[269, 231]",0.0,0.00119606067892164,0.006278375629335642
2621,118,20.0,20,,nnknn,500,2271,703,808,79,1463,624,0,0,0.9668133333333333,0.9668133333333333,True,"[0.8963321447372437, 0.10366785526275635]","[0.5131529569625854, 0.48684704303741455]","[269, 231]",0.0,0.00119606067892164,0.006278375629335642
2665,119,44.0,44,,nnknn,500,2271,703,808,79,1463,624,0,0,0.966256,0.966256,True,"[0.4538628160953522, 0.5461372137069702]","[0.4984431564807892, 0.5015568733215332]","[269, 231]",0.0,0.00119606067892164,0.006278375629335642
2681,120,16.0,16,30.470518112182617,nnknn,500,2357,761,855,82,1502,679,0,0,0.9660533333333333,0.9660533333333333,True,"[0.3803962767124176, 0.61960369348526]","[0.49593985080718994, 0.5040601491928101]","[271, 229]",0.0,0.0012566202785819769,0.006527396384626627
2743,121,62.0,62,,nnknn,500,2357,761,855,82,1502,679,0,0,0.965268,0.965268,True,"[0.3004966080188751, 0.6995034217834473]","[0.4930708408355713, 0.5069291591644287]","[271, 229]",0.0,0.0012566202785819769,0.006527396384626627
2757,122,14.0,14,,nnknn,500,2357,761,855,82,1502,679,0,0,0.9650906666666667,0.9650906666666667,True,"[0.4817531704902649, 0.5182468891143799]","[0.4993630051612854, 0.5006369948387146]","[271, 229]",0.0,0.0012566202785819769,0.006527396384626627
2797,123,40.0,40,,nnknn,500,2357,761,855,82,1502,679,0,0,0.964584,0.964584,True,"[0.8030771613121033, 0.19692283868789673]","[0.5107337832450867, 0.48926621675491333]","[271, 229]",0.0,0.0012566202785819769,0.006527396384626627
2815,124,18.0,18,60.0955924987793,nnknn,500,2457,884,896,130,1561,754,0,0,0.964356,0.964356,True,"[0.3905230164527893, 0.6094770431518555]","[0.4960978031158447, 0.5039021968841553]","[275, 225]",0.0,0.0013112480519339442,0.006423877086490393
2836,125,21.0,21,,nnknn,500,2457,884,896,130,1561,754,0,0,0.96409,0.96409,True,"[0.5113105177879333, 0.48868948221206665]","[0.5004061460494995, 0.4995938539505005]","[275, 225]",0.0,0.0013112480519339442,0.006423877086490393
2863,126,27.0,27,,nnknn,500,2457,884,896,130,1561,754,0,0,0.963748,0.963748,True,"[0.5037140846252441, 0.49628594517707825]","[0.5001346468925476, 0.4998653531074524]","[275, 225]",0.0,0.0013112480519339442,0.006423877086490393
2882,127,19.0,19,,nnknn,500,2457,884,896,130,1561,754,0,0,0.9635073333333334,0.9635073333333334,True,"[0.40366682410240173, 0.5963331460952759]","[0.49648454785346985, 0.5035154819488525]","[275, 225]",0.0,0.0013112480519339442,0.006423877086490393
2892,128,10.0,10,15.387018203735352,nnknn,490,2537,923,938,130,1599,793,0,0,0.9633806666666667,0.9633806666666667,True,"[0.6006956100463867, 0.39930444955825806]","[0.5036873817443848, 0.49631258845329285]","[274, 216]",0.0,0.0013801964232698083,0.0069235265254974365
2902,129,10.0,10,,nnknn,490,2537,923,938,130,1599,793,0,0,0.963254,0.963254,True,"[0.1827945113182068, 0.817205548286438]","[0.4883439540863037, 0.5116560459136963]","[274, 216]",0.0,0.0013801964232698083,0.0069235265254974365
2914,130,12.0,12,,nnknn,490,2537,923,938,130,1599,793,0,0,0.963102,0.963102,True,"[0.18456675112247467, 0.8154332637786865]","[0.4883611500263214, 0.511638879776001]","[274, 216]",0.0,0.0013801964232698083,0.0069235265254974365
2927,131,13.0,13,,nnknn,490,2537,923,938,130,1599,793,0,0,0.9629373333333333,0.9629373333333333,True,"[0.08278752863407135, 0.9172124862670898]","[0.4845370054244995, 0.5154629945755005]","[274, 216]",0.0,0.0013801964232698083,0.0069235265254974365
2940,132,13.0,13,12.674664497375488,nnknn,477,2589,943,962,130,1627,813,0,0,0.9627726666666667,0.9627726666666667,True,"[0.6098620891571045, 0.3901379108428955]","[0.504089891910553, 0.4959101378917694]","[271, 206]",0.0,0.0014059517998248339,0.007423355709761381
2958,133,18.0,18,,nnknn,477,2589,943,962,130,1627,813,0,0,0.9625446666666667,0.9625446666666667,True,"[0.5092189311981201, 0.4907810688018799]","[0.5003452897071838, 0.49965471029281616]","[271, 206]",0.0,0.0014059517998248339,0.007423355709761381
2975,134,17.0,17,,nnknn,477,2589,943,962,130,1627,813,0,0,0.9623293333333334,0.9623293333333334,True,"[0.3071802258491516, 0.6928197741508484]","[0.4927363395690918, 0.5072636604309082]","[271, 206]",0.0,0.0014059517998248339,0.007423355709761381
2988,135,13.0,13,,nnknn,477,2589,943,962,130,1627,813,0,0,0.9621646666666667,0.9621646666666667,True,"[0.7924652099609375, 0.20753484964370728]","[0.5110655426979065, 0.4889344871044159]","[271, 206]",0.0,0.0014059517998248339,0.007423355709761381
3002,136,14.0,14,6.729691982269287,nnknn,472,2644,974,986,130,1658,844,0,0,0.9619873333333333,0.9619873333333333,True,"[0.9021869897842407, 0.09781302511692047]","[0.515288233757019, 0.48471179604530334]","[270, 202]",0.0,0.001432760851457715,0.006923595909029245
3017,137,15.0,15,,nnknn,472,2644,974,986,130,1658,844,0,0,0.9617973333333333,0.9617973333333333,True,"[0.10030514001846313, 0.8996949195861816]","[0.48473060131073, 0.51526939868927]","[270, 202]",0.0,0.001432760851457715,0.006923595909029245
3041,138,24.0,24,,nnknn,472,2644,974,986,130,1658,844,0,0,0.9614933333333333,0.9614933333333333,True,"[0.8041741847991943, 0.19582581520080566]","[0.5117127299308777, 0.4882872700691223]","[270, 202]",0.0,0.001432760851457715,0.006923595909029245
3059,139,18.0,18,,nnknn,472,2644,974,986,130,1658,844,0,0,0.9612653333333333,0.9612653333333333,True,"[0.5264647006988525, 0.47353529930114746]","[0.5010250806808472, 0.49897488951683044]","[270, 202]",0.0,0.001432760851457715,0.006923595909029245
3083,140,24.0,24,11.068572044372559,nnknn,485,2704,1020,1011,130,1693,890,0,0,0.9609613333333333,0.9609613333333333,True,"[0.6086208820343018, 0.391379177570343]","[0.5042403936386108, 0.4957595765590668]","[276, 209]",-1.0174394446949009e-05,0.0014239191077649593,0.00742327980697155
3098,141,15.0,15,,nnknn,485,2704,1020,1011,130,1693,890,0,0,0.9607713333333333,0.9607713333333333,True,"[0.2836543619632721, 0.7163456678390503]","[0.49151304364204407, 0.5084869265556335]","[276, 209]",-1.0174394446949009e-05,0.0014239191077649593,0.00742327980697155
3116,142,18.0,18,,nnknn,485,2704,1020,1011,130,1693,890,0,0,0.9605433333333333,0.9605433333333333,True,"[0.783572793006897, 0.21642723679542542]","[0.5111888647079468, 0.4888111650943756]","[276, 209]",-1.0174394446949009e-05,0.0014239191077649593,0.00742327980697155
3173,143,57.0,57,,nnknn,485,2704,1020,1011,130,1693,890,0,0,0.9598213333333333,0.9598213333333333,True,"[0.6991831660270691, 0.3008168041706085]","[0.5080029368400574, 0.491997092962265]","[276, 209]",-1.0174394446949009e-05,0.0014239191077649593,0.00742327980697155
3186,144,13.0,13,45.17957305908203,nnknn,500,2790,1082,1055,131,1735,951,0,0,0.9596566666666667,0.9596566666666667,True,"[0.8042058944702148, 0.19579416513442993]","[0.5122726559638977, 0.4877273142337799]","[274, 226]",0.0,0.0014220045413821936,0.0073060947470366955
3212,145,26.0,26,,nnknn,500,2790,1082,1055,131,1735,951,0,0,0.9593273333333333,0.9593273333333333,True,"[0.3935280740261078, 0.6064719557762146]","[0.49566951394081116, 0.5043305158615112]","[274, 226]",0.0,0.0014220045413821936,0.0073060947470366955
3231,146,19.0,19,,nnknn,500,2790,1082,1055,131,1735,951,0,0,0.9590866666666666,0.9590866666666666,True,"[0.22410088777542114, 0.7758991122245789]","[0.48871204257011414, 0.5112879276275635]","[274, 226]",0.0,0.0014220045413821936,0.0073060947470366955
3257,147,26.0,26,,nnknn,500,2790,1082,1055,131,1735,951,0,0,0.9587573333333334,0.9587573333333334,True,"[0.32724642753601074, 0.6727535724639893]","[0.49287518858909607, 0.5071248412132263]","[274, 226]",0.0,0.0014220045413821936,0.0073060947470366955
3296,148,39.0,39,31.95826530456543,nnknn,500,2882,1164,1095,155,1787,1009,0,0,0.9582633333333334,0.9582633333333334,True,"[0.495900958776474, 0.5040990710258484]","[0.49982893466949463, 0.5001710653305054]","[269, 231]",0.0,0.0014902391703799367,0.006806214805692434
3312,149,16.0,16,,nnknn,500,2882,1164,1095,155,1787,1009,0,0,0.9580606666666667,0.9580606666666667,True,"[0.6122981905937195, 0.38770177960395813]","[0.5047097206115723, 0.49529027938842773]","[269, 231]",0.0,0.0014902391703799367,0.006806214805692434
3323,150,11.0,11,,nnknn,500,2882,1164,1095,155,1787,1009,0,0,0.9579213333333333,0.9579213333333333,True,"[0.4970332980155945, 0.5029667615890503]","[0.49987515807151794, 0.5001248121261597]","[269, 231]",0.0,0.0014902391703799367,0.006806214805692434
3350,151,27.0,27,,nnknn,500,2882,1164,1095,155,1787,1009,0,0,0.9575793333333333,0.9575793333333333,True,"[0.2816179692745209, 0.7183820605278015]","[0.49073609709739685, 0.5092639327049255]","[269, 231]",0.0,0.0014902391703799367,0.006806214805692434
3363,152,13.0,13,16.135478973388672,nnknn,491,2938,1200,1120,155,1818,1045,0,0,0.9574146666666666,0.9574146666666666,True,"[0.29528090357780457, 0.7047191262245178]","[0.49128198623657227, 0.5087180137634277]","[265, 226]",-1.1178711645243311e-07,0.0015205732779577374,0.007306090090423822
3374,153,11.0,11,,nnknn,491,2938,1200,1120,155,1818,1045,0,0,0.9572753333333334,0.9572753333333334,True,"[0.3954326808452606, 0.6045673489570618]","[0.49553239345550537, 0.5044676065444946]","[265, 226]",-1.1178711645243311e-07,0.0015205732779577374,0.007306090090423822
3396,154,22.0,22,,nnknn,491,2938,1200,1120,155,1818,1045,0,0,0.9569966666666667,0.9569966666666667,True,"[0.3534330427646637, 0.6465669870376587]","[0.4936971366405487, 0.5063028931617737]","[265, 226]",-1.1178711645243311e-07,0.0015205732779577374,0.007306090090423822
3406,155,10.0,10,,nnknn,491,2938,1200,1120,155,1818,1045,0,0,0.95687,0.95687,True,"[0.38815903663635254, 0.6118409633636475]","[0.4951763153076172, 0.5048236846923828]","[265, 226]",-1.1178711645243311e-07,0.0015205732779577374,0.007306090090423822
3419,156,13.0,13,11.468673706054688,nnknn,489,3003,1216,1145,155,1858,1061,0,0,0.9567053333333333,0.9567053333333333,True,"[0.39944133162498474, 0.6005586981773376]","[0.4956463575363159, 0.5043536424636841]","[257, 232]",-1.5084445692536974e-07,0.0015084251062944531,0.007191416807472706
3432,157,13.0,13,,nnknn,489,3003,1216,1145,155,1858,1061,0,0,0.9565406666666667,0.9565406666666667,True,"[1.0, 0.0]","[0.5217297077178955, 0.4782703220844269]","[257, 232]",-1.5084445692536974e-07,0.0015084251062944531,0.007191416807472706
3451,158,19.0,19,,nnknn,489,3003,1216,1145,155,1858,1061,0,0,0.9563,0.9563,True,"[0.45191583037376404, 0.5480841994285583]","[0.49789872765541077, 0.5021013021469116]","[257, 232]",-1.5084445692536974e-07,0.0015084251062944531,0.007191416807472706
3465,159,14.0,14,,nnknn,489,3003,1216,1145,155,1858,1061,0,0,0.9561226666666667,0.9561226666666667,True,"[0.19926738739013672, 0.8007326126098633]","[0.48680466413497925, 0.5131953358650208]","[257, 232]",-1.5084445692536974e-07,0.0015084251062944531,0.007191416807472706
3481,160,16.0,16,7.088044166564941,nnknn,482,3043,1257,1164,155,1879,1102,0,0,0.95592,0.95592,True,"[0.28956320881843567, 0.7104367613792419]","[0.49072393774986267, 0.5092760324478149]","[263, 219]",0.0,0.0015220039058476686,0.007691394537687302
3497,161,16.0,16,,nnknn,482,3043,1257,1164,155,1879,1102,0,0,0.9557173333333333,0.9557173333333333,True,"[0.38974374532699585, 0.6102563142776489]","[0.49511754512786865, 0.5048824548721313]","[263, 219]",0.0,0.0015220039058476686,0.007691394537687302
3530,162,33.0,33,,nnknn,482,3043,1257,1164,155,1879,1102,0,0,0.9552993333333333,0.9552993333333333,True,"[0.29959002137184143, 0.7004099488258362]","[0.49104154109954834, 0.5089584589004517]","[263, 219]",0.0,0.0015220039058476686,0.007691394537687302
3546,163,16.0,16,,nnknn,482,3043,1257,1164,155,1879,1102,0,0,0.9550966666666667,0.9550966666666667,True,"[0.37607792019844055, 0.6239221096038818]","[0.49443548917770386, 0.5055645108222961]","[263, 219]",0.0,0.0015220039058476686,0.007691394537687302
3576,164,30.0,30,17.48654556274414,nnknn,494,3125,1307,1201,155,1924,1152,0,0,0.9547166666666667,0.9547166666666667,True,"[0.5902623534202576, 0.40973761677742004]","[0.5040873885154724, 0.4959126114845276]","[274, 220]",0.0,0.0015122544718906283,0.007570427842438221
3591,165,15.0,15,,nnknn,494,3125,1307,1201,155,1924,1152,0,0,0.9545266666666666,0.9545266666666666,True,"[0.9030299186706543, 0.0969700738787651]","[0.5183271169662476, 0.48167288303375244]","[274, 220]",0.0,0.0015122544718906283,0.007570427842438221
3640,166,49.0,49,,nnknn,494,3125,1307,1201,155,1924,1152,0,0,0.953906,0.953906,True,"[0.5936617851257324, 0.4063382148742676]","[0.5043172240257263, 0.4956827461719513]","[274, 220]",0.0,0.0015122544718906283,0.007570427842438221
3664,167,24.0,24,,nnknn,494,3125,1307,1201,155,1924,1152,0,0,0.953602,0.953602,True,"[0.9022437334060669, 0.09775631129741669]","[0.5186632871627808, 0.48133671283721924]","[274, 220]",0.0,0.0015122544718906283,0.007570427842438221
3682,168,18.0,18,29.919878005981445,nnknn,500,3185,1414,1232,185,1953,1229,0,0,0.9533739999999999,0.9533739999999999,True,"[0.39224883913993835, 0.607751190662384]","[0.4949759840965271, 0.5050240159034729]","[278, 222]",0.0,0.0015289016300812364,0.0070715430192649364
3710,169,28.0,28,,nnknn,500,3185,1414,1232,185,1953,1229,0,0,0.9530193333333333,0.9530193333333333,True,"[0.6367881298065186, 0.36321187019348145]","[0.5064263939857483, 0.4935736060142517]","[278, 222]",0.0,0.0015289016300812364,0.0070715430192649364
3724,170,14.0,14,,nnknn,500,3185,1414,1232,185,1953,1229,0,0,0.952842,0.952842,True,"[0.6860139966011047, 0.31398603320121765]","[0.508772075176239, 0.4912279546260834]","[278, 222]",0.0,0.0015289016300812364,0.0070715430192649364
3758,171,34.0,34,,nnknn,500,3185,1414,1232,185,1953,1229,0,0,0.9524113333333333,0.9524113333333333,True,"[0.0, 1.0]","[0.4762056767940521, 0.5237942934036255]","[278, 222]",0.0,0.0015289016300812364,0.0070715430192649364
3782,172,24.0,24,17.9512996673584,nnknn,500,3269,1489,1275,201,1994,1288,0,0,0.9521073333333333,0.9521073333333333,True,"[0.7002086043357849, 0.2997914254665375]","[0.5095885396003723, 0.4904114603996277]","[269, 231]",0.0,0.0015608816174790263,0.006571748293936253
3809,173,27.0,27,,nnknn,500,3269,1489,1275,201,1994,1288,0,0,0.9517653333333334,0.9517653333333334,True,"[0.38521087169647217, 0.6147891283035278]","[0.494463175535202, 0.5055367946624756]","[269, 231]",0.0,0.0015608816174790263,0.006571748293936253
3823,174,14.0,14,,nnknn,500,3269,1489,1275,201,1994,1288,0,0,0.951588,0.951588,True,"[0.6003249883651733, 0.3996749818325043]","[0.5048569440841675, 0.4951430559158325]","[269, 231]",0.0,0.0015608816174790263,0.006571748293936253
3836,175,13.0,13,,nnknn,500,3269,1489,1275,201,1994,1288,0,0,0.9514233333333333,0.9514233333333333,True,"[0.5235397815704346, 0.47646021842956543]","[0.5011434555053711, 0.4988565146923065]","[269, 231]",0.0,0.0015608816174790263,0.006571748293936253
3848,176,12.0,12,25.15367317199707,nnknn,493,3335,1514,1300,201,2035,1313,0,0,0.9512713333333334,0.9512713333333334,True,"[0.5187341570854187, 0.4812658727169037]","[0.5009129047393799, 0.4990871250629425]","[269, 224]",0.0,0.0015764303971081972,0.006630172021687031
3868,177,20.0,20,,nnknn,493,3335,1514,1300,201,2035,1313,0,0,0.951018,0.951018,True,"[0.6137552261352539, 0.3862447738647461]","[0.5055719614028931, 0.49442803859710693]","[269, 224]",0.0,0.0015764303971081972,0.006630172021687031
3884,178,16.0,16,,nnknn,493,3335,1514,1300,201,2035,1313,0,0,0.9508153333333333,0.9508153333333333,True,"[0.5991199016571045, 0.4008800685405731]","[0.5048751831054688, 0.49512481689453125]","[269, 224]",0.0,0.0015764303971081972,0.006630172021687031
3895,179,11.0,11,,nnknn,493,3335,1514,1300,201,2035,1313,0,0,0.950676,0.950676,True,"[0.6416198015213013, 0.35838016867637634]","[0.5069852471351624, 0.49301475286483765]","[269, 224]",0.0,0.0015764303971081972,0.006630172021687031
3915,180,20.0,20,8.743501663208008,nnknn,496,3387,1551,1322,201,2065,1350,0,0,0.9504226666666666,0.9504226666666666,True,"[0.5969355702400208, 0.40306439995765686]","[0.5048058032989502, 0.4951941967010498]","[267, 229]",0.0,0.0016039316542446613,0.006571766920387745
3952,181,37.0,37,,nnknn,496,3387,1551,1322,201,2065,1350,0,0,0.949954,0.949954,True,"[0.0, 1.0]","[0.4749769866466522, 0.5250229835510254]","[267, 229]",0.0,0.0016039316542446613,0.006571766920387745
3971,182,19.0,19,,nnknn,496,3387,1551,1322,201,2065,1350,0,0,0.9497133333333333,0.9497133333333333,True,"[0.2954169809818268, 0.7045830488204956]","[0.4897122085094452, 0.5102878212928772]","[267, 229]",0.0,0.0016039316542446613,0.006571766920387745
3989,183,18.0,18,,nnknn,496,3387,1551,1322,201,2065,1350,0,0,0.9494853333333333,0.9494853333333333,True,"[0.5147233605384827, 0.4852766990661621]","[0.5007437467575073, 0.4992562532424927]","[267, 229]",0.0,0.0016039316542446613,0.006571766920387745
4000,184,11.0,11,22.04203224182129,nnknn,500,3454,1610,1349,215,2105,1395,0,0,0.949346,0.949346,True,"[0.1981113851070404, 0.8018885850906372]","[0.48470813035964966, 0.5152918696403503]","[263, 237]",0.0,0.0016157154459506273,0.006883898749947548
4019,185,19.0,19,,nnknn,500,3454,1610,1349,215,2105,1395,0,0,0.9491053333333334,0.9491053333333334,True,"[0.42384859919548035, 0.5761513710021973]","[0.4961242973804474, 0.5038756728172302]","[263, 237]",0.0,0.0016157154459506273,0.006883898749947548
4044,186,25.0,25,,nnknn,500,3454,1610,1349,215,2105,1395,0,0,0.9487886666666667,0.9487886666666667,True,"[0.7090182304382324, 0.2909817695617676]","[0.5107041001319885, 0.4892958998680115]","[263, 237]",0.0,0.0016157154459506273,0.006883898749947548
4063,187,19.0,19,,nnknn,500,3454,1610,1349,215,2105,1395,0,0,0.948548,0.948548,True,"[0.9049195647239685, 0.09508045017719269]","[0.5208339095115662, 0.47916609048843384]","[263, 237]",0.0,0.0016157154459506273,0.006883898749947548
4080,188,17.0,17,8.610018730163574,nnknn,500,3523,1654,1376,221,2147,1433,0,0,0.9483326666666667,0.9483326666666667,True,"[0.19642072916030884, 0.8035793304443359]","[0.48431485891342163, 0.5156851410865784]","[259, 241]",0.0,0.0016692731296643615,0.0071383253671228886
4138,189,58.0,58,,nnknn,500,3523,1654,1376,221,2147,1433,0,0,0.947598,0.947598,True,"[0.8002675771713257, 0.1997324824333191]","[0.5157346129417419, 0.48426538705825806]","[259, 241]",0.0,0.0016692731296643615,0.0071383253671228886
4186,190,48.0,48,,nnknn,500,3523,1654,1376,221,2147,1433,0,0,0.94699,0.94699,True,"[0.9072405099868774, 0.09275949746370316]","[0.5215877890586853, 0.4784121811389923]","[259, 241]",0.0,0.0016692731296643615,0.0071383253671228886
4229,191,43.0,43,,nnknn,500,3523,1654,1376,221,2147,1433,0,0,0.9464453333333334,0.9464453333333334,True,"[1.0, 0.0]","[0.5267773270606995, 0.47322267293930054]","[259, 241]",0.0,0.0016692731296643615,0.0071383253671228886
4242,192,13.0,13,74.16773986816406,nnknn,500,3613,1851,1421,301,2192,1550,0,0,0.9462806666666667,0.9462806666666667,True,"[1.0, 0.0]","[0.5268596410751343, 0.47314032912254333]","[263, 237]",0.0,0.001710981479845941,0.007027268875390291
4320,193,78.0,78,,nnknn,500,3613,1851,1421,301,2192,1550,0,0,0.9452926666666667,0.9452926666666667,True,"[0.0, 1.0]","[0.4726463258266449, 0.5273536443710327]","[263, 237]",0.0,0.001710981479845941,0.007027268875390291
4332,194,12.0,12,,nnknn,500,3613,1851,1421,301,2192,1550,0,0,0.9451406666666666,0.9451406666666666,True,"[0.09696076065301895, 0.9030392169952393]","[0.4778895378112793, 0.5221104621887207]","[263, 237]",0.0,0.001710981479845941,0.007027268875390291
4357,195,25.0,25,,nnknn,500,3613,1851,1421,301,2192,1550,0,0,0.944824,0.944824,True,"[0.6099236011505127, 0.3900764286518097]","[0.5060651302337646, 0.49393486976623535]","[263, 237]",0.0,0.001710981479845941,0.007027268875390291
4382,196,25.0,25,77.34310913085938,nnknn,500,3686,2013,1450,367,2236,1646,0,0,0.9445073333333334,0.9445073333333334,True,"[0.0, 1.0]","[0.472253680229187, 0.527746319770813]","[257, 243]",0.0,0.0017454973421990871,0.007422293536365032
4411,197,29.0,29,,nnknn,500,3686,2013,1450,367,2236,1646,0,0,0.94414,0.94414,True,"[0.09682492911815643, 0.9031751155853271]","[0.47747865319252014, 0.5225213766098022]","[257, 243]",0.0,0.0017454973421990871,0.007422293536365032
4445,198,34.0,34,,nnknn,500,3686,2013,1450,367,2236,1646,0,0,0.9437093333333333,0.9437093333333333,True,"[1.0, 0.0]","[0.5281453132629395, 0.47185465693473816]","[257, 243]",0.0,0.0017454973421990871,0.007422293536365032
4457,199,12.0,12,,nnknn,500,3686,2013,1450,367,2236,1646,0,0,0.9435573333333334,0.9435573333333334,True,"[0.7907519936561584, 0.20924803614616394]","[0.5164108276367188, 0.48358917236328125]","[257, 243]",0.0,0.0017454973421990871,0.007422293536365032
4474,200,17.0,17,22.15068817138672,nnknn,500,3735,2104,1468,397,2267,1707,0,0,0.943342,0.943342,True,"[0.7638643383979797, 0.23613567650318146]","[0.5149500370025635, 0.4850499629974365]","[258, 242]",0.0,0.0017492929473519325,0.00705753406509757
4483,201,9.0,9,,nnknn,500,3735,2104,1468,397,2267,1707,0,0,0.943228,0.943228,True,"[0.5319157242774963, 0.46808430552482605]","[0.5018119215965271, 0.4981880784034729]","[258, 242]",0.0,0.0017492929473519325,0.00705753406509757
4508,202,25.0,25,,nnknn,500,3735,2104,1468,397,2267,1707,0,0,0.9429113333333333,0.9429113333333333,True,"[0.30780360102653503, 0.6921963691711426]","[0.4890277683734894, 0.510972261428833]","[258, 242]",0.0,0.0017492929473519325,0.00705753406509757
4541,203,33.0,33,,nnknn,500,3735,2104,1468,397,2267,1707,0,0,0.9424933333333333,0.9424933333333333,True,"[0.507310152053833, 0.49268990755081177]","[0.5004203915596008, 0.49957960844039917]","[258, 242]",0.0,0.0017492929473519325,0.00705753406509757
4558,204,17.0,17,18.587890625,nnknn,500,3784,2181,1486,421,2298,1760,0,0,0.942278,0.942278,True,"[0.10303324460983276, 0.8969667553901672]","[0.47708630561828613, 0.5229136943817139]","[257, 243]",0.0,0.0017572579672560096,0.007557348348200321
4647,205,89.0,89,,nnknn,500,3784,2181,1486,421,2298,1760,0,0,0.9411506666666667,0.9411506666666667,True,"[0.5026416182518005, 0.49735838174819946]","[0.5001554489135742, 0.4998445510864258]","[257, 243]",0.0,0.0017572579672560096,0.007557348348200321
4664,206,17.0,17,,nnknn,500,3784,2181,1486,421,2298,1760,0,0,0.9409353333333333,0.9409353333333333,True,"[0.5306910276412964, 0.4693089723587036]","[0.501812756061554, 0.49818724393844604]","[257, 243]",0.0,0.0017572579672560096,0.007557348348200321
4681,207,17.0,17,,nnknn,500,3784,2181,1486,421,2298,1760,0,0,0.94072,0.94072,True,"[0.20407351851463318, 0.7959264516830444]","[0.4824574887752533, 0.5175425410270691]","[257, 243]",0.0,0.0017572579672560096,0.007557348348200321
4697,208,16.0,16,80.68901062011719,nnknn,500,3843,2345,1514,477,2329,1868,0,0,0.9405173333333333,0.9405173333333333,True,"[0.3833855390548706, 0.6166145205497742]","[0.49306344985961914, 0.5069365501403809]","[260, 240]",0.0,0.00179796083830297,0.008056771010160446
4717,209,20.0,20,,nnknn,500,3843,2345,1514,477,2329,1868,0,0,0.940264,0.940264,True,"[0.3958674967288971, 0.6041324734687805]","[0.4937795400619507, 0.5062204599380493]","[260, 240]",0.0,0.00179796083830297,0.008056771010160446
4729,210,12.0,12,,nnknn,500,3843,2345,1514,477,2329,1868,0,0,0.940112,0.940112,True,"[0.3478754162788391, 0.6521245837211609]","[0.4908895492553711, 0.5091104507446289]","[260, 240]",0.0,0.00179796083830297,0.008056771010160446
4743,211,14.0,14,,nnknn,500,3843,2345,1514,477,2329,1868,0,0,0.9399346666666667,0.9399346666666667,True,"[0.3897668719291687, 0.6102331876754761]","[0.49337881803512573, 0.5066211819648743]","[260, 240]",0.0,0.00179796083830297,0.008056771010160446
4797,212,54.0,54,40.384315490722656,nnknn,500,3937,2403,1554,489,2383,1914,0,0,0.9392506666666667,0.9392506666666667,True,"[0.8977286219596863, 0.1022714227437973]","[0.5241617560386658, 0.47583824396133423]","[272, 228]",0.0,0.0018299596849828959,0.008135978132486343
4813,213,16.0,16,,nnknn,500,3937,2403,1554,489,2383,1914,0,0,0.939048,0.939048,True,"[0.3042764663696289, 0.6957235336303711]","[0.4880702495574951, 0.5119297504425049]","[272, 228]",0.0,0.0018299596849828959,0.008135978132486343
4830,214,17.0,17,,nnknn,500,3937,2403,1554,489,2383,1914,0,0,0.9388326666666666,0.9388326666666666,True,"[0.33940085768699646, 0.6605991721153259]","[0.49017658829689026, 0.5098234415054321]","[272, 228]",0.0,0.0018299596849828959,0.008135978132486343
4868,215,38.0,38,,nnknn,500,3937,2403,1554,489,2383,1914,0,0,0.9383513333333333,0.9383513333333333,True,"[0.4800165295600891, 0.5199834704399109]","[0.49876803159713745, 0.5012319684028625]","[272, 228]",0.0,0.0018299596849828959,0.008135978132486343
4881,216,13.0,13,26.87875747680664,nnknn,500,3968,2495,1567,515,2401,1980,0,0,0.9381866666666667,0.9381866666666667,True,"[0.09989896416664124, 0.9001010656356812]","[0.4752684235572815, 0.5247315764427185]","[271, 229]",0.0,0.0018317565554752946,0.008013211190700531
4892,217,11.0,11,,nnknn,500,3968,2495,1567,515,2401,1980,0,0,0.9380473333333333,0.9380473333333333,True,"[0.10670579969882965, 0.8932942152023315]","[0.4756343960762024, 0.5243656039237976]","[271, 229]",0.0,0.0018317565554752946,0.008013211190700531
4915,218,23.0,23,,nnknn,500,3968,2495,1567,515,2401,1980,0,0,0.937756,0.937756,True,"[0.6941229104995728, 0.30587705969810486]","[0.5120829939842224, 0.4879170060157776]","[271, 229]",0.0,0.0018317565554752946,0.008013211190700531
4948,219,33.0,33,,nnknn,500,3968,2495,1567,515,2401,1980,0,0,0.937338,0.937338,True,"[0.902431845664978, 0.09756816923618317]","[0.5252171754837036, 0.4747828245162964]","[271, 229]",0.0,0.0018317565554752946,0.008013211190700531
4965,220,17.0,17,16.771881103515625,nnknn,500,4040,2548,1593,530,2447,2018,0,0,0.9371226666666667,0.9371226666666667,True,"[0.10953272134065628, 0.8904672861099243]","[0.47544845938682556, 0.5245515704154968]","[275, 225]",0.0,0.0018614939181134105,0.008512543514370918
4979,221,14.0,14,,nnknn,500,4040,2548,1593,530,2447,2018,0,0,0.9369453333333333,0.9369453333333333,True,"[0.0, 1.0]","[0.4684726595878601, 0.5315273404121399]","[275, 225]",0.0,0.0018614939181134105,0.008512543514370918
5022,222,43.0,43,,nnknn,500,4040,2548,1593,530,2447,2018,0,0,0.9364006666666667,0.9364006666666667,True,"[0.7864716649055481, 0.2135283648967743]","[0.5182194113731384, 0.4817805886268616]","[275, 225]",0.0,0.0018614939181134105,0.008512543514370918
5053,223,31.0,31,,nnknn,500,4040,2548,1593,530,2447,2018,0,0,0.936008,0.936008,True,"[0.7904461622238159, 0.20955383777618408]","[0.5185862183570862, 0.48141375184059143]","[275, 225]",0.0,0.0018614939181134105,0.008512543514370918
5071,224,18.0,18,28.73726463317871,nnknn,500,4119,2625,1625,548,2494,2077,0,0,0.9357800000000001,0.9357800000000001,True,"[0.7892528772354126, 0.2107471227645874]","[0.5185758471488953, 0.4814241826534271]","[276, 224]",0.0,0.0019015494035556912,0.00844194833189249
5083,225,12.0,12,,nnknn,500,4119,2625,1625,548,2494,2077,0,0,0.935628,0.935628,True,"[0.7914113402366638, 0.208588644862175]","[0.5187587141990662, 0.48124125599861145]","[276, 224]",0.0,0.0019015494035556912,0.00844194833189249
5100,226,17.0,17,,nnknn,500,4119,2625,1625,548,2494,2077,0,0,0.9354126666666667,0.9354126666666667,True,"[0.5457960963249207, 0.45420390367507935]","[0.502957820892334, 0.49704214930534363]","[276, 224]",0.0,0.0019015494035556912,0.00844194833189249
5118,227,18.0,18,,nnknn,500,4119,2625,1625,548,2494,2077,0,0,0.9351846666666667,0.9351846666666667,True,"[0.467538446187973, 0.5324615240097046]","[0.4978959858417511, 0.5021039843559265]","[276, 224]",0.0,0.0019015494035556912,0.00844194833189249
5126,228,8.0,8,17.237607955932617,nnknn,499,4147,2671,1644,548,2503,2123,0,0,0.9350833333333334,0.9350833333333334,True,"[0.5059488415718079, 0.4940512180328369]","[0.5003861784934998, 0.49961382150650024]","[275, 224]",0.0,0.001899521448649466,0.008315730839967728
5152,229,26.0,26,,nnknn,499,4147,2671,1644,548,2503,2123,0,0,0.934754,0.934754,True,"[0.7964125871658325, 0.20358741283416748]","[0.5193397402763367, 0.48066025972366333]","[275, 224]",0.0,0.001899521448649466,0.008315730839967728
5174,230,22.0,22,,nnknn,499,4147,2671,1644,548,2503,2123,0,0,0.9344753333333333,0.9344753333333333,True,"[0.6313749551773071, 0.3686250150203705]","[0.5086082816123962, 0.49139168858528137]","[275, 224]",0.0,0.001899521448649466,0.008315730839967728
5196,231,22.0,22,,nnknn,499,4147,2671,1644,548,2503,2123,0,0,0.9341966666666667,0.9341966666666667,True,"[0.8955667614936829, 0.10443326085805893]","[0.5260295867919922, 0.4739703834056854]","[275, 224]",0.0,0.001899521448649466,0.008315730839967728
5211,232,15.0,15,8.447970390319824,nnknn,500,4197,2745,1661,570,2536,2175,0,0,0.9340066666666667,0.9340066666666667,True,"[0.09577956050634384, 0.904220461845398]","[0.47332414984703064, 0.526675820350647]","[278, 222]",0.0,0.0018978856969624758,0.008190741762518883
5240,233,29.0,29,,nnknn,500,4197,2745,1661,570,2536,2175,0,0,0.9336393333333334,0.9336393333333334,True,"[0.8853104114532471, 0.1146896481513977]","[0.5255694389343262, 0.47443056106567383]","[278, 222]",0.0,0.0018978856969624758,0.008190741762518883
5288,234,48.0,48,,nnknn,500,4197,2745,1661,570,2536,2175,0,0,0.9330313333333333,0.9330313333333333,True,"[0.0, 1.0]","[0.4665156602859497, 0.5334843397140503]","[278, 222]",0.0,0.0018978856969624758,0.008190741762518883
5312,235,24.0,24,,nnknn,500,4197,2745,1661,570,2536,2175,0,0,0.9327273333333334,0.9327273333333334,True,"[0.6431002616882324, 0.35689979791641235]","[0.5096267461776733, 0.49037325382232666]","[278, 222]",0.0,0.0018978856969624758,0.008190741762518883
5360,236,48.0,48,39.58506774902344,nnknn,500,4281,2921,1707,635,2574,2286,0,0,0.9321193333333333,0.9321193333333333,True,"[0.9030454158782959, 0.0969545766711235]","[0.5273590087890625, 0.4726409912109375]","[278, 222]",0.0,0.0019496745662763715,0.00863471906632185
5375,237,15.0,15,,nnknn,500,4281,2921,1707,635,2574,2286,0,0,0.9319293333333334,0.9319293333333334,True,"[0.30254065990448, 0.69745934009552]","[0.48655882477760315, 0.5134412050247192]","[278, 222]",0.0,0.0019496745662763715,0.00863471906632185
5387,238,12.0,12,,nnknn,500,4281,2921,1707,635,2574,2286,0,0,0.9317773333333333,0.9317773333333333,True,"[0.8555203676223755, 0.1444796919822693]","[0.524254560470581, 0.47574546933174133]","[278, 222]",0.0,0.0019496745662763715,0.00863471906632185
5403,239,16.0,16,,nnknn,500,4281,2921,1707,635,2574,2286,0,0,0.9315746666666667,0.9315746666666667,True,"[0.5135213136672974, 0.4864787459373474]","[0.5009251832962036, 0.4990748167037964]","[278, 222]",0.0,0.0019496745662763715,0.00863471906632185
5435,240,32.0,32,18.87583351135254,nnknn,500,4329,2977,1733,638,2596,2339,0,0,0.9311693333333333,0.9311693333333333,True,"[1.0, 0.0]","[0.5344153642654419, 0.4655846655368805]","[272, 228]",0.0,0.001960240537300706,0.009133722633123398
5470,241,35.0,35,,nnknn,500,4329,2977,1733,638,2596,2339,0,0,0.9307259999999999,0.9307259999999999,True,"[0.699913501739502, 0.30008652806282043]","[0.5138487815856934, 0.48615118861198425]","[272, 228]",0.0,0.001960240537300706,0.009133722633123398
5482,242,12.0,12,,nnknn,500,4329,2977,1733,638,2596,2339,0,0,0.930574,0.930574,True,"[1.0, 0.0]","[0.5347130298614502, 0.4652869999408722]","[272, 228]",0.0,0.001960240537300706,0.009133722633123398
5494,243,12.0,12,,nnknn,500,4329,2977,1733,638,2596,2339,0,0,0.930422,0.930422,True,"[1.0, 0.0]","[0.534788966178894, 0.46521100401878357]","[272, 228]",0.0,0.001960240537300706,0.009133722633123398
5540,244,46.0,46,39.880950927734375,nnknn,500,4397,3081,1766,672,2631,2409,0,0,0.9298393333333334,0.9298393333333334,True,"[0.645225465297699, 0.354774534702301]","[0.5101891160011292, 0.48981088399887085]","[275, 225]",0.0,0.001958992797881365,0.008999929763376713
5560,245,20.0,20,,nnknn,500,4397,3081,1766,672,2631,2409,0,0,0.929586,0.929586,True,"[0.420281320810318, 0.5797187089920044]","[0.4943866729736328, 0.5056133270263672]","[275, 225]",0.0,0.001958992797881365,0.008999929763376713
5570,246,10.0,10,,nnknn,500,4397,3081,1766,672,2631,2409,0,0,0.9294593333333333,0.9294593333333333,True,"[0.8896463513374329, 0.11035364866256714]","[0.5274859070777893, 0.4725140929222107]","[275, 225]",0.0,0.001958992797881365,0.008999929763376713
5592,247,22.0,22,,nnknn,500,4397,3081,1766,672,2631,2409,0,0,0.9291806666666667,0.9291806666666667,True,"[0.9018958210945129, 0.09810417890548706]","[0.5284619927406311, 0.4715380072593689]","[275, 225]",0.0,0.001958992797881365,0.008999929763376713
5623,248,31.0,31,23.031147003173828,nnknn,500,4460,3139,1785,691,2675,2448,0,0,0.928788,0.928788,True,"[0.0, 1.0]","[0.4643940031528473, 0.5356060266494751]","[269, 231]",0.0,0.0019904018845409155,0.009498548693954945
5639,249,16.0,16,,nnknn,500,4460,3139,1785,691,2675,2448,0,0,0.9285853333333334,0.9285853333333334,True,"[0.6374129056930542, 0.3625871539115906]","[0.5098133087158203, 0.4901867210865021]","[269, 231]",0.0,0.0019904018845409155,0.009498548693954945
5651,250,12.0,12,,nnknn,500,4460,3139,1785,691,2675,2448,0,0,0.9284333333333333,0.9284333333333333,True,"[0.4063779413700104, 0.593622088432312]","[0.49329978227615356, 0.5067002177238464]","[269, 231]",0.0,0.0019904018845409155,0.009498548693954945
5670,251,19.0,19,,nnknn,500,4460,3139,1785,691,2675,2448,0,0,0.9281926666666667,0.9281926666666667,True,"[0.7974759936332703, 0.20252397656440735]","[0.5213609337806702, 0.47863903641700745]","[269, 231]",0.0,0.0019904018845409155,0.009498548693954945
5747,252,77.0,77,75.40056610107422,nnknn,500,4524,3275,1812,740,2712,2535,0,0,0.9272173333333333,0.9272173333333333,True,"[0.8928062915802002, 0.10719367861747742]","[0.5285894870758057, 0.47141048312187195]","[274, 226]",0.0,0.002028732793405652,0.009360882453620434
5762,253,15.0,15,,nnknn,500,4524,3275,1812,740,2712,2535,0,0,0.9270273333333333,0.9270273333333333,True,"[0.9039367437362671, 0.09606330096721649]","[0.5294763445854187, 0.4705236554145813]","[274, 226]",0.0,0.002028732793405652,0.009360882453620434
5793,254,31.0,31,,nnknn,500,4524,3275,1812,740,2712,2535,0,0,0.9266346666666667,0.9266346666666667,True,"[0.8094475269317627, 0.1905524730682373]","[0.522702693939209, 0.47729727625846863]","[274, 226]",0.0,0.002028732793405652,0.009360882453620434
5809,255,16.0,16,,nnknn,500,4524,3275,1812,740,2712,2535,0,0,0.926432,0.926432,True,"[1.0, 0.0]","[0.5367839932441711, 0.46321600675582886]","[274, 226]",0.0,0.002028732793405652,0.009360882453620434
5828,256,19.0,19,13.48633098602295,nnknn,500,4547,3367,1821,765,2726,2602,0,0,0.9261913333333334,0.9261913333333334,True,"[0.8088986873626709, 0.1911013126373291]","[0.5227993726730347, 0.47720059752464294]","[275, 225]",0.0,0.0020000634249299765,0.009224668145179749
5840,257,12.0,12,,nnknn,500,4547,3367,1821,765,2726,2602,0,0,0.9260393333333333,0.9260393333333333,True,"[0.793260931968689, 0.20673908293247223]","[0.521689772605896, 0.478310227394104]","[275, 225]",0.0,0.0020000634249299765,0.009224668145179749
5864,258,24.0,24,,nnknn,500,4547,3367,1821,765,2726,2602,0,0,0.9257353333333334,0.9257353333333334,True,"[0.0, 1.0]","[0.4628676772117615, 0.5371323227882385]","[275, 225]",0.0,0.0020000634249299765,0.009224668145179749
5885,259,21.0,21,,nnknn,500,4547,3367,1821,765,2726,2602,0,0,0.9254693333333334,0.9254693333333334,True,"[0.0, 1.0]","[0.4627346694469452, 0.5372653007507324]","[275, 225]",0.0,0.0020000634249299765,0.009224668145179749
5928,260,43.0,43,26.018606185913086,nnknn,500,4616,3454,1849,793,2767,2661,0,0,0.9249246666666666,0.9249246666666666,True,"[0.9024109840393066, 0.09758900105953217]","[0.5302111506462097, 0.4697888493537903]","[275, 225]",0.0,0.001999516971409321,0.00908990204334259
5979,261,51.0,51,,nnknn,500,4616,3454,1849,793,2767,2661,0,0,0.9242786666666667,0.9242786666666667,True,"[0.8995413780212402, 0.10045859962701797]","[0.5302538275718689, 0.4697462022304535]","[275, 225]",0.0,0.001999516971409321,0.00908990204334259
5999,262,20.0,20,,nnknn,500,4616,3454,1849,793,2767,2661,0,0,0.9240253333333334,0.9240253333333334,True,"[0.3130023181438446, 0.686997652053833]","[0.4857929050922394, 0.5142070651054382]","[275, 225]",0.0,0.001999516971409321,0.00908990204334259
6024,263,25.0,25,,nnknn,500,4616,3454,1849,793,2767,2661,0,0,0.9237086666666666,0.9237086666666666,True,"[0.30275020003318787, 0.6972498297691345]","[0.48495155572891235, 0.5150484442710876]","[275, 225]",0.0,0.001999516971409321,0.00908990204334259
6044,264,20.0,20,34.362064361572266,nnknn,500,4677,3574,1878,829,2799,2745,0,0,0.9234553333333333,0.9234553333333333,True,"[0.10773194581270218, 0.8922680616378784]","[0.46997398138046265, 0.5300260186195374]","[275, 225]",0.0,0.001999551896005869,0.009064760990440845
6073,265,29.0,29,,nnknn,500,4677,3574,1878,829,2799,2745,0,0,0.923088,0.923088,True,"[0.0, 1.0]","[0.461544007062912, 0.5384559631347656]","[275, 225]",0.0,0.001999551896005869,0.009064760990440845
6084,266,11.0,11,,nnknn,500,4677,3574,1878,829,2799,2745,0,0,0.9229486666666666,0.9229486666666666,True,"[0.09499499946832657, 0.9050050377845764]","[0.4687938094139099, 0.5312061905860901]","[275, 225]",0.0,0.001999551896005869,0.009064760990440845
6097,267,13.0,13,,nnknn,500,4677,3574,1878,829,2799,2745,0,0,0.922784,0.922784,True,"[0.0989670604467392, 0.9010329246520996]","[0.4690338373184204, 0.5309661626815796]","[275, 225]",0.0,0.001999551896005869,0.009064760990440845
6111,268,14.0,14,23.875715255737305,nnknn,500,4719,3625,1897,836,2822,2789,0,0,0.9226066666666667,0.9226066666666667,True,"[1.0, 0.0]","[0.5386966466903687, 0.46130332350730896]","[270, 230]",0.0,0.0019767580088227987,0.008824696764349937
6133,269,22.0,22,,nnknn,500,4719,3625,1897,836,2822,2789,0,0,0.922328,0.922328,True,"[0.20720231533050537, 0.7927976846694946]","[0.4772578179836273, 0.5227421522140503]","[270, 230]",0.0,0.0019767580088227987,0.008824696764349937
6154,270,21.0,21,,nnknn,500,4719,3625,1897,836,2822,2789,0,0,0.9220619999999999,0.9220619999999999,True,"[0.285685658454895, 0.714314341545105]","[0.4832967519760132, 0.5167032480239868]","[270, 230]",0.0,0.0019767580088227987,0.008824696764349937
6171,271,17.0,17,,nnknn,500,4719,3625,1897,836,2822,2789,0,0,0.9218466666666667,0.9218466666666667,True,"[0.9030452966690063, 0.09695470333099365]","[0.5314993262290955, 0.46850067377090454]","[270, 230]",0.0,0.0019767580088227987,0.008824696764349937
6195,272,24.0,24,10.215144157409668,nnknn,500,4769,3693,1920,849,2849,2844,2,2,0.9215426666666666,0.9215426666666666,True,"[0.10323062539100647, 0.8967693448066711]","[0.46887052059173584, 0.5311294794082642]","[274, 226]",0.0,0.001982542686164379,0.009065039455890656
6208,273,13.0,13,,nnknn,500,4769,3693,1920,849,2849,2844,2,2,0.921378,0.921378,True,"[0.42731401324272156, 0.572685956954956]","[0.4942852854728699, 0.5057147145271301]","[274, 226]",0.0,0.001982542686164379,0.009065039455890656
6235,274,27.0,27,,nnknn,500,4769,3693,1920,849,2849,2844,2,2,0.921036,0.921036,True,"[0.09699779748916626, 0.9030022025108337]","[0.46817734837532043, 0.531822681427002]","[274, 226]",0.0,0.001982542686164379,0.009065039455890656
6253,275,18.0,18,,nnknn,500,4769,3693,1920,849,2849,2844,2,2,0.920808,0.920808,True,"[0.6950186491012573, 0.3049813508987427]","[0.5154439210891724, 0.48455607891082764]","[274, 226]",0.0,0.001982542686164379,0.009065039455890656
6276,276,23.0,23,19.240915298461914,nnknn,500,4822,3757,1937,868,2885,2889,2,2,0.9205166666666666,0.9205166666666666,True,"[0.683683454990387, 0.31631654500961304]","[0.5145998001098633, 0.4854002296924591]","[270, 230]",0.0,0.0020382748916745186,0.00858455989509821
6321,277,45.0,45,,nnknn,500,4822,3757,1937,868,2885,2889,2,2,0.9199466666666667,0.9199466666666667,True,"[0.8992878198623657, 0.10071221739053726]","[0.5319643020629883, 0.4680356979370117]","[270, 230]",0.0,0.0020382748916745186,0.00858455989509821
6350,278,29.0,29,,nnknn,500,4822,3757,1937,868,2885,2889,2,2,0.9195793333333333,0.9195793333333333,True,"[0.09463393688201904, 0.905366063117981]","[0.4674001932144165, 0.5325998067855835]","[270, 230]",0.0,0.0020382748916745186,0.00858455989509821
6362,279,12.0,12,,nnknn,500,4822,3757,1937,868,2885,2889,2,2,0.9194273333333334,0.9194273333333334,True,"[0.2434585690498352, 0.7565414309501648]","[0.47932976484298706, 0.5206702351570129]","[270, 230]",0.0,0.0020382748916745186,0.00858455989509821
6381,280,19.0,19,26.876108169555664,nnknn,500,4882,3864,1964,903,2918,2961,2,2,0.9191866666666667,0.9191866666666667,True,"[0.8154732584953308, 0.1845267415046692]","[0.5254944562911987, 0.47450554370880127]","[263, 237]",0.0,0.002065025269985199,0.009084525518119335
6405,281,24.0,24,,nnknn,500,4882,3864,1964,903,2918,2961,2,2,0.9188826666666666,0.9188826666666666,True,"[0.4984551668167114, 0.5015448331832886]","[0.49987468123435974, 0.5001252889633179]","[263, 237]",0.0,0.002065025269985199,0.009084525518119335
6424,282,19.0,19,,nnknn,500,4882,3864,1964,903,2918,2961,2,2,0.918642,0.918642,True,"[0.901883602142334, 0.09811640530824661]","[0.5326964855194092, 0.4673035442829132]","[263, 237]",0.0,0.002065025269985199,0.009084525518119335
6434,283,10.0,10,,nnknn,500,4882,3864,1964,903,2918,2961,2,2,0.9185153333333334,0.9185153333333334,True,"[0.49732470512390137, 0.5026752948760986]","[0.499781996011734, 0.5002179741859436]","[263, 237]",0.0,0.002065025269985199,0.009084525518119335
6486,284,52.0,52,37.656288146972656,nnknn,500,4932,3979,1984,943,2948,3036,2,2,0.9178566666666667,0.9178566666666667,True,"[0.18354150652885437, 0.816458523273468]","[0.4740050435066223, 0.5259949564933777]","[255, 245]",0.0,0.0020964171271771193,0.009584321640431881
6500,285,14.0,14,,nnknn,500,4932,3979,1984,943,2948,3036,2,2,0.9176793333333333,0.9176793333333333,True,"[0.8122968077659607, 0.1877032220363617]","[0.5257084965705872, 0.47429150342941284]","[255, 245]",0.0,0.0020964171271771193,0.009584321640431881
6536,286,36.0,36,,nnknn,500,4932,3979,1984,943,2948,3036,2,2,0.9172233333333333,0.9172233333333333,True,"[1.0, 0.0]","[0.5413883328437805, 0.4586116671562195]","[255, 245]",0.0,0.0020964171271771193,0.009584321640431881
6580,287,44.0,44,,nnknn,500,4932,3979,1984,943,2948,3036,2,2,0.916666,0.916666,True,"[0.7719125747680664, 0.2280873954296112]","[0.5226595401763916, 0.477340430021286]","[255, 245]",0.0,0.0020964171271771193,0.009584321640431881
6607,288,27.0,27,35.01356887817383,nnknn,500,4996,4110,2013,988,2983,3122,2,2,0.916324,0.916324,True,"[0.0, 1.0]","[0.45816200971603394, 0.5418379902839661]","[258, 242]",0.0,0.0021480931900441647,0.009084956720471382
6624,289,17.0,17,,nnknn,500,4996,4110,2013,988,2983,3122,2,2,0.9161086666666667,0.9161086666666667,True,"[1.0, 0.0]","[0.5419456958770752, 0.4580543339252472]","[258, 242]",0.0,0.0021480931900441647,0.009084956720471382
6644,290,20.0,20,,nnknn,500,4996,4110,2013,988,2983,3122,2,2,0.9158553333333334,0.9158553333333334,True,"[0.0, 1.0]","[0.4579276740550995, 0.5420722961425781]","[258, 242]",0.0,0.0021480931900441647,0.009084956720471382
6696,291,52.0,52,,nnknn,500,4996,4110,2013,988,2983,3122,2,2,0.9151966666666667,0.9151966666666667,True,"[0.2546817362308502, 0.7453182935714722]","[0.4791961908340454, 0.5208038091659546]","[258, 242]",0.0,0.0021480931900441647,0.009084956720471382
6707,292,11.0,11,37.336029052734375,nnknn,500,5055,4212,2045,1017,3010,3195,2,2,0.9150573333333334,0.9150573333333334,True,"[0.5281479358673096, 0.4718521237373352]","[0.50239098072052, 0.49760904908180237]","[261, 239]",0.0,0.002199857961386442,0.00958351232111454
6728,293,21.0,21,,nnknn,500,5055,4212,2045,1017,3010,3195,2,2,0.9147913333333333,0.9147913333333333,True,"[0.3983958959579468, 0.6016041040420532]","[0.4913424551486969, 0.5086575746536255]","[261, 239]",0.0,0.002199857961386442,0.00958351232111454
6748,294,20.0,20,,nnknn,500,5055,4212,2045,1017,3010,3195,2,2,0.914538,0.914538,True,"[0.25834953784942627, 0.7416504621505737]","[0.4793480634689331, 0.5206519365310669]","[261, 239]",0.0,0.002199857961386442,0.00958351232111454
6768,295,20.0,20,,nnknn,500,5055,4212,2045,1017,3010,3195,2,2,0.9142846666666666,0.9142846666666666,True,"[0.09692400693893433, 0.9030759930610657]","[0.4654501974582672, 0.5345498323440552]","[261, 239]",0.0,0.002199857961386442,0.00958351232111454
6780,296,12.0,12,17.205503463745117,nnknn,500,5089,4268,2058,1021,3031,3247,2,2,0.9141326666666667,0.9141326666666667,True,"[0.10251682996749878, 0.8974831700325012]","[0.4658691883087158, 0.5341308116912842]","[262, 238]",0.0,0.002197688678279519,0.010083463042974472
6801,297,21.0,21,,nnknn,500,5089,4268,2058,1021,3031,3247,2,2,0.9138666666666666,0.9138666666666666,True,"[0.0, 1.0]","[0.45693331956863403, 0.543066680431366]","[262, 238]",0.0,0.002197688678279519,0.010083463042974472
6857,298,56.0,56,,nnknn,500,5089,4268,2058,1021,3031,3247,2,2,0.9131573333333334,0.9131573333333334,True,"[0.20685365796089172, 0.7931463718414307]","[0.47454237937927246, 0.5254576206207275]","[262, 238]",0.0,0.002197688678279519,0.010083463042974472
6874,299,17.0,17,,nnknn,500,5089,4268,2058,1021,3031,3247,2,2,0.912942,0.912942,True,"[0.9013514518737793, 0.09864851832389832]","[0.5349408388137817, 0.4650591313838959]","[262, 238]",0.0,0.002197688678279519,0.010083463042974472
6900,300,26.0,26,38.85090637207031,nnknn,500,5153,4402,2080,1078,3073,3324,3,3,0.9126126666666666,0.9126126666666666,True,"[0.26041504740715027, 0.7395849823951721]","[0.4790633022785187, 0.5209366679191589]","[259, 241]",0.0,0.002186462050303817,0.010582765564322472
6916,301,16.0,16,,nnknn,500,5153,4402,2080,1078,3073,3324,3,3,0.9124099999999999,0.9124099999999999,True,"[0.0, 1.0]","[0.45620501041412354, 0.5437949895858765]","[259, 241]",0.0,0.002186462050303817,0.010582765564322472
6944,302,28.0,28,,nnknn,500,5153,4402,2080,1078,3073,3324,3,3,0.9120553333333333,0.9120553333333333,True,"[0.30765458941459656, 0.6923454403877258]","[0.48308423161506653, 0.5169157385826111]","[259, 241]",0.0,0.002186462050303817,0.010582765564322472
6959,303,15.0,15,,nnknn,500,5153,4402,2080,1078,3073,3324,3,3,0.9118653333333333,0.9118653333333333,True,"[0.39983469247817993, 0.6001653075218201]","[0.4911719560623169, 0.5088280439376831]","[259, 241]",0.0,0.002186462050303817,0.010582765564322472
6969,304,10.0,10,12.85001277923584,nnknn,500,5193,4460,2095,1092,3098,3368,3,3,0.9117386666666667,0.9117386666666667,True,"[0.7871507406234741, 0.2128492295742035]","[0.5253443121910095, 0.4746556878089905]","[256, 244]",0.0,0.0022066833917051554,0.011082738637924194
6988,305,19.0,19,,nnknn,500,5193,4460,2095,1092,3098,3368,3,3,0.911498,0.911498,True,"[0.20617885887622833, 0.7938211560249329]","[0.47399625182151794, 0.5260037779808044]","[256, 244]",0.0,0.0022066833917051554,0.011082738637924194
7002,306,14.0,14,,nnknn,500,5193,4460,2095,1092,3098,3368,3,3,0.9113206666666667,0.9113206666666667,True,"[0.7867572903633118, 0.21324270963668823]","[0.5254294276237488, 0.4745705723762512]","[256, 244]",0.0,0.0022066833917051554,0.011082738637924194
7021,307,19.0,19,,nnknn,500,5193,4460,2095,1092,3098,3368,3,3,0.91108,0.91108,True,"[0.7429640293121338, 0.2570360004901886]","[0.5216043591499329, 0.47839564085006714]","[256, 244]",0.0,0.0022066833917051554,0.011082738637924194
7085,308,64.0,64,59.3199348449707,nnknn,500,5253,4590,2118,1143,3135,3447,3,3,0.9102693333333334,0.9102693333333334,True,"[0.09277412295341492, 0.9072259068489075]","[0.4634593427181244, 0.5365406274795532]","[256, 244]",0.0,0.0022532164584845304,0.010583429597318172
7150,309,65.0,65,,nnknn,500,5253,4590,2118,1143,3135,3447,3,3,0.909446,0.909446,True,"[0.7489995360374451, 0.2510004937648773]","[0.5225479006767273, 0.4774520993232727]","[256, 244]",0.0,0.0022532164584845304,0.010583429597318172
7166,310,16.0,16,,nnknn,500,5253,4590,2118,1143,3135,3447,3,3,0.9092433333333333,0.9092433333333333,True,"[0.10338571667671204, 0.8966143131256104]","[0.46400460600852966, 0.535995364189148]","[256, 244]",0.0,0.0022532164584845304,0.010583429597318172
7180,311,14.0,14,,nnknn,500,5253,4590,2118,1143,3135,3447,3,3,0.909066,0.909066,True,"[0.10922035574913025, 0.8907796144485474]","[0.46446484327316284, 0.5355351567268372]","[256, 244]",0.0,0.0022532164584845304,0.010583429597318172
7274,312,94.0,94,108.9527816772461,nnknn,500,5323,4850,2151,1251,3172,3599,3,3,0.9078753333333334,0.9078753333333334,True,"[0.3918904662132263, 0.6081095933914185]","[0.49004045128822327, 0.5099595785140991]","[268, 232]",0.0,0.00223622121848166,0.010083802975714207
7297,313,23.0,23,,nnknn,500,5323,4850,2151,1251,3172,3599,3,3,0.907584,0.907584,True,"[0.1970926821231842, 0.8029073476791382]","[0.47200652956962585, 0.5279935002326965]","[268, 232]",0.0,0.00223622121848166,0.010083802975714207
7324,314,27.0,27,,nnknn,500,5323,4850,2151,1251,3172,3599,3,3,0.907242,0.907242,True,"[0.1012466698884964, 0.8987533450126648]","[0.4630124270915985, 0.5369875431060791]","[268, 232]",0.0,0.00223622121848166,0.010083802975714207
7341,315,17.0,17,,nnknn,500,5323,4850,2151,1251,3172,3599,3,3,0.9070266666666666,0.9070266666666666,True,"[0.7059816718101501, 0.29401829838752747]","[0.5191507935523987, 0.4808492064476013]","[268, 232]",0.0,0.00223622121848166,0.010083802975714207
7358,316,17.0,17,16.871074676513672,nnknn,500,5347,4939,2164,1267,3183,3672,3,3,0.9068113333333333,0.9068113333333333,True,"[0.0, 1.0]","[0.4534056782722473, 0.5465943217277527]","[260, 240]",0.0,0.0022380268201231956,0.010583773255348206
7384,317,26.0,26,,nnknn,500,5347,4939,2164,1267,3183,3672,3,3,0.906482,0.906482,True,"[0.9048482179641724, 0.09515183418989182]","[0.537860631942749, 0.46213939785957336]","[260, 240]",0.0,0.0022380268201231956,0.010583773255348206
7406,318,22.0,22,,nnknn,500,5347,4939,2164,1267,3183,3672,3,3,0.9062033333333334,0.9062033333333334,True,"[1.0, 0.0]","[0.546898365020752, 0.45310166478157043]","[260, 240]",0.0,0.0022380268201231956,0.010583773255348206
7442,319,36.0,36,,nnknn,500,5347,4939,2164,1267,3183,3672,3,3,0.9057473333333333,0.9057473333333333,True,"[0.9006099104881287, 0.09939010441303253]","[0.5377585291862488, 0.4622414708137512]","[260, 240]",0.0,0.0022380268201231956,0.010583773255348206
7493,320,51.0,51,38.709129333496094,nnknn,500,5395,5108,2182,1331,3213,3777,3,3,0.9051013333333333,0.9051013333333333,True,"[0.09938663244247437, 0.9006133675575256]","[0.4619823396205902, 0.5380176901817322]","[268, 232]",0.0,0.0022229820024222136,0.010083889588713646
7548,321,55.0,55,,nnknn,500,5395,5108,2182,1331,3213,3777,3,3,0.9044046666666666,0.9044046666666666,True,"[0.4430813491344452, 0.5569186806678772]","[0.49455884099006653, 0.5054411888122559]","[268, 232]",0.0,0.0022229820024222136,0.010083889588713646
7579,322,31.0,31,,nnknn,500,5395,5108,2182,1331,3213,3777,3,3,0.904012,0.904012,True,"[0.7406706213951111, 0.2593293786048889]","[0.5231015086174011, 0.47689852118492126]","[268, 232]",0.0,0.0022229820024222136,0.010083889588713646
7595,323,16.0,16,,nnknn,500,5395,5108,2182,1331,3213,3777,3,3,0.9038093333333334,0.9038093333333334,True,"[1.0, 0.0]","[0.5480953454971313, 0.45190465450286865]","[268, 232]",0.0,0.0022229820024222136,0.010083889588713646
7610,324,15.0,15,62.12094497680664,nnknn,500,5454,5237,2203,1381,3251,3856,3,3,0.9036193333333333,0.9036193333333333,True,"[0.10221179574728012, 0.8977882266044617]","[0.4616609215736389, 0.5383390784263611]","[259, 241]",0.0,0.0021977305877953768,0.0095842145383358
7656,325,46.0,46,,nnknn,500,5454,5237,2203,1381,3251,3856,3,3,0.9030366666666667,0.9030366666666667,True,"[1.0, 0.0]","[0.5484817028045654, 0.45151832699775696]","[259, 241]",0.0,0.0021977305877953768,0.0095842145383358
7672,326,16.0,16,,nnknn,500,5454,5237,2203,1381,3251,3856,3,3,0.902834,0.902834,True,"[0.7052481174468994, 0.2947518527507782]","[0.519943118095398, 0.48005685210227966]","[259, 241]",0.0,0.0021977305877953768,0.0095842145383358
7692,327,20.0,20,,nnknn,500,5454,5237,2203,1381,3251,3856,3,3,0.9025806666666667,0.9025806666666667,True,"[0.1064484715461731, 0.8935515880584717]","[0.4616604745388031, 0.5383394956588745]","[259, 241]",0.0,0.0021977305877953768,0.0095842145383358
7711,328,19.0,19,32.43111801147461,nnknn,500,5527,5310,2233,1396,3294,3914,3,3,0.90234,0.90234,True,"[0.6900875568389893, 0.30991241335868835]","[0.5185639262199402, 0.4814360439777374]","[267, 233]",0.0,0.0021906543988734484,0.00908432062715292
7730,329,19.0,19,,nnknn,500,5527,5310,2233,1396,3294,3914,3,3,0.9020993333333334,0.9020993333333334,True,"[0.8018957376480103, 0.19810429215431213]","[0.5295557975769043, 0.4704442024230957]","[267, 233]",0.0,0.0021906543988734484,0.00908432062715292
7774,330,44.0,44,,nnknn,500,5527,5310,2233,1396,3294,3914,3,3,0.901542,0.901542,True,"[0.8980903029441833, 0.10190969705581665]","[0.53919517993927, 0.46080482006073]","[267, 233]",0.0,0.0021906543988734484,0.00908432062715292
7794,331,20.0,20,,nnknn,500,5527,5310,2233,1396,3294,3914,3,3,0.9012886666666666,0.9012886666666666,True,"[0.203224316239357, 0.7967756986618042]","[0.4707048833370209, 0.5292950868606567]","[267, 233]",0.0,0.0021906543988734484,0.00908432062715292
7827,332,33.0,33,23.526620864868164,nnknn,500,5564,5451,2250,1441,3314,4010,3,3,0.9008706666666667,0.9008706666666667,True,"[1.0, 0.0]","[0.5495646595954895, 0.4504353404045105]","[273, 227]",0.0,0.0022122832015156746,0.009584253653883934
7839,333,12.0,12,,nnknn,500,5564,5451,2250,1441,3314,4010,3,3,0.9007186666666667,0.9007186666666667,True,"[0.8755876421928406, 0.1244124174118042]","[0.5372888445854187, 0.4627111852169037]","[273, 227]",0.0,0.0022122832015156746,0.009584253653883934
7864,334,25.0,25,,nnknn,500,5564,5451,2250,1441,3314,4010,3,3,0.900402,0.900402,True,"[0.8731385469436646, 0.12686142325401306]","[0.5371638536453247, 0.4628361463546753]","[273, 227]",0.0,0.0022122832015156746,0.009584253653883934
7879,335,15.0,15,,nnknn,500,5564,5451,2250,1441,3314,4010,3,3,0.900212,0.900212,True,"[0.10829158872365952, 0.8917084336280823]","[0.46091219782829285, 0.5390877723693848]","[273, 227]",0.0,0.0022122832015156746,0.009584253653883934
7908,336,29.0,29,15.261043548583984,nnknn,500,5598,5529,2266,1456,3332,4073,3,3,0.8998446666666666,0.8998446666666666,True,"[0.11163349449634552, 0.8883665204048157]","[0.46110302209854126, 0.5388969779014587]","[274, 226]",0.0,0.002187377540394664,0.009084268473088741
7918,337,10.0,10,,nnknn,500,5598,5529,2266,1456,3332,4073,3,3,0.899718,0.899718,True,"[0.0949895977973938, 0.9050104022026062]","[0.4593847393989563, 0.5406152606010437]","[274, 226]",0.0,0.002187377540394664,0.009084268473088741
7976,338,58.0,58,,nnknn,500,5598,5529,2266,1456,3332,4073,3,3,0.8989833333333334,0.8989833333333334,True,"[0.9268690347671509, 0.07313097268342972]","[0.5431208610534668, 0.4568791389465332]","[274, 226]",0.0,0.002187377540394664,0.009084268473088741
7997,339,21.0,21,,nnknn,500,5598,5529,2266,1456,3332,4073,3,3,0.8987173333333334,0.8987173333333334,True,"[0.0, 1.0]","[0.44935867190361023, 0.5506412982940674]","[274, 226]",0.0,0.002187377540394664,0.009084268473088741
8006,340,9.0,9,51.10496139526367,nnknn,500,5649,5635,2284,1497,3365,4138,3,3,0.8986033333333333,0.8986033333333333,True,"[0.8982309699058533, 0.10176900029182434]","[0.5403792858123779, 0.4596206843852997]","[271, 229]",0.0,0.0022062885109335184,0.009577997028827667
8021,341,15.0,15,,nnknn,500,5649,5635,2284,1497,3365,4138,3,3,0.8984133333333333,0.8984133333333333,True,"[0.6751419901847839, 0.32485803961753845]","[0.5177921056747437, 0.48220792412757874]","[271, 229]",0.0,0.0022062885109335184,0.009577997028827667
8077,342,56.0,56,,nnknn,500,5649,5635,2284,1497,3365,4138,3,3,0.8977040000000001,0.8977040000000001,True,"[0.6800589561462402, 0.31994104385375977]","[0.5184193253517151, 0.4815806746482849]","[271, 229]",0.0,0.0022062885109335184,0.009577997028827667
8096,343,19.0,19,,nnknn,500,5649,5635,2284,1497,3365,4138,3,3,0.8974633333333333,0.8974633333333333,True,"[0.10816946625709534, 0.891830563545227]","[0.45982301235198975, 0.5401769876480103]","[271, 229]",0.0,0.0022062885109335184,0.009577997028827667
8141,344,45.0,45,47.41949462890625,nnknn,500,5711,5782,2307,1548,3404,4234,3,3,0.8968933333333333,0.8968933333333333,True,"[0.9047771692276001, 0.0952228233218193]","[0.5417352318763733, 0.4582647681236267]","[283, 217]",0.0,0.002239625435322523,0.009129813872277737
8159,345,18.0,18,,nnknn,500,5711,5782,2307,1548,3404,4234,3,3,0.8966653333333333,0.8966653333333333,True,"[1.0, 0.0]","[0.551667332649231, 0.44833266735076904]","[283, 217]",0.0,0.002239625435322523,0.009129813872277737
8178,346,19.0,19,,nnknn,500,5711,5782,2307,1548,3404,4234,3,3,0.8964246666666666,0.8964246666666666,True,"[1.0, 0.0]","[0.5517876744270325, 0.44821232557296753]","[283, 217]",0.0,0.002239625435322523,0.009129813872277737
8224,347,46.0,46,,nnknn,500,5711,5782,2307,1548,3404,4234,3,3,0.895842,0.895842,True,"[1.0, 0.0]","[0.5520789623260498, 0.4479210078716278]","[283, 217]",0.0,0.002239625435322523,0.009129813872277737
8276,348,52.0,52,46.50818634033203,nnknn,500,5785,5924,2339,1597,3446,4327,3,3,0.8951833333333333,0.8951833333333333,True,"[0.30719316005706787, 0.6928068399429321]","[0.4797906279563904, 0.5202093720436096]","[275, 225]",0.0,0.0021995501592755318,0.009578411467373371
8303,349,27.0,27,,nnknn,500,5785,5924,2339,1597,3446,4327,3,3,0.8948413333333334,0.8948413333333334,True,"[0.9019004702568054, 0.09809954464435577]","[0.5422633290290833, 0.45773667097091675]","[275, 225]",0.0,0.0021995501592755318,0.009578411467373371
8325,350,22.0,22,,nnknn,500,5785,5924,2339,1597,3446,4327,3,3,0.8945626666666666,0.8945626666666666,True,"[0.42417916655540466, 0.575820803642273]","[0.4920056462287903, 0.5079943537712097]","[275, 225]",0.0,0.0021995501592755318,0.009578411467373371
8349,351,24.0,24,,nnknn,500,5785,5924,2339,1597,3446,4327,3,3,0.8942586666666666,0.8942586666666666,True,"[1.0, 0.0]","[0.5528706312179565, 0.44712933897972107]","[275, 225]",0.0,0.0021995501592755318,0.009578411467373371
8366,352,17.0,17,14.91751480102539,nnknn,500,5841,6000,2364,1614,3477,4386,3,3,0.8940433333333333,0.8940433333333333,True,"[0.0, 1.0]","[0.4470216631889343, 0.5529783368110657]","[277, 223]",0.0,0.0022062843199819326,0.009078559465706348
8396,353,30.0,30,,nnknn,500,5841,6000,2364,1614,3477,4386,3,3,0.8936633333333334,0.8936633333333334,True,"[0.7857969999313354, 0.21420297026634216]","[0.5303906798362732, 0.4696092903614044]","[277, 223]",0.0,0.0022062843199819326,0.009078559465706348
8438,354,42.0,42,,nnknn,500,5841,6000,2364,1614,3477,4386,3,3,0.8931313333333333,0.8931313333333333,True,"[0.0, 1.0]","[0.4465656578540802, 0.5534343719482422]","[277, 223]",0.0,0.0022062843199819326,0.009078559465706348
8449,355,11.0,11,,nnknn,500,5841,6000,2364,1614,3477,4386,3,3,0.892992,0.892992,True,"[0.0, 1.0]","[0.44649600982666016, 0.5535039901733398]","[277, 223]",0.0,0.0022062843199819326,0.009078559465706348
8533,356,84.0,84,81.87797546386719,nnknn,500,5894,6242,2390,1716,3504,4526,3,3,0.891928,0.891928,True,"[0.4151127338409424, 0.5848872661590576]","[0.4908260703086853, 0.5091739296913147]","[267, 233]",0.0,0.0022443344350904226,0.009026650339365005
8548,357,15.0,15,,nnknn,500,5894,6242,2390,1716,3504,4526,3,3,0.891738,0.891738,True,"[1.0, 0.0]","[0.554131031036377, 0.44586899876594543]","[267, 233]",0.0,0.0022443344350904226,0.009026650339365005
8564,358,16.0,16,,nnknn,500,5894,6242,2390,1716,3504,4526,3,3,0.8915353333333333,0.8915353333333333,True,"[1.0, 0.0]","[0.5542323589324951, 0.44576767086982727]","[267, 233]",0.0,0.0022443344350904226,0.009026650339365005
8581,359,17.0,17,,nnknn,500,5894,6242,2390,1716,3504,4526,3,3,0.89132,0.89132,True,"[0.09926464408636093, 0.9007353782653809]","[0.4564480781555176, 0.5435519218444824]","[267, 233]",0.0,0.0022443344350904226,0.009026650339365005
8610,360,29.0,29,20.316631317138672,nnknn,500,5911,6324,2396,1732,3515,4592,3,3,0.8909526666666667,0.8909526666666667,True,"[1.0, 0.0]","[0.5545237064361572, 0.44547632336616516]","[270, 230]",0.0,0.0022069765254855156,0.00889400951564312
8637,361,27.0,27,,nnknn,500,5911,6324,2396,1732,3515,4592,3,3,0.8906106666666667,0.8906106666666667,True,"[0.20925410091876984, 0.7907459139823914]","[0.46819549798965454, 0.5318045020103455]","[270, 230]",0.0,0.0022069765254855156,0.00889400951564312
8657,362,20.0,20,,nnknn,500,5911,6324,2396,1732,3515,4592,3,3,0.8903573333333333,0.8903573333333333,True,"[0.20438185334205627, 0.7956181764602661]","[0.4675876200199127, 0.5324123501777649]","[270, 230]",0.0,0.0022069765254855156,0.00889400951564312
8683,363,26.0,26,,nnknn,500,5911,6324,2396,1732,3515,4592,3,3,0.890028,0.890028,True,"[0.9026538729667664, 0.09734614193439484]","[0.5442806482315063, 0.45571935176849365]","[270, 230]",0.0,0.0022069765254855156,0.00889400951564312
8698,364,15.0,15,16.76702308654785,nnknn,500,5942,6419,2410,1756,3532,4663,3,3,0.889838,0.889838,True,"[0.0, 1.0]","[0.44491899013519287, 0.5550810098648071]","[264, 236]",0.0,0.0022140832152217627,0.00876280665397644
8721,365,23.0,23,,nnknn,500,5942,6419,2410,1756,3532,4663,3,3,0.8895466666666667,0.8895466666666667,True,"[0.09981104731559753, 0.9001889824867249]","[0.45579779148101807, 0.5442022085189819]","[264, 236]",0.0,0.0022140832152217627,0.00876280665397644
8737,366,16.0,16,,nnknn,500,5942,6419,2410,1756,3532,4663,3,3,0.889344,0.889344,True,"[1.0, 0.0]","[0.5553280115127563, 0.44467198848724365]","[264, 236]",0.0,0.0022140832152217627,0.00876280665397644
8775,367,38.0,38,,nnknn,500,5942,6419,2410,1756,3532,4663,3,3,0.8888626666666667,0.8888626666666667,True,"[0.0, 1.0]","[0.444431334733963, 0.5555686950683594]","[264, 236]",0.0,0.0022140832152217627,0.00876280665397644
8790,368,15.0,15,35.13835525512695,nnknn,500,5986,6518,2428,1789,3558,4729,3,3,0.8886726666666667,0.8886726666666667,True,"[0.0, 1.0]","[0.44433632493019104, 0.5556637048721313]","[267, 233]",0.0,0.002179922768846154,0.008348830975592136
8808,369,18.0,18,,nnknn,500,5986,6518,2428,1789,3558,4729,3,3,0.8884446666666667,0.8884446666666667,True,"[0.9013897180557251, 0.0986102819442749]","[0.5447771549224854, 0.45522284507751465]","[267, 233]",0.0,0.002179922768846154,0.008348830975592136
8850,370,42.0,42,,nnknn,500,5986,6518,2428,1789,3558,4729,3,3,0.8879126666666667,0.8879126666666667,True,"[0.0, 1.0]","[0.4439563453197479, 0.5560436248779297]","[267, 233]",0.0,0.002179922768846154,0.008348830975592136
8915,371,65.0,65,,nnknn,500,5986,6518,2428,1789,3558,4729,3,3,0.8870893333333333,0.8870893333333333,True,"[1.0, 0.0]","[0.5564553737640381, 0.4435446560382843]","[267, 233]",0.0,0.002179922768846154,0.008348830975592136
8929,372,14.0,14,60.84010314941406,nnknn,500,6026,6700,2448,1852,3578,4848,3,3,0.886912,0.886912,True,"[1.0, 0.0]","[0.5565440058708191, 0.4434559941291809]","[266, 234]",0.0,0.0021792021580040455,0.008578639477491379
8954,373,25.0,25,,nnknn,500,6026,6700,2448,1852,3578,4848,3,3,0.8865953333333333,0.8865953333333333,True,"[1.0, 0.0]","[0.5567023754119873, 0.4432976543903351]","[266, 234]",0.0,0.0021792021580040455,0.008578639477491379
9006,374,52.0,52,,nnknn,500,6026,6700,2448,1852,3578,4848,3,3,0.8859366666666667,0.8859366666666667,True,"[0.0, 1.0]","[0.44296833872795105, 0.5570316314697266]","[266, 234]",0.0,0.0021792021580040455,0.008578639477491379
9028,375,22.0,22,,nnknn,500,6026,6700,2448,1852,3578,4848,3,3,0.8856580000000001,0.8856580000000001,True,"[0.8985676765441895, 0.10143232345581055]","[0.5455729961395264, 0.45442697405815125]","[266, 234]",0.0,0.0021792021580040455,0.008578639477491379
9068,376,40.0,40,51.15673065185547,nnknn,500,6058,6896,2455,1934,3603,4962,3,3,0.8851513333333333,0.8851513333333333,True,"[0.9358873963356018, 0.0641126036643982]","[0.5500611066818237, 0.44993892312049866]","[273, 227]",0.0,0.0021865968592464924,0.008450900204479694
9093,377,25.0,25,,nnknn,500,6058,6896,2455,1934,3603,4962,3,3,0.8848346666666667,0.8848346666666667,True,"[1.0, 0.0]","[0.557582676410675, 0.44241732358932495]","[273, 227]",0.0,0.0021865968592464924,0.008450900204479694
9122,378,29.0,29,,nnknn,500,6058,6896,2455,1934,3603,4962,3,3,0.8844673333333333,0.8844673333333333,True,"[0.8613637685775757, 0.1386362910270691]","[0.5417493581771851, 0.45825067162513733]","[273, 227]",0.0,0.0021865968592464924,0.008450900204479694
9133,379,11.0,11,,nnknn,500,6058,6896,2455,1934,3603,4962,3,3,0.884328,0.884328,True,"[0.8959737420082092, 0.10402625799179077]","[0.5458030700683594, 0.4541969299316406]","[273, 227]",0.0,0.0021865968592464924,0.008450900204479694
9148,380,15.0,15,24.008081436157227,nnknn,500,6113,6957,2474,1951,3639,5006,3,3,0.884138,0.884138,True,"[0.0, 1.0]","[0.44206899404525757, 0.5579310059547424]","[268, 232]",0.0,0.00220659701153636,0.008599603548645973
9189,381,41.0,41,,nnknn,500,6113,6957,2474,1951,3639,5006,3,3,0.8836186666666667,0.8836186666666667,True,"[0.6892093420028687, 0.31079065799713135]","[0.5220204591751099, 0.4779795706272125]","[268, 232]",0.0,0.00220659701153636,0.008599603548645973
9236,382,47.0,47,,nnknn,500,6113,6957,2474,1951,3639,5006,3,3,0.8830233333333333,0.8830233333333333,True,"[0.11096273362636566, 0.8890373110771179]","[0.4544917047023773, 0.5455082654953003]","[268, 232]",0.0,0.00220659701153636,0.008599603548645973
9253,383,17.0,17,,nnknn,500,6113,6957,2474,1951,3639,5006,3,3,0.882808,0.882808,True,"[0.0, 1.0]","[0.4414040148258209, 0.5585960149765015]","[268, 232]",0.0,0.00220659701153636,0.008599603548645973
9274,384,21.0,21,39.37796401977539,nnknn,500,6166,7113,2491,2017,3675,5096,3,3,0.8825419999999999,0.8825419999999999,True,"[0.7553380727767944, 0.24466192722320557]","[0.5299915075302124, 0.4700084924697876]","[268, 232]",0.0,0.0022642866242676973,0.008514733985066414
9291,385,17.0,17,,nnknn,500,6166,7113,2491,2017,3675,5096,3,3,0.8823266666666667,0.8823266666666667,True,"[0.8053992986679077, 0.19460071623325348]","[0.5359373688697815, 0.4640626609325409]","[268, 232]",0.0,0.0022642866242676973,0.008514733985066414
9320,386,29.0,29,,nnknn,500,6166,7113,2491,2017,3675,5096,3,3,0.8819593333333333,0.8819593333333333,True,"[0.9036321640014648, 0.09636782109737396]","[0.5476450324058533, 0.45235496759414673]","[268, 232]",0.0,0.0022642866242676973,0.008514733985066414
9347,387,27.0,27,,nnknn,500,6166,7113,2491,2017,3675,5096,3,3,0.8816173333333334,0.8816173333333334,True,"[0.10324959456920624, 0.8967504501342773]","[0.45303162932395935, 0.546968400478363]","[268, 232]",0.0,0.0022642866242676973,0.008514733985066414
9359,388,12.0,12,15.800440788269043,nnknn,500,6212,7194,2512,2038,3700,5156,3,3,0.8814653333333333,0.8814653333333333,True,"[0.20968052744865417, 0.7903195023536682]","[0.4655870795249939, 0.5344129204750061]","[267, 233]",0.0,0.0022676335647702217,0.008950919844210148
9378,389,19.0,19,,nnknn,500,6212,7194,2512,2038,3700,5156,3,3,0.8812246666666667,0.8812246666666667,True,"[0.9070623517036438, 0.09293767809867859]","[0.5483489632606506, 0.45165103673934937]","[267, 233]",0.0,0.0022676335647702217,0.008950919844210148
9393,390,15.0,15,,nnknn,500,6212,7194,2512,2038,3700,5156,3,3,0.8810346666666666,0.8810346666666666,True,"[0.0, 1.0]","[0.4405173361301422, 0.5594826936721802]","[267, 233]",0.0,0.0022676335647702217,0.008950919844210148
9417,391,24.0,24,,nnknn,500,6212,7194,2512,2038,3700,5156,3,3,0.8807306666666667,0.8807306666666667,True,"[0.7892601490020752, 0.2107398808002472]","[0.5344998836517334, 0.465500146150589]","[267, 233]",0.0,0.0022676335647702217,0.008950919844210148
9435,392,18.0,18,15.126680374145508,nnknn,500,6250,7256,2532,2043,3718,5213,4,4,0.8805026666666667,0.8805026666666667,True,"[0.7946732044219971, 0.20532676577568054]","[0.5352126955986023, 0.4647873342037201]","[273, 227]",0.0,0.002273050369694829,0.008451123721897602
9463,393,28.0,28,,nnknn,500,6250,7256,2532,2043,3718,5213,4,4,0.880148,0.880148,True,"[0.8688809871673584, 0.1311190277338028]","[0.5442111492156982, 0.45578888058662415]","[273, 227]",0.0,0.002273050369694829,0.008451123721897602
9518,394,55.0,55,,nnknn,500,6250,7256,2532,2043,3718,5213,4,4,0.8794513333333334,0.8794513333333334,True,"[0.20223137736320496, 0.7977685928344727]","[0.46410438418388367, 0.535895586013794]","[273, 227]",0.0,0.002273050369694829,0.008451123721897602
9548,395,30.0,30,,nnknn,500,6250,7256,2532,2043,3718,5213,4,4,0.8790713333333333,0.8790713333333333,True,"[0.8989718556404114, 0.10102815181016922]","[0.5482470989227295, 0.4517528712749481]","[273, 227]",0.0,0.002273050369694829,0.008451123721897602
9575,396,27.0,27,32.554500579833984,nnknn,500,6306,7428,2562,2101,3744,5327,4,4,0.8787293333333334,0.8787293333333334,True,"[1.0, 0.0]","[0.5606353282928467, 0.4393646717071533]","[274, 226]",0.0,0.0023254205007106066,0.00876473356038332
9595,397,20.0,20,,nnknn,500,6306,7428,2562,2101,3744,5327,4,4,0.878476,0.878476,True,"[1.0, 0.0]","[0.5607619881629944, 0.4392380118370056]","[274, 226]",0.0,0.0023254205007106066,0.00876473356038332
9646,398,51.0,51,,nnknn,500,6306,7428,2562,2101,3744,5327,4,4,0.87783,0.87783,True,"[0.0, 1.0]","[0.4389150142669678, 0.5610849857330322]","[274, 226]",0.0,0.0023254205007106066,0.00876473356038332
9702,399,56.0,56,,nnknn,500,6306,7428,2562,2101,3744,5327,4,4,0.8771206666666667,0.8771206666666667,True,"[0.0, 1.0]","[0.4385603368282318, 0.5614396333694458]","[274, 226]",0.0,0.0023254205007106066,0.00876473356038332
9717,400,15.0,15,62.93345260620117,nnknn,500,6370,7597,2591,2163,3779,5434,4,4,0.8769306666666666,0.8769306666666666,True,"[0.09433061629533768, 0.9056693911552429]","[0.45007452368736267, 0.5499254465103149]","[273, 227]",0.0,0.0023165629245340824,0.00878085196018219
9742,401,25.0,25,,nnknn,500,6370,7597,2591,2163,3779,5434,4,4,0.876614,0.876614,True,"[1.0, 0.0]","[0.561693012714386, 0.438306987285614]","[273, 227]",0.0,0.0023165629245340824,0.00878085196018219
9779,402,37.0,37,,nnknn,500,6370,7597,2591,2163,3779,5434,4,4,0.8761453333333333,0.8761453333333333,True,"[0.0, 1.0]","[0.43807268142700195, 0.561927318572998]","[273, 227]",0.0,0.0023165629245340824,0.00878085196018219
9805,403,26.0,26,,nnknn,500,6370,7597,2591,2163,3779,5434,4,4,0.875816,0.875816,True,"[1.0, 0.0]","[0.5620920062065125, 0.43790799379348755]","[273, 227]",0.0,0.0023165629245340824,0.00878085196018219
9826,404,21.0,21,27.023086547851562,nnknn,500,6410,7730,2609,2209,3801,5521,4,4,0.87555,0.87555,True,"[1.0, 0.0]","[0.5622249841690063, 0.43777498602867126]","[276, 224]",0.0,0.0023250801023095846,0.008950693532824516
9871,405,45.0,45,,nnknn,500,6410,7730,2609,2209,3801,5521,4,4,0.87498,0.87498,True,"[0.10772262513637543, 0.8922773599624634]","[0.4509574770927429, 0.5490425229072571]","[276, 224]",0.0,0.0023250801023095846,0.008950693532824516
9903,406,32.0,32,,nnknn,500,6410,7730,2609,2209,3801,5521,4,4,0.8745746666666667,0.8745746666666667,True,"[0.2903600037097931, 0.7096400260925293]","[0.47370582818984985, 0.5262941718101501]","[276, 224]",0.0,0.0023250801023095846,0.008950693532824516
9914,407,11.0,11,,nnknn,500,6410,7730,2609,2209,3801,5521,4,4,0.8744353333333333,0.8744353333333333,True,"[1.0, 0.0]","[0.562782347202301, 0.437217652797699]","[276, 224]",0.0,0.0023250801023095846,0.008950693532824516
9925,408,11.0,11,41.34968185424805,nnknn,500,6446,7851,2628,2248,3818,5603,4,4,0.874296,0.874296,True,"[0.8110573291778564, 0.18894267082214355]","[0.5391011238098145, 0.46089884638786316]","[271, 229]",0.0,0.002341584535315633,0.009004752151668072
9975,409,50.0,50,,nnknn,500,6446,7851,2628,2248,3818,5603,4,4,0.8736626666666667,0.8736626666666667,True,"[1.0, 0.0]","[0.5631686449050903, 0.4368313252925873]","[271, 229]",0.0,0.002341584535315633,0.009004752151668072
9988,410,13.0,13,,nnknn,500,6446,7851,2628,2248,3818,5603,4,4,0.873498,0.873498,True,"[1.0, 0.0]","[0.5632510185241699, 0.43674901127815247]","[271, 229]",0.0,0.002341584535315633,0.009004752151668072
9999,411,11.0,11,,nnknn,500,6446,7851,2628,2248,3818,5603,4,4,0.8733586666666666,0.8733586666666666,True,"[0.8078416585922241, 0.1921583116054535]","[0.5389854907989502, 0.4610145092010498]","[271, 229]",0.0,0.002341584535315633,0.009004752151668072
10030,412,31.0,31,41.12523651123047,nnknn,500,6500,7963,2651,2286,3849,5677,4,4,0.872966,0.872966,True,"[0.7034128904342651, 0.29658710956573486]","[0.5258403420448303, 0.4741596579551697]","[279, 221]",0.0,0.0023426797706633806,0.009504548273980618
10067,413,37.0,37,,nnknn,500,6500,7963,2651,2286,3849,5677,4,4,0.8724973333333333,0.8724973333333333,True,"[0.26351410150527954, 0.7364859580993652]","[0.4698474109172821, 0.5301526188850403]","[279, 221]",0.0,0.0023426797706633806,0.009504548273980618
10076,414,9.0,9,,nnknn,500,6500,7963,2651,2286,3849,5677,4,4,0.8723833333333333,0.8723833333333333,True,"[0.7750813364982605, 0.2249186635017395]","[0.5351049900054932, 0.4648950397968292]","[279, 221]",0.0,0.0023426797706633806,0.009504548273980618
10118,415,42.0,42,,nnknn,500,6500,7963,2651,2286,3849,5677,4,4,0.8718513333333333,0.8718513333333333,True,"[1.0, 0.0]","[0.5640743374824524, 0.4359256625175476]","[279, 221]",0.0,0.0023426797706633806,0.009504548273980618
10143,416,25.0,25,31.52432632446289,nnknn,500,6552,8089,2674,2328,3878,5761,4,4,0.8715346666666667,0.8715346666666667,True,"[1.0, 0.0]","[0.5642327070236206, 0.4357673227787018]","[273, 227]",0.0,0.0023453976027667522,0.009366819635033607
10188,417,45.0,45,,nnknn,500,6552,8089,2674,2328,3878,5761,4,4,0.8709646666666666,0.8709646666666666,True,"[1.0, 0.0]","[0.5645176768302917, 0.43548232316970825]","[273, 227]",0.0,0.0023453976027667522,0.009366819635033607
10282,418,94.0,94,,nnknn,500,6552,8089,2674,2328,3878,5761,4,4,0.869774,0.869774,True,"[0.0, 1.0]","[0.43488699197769165, 0.5651130080223083]","[273, 227]",0.0,0.0023453976027667522,0.009366819635033607
10318,419,36.0,36,,nnknn,500,6552,8089,2674,2328,3878,5761,4,4,0.869318,0.869318,True,"[0.0, 1.0]","[0.4346590042114258, 0.5653409957885742]","[273, 227]",0.0,0.0023453976027667522,0.009366819635033607
10341,420,23.0,23,66.06494140625,nnknn,500,6603,8379,2702,2443,3901,5936,4,4,0.8690266666666666,0.8690266666666666,True,"[0.33922719955444336, 0.6607728004455566]","[0.4789430499076843, 0.5210569500923157]","[267, 233]",0.0,0.0024002573918551207,0.008867058902978897
10362,421,21.0,21,,nnknn,500,6603,8379,2702,2443,3901,5936,4,4,0.8687606666666666,0.8687606666666666,True,"[0.0, 1.0]","[0.43438032269477844, 0.565619707107544]","[267, 233]",0.0,0.0024002573918551207,0.008867058902978897
10373,422,11.0,11,,nnknn,500,6603,8379,2702,2443,3901,5936,4,4,0.8686213333333334,0.8686213333333334,True,"[0.5750283002853394, 0.4249717593193054]","[0.5098571181297302, 0.4901428818702698]","[267, 233]",0.0,0.0024002573918551207,0.008867058902978897
10427,423,54.0,54,,nnknn,500,6603,8379,2702,2443,3901,5936,4,4,0.8679373333333333,0.8679373333333333,True,"[0.0, 1.0]","[0.4339686632156372, 0.5660313367843628]","[267, 233]",0.0,0.0024002573918551207,0.008867058902978897
10456,424,29.0,29,34.841270446777344,nnknn,500,6649,8511,2719,2490,3930,6021,5,5,0.86757,0.86757,True,"[0.8840113878250122, 0.11598865687847137]","[0.5508546233177185, 0.4491453766822815]","[265, 235]",0.0,0.002447666833177209,0.009014910086989403
10477,425,21.0,21,,nnknn,500,6649,8511,2719,2490,3930,6021,5,5,0.867304,0.867304,True,"[0.0, 1.0]","[0.43365201354026794, 0.5663479566574097]","[265, 235]",0.0,0.002447666833177209,0.009014910086989403
10496,426,19.0,19,,nnknn,500,6649,8511,2719,2490,3930,6021,5,5,0.8670633333333333,0.8670633333333333,True,"[0.8064162731170654, 0.19358378648757935]","[0.5407339334487915, 0.4592660665512085]","[265, 235]",0.0,0.002447666833177209,0.009014910086989403
10538,427,42.0,42,,nnknn,500,6649,8511,2719,2490,3930,6021,5,5,0.8665313333333333,0.8665313333333333,True,"[0.0, 1.0]","[0.43326565623283386, 0.5667343139648438]","[265, 235]",0.0,0.002447666833177209,0.009014910086989403
10634,428,96.0,96,83.39891815185547,nnknn,500,6700,8767,2743,2595,3957,6172,5,5,0.8653153333333333,0.8653153333333333,True,"[0.8949559330940247, 0.10504405945539474]","[0.553194522857666, 0.446805477142334]","[265, 235]",0.0,0.002489990321919322,0.009514489211142063
10678,429,44.0,44,,nnknn,500,6700,8767,2743,2595,3957,6172,5,5,0.864758,0.864758,True,"[0.1042591780424118, 0.8957408666610718]","[0.4464792311191559, 0.5535207986831665]","[265, 235]",0.0,0.002489990321919322,0.009514489211142063
10698,430,20.0,20,,nnknn,500,6700,8767,2743,2595,3957,6172,5,5,0.8645046666666667,0.8645046666666667,True,"[0.0, 1.0]","[0.43225234746932983, 0.5677476525306702]","[265, 235]",0.0,0.002489990321919322,0.009514489211142063
10722,431,24.0,24,,nnknn,500,6700,8767,2743,2595,3957,6172,5,5,0.8642006666666666,0.8642006666666666,True,"[0.0, 1.0]","[0.4321003258228302, 0.5678997039794922]","[265, 235]",0.0,0.002489990321919322,0.009514489211142063
10741,432,19.0,19,43.136775970458984,nnknn,500,6747,8882,2761,2632,3986,6250,5,5,0.8639600000000001,0.8639600000000001,True,"[1.0, 0.0]","[0.5680199861526489, 0.4319800138473511]","[263, 237]",0.0,0.0025102957151830196,0.009376656264066696
10799,433,58.0,58,,nnknn,500,6747,8882,2761,2632,3986,6250,5,5,0.8632253333333333,0.8632253333333333,True,"[0.20466381311416626, 0.7953361868858337]","[0.45960548520088196, 0.5403944849967957]","[263, 237]",0.0,0.0025102957151830196,0.009376656264066696
10818,434,19.0,19,,nnknn,500,6747,8882,2761,2632,3986,6250,5,5,0.8629846666666667,0.8629846666666667,True,"[0.0, 1.0]","[0.43149232864379883, 0.5685076713562012]","[263, 237]",0.0,0.0025102957151830196,0.009376656264066696
10883,435,65.0,65,,nnknn,500,6747,8882,2761,2632,3986,6250,5,5,0.8621613333333333,0.8621613333333333,True,"[0.0, 1.0]","[0.4310806691646576, 0.56891930103302]","[263, 237]",0.0,0.0025102957151830196,0.009376656264066696
10906,436,23.0,23,58.353843688964844,nnknn,500,6823,9080,2789,2714,4034,6366,6,6,0.86187,0.86187,True,"[0.0, 1.0]","[0.43093499541282654, 0.5690649747848511]","[258, 242]",0.0,0.0025137485936284065,0.009453772567212582
10923,437,17.0,17,,nnknn,500,6823,9080,2789,2714,4034,6366,6,6,0.8616546666666667,0.8616546666666667,True,"[1.0, 0.0]","[0.5691726803779602, 0.4308273196220398]","[258, 242]",0.0,0.0025137485936284065,0.009453772567212582
10940,438,17.0,17,,nnknn,500,6823,9080,2789,2714,4034,6366,6,6,0.8614393333333333,0.8614393333333333,True,"[0.0, 1.0]","[0.43071967363357544, 0.5692803263664246]","[258, 242]",0.0,0.0025137485936284065,0.009453772567212582
10952,439,12.0,12,,nnknn,500,6823,9080,2789,2714,4034,6366,6,6,0.8612873333333333,0.8612873333333333,True,"[1.0, 0.0]","[0.5693563222885132, 0.4306436777114868]","[258, 242]",0.0,0.0025137485936284065,0.009453772567212582
10999,440,47.0,47,30.95770835876465,nnknn,500,6872,9171,2809,2741,4063,6430,6,6,0.860692,0.860692,True,"[0.1808023601770401, 0.8191976547241211]","[0.4555332362651825, 0.5444667935371399]","[253, 247]",0.0,0.002576522994786501,0.009467288851737976
11055,441,56.0,56,,nnknn,500,6872,9171,2809,2741,4063,6430,6,6,0.8599826666666667,0.8599826666666667,True,"[1.0, 0.0]","[0.5700086355209351, 0.42999133467674255]","[253, 247]",0.0,0.002576522994786501,0.009467288851737976
11071,442,16.0,16,,nnknn,500,6872,9171,2809,2741,4063,6430,6,6,0.85978,0.85978,True,"[0.09907109290361404, 0.9009289145469666]","[0.4437817633152008, 0.5562182664871216]","[253, 247]",0.0,0.002576522994786501,0.009467288851737976
11087,443,16.0,16,,nnknn,500,6872,9171,2809,2741,4063,6430,6,6,0.8595773333333333,0.8595773333333333,True,"[0.0, 1.0]","[0.4297886788845062, 0.5702112913131714]","[253, 247]",0.0,0.002576522994786501,0.009467288851737976
11097,444,10.0,10,47.77420425415039,nnknn,453,7003,9237,2908,2741,4095,6496,6,6,0.8594506666666667,0.8594506666666667,True,"[0.8632440567016602, 0.13675597310066223]","[0.5510537028312683, 0.4489462971687317]","[231, 222]",0.00045277748722583055,0.00281079625710845,0.009816466830670834
11110,445,13.0,13,,nnknn,453,7003,9237,2908,2741,4095,6496,6,6,0.859286,0.859286,True,"[0.0989474281668663, 0.9010525941848755]","[0.44356629252433777, 0.5564336776733398]","[231, 222]",0.00045277748722583055,0.00281079625710845,0.009816466830670834
11169,446,59.0,59,,nnknn,453,7003,9237,2908,2741,4095,6496,6,6,0.8585386666666667,0.8585386666666667,True,"[0.8998652696609497, 0.10013478994369507]","[0.5565654635429382, 0.44343453645706177]","[231, 222]",0.00045277748722583055,0.00281079625710845,0.009816466830670834
11228,447,59.0,59,,nnknn,453,7003,9237,2908,2741,4095,6496,6,6,0.8577913333333334,0.8577913333333334,True,"[0.0, 1.0]","[0.42889565229415894, 0.5711043477058411]","[231, 222]",0.00045277748722583055,0.00281079625710845,0.009816466830670834
11254,448,26.0,26,62.98660659790039,nnknn,500,7042,9411,2914,2791,4128,6620,6,6,0.857462,0.857462,True,"[1.0, 0.0]","[0.5712690353393555, 0.4287309944629669]","[258, 242]",0.0,0.002516019158065319,0.010316276922821999
11282,449,28.0,28,,nnknn,500,7042,9411,2914,2791,4128,6620,6,6,0.8571073333333333,0.8571073333333333,True,"[1.0, 0.0]","[0.5714462995529175, 0.42855367064476013]","[258, 242]",0.0,0.002516019158065319,0.010316276922821999
11301,450,19.0,19,,nnknn,500,7042,9411,2914,2791,4128,6620,6,6,0.8568666666666667,0.8568666666666667,True,"[0.0, 1.0]","[0.4284333288669586, 0.5715667009353638]","[258, 242]",0.0,0.002516019158065319,0.010316276922821999
11325,451,24.0,24,,nnknn,500,7042,9411,2914,2791,4128,6620,6,6,0.8565626666666667,0.8565626666666667,True,"[1.0, 0.0]","[0.571718692779541, 0.42828133702278137]","[258, 242]",0.0,0.002516019158065319,0.010316276922821999
11366,452,41.0,41,27.399200439453125,nnknn,500,7080,9545,2918,2847,4162,6698,6,6,0.8560433333333333,0.8560433333333333,True,"[0.0, 1.0]","[0.4280216693878174, 0.5719783306121826]","[257, 243]",0.0,0.002550159115344286,0.009817061014473438
11392,453,26.0,26,,nnknn,500,7080,9545,2918,2847,4162,6698,6,6,0.855714,0.855714,True,"[1.0, 0.0]","[0.5721429586410522, 0.42785701155662537]","[257, 243]",0.0,0.002550159115344286,0.009817061014473438
11413,454,21.0,21,,nnknn,500,7080,9545,2918,2847,4162,6698,6,6,0.855448,0.855448,True,"[0.0, 1.0]","[0.4277240037918091, 0.5722759962081909]","[257, 243]",0.0,0.002550159115344286,0.009817061014473438
11434,455,21.0,21,,nnknn,500,7080,9545,2918,2847,4162,6698,6,6,0.855182,0.855182,True,"[0.10096105188131332, 0.8990389704704285]","[0.44221198558807373, 0.5577880144119263]","[257, 243]",0.0,0.002550159115344286,0.009817061014473438
11472,456,38.0,38,24.537260055541992,nnknn,500,7133,9644,2933,2878,4200,6766,6,6,0.8547006666666667,0.8547006666666667,True,"[0.0, 1.0]","[0.42735034227371216, 0.5726496577262878]","[254, 246]",0.0,0.002531233476474881,0.009317095391452312
11504,457,32.0,32,,nnknn,500,7133,9644,2933,2878,4200,6766,6,6,0.8542953333333333,0.8542953333333333,True,"[0.0, 1.0]","[0.42714765667915344, 0.572852373123169]","[254, 246]",0.0,0.002531233476474881,0.009317095391452312
11532,458,28.0,28,,nnknn,500,7133,9644,2933,2878,4200,6766,6,6,0.8539406666666667,0.8539406666666667,True,"[1.0, 0.0]","[0.573029637336731, 0.42697033286094666]","[254, 246]",0.0,0.002531233476474881,0.009317095391452312
11546,459,14.0,14,,nnknn,500,7133,9644,2933,2878,4200,6766,6,6,0.8537633333333333,0.8537633333333333,True,"[0.0, 1.0]","[0.42688167095184326, 0.5731183290481567]","[254, 246]",0.0,0.002531233476474881,0.009317095391452312
11564,460,18.0,18,27.252124786376953,nnknn,500,7172,9728,2946,2896,4226,6832,6,6,0.8535353333333333,0.8535353333333333,True,"[1.0, 0.0]","[0.5732322931289673, 0.4267676770687103]","[250, 250]",0.0,0.0025138934142887592,0.008817102760076523
11599,461,35.0,35,,nnknn,500,7172,9728,2946,2896,4226,6832,6,6,0.853092,0.853092,True,"[1.0, 0.0]","[0.5734540224075317, 0.42654600739479065]","[250, 250]",0.0,0.0025138934142887592,0.008817102760076523
11621,462,22.0,22,,nnknn,500,7172,9728,2946,2896,4226,6832,6,6,0.8528133333333333,0.8528133333333333,True,"[1.0, 0.0]","[0.5735933184623718, 0.4264066815376282]","[250, 250]",0.0,0.0025138934142887592,0.008817102760076523
11632,463,11.0,11,,nnknn,500,7172,9728,2946,2896,4226,6832,6,6,0.8526739999999999,0.8526739999999999,True,"[0.8909206986427307, 0.10907933115959167]","[0.5575927495956421, 0.4424072206020355]","[250, 250]",0.0,0.0025138934142887592,0.008817102760076523
11718,464,86.0,86,71.9289321899414,nnknn,500,7230,9929,2972,2975,4258,6954,6,6,0.8515846666666667,0.8515846666666667,True,"[0.0, 1.0]","[0.4257923364639282, 0.5742076635360718]","[254, 246]",0.0,0.0025120407808572054,0.008598685264587402
11735,465,17.0,17,,nnknn,500,7230,9929,2972,2975,4258,6954,6,6,0.8513693333333333,0.8513693333333333,True,"[0.09461651742458344, 0.9053834676742554]","[0.43974757194519043, 0.5602524280548096]","[254, 246]",0.0,0.0025120407808572054,0.008598685264587402
11758,466,23.0,23,,nnknn,500,7230,9929,2972,2975,4258,6954,6,6,0.851078,0.851078,True,"[0.0, 1.0]","[0.4255389869213104, 0.5744609832763672]","[254, 246]",0.0,0.0025120407808572054,0.008598685264587402
11771,467,13.0,13,,nnknn,500,7230,9929,2972,2975,4258,6954,6,6,0.8509133333333333,0.8509133333333333,True,"[1.0, 0.0]","[0.5745433568954468, 0.4254566729068756]","[254, 246]",0.0,0.0025120407808572054,0.008598685264587402
11808,468,37.0,37,21.56852149963379,nnknn,500,7244,10041,2978,3005,4266,7036,6,6,0.8504446666666666,0.8504446666666666,True,"[0.9086313843727112, 0.0913686528801918]","[0.5611129999160767, 0.43888700008392334]","[257, 243]",0.0,0.0024881712161004543,0.009098668582737446
11888,469,80.0,80,,nnknn,500,7244,10041,2978,3005,4266,7036,6,6,0.8494313333333333,0.8494313333333333,True,"[0.0, 1.0]","[0.42471566796302795, 0.5752843618392944]","[257, 243]",0.0,0.0024881712161004543,0.009098668582737446
11915,470,27.0,27,,nnknn,500,7244,10041,2978,3005,4266,7036,6,6,0.8490893333333334,0.8490893333333334,True,"[1.0, 0.0]","[0.5754553079605103, 0.42454466223716736]","[257, 243]",0.0,0.0024881712161004543,0.009098668582737446
11972,471,57.0,57,,nnknn,500,7244,10041,2978,3005,4266,7036,6,6,0.8483673333333334,0.8483673333333334,True,"[0.10148787498474121, 0.8985121250152588]","[0.4395725429058075, 0.5604274272918701]","[257, 243]",0.0,0.0024881712161004543,0.009098668582737446
11997,472,25.0,25,67.54031372070312,nnknn,500,7292,10317,3000,3119,4292,7198,7,7,0.8480506666666667,0.8480506666666667,True,"[1.0, 0.0]","[0.575974702835083, 0.4240253269672394]","[254, 246]",0.0,0.0025084943044930696,0.009577637538313866
12016,473,19.0,19,,nnknn,500,7292,10317,3000,3119,4292,7198,7,7,0.84781,0.84781,True,"[1.0, 0.0]","[0.5760949850082397, 0.42390498518943787]","[254, 246]",0.0,0.0025084943044930696,0.009577637538313866
12042,474,26.0,26,,nnknn,500,7292,10317,3000,3119,4292,7198,7,7,0.8474806666666667,0.8474806666666667,True,"[0.0, 1.0]","[0.42374032735824585, 0.5762596726417542]","[254, 246]",0.0,0.0025084943044930696,0.009577637538313866
12064,475,22.0,22,,nnknn,500,7292,10317,3000,3119,4292,7198,7,7,0.847202,0.847202,True,"[0.0, 1.0]","[0.4236010015010834, 0.5763989686965942]","[254, 246]",0.0,0.0025084943044930696,0.009577637538313866
12083,476,19.0,19,16.72974395751953,nnknn,500,7332,10390,3013,3133,4319,7257,7,7,0.8469613333333333,0.8469613333333333,True,"[0.0, 1.0]","[0.42348065972328186, 0.5765193700790405]","[252, 248]",0.0,0.002528189215809107,0.009077892638742924
12139,477,56.0,56,,nnknn,500,7332,10390,3013,3133,4319,7257,7,7,0.846252,0.846252,True,"[0.87119460105896, 0.12880544364452362]","[0.5570704340934753, 0.44292959570884705]","[252, 248]",0.0,0.002528189215809107,0.009077892638742924
12191,478,52.0,52,,nnknn,500,7332,10390,3013,3133,4319,7257,7,7,0.8455933333333333,0.8455933333333333,True,"[0.8890899419784546, 0.11091003566980362]","[0.5600780844688416, 0.43992191553115845]","[252, 248]",0.0,0.002528189215809107,0.009077892638742924
12228,479,37.0,37,,nnknn,500,7332,10390,3013,3133,4319,7257,7,7,0.8451246666666666,0.8451246666666666,True,"[0.0, 1.0]","[0.4225623309612274, 0.5774376392364502]","[252, 248]",0.0,0.002528189215809107,0.009077892638742924
12250,480,22.0,22,55.75602340698242,nnknn,500,7384,10618,3030,3229,4354,7389,7,7,0.844846,0.844846,True,"[0.09748873114585876, 0.9025112986564636]","[0.43754875659942627, 0.5624512434005737]","[247, 253]",0.0,0.0025996577460318804,0.008745668455958366
12261,481,11.0,11,,nnknn,500,7384,10618,3030,3229,4354,7389,7,7,0.8447066666666667,0.8447066666666667,True,"[0.0, 1.0]","[0.4223533272743225, 0.5776466727256775]","[247, 253]",0.0,0.0025996577460318804,0.008745668455958366
12311,482,50.0,50,,nnknn,500,7384,10618,3030,3229,4354,7389,7,7,0.8440733333333333,0.8440733333333333,True,"[0.8729047775268555, 0.1270952671766281]","[0.5581457614898682, 0.44185420870780945]","[247, 253]",0.0,0.0025996577460318804,0.008745668455958366
12386,483,75.0,75,,nnknn,500,7384,10618,3030,3229,4354,7389,7,7,0.8431233333333333,0.8431233333333333,True,"[0.0, 1.0]","[0.42156165838241577, 0.5784383416175842]","[247, 253]",0.0,0.0025996577460318804,0.008745668455958366
12433,484,47.0,47,70.75483703613281,nnknn,493,7585,10749,3180,3229,4405,7520,8,8,0.8425279999999999,0.8425279999999999,True,"[0.845669150352478, 0.15433081984519958]","[0.5544332265853882, 0.4455667734146118]","[249, 244]",0.0,0.002658434910699725,0.009098504669964314
12453,485,20.0,20,,nnknn,493,7585,10749,3180,3229,4405,7520,8,8,0.8422746666666667,0.8422746666666667,True,"[1.0, 0.0]","[0.5788626670837402, 0.42113733291625977]","[249, 244]",0.0,0.002658434910699725,0.009098504669964314
12479,486,26.0,26,,nnknn,493,7585,10749,3180,3229,4405,7520,8,8,0.8419453333333333,0.8419453333333333,True,"[0.0, 1.0]","[0.42097267508506775, 0.5790272951126099]","[249, 244]",0.0,0.002658434910699725,0.009098504669964314
12495,487,16.0,16,,nnknn,493,7585,10749,3180,3229,4405,7520,8,8,0.8417426666666666,0.8417426666666666,True,"[1.0, 0.0]","[0.579128623008728, 0.4208713471889496]","[249, 244]",0.0,0.002658434910699725,0.009098504669964314
12512,488,17.0,17,20.760684967041016,nnknn,500,7619,10810,3188,3238,4431,7572,9,9,0.8415273333333333,0.8415273333333333,True,"[0.0, 1.0]","[0.42076367139816284, 0.5792363286018372]","[252, 248]",0.0,0.002638612873852253,0.00957792904227972
12538,489,26.0,26,,nnknn,500,7619,10810,3188,3238,4431,7572,9,9,0.841198,0.841198,True,"[0.0, 1.0]","[0.4205990135669708, 0.5794010162353516]","[252, 248]",0.0,0.002638612873852253,0.00957792904227972
12568,490,30.0,30,,nnknn,500,7619,10810,3188,3238,4431,7572,9,9,0.8408180000000001,0.8408180000000001,True,"[0.0, 1.0]","[0.4204089939594269, 0.5795910358428955]","[252, 248]",0.0,0.002638612873852253,0.00957792904227972
12610,491,42.0,42,,nnknn,500,7619,10810,3188,3238,4431,7572,9,9,0.840286,0.840286,True,"[0.0, 1.0]","[0.4201430082321167, 0.5798569917678833]","[252, 248]",0.0,0.002638612873852253,0.00957792904227972
12669,492,59.0,59,41.788936614990234,nnknn,500,7661,11027,3199,3329,4462,7698,9,9,0.8395386666666667,0.8395386666666667,True,"[0.7848008275032043, 0.21519915759563446]","[0.5456994771957397, 0.45430049300193787]","[251, 249]",0.0,0.0026207442861050367,0.009439431130886078
12682,493,13.0,13,,nnknn,500,7661,11027,3199,3329,4462,7698,9,9,0.8393740000000001,0.8393740000000001,True,"[0.0, 1.0]","[0.4196870028972626, 0.580312967300415]","[251, 249]",0.0,0.0026207442861050367,0.009439431130886078
12698,494,16.0,16,,nnknn,500,7661,11027,3199,3329,4462,7698,9,9,0.8391713333333333,0.8391713333333333,True,"[0.0, 1.0]","[0.4195856750011444, 0.5804142951965332]","[251, 249]",0.0,0.0026207442861050367,0.009439431130886078
12715,495,17.0,17,,nnknn,500,7661,11027,3199,3329,4462,7698,9,9,0.838956,0.838956,True,"[0.8936835527420044, 0.1063164472579956]","[0.563400387763977, 0.43659961223602295]","[251, 249]",0.0,0.0026207442861050367,0.009439431130886078
12736,496,21.0,21,22.931896209716797,nnknn,500,7678,11088,3201,3339,4477,7749,10,10,0.8386899999999999,0.8386899999999999,True,"[0.0, 1.0]","[0.4193449914455414, 0.5806549787521362]","[251, 249]",0.0,0.0026118988171219826,0.009933039546012878
12765,497,29.0,29,,nnknn,500,7678,11088,3201,3339,4477,7749,10,10,0.8383226666666667,0.8383226666666667,True,"[0.10515782982110977, 0.8948421478271484]","[0.43616294860839844, 0.5638370513916016]","[251, 249]",0.0,0.0026118988171219826,0.009933039546012878
12790,498,25.0,25,,nnknn,500,7678,11088,3201,3339,4477,7749,10,10,0.838006,0.838006,True,"[1.0, 0.0]","[0.5809969902038574, 0.4190030097961426]","[251, 249]",0.0,0.0026118988171219826,0.009933039546012878
12808,499,18.0,18,,nnknn,500,7678,11088,3201,3339,4477,7749,10,10,0.837778,0.837778,True,"[0.6565108299255371, 0.3434891402721405]","[0.5253894925117493, 0.47461050748825073]","[251, 249]",0.0,0.0026118988171219826,0.009933039546012878
12826,500,18.0,18,20.1943416595459,nnknn,500,7719,11176,3216,3363,4503,7813,10,10,0.83755,0.83755,True,"[0.8902546167373657, 0.10974535346031189]","[0.5633968710899353, 0.4366031289100647]","[250, 250]",0.0,0.002662546234205365,0.01043299213051796
12861,501,35.0,35,,nnknn,500,7719,11176,3216,3363,4503,7813,10,10,0.8371066666666667,0.8371066666666667,True,"[0.0, 1.0]","[0.41855332255363464, 0.581446647644043]","[250, 250]",0.0,0.002662546234205365,0.01043299213051796
12893,502,32.0,32,,nnknn,500,7719,11176,3216,3363,4503,7813,10,10,0.8367013333333333,0.8367013333333333,True,"[0.0, 1.0]","[0.4183506667613983, 0.5816493034362793]","[250, 250]",0.0,0.002662546234205365,0.01043299213051796
12922,503,29.0,29,,nnknn,500,7719,11176,3216,3363,4503,7813,10,10,0.836334,0.836334,True,"[0.0, 1.0]","[0.41816699504852295, 0.581833004951477]","[250, 250]",0.0,0.002662546234205365,0.01043299213051796
12944,504,22.0,22,32.94768524169922,nnknn,500,7764,11314,3229,3415,4535,7899,10,10,0.8360553333333334,0.8360553333333334,True,"[1.0, 0.0]","[0.5819723606109619, 0.4180276691913605]","[249, 251]",0.0,0.002648020861670375,0.010294915176928043
12962,505,18.0,18,,nnknn,500,7764,11314,3229,3415,4535,7899,10,10,0.8358273333333334,0.8358273333333334,True,"[0.9002724289894104, 0.09972762316465378]","[0.5657137632369995, 0.4342862367630005]","[249, 251]",0.0,0.002648020861670375,0.010294915176928043
12983,506,21.0,21,,nnknn,500,7764,11314,3229,3415,4535,7899,10,10,0.8355613333333334,0.8355613333333334,True,"[0.0, 1.0]","[0.41778066754341125, 0.5822193622589111]","[249, 251]",0.0,0.002648020861670375,0.010294915176928043
12995,507,12.0,12,,nnknn,500,7764,11314,3229,3415,4535,7899,10,10,0.8354093333333333,0.8354093333333333,True,"[0.09964718669652939, 0.9003528356552124]","[0.43410566449165344, 0.565894365310669]","[249, 251]",0.0,0.002648020861670375,0.010294915176928043
13071,508,76.0,76,58.57611846923828,nnknn,500,7804,11471,3241,3474,4563,7997,11,11,0.8344466666666667,0.8344466666666667,True,"[0.9014045596122742, 0.09859544783830643]","[0.5664538741111755, 0.43354612588882446]","[253, 247]",0.0,0.0026315962895751,0.01079470943659544
13098,509,27.0,27,,nnknn,500,7804,11471,3241,3474,4563,7997,11,11,0.8341046666666667,0.8341046666666667,True,"[0.09589693695306778, 0.9041030406951904]","[0.43296119570732117, 0.5670388340950012]","[253, 247]",0.0,0.0026315962895751,0.01079470943659544
13132,510,34.0,34,,nnknn,500,7804,11471,3241,3474,4563,7997,11,11,0.833674,0.833674,True,"[1.0, 0.0]","[0.5831630229949951, 0.41683700680732727]","[253, 247]",0.0,0.0026315962895751,0.01079470943659544
13175,511,43.0,43,,nnknn,500,7804,11471,3241,3474,4563,7997,11,11,0.8331293333333334,0.8331293333333334,True,"[1.0, 0.0]","[0.5834352970123291, 0.4165646731853485]","[253, 247]",0.0,0.0026315962895751,0.01079470943659544
13200,512,25.0,25,28.231060028076172,nnknn,500,7846,11621,3257,3525,4589,8096,12,15,0.8328126666666666,0.8328126666666666,True,"[0.10741589218378067, 0.8925840854644775]","[0.434364914894104, 0.565635085105896]","[254, 246]",0.0,0.0026194960810244083,0.010932893492281437
13218,513,18.0,18,,nnknn,500,7846,11621,3257,3525,4589,8096,12,15,0.8325846666666666,0.8325846666666666,True,"[0.0, 1.0]","[0.41629233956336975, 0.5837076902389526]","[254, 246]",0.0,0.0026194960810244083,0.010932893492281437
13241,514,23.0,23,,nnknn,500,7846,11621,3257,3525,4589,8096,12,15,0.8322933333333333,0.8322933333333333,True,"[0.8784292340278625, 0.12157075852155685]","[0.5634651184082031, 0.4365348815917969]","[254, 246]",0.0,0.0026194960810244083,0.010932893492281437
13262,515,21.0,21,,nnknn,500,7846,11621,3257,3525,4589,8096,12,15,0.8320273333333333,0.8320273333333333,True,"[0.0, 1.0]","[0.4160136580467224, 0.5839863419532776]","[254, 246]",0.0,0.0026194960810244083,0.010932893492281437
13296,516,34.0,34,23.812501907348633,nnknn,500,7897,11706,3274,3549,4623,8157,13,16,0.8315966666666667,0.8315966666666667,True,"[1.0, 0.0]","[0.5842016935348511, 0.4157983362674713]","[255, 245]",0.0,0.002628425834700465,0.010780763812363148
13321,517,25.0,25,,nnknn,500,7897,11706,3274,3549,4623,8157,13,16,0.83128,0.83128,True,"[1.0, 0.0]","[0.5843600034713745, 0.4156399965286255]","[255, 245]",0.0,0.002628425834700465,0.010780763812363148
13341,518,20.0,20,,nnknn,500,7897,11706,3274,3549,4623,8157,13,16,0.8310266666666667,0.8310266666666667,True,"[1.0, 0.0]","[0.5844866633415222, 0.4155133366584778]","[255, 245]",0.0,0.002628425834700465,0.010780763812363148
13358,519,17.0,17,,nnknn,500,7897,11706,3274,3549,4623,8157,13,16,0.8308113333333333,0.8308113333333333,True,"[0.10728228837251663, 0.892717719078064]","[0.43355661630630493, 0.5664433836936951]","[255, 245]",0.0,0.002628425834700465,0.010780763812363148
13370,520,12.0,12,25.588735580444336,nnknn,500,7926,11768,3283,3558,4643,8210,14,17,0.8306593333333333,0.8306593333333333,True,"[0.10333386063575745, 0.8966661691665649]","[0.43282827734947205, 0.5671716928482056]","[257, 243]",0.0,0.0026313853450119495,0.011280744336545467
13399,521,29.0,29,,nnknn,500,7926,11768,3283,3558,4643,8210,14,17,0.830292,0.830292,True,"[1.0, 0.0]","[0.584854006767273, 0.41514599323272705]","[257, 243]",0.0,0.0026313853450119495,0.011280744336545467
13435,522,36.0,36,,nnknn,500,7926,11768,3283,3558,4643,8210,14,17,0.829836,0.829836,True,"[0.0, 1.0]","[0.4149180054664612, 0.5850819945335388]","[257, 243]",0.0,0.0026313853450119495,0.011280744336545467
13489,523,54.0,54,,nnknn,500,7926,11768,3283,3558,4643,8210,14,17,0.829152,0.829152,True,"[0.7720524072647095, 0.22794757783412933]","[0.5464795827865601, 0.45352038741111755]","[257, 243]",0.0,0.0026313853450119495,0.011280744336545467
13550,524,61.0,61,67.62483978271484,nnknn,500,7991,12023,3303,3678,4688,8345,14,17,0.8283793333333334,0.8283793333333334,True,"[0.7548045516014099, 0.24519547820091248]","[0.5437297224998474, 0.4562702775001526]","[255, 245]",0.0,0.0026284330524504185,0.01112527959048748
13602,525,52.0,52,,nnknn,500,7991,12023,3303,3678,4688,8345,14,17,0.8277206666666667,0.8277206666666667,True,"[0.0, 1.0]","[0.4138603210449219, 0.5861396789550781]","[255, 245]",0.0,0.0026284330524504185,0.01112527959048748
13614,526,12.0,12,,nnknn,500,7991,12023,3303,3678,4688,8345,14,17,0.8275686666666666,0.8275686666666666,True,"[1.0, 0.0]","[0.5862156748771667, 0.41378432512283325]","[255, 245]",0.0,0.0026284330524504185,0.01112527959048748
13633,527,19.0,19,,nnknn,500,7991,12023,3303,3678,4688,8345,14,17,0.8273280000000001,0.8273280000000001,True,"[0.0, 1.0]","[0.4136640131473541, 0.5863360166549683]","[255, 245]",0.0,0.0026284330524504185,0.01112527959048748
13696,528,63.0,63,61.206443786621094,nnknn,500,8010,12247,3308,3771,4702,8476,15,18,0.82653,0.82653,True,"[1.0, 0.0]","[0.5867350101470947, 0.4132649898529053]","[253, 247]",0.0,0.0026299927849322557,0.011624357663094997
13729,529,33.0,33,,nnknn,500,8010,12247,3308,3771,4702,8476,15,18,0.826112,0.826112,True,"[0.850300133228302, 0.149699866771698]","[0.5609129667282104, 0.43908700346946716]","[253, 247]",0.0,0.0026299927849322557,0.011624357663094997
13747,530,18.0,18,,nnknn,500,8010,12247,3308,3771,4702,8476,15,18,0.8258840000000001,0.8258840000000001,True,"[0.8960316777229309, 0.10396836698055267]","[0.5689554214477539, 0.4310445487499237]","[253, 247]",0.0,0.0026299927849322557,0.011624357663094997
13773,531,26.0,26,,nnknn,500,8010,12247,3308,3771,4702,8476,15,18,0.8255546666666667,0.8255546666666667,True,"[0.8461723327636719, 0.1538276970386505]","[0.5603881478309631, 0.43961185216903687]","[253, 247]",0.0,0.0026299927849322557,0.011624357663094997
13870,532,97.0,97,74.45243072509766,nnknn,500,8058,12479,3329,3857,4729,8622,16,19,0.824326,0.824326,True,"[0.0, 1.0]","[0.41216298937797546, 0.5878369808197021]","[256, 244]",0.0,0.0026627422776073217,0.011124467477202415
13886,533,16.0,16,,nnknn,500,8058,12479,3329,3857,4729,8622,16,19,0.8241233333333333,0.8241233333333333,True,"[0.0, 1.0]","[0.4120616614818573, 0.5879383087158203]","[256, 244]",0.0,0.0026627422776073217,0.011124467477202415
13915,534,29.0,29,,nnknn,500,8058,12479,3329,3857,4729,8622,16,19,0.8237559999999999,0.8237559999999999,True,"[0.0, 1.0]","[0.41187798976898193, 0.5881220102310181]","[256, 244]",0.0,0.0026627422776073217,0.011124467477202415
13942,535,27.0,27,,nnknn,500,8058,12479,3329,3857,4729,8622,16,19,0.823414,0.823414,True,"[0.8824446797370911, 0.11755535006523132]","[0.5675343871116638, 0.43246564269065857]","[256, 244]",0.0,0.0026627422776073217,0.011124467477202415
13959,536,17.0,17,23.03919219970703,nnknn,500,8091,12557,3337,3872,4754,8685,17,20,0.8231986666666666,0.8231986666666666,True,"[1.0, 0.0]","[0.588400661945343, 0.411599338054657]","[251, 249]",0.0,0.0026476101484149694,0.011624384671449661
13979,537,20.0,20,,nnknn,500,8091,12557,3337,3872,4754,8685,17,20,0.8229453333333333,0.8229453333333333,True,"[0.0, 1.0]","[0.4114726781845093, 0.5885273218154907]","[251, 249]",0.0,0.0026476101484149694,0.011624384671449661
14013,538,34.0,34,,nnknn,500,8091,12557,3337,3872,4754,8685,17,20,0.8225146666666667,0.8225146666666667,True,"[0.20218902826309204, 0.7978110313415527]","[0.44714292883872986, 0.5528571009635925]","[251, 249]",0.0,0.0026476101484149694,0.011624384671449661
14052,539,39.0,39,,nnknn,500,8091,12557,3337,3872,4754,8685,17,20,0.8220206666666667,0.8220206666666667,True,"[0.8641889095306396, 0.13581110537052155]","[0.5648180842399597, 0.4351818859577179]","[251, 249]",0.0,0.0026476101484149694,0.011624384671449661
14065,540,13.0,13,25.053720474243164,nnknn,458,8233,12621,3437,3872,4796,8749,17,20,0.821856,0.821856,True,"[1.0, 0.0]","[0.5890719890594482, 0.41092801094055176]","[224, 234]",0.0003708713629748672,0.002893592230975628,0.011465687304735184
14113,541,48.0,48,,nnknn,458,8233,12621,3437,3872,4796,8749,17,20,0.821248,0.821248,True,"[0.0, 1.0]","[0.4106239974498749, 0.5893759727478027]","[224, 234]",0.0003708713629748672,0.002893592230975628,0.011465687304735184
14124,542,11.0,11,,nnknn,458,8233,12621,3437,3872,4796,8749,17,20,0.8211086666666667,0.8211086666666667,True,"[0.0, 1.0]","[0.41055431962013245, 0.5894457101821899]","[224, 234]",0.0003708713629748672,0.002893592230975628,0.011465687304735184
14148,543,24.0,24,,nnknn,458,8233,12621,3437,3872,4796,8749,17,20,0.8208046666666666,0.8208046666666666,True,"[0.0, 1.0]","[0.4104023277759552, 0.5895977020263672]","[224, 234]",0.0003708713629748672,0.002893592230975628,0.011465687304735184
14165,544,17.0,17,42.49137496948242,nnknn,500,8261,12698,3440,3874,4821,8824,17,20,0.8205893333333334,0.8205893333333334,True,"[1.0, 0.0]","[0.5897053480148315, 0.41029465198516846]","[242, 258]",0.0,0.002639520214870572,0.010966110043227673
14188,545,23.0,23,,nnknn,500,8261,12698,3440,3874,4821,8824,17,20,0.820298,0.820298,True,"[1.0, 0.0]","[0.5898510217666626, 0.4101490080356598]","[242, 258]",0.0,0.002639520214870572,0.010966110043227673
14217,546,29.0,29,,nnknn,500,8261,12698,3440,3874,4821,8824,17,20,0.8199306666666667,0.8199306666666667,True,"[0.0, 1.0]","[0.4099653363227844, 0.5900346636772156]","[242, 258]",0.0,0.002639520214870572,0.010966110043227673
14243,547,26.0,26,,nnknn,500,8261,12698,3440,3874,4821,8824,17,20,0.8196013333333333,0.8196013333333333,True,"[0.10024808347225189, 0.8997519016265869]","[0.4278852939605713, 0.5721147060394287]","[242, 258]",0.0,0.002639520214870572,0.010966110043227673
14257,548,14.0,14,19.086645126342773,nnknn,500,8307,12781,3451,3900,4856,8881,17,20,0.8194239999999999,0.8194239999999999,True,"[0.0, 1.0]","[0.4097119867801666, 0.5902880430221558]","[238, 262]",0.0,0.00265154498629272,0.01046617142856121
14268,549,11.0,11,,nnknn,500,8307,12781,3451,3900,4856,8881,17,20,0.8192846666666667,0.8192846666666667,True,"[0.0, 1.0]","[0.4096423387527466, 0.5903576612472534]","[238, 262]",0.0,0.00265154498629272,0.01046617142856121
14280,550,12.0,12,,nnknn,500,8307,12781,3451,3900,4856,8881,17,20,0.8191326666666667,0.8191326666666667,True,"[1.0, 0.0]","[0.590433657169342, 0.40956634283065796]","[238, 262]",0.0,0.00265154498629272,0.01046617142856121
14327,551,47.0,47,,nnknn,500,8307,12781,3451,3900,4856,8881,17,20,0.8185373333333333,0.8185373333333333,True,"[1.0, 0.0]","[0.5907313227653503, 0.40926867723464966]","[238, 262]",0.0,0.00265154498629272,0.01046617142856121
14374,552,47.0,47,49.8023681640625,nnknn,500,8349,12933,3464,3964,4885,8969,17,20,0.817942,0.817942,True,"[0.0, 1.0]","[0.40897101163864136, 0.5910289883613586]","[238, 262]",0.0,0.0026255270931869745,0.010966111905872822
14386,553,12.0,12,,nnknn,500,8349,12933,3464,3964,4885,8969,17,20,0.81779,0.81779,True,"[1.0, 0.0]","[0.5911049842834473, 0.40889498591423035]","[238, 262]",0.0,0.0026255270931869745,0.010966111905872822
14398,554,12.0,12,,nnknn,500,8349,12933,3464,3964,4885,8969,17,20,0.817638,0.817638,True,"[0.0, 1.0]","[0.4088189899921417, 0.5911810398101807]","[238, 262]",0.0,0.0026255270931869745,0.010966111905872822
14427,555,29.0,29,,nnknn,500,8349,12933,3464,3964,4885,8969,17,20,0.8172706666666667,0.8172706666666667,True,"[0.0, 1.0]","[0.40863534808158875, 0.5913646221160889]","[238, 262]",0.0,0.0026255270931869745,0.010966111905872822
14454,556,27.0,27,26.569644927978516,nnknn,500,8387,13003,3477,3979,4910,9024,17,20,0.8169286666666666,0.8169286666666666,True,"[0.0, 1.0]","[0.40846434235572815, 0.5915356874465942]","[238, 262]",0.0,0.0026484141126275063,0.011466039344668388
14513,557,59.0,59,,nnknn,500,8387,13003,3477,3979,4910,9024,17,20,0.8161813333333333,0.8161813333333333,True,"[0.0, 1.0]","[0.4080906808376312, 0.5919092893600464]","[238, 262]",0.0,0.0026484141126275063,0.011466039344668388
14545,558,32.0,32,,nnknn,500,8387,13003,3477,3979,4910,9024,17,20,0.8157760000000001,0.8157760000000001,True,"[1.0, 0.0]","[0.5921120047569275, 0.4078879952430725]","[238, 262]",0.0,0.0026484141126275063,0.011466039344668388
14593,559,48.0,48,,nnknn,500,8387,13003,3477,3979,4910,9024,17,20,0.815168,0.815168,True,"[0.8995327949523926, 0.10046722739934921]","[0.5738464593887329, 0.4261535704135895]","[238, 262]",0.0,0.0026484141126275063,0.011466039344668388
14607,560,14.0,14,55.12847900390625,nnknn,500,8453,13191,3502,4055,4951,9136,17,20,0.8149906666666666,0.8149906666666666,True,"[0.8970535397529602, 0.10294649004936218]","[0.5734586119651794, 0.42654138803482056]","[244, 256]",0.0,0.0026985490694642067,0.01196599006652832
14641,561,34.0,34,,nnknn,500,8453,13191,3502,4055,4951,9136,17,20,0.81456,0.81456,True,"[1.0, 0.0]","[0.5927200317382812, 0.40727999806404114]","[244, 256]",0.0,0.0026985490694642067,0.01196599006652832
14681,562,40.0,40,,nnknn,500,8453,13191,3502,4055,4951,9136,17,20,0.8140533333333333,0.8140533333333333,True,"[1.0, 0.0]","[0.5929733514785767, 0.4070266783237457]","[244, 256]",0.0,0.0026985490694642067,0.01196599006652832
14696,563,15.0,15,,nnknn,500,8453,13191,3502,4055,4951,9136,17,20,0.8138633333333334,0.8138633333333334,True,"[0.0, 1.0]","[0.40693166851997375, 0.5930683612823486]","[244, 256]",0.0,0.0026985490694642067,0.01196599006652832
14736,564,40.0,40,25.346942901611328,nnknn,500,8504,13345,3529,4104,4975,9241,17,20,0.8133566666666667,0.8133566666666667,True,"[0.8708908557891846, 0.129109188914299]","[0.5692242980003357, 0.4307757019996643]","[242, 258]",0.0,0.00270638195797801,0.012389109469950199
14748,565,12.0,12,,nnknn,500,8504,13345,3529,4104,4975,9241,17,20,0.8132046666666667,0.8132046666666667,True,"[0.7968212962150574, 0.20317873358726501]","[0.5554448366165161, 0.4445551633834839]","[242, 258]",0.0,0.00270638195797801,0.012389109469950199
14814,566,66.0,66,,nnknn,500,8504,13345,3529,4104,4975,9241,17,20,0.8123686666666666,0.8123686666666666,True,"[0.0, 1.0]","[0.4061843454837799, 0.5938156843185425]","[242, 258]",0.0,0.00270638195797801,0.012389109469950199
14826,567,12.0,12,,nnknn,500,8504,13345,3529,4104,4975,9241,17,20,0.8122166666666667,0.8122166666666667,True,"[0.0, 1.0]","[0.4061083197593689, 0.5938916802406311]","[242, 258]",0.0,0.00270638195797801,0.012389109469950199
14856,568,30.0,30,47.245506286621094,nnknn,500,8548,13501,3547,4167,5001,9334,18,21,0.8118366666666667,0.8118366666666667,True,"[0.0, 1.0]","[0.40591832995414734, 0.5940816402435303]","[240, 260]",0.0,0.0026895743794739246,0.011889133602380753
14912,569,56.0,56,,nnknn,500,8548,13501,3547,4167,5001,9334,18,21,0.8111273333333333,0.8111273333333333,True,"[0.0, 1.0]","[0.4055636525154114, 0.5944363474845886]","[240, 260]",0.0,0.0026895743794739246,0.011889133602380753
14973,570,61.0,61,,nnknn,500,8548,13501,3547,4167,5001,9334,18,21,0.8103546666666667,0.8103546666666667,True,"[0.0, 1.0]","[0.4051773250102997, 0.5948226451873779]","[240, 260]",0.0,0.0026895743794739246,0.011889133602380753
15001,571,28.0,28,,nnknn,500,8548,13501,3547,4167,5001,9334,18,21,0.81,0.81,True,"[0.2048129439353943, 0.7951871156692505]","[0.4439144730567932, 0.5560855865478516]","[240, 260]",0.0,0.0026895743794739246,0.011889133602380753
15027,572,26.0,26,54.14573669433594,nnknn,500,8592,13746,3569,4264,5023,9482,19,22,0.8096706666666666,0.8096706666666666,True,"[0.8370891213417053, 0.16291090846061707]","[0.5641579627990723, 0.4358420670032501]","[238, 262]",0.0,0.002703974489122629,0.012275888584554195
15066,573,39.0,39,,nnknn,500,8592,13746,3569,4264,5023,9482,19,22,0.8091766666666667,0.8091766666666667,True,"[0.8995156288146973, 0.10048436373472214]","[0.57623690366745, 0.42376309633255005]","[238, 262]",0.0,0.002703974489122629,0.012275888584554195
15089,574,23.0,23,,nnknn,500,8592,13746,3569,4264,5023,9482,19,22,0.8088853333333333,0.8088853333333333,True,"[1.0, 0.0]","[0.5955573320388794, 0.4044426679611206]","[238, 262]",0.0,0.002703974489122629,0.012275888584554195
15116,575,27.0,27,,nnknn,500,8592,13746,3569,4264,5023,9482,19,22,0.8085433333333334,0.8085433333333334,True,"[0.0, 1.0]","[0.40427166223526, 0.59572833776474]","[238, 262]",0.0,0.002703974489122629,0.012275888584554195
15142,576,26.0,26,23.81774139404297,nnknn,500,8627,13883,3587,4303,5040,9580,19,22,0.808214,0.808214,True,"[0.8001455664634705, 0.19985446333885193]","[0.5575637221336365, 0.4424362778663635]","[242, 258]",0.0,0.0027517531998455524,0.012774509377777576
15250,577,108.0,108,,nnknn,500,8627,13883,3587,4303,5040,9580,19,22,0.806846,0.806846,True,"[0.8943986892700195, 0.10560134053230286]","[0.5761796832084656, 0.4238203167915344]","[242, 258]",0.0,0.0027517531998455524,0.012774509377777576
15294,578,44.0,44,,nnknn,500,8627,13883,3587,4303,5040,9580,19,22,0.8062886666666667,0.8062886666666667,True,"[0.7972561120986938, 0.20274390280246735]","[0.557581901550293, 0.4424181282520294]","[242, 258]",0.0,0.0027517531998455524,0.012774509377777576
15315,579,21.0,21,,nnknn,500,8627,13883,3587,4303,5040,9580,19,22,0.8060226666666667,0.8060226666666667,True,"[0.0962177962064743, 0.9037822484970093]","[0.4216753840446472, 0.5783246159553528]","[242, 258]",0.0,0.0027517531998455524,0.012774509377777576
15339,580,24.0,24,76.14434051513672,nnknn,500,8673,14167,3603,4421,5070,9746,20,23,0.8057186666666667,0.8057186666666667,True,"[0.0, 1.0]","[0.40285933017730713, 0.5971406698226929]","[234, 266]",0.0,0.002728642662987113,0.01260542031377554
15371,581,32.0,32,,nnknn,500,8673,14167,3603,4421,5070,9746,20,23,0.8053133333333333,0.8053133333333333,True,"[1.0, 0.0]","[0.5973433256149292, 0.4026566743850708]","[234, 266]",0.0,0.002728642662987113,0.01260542031377554
15426,582,55.0,55,,nnknn,500,8673,14167,3603,4421,5070,9746,20,23,0.8046166666666666,0.8046166666666666,True,"[0.0, 1.0]","[0.4023083448410034, 0.5976916551589966]","[234, 266]",0.0,0.002728642662987113,0.01260542031377554
15466,583,40.0,40,,nnknn,500,8673,14167,3603,4421,5070,9746,20,23,0.80411,0.80411,True,"[0.902066707611084, 0.097933329641819]","[0.5787608623504639, 0.4212391674518585]","[234, 266]",0.0,0.002728642662987113,0.01260542031377554
15545,584,79.0,79,65.4267578125,nnknn,500,8731,14461,3633,4537,5098,9924,20,23,0.8031093333333333,0.8031093333333333,True,"[1.0, 0.0]","[0.5984452962875366, 0.401554673910141]","[240, 260]",0.0,0.0027556552086025476,0.013105287216603756
15603,585,58.0,58,,nnknn,500,8731,14461,3633,4537,5098,9924,20,23,0.8023746666666667,0.8023746666666667,True,"[0.8025116920471191, 0.19748833775520325]","[0.5597839951515198, 0.4402160346508026]","[240, 260]",0.0,0.0027556552086025476,0.013105287216603756
15639,586,36.0,36,,nnknn,500,8731,14461,3633,4537,5098,9924,20,23,0.8019186666666667,0.8019186666666667,True,"[0.8997474312782288, 0.10025254637002945]","[0.579182505607605, 0.420817494392395]","[240, 260]",0.0,0.0027556552086025476,0.013105287216603756
15662,587,23.0,23,,nnknn,500,8731,14461,3633,4537,5098,9924,20,23,0.8016273333333334,0.8016273333333334,True,"[0.0, 1.0]","[0.40081366896629333, 0.5991863012313843]","[240, 260]",0.0,0.0027556552086025476,0.013105287216603756
15679,588,17.0,17,47.13082504272461,nnknn,500,8749,14648,3638,4603,5111,10045,20,23,0.801412,0.801412,True,"[0.7761702537536621, 0.2238297313451767]","[0.554844081401825, 0.44515588879585266]","[243, 257]",0.0,0.0027771450113505125,0.013605188578367233
15694,589,15.0,15,,nnknn,500,8749,14648,3638,4603,5111,10045,20,23,0.801222,0.801222,True,"[0.8157185316085815, 0.18428149819374084]","[0.5627579092979431, 0.4372421205043793]","[243, 257]",0.0,0.0027771450113505125,0.013605188578367233
15748,590,54.0,54,,nnknn,500,8749,14648,3638,4603,5111,10045,20,23,0.800538,0.800538,True,"[0.0, 1.0]","[0.4002690017223358, 0.5997309684753418]","[243, 257]",0.0,0.0027771450113505125,0.013605188578367233
15817,591,69.0,69,,nnknn,500,8749,14648,3638,4603,5111,10045,20,23,0.7996639999999999,0.7996639999999999,True,"[0.8192512392997742, 0.18074877560138702]","[0.5639575123786926, 0.4360424876213074]","[243, 257]",0.0,0.0027771450113505125,0.013605188578367233
15843,592,26.0,26,58.8922004699707,nnknn,500,8801,14868,3655,4694,5146,10174,20,23,0.7993346666666666,0.7993346666666666,True,"[0.8043707609176636, 0.19562922418117523]","[0.5610766410827637, 0.43892332911491394]","[243, 257]",0.0,0.0027925148606300354,0.014105127193033695
15865,593,22.0,22,,nnknn,500,8801,14868,3655,4694,5146,10174,20,23,0.799056,0.799056,True,"[0.7975254058837891, 0.20247462391853333]","[0.5597859621047974, 0.440214067697525]","[243, 257]",0.0,0.0027925148606300354,0.014105127193033695
15891,594,26.0,26,,nnknn,500,8801,14868,3655,4694,5146,10174,20,23,0.7987266666666667,0.7987266666666667,True,"[0.0, 1.0]","[0.39936333894729614, 0.6006366610527039]","[243, 257]",0.0,0.0027925148606300354,0.014105127193033695
15909,595,18.0,18,,nnknn,500,8801,14868,3655,4694,5146,10174,20,23,0.7984986666666667,0.7984986666666667,True,"[0.0, 1.0]","[0.3992493450641632, 0.6007506847381592]","[243, 257]",0.0,0.0027925148606300354,0.014105127193033695
15934,596,25.0,25,22.429298400878906,nnknn,500,8814,14971,3662,4712,5152,10259,20,23,0.798182,0.798182,True,"[0.0, 1.0]","[0.3990910053253174, 0.6009089946746826]","[242, 258]",0.0,0.0027692383155226707,0.014604435302317142
15960,597,26.0,26,,nnknn,500,8814,14971,3662,4712,5152,10259,20,23,0.7978526666666667,0.7978526666666667,True,"[0.0, 1.0]","[0.39892634749412537, 0.6010736227035522]","[242, 258]",0.0,0.0027692383155226707,0.014604435302317142
16032,598,72.0,72,,nnknn,500,8814,14971,3662,4712,5152,10259,20,23,0.7969406666666666,0.7969406666666666,True,"[1.0, 0.0]","[0.6015296578407288, 0.39847034215927124]","[242, 258]",0.0,0.0027692383155226707,0.014604435302317142
16050,599,18.0,18,,nnknn,500,8814,14971,3662,4712,5152,10259,20,23,0.7967126666666666,0.7967126666666666,True,"[0.0, 1.0]","[0.3983563184738159, 0.6016436815261841]","[242, 258]",0.0,0.0027692383155226707,0.014604435302317142
16115,600,65.0,65,67.46708679199219,nnknn,500,8866,15237,3678,4833,5188,10404,20,23,0.7958893333333333,0.7958893333333333,True,"[0.1322137415409088, 0.8677862882614136]","[0.4249309003353119, 0.5750691294670105]","[240, 260]",0.0,0.0027774206828325987,0.014420056715607643
16175,601,60.0,60,,nnknn,500,8866,15237,3678,4833,5188,10404,20,23,0.7951293333333334,0.7951293333333334,True,"[0.0, 1.0]","[0.39756467938423157, 0.6024353504180908]","[240, 260]",0.0,0.0027774206828325987,0.014420056715607643
16197,602,22.0,22,,nnknn,500,8866,15237,3678,4833,5188,10404,20,23,0.7948506666666667,0.7948506666666667,True,"[1.0, 0.0]","[0.6025747060775757, 0.3974253237247467]","[240, 260]",0.0,0.0027774206828325987,0.014420056715607643
16223,603,26.0,26,,nnknn,500,8866,15237,3678,4833,5188,10404,20,23,0.7945213333333333,0.7945213333333333,True,"[0.0, 1.0]","[0.3972606658935547, 0.6027393341064453]","[240, 260]",0.0,0.0027774206828325987,0.014420056715607643
16285,604,62.0,62,48.80531692504883,nnknn,500,8897,15486,3687,4934,5210,10552,20,23,0.793736,0.793736,True,"[0.9005483388900757, 0.09945168346166611]","[0.5826187133789062, 0.41738128662109375]","[248, 252]",0.0,0.002789396559819579,0.013920181430876255
16310,605,25.0,25,,nnknn,500,8897,15486,3687,4934,5210,10552,20,23,0.7934193333333334,0.7934193333333334,True,"[0.7215819954872131, 0.27841800451278687]","[0.5457745790481567, 0.45422545075416565]","[248, 252]",0.0,0.002789396559819579,0.013920181430876255
16386,606,76.0,76,,nnknn,500,8897,15486,3687,4934,5210,10552,20,23,0.7924566666666667,0.7924566666666667,True,"[0.0, 1.0]","[0.3962283432483673, 0.6037716865539551]","[248, 252]",0.0,0.002789396559819579,0.013920181430876255
16412,607,26.0,26,,nnknn,500,8897,15486,3687,4934,5210,10552,20,23,0.7921273333333333,0.7921273333333333,True,"[0.09851779788732529, 0.9014822244644165]","[0.41654282808303833, 0.5834571719169617]","[248, 252]",0.0,0.002789396559819579,0.013920181430876255
16421,608,9.0,9,62.32625961303711,nnknn,500,8941,15664,3702,5005,5239,10659,20,23,0.7920133333333333,0.7920133333333333,True,"[0.6967352032661438, 0.3032647967338562]","[0.5409182906150818, 0.4590817093849182]","[243, 257]",0.0,0.002777162240818143,0.013741351664066315
16437,609,16.0,16,,nnknn,500,8941,15664,3702,5005,5239,10659,20,23,0.7918106666666667,0.7918106666666667,True,"[0.0, 1.0]","[0.39590534567832947, 0.6040946245193481]","[243, 257]",0.0,0.002777162240818143,0.013741351664066315
16457,610,20.0,20,,nnknn,500,8941,15664,3702,5005,5239,10659,20,23,0.7915573333333333,0.7915573333333333,True,"[1.0, 0.0]","[0.6042213439941406, 0.3957786560058594]","[243, 257]",0.0,0.002777162240818143,0.013741351664066315
16510,611,53.0,53,,nnknn,500,8941,15664,3702,5005,5239,10659,20,23,0.790886,0.790886,True,"[0.0, 1.0]","[0.39544299244880676, 0.6045570373535156]","[243, 257]",0.0,0.002777162240818143,0.013741351664066315
16525,612,15.0,15,45.375091552734375,nnknn,500,8972,15787,3717,5040,5255,10747,20,23,0.7906960000000001,0.7906960000000001,True,"[0.0, 1.0]","[0.3953480124473572, 0.6046519875526428]","[241, 259]",0.0,0.0028258648235350847,0.014241308905184269
16542,613,17.0,17,,nnknn,500,8972,15787,3717,5040,5255,10747,20,23,0.7904806666666666,0.7904806666666666,True,"[0.08885552734136581, 0.911144495010376]","[0.41385728120803833, 0.5861427187919617]","[241, 259]",0.0,0.0028258648235350847,0.014241308905184269
16561,614,19.0,19,,nnknn,500,8972,15787,3717,5040,5255,10747,20,23,0.79024,0.79024,True,"[0.0, 1.0]","[0.3951199948787689, 0.6048799753189087]","[241, 259]",0.0,0.0028258648235350847,0.014241308905184269
16602,615,41.0,41,,nnknn,500,8972,15787,3717,5040,5255,10747,20,23,0.7897206666666666,0.7897206666666666,True,"[1.0, 0.0]","[0.6051396727561951, 0.39486032724380493]","[241, 259]",0.0,0.0028258648235350847,0.014241308905184269
16617,616,15.0,15,48.32713317871094,nnknn,500,9009,15877,3726,5066,5283,10811,20,23,0.7895306666666666,0.7895306666666666,True,"[0.0, 1.0]","[0.39476534724235535, 0.6052346229553223]","[238, 262]",0.0,0.0028336630202829838,0.013741636648774147
16628,617,11.0,11,,nnknn,500,9009,15877,3726,5066,5283,10811,20,23,0.7893913333333333,0.7893913333333333,True,"[0.1014343723654747, 0.8985656499862671]","[0.41605862975120544, 0.5839414000511169]","[238, 262]",0.0,0.0028336630202829838,0.013741636648774147
16657,618,29.0,29,,nnknn,500,9009,15877,3726,5066,5283,10811,20,23,0.789024,0.789024,True,"[1.0, 0.0]","[0.6054880023002625, 0.39451199769973755]","[238, 262]",0.0,0.0028336630202829838,0.013741636648774147
16676,619,19.0,19,,nnknn,500,9009,15877,3726,5066,5283,10811,20,23,0.7887833333333334,0.7887833333333334,True,"[0.8993523120880127, 0.10064772516489029]","[0.5843498706817627, 0.4156501293182373]","[238, 262]",0.0,0.0028336630202829838,0.013741636648774147
16707,620,31.0,31,25.866811752319336,nnknn,500,9036,15972,3737,5088,5299,10884,21,24,0.7883906666666667,0.7883906666666667,True,"[1.0, 0.0]","[0.6058046817779541, 0.3941953480243683]","[241, 259]",0.0,0.002862483263015747,0.013242277316749096
16724,621,17.0,17,,nnknn,500,9036,15972,3737,5088,5299,10884,21,24,0.7881753333333333,0.7881753333333333,True,"[0.7942488789558411, 0.2057511806488037]","[0.5623291730880737, 0.43767085671424866]","[241, 259]",0.0,0.002862483263015747,0.013242277316749096
16767,622,43.0,43,,nnknn,500,9036,15972,3737,5088,5299,10884,21,24,0.7876306666666667,0.7876306666666667,True,"[0.8979991674423218, 0.10200083255767822]","[0.5845228433609009, 0.4154771864414215]","[241, 259]",0.0,0.002862483263015747,0.013242277316749096
16788,623,21.0,21,,nnknn,500,9036,15972,3737,5088,5299,10884,21,24,0.7873646666666667,0.7873646666666667,True,"[0.0, 1.0]","[0.3936823308467865, 0.6063176393508911]","[241, 259]",0.0,0.002862483263015747,0.013242277316749096
16838,624,50.0,50,34.318973541259766,nnknn,500,9089,16116,3753,5138,5336,10978,21,24,0.7867313333333333,0.7867313333333333,True,"[0.0, 1.0]","[0.39336568117141724, 0.6066343188285828]","[238, 262]",0.0,0.0028614674229174852,0.01306914072483778
16863,625,25.0,25,,nnknn,500,9089,16116,3753,5138,5336,10978,21,24,0.7864146666666667,0.7864146666666667,True,"[0.0, 1.0]","[0.3932073414325714, 0.606792688369751]","[238, 262]",0.0,0.0028614674229174852,0.01306914072483778
16884,626,21.0,21,,nnknn,500,9089,16116,3753,5138,5336,10978,21,24,0.7861486666666666,0.7861486666666666,True,"[1.0, 0.0]","[0.6069256663322449, 0.3930743336677551]","[238, 262]",0.0,0.0028614674229174852,0.01306914072483778
16903,627,19.0,19,,nnknn,500,9089,16116,3753,5138,5336,10978,21,24,0.785908,0.785908,True,"[0.0, 1.0]","[0.3929539918899536, 0.6070460081100464]","[238, 262]",0.0,0.0028614674229174852,0.01306914072483778
16922,628,19.0,19,22.41362762451172,nnknn,500,9113,16202,3758,5160,5355,11042,22,25,0.7856673333333333,0.7856673333333333,True,"[1.0, 0.0]","[0.6071662902832031, 0.3928336799144745]","[237, 263]",0.0,0.002872326411306858,0.01289749052375555
17028,629,106.0,106,,nnknn,500,9113,16202,3758,5160,5355,11042,22,25,0.7843246666666667,0.7843246666666667,True,"[1.0, 0.0]","[0.6078376770019531, 0.3921623229980469]","[237, 263]",0.0,0.002872326411306858,0.01289749052375555
17052,630,24.0,24,,nnknn,500,9113,16202,3758,5160,5355,11042,22,25,0.7840206666666667,0.7840206666666667,True,"[0.0, 1.0]","[0.39201033115386963, 0.6079896688461304]","[237, 263]",0.0,0.002872326411306858,0.01289749052375555
17090,631,38.0,38,,nnknn,500,9113,16202,3758,5160,5355,11042,22,25,0.7835393333333334,0.7835393333333334,True,"[1.0, 0.0]","[0.6082303524017334, 0.391769677400589]","[237, 263]",0.0,0.002872326411306858,0.01289749052375555
17113,632,23.0,23,81.9960708618164,nnknn,500,9158,16486,3771,5286,5387,11200,23,26,0.7832479999999999,0.7832479999999999,True,"[0.9006061553955078, 0.09939383715391159]","[0.5868321657180786, 0.413167804479599]","[242, 258]",0.0,0.0028919714968651533,0.013397244736552238
17146,633,33.0,33,,nnknn,500,9158,16486,3771,5286,5387,11200,23,26,0.78283,0.78283,True,"[0.0, 1.0]","[0.391414999961853, 0.608585000038147]","[242, 258]",0.0,0.0028919714968651533,0.013397244736552238
17234,634,88.0,88,,nnknn,500,9158,16486,3771,5286,5387,11200,23,26,0.7817153333333333,0.7817153333333333,True,"[0.0, 1.0]","[0.39085766673088074, 0.6091423034667969]","[242, 258]",0.0,0.0028919714968651533,0.013397244736552238
17265,635,31.0,31,,nnknn,500,9158,16486,3771,5286,5387,11200,23,26,0.7813226666666666,0.7813226666666666,True,"[0.0, 1.0]","[0.3906613290309906, 0.609338641166687]","[242, 258]",0.0,0.0028919714968651533,0.013397244736552238
17276,636,11.0,11,64.81968688964844,nnknn,500,9181,16728,3780,5380,5401,11348,24,27,0.7811833333333333,0.7811833333333333,True,"[0.0, 1.0]","[0.39059168100357056, 0.6094083189964294]","[232, 268]",0.0,0.0028649927116930485,0.01289727445691824
17290,637,14.0,14,,nnknn,500,9181,16728,3780,5380,5401,11348,24,27,0.781006,0.781006,True,"[1.0, 0.0]","[0.6094970107078552, 0.3905029892921448]","[232, 268]",0.0,0.0028649927116930485,0.01289727445691824
17319,638,29.0,29,,nnknn,500,9181,16728,3780,5380,5401,11348,24,27,0.7806386666666667,0.7806386666666667,True,"[1.0, 0.0]","[0.6096806526184082, 0.3903193473815918]","[232, 268]",0.0,0.0028649927116930485,0.01289727445691824
17395,639,76.0,76,,nnknn,500,9181,16728,3780,5380,5401,11348,24,27,0.779676,0.779676,True,"[0.0, 1.0]","[0.38983801007270813, 0.6101620197296143]","[232, 268]",0.0,0.0028649927116930485,0.01289727445691824
17430,640,35.0,35,64.3931655883789,nnknn,500,9227,16929,3795,5458,5432,11471,24,27,0.7792326666666667,0.7792326666666667,True,"[1.0, 0.0]","[0.6103836297988892, 0.38961634039878845]","[241, 259]",0.0,0.0028466926887631416,0.012397355400025845
17451,641,21.0,21,,nnknn,500,9227,16929,3795,5458,5432,11471,24,27,0.7789666666666667,0.7789666666666667,True,"[0.0, 1.0]","[0.38948333263397217, 0.6105166673660278]","[241, 259]",0.0,0.0028466926887631416,0.012397355400025845
17483,642,32.0,32,,nnknn,500,9227,16929,3795,5458,5432,11471,24,27,0.7785613333333333,0.7785613333333333,True,"[1.0, 0.0]","[0.6107193231582642, 0.38928067684173584]","[241, 259]",0.0,0.0028466926887631416,0.012397355400025845
17540,643,57.0,57,,nnknn,500,9227,16929,3795,5458,5432,11471,24,27,0.7778393333333333,0.7778393333333333,True,"[1.0, 0.0]","[0.6110802888870239, 0.3889196813106537]","[241, 259]",0.0,0.0028466926887631416,0.012397355400025845
17594,644,54.0,54,45.89570999145508,nnknn,500,9419,17015,3812,5544,5607,11471,25,28,0.7771553333333333,0.7771553333333333,True,"[1.0, 0.0]","[0.6114223003387451, 0.3885776698589325]","[242, 258]",0.0,0.0028720975387841463,0.012897301465272903
17637,645,43.0,43,,nnknn,500,9419,17015,3812,5544,5607,11471,25,28,0.7766106666666667,0.7766106666666667,True,"[0.0, 1.0]","[0.38830533623695374, 0.6116946935653687]","[242, 258]",0.0,0.0028720975387841463,0.012897301465272903
17669,646,32.0,32,,nnknn,500,9419,17015,3812,5544,5607,11471,25,28,0.7762053333333333,0.7762053333333333,True,"[0.0, 1.0]","[0.3881026804447174, 0.611897349357605]","[242, 258]",0.0,0.0028720975387841463,0.012897301465272903
17696,647,27.0,27,,nnknn,500,9419,17015,3812,5544,5607,11471,25,28,0.7758633333333333,0.7758633333333333,True,"[0.9014570713043213, 0.0985429659485817]","[0.5899812579154968, 0.41001877188682556]","[242, 258]",0.0,0.0028720975387841463,0.012897301465272903
17727,648,31.0,31,26.58989715576172,nnknn,500,9436,17189,3818,5610,5618,11579,27,30,0.7754706666666666,0.7754706666666666,True,"[0.0, 1.0]","[0.3877353370189667, 0.6122646331787109]","[240, 260]",0.0,0.0028837043792009354,0.013396946713328362
17741,649,14.0,14,,nnknn,500,9436,17189,3818,5610,5618,11579,27,30,0.7752933333333334,0.7752933333333334,True,"[1.0, 0.0]","[0.6123533248901367, 0.3876466751098633]","[240, 260]",0.0,0.0028837043792009354,0.013396946713328362
17766,650,25.0,25,,nnknn,500,9436,17189,3818,5610,5618,11579,27,30,0.7749766666666666,0.7749766666666666,True,"[0.9055832624435425, 0.0944167748093605]","[0.5912656784057617, 0.4087343215942383]","[240, 260]",0.0,0.0028837043792009354,0.013396946713328362
17821,651,55.0,55,,nnknn,500,9436,17189,3818,5610,5618,11579,27,30,0.77428,0.77428,True,"[1.0, 0.0]","[0.6128599643707275, 0.3871400058269501]","[240, 260]",0.0,0.0028837043792009354,0.013396946713328362
17884,652,63.0,63,56.886478424072266,nnknn,500,9477,17403,3832,5694,5645,11709,27,30,0.773482,0.773482,True,"[0.0972057357430458, 0.9027942419052124]","[0.40875986218452454, 0.5912401676177979]","[244, 256]",0.0,0.0029116198420524597,0.012896996922791004
17908,653,24.0,24,,nnknn,500,9477,17403,3832,5694,5645,11709,27,30,0.773178,0.773178,True,"[1.0, 0.0]","[0.613411009311676, 0.386588990688324]","[244, 256]",0.0,0.0029116198420524597,0.012896996922791004
17937,654,29.0,29,,nnknn,500,9477,17403,3832,5694,5645,11709,27,30,0.7728106666666666,0.7728106666666666,True,"[0.0, 1.0]","[0.3864053189754486, 0.613594651222229]","[244, 256]",0.0,0.0029116198420524597,0.012896996922791004
17990,655,53.0,53,,nnknn,500,9477,17403,3832,5694,5645,11709,27,30,0.7721393333333333,0.7721393333333333,True,"[1.0, 0.0]","[0.613930344581604, 0.386069655418396]","[244, 256]",0.0,0.0029116198420524597,0.012896996922791004
18019,656,29.0,29,39.111019134521484,nnknn,500,9507,17584,3844,5758,5663,11826,27,30,0.771772,0.771772,True,"[0.0, 1.0]","[0.385886013507843, 0.614113986492157]","[243, 257]",0.0,0.0028891880065202713,0.013396933674812317
18072,657,53.0,53,,nnknn,500,9507,17584,3844,5758,5663,11826,27,30,0.7711006666666667,0.7711006666666667,True,"[1.0, 0.0]","[0.614449679851532, 0.385550320148468]","[243, 257]",0.0,0.0028891880065202713,0.013396933674812317
18084,658,12.0,12,,nnknn,500,9507,17584,3844,5758,5663,11826,27,30,0.7709486666666667,0.7709486666666667,True,"[0.8550267219543457, 0.1449732929468155]","[0.5813193321228027, 0.41868066787719727]","[243, 257]",0.0,0.0028891880065202713,0.013396933674812317
18127,659,43.0,43,,nnknn,500,9507,17584,3844,5758,5663,11826,27,30,0.770404,0.770404,True,"[0.0, 1.0]","[0.38520199060440063, 0.6147980093955994]","[243, 257]",0.0,0.0028891880065202713,0.013396933674812317
18178,660,51.0,51,48.8839225769043,nnknn,500,9554,17807,3861,5852,5693,11955,27,30,0.7697579999999999,0.7697579999999999,True,"[0.0, 1.0]","[0.3848789930343628, 0.6151210069656372]","[248, 252]",0.0,0.002899337327107787,0.013896897435188293
18263,661,85.0,85,,nnknn,500,9554,17807,3861,5852,5693,11955,27,30,0.7686813333333333,0.7686813333333333,True,"[1.0, 0.0]","[0.6156593561172485, 0.38434067368507385]","[248, 252]",0.0,0.002899337327107787,0.013896897435188293
18278,662,15.0,15,,nnknn,500,9554,17807,3861,5852,5693,11955,27,30,0.7684913333333333,0.7684913333333333,True,"[0.0, 1.0]","[0.3842456638813019, 0.6157543659210205]","[248, 252]",0.0,0.002899337327107787,0.013896897435188293
18331,663,53.0,53,,nnknn,500,9554,17807,3861,5852,5693,11955,27,30,0.76782,0.76782,True,"[1.0, 0.0]","[0.6160899996757507, 0.38391000032424927]","[248, 252]",0.0,0.002899337327107787,0.013896897435188293
18345,664,14.0,14,69.6379165649414,nnknn,500,9748,17903,3880,5948,5868,11955,27,30,0.7676426666666667,0.7676426666666667,True,"[1.0, 0.0]","[0.6161786317825317, 0.3838213384151459]","[252, 248]",0.0,0.0029062158428132534,0.01439681276679039
18380,665,35.0,35,,nnknn,500,9748,17903,3880,5948,5868,11955,27,30,0.7671993333333333,0.7671993333333333,True,"[0.0, 1.0]","[0.3835996687412262, 0.6164003610610962]","[252, 248]",0.0,0.0029062158428132534,0.01439681276679039
18420,666,40.0,40,,nnknn,500,9748,17903,3880,5948,5868,11955,27,30,0.7666926666666667,0.7666926666666667,True,"[0.8542364239692688, 0.1457635462284088]","[0.5826459527015686, 0.417354017496109]","[252, 248]",0.0,0.0029062158428132534,0.01439681276679039
18509,667,89.0,89,,nnknn,500,9748,17903,3880,5948,5868,11955,27,30,0.7655653333333333,0.7655653333333333,True,"[0.0, 1.0]","[0.3827826678752899, 0.6172173023223877]","[252, 248]",0.0,0.0029062158428132534,0.01439681276679039
18523,668,14.0,14,66.46558380126953,nnknn,500,9784,18150,3899,6042,5885,12108,27,30,0.765388,0.765388,True,"[0.8474642038345337, 0.1525357961654663]","[0.5815192461013794, 0.4184807240962982]","[256, 244]",0.0,0.002931784139946103,0.01389685645699501
18540,669,17.0,17,,nnknn,500,9784,18150,3899,6042,5885,12108,27,30,0.7651726666666667,0.7651726666666667,True,"[0.0, 1.0]","[0.3825863301753998, 0.6174136400222778]","[256, 244]",0.0,0.002931784139946103,0.01389685645699501
18638,670,98.0,98,,nnknn,500,9784,18150,3899,6042,5885,12108,27,30,0.7639313333333333,0.7639313333333333,True,"[1.0, 0.0]","[0.6180343627929688, 0.38196566700935364]","[256, 244]",0.0,0.002931784139946103,0.01389685645699501
18681,671,43.0,43,,nnknn,500,9784,18150,3899,6042,5885,12108,27,30,0.7633866666666667,0.7633866666666667,True,"[0.0970158502459526, 0.9029841423034668]","[0.4046485722064972, 0.5953514575958252]","[256, 244]",0.0,0.002931784139946103,0.01389685645699501
18791,672,110.0,110,91.45892333984375,nnknn,477,10039,18385,4124,6042,5915,12343,29,33,0.7619933333333333,0.7619933333333333,True,"[0.0, 1.0]","[0.3809966742992401, 0.6190032958984375]","[241, 236]",0.0,0.0030781917739659548,0.01339694019407034
18854,673,63.0,63,,nnknn,477,10039,18385,4124,6042,5915,12343,29,33,0.7611953333333333,0.7611953333333333,True,"[0.0, 1.0]","[0.38059768080711365, 0.619402289390564]","[241, 236]",0.0,0.0030781917739659548,0.01339694019407034
18869,674,15.0,15,,nnknn,477,10039,18385,4124,6042,5915,12343,29,33,0.7610053333333333,0.7610053333333333,True,"[0.0, 1.0]","[0.3805026710033417, 0.6194972991943359]","[241, 236]",0.0,0.0030781917739659548,0.01339694019407034
18925,675,56.0,56,,nnknn,477,10039,18385,4124,6042,5915,12343,29,33,0.760296,0.760296,True,"[0.0, 1.0]","[0.3801479935646057, 0.6198520064353943]","[241, 236]",0.0,0.0030781917739659548,0.01339694019407034
18938,676,13.0,13,58.04887390136719,nnknn,500,10047,18593,4126,6110,5921,12483,30,34,0.7601313333333333,0.7601313333333333,True,"[1.0, 0.0]","[0.6199343204498291, 0.3800656795501709]","[252, 248]",0.0,0.0029033387545496225,0.013896673917770386
18958,677,20.0,20,,nnknn,500,10047,18593,4126,6110,5921,12483,30,34,0.759878,0.759878,True,"[0.8930773138999939, 0.1069227010011673]","[0.5943865180015564, 0.4056134819984436]","[252, 248]",0.0,0.0029033387545496225,0.013896673917770386
19031,678,73.0,73,,nnknn,500,10047,18593,4126,6110,5921,12483,30,34,0.7589533333333334,0.7589533333333334,True,"[0.8986892700195312, 0.10131075233221054]","[0.5961027145385742, 0.4038972854614258]","[252, 248]",0.0,0.0029033387545496225,0.013896673917770386
19073,679,42.0,42,,nnknn,500,10047,18593,4126,6110,5921,12483,30,34,0.7584213333333334,0.7584213333333334,True,"[1.0, 0.0]","[0.6207892894744873, 0.3792106807231903]","[252, 248]",0.0,0.0029033387545496225,0.013896673917770386
19107,680,34.0,34,62.9268913269043,nnknn,500,10087,18819,4145,6190,5942,12629,32,36,0.7579906666666667,0.7579906666666667,True,"[0.0, 1.0]","[0.3789953291416168, 0.6210047006607056]","[258, 242]",0.0,0.0028965803794562817,0.013396937400102615
19162,681,55.0,55,,nnknn,500,10087,18819,4145,6190,5942,12629,32,36,0.757294,0.757294,True,"[0.0, 1.0]","[0.37864699959754944, 0.621353030204773]","[258, 242]",0.0,0.0028965803794562817,0.013396937400102615
19176,682,14.0,14,,nnknn,500,10087,18819,4145,6190,5942,12629,32,36,0.7571166666666667,0.7571166666666667,True,"[1.0, 0.0]","[0.621441662311554, 0.37855833768844604]","[258, 242]",0.0,0.0028965803794562817,0.013396937400102615
19254,683,78.0,78,,nnknn,500,10087,18819,4145,6190,5942,12629,32,36,0.7561286666666667,0.7561286666666667,True,"[0.885783314704895, 0.11421672254800797]","[0.5940815210342407, 0.40591850876808167]","[258, 242]",0.0,0.0028965803794562817,0.013396937400102615
19294,684,40.0,40,79.66655731201172,nnknn,500,10129,19090,4161,6300,5968,12790,32,36,0.755622,0.755622,True,"[0.09541143476963043, 0.9045885801315308]","[0.4011274576187134, 0.5988725423812866]","[254, 246]",0.0,0.0029081504326313734,0.013896835036575794
19319,685,25.0,25,,nnknn,500,10129,19090,4161,6300,5968,12790,32,36,0.7553053333333333,0.7553053333333333,True,"[0.10151113569736481, 0.8984888792037964]","[0.40249189734458923, 0.5975080728530884]","[254, 246]",0.0,0.0029081504326313734,0.013896835036575794
19343,686,24.0,24,,nnknn,500,10129,19090,4161,6300,5968,12790,32,36,0.7550013333333333,0.7550013333333333,True,"[0.0, 1.0]","[0.37750065326690674, 0.6224993467330933]","[254, 246]",0.0,0.0029081504326313734,0.013896835036575794
19399,687,56.0,56,,nnknn,500,10129,19090,4161,6300,5968,12790,32,36,0.754292,0.754292,True,"[0.0985429510474205, 0.9014570713043213]","[0.40135878324508667, 0.5986412167549133]","[254, 246]",0.0,0.0029081504326313734,0.013896835036575794
19421,688,22.0,22,39.57167434692383,nnknn,500,10269,19137,4176,6347,6093,12790,35,39,0.7540133333333333,0.7540133333333333,True,"[0.0, 1.0]","[0.3770066797733307, 0.6229933500289917]","[250, 250]",0.0,0.0029010912403464317,0.01339709386229515
19452,689,31.0,31,,nnknn,500,10269,19137,4176,6347,6093,12790,35,39,0.7536206666666667,0.7536206666666667,True,"[0.0, 1.0]","[0.37681034207344055, 0.6231896877288818]","[250, 250]",0.0,0.0029010912403464317,0.01339709386229515
19463,690,11.0,11,,nnknn,500,10269,19137,4176,6347,6093,12790,35,39,0.7534813333333333,0.7534813333333333,True,"[0.0, 1.0]","[0.3767406642436981, 0.6232593059539795]","[250, 250]",0.0,0.0029010912403464317,0.01339709386229515
19484,691,21.0,21,,nnknn,500,10269,19137,4176,6347,6093,12790,35,39,0.7532153333333333,0.7532153333333333,True,"[0.0, 1.0]","[0.37660765647888184, 0.6233923435211182]","[250, 250]",0.0,0.0029010912403464317,0.01339709386229515
19515,692,31.0,31,35.75843048095703,nnknn,500,10284,19249,4182,6375,6102,12874,35,39,0.7528226666666666,0.7528226666666666,True,"[0.0, 1.0]","[0.3764113187789917, 0.6235886812210083]","[254, 246]",0.0,0.0028593933675438166,0.012897156178951263
19563,693,48.0,48,,nnknn,500,10284,19249,4182,6375,6102,12874,35,39,0.7522146666666667,0.7522146666666667,True,"[1.0, 0.0]","[0.6238926649093628, 0.3761073350906372]","[254, 246]",0.0,0.0028593933675438166,0.012897156178951263
19589,694,26.0,26,,nnknn,500,10284,19249,4182,6375,6102,12874,35,39,0.7518853333333333,0.7518853333333333,True,"[0.09613709896802902, 0.9038628935813904]","[0.3997957110404968, 0.6002042889595032]","[254, 246]",0.0,0.0028593933675438166,0.012897156178951263
19645,695,56.0,56,,nnknn,500,10284,19249,4182,6375,6102,12874,35,39,0.7511760000000001,0.7511760000000001,True,"[1.0, 0.0]","[0.6244120001792908, 0.37558799982070923]","[254, 246]",0.0,0.0028593933675438166,0.012897156178951263
19674,696,29.0,29,47.778778076171875,nnknn,500,10328,19455,4199,6450,6129,13005,36,40,0.7508086666666667,0.7508086666666667,True,"[0.0, 1.0]","[0.37540432810783386, 0.6245956420898438]","[249, 251]",0.0,0.0028541747014969587,0.012397290207445621
19691,697,17.0,17,,nnknn,500,10328,19455,4199,6450,6129,13005,36,40,0.7505933333333333,0.7505933333333333,True,"[1.0, 0.0]","[0.6247033476829529, 0.3752966523170471]","[249, 251]",0.0,0.0028541747014969587,0.012397290207445621
19724,698,33.0,33,,nnknn,500,10328,19455,4199,6450,6129,13005,36,40,0.7501753333333333,0.7501753333333333,True,"[1.0, 0.0]","[0.6249123215675354, 0.3750876784324646]","[249, 251]",0.0,0.0028541747014969587,0.012397290207445621
19763,699,39.0,39,,nnknn,500,10328,19455,4199,6450,6129,13005,36,40,0.7496813333333333,0.7496813333333333,True,"[0.10488882660865784, 0.8951112031936646]","[0.40109631419181824, 0.5989037156105042]","[249, 251]",0.0,0.0028541747014969587,0.012397290207445621
19800,700,37.0,37,32.95132064819336,nnknn,500,10353,19614,4215,6496,6138,13118,40,44,0.7492126666666666,0.7492126666666666,True,"[0.0, 1.0]","[0.37460634112358093, 0.6253936290740967]","[250, 250]",0.0,0.0028282729908823967,0.011897340416908264
19811,701,11.0,11,,nnknn,500,10353,19614,4215,6496,6138,13118,40,44,0.7490733333333333,0.7490733333333333,True,"[0.0, 1.0]","[0.3745366632938385, 0.6254633665084839]","[250, 250]",0.0,0.0028282729908823967,0.011897340416908264
19848,702,37.0,37,,nnknn,500,10353,19614,4215,6496,6138,13118,40,44,0.7486046666666666,0.7486046666666666,True,"[1.0, 0.0]","[0.625697672367096, 0.37430232763290405]","[250, 250]",0.0,0.0028282729908823967,0.011897340416908264
19872,703,24.0,24,,nnknn,500,10353,19614,4215,6496,6138,13118,40,44,0.7483006666666667,0.7483006666666667,True,"[0.0, 1.0]","[0.3741503357887268, 0.6258496642112732]","[250, 250]",0.0,0.0028282729908823967,0.011897340416908264
19904,704,32.0,32,25.888336181640625,nnknn,500,10489,19647,4226,6529,6263,13118,40,44,0.7478953333333334,0.7478953333333334,True,"[0.10446859151124954, 0.895531415939331]","[0.40028470754623413, 0.5997152924537659]","[248, 252]",0.0,0.002854408696293831,0.011736118234694004
19985,705,81.0,81,,nnknn,500,10489,19647,4226,6529,6263,13118,40,44,0.7468693333333334,0.7468693333333334,True,"[1.0, 0.0]","[0.6265653371810913, 0.3734346628189087]","[248, 252]",0.0,0.002854408696293831,0.011736118234694004
20051,706,66.0,66,,nnknn,500,10489,19647,4226,6529,6263,13118,40,44,0.7460333333333333,0.7460333333333333,True,"[0.0, 1.0]","[0.3730166554450989, 0.6269833445549011]","[248, 252]",0.0,0.002854408696293831,0.011736118234694004
20072,707,21.0,21,,nnknn,500,10489,19647,4226,6529,6263,13118,40,44,0.7457673333333333,0.7457673333333333,True,"[1.0, 0.0]","[0.627116322517395, 0.372883677482605]","[248, 252]",0.0,0.002854408696293831,0.011736118234694004
20093,708,21.0,21,75.20022583007812,nnknn,500,10518,19918,4245,6648,6273,13270,42,50,0.7455013333333333,0.7455013333333333,True,"[0.09585478901863098, 0.9041451811790466]","[0.3971455693244934, 0.6028543710708618]","[243, 257]",0.0,0.0028752984944730997,0.012236084789037704
20116,709,23.0,23,,nnknn,500,10518,19918,4245,6648,6273,13270,42,50,0.7452099999999999,0.7452099999999999,True,"[1.0, 0.0]","[0.6273950338363647, 0.37260499596595764]","[243, 257]",0.0,0.0028752984944730997,0.012236084789037704
20167,710,51.0,51,,nnknn,500,10518,19918,4245,6648,6273,13270,42,50,0.744564,0.744564,True,"[1.0, 0.0]","[0.6277179718017578, 0.3722819983959198]","[243, 257]",0.0,0.0028752984944730997,0.012236084789037704
20205,711,38.0,38,,nnknn,500,10518,19918,4245,6648,6273,13270,42,50,0.7440826666666667,0.7440826666666667,True,"[0.0, 1.0]","[0.37204134464263916, 0.6279586553573608]","[243, 257]",0.0,0.0028752984944730997,0.012236084789037704
20244,712,39.0,39,32.43071365356445,nnknn,500,10540,20132,4253,6726,6287,13406,43,51,0.7435886666666667,0.7435886666666667,True,"[1.0, 0.0]","[0.6282056570053101, 0.37179434299468994]","[248, 252]",0.0,0.002836736384779215,0.012642315588891506
20323,713,79.0,79,,nnknn,500,10540,20132,4253,6726,6287,13406,43,51,0.742588,0.742588,True,"[0.9021504521369934, 0.09784957021474838]","[0.6035183668136597, 0.39648163318634033]","[248, 252]",0.0,0.002836736384779215,0.012642315588891506
20338,714,15.0,15,,nnknn,500,10540,20132,4253,6726,6287,13406,43,51,0.742398,0.742398,True,"[0.1058032363653183, 0.8941967487335205]","[0.39845412969589233, 0.6015458703041077]","[248, 252]",0.0,0.002836736384779215,0.012642315588891506
20410,715,72.0,72,,nnknn,500,10540,20132,4253,6726,6287,13406,43,51,0.741486,0.741486,True,"[1.0, 0.0]","[0.6292569637298584, 0.3707430064678192]","[248, 252]",0.0,0.002836736384779215,0.012642315588891506
20437,716,27.0,27,74.5774917602539,nnknn,500,10762,20245,4275,6839,6487,13406,43,51,0.741144,0.741144,True,"[1.0, 0.0]","[0.6294280290603638, 0.3705720007419586]","[251, 249]",0.0,0.0028612520545721054,0.01214233785867691
20476,717,39.0,39,,nnknn,500,10762,20245,4275,6839,6487,13406,43,51,0.74065,0.74065,True,"[0.0, 1.0]","[0.3703249990940094, 0.629675030708313]","[251, 249]",0.0,0.0028612520545721054,0.01214233785867691
20509,718,33.0,33,,nnknn,500,10762,20245,4275,6839,6487,13406,43,51,0.740232,0.740232,True,"[0.09831269830465317, 0.9016873240470886]","[0.39565449953079224, 0.6043455004692078]","[251, 249]",0.0,0.0028612520545721054,0.01214233785867691
20529,719,20.0,20,,nnknn,500,10762,20245,4275,6839,6487,13406,43,51,0.7399786666666667,0.7399786666666667,True,"[1.0, 0.0]","[0.6300106644630432, 0.3699893355369568]","[251, 249]",0.0,0.0028612520545721054,0.01214233785867691
20648,720,119.0,119,74.78843688964844,nnknn,500,11009,20377,4297,6971,6712,13406,45,53,0.7384713333333333,0.7384713333333333,True,"[0.0, 1.0]","[0.36923566460609436, 0.630764365196228]","[251, 249]",0.0,0.0028872215189039707,0.012071643956005573
20660,721,12.0,12,,nnknn,500,11009,20377,4297,6971,6712,13406,45,53,0.7383193333333333,0.7383193333333333,True,"[1.0, 0.0]","[0.6308403015136719, 0.36915966868400574]","[251, 249]",0.0,0.0028872215189039707,0.012071643956005573
20731,722,71.0,71,,nnknn,500,11009,20377,4297,6971,6712,13406,45,53,0.73742,0.73742,True,"[0.0, 1.0]","[0.3687100112438202, 0.6312899589538574]","[251, 249]",0.0,0.0028872215189039707,0.012071643956005573
20789,723,58.0,58,,nnknn,500,11009,20377,4297,6971,6712,13406,45,53,0.7366853333333333,0.7366853333333333,True,"[0.0, 1.0]","[0.36834266781806946, 0.6316573619842529]","[251, 249]",0.0,0.0028872215189039707,0.012071643956005573
20825,724,36.0,36,52.543006896972656,nnknn,500,11021,20636,4303,7082,6718,13554,45,53,0.7362293333333334,0.7362293333333334,True,"[0.0, 1.0]","[0.3681146800518036, 0.631885290145874]","[249, 251]",0.0,0.0028723436407744884,0.012571589089930058
20878,725,53.0,53,,nnknn,500,11021,20636,4303,7082,6718,13554,45,53,0.7355579999999999,0.7355579999999999,True,"[0.0, 1.0]","[0.3677789866924286, 0.632220983505249]","[249, 251]",0.0,0.0028723436407744884,0.012571589089930058
20907,726,29.0,29,,nnknn,500,11021,20636,4303,7082,6718,13554,45,53,0.7351906666666667,0.7351906666666667,True,"[0.0, 1.0]","[0.3675953447818756, 0.6324046850204468]","[249, 251]",0.0,0.0028723436407744884,0.012571589089930058
20934,727,27.0,27,,nnknn,500,11021,20636,4303,7082,6718,13554,45,53,0.7348486666666667,0.7348486666666667,True,"[0.0, 1.0]","[0.367424339056015, 0.6325756311416626]","[249, 251]",0.0,0.0028723436407744884,0.012571589089930058
21036,728,102.0,102,70.2959976196289,nnknn,500,11068,20952,4323,7214,6745,13738,45,53,0.7335566666666666,0.7335566666666666,True,"[1.0, 0.0]","[0.6332216262817383, 0.36677834391593933]","[250, 250]",0.0,0.0028904378414154053,0.013071424327790737
21050,729,14.0,14,,nnknn,500,11068,20952,4323,7214,6745,13738,45,53,0.7333793333333334,0.7333793333333334,True,"[0.0, 1.0]","[0.36668965220451355, 0.6333103179931641]","[250, 250]",0.0,0.0028904378414154053,0.013071424327790737
21075,730,25.0,25,,nnknn,500,11068,20952,4323,7214,6745,13738,45,53,0.7330626666666666,0.7330626666666666,True,"[1.0, 0.0]","[0.6334686279296875, 0.3665313422679901]","[250, 250]",0.0,0.0028904378414154053,0.013071424327790737
21091,731,16.0,16,,nnknn,500,11068,20952,4323,7214,6745,13738,45,53,0.7328600000000001,0.7328600000000001,True,"[0.0, 1.0]","[0.36643001437187195, 0.6335699558258057]","[250, 250]",0.0,0.0028904378414154053,0.013071424327790737
21116,732,25.0,25,38.77676773071289,nnknn,500,11078,21042,4326,7231,6752,13811,45,53,0.7325433333333333,0.7325433333333333,True,"[0.8611757755279541, 0.1388242095708847]","[0.5965988636016846, 0.40340113639831543]","[252, 248]",0.0,0.0028383799362927675,0.01289975456893444
21137,733,21.0,21,,nnknn,500,11078,21042,4326,7231,6752,13811,45,53,0.7322773333333333,0.7322773333333333,True,"[0.0, 1.0]","[0.36613866686820984, 0.6338613033294678]","[252, 248]",0.0,0.0028383799362927675,0.01289975456893444
21189,734,52.0,52,,nnknn,500,11078,21042,4326,7231,6752,13811,45,53,0.7316186666666666,0.7316186666666666,True,"[0.0, 1.0]","[0.3658093214035034, 0.6341906785964966]","[252, 248]",0.0,0.0028383799362927675,0.01289975456893444
21202,735,13.0,13,,nnknn,500,11078,21042,4326,7231,6752,13811,45,53,0.731454,0.731454,True,"[0.0, 1.0]","[0.3657270073890686, 0.6342729926109314]","[252, 248]",0.0,0.0028383799362927675,0.01289975456893444
21256,736,54.0,54,53.24220275878906,nnknn,500,11117,21229,4342,7301,6775,13928,45,53,0.7307699999999999,0.7307699999999999,True,"[0.8949246406555176, 0.1050753965973854]","[0.6063255667686462, 0.39367443323135376]","[248, 252]",0.0,0.002855564933270216,0.012729572132229805
21358,737,102.0,102,,nnknn,500,11117,21229,4342,7301,6775,13928,45,53,0.7294780000000001,0.7294780000000001,True,"[1.0, 0.0]","[0.6352609992027283, 0.36473900079727173]","[248, 252]",0.0,0.002855564933270216,0.012729572132229805
21463,738,105.0,105,,nnknn,500,11117,21229,4342,7301,6775,13928,45,53,0.728148,0.728148,True,"[1.0, 0.0]","[0.6359260082244873, 0.3640739917755127]","[248, 252]",0.0,0.002855564933270216,0.012729572132229805
21538,739,75.0,75,,nnknn,500,11117,21229,4342,7301,6775,13928,45,53,0.727198,0.727198,True,"[0.0, 1.0]","[0.3635990023612976, 0.6364009976387024]","[248, 252]",0.0,0.002855564933270216,0.012729572132229805
21553,740,15.0,15,91.09261322021484,nnknn,500,11148,21739,4357,7530,6791,14209,45,53,0.727008,0.727008,True,"[1.0, 0.0]","[0.6364960074424744, 0.36350399255752563]","[248, 252]",0.0,0.0028910553082823753,0.013229495845735073
21603,741,50.0,50,,nnknn,500,11148,21739,4357,7530,6791,14209,45,53,0.7263746666666666,0.7263746666666666,True,"[1.0, 0.0]","[0.636812686920166, 0.36318734288215637]","[248, 252]",0.0,0.0028910553082823753,0.013229495845735073
21689,742,86.0,86,,nnknn,500,11148,21739,4357,7530,6791,14209,45,53,0.7252853333333333,0.7252853333333333,True,"[0.9017379879951477, 0.09826203435659409]","[0.6103633046150208, 0.38963669538497925]","[248, 252]",0.0,0.0028910553082823753,0.013229495845735073
21735,743,46.0,46,,nnknn,500,11148,21739,4357,7530,6791,14209,45,53,0.7247026666666667,0.7247026666666667,True,"[1.0, 0.0]","[0.6376487016677856, 0.36235132813453674]","[248, 252]",0.0,0.0028910553082823753,0.013229495845735073
21821,744,86.0,86,84.2974853515625,nnknn,500,11196,22174,4379,7723,6817,14451,45,53,0.7236133333333333,0.7236133333333333,True,"[0.0, 1.0]","[0.3618066608905792, 0.6381933689117432]","[245, 255]",0.0,0.002883720211684704,0.013729474507272243
21872,745,51.0,51,,nnknn,500,11196,22174,4379,7723,6817,14451,45,53,0.7229673333333333,0.7229673333333333,True,"[0.0, 1.0]","[0.3614836633205414, 0.6385163068771362]","[245, 255]",0.0,0.002883720211684704,0.013729474507272243
21907,746,35.0,35,,nnknn,500,11196,22174,4379,7723,6817,14451,45,53,0.7225239999999999,0.7225239999999999,True,"[0.33448678255081177, 0.6655132174491882]","[0.45407405495643616, 0.5459259748458862]","[245, 255]",0.0,0.002883720211684704,0.013729474507272243
21917,747,10.0,10,,nnknn,500,11196,22174,4379,7723,6817,14451,45,53,0.7223973333333333,0.7223973333333333,True,"[0.0, 1.0]","[0.36119866371154785, 0.6388013362884521]","[245, 255]",0.0,0.002883720211684704,0.013729474507272243
21956,748,39.0,39,38.15708541870117,nnknn,496,11287,22293,4454,7723,6833,14570,45,53,0.7219033333333333,0.7219033333333333,True,"[1.0, 0.0]","[0.6390483379364014, 0.36095166206359863]","[246, 250]",0.0,0.0028683359269052744,0.013478505425155163
22047,749,91.0,91,,nnknn,496,11287,22293,4454,7723,6833,14570,45,53,0.7207506666666667,0.7207506666666667,True,"[0.0, 1.0]","[0.3603753447532654, 0.6396246552467346]","[246, 250]",0.0,0.0028683359269052744,0.013478505425155163
22094,750,47.0,47,,nnknn,496,11287,22293,4454,7723,6833,14570,45,53,0.7201553333333333,0.7201553333333333,True,"[0.0, 1.0]","[0.3600776791572571, 0.6399223208427429]","[246, 250]",0.0,0.0028683359269052744,0.013478505425155163
22137,751,43.0,43,,nnknn,496,11287,22293,4454,7723,6833,14570,45,53,0.7196106666666666,0.7196106666666666,True,"[1.0, 0.0]","[0.6401946544647217, 0.3598053455352783]","[246, 250]",0.0,0.0028683359269052744,0.013478505425155163
22168,752,31.0,31,59.326316833496094,nnknn,474,11490,22475,4629,7723,6861,14752,47,55,0.719218,0.719218,True,"[1.0, 0.0]","[0.6403909921646118, 0.3596090078353882]","[236, 238]",0.0003362016286700964,0.0030402904376387596,0.013978468254208565
22221,753,53.0,53,,nnknn,474,11490,22475,4629,7723,6861,14752,47,55,0.7185466666666667,0.7185466666666667,True,"[0.0, 1.0]","[0.35927334427833557, 0.6407266855239868]","[236, 238]",0.0003362016286700964,0.0030402904376387596,0.013978468254208565
22311,754,90.0,90,,nnknn,474,11490,22475,4629,7723,6861,14752,47,55,0.7174066666666666,0.7174066666666666,True,"[0.0, 1.0]","[0.3587033450603485, 0.6412966251373291]","[236, 238]",0.0003362016286700964,0.0030402904376387596,0.013978468254208565
22366,755,55.0,55,,nnknn,474,11490,22475,4629,7723,6861,14752,47,55,0.71671,0.71671,True,"[0.0, 1.0]","[0.35835498571395874, 0.6416450142860413]","[236, 238]",0.0003362016286700964,0.0030402904376387596,0.013978468254208565
22429,756,63.0,63,64.34896850585938,nnknn,500,11515,22876,4630,7889,6885,14987,49,57,0.715912,0.715912,True,"[1.0, 0.0]","[0.6420440077781677, 0.3579559922218323]","[248, 252]",0.0,0.0028960539493709803,0.014236325398087502
22490,757,61.0,61,,nnknn,500,11515,22876,4630,7889,6885,14987,49,57,0.7151393333333333,0.7151393333333333,True,"[1.0, 0.0]","[0.642430305480957, 0.3575696647167206]","[248, 252]",0.0,0.0028960539493709803,0.014236325398087502
22554,758,64.0,64,,nnknn,500,11515,22876,4630,7889,6885,14987,49,57,0.7143286666666666,0.7143286666666666,True,"[0.0, 1.0]","[0.35716432332992554, 0.6428356766700745]","[248, 252]",0.0,0.0028960539493709803,0.014236325398087502
22620,759,66.0,66,,nnknn,500,11515,22876,4630,7889,6885,14987,49,57,0.7134926666666667,0.7134926666666667,True,"[1.0, 0.0]","[0.6432536840438843, 0.3567463457584381]","[248, 252]",0.0,0.0028960539493709803,0.014236325398087502
22667,760,47.0,47,58.57305908203125,nnknn,500,11527,23265,4635,8052,6892,15213,51,62,0.7128973333333333,0.7128973333333333,True,"[0.0, 1.0]","[0.3564486801624298, 0.6435513496398926]","[249, 251]",0.0,0.002876362530514598,0.01473618857562542
22709,761,42.0,42,,nnknn,500,11527,23265,4635,8052,6892,15213,51,62,0.7123653333333333,0.7123653333333333,True,"[1.0, 0.0]","[0.6438173055648804, 0.35618266463279724]","[249, 251]",0.0,0.002876362530514598,0.01473618857562542
22726,762,17.0,17,,nnknn,500,11527,23265,4635,8052,6892,15213,51,62,0.7121500000000001,0.7121500000000001,True,"[0.0, 1.0]","[0.3560749888420105, 0.6439250111579895]","[249, 251]",0.0,0.002876362530514598,0.01473618857562542
22798,763,72.0,72,,nnknn,500,11527,23265,4635,8052,6892,15213,51,62,0.711238,0.711238,True,"[0.0, 1.0]","[0.35561901330947876, 0.6443809866905212]","[249, 251]",0.0,0.002876362530514598,0.01473618857562542
22867,764,69.0,69,60.018714904785156,nnknn,500,11739,23399,4647,8186,7092,15213,52,64,0.710364,0.710364,True,"[1.0, 0.0]","[0.6448180079460144, 0.3551819920539856]","[244, 256]",0.0,0.002843862632289529,0.01423641387373209
22878,765,11.0,11,,nnknn,500,11739,23399,4647,8186,7092,15213,52,64,0.7102246666666667,0.7102246666666667,True,"[0.0, 1.0]","[0.35511234402656555, 0.6448876857757568]","[244, 256]",0.0,0.002843862632289529,0.01423641387373209
22894,766,16.0,16,,nnknn,500,11739,23399,4647,8186,7092,15213,52,64,0.7100219999999999,0.7100219999999999,True,"[0.0, 1.0]","[0.355010986328125, 0.644989013671875]","[244, 256]",0.0,0.002843862632289529,0.01423641387373209
22910,767,16.0,16,,nnknn,500,11739,23399,4647,8186,7092,15213,52,64,0.7098193333333334,0.7098193333333334,True,"[0.0, 1.0]","[0.35490965843200684, 0.6450903415679932]","[244, 256]",0.0,0.002843862632289529,0.01423641387373209
22923,768,13.0,13,50.54134750366211,nnknn,500,11742,23450,4647,8186,7095,15264,52,64,0.7096546666666667,0.7096546666666667,True,"[0.0, 1.0]","[0.354827344417572, 0.645172655582428]","[244, 256]",-0.0004212771018501371,0.002811844926327467,0.014054995030164719
22989,769,66.0,66,,nnknn,500,11742,23450,4647,8186,7095,15264,52,64,0.7088186666666667,0.7088186666666667,True,"[1.0, 0.0]","[0.6455906629562378, 0.3544093370437622]","[244, 256]",-0.0004212771018501371,0.002811844926327467,0.014054995030164719
23116,770,127.0,127,,nnknn,500,11742,23450,4647,8186,7095,15264,52,64,0.70721,0.70721,True,"[0.10482107102870941, 0.8951789736747742]","[0.3842955529689789, 0.6157044172286987]","[244, 256]",-0.0004212771018501371,0.002811844926327467,0.014054995030164719
23187,771,71.0,71,,nnknn,500,11742,23450,4647,8186,7095,15264,52,64,0.7063106666666666,0.7063106666666666,True,"[1.0, 0.0]","[0.6468446254730225, 0.35315534472465515]","[244, 256]",-0.0004212771018501371,0.002811844926327467,0.014054995030164719
23202,772,15.0,15,85.00658416748047,nnknn,456,12045,23698,4921,8186,7124,15512,53,66,0.7061206666666666,0.7061206666666666,True,"[1.0, 0.0]","[0.6469396352767944, 0.3530603349208832]","[221, 235]",0.0003720507666002959,0.003082066308706999,0.014426599256694317
23226,773,24.0,24,,nnknn,456,12045,23698,4921,8186,7124,15512,53,66,0.7058166666666666,0.7058166666666666,True,"[0.0, 1.0]","[0.35290834307670593, 0.6470916271209717]","[221, 235]",0.0003720507666002959,0.003082066308706999,0.014426599256694317
23277,774,51.0,51,,nnknn,456,12045,23698,4921,8186,7124,15512,53,66,0.7051706666666666,0.7051706666666666,True,"[1.0, 0.0]","[0.6474146842956543, 0.3525853455066681]","[221, 235]",0.0003720507666002959,0.003082066308706999,0.014426599256694317
23296,775,19.0,19,,nnknn,456,12045,23698,4921,8186,7124,15512,53,66,0.7049300000000001,0.7049300000000001,True,"[0.0, 1.0]","[0.3524650037288666, 0.647534966468811]","[221, 235]",0.0003720507666002959,0.003082066308706999,0.014426599256694317
23395,776,99.0,99,68.19268035888672,nnknn,500,12070,23947,4925,8263,7145,15684,53,66,0.703676,0.703676,True,"[0.9071587920188904, 0.09284123033285141]","[0.6206508874893188, 0.37934908270835876]","[245, 255]",0.0,0.0028078213799744844,0.01457515824586153
23434,777,39.0,39,,nnknn,500,12070,23947,4925,8263,7145,15684,53,66,0.703182,0.703182,True,"[1.0, 0.0]","[0.6484090089797974, 0.35159099102020264]","[245, 255]",0.0,0.0028078213799744844,0.01457515824586153
23483,778,49.0,49,,nnknn,500,12070,23947,4925,8263,7145,15684,53,66,0.7025613333333334,0.7025613333333334,True,"[0.0, 1.0]","[0.35128065943717957, 0.648719310760498]","[245, 255]",0.0,0.0028078213799744844,0.01457515824586153
23517,779,34.0,34,,nnknn,500,12070,23947,4925,8263,7145,15684,53,66,0.7021306666666667,0.7021306666666667,True,"[1.0, 0.0]","[0.6489346623420715, 0.35106533765792847]","[245, 255]",0.0,0.0028078213799744844,0.01457515824586153
23631,780,114.0,114,79.79275512695312,nnknn,500,12123,24296,4948,8408,7175,15888,55,68,0.7006866666666667,0.7006866666666667,True,"[0.20906785130500793, 0.7909321188926697]","[0.41292014718055725, 0.5870798826217651]","[244, 256]",0.0,0.002847605384886265,0.014426443725824356
23682,781,51.0,51,,nnknn,500,12123,24296,4948,8408,7175,15888,55,68,0.7000406666666666,0.7000406666666666,True,"[0.8061413168907166, 0.19385871291160583]","[0.5918299555778503, 0.40817004442214966]","[244, 256]",0.0,0.002847605384886265,0.014426443725824356
23735,782,53.0,53,,nnknn,500,12123,24296,4948,8408,7175,15888,55,68,0.6993693333333333,0.6993693333333333,True,"[1.0, 0.0]","[0.6503153443336487, 0.3496846556663513]","[244, 256]",0.0,0.002847605384886265,0.014426443725824356
23772,783,37.0,37,,nnknn,500,12123,24296,4948,8408,7175,15888,55,68,0.6989006666666666,0.6989006666666666,True,"[1.0, 0.0]","[0.6505496501922607, 0.34945032000541687]","[244, 256]",0.0,0.002847605384886265,0.014426443725824356
23898,784,126.0,126,97.50611114501953,nnknn,494,12361,24519,5148,8408,7213,16111,60,74,0.6973046666666667,0.6973046666666667,True,"[0.0, 1.0]","[0.34865233302116394, 0.6513476371765137]","[242, 252]",0.0,0.0029144627042114735,0.014890875667333603
23940,785,42.0,42,,nnknn,494,12361,24519,5148,8408,7213,16111,60,74,0.6967726666666667,0.6967726666666667,True,"[1.0, 0.0]","[0.6516136527061462, 0.34838634729385376]","[242, 252]",0.0,0.0029144627042114735,0.014890875667333603
23958,786,18.0,18,,nnknn,494,12361,24519,5148,8408,7213,16111,60,74,0.6965446666666666,0.6965446666666666,True,"[0.0, 1.0]","[0.34827232360839844, 0.6517276763916016]","[242, 252]",0.0,0.0029144627042114735,0.014890875667333603
23984,787,26.0,26,,nnknn,494,12361,24519,5148,8408,7213,16111,60,74,0.6962153333333334,0.6962153333333334,True,"[0.0, 1.0]","[0.3481076657772064, 0.6518923044204712]","[242, 252]",0.0,0.0029144627042114735,0.014890875667333603
24049,788,65.0,65,47.174259185791016,nnknn,500,12376,24736,5155,8482,7221,16254,60,74,0.695392,0.695392,True,"[0.0, 1.0]","[0.3476960062980652, 0.6523039937019348]","[240, 260]",0.0,0.002871063305065036,0.015390829183161259
24123,789,74.0,74,,nnknn,500,12376,24736,5155,8482,7221,16254,60,74,0.6944546666666667,0.6944546666666667,True,"[1.0, 0.0]","[0.6527726650238037, 0.3472273349761963]","[240, 260]",0.0,0.002871063305065036,0.015390829183161259
24245,790,122.0,122,,nnknn,500,12376,24736,5155,8482,7221,16254,60,74,0.6929093333333334,0.6929093333333334,True,"[1.0, 0.0]","[0.6535453200340271, 0.3464546799659729]","[240, 260]",0.0,0.002871063305065036,0.015390829183161259
24290,791,45.0,45,,nnknn,500,12376,24736,5155,8482,7221,16254,60,74,0.6923393333333333,0.6923393333333333,True,"[0.0, 1.0]","[0.34616968035697937, 0.6538302898406982]","[240, 260]",0.0,0.002871063305065036,0.015390829183161259
24364,792,74.0,74,99.51058959960938,nnknn,500,12431,25242,5182,8706,7249,16536,65,79,0.6914020000000001,0.6914020000000001,True,"[1.0, 0.0]","[0.6542990207672119, 0.3457010090351105]","[242, 258]",0.0,0.002889494178816676,0.015200305730104446
24384,793,20.0,20,,nnknn,500,12431,25242,5182,8706,7249,16536,65,79,0.6911486666666666,0.6911486666666666,True,"[0.0, 1.0]","[0.3455743193626404, 0.6544256806373596]","[242, 258]",0.0,0.002889494178816676,0.015200305730104446
24564,794,180.0,180,,nnknn,500,12431,25242,5182,8706,7249,16536,65,79,0.6888686666666667,0.6888686666666667,True,"[0.0, 1.0]","[0.34443432092666626, 0.6555656790733337]","[242, 258]",0.0,0.002889494178816676,0.015200305730104446
24646,795,82.0,82,,nnknn,500,12431,25242,5182,8706,7249,16536,65,79,0.6878299999999999,0.6878299999999999,True,"[0.0, 1.0]","[0.3439149856567383, 0.6560850143432617]","[242, 258]",0.0,0.002889494178816676,0.015200305730104446
24666,796,20.0,20,113.60702514648438,nnknn,500,12457,25747,5192,8928,7265,16819,67,82,0.6875766666666667,0.6875766666666667,True,"[0.8921200633049011, 0.10787998884916306]","[0.6225074529647827, 0.3774925470352173]","[243, 257]",0.0,0.002891243202611804,0.015011248178780079
24727,797,61.0,61,,nnknn,500,12457,25747,5192,8928,7265,16819,67,82,0.686804,0.686804,True,"[0.31074950098991394, 0.6892505288124084]","[0.44072750210762024, 0.5592725276947021]","[243, 257]",0.0,0.002891243202611804,0.015011248178780079
24758,798,31.0,31,,nnknn,500,12457,25747,5192,8928,7265,16819,67,82,0.6864113333333333,0.6864113333333333,True,"[0.0, 1.0]","[0.34320566058158875, 0.6567943096160889]","[243, 257]",0.0,0.002891243202611804,0.015011248178780079
24796,799,38.0,38,,nnknn,500,12457,25747,5192,8928,7265,16819,67,82,0.6859299999999999,0.6859299999999999,True,"[0.0, 1.0]","[0.3429650068283081, 0.6570349931716919]","[243, 257]",0.0,0.002891243202611804,0.015011248178780079
24815,800,19.0,19,48.7782096862793,nnknn,500,12477,25959,5200,9003,7277,16956,67,82,0.6856893333333334,0.6856893333333334,True,"[0.0, 1.0]","[0.3428446650505066, 0.6571553349494934]","[239, 261]",0.0,0.0028785550966858864,0.015175415202975273
24953,801,138.0,138,,nnknn,500,12477,25959,5200,9003,7277,16956,67,82,0.6839413333333333,0.6839413333333333,True,"[0.0, 1.0]","[0.34197065234184265, 0.658029317855835]","[239, 261]",0.0,0.0028785550966858864,0.015175415202975273
25011,802,58.0,58,,nnknn,500,12477,25959,5200,9003,7277,16956,67,82,0.6832066666666667,0.6832066666666667,True,"[0.0, 1.0]","[0.3416033387184143, 0.6583966612815857]","[239, 261]",0.0,0.0028785550966858864,0.015175415202975273
25061,803,50.0,50,,nnknn,500,12477,25959,5200,9003,7277,16956,67,82,0.6825733333333333,0.6825733333333333,True,"[1.0, 0.0]","[0.6587133407592773, 0.34128665924072266]","[239, 261]",0.0,0.0028785550966858864,0.015175415202975273
25119,804,58.0,58,76.851318359375,nnknn,465,12794,26213,5475,9003,7319,17210,68,90,0.6818386666666667,0.6818386666666667,True,"[0.0, 1.0]","[0.3409193456172943, 0.6590806245803833]","[222, 243]",0.0004525504191406071,0.0031017279252409935,0.015006511472165585
25278,805,159.0,159,,nnknn,465,12794,26213,5475,9003,7319,17210,68,90,0.6798246666666667,0.6798246666666667,True,"[0.0, 1.0]","[0.3399123251438141, 0.6600877046585083]","[222, 243]",0.0004525504191406071,0.0031017279252409935,0.015006511472165585
25326,806,48.0,48,,nnknn,465,12794,26213,5475,9003,7319,17210,68,90,0.6792166666666667,0.6792166666666667,True,"[0.8313873410224915, 0.16861271858215332]","[0.6063035726547241, 0.39369648694992065]","[222, 243]",0.0004525504191406071,0.0031017279252409935,0.015006511472165585
25374,807,48.0,48,,nnknn,465,12794,26213,5475,9003,7319,17210,68,90,0.6786086666666666,0.6786086666666666,True,"[1.0, 0.0]","[0.6606956720352173, 0.3393043279647827]","[222, 243]",0.0004525504191406071,0.0031017279252409935,0.015006511472165585
25395,808,21.0,21,96.80040740966797,nnknn,500,12825,26616,5478,9166,7347,17450,72,98,0.6783426666666666,0.6783426666666666,True,"[0.0, 1.0]","[0.33917132019996643, 0.660828709602356]","[238, 262]",0.0,0.0028837863355875015,0.015506434254348278
25500,809,105.0,105,,nnknn,500,12825,26616,5478,9166,7347,17450,72,98,0.6770126666666667,0.6770126666666667,True,"[0.09745433926582336, 0.902545690536499]","[0.36998286843299866, 0.6300171613693237]","[238, 262]",0.0,0.0028837863355875015,0.015506434254348278
25545,810,45.0,45,,nnknn,500,12825,26616,5478,9166,7347,17450,72,98,0.6764426666666666,0.6764426666666666,True,"[0.0, 1.0]","[0.33822134137153625, 0.6617786884307861]","[238, 262]",0.0,0.0028837863355875015,0.015506434254348278
25579,811,34.0,34,,nnknn,500,12825,26616,5478,9166,7347,17450,72,98,0.6760120000000001,0.6760120000000001,True,"[0.0, 1.0]","[0.33800598978996277, 0.6619939804077148]","[238, 262]",0.0,0.0028837863355875015,0.015506434254348278
25604,812,25.0,25,68.32648468017578,nnknn,500,12876,26908,5498,9281,7378,17627,73,99,0.6756953333333333,0.6756953333333333,True,"[1.0, 0.0]","[0.6621522903442383, 0.33784767985343933]","[244, 256]",0.0,0.0028490812983363867,0.01600632630288601
25644,813,40.0,40,,nnknn,500,12876,26908,5498,9281,7378,17627,73,99,0.6751886666666667,0.6751886666666667,True,"[1.0, 0.0]","[0.6624056696891785, 0.33759433031082153]","[244, 256]",0.0,0.0028490812983363867,0.01600632630288601
25704,814,60.0,60,,nnknn,500,12876,26908,5498,9281,7378,17627,73,99,0.6744286666666667,0.6744286666666667,True,"[0.9146031737327576, 0.08539681136608124]","[0.6349829435348511, 0.3650170862674713]","[244, 256]",0.0,0.0028490812983363867,0.01600632630288601
25717,815,13.0,13,,nnknn,500,12876,26908,5498,9281,7378,17627,73,99,0.674264,0.674264,True,"[0.0, 1.0]","[0.3371320068836212, 0.6628680229187012]","[244, 256]",0.0,0.0028490812983363867,0.01600632630288601
25787,816,70.0,70,66.02543640136719,nnknn,500,12930,27167,5518,9392,7412,17775,74,100,0.6733773333333333,0.6733773333333333,True,"[1.0, 0.0]","[0.6633113622665405, 0.33668866753578186]","[246, 254]",0.0,0.0028492645360529423,0.015925010666251183
25844,817,57.0,57,,nnknn,500,12930,27167,5518,9392,7412,17775,74,100,0.6726553333333334,0.6726553333333334,True,"[0.0, 1.0]","[0.3363276720046997, 0.6636723279953003]","[246, 254]",0.0,0.0028492645360529423,0.015925010666251183
25893,818,49.0,49,,nnknn,500,12930,27167,5518,9392,7412,17775,74,100,0.6720346666666667,0.6720346666666667,True,"[1.0, 0.0]","[0.663982629776001, 0.33601734042167664]","[246, 254]",0.0,0.0028492645360529423,0.015925010666251183
25921,819,28.0,28,,nnknn,500,12930,27167,5518,9392,7412,17775,74,100,0.67168,0.67168,True,"[0.0, 1.0]","[0.33583998680114746, 0.6641600131988525]","[246, 254]",0.0,0.0028492645360529423,0.015925010666251183
26013,820,92.0,92,71.93758392333984,nnknn,500,12989,27475,5544,9515,7445,17960,79,108,0.6705146666666666,0.6705146666666666,True,"[1.0, 0.0]","[0.6647427082061768, 0.33525732159614563]","[246, 254]",0.0,0.0028074351139366627,0.015425503253936768
26045,821,32.0,32,,nnknn,500,12989,27475,5544,9515,7445,17960,79,108,0.6701093333333333,0.6701093333333333,True,"[0.0, 1.0]","[0.3350546658039093, 0.6649453639984131]","[246, 254]",0.0,0.0028074351139366627,0.015425503253936768
26145,822,100.0,100,,nnknn,500,12989,27475,5544,9515,7445,17960,79,108,0.6688426666666667,0.6688426666666667,True,"[1.0, 0.0]","[0.6655786633491516, 0.3344213366508484]","[246, 254]",0.0,0.0028074351139366627,0.015425503253936768
26204,823,59.0,59,,nnknn,500,12989,27475,5544,9515,7445,17960,79,108,0.6680953333333333,0.6680953333333333,True,"[1.0, 0.0]","[0.6659523248672485, 0.33404767513275146]","[246, 254]",0.0,0.0028074351139366627,0.015425503253936768
26248,824,44.0,44,95.95576477050781,nnknn,490,13191,27677,5719,9515,7472,18162,83,114,0.667538,0.667538,True,"[1.0, 0.0]","[0.6662310361862183, 0.3337689936161041]","[245, 245]",0.0,0.0028761187568306923,0.015925485640764236
26291,825,43.0,43,,nnknn,490,13191,27677,5719,9515,7472,18162,83,114,0.6669933333333333,0.6669933333333333,True,"[1.0, 0.0]","[0.6665033102035522, 0.33349665999412537]","[245, 245]",0.0,0.0028761187568306923,0.015925485640764236
26318,826,27.0,27,,nnknn,490,13191,27677,5719,9515,7472,18162,83,114,0.6666513333333333,0.6666513333333333,True,"[0.0, 1.0]","[0.33332565426826477, 0.6666743755340576]","[245, 245]",0.0,0.0028761187568306923,0.015925485640764236
26372,827,54.0,54,,nnknn,490,13191,27677,5719,9515,7472,18162,83,114,0.6659673333333334,0.6659673333333334,True,"[1.0, 0.0]","[0.667016327381134, 0.33298367261886597]","[245, 245]",0.0,0.0028761187568306923,0.015925485640764236
26462,828,90.0,90,57.10564041137695,nnknn,500,13241,27971,5740,9624,7501,18347,83,114,0.6648273333333333,0.6648273333333333,True,"[1.0, 0.0]","[0.6675863265991211, 0.3324136734008789]","[256, 244]",0.0,0.0028818370774388313,0.01642519235610962
26509,829,47.0,47,,nnknn,500,13241,27971,5740,9624,7501,18347,83,114,0.6642319999999999,0.6642319999999999,True,"[0.699653148651123, 0.30034691095352173]","[0.5670371055603027, 0.43296289443969727]","[256, 244]",0.0,0.0028818370774388313,0.01642519235610962
26616,830,107.0,107,,nnknn,500,13241,27971,5740,9624,7501,18347,83,114,0.6628766666666667,0.6628766666666667,True,"[0.0, 1.0]","[0.3314383327960968, 0.6685616970062256]","[256, 244]",0.0,0.0028818370774388313,0.01642519235610962
26639,831,23.0,23,,nnknn,500,13241,27971,5740,9624,7501,18347,83,114,0.6625853333333334,0.6625853333333334,True,"[1.0, 0.0]","[0.6687073707580566, 0.33129265904426575]","[256, 244]",0.0,0.0028818370774388313,0.01642519235610962
26675,832,36.0,36,68.5423355102539,nnknn,487,13424,28149,5890,9624,7534,18525,85,116,0.6621293333333333,0.6621293333333333,True,"[0.0, 1.0]","[0.3310646712779999, 0.6689352989196777]","[242, 245]",0.0,0.003005353035405278,0.015925226733088493
26761,833,86.0,86,,nnknn,487,13424,28149,5890,9624,7534,18525,85,116,0.6610400000000001,0.6610400000000001,True,"[1.0, 0.0]","[0.6694799661636353, 0.33052000403404236]","[242, 245]",0.0,0.003005353035405278,0.015925226733088493
26790,834,29.0,29,,nnknn,487,13424,28149,5890,9624,7534,18525,85,116,0.6606726666666667,0.6606726666666667,True,"[1.0, 0.0]","[0.669663667678833, 0.330336332321167]","[242, 245]",0.0,0.003005353035405278,0.015925226733088493
26944,835,154.0,154,,nnknn,487,13424,28149,5890,9624,7534,18525,85,116,0.658722,0.658722,True,"[0.8758633136749268, 0.12413667887449265]","[0.6282738447189331, 0.3717260956764221]","[242, 245]",0.0,0.003005353035405278,0.015925226733088493
26964,836,20.0,20,100.50772857666016,nnknn,500,13473,28593,5905,9817,7568,18776,88,120,0.6584686666666666,0.6584686666666666,True,"[0.0, 1.0]","[0.3292343318462372, 0.6707656383514404]","[249, 251]",0.0,0.0029512641485780478,0.016425099223852158
27004,837,40.0,40,,nnknn,500,13473,28593,5905,9817,7568,18776,88,120,0.6579619999999999,0.6579619999999999,True,"[0.0, 1.0]","[0.3289810121059418, 0.6710189580917358]","[249, 251]",0.0,0.0029512641485780478,0.016425099223852158
27067,838,63.0,63,,nnknn,500,13473,28593,5905,9817,7568,18776,88,120,0.657164,0.657164,True,"[1.0, 0.0]","[0.6714180111885071, 0.3285819888114929]","[249, 251]",0.0,0.0029512641485780478,0.016425099223852158
27178,839,111.0,111,,nnknn,500,13473,28593,5905,9817,7568,18776,88,120,0.6557580000000001,0.6557580000000001,True,"[0.09232565760612488, 0.9076743721961975]","[0.35966137051582336, 0.640338659286499]","[249, 251]",0.0,0.0029512641485780478,0.016425099223852158
27284,840,106.0,106,79.34261322021484,nnknn,500,13512,29125,5917,10062,7595,19063,92,126,0.6544153333333333,0.6544153333333333,True,"[0.0, 1.0]","[0.32720765471458435, 0.6727923154830933]","[243, 257]",0.0,0.0029346949886530638,0.01692495308816433
27384,841,100.0,100,,nnknn,500,13512,29125,5917,10062,7595,19063,92,126,0.6531486666666666,0.6531486666666666,True,"[1.0, 0.0]","[0.6734256744384766, 0.32657432556152344]","[243, 257]",0.0,0.0029346949886530638,0.01692495308816433
27413,842,29.0,29,,nnknn,500,13512,29125,5917,10062,7595,19063,92,126,0.6527813333333333,0.6527813333333333,True,"[0.8694524765014648, 0.13054756820201874]","[0.6282808184623718, 0.37171921133995056]","[243, 257]",0.0,0.0029346949886530638,0.01692495308816433
27429,843,16.0,16,,nnknn,500,13512,29125,5917,10062,7595,19063,92,126,0.6525786666666666,0.6525786666666666,True,"[0.0, 1.0]","[0.3262893259525299, 0.6737107038497925]","[243, 257]",0.0,0.0029346949886530638,0.01692495308816433
27461,844,32.0,32,87.91441345214844,nnknn,500,13529,29384,5922,10165,7607,19219,95,135,0.6521733333333333,0.6521733333333333,True,"[1.0, 0.0]","[0.6739133596420288, 0.3260866701602936]","[247, 253]",0.0,0.0029306053183972836,0.017423175275325775
27504,845,43.0,43,,nnknn,500,13529,29384,5922,10165,7607,19219,95,135,0.6516286666666666,0.6516286666666666,True,"[0.8981567621231079, 0.10184325277805328]","[0.638706386089325, 0.36129361391067505]","[247, 253]",0.0,0.0029306053183972836,0.017423175275325775
27558,846,54.0,54,,nnknn,500,13529,29384,5922,10165,7607,19219,95,135,0.6509446666666667,0.6509446666666667,True,"[1.0, 0.0]","[0.674527645111084, 0.32547232508659363]","[247, 253]",0.0,0.0029306053183972836,0.017423175275325775
27587,847,29.0,29,,nnknn,500,13529,29384,5922,10165,7607,19219,95,135,0.6505773333333333,0.6505773333333333,True,"[1.0, 0.0]","[0.6747113466262817, 0.32528865337371826]","[247, 253]",0.0,0.0029306053183972836,0.017423175275325775
27622,848,35.0,35,55.34701919555664,nnknn,480,13641,29528,6022,10165,7619,19363,98,140,0.650134,0.650134,True,"[0.10711342841386795, 0.8928865790367126]","[0.36254236102104187, 0.6374576091766357]","[243, 237]",0.0,0.003038991242647171,0.01721782609820366
27638,849,16.0,16,,nnknn,480,13641,29528,6022,10165,7619,19363,98,140,0.6499313333333333,0.6499313333333333,True,"[1.0, 0.0]","[0.6750343441963196, 0.3249656558036804]","[243, 237]",0.0,0.003038991242647171,0.01721782609820366
27681,850,43.0,43,,nnknn,480,13641,29528,6022,10165,7619,19363,98,140,0.6493866666666667,0.6493866666666667,True,"[1.0, 0.0]","[0.6753066778182983, 0.32469332218170166]","[243, 237]",0.0,0.003038991242647171,0.01721782609820366
27742,851,61.0,61,,nnknn,480,13641,29528,6022,10165,7619,19363,98,140,0.648614,0.648614,True,"[0.10220155119895935, 0.8977984189987183]","[0.36021918058395386, 0.6397807598114014]","[243, 237]",0.0,0.003038991242647171,0.01721782609820366
27824,852,82.0,82,61.43686294555664,nnknn,500,13682,29792,6037,10266,7645,19526,101,153,0.6475753333333334,0.6475753333333334,True,"[0.20659485459327698, 0.7934051156044006]","[0.3965967893600464, 0.6034032106399536]","[246, 254]",0.0,0.00289776548743248,0.01771770790219307
27928,853,104.0,104,,nnknn,500,13682,29792,6037,10266,7645,19526,101,153,0.646258,0.646258,True,"[0.0, 1.0]","[0.32312899827957153, 0.6768710017204285]","[246, 254]",0.0,0.00289776548743248,0.01771770790219307
28021,854,93.0,93,,nnknn,500,13682,29792,6037,10266,7645,19526,101,153,0.64508,0.64508,True,"[0.0, 1.0]","[0.3225399851799011, 0.6774600148200989]","[246, 254]",0.0,0.00289776548743248,0.01771770790219307
28176,855,155.0,155,,nnknn,500,13682,29792,6037,10266,7645,19526,101,153,0.6431166666666667,0.6431166666666667,True,"[0.0, 1.0]","[0.3215583264827728, 0.6784416437149048]","[246, 254]",0.0,0.00289776548743248,0.01771770790219307
28230,856,54.0,54,95.06513214111328,nnknn,455,14092,30160,6411,10266,7681,19894,103,155,0.6424326666666667,0.6424326666666667,True,"[1.0, 0.0]","[0.678783655166626, 0.321216344833374]","[220, 235]",0.00047676116810180247,0.0032028702553361654,0.017217764630913734
28376,857,146.0,146,,nnknn,455,14092,30160,6411,10266,7681,19894,103,155,0.6405833333333333,0.6405833333333333,True,"[0.09819120168685913, 0.9018087983131409]","[0.35558322072029114, 0.6444168090820312]","[220, 235]",0.00047676116810180247,0.0032028702553361654,0.017217764630913734
28435,858,59.0,59,,nnknn,455,14092,30160,6411,10266,7681,19894,103,155,0.6398360000000001,0.6398360000000001,True,"[1.0, 0.0]","[0.6800819635391235, 0.3199180066585541]","[220, 235]",0.00047676116810180247,0.0032028702553361654,0.017217764630913734
28496,859,61.0,61,,nnknn,455,14092,30160,6411,10266,7681,19894,103,155,0.6390633333333333,0.6390633333333333,True,"[0.0, 1.0]","[0.3195316791534424, 0.6804683208465576]","[220, 235]",0.00047676116810180247,0.0032028702553361654,0.017217764630913734
28565,860,69.0,69,86.0594711303711,nnknn,500,14105,30697,6414,10488,7691,20209,108,165,0.6381893333333333,0.6381893333333333,True,"[1.0, 0.0]","[0.6809053421020508, 0.3190946578979492]","[239, 261]",0.0,0.002922225743532181,0.0167181808501482
28582,861,17.0,17,,nnknn,500,14105,30697,6414,10488,7691,20209,108,165,0.637974,0.637974,True,"[0.0, 1.0]","[0.31898701190948486, 0.6810129880905151]","[239, 261]",0.0,0.002922225743532181,0.0167181808501482
28767,862,185.0,185,,nnknn,500,14105,30697,6414,10488,7691,20209,108,165,0.6356306666666667,0.6356306666666667,True,"[0.7170032262802124, 0.28299680352211]","[0.5790693163871765, 0.4209306836128235]","[239, 261]",0.0,0.002922225743532181,0.0167181808501482
28875,863,108.0,108,,nnknn,500,14105,30697,6414,10488,7691,20209,108,165,0.6342626666666666,0.6342626666666666,True,"[0.0, 1.0]","[0.3171313405036926, 0.6828686594963074]","[239, 261]",0.0,0.002922225743532181,0.0167181808501482
28888,864,13.0,13,108.49608612060547,nnknn,500,14141,31244,6433,10742,7708,20502,112,178,0.634098,0.634098,True,"[0.0, 1.0]","[0.3170489966869354, 0.6829509735107422]","[240, 260]",0.0,0.0029096247162669897,0.016218235716223717
28902,865,14.0,14,,nnknn,500,14141,31244,6433,10742,7708,20502,112,178,0.6339206666666667,0.6339206666666667,True,"[0.09125696867704391, 0.9087430834770203]","[0.35036763548851013, 0.6496323943138123]","[240, 260]",0.0,0.0029096247162669897,0.016218235716223717
28950,866,48.0,48,,nnknn,500,14141,31244,6433,10742,7708,20502,112,178,0.6333126666666666,0.6333126666666666,True,"[0.0, 1.0]","[0.31665632128715515, 0.6833436489105225]","[240, 260]",0.0,0.0029096247162669897,0.016218235716223717
29097,867,147.0,147,,nnknn,500,14141,31244,6433,10742,7708,20502,112,178,0.6314506666666666,0.6314506666666666,True,"[0.0, 1.0]","[0.31572532653808594, 0.6842746734619141]","[240, 260]",0.0,0.0029096247162669897,0.016218235716223717
29197,868,100.0,100,106.16931915283203,nnknn,500,14157,31762,6436,10974,7721,20788,118,188,0.6301840000000001,0.6301840000000001,True,"[0.8084986805915833, 0.19150137901306152]","[0.6140877604484558, 0.3859122693538666]","[238, 262]",0.0,0.0029440228827297688,0.01671811193227768
29280,869,83.0,83,,nnknn,500,14157,31762,6436,10974,7721,20788,118,188,0.6291326666666667,0.6291326666666667,True,"[0.0, 1.0]","[0.31456634402275085, 0.6854336261749268]","[238, 262]",0.0,0.0029440228827297688,0.01671811193227768
29339,870,59.0,59,,nnknn,500,14157,31762,6436,10974,7721,20788,118,188,0.6283853333333334,0.6283853333333334,True,"[1.0, 0.0]","[0.6858073472976685, 0.31419265270233154]","[238, 262]",0.0,0.0029440228827297688,0.01671811193227768
29393,871,54.0,54,,nnknn,500,14157,31762,6436,10974,7721,20788,118,188,0.6277013333333333,0.6277013333333333,True,"[0.0, 1.0]","[0.31385067105293274, 0.6861493587493896]","[238, 262]",0.0,0.0029440228827297688,0.01671811193227768
29426,872,33.0,33,84.85981750488281,nnknn,500,14221,32075,6457,11102,7764,20973,119,189,0.6272833333333333,0.6272833333333333,True,"[0.0, 1.0]","[0.31364166736602783, 0.6863583326339722]","[237, 263]",0.0,0.0029458620119839907,0.01721792109310627
29508,873,82.0,82,,nnknn,500,14221,32075,6457,11102,7764,20973,119,189,0.6262446666666667,0.6262446666666667,True,"[0.8200603723526001, 0.1799396276473999]","[0.6196242570877075, 0.3803757429122925]","[237, 263]",0.0,0.0029458620119839907,0.01721792109310627
29560,874,52.0,52,,nnknn,500,14221,32075,6457,11102,7764,20973,119,189,0.625586,0.625586,True,"[0.7925383448600769, 0.20746168494224548]","[0.6095304489135742, 0.3904695510864258]","[237, 263]",0.0,0.0029458620119839907,0.01721792109310627
29625,875,65.0,65,,nnknn,500,14221,32075,6457,11102,7764,20973,119,189,0.6247626666666667,0.6247626666666667,True,"[1.0, 0.0]","[0.6876186728477478, 0.3123813271522522]","[237, 263]",0.0,0.0029458620119839907,0.01721792109310627
29675,876,50.0,50,69.13201141357422,nnknn,500,14242,32458,6471,11259,7771,21199,123,205,0.6241293333333333,0.6241293333333333,True,"[0.8913965821266174, 0.10860340297222137]","[0.6471145153045654, 0.35288551449775696]","[242, 258]",0.0,0.0029649275820702314,0.017679158598184586
29801,877,126.0,126,,nnknn,500,14242,32458,6471,11259,7771,21199,123,205,0.6225333333333334,0.6225333333333334,True,"[0.0, 1.0]","[0.3112666606903076, 0.6887333393096924]","[242, 258]",0.0,0.0029649275820702314,0.017679158598184586
29842,878,41.0,41,,nnknn,500,14242,32458,6471,11259,7771,21199,123,205,0.6220140000000001,0.6220140000000001,True,"[0.0, 1.0]","[0.31100699305534363, 0.688992977142334]","[242, 258]",0.0,0.0029649275820702314,0.017679158598184586
29888,879,46.0,46,,nnknn,500,14242,32458,6471,11259,7771,21199,123,205,0.6214313333333333,0.6214313333333333,True,"[1.0, 0.0]","[0.6892843246459961, 0.3107156753540039]","[242, 258]",0.0,0.0029649275820702314,0.017679158598184586
30018,880,130.0,130,86.1626968383789,nnknn,500,14298,33003,6493,11500,7805,21503,127,210,0.6197846666666667,0.6197846666666667,True,"[1.0, 0.0]","[0.6901077032089233, 0.30989232659339905]","[241, 259]",0.0,0.002933494048193097,0.017179222777485847
30027,881,9.0,9,,nnknn,500,14298,33003,6493,11500,7805,21503,127,210,0.6196706666666667,0.6196706666666667,True,"[0.0, 1.0]","[0.3098353445529938, 0.6901646852493286]","[241, 259]",0.0,0.002933494048193097,0.017179222777485847
30058,882,31.0,31,,nnknn,500,14298,33003,6493,11500,7805,21503,127,210,0.619278,0.619278,True,"[1.0, 0.0]","[0.6903610229492188, 0.30963900685310364]","[241, 259]",0.0,0.002933494048193097,0.017179222777485847
30123,883,65.0,65,,nnknn,500,14298,33003,6493,11500,7805,21503,127,210,0.6184546666666666,0.6184546666666666,True,"[0.0, 1.0]","[0.3092273473739624, 0.6907726526260376]","[241, 259]",0.0,0.002933494048193097,0.017179222777485847
30135,884,12.0,12,76.51203155517578,nnknn,500,14328,33150,6508,11548,7820,21602,128,213,0.6183026666666667,0.6183026666666667,True,"[0.901618242263794, 0.09838174283504486]","[0.6532965898513794, 0.3467033803462982]","[235, 265]",0.0,0.002928038826212287,0.016955601051449776
30249,885,114.0,114,,nnknn,500,14328,33150,6508,11548,7820,21602,128,213,0.6168586666666667,0.6168586666666667,True,"[1.0, 0.0]","[0.6915706396102905, 0.3084293305873871]","[235, 265]",0.0,0.002928038826212287,0.016955601051449776
30331,886,82.0,82,,nnknn,500,14328,33150,6508,11548,7820,21602,128,213,0.61582,0.61582,True,"[0.8018822073936462, 0.19811783730983734]","[0.6159771084785461, 0.38402289152145386]","[235, 265]",0.0,0.002928038826212287,0.016955601051449776
30378,887,47.0,47,,nnknn,500,14328,33150,6508,11548,7820,21602,128,213,0.6152246666666666,0.6152246666666666,True,"[0.0, 1.0]","[0.3076123297214508, 0.6923877000808716]","[235, 265]",0.0,0.002928038826212287,0.016955601051449776
30454,888,76.0,76,81.30506896972656,nnknn,500,14393,33638,6533,11776,7860,21862,134,232,0.614262,0.614262,True,"[1.0, 0.0]","[0.6928690075874329, 0.30713099241256714]","[239, 261]",0.0,0.0029551140032708645,0.01717870868742466
30515,889,61.0,61,,nnknn,500,14393,33638,6533,11776,7860,21862,134,232,0.6134893333333333,0.6134893333333333,True,"[0.0, 1.0]","[0.30674466490745544, 0.6932553052902222]","[239, 261]",0.0,0.0029551140032708645,0.01717870868742466
30558,890,43.0,43,,nnknn,500,14393,33638,6533,11776,7860,21862,134,232,0.6129446666666667,0.6129446666666667,True,"[1.0, 0.0]","[0.6935276985168457, 0.3064723312854767]","[239, 261]",0.0,0.0029551140032708645,0.01717870868742466
30636,891,78.0,78,,nnknn,500,14393,33638,6533,11776,7860,21862,134,232,0.6119566666666667,0.6119566666666667,True,"[0.0, 1.0]","[0.30597832798957825, 0.6940217018127441]","[239, 261]",0.0,0.0029551140032708645,0.01717870868742466
30700,892,64.0,64,75.08972930908203,nnknn,500,14442,34001,6555,11922,7887,22079,136,234,0.611146,0.611146,True,"[0.0, 1.0]","[0.3055729866027832, 0.6944270133972168]","[234, 266]",0.0,0.002958417870104313,0.016955742612481117
30743,893,43.0,43,,nnknn,500,14442,34001,6555,11922,7887,22079,136,234,0.6106013333333333,0.6106013333333333,True,"[0.0, 1.0]","[0.30530065298080444, 0.6946993470191956]","[234, 266]",0.0,0.002958417870104313,0.016955742612481117
30760,894,17.0,17,,nnknn,500,14442,34001,6555,11922,7887,22079,136,234,0.610386,0.610386,True,"[0.0, 1.0]","[0.3051930069923401, 0.6948069930076599]","[234, 266]",0.0,0.002958417870104313,0.016955742612481117
30792,895,32.0,32,,nnknn,500,14442,34001,6555,11922,7887,22079,136,234,0.6099806666666667,0.6099806666666667,True,"[1.0, 0.0]","[0.695009708404541, 0.30499032139778137]","[234, 266]",0.0,0.002958417870104313,0.016955742612481117
30840,896,48.0,48,63.43633270263672,nnknn,500,14479,34161,6569,11969,7910,22192,138,238,0.6093726666666667,0.6093726666666667,True,"[0.7987349033355713, 0.2012651264667511]","[0.6166939735412598, 0.38330599665641785]","[233, 267]",0.0,0.0029632903169840574,0.017455732449889183
30853,897,13.0,13,,nnknn,500,14479,34161,6569,11969,7910,22192,138,238,0.609208,0.609208,True,"[0.0, 1.0]","[0.3046039938926697, 0.6953960061073303]","[233, 267]",0.0,0.0029632903169840574,0.017455732449889183
30877,898,24.0,24,,nnknn,500,14479,34161,6569,11969,7910,22192,138,238,0.608904,0.608904,True,"[0.0, 1.0]","[0.30445200204849243, 0.6955479979515076]","[233, 267]",0.0,0.0029632903169840574,0.017455732449889183
30962,899,85.0,85,,nnknn,500,14479,34161,6569,11969,7910,22192,138,238,0.6078273333333333,0.6078273333333333,True,"[0.0, 1.0]","[0.3039136528968811, 0.6960863471031189]","[233, 267]",0.0,0.0029632903169840574,0.017455732449889183
31000,900,38.0,38,63.35641098022461,nnknn,500,14503,34382,6581,12043,7922,22339,139,239,0.6073459999999999,0.6073459999999999,True,"[0.801016092300415, 0.19898392260074615]","[0.6181951761245728, 0.38180482387542725]","[228, 272]",0.0,0.002964265178889036,0.017955651506781578
31023,901,23.0,23,,nnknn,500,14503,34382,6581,12043,7922,22339,139,239,0.6070546666666667,0.6070546666666667,True,"[0.0, 1.0]","[0.3035273253917694, 0.6964726448059082]","[228, 272]",0.0,0.002964265178889036,0.017955651506781578
31075,902,52.0,52,,nnknn,500,14503,34382,6581,12043,7922,22339,139,239,0.6063959999999999,0.6063959999999999,True,"[0.0, 1.0]","[0.3031980097293854, 0.696802020072937]","[228, 272]",0.0,0.002964265178889036,0.017955651506781578
31090,903,15.0,15,,nnknn,500,14503,34382,6581,12043,7922,22339,139,239,0.606206,0.606206,True,"[0.7869184613227844, 0.21308153867721558]","[0.6129868030548096, 0.3870132267475128]","[228, 272]",0.0,0.002964265178889036,0.017955651506781578
31112,904,22.0,22,74.78196716308594,nnknn,500,14544,34495,6599,12071,7945,22424,143,243,0.6059273333333333,0.6059273333333333,True,"[1.0, 0.0]","[0.6970363259315491, 0.3029636740684509]","[224, 276]",0.0,0.0029362065251916647,0.01774664968252182
31184,905,72.0,72,,nnknn,500,14544,34495,6599,12071,7945,22424,143,243,0.6050153333333333,0.6050153333333333,True,"[1.0, 0.0]","[0.6974923610687256, 0.3025076687335968]","[224, 276]",0.0,0.0029362065251916647,0.01774664968252182
31242,906,58.0,58,,nnknn,500,14544,34495,6599,12071,7945,22424,143,243,0.6042806666666667,0.6042806666666667,True,"[0.4942425489425659, 0.5057574510574341]","[0.49772167205810547, 0.5022783279418945]","[224, 276]",0.0,0.0029362065251916647,0.01774664968252182
31317,907,75.0,75,,nnknn,500,14544,34495,6599,12071,7945,22424,143,243,0.6033306666666667,0.6033306666666667,True,"[0.0, 1.0]","[0.301665335893631, 0.6983346939086914]","[224, 276]",0.0,0.0029362065251916647,0.01774664968252182
31347,908,30.0,30,63.64759826660156,nnknn,500,14602,34812,6620,12206,7982,22606,148,259,0.6029506666666666,0.6029506666666666,True,"[1.0, 0.0]","[0.6985246539115906, 0.3014753460884094]","[232, 268]",0.0,0.002928844653069973,0.018246520310640335
31402,909,55.0,55,,nnknn,500,14602,34812,6620,12206,7982,22606,148,259,0.6022540000000001,0.6022540000000001,True,"[0.0, 1.0]","[0.30112698674201965, 0.6988730430603027]","[232, 268]",0.0,0.002928844653069973,0.018246520310640335
31517,910,115.0,115,,nnknn,500,14602,34812,6620,12206,7982,22606,148,259,0.6007973333333334,0.6007973333333334,True,"[0.8092819452285767, 0.19071805477142334]","[0.6234661340713501, 0.3765338361263275]","[232, 268]",0.0,0.002928844653069973,0.018246520310640335
31617,911,100.0,100,,nnknn,500,14602,34812,6620,12206,7982,22606,148,259,0.5995306666666667,0.5995306666666667,True,"[0.2455122172832489, 0.7544877529144287]","[0.39808544516563416, 0.6019145250320435]","[232, 268]",0.0,0.002928844653069973,0.018246520310640335
31637,912,20.0,20,87.10297393798828,nnknn,500,14667,35245,6644,12399,8023,22846,153,268,0.5992773333333333,0.5992773333333333,True,"[0.0, 1.0]","[0.29963865876197815, 0.7003613710403442]","[230, 270]",0.0,0.0029646323528140783,0.018746325746178627
31654,913,17.0,17,,nnknn,500,14667,35245,6644,12399,8023,22846,153,268,0.599062,0.599062,True,"[1.0, 0.0]","[0.7004690170288086, 0.2995310127735138]","[230, 270]",0.0,0.0029646323528140783,0.018746325746178627
31711,914,57.0,57,,nnknn,500,14667,35245,6644,12399,8023,22846,153,268,0.59834,0.59834,True,"[0.0, 1.0]","[0.29916998744010925, 0.7008299827575684]","[230, 270]",0.0,0.0029646323528140783,0.018746325746178627
31727,915,16.0,16,,nnknn,500,14667,35245,6644,12399,8023,22846,153,268,0.5981373333333333,0.5981373333333333,True,"[0.0, 1.0]","[0.2990686595439911, 0.7009313106536865]","[230, 270]",0.0,0.0029646323528140783,0.018746325746178627
31771,916,44.0,44,53.38694381713867,nnknn,500,14702,35400,6659,12448,8043,22952,159,276,0.59758,0.59758,True,"[0.7936630845069885, 0.20633694529533386]","[0.6181758642196655, 0.3818241357803345]","[227, 273]",0.0,0.0029654083773493767,0.01853206381201744
31789,917,18.0,18,,nnknn,500,14702,35400,6659,12448,8043,22952,159,276,0.597352,0.597352,True,"[0.0, 1.0]","[0.2986760139465332, 0.7013239860534668]","[227, 273]",0.0,0.0029654083773493767,0.01853206381201744
31949,918,160.0,160,,nnknn,500,14702,35400,6659,12448,8043,22952,159,276,0.5953253333333333,0.5953253333333333,True,"[0.11032617092132568, 0.8896738290786743]","[0.3423088788986206, 0.6576911211013794]","[227, 273]",0.0,0.0029654083773493767,0.01853206381201744
31989,919,40.0,40,,nnknn,500,14702,35400,6659,12448,8043,22952,159,276,0.5948186666666666,0.5948186666666666,True,"[0.0, 1.0]","[0.297409325838089, 0.7025907039642334]","[227, 273]",0.0,0.0029654083773493767,0.01853206381201744
32114,920,125.0,125,104.53720092773438,nnknn,464,15060,35706,6984,12448,8076,23258,162,280,0.5932353333333333,0.5932353333333333,True,"[0.11392196267843246, 0.8860780596733093]","[0.342957079410553, 0.657042920589447]","[209, 255]",0.000461465708212927,0.003237307770177722,0.019031770527362823
32190,921,76.0,76,,nnknn,464,15060,35706,6984,12448,8076,23258,162,280,0.5922726666666667,0.5922726666666667,True,"[0.0, 1.0]","[0.2961363196372986, 0.7038636803627014]","[209, 255]",0.000461465708212927,0.003237307770177722,0.019031770527362823
32222,922,32.0,32,,nnknn,464,15060,35706,6984,12448,8076,23258,162,280,0.5918673333333333,0.5918673333333333,True,"[0.7866740226745605, 0.21332596242427826]","[0.6170010566711426, 0.3829989433288574]","[209, 255]",0.000461465708212927,0.003237307770177722,0.019031770527362823
32338,923,116.0,116,,nnknn,464,15060,35706,6984,12448,8076,23258,162,280,0.590398,0.590398,True,"[0.8938295841217041, 0.1061704233288765]","[0.6613134145736694, 0.33868661522865295]","[209, 255]",0.000461465708212927,0.003237307770177722,0.019031770527362823
32387,924,49.0,49,85.6502914428711,nnknn,500,15082,36101,6989,12601,8093,23500,165,294,0.5897773333333334,0.5897773333333334,True,"[0.7820097804069519, 0.21799024939537048]","[0.6156867742538452, 0.3843132257461548]","[230, 270]",0.0,0.0030005821026861668,0.018534213304519653
32419,925,32.0,32,,nnknn,500,15082,36101,6989,12601,8093,23500,165,294,0.589372,0.589372,True,"[0.0, 1.0]","[0.2946859896183014, 0.705314040184021]","[230, 270]",0.0,0.0030005821026861668,0.018534213304519653
32445,926,26.0,26,,nnknn,500,15082,36101,6989,12601,8093,23500,165,294,0.5890426666666666,0.5890426666666666,True,"[0.0, 1.0]","[0.2945213317871094, 0.7054786682128906]","[230, 270]",0.0,0.0030005821026861668,0.018534213304519653
32555,927,110.0,110,,nnknn,500,15082,36101,6989,12601,8093,23500,165,294,0.5876493333333332,0.5876493333333332,True,"[1.0, 0.0]","[0.7061753273010254, 0.2938246726989746]","[230, 270]",0.0,0.0030005821026861668,0.018534213304519653
32578,928,23.0,23,83.96150207519531,nnknn,500,15137,36338,7010,12694,8127,23644,171,307,0.587358,0.587358,True,"[1.0, 0.0]","[0.7063210010528564, 0.29367899894714355]","[229, 271]",0.0,0.002994868438690901,0.018034273758530617
32635,929,57.0,57,,nnknn,500,15137,36338,7010,12694,8127,23644,171,307,0.5866359999999999,0.5866359999999999,True,"[0.0, 1.0]","[0.2933180034160614, 0.7066819667816162]","[229, 271]",0.0,0.002994868438690901,0.018034273758530617
32755,930,120.0,120,,nnknn,500,15137,36338,7010,12694,8127,23644,171,307,0.585116,0.585116,True,"[0.8441445827484131, 0.1558554619550705]","[0.642780065536499, 0.357219934463501]","[229, 271]",0.0,0.002994868438690901,0.018034273758530617
32778,931,23.0,23,,nnknn,500,15137,36338,7010,12694,8127,23644,171,307,0.5848246666666667,0.5848246666666667,True,"[1.0, 0.0]","[0.7075876593589783, 0.29241234064102173]","[229, 271]",0.0,0.002994868438690901,0.018034273758530617
32833,932,55.0,55,77.29654693603516,nnknn,500,15160,36729,7013,12864,8147,23865,177,321,0.584128,0.584128,True,"[1.0, 0.0]","[0.7079359889030457, 0.29206401109695435]","[234, 266]",0.0,0.003007049672305584,0.01828778348863125
32919,933,86.0,86,,nnknn,500,15160,36729,7013,12864,8147,23865,177,321,0.5830386666666667,0.5830386666666667,True,"[0.0, 1.0]","[0.2915193438529968, 0.7084806561470032]","[234, 266]",0.0,0.003007049672305584,0.01828778348863125
32955,934,36.0,36,,nnknn,500,15160,36729,7013,12864,8147,23865,177,321,0.5825826666666667,0.5825826666666667,True,"[0.9019119143486023, 0.09808812290430069]","[0.6677650213241577, 0.3322350084781647]","[234, 266]",0.0,0.003007049672305584,0.01828778348863125
32985,935,30.0,30,,nnknn,500,15160,36729,7013,12864,8147,23865,177,321,0.5822026666666666,0.5822026666666666,True,"[0.8039932250976562, 0.19600677490234375]","[0.6270075440406799, 0.37299245595932007]","[234, 266]",0.0,0.003007049672305584,0.01828778348863125
33068,936,83.0,83,70.05570220947266,nnknn,500,15235,37040,7035,13001,8200,24039,181,329,0.5811513333333334,0.5811513333333334,True,"[0.0, 1.0]","[0.29057565331459045, 0.7094243764877319]","[241, 259]",0.0,0.0030269259586930275,0.01878773234784603
33104,937,36.0,36,,nnknn,500,15235,37040,7035,13001,8200,24039,181,329,0.5806953333333333,0.5806953333333333,True,"[0.0, 1.0]","[0.2903476655483246, 0.709652304649353]","[241, 259]",0.0,0.0030269259586930275,0.01878773234784603
33204,938,100.0,100,,nnknn,500,15235,37040,7035,13001,8200,24039,181,329,0.5794286666666666,0.5794286666666666,True,"[0.0, 1.0]","[0.28971433639526367, 0.7102856636047363]","[241, 259]",0.0,0.0030269259586930275,0.01878773234784603
33275,939,71.0,71,,nnknn,500,15235,37040,7035,13001,8200,24039,181,329,0.5785293333333333,0.5785293333333333,True,"[0.9013179540634155, 0.09868208318948746]","[0.6691437363624573, 0.3308562636375427]","[241, 259]",0.0,0.0030269259586930275,0.01878773234784603
33336,940,61.0,61,78.05316162109375,nnknn,500,15297,37427,7053,13178,8244,24249,185,343,0.5777566666666667,0.5777566666666667,True,"[0.8992229700088501, 0.10077700763940811]","[0.6685692071914673, 0.33143073320388794]","[230, 270]",0.0,0.003031561616808176,0.019287480041384697
33380,941,44.0,44,,nnknn,500,15297,37427,7053,13178,8244,24249,185,343,0.5771993333333334,0.5771993333333334,True,"[0.0, 1.0]","[0.2885996699333191, 0.7114003300666809]","[230, 270]",0.0,0.003031561616808176,0.019287480041384697
33501,942,121.0,121,,nnknn,500,15297,37427,7053,13178,8244,24249,185,343,0.5756666666666667,0.5756666666666667,True,"[0.19503459334373474, 0.8049653768539429]","[0.37059301137924194, 0.6294069886207581]","[230, 270]",0.0,0.003031561616808176,0.019287480041384697
33654,943,153.0,153,,nnknn,500,15297,37427,7053,13178,8244,24249,185,343,0.5737286666666667,0.5737286666666667,True,"[0.08784692734479904, 0.9121530652046204]","[0.32431095838546753, 0.6756890416145325]","[230, 270]",0.0,0.003031561616808176,0.019287480041384697
33705,944,51.0,51,87.98539733886719,nnknn,493,15624,37762,7353,13178,8271,24584,191,350,0.5730826666666666,0.5730826666666666,True,"[0.0, 1.0]","[0.2865413427352905, 0.7134586572647095]","[232, 261]",0.0,0.0030879497062414885,0.019787339493632317
33833,945,128.0,128,,nnknn,493,15624,37762,7353,13178,8271,24584,191,350,0.5714613333333334,0.5714613333333334,True,"[0.0, 1.0]","[0.28573065996170044, 0.7142693400382996]","[232, 261]",0.0,0.0030879497062414885,0.019787339493632317
33910,946,77.0,77,,nnknn,493,15624,37762,7353,13178,8271,24584,191,350,0.570486,0.570486,True,"[1.0, 0.0]","[0.714756965637207, 0.2852430045604706]","[232, 261]",0.0,0.0030879497062414885,0.019787339493632317
33954,947,44.0,44,,nnknn,493,15624,37762,7353,13178,8271,24584,191,350,0.5699286666666666,0.5699286666666666,True,"[0.0, 1.0]","[0.28496432304382324, 0.7150356769561768]","[232, 261]",0.0,0.0030879497062414885,0.019787339493632317
34039,948,85.0,85,78.71968841552734,nnknn,452,16248,37762,7652,13178,8596,24584,204,400,0.5688519999999999,0.5688519999999999,True,"[0.7136072516441345, 0.28639277815818787]","[0.5920963287353516, 0.40790367126464844]","[203, 249]",0.0004898509359918535,0.0033412284683436155,0.02028731442987919
34098,949,59.0,59,,nnknn,452,16248,37762,7652,13178,8596,24584,204,400,0.5681046666666667,0.5681046666666667,True,"[1.0, 0.0]","[0.7159476280212402, 0.2840523421764374]","[203, 249]",0.0004898509359918535,0.0033412284683436155,0.02028731442987919
34278,950,180.0,180,,nnknn,452,16248,37762,7652,13178,8596,24584,204,400,0.5658246666666666,0.5658246666666666,True,"[0.801852822303772, 0.19814720749855042]","[0.6310570240020752, 0.3689429759979248]","[203, 249]",0.0004898509359918535,0.0033412284683436155,0.02028731442987919
34362,951,84.0,84,,nnknn,452,16248,37762,7652,13178,8596,24584,204,400,0.5647606666666667,0.5647606666666667,True,"[0.0, 1.0]","[0.2823803424835205, 0.7176196575164795]","[203, 249]",0.0004898509359918535,0.0033412284683436155,0.02028731442987919
34426,952,64.0,64,106.99053192138672,nnknn,500,16259,38348,7654,13432,8605,24916,207,405,0.56395,0.56395,True,"[1.0, 0.0]","[0.7180249691009521, 0.28197500109672546]","[228, 272]",0.0,0.003009907901287079,0.020787164568901062
34557,953,131.0,131,,nnknn,500,16259,38348,7654,13432,8605,24916,207,405,0.5622906666666667,0.5622906666666667,True,"[1.0, 0.0]","[0.7188546657562256, 0.2811453342437744]","[228, 272]",0.0,0.003009907901287079,0.020787164568901062
34603,954,46.0,46,,nnknn,500,16259,38348,7654,13432,8605,24916,207,405,0.561708,0.561708,True,"[1.0, 0.0]","[0.7191460132598877, 0.2808539867401123]","[228, 272]",0.0,0.003009907901287079,0.020787164568901062
34682,955,79.0,79,,nnknn,500,16259,38348,7654,13432,8605,24916,207,405,0.5607073333333333,0.5607073333333333,True,"[0.4093512296676636, 0.5906488299369812]","[0.4601786732673645, 0.5398213863372803]","[228, 272]",0.0,0.003009907901287079,0.020787164568901062
34713,956,31.0,31,85.59532928466797,nnknn,500,16322,38736,7692,13594,8630,25142,217,441,0.5603146666666667,0.5603146666666667,True,"[0.6697876453399658, 0.3302123248577118]","[0.574653148651123, 0.42534685134887695]","[233, 267]",0.0,0.00305432197637856,0.021287154406309128
34789,957,76.0,76,,nnknn,500,16322,38736,7692,13594,8630,25142,217,441,0.5593520000000001,0.5593520000000001,True,"[0.32362496852874756, 0.6763750314712524]","[0.4222806990146637, 0.5777193307876587]","[233, 267]",0.0,0.00305432197637856,0.021287154406309128
34833,958,44.0,44,,nnknn,500,16322,38736,7692,13594,8630,25142,217,441,0.5587946666666667,0.5587946666666667,True,"[0.8046833872795105, 0.19531658291816711]","[0.6344279050827026, 0.365572065114975]","[233, 267]",0.0,0.00305432197637856,0.021287154406309128
35045,959,212.0,212,,nnknn,500,16322,38736,7692,13594,8630,25142,217,441,0.5561093333333333,0.5561093333333333,True,"[0.6784824728965759, 0.3215175271034241]","[0.5792267322540283, 0.42077329754829407]","[233, 267]",0.0,0.00305432197637856,0.021287154406309128
35157,960,112.0,112,96.88936614990234,nnknn,500,16386,39478,7723,13930,8663,25548,221,446,0.5546906666666667,0.5546906666666667,True,"[0.0, 1.0]","[0.27734532952308655, 0.7226547002792358]","[223, 277]",0.0,0.0030818339437246323,0.02178126573562622
35224,961,67.0,67,,nnknn,500,16386,39478,7723,13930,8663,25548,221,446,0.553842,0.553842,True,"[0.8007921576499939, 0.1992078572511673]","[0.6342008113861084, 0.3657991886138916]","[223, 277]",0.0,0.0030818339437246323,0.02178126573562622
35286,962,62.0,62,,nnknn,500,16386,39478,7723,13930,8663,25548,221,446,0.5530566666666666,0.5530566666666666,True,"[0.0, 1.0]","[0.27652832865715027, 0.7234716415405273]","[223, 277]",0.0,0.0030818339437246323,0.02178126573562622
35355,963,69.0,69,,nnknn,500,16386,39478,7723,13930,8663,25548,221,446,0.5521826666666667,0.5521826666666667,True,"[0.19736912846565247, 0.8026309013366699]","[0.36447665095329285, 0.6355233192443848]","[223, 277]",0.0,0.0030818339437246323,0.02178126573562622
35400,964,45.0,45,72.54188537597656,nnknn,500,16444,39817,7741,14076,8703,25741,225,456,0.5516126666666666,0.5516126666666666,True,"[0.0, 1.0]","[0.27580633759498596, 0.7241936922073364]","[227, 273]",0.0,0.003084820229560137,0.021281305700540543
35468,965,68.0,68,,nnknn,500,16444,39817,7741,14076,8703,25741,225,456,0.5507513333333334,0.5507513333333334,True,"[0.10347086191177368, 0.8965291380882263]","[0.32185980677604675, 0.6781401634216309]","[227, 273]",0.0,0.003084820229560137,0.021281305700540543
35574,966,106.0,106,,nnknn,500,16444,39817,7741,14076,8703,25741,225,456,0.5494086666666667,0.5494086666666667,True,"[0.7046006917953491, 0.2953993082046509]","[0.5921913385391235, 0.40780872106552124]","[227, 273]",0.0,0.003084820229560137,0.021281305700540543
35634,967,60.0,60,,nnknn,500,16444,39817,7741,14076,8703,25741,225,456,0.5486486666666667,0.5486486666666667,True,"[1.0, 0.0]","[0.7256757020950317, 0.27432432770729065]","[227, 273]",0.0,0.003084820229560137,0.021281305700540543
35697,968,63.0,63,62.59511184692383,nnknn,481,16729,40072,7991,14076,8738,25996,229,463,0.5478506666666667,0.5478506666666667,True,"[1.0, 0.0]","[0.7260746955871582, 0.2739253342151642]","[218, 263]",0.0,0.0031932787969708443,0.020781340077519417
35754,969,57.0,57,,nnknn,481,16729,40072,7991,14076,8738,25996,229,463,0.5471286666666666,0.5471286666666666,True,"[0.8059242367744446, 0.1940757781267166]","[0.6385443210601807, 0.36145567893981934]","[218, 263]",0.0,0.0031932787969708443,0.020781340077519417
35794,970,40.0,40,,nnknn,481,16729,40072,7991,14076,8738,25996,229,463,0.5466219999999999,0.5466219999999999,True,"[0.7956870198249817, 0.2043129801750183]","[0.6340579986572266, 0.36594200134277344]","[218, 263]",0.0,0.0031932787969708443,0.020781340077519417
35869,971,75.0,75,,nnknn,481,16729,40072,7991,14076,8738,25996,229,463,0.5456719999999999,0.5456719999999999,True,"[0.0, 1.0]","[0.27283599972724915, 0.7271640300750732]","[218, 263]",0.0,0.0031932787969708443,0.020781340077519417
36049,972,180.0,180,92.41340637207031,nnknn,500,17114,40316,8001,14320,9113,25996,237,478,0.543392,0.543392,True,"[0.8148680925369263, 0.1851319670677185]","[0.6437712907791138, 0.3562287390232086]","[234, 266]",0.0,0.0030634852591902018,0.020281482487916946
36142,973,93.0,93,,nnknn,500,17114,40316,8001,14320,9113,25996,237,478,0.542214,0.542214,True,"[0.11455107480287552, 0.8854489326477051]","[0.3235468566417694, 0.6764531135559082]","[234, 266]",0.0,0.0030634852591902018,0.020281482487916946
36230,974,88.0,88,,nnknn,500,17114,40316,8001,14320,9113,25996,237,478,0.5410993333333334,0.5410993333333334,True,"[0.0, 1.0]","[0.2705496549606323, 0.7294503450393677]","[234, 266]",0.0,0.0030634852591902018,0.020281482487916946
36293,975,63.0,63,,nnknn,500,17114,40316,8001,14320,9113,25996,237,478,0.5403013333333333,0.5403013333333333,True,"[0.0, 1.0]","[0.27015066146850586, 0.7298493385314941]","[234, 266]",0.0,0.0030634852591902018,0.020281482487916946
36365,976,72.0,72,70.82646179199219,nnknn,500,17129,40792,8012,14537,9117,26255,244,493,0.5393893333333333,0.5393893333333333,True,"[0.8019510507583618, 0.19804894924163818]","[0.6390818953514099, 0.3609181046485901]","[230, 270]",0.0,0.0030812763143330812,0.019781529903411865
36457,977,92.0,92,,nnknn,500,17129,40792,8012,14537,9117,26255,244,493,0.538224,0.538224,True,"[0.0, 1.0]","[0.2691119909286499, 0.7308880090713501]","[230, 270]",0.0,0.0030812763143330812,0.019781529903411865
36631,978,174.0,174,,nnknn,500,17129,40792,8012,14537,9117,26255,244,493,0.5360199999999999,0.5360199999999999,True,"[0.6980569362640381, 0.3019430935382843]","[0.5918944478034973, 0.4081055521965027]","[230, 270]",0.0,0.0030812763143330812,0.019781529903411865
36835,979,204.0,204,,nnknn,500,17129,40792,8012,14537,9117,26255,244,493,0.533436,0.533436,True,"[0.0940822884440422, 0.9059177041053772]","[0.31061339378356934, 0.6893866062164307]","[230, 270]",0.0,0.0030812763143330812,0.019781529903411865
36943,980,108.0,108,88.7159652709961,nnknn,500,17176,41745,8033,15025,9143,26720,254,580,0.532068,0.532068,True,"[0.6279831528663635, 0.37201687693595886]","[0.5598874092102051, 0.4401125907897949]","[233, 267]",0.0,0.0031253783963620663,0.020281486213207245
37160,981,217.0,217,,nnknn,500,17176,41745,8033,15025,9143,26720,254,580,0.5293193333333333,0.5293193333333333,True,"[0.1900773048400879, 0.8099226951599121]","[0.35412538051605225, 0.6458746194839478]","[233, 267]",0.0,0.0031253783963620663,0.020281486213207245
37323,982,163.0,163,,nnknn,500,17176,41745,8033,15025,9143,26720,254,580,0.5272546666666666,0.5272546666666666,True,"[0.9003032445907593, 0.09969674795866013]","[0.6892415285110474, 0.310758501291275]","[233, 267]",0.0,0.0031253783963620663,0.020281486213207245
37430,983,107.0,107,,nnknn,500,17176,41745,8033,15025,9143,26720,254,580,0.5258993333333333,0.5258993333333333,True,"[0.7493640184402466, 0.2506360113620758]","[0.6182236671447754, 0.381776362657547]","[233, 267]",0.0,0.0031253783963620663,0.020281486213207245
37545,984,115.0,115,101.40663146972656,nnknn,500,17233,42792,8060,15532,9173,27260,261,612,0.5244426666666666,0.5244426666666666,True,"[0.08212041109800339, 0.917879581451416]","[0.30127429962158203, 0.698725700378418]","[240, 260]",0.0,0.0031638694927096367,0.019781779497861862
37773,985,228.0,228,,nnknn,500,17233,42792,8060,15532,9173,27260,261,612,0.5215546666666666,0.5215546666666666,True,"[0.0, 1.0]","[0.2607773244380951, 0.7392226457595825]","[240, 260]",0.0,0.0031638694927096367,0.019781779497861862
37874,986,101.0,101,,nnknn,500,17233,42792,8060,15532,9173,27260,261,612,0.5202753333333333,0.5202753333333333,True,"[0.9093967080116272, 0.0906033143401146]","[0.6963976621627808, 0.30360230803489685]","[240, 260]",0.0,0.0031638694927096367,0.019781779497861862
37891,987,17.0,17,,nnknn,500,17233,42792,8060,15532,9173,27260,261,612,0.52006,0.52006,True,"[1.0, 0.0]","[0.7399699687957764, 0.26003000140190125]","[240, 260]",0.0,0.0031638694927096367,0.019781779497861862
37942,988,51.0,51,130.31588745117188,nnknn,500,17278,43464,8078,15839,9200,27625,266,617,0.519414,0.519414,True,"[0.9103022813796997, 0.08969777822494507]","[0.6971855163574219, 0.3028144836425781]","[242, 258]",0.0,0.003178767394274473,0.0202817190438509
38055,989,113.0,113,,nnknn,500,17278,43464,8078,15839,9200,27625,266,617,0.5179826666666667,0.5179826666666667,True,"[0.4080035984516144, 0.591996431350708]","[0.45565614104270935, 0.544343888759613]","[242, 258]",0.0,0.003178767394274473,0.0202817190438509
38118,990,63.0,63,,nnknn,500,17278,43464,8078,15839,9200,27625,266,617,0.5171846666666666,0.5171846666666666,True,"[0.0, 1.0]","[0.2585923373699188, 0.7414076328277588]","[242, 258]",0.0,0.003178767394274473,0.0202817190438509
38141,991,23.0,23,,nnknn,500,17278,43464,8078,15839,9200,27625,266,617,0.5168933333333333,0.5168933333333333,True,"[0.0, 1.0]","[0.25844666361808777, 0.7415533065795898]","[242, 258]",0.0,0.003178767394274473,0.0202817190438509
38197,992,56.0,56,90.03691864013672,nnknn,500,17298,43876,8085,16014,9213,27862,269,622,0.516184,0.516184,True,"[1.0, 0.0]","[0.7419080138206482, 0.2580919861793518]","[242, 258]",0.0,0.003187950700521469,0.02078152261674404
38271,993,74.0,74,,nnknn,500,17298,43876,8085,16014,9213,27862,269,622,0.5152466666666666,0.5152466666666666,True,"[1.0, 0.0]","[0.7423766851425171, 0.2576233446598053]","[242, 258]",0.0,0.003187950700521469,0.02078152261674404
38302,994,31.0,31,,nnknn,500,17298,43876,8085,16014,9213,27862,269,622,0.5148539999999999,0.5148539999999999,True,"[1.0, 0.0]","[0.7425730228424072, 0.25742700695991516]","[242, 258]",0.0,0.003187950700521469,0.02078152261674404
38362,995,60.0,60,,nnknn,500,17298,43876,8085,16014,9213,27862,269,622,0.514094,0.514094,True,"[1.0, 0.0]","[0.7429530024528503, 0.25704699754714966]","[242, 258]",0.0,0.003187950700521469,0.02078152261674404
38507,996,145.0,145,69.53736114501953,nnknn,476,17823,43876,8335,16014,9488,27862,275,659,0.5122573333333333,0.5122573333333333,True,"[0.0, 1.0]","[0.2561286687850952, 0.7438713312149048]","[226, 250]",0.0,0.0033639275934547186,0.021281413733959198
38630,997,123.0,123,,nnknn,476,17823,43876,8335,16014,9488,27862,275,659,0.5106993333333334,0.5106993333333334,True,"[1.0, 0.0]","[0.7446503639221191, 0.25534966588020325]","[226, 250]",0.0,0.0033639275934547186,0.021281413733959198
38687,998,57.0,57,,nnknn,476,17823,43876,8335,16014,9488,27862,275,659,0.5099773333333333,0.5099773333333333,True,"[0.0, 1.0]","[0.2549886703491211, 0.7450113296508789]","[226, 250]",0.0,0.0033639275934547186,0.021281413733959198
38754,999,67.0,67,,nnknn,476,17823,43876,8335,16014,9488,27862,275,659,0.5091286666666667,0.5091286666666667,True,"[0.0, 1.0]","[0.2545643448829651, 0.7454356551170349]","[226, 250]",0.0,0.0033639275934547186,0.021281413733959198
38972,1000,218.0,218,81.60481262207031,nnknn,500,17844,44635,8340,16375,9504,28260,291,708,0.5063673333333334,0.5063673333333334,True,"[0.0, 1.0]","[0.25318366289138794, 0.7468163371086121]","[241, 259]",0.0,0.003185088047757745,0.0207816194742918
39058,1001,86.0,86,,nnknn,500,17844,44635,8340,16375,9504,28260,291,708,0.505278,0.505278,True,"[0.16211697459220886, 0.8378829956054688]","[0.33284181356430054, 0.6671581268310547]","[241, 259]",0.0,0.003185088047757745,0.0207816194742918
39142,1002,84.0,84,,nnknn,500,17844,44635,8340,16375,9504,28260,291,708,0.5042139999999999,0.5042139999999999,True,"[1.0, 0.0]","[0.7478929758071899, 0.25210699439048767]","[241, 259]",0.0,0.003185088047757745,0.0207816194742918
39318,1003,176.0,176,,nnknn,500,17844,44635,8340,16375,9504,28260,291,708,0.5019846666666666,0.5019846666666666,True,"[0.3881566524505615, 0.6118433475494385]","[0.4443002939224243, 0.5556997060775757]","[241, 259]",0.0,0.003185088047757745,0.0207816194742918
39405,1004,87.0,87,88.1295394897461,nnknn,500,17905,45345,8367,16701,9538,28644,300,723,0.5008826666666666,0.5008826666666666,True,"[0.0, 1.0]","[0.2504413425922394, 0.749558687210083]","[230, 270]",0.0,0.003227580338716507,0.021281586959958076
39474,1005,69.0,69,,nnknn,500,17905,45345,8367,16701,9538,28644,300,723,0.5000086666666667,0.5000086666666667,True,"[0.7945986986160278, 0.20540131628513336]","[0.6472967863082886, 0.3527032136917114]","[230, 270]",0.0,0.003227580338716507,0.021281586959958076
39702,1006,228.0,228,,nnknn,500,17905,45345,8367,16701,9538,28644,300,723,0.49712066666666666,0.49712066666666666,True,"[1.0, 0.0]","[0.7514396905899048, 0.2485603392124176]","[230, 270]",0.0,0.003227580338716507,0.021281586959958076
39889,1007,187.0,187,,nnknn,500,17905,45345,8367,16701,9538,28644,300,723,0.49475199999999997,0.49475199999999997,True,"[0.8014249801635742, 0.1985749900341034]","[0.652294397354126, 0.347705602645874]","[230, 270]",0.0,0.003227580338716507,0.021281586959958076
39928,1008,39.0,39,111.4603500366211,nnknn,500,17973,46231,8393,17117,9580,29114,303,734,0.494258,0.494258,True,"[1.0, 0.0]","[0.752871036529541, 0.24712899327278137]","[234, 266]",0.0,0.0032795649021863937,0.02178146317601204
40101,1009,173.0,173,,nnknn,500,17973,46231,8393,17117,9580,29114,303,734,0.49206666666666665,0.49206666666666665,True,"[1.0, 0.0]","[0.7539666891098022, 0.24603334069252014]","[234, 266]",0.0,0.0032795649021863937,0.02178146317601204
40346,1010,245.0,245,,nnknn,500,17973,46231,8393,17117,9580,29114,303,734,0.4889633333333333,0.4889633333333333,True,"[0.7245258092880249, 0.2754741609096527]","[0.6147409081459045, 0.38525906205177307]","[234, 266]",0.0,0.0032795649021863937,0.02178146317601204
40457,1011,111.0,111,,nnknn,500,17973,46231,8393,17117,9580,29114,303,734,0.4875573333333333,0.4875573333333333,True,"[0.0, 1.0]","[0.24377866089344025, 0.756221354007721]","[234, 266]",0.0,0.0032795649021863937,0.02178146317601204
40699,1012,242.0,242,108.56443786621094,nnknn,500,18022,47635,8407,17796,9615,29839,308,745,0.48449200000000003,0.48449200000000003,True,"[0.9181645512580872, 0.08183547854423523]","[0.7155671715736389, 0.28443285822868347]","[233, 267]",0.0,0.0032872220035642385,0.022281410172581673
40841,1013,142.0,142,,nnknn,500,18022,47635,8407,17796,9615,29839,308,745,0.4826933333333333,0.4826933333333333,True,"[1.0, 0.0]","[0.7586533427238464, 0.24134667217731476]","[233, 267]",0.0,0.0032872220035642385,0.022281410172581673
40977,1014,136.0,136,,nnknn,500,18022,47635,8407,17796,9615,29839,308,745,0.48097066666666666,0.48097066666666666,True,"[0.0, 1.0]","[0.24048534035682678, 0.7595146894454956]","[233, 267]",0.0,0.0032872220035642385,0.022281410172581673
41045,1015,68.0,68,,nnknn,500,18022,47635,8407,17796,9615,29839,308,745,0.4801093333333333,0.4801093333333333,True,"[0.3441978096961975, 0.6558022499084473]","[0.41899991035461426, 0.5810001492500305]","[233, 267]",0.0,0.0032872220035642385,0.022281410172581673
41104,1016,59.0,59,79.04484558105469,nnknn,455,18414,48000,8781,17796,9633,30204,313,767,0.47936199999999995,0.47936199999999995,True,"[1.0, 0.0]","[0.7603189945220947, 0.23968100547790527]","[220, 235]",0.0004888857947662473,0.003619916271418333,0.02278105542063713
41214,1017,110.0,110,,nnknn,455,18414,48000,8781,17796,9633,30204,313,767,0.4779686666666667,0.4779686666666667,True,"[0.0, 1.0]","[0.23898433148860931, 0.7610156536102295]","[220, 235]",0.0004888857947662473,0.003619916271418333,0.02278105542063713
41265,1018,51.0,51,,nnknn,455,18414,48000,8781,17796,9633,30204,313,767,0.4773226666666667,0.4773226666666667,True,"[1.0, 0.0]","[0.7613386511802673, 0.23866133391857147]","[220, 235]",0.0004888857947662473,0.003619916271418333,0.02278105542063713
41393,1019,128.0,128,,nnknn,455,18414,48000,8781,17796,9633,30204,313,767,0.4757013333333333,0.4757013333333333,True,"[0.0, 1.0]","[0.23785066604614258, 0.7621493339538574]","[220, 235]",0.0004888857947662473,0.003619916271418333,0.02278105542063713
41482,1020,89.0,89,91.22686004638672,nnknn,500,18426,48580,8786,18041,9640,30539,322,803,0.47457399999999994,0.47457399999999994,True,"[1.0, 0.0]","[0.7627130150794983, 0.2372869998216629]","[241, 259]",0.0,0.003294213442131877,0.023281041532754898
41619,1021,137.0,137,,nnknn,500,18426,48580,8786,18041,9640,30539,322,803,0.47283866666666663,0.47283866666666663,True,"[0.8951400518417358, 0.10485996305942535]","[0.7083025574684143, 0.2916974425315857]","[241, 259]",0.0,0.003294213442131877,0.023281041532754898
41862,1022,243.0,243,,nnknn,500,18426,48580,8786,18041,9640,30539,322,803,0.4697606666666667,0.4697606666666667,True,"[0.0, 1.0]","[0.23488032817840576, 0.7651196718215942]","[241, 259]",0.0,0.003294213442131877,0.023281041532754898
41906,1023,44.0,44,,nnknn,500,18426,48580,8786,18041,9640,30539,322,803,0.4692033333333333,0.4692033333333333,True,"[1.0, 0.0]","[0.7653983235359192, 0.23460166156291962]","[241, 259]",0.0,0.003294213442131877,0.023281041532754898
42118,1024,212.0,212,117.52643585205078,nnknn,500,18490,49686,8812,18563,9678,31123,329,817,0.466518,0.466518,True,"[0.09488280862569809, 0.9051172137260437]","[0.28387728333473206, 0.7161226868629456]","[241, 259]",0.0,0.003286362625658512,0.023780960589647293
42272,1025,154.0,154,,nnknn,500,18490,49686,8812,18563,9678,31123,329,817,0.46456733333333333,0.46456733333333333,True,"[0.7019851207733154, 0.29801493883132935]","[0.6081494688987732, 0.3918505907058716]","[241, 259]",0.0,0.003286362625658512,0.023780960589647293
42449,1026,177.0,177,,nnknn,500,18490,49686,8812,18563,9678,31123,329,817,0.46232533333333337,0.46232533333333337,True,"[0.10109440237283707, 0.8989056348800659]","[0.2855185568332672, 0.7144814729690552]","[241, 259]",0.0,0.003286362625658512,0.023780960589647293
42545,1027,96.0,96,,nnknn,500,18490,49686,8812,18563,9678,31123,329,817,0.46110933333333337,0.46110933333333337,True,"[0.19374996423721313, 0.8062500953674316]","[0.33496472239494324, 0.6650353074073792]","[241, 259]",0.0,0.003286362625658512,0.023780960589647293
42627,1028,82.0,82,84.74221801757812,nnknn,480,18987,50109,9262,18563,9725,31546,337,856,0.46007066666666663,0.46007066666666663,True,"[0.18629619479179382, 0.8137038350105286]","[0.3306221067905426, 0.6693779230117798]","[232, 248]",0.0,0.0033942675217986107,0.023281117901206017
42729,1029,102.0,102,,nnknn,480,18987,50109,9262,18563,9725,31546,337,856,0.45877866666666667,0.45877866666666667,True,"[0.0, 1.0]","[0.22938933968544006, 0.7706106901168823]","[232, 248]",0.0,0.0033942675217986107,0.023281117901206017
42790,1030,61.0,61,,nnknn,480,18987,50109,9262,18563,9725,31546,337,856,0.458006,0.458006,True,"[0.0, 1.0]","[0.22900299727916718, 0.7709969878196716]","[232, 248]",0.0,0.0033942675217986107,0.023281117901206017
42850,1031,60.0,60,,nnknn,480,18987,50109,9262,18563,9725,31546,337,856,0.45724600000000004,0.45724600000000004,True,"[0.4936450719833374, 0.5063549280166626]","[0.4965508282184601, 0.5034492015838623]","[232, 248]",0.0,0.0033942675217986107,0.023281117901206017
42972,1032,122.0,122,65.51579284667969,nnknn,500,19003,50679,9272,18801,9731,31878,341,863,0.45570066666666664,0.45570066666666664,True,"[0.0, 1.0]","[0.22785033285617828, 0.7721496820449829]","[235, 265]",0.0,0.003213096410036087,0.02378087118268013
43082,1033,110.0,110,,nnknn,500,19003,50679,9272,18801,9731,31878,341,863,0.4543073333333333,0.4543073333333333,True,"[0.0, 1.0]","[0.22715367376804352, 0.7728463411331177]","[235, 265]",0.0,0.003213096410036087,0.02378087118268013
43262,1034,180.0,180,,nnknn,500,19003,50679,9272,18801,9731,31878,341,863,0.45202733333333334,0.45202733333333334,True,"[0.08578291535377502, 0.9142171144485474]","[0.27302035689353943, 0.726979672908783]","[235, 265]",0.0,0.003213096410036087,0.02378087118268013
43295,1035,33.0,33,,nnknn,500,19003,50679,9272,18801,9731,31878,341,863,0.4516093333333333,0.4516093333333333,True,"[0.0, 1.0]","[0.2258046716451645, 0.7741953134536743]","[235, 265]",0.0,0.003213096410036087,0.02378087118268013
43407,1036,112.0,112,77.93089294433594,nnknn,500,19051,51385,9288,19137,9763,32248,351,896,0.45019066666666663,0.45019066666666663,True,"[0.0, 1.0]","[0.22509533166885376, 0.7749046683311462]","[237, 263]",0.0,0.0032084134873002768,0.023281242698431015
43634,1037,227.0,227,,nnknn,500,19051,51385,9288,19137,9763,32248,351,896,0.4473153333333333,0.4473153333333333,True,"[0.9064781069755554, 0.09352186322212219]","[0.7246541976928711, 0.2753457725048065]","[237, 263]",0.0,0.0032084134873002768,0.023281242698431015
43718,1038,84.0,84,,nnknn,500,19051,51385,9288,19137,9763,32248,351,896,0.44625133333333333,0.44625133333333333,True,"[1.0, 0.0]","[0.776874303817749, 0.2231256663799286]","[237, 263]",0.0,0.0032084134873002768,0.023281242698431015
43806,1039,88.0,88,,nnknn,500,19051,51385,9288,19137,9763,32248,351,896,0.4451366666666666,0.4451366666666666,True,"[0.901440441608429, 0.09855958819389343]","[0.7227445840835571, 0.27725544571876526]","[237, 263]",0.0,0.0032084134873002768,0.023281242698431015
43899,1040,93.0,93,94.47956085205078,nnknn,500,19106,52198,9319,19516,9787,32682,358,930,0.4439586666666666,0.4439586666666666,True,"[0.0, 1.0]","[0.22197933495044708, 0.7780206799507141]","[236, 264]",0.0,0.0032351864501833916,0.02278137020766735
43965,1041,66.0,66,,nnknn,500,19106,52198,9319,19516,9787,32682,358,930,0.44312266666666666,0.44312266666666666,True,"[1.0, 0.0]","[0.7784386873245239, 0.22156132757663727]","[236, 264]",0.0,0.0032351864501833916,0.02278137020766735
44183,1042,218.0,218,,nnknn,500,19106,52198,9319,19516,9787,32682,358,930,0.4403613333333334,0.4403613333333334,True,"[0.1837531477212906, 0.8162468671798706]","[0.32301604747772217, 0.6769839525222778]","[236, 264]",0.0,0.0032351864501833916,0.02278137020766735
44270,1043,87.0,87,,nnknn,500,19106,52198,9319,19516,9787,32682,358,930,0.43925933333333333,0.43925933333333333,True,"[0.10408125817775726, 0.8959187269210815]","[0.27799224853515625, 0.7220077514648438]","[236, 264]",0.0,0.0032351864501833916,0.02278137020766735
44365,1044,95.0,95,76.66714477539062,nnknn,500,19172,52983,9346,19886,9826,33097,362,942,0.438056,0.438056,True,"[0.3820556104183197, 0.6179443597793579]","[0.4337218403816223, 0.5662781000137329]","[232, 268]",0.0,0.003261664416640997,0.023281291127204895
44391,1045,26.0,26,,nnknn,500,19172,52983,9346,19886,9826,33097,362,942,0.4377266666666667,0.4377266666666667,True,"[0.0, 1.0]","[0.2188633382320404, 0.7811366319656372]","[232, 268]",0.0,0.003261664416640997,0.023281291127204895
44537,1046,146.0,146,,nnknn,500,19172,52983,9346,19886,9826,33097,362,942,0.43587733333333334,0.43587733333333334,True,"[0.3094247579574585, 0.6905752420425415]","[0.3924921751022339, 0.6075078248977661]","[232, 268]",0.0,0.003261664416640997,0.023281291127204895
44711,1047,174.0,174,,nnknn,500,19172,52983,9346,19886,9826,33097,362,942,0.43367333333333336,0.43367333333333336,True,"[1.0, 0.0]","[0.78316330909729, 0.21683666110038757]","[232, 268]",0.0,0.003261664416640997,0.023281291127204895
44890,1048,179.0,179,93.49542999267578,nnknn,500,19698,53390,9372,20293,10326,33097,374,980,0.43140599999999996,0.43140599999999996,True,"[0.794216513633728, 0.20578348636627197]","[0.6672897338867188, 0.33271023631095886]","[232, 268]",0.0,0.0032754179555922747,0.022781329229474068
45075,1049,185.0,185,,nnknn,500,19698,53390,9372,20293,10326,33097,374,980,0.4290626666666667,0.4290626666666667,True,"[0.10141785442829132, 0.8985821604728699]","[0.2724345624446869, 0.7275654077529907]","[232, 268]",0.0,0.0032754179555922747,0.022781329229474068
45186,1050,111.0,111,,nnknn,500,19698,53390,9372,20293,10326,33097,374,980,0.4276566666666667,0.4276566666666667,True,"[0.8299821615219116, 0.17001783847808838]","[0.6888630986213684, 0.3111369013786316]","[232, 268]",0.0,0.0032754179555922747,0.022781329229474068
45227,1051,41.0,41,,nnknn,500,19698,53390,9372,20293,10326,33097,374,980,0.42713733333333337,0.42713733333333337,True,"[1.0, 0.0]","[0.7864313125610352, 0.21356867253780365]","[232, 268]",0.0,0.0032754179555922747,0.022781329229474068
45367,1052,140.0,140,100.25704956054688,nnknn,500,20177,53742,9402,20645,10775,33097,387,1020,0.42536399999999996,0.42536399999999996,True,"[1.0, 0.0]","[0.7873179912567139, 0.21268199384212494]","[228, 272]",0.0,0.0032661072909832,0.02228138968348503
45613,1053,246.0,246,,nnknn,500,20177,53742,9402,20645,10775,33097,387,1020,0.42224799999999996,0.42224799999999996,True,"[1.0, 0.0]","[0.7888759970664978, 0.2111240029335022]","[228, 272]",0.0,0.0032661072909832,0.02228138968348503
45826,1054,213.0,213,,nnknn,500,20177,53742,9402,20645,10775,33097,387,1020,0.41955,0.41955,True,"[0.8044883012771606, 0.19551169872283936]","[0.6767402291297913, 0.32325977087020874]","[228, 272]",0.0,0.0032661072909832,0.02228138968348503
46166,1055,340.0,340,,nnknn,500,20177,53742,9402,20645,10775,33097,387,1020,0.4152433333333333,0.4152433333333333,True,"[0.5591664910316467, 0.44083350896835327]","[0.5345979928970337, 0.4654020071029663]","[228, 272]",0.0,0.0032661072909832,0.02228138968348503
46369,1056,203.0,203,97.251220703125,nnknn,500,20229,55537,9429,21548,10800,33989,394,1080,0.41267200000000004,0.41267200000000004,True,"[0.0, 1.0]","[0.20633600652217865, 0.7936639785766602]","[233, 267]",0.0,0.0033133747056126595,0.022781098261475563
46575,1057,206.0,206,,nnknn,500,20229,55537,9429,21548,10800,33989,394,1080,0.4100626666666667,0.4100626666666667,True,"[0.8378444910049438, 0.16215550899505615]","[0.6993070840835571, 0.30069291591644287]","[233, 267]",0.0,0.0033133747056126595,0.022781098261475563
46678,1058,103.0,103,,nnknn,500,20229,55537,9429,21548,10800,33989,394,1080,0.40875799999999995,0.40875799999999995,True,"[0.7788476943969727, 0.22115230560302734]","[0.6648664474487305, 0.33513352274894714]","[233, 267]",0.0,0.0033133747056126595,0.022781098261475563
46880,1059,202.0,202,,nnknn,500,20229,55537,9429,21548,10800,33989,394,1080,0.40619933333333336,0.40619933333333336,True,"[0.904121458530426, 0.09587854146957397]","[0.7399675846099854, 0.26003241539001465]","[233, 267]",0.0,0.0033133747056126595,0.022781098261475563
46991,1060,111.0,111,79.5826187133789,nnknn,500,20278,56617,9446,22072,10832,34545,401,1114,0.40479333333333334,0.40479333333333334,True,"[0.8883958458900452, 0.11160419136285782]","[0.7311757802963257, 0.2688242197036743]","[239, 261]",0.0,0.003335037734359503,0.02328060194849968
47141,1061,150.0,150,,nnknn,500,20278,56617,9446,22072,10832,34545,401,1114,0.4028933333333333,0.4028933333333333,True,"[0.0, 1.0]","[0.20144666731357574, 0.7985533475875854]","[239, 261]",0.0,0.003335037734359503,0.02328060194849968
47232,1062,91.0,91,,nnknn,500,20278,56617,9446,22072,10832,34545,401,1114,0.40174066666666663,0.40174066666666663,True,"[0.8946042656898499, 0.10539572685956955]","[0.7360756993293762, 0.2639243006706238]","[239, 261]",0.0,0.003335037734359503,0.02328060194849968
47341,1063,109.0,109,,nnknn,500,20278,56617,9446,22072,10832,34545,401,1114,0.40036000000000005,0.40036000000000005,True,"[0.4089418351650238, 0.5910581350326538]","[0.44539788365364075, 0.5546020865440369]","[239, 261]",0.0,0.003335037734359503,0.02328060194849968
47445,1064,104.0,104,80.6744384765625,nnknn,500,20356,57347,9472,22405,10884,34942,402,1119,0.39904266666666666,0.39904266666666666,True,"[0.9255327582359314, 0.0744672641158104]","[0.7557270526885986, 0.24427297711372375]","[251, 249]",0.0,0.003358352230861783,0.0227806493639946
47666,1065,221.0,221,,nnknn,500,20356,57347,9472,22405,10884,34942,402,1119,0.3962433333333333,0.3962433333333333,True,"[0.5427099466323853, 0.4572901129722595]","[0.5257863998413086, 0.4742136299610138]","[251, 249]",0.0,0.003358352230861783,0.0227806493639946
47838,1066,172.0,172,,nnknn,500,20356,57347,9472,22405,10884,34942,402,1119,0.3940646666666666,0.3940646666666666,True,"[0.26652681827545166, 0.7334731817245483]","[0.35853034257888794, 0.6414696574211121]","[251, 249]",0.0,0.003358352230861783,0.0227806493639946
47952,1067,114.0,114,,nnknn,500,20356,57347,9472,22405,10884,34942,402,1119,0.3926206666666666,0.3926206666666666,True,"[0.0, 1.0]","[0.19631032645702362, 0.8036896586418152]","[251, 249]",0.0,0.003358352230861783,0.0227806493639946
48131,1068,179.0,179,84.14860534667969,nnknn,455,21041,57956,10121,22405,10920,35551,412,1160,0.39035333333333333,0.39035333333333333,True,"[0.0, 1.0]","[0.19517666101455688, 0.8048233389854431]","[225, 230]",0.0004995906492695212,0.003695114515721798,0.023280616849660873
48321,1069,190.0,190,,nnknn,455,21041,57956,10121,22405,10920,35551,412,1160,0.38794666666666666,0.38794666666666666,True,"[0.6702641248703003, 0.3297359049320221]","[0.6042107343673706, 0.3957892954349518]","[225, 230]",0.0004995906492695212,0.003695114515721798,0.023280616849660873
48399,1070,78.0,78,,nnknn,455,21041,57956,10121,22405,10920,35551,412,1160,0.3869586666666667,0.3869586666666667,True,"[0.8906599283218384, 0.10934009402990341]","[0.7394906282424927, 0.26050931215286255]","[225, 230]",0.0004995906492695212,0.003695114515721798,0.023280616849660873
48527,1071,128.0,128,,nnknn,455,21041,57956,10121,22405,10920,35551,412,1160,0.3853373333333333,0.3853373333333333,True,"[1.0, 0.0]","[0.8073313236236572, 0.19266866147518158]","[225, 230]",0.0004995906492695212,0.003695114515721798,0.023280616849660873
48616,1072,89.0,89,88.18006896972656,nnknn,500,21074,58734,10129,22747,10945,35987,421,1184,0.38420999999999994,0.38420999999999994,True,"[0.0, 1.0]","[0.1921049952507019, 0.8078950047492981]","[254, 246]",0.0,0.0033462282735854387,0.022780682891607285
48742,1073,126.0,126,,nnknn,500,21074,58734,10129,22747,10945,35987,421,1184,0.382614,0.382614,True,"[0.842566967010498, 0.15743307769298553]","[0.7114960551261902, 0.2885039746761322]","[254, 246]",0.0,0.0033462282735854387,0.022780682891607285
48935,1074,193.0,193,,nnknn,500,21074,58734,10129,22747,10945,35987,421,1184,0.38016933333333336,0.38016933333333336,True,"[0.0, 1.0]","[0.19008466601371765, 0.80991530418396]","[254, 246]",0.0,0.0033462282735854387,0.022780682891607285
49224,1075,289.0,289,,nnknn,500,21074,58734,10129,22747,10945,35987,421,1184,0.3765086666666667,0.3765086666666667,True,"[0.08209716528654099, 0.9179028272628784]","[0.23944120109081268, 0.7605588436126709]","[254, 246]",0.0,0.0033462282735854387,0.022780682891607285
49447,1076,223.0,223,105.72942352294922,nnknn,500,21141,60211,10159,23466,10982,36745,432,1220,0.373684,0.373684,True,"[0.0, 1.0]","[0.18684199452400208, 0.8131580352783203]","[251, 249]",0.0,0.0033208050299435854,0.02228083461523056
49516,1077,69.0,69,,nnknn,500,21141,60211,10159,23466,10982,36745,432,1220,0.37281,0.37281,True,"[1.0, 0.0]","[0.8135949969291687, 0.1864050030708313]","[251, 249]",0.0,0.0033208050299435854,0.02228083461523056
49593,1078,77.0,77,,nnknn,500,21141,60211,10159,23466,10982,36745,432,1220,0.37183466666666665,0.37183466666666665,True,"[0.0, 1.0]","[0.18591733276844025, 0.814082682132721]","[251, 249]",0.0,0.0033208050299435854,0.02228083461523056
49651,1079,58.0,58,,nnknn,500,21141,60211,10159,23466,10982,36745,432,1220,0.3711,0.3711,True,"[0.10747528821229935, 0.8925247192382812]","[0.25314122438430786, 0.7468588352203369]","[251, 249]",0.0,0.0033208050299435854,0.02228083461523056
49745,1080,94.0,94,113.47434997558594,nnknn,500,21182,60657,10187,23644,10995,37013,439,1237,0.3699093333333333,0.3699093333333333,True,"[0.2983171343803406, 0.7016828656196594]","[0.37292152643203735, 0.6270785331726074]","[242, 258]",0.0,0.0033218644093722105,0.02178088389337063
49902,1081,157.0,157,,nnknn,500,21182,60657,10187,23644,10995,37013,439,1237,0.3679206666666667,0.3679206666666667,True,"[0.0, 1.0]","[0.18396033346652985, 0.8160396814346313]","[242, 258]",0.0,0.0033218644093722105,0.02178088389337063
50007,1082,105.0,105,,nnknn,500,21182,60657,10187,23644,10995,37013,439,1237,0.3665906666666666,0.3665906666666666,True,"[0.0, 1.0]","[0.183295339345932, 0.8167046308517456]","[242, 258]",0.0,0.0033218644093722105,0.02178088389337063
50020,1083,13.0,13,,nnknn,500,21182,60657,10187,23644,10995,37013,439,1237,0.36642600000000003,0.36642600000000003,True,"[1.0, 0.0]","[0.8167870044708252, 0.1832129955291748]","[242, 258]",0.0,0.0033218644093722105,0.02178088389337063
50146,1084,126.0,126,83.71575164794922,nnknn,500,21193,61345,10189,23958,11004,37387,446,1255,0.36483,0.36483,True,"[0.9026038646697998, 0.09739615023136139]","[0.7557218670845032, 0.24427810311317444]","[240, 260]",0.0,0.0033152266405522823,0.022280776873230934
50178,1085,32.0,32,,nnknn,500,21193,61345,10189,23958,11004,37387,446,1255,0.3644246666666666,0.3644246666666666,True,"[1.0, 0.0]","[0.8177876472473145, 0.18221233785152435]","[240, 260]",0.0,0.0033152266405522823,0.022280776873230934
50307,1086,129.0,129,,nnknn,500,21193,61345,10189,23958,11004,37387,446,1255,0.3627906666666667,0.3627906666666667,True,"[0.10311022400856018, 0.8968898057937622]","[0.2470981329679489, 0.7529018521308899]","[240, 260]",0.0,0.0033152266405522823,0.022280776873230934
50487,1087,180.0,180,,nnknn,500,21193,61345,10189,23958,11004,37387,446,1255,0.36051066666666665,0.36051066666666665,True,"[0.6502634286880493, 0.34973660111427307]","[0.5960918664932251, 0.4039081335067749]","[240, 260]",0.0,0.0033152266405522823,0.022280776873230934
50806,1088,319.0,319,75.51632690429688,nnknn,500,21232,62399,10209,24502,11023,37897,467,1386,0.35646999999999995,0.35646999999999995,True,"[1.0, 0.0]","[0.8217650055885315, 0.1782349944114685]","[241, 259]",0.0,0.0033058940898627043,0.022780766710639
50930,1089,124.0,124,,nnknn,500,21232,62399,10209,24502,11023,37897,467,1386,0.35489933333333334,0.35489933333333334,True,"[0.27687716484069824, 0.7231228351593018]","[0.3560633063316345, 0.6439366936683655]","[241, 259]",0.0,0.0033058940898627043,0.022780766710639
51081,1090,151.0,151,,nnknn,500,21232,62399,10209,24502,11023,37897,467,1386,0.35298666666666667,0.35298666666666667,True,"[0.27721911668777466, 0.7227809429168701]","[0.355857789516449, 0.644142210483551]","[241, 259]",0.0,0.0033058940898627043,0.022780766710639
51160,1091,79.0,79,,nnknn,500,21232,62399,10209,24502,11023,37897,467,1386,0.351986,0.351986,True,"[1.0, 0.0]","[0.8240070343017578, 0.17599299550056458]","[241, 259]",0.0,0.0033058940898627043,0.022780766710639
51351,1092,191.0,191,77.1060562133789,nnknn,500,21287,63282,10235,24913,11052,38369,476,1430,0.3495666666666667,0.3495666666666667,True,"[0.9123275876045227, 0.0876724123954773]","[0.7681915760040283, 0.2318083941936493]","[246, 254]",0.0,0.0033231633715331554,0.022280961275100708
51510,1093,159.0,159,,nnknn,500,21287,63282,10235,24913,11052,38369,476,1430,0.3475526666666666,0.3475526666666666,True,"[1.0, 0.0]","[0.8262236714363098, 0.17377632856369019]","[246, 254]",0.0,0.0033231633715331554,0.022280961275100708
51880,1094,370.0,370,,nnknn,500,21287,63282,10235,24913,11052,38369,476,1430,0.342866,0.342866,True,"[1.0, 0.0]","[0.8285670280456543, 0.1714330017566681]","[246, 254]",0.0,0.0033231633715331554,0.022280961275100708
52061,1095,181.0,181,,nnknn,500,21287,63282,10235,24913,11052,38369,476,1430,0.3405733333333333,0.3405733333333333,True,"[1.0, 0.0]","[0.8297133445739746, 0.17028667032718658]","[246, 254]",0.0,0.0033231633715331554,0.022280961275100708
52271,1096,210.0,210,73.13768768310547,nnknn,500,21357,64913,10270,25718,11087,39195,483,1489,0.3379133333333333,0.3379133333333333,True,"[0.6354275941848755, 0.3645724654197693]","[0.5896648168563843, 0.4103352427482605]","[251, 249]",0.0,0.0033444163855165243,0.022780833765864372
52282,1097,11.0,11,,nnknn,500,21357,64913,10270,25718,11087,39195,483,1489,0.337774,0.337774,True,"[1.0, 0.0]","[0.8311129808425903, 0.16888700425624847]","[251, 249]",0.0,0.0033444163855165243,0.022780833765864372
52402,1098,120.0,120,,nnknn,500,21357,64913,10270,25718,11087,39195,483,1489,0.33625399999999994,0.33625399999999994,True,"[0.18751387298107147, 0.8124861717224121]","[0.29258859157562256, 0.7074114680290222]","[251, 249]",0.0,0.0033444163855165243,0.022780833765864372
52499,1099,97.0,97,,nnknn,500,21357,64913,10270,25718,11087,39195,483,1489,0.3350253333333333,0.3350253333333333,True,"[0.0, 1.0]","[0.1675126701593399, 0.8324873447418213]","[251, 249]",0.0,0.0033444163855165243,0.022780833765864372
52662,1100,163.0,163,63.978431701660156,nnknn,489,21708,65255,10595,25718,11113,39537,494,1512,0.3329606666666667,0.3329606666666667,True,"[0.6657198667526245, 0.3342801034450531]","[0.6105417013168335, 0.3894582986831665]","[250, 239]",0.0,0.0034487666562199593,0.02328081987798214
52781,1101,119.0,119,,nnknn,489,21708,65255,10595,25718,11113,39537,494,1512,0.3314533333333334,0.3314533333333334,True,"[0.30168861150741577, 0.698311448097229]","[0.36741960048675537, 0.6325804591178894]","[250, 239]",0.0,0.0034487666562199593,0.02328081987798214
53015,1102,234.0,234,,nnknn,489,21708,65255,10595,25718,11113,39537,494,1512,0.3284893333333333,0.3284893333333333,True,"[0.09148693084716797, 0.908513069152832]","[0.22567911446094513, 0.7743209004402161]","[250, 239]",0.0,0.0034487666562199593,0.02328081987798214
53163,1103,148.0,148,,nnknn,489,21708,65255,10595,25718,11113,39537,494,1512,0.3266146666666666,0.3266146666666666,True,"[0.3854100704193115, 0.6145899295806885]","[0.4228368103504181, 0.5771632194519043]","[250, 239]",0.0,0.0034487666562199593,0.02328081987798214
53574,1104,411.0,411,69.86421966552734,nnknn,462,22623,66072,11470,25718,11153,40354,507,1567,0.3214086666666667,0.3214086666666667,True,"[0.16003210842609406, 0.8399679064750671]","[0.2693007290363312, 0.7306993007659912]","[228, 234]",0.0004412661073729396,0.0036784205585718155,0.023780761286616325
53608,1105,34.0,34,,nnknn,462,22623,66072,11470,25718,11153,40354,507,1567,0.320978,0.320978,True,"[0.0, 1.0]","[0.16048899292945862, 0.8395110368728638]","[228, 234]",0.0004412661073729396,0.0036784205585718155,0.023780761286616325
53825,1106,217.0,217,,nnknn,462,22623,66072,11470,25718,11153,40354,507,1567,0.31822933333333336,0.31822933333333336,True,"[0.515289306640625, 0.4847107529640198]","[0.5104238390922546, 0.4895762801170349]","[228, 234]",0.0004412661073729396,0.0036784205585718155,0.023780761286616325
54159,1107,334.0,334,,nnknn,462,22623,66072,11470,25718,11153,40354,507,1567,0.31399866666666665,0.31399866666666665,True,"[0.09484277665615082, 0.9051572680473328]","[0.22206160426139832, 0.7779384255409241]","[228, 234]",0.0004412661073729396,0.0036784205585718155,0.023780761286616325
54386,1108,227.0,227,77.20557403564453,nnknn,500,22649,67445,11480,26386,11169,41059,522,1658,0.3111233333333333,0.3111233333333333,True,"[0.4177779257297516, 0.582222044467926]","[0.4433591365814209, 0.5566408038139343]","[243, 257]",0.0,0.0033687723334878683,0.02328081615269184
54516,1109,130.0,130,,nnknn,500,22649,67445,11480,26386,11169,41059,522,1658,0.3094766666666666,0.3094766666666666,True,"[0.3978128433227539, 0.6021871566772461]","[0.42943739891052246, 0.5705626010894775]","[243, 257]",0.0,0.0033687723334878683,0.02328081615269184
54636,1110,120.0,120,,nnknn,500,22649,67445,11480,26386,11169,41059,522,1658,0.30795666666666666,0.30795666666666666,True,"[0.0, 1.0]","[0.15397833287715912, 0.8460216522216797]","[243, 257]",0.0,0.0033687723334878683,0.02328081615269184
54712,1111,76.0,76,,nnknn,500,22649,67445,11480,26386,11169,41059,522,1658,0.306994,0.306994,True,"[0.40693026781082153, 0.5930697321891785]","[0.4355021119117737, 0.5644978880882263]","[243, 257]",0.0,0.0033687723334878683,0.02328081615269184
54828,1112,116.0,116,48.49322509765625,nnknn,500,22705,68129,11504,26700,11201,41429,533,1698,0.30552466666666667,0.30552466666666667,True,"[0.4122620224952698, 0.587738037109375]","[0.43906813859939575, 0.5609318614006042]","[241, 259]",0.0,0.00334938638843596,0.02278088964521885
55145,1113,317.0,317,,nnknn,500,22705,68129,11504,26700,11201,41429,533,1698,0.3015093333333333,0.3015093333333333,True,"[1.0, 0.0]","[0.8492453098297119, 0.1507546603679657]","[241, 259]",0.0,0.00334938638843596,0.02278088964521885
55360,1114,215.0,215,,nnknn,500,22705,68129,11504,26700,11201,41429,533,1698,0.298786,0.298786,True,"[0.913205623626709, 0.0867944061756134]","[0.789745569229126, 0.2102544605731964]","[241, 259]",0.0,0.00334938638843596,0.02278088964521885
55463,1115,103.0,103,,nnknn,500,22705,68129,11504,26700,11201,41429,533,1698,0.2974813333333334,0.2974813333333334,True,"[0.0, 1.0]","[0.14874066412448883, 0.8512593507766724]","[241, 259]",0.0,0.00334938638843596,0.02278088964521885
55797,1116,334.0,334,80.3699951171875,nnknn,500,22740,69819,11512,27573,11228,42246,547,1823,0.29325066666666666,0.29325066666666666,True,"[0.590591311454773, 0.4094087481498718]","[0.564025342464447, 0.43597468733787537]","[244, 256]",0.0,0.0033357341308146715,0.023280784487724304
55930,1117,133.0,133,,nnknn,500,22740,69819,11512,27573,11228,42246,547,1823,0.291566,0.291566,True,"[0.4799862504005432, 0.5200138092041016]","[0.48582157492637634, 0.514178454875946]","[244, 256]",0.0,0.0033357341308146715,0.023280784487724304
56109,1118,179.0,179,,nnknn,500,22740,69819,11512,27573,11228,42246,547,1823,0.2892986666666667,0.2892986666666667,True,"[0.8039685487747192, 0.19603142142295837]","[0.7160308361053467, 0.28396910429000854]","[244, 256]",0.0,0.0033357341308146715,0.023280784487724304
56227,1119,118.0,118,,nnknn,500,22740,69819,11512,27573,11228,42246,547,1823,0.28780399999999995,0.28780399999999995,True,"[0.10130800306797028, 0.8986920118331909]","[0.21605315804481506, 0.7839468717575073]","[244, 256]",0.0,0.0033357341308146715,0.023280784487724304
56453,1120,226.0,226,54.56404113769531,nnknn,500,22780,70878,11531,28124,11249,42754,562,1950,0.2849413333333334,0.2849413333333334,True,"[0.2908461093902588, 0.7091538906097412]","[0.35044270753860474, 0.6495572924613953]","[242, 258]",0.0,0.0033388682641088963,0.022780798375606537
56659,1121,206.0,206,,nnknn,500,22780,70878,11531,28124,11249,42754,562,1950,0.282332,0.282332,True,"[0.0, 1.0]","[0.14116600155830383, 0.8588340282440186]","[242, 258]",0.0,0.0033388682641088963,0.022780798375606537
56733,1122,74.0,74,,nnknn,500,22780,70878,11531,28124,11249,42754,562,1950,0.2813946666666667,0.2813946666666667,True,"[0.19212913513183594, 0.8078708648681641]","[0.2787623405456543, 0.7212376594543457]","[242, 258]",0.0,0.0033388682641088963,0.022780798375606537
57104,1123,371.0,371,,nnknn,500,22780,70878,11531,28124,11249,42754,562,1950,0.2766953333333333,0.2766953333333333,True,"[0.7134453654289246, 0.2865546643733978]","[0.654386043548584, 0.3456139862537384]","[242, 258]",0.0,0.0033388682641088963,0.022780798375606537
57359,1124,255.0,255,79.15221405029297,nnknn,500,22827,72464,11544,28917,11283,43547,576,2029,0.27346533333333334,0.27346533333333334,True,"[0.3468796908855438, 0.6531203389167786]","[0.3887527883052826, 0.6112472414970398]","[243, 257]",0.0,0.0033797933720052242,0.02323555201292038
57759,1125,400.0,400,,nnknn,500,22827,72464,11544,28917,11283,43547,576,2029,0.2683986666666667,0.2683986666666667,True,"[0.34211331605911255, 0.6578866839408875]","[0.38448989391326904, 0.615510106086731]","[243, 257]",0.0,0.0033797933720052242,0.02323555201292038
58058,1126,299.0,299,,nnknn,500,22827,72464,11544,28917,11283,43547,576,2029,0.2646113333333333,0.2646113333333333,True,"[0.6048067808151245, 0.3951932191848755]","[0.5770736932754517, 0.42292624711990356]","[243, 257]",0.0,0.0033797933720052242,0.02323555201292038
58310,1127,252.0,252,,nnknn,500,22827,72464,11544,28917,11283,43547,576,2029,0.26141933333333334,0.26141933333333334,True,"[0.20999643206596375, 0.7900035381317139]","[0.2858089804649353, 0.7141910195350647]","[243, 257]",0.0,0.0033797933720052242,0.02323555201292038
58630,1128,320.0,320,74.5185546875,nnknn,500,22893,74774,11575,30097,11318,44677,591,2135,0.257366,0.257366,True,"[0.1976599246263504, 0.8023400902748108]","[0.2754719853401184, 0.7245280742645264]","[249, 251]",0.0,0.003392751794308424,0.023735452443361282
58929,1129,299.0,299,,nnknn,500,22893,74774,11575,30097,11318,44677,591,2135,0.2535786666666666,0.2535786666666666,True,"[0.19408847391605377, 0.8059115409851074]","[0.27166110277175903, 0.728338897228241]","[249, 251]",0.0,0.003392751794308424,0.023735452443361282
59279,1130,350.0,350,,nnknn,500,22893,74774,11575,30097,11318,44677,591,2135,0.24914533333333333,0.24914533333333333,True,"[0.19651933014392853, 0.8034806847572327]","[0.2721301317214966, 0.7278698682785034]","[249, 251]",0.0,0.003392751794308424,0.023735452443361282
59460,1131,181.0,181,,nnknn,500,22893,74774,11575,30097,11318,44677,591,2135,0.2468526666666666,0.2468526666666666,True,"[0.6915162801742554, 0.30848371982574463]","[0.6442399621009827, 0.35576003789901733]","[249, 251]",0.0,0.003392751794308424,0.023735452443361282
59687,1132,227.0,227,82.700439453125,nnknn,454,23923,75731,12574,30097,11349,45634,602,2204,0.24397733333333338,0.24397733333333338,True,"[0.19798023998737335, 0.8020197749137878]","[0.2716662287712097, 0.7283338308334351]","[224, 230]",0.0004515058535616845,0.003715253435075283,0.024235330522060394
59873,1133,186.0,186,,nnknn,454,23923,75731,12574,30097,11349,45634,602,2204,0.24162133333333335,0.24162133333333335,True,"[0.8093793392181396, 0.19062067568302155]","[0.7346267104148865, 0.2653733193874359]","[224, 230]",0.0004515058535616845,0.003715253435075283,0.024235330522060394
60119,1134,246.0,246,,nnknn,454,23923,75731,12574,30097,11349,45634,602,2204,0.23850533333333335,0.23850533333333335,True,"[0.701975405216217, 0.29802462458610535]","[0.6538031697273254, 0.34619683027267456]","[224, 230]",0.0004515058535616845,0.003715253435075283,0.024235330522060394
60241,1135,122.0,122,,nnknn,454,23923,75731,12574,30097,11349,45634,602,2204,0.23695999999999995,0.23695999999999995,True,"[0.09959284961223602, 0.9004071354866028]","[0.19447332620620728, 0.805526614189148]","[224, 230]",0.0004515058535616845,0.003715253435075283,0.024235330522060394
60368,1136,127.0,127,58.52019500732422,nnknn,500,23963,76833,12579,30633,11384,46200,615,2284,0.23535133333333336,0.23535133333333336,True,"[0.41741102933883667, 0.5825890302658081]","[0.4368484616279602, 0.5631515979766846]","[245, 255]",0.0,0.003317556343972683,0.02373538166284561
60868,1137,500.0,500,,nnknn,500,23963,76833,12579,30633,11384,46200,615,2284,0.22901799999999994,0.22901799999999994,True,"[1.0, 0.0]","[0.8854910135269165, 0.11450900137424469]","[245, 255]",0.0,0.003317556343972683,0.02373538166284561
61368,1138,500.0,500,,nnknn,500,23963,76833,12579,30633,11384,46200,615,2284,0.22268466666666664,0.22268466666666664,True,"[0.5792669653892517, 0.4207330346107483]","[0.5616154074668884, 0.4383845627307892]","[245, 255]",0.0,0.003317556343972683,0.02373538166284561
61484,1139,116.0,116,,nnknn,500,23963,76833,12579,30633,11384,46200,615,2284,0.22121533333333332,0.22121533333333332,True,"[0.5695202946662903, 0.4304797351360321]","[0.5541413426399231, 0.4458586573600769]","[245, 255]",0.0,0.003317556343972683,0.02373538166284561
61920,1140,436.0,436,61.97003936767578,nnknn,500,24032,79777,12616,32102,11416,47675,625,2329,0.21569266666666664,0.21569266666666664,True,"[0.8073049783706665, 0.19269505143165588]","[0.7410215735435486, 0.2589784860610962]","[246, 254]",0.0,0.0033561913296580315,0.023235483095049858
62122,1141,202.0,202,,nnknn,500,24032,79777,12616,32102,11416,47675,625,2329,0.21313400000000005,0.21313400000000005,True,"[0.7212277054786682, 0.2787722945213318]","[0.6740766167640686, 0.32592344284057617]","[246, 254]",0.0,0.0033561913296580315,0.023235483095049858
62280,1142,158.0,158,,nnknn,500,24032,79777,12616,32102,11416,47675,625,2329,0.21113266666666664,0.21113266666666664,True,"[0.29086822271347046, 0.7091317772865295]","[0.33502277731895447, 0.6649772524833679]","[246, 254]",0.0,0.0033561913296580315,0.023235483095049858
62538,1143,258.0,258,,nnknn,500,24032,79777,12616,32102,11416,47675,625,2329,0.2078646666666667,0.2078646666666667,True,"[0.0, 1.0]","[0.10393233597278595, 0.8960676789283752]","[246, 254]",0.0,0.0033561913296580315,0.023235483095049858
62635,1144,97.0,97,69.07581329345703,nnknn,500,24098,80980,12654,32672,11444,48308,638,2383,0.20663600000000004,0.20663600000000004,True,"[0.09050081670284271, 0.9094991683959961]","[0.175118088722229, 0.8248818516731262]","[246, 254]",0.0,0.0033586593344807625,0.023735299706459045
62821,1145,186.0,186,,nnknn,500,24098,80980,12654,32672,11444,48308,638,2383,0.20428000000000002,0.20428000000000002,True,"[0.8035561442375183, 0.1964438408613205]","[0.7415456771850586, 0.258454293012619]","[246, 254]",0.0,0.0033586593344807625,0.023735299706459045
63111,1146,290.0,290,,nnknn,500,24098,80980,12654,32672,11444,48308,638,2383,0.2006066666666667,0.2006066666666667,True,"[0.20180487632751465, 0.7981951832771301]","[0.261624813079834, 0.7383752465248108]","[246, 254]",0.0,0.0033586593344807625,0.023735299706459045
63226,1147,115.0,115,,nnknn,500,24098,80980,12654,32672,11444,48308,638,2383,0.19914999999999994,0.19914999999999994,True,"[0.8968902230262756, 0.10310979932546616]","[0.8178495764732361, 0.1821504831314087]","[246, 254]",0.0,0.0033586593344807625,0.023735299706459045
63315,1148,89.0,89,62.08641815185547,nnknn,500,24185,82048,12690,33201,11495,48847,650,2473,0.19802266666666668,0.19802266666666668,True,"[0.4038679897785187, 0.5961320400238037]","[0.4229043126106262, 0.5770957469940186]","[248, 252]",0.0,0.003391081001609564,0.02423522248864174
63471,1149,156.0,156,,nnknn,500,24185,82048,12690,33201,11495,48847,650,2473,0.1960466666666667,0.1960466666666667,True,"[0.3966285288333893, 0.6033714413642883]","[0.41689416766166687, 0.5831058025360107]","[248, 252]",0.0,0.003391081001609564,0.02423522248864174
63826,1150,355.0,355,,nnknn,500,24185,82048,12690,33201,11495,48847,650,2473,0.19155,0.19155,True,"[0.43386581540107727, 0.5661341547966003]","[0.44653382897377014, 0.5534661412239075]","[248, 252]",0.0,0.003391081001609564,0.02423522248864174
64031,1151,205.0,205,,nnknn,500,24185,82048,12690,33201,11495,48847,650,2473,0.1889533333333333,0.1889533333333333,True,"[0.41709035634994507, 0.5829096436500549]","[0.4327564239501953, 0.5672435760498047]","[248, 252]",0.0,0.003391081001609564,0.02423522248864174
64531,1152,500.0,500,47.69225311279297,nnknn,459,25426,83148,13890,33201,11536,49947,663,2548,0.18262,0.18262,True,"[1.0, 0.0]","[0.9086900353431702, 0.09131000190973282]","[231, 228]",0.0004329643852543086,0.0037274183705449104,0.023735297843813896
64919,1153,388.0,388,,nnknn,459,25426,83148,13890,33201,11536,49947,663,2548,0.17770533333333327,0.17770533333333327,True,"[1.0, 0.0]","[0.9111472964286804, 0.0888526663184166]","[231, 228]",0.0004329643852543086,0.0037274183705449104,0.023735297843813896
65153,1154,234.0,234,,nnknn,459,25426,83148,13890,33201,11536,49947,663,2548,0.1747413333333333,0.1747413333333333,True,"[0.4053526818752289, 0.5946472883224487]","[0.4218914806842804, 0.5781084895133972]","[231, 228]",0.0004329643852543086,0.0037274183705449104,0.023735297843813896
65407,1155,254.0,254,,nnknn,459,25426,83148,13890,33201,11536,49947,663,2548,0.171524,0.171524,True,"[0.5054985880851746, 0.4945014417171478]","[0.5045554637908936, 0.49544456601142883]","[231, 228]",0.0004329643852543086,0.0037274183705449104,0.023735297843813896
65796,1156,389.0,389,48.50163269042969,nnknn,500,25460,85214,13898,34286,11562,50928,681,2806,0.16659666666666662,0.16659666666666662,True,"[0.7910877466201782, 0.20891225337982178]","[0.74259352684021, 0.2574065029621124]","[255, 245]",0.0,0.0033999402076005936,0.02323540300130844
65936,1157,140.0,140,,nnknn,500,25460,85214,13898,34286,11562,50928,681,2806,0.16482333333333332,0.16482333333333332,True,"[0.8027563095092773, 0.19724366068840027]","[0.7528549432754517, 0.24714496731758118]","[255, 245]",0.0,0.0033999402076005936,0.02323540300130844
66232,1158,296.0,296,,nnknn,500,25460,85214,13898,34286,11562,50928,681,2806,0.16107399999999994,0.16107399999999994,True,"[0.7036704421043396, 0.2963295578956604]","[0.670864462852478, 0.32913556694984436]","[255, 245]",0.0,0.0033999402076005936,0.02323540300130844
66398,1159,166.0,166,,nnknn,500,25460,85214,13898,34286,11562,50928,681,2806,0.15897133333333335,0.15897133333333335,True,"[1.0, 0.0]","[0.9205143451690674, 0.07948566973209381]","[255, 245]",0.0,0.0033999402076005936,0.02323540300130844
66898,1160,500.0,500,59.888736724853516,nnknn,500,25527,87202,13925,35293,11602,51909,695,2887,0.15263799999999994,0.15263799999999994,True,"[0.36914822459220886, 0.6308518052101135]","[0.3891211748123169, 0.6108788251876831]","[260, 240]",0.0,0.0034365321043878794,0.023735355585813522
67033,1161,135.0,135,,nnknn,500,25527,87202,13925,35293,11602,51909,695,2887,0.15092799999999995,0.15092799999999995,True,"[0.5141890645027161, 0.48581093549728394]","[0.512047529220581, 0.48795247077941895]","[260, 240]",0.0,0.0034365321043878794,0.023735355585813522
67166,1162,133.0,133,,nnknn,500,25527,87202,13925,35293,11602,51909,695,2887,0.14924333333333328,0.14924333333333328,True,"[0.3932240903377533, 0.6067758798599243]","[0.40915969014167786, 0.5908402800559998]","[260, 240]",0.0,0.0034365321043878794,0.023735355585813522
67311,1163,145.0,145,,nnknn,500,25527,87202,13925,35293,11602,51909,695,2887,0.14740666666666669,0.14740666666666669,True,"[0.9067738056182861, 0.09322621673345566]","[0.8468126058578491, 0.15318737924098969]","[260, 240]",0.0,0.0034365321043878794,0.023735355585813522
67541,1164,230.0,230,43.45263671875,nnknn,500,25565,88265,13938,35814,11627,52451,707,2963,0.14449333333333336,0.14449333333333336,True,"[0.40342485904693604, 0.596575140953064]","[0.41737931966781616, 0.5826206803321838]","[264, 236]",0.0,0.0034458490554243326,0.02323540858924389
68041,1165,500.0,500,,nnknn,500,25565,88265,13938,35814,11627,52451,707,2963,0.13815999999999995,0.13815999999999995,True,"[0.5047045350074768, 0.4952954649925232]","[0.5040545463562012, 0.49594545364379883]","[264, 236]",0.0,0.0034458490554243326,0.02323540858924389
68159,1166,118.0,118,,nnknn,500,25565,88265,13938,35814,11627,52451,707,2963,0.1366653333333333,0.1366653333333333,True,"[0.1724613606929779, 0.8275386691093445]","[0.21722453832626343, 0.7827754616737366]","[264, 236]",0.0,0.0034458490554243326,0.02323540858924389
68269,1167,110.0,110,,nnknn,500,25565,88265,13938,35814,11627,52451,707,2963,0.13527199999999995,0.13527199999999995,True,"[0.0873454138636589, 0.9126545786857605]","[0.14316602051258087, 0.8568339347839355]","[264, 236]",0.0,0.0034458490554243326,0.02323540858924389
68472,1168,203.0,203,64.16858673095703,nnknn,500,25644,89806,13966,36638,11678,53168,726,3126,0.1327006666666667,0.1327006666666667,True,"[0.38385868072509766, 0.6161413192749023]","[0.3992707133293152, 0.6007292866706848]","[258, 242]",0.0,0.0034845636691898108,0.023735320195555687
68729,1169,257.0,257,,nnknn,500,25644,89806,13966,36638,11678,53168,726,3126,0.1294453333333333,0.1294453333333333,True,"[0.09603706747293472, 0.9039629697799683]","[0.14832818508148193, 0.8516718745231628]","[258, 242]",0.0,0.0034845636691898108,0.023735320195555687
69030,1170,301.0,301,,nnknn,500,25644,89806,13966,36638,11678,53168,726,3126,0.12563266666666661,0.12563266666666661,True,"[0.5035418272018433, 0.49645817279815674]","[0.503096878528595, 0.4969031810760498]","[258, 242]",0.0,0.0034845636691898108,0.023735320195555687
69225,1171,195.0,195,,nnknn,500,25644,89806,13966,36638,11678,53168,726,3126,0.12316266666666664,0.12316266666666664,True,"[0.34081777930259705, 0.6591822504997253]","[0.36042308807373047, 0.6395769119262695]","[258, 242]",0.0,0.0034845636691898108,0.023735320195555687
69661,1172,436.0,436,52.39449691772461,nnknn,466,26812,90712,15091,36638,11721,54074,741,3366,0.11763999999999997,0.11763999999999997,True,"[0.4999108612537384, 0.5000891089439392]","[0.49992135167121887, 0.5000786185264587]","[240, 226]",1.681684409504669e-07,0.0037556651514023542,0.02423505112528801
69917,1173,256.0,256,,nnknn,466,26812,90712,15091,36638,11721,54074,741,3366,0.11439733333333335,0.11439733333333335,True,"[0.0, 1.0]","[0.057198666036129, 0.942801296710968]","[240, 226]",1.681684409504669e-07,0.0037556651514023542,0.02423505112528801
70316,1174,399.0,399,,nnknn,466,26812,90712,15091,36638,11721,54074,741,3366,0.10934333333333335,0.10934333333333335,True,"[0.7415141463279724, 0.2584858536720276]","[0.7151061296463013, 0.28489381074905396]","[240, 226]",1.681684409504669e-07,0.0037556651514023542,0.02423505112528801
70744,1175,428.0,428,,nnknn,466,26812,90712,15091,36638,11721,54074,741,3366,0.10392199999999996,0.10392199999999996,True,"[0.9031071066856384, 0.09689293056726456]","[0.8612154126167297, 0.13878461718559265]","[240, 226]",1.681684409504669e-07,0.0037556651514023542,0.02423505112528801
71244,1176,500.0,500,41.711212158203125,nnknn,500,26835,93498,15096,38091,11739,55407,757,3598,0.09758866666666666,0.09758866666666666,True,"[0.7942179441452026, 0.20578207075595856]","[0.7655056118965149, 0.2344944030046463]","[260, 240]",0.0,0.0034885392524302006,0.024734949693083763
71682,1177,438.0,438,,nnknn,500,26835,93498,15096,38091,11739,55407,757,3598,0.09204066666666666,0.09204066666666666,True,"[0.6885637044906616, 0.3114362955093384]","[0.6712082028388977, 0.3287918269634247]","[260, 240]",0.0,0.0034885392524302006,0.024734949693083763
71872,1178,190.0,190,,nnknn,500,26835,93498,15096,38091,11739,55407,757,3598,0.08963399999999999,0.08963399999999999,True,"[0.3340407609939575, 0.6659592390060425]","[0.34891635179519653, 0.6510837078094482]","[260, 240]",0.0,0.0034885392524302006,0.024734949693083763
72271,1179,399.0,399,,nnknn,500,26835,93498,15096,38091,11739,55407,757,3598,0.08457999999999999,0.08457999999999999,True,"[0.6863483786582947, 0.3136516213417053]","[0.6705870032310486, 0.32941296696662903]","[260, 240]",0.0,0.0034885392524302006,0.024734949693083763
72522,1180,251.0,251,40.57257080078125,nnknn,467,28088,94547,16296,38091,11792,56456,775,3774,0.08140066666666668,0.08140066666666668,True,"[0.1768621802330017, 0.8231378197669983]","[0.20316581428050995, 0.7968341708183289]","[250, 217]",0.000380266341380775,0.0037127553950995207,0.024235257878899574
72927,1181,405.0,405,,nnknn,467,28088,94547,16296,38091,11792,56456,775,3774,0.07627066666666671,0.07627066666666671,True,"[0.1955898106098175, 0.8044102191925049]","[0.2188073694705963, 0.7811926603317261]","[250, 217]",0.000380266341380775,0.0037127553950995207,0.024235257878899574
73309,1182,382.0,382,,nnknn,467,28088,94547,16296,38091,11792,56456,775,3774,0.07143199999999994,0.07143199999999994,True,"[0.2070845663547516, 0.7929154634475708]","[0.22800810635089874, 0.7719919085502625]","[250, 217]",0.000380266341380775,0.0037127553950995207,0.024235257878899574
73809,1183,500.0,500,,nnknn,467,28088,94547,16296,38091,11792,56456,775,3774,0.06509866666666664,0.06509866666666664,True,"[0.29794231057167053, 0.7020577192306519]","[0.3110959827899933, 0.6889040470123291]","[250, 217]",0.000380266341380775,0.0037127553950995207,0.024235257878899574
73981,1184,172.0,172,46.385555267333984,nnknn,500,28151,97006,16309,39430,11842,57576,789,4063,0.06291999999999998,0.06291999999999998,True,"[0.5964500904083252, 0.4035499393939972]","[0.5903814435005188, 0.4096185863018036]","[268, 232]",0.0,0.003513328731060028,0.024735182523727417
74163,1185,182.0,182,,nnknn,500,28151,97006,16309,39430,11842,57576,789,4063,0.060614666666666706,0.060614666666666706,True,"[0.2877345085144043, 0.7122654914855957]","[0.30060091614723206, 0.6993991136550903]","[268, 232]",0.0,0.003513328731060028,0.024735182523727417
74663,1186,500.0,500,,nnknn,500,28151,97006,16309,39430,11842,57576,789,4063,0.05428133333333329,0.05428133333333329,True,"[0.20037449896335602, 0.7996255159378052]","[0.21663856506347656, 0.7833614349365234]","[268, 232]",0.0,0.003513328731060028,0.024735182523727417
75012,1187,349.0,349,,nnknn,500,28151,97006,16309,39430,11842,57576,789,4063,0.05,0.05,True,"[0.8084152936935425, 0.1915847361087799]","[0.792994499206543, 0.20700550079345703]","[268, 232]",0.0,0.003513328731060028,0.024735182523727417
75202,1188,190.0,190,42.30461120605469,nnknn,500,28212,99059,16328,40549,11884,58510,806,4308,0.05,0.05,True,"[0.0, 1.0]","[0.02500000037252903, 0.9749999642372131]","[259, 241]",0.0,0.003566788276657462,0.024235425516963005
75589,1189,387.0,387,,nnknn,500,28212,99059,16328,40549,11884,58510,806,4308,0.05,0.05,True,"[0.1946648210287094, 0.8053352236747742]","[0.20993158221244812, 0.7900684475898743]","[259, 241]",0.0,0.003566788276657462,0.024235425516963005
75702,1190,113.0,113,,nnknn,500,28212,99059,16328,40549,11884,58510,806,4308,0.05,0.05,True,"[0.7168519496917725, 0.2831481099128723]","[0.7060093283653259, 0.29399070143699646]","[259, 241]",0.0,0.003566788276657462,0.024235425516963005
76067,1191,365.0,365,,nnknn,500,28212,99059,16328,40549,11884,58510,806,4308,0.05,0.05,True,"[0.5814598798751831, 0.41854017972946167]","[0.5773868560791016, 0.4226131737232208]","[259, 241]",0.0,0.003566788276657462,0.024235425516963005
76350,1192,283.0,283,64.7417221069336,nnknn,468,29331,99983,17403,40549,11928,59434,821,4488,0.05,0.05,True,"[0.0991477221250534, 0.9008522629737854]","[0.11919033527374268, 0.8808096051216125]","[245, 223]",0.00036724022356793284,0.0038553972262889147,0.024735303595662117
76689,1193,339.0,339,,nnknn,468,29331,99983,17403,40549,11928,59434,821,4488,0.05,0.05,True,"[0.7240999937057495, 0.2759000360965729]","[0.7128949761390686, 0.2871050238609314]","[245, 223]",0.00036724022356793284,0.0038553972262889147,0.024735303595662117
76986,1194,297.0,297,,nnknn,468,29331,99983,17403,40549,11928,59434,821,4488,0.05,0.05,True,"[0.8036646842956543, 0.1963353008031845]","[0.7884814143180847, 0.2115185409784317]","[245, 223]",0.00036724022356793284,0.0038553972262889147,0.024735303595662117
77313,1195,327.0,327,,nnknn,468,29331,99983,17403,40549,11928,59434,821,4488,0.05,0.05,True,"[0.09208332747220993, 0.9079166650772095]","[0.11247915774583817, 0.8875207901000977]","[245, 223]",0.00036724022356793284,0.0038553972262889147,0.024735303595662117
77813,1196,500.0,500,45.71526336669922,nnknn,500,29380,102565,17413,41894,11967,60671,838,4675,0.05,0.05,True,"[0.0, 1.0]","[0.02500000037252903, 0.9749999642372131]","[258, 242]",0.0,0.0036083937156945467,0.02523442916572094
78128,1197,315.0,315,,nnknn,500,29380,102565,17413,41894,11967,60671,838,4675,0.05,0.05,True,"[0.9119946956634521, 0.08800528943538666]","[0.8913949131965637, 0.10860501974821091]","[258, 242]",0.0,0.0036083937156945467,0.02523442916572094
78628,1198,500.0,500,,nnknn,500,29380,102565,17413,41894,11967,60671,838,4675,0.05,0.05,True,"[0.4160245656967163, 0.5839754939079285]","[0.42022332549095154, 0.5797767043113708]","[258, 242]",0.0,0.0036083937156945467,0.02523442916572094
78999,1199,371.0,371,,nnknn,500,29380,102565,17413,41894,11967,60671,838,4675,0.05,0.05,True,"[0.6958353519439697, 0.30416467785835266]","[0.6860435605049133, 0.31395643949508667]","[258, 242]",0.0,0.0036083937156945467,0.02523442916572094
79194,1200,195.0,195,60.724491119384766,nnknn,500,29443,105013,17434,43175,12009,61838,848,4847,0.05,0.05,True,"[0.6895918250083923, 0.31040817499160767]","[0.6801121830940247, 0.31988775730133057]","[264, 236]",0.0,0.003661390859633684,0.025734275579452515
79484,1201,290.0,290,,nnknn,500,29443,105013,17434,43175,12009,61838,848,4847,0.05,0.05,True,"[0.8862054347991943, 0.11379456520080566]","[0.8668951392173767, 0.1331048309803009]","[264, 236]",0.0,0.003661390859633684,0.025734275579452515
79873,1202,389.0,389,,nnknn,500,29443,105013,17434,43175,12009,61838,848,4847,0.05,0.05,True,"[0.7054761052131653, 0.2945239245891571]","[0.6952022910118103, 0.3047977387905121]","[264, 236]",0.0,0.003661390859633684,0.025734275579452515
80237,1203,364.0,364,,nnknn,500,29443,105013,17434,43175,12009,61838,848,4847,0.05,0.05,True,"[0.6808390021324158, 0.31916099786758423]","[0.6717970371246338, 0.3282029628753662]","[264, 236]",0.0,0.003661390859633684,0.025734275579452515
80508,1204,271.0,271,88.5572509765625,nnknn,500,29499,107433,17459,44375,12040,63058,861,4910,0.05,0.05,True,"[0.9113328456878662, 0.0886671394109726]","[0.8907661437988281, 0.1092337816953659]","[277, 223]",0.0,0.0036976218689233065,0.026233484968543053
80857,1205,349.0,349,,nnknn,500,29499,107433,17459,44375,12040,63058,861,4910,0.05,0.05,True,"[0.10161346197128296, 0.898386538028717]","[0.12153278291225433, 0.8784672021865845]","[277, 223]",0.0,0.0036976218689233065,0.026233484968543053
81033,1206,176.0,176,,nnknn,500,29499,107433,17459,44375,12040,63058,861,4910,0.05,0.05,True,"[0.691987156867981, 0.30801284313201904]","[0.6823877692222595, 0.3176122009754181]","[277, 223]",0.0,0.0036976218689233065,0.026233484968543053
81242,1207,209.0,209,,nnknn,500,29499,107433,17459,44375,12040,63058,861,4910,0.05,0.05,True,"[0.7032172083854675, 0.29678279161453247]","[0.6930563449859619, 0.3069436550140381]","[277, 223]",0.0,0.0036976218689233065,0.026233484968543053
81478,1208,236.0,236,50.12588882446289,nnknn,459,31399,107433,18409,44375,12990,63058,873,4955,0.05,0.05,True,"[0.7019424438476562, 0.29805755615234375]","[0.6918452978134155, 0.3081546723842621]","[258, 201]",0.0004883077926933765,0.0040726251900196075,0.026733428239822388
81883,1209,405.0,405,,nnknn,459,31399,107433,18409,44375,12990,63058,873,4955,0.05,0.05,True,"[0.10306163877248764, 0.8969383835792542]","[0.12290855497121811, 0.8770914077758789]","[258, 201]",0.0004883077926933765,0.0040726251900196075,0.026733428239822388
82228,1210,345.0,345,,nnknn,459,31399,107433,18409,44375,12990,63058,873,4955,0.05,0.05,True,"[0.3955068290233612, 0.6044932007789612]","[0.40073147416114807, 0.5992684960365295]","[258, 201]",0.0004883077926933765,0.0040726251900196075,0.026733428239822388
82414,1211,186.0,186,,nnknn,459,31399,107433,18409,44375,12990,63058,873,4955,0.05,0.05,True,"[0.6873477101325989, 0.3126523196697235]","[0.6779803037643433, 0.32201969623565674]","[258, 201]",0.0004883077926933765,0.0040726251900196075,0.026733428239822388
82712,1212,298.0,298,62.5625,nnknn,500,31446,109593,18421,45471,13025,64122,885,5065,0.05,0.05,True,"[0.290503591299057, 0.7094963788986206]","[0.300978422164917, 0.6990215182304382]","[273, 227]",0.0,0.0037385725881904364,0.027233144268393517
82952,1213,240.0,240,,nnknn,500,31446,109593,18421,45471,13025,64122,885,5065,0.05,0.05,True,"[0.6222099661827087, 0.37779009342193604]","[0.6160994172096252, 0.38390058279037476]","[273, 227]",0.0,0.0037385725881904364,0.027233144268393517
83258,1214,306.0,306,,nnknn,500,31446,109593,18421,45471,13025,64122,885,5065,0.05,0.05,True,"[0.709625244140625, 0.2903747856616974]","[0.6991439461708069, 0.3008560538291931]","[273, 227]",0.0,0.0037385725881904364,0.027233144268393517
83587,1215,329.0,329,,nnknn,500,31446,109593,18421,45471,13025,64122,885,5065,0.05,0.05,True,"[0.6884158849716187, 0.3115841746330261]","[0.6789950728416443, 0.3210049569606781]","[273, 227]",0.0,0.0037385725881904364,0.027233144268393517
83777,1216,190.0,190,45.833221435546875,nnknn,500,31513,111491,18451,46442,13062,65049,901,5166,0.05,0.05,True,"[0.5181041955947876, 0.48189577460289]","[0.5171989798545837, 0.48280099034309387]","[275, 225]",0.0,0.003759032813832164,0.027732834219932556
84102,1217,325.0,325,,nnknn,500,31513,111491,18451,46442,13062,65049,901,5166,0.05,0.05,True,"[0.6573284864425659, 0.3426715135574341]","[0.6494620442390442, 0.3505379259586334]","[275, 225]",0.0,0.003759032813832164,0.027732834219932556
84376,1218,274.0,274,,nnknn,500,31513,111491,18451,46442,13062,65049,901,5166,0.05,0.05,True,"[0.7790906429290771, 0.22090934216976166]","[0.7651360630989075, 0.23486387729644775]","[275, 225]",0.0,0.003759032813832164,0.027732834219932556
84636,1219,260.0,260,,nnknn,500,31513,111491,18451,46442,13062,65049,901,5166,0.05,0.05,True,"[0.6420353055000305, 0.35796472430229187]","[0.6349335312843323, 0.3650664985179901]","[275, 225]",0.0,0.003759032813832164,0.027732834219932556
84805,1220,169.0,169,34.608123779296875,nnknn,459,32543,112364,19451,46442,13092,65922,917,5291,0.05,0.05,True,"[0.3098096549510956, 0.6901903748512268]","[0.3193191885948181, 0.6806808114051819]","[252, 207]",0.0004610758915077895,0.004082845989614725,0.028232581913471222
85220,1221,415.0,415,,nnknn,459,32543,112364,19451,46442,13092,65922,917,5291,0.05,0.05,True,"[0.5918151140213013, 0.4081849455833435]","[0.5872243046760559, 0.4127756953239441]","[252, 207]",0.0004610758915077895,0.004082845989614725,0.028232581913471222
85657,1222,437.0,437,,nnknn,459,32543,112364,19451,46442,13092,65922,917,5291,0.05,0.05,True,"[0.631033718585968, 0.36896631121635437]","[0.6244819760322571, 0.37551799416542053]","[252, 207]",0.0004610758915077895,0.004082845989614725,0.028232581913471222
86081,1223,424.0,424,,nnknn,459,32543,112364,19451,46442,13092,65922,917,5291,0.05,0.05,True,"[0.8031406402587891, 0.19685932993888855]","[0.7879835963249207, 0.21201637387275696]","[252, 207]",0.0004610758915077895,0.004082845989614725,0.028232581913471222
86543,1224,462.0,462,54.642303466796875,nnknn,500,32593,115495,19461,48041,13132,67454,933,5457,0.05,0.05,True,"[0.5726861357688904, 0.427313894033432]","[0.5690518021583557, 0.4309481978416443]","[271, 229]",0.0,0.003731043078005314,0.02773267775774002
87043,1225,500.0,500,,nnknn,500,32593,115495,19461,48041,13132,67454,933,5457,0.05,0.05,True,"[0.8085830807685852, 0.1914168894290924]","[0.7931538820266724, 0.20684604346752167]","[271, 229]",0.0,0.003731043078005314,0.02773267775774002
87434,1226,391.0,391,,nnknn,500,32593,115495,19461,48041,13132,67454,933,5457,0.05,0.05,True,"[0.6520732641220093, 0.3479267358779907]","[0.6444695591926575, 0.35553041100502014]","[271, 229]",0.0,0.003731043078005314,0.02773267775774002
87934,1227,500.0,500,,nnknn,500,32593,115495,19461,48041,13132,67454,933,5457,0.05,0.05,True,"[0.1981562077999115, 0.8018438220024109]","[0.21324840188026428, 0.7867515683174133]","[271, 229]",0.0,0.003731043078005314,0.02773267775774002
88434,1228,500.0,500,56.39157485961914,nnknn,500,32664,119013,19487,49877,13177,69136,950,5621,0.05,0.05,True,"[0.3264409005641937, 0.6735591292381287]","[0.3351188600063324, 0.66488116979599]","[283, 217]",0.0,0.0037956000305712223,0.028231406584382057
88697,1229,263.0,263,,nnknn,500,32664,119013,19487,49877,13177,69136,950,5621,0.05,0.05,True,"[0.3229895532131195, 0.6770104765892029]","[0.33184006810188293, 0.6681599020957947]","[283, 217]",0.0,0.0037956000305712223,0.028231406584382057
88834,1230,137.0,137,,nnknn,500,32664,119013,19487,49877,13177,69136,950,5621,0.05,0.05,True,"[0.41037341952323914, 0.5896266102790833]","[0.4148547351360321, 0.5851452350616455]","[283, 217]",0.0,0.0037956000305712223,0.028231406584382057
89157,1231,323.0,323,,nnknn,500,32664,119013,19487,49877,13177,69136,950,5621,0.05,0.05,True,"[0.1996246576309204, 0.8003753423690796]","[0.2146434336900711, 0.7853565216064453]","[283, 217]",0.0,0.0037956000305712223,0.028231406584382057
89238,1232,81.0,81,51.54944610595703,nnknn,500,32724,120371,19519,50545,13205,69826,961,5707,0.05,0.05,True,"[0.1914355456829071, 0.8085644245147705]","[0.20686377584934235, 0.7931361794471741]","[275, 225]",0.0,0.0037917103618383408,0.02873101271688938
89578,1233,340.0,340,,nnknn,500,32724,120371,19519,50545,13205,69826,961,5707,0.05,0.05,True,"[0.48796021938323975, 0.512039840221405]","[0.4885621964931488, 0.5114378333091736]","[275, 225]",0.0,0.0037917103618383408,0.02873101271688938
89797,1234,219.0,219,,nnknn,500,32724,120371,19519,50545,13205,69826,961,5707,0.05,0.05,True,"[1.0, 0.0]","[0.9749999642372131, 0.02500000037252903]","[275, 225]",0.0,0.0037917103618383408,0.02873101271688938
90163,1235,366.0,366,,nnknn,500,32724,120371,19519,50545,13205,69826,961,5707,0.05,0.05,True,"[1.0, 0.0]","[0.9749999642372131, 0.02500000037252903]","[275, 225]",0.0,0.0037917103618383408,0.02873101271688938
90562,1236,399.0,399,62.5446891784668,nnknn,460,34043,121591,20794,50545,13249,71046,975,5767,0.05,0.05,True,"[0.5850794911384583, 0.4149205684661865]","[0.5808255076408386, 0.41917455196380615]","[256, 204]",0.0004815433348994702,0.004170638043433428,0.029230404645204544
90861,1237,299.0,299,,nnknn,460,34043,121591,20794,50545,13249,71046,975,5767,0.05,0.05,True,"[0.5794234871864319, 0.4205765724182129]","[0.5754522681236267, 0.4245477318763733]","[256, 204]",0.0004815433348994702,0.004170638043433428,0.029230404645204544
91171,1238,310.0,310,,nnknn,460,34043,121591,20794,50545,13249,71046,975,5767,0.05,0.05,True,"[0.4257950782775879, 0.5742049813270569]","[0.429505318403244, 0.5704947113990784]","[256, 204]",0.0004815433348994702,0.004170638043433428,0.029230404645204544
91586,1239,415.0,415,,nnknn,460,34043,121591,20794,50545,13249,71046,975,5767,0.05,0.05,True,"[0.20543915033340454, 0.7945608496665955]","[0.22016718983650208, 0.7798327803611755]","[256, 204]",0.0004815433348994702,0.004170638043433428,0.029230404645204544
91979,1240,393.0,393,33.40163040161133,nnknn,500,34094,124051,20804,51799,13290,72252,993,5937,0.05,0.05,True,"[0.18739590048789978, 0.8126040697097778]","[0.20302611589431763, 0.7969738245010376]","[268, 232]",0.0,0.0037924395874142647,0.02873205952346325
92442,1241,463.0,463,,nnknn,500,34094,124051,20804,51799,13290,72252,993,5937,0.05,0.05,True,"[0.7485552430152893, 0.2514447867870331]","[0.7361274361610413, 0.26387253403663635]","[268, 232]",0.0,0.0037924395874142647,0.02873205952346325
92701,1242,259.0,259,,nnknn,500,34094,124051,20804,51799,13290,72252,993,5937,0.05,0.05,True,"[0.7097409963607788, 0.2902589738368988]","[0.6992539167404175, 0.30074602365493774]","[268, 232]",0.0,0.0037924395874142647,0.02873205952346325
93055,1243,354.0,354,,nnknn,500,34094,124051,20804,51799,13290,72252,993,5937,0.05,0.05,True,"[0.2985510230064392, 0.7014489769935608]","[0.30862346291542053, 0.6913765072822571]","[268, 232]",0.0,0.0037924395874142647,0.02873205952346325
93230,1244,175.0,175,57.527984619140625,nnknn,500,34150,126321,20835,52915,13315,73406,1008,6009,0.05,0.05,True,"[0.782543957233429, 0.21745605766773224]","[0.768416702747345, 0.23158325254917145]","[277, 223]",0.0,0.00380704621784389,0.02923172153532505
93699,1245,469.0,469,,nnknn,500,34150,126321,20835,52915,13315,73406,1008,6009,0.05,0.05,True,"[0.5945931673049927, 0.4054068326950073]","[0.5898634791374207, 0.41013649106025696]","[277, 223]",0.0,0.00380704621784389,0.02923172153532505
94199,1246,500.0,500,,nnknn,500,34150,126321,20835,52915,13315,73406,1008,6009,0.05,0.05,True,"[0.4972475469112396, 0.5027524828910828]","[0.497385174036026, 0.5026148557662964]","[277, 223]",0.0,0.00380704621784389,0.02923172153532505
94645,1247,446.0,446,,nnknn,500,34150,126321,20835,52915,13315,73406,1008,6009,0.05,0.05,True,"[0.1833925098180771, 0.8166074752807617]","[0.1992228925228119, 0.8007770776748657]","[277, 223]",0.0,0.00380704621784389,0.02923172153532505
95145,1248,500.0,500,47.23057174682617,nnknn,472,36087,128048,22735,52915,13352,75133,1025,6160,0.05,0.05,True,"[0.39386647939682007, 0.6061335206031799]","[0.39917317032814026, 0.6008267998695374]","[268, 204]",2.223527957312399e-07,0.004066960886120796,0.028732093051075935
95424,1249,279.0,279,,nnknn,472,36087,128048,22735,52915,13352,75133,1025,6160,0.05,0.05,True,"[0.2836357057094574, 0.716364324092865]","[0.2944539189338684, 0.7055460810661316]","[268, 204]",2.223527957312399e-07,0.004066960886120796,0.028732093051075935
95897,1250,473.0,473,,nnknn,472,36087,128048,22735,52915,13352,75133,1025,6160,0.05,0.05,True,"[0.566490113735199, 0.4335099458694458]","[0.5631656050682068, 0.436834454536438]","[268, 204]",2.223527957312399e-07,0.004066960886120796,0.028732093051075935
96154,1251,257.0,257,,nnknn,472,36087,128048,22735,52915,13352,75133,1025,6160,0.05,0.05,True,"[0.386609822511673, 0.6133902072906494]","[0.39227932691574097, 0.607720673084259]","[268, 204]",2.223527957312399e-07,0.004066960886120796,0.028732093051075935
96469,1252,315.0,315,58.256378173828125,nnknn,500,36116,130391,22744,54077,13372,76314,1039,6283,0.05,0.05,True,"[0.0980035737156868, 0.9019964337348938]","[0.11810339242219925, 0.8818965554237366]","[276, 224]",0.0,0.003814300522208214,0.028232265263795853
96766,1253,297.0,297,,nnknn,500,36116,130391,22744,54077,13372,76314,1039,6283,0.05,0.05,True,"[0.1865691989660263, 0.8134307861328125]","[0.2022407501935959, 0.7977592349052429]","[276, 224]",0.0,0.003814300522208214,0.028232265263795853
97266,1254,500.0,500,,nnknn,500,36116,130391,22744,54077,13372,76314,1039,6283,0.05,0.05,True,"[0.3008292019367218, 0.6991708278656006]","[0.31078773736953735, 0.6892122626304626]","[276, 224]",0.0,0.003814300522208214,0.028232265263795853
97547,1255,281.0,281,,nnknn,500,36116,130391,22744,54077,13372,76314,1039,6283,0.05,0.05,True,"[0.20740264654159546, 0.7925973534584045]","[0.22203251719474792, 0.7779674530029297]","[276, 224]",0.0,0.003814300522208214,0.028232265263795853
97790,1256,243.0,243,45.14073181152344,nnknn,500,36193,132827,22775,55297,13418,77530,1051,6342,0.05,0.05,True,"[0.2747783660888672, 0.7252216339111328]","[0.28603944182395935, 0.7139605283737183]","[273, 227]",0.0,0.003887181170284748,0.027733558788895607
98064,1257,274.0,274,,nnknn,500,36193,132827,22775,55297,13418,77530,1051,6342,0.05,0.05,True,"[0.2820720970630646, 0.7179279327392578]","[0.2929684817790985, 0.7070314884185791]","[273, 227]",0.0,0.003887181170284748,0.027733558788895607
98340,1258,276.0,276,,nnknn,500,36193,132827,22775,55297,13418,77530,1051,6342,0.05,0.05,True,"[0.4079861342906952, 0.5920138955116272]","[0.41258683800697327, 0.5874131917953491]","[273, 227]",0.0,0.003887181170284748,0.027733558788895607
98546,1259,206.0,206,,nnknn,500,36193,132827,22775,55297,13418,77530,1051,6342,0.05,0.05,True,"[0.19206097722053528, 0.8079390525817871]","[0.20745792984962463, 0.792542040348053]","[273, 227]",0.0,0.003887181170284748,0.027733558788895607
99005,1260,459.0,459,47.4067268371582,nnknn,500,36260,134991,22802,56389,13458,78602,1068,6445,0.05,0.05,True,"[0.40502163767814636, 0.5949783325195312]","[0.40977054834365845, 0.5902293920516968]","[264, 236]",0.0,0.0038531827740371227,0.027233678847551346
99382,1261,377.0,377,,nnknn,500,36260,134991,22802,56389,13458,78602,1068,6445,0.05,0.05,True,"[0.09108790755271912, 0.9089121222496033]","[0.1115335077047348, 0.888466477394104]","[264, 236]",0.0,0.0038531827740371227,0.027233678847551346
99882,1262,500.0,500,,nnknn,500,36260,134991,22802,56389,13458,78602,1068,6445,0.05,0.05,True,"[0.0, 1.0]","[0.02500000037252903, 0.9749999642372131]","[264, 236]",0.0,0.0038531827740371227,0.027233678847551346
100216,1263,334.0,334,,nnknn,500,36260,134991,22802,56389,13458,78602,1068,6445,0.05,0.05,True,"[0.09381954371929169, 0.9061805009841919]","[0.11412856727838516, 0.8858714699745178]","[264, 236]",0.0,0.0038531827740371227,0.027233678847551346
100631,1264,415.0,415,63.86663055419922,nnknn,460,37866,136538,24377,56389,13489,80149,1081,6493,0.05,0.05,True,"[0.0, 1.0]","[0.02500000037252903, 0.9749999642372131]","[238, 222]",0.00046158491750247777,0.004195735324174166,0.02773303911089897
101131,1265,500.0,500,,nnknn,460,37866,136538,24377,56389,13489,80149,1081,6493,0.05,0.05,True,"[1.0, 0.0]","[0.9749999642372131, 0.02500000037252903]","[238, 222]",0.00046158491750247777,0.004195735324174166,0.02773303911089897
101460,1266,329.0,329,,nnknn,460,37866,136538,24377,56389,13489,80149,1081,6493,0.05,0.05,True,"[0.5257837176322937, 0.4742163121700287]","[0.5244945287704468, 0.4755055010318756]","[238, 222]",0.00046158491750247777,0.004195735324174166,0.02773303911089897
101960,1267,500.0,500,,nnknn,460,37866,136538,24377,56389,13489,80149,1081,6493,0.05,0.05,True,"[0.3486117422580719, 0.6513882279396057]","[0.35618114471435547, 0.6438187956809998]","[238, 222]",0.00046158491750247777,0.004195735324174166,0.02773303911089897
102460,1268,500.0,500,41.497135162353516,nnknn,500,37900,139977,24382,58120,13518,81857,1092,6585,0.05,0.05,True,"[0.6082106232643127, 0.39178943634033203]","[0.6028000712394714, 0.39719995856285095]","[258, 242]",0.0,0.0038506921846419573,0.02727188542485237
102668,1269,208.0,208,,nnknn,500,37900,139977,24382,58120,13518,81857,1092,6585,0.05,0.05,True,"[0.5955297350883484, 0.404470294713974]","[0.5907531976699829, 0.4092467725276947]","[258, 242]",0.0,0.0038506921846419573,0.02727188542485237
102828,1270,160.0,160,,nnknn,500,37900,139977,24382,58120,13518,81857,1092,6585,0.05,0.05,True,"[0.6535547971725464, 0.3464452028274536]","[0.6458770036697388, 0.35412293672561646]","[258, 242]",0.0,0.0038506921846419573,0.02727188542485237
103328,1271,500.0,500,,nnknn,500,37900,139977,24382,58120,13518,81857,1092,6585,0.05,0.05,True,"[0.0, 1.0]","[0.02500000037252903, 0.9749999642372131]","[258, 242]",0.0,0.0038506921846419573,0.02727188542485237
103575,1272,247.0,247,50.0218505859375,nnknn,462,39012,140917,25457,58120,13555,82797,1108,6723,0.05,0.05,True,"[0.43267643451690674, 0.5673235654830933]","[0.4360426068305969, 0.5639573335647583]","[238, 224]",0.0004797580186277628,0.004175372421741486,0.027771785855293274
103918,1273,343.0,343,,nnknn,462,39012,140917,25457,58120,13555,82797,1108,6723,0.05,0.05,True,"[1.0, 0.0]","[0.9749999642372131, 0.02500000037252903]","[238, 224]",0.0004797580186277628,0.004175372421741486,0.027771785855293274
104418,1274,500.0,500,,nnknn,462,39012,140917,25457,58120,13555,82797,1108,6723,0.05,0.05,True,"[0.09904143214225769, 0.9009585380554199]","[0.11908935755491257, 0.8809105753898621]","[238, 224]",0.0004797580186277628,0.004175372421741486,0.027771785855293274
104818,1275,400.0,400,,nnknn,462,39012,140917,25457,58120,13555,82797,1108,6723,0.05,0.05,True,"[0.11861643940210342, 0.8813835978507996]","[0.1376856118440628, 0.8623144030570984]","[238, 224]",0.0004797580186277628,0.004175372421741486,0.027771785855293274
105147,1276,329.0,329,46.21053695678711,nnknn,500,39063,143743,25471,59558,13592,84185,1121,6870,0.05,0.05,True,"[0.6178249716758728, 0.3821750581264496]","[0.611933708190918, 0.38806629180908203]","[253, 247]",0.0,0.0038565804716199636,0.028271501883864403
105647,1277,500.0,500,,nnknn,500,39063,143743,25471,59558,13592,84185,1121,6870,0.05,0.05,True,"[0.19693227112293243, 0.8030677437782288]","[0.21208566427230835, 0.7879143357276917]","[253, 247]",0.0,0.0038565804716199636,0.028271501883864403
105754,1278,107.0,107,,nnknn,500,39063,143743,25471,59558,13592,84185,1121,6870,0.05,0.05,True,"[0.686281681060791, 0.313718318939209]","[0.6769675612449646, 0.323032408952713]","[253, 247]",0.0,0.0038565804716199636,0.028271501883864403
106190,1279,436.0,436,,nnknn,500,39063,143743,25471,59558,13592,84185,1121,6870,0.05,0.05,True,"[0.1879393309354782, 0.8120607137680054]","[0.20354236662387848, 0.7964576482772827]","[253, 247]",0.0,0.0038565804716199636,0.028271501883864403
106517,1280,327.0,327,60.82115936279297,nnknn,500,39081,146306,25472,60828,13609,85478,1130,6930,0.05,0.05,True,"[0.8984323143959045, 0.10156769305467606]","[0.8785106539726257, 0.12148930877447128]","[256, 244]",0.0,0.0038704569451510906,0.028771353885531425
106820,1281,303.0,303,,nnknn,500,39081,146306,25472,60828,13609,85478,1130,6930,0.05,0.05,True,"[0.5917249321937561, 0.40827512741088867]","[0.5871386528015137, 0.4128613770008087]","[256, 244]",0.0,0.0038704569451510906,0.028771353885531425
107053,1282,233.0,233,,nnknn,500,39081,146306,25472,60828,13609,85478,1130,6930,0.05,0.05,True,"[0.20096352696418762, 0.7990365028381348]","[0.21591535210609436, 0.7840846180915833]","[256, 244]",0.0,0.0038704569451510906,0.028771353885531425
107274,1283,221.0,221,,nnknn,500,39081,146306,25472,60828,13609,85478,1130,6930,0.05,0.05,True,"[1.0, 0.0]","[0.9749999642372131, 0.02500000037252903]","[256, 244]",0.0,0.0038704569451510906,0.028771353885531425
107465,1284,191.0,191,67.6011734008789,nnknn,500,40017,147106,25508,61628,14509,85478,1144,7021,0.05,0.05,True,"[0.27530619502067566, 0.724693775177002]","[0.2865408957004547, 0.7134590744972229]","[259, 241]",0.0,0.0038707549683749676,0.028271446004509926
107580,1285,115.0,115,,nnknn,500,40017,147106,25508,61628,14509,85478,1144,7021,0.05,0.05,True,"[0.8961108326911926, 0.10388916730880737]","[0.8763052821159363, 0.12369470298290253]","[259, 241]",0.0,0.0038707549683749676,0.028271446004509926
107851,1286,271.0,271,,nnknn,500,40017,147106,25508,61628,14509,85478,1144,7021,0.05,0.05,True,"[0.3675748407840729, 0.6324251890182495]","[0.3741961121559143, 0.6258038878440857]","[259, 241]",0.0,0.0038707549683749676,0.028271446004509926
108167,1287,316.0,316,,nnknn,500,40017,147106,25508,61628,14509,85478,1144,7021,0.05,0.05,True,"[0.39522236585617065, 0.6047776341438293]","[0.40046125650405884, 0.5995387434959412]","[259, 241]",0.0,0.0038707549683749676,0.028271446004509926
108248,1288,81.0,81,64.78730010986328,nnknn,500,40070,148381,25545,62243,14525,86138,1157,7085,0.05,0.05,True,"[1.0, 0.0]","[0.9749999642372131, 0.02500000037252903]","[256, 244]",0.0,0.0038735629059374332,0.02877085655927658
108383,1289,135.0,135,,nnknn,500,40070,148381,25545,62243,14525,86138,1157,7085,0.05,0.05,True,"[0.699368953704834, 0.3006310760974884]","[0.6894004940986633, 0.31059953570365906]","[256, 244]",0.0,0.0038735629059374332,0.02877085655927658
108596,1290,213.0,213,,nnknn,500,40070,148381,25545,62243,14525,86138,1157,7085,0.05,0.05,True,"[0.3202560544013977, 0.6797439455986023]","[0.3292432427406311, 0.6707566976547241]","[256, 244]",0.0,0.0038735629059374332,0.02877085655927658
108718,1291,122.0,122,,nnknn,500,40070,148381,25545,62243,14525,86138,1157,7085,0.05,0.05,True,"[0.1744394302368164, 0.8255605697631836]","[0.19071745872497559, 0.8092824816703796]","[256, 244]",0.0,0.0038735629059374332,0.02877085655927658
108813,1292,95.0,95,68.62168884277344,nnknn,500,40134,149245,25578,62636,14556,86609,1172,7148,0.05,0.05,True,"[0.6684490442276001, 0.3315510153770447]","[0.6600265502929688, 0.33997347950935364]","[258, 242]",0.0,0.0038668420165777206,0.02850332483649254
109090,1293,277.0,277,,nnknn,500,40134,149245,25578,62636,14556,86609,1172,7148,0.05,0.05,True,"[0.0982840359210968, 0.9017159938812256]","[0.11836983263492584, 0.8816301822662354]","[258, 242]",0.0,0.0038668420165777206,0.02850332483649254
109203,1294,113.0,113,,nnknn,500,40134,149245,25578,62636,14556,86609,1172,7148,0.05,0.05,True,"[1.0, 0.0]","[0.9749999642372131, 0.02500000037252903]","[258, 242]",0.0,0.0038668420165777206,0.02850332483649254
109559,1295,356.0,356,,nnknn,500,40134,149245,25578,62636,14556,86609,1172,7148,0.05,0.05,True,"[0.4196779131889343, 0.5803220868110657]","[0.42369401454925537, 0.5763059258460999]","[258, 242]",0.0,0.0038668420165777206,0.02850332483649254
109948,1296,389.0,389,85.34396362304688,nnknn,500,40203,151169,25600,63589,14603,87580,1188,7265,0.05,0.05,True,"[0.6859686970710754, 0.31403136253356934]","[0.676670253276825, 0.3233298063278198]","[266, 234]",0.0,0.0039002075791358948,0.028003936633467674
110113,1297,165.0,165,,nnknn,500,40203,151169,25600,63589,14603,87580,1188,7265,0.05,0.05,True,"[0.5630029439926147, 0.43699705600738525]","[0.5598527789115906, 0.44014719128608704]","[266, 234]",0.0,0.0039002075791358948,0.028003936633467674
110241,1298,128.0,128,,nnknn,500,40203,151169,25600,63589,14603,87580,1188,7265,0.05,0.05,True,"[0.5583764314651489, 0.4416235685348511]","[0.555457592010498, 0.44454237818717957]","[266, 234]",0.0,0.0039002075791358948,0.028003936633467674
110633,1299,392.0,392,,nnknn,500,40203,151169,25600,63589,14603,87580,1188,7265,0.05,0.05,True,"[0.7362006306648254, 0.26379936933517456]","[0.7243905663490295, 0.27560940384864807]","[266, 234]",0.0,0.0039002075791358948,0.028003936633467674
110856,1300,223.0,223,37.75621032714844,nnknn,500,40252,152681,25613,64354,14639,88327,1201,7390,0.05,0.05,True,"[0.5168443918228149, 0.48315560817718506]","[0.5160021781921387, 0.48399782180786133]","[265, 235]",0.0,0.0038574470672756433,0.027739768847823143
111168,1301,312.0,312,,nnknn,500,40252,152681,25613,64354,14639,88327,1201,7390,0.05,0.05,True,"[0.5025996565818787, 0.4974003732204437]","[0.5024696588516235, 0.49753034114837646]","[265, 235]",0.0,0.0038574470672756433,0.027739768847823143
111384,1302,216.0,216,,nnknn,500,40252,152681,25613,64354,14639,88327,1201,7390,0.05,0.05,True,"[0.0, 1.0]","[0.02500000037252903, 0.9749999642372131]","[265, 235]",0.0,0.0038574470672756433,0.027739768847823143
111539,1303,155.0,155,,nnknn,500,40252,152681,25613,64354,14639,88327,1201,7390,0.05,0.05,True,"[0.8068803548812866, 0.19311967492103577]","[0.7915363311767578, 0.20846369862556458]","[265, 235]",0.0,0.0038574470672756433,0.027739768847823143
111680,1304,141.0,141,65.18133544921875,nnknn,500,40353,154002,25639,65004,14714,88998,1217,7468,0.05,0.05,True,"[0.18951451778411865, 0.8104855418205261]","[0.20503880083560944, 0.7949612140655518]","[260, 240]",0.0,0.003876888658851385,0.027476781979203224
111942,1305,262.0,262,,nnknn,500,40353,154002,25639,65004,14714,88998,1217,7468,0.05,0.05,True,"[0.748261570930481, 0.25173842906951904]","[0.7358484864234924, 0.26415151357650757]","[260, 240]",0.0,0.003876888658851385,0.027476781979203224
112223,1306,281.0,281,,nnknn,500,40353,154002,25639,65004,14714,88998,1217,7468,0.05,0.05,True,"[0.4016503691673279, 0.5983496308326721]","[0.40656784176826477, 0.5934321284294128]","[260, 240]",0.0,0.003876888658851385,0.027476781979203224
112448,1307,225.0,225,,nnknn,500,40353,154002,25639,65004,14714,88998,1217,7468,0.05,0.05,True,"[0.4024432301521301, 0.5975568294525146]","[0.4073210656642914, 0.592678964138031]","[260, 240]",0.0,0.003876888658851385,0.027476781979203224
112726,1308,278.0,278,62.24208450317383,nnknn,454,41358,154910,26588,65004,14770,89906,1228,7550,0.05,0.05,True,"[0.7686377167701721, 0.2313622683286667]","[0.7552058100700378, 0.24479416012763977]","[237, 217]",0.00045649928506463766,0.004260962828993797,0.027214983478188515
112949,1309,223.0,223,,nnknn,454,41358,154910,26588,65004,14770,89906,1228,7550,0.05,0.05,True,"[0.34890174865722656, 0.6510982513427734]","[0.3564566671848297, 0.6435433030128479]","[237, 217]",0.00045649928506463766,0.004260962828993797,0.027214983478188515
113101,1310,152.0,152,,nnknn,454,41358,154910,26588,65004,14770,89906,1228,7550,0.05,0.05,True,"[0.47187739610671997, 0.52812260389328]","[0.4732835292816162, 0.5267164707183838]","[237, 217]",0.00045649928506463766,0.004260962828993797,0.027214983478188515
113342,1311,241.0,241,,nnknn,454,41358,154910,26588,65004,14770,89906,1228,7550,0.05,0.05,True,"[0.3503592908382416, 0.649640679359436]","[0.3578413426876068, 0.6421586275100708]","[237, 217]",0.00045649928506463766,0.004260962828993797,0.027214983478188515
113526,1312,184.0,184,51.712120056152344,nnknn,500,41422,156188,26589,65638,14833,90550,1240,7643,0.05,0.05,True,"[1.0, 0.0]","[0.9749999642372131, 0.02500000037252903]","[263, 237]",0.0,0.0038389842957258224,0.02694237045943737
113649,1313,123.0,123,,nnknn,500,41422,156188,26589,65638,14833,90550,1240,7643,0.05,0.05,True,"[0.7599678635597229, 0.2400321513414383]","[0.74696946144104, 0.25303053855895996]","[263, 237]",0.0,0.0038389842957258224,0.02694237045943737
114092,1314,443.0,443,,nnknn,500,41422,156188,26589,65638,14833,90550,1240,7643,0.05,0.05,True,"[0.26454856991767883, 0.7354514598846436]","[0.276321142911911, 0.7236788272857666]","[263, 237]",0.0,0.0038389842957258224,0.02694237045943737
114272,1315,180.0,180,,nnknn,500,41422,156188,26589,65638,14833,90550,1240,7643,0.05,0.05,True,"[0.26630958914756775, 0.7336903810501099]","[0.2779941260814667, 0.7220058441162109]","[263, 237]",0.0,0.0038389842957258224,0.02694237045943737
114412,1316,140.0,140,46.582359313964844,nnknn,500,41503,157717,26620,66373,14883,91344,1252,7685,0.05,0.05,True,"[0.4008043110370636, 0.5991957187652588]","[0.405764102935791, 0.594235897064209]","[267, 233]",0.0,0.003865099512040615,0.0266830213367939
114593,1317,181.0,181,,nnknn,500,41503,157717,26620,66373,14883,91344,1252,7685,0.05,0.05,True,"[0.09247709810733795, 0.9075229167938232]","[0.11285324394702911, 0.8871467113494873]","[267, 233]",0.0,0.003865099512040615,0.0266830213367939
115031,1318,438.0,438,,nnknn,500,41503,157717,26620,66373,14883,91344,1252,7685,0.05,0.05,True,"[0.37723711133003235, 0.62276291847229]","[0.38337525725364685, 0.6166247129440308]","[267, 233]",0.0,0.003865099512040615,0.0266830213367939
115369,1319,338.0,338,,nnknn,500,41503,157717,26620,66373,14883,91344,1252,7685,0.05,0.05,True,"[0.6408330798149109, 0.3591669797897339]","[0.6337913870811462, 0.36620864272117615]","[267, 233]",0.0,0.003865099512040615,0.0266830213367939
115485,1320,116.0,116,59.64821243286133,nnknn,454,42528,158652,27594,66373,14934,92279,1264,7772,0.05,0.05,True,"[0.19719070196151733, 0.8028093576431274]","[0.21233117580413818, 0.7876688838005066]","[235, 219]",0.00042529095662757754,0.00425119511783123,0.026183290407061577
115736,1321,251.0,251,,nnknn,454,42528,158652,27594,66373,14934,92279,1264,7772,0.05,0.05,True,"[0.7784460783004761, 0.22155393660068512]","[0.7645237445831299, 0.23547624051570892]","[235, 219]",0.00042529095662757754,0.00425119511783123,0.026183290407061577
116130,1322,394.0,394,,nnknn,454,42528,158652,27594,66373,14934,92279,1264,7772,0.05,0.05,True,"[1.0, 0.0]","[0.9749999642372131, 0.02500000037252903]","[235, 219]",0.00042529095662757754,0.00425119511783123,0.026183290407061577
116299,1323,169.0,169,,nnknn,454,42528,158652,27594,66373,14934,92279,1264,7772,0.05,0.05,True,"[0.9070001840591431, 0.09299979358911514]","[0.8866501450538635, 0.1133498027920723]","[235, 219]",0.00042529095662757754,0.00425119511783123,0.026183290407061577
116475,1324,176.0,176,43.96244430541992,nnknn,500,42576,160343,27600,67194,14976,93149,1277,7850,0.05,0.05,True,"[0.8950289487838745, 0.10497104376554489]","[0.8752774596214294, 0.12472248822450638]","[259, 241]",0.0,0.003895186586305499,0.026683161035180092
116743,1325,268.0,268,,nnknn,500,42576,160343,27600,67194,14976,93149,1277,7850,0.05,0.05,True,"[0.8086878657341003, 0.19131214916706085]","[0.7932534217834473, 0.20674654841423035]","[259, 241]",0.0,0.003895186586305499,0.026683161035180092
117026,1326,283.0,283,,nnknn,500,42576,160343,27600,67194,14976,93149,1277,7850,0.05,0.05,True,"[0.709720253944397, 0.2902797758579254]","[0.6992341876029968, 0.3007657825946808]","[259, 241]",0.0,0.003895186586305499,0.026683161035180092
117374,1327,348.0,348,,nnknn,500,42576,160343,27600,67194,14976,93149,1277,7850,0.05,0.05,True,"[0.3035399615764618, 0.6964600682258606]","[0.3133629560470581, 0.6866370439529419]","[259, 241]",0.0,0.003895186586305499,0.026683161035180092
117874,1328,500.0,500,47.07114028930664,nnknn,500,42650,162881,27634,68423,15016,94458,1291,7900,0.05,0.05,True,"[0.7069292068481445, 0.29307082295417786]","[0.6965827345848083, 0.30341729521751404]","[276, 224]",0.0,0.003939025569707155,0.026183227077126503
118027,1329,153.0,153,,nnknn,500,42650,162881,27634,68423,15016,94458,1291,7900,0.05,0.05,True,"[0.6645112037658691, 0.33548882603645325]","[0.6562855839729309, 0.3437143862247467]","[276, 224]",0.0,0.003939025569707155,0.026183227077126503
118160,1330,133.0,133,,nnknn,500,42650,162881,27634,68423,15016,94458,1291,7900,0.05,0.05,True,"[0.3988127112388611, 0.6011872887611389]","[0.4038720726966858, 0.5961278676986694]","[276, 224]",0.0,0.003939025569707155,0.026183227077126503
118347,1331,187.0,187,,nnknn,500,42650,162881,27634,68423,15016,94458,1291,7900,0.05,0.05,True,"[0.39231401681900024, 0.6076859831809998]","[0.397698312997818, 0.6023016571998596]","[276, 224]",0.0,0.003939025569707155,0.026183227077126503
118509,1332,162.0,162,35.448490142822266,nnknn,500,43302,163349,27661,68891,15641,94458,1302,7948,0.05,0.05,True,"[0.498293936252594, 0.5017061233520508]","[0.4983792304992676, 0.5016208291053772]","[270, 230]",0.0,0.00395630206912756,0.02668304555118084
118691,1333,182.0,182,,nnknn,500,43302,163349,27661,68891,15641,94458,1302,7948,0.05,0.05,True,"[0.722091019153595, 0.27790898084640503]","[0.7109864354133606, 0.289013534784317]","[270, 230]",0.0,0.00395630206912756,0.02668304555118084
118922,1334,231.0,231,,nnknn,500,43302,163349,27661,68891,15641,94458,1302,7948,0.05,0.05,True,"[0.46095916628837585, 0.5390408039093018]","[0.4629112184047699, 0.5370887517929077]","[270, 230]",0.0,0.00395630206912756,0.02668304555118084
119223,1335,301.0,301,,nnknn,500,43302,163349,27661,68891,15641,94458,1302,7948,0.05,0.05,True,"[0.7945933938026428, 0.20540662109851837]","[0.779863715171814, 0.22013629972934723]","[270, 230]",0.0,0.00395630206912756,0.02668304555118084
119518,1336,295.0,295,35.86421203613281,nnknn,500,43342,165095,27687,69771,15655,95324,1316,8039,0.05,0.05,True,"[0.2746596932411194, 0.7253403067588806]","[0.2859266996383667, 0.7140732407569885]","[271, 229]",0.0,0.003963847644627094,0.02642490528523922
119703,1337,185.0,185,,nnknn,500,43342,165095,27687,69771,15655,95324,1316,8039,0.05,0.05,True,"[0.3758559823036194, 0.6241440773010254]","[0.3820631802082062, 0.6179368495941162]","[271, 229]",0.0,0.003963847644627094,0.02642490528523922
119972,1338,269.0,269,,nnknn,500,43342,165095,27687,69771,15655,95324,1316,8039,0.05,0.05,True,"[0.288271963596344, 0.711728036403656]","[0.2988583743572235, 0.7011415958404541]","[271, 229]",0.0,0.003963847644627094,0.02642490528523922
120210,1339,238.0,238,,nnknn,500,43342,165095,27687,69771,15655,95324,1316,8039,0.05,0.05,True,"[0.7420738935470581, 0.25792616605758667]","[0.7299701571464539, 0.27002984285354614]","[271, 229]",0.0,0.003963847644627094,0.02642490528523922
120413,1340,203.0,203,39.79994201660156,nnknn,457,44187,165879,28486,69771,15701,96108,1329,8104,0.05,0.05,True,"[0.19248361885547638, 0.8075163960456848]","[0.20785944163799286, 0.792140543460846]","[245, 212]",0.0004803757183253765,0.004331862088292837,0.02616797760128975
120603,1341,190.0,190,,nnknn,457,44187,165879,28486,69771,15701,96108,1329,8104,0.05,0.05,True,"[0.7412275075912476, 0.25877252221107483]","[0.7291660904884338, 0.2708338797092438]","[245, 212]",0.0004803757183253765,0.004331862088292837,0.02616797760128975
120820,1342,217.0,217,,nnknn,457,44187,165879,28486,69771,15701,96108,1329,8104,0.05,0.05,True,"[0.0, 1.0]","[0.02500000037252903, 0.9749999642372131]","[245, 212]",0.0004803757183253765,0.004331862088292837,0.02616797760128975
121002,1343,182.0,182,,nnknn,457,44187,165879,28486,69771,15701,96108,1329,8104,0.05,0.05,True,"[0.7661807537078857, 0.23381924629211426]","[0.7528716921806335, 0.24712829291820526]","[245, 212]",0.0004803757183253765,0.004331862088292837,0.02616797760128975
121167,1344,165.0,165,39.44224548339844,nnknn,500,44223,167101,28494,70347,15729,96754,1343,8184,0.05,0.05,True,"[0.9169802665710449, 0.08301971107721329]","[0.8961312174797058, 0.10386872291564941]","[269, 231]",0.0,0.003927937243133783,0.025901054963469505
121372,1345,205.0,205,,nnknn,500,44223,167101,28494,70347,15729,96754,1343,8184,0.05,0.05,True,"[0.8937900066375732, 0.10621000826358795]","[0.8741004467010498, 0.1258995085954666]","[269, 231]",0.0,0.003927937243133783,0.025901054963469505
121487,1346,115.0,115,,nnknn,500,44223,167101,28494,70347,15729,96754,1343,8184,0.05,0.05,True,"[0.39438509941101074, 0.6056149005889893]","[0.39966583251953125, 0.600334107875824]","[269, 231]",0.0,0.003927937243133783,0.025901054963469505
121654,1347,167.0,167,,nnknn,500,44223,167101,28494,70347,15729,96754,1343,8184,0.05,0.05,True,"[0.10670358687639236, 0.8932964205741882]","[0.12636840343475342, 0.8736315369606018]","[269, 231]",0.0,0.003927937243133783,0.025901054963469505
121911,1348,257.0,257,65.67861938476562,nnknn,500,44297,168345,28531,70926,15766,97419,1354,8226,0.05,0.05,True,"[0.3905683159828186, 0.6094317436218262]","[0.3960399031639099, 0.6039600968360901]","[267, 233]",0.0,0.00395102147012949,0.025646628811955452
122141,1349,230.0,230,,nnknn,500,44297,168345,28531,70926,15766,97419,1354,8226,0.05,0.05,True,"[0.0, 1.0]","[0.02500000037252903, 0.9749999642372131]","[267, 233]",0.0,0.00395102147012949,0.025646628811955452
122292,1350,151.0,151,,nnknn,500,44297,168345,28531,70926,15766,97419,1354,8226,0.05,0.05,True,"[0.09316921979188919, 0.9068307876586914]","[0.11351075768470764, 0.88648921251297]","[267, 233]",0.0,0.00395102147012949,0.025646628811955452
122607,1351,315.0,315,,nnknn,500,44297,168345,28531,70926,15766,97419,1354,8226,0.05,0.05,True,"[0.09278419613838196, 0.9072158336639404]","[0.11314498633146286, 0.8868550062179565]","[267, 233]",0.0,0.00395102147012949,0.025646628811955452
122788,1352,181.0,181,49.849124908447266,nnknn,500,44367,169790,28564,71598,15803,98192,1367,8293,0.05,0.05,True,"[0.0882633849978447, 0.9117366075515747]","[0.10885021090507507, 0.8911497592926025]","[254, 246]",0.0,0.003945418167859316,0.02539343759417534
122996,1353,208.0,208,,nnknn,500,44367,169790,28564,71598,15803,98192,1367,8293,0.05,0.05,True,"[0.39555469155311584, 0.6044453382492065]","[0.4007769525051117, 0.5992230176925659]","[254, 246]",0.0,0.003945418167859316,0.02539343759417534
123186,1354,190.0,190,,nnknn,500,44367,169790,28564,71598,15803,98192,1367,8293,0.05,0.05,True,"[0.29939624667167664, 0.7006037831306458]","[0.3094264268875122, 0.6905735731124878]","[254, 246]",0.0,0.003945418167859316,0.02539343759417534
123438,1355,252.0,252,,nnknn,500,44367,169790,28564,71598,15803,98192,1367,8293,0.05,0.05,True,"[0.7334902286529541, 0.2665097415447235]","[0.7218157052993774, 0.27818426489830017]","[254, 246]",0.0,0.003945418167859316,0.02539343759417534
123615,1356,177.0,177,35.4782829284668,nnknn,456,45155,170500,29313,71598,15842,98902,1379,8371,0.05,0.05,True,"[0.2991662919521332, 0.7008336782455444]","[0.3092079758644104, 0.6907919645309448]","[235, 221]",0.0004998494405299425,0.0043197316117584705,0.025141485035419464
123754,1357,139.0,139,,nnknn,456,45155,170500,29313,71598,15842,98902,1379,8371,0.05,0.05,True,"[0.7129039764404297, 0.2870960235595703]","[0.7022587656974792, 0.29774123430252075]","[235, 221]",0.0004998494405299425,0.0043197316117584705,0.025141485035419464
124063,1358,309.0,309,,nnknn,456,45155,170500,29313,71598,15842,98902,1379,8371,0.05,0.05,True,"[0.5194917321205139, 0.48050829768180847]","[0.5185171365737915, 0.4814828932285309]","[235, 221]",0.0004998494405299425,0.0043197316117584705,0.025141485035419464
124359,1359,296.0,296,,nnknn,456,45155,170500,29313,71598,15842,98902,1379,8371,0.05,0.05,True,"[0.900116503238678, 0.09988349676132202]","[0.8801106214523315, 0.11988931894302368]","[235, 221]",0.0004998494405299425,0.0043197316117584705,0.025141485035419464
124659,1360,300.0,300,43.3745002746582,nnknn,500,45207,172252,29317,72464,15890,99788,1393,8481,0.05,0.05,True,"[0.4298739433288574, 0.5701260566711426]","[0.43338024616241455, 0.5666196942329407]","[258, 242]",0.0,0.003908065613359213,0.024879274889826775
124918,1361,259.0,259,,nnknn,500,45207,172252,29317,72464,15890,99788,1393,8481,0.05,0.05,True,"[0.4987811744213104, 0.501218855381012]","[0.49884212017059326, 0.5011578798294067]","[258, 242]",0.0,0.003908065613359213,0.024879274889826775
125155,1362,237.0,237,,nnknn,500,45207,172252,29317,72464,15890,99788,1393,8481,0.05,0.05,True,"[0.6755961775779724, 0.3244038224220276]","[0.6668163537979126, 0.3331836462020874]","[258, 242]",0.0,0.003908065613359213,0.024879274889826775
125500,1363,345.0,345,,nnknn,500,45207,172252,29317,72464,15890,99788,1393,8481,0.05,0.05,True,"[0.9089475274085999, 0.09105251729488373]","[0.8885000944137573, 0.11149989068508148]","[258, 242]",0.0,0.003908065613359213,0.024879274889826775
125831,1364,331.0,331,57.536685943603516,nnknn,500,45235,174289,29333,73495,15902,100794,1411,8635,0.05,0.05,True,"[0.9223760962486267, 0.07762390375137329]","[0.9012572765350342, 0.09874270856380463]","[265, 235]",0.0,0.0039308578707277775,0.024629879742860794
126109,1365,278.0,278,,nnknn,500,45235,174289,29333,73495,15902,100794,1411,8635,0.05,0.05,True,"[0.7225545048713684, 0.2774454951286316]","[0.7114267349243164, 0.2885732352733612]","[265, 235]",0.0,0.0039308578707277775,0.024629879742860794
126569,1366,460.0,460,,nnknn,500,45235,174289,29333,73495,15902,100794,1411,8635,0.05,0.05,True,"[1.0, 0.0]","[0.9749999642372131, 0.02500000037252903]","[265, 235]",0.0,0.0039308578707277775,0.024629879742860794
126682,1367,113.0,113,,nnknn,500,45235,174289,29333,73495,15902,100794,1411,8635,0.05,0.05,True,"[1.0, 0.0]","[0.9749999642372131, 0.02500000037252903]","[265, 235]",0.0,0.0039308578707277775,0.024629879742860794
126857,1368,175.0,175,66.22896575927734,nnknn,500,45268,176096,29344,74378,15924,101718,1428,8715,0.05,0.05,True,"[1.0, 0.0]","[0.9749999642372131, 0.02500000037252903]","[266, 234]",0.0,0.0039902604185044765,0.025129267945885658
127170,1369,313.0,313,,nnknn,500,45268,176096,29344,74378,15924,101718,1428,8715,0.05,0.05,True,"[0.38255760073661804, 0.6174424290657043]","[0.3884297311306, 0.6115702986717224]","[266, 234]",0.0,0.0039902604185044765,0.025129267945885658
127358,1370,188.0,188,,nnknn,500,45268,176096,29344,74378,15924,101718,1428,8715,0.05,0.05,True,"[0.9186652898788452, 0.08133471012115479]","[0.8977320194244385, 0.10226797312498093]","[266, 234]",0.0,0.0039902604185044765,0.025129267945885658
127703,1371,345.0,345,,nnknn,500,45268,176096,29344,74378,15924,101718,1428,8715,0.05,0.05,True,"[0.48196449875831604, 0.5180355310440063]","[0.4828662872314453, 0.5171337127685547]","[266, 234]",0.0,0.0039902604185044765,0.025129267945885658
128019,1372,316.0,316,50.34221267700195,nnknn,500,45362,178114,29387,75370,15975,102744,1441,8800,0.05,0.05,True,"[0.0, 1.0]","[0.02500000037252903, 0.9749999642372131]","[264, 236]",0.0,0.003999825567007065,0.024878622964024544
128300,1373,281.0,281,,nnknn,500,45362,178114,29387,75370,15975,102744,1441,8800,0.05,0.05,True,"[0.625878632068634, 0.37412136793136597]","[0.6195846796035767, 0.38041529059410095]","[264, 236]",0.0,0.003999825567007065,0.024878622964024544
128500,1374,200.0,200,,nnknn,500,45362,178114,29387,75370,15975,102744,1441,8800,0.05,0.05,True,"[0.21269692480564117, 0.78730309009552]","[0.22706207633018494, 0.7729378938674927]","[264, 236]",0.0,0.003999825567007065,0.024878622964024544
128893,1375,393.0,393,,nnknn,500,45362,178114,29387,75370,15975,102744,1441,8800,0.05,0.05,True,"[0.5976370573043823, 0.40236300230026245]","[0.5927551984786987, 0.40724486112594604]","[264, 236]",0.0,0.003999825567007065,0.024878622964024544
129328,1376,435.0,435,44.822227478027344,nnknn,500,45435,180502,29416,76545,16019,103957,1454,8852,0.05,0.05,True,"[0.7079970240592957, 0.2920030355453491]","[0.6975971460342407, 0.30240288376808167]","[257, 243]",0.0,0.00402302760630846,0.02462923154234886
129455,1377,127.0,127,,nnknn,500,45435,180502,29416,76545,16019,103957,1454,8852,0.05,0.05,True,"[0.9106345176696777, 0.08936549723148346]","[0.890102744102478, 0.10989721864461899]","[257, 243]",0.0,0.00402302760630846,0.02462923154234886
129760,1378,305.0,305,,nnknn,500,45435,180502,29416,76545,16019,103957,1454,8852,0.05,0.05,True,"[0.12055966258049011, 0.8794403672218323]","[0.1395316869020462, 0.860468327999115]","[257, 243]",0.0,0.00402302760630846,0.02462923154234886
129928,1379,168.0,168,,nnknn,500,45435,180502,29416,76545,16019,103957,1454,8852,0.05,0.05,True,"[0.5995349884033203, 0.4004650115966797]","[0.5945581793785095, 0.4054417610168457]","[257, 243]",0.0,0.00402302760630846,0.02462923154234886
130341,1380,413.0,413,75.36650848388672,nnknn,500,45490,182317,29450,77432,16040,104885,1466,8916,0.05,0.05,True,"[0.908650279045105, 0.0913497731089592]","[0.8882177472114563, 0.11178228259086609]","[264, 236]",0.0,0.003981121815741062,0.02438109926879406
130792,1381,451.0,451,,nnknn,500,45490,182317,29450,77432,16040,104885,1466,8916,0.05,0.05,True,"[0.565446138381958, 0.43455392122268677]","[0.5621737837791443, 0.4378262162208557]","[264, 236]",0.0,0.003981121815741062,0.02438109926879406
131214,1382,422.0,422,,nnknn,500,45490,182317,29450,77432,16040,104885,1466,8916,0.05,0.05,True,"[0.8084554076194763, 0.19154460728168488]","[0.7930325865745544, 0.20696738362312317]","[264, 236]",0.0,0.003981121815741062,0.02438109926879406
131587,1383,373.0,373,,nnknn,500,45490,182317,29450,77432,16040,104885,1466,8916,0.05,0.05,True,"[0.2549966275691986, 0.7450034022331238]","[0.2672467827796936, 0.7327532172203064]","[264, 236]",0.0,0.003981121815741062,0.02438109926879406
131873,1384,286.0,286,56.555946350097656,nnknn,500,45526,185096,29466,78782,16060,106314,1481,8999,0.05,0.05,True,"[0.25729531049728394, 0.7427047491073608]","[0.269430547952652, 0.7305694818496704]","[263, 237]",0.0,0.00398958008736372,0.024134231731295586
132373,1385,500.0,500,,nnknn,500,45526,185096,29466,78782,16060,106314,1481,8999,0.05,0.05,True,"[0.5427809953689575, 0.45721906423568726]","[0.5406419038772583, 0.4593581259250641]","[263, 237]",0.0,0.00398958008736372,0.024134231731295586
132628,1386,255.0,255,,nnknn,500,45526,185096,29466,78782,16060,106314,1481,8999,0.05,0.05,True,"[0.29714882373809814, 0.7028511762619019]","[0.3072913885116577, 0.6927086114883423]","[263, 237]",0.0,0.00398958008736372,0.024134231731295586
132871,1387,243.0,243,,nnknn,500,45526,185096,29466,78782,16060,106314,1481,8999,0.05,0.05,True,"[0.0, 1.0]","[0.02500000037252903, 0.9749999642372131]","[263, 237]",0.0,0.00398958008736372,0.024134231731295586
133371,1388,500.0,500,61.8292236328125,nnknn,500,45595,187890,29504,80151,16091,107739,1492,9041,0.05,0.05,True,"[0.90251624584198, 0.09748375415802002]","[0.8823903799057007, 0.11760956048965454]","[259, 241]",0.0,0.0039664567448198795,0.023888636380434036
133661,1389,290.0,290,,nnknn,500,45595,187890,29504,80151,16091,107739,1492,9041,0.05,0.05,True,"[0.11445765197277069, 0.8855423331260681]","[0.1337347775697708, 0.8662651777267456]","[259, 241]",0.0,0.0039664567448198795,0.023888636380434036
133925,1390,264.0,264,,nnknn,500,45595,187890,29504,80151,16091,107739,1492,9041,0.05,0.05,True,"[0.44947758316993713, 0.5505224466323853]","[0.45200371742248535, 0.5479962825775146]","[259, 241]",0.0,0.0039664567448198795,0.023888636380434036
134246,1391,321.0,321,,nnknn,500,45595,187890,29504,80151,16091,107739,1492,9041,0.05,0.05,True,"[0.3899284899234772, 0.6100715398788452]","[0.3954320549964905, 0.6045679450035095]","[259, 241]",0.0,0.0039664567448198795,0.023888636380434036
134450,1392,204.0,204,32.893585205078125,nnknn,500,45658,189831,29533,81124,16125,108707,1507,9118,0.05,0.05,True,"[0.6129733920097351, 0.3870265781879425]","[0.6073247194290161, 0.3926752507686615]","[260, 240]",0.0,0.003996755462139845,0.02387097105383873
134719,1393,269.0,269,,nnknn,500,45658,189831,29533,81124,16125,108707,1507,9118,0.05,0.05,True,"[0.6998454332351685, 0.30015456676483154]","[0.6898531317710876, 0.31014683842658997]","[260, 240]",0.0,0.003996755462139845,0.02387097105383873
134990,1394,271.0,271,,nnknn,500,45658,189831,29533,81124,16125,108707,1507,9118,0.05,0.05,True,"[0.6988749504089355, 0.30112507939338684]","[0.6889311671257019, 0.3110688328742981]","[260, 240]",0.0,0.003996755462139845,0.02387097105383873
135269,1395,279.0,279,,nnknn,500,45658,189831,29533,81124,16125,108707,1507,9118,0.05,0.05,True,"[0.8074620962142944, 0.19253793358802795]","[0.7920889854431152, 0.20791104435920715]","[260, 240]",0.0,0.003996755462139845,0.02387097105383873
135659,1396,390.0,390,40.900272369384766,nnknn,500,45742,191993,29571,82215,16171,109778,1521,9210,0.05,0.05,True,"[0.39289742708206177, 0.6071025729179382]","[0.39825254678726196, 0.6017473936080933]","[268, 232]",0.0,0.004046832211315632,0.024370945990085602
135845,1397,186.0,186,,nnknn,500,45742,191993,29571,82215,16171,109778,1521,9210,0.05,0.05,True,"[0.39683783054351807, 0.6031621694564819]","[0.4019959270954132, 0.5980040431022644]","[268, 232]",0.0,0.004046832211315632,0.024370945990085602
136141,1398,296.0,296,,nnknn,500,45742,191993,29571,82215,16171,109778,1521,9210,0.05,0.05,True,"[0.8261948227882385, 0.17380520701408386]","[0.8098850250244141, 0.19011494517326355]","[268, 232]",0.0,0.004046832211315632,0.024370945990085602
136393,1399,252.0,252,,nnknn,500,45742,191993,29571,82215,16171,109778,1521,9210,0.05,0.05,True,"[0.3197396993637085, 0.6802603602409363]","[0.328752726316452, 0.6712473034858704]","[268, 232]",0.0,0.004046832211315632,0.024370945990085602
136538,1400,145.0,145,46.36721420288086,nnknn,500,45811,193467,29598,82952,16213,110515,1533,9310,0.05,0.05,True,"[1.0, 0.0]","[0.9749999642372131, 0.02500000037252903]","[266, 234]",0.0,0.004037796054035425,0.024124130606651306
136792,1401,254.0,254,,nnknn,500,45811,193467,29598,82952,16213,110515,1533,9310,0.05,0.05,True,"[0.0, 1.0]","[0.02500000037252903, 0.9749999642372131]","[266, 234]",0.0,0.004037796054035425,0.024124130606651306
137152,1402,360.0,360,,nnknn,500,45811,193467,29598,82952,16213,110515,1533,9310,0.05,0.05,True,"[0.32105448842048645, 0.6789455413818359]","[0.3300017714500427, 0.6699982285499573]","[266, 234]",0.0,0.004037796054035425,0.024124130606651306
137278,1403,126.0,126,,nnknn,500,45811,193467,29598,82952,16213,110515,1533,9310,0.05,0.05,True,"[0.9052512049674988, 0.09474878758192062]","[0.8849886059761047, 0.11501134186983109]","[266, 234]",0.0,0.004037796054035425,0.024124130606651306
137450,1404,172.0,172,49.26747131347656,nnknn,500,45887,195003,29630,83683,16257,111320,1546,9373,0.05,0.05,True,"[0.6934030055999756, 0.3065969944000244]","[0.683732807636261, 0.31626713275909424]","[269, 231]",0.0,0.004095848184078932,0.024624021723866463
137689,1405,239.0,239,,nnknn,500,45887,195003,29630,83683,16257,111320,1546,9373,0.05,0.05,True,"[0.352836549282074, 0.6471635103225708]","[0.36019471287727356, 0.6398053169250488]","[269, 231]",0.0,0.004095848184078932,0.024624021723866463
137967,1406,278.0,278,,nnknn,500,45887,195003,29630,83683,16257,111320,1546,9373,0.05,0.05,True,"[0.39744123816490173, 0.6025587916374207]","[0.4025691747665405, 0.5974308252334595]","[269, 231]",0.0,0.004095848184078932,0.024624021723866463
138228,1407,261.0,261,,nnknn,500,45887,195003,29630,83683,16257,111320,1546,9373,0.05,0.05,True,"[0.4647151231765747, 0.5352848768234253]","[0.4664793610572815, 0.5335205793380737]","[269, 231]",0.0,0.004095848184078932,0.024624021723866463
138475,1408,247.0,247,75.3930435180664,nnknn,500,45956,196787,29653,84579,16303,112208,1557,9464,0.05,0.05,True,"[0.0, 1.0]","[0.02500000037252903, 0.9749999642372131]","[273, 227]",0.0,0.00410755630582571,0.02412404678761959
138678,1409,203.0,203,,nnknn,500,45956,196787,29653,84579,16303,112208,1557,9464,0.05,0.05,True,"[0.19995112717151642, 0.8000488877296448]","[0.21495357155799866, 0.785046398639679]","[273, 227]",0.0,0.00410755630582571,0.02412404678761959
138838,1410,160.0,160,,nnknn,500,45956,196787,29653,84579,16303,112208,1557,9464,0.05,0.05,True,"[0.7721618413925171, 0.2278381586074829]","[0.7585537433624268, 0.24144625663757324]","[273, 227]",0.0,0.00410755630582571,0.02412404678761959
139089,1411,251.0,251,,nnknn,500,45956,196787,29653,84579,16303,112208,1557,9464,0.05,0.05,True,"[0.2069566547870636, 0.793043315410614]","[0.22160883247852325, 0.7783911228179932]","[273, 227]",0.0,0.00410755630582571,0.02412404678761959
139327,1412,238.0,238,77.64617919921875,nnknn,500,46018,198247,29679,85264,16339,112983,1568,9505,0.05,0.05,True,"[0.33635175228118896, 0.663648247718811]","[0.34453415870666504, 0.6554657816886902]","[268, 232]",0.0,0.004125270061194897,0.02387850545346737
139700,1413,373.0,373,,nnknn,500,46018,198247,29679,85264,16339,112983,1568,9505,0.05,0.05,True,"[0.28274005651474, 0.7172600030899048]","[0.2936030626296997, 0.7063969969749451]","[268, 232]",0.0,0.004125270061194897,0.02387850545346737
140016,1414,316.0,316,,nnknn,500,46018,198247,29679,85264,16339,112983,1568,9505,0.05,0.05,True,"[0.42429226636886597, 0.5757077932357788]","[0.42807766795158386, 0.5719223618507385]","[268, 232]",0.0,0.004125270061194897,0.02387850545346737
140253,1415,237.0,237,,nnknn,500,46018,198247,29679,85264,16339,112983,1568,9505,0.05,0.05,True,"[0.2623714208602905, 0.7376285791397095]","[0.27425283193588257, 0.7257471084594727]","[268, 232]",0.0,0.004125270061194897,0.02387850545346737
140556,1416,303.0,303,48.317142486572266,nnknn,465,47205,199312,30829,85264,16376,114048,1582,9632,0.05,0.05,True,"[0.9159948229789734, 0.08400517702102661]","[0.8951950669288635, 0.10480491816997528]","[246, 219]",0.0004021770437248051,0.004445044323801994,0.024378331378102303
140788,1417,232.0,232,,nnknn,465,47205,199312,30829,85264,16376,114048,1582,9632,0.05,0.05,True,"[0.6358606219291687, 0.3641394078731537]","[0.6290675401687622, 0.3709324300289154]","[246, 219]",0.0004021770437248051,0.004445044323801994,0.024378331378102303
141039,1418,251.0,251,,nnknn,465,47205,199312,30829,85264,16376,114048,1582,9632,0.05,0.05,True,"[0.4174986481666565, 0.5825013518333435]","[0.42162370681762695, 0.5783762335777283]","[246, 219]",0.0004021770437248051,0.004445044323801994,0.024378331378102303
141276,1419,237.0,237,,nnknn,465,47205,199312,30829,85264,16376,114048,1582,9632,0.05,0.05,True,"[0.5318063497543335, 0.4681936800479889]","[0.5302159786224365, 0.4697839915752411]","[246, 219]",0.0004021770437248051,0.004445044323801994,0.024378331378102303
141463,1420,187.0,187,33.249122619628906,nnknn,500,47237,200832,30835,86007,16402,114825,1595,9736,0.05,0.05,True,"[0.6836929321289062, 0.31630706787109375]","[0.674508273601532, 0.325491726398468]","[264, 236]",0.0,0.004106803331524134,0.024122409522533417
141665,1421,202.0,202,,nnknn,500,47237,200832,30835,86007,16402,114825,1595,9736,0.05,0.05,True,"[0.19747209548950195, 0.802527904510498]","[0.21259848773479462, 0.7874014973640442]","[264, 236]",0.0,0.004106803331524134,0.024122409522533417
141793,1422,128.0,128,,nnknn,500,47237,200832,30835,86007,16402,114825,1595,9736,0.05,0.05,True,"[0.1985132098197937, 0.8014868497848511]","[0.21358755230903625, 0.7864124774932861]","[264, 236]",0.0,0.004106803331524134,0.024122409522533417
141979,1423,186.0,186,,nnknn,500,47237,200832,30835,86007,16402,114825,1595,9736,0.05,0.05,True,"[0.7882452011108398, 0.21175481379032135]","[0.7738329172134399, 0.22616708278656006]","[264, 236]",0.0,0.004106803331524134,0.024122409522533417
142270,1424,291.0,291,32.555206298828125,nnknn,500,47281,202196,30860,86676,16421,115520,1607,9829,0.05,0.05,True,"[0.6969618797302246, 0.3030381500720978]","[0.6871137619018555, 0.31288623809814453]","[259, 241]",0.0,0.0041153873316943645,0.024288130924105644
142521,1425,251.0,251,,nnknn,500,47281,202196,30860,86676,16421,115520,1607,9829,0.05,0.05,True,"[1.0, 0.0]","[0.9749999642372131, 0.02500000037252903]","[259, 241]",0.0,0.0041153873316943645,0.024288130924105644
142833,1426,312.0,312,,nnknn,500,47281,202196,30860,86676,16421,115520,1607,9829,0.05,0.05,True,"[0.09950859844684601, 0.9004914164543152]","[0.11953316628932953, 0.8804668188095093]","[259, 241]",0.0,0.0041153873316943645,0.024288130924105644
142981,1427,148.0,148,,nnknn,500,47281,202196,30860,86676,16421,115520,1607,9829,0.05,0.05,True,"[0.8085446357727051, 0.19145533442497253]","[0.793117344379425, 0.2068825662136078]","[259, 241]",0.0,0.0041153873316943645,0.024288130924105644
143141,1428,160.0,160,35.78025436401367,nnknn,500,47355,203650,30894,87365,16461,116285,1620,9895,0.05,0.05,True,"[0.9052528142929077, 0.09474720805883408]","[0.8849901556968689, 0.1150098443031311]","[262, 238]",0.0,0.004126101266592741,0.02478812262415886
143339,1429,198.0,198,,nnknn,500,47355,203650,30894,87365,16461,116285,1620,9895,0.05,0.05,True,"[0.4062046408653259, 0.5937953591346741]","[0.4108944237232208, 0.5891055464744568]","[262, 238]",0.0,0.004126101266592741,0.02478812262415886
143634,1430,295.0,295,,nnknn,500,47355,203650,30894,87365,16461,116285,1620,9895,0.05,0.05,True,"[0.3083210587501526, 0.6916789412498474]","[0.3179050087928772, 0.6820949912071228]","[262, 238]",0.0,0.004126101266592741,0.02478812262415886
143898,1431,264.0,264,,nnknn,500,47355,203650,30894,87365,16461,116285,1620,9895,0.05,0.05,True,"[0.19668792188167572, 0.8033121228218079]","[0.2118535339832306, 0.7881464958190918]","[262, 238]",0.0,0.004126101266592741,0.02478812262415886
144194,1432,296.0,296,47.70122146606445,nnknn,500,47435,205483,30925,88256,16510,117227,1633,9957,0.05,0.05,True,"[0.39529362320899963, 0.604706346988678]","[0.4005289375782013, 0.5994709730148315]","[263, 237]",0.0,0.004121366422623396,0.024288158863782883
144332,1433,138.0,138,,nnknn,500,47435,205483,30925,88256,16510,117227,1633,9957,0.05,0.05,True,"[0.8158634305000305, 0.18413659930229187]","[0.8000702261924744, 0.19992977380752563]","[263, 237]",0.0,0.004121366422623396,0.024288158863782883
144572,1434,240.0,240,,nnknn,500,47435,205483,30925,88256,16510,117227,1633,9957,0.05,0.05,True,"[0.4549882411956787, 0.5450117588043213]","[0.4572388231754303, 0.5427611470222473]","[263, 237]",0.0,0.004121366422623396,0.024288158863782883
144865,1435,293.0,293,,nnknn,500,47435,205483,30925,88256,16510,117227,1633,9957,0.05,0.05,True,"[0.6149533987045288, 0.3850466012954712]","[0.6092057228088379, 0.3907942771911621]","[263, 237]",0.0,0.004121366422623396,0.024288158863782883
145060,1436,195.0,195,35.7750358581543,nnknn,500,47506,206929,30951,88978,16555,117951,1646,10054,0.05,0.05,True,"[0.8036120533943176, 0.19638791680335999]","[0.7884314060211182, 0.21156851947307587]","[261, 239]",0.0,0.004128294065594673,0.02478814497590065
145242,1437,182.0,182,,nnknn,500,47506,206929,30951,88978,16555,117951,1646,10054,0.05,0.05,True,"[0.8041440844535828, 0.19585593044757843]","[0.7889368534088135, 0.21106313169002533]","[261, 239]",0.0,0.004128294065594673,0.02478814497590065
145485,1438,243.0,243,,nnknn,500,47506,206929,30951,88978,16555,117951,1646,10054,0.05,0.05,True,"[0.29358890652656555, 0.7064111232757568]","[0.30390945076942444, 0.6960905194282532]","[261, 239]",0.0,0.004128294065594673,0.02478814497590065
145759,1439,274.0,274,,nnknn,500,47506,206929,30951,88978,16555,117951,1646,10054,0.05,0.05,True,"[0.6011762619018555, 0.39882373809814453]","[0.5961174368858337, 0.40388256311416626]","[261, 239]",0.0,0.004128294065594673,0.02478814497590065
145923,1440,164.0,164,47.513153076171875,nnknn,478,48290,207698,31701,88978,16589,118720,1661,10114,0.05,0.05,True,"[0.906460702419281, 0.0935392826795578]","[0.8861376047134399, 0.11386231333017349]","[253, 225]",0.0,0.004333873745054007,0.025288114324212074
146076,1441,153.0,153,,nnknn,478,48290,207698,31701,88978,16589,118720,1661,10114,0.05,0.05,True,"[0.7031272649765015, 0.29687273502349854]","[0.692970871925354, 0.3070290982723236]","[253, 225]",0.0,0.004333873745054007,0.025288114324212074
146393,1442,317.0,317,,nnknn,478,48290,207698,31701,88978,16589,118720,1661,10114,0.05,0.05,True,"[0.09455621987581253, 0.9054437875747681]","[0.11482840776443481, 0.8851715922355652]","[253, 225]",0.0,0.004333873745054007,0.025288114324212074
146617,1443,224.0,224,,nnknn,478,48290,207698,31701,88978,16589,118720,1661,10114,0.05,0.05,True,"[0.6917278170585632, 0.30827218294143677]","[0.6821414232254028, 0.31785857677459717]","[253, 225]",0.0,0.004333873745054007,0.025288114324212074
146784,1444,167.0,167,54.98781204223633,nnknn,500,48370,209096,31723,89667,16647,119429,1676,10208,0.05,0.05,True,"[0.8154405355453491, 0.18455947935581207]","[0.7996684908866882, 0.20033150911331177]","[265, 235]",0.0,0.004149750340729952,0.025788094848394394
146978,1445,194.0,194,,nnknn,500,48370,209096,31723,89667,16647,119429,1676,10208,0.05,0.05,True,"[0.5007867217063904, 0.4992133378982544]","[0.5007473826408386, 0.49925267696380615]","[265, 235]",0.0,0.004149750340729952,0.025788094848394394
147216,1446,238.0,238,,nnknn,500,48370,209096,31723,89667,16647,119429,1676,10208,0.05,0.05,True,"[0.6422829031944275, 0.3577170968055725]","[0.635168731212616, 0.36483123898506165]","[265, 235]",0.0,0.004149750340729952,0.025788094848394394
147384,1447,168.0,168,,nnknn,500,48370,209096,31723,89667,16647,119429,1676,10208,0.05,0.05,True,"[0.09397365152835846, 0.9060263633728027]","[0.11427496373653412, 0.8857250213623047]","[265, 235]",0.0,0.004149750340729952,0.025788094848394394
147578,1448,194.0,194,51.65069580078125,nnknn,500,48451,210395,31750,90293,16701,120102,1687,10275,0.05,0.05,True,"[0.4876602292060852, 0.5123398303985596]","[0.48827722668647766, 0.5117228031158447]","[272, 228]",0.0,0.004163860343396664,0.026287974789738655
147806,1449,228.0,228,,nnknn,500,48451,210395,31750,90293,16701,120102,1687,10275,0.05,0.05,True,"[0.4259078800678253, 0.5740921497344971]","[0.42961248755455017, 0.5703874826431274]","[272, 228]",0.0,0.004163860343396664,0.026287974789738655
148024,1450,218.0,218,,nnknn,500,48451,210395,31750,90293,16701,120102,1687,10275,0.05,0.05,True,"[0.6633783578872681, 0.3366217017173767]","[0.6552094221115112, 0.34479060769081116]","[272, 228]",0.0,0.004163860343396664,0.026287974789738655
148213,1451,189.0,189,,nnknn,500,48451,210395,31750,90293,16701,120102,1687,10275,0.05,0.05,True,"[0.6192565560340881, 0.3807434141635895]","[0.6132937073707581, 0.38670623302459717]","[272, 228]",0.0,0.004163860343396664,0.026287974789738655
148421,1452,208.0,208,34.520599365234375,nnknn,500,48498,211832,31777,90996,16721,120836,1700,10364,0.05,0.05,True,"[0.0, 1.0]","[0.02500000037252903, 0.9749999642372131]","[278, 222]",0.0,0.004162575118243694,0.02678796276450157
148748,1453,327.0,327,,nnknn,500,48498,211832,31777,90996,16721,120836,1700,10364,0.05,0.05,True,"[0.3533934950828552, 0.6466065049171448]","[0.3607238233089447, 0.6392761468887329]","[278, 222]",0.0,0.004162575118243694,0.02678796276450157
148939,1454,191.0,191,,nnknn,500,48498,211832,31777,90996,16721,120836,1700,10364,0.05,0.05,True,"[0.10827723145484924, 0.8917227983474731]","[0.12786337733268738, 0.872136652469635]","[278, 222]",0.0,0.004162575118243694,0.02678796276450157
149089,1455,150.0,150,,nnknn,500,48498,211832,31777,90996,16721,120836,1700,10364,0.05,0.05,True,"[0.0965539738535881, 0.9034460783004761]","[0.11672627180814743, 0.883273720741272]","[278, 222]",0.0,0.004162575118243694,0.02678796276450157
149384,1456,295.0,295,39.846431732177734,nnknn,463,49447,212648,32677,90996,16770,121652,1714,10462,0.05,0.05,True,"[0.8065076470375061, 0.1934923678636551]","[0.7911822199821472, 0.2088177502155304]","[258, 205]",0.0003518445009831339,0.004517330788075924,0.027287952601909637
149637,1457,253.0,253,,nnknn,463,49447,212648,32677,90996,16770,121652,1714,10462,0.05,0.05,True,"[0.6330068707466125, 0.36699312925338745]","[0.6263564825057983, 0.3736434876918793]","[258, 205]",0.0003518445009831339,0.004517330788075924,0.027287952601909637
149841,1458,204.0,204,,nnknn,463,49447,212648,32677,90996,16770,121652,1714,10462,0.05,0.05,True,"[0.20247627794742584, 0.7975237369537354]","[0.2173524647951126, 0.7826474905014038]","[258, 205]",0.0003518445009831339,0.004517330788075924,0.027287952601909637
