global_step,episodes,samples,loss,actor_loss,policy_loss,critic_optimization_mse,critic_train_mse,critic_train_explained_variance,critic_train_value_mean,critic_train_diagnostics_computed,entropy,behavior_entropy,mean_behavior_epsilon,min_behavior_epsilon,max_behavior_epsilon,bias_loss,mean_reward,mean_advantage,mean_normalized_advantage,value_target_mean,bootstrap_value_source,partial_rollout_segments,partial_rollout_samples,actor_cases_added,actor_cases_pruned,actor_cases_replaced,actor_positive_advantage_samples,critic_cases_added,critic_cases_pruned,critic_cases_replaced,critic_label_updates,critic_label_update_samples,mean_episode_return,reward_varying_episodes,reward_checked_episodes,actor_type,case_entries,critic_type,critic_case_entries,action_counts,bias_min,bias_mean,bias_max
169,4,169,156.03953552246094,-0.00693152379244566,-5.219814980250703e-08,156.0464630126953,,,,False,0.6931471824645996,0.6931471824645996,1.0,1.0,1.0,0.0,1.0,11.604049682617188,-8.464564871246694e-08,11.604049682617188,nnknn_target_value_model,0,0,169,0,0,169,169,0,0,0,0,42.25,0,4,nnknn,169,nnknn,169,"[81, 88]",0.0,0.0,0.0
234,4,65,12.871723175048828,-0.006572008598595858,-0.00011955408263020217,12.878294944763184,,,,False,0.6452454924583435,0.693146824836731,0.9974538683891296,0.9970486760139465,0.9978593587875366,0.0,1.0,-1.663165807723999,2.567584722612537e-08,9.358394622802734,nnknn_target_value_model,0,0,23,0,0,23,65,0,0,0,0,16.25,0,4,nnknn,192,nnknn,234,"[91, 101]",-0.000499908986967057,-4.682880899053998e-05,0.0004999572411179543
319,4,85,29.760530471801758,-0.006575931794941425,-0.00012118430458940566,29.767107009887695,29.724763870239258,0.38083988428115845,10.689624786376953,True,0.6454747915267944,0.6931465864181519,0.996504008769989,0.9959719777107239,0.9970359802246094,1.1097919383473709e-07,1.0,1.3158600330352783,1.542708538693205e-08,12.018776893615723,nnknn_target_value_model,0,0,49,0,0,49,85,0,0,0,0,21.25,0,4,nnknn,241,nnknn,319,"[114, 127]",-0.00099791563116014,-6.137804302852601e-05,0.0009947833605110645
428,4,109,38.078739166259766,-0.006551106460392475,-0.00016980843793135136,38.085289001464844,,,,False,0.6381298303604126,0.6931459903717041,0.9952753782272339,0.9945913553237915,0.9959593415260315,2.624245780680212e-07,1.0,2.5348587036132812,5.468316022216868e-09,13.949076652526855,nnknn_target_value_model,0,0,71,0,0,71,109,0,0,0,0,27.25,0,4,nnknn,312,nnknn,428,"[150, 162]",-0.0013913654256612062,-7.778487633913755e-05,0.0013967081904411316
516,4,88,22.338335037231445,-0.00649306969717145,-0.0003100091707892716,22.34482765197754,22.30206298828125,0.5569202303886414,12.012317657470703,True,0.618306040763855,0.6931447982788086,0.9940276741981506,0.9934766888618469,0.9945786595344543,3.606483574003505e-07,1.0,0.33077847957611084,-9.482556961870614e-09,12.309467315673828,nnknn_target_value_model,0,0,35,0,0,35,88,0,0,0,0,22.0,0,4,nnknn,347,nnknn,516,"[168, 179]",-0.0018160026520490646,-0.00010538189962971956,0.0017776757013052702
603,4,87,32.69160461425781,-0.006699496414512396,-0.0004933812306262553,32.69830322265625,,,,False,0.6206115484237671,0.6931437849998474,0.9929193258285522,0.9923746585845947,0.9934639930725098,5.32192871105508e-07,1.0,1.0815362930297852,6.851108569350117e-09,13.138969421386719,nnknn_target_value_model,0,0,39,0,0,39,87,0,0,0,0,21.75,0,4,nnknn,386,nnknn,603,"[191, 195]",-0.0022337273694574833,-0.00012366243754513562,0.0020778283942490816
736,4,133,71.57634735107422,-0.006518288981169462,-1.9338345737196505e-05,71.5828628540039,,,,False,0.6498950719833374,0.6931442618370056,0.9915260076522827,0.9906899929046631,0.9923620223999023,7.245827760016255e-07,1.0,3.660980701446533,-6.274173180997877e-09,17.819725036621094,nnknn_target_value_model,0,0,83,0,0,83,133,0,0,0,0,33.25,0,4,nnknn,469,nnknn,736,"[235, 234]",-0.0025632339529693127,-0.00012754983617924154,0.002340990351513028
870,4,134,68.0147705078125,-0.006622588261961937,-0.0003956040309276432,68.02139282226562,67.61658477783203,0.4441182017326355,16.58636474609375,True,0.6226984262466431,0.6931402087211609,0.9898350238800049,0.9889926910400391,0.9906773567199707,8.319904054587823e-07,1.0,2.6480495929718018,2.1350917478457632e-08,19.189992904663086,nnknn_target_value_model,0,0,78,0,0,78,134,0,0,0,0,33.5,0,4,nnknn,547,nnknn,870,"[277, 270]",-0.0028749762568622828,-0.0001350165985058993,0.00256459042429924
1010,4,140,38.821449279785156,-0.006807675585150719,-0.0005224615451879799,38.8282585144043,,,,False,0.6285213828086853,0.6931385397911072,0.9880996942520142,0.9872193336486816,0.9889799952507019,9.498867825641355e-07,1.0,2.0718226432800293,-1.6178404393940582e-08,16.750425338745117,nnknn_target_value_model,0,0,95,0,0,95,140,0,0,0,0,35.0,0,4,nnknn,642,nnknn,1010,"[322, 320]",-0.0031497797463089228,-0.0001381522451993078,0.0027633975259959698
1086,4,76,17.344648361206055,-0.007934046909213066,-0.001703303074464202,17.352582931518555,16.412317276000977,0.6610810160636902,12.954117774963379,True,0.6230744123458862,0.6931354999542236,0.9867317080497742,0.9862566590309143,0.9872066378593445,7.388538278974011e-07,1.0,-1.9858533143997192,-6.274173180997877e-09,10.985764503479004,nnknn_target_value_model,0,0,25,0,0,25,76,0,0,0,0,19.0,0,4,nnknn,634,nnknn,1035,"[314, 320]",-0.0025432284455746412,3.814658384726499e-06,0.0032333878334611654
1155,4,69,30.247928619384766,-0.008086346089839935,-0.002116158837452531,30.25601577758789,,,,False,0.5970187783241272,0.693129301071167,0.985813319683075,0.9853826761245728,0.9862440228462219,8.614861712885613e-07,1.0,-3.0841851234436035,3.4553416128346726e-08,11.090238571166992,nnknn_target_value_model,0,0,16,0,0,16,69,0,0,0,0,17.25,0,4,nnknn,650,nnknn,1104,"[322, 328]",-0.0028780547436326742,2.2824651750852354e-05,0.0036705201491713524
1234,4,79,22.979463577270508,-0.006860584020614624,-0.0013494340237230062,22.986324310302734,,,,False,0.5511150360107422,0.693118155002594,0.9848760366439819,0.9843819737434387,0.9853699803352356,1.0676109241103404e-06,1.0,-1.1642876863479614,-1.8107739307993143e-08,12.072796821594238,nnknn_target_value_model,0,0,26,0,0,26,79,0,0,0,0,19.75,0,4,nnknn,676,nnknn,1183,"[336, 340]",-0.0032316315919160843,2.9335104045458138e-05,0.00392445083707571
1300,4,66,21.64166831970215,-0.0071397097781300545,-0.0014089815085753798,21.648807525634766,21.097362518310547,0.6577103137969971,12.944273948669434,True,0.5730728507041931,0.6931197047233582,0.9839577078819275,0.9835460186004639,0.9843693375587463,1.242983557858679e-06,1.0,-2.5516488552093506,3.973643103449831e-08,10.50328540802002,nnknn_target_value_model,0,0,15,0,0,15,66,0,0,0,0,16.5,0,4,nnknn,691,nnknn,1249,"[343, 348]",-0.0036479586269706488,3.069300510105677e-05,0.004173906520009041
1396,4,96,36.55673599243164,-0.008408884517848492,-0.002372612478211522,36.56514358520508,,,,False,0.6036272048950195,0.6931228637695312,0.9829316735267639,0.9823300242424011,0.9835333228111267,1.4846208387098159e-06,1.0,0.5273554921150208,0.0,13.886802673339844,nnknn_target_value_model,0,0,41,0,0,41,96,0,0,0,0,24.0,0,4,nnknn,732,nnknn,1345,"[364, 368]",-0.004025496542453766,3.789169932133518e-05,0.004278825130313635
1525,4,129,66.54954528808594,-0.008022308349609375,-0.00225017755292356,66.55757141113281,66.31798553466797,0.49724680185317993,17.006986618041992,True,0.5772130489349365,0.6931113004684448,0.9815066456794739,0.9806960225105286,0.982317328453064,1.6722170812499826e-06,1.0,2.556201934814453,3.1419503443430585e-08,19.670448303222656,nnknn_target_value_model,0,0,82,0,0,82,129,0,0,0,0,32.25,0,4,nnknn,814,nnknn,1474,"[403, 411]",-0.004350829869508743,3.4536577004473656e-05,0.0044235894456505775
1590,4,65,34.04880142211914,-0.010129109025001526,-0.004991005174815655,34.058929443359375,,,,False,0.5138104557991028,0.6930856704711914,0.9802780151367188,0.9798726439476013,0.9806833267211914,1.762504325597547e-06,1.0,-2.7345733642578125,3.301180484527322e-08,10.612198829650879,nnknn_target_value_model,0,0,19,0,0,19,65,0,0,0,0,16.25,0,4,nnknn,833,nnknn,1539,"[414, 419]",-0.004634898155927658,3.551900590537116e-05,0.004755420610308647
1686,4,96,70.20824432373047,-0.007439490873366594,-0.0018493110546842217,70.21568298339844,,,,False,0.5590180158615112,0.6930954456329346,0.9792582392692566,0.9786566495895386,0.9798600077629089,2.0170016341580776e-06,1.0,-0.004982173442840576,-2.359350581571107e-08,16.900693893432617,nnknn_target_value_model,0,0,31,0,0,31,96,0,0,0,0,24.0,0,4,nnknn,864,nnknn,1635,"[431, 433]",-0.004973104223608971,3.5419376217760146e-05,0.0051165856420993805
1764,4,78,69.74006652832031,-0.008035003207623959,-0.0028248901944607496,69.74810028076172,69.6766586303711,-0.5667903423309326,14.975178718566895,True,0.5210112929344177,0.6930772662162781,0.9781563878059387,0.9776686429977417,0.9786440134048462,2.2425083443522453e-06,1.0,-2.9934580326080322,-1.833989138333436e-08,12.114903450012207,nnknn_target_value_model,0,0,29,0,0,29,78,0,0,0,0,19.5,0,4,nnknn,893,nnknn,1713,"[443, 450]",-0.005152958910912275,3.3794745831983164e-05,0.005437183193862438
1826,4,62,17.78763198852539,-0.007636249531060457,-0.0018373305210843682,17.795269012451172,,,,False,0.5798919796943665,0.6930939555168152,0.9772696495056152,0.9768833518028259,0.9776560068130493,2.464540102664614e-06,1.0,-2.6038613319396973,-4.5664847903026384e-08,8.752362251281738,nnknn_target_value_model,0,0,18,0,0,18,62,0,0,0,0,15.5,0,4,nnknn,911,nnknn,1775,"[452, 459]",-0.005582394544035196,3.5261811717646196e-05,0.00581183098256588
1914,4,88,75.1888656616211,-0.007255371194332838,-0.002208728576079011,75.19612121582031,75.00674438476562,-0.5617169141769409,14.882308006286621,True,0.5046643614768982,0.6930593252182007,0.9763197302818298,0.9757686853408813,0.9768706560134888,2.7478961328597507e-06,1.0,-1.6693158149719238,-1.8965113923741228e-08,13.463196754455566,nnknn_target_value_model,0,0,41,0,0,41,88,0,0,0,0,22.0,0,4,nnknn,952,nnknn,1863,"[474, 478]",-0.005967243574559689,3.633695814642124e-05,0.006147569976747036
2000,4,86,22.724414825439453,-0.010450821369886398,-0.004808409139513969,22.734865188598633,,,,False,0.5642412900924683,0.693075954914093,0.9752177596092224,0.9746793508529663,0.9757559895515442,2.9344735139602562e-06,1.0,-1.1759166717529297,-8.316927591067724e-09,12.595132827758789,nnknn_target_value_model,0,0,35,0,0,35,86,0,0,0,0,21.5,0,4,nnknn,987,nnknn,1949,"[490, 497]",-0.006384710315614939,4.146232095081359e-05,0.006529204547405243
2097,4,97,21.754499435424805,-0.007433288265019655,-0.001643764553591609,21.761932373046875,,,,False,0.578952431678772,0.6930795907974243,0.9740587472915649,0.9734506607055664,0.9746666550636292,2.4347530143131735e-06,1.0,-0.16002020239830017,9.831693681405795e-09,13.084588050842285,nnknn_target_value_model,0,0,50,0,0,50,97,0,0,0,0,24.25,0,4,nnknn,987,nnknn,1948,"[492, 495]",-0.00333233829587698,0.00024133073748089373,0.007028943859040737
2156,4,59,12.525311470031738,-0.008794557303190231,-0.0030760623048990965,12.534106254577637,12.254971504211426,0.6850125193595886,10.722321510314941,True,0.571849524974823,0.693069338798523,0.9730706214904785,0.9727033376693726,0.973438024520874,2.4223431864811573e-06,1.0,-2.4277682304382324,-4.445092116611704e-08,8.48112964630127,nnknn_target_value_model,0,0,13,0,0,13,59,100,0,0,0,14.75,0,4,nnknn,1000,nnknn,1907,"[501, 499]",-0.0037944733630865812,0.00023958721430972219,0.007450588047504425
2253,4,97,24.594186782836914,-0.009113798849284649,-0.003310255706310272,24.603300094604492,,,,False,0.5803543329238892,0.6930670738220215,0.9720827341079712,0.9714746475219727,0.9726906418800354,2.586384425740107e-06,1.0,-0.2780887484550476,-1.3518579144999876e-08,13.311718940734863,nnknn_target_value_model,0,0,47,0,0,47,97,100,0,0,0,24.25,0,4,nnknn,1047,nnknn,1904,"[527, 520]",-0.004089712630957365,0.0002313914883416146,0.007776507642120123
2338,4,85,13.16010856628418,-0.008663893677294254,-0.00371974497102201,13.16877269744873,13.072726249694824,0.6607913970947266,12.085540771484375,True,0.4944148659706116,0.6930063366889954,0.9709300398826599,0.9703980088233948,0.9714620113372803,2.70044165517902e-06,1.0,-0.7816169261932373,1.542708538693205e-08,11.37201976776123,nnknn_target_value_model,0,0,33,0,0,33,85,0,0,0,0,21.25,0,4,nnknn,1080,nnknn,1989,"[542, 538]",-0.004392745904624462,0.00022121939400676638,0.008084220811724663
2430,4,92,21.115034103393555,-0.009206135757267475,-0.0036600653547793627,21.12424087524414,,,,False,0.5546070337295532,0.6930366158485413,0.9698089957237244,0.9692326784133911,0.9703853130340576,2.8561237286339747e-06,1.0,-0.9419346451759338,-2.073205074282214e-08,12.799703598022461,nnknn_target_value_model,0,0,38,0,0,38,92,100,0,0,0,23.0,0,4,nnknn,1118,nnknn,1981,"[561, 557]",-0.004698499571532011,0.00021747039863839746,0.008344300091266632
2508,4,78,55.73213195800781,-0.008252681232988834,-0.002907800255343318,55.74038314819336,,,,False,0.5344881415367126,0.6930177807807922,0.9687324166297913,0.9682446718215942,0.969219982624054,3.0133257951092673e-06,1.0,-0.5149317979812622,0.0,11.42513370513916,nnknn_target_value_model,0,0,36,0,0,36,78,100,0,0,0,19.5,0,4,nnknn,1154,nnknn,1959,"[582, 572]",-0.005073890555649996,0.00021504960022866726,0.008568447083234787
2594,4,86,71.47763061523438,-0.008930454961955547,-0.003345036879181862,71.48656463623047,70.34862518310547,0.424680233001709,16.054983139038086,True,0.5585418343544006,0.6930249929428101,0.9676936864852905,0.9671553373336792,0.9682319760322571,3.1850975119596114e-06,1.0,-0.390472948551178,2.772309048992838e-09,15.66483211517334,nnknn_target_value_model,0,0,33,0,0,33,86,100,0,0,0,21.5,0,4,nnknn,1187,nnknn,1945,"[601, 586]",-0.00540171517059207,0.00021724261750932783,0.008764189667999744
2697,4,103,34.0764045715332,-0.008821839466691017,-0.0033687734976410866,34.085227966308594,,,,False,0.5453066229820251,0.6930017471313477,0.9664967656135559,0.9658506512641907,0.967142641544342,3.3672654353722464e-06,1.0,2.0308029651641846,4.05080093912602e-08,13.445292472839355,nnknn_target_value_model,0,0,51,0,0,51,103,100,0,0,0,25.75,0,4,nnknn,1238,nnknn,1948,"[627, 611]",-0.005690706893801689,0.0002194473781855777,0.008936742320656776
2782,4,85,26.580142974853516,-0.009505284950137138,-0.0038286573253571987,26.589649200439453,25.742887496948242,0.5552977919578552,12.865583419799805,True,0.56766277551651,0.6930122971534729,0.9653059840202332,0.9647740125656128,0.9658380150794983,3.4968852560268715e-06,1.0,-0.30483245849609375,-7.0123111761688506e-09,12.611089706420898,nnknn_target_value_model,0,0,38,0,0,38,85,93,0,0,0,21.25,0,4,nnknn,1276,nnknn,1940,"[649, 627]",-0.006006021052598953,0.00022333212837111205,0.009089918807148933
2867,4,85,46.76811599731445,-0.012398096732795238,-0.0068609267473220825,46.780513763427734,,,,False,0.5537170171737671,0.6929939985275269,0.9642293453216553,0.9636973142623901,0.9647613167762756,3.6925771382811945e-06,1.0,-0.04021473973989487,-1.8232009679763905e-08,12.30207347869873,nnknn_target_value_model,0,0,45,0,0,45,85,99,0,0,0,21.25,0,4,nnknn,1321,nnknn,1926,"[672, 649]",-0.006321950815618038,0.00022886563965585083,0.009226620197296143
2936,4,69,10.386335372924805,-0.008645088411867619,-0.0035817900206893682,10.394980430603027,,,,False,0.5063298940658569,0.6929344534873962,0.9632540941238403,0.9628233313560486,0.9636846780776978,3.872472916555125e-06,1.0,-2.0641491413116455,6.565149135440151e-08,9.546417236328125,nnknn_target_value_model,0,0,17,0,0,17,69,0,0,0,0,17.25,0,4,nnknn,1338,nnknn,1995,"[682, 656]",-0.006605078931897879,0.00023889169096946716,0.009349126368761063
3021,4,85,16.695226669311523,-0.009983832947909832,-0.004381345584988594,16.705209732055664,16.404218673706055,0.5653764009475708,11.034843444824219,True,0.5602487325668335,0.6929875612258911,0.9622785449028015,0.9617466926574707,0.9628106951713562,4.139272277825512e-06,1.0,0.17397543787956238,-1.1570313596109827e-08,11.288904190063477,nnknn_target_value_model,0,0,42,0,0,42,85,100,0,0,0,21.25,0,4,nnknn,1380,nnknn,1980,"[702, 678]",-0.006951866205781698,0.0002469044702593237,0.009514812380075455
3083,4,62,13.399910926818848,-0.01292227953672409,-0.008021027781069279,13.412833213806152,,,,False,0.49012523889541626,0.6928926706314087,0.9613476991653442,0.9609613418579102,0.9617339968681335,3.6419912703422597e-06,1.0,-2.154402017593384,-3.9415976260670504e-08,8.543582916259766,nnknn_target_value_model,0,0,16,0,0,16,62,0,0,0,0,15.5,0,4,nnknn,1327,nnknn,1943,"[682, 645]",-0.003592754015699029,0.0004858738393522799,0.009451434947550297
3144,4,61,9.593194007873535,-0.007569681387394667,-0.002118924632668495,9.600763320922852,9.36201286315918,0.7381219267845154,10.294424057006836,True,0.5450757145881653,0.6929535269737244,0.9605687260627747,0.9601886868476868,0.960948646068573,3.7517884265980683e-06,1.0,-1.8715740442276,-7.230727305795881e-08,8.477958679199219,nnknn_target_value_model,0,0,15,0,0,15,61,100,0,0,0,15.25,0,4,nnknn,1342,nnknn,1904,"[689, 653]",-0.003927608020603657,0.0004857433959841728,0.009388605132699013
3263,4,119,26.016584396362305,-0.010403148829936981,-0.005047990474849939,26.026987075805664,,,,False,0.5355159044265747,0.6929269433021545,0.9594287276268005,0.9586813449859619,0.9601759910583496,3.871803983201971e-06,1.0,1.8004882335662842,-4.407738529721428e-08,14.462874412536621,nnknn_target_value_model,0,0,73,0,0,73,119,100,0,0,0,29.75,0,4,nnknn,1415,nnknn,1923,"[726, 689]",-0.004186415579169989,0.00046912123798392713,0.009326320141553879
3348,4,85,18.016353607177734,-0.011325487866997719,-0.005979871843010187,18.027679443359375,,,,False,0.5345616340637207,0.6929053068161011,0.9581366777420044,0.9576046466827393,0.9586686491966248,3.925020337192109e-06,1.0,0.2604142129421234,1.6829547533347977e-08,11.683882713317871,nnknn_target_value_model,0,0,43,0,0,43,85,100,0,0,0,21.25,0,4,nnknn,1458,nnknn,1908,"[746, 712]",-0.0045095328241586685,0.0004688201588578522,0.0092652328312397
3422,4,74,19.788021087646484,-0.012180779129266739,-0.007562719285488129,19.800201416015625,19.68634033203125,0.5189276337623596,11.129546165466309,True,0.46180596947669983,0.6927910447120667,0.957129716873169,0.9566673040390015,0.9575920104980469,4.143352725805016e-06,1.0,-0.49751344323158264,6.443745537154655e-09,10.629190444946289,nnknn_target_value_model,0,0,32,0,0,32,74,0,0,0,0,18.5,0,4,nnknn,1490,nnknn,1982,"[761, 729]",-0.004822541493922472,0.0004719036805909127,0.009205318987369537
3505,4,83,21.987060546875,-0.012370415031909943,-0.007513377815485001,21.999431610107422,,,,False,0.4857037663459778,0.6928064823150635,0.9561353921890259,0.9556159973144531,0.9566546678543091,4.389351033751154e-06,1.0,-1.1740326881408691,3.5906411177677455e-10,11.134571075439453,nnknn_target_value_model,0,0,32,0,0,32,83,100,0,0,0,20.75,0,4,nnknn,1522,nnknn,1965,"[778, 744]",-0.005092291161417961,0.00047578741214238107,0.009466096758842468
3593,4,88,24.309574127197266,-0.011182958260178566,-0.005801477003842592,24.320756912231445,23.9650936126709,0.4957881569862366,11.475976943969727,True,0.5381482243537903,0.6928778290748596,0.955052375793457,0.9545013308525085,0.9556033611297607,4.667248958867276e-06,1.0,0.640064001083374,-2.167441692790817e-08,12.229990005493164,nnknn_target_value_model,0,0,50,0,0,50,88,100,0,0,0,22.0,0,4,nnknn,1572,nnknn,1953,"[801, 771]",-0.005382496397942305,0.00047627463936805725,0.009697256609797478
3684,4,91,13.575237274169922,-0.01376455370336771,-0.008974562399089336,13.589001655578613,,,,False,0.4789992868900299,0.6927730441093445,0.9539186954498291,0.953348696231842,0.9544886946678162,4.908473329123808e-06,1.0,-0.21586231887340546,6.549961018009753e-09,11.938541412353516,nnknn_target_value_model,0,0,35,0,0,35,91,100,0,0,0,22.75,0,4,nnknn,1607,nnknn,1944,"[822, 785]",-0.005638310220092535,0.00048091847565956414,0.00983527023345232
3755,4,71,7.617131233215332,-0.014230041764676571,-0.009371882304549217,7.631361484527588,,,,False,0.48581600189208984,0.6927624940872192,0.9528926610946655,0.9524493217468262,0.9533360004425049,5.21356514582294e-06,1.0,-1.1569045782089233,-5.037012140718389e-09,9.384087562561035,nnknn_target_value_model,0,0,23,0,0,23,71,100,0,0,0,17.75,0,4,nnknn,1630,nnknn,1915,"[837, 793]",-0.005865388549864292,0.0004887515096925199,0.010104748420417309
3908,4,153,50.71439743041992,-0.010378146544098854,-0.004763039760291576,50.72477722167969,50.15189743041992,0.5094771981239319,11.831892013549805,True,0.5615108013153076,0.6928808093070984,0.9514739513397217,0.9505113363265991,0.9524366855621338,5.5553664424223825e-06,1.0,4.43464469909668,7.791457257155798e-09,16.284130096435547,nnknn_target_value_model,0,0,113,0,0,113,153,100,0,0,0,38.25,0,4,nnknn,1743,nnknn,1968,"[895, 848]",-0.006171364337205887,0.00047323814942501485,0.010345237329602242
4003,4,95,36.15485763549805,-0.011991278268396854,-0.006700372789055109,36.166847229003906,,,,False,0.5290905833244324,0.6927937269210815,0.9499033093452454,0.9493079781532288,0.950498640537262,5.610751486528898e-06,1.0,1.6856287717819214,0.0,13.255738258361816,nnknn_target_value_model,0,0,45,0,0,45,95,100,0,0,0,23.75,0,4,nnknn,1788,nnknn,1963,"[917, 871]",-0.006445561535656452,0.00047734371037222445,0.010469269938766956
4181,4,178,62.57742691040039,-0.013366575352847576,-0.008089722134172916,62.59079360961914,62.038307189941406,0.3195684552192688,12.41688346862793,True,0.5276854038238525,0.6927626729011536,0.9481742978096008,0.9470533132553101,0.9492953419685364,5.280872301227646e-06,1.0,4.987971782684326,-1.40640175061435e-08,17.41081428527832,nnknn_target_value_model,0,0,128,0,0,128,178,100,0,0,0,44.5,0,4,nnknn,1826,nnknn,1993,"[941, 885]",-0.0037035630084574223,0.0006861570291221142,0.010414381511509418
4246,4,65,16.613080978393555,-0.012739957310259342,-0.007889899425208569,16.62582015991211,,,,False,0.4850058853626251,0.6926553845405579,0.9466353058815002,0.9462299942970276,0.9470406770706177,5.130192221258767e-06,1.0,-2.4559364318847656,-6.602360969054644e-08,9.378585815429688,nnknn_target_value_model,0,0,19,0,0,19,65,84,0,0,0,16.25,0,4,nnknn,1845,nnknn,1974,"[948, 897]",-0.0040558334439992905,0.0006900269654579461,0.010619936510920525
4339,4,93,14.58523178100586,-0.01606927253305912,-0.011157653294503689,14.601301193237305,,,,False,0.49116188287734985,0.6926496624946594,0.9456347227096558,0.9450520277023315,0.9462173581123352,5.3614048738381825e-06,1.0,0.8481196165084839,-2.1790945936572825e-08,12.62159538269043,nnknn_target_value_model,0,0,56,0,0,56,93,88,0,0,0,23.25,0,4,nnknn,1901,nnknn,1979,"[979, 922]",-0.0044401115737855434,0.0006889909855090082,0.010877723805606365
4490,4,151,87.65185546875,-0.012809292413294315,-0.007065558340400457,87.66466522216797,87.40850067138672,0.18586575984954834,11.513076782226562,True,0.5743734836578369,0.6928154230117798,0.9440893530845642,0.9431393146514893,0.9450393319129944,5.559702458413085e-06,1.0,5.542002201080322,2.1315567977353567e-08,17.107524871826172,nnknn_target_value_model,0,0,107,100,0,107,151,117,13,0,0,37.75,0,4,nnknn,1908,nnknn,2000,"[984, 924]",-0.002510440768674016,0.0008717633900232613,0.011088680475950241
4616,4,126,41.74809646606445,-0.011242888867855072,-0.006339330691844225,41.75933837890625,,,,False,0.4903559386730194,0.6925846934318542,0.9423349499702454,0.9415433406829834,0.9431266784667969,5.375000455387635e-06,1.0,2.7201669216156006,-8.514949634275126e-09,15.806892395019531,nnknn_target_value_model,0,0,80,0,0,80,126,98,28,0,0,31.5,0,4,nnknn,1988,nnknn,2000,"[1019, 969]",-0.0030102261807769537,0.000843278132379055,0.011036615818738937
4727,4,111,22.474811553955078,-0.015439033508300781,-0.010647241026163101,22.490249633789062,21.383380889892578,0.657983660697937,12.646381378173828,True,0.47917935252189636,0.692527711391449,0.9408339262008667,0.9401373267173767,0.9415306448936462,5.255277756077703e-06,1.0,1.456913709640503,2.0405193978945135e-08,14.103161811828613,nnknn_target_value_model,0,0,64,100,0,64,111,64,47,0,0,27.75,0,4,nnknn,1952,nnknn,2000,"[992, 960]",-0.0019230378093197942,0.0009852699004113674,0.011408177204430103
4794,4,67,22.286296844482422,-0.021113332360982895,-0.017160462215542793,22.307409286499023,,,,False,0.3952871263027191,0.6922786235809326,0.9397066235542297,0.9392886757850647,0.9401246905326843,5.312398570822552e-06,1.0,-0.9292727708816528,-5.337729369614408e-09,10.009238243103027,nnknn_target_value_model,0,0,25,0,0,25,67,68,0,0,0,16.75,0,4,nnknn,1977,nnknn,1999,"[1005, 972]",-0.0024217935279011726,0.0009795641526579857,0.011908021755516529
4906,4,112,63.42135238647461,-0.017975397408008575,-0.01289744209498167,63.439327239990234,,,,False,0.5077954530715942,0.6925686597824097,0.9385730028152466,0.9378700256347656,0.9392759799957275,5.355423127184622e-06,1.0,3.0169012546539307,-1.4901161193847656e-08,15.379751205444336,nnknn_target_value_model,0,0,70,100,0,70,112,122,0,0,0,28.0,0,4,nnknn,1947,nnknn,1989,"[986, 961]",-0.0013989908620715141,0.0011006552958860993,0.01224288996309042
4996,4,90,29.81378936767578,-0.02147415280342102,-0.017199400812387466,29.835264205932617,29.47323226928711,0.607176661491394,13.520407676696777,True,0.4274751842021942,0.6922886371612549,0.9372936487197876,0.9367300271987915,0.9378573298454285,5.439366759674158e-06,1.0,0.09971454739570618,7.947286384535346e-09,13.738054275512695,nnknn_target_value_model,0,0,39,0,0,39,90,64,15,0,0,22.5,0,4,nnknn,1986,nnknn,2000,"[1003, 983]",-0.0018837173702195287,0.0010956344194710255,0.012742667458951473
5070,4,74,18.909643173217773,-0.015888508409261703,-0.011048432439565659,18.9255313873291,,,,False,0.48400750756263733,0.6924207806587219,0.9362550973892212,0.9357926845550537,0.9367173314094543,5.457715360535076e-06,1.0,-1.4816850423812866,-1.6109363842886637e-09,11.646894454956055,nnknn_target_value_model,0,0,31,100,0,31,74,66,8,0,0,18.5,0,4,nnknn,1917,nnknn,2000,"[972, 945]",-0.0011295207077637315,0.0012187734246253967,0.013219929300248623
5134,4,64,9.915544509887695,-0.029666239395737648,-0.025289524346590042,9.945210456848145,10.060249328613281,0.728179931640625,10.677793502807617,True,0.4376714825630188,0.6922690868377686,0.9353809952735901,0.9349820017814636,0.9357799887657166,5.964721822238062e-06,1.0,-1.9427522420883179,2.9802322387695312e-08,8.814400672912598,nnknn_target_value_model,0,0,15,0,0,15,64,51,13,0,0,16.0,0,4,nnknn,1836,nnknn,2000,"[932, 904]",-0.0013178866356611252,0.0013295445824041963,0.013156536035239697
5224,4,90,55.626197814941406,-0.01652003452181816,-0.012432245537638664,55.64271926879883,,,,False,0.40877896547317505,0.6921548843383789,0.9344056844711304,0.9338420033454895,0.9349693059921265,5.943643827777123e-06,1.0,0.9762458205223083,-1.7219120351796846e-08,13.274377822875977,nnknn_target_value_model,0,0,46,0,0,46,90,50,40,0,0,22.5,0,4,nnknn,1882,nnknn,2000,"[960, 922]",-0.0016471479320898652,0.0013074775924906135,0.013093522749841213
5350,4,126,52.05050277709961,-0.01988312229514122,-0.015798285603523254,52.07038497924805,,,,False,0.4084835946559906,0.6921221613883972,0.9330376386642456,0.9322460293769836,0.9338293075561523,5.946531473455252e-06,1.0,3.0310823917388916,-2.7910111555229378e-08,16.894142150878906,nnknn_target_value_model,0,0,76,0,0,76,126,106,20,0,0,31.5,0,4,nnknn,1958,nnknn,2000,"[1000, 958]",-0.0020307244267314672,0.001276830560527742,0.012774300761520863
5431,4,81,18.45500946044922,-0.01961025409400463,-0.015714695677161217,18.474618911743164,17.903791427612305,0.6549303531646729,12.236311912536621,True,0.38955584168434143,0.6919947266578674,0.9317266345024109,0.9312199950218201,0.9322333335876465,5.953461823082762e-06,1.0,-0.7080724239349365,1.7660635620586618e-08,11.579870223999023,nnknn_target_value_model,0,0,36,0,0,36,81,80,1,0,0,20.25,0,4,nnknn,1994,nnknn,2000,"[1020, 974]",-0.0023576361127197742,0.00127189711201936,0.012990602292120457
5547,4,116,35.92853546142578,-0.015865426510572433,-0.011368239298462868,35.944400787353516,,,,False,0.44971877336502075,0.692171573638916,0.9304789900779724,0.9297506809234619,0.9312073588371277,6.109175046731252e-06,1.0,2.2508962154388428,-1.2331995868919421e-08,15.171960830688477,nnknn_target_value_model,0,0,64,100,0,64,116,110,6,0,0,29.0,0,4,nnknn,1958,nnknn,2000,"[1001, 957]",-0.0010272276122123003,0.0013954004971310496,0.013246871531009674
5633,4,86,39.44395065307617,-0.022636063396930695,-0.01899051107466221,39.46658706665039,38.576454162597656,0.2903054356575012,11.99112606048584,True,0.3645552694797516,0.6918438673019409,0.9291995763778687,0.9286613464355469,0.9297379851341248,6.4248451963067055e-06,1.0,0.38582122325897217,-1.178231379128647e-08,12.430919647216797,nnknn_target_value_model,0,0,41,0,0,41,86,68,18,0,0,21.5,0,4,nnknn,1999,nnknn,2000,"[1020, 979]",-0.0014225230552256107,0.001386763178743422,0.013187279924750328
5731,4,98,32.6467170715332,-0.017053894698619843,-0.0126595888286829,32.66377258300781,,,,False,0.4394306540489197,0.6920763254165649,0.9280343055725098,0.9274200201034546,0.9286486506462097,6.394505817297613e-06,1.0,0.702091634273529,8.514949634275126e-09,14.14196491241455,nnknn_target_value_model,0,0,57,100,0,57,98,90,8,0,0,24.5,0,4,nnknn,1956,nnknn,2000,"[1003, 953]",-0.0007932977750897408,0.0014902043621987104,0.013009249232709408
5834,4,103,36.259185791015625,-0.015616902150213718,-0.012119531631469727,36.274803161621094,,,,False,0.3497371971607208,0.6917044520378113,0.926761269569397,0.9261153340339661,0.9274073243141174,6.660249255219242e-06,1.0,1.4611027240753174,1.504583302391893e-08,13.097589492797852,nnknn_target_value_model,0,0,59,100,0,59,103,81,22,0,0,25.75,0,4,nnknn,1915,nnknn,2000,"[991, 924]",-0.0005276732263155282,0.0015585629735141993,0.013317983597517014
5940,4,106,75.19471740722656,-0.01766936667263508,-0.01377787720412016,75.21238708496094,74.70523071289062,-0.04434061050415039,13.047150611877441,True,0.3891489505767822,0.6918075680732727,0.9254376888275146,0.9247726798057556,0.9261026382446289,6.795039098506095e-06,1.0,1.699698567390442,1.911847036240033e-08,14.758706092834473,nnknn_target_value_model,0,0,51,0,0,51,106,82,24,0,0,26.5,0,4,nnknn,1966,nnknn,2000,"[1016, 950]",-0.0010222268756479025,0.001515197567641735,0.012890977784991264
6018,4,78,12.921049118041992,-0.023873042315244675,-0.01993747428059578,12.94492244720459,,,,False,0.3935568630695343,0.691728949546814,0.9242724180221558,0.9237846732139587,0.9247599840164185,6.610999207623536e-06,1.0,-1.280019998550415,9.934107758624577e-09,10.959208488464355,nnknn_target_value_model,0,0,26,0,0,26,78,58,20,0,0,19.5,0,4,nnknn,1992,nnknn,2000,"[1028, 964]",-0.0013551174197345972,0.0015065311454236507,0.01283225603401661
6153,4,135,59.324398040771484,-0.018770761787891388,-0.014586707577109337,59.343170166015625,58.722530364990234,0.33645594120025635,14.265059471130371,True,0.41840532422065735,0.6918209195137024,0.9229233264923096,0.9220746755599976,0.9237719774246216,7.001842732279329e-06,1.0,2.9020087718963623,-8.830317810293309e-09,17.148242950439453,nnknn_target_value_model,0,0,89,0,0,89,135,101,34,0,0,33.75,0,4,nnknn,1981,nnknn,2000,"[1018, 963]",-0.0009291752940043807,0.0015665687387809157,0.012772533111274242
6244,4,91,34.81930160522461,-0.020729124546051025,-0.01703510247170925,34.840030670166016,,,,False,0.36940228939056396,0.6915794014930725,0.9214919209480286,0.9209219813346863,0.9220619797706604,6.845873485872289e-06,1.0,0.28830456733703613,1.3099922036019507e-08,13.220324516296387,nnknn_target_value_model,0,0,42,100,0,42,91,75,16,0,0,22.75,0,4,nnknn,1923,nnknn,2000,"[1008, 915]",-0.0003821269783657044,0.0016682589193806052,0.012714192271232605
6341,4,97,15.03643798828125,-0.024033403024077415,-0.020286399871110916,15.060471534729004,,,,False,0.37470027804374695,0.6915192008018494,0.9203013181686401,0.9196933507919312,0.9209093451499939,7.29436578694731e-06,1.0,-0.0544731505215168,-2.2121311005207644e-08,12.64728832244873,nnknn_target_value_model,0,0,44,0,0,44,97,80,17,0,0,24.25,0,4,nnknn,1967,nnknn,2000,"[1030, 937]",-0.0008720115292817354,0.001639969297684729,0.013214069418609142
6427,4,86,22.45364761352539,-0.02349012903869152,-0.020416781306266785,22.47713851928711,22.17352294921875,0.6144284009933472,12.594563484191895,True,0.3073348104953766,0.6911662220954895,0.9191422462463379,0.9186040163040161,0.919680655002594,7.296283911273349e-06,1.0,-0.04246899113059044,5.544618097985676e-09,12.565433502197266,nnknn_target_value_model,0,0,42,100,0,42,86,62,24,0,0,21.5,0,4,nnknn,1909,nnknn,2000,"[1002, 907]",-0.0003720368258655071,0.0017389704007655382,0.013613495975732803
6517,4,90,20.26161766052246,-0.01804150640964508,-0.014258146286010742,20.279659271240234,,,,False,0.37833598256111145,0.6914597153663635,0.9180276393890381,0.917464017868042,0.918591320514679,7.709597412031144e-06,1.0,0.23879127204418182,-6.622738357719982e-09,12.155823707580566,nnknn_target_value_model,0,0,40,0,0,40,90,69,21,0,0,22.5,0,4,nnknn,1949,nnknn,2000,"[1022, 927]",-0.0008713656570762396,0.001707610790617764,0.013551085256040096
6615,4,98,41.532127380371094,-0.020291388034820557,-0.016212183982133865,41.55241775512695,41.00613021850586,0.29247987270355225,13.438270568847656,True,0.4079204797744751,0.6915448904037476,0.9168369770050049,0.9162226915359497,0.9174513220787048,7.647223355888855e-06,1.0,0.10817622393369675,1.2164213636367549e-08,13.550553321838379,nnknn_target_value_model,0,0,46,0,0,46,98,88,10,0,0,24.5,0,4,nnknn,1995,nnknn,2000,"[1050, 945]",-0.0013596084900200367,0.001678835484199226,0.013489400036633015
6702,4,87,12.02453327178955,-0.028492674231529236,-0.025400951504707336,12.05302619934082,,,,False,0.30917227268218994,0.6910243630409241,0.9156652688980103,0.9151206612586975,0.9162099957466125,7.667131285415962e-06,1.0,-0.27007827162742615,-1.4387327773590641e-08,11.756793022155762,nnknn_target_value_model,0,0,40,100,0,40,87,60,27,0,0,21.75,0,4,nnknn,1935,nnknn,2000,"[1025, 910]",-0.000659241690300405,0.0017880975501611829,0.013428508304059505
6791,4,89,62.57160568237305,-0.015873810276389122,-0.012736683711409569,62.58747863769531,,,,False,0.3137126564979553,0.6909786462783813,0.9145507216453552,0.9139933586120605,0.9151080250740051,8.084802175289951e-06,1.0,0.4585770070552826,-8.036581178316737e-09,12.809685707092285,nnknn_target_value_model,0,0,36,0,0,36,88,64,24,1,1,22.25,0,4,nnknn,1971,nnknn,2000,"[1046, 925]",-0.0011588719207793474,0.0017489938763901591,0.013520601205527782
6870,4,79,16.785675048828125,-0.02494286745786667,-0.022124409675598145,16.810617446899414,16.617826461791992,0.544623851776123,11.765470504760742,True,0.28184571862220764,0.6907560229301453,0.9134867191314697,0.9129926562309265,0.9139806628227234,7.904024641902652e-06,1.0,-1.0173397064208984,-6.035913546753591e-09,10.808990478515625,nnknn_target_value_model,0,0,33,100,0,33,79,79,0,0,0,19.75,0,4,nnknn,1904,nnknn,2000,"[1018, 886]",-0.00036728967097587883,0.0018476465484127402,0.013855157420039177
6956,4,86,13.789437294006348,-0.029318081215023994,-0.026485426351428032,13.818755149841309,,,,False,0.28326547145843506,0.6907115578651428,0.912441611289978,0.9119033217430115,0.9129800200462341,8.221579264500178e-06,1.0,-0.4242994487285614,-5.544618097985676e-09,11.43148136138916,nnknn_target_value_model,0,0,36,0,0,36,86,62,24,0,0,21.5,0,4,nnknn,1940,nnknn,2000,"[1037, 903]",-0.0008621871238574386,0.001836704439483583,0.013791633769869804
7067,4,111,26.053050994873047,-0.025312090292572975,-0.021446438506245613,26.0783634185791,25.67024040222168,0.6154124736785889,12.803342819213867,True,0.3865651786327362,0.6912112832069397,0.9111939668655396,0.9104973077774048,0.9118906855583191,8.2404167187633e-06,1.0,1.5488072633743286,5.9067666313694644e-09,14.353214263916016,nnknn_target_value_model,0,0,57,0,0,57,111,73,38,0,0,27.75,0,4,nnknn,1997,nnknn,2000,"[1065, 932]",-0.0012452584924176335,0.0018001022981479764,0.013728789053857327
7182,4,115,43.087249755859375,-0.023473814129829407,-0.02003762684762478,43.11072540283203,,,,False,0.3436187207698822,0.6908972263336182,0.9097626209259033,0.9090406894683838,0.9104846715927124,8.616867489763536e-06,1.0,1.531674861907959,5.183012685705535e-09,14.880494117736816,nnknn_target_value_model,0,0,62,0,0,62,115,84,31,0,0,28.75,0,4,nnknn,1959,nnknn,2000,"[1044, 915]",-0.0006696820491924882,0.0018703435780480504,0.013684983365237713
7335,4,153,63.75761795043945,-0.02642815187573433,-0.022507579997181892,63.7840461730957,,,,False,0.3920570909976959,0.6911273002624512,0.9080653190612793,0.907102644443512,0.9090279936790466,8.44759324536426e-06,1.0,4.292742729187012,7.440841187644764e-08,17.517133712768555,nnknn_target_value_model,0,0,109,100,0,109,153,81,72,0,0,38.25,0,4,nnknn,1968,nnknn,2000,"[1061, 907]",-0.00028913957066833973,0.0019071229035034776,0.014185273088514805
7499,4,164,67.88258361816406,-0.023917466402053833,-0.02008928544819355,67.90650177001953,67.23116302490234,0.40214860439300537,15.036463737487793,True,0.38281819224357605,0.6909847259521484,0.9060576558113098,0.9050253629684448,0.9070900082588196,8.553958650736604e-06,1.0,3.982147216796875,-2.544100752288614e-08,19.006837844848633,nnknn_target_value_model,0,0,109,100,0,109,164,94,70,0,0,41.0,0,4,nnknn,1977,nnknn,2000,"[1060, 917]",-0.0001424418151145801,0.0019423566991463304,0.01412227563560009
7637,4,138,31.746400833129883,-0.031183090060949326,-0.027474677190184593,31.777584075927734,,,,False,0.3708413541316986,0.6908168792724609,0.9041450023651123,0.9032773375511169,0.9050126671791077,8.702822015038691e-06,1.0,1.492781162261963,0.0,16.481847763061523,nnknn_target_value_model,0,0,81,100,0,81,138,80,58,0,0,34.5,0,4,nnknn,1958,nnknn,2000,"[1046, 912]",-1.617182988411514e-06,0.0019708932377398014,0.01431999634951353
7728,4,91,43.05018615722656,-0.03142930194735527,-0.028428442776203156,43.08161544799805,42.93706130981445,0.18412238359451294,11.844074249267578,True,0.30008605122566223,0.6902801394462585,0.9026947021484375,0.9021246433258057,0.9032646417617798,8.815538421913516e-06,1.0,0.7502146363258362,-1.047993780645129e-08,12.604413032531738,nnknn_target_value_model,0,0,42,0,0,42,91,49,42,0,0,22.75,0,4,nnknn,2000,nnknn,2000,"[1071, 929]",-0.0005003332043997943,0.0019319222774356604,0.014256193302571774
7831,4,103,14.559347152709961,-0.030306877568364143,-0.027589872479438782,14.589653968811035,,,,False,0.2717004418373108,0.6899868249893188,0.9014659523963928,0.9008200168609619,0.9021120071411133,8.65238416736247e-06,1.0,-0.22383207082748413,9.258974031922662e-09,13.263544082641602,nnknn_target_value_model,0,0,43,74,0,43,103,74,29,0,0,25.75,0,4,nnknn,1969,nnknn,2000,"[1046, 923]",0.0,0.0019948994740843773,0.014193139970302582
7971,4,140,59.84608840942383,-0.031427592039108276,-0.028411466628313065,59.87751770019531,,,,False,0.30161240696907043,0.6901319026947021,0.8999269604682922,0.8990466594696045,0.9008073210716248,8.928817806008738e-06,1.0,3.2205100059509277,2.2138868516208277e-08,16.785085678100586,nnknn_target_value_model,0,0,84,61,0,84,140,81,59,0,0,35.0,0,4,nnknn,1992,nnknn,2000,"[1050, 942]",0.0,0.0019890458788722754,0.014130139723420143
8118,4,147,56.44852066040039,-0.0237414687871933,-0.020939070731401443,56.47226333618164,56.14723587036133,0.2674593925476074,13.877280235290527,True,0.2802398204803467,0.6898152232170105,0.8981093764305115,0.8971846699714661,0.8990340232849121,8.967043868324254e-06,1.0,3.0447475910186768,-4.135832654128535e-08,16.9312801361084,nnknn_target_value_model,0,0,95,69,18,95,147,90,57,0,0,36.75,0,4,nnknn,2000,nnknn,2000,"[1057, 943]",0.0,0.002002631314098835,0.013811808079481125
8186,4,68,21.963539123535156,-0.019048398360610008,-0.015407117083668709,21.982587814331055,,,,False,0.36412814259529114,0.6903278827667236,0.8967476487159729,0.8963233232498169,0.8971719741821289,9.026063708006404e-06,1.0,-3.1406705379486084,4.9086178677271164e-08,9.932533264160156,nnknn_target_value_model,0,0,13,34,0,13,67,48,19,1,1,17.0,0,4,nnknn,1979,nnknn,2000,"[1052, 927]",0.0,0.00201693014241755,0.013751129619777203
8310,4,124,34.49555969238281,-0.022480947896838188,-0.019295962527394295,34.51803970336914,33.92194366455078,0.5638511180877686,13.74127197265625,True,0.31849855184555054,0.6899320483207703,0.8955315351486206,0.8947526812553406,0.8963106870651245,9.051566848938819e-06,1.0,1.8682812452316284,6.729556467632847e-09,15.648406982421875,nnknn_target_value_model,0,0,70,35,14,70,124,67,57,0,0,31.0,0,4,nnknn,2000,nnknn,2000,"[1058, 942]",0.0,0.0020050974562764168,0.013690122403204441
8510,4,200,64.964599609375,-0.02886819839477539,-0.02532634325325489,64.99346923828125,,,,False,0.354185551404953,0.6901247501373291,0.893479585647583,0.8922193050384521,0.8947399854660034,9.003248123917729e-06,1.0,5.2165045738220215,7.03334777085729e-08,19.422889709472656,nnknn_target_value_model,0,0,156,98,58,156,200,92,108,0,0,50.0,0,4,nnknn,2000,nnknn,2000,"[1070, 930]",0.0,0.0020256584975868464,0.0136299142614007
8607,4,97,44.846710205078125,-0.031980499625205994,-0.028583720326423645,44.87868881225586,,,,False,0.3396777808666229,0.6899377107620239,0.891598641872406,0.890990674495697,0.8922066688537598,9.063700417755172e-06,1.0,1.7485870122909546,2.335027282640567e-08,15.280915260314941,nnknn_target_value_model,0,0,49,38,11,49,97,46,51,0,0,24.25,0,4,nnknn,2000,nnknn,2000,"[1066, 934]",0.0,0.0020384504459798336,0.013569938950240612
8707,4,100,38.57024383544922,-0.039247576147317886,-0.03656911477446556,38.609493255615234,37.450477600097656,0.38667047023773193,13.994851112365723,True,0.2678459882736206,0.6892606616020203,0.8903510570526123,0.8897240161895752,0.8909779787063599,9.103100637730677e-06,1.0,-0.121856190264225,0.0,13.984585762023926,nnknn_target_value_model,0,0,64,28,36,64,100,50,50,0,0,25.0,0,4,nnknn,2000,nnknn,2000,"[1070, 930]",0.0,0.0020372269209474325,0.013510196469724178
8837,4,130,51.03349685668945,-0.028906160965561867,-0.02607017569243908,51.06240463256836,,,,False,0.28359857201576233,0.6892198324203491,0.8888943195343018,0.8880773186683655,0.889711320400238,9.091227184399031e-06,1.0,2.790703773498535,1.9256885863683237e-08,16.769994735717773,nnknn_target_value_model,0,0,87,44,43,87,130,59,71,0,0,32.5,0,4,nnknn,2000,nnknn,2000,"[1058, 942]",0.0,0.002028378890827298,0.013450685888528824
8946,4,109,36.8702278137207,-0.03199320659041405,-0.02824820578098297,36.9022216796875,36.42294692993164,0.5524923801422119,15.450469017028809,True,0.37450000643730164,0.6899181604385376,0.8873806595802307,0.8866966962814331,0.8880646824836731,9.001947546494193e-06,1.0,0.0023377707693725824,-2.1873263200689053e-09,15.504608154296875,nnknn_target_value_model,0,0,46,57,0,46,109,66,43,0,0,27.25,0,4,nnknn,1989,nnknn,2000,"[1049, 940]",0.0,0.002051633782684803,0.01389153953641653
9044,4,98,28.050045013427734,-0.035094551742076874,-0.03251735493540764,28.085140228271484,,,,False,0.25771987438201904,0.688753068447113,0.886069655418396,0.885455310344696,0.886684000492096,9.084112207347061e-06,1.0,0.7583170533180237,-4.865685188093494e-09,13.182592391967773,nnknn_target_value_model,0,0,54,17,26,54,98,55,43,0,0,24.5,0,4,nnknn,2000,nnknn,2000,"[1057, 943]",0.0,0.0020426628179848194,0.013830257579684258
9195,4,151,37.7786865234375,-0.03139653429389,-0.028472086414694786,37.810081481933594,,,,False,0.2924448847770691,0.6889782547950745,0.8844926953315735,0.8835426568984985,0.8854426741600037,9.038129064720124e-06,1.0,2.245765447616577,1.5789309859570722e-09,17.30836296081543,nnknn_target_value_model,0,0,95,47,48,95,151,88,63,0,0,37.75,0,4,nnknn,2000,nnknn,2000,"[1055, 945]",0.0,0.00207181042060256,0.013831701129674911
9313,4,118,33.28507614135742,-0.0316222608089447,-0.028831567615270615,33.31669998168945,33.14506530761719,0.48637259006500244,13.554787635803223,True,0.27906930446624756,0.6887909173965454,0.8827890157699585,0.8820480108261108,0.8835300207138062,9.215076715918258e-06,1.0,1.4079675674438477,0.0,15.00688362121582,nnknn_target_value_model,0,0,70,36,34,70,117,61,56,1,1,29.5,0,4,nnknn,2000,nnknn,2000,"[1055, 945]",0.0,0.002085121814161539,0.01377094630151987
9403,4,90,21.868528366088867,-0.03314222767949104,-0.029808007180690765,21.901670455932617,,,,False,0.3334220051765442,0.6891522407531738,0.8814716935157776,0.8809080123901367,0.8820353150367737,9.298150871472899e-06,1.0,-0.8490351438522339,3.973643103449831e-08,12.593270301818848,nnknn_target_value_model,0,0,33,43,0,33,90,43,47,0,0,22.5,0,4,nnknn,1990,nnknn,2000,"[1054, 936]",0.0,0.002097065094858408,0.013271147385239601
9509,4,106,32.268733978271484,-0.035207487642765045,-0.03223371133208275,32.30393981933594,31.92585563659668,0.43213504552841187,12.510579109191895,True,0.2973775267601013,0.6888619065284729,0.8802303075790405,0.8795653581619263,0.8808953166007996,9.3152857516543e-06,1.0,1.1063164472579956,-1.4620007426913162e-08,13.635770797729492,nnknn_target_value_model,0,0,59,32,17,59,105,72,33,1,1,26.5,0,4,nnknn,2000,nnknn,2000,"[1045, 955]",0.0,0.002084204228594899,0.013711603358387947
9661,4,152,33.82006072998047,-0.032468024641275406,-0.029525496065616608,33.8525276184082,,,,False,0.2942529618740082,0.6885958313941956,0.8785963654518127,0.8776400089263916,0.8795526623725891,9.236026926373597e-06,1.0,2.158444881439209,-1.5685432952494693e-09,17.363037109375,nnknn_target_value_model,0,0,101,50,51,101,152,71,81,0,0,38.0,0,4,nnknn,2000,nnknn,2000,"[1054, 946]",0.0,0.002116632182151079,0.013411814346909523
9724,4,63,32.132633209228516,-0.034746307879686356,-0.03187055513262749,32.167381286621094,,,,False,0.28757524490356445,0.6884334683418274,0.877234697341919,0.8768420219421387,0.8776273131370544,9.396321729582269e-06,1.0,-1.1319231986999512,0.0,10.448647499084473,nnknn_target_value_model,0,0,21,17,4,21,63,50,13,0,0,15.75,0,4,nnknn,2000,nnknn,2000,"[1050, 950]",0.0,0.002117874100804329,0.013352685607969761
9842,4,118,49.25983810424805,-0.03274964168667793,-0.029880264773964882,49.29258728027344,48.88632583618164,0.3637468218803406,13.697771072387695,True,0.2869378328323364,0.6883333921432495,0.8760884404182434,0.8753473162651062,0.8768293261528015,9.417414730705786e-06,1.0,2.045539140701294,5.051241203091195e-09,15.693709373474121,nnknn_target_value_model,0,0,66,47,19,66,118,57,61,0,0,29.5,0,4,nnknn,2000,nnknn,2000,"[1040, 960]",0.0,0.0021264797542244196,0.013293786905705929
9957,4,115,24.165956497192383,-0.032942451536655426,-0.029749343171715736,24.198898315429688,,,,False,0.31931072473526,0.6885485649108887,0.8746126890182495,0.8738906383514404,0.8753346800804138,9.479186701355502e-06,1.0,-0.573959469795227,-1.5030735767140868e-08,15.189217567443848,nnknn_target_value_model,0,0,52,42,10,52,114,56,58,1,1,28.75,0,4,nnknn,2000,nnknn,2000,"[1045, 955]",0.0,0.0021318811923265457,0.013235117308795452
10046,4,89,24.299060821533203,-0.042523909360170364,-0.03984930366277695,24.341585159301758,23.542680740356445,0.6881095767021179,14.711326599121094,True,0.26746058464050293,0.687950074672699,0.8733206987380981,0.8727633357048035,0.873878002166748,9.545457942294888e-06,1.0,-1.1208415031433105,1.7412592256960124e-08,13.60555362701416,nnknn_target_value_model,0,0,37,31,6,37,89,54,35,0,0,22.25,0,4,nnknn,2000,nnknn,2000,"[1050, 950]",0.0,0.0021350085735321045,0.01317667681723833
10160,4,114,46.921627044677734,-0.029406795278191566,-0.026788726449012756,46.95103454589844,,,,False,0.26180702447891235,0.6877426505088806,0.8720349669456482,0.8713193535804749,0.8727506399154663,9.566421795170754e-06,1.0,1.6174921989440918,-1.0456955301663129e-09,16.198152542114258,nnknn_target_value_model,0,0,68,42,26,68,114,58,56,0,0,28.5,0,4,nnknn,2000,nnknn,2000,"[1055, 945]",0.0,0.002145121805369854,0.013118463568389416
10311,4,151,57.99861145019531,-0.03592437133193016,-0.032710522413253784,58.0345344543457,,,,False,0.3213847577571869,0.688298225402832,0.8703566789627075,0.8694066405296326,0.8713066577911377,9.632309229345992e-06,1.0,3.853747606277466,-2.5262895775313154e-08,18.03740882873535,nnknn_target_value_model,0,0,99,48,51,99,151,61,90,0,0,37.75,0,4,nnknn,2000,nnknn,2000,"[1047, 953]",0.0,0.0021593691781163216,0.013618369586765766
10407,4,96,27.95783042907715,-0.044208694249391556,-0.041565146297216415,28.002038955688477,27.58466339111328,0.655009388923645,14.575678825378418,True,0.26435479521751404,0.6875379681587219,0.8687922358512878,0.8681906461715698,0.8693940043449402,9.720421985548455e-06,1.0,0.27462562918663025,-1.2417634032146907e-08,14.821351051330566,nnknn_target_value_model,0,0,47,21,26,47,96,42,54,0,0,24.0,0,4,nnknn,2000,nnknn,2000,"[1044, 956]",0.0,0.002165120793506503,0.01355843897908926
10542,4,135,50.740596771240234,-0.0437069796025753,-0.04146691411733627,50.784305572509766,,,,False,0.2240065634250641,0.6868870854377747,0.8673292994499207,0.8664806485176086,0.8681780099868774,9.724310075398535e-06,1.0,2.424184799194336,-2.5607921116943544e-08,16.40264320373535,nnknn_target_value_model,0,0,82,42,40,82,135,57,78,0,0,33.75,0,4,nnknn,2000,nnknn,2000,"[1041, 959]",0.0,0.002174047287553549,0.013498741202056408
10613,4,71,17.361045837402344,-0.03424222394824028,-0.03170056268572807,17.395288467407227,16.818225860595703,0.696304976940155,12.621256828308105,True,0.2541661262512207,0.6870938539505005,0.8660246729850769,0.8655813336372375,0.8664680123329163,9.743433110998012e-06,1.0,-2.3957839012145996,-1.1249327513951357e-07,10.22795581817627,nnknn_target_value_model,0,0,19,20,0,19,71,33,38,0,0,17.75,0,4,nnknn,1999,nnknn,2000,"[1043, 956]",0.0,0.0021743648685514927,0.01343927439302206
10692,4,79,18.42782974243164,-0.053632065653800964,-0.05148385465145111,18.481462478637695,,,,False,0.21482113003730774,0.6864712834358215,0.865074634552002,0.8645806908607483,0.8655686378479004,9.70489600149449e-06,1.0,-1.8010733127593994,-6.035913546753591e-09,11.055011749267578,nnknn_target_value_model,0,0,27,29,0,27,79,71,8,0,0,19.75,0,4,nnknn,1997,nnknn,2000,"[1042, 955]",0.0,0.002195521490648389,0.01382352877408266
10790,4,98,57.17900848388672,-0.0437273234128952,-0.04168447107076645,57.22273635864258,,,,False,0.2042853832244873,0.6862421631813049,0.8639536499977112,0.8633393049240112,0.8645679950714111,9.835001947067212e-06,1.0,1.6040151119232178,-4.865685188093494e-09,15.125216484069824,nnknn_target_value_model,0,0,57,51,3,57,98,61,37,0,0,24.5,0,4,nnknn,2000,nnknn,2000,"[1043, 957]",0.0,0.0021965685300529003,0.014322757720947266
10920,4,130,38.4619255065918,-0.03410898149013519,-0.031071728095412254,38.49603271484375,37.9255256652832,0.5654076337814331,15.245743751525879,True,0.3037252724170685,0.6873629689216614,0.8625096678733826,0.8616926670074463,0.8633266687393188,9.812412827159278e-06,1.0,1.7640700340270996,-1.4671912573760437e-08,16.912248611450195,nnknn_target_value_model,0,0,77,43,34,77,130,54,76,0,0,32.5,0,4,nnknn,2000,nnknn,2000,"[1047, 953]",0.0,0.002202896401286125,0.014260116033256054
11091,4,171,61.411441802978516,-0.03349167853593826,-0.03105216473340988,61.4449348449707,,,,False,0.24395138025283813,0.6865313649177551,0.860603392124176,0.8595266938209534,0.8616799712181091,9.856081305770203e-06,1.0,4.160697937011719,4.1827821206652516e-09,18.662214279174805,nnknn_target_value_model,0,0,115,51,64,115,171,64,107,0,0,42.75,0,4,nnknn,2000,nnknn,2000,"[1053, 947]",0.0,0.0022034759167581797,0.01376123633235693
11209,4,118,50.66407012939453,-0.03694508224725723,-0.034859735518693924,50.70101547241211,49.91114807128906,0.44181162118911743,14.029082298278809,True,0.2085348218679428,0.6858929395675659,0.8587729930877686,0.8580319881439209,0.8595139980316162,9.821721505431924e-06,1.0,2.070416212081909,-1.010248240618239e-08,16.108360290527344,nnknn_target_value_model,0,0,70,20,50,70,118,65,53,0,0,29.5,0,4,nnknn,2000,nnknn,2000,"[1057, 943]",0.0,0.002200385555624962,0.013700753450393677
11324,4,115,54.887939453125,-0.04280421882867813,-0.0405435711145401,54.93074417114258,,,,False,0.22606492042541504,0.6859118342399597,0.8572973608970642,0.8565753102302551,0.8580193519592285,9.7762067525764e-06,1.0,2.742865562438965,-1.036602537141107e-08,16.535886764526367,nnknn_target_value_model,0,0,73,37,36,73,115,78,37,0,0,28.75,0,4,nnknn,2000,nnknn,2000,"[1061, 939]",0.0,0.0022017217706888914,0.014200614765286446
11494,4,170,74.58492279052734,-0.035579271614551544,-0.03276853635907173,74.62049865722656,,,,False,0.2810736894607544,0.6865004301071167,0.8554922938346863,0.8544219732284546,0.8565626740455627,9.794291145226452e-06,1.0,4.641480445861816,4.207386883336994e-09,19.360458374023438,nnknn_target_value_model,0,0,117,75,42,117,170,62,108,0,0,42.5,0,4,nnknn,2000,nnknn,2000,"[1073, 927]",0.0,0.0022063907235860825,0.0137006975710392
11567,4,73,18.612533569335938,-0.028993267565965652,-0.026238039135932922,18.64152717590332,18.49629783630371,0.580994725227356,12.262133598327637,True,0.2755230963230133,0.6863412857055664,0.8539533615112305,0.853497326374054,0.8544093370437622,9.778133062354755e-06,1.0,-2.1502561569213867,-1.9596047451386767e-08,10.106489181518555,nnknn_target_value_model,0,0,22,26,0,22,73,41,32,0,0,18.25,0,4,nnknn,1996,nnknn,2000,"[1072, 924]",0.0,0.0022155758924782276,0.013640448451042175
11652,4,85,31.202878952026367,-0.0599830187857151,-0.05748358368873596,31.262861251831055,,,,False,0.24994365870952606,0.6857293248176575,0.8529526591300964,0.8524206876754761,0.8534846901893616,9.866134860203601e-06,1.0,-0.7309890389442444,4.7683716530855236e-08,13.88719367980957,nnknn_target_value_model,0,0,33,18,11,33,85,27,58,0,0,21.25,0,4,nnknn,2000,nnknn,2000,"[1079, 921]",0.0,0.002220005262643099,0.013580326922237873
11735,4,83,37.427406311035156,-0.03579386696219444,-0.03361155837774277,37.463199615478516,37.11042022705078,0.2455233335494995,13.052119255065918,True,0.21823085844516754,0.6853232383728027,0.8518886566162109,0.851369321346283,0.8524079918861389,9.888558452075813e-06,1.0,-1.2038544416427612,5.745025788428393e-09,11.864773750305176,nnknn_target_value_model,0,0,35,22,13,35,83,36,47,0,0,20.75,0,4,nnknn,2000,nnknn,2000,"[1086, 914]",0.0,0.002217116067185998,0.01396545022726059
11826,4,91,25.58726692199707,-0.055390696972608566,-0.05311612784862518,25.642658233642578,,,,False,0.2274569571018219,0.6851986646652222,0.8507866263389587,0.8502166867256165,0.8513566851615906,9.82886558631435e-06,1.0,-0.2733200490474701,7.859953576883072e-09,13.177756309509277,nnknn_target_value_model,0,0,42,27,15,42,91,40,51,0,0,22.75,0,4,nnknn,2000,nnknn,2000,"[1085, 915]",0.0,0.0022290947381407022,0.013465500436723232
11941,4,115,46.41180419921875,-0.04781118035316467,-0.04569591209292412,46.45961380004883,,,,False,0.21152666211128235,0.684860110282898,0.8494820594787598,0.8487600088119507,0.8502039909362793,9.894575669022743e-06,1.0,1.5648196935653687,2.1768652658238352e-08,15.69443130493164,nnknn_target_value_model,0,0,57,30,27,57,114,62,52,1,1,28.75,0,4,nnknn,2000,nnknn,2000,"[1084, 916]",0.0,0.0022212702315300703,0.013965320773422718
12049,4,108,41.07334899902344,-0.046621426939964294,-0.04483548924326897,41.119972229003906,41.027034759521484,0.4433603286743164,14.138521194458008,True,0.1785936951637268,0.6841567158699036,0.8480696678161621,0.8473920226097107,0.8487473130226135,9.816018064157106e-06,1.0,1.1203926801681519,-2.428337353421739e-08,15.235703468322754,nnknn_target_value_model,0,0,57,22,35,57,107,57,50,1,1,27.0,0,4,nnknn,2000,nnknn,2000,"[1082, 918]",0.0,0.002231293125078082,0.013904050923883915
12120,4,71,20.960901260375977,-0.046329744160175323,-0.04336904361844063,21.007230758666992,,,,False,0.29607024788856506,0.6859798431396484,0.8469359874725342,0.8464926481246948,0.8473793268203735,9.857350960373878e-06,1.0,-2.4797871112823486,-7.051816908187902e-08,10.21217155456543,nnknn_target_value_model,0,0,17,26,0,17,71,46,25,0,0,17.75,0,4,nnknn,1991,nnknn,2000,"[1079, 912]",0.0,0.0022496054880321026,0.01384301669895649
12313,4,193,58.240665435791016,-0.03976288437843323,-0.037135809659957886,58.28042984008789,57.384159088134766,0.5051233768463135,14.682806015014648,True,0.262707382440567,0.6852847933769226,0.8452640175819397,0.844048023223877,0.8464800119400024,9.947219041350763e-06,1.0,4.637993335723877,-1.235329438742383e-08,19.249975204467773,nnknn_target_value_model,0,0,150,51,90,150,193,89,104,0,0,48.25,0,4,nnknn,2000,nnknn,2000,"[1075, 925]",0.0,0.002248006407171488,0.014342653565108776
12444,4,131,29.01742172241211,-0.0387541726231575,-0.035945940762758255,29.056175231933594,,,,False,0.2808230221271515,0.6853376030921936,0.8432120084762573,0.8423886895179749,0.8440353274345398,9.948525985237211e-06,1.0,0.6823363304138184,7.279956637518126e-09,16.598613739013672,nnknn_target_value_model,0,0,69,48,21,69,131,50,81,0,0,32.75,0,4,nnknn,2000,nnknn,2000,"[1077, 923]",0.0,0.0022484026849269867,0.014279935508966446
12601,4,157,53.64789962768555,-0.0417027585208416,-0.03887811303138733,53.68960189819336,,,,False,0.2824646532535553,0.6850525736808777,0.8413879871368408,0.840399980545044,0.8423759937286377,9.938970833900385e-06,1.0,4.249107837677002,-6.15028810102558e-08,18.457563400268555,nnknn_target_value_model,0,0,116,44,72,116,157,56,101,0,0,39.25,0,4,nnknn,2000,nnknn,2000,"[1076, 924]",0.0,0.002268522744998336,0.014217457734048367
12725,4,124,35.97050476074219,-0.03519449755549431,-0.0329722985625267,36.005699157714844,35.964324951171875,0.6065418720245361,14.965086936950684,True,0.22221986949443817,0.6839127540588379,0.8396084308624268,0.8388293385505676,0.8403873443603516,1.0024578841694165e-05,1.0,1.6271177530288696,4.806826048309176e-09,16.58188247680664,nnknn_target_value_model,0,0,72,41,31,72,124,44,80,0,0,31.0,0,4,nnknn,2000,nnknn,2000,"[1075, 925]",0.0,0.002260602544993162,0.014155219309031963
12827,4,102,23.496417999267578,-0.04648847505450249,-0.04360229894518852,23.542905807495117,,,,False,0.28861770033836365,0.6848519444465637,0.8381769061088562,0.8375373482704163,0.8388166427612305,9.948128536052536e-06,1.0,-0.835641622543335,2.220565242794237e-08,14.317548751831055,nnknn_target_value_model,0,0,46,34,12,46,101,38,63,1,1,25.5,0,4,nnknn,2000,nnknn,2000,"[1070, 930]",0.0,0.0022764732129871845,0.014093219302594662
12918,4,91,22.482528686523438,-0.04900440201163292,-0.04617435485124588,22.531532287597656,22.25984764099121,0.6873703002929688,14.921380996704102,True,0.28300487995147705,0.6847684383392334,0.8369547128677368,0.836384654045105,0.8375246524810791,1.0027706593973562e-05,1.0,-1.9880865812301636,2.4889851957254905e-08,12.919476509094238,nnknn_target_value_model,0,0,30,19,11,30,91,53,38,0,0,22.75,0,4,nnknn,2000,nnknn,2000,"[1073, 927]",0.0,0.0022758839186280966,0.014593170955777168
13000,4,82,32.81315612792969,-0.04324768856167793,-0.04105154052376747,32.85640335083008,,,,False,0.21961477398872375,0.6833655834197998,0.8358590006828308,0.835345983505249,0.8363720178604126,1.0039247172244359e-05,1.0,-2.0778892040252686,3.9978726107392504e-08,12.284832000732422,nnknn_target_value_model,0,0,22,16,6,22,82,27,55,0,0,20.5,0,4,nnknn,2000,nnknn,2000,"[1070, 930]",0.0,0.002265628892928362,0.014529497362673283
13085,4,85,24.37894630432129,-0.051950618624687195,-0.04936617612838745,24.430896759033203,,,,False,0.2584443688392639,0.6840178966522217,0.8348012566566467,0.8342693448066711,0.8353333473205566,9.982122719520703e-06,1.0,-1.5433721542358398,1.1219698059505845e-08,12.410096168518066,nnknn_target_value_model,0,0,29,27,2,29,84,53,31,1,1,21.25,0,4,nnknn,2000,nnknn,2000,"[1066, 934]",0.0,0.002278065774589777,0.014466065913438797
13216,4,131,30.05287742614746,-0.045250099152326584,-0.04243078827857971,30.098127365112305,29.496292114257812,0.6258394122123718,15.260992050170898,True,0.28193092346191406,0.6842969059944153,0.8334333300590515,0.832610011100769,0.834256649017334,1.008921299217036e-05,1.0,1.3361259698867798,-4.2769745078885535e-08,16.493989944458008,nnknn_target_value_model,0,0,71,40,31,71,131,68,63,0,0,32.75,0,4,nnknn,2000,nnknn,2000,"[1067, 933]",0.0,0.0022849678061902523,0.014402876608073711
13315,4,99,38.18752670288086,-0.05508793517947197,-0.0529959499835968,38.24261474609375,,,,False,0.20919840037822723,0.6826413869857788,0.831976592540741,0.8313559889793396,0.8325973153114319,1.0082421795232221e-05,1.0,0.9913033246994019,4.8165369470609676e-09,13.787896156311035,nnknn_target_value_model,0,0,50,28,22,50,99,44,55,0,0,24.75,0,4,nnknn,2000,nnknn,2000,"[1064, 936]",0.0,0.002289688913151622,0.014902768656611443
13438,4,123,60.71265411376953,-0.051745690405368805,-0.04982713982462883,60.764400482177734,60.00089645385742,0.3903273344039917,14.47329044342041,True,0.19185496866703033,0.6822987794876099,0.830570638179779,0.8297979831695557,0.8313433527946472,1.0105864021170419e-05,1.0,2.8269853591918945,3.5859706315477524e-08,17.256542205810547,nnknn_target_value_model,0,0,73,33,40,73,123,82,41,0,0,30.75,0,4,nnknn,2000,nnknn,2000,"[1060, 940]",0.0,0.0023028221912682056,0.014837918803095818
13605,4,167,45.42039489746094,-0.03866599127650261,-0.03621014952659607,45.45906066894531,,,,False,0.24558408558368683,0.6831339001655579,0.8287339806556702,0.8276826739311218,0.8297853469848633,1.0179648597841151e-05,1.0,2.966801166534424,1.7845701805185854e-08,18.72052764892578,nnknn_target_value_model,0,0,113,62,51,113,167,78,89,0,0,41.75,0,4,nnknn,2000,nnknn,2000,"[1062, 938]",0.0,0.0023024159017950296,0.014773314818739891
13736,4,131,44.96478271484375,-0.04476715251803398,-0.04215114936232567,45.00954818725586,,,,False,0.2616003155708313,0.6832317113876343,0.8268466591835022,0.8260233402252197,0.8276699781417847,1.017185604723636e-05,1.0,1.7942661046981812,-1.3649918528813032e-08,17.565242767333984,nnknn_target_value_model,0,0,76,34,42,76,131,52,79,0,0,32.75,0,4,nnknn,2000,nnknn,2000,"[1061, 939]",0.0,0.0022989672143012285,0.015273192897439003
13829,4,93,18.090078353881836,-0.06353650242090225,-0.060908205807209015,18.153614044189453,17.960969924926758,0.7108310461044312,13.402496337890625,True,0.26282939314842224,0.6830429434776306,0.8254280686378479,0.8248453140258789,0.8260106444358826,1.0171641406486742e-05,1.0,-0.12777024507522583,5.127281266226191e-09,13.29369068145752,nnknn_target_value_model,0,0,42,27,15,42,93,38,55,0,0,23.25,0,4,nnknn,2000,nnknn,2000,"[1063, 937]",0.0,0.002297620289027691,0.01520694512873888
14000,4,171,53.3541145324707,-0.04675084352493286,-0.04388231411576271,53.40086364746094,,,,False,0.28685301542282104,0.6833154559135437,0.8237559795379639,0.822679340839386,0.8248326778411865,1.0183414815401193e-05,1.0,2.7221944332122803,-9.75982494821892e-09,20.320974349975586,nnknn_target_value_model,0,0,103,57,46,103,171,67,104,0,0,42.75,0,4,nnknn,2000,nnknn,2000,"[1062, 938]",0.0,0.0023205820471048355,0.015140946954488754
14161,4,161,52.50593185424805,-0.050101444125175476,-0.047433990985155106,52.556034088134766,52.5059814453125,0.523061990737915,16.388690948486328,True,0.26674535870552063,0.6828863024711609,0.8216533660888672,0.8206400275230408,0.8226666450500488,1.029230588756036e-05,1.0,3.0923643112182617,-4.5166252959916164e-08,19.429115295410156,nnknn_target_value_model,0,0,98,50,48,98,161,82,79,0,0,40.25,0,4,nnknn,2000,nnknn,2000,"[1053, 947]",0.0,0.0023269334342330694,0.014642050489783287
14276,4,115,24.522417068481445,-0.04671783000230789,-0.04413643851876259,24.569135665893555,,,,False,0.2581389844417572,0.6822359561920166,0.8199052810668945,0.819183349609375,0.8206273317337036,1.0300130270479713e-05,1.0,-0.6251126527786255,-1.3734982928781392e-08,15.388387680053711,nnknn_target_value_model,0,0,56,25,31,56,115,55,60,0,0,28.75,0,4,nnknn,2000,nnknn,2000,"[1052, 948]",0.0,0.0023121172562241554,0.015141893178224564
14406,4,130,47.85296630859375,-0.054602719843387604,-0.05179820582270622,47.907569885253906,,,,False,0.2804514169692993,0.6826021075248718,0.8183536529541016,0.8175366520881653,0.8191706538200378,1.0205233593296725e-05,1.0,1.112038493156433,7.335956286880219e-09,18.530242919921875,nnknn_target_value_model,0,0,76,23,53,76,130,44,86,0,0,32.5,0,4,nnknn,2000,nnknn,2000,"[1056, 944]",0.0,0.002317965729162097,0.015641530975699425
14513,4,107,30.413631439208984,-0.05431583151221275,-0.051838383078575134,30.467947006225586,29.892545700073242,0.5527321100234985,14.560539245605469,True,0.24774472415447235,0.6816896200180054,0.8168526291847229,0.8161813616752625,0.8175240159034729,1.0250962986901868e-05,1.0,0.03613267093896866,-8.912843796338166e-09,14.57688045501709,nnknn_target_value_model,0,0,46,28,18,46,107,44,63,0,0,26.75,0,4,nnknn,2000,nnknn,2000,"[1052, 948]",0.0,0.0023123924620449543,0.015141727402806282
14649,4,136,47.94180679321289,-0.04139472916722298,-0.03881596773862839,47.98320007324219,,,,False,0.2578760087490082,0.6817424297332764,0.8153136968612671,0.8144586682319641,0.8161686658859253,1.020776471705176e-05,1.0,1.7487813234329224,-1.1833274804473604e-08,17.029672622680664,nnknn_target_value_model,0,0,81,47,34,81,136,77,59,0,0,34.0,0,4,nnknn,2000,nnknn,2000,"[1053, 947]",0.0,0.0023104336578398943,0.014641769230365753
14764,4,115,38.603240966796875,-0.04896543547511101,-0.04659830033779144,38.65220642089844,38.02650833129883,0.5086815357208252,15.087576866149902,True,0.23671366274356842,0.6811589598655701,0.8137240409851074,0.8130019903182983,0.814445972442627,1.0145214218937326e-05,1.0,0.5299012064933777,0.0,15.60893726348877,nnknn_target_value_model,0,0,51,27,24,51,115,54,61,0,0,28.75,0,4,nnknn,2000,nnknn,2000,"[1046, 954]",0.0,0.0023109528701752424,0.015141695737838745
14861,4,97,45.76565933227539,-0.07015548646450043,-0.06856713443994522,45.8358154296875,,,,False,0.15883490443229675,0.6790379285812378,0.8123813271522522,0.8117733597755432,0.812989354133606,1.0124521395482589e-05,1.0,0.9714839458465576,-2.335027282640567e-08,14.06110668182373,nnknn_target_value_model,0,0,46,19,27,46,97,59,38,0,0,24.25,0,4,nnknn,2000,nnknn,2000,"[1039, 961]",0.0,0.002301085740327835,0.015075943432748318
15012,4,151,40.03609085083008,-0.04630926996469498,-0.044385191053152084,40.082401275634766,,,,False,0.19240805506706238,0.6796691417694092,0.8108106255531311,0.8098606467247009,0.811760663986206,1.0057885447167791e-05,1.0,3.182039737701416,-1.2631447887656577e-08,16.523639678955078,nnknn_target_value_model,0,0,107,23,84,107,151,92,59,0,0,37.75,0,4,nnknn,2000,nnknn,2000,"[1049, 951]",0.0,0.002309666480869055,0.015575729310512543
15140,4,128,35.88854217529297,-0.05175740644335747,-0.049302224069833755,35.94029998779297,35.502872467041016,0.5125463008880615,14.902483940124512,True,0.245518296957016,0.6805888414382935,0.8090436458587646,0.8082393407821655,0.8098480105400085,1.0103572094521951e-05,1.0,1.2849501371383667,-1.30385160446167e-08,16.09881591796875,nnknn_target_value_model,0,0,74,24,50,74,128,67,61,0,0,32.0,0,4,nnknn,2000,nnknn,2000,"[1047, 953]",0.0,0.0023058499209582806,0.015508346259593964
15244,4,104,35.65288543701172,-0.052239563316106796,-0.049248531460762024,35.70512390136719,,,,False,0.29910311102867126,0.6819495558738708,0.8075743317604065,0.8069220185279846,0.8082266449928284,1.0075414138555061e-05,1.0,0.22185619175434113,1.1462432114583976e-09,14.38680648803711,nnknn_target_value_model,0,0,52,22,30,52,104,63,41,0,0,26.0,0,4,nnknn,2000,nnknn,2000,"[1051, 949]",0.0,0.002324553206562996,0.016008324921131134
15372,4,128,43.127830505371094,-0.06790758669376373,-0.06558465957641602,43.19573974609375,42.18993377685547,0.5026969909667969,14.430768966674805,True,0.23229281604290009,0.6800154447555542,0.8061049580574036,0.8053006529808044,0.8069093227386475,1.0216558621323202e-05,1.0,2.046308755874634,2.2351741790771484e-08,16.376283645629883,nnknn_target_value_model,0,0,74,29,45,74,128,51,77,0,0,32.0,0,4,nnknn,2000,nnknn,2000,"[1045, 955]",0.0,0.0023329623509198427,0.015508666634559631
15485,4,113,46.886688232421875,-0.05139726772904396,-0.04889334365725517,46.93808364868164,,,,False,0.2503923177719116,0.680087685585022,0.8045786619186401,0.8038693070411682,0.8052880167961121,1.0240081792289857e-05,1.0,0.6949873566627502,7.912120736364159e-09,17.438440322875977,nnknn_target_value_model,0,0,55,30,25,55,113,41,72,0,0,28.25,0,4,nnknn,2000,nnknn,2000,"[1042, 958]",0.0,0.002335950965061784,0.016008593142032623
15625,4,140,40.59975814819336,-0.05979384481906891,-0.058142125606536865,40.65955352783203,,,,False,0.1651718020439148,0.6776526570320129,0.8029763102531433,0.8020960092544556,0.8038566708564758,1.0258929250994697e-05,1.0,3.168240785598755,-2.2138868516208277e-08,16.850522994995117,nnknn_target_value_model,0,0,97,22,75,97,140,44,96,0,0,35.0,0,4,nnknn,2000,nnknn,2000,"[1042, 958]",0.0,0.0023422413505613804,0.01593959517776966
15731,4,106,38.21391677856445,-0.06550607085227966,-0.06336619704961777,38.279422760009766,37.89039993286133,0.5563405752182007,15.31473159790039,True,0.21398766338825226,0.6787941455841064,0.8014183640480042,0.8007533550262451,0.8020833134651184,1.027642883855151e-05,1.0,0.6180822849273682,8.996927647331177e-09,15.883440017700195,nnknn_target_value_model,0,0,56,29,27,56,106,50,56,0,0,26.5,0,4,nnknn,2000,nnknn,2000,"[1032, 968]",0.0,0.002347460249438882,0.015870854258537292
15860,4,129,34.6282958984375,-0.05738503858447075,-0.05516163259744644,34.6856803894043,,,,False,0.22234058380126953,0.6788824796676636,0.7999300360679626,0.7991193532943726,0.800740659236908,1.0270826351188589e-05,1.0,1.4532285928726196,-2.2178472391942705e-08,17.193878173828125,nnknn_target_value_model,0,0,74,20,54,74,129,60,69,0,0,32.25,0,4,nnknn,2000,nnknn,2000,"[1039, 961]",0.0,0.0023481897078454494,0.016370810568332672
16014,4,154,77.83649444580078,-0.059294600039720535,-0.056529220193624496,77.89579010009766,77.36339569091797,0.12928414344787598,13.357625007629395,True,0.27653786540031433,0.6801161766052246,0.7981376647949219,0.7971686720848083,0.7991066575050354,1.0301741895091254e-05,1.0,4.311870098114014,5.1863782601913044e-08,17.594350814819336,nnknn_target_value_model,0,0,102,31,71,102,153,67,86,1,1,38.5,0,4,nnknn,2000,nnknn,2000,"[1038, 962]",0.0,0.002356046112254262,0.016300471499562263
16139,4,125,33.0732421875,-0.041556864976882935,-0.03938876837491989,33.11479949951172,,,,False,0.21680957078933716,0.678059458732605,0.7963706254959106,0.7955853343009949,0.7971559762954712,1.0327928976039402e-05,1.0,0.9475946426391602,3.814697446813398e-09,16.590417861938477,nnknn_target_value_model,0,0,68,16,52,68,125,58,67,0,0,31.25,0,4,nnknn,2000,nnknn,2000,"[1037, 963]",0.0,0.0023576770909130573,0.01680034212768078
16299,4,160,31.554113388061523,-0.0605652816593647,-0.05821346119046211,31.61467933654785,,,,False,0.23518213629722595,0.678412139415741,0.7945656180381775,0.793558657169342,0.7955726385116577,1.0316745829186402e-05,1.0,2.6611649990081787,-1.3411044719191523e-08,18.404430389404297,nnknn_target_value_model,0,0,117,25,92,117,160,67,93,0,0,40.0,0,4,nnknn,2000,nnknn,2000,"[1029, 971]",0.0,0.002365462016314268,0.017300138249993324
16465,4,166,44.60408020019531,-0.043663833290338516,-0.0412229485809803,44.647743225097656,44.25596237182617,0.4946475625038147,16.417367935180664,True,0.24408845603466034,0.678269624710083,0.7925010323524475,0.7914559841156006,0.7935460209846497,1.0412239134893753e-05,1.0,2.292776584625244,2.8725130718498804e-08,18.612842559814453,nnknn_target_value_model,0,0,101,40,61,101,164,70,94,1,2,41.5,0,4,nnknn,2000,nnknn,2000,"[1019, 981]",0.0,0.0023659090511500835,0.01780007965862751
16559,4,94,25.419525146484375,-0.06983253359794617,-0.06749843806028366,25.489356994628906,,,,False,0.23340964317321777,0.6777063608169556,0.790854275226593,0.7902653217315674,0.7914433479309082,1.0474039299879223e-05,1.0,-0.5725618004798889,-7.609103569450326e-09,13.84036922454834,nnknn_target_value_model,0,0,39,25,14,39,94,46,48,0,0,23.5,0,4,nnknn,2000,nnknn,2000,"[1019, 981]",0.0,0.0023670808877795935,0.017724527046084404
16730,4,171,70.35713958740234,-0.04610650613903999,-0.04350018501281738,70.40324401855469,69.95962524414062,0.5723990201950073,17.493432998657227,True,0.2606320083141327,0.6783828139305115,0.7891759872436523,0.7880993485450745,0.790252685546875,1.0503938028705306e-05,1.0,4.203986167907715,5.681612336161379e-08,21.601728439331055,nnknn_target_value_model,0,0,110,39,71,110,171,63,108,0,0,42.75,0,4,nnknn,2000,nnknn,2000,"[1022, 978]",0.0,0.002377602271735668,0.017224762588739395
16863,4,133,37.513587951660156,-0.05975784361362457,-0.057451583445072174,37.57334518432617,,,,False,0.23062583804130554,0.6772801876068115,0.7872506380081177,0.7864146828651428,0.7880866527557373,1.0548022146394942e-05,1.0,-0.043668389320373535,7.170483762308777e-09,17.425928115844727,nnknn_target_value_model,0,0,66,37,29,66,133,83,50,0,0,33.25,0,4,nnknn,2000,nnknn,2000,"[1018, 982]",0.0,0.002374503295868635,0.01715129427611828
16947,4,84,27.045167922973633,-0.06788002699613571,-0.06638501584529877,27.113048553466797,,,,False,0.14950093626976013,0.6745826601982117,0.7858763337135315,0.7853506803512573,0.7864019870758057,1.0505088539503049e-05,1.0,-1.310352087020874,-2.838316470743507e-09,11.719362258911133,nnknn_target_value_model,0,0,33,9,24,33,84,55,29,0,0,21.0,0,4,nnknn,2000,nnknn,2000,"[1015, 985]",0.0,0.002371534239500761,0.017651261761784554
17077,4,130,45.13913345336914,-0.04821816086769104,-0.04544372484087944,45.18735122680664,44.302757263183594,0.6073874235153198,16.135833740234375,True,0.2774437367916107,0.6779766082763672,0.7845209836959839,0.7837039828300476,0.7853379845619202,1.048620106303133e-05,1.0,1.9320169687271118,-4.5849726793001366e-10,17.92620849609375,nnknn_target_value_model,0,0,75,36,39,75,130,51,79,0,0,32.5,0,4,nnknn,2000,nnknn,2000,"[1017, 983]",0.0,0.0023657120764255524,0.017576247453689575
17268,4,191,48.32036590576172,-0.052202288061380386,-0.050145555287599564,48.3725700378418,,,,False,0.20567335188388824,0.675692081451416,0.7824879884719849,0.7812846899032593,0.7836913466453552,1.0447720342199318e-05,1.0,4.342082977294922,8.581820765130033e-08,18.90509033203125,nnknn_target_value_model,0,0,145,39,106,145,190,59,131,1,1,47.75,0,4,nnknn,2000,nnknn,2000,"[1025, 975]",0.0,0.002369839232414961,0.01807226613163948
17411,4,143,37.99948501586914,-0.054102372378110886,-0.05158640816807747,38.0535888671875,37.08587646484375,0.650272011756897,16.965646743774414,True,0.2515964210033417,0.676841676235199,0.7803726196289062,0.7794733047485352,0.7812719941139221,1.0455450137669686e-05,1.0,1.6257894039154053,-1.6672627722869038e-09,18.457670211791992,nnknn_target_value_model,0,0,76,33,43,76,142,42,100,1,1,35.75,0,4,nnknn,2000,nnknn,2000,"[1022, 978]",0.0,0.002378938952460885,0.01757231540977955
17511,4,100,32.821556091308594,-0.06653454154729843,-0.06448803842067719,32.888092041015625,,,,False,0.20465053617954254,0.6750003695487976,0.7788336873054504,0.7782066464424133,0.7794606685638428,1.0494568414287642e-05,1.0,-0.8750882148742676,0.0,15.763138771057129,nnknn_target_value_model,0,0,42,20,22,42,100,34,66,0,0,25.0,0,4,nnknn,2000,nnknn,2000,"[1021, 979]",0.0,0.0023699395824223757,0.01807226985692978
17632,4,121,44.28700256347656,-0.06984151899814606,-0.06834550201892853,44.35684585571289,,,,False,0.14960165321826935,0.6730310320854187,0.7774340510368347,0.7766739726066589,0.778194010257721,1.0433554052724503e-05,1.0,1.0236579179763794,3.940802795199261e-09,16.917734146118164,nnknn_target_value_model,0,0,70,13,57,70,121,52,69,0,0,30.25,0,4,nnknn,2000,nnknn,2000,"[1032, 968]",0.0,0.0023674785625189543,0.018572203814983368
17730,4,98,21.605371475219727,-0.07063454389572144,-0.06849765032529831,21.676006317138672,21.524316787719727,0.6417143940925598,14.611713409423828,True,0.21368899941444397,0.674940824508667,0.7760469913482666,0.7754326462745667,0.7766613364219666,1.0380754247307777e-05,1.0,-1.247413158416748,2.1895584012554536e-08,13.240628242492676,nnknn_target_value_model,0,0,44,21,23,44,98,53,45,0,0,24.5,0,4,nnknn,2000,nnknn,2000,"[1031, 969]",0.0,0.0023657348938286304,0.018493887037038803
17842,4,112,28.851131439208984,-0.07159342616796494,-0.06955798715353012,28.922725677490234,,,,False,0.2035437524318695,0.6744089722633362,0.7747170329093933,0.7740139961242676,0.7754200100898743,1.0391789146524388e-05,1.0,1.3225765228271484,4.257474817137563e-09,16.239164352416992,nnknn_target_value_model,0,0,68,26,42,68,112,53,59,0,0,28.0,0,4,nnknn,2000,nnknn,2000,"[1032, 968]",0.0,0.002362968632951379,0.017994023859500885
18070,4,228,95.08831787109375,-0.049223508685827255,-0.04688485711812973,95.13754272460938,94.75416564941406,0.2934378981590271,14.391209602355957,True,0.23386503756046295,0.6749939918518066,0.7725636959075928,0.7711259722709656,0.7740013599395752,1.034862725646235e-05,1.0,6.483149528503418,-2.3528150094875855e-08,20.833236694335938,nnknn_target_value_model,0,0,176,34,142,176,228,72,156,0,0,57.0,0,4,nnknn,2000,nnknn,2000,"[1032, 968]",0.0,0.002375420881435275,0.017917774617671967
18331,4,261,95.04115295410156,-0.0695943608880043,-0.06664061546325684,95.11074829101562,,,,False,0.29537442326545715,0.6767197251319885,0.7694666981697083,0.7678200006484985,0.7711133360862732,1.0397938240203075e-05,1.0,6.493475437164307,7.992959893954321e-08,24.18245506286621,nnknn_target_value_model,0,0,202,35,167,202,261,69,192,0,0,65.25,0,4,nnknn,2000,nnknn,2000,"[1035, 965]",0.0,0.0023952305782586336,0.01741788722574711
18503,4,172,82.49488067626953,-0.05703960731625557,-0.054396841675043106,82.55191802978516,,,,False,0.2642766535282135,0.6751276850700378,0.7667243480682373,0.7656413316726685,0.7678073048591614,1.0510559150134213e-05,1.0,3.993586778640747,2.4950780996846333e-08,19.95283317565918,nnknn_target_value_model,0,0,111,37,74,111,172,46,126,0,0,43.0,0,4,nnknn,2000,nnknn,2000,"[1044, 956]",0.0,0.0023868319112807512,0.017343716695904732
18653,4,150,43.155616760253906,-0.043715134263038635,-0.041184958070516586,43.19933319091797,42.606388092041016,0.567371129989624,17.637584686279297,True,0.25301751494407654,0.6744177937507629,0.7646849751472473,0.7637413144111633,0.7656286954879761,1.0399477105238475e-05,1.0,1.435237169265747,-7.1525572131747595e-09,19.007017135620117,nnknn_target_value_model,0,0,83,22,61,83,150,48,102,0,0,37.5,0,4,nnknn,2000,nnknn,2000,"[1040, 960]",0.0,0.00238877534866333,0.017843596637248993
18814,4,161,48.004638671875,-0.06261838972568512,-0.0597982332110405,48.067256927490234,,,,False,0.28201600909233093,0.6752188801765442,0.7627153396606445,0.7617020010948181,0.763728678226471,1.0473301699676085e-05,1.0,2.231374740600586,1.7029899268550253e-08,20.670244216918945,nnknn_target_value_model,0,0,100,31,69,100,161,69,92,0,0,40.25,0,4,nnknn,2000,nnknn,2000,"[1038, 962]",0.0,0.0023893690668046474,0.01776788756251335
18972,4,158,51.21546936035156,-0.07874400913715363,-0.07673604041337967,51.294212341308594,50.94541549682617,0.42943716049194336,16.53007698059082,True,0.20079679787158966,0.6717356443405151,0.7606950402259827,0.7597006559371948,0.761689305305481,1.047436126100365e-05,1.0,2.2678403854370117,2.640712182255811e-08,18.691068649291992,nnknn_target_value_model,0,0,99,22,77,99,158,63,95,0,0,39.5,0,4,nnknn,2000,nnknn,2000,"[1037, 963]",0.0,0.0023849019780755043,0.017692452296614647
19163,4,191,75.75437927246094,-0.04491075873374939,-0.04254554957151413,75.7992935180664,,,,False,0.23652096092700958,0.6729099750518799,0.7584846019744873,0.7572813630104065,0.7596880197525024,1.0454116818436887e-05,1.0,4.418212413787842,5.866844787760783e-08,19.217693328857422,nnknn_target_value_model,0,0,132,41,91,132,189,53,136,1,2,47.75,0,4,nnknn,2000,nnknn,2000,"[1041, 959]",0.0,0.0023854554165154696,0.018191920593380928
19309,4,146,44.09878158569336,-0.060659103095531464,-0.05869779735803604,44.15943908691406,,,,False,0.1961306631565094,0.670683741569519,0.7563502788543701,0.7554320096969604,0.7572686672210693,1.0380557796452194e-05,1.0,1.8941936492919922,0.0,17.90045166015625,nnknn_target_value_model,0,0,95,19,76,95,146,49,97,0,0,36.5,0,4,nnknn,2000,nnknn,2000,"[1042, 958]",0.0,0.002381793921813369,0.018114961683750153
19484,4,175,53.55986785888672,-0.06300785392522812,-0.06078501418232918,53.62287521362305,52.919654846191406,0.5306112766265869,18.75274085998535,True,0.22228363156318665,0.6714302897453308,0.7543172836303711,0.7532153129577637,0.7554193139076233,1.034502565744333e-05,1.0,2.320617198944092,-1.0558537155702652e-08,20.950756072998047,nnknn_target_value_model,0,0,106,26,80,106,175,50,125,0,0,43.75,0,4,nnknn,2000,nnknn,2000,"[1038, 962]",0.0,0.002379337325692177,0.01861483044922352
19755,4,271,85.54790496826172,-0.04518616944551468,-0.042709264904260635,85.59309387207031,,,,False,0.2476903200149536,0.6721075773239136,0.7514926791191101,0.7497826814651489,0.7532026767730713,1.0332838428439572e-05,1.0,6.77006196975708,3.0792066674223406e-09,21.67555809020996,nnknn_target_value_model,0,0,222,30,192,222,271,62,209,0,0,67.75,0,4,nnknn,2000,nnknn,2000,"[1032, 968]",0.0,0.0023890931624919176,0.01811564341187477
20012,4,257,80.46395874023438,-0.04743965342640877,-0.044198501855134964,80.51139831542969,79.65017700195312,0.502509593963623,16.887372970581055,True,0.3241150379180908,0.6749067902565002,0.7481486201286316,0.7465273141860962,0.7497699856758118,1.0393434422439896e-05,1.0,6.102880477905273,-1.0204685985115702e-08,22.876428604125977,nnknn_target_value_model,0,0,203,39,164,203,257,24,233,0,0,64.25,0,4,nnknn,2000,nnknn,2000,"[1028, 972]",0.0,0.002400371478870511,0.018038956448435783
20331,4,319,105.95130157470703,-0.04724321886897087,-0.04471943899989128,105.99854278564453,,,,False,0.2523781359195709,0.6709433794021606,0.7445006966590881,0.7424866557121277,0.7465146780014038,1.0480970559001435e-05,1.0,7.754706859588623,3.6622289201204694e-08,24.203039169311523,nnknn_target_value_model,0,0,270,45,225,270,318,65,253,1,1,79.75,0,4,nnknn,2000,nnknn,2000,"[1032, 968]",0.0,0.0024197043385356665,0.018538763746619225
20535,4,204,83.61910247802734,-0.05295909196138382,-0.05087745562195778,83.67205810546875,,,,False,0.2081635743379593,0.668423056602478,0.7411883473396301,0.739902675151825,0.7424740195274353,1.064335538103478e-05,1.0,4.961653709411621,-5.843592831844546e-10,22.31792449951172,nnknn_target_value_model,0,0,148,30,118,148,202,79,123,2,2,51.0,0,4,nnknn,2000,nnknn,2000,"[1024, 976]",0.0,0.0024267355911433697,0.01803908497095108
20722,4,187,73.95648956298828,-0.05364485830068588,-0.051162730902433395,74.0101318359375,73.43325805664062,0.20513254404067993,16.584453582763672,True,0.24821263551712036,0.6699240207672119,0.7387120127677917,0.7375339865684509,0.7398899793624878,1.0696188837755471e-05,1.0,3.762967824935913,-1.912448421848012e-09,20.250333786010742,nnknn_target_value_model,0,0,123,27,96,123,187,43,144,0,0,46.75,0,4,nnknn,2000,nnknn,2000,"[1026, 974]",0.0,0.0024248515255749226,0.01796267367899418
20908,4,186,86.50633239746094,-0.06635706126689911,-0.06407226622104645,86.57269287109375,,,,False,0.2284795045852661,0.6684547066688538,0.7363497018814087,0.7351779937744141,0.7375213503837585,1.0659266081347596e-05,1.0,4.22089958190918,-6.280919251366868e-08,21.3618221282959,nnknn_target_value_model,0,0,130,40,90,130,186,54,132,0,0,46.5,0,4,nnknn,2000,nnknn,2000,"[1029, 971]",0.0,0.0024107901845127344,0.018462609499692917
21046,4,138,41.410037994384766,-0.06715317070484161,-0.06517542898654938,41.47719192504883,40.14725875854492,0.5857547521591187,18.822269439697266,True,0.19777384400367737,0.6663442850112915,0.7342975735664368,0.733430027961731,0.7351653575897217,1.0580622983979993e-05,1.0,-0.08471024036407471,-3.4553417904703565e-09,18.510835647583008,nnknn_target_value_model,0,0,72,16,56,72,138,30,108,0,0,34.5,0,4,nnknn,2000,nnknn,2000,"[1030, 970]",0.0,0.0024119270965456963,0.01838468387722969
21182,4,136,66.05783081054688,-0.07130681723356247,-0.06963667273521423,66.12913513183594,,,,False,0.16701453924179077,0.66460782289505,0.7325623631477356,0.7317073345184326,0.7334173321723938,1.059217447618721e-05,1.0,1.6734784841537476,8.76538930327797e-09,19.179983139038086,nnknn_target_value_model,0,0,72,26,46,72,136,46,90,0,0,34.0,0,4,nnknn,2000,nnknn,2000,"[1025, 975]",0.0,0.0024114130064845085,0.01788477972149849
21405,4,223,69.92192077636719,-0.06575267761945724,-0.06310765445232391,69.9876708984375,,,,False,0.26450255513191223,0.668773353099823,0.730288565158844,0.7288826704025269,0.7316946387290955,1.0589350495138206e-05,1.0,4.530923366546631,1.6037123629075722e-08,24.276235580444336,nnknn_target_value_model,0,0,157,34,123,157,223,54,169,0,0,55.75,0,4,nnknn,2000,nnknn,2000,"[1030, 970]",0.0,0.002415980212390423,0.018384601920843124
21658,4,253,110.79464721679688,-0.05207400396466255,-0.049345094710588455,110.84671783447266,110.67675018310547,0.22362124919891357,14.99910831451416,True,0.2728910744190216,0.6692099571228027,0.7272740602493286,0.725678026676178,0.7288699746131897,1.066626555257244e-05,1.0,7.194140911102295,-2.261678133663736e-08,22.12955093383789,nnknn_target_value_model,0,0,205,21,184,205,253,55,198,0,0,63.25,0,4,nnknn,2000,nnknn,2000,"[1034, 966]",0.0,0.0023965612053871155,0.018306953832507133
21791,4,133,45.75376892089844,-0.08220384269952774,-0.08008596301078796,45.83597183227539,,,,False,0.2117878794670105,0.6656864881515503,0.7248293161392212,0.7239933609962463,0.7256653308868408,1.055775283020921e-05,1.0,0.5769041180610657,-1.7926209405771942e-09,18.324626922607422,nnknn_target_value_model,0,0,71,24,47,71,133,25,108,0,0,33.25,0,4,nnknn,2000,nnknn,2000,"[1033, 967]",0.0,0.0023928924929350615,0.01880691759288311
21987,4,196,69.94047546386719,-0.06864854693412781,-0.0662478357553482,70.00912475585938,68.52249908447266,0.4165179133415222,19.035552978515625,True,0.2400713413953781,0.6663284301757812,0.7227455973625183,0.721510648727417,0.7239806652069092,1.0587817087071016e-05,1.0,3.3554744720458984,-4.6224009508932795e-08,22.2591495513916,nnknn_target_value_model,0,0,130,42,88,130,196,70,126,0,0,49.0,0,4,nnknn,2000,nnknn,2000,"[1036, 964]",0.0,0.0024055596441030502,0.01872776821255684
22302,4,315,85.67239379882812,-0.055872365832328796,-0.05269082263112068,85.72826385498047,,,,False,0.3181544840335846,0.6701343655586243,0.7195093631744385,0.7175206542015076,0.7214980125427246,1.064565822161967e-05,1.0,7.076857566833496,4.5413063531896114e-08,22.93293571472168,nnknn_target_value_model,0,0,272,40,232,272,314,78,236,1,1,78.75,0,4,nnknn,2000,nnknn,2000,"[1032, 968]",0.0,0.002424451056867838,0.018648900091648102
22508,4,206,86.98772430419922,-0.0686461552977562,-0.0660354420542717,87.0563735961914,,,,False,0.2610710561275482,0.6668265461921692,0.7162096500396729,0.7149113416671753,0.7175080180168152,1.0719423698901664e-05,1.0,4.214358806610107,1.012700234781505e-08,22.70347785949707,nnknn_target_value_model,0,0,138,32,106,138,206,52,154,0,0,51.5,0,4,nnknn,2000,nnknn,2000,"[1030, 970]",0.0,0.0024181813932955265,0.018149012699723244
22648,4,140,74.15098571777344,-0.07519404590129852,-0.07335551083087921,74.22618103027344,73.22907257080078,0.3458060026168823,18.399795532226562,True,0.18385370075702667,0.6616812348365784,0.7140182256698608,0.7131379842758179,0.7148986458778381,1.0661844498827122e-05,1.0,1.655041217803955,-3.4059797204832876e-09,19.81874656677246,nnknn_target_value_model,0,0,82,24,58,82,140,52,88,0,0,35.0,0,4,nnknn,2000,nnknn,2000,"[1029, 971]",0.0,0.002435199683532119,0.017649179324507713
22794,4,146,57.50865936279297,-0.06997162848711014,-0.06778926402330399,57.57863235473633,,,,False,0.21823662519454956,0.6632662415504456,0.7122069597244263,0.7112886905670166,0.7131253480911255,1.0755948096630163e-05,1.0,1.9432456493377686,-1.1431027679975614e-08,20.60595703125,nnknn_target_value_model,0,0,84,18,66,84,145,49,96,1,1,36.5,0,4,nnknn,2000,nnknn,2000,"[1025, 975]",0.0,0.0024445175658911467,0.01714930310845375
22961,4,167,64.16419219970703,-0.07805569469928741,-0.07587382942438126,64.24224853515625,63.97685623168945,0.2836974859237671,17.40621566772461,True,0.21818691492080688,0.6631040573120117,0.7102246880531311,0.709173321723938,0.7112759947776794,1.0833919986907858e-05,1.0,2.638244152069092,-4.282968646407426e-09,19.84575843811035,nnknn_target_value_model,0,0,111,21,90,111,167,34,133,0,0,41.75,0,4,nnknn,2000,nnknn,2000,"[1028, 972]",0.0,0.0024363351985812187,0.01707610860466957
23180,4,219,85.38414001464844,-0.05471891164779663,-0.052628032863140106,85.43885803222656,,,,False,0.2090878039598465,0.6615841388702393,0.7077800035476685,0.7063993215560913,0.7091606855392456,1.0746151929197367e-05,1.0,4.515771865844727,-2.2862055359951228e-08,22.856895446777344,nnknn_target_value_model,0,0,153,40,113,153,219,60,159,0,0,54.75,0,4,nnknn,2000,nnknn,2000,"[1034, 966]",0.0,0.002443379955366254,0.016576187685132027
23431,4,251,93.86322784423828,-0.06501493602991104,-0.06227700412273407,93.9282455444336,,,,False,0.27379345893859863,0.6649162173271179,0.7048033475875854,0.703220009803772,0.7063866853713989,1.0784470759972464e-05,1.0,6.245994567871094,-7.788973732658633e-08,23.45781898498535,nnknn_target_value_model,0,0,199,31,168,199,251,42,209,0,0,62.75,0,4,nnknn,2000,nnknn,2000,"[1037, 963]",0.0,0.002458110684528947,0.016076598316431046
23583,4,152,102.14552307128906,-0.07454894483089447,-0.07164230942726135,102.2200698852539,101.02479553222656,0.29448843002319336,20.49928092956543,True,0.29066354036331177,0.6653952598571777,0.7022509574890137,0.7012946605682373,0.7032073140144348,1.0878204193431884e-05,1.0,2.401484489440918,1.1764075047437927e-08,22.813247680664062,nnknn_target_value_model,0,0,88,19,69,88,152,42,110,0,0,38.0,0,4,nnknn,2000,nnknn,2000,"[1038, 962]",0.0,0.002453020540997386,0.016007348895072937
23762,4,179,62.42255401611328,-0.05582183972001076,-0.053464144468307495,62.47837448120117,,,,False,0.23576964437961578,0.6616256833076477,0.7001546621322632,0.6990273594856262,0.7012820243835449,1.0851182196347509e-05,1.0,3.025526285171509,1.931323723169953e-08,21.963123321533203,nnknn_target_value_model,0,0,116,34,82,116,178,54,124,1,1,44.75,0,4,nnknn,2000,nnknn,2000,"[1037, 963]",0.0,0.002447305014356971,0.015938356518745422
23992,4,230,69.90843200683594,-0.07297228276729584,-0.07041605561971664,69.98140716552734,69.26237487792969,0.5614596605300903,20.0324649810791,True,0.25562238693237305,0.6626520752906799,0.6975643038749695,0.6961140036582947,0.6990146636962891,1.0841816219908651e-05,1.0,4.525782108306885,9.588573135488332e-08,24.323537826538086,nnknn_target_value_model,0,0,171,35,136,171,230,62,168,0,0,57.5,0,4,nnknn,2000,nnknn,2000,"[1027, 973]",0.0,0.002455095760524273,0.016438044607639313
24199,4,207,66.27277374267578,-0.06686527281999588,-0.06487885862588882,66.33963775634766,,,,False,0.19864116609096527,0.6580324172973633,0.694796621799469,0.6934919953346252,0.6961013078689575,1.0928435585810803e-05,1.0,3.7588841915130615,2.5915062096260044e-08,22.89971351623535,nnknn_target_value_model,0,0,139,32,107,139,205,72,133,2,2,51.75,0,4,nnknn,2000,nnknn,2000,"[1028, 972]",0.0,0.0024582769256085157,0.01693793572485447
24397,4,198,112.25373840332031,-0.05172479897737503,-0.04870471730828285,112.30546569824219,,,,False,0.30200809240341187,0.6644065380096436,0.6922315955162048,0.6909840106964111,0.6934793591499329,1.0935129466815852e-05,1.0,4.691876411437988,-2.6490953430879927e-08,23.619096755981445,nnknn_target_value_model,0,0,135,33,102,135,198,55,143,0,0,49.5,0,4,nnknn,2000,nnknn,2000,"[1029, 971]",0.0,0.002451683394610882,0.01686551235616207
24625,4,228,78.37564086914062,-0.07097531855106354,-0.06837066262960434,78.44661712646484,76.26579284667969,0.45752114057540894,22.273513793945312,True,0.2604653835296631,0.6609897017478943,0.6895337104797363,0.6880959868431091,0.690971314907074,1.093362061510561e-05,1.0,3.6440553665161133,-5.2284775620137225e-08,25.576152801513672,nnknn_target_value_model,0,0,151,44,107,151,228,69,159,0,0,57.0,0,4,nnknn,2000,nnknn,2000,"[1029, 971]",0.0,0.002450879430398345,0.01736545003950596
24701,4,76,68.47071075439453,-0.09778927266597748,-0.09640982002019882,68.56849670410156,,,,False,0.13794560730457306,0.652514636516571,0.6876083016395569,0.6871333122253418,0.6880833506584167,1.0968744390993379e-05,1.0,-5.152916431427002,1.2548346361995755e-08,12.806157112121582,nnknn_target_value_model,0,0,14,12,2,14,76,42,34,0,0,19.0,0,4,nnknn,2000,nnknn,2000,"[1028, 972]",0.0,0.0024439520202577114,0.017865415662527084
24871,4,170,53.085235595703125,-0.07026492059230804,-0.06813570111989975,53.15550231933594,52.15275573730469,0.5138850212097168,21.708641052246094,True,0.2129220813512802,0.6569778323173523,0.686050295829773,0.6849799752235413,0.6871206760406494,1.0954974641208537e-05,1.0,0.14908410608768463,9.817235913089917e-09,21.510848999023438,nnknn_target_value_model,0,0,85,33,52,85,165,74,91,5,5,42.5,0,4,nnknn,2000,nnknn,2000,"[1025, 975]",0.0,0.0024568175431340933,0.017789628356695175
25154,4,283,95.82716369628906,-0.0698375403881073,-0.06739796698093414,95.89700317382812,,,,False,0.24395722150802612,0.658465564250946,0.6831813454627991,0.6813953518867493,0.6849673390388489,1.1033784176106565e-05,1.0,5.010784149169922,-5.707724071157827e-08,27.1304931640625,nnknn_target_value_model,0,0,200,40,160,200,282,83,199,1,1,70.75,0,4,nnknn,2000,nnknn,2000,"[1027, 973]",0.0,0.0024558897130191326,0.01728973537683487
25366,4,212,99.75316619873047,-0.04092700406908989,-0.03843933716416359,99.7940902709961,,,,False,0.24876666069030762,0.658414363861084,0.6800463795661926,0.6787099838256836,0.6813826560974121,1.1019008525181562e-05,1.0,3.9305789470672607,-2.4741551030160736e-08,24.044111251831055,nnknn_target_value_model,0,0,150,31,119,150,212,54,158,0,0,53.0,0,4,nnknn,2000,nnknn,2000,"[1027, 973]",0.0,0.0024532161187380552,0.0172160305082798
25706,4,340,100.12369537353516,-0.06361892074346542,-0.06070123612880707,100.18731689453125,99.20884704589844,0.5030465126037598,18.823659896850586,True,0.29176852107048035,0.6606461405754089,0.6765503287315369,0.6744033098220825,0.6786973476409912,1.0958610801026225e-05,1.0,7.205758094787598,-4.277509901839949e-08,25.911348342895508,nnknn_target_value_model,0,0,278,26,252,278,339,44,295,1,1,85.0,0,4,nnknn,2000,nnknn,2000,"[1027, 973]",0.0,0.002452411223202944,0.017715970054268837
25942,4,236,94.15364074707031,-0.06147289276123047,-0.059468138962984085,94.2151107788086,,,,False,0.20047539472579956,0.6531239151954651,0.6729023456573486,0.6714140176773071,0.6743906736373901,1.0966070476570167e-05,1.0,4.479541301727295,-2.4245956353752263e-08,25.08517074584961,nnknn_target_value_model,0,0,164,35,129,164,230,70,160,3,6,59.0,0,4,nnknn,2000,nnknn,2000,"[1019, 981]",0.0,0.0024460689164698124,0.01721607893705368
26048,4,106,48.19133377075195,-0.08869346231222153,-0.08657332509756088,48.280025482177734,48.184940338134766,0.5668026208877563,19.542226791381836,True,0.2120138555765152,0.6528874039649963,0.6707363724708557,0.6700713038444519,0.67140132188797,1.0869649486267008e-05,1.0,-3.709228038787842,-6.7476957354983824e-09,15.537755012512207,nnknn_target_value_model,0,0,27,10,17,27,105,22,83,1,1,26.5,0,4,nnknn,2000,nnknn,2000,"[1013, 987]",0.0,0.002447651932016015,0.0171426422894001
26169,4,121,47.485931396484375,-0.10557559132575989,-0.1038816049695015,47.59150695800781,,,,False,0.1693984419107437,0.6498205065727234,0.6692987084388733,0.6685386896133423,0.6700586676597595,1.0861562259378843e-05,1.0,-1.111099123954773,3.940802795199261e-09,17.15559196472168,nnknn_target_value_model,0,0,51,24,27,51,121,34,87,0,0,30.25,0,4,nnknn,2000,nnknn,2000,"[1012, 988]",0.0,0.0024589591193944216,0.017642609775066376
26299,4,130,52.03514862060547,-0.09739798307418823,-0.09545256942510605,52.132545471191406,,,,False,0.1945411115884781,0.651016116142273,0.6677089929580688,0.6668919920921326,0.6685259938240051,1.0993098840117455e-05,1.0,-0.9886031150817871,2.292486422916795e-09,19.057594299316406,nnknn_target_value_model,0,0,58,19,39,58,129,46,83,1,1,32.5,0,4,nnknn,2000,nnknn,2000,"[1014, 986]",0.0,0.002470241393893957,0.0181425791233778
26466,4,167,75.58867645263672,-0.08231868594884872,-0.08031584322452545,75.6709976196289,74.61548614501953,0.36373794078826904,20.81993865966797,True,0.20028412342071533,0.650589644908905,0.6658279895782471,0.6647766828536987,0.6668793559074402,1.1097860806330573e-05,1.0,1.432077407836914,7.495194687123785e-09,22.048095703125,nnknn_target_value_model,0,0,98,29,69,98,167,58,109,0,0,41.75,0,4,nnknn,2000,nnknn,2000,"[1011, 989]",0.0,0.0024633114226162434,0.0180657971650362
26661,4,195,71.56587219238281,-0.09829912334680557,-0.09611955285072327,71.66416931152344,,,,False,0.2179568111896515,0.6516773104667664,0.6635354161262512,0.6623066663742065,0.6647639870643616,1.1056249604735058e-05,1.0,2.851555824279785,1.2226594181541373e-09,25.282682418823242,nnknn_target_value_model,0,0,120,25,95,120,195,72,123,0,0,48.75,0,4,nnknn,2000,nnknn,2000,"[1011, 989]",0.0,0.0024683093652129173,0.017565865069627762
26824,4,163,50.96973419189453,-0.08736948668956757,-0.08490768074989319,51.05710220336914,50.626651763916016,0.613184928894043,18.273317337036133,True,0.24618053436279297,0.6534174084663391,0.6612679958343506,0.6602420210838318,0.6622939705848694,1.1076315786340274e-05,1.0,2.7588016986846924,-2.19403606394053e-09,20.826143264770508,nnknn_target_value_model,0,0,111,11,100,111,163,31,132,0,0,40.75,0,4,nnknn,2000,nnknn,2000,"[1013, 987]",0.0,0.0024747783318161964,0.017491158097982407
27261,4,437,134.82723999023438,-0.05294619873166084,-0.04973983392119408,134.88018798828125,,,,False,0.32063645124435425,0.6587991118431091,0.6574679613113403,0.6547066569328308,0.6602293252944946,1.109671575250104e-05,1.0,8.308345794677734,-1.0093234692476472e-07,29.030128479003906,nnknn_target_value_model,0,0,368,55,313,368,436,82,354,1,1,109.25,0,4,nnknn,2000,nnknn,2000,"[1017, 983]",0.0,0.0024864256847649813,0.01699165813624859
27564,4,303,115.39070129394531,-0.0715498998761177,-0.06916600465774536,115.46224975585938,,,,False,0.23838934302330017,0.6507842540740967,0.6527813673019409,0.6508686542510986,0.6546940207481384,1.116019302571658e-05,1.0,6.484760761260986,4.4064158544188103e-08,30.4044132232666,nnknn_target_value_model,0,0,234,25,209,234,303,38,265,0,0,75.75,0,4,nnknn,2000,nnknn,2000,"[1022, 978]",0.0,0.002491855528205633,0.01749163307249546
27774,4,210,68.60514831542969,-0.09130995720624924,-0.0892571434378624,68.69645690917969,68.16893005371094,0.44435667991638184,20.827381134033203,True,0.20528170466423035,0.6474707722663879,0.6495323777198792,0.6482086777687073,0.6508560180664062,1.1205278497072868e-05,1.0,2.82317852973938,3.746577803553919e-08,23.377357482910156,nnknn_target_value_model,0,0,140,26,114,140,209,37,172,1,1,52.5,0,4,nnknn,2000,nnknn,2000,"[1013, 987]",0.0,0.0024951740633696318,0.017991511151194572
27957,4,183,47.427616119384766,-0.08946754783391953,-0.08705355226993561,47.51708221435547,,,,False,0.2413996458053589,0.6495964527130127,0.6470433473587036,0.6458906531333923,0.6481959819793701,1.1208432624698617e-05,1.0,1.0260746479034424,2.540525834149321e-08,22.664260864257812,nnknn_target_value_model,0,0,105,24,81,105,183,59,124,0,0,45.75,0,4,nnknn,2000,nnknn,2000,"[1010, 990]",0.0,0.002494588727131486,0.0179152712225914
28200,4,243,81.28986358642578,-0.08840367197990417,-0.08580026775598526,81.37826538085938,80.69396209716797,0.3915974497795105,23.426538467407227,True,0.2603406608104706,0.6508758664131165,0.6443454027175903,0.6428126692771912,0.6458780169487,1.1237014405196533e-05,1.0,3.0607056617736816,-1.3245476715439963e-08,26.19451141357422,nnknn_target_value_model,0,0,160,29,131,160,239,48,191,4,4,60.75,0,4,nnknn,2000,nnknn,2000,"[1013, 987]",0.0,0.0025055762380361557,0.01841508224606514
28412,4,212,67.60321044921875,-0.09819997847080231,-0.09573385864496231,67.70140838623047,,,,False,0.24661223590373993,0.6490873694419861,0.6414636373519897,0.6401273608207703,0.642799973487854,1.1331087080179714e-05,1.0,2.90045166015625,1.124615955916397e-08,24.41863441467285,nnknn_target_value_model,0,0,131,21,110,131,204,55,149,1,8,53.0,0,4,nnknn,2000,nnknn,2000,"[1011, 989]",0.0,0.002509523183107376,0.01791512407362461
28667,4,255,94.57183837890625,-0.06725218147039413,-0.0647922083735466,94.63909149169922,,,,False,0.2459971159696579,0.6476346850395203,0.6385059952735901,0.6368973255157471,0.6401146650314331,1.1322212230879813e-05,1.0,3.5228233337402344,-8.882261148812631e-09,27.28992462158203,nnknn_target_value_model,0,0,173,28,145,173,255,63,192,0,0,63.75,0,4,nnknn,2000,nnknn,2000,"[1014, 986]",0.0,0.0025162326637655497,0.017415234819054604
28943,4,276,92.5300521850586,-0.08612311631441116,-0.08347762376070023,92.61617279052734,91.06436920166016,0.41745448112487793,21.838634490966797,True,0.2645490765571594,0.6489617228507996,0.635142982006073,0.6334013342857361,0.6368846893310547,1.1366520084266085e-05,1.0,4.774204730987549,2.937040477490882e-08,26.478012084960938,nnknn_target_value_model,0,0,201,35,166,201,276,64,212,0,0,69.0,0,4,nnknn,2000,nnknn,2000,"[1012, 988]",0.0,0.0025178571231663227,0.016915347427129745
29220,4,277,83.83889770507812,-0.07656469941139221,-0.07405184209346771,83.91545867919922,,,,False,0.2512860894203186,0.6465231776237488,0.6316407322883606,0.6298926472663879,0.6333886384963989,1.1350177373969927e-05,1.0,4.520911693572998,-1.0070387901350841e-07,27.69832420349121,nnknn_target_value_model,0,0,202,28,174,202,277,56,221,0,0,69.25,0,4,nnknn,2000,nnknn,2000,"[1007, 993]",0.0,0.002522821770980954,0.016843007877469063
29544,4,324,86.97052001953125,-0.08018700778484344,-0.07734370976686478,87.05070495605469,85.77054595947266,0.6058411598205566,22.397506713867188,True,0.2843296527862549,0.6489202380180359,0.6278343200683594,0.625788688659668,0.6298800110816956,1.1379603165551089e-05,1.0,6.280542373657227,4.1208149781368775e-08,28.50701332092285,nnknn_target_value_model,0,0,259,38,221,259,321,82,239,2,3,81.0,0,4,nnknn,2000,nnknn,2000,"[1012, 988]",0.0,0.0025364223401993513,0.01677093282341957
29836,4,292,89.18368530273438,-0.07824791967868805,-0.07556436210870743,89.26193237304688,,,,False,0.2683558464050293,0.6469516158103943,0.6239330172538757,0.6220899820327759,0.6257759928703308,1.1464665476523805e-05,1.0,5.068748474121094,-8.981522192641478e-09,28.043771743774414,nnknn_target_value_model,0,0,220,18,202,220,290,57,233,2,2,73.0,0,4,nnknn,2000,nnknn,2000,"[1015, 985]",0.0,0.002527524484321475,0.017270827665925026
30149,4,313,86.92267608642578,-0.08265980333089828,-0.07999984174966812,87.00533294677734,,,,False,0.26599621772766113,0.6452800631523132,0.6201013326644897,0.618125319480896,0.6220773458480835,1.1406378689571284e-05,1.0,5.65055513381958,2.0566458758253248e-08,28.022319793701172,nnknn_target_value_model,0,0,240,37,203,240,313,51,262,0,0,78.25,0,4,nnknn,2000,nnknn,2000,"[1025, 975]",0.0,0.0025437334552407265,0.01719719171524048
30460,4,311,92.26171875,-0.06318048387765884,-0.06062609329819679,92.32489776611328,91.2501220703125,0.4393751621246338,25.990867614746094,True,0.2554387152194977,0.643069326877594,0.6161493062973022,0.6141859889030457,0.6181126832962036,1.1464179806353059e-05,1.0,4.272197723388672,5.749644094166229e-10,30.02318572998047,nnknn_target_value_model,0,0,221,34,187,221,311,75,236,0,0,77.75,0,4,nnknn,2000,nnknn,2000,"[1032, 968]",0.0,0.0025663087144494057,0.01769714616239071
30679,4,219,69.04727172851562,-0.07903004437685013,-0.07625873386859894,69.12630462646484,,,,False,0.27713099122047424,0.6446840763092041,0.6127926707267761,0.611411988735199,0.6141733527183533,1.1620521945587825e-05,1.0,1.8807718753814697,3.3748747796380485e-08,26.29184913635254,nnknn_target_value_model,0,0,134,29,105,134,219,36,183,0,0,54.75,0,4,nnknn,2000,nnknn,2000,"[1032, 968]",0.0,0.002570550423115492,0.018197059631347656
31052,4,373,118.24053192138672,-0.08941473811864853,-0.08685082197189331,118.32994842529297,117.14110565185547,0.15025115013122559,23.021577835083008,True,0.2563914656639099,0.6410731077194214,0.609043300151825,0.6066873073577881,0.6113993525505066,1.1639829608611763e-05,1.0,6.463183879852295,-1.3423029798786956e-08,29.32071876525879,nnknn_target_value_model,0,0,289,24,265,289,372,388,0,1,1,93.25,0,4,nnknn,2000,nnknn,1984,"[1022, 978]",0.0,0.0025734894443303347,0.01812008209526539
31326,4,274,98.84365844726562,-0.08797159045934677,-0.08520404249429703,98.93163299560547,,,,False,0.2767547070980072,0.6419973969459534,0.6049456596374512,0.6032166481018066,0.6066746711730957,1.167789741884917e-05,1.0,4.044720649719238,-4.698760491805842e-08,29.23975372314453,nnknn_target_value_model,0,0,195,34,161,195,273,30,127,1,1,68.5,0,4,nnknn,2000,nnknn,2000,"[1025, 975]",0.0,0.002576210768893361,0.017621057108044624
31540,4,214,72.61302947998047,-0.09977428615093231,-0.09731055051088333,72.71280670166016,,,,False,0.2463732212781906,0.6387820243835449,0.6018550395965576,0.6005060076713562,0.6032040119171143,1.1669179002637975e-05,1.0,2.340557098388672,-1.0026949937014251e-08,24.642671585083008,nnknn_target_value_model,0,0,137,18,119,137,213,32,181,1,1,53.5,0,4,nnknn,2000,nnknn,2000,"[1020, 980]",0.0,0.002568588824942708,0.0175461508333683
31795,4,255,114.91289520263672,-0.07963161170482635,-0.07709110528230667,114.99252319335938,113.76502227783203,0.1276896595954895,21.526569366455078,True,0.2540507912635803,0.6385387778282166,0.5988847017288208,0.597275972366333,0.600493311882019,1.1562206054804847e-05,1.0,4.745497226715088,7.947286384535346e-09,26.070144653320312,nnknn_target_value_model,0,0,182,20,162,182,255,41,214,0,0,63.75,0,4,nnknn,2000,nnknn,2000,"[1019, 981]",0.0,0.0025618632789701223,0.017471516504883766
32056,4,261,89.5495834350586,-0.09126312285661697,-0.08895819634199142,89.6408462524414,,,,False,0.2304925173521042,0.6351028680801392,0.5956166386604309,0.593970000743866,0.5972633361816406,1.1534663826751057e-05,1.0,3.828054666519165,2.009658572887929e-08,26.994518280029297,nnknn_target_value_model,0,0,182,23,159,182,261,51,210,0,0,65.25,0,4,nnknn,2000,nnknn,2000,"[1027, 973]",0.0,0.0025702775456011295,0.017971478402614594
32267,4,211,100.9774398803711,-0.0969722718000412,-0.0941895917057991,101.07440948486328,100.35456085205078,0.42323005199432373,25.489736557006836,True,0.27826839685440063,0.6393334269523621,0.5926273465156555,0.5912973284721375,0.5939573049545288,1.163320575869875e-05,1.0,2.9614884853363037,3.954810701145561e-09,28.289657592773438,nnknn_target_value_model,0,0,130,23,107,130,210,36,174,1,1,52.75,0,4,nnknn,2000,nnknn,2000,"[1030, 970]",0.0,0.002565687755122781,0.017895309254527092
32820,4,553,124.69412231445312,-0.052729785442352295,-0.04993482679128647,124.7468490600586,,,,False,0.27949580550193787,0.6386030316352844,0.5877886414527893,0.5842926502227783,0.5912846922874451,1.162395619758172e-05,1.0,7.706300258636475,1.3796373821151064e-08,33.83307647705078,nnknn_target_value_model,0,0,467,31,436,467,551,76,475,1,2,138.25,0,4,nnknn,2000,nnknn,2000,"[1031, 969]",0.0,0.0025741332210600376,0.018394889310002327
33035,4,215,92.03889465332031,-0.0903378278017044,-0.08826598525047302,92.12923431396484,,,,False,0.20718391239643097,0.6280662417411804,0.5829246640205383,0.5815693140029907,0.5842800140380859,1.1688553968269844e-05,1.0,1.6633124351501465,9.980312576374217e-09,27.501359939575195,nnknn_target_value_model,0,0,119,19,100,119,213,66,147,2,2,53.75,0,4,nnknn,2000,nnknn,2000,"[1037, 963]",0.0,0.002575564431026578,0.017894931137561798
33287,4,252,75.09485626220703,-0.11000888794660568,-0.10774756222963333,75.20486450195312,74.3525619506836,0.516888439655304,27.068281173706055,True,0.22613291442394257,0.6289767622947693,0.5799669623374939,0.5783773064613342,0.5815566778182983,1.1692121915984899e-05,1.0,2.00134015083313,2.6490953430879927e-08,28.65053367614746,nnknn_target_value_model,0,0,154,27,127,154,248,46,202,2,4,63.0,0,4,nnknn,2000,nnknn,2000,"[1036, 964]",0.0,0.0025882066693156958,0.01739504374563694
33558,4,271,72.52747344970703,-0.0975051298737526,-0.09524369984865189,72.6249771118164,,,,False,0.226143017411232,0.6281570196151733,0.5766546130180359,0.5749446749687195,0.5783646702766418,1.1807460396084934e-05,1.0,3.428866386413574,2.1114560766477553e-08,27.391551971435547,nnknn_target_value_model,0,0,191,20,171,191,270,57,213,1,1,67.75,0,4,nnknn,2000,nnknn,2000,"[1031, 969]",0.0,0.0025872697588056326,0.017894871532917023
33913,4,355,102.53365325927734,-0.08572692424058914,-0.08357889205217361,102.61937713623047,101.36228942871094,0.3489031195640564,26.87005615234375,True,0.21480298042297363,0.6258310079574585,0.5726900100708008,0.5704479813575745,0.5749319791793823,1.1802096196333878e-05,1.0,4.899919509887695,-1.2088829492995501e-08,31.43134307861328,nnknn_target_value_model,0,0,263,40,223,263,355,66,289,0,0,88.75,0,4,nnknn,2000,nnknn,2000,"[1030, 970]",0.0,0.002604176290333271,0.01839454099535942
34425,4,512,116.92086029052734,-0.06795355677604675,-0.06499647349119186,116.98881530761719,,,,False,0.29570817947387695,0.634693443775177,0.5671989917755127,0.5639626383781433,0.5704353451728821,1.194260039483197e-05,1.0,7.090061664581299,-4.353933036327362e-08,33.586551666259766,nnknn_target_value_model,0,0,426,46,380,426,509,60,449,3,3,128.0,0,4,nnknn,2000,nnknn,2000,"[1024, 976]",0.0,0.002605707384645939,0.01889435388147831
34734,4,309,80.9701156616211,-0.068122997879982,-0.06591154634952545,81.03823852539062,,,,False,0.22114543616771698,0.6224281787872314,0.5619992613792419,0.5600486397743225,0.5639500021934509,1.1943859135499224e-05,1.0,3.947474241256714,1.3888461047883993e-08,28.89740753173828,nnknn_target_value_model,0,0,224,22,202,224,309,30,279,0,0,77.25,0,4,nnknn,2000,nnknn,2000,"[1026, 974]",0.0,0.002598247956484556,0.018394768238067627
34892,4,158,67.11006164550781,-0.11106075346469879,-0.1092376857995987,67.22112274169922,66.01248168945312,0.6143597364425659,25.92827796936035,True,0.1823064386844635,0.6161730885505676,0.5590416789054871,0.558047354221344,0.5600360035896301,1.1879234989464749e-05,1.0,-2.2481908798217773,-1.8107739307993143e-08,23.234289169311523,nnknn_target_value_model,0,0,63,12,51,63,158,30,128,0,0,39.5,0,4,nnknn,2000,nnknn,2000,"[1027, 973]",0.0,0.002598833991214633,0.017894858494400978
35383,4,491,99.80197143554688,-0.08404131978750229,-0.08131186664104462,99.8860092163086,,,,False,0.2729451656341553,0.6278019547462463,0.5549313426017761,0.5518280267715454,0.5580346584320068,1.1918265045096632e-05,1.0,6.476597785949707,-4.2730825100534275e-08,33.84475326538086,nnknn_target_value_model,0,0,411,39,372,411,490,94,396,1,1,122.75,0,4,nnknn,2000,nnknn,2000,"[1019, 981]",0.0,0.002606484806165099,0.017394976690411568
35895,4,512,106.25631713867188,-0.08581320941448212,-0.08313822746276855,106.34213256835938,104.27227783203125,0.4508708119392395,29.75148582458496,True,0.26749807596206665,0.625123143196106,0.5485790371894836,0.5453426837921143,0.5518153309822083,1.1996894500043709e-05,1.0,6.58689022064209,6.05359673500061e-08,35.98194122314453,nnknn_target_value_model,0,0,407,27,380,407,491,47,444,3,21,128.0,0,4,nnknn,2000,nnknn,2000,"[1019, 981]",0.0,0.0026079947128891945,0.017892517149448395
36092,4,197,76.53460693359375,-0.12098732590675354,-0.11860014498233795,76.65559387207031,,,,False,0.2387184500694275,0.6192140579223633,0.5440886616706848,0.5428473353385925,0.5453299880027771,1.198908194055548e-05,1.0,-0.6120413541793823,1.6338329800191786e-08,26.769203186035156,nnknn_target_value_model,0,0,97,29,68,97,197,44,153,0,0,49.25,0,4,nnknn,2000,nnknn,2000,"[1036, 964]",0.0,0.0026120843831449747,0.017392616719007492
36365,4,273,76.40503692626953,-0.09224830567836761,-0.08907290548086166,76.49728393554688,,,,False,0.31754007935523987,0.6300068497657776,0.5411120653152466,0.5393893122673035,0.5428346395492554,1.1966541933361441e-05,1.0,3.052899122238159,-1.2663257997758137e-08,28.125640869140625,nnknn_target_value_model,0,0,197,35,162,197,268,282,0,4,5,68.25,0,4,nnknn,2000,nnknn,1986,"[1036, 964]",0.0,0.0026078366208821535,0.01789247989654541
36747,4,382,108.37692260742188,-0.08543748408555984,-0.08279475569725037,108.46235656738281,107.17382049560547,0.4824231266975403,27.81590461730957,True,0.26427313685417175,0.6209338307380676,0.5369637608528137,0.534550666809082,0.5393766760826111,1.1929181710002013e-05,1.0,5.75341796875,-2.2312732994578255e-08,33.22862243652344,nnknn_target_value_model,0,0,302,30,272,302,381,47,320,1,1,95.5,0,4,nnknn,2000,nnknn,2000,"[1029, 971]",0.0,0.002614733763039112,0.018392030149698257
37171,4,424,95.04356384277344,-0.07445619255304337,-0.0717231035232544,95.1180191040039,,,,False,0.27330881357192993,0.6206737160682678,0.5318589210510254,0.5291799902915955,0.5345379710197449,1.2035320651193615e-05,1.0,6.484072685241699,-4.610925330439386e-08,30.37401008605957,nnknn_target_value_model,0,0,344,30,314,344,411,75,336,4,13,106.0,0,4,nnknn,2000,nnknn,2000,"[1038, 962]",0.0,0.002606435678899288,0.018314355984330177
37476,4,305,101.16020202636719,-0.09366690367460251,-0.09059438854455948,101.25386810302734,100.26891326904297,0.4074859023094177,26.29903221130371,True,0.3072516620159149,0.6239367127418518,0.5272420048713684,0.5253166556358337,0.5291673541069031,1.197136316477554e-05,1.0,4.368975639343262,3.98667125978136e-08,30.4062442779541,nnknn_target_value_model,0,0,208,24,184,208,302,23,279,2,3,76.25,0,4,nnknn,2000,nnknn,2000,"[1043, 957]",0.0,0.0025963950902223587,0.018236959353089333
38223,4,747,136.8417510986328,-0.05317556485533714,-0.05004216358065605,136.89492797851562,,,,False,0.31334003806114197,0.6234253644943237,0.5205792784690857,0.5158546566963196,0.5253040194511414,1.1867859029734973e-05,1.0,8.651869773864746,1.659674175868986e-08,34.441768646240234,nnknn_target_value_model,0,0,673,47,626,673,745,92,653,2,2,186.75,0,4,nnknn,2000,nnknn,2000,"[1039, 961]",0.0,0.002576807513833046,0.017737602815032005
38642,4,419,106.48880767822266,-0.07901910692453384,-0.0761493518948555,106.56782531738281,,,,False,0.28697556257247925,0.616716742515564,0.513194739818573,0.5105473399162292,0.5158420205116272,1.1769498087232932e-05,1.0,5.354801177978516,-4.722850022176317e-08,34.025184631347656,nnknn_target_value_model,0,0,329,47,282,329,417,67,350,1,2,104.75,0,4,nnknn,2000,nnknn,2000,"[1039, 961]",0.0,0.002587892347946763,0.018237121403217316
39030,4,388,105.2835693359375,-0.0888192430138588,-0.08577655255794525,105.37239074707031,104.43685913085938,0.4552519917488098,28.627714157104492,True,0.3042689263820648,0.6183591485023499,0.5080836415290833,0.5056326389312744,0.5105346441268921,1.1893083865288645e-05,1.0,4.855161190032959,4.792950747400937e-08,33.162017822265625,nnknn_target_value_model,0,0,296,38,258,296,380,66,314,1,8,97.0,0,4,nnknn,2000,nnknn,2000,"[1039, 961]",0.0,0.0025914283469319344,0.018736911937594414
39362,4,332,90.60897827148438,-0.08308595418930054,-0.07986538112163544,90.69206237792969,,,,False,0.32205700874328613,0.6204711198806763,0.5035236477851868,0.5014273524284363,0.505620002746582,1.1948431165365037e-05,1.0,3.9204325675964355,3.303389917164168e-08,31.384098052978516,nnknn_target_value_model,0,0,236,39,197,236,330,68,262,2,2,83.0,0,4,nnknn,2000,nnknn,2000,"[1036, 964]",0.0,0.0025856068823486567,0.01865801028907299
40185,4,823,103.79894256591797,-0.06533217430114746,-0.06158411130309105,103.86427307128906,102.90715026855469,0.6181747913360596,31.07413101196289,True,0.3748064339160919,0.6272984147071838,0.49620866775512695,0.4910026788711548,0.5014146566390991,1.1975331290159374e-05,1.0,8.15156364440918,9.328162775545934e-08,38.935699462890625,nnknn_target_value_model,0,0,743,31,712,743,815,891,0,3,8,205.75,0,4,nnknn,2000,nnknn,1924,"[1035, 965]",0.0,0.0025994041934609413,0.019157519564032555
40711,4,526,105.28659057617188,-0.07843268662691116,-0.07534978538751602,105.36502075195312,,,,False,0.3082898259162903,0.6126477122306824,0.4876650273799896,0.48434001207351685,0.49099001288414,1.205741773446789e-05,1.0,6.3618340492248535,4.034078671111274e-08,35.83380889892578,nnknn_target_value_model,0,0,446,39,407,446,526,30,323,0,0,131.5,0,4,nnknn,2000,nnknn,2000,"[1041, 959]",0.0,0.0026046265847980976,0.019077131524682045
41150,4,439,117.63928985595703,-0.07832195609807968,-0.0755062997341156,117.71761322021484,,,,False,0.2815653085708618,0.6051290035247803,0.481553316116333,0.4787793457508087,0.4843273460865021,1.2173983122920617e-05,1.0,4.904189586639404,-7.603325968830177e-09,36.439117431640625,nnknn_target_value_model,0,0,340,28,312,340,434,68,366,5,5,109.75,0,4,nnknn,2000,nnknn,2000,"[1033, 967]",0.0,0.002606688067317009,0.01957697607576847
41581,4,431,104.72474670410156,-0.10940565913915634,-0.10647059231996536,104.83415222167969,103.30497741699219,0.5695268511772156,29.730985641479492,True,0.2935069799423218,0.60600346326828,0.47604334354400635,0.47332000732421875,0.47876667976379395,1.2174094081274234e-05,1.0,6.331760883331299,-1.7701610843801063e-08,35.70572280883789,nnknn_target_value_model,0,0,347,28,319,347,427,43,384,4,4,107.75,0,4,nnknn,2000,nnknn,2000,"[1037, 963]",0.0,0.002628280082717538,0.02007661759853363
41920,4,339,114.42074584960938,-0.09340634942054749,-0.09080503135919571,114.51415252685547,,,,False,0.26013192534446716,0.5963624119758606,0.4711667001247406,0.46902599930763245,0.473307341337204,1.2403268556226976e-05,1.0,2.6346137523651123,-2.004403931721299e-08,35.632347106933594,nnknn_target_value_model,0,0,237,24,213,237,316,51,265,5,23,84.75,0,4,nnknn,2000,nnknn,2000,"[1032, 968]",0.0,0.002630760660395026,0.02057650312781334
42413,4,493,101.07054138183594,-0.1060701310634613,-0.10312389582395554,101.1766128540039,99.95890808105469,0.464231014251709,31.415287017822266,True,0.2946232557296753,0.6017228960990906,0.4658973515033722,0.4627813398838043,0.4690133333206177,1.2425668501236942e-05,1.0,5.631503105163574,-1.4508230172793901e-09,36.6276741027832,nnknn_target_value_model,0,0,395,24,371,395,491,79,412,2,2,123.25,0,4,nnknn,2000,nnknn,2000,"[1019, 981]",0.0,0.0026329909451305866,0.020076604560017586
42979,4,566,99.18827056884766,-0.06562117487192154,-0.06248510628938675,99.25389099121094,,,,False,0.31360694766044617,0.6045733690261841,0.45919033885002136,0.4556120038032532,0.46276867389678955,1.2393347788020037e-05,1.0,6.730286598205566,2.2325414406054733e-08,36.009620666503906,nnknn_target_value_model,0,0,488,28,460,488,565,76,489,1,1,141.5,0,4,nnknn,2000,nnknn,2000,"[1023, 977]",0.0,0.0026409521233290434,0.020576361566781998
43673,4,694,101.37053680419922,-0.07451412826776505,-0.07124210894107819,101.44505310058594,,,,False,0.3272019326686859,0.6038235425949097,0.4512103497982025,0.44682133197784424,0.4555993378162384,1.2556723959278315e-05,1.0,6.86102819442749,1.2127054560551187e-07,40.3311653137207,nnknn_target_value_model,0,0,600,24,576,600,691,82,609,4,3,173.5,0,4,nnknn,2000,nnknn,2000,"[1028, 972]",0.0,0.002653784118592739,0.020076574757695198
44071,4,398,114.55451965332031,-0.10482385754585266,-0.10167005658149719,114.65933990478516,113.97372436523438,0.4458867907524109,29.549022674560547,True,0.3153804838657379,0.5991813540458679,0.4442943334579468,0.4417800009250641,0.44680866599082947,1.2604662515514065e-05,1.0,5.550323486328125,8.98562502182898e-10,34.73993682861328,nnknn_target_value_model,0,0,317,33,284,317,389,45,344,4,9,99.5,0,4,nnknn,2000,nnknn,2000,"[1030, 970]",0.0,0.0026725654024630785,0.02057640440762043
44533,4,462,121.4604263305664,-0.07966864854097366,-0.07580677419900894,121.54009246826172,,,,False,0.3861873149871826,0.6135950684547424,0.43884769082069397,0.43592798709869385,0.4417673349380493,1.2748182598443236e-05,1.0,5.47832727432251,5.418604231977042e-09,35.331058502197266,nnknn_target_value_model,0,0,363,400,0,363,458,45,413,4,4,115.5,0,4,nnknn,1963,nnknn,2000,"[1013, 950]",0.0,0.0027395898941904306,0.02107616886496544
45292,4,759,111.21023559570312,-0.04079973325133324,-0.03686518222093582,111.25103759765625,110.28595733642578,0.4697374105453491,31.10426902770996,True,0.39345526695251465,0.6132633686065674,0.43111467361450195,0.42631399631500244,0.4359153211116791,1.315412919211667e-05,1.0,7.673682689666748,2.329026028746739e-05,38.46949005126953,nnknn_target_value_model,0,0,681,42,602,681,754,800,0,1,5,189.75,0,4,nnknn,2000,nnknn,1954,"[1032, 968]",0.0,0.0026882467791438103,0.02157101221382618
45915,4,623,99.62814331054688,-0.06907287240028381,-0.06552434712648392,99.69721984863281,,,,False,0.3548528254032135,0.6013864874839783,0.42236199975013733,0.418422669172287,0.42630133032798767,1.3018523532082327e-05,1.0,7.028712749481201,0.0005654387641698122,38.59575653076172,nnknn_target_value_model,0,0,552,49,503,552,615,22,449,3,8,155.75,0,4,nnknn,2000,nnknn,2000,"[1033, 967]",0.0,0.0026850441936403513,0.02148229442536831
46507,4,592,102.25982666015625,-0.07146100699901581,-0.06806371361017227,102.33129119873047,,,,False,0.3397292196750641,0.59441077709198,0.4146669805049896,0.4109239876270294,0.4184100031852722,1.2982217413082253e-05,1.0,5.884878635406494,-3.78570028658487e-08,40.7672119140625,nnknn_target_value_model,0,0,492,43,449,492,586,68,518,2,6,148.0,0,4,nnknn,2000,nnknn,2000,"[1034, 966]",0.0,0.0026852316223084927,0.020990893244743347
47022,4,515,118.23161315917969,-0.0993591770529747,-0.09607179462909698,118.33097076416016,116.76517486572266,0.3511276841163635,35.77119064331055,True,0.3287382423877716,0.5890433192253113,0.4076559841632843,0.40440067648887634,0.41091132164001465,1.2948790754307993e-05,1.0,5.213118076324463,-9.258974031922662e-09,40.517574310302734,nnknn_target_value_model,0,0,407,16,391,407,511,49,462,2,4,128.75,0,4,nnknn,2000,nnknn,2000,"[1039, 961]",0.0,0.0026763088535517454,0.021490463986992836
47730,4,708,139.2233123779297,-0.06803867965936661,-0.06467902660369873,139.29135131835938,,,,False,0.33596548438072205,0.5884402990341187,0.3999103307723999,0.3954326808452606,0.4043880105018616,1.295363745157374e-05,1.0,6.622810363769531,-2.3572457319431805e-09,41.495155334472656,nnknn_target_value_model,0,0,597,37,560,597,707,792,0,1,1,177.0,0,4,nnknn,2000,nnknn,1915,"[1034, 966]",0.0,0.0026824274100363255,0.02199031598865986
48325,4,595,91.96035766601562,-0.10209620743989944,-0.09846068918704987,92.06245422363281,90.22015380859375,0.6017653942108154,33.87392044067383,True,0.36355170607566833,0.5930622816085815,0.3916580080986023,0.38789600133895874,0.39542001485824585,1.303039607591927e-05,1.0,5.924764633178711,1.1620401529910396e-08,39.415283203125,nnknn_target_value_model,0,0,496,46,450,496,591,30,476,4,4,148.75,0,4,nnknn,2000,nnknn,2000,"[1032, 968]",0.0,0.0026978289242833853,0.021490594372153282
49006,4,681,112.99211120605469,-0.08480214327573776,-0.08181072771549225,113.07691192626953,,,,False,0.2991417944431305,0.5714831352233887,0.3835766613483429,0.3792699873447418,0.38788333535194397,1.3116483387420885e-05,1.0,6.470865249633789,-2.53823007057008e-08,40.90672302246094,nnknn_target_value_model,0,0,580,35,545,580,672,49,623,3,9,170.25,0,4,nnknn,2000,nnknn,2000,"[1038, 962]",0.0,0.0027046871837228537,0.020990708842873573
49844,4,838,125.23760986328125,-0.08572332561016083,-0.0827319398522377,125.32333374023438,,,,False,0.29913875460624695,0.5676890015602112,0.3739563524723053,0.36865532398223877,0.37925732135772705,1.3148052858014125e-05,1.0,7.171015739440918,0.000527312746271491,42.29726791381836,nnknn_target_value_model,0,0,733,46,687,733,824,65,759,6,14,209.5,0,4,nnknn,2000,nnknn,2000,"[1035, 965]",0.0,0.0026994936633855104,0.021487457677721977
50601,4,757,111.10032653808594,-0.07579579949378967,-0.07256419211626053,111.1761245727539,110.03692626953125,0.4010368585586548,34.84060287475586,True,0.3231605589389801,0.569402277469635,0.36385464668273926,0.3590666651725769,0.368642657995224,1.3138616850483231e-05,1.0,6.87518310546875,1.7637304949857935e-08,41.2073860168457,nnknn_target_value_model,0,0,669,700,0,669,744,792,0,3,13,189.25,0,4,nnknn,1969,nnknn,1952,"[1017, 952]",0.0,0.002760103205218911,0.020987676456570625
51279,4,678,86.6270980834961,-0.06509806960821152,-0.061298687011003494,86.69219970703125,,,,False,0.37993791699409485,0.5843916535377502,0.3547663390636444,0.3504786789417267,0.35905399918556213,1.4228452528186608e-05,1.0,5.878127574920654,9.705534864679066e-08,42.943538665771484,nnknn_target_value_model,0,0,551,13,408,551,671,24,501,1,7,169.5,0,4,nnknn,2000,nnknn,2000,"[1031, 969]",0.0,0.00270158052444458,0.021487519145011902
52059,4,780,113.25581359863281,-0.06289972364902496,-0.059472035616636276,113.31871032714844,111.63265228271484,0.35214489698410034,37.31184005737305,True,0.34276893734931946,0.5682621598243713,0.3455323576927185,0.3405986726284027,0.3504660129547119,1.3319908248377033e-05,1.0,6.522348403930664,2.295374906680081e-05,43.40887451171875,nnknn_target_value_model,0,0,659,89,570,659,774,65,709,1,6,195.0,0,4,nnknn,2000,nnknn,2000,"[1026, 974]",0.0,0.002710482571274042,0.020987624302506447
52844,4,785,114.79273986816406,-0.06666664779186249,-0.06335655599832535,114.85940551757812,,,,False,0.3310093581676483,0.5611037611961365,0.3356207013130188,0.3306553363800049,0.34058600664138794,1.3319231584318914e-05,1.0,6.538737773895264,0.0001566893042763695,43.43037796020508,nnknn_target_value_model,0,0,680,700,0,680,773,792,0,3,12,196.25,0,4,nnknn,1980,nnknn,1981,"[1000, 980]",0.0,0.002763374475762248,0.02148708887398243
53283,4,439,113.85466003417969,-0.11441956460475922,-0.11108561605215073,113.96907806396484,,,,False,0.3333946466445923,0.55860435962677,0.32786867022514343,0.32509467005729675,0.3306426703929901,1.3668511201103684e-05,1.0,3.8381214141845703,-1.683593531254246e-08,39.67369079589844,nnknn_target_value_model,0,0,325,29,276,325,439,46,374,0,0,109.75,0,4,nnknn,2000,nnknn,2000,"[1007, 993]",0.0,0.002734071109443903,0.021397922188043594
54062,4,779,102.12092590332031,-0.08530399203300476,-0.08154422044754028,102.20623016357422,100.3541488647461,0.5226465463638306,36.61943817138672,True,0.3759769797325134,0.5708178281784058,0.32015466690063477,0.31522732973098755,0.325082004070282,1.3552053133025765e-05,1.0,6.587610244750977,0.000717224320396781,42.75331115722656,nnknn_target_value_model,0,0,684,67,617,684,772,73,699,3,7,194.75,0,4,nnknn,2000,nnknn,2000,"[1008, 992]",0.0,0.0027480225544422865,0.021897803992033005
54835,4,773,117.01282501220703,-0.07234117388725281,-0.06876254081726074,117.08516693115234,,,,False,0.3578629493713379,0.5586031675338745,0.31032535433769226,0.30543598532676697,0.3152146637439728,1.3636966286867391e-05,1.0,5.770291805267334,-1.5113208462480543e-08,46.23348617553711,nnknn_target_value_model,0,0,647,700,0,647,761,59,702,3,12,193.25,0,4,nnknn,1947,nnknn,2000,"[985, 962]",0.0,0.0028364488389343023,0.022397764027118683
55717,4,882,100.31745910644531,-0.04657065495848656,-0.04314342886209488,100.36402893066406,99.29985046386719,0.4816141128540039,39.81211471557617,True,0.34272265434265137,0.5481513738632202,0.2998436391353607,0.2942639887332916,0.3054233193397522,1.416456052538706e-05,1.0,6.50136137008667,0.002831434365361929,45.80288314819336,nnknn_target_value_model,0,0,733,46,634,733,872,82,790,5,10,220.5,0,4,nnknn,2000,nnknn,2000,"[1017, 983]",0.0,0.0027549273800104856,0.02289769798517227
56808,4,1091,112.80857849121094,-0.06102001667022705,-0.05734806880354881,112.86959838867188,,,,False,0.3671947717666626,0.5533133149147034,0.2873479723930359,0.2804446518421173,0.29425132274627686,1.3860259059583768e-05,1.0,7.023870944976807,0.0007034370792098343,47.502235412597656,nnknn_target_value_model,0,0,971,1000,0,971,1057,110,947,7,34,272.75,0,4,nnknn,1971,nnknn,2000,"[1007, 964]",0.0,0.002803586423397064,0.02239895612001419
57596,4,788,122.7940673828125,-0.04350417107343674,-0.03988482058048248,122.83757019042969,,,,False,0.36193495988845825,0.5454477071762085,0.27544766664505005,0.27046334743499756,0.28043198585510254,1.4885243217577226e-05,1.0,5.612168788909912,1.936394511403705e-08,47.134910583496094,nnknn_target_value_model,0,0,656,18,510,656,768,103,665,5,20,197.0,0,4,nnknn,2000,nnknn,2000,"[1016, 984]",0.0,0.002772813430055976,0.021899495273828506
58748,4,1152,117.66809844970703,-0.0405854806303978,-0.03735310956835747,117.70868682861328,116.44808959960938,-0.1476367712020874,41.751827239990234,True,0.32323718070983887,0.5227860808372498,0.2631610035896301,0.25587132573127747,0.2704506814479828,1.4102718523645308e-05,1.0,7.62833309173584,0.005762019194662571,48.80909729003906,nnknn_target_value_model,0,0,1054,96,958,1054,1118,1200,0,6,34,288.0,0,4,nnknn,2000,nnknn,1918,"[1002, 998]",0.0,0.002765320474281907,0.022398605942726135
59989,4,1241,72.20467376708984,-0.07750017940998077,-0.07374868541955948,72.28217315673828,,,,False,0.375149667263031,0.5389881730079651,0.24800534546375275,0.2401520013809204,0.2558586597442627,1.405959756084485e-05,1.0,8.051435470581055,-1.1642357833352435e-07,47.420894622802734,nnknn_target_value_model,0,0,1148,62,1086,1148,1160,14,968,7,81,310.25,0,4,nnknn,2000,nnknn,2000,"[1007, 993]",0.0,0.002787897130474448,0.02189869061112404
61107,4,1118,97.10029602050781,-0.06348006427288055,-0.05987679213285446,97.16377258300781,96.10338592529297,0.5428169965744019,42.262428283691406,True,0.3603273630142212,0.5242546796798706,0.23306497931480408,0.2259906679391861,0.24013933539390564,1.4298871064966079e-05,1.0,6.78558349609375,-6.994748957822594e-08,48.64189147949219,nnknn_target_value_model,0,0,988,61,927,988,1073,1100,0,7,45,279.5,0,4,nnknn,2000,nnknn,1973,"[1006, 994]",0.0,0.0028141604270786047,0.021398775279521942
62081,4,974,106.52413177490234,-0.04693390056490898,-0.04305621236562729,106.5710678100586,,,,False,0.3877687156200409,0.5310043692588806,0.2198156714439392,0.2136533260345459,0.22597800195217133,1.4495063624053728e-05,1.0,6.082118511199951,0.0002854729536920786,48.94312286376953,nnknn_target_value_model,0,0,829,61,768,829,972,29,817,1,2,243.5,0,4,nnknn,2000,nnknn,2000,"[999, 1001]",0.0,0.0028264622669667006,0.0218984205275774
63215,4,1134,93.89241027832031,-0.03722294792532921,-0.03355012089014053,93.92963409423828,,,,False,0.36728277802467346,0.5143917798995972,0.2064649909734726,0.19928933680057526,0.21364066004753113,1.4572342479368672e-05,1.0,6.882789611816406,0.002887125127017498,48.385154724121094,nnknn_target_value_model,0,0,1038,1100,0,1038,1073,85,988,12,61,283.5,0,4,nnknn,1938,nnknn,2000,"[964, 974]",0.0,0.002936194185167551,0.022398343309760094
64621,4,1406,100.43717193603516,-0.06419400870800018,-0.060471318662166595,100.5013656616211,99.03179168701172,0.22276544570922852,44.639404296875,True,0.3722688853740692,0.5092955827713013,0.190378338098526,0.18148000538349152,0.19927667081356049,1.6036536180763505e-05,1.0,7.516493320465088,0.0057101016864180565,51.633907318115234,nnknn_target_value_model,0,0,1305,13,1133,1305,1381,1400,0,10,25,351.5,0,4,nnknn,2000,nnknn,1981,"[999, 1001]",0.0,0.0028302303981035948,0.02189997211098671
66508,4,1887,76.2808609008789,-0.05283346027135849,-0.04935918375849724,76.33369445800781,,,,False,0.3474278151988983,0.4838124215602875,0.16952267289161682,0.1575780063867569,0.18146733939647675,1.4760642443434335e-05,1.0,8.555133819580078,0.012355469167232513,51.1555061340332,nnknn_target_value_model,0,0,1811,32,1779,1811,1713,11,1584,10,174,471.75,0,4,nnknn,2000,nnknn,2000,"[995, 1005]",0.0,0.0028383403550833464,0.021400099620223045
67875,4,1367,83.30119323730469,-0.08247487246990204,-0.07866290211677551,83.3836669921875,82.46511840820312,0.5650615096092224,44.926979064941406,True,0.38119688630104065,0.4911254048347473,0.14891400933265686,0.1402626633644104,0.15756534039974213,1.4904822819516994e-05,1.0,6.896830081939697,0.0038992222398519516,51.06123733520508,nnknn_target_value_model,0,0,1220,28,1192,1220,1300,1300,0,9,67,341.75,0,4,nnknn,2000,nnknn,2000,"[996, 1004]",0.0,0.002845748560503125,0.021899960935115814
69122,4,1247,83.716064453125,-0.06277788430452347,-0.05897397920489311,83.77883911132812,,,,False,0.3803901970386505,0.48161232471466064,0.13235867023468018,0.12446733564138412,0.14024999737739563,1.501035330875311e-05,1.0,6.50670862197876,0.003436909057199955,51.198448181152344,nnknn_target_value_model,0,0,1111,82,1029,1111,1231,39,1092,6,16,311.75,0,4,nnknn,2000,nnknn,2000,"[992, 1008]",0.0,0.0028628299478441477,0.02140010893344879
70304,4,1182,94.28089141845703,-0.08274055272340775,-0.0787903368473053,94.36363220214844,,,,False,0.3950219452381134,0.4824398458003998,0.11697500944137573,0.10949533432722092,0.12445466965436935,1.513476308900863e-05,1.0,6.843289852142334,0.00758450897410512,52.23436737060547,nnknn_target_value_model,0,0,1064,78,986,1064,1119,1200,0,4,63,295.5,0,4,nnknn,2000,nnknn,1919,"[989, 1011]",0.0,0.002889420371502638,0.021900050342082977
71805,4,1501,79.79389953613281,-0.05284326896071434,-0.04907909780740738,79.84674072265625,79.17032623291016,0.6603749990463257,43.85569381713867,True,0.37641727924346924,0.4582829773426056,0.09998266398906708,0.0904826670885086,0.10948266834020615,1.532078385935165e-05,1.0,7.563987731933594,0.009198470041155815,50.550106048583984,nnknn_target_value_model,0,0,1405,82,1323,1405,1414,16,1222,7,87,375.25,0,4,nnknn,2000,nnknn,2000,"[991, 1009]",0.0,0.002889573108404875,0.021400131285190582
73322,4,1517,83.16004180908203,-0.05421695485711098,-0.05025836080312729,83.2142562866211,,,,False,0.3958595097064972,0.46091243624687195,0.080868661403656,0.07126733660697937,0.09047000110149384,1.5331062968471088e-05,1.0,7.221340656280518,0.010372886434197426,50.834999084472656,nnknn_target_value_model,0,0,1423,76,1347,1423,1452,68,1384,5,65,379.25,0,4,nnknn,2000,nnknn,2000,"[991, 1009]",0.0,0.0029088156297802925,0.021899588406085968
75180,4,1858,57.48127746582031,-0.07065563648939133,-0.06691621243953705,57.55193328857422,56.52501678466797,0.7536082863807678,46.60459899902344,True,0.373942106962204,0.4285217225551605,0.0596034936606884,0.05000000074505806,0.071254663169384,1.5568570233881474e-05,1.0,8.469239234924316,0.0006828780169598758,53.315982818603516,nnknn_target_value_model,0,0,1798,64,1734,1798,1450,72,1378,21,408,464.5,0,4,nnknn,2000,nnknn,2000,"[995, 1005]",0.0,0.002915661782026291,0.022399459034204483
76981,4,1801,65.87162780761719,-0.06843175739049911,-0.06479239463806152,65.94005584716797,,,,False,0.3639366030693054,0.41283026337623596,0.05000000074505806,0.05000000074505806,0.05000000074505806,1.5700228686910123e-05,1.0,8.08887767791748,0.0037433765828609467,56.091896057128906,nnknn_target_value_model,0,0,1746,57,1689,1746,1543,1600,0,12,258,450.25,0,4,nnknn,2000,nnknn,1943,"[992, 1008]",0.0,0.0029287156648933887,0.021899528801441193
78835,4,1854,71.02791595458984,-0.06021823361515999,-0.05632743239402771,71.088134765625,,,,False,0.3890799880027771,0.43344783782958984,0.050000011920928955,0.05000000074505806,0.05000000074505806,1.5768371667945758e-05,1.0,8.148344039916992,-0.005312513094395399,56.14789581298828,nnknn_target_value_model,0,0,1804,1900,0,1804,1720,10,1556,26,134,463.5,0,4,nnknn,1904,nnknn,2000,"[938, 966]",0.0,0.0030828937888145447,0.021399565041065216
80633,4,1798,48.85950469970703,-0.06358697265386581,-0.06030593067407608,48.923091888427734,47.794044494628906,0.8287797570228577,46.560691833496094,True,0.3281042277812958,0.38348785042762756,0.05000000819563866,0.05000000074505806,0.05000000074505806,1.753937431203667e-05,1.0,8.386234283447266,0.0012987336376681924,52.609161376953125,nnknn_target_value_model,0,0,1730,12,1526,1730,1347,17,1330,33,451,449.5,0,4,nnknn,2000,nnknn,2000,"[990, 1010]",0.0,0.002916548866778612,0.02189931645989418
82109,4,1476,48.746585845947266,-0.05348334461450577,-0.049567680805921555,48.80006790161133,,,,False,0.3915664851665497,0.4352111518383026,0.05000000819563866,0.05000000074505806,0.05000000074505806,1.5981440810719505e-05,1.0,7.050195693969727,0.0012943815672770143,53.26301574707031,nnknn_target_value_model,0,0,1354,107,1247,1354,1193,1200,0,21,283,369.0,0,4,nnknn,2000,nnknn,1993,"[1004, 996]",0.0,0.0029402917716652155,0.02239925228059292
83333,4,1224,75.49929809570312,-0.08797608315944672,-0.08433084189891815,75.58727264404297,74.77904510498047,0.6341431736946106,49.38555908203125,True,0.36452439427375793,0.41303369402885437,0.05000000819563866,0.05000000074505806,0.05000000074505806,1.614028042240534e-05,1.0,6.333348274230957,0.009704606607556343,54.880130767822266,nnknn_target_value_model,0,0,1123,80,1043,1123,1110,3,1000,12,114,306.0,0,4,nnknn,2000,nnknn,2000,"[995, 1005]",0.0,0.002955568488687277,0.022899216040968895
84420,4,1087,54.99052047729492,-0.06923332065343857,-0.0654296725988388,55.05975341796875,,,,False,0.3803645670413971,0.4265801012516022,0.05000000074505806,0.05000000074505806,0.05000000074505806,1.628609243198298e-05,1.0,5.822323799133301,0.0014916607178747654,51.52298355102539,nnknn_target_value_model,0,0,959,67,892,959,966,1000,0,28,121,271.75,0,4,nnknn,2000,nnknn,1966,"[986, 1014]",0.0,0.002959724050015211,0.023399094119668007
85605,4,1185,62.875797271728516,-0.049452003091573715,-0.0452779121696949,62.92525100708008,,,,False,0.4174089729785919,0.45745235681533813,0.05000000819563866,0.05000000074505806,0.05000000074505806,1.63268341566436e-05,1.0,6.157045841217041,0.007385180797427893,51.11552429199219,nnknn_target_value_model,0,0,1034,64,970,1034,1135,3,999,6,50,296.25,0,4,nnknn,2000,nnknn,2000,"[981, 1019]",0.0,0.0029566152952611446,0.022899119183421135
87039,4,1434,55.265655517578125,-0.0653037279844284,-0.06162542849779129,55.33095932006836,54.5535774230957,0.7238308191299438,50.65132522583008,True,0.36782965064048767,0.41589298844337463,0.05000000447034836,0.05000000074505806,0.05000000074505806,1.626755329198204e-05,1.0,6.689289569854736,0.0060426173731684685,56.10795974731445,nnknn_target_value_model,0,0,1318,44,1274,1318,1249,57,1192,8,185,358.5,0,4,nnknn,2000,nnknn,2000,"[977, 1023]",0.0,0.0029629571363329887,0.0223991721868515
88531,4,1492,75.82733917236328,-0.06002333015203476,-0.05607783794403076,75.88735961914062,,,,False,0.3945491313934326,0.4380895793437958,0.05000000819563866,0.05000000074505806,0.05000000074505806,1.635188345971983e-05,1.0,6.321904182434082,0.008572760038077831,54.18894577026367,nnknn_target_value_model,0,0,1330,58,1272,1330,1467,1500,0,8,25,373.0,0,4,nnknn,2000,nnknn,1967,"[975, 1025]",0.0,0.0029709776863455772,0.02189919725060463
90055,4,1524,62.04554748535156,-0.08343053609132767,-0.07955066859722137,62.12897872924805,61.45237731933594,0.7471300363540649,51.2873649597168,True,0.3879867196083069,0.4337611496448517,0.05000000819563866,0.05000000074505806,0.05000000074505806,1.6394578778999858e-05,1.0,6.428971290588379,0.0007397258887067437,56.98876190185547,nnknn_target_value_model,0,0,1380,35,1345,1380,1497,40,1325,9,27,381.0,0,4,nnknn,2000,nnknn,2000,"[973, 1027]",0.0,0.002972818212583661,0.021399278193712234
91496,4,1441,86.29297637939453,-0.06747236102819443,-0.0636507123708725,86.3604507446289,,,,False,0.3821650743484497,0.42860040068626404,0.05000000819563866,0.05000000074505806,0.05000000074505806,1.641436028876342e-05,1.0,5.680418014526367,0.004057528916746378,56.67680740356445,nnknn_target_value_model,0,0,1294,51,1243,1294,1374,28,1346,5,67,360.25,0,4,nnknn,2000,nnknn,2000,"[981, 1019]",0.0,0.002971435198560357,0.02089930884540081
93021,4,1525,54.702369689941406,-0.06693927943706512,-0.0627785325050354,54.769309997558594,,,,False,0.4160749018192291,0.45668479800224304,0.05000000447034836,0.05000000074505806,0.05000000074505806,1.654022889852058e-05,1.0,6.292283058166504,-4.759804141940549e-05,54.614559173583984,nnknn_target_value_model,0,0,1364,55,1309,1364,1348,1400,0,27,177,381.25,0,4,nnknn,2000,nnknn,1948,"[997, 1003]",0.0,0.0029872830491513014,0.02039932645857334
94550,4,1529,63.32481002807617,-0.04108399525284767,-0.03746054321527481,63.36589431762695,62.425559997558594,0.5301247835159302,52.802223205566406,True,0.36234521865844727,0.4121549129486084,0.05000000819563866,0.05000000074505806,0.05000000074505806,1.6752090232330374e-05,1.0,6.878728866577148,0.010500109754502773,58.51448440551758,nnknn_target_value_model,0,0,1441,44,1397,1441,1419,8,1262,20,110,382.25,0,4,nnknn,2000,nnknn,2000,"[992, 1008]",0.0,0.002992559690028429,0.019899340346455574
95934,4,1384,74.55708312988281,-0.05696181580424309,-0.05286845192313194,74.61404418945312,,,,False,0.40933650732040405,0.45127084851264954,0.05000000819563866,0.05000000074505806,0.05000000074505806,1.6788850189186633e-05,1.0,6.212042331695557,0.014097207225859165,56.958099365234375,nnknn_target_value_model,0,0,1272,52,1220,1272,1306,1400,0,7,78,346.0,0,4,nnknn,2000,nnknn,1906,"[992, 1008]",0.0,0.0030064559541642666,0.020399147644639015
97900,4,1966,61.853179931640625,-0.055483970791101456,-0.051375411450862885,61.90866470336914,61.29075622558594,0.6337600946426392,52.77962875366211,True,0.41085606813430786,0.4521467089653015,0.05000000074505806,0.05000000074505806,0.05000000074505806,1.6918509572860785e-05,1.0,7.108031272888184,0.00948526244610548,58.82688522338867,nnknn_target_value_model,0,0,1863,59,1804,1863,1812,4,1621,30,154,491.5,0,4,nnknn,2000,nnknn,2000,"[991, 1009]",0.0,0.003007967257872224,0.01989917643368244
99331,4,1431,65.21792602539062,-0.06454396992921829,-0.06055418401956558,65.282470703125,,,,False,0.3989787697792053,0.4425327777862549,0.05000000819563866,0.05000000074505806,0.05000000074505806,1.6923760995268822e-05,1.0,5.803613185882568,0.012896398082375526,57.73542785644531,nnknn_target_value_model,0,0,1282,54,1228,1282,1363,1400,0,8,68,357.75,0,4,nnknn,2000,nnknn,1963,"[980, 1020]",0.0,0.003013308858498931,0.019399253651499748
100573,4,1242,84.16292572021484,-0.05433640629053116,-0.05019038915634155,84.2172622680664,,,,False,0.4146018922328949,0.45582976937294006,0.05000000074505806,0.05000000074505806,0.05000000074505806,1.7024194676196203e-05,1.0,5.344661235809326,0.007862615399062634,59.77986526489258,nnknn_target_value_model,0,0,1130,24,1106,1130,1199,23,1041,9,43,310.5,0,4,nnknn,2000,nnknn,2000,"[985, 1015]",0.0,0.0030205135699361563,0.01889941655099392
102421,4,1848,70.94538116455078,-0.025423791259527206,-0.02134922333061695,70.9708023071289,70.3626708984375,0.7201200723648071,54.0810661315918,True,0.40745705366134644,0.4492834806442261,0.05000000819563866,0.05000000074505806,0.05000000074505806,1.70642579178093e-05,1.0,6.808893203735352,0.010828887112438679,60.23986053466797,nnknn_target_value_model,0,0,1729,47,1682,1729,1792,1800,0,10,56,462.0,0,4,nnknn,2000,nnknn,1992,"[996, 1004]",0.0,0.0030204562935978174,0.018399475142359734
104178,4,1757,61.89204788208008,-0.02553357183933258,-0.02183992974460125,61.917579650878906,,,,False,0.3693644404411316,0.41807302832603455,0.05000000447034836,0.05000000074505806,0.05000000074505806,1.7123576981248334e-05,1.0,6.757620811462402,0.01921176351606846,62.40714645385742,nnknn_target_value_model,0,0,1685,26,1659,1685,1709,5,1596,13,48,439.25,0,4,nnknn,2000,nnknn,2000,"[995, 1005]",0.0,0.003006722079589963,0.017899638041853905
106155,4,1977,60.61326599121094,-0.03612879291176796,-0.03234512731432915,60.64939498901367,60.0399055480957,0.02578747272491455,57.89536666870117,True,0.3783666491508484,0.4257241189479828,0.05000000447034836,0.05000000074505806,0.05000000074505806,1.6954525563050993e-05,1.0,6.773402690887451,0.02617267519235611,63.85258483886719,nnknn_target_value_model,0,0,1934,33,1901,1934,1907,2000,0,6,70,494.25,0,4,nnknn,2000,nnknn,1907,"[994, 1006]",0.0,0.003006442217156291,0.01767166331410408
107452,4,1297,55.867034912109375,-0.08583864569664001,-0.08176196366548538,55.95287322998047,,,,False,0.4076681137084961,0.4499970078468323,0.04999999701976776,0.05000000074505806,0.05000000074505806,1.70144467119826e-05,1.0,5.860019207000732,-0.0015977794537320733,58.015045166015625,nnknn_target_value_model,0,0,1159,43,1116,1159,1285,2,1099,3,12,324.25,0,4,nnknn,2000,nnknn,2000,"[989, 1011]",0.0,0.003026580670848489,0.01789957284927368
109121,4,1669,55.47576141357422,-0.06216525286436081,-0.058365728706121445,55.537925720214844,,,,False,0.379952609539032,0.4267840087413788,0.05000000819563866,0.05000000074505806,0.05000000074505806,1.725466972857248e-05,1.0,6.408563613891602,0.014789407141506672,61.71697235107422,nnknn_target_value_model,0,0,1562,38,1524,1562,1613,93,1520,15,56,417.25,0,4,nnknn,2000,nnknn,2000,"[987, 1013]",0.0,0.0030265836976468563,0.017671750858426094
110799,4,1678,69.454345703125,-0.0370451956987381,-0.03322698920965195,69.49139404296875,68.94535064697266,0.6236809492111206,54.86406326293945,True,0.38182052969932556,0.4279036223888397,0.05000000819563866,0.05000000074505806,0.05000000074505806,1.7235333871212788e-05,1.0,6.130584716796875,0.016950542107224464,59.91941833496094,nnknn_target_value_model,0,0,1542,1600,0,1542,1583,1584,0,12,95,419.5,0,4,nnknn,1942,nnknn,1999,"[958, 984]",0.0,0.003122942987829447,0.018061190843582153
112799,4,2000,44.71540451049805,-0.06757068634033203,-0.06384791433811188,44.78297424316406,,,,False,0.37227746844291687,0.4199327230453491,0.05000000447034836,0.05000000074505806,0.05000000074505806,1.8749713490251452e-05,1.0,6.942031383514404,-0.0019662731792777777,63.82085418701172,nnknn_target_value_model,0,0,1947,13,1778,1947,1926,56,1771,20,74,500.0,0,4,nnknn,2000,nnknn,2000,"[987, 1013]",0.0,0.00303255720064044,0.018561048433184624
114503,4,1704,73.4161605834961,-0.04650842770934105,-0.04284220188856125,73.4626693725586,72.78289794921875,0.11581826210021973,57.99336242675781,True,0.36662259697914124,0.4144640564918518,0.05000000819563866,0.05000000074505806,0.05000000074505806,1.7464741176809184e-05,1.0,6.361883640289307,0.01919586770236492,62.78255844116211,nnknn_target_value_model,0,0,1627,89,1538,1627,1531,1600,0,25,173,426.0,0,4,nnknn,2000,nnknn,1931,"[970, 1030]",0.0,0.003068456193432212,0.018482772633433342
116389,4,1886,47.4053955078125,-0.08577835559844971,-0.08190189301967621,47.491172790527344,,,,False,0.387645959854126,0.4328584372997284,0.05000000074505806,0.05000000074505806,0.05000000074505806,1.7686092178337276e-05,1.0,7.054440021514893,-0.001831671572290361,62.76818084716797,nnknn_target_value_model,0,0,1838,1900,0,1838,1758,1,1591,27,128,471.5,0,4,nnknn,1938,nnknn,2000,"[942, 996]",0.0,0.003187880851328373,0.018399454653263092
117752,4,1363,53.81583786010742,-0.058555323630571365,-0.05433952435851097,53.874393463134766,,,,False,0.42158043384552,0.46050143241882324,0.05000000819563866,0.05000000074505806,0.05000000074505806,1.9459759641904384e-05,1.0,5.892581462860107,0.0015154642751440406,59.58371353149414,nnknn_target_value_model,0,0,1230,3,1068,1230,1320,1400,0,12,43,340.75,0,4,nnknn,2000,nnknn,1920,"[972, 1028]",0.0,0.003070548875257373,0.018163761124014854
119215,4,1463,93.95109558105469,-0.03487301990389824,-0.030635027214884758,93.98596954345703,93.35413360595703,0.5208232402801514,57.524681091308594,True,0.42379942536354065,0.4627237021923065,0.050000015646219254,0.05000000074505806,0.05000000074505806,1.793622868717648e-05,1.0,4.450193881988525,0.011582349427044392,61.423133850097656,nnknn_target_value_model,0,0,1274,94,1180,1274,1421,2,1246,5,42,365.75,0,4,nnknn,2000,nnknn,2000,"[975, 1025]",0.0,0.003095457796007395,0.018087072297930717
120186,4,971,80.91963958740234,-0.06183348968625069,-0.0579276941716671,80.98147583007812,,,,False,0.3905797302722931,0.43522149324417114,0.050000011920928955,0.05000000074505806,0.05000000074505806,1.8175624063587748e-05,1.0,3.6047980785369873,0.0062627303414046764,58.94701385498047,nnknn_target_value_model,0,0,736,35,701,736,889,39,850,19,82,242.75,0,4,nnknn,2000,nnknn,2000,"[982, 1018]",0.0,0.0031066995579749346,0.01858704909682274
121627,4,1441,84.49727630615234,-0.048281341791152954,-0.04441792145371437,84.5455551147461,84.00112915039062,0.5999094843864441,55.52195739746094,True,0.38634204864501953,0.43142396211624146,0.05000000819563866,0.05000000074505806,0.05000000074505806,1.8337290384806693e-05,1.0,5.184138774871826,0.01595361903309822,59.713600158691406,nnknn_target_value_model,0,0,1278,68,1210,1278,1405,1500,0,3,36,360.25,0,4,nnknn,2000,nnknn,1905,"[984, 1016]",0.0,0.003126357216387987,0.019087031483650208
123296,4,1669,63.32347869873047,-0.05617431923747063,-0.05223656818270683,63.37965393066406,,,,False,0.39377501606941223,0.43771421909332275,0.05000000819563866,0.05000000074505806,0.05000000074505806,1.8494383766665123e-05,1.0,5.558793067932129,0.019134363159537315,65.36744689941406,nnknn_target_value_model,0,0,1551,53,1498,1551,1650,6,1456,6,19,417.25,0,4,nnknn,2000,nnknn,2000,"[985, 1015]",0.0,0.003152611432597041,0.01859000325202942
124940,4,1644,62.861106872558594,-0.01769605278968811,-0.013485919684171677,62.87880325317383,,,,False,0.4210134446620941,0.460146427154541,0.05000000447034836,0.05000000074505806,0.05000000074505806,1.8722756067290902e-05,1.0,5.76948356628418,0.021410133689641953,64.31135559082031,nnknn_target_value_model,0,0,1522,51,1471,1522,1610,88,1522,7,34,411.0,0,4,nnknn,2000,nnknn,2000,"[989, 1011]",0.0,0.00315554509870708,0.019089939072728157
126876,4,1936,56.30854034423828,-0.0388374999165535,-0.03489110246300697,56.34737777709961,55.784751892089844,0.5940803289413452,59.82670593261719,True,0.3946399986743927,0.43780943751335144,0.05000000819563866,0.05000000074505806,0.05000000074505806,1.884796074591577e-05,1.0,5.972962379455566,0.01333836279809475,64.36096954345703,nnknn_target_value_model,0,0,1789,64,1725,1789,1812,1900,0,19,124,484.0,0,4,nnknn,2000,nnknn,1912,"[984, 1016]",0.0,0.003162270411849022,0.01958991028368473
128411,4,1535,50.09178924560547,-0.05776217207312584,-0.05390347167849541,50.14955139160156,,,,False,0.3858705759048462,0.43134304881095886,0.05000000819563866,0.05000000074505806,0.05000000074505806,1.896719004434999e-05,1.0,5.845643520355225,0.016156474128365517,64.49909210205078,nnknn_target_value_model,0,0,1414,1500,0,1414,1366,0,1183,19,169,383.75,0,4,nnknn,1914,nnknn,2000,"[939, 975]",0.0,0.0033139411825686693,0.01909022033214569
130031,4,1620,42.75833511352539,-0.07036987692117691,-0.06662464141845703,42.828704833984375,42.4382438659668,0.8379746675491333,59.558929443359375,True,0.37452322244644165,0.4212786555290222,0.05000000074505806,0.05000000074505806,0.05000000074505806,2.0887482605758123e-05,1.0,5.507107734680176,-0.0043389745987951756,63.99003219604492,nnknn_target_value_model,0,0,1449,3,1264,1449,1564,1600,0,10,56,405.0,0,4,nnknn,2000,nnknn,1964,"[973, 1027]",0.0,0.0031684180721640587,0.018851544708013535
