global_step,episodes,samples,loss,actor_loss,policy_loss,critic_optimization_mse,critic_train_mse,critic_train_explained_variance,critic_train_value_mean,critic_train_diagnostics_computed,entropy,behavior_entropy,mean_behavior_epsilon,min_behavior_epsilon,max_behavior_epsilon,bias_loss,mean_reward,mean_advantage,mean_normalized_advantage,value_target_mean,bootstrap_value_source,partial_rollout_segments,partial_rollout_samples,actor_cases_added,actor_cases_pruned,actor_cases_replaced,actor_positive_advantage_samples,critic_cases_added,critic_cases_pruned,critic_cases_replaced,critic_label_updates,critic_label_update_samples,mean_episode_return,reward_varying_episodes,reward_checked_episodes,actor_type,case_entries,critic_type,critic_case_entries,action_counts,bias_min,bias_mean,bias_max
24,4,24,-0.010986123234033585,-0.010986123234033585,-0.0,0.0,,,,False,1.0986123085021973,1.0986123085021973,1.0,1.0,1.0,0.0,0.0,0.0,0.0,0.0,nnknn_target_value_model,0,0,0,0,0,0,24,0,0,0,0,0.0,0,4,nnknn,0,nnknn,24,"[0, 0, 0]",,,
78,4,54,0.3453889489173889,-0.010986171662807465,-4.856674706843478e-08,0.356375128030777,,,,False,1.0986123085021973,1.0986123085021973,1.0,1.0,1.0,0.0,0.0555555559694767,0.4581994116306305,-4.4151590827823384e-08,0.4581994116306305,nnknn_target_value_model,0,0,33,0,0,33,42,0,0,13,12,0.75,3,4,nnknn,33,nnknn,66,"[10, 10, 13]",0.0,0.0,0.0
102,4,24,0.06916771829128265,-0.009435576386749744,-1.994768899749033e-05,0.07860329747200012,0.07829280197620392,-31.144412994384766,0.2691051661968231,True,0.941562831401825,1.0986121892929077,0.9988664388656616,0.998720645904541,0.9990119934082031,0.0,0.0,-0.20260481536388397,5.960464477539063e-08,0.036036595702171326,nnknn_target_value_model,0,0,7,0,0,7,19,0,0,3,5,0.0,0,4,nnknn,40,nnknn,85,"[12, 12, 16]",-0.000499978952575475,7.492867734981701e-05,0.0004999743541702628
136,4,34,0.14998380839824677,-0.009361118078231812,-0.00015064197941683233,0.15934492647647858,,,,False,0.9210476279258728,1.0986119508743286,0.9984990358352661,0.9982900023460388,0.9987080097198486,1.9976255316578317e-07,0.029411764815449715,0.13014285266399384,-1.051846698629788e-08,0.2811782956123352,nnknn_target_value_model,0,0,15,0,0,15,22,0,0,10,12,0.25,1,4,nnknn,55,nnknn,107,"[14, 19, 22]",-0.001000434858724475,4.141793033340946e-05,0.0009996090084314346
202,4,66,0.37557220458984375,-0.009164996445178986,2.947901339211967e-05,0.38473719358444214,0.35032162070274353,0.09887224435806274,0.24821461737155914,True,0.9194476008415222,1.09861159324646,0.9978656768798828,0.9974539875984192,0.9982773065567017,4.1978992726399156e-07,0.06060606241226196,0.44643455743789673,-1.9868215517249155e-08,0.6287069916725159,nnknn_target_value_model,0,0,44,0,0,44,54,0,0,10,12,1.0,3,4,nnknn,99,nnknn,161,"[26, 37, 36]",-0.0014748383546248078,-1.4075468243390787e-05,0.0014794778544455767
226,4,24,0.05510541424155235,-0.009584871120750904,-0.0003428856725804508,0.06469028443098068,,,,False,0.9241985082626343,1.0986111164093018,0.9972957372665405,0.9971500039100647,0.9974413514137268,4.595594873535447e-07,0.0,-0.18979644775390625,1.390775139498146e-07,0.030895685777068138,nnknn_target_value_model,0,0,0,0,0,0,10,0,0,8,14,0.0,0,4,nnknn,99,nnknn,171,"[26, 37, 36]",-0.00190559565089643,-3.693230974022299e-05,0.0018892815569415689
250,4,24,0.04008084535598755,-0.009536937810480595,-4.905710738967173e-05,0.04961778223514557,,,,False,0.948788046836853,1.0986109972000122,0.9969916343688965,0.9968460202217102,0.9971373081207275,7.801966717124742e-07,0.0,-0.14290954172611237,-3.476937848745365e-08,0.022184109315276146,nnknn_target_value_model,0,0,1,0,0,1,9,0,0,17,15,0.0,0,4,nnknn,100,nnknn,180,"[27, 37, 36]",-0.0023272063117474318,-6.437290721805766e-05,0.002268446609377861
294,4,44,0.14126135408878326,-0.010334723629057407,-0.0007059953641146421,0.1515960842370987,0.1458497792482376,0.31466442346572876,0.3046438694000244,True,0.9628728032112122,1.0986108779907227,0.9965609908103943,0.9962886571884155,0.996833324432373,1.1937186172872316e-06,0.04545454680919647,0.1960103064775467,3.2511625391862253e-08,0.4428740441799164,nnknn_target_value_model,0,0,23,0,0,23,19,0,0,29,25,0.5,2,4,nnknn,123,nnknn,199,"[38, 44, 41]",-0.0027161117177456617,-6.959387246752158e-05,0.0026297857984900475
340,4,46,0.2793959677219391,-0.00991866271942854,-0.0006536504370160401,0.2893146276473999,,,,False,0.9265012741088867,1.0986098051071167,0.9959909319877625,0.9957060217857361,0.9962760210037231,1.3963996252641664e-06,0.043478261679410934,0.29094135761260986,1.036602537141107e-08,0.5437474846839905,nnknn_target_value_model,0,0,22,0,0,22,25,0,0,24,21,0.5,1,4,nnknn,145,nnknn,224,"[47, 49, 49]",-0.0031152614392340183,-8.043736306717619e-05,0.0029276523273438215
364,4,24,0.07052095979452133,-0.008921085856854916,1.7841657609096728e-05,0.07944204658269882,0.07844017446041107,-65.47197723388672,0.26500964164733887,True,0.893892765045166,1.0986080169677734,0.9955476522445679,0.9954019784927368,0.9956933259963989,1.5880452792771393e-06,0.0,-0.14769738912582397,2.9802322387695312e-08,0.01857026293873787,nnknn_target_value_model,0,0,0,0,0,0,7,0,0,9,17,0.0,0,4,nnknn,145,nnknn,231,"[47, 49, 49]",-0.003303206292912364,-0.00010601771646179259,0.003230645786970854
428,4,64,0.2922256290912628,-0.009583727456629276,0.00017280131578445435,0.3018093705177307,,,,False,0.9756528735160828,1.0986093282699585,0.994990348815918,0.9945913553237915,0.9953893423080444,2.0647096334869275e-06,0.0625,0.33700504899024963,-3.725290298461914e-08,0.7002652287483215,nnknn_target_value_model,0,0,43,0,0,43,49,0,0,9,15,1.0,3,4,nnknn,188,nnknn,280,"[70, 60, 58]",-0.003477555699646473,-0.00011261746112722903,0.0034812854137271643
452,4,24,0.06010418012738228,-0.009392443113029003,-0.00018218159675598145,0.06949662417173386,,,,False,0.9210261702537537,1.098606824874878,0.9944329261779785,0.9942873120307922,0.9945786595344543,2.024154355240171e-06,0.0,-0.15580202639102936,1.9868215517249155e-08,0.020965125411748886,nnknn_target_value_model,0,0,1,0,0,1,9,0,0,16,15,0.0,0,4,nnknn,189,nnknn,289,"[70, 61, 58]",-0.0037920891772955656,-0.0001480867649661377,0.0037605639081448317
486,4,34,0.09508219361305237,-0.009189306758344173,0.00039152713725343347,0.10427150130271912,0.1034405380487442,0.4904545545578003,0.39490312337875366,True,0.95808345079422,1.0986074209213257,0.9940657019615173,0.99385666847229,0.9942746758460999,2.5171593733830377e-06,0.029411764815449715,-0.017360340803861618,-8.76538930327797e-09,0.3348104655742645,nnknn_target_value_model,0,0,10,0,0,10,17,0,0,14,17,0.25,1,4,nnknn,199,nnknn,306,"[76, 62, 61]",-0.004159822128713131,-0.00017297602607868612,0.0040397788397967815
520,4,34,0.10138627141714096,-0.00925490539520979,-0.0004472066357266158,0.11064117401838303,,,,False,0.8807699680328369,1.098603367805481,0.9936350584030151,0.9934260249137878,0.9938439726829529,2.897921376643353e-06,0.029411764815449715,0.07032672315835953,-2.4543089338635582e-08,0.3068315386772156,nnknn_target_value_model,0,0,10,0,0,10,10,0,0,22,24,0.25,1,4,nnknn,209,nnknn,316,"[79, 67, 63]",-0.004490454215556383,-0.00019903200154658407,0.004326817113906145
574,4,54,0.1537821888923645,-0.010201122611761093,-0.0009042687015607953,0.1639833152294159,0.16197288036346436,0.2913174033164978,0.4358714818954468,True,0.9296854138374329,1.0986042022705078,0.9930776953697205,0.9927420020103455,0.9934133291244507,3.3031049042619998e-06,0.0555555559694767,0.18790602684020996,-3.311369312086754e-08,0.5784403085708618,nnknn_target_value_model,0,0,32,0,0,32,23,0,0,28,31,0.75,3,4,nnknn,241,nnknn,339,"[89, 80, 72]",-0.004793815314769745,-0.000207453515031375,0.004648381844162941
640,4,66,0.4161681830883026,-0.00972573272883892,7.487156108254567e-05,0.4258939027786255,,,,False,0.9800605177879333,1.098605751991272,0.9923176765441895,0.9919059872627258,0.9927293062210083,3.3578480724827386e-06,0.06060606241226196,0.4297330677509308,-5.870154495823954e-08,0.8155999779701233,nnknn_target_value_model,0,0,43,0,0,43,35,0,0,39,31,1.0,2,4,nnknn,284,nnknn,374,"[108, 90, 86]",-0.005092993378639221,-0.000223712224396877,0.005019570235162973
704,4,64,0.3359486758708954,-0.010686018504202366,-0.0006377901881933212,0.3466346859931946,,,,False,1.004822850227356,1.0986061096191406,0.9914942979812622,0.9910953044891357,0.9918933510780334,3.3100009204645175e-06,0.0625,0.36041003465652466,1.862645149230957e-08,0.8308464288711548,nnknn_target_value_model,0,0,41,0,0,41,35,0,0,35,29,1.0,2,4,nnknn,325,nnknn,409,"[121, 102, 102]",-0.005363735370337963,-0.0002281307679368183,0.005369414575397968
728,4,24,0.07239563018083572,-0.008418085053563118,0.0010758638381958008,0.08081371337175369,0.0838310718536377,-156.72901916503906,0.24028241634368896,True,0.9493948817253113,1.0986015796661377,0.9909369945526123,0.9907913208007812,0.9910826683044434,3.308796067358344e-06,0.0,-0.133077472448349,1.5894572413799324e-07,0.015457287430763245,nnknn_target_value_model,0,0,0,0,0,0,7,0,0,22,17,0.0,0,4,nnknn,325,nnknn,416,"[121, 102, 102]",-0.005609089508652687,-0.0002555195533204824,0.005674962420016527
762,4,34,0.1399184614419937,-0.011496622115373611,-0.0016245911829173565,0.15141507983207703,,,,False,0.987203061580658,1.098602533340454,0.9905696511268616,0.990360677242279,0.9907786846160889,3.7596109905280173e-06,0.029411764815449715,-0.03829627484083176,1.4024622352337701e-08,0.33844688534736633,nnknn_target_value_model,0,0,11,0,0,11,12,0,0,18,22,0.25,1,4,nnknn,336,nnknn,428,"[124, 106, 106]",-0.005831691436469555,-0.0002778343332465738,0.005957517307251692
806,4,44,0.1369740217924118,-0.009493648074567318,1.7661939637036994e-05,0.1464676707983017,0.14402145147323608,0.359167218208313,0.5242198705673218,True,0.9511309862136841,1.0985996723175049,0.9900756478309631,0.9898033142089844,0.9903479814529419,4.082822670170572e-06,0.04545454680919647,0.08807408064603806,-2.438371993207511e-08,0.4902908205986023,nnknn_target_value_model,0,0,20,0,0,20,16,0,0,28,28,0.5,2,4,nnknn,356,nnknn,444,"[134, 111, 111]",-0.006033840589225292,-0.0002817006316035986,0.006195251829922199
840,4,34,0.13336943089962006,-0.009774436242878437,-0.0003889378276653588,0.14314386248588562,,,,False,0.938549816608429,1.0985968112945557,0.9895816445350647,0.9893726706504822,0.989790678024292,4.265799816494109e-06,0.029411764815449715,-0.020839281380176544,-2.4543089338635582e-08,0.33961039781570435,nnknn_target_value_model,0,0,11,0,0,11,10,0,0,31,24,0.25,1,4,nnknn,367,nnknn,454,"[137, 114, 116]",-0.006217556074261665,-0.00029675455880351365,0.006430786568671465
874,4,34,0.10241016000509262,-0.010496885515749454,-0.0009541125618852675,0.1129070445895195,,,,False,0.9542772769927979,1.0985959768295288,0.9891510009765625,0.98894202709198,0.989359974861145,4.565206381812459e-06,0.029411764815449715,-0.004011317156255245,-7.0123111761688506e-09,0.3196451961994171,nnknn_target_value_model,0,0,9,0,0,9,11,0,0,28,23,0.25,1,4,nnknn,376,nnknn,465,"[139, 116, 121]",-0.006384622305631638,-0.0003127753734588623,0.006644981447607279
908,4,34,0.1028377041220665,-0.010374867357313633,-0.001025424338877201,0.11321257054805756,0.11382438987493515,0.4113895297050476,0.38740310072898865,True,0.9349443912506104,1.0985935926437378,0.9887204170227051,0.988511323928833,0.9889293313026428,4.907374659524066e-06,0.029411764815449715,-0.012693667784333229,-7.0123111761688506e-09,0.3143784999847412,nnknn_target_value_model,0,0,10,0,0,10,3,0,0,35,31,0.25,1,4,nnknn,386,nnknn,468,"[145, 116, 125]",-0.006536623928695917,-0.0003257150237914175,0.006796381901949644
952,4,44,0.23312634229660034,-0.011717739515006542,-0.001987939700484276,0.24484407901763916,,,,False,0.9729800820350647,1.0985971689224243,0.9882264137268066,0.9879540205001831,0.9884986877441406,5.231839622865664e-06,0.04545454680919647,0.20175838470458984,-1.0837208463954084e-08,0.6247833967208862,nnknn_target_value_model,0,0,21,0,0,21,17,0,0,35,27,0.5,1,4,nnknn,407,nnknn,485,"[155, 123, 129]",-0.006674973759800196,-0.0003280992968939245,0.00702736247330904
976,4,24,0.09810009598731995,-0.008743724785745144,0.000220288842683658,0.10684382170438766,0.10340002179145813,-42.838199615478516,0.30941805243492126,True,0.8964014053344727,1.0985840559005737,0.9877957105636597,0.9876499772071838,0.987941324710846,5.400624559115386e-06,0.0,-0.2596799433231354,-2.4835269840650653e-08,0.0402655303478241,nnknn_target_value_model,0,0,0,0,0,0,5,0,0,28,19,0.0,0,4,nnknn,407,nnknn,490,"[155, 123, 129]",-0.006800937466323376,-0.0003511291870381683,0.007319308817386627
1000,4,24,0.07773347944021225,-0.009483595378696918,-0.0008342067594639957,0.08721707761287689,,,,False,0.8649389743804932,1.0985772609710693,0.9874916076660156,0.9873459935188293,0.9876373410224915,5.8473460740060546e-06,0.0,-0.22105735540390015,5.960464477539063e-08,0.029998138546943665,nnknn_target_value_model,0,0,0,0,0,0,1,0,0,29,23,0.0,0,4,nnknn,407,nnknn,491,"[155, 123, 129]",-0.006915650330483913,-0.0003710546880029142,0.007574049290269613
1024,4,24,0.05911508947610855,-0.010793141089379787,-0.0009971361141651869,0.06990823149681091,,,,False,0.9796006083488464,1.0985945463180542,0.9871877431869507,0.9870420098304749,0.987333357334137,4.956484644935699e-06,0.0,-0.21209359169006348,5.4637592228345966e-08,0.02838907763361931,nnknn_target_value_model,0,0,0,0,0,0,1,0,0,28,23,0.0,0,4,nnknn,386,nnknn,467,"[147, 117, 122]",-0.00496255699545145,-9.057357965502888e-05,0.007554873824119568
1068,4,44,0.18881139159202576,-0.00958238635212183,-0.00012342225818429142,0.198393777012825,0.19231633841991425,0.19021642208099365,0.38303956389427185,True,0.9458964467048645,1.0985876321792603,0.9867570400238037,0.9864846467971802,0.9870293140411377,4.888856437901268e-06,0.04545454680919647,0.08696657419204712,8.127906347965563e-09,0.4922511577606201,nnknn_target_value_model,0,0,19,0,0,19,9,0,0,40,35,0.5,2,4,nnknn,405,nnknn,476,"[155, 121, 129]",-0.0052973744459450245,-9.164185757981613e-05,0.007997622713446617
1102,4,34,0.11467794328927994,-0.01149106677621603,-0.0026276707649230957,0.12616901099681854,,,,False,0.8863397240638733,1.0985746383666992,0.9862630367279053,0.986054003238678,0.9864720106124878,4.7884964260447305e-06,0.029411764815449715,-0.014829663559794426,-7.0123111761688506e-09,0.33424535393714905,nnknn_target_value_model,0,0,9,0,0,9,3,0,0,38,31,0.25,1,4,nnknn,414,nnknn,479,"[157, 124, 133]",-0.005556127522140741,-9.943971963366494e-05,0.00839909166097641
1158,4,56,0.42061930894851685,-0.012109327130019665,-0.0026279794983565807,0.43272864818573,0.432733416557312,0.49871957302093506,0.4544859528541565,True,0.9481348991394043,1.0985841751098633,0.985693097114563,0.985344648361206,0.9860413074493408,4.95296080771368e-06,0.0535714328289032,0.39008787274360657,-2.8737954238522434e-08,0.8202501535415649,nnknn_target_value_model,0,0,28,0,0,28,15,0,0,57,41,0.75,1,4,nnknn,442,nnknn,494,"[169, 133, 140]",-0.005750259850174189,-0.00010836601722985506,0.008297326974570751
1204,4,46,0.23327994346618652,-0.00948896910995245,-0.0001695194951025769,0.24276891350746155,,,,False,0.9319450855255127,1.0985785722732544,0.9850470423698425,0.9847620129585266,0.9853320121765137,4.928201178699965e-06,0.043478261679410934,0.17110055685043335,-4.535136000072271e-08,0.6113728880882263,nnknn_target_value_model,0,0,22,0,0,22,19,25,0,42,27,0.5,1,4,nnknn,464,nnknn,488,"[177, 139, 148]",-0.0059220194816589355,-0.00012666523980442435,0.008694949559867382
1248,4,44,0.23336365818977356,-0.009458871558308601,-0.00033026799792423844,0.242822527885437,,,,False,0.9128603935241699,1.0985724925994873,0.9844770431518555,0.9842046499252319,0.9847493171691895,5.045658781455131e-06,0.04545454680919647,0.2107977718114853,-3.115697566613562e-08,0.6196519136428833,nnknn_target_value_model,0,0,19,0,0,19,10,0,0,54,34,0.5,1,4,nnknn,483,nnknn,498,"[185, 145, 153]",-0.006063623819500208,-0.0001360593014396727,0.008898316882550716
1294,4,46,0.2735922634601593,-0.010725193656980991,-0.0016906417440623045,0.2843174636363983,0.2820448577404022,0.36858439445495605,0.39251700043678284,True,0.9034552574157715,1.0985695123672485,0.9839069843292236,0.9836220145225525,0.9841920137405396,5.141353994986275e-06,0.043478261679410934,0.22710274159908295,-5.183012685705535e-09,0.5802809596061707,nnknn_target_value_model,0,0,20,25,0,20,16,25,0,43,30,0.5,1,4,nnknn,478,nnknn,489,"[180, 142, 156]",-0.0036015394143760204,8.855498163029552e-05,0.009198801591992378
1338,4,44,0.1239996999502182,-0.010541573166847229,-0.0011512312339618802,0.13454127311706543,,,,False,0.9390342235565186,1.0985727310180664,0.9833369851112366,0.9830646514892578,0.9836093187332153,4.311738848628011e-06,0.04545454680919647,0.10038787871599197,2.709302115988521e-09,0.4839887320995331,nnknn_target_value_model,0,0,18,0,0,18,10,0,0,31,34,0.5,2,4,nnknn,496,nnknn,499,"[184, 148, 164]",-0.0036546322517096996,9.66205116128549e-05,0.009059841744601727
1382,4,44,0.11360029131174088,-0.010873173363506794,-0.0016967086121439934,0.1244734674692154,0.1230231449007988,0.4707184433937073,0.5093600749969482,True,0.9176465272903442,1.0985653400421143,0.9827796816825867,0.9825073480606079,0.9830520153045654,4.156039722147398e-06,0.04545454680919647,0.08210363239049911,-1.0837208463954084e-08,0.49501779675483704,nnknn_target_value_model,0,0,16,25,0,16,8,25,0,48,36,0.5,2,4,nnknn,487,nnknn,482,"[185, 140, 162]",-0.002946001710370183,0.00027433971990831196,0.00943175982683897
1448,4,66,0.24364247918128967,-0.012026878073811531,-0.0027062641456723213,0.25566935539245605,,,,False,0.9320614337921143,1.0985636711120605,0.9820829629898071,0.9816713333129883,0.9824946522712708,3.8201706047402695e-06,0.06060606241226196,0.2637893259525299,-3.612402821318028e-08,0.7355422973632812,nnknn_target_value_model,0,0,35,25,0,35,32,25,0,47,34,1.0,3,4,nnknn,497,nnknn,489,"[187, 142, 168]",-0.0022037720773369074,0.00037110858829692006,0.00993161741644144
1492,4,44,0.2617892324924469,-0.011204792186617851,-0.0024217055179178715,0.2729940116405487,,,,False,0.8783085942268372,1.0985467433929443,0.9813863039016724,0.9811139702796936,0.9816586375236511,3.387129709153669e-06,0.04545454680919647,0.2032908797264099,-1.7610464198014597e-08,0.6163761019706726,nnknn_target_value_model,0,0,17,25,0,17,12,25,0,44,32,0.5,1,4,nnknn,489,nnknn,476,"[184, 139, 166]",-0.001816085772588849,0.0004884841619059443,0.010431528091430664
1526,4,34,0.1401577591896057,-0.01031575072556734,-0.0019606072455644608,0.15047350525856018,0.14228256046772003,0.37921077013015747,0.4493495523929596,True,0.8355143666267395,1.0985242128372192,0.9808924198150635,0.9806833267211914,0.9811013340950012,3.3734045246092137e-06,0.029411764815449715,-0.014127337373793125,-1.753077860655594e-08,0.33443716168403625,nnknn_target_value_model,0,0,8,0,0,8,7,0,0,39,27,0.25,1,4,nnknn,497,nnknn,483,"[186, 141, 170]",-0.0018628379330039024,0.00047019298654049635,0.009931627660989761
1570,4,44,0.11132162809371948,-0.010775823146104813,-0.001733240787871182,0.1220974549651146,,,,False,0.9042582511901855,1.0985442399978638,0.9803983569145203,0.9801260232925415,0.980670690536499,3.384310957699199e-06,0.04545454680919647,0.07964839786291122,8.127906347965563e-09,0.485048770904541,nnknn_target_value_model,0,0,16,25,0,16,6,0,0,57,38,0.5,2,4,nnknn,488,nnknn,489,"[177, 143, 168]",-0.0014994440134614706,0.0005693376297131181,0.009434584528207779
1604,4,34,0.06164815276861191,-0.012823767028748989,-0.003454923629760742,0.07447192072868347,0.07422158122062683,0.6782738566398621,0.41247811913490295,True,0.9368844032287598,1.0985522270202637,0.9799044132232666,0.9796953201293945,0.9801133275032043,3.528629349602852e-06,0.029411764815449715,-0.00912485271692276,3.5061555880844253e-09,0.32672765851020813,nnknn_target_value_model,0,0,7,0,0,7,3,0,0,49,31,0.25,1,4,nnknn,495,nnknn,492,"[179, 145, 171]",-0.001834514201618731,0.0005735518061555922,0.0099345613270998
1670,4,66,0.22807040810585022,-0.010263035073876381,-0.0010125926928594708,0.23833344876766205,,,,False,0.9250442981719971,1.0985463857650757,0.9792710542678833,0.9788593053817749,0.9796826839447021,3.429106754992972e-06,0.06060606241226196,0.2706138491630554,-2.8899222570544225e-08,0.7240272164344788,nnknn_target_value_model,0,0,37,50,0,37,22,25,0,53,44,1.0,3,4,nnknn,482,nnknn,489,"[175, 140, 167]",-0.0011461906833574176,0.0007284709136001766,0.010249986313283443
1704,4,34,0.12972179055213928,-0.013175498694181442,-0.00392280425876379,0.14289729297161102,,,,False,0.9252694249153137,1.0985435247421265,0.9786376953125,0.9784286618232727,0.9788466691970825,3.379169584150077e-06,0.029411764815449715,0.02105111815035343,-1.7530777940422126e-09,0.3087194859981537,nnknn_target_value_model,0,0,9,0,0,9,3,0,0,43,31,0.25,1,4,nnknn,491,nnknn,492,"[181, 143, 167]",-0.0013940774369984865,0.0006850982317700982,0.009751060977578163
1758,4,54,0.23614978790283203,-0.0111448485404253,-0.0017178102862089872,0.24729463458061218,0.24297891557216644,0.4094967246055603,0.43528372049331665,True,0.9427038431167603,1.0985454320907593,0.9780803322792053,0.9777446389198303,0.9784160256385803,3.289425649199984e-06,0.0555555559694767,0.2806762754917145,-3.090611144784816e-08,0.656592607498169,nnknn_target_value_model,0,0,30,25,0,30,17,25,0,44,37,0.75,2,4,nnknn,496,nnknn,484,"[190, 139, 167]",-0.0010514912428334355,0.000735073524992913,0.009924608282744884
1792,4,34,0.10623832046985626,-0.011089540086686611,-0.002643660642206669,0.11732786148786545,,,,False,0.8445879220962524,1.0985040664672852,0.9775229096412659,0.9773139953613281,0.9777320027351379,3.3519875159981893e-06,0.029411764815449715,0.004591421224176884,1.2271544669317791e-08,0.31328675150871277,nnknn_target_value_model,0,0,9,25,0,9,4,0,0,37,30,0.25,1,4,nnknn,480,nnknn,488,"[186, 131, 163]",-0.0008908297750167549,0.0007816487923264503,0.010424476116895676
1836,4,44,0.09645786881446838,-0.010226840153336525,-0.0014216440031304955,0.10668470710515976,0.10447973012924194,0.5038338899612427,0.4764055013656616,True,0.8805195689201355,1.098511815071106,0.977029025554657,0.9767566919326782,0.9773013591766357,3.4204788335046032e-06,0.04545454680919647,0.08869501948356628,5.418604231977042e-09,0.4788965880870819,nnknn_target_value_model,0,0,19,0,0,19,6,0,0,54,38,0.5,2,4,nnknn,499,nnknn,494,"[194, 137, 168]",-0.0013885070802643895,0.0007638041279278696,0.010924347676336765
1870,4,34,0.09910815954208374,-0.010483145713806152,-0.0015790251782163978,0.10959130525588989,,,,False,0.8904121518135071,1.0985071659088135,0.976534903049469,0.9763259887695312,0.9767439961433411,3.36317361870897e-06,0.029411764815449715,0.04418899118900299,1.577770092353603e-08,0.3158237338066101,nnknn_target_value_model,0,0,9,25,0,9,6,0,0,29,28,0.25,1,4,nnknn,483,nnknn,500,"[193, 132, 158]",-0.0010847952216863632,0.0008513496723026037,0.011259213089942932
1914,4,44,0.12322555482387543,-0.010943938046693802,-0.0019444281933829188,0.13416948914527893,,,,False,0.8999509811401367,1.0985122919082642,0.9760410189628601,0.9757686853408813,0.9763133525848389,3.5688956359081203e-06,0.04545454680919647,0.09871244430541992,-1.3546510579942606e-08,0.48360905051231384,nnknn_target_value_model,0,0,18,25,0,18,8,25,0,50,36,0.5,2,4,nnknn,476,nnknn,483,"[188, 131, 157]",-0.0008295205188915133,0.0009293542825616896,0.010759261436760426
1958,4,44,0.07024206966161728,-0.009007210843265057,-0.0005151521181687713,0.07924927771091461,0.07856140285730362,0.6328483819961548,0.4070925712585449,True,0.8492059111595154,1.0984817743301392,0.9754836559295654,0.9752113223075867,0.9757559895515442,3.6143358101980994e-06,0.04545454680919647,0.14295953512191772,-8.127906347965563e-09,0.46305978298187256,nnknn_target_value_model,0,0,19,0,0,19,3,0,0,45,41,0.5,2,4,nnknn,495,nnknn,486,"[194, 137, 164]",-0.0013213683851063251,0.0008968865149654448,0.010259292088449001
1982,4,24,0.06799006462097168,-0.016112830489873886,-0.008025388233363628,0.08410289883613586,,,,False,0.8087441325187683,1.0984599590301514,0.9750530123710632,0.9749073386192322,0.9751986861228943,3.6086473755858606e-06,0.0,-0.16642044484615326,9.934107936260261e-08,0.021572932600975037,nnknn_target_value_model,0,0,0,0,0,0,3,0,0,35,21,0.0,0,4,nnknn,495,nnknn,489,"[194, 137, 164]",-0.0016766117187216878,0.0008948264876380563,0.009894990362226963
2028,4,46,0.2771854102611542,-0.009995725005865097,-0.0010010147234424949,0.28718113899230957,0.2851772904396057,0.36318254470825195,0.3710194230079651,True,0.89947110414505,1.0985033512115479,0.9746097326278687,0.974324643611908,0.974894642829895,3.820670826826245e-06,0.043478261679410934,0.22015783190727234,2.5915063428527674e-09,0.57305508852005,nnknn_target_value_model,0,0,18,25,0,18,14,25,0,47,32,0.5,1,4,nnknn,488,nnknn,478,"[192, 139, 157]",-0.0011057441588491201,0.0009877006523311138,0.009469917975366116
2062,4,34,0.12420298159122467,-0.006636989768594503,0.0017012252938002348,0.1308399736881256,,,,False,0.8338215947151184,1.0984538793563843,0.9741029143333435,0.9738940000534058,0.9743120074272156,4.156069280725205e-06,0.029411764815449715,0.012741126120090485,-5.25923349314894e-09,0.3123953640460968,nnknn_target_value_model,0,0,9,0,0,9,5,0,0,42,29,0.25,1,4,nnknn,472,nnknn,459,"[184, 133, 155]",-0.0011034103808924556,0.0010380155872553587,0.009073077701032162
2138,4,76,0.32098209857940674,-0.011104884557425976,-0.002091367030516267,0.332086980342865,,,,False,0.9013517498970032,1.0984828472137451,0.9734062552452087,0.9729313254356384,0.9738813042640686,4.0579861888545565e-06,0.06578947603702545,0.39897090196609497,-6.274173180997877e-09,0.8041236400604248,nnknn_target_value_model,0,0,52,25,0,52,31,0,0,60,45,1.25,3,4,nnknn,499,nnknn,490,"[194, 138, 167]",-0.0008343470981344581,0.0010200488613918424,0.009087702259421349
2192,4,54,0.14604632556438446,-0.008315547369420528,0.0007562460959888995,0.15436187386512756,0.1534522920846939,0.35768795013427734,0.4233238101005554,True,0.9071793556213379,1.098480224609375,0.9725830554962158,0.9722473621368408,0.972918689250946,3.909804945578799e-06,0.0555555559694767,0.17861098051071167,4.4151589051466544e-09,0.572874128818512,nnknn_target_value_model,0,0,26,25,0,26,7,0,0,61,47,0.75,3,4,nnknn,500,nnknn,497,"[194, 138, 168]",-0.0006975814467296004,0.001066287630237639,0.009587648324668407
2216,4,24,0.11469626426696777,-0.012899310328066349,-0.003949682228267193,0.12759557366371155,,,,False,0.8949627876281738,1.0984686613082886,0.9720889925956726,0.9719433188438416,0.9722346663475037,3.97135409002658e-06,0.0,-0.18295268714427948,-8.940696716308594e-08,0.02314995974302292,nnknn_target_value_model,0,0,0,0,0,0,0,0,0,38,24,0.0,0,4,nnknn,500,nnknn,497,"[194, 138, 168]",-0.0010929249692708254,0.0010382969630882144,0.009087696671485901
2260,4,44,0.25201624631881714,-0.006452351342886686,0.0023124164436012506,0.2584685981273651,0.25859951972961426,0.411246657371521,0.45775097608566284,True,0.8764768242835999,1.0984525680541992,0.9716582894325256,0.9713860154151917,0.9719306826591492,3.847473180940142e-06,0.04545454680919647,0.20922648906707764,-9.482556961870614e-09,0.5990815162658691,nnknn_target_value_model,0,0,20,25,0,20,13,25,0,43,31,0.5,1,4,nnknn,495,nnknn,485,"[201, 130, 164]",-0.0006915797130204737,0.0010473018046468496,0.009256509132683277
2314,4,54,0.11687681078910828,-0.008993667550384998,0.00014561193529516459,0.125870481133461,,,,False,0.9139280319213867,1.0984658002853394,0.9710376858711243,0.9707019925117493,0.9713733196258545,3.9223664316523355e-06,0.0555555559694767,0.14636433124542236,1.1037897706955846e-08,0.5821079015731812,nnknn_target_value_model,0,0,24,25,0,24,9,0,0,52,45,0.75,3,4,nnknn,494,nnknn,494,"[202, 127, 165]",-0.0006417021504603326,0.0010887637035921216,0.009553005918860435
2348,4,34,0.1008647233247757,-0.008300893940031528,0.0005344748497009277,0.10916561633348465,,,,False,0.8835368752479553,1.0984420776367188,0.9704803228378296,0.9702713489532471,0.9706893563270569,3.890470452461159e-06,0.029411764815449715,-0.018502697348594666,2.9802322387695312e-08,0.31774547696113586,nnknn_target_value_model,0,0,8,25,0,8,3,0,0,41,31,0.25,1,4,nnknn,477,nnknn,497,"[194, 120, 163]",-0.0005583391175605357,0.0011410985607653856,0.010049739852547646
2392,4,44,0.11247561126947403,-0.01045185886323452,-0.0014848790597170591,0.1229274719953537,0.12256599962711334,0.42467451095581055,0.45135828852653503,True,0.896697998046875,1.0984443426132202,0.9699864387512207,0.9697139859199524,0.9702586531639099,4.013033503724728e-06,0.04545454680919647,0.1122579574584961,2.167441692790817e-08,0.47025516629219055,nnknn_target_value_model,0,0,17,0,0,17,8,25,0,40,36,0.5,2,4,nnknn,494,nnknn,480,"[198, 128, 168]",-0.0009995977161452174,0.0011042965343222022,0.009761844761669636
2426,4,34,0.11584045737981796,-0.01083667017519474,-0.0016981293447315693,0.12667712569236755,,,,False,0.9138541221618652,1.0984491109848022,0.9694923162460327,0.9692833423614502,0.96970134973526,4.101189460925525e-06,0.029411764815449715,0.013773323968052864,-1.051846698629788e-08,0.31079337000846863,nnknn_target_value_model,0,0,7,25,0,7,7,0,0,44,27,0.25,1,4,nnknn,476,nnknn,487,"[184, 125, 167]",-0.0007761269807815552,0.001207082998007536,0.01020702626556158
2460,4,34,0.10574254393577576,-0.010767320170998573,-0.0012841048883274198,0.11650986224412918,0.11544489115476608,0.4653993248939514,0.42372962832450867,True,0.948321521282196,1.098487138748169,0.9690616726875305,0.9688526391983032,0.969270646572113,4.508070560405031e-06,0.029411764815449715,0.0002653712872415781,1.051846698629788e-08,0.32674771547317505,nnknn_target_value_model,0,0,11,0,0,11,10,0,0,34,24,0.25,1,4,nnknn,487,nnknn,497,"[187, 128, 172]",-0.0012341756373643875,0.0011805021204054356,0.010706835426390171
2494,4,34,0.08860761672258377,-0.011136381886899471,-0.0017820316134020686,0.09974399954080582,,,,False,0.9354349970817566,1.0984688997268677,0.9686310887336731,0.968421995639801,0.9688400030136108,4.50412017016788e-06,0.029411764815449715,-0.010093113407492638,-1.7530777940422126e-09,0.31637516617774963,nnknn_target_value_model,0,0,6,0,0,6,1,0,0,52,33,0.25,1,4,nnknn,493,nnknn,498,"[190, 130, 173]",-0.0015570009127259254,0.0011408579302951694,0.01053420640528202
2538,4,44,0.09266884624958038,-0.014167415909469128,-0.005259281024336815,0.10683625936508179,,,,False,0.8908135294914246,1.0984299182891846,0.9681369662284851,0.9678646922111511,0.9684093594551086,4.5019037315796595e-06,0.04545454680919647,0.10224246233701706,0.0,0.4768408238887787,nnknn_target_value_model,0,0,17,25,0,17,7,25,0,48,37,0.5,2,4,nnknn,485,nnknn,480,"[183, 131, 171]",-0.0010823002085089684,0.0012175798183307052,0.01046903058886528
2592,4,54,0.23211731016635895,-0.013689891435205936,-0.004838846158236265,0.2458072006702423,0.2436673939228058,0.41223299503326416,0.46701711416244507,True,0.8851047158241272,1.0984070301055908,0.967516303062439,0.9671806693077087,0.967851996421814,4.69185897600255e-06,0.0555555559694767,0.2544170618057251,-1.9868215517249155e-08,0.6701508164405823,nnknn_target_value_model,0,0,29,25,0,29,7,0,0,51,47,0.75,2,4,nnknn,489,nnknn,487,"[171, 138, 180]",-0.0006145748193375766,0.0012806277954950929,0.010968991555273533
2616,4,24,0.045402780175209045,-0.013740326277911663,-0.004610717296600342,0.05914310738444328,,,,False,0.9129610061645508,1.098435640335083,0.9670223593711853,0.9668766856193542,0.9671679735183716,4.845803687203443e-06,0.0,-0.13056695461273193,1.1920928955078125e-07,0.010946298949420452,nnknn_target_value_model,0,0,0,0,0,0,0,0,0,36,24,0.0,0,4,nnknn,489,nnknn,487,"[171, 138, 180]",-0.0006993780843913555,0.0012701567029580474,0.010469013825058937
2650,4,34,0.12599891424179077,-0.010151646099984646,-0.001960593042895198,0.1361505538225174,0.1354171186685562,0.3492944836616516,0.4167589247226715,True,0.8191053867340088,1.0983413457870483,0.9666550755500793,0.9664459824562073,0.9668639898300171,4.769185579789337e-06,0.029411764815449715,-0.018035059794783592,-1.4024622352337701e-08,0.32813340425491333,nnknn_target_value_model,0,0,11,0,0,11,5,0,0,38,29,0.25,1,4,nnknn,500,nnknn,492,"[178, 139, 183]",-0.0011281033512204885,0.0012313688639551401,0.010595894418656826
2694,4,44,0.09369754046201706,-0.014105197973549366,-0.00512033561244607,0.10780274122953415,,,,False,0.8984862565994263,1.0984147787094116,0.9661610722541809,0.9658886790275574,0.9664333462715149,4.749640083900886e-06,0.04545454680919647,0.12239963561296463,-8.127906347965563e-09,0.4657278060913086,nnknn_target_value_model,0,0,16,25,0,16,8,0,0,45,36,0.5,2,4,nnknn,491,nnknn,500,"[178, 135, 178]",-0.0007257334655150771,0.0013029056135565042,0.01051651407033205
2718,4,24,0.0491153746843338,-0.007562487851828337,0.0013689100742340088,0.056677863001823425,,,,False,0.8931398391723633,1.0983920097351074,0.9657303690910339,0.9655846953392029,0.9658759832382202,4.958895715390099e-06,0.0,-0.14018473029136658,-1.9868215517249155e-08,0.01338697224855423,nnknn_target_value_model,0,0,0,0,0,0,0,0,0,25,24,0.0,0,4,nnknn,491,nnknn,500,"[178, 135, 178]",-0.0007113771280273795,0.001301653333939612,0.010016540065407753
2742,4,24,0.033574823290109634,-0.006372664589434862,0.0022214949131011963,0.03994748741388321,0.042176660150289536,-48.4223747253418,0.20572185516357422,True,0.8594160079956055,1.0983576774597168,0.9654263257980347,0.9652806520462036,0.9655719995498657,4.928238922730088e-06,0.0,-0.1266809105873108,-9.934107936260261e-08,0.009588576853275299,nnknn_target_value_model,0,0,0,0,0,0,2,25,0,31,22,0.0,0,4,nnknn,491,nnknn,477,"[178, 135, 178]",-0.0011376766487956047,0.0012914444087073207,0.010190700180828571
2830,4,88,0.4497186243534088,-0.011623159982264042,-0.002618540544062853,0.4613417983055115,,,,False,0.9004620313644409,1.0983833074569702,0.9647170305252075,0.964165985584259,0.9652680158615112,4.9758650675357785e-06,0.06818182021379471,0.4775235056877136,2.9802322387695312e-08,0.9003457427024841,nnknn_target_value_model,0,0,62,75,0,62,34,25,0,63,54,1.5,3,4,nnknn,478,nnknn,486,"[167, 133, 178]",-0.00031927425879985094,0.0014098954852670431,0.010399945080280304
2874,4,44,0.09965268522500992,-0.006139447446912527,0.0025024523492902517,0.10579213500022888,0.10656868666410446,0.4994584918022156,0.41594481468200684,True,0.8641901016235352,1.098328709602356,0.9638810157775879,0.9636086821556091,0.9641533493995667,5.166583378013456e-06,0.04545454680919647,0.11510567367076874,-3.115697566613562e-08,0.46623674035072327,nnknn_target_value_model,0,0,17,0,0,17,4,0,0,50,40,0.5,2,4,nnknn,495,nnknn,490,"[173, 136, 186]",-0.000796081789303571,0.0013399887830018997,0.009998227469623089
2928,4,54,0.21543732285499573,-0.01046522706747055,-0.0012583533534780145,0.22590254247188568,,,,False,0.9206874966621399,1.0983901023864746,0.9632603526115417,0.9629246592521667,0.963595986366272,5.006048013456166e-06,0.0555555559694767,0.238238126039505,-1.7660635620586618e-08,0.6844809055328369,nnknn_target_value_model,0,0,24,25,0,24,20,25,0,40,34,0.75,2,4,nnknn,494,nnknn,485,"[172, 134, 188]",-0.0006889960495755076,0.0013636276125907898,0.010370368137955666
2972,4,44,0.0972263365983963,-0.00992836244404316,-0.0007360794697888196,0.10715469717979431,,,,False,0.9192284345626831,1.0983843803405762,0.9626396894454956,0.9623673558235168,0.9629120230674744,5.077614787296625e-06,0.04545454680919647,0.08159931004047394,1.0837208463954084e-08,0.47774654626846313,nnknn_target_value_model,0,0,16,25,0,16,10,0,0,41,34,0.5,2,4,nnknn,485,nnknn,495,"[170, 130, 185]",-0.0006018812418915331,0.0014296991284936666,0.010870265774428844
3028,4,56,0.22058025002479553,-0.009118856862187386,-0.00025606583221815526,0.22969910502433777,0.22555512189865112,0.4034786820411682,0.49555841088294983,True,0.8862791657447815,1.0983375310897827,0.9620063900947571,0.9616580009460449,0.9623546600341797,5.199583938519936e-06,0.0535714328289032,0.24875757098197937,-6.599086077585525e-08,0.659079909324646,nnknn_target_value_model,0,0,28,25,0,28,15,21,0,53,41,0.75,2,4,nnknn,488,nnknn,489,"[169, 129, 190]",-0.0004998475778847933,0.0014766583917662501,0.010370351374149323
3052,4,24,0.15108610689640045,-0.012861818075180054,-0.004962186329066753,0.1639479249715805,,,,False,0.7899632453918457,1.0981988906860352,0.9614996910095215,0.9613540172576904,0.9616453051567078,5.617088845610851e-06,0.0,-0.1915389746427536,1.8874804652568855e-07,0.02099069021642208,nnknn_target_value_model,0,0,0,0,0,0,2,0,0,23,22,0.0,0,4,nnknn,463,nnknn,491,"[157, 125, 181]",-0.000714800669811666,0.0015681945951655507,0.010292443446815014
3076,4,24,0.10477122664451599,-0.021807972341775894,-0.014170597307384014,0.1265791952610016,0.1231381744146347,-29.091127395629883,0.36247485876083374,True,0.7637375593185425,1.0981513261795044,0.9611956477165222,0.9610499739646912,0.9613413214683533,5.581165623880224e-06,0.0,-0.21377140283584595,-2.9802322387695312e-08,0.02952510491013527,nnknn_target_value_model,0,0,0,0,0,0,2,0,0,31,22,0.0,0,4,nnknn,463,nnknn,493,"[157, 125, 181]",-0.0012149285757914186,0.0015557403676211834,0.010702958330512047
3110,4,34,0.0771506130695343,-0.020582254976034164,-0.01192102674394846,0.09773286432027817,,,,False,0.866122841835022,1.0982848405838013,0.9608283638954163,0.960619330406189,0.9610373377799988,5.6121216402971186e-06,0.029411764815449715,-0.026924097910523415,0.0,0.3230852484703064,nnknn_target_value_model,0,0,9,0,0,9,5,0,0,32,29,0.25,1,4,nnknn,472,nnknn,498,"[163, 126, 183]",-0.0017049895832315087,0.0015176433371379972,0.011062943376600742
3144,4,34,0.0917232409119606,-0.009527401067316532,-0.00025683993590064347,0.10125064104795456,,,,False,0.9270562529563904,1.0983527898788452,0.9603976011276245,0.9601886868476868,0.9606066942214966,5.652906111208722e-06,0.029411764815449715,-0.009609547443687916,-3.5061555880844253e-09,0.3115256428718567,nnknn_target_value_model,0,0,8,0,0,8,4,13,0,36,30,0.25,1,4,nnknn,480,nnknn,489,"[165, 127, 188]",-0.002070432296022773,0.0014886445133015513,0.011137749999761581
3198,4,54,0.22661609947681427,-0.015437361784279346,-0.007201649714261293,0.24205346405506134,0.2418615072965622,0.41758984327316284,0.4582228660583496,True,0.8235713839530945,1.098203420639038,0.9598402976989746,0.9595046639442444,0.9601759910583496,5.667625828209566e-06,0.0555555559694767,0.26520836353302,-3.311369312086754e-08,0.6681011319160461,nnknn_target_value_model,0,0,27,25,0,27,20,12,0,40,34,0.75,2,4,nnknn,482,nnknn,497,"[166, 128, 188]",-0.0008011679747141898,0.0015477559063583612,0.011122182942926884
3274,4,76,0.39666610956192017,-0.008260354399681091,0.0004572029283735901,0.40492647886276245,,,,False,0.8717558979988098,1.0982654094696045,0.9590169787406921,0.958541989326477,0.959492027759552,5.787986538052792e-06,0.06578947603702545,0.4066644012928009,1.646970382296331e-08,0.844432532787323,nnknn_target_value_model,0,0,49,50,0,49,27,25,0,58,49,1.25,3,4,nnknn,481,nnknn,499,"[165, 132, 184]",-0.00025874588754959404,0.0016206562286242843,0.011622073128819466
3318,4,44,0.09928341954946518,-0.0107583524659276,-0.0012269020080566406,0.1100417748093605,0.10832115262746811,0.4797007441520691,0.4802193343639374,True,0.9531452059745789,1.0983805656433105,0.9582570195198059,0.9579846858978271,0.9585293531417847,6.031693374097813e-06,0.04545454680919647,0.09515558928251266,-2.709302115988521e-08,0.4725797176361084,nnknn_target_value_model,0,0,19,0,0,19,11,23,0,37,33,0.5,2,4,nnknn,500,nnknn,487,"[168, 142, 190]",-0.0006575053557753563,0.001547264284454286,0.012121862731873989
3364,4,46,0.2675932049751282,-0.00964103452861309,-0.0008460231474600732,0.2772342264652252,,,,False,0.8795012831687927,1.098251223564148,0.9576870799064636,0.9574019908905029,0.95797199010849,5.881550350750331e-06,0.043478261679410934,0.164887472987175,-1.5549037613027394e-08,0.6099675297737122,nnknn_target_value_model,0,0,21,25,0,21,15,19,0,38,31,0.5,1,4,nnknn,496,nnknn,483,"[171, 144, 181]",-0.0003720571403391659,0.0015833446523174644,0.012531919404864311
3420,4,56,0.2077009230852127,-0.012567582540214062,-0.003320657880976796,0.22026850283145905,,,,False,0.9246926307678223,1.0983186960220337,0.9570410251617432,0.9566926956176758,0.9573893547058105,6.049902367522009e-06,0.0535714328289032,0.23725050687789917,-2.55448497910038e-08,0.662112832069397,nnknn_target_value_model,0,0,30,50,0,30,15,0,0,42,41,0.75,2,4,nnknn,476,nnknn,498,"[166, 134, 176]",-0.0001637898531043902,0.0016826505307108164,0.012031982652842999
3454,4,34,0.12434497475624084,-0.01872728392481804,-0.009996541775763035,0.14307226240634918,0.1409730315208435,0.3938255310058594,0.4975569248199463,True,0.8730741143226624,1.0982065200805664,0.9564709663391113,0.9562619924545288,0.9566799998283386,6.3477309595327824e-06,0.029411764815449715,-0.07311005145311356,-3.5061555880844253e-09,0.33606797456741333,nnknn_target_value_model,0,0,9,0,0,9,5,24,0,31,29,0.25,1,4,nnknn,485,nnknn,479,"[168, 135, 182]",-0.0006279392400756478,0.0016571906162425876,0.011533091776072979
3488,4,34,0.12087919563055038,-0.00728319026529789,0.0017824523383751512,0.12816238403320312,,,,False,0.9065643548965454,1.0982937812805176,0.9560403227806091,0.9558313488960266,0.9562493562698364,6.361650775943417e-06,0.029411764815449715,-0.057109713554382324,-7.0123111761688506e-09,0.32718923687934875,nnknn_target_value_model,0,0,7,0,0,7,3,0,0,41,31,0.25,1,4,nnknn,492,nnknn,482,"[171, 136, 185]",-0.0010221329284831882,0.0016146841226145625,0.011141411028802395
3552,4,64,0.1973489671945572,-0.00923083908855915,-0.0001466795802116394,0.2065798044204712,0.2057582437992096,0.46253371238708496,0.5188516974449158,True,0.9084160327911377,1.0982654094696045,0.955419659614563,0.9550206661224365,0.9558186531066895,6.342146662063897e-06,0.0625,0.26262736320495605,2.9802322387695312e-08,0.7311298251152039,nnknn_target_value_model,0,0,35,50,0,35,8,0,0,53,56,1.0,3,4,nnknn,477,nnknn,490,"[164, 123, 190]",-0.00020885694539174438,0.0017312958370894194,0.010827961377799511
3606,4,54,0.08008982241153717,-0.009762969799339771,-0.0007198960520327091,0.08985279500484467,,,,False,0.90430748462677,1.0982483625411987,0.9546723365783691,0.9543366432189941,0.9550079703330994,6.736608156643342e-06,0.0555555559694767,0.15341202914714813,-4.194400915480401e-08,0.5702677965164185,nnknn_target_value_model,0,0,30,25,0,30,4,0,0,51,50,0.75,3,4,nnknn,482,nnknn,494,"[168, 121, 193]",-0.00020996267267037183,0.001744329696521163,0.011166518554091454
3660,4,54,0.09171315282583237,-0.013833004049956799,-0.005434210877865553,0.10554615408182144,,,,False,0.8398794531822205,1.098112940788269,0.953988254070282,0.9536526799201965,0.9543240070343018,6.888233201607363e-06,0.0555555559694767,0.14552055299282074,-6.622738357719982e-09,0.5761223435401917,nnknn_target_value_model,0,0,27,25,0,27,4,0,0,60,50,0.75,3,4,nnknn,484,nnknn,498,"[167, 129, 188]",-0.00031067413510754704,0.0017704864731058478,0.011666449718177319
3704,4,44,0.12729176878929138,-0.009946523234248161,-0.0020341333001852036,0.1372382938861847,0.13731640577316284,0.3880676031112671,0.555378794670105,True,0.7912390828132629,1.0979915857315063,0.9533677101135254,0.9530953168869019,0.9536399841308594,7.011967682046816e-06,0.04545454680919647,0.059022627770900726,8.127906347965563e-09,0.49498048424720764,nnknn_target_value_model,0,0,19,25,0,19,13,25,0,34,31,0.5,2,4,nnknn,478,nnknn,486,"[161, 126, 191]",-0.00025758048286661506,0.0017966796876862645,0.011166471987962723
3760,4,56,0.21658867597579956,-0.007348053157329559,0.0014090740587562323,0.22393672168254852,,,,False,0.8757128715515137,1.098154067993164,0.9527343511581421,0.9523860216140747,0.9530826807022095,7.175829523475841e-06,0.0535714328289032,0.22146740555763245,4.257474817137563e-09,0.6754551529884338,nnknn_target_value_model,0,0,33,25,0,33,28,12,2,35,28,0.75,2,4,nnknn,486,nnknn,500,"[168, 126, 192]",-0.0002483065763954073,0.0017609184142202139,0.010666482150554657
3806,4,46,0.2559526860713959,-0.010011661797761917,-0.0015720803057774901,0.2659643590450287,0.2622147500514984,0.30109745264053345,0.48781806230545044,True,0.84395831823349,1.098077654838562,0.9520884156227112,0.9518033266067505,0.9523733258247375,6.989809662627522e-06,0.043478261679410934,0.17792901396751404,-4.664711283908218e-08,0.5725170969963074,nnknn_target_value_model,0,0,20,25,0,20,17,15,2,28,29,0.5,1,4,nnknn,481,nnknn,500,"[160, 132, 189]",-0.0001857155148172751,0.001786697655916214,0.011166459880769253
3882,4,76,0.23791725933551788,-0.010634508915245533,-0.0018448609625920653,0.24855177104473114,,,,False,0.878964900970459,1.0981355905532837,0.9513157606124878,0.9508406519889832,0.9517906904220581,7.099690265022218e-06,0.06578947603702545,0.35152944922447205,-1.2548346361995755e-08,0.8272615075111389,nnknn_target_value_model,0,0,49,50,0,49,21,25,0,63,55,1.25,3,4,nnknn,480,nnknn,496,"[157, 138, 185]",-9.425963799003512e-05,0.001772355637513101,0.010666542686522007
3926,4,44,0.15822511911392212,-0.004621652886271477,0.003372650360688567,0.16284677386283875,,,,False,0.7994304299354553,1.09796142578125,0.9505557417869568,0.9502833485603333,0.9508280158042908,7.004051894909935e-06,0.04545454680919647,0.007889223285019398,-1.0837208463954084e-08,0.5047245025634766,nnknn_target_value_model,0,0,19,0,0,19,11,15,0,32,33,0.5,2,4,nnknn,499,nnknn,492,"[164, 143, 192]",-0.0005200973246246576,0.0016284787561744452,0.011166499927639961
3960,4,34,0.1450149267911911,-0.016201114282011986,-0.00793550256639719,0.16121603548526764,0.15995049476623535,0.40414655208587646,0.5574742555618286,True,0.8265612125396729,1.098017930984497,0.950061559677124,0.9498526453971863,0.9502706527709961,6.444508017011685e-06,0.029411764815449715,-0.0726199597120285,1.4024622352337701e-08,0.335716187953949,nnknn_target_value_model,0,0,10,25,0,10,5,0,0,32,29,0.25,1,4,nnknn,484,nnknn,497,"[167, 134, 183]",-0.0004985487903468311,0.0016699376283213496,0.01166713796555996
4004,4,44,0.0879555195569992,-0.009161917492747307,-0.0004696060495916754,0.09711743891239166,,,,False,0.8692312240600586,1.0980815887451172,0.9495677351951599,0.9492953419685364,0.9498400092124939,6.573855444003129e-06,0.04545454680919647,0.06991175562143326,0.0,0.4738014042377472,nnknn_target_value_model,0,0,19,25,0,19,4,17,0,40,40,0.5,2,4,nnknn,478,nnknn,484,"[171, 129, 178]",-0.0003277201612945646,0.0017233043909072876,0.011167152784764767
4038,4,34,0.10699513554573059,-0.010644648224115372,-0.002151219407096505,0.11763978004455566,0.1165323406457901,0.4967995882034302,0.47325897216796875,True,0.8493430018424988,1.0980479717254639,0.9490735530853271,0.9488646388053894,0.9492826461791992,7.005149655014975e-06,0.029411764815449715,-0.06388557702302933,1.2271544669317791e-08,0.3284476399421692,nnknn_target_value_model,0,0,8,0,0,8,12,0,0,28,22,0.25,1,4,nnknn,462,nnknn,496,"[166, 125, 171]",-0.000499978254083544,0.0017565401503816247,0.010667160153388977
4062,4,24,0.0920305997133255,-0.021994218230247498,-0.013018539175391197,0.114024817943573,,,,False,0.8975679278373718,1.0981372594833374,0.948706328868866,0.9485606551170349,0.948852002620697,6.719216344208689e-06,0.0,-0.23295193910598755,3.973643103449831e-08,0.028713472187519073,nnknn_target_value_model,0,0,0,0,0,0,6,9,0,21,18,0.0,0,4,nnknn,462,nnknn,493,"[166, 125, 171]",-0.0009617929463274777,0.0017238679574802518,0.010661708191037178
4086,4,24,0.0682537630200386,-0.022088922560214996,-0.014417926780879498,0.0903426855802536,,,,False,0.7670995593070984,1.0978511571884155,0.9484024047851562,0.9482566714286804,0.9485480189323425,6.670200946246041e-06,0.0,-0.21453069150447845,1.8378099753135757e-07,0.02567518875002861,nnknn_target_value_model,0,0,0,0,0,0,0,0,0,31,24,0.0,0,4,nnknn,462,nnknn,493,"[166, 125, 171]",-0.0012216895120218396,0.0016931246500462294,0.01055037509649992
4120,4,34,0.08393539488315582,-0.015484562143683434,-0.00781325064599514,0.0994199588894844,0.0992487296462059,0.47822105884552,0.35782408714294434,True,0.7671312689781189,1.0978435277938843,0.9480350613594055,0.9478260278701782,0.9482439756393433,6.704278803226771e-06,0.029411764815449715,-0.01650369167327881,-2.4543089338635582e-08,0.3192487061023712,nnknn_target_value_model,0,0,7,0,0,7,6,0,0,29,28,0.25,1,4,nnknn,469,nnknn,499,"[167, 128, 174]",-0.001581837423145771,0.001651353552006185,0.010653926059603691
4174,4,54,0.2355545312166214,-0.016470536589622498,-0.007745984476059675,0.2520250678062439,,,,False,0.8724552989006042,1.098063588142395,0.9474776983261108,0.9471420049667358,0.9478133320808411,6.703589406242827e-06,0.0555555559694767,0.2483183592557907,-9.934107758624577e-09,0.6690222024917603,nnknn_target_value_model,0,0,25,0,0,25,22,9,12,37,32,0.75,2,4,nnknn,494,nnknn,500,"[177, 134, 183]",-0.0018862424185499549,0.001564722158946097,0.010845628567039967
4220,4,46,0.24463219940662384,-0.015648821368813515,-0.007220093626528978,0.2602810263633728,0.25607138872146606,0.40326493978500366,0.46277427673339844,True,0.8428727388381958,1.0979526042938232,0.9468443393707275,0.9465593099594116,0.9471293091773987,6.53135975881014e-06,0.043478261679410934,0.18209901452064514,-1.8140545066103186e-08,0.5980807542800903,nnknn_target_value_model,0,0,21,25,0,21,16,12,4,30,30,0.5,1,4,nnknn,490,nnknn,500,"[179, 132, 179]",-0.0009152886341325939,0.0016471844865009189,0.011127416044473648
4274,4,54,0.08283400535583496,-0.014762715436518192,-0.005794520955532789,0.09759671986103058,,,,False,0.8968195915222168,1.0981117486953735,0.9462110996246338,0.945875346660614,0.9465466737747192,6.706906333420193e-06,0.0555555559694767,0.13385577499866486,-1.3245476715439963e-08,0.5688556432723999,nnknn_target_value_model,0,0,27,25,0,27,3,7,0,59,51,0.75,3,4,nnknn,492,nnknn,496,"[186, 129, 177]",-0.000499964808113873,0.001704021473415196,0.011627395637333393
4298,4,24,0.10430493950843811,-0.011838141828775406,-0.0035895109176635742,0.11614307761192322,,,,False,0.8248631954193115,1.0978732109069824,0.9457170367240906,0.9455713629722595,0.9458626508712769,6.895363640069263e-06,0.0,-0.24932658672332764,-1.216928211533741e-07,0.030316447839140892,nnknn_target_value_model,0,0,0,0,0,0,5,4,0,28,19,0.0,0,4,nnknn,492,nnknn,497,"[186, 129, 177]",-0.0009990016696974635,0.0016863844357430935,0.011127779260277748
4332,4,34,0.10274738073348999,-0.0063702999614179134,0.0020177504047751427,0.10911767929792404,0.10752326995134354,0.4098120927810669,0.3684554994106293,True,0.8388051390647888,1.0978878736495972,0.9453497529029846,0.9451406598091125,0.9455586671829224,6.824623142165365e-06,0.029411764815449715,-0.030313218012452126,-1.2271544669317791e-08,0.3136090040206909,nnknn_target_value_model,0,0,9,25,0,9,3,0,0,37,31,0.25,1,4,nnknn,476,nnknn,500,"[178, 126, 172]",-0.0004777834110427648,0.0017521297559142113,0.01063515804708004
4366,4,34,0.0846242904663086,-0.013324362225830555,-0.005005829501897097,0.09794865548610687,,,,False,0.831853449344635,1.0978344678878784,0.9449189305305481,0.9447100162506104,0.9451280236244202,7.0128257902979385e-06,0.029411764815449715,-0.03711239621043205,1.2271544669317791e-08,0.3298502266407013,nnknn_target_value_model,0,0,8,0,0,8,8,25,0,30,26,0.25,1,4,nnknn,484,nnknn,483,"[180, 129, 175]",-0.0009685389813967049,0.0016961623914539814,0.011135078966617584
4432,4,66,0.20296736061573029,-0.011471370235085487,-0.0025562699884176254,0.21443873643875122,0.2118726372718811,0.4928359389305115,0.47037240862846375,True,0.8915101289749146,1.0980333089828491,0.9442857503890991,0.9438740015029907,0.9446973204612732,6.908000159455696e-06,0.06060606241226196,0.26074618101119995,-7.856976225184553e-08,0.7206668257713318,nnknn_target_value_model,0,0,38,25,0,38,11,0,0,60,55,1.0,3,4,nnknn,497,nnknn,494,"[188, 135, 174]",-0.0004951112205162644,0.001684906193986535,0.011212032288312912
4476,4,44,0.09568022191524506,-0.011784140020608902,-0.0034450374078005552,0.10746435821056366,,,,False,0.833910346031189,1.097863793373108,0.9435890913009644,0.943316638469696,0.9438613057136536,6.829939593444578e-06,0.04545454680919647,0.07337552309036255,-1.8965113923741228e-08,0.472669392824173,nnknn_target_value_model,0,0,18,25,0,18,7,17,0,45,37,0.5,2,4,nnknn,490,nnknn,484,"[183, 135, 172]",-0.0004995100316591561,0.0017097479430958629,0.010712070390582085
4530,4,54,0.12278280407190323,-0.009752401150763035,-0.0009325477876700461,0.1325352042913437,,,,False,0.8819854259490967,1.097976565361023,0.9429683089256287,0.9426326751708984,0.9433040022850037,6.8414660745474976e-06,0.0555555559694767,0.14186836779117584,-8.830317810293309e-09,0.5797958970069885,nnknn_target_value_model,0,0,24,25,0,24,12,0,0,47,42,0.75,3,4,nnknn,489,nnknn,496,"[185, 133, 171]",-0.0004887079121544957,0.0017206680495291948,0.01021210290491581
4584,4,54,0.11452276259660721,-0.013378776609897614,-0.004646901972591877,0.12790153920650482,0.12345718592405319,0.4323155879974365,0.48285430669784546,True,0.8731875419616699,1.0979174375534058,0.942284345626831,0.941948652267456,0.9426199793815613,6.76411855238257e-06,0.0555555559694767,0.14616957306861877,-4.4151589051466544e-09,0.5768885016441345,nnknn_target_value_model,0,0,29,25,0,29,3,0,0,49,51,0.75,3,4,nnknn,493,nnknn,499,"[176, 141, 176]",-0.0004984773695468903,0.0017418720526620746,0.010712013579905033
4608,4,24,0.10518009960651398,-0.008538130670785904,-0.0005896836519241333,0.11371823400259018,,,,False,0.7948448061943054,1.0976133346557617,0.9417902827262878,0.9416446685791016,0.9419360160827637,6.9919060479151085e-06,0.0,-0.24737927317619324,4.967053968130131e-08,0.03454389423131943,nnknn_target_value_model,0,0,0,0,0,0,7,23,0,20,17,0.0,0,4,nnknn,493,nnknn,483,"[176, 141, 176]",-0.0009297835640609264,0.001704435795545578,0.011211913079023361
4652,4,44,0.08938363939523697,-0.012451941147446632,-0.004262348636984825,0.10183557868003845,0.10203616321086884,0.5341605544090271,0.467628538608551,True,0.8189593553543091,1.0977312326431274,0.9413596987724304,0.9410873055458069,0.9416319727897644,6.845975349278888e-06,0.04545454680919647,0.05923359841108322,-1.4901161193847656e-08,0.4867478311061859,nnknn_target_value_model,0,0,13,25,0,13,7,0,0,36,37,0.5,2,4,nnknn,481,nnknn,490,"[177, 137, 167]",-0.00037197343772277236,0.0017830227734521031,0.010909061878919601
4686,4,34,0.057738929986953735,-0.023990163579583168,-0.0155339315533638,0.08172909170389175,,,,False,0.845623254776001,1.0977931022644043,0.9408656358718872,0.9406566619873047,0.9410746693611145,7.1954000304685906e-06,0.029411764815449715,-0.035295743495225906,7.0123111761688506e-09,0.31780415773391724,nnknn_target_value_model,0,0,9,0,0,9,5,0,0,34,29,0.25,1,4,nnknn,490,nnknn,495,"[182, 139, 169]",-0.0008719385950826108,0.0017270575044676661,0.010409167967736721
4772,4,86,0.4471295177936554,-0.00731129152700305,0.0016374463448300958,0.45444080233573914,,,,False,0.894873857498169,1.0979450941085815,0.940105676651001,0.9395673274993896,0.9406440258026123,7.105177246558014e-06,0.06976744532585144,0.45082366466522217,-1.3861544800874981e-08,0.9368082284927368,nnknn_target_value_model,0,0,57,49,0,57,37,28,4,41,49,1.5,3,4,nnknn,498,nnknn,500,"[179, 151, 168]",-0.00037136548780836165,0.0017579712439328432,0.010531949810683727
4816,4,44,0.11997006088495255,-0.014103596098721027,-0.005065614823251963,0.1340736597776413,0.13205406069755554,0.3561384081840515,0.5080811977386475,True,0.9037982821464539,1.097943902015686,0.9392823576927185,0.9390100240707397,0.9395546913146973,7.193094916146947e-06,0.04545454680919647,0.033921483904123306,1.0837208463954084e-08,0.481747031211853,nnknn_target_value_model,0,0,16,25,0,16,10,14,0,41,34,0.5,2,4,nnknn,489,nnknn,496,"[173, 154, 162]",-0.0004998798831366003,0.0018031744984909892,0.011031928472220898
4840,4,24,0.09190701693296432,-0.017944030463695526,-0.010033577680587769,0.10985104739665985,,,,False,0.7910451889038086,1.0975606441497803,0.9388517141342163,0.9387059807777405,0.9389973282814026,7.475294751202455e-06,0.0,-0.2894945740699768,1.043081283569336e-07,0.041391558945178986,nnknn_target_value_model,0,0,0,0,0,0,2,0,0,26,22,0.0,0,4,nnknn,489,nnknn,498,"[173, 154, 162]",-0.0007795446435920894,0.0017983729485422373,0.011531827971339226
4864,4,24,0.06516670435667038,-0.0036900911945849657,0.005089323036372662,0.06885679811239243,0.06613527983427048,-14.123592376708984,0.2763788104057312,True,0.8779414892196655,1.0978729724884033,0.9385476112365723,0.938401997089386,0.9386933445930481,7.614698461111402e-06,0.0,-0.21307192742824554,8.940696716308594e-08,0.027964768931269646,nnknn_target_value_model,0,0,0,0,0,0,9,5,2,16,15,0.0,0,4,nnknn,489,nnknn,500,"[173, 154, 162]",-0.00111455621663481,0.0017837992636486888,0.012031104415655136
4920,4,56,0.22343450784683228,-0.01875041052699089,-0.009958161972463131,0.24218492209911346,,,,False,0.8792248964309692,1.097846508026123,0.9380409717559814,0.9376926422119141,0.9383893609046936,7.618236395501299e-06,0.0535714328289032,0.2203870713710785,-1.1708055858150601e-08,0.6774758100509644,nnknn_target_value_model,0,0,29,25,0,29,15,25,0,45,41,0.75,2,4,nnknn,493,nnknn,490,"[174, 151, 168]",-0.00031938357278704643,0.001830666558817029,0.012523404322564602
4964,4,44,0.11055795848369598,-0.012790579348802567,-0.004267754964530468,0.12334853410720825,,,,False,0.8522825241088867,1.0977224111557007,0.9374076724052429,0.9371353387832642,0.9376800060272217,7.739299690001644e-06,0.04545454680919647,0.053885698318481445,2.709302115988521e-09,0.48337799310684204,nnknn_target_value_model,0,0,16,25,0,16,11,12,0,36,33,0.5,2,4,nnknn,484,nnknn,489,"[172, 147, 165]",-0.0003129759570583701,0.0018723681569099426,0.012023934163153172
4998,4,34,0.08566741645336151,-0.027710486203432083,-0.01888946071267128,0.1133778989315033,0.1095520630478859,0.3892563581466675,0.36832568049430847,True,0.8821025490760803,1.0978296995162964,0.9369136691093445,0.936704695224762,0.937122642993927,7.930510946607683e-06,0.029411764815449715,-0.018280811607837677,-1.2271544669317791e-08,0.3115488886833191,nnknn_target_value_model,0,0,9,0,0,9,6,0,0,32,28,0.25,1,4,nnknn,493,nnknn,495,"[175, 150, 168]",-0.0008129176567308605,0.0018480531871318817,0.012523922137916088
5042,4,44,0.25324976444244385,-0.007522961124777794,0.0014369244454428554,0.2607727348804474,,,,False,0.8959886431694031,1.0978171825408936,0.936419665813446,0.9361473321914673,0.9366919994354248,8.040829015953932e-06,0.04545454680919647,0.2059703767299652,-1.8965113923741228e-08,0.5745294094085693,nnknn_target_value_model,0,0,20,25,0,20,16,16,0,35,28,0.5,1,4,nnknn,488,nnknn,495,"[177, 145, 166]",-0.0003715736966114491,0.0018634559819474816,0.012868564575910568
5096,4,54,0.08772934228181839,-0.018362723290920258,-0.009491070173680782,0.10609206557273865,0.1058272123336792,0.5338965654373169,0.4681869149208069,True,0.8871653079986572,1.0978062152862549,0.9357989430427551,0.9354633092880249,0.9361346960067749,8.50903415994253e-06,0.0555555559694767,0.14351826906204224,-9.934107758624577e-09,0.5721819996833801,nnknn_target_value_model,0,0,25,0,0,25,3,0,0,62,51,0.75,3,4,nnknn,488,nnknn,498,"[178, 147, 163]",-0.0005756441387347877,0.0019177263602614403,0.012368596158921719
5142,4,46,0.23631197214126587,-0.016647901386022568,-0.007720141671597958,0.25295987725257874,,,,False,0.8927760720252991,1.097802758216858,0.9351656436920166,0.9348806738853455,0.9354506731033325,8.166483894456178e-06,0.043478261679410934,0.20126479864120483,-3.368958090277374e-08,0.5683664083480835,nnknn_target_value_model,0,0,20,25,0,20,9,17,0,37,37,0.5,1,4,nnknn,483,nnknn,490,"[181, 143, 159]",-0.00037204899126663804,0.001985035603865981,0.012115498073399067
5176,4,34,0.1188780665397644,-0.01091364212334156,-0.0030442317947745323,0.12979170680046082,,,,False,0.7869411110877991,1.0974434614181519,0.9346590042114258,0.9344499707221985,0.9348679780960083,8.470479770039674e-06,0.029411764815449715,-0.048551663756370544,5.25923349314894e-09,0.32284000515937805,nnknn_target_value_model,0,0,9,0,0,9,4,0,0,31,30,0.25,1,4,nnknn,492,nnknn,494,"[184, 146, 162]",-0.0008601721492595971,0.0019372260430827737,0.012533527798950672
5252,4,76,0.37814244627952576,-0.01578093320131302,-0.006826405413448811,0.3939233720302582,0.3942592442035675,0.29266154766082764,0.47021570801734924,True,0.8954527974128723,1.097802996635437,0.9339622855186462,0.9334873557090759,0.9344373345375061,8.347894436155912e-06,0.06578947603702545,0.414696604013443,-1.097980284470168e-08,0.8484616875648499,nnknn_target_value_model,0,0,51,50,0,51,26,25,0,55,50,1.25,3,4,nnknn,493,nnknn,495,"[189, 144, 160]",-8.948190952651203e-05,0.001984786707907915,0.012429269030690193
5286,4,34,0.08493201434612274,-0.015861980617046356,-0.008367164991796017,0.1007939949631691,,,,False,0.7494816184043884,1.097165822982788,0.9332656860351562,0.933056652545929,0.9334746599197388,8.47836236061994e-06,0.029411764815449715,-0.0524289496243,-1.2271544669317791e-08,0.32726818323135376,nnknn_target_value_model,0,0,10,20,0,10,4,0,0,34,30,0.25,1,4,nnknn,483,nnknn,499,"[183, 139, 161]",0.0,0.0020214326214045286,0.012277397327125072
5330,4,44,0.059909068048000336,-0.01699794828891754,-0.007930176332592964,0.07690701633691788,0.07669244706630707,0.6315596103668213,0.4606175124645233,True,0.9067771434783936,1.0978317260742188,0.932771623134613,0.932499349117279,0.9330440163612366,8.697833436599467e-06,0.04545454680919647,0.06796765327453613,1.0837208463954084e-08,0.4736552834510803,nnknn_target_value_model,0,0,17,0,0,17,1,0,0,41,43,0.5,2,4,nnknn,500,nnknn,500,"[188, 146, 166]",-0.0004999914672225714,0.001945317373611033,0.011777420528233051
5374,4,44,0.05560694634914398,-0.017570137977600098,-0.008365525864064693,0.07317708432674408,,,,False,0.9204612374305725,1.0978419780731201,0.9322143197059631,0.9319419860839844,0.9324866533279419,8.432221875409596e-06,0.04545454680919647,0.08901485800743103,-2.9802322387695312e-08,0.4671797454357147,nnknn_target_value_model,0,0,17,25,0,17,6,14,0,34,38,0.5,2,4,nnknn,492,nnknn,492,"[185, 144, 163]",-0.0003691210877150297,0.0020106707233935595,0.01185549795627594
5408,4,34,0.1213582456111908,-0.022651653736829758,-0.014713925309479237,0.14400990307331085,,,,False,0.7937727570533752,1.0973349809646606,0.9317203164100647,0.9315113425254822,0.931929349899292,8.738113137951586e-06,0.029411764815449715,-0.05229802057147026,-7.0123111761688506e-09,0.3232361376285553,nnknn_target_value_model,0,0,6,0,0,6,2,0,0,43,32,0.25,1,4,nnknn,498,nnknn,494,"[188, 145, 165]",-0.0006086266948841512,0.001956142019480467,0.01135550532490015
5442,4,34,0.10910666733980179,-0.018139608204364777,-0.009904962964355946,0.12724627554416656,0.12703721225261688,0.33014386892318726,0.4070623219013214,True,0.8234644532203674,1.0974513292312622,0.9312896728515625,0.9310806393623352,0.931498646736145,8.427518878306728e-06,0.029411764815449715,-0.03863440454006195,1.4024622352337701e-08,0.3172818124294281,nnknn_target_value_model,0,0,8,25,0,8,4,0,0,36,30,0.25,1,4,nnknn,481,nnknn,498,"[178, 139, 164]",-0.0002570832148194313,0.002045469358563423,0.011052913963794708
5486,4,44,0.12133680284023285,-0.021121669560670853,-0.013071843422949314,0.1424584686756134,,,,False,0.8049825429916382,1.0973525047302246,0.9307956695556641,0.9305233359336853,0.9310680031776428,8.794465429673437e-06,0.04545454680919647,0.04901840165257454,-1.3546510579942606e-08,0.4841509759426117,nnknn_target_value_model,0,0,12,0,0,12,5,25,0,37,39,0.5,2,4,nnknn,493,nnknn,478,"[184, 141, 168]",-0.0007094165775924921,0.0019909937400370836,0.011408420279622078
5530,4,44,0.08161243796348572,-0.016977574676275253,-0.008375948294997215,0.09859000891447067,0.09854544699192047,0.5349621772766113,0.41708600521087646,True,0.860162615776062,1.0975425243377686,0.9302383065223694,0.9299659729003906,0.9305106401443481,8.691655239090323e-06,0.04545454680919647,0.07669348269701004,1.7610464198014597e-08,0.4694479703903198,nnknn_target_value_model,0,0,17,25,0,17,4,0,0,50,40,0.5,2,4,nnknn,485,nnknn,482,"[180, 134, 171]",-0.00013494817540049553,0.0020650916267186403,0.011754757724702358
5554,4,24,0.0960911437869072,-0.012944336049258709,-0.00567298149690032,0.10903547704219818,,,,False,0.7271355390548706,1.0970072746276855,0.9298076629638672,0.9296619892120361,0.9299533367156982,9.106996913033072e-06,0.0,-0.2464161366224289,1.2914340175029793e-07,0.03348952904343605,nnknn_target_value_model,0,0,0,0,0,0,1,0,0,20,23,0.0,0,4,nnknn,485,nnknn,483,"[180, 134, 171]",-0.0005746862152591348,0.0020231925882399082,0.012253792025148869
5578,4,24,0.07219194620847702,-0.005619796924293041,0.001507838605903089,0.07781174033880234,,,,False,0.7127636671066284,1.096858024597168,0.9295036196708679,0.9293580055236816,0.9296493530273438,8.823821190162562e-06,0.0,-0.23547719419002533,9.934107758624577e-09,0.030017903074622154,nnknn_target_value_model,0,0,0,0,0,0,2,0,0,29,22,0.0,0,4,nnknn,485,nnknn,485,"[180, 134, 171]",-0.000997005496174097,0.0019761044532060623,0.011900445446372032
5612,4,34,0.08836367726325989,-0.015587805770337582,-0.007747439667582512,0.10395148396492004,0.1033671572804451,0.45334088802337646,0.38850200176239014,True,0.7840367555618286,1.0972174406051636,0.929136335849762,0.9289273619651794,0.9293453097343445,8.4966040958534e-06,0.029411764815449715,-0.06722395867109299,1.2271544669317791e-08,0.3277391195297241,nnknn_target_value_model,0,0,6,0,0,6,2,0,0,37,32,0.25,1,4,nnknn,491,nnknn,487,"[181, 136, 174]",-0.0013812115648761392,0.0019220184767618775,0.011627300642430782
5646,4,34,0.06851300597190857,-0.028681525960564613,-0.020928477868437767,0.09719453006982803,,,,False,0.7753047943115234,1.0971198081970215,0.9287056922912598,0.9284966588020325,0.9289146661758423,8.337759027199354e-06,0.029411764815449715,-0.03859364241361618,-5.25923349314894e-09,0.3207871615886688,nnknn_target_value_model,0,0,8,0,0,8,11,0,0,27,23,0.25,1,4,nnknn,499,nnknn,498,"[185, 137, 177]",-0.00177220837213099,0.0018643186194822192,0.011403548531234264
5690,4,44,0.06044125184416771,-0.033616017550230026,-0.025289807468652725,0.09405726939439774,0.09403020888566971,0.572335958480835,0.4248954653739929,True,0.8326210975646973,1.0973906517028809,0.9282116889953613,0.9279393553733826,0.9284840226173401,8.10566962172743e-06,0.04545454680919647,0.06618940085172653,-1.6255812695931127e-08,0.4790530800819397,nnknn_target_value_model,0,0,12,25,0,12,2,0,0,54,42,0.5,2,4,nnknn,486,nnknn,500,"[174, 139, 173]",-0.0003010204527527094,0.0019533855374902487,0.011150522157549858
5734,4,44,0.07418911904096603,-0.021490739658474922,-0.012699238955974579,0.0956798568367958,,,,False,0.8791500926017761,1.0975418090820312,0.9276543855667114,0.9273819923400879,0.9279266595840454,8.232801519625355e-06,0.04545454680919647,0.07861773669719696,-2.709302115988521e-09,0.47113606333732605,nnknn_target_value_model,0,0,17,25,0,17,2,25,0,41,42,0.5,2,4,nnknn,478,nnknn,477,"[170, 136, 172]",-0.000164016179041937,0.001989628653973341,0.010650567710399628
5768,4,34,0.041728418320417404,-0.016499165445566177,-0.008339001797139645,0.05822758376598358,,,,False,0.816016435623169,1.0972895622253418,0.9271603226661682,0.9269513487815857,0.9273693561553955,8.289322067867033e-06,0.029411764815449715,-0.017721332609653473,3.155540184707206e-08,0.3143673837184906,nnknn_target_value_model,0,0,8,0,0,8,1,0,0,36,33,0.25,1,4,nnknn,486,nnknn,478,"[172, 138, 176]",-0.0005963629810139537,0.0019324308959767222,0.010496437549591064
5802,4,34,0.03659884259104729,-0.01645824685692787,-0.008677671663463116,0.05305708944797516,0.05186699703335762,0.7099766731262207,0.3308565616607666,True,0.7780574560165405,1.097048044204712,0.926729679107666,0.9265206456184387,0.9269386529922485,8.118538062262814e-06,0.029411764815449715,-0.025506822392344475,0.0,0.31454551219940186,nnknn_target_value_model,0,0,8,0,0,8,3,0,0,33,31,0.25,1,4,nnknn,494,nnknn,481,"[175, 140, 179]",-0.0009998088935390115,0.0019102763617411256,0.010840123519301414
5836,4,34,0.08259759843349457,-0.016849927604198456,-0.00848156213760376,0.09944752603769302,,,,False,0.8368366956710815,1.0973036289215088,0.926298975944519,0.9260900020599365,0.9265080094337463,8.263054041890427e-06,0.029411764815449715,-0.030314171686768532,-3.5061555880844253e-09,0.31524837017059326,nnknn_target_value_model,0,0,8,25,0,8,6,0,0,33,28,0.25,1,4,nnknn,477,nnknn,487,"[171, 131, 175]",-0.00044927929411642253,0.0020319530740380287,0.01075712963938713
5912,4,76,0.32913440465927124,-0.014479201287031174,-0.005777478218078613,0.3436135947704315,0.3443145751953125,0.3601590394973755,0.45089641213417053,True,0.870172381401062,1.0974411964416504,0.9256022572517395,0.9251273274421692,0.9260773062705994,8.745185368752573e-06,0.06578947603702545,0.35897359251976013,-1.5685432952494693e-09,0.8212080597877502,nnknn_target_value_model,0,0,50,46,0,50,37,17,7,44,39,1.25,3,4,nnknn,481,nnknn,500,"[169, 138, 174]",0.0,0.0020461182575672865,0.010385609231889248
5936,4,24,0.09664753079414368,-0.015881922096014023,-0.00871874950826168,0.112529456615448,,,,False,0.7163171768188477,1.096726417541504,0.9249690771102905,0.9248233437538147,0.9251146912574768,8.714521754882298e-06,0.0,-0.21140050888061523,-2.5331974029541016e-07,0.024856023490428925,nnknn_target_value_model,0,0,0,0,0,0,4,1,3,27,20,0.0,0,4,nnknn,481,nnknn,500,"[169, 138, 174]",-0.0004999978118576109,0.002001037821173668,0.010234811343252659
6000,4,64,0.21394360065460205,-0.00894945114850998,-0.0008757635951042175,0.22289304435253143,,,,False,0.8073688745498657,1.0970324277877808,0.9244116544723511,0.9240126609802246,0.9248106479644775,8.306190466100816e-06,0.0625,0.28069305419921875,-2.0489096641540527e-08,0.7178450226783752,nnknn_target_value_model,0,0,36,25,0,36,20,25,0,46,44,1.0,3,4,nnknn,492,nnknn,495,"[168, 146, 178]",-0.00037191310548223555,0.0019832279067486525,0.009862982667982578
6034,4,34,0.12345908582210541,-0.02224453166127205,-0.014271670021116734,0.14570361375808716,0.14529384672641754,0.23824137449264526,0.4015037417411804,True,0.7972860932350159,1.0970230102539062,0.9237910509109497,0.9235820174217224,0.9240000247955322,8.337005056091584e-06,0.029411764815449715,-0.025962816551327705,2.4543089338635582e-08,0.31724879145622253,nnknn_target_value_model,0,0,8,0,0,8,8,0,0,29,26,0.25,1,4,nnknn,482,nnknn,478,"[165, 141, 176]",-0.0004999972879886627,0.0020182833541184664,0.010362117551267147
6068,4,34,0.0735958069562912,-0.023950081318616867,-0.01549930777400732,0.09754589200019836,,,,False,0.845077395439148,1.0972535610198975,0.9233604073524475,0.9231513142585754,0.9235693216323853,8.356010766874533e-06,0.029411764815449715,-0.023978395387530327,1.577770092353603e-08,0.3149844706058502,nnknn_target_value_model,0,0,8,0,0,8,0,0,0,39,34,0.25,1,4,nnknn,490,nnknn,478,"[169, 143, 178]",-0.0009905764600262046,0.001983937807381153,0.010697133839130402
6112,4,44,0.10438337922096252,-0.02350199595093727,-0.014805154874920845,0.1278853714466095,0.12719005346298218,0.4259995222091675,0.3763030767440796,True,0.8696842193603516,1.0973749160766602,0.9228663444519043,0.9225940108299255,0.9231386780738831,8.514637556800153e-06,0.04545454680919647,0.10616523772478104,0.0,0.4659291207790375,nnknn_target_value_model,0,0,19,25,0,19,8,0,0,35,36,0.5,2,4,nnknn,484,nnknn,486,"[166, 139, 179]",-0.0005448393058031797,0.0020566824823617935,0.010956098325550556
6166,4,54,0.09085904806852341,-0.025530509650707245,-0.017124952748417854,0.11638955771923065,,,,False,0.8405556678771973,1.0971981287002563,0.9222456812858582,0.9219099879264832,0.9225813150405884,8.829718353808858e-06,0.0555555559694767,0.14995089173316956,4.4151589051466544e-09,0.5701388716697693,nnknn_target_value_model,0,0,28,25,0,28,17,12,0,39,37,0.75,3,4,nnknn,487,nnknn,491,"[164, 141, 182]",-0.00036290421849116683,0.0021156431175768375,0.010915870778262615
6210,4,44,0.0754496157169342,-0.011268721893429756,-0.002795769600197673,0.08671833574771881,,,,False,0.8472952842712402,1.0972049236297607,0.9216250777244568,0.9213526844978333,0.9218973517417908,9.087689250009134e-06,0.04545454680919647,0.07078583538532257,-1.0837208463954084e-08,0.4707804322242737,nnknn_target_value_model,0,0,18,25,0,18,4,0,0,47,40,0.5,2,4,nnknn,480,nnknn,495,"[163, 141, 176]",-5.4187144996831194e-05,0.002201029332354665,0.010956122539937496
6244,4,34,0.09496837109327316,-0.019787928089499474,-0.011767218820750713,0.11475630104541779,0.11456400156021118,0.428719162940979,0.43367111682891846,True,0.8020710945129395,1.0969635248184204,0.9211309552192688,0.9209219813346863,0.9213399887084961,9.55764789978275e-06,0.029411764815449715,-0.054579608142375946,0.0,0.317221999168396,nnknn_target_value_model,0,0,10,0,0,10,5,0,0,32,29,0.25,1,4,nnknn,490,nnknn,500,"[168, 144, 178]",-0.0004999953089281917,0.0021164806094020605,0.010799409821629524
6330,4,86,0.5666770339012146,-0.00730965007096529,0.0010505539830774069,0.5739867091178894,,,,False,0.8360205292701721,1.0971629619598389,0.9203710556030273,0.9198326468467712,0.9209093451499939,9.246797162631992e-06,0.06976744532585144,0.5356536507606506,6.099079996602086e-08,0.9517197608947754,nnknn_target_value_model,0,0,60,48,2,60,40,50,0,49,46,1.5,3,4,nnknn,500,nnknn,490,"[172, 144, 184]",0.0,0.002067603636533022,0.010427359491586685
6386,4,56,0.22147078812122345,-0.023716941475868225,-0.015750005841255188,0.24518772959709167,0.2438080757856369,0.36599963903427124,0.48601728677749634,True,0.7966935634613037,1.09691321849823,0.9194717407226562,0.9191233515739441,0.9198200106620789,9.057390343514271e-06,0.0535714328289032,0.21457359194755554,1.4901161193847656e-08,0.6699434518814087,nnknn_target_value_model,0,0,31,21,10,31,20,4,6,41,36,0.75,2,4,nnknn,500,nnknn,500,"[169, 144, 187]",0.0,0.0020855076145380735,0.010280193760991096
6410,4,24,0.11746691167354584,-0.022304130718111992,-0.015361329540610313,0.13977104425430298,,,,False,0.6942800879478455,1.0963095426559448,0.9189650416374207,0.9188193082809448,0.9191106557846069,8.93198921403382e-06,0.0,-0.25136467814445496,2.384185791015625e-07,0.033335622400045395,nnknn_target_value_model,0,0,0,0,0,0,3,25,0,21,21,0.0,0,4,nnknn,500,nnknn,478,"[169, 144, 187]",-0.000499947287607938,0.0020401908550411463,0.01020859181880951
6434,4,24,0.06887085735797882,-0.03146877512335777,-0.023517906665802002,0.10033963620662689,,,,False,0.7950868606567383,1.0968995094299316,0.9186609983444214,0.9185153245925903,0.9188066720962524,8.566731594328303e-06,0.0,-0.24803978204727173,-3.973643103449831e-08,0.03103238344192505,nnknn_target_value_model,0,0,0,0,0,0,4,0,0,28,20,0.0,0,4,nnknn,500,nnknn,482,"[169, 144, 187]",-0.000973712420091033,0.002006628317758441,0.010506504215300083
6478,4,44,0.09003987163305283,-0.028832552954554558,-0.02100038342177868,0.11887242645025253,0.1187959760427475,0.4456075429916382,0.4246290624141693,True,0.7832170128822327,1.0967719554901123,0.9182303547859192,0.9179580211639404,0.918502688407898,8.30959379527485e-06,0.04545454680919647,0.07554489374160767,6.773255289971303e-09,0.4744306206703186,nnknn_target_value_model,0,0,15,24,0,15,10,0,0,37,34,0.5,2,4,nnknn,491,nnknn,492,"[168, 139, 184]",0.0,0.00207405723631382,0.010935108177363873
6532,4,54,0.09016786515712738,-0.015448740683495998,-0.006628579460084438,0.10561660677194595,,,,False,0.8820162415504456,1.0973457098007202,0.9176097512245178,0.917273998260498,0.9179453253746033,8.468518899462651e-06,0.0555555559694767,0.15484020113945007,2.2075794525733272e-09,0.5659966468811035,nnknn_target_value_model,0,0,29,25,0,29,6,0,0,56,48,0.75,3,4,nnknn,495,nnknn,498,"[164, 141, 190]",-5.7053795899264514e-05,0.0020787823013961315,0.010435261763632298
6576,4,44,0.07734598964452744,-0.037877775728702545,-0.029790304601192474,0.11522376537322998,0.1151629164814949,0.44312500953674316,0.4380912780761719,True,0.8087472319602966,1.0968116521835327,0.9169890284538269,0.9167166948318481,0.9172613620758057,8.59086139826104e-06,0.04545454680919647,0.06215333938598633,0.0,0.4731711745262146,nnknn_target_value_model,0,0,18,17,0,18,8,25,0,39,36,0.5,2,4,nnknn,496,nnknn,481,"[163, 143, 190]",0.0,0.0020940115209668875,0.010286971926689148
6600,4,24,0.06372568756341934,-0.014787559397518635,-0.006689975969493389,0.0785132497549057,,,,False,0.8097584247589111,1.0968644618988037,0.9165582656860352,0.9164126515388489,0.916703999042511,8.703823368705343e-06,0.0,-0.2040242850780487,-6.95387569749073e-08,0.022231517359614372,nnknn_target_value_model,0,0,0,0,0,0,6,0,0,20,18,0.0,0,4,nnknn,496,nnknn,487,"[163, 143, 190]",-0.0004999941447749734,0.0020622569136321545,0.010140379890799522
6674,4,74,0.3062454164028168,-0.015456258319318295,-0.007067942526191473,0.32170167565345764,,,,False,0.8388316631317139,1.096968173980713,0.9159377217292786,0.9154753088951111,0.9164000153541565,8.558693480154034e-06,0.06756757199764252,0.365845263004303,-1.7720299894108393e-08,0.8322837352752686,nnknn_target_value_model,0,0,46,25,17,46,21,25,0,59,53,1.25,3,4,nnknn,500,nnknn,483,"[164, 151, 185]",0.0,0.002068324713036418,0.009768329560756683
6718,4,44,0.29011040925979614,-0.009150291793048382,-0.0011107447789981961,0.2992607057094574,0.2985425889492035,0.300726056098938,0.43493080139160156,True,0.8039547801017761,1.096675992012024,0.9151903986930847,0.9149180054664612,0.9154626727104187,8.561254617234226e-06,0.04545454680919647,0.20847845077514648,-1.7610464198014597e-08,0.5871796607971191,nnknn_target_value_model,0,0,18,25,0,18,15,0,0,34,29,0.5,1,4,nnknn,493,nnknn,498,"[166, 144, 183]",-0.00012735932250507176,0.0020930664613842964,0.010268282145261765
6762,4,44,0.08089284598827362,-0.011855500750243664,-0.0039619277231395245,0.09274834394454956,,,,False,0.7893574833869934,1.096634030342102,0.9146330952644348,0.9143606424331665,0.914905309677124,8.637893188279122e-06,0.04545454680919647,0.06218516826629639,-2.0997092065044853e-08,0.47564706206321716,nnknn_target_value_model,0,0,17,25,0,17,8,25,0,38,36,0.5,2,4,nnknn,485,nnknn,481,"[165, 136, 184]",-4.144852017162748e-09,0.0021415716037154198,0.009768317453563213
6796,4,34,0.09811486303806305,-0.023787494748830795,-0.015966176986694336,0.12190235406160355,0.12243308871984482,0.3987656831741333,0.4471839368343353,True,0.7821317315101624,1.0966166257858276,0.9141390323638916,0.9139299988746643,0.9143480062484741,8.971719580586068e-06,0.029411764815449715,-0.070494145154953,-7.0123111761688506e-09,0.325477659702301,nnknn_target_value_model,0,0,7,0,0,7,5,0,0,33,29,0.25,1,4,nnknn,492,nnknn,486,"[168, 138, 186]",-0.0004999971715733409,0.0020947034936398268,0.010122803039848804
6830,4,34,0.10162298381328583,-0.015755238011479378,-0.008033706806600094,0.11737821996212006,,,,False,0.7721531987190247,1.0964703559875488,0.9137082695960999,0.9134993553161621,0.9139173626899719,8.919830179365817e-06,0.029411764815449715,-0.04281023517251015,1.051846698629788e-08,0.3238216042518616,nnknn_target_value_model,0,0,11,25,0,11,4,0,0,30,30,0.25,1,4,nnknn,478,nnknn,490,"[165, 137, 176]",-0.00044083758257329464,0.0022009725216776133,0.010531519539654255
6874,4,44,0.25913047790527344,-0.002384969498962164,0.006029502954334021,0.26151543855667114,,,,False,0.8414473533630371,1.0969618558883667,0.913214385509491,0.9129419922828674,0.913486659526825,9.379801667819265e-06,0.04545454680919647,0.22594699263572693,-2.03197654258247e-08,0.5688493847846985,nnknn_target_value_model,0,0,20,0,0,20,12,25,0,34,32,0.5,1,4,nnknn,498,nnknn,477,"[172, 142, 184]",-0.000872044765856117,0.002072495175525546,0.010031547397375107
6930,4,56,0.22957535088062286,-0.017881697043776512,-0.009110316634178162,0.24745704233646393,0.24697178602218628,0.4051702618598938,0.42386943101882935,True,0.8771380186080933,1.0971649885177612,0.9125810265541077,0.9122326374053955,0.912929356098175,8.84570454218192e-06,0.0535714328289032,0.23264500498771667,-1.4901161193847656e-08,0.6519560217857361,nnknn_target_value_model,0,0,28,49,0,28,17,0,0,45,39,0.75,2,4,nnknn,477,nnknn,494,"[168, 133, 176]",0.0,0.0022192250471562147,0.009857987985014915
6964,4,34,0.08453695476055145,-0.016596181318163872,-0.008333883248269558,0.10113313794136047,,,,False,0.826229989528656,1.0966814756393433,0.9120110273361206,0.9118019938468933,0.9122200012207031,9.446640433452558e-06,0.029411764815449715,-0.04528582841157913,-1.753077860655594e-08,0.318033903837204,nnknn_target_value_model,0,0,8,0,0,8,6,0,0,32,28,0.25,1,4,nnknn,485,nnknn,500,"[171, 134, 180]",-0.0004999946686439216,0.0021538708824664354,0.010223944671452045
6998,4,34,0.06319677829742432,-0.03802303224802017,-0.030443597584962845,0.10121981054544449,0.10084827244281769,0.4995648264884949,0.39699918031692505,True,0.7579435706138611,1.0962915420532227,0.9115803837776184,0.9113713502883911,0.9117893576622009,9.277019671571907e-06,0.029411764815449715,-0.03103882446885109,-5.25923349314894e-09,0.3193967640399933,nnknn_target_value_model,0,0,8,0,0,8,9,16,0,29,25,0.25,1,4,nnknn,493,nnknn,493,"[175, 135, 183]",-0.0008910764008760452,0.0021076954435557127,0.01021735742688179
7032,4,34,0.08285212516784668,-0.026076216250658035,-0.01797608844935894,0.10892833769321442,,,,False,0.8100127577781677,1.0966482162475586,0.9111496806144714,0.9109406471252441,0.911358654499054,9.301931640948169e-06,0.029411764815449715,-0.02311069145798683,3.5061555880844253e-09,0.31600385904312134,nnknn_target_value_model,0,0,7,0,0,7,5,0,0,40,29,0.25,1,4,nnknn,500,nnknn,498,"[177, 137, 186]",-0.0012313008774071932,0.002072218107059598,0.010368124581873417
7088,4,56,0.23405534029006958,-0.01186175737529993,-0.003571938257664442,0.24591709673404694,,,,False,0.8289819955825806,1.0967479944229126,0.9105796813964844,0.910231351852417,0.9109280109405518,9.871683687379118e-06,0.0535714328289032,0.24413041770458221,-4.470348713425665e-08,0.6484572291374207,nnknn_target_value_model,0,0,32,25,0,32,20,0,0,34,36,0.75,2,4,nnknn,482,nnknn,493,"[173, 129, 180]",-0.00019092170987278223,0.0022638081572949886,0.010868103243410587
7122,4,34,0.07136353850364685,-0.025648484006524086,-0.017854997888207436,0.09701202064752579,0.09658656269311905,0.47733843326568604,0.3777218461036682,True,0.7793489098548889,1.0962613821029663,0.9100096821784973,0.90980064868927,0.9102186560630798,9.895966286421753e-06,0.029411764815449715,-0.015583825297653675,-1.4901161193847656e-08,0.3104449510574341,nnknn_target_value_model,0,0,10,0,0,10,7,0,0,36,27,0.25,1,4,nnknn,492,nnknn,500,"[175, 133, 184]",-0.0006723965634591877,0.0022236898075789213,0.011368043720722198
7220,4,98,0.3908948600292206,-0.02222110517323017,-0.013343441300094128,0.4131159782409668,,,,False,0.8877665996551514,1.0970138311386108,0.9091736674308777,0.9085593223571777,0.9097880125045776,9.78666685114149e-06,0.0714285671710968,0.47107598185539246,4.135832298857167e-08,0.9210863709449768,nnknn_target_value_model,0,0,73,48,17,73,34,50,0,58,64,1.75,4,4,nnknn,500,nnknn,484,"[177, 138, 185]",0.0,0.0022624388802796602,0.011816444806754589
7244,4,24,0.10699913650751114,0.007465793285518885,0.01363498717546463,0.09953334182500839,0.09617222845554352,-57.726749420166016,0.30833107233047485,True,0.6169195175170898,1.0950300693511963,0.9084010124206543,0.9082553386688232,0.9085466861724854,1.000760676106438e-05,0.0,-0.2152756154537201,1.7136335372924805e-07,0.025560632348060608,nnknn_target_value_model,0,0,0,0,0,0,6,0,0,20,18,0.0,0,4,nnknn,500,nnknn,490,"[177, 138, 185]",-0.000499980931635946,0.002221663948148489,0.011316981166601181
7320,4,76,0.2713478207588196,-0.02451152354478836,-0.015812469646334648,0.29585933685302734,,,,False,0.8699055910110474,1.0968544483184814,0.9077677726745605,0.9072926640510559,0.9082426428794861,9.816555575525854e-06,0.06578947603702545,0.36972346901893616,2.509669272399151e-08,0.799903154373169,nnknn_target_value_model,0,0,49,50,0,49,29,15,4,53,47,1.25,3,4,nnknn,499,nnknn,500,"[174, 142, 183]",-0.00014592739171348512,0.00225463998503983,0.010982279665768147
7354,4,34,0.06925605237483978,-0.0198128093034029,-0.012468429282307625,0.08906885981559753,,,,False,0.7344381213188171,1.095831036567688,0.9070709943771362,0.9068620204925537,0.9072800278663635,9.988888450607192e-06,0.029411764815449715,-0.03387350216507912,-5.25923349314894e-09,0.31765300035476685,nnknn_target_value_model,0,0,9,25,0,9,9,4,5,25,25,0.25,1,4,nnknn,483,nnknn,500,"[172, 134, 177]",0.0,0.002296657534316182,0.01148225087672472
7408,4,54,0.10118087381124496,-0.009003198705613613,-0.0006449024076573551,0.11018407344818115,0.1103307232260704,0.500335156917572,0.4835367202758789,True,0.8358297348022461,1.0965882539749146,0.9065136313438416,0.9061779975891113,0.9068493247032166,1.0046217539638747e-05,0.0555555559694767,0.13973656296730042,-8.830317810293309e-09,0.573585033416748,nnknn_target_value_model,0,0,25,25,0,25,12,25,0,46,42,0.75,3,4,nnknn,483,nnknn,487,"[173, 130, 180]",0.0,0.0023280854802578688,0.011980533599853516
7462,4,54,0.07968446612358093,-0.016315994784235954,-0.008236129768192768,0.09600046277046204,,,,False,0.8079867959022522,1.096443772315979,0.905829668045044,0.905493974685669,0.906165361404419,1.042093845171621e-05,0.0555555559694767,0.13235615193843842,-8.830317810293309e-09,0.5708187222480774,nnknn_target_value_model,0,0,23,21,0,23,8,0,0,47,46,0.75,3,4,nnknn,485,nnknn,495,"[174, 131, 180]",0.0,0.0023245736956596375,0.012480443343520164
7496,4,34,0.09284506738185883,-0.0197302158921957,-0.012812016531825066,0.11257528513669968,0.11273983865976334,0.4872030019760132,0.46117833256721497,True,0.6918200254440308,1.0954217910766602,0.905272364616394,0.9050633311271667,0.9054813385009766,1.0318022759747691e-05,0.029411764815449715,-0.06620250642299652,-5.25923349314894e-09,0.3254057466983795,nnknn_target_value_model,0,0,9,0,0,9,6,25,0,32,28,0.25,1,4,nnknn,494,nnknn,476,"[177, 133, 184]",-0.0004999935626983643,0.002256078412756324,0.012310550548136234
7540,4,44,0.07259521633386612,-0.035445183515548706,-0.028154611587524414,0.10804039984941483,,,,False,0.729057252407074,1.095712661743164,0.9047783613204956,0.9045060276985168,0.9050506949424744,1.0084542736876756e-05,0.04545454680919647,0.09078279137611389,2.709302115988521e-09,0.4672965407371521,nnknn_target_value_model,0,0,18,25,0,18,7,0,0,42,37,0.5,2,4,nnknn,487,nnknn,483,"[173, 131, 183]",-0.00033500578138045967,0.0023306640796363354,0.012456528842449188
7604,4,64,0.06853026151657104,-0.017619743943214417,-0.009812615811824799,0.08615000545978546,,,,False,0.7807130813598633,1.0960705280303955,0.9040943384170532,0.9036953449249268,0.9044933319091797,1.0509222192922607e-05,0.0625,0.18868926167488098,-1.862645149230957e-08,0.6381253600120544,nnknn_target_value_model,0,0,34,25,0,34,7,0,0,61,57,1.0,4,4,nnknn,496,nnknn,490,"[178, 135, 183]",-0.00012826042075175792,0.0022822848986834288,0.012287312187254429
7668,4,64,0.3001013696193695,-0.01935991458594799,-0.011265146546065807,0.31946128606796265,0.3192659616470337,0.40411972999572754,0.5117499828338623,True,0.8094770908355713,1.0963013172149658,0.9032837152481079,0.9028846621513367,0.9036826491355896,1.037428683048347e-05,0.0625,0.3354164659976959,1.1175870895385742e-08,0.8112512826919556,nnknn_target_value_model,0,0,34,28,2,34,23,18,0,42,41,1.0,2,4,nnknn,500,nnknn,495,"[172, 137, 191]",0.0,0.0022781251464039087,0.011869678273797035
7692,4,24,0.22222492098808289,-0.006362015847116709,0.0011213620891794562,0.22858694195747375,,,,False,0.7483379244804382,1.0956007242202759,0.9027263522148132,0.9025806784629822,0.9028720259666443,1.0283381016051862e-05,0.0,-0.29544001817703247,2.682209014892578e-07,0.03713945299386978,nnknn_target_value_model,0,0,0,0,0,0,4,0,0,21,20,0.0,0,4,nnknn,500,nnknn,499,"[172, 137, 191]",-0.0004999988595955074,0.002220537280663848,0.011708710342645645
7746,4,54,0.20718468725681305,-0.029282497242093086,-0.0206427201628685,0.236467182636261,0.23553046584129333,0.4093635082244873,0.5017300844192505,True,0.8639779090881348,1.096651554107666,0.9022323489189148,0.9018966555595398,0.902567982673645,9.93899902823614e-06,0.0555555559694767,0.21845753490924835,1.2141686767108695e-08,0.6734074950218201,nnknn_target_value_model,0,0,26,38,0,26,13,25,0,41,41,0.75,2,4,nnknn,488,nnknn,487,"[170, 132, 186]",0.0,0.002326261019334197,0.011999210342764854
7792,4,46,0.26273587346076965,-0.03219641000032425,-0.024765554815530777,0.2949322760105133,,,,False,0.7430855631828308,1.095574975013733,0.9015990495681763,0.9013140201568604,0.9018840193748474,1.0509404091862962e-05,0.043478261679410934,0.16011439263820648,2.5915063428527674e-09,0.6008780002593994,nnknn_target_value_model,0,0,21,25,0,21,8,0,0,35,38,0.5,1,4,nnknn,484,nnknn,495,"[166, 137, 181]",0.0,0.0023489727173000574,0.011821666732430458
7816,4,24,0.10108643770217896,-0.0095186373218894,-0.0022081336937844753,0.11060507595539093,,,,False,0.731050431728363,1.0955921411514282,0.9011556506156921,0.9010099768638611,0.9013013243675232,1.0572581231826916e-05,0.0,-0.2562573254108429,1.390775139498146e-07,0.02943510375916958,nnknn_target_value_model,0,0,0,0,0,0,6,25,0,20,18,0.0,0,4,nnknn,484,nnknn,476,"[166, 137, 181]",-0.000499990361277014,0.002312558703124523,0.011999212205410004
7840,4,24,0.05759477615356445,-0.03653697669506073,-0.028246089816093445,0.09413175284862518,0.09374424070119858,-20.715723037719727,0.3193182647228241,True,0.8290888071060181,1.096267580986023,0.9008517265319824,0.9007059931755066,0.9009973406791687,1.0430492693558335e-05,0.0,-0.23905234038829803,1.5397867514366226e-07,0.027013208717107773,nnknn_target_value_model,0,0,0,0,0,0,6,0,0,19,18,0.0,0,4,nnknn,484,nnknn,482,"[166, 137, 181]",-0.0009555993019603193,0.002287966199219227,0.012334178201854229
7874,4,34,0.08178825676441193,-0.028193647041916847,-0.02015339769423008,0.10998190194368362,,,,False,0.8040251135826111,1.096137523651123,0.9004843235015869,0.9002753496170044,0.9006933569908142,1.0366755304858088e-05,0.029411764815449715,-0.04660077020525932,-2.6296167021655492e-08,0.32014963030815125,nnknn_target_value_model,0,0,9,0,0,9,6,0,0,27,28,0.25,1,4,nnknn,493,nnknn,488,"[170, 139, 184]",-0.0012492929818108678,0.002226854907348752,0.012200855650007725
7940,4,66,0.23477968573570251,-0.02537704072892666,-0.017395520582795143,0.2601567208766937,0.2600410282611847,0.31231600046157837,0.4823203384876251,True,0.7981521487236023,1.095907211303711,0.8998510241508484,0.8994393348693848,0.9002626538276672,1.0237717106065247e-05,0.06060606241226196,0.2672869861125946,-5.418604231977042e-08,0.7221860289573669,nnknn_target_value_model,0,0,38,40,0,38,19,25,0,42,47,1.0,3,4,nnknn,491,nnknn,482,"[172, 139, 180]",0.0,0.0022718175314366817,0.012433214113116264
7996,4,56,0.21223312616348267,-0.007338915020227432,0.0010402810294181108,0.2195720374584198,,,,False,0.8379196524620056,1.09624183177948,0.899078369140625,0.8987299799919128,0.8994266390800476,1.0458104952704161e-05,0.0535714328289032,0.24129599332809448,-5.8540280178931425e-08,0.6459113955497742,nnknn_target_value_model,0,0,29,25,0,29,18,0,0,42,38,0.75,2,4,nnknn,495,nnknn,500,"[171, 142, 182]",-0.00022122875088825822,0.0022798110730946064,0.012933200225234032
8062,4,66,0.2303699553012848,-0.01566779427230358,-0.007086829748004675,0.24603775143623352,,,,False,0.8580966591835022,1.0964199304580688,0.8983057737350464,0.897894024848938,0.8987173438072205,1.0595482308417559e-05,0.06060606241226196,0.24469491839408875,-3.431782857887811e-08,0.7335869073867798,nnknn_target_value_model,0,0,35,30,0,35,20,25,0,46,46,1.0,3,4,nnknn,500,nnknn,495,"[177, 141, 182]",0.0,0.0022404915653169155,0.013433082960546017
8106,4,44,0.08107201755046844,-0.03693074733018875,-0.02966924011707306,0.1180027648806572,0.11739975959062576,0.46286290884017944,0.5178565979003906,True,0.7261508107185364,1.0951389074325562,0.8976090550422668,0.8973366618156433,0.8978813290596008,1.0299962923454586e-05,0.04545454680919647,0.04917140677571297,-1.3546510579942606e-08,0.4874618947505951,nnknn_target_value_model,0,0,18,25,0,18,11,0,0,33,33,0.5,2,4,nnknn,493,nnknn,481,"[171, 133, 189]",-9.808542927203234e-06,0.0022980987560003996,0.013923744671046734
8130,4,24,0.08990507572889328,-0.033476322889328,-0.02541000209748745,0.12338139861822128,,,,False,0.8066321611404419,1.0960192680358887,0.8971783518791199,0.8970326781272888,0.8973240256309509,1.0641374501574319e-05,0.0,-0.2562069892883301,-4.967053879312289e-09,0.030583268031477928,nnknn_target_value_model,0,0,0,0,0,0,7,0,0,22,17,0.0,0,4,nnknn,493,nnknn,488,"[171, 133, 189]",-0.0004999940865673125,0.002266915049403906,0.013424258679151535
8164,4,34,0.06715212762355804,-0.02949546091258526,-0.022487036883831024,0.09664759039878845,0.09651727229356766,0.5160373449325562,0.41027361154556274,True,0.7008426785469055,1.0948594808578491,0.8968110084533691,0.8966019749641418,0.8970199823379517,1.0486104656592943e-05,0.029411764815449715,-0.04029879719018936,7.0123111761688506e-09,0.3160260021686554,nnknn_target_value_model,0,0,9,25,0,9,6,0,0,34,28,0.25,1,4,nnknn,477,nnknn,494,"[171, 125, 181]",0.0,0.002347772940993309,0.013303739950060844
8188,4,24,0.06855527311563492,-0.02925064228475094,-0.023328721523284912,0.097805917263031,,,,False,0.5921922922134399,1.0938186645507812,0.8964437246322632,0.8962979912757874,0.8965893387794495,1.0740322068159003e-05,0.0,-0.24397027492523193,-1.6887983633750991e-07,0.029564877972006798,nnknn_target_value_model,0,0,0,0,0,0,4,0,0,22,20,0.0,0,4,nnknn,477,nnknn,498,"[171, 125, 181]",-0.0004999912343919277,0.0023010517470538616,0.012803967110812664
8244,4,56,0.4555761218070984,-0.004879817366600037,0.003308535786345601,0.46045592427253723,,,,False,0.818835437297821,1.0959193706512451,0.8959370851516724,0.8955886960029602,0.896285355091095,1.0415975339128636e-05,0.0535714328289032,0.37659579515457153,-6.918396877608757e-08,0.7966338992118835,nnknn_target_value_model,0,0,33,25,0,33,24,25,0,37,32,0.75,1,4,nnknn,485,nnknn,497,"[177, 127, 181]",-0.00015620089834555984,0.0022540490608662367,0.013150187209248543
8278,4,34,0.0582059770822525,-0.04188954830169678,-0.03422514721751213,0.10009552538394928,0.09928330034017563,0.5067157745361328,0.3844483196735382,True,0.7664403319358826,1.0954135656356812,0.8953670263290405,0.8951579928398132,0.895576000213623,1.0255362212774344e-05,0.029411764815449715,-0.03449014201760292,-7.0123111761688506e-09,0.32270392775535583,nnknn_target_value_model,0,0,9,0,0,9,13,25,0,19,21,0.25,1,4,nnknn,494,nnknn,485,"[182, 129, 183]",-0.0006124859792180359,0.002177234273403883,0.013650164939463139
8332,4,54,0.10834348946809769,-0.008182995952665806,-0.00048509350745007396,0.11652648448944092,,,,False,0.7697903513908386,1.09537672996521,0.8948097229003906,0.8944740295410156,0.8951453566551208,9.955956556950696e-06,0.0555555559694767,0.15973840653896332,-5.0774328741454156e-08,0.5661518573760986,nnknn_target_value_model,0,0,25,25,0,25,13,0,0,47,41,0.75,3,4,nnknn,494,nnknn,498,"[178, 133, 183]",-0.00018732287571765482,0.0022100789938122034,0.01414969190955162
8356,4,24,0.05798047035932541,-0.011268346570432186,-0.0038601956330239773,0.06924881786108017,0.06913912296295166,-33.316165924072266,0.2679052948951721,True,0.7408151626586914,1.095116138458252,0.8943157196044922,0.8941699862480164,0.8944613337516785,1.009656443784479e-05,0.0,-0.20484666526317596,3.973643103449831e-08,0.021167170256376266,nnknn_target_value_model,0,0,0,0,0,0,0,0,0,26,24,0.0,0,4,nnknn,494,nnknn,498,"[178, 133, 183]",-0.0004999953671358526,0.0021737474016845226,0.013650208711624146
8380,4,24,0.0767945647239685,0.015304280444979668,0.021744579076766968,0.06149028241634369,,,,False,0.644029974937439,1.0942113399505615,0.8940116763114929,0.8938660025596619,0.894157350063324,9.88298052106984e-06,0.0,-0.22361111640930176,1.390775139498146e-07,0.024700982496142387,nnknn_target_value_model,0,0,0,0,0,0,3,25,0,20,21,0.0,0,4,nnknn,494,nnknn,476,"[178, 133, 183]",-0.0009807238820940256,0.0021460449788719416,0.014006612822413445
8404,4,24,0.04039514809846878,-0.02648128755390644,-0.01973242126405239,0.06687643378973007,,,,False,0.6748868823051453,1.0944676399230957,0.8937076926231384,0.8935620188713074,0.8938533067703247,9.91212891676696e-06,0.0,-0.2442215383052826,5.960464477539063e-08,0.031302131712436676,nnknn_target_value_model,0,0,0,0,0,0,4,0,0,25,20,0.0,0,4,nnknn,494,nnknn,480,"[178, 133, 183]",-0.0013523359084501863,0.002105571096763015,0.013829397968947887
8448,4,44,0.09211891144514084,-0.02645641379058361,-0.019032249227166176,0.1185753270983696,0.11826513707637787,0.46460646390914917,0.385532945394516,True,0.7424167394638062,1.095097541809082,0.8932770490646362,0.8930046558380127,0.8935493230819702,9.777954801393207e-06,0.04545454680919647,0.0729900375008583,-4.063953173982782e-09,0.47178903222084045,nnknn_target_value_model,0,0,14,25,0,14,4,0,0,45,40,0.5,2,4,nnknn,483,nnknn,484,"[176, 132, 175]",-0.00029053230537101626,0.0021836559753865004,0.013621638529002666
8472,4,24,0.03314376622438431,-0.004640377126634121,0.0038455526810139418,0.037784144282341,,,,False,0.8485931158065796,1.0958831310272217,0.8928462862968445,0.8927006721496582,0.8929920196533203,1.0023948561865836e-05,0.0,-0.19527439773082733,2.9802322387695312e-08,0.019860876724123955,nnknn_target_value_model,0,0,0,0,0,0,7,0,0,20,17,0.0,0,4,nnknn,483,nnknn,491,"[176, 132, 175]",-0.0006896078120917082,0.002149227075278759,0.013441323302686214
8538,4,66,0.7138918042182922,-0.027380747720599174,-0.01938163861632347,0.7412725687026978,0.7410900592803955,0.3250272274017334,0.3825637400150299,True,0.7999110817909241,1.0955740213394165,0.8922763466835022,0.8918646574020386,0.892687976360321,9.903470527206082e-06,0.06060606241226196,0.5549604296684265,9.934107758624577e-09,0.9645182490348816,nnknn_target_value_model,0,0,44,44,0,44,34,25,0,35,32,1.0,1,4,nnknn,483,nnknn,500,"[175, 133, 175]",0.0,0.002174835652112961,0.01307124737650156
8562,4,24,0.03252788260579109,-0.007568380329757929,-0.0008374154567718506,0.04009626433253288,,,,False,0.6730965971946716,1.0942617654800415,0.8917063474655151,0.8915606737136841,0.8918520212173462,9.990433682105504e-06,0.0,-0.19971266388893127,3.973643103449831e-08,0.021870262920856476,nnknn_target_value_model,0,0,0,0,0,0,7,25,0,24,17,0.0,0,4,nnknn,483,nnknn,482,"[175, 133, 175]",-0.0004999992088414729,0.002139656338840723,0.012571286410093307
8608,4,46,0.30019086599349976,-0.00624719075858593,0.001360950293019414,0.30643805861473083,,,,False,0.7608141899108887,1.0951244831085205,0.8912630677223206,0.8909779787063599,0.8915479779243469,9.768787094799336e-06,0.043478261679410934,0.21226517856121063,-1.684479045138687e-08,0.5862011909484863,nnknn_target_value_model,0,0,22,25,0,22,14,0,0,30,32,0.5,1,4,nnknn,480,nnknn,496,"[174, 134, 172]",-9.380320261698216e-05,0.0021347524598240852,0.012866907753050327
8662,4,54,0.21536822617053986,-0.02452358603477478,-0.015836015343666077,0.23989181220531464,0.23955172300338745,0.47955620288848877,0.3837708830833435,True,0.8687572479248047,1.096248745918274,0.8906296491622925,0.8902940154075623,0.8909653425216675,9.773398232937325e-06,0.0555555559694767,0.2700332999229431,-6.622738357719982e-09,0.6496458649635315,nnknn_target_value_model,0,0,30,23,0,30,12,25,0,47,42,0.75,2,4,nnknn,487,nnknn,483,"[178, 132, 177]",0.0,0.002116190968081355,0.013366837054491043
8696,4,34,0.07289987802505493,-0.022887451574206352,-0.015442701056599617,0.09578733146190643,,,,False,0.7444753646850586,1.0948091745376587,0.8900723457336426,0.8898633122444153,0.8902813196182251,9.824902917898726e-06,0.029411764815449715,-0.011826234869658947,-3.5061555880844253e-09,0.31737640500068665,nnknn_target_value_model,0,0,9,0,0,9,4,0,0,35,30,0.25,1,4,nnknn,496,nnknn,487,"[183, 133, 180]",-0.0004999958327971399,0.0020533211063593626,0.013866741210222244
8720,4,24,0.015393149107694626,-0.03901565074920654,-0.031529538333415985,0.05440879985690117,0.05221499502658844,-31.472911834716797,0.23374927043914795,True,0.748611330986023,1.094886064529419,0.8897050619125366,0.8895593285560608,0.8898506760597229,9.7045422080555e-06,0.0,-0.20615261793136597,-4.967053968130131e-08,0.023969752714037895,nnknn_target_value_model,0,0,0,0,0,0,3,0,0,26,21,0.0,0,4,nnknn,496,nnknn,490,"[183, 133, 180]",-0.000990953529253602,0.002037517726421356,0.013641701079905033
8744,4,24,0.030138690024614334,-0.03681270405650139,-0.029388844966888428,0.06695139408111572,,,,False,0.7423860430717468,1.0948599576950073,0.8894009590148926,0.8892553448677063,0.8895466923713684,9.915127520798706e-06,0.0,-0.23323547840118408,-8.940696716308594e-08,0.030411556363105774,nnknn_target_value_model,0,0,0,0,0,0,8,0,0,21,16,0.0,0,4,nnknn,496,nnknn,498,"[183, 133, 180]",-0.0013704877346754074,0.00202708737924695,0.01386377215385437
8778,4,34,0.06966209411621094,-0.019248537719249725,-0.010929864831268787,0.08891063183546066,,,,False,0.831867516040802,1.0956014394760132,0.8890336751937866,0.8888246417045593,0.8892426490783691,1.0153107723454013e-05,0.029411764815449715,-0.009395334869623184,1.753077860655594e-08,0.3092065453529358,nnknn_target_value_model,0,0,8,25,0,8,2,0,0,33,32,0.25,1,4,nnknn,479,nnknn,500,"[175, 132, 172]",-0.00047958290087990463,0.0021498645655810833,0.01406843215227127
8812,4,34,0.08929426968097687,-0.014307263307273388,-0.006924096494913101,0.10360153019428253,0.10350224375724792,0.4494313597679138,0.2860424816608429,True,0.7383168339729309,1.0946643352508545,0.8886030316352844,0.8883939981460571,0.8888120055198669,1.074023384717293e-05,0.029411764815449715,-0.011838629841804504,-7.0123111761688506e-09,0.31653085350990295,nnknn_target_value_model,0,0,8,0,0,8,7,25,0,29,27,0.25,1,4,nnknn,487,nnknn,482,"[180, 133, 174]",-0.0009795455262064934,0.0020937705412507057,0.013588054105639458
8846,4,34,0.1038741022348404,0.011932210065424442,0.019377361983060837,0.09194189310073853,,,,False,0.7445153594017029,1.094624638557434,0.8881723284721375,0.8879633545875549,0.8883813619613647,1.0573227882559877e-05,0.029411764815449715,0.007224861532449722,1.753077860655594e-08,0.30965256690979004,nnknn_target_value_model,0,0,9,0,0,9,7,0,0,32,27,0.25,1,4,nnknn,496,nnknn,489,"[182, 136, 178]",-0.001399151049554348,0.0020246868953108788,0.01395835168659687
8890,4,44,0.11879055202007294,-0.015120822004973888,-0.007555621676146984,0.1339113712310791,0.13290981948375702,0.4371400475502014,0.3415066599845886,True,0.7565200924873352,1.0948642492294312,0.887678325176239,0.8874059915542603,0.8879506587982178,1.0435125659569167e-05,0.04545454680919647,0.11027256399393082,-4.605813685998328e-08,0.4651308059692383,nnknn_target_value_model,0,0,17,25,0,17,5,0,0,40,39,0.5,2,4,nnknn,488,nnknn,494,"[182, 133, 173]",-0.0005939974216744304,0.002108266344293952,0.014216993935406208
8954,4,64,0.3685799241065979,-0.01124667003750801,-0.0032800547778606415,0.3798266053199768,,,,False,0.7966616153717041,1.095128059387207,0.8869943618774414,0.8865953087806702,0.8873933553695679,1.0798631592479069e-05,0.0625,0.37696993350982666,-5.029141902923584e-08,0.7939631938934326,nnknn_target_value_model,0,0,39,50,0,39,21,21,0,42,43,1.0,2,4,nnknn,477,nnknn,494,"[184, 122, 171]",-0.00017441478848922998,0.0021727404091507196,0.01371708419173956
8978,4,24,0.06588538736104965,-0.003996917977929115,0.004114091396331787,0.06988230347633362,,,,False,0.8111010789871216,1.0954475402832031,0.886436939239502,0.8862913250923157,0.8865826725959778,1.0746267435024492e-05,0.0,-0.2447642982006073,-2.9802322387695312e-08,0.03233083337545395,nnknn_target_value_model,0,0,0,0,0,0,4,0,0,23,20,0.0,0,4,nnknn,477,nnknn,498,"[184, 122, 171]",-0.0004999986849725246,0.0021322332322597504,0.013217123225331306
9044,4,66,0.23646371066570282,-0.011318191885948181,-0.00338600086979568,0.247781902551651,0.24765336513519287,0.33292001485824585,0.45189836621284485,True,0.7932191491127014,1.0951383113861084,0.8858670592308044,0.885455310344696,0.8862786889076233,1.043031079461798e-05,0.06060606241226196,0.268588125705719,3.07054222048464e-08,0.703413188457489,nnknn_target_value_model,0,0,39,25,0,39,27,24,1,33,39,1.0,3,4,nnknn,491,nnknn,500,"[186, 125, 180]",-0.0003369891201145947,0.0020672124810516834,0.013134471140801907
9088,4,44,0.08996923267841339,-0.014649215154349804,-0.006718949880450964,0.10461844503879547,,,,False,0.7930266857147217,1.095088243484497,0.8851703405380249,0.8848980069160461,0.8854426741600037,1.0242926691717003e-05,0.04545454680919647,0.10084272921085358,-5.418604231977042e-09,0.46593815088272095,nnknn_target_value_model,0,0,19,0,0,19,3,25,0,45,41,0.5,2,4,nnknn,494,nnknn,478,"[188, 125, 181]",-0.0004999956581741571,0.0020451010204851627,0.012634479440748692
9142,4,54,0.12519030272960663,-0.0005330531275831163,0.007349720690399408,0.12572336196899414,0.12547656893730164,0.4560738205909729,0.46122056245803833,True,0.7882775068283081,1.0950047969818115,0.884549617767334,0.8842139840126038,0.884885311126709,9.658329872763716e-06,0.0555555559694767,0.14321132004261017,4.4151589051466544e-09,0.5776378512382507,nnknn_target_value_model,0,0,27,25,0,27,13,0,0,51,41,0.75,3,4,nnknn,496,nnknn,491,"[189, 124, 183]",-0.0003612056316342205,0.002056698314845562,0.012209990061819553
9176,4,34,0.08364684134721756,-0.01571463793516159,-0.008489107713103294,0.09936147928237915,,,,False,0.7225531935691833,1.0942164659500122,0.8839923143386841,0.8837833404541016,0.8842013478279114,9.516917089058552e-06,0.029411764815449715,-0.03250490874052048,1.051846698629788e-08,0.3159639835357666,nnknn_target_value_model,0,0,9,25,0,9,5,0,0,32,29,0.25,1,4,nnknn,480,nnknn,496,"[179, 123, 178]",-5.253164272289723e-05,0.002117159077897668,0.012709930539131165
9210,4,34,0.10735884308815002,-5.6431585107930005e-05,0.008176078088581562,0.10741527378559113,,,,False,0.8232511281967163,1.0956019163131714,0.8835616707801819,0.8833526372909546,0.8837706446647644,9.766165931068826e-06,0.029411764815449715,-0.007858824916183949,8.76538930327797e-09,0.3141334652900696,nnknn_target_value_model,0,0,8,0,0,8,1,0,0,36,33,0.25,1,4,nnknn,488,nnknn,497,"[183, 126, 179]",-0.0005437923828139901,0.00207009119912982,0.012209945358335972
9244,4,34,0.06195453181862831,-0.028320427983999252,-0.019640015438199043,0.09027495980262756,0.09020587801933289,0.5266985893249512,0.3642410933971405,True,0.868041455745697,1.0958826541900635,0.8831309676170349,0.8829219937324524,0.8833400011062622,9.688109457783867e-06,0.029411764815449715,-0.024580109864473343,2.103693397259576e-08,0.31941521167755127,nnknn_target_value_model,0,0,8,0,0,8,6,25,0,29,28,0.25,1,4,nnknn,496,nnknn,478,"[187, 127, 182]",-0.0009978896705433726,0.002035446697846055,0.012380603700876236
9278,4,34,0.08813627064228058,-0.017162417992949486,-0.008479960262775421,0.10529869049787521,,,,False,0.8682458400726318,1.0957846641540527,0.8827003836631775,0.8824913501739502,0.88290935754776,9.777107152331155e-06,0.029411764815449715,-0.0467306450009346,-1.4024622352337701e-08,0.32312455773353577,nnknn_target_value_model,0,0,8,25,0,8,5,0,0,38,29,0.25,1,4,nnknn,479,nnknn,483,"[183, 119, 177]",-0.0003194004239048809,0.0021402020938694477,0.012729019857943058
9322,4,44,0.06597842276096344,-0.034210965037345886,-0.026023682206869125,0.10018938779830933,0.10010196268558502,0.5517207384109497,0.399812787771225,True,0.8187282085418701,1.0952134132385254,0.8822064399719238,0.8819339871406555,0.882478654384613,1.0293210834788624e-05,0.04545454680919647,0.07864930480718613,-1.3546510579942606e-08,0.4753134548664093,nnknn_target_value_model,0,0,16,0,0,16,4,0,0,42,40,0.5,2,4,nnknn,495,nnknn,487,"[189, 124, 182]",-0.000817476655356586,0.0020830531138926744,0.0132290069013834
9366,4,44,0.0877077654004097,-0.011231265030801296,-0.0033843708224594593,0.09893903136253357,,,,False,0.7846896052360535,1.0949840545654297,0.8816489577293396,0.8813766837120056,0.8819213509559631,1.01457135315286e-05,0.04545454680919647,0.0684988871216774,-2.438371993207511e-08,0.472488671541214,nnknn_target_value_model,0,0,17,25,0,17,8,0,0,27,36,0.5,2,4,nnknn,487,nnknn,495,"[191, 123, 173]",-0.00030640847398899496,0.002164567122235894,0.013427088968455791
9390,4,24,0.02219664305448532,-0.04492116719484329,-0.03712252900004387,0.06711781024932861,,,,False,0.7798638343811035,1.0948500633239746,0.8812183737754822,0.8810726404190063,0.8813639879226685,1.0625668437569402e-05,0.0,-0.2066718190908432,1.8378099753135757e-07,0.023789769038558006,nnknn_target_value_model,0,0,0,0,0,0,0,0,0,25,24,0.0,0,4,nnknn,487,nnknn,495,"[191, 123, 173]",-0.0007777838036417961,0.002155123045668006,0.013927069492638111
9424,4,34,0.07312636077404022,-0.03961411491036415,-0.03208688274025917,0.11274047195911407,0.11378925293684006,0.388912558555603,0.35103511810302734,True,0.7527233362197876,1.0942609310150146,0.8808510303497314,0.8806419968605042,0.881060004234314,1.0714165000536013e-05,0.029411764815449715,-0.022212104871869087,8.76538930327797e-09,0.319343626499176,nnknn_target_value_model,0,0,10,0,0,10,5,0,0,34,29,0.25,1,4,nnknn,497,nnknn,500,"[194, 126, 177]",-0.001214502495713532,0.0021062400192022324,0.014018960297107697
9468,4,44,0.07036174833774567,-0.039771486073732376,-0.032024431973695755,0.11013323068618774,,,,False,0.7747054100036621,1.0944483280181885,0.8803569674491882,0.8800846934318542,0.8806293606758118,1.0630526048771571e-05,0.04545454680919647,0.07432647049427032,-2.709302115988521e-09,0.47396034002304077,nnknn_target_value_model,0,0,19,25,0,19,8,21,0,37,36,0.5,2,4,nnknn,491,nnknn,487,"[188, 126, 177]",-0.0003193863667547703,0.0021808319725096226,0.013987606391310692
9512,4,44,0.10770805180072784,0.0031398937571793795,0.011242108419537544,0.10456816107034683,0.10393635928630829,0.5156141519546509,0.40090739727020264,True,0.8102216124534607,1.0949580669403076,0.8797997236251831,0.8795273303985596,0.8800719976425171,1.0962630767608061e-05,0.04545454680919647,0.08571317046880722,-1.0837208463954084e-08,0.4682117998600006,nnknn_target_value_model,0,0,16,25,0,16,8,0,0,39,36,0.5,2,4,nnknn,482,nnknn,495,"[186, 125, 171]",-0.00024477357510477304,0.002214255277067423,0.013487624004483223
9566,4,54,0.07513278722763062,-0.02870822884142399,-0.0208815336227417,0.10384101420640945,,,,False,0.7826697826385498,1.0946100950241089,0.8791789412498474,0.8788433074951172,0.8795146942138672,1.1022595572285354e-05,0.0555555559694767,0.15276043117046356,-4.4151589051466544e-09,0.565506100654602,nnknn_target_value_model,0,0,26,25,0,26,5,0,0,47,49,0.75,3,4,nnknn,483,nnknn,500,"[191, 123, 169]",-3.4453969419701025e-05,0.002235773950815201,0.013987616635859013
9600,4,34,0.10071344673633575,-0.008455607108771801,-0.000934253737796098,0.10916905105113983,,,,False,0.7521354556083679,1.0942212343215942,0.8786216378211975,0.878412663936615,0.8788306713104248,1.1339689081069082e-05,0.029411764815449715,-0.001459428109228611,7.0123111761688506e-09,0.30966606736183167,nnknn_target_value_model,0,0,9,0,0,9,5,24,0,34,29,0.25,1,4,nnknn,492,nnknn,481,"[193, 127, 172]",-0.0004999832599423826,0.0021398216485977173,0.014487572014331818
9654,4,54,0.08135252445936203,-0.022130286321043968,-0.01417328231036663,0.10348281264305115,0.10341181606054306,0.5743189454078674,0.43471434712409973,True,0.7957005500793457,1.094759464263916,0.8780643343925476,0.8777286410331726,0.8784000277519226,1.0945776011794806e-05,0.0555555559694767,0.14977321028709412,8.830317810293309e-09,0.5675390362739563,nnknn_target_value_model,0,0,29,25,0,29,10,0,0,44,44,0.75,3,4,nnknn,496,nnknn,491,"[188, 129, 179]",-0.000371711328625679,0.0021266916301101446,0.014143590815365314
9688,4,34,0.10751885175704956,-0.00783801544457674,-0.00033786718267947435,0.11535686999559402,,,,False,0.7500149011611938,1.093981146812439,0.8775069713592529,0.8772979974746704,0.8777160048484802,1.0861162991204765e-05,0.029411764815449715,-0.07533767819404602,-1.2271544669317791e-08,0.3206403851509094,nnknn_target_value_model,0,0,9,25,0,9,5,0,0,29,29,0.25,1,4,nnknn,480,nnknn,496,"[182, 127, 171]",-6.06602116022259e-05,0.0022026828955858946,0.013643598183989525
9742,4,54,0.07801243662834167,-0.021683478727936745,-0.013683897443115711,0.09969591349363327,0.09957627952098846,0.5894274711608887,0.4440901279449463,True,0.7999582886695862,1.09456467628479,0.8769496083259583,0.876613974571228,0.877285361289978,1.1029618690372445e-05,0.0555555559694767,0.13611315190792084,-4.194400915480401e-08,0.5713660717010498,nnknn_target_value_model,0,0,27,25,0,27,6,25,0,52,48,0.75,3,4,nnknn,482,nnknn,477,"[178, 129, 175]",-1.0880490663112141e-05,0.0022373097017407417,0.01414358988404274
9796,4,54,0.08004870265722275,-0.01871732622385025,-0.010567396879196167,0.098766028881073,,,,False,0.814993143081665,1.094719409942627,0.8762656450271606,0.8759300112724304,0.8766013383865356,1.1399099093978293e-05,0.0555555559694767,0.14677436649799347,-1.2141686767108695e-08,0.5696191787719727,nnknn_target_value_model,0,0,23,25,0,23,11,0,0,49,43,0.75,3,4,nnknn,480,nnknn,488,"[174, 128, 178]",0.0,0.0022715474478900433,0.013643614016473293
9850,4,54,0.07345404475927353,-0.01315546128898859,-0.005407192278653383,0.08660950511693954,,,,False,0.7748270630836487,1.094117522239685,0.875581681728363,0.875245988368988,0.8759173154830933,1.1661905773507897e-05,0.0555555559694767,0.1337524950504303,4.4151589051466544e-09,0.573448896408081,nnknn_target_value_model,0,0,24,22,0,24,8,0,0,46,46,0.75,3,4,nnknn,482,nnknn,496,"[180, 126, 176]",0.0,0.002243448281660676,0.013143623247742653
9884,4,34,0.09135106205940247,-0.021369755268096924,-0.013556168414652348,0.11272081732749939,0.11369206011295319,0.4513061046600342,0.43887996673583984,True,0.7813588976860046,1.0942598581314087,0.8750243782997131,0.8748153448104858,0.8752333521842957,1.1450890269770753e-05,0.029411764815449715,-0.05072906240820885,7.0123111761688506e-09,0.3183825612068176,nnknn_target_value_model,0,0,9,0,0,9,6,25,0,32,28,0.25,1,4,nnknn,491,nnknn,477,"[183, 129, 179]",-0.0004999959492124617,0.0021784913260489702,0.013643593527376652
9928,4,44,0.08841162919998169,-0.03806121274828911,-0.03080087900161743,0.1264728456735611,,,,False,0.7260334491729736,1.093567132949829,0.8745303750038147,0.8742579817771912,0.8748026490211487,1.1024334526155144e-05,0.04545454680919647,0.08128508180379868,-1.6255812695931127e-08,0.4687509536743164,nnknn_target_value_model,0,0,19,18,0,19,10,0,0,44,34,0.5,2,4,nnknn,492,nnknn,487,"[176, 131, 185]",0.0,0.0021822077687829733,0.013496541418135166
9992,4,64,0.29973676800727844,-0.03799750283360481,-0.02992575243115425,0.33773428201675415,0.337395042181015,0.40240007638931274,0.4514511525630951,True,0.8071751594543457,1.094598412513733,0.8738462924957275,0.8734473586082458,0.8742453455924988,1.103357135434635e-05,0.0625,0.36025094985961914,3.725290298461914e-09,0.7883208394050598,nnknn_target_value_model,0,0,42,35,0,42,22,12,0,43,42,1.0,2,4,nnknn,499,nnknn,497,"[178, 136, 185]",0.0,0.0021773360203951597,0.01299655344337225
10026,4,34,0.06862753629684448,-0.03438115864992142,-0.02715408429503441,0.1030086949467659,,,,False,0.7227076292037964,1.0935256481170654,0.8732256889343262,0.8730166554450989,0.8734346628189087,1.0981946616084315e-05,0.029411764815449715,-0.057346098124980927,1.753077860655594e-08,0.31756946444511414,nnknn_target_value_model,0,0,7,11,0,7,2,0,0,33,32,0.25,1,4,nnknn,495,nnknn,499,"[176, 137, 182]",0.0,0.002176608657464385,0.012496582232415676
10070,4,44,0.10140056908130646,-0.00723690539598465,0.000683909107465297,0.10863747447729111,,,,False,0.7920815348625183,1.0943052768707275,0.8727316856384277,0.872459352016449,0.8730040192604065,1.0936131729977205e-05,0.04545454680919647,0.07317657768726349,-1.6255812695931127e-08,0.4687095582485199,nnknn_target_value_model,0,0,18,18,0,18,8,0,0,41,36,0.5,2,4,nnknn,495,nnknn,482,"[172, 140, 183]",0.0,0.0021799306850880384,0.011996646411716938
10104,4,34,0.1194993108510971,0.005970405414700508,0.013263688422739506,0.11352890729904175,0.11450288444757462,0.46093034744262695,0.45331865549087524,True,0.7293283939361572,1.093063235282898,0.8722376823425293,0.872028648853302,0.8724466562271118,1.1029313100152649e-05,0.029411764815449715,-0.04699655994772911,7.0123111761688506e-09,0.3200415074825287,nnknn_target_value_model,0,0,10,20,0,10,7,0,0,26,27,0.25,1,4,nnknn,485,nnknn,489,"[168, 141, 176]",0.0,0.002220660215243697,0.012496628798544407
10138,4,34,0.063362255692482,-0.025766732171177864,-0.018218815326690674,0.08912898600101471,,,,False,0.754791796207428,1.0937047004699707,0.8718069791793823,0.8715980052947998,0.8720160126686096,1.1232231372559909e-05,0.029411764815449715,-0.03632441163063049,-3.5061555880844253e-09,0.31532421708106995,nnknn_target_value_model,0,0,7,0,0,7,6,0,0,30,28,0.25,1,4,nnknn,492,nnknn,495,"[170, 144, 178]",-0.0004999965312890708,0.0021464216988533735,0.012996607460081577
10172,4,34,0.0819474309682846,-0.023322774097323418,-0.015618272125720978,0.10527020692825317,0.10340321063995361,0.4614318609237671,0.4096759259700775,True,0.7704503536224365,1.0939332246780396,0.8713763356208801,0.8711673617362976,0.8715853095054626,1.0763172213046346e-05,0.029411764815449715,-0.05901467055082321,0.0,0.319764643907547,nnknn_target_value_model,0,0,7,0,0,7,0,0,0,36,34,0.25,1,4,nnknn,499,nnknn,495,"[172, 147, 180]",-0.0009957699803635478,0.002095603384077549,0.012975592166185379
10270,4,98,0.5265519618988037,-0.027767540886998177,-0.01911286637187004,0.5543195009231567,,,,False,0.8654677271842957,1.0952351093292236,0.8705402612686157,0.8699259757995605,0.8711546659469604,1.0607868716761004e-05,0.0714285671710968,0.5253373384475708,2.432842549637826e-08,1.0061309337615967,nnknn_target_value_model,0,0,70,47,22,70,45,50,0,60,53,1.75,3,4,nnknn,500,nnknn,490,"[182, 146, 172]",0.0,0.002153061330318451,0.013034127652645111
10336,4,66,0.16951534152030945,-0.03624371439218521,-0.028241172432899475,0.20575904846191406,,,,False,0.8002543449401855,1.0942573547363281,0.8695016503334045,0.8690900206565857,0.8699133396148682,1.086365864466643e-05,0.06060606241226196,0.2639451026916504,-5.779844514108845e-08,0.7125416398048401,nnknn_target_value_model,0,0,38,35,3,38,19,25,0,49,47,1.0,3,4,nnknn,500,nnknn,484,"[181, 145, 174]",0.0,0.0021950460504740477,0.012576690874993801
10392,4,56,0.4239129424095154,-0.03247562795877457,-0.02409171499311924,0.45638856291770935,0.45493394136428833,0.30116283893585205,0.5099760890007019,True,0.8383913636207581,1.094678282737732,0.8687289953231812,0.8683806657791138,0.8690773248672485,1.101297493733e-05,0.0535714328289032,0.3583218455314636,-1.7029899268550253e-08,0.7989453077316284,nnknn_target_value_model,0,0,31,41,0,31,22,10,0,33,34,0.75,1,4,nnknn,490,nnknn,496,"[180, 140, 170]",0.0,0.002252191537991166,0.012685216031968594
10468,4,76,0.8067111968994141,-0.02343672513961792,-0.01541946455836296,0.830147922039032,,,,False,0.8017262816429138,1.094295859336853,0.8678930401802063,0.8674179911613464,0.8683680295944214,1.1260792234679684e-05,0.06578947603702545,0.6734780669212341,7.764289478018327e-08,1.0908005237579346,nnknn_target_value_model,0,0,53,38,5,53,43,50,0,32,33,1.25,1,4,nnknn,500,nnknn,489,"[185, 146, 169]",0.0,0.0022309410851448774,0.012185334227979183
10502,4,34,0.08718583732843399,-0.01122294832020998,-0.00329124229028821,0.0984087884426117,0.09755130112171173,0.5497578978538513,0.4508601725101471,True,0.793170690536499,1.0938254594802856,0.8671963214874268,0.8669873476028442,0.867405354976654,1.1297440323687624e-05,0.029411764815449715,-0.05298453941941261,1.051846698629788e-08,0.31777656078338623,nnknn_target_value_model,0,0,10,17,0,10,5,0,0,34,29,0.25,1,4,nnknn,493,nnknn,494,"[184, 147, 162]",0.0,0.002233646810054779,0.012367169372737408
10546,4,44,0.13221988081932068,-0.027880234643816948,-0.01998956687748432,0.16010011732578278,,,,False,0.7890670299530029,1.0939863920211792,0.8667023777961731,0.8664299845695496,0.8669746518135071,1.1229653864575084e-05,0.04545454680919647,0.0477745421230793,-2.302906842999164e-08,0.4832640588283539,nnknn_target_value_model,0,0,15,20,0,15,5,0,0,37,39,0.5,2,4,nnknn,488,nnknn,499,"[178, 146, 164]",0.0,0.002228125464171171,0.012594341300427914
10624,4,78,0.7883212566375732,-0.01877819001674652,-0.010321135632693768,0.807099461555481,,,,False,0.8457056879997253,1.094706416130066,0.8659296631813049,0.8654419779777527,0.8664173483848572,1.106643321691081e-05,0.06410256773233414,0.6405746340751648,4.58497284583359e-09,1.1030805110931396,nnknn_target_value_model,0,0,52,39,1,52,44,50,0,37,34,1.25,1,4,nnknn,500,nnknn,493,"[177, 154, 169]",0.0,0.002189778024330735,0.01309433113783598
10688,4,64,0.20485615730285645,-0.025660505518317223,-0.017887074500322342,0.23051665723323822,0.23020803928375244,0.35337382555007935,0.48572105169296265,True,0.7773432731628418,1.0934720039367676,0.8650302886962891,0.8646313548088074,0.8654293417930603,1.0839509741344955e-05,0.0625,0.28165584802627563,-1.0244548320770264e-08,0.7084070444107056,nnknn_target_value_model,0,0,41,26,15,41,21,2,12,46,43,1.0,3,4,nnknn,500,nnknn,500,"[177, 152, 171]",0.0,0.002222115406766534,0.013594324700534344
10732,4,44,0.09856747090816498,-0.020840508863329887,-0.013430830091238022,0.11940798163414001,,,,False,0.7409680485725403,1.0932869911193848,0.8643463850021362,0.8640739917755127,0.8646186590194702,1.1056863513658755e-05,0.04545454680919647,0.05780544877052307,-6.773255289971303e-10,0.4817054271697998,nnknn_target_value_model,0,0,14,17,0,14,6,25,0,39,38,0.5,2,4,nnknn,497,nnknn,481,"[177, 153, 167]",0.0,0.0022383867762982845,0.014094320125877857
10776,4,44,0.06102540343999863,-0.039733052253723145,-0.03186260536313057,0.10075845569372177,0.10141134262084961,0.5184688568115234,0.49102655053138733,True,0.7870448231697083,1.093804121017456,0.8637890815734863,0.8635166883468628,0.8640613555908203,1.1121521310997196e-05,0.04545454680919647,0.06992005556821823,-4.334883385581634e-08,0.47154974937438965,nnknn_target_value_model,0,0,18,16,0,18,3,0,0,44,41,0.5,2,4,nnknn,499,nnknn,484,"[174, 156, 169]",0.0,0.0022875803988426924,0.01459431741386652
10832,4,56,0.250663697719574,-0.014712822623550892,-0.006501772906631231,0.2653765082359314,,,,False,0.8211050629615784,1.093801736831665,0.863155722618103,0.8628073334693909,0.8635039925575256,1.155004974862095e-05,0.0535714328289032,0.21402043104171753,-1.0643686820799303e-08,0.6733700037002563,nnknn_target_value_model,0,0,30,11,18,30,11,0,0,40,45,0.75,2,4,nnknn,500,nnknn,495,"[171, 156, 173]",0.0,0.0022774396929889917,0.01409433875232935
10888,4,56,0.4661092162132263,-0.024350177496671677,-0.01630910113453865,0.4904593825340271,,,,False,0.8041078448295593,1.0938334465026855,0.8624463677406311,0.862097978591919,0.8627946376800537,1.1476052350190002e-05,0.0535714328289032,0.3533610701560974,-3.5124166686273384e-08,0.8188847303390503,nnknn_target_value_model,0,0,32,34,0,32,22,25,0,39,34,0.75,1,4,nnknn,498,nnknn,492,"[169, 155, 174]",0.0,0.002281064633280039,0.013594353571534157
10934,4,46,0.20506031811237335,-0.03365987539291382,-0.025818586349487305,0.23872019350528717,0.2372656762599945,0.4000675082206726,0.5013923645019531,True,0.7841288447380066,1.0934674739837646,0.8618003129959106,0.8615153431892395,0.8620853424072266,1.1700938557623886e-05,0.043478261679410934,0.16542969644069672,-2.5915063872616884e-08,0.5877529978752136,nnknn_target_value_model,0,0,21,25,0,21,12,4,0,43,34,0.5,1,4,nnknn,494,nnknn,500,"[165, 152, 177]",-1.916995461215265e-05,0.00230496097356081,0.013094384223222733
10968,4,34,0.12136633694171906,-0.00253664911724627,0.00501781702041626,0.12390298396348953,,,,False,0.75544673204422,1.0930835008621216,0.8612936735153198,0.8610846400260925,0.8615026473999023,1.1841812010970898e-05,0.029411764815449715,-0.07108202576637268,-1.051846698629788e-08,0.31852859258651733,nnknn_target_value_model,0,0,8,25,0,8,5,25,0,30,29,0.25,1,4,nnknn,477,nnknn,480,"[163, 141, 173]",-1.3993633274367312e-07,0.0023549606557935476,0.012594407424330711
11022,4,54,0.07082255184650421,-0.04694836959242821,-0.0391034334897995,0.11777091771364212,0.1183156818151474,0.4322357773780823,0.49461135268211365,True,0.7844937443733215,1.0932283401489258,0.8607363700866699,0.8604006767272949,0.8610720038414001,1.1970911145908758e-05,0.0555555559694767,0.14073464274406433,-8.830317810293309e-09,0.570999026298523,nnknn_target_value_model,0,0,28,25,0,28,8,0,0,48,46,0.75,3,4,nnknn,480,nnknn,488,"[164, 146, 170]",-2.684118172169292e-08,0.00238529359921813,0.012746691703796387
11056,4,34,0.0737868994474411,-0.027753662317991257,-0.01958572492003441,0.10154056549072266,,,,False,0.8167939782142639,1.0939637422561646,0.8601790070533752,0.859969973564148,0.8603879809379578,1.238141703652218e-05,0.029411764815449715,-0.04137077555060387,1.4024622352337701e-08,0.316272497177124,nnknn_target_value_model,0,0,10,0,0,10,10,0,0,32,24,0.25,1,4,nnknn,489,nnknn,473,"[169, 148, 172]",-0.0004999986849725246,0.0023344061337411404,0.013246644288301468
11090,4,34,0.06340537965297699,-0.04937360808253288,-0.04130779579281807,0.11277898401021957,,,,False,0.8065813779830933,1.0935113430023193,0.859748363494873,0.8595393300056458,0.8599573373794556,1.2117107871745247e-05,0.029411764815449715,-0.07336859405040741,2.8049244704675402e-08,0.32594573497772217,nnknn_target_value_model,0,0,8,0,0,8,9,0,0,27,25,0.25,1,4,nnknn,497,nnknn,482,"[173, 150, 174]",-0.000997220748104155,0.002304588910192251,0.013736993074417114
11134,4,44,0.07732905447483063,-0.026354292407631874,-0.018445566296577454,0.10368334501981735,0.104041188955307,0.5086324214935303,0.45640358328819275,True,0.7908728718757629,1.0930721759796143,0.8592543601989746,0.8589820265769958,0.8595266938209534,1.213086216012016e-05,0.04545454680919647,0.06250447779893875,-1.0837208463954084e-08,0.4757421016693115,nnknn_target_value_model,0,0,17,25,0,17,5,0,0,37,39,0.5,2,4,nnknn,489,nnknn,487,"[175, 148, 166]",-0.0003193664306309074,0.002395353280007839,0.014116011559963226
11178,4,44,0.07749547809362411,-0.03582710772752762,-0.029089562594890594,0.11332258582115173,,,,False,0.6737543940544128,1.0913927555084229,0.8586970567703247,0.8584246635437012,0.8589693307876587,1.2672037883021403e-05,0.04545454680919647,0.018292944878339767,-1.3546510579942606e-09,0.48291537165641785,nnknn_target_value_model,0,0,19,25,0,19,11,0,0,29,33,0.5,2,4,nnknn,483,nnknn,498,"[173, 143, 167]",-0.0001701009168755263,0.0024549595545977354,0.014615747146308422
11222,4,44,0.0755278468132019,-0.03001263551414013,-0.023134617134928703,0.10554048418998718,0.10557305067777634,0.5047606825828552,0.49426141381263733,True,0.6878021359443665,1.091339349746704,0.85813969373703,0.8578673601150513,0.8584120273590088,1.2937000064994209e-05,0.04545454680919647,0.03874287009239197,1.3546510579942606e-09,0.485137939453125,nnknn_target_value_model,0,0,16,0,0,16,11,21,0,33,33,0.5,2,4,nnknn,499,nnknn,488,"[180, 148, 171]",-0.0004999953671358526,0.002362343017011881,0.015115736983716488
11278,4,56,0.22667407989501953,-0.03663942590355873,-0.028981532901525497,0.26331350207328796,,,,False,0.7657892107963562,1.0926966667175293,0.8575063347816467,0.8571580052375793,0.8578546643257141,1.252731181011768e-05,0.0535714328289032,0.2167576104402542,-3.4059798537100505e-08,0.6751257181167603,nnknn_target_value_model,0,0,29,38,0,29,19,10,0,41,37,0.75,2,4,nnknn,490,nnknn,497,"[171, 149, 170]",0.0,0.0024572298862040043,0.015539472922682762
11312,4,34,0.06964828073978424,-0.03419584035873413,-0.026665139943361282,0.10384412109851837,,,,False,0.7530698776245117,1.0926392078399658,0.8569363355636597,0.8567273616790771,0.8571453094482422,1.2950618838658556e-05,0.029411764815449715,-0.04757167771458626,0.0,0.31332269310951233,nnknn_target_value_model,0,0,9,0,0,9,8,25,0,30,26,0.25,1,4,nnknn,499,nnknn,480,"[176, 149, 174]",-0.0004999968805350363,0.002407174790278077,0.015039481222629547
11356,4,44,0.026353947818279266,-0.06598541140556335,-0.057941339910030365,0.09233935922384262,0.09304572641849518,0.5540106296539307,0.4339742362499237,True,0.8044074177742004,1.0931999683380127,0.8564423322677612,0.8561699986457825,0.85671466588974,1.2912733836856205e-05,0.04545454680919647,0.08250948786735535,-1.6255812695931127e-08,0.4663737118244171,nnknn_target_value_model,0,0,19,25,0,19,8,0,0,39,36,0.5,2,4,nnknn,493,nnknn,488,"[177, 144, 172]",-0.0003654375614132732,0.0024865532759577036,0.014704455621540546
11400,4,44,0.0811409279704094,-0.013947050087153912,-0.00675333384424448,0.09508797526359558,,,,False,0.7193717956542969,1.091893196105957,0.8558850288391113,0.8556126952171326,0.8561573624610901,1.345905002381187e-05,0.04545454680919647,0.05627884715795517,-5.418604231977042e-09,0.4737057089805603,nnknn_target_value_model,0,0,17,25,0,17,9,0,0,40,35,0.5,2,4,nnknn,485,nnknn,497,"[176, 143, 166]",-0.00012793115456588566,0.002563707297667861,0.014517635107040405
11466,4,66,0.1845162957906723,-0.0296312365680933,-0.021948182955384254,0.21414753794670105,0.21485334634780884,0.4108882546424866,0.4833776354789734,True,0.7683056592941284,1.0928553342819214,0.8551883101463318,0.8547766804695129,0.8555999994277954,1.364007948723156e-05,0.06060606241226196,0.2616457939147949,-3.7930227847482456e-08,0.706059455871582,nnknn_target_value_model,0,0,37,25,0,37,13,24,0,54,53,1.0,3,4,nnknn,497,nnknn,486,"[184, 144, 169]",-1.566582312761966e-07,0.002525515388697386,0.014330396428704262
11522,4,56,0.4095546305179596,-0.04078265279531479,-0.03311612829566002,0.450337290763855,,,,False,0.7666524052619934,1.092410683631897,0.8544157147407532,0.854067325592041,0.8547639846801758,1.3505902643373702e-05,0.0535714328289032,0.35569798946380615,-4.6832223432602405e-08,0.7949499487876892,nnknn_target_value_model,0,0,32,28,1,32,24,10,0,35,32,0.75,1,4,nnknn,500,nnknn,500,"[183, 144, 173]",0.0,0.0025219556409865618,0.014179510064423084
11618,4,96,0.4970930814743042,-0.02699381113052368,-0.01886340230703354,0.5240868926048279,,,,False,0.813041090965271,1.093152642250061,0.8534530401229858,0.8528513312339783,0.8540546894073486,1.3554053111874964e-05,0.0729166716337204,0.5561797618865967,-9.685754776000977e-08,1.0271697044372559,nnknn_target_value_model,0,0,77,48,29,77,49,50,0,52,47,1.75,3,4,nnknn,500,nnknn,499,"[187, 147, 166]",0.0,0.0025695201475173235,0.013680425472557545
11662,4,44,0.053377918899059296,-0.04625483602285385,-0.038866810500621796,0.09963275492191315,0.10068412870168686,0.540707528591156,0.5474184155464172,True,0.7388026714324951,1.0918371677398682,0.8525664210319519,0.8522940278053284,0.8528386950492859,1.3946887520432938e-05,0.04545454680919647,0.03532998636364937,-2.167441692790817e-08,0.48123377561569214,nnknn_target_value_model,0,0,15,18,0,15,7,25,0,43,37,0.5,2,4,nnknn,497,nnknn,481,"[180, 149, 168]",0.0,0.002608677139505744,0.013455291278660297
11706,4,44,0.11255232244729996,0.00027325237169861794,0.007475938647985458,0.11227907240390778,,,,False,0.7202687859535217,1.0915319919586182,0.8520089983940125,0.8517366647720337,0.8522813320159912,1.4028258192411158e-05,0.04545454680919647,0.03096785955131054,0.0,0.47947877645492554,nnknn_target_value_model,0,0,16,18,0,16,9,0,0,40,35,0.5,2,4,nnknn,495,nnknn,490,"[184, 143, 168]",0.0,0.0026465500704944134,0.013330415822565556
11772,4,66,0.17549346387386322,-0.020403534173965454,-0.01309704128652811,0.19589699804782867,0.19479431211948395,0.41328752040863037,0.5599987506866455,True,0.730649471282959,1.0915865898132324,0.8513123989105225,0.8509006500244141,0.8517240285873413,1.417744715581648e-05,0.06060606241226196,0.2252877652645111,-1.4449611285272113e-08,0.7221052050590515,nnknn_target_value_model,0,0,34,25,4,34,19,25,0,48,47,1.0,3,4,nnknn,500,nnknn,484,"[187, 144, 169]",0.0,0.002629653550684452,0.013830410316586494
11816,4,44,0.08938539028167725,-0.021497171372175217,-0.014100253582000732,0.11088255792856216,,,,False,0.7396920323371887,1.0916471481323242,0.8506156802177429,0.8503433465957642,0.8508880138397217,1.4204234503267799e-05,0.04545454680919647,0.038988400250673294,-1.6255812695931127e-08,0.47638165950775146,nnknn_target_value_model,0,0,17,25,0,17,7,0,0,42,37,0.5,2,4,nnknn,492,nnknn,491,"[180, 145, 167]",-3.3299440982403894e-09,0.002709767082706094,0.013680203817784786
11840,4,24,0.14427229762077332,-0.024670369923114777,-0.018366903066635132,0.1689426600933075,,,,False,0.6303468942642212,1.0895206928253174,0.8501850366592407,0.8500393629074097,0.850330650806427,1.4955588085285854e-05,0.0,-0.28837135434150696,5.960464477539063e-08,0.037433091551065445,nnknn_target_value_model,0,0,0,0,0,0,4,0,0,22,20,0.0,0,4,nnknn,492,nnknn,495,"[180, 145, 167]",-0.0004999979864805937,0.002705540508031845,0.014180175960063934
11874,4,34,0.09997641295194626,-0.018331607803702354,-0.010864941403269768,0.11830802261829376,0.11802005767822266,0.44550448656082153,0.45264145731925964,True,0.7466667294502258,1.0915576219558716,0.84981769323349,0.8496086597442627,0.8500266671180725,1.4861676390864886e-05,0.029411764815449715,-0.08039916306734085,-1.051846698629788e-08,0.32669755816459656,nnknn_target_value_model,0,0,8,0,0,8,1,0,0,39,33,0.25,1,4,nnknn,500,nnknn,496,"[183, 148, 169]",-0.0008756867027841508,0.0026394769083708525,0.01465684175491333
11918,4,44,0.05799683928489685,-0.03633323311805725,-0.029344938695430756,0.0943300724029541,,,,False,0.6988296508789062,1.0910762548446655,0.8493237495422363,0.8490513563156128,0.8495960235595703,1.4396426195162348e-05,0.04545454680919647,0.03277811408042908,-1.3546510579942606e-08,0.483388751745224,nnknn_target_value_model,0,0,12,24,0,12,7,25,0,39,37,0.5,2,4,nnknn,488,nnknn,478,"[180, 142, 166]",0.0,0.0027198425959795713,0.014431470073759556
11974,4,56,0.16364553570747375,-0.03360600769519806,-0.026969166472554207,0.19725154340267181,0.19720007479190826,0.49036550521850586,0.5112320780754089,True,0.6636840105056763,1.0900506973266602,0.848690390586853,0.8483420014381409,0.8490386605262756,1.4651956917077769e-05,0.0535714328289032,0.19845134019851685,0.0,0.667392909526825,nnknn_target_value_model,0,0,26,3,11,26,12,0,0,40,44,0.75,2,4,nnknn,500,nnknn,490,"[187, 145, 168]",0.0,0.002661811886355281,0.013931574299931526
12008,4,34,0.10540761053562164,-0.01802259124815464,-0.011054019443690777,0.12343019992113113,,,,False,0.6968572735786438,1.0903369188308716,0.8481202721595764,0.8479113578796387,0.8483293056488037,1.4020453818375245e-05,0.029411764815449715,-0.07696107029914856,-1.577770092353603e-08,0.3215250074863434,nnknn_target_value_model,0,0,7,12,0,7,1,0,0,38,33,0.25,1,4,nnknn,495,nnknn,491,"[184, 144, 167]",0.0,0.002651891205459833,0.014431465417146683
12052,4,44,0.07344730198383331,-0.034167662262916565,-0.026692228391766548,0.10761496424674988,,,,False,0.7475433349609375,1.0915604829788208,0.8476263880729675,0.847353994846344,0.8478986620903015,1.3943312296760269e-05,0.04545454680919647,0.03954421356320381,-8.127906347965563e-09,0.47799962759017944,nnknn_target_value_model,0,0,14,15,0,14,4,0,0,45,40,0.5,2,4,nnknn,494,nnknn,470,"[179, 145, 170]",0.0,0.0026732569094747305,0.013931474648416042
12096,4,44,0.05348101258277893,-0.056672267615795135,-0.04921416565775871,0.11015328019857407,0.1099381297826767,0.46689820289611816,0.4658641219139099,True,0.7458102107048035,1.091417908668518,0.8470690846443176,0.8467966914176941,0.8473413586616516,1.4140588064037729e-05,0.04545454680919647,0.03753196448087692,-2.709302115988521e-08,0.4755242168903351,nnknn_target_value_model,0,0,18,11,1,18,6,0,0,37,38,0.5,2,4,nnknn,500,nnknn,476,"[181, 146, 173]",0.0,0.0026467181742191315,0.013987724669277668
12150,4,54,0.0725083202123642,-0.0030516856350004673,0.004834740422666073,0.07556000351905823,,,,False,0.7886427640914917,1.0923131704330444,0.8464483618736267,0.8461126685142517,0.8467839956283569,1.4047664080862887e-05,0.0555555559694767,0.11312559247016907,-5.298190686175985e-08,0.5728842616081238,nnknn_target_value_model,0,0,24,19,5,24,7,0,0,44,47,0.75,3,4,nnknn,500,nnknn,483,"[181, 143, 176]",0.0,0.00264112395234406,0.013487732969224453
12184,4,34,0.06991022080183029,-0.03256901353597641,-0.024926375597715378,0.1024792343378067,0.10374876111745834,0.4911460876464844,0.4432904124259949,True,0.764263927936554,1.0915906429290771,0.845890998840332,0.8456820249557495,0.8460999727249146,1.4114704754319973e-05,0.029411764815449715,-0.0911533311009407,-1.2271544669317791e-08,0.3209882080554962,nnknn_target_value_model,0,0,9,18,0,9,3,0,0,34,31,0.25,1,4,nnknn,491,nnknn,486,"[182, 135, 174]",0.0,0.0026429181452840567,0.013312512077391148
12240,4,56,0.20797660946846008,-0.05998838320374489,-0.052011679857969284,0.2679649889469147,,,,False,0.7976704239845276,1.0925607681274414,0.8453210592269897,0.8449726700782776,0.8456693291664124,1.4003391697769985e-05,0.0535714328289032,0.19002299010753632,-3.725290298461914e-08,0.6850199103355408,nnknn_target_value_model,0,0,29,20,0,29,14,0,0,47,42,0.75,2,4,nnknn,500,nnknn,500,"[183, 134, 183]",0.0,0.0026161870919167995,0.013812503777444363
12284,4,44,0.2201901227235794,-0.06135229393839836,-0.05458030104637146,0.28154242038726807,,,,False,0.6771993637084961,1.089669108390808,0.8446876406669617,0.8444153070449829,0.8449599742889404,1.4026883036422078e-05,0.04545454680919647,0.14365911483764648,-1.6255812695931127e-08,0.6084691882133484,nnknn_target_value_model,0,0,16,18,0,16,6,25,0,44,38,0.5,1,4,nnknn,498,nnknn,481,"[181, 134, 183]",0.0,0.0026487004943192005,0.013312529772520065
12328,4,44,0.06174305081367493,-0.042631953954696655,-0.03559442237019539,0.10437500476837158,0.10416659712791443,0.5034894943237305,0.4455336928367615,True,0.7037531733512878,1.0898596048355103,0.8441303968429565,0.843858003616333,0.8444026708602905,1.4313073734228965e-05,0.04545454680919647,0.046897489577531815,8.127906347965563e-09,0.47308430075645447,nnknn_target_value_model,0,0,17,19,0,17,6,0,0,38,38,0.5,2,4,nnknn,496,nnknn,487,"[184, 133, 179]",0.0,0.002688561100512743,0.01381249725818634
12362,4,34,0.08216490596532822,-0.03526496887207031,-0.029548097401857376,0.11742987483739853,,,,False,0.5716872215270996,1.0872273445129395,0.8436363339424133,0.8434273600578308,0.8438453078269958,1.4650394405180123e-05,0.029411764815449715,-0.10264366865158081,1.4024622352337701e-08,0.32760125398635864,nnknn_target_value_model,0,0,8,14,0,8,5,0,0,28,29,0.25,1,4,nnknn,490,nnknn,492,"[182, 132, 176]",0.0,0.0026856157928705215,0.013633636757731438
12416,4,54,0.213812455534935,-0.014074485749006271,-0.006752466782927513,0.22788694500923157,0.22857457399368286,0.40267759561538696,0.4785328507423401,True,0.7322020530700684,1.090875506401062,0.8430789709091187,0.8427433371543884,0.8434146642684937,1.4570090570487082e-05,0.0555555559694767,0.21596647799015045,-1.4349266663771232e-08,0.6635233759880066,nnknn_target_value_model,0,0,28,19,0,28,18,25,0,37,36,0.75,2,4,nnknn,499,nnknn,485,"[180, 137, 182]",0.0,0.002625837689265609,0.01342404168099165
12480,4,64,0.18548844754695892,-0.02410709671676159,-0.01684051752090454,0.20959554612636566,,,,False,0.7266581058502197,1.0908513069152832,0.8423316478729248,0.8419326543807983,0.8427306413650513,1.4245307283999864e-05,0.0625,0.24428507685661316,1.4901161193847656e-08,0.7275065183639526,nnknn_target_value_model,0,0,32,23,8,32,14,0,0,54,50,1.0,3,4,nnknn,500,nnknn,499,"[183, 142, 175]",0.0,0.0026363087818026543,0.013633654452860355
12514,4,34,0.09357615560293198,-0.035416655242443085,-0.027670806273818016,0.12899281084537506,,,,False,0.7745848894119263,1.091505527496338,0.8417109847068787,0.8415020108222961,0.841920018196106,1.448020339012146e-05,0.029411764815449715,-0.10713537037372589,-2.2790011655615672e-08,0.32952722907066345,nnknn_target_value_model,0,0,7,23,0,7,0,0,0,34,34,0.25,1,4,nnknn,484,nnknn,499,"[175, 142, 167]",0.0,0.002702239202335477,0.013457207009196281
12558,4,44,0.08762580156326294,-0.01998540200293064,-0.012829979881644249,0.10761120170354843,0.10713516920804977,0.5009554624557495,0.4994269907474518,True,0.7155424356460571,1.0903735160827637,0.8412169814109802,0.8409446477890015,0.841489315032959,1.4670632481283974e-05,0.04545454680919647,0.0074516842141747475,-1.8965113923741228e-08,0.4871175289154053,nnknn_target_value_model,0,0,15,0,0,15,5,23,0,45,39,0.5,2,4,nnknn,499,nnknn,481,"[176, 149, 174]",-0.0004999943193979561,0.0026283154729753733,0.012999378144741058
12602,4,44,0.08168129622936249,-0.03263051435351372,-0.025326555594801903,0.1143118143081665,,,,False,0.7303959727287292,1.0904159545898438,0.8406596779823303,0.8403873443603516,0.8409320116043091,1.4438440302910749e-05,0.04545454680919647,0.04089380428195,1.6255812695931127e-08,0.47693324089050293,nnknn_target_value_model,0,0,13,24,0,13,6,0,0,39,38,0.5,2,4,nnknn,488,nnknn,487,"[169, 148, 171]",0.0,0.002718542469665408,0.013199162669479847
12646,4,44,0.0612465962767601,-0.03326502442359924,-0.025866826996207237,0.09451162070035934,0.09450971335172653,0.5511904954910278,0.456114262342453,True,0.7398198246955872,1.0905888080596924,0.8401023745536804,0.8398299813270569,0.8403746485710144,1.4967399692977779e-05,0.04545454680919647,0.05333629250526428,-8.127906347965563e-09,0.472808837890625,nnknn_target_value_model,0,0,16,19,0,16,12,0,0,35,32,0.5,2,4,nnknn,485,nnknn,499,"[169, 148, 168]",0.0,0.0027835629880428314,0.013699155300855637
12700,4,54,0.06767774373292923,-0.02694672904908657,-0.018896019086241722,0.09462447464466095,,,,False,0.8050711154937744,1.0920817852020264,0.8394816517829895,0.8391460180282593,0.8398173451423645,1.5405665180878714e-05,0.0555555559694767,0.12987308204174042,-1.9868215517249155e-08,0.5722948312759399,nnknn_target_value_model,0,0,24,18,0,24,16,25,0,44,38,0.75,3,4,nnknn,491,nnknn,490,"[167, 150, 174]",0.0,0.002779964590445161,0.01419911440461874
12744,4,44,0.09118658304214478,-0.013137802481651306,-0.005776023492217064,0.10432438552379608,,,,False,0.7361781597137451,1.090619683265686,0.8388610482215881,0.8385886549949646,0.8391333222389221,1.5544881534879096e-05,0.04545454680919647,0.02701531909406185,-1.3546510579942606e-09,0.483702152967453,nnknn_target_value_model,0,0,14,17,0,14,10,0,0,38,34,0.5,2,4,nnknn,488,nnknn,500,"[166, 148, 174]",0.0,0.002817397005856037,0.013699118979275227
12778,4,34,0.11771958321332932,-0.0006454194081015885,0.006152591202408075,0.11836500465869904,0.1179136410355568,0.47394710779190063,0.47831326723098755,True,0.6798012256622314,1.0893514156341553,0.8383670449256897,0.8381580114364624,0.8385760188102722,1.5766801880090497e-05,0.029411764815449715,-0.10073097050189972,-3.5061555880844253e-09,0.3245236873626709,nnknn_target_value_model,0,0,8,0,0,8,6,25,0,29,28,0.25,1,4,nnknn,496,nnknn,481,"[168, 150, 178]",-0.0004999983939342201,0.0027645945083349943,0.014199107885360718
12822,4,44,0.04839319735765457,-0.05067329853773117,-0.043412379920482635,0.09906649589538574,,,,False,0.7260919213294983,1.0901470184326172,0.8378730416297913,0.8376006484031677,0.8381453156471252,1.5413221262861043e-05,0.04545454680919647,0.038494668900966644,1.0837208463954084e-08,0.4772116243839264,nnknn_target_value_model,0,0,13,11,0,13,6,0,0,45,38,0.5,2,4,nnknn,498,nnknn,487,"[170, 149, 179]",0.0,0.0027809874154627323,0.014690553769469261
12888,4,66,0.41495460271835327,-0.03219389170408249,-0.024466605857014656,0.44714850187301636,0.44527435302734375,0.19556981325149536,0.513329267501831,True,0.7727288007736206,1.0910850763320923,0.8371763825416565,0.8367646932601929,0.8375880122184753,1.551491914142389e-05,0.06060606241226196,0.36455851793289185,-3.07054222048464e-08,0.8443666100502014,nnknn_target_value_model,0,0,41,16,23,41,25,25,0,39,41,1.0,2,4,nnknn,500,nnknn,487,"[175, 149, 176]",0.0,0.002762372838333249,0.01519053429365158
12932,4,44,0.08034779131412506,-0.034635964781045914,-0.02731911465525627,0.11498375982046127,,,,False,0.7316849827766418,1.0899869203567505,0.836479663848877,0.8362073302268982,0.8367519974708557,1.550033084640745e-05,0.04545454680919647,0.02124258689582348,-8.127906347965563e-09,0.4826391041278839,nnknn_target_value_model,0,0,15,23,0,15,15,25,0,27,29,0.5,2,4,nnknn,492,nnknn,477,"[168, 150, 174]",0.0,0.0028437613509595394,0.014690573327243328
12976,4,44,0.24340827763080597,-0.02571537159383297,-0.01814146339893341,0.2691236436367035,,,,False,0.7573909759521484,1.090471863746643,0.835922360420227,0.8356500267982483,0.8361946940422058,1.602251904841978e-05,0.04545454680919647,0.16659720242023468,-1.7610464198014597e-08,0.5822243690490723,nnknn_target_value_model,0,0,23,17,0,23,17,0,0,30,27,0.5,1,4,nnknn,498,nnknn,494,"[165, 152, 181]",0.0,0.0027889853809028864,0.015190547332167625
13062,4,86,0.24551990628242493,-0.04496600478887558,-0.03727193921804428,0.2904859185218811,0.28846651315689087,0.38898903131484985,0.5122044086456299,True,0.7694064378738403,1.0908552408218384,0.8350989818572998,0.8345606923103333,0.8356373310089111,1.590817373653408e-05,0.06976744532585144,0.3454888164997101,1.5247699991505215e-08,0.848293125629425,nnknn_target_value_model,0,0,48,15,31,48,27,10,11,55,59,1.5,4,4,nnknn,500,nnknn,500,"[171, 154, 175]",0.0,0.0028090807609260082,0.015690544620156288
13096,4,34,0.1132052093744278,-0.05332982540130615,-0.04593278095126152,0.16653503477573395,,,,False,0.7397046089172363,1.0900688171386719,0.8343389630317688,0.8341299891471863,0.8345479965209961,1.6031497580115683e-05,0.029411764815449715,-0.1344892531633377,-2.2790011655615672e-08,0.34020164608955383,nnknn_target_value_model,0,0,8,10,0,8,11,25,0,24,23,0.25,1,4,nnknn,498,nnknn,486,"[168, 154, 176]",0.0,0.0028185637202113867,0.016190513968467712
13172,4,76,0.27055037021636963,-0.0440506786108017,-0.03623901680111885,0.31460103392601013,0.3133561313152313,0.2749977111816406,0.5974792242050171,True,0.7811663746833801,1.0910592079162598,0.8336423635482788,0.833167314529419,0.8341173529624939,1.6242982383118942e-05,0.06578947603702545,0.3064335286617279,9.411259327407606e-09,0.8592941761016846,nnknn_target_value_model,0,0,46,27,17,46,33,12,7,45,43,1.25,3,4,nnknn,500,nnknn,500,"[169, 161, 170]",0.0,0.002797801047563553,0.016690503805875778
13226,4,54,0.03400003910064697,-0.05569048970937729,-0.04831774905323982,0.08969052881002426,,,,False,0.7372742891311646,1.0901103019714355,0.8328190445899963,0.8324833512306213,0.8331546783447266,1.5884586900938302e-05,0.0555555559694767,0.07261437922716141,-4.4151589051466544e-09,0.5932179093360901,nnknn_target_value_model,0,0,22,17,5,22,16,22,0,37,38,0.75,3,4,nnknn,500,nnknn,494,"[171, 160, 169]",0.0,0.0028476950246840715,0.016190512105822563
13260,4,34,0.11829076707363129,-0.022839071229100227,-0.015818392857909203,0.14112983644008636,,,,False,0.702068030834198,1.0891543626785278,0.8322616219520569,0.8320526480674744,0.8324706554412842,1.6158372091013007e-05,0.029411764815449715,-0.10235357284545898,-2.3666549608947207e-08,0.32259827852249146,nnknn_target_value_model,0,0,10,11,0,10,1,0,0,33,33,0.25,1,4,nnknn,499,nnknn,495,"[173, 155, 171]",0.0,0.0028049300890415907,0.01669050194323063
13378,4,118,0.6458272933959961,-0.033859170973300934,-0.02611413225531578,0.6796864867210388,0.6749669909477234,0.3107163906097412,0.5531610250473022,True,0.7745038866996765,1.0906219482421875,0.8312990069389343,0.8305580019950867,0.832040011882782,1.587870610819664e-05,0.0762711837887764,0.633073091506958,-5.960464477539063e-08,1.158642053604126,nnknn_target_value_model,0,0,88,35,52,88,56,14,37,60,62,2.25,3,4,nnknn,500,nnknn,500,"[179, 149, 172]",0.0,0.002773106563836336,0.017190469428896904
13422,4,44,0.06434907019138336,-0.03925715386867523,-0.03170246630907059,0.1036062240600586,,,,False,0.7554686665534973,1.0902540683746338,0.8302729725837708,0.830000638961792,0.8305453062057495,1.5824824004084803e-05,0.04545454680919647,0.020151358097791672,-2.709302115988521e-09,0.47632738947868347,nnknn_target_value_model,0,0,20,8,12,20,7,2,5,28,37,0.5,2,4,nnknn,500,nnknn,500,"[180, 147, 173]",0.0,0.002756359288468957,0.01669049821794033
13466,4,44,0.1080813854932785,-0.03527890145778656,-0.02858714759349823,0.14336028695106506,0.141922265291214,0.3882347345352173,0.601667046546936,True,0.6691753268241882,1.0877655744552612,0.8297156691551208,0.8294433355331421,0.8299880027770996,1.5640434867236763e-05,0.04545454680919647,-0.0033485586754977703,-8.127906347965563e-09,0.49239081144332886,nnknn_target_value_model,0,0,17,18,0,17,14,6,8,29,30,0.5,2,4,nnknn,499,nnknn,500,"[182, 146, 171]",0.0,0.0027944177854806185,0.017190491780638695
13500,4,34,0.13616368174552917,-0.02929588407278061,-0.023145020008087158,0.16545957326889038,,,,False,0.615086555480957,1.0860321521759033,0.8292216658592224,0.8290126919746399,0.8294306397438049,1.6028579921112396e-05,0.029411764815449715,-0.1282324492931366,-3.5061555880844253e-09,0.3324360251426697,nnknn_target_value_model,0,0,7,12,0,7,3,25,0,31,31,0.25,1,4,nnknn,494,nnknn,478,"[181, 144, 169]",0.0,0.002787158126011491,0.01669142208993435
13534,4,34,0.15999062359333038,0.00016572204185649753,0.007372284773737192,0.1598249077796936,,,,False,0.7206564545631409,1.0890812873840332,0.8287910223007202,0.8285819888114929,0.8289999961853027,1.577719558554236e-05,0.029411764815449715,-0.11148037761449814,1.2271544669317791e-08,0.3243292570114136,nnknn_target_value_model,0,0,8,11,0,8,5,0,0,31,29,0.25,1,4,nnknn,491,nnknn,483,"[181, 140, 170]",0.0,0.0027743694372475147,0.01619143597781658
13578,4,44,0.014972671866416931,-0.07525914162397385,-0.06777423620223999,0.09023181349039078,0.08989187330007553,0.5665262937545776,0.4715353548526764,True,0.7484902739524841,1.08962082862854,0.8282970190048218,0.828024685382843,0.8285693526268005,1.5807630916242488e-05,0.04545454680919647,0.03875822201371193,5.418604231977042e-09,0.4748964309692383,nnknn_target_value_model,0,0,19,10,0,19,9,0,0,36,35,0.5,2,4,nnknn,500,nnknn,492,"[186, 140, 174]",0.0,0.0027507806662470102,0.015691444277763367
13622,4,44,0.054687563329935074,-0.04605112597346306,-0.03898369520902634,0.10073868930339813,,,,False,0.7067431807518005,1.0883053541183472,0.8277396559715271,0.8274673223495483,0.8280119895935059,1.5697285562055185e-05,0.04545454680919647,0.025371482595801353,-1.6255812695931127e-08,0.47972792387008667,nnknn_target_value_model,0,0,15,9,6,15,7,0,0,35,37,0.5,2,4,nnknn,500,nnknn,499,"[182, 142, 176]",0.0,0.0027527925558388233,0.015191514976322651
13646,4,24,0.1774144172668457,0.03276106342673302,0.03980761021375656,0.1446533501148224,0.1444091796875,-10.069839477539062,0.4096653461456299,True,0.7046546936035156,1.0886521339416504,0.8273090124130249,0.8271633386611938,0.827454686164856,1.576997783558909e-05,0.0,-0.3306349515914917,-7.947286206899662e-08,0.0423889085650444,nnknn_target_value_model,0,0,0,0,0,0,5,25,0,20,19,0.0,0,4,nnknn,500,nnknn,479,"[182, 142, 176]",-0.0004999967059120536,0.0026780457701534033,0.014691525138914585
13680,4,34,0.10565543919801712,0.0006114790448918939,0.008238464593887329,0.10504396259784698,,,,False,0.7626987099647522,1.0902498960494995,0.8269416689872742,0.8267326951026917,0.8271506428718567,1.504941701568896e-05,0.029411764815449715,-0.09253055602312088,-3.506155721311188e-08,0.31978023052215576,nnknn_target_value_model,0,0,7,15,0,7,1,0,0,29,33,0.25,1,4,nnknn,492,nnknn,480,"[182, 136, 174]",0.0,0.002669751876965165,0.01429002732038498
13714,4,34,0.037170372903347015,-0.05282030254602432,-0.04487324506044388,0.08999067544937134,,,,False,0.7947056889533997,1.0907175540924072,0.8265109658241272,0.8263019919395447,0.8267199993133545,1.4955291590013076e-05,0.029411764815449715,-0.06989970058202744,5.6098489409350805e-08,0.3185995817184448,nnknn_target_value_model,0,0,9,13,0,9,5,0,0,28,29,0.25,1,4,nnknn,488,nnknn,485,"[181, 136, 171]",0.0,0.0026596463285386562,0.014790022745728493
13758,4,44,0.2505319118499756,-0.024351852014660835,-0.016956202685832977,0.27488377690315247,0.2742040753364563,0.36863845586776733,0.44932660460472107,True,0.7395650744438171,1.0896066427230835,0.8260169625282288,0.8257446885108948,0.8262893557548523,1.4780253877688665e-05,0.04545454680919647,0.14694750308990479,-1.2191859966037555e-08,0.5981764793395996,nnknn_target_value_model,0,0,18,19,0,18,8,0,0,39,36,0.5,1,4,nnknn,487,nnknn,493,"[172, 142, 173]",0.0,0.002660511527210474,0.015289735980331898
13866,4,108,0.6958649754524231,-0.00863086711615324,-0.0009204922243952751,0.7044958472251892,,,,False,0.7710376977920532,1.0899388790130615,0.8250542879104614,0.82437664270401,0.8257319927215576,1.4749962247151416e-05,0.07407407462596893,0.5659652352333069,2.317958447406454e-08,1.0956470966339111,nnknn_target_value_model,0,0,79,30,36,79,52,50,0,48,56,2.0,4,4,nnknn,500,nnknn,495,"[175, 151, 174]",0.0,0.0026118499226868153,0.015789438039064407
13910,4,44,0.23179969191551208,-0.024745551869273186,-0.01735588349401951,0.2565452456474304,0.256461501121521,0.41273415088653564,0.47545886039733887,True,0.7389671206474304,1.089285969734192,0.8240916728973389,0.8238193392753601,0.8243640065193176,1.4803412341279909e-05,0.04545454680919647,0.15422441065311432,9.482556961870614e-09,0.6033291816711426,nnknn_target_value_model,0,0,17,18,0,17,13,25,0,35,31,0.5,1,4,nnknn,499,nnknn,483,"[175, 151, 173]",0.0,0.002598769962787628,0.016289347782731056
13966,4,56,0.1510724127292633,-0.05280382186174393,-0.045261625200510025,0.20387622714042664,,,,False,0.7542198896408081,1.0891097784042358,0.8234583735466003,0.8231099843978882,0.823806643486023,1.5025885659269989e-05,0.0535714328289032,0.1976354867219925,2.1287374085687816e-09,0.6618735790252686,nnknn_target_value_model,0,0,30,31,0,30,13,0,0,43,43,0.75,2,4,nnknn,498,nnknn,496,"[173, 153, 172]",0.0,0.00260242004878819,0.015789369121193886
14020,4,54,0.09558068960905075,0.005210650619119406,0.012757871299982071,0.09037003666162491,,,,False,0.7547222375869751,1.0894074440002441,0.8227616548538208,0.8224260210990906,0.8230973482131958,1.4850650586595293e-05,0.0555555559694767,0.10874295979738235,3.5321271241173235e-08,0.5726173520088196,nnknn_target_value_model,0,0,25,19,4,25,8,25,0,45,46,0.75,3,4,nnknn,500,nnknn,479,"[175, 153, 172]",0.0,0.0025955201126635075,0.01628936268389225
14074,4,54,0.026833057403564453,-0.07162471860647202,-0.06422422081232071,0.09845777601003647,0.09823202341794968,0.5295581221580505,0.5826046466827393,True,0.7400498390197754,1.088606834411621,0.822077751159668,0.8217419981956482,0.8224133253097534,1.5006449757493101e-05,0.0555555559694767,0.08605841547250748,-2.2075794525733272e-09,0.5871362686157227,nnknn_target_value_model,0,0,20,25,0,20,8,0,0,46,46,0.75,3,4,nnknn,495,nnknn,463,"[170, 152, 173]",-9.841302016866393e-06,0.002642675768584013,0.0157894529402256
14108,4,34,0.12103970348834991,-0.01077108271420002,-0.0031070569530129433,0.13181078433990479,,,,False,0.7664027810096741,1.0896930694580078,0.8215203881263733,0.821311354637146,0.8217293620109558,1.5229669770633336e-05,0.029411764815449715,-0.11256901919841766,-1.7530777940422126e-09,0.3320046067237854,nnknn_target_value_model,0,0,8,12,0,8,8,0,0,25,26,0.25,1,4,nnknn,491,nnknn,471,"[168, 153, 170]",0.0,0.002631180686876178,0.01528946589678526
14162,4,54,0.054899848997592926,-0.03761588782072067,-0.030276549980044365,0.0925157368183136,0.09188305586576462,0.5692169666290283,0.536706268787384,True,0.7339339852333069,1.0884981155395508,0.8209629654884338,0.8206273317337036,0.8212986588478088,1.5125670870475005e-05,0.0555555559694767,0.09056113660335541,-8.830317810293309e-09,0.5847484469413757,nnknn_target_value_model,0,0,22,24,0,22,12,0,0,44,42,0.75,3,4,nnknn,489,nnknn,483,"[171, 151, 167]",0.0,0.002663122257217765,0.015789372846484184
14186,4,24,0.12243016064167023,-0.015396073460578918,-0.007205575704574585,0.13782623410224915,,,,False,0.8190499544143677,1.0907952785491943,0.8204690217971802,0.8203233480453491,0.8206146955490112,1.514252016932005e-05,0.0,-0.3303954005241394,1.341104507446289e-07,0.03919517993927002,nnknn_target_value_model,0,0,0,0,0,0,7,0,0,11,17,0.0,0,4,nnknn,489,nnknn,490,"[171, 151, 167]",-0.0004999960074201226,0.002631411189213395,0.015593179501593113
14242,4,56,0.1760031282901764,-0.040905583649873734,-0.033396508544683456,0.21690870821475983,,,,False,0.7509076595306396,1.0887349843978882,0.8199623227119446,0.8196139931678772,0.820310652256012,1.4848944374534767e-05,0.0535714328289032,0.19653619825839996,-2.3416111716301202e-08,0.6833760738372803,nnknn_target_value_model,0,0,30,19,0,30,15,25,0,44,41,0.75,2,4,nnknn,500,nnknn,480,"[174, 156, 170]",0.0,0.0026089344173669815,0.015221121720969677
14266,4,24,0.10893973708152771,-0.030528131872415543,-0.024151703342795372,0.13946786522865295,0.13722144067287445,-26.186222076416016,0.3835490345954895,True,0.637643039226532,1.0857313871383667,0.819455623626709,0.8193100094795227,0.8196013569831848,1.4758815268578473e-05,0.0,-0.3048294484615326,1.390775139498146e-07,0.038728393614292145,nnknn_target_value_model,0,0,0,0,0,0,1,0,0,30,23,0.0,0,4,nnknn,500,nnknn,481,"[174, 156, 170]",-0.0004999926895834506,0.002573540899902582,0.014721128158271313
14310,4,44,0.12172327935695648,-0.0318257175385952,-0.024592682719230652,0.15354900062084198,,,,False,0.7233033776283264,1.0881798267364502,0.8190249800682068,0.818752646446228,0.8192973136901855,1.4458246369031258e-05,0.04545454680919647,0.035252492874860764,-1.0837208463954084e-08,0.48182085156440735,nnknn_target_value_model,0,0,15,20,0,15,9,0,0,38,35,0.5,2,4,nnknn,495,nnknn,490,"[171, 162, 162]",0.0,0.0026088699232786894,0.014751099981367588
14374,4,64,0.1569594144821167,-0.04319357872009277,-0.03587258607149124,0.20015299320220947,0.20063278079032898,0.4962664842605591,0.5087312459945679,True,0.7320993542671204,1.088216781616211,0.8183410167694092,0.8179420232772827,0.8187400102615356,1.4433692740567494e-05,0.0625,0.2388487309217453,-2.9802322387695312e-08,0.7306125164031982,nnknn_target_value_model,0,0,36,23,8,36,11,25,0,54,53,1.0,3,4,nnknn,500,nnknn,476,"[173, 166, 161]",0.0,0.002628769027069211,0.014251104556024075
14408,4,34,0.031088873744010925,-0.08672498166561127,-0.07949045300483704,0.11781385540962219,,,,False,0.7234530448913574,1.0880274772644043,0.817720353603363,0.8175113201141357,0.8179293274879456,1.4493448361463379e-05,0.029411764815449715,-0.06412477046251297,-1.753077860655594e-08,0.3210258483886719,nnknn_target_value_model,0,0,6,13,0,6,9,0,0,26,25,0.25,1,4,nnknn,493,nnknn,485,"[169, 164, 160]",0.0,0.0026781680062413216,0.014751089736819267
14432,4,24,0.09266173839569092,-0.0028623524121940136,0.0033711991272866726,0.09552408754825592,,,,False,0.6233553290367126,1.0852270126342773,0.8173529505729675,0.8172073364257812,0.8174986839294434,1.4912935512256809e-05,0.0,-0.27580878138542175,1.9868215872520523e-07,0.032045088708400726,nnknn_target_value_model,0,0,0,0,0,0,5,0,0,22,19,0.0,0,4,nnknn,493,nnknn,490,"[169, 164, 160]",-0.0004999981028959155,0.002616069745272398,0.014251095242798328
14456,4,24,0.06251559406518936,-0.030260013416409492,-0.023381134495139122,0.0927756056189537,0.09171434491872787,-10.545613288879395,0.3241204023361206,True,0.6878881454467773,1.0866440534591675,0.8170490264892578,0.8169033527374268,0.8171946406364441,1.4550856576533988e-05,0.0,-0.28706276416778564,3.3775967267501983e-07,0.03302225470542908,nnknn_target_value_model,0,0,0,0,0,0,1,0,0,23,23,0.0,0,4,nnknn,493,nnknn,491,"[169, 164, 160]",-0.0009661948424763978,0.0025628164876252413,0.014246690087020397
14490,4,34,0.06378677487373352,-0.0456567145884037,-0.03918147459626198,0.10944349318742752,,,,False,0.6475241184234619,1.085605502128601,0.8166816830635071,0.8164726495742798,0.8168906569480896,1.4341770111059304e-05,0.029411764815449715,-0.10387773811817169,-8.76538930327797e-09,0.33364370465278625,nnknn_target_value_model,0,0,7,0,0,7,5,0,0,28,29,0.25,1,4,nnknn,500,nnknn,496,"[173, 165, 162]",-0.0013265963643789291,0.0025018497835844755,0.014027716591954231
14534,4,44,0.08227147161960602,-0.04954313859343529,-0.04267261549830437,0.1318146139383316,0.13156254589557648,0.40287959575653076,0.4540022611618042,True,0.6870524287223816,1.0863815546035767,0.8161876797676086,0.8159153461456299,0.8164600133895874,1.4145717614155728e-05,0.04545454680919647,0.035839203745126724,5.418604231977042e-09,0.49114322662353516,nnknn_target_value_model,0,0,13,25,0,13,3,0,0,39,41,0.5,2,4,nnknn,488,nnknn,499,"[165, 158, 165]",-0.0003328428720124066,0.0025846436619758606,0.013790794648230076
14578,4,44,0.09821106493473053,-0.022135702893137932,-0.014454297721385956,0.12034676969051361,,,,False,0.7681406140327454,1.0887291431427002,0.8156304359436035,0.8153579831123352,0.8159026503562927,1.4507758351101074e-05,0.04545454680919647,0.06145798787474632,0.0,0.47425878047943115,nnknn_target_value_model,0,0,15,15,0,15,6,25,0,42,38,0.5,2,4,nnknn,488,nnknn,480,"[163, 156, 169]",0.0,0.0026033970061689615,0.014290791004896164
14612,4,34,0.07132604718208313,-0.028156796470284462,-0.020793311297893524,0.09948284178972244,,,,False,0.7363487482070923,1.0879586935043335,0.8151363730430603,0.814927339553833,0.8153453469276428,1.4804566490056459e-05,0.029411764815449715,-0.059964895248413086,-3.5061555880844253e-09,0.3207671046257019,nnknn_target_value_model,0,0,6,0,0,6,3,0,0,31,31,0.25,1,4,nnknn,494,nnknn,483,"[164, 157, 173]",-0.0004999985685572028,0.0025485255755484104,0.014790761284530163
14678,4,66,0.2135757952928543,-0.006353715900331736,0.0012981242034584284,0.2199295163154602,0.21963651478290558,0.4594573974609375,0.4628974199295044,True,0.7651841640472412,1.0887398719787598,0.814503014087677,0.8140913248062134,0.8149146437644958,1.456880181649467e-05,0.06060606241226196,0.24562446773052216,-9.753487972830044e-08,0.7135030031204224,nnknn_target_value_model,0,0,36,36,0,36,22,25,0,44,44,1.0,3,4,nnknn,494,nnknn,480,"[169, 148, 177]",0.0,0.0025681813713163137,0.014704079367220402
14702,4,24,0.04873349145054817,-0.014040585607290268,-0.006999890320003033,0.06277407705783844,,,,False,0.7040697336196899,1.0871598720550537,0.8139330744743347,0.8137873411178589,0.814078688621521,1.463765511289239e-05,0.0,-0.2374495267868042,9.934107936260261e-08,0.027065809816122055,nnknn_target_value_model,0,0,0,0,0,0,6,0,0,19,18,0.0,0,4,nnknn,494,nnknn,486,"[169, 148, 177]",-0.0004999972297810018,0.002546098781749606,0.015203708782792091
14756,4,54,0.21173697710037231,-0.03425053507089615,-0.027054380625486374,0.24598751962184906,0.24576246738433838,0.43122613430023193,0.46229052543640137,True,0.7196153998374939,1.0872128009796143,0.8134390115737915,0.8131033182144165,0.8137746453285217,1.4663877664133906e-05,0.0555555559694767,0.214780792593956,-1.7660635620586618e-08,0.6781202554702759,nnknn_target_value_model,0,0,26,18,2,26,10,0,0,42,44,0.75,2,4,nnknn,500,nnknn,496,"[172, 149, 179]",0.0,0.002514585852622986,0.015580323524773121
14780,4,24,0.08301392197608948,-0.046063799411058426,-0.039863161742687225,0.1290777176618576,,,,False,0.6200637221336365,1.084092378616333,0.8129450678825378,0.812799334526062,0.8130906820297241,1.460419298382476e-05,0.0,-0.3030844032764435,9.934107758624577e-09,0.03884008526802063,nnknn_target_value_model,0,0,0,0,0,0,5,25,0,21,19,0.0,0,4,nnknn,500,nnknn,476,"[172, 149, 179]",-0.0004999988013878465,0.002490451792255044,0.015080345794558525
14844,4,64,0.20948204398155212,-0.03497861698269844,-0.027260523289442062,0.24446065723896027,,,,False,0.7718093395233154,1.0883517265319824,0.8123877048492432,0.8119886517524719,0.8127866387367249,1.4388278032129165e-05,0.0625,0.27095937728881836,-1.30385160446167e-08,0.7147897481918335,nnknn_target_value_model,0,0,35,33,2,35,16,0,0,46,48,1.0,3,4,nnknn,500,nnknn,492,"[173, 151, 176]",0.0,0.0025154277682304382,0.01459687389433384
14888,4,44,0.04642345383763313,-0.055363934487104416,-0.04767991229891777,0.10178738832473755,0.09960874915122986,0.5334384441375732,0.430634081363678,True,0.7684022188186646,1.0886390209197998,0.8117036819458008,0.811431348323822,0.8119760155677795,1.4453797120950185e-05,0.04545454680919647,0.056183598935604095,1.0837208463954084e-08,0.47310128808021545,nnknn_target_value_model,0,0,19,25,0,19,8,0,0,39,36,0.5,2,4,nnknn,494,nnknn,500,"[172, 143, 179]",0.0,0.0025484682992100716,0.015096869319677353
14932,4,44,0.029879674315452576,-0.08431088924407959,-0.07773882150650024,0.11419056355953217,,,,False,0.6572064757347107,1.0848822593688965,0.8111463189125061,0.8108739852905273,0.8114186525344849,1.470139432058204e-05,0.04545454680919647,0.06229615956544876,5.418604231977042e-09,0.4708929657936096,nnknn_target_value_model,0,0,20,17,0,20,5,25,0,39,39,0.5,2,4,nnknn,497,nnknn,480,"[175, 143, 179]",0.0,0.0025709408801048994,0.014596889726817608
14966,4,34,0.07507249712944031,-0.01425689086318016,-0.007739277556538582,0.08932938426733017,0.08848097920417786,0.5545015931129456,0.4223145544528961,True,0.6517615914344788,1.085038661956787,0.8106523156166077,0.8104433417320251,0.810861349105835,1.4918005945219193e-05,0.029411764815449715,-0.07655511051416397,-1.753077860655594e-08,0.31790822744369507,nnknn_target_value_model,0,0,12,11,0,12,1,0,0,34,33,0.25,1,4,nnknn,498,nnknn,481,"[169, 143, 186]",0.0,0.002535796957090497,0.015096886083483696
15054,4,88,0.8017206192016602,-0.03404472768306732,-0.026468375697731972,0.8357653617858887,,,,False,0.7576354146003723,1.0880038738250732,0.8098796606063843,0.8093286752700806,0.810430645942688,1.4635696970799472e-05,0.06818182021379471,0.6211514472961426,-3.725290298461914e-08,1.092139482498169,nnknn_target_value_model,0,0,62,23,37,62,46,50,0,45,42,1.5,2,4,nnknn,500,nnknn,477,"[175, 145, 180]",0.0,0.0025501942727714777,0.01459689810872078
15130,4,76,0.348614364862442,-0.024096423760056496,-0.015774305909872055,0.37271079421043396,,,,False,0.8322119116783142,1.0901448726654053,0.8088409900665283,0.8083660006523132,0.8093159794807434,1.4901386748533696e-05,0.06578947603702545,0.41541585326194763,-5.6467559517159316e-08,0.8029598593711853,nnknn_target_value_model,0,0,55,30,25,55,25,0,0,52,51,1.25,3,4,nnknn,500,nnknn,478,"[172, 143, 185]",0.0,0.0025760510470718145,0.015096784569323063
15164,4,34,0.06672835350036621,-0.03933936357498169,-0.03238300606608391,0.1060677170753479,0.10678243637084961,0.45128875970840454,0.4096848666667938,True,0.6956358551979065,1.0852264165878296,0.8081443309783936,0.807935357093811,0.8083533048629761,1.5040517610032111e-05,0.029411764815449715,-0.07418818026781082,-1.928385628957585e-08,0.32417190074920654,nnknn_target_value_model,0,0,8,12,0,8,9,0,0,17,25,0.25,1,4,nnknn,496,nnknn,487,"[173, 143, 180]",0.0,0.0025843121111392975,0.014908530749380589
15198,4,34,0.037862349301576614,-0.05515545234084129,-0.04755609855055809,0.09301780164241791,,,,False,0.7599354982376099,1.0879515409469604,0.8077136874198914,0.8075046539306641,0.8079226613044739,1.508553668827517e-05,0.029411764815449715,-0.03834729269146919,1.753077860655594e-08,0.31367766857147217,nnknn_target_value_model,0,0,9,10,0,9,4,0,0,31,30,0.25,1,4,nnknn,495,nnknn,491,"[168, 144, 183]",0.0,0.0025524862576276064,0.015408527106046677
15252,4,54,0.20235438644886017,-0.03276558592915535,-0.02519562467932701,0.23511996865272522,0.23482446372509003,0.43186694383621216,0.4774744212627411,True,0.7569962739944458,1.087917685508728,0.8071563243865967,0.8068206906318665,0.8074920177459717,1.4930573343008291e-05,0.0555555559694767,0.21488554775714874,3.311369312086754e-08,0.6742434501647949,nnknn_target_value_model,0,0,25,25,0,25,16,9,0,45,38,0.75,2,4,nnknn,495,nnknn,498,"[162, 146, 187]",-4.732105298899114e-05,0.0025657538790255785,0.014908532612025738
15276,4,24,0.0795951634645462,-0.051017601042985916,-0.04429473727941513,0.13061276078224182,,,,False,0.6722865104675293,1.0850194692611694,0.8066624402999878,0.8065166473388672,0.8068079948425293,1.4936887055227999e-05,0.0,-0.2992071807384491,1.390775139498146e-07,0.0346594899892807,nnknn_target_value_model,0,0,0,0,0,0,4,5,0,19,20,0.0,0,4,nnknn,495,nnknn,497,"[162, 146, 187]",-0.0004999995580874383,0.0025349112693220377,0.014408575370907784
15330,4,54,0.07551425695419312,-0.02954409457743168,-0.022150864824652672,0.10505834966897964,,,,False,0.7393232583999634,1.086922526359558,0.8061683177947998,0.8058326840400696,0.8065040111541748,1.4752643437532242e-05,0.0555555559694767,0.12181451916694641,-1.3245476715439963e-08,0.5752981305122375,nnknn_target_value_model,0,0,26,25,0,26,13,5,5,47,41,0.75,3,4,nnknn,496,nnknn,500,"[162, 146, 188]",-0.0002834932238329202,0.002549738623201847,0.014693615026772022
15354,4,24,0.08949216455221176,-0.012553075328469276,-0.005193968769162893,0.10204523801803589,0.10186976194381714,-16.855180740356445,0.33426612615585327,True,0.7359108924865723,1.0874050855636597,0.8056744337081909,0.8055286407470703,0.8058199882507324,1.489994247094728e-05,0.0,-0.27473995089530945,9.934107936260261e-08,0.03214431554079056,nnknn_target_value_model,0,0,0,0,0,0,3,3,0,20,21,0.0,0,4,nnknn,496,nnknn,500,"[162, 146, 188]",-0.0007820454193279147,0.0025193796027451754,0.015193495899438858
15388,4,34,0.04091320559382439,-0.045984867960214615,-0.038800984621047974,0.086898073554039,,,,False,0.7183884978294373,1.086652159690857,0.8053069710731506,0.8050979971885681,0.8055160045623779,1.466245339543093e-05,0.029411764815449715,-0.048455435782670975,1.4024622352337701e-08,0.3172430694103241,nnknn_target_value_model,0,0,7,19,0,7,6,6,0,33,28,0.25,1,4,nnknn,484,nnknn,500,"[157, 144, 183]",0.0,0.002575162798166275,0.015658553689718246
15432,4,44,0.027673356235027313,-0.0798957347869873,-0.07285957038402557,0.10756909102201462,0.10727404057979584,0.509150505065918,0.3979187607765198,True,0.7036160826683044,1.0861246585845947,0.8048129677772522,0.8045406937599182,0.8050853610038757,1.5001980500528589e-05,0.04545454680919647,0.07357372343540192,5.418604231977042e-09,0.47082677483558655,nnknn_target_value_model,0,0,16,0,0,16,5,25,0,38,39,0.5,2,4,nnknn,500,nnknn,480,"[162, 149, 189]",-0.0004999944940209389,0.0024526510387659073,0.016158537939190865
15456,4,24,0.07338804006576538,-0.03269829973578453,-0.026518981903791428,0.10608633607625961,,,,False,0.6179317831993103,1.0830845832824707,0.80438232421875,0.804236650466919,0.804527997970581,1.4167780136631336e-05,0.0,-0.3079544007778168,9.934107936260261e-08,0.03763873502612114,nnknn_target_value_model,0,0,0,0,0,0,1,0,0,21,23,0.0,0,4,nnknn,500,nnknn,481,"[162, 149, 189]",-0.0009001444559544325,0.0024239453487098217,0.01651003770530224
15500,4,44,0.05133771151304245,-0.04810154438018799,-0.04089043289422989,0.09943925589323044,,,,False,0.7211112976074219,1.0862960815429688,0.8039517402648926,0.803679347038269,0.8042240142822266,1.3964541722089052e-05,0.04545454680919647,0.0441025011241436,1.0837208463954084e-08,0.4761728048324585,nnknn_target_value_model,0,0,16,25,0,16,7,0,0,37,37,0.5,2,4,nnknn,491,nnknn,488,"[157, 146, 188]",-0.00031928965472616255,0.0024796694051474333,0.016920557245612144
15576,4,76,0.4722594916820526,-0.017010485753417015,-0.00928138755261898,0.4892699718475342,0.4889377951622009,0.3128927946090698,0.5016471743583679,True,0.7729099988937378,1.0878345966339111,0.8031916618347168,0.8027166724205017,0.8036666512489319,1.4026873031980358e-05,0.06578947603702545,0.4450054168701172,-1.7253976025699558e-08,0.9411121010780334,nnknn_target_value_model,0,0,54,44,1,54,31,25,0,46,45,1.25,2,4,nnknn,500,nnknn,494,"[153, 152, 195]",0.0,0.0024165110662579536,0.01742054894566536
15632,4,56,0.20680703222751617,-0.034718260169029236,-0.02757849171757698,0.2415252923965454,,,,False,0.713977038860321,1.0862500667572021,0.8023557066917419,0.8020073175430298,0.8027039766311646,1.3631146430270746e-05,0.0535714328289032,0.2174486517906189,-5.3218435880353354e-08,0.6585549712181091,nnknn_target_value_model,0,0,26,25,1,26,13,25,0,37,43,0.75,2,4,nnknn,500,nnknn,482,"[156, 146, 198]",0.0,0.002425782149657607,0.01792021282017231
15676,4,44,0.021060213446617126,-0.05781448632478714,-0.05114201083779335,0.07887469977140427,0.07693847268819809,0.6436343193054199,0.4325317144393921,True,0.6672476530075073,1.084014654159546,0.8017223477363586,0.8014500141143799,0.8019946813583374,1.354485812044004e-05,0.04545454680919647,0.0626491829752922,-2.438371993207511e-08,0.47565650939941406,nnknn_target_value_model,0,0,16,16,0,16,10,0,0,39,34,0.5,2,4,nnknn,500,nnknn,492,"[156, 148, 196]",0.0,0.002419130178168416,0.018420208245515823
15720,4,44,0.09989720582962036,-0.019472455605864525,-0.012357025407254696,0.11936966329813004,,,,False,0.7115432024002075,1.0854973793029785,0.8011651039123535,0.8008926510810852,0.8014373183250427,1.3447369383357e-05,0.04545454680919647,0.04641740024089813,-4.063953173982782e-09,0.4830041527748108,nnknn_target_value_model,0,0,14,19,0,14,4,0,0,41,40,0.5,2,4,nnknn,495,nnknn,496,"[158, 144, 193]",0.0,0.002441228134557605,0.018920201808214188
15754,4,34,0.07499231398105621,-0.03451823815703392,-0.027794277295470238,0.10951054841279984,,,,False,0.6723959445953369,1.0847251415252686,0.8006710410118103,0.800462007522583,0.8008800148963928,1.3495583516487386e-05,0.029411764815449715,-0.06498106569051743,-3.5061555880844253e-09,0.3173120617866516,nnknn_target_value_model,0,0,7,16,0,7,5,25,0,26,29,0.25,1,4,nnknn,486,nnknn,476,"[155, 141, 190]",0.0,0.0024832000490278006,0.018420211970806122
15788,4,34,0.08497112989425659,-0.03977186977863312,-0.03331347927451134,0.12474299967288971,0.12412991374731064,0.3557621240615845,0.3671996295452118,True,0.645839273929596,1.0834215879440308,0.8002403378486633,0.800031304359436,0.8004493117332458,1.3773003047390375e-05,0.029411764815449715,-0.03858332335948944,7.0123111761688506e-09,0.3225959241390228,nnknn_target_value_model,0,0,6,0,0,6,5,0,0,27,29,0.25,1,4,nnknn,492,nnknn,481,"[155, 144, 193]",-0.0004999921075068414,0.0024733375757932663,0.01892019808292389
15832,4,44,0.04124531149864197,-0.06419336795806885,-0.05693286284804344,0.10543867945671082,,,,False,0.7260509133338928,1.0863428115844727,0.7997463345527649,0.7994740009307861,0.8000186681747437,1.397155847371323e-05,0.04545454680919647,0.0567200630903244,-9.482556961870614e-09,0.48431357741355896,nnknn_target_value_model,0,0,15,20,0,15,8,0,0,37,36,0.5,2,4,nnknn,487,nnknn,489,"[153, 138, 196]",0.0,0.002508019097149372,0.01940779946744442
15866,4,34,0.014293111860752106,-0.07511436194181442,-0.0680357962846756,0.08940747380256653,0.08939976990222931,0.527229905128479,0.3924441635608673,True,0.7078565359115601,1.0855191946029663,0.7992523312568665,0.7990433573722839,0.799461305141449,1.4297237612481695e-05,0.029411764815449715,-0.05377665162086487,1.4024622352337701e-08,0.3168489336967468,nnknn_target_value_model,0,0,8,0,0,8,1,0,0,30,33,0.25,1,4,nnknn,495,nnknn,490,"[154, 142, 199]",-0.0004999920492991805,0.002438823226839304,0.019907770678400993
15920,4,54,0.09504195302724838,-0.006518834736198187,0.0010515672620385885,0.10156078636646271,,,,False,0.7570403218269348,1.0865421295166016,0.7986950278282166,0.7983593344688416,0.7990306615829468,1.4059365639695898e-05,0.0555555559694767,0.1165851578116417,-1.3245476715439963e-08,0.5781297087669373,nnknn_target_value_model,0,0,24,18,1,24,12,25,0,41,42,0.75,3,4,nnknn,500,nnknn,477,"[159, 144, 197]",0.0,0.00243389792740345,0.01983324997127056
15964,4,44,0.043290168046951294,-0.01747000403702259,-0.010597063228487968,0.060760170221328735,,,,False,0.6872943639755249,1.084336280822754,0.7980743050575256,0.7978019714355469,0.7983466386795044,1.4143663065624423e-05,0.04545454680919647,0.054901786148548126,1.0837208463954084e-08,0.47392967343330383,nnknn_target_value_model,0,0,16,22,0,16,4,0,0,42,40,0.5,2,4,nnknn,494,nnknn,481,"[156, 140, 198]",0.0,0.0024642625357955694,0.019333256408572197
16008,4,44,0.1298852115869522,-0.013401886448264122,-0.006205328740179539,0.14328709244728088,0.14326496422290802,0.3145633339881897,0.49043363332748413,True,0.7196559906005859,1.0849339962005615,0.7975170016288757,0.797244668006897,0.7977893352508545,1.4279541574069299e-05,0.04545454680919647,0.026829024776816368,-1.0837208463954084e-08,0.48362186551094055,nnknn_target_value_model,0,0,15,10,0,15,5,0,0,40,39,0.5,2,4,nnknn,499,nnknn,486,"[159, 144, 196]",0.0,0.0024615696165710688,0.018833311274647713
16042,4,34,0.03772468864917755,-0.07043949514627457,-0.06214984878897667,0.10816418379545212,,,,False,0.8289645910263062,1.088942289352417,0.7970229983329773,0.7968140244483948,0.7972319722175598,1.4449524314841256e-05,0.029411764815449715,-0.07302524149417877,-1.4024622352337701e-08,0.3174843490123749,nnknn_target_value_model,0,0,7,8,0,7,6,0,0,26,28,0.25,1,4,nnknn,498,nnknn,467,"[158, 142, 198]",0.0,0.0024538072757422924,0.01933322101831436
16096,4,54,0.1235784962773323,-0.0053429994732141495,0.0016392557881772518,0.1289214938879013,0.12877680361270905,0.4470311403274536,0.4559565782546997,True,0.6982256770133972,1.0846303701400757,0.7964656949043274,0.7961300015449524,0.7968013286590576,1.443303426640341e-05,0.0555555559694767,0.1257060021162033,-1.7660635620586618e-08,0.5783060193061829,nnknn_target_value_model,0,0,22,24,0,22,14,0,0,45,40,0.75,3,4,nnknn,496,nnknn,481,"[159, 136, 201]",0.0,0.002467982703819871,0.019833214581012726
16130,4,34,0.04478531330823898,-0.07243575900793076,-0.06613350659608841,0.11722107231616974,,,,False,0.6302252411842346,1.0824888944625854,0.7959083318710327,0.7956993579864502,0.7961173057556152,1.4579288290406112e-05,0.029411764815449715,-0.06356581300497055,-1.753077860655594e-08,0.32898223400115967,nnknn_target_value_model,0,0,7,8,0,7,10,0,0,22,24,0.25,1,4,nnknn,495,nnknn,491,"[159, 136, 200]",0.0,0.0024687848053872585,0.020333148539066315
16164,4,34,0.05266574025154114,-0.06003842502832413,-0.05238085240125656,0.11270416527986526,,,,False,0.7657574415206909,1.0869526863098145,0.7954776287078857,0.7952686548233032,0.795686662197113,1.4877103239996359e-05,0.029411764815449715,-0.06285365670919418,-8.76538930327797e-09,0.31719544529914856,nnknn_target_value_model,0,0,7,13,0,7,3,0,0,34,31,0.25,1,4,nnknn,489,nnknn,494,"[159, 131, 199]",0.0,0.002487224992364645,0.019833160564303398
16208,4,44,0.11923685669898987,-0.017042014747858047,-0.009841114282608032,0.13627886772155762,0.136119082570076,0.37880414724349976,0.47007569670677185,True,0.7200902104377747,1.0850050449371338,0.7949836850166321,0.7947113513946533,0.7952560186386108,1.5030786016723141e-05,0.04545454680919647,0.044931210577487946,-1.3546510579942606e-08,0.488799512386322,nnknn_target_value_model,0,0,14,11,0,14,6,0,0,34,38,0.5,2,4,nnknn,492,nnknn,500,"[156, 132, 204]",0.0,0.002514976542443037,0.02033315785229206
16242,4,34,0.04960541054606438,-0.054670196026563644,-0.047752633690834045,0.10427560657262802,,,,False,0.6917561292648315,1.0838016271591187,0.7944896221160889,0.7942806482315063,0.7946986556053162,1.534516195533797e-05,0.029411764815449715,-0.054180748760700226,-3.85677125791517e-08,0.31619638204574585,nnknn_target_value_model,0,0,8,0,0,8,1,21,0,35,33,0.25,1,4,nnknn,500,nnknn,480,"[158, 134, 208]",-0.0004999965894967318,0.002463376149535179,0.020833147689700127
16296,4,54,0.20852629840373993,-0.03243774548172951,-0.025717219337821007,0.24096404016017914,0.2405809462070465,0.41844362020492554,0.46952325105667114,True,0.6720526814460754,1.0831830501556396,0.793932318687439,0.7935966849327087,0.794268012046814,1.534534021629952e-05,0.0555555559694767,0.21671439707279205,8.830317810293309e-09,0.6730164289474487,nnknn_target_value_model,0,0,27,27,0,27,13,0,0,40,41,0.75,2,4,nnknn,500,nnknn,493,"[165, 133, 202]",0.0,0.0024953107349574566,0.021040000021457672
16330,4,34,0.06448850780725479,-0.042262621223926544,-0.03602602332830429,0.10675112903118134,,,,False,0.6236597895622253,1.0808703899383545,0.7933750152587891,0.7931659817695618,0.7935839891433716,1.558390249556396e-05,0.029411764815449715,-0.057916346937417984,-1.753077860655594e-08,0.3186834156513214,nnknn_target_value_model,0,0,7,8,0,7,2,0,0,29,32,0.25,1,4,nnknn,499,nnknn,495,"[162, 136, 201]",0.0,0.0024691978469491005,0.021539907902479172
16364,4,34,0.08622193336486816,-0.013251432217657566,-0.005564467050135136,0.09947336465120316,,,,False,0.7686967253684998,1.086434245109558,0.7929443717002869,0.7927353382110596,0.7931533455848694,1.5433264707098715e-05,0.029411764815449715,-0.07289601862430573,-5.25923349314894e-09,0.3232957124710083,nnknn_target_value_model,0,0,9,9,0,9,7,16,0,28,27,0.25,1,4,nnknn,499,nnknn,486,"[163, 134, 202]",0.0,0.002452366752550006,0.021039929240942
16408,4,44,0.019184842705726624,-0.0777568444609642,-0.07020346820354462,0.09694168716669083,0.09673735499382019,0.5519368648529053,0.44494473934173584,True,0.7553374767303467,1.0856218338012695,0.7924504280090332,0.7921779751777649,0.7927226424217224,1.5283681932487525e-05,0.04545454680919647,0.0456857793033123,5.418604231977042e-09,0.47797584533691406,nnknn_target_value_model,0,0,15,14,0,15,7,0,0,38,37,0.5,2,4,nnknn,500,nnknn,493,"[164, 128, 208]",0.0,0.002467056503519416,0.02153939940035343
16464,4,56,0.4778812527656555,-0.06925934553146362,-0.06162681058049202,0.5471405982971191,,,,False,0.763253390789032,1.0861700773239136,0.7918170094490051,0.7914686799049377,0.7921653389930725,1.5396561138913967e-05,0.0535714328289032,0.34638169407844543,-5.960464477539063e-08,0.8392856121063232,nnknn_target_value_model,0,0,32,18,14,32,26,16,3,33,30,0.75,1,4,nnknn,500,nnknn,500,"[169, 128, 203]",0.0,0.0024601309560239315,0.021039405837655067
16508,4,44,0.06125505641102791,-0.05937087908387184,-0.052954576909542084,0.12062593549489975,0.12041185796260834,0.42920196056365967,0.4718044698238373,True,0.641630232334137,1.0816782712936401,0.7911836504936218,0.7909113168716431,0.7914559841156006,1.540491393825505e-05,0.04545454680919647,0.05282685533165932,-5.418604231977042e-09,0.47959887981414795,nnknn_target_value_model,0,0,18,11,7,18,9,15,0,34,35,0.5,2,4,nnknn,500,nnknn,494,"[163, 130, 207]",0.0,0.002469768514856696,0.020539849996566772
16542,4,34,0.09760814905166626,-0.02824242226779461,-0.02201324701309204,0.12585057318210602,,,,False,0.622917652130127,1.0810805559158325,0.7906896471977234,0.7904806733131409,0.7908986806869507,1.5063112186908256e-05,0.029411764815449715,-0.06680245697498322,-1.928385628957585e-08,0.3183712363243103,nnknn_target_value_model,0,0,8,18,0,8,6,0,0,29,28,0.25,1,4,nnknn,490,nnknn,500,"[155, 130, 205]",0.0,0.0025029215030372143,0.020040180534124374
16598,4,56,0.22736647725105286,-0.041126549243927,-0.03385206684470177,0.26849302649497986,,,,False,0.7274481058120728,1.0844085216522217,0.7901197075843811,0.789771318435669,0.7904679775238037,1.5107107174117118e-05,0.0535714328289032,0.19916526973247528,-3.83172746865057e-08,0.6755779385566711,nnknn_target_value_model,0,0,28,13,5,28,16,25,0,41,40,0.75,2,4,nnknn,500,nnknn,491,"[156, 136, 208]",0.0,0.0024539867881685495,0.019540421664714813
16642,4,44,0.05766450613737106,-0.03253745287656784,-0.026132795959711075,0.0902019590139389,0.09006121009588242,0.5727590322494507,0.45288771390914917,True,0.6404657959938049,1.0812712907791138,0.7894864082336426,0.789214015007019,0.7897586822509766,1.4665872186014894e-05,0.04545454680919647,0.05818886309862137,-2.167441692790817e-08,0.47409674525260925,nnknn_target_value_model,0,0,16,12,4,16,9,0,0,38,35,0.5,2,4,nnknn,500,nnknn,500,"[155, 138, 207]",0.0,0.0024630376137793064,0.020040351897478104
16708,4,66,0.24427911639213562,-0.019950443878769875,-0.012433825060725212,0.26422956585884094,,,,False,0.7516620755195618,1.0854240655899048,0.788789689540863,0.7883780002593994,0.7892013192176819,1.4678301340609323e-05,0.06060606241226196,0.22265784442424774,-5.418604231977042e-08,0.7403603792190552,nnknn_target_value_model,0,0,34,30,4,34,21,19,2,45,45,1.0,3,4,nnknn,500,nnknn,500,"[163, 130, 207]",0.0,0.0024602320045232773,0.020540211349725723
16776,4,68,0.3209148347377777,-0.024959834292531013,-0.01710239239037037,0.3458746671676636,0.34561777114868164,0.2648617625236511,0.5440605878829956,True,0.785744309425354,1.0866998434066772,0.7879409790039062,0.7875166535377502,0.7883653044700623,1.454424000257859e-05,0.05882352963089943,0.29742860794067383,-4.3826943851854594e-08,0.8024523854255676,nnknn_target_value_model,0,0,42,27,15,42,20,9,11,47,48,1.0,2,4,nnknn,500,nnknn,500,"[167, 134, 199]",0.0,0.0024830694310367107,0.021040167659521103
16820,4,44,0.2046014666557312,-0.054431699216365814,-0.04785582423210144,0.2590331733226776,,,,False,0.6575875282287598,1.0816764831542969,0.7872317433357239,0.7869593501091003,0.7875040173530579,1.459093709854642e-05,0.04545454680919647,0.154761403799057,-1.3546510579942606e-08,0.6092807650566101,nnknn_target_value_model,0,0,19,19,0,19,14,6,8,28,30,0.5,1,4,nnknn,500,nnknn,500,"[168, 132, 200]",0.0,0.002493165200576186,0.020540179684758186
16884,4,64,0.13735917210578918,-0.03919249027967453,-0.03172099590301514,0.1765516698360443,,,,False,0.7471493482589722,1.084596872329712,0.7865476608276367,0.7861486673355103,0.7869466543197632,1.4642439055023715e-05,0.0625,0.22575512528419495,-1.30385160446167e-08,0.7379232048988342,nnknn_target_value_model,0,0,36,27,9,36,15,18,0,46,49,1.0,3,4,nnknn,500,nnknn,497,"[180, 124, 196]",0.0,0.002554373349994421,0.021040160208940506
16950,4,66,0.5920387506484985,-0.02421211637556553,-0.017106911167502403,0.6162508726119995,0.6162478923797607,0.2887454628944397,0.5516275763511658,True,0.7105206251144409,1.0830793380737305,0.7857243418693542,0.7853126525878906,0.7861359715461731,1.503297607996501e-05,0.06060606241226196,0.496052622795105,-5.418604231977042e-09,0.980069637298584,nnknn_target_value_model,0,0,43,31,12,43,32,12,17,37,34,1.0,1,4,nnknn,500,nnknn,500,"[177, 129, 194]",0.0,0.0025624230038374662,0.020540203899145126
17026,4,76,0.2038743942975998,-0.025625448673963547,-0.01860259473323822,0.22949984669685364,,,,False,0.702285647392273,1.0826449394226074,0.7848249673843384,0.7843499779701233,0.7853000164031982,1.512157996330643e-05,0.06578947603702545,0.3228577673435211,6.274173180997877e-09,0.8323767185211182,nnknn_target_value_model,0,0,46,37,9,46,25,10,15,54,51,1.25,3,4,nnknn,500,nnknn,500,"[171, 134, 195]",0.0,0.0025451374240219593,0.020040275529026985
17050,4,24,0.19482479989528656,-0.04303930699825287,-0.03475363180041313,0.23786410689353943,0.23716752231121063,-20.558181762695312,0.511595606803894,True,0.828567385673523,1.087510108947754,0.7841916084289551,0.7840459942817688,0.7843373417854309,1.4953046047594398e-05,0.0,-0.3130718171596527,8.443991816875496e-08,0.042346321046352386,nnknn_target_value_model,0,0,0,0,0,0,3,4,0,25,21,0.0,0,4,nnknn,500,nnknn,499,"[171, 134, 195]",-0.0004999958327971399,0.0025035501457750797,0.01954028569161892
17074,4,24,0.14968183636665344,-0.037124983966350555,-0.030101072043180466,0.1868068277835846,,,,False,0.7023913264274597,1.0822770595550537,0.7838877439498901,0.7837420105934143,0.7840333580970764,1.4468150766333565e-05,0.0,-0.3110988736152649,-4.0978193283081055e-08,0.039023976773023605,nnknn_target_value_model,0,0,0,0,0,0,4,25,0,22,20,0.0,0,4,nnknn,500,nnknn,478,"[171, 134, 195]",-0.0009941323660314083,0.0024803767446428537,0.019223172217607498
17182,4,108,0.5610827207565308,-0.03957749158143997,-0.03210851550102234,0.6006602048873901,,,,False,0.7468975186347961,1.083842158317566,0.7830516695976257,0.7823740243911743,0.7837293148040771,1.4320897207653616e-05,0.07407407462596893,0.5576663017272949,-2.6490953430879927e-08,1.0964515209197998,nnknn_target_value_model,0,0,75,43,32,75,56,7,27,48,52,2.0,4,4,nnknn,500,nnknn,500,"[176, 132, 192]",0.0,0.0025364879984408617,0.018836792558431625
17226,4,44,0.06632765382528305,-0.04502137005329132,-0.03855067864060402,0.11134902387857437,0.11114667356014252,0.5135255455970764,0.5541067123413086,True,0.6470690965652466,1.080358862876892,0.7820889949798584,0.7818166613578796,0.7823613286018372,1.44150744745275e-05,0.04545454680919647,0.04674248769879341,-1.3546510579942606e-08,0.4823661744594574,nnknn_target_value_model,0,0,13,17,0,13,8,4,4,34,36,0.5,2,4,nnknn,496,nnknn,500,"[166, 136, 194]",0.0,0.002596271689981222,0.019336776807904243
17282,4,56,0.14737722277641296,-0.03993579000234604,-0.0329139418900013,0.1873130202293396,,,,False,0.7021849751472473,1.0823451280593872,0.7814556956291199,0.7811073064804077,0.7818040251731873,1.4966691196605098e-05,0.0535714328289032,0.18089398741722107,-1.27724248955019e-08,0.6751912236213684,nnknn_target_value_model,0,0,28,24,0,28,19,10,9,32,37,0.75,2,4,nnknn,500,nnknn,500,"[165, 136, 199]",0.0,0.0025673918426036835,0.01983673870563507
17316,4,34,0.06156180799007416,-0.07822474837303162,-0.07180508226156235,0.13978655636310577,0.13954821228981018,0.3669334650039673,0.48583582043647766,True,0.6419665813446045,1.079550862312317,0.7808856964111328,0.7806766629219055,0.7810946702957153,1.4756556993233971e-05,0.029411764815449715,-0.09248486161231995,1.7530777940422126e-09,0.3243531286716461,nnknn_target_value_model,0,0,9,19,0,9,12,8,4,22,22,0.25,1,4,nnknn,490,nnknn,500,"[165, 130, 195]",0.0,0.0025894471909850836,0.020336709916591644
17380,4,64,0.2183213233947754,-0.05101954936981201,-0.04398593679070473,0.2693408727645874,,,,False,0.7033612132072449,1.0818800926208496,0.7802649736404419,0.7798659801483154,0.7806640267372131,1.4993714103184175e-05,0.0625,0.3121708631515503,2.421438694000244e-08,0.8227534890174866,nnknn_target_value_model,0,0,34,18,6,34,24,12,12,38,40,1.0,2,4,nnknn,500,nnknn,500,"[159, 137, 204]",0.0,0.0025755036622285843,0.020836694166064262
17414,4,34,0.10044802725315094,-0.05977138876914978,-0.052944932132959366,0.16021941602230072,,,,False,0.6826456785202026,1.0817586183547974,0.7796443700790405,0.7794353365898132,0.779853343963623,1.4986115274950862e-05,0.029411764815449715,-0.0723707377910614,7.0123111761688506e-09,0.3202982544898987,nnknn_target_value_model,0,0,9,13,0,9,4,25,0,29,30,0.25,1,4,nnknn,496,nnknn,479,"[158, 137, 201]",0.0,0.002560370834544301,0.020336708053946495
17448,4,34,0.017308801412582397,-0.06974097341299057,-0.062173113226890564,0.08704977482557297,0.08686221390962601,0.6114313006401062,0.44829419255256653,True,0.7567861080169678,1.0845552682876587,0.7792136073112488,0.779004693031311,0.7794226408004761,1.4735122022102587e-05,0.029411764815449715,-0.07414104789495468,0.0,0.3197271227836609,nnknn_target_value_model,0,0,7,14,0,7,5,0,0,32,29,0.25,1,4,nnknn,489,nnknn,484,"[156, 131, 202]",0.0,0.0025933568831533194,0.02083670347929001
17502,4,54,0.0869188979268074,-0.022799724712967873,-0.015958944335579872,0.10971862077713013,,,,False,0.6840781569480896,1.0812724828720093,0.7786563038825989,0.7783206701278687,0.7789919972419739,1.4940639630367514e-05,0.0555555559694767,0.07748602330684662,-1.3245476715439963e-08,0.5985102653503418,nnknn_target_value_model,0,0,21,22,0,21,16,0,0,37,38,0.75,3,4,nnknn,488,nnknn,500,"[163, 123, 202]",0.0,0.0025775530375540257,0.020336709916591644
17556,4,54,0.20053988695144653,-0.008721405640244484,-0.0006673645111732185,0.20926129817962646,0.2091265320777893,0.46257203817367554,0.47885623574256897,True,0.8054043054580688,1.086135745048523,0.7779723405838013,0.7776366472244263,0.7783079743385315,1.4719048522238154e-05,0.0555555559694767,0.21212096512317657,-2.317958447406454e-08,0.6607811450958252,nnknn_target_value_model,0,0,29,12,5,29,8,17,0,41,46,0.75,2,4,nnknn,500,nnknn,491,"[167, 126, 207]",0.0,0.002501849550753832,0.02083669789135456
17600,4,44,0.05133460834622383,-0.062235284596681595,-0.05603497847914696,0.11356989294290543,,,,False,0.6200305819511414,1.0782603025436401,0.7773516774177551,0.7770793437957764,0.7776240110397339,1.4339445442601573e-05,0.04545454680919647,0.024338284507393837,-1.0837208463954084e-08,0.49025505781173706,nnknn_target_value_model,0,0,14,13,1,14,7,0,0,35,37,0.5,2,4,nnknn,500,nnknn,498,"[166, 127, 207]",0.0,0.0025486056692898273,0.020336735993623734
17644,4,44,0.17852115631103516,-0.054478056728839874,-0.047493308782577515,0.23299922049045563,,,,False,0.698474645614624,1.0817197561264038,0.7767943739891052,0.7765219807624817,0.7770666480064392,1.4561161151505075e-05,0.04545454680919647,0.12734530866146088,-3.7930227847482456e-08,0.6087434887886047,nnknn_target_value_model,0,0,17,15,2,17,5,25,0,37,39,0.5,1,4,nnknn,500,nnknn,478,"[164, 128, 208]",0.0,0.002601935528218746,0.01983676478266716
17678,4,34,0.08814745396375656,-0.03955773264169693,-0.03283972665667534,0.1277051866054535,0.12617966532707214,0.506685197353363,0.5133538246154785,True,0.6718007326126099,1.0803024768829346,0.776300311088562,0.7760913372039795,0.7765093445777893,1.4793806258239783e-05,0.029411764815449715,-0.11006156355142593,7.0123111761688506e-09,0.33719518780708313,nnknn_target_value_model,0,0,6,18,0,6,4,0,0,33,30,0.25,1,4,nnknn,488,nnknn,482,"[159, 124, 205]",0.0,0.0026726964861154556,0.020336758345365524
17712,4,34,0.1280924379825592,-0.014018509536981583,-0.007652915548533201,0.1421109437942505,,,,False,0.6365595459938049,1.0790431499481201,0.7758696675300598,0.7756606936454773,0.7760786414146423,1.5380397599074058e-05,0.029411764815449715,-0.09636015444993973,-2.4543089338635582e-08,0.32653582096099854,nnknn_target_value_model,0,0,8,0,0,8,7,0,0,28,27,0.25,1,4,nnknn,496,nnknn,489,"[161, 127, 208]",-0.0004999962984584272,0.0026009061839431524,0.02083646133542061
17746,4,34,0.11110042035579681,0.0011276245350018144,0.007516077253967524,0.10997279733419418,0.10976236313581467,0.44011741876602173,0.4202306270599365,True,0.6388454437255859,1.0785143375396729,0.7754389643669128,0.7752299904823303,0.7756479978561401,1.5018988960946444e-05,0.029411764815449715,-0.07966441661119461,-2.4543089338635582e-08,0.3190925121307373,nnknn_target_value_model,0,0,10,23,0,10,5,0,0,30,29,0.25,1,4,nnknn,483,nnknn,494,"[154, 128, 201]",0.0,0.0026521426625549793,0.0212256982922554
17790,4,44,0.050130218267440796,-0.03606700152158737,-0.029490862041711807,0.08619721978902817,,,,False,0.6576140522956848,1.0798689126968384,0.7749450206756592,0.7746726870536804,0.7752173542976379,1.543594953545835e-05,0.04545454680919647,0.05192021653056145,1.4901161193847656e-08,0.47052761912345886,nnknn_target_value_model,0,0,18,16,0,18,2,0,0,42,42,0.5,2,4,nnknn,485,nnknn,496,"[152, 130, 203]",0.0,0.0026316926814615726,0.021725337952375412
17856,4,66,0.41190004348754883,-0.05115077272057533,-0.043891068547964096,0.46305081248283386,,,,False,0.7259703278541565,1.0823861360549927,0.7742483615875244,0.7738366723060608,0.7746599912643433,1.5439003618666902e-05,0.06060606241226196,0.364973247051239,-6.321704937306549e-09,0.8391756415367126,nnknn_target_value_model,0,0,37,23,0,37,30,50,0,36,36,1.0,2,4,nnknn,499,nnknn,476,"[158, 133, 208]",0.0,0.00256206002086401,0.02122536115348339
17890,4,34,0.06020185723900795,-0.04974975064396858,-0.04303920641541481,0.10995160788297653,0.10917402803897858,0.4401211142539978,0.41585788130760193,True,0.6710544228553772,1.0797158479690552,0.7736150026321411,0.7734060287475586,0.7738239765167236,1.522225920780329e-05,0.029411764815449715,-0.06683047860860825,-7.888850461768016e-09,0.31776922941207886,nnknn_target_value_model,0,0,9,14,0,9,4,0,0,30,30,0.25,1,4,nnknn,494,nnknn,480,"[159, 132, 203]",0.0,0.0025496764574199915,0.020725375041365623
17944,4,54,0.06670442968606949,-0.04294218868017197,-0.036003924906253815,0.10964661836624146,,,,False,0.6938263773918152,1.0811823606491089,0.7730576395988464,0.7727220058441162,0.7733933329582214,1.4888633813825436e-05,0.0555555559694767,0.133985236287117,-6.622738357719982e-09,0.5677265524864197,nnknn_target_value_model,0,0,23,12,5,23,9,0,0,35,45,0.75,3,4,nnknn,500,nnknn,489,"[159, 129, 212]",0.0,0.0025207409635186195,0.02022538334131241
18010,4,66,0.4117691218852997,-0.011437197215855122,-0.004971731919795275,0.4232063293457031,0.42456573247909546,0.2949889302253723,0.5486175417900085,True,0.6465467214584351,1.0787346363067627,0.7722976803779602,0.7718859910964966,0.772709310054779,1.4504079445032403e-05,0.06060606241226196,0.33582815527915955,-3.612402821318028e-08,0.8576211929321289,nnknn_target_value_model,0,0,36,20,16,36,25,25,0,38,41,1.0,2,4,nnknn,500,nnknn,489,"[152, 136, 212]",0.0,0.0025236583314836025,0.020725373178720474
18076,4,66,0.13978514075279236,-0.07499135285615921,-0.06765852868556976,0.21477648615837097,,,,False,0.7332825064659119,1.082006573677063,0.7714616656303406,0.771049976348877,0.7718733549118042,1.4722384548804257e-05,0.06060606241226196,0.21349914371967316,2.709302115988521e-08,0.7412289977073669,nnknn_target_value_model,0,0,35,33,2,35,18,0,0,48,48,1.0,3,4,nnknn,500,nnknn,482,"[151, 139, 210]",0.0,0.0025552415754646063,0.02122534066438675
18120,4,44,0.03988874703645706,-0.06402788311243057,-0.056380435824394226,0.10391663014888763,,,,False,0.7647446990013123,1.0837293863296509,0.7707650661468506,0.770492672920227,0.7710373401641846,1.499422978668008e-05,0.04545454680919647,0.04043467342853546,-5.418604231977042e-09,0.48006418347358704,nnknn_target_value_model,0,0,19,19,0,19,14,0,0,21,30,0.5,2,4,nnknn,500,nnknn,496,"[154, 139, 207]",0.0,0.002527848817408085,0.02172524854540825
18154,4,34,0.07329779863357544,-0.04200020059943199,-0.03505932539701462,0.11529800295829773,0.11528061330318451,0.49092304706573486,0.4723171889781952,True,0.6940876245498657,1.0803778171539307,0.7702710032463074,0.7700620293617249,0.7704799771308899,1.4860120245430153e-05,0.029411764815449715,-0.09690510481595993,1.4024622352337701e-08,0.32786649465560913,nnknn_target_value_model,0,0,7,12,0,7,2,0,0,35,32,0.25,1,4,nnknn,495,nnknn,498,"[154, 133, 208]",0.0,0.002540845889598131,0.02222505956888199
18188,4,34,0.10661781579256058,-0.008237183094024658,-0.0025871044490486383,0.11485499888658524,,,,False,0.5650081038475037,1.074310302734375,0.7698403596878052,0.7696313261985779,0.7700493335723877,1.4950237527955323e-05,0.029411764815449715,-0.09450782090425491,0.0,0.32203757762908936,nnknn_target_value_model,0,0,8,14,0,8,9,25,0,27,25,0.25,1,4,nnknn,489,nnknn,482,"[157, 127, 205]",0.0,0.002525553572922945,0.021725071594119072
18232,4,44,0.08802652359008789,-0.023112723603844643,-0.01645485684275627,0.11113924533128738,0.11130580306053162,0.4701908230781555,0.47213929891586304,True,0.6657869219779968,1.0786705017089844,0.7693463563919067,0.769074022769928,0.7696186900138855,1.4616052794735879e-05,0.04545454680919647,0.03900398686528206,8.127906347965563e-09,0.4756815433502197,nnknn_target_value_model,0,0,15,18,0,15,11,0,0,36,33,0.5,2,4,nnknn,486,nnknn,493,"[154, 129, 203]",0.0,0.002534662839025259,0.02222503535449505
18278,4,46,0.2579394578933716,-0.05013488605618477,-0.04303886368870735,0.30807435512542725,,,,False,0.7096021771430969,1.08085298538208,0.7687763571739197,0.7684913277626038,0.7690613269805908,1.4774670489714481e-05,0.043478261679410934,0.14469441771507263,-2.8506569549335836e-08,0.6067635416984558,nnknn_target_value_model,0,0,21,18,0,21,15,19,0,33,31,0.5,1,4,nnknn,489,nnknn,489,"[150, 135, 204]",0.0,0.002533557126298547,0.022725000977516174
18322,4,44,0.09512516856193542,-0.02313406392931938,-0.017456958070397377,0.1182592362165451,,,,False,0.567710816860199,1.0742058753967285,0.7682063579559326,0.7679340243339539,0.7684786915779114,1.481643266743049e-05,0.04545454680919647,0.026819612830877304,0.0,0.4843788146972656,nnknn_target_value_model,0,0,14,16,0,14,6,0,0,36,38,0.5,2,4,nnknn,487,nnknn,495,"[148, 134, 205]",0.0,0.002573033794760704,0.022225026041269302
18376,4,54,0.07921425998210907,-0.06290727853775024,-0.05682595446705818,0.14212153851985931,0.1417728066444397,0.36144858598709106,0.5265330076217651,True,0.6081324815750122,1.0761522054672241,0.7675856351852417,0.7672500014305115,0.7679213285446167,1.5107669241842814e-05,0.0555555559694767,0.09372224658727646,4.4151589051466544e-09,0.5969823002815247,nnknn_target_value_model,0,0,20,8,0,20,19,15,0,28,35,0.75,3,4,nnknn,499,nnknn,499,"[151, 138, 210]",0.0,0.002503315219655633,0.021725062280893326
18420,4,44,0.07468348741531372,-0.02303260751068592,-0.016163984313607216,0.09771609306335449,,,,False,0.6868624091148376,1.0789240598678589,0.7669650316238403,0.7666926383972168,0.7672373056411743,1.4573844964616e-05,0.04545454680919647,0.0366310253739357,2.709302115988521e-09,0.4806535542011261,nnknn_target_value_model,0,0,19,16,2,19,8,12,0,30,36,0.5,2,4,nnknn,500,nnknn,495,"[154, 143, 203]",0.0,0.0024656043387949467,0.02222500555217266
18494,4,74,0.2589274048805237,-0.03914833441376686,-0.032333020120859146,0.29807573556900024,0.2971227467060089,0.36828362941741943,0.5618619918823242,True,0.6815313696861267,1.07944655418396,0.7662177085876465,0.7657553553581238,0.7666800022125244,1.4396926417248324e-05,0.06756757199764252,0.31774017214775085,-5.960464477539063e-08,0.8533522486686707,nnknn_target_value_model,0,0,41,29,12,41,29,15,9,36,45,1.25,3,4,nnknn,500,nnknn,500,"[156, 146, 198]",0.0,0.0024413224309682846,0.021725021302700043
18528,4,34,0.08430148661136627,-0.0400882251560688,-0.033384423702955246,0.12438970804214478,,,,False,0.6703801155090332,1.0781447887420654,0.7655336856842041,0.7653246521949768,0.7657426595687866,1.4212557289283723e-05,0.029411764815449715,-0.1034519299864769,-3.5061555880844253e-09,0.3272712826728821,nnknn_target_value_model,0,0,9,20,0,9,9,10,0,26,25,0.25,1,4,nnknn,489,nnknn,499,"[155, 137, 197]",0.0,0.0025015270803123713,0.022224999964237213
18572,4,44,0.09223729372024536,0.01989491656422615,0.027155041694641113,0.07234237343072891,,,,False,0.7260127067565918,1.0804096460342407,0.7650397419929504,0.7647673487663269,0.7653120160102844,1.4613499843108002e-05,0.04545454680919647,0.029912326484918594,-8.127906347965563e-09,0.4776896834373474,nnknn_target_value_model,0,0,18,17,0,18,4,25,0,36,40,0.5,2,4,nnknn,490,nnknn,478,"[153, 137, 200]",0.0,0.0024805013090372086,0.021725010126829147
18616,4,44,0.0478079617023468,-0.06455613672733307,-0.05664670467376709,0.11236409842967987,0.11239716410636902,0.46471351385116577,0.48906779289245605,True,0.7909429669380188,1.0841877460479736,0.764482319355011,0.7642099857330322,0.7647546529769897,1.4431468116526958e-05,0.04545454680919647,0.03399363532662392,-2.709302115988521e-09,0.47584426403045654,nnknn_target_value_model,0,0,16,17,0,16,8,0,0,35,36,0.5,2,4,nnknn,489,nnknn,486,"[151, 137, 201]",0.0,0.0024912452790886164,0.021225016564130783
18650,4,34,0.10602464526891708,-0.01357568334788084,-0.007611998822540045,0.1196003258228302,,,,False,0.596368670463562,1.07453453540802,0.7639883160591125,0.76377934217453,0.7641973495483398,1.4406552509171888e-05,0.029411764815449715,-0.07217063754796982,-2.103693397259576e-08,0.32011425495147705,nnknn_target_value_model,0,0,8,0,0,8,6,0,0,28,28,0.25,1,4,nnknn,497,nnknn,492,"[153, 140, 204]",-0.0004999832017347217,0.0024140772875398397,0.020726898685097694
18714,4,64,0.17794597148895264,-0.015384395606815815,-0.008396651595830917,0.19333036243915558,0.1938387006521225,0.47102415561676025,0.5057474374771118,True,0.6987744569778442,1.0787512063980103,0.7633676528930664,0.7629686594009399,0.7637666463851929,1.3900836165703367e-05,0.0625,0.2499549388885498,7.450580596923828e-09,0.7172259092330933,nnknn_target_value_model,0,0,33,19,11,33,16,19,0,39,48,1.0,3,4,nnknn,500,nnknn,489,"[156, 143, 201]",0.0,0.0023936841171234846,0.02109478786587715
18782,4,68,0.5919950008392334,-0.04733654856681824,-0.04068698734045029,0.639331579208374,,,,False,0.6649559736251831,1.0775500535964966,0.7625316977500916,0.7621073126792908,0.7629560232162476,1.388299097015988e-05,0.05882352963089943,0.5106895565986633,2.7172704974987028e-08,0.9469033479690552,nnknn_target_value_model,0,0,44,28,16,44,38,6,21,28,30,1.0,1,4,nnknn,500,nnknn,500,"[160, 146, 194]",0.0,0.002407459542155266,0.020594866946339607
18816,4,34,0.14251072704792023,0.0028443671762943268,0.009670430794358253,0.1396663635969162,,,,False,0.6826065182685852,1.0787521600723267,0.7618856430053711,0.7616766691207886,0.7620946764945984,1.3858601960237138e-05,0.029411764815449715,-0.11240273714065552,5.25923349314894e-09,0.33572477102279663,nnknn_target_value_model,0,0,6,15,0,6,7,7,0,30,27,0.25,1,4,nnknn,491,nnknn,500,"[158, 143, 190]",0.0,0.0024696816690266132,0.02109483629465103
18880,4,64,0.06373142451047897,-0.026889624074101448,-0.0194389708340168,0.09062104672193527,0.09110420942306519,0.6233322620391846,0.505632758140564,True,0.7450655102729797,1.0809931755065918,0.7612650394439697,0.7608659863471985,0.7616639733314514,1.4437685422308277e-05,0.0625,0.15616768598556519,2.9802322387695312e-08,0.6464201211929321,nnknn_target_value_model,0,0,32,19,4,32,11,6,5,53,53,1.0,4,4,nnknn,500,nnknn,500,"[162, 139, 199]",0.0,0.0024080120492726564,0.020594842731952667
18924,4,44,0.07015104591846466,-0.033221449702978134,-0.026497602462768555,0.1033724993467331,,,,False,0.6723847985267639,1.077837586402893,0.7605810165405273,0.7603086829185486,0.7608533501625061,1.4368305528478231e-05,0.04545454680919647,0.026875142008066177,-8.127906347965563e-09,0.47920793294906616,nnknn_target_value_model,0,0,14,9,5,14,5,25,0,34,39,0.5,2,4,nnknn,500,nnknn,480,"[161, 141, 198]",0.0,0.0023865001276135445,0.021094825118780136
18990,4,66,0.3793475329875946,-0.033839136362075806,-0.026359504088759422,0.4131866693496704,0.4127707779407501,0.3106873035430908,0.536206841468811,True,0.7479634284973145,1.0813490152359009,0.7598843574523926,0.759472668170929,0.7602959871292114,1.4315196494862903e-05,0.06060606241226196,0.35055235028266907,-3.07054222048464e-08,0.8420372009277344,nnknn_target_value_model,0,0,45,36,9,45,30,25,0,35,36,1.0,2,4,nnknn,500,nnknn,485,"[160, 139, 201]",0.0,0.0024215548764914274,0.02059483528137207
19034,4,44,0.04773692786693573,-0.05676185339689255,-0.04952066019177437,0.10449878126382828,,,,False,0.7241191864013672,1.0800659656524658,0.759187638759613,0.7589153051376343,0.7594599723815918,1.4460010788752697e-05,0.04545454680919647,0.03676449507474899,-1.0837208463954084e-08,0.4748061001300812,nnknn_target_value_model,0,0,14,16,0,14,5,0,0,38,39,0.5,2,4,nnknn,498,nnknn,490,"[158, 136, 204]",0.0,0.0024258175399154425,0.021094823256134987
19090,4,56,0.3610135018825531,-0.07362604886293411,-0.06596805155277252,0.4346395432949066,,,,False,0.7658000588417053,1.0823540687561035,0.7585543394088745,0.7582060098648071,0.7589026689529419,1.4661306522611994e-05,0.0535714328289032,0.3210846781730652,-2.7673586089349556e-08,0.7942366003990173,nnknn_target_value_model,0,0,35,35,0,35,27,0,0,26,29,0.75,1,4,nnknn,498,nnknn,492,"[155, 136, 207]",0.0,0.002433110261335969,0.021594807505607605
19134,4,44,0.080135278403759,-0.007352990098297596,-0.000831115001346916,0.08748827129602432,0.08604710549116135,0.5949745178222656,0.509270429611206,True,0.6521876454353333,1.076404094696045,0.7579209804534912,0.7576486468315125,0.75819331407547,1.4675181773782242e-05,0.04545454680919647,0.012484326958656311,1.557848783306781e-08,0.47809696197509766,nnknn_target_value_model,0,0,15,16,0,15,6,0,0,38,38,0.5,2,4,nnknn,497,nnknn,498,"[152, 143, 202]",0.0,0.0024275495670735836,0.021095382049679756
19188,4,54,0.04573117569088936,-0.05274264141917229,-0.04545107111334801,0.09847381711006165,,,,False,0.7291570901870728,1.0801011323928833,0.7573003768920898,0.7569646835327148,0.7576360106468201,1.4674249541712925e-05,0.0555555559694767,0.07255985587835312,-1.7660635620586618e-08,0.5930451154708862,nnknn_target_value_model,0,0,25,21,1,25,10,12,0,44,44,0.75,3,4,nnknn,500,nnknn,496,"[155, 145, 200]",0.0,0.0024546091444790363,0.021595362573862076
19242,4,54,0.032662533223629,-0.04753383994102478,-0.04024982824921608,0.08019637316465378,0.07998789846897125,0.6311855316162109,0.5022267699241638,True,0.728401243686676,1.0802640914916992,0.7566164135932922,0.7562806606292725,0.7569519877433777,1.4939956599846482e-05,0.0555555559694767,0.11020966619253159,1.9868215517249155e-08,0.5733266472816467,nnknn_target_value_model,0,0,24,25,0,24,7,8,0,44,47,0.75,3,4,nnknn,499,nnknn,495,"[156, 147, 196]",-2.0906329112335698e-08,0.0024824400898069143,0.021095367148518562
19296,4,54,0.09383943676948547,-0.04046143591403961,-0.032920677214860916,0.13430087268352509,,,,False,0.754075825214386,1.0807936191558838,0.7559322714805603,0.7555966377258301,0.7562680244445801,1.5060806617839262e-05,0.0555555559694767,0.06629694998264313,2.2075794525733272e-09,0.6020594835281372,nnknn_target_value_model,0,0,22,19,2,22,14,8,1,40,40,0.75,3,4,nnknn,500,nnknn,500,"[155, 144, 201]",0.0,0.0025084628723561764,0.02059539221227169
19350,4,54,0.022477030754089355,-0.05379904806613922,-0.046516917645931244,0.07627607882022858,,,,False,0.7282130122184753,1.0803831815719604,0.7552483081817627,0.7549126744270325,0.7555840015411377,1.5119780073291622e-05,0.0555555559694767,0.08137881010770798,-8.830317810293309e-09,0.5819834470748901,nnknn_target_value_model,0,0,27,17,10,27,6,25,0,48,48,0.75,3,4,nnknn,500,nnknn,481,"[160, 139, 201]",0.0,0.00251939264126122,0.02009541541337967
19404,4,54,0.2009546011686325,-0.028443647548556328,-0.021114788949489594,0.22939825057983398,0.22852523624897003,0.3577844500541687,0.5402597784996033,True,0.732886016368866,1.080011010169983,0.7545643448829651,0.7542286515235901,0.7548999786376953,1.5074390830704942e-05,0.0555555559694767,0.17754137516021729,2.428337353421739e-08,0.672271728515625,nnknn_target_value_model,0,0,32,20,12,32,10,0,0,46,44,0.75,2,4,nnknn,500,nnknn,491,"[157, 142, 201]",0.0,0.002540083136409521,0.020595407113432884
19428,4,24,0.14072981476783752,-0.07834240794181824,-0.0721435546875,0.21907222270965576,,,,False,0.6198852062225342,1.0743292570114136,0.7540702819824219,0.7539246678352356,0.7542160153388977,1.5112177607079502e-05,0.0,-0.37143200635910034,4.569689622258011e-07,0.0505107045173645,nnknn_target_value_model,0,0,0,0,0,0,6,0,0,18,18,0.0,0,4,nnknn,500,nnknn,497,"[157, 142, 201]",-0.0004999943193979561,0.002512691542506218,0.020369557663798332
19452,4,24,0.12424781173467636,-0.0633380189538002,-0.05631637200713158,0.18758583068847656,0.18202726542949677,-9.160651206970215,0.46506357192993164,True,0.702164888381958,1.0781500339508057,0.7537664175033569,0.7536206841468811,0.7539119720458984,1.4931895748304669e-05,0.0,-0.3813633918762207,2.558032861088577e-07,0.05264224112033844,nnknn_target_value_model,0,0,0,0,0,0,3,0,0,18,21,0.0,0,4,nnknn,500,nnknn,500,"[157, 142, 201]",-0.0009429820347577333,0.002496363827958703,0.020144455134868622
19496,4,44,0.07112820446491241,-0.03541729226708412,-0.028166281059384346,0.10654549300670624,,,,False,0.7251011729240417,1.0790760517120361,0.75333571434021,0.7530633211135864,0.753607988357544,1.4952511264709756e-05,0.04545454680919647,0.011080763302743435,-8.127906347965563e-09,0.48045629262924194,nnknn_target_value_model,0,0,16,25,0,16,5,25,0,40,39,0.5,2,4,nnknn,491,nnknn,480,"[153, 135, 203]",-0.000319318613037467,0.0025670898612588644,0.02046329155564308
19550,4,54,0.02208811789751053,-0.07505347579717636,-0.06737538427114487,0.09714159369468689,,,,False,0.7678091526031494,1.081030011177063,0.7527151107788086,0.7523793578147888,0.753050684928894,1.5525412891292945e-05,0.0555555559694767,0.08411497622728348,0.0,0.5877777338027954,nnknn_target_value_model,0,0,25,25,0,25,10,0,0,46,44,0.75,3,4,nnknn,491,nnknn,490,"[161, 129, 201]",-0.00018059108697343618,0.0026047653518617153,0.020963266491889954
19594,4,44,0.05091577768325806,-0.05665946751832962,-0.04921741038560867,0.10757524520158768,0.10746654868125916,0.509528398513794,0.5001729726791382,True,0.74420565366745,1.0801959037780762,0.7520943880081177,0.7518219947814941,0.7523666620254517,1.6007357771741226e-05,0.04545454680919647,0.014074497856199741,-5.418604231977042e-09,0.4886315166950226,nnknn_target_value_model,0,0,12,18,0,12,9,0,0,35,35,0.5,2,4,nnknn,485,nnknn,499,"[157, 129, 199]",0.0,0.0026585657615214586,0.020463276654481888
19638,4,44,0.10995783656835556,-0.0025515516754239798,0.0048448555171489716,0.11250938475131989,,,,False,0.7396408915519714,1.07973051071167,0.7515370845794678,0.7512646913528442,0.7518093585968018,1.6213702110690065e-05,0.04545454680919647,0.005181270185858011,-1.6255812695931127e-08,0.49004703760147095,nnknn_target_value_model,0,0,16,21,0,16,9,25,0,34,35,0.5,2,4,nnknn,480,nnknn,483,"[154, 132, 194]",0.0,0.0026559620164334774,0.019963284954428673
19662,4,24,0.1332778036594391,0.0014891976024955511,0.009177292697131634,0.13178861141204834,0.13207575678825378,-9.902091979980469,0.3882008492946625,True,0.7688096761703491,1.0813837051391602,0.7511062622070312,0.750960648059845,0.7512519955635071,1.6071864592959173e-05,0.0,-0.3177278935909271,3.029902870821388e-07,0.03582192212343216,nnknn_target_value_model,0,0,0,0,0,0,7,0,0,19,17,0.0,0,4,nnknn,480,nnknn,490,"[154, 132, 194]",-0.0004999978700652719,0.0026258789002895355,0.019463298842310905
19708,4,46,0.22093315422534943,-0.058101166039705276,-0.05018661543726921,0.2790343165397644,,,,False,0.7914551496505737,1.0820735692977905,0.7506629228591919,0.7503780126571655,0.7509480118751526,1.5641031495761126e-05,0.043478261679410934,0.1295272558927536,-2.5915063872616884e-08,0.5978363156318665,nnknn_target_value_model,0,0,21,22,0,21,18,25,0,29,28,0.5,1,4,nnknn,479,nnknn,483,"[161, 123, 195]",0.0,0.0026363448705524206,0.018978405743837357
19794,4,86,0.40909138321876526,-0.024635594338178635,-0.017088327556848526,0.433726966381073,,,,False,0.7547268271446228,1.0801615715026855,0.7498270273208618,0.7492886781692505,0.7503653168678284,1.545069426356349e-05,0.06976744532585144,0.41690072417259216,-1.663385518213545e-08,0.9548833966255188,nnknn_target_value_model,0,0,56,26,9,56,32,5,10,52,54,1.5,3,4,nnknn,500,nnknn,500,"[175, 126, 199]",0.0,0.0025227481964975595,0.019478362053632736
19838,4,44,0.2377530336380005,-0.05269094556570053,-0.04516443982720375,0.2904439866542816,0.28985267877578735,0.3226248025894165,0.5822916030883789,True,0.7526504397392273,1.0794398784637451,0.7490037083625793,0.7487313151359558,0.7492759823799133,1.5018401427369099e-05,0.04545454680919647,0.1133396327495575,-2.302906842999164e-08,0.6274781823158264,nnknn_target_value_model,0,0,16,25,0,16,14,11,3,27,30,0.5,1,4,nnknn,491,nnknn,500,"[166, 125, 200]",-0.00020041316747665405,0.002572437049821019,0.019978323951363564
19904,4,66,0.16768226027488708,-0.020237591117620468,-0.012168747372925282,0.18791985511779785,,,,False,0.8068845868110657,1.0821399688720703,0.7483069896697998,0.747895359992981,0.7487186789512634,1.5259565770975314e-05,0.06060606241226196,0.2156602442264557,-1.8965113923741228e-08,0.7194622159004211,nnknn_target_value_model,0,0,36,30,0,36,19,25,0,48,47,1.0,3,4,nnknn,497,nnknn,494,"[164, 127, 206]",0.0,0.0025981583166867495,0.020478317514061928
19948,4,44,0.017128057777881622,-0.07832817733287811,-0.07096318900585175,0.09545623511075974,0.09521672874689102,0.5474885702133179,0.49793440103530884,True,0.7364991307258606,1.0792204141616821,0.7476103901863098,0.7473379969596863,0.7478826642036438,1.5695994079578668e-05,0.04545454680919647,0.0212866123765707,-6.773255289971303e-09,0.47852516174316406,nnknn_target_value_model,0,0,14,11,0,14,7,6,0,35,37,0.5,2,4,nnknn,500,nnknn,495,"[163, 125, 212]",0.0,0.0025601526722311974,0.019978325814008713
19992,4,44,0.07012476772069931,-0.05481346696615219,-0.048344194889068604,0.1249382346868515,,,,False,0.6469273567199707,1.07447350025177,0.7470529675483704,0.7467806935310364,0.7473253607749939,1.5229171367536765e-05,0.04545454680919647,-0.015398594550788403,5.418604231977042e-09,0.5013524889945984,nnknn_target_value_model,0,0,12,12,0,12,4,0,0,31,40,0.5,2,4,nnknn,500,nnknn,499,"[164, 125, 211]",0.0,0.002540133660659194,0.01947835460305214
20026,4,34,0.11589108407497406,-0.009250759147107601,-0.0025028903037309647,0.12514184415340424,,,,False,0.6747871041297913,1.0758140087127686,0.7465589642524719,0.7463499903678894,0.7467679977416992,1.508154582552379e-05,0.029411764815449715,-0.11767973750829697,1.4024622352337701e-08,0.32654494047164917,nnknn_target_value_model,0,0,8,12,0,8,5,9,0,27,29,0.25,1,4,nnknn,496,nnknn,495,"[162, 125, 209]",0.0,0.002528325654566288,0.01897837594151497
20080,4,54,0.17612898349761963,-0.04991042613983154,-0.0429198294878006,0.22603940963745117,0.22590111196041107,0.411682665348053,0.5425509810447693,True,0.6990596652030945,1.0769768953323364,0.7460017204284668,0.7456660270690918,0.746337354183197,1.494562366133323e-05,0.0555555559694767,0.17626458406448364,-7.174633331885616e-09,0.6869692802429199,nnknn_target_value_model,0,0,24,25,0,24,12,0,0,41,42,0.75,2,4,nnknn,495,nnknn,482,"[160, 133, 202]",-9.797886377782561e-06,0.0025417690631002188,0.019478367641568184
20104,4,24,0.10115185379981995,-0.09160026907920837,-0.08599430322647095,0.19275212287902832,,,,False,0.5605965852737427,1.069814920425415,0.7455077171325684,0.7453619837760925,0.7456533312797546,1.527211679785978e-05,0.0,-0.3854672908782959,-1.018246038597681e-07,0.05206385254859924,nnknn_target_value_model,0,0,0,0,0,0,3,0,0,20,21,0.0,0,4,nnknn,495,nnknn,485,"[160, 133, 202]",-0.0005094608059152961,0.0025228769518435,0.018979553133249283
20148,4,44,0.10375601053237915,-0.016985774040222168,-0.00999113917350769,0.12074178457260132,0.11972197890281677,0.4445461630821228,0.4950016736984253,True,0.6994637250900269,1.076559066772461,0.7450770735740662,0.7448046803474426,0.7453493475914001,1.5233357771649025e-05,0.04545454680919647,-0.011683948338031769,-6.773255289971303e-09,0.49107301235198975,nnknn_target_value_model,0,0,13,22,0,13,5,0,0,38,39,0.5,2,4,nnknn,486,nnknn,490,"[157, 131, 198]",0.0,0.002585276961326599,0.018644971773028374
20202,4,54,0.05658257007598877,-0.025210825726389885,-0.017039086669683456,0.0817933976650238,,,,False,0.8171740174293518,1.0827741622924805,0.7444563508033752,0.7441206574440002,0.7447919845581055,1.564371632412076e-05,0.0555555559694767,0.07191754877567291,-1.3245476715439963e-08,0.5866238474845886,nnknn_target_value_model,0,0,25,23,0,25,8,0,0,45,46,0.75,3,4,nnknn,488,nnknn,498,"[165, 124, 199]",0.0,0.002569533186033368,0.01814497448503971
20256,4,54,0.03684885427355766,-0.03565145656466484,-0.028499947860836983,0.0725003108382225,,,,False,0.715150773525238,1.076764702796936,0.7437723278999329,0.7434366941452026,0.7441080212593079,1.551119021314662e-05,0.0555555559694767,0.06719578057527542,-1.1037897706955846e-08,0.588620662689209,nnknn_target_value_model,0,0,22,25,0,22,10,25,0,42,44,0.75,3,4,nnknn,485,nnknn,483,"[158, 130, 197]",-1.790747106156232e-08,0.0025514436420053244,0.017645660787820816
20290,4,34,0.10587029159069061,-0.06865011155605316,-0.06165878847241402,0.17452040314674377,0.17425069212913513,0.2254278063774109,0.5009341239929199,True,0.69913250207901,1.0755575895309448,0.743215024471283,0.7430059909820557,0.7434239983558655,1.5178252397163305e-05,0.029411764815449715,-0.13575367629528046,4.207386794519152e-08,0.33812788128852844,nnknn_target_value_model,0,0,6,0,0,6,8,0,0,29,26,0.25,1,4,nnknn,491,nnknn,491,"[159, 132, 200]",-0.0005000135279260576,0.002519696019589901,0.01814565435051918
20344,4,54,0.07199525088071823,-0.020022066310048103,-0.01206235308200121,0.09201731532812119,,,,False,0.7959713935852051,1.0814499855041504,0.7426577210426331,0.7423220276832581,0.7429933547973633,1.5122771401365753e-05,0.0555555559694767,0.057222675532102585,1.655684656043377e-08,0.5953502058982849,nnknn_target_value_model,0,0,25,15,1,25,7,0,0,42,47,0.75,3,4,nnknn,500,nnknn,498,"[155, 138, 207]",0.0,0.0025048102252185345,0.01799772121012211
20388,4,44,0.017903737723827362,-0.062307387590408325,-0.054475486278533936,0.08021112531423569,0.08021020144224167,0.6241711974143982,0.5139762163162231,True,0.783190131187439,1.080391764640808,0.7420369982719421,0.7417646646499634,0.7423093318939209,1.50239939102903e-05,0.04545454680919647,0.011281438171863556,1.015988271291235e-08,0.48164746165275574,nnknn_target_value_model,0,0,17,19,0,17,2,0,0,42,42,0.5,2,4,nnknn,498,nnknn,500,"[155, 136, 207]",0.0,0.002545418916270137,0.018497668206691742
20412,4,24,0.06100654602050781,-0.12429067492485046,-0.11877860873937607,0.18529722094535828,,,,False,0.5512070059776306,1.067967176437378,0.7416063547134399,0.7414606809616089,0.741752028465271,1.536781564936973e-05,0.0,-0.38875627517700195,-8.940696716308594e-08,0.05298842117190361,nnknn_target_value_model,0,0,0,0,0,0,1,25,0,23,23,0.0,0,4,nnknn,498,nnknn,476,"[155, 136, 207]",-0.0004999981611035764,0.0025108465924859047,0.018997594714164734
20478,4,66,0.18163374066352844,-0.05239518731832504,-0.04481711611151695,0.23402893543243408,,,,False,0.757807195186615,1.078940510749817,0.7410363554954529,0.7406246662139893,0.7414479851722717,1.5182950846792664e-05,0.06060606241226196,0.2039593756198883,-5.237983913275457e-08,0.7453166842460632,nnknn_target_value_model,0,0,35,22,11,35,22,0,0,42,44,1.0,3,4,nnknn,500,nnknn,498,"[157, 140, 203]",0.0,0.0025179442018270493,0.018672702834010124
20532,4,54,0.07754115760326385,-0.04291189834475517,-0.035254739224910736,0.12045305967330933,0.11876706033945084,0.46701526641845703,0.5060448050498962,True,0.7657158970832825,1.079386591911316,0.7402763366699219,0.7399406433105469,0.7406119704246521,1.5209951016004197e-05,0.0555555559694767,0.06815184652805328,-6.622738357719982e-09,0.5896547436714172,nnknn_target_value_model,0,0,22,14,8,22,4,25,0,43,50,0.75,3,4,nnknn,500,nnknn,477,"[160, 138, 202]",0.0,0.0025307517498731613,0.01817273534834385
20588,4,56,0.18902844190597534,-0.05530735105276108,-0.04783793166279793,0.24433580040931702,,,,False,0.7469421029090881,1.0781986713409424,0.7395797371864319,0.7392313480377197,0.7399280071258545,1.522723505331669e-05,0.0535714328289032,0.15240366756916046,8.514949634275126e-09,0.6956793069839478,nnknn_target_value_model,0,0,28,30,0,28,19,0,0,40,37,0.75,2,4,nnknn,498,nnknn,496,"[165, 140, 193]",0.0,0.002575992839410901,0.017672782763838768
20622,4,34,0.0337381586432457,-0.08449172228574753,-0.07777423411607742,0.11822988092899323,0.11722411215305328,0.49314433336257935,0.48711374402046204,True,0.6717488765716553,1.0734091997146606,0.7390096783638,0.7388006448745728,0.7392186522483826,1.5523837646469474e-05,0.029411764815449715,-0.12242118269205093,3.5061555880844253e-09,0.32927682995796204,nnknn_target_value_model,0,0,7,10,0,7,10,12,0,27,24,0.25,1,4,nnknn,495,nnknn,494,"[164, 140, 191]",0.0,0.0025970637798309326,0.017424996942281723
20666,4,44,0.09029421210289001,-0.029073620215058327,-0.021555999293923378,0.11936783045530319,,,,False,0.7517623901367188,1.0781011581420898,0.7385156750679016,0.7382433414459229,0.7387880086898804,1.56112128024688e-05,0.04545454680919647,0.004516680724918842,1.0837208463954084e-08,0.49043717980384827,nnknn_target_value_model,0,0,15,16,0,15,14,16,0,31,30,0.5,2,4,nnknn,494,nnknn,492,"[159, 143, 192]",0.0,0.00262349471449852,0.017924990504980087
20732,4,66,0.1468108892440796,-0.05367937684059143,-0.04628690332174301,0.20049026608467102,,,,False,0.73924720287323,1.0774916410446167,0.7378190159797668,0.7374073266983032,0.7382306456565857,1.5890791473793797e-05,0.06060606241226196,0.2060747593641281,-1.2643409874613099e-08,0.7316738963127136,nnknn_target_value_model,0,0,31,16,9,31,18,25,0,48,48,1.0,3,4,nnknn,500,nnknn,485,"[156, 147, 197]",0.0,0.0025958295445889235,0.01842496544122696
20766,4,34,0.09105964004993439,-0.04430168867111206,-0.03866554796695709,0.13536132872104645,0.1342790424823761,0.4727061986923218,0.5285370945930481,True,0.5636138916015625,1.067778468132019,0.7371857166290283,0.736976683139801,0.7373946905136108,1.59766677825246e-05,0.029411764815449715,-0.14221036434173584,2.8049244704675402e-08,0.3382661044597626,nnknn_target_value_model,0,0,9,17,0,9,8,0,0,29,26,0.25,1,4,nnknn,492,nnknn,493,"[154, 146, 192]",0.0,0.002617325633764267,0.018924947828054428
20810,4,44,0.0656234472990036,-0.05563884973526001,-0.04862672835588455,0.12126229703426361,,,,False,0.7012122273445129,1.0749644041061401,0.7366916537284851,0.7364193201065063,0.7369639873504639,1.6060030247899704e-05,0.04545454680919647,-0.02156265825033188,2.709302115988521e-09,0.5009929537773132,nnknn_target_value_model,0,0,16,16,0,16,8,24,0,36,36,0.5,2,4,nnknn,492,nnknn,477,"[153, 145, 194]",0.0,0.0026082138065248728,0.019424937665462494
20844,4,34,0.08606371283531189,-0.023630479350686073,-0.01682169921696186,0.10969419032335281,0.10870284587144852,0.5481299161911011,0.49128296971321106,True,0.6808781623840332,1.0731656551361084,0.7361977100372314,0.7359886765480042,0.736406683921814,1.592985245224554e-05,0.029411764815449715,-0.13454808294773102,-1.051846698629788e-08,0.3356229066848755,nnknn_target_value_model,0,0,8,0,0,8,9,0,0,25,25,0.25,1,4,nnknn,500,nnknn,486,"[156, 146, 198]",-0.0004999975790269673,0.002510510152205825,0.018924953415989876
20898,4,54,0.022548526525497437,-0.04496018588542938,-0.0377919040620327,0.06750871241092682,,,,False,0.7168284058570862,1.074903130531311,0.7356403470039368,0.7353046536445618,0.735975980758667,1.537396019557491e-05,0.0555555559694767,0.1002129539847374,8.830317810293309e-09,0.575133204460144,nnknn_target_value_model,0,0,27,21,6,27,7,0,0,46,47,0.75,3,4,nnknn,500,nnknn,493,"[160, 147, 193]",0.0,0.002496616216376424,0.019003696739673615
20932,4,34,0.09589320421218872,-0.03739292919635773,-0.03072616271674633,0.13328613340854645,,,,False,0.6666767001152039,1.0731470584869385,0.7350830435752869,0.7348740100860596,0.7352920174598694,1.5307257854146883e-05,0.029411764815449715,-0.11769288033246994,2.6296167021655492e-08,0.3300793170928955,nnknn_target_value_model,0,0,7,22,0,7,5,0,0,29,29,0.25,1,4,nnknn,485,nnknn,498,"[157, 144, 184]",0.0,0.0025733790826052427,0.018503699451684952
20986,4,54,0.08096207678318024,-0.053401365876197815,-0.045308616012334824,0.13436344265937805,0.1341991126537323,0.38906729221343994,0.5282717347145081,True,0.8092750310897827,1.0807934999465942,0.7345256209373474,0.7341899871826172,0.7348613142967224,1.5802028428879566e-05,0.0555555559694767,0.06775727868080139,6.622738357719982e-09,0.598469078540802,nnknn_target_value_model,0,0,21,18,0,21,12,25,0,41,42,0.75,3,4,nnknn,488,nnknn,485,"[160, 143, 185]",0.0,0.002583663910627365,0.019003689289093018
21052,4,66,0.6091868877410889,-0.052997391670942307,-0.044969718903303146,0.6621842980384827,,,,False,0.8027671575546265,1.0799225568771362,0.733765721321106,0.7333539724349976,0.7341773509979248,1.581989818078e-05,0.06060606241226196,0.5019607543945312,-2.8899222570544225e-08,0.9410964846611023,nnknn_target_value_model,0,0,45,22,11,45,32,25,0,29,34,1.0,1,4,nnknn,500,nnknn,492,"[166, 147, 187]",0.0,0.002525147283449769,0.019503680989146233
21076,4,24,0.11837899684906006,-0.0239625982940197,-0.016585594043135643,0.14234159886837006,0.13569068908691406,-12.684844970703125,0.39338159561157227,True,0.7377006411552429,1.0761460065841675,0.7331956624984741,0.7330499887466431,0.7333413362503052,1.570061795064248e-05,0.0,-0.3541482090950012,-2.4835269840650653e-08,0.044549375772476196,nnknn_target_value_model,0,0,0,0,0,0,8,0,0,20,16,0.0,0,4,nnknn,500,nnknn,475,"[166, 147, 187]",-0.0004999989178031683,0.0024974404368549585,0.01900368183851242
21120,4,44,0.09111609309911728,-0.03348550200462341,-0.025492696091532707,0.12460159510374069,,,,False,0.7992807030677795,1.079783320426941,0.7327650189399719,0.7324926853179932,0.7330373525619507,1.551362220197916e-05,0.04545454680919647,0.012613977305591106,0.0,0.48736539483070374,nnknn_target_value_model,0,0,16,20,0,16,5,0,0,36,39,0.5,2,4,nnknn,496,nnknn,480,"[169, 139, 188]",0.0,0.002546764677390456,0.018738146871328354
21164,4,44,0.09935890883207321,-0.008748401887714863,-0.0009062534081749618,0.1081073135137558,,,,False,0.7842150926589966,1.080079197883606,0.7322076559066772,0.7319353222846985,0.732479989528656,1.5800769688212313e-05,0.04545454680919647,0.013833193108439445,5.418604231977042e-09,0.48870131373405457,nnknn_target_value_model,0,0,14,14,0,14,5,0,0,33,39,0.5,2,4,nnknn,496,nnknn,485,"[168, 140, 188]",0.0,0.00255418149754405,0.019238010048866272
21210,4,46,0.3181811273097992,-0.0029319606255739927,0.00501549756154418,0.32111307978630066,0.3197379410266876,0.25782376527786255,0.5129526257514954,True,0.7947459816932678,1.0796085596084595,0.731637716293335,0.731352686882019,0.7319226861000061,1.5996693036868237e-05,0.043478261679410934,0.10097692161798477,-5.183012685705535e-09,0.6284646987915039,nnknn_target_value_model,0,0,20,24,0,20,16,12,0,32,30,0.5,1,4,nnknn,492,nnknn,489,"[160, 139, 193]",0.0,0.002573968144133687,0.019738007336854935
21254,4,44,0.10297974944114685,-0.009712319821119308,-0.00248326500877738,0.11269206553697586,,,,False,0.722905695438385,1.074802041053772,0.7310677766799927,0.7307953238487244,0.7313399910926819,1.6102691006381065e-05,0.04545454680919647,0.01493380218744278,-2.709302115988521e-09,0.4807107448577881,nnknn_target_value_model,0,0,17,10,0,17,5,0,0,40,39,0.5,2,4,nnknn,499,nnknn,494,"[161, 141, 197]",0.0,0.002537807449698448,0.01923803612589836
21298,4,44,0.0324428491294384,-0.05942485108971596,-0.052002664655447006,0.09186770021915436,0.09203499555587769,0.5690599679946899,0.44416722655296326,True,0.7422187328338623,1.0765674114227295,0.7305102944374084,0.7302380204200745,0.730782687664032,1.5837622413528152e-05,0.04545454680919647,0.030096385627985,8.127906347965563e-09,0.47848182916641235,nnknn_target_value_model,0,0,15,25,0,15,7,8,0,41,37,0.5,2,4,nnknn,489,nnknn,493,"[160, 135, 194]",0.0,0.002610285533592105,0.019738027825951576
21322,4,24,0.061260394752025604,-0.11701715737581253,-0.11084910482168198,0.17827755212783813,,,,False,0.6168052554130554,1.068447470664978,0.7300796508789062,0.7299339771270752,0.7302253246307373,1.633706415304914e-05,0.0,-0.38769012689590454,1.1672576505361576e-07,0.05196748301386833,nnknn_target_value_model,0,0,0,0,0,0,2,0,0,22,22,0.0,0,4,nnknn,489,nnknn,495,"[160, 135, 194]",-0.0004999994416721165,0.002592751756310463,0.02023802511394024
21376,4,54,0.02014080435037613,-0.06995847821235657,-0.06214451417326927,0.0900992825627327,,,,False,0.7813965678215027,1.0783803462982178,0.7295857071876526,0.7292500138282776,0.7299213409423828,1.640959453652613e-05,0.0555555559694767,0.0814577043056488,-1.7660635620586618e-08,0.5805439949035645,nnknn_target_value_model,0,0,24,17,0,24,9,25,0,36,45,0.75,3,4,nnknn,496,nnknn,479,"[161, 140, 195]",0.0,0.002585424343124032,0.020694557577371597
21430,4,54,0.0716528370976448,-0.0380982980132103,-0.02993999607861042,0.1097511351108551,0.10911350697278976,0.5504977703094482,0.44129908084869385,True,0.8158300518989563,1.0803054571151733,0.7289016246795654,0.7285659909248352,0.7292373180389404,1.6520851204404607e-05,0.0555555559694767,0.11531531810760498,-3.5321271241173235e-08,0.57341068983078,nnknn_target_value_model,0,0,22,15,3,22,4,0,0,47,50,0.75,3,4,nnknn,500,nnknn,483,"[161, 141, 198]",0.0,0.0025733376387506723,0.021194549277424812
21486,4,56,0.4446674883365631,-0.07361766695976257,-0.06557002663612366,0.5182851552963257,,,,False,0.804764449596405,1.0794475078582764,0.7282050251960754,0.7278566956520081,0.7285533547401428,1.6220807083300315e-05,0.0535714328289032,0.31738829612731934,-1.0643686820799303e-08,0.807569146156311,nnknn_target_value_model,0,0,34,18,16,34,27,11,0,21,29,0.75,1,4,nnknn,500,nnknn,499,"[161, 146, 193]",0.0,0.0025500403717160225,0.020694561302661896
21510,4,24,0.059101544320583344,-0.1011999323964119,-0.09407269954681396,0.16030147671699524,0.15979522466659546,-10.927183151245117,0.4302186369895935,True,0.7127236127853394,1.0729954242706299,0.7276983261108398,0.7275526523590088,0.7278439998626709,1.603532837179955e-05,0.0,-0.37331828474998474,1.5894572413799324e-07,0.04713795706629753,nnknn_target_value_model,0,0,0,0,0,0,4,25,0,15,20,0.0,0,4,nnknn,500,nnknn,478,"[161, 146, 193]",-0.0004996333154849708,0.002509073819965124,0.02046811766922474
21534,4,24,0.14964665472507477,0.05032365396618843,0.05640515685081482,0.09932299703359604,,,,False,0.6081503629684448,1.0666193962097168,0.7273942828178406,0.7272486686706543,0.7275400161743164,1.5756007996969856e-05,0.0,-0.31212157011032104,7.947286206899662e-08,0.03703729808330536,nnknn_target_value_model,0,0,0,0,0,0,5,0,0,20,19,0.0,0,4,nnknn,500,nnknn,483,"[161, 146, 193]",-0.0009113955893553793,0.0024872913490980864,0.02084018476307392
21578,4,44,0.06405685096979141,-0.04886554181575775,-0.04121815785765648,0.11292239278554916,,,,False,0.7647382616996765,1.0769821405410767,0.7269636988639832,0.7266913056373596,0.7272359728813171,1.5588264432153665e-05,0.04545454680919647,0.053539376705884933,0.0,0.4729672372341156,nnknn_target_value_model,0,0,15,25,0,15,3,0,0,29,41,0.5,2,4,nnknn,490,nnknn,486,"[160, 140, 190]",-0.0003192990552634001,0.002550724893808365,0.021269546821713448
21632,4,54,0.23129424452781677,-0.03470519185066223,-0.02645758166909218,0.265999436378479,0.2657385468482971,0.36797404289245605,0.4270741939544678,True,0.8247608542442322,1.0806996822357178,0.7263429760932922,0.726007342338562,0.7266786694526672,1.591802174516488e-05,0.0555555559694767,0.19978703558444977,1.3245476715439963e-08,0.667283833026886,nnknn_target_value_model,0,0,27,24,0,27,20,25,0,29,34,0.75,2,4,nnknn,493,nnknn,481,"[165, 141, 187]",0.0,0.002542729489505291,0.021769532933831215
21666,4,34,0.10092532634735107,-0.006643959321081638,0.0007775180274620652,0.10756928473711014,,,,False,0.7421478629112244,1.0763899087905884,0.7257857322692871,0.725576639175415,0.7259946465492249,1.5789084500283934e-05,0.029411764815449715,-0.10836011916399002,-2.6296167021655492e-08,0.3233529329299927,nnknn_target_value_model,0,0,8,21,0,8,3,0,0,32,31,0.25,1,4,nnknn,480,nnknn,484,"[160, 134, 186]",0.0,0.0025824548210948706,0.02126954309642315
21710,4,44,0.07927852123975754,-0.03769724816083908,-0.029853951185941696,0.11697576940059662,0.11699861288070679,0.47498852014541626,0.4545934200286865,True,0.7843297719955444,1.0778117179870605,0.7252917289733887,0.7250193357467651,0.7255640029907227,1.5988982340786606e-05,0.04545454680919647,0.024500135332345963,2.709302115988521e-09,0.49051234126091003,nnknn_target_value_model,0,0,13,0,0,13,10,0,0,38,34,0.5,2,4,nnknn,493,nnknn,494,"[164, 136, 193]",-0.0004999982775188982,0.0025614213664084673,0.020769551396369934
21754,4,44,-0.0039906129240989685,-0.10958746075630188,-0.10205037146806717,0.10559684783220291,,,,False,0.7537091374397278,1.0756453275680542,0.724734365940094,0.7244619727134705,0.725006639957428,1.5966785213095136e-05,0.04545454680919647,0.033508069813251495,-2.438371993207511e-08,0.48372456431388855,nnknn_target_value_model,0,0,16,24,0,16,7,25,0,39,37,0.5,2,4,nnknn,485,nnknn,476,"[160, 139, 186]",0.0,0.0026893417816609144,0.02084188349545002
21842,4,88,0.386098176240921,-0.011605700477957726,-0.003932023886591196,0.3977038860321045,,,,False,0.7673678994178772,1.0769861936569214,0.7238984107971191,0.7233473062515259,0.7244493365287781,1.6884001524886116e-05,0.06818182021379471,0.4083709716796875,2.709302115988521e-09,0.9363945722579956,nnknn_target_value_model,0,0,62,27,20,62,32,3,5,47,56,1.5,3,4,nnknn,500,nnknn,500,"[175, 139, 186]",0.0,0.0026092922780662775,0.021341850981116295
21938,4,96,0.3943028151988983,-0.0009850647766143084,0.006500246934592724,0.3952878713607788,0.3936038613319397,0.34519660472869873,0.5714027285575867,True,0.7485313415527344,1.0753815174102783,0.7227330207824707,0.7221313118934631,0.7233346700668335,1.639924812479876e-05,0.0729166716337204,0.412289023399353,-1.7384689243726825e-08,0.9659860134124756,nnknn_target_value_model,0,0,65,45,20,65,29,50,0,50,67,1.75,4,4,nnknn,500,nnknn,479,"[168, 151, 181]",0.0,0.0026193675585091114,0.021841825917363167
21982,4,44,0.08227945119142532,-0.023835713043808937,-0.015339748933911324,0.10611516237258911,,,,False,0.8495966792106628,1.0816497802734375,0.7218464016914368,0.7215740084648132,0.7221186757087708,1.648188117542304e-05,0.04545454680919647,0.027461079880595207,1.3546510579942606e-08,0.4759942889213562,nnknn_target_value_model,0,0,14,25,0,14,6,0,0,40,38,0.5,2,4,nnknn,489,nnknn,485,"[159, 151, 179]",0.0,0.0027067719493061304,0.022341815754771233
22036,4,54,0.1885947287082672,-0.041502825915813446,-0.0339060015976429,0.23009756207466125,0.22988291084766388,0.39086228609085083,0.4936980605125427,True,0.7596825361251831,1.0754307508468628,0.7212256789207458,0.7208899855613708,0.7215613126754761,1.710308606561739e-05,0.0555555559694767,0.21023543179035187,3.200990050800101e-08,0.6652008295059204,nnknn_target_value_model,0,0,29,23,0,29,19,25,0,36,35,0.75,2,4,nnknn,495,nnknn,479,"[166, 153, 176]",0.0,0.002655965043231845,0.022841721773147583
22102,4,66,0.19016289710998535,-0.057637058198451996,-0.049213383346796036,0.24779996275901794,,,,False,0.8423673510551453,1.0812591314315796,0.7204657196998596,0.7200539708137512,0.7208773493766785,1.7003087123157457e-05,0.06060606241226196,0.2054416388273239,-2.5286819749226197e-08,0.746566116809845,nnknn_target_value_model,0,0,39,32,2,39,29,0,0,33,37,1.0,3,4,nnknn,500,nnknn,484,"[177, 151, 172]",0.0,0.0026392664294689894,0.02334168367087841
22156,4,54,0.0017390251159667969,-0.08032138645648956,-0.07295449823141098,0.08206041157245636,,,,False,0.7366886734962463,1.0737354755401611,0.7197056412696838,0.7193700075149536,0.7200413346290588,1.6648993550916202e-05,0.0555555559694767,0.09116162359714508,-1.3245476715439963e-08,0.5852308869361877,nnknn_target_value_model,0,0,22,24,0,22,10,0,0,50,44,0.75,3,4,nnknn,498,nnknn,494,"[168, 154, 176]",0.0,0.002706334460526705,0.023841675370931625
22210,4,54,-0.0015399903059005737,-0.07960955053567886,-0.07184799015522003,0.07806956022977829,0.07801013439893723,0.6235407590866089,0.5439870953559875,True,0.7761557102203369,1.0763063430786133,0.7190216779708862,0.7186859846115112,0.7193573117256165,1.7130683772847988e-05,0.0555555559694767,0.08889301121234894,2.2075794525733272e-09,0.578542947769165,nnknn_target_value_model,0,0,22,25,0,22,6,0,0,46,48,0.75,3,4,nnknn,495,nnknn,500,"[171, 151, 173]",-7.06221925383943e-09,0.0027690487913787365,0.02334168553352356
22308,4,98,0.7489014863967896,-0.019940445199608803,-0.012236295267939568,0.7688419222831726,,,,False,0.7704151272773743,1.0758047103881836,0.7180590033531189,0.717444658279419,0.7186733484268188,1.7626565750106238e-05,0.0714285671710968,0.6487117409706116,8.180433042070945e-08,1.1179969310760498,nnknn_target_value_model,0,0,75,44,26,75,55,23,32,45,43,1.75,2,4,nnknn,500,nnknn,500,"[184, 142, 174]",0.0,0.0027325220871716738,0.02284170500934124
22332,4,24,0.18468636274337769,-0.08716566115617752,-0.08087076246738434,0.2718520164489746,0.2701227068901062,-5.283237934112549,0.5638564825057983,True,0.6294896602630615,1.0659332275390625,0.7172862887382507,0.7171406745910645,0.7174320220947266,1.7377855328959413e-05,0.0,-0.3936848044395447,-8.692344621863413e-09,0.05174025148153305,nnknn_target_value_model,0,0,0,0,0,0,4,3,1,21,20,0.0,0,4,nnknn,500,nnknn,500,"[184, 142, 174]",-0.0004999962984584272,0.0027191797271370888,0.022341711446642876
22386,4,54,0.03995126113295555,-0.057791728526353836,-0.05020662769675255,0.09774298965930939,,,,False,0.7585102319717407,1.0748862028121948,0.7167923450469971,0.7164566516876221,0.7171279788017273,1.7132524590124376e-05,0.0555555559694767,0.09297052770853043,3.090611144784816e-08,0.5814691185951233,nnknn_target_value_model,0,0,23,20,3,23,16,11,5,37,38,0.75,3,4,nnknn,500,nnknn,500,"[186, 142, 172]",0.0,0.0027477159164845943,0.022052926942706108
22430,4,44,0.05814805254340172,-0.04044184461236,-0.03323554992675781,0.09858989715576172,,,,False,0.7206296324729919,1.072822093963623,0.7161717414855957,0.7158993482589722,0.7164440155029297,1.7152515283669345e-05,0.04545454680919647,0.022565893828868866,-5.418604231977042e-09,0.4862673282623291,nnknn_target_value_model,0,0,16,9,7,16,18,25,0,28,26,0.5,2,4,nnknn,500,nnknn,493,"[183, 144, 173]",0.0,0.002760356990620494,0.02255292236804962
22474,4,44,0.05711281672120094,-0.03293033316731453,-0.026041142642498016,0.09004314988851547,0.08998381346464157,0.5821613073348999,0.5068002343177795,True,0.688919186592102,1.0698271989822388,0.7156143188476562,0.7153419852256775,0.715886652469635,1.693079320830293e-05,0.04545454680919647,0.02043619565665722,-6.773255289971303e-09,0.4817594289779663,nnknn_target_value_model,0,0,14,13,1,14,5,0,0,39,39,0.5,2,4,nnknn,500,nnknn,498,"[182, 144, 174]",0.0,0.002786220284178853,0.022052932530641556
22508,4,34,0.09848697483539581,-0.05064778029918671,-0.04328400269150734,0.14913475513458252,,,,False,0.7363777756690979,1.0733766555786133,0.7151203155517578,0.7149113416671753,0.7153293490409851,1.7077532902476378e-05,0.029411764815449715,-0.1256759613752365,1.4024622352337701e-08,0.3269386291503906,nnknn_target_value_model,0,0,7,12,0,7,3,25,0,33,31,0.25,1,4,nnknn,495,nnknn,476,"[181, 139, 175]",0.0,0.002780462382361293,0.02155293896794319
22552,4,44,0.01650805026292801,-0.08297430723905563,-0.07521742582321167,0.09948235750198364,0.09930888563394547,0.5289586782455444,0.45567891001701355,True,0.7756882905960083,1.0754011869430542,0.7146263718605042,0.7143539786338806,0.7148986458778381,1.711123150016647e-05,0.04545454680919647,0.03589357063174248,1.3546510579942606e-08,0.4741040766239166,nnknn_target_value_model,0,0,15,20,0,15,8,0,0,39,36,0.5,2,4,nnknn,490,nnknn,484,"[176, 137, 177]",0.0,0.0028470440302044153,0.021647583693265915
22630,4,78,0.5544296503067017,-0.025634126737713814,-0.01797710731625557,0.5800637602806091,,,,False,0.7657022476196289,1.0752090215682983,0.7138537168502808,0.7133659720420837,0.7143413424491882,1.787674227671232e-05,0.06410256773233414,0.475948691368103,-2.5217349985950932e-08,0.9964790344238281,nnknn_target_value_model,0,0,51,25,16,51,36,13,7,42,42,1.25,2,4,nnknn,500,nnknn,500,"[176, 140, 184]",0.0,0.0027565262280404568,0.02214754745364189
22674,4,44,0.06217607110738754,-0.03886624425649643,-0.03170830011367798,0.10104231536388397,,,,False,0.7157942652702332,1.0722171068191528,0.7130810618400574,0.7128086686134338,0.7133533358573914,1.7324593500234187e-05,0.04545454680919647,0.0009974106214940548,-1.3546510579942606e-08,0.4912675619125366,nnknn_target_value_model,0,0,16,14,2,16,18,4,14,26,26,0.5,2,4,nnknn,500,nnknn,500,"[178, 141, 181]",0.0,0.002747847232967615,0.022647539153695107
22740,4,66,0.11319847404956818,-0.04682163894176483,-0.03935125470161438,0.160020112991333,0.1596357375383377,0.5554688572883606,0.533585786819458,True,0.7470385432243347,1.073004126548767,0.7123843431472778,0.7119726538658142,0.7127959728240967,1.7391188521287404e-05,0.06060606241226196,0.22290271520614624,-1.806201410659014e-08,0.7131205797195435,nnknn_target_value_model,0,0,35,30,5,35,18,19,0,48,48,1.0,3,4,nnknn,500,nnknn,499,"[178, 140, 182]",0.0,0.002769466955214739,0.02314753271639347
22794,4,54,0.197400763630867,-0.03515985980629921,-0.02748792991042137,0.23256061971187592,,,,False,0.7671931385993958,1.0744236707687378,0.711624264717102,0.7112886905670166,0.7119600176811218,1.7705006030155346e-05,0.0555555559694767,0.1876085251569748,-1.9868215517249155e-08,0.6689128279685974,nnknn_target_value_model,0,0,30,16,14,30,13,5,7,37,41,0.75,2,4,nnknn,500,nnknn,500,"[173, 148, 179]",0.0,0.0027733466122299433,0.022647537291049957
22850,4,56,0.234699547290802,-0.002441877033561468,0.005282244645059109,0.2371414303779602,0.23618920147418976,0.3646889328956604,0.55272376537323,True,0.7724123597145081,1.0746443271636963,0.7109276652336121,0.7105793356895447,0.7112759947776794,1.789620910130907e-05,0.0535714328289032,0.1785828173160553,4.257474817137563e-09,0.6868239045143127,nnknn_target_value_model,0,0,27,27,0,27,11,25,0,38,45,0.75,2,4,nnknn,500,nnknn,486,"[172, 147, 181]",0.0,0.0027677302714437246,0.023147476837038994
22958,4,108,0.7431492209434509,-9.725889867695514e-06,0.008394468575716019,0.7431589365005493,,,,False,0.8404196500778198,1.0795601606369019,0.7098889350891113,0.7092113494873047,0.7105666399002075,1.774124575604219e-05,0.07407407462596893,0.6536285281181335,1.4349266663771232e-08,1.2053117752075195,nnknn_target_value_model,0,0,79,36,43,79,57,50,0,48,51,2.0,3,4,nnknn,500,nnknn,493,"[170, 150, 180]",0.0,0.0027572494000196457,0.02264750562608242
22982,4,24,0.16957244277000427,-0.0959792360663414,-0.090064637362957,0.26555168628692627,,,,False,0.5914597511291504,1.0610555410385132,0.7090530395507812,0.7089073061943054,0.7091986536979675,1.739362778607756e-05,0.0,-0.3835439383983612,-5.4637592228345966e-08,0.049075648188591,nnknn_target_value_model,0,0,0,0,0,0,3,0,0,22,21,0.0,0,4,nnknn,500,nnknn,496,"[170, 150, 180]",-0.0004999969969503582,0.002726328559219837,0.022147534415125847
23038,4,56,0.24052207171916962,-0.03401653841137886,-0.026683511212468147,0.2745386064052582,0.27336689829826355,0.2743469476699829,0.5765705108642578,True,0.7333028316497803,1.071587324142456,0.7085463404655457,0.7081980109214783,0.708894670009613,1.711412551230751e-05,0.0535714328289032,0.15238331258296967,-2.8737954238522434e-08,0.7115097641944885,nnknn_target_value_model,0,0,29,15,14,29,17,25,0,38,39,0.75,2,4,nnknn,500,nnknn,488,"[170, 149, 181]",0.0,0.002723237732425332,0.021653471514582634
23072,4,34,0.10786008834838867,-0.040087565779685974,-0.03349611908197403,0.14794765412807465,,,,False,0.6591446995735168,1.0674853324890137,0.7079763412475586,0.7077673077583313,0.7081853151321411,1.7000733350869268e-05,0.029411764815449715,-0.14149563014507294,0.0,0.33006012439727783,nnknn_target_value_model,0,0,6,14,0,6,6,0,0,29,28,0.25,1,4,nnknn,492,nnknn,469,"[169, 146, 177]",0.0,0.0027434418443590403,0.022153452038764954
23136,4,64,0.12575125694274902,-0.0788038894534111,-0.07100161910057068,0.20455513894557953,0.20427411794662476,0.43228018283843994,0.552336573600769,True,0.7802272439002991,1.0754510164260864,0.7073556184768677,0.706956684589386,0.7077546715736389,1.6875919754966162e-05,0.0625,0.2171136438846588,9.313225746154785e-09,0.7373223304748535,nnknn_target_value_model,0,0,32,21,3,32,16,0,0,44,48,1.0,3,4,nnknn,500,nnknn,485,"[172, 145, 183]",0.0,0.0027398995589464903,0.021653583273291588
23212,4,76,0.6832437515258789,-0.010633434168994427,-0.00291447970084846,0.6938771605491638,,,,False,0.7718956470489502,1.0740411281585693,0.7064689993858337,0.7059940099716187,0.7069439888000488,1.710974538582377e-05,0.06578947603702545,0.4768486022949219,7.842716476247347e-10,1.0208516120910645,nnknn_target_value_model,0,0,51,21,30,51,44,12,17,27,32,1.25,2,4,nnknn,500,nnknn,500,"[175, 141, 184]",0.0,0.002748305443674326,0.022153565660119057
23256,4,44,0.025290995836257935,-0.07174929976463318,-0.06442783027887344,0.09704029560089111,,,,False,0.7321467399597168,1.070258617401123,0.7057090401649475,0.705436646938324,0.7059813141822815,1.7463484255131334e-05,0.04545454680919647,-0.015526124276220798,-5.418604231977042e-09,0.4971174895763397,nnknn_target_value_model,0,0,15,22,0,15,12,8,4,37,32,0.5,2,4,nnknn,493,nnknn,500,"[168, 141, 184]",0.0,0.0027829972095787525,0.02265356108546257
23312,4,56,0.18031084537506104,-0.05164256691932678,-0.044227879494428635,0.23195341229438782,0.22743798792362213,0.3906964063644409,0.585671603679657,True,0.7414687275886536,1.071711778640747,0.7050756812095642,0.7047273516654968,0.7054240107536316,1.7851007214630954e-05,0.0535714328289032,0.15973524749279022,-2.9802322387695312e-08,0.6995556354522705,nnknn_target_value_model,0,0,29,22,0,29,10,7,3,45,46,0.75,2,4,nnknn,500,nnknn,500,"[167, 149, 184]",0.0,0.002755140420049429,0.023153554648160934
23376,4,64,0.3136521875858307,-0.03761247545480728,-0.029629681259393692,0.3512646555900574,,,,False,0.7982792854309082,1.0764447450637817,0.7043156623840332,0.7039166688919067,0.7047146558761597,1.758933467499446e-05,0.0625,0.3169545531272888,-3.725290298461914e-09,0.8074119091033936,nnknn_target_value_model,0,0,38,31,7,38,19,8,11,48,45,1.0,2,4,nnknn,500,nnknn,500,"[163, 150, 187]",0.0,0.0027695319149643183,0.02265356108546257
23410,4,34,0.08879909664392471,-0.009418890811502934,-0.0034607157576829195,0.09821798652410507,0.09924546629190445,0.6354547142982483,0.5043748617172241,True,0.5958177447319031,1.0596154928207397,0.7036949992179871,0.7034860253334045,0.7039039731025696,1.7582146028871648e-05,0.029411764815449715,-0.11620432138442993,-1.7530777940422126e-09,0.3246203064918518,nnknn_target_value_model,0,0,9,15,0,9,7,1,6,27,27,0.25,1,4,nnknn,494,nnknn,500,"[158, 149, 187]",0.0,0.002788345329463482,0.022474536672234535
23444,4,34,0.079848513007164,-0.04130789265036583,-0.0341738797724247,0.12115640193223953,,,,False,0.7134013772010803,1.069205641746521,0.7032643556594849,0.7030553221702576,0.7034733295440674,1.7582986401976086e-05,0.029411764815449715,-0.14358358085155487,2.4543089338635582e-08,0.33147740364074707,nnknn_target_value_model,0,0,8,7,0,8,8,25,0,21,26,0.25,1,4,nnknn,495,nnknn,483,"[157, 150, 188]",0.0,0.002766051096841693,0.022974517196416855
23510,4,66,0.1360606700181961,-0.05211643874645233,-0.044376954436302185,0.18817710876464844,,,,False,0.7739483714103699,1.0738946199417114,0.7026310563087463,0.7022193074226379,0.7030426859855652,1.7277565348194912e-05,0.06060606241226196,0.18584176898002625,-2.709302115988521e-08,0.7484563589096069,nnknn_target_value_model,0,0,35,22,8,35,16,0,0,46,50,1.0,3,4,nnknn,500,nnknn,499,"[159, 155, 186]",0.0,0.002760102041065693,0.023153534159064293
23574,4,64,0.037304751574993134,-0.06982060521841049,-0.06203281879425049,0.10712535679340363,0.10612861812114716,0.49825334548950195,0.5700857639312744,True,0.7787783741950989,1.0734933614730835,0.7018076181411743,0.7014086842536926,0.7022066712379456,1.7122638382716104e-05,0.0625,0.12707367539405823,2.9802322387695312e-08,0.6605098247528076,nnknn_target_value_model,0,0,28,28,0,28,13,25,0,49,51,1.0,4,4,nnknn,500,nnknn,487,"[157, 155, 188]",0.0,0.0028075622394680977,0.02265354059636593
23650,4,76,0.25527065992355347,-0.031045304611325264,-0.02349388599395752,0.2863159775733948,,,,False,0.755142092704773,1.072089672088623,0.7009209990501404,0.7004460096359253,0.7013959884643555,1.73785665538162e-05,0.06578947603702545,0.2603699862957001,-3.293940764592662e-08,0.8708202242851257,nnknn_target_value_model,0,0,47,32,15,47,27,11,3,41,49,1.25,3,4,nnknn,500,nnknn,500,"[149, 159, 192]",0.0,0.002818281762301922,0.023153536021709442
23704,4,54,0.18133753538131714,-0.0585552416741848,-0.050684425979852676,0.23989278078079224,0.24005219340324402,0.32955068349838257,0.5336285829544067,True,0.7870815992355347,1.0739141702651978,0.7000976800918579,0.6997619867324829,0.7004333138465881,1.7754015061655082e-05,0.0555555559694767,0.18507777154445648,-5.739706665508493e-08,0.6781363487243652,nnknn_target_value_model,0,0,28,25,3,28,17,25,0,32,37,0.75,2,4,nnknn,500,nnknn,492,"[147, 164, 189]",0.0,0.0028087529353797436,0.022974533960223198
23728,4,24,0.07884790748357773,-0.07340051978826523,-0.06556037068367004,0.15224842727184296,,,,False,0.7840146422386169,1.073427438735962,0.6996037364006042,0.6994580030441284,0.6997493505477905,1.7582235159352422e-05,0.0,-0.3084263205528259,2.50836222903672e-07,0.03641299158334732,nnknn_target_value_model,0,0,0,0,0,0,2,0,0,16,22,0.0,0,4,nnknn,500,nnknn,494,"[147, 164, 189]",-0.0004999975208193064,0.0027686378452926874,0.023474501445889473
23762,4,34,0.12099696695804596,-0.05274242162704468,-0.045502401888370514,0.17373938858509064,,,,False,0.7240020632743835,1.0695244073867798,0.6992363333702087,0.6990273594856262,0.6994453072547913,1.72668896993855e-05,0.029411764815449715,-0.17005077004432678,-6.311080369414412e-08,0.3415129482746124,nnknn_target_value_model,0,0,7,25,0,7,11,25,0,19,23,0.25,1,4,nnknn,482,nnknn,480,"[142, 155, 185]",0.0,0.002863618778064847,0.023971593007445335
23880,4,118,0.4236336052417755,-0.034716688096523285,-0.02715742029249668,0.4583503007888794,0.45707863569259644,0.3697792887687683,0.6204853653907776,True,0.7559266090393066,1.07181715965271,0.6982735991477966,0.6975326538085938,0.6990146636962891,1.785521635611076e-05,0.0762711837887764,0.5066173672676086,2.020496481236478e-08,1.0857853889465332,nnknn_target_value_model,0,0,85,26,41,85,55,9,26,54,63,2.25,4,4,nnknn,500,nnknn,500,"[149, 154, 197]",0.0,0.002720370888710022,0.023471636697649956
23914,4,34,0.1921233832836151,-0.01048262882977724,-0.002315338933840394,0.20260600745677948,,,,False,0.8167292475700378,1.0754040479660034,0.6973109841346741,0.6971020102500916,0.6975200176239014,1.676344618317671e-05,0.029411764815449715,-0.15161384642124176,1.577770092353603e-08,0.34183093905448914,nnknn_target_value_model,0,0,7,20,0,7,6,25,0,30,28,0.25,1,4,nnknn,487,nnknn,481,"[137, 154, 196]",0.0,0.0027635658625513315,0.022971656173467636
23968,4,54,0.15552417933940887,-0.04535656049847603,-0.037089161574840546,0.2008807361125946,0.20107227563858032,0.44885504245758057,0.5207774043083191,True,0.8267399668693542,1.0769813060760498,0.6967536807060242,0.6964179873466492,0.6970893144607544,1.695403625490144e-05,0.0555555559694767,0.1982632875442505,1.7660635620586618e-08,0.6634050607681274,nnknn_target_value_model,0,0,28,24,0,28,16,0,0,42,38,0.75,2,4,nnknn,491,nnknn,497,"[140, 151, 200]",-8.219387837016257e-09,0.0027244442608207464,0.02347165159881115
24012,4,44,0.07263034582138062,-0.04789625108242035,-0.039947282522916794,0.12052659690380096,,,,False,0.7948969006538391,1.0741273164749146,0.696133017539978,0.6958606839179993,0.6964053511619568,1.6898073226911947e-05,0.04545454680919647,0.008050793781876564,-1.0837208463954084e-08,0.48400840163230896,nnknn_target_value_model,0,0,13,25,0,13,6,25,0,40,38,0.5,2,4,nnknn,479,nnknn,478,"[134, 148, 197]",0.0,0.0027961418963968754,0.023971647024154663
24056,4,44,0.06485612690448761,-0.04133523628115654,-0.03340129554271698,0.10619136691093445,,,,False,0.7933940887451172,1.0735130310058594,0.6955756545066833,0.6953033208847046,0.6958479881286621,1.738368155201897e-05,0.04545454680919647,-0.02529403567314148,-2.167441692790817e-08,0.4953591823577881,nnknn_target_value_model,0,0,15,0,0,15,13,0,0,31,31,0.5,2,4,nnknn,494,nnknn,467,"[138, 152, 204]",-0.000499999150633812,0.0026923231780529022,0.024471620097756386
24112,4,56,0.24615852534770966,-0.011196631006896496,-0.003244159510359168,0.2573551535606384,0.2571256160736084,0.30124974250793457,0.6289651393890381,True,0.7952473163604736,1.0742021799087524,0.6949423551559448,0.6945940256118774,0.6952906847000122,1.7054288036888465e-05,0.0535714328289032,0.13048741221427917,-1.4901161193847656e-08,0.7020875215530396,nnknn_target_value_model,0,0,29,25,0,29,14,0,0,42,42,0.75,2,4,nnknn,498,nnknn,481,"[143, 154, 201]",-0.0003718508523888886,0.0026759712491184473,0.02492174133658409
24178,4,66,0.11827316135168076,-0.029264502227306366,-0.021200550720095634,0.14753766357898712,,,,False,0.8063953518867493,1.0746629238128662,0.6941697001457214,0.6937580108642578,0.6945813298225403,1.7077940356102772e-05,0.06060606241226196,0.21064920723438263,-2.709302115988521e-08,0.7197484970092773,nnknn_target_value_model,0,0,35,31,2,35,20,13,0,46,46,1.0,3,4,nnknn,500,nnknn,488,"[154, 150, 196]",0.0,0.0026490704622119665,0.024421747773885727
24222,4,44,0.044791366904973984,-0.04747333005070686,-0.03975455462932587,0.09226469695568085,0.09202846139669418,0.5880244970321655,0.553846538066864,True,0.7718774080276489,1.0724048614501953,0.6934730410575867,0.6932006478309631,0.6937453150749207,1.6900190530577675e-05,0.04545454680919647,-0.007232844829559326,1.3546510579942606e-09,0.4817296862602234,nnknn_target_value_model,0,0,14,20,0,14,7,0,0,40,37,0.5,2,4,nnknn,494,nnknn,495,"[148, 148, 198]",0.0,0.0027527017518877983,0.023921791464090347
24266,4,44,0.06418948620557785,-0.04712671786546707,-0.038932736963033676,0.11131620407104492,,,,False,0.8193982243537903,1.075383186340332,0.692915678024292,0.6926433444023132,0.6931880116462708,1.7574773664819077e-05,0.04545454680919647,-0.023817095905542374,-1.3546510579942606e-09,0.4952886402606964,nnknn_target_value_model,0,0,16,21,0,16,6,17,0,37,38,0.5,2,4,nnknn,489,nnknn,484,"[147, 145, 197]",0.0,0.002768066944554448,0.023421816527843475
24342,4,76,0.12053938210010529,-0.051318421959877014,-0.04386824741959572,0.1718578040599823,,,,False,0.7450174689292908,1.0689586400985718,0.6921557188034058,0.6916806697845459,0.6926306486129761,1.7665845007286407e-05,0.06578947603702545,0.20523720979690552,1.2548346361995755e-08,0.7886964678764343,nnknn_target_value_model,0,0,43,33,0,43,24,10,0,49,52,1.25,4,4,nnknn,499,nnknn,498,"[154, 152, 193]",0.0,0.002734521636739373,0.02392178773880005
24366,4,24,0.21570435166358948,-0.06941018253564835,-0.06195816397666931,0.2851145267486572,0.28438496589660645,-12.607404708862305,0.5728856325149536,True,0.7452017664909363,1.0687447786331177,0.6915223002433777,0.6913766860961914,0.6916679739952087,1.7583857697900385e-05,0.0,-0.41494593024253845,2.731879646944435e-07,0.05796348303556442,nnknn_target_value_model,0,0,0,0,0,0,4,7,0,18,20,0.0,0,4,nnknn,499,nnknn,495,"[154, 152, 193]",-0.0004999969969503582,0.0027265853714197874,0.024421779438853264
24432,4,66,0.17282409965991974,-0.029269257560372353,-0.021139105781912804,0.20209336280822754,,,,False,0.8130154609680176,1.0744956731796265,0.6909523010253906,0.6905406713485718,0.6913639903068542,1.7754775399225764e-05,0.06060606241226196,0.20731231570243835,-4.154263422151416e-08,0.7253820300102234,nnknn_target_value_model,0,0,34,25,8,34,14,6,3,47,52,1.0,3,4,nnknn,500,nnknn,500,"[162, 151, 187]",0.0,0.0027361586689949036,0.024681858718395233
24486,4,54,0.186702162027359,-0.02808529883623123,-0.020536210387945175,0.21478745341300964,0.21366246044635773,0.41748470067977905,0.5485619306564331,True,0.754909098148346,1.0692166090011597,0.6901923418045044,0.6898566484451294,0.6905279755592346,1.796485776139889e-05,0.0555555559694767,0.1768236756324768,-2.2075795413911692e-08,0.6793110966682434,nnknn_target_value_model,0,0,25,23,2,25,27,14,13,27,27,0.75,2,4,nnknn,500,nnknn,500,"[162, 149, 189]",0.0,0.0027461133431643248,0.024181867018342018
24520,4,34,0.14733105897903442,0.025902727618813515,0.03358186036348343,0.12142833322286606,,,,False,0.7679134011268616,1.0698747634887695,0.6896349787712097,0.6894260048866272,0.689844012260437,1.7569416741025634e-05,0.029411764815449715,-0.14031954109668732,-1.051846698629788e-08,0.3361494839191437,nnknn_target_value_model,0,0,7,15,0,7,9,6,3,27,25,0.25,1,4,nnknn,492,nnknn,500,"[162, 145, 185]",0.0,0.00274255801923573,0.02414994314312935
24564,4,44,0.06925668567419052,-0.021991945803165436,-0.013446377590298653,0.09124863147735596,,,,False,0.8545570373535156,1.077786922454834,0.689141035079956,0.6888686418533325,0.68941330909729,1.7395492250216193e-05,0.04545454680919647,0.004299871623516083,-6.0959299830187774e-09,0.48973554372787476,nnknn_target_value_model,0,0,12,15,0,12,2,25,0,41,42,0.5,2,4,nnknn,489,nnknn,477,"[160, 141, 188]",0.0,0.002763754455372691,0.02464994043111801
24598,4,34,0.05675249546766281,-0.09825887531042099,-0.09001059085130692,0.1550113707780838,0.1546565741300583,0.46375590562820435,0.5710852742195129,True,0.8248282074928284,1.076009750366211,0.6886469721794128,0.6884379982948303,0.6888560056686401,1.7792783182812855e-05,0.029411764815449715,-0.17115814983844757,-3.155540184707206e-08,0.333320289850235,nnknn_target_value_model,0,0,7,0,0,7,7,0,0,20,27,0.25,1,4,nnknn,496,nnknn,484,"[162, 143, 191]",-0.00049999711336568,0.0027024555020034313,0.02514992654323578
24672,4,74,0.17329774796962738,-0.015298372134566307,-0.007689016871154308,0.18859611451625824,,,,False,0.7609356641769409,1.0691869258880615,0.6879630088806152,0.6875006556510925,0.6884253621101379,1.7397918782080524e-05,0.06756757199764252,0.2650039792060852,-4.8328089974347677e-08,0.7566018104553223,nnknn_target_value_model,0,0,45,26,15,45,17,25,0,55,57,1.25,4,4,nnknn,500,nnknn,476,"[169, 143, 188]",0.0,0.002701639896258712,0.02506185881793499
24750,4,78,0.42907145619392395,-0.0347273088991642,-0.026356978341937065,0.46379876136779785,0.46321189403533936,0.2547169327735901,0.5938987731933594,True,0.8370330333709717,1.0761553049087524,0.6870003938674927,0.6865126490592957,0.6874880194664001,1.732902819640003e-05,0.06410256773233414,0.40104833245277405,-1.2226593959496768e-08,0.9549218416213989,nnknn_target_value_model,0,0,55,37,18,55,31,3,4,50,47,1.25,2,4,nnknn,500,nnknn,500,"[170, 146, 184]",0.0,0.0027043018490076065,0.025561848655343056
24784,4,34,0.1025928184390068,-0.0854368731379509,-0.07815059274435043,0.1880296915769577,,,,False,0.7286279201507568,1.0668799877166748,0.6862910389900208,0.6860820055007935,0.6865000128746033,1.7454578483011574e-05,0.029411764815449715,-0.13739953935146332,1.4024622352337701e-08,0.3391720950603485,nnknn_target_value_model,0,0,6,14,0,6,10,14,0,28,24,0.25,1,4,nnknn,492,nnknn,496,"[165, 142, 185]",0.0,0.0027091733645647764,0.025061853229999542
24808,4,24,0.14261743426322937,-0.042518168687820435,-0.03468719869852066,0.1851356029510498,,,,False,0.7830969095230103,1.0717122554779053,0.68592369556427,0.685778021812439,0.6860693097114563,1.7469552403781563e-05,0.0,-0.3803815543651581,1.9868215517249155e-08,0.044935524463653564,nnknn_target_value_model,0,0,0,0,0,0,5,0,1,11,19,0.0,0,4,nnknn,492,nnknn,500,"[165, 142, 185]",-0.0004999988595955074,0.0026756625156849623,0.02480952814221382
24852,4,44,0.23050761222839355,-0.052992649376392365,-0.04559890553355217,0.2835002541542053,0.283951073884964,0.3174232244491577,0.5469874739646912,True,0.7393745183944702,1.068139672279358,0.6854930520057678,0.6852206587791443,0.6857653260231018,1.709607931843493e-05,0.04545454680919647,0.09327176958322525,-1.3546510579942606e-08,0.6175136566162109,nnknn_target_value_model,0,0,16,25,0,16,6,25,0,36,38,0.5,1,4,nnknn,483,nnknn,481,"[165, 137, 181]",0.0,0.002709135878831148,0.02443746104836464
24940,4,88,0.16358819603919983,-0.07200205326080322,-0.06387937813997269,0.23559024930000305,,,,False,0.8122676014900208,1.074365258216858,0.6846570372581482,0.6841059923171997,0.6852080225944519,1.7261116227018647e-05,0.06818182021379471,0.3203364610671997,-5.960464477539063e-08,0.8288580775260925,nnknn_target_value_model,0,0,57,29,11,57,22,7,0,62,66,1.5,4,4,nnknn,500,nnknn,496,"[164, 150, 186]",0.0,0.002649434143677354,0.024937443435192108
24974,4,34,0.036867640912532806,-0.10771409422159195,-0.10029483586549759,0.14458173513412476,0.1411164402961731,0.45429378747940063,0.5324361324310303,True,0.7419257760047913,1.0666687488555908,0.68388432264328,0.6836753487586975,0.6840933561325073,1.676434840192087e-05,0.029411764815449715,-0.11892091482877731,-7.0123111761688506e-09,0.3241020143032074,nnknn_target_value_model,0,0,7,12,0,7,5,25,0,26,29,0.25,1,4,nnknn,495,nnknn,476,"[166, 146, 183]",0.0,0.002634613309055567,0.024437446147203445
25040,4,66,0.19150619208812714,-0.02293710596859455,-0.015040080063045025,0.21444329619407654,,,,False,0.789702832698822,1.071436882019043,0.6832510232925415,0.6828393340110779,0.6836626529693604,1.6642321497783996e-05,0.06060606241226196,0.19163766503334045,-1.0837208463954084e-08,0.7430751919746399,nnknn_target_value_model,0,0,36,31,0,36,18,0,0,44,48,1.0,3,4,nnknn,500,nnknn,494,"[170, 145, 185]",0.0,0.0026339644100517035,0.023937467485666275
25084,4,44,0.09781362116336823,-0.029057323932647705,-0.021568862721323967,0.12687094509601593,,,,False,0.7488463521003723,1.0672286748886108,0.6825543642044067,0.6822819709777832,0.6828266382217407,1.6603842595941387e-05,0.04545454680919647,-0.0278240405023098,2.031976586991391e-09,0.4847869575023651,nnknn_target_value_model,0,0,14,20,0,14,4,0,0,36,40,0.5,2,4,nnknn,494,nnknn,473,"[175, 135, 184]",0.0,0.002619589911773801,0.02343747764825821
25172,4,88,0.16817188262939453,-0.04714953154325485,-0.03963755443692207,0.21532142162322998,0.21502256393432617,0.49347710609436035,0.5848081707954407,True,0.7511976361274719,1.068077564239502,0.6817183494567871,0.6811673045158386,0.6822693347930908,1.64542107086163e-05,0.06818182021379471,0.30516645312309265,-2.167441692790817e-08,0.8433534502983093,nnknn_target_value_model,0,0,54,31,17,54,23,0,0,61,65,1.5,4,4,nnknn,500,nnknn,496,"[161, 139, 200]",0.0,0.00259033078327775,0.023937411606311798
25216,4,44,0.04416421055793762,-0.06578963249921799,-0.05850420519709587,0.10995384305715561,,,,False,0.7285429835319519,1.0653717517852783,0.6808823943138123,0.6806100010871887,0.6811546683311462,1.6342446542694233e-05,0.04545454680919647,-0.030765235424041748,0.0,0.49612805247306824,nnknn_target_value_model,0,0,14,25,0,14,9,8,0,36,35,0.5,2,4,nnknn,489,nnknn,497,"[164, 133, 192]",-0.0002601028245408088,0.0026497356593608856,0.02443740889430046
25250,4,34,0.19740459322929382,0.013862436637282372,0.02040775679051876,0.1835421621799469,0.18284708261489868,0.27353793382644653,0.5688585638999939,True,0.654532253742218,1.0593920946121216,0.680388331413269,0.6801793575286865,0.6805973052978516,1.6818199583212845e-05,0.029411764815449715,-0.17517562210559845,-1.577770092353603e-08,0.3347642719745636,nnknn_target_value_model,0,0,7,0,0,7,5,8,0,28,29,0.25,1,4,nnknn,496,nnknn,494,"[165, 135, 196]",-0.0005079222028143704,0.002590917283669114,0.02493738755583763
25314,4,64,0.019175969064235687,-0.06087630242109299,-0.053172606974840164,0.08005227148532867,,,,False,0.7703697681427002,1.0691664218902588,0.6797676682472229,0.6793686747550964,0.6801666617393494,1.660854832152836e-05,0.0625,0.1278543919324875,-7.450580596923828e-09,0.6509197950363159,nnknn_target_value_model,0,0,28,24,0,28,8,10,0,59,56,1.0,4,4,nnknn,500,nnknn,492,"[168, 139, 193]",0.0,0.0026056133210659027,0.025384023785591125
25370,4,56,0.1539057493209839,-0.0667187049984932,-0.05921347066760063,0.22062446177005768,,,,False,0.7505231499671936,1.0679329633712769,0.6790077090263367,0.6786593198776245,0.6793559789657593,1.6698160834494047e-05,0.0535714328289032,0.13471150398254395,-3.193106223875475e-09,0.6916167736053467,nnknn_target_value_model,0,0,27,24,3,27,15,25,0,36,41,0.75,2,4,nnknn,500,nnknn,482,"[166, 141, 193]",0.0,0.002629052149131894,0.02588401921093464
25404,4,34,0.10438528656959534,-0.042558055371046066,-0.03563835471868515,0.1469433456659317,0.1462581306695938,0.40709495544433594,0.5270865559577942,True,0.6919699907302856,1.0629990100860596,0.6784377098083496,0.6782286763191223,0.6786466836929321,1.701298424450215e-05,0.029411764815449715,-0.15063725411891937,1.928385628957585e-08,0.3304990530014038,nnknn_target_value_model,0,0,8,21,0,8,7,0,0,28,27,0.25,1,4,nnknn,487,nnknn,489,"[161, 137, 189]",0.0,0.002656894735991955,0.026384009048342705
25478,4,74,0.07455815374851227,-0.09012387692928314,-0.08242472261190414,0.1646820306777954,,,,False,0.7699156403541565,1.0685648918151855,0.6777536869049072,0.6772913336753845,0.6782159805297852,1.724124922475312e-05,0.06756757199764252,0.2321811467409134,-4.188434488128223e-08,0.7678616642951965,nnknn_target_value_model,0,0,43,19,11,43,21,25,0,53,53,1.25,4,4,nnknn,500,nnknn,485,"[164, 142, 194]",0.0,0.002624340122565627,0.02688400261104107
25522,4,44,0.09885914623737335,-0.012580744922161102,-0.004057148937135935,0.11143989115953445,0.11125561594963074,0.49854397773742676,0.5395934581756592,True,0.8523597121238708,1.0757805109024048,0.6770064234733582,0.6767339706420898,0.6772786378860474,1.7308433598373085e-05,0.04545454680919647,-0.001154283992946148,0.0,0.4880671203136444,nnknn_target_value_model,0,0,14,20,0,14,11,0,0,33,33,0.5,2,4,nnknn,494,nnknn,496,"[165, 137, 192]",0.0,0.0026891115121543407,0.02738400176167488
25566,4,44,0.20883911848068237,-0.07477322220802307,-0.06707891076803207,0.28361234068870544,,,,False,0.7694314122200012,1.0684177875518799,0.6764490008354187,0.6761766672134399,0.6767213344573975,1.7910411770571955e-05,0.04545454680919647,0.08427932113409042,1.4901161193847656e-08,0.6150025725364685,nnknn_target_value_model,0,0,18,22,0,18,12,25,0,33,32,0.5,1,4,nnknn,490,nnknn,483,"[173, 137, 180]",0.0,0.002723964164033532,0.026884015649557114
25610,4,44,0.013490676879882812,-0.08598780632019043,-0.07871675491333008,0.09947848320007324,,,,False,0.7271050810813904,1.0641905069351196,0.6758916974067688,0.6756193041801453,0.6761639714241028,1.8109971279045567e-05,0.04545454680919647,-0.009172415360808372,2.709302115988521e-09,0.4862164258956909,nnknn_target_value_model,0,0,13,17,0,13,5,0,0,42,39,0.5,2,4,nnknn,486,nnknn,488,"[179, 132, 175]",0.0,0.002738272538408637,0.0263840202242136
25654,4,44,-0.018248647451400757,-0.12149649113416672,-0.11371277272701263,0.10324784368276596,0.10312841832637787,0.5167324542999268,0.5202717781066895,True,0.7783719897270203,1.0686326026916504,0.6753343343734741,0.6750620007514954,0.6756066679954529,1.787477231118828e-05,0.04545454680919647,-0.011415919288992882,3.3866276449856514e-09,0.4847084581851959,nnknn_target_value_model,0,0,13,0,0,13,2,0,0,43,42,0.5,2,4,nnknn,499,nnknn,490,"[184, 134, 181]",-0.0004999979864805937,0.0026798630133271217,0.026884013786911964
25710,4,56,0.23627696931362152,-0.03398989513516426,-0.026301568374037743,0.2702668607234955,,,,False,0.7688326239585876,1.0677261352539062,0.6747009754180908,0.6743526458740234,0.6750493049621582,1.783360494300723e-05,0.0535714328289032,0.14788071811199188,-2.9802322387695312e-08,0.6917982697486877,nnknn_target_value_model,0,0,27,39,0,27,20,25,0,33,36,0.75,2,4,nnknn,487,nnknn,485,"[175, 128, 184]",0.0,0.002796779852360487,0.027219032868742943
25820,4,110,0.5696595311164856,-0.03411681205034256,-0.026071231812238693,0.6037763357162476,0.5977651476860046,0.2655239701271057,0.5757226347923279,True,0.804558277130127,1.0712467432022095,0.6736497282981873,0.6729593276977539,0.674340009689331,1.8750011804513633e-05,0.072727270424366,0.5377783179283142,3.684650806690115e-08,1.0929570198059082,nnknn_target_value_model,0,0,74,30,31,74,49,16,18,63,61,2.0,4,4,nnknn,500,nnknn,500,"[171, 140, 189]",0.0,0.002779856324195862,0.02771902270615101
25864,4,44,0.012830205261707306,-0.08545073866844177,-0.0778067335486412,0.09828094393014908,,,,False,0.7644006609916687,1.0662946701049805,0.6726743578910828,0.672402024269104,0.6729466915130615,1.8411932614981197e-05,0.04545454680919647,0.003768699476495385,-2.167441692790817e-08,0.4782719314098358,nnknn_target_value_model,0,0,15,19,0,15,5,4,1,34,39,0.5,2,4,nnknn,496,nnknn,500,"[171, 137, 188]",0.0,0.0027846600860357285,0.02821902185678482
25888,4,24,0.2072482407093048,-0.04088259115815163,-0.0337601900100708,0.24813082814216614,,,,False,0.7122400999069214,1.0624079704284668,0.672243595123291,0.6720979809761047,0.6723893284797668,1.8524655388318934e-05,0.0,-0.43876633048057556,6.556510925292969e-07,0.05499325320124626,nnknn_target_value_model,0,0,0,0,0,0,11,4,7,9,13,0.0,0,4,nnknn,496,nnknn,500,"[171, 137, 188]",-0.0004999955417588353,0.002751902909949422,0.027952900156378746
25964,4,76,0.30466657876968384,-0.012385210953652859,-0.004845922812819481,0.31705179810523987,0.31458333134651184,0.44145911931991577,0.5841793417930603,True,0.7539290189743042,1.0658248662948608,0.6716103553771973,0.6711353063583374,0.6720853447914124,1.8077575077768415e-05,0.06578947603702545,0.33276090025901794,1.5685433396583903e-08,0.8762082457542419,nnknn_target_value_model,0,0,47,24,19,47,24,16,8,51,52,1.25,3,4,nnknn,500,nnknn,500,"[177, 135, 188]",0.0,0.0027235555462539196,0.028324950486421585
26010,4,46,0.1318933367729187,-0.0868501290678978,-0.07822080701589584,0.2187434583902359,,,,False,0.8629319667816162,1.0765962600708008,0.6708376407623291,0.670552670955658,0.671122670173645,1.7895472410600632e-05,0.043478261679410934,0.061820268630981445,1.2957531714263837e-09,0.6034335494041443,nnknn_target_value_model,0,0,20,16,4,20,15,4,11,25,31,0.5,1,4,nnknn,500,nnknn,500,"[183, 132, 185]",0.0,0.0027156267315149307,0.02805936150252819
26066,4,56,0.42427462339401245,-0.04971328750252724,-0.04182545095682144,0.4739879071712494,0.47349634766578674,0.21902227401733398,0.5352062582969666,True,0.7887836694717407,1.069189429283142,0.6701917052268982,0.669843316078186,0.6705399751663208,1.7727792510413565e-05,0.0535714328289032,0.29512593150138855,-2.2351743567128324e-08,0.8002443909645081,nnknn_target_value_model,0,0,33,27,6,33,28,50,0,31,28,0.75,1,4,nnknn,500,nnknn,478,"[175, 133, 192]",0.0,0.0026675574481487274,0.028559358790516853
26120,4,54,-0.002735912799835205,-0.11547046899795532,-0.10810918360948563,0.11273455619812012,,,,False,0.7361284494400024,1.0642937421798706,0.6694949865341187,0.6691593527793884,0.6698306798934937,1.744793917168863e-05,0.0555555559694767,0.04290525242686272,2.2075794525733272e-09,0.6010786294937134,nnknn_target_value_model,0,0,24,9,15,24,9,0,0,37,45,0.75,3,4,nnknn,500,nnknn,487,"[175, 135, 190]",0.0,0.002686272608116269,0.029057208448648453
26176,4,56,0.12399858981370926,-0.11004600673913956,-0.10233636200428009,0.23404459655284882,,,,False,0.7709644436836243,1.067469835281372,0.6687983870506287,0.6684499979019165,0.6691466569900513,1.766505192790646e-05,0.0535714328289032,0.1546909362077713,2.1287374085687816e-09,0.6779178977012634,nnknn_target_value_model,0,0,27,32,0,27,18,25,0,40,38,0.75,2,4,nnknn,495,nnknn,480,"[177, 134, 184]",0.0,0.0027094404213130474,0.02855721302330494
26230,4,54,-0.05198352038860321,-0.1161561831831932,-0.10884140431880951,0.06417266279459,0.06397246569395065,0.6893232464790344,0.5851898789405823,True,0.731478214263916,1.0628491640090942,0.6681017279624939,0.6677659749984741,0.6684373617172241,1.793258525140118e-05,0.0555555559694767,0.04896850511431694,4.4151589051466544e-09,0.5858309864997864,nnknn_target_value_model,0,0,23,17,1,23,3,0,0,49,51,0.75,3,4,nnknn,500,nnknn,483,"[183, 130, 187]",0.0,0.002730976790189743,0.028057262301445007
26254,4,24,0.19966889917850494,-0.04452696442604065,-0.03806872293353081,0.2441958636045456,,,,False,0.6458241939544678,1.0551278591156006,0.6676076650619507,0.6674619913101196,0.6677533388137817,1.8189428374171257e-05,0.0,-0.39489707350730896,1.4901161193847656e-08,0.050061728805303574,nnknn_target_value_model,0,0,0,0,0,0,6,0,0,17,18,0.0,0,4,nnknn,500,nnknn,489,"[183, 130, 187]",-0.0004999956581741571,0.002678349381312728,0.028557248413562775
26298,4,44,0.07844484597444534,-0.009989968501031399,-0.002013465389609337,0.08843481540679932,0.0882057324051857,0.5999627113342285,0.5142409205436707,True,0.7976505160331726,1.0692707300186157,0.6671770215034485,0.6669046878814697,0.6674493551254272,1.778913792804815e-05,0.04545454680919647,-0.0113588348031044,-9.482556961870614e-09,0.48891380429267883,nnknn_target_value_model,0,0,15,17,0,15,9,0,0,26,35,0.5,2,4,nnknn,498,nnknn,498,"[188, 130, 180]",0.0,0.002702414058148861,0.02826632186770439
26322,4,24,0.07077471166849136,-0.09249483793973923,-0.08720498532056808,0.1632695496082306,,,,False,0.5289852619171143,1.0425188541412354,0.6667463183403015,0.6666006445884705,0.6668919920921326,1.8070551959681325e-05,0.0,-0.37528249621391296,3.973643103449831e-08,0.0439230315387249,nnknn_target_value_model,0,0,0,0,0,0,3,25,0,19,21,0.0,0,4,nnknn,498,nnknn,476,"[188, 130, 180]",-0.0004999980446882546,0.0026930763851851225,0.02776632271707058
26386,4,64,0.21716436743736267,-0.10993978381156921,-0.10246811807155609,0.3271041512489319,,,,False,0.747166633605957,1.065368413925171,0.6661889553070068,0.6657900214195251,0.6665880084037781,1.8147649825550616e-05,0.0625,0.28588196635246277,-2.421438694000244e-08,0.8160672783851624,nnknn_target_value_model,0,0,39,32,5,39,24,0,0,39,40,1.0,2,4,nnknn,500,nnknn,500,"[187, 130, 183]",0.0,0.002708582440391183,0.027419986203312874
26462,4,76,0.18661712110042572,-0.04412490501999855,-0.036887895315885544,0.23074202239513397,0.23040403425693512,0.2562377452850342,0.6216328740119934,True,0.723701000213623,1.0623224973678589,0.6653022766113281,0.6648273468017578,0.665777325630188,1.84664131666068e-05,0.06578947603702545,0.20272932946681976,-3.1370865904989387e-09,0.7969887852668762,nnknn_target_value_model,0,0,44,36,8,44,22,25,0,53,54,1.25,4,4,nnknn,500,nnknn,497,"[189, 127, 184]",0.0,0.002717602765187621,0.02791997790336609
26506,4,44,0.01186303049325943,-0.09458168596029282,-0.08702722936868668,0.10644471645355225,,,,False,0.7554460167884827,1.064913272857666,0.6645423769950867,0.6642699837684631,0.6648146510124207,1.847739622462541e-05,0.04545454680919647,-0.003716395003721118,2.302906842999164e-08,0.4807491898536682,nnknn_target_value_model,0,0,14,9,5,14,4,9,0,37,40,0.5,2,4,nnknn,500,nnknn,492,"[188, 128, 184]",0.0,0.0027391694020479918,0.02841997519135475
26562,4,56,0.2153254747390747,-0.012034691870212555,-0.005159897729754448,0.22736015915870667,0.22750146687030792,0.4098684787750244,0.559019923210144,True,0.687479555606842,1.0582127571105957,0.6639090776443481,0.663560688495636,0.6642573475837708,1.8569604435469955e-05,0.0535714328289032,0.15104372799396515,-8.514949634275126e-09,0.6875068545341492,nnknn_target_value_model,0,0,26,16,10,26,13,12,0,43,43,0.75,2,4,nnknn,500,nnknn,493,"[183, 129, 188]",0.0,0.002720331074669957,0.028919966891407967
26586,4,24,0.11355935037136078,-0.08285664021968842,-0.07693365216255188,0.1964159905910492,,,,False,0.5922989845275879,1.0494310855865479,0.6634023189544678,0.6632566452026367,0.6635479927062988,1.8273000023327768e-05,0.0,-0.4205760657787323,-1.8378099753135757e-07,0.0540991947054863,nnknn_target_value_model,0,0,0,0,0,0,6,0,0,17,18,0.0,0,4,nnknn,500,nnknn,499,"[183, 129, 188]",-0.0004999993834644556,0.00270631886087358,0.028419969603419304
26630,4,44,0.01889190822839737,-0.08217223733663559,-0.07518178969621658,0.10106414556503296,,,,False,0.6990444660186768,1.0578452348709106,0.6629716753959656,0.6626993417739868,0.6632440090179443,1.8040464055957273e-05,0.04545454680919647,-0.008546799421310425,2.709302115988521e-09,0.48237740993499756,nnknn_target_value_model,0,0,15,24,0,15,1,0,0,41,43,0.5,2,4,nnknn,491,nnknn,500,"[179, 130, 182]",0.0,0.002792941639199853,0.028145862743258476
26674,4,44,0.022193677723407745,-0.0753948986530304,-0.06901562213897705,0.09758857637643814,0.09761366248130798,0.549724817276001,0.5001946687698364,True,0.6379278302192688,1.0528510808944702,0.6624143719673157,0.6621419787406921,0.6626866459846497,1.8393724531051703e-05,0.04545454680919647,-0.010660196654498577,1.3546510579942606e-09,0.4882863759994507,nnknn_target_value_model,0,0,13,18,0,13,4,14,0,38,40,0.5,2,4,nnknn,486,nnknn,490,"[174, 125, 187]",0.0,0.002830516081303358,0.027645865455269814
26750,4,76,0.2678946554660797,-0.08463400602340698,-0.07703094184398651,0.3525286614894867,,,,False,0.7603063583374023,1.0651365518569946,0.6616543531417847,0.6611793041229248,0.6621293425559998,1.874549525382463e-05,0.06578947603702545,0.3169892132282257,-1.4901161193847656e-08,0.8935221433639526,nnknn_target_value_model,0,0,42,30,0,42,25,7,8,54,51,1.25,3,4,nnknn,498,nnknn,500,"[182, 124, 192]",0.0,0.0027863571885973215,0.02737976238131523
26784,4,34,0.18878686428070068,0.0014173900708556175,0.007480358239263296,0.1873694807291031,0.1869305670261383,0.2714056372642517,0.5806008577346802,True,0.6062970161437988,1.0495444536209106,0.6609576940536499,0.6607486605644226,0.6611666679382324,1.8740818632068112e-05,0.029411764815449715,-0.20412854850292206,2.103693397259576e-08,0.3449200689792633,nnknn_target_value_model,0,0,7,19,0,7,5,4,1,24,29,0.25,1,4,nnknn,486,nnknn,500,"[181, 117, 188]",0.0,0.002848971402272582,0.027117904275655746
26828,4,44,0.036228351294994354,-0.07938455045223236,-0.07242509722709656,0.11561290174722672,,,,False,0.695945143699646,1.0590118169784546,0.6604636907577515,0.6601913571357727,0.6607360243797302,1.926911500049755e-05,0.04545454680919647,-0.00895833782851696,-1.0837208463954084e-08,0.48432785272598267,nnknn_target_value_model,0,0,14,0,0,14,8,25,0,35,36,0.5,2,4,nnknn,500,nnknn,483,"[188, 119, 193]",-0.0004999992670491338,0.0027898848056793213,0.02661815844476223
26862,4,34,0.04593970626592636,-0.046501822769641876,-0.04037335887551308,0.09244152903556824,,,,False,0.6128466129302979,1.0507453680038452,0.659969687461853,0.6597606539726257,0.6601786613464355,1.8684620954445563e-05,0.029411764815449715,-0.15686900913715363,1.577770092353603e-08,0.33577612042427063,nnknn_target_value_model,0,0,7,25,0,7,9,0,0,25,25,0.25,1,4,nnknn,482,nnknn,492,"[177, 116, 189]",-0.0003720442473422736,0.0029065031558275223,0.026243381202220917
26906,4,44,0.0061350017786026,-0.10572564601898193,-0.09910556674003601,0.11186064779758453,0.11150917410850525,0.4693269729614258,0.479333758354187,True,0.6620078086853027,1.054486870765686,0.6594756841659546,0.6592033505439758,0.6597480177879333,1.9310537027195096e-05,0.04545454680919647,-0.0026332316920161247,1.0837208463954084e-08,0.48155829310417175,nnknn_target_value_model,0,0,14,0,0,14,2,0,0,38,42,0.5,2,4,nnknn,496,nnknn,494,"[182, 119, 195]",-0.0008438813965767622,0.0028343680314719677,0.02674337476491928
26940,4,34,0.05893846973776817,-0.04944147542119026,-0.042093973606824875,0.10837994515895844,,,,False,0.7347506284713745,1.0617586374282837,0.6589816808700562,0.6587726473808289,0.6591906547546387,1.9003757188329473e-05,0.029411764815449715,-0.13641749322414398,5.960464477539063e-08,0.32761433720588684,nnknn_target_value_model,0,0,7,25,0,7,1,0,0,32,33,0.25,1,4,nnknn,478,nnknn,495,"[175, 112, 191]",-9.376429807161912e-05,0.0029468119610100985,0.02687159553170204
26994,4,54,0.20717206597328186,-0.03426911309361458,-0.02676834911108017,0.24144117534160614,0.2412690818309784,0.41477733850479126,0.5056598782539368,True,0.7500767111778259,1.063437581062317,0.6584243774414062,0.6580886840820312,0.6587600111961365,1.974698534468189e-05,0.0555555559694767,0.16673317551612854,-2.428337353421739e-08,0.6890357732772827,nnknn_target_value_model,0,0,25,15,0,25,17,25,0,41,37,0.75,2,4,nnknn,488,nnknn,487,"[177, 116, 195]",0.0,0.0028984614182263613,0.02637159824371338
27058,4,64,0.15219812095165253,-0.04966464638710022,-0.04342597350478172,0.20186276733875275,,,,False,0.6238676309585571,1.0502257347106934,0.6576770544052124,0.6572780013084412,0.6580759882926941,1.9530783902155235e-05,0.0625,0.2103450894355774,-2.1420419216156006e-08,0.7308700084686279,nnknn_target_value_model,0,0,35,20,3,35,18,25,0,43,46,1.0,3,4,nnknn,500,nnknn,480,"[184, 124, 192]",0.0,0.0028434223495423794,0.026111889630556107
27112,4,54,0.02936727926135063,-0.06121857091784477,-0.05456653982400894,0.0905858501791954,,,,False,0.6652033925056458,1.054570198059082,0.6569296717643738,0.6565939784049988,0.657265305519104,1.9070606867899187e-05,0.0555555559694767,0.05539858713746071,8.830317810293309e-09,0.5879652500152588,nnknn_target_value_model,0,0,23,15,8,23,7,0,0,44,47,0.75,3,4,nnknn,500,nnknn,463,"[185, 125, 190]",0.0,0.002860185457393527,0.025611914694309235
27168,4,56,0.1552327275276184,-0.0896957591176033,-0.08214420080184937,0.2449284791946411,0.24451079964637756,0.31119054555892944,0.5615763664245605,True,0.7551555037498474,1.0637649297714233,0.6562330722808838,0.6558846831321716,0.6565813422203064,1.8862863726099022e-05,0.0535714328289032,0.1290295124053955,-8.514949634275126e-09,0.684847891330719,nnknn_target_value_model,0,0,27,20,7,27,12,0,0,44,44,0.75,2,4,nnknn,500,nnknn,475,"[180, 130, 190]",0.0,0.0028866217471659184,0.025111928582191467
27212,4,44,0.09222099184989929,-0.0002816635533235967,0.006214610766619444,0.0925026535987854,,,,False,0.6496276259422302,1.052493929862976,0.6555997133255005,0.655327320098877,0.6558719873428345,1.9181785319233313e-05,0.04545454680919647,-0.008667739108204842,2.709302115988521e-09,0.48622044920921326,nnknn_target_value_model,0,0,16,19,0,16,12,0,0,30,32,0.5,2,4,nnknn,497,nnknn,487,"[177, 125, 195]",0.0,0.0028784286696463823,0.024861369282007217
27256,4,44,0.19470280408859253,-0.07629308104515076,-0.06900253146886826,0.2709958851337433,0.2701398432254791,0.37893176078796387,0.544856071472168,True,0.7290551662445068,1.0612051486968994,0.6550423502922058,0.654770016670227,0.6553146839141846,1.9072380382567644e-05,0.04545454680919647,0.10589645802974701,-1.6255812695931127e-08,0.6199224591255188,nnknn_target_value_model,0,0,16,20,0,16,14,21,0,31,30,0.5,1,4,nnknn,493,nnknn,480,"[180, 124, 189]",0.0,0.0028867253568023443,0.024361375719308853
27290,4,34,-0.018012456595897675,-0.11787357181310654,-0.11097634583711624,0.09986111521720886,,,,False,0.6897227168083191,1.056217074394226,0.6545483469963074,0.6543393135070801,0.6547573208808899,1.9197119399905205e-05,0.029411764815449715,-0.15600165724754333,3.330847775373513e-08,0.33254629373550415,nnknn_target_value_model,0,0,7,0,0,7,3,0,0,32,31,0.25,1,4,nnknn,500,nnknn,483,"[184, 125, 191]",-0.0004999988595955074,0.002869588555768132,0.024326544255018234
27366,4,76,0.6244377493858337,-0.04158550128340721,-0.03408043831586838,0.6660232543945312,,,,False,0.7505067586898804,1.0627776384353638,0.6538516879081726,0.6533766388893127,0.6543266773223877,1.9299219275126234e-05,0.06578947603702545,0.4573727250099182,-3.1370866793167806e-08,1.0453925132751465,nnknn_target_value_model,0,0,50,28,22,50,40,16,7,34,36,1.25,2,4,nnknn,500,nnknn,500,"[186, 126, 188]",0.0,0.002910036128014326,0.024757971987128258
27420,4,54,0.024058319628238678,-0.06798828393220901,-0.061043646186590195,0.09204660356044769,0.0917484313249588,0.5699204206466675,0.5305080413818359,True,0.6944639682769775,1.0566009283065796,0.6530283093452454,0.6526926755905151,0.6533640027046204,1.9746774341911077e-05,0.0555555559694767,0.06767413765192032,0.0,0.584253191947937,nnknn_target_value_model,0,0,23,17,6,23,11,8,3,43,43,0.75,3,4,nnknn,500,nnknn,500,"[187, 126, 187]",0.0,0.0028915887232869864,0.025257965549826622
27496,4,76,0.2820494472980499,-0.059081174433231354,-0.051943425089120865,0.3411306142807007,,,,False,0.7137753367424011,1.0586398839950562,0.6522050499916077,0.6517300009727478,0.652679979801178,1.987091491173487e-05,0.06578947603702545,0.31671610474586487,-3.1370866793167806e-08,0.8907507061958313,nnknn_target_value_model,0,0,44,24,20,44,28,19,9,48,48,1.25,3,4,nnknn,500,nnknn,500,"[189, 127, 184]",0.0,0.0028983508236706257,0.02475797012448311
27550,4,54,0.15414029359817505,-0.07546103745698929,-0.06796640902757645,0.22960133850574493,0.22682976722717285,0.3979789614677429,0.5989981889724731,True,0.7494628429412842,1.0619429349899292,0.6513817310333252,0.6510459780693054,0.6517173051834106,1.9793116734945215e-05,0.0555555559694767,0.14423401653766632,-6.622738357719982e-09,0.7011828422546387,nnknn_target_value_model,0,0,24,25,0,24,11,16,0,41,43,0.75,2,4,nnknn,499,nnknn,495,"[185, 128, 186]",-8.105300430827356e-09,0.0029209244530647993,0.024258311837911606
27614,4,64,0.18836267292499542,0.02316742204129696,0.029551612213253975,0.1651952564716339,,,,False,0.6384191513061523,1.0498621463775635,0.6506342887878418,0.6502353549003601,0.651033341884613,2.0241670426912606e-05,0.0625,0.158330500125885,5.587935447692871e-09,0.7598021626472473,nnknn_target_value_model,0,0,30,30,0,30,18,12,1,36,46,1.0,3,4,nnknn,499,nnknn,500,"[179, 132, 188]",0.0,0.002926174784079194,0.02375832386314869
27648,4,34,0.16051092743873596,-0.040470607578754425,-0.033277131617069244,0.20098154246807098,,,,False,0.719348132610321,1.058144450187683,0.6500136852264404,0.6498046517372131,0.650222659111023,2.0129931726842187e-05,0.029411764815449715,-0.16590768098831177,5.25923349314894e-09,0.3340243995189667,nnknn_target_value_model,0,0,8,25,0,8,6,7,0,29,28,0.25,1,4,nnknn,482,nnknn,499,"[172, 134, 176]",-3.443146212589454e-08,0.0030052957590669394,0.023985007777810097
27722,4,74,0.10093224048614502,-0.07148012518882751,-0.0645708367228508,0.17241236567497253,0.17178058624267578,0.4867424964904785,0.6070926785469055,True,0.6909292340278625,1.0554159879684448,0.649329662322998,0.6488673090934753,0.6497920155525208,2.0528887034743093e-05,0.06756757199764252,0.21969950199127197,-6.765932880625769e-08,0.7908017039299011,nnknn_target_value_model,0,0,45,23,4,45,26,11,14,46,48,1.25,4,4,nnknn,500,nnknn,500,"[177, 141, 182]",0.0,0.0028597170021384954,0.024484997615218163
27756,4,34,0.0557330921292305,-0.11136116832494736,-0.10445775091648102,0.16709426045417786,,,,False,0.6903419494628906,1.0543298721313477,0.6486456990242004,0.6484366655349731,0.648854672908783,1.9841896573780105e-05,0.029411764815449715,-0.19471962749958038,-4.207386794519152e-08,0.3392527103424072,nnknn_target_value_model,0,0,7,19,0,7,5,12,0,31,29,0.25,1,4,nnknn,488,nnknn,493,"[172, 137, 179]",0.0,0.0029433718882501125,0.024984993040561676
27810,4,54,-0.005547560751438141,-0.12440288066864014,-0.11780476570129395,0.118855319917202,0.1207021102309227,0.442111074924469,0.6345348358154297,True,0.659811794757843,1.0524518489837646,0.6480883955955505,0.6477526426315308,0.6484240293502808,2.060649603663478e-05,0.0555555559694767,0.029418423771858215,2.6490953430879927e-08,0.6070730686187744,nnknn_target_value_model,0,0,23,25,0,23,13,25,0,42,41,0.75,3,4,nnknn,486,nnknn,481,"[169, 139, 178]",-1.0344097972847521e-05,0.002988571999594569,0.02548498846590519
27886,4,76,0.3139396905899048,-0.0376531220972538,-0.03036336600780487,0.3515928089618683,,,,False,0.7289761304855347,1.059833288192749,0.6472650170326233,0.6467900276184082,0.6477400064468384,2.0953357307007536e-05,0.06578947603702545,0.3333766460418701,-2.195960568940336e-08,0.8868787884712219,nnknn_target_value_model,0,0,49,32,3,49,38,15,4,38,38,1.25,3,4,nnknn,500,nnknn,500,"[176, 140, 184]",0.0,0.0028895721770823,0.025984983891248703
27930,4,44,0.15937687456607819,-0.09829197824001312,-0.09213674068450928,0.2576688528060913,,,,False,0.6155237555503845,1.0462733507156372,0.6465050578117371,0.6462326645851135,0.646777331829071,2.0212446543155238e-05,0.04545454680919647,0.03690074756741524,-2.167441692790817e-08,0.659326434135437,nnknn_target_value_model,0,0,17,19,0,17,13,9,4,30,31,0.5,1,4,nnknn,498,nnknn,500,"[181, 136, 181]",0.0,0.0028978954069316387,0.02548498846590519
27974,4,44,0.13651475310325623,0.0022160063963383436,0.009665665216743946,0.13429874181747437,0.13401468098163605,0.507681131362915,0.6657437682151794,True,0.7449660897254944,1.0604362487792969,0.6459476351737976,0.6456753611564636,0.6462200284004211,2.0380228306748904e-05,0.04545454680919647,-0.11584509909152985,-2.709302115988521e-09,0.5089370608329773,nnknn_target_value_model,0,0,15,21,0,15,7,13,0,30,37,0.5,2,4,nnknn,492,nnknn,494,"[175, 141, 176]",0.0,0.0029125323053449392,0.025232085958123207
28028,4,54,0.11947739124298096,-0.09585678577423096,-0.08840207010507584,0.21533417701721191,,,,False,0.7454718351364136,1.0607776641845703,0.6453269720077515,0.6449913382530212,0.6456626653671265,2.0693738406407647e-05,0.0555555559694767,0.1761317104101181,-3.752884936147893e-08,0.6697223782539368,nnknn_target_value_model,0,0,28,21,0,28,19,11,2,38,35,0.75,2,4,nnknn,499,nnknn,500,"[174, 146, 179]",0.0,0.002886165864765644,0.024758290499448776
28082,4,54,0.016164526343345642,-0.07208830863237381,-0.06533566117286682,0.08825283497571945,0.08762139081954956,0.6022701263427734,0.5993538498878479,True,0.6752645969390869,1.0518639087677002,0.6446430087089539,0.6443073153495789,0.6449786424636841,2.060866609099321e-05,0.0555555559694767,0.027352498844265938,-1.2141686767108695e-08,0.6074565052986145,nnknn_target_value_model,0,0,19,16,2,19,16,17,0,38,38,0.75,3,4,nnknn,500,nnknn,499,"[181, 140, 179]",0.0,0.002911277348175645,0.024258295074105263
28106,4,24,0.2191205769777298,0.009871993213891983,0.016322791576385498,0.2092485874891281,,,,False,0.6450800895690918,1.0494749546051025,0.6441490054130554,0.6440033316612244,0.6442946791648865,2.0538229364319704e-05,0.0,-0.43367648124694824,-1.1920928955078125e-07,0.05543265864253044,nnknn_target_value_model,0,0,0,0,0,0,8,7,0,15,16,0.0,0,4,nnknn,500,nnknn,500,"[181, 140, 179]",-0.0004999975208193064,0.002853135811164975,0.024758290499448776
28130,4,24,0.15556588768959045,-0.0023986774031072855,0.004206657409667969,0.1579645723104477,,,,False,0.6605337262153625,1.051188349723816,0.6438450217247009,0.6436993479728699,0.643990695476532,2.0233621398801915e-05,0.0,-0.3673722743988037,-1.390775139498146e-07,0.03878369554877281,nnknn_target_value_model,0,0,0,0,0,0,4,25,0,14,20,0.0,0,4,nnknn,500,nnknn,479,"[181, 140, 179]",-0.0009257117635570467,0.0028066053055226803,0.025217482820153236
28174,4,44,0.04843892157077789,-0.05777667462825775,-0.05040155351161957,0.10621559619903564,0.10518592596054077,0.5192101001739502,0.5032489895820618,True,0.7375125885009766,1.0590758323669434,0.643414318561554,0.6431419849395752,0.6436866521835327,1.9998298739665188e-05,0.04545454680919647,-0.020558970049023628,8.127906347965563e-09,0.49227041006088257,nnknn_target_value_model,0,0,17,25,0,17,11,0,0,33,33,0.5,2,4,nnknn,492,nnknn,490,"[177, 142, 173]",0.0,0.002842281013727188,0.025631744414567947
28218,4,44,0.20032082498073578,-0.08225102722644806,-0.07522784918546677,0.28257185220718384,,,,False,0.7023181915283203,1.0547821521759033,0.6428570747375488,0.6425846815109253,0.6431293487548828,2.0243511244188994e-05,0.04545454680919647,0.1202264055609703,0.0,0.5903598070144653,nnknn_target_value_model,0,0,21,25,0,21,12,11,0,27,32,0.5,1,4,nnknn,488,nnknn,491,"[179, 142, 167]",-2.912607669713907e-05,0.0028189204167574644,0.02613173983991146
28252,4,34,-0.07360372692346573,-0.19438675045967102,-0.1879776567220688,0.12078302353620529,0.12035670131444931,0.480279803276062,0.4866441786289215,True,0.64090895652771,1.0480704307556152,0.6423630118370056,0.6421539783477783,0.6425719857215881,2.0188734197290614e-05,0.029411764815449715,-0.1538020819425583,2.4543089338635582e-08,0.3342479467391968,nnknn_target_value_model,0,0,6,0,0,6,6,0,0,20,28,0.25,1,4,nnknn,494,nnknn,497,"[183, 143, 168]",-0.0004999979282729328,0.0027746555861085653,0.025873173028230667
28308,4,56,0.1761021614074707,-0.05495525896549225,-0.04770317301154137,0.23105742037296295,,,,False,0.7252090573310852,1.0574201345443726,0.6417930722236633,0.6414446830749512,0.6421413421630859,1.9810660887742415e-05,0.0535714328289032,0.1495249718427658,-7.024833337254677e-08,0.6851327419281006,nnknn_target_value_model,0,0,26,25,0,26,18,25,0,36,38,0.75,2,4,nnknn,495,nnknn,490,"[183, 143, 169]",-8.116420212900266e-05,0.0027893853839486837,0.026245232671499252
28342,4,34,-0.025941237807273865,-0.12992089986801147,-0.12271566689014435,0.10397966206073761,,,,False,0.7205231785774231,1.0568780899047852,0.6412230134010315,0.6410139799118042,0.641431987285614,1.979334047064185e-05,0.029411764815449715,-0.12336691468954086,-4.5580023311231344e-08,0.3249496519565582,nnknn_target_value_model,0,0,6,19,0,6,6,0,0,28,28,0.25,1,4,nnknn,482,nnknn,496,"[182, 135, 165]",0.0,0.002874119905754924,0.026745213195681572
28396,4,54,0.01940244436264038,-0.08596306294202805,-0.07916826009750366,0.10536550730466843,0.10506363213062286,0.5323256850242615,0.4822846055030823,True,0.6794803738594055,1.0507584810256958,0.6406657099723816,0.6403300166130066,0.6410013437271118,2.052957279374823e-05,0.0555555559694767,0.07462392747402191,-4.4151589051466544e-09,0.5804228782653809,nnknn_target_value_model,0,0,25,19,0,25,6,25,0,45,48,0.75,3,4,nnknn,488,nnknn,477,"[185, 140, 163]",0.0,0.0028384560719132423,0.027244504541158676
28440,4,44,0.17024663090705872,-0.08723100274801254,-0.08103662729263306,0.25747764110565186,,,,False,0.6194373369216919,1.0454871654510498,0.6400449872016907,0.6397726535797119,0.6403173208236694,2.0429430151125416e-05,0.04545454680919647,0.08093111217021942,-8.127906347965563e-09,0.6291180849075317,nnknn_target_value_model,0,0,17,15,0,17,12,0,0,34,32,0.5,1,4,nnknn,490,nnknn,489,"[186, 139, 165]",0.0,0.0028479418251663446,0.027744492515921593
28484,4,44,0.12023381888866425,-0.013335851952433586,-0.0064542051404714584,0.13356967270374298,0.13240419328212738,0.3757762312889099,0.4623529314994812,True,0.6881648898124695,1.0530407428741455,0.6394877433776855,0.639215350151062,0.6397600173950195,2.059061807813123e-05,0.04545454680919647,-0.011246176436543465,2.709302115988521e-08,0.4866645336151123,nnknn_target_value_model,0,0,15,9,0,15,9,0,0,34,35,0.5,2,4,nnknn,496,nnknn,498,"[188, 139, 169]",0.0,0.0027898794505745173,0.027244513854384422
28528,4,44,0.20292070508003235,-0.07260579615831375,-0.06462980806827545,0.2755264937877655,,,,False,0.7975988388061523,1.064429521560669,0.6389303207397461,0.6386579871177673,0.6392026543617249,2.0131003111600876e-05,0.04545454680919647,0.13480842113494873,-2.438371993207511e-08,0.5903927087783813,nnknn_target_value_model,0,0,21,22,0,21,15,25,0,30,29,0.5,1,4,nnknn,495,nnknn,488,"[193, 136, 166]",0.0,0.0027715633623301983,0.02674451656639576
28582,4,54,0.04670139402151108,-0.06849492341279984,-0.061198752373456955,0.11519631743431091,,,,False,0.7296172976493835,1.0569424629211426,0.6383095979690552,0.6379740238189697,0.638645350933075,1.9862718545482494e-05,0.0555555559694767,0.08038026094436646,4.4151589051466544e-09,0.580106258392334,nnknn_target_value_model,0,0,22,10,7,22,9,0,0,32,45,0.75,3,4,nnknn,500,nnknn,497,"[195, 138, 167]",0.0,0.002772113773971796,0.027244508266448975
28658,4,76,0.2895825505256653,-0.06624865531921387,-0.05890573188662529,0.35583120584487915,0.35539209842681885,0.35139596462249756,0.6039334535598755,True,0.73429274559021,1.0583518743515015,0.6374863386154175,0.6370113492012024,0.6379613280296326,2.0205334294587374e-05,0.06578947603702545,0.29972043633461,2.9802322387695312e-08,0.8966752290725708,nnknn_target_value_model,0,0,45,36,9,45,26,18,5,47,50,1.25,3,4,nnknn,500,nnknn,500,"[197, 139, 164]",0.0,0.002787231467664242,0.02698376774787903
28702,4,44,0.06777490675449371,-0.055234815925359726,-0.04919616878032684,0.12300971895456314,,,,False,0.6038652062416077,1.0429449081420898,0.6367263793945312,0.6364539861679077,0.6369986534118652,2.0551122361212038e-05,0.04545454680919647,-0.048840995877981186,-8.127906347965563e-09,0.4989427328109741,nnknn_target_value_model,0,0,14,25,0,14,7,25,0,42,37,0.5,2,4,nnknn,489,nnknn,482,"[188, 137, 164]",0.0,0.002856406383216381,0.026724226772785187
28778,4,76,0.1046467274427414,-0.08600139617919922,-0.07909457385540009,0.1906481236219406,0.18946005403995514,0.4109784960746765,0.647106945514679,True,0.6906823515892029,1.0518193244934082,0.6359663605690002,0.6354913115501404,0.6364413499832153,2.125430000887718e-05,0.06578947603702545,0.1955864131450653,1.2548346361995755e-08,0.8026672005653381,nnknn_target_value_model,0,0,48,32,5,48,18,0,0,42,58,1.25,4,4,nnknn,500,nnknn,500,"[191, 145, 164]",0.0,0.002833835082128644,0.027224203571677208
28844,4,66,0.4059821367263794,-0.047566477209329605,-0.03955875709652901,0.4535486102104187,,,,False,0.8007726073265076,1.064028263092041,0.6350669860839844,0.6346553564071655,0.635478675365448,2.0977722670068033e-05,0.06060606241226196,0.3215366303920746,-3.612402821318028e-08,0.8564868569374084,nnknn_target_value_model,0,0,41,28,13,41,26,19,7,39,40,1.0,2,4,nnknn,500,nnknn,500,"[183, 146, 171]",0.0,0.002860316773876548,0.026724206283688545
28888,4,44,0.016488052904605865,-0.08781511336565018,-0.08049258589744568,0.10430316627025604,,,,False,0.7322530150413513,1.0550209283828735,0.6343703269958496,0.6340979933738708,0.6346426606178284,2.1128584194229916e-05,0.04545454680919647,-0.012118816375732422,-2.709302115988521e-09,0.4833863079547882,nnknn_target_value_model,0,0,14,22,0,14,2,11,0,39,42,0.5,2,4,nnknn,492,nnknn,491,"[183, 142, 167]",0.0,0.002911278046667576,0.027223769575357437
28942,4,54,0.05081014707684517,-0.034565072506666183,-0.027543459087610245,0.08537521958351135,0.08491895347833633,0.6080077886581421,0.5885912179946899,True,0.7021618485450745,1.052437663078308,0.6337496638298035,0.6334139704704285,0.6340853571891785,2.1505862605408765e-05,0.0555555559694767,0.04169859364628792,-1.9868215517249155e-08,0.5977980494499207,nnknn_target_value_model,0,0,20,19,0,20,11,8,0,42,43,0.75,3,4,nnknn,493,nnknn,494,"[183, 141, 169]",0.0,0.0029351303819566965,0.026723772287368774
28986,4,44,0.0370565764605999,-0.05526011809706688,-0.04881220683455467,0.09231669455766678,,,,False,0.6447914838790894,1.047910213470459,0.6331290006637573,0.6328566670417786,0.6334013342857361,2.1613559511024505e-05,0.04545454680919647,-0.02169354446232319,9.482556961870614e-09,0.4869570732116699,nnknn_target_value_model,0,0,15,25,0,15,4,0,0,39,40,0.5,2,4,nnknn,483,nnknn,498,"[175, 143, 165]",-8.972034265752882e-06,0.0030034540686756372,0.027223723009228706
29082,4,96,0.44061771035194397,-0.030397672206163406,-0.023158501833677292,0.47101539373397827,0.4705614447593689,0.28305715322494507,0.5513416528701782,True,0.7239172458648682,1.0546963214874268,0.6322423815727234,0.6316406726837158,0.6328439712524414,2.2391632228391245e-05,0.0729166716337204,0.4538974165916443,-3.8494668785915565e-08,0.9917382001876831,nnknn_target_value_model,0,0,64,34,13,64,35,9,24,59,61,1.75,4,4,nnknn,500,nnknn,500,"[183, 147, 170]",0.0,0.0029316777363419533,0.026723729446530342
29116,4,34,0.11579004675149918,-0.030059166252613068,-0.02449614740908146,0.14584921300411224,,,,False,0.5563020706176758,1.0345394611358643,0.6314190030097961,0.6312100291252136,0.6316279768943787,2.2127220290713012e-05,0.029411764815449715,-0.1592426598072052,-1.1395005827807836e-08,0.3316362202167511,nnknn_target_value_model,0,0,7,23,0,7,5,2,3,28,29,0.25,1,4,nnknn,484,nnknn,500,"[176, 140, 168]",0.0,0.003017975250259042,0.02622373215854168
29204,4,88,0.5086532831192017,-0.06806726008653641,-0.06067046523094177,0.5767205357551575,,,,False,0.7396795153617859,1.0557225942611694,0.6306463479995728,0.630095362663269,0.6311973333358765,2.2851321773487143e-05,0.06818182021379471,0.5008691549301147,2.844767266196868e-08,1.0445044040679932,nnknn_target_value_model,0,0,60,36,8,60,43,13,30,45,45,1.5,2,4,nnknn,500,nnknn,500,"[179, 148, 173]",0.0,0.0029367718379944563,0.025723734870553017
29248,4,44,0.03310838341712952,-0.08606449514627457,-0.07979225367307663,0.11917287856340408,0.11909033358097076,0.5009056925773621,0.594777524471283,True,0.6272239089012146,1.0429972410202026,0.6298103332519531,0.6295379996299744,0.6300826668739319,2.2384014300769195e-05,0.04545454680919647,-0.03992079943418503,2.167441692790817e-08,0.5011571049690247,nnknn_target_value_model,0,0,12,25,0,12,7,5,2,35,37,0.5,2,4,nnknn,487,nnknn,500,"[173, 145, 169]",-0.000448541744844988,0.003026368096470833,0.02622373029589653
29304,4,56,0.4677264094352722,-0.07840078324079514,-0.0714835375547409,0.546127200126648,,,,False,0.691724419593811,1.052030324935913,0.6291770339012146,0.6288286447525024,0.6295253038406372,2.2883656129124574e-05,0.0535714328289032,0.27586984634399414,-2.3416111716301202e-08,0.8874219059944153,nnknn_target_value_model,0,0,31,23,0,31,23,25,0,29,33,0.75,1,4,nnknn,495,nnknn,498,"[181, 142, 172]",0.0,0.002990406472235918,0.025723733007907867
29338,4,34,0.06800137460231781,-0.05346037074923515,-0.04732897877693176,0.12146174162626266,0.11840268969535828,0.5105780959129333,0.5058167576789856,True,0.6131396293640137,1.0410747528076172,0.6286070346832275,0.6283980011940002,0.6288160085678101,2.2704229195369408e-05,0.029411764815449715,-0.16393044590950012,-2.1913471925927297e-08,0.3337818682193756,nnknn_target_value_model,0,0,8,8,0,8,8,25,0,21,26,0.25,1,4,nnknn,495,nnknn,481,"[181, 142, 172]",0.0,0.0029428505804389715,0.02622373215854168
29402,4,64,0.11028597503900528,-0.0764433816075325,-0.06957629323005676,0.18672935664653778,,,,False,0.6867090463638306,1.050006628036499,0.6279863119125366,0.6275873184204102,0.6283853054046631,2.2246254957281053e-05,0.0625,0.19138911366462708,1.862645149230957e-09,0.7432910799980164,nnknn_target_value_model,0,0,36,18,13,36,18,0,0,39,46,1.0,3,4,nnknn,500,nnknn,499,"[177, 142, 181]",0.0,0.0029350253753364086,0.025723757222294807
29446,4,44,0.0745309516787529,-0.06894714385271072,-0.062072429805994034,0.14347809553146362,,,,False,0.6874713897705078,1.0503203868865967,0.627302348613739,0.6270300149917603,0.6275746822357178,2.213293373642955e-05,0.04545454680919647,-0.038712311536073685,3.2511625391862253e-08,0.5004572868347168,nnknn_target_value_model,0,0,15,24,0,15,11,16,0,29,33,0.5,2,4,nnknn,491,nnknn,494,"[169, 141, 181]",0.0,0.0029960719402879477,0.02622375264763832
29492,4,46,0.31059905886650085,-0.01625804975628853,-0.009218459948897362,0.3268571197986603,0.3235746920108795,0.2343551516532898,0.6132564544677734,True,0.7039591670036316,1.0501179695129395,0.626732349395752,0.626447319984436,0.6270173192024231,2.2675880245515145e-05,0.043478261679410934,0.06359215825796127,0.0,0.6438307762145996,nnknn_target_value_model,0,0,21,23,0,21,21,9,6,25,25,0.5,1,4,nnknn,489,nnknn,500,"[169, 137, 183]",0.0,0.002983592450618744,0.026723748072981834
29546,4,54,0.051186516880989075,-0.050324082374572754,-0.04342161491513252,0.10151059925556183,,,,False,0.6902472376823425,1.0494874715805054,0.6260989308357239,0.6257633566856384,0.6264346837997437,2.2732992874807678e-05,0.0555555559694767,0.04618900269269943,0.0,0.5899744629859924,nnknn_target_value_model,0,0,22,20,0,22,11,25,0,43,43,0.75,3,4,nnknn,491,nnknn,486,"[165, 138, 188]",0.0,0.0029790783300995827,0.027223706245422363
29570,4,24,0.1998194307088852,-0.04137693718075752,-0.035965584218502045,0.24119636416435242,0.24014422297477722,-6.349702835083008,0.5416769981384277,True,0.5411357879638672,1.0319061279296875,0.625605046749115,0.6254593133926392,0.6257506608963013,2.269768992846366e-05,0.0,-0.47042906284332275,-3.973643103449831e-08,0.06454208493232727,nnknn_target_value_model,0,0,0,0,0,0,4,0,0,21,20,0.0,0,4,nnknn,491,nnknn,490,"[165, 138, 188]",-0.0004999992088414729,0.002934114309027791,0.026960795745253563
29624,4,54,0.17690245807170868,-0.05038059875369072,-0.04334916174411774,0.2272830605506897,,,,False,0.7031441926956177,1.049682855606079,0.6251109838485718,0.6247753500938416,0.6254466772079468,2.248588134534657e-05,0.0555555559694767,0.13740818202495575,0.0,0.6823460459709167,nnknn_target_value_model,0,0,28,15,4,28,14,25,0,40,40,0.75,2,4,nnknn,500,nnknn,479,"[177, 140, 183]",0.0,0.0028717804234474897,0.0272138062864542
29680,4,56,0.23431237041950226,0.0032381515484303236,0.010953624732792377,0.23107421398162842,,,,False,0.7715475559234619,1.0584542751312256,0.6244143843650818,0.6240659952163696,0.6247626543045044,2.208161458838731e-05,0.0535714328289032,0.16336922347545624,-7.237706967089252e-08,0.6626431941986084,nnknn_target_value_model,0,0,27,24,3,27,14,0,0,36,42,0.75,2,4,nnknn,500,nnknn,493,"[175, 142, 183]",0.0,0.0028546196408569813,0.027713797986507416
29746,4,66,0.37673839926719666,-0.054265592247247696,-0.046836741268634796,0.43100398778915405,0.4301273226737976,0.25284671783447266,0.6563485264778137,True,0.7428852915763855,1.0544772148132324,0.6236416101455688,0.62322998046875,0.6240533590316772,2.2197609723662026e-05,0.06060606241226196,0.27787867188453674,1.4449611285272113e-08,0.8997638821601868,nnknn_target_value_model,0,0,37,26,11,37,24,8,9,43,42,1.0,2,4,nnknn,500,nnknn,500,"[170, 147, 183]",0.0,0.002826977288350463,0.028213784098625183
29820,4,74,0.1710200309753418,-0.01735200546681881,-0.010384669527411461,0.18837203085422516,,,,False,0.6967338919639587,1.0485694408416748,0.6227549910545349,0.6222926378250122,0.6232173442840576,2.1898373233852908e-05,0.06756757199764252,0.1857091635465622,-4.188434488128223e-08,0.8097118735313416,nnknn_target_value_model,0,0,40,48,0,40,22,25,0,49,52,1.25,4,4,nnknn,492,nnknn,497,"[164, 142, 186]",0.0,0.002898910315707326,0.02771379053592682
29884,4,64,0.04262014850974083,-0.02154553309082985,-0.014155901968479156,0.06416568160057068,0.062291219830513,0.6949719190597534,0.6433080434799194,True,0.7389633655548096,1.0530489683151245,0.6218810081481934,0.6214820146560669,0.6222800016403198,2.2472329874290153e-05,0.0625,0.07158686965703964,-2.9802322387695312e-08,0.6747406721115112,nnknn_target_value_model,0,0,28,25,0,28,7,25,0,52,57,1.0,4,4,nnknn,495,nnknn,479,"[169, 138, 188]",0.0,0.002899415325373411,0.028213782235980034
29908,4,24,0.20835503935813904,-0.051740679889917374,-0.04529189690947533,0.2600957155227661,,,,False,0.6448785066604614,1.0425798892974854,0.6213237047195435,0.6211779713630676,0.6214693188667297,2.2699063265463337e-05,0.0,-0.4471484124660492,-1.3162693335289077e-07,0.05771219730377197,nnknn_target_value_model,0,0,0,0,0,0,6,0,0,19,18,0.0,0,4,nnknn,495,nnknn,485,"[169, 138, 188]",-0.0004999986849725246,0.0028791322838515043,0.028088709339499474
29932,4,24,0.10195551812648773,-0.17116345465183258,-0.16471628844738007,0.2731189727783203,,,,False,0.644717276096344,1.0422208309173584,0.621019721031189,0.6208739876747131,0.6211653351783752,2.228272751381155e-05,0.0,-0.4994856119155884,8.940696716308594e-08,0.0711202323436737,nnknn_target_value_model,0,0,0,0,0,0,1,0,0,22,23,0.0,0,4,nnknn,495,nnknn,486,"[169, 138, 188]",-0.0008792288135737181,0.0028605398256331682,0.0284237340092659
29998,4,66,0.24330446124076843,-0.08078723400831223,-0.073544941842556,0.32409170269966125,0.32387787103652954,0.33352184295654297,0.5738983750343323,True,0.724229097366333,1.0509567260742188,0.6204496622085571,0.6200379729270935,0.6208613514900208,2.1991105313645676e-05,0.06060606241226196,0.25090688467025757,1.53527111024232e-08,0.8253179788589478,nnknn_target_value_model,0,0,42,39,0,42,30,25,0,38,36,1.0,2,4,nnknn,498,nnknn,491,"[164, 144, 190]",0.0,0.002891902346163988,0.028774814680218697
30062,4,64,0.15437650680541992,-0.03778811916708946,-0.030740879476070404,0.19216462969779968,,,,False,0.7047244310379028,1.048774003982544,0.6196262836456299,0.6192273497581482,0.6200253367424011,2.1957423086860217e-05,0.0625,0.1780010610818863,1.6763806343078613e-08,0.7575585842132568,nnknn_target_value_model,0,0,33,23,8,33,12,3,0,49,52,1.0,3,4,nnknn,500,nnknn,500,"[166, 143, 191]",0.0,0.002877790480852127,0.029274659231305122
30128,4,66,0.313686728477478,-0.0699918121099472,-0.06264203041791916,0.3836785554885864,0.38319769501686096,0.36279821395874023,0.5950707793235779,True,0.7349781394004822,1.052237868309021,0.6188029646873474,0.6183913350105286,0.619214653968811,2.141723052773159e-05,0.06060606241226196,0.2852097749710083,-4.154263422151416e-08,0.8689154386520386,nnknn_target_value_model,0,0,37,29,8,37,19,25,0,38,47,1.0,2,4,nnknn,500,nnknn,494,"[173, 143, 184]",0.0,0.00289242435246706,0.028774669393897057
30194,4,66,0.3067801892757416,-0.02801663987338543,-0.020933374762535095,0.33479681611061096,,,,False,0.7083266377449036,1.0492292642593384,0.6179670095443726,0.6175553202629089,0.6183786392211914,2.1681580619770102e-05,0.06060606241226196,0.26349887251853943,-2.5286819749226197e-08,0.8172656297683716,nnknn_target_value_model,0,0,40,27,13,40,26,5,15,40,40,1.0,2,4,nnknn,500,nnknn,500,"[175, 148, 177]",0.0,0.002879068022593856,0.028274672105908394
30248,4,54,0.007871672511100769,-0.08083800971508026,-0.0734306126832962,0.08870968222618103,,,,False,0.7407393455505371,1.0522801876068115,0.6172069907188416,0.6168713569641113,0.6175426840782166,2.162040073017124e-05,0.0555555559694767,0.028563031926751137,1.3245476715439963e-08,0.5954405665397644,nnknn_target_value_model,0,0,20,25,0,20,8,25,0,45,46,0.75,3,4,nnknn,495,nnknn,483,"[175, 144, 176]",-2.4257628865598235e-06,0.002940892241895199,0.028774665668606758
30312,4,64,0.08221510797739029,-0.10332981497049332,-0.0963054895401001,0.1855449229478836,0.18465262651443481,0.4573802947998047,0.6799245476722717,True,0.7024328708648682,1.0480825901031494,0.6164596676826477,0.6160606741905212,0.6168586611747742,2.203955955337733e-05,0.0625,0.1527496725320816,1.862645149230957e-08,0.7748461365699768,nnknn_target_value_model,0,0,31,16,10,31,26,25,0,37,38,1.0,3,4,nnknn,500,nnknn,484,"[177, 147, 176]",0.0,0.0029064728878438473,0.028274668380618095
30366,4,54,0.023871611803770065,-0.032933253794908524,-0.025108108296990395,0.05680486559867859,,,,False,0.7825148105621338,1.0584213733673096,0.6157123446464539,0.6153766512870789,0.6160479784011841,2.148776184185408e-05,0.0555555559694767,0.031547609716653824,-4.4151589051466544e-09,0.585655152797699,nnknn_target_value_model,0,0,22,17,5,22,1,0,0,40,53,0.75,3,4,nnknn,500,nnknn,485,"[182, 139, 179]",0.0,0.0028916755691170692,0.028774665668606758
30432,4,66,0.5023078322410583,-0.08152028173208237,-0.07466451823711395,0.5838280916213989,0.58355712890625,0.31831616163253784,0.5928195118904114,True,0.6855761408805847,1.046378254890442,0.6149523258209229,0.614540696144104,0.6153640151023865,2.1339104932849295e-05,0.06060606241226196,0.4400844871997833,0.0,0.9842217564582825,nnknn_target_value_model,0,0,45,22,23,45,38,25,0,28,28,1.0,1,4,nnknn,500,nnknn,498,"[180, 145, 175]",0.0,0.0029236897826194763,0.029274655506014824
30488,4,56,0.11878794431686401,-0.080267533659935,-0.0733122006058693,0.199055477976799,,,,False,0.6955333352088928,1.0466868877410889,0.6141797304153442,0.6138313412666321,0.6145280003547668,2.1855586965102702e-05,0.0535714328289032,0.10195691138505936,8.514949634275126e-09,0.6890261769294739,nnknn_target_value_model,0,0,26,27,0,26,15,25,0,40,41,0.75,2,4,nnknn,499,nnknn,488,"[180, 140, 179]",0.0,0.002954765921458602,0.029004964977502823
30532,4,44,0.08816732466220856,-0.05509001016616821,-0.04877379536628723,0.14325733482837677,,,,False,0.6316218972206116,1.0395472049713135,0.6135463714599609,0.6132739782333374,0.6138186454772949,2.2113290469860658e-05,0.04545454680919647,-0.06524652242660522,-9.482556961870614e-09,0.5161288380622864,nnknn_target_value_model,0,0,14,19,0,14,18,25,0,25,26,0.5,2,4,nnknn,494,nnknn,481,"[179, 139, 176]",0.0,0.0029682046733796597,0.02950495481491089
30608,4,76,0.2522089183330536,-0.08318072557449341,-0.07685022056102753,0.335389643907547,0.3343261778354645,0.360693097114563,0.6817451119422913,True,0.6330503225326538,1.0376396179199219,0.6127863526344299,0.6123113036155701,0.613261342048645,2.187001155107282e-05,0.06578947603702545,0.2849230170249939,-2.1175335263023953e-08,0.9189195036888123,nnknn_target_value_model,0,0,46,20,20,46,33,10,4,43,43,1.25,3,4,nnknn,500,nnknn,500,"[183, 140, 177]",0.0,0.002941569546237588,0.030004937201738358
30674,4,66,0.2344846874475479,-0.0903000682592392,-0.08329758793115616,0.3247847557067871,,,,False,0.7002480626106262,1.0462921857833862,0.6118870377540588,0.6114753484725952,0.6122986674308777,2.1963844119454734e-05,0.06060606241226196,0.2310633510351181,-1.806201410659014e-08,0.9106029272079468,nnknn_target_value_model,0,0,36,35,1,36,24,25,0,40,42,1.0,2,4,nnknn,500,nnknn,499,"[183, 139, 178]",0.0,0.002957249293103814,0.02973219007253647
30708,4,34,0.23037827014923096,0.036672428250312805,0.043220050632953644,0.19370584189891815,0.19336356222629547,0.3014516830444336,0.5933021903038025,True,0.6547626256942749,1.0396729707717896,0.6112536787986755,0.6110446453094482,0.6114626526832581,2.2050728148315102e-05,0.029411764815449715,-0.17559725046157837,0.0,0.3370349109172821,nnknn_target_value_model,0,0,8,12,0,8,13,25,0,24,21,0.25,1,4,nnknn,496,nnknn,487,"[181, 141, 174]",0.0,0.0029438261408358812,0.030232181772589684
30752,4,44,0.0695873275399208,-0.103763647377491,-0.09786305576562881,0.1733509749174118,,,,False,0.5900588631629944,1.0320781469345093,0.6107596755027771,0.6104873418807983,0.6110320091247559,2.2066038582124747e-05,0.04545454680919647,-0.09772437810897827,1.3546510579942606e-08,0.5312085151672363,nnknn_target_value_model,0,0,14,12,0,14,22,9,0,18,22,0.5,2,4,nnknn,498,nnknn,500,"[185, 140, 173]",0.0,0.002933825133368373,0.02995750494301319
30796,4,44,-0.008786231279373169,-0.14023807644844055,-0.13366901874542236,0.13145184516906738,,,,False,0.6569056510925293,1.0421881675720215,0.6102023720741272,0.6099299788475037,0.6104746460914612,2.196245623053983e-05,0.04545454680919647,-0.07297801971435547,-2.9802322387695312e-08,0.5179267525672913,nnknn_target_value_model,0,0,13,9,2,13,8,25,0,37,36,0.5,2,4,nnknn,500,nnknn,483,"[186, 140, 174]",0.0,0.0029443474486470222,0.029684456065297127
30852,4,56,0.10968583822250366,-0.12109154462814331,-0.11399656534194946,0.23077738285064697,0.2298908531665802,0.3982771039009094,0.6233291625976562,True,0.7094977498054504,1.04733145236969,0.6095690131187439,0.6092206835746765,0.6099173426628113,2.1690815628971905e-05,0.0535714328289032,0.1132178008556366,-3.4059798537100505e-08,0.7105547189712524,nnknn_target_value_model,0,0,26,20,6,26,21,11,0,37,35,0.75,2,4,nnknn,500,nnknn,493,"[186, 141, 173]",0.0,0.0029744866769760847,0.03018444962799549
30906,4,54,0.07205109298229218,-0.03671131283044815,-0.03062300756573677,0.10876240581274033,,,,False,0.6088307499885559,1.0349146127700806,0.6088722944259644,0.6085366606712341,0.6092079877853394,2.1943680621916428e-05,0.0555555559694767,0.004301582463085651,-8.830317810293309e-09,0.6126482486724854,nnknn_target_value_model,0,0,19,25,0,19,8,25,0,44,46,0.75,3,4,nnknn,494,nnknn,476,"[186, 138, 170]",-1.9462155250948854e-05,0.003028198843821883,0.0296845231205225
30982,4,76,0.19142590463161469,-0.05625496432185173,-0.049806129187345505,0.2476808726787567,0.2485601007938385,0.44012969732284546,0.6403900980949402,True,0.6448836922645569,1.0395973920822144,0.6080489754676819,0.6075739860534668,0.6085240244865417,2.2659340174868703e-05,0.06578947603702545,0.25389620661735535,-3.1370865904989387e-09,0.8641682863235474,nnknn_target_value_model,0,0,45,23,16,45,23,0,0,49,53,1.25,3,4,nnknn,500,nnknn,499,"[184, 140, 176]",0.0,0.0030153486877679825,0.029184537008404732
31028,4,46,0.23278090357780457,-0.10804161429405212,-0.1015610322356224,0.3408225178718567,,,,False,0.6480580568313599,1.0394412279129028,0.6072763204574585,0.6069913506507874,0.6075613498687744,2.2404898118111305e-05,0.043478261679410934,0.018667560070753098,-7.774518806513697e-09,0.6547541618347168,nnknn_target_value_model,0,0,21,13,8,21,17,9,7,28,29,0.5,1,4,nnknn,500,nnknn,500,"[185, 141, 174]",0.0,0.0029975587967783213,0.028915230184793472
31062,4,34,0.07848305255174637,-0.0805741623044014,-0.07371774315834045,0.15905721485614777,,,,False,0.6856420636177063,1.0435651540756226,0.6067696809768677,0.6065606474876404,0.6069786548614502,2.2276368326856755e-05,0.029411764815449715,-0.20218166708946228,3.5061555880844253e-09,0.3460192084312439,nnknn_target_value_model,0,0,6,17,0,6,8,25,0,25,26,0.25,1,4,nnknn,489,nnknn,483,"[176, 140, 173]",0.0,0.003035209374502301,0.029415223747491837
31106,4,44,0.14079886674880981,0.03420122712850571,0.040652163326740265,0.10659763216972351,0.10582347959280014,0.5703140497207642,0.5899448394775391,True,0.6450938582420349,1.0381882190704346,0.6062756776809692,0.6060033440589905,0.606548011302948,2.2289774278760888e-05,0.04545454680919647,-0.052865609526634216,8.127906347965563e-09,0.5117541551589966,nnknn_target_value_model,0,0,15,21,0,15,8,0,0,36,36,0.5,2,4,nnknn,483,nnknn,491,"[175, 141, 167]",0.0,0.003015537979081273,0.0299152210354805
31170,4,64,0.13014526665210724,-0.05422030761837959,-0.045843735337257385,0.18436557054519653,,,,False,0.8376576900482178,1.0628113746643066,0.6055916547775269,0.6051926612854004,0.6059906482696533,2.1971958631183952e-05,0.0625,0.1720350831747055,-1.862645149230957e-08,0.7393670082092285,nnknn_target_value_model,0,0,34,17,0,34,14,25,0,39,50,1.0,3,4,nnknn,500,nnknn,480,"[187, 141, 172]",0.0,0.002893647877499461,0.029415231198072433
31234,4,64,0.2890890836715698,-0.014189474284648895,-0.007321801036596298,0.3032785654067993,0.3031083643436432,0.35044771432876587,0.695928692817688,True,0.6867675185203552,1.0441703796386719,0.6047810316085815,0.6043819785118103,0.605180025100708,2.090735506499186e-05,0.0625,0.20523490011692047,1.1175870895385742e-08,0.8697407245635986,nnknn_target_value_model,0,0,36,24,12,36,16,0,0,34,48,1.0,2,4,nnknn,500,nnknn,496,"[183, 142, 175]",0.0,0.0028896196745336056,0.029915176331996918
31268,4,34,0.18253862857818604,-0.02143886312842369,-0.01573787070810795,0.20397749543190002,,,,False,0.570099413394928,1.0284111499786377,0.6041603684425354,0.6039513349533081,0.6043693423271179,2.10092548513785e-05,0.029411764815449715,-0.2326122224330902,1.7530777940422126e-09,0.3687461018562317,nnknn_target_value_model,0,0,8,13,0,8,7,25,0,31,27,0.25,1,4,nnknn,495,nnknn,478,"[183, 137, 175]",0.0,0.002883144421502948,0.029642799869179726
31312,4,44,-0.005299210548400879,-0.14441318809986115,-0.13747933506965637,0.13911397755146027,,,,False,0.6933847069740295,1.0458894968032837,0.6036663055419922,0.6033939719200134,0.603938639163971,2.078874058497604e-05,0.04545454680919647,-0.0742313414812088,0.0,0.5071294903755188,nnknn_target_value_model,0,0,13,23,0,13,5,0,0,37,39,0.5,2,4,nnknn,485,nnknn,483,"[180, 130, 175]",0.0,0.0029534983914345503,0.029143186286091805
31346,4,34,0.0816335380077362,-0.04987489804625511,-0.043490178883075714,0.13150843977928162,0.1309405118227005,0.40436089038848877,0.49007949233055115,True,0.6384722590446472,1.0375808477401733,0.6031723618507385,0.6029633283615112,0.603381335735321,2.154991489078384e-05,0.029411764815449715,-0.16837014257907867,1.7530777940422126e-09,0.3341218829154968,nnknn_target_value_model,0,0,6,0,0,6,7,0,0,26,27,0.25,1,4,nnknn,491,nnknn,490,"[182, 131, 178]",-0.0004999965894967318,0.002884484827518463,0.029643183574080467
31422,4,76,0.35152918100357056,-0.07142367213964462,-0.06469932943582535,0.4229528605937958,,,,False,0.6724340319633484,1.0411403179168701,0.602475643157959,0.6020006537437439,0.6029506921768188,2.1252946680760942e-05,0.06578947603702545,0.3605441451072693,-6.274173180997877e-09,0.9788044691085815,nnknn_target_value_model,0,0,49,21,19,49,36,50,0,34,40,1.25,2,4,nnknn,500,nnknn,476,"[182, 143, 175]",0.0,0.002839579014107585,0.03012455254793167
31510,4,88,0.29031655192375183,-0.06385784596204758,-0.0566425658762455,0.35417440533638,0.3529742360115051,0.46046268939971924,0.5836165547370911,True,0.7215282320976257,1.0489283800125122,0.601436972618103,0.6008859872817993,0.6019880175590515,2.114378185069654e-05,0.06818182021379471,0.374910831451416,2.709302115988521e-08,0.9433824419975281,nnknn_target_value_model,0,0,59,46,13,59,36,5,7,53,52,1.5,3,4,nnknn,500,nnknn,500,"[176, 148, 176]",0.0,0.0028734859079122543,0.02962455525994301
31610,4,100,0.25151047110557556,-0.04308781027793884,-0.035469718277454376,0.2945982813835144,,,,False,0.7618096470832825,1.052211880683899,0.6002463102340698,0.5996193289756775,0.6008733510971069,2.1203253709245473e-05,0.07000000029802322,0.326363205909729,2.8610228852699038e-08,0.9387444853782654,nnknn_target_value_model,0,0,68,36,32,68,40,50,0,49,60,1.75,4,4,nnknn,500,nnknn,490,"[173, 149, 178]",0.0,0.0029066673014312983,0.029124559834599495
31664,4,54,0.1540955752134323,-0.07148043811321259,-0.06436267495155334,0.2255760133266449,,,,False,0.7117761969566345,1.0452263355255127,0.5992709994316101,0.5989353060722351,0.5996066927909851,2.1413905415101908e-05,0.0555555559694767,0.111798956990242,7.72652786196204e-09,0.715178906917572,nnknn_target_value_model,0,0,27,32,0,27,15,25,0,41,39,0.75,2,4,nnknn,495,nnknn,480,"[179, 134, 182]",0.0,0.0029821002390235662,0.02962455525994301
31742,4,78,0.6820628046989441,-0.05916141718626022,-0.051761846989393234,0.7412242293357849,0.7360895872116089,0.2506560683250427,0.6707960367202759,True,0.7399573922157288,1.0484974384307861,0.5984350442886353,0.597947359085083,0.5989226698875427,2.2100504793343134e-05,0.06410256773233414,0.5551841855049133,5.807632064147583e-08,1.1601752042770386,nnknn_target_value_model,0,0,54,38,11,54,46,50,0,35,32,1.25,1,4,nnknn,500,nnknn,476,"[191, 133, 176]",0.0,0.002957200398668647,0.029124563559889793
31788,4,46,0.20439085364341736,-0.0744653269648552,-0.06755594909191132,0.27885618805885315,,,,False,0.6909376382827759,1.0411428213119507,0.5976496934890747,0.5973646640777588,0.5979346632957458,2.1530602680286393e-05,0.043478261679410934,0.08803089708089828,1.036602537141107e-08,0.5922996997833252,nnknn_target_value_model,0,0,19,18,1,19,17,0,0,27,29,0.5,1,4,nnknn,500,nnknn,493,"[193, 133, 174]",0.0,0.0029862935189157724,0.02862456440925598
31898,4,110,0.7784906625747681,0.0015849791234359145,0.009168836288154125,0.7769056558609009,0.7763509154319763,0.16770821809768677,0.6513279676437378,True,0.758385956287384,1.050326943397522,0.5966616272926331,0.5959713459014893,0.5973520278930664,2.1633837604895234e-05,0.072727270424366,0.5996432900428772,4.334883030310266e-08,1.2082818746566772,nnknn_target_value_model,0,0,78,44,34,78,61,75,0,45,49,2.0,3,4,nnknn,500,nnknn,479,"[185, 138, 177]",0.0,0.0030166928190737963,0.0291245449334383
31962,4,64,0.14715789258480072,-0.0343996100127697,-0.027634181082248688,0.18155750632286072,,,,False,0.6765431761741638,1.0397038459777832,0.5955597162246704,0.5951606631278992,0.5959586501121521,2.2220858227228746e-05,0.0625,0.1689928025007248,8.381903171539307e-09,0.7660211324691772,nnknn_target_value_model,0,0,29,26,3,29,30,5,4,27,34,1.0,3,4,nnknn,500,nnknn,500,"[179, 142, 179]",0.0,0.003005094826221466,0.029624540358781815
32006,4,44,0.09811964631080627,-0.05307304486632347,-0.04614965617656708,0.15119269490242004,,,,False,0.6923394203186035,1.0419447422027588,0.594875693321228,0.5946033596992493,0.5951480269432068,2.2271529815043323e-05,0.04545454680919647,-0.10937008261680603,1.8965113923741228e-08,0.5230863094329834,nnknn_target_value_model,0,0,12,20,0,12,13,25,0,33,31,0.5,2,4,nnknn,492,nnknn,488,"[179, 136, 177]",0.0,0.003039191709831357,0.029124541208148003
32114,4,108,0.3919088840484619,-0.10855121910572052,-0.10135050863027573,0.5004600882530212,0.49990150332450867,0.13186877965927124,0.7179734110832214,True,0.7200708985328674,1.044856071472168,0.5939130187034607,0.5932353138923645,0.5945906639099121,2.2531565264216624e-05,0.07407407462596893,0.4428600072860718,-3.311369312086754e-08,1.0993021726608276,nnknn_target_value_model,0,0,77,38,31,77,57,0,20,45,51,2.0,4,4,nnknn,500,nnknn,500,"[198, 135, 167]",0.0,0.0030463009607046843,0.029624538496136665
32180,4,66,0.19270478188991547,0.006875529419630766,0.01439927238970995,0.1858292520046234,,,,False,0.752374529838562,1.0493830442428589,0.5928110480308533,0.5923993587493896,0.5932226777076721,2.2290056222118437e-05,0.06060606241226196,0.12117825448513031,-1.4449611285272113e-08,0.7694807648658752,nnknn_target_value_model,0,0,32,31,1,32,18,22,0,48,48,1.0,3,4,nnknn,500,nnknn,496,"[194, 137, 169]",0.0,0.003052785759791732,0.029353372752666473
32234,4,54,0.003120794892311096,-0.09482885152101517,-0.0877552479505539,0.09794964641332626,0.0959266647696495,0.5727939605712891,0.6573763489723206,True,0.7073604464530945,1.0431798696517944,0.5920510292053223,0.5917153358459473,0.5923866629600525,2.2475125661003403e-05,0.0555555559694767,0.02924211323261261,6.622738357719982e-09,0.6026746034622192,nnknn_target_value_model,0,0,20,17,3,20,14,12,0,41,40,0.75,3,4,nnknn,500,nnknn,498,"[194, 136, 170]",0.0,0.0030644547659903765,0.029853368178009987
32312,4,78,0.346591055393219,-0.0807463675737381,-0.07408982515335083,0.4273374080657959,,,,False,0.6656545996665955,1.038081407546997,0.5912150144577026,0.5907273292541504,0.5917026400566101,2.256646257592365e-05,0.06410256773233414,0.3361479341983795,2.598151205290833e-08,0.9992660284042358,nnknn_target_value_model,0,0,50,28,22,50,42,16,24,37,36,1.25,2,4,nnknn,500,nnknn,500,"[193, 139, 168]",0.0,0.003054635599255562,0.03035336174070835
32356,4,44,0.03559735417366028,-0.08182815462350845,-0.07464123517274857,0.11742550879716873,,,,False,0.7186920046806335,1.0440921783447266,0.5904422998428345,0.5901700258255005,0.590714693069458,2.2382086172001436e-05,0.04545454680919647,-0.07874413579702377,2.709302115988521e-09,0.49865150451660156,nnknn_target_value_model,0,0,15,14,1,15,10,12,0,33,34,0.5,2,4,nnknn,500,nnknn,498,"[192, 137, 171]",0.0,0.0030479407869279385,0.029853373765945435
32434,4,78,0.5240148305892944,-0.009171600453555584,-0.002195501234382391,0.5331864356994629,0.5263770222663879,0.253772497177124,0.6603825092315674,True,0.6976101398468018,1.040610909461975,0.5896696448326111,0.5891820192337036,0.5901573300361633,2.2275382434600033e-05,0.06410256773233414,0.41904157400131226,-4.890637583798707e-08,1.0156898498535156,nnknn_target_value_model,0,0,50,40,10,50,39,17,20,41,39,1.25,2,4,nnknn,500,nnknn,500,"[189, 138, 173]",0.0,0.003030229825526476,0.030353371053934097
32510,4,76,0.15593689680099487,-0.05594814941287041,-0.04859589412808418,0.21188504993915558,,,,False,0.7352257966995239,1.0453310012817383,0.5886943340301514,0.5882193446159363,0.5891693234443665,2.2443799025495537e-05,0.06578947603702545,0.24791577458381653,-5.6467559517159316e-08,0.8568528890609741,nnknn_target_value_model,0,0,49,14,35,49,24,3,21,53,52,1.25,3,4,nnknn,500,nnknn,500,"[189, 134, 177]",0.0,0.0030350424349308014,0.030853163450956345
32556,4,46,0.3116260766983032,-0.024654747918248177,-0.017723385244607925,0.33628082275390625,0.3336050808429718,0.152876615524292,0.6642637252807617,True,0.69313645362854,1.0396243333816528,0.587921679019928,0.5876366496086121,0.5882066488265991,2.2610129235545173e-05,0.043478261679410934,0.04344383254647255,-2.332355641954109e-08,0.6217072010040283,nnknn_target_value_model,0,0,21,20,1,21,16,7,9,32,30,0.5,1,4,nnknn,500,nnknn,500,"[195, 134, 171]",0.0,0.003050323575735092,0.030353166162967682
32622,4,66,0.21231982111930847,-0.07846197485923767,-0.07211355865001678,0.29078179597854614,,,,False,0.634841799736023,1.0299077033996582,0.587212324142456,0.5868006944656372,0.5876240134239197,2.2858397642266937e-05,0.06060606241226196,0.25847238302230835,1.1740309169283591e-08,0.8946557641029358,nnknn_target_value_model,0,0,38,36,2,38,26,50,0,41,40,1.0,2,4,nnknn,500,nnknn,476,"[196, 131, 173]",0.0,0.0030500213615596294,0.029853180050849915
32686,4,64,0.006048567593097687,-0.06762157380580902,-0.06168051064014435,0.07367014139890671,,,,False,0.5941059589385986,1.024607539176941,0.5863889455795288,0.5859900116920471,0.5867879986763,2.2829839508631267e-05,0.0625,0.029561078175902367,-7.450580596923828e-09,0.6955630779266357,nnknn_target_value_model,0,0,26,23,3,26,18,0,0,41,46,1.0,4,4,nnknn,500,nnknn,494,"[196, 134, 170]",0.0,0.003056952729821205,0.0293531846255064
32752,4,66,0.20729807019233704,-0.04366374388337135,-0.036222390830516815,0.2509618103504181,0.25225120782852173,0.23735147714614868,0.6599454283714294,True,0.7441356778144836,1.0483882427215576,0.5855656862258911,0.5851539969444275,0.58597731590271,2.3196627807919867e-05,0.06060606241226196,0.1648637354373932,1.0837208463954084e-08,0.7653104662895203,nnknn_target_value_model,0,0,33,25,8,33,24,25,0,40,42,1.0,3,4,nnknn,500,nnknn,493,"[191, 136, 173]",0.0,0.003070212434977293,0.029483871534466743
32828,4,76,0.11472825706005096,-0.028265058994293213,-0.021529637277126312,0.14299331605434418,,,,False,0.6735424399375916,1.0365015268325806,0.5846663117408752,0.5841913223266602,0.5851413607597351,2.368403147556819e-05,0.06578947603702545,0.13542930781841278,0.0,0.8233640789985657,nnknn_target_value_model,0,0,38,31,7,38,30,9,14,44,46,1.25,4,4,nnknn,500,nnknn,500,"[188, 136, 176]",0.0,0.003070998704060912,0.02898387610912323
32872,4,44,0.16100621223449707,-0.07963975518941879,-0.07327716797590256,0.24064597487449646,0.2400907278060913,0.11996841430664062,0.7329878807067871,True,0.6362587213516235,1.0306463241577148,0.583906352519989,0.5836340188980103,0.5841786861419678,2.372161361563485e-05,0.04545454680919647,-0.11438089609146118,1.8965113923741228e-08,0.5184537172317505,nnknn_target_value_model,0,0,14,16,0,14,11,25,0,32,33,0.5,2,4,nnknn,498,nnknn,486,"[187, 134, 177]",0.0,0.0030967690981924534,0.029483871534466743
32928,4,56,0.29738926887512207,0.009241714142262936,0.01606389693915844,0.28814756870269775,,,,False,0.682218611240387,1.0354880094528198,0.5832730531692505,0.5829246640205383,0.5836213231086731,2.4189615942304954e-05,0.0535714328289032,0.09774616360664368,-8.514949634275126e-09,0.7147793173789978,nnknn_target_value_model,0,0,27,21,4,27,19,25,0,36,37,0.75,2,4,nnknn,500,nnknn,480,"[183, 136, 181]",0.0,0.0030739393550902605,0.029983866959810257
32962,4,34,0.024976372718811035,-0.15969717502593994,-0.15307773649692535,0.18467354774475098,,,,False,0.6619431972503662,1.0338512659072876,0.5827029943466187,0.5824940204620361,0.582912027835846,2.4292425223393366e-05,0.029411764815449715,-0.2118692696094513,3.330847775373513e-08,0.34554609656333923,nnknn_target_value_model,0,0,6,18,0,6,5,0,0,31,29,0.25,1,4,nnknn,488,nnknn,485,"[183, 133, 172]",0.0,0.003125739749521017,0.029853183776140213
33040,4,78,0.41276082396507263,-0.05687236040830612,-0.04978707432746887,0.46963319182395935,0.4683716595172882,0.21491742134094238,0.747477114200592,True,0.7085289359092712,1.0408120155334473,0.5819936990737915,0.5815060138702393,0.582481324672699,2.459894858475309e-05,0.06410256773233414,0.30917060375213623,-2.4453187918993535e-08,1.0153642892837524,nnknn_target_value_model,0,0,51,19,20,51,37,25,0,41,41,1.25,2,4,nnknn,500,nnknn,497,"[187, 142, 171]",0.0,0.0030305334366858006,0.03035310097038746
33094,4,54,-0.010623864829540253,-0.11414355039596558,-0.10750985890626907,0.10351968556642532,,,,False,0.6633692383766174,1.0331960916519165,0.5811576247215271,0.5808219909667969,0.5814933180809021,2.4351829779334366e-05,0.0555555559694767,0.027651239186525345,-2.2075795413911692e-08,0.6026152968406677,nnknn_target_value_model,0,0,21,21,0,21,18,0,0,38,36,0.75,3,4,nnknn,500,nnknn,490,"[179, 144, 177]",0.0,0.0031070667318999767,0.030852964147925377
33182,4,88,0.2917795479297638,-0.0628904178738594,-0.055450163781642914,0.3546699583530426,0.3542345464229584,0.36677831411361694,0.7162639498710632,True,0.7440257668495178,1.0438652038574219,0.5802583694458008,0.5797073245048523,0.5808093547821045,2.4896551622077823e-05,0.06818182021379471,0.3292371332645416,8.127906347965563e-09,0.9942421913146973,nnknn_target_value_model,0,0,57,30,27,57,32,14,8,47,56,1.5,3,4,nnknn,500,nnknn,500,"[188, 147, 165]",0.0,0.003087857970967889,0.03035297431051731
33206,4,24,0.3750794529914856,-0.017343319952487946,-0.010673901066184044,0.39242276549339294,,,,False,0.6669421195983887,1.0347440242767334,0.5795490145683289,0.5794033408164978,0.5796946883201599,2.4497127014910802e-05,0.0,-0.5118366479873657,-8.940696716308594e-08,0.06820615381002426,nnknn_target_value_model,0,0,0,0,0,0,8,7,1,18,16,0.0,0,4,nnknn,500,nnknn,500,"[188, 147, 165]",-0.000499993038829416,0.0030468495097011328,0.030483881011605263
33262,4,56,0.380737841129303,-0.07935144007205963,-0.07216953486204147,0.4600892961025238,,,,False,0.7181909084320068,1.0385422706604004,0.579042375087738,0.5786939859390259,0.5793906450271606,2.4020258933887817e-05,0.0535714328289032,0.29324451088905334,-2.1287374085687816e-09,0.7937559485435486,nnknn_target_value_model,0,0,32,26,6,32,26,3,23,27,30,0.75,1,4,nnknn,500,nnknn,500,"[187, 145, 168]",0.0,0.0030531659722328186,0.030123833566904068
33350,4,88,0.34304720163345337,0.005867960397154093,0.01274816319346428,0.3371792435646057,0.33669981360435486,0.4059428572654724,0.686626136302948,True,0.6880205273628235,1.0357624292373657,0.5781303644180298,0.5775793194770813,0.5786813497543335,2.399560071353335e-05,0.06818182021379471,0.3424261510372162,-7.586045569496491e-08,0.973585307598114,nnknn_target_value_model,0,0,57,33,24,57,39,17,22,40,49,1.5,3,4,nnknn,500,nnknn,500,"[182, 154, 164]",0.0,0.0030269965063780546,0.029623968526721
33384,4,34,0.06695078313350677,-0.08845935761928558,-0.0819132998585701,0.15541014075279236,,,,False,0.6546056270599365,1.0286155939102173,0.5773577094078064,0.5771486759185791,0.5775666832923889,2.3662780222366564e-05,0.029411764815449715,-0.23190367221832275,5.6098489409350805e-08,0.3498789966106415,nnknn_target_value_model,0,0,7,17,0,7,7,8,0,29,27,0.25,1,4,nnknn,490,nnknn,499,"[177, 149, 164]",0.0,0.0031019679736346006,0.029388248920440674
33460,4,76,0.164937824010849,-0.10839176923036575,-0.10201045125722885,0.27332958579063416,0.27351465821266174,0.5496038198471069,0.6522889137268066,True,0.6381314992904663,1.0282334089279175,0.5766609907150269,0.5761860013008118,0.5771359801292419,2.4378139642067254e-05,0.06578947603702545,0.281991183757782,-3.1370865904989387e-09,0.9110199809074402,nnknn_target_value_model,0,0,43,30,3,43,23,25,0,54,53,1.25,3,4,nnknn,500,nnknn,497,"[184, 148, 168]",0.0,0.0030675441958010197,0.02962397411465645
33546,4,86,0.2811666429042816,-0.11599567532539368,-0.10858011245727539,0.3971623182296753,,,,False,0.7415560483932495,1.0434064865112305,0.5756350159645081,0.5750966668128967,0.5761733055114746,2.416129609628115e-05,0.06976744532585144,0.3505122661590576,-1.3861544800874981e-08,0.9984946846961975,nnknn_target_value_model,0,0,56,27,29,56,37,50,0,41,49,1.5,3,4,nnknn,500,nnknn,484,"[182, 151, 167]",0.0,0.0031306054443120956,0.03012395091354847
33602,4,56,0.3695710301399231,-0.033970002084970474,-0.02688579633831978,0.40354102849960327,,,,False,0.708420991897583,1.0381020307540894,0.5747357606887817,0.5743873119354248,0.5750839710235596,2.4603599740657955e-05,0.0535714328289032,0.22759898006916046,-1.915863734325285e-08,0.8702065944671631,nnknn_target_value_model,0,0,34,22,12,34,25,25,0,30,31,0.75,1,4,nnknn,500,nnknn,484,"[175, 152, 173]",0.0,0.0031493513379245996,0.030623946338891983
33678,4,76,0.2724353075027466,-0.03228968381881714,-0.025409188121557236,0.3047249913215637,0.3046061098575592,0.38111746311187744,0.7478829622268677,True,0.6880500316619873,1.0340418815612793,0.5738996863365173,0.5734246373176575,0.5743746757507324,2.494319596735295e-05,0.06578947603702545,0.24826768040657043,7.842716698291952e-09,0.9230559468269348,nnknn_target_value_model,0,0,42,30,12,42,31,6,9,48,45,1.25,3,4,nnknn,500,nnknn,500,"[178, 154, 168]",0.0,0.0031437412835657597,0.030124081298708916
33712,4,34,-0.044183701276779175,-0.2549768388271332,-0.24887113273143768,0.210793137550354,,,,False,0.6105720400810242,1.023203730583191,0.5732029676437378,0.5729939937591553,0.5734120011329651,2.4891684006433934e-05,0.029411764815449715,-0.2427469938993454,7.0123111761688506e-09,0.36636874079704285,nnknn_target_value_model,0,0,6,10,0,6,6,25,0,27,28,0.25,1,4,nnknn,496,nnknn,481,"[178, 152, 166]",0.0,0.0031852226238697767,0.030624059960246086
33796,4,84,0.09915326535701752,-0.0944773256778717,-0.08838535845279694,0.19363059103488922,0.1919747143983841,0.518867015838623,0.7262444496154785,True,0.6091968417167664,1.0211310386657715,0.5724557042121887,0.5719299912452698,0.5729813575744629,2.5107048713834956e-05,0.0714285746216774,0.24797222018241882,-1.9868215517249155e-08,0.9137775301933289,nnknn_target_value_model,0,0,49,17,28,49,21,7,0,57,63,1.5,4,4,nnknn,500,nnknn,495,"[181, 153, 166]",0.0,0.0031702190171927214,0.03012407384812832
33820,4,24,0.5007069110870361,0.06136610358953476,0.0668828934431076,0.4393408000469208,,,,False,0.5516794919967651,1.013834834098816,0.5717716813087463,0.5716260075569153,0.5719173550605774,2.502671668480616e-05,0.0,-0.5016698241233826,8.940696716308594e-08,0.06641259789466858,nnknn_target_value_model,0,0,0,0,0,0,4,0,0,18,20,0.0,0,4,nnknn,500,nnknn,499,"[181, 153, 166]",-0.0004999929224140942,0.003122612601146102,0.030624035745859146
33928,4,108,0.27179527282714844,-0.04251517355442047,-0.034764017909765244,0.3143104314804077,,,,False,0.7751160860061646,1.0464073419570923,0.5709356665611267,0.5702580213546753,0.5716133117675781,2.4712782760616392e-05,0.07407407462596893,0.3961694836616516,3.973643103449831e-08,1.0440332889556885,nnknn_target_value_model,0,0,80,30,50,80,53,75,0,53,55,2.0,4,4,nnknn,500,nnknn,477,"[176, 156, 168]",0.0,0.0031333109363913536,0.030645685270428658
33984,4,56,0.36939436197280884,0.00041883173980750144,0.007914850488305092,0.36897552013397217,0.3659241795539856,0.030774712562561035,0.7905492186546326,True,0.7496021389961243,1.0420969724655151,0.5698970556259155,0.5695486664772034,0.5702453255653381,2.463870077917818e-05,0.0535714328289032,0.06035652756690979,6.38621244775095e-09,0.7484556436538696,nnknn_target_value_model,0,0,26,30,0,26,21,0,0,37,35,0.75,2,4,nnknn,496,nnknn,498,"[178, 151, 167]",0.0,0.003191247582435608,0.030145689845085144
34018,4,34,0.08212345838546753,-0.12875337898731232,-0.12297851592302322,0.21087683737277985,,,,False,0.5774860978126526,1.019515037536621,0.5693269371986389,0.5691180229187012,0.5695359706878662,2.4996103093144484e-05,0.029411764815449715,-0.200272336602211,2.6296167021655492e-08,0.3444960415363312,nnknn_target_value_model,0,0,8,5,0,8,5,10,0,22,29,0.25,1,4,nnknn,499,nnknn,493,"[177, 155, 167]",0.0,0.0031752109061926603,0.030645687133073807
34052,4,34,0.15812622010707855,-0.04652877524495125,-0.04056704044342041,0.2046549916267395,0.2042844444513321,0.3555452823638916,0.6411619782447815,True,0.5961737036705017,1.0175470113754272,0.5688963532447815,0.5686873197555542,0.569105327129364,2.4602639314252883e-05,0.029411764815449715,-0.22751623392105103,4.3826943851854594e-08,0.34187331795692444,nnknn_target_value_model,0,0,7,14,0,7,6,0,0,25,28,0.25,1,4,nnknn,492,nnknn,474,"[176, 150, 166]",0.0,0.003182370448485017,0.03014569915831089
34096,4,44,0.02739471197128296,-0.10326693952083588,-0.0966193675994873,0.13066165149211884,,,,False,0.6647574305534363,1.0293757915496826,0.5684023499488831,0.5681300163269043,0.5686746835708618,2.465000216034241e-05,0.04545454680919647,-0.08520898967981339,-9.482556961870614e-09,0.5054349303245544,nnknn_target_value_model,0,0,12,15,0,12,9,0,0,34,35,0.5,2,4,nnknn,489,nnknn,483,"[174, 151, 164]",0.0,0.003176541766151786,0.030645690858364105
34160,4,64,0.2132698893547058,-0.07045834511518478,-0.06367318332195282,0.2837282419204712,,,,False,0.6785160303115845,1.031322956085205,0.5677183866500854,0.5673193335533142,0.5681173205375671,2.462155134708155e-05,0.0625,0.19775524735450745,4.6566128730773926e-09,0.8776618242263794,nnknn_target_value_model,0,0,33,20,2,33,21,10,0,46,43,1.0,2,4,nnknn,500,nnknn,494,"[180, 155, 165]",0.0,0.0031167662236839533,0.031145649030804634
34216,4,56,0.21915198862552643,-0.017593134194612503,-0.010945092886686325,0.23674511909484863,0.2367648482322693,0.3046554923057556,0.6402566432952881,True,0.6648043394088745,1.0270795822143555,0.5669583082199097,0.5666099786758423,0.567306637763977,2.4491875592502765e-05,0.0535714328289032,0.09927863627672195,0.0,0.6889302134513855,nnknn_target_value_model,0,0,25,16,9,25,9,7,0,40,47,0.75,2,4,nnknn,500,nnknn,496,"[184, 156, 160]",0.0,0.003086618147790432,0.03064565733075142
34284,4,68,0.1803242564201355,-0.09018898010253906,-0.0833253487944603,0.27051323652267456,,,,False,0.6863631010055542,1.0333811044692993,0.5661730170249939,0.5657486915588379,0.5665973424911499,2.379080433456693e-05,0.05882352963089943,0.1475776731967926,1.577770092353603e-08,0.8766921162605286,nnknn_target_value_model,0,0,38,29,9,38,25,25,0,37,43,1.0,2,4,nnknn,500,nnknn,496,"[186, 151, 163]",0.0,0.003049158724024892,0.030145660042762756
34372,4,88,0.35693594813346863,-0.05040570721030235,-0.04282546043395996,0.4073416590690613,0.40677133202552795,0.218764066696167,0.6550027132034302,True,0.7580251097679138,1.0443003177642822,0.5651850700378418,0.5646340250968933,0.5657359957695007,2.3380560378427617e-05,0.06818182021379471,0.3543897569179535,1.2191859966037555e-08,0.9642730355262756,nnknn_target_value_model,0,0,54,33,21,54,37,50,0,49,51,1.5,3,4,nnknn,500,nnknn,483,"[181, 153, 166]",0.0,0.003070176811888814,0.03064565733075142
34406,4,34,0.15202638506889343,-0.07182265818119049,-0.0655270591378212,0.22384904325008392,,,,False,0.6295599341392517,1.022576093673706,0.5644123554229736,0.5642033219337463,0.5646213293075562,2.3384523956337944e-05,0.029411764815449715,-0.2678215503692627,3.155540184707206e-08,0.35260188579559326,nnknn_target_value_model,0,0,7,18,0,7,1,0,0,30,33,0.25,1,4,nnknn,489,nnknn,484,"[178, 146, 165]",0.0,0.003127739066258073,0.030145669355988503
34470,4,64,0.15400825440883636,-0.030214792117476463,-0.023392045870423317,0.18422304093837738,,,,False,0.6822749376296997,1.0314589738845825,0.5637916326522827,0.5633926391601562,0.564190685749054,2.3807186153135262e-05,0.0625,0.12821510434150696,0.0,0.7678755521774292,nnknn_target_value_model,0,0,33,25,0,33,29,2,11,25,35,1.0,3,4,nnknn,497,nnknn,500,"[182, 146, 169]",-9.68384847510606e-06,0.003073150059208274,0.030645666643977165
34504,4,34,0.16353003680706024,-0.02863994613289833,-0.023096967488527298,0.19216997921466827,0.19176924228668213,0.4197160005569458,0.6422880291938782,True,0.5542980432510376,1.0098543167114258,0.5631709694862366,0.562961995601654,0.5633800029754639,2.3530948965344578e-05,0.029411764815449715,-0.28066277503967285,7.36292662395499e-08,0.37782180309295654,nnknn_target_value_model,0,0,6,15,0,6,8,25,0,17,26,0.25,1,4,nnknn,488,nnknn,483,"[181, 146, 161]",0.0,0.003110063262283802,0.030369557440280914
34558,4,54,0.21823115646839142,-0.04378144443035126,-0.03753884509205818,0.2620126008987427,,,,False,0.6242603659629822,1.0214802026748657,0.5626136660575867,0.5622779726982117,0.5629493594169617,2.3681535822106525e-05,0.0555555559694767,0.11611272394657135,8.830317810293309e-09,0.6937193870544434,nnknn_target_value_model,0,0,26,25,0,26,20,25,0,34,34,0.75,2,4,nnknn,489,nnknn,478,"[176, 148, 165]",-0.0001331701350864023,0.003089166944846511,0.0298695657402277
34612,4,54,0.03207176923751831,-0.1701677292585373,-0.1640264391899109,0.2022394984960556,0.20190969109535217,0.43004685640335083,0.5736116766929626,True,0.6141287684440613,1.0222910642623901,0.5619296431541443,0.5615940093994141,0.5622653365135193,2.3689861336606555e-05,0.0555555559694767,0.13711577653884888,1.545305572392408e-08,0.6779527068138123,nnknn_target_value_model,0,0,27,25,0,27,13,0,0,42,41,0.75,2,4,nnknn,491,nnknn,491,"[172, 153, 166]",-9.806827572234056e-10,0.00309689249843359,0.030369561165571213
34668,4,56,0.35174697637557983,-0.1054413840174675,-0.09838701039552689,0.45718836784362793,,,,False,0.7054374814033508,1.0347108840942383,0.5612329840660095,0.5608846545219421,0.5615813136100769,2.3916854843264446e-05,0.0535714328289032,0.2925799787044525,-1.7029899268550253e-08,0.792083203792572,nnknn_target_value_model,0,0,32,24,0,32,22,25,0,35,34,0.75,1,4,nnknn,499,nnknn,488,"[184, 153, 162]",0.0,0.003087104531005025,0.030869556590914726
34734,4,66,0.13481737673282623,-0.05264763534069061,-0.04611016809940338,0.18746501207351685,,,,False,0.6537471413612366,1.0255087614059448,0.5604603290557861,0.5600486397743225,0.5608720183372498,2.3886643248260953e-05,0.06060606241226196,0.13271749019622803,-3.07054222048464e-08,0.7753112316131592,nnknn_target_value_model,0,0,34,24,9,34,20,6,2,46,46,1.0,3,4,nnknn,500,nnknn,500,"[181, 154, 165]",0.0,0.003073120256885886,0.03036956489086151
34758,4,24,0.21208669245243073,-0.06364627182483673,-0.05692993104457855,0.27573296427726746,0.27518895268440247,-3.020118236541748,0.5759845972061157,True,0.6716341972351074,1.0279030799865723,0.5598903894424438,0.559744656085968,0.5600360035896301,2.3813146981410682e-05,0.0,-0.4729660749435425,1.216928211533741e-07,0.057528041303157806,nnknn_target_value_model,0,0,0,0,0,0,10,25,0,12,14,0.0,0,4,nnknn,500,nnknn,485,"[181, 154, 165]",-0.0004999994416721165,0.0030321425292640924,0.030869560316205025
34782,4,24,0.2639051377773285,0.061776887625455856,0.06706713140010834,0.20212826132774353,,,,False,0.5290249586105347,1.0042082071304321,0.5595863461494446,0.5594406723976135,0.5597320199012756,2.3759685063851066e-05,0.0,-0.4484575688838959,1.1920928955078125e-07,0.054313234984874725,nnknn_target_value_model,0,0,0,0,0,0,2,0,0,21,22,0.0,0,4,nnknn,500,nnknn,487,"[181, 154, 165]",-0.0009090137900784612,0.0030006442684680223,0.031200453639030457
34858,4,76,0.21794266998767853,-0.0799446851015091,-0.07330235093832016,0.2978873550891876,0.29756173491477966,0.2747725248336792,0.6530182361602783,True,0.664233386516571,1.0260783433914185,0.558953046798706,0.5584779977798462,0.5594279766082764,2.3821909053367563e-05,0.06578947603702545,0.2563972473144531,-1.2548346361995755e-08,0.8738637566566467,nnknn_target_value_model,0,0,47,30,17,47,27,25,0,46,49,1.25,3,4,nnknn,500,nnknn,489,"[176, 154, 170]",0.0,0.003036872949451208,0.03156854957342148
34904,4,46,0.23094165325164795,-0.08425363153219223,-0.07737282663583755,0.3151952922344208,,,,False,0.6880804300308228,1.0304145812988281,0.5581803917884827,0.5578953623771667,0.5584653615951538,2.4111111997626722e-05,0.043478261679410934,0.016933275386691093,1.2957531936308442e-08,0.6637466549873352,nnknn_target_value_model,0,0,18,22,0,18,18,25,0,25,28,0.5,1,4,nnknn,496,nnknn,482,"[176, 152, 168]",0.0,0.0030633541755378246,0.031068552285432816
34958,4,54,0.017027638852596283,-0.11276183277368546,-0.10570693761110306,0.12978947162628174,,,,False,0.705489456653595,1.0334320068359375,0.5575470328330994,0.5572113394737244,0.5578826665878296,2.4003515136428177e-05,0.0555555559694767,-0.030382633209228516,2.2075794525733272e-09,0.6290684938430786,nnknn_target_value_model,0,0,18,21,0,18,15,0,0,37,39,0.75,3,4,nnknn,493,nnknn,497,"[177, 152, 164]",0.0,0.0031146311666816473,0.030568590387701988
35012,4,54,0.023208074271678925,-0.08700437843799591,-0.08072155714035034,0.11021245270967484,0.10976172983646393,0.4963110089302063,0.6312634348869324,True,0.6282822489738464,1.0207544565200806,0.556863009929657,0.556527316570282,0.5571986436843872,2.43055746977916e-05,0.0555555559694767,0.01920725405216217,8.830317810293309e-09,0.6052718162536621,nnknn_target_value_model,0,0,21,21,0,21,12,13,0,41,42,0.75,3,4,nnknn,493,nnknn,496,"[176, 157, 160]",0.0,0.0030931399669498205,0.030068593099713326
35056,4,44,0.0095386803150177,-0.13844653964042664,-0.1318189948797226,0.14798521995544434,,,,False,0.6627545952796936,1.0263584852218628,0.5562423467636108,0.5559700131416321,0.5565146803855896,2.4017683244892396e-05,0.04545454680919647,-0.0977269634604454,2.709302115988521e-09,0.5184768438339233,nnknn_target_value_model,0,0,13,17,0,13,11,0,0,33,33,0.5,2,4,nnknn,489,nnknn,482,"[175, 157, 157]",0.0,0.003146188100799918,0.030568579211831093
35110,4,54,-0.028327472507953644,-0.12314781546592712,-0.11601389944553375,0.09482034295797348,0.09308755397796631,0.5931711196899414,0.6483107805252075,True,0.7133915424346924,1.0337133407592773,0.5556216835975647,0.5552859902381897,0.5559573173522949,2.4419365217909217e-05,0.0555555559694767,-0.01014774851500988,2.2075795413911692e-08,0.6185134053230286,nnknn_target_value_model,0,0,20,11,0,20,16,0,0,38,38,0.75,3,4,nnknn,498,nnknn,498,"[175, 163, 160]",0.0,0.003110727062448859,0.03006858378648758
35166,4,56,0.17473658919334412,-0.04469088092446327,-0.0383254811167717,0.2194274663925171,,,,False,0.6365402936935425,1.0204919576644897,0.5549250841140747,0.5545766949653625,0.5552733540534973,2.4094360924209468e-05,0.0535714328289032,0.06482270359992981,-8.514949634275126e-09,0.7223982214927673,nnknn_target_value_model,0,0,25,12,11,25,19,21,0,31,37,0.75,2,4,nnknn,500,nnknn,496,"[178, 161, 161]",0.0,0.0030823901761323214,0.02985425665974617
35220,4,54,0.047516606748104095,-0.07492668181657791,-0.06812556833028793,0.122443288564682,,,,False,0.6801113486289978,1.027874231338501,0.5542283058166504,0.5538926720619202,0.5545639991760254,2.366124499530997e-05,0.0555555559694767,0.006851762533187866,-8.830317810293309e-09,0.6090996265411377,nnknn_target_value_model,0,0,20,16,4,20,13,25,0,38,41,0.75,3,4,nnknn,500,nnknn,484,"[175, 163, 162]",0.0,0.003111129393801093,0.030354248359799385
35274,4,54,0.04076654464006424,-0.088332898914814,-0.0816354751586914,0.12909944355487823,0.12870366871356964,0.45872682332992554,0.7085578441619873,True,0.6697424054145813,1.0251290798187256,0.5535443425178528,0.5532086491584778,0.553879976272583,2.4181828848668374e-05,0.0555555559694767,-0.0525696724653244,0.0,0.6457409262657166,nnknn_target_value_model,0,0,18,13,5,18,15,0,0,34,39,0.75,3,4,nnknn,500,nnknn,499,"[177, 162, 161]",0.0,0.0031275467481464148,0.0308542437851429
35340,4,66,0.4556056261062622,-0.023608487099409103,-0.016812343150377274,0.4792141020298004,,,,False,0.6796146035194397,1.0294811725616455,0.5527843236923218,0.5523726940155029,0.5531960129737854,2.438459705444984e-05,0.06060606241226196,0.26144567131996155,-2.8899222570544225e-08,0.9038326740264893,nnknn_target_value_model,0,0,38,21,17,38,23,25,0,39,43,1.0,2,4,nnknn,500,nnknn,497,"[175, 163, 162]",0.0,0.003143725451081991,0.03135424107313156
35396,4,56,0.18688306212425232,-0.08757979422807693,-0.07993457466363907,0.27446284890174866,0.2740618884563446,0.2680850028991699,0.6596044898033142,True,0.7645223140716553,1.0429916381835938,0.5520116686820984,0.551663339138031,0.5523599982261658,2.482502350176219e-05,0.0535714328289032,0.0998590886592865,-2.1287373641598606e-08,0.7213955521583557,nnknn_target_value_model,0,0,27,22,5,27,27,25,0,23,29,0.75,2,4,nnknn,500,nnknn,499,"[173, 166, 161]",0.0,0.0031195131596177816,0.03185422718524933
35472,4,76,0.19465738534927368,-0.07271646708250046,-0.06576499342918396,0.26737385988235474,,,,False,0.695147693157196,1.030909538269043,0.5511756539344788,0.5507006645202637,0.5516506433486938,2.4437658794340678e-05,0.06578947603702545,0.22549737989902496,0.0,0.8913597464561462,nnknn_target_value_model,0,0,42,24,18,42,30,50,0,46,46,1.25,3,4,nnknn,500,nnknn,479,"[171, 165, 164]",0.0,0.003167416201904416,0.03235422447323799
35548,4,76,0.03330013155937195,-0.17773738503456116,-0.17105042934417725,0.2110375165939331,,,,False,0.6686954498291016,1.0235642194747925,0.5502129793167114,0.5497379899024963,0.5506880283355713,2.496741035429295e-05,0.06578947603702545,0.21538576483726501,-4.2350670526047907e-08,0.8760679364204407,nnknn_target_value_model,0,0,40,21,19,40,31,25,0,42,45,1.25,3,4,nnknn,500,nnknn,485,"[172, 161, 167]",0.0,0.0032217702828347683,0.03285421431064606
35602,4,54,0.17527838051319122,-0.04683932662010193,-0.039859022945165634,0.22211770713329315,0.22151747345924377,0.41331034898757935,0.7142822742462158,True,0.6980308890342712,1.0296821594238281,0.549389660358429,0.5490540266036987,0.549725353717804,2.5369632567162625e-05,0.0555555559694767,0.0702250599861145,-8.830317810293309e-09,0.7251872420310974,nnknn_target_value_model,0,0,22,25,0,22,15,0,0,35,39,0.75,2,4,nnknn,497,nnknn,500,"[180, 152, 165]",0.0,0.003262109821662307,0.03335418552160263
35678,4,76,0.26285797357559204,-0.11870106309652328,-0.11217331886291504,0.3815590441226959,,,,False,0.6527743339538574,1.0215741395950317,0.5485663414001465,0.5480913519859314,0.5490413308143616,2.565974682511296e-05,0.06578947603702545,0.3366156220436096,-6.274173180997877e-09,0.981964111328125,nnknn_target_value_model,0,0,50,28,19,50,29,50,0,45,47,1.25,2,4,nnknn,500,nnknn,479,"[175, 156, 169]",0.0,0.003268181113526225,0.03285422548651695
35776,4,98,0.4126560389995575,-0.035904619842767715,-0.028918204829096794,0.4485606551170349,0.4456211030483246,0.3007911443710327,0.7295143008232117,True,0.698641836643219,1.0286462306976318,0.5474643111228943,0.5468500256538391,0.5480786561965942,2.5824214390013367e-05,0.0714285671710968,0.4199213981628418,1.398884474923534e-08,1.089078664779663,nnknn_target_value_model,0,0,69,36,33,69,47,50,0,49,51,1.75,3,4,nnknn,500,nnknn,476,"[170, 160, 170]",0.0,0.0032791264820843935,0.03335419297218323
35810,4,34,0.22126826643943787,-0.01951523683965206,-0.012838763184845448,0.24078349769115448,,,,False,0.667647659778595,1.022668480873108,0.5466283559799194,0.5464193224906921,0.546837329864502,2.5937282771337777e-05,0.029411764815449715,-0.2434794157743454,-4.3826943851854594e-08,0.36052587628364563,nnknn_target_value_model,0,0,6,11,0,6,12,0,0,24,22,0.25,1,4,nnknn,495,nnknn,488,"[169, 158, 168]",0.0,0.003306167433038354,0.03385145962238312
35864,4,54,0.026281479746103287,-0.05586150661110878,-0.049245163798332214,0.08214298635721207,,,,False,0.6616345047950745,1.0220714807510376,0.5460709929466248,0.5457353591918945,0.5464066863059998,2.6301544494344853e-05,0.0555555559694767,0.006480253301560879,0.0,0.6018706560134888,nnknn_target_value_model,0,0,19,14,0,19,8,0,0,48,46,0.75,3,4,nnknn,500,nnknn,496,"[174, 156, 170]",0.0,0.0032540317624807358,0.033351536840200424
35908,4,44,0.1125044971704483,-0.1933150738477707,-0.1872864067554474,0.305819571018219,0.30325838923454285,0.3278399109840393,0.7011436223983765,True,0.6028671860694885,1.0121662616729736,0.5454503297805786,0.5451779961585999,0.5457226634025574,2.6100566174136475e-05,0.04545454680919647,0.008294150233268738,-6.773255289971303e-09,0.6569307446479797,nnknn_target_value_model,0,0,17,20,0,17,13,25,0,27,31,0.5,1,4,nnknn,497,nnknn,484,"[179, 151, 167]",0.0,0.00329584046266973,0.032851554453372955
35942,4,34,0.11924872547388077,-0.07902853935956955,-0.07280321419239044,0.19827726483345032,,,,False,0.6225326061248779,1.0170568227767944,0.5449563264846802,0.5447473526000977,0.5451653599739075,2.650689748406876e-05,0.029411764815449715,-0.2207529991865158,5.25923349314894e-09,0.34809550642967224,nnknn_target_value_model,0,0,9,11,0,9,10,0,0,25,24,0.25,1,4,nnknn,495,nnknn,494,"[179, 149, 167]",0.0,0.003285699989646673,0.03335154056549072
35998,4,56,0.38489776849746704,-0.12530983984470367,-0.1184205412864685,0.5102075934410095,0.5107946395874023,0.22674155235290527,0.6988040208816528,True,0.6889303922653198,1.0282143354415894,0.5443863272666931,0.5440379977226257,0.5447346568107605,2.6550607799435966e-05,0.0535714328289032,0.2113151252269745,0.0,0.8916942477226257,nnknn_target_value_model,0,0,31,28,0,31,22,25,0,34,34,0.75,1,4,nnknn,498,nnknn,491,"[175, 151, 172]",0.0,0.0033010151237249374,0.03385152667760849
36054,4,56,0.2181277871131897,-0.03463494032621384,-0.028035061433911324,0.25276273488998413,,,,False,0.6599884033203125,1.020737648010254,0.543677031993866,0.5433286428451538,0.5440253615379333,2.6990805054083467e-05,0.0535714328289032,0.09012230485677719,-6.38621244775095e-09,0.7117031216621399,nnknn_target_value_model,0,0,25,18,5,25,22,25,0,27,34,0.75,2,4,nnknn,500,nnknn,488,"[174, 149, 177]",0.0,0.0032833279110491276,0.03435150533914566
36130,4,76,0.2742493152618408,-0.06352587044239044,-0.056940674781799316,0.33777517080307007,,,,False,0.6585197448730469,1.0214742422103882,0.5428409576416016,0.5423660278320312,0.5433160066604614,2.6698635338107124e-05,0.06578947603702545,0.25744950771331787,1.960679085755146e-08,0.932847797870636,nnknn_target_value_model,0,0,44,27,17,44,30,0,0,37,46,1.25,3,4,nnknn,500,nnknn,493,"[171, 156, 173]",0.0,0.0033266295213252306,0.034851495176553726
36164,4,34,0.14270564913749695,-0.02360568195581436,-0.017113609239459038,0.1663113236427307,0.1656254231929779,0.4594463109970093,0.5963798761367798,True,0.6492075324058533,1.0200942754745483,0.5421443581581116,0.5419353246688843,0.5423533320426941,2.6876872652792372e-05,0.029411764815449715,-0.22652600705623627,3.85677125791517e-08,0.34288284182548523,nnknn_target_value_model,0,0,6,13,0,6,11,2,2,20,23,0.25,1,4,nnknn,493,nnknn,500,"[167, 154, 172]",0.0,0.0033375462517142296,0.03535148873925209
36208,4,44,0.05136789381504059,-0.07756651937961578,-0.07072245329618454,0.12893441319465637,,,,False,0.6844067573547363,1.0245814323425293,0.5416503548622131,0.5413780212402344,0.5419226884841919,2.7025738745578565e-05,0.04545454680919647,-0.09237422049045563,8.127906347965563e-09,0.5267708897590637,nnknn_target_value_model,0,0,12,25,0,12,11,25,0,30,33,0.5,2,4,nnknn,480,nnknn,486,"[161, 148, 171]",-9.800180123420432e-06,0.0034391742665320635,0.03485149145126343
36284,4,76,0.2579931914806366,-0.09763555973768234,-0.09073646366596222,0.35562875866889954,0.3544960916042328,0.3617067337036133,0.6894646883010864,True,0.6899096965789795,1.0263816118240356,0.5408903360366821,0.540415346622467,0.5413653254508972,2.773454980342649e-05,0.06578947603702545,0.27115368843078613,-2.6665235353107164e-08,0.9385653138160706,nnknn_target_value_model,0,0,44,25,0,44,30,19,0,42,46,1.25,3,4,nnknn,499,nnknn,497,"[166, 156, 177]",-2.9043759397495705e-08,0.003313847817480564,0.034351497888565063
36350,4,66,0.2904311418533325,-0.08424188196659088,-0.07720408588647842,0.3746730387210846,,,,False,0.7037798166275024,1.0278822183609009,0.5399909615516663,0.5395793318748474,0.5404026508331299,2.631934330565855e-05,0.06060606241226196,0.22450976073741913,-1.0837208463954084e-08,0.9245931506156921,nnknn_target_value_model,0,0,39,30,8,39,29,15,11,32,37,1.0,2,4,nnknn,500,nnknn,500,"[164, 156, 180]",0.0,0.003307054517790675,0.0338515043258667
36394,4,44,0.10267437249422073,-0.0007463830406777561,0.006162600126117468,0.10342075675725937,,,,False,0.690898597240448,1.0238008499145508,0.5392943620681763,0.5390220284461975,0.539566695690155,2.6428917408338748e-05,0.04545454680919647,-0.10581076145172119,-8.127906347965563e-09,0.5019423961639404,nnknn_target_value_model,0,0,15,21,0,15,2,25,0,40,42,0.5,2,4,nnknn,494,nnknn,477,"[164, 152, 178]",0.0,0.0033349122386425734,0.033351507037878036
36418,4,24,0.19268617033958435,-0.06115279346704483,-0.05459585413336754,0.2538389563560486,0.24853146076202393,-16.11341094970703,0.523219108581543,True,0.6556944251060486,1.0202621221542358,0.5388636589050293,0.5387179851531982,0.5390093326568604,2.665108877408784e-05,0.0,-0.46511921286582947,3.029902870821388e-07,0.057023487985134125,nnknn_target_value_model,0,0,0,0,0,0,9,0,0,13,15,0.0,0,4,nnknn,494,nnknn,486,"[164, 152, 178]",-0.0004999992088414729,0.003293682588264346,0.032851554453372955
36452,4,34,0.013672471046447754,-0.13400985300540924,-0.12771746516227722,0.147682324051857,,,,False,0.629238486289978,1.0153032541275024,0.5384963154792786,0.538287341594696,0.5387053489685059,2.612218122521881e-05,0.029411764815449715,-0.23919448256492615,6.311080369414412e-08,0.3508155047893524,nnknn_target_value_model,0,0,7,13,0,7,7,0,0,28,27,0.25,1,4,nnknn,488,nnknn,493,"[162, 149, 177]",0.0,0.0033287277910858393,0.03301554545760155
36542,4,90,0.6033827662467957,-0.07393387705087662,-0.06732617318630219,0.6773166656494141,0.6774813532829285,0.26510632038116455,0.6779045462608337,True,0.6607707142829895,1.0184824466705322,0.5377110242843628,0.5371473431587219,0.5382746458053589,2.6464675102033652e-05,0.06666667014360428,0.49664655327796936,1.8543667934523e-08,1.1576865911483765,nnknn_target_value_model,0,0,60,23,25,60,55,50,0,35,35,1.5,2,4,nnknn,500,nnknn,498,"[167, 149, 184]",0.0,0.003293560352176428,0.03251555189490318
36566,4,24,0.15098851919174194,0.01935514621436596,0.026118269190192223,0.13163337111473083,,,,False,0.6763123869895935,1.0228135585784912,0.5369890332221985,0.5368433594703674,0.5371346473693848,2.6403275114716962e-05,0.0,-0.4057115316390991,-1.5894572413799324e-07,0.044179003685712814,nnknn_target_value_model,0,0,0,0,0,0,1,0,0,16,23,0.0,0,4,nnknn,500,nnknn,499,"[167, 149, 184]",-0.0004999963566660881,0.0032519495580345392,0.033015549182891846
36610,4,44,-0.013748109340667725,-0.11947101354598999,-0.11317827552556992,0.10572290420532227,,,,False,0.6292738914489746,1.0130133628845215,0.5365583300590515,0.5362859964370728,0.5368306636810303,2.5950648705475032e-05,0.04545454680919647,-0.07165129482746124,8.127906347965563e-09,0.4985467791557312,nnknn_target_value_model,0,0,13,12,1,13,9,25,0,30,35,0.5,2,4,nnknn,500,nnknn,483,"[167, 149, 184]",0.0,0.0032564308494329453,0.033404890447854996
36666,4,56,0.20793688297271729,-0.043052878230810165,-0.036366384476423264,0.25098976492881775,0.25142231583595276,0.3275008797645569,0.6528812646865845,True,0.6686496138572693,1.0206760168075562,0.535925030708313,0.5355766415596008,0.5362733602523804,2.600799416541122e-05,0.0535714328289032,0.09088511019945145,-1.27724248955019e-08,0.7104544043540955,nnknn_target_value_model,0,0,25,21,4,25,18,25,0,38,38,0.75,2,4,nnknn,500,nnknn,476,"[169, 158, 173]",0.0,0.003254752838984132,0.03290490061044693
36742,4,76,0.15308889746665955,-0.12283087521791458,-0.11641339212656021,0.27591976523399353,,,,False,0.6417482495307922,1.0153107643127441,0.5350890159606934,0.5346140265464783,0.5355640053749084,2.6059871743200347e-05,0.06578947603702545,0.252033531665802,-2.9802322387695312e-08,0.8571056723594666,nnknn_target_value_model,0,0,45,24,21,45,24,0,0,46,52,1.25,3,4,nnknn,500,nnknn,500,"[163, 162, 175]",0.0,0.0032612557988613844,0.03340489789843559
36776,4,34,0.046881645917892456,-0.1382388025522232,-0.13177445530891418,0.18512044847011566,0.18486343324184418,0.42744165658950806,0.6295104622840881,True,0.6464351415634155,1.0138636827468872,0.5343923568725586,0.5341833233833313,0.5346013307571411,2.6248257199767977e-05,0.029411764815449715,-0.24399468302726746,-4.207386794519152e-08,0.34966006875038147,nnknn_target_value_model,0,0,6,11,0,6,6,25,0,19,28,0.25,1,4,nnknn,495,nnknn,481,"[161, 161, 173]",0.0,0.003273655893281102,0.033904798328876495
36820,4,44,0.2465153932571411,-0.06453707069158554,-0.05807001143693924,0.31105247139930725,,,,False,0.6467059254646301,1.013472318649292,0.5338983535766602,0.5336260199546814,0.5341706871986389,2.6199115382041782e-05,0.04545454680919647,0.00836920365691185,-1.0837208463954084e-08,0.662033200263977,nnknn_target_value_model,0,0,17,20,0,17,16,0,0,30,28,0.5,1,4,nnknn,492,nnknn,497,"[158, 162, 172]",0.0,0.0032819295302033424,0.03340480476617813
36844,4,24,0.20284640789031982,-0.0050370474345982075,0.00038230419158935547,0.20788346230983734,,,,False,0.5419354438781738,0.9933503866195679,0.533467710018158,0.5333219766616821,0.5336133241653442,2.602354288683273e-05,0.0,-0.4505833089351654,-3.3775967267501983e-07,0.05391223356127739,nnknn_target_value_model,0,0,0,0,0,0,6,24,0,19,18,0.0,0,4,nnknn,492,nnknn,479,"[158, 162, 172]",-0.0004999932716600597,0.0032202943693846464,0.03290480747818947
36868,4,24,0.13085132837295532,-0.058429207652807236,-0.05180467292666435,0.18928053975105286,0.18586286902427673,-10.79906177520752,0.46307939291000366,True,0.662453830242157,1.018563985824585,0.5331636667251587,0.5330179929733276,0.5333093404769897,2.5575071049388498e-05,0.0,-0.44483232498168945,-8.940696716308594e-08,0.05278397351503372,nnknn_target_value_model,0,0,0,0,0,0,2,0,0,24,22,0.0,0,4,nnknn,492,nnknn,481,"[158, 162, 172]",-0.0008721617050468922,0.0031693018972873688,0.03244781866669655
36922,4,54,0.06264836341142654,-0.06870559602975845,-0.06275118887424469,0.131353959441185,,,,False,0.5954409241676331,1.0051908493041992,0.5326696634292603,0.53233402967453,0.5330053567886353,2.5242621632060036e-05,0.0555555559694767,-0.01710301637649536,-1.1037897262866636e-09,0.6245121359825134,nnknn_target_value_model,0,0,20,25,0,20,12,0,0,42,42,0.75,3,4,nnknn,487,nnknn,493,"[155, 161, 171]",-1.3138644135324284e-05,0.003217538120225072,0.03215036168694496
36998,4,76,0.2621632516384125,-0.03369009122252464,-0.026918333023786545,0.2958533465862274,0.2965511679649353,0.3486875891685486,0.6513190269470215,True,0.677176296710968,1.0218175649642944,0.531846284866333,0.5313713550567627,0.5323213338851929,2.523086004657671e-05,0.06578947603702545,0.23544183373451233,2.509669272399151e-08,0.8876567482948303,nnknn_target_value_model,0,0,42,26,3,42,25,25,0,47,51,1.25,3,4,nnknn,500,nnknn,493,"[165, 161, 174]",0.0,0.003186810063198209,0.032650355249643326
37096,4,98,0.4350356459617615,-0.0767088532447815,-0.06996206194162369,0.511744499206543,,,,False,0.6746788620948792,1.0185593366622925,0.5307443737983704,0.5301300287246704,0.5313586592674255,2.5078237740672193e-05,0.0714285671710968,0.43688052892684937,4.987327173466838e-08,1.0653167963027954,nnknn_target_value_model,0,0,67,18,49,67,50,50,0,48,48,1.75,3,4,nnknn,500,nnknn,493,"[161, 164, 175]",0.0,0.003202415769919753,0.03215039148926735
37150,4,54,-0.03983838111162186,-0.13866446912288666,-0.13224533200263977,0.0988260880112648,,,,False,0.6419143676757812,1.0118813514709473,0.5297816395759583,0.529446005821228,0.5301173329353333,2.5142522645182908e-05,0.0555555559694767,-0.006728682201355696,-2.2075794525733272e-09,0.6202427744865417,nnknn_target_value_model,0,0,20,14,6,20,21,0,0,28,33,0.75,3,4,nnknn,500,nnknn,489,"[161, 161, 178]",0.0,0.0032342160120606422,0.031650394201278687
37238,4,88,0.5686426162719727,0.042731884866952896,0.04941069707274437,0.5259107351303101,0.5265267491340637,0.1727946400642395,0.6738840937614441,True,0.6678817868232727,1.0171422958374023,0.5288823246955872,0.5283313393592834,0.5294333100318909,2.5111356080742553e-05,0.06818182021379471,0.39388027787208557,8.127906347965563e-09,1.04091477394104,nnknn_target_value_model,0,0,55,25,30,55,47,18,18,39,41,1.5,3,4,nnknn,500,nnknn,500,"[163, 161, 176]",0.0,0.0032662111334502697,0.032150376588106155
37282,4,44,0.10055477917194366,-0.05645356699824333,-0.05073349177837372,0.1570083498954773,,,,False,0.5720080733299255,0.9986050724983215,0.5280463695526123,0.5277739763259888,0.5283186435699463,2.5498860850348137e-05,0.04545454680919647,-0.1214781254529953,-1.3546510579942606e-09,0.5196390748023987,nnknn_target_value_model,0,0,14,12,2,14,13,4,9,30,31,0.5,2,4,nnknn,500,nnknn,500,"[164, 162, 174]",0.0,0.003219941398128867,0.031650446355342865
37348,4,66,0.23468303680419922,-0.07483696937561035,-0.06808224320411682,0.30952000617980957,0.307903528213501,0.3406752943992615,0.5846185088157654,True,0.6754723787307739,1.017513394355774,0.5273496508598328,0.5269380211830139,0.5277613401412964,2.5014944185386412e-05,0.06060606241226196,0.24354998767375946,-3.07054222048464e-08,0.8134369850158691,nnknn_target_value_model,0,0,38,11,27,38,27,9,18,40,39,1.0,2,4,nnknn,500,nnknn,500,"[162, 162, 176]",0.0,0.0032259069848805666,0.031150449067354202
37392,4,44,0.24832338094711304,-0.06146242842078209,-0.0555880032479763,0.3097858130931854,,,,False,0.5874426960945129,1.0023607015609741,0.5266530513763428,0.5263806581497192,0.5269253253936768,2.4984259653137997e-05,0.04545454680919647,-0.018544737249612808,-1.6255812695931127e-08,0.6720681190490723,nnknn_target_value_model,0,0,16,20,0,16,15,7,8,27,29,0.5,1,4,nnknn,496,nnknn,500,"[158, 164, 174]",0.0,0.003235043492168188,0.030650455504655838
37480,4,88,0.2555505335330963,-0.11950162053108215,-0.11303026229143143,0.37505215406417847,,,,False,0.6471356153488159,1.0119208097457886,0.5258170366287231,0.5252659916877747,0.5263680219650269,2.5280382033088244e-05,0.06818182021379471,0.32251834869384766,-4.538081199711996e-08,0.9913867712020874,nnknn_target_value_model,0,0,53,36,13,53,37,50,0,44,51,1.5,3,4,nnknn,500,nnknn,487,"[159, 168, 173]",0.0,0.0032406621612608433,0.030150458216667175
37514,4,34,0.1798771619796753,-0.02386379987001419,-0.017853783443570137,0.20374096930027008,0.2016395628452301,0.33755314350128174,0.6351659297943115,True,0.6010017991065979,1.0045446157455444,0.525044322013855,0.5248353481292725,0.5252533555030823,2.551482612034306e-05,0.029411764815449715,-0.25742870569229126,-2.103693397259576e-08,0.35059770941734314,nnknn_target_value_model,0,0,7,18,0,7,4,0,0,32,30,0.25,1,4,nnknn,489,nnknn,491,"[149, 164, 176]",0.0,0.003297538496553898,0.029877111315727234
37570,4,56,0.06665125489234924,-0.15700426697731018,-0.1502024233341217,0.22365552186965942,,,,False,0.6801849603652954,1.0163509845733643,0.5244743824005127,0.5241259932518005,0.5248226523399353,2.5900475520757027e-05,0.0535714328289032,0.09653694927692413,1.4901161193847656e-08,0.6964927911758423,nnknn_target_value_model,0,0,26,25,0,26,23,8,6,30,33,0.75,2,4,nnknn,490,nnknn,500,"[155, 164, 171]",-3.269407855555073e-09,0.0033188483212143183,0.030377108603715897
37636,4,66,0.29278528690338135,-0.07502390444278717,-0.06848487257957458,0.3678091764450073,0.36623892188072205,0.39235788583755493,0.6444618105888367,True,0.653903067111969,1.011080026626587,0.5237016677856445,0.5232899785041809,0.5241133570671082,2.6146099116886035e-05,0.06060606241226196,0.2520081400871277,-4.06395308516494e-08,0.8885663747787476,nnknn_target_value_model,0,0,35,20,5,35,32,50,0,33,34,1.0,2,4,nnknn,500,nnknn,482,"[168, 164, 168]",0.0,0.003287247847765684,0.03087710589170456
37680,4,44,0.12962879240512848,-0.1238931268453598,-0.1176835224032402,0.2535219192504883,,,,False,0.6209604144096375,1.004065752029419,0.5230050086975098,0.522732675075531,0.5232773423194885,2.5914534489857033e-05,0.04545454680919647,0.06083838269114494,-1.6255812695931127e-08,0.609119176864624,nnknn_target_value_model,0,0,18,14,4,18,14,0,0,28,30,0.5,1,4,nnknn,500,nnknn,496,"[169, 162, 169]",0.0,0.003288900014013052,0.030600810423493385
37724,4,44,0.10648590326309204,-0.0348111130297184,-0.02858819253742695,0.14129701256752014,,,,False,0.6222926378250122,1.0047868490219116,0.5224477052688599,0.5221753120422363,0.5227199792861938,2.5686398657853715e-05,0.04545454680919647,-0.1194113940000534,-2.709302115988521e-09,0.5264830589294434,nnknn_target_value_model,0,0,12,22,0,12,6,25,0,35,38,0.5,2,4,nnknn,490,nnknn,477,"[163, 157, 170]",0.0,0.003339155809953809,0.030100813135504723
37780,4,56,0.21724942326545715,-0.031505484133958817,-0.025662468746304512,0.24875490367412567,0.2469540387392044,0.36057382822036743,0.6885692477226257,True,0.5843021273612976,0.9972909688949585,0.5218143463134766,0.5214660167694092,0.522162675857544,2.6144842195208184e-05,0.0535714328289032,0.05923686549067497,-8.514949634275126e-09,0.7318384051322937,nnknn_target_value_model,0,0,26,17,0,26,18,0,0,36,38,0.75,2,4,nnknn,499,nnknn,495,"[167, 155, 177]",0.0,0.003251324174925685,0.02960081771016121
37844,4,64,0.10255412012338638,-0.08875463157892227,-0.08214271068572998,0.19130875170230865,,,,False,0.6611920595169067,1.0127602815628052,0.5210543870925903,0.5206553339958191,0.521453320980072,2.542722359066829e-05,0.0625,0.13461293280124664,1.1175870895385742e-08,0.7571671009063721,nnknn_target_value_model,0,0,32,14,17,32,23,11,7,31,41,1.0,3,4,nnknn,500,nnknn,500,"[157, 156, 187]",0.0,0.003260719822719693,0.030100813135504723
37898,4,54,0.1332489550113678,-0.08801569789648056,-0.08244019001722336,0.22126466035842896,0.21991632878780365,0.39413386583328247,0.5990188121795654,True,0.5575504899024963,0.992988646030426,0.5203070044517517,0.5199713110923767,0.5206426382064819,2.5468367311987095e-05,0.0555555559694767,0.11276091635227203,1.9868215517249155e-08,0.695288360118866,nnknn_target_value_model,0,0,25,18,7,25,18,25,0,37,36,0.75,2,4,nnknn,500,nnknn,493,"[156, 162, 182]",0.0,0.003233366645872593,0.03060080111026764
37932,4,34,0.1329071968793869,-0.05213667079806328,-0.04650415480136871,0.18504387140274048,,,,False,0.5632520914077759,0.9938467741012573,0.519749641418457,0.5195406675338745,0.5199586749076843,2.511915226932615e-05,0.029411764815449715,-0.24466228485107422,-1.928385628957585e-08,0.35210365056991577,nnknn_target_value_model,0,0,6,19,0,6,5,0,0,30,29,0.25,1,4,nnknn,487,nnknn,498,"[152, 153, 182]",0.0,0.0032799451146274805,0.030100824311375618
37986,4,54,0.15823811292648315,-0.09694858640432358,-0.09101425856351852,0.25518670678138733,,,,False,0.5934330224990845,0.9995733499526978,0.5191923379898071,0.5188566446304321,0.5195279717445374,2.548214979469776e-05,0.0555555559694767,0.04452318325638771,4.4151589051466544e-09,0.7503963112831116,nnknn_target_value_model,0,0,22,14,0,22,14,25,0,38,40,0.75,2,4,nnknn,495,nnknn,487,"[158, 153, 184]",0.0,0.003214537398889661,0.029600827023386955
38020,4,34,0.06908942759037018,-0.08862966299057007,-0.08262268453836441,0.15771909058094025,0.15734203159809113,0.5140082836151123,0.5993773341178894,True,0.6006977558135986,0.9997262358665466,0.5186350345611572,0.5184260010719299,0.5188440084457397,2.490552833478432e-05,0.029411764815449715,-0.2544476091861725,8.765388770370919e-08,0.36653727293014526,nnknn_target_value_model,0,0,6,16,0,6,6,0,0,26,28,0.25,1,4,nnknn,485,nnknn,493,"[148, 154, 183]",0.0,0.003245813073590398,0.02910083532333374
38054,4,34,-0.017255842685699463,-0.1937781572341919,-0.1884874403476715,0.17652231454849243,,,,False,0.5290723443031311,0.988663375377655,0.5182042717933655,0.5179953575134277,0.5184133052825928,2.498469257261604e-05,0.029411764815449715,-0.2257608324289322,3.85677125791517e-08,0.34372761845588684,nnknn_target_value_model,0,0,6,0,0,6,4,0,0,32,30,0.25,1,4,nnknn,491,nnknn,472,"[150, 155, 186]",-0.0004999842494726181,0.003189013572409749,0.028600839897990227
38120,4,66,0.31231600046157837,-0.09255565702915192,-0.08614669740200043,0.4048716425895691,0.4037224352359772,0.35189467668533325,0.6416663527488708,True,0.6408957839012146,1.0075777769088745,0.5175710320472717,0.5171593427658081,0.5179826617240906,2.460662835801486e-05,0.06060606241226196,0.2561563551425934,-5.779844514108845e-08,0.9199748635292053,nnknn_target_value_model,0,0,39,20,10,39,30,3,0,40,36,1.0,2,4,nnknn,500,nnknn,499,"[157, 158, 185]",0.0,0.0031643095426261425,0.028102226555347443
38164,4,44,0.05517274886369705,-0.07302910834550858,-0.0664442926645279,0.12820185720920563,,,,False,0.6584813594818115,1.0100713968276978,0.5168743133544922,0.5166019797325134,0.517146646976471,2.445962127239909e-05,0.04545454680919647,-0.12859024107456207,2.438371993207511e-08,0.5241897702217102,nnknn_target_value_model,0,0,13,13,0,13,8,7,0,35,36,0.5,2,4,nnknn,500,nnknn,500,"[160, 156, 184]",0.0,0.003139419946819544,0.028602220118045807
38218,4,54,0.04941154643893242,-0.05272616818547249,-0.046836063265800476,0.10213771462440491,,,,False,0.5890108942985535,0.9980854392051697,0.516253650188446,0.5159180164337158,0.516589343547821,2.4469129130011424e-05,0.0555555559694767,-0.0007114310865290463,2.2075795413911692e-08,0.6053776144981384,nnknn_target_value_model,0,0,20,20,0,20,16,25,0,38,38,0.75,3,4,nnknn,500,nnknn,491,"[152, 159, 189]",0.0,0.003130980534479022,0.028102222830057144
38292,4,74,0.28165122866630554,-0.027000470086932182,-0.021322015672922134,0.3086516857147217,0.30844205617904663,0.3267247676849365,0.6073530912399292,True,0.5678456425666809,0.9923341274261475,0.5154430270195007,0.514980673789978,0.5159053206443787,2.4517314159311354e-05,0.06756757199764252,0.24772268533706665,-8.215775437747652e-08,0.8759453296661377,nnknn_target_value_model,0,0,41,16,25,41,22,25,0,40,52,1.25,3,4,nnknn,500,nnknn,488,"[156, 157, 187]",0.0,0.003163948655128479,0.02760222740471363
38368,4,76,0.3074057102203369,-0.05550512298941612,-0.04926541820168495,0.36291083693504333,,,,False,0.6239709258079529,1.0011003017425537,0.5144929885864258,0.5140179991722107,0.5149679780006409,2.49776949203806e-05,0.06578947603702545,0.2556687295436859,-2.3528148318519015e-09,0.9416229724884033,nnknn_target_value_model,0,0,46,37,9,46,30,25,0,44,46,1.25,3,4,nnknn,500,nnknn,493,"[164, 151, 185]",0.0,0.0031734206713736057,0.028101831674575806
38392,4,24,0.006721377372741699,-0.16732928156852722,-0.16150511801242828,0.17405065894126892,0.16684705018997192,-14.572190284729004,0.43181365728378296,True,0.5824168920516968,0.9944610595703125,0.5138596892356873,0.5137140154838562,0.5140053629875183,2.500069240340963e-05,0.0,-0.4259525239467621,-1.9868215517249155e-08,0.04854205250740051,nnknn_target_value_model,0,0,0,0,0,0,7,0,0,15,17,0.0,0,4,nnknn,500,nnknn,500,"[164, 151, 185]",-0.0004999969387426972,0.003138827858492732,0.02760184183716774
38426,4,34,0.10924239456653595,-0.028139473870396614,-0.021612515673041344,0.13738186657428741,,,,False,0.6526960730552673,1.00732421875,0.5134922862052917,0.5132833123207092,0.513701319694519,2.4559096345910802e-05,0.029411764815449715,-0.17788845300674438,2.0160394242907387e-08,0.3351842761039734,nnknn_target_value_model,0,0,7,14,0,7,7,25,0,29,27,0.25,1,4,nnknn,493,nnknn,482,"[160, 149, 184]",0.0,0.003164453199133277,0.027865231037139893
38522,4,96,0.22760246694087982,-0.14834345877170563,-0.14262162148952484,0.37594592571258545,,,,False,0.5721842646598816,0.9918753504753113,0.512669026851654,0.5120673179626465,0.5132706761360168,2.484712422301527e-05,0.0729166716337204,0.3128160238265991,2.60770320892334e-08,1.0320051908493042,nnknn_target_value_model,0,0,57,21,29,57,41,25,0,49,55,1.75,4,4,nnknn,500,nnknn,498,"[164, 155, 181]",0.0,0.0031488374806940556,0.027775850147008896
38608,4,86,0.15056508779525757,-0.09639132767915726,-0.09011157602071762,0.24695640802383423,0.24661658704280853,0.3759883642196655,0.7050426602363586,True,0.6279748678207397,1.002299427986145,0.5115163326263428,0.5109779834747314,0.5120546817779541,2.4646846213727258e-05,0.06976744532585144,0.23233705759048462,2.7723089601749962e-08,0.9163589477539062,nnknn_target_value_model,0,0,47,20,27,47,26,25,0,53,60,1.5,4,4,nnknn,500,nnknn,499,"[162, 155, 183]",0.0,0.0031414402183145285,0.02727585658431053
38706,4,98,0.3325342535972595,-0.07658611238002777,-0.07012472301721573,0.4091203510761261,,,,False,0.6461390256881714,1.0060683488845825,0.5103510022163391,0.5097366571426392,0.5109653472900391,2.4216618840000592e-05,0.0714285671710968,0.409778892993927,6.203748625921435e-08,1.0758246183395386,nnknn_target_value_model,0,0,69,34,35,69,47,50,0,48,51,1.75,3,4,nnknn,500,nnknn,496,"[161, 155, 184]",0.0,0.0031847136560827494,0.027775846421718597
38804,4,98,0.45286425948143005,-0.008840025402605534,-0.0021001757122576237,0.461704283952713,0.4613061845302582,0.3449798822402954,0.7566630840301514,True,0.6739853024482727,1.0115312337875366,0.5091096758842468,0.5084953308105469,0.5097240209579468,2.4402736016782e-05,0.0714285671710968,0.4093182682991028,2.9194112016739382e-08,1.1229190826416016,nnknn_target_value_model,0,0,68,35,33,68,49,50,0,47,49,1.75,3,4,nnknn,500,nnknn,495,"[170, 152, 178]",0.0,0.003191109513863921,0.02827584184706211
38914,4,110,0.36904555559158325,-0.07016108930110931,-0.06279696524143219,0.43920665979385376,,,,False,0.7364124655723572,1.0224591493606567,0.5077922940254211,0.5071020126342773,0.5084826946258545,2.432851579214912e-05,0.072727270424366,0.4670650362968445,3.0344182277985965e-08,1.1456658840179443,nnknn_target_value_model,0,0,78,35,43,78,61,75,0,48,49,2.0,3,4,nnknn,500,nnknn,481,"[163, 155, 182]",0.0,0.0032335822470486164,0.027775848284363747
39000,4,86,0.19770339131355286,-0.09186196327209473,-0.08536551892757416,0.2895653545856476,,,,False,0.6496445536613464,1.0032027959823608,0.5065509676933289,0.5060126781463623,0.5070893168449402,2.4875760573195294e-05,0.06976744532585144,0.31532150506973267,-4.158463440262494e-08,1.0135180950164795,nnknn_target_value_model,0,0,55,32,23,55,32,25,0,47,54,1.5,3,4,nnknn,500,nnknn,488,"[178, 150, 172]",0.0,0.003259095596149564,0.02727585658431053
39076,4,76,0.13065582513809204,-0.11104113608598709,-0.10485783964395523,0.24169696867465973,0.24529214203357697,0.3532359004020691,0.8422508239746094,True,0.6183298826217651,0.9962069988250732,0.5055249929428101,0.505050003528595,0.5059999823570251,2.4859380573616363e-05,0.06578947603702545,0.1808575540781021,1.8822518654815212e-08,0.9106266498565674,nnknn_target_value_model,0,0,41,30,11,41,25,0,0,50,51,1.25,3,4,nnknn,500,nnknn,488,"[184, 148, 168]",0.0,0.0032470948062837124,0.026775863021612167
39130,4,54,0.1876596212387085,-0.09793135523796082,-0.09209337085485458,0.2855909764766693,,,,False,0.5837982892990112,0.9886984825134277,0.5047016739845276,0.5043659806251526,0.5050373077392578,2.473904714861419e-05,0.0555555559694767,0.026273753494024277,6.622738357719982e-09,0.7534981966018677,nnknn_target_value_model,0,0,23,25,0,23,19,12,0,30,35,0.75,2,4,nnknn,498,nnknn,495,"[183, 149, 166]",-2.370681650987194e-09,0.0032420300412923098,0.02727585844695568
39236,4,106,0.02943021059036255,-0.16364996135234833,-0.1574593186378479,0.19308017194271088,0.19088134169578552,0.6414203643798828,0.7575801610946655,True,0.6190645694732666,0.9959574341773987,0.5036883354187012,0.5030233263969421,0.5043533444404602,2.4739154468989e-05,0.07547169923782349,0.3552839159965515,9.784158550019129e-08,1.0228266716003418,nnknn_target_value_model,0,0,74,36,36,74,43,50,0,56,63,2.0,4,4,nnknn,500,nnknn,488,"[183, 151, 166]",0.0,0.0032690444495528936,0.026775872334837914
39290,4,54,0.09018124639987946,-0.031411562114953995,-0.024709904566407204,0.12159281224012375,,,,False,0.6701663136482239,1.0078343152999878,0.5026749968528748,0.5023393630981445,0.5030106902122498,2.5009134333231486e-05,0.0555555559694767,-0.04930209368467331,1.655684656043377e-08,0.63483726978302,nnknn_target_value_model,0,0,19,25,0,19,23,25,0,33,31,0.75,3,4,nnknn,494,nnknn,486,"[176, 155, 163]",-1.2026882359350566e-05,0.0033605950884521008,0.02727586217224598
39430,4,140,0.4113813042640686,-0.13825978338718414,-0.1312829703092575,0.5496410727500916,,,,False,0.6976813077926636,1.0125327110290527,0.5014463067054749,0.5005660057067871,0.5023266673088074,2.6010022338596173e-05,0.07857143133878708,0.5532084703445435,-3.746577803553919e-08,1.2867590188980103,nnknn_target_value_model,0,0,111,29,76,111,80,16,50,53,60,2.75,4,4,nnknn,500,nnknn,500,"[184, 151, 165]",0.0,0.0033968286588788033,0.027775853872299194
39514,4,84,0.0679224357008934,-0.10467319935560226,-0.0986751988530159,0.17259563505649567,0.17395037412643433,0.4771261215209961,0.8488355278968811,True,0.5998002290725708,0.9915844202041626,0.5000277161598206,0.4995020031929016,0.50055330991745,2.66639453911921e-05,0.0714285746216774,0.20540723204612732,2.696400613899641e-08,0.9331390857696533,nnknn_target_value_model,0,0,49,18,31,49,32,3,29,51,52,1.5,4,4,nnknn,500,nnknn,500,"[181, 150, 169]",0.0,0.003453482873737812,0.027275865897536278
39590,4,76,0.2581138014793396,-0.12219506502151489,-0.11635281145572662,0.3803088665008545,,,,False,0.5842254161834717,0.9875857830047607,0.49901431798934937,0.4985393285751343,0.49948933720588684,2.687984124349896e-05,0.06578947603702545,0.27601394057273865,-4.078212612057541e-08,1.033217430114746,nnknn_target_value_model,0,0,47,31,16,47,30,50,0,45,46,1.25,2,4,nnknn,500,nnknn,480,"[186, 149, 165]",0.0,0.0034978939220309258,0.027775844559073448
39688,4,98,0.1701924204826355,-0.1350122094154358,-0.12895885109901428,0.3052046298980713,0.3036815822124481,0.45684927701950073,0.8283928036689758,True,0.60533607006073,0.9922516345977783,0.49791234731674194,0.497298002243042,0.4985266625881195,2.7246882382314652e-05,0.0714285671710968,0.3476734459400177,4.865685099275652e-08,1.0748987197875977,nnknn_target_value_model,0,0,66,33,33,66,38,6,12,58,60,1.75,3,4,nnknn,500,nnknn,500,"[192, 147, 161]",0.0,0.0035469599533826113,0.027535023167729378
39754,4,66,0.1439816951751709,-0.047062333673238754,-0.040333092212677,0.19104403257369995,,,,False,0.6729243993759155,1.0063079595565796,0.4968737065792084,0.49646198749542236,0.4972853362560272,2.774870335997548e-05,0.06060606241226196,0.0654134526848793,-8.127906347965563e-09,0.7849352955818176,nnknn_target_value_model,0,0,31,35,0,31,19,25,0,39,47,1.0,3,4,nnknn,496,nnknn,494,"[187, 147, 162]",0.0,0.0035782759077847004,0.028035016730427742
39830,4,76,0.16274473071098328,-0.07162489742040634,-0.06578560918569565,0.23436963558197021,,,,False,0.5839290022850037,0.9873601794242859,0.4959743320941925,0.4954993426799774,0.4964493215084076,2.793579187709838e-05,0.06578947603702545,0.21755294501781464,-4.2350670526047907e-08,0.9324470162391663,nnknn_target_value_model,0,0,41,11,26,41,28,25,0,41,48,1.25,3,4,nnknn,500,nnknn,497,"[188, 150, 162]",0.0,0.003566858358681202,0.028534993529319763
39886,4,56,0.1491507887840271,-0.08019603043794632,-0.07406144589185715,0.22934681177139282,0.22884264588356018,0.38082098960876465,0.7848561406135559,True,0.6134582757949829,0.9936001896858215,0.4951383173465729,0.4947899878025055,0.49548667669296265,2.7678743208525702e-05,0.0535714328289032,0.05648306757211685,-1.1175871783564162e-08,0.7071574330329895,nnknn_target_value_model,0,0,24,18,6,24,14,25,0,36,42,0.75,2,4,nnknn,500,nnknn,486,"[181, 154, 165]",0.0,0.003591512329876423,0.0280349962413311
39930,4,44,-0.015997514128684998,-0.21800966560840607,-0.2121528834104538,0.20201215147972107,,,,False,0.5856788754463196,0.9844263792037964,0.49450501799583435,0.4942326545715332,0.4947773218154907,2.8133110390626825e-05,0.04545454680919647,-0.15609440207481384,-3.7930227847482456e-08,0.521559476852417,nnknn_target_value_model,0,0,12,13,0,12,7,0,0,32,37,0.5,2,4,nnknn,499,nnknn,493,"[180, 152, 167]",0.0,0.003598197363317013,0.028534982353448868
40008,4,78,0.2820625305175781,-0.10985483229160309,-0.10404596477746964,0.3919173777103424,0.3906480669975281,0.28388112783432007,0.8077046275138855,True,0.5808866024017334,0.9856547117233276,0.49373236298561096,0.4932446777820587,0.49421998858451843,2.8471811674535275e-05,0.06410256773233414,0.2819804549217224,-3.209481036492434e-08,1.0049844980239868,nnknn_target_value_model,0,0,50,21,28,50,25,25,0,52,53,1.25,2,4,nnknn,500,nnknn,493,"[173, 157, 170]",0.0,0.0035759280435740948,0.029034962877631187
40042,4,34,0.21987900137901306,-0.14178642630577087,-0.13642312586307526,0.36166542768478394,,,,False,0.5363305807113647,0.9764370918273926,0.4930230379104614,0.49281400442123413,0.49323201179504395,2.814349136315286e-05,0.029411764815449715,-0.33562639355659485,1.051846698629788e-08,0.3881356418132782,nnknn_target_value_model,0,0,6,14,0,6,8,0,0,28,26,0.25,1,4,nnknn,492,nnknn,476,"[169, 153, 170]",0.0,0.0036179416347295046,0.02953479439020157
40118,4,76,0.34966757893562317,-0.0383792482316494,-0.03230639547109604,0.38804683089256287,,,,False,0.6072856783866882,0.9899723529815674,0.4923263490200043,0.4918513298034668,0.49280133843421936,2.871511605917476e-05,0.06578947603702545,0.2099883258342743,-2.1175335263023953e-08,0.9785168170928955,nnknn_target_value_model,0,0,45,19,18,45,36,6,6,28,40,1.25,3,4,nnknn,500,nnknn,500,"[180, 149, 171]",0.0,0.0035458928905427456,0.029034800827503204
40152,4,34,0.05993574857711792,-0.19772034883499146,-0.1922185719013214,0.2576560974121094,0.25283411145210266,0.4156564474105835,0.73301762342453,True,0.5501779317855835,0.9794394373893738,0.4916296601295471,0.4914206564426422,0.491838663816452,2.8545056920847856e-05,0.029411764815449715,-0.2822946310043335,-2.2790011655615672e-08,0.3616527020931244,nnknn_target_value_model,0,0,6,12,0,6,11,4,7,25,23,0.25,1,4,nnknn,494,nnknn,500,"[175, 148, 171]",0.0,0.0035925409756600857,0.02953479439020157
40218,4,66,-0.030258864164352417,-0.1955021619796753,-0.1891842484474182,0.16524329781532288,,,,False,0.6317909955978394,0.9944478869438171,0.490996390581131,0.49058467149734497,0.49140799045562744,2.91454834950855e-05,0.06060606241226196,0.09727098047733307,2.167441692790817e-08,0.7690486907958984,nnknn_target_value_model,0,0,30,16,8,30,17,25,0,50,49,1.0,3,4,nnknn,500,nnknn,492,"[180, 151, 169]",0.0,0.0035849865525960922,0.029034797102212906
40304,4,86,0.05264312028884888,-0.13780444860458374,-0.1315191686153412,0.19044756889343262,0.18974444270133972,0.4849146008491516,0.7348544001579285,True,0.6285286545753479,0.9935192465782166,0.49003365635871887,0.48949533700942993,0.4905720055103302,2.9090231691952795e-05,0.06976744532585144,0.20996256172657013,2.6336936187476567e-08,0.9031262993812561,nnknn_target_value_model,0,0,45,20,25,45,31,25,0,49,55,1.5,4,4,nnknn,500,nnknn,498,"[172, 152, 176]",0.0,0.0036359503865242004,0.029534758999943733
40370,4,66,0.09076756983995438,-0.09838178008794785,-0.0930967703461647,0.18914934992790222,,,,False,0.528501033782959,0.9685949087142944,0.4890710115432739,0.4886593222618103,0.48948267102241516,2.9901915695518255e-05,0.06060606241226196,0.029653117060661316,-1.2643409874613099e-08,0.816387951374054,nnknn_target_value_model,0,0,30,19,11,30,17,25,0,41,49,1.0,3,4,nnknn,500,nnknn,490,"[175, 152, 173]",0.0,0.0036357620265334845,0.029365254566073418
40394,4,24,0.3698427677154541,-0.0869331881403923,-0.08205018937587738,0.456775963306427,,,,False,0.4883002042770386,0.9639005064964294,0.48850101232528687,0.4883553385734558,0.48864665627479553,2.9994103897479363e-05,0.0,-0.5674563050270081,2.2848448111290054e-07,0.07158089429140091,nnknn_target_value_model,0,0,0,0,0,0,6,0,0,18,18,0.0,0,4,nnknn,500,nnknn,496,"[175, 152, 173]",-0.0004999979864805937,0.003594933543354273,0.029865223914384842
40460,4,66,0.482992947101593,-0.11822725832462311,-0.11240429431200027,0.6012201905250549,0.6007318496704102,0.3203735947608948,0.6820923686027527,True,0.5822963118553162,0.9836763739585876,0.4879310131072998,0.4875193238258362,0.48834267258644104,2.976823270728346e-05,0.06060606241226196,0.3832527697086334,-1.8965113923741228e-08,1.0481336116790771,nnknn_target_value_model,0,0,40,19,21,40,40,50,0,25,26,1.0,1,4,nnknn,500,nnknn,486,"[177, 150, 173]",0.0,0.003594390582293272,0.03034709021449089
40494,4,34,0.18633197247982025,0.0015266428235918283,0.0066006919369101524,0.18480533361434937,,,,False,0.5074052214622498,0.9625644683837891,0.4872976839542389,0.487088680267334,0.4875066578388214,2.994948772538919e-05,0.029411764815449715,-0.2890532314777374,-1.0343158862724522e-07,0.3622702360153198,nnknn_target_value_model,0,0,6,11,0,6,7,0,0,24,27,0.25,1,4,nnknn,495,nnknn,493,"[176, 146, 173]",0.0,0.0035949843004345894,0.030847080051898956
40568,4,74,0.14498750865459442,-0.14792539179325104,-0.1423710286617279,0.29291290044784546,0.2916184961795807,0.29477399587631226,0.7646796703338623,True,0.555435836315155,0.9737103581428528,0.4866136610507965,0.4861513376235962,0.4870760142803192,3.028959508810658e-05,0.06756757199764252,0.1710267812013626,-1.288749107430931e-08,0.9265784621238708,nnknn_target_value_model,0,0,39,14,20,39,24,25,0,49,50,1.25,3,4,nnknn,500,nnknn,492,"[178, 144, 178]",0.0,0.003607769263908267,0.03134705498814583
40698,4,130,0.4368359446525574,-0.06997228413820267,-0.06428272277116776,0.5068082213401794,,,,False,0.5689562559127808,0.9777528047561646,0.48532170057296753,0.48450466990470886,0.4861386716365814,3.0217162930057384e-05,0.07692307978868484,0.4758952856063843,-1.2837923613062685e-08,1.2042219638824463,nnknn_target_value_model,0,0,99,33,66,99,62,75,0,65,68,2.5,4,4,nnknn,500,nnknn,479,"[177, 146, 177]",0.0,0.0036371706519275904,0.030847875401377678
40764,4,66,0.20029354095458984,-0.13038429617881775,-0.1239420622587204,0.3306778371334076,,,,False,0.6442233920097351,0.9944278001785278,0.48408034443855286,0.48366865515708923,0.4844920039176941,3.0199797038221732e-05,0.06060606241226196,0.22021609544754028,-8.127906347965563e-09,0.9076804518699646,nnknn_target_value_model,0,0,33,24,9,33,24,2,1,36,42,1.0,2,4,nnknn,500,nnknn,500,"[185, 140, 175]",0.0,0.003625165205448866,0.03034789487719536
40820,4,56,0.2881850600242615,-0.12249134480953217,-0.11698830872774124,0.41067641973495483,0.40994793176651,0.39032888412475586,0.7803939580917358,True,0.5503039360046387,0.9720289707183838,0.48330768942832947,0.4829593300819397,0.48365598917007446,3.018642746610567e-05,0.0535714328289032,0.17872950434684753,-1.809426741772313e-08,0.8902924060821533,nnknn_target_value_model,0,0,27,21,6,27,12,25,0,43,44,0.75,1,4,nnknn,500,nnknn,487,"[187, 140, 173]",0.0,0.0036353988107293844,0.03007373958826065
40906,4,86,0.3121677339076996,-0.032519157975912094,-0.02681928500533104,0.344686895608902,,,,False,0.5699877142906189,0.9761450290679932,0.482408344745636,0.48186999559402466,0.4829466640949249,3.0286893888842314e-05,0.06976744532585144,0.2750232517719269,1.8020008596408843e-08,1.0409592390060425,nnknn_target_value_model,0,0,50,24,26,50,37,25,0,51,49,1.5,3,4,nnknn,500,nnknn,499,"[173, 151, 176]",0.0,0.0036487472243607044,0.029573790729045868
40960,4,54,-0.11211638897657394,-0.21404434740543365,-0.20814312994480133,0.10192795842885971,0.10172247886657715,0.6355065107345581,0.7602469325065613,True,0.5901211500167847,0.9777480959892273,0.4815216660499573,0.48118600249290466,0.4818573296070099,3.060622839257121e-05,0.0555555559694767,-0.05803002417087555,-4.4151589051466544e-09,0.6247721910476685,nnknn_target_value_model,0,0,18,17,1,18,3,25,0,48,51,0.75,3,4,nnknn,500,nnknn,477,"[176, 149, 175]",0.0,0.0037069017998874187,0.03007378987967968
41004,4,44,0.05038677155971527,-0.12963062524795532,-0.12477633357048035,0.1800173968076706,,,,False,0.48542869091033936,0.9538851976394653,0.4809010326862335,0.4806286692619324,0.4811733365058899,3.1441424653166905e-05,0.04545454680919647,-0.16607584059238434,-2.438371993207511e-08,0.5388490557670593,nnknn_target_value_model,0,0,12,14,0,12,10,0,0,32,34,0.5,2,4,nnknn,498,nnknn,487,"[172, 148, 178]",0.0,0.0037112003192305565,0.030573787167668343
41058,4,54,0.06565730273723602,-0.15775682032108307,-0.15233361721038818,0.2234141230583191,,,,False,0.5423208475112915,0.9692316055297852,0.480280339717865,0.4799446761608124,0.4806160032749176,3.1926785595715046e-05,0.0555555559694767,0.05188822001218796,-2.8698533327542464e-08,0.7354567646980286,nnknn_target_value_model,0,0,23,13,8,23,14,0,0,41,40,0.75,2,4,nnknn,500,nnknn,476,"[168, 149, 183]",0.0,0.003703842870891094,0.030073802918195724
41112,4,54,0.20867468416690826,-0.01805686019361019,-0.012514840811491013,0.226731538772583,0.22501784563064575,0.4226447343826294,0.7737823724746704,True,0.5542023181915283,0.9714555740356445,0.4795963168144226,0.47926065325737,0.4799320101737976,3.236252814531326e-05,0.0555555559694767,0.020279252901673317,2.2075795413911692e-08,0.7421585321426392,nnknn_target_value_model,0,0,23,25,0,23,11,0,0,41,43,0.75,2,4,nnknn,498,nnknn,487,"[171, 145, 182]",-4.454515867280406e-09,0.003740481333807111,0.03057379275560379
41202,4,90,0.2597178518772125,-0.06587338447570801,-0.05983107537031174,0.32559123635292053,,,,False,0.6042311787605286,0.9825693964958191,0.47868433594703674,0.4781206548213959,0.4792479872703552,3.283519981778227e-05,0.06666667014360428,0.20849932730197906,4.17232506322307e-08,1.013420820236206,nnknn_target_value_model,0,0,55,16,37,55,34,12,9,49,56,1.5,3,4,nnknn,500,nnknn,500,"[173, 147, 180]",0.0,0.0037388806231319904,0.030073797330260277
41236,4,34,0.31000185012817383,0.06274440139532089,0.06788454204797745,0.24725745618343353,0.24293333292007446,0.32011687755584717,0.6942738890647888,True,0.5140138268470764,0.9609525203704834,0.4778989851474762,0.4776900112628937,0.4781079888343811,3.2405267120338976e-05,0.029411764815449715,-0.27659544348716736,-7.0123111761688506e-09,0.35865333676338196,nnknn_target_value_model,0,0,6,8,0,6,10,6,4,27,24,0.25,1,4,nnknn,498,nnknn,500,"[173, 148, 177]",0.0,0.00369164883159101,0.03057369589805603
41290,4,54,0.052862659096717834,-0.017894864082336426,-0.012518291361629963,0.07075752317905426,,,,False,0.5376576781272888,0.9667240381240845,0.4773416519165039,0.4770059883594513,0.4776773452758789,3.199845377821475e-05,0.0555555559694767,-0.03456607088446617,1.7660635620586618e-08,0.6068723797798157,nnknn_target_value_model,0,0,22,20,0,22,11,25,0,40,43,0.75,3,4,nnknn,500,nnknn,486,"[173, 148, 179]",0.0,0.0036556751001626253,0.031073693186044693
41356,4,66,0.07749344408512115,-0.10551321506500244,-0.0992063507437706,0.1830066591501236,,,,False,0.6306865215301514,0.9888516068458557,0.4765816628932953,0.47617000341415405,0.4769933223724365,3.138116153422743e-05,0.06060606241226196,0.08206155151128769,3.612402821318028e-09,0.7918424010276794,nnknn_target_value_model,0,0,31,21,10,31,23,12,0,37,43,1.0,3,4,nnknn,500,nnknn,497,"[177, 148, 175]",0.0,0.0036580092273652554,0.03157367929816246
41444,4,88,0.24663084745407104,-0.08742514252662659,-0.08125197142362595,0.33405598998069763,0.3303090035915375,0.3961544632911682,0.7734296917915344,True,0.6173173785209656,0.9854537844657898,0.4756063222885132,0.4750553369522095,0.4761573374271393,3.151434793835506e-05,0.06818182021379471,0.2803605794906616,-4.470348358154297e-08,1.0249595642089844,nnknn_target_value_model,0,0,57,28,29,57,39,50,0,43,49,1.5,3,4,nnknn,500,nnknn,486,"[177, 154, 169]",0.0,0.003671055193990469,0.031073691323399544
41552,4,108,0.3349018394947052,0.0028382297605276108,0.009372115135192871,0.33206361532211304,,,,False,0.6533888578414917,0.9944663047790527,0.4743650257587433,0.4736873209476471,0.4750426709651947,3.176461177645251e-05,0.07407407462596893,0.3356691300868988,-3.973643103449831e-08,1.0698107481002808,nnknn_target_value_model,0,0,72,22,50,72,38,2,22,59,70,2.0,4,4,nnknn,500,nnknn,500,"[179, 156, 165]",0.0,0.0036807756405323744,0.03157344460487366
41606,4,54,-0.011758223176002502,-0.19179196655750275,-0.18589508533477783,0.18003374338150024,0.17735806107521057,0.48933207988739014,0.8974078893661499,True,0.5896885991096497,0.9773523807525635,0.4733390212059021,0.4730033278465271,0.4736746549606323,3.182664659107104e-05,0.0555555559694767,-0.13600847125053406,2.2075794525733272e-09,0.6711987853050232,nnknn_target_value_model,0,0,17,25,0,17,10,25,0,45,44,0.75,3,4,nnknn,492,nnknn,485,"[172, 153, 167]",-3.5371632289837862e-09,0.0038009050767868757,0.03207343444228172
41650,4,44,0.1376955211162567,-0.1060410737991333,-0.10202490538358688,0.24373659491539001,,,,False,0.4016166627407074,0.9340993762016296,0.47271832823753357,0.4724459946155548,0.47299066185951233,3.2801217457745224e-05,0.04545454680919647,-0.2162857949733734,-3.7930227847482456e-08,0.5639336705207825,nnknn_target_value_model,0,0,11,13,0,11,6,0,0,34,38,0.5,2,4,nnknn,490,nnknn,491,"[173, 152, 165]",0.0,0.0037968503311276436,0.032573431730270386
41784,4,134,0.5926281213760376,-0.07417232543230057,-0.06770842522382736,0.6668004393577576,,,,False,0.6463901996612549,0.9899984002113342,0.47159096598625183,0.4707486629486084,0.47243332862854004,3.259276854805648e-05,0.0746268630027771,0.5430046319961548,6.761123927390145e-08,1.2975568771362305,nnknn_target_value_model,0,0,102,24,68,102,85,100,0,46,49,2.5,3,4,nnknn,500,nnknn,476,"[173, 156, 171]",0.0,0.0037833780515938997,0.03307342529296875
41828,4,44,0.07805250585079193,-0.24484746158123016,-0.23967444896697998,0.3228999674320221,0.3209451735019684,0.35848647356033325,0.8002267479896545,True,0.5173017978668213,0.9565221071243286,0.47046369314193726,0.4701913297176361,0.47073599696159363,3.277125142631121e-05,0.04545454680919647,-0.03734486177563667,1.8287789060877913e-08,0.6780412793159485,nnknn_target_value_model,0,0,16,8,8,16,16,0,0,26,28,0.5,1,4,nnknn,500,nnknn,492,"[175, 154, 171]",0.0,0.0037980820052325726,0.03257342800498009
41892,4,64,0.054161131381988525,-0.03382101655006409,-0.027829810976982117,0.08798214793205261,,,,False,0.5991208553314209,0.9797648191452026,0.4697796702384949,0.4693806767463684,0.47017866373062134,3.322978227515705e-05,0.0625,-0.03393157199025154,-1.1175870895385742e-08,0.7172344923019409,nnknn_target_value_model,0,0,24,13,11,24,8,0,0,42,56,1.0,4,4,nnknn,500,nnknn,500,"[180, 152, 168]",0.0,0.003727385774254799,0.03207343444228172
41946,4,54,0.07548177242279053,-0.13479645550251007,-0.12904489040374756,0.2102782279253006,0.2101232409477234,0.3926377296447754,0.6455149054527283,True,0.5751570463180542,0.9732414484024048,0.469032347202301,0.468696653842926,0.46936801075935364,3.2512132747797295e-05,0.0555555559694767,0.0872926190495491,-3.311369178859991e-09,0.6870273351669312,nnknn_target_value_model,0,0,28,17,11,28,12,25,0,38,42,0.75,2,4,nnknn,500,nnknn,487,"[183, 150, 167]",0.0,0.003729380201548338,0.03157343715429306
42056,4,110,0.3683120906352997,-0.06691181659698486,-0.06071528419852257,0.43522390723228455,,,,False,0.6196531057357788,0.9832821488380432,0.4679936468601227,0.4673033356666565,0.46868398785591125,3.28794376400765e-05,0.072727270424366,0.4214705228805542,3.2511621839148575e-08,1.1499983072280884,nnknn_target_value_model,0,0,80,26,54,80,60,10,37,51,50,2.0,3,4,nnknn,500,nnknn,500,"[187, 154, 159]",0.0,0.003749232040718198,0.031073445454239845
42122,4,66,0.22466647624969482,-0.12059668451547623,-0.11488929390907288,0.34526315331459045,,,,False,0.5707393884658813,0.9691028594970703,0.4668790102005005,0.46646732091903687,0.4672906696796417,3.289186497568153e-05,0.06060606241226196,0.18222947418689728,-9.03100705329507e-09,0.9247159361839294,nnknn_target_value_model,0,0,34,28,6,34,28,50,0,38,38,1.0,2,4,nnknn,500,nnknn,478,"[188, 155, 157]",0.0,0.0037471093237400055,0.03057345375418663
42176,4,54,0.05477891489863396,-0.05968547239899635,-0.05368320271372795,0.11446438729763031,0.11307652294635773,0.6825904846191406,0.8381119966506958,True,0.6002271771430969,0.9760462641716003,0.4661189913749695,0.46578332781791687,0.4664546549320221,3.268295040470548e-05,0.0555555559694767,-0.0950574055314064,-1.7660635620586618e-08,0.6486830711364746,nnknn_target_value_model,0,0,18,20,0,18,15,0,0,39,39,0.75,3,4,nnknn,498,nnknn,493,"[186, 152, 160]",0.0,0.0037874868139624596,0.031073451042175293
42260,4,84,0.07254603505134583,-0.09545756876468658,-0.089292511343956,0.1680036038160324,,,,False,0.61650550365448,0.980312168598175,0.4652450382709503,0.46471932530403137,0.4657706618309021,3.2825810194481164e-05,0.0714285746216774,0.20362333953380585,4.967053879312289e-09,0.9217161536216736,nnknn_target_value_model,0,0,46,20,24,46,26,25,0,54,58,1.5,4,4,nnknn,500,nnknn,494,"[190, 152, 158]",0.0,0.0038035374600440264,0.031573448330163956
42326,4,66,0.3268835246562958,-0.09692039340734482,-0.09140948951244354,0.4238039255142212,0.42347314953804016,0.18537390232086182,0.8579844236373901,True,0.5510907173156738,0.9619222283363342,0.46429502964019775,0.46388334035873413,0.4647066593170166,3.282590478193015e-05,0.06060606241226196,0.16262607276439667,-1.4449611285272113e-08,0.9328144192695618,nnknn_target_value_model,0,0,34,24,10,34,20,14,0,43,46,1.0,2,4,nnknn,500,nnknn,500,"[188, 157, 155]",0.0,0.003805055283010006,0.03107345663011074
42390,4,64,0.09683689475059509,-0.07793283462524414,-0.07226745039224625,0.17476972937583923,,,,False,0.5665381550788879,0.9675323963165283,0.4634716510772705,0.46307265758514404,0.46387067437171936,3.279154043411836e-05,0.0625,0.06449893862009048,-1.1175870895385742e-08,0.8061535954475403,nnknn_target_value_model,0,0,29,21,8,29,15,25,0,48,49,1.0,3,4,nnknn,500,nnknn,490,"[187, 158, 155]",0.0,0.003795820055529475,0.03157343342900276
42454,4,64,0.024972014129161835,-0.06349305063486099,-0.05786224082112312,0.08846506476402283,,,,False,0.5630811452865601,0.9659316539764404,0.4626609981060028,0.46226200461387634,0.4630599915981293,3.2862335501704365e-05,0.0625,-0.047570303082466125,7.450580596923828e-09,0.7279646992683411,nnknn_target_value_model,0,0,24,22,2,24,19,10,0,40,45,1.0,4,4,nnknn,500,nnknn,499,"[186, 154, 160]",0.0,0.003784754080697894,0.031073451042175293
42520,4,66,0.13346271216869354,-0.1333964616060257,-0.12777194380760193,0.26685917377471924,0.2662399113178253,0.40234190225601196,0.734457790851593,True,0.5624514818191528,0.9650717377662659,0.46183767914772034,0.4614259898662567,0.4622493386268616,3.247962013119832e-05,0.06060606241226196,0.17132404446601868,1.0837208463954084e-08,0.8551574945449829,nnknn_target_value_model,0,0,34,23,11,34,21,25,0,42,45,1.0,2,4,nnknn,500,nnknn,495,"[180, 158, 162]",0.0,0.003743930021300912,0.030573507770895958
42606,4,86,0.16753631830215454,-0.09985309094190598,-0.0933164432644844,0.2673894166946411,,,,False,0.653664767742157,0.9885942339897156,0.460875004529953,0.4603366553783417,0.46141332387924194,3.16795012622606e-05,0.06976744532585144,0.2824649214744568,8.316927591067724e-09,0.9559938311576843,nnknn_target_value_model,0,0,56,31,25,56,30,25,0,55,56,1.5,3,4,nnknn,500,nnknn,500,"[190, 150, 160]",0.0,0.0037563128862529993,0.03007352538406849
42670,4,64,0.008313335478305817,-0.06559280306100845,-0.06016431003808975,0.07390613853931427,0.07358779013156891,0.681932806968689,0.7802919149398804,True,0.5428494811058044,0.960638165473938,0.45992499589920044,0.459526002407074,0.4603239893913269,3.1830728403292596e-05,0.0625,-0.01495042908936739,1.1175870895385742e-08,0.7085671424865723,nnknn_target_value_model,0,0,24,22,2,24,18,25,0,45,46,1.0,4,4,nnknn,500,nnknn,493,"[184, 153, 163]",0.0,0.0037575422320514917,0.029573537409305573
42714,4,44,0.03195767104625702,-0.13371646404266357,-0.12744611501693726,0.1656741350889206,,,,False,0.6270347237586975,0.9777795672416687,0.45924100279808044,0.4589686691761017,0.4595133364200592,3.205432221875526e-05,0.04545454680919647,-0.13858982920646667,-5.418604231977042e-09,0.5187579393386841,nnknn_target_value_model,0,0,14,14,0,14,14,25,0,33,30,0.5,2,4,nnknn,500,nnknn,482,"[188, 147, 165]",0.0,0.003740902990102768,0.030073534697294235
42842,4,128,0.4721340835094452,-0.09663067013025284,-0.09033048897981644,0.5687647461891174,,,,False,0.6300184726715088,0.9798083901405334,0.458151638507843,0.4573473334312439,0.4589560031890869,3.197938349330798e-05,0.078125,0.5277771949768066,-7.450580596923828e-09,1.2733314037322998,nnknn_target_value_model,0,0,98,25,73,98,69,8,43,54,59,2.5,4,4,nnknn,500,nnknn,500,"[189, 151, 160]",0.0,0.003738837083801627,0.030573274940252304
42906,4,64,0.06922434270381927,-0.13017919659614563,-0.12459778785705566,0.1994035392999649,0.19982409477233887,0.397865355014801,0.8377915024757385,True,0.55814129114151,0.9602816104888916,0.45693567395210266,0.4565366804599762,0.4573346674442291,3.2469615689478815e-05,0.0625,0.037436649203300476,-1.6763806343078613e-08,0.8092469573020935,nnknn_target_value_model,0,0,28,21,7,28,11,12,0,50,53,1.0,3,4,nnknn,500,nnknn,499,"[185, 153, 162]",0.0,0.0037529540713876486,0.03007327765226364
43006,4,100,0.706127405166626,-0.061160165816545486,-0.054731033742427826,0.76728755235672,,,,False,0.6429136991500854,0.9843176007270813,0.4558969736099243,0.455269992351532,0.4565240144729614,3.2603798899799585e-05,0.07000000029802322,0.5654551386833191,-4.76837147544984e-09,1.238044261932373,nnknn_target_value_model,0,0,67,24,43,67,61,15,45,33,39,1.75,2,4,nnknn,500,nnknn,500,"[185, 154, 161]",0.0,0.003754790872335434,0.029573295265436172
43062,4,56,0.1585320234298706,-0.08632569760084152,-0.08042361587285995,0.24485772848129272,0.24330957233905792,0.2882646322250366,0.7183275818824768,True,0.5902079343795776,0.9665380716323853,0.45490899682044983,0.45456066727638245,0.4552573263645172,3.2362964702770114e-05,0.0535714328289032,0.029936786741018295,3.193106223875475e-09,0.6971055865287781,nnknn_target_value_model,0,0,24,12,12,24,25,2,23,25,31,0.75,2,4,nnknn,500,nnknn,500,"[188, 152, 160]",0.0,0.0037564949598163366,0.03007316403090954
43148,4,86,0.12778446078300476,-0.037800416350364685,-0.03203681483864784,0.16558487713336945,,,,False,0.5763604044914246,0.9620872139930725,0.45400965213775635,0.4534713327884674,0.4545480012893677,3.228456262149848e-05,0.06976744532585144,0.19123117625713348,-4.712925516514588e-08,0.9186195731163025,nnknn_target_value_model,0,0,45,22,23,45,34,10,24,41,52,1.5,4,4,nnknn,500,nnknn,500,"[181, 156, 163]",0.0,0.0037527959793806076,0.02957318164408207
43214,4,66,0.30935925245285034,-0.0849212259054184,-0.07905250787734985,0.39428046345710754,,,,False,0.5868721604347229,0.9661374092102051,0.4530470371246338,0.45263534784317017,0.45345866680145264,3.234625910408795e-05,0.06060606241226196,0.1931881457567215,3.612402821318028e-09,0.9236985445022583,nnknn_target_value_model,0,0,39,12,27,39,30,11,19,35,36,1.0,2,4,nnknn,500,nnknn,500,"[183, 154, 163]",0.0,0.003745824098587036,0.029073186218738556
43268,4,54,0.04508037120103836,-0.04990171641111374,-0.0440591461956501,0.0949820876121521,0.09345339983701706,0.6731924414634705,0.7660881280899048,True,0.5842574238777161,0.9665010571479797,0.4522870182991028,0.4519513249397278,0.452622652053833,3.2224477763520554e-05,0.0555555559694767,-0.09292098134756088,-1.1037897706955846e-08,0.6241019368171692,nnknn_target_value_model,0,0,19,20,0,19,10,5,5,37,44,0.75,3,4,nnknn,499,nnknn,500,"[181, 153, 165]",0.0,0.003725667716935277,0.028573259711265564
43356,4,88,0.7301831841468811,0.007377792615443468,0.014143234118819237,0.722805380821228,,,,False,0.6765444874763489,0.988570511341095,0.4513876736164093,0.4508366584777832,0.451938658952713,3.1721578125143424e-05,0.06818182021379471,0.43904393911361694,-3.183430052899894e-08,1.2145217657089233,nnknn_target_value_model,0,0,60,23,36,60,49,50,0,38,39,1.5,2,4,nnknn,500,nnknn,499,"[177, 158, 165]",0.0,0.003735743695870042,0.02907325141131878
43410,4,54,-0.03910885751247406,-0.1544152796268463,-0.14817970991134644,0.11530642211437225,0.11541938781738281,0.6658068299293518,0.8440237641334534,True,0.6235570311546326,0.976618766784668,0.4504883289337158,0.4501526653766632,0.45082399249076843,3.16403093165718e-05,0.0555555559694767,-0.12639135122299194,7.72652786196204e-09,0.6563637852668762,nnknn_target_value_model,0,0,19,9,10,19,16,25,0,34,38,0.75,3,4,nnknn,500,nnknn,490,"[185, 151, 164]",0.0,0.003778598504140973,0.029573244974017143
43508,4,98,0.34638962149620056,-0.05246009677648544,-0.046281058341264725,0.3988497257232666,,,,False,0.6179041862487793,0.970779538154602,0.4495256543159485,0.4489113390445709,0.45013999938964844,3.208748603356071e-05,0.0714285671710968,0.3683481216430664,5.108969602929392e-08,1.1012178659439087,nnknn_target_value_model,0,0,63,12,51,63,44,50,0,50,54,1.75,3,4,nnknn,500,nnknn,484,"[183, 151, 166]",0.0,0.0037633059546351433,0.029073253273963928
43552,4,44,0.07758136093616486,-0.15087172389030457,-0.14498412609100342,0.22845308482646942,,,,False,0.5887596011161804,0.963860273361206,0.4486263692378998,0.44835400581359863,0.44889867305755615,3.168546027154662e-05,0.04545454680919647,-0.20342187583446503,1.6255812695931127e-08,0.5374041795730591,nnknn_target_value_model,0,0,12,24,0,12,11,0,0,28,33,0.5,2,4,nnknn,488,nnknn,495,"[178, 142, 168]",0.0,0.003858636599034071,0.028573255985975266
43672,4,120,0.4164848029613495,-0.0940641388297081,-0.087915800511837,0.5105489492416382,0.5106835961341858,0.34324806928634644,0.8336183428764343,True,0.6148335933685303,0.969349205493927,0.44758766889572144,0.446833997964859,0.44834133982658386,3.27370289596729e-05,0.07500000298023224,0.46457159519195557,-4.0729844386078184e-08,1.2572916746139526,nnknn_target_value_model,0,0,87,23,52,87,64,75,0,52,56,2.25,3,4,nnknn,500,nnknn,484,"[179, 151, 170]",0.0,0.0037626572884619236,0.0280732624232769
43726,4,54,0.047943294048309326,-0.2169169783592224,-0.211142435669899,0.26486027240753174,,,,False,0.5774542689323425,0.9605101346969604,0.4464856684207916,0.446150004863739,0.44682133197784424,3.1782234145794064e-05,0.0555555559694767,-0.013414103537797928,-1.1037897706955846e-08,0.7635220289230347,nnknn_target_value_model,0,0,22,14,8,22,22,25,0,31,32,0.75,2,4,nnknn,500,nnknn,481,"[186, 145, 169]",0.0,0.003753876779228449,0.027808785438537598
43802,4,76,0.1741502732038498,-0.12163229286670685,-0.11624176800251007,0.29578256607055664,0.29510238766670227,0.4090537428855896,0.8253089785575867,True,0.5390528440475464,0.9504008889198303,0.44566234946250916,0.4451873302459717,0.44613733887672424,3.151416967739351e-05,0.06578947603702545,0.19069649279117584,-9.411259327407606e-09,0.9559279084205627,nnknn_target_value_model,0,0,42,24,18,42,33,25,0,41,43,1.25,3,4,nnknn,500,nnknn,489,"[186, 146, 168]",0.0,0.003763189073652029,0.028308765962719917
43878,4,76,0.35170257091522217,-0.007176124956458807,-0.0011725645745173097,0.3588787019252777,,,,False,0.60035640001297,0.9648647308349609,0.44469964504241943,0.44422465562820435,0.4451746642589569,3.191009454894811e-05,0.06578947603702545,0.2515965700149536,-2.0391063060287706e-08,1.0251461267471313,nnknn_target_value_model,0,0,44,24,20,44,33,25,0,35,43,1.25,2,4,nnknn,500,nnknn,497,"[186, 152, 162]",0.0,0.003757136408239603,0.02880873903632164
43902,4,24,0.47863250970840454,-0.056402578949928284,-0.053504686802625656,0.5350350737571716,,,,False,0.28978967666625977,0.8845038414001465,0.4440663754940033,0.44392067193984985,0.4442119896411896,3.1427916837856174e-05,0.0,-0.6418721079826355,9.934107758624577e-09,0.07971303164958954,nnknn_target_value_model,0,0,0,0,0,0,4,25,0,13,20,0.0,0,4,nnknn,500,nnknn,476,"[186, 152, 162]",-0.0004999899538233876,0.003711035940796137,0.028541043400764465
43968,4,66,0.2301684021949768,-0.12054863572120667,-0.11421196907758713,0.35071703791618347,0.3525249660015106,0.19516825675964355,0.7921719551086426,True,0.6336665749549866,0.974483072757721,0.44349637627601624,0.4430846571922302,0.4439080059528351,3.092675979132764e-05,0.06060606241226196,0.12798014283180237,9.03100705329507e-09,0.8896687030792236,nnknn_target_value_model,0,0,36,19,17,36,24,0,0,41,42,1.0,2,4,nnknn,500,nnknn,500,"[188, 146, 166]",0.0,0.003727386239916086,0.0289131011813879
44032,4,64,-0.04763927310705185,-0.11748165637254715,-0.11215892434120178,0.0698423832654953,,,,False,0.5322731733322144,0.9454240798950195,0.442672997713089,0.4422740042209625,0.44307199120521545,3.08745693473611e-05,0.0625,-0.02060149982571602,-1.862645149230957e-08,0.7014745473861694,nnknn_target_value_model,0,0,26,15,11,26,12,13,0,48,52,1.0,4,4,nnknn,500,nnknn,499,"[191, 145, 164]",0.0,0.003730418859049678,0.028413115069270134
44106,4,74,0.05132496356964111,-0.17745298147201538,-0.17123162746429443,0.2287779450416565,0.22662410140037537,0.43207186460494995,0.8747344613075256,True,0.6221351027488708,0.9691677093505859,0.44179901480674744,0.44133666157722473,0.44226133823394775,3.0414064895012416e-05,0.06756757199764252,0.12998241186141968,-1.0471086220320558e-08,0.945797324180603,nnknn_target_value_model,0,0,39,24,15,39,28,3,0,41,46,1.25,3,4,nnknn,500,nnknn,499,"[180, 156, 164]",0.0,0.0037239338271319866,0.028913110494613647
44160,4,54,-0.026274263858795166,-0.1385778933763504,-0.1326896697282791,0.11230362951755524,,,,False,0.5888217091560364,0.9615681767463684,0.44098833203315735,0.44065266847610474,0.44132399559020996,3.095175634371117e-05,0.0555555559694767,-0.10033132135868073,-4.856674706843478e-08,0.6411541104316711,nnknn_target_value_model,0,0,19,18,1,19,17,25,0,35,37,0.75,3,4,nnknn,500,nnknn,491,"[178, 156, 166]",0.0,0.0037468147929757833,0.028413116931915283
44214,4,54,0.06571847200393677,-0.20292115211486816,-0.19682970643043518,0.26863962411880493,,,,False,0.6091453433036804,0.9670073986053467,0.44030433893203735,0.43996867537498474,0.44064000248908997,3.102542177657597e-05,0.0555555559694767,-0.016979064792394638,-1.7660635620586618e-08,0.7706612348556519,nnknn_target_value_model,0,0,22,12,10,22,15,25,0,35,39,0.75,2,4,nnknn,500,nnknn,481,"[184, 151, 165]",0.0,0.0037577988114207983,0.02791311964392662
44280,4,66,0.16489902138710022,-0.07045207172632217,-0.06379193812608719,0.235351100564003,0.23462454974651337,0.2759108543395996,0.7991654276847839,True,0.6660134196281433,0.9801493883132935,0.43954434990882874,0.4391326606273651,0.43995600938796997,3.1021208997117355e-05,0.06060606241226196,0.04415569454431534,-1.0837208463954084e-08,0.8006593585014343,nnknn_target_value_model,0,0,30,17,13,30,19,0,0,50,47,1.0,3,4,nnknn,500,nnknn,500,"[185, 146, 169]",0.0,0.0037615548353642225,0.02841307409107685
44324,4,44,0.13300111889839172,-0.06863077729940414,-0.06267291307449341,0.20163190364837646,,,,False,0.5957866311073303,0.961216151714325,0.43884769082069397,0.4385753273963928,0.43911999464035034,3.12767515424639e-05,0.04545454680919647,-0.22413337230682373,4.876743986415022e-08,0.5505080223083496,nnknn_target_value_model,0,0,12,19,0,12,6,25,0,36,38,0.5,2,4,nnknn,493,nnknn,481,"[181, 143, 169]",0.0,0.0037757803220301867,0.028913062065839767
44390,4,66,0.2803441882133484,-0.10706519335508347,-0.10048229247331619,0.38740938901901245,0.3847469985485077,0.26094120740890503,0.6361038684844971,True,0.6582900285720825,0.9768989086151123,0.4381510019302368,0.4377393424510956,0.43856266140937805,3.130351615254767e-05,0.06060606241226196,0.2365812063217163,-4.154263422151416e-08,0.8577932119369507,nnknn_target_value_model,0,0,37,10,20,37,31,7,5,33,35,1.0,2,4,nnknn,500,nnknn,500,"[177, 153, 170]",0.0,0.0037272749468684196,0.02941305935382843
44444,4,54,0.15840817987918854,-0.09581302106380463,-0.0897873044013977,0.25422120094299316,,,,False,0.6025717258453369,0.9636933207511902,0.4373910129070282,0.4370553195476532,0.4377266764640808,3.0629704269813374e-05,0.0555555559694767,-0.03147250786423683,2.2075794525733272e-09,0.7715473175048828,nnknn_target_value_model,0,0,22,17,5,22,19,25,0,31,35,0.75,2,4,nnknn,500,nnknn,494,"[170, 157, 173]",0.0,0.003730609081685543,0.029913056641817093
44520,4,76,0.17965105175971985,-0.10758405923843384,-0.10154766589403152,0.2872351109981537,,,,False,0.6036394238471985,0.9635547995567322,0.43656766414642334,0.43609267473220825,0.4370426535606384,3.051361272810027e-05,0.06578947603702545,0.15425841510295868,1.0195531530143853e-08,0.9121266603469849,nnknn_target_value_model,0,0,41,25,16,41,31,25,0,38,45,1.25,3,4,nnknn,500,nnknn,500,"[171, 155, 174]",0.0,0.00373470364138484,0.030413052067160606
44596,4,76,0.037691012024879456,-0.11645516753196716,-0.11077466607093811,0.15414617955684662,0.15328244864940643,0.46978867053985596,0.764257550239563,True,0.5680505037307739,0.950729250907898,0.435604989528656,0.4351300001144409,0.4360800087451935,3.0463697839877568e-05,0.06578947603702545,0.08363359421491623,-1.2548346361995755e-08,0.8306111693382263,nnknn_target_value_model,0,0,38,28,10,38,28,50,0,46,48,1.25,4,4,nnknn,500,nnknn,478,"[176, 154, 170]",0.0,0.003748362883925438,0.02991306222975254
44660,4,64,0.08252379298210144,-0.08037792146205902,-0.07364428043365479,0.16290171444416046,,,,False,0.6733638048171997,0.9804607629776001,0.4347183406352997,0.4343193471431732,0.43511733412742615,3.0489421988022514e-05,0.0625,0.038027193397283554,3.725290298461914e-09,0.8122384548187256,nnknn_target_value_model,0,0,29,14,15,29,22,0,0,38,42,1.0,3,4,nnknn,500,nnknn,500,"[179, 152, 169]",0.0,0.0037388771306723356,0.030413055792450905
44756,4,96,0.20154035091400146,-0.07474452257156372,-0.06823892146348953,0.2762848734855652,0.27618539333343506,0.527280330657959,0.750023603439331,True,0.650560200214386,0.9721307754516602,0.43370503187179565,0.4331033229827881,0.43430668115615845,3.0421348128584214e-05,0.0729166716337204,0.29693347215652466,-7.202228147207279e-08,1.028286337852478,nnknn_target_value_model,0,0,56,29,27,56,40,50,0,51,56,1.75,4,4,nnknn,500,nnknn,490,"[170, 157, 173]",0.0,0.0037754117511212826,0.02991306409239769
44810,4,54,0.13715685904026031,-0.10215342044830322,-0.09607938677072525,0.23931027948856354,,,,False,0.6074035167694092,0.9609904289245605,0.4327550232410431,0.4324193298816681,0.4330906569957733,3.0791907192906365e-05,0.0555555559694767,-0.0066381096839904785,4.4151589051466544e-09,0.7475802302360535,nnknn_target_value_model,0,0,22,23,0,22,11,25,0,43,43,0.75,2,4,nnknn,499,nnknn,476,"[172, 154, 173]",0.0,0.003785571549087763,0.029413066804409027
44898,4,88,0.4335070252418518,-0.07530157268047333,-0.06929582357406616,0.5088086128234863,,,,False,0.6005749702453613,0.9611846208572388,0.4318556487560272,0.4313046634197235,0.4324066638946533,3.033533903362695e-05,0.06818182021379471,0.33755192160606384,-2.5061044794938425e-08,1.153639554977417,nnknn_target_value_model,0,0,60,28,31,60,44,2,18,44,44,1.5,2,4,nnknn,500,nnknn,500,"[177, 153, 170]",0.0,0.0037626682315021753,0.028913114219903946
45006,4,108,0.6224684715270996,-0.10624538362026215,-0.10019031912088394,0.728713870048523,0.7267582416534424,0.12984758615493774,0.7711918354034424,True,0.6055064797401428,0.9606357216835022,0.43061432242393494,0.4299366772174835,0.43129199743270874,2.9990156690473668e-05,0.07407407462596893,0.5215986371040344,-7.009064972862689e-08,1.2453324794769287,nnknn_target_value_model,0,0,77,23,54,77,59,75,0,33,49,2.0,3,4,nnknn,500,nnknn,484,"[179, 149, 172]",0.0,0.003768717870116234,0.028413157910108566
45082,4,76,0.2478860467672348,-0.1460082083940506,-0.13974416255950928,0.3938942551612854,,,,False,0.6264039874076843,0.9651414752006531,0.4294489920139313,0.4289740025997162,0.42992401123046875,3.0540537409251556e-05,0.06578947603702545,0.23496697843074799,-2.8233779758579658e-08,1.04244863986969,nnknn_target_value_model,0,0,44,15,29,44,32,0,0,43,44,1.25,2,4,nnknn,500,nnknn,491,"[186, 151, 163]",0.0,0.003765624715015292,0.028913037851452827
45156,4,74,0.007304824888706207,-0.09489527344703674,-0.08927746117115021,0.10220009833574295,0.10202536731958389,0.671057939529419,0.8571768999099731,True,0.5617812871932983,0.9491003155708313,0.4284990131855011,0.4280366599559784,0.4289613366127014,3.053438922506757e-05,0.06756757199764252,0.0647827535867691,1.6109363842886637e-09,0.846659779548645,nnknn_target_value_model,0,0,36,22,14,36,16,9,0,52,58,1.25,4,4,nnknn,500,nnknn,498,"[179, 155, 166]",0.0,0.0037784073501825333,0.02941303700208664
45252,4,96,0.31027674674987793,-0.0033854064531624317,0.0028682153206318617,0.3136621415615082,,,,False,0.6253625154495239,0.9652475118637085,0.4274223744869232,0.42682066559791565,0.4280239939689636,3.0294751923065633e-05,0.0729166716337204,0.34117788076400757,-1.7384689243726825e-08,1.0728445053100586,nnknn_target_value_model,0,0,64,18,46,64,39,50,0,59,57,1.75,3,4,nnknn,500,nnknn,487,"[175, 156, 169]",0.0,0.0037691760808229446,0.028913043439388275
45326,4,74,0.11652269959449768,-0.10928970575332642,-0.1033773347735405,0.2258124053478241,,,,False,0.591237485408783,0.9536973237991333,0.42634567618370056,0.42588332295417786,0.4268079996109009,3.0010873160790652e-05,0.06756757199764252,0.11883199959993362,0.0,0.9516915082931519,nnknn_target_value_model,0,0,38,25,13,38,15,25,0,54,59,1.25,3,4,nnknn,500,nnknn,477,"[185, 150, 165]",0.0,0.0037913857959210873,0.02941303886473179
45392,4,66,0.08931798487901688,-0.11926177889108658,-0.11293947696685791,0.20857976377010345,0.20896437764167786,0.3653144836425781,0.8513786196708679,True,0.6322304010391235,0.9655705094337463,0.42545902729034424,0.4250473380088806,0.4258706569671631,3.0160012101987377e-05,0.06060606241226196,0.03781839832663536,2.709302115988521e-09,0.8022873997688293,nnknn_target_value_model,0,0,32,15,17,32,28,25,0,38,38,1.0,3,4,nnknn,500,nnknn,480,"[189, 148, 163]",0.0,0.0037657038774341345,0.028913041576743126
45446,4,54,0.042818039655685425,-0.23146864771842957,-0.22651347517967224,0.274286687374115,,,,False,0.49551716446876526,0.9270956516265869,0.42469900846481323,0.4243633449077606,0.42503467202186584,2.9796317903674208e-05,0.0555555559694767,-0.03964929282665253,8.830317810293309e-09,0.7841793894767761,nnknn_target_value_model,0,0,22,14,8,22,21,25,0,31,33,0.75,2,4,nnknn,500,nnknn,476,"[189, 147, 164]",0.0,0.0037981518544256687,0.028416985645890236
45532,4,86,0.0763213038444519,-0.22545728087425232,-0.21938355267047882,0.3017785847187042,0.3003426194190979,0.4125100374221802,0.8695816993713379,True,0.6073724627494812,0.9584028720855713,0.4238123297691345,0.4232740104198456,0.42435067892074585,2.9737995646428317e-05,0.06976744532585144,0.23944306373596191,5.5446179203499923e-08,1.0379966497421265,nnknn_target_value_model,0,0,50,21,29,50,39,4,11,30,47,1.5,3,4,nnknn,500,nnknn,500,"[193, 148, 159]",0.0,0.0038153002969920635,0.028150994330644608
45586,4,54,0.08302749693393707,-0.17122866213321686,-0.16554954648017883,0.25425615906715393,,,,False,0.5679120421409607,0.9454795122146606,0.4229256808757782,0.4225899875164032,0.4232613444328308,2.976520045194775e-05,0.0555555559694767,-0.05363573133945465,-2.2075794525733272e-09,0.7776929140090942,nnknn_target_value_model,0,0,22,23,0,22,21,25,0,28,33,0.75,2,4,nnknn,499,nnknn,496,"[189, 151, 159]",0.0,0.0038531729951500893,0.028650136664509773
45672,4,86,0.18220916390419006,-0.07842984795570374,-0.07238481938838959,0.2606390118598938,,,,False,0.6045029163360596,0.9573969841003418,0.4220389723777771,0.42150065302848816,0.4225773215293884,3.0015662559890188e-05,0.06976744532585144,0.1987791210412979,8.316927591067724e-09,1.020949125289917,nnknn_target_value_model,0,0,50,15,34,50,28,25,0,45,58,1.5,3,4,nnknn,500,nnknn,499,"[195, 147, 158]",0.0,0.003830123692750931,0.028150144964456558
45726,4,54,0.06475912034511566,-0.2115882784128189,-0.20583733916282654,0.27634739875793457,0.27565449476242065,0.3520422577857971,0.8823715448379517,True,0.5750933885574341,0.9463492631912231,0.4211523234844208,0.42081665992736816,0.4214879870414734,2.9591155907837674e-05,0.0555555559694767,-0.044373173266649246,-9.934107758624577e-09,0.7736184000968933,nnknn_target_value_model,0,0,22,11,11,22,14,9,4,39,40,0.75,2,4,nnknn,500,nnknn,500,"[189, 149, 162]",0.0,0.0038392660208046436,0.027650149539113045
45780,4,54,0.12332724779844284,-0.09890719503164291,-0.09282362461090088,0.22223444283008575,,,,False,0.608356773853302,0.955498218536377,0.4204683303833008,0.42013266682624817,0.4208039939403534,2.9392107535386458e-05,0.0555555559694767,-0.023525971919298172,-2.428337353421739e-08,0.7622348070144653,nnknn_target_value_model,0,0,22,15,7,22,17,25,0,38,37,0.75,2,4,nnknn,500,nnknn,492,"[194, 148, 158]",0.0,0.003830656176432967,0.02815014310181141
45868,4,88,0.11928988248109818,-0.07432950288057327,-0.06783707439899445,0.19361938536167145,0.19315756857395172,0.4616033434867859,0.828935980796814,True,0.6492425799369812,0.9711131453514099,0.4195690155029297,0.4190180003643036,0.4201200008392334,2.9499929951271042e-05,0.06818182021379471,0.15780575573444366,-5.418604231977042e-09,0.9368641972541809,nnknn_target_value_model,0,0,49,19,30,49,36,50,0,52,52,1.5,4,4,nnknn,500,nnknn,478,"[187, 150, 163]",0.0,0.003826150204986334,0.027650153264403343
45944,4,76,0.31417685747146606,0.022649826481938362,0.028106149286031723,0.29152703285217285,,,,False,0.5456326007843018,0.9380955100059509,0.41853031516075134,0.41805532574653625,0.4190053343772888,2.969339220726397e-05,0.06578947603702545,0.18362344801425934,-3.921358349145976e-09,0.9473452568054199,nnknn_target_value_model,0,0,39,25,14,39,23,8,0,49,53,1.25,3,4,nnknn,500,nnknn,493,"[192, 150, 158]",0.0,0.0037975707091391087,0.02715054154396057
46042,4,98,0.232603520154953,-0.06463580578565598,-0.058089036494493484,0.2972393333911896,,,,False,0.6546766757965088,0.9687724113464355,0.4174283444881439,0.41681399941444397,0.4180426597595215,2.9582364732050337e-05,0.0714285671710968,0.29901063442230225,1.9462740752373975e-08,1.0995793342590332,nnknn_target_value_model,0,0,61,25,36,61,34,50,0,63,64,1.75,3,4,nnknn,500,nnknn,477,"[183, 155, 162]",0.0,0.0037952587008476257,0.027650533244013786
46096,4,54,0.03778831660747528,-0.17108865082263947,-0.16497614979743958,0.20887696743011475,0.20840519666671753,0.5100976228713989,0.9819892644882202,True,0.611249566078186,0.9548958539962769,0.416465699672699,0.416130006313324,0.4168013334274292,2.9489721782738343e-05,0.0555555559694767,-0.19510480761528015,3.973643103449831e-08,0.6881427764892578,nnknn_target_value_model,0,0,17,25,0,17,12,0,0,29,42,0.75,3,4,nnknn,492,nnknn,465,"[187, 148, 157]",0.0,0.0038664573803544044,0.02815053053200245
46192,4,96,0.27176740765571594,0.020588302984833717,0.02682679146528244,0.2511790990829468,,,,False,0.6238492727279663,0.9603115320205688,0.415515661239624,0.41491401195526123,0.4161173403263092,2.980516364914365e-05,0.0729166716337204,0.3133903741836548,-3.414849558680544e-08,0.9875390529632568,nnknn_target_value_model,0,0,58,26,24,58,40,8,0,44,56,1.75,4,4,nnknn,500,nnknn,497,"[190, 153, 157]",0.0,0.003795269411057234,0.028650503605604172
46256,4,64,-0.00011560320854187012,-0.17090767621994019,-0.16497884690761566,0.17079207301139832,0.17057949304580688,0.5230094194412231,0.8761735558509827,True,0.5928832292556763,0.950407862663269,0.4145023226737976,0.41410332918167114,0.41490134596824646,2.9728033041465096e-05,0.0625,0.005029485560953617,-2.514570951461792e-08,0.8179218769073486,nnknn_target_value_model,0,0,28,22,6,28,17,9,5,45,47,1.0,3,4,nnknn,500,nnknn,500,"[189, 154, 157]",0.0,0.0038463007658720016,0.029150499030947685
46300,4,44,0.1505815088748932,-0.14680129289627075,-0.14188340306282043,0.29738280177116394,,,,False,0.49178948998451233,0.9201233983039856,0.413818359375,0.41354599595069885,0.41409066319465637,3.055469642276876e-05,0.04545454680919647,-0.28651493787765503,0.0,0.5749223232269287,nnknn_target_value_model,0,0,11,20,0,11,7,6,1,35,37,0.5,2,4,nnknn,491,nnknn,500,"[188, 149, 154]",0.0,0.003913064952939749,0.0296504907310009
46376,4,76,0.25640568137168884,-0.04351310059428215,-0.03794402629137039,0.2999187707901001,,,,False,0.5569080114364624,0.9391068816184998,0.413058340549469,0.4125833213329315,0.4135333299636841,3.0902472644811496e-05,0.06578947603702545,0.16157223284244537,2.744950755584341e-08,0.9559937715530396,nnknn_target_value_model,0,0,41,9,23,41,29,13,16,38,47,1.25,3,4,nnknn,500,nnknn,500,"[186, 153, 161]",0.0,0.0038166625890880823,0.029150573536753654
46430,4,54,-0.01589815318584442,-0.16695654392242432,-0.16084937751293182,0.1510583907365799,0.15065909922122955,0.5455429553985596,0.8684554696083069,True,0.6107162833213806,0.9546189308166504,0.41223499178886414,0.4118993282318115,0.41257065534591675,3.0061111829127185e-05,0.0555555559694767,-0.15387670695781708,-4.4151590827823384e-08,0.6675142645835876,nnknn_target_value_model,0,0,18,24,0,18,20,16,4,29,34,0.75,3,4,nnknn,494,nnknn,500,"[184, 149, 161]",0.0,0.0038383128121495247,0.029650559648871422
46484,4,54,0.024930201470851898,-0.07724445313215256,-0.07149842381477356,0.10217465460300446,,,,False,0.574603259563446,0.9451067447662354,0.41155102849006653,0.41121533513069153,0.41188666224479675,3.0553499527741224e-05,0.0555555559694767,-0.10271739959716797,-1.7660635620586618e-08,0.6359137296676636,nnknn_target_value_model,0,0,18,14,0,18,15,25,0,35,39,0.75,3,4,nnknn,498,nnknn,490,"[188, 150, 160]",0.0,0.0037537040188908577,0.03015054762363434
46580,4,96,0.3784220516681671,-0.09021227806806564,-0.08342750370502472,0.46863433718681335,0.4663872718811035,0.3447049856185913,0.7385298609733582,True,0.6784776449203491,0.9712456464767456,0.4106009900569916,0.4099993407726288,0.41120266914367676,2.9800365155097097e-05,0.0729166716337204,0.39361852407455444,-7.015963632284183e-08,1.1206809282302856,nnknn_target_value_model,0,0,61,13,46,61,44,15,19,51,52,1.75,3,4,nnknn,500,nnknn,500,"[193, 147, 160]",0.0,0.003774835728108883,0.030650543048977852
46676,4,96,0.359803169965744,-0.06303431838750839,-0.05654124915599823,0.422837495803833,,,,False,0.6493069529533386,0.9635152816772461,0.4093850255012512,0.40878334641456604,0.409986674785614,3.0005478038219735e-05,0.0729166716337204,0.2829585075378418,-7.140140034778142e-09,1.1675786972045898,nnknn_target_value_model,0,0,61,31,30,61,34,22,12,53,62,1.75,3,4,nnknn,500,nnknn,500,"[194, 143, 163]",0.0,0.0037747914902865887,0.03015054762363434
46796,4,120,0.21753311157226562,-0.11545263975858688,-0.10894729942083359,0.3329857587814331,,,,False,0.6505337357521057,0.9644241333007812,0.40801700949668884,0.4072633385658264,0.40877068042755127,2.9792683562845923e-05,0.07500000298023224,0.35958486795425415,-6.258488127741657e-08,1.1638277769088745,nnknn_target_value_model,0,0,84,34,50,84,55,21,34,60,65,2.25,4,4,nnknn,500,nnknn,500,"[183, 149, 168]",0.0,0.0037931466940790415,0.029650583863258362
46884,4,88,0.1925434172153473,-0.07709842920303345,-0.07010962814092636,0.26964184641838074,0.2693023681640625,0.5025079846382141,0.8405185341835022,True,0.6988800168037415,0.9771546721458435,0.4066997170448303,0.40614867210388184,0.40725067257881165,2.9760893085040152e-05,0.06818182021379471,0.24385327100753784,3.2511625391862253e-08,1.0186970233917236,nnknn_target_value_model,0,0,50,25,25,50,32,50,0,56,56,1.5,3,4,nnknn,500,nnknn,482,"[186, 147, 167]",0.0,0.0038275476545095444,0.02915058843791485
46940,4,56,0.3428804576396942,-0.09652767330408096,-0.08990681916475296,0.4394081234931946,,,,False,0.6620853543281555,0.9664064049720764,0.4057876765727997,0.4054393470287323,0.40613600611686707,3.0116367270238698e-05,0.0535714328289032,0.10339735448360443,-2.1287373641598606e-08,0.9107096791267395,nnknn_target_value_model,0,0,27,22,5,27,16,0,0,40,40,0.75,1,4,nnknn,500,nnknn,498,"[194, 142, 164]",0.0,0.0038172435015439987,0.02965056337416172
47028,4,88,0.10136598348617554,-0.17914196848869324,-0.17265594005584717,0.2805079519748688,0.27958571910858154,0.47753459215164185,0.8889779448509216,True,0.648602306842804,0.9588698148727417,0.40487566590309143,0.4043246805667877,0.40542668104171753,2.990451321238652e-05,0.06818182021379471,0.2376534789800644,-2.573836965780174e-08,1.0452454090118408,nnknn_target_value_model,0,0,55,27,28,55,29,50,0,56,59,1.5,3,4,nnknn,500,nnknn,477,"[190, 144, 166]",0.0,0.0038327458314597607,0.030150560662150383
47106,4,78,0.06861528754234314,-0.1493464857339859,-0.14288264513015747,0.21796177327632904,,,,False,0.646384060382843,0.9569216370582581,0.4038243591785431,0.40333667397499084,0.40431201457977295,3.0054161470616236e-05,0.06410256773233414,0.1158786192536354,3.056648489874192e-09,0.9136477708816528,nnknn_target_value_model,0,0,41,22,19,41,37,0,0,41,41,1.25,3,4,nnknn,500,nnknn,490,"[196, 141, 163]",0.0,0.0038775831926614046,0.02965056709945202
47192,4,86,0.1811562180519104,0.0013906212989240885,0.007241432089358568,0.17976559698581696,,,,False,0.5850813984870911,0.9409244656562805,0.40278562903404236,0.4022473394870758,0.4033240079879761,3.0386347134481184e-05,0.06976744532585144,0.18167655169963837,5.544618097985676e-09,0.968693733215332,nnknn_target_value_model,0,0,46,16,30,46,24,11,3,54,62,1.5,4,4,nnknn,500,nnknn,500,"[198, 141, 161]",0.0,0.0038679935969412327,0.03015056438744068
47268,4,76,0.2345556765794754,-0.05536488816142082,-0.04944527894258499,0.2899205684661865,0.2893799841403961,0.28585898876190186,0.7658085227012634,True,0.5919613242149353,0.9407123923301697,0.40175965428352356,0.40128466486930847,0.40223467350006104,3.0224538932088763e-05,0.06578947603702545,0.2129932940006256,-1.5685432952494693e-09,0.8926700949668884,nnknn_target_value_model,0,0,45,28,17,45,28,13,15,42,48,1.25,3,4,nnknn,500,nnknn,500,"[191, 143, 166]",0.0,0.003848092630505562,0.029650580137968063
47334,4,66,0.3367304801940918,-0.11562030017375946,-0.1097845807671547,0.45235076546669006,,,,False,0.5835719704627991,0.9367799758911133,0.40086036920547485,0.40044867992401123,0.4012719988822937,2.9995599106769077e-05,0.06060606241226196,0.10109727084636688,-1.9868215517249155e-08,0.9719927310943604,nnknn_target_value_model,0,0,32,19,13,32,23,13,10,42,43,1.0,2,4,nnknn,500,nnknn,500,"[195, 140, 165]",0.0,0.003852483816444874,0.029150592163205147
47388,4,54,0.04787120223045349,-0.08058659732341766,-0.07472196221351624,0.12845779955387115,0.12791679799556732,0.5814906358718872,0.8210238218307495,True,0.5864633321762085,0.9376531839370728,0.40010032057762146,0.39976465702056885,0.40043601393699646,3.0053739465074614e-05,0.0555555559694767,-0.128534197807312,-1.7660635620586618e-08,0.6374707221984863,nnknn_target_value_model,0,0,17,15,2,17,10,25,0,38,44,0.75,3,4,nnknn,500,nnknn,485,"[193, 140, 167]",0.0,0.003870024112984538,0.029650568962097168
47506,4,118,0.24136702716350555,-0.1726393848657608,-0.16640764474868774,0.41400641202926636,,,,False,0.6231733560562134,0.95132976770401,0.3990109860897064,0.39827001094818115,0.3997519910335541,3.062293762923218e-05,0.0762711837887764,0.44375959038734436,-6.061489088438066e-09,1.2692919969558716,nnknn_target_value_model,0,0,87,15,72,87,53,10,28,55,65,2.25,3,4,nnknn,500,nnknn,500,"[199, 141, 160]",0.0,0.003915227483958006,0.029150579124689102
47616,4,110,0.2866586744785309,-0.07888302206993103,-0.07251913845539093,0.3655416965484619,,,,False,0.6363880038261414,0.9538267850875854,0.3975669741630554,0.39687666296958923,0.3982573449611664,3.0891576898284256e-05,0.072727270424366,0.35487139225006104,7.152556946721234e-08,1.1743394136428833,nnknn_target_value_model,0,0,72,22,50,72,41,50,0,67,69,2.0,3,4,nnknn,500,nnknn,491,"[198, 143, 159]",0.0,0.003922390751540661,0.02865058369934559
47712,4,96,0.16931363940238953,-0.06662352383136749,-0.06009531021118164,0.23593716323375702,0.23533925414085388,0.4366692304611206,0.864864706993103,True,0.6528214812278748,0.956911563873291,0.39626234769821167,0.3956606686115265,0.39686399698257446,3.099600871792063e-05,0.0729166716337204,0.2569107413291931,-3.8494668785915565e-08,1.0173883438110352,nnknn_target_value_model,0,0,59,18,41,59,39,10,20,36,57,1.75,4,4,nnknn,500,nnknn,500,"[194, 146, 160]",0.0,0.003936761990189552,0.02815059944987297
47766,4,54,0.04729782044887543,-0.17500567436218262,-0.16828151047229767,0.22230349481105804,,,,False,0.6724163889884949,0.9649612903594971,0.3953123390674591,0.3949766755104065,0.3956480026245117,3.1331281206803396e-05,0.0555555559694767,-0.1884688287973404,-4.4151590827823384e-08,0.6856764554977417,nnknn_target_value_model,0,0,18,11,7,18,16,5,11,28,38,0.75,3,4,nnknn,500,nnknn,500,"[197, 139, 164]",0.0,0.003927032463252544,0.028650596737861633
47832,4,66,0.1121373400092125,-0.08758863061666489,-0.08160242438316345,0.19972597062587738,0.19952014088630676,0.3725817799568176,0.8074367642402649,True,0.598620593547821,0.9372305274009705,0.3945523500442505,0.39414066076278687,0.3949640095233917,3.1345043680630624e-05,0.06060606241226196,0.03933345526456833,-9.03100705329507e-09,0.780971884727478,nnknn_target_value_model,0,0,30,20,10,30,16,25,0,41,50,1.0,3,4,nnknn,500,nnknn,491,"[198, 138, 164]",0.0,0.00391136109828949,0.028150606900453568
47918,4,86,0.2929309010505676,-0.14403602480888367,-0.13767197728157043,0.4369669258594513,,,,False,0.6364049911499023,0.9508129954338074,0.39358964562416077,0.3930513262748718,0.3941279947757721,3.0958464776631445e-05,0.06976744532585144,0.38523274660110474,-9.703081893519538e-09,1.095855951309204,nnknn_target_value_model,0,0,59,18,41,59,37,50,0,51,49,1.5,2,4,nnknn,500,nnknn,478,"[194, 138, 168]",0.0,0.0038876868784427643,0.028650598600506783
47992,4,74,0.03829532861709595,-0.10224500298500061,-0.09618581086397171,0.14054033160209656,,,,False,0.6059190034866333,0.9403296113014221,0.3925763666629791,0.3921140134334564,0.39303866028785706,3.0864746804581955e-05,0.06756757199764252,0.010668865405023098,9.665618527776587e-09,0.8746609091758728,nnknn_target_value_model,0,0,35,30,5,35,14,0,0,59,60,1.25,4,4,nnknn,500,nnknn,492,"[196, 141, 163]",0.0,0.003920012153685093,0.029150597751140594
48102,4,110,0.32291507720947266,-0.14546363055706024,-0.13888010382652283,0.4683787226676941,0.46623480319976807,0.33523547649383545,0.8576065897941589,True,0.6583523750305176,0.956005871295929,0.3914109766483307,0.3907206654548645,0.39210134744644165,3.107230440946296e-05,0.072727270424366,0.3852023184299469,3.901394762806376e-08,1.175399661064148,nnknn_target_value_model,0,0,72,19,53,72,60,75,0,44,50,2.0,4,4,nnknn,500,nnknn,477,"[197, 138, 165]",0.0,0.003978308290243149,0.029650568962097168
48146,4,44,0.29258036613464355,-0.15319132804870605,-0.14809468388557434,0.4457716941833496,,,,False,0.5096649527549744,0.9104501605033875,0.39043566584587097,0.3901633322238922,0.39070799946784973,3.1905783544061705e-05,0.04545454680919647,-0.1576053649187088,1.0837208463954084e-08,0.6958009600639343,nnknn_target_value_model,0,0,16,15,1,16,10,0,0,30,34,0.5,1,4,nnknn,500,nnknn,463,"[201, 138, 161]",0.0,0.0039594233967363834,0.029150571674108505
48222,4,76,0.2177382856607437,-0.15631450712680817,-0.15005746483802795,0.3740527927875519,0.3715367019176483,0.3776276111602783,0.877262532711029,True,0.6257049441337585,0.9437779784202576,0.38967567682266235,0.3892006576061249,0.39015066623687744,3.168014882248826e-05,0.06578947603702545,0.2263002097606659,-1.4116889879289829e-08,1.0549564361572266,nnknn_target_value_model,0,0,43,9,34,43,39,7,0,38,37,1.25,2,4,nnknn,500,nnknn,495,"[197, 139, 164]",0.0,0.003972174134105444,0.028650574386119843
48256,4,34,0.35233256220817566,-0.03137503191828728,-0.027677230536937714,0.38370758295059204,,,,False,0.3697803318500519,0.8640929460525513,0.3889790177345276,0.3887700140476227,0.3891879916191101,3.163361543556675e-05,0.029411764815449715,-0.424453467130661,2.2790011655615672e-08,0.3813948333263397,nnknn_target_value_model,0,0,6,10,0,6,7,13,0,25,27,0.25,1,4,nnknn,496,nnknn,489,"[198, 138, 160]",0.0,0.003962810151278973,0.028150636702775955
48352,4,96,0.1280873417854309,-0.14202135801315308,-0.13559898734092712,0.270108699798584,,,,False,0.6422378420829773,0.9487231969833374,0.38815566897392273,0.38755398988723755,0.3887573480606079,3.148759788018651e-05,0.0729166716337204,0.2184218466281891,-3.973643103449831e-08,1.0695337057113647,nnknn_target_value_model,0,0,55,22,29,55,36,16,9,49,60,1.75,4,4,nnknn,500,nnknn,500,"[194, 141, 165]",0.0,0.003908685874193907,0.02765064872801304
48428,4,76,0.21937641501426697,-0.11694616824388504,-0.11080116778612137,0.3363225758075714,0.3347831666469574,0.3246269226074219,0.9462581276893616,True,0.6144998669624329,0.9379338622093201,0.3870663344860077,0.3865913450717926,0.3875413239002228,3.1293355277739465e-05,0.06578947603702545,0.12442781776189804,3.372367984866287e-08,1.0063908100128174,nnknn_target_value_model,0,0,42,22,20,42,24,25,0,51,52,1.25,3,4,nnknn,500,nnknn,499,"[188, 145, 167]",0.0,0.003930231090635061,0.027150653302669525
48504,4,76,0.16114412248134613,-0.13458319008350372,-0.1288101226091385,0.29572731256484985,,,,False,0.5773069262504578,0.9275354146957397,0.38610368967056274,0.38562867045402527,0.38657867908477783,3.1359730201074854e-05,0.06578947603702545,0.11385763436555862,-9.411259327407606e-09,0.982732892036438,nnknn_target_value_model,0,0,39,20,19,39,26,25,0,42,50,1.25,3,4,nnknn,500,nnknn,500,"[193, 141, 166]",0.0,0.003983334172517061,0.02765064127743244
48560,4,56,0.23793864250183105,-0.03329407423734665,-0.02798747457563877,0.2712327241897583,0.266315758228302,0.28960245847702026,0.8226391077041626,True,0.5306603908538818,0.9114253520965576,0.3852676749229431,0.38491934537887573,0.3856160044670105,3.1498977477895096e-05,0.0535714328289032,-0.03605561703443527,2.3416111716301202e-08,0.734336793422699,nnknn_target_value_model,0,0,24,12,12,24,18,25,0,38,38,0.75,2,4,nnknn,500,nnknn,493,"[187, 145, 168]",0.0,0.004014016594737768,0.027150863781571388
48626,4,66,0.27607783675193787,-0.10658478736877441,-0.10085070133209229,0.3826626241207123,,,,False,0.5734089016914368,0.9273734092712402,0.3844950199127197,0.3840833306312561,0.38490667939186096,3.16523110086564e-05,0.06060606241226196,0.11742587387561798,-8.127906347965563e-09,0.9405859112739563,nnknn_target_value_model,0,0,35,16,19,35,20,25,0,43,46,1.0,2,4,nnknn,500,nnknn,488,"[186, 145, 169]",0.0,0.00400090916082263,0.02765084244310856
48690,4,64,-0.030888408422470093,-0.2224055528640747,-0.21644912660121918,0.19151714444160461,,,,False,0.5956430435180664,0.9302537441253662,0.38367167115211487,0.3832726776599884,0.38407066464424133,3.183089938829653e-05,0.0625,-0.03484082967042923,-3.725290298461914e-09,0.8446053862571716,nnknn_target_value_model,0,0,28,23,5,28,18,25,0,45,46,1.0,3,4,nnknn,500,nnknn,481,"[190, 146, 164]",0.0,0.004034662619233131,0.02815083973109722
48758,4,68,0.7197614312171936,0.01787726953625679,0.023583875969052315,0.7018841505050659,0.7011528611183167,0.06545597314834595,0.864483654499054,True,0.5706611275672913,0.9226537942886353,0.38283565640449524,0.38241133093833923,0.38326001167297363,3.245868720114231e-05,0.05882352963089943,0.2851141691207886,1.4901161193847656e-08,1.1100019216537476,nnknn_target_value_model,0,0,43,11,32,43,38,25,0,30,30,1.0,1,4,nnknn,500,nnknn,494,"[184, 150, 166]",0.0,0.003981236834079027,0.02765084244310856
48836,4,78,0.21649141609668732,-0.03801305219531059,-0.03243948891758919,0.2545044720172882,,,,False,0.557356595993042,0.9229341149330139,0.3819110095500946,0.38142332434654236,0.38239866495132446,3.1786061299499124e-05,0.06410256773233414,0.07994155585765839,-3.8208107788761936e-09,0.9421941637992859,nnknn_target_value_model,0,0,42,50,0,42,30,25,0,50,48,1.25,3,4,nnknn,492,nnknn,499,"[184, 149, 159]",0.0,0.004040444735437632,0.02815062366425991
48880,4,44,0.20405255258083344,-0.01288408599793911,-0.008313070982694626,0.2169366329908371,0.21644029021263123,0.46135765314102173,0.8488932847976685,True,0.4571017920970917,0.8854517936706543,0.3811383843421936,0.38086599111557007,0.3814106583595276,3.25255241477862e-05,0.04545454680919647,-0.28281235694885254,-9.482556961870614e-09,0.5564990043640137,nnknn_target_value_model,0,0,12,16,0,12,13,25,0,29,31,0.5,2,4,nnknn,488,nnknn,487,"[183, 148, 157]",0.0,0.0040539223700761795,0.027650650590658188
48934,4,54,0.10594059526920319,-0.19453300535678864,-0.1890019029378891,0.3004736006259918,,,,False,0.5531103610992432,0.9174808859825134,0.3805176913738251,0.3801819980144501,0.3808533251285553,3.269478474976495e-05,0.0555555559694767,-0.0618891641497612,1.545305572392408e-08,0.7683253884315491,nnknn_target_value_model,0,0,22,8,2,22,15,25,0,41,39,0.75,2,4,nnknn,500,nnknn,477,"[189, 152, 159]",0.0,0.003938775975257158,0.028150636702775955
49008,4,74,0.11502619087696075,-0.1284591406583786,-0.1223599761724472,0.24348533153533936,,,,False,0.6099159717559814,0.933624267578125,0.3797070384025574,0.3792446553707123,0.3801693320274353,3.147790630464442e-05,0.06756757199764252,0.07834302634000778,-3.3829664403128845e-08,0.9629155993461609,nnknn_target_value_model,0,0,38,14,24,38,28,4,1,40,46,1.25,3,4,nnknn,500,nnknn,500,"[193, 149, 158]",0.0,0.003919059410691261,0.02765064500272274
49052,4,44,0.02602359652519226,-0.20364372432231903,-0.19880537688732147,0.2296673208475113,0.22907540202140808,0.503083348274231,0.899669349193573,True,0.4838353097438812,0.8934869766235352,0.37895965576171875,0.37868732213974,0.3792319893836975,3.104406641796231e-05,0.04545454680919647,-0.32378852367401123,3.7930227847482456e-08,0.5796847343444824,nnknn_target_value_model,0,0,12,25,0,12,13,25,0,29,31,0.5,2,4,nnknn,487,nnknn,488,"[186, 148, 153]",0.0,0.004026055335998535,0.027150649577379227
49140,4,88,0.5679369568824768,-0.11287443339824677,-0.10682796686887741,0.6808114051818848,,,,False,0.6046463251113892,0.9330340623855591,0.3781236708164215,0.3775726556777954,0.3786746561527252,3.177782491547987e-05,0.06818182021379471,0.4215242862701416,-6.536191676786984e-08,1.2221051454544067,nnknn_target_value_model,0,0,60,11,36,60,44,14,18,45,44,1.5,2,4,nnknn,500,nnknn,500,"[188, 150, 162]",0.0,0.003947298042476177,0.026650656014680862
49216,4,76,0.10036928951740265,-0.16839714348316193,-0.162334144115448,0.2687664330005646,0.26787832379341125,0.35514557361602783,0.7743633389472961,True,0.6062995195388794,0.9340501427650452,0.37708500027656555,0.37661001086235046,0.37755998969078064,3.142631612718105e-05,0.06578947603702545,0.11225768178701401,-2.195960568940336e-08,0.9177595376968384,nnknn_target_value_model,0,0,40,12,28,40,23,6,17,39,53,1.25,3,4,nnknn,500,nnknn,500,"[193, 143, 164]",0.0,0.0039786845445632935,0.027150651440024376
49270,4,54,0.0857582688331604,-0.06235690787434578,-0.05722430348396301,0.14811517298221588,,,,False,0.5132609009742737,0.9018755555152893,0.3762616813182831,0.3759259879589081,0.3765973448753357,3.192490476067178e-05,0.0555555559694767,-0.1577519327402115,-1.655684656043377e-08,0.6505926847457886,nnknn_target_value_model,0,0,17,17,0,17,6,8,0,51,48,0.75,3,4,nnknn,500,nnknn,498,"[196, 143, 161]",0.0,0.003956472966820002,0.02765064500272274
49378,4,108,0.6912292242050171,-0.037254635244607925,-0.031164584681391716,0.7284838557243347,,,,False,0.6090053915977478,0.9292311668395996,0.3752356767654419,0.3745580017566681,0.3759133219718933,3.179784107487649e-05,0.07407407462596893,0.553118109703064,-8.830317810293309e-09,1.3346248865127563,nnknn_target_value_model,0,0,81,10,71,81,60,18,40,49,48,2.0,2,4,nnknn,500,nnknn,500,"[193, 143, 164]",0.0,0.0039275456219911575,0.028150249272584915
49442,4,64,0.11413676291704178,-0.09111464768648148,-0.08625482767820358,0.20525141060352325,0.2052859365940094,0.3560612201690674,0.7804734706878662,True,0.4859822988510132,0.8903623819351196,0.37414634227752686,0.373747318983078,0.3745453357696533,3.161054337397218e-05,0.0625,0.011373696848750114,-6.51925802230835e-09,0.7921626567840576,nnknn_target_value_model,0,0,31,9,22,31,18,2,16,42,46,1.0,3,4,nnknn,500,nnknn,500,"[199, 142, 159]",0.0,0.003916807472705841,0.02865024469792843
49498,4,56,0.22170501947402954,-0.22581547498703003,-0.22059698402881622,0.44752049446105957,,,,False,0.5218491554260254,0.9040908813476562,0.37338632345199585,0.37303799390792847,0.37373465299606323,3.172246215399355e-05,0.0535714328289032,0.09472565352916718,-6.38621244775095e-09,0.8983123898506165,nnknn_target_value_model,0,0,30,10,20,30,23,12,11,31,33,0.75,1,4,nnknn,500,nnknn,500,"[198, 144, 158]",0.0,0.003911118488758802,0.02915021777153015
49542,4,44,0.1080935001373291,-0.26161178946495056,-0.2565214931964874,0.36970528960227966,0.36932572722435,0.29796910285949707,0.864982545375824,True,0.5090306997299194,0.8961085081100464,0.37275299429893494,0.3724806606769562,0.3730253279209137,3.1987303373171017e-05,0.04545454680919647,-0.162253275513649,-1.2191859966037555e-08,0.7170775532722473,nnknn_target_value_model,0,0,16,12,4,16,16,13,3,26,28,0.5,1,4,nnknn,500,nnknn,500,"[196, 145, 159]",0.0,0.00388484844006598,0.029650211334228516
49608,4,66,0.17945830523967743,-0.18353261053562164,-0.17813421785831451,0.3629909157752991,,,,False,0.5398393869400024,0.9077526926994324,0.37205633521080017,0.37164467573165894,0.3724679946899414,3.205678876838647e-05,0.06060606241226196,0.11677061766386032,-2.8899222570544225e-08,0.9505983591079712,nnknn_target_value_model,0,0,33,16,17,33,23,25,0,43,43,1.0,2,4,nnknn,500,nnknn,498,"[195, 148, 157]",0.0,0.003924173768609762,0.03015020862221718
49738,4,130,0.47714847326278687,-0.08145487308502197,-0.0759352520108223,0.5586033463478088,,,,False,0.5519617795944214,0.9104520678520203,0.3708150088787079,0.3699980080127716,0.37163200974464417,3.2688010833226144e-05,0.07692307978868484,0.43788546323776245,2.9343825147520874e-08,1.3281054496765137,nnknn_target_value_model,0,0,90,28,62,90,64,75,0,65,66,2.5,4,4,nnknn,500,nnknn,487,"[195, 147, 158]",0.0,0.003928903955966234,0.030650192871689796
49804,4,66,0.06993266940116882,-0.12715427577495575,-0.12002405524253845,0.19708694517612457,0.19470533728599548,0.38611340522766113,0.8108954429626465,True,0.7130221128463745,0.9635106921195984,0.3695736527442932,0.369161993265152,0.36998534202575684,3.2469401048729196e-05,0.06060606241226196,0.014691700227558613,-7.224805642636056e-09,0.7877585887908936,nnknn_target_value_model,0,0,30,16,14,30,28,25,0,33,38,1.0,3,4,nnknn,500,nnknn,490,"[190, 148, 162]",0.0,0.0039414167404174805,0.03115019015967846
49870,4,66,0.2040707767009735,-0.14400902390480042,-0.13837499916553497,0.3480798006057739,,,,False,0.563402533531189,0.9158480763435364,0.36873766779899597,0.36832600831985474,0.3691493272781372,3.258934884797782e-05,0.06060606241226196,0.10651595890522003,-1.806201410659014e-09,0.9680281281471252,nnknn_target_value_model,0,0,32,18,14,32,24,25,0,43,42,1.0,2,4,nnknn,500,nnknn,489,"[199, 141, 160]",0.0,0.003928282763808966,0.031650181859731674
49924,4,54,0.20851927995681763,-0.07426351308822632,-0.06827560812234879,0.28278279304504395,0.2815547585487366,0.22247976064682007,0.8026093244552612,True,0.5987905859947205,0.9229093790054321,0.36797767877578735,0.36764198541641235,0.36831334233283997,3.1985789973987266e-05,0.0555555559694767,-0.023492395877838135,3.311369178859991e-09,0.7366983890533447,nnknn_target_value_model,0,0,24,14,10,24,18,25,0,39,36,0.75,2,4,nnknn,500,nnknn,482,"[196, 142, 162]",0.0,0.003940206486731768,0.03115018829703331
50052,4,128,0.3786468505859375,-0.009352045133709908,-0.003234460949897766,0.38799890875816345,,,,False,0.6117587089538574,0.9268010854721069,0.3668249845504761,0.36602067947387695,0.3676293194293976,3.2137024390976876e-05,0.078125,0.4293442964553833,-7.450580596923828e-09,1.2316539287567139,nnknn_target_value_model,0,0,95,14,81,95,58,9,31,61,70,2.5,4,4,nnknn,500,nnknn,500,"[193, 143, 164]",0.0,0.00394658837467432,0.031650181859731674
50172,4,120,0.612189769744873,-0.016512922942638397,-0.00971064530313015,0.628702700138092,,,,False,0.680228054523468,0.9497606158256531,0.36525437235832214,0.36450067162513733,0.3660080134868622,3.2456970075145364e-05,0.07500000298023224,0.4566262662410736,-4.172325418494438e-08,1.3636218309402466,nnknn_target_value_model,0,0,86,100,0,86,73,75,0,40,47,2.25,3,4,nnknn,486,nnknn,498,"[188, 142, 156]",0.0,0.004052509553730488,0.031150229275226593
50278,4,106,0.16952532529830933,-0.0744829848408699,-0.06857524812221527,0.24400830268859863,0.2443166822195053,0.5145001411437988,1.032493233680725,True,0.5907735824584961,0.9177944660186768,0.3638230264186859,0.3631579875946045,0.36448800563812256,3.367636963957921e-05,0.07547169923782349,0.21196037530899048,3.486309552158673e-08,1.1770765781402588,nnknn_target_value_model,0,0,64,16,34,64,26,25,0,75,80,2.0,4,4,nnknn,500,nnknn,499,"[192, 147, 161]",0.0,0.003973024431616068,0.03165022283792496
50322,4,44,0.12364965677261353,-0.18484365940093994,-0.1790703535079956,0.30849331617355347,,,,False,0.5773307085037231,0.9102782607078552,0.36287298798561096,0.3626006543636322,0.3631453216075897,3.3235468436032534e-05,0.04545454680919647,-0.3020717203617096,3.589825325889251e-08,0.5685502886772156,nnknn_target_value_model,0,0,11,9,2,11,14,25,0,24,30,0.5,2,4,nnknn,500,nnknn,488,"[197, 143, 160]",0.0,0.0039774272590875626,0.03215022012591362
50420,4,98,0.17586690187454224,-0.08516024798154831,-0.0788121372461319,0.26102715730667114,0.2602446675300598,0.4227207899093628,0.9185343980789185,True,0.6348109841346741,0.9318633079528809,0.3619736433029175,0.3613593280315399,0.36258798837661743,3.303484118077904e-05,0.0714285671710968,0.20799733698368073,2.676126875655882e-08,1.0543330907821655,nnknn_target_value_model,0,0,55,75,0,55,35,15,8,61,63,1.75,4,4,nnknn,480,nnknn,500,"[184, 137, 159]",0.0,0.004170435946434736,0.03265019878745079
50494,4,74,-0.03062768280506134,-0.19530442357063293,-0.1893400251865387,0.1646767407655716,,,,False,0.5964394807815552,0.9196114540100098,0.36088433861732483,0.3604219853878021,0.36134666204452515,3.4619362850207835e-05,0.06756757199764252,-0.058247849345207214,2.0942172440641116e-08,0.907377302646637,nnknn_target_value_model,0,0,30,11,0,30,31,50,0,42,43,1.25,4,4,nnknn,499,nnknn,481,"[190, 145, 164]",0.0,0.004027137532830238,0.03315012902021408
50570,4,76,0.21040798723697662,-0.14519529044628143,-0.14042352139949799,0.35560327768325806,,,,False,0.47717636823654175,0.8759733438491821,0.35993432998657227,0.3594593405723572,0.36040931940078735,3.3625859941821545e-05,0.06578947603702545,0.05677641183137894,1.7253976025699558e-08,1.0173832178115845,nnknn_target_value_model,0,0,39,17,21,39,28,9,0,48,48,1.25,3,4,nnknn,500,nnknn,500,"[188, 148, 164]",0.0,0.0040495856665074825,0.033650126308202744
50696,4,126,0.3499595820903778,-0.10983449965715408,-0.10394541174173355,0.4597940742969513,0.45667967200279236,0.30569952726364136,1.0112963914871216,True,0.5889091491699219,0.9169164896011353,0.35865500569343567,0.35786333680152893,0.3594466745853424,3.4110908018192276e-05,0.0793650820851326,0.40697357058525085,-3.595200936956644e-08,1.3379626274108887,nnknn_target_value_model,0,0,91,18,73,91,55,75,0,41,71,2.5,4,4,nnknn,500,nnknn,480,"[189, 146, 165]",0.0,0.004088454879820347,0.03415011242032051
50760,4,64,0.1784045696258545,0.0005892512854188681,0.0059967730194330215,0.17781531810760498,,,,False,0.5407525300979614,0.8971681594848633,0.3574516773223877,0.35705265402793884,0.35785067081451416,3.4951761335833e-05,0.0625,-0.02674221247434616,1.1175870895385742e-08,0.8199747800827026,nnknn_target_value_model,0,0,24,15,9,24,12,0,0,54,52,1.0,3,4,nnknn,500,nnknn,492,"[186, 147, 167]",0.0,0.004038369748741388,0.03365011885762215
50892,4,132,0.5083209872245789,-0.009631709195673466,-0.00397760234773159,0.5179526805877686,0.5151751041412354,0.20536822080612183,0.9847606420516968,True,0.5654110908508301,0.9085604548454285,0.3562103807926178,0.355380654335022,0.3570399880409241,3.431661025388166e-05,0.07575757801532745,0.40013396739959717,-2.167441692790817e-08,1.3119969367980957,nnknn_target_value_model,0,0,95,19,76,95,71,16,47,57,61,2.5,4,4,nnknn,500,nnknn,500,"[184, 149, 167]",0.0,0.004030995536595583,0.03415011242032051
51032,4,140,0.2470884472131729,-0.04036359116435051,-0.03466217592358589,0.2874520421028137,,,,False,0.5701418519020081,0.9055514931678772,0.35448765754699707,0.35360732674598694,0.3553679883480072,3.4194108593510464e-05,0.07857143133878708,0.3872779905796051,-4.427773703241655e-08,1.3130403757095337,nnknn_target_value_model,0,0,103,21,82,103,60,75,0,72,80,2.75,4,4,nnknn,500,nnknn,485,"[187, 145, 168]",0.0,0.004082252737134695,0.034649983048439026
51138,4,106,0.1973862200975418,-0.031250473111867905,-0.02603096328675747,0.2286366969347,,,,False,0.52195143699646,0.8894520998001099,0.3529296815395355,0.3522646725177765,0.35359466075897217,3.473325341474265e-05,0.07547169923782349,0.27003782987594604,-3.43007862113609e-08,1.1310665607452393,nnknn_target_value_model,0,0,71,75,0,71,42,0,2,59,64,2.0,4,4,nnknn,496,nnknn,500,"[180, 147, 169]",0.0,0.004117777105420828,0.03414998948574066
51270,4,132,0.22525998950004578,-0.08466511964797974,-0.07825402170419693,0.3099251091480255,0.30929863452911377,0.4479981064796448,0.9340346455574036,True,0.6411101222038269,0.9310553669929504,0.3514223098754883,0.3505926728248596,0.3522520065307617,3.495039345580153e-05,0.07575757801532745,0.35944247245788574,-7.947286206899662e-08,1.2149584293365479,nnknn_target_value_model,0,0,100,20,76,100,64,75,0,60,68,2.5,4,4,nnknn,500,nnknn,489,"[181, 149, 170]",0.0,0.004073341842740774,0.03464996814727783
51336,4,66,0.2872752249240875,-0.12230559438467026,-0.11715603619813919,0.4095808267593384,,,,False,0.5149555206298828,0.886760413646698,0.3501683473587036,0.34975665807724,0.35058000683784485,3.46002598234918e-05,0.06060606241226196,0.021176891401410103,7.224805642636056e-09,0.9951879382133484,nnknn_target_value_model,0,0,31,14,17,31,20,4,5,43,46,1.0,2,4,nnknn,500,nnknn,500,"[186, 149, 165]",0.0,0.004080070648342371,0.03414997458457947
51444,4,108,0.16851535439491272,-0.1152287945151329,-0.11041233688592911,0.2837441563606262,0.2831006348133087,0.46023255586624146,1.0447179079055786,True,0.4816454350948334,0.872434675693512,0.3490663468837738,0.348388671875,0.3497439920902252,3.4422057069605216e-05,0.07407407462596893,0.24021166563034058,6.622738357719982e-09,1.1814841032028198,nnknn_target_value_model,0,0,68,15,53,68,34,50,0,65,74,2.0,4,4,nnknn,500,nnknn,484,"[185, 145, 170]",0.0,0.0040733995847404,0.034649960696697235
51532,4,88,0.46555542945861816,-0.10870625078678131,-0.10346940904855728,0.5742616653442383,,,,False,0.5236844420433044,0.8864240646362305,0.3478250205516815,0.3472740054130554,0.34837600588798523,3.4543620131444186e-05,0.06818182021379471,0.2577144205570221,-1.422383633098434e-08,1.2401163578033447,nnknn_target_value_model,0,0,59,22,37,59,42,5,21,41,46,1.5,2,4,nnknn,500,nnknn,500,"[185, 146, 169]",0.0,0.004046159330755472,0.0351499542593956
51618,4,86,0.21560394763946533,-0.05529481917619705,-0.049862269312143326,0.2708987593650818,,,,False,0.5432553887367249,0.8917092680931091,0.3467229902744293,0.3461846709251404,0.34726133942604065,3.405637471587397e-05,0.06976744532585144,0.16190333664417267,6.9307724004374904e-09,1.096805453300476,nnknn_target_value_model,0,0,49,12,37,49,35,50,0,53,51,1.5,3,4,nnknn,500,nnknn,485,"[185, 148, 167]",0.0,0.004024910274893045,0.03464997559785843
51694,4,76,0.1564456820487976,-0.10410583764314651,-0.09750243276357651,0.2605515122413635,0.259665846824646,0.4805294871330261,0.9558008909225464,True,0.660340428352356,0.9320520162582397,0.3456970155239105,0.34522199630737305,0.3461720049381256,3.38181052939035e-05,0.06578947603702545,0.12999950349330902,-9.019124114217902e-09,0.9853851199150085,nnknn_target_value_model,0,0,38,17,21,38,29,25,0,41,47,1.25,3,4,nnknn,500,nnknn,489,"[184, 146, 170]",0.0,0.004037490114569664,0.035149965435266495
51790,4,96,0.07094062864780426,-0.1565067619085312,-0.15094685554504395,0.22744739055633545,,,,False,0.5559908747673035,0.8951226472854614,0.3446076810359955,0.3440060019493103,0.3452093303203583,3.4228745789732784e-05,0.0729166716337204,0.17788925766944885,-2.9802322387695312e-08,1.0894914865493774,nnknn_target_value_model,0,0,55,22,33,55,32,25,0,62,64,1.75,4,4,nnknn,500,nnknn,496,"[182, 146, 172]",0.0,0.004043067339807749,0.03564995527267456
51866,4,76,0.11047321557998657,-0.20999884605407715,-0.20369675755500793,0.3204720616340637,0.3199923634529114,0.43510520458221436,0.9902978539466858,True,0.6302082538604736,0.9200449585914612,0.34351834654808044,0.34304332733154297,0.34399333596229553,3.430844299145974e-05,0.06578947603702545,0.16629379987716675,-2.195960568940336e-08,1.0567666292190552,nnknn_target_value_model,0,0,46,19,27,46,27,25,0,48,49,1.25,2,4,nnknn,500,nnknn,498,"[175, 146, 179]",0.0,0.004094806965440512,0.035149965435266495
51930,4,64,0.2733643352985382,-0.008438460528850555,-0.0030789822340011597,0.28180280327796936,,,,False,0.5359481573104858,0.8849214315414429,0.34263166785240173,0.34223267436027527,0.3430306613445282,3.477303107501939e-05,0.0625,-0.0832550972700119,2.6542693376541138e-08,0.8576119542121887,nnknn_target_value_model,0,0,28,50,0,28,11,25,0,52,53,1.0,3,4,nnknn,478,nnknn,484,"[173, 135, 170]",0.0,0.0042770979925990105,0.03464997559785843
52016,4,86,0.06027042120695114,-0.05787084251642227,-0.05153733491897583,0.11814126372337341,,,,False,0.6333511471748352,0.9216578006744385,0.34168165922164917,0.34114333987236023,0.3422200083732605,3.58207689714618e-05,0.06976744532585144,0.13500137627124786,3.6040017192817686e-08,0.925011396408081,nnknn_target_value_model,0,0,48,12,14,48,35,25,0,46,51,1.5,4,4,nnknn,500,nnknn,494,"[182, 138, 180]",0.0,0.004106810316443443,0.034149978309869766
52092,4,76,0.1610296368598938,-0.14532247185707092,-0.1400730013847351,0.3063521087169647,0.30614277720451355,0.3952632546424866,1.0396666526794434,True,0.5249471664428711,0.8810749053955078,0.34065568447113037,0.3401806652545929,0.34113067388534546,3.448852294241078e-05,0.06578947603702545,0.05977031961083412,-1.0195531530143853e-08,1.0172631740570068,nnknn_target_value_model,0,0,40,17,23,40,32,1,0,40,44,1.25,3,4,nnknn,500,nnknn,500,"[179, 140, 181]",0.0,0.004119775723665953,0.033651676028966904
52146,4,54,0.05356687307357788,-0.11693713068962097,-0.11054671555757523,0.17050400376319885,,,,False,0.6390416026115417,0.925301730632782,0.3398323357105255,0.3394966721534729,0.3401679992675781,3.4520067856647074e-05,0.0555555559694767,-0.21578609943389893,1.3245476715439963e-08,0.6769115924835205,nnknn_target_value_model,0,0,15,10,5,15,20,13,7,30,34,0.75,3,4,nnknn,500,nnknn,500,"[180, 141, 179]",0.0,0.004141699522733688,0.03415163978934288
52234,4,88,0.11045525968074799,-0.15206925570964813,-0.1470334827899933,0.2625245153903961,0.26236724853515625,0.396711528301239,0.9578734636306763,True,0.5035772323608398,0.8721038699150085,0.33893299102783203,0.3383820056915283,0.33948400616645813,3.5304699849803e-05,0.06818182021379471,0.1380310356616974,0.0,1.0394442081451416,nnknn_target_value_model,0,0,49,27,22,49,38,50,0,45,50,1.5,3,4,nnknn,500,nnknn,488,"[177, 143, 180]",0.0,0.004127968102693558,0.033651646226644516
52354,4,120,0.09502944350242615,-0.1653403639793396,-0.15966761112213135,0.26036980748176575,,,,False,0.5672748684883118,0.8956018090248108,0.3376156687736511,0.3368619978427887,0.33836933970451355,3.531414404278621e-05,0.07500000298023224,0.2910139262676239,-1.216928211533741e-07,1.2004656791687012,nnknn_target_value_model,0,0,84,19,65,84,45,50,0,67,75,2.25,4,4,nnknn,500,nnknn,483,"[177, 145, 178]",0.0,0.004145586397498846,0.03315708041191101
52440,4,86,0.1895197331905365,-0.07588058710098267,-0.07019370794296265,0.26540032029151917,,,,False,0.568687915802002,0.8943116068840027,0.3363109827041626,0.33577266335487366,0.3368493318557739,3.539147292030975e-05,0.06976744532585144,0.1671895682811737,1.594077758682033e-08,1.076801061630249,nnknn_target_value_model,0,0,48,23,25,48,31,25,0,55,55,1.5,3,4,nnknn,500,nnknn,489,"[176, 149, 175]",0.0,0.004116956144571304,0.03265710547566414
52548,4,108,0.1864013373851776,-0.09332490712404251,-0.08749398589134216,0.2797262370586395,0.27799123525619507,0.4963465929031372,0.9952183365821838,True,0.583092451095581,0.8984007835388184,0.33508235216140747,0.33440467715263367,0.3357599973678589,3.494080374366604e-05,0.07407407462596893,0.24996726214885712,-5.739706665508493e-08,1.1703550815582275,nnknn_target_value_model,0,0,68,18,50,68,55,50,0,44,53,2.0,4,4,nnknn,500,nnknn,494,"[177, 145, 178]",0.0,0.004132844973355532,0.03215819597244263
52622,4,74,-0.004087701439857483,-0.18483631312847137,-0.18051114678382874,0.1807486116886139,,,,False,0.43251708149909973,0.8440687656402588,0.3339296877384186,0.3334673345088959,0.3343920111656189,3.519140955177136e-05,0.06756757199764252,-0.07373533397912979,1.4498427347575671e-08,0.9265428781509399,nnknn_target_value_model,0,0,32,17,15,32,19,25,0,53,55,1.25,4,4,nnknn,500,nnknn,488,"[184, 143, 173]",0.0,0.0041281357407569885,0.03265814483165741
52688,4,66,0.37028735876083374,-0.016239626333117485,-0.010115071199834347,0.3865269720554352,0.38713008165359497,0.3335120677947998,0.9647286534309387,True,0.6124559044837952,0.9119554162025452,0.33304300904273987,0.33263131976127625,0.3334546685218811,3.486885907477699e-05,0.06060606241226196,0.058193035423755646,9.03100705329507e-09,0.9718572497367859,nnknn_target_value_model,0,0,31,18,13,31,23,25,0,42,43,1.0,2,4,nnknn,500,nnknn,486,"[187, 146, 167]",0.0,0.004071077331900597,0.03215828910470009
52764,4,76,0.05644315481185913,-0.17359167337417603,-0.1675337553024292,0.23003482818603516,,,,False,0.6057925820350647,0.9059703350067139,0.3321436643600464,0.3316686749458313,0.3326186537742615,3.4160897484980524e-05,0.06578947603702545,0.05488147214055061,1.4901161193847656e-08,0.9668652415275574,nnknn_target_value_model,0,0,40,17,23,40,38,25,0,37,38,1.25,3,4,nnknn,500,nnknn,499,"[186, 145, 169]",0.0,0.004070988856256008,0.032658278942108154
52850,4,86,0.08414924144744873,-0.10101951658725739,-0.09575314074754715,0.18516875803470612,,,,False,0.5266372561454773,0.8760725259780884,0.3311176598072052,0.33057934045791626,0.33165600895881653,3.415529863559641e-05,0.06976744532585144,0.07154199481010437,2.772309048992838e-09,0.9654821157455444,nnknn_target_value_model,0,0,43,25,18,43,35,50,0,54,51,1.5,4,4,nnknn,500,nnknn,484,"[182, 147, 171]",0.0,0.0040479074232280254,0.03315827623009682
52948,4,98,0.06662356853485107,-0.2774125933647156,-0.27173492312431335,0.34403616189956665,0.342170774936676,0.43029868602752686,0.9542191028594971,True,0.5677667260169983,0.8902505040168762,0.32995229959487915,0.329338014125824,0.3305666744709015,3.4150889405282214e-05,0.0714285671710968,0.2578358054161072,-1.8246320010462114e-08,1.155093789100647,nnknn_target_value_model,0,0,64,18,46,64,43,50,0,49,55,1.75,3,4,nnknn,500,nnknn,477,"[189, 140, 171]",0.0,0.00409376947209239,0.03265831246972084
53078,4,130,0.26724186539649963,-0.09749866276979446,-0.0919109359383583,0.3647405207157135,,,,False,0.5587724447250366,0.8870132565498352,0.3285083472728729,0.32769134640693665,0.3293253481388092,3.385784657439217e-05,0.07692307978868484,0.3607116639614105,-3.6679781434401093e-09,1.2971163988113403,nnknn_target_value_model,0,0,93,100,0,93,59,5,31,67,71,2.5,4,4,nnknn,493,nnknn,500,"[188, 143, 162]",0.0,0.004159114323556423,0.03215832635760307
53196,4,118,0.19605466723442078,-0.06622684746980667,-0.06059121713042259,0.26228150725364685,0.2603817284107208,0.47118258476257324,1.0646549463272095,True,0.5635630488395691,0.888639509677887,0.32693764567375183,0.32619667053222656,0.3276786804199219,3.646175537141971e-05,0.0762711837887764,0.24019132554531097,6.061489088438066e-09,1.2392288446426392,nnknn_target_value_model,0,0,79,9,38,79,50,50,0,42,68,2.25,4,4,nnknn,500,nnknn,500,"[185, 145, 170]",0.0,0.00410758052021265,0.032658301293849945
53272,4,76,0.14404553174972534,-0.2124192714691162,-0.2076057344675064,0.35646480321884155,,,,False,0.48135384917259216,0.8541240692138672,0.3257089853286743,0.32523399591445923,0.3261840045452118,3.470665978966281e-05,0.06578947603702545,0.03607948124408722,9.411259327407606e-09,1.025656819343567,nnknn_target_value_model,0,0,38,15,23,38,30,50,0,42,46,1.25,3,4,nnknn,500,nnknn,480,"[188, 142, 170]",0.0,0.004168754909187555,0.03215830773115158
53382,4,110,0.19222795963287354,-0.06694987416267395,-0.061247747391462326,0.2591778337955475,,,,False,0.5702123045921326,0.8898473978042603,0.3245309889316559,0.3238406777381897,0.32522132992744446,3.5261724406154826e-05,0.072727270424366,0.25690361857414246,-2.167441559564054e-09,1.0976676940917969,nnknn_target_value_model,0,0,67,14,53,67,51,50,0,57,59,2.0,4,4,nnknn,500,nnknn,481,"[181, 144, 175]",0.0,0.004140488803386688,0.032658301293849945
53438,4,56,0.5625365376472473,0.08889678865671158,0.09396446496248245,0.47363975644111633,0.4731694757938385,0.3104099631309509,1.0137920379638672,True,0.506767749786377,0.8634710907936096,0.32347965240478516,0.3231313228607178,0.3238280117511749,3.503405605442822e-05,0.0535714328289032,0.033433955162763596,-2.1287373641598606e-08,0.9338839650154114,nnknn_target_value_model,0,0,27,22,5,27,24,25,0,33,32,0.75,1,4,nnknn,500,nnknn,480,"[180, 146, 174]",0.0,0.004125491250306368,0.033158108592033386
53566,4,128,0.26610875129699707,-0.09798096120357513,-0.09167979657649994,0.3640897274017334,,,,False,0.6301161646842957,0.908387303352356,0.3223143219947815,0.32150998711586,0.323118656873703,3.483003456494771e-05,0.078125,0.3653959035873413,-5.587935447692871e-09,1.2677247524261475,nnknn_target_value_model,0,0,89,27,62,89,57,50,0,50,71,2.5,4,4,nnknn,500,nnknn,487,"[182, 148, 170]",0.0,0.004173632245510817,0.033658090978860855
53640,4,74,-0.019653737545013428,-0.2588091790676117,-0.2535459101200104,0.23915544152259827,0.23882988095283508,0.46046221256256104,1.06503164768219,True,0.5263263583183289,0.865278422832489,0.3210350275039673,0.3205726742744446,0.3214973211288452,3.533049675752409e-05,0.06756757199764252,0.03568641468882561,1.6109363842886637e-09,0.9810166358947754,nnknn_target_value_model,0,0,35,14,21,35,25,25,0,43,49,1.25,3,4,nnknn,500,nnknn,487,"[184, 145, 171]",0.0,0.004164922516793013,0.03315809369087219
53780,4,140,0.1153733879327774,-0.15529681742191315,-0.1500755250453949,0.27067020535469055,,,,False,0.5221299529075623,0.8669478893280029,0.31967970728874207,0.31879934668540955,0.3205600082874298,3.482688043732196e-05,0.07857143133878708,0.37368232011795044,2.8950827513085642e-08,1.303195834159851,nnknn_target_value_model,0,0,99,19,80,99,50,50,0,68,90,2.75,4,4,nnknn,500,nnknn,487,"[187, 146, 167]",0.0,0.004188068676739931,0.0336579903960228
53854,4,74,0.15455009043216705,-0.07738053798675537,-0.07219058275222778,0.23193062841892242,,,,False,0.5189953446388245,0.8640196323394775,0.31832432746887207,0.31786200404167175,0.3187866806983948,3.516823926474899e-05,0.06756757199764252,0.009536119177937508,-3.060779008023928e-08,0.9970691204071045,nnknn_target_value_model,0,0,38,22,16,38,25,25,0,49,49,1.25,3,4,nnknn,500,nnknn,487,"[175, 150, 175]",0.0,0.004183522425591946,0.033157993108034134
53908,4,54,0.11726899445056915,-0.21141661703586578,-0.2062664031982422,0.32868561148643494,0.32659149169921875,0.41272807121276855,1.062564492225647,True,0.5150213837623596,0.8607504367828369,0.31751367449760437,0.31717801094055176,0.317849338054657,3.491709503578022e-05,0.0555555559694767,-0.14102764427661896,-2.6490953430879927e-08,0.8010764122009277,nnknn_target_value_model,0,0,19,22,0,19,18,25,0,32,36,0.75,2,4,nnknn,497,nnknn,480,"[176, 151, 170]",0.0,0.004233608487993479,0.03365783765912056
54008,4,100,0.5769297480583191,-0.04815910756587982,-0.042553920298814774,0.6250888705253601,,,,False,0.5605190992355347,0.8772523403167725,0.31653833389282227,0.31591132283210754,0.317165344953537,3.544172432157211e-05,0.07000000029802322,0.3112650215625763,1.847744002247964e-08,1.253364086151123,nnknn_target_value_model,0,0,66,20,43,66,55,50,0,38,45,1.75,3,4,nnknn,500,nnknn,485,"[176, 152, 172]",0.0,0.004197617992758751,0.03415783494710922
54138,4,130,0.3718876242637634,-0.07623915374279022,-0.0707833543419838,0.44812676310539246,0.4449687898159027,0.44159722328186035,0.9977608323097229,True,0.545580267906189,0.8713628053665161,0.3150816559791565,0.3142646551132202,0.3158986568450928,3.5150758776580915e-05,0.07692307978868484,0.43020597100257874,5.5019672373646245e-08,1.3620120286941528,nnknn_target_value_model,0,0,95,19,76,95,65,0,25,47,65,2.5,3,4,nnknn,500,nnknn,500,"[182, 146, 172]",0.0,0.004208451136946678,0.033657852560281754
54244,4,106,-0.025112122297286987,-0.23182789981365204,-0.22677716612815857,0.20671577751636505,,,,False,0.505073070526123,0.8566484451293945,0.3135869801044464,0.31292200088500977,0.31425198912620544,3.4949975088238716e-05,0.07547169923782349,0.1982540637254715,1.574462338282956e-08,1.1671264171600342,nnknn_target_value_model,0,0,65,75,0,65,37,50,0,56,69,2.0,4,4,nnknn,490,nnknn,487,"[178, 140, 172]",0.0,0.0043759834952652454,0.03415784239768982
54332,4,88,0.19491073489189148,-0.11155620217323303,-0.10621973127126694,0.3064669370651245,,,,False,0.5336471796035767,0.8658933639526367,0.3123583495616913,0.3118073344230652,0.312909334897995,3.6834771890426055e-05,0.06818182021379471,0.13345666229724884,1.6255812695931127e-08,1.0779304504394531,nnknn_target_value_model,0,0,51,17,24,51,31,12,6,53,57,1.5,3,4,nnknn,500,nnknn,500,"[186, 140, 174]",0.0,0.004237514920532703,0.03386668115854263
54376,4,44,0.29922163486480713,-0.2140028476715088,-0.20937579870224,0.5132244825363159,0.5124870538711548,0.26264452934265137,1.1051088571548462,True,0.4627051055431366,0.8330585360527039,0.31152233481407166,0.3112500011920929,0.3117946684360504,3.538306918926537e-05,0.04545454680919647,-0.2701508104801178,1.4901161193847656e-08,0.746623158454895,nnknn_target_value_model,0,0,16,25,0,16,9,25,0,37,35,0.5,1,4,nnknn,491,nnknn,484,"[180, 137, 174]",0.0,0.004302776884287596,0.033366765826940536
54528,4,152,0.5200713276863098,-0.07854805886745453,-0.07277201861143112,0.5986194014549255,,,,False,0.5776042342185974,0.8822153210639954,0.31028100848197937,0.3093246519565582,0.3112373352050781,3.5491830203682184e-05,0.07894736528396606,0.5086107850074768,-9.411259327407606e-09,1.4045095443725586,nnknn_target_value_model,0,0,120,25,86,120,83,9,58,65,69,3.0,4,4,nnknn,500,nnknn,500,"[185, 140, 175]",0.0,0.004220390692353249,0.03386673331260681
54584,4,56,-0.05568477511405945,-0.3534936308860779,-0.3479974865913391,0.29780885577201843,0.2937442362308502,0.40478479862213135,0.9890925884246826,True,0.5496150851249695,0.8666936159133911,0.3089636564254761,0.3086153268814087,0.30931198596954346,3.493500844342634e-05,0.0535714328289032,-0.13326939940452576,2.1287374085687816e-09,0.785287082195282,nnknn_target_value_model,0,0,23,6,17,23,26,50,0,31,30,0.75,2,4,nnknn,500,nnknn,476,"[188, 139, 173]",0.0,0.0042417156510055065,0.033366795629262924
54648,4,64,0.09654049575328827,-0.11687679588794708,-0.11293007433414459,0.21341729164123535,,,,False,0.39467182755470276,0.8016915917396545,0.30820366740226746,0.307804673910141,0.3086026608943939,3.503037441987544e-05,0.0625,-0.10841039568185806,5.587935447692871e-09,0.8724602460861206,nnknn_target_value_model,0,0,27,14,13,27,17,0,0,44,47,1.0,3,4,nnknn,500,nnknn,493,"[187, 139, 174]",0.0,0.004217213485389948,0.03286704793572426
54702,4,54,0.07941640168428421,-0.09633106738328934,-0.09183404594659805,0.17574746906757355,,,,False,0.4497022032737732,0.8265238404273987,0.3074563443660736,0.307120680809021,0.3077920079231262,3.4667584259295836e-05,0.0555555559694767,-0.2302764654159546,-1.655684656043377e-08,0.6645249724388123,nnknn_target_value_model,0,0,14,8,6,14,11,25,0,38,43,0.75,3,4,nnknn,500,nnknn,479,"[190, 136, 174]",0.0,0.0041776904836297035,0.032368406653404236
54788,4,86,0.02308879792690277,-0.21215590834617615,-0.20751145482063293,0.23524470627307892,0.2348565310239792,0.4867017865180969,0.9437023401260376,True,0.4644457697868347,0.8336668610572815,0.3065696656703949,0.30603134632110596,0.3071080148220062,3.444435787969269e-05,0.06976744532585144,0.09751620143651962,1.9406163787039077e-08,1.0121052265167236,nnknn_target_value_model,0,0,39,13,26,39,31,10,0,43,55,1.5,4,4,nnknn,500,nnknn,500,"[188, 137, 175]",0.0,0.004205998498946428,0.032868392765522
54906,4,118,0.19599568843841553,-0.10761649161577225,-0.10317588597536087,0.3036121726036072,,,,False,0.44406089186668396,0.821845531463623,0.30527767539024353,0.3045366704463959,0.3060186803340912,3.5246088373241946e-05,0.0762711837887764,0.2622872591018677,3.434843875993465e-08,1.2368005514144897,nnknn_target_value_model,0,0,76,25,51,76,34,50,0,69,84,2.25,4,4,nnknn,500,nnknn,484,"[181, 143, 176]",0.0,0.004243582487106323,0.0333683155477047
55022,4,116,0.011956632137298584,-0.3187207579612732,-0.3136700689792633,0.3306773900985718,0.330081969499588,0.44292521476745605,0.9629848003387451,True,0.5050681829452515,0.8466299772262573,0.30379563570022583,0.30306732654571533,0.3045240044593811,3.6021552659804e-05,0.07758620381355286,0.2983275353908539,1.1304329028405391e-08,1.2243554592132568,nnknn_target_value_model,0,0,83,14,69,83,51,50,0,53,65,2.25,4,4,nnknn,500,nnknn,485,"[185, 144, 171]",0.0,0.004293152131140232,0.03286835178732872
55120,4,98,0.1771671324968338,-0.09039400517940521,-0.08490455150604248,0.267561137676239,,,,False,0.5489450693130493,0.8632392883300781,0.3024403154850006,0.30182600021362305,0.30305466055870056,3.627698970376514e-05,0.0714285671710968,0.23713310062885284,5.7171799738853224e-08,1.1178425550460815,nnknn_target_value_model,0,0,67,16,51,67,51,0,11,49,47,1.75,3,4,nnknn,500,nnknn,500,"[181, 146, 173]",0.0,0.004329130984842777,0.033368293195962906
55228,4,108,0.35873574018478394,-0.08700710535049438,-0.08143126219511032,0.4457428455352783,,,,False,0.5575841069221497,0.8665931224822998,0.3011356592178345,0.30045801401138306,0.3018133342266083,3.7076293665450066e-05,0.07407407462596893,0.34940001368522644,1.0486002288701002e-08,1.2764151096343994,nnknn_target_value_model,0,0,72,75,0,72,50,22,28,55,58,2.0,3,4,nnknn,497,nnknn,500,"[181, 142, 174]",0.0,0.004383840132504702,0.03386817127466202
55382,4,154,0.34018248319625854,-0.07608146220445633,-0.07055024057626724,0.4162639379501343,0.4106762707233429,0.5014410018920898,1.0317723751068115,True,0.5531232357025146,0.8641988635063171,0.29947635531425476,0.29850733280181885,0.3004453480243683,3.756083606276661e-05,0.07792207598686218,0.44627657532691956,3.870431442010158e-08,1.396303415298462,nnknn_target_value_model,0,0,116,125,0,116,83,100,0,46,71,3.0,4,4,nnknn,488,nnknn,483,"[177, 139, 172]",0.0,0.004466685000807047,0.03357977420091629
55448,4,66,0.2722598910331726,-0.1783088892698288,-0.1734689474105835,0.4505687952041626,,,,False,0.4839935898780823,0.8373479843139648,0.29808300733566284,0.2976713478565216,0.2984946668148041,3.8147067243698984e-05,0.06060606241226196,-0.01856778934597969,1.4449611285272113e-08,1.0072146654129028,nnknn_target_value_model,0,0,31,8,11,31,24,2,5,46,42,1.0,2,4,nnknn,500,nnknn,500,"[186, 140, 174]",0.0,0.004333965014666319,0.03329019248485565
55502,4,54,0.2456071376800537,-0.08699033409357071,-0.0837419405579567,0.3325974643230438,0.33194634318351746,0.3581857681274414,1.118708848953247,True,0.3248395323753357,0.7703655362129211,0.2973230183124542,0.2969873249530792,0.29765865206718445,3.698112413985655e-05,0.0555555559694767,-0.2943248152732849,2.6490953430879927e-08,0.7159132361412048,nnknn_target_value_model,0,0,15,9,6,15,9,24,0,32,45,0.75,3,4,nnknn,500,nnknn,485,"[187, 142, 171]",0.0,0.004308342933654785,0.032790206372737885
55566,4,64,0.19831328094005585,-0.15567071735858917,-0.15186244249343872,0.353983998298645,,,,False,0.38082799315452576,0.7911522388458252,0.296575665473938,0.2961766719818115,0.29697465896606445,3.645035394583829e-05,0.0625,-0.03610236942768097,-2.0489096641540527e-08,0.9844909906387329,nnknn_target_value_model,0,0,32,11,21,32,23,25,0,42,41,1.0,2,4,nnknn,500,nnknn,483,"[190, 142, 168]",0.0,0.0042483569122850895,0.03229021281003952
55610,4,44,-0.00735589861869812,-0.2924509048461914,-0.2875956892967224,0.2850950062274933,,,,False,0.48552244901657104,0.8370656371116638,0.295891672372818,0.29561933875083923,0.29616400599479675,3.566803934518248e-05,0.04545454680919647,-0.3488593101501465,1.4901161193847656e-08,0.5765174627304077,nnknn_target_value_model,0,0,10,8,2,10,17,0,0,29,27,0.5,2,4,nnknn,500,nnknn,500,"[192, 142, 166]",0.0,0.004268537741154432,0.0327901616692543
55726,4,116,0.2874894142150879,0.009090874344110489,0.013752561062574387,0.2783985435962677,0.27846255898475647,0.48789042234420776,1.0066736936569214,True,0.4661690294742584,0.8225555419921875,0.2948783338069916,0.2941499948501587,0.29560667276382446,3.576241579139605e-05,0.07758620381355286,0.2426820993423462,-1.747032740695431e-08,1.2316384315490723,nnknn_target_value_model,0,0,77,23,54,77,42,50,0,62,74,2.25,4,4,nnknn,500,nnknn,492,"[183, 149, 168]",0.0,0.004255261737853289,0.03329012542963028
55824,4,98,0.0813542902469635,-0.20301368832588196,-0.19776631891727448,0.28436797857284546,,,,False,0.5247377157211304,0.8482828736305237,0.29352298378944397,0.2929086685180664,0.2941373288631439,3.569983891793527e-05,0.0714285671710968,0.20426714420318604,0.0,1.148886799812317,nnknn_target_value_model,0,0,64,75,0,64,43,50,0,51,55,1.75,3,4,nnknn,489,nnknn,485,"[173, 147, 169]",0.0,0.004422497469931841,0.03379012271761894
55858,4,34,0.6512992978096008,-0.0004568682052195072,0.002434968948364258,0.6517561674118042,0.6445832848548889,0.33677202463150024,1.1418591737747192,True,0.2891840934753418,0.7466782331466675,0.29268699884414673,0.2924779951572418,0.29289600253105164,3.711632962222211e-05,0.029411764815449715,-0.6174878478050232,1.1570313773745511e-07,0.45013001561164856,nnknn_target_value_model,0,0,5,0,0,5,10,0,0,20,24,0.25,1,4,nnknn,494,nnknn,495,"[174, 149, 171]",-0.0004999986267648637,0.004330718424171209,0.03428996726870537
55948,4,90,0.12805123627185822,-0.1568268984556198,-0.15045765042304993,0.284878134727478,,,,False,0.6369255185127258,0.893756628036499,0.29190167784690857,0.2913379967212677,0.29246532917022705,3.637747431639582e-05,0.06666667014360428,0.1742667257785797,2.6490953874969136e-09,0.974990725517273,nnknn_target_value_model,0,0,52,50,0,52,54,17,32,32,36,1.5,3,4,nnknn,496,nnknn,500,"[170, 152, 174]",0.0,0.004316297359764576,0.034751832485198975
56066,4,118,0.11918261647224426,-0.18916243314743042,-0.184600368142128,0.3083450496196747,,,,False,0.45620644092559814,0.8157568573951721,0.2905843257904053,0.2898433208465576,0.29132533073425293,3.654737156466581e-05,0.0762711837887764,0.26582884788513184,4.24304253954233e-08,1.2436864376068115,nnknn_target_value_model,0,0,83,9,70,83,46,50,0,63,72,2.25,4,4,nnknn,500,nnknn,496,"[173, 153, 174]",0.0,0.0043271854519844055,0.034460052847862244
56232,4,166,0.40180516242980957,-0.06521435081958771,-0.05991796404123306,0.4670194983482361,0.45983925461769104,0.5077782869338989,0.953557014465332,True,0.5296388268470764,0.8475152850151062,0.2887856662273407,0.28774067759513855,0.28983065485954285,3.6764944525202736e-05,0.07831324636936188,0.4790417551994324,8.330287215585486e-08,1.3950555324554443,nnknn_target_value_model,0,0,128,20,108,128,82,0,53,70,84,3.25,4,4,nnknn,500,nnknn,500,"[177, 151, 172]",0.0,0.004340590909123421,0.034170277416706085
56362,4,130,0.1098601222038269,-0.19403281807899475,-0.18898749351501465,0.30389294028282166,,,,False,0.5045328140258789,0.8343487977981567,0.2869110107421875,0.2860940098762512,0.2877280116081238,3.695212581078522e-05,0.07692307978868484,0.32595497369766235,2.9343825147520874e-08,1.3003721237182617,nnknn_target_value_model,0,0,87,20,67,87,58,75,0,61,72,2.5,4,4,nnknn,500,nnknn,483,"[181, 151, 168]",0.0,0.004327686037868261,0.03467018902301788
56428,4,66,0.2747275233268738,0.005448594689369202,0.009800398722290993,0.2692789137363434,0.27061641216278076,0.26745498180389404,0.9728094339370728,True,0.43518078327178955,0.8034113049507141,0.2856696844100952,0.2852579951286316,0.28608134388923645,3.689299774123356e-05,0.06060606241226196,-0.07982046157121658,-1.4449611285272113e-08,0.8149332404136658,nnknn_target_value_model,0,0,25,11,14,25,28,2,9,25,38,1.0,3,4,nnknn,500,nnknn,500,"[182, 151, 167]",0.0,0.004295865539461374,0.03417019173502922
56558,4,130,0.18666723370552063,-0.07840099930763245,-0.07327880710363388,0.2650682330131531,,,,False,0.5122191905975342,0.8345142006874084,0.28442835807800293,0.28361132740974426,0.2852453291416168,3.6942485166946426e-05,0.07692307978868484,0.2886730134487152,3.667978276666872e-08,1.277353286743164,nnknn_target_value_model,0,0,89,26,63,89,38,50,0,75,92,2.5,4,4,nnknn,500,nnknn,488,"[183, 148, 169]",0.0,0.004290948621928692,0.033881448209285736
56666,4,108,0.32797789573669434,-0.08715033531188965,-0.08122281730175018,0.415128231048584,,,,False,0.5927517414093018,0.8699579834938049,0.2829210162162781,0.2822433412075043,0.2835986614227295,3.686786658363417e-05,0.07407407462596893,0.31970712542533875,2.1523899107478428e-08,1.285064458847046,nnknn_target_value_model,0,0,77,19,58,77,49,50,0,45,59,2.0,3,4,nnknn,500,nnknn,487,"[182, 147, 171]",0.0,0.004273969680070877,0.033593740314245224
56788,4,122,0.5731506943702698,-0.11709820479154587,-0.11191359162330627,0.6902489066123962,0.6849202513694763,0.059306561946868896,1.0710712671279907,True,0.518461287021637,0.8368931412696838,0.2814643085002899,0.2806980013847351,0.2822306752204895,3.667825149022974e-05,0.07377048581838608,0.4126816689968109,4.9833388970910164e-08,1.4021987915039062,nnknn_target_value_model,0,0,86,100,0,86,68,75,0,50,54,2.25,3,4,nnknn,486,nnknn,480,"[177, 143, 166]",0.0,0.004448798485100269,0.03330707550048828
56854,4,66,0.30985724925994873,-0.15114758908748627,-0.1467260867357254,0.4610048532485962,,,,False,0.44215062260627747,0.801051676273346,0.2802736759185791,0.2798619866371155,0.28068533539772034,3.8320715248119086e-05,0.06060606241226196,-0.009913786314427853,1.4449611285272113e-08,0.9956039786338806,nnknn_target_value_model,0,0,32,8,10,32,13,0,0,49,53,1.0,2,4,nnknn,500,nnknn,493,"[183, 144, 173]",0.0,0.004354196600615978,0.033807072788476944
57028,4,174,0.5889154672622681,-0.0759337767958641,-0.07031439244747162,0.6648492217063904,0.6620997786521912,0.43173474073410034,0.9407688975334167,True,0.5619392991065979,0.8536971211433411,0.2787536680698395,0.27765798568725586,0.2798493206501007,3.7539703043876216e-05,0.08045977354049683,0.6405851244926453,-6.988130962781725e-08,1.5206198692321777,nnknn_target_value_model,0,0,154,27,127,154,112,125,0,54,62,3.5,3,4,nnknn,500,nnknn,480,"[188, 143, 169]",0.0,0.004354505334049463,0.03331427276134491
57114,4,86,0.1418839395046234,-0.09784357994794846,-0.09213823825120926,0.23972751200199127,,,,False,0.5705348253250122,0.8546542525291443,0.27710700035095215,0.2765686810016632,0.2776453197002411,3.779202597797848e-05,0.06976744532585144,0.17674022912979126,-4.227771199794006e-08,1.059159517288208,nnknn_target_value_model,0,0,49,18,31,49,35,0,0,50,51,1.5,3,4,nnknn,500,nnknn,491,"[185, 144, 171]",0.0,0.004403445404022932,0.03381425514817238
57168,4,54,0.15796199440956116,-0.23581400513648987,-0.23121650516986847,0.393775999546051,,,,False,0.4597504138946533,0.8001760840415955,0.27622032165527344,0.2758846580982208,0.27655598521232605,3.847424886771478e-05,0.0555555559694767,-0.21855668723583221,3.200990050800101e-08,0.8311874866485596,nnknn_target_value_model,0,0,20,11,9,20,14,9,0,35,40,0.75,2,4,nnknn,500,nnknn,496,"[183, 145, 172]",0.0,0.004392612725496292,0.034314241260290146
57244,4,76,0.3555848002433777,-0.03307723253965378,-0.028299180790781975,0.38866204023361206,0.3837907314300537,0.2149193286895752,1.1308108568191528,True,0.47780558466911316,0.8106781840324402,0.27539700269699097,0.2749220132827759,0.27587199211120605,3.8346574001479894e-05,0.06578947603702545,0.02201019786298275,-1.3332617676553582e-08,1.0549266338348389,nnknn_target_value_model,0,0,45,12,33,45,25,12,9,41,51,1.25,3,4,nnknn,500,nnknn,500,"[188, 142, 170]",0.0,0.004388779867440462,0.03381436690688133
57384,4,140,0.18623200058937073,-0.23208355903625488,-0.22710362076759338,0.4183155596256256,,,,False,0.4979943335056305,0.8196315169334412,0.2740289866924286,0.27314865589141846,0.2749093472957611,3.826677129836753e-05,0.07857143133878708,0.39552542567253113,-4.427773703241655e-08,1.368586540222168,nnknn_target_value_model,0,0,100,9,91,100,57,13,44,70,83,2.75,4,4,nnknn,500,nnknn,500,"[180, 147, 173]",0.0,0.004427285399287939,0.03352690115571022
57470,4,86,0.09798386693000793,-0.1584567129611969,-0.15365037322044373,0.25644057989120483,0.2560714781284332,0.5349714756011963,1.0458950996398926,True,0.4806346297264099,0.8088465929031372,0.27259767055511475,0.2720593214035034,0.2731359899044037,3.843621743726544e-05,0.06976744532585144,0.1301889568567276,4.158463440262494e-08,1.101185917854309,nnknn_target_value_model,0,0,46,10,36,46,24,11,13,56,62,1.5,3,4,nnknn,500,nnknn,500,"[180, 144, 176]",0.0,0.004407589323818684,0.034026872366666794
57586,4,116,0.21738289296627045,-0.11422877013683319,-0.10925671458244324,0.33161166310310364,,,,False,0.49720650911331177,0.817574143409729,0.27131831645965576,0.27059000730514526,0.27204665541648865,3.823106817435473e-05,0.07758620381355286,0.2852165997028351,-1.644266056644028e-08,1.2499439716339111,nnknn_target_value_model,0,0,80,100,0,80,48,21,27,56,68,2.25,4,4,nnknn,480,nnknn,500,"[173, 139, 168]",0.0,0.004603466484695673,0.0335269570350647
57662,4,76,0.08266612887382507,-0.16543465852737427,-0.16030241549015045,0.24810078740119934,,,,False,0.5132244825363159,0.8249030113220215,0.270102322101593,0.26962733268737793,0.2705773413181305,4.0182807424571365e-05,0.06578947603702545,0.013727226294577122,-1.2548346361995755e-08,0.9490847587585449,nnknn_target_value_model,0,0,36,4,12,36,25,6,19,54,51,1.25,3,4,nnknn,500,nnknn,500,"[178, 149, 173]",0.0,0.004438405390828848,0.034026939421892166
57768,4,106,0.19186724722385406,-0.04745091125369072,-0.0425737127661705,0.23931816220283508,0.23950029909610748,0.5026276111602783,1.0583704710006714,True,0.4877202808856964,0.811973512172699,0.2689496576786041,0.2682846784591675,0.26961466670036316,3.884505349560641e-05,0.07547169923782349,0.18973854184150696,-5.623079779581985e-09,1.165239691734314,nnknn_target_value_model,0,0,66,25,41,66,45,50,0,59,61,2.0,4,4,nnknn,500,nnknn,495,"[178, 149, 173]",0.0,0.004432988818734884,0.03452693298459053
57876,4,108,0.06631182134151459,-0.1317627876996994,-0.12694603204727173,0.198074609041214,,,,False,0.4816751778125763,0.8069881796836853,0.2675943374633789,0.2669166624546051,0.2682720124721527,3.921694587916136e-05,0.07407407462596893,0.13663417100906372,9.934107758624577e-09,1.1961158514022827,nnknn_target_value_model,0,0,66,17,49,66,36,50,0,60,72,2.0,4,4,nnknn,500,nnknn,481,"[177, 148, 175]",0.0,0.004418691620230675,0.035026922821998596
57940,4,64,0.2274562120437622,-0.1670238971710205,-0.16219881176948547,0.3944801092147827,0.3946183919906616,0.315466046333313,1.1879405975341797,True,0.4825087785720825,0.8064396381378174,0.26650500297546387,0.2661060094833374,0.26690399646759033,3.918621951015666e-05,0.0625,-0.08607087284326553,3.5390257835388184e-08,1.0204235315322876,nnknn_target_value_model,0,0,32,11,21,32,16,0,0,36,48,1.0,2,4,nnknn,500,nnknn,497,"[184, 146, 170]",0.0,0.004394609481096268,0.03473516181111336
58004,4,64,0.0707249641418457,-0.2609185576438904,-0.2568472623825073,0.3316435217857361,,,,False,0.40713101625442505,0.7687121629714966,0.2656943202018738,0.2652953267097473,0.26609334349632263,3.8711321394657716e-05,0.0625,-0.18722213804721832,7.450580596923828e-09,0.9155722856521606,nnknn_target_value_model,0,0,26,17,9,26,12,25,0,49,52,1.0,3,4,nnknn,500,nnknn,484,"[188, 144, 168]",0.0,0.004387602210044861,0.03523514047265053
58048,4,44,0.28684860467910767,-0.2205582857131958,-0.21591304242610931,0.5074068903923035,,,,False,0.4645247161388397,0.8015183806419373,0.26501035690307617,0.264737993478775,0.26528266072273254,3.856077091768384e-05,0.04545454680919647,-0.28828418254852295,2.03197654258247e-08,0.758054256439209,nnknn_target_value_model,0,0,16,25,0,16,22,0,0,22,22,0.5,1,4,nnknn,491,nnknn,481,"[179, 144, 168]",0.0,0.004453027155250311,0.034942660480737686
58180,4,132,0.3824218511581421,-0.11146079003810883,-0.10605733096599579,0.4938826262950897,0.49149543046951294,0.3789593577384949,1.013689398765564,True,0.5403468012809753,0.8322672247886658,0.2638956904411316,0.26306599378585815,0.26472532749176025,3.898715294781141e-05,0.07575757801532745,0.4085269570350647,-4.6961236677134366e-08,1.382472276687622,nnknn_target_value_model,0,0,96,17,70,96,66,18,29,61,66,2.5,3,4,nnknn,500,nnknn,500,"[183, 144, 173]",0.0,0.004404635634273291,0.03544260933995247
58278,4,98,0.2151997983455658,-0.10316330939531326,-0.09820115566253662,0.31836310029029846,,,,False,0.4962161183357239,0.8095673322677612,0.2624390125274658,0.26182466745376587,0.2630533277988434,3.872016895911656e-05,0.0714285671710968,0.19449080526828766,-8.819054819753092e-09,1.1955373287200928,nnknn_target_value_model,0,0,62,18,44,62,32,16,16,53,66,1.75,3,4,nnknn,500,nnknn,500,"[187, 142, 171]",0.0,0.004379870370030403,0.03494266793131828
58408,4,130,0.09320712089538574,-0.18199977278709412,-0.17652775347232819,0.27520689368247986,0.27229827642440796,0.5893594622612,1.0800684690475464,True,0.5472025871276855,0.830742359161377,0.2609950006008148,0.26017799973487854,0.2618120014667511,3.8543963455595076e-05,0.07692307978868484,0.29746896028518677,-4.034776068806423e-08,1.301894187927246,nnknn_target_value_model,0,0,85,26,59,85,45,50,0,70,85,2.5,4,4,nnknn,500,nnknn,495,"[190, 142, 168]",0.0,0.004423899110406637,0.03544265404343605
58462,4,54,0.298261433839798,-0.0585559718310833,-0.05313880369067192,0.3568173944950104,,,,False,0.5417170524597168,0.8306095004081726,0.25982967019081116,0.25949400663375854,0.26016533374786377,3.9075399399735034e-05,0.0555555559694767,-0.36265474557876587,-7.064254248234647e-08,0.7427162528038025,nnknn_target_value_model,0,0,10,16,0,10,22,24,0,31,32,0.75,3,4,nnknn,494,nnknn,493,"[189, 137, 168]",0.0,0.004467496648430824,0.0351494625210762
58558,4,96,0.12137322127819061,-0.12746988236904144,-0.12216334044933319,0.24884310364723206,,,,False,0.5306537747383118,0.8250896334648132,0.2588796615600586,0.2582780122756958,0.2594813406467438,3.970341640524566e-05,0.0729166716337204,0.12124478071928024,-3.1044087300813317e-09,1.1286801099777222,nnknn_target_value_model,0,0,53,16,31,53,46,50,0,35,50,1.75,4,4,nnknn,500,nnknn,489,"[188, 141, 171]",0.0,0.004397829063236713,0.035649459809064865
58632,4,74,0.0823482945561409,-0.044794969260692596,-0.03940678760409355,0.1271432638168335,0.1270301342010498,0.6852512955665588,1.0301848649978638,True,0.5388186573982239,0.8249524235725403,0.2578030228614807,0.257340669631958,0.25826534628868103,3.9090333302738145e-05,0.06756757199764252,-0.07343506067991257,3.060779008023928e-08,0.9021419882774353,nnknn_target_value_model,0,0,23,23,0,23,23,6,6,49,51,1.25,4,4,nnknn,500,nnknn,500,"[184, 141, 175]",0.0,0.004366045352071524,0.03614945709705353
58718,4,86,0.17648303508758545,-0.14616680145263672,-0.14138716459274292,0.32264983654022217,,,,False,0.47796356678009033,0.795312762260437,0.2567896842956543,0.25625133514404297,0.25732800364494324,3.898772411048412e-05,0.06976744532585144,0.08464096486568451,-1.3861544800874981e-08,1.1402027606964111,nnknn_target_value_model,0,0,47,18,29,47,35,12,23,37,51,1.5,3,4,nnknn,500,nnknn,500,"[182, 143, 175]",0.0,0.004316227976232767,0.03564951568841934
58858,4,140,0.28063076734542847,-0.0659102275967598,-0.05975565314292908,0.34654098749160767,0.3457399606704712,0.568906307220459,0.9617805480957031,True,0.6154585480690002,0.8607358336448669,0.25535833835601807,0.25447800755500793,0.2562386691570282,3.8577461964450777e-05,0.07857143133878708,0.4045421779155731,3.5762788286319847e-08,1.3217856884002686,nnknn_target_value_model,0,0,103,27,76,103,65,16,49,67,75,2.75,4,4,nnknn,500,nnknn,500,"[179, 145, 176]",0.0,0.0043348344042897224,0.03514960780739784
58924,4,66,0.7363580465316772,-0.07655724138021469,-0.07107623666524887,0.8129152655601501,,,,False,0.548101007938385,0.8284202218055725,0.25405368208885193,0.2536419928073883,0.25446534156799316,3.8648315239697695e-05,0.06060606241226196,0.15735755860805511,-1.806201410659014e-08,1.1862138509750366,nnknn_target_value_model,0,0,39,13,26,39,37,8,29,28,29,1.0,1,4,nnknn,500,nnknn,500,"[179, 143, 178]",0.0,0.004317352082580328,0.03564960137009621
59012,4,88,0.05378289520740509,-0.22663040459156036,-0.2210141122341156,0.28041329979896545,,,,False,0.5616287589073181,0.8325095176696777,0.2530783414840698,0.2525273263454437,0.25362932682037354,3.8580539694521576e-05,0.06818182021379471,0.09246572852134705,-2.573836965780174e-08,1.0968067646026611,nnknn_target_value_model,0,0,50,19,31,50,28,50,0,53,60,1.5,3,4,nnknn,500,nnknn,478,"[183, 142, 175]",0.0,0.004332117270678282,0.03535570204257965
59110,4,98,0.15355972945690155,-0.15530754625797272,-0.1497238725423813,0.30886727571487427,0.30636271834373474,0.4925694465637207,1.0633465051651,True,0.5583677887916565,0.8305836915969849,0.2519003450870514,0.25128600001335144,0.25251466035842896,3.878470670315437e-05,0.0714285671710968,0.2045581191778183,-3.770906076283609e-08,1.1849716901779175,nnknn_target_value_model,0,0,61,23,38,61,35,0,0,63,63,1.75,3,4,nnknn,500,nnknn,489,"[180, 140, 180]",0.0,0.004371057730168104,0.035855699330568314
59186,4,76,0.10400523245334625,-0.18208818137645721,-0.17641133069992065,0.28609341382980347,,,,False,0.5676844120025635,0.8331125974655151,0.2507983148097992,0.2503233253955841,0.25127333402633667,3.93541413359344e-05,0.06578947603702545,0.013006136752665043,-2.195960568940336e-08,1.0090904235839844,nnknn_target_value_model,0,0,35,20,15,35,28,15,2,42,48,1.25,3,4,nnknn,500,nnknn,500,"[174, 141, 185]",0.0,0.004370113369077444,0.03535570204257965
59252,4,66,0.6349207162857056,-0.06311728060245514,-0.05826124548912048,0.6980379819869995,0.6982594132423401,0.12848186492919922,1.1207454204559326,True,0.48560428619384766,0.7982252240180969,0.2498989999294281,0.24948734045028687,0.25031065940856934,3.906828351318836e-05,0.06060606241226196,0.128250390291214,-9.03100705329507e-09,1.1935112476348877,nnknn_target_value_model,0,0,41,16,25,41,30,50,0,36,36,1.0,1,4,nnknn,500,nnknn,480,"[170, 142, 188]",0.0,0.004358424339443445,0.03506280854344368
59350,4,98,0.1378118395805359,-0.1112179383635521,-0.10519753396511078,0.24902977049350739,,,,False,0.6020408272743225,0.8488536477088928,0.24886032938957214,0.2482459992170334,0.2494746595621109,3.9025449950713664e-05,0.0714285671710968,0.12225189059972763,4.865685188093494e-09,1.0937738418579102,nnknn_target_value_model,0,0,53,18,35,53,41,7,14,52,57,1.75,4,4,nnknn,500,nnknn,500,"[171, 147, 182]",0.0,0.004302372224628925,0.03456281125545502
59456,4,106,0.3070783317089081,-0.12215131521224976,-0.11662609130144119,0.42922964692115784,,,,False,0.5525234937667847,0.82381671667099,0.24756835401058197,0.24690333008766174,0.24823333323001862,3.8477191992569715e-05,0.07547169923782349,0.18828943371772766,-8.434620113462188e-09,1.2781829833984375,nnknn_target_value_model,0,0,67,20,47,67,39,50,0,55,67,2.0,4,4,nnknn,500,nnknn,489,"[168, 150, 182]",0.0,0.004333908203989267,0.03406282514333725
59574,4,118,0.2135595828294754,-0.1393132358789444,-0.13374440371990204,0.3528728187084198,0.3512083888053894,0.5208560228347778,1.038527011871338,True,0.5568830370903015,0.8253626227378845,0.2461496740579605,0.24540866911411285,0.24689066410064697,3.895146801369265e-05,0.0762711837887764,0.3362583816051483,2.5256206015455973e-08,1.3126646280288696,nnknn_target_value_model,0,0,90,18,72,90,38,50,0,72,80,2.25,3,4,nnknn,500,nnknn,477,"[170, 146, 184]",0.0,0.004308242816478014,0.03356284275650978
59726,4,152,0.2132272720336914,-0.06641048938035965,-0.06065402552485466,0.27963775396347046,,,,False,0.5756470561027527,0.833962082862854,0.24443967640399933,0.24348333477973938,0.24539600312709808,3.8602280255872756e-05,0.07894736528396606,0.3742969334125519,6.274173180997877e-09,1.383173942565918,nnknn_target_value_model,0,0,112,21,91,112,51,7,21,75,101,3.0,4,4,nnknn,500,nnknn,500,"[163, 151, 186]",0.0,0.004310093354433775,0.03406281769275665
59832,4,106,0.13682332634925842,-0.10034110397100449,-0.0950138196349144,0.2371644228696823,0.23718303442001343,0.5915905237197876,1.1241472959518433,True,0.5327293276786804,0.8117280006408691,0.24280565977096558,0.24214066565036774,0.2434706687927246,3.903207471012138e-05,0.07547169923782349,0.21569716930389404,-1.124615955916397e-08,1.2286584377288818,nnknn_target_value_model,0,0,56,21,35,56,52,75,0,47,54,2.0,4,4,nnknn,500,nnknn,477,"[163, 153, 184]",0.0,0.0043132854625582695,0.03456281125545502
59888,4,56,0.42295312881469727,-0.009068998508155346,-0.0028166091069579124,0.4320221245288849,,,,False,0.6252393126487732,0.8533144593238831,0.24177968502044678,0.2414313405752182,0.24212799966335297,3.930199454771355e-05,0.0535714328289032,-0.16995519399642944,3.299543038792763e-08,0.7594044804573059,nnknn_target_value_model,0,0,21,13,8,21,22,0,0,32,34,0.75,2,4,nnknn,500,nnknn,499,"[159, 157, 184]",0.0,0.004285962786525488,0.03406281769275665
59942,4,54,0.22489261627197266,-0.11543449014425278,-0.1104525625705719,0.34032711386680603,,,,False,0.4981933832168579,0.7900465726852417,0.24108301103115082,0.240747332572937,0.24141865968704224,3.89152774005197e-05,0.0555555559694767,-0.34336522221565247,1.1700171143047555e-07,0.7298268675804138,nnknn_target_value_model,0,0,11,9,2,11,11,25,0,41,43,0.75,3,4,nnknn,500,nnknn,485,"[162, 155, 183]",0.0,0.004284628201276064,0.03456278145313263
60008,4,66,0.3152514100074768,-0.07521262764930725,-0.06950432807207108,0.39046403765678406,0.3886258602142334,0.3968488574028015,1.0419729948043823,True,0.5708309412002563,0.8269736766815186,0.240323007106781,0.23991133272647858,0.24073466658592224,3.9156468119472265e-05,0.06060606241226196,0.015816109254956245,7.224805642636056e-09,1.0138342380523682,nnknn_target_value_model,0,0,30,24,6,30,19,25,0,44,47,1.0,2,4,nnknn,500,nnknn,479,"[157, 154, 189]",0.0,0.004295350983738899,0.035062775015830994
60126,4,118,0.17595188319683075,-0.05528988316655159,-0.04884878173470497,0.23124176263809204,,,,False,0.6441107392311096,0.8625838160514832,0.23915766179561615,0.2384166717529297,0.2398986667394638,3.9530114008812234e-05,0.0762711837887764,0.281228244304657,-1.9699839981512923e-08,1.206939935684204,nnknn_target_value_model,0,0,76,17,59,76,46,0,1,62,72,2.25,4,4,nnknn,500,nnknn,500,"[153, 159, 188]",0.0,0.004299241118133068,0.03456278145313263
60200,4,74,-0.01752845197916031,-0.09871344268321991,-0.09303166717290878,0.0811849907040596,0.08074822276830673,0.7941052317619324,0.9740156531333923,True,0.5681782364845276,0.8237360715866089,0.2379416674375534,0.2374793291091919,0.23840400576591492,3.9139857108239084e-05,0.06756757199764252,-0.04359183460474014,-8.860149947054197e-09,0.8717697858810425,nnknn_target_value_model,0,0,20,20,0,20,25,11,14,48,49,1.25,4,4,nnknn,500,nnknn,500,"[156, 154, 190]",0.0,0.004310711286962032,0.035062771290540695
60328,4,128,0.5293329358100891,0.036672238260507584,0.04185943678021431,0.49266067147254944,,,,False,0.5187200903892517,0.7987762689590454,0.23666232824325562,0.2358579933643341,0.23746666312217712,3.939177986467257e-05,0.078125,0.3483757972717285,1.862645149230957e-08,1.4013911485671997,nnknn_target_value_model,0,0,89,21,68,89,68,21,47,44,60,2.5,4,4,nnknn,500,nnknn,500,"[158, 161, 181]",0.0,0.004338037688285112,0.03456278517842293
60404,4,76,0.023214757442474365,-0.18820789456367493,-0.18272413313388824,0.2114226520061493,,,,False,0.5483765602111816,0.811225175857544,0.23537033796310425,0.23489533364772797,0.23584532737731934,3.9911548810778186e-05,0.06578947603702545,-0.04317539185285568,6.274173180997877e-09,1.0042943954467773,nnknn_target_value_model,0,0,33,16,17,33,22,9,13,51,54,1.25,3,4,nnknn,500,nnknn,500,"[167, 157, 176]",0.0,0.004346894565969706,0.03506277874112129
60468,4,64,0.2931048572063446,0.017321646213531494,0.02242763340473175,0.2757832109928131,0.2762256860733032,0.4452773928642273,1.1061031818389893,True,0.5105990767478943,0.7914910912513733,0.23448367416858673,0.23408466577529907,0.2348826676607132,4.000460103270598e-05,0.0625,-0.15135402977466583,-1.1175870895385742e-08,0.8755512237548828,nnknn_target_value_model,0,0,19,11,8,19,14,25,0,45,50,1.0,3,4,nnknn,500,nnknn,489,"[168, 155, 177]",0.0,0.004365734290331602,0.03556276857852936
60576,4,108,0.3133453130722046,-0.09177242964506149,-0.08653386682271957,0.4051177501678467,,,,False,0.5238569378852844,0.7956613898277283,0.2333943396806717,0.2327166646718979,0.2340719997882843,3.992973142885603e-05,0.07407407462596893,0.3063117563724518,1.8764424680739467e-08,1.2517168521881104,nnknn_target_value_model,0,0,76,18,58,76,42,50,0,59,66,2.0,3,4,nnknn,500,nnknn,481,"[162, 156, 182]",0.0,0.004359198734164238,0.03526916727423668
60632,4,56,0.5271443724632263,-0.06018818914890289,-0.05485844984650612,0.587332546710968,0.5874030590057373,0.21909403800964355,1.1268730163574219,True,0.5329744219779968,0.7989014387130737,0.23235566914081573,0.23200733959674835,0.23270399868488312,3.970660691265948e-05,0.0535714328289032,-0.0758865475654602,-3.193106223875475e-09,0.989143431186676,nnknn_target_value_model,0,0,26,29,0,26,19,0,0,33,37,0.75,1,4,nnknn,497,nnknn,500,"[158, 156, 183]",0.0,0.00437518022954464,0.03576916083693504
60718,4,86,0.29867082834243774,-0.14672796428203583,-0.1412556916475296,0.44539880752563477,,,,False,0.5472268462181091,0.8071098923683167,0.23145630955696106,0.2309180051088333,0.23199467360973358,3.984118302469142e-05,0.06976744532585144,0.2356589138507843,-9.703081893519538e-09,1.185882806777954,nnknn_target_value_model,0,0,58,18,37,58,31,50,0,52,55,1.5,2,4,nnknn,500,nnknn,481,"[155, 159, 186]",0.0,0.004332476761192083,0.03626915439963341
60818,4,100,0.21927645802497864,-0.11218876391649246,-0.10702408850193024,0.3314652144908905,,,,False,0.5164681673049927,0.7919428944587708,0.23027831315994263,0.2296513319015503,0.23090533912181854,3.960100730182603e-05,0.07000000029802322,0.14157137274742126,-1.19209286886246e-09,1.1992652416229248,nnknn_target_value_model,0,0,58,16,42,58,44,8,17,55,56,1.75,3,4,nnknn,500,nnknn,500,"[153, 161, 186]",0.0,0.004353448748588562,0.03676915168762207
60892,4,74,0.1337975561618805,-0.12754565477371216,-0.12286020070314407,0.26134321093559265,0.26006489992141724,0.47976499795913696,1.15543532371521,True,0.46854618191719055,0.7634027004241943,0.2291763424873352,0.2287140041589737,0.22963866591453552,3.981024929089472e-05,0.06756757199764252,-0.05115336924791336,-1.4498427347575671e-08,1.0256232023239136,nnknn_target_value_model,0,0,35,23,12,35,28,50,0,34,46,1.25,3,4,nnknn,500,nnknn,478,"[154, 158, 188]",0.0,0.004388796631246805,0.0362691804766655
61032,4,140,0.34327128529548645,-0.1986398994922638,-0.19298133254051208,0.5419111847877502,,,,False,0.5658570528030396,0.8176578283309937,0.2278209924697876,0.22694066166877747,0.22870133817195892,4.015499143861234e-05,0.07857143133878708,0.4751906394958496,-4.7683716530855236e-08,1.4217166900634766,nnknn_target_value_model,0,0,110,23,87,110,81,7,52,58,59,2.75,3,4,nnknn,500,nnknn,500,"[157, 161, 182]",0.0,0.004395398311316967,0.03676917403936386
61108,4,76,0.2602407932281494,-0.09876475483179092,-0.09369762241840363,0.35900554060935974,0.35750845074653625,0.4390372633934021,1.1678926944732666,True,0.5067137479782104,0.7813912034034729,0.22645297646522522,0.22597800195217133,0.2269279956817627,4.029052797704935e-05,0.06578947603702545,0.04969702288508415,-2.195960568940336e-08,1.1357965469360352,nnknn_target_value_model,0,0,43,15,28,43,17,25,0,46,59,1.25,2,4,nnknn,500,nnknn,492,"[161, 159, 180]",0.0,0.004367380868643522,0.037269171327352524
61258,4,150,0.38045695424079895,-0.1160898432135582,-0.11025307327508926,0.49654680490493774,,,,False,0.5836775302886963,0.8240786790847778,0.22502167522907257,0.2240779995918274,0.22596533596515656,3.9874572394182906e-05,0.07999999821186066,0.47568970918655396,6.357828929992593e-09,1.4061448574066162,nnknn_target_value_model,0,0,113,24,89,113,74,75,0,69,76,3.0,4,4,nnknn,500,nnknn,491,"[157, 162, 181]",0.0,0.004361859522759914,0.03776916489005089
61366,4,108,0.29769790172576904,-0.08987118303775787,-0.08390353620052338,0.3875690698623657,,,,False,0.5967655777931213,0.8290964365005493,0.2233876883983612,0.2227099984884262,0.22406533360481262,3.9861926779849455e-05,0.07407407462596893,0.322407066822052,-8.940696716308594e-08,1.2772839069366455,nnknn_target_value_model,0,0,76,22,54,76,62,75,0,41,46,2.0,3,4,nnknn,500,nnknn,478,"[156, 169, 175]",0.0,0.004360468126833439,0.037269167602062225
61506,4,140,0.1740548461675644,-0.1332971304655075,-0.12781748175621033,0.3073519766330719,0.30633223056793213,0.5399604439735413,1.1380640268325806,True,0.5479652881622314,0.7997335195541382,0.2218169867992401,0.22093667089939117,0.22269733250141144,3.944372292608023e-05,0.07857143133878708,0.3502180576324463,-1.7029899268550253e-08,1.3691056966781616,nnknn_target_value_model,0,0,101,30,71,101,58,50,0,72,82,2.75,4,4,nnknn,500,nnknn,486,"[158, 170, 172]",0.0,0.004350654315203428,0.03676917403936386
61592,4,86,0.18044771254062653,-0.14722536504268646,-0.1406443864107132,0.327673077583313,,,,False,0.6580975651741028,0.8573635220527649,0.22038565576076508,0.21984733641147614,0.2209240049123764,3.892923996318132e-05,0.06976744532585144,0.16680599749088287,1.5247699991505215e-08,1.1591830253601074,nnknn_target_value_model,0,0,47,14,33,47,43,1,28,35,43,1.5,3,4,nnknn,500,nnknn,500,"[156, 171, 173]",0.0,0.004357759840786457,0.0362691767513752
61690,4,98,0.17091502249240875,-0.13174985349178314,-0.12702451646327972,0.3026648759841919,0.3014947772026062,0.34158873558044434,1.2609944343566895,True,0.4725331664085388,0.7568051218986511,0.2192203253507614,0.21860599517822266,0.21983467042446136,3.908919097739272e-05,0.0714285671710968,0.047318313270807266,-1.4597056008369691e-08,1.171940565109253,nnknn_target_value_model,0,0,58,18,40,58,44,50,0,47,54,1.75,4,4,nnknn,500,nnknn,494,"[157, 169, 174]",0.0,0.004406410735100508,0.03576918691396713
61746,4,56,0.3656427264213562,-0.22981847822666168,-0.22503605484962463,0.5954611897468567,,,,False,0.4782429039478302,0.7619666457176208,0.2182449996471405,0.21789667010307312,0.21859332919120789,3.939765883842483e-05,0.0535714328289032,-0.08270754665136337,-5.3218434103996515e-09,0.9986672401428223,nnknn_target_value_model,0,0,26,20,6,26,20,25,0,30,36,0.75,1,4,nnknn,500,nnknn,489,"[155, 171, 174]",0.0,0.004410313908010721,0.035474881529808044
61832,4,86,0.1791020929813385,-0.05660862848162651,-0.05189773067831993,0.2357107251882553,,,,False,0.47109025716781616,0.7575045824050903,0.21734565496444702,0.21680733561515808,0.21788400411605835,3.913521868526004e-05,0.06976744532585144,0.003736216574907303,6.9307724004374904e-09,1.0507338047027588,nnknn_target_value_model,0,0,33,23,10,33,30,25,0,50,56,1.5,4,4,nnknn,500,nnknn,494,"[158, 163, 179]",0.0,0.004411524161696434,0.03597487509250641
61940,4,108,0.1004495620727539,-0.09096838533878326,-0.08558749407529831,0.19141794741153717,0.19090691208839417,0.6091300249099731,1.0521639585494995,True,0.5380900502204895,0.7899272441864014,0.2161170095205307,0.2154393345117569,0.2167946696281433,3.9728267438476905e-05,0.07407407462596893,0.16921669244766235,-3.311369178859991e-09,1.1473314762115479,nnknn_target_value_model,0,0,62,21,41,62,38,50,0,69,70,2.0,4,4,nnknn,500,nnknn,482,"[155, 166, 179]",0.0,0.004445550963282585,0.035474877804517746
62004,4,64,0.06487041711807251,-0.24146389961242676,-0.2367706149816513,0.30633431673049927,,,,False,0.46932852268218994,0.7534095644950867,0.21502767503261566,0.214628666639328,0.21542666852474213,4.005036680609919e-05,0.0625,-0.214913472533226,1.862645149230957e-08,0.9173295497894287,nnknn_target_value_model,0,0,24,10,14,24,14,0,0,46,50,1.0,3,4,nnknn,500,nnknn,496,"[156, 163, 181]",0.0,0.004428459331393242,0.035181574523448944
62122,4,118,-0.036685630679130554,-0.2814375162124634,-0.2768707871437073,0.24475188553333282,0.24385100603103638,0.5702728033065796,1.14182710647583,True,0.4566715359687805,0.7479719519615173,0.21387501060962677,0.2131340056657791,0.21461600065231323,3.961575202993117e-05,0.0762711837887764,0.20498469471931458,3.7379184192332104e-08,1.269429087638855,nnknn_target_value_model,0,0,74,15,59,74,45,0,16,49,73,2.25,4,4,nnknn,500,nnknn,500,"[159, 164, 177]",0.0,0.004444448743015528,0.03568157181143761
62242,4,120,0.24985574185848236,-0.22884581983089447,-0.22323651611804962,0.47870156168937683,,,,False,0.5609302520751953,0.7985832095146179,0.21236766874790192,0.2116139978170395,0.21312133967876434,4.0131646528607234e-05,0.07500000298023224,0.3665921986103058,1.9868215961338365e-09,1.3991745710372925,nnknn_target_value_model,0,0,84,19,65,84,66,75,0,51,54,2.25,3,4,nnknn,500,nnknn,491,"[157, 168, 175]",0.0,0.004454244393855333,0.03518158942461014
62362,4,120,0.08061942458152771,-0.1778774857521057,-0.17211218178272247,0.2584969103336334,,,,False,0.5765301585197449,0.8054828643798828,0.2108476758003235,0.21009400486946106,0.21160133183002472,3.972326157963835e-05,0.07500000298023224,0.30785050988197327,-7.947286206899662e-08,1.3033230304718018,nnknn_target_value_model,0,0,84,9,75,84,42,50,0,73,78,2.25,3,4,nnknn,500,nnknn,483,"[153, 166, 181]",0.0,0.004479583818465471,0.03488929569721222
62436,4,74,0.059834711253643036,-0.12025988847017288,-0.11577572673559189,0.18009459972381592,0.1792883574962616,0.6222434043884277,1.126212477684021,True,0.44841715693473816,0.7365801930427551,0.20961900055408478,0.20915666222572327,0.2100813388824463,3.9880851545603946e-05,0.06756757199764252,-0.10621580481529236,1.7720299894108393e-08,0.9187356233596802,nnknn_target_value_model,0,0,21,15,6,21,24,6,1,48,50,1.25,4,4,nnknn,500,nnknn,500,"[158, 161, 181]",0.0,0.004520469810813665,0.035389289259910583
62628,4,192,0.2979474365711212,-0.1376212239265442,-0.1317240446805954,0.4355686604976654,,,,False,0.5897186994552612,0.8150506019592285,0.20793436467647552,0.20672467350959778,0.2091439962387085,4.022116263513453e-05,0.0833333358168602,0.5724787712097168,-1.25418111451836e-07,1.5448111295700073,nnknn_target_value_model,0,0,161,21,140,161,100,19,81,54,92,4.0,4,4,nnknn,500,nnknn,500,"[157, 161, 182]",0.0,0.004519086796790361,0.035889286547899246
62734,4,106,0.30743759870529175,-0.05774731561541557,-0.05233308672904968,0.3651849031448364,0.3639795482158661,0.32636743783950806,1.2725547552108765,True,0.5414231419563293,0.7847597002983093,0.20604698359966278,0.20538200438022614,0.20671199262142181,4.0065522625809535e-05,0.07547169923782349,0.14418356120586395,-1.911847036240033e-08,1.2921559810638428,nnknn_target_value_model,0,0,66,17,49,66,42,50,0,53,64,2.0,4,4,nnknn,500,nnknn,492,"[158, 166, 176]",0.0,0.004532494582235813,0.0363890640437603
62808,4,74,0.2711274027824402,-0.0837942510843277,-0.07899519801139832,0.3549216687679291,,,,False,0.4799064099788666,0.7470734119415283,0.20490701496601105,0.20444466173648834,0.20536933839321136,4.000374974566512e-05,0.06756757199764252,-0.14462293684482574,-9.665618527776587e-09,1.0854777097702026,nnknn_target_value_model,0,0,36,16,20,36,14,2,4,51,60,1.25,3,4,nnknn,500,nnknn,500,"[164, 162, 174]",0.0,0.004494315944612026,0.03588906675577164
62914,4,106,0.13659322261810303,-0.13660961389541626,-0.13120630383491516,0.2732028365135193,,,,False,0.5403316020965576,0.7809023857116699,0.20376698672771454,0.2031019926071167,0.20443199574947357,3.928876685677096e-05,0.07547169923782349,0.14489056169986725,1.124615955916397e-08,1.1817090511322021,nnknn_target_value_model,0,0,68,18,50,68,45,50,0,59,61,2.0,4,4,nnknn,500,nnknn,495,"[156, 166, 178]",0.0,0.004499245434999466,0.036389052867889404
62968,4,54,0.2929666042327881,-0.19093847274780273,-0.18548785150051117,0.4839050769805908,0.4833570420742035,0.330146849155426,1.2598388195037842,True,0.5450621843338013,0.7805081009864807,0.20275366306304932,0.2024179995059967,0.20308932662010193,3.948003359255381e-05,0.0555555559694767,-0.2884460985660553,-1.1037897706955846e-08,0.850252091884613,nnknn_target_value_model,0,0,18,10,8,18,20,11,4,35,34,0.75,2,4,nnknn,500,nnknn,500,"[162, 165, 173]",0.0,0.004497219808399677,0.03609267249703407
63088,4,120,0.1285623461008072,-0.09287798404693604,-0.08783301711082458,0.22144033014774323,,,,False,0.5044975280761719,0.7589994072914124,0.2016516774892807,0.20089800655841827,0.20240533351898193,3.928703154087998e-05,0.07500000298023224,0.23406510055065155,-4.7683720083568915e-08,1.2375380992889404,nnknn_target_value_model,0,0,74,19,55,74,48,20,28,69,72,2.25,4,4,nnknn,500,nnknn,500,"[155, 168, 177]",0.0,0.00450526038184762,0.036592643707990646
63230,4,142,0.39179718494415283,-0.03906439244747162,-0.03348173946142197,0.43086156249046326,0.42760080099105835,0.3505040407180786,1.1862717866897583,True,0.5582656264305115,0.7905594706535339,0.1999923288822174,0.1990993320941925,0.2008853405714035,3.9152302633738145e-05,0.07746478915214539,0.3435252010822296,2.1827052165690475e-08,1.4449572563171387,nnknn_target_value_model,0,0,98,17,81,98,73,13,60,55,69,2.75,4,4,nnknn,500,nnknn,500,"[161, 167, 172]",0.0,0.004486496560275555,0.03609323874115944
63296,4,66,0.23511922359466553,-0.031206252053380013,-0.025281483307480812,0.2663254737854004,,,,False,0.5924772024154663,0.8068947196006775,0.1986749917268753,0.19826333224773407,0.19908666610717773,3.8896032492630184e-05,0.06060606241226196,-0.09671609103679657,2.077131711075708e-08,0.8091945052146912,nnknn_target_value_model,0,0,22,9,13,22,31,3,28,32,35,1.0,3,4,nnknn,500,nnknn,500,"[155, 169, 176]",0.0,0.004451982211321592,0.03659258037805557
63392,4,96,0.15232090651988983,-0.042360905557870865,-0.036937251687049866,0.1946818083524704,,,,False,0.5423659086227417,0.7759167551994324,0.1976490020751953,0.19704733788967133,0.1982506662607193,3.862987068714574e-05,0.0729166716337204,0.05852949619293213,1.2417634920325327e-08,1.1362780332565308,nnknn_target_value_model,0,0,47,14,33,47,31,50,0,56,65,1.75,4,4,nnknn,500,nnknn,481,"[158, 167, 175]",0.0,0.004437785129994154,0.037092581391334534
63480,4,88,0.18940579891204834,-0.07961633056402206,-0.07405979186296463,0.269022136926651,0.26782289147377014,0.4847296476364136,1.047574520111084,True,0.5556545257568359,0.7859166264533997,0.19648365676403046,0.19593267142772675,0.19703467190265656,3.8727346691302955e-05,0.06818182021379471,0.09478546679019928,7.450580596923828e-09,1.069443702697754,nnknn_target_value_model,0,0,49,19,30,49,35,7,9,46,53,1.5,3,4,nnknn,500,nnknn,500,"[153, 171, 176]",0.0,0.004435996059328318,0.03759118914604187
63590,4,110,0.54627525806427,0.03455376252532005,0.03986992686986923,0.5117214918136597,,,,False,0.5316168665885925,0.7701539397239685,0.1952296644449234,0.19453933835029602,0.19592000544071198,3.8742407923564315e-05,0.072727270424366,0.31087422370910645,5.4186038767056743e-08,1.3200175762176514,nnknn_target_value_model,0,0,65,17,48,65,57,75,0,50,53,2.0,3,4,nnknn,500,nnknn,482,"[159, 166, 175]",0.0,0.004446262959390879,0.038091182708740234
63654,4,64,0.07898280024528503,-0.12354272603988647,-0.11877043545246124,0.2025255262851715,0.20113126933574677,0.7036926746368408,1.1373064517974854,True,0.4772295355796814,0.7361424565315247,0.1941276639699936,0.19372867047786713,0.19452667236328125,3.872847810271196e-05,0.0625,-0.2680251896381378,-8.940696716308594e-08,0.7816477417945862,nnknn_target_value_model,0,0,7,9,0,7,18,0,0,41,46,1.0,4,4,nnknn,498,nnknn,500,"[161, 162, 175]",0.0,0.004453202243894339,0.03759121894836426
63730,4,76,-0.00042016804218292236,-0.13238374888896942,-0.12638719379901886,0.1319635808467865,,,,False,0.599655032157898,0.8029965758323669,0.19324101507663727,0.1927659958600998,0.19371600449085236,3.88249900424853e-05,0.06578947603702545,-0.059094540774822235,-6.274173180997877e-09,0.8536744713783264,nnknn_target_value_model,0,0,20,4,14,20,36,50,0,41,40,1.25,4,4,nnknn,500,nnknn,486,"[163, 160, 177]",0.0,0.004429096821695566,0.037091225385665894
63840,4,110,0.2902323603630066,-0.023089900612831116,-0.01764148287475109,0.3133222758769989,,,,False,0.5448422431945801,0.7747719287872314,0.19206298887729645,0.19137266278266907,0.19275332987308502,3.853690577670932e-05,0.072727270424366,0.24109618365764618,-4.443255363639764e-08,1.223597526550293,nnknn_target_value_model,0,0,72,18,54,72,37,25,0,71,73,2.0,3,4,nnknn,500,nnknn,498,"[168, 163, 169]",0.0,0.004393294453620911,0.037591222673654556
63906,4,66,0.4253312647342682,0.016859594732522964,0.022526534274220467,0.4084716737270355,0.4079006314277649,0.335873007774353,1.069907307624817,True,0.566694438457489,0.7860511541366577,0.19094832241535187,0.19053666293621063,0.1913599967956543,3.85024250135757e-05,0.06060606241226196,-0.026016445830464363,1.1740309169283591e-08,0.989890992641449,nnknn_target_value_model,0,0,27,26,1,27,38,50,0,31,28,1.0,2,4,nnknn,500,nnknn,486,"[168, 165, 167]",0.0,0.004370598588138819,0.03709123656153679
64028,4,122,0.4841790497303009,-0.1132763996720314,-0.10658445209264755,0.5974554419517517,,,,False,0.6691954135894775,0.8447507619857788,0.18975764513015747,0.18899133801460266,0.19052399694919586,3.8518810470122844e-05,0.07377048581838608,0.5192090272903442,2.540525656513637e-08,1.4043495655059814,nnknn_target_value_model,0,0,89,30,59,89,74,75,0,46,48,2.25,2,4,nnknn,500,nnknn,485,"[160, 164, 176]",0.0,0.004367619752883911,0.03759119287133217
64104,4,76,0.23144520819187164,-0.03868819400668144,-0.03263493627309799,0.2701334059238434,0.26963794231414795,0.5125070810317993,1.0889172554016113,True,0.6053261756896973,0.8033989667892456,0.1885036677122116,0.18802866339683533,0.1889786720275879,3.888473293045536e-05,0.06578947603702545,-0.005696197971701622,0.0,1.018076777458191,nnknn_target_value_model,0,0,31,22,9,31,31,0,0,46,45,1.25,3,4,nnknn,500,nnknn,491,"[160, 168, 172]",0.0,0.004352918826043606,0.037091214209795
64192,4,88,0.312765896320343,-0.02678370475769043,-0.020619777962565422,0.33954960107803345,,,,False,0.616392970085144,0.8090682029724121,0.18746498227119446,0.18691399693489075,0.18801599740982056,3.89882261515595e-05,0.06818182021379471,0.1045030727982521,2.438371993207511e-08,1.0755573511123657,nnknn_target_value_model,0,0,49,25,24,49,27,16,2,60,61,1.5,3,4,nnknn,500,nnknn,500,"[156, 176, 168]",0.0,0.004373339936137199,0.036591216921806335
64238,4,46,0.30849331617355347,-0.27397727966308594,-0.2677348256111145,0.5824705958366394,,,,False,0.6242439150810242,0.813313901424408,0.18661634624004364,0.18633133172988892,0.18690133094787598,3.9464492147089913e-05,0.043478261679410934,-0.37725159525871277,8.811121432472646e-08,0.7873868942260742,nnknn_target_value_model,0,0,17,17,0,17,19,18,1,28,27,0.5,1,4,nnknn,500,nnknn,500,"[160, 172, 168]",0.0,0.004386473912745714,0.0370912104845047
64336,4,98,0.21255671977996826,-0.11076388508081436,-0.10485559701919556,0.323320597410202,0.32212918996810913,0.48888152837753296,1.0959573984146118,True,0.5908294916152954,0.7960813641548157,0.1857043206691742,0.18509000539779663,0.18631866574287415,3.978009772254154e-05,0.0714285671710968,0.16835251450538635,1.8246320010462114e-08,1.213623285293579,nnknn_target_value_model,0,0,55,23,32,55,34,19,15,45,64,1.75,3,4,nnknn,500,nnknn,500,"[157, 172, 171]",0.0,0.004376578144729137,0.03759120777249336
64444,4,108,0.2624841332435608,-0.15196435153484344,-0.1462600827217102,0.41444849967956543,,,,False,0.5704275369644165,0.7847722172737122,0.18439967930316925,0.18372200429439545,0.18507733941078186,3.984444629168138e-05,0.07407407462596893,0.29271361231803894,3.752884936147893e-08,1.2538816928863525,nnknn_target_value_model,0,0,76,32,44,76,37,50,0,70,71,2.0,3,4,nnknn,500,nnknn,487,"[161, 176, 163]",0.0,0.0043271067552268505,0.03809108957648277
64574,4,130,0.5230748057365417,0.027283204719424248,0.03337521851062775,0.49579161405563354,0.4922475218772888,0.35379576683044434,1.0701345205307007,True,0.6092017292976379,0.8042735457420349,0.1828923374414444,0.18207533657550812,0.18370933830738068,3.901407399098389e-05,0.07692307978868484,0.3654039800167084,2.9343825147520874e-08,1.3819520473480225,nnknn_target_value_model,0,0,86,27,59,86,76,10,53,55,54,2.5,4,4,nnknn,500,nnknn,500,"[163, 170, 167]",0.0,0.004331027623265982,0.037591103464365005
64650,4,76,0.09677645564079285,-0.2925764322280884,-0.287562757730484,0.3893528878688812,,,,False,0.5013682842254639,0.7379710674285889,0.18158766627311707,0.18111266195774078,0.18206267058849335,3.9357324567390606e-05,0.06578947603702545,-0.07691054791212082,3.1370865904989387e-09,1.0686800479888916,nnknn_target_value_model,0,0,33,19,14,33,12,25,0,52,64,1.25,3,4,nnknn,500,nnknn,487,"[161, 173, 166]",0.0,0.0043650525622069836,0.03709123283624649
64726,4,76,0.05392755568027496,-0.24326656758785248,-0.2374798208475113,0.29719412326812744,,,,False,0.5786740183830261,0.7818858027458191,0.18062500655651093,0.18015000224113464,0.181099995970726,3.952866973122582e-05,0.06578947603702545,-0.07035477459430695,-9.411259327407606e-09,1.0592236518859863,nnknn_target_value_model,0,0,31,21,10,31,17,25,0,50,59,1.25,3,4,nnknn,500,nnknn,479,"[171, 176, 153]",0.0,0.004395578987896442,0.037591222673654556
64856,4,130,0.0722121000289917,-0.18901994824409485,-0.18403303623199463,0.26123204827308655,0.2589629590511322,0.6295691728591919,1.1073169708251953,True,0.4986910820007324,0.7355543971061707,0.1793203353881836,0.17850333452224731,0.18013733625411987,3.9990482036955655e-05,0.07692307978868484,0.2603928744792938,3.1177815884575466e-08,1.3184826374053955,nnknn_target_value_model,0,0,81,18,63,81,39,25,0,72,91,2.5,4,4,nnknn,500,nnknn,493,"[170, 174, 156]",0.0,0.004431515000760555,0.03809121996164322
64954,4,98,0.22676612436771393,-0.11117701232433319,-0.10635437816381454,0.3379431366920471,,,,False,0.4822638928890228,0.7233700752258301,0.1778763383626938,0.17726199328899384,0.17849066853523254,4.047756010550074e-05,0.0714285671710968,0.13714154064655304,1.7029897492193413e-08,1.2384718656539917,nnknn_target_value_model,0,0,58,75,0,58,37,50,0,52,61,1.75,3,4,nnknn,483,nnknn,480,"[162, 171, 150]",0.0,0.004578844178467989,0.03759124502539635
65040,4,86,0.10098470002412796,-0.10125278681516647,-0.09578443318605423,0.20223748683929443,0.20073087513446808,0.5872329473495483,1.0749623775482178,True,0.5468363761901855,0.7604362964630127,0.17671100795269012,0.17617267370224,0.17724932730197906,4.153734334977344e-05,0.06976744532585144,0.013919751159846783,-1.0396158600656236e-08,1.0363754034042358,nnknn_target_value_model,0,0,29,11,1,29,35,25,0,51,51,1.5,4,4,nnknn,500,nnknn,490,"[165, 177, 158]",0.0,0.004396923817694187,0.03809121996164322
65170,4,130,0.3635559380054474,-0.04836215451359749,-0.04393164440989494,0.41191810369491577,,,,False,0.4430515468120575,0.698931872844696,0.17534300684928894,0.17452600598335266,0.17615999281406403,3.953019040636718e-05,0.07692307978868484,0.34425026178359985,-3.301180484527322e-08,1.4275158643722534,nnknn_target_value_model,0,0,94,27,67,94,51,0,16,67,79,2.5,3,4,nnknn,500,nnknn,500,"[173, 174, 153]",0.0,0.004356550518423319,0.03859121724963188
65244,4,74,0.34023788571357727,0.06465161591768265,0.07020588219165802,0.2755862772464752,,,,False,0.5554270148277283,0.7639527916908264,0.17405100166797638,0.17358866333961487,0.1745133399963379,3.8958813092904165e-05,0.06756757199764252,-0.2208070307970047,-1.4498427347575671e-08,0.981223464012146,nnknn_target_value_model,0,0,24,25,0,24,21,12,9,47,53,1.25,4,4,nnknn,499,nnknn,500,"[169, 175, 155]",-7.618219388660918e-10,0.004324606154114008,0.039091214537620544
65352,4,108,0.26718124747276306,-0.12170637398958206,-0.11625291407108307,0.3888876140117645,0.38846057653427124,0.4437594413757324,1.0243841409683228,True,0.5453464984893799,0.757858157157898,0.1728983223438263,0.17222066223621368,0.1735759973526001,3.874262256431393e-05,0.07407407462596893,0.2828401029109955,-3.6425060301326084e-08,1.2548118829727173,nnknn_target_value_model,0,0,73,15,57,73,36,50,0,70,72,2.0,3,4,nnknn,500,nnknn,486,"[167, 174, 159]",0.0,0.004326401744037867,0.03959121182560921
65458,4,106,0.03569486737251282,-0.16114643216133118,-0.15523715317249298,0.196841299533844,,,,False,0.5909285545349121,0.7829575538635254,0.17154301702976227,0.17087799310684204,0.1722079962491989,3.876819391734898e-05,0.07547169923782349,0.13050486147403717,1.6869240226924376e-08,1.2162861824035645,nnknn_target_value_model,0,0,61,19,42,61,31,18,0,74,75,2.0,4,4,nnknn,500,nnknn,499,"[170, 170, 160]",0.0,0.004334861878305674,0.03909122198820114
65588,4,130,0.14327877759933472,-0.0646471455693245,-0.05898785963654518,0.2079259157180786,0.20733709633350372,0.674521803855896,1.0860542058944702,True,0.5659292340278625,0.7647971510887146,0.170048326253891,0.1692313402891159,0.17086532711982727,3.889476283802651e-05,0.07692307978868484,0.25101950764656067,2.2007869304729866e-08,1.2772282361984253,nnknn_target_value_model,0,0,88,19,69,88,39,24,14,82,91,2.5,4,4,nnknn,500,nnknn,500,"[168, 170, 162]",0.0,0.004358548671007156,0.039591219276189804
65708,4,120,0.11979405581951141,-0.10459116101264954,-0.09923096001148224,0.22438521683216095,,,,False,0.5360210537910461,0.7486387491226196,0.1684650182723999,0.16771133244037628,0.16921865940093994,3.9153466786956415e-05,0.07500000298023224,0.2000642567873001,-2.980232505223057e-09,1.2293384075164795,nnknn_target_value_model,0,0,72,13,59,72,29,50,0,70,91,2.25,4,4,nnknn,500,nnknn,479,"[167, 170, 163]",0.0,0.00436695059761405,0.03909122571349144
65784,4,76,0.16237707436084747,-0.18279264867305756,-0.17723427712917328,0.34516972303390503,,,,False,0.5558373332023621,0.7567231059074402,0.16722366213798523,0.16674867272377014,0.1676986664533615,3.9007809391478077e-05,0.06578947603702545,-0.08442123234272003,-7.842716698291952e-09,1.0649596452713013,nnknn_target_value_model,0,0,31,16,15,31,20,0,0,57,56,1.25,3,4,nnknn,500,nnknn,499,"[169, 172, 159]",0.0,0.0043912711553275585,0.039591215550899506
65924,4,140,0.11970439553260803,-0.09193553030490875,-0.08693159371614456,0.21163992583751678,0.21213610470294952,0.7155818939208984,1.1313731670379639,True,0.5003942251205444,0.7235077023506165,0.16585566103458405,0.1649753302335739,0.16673600673675537,3.9495986129622906e-05,0.07857143133878708,0.2791992127895355,4.5980726781635894e-08,1.3576104640960693,nnknn_target_value_model,0,0,97,19,78,97,37,50,0,79,103,2.75,4,4,nnknn,500,nnknn,486,"[165, 172, 163]",0.0,0.004404911305755377,0.04009121283888817
66020,4,96,0.18429860472679138,-0.04726097360253334,-0.0419115349650383,0.23155957460403442,,,,False,0.5349441170692444,0.7425012588500977,0.16436100006103516,0.16375933587551117,0.16496266424655914,3.99481832573656e-05,0.0729166716337204,0.012342686764895916,-1.1175870895385742e-08,1.1603524684906006,nnknn_target_value_model,0,0,45,21,24,45,23,25,0,68,73,1.75,4,4,nnknn,500,nnknn,484,"[162, 173, 165]",0.0,0.0044207461178302765,0.04059121012687683
66086,4,66,0.3424009084701538,-0.17943312227725983,-0.1741541028022766,0.5218340158462524,0.5222431421279907,0.21883517503738403,1.2156862020492554,True,0.5279014706611633,0.7390163540840149,0.16333502531051636,0.16292333602905273,0.1637466698884964,4.055994941154495e-05,0.06060606241226196,-0.08803150802850723,1.0837208463954084e-08,1.0334875583648682,nnknn_target_value_model,0,0,30,18,12,30,24,0,0,34,42,1.0,2,4,nnknn,500,nnknn,483,"[161, 171, 168]",0.0,0.004439645912498236,0.04009121656417847
66204,4,118,0.1235143169760704,-0.10834347456693649,-0.10299529880285263,0.2318577915430069,,,,False,0.5348183512687683,0.7399668097496033,0.1621696650981903,0.16142866015434265,0.16291067004203796,4.120288940612227e-05,0.0762711837887764,0.17443811893463135,-1.7174219379967326e-08,1.284538745880127,nnknn_target_value_model,0,0,74,18,56,74,29,25,0,78,89,2.25,4,4,nnknn,500,nnknn,487,"[162, 173, 165]",0.0,0.0044271573424339294,0.039591267704963684
66356,4,152,0.07386995851993561,-0.1511678248643875,-0.14570041000843048,0.22503778338432312,,,,False,0.5467419624328613,0.7466805577278137,0.16045966744422913,0.15950334072113037,0.16141599416732788,4.127865395275876e-05,0.07894736528396606,0.3246696889400482,2.195960568940336e-08,1.3941487073898315,nnknn_target_value_model,0,0,105,19,86,105,52,18,21,79,100,3.0,4,4,nnknn,500,nnknn,500,"[156, 176, 168]",0.0,0.004438376519829035,0.03909134864807129
66506,4,150,0.2718394100666046,0.019554296508431435,0.02499675750732422,0.2522851228713989,0.25255024433135986,0.6929410696029663,1.1287826299667358,True,0.5442464351654053,0.7443501949310303,0.15854699909687042,0.15760333836078644,0.1594906598329544,4.096005068277009e-05,0.07999999821186066,0.3502698540687561,6.357829107628277e-08,1.4061466455459595,nnknn_target_value_model,0,0,109,19,90,109,51,75,0,61,99,3.0,4,4,nnknn,500,nnknn,476,"[160, 172, 168]",0.0,0.004405510146170855,0.038591399788856506
66612,4,106,0.029708996415138245,-0.19825336337089539,-0.19295234978199005,0.22796235978603363,,,,False,0.5301010608673096,0.7312360405921936,0.15692567825317383,0.1562606692314148,0.15759067237377167,4.021769200335257e-05,0.07547169923782349,0.06778286397457123,-1.574462338282956e-08,1.2498235702514648,nnknn_target_value_model,0,0,58,18,40,58,39,3,12,58,67,2.0,4,4,nnknn,500,nnknn,500,"[159, 172, 169]",0.0,0.004417163785547018,0.03809141740202904
66730,4,118,-0.03007236123085022,-0.22081592679023743,-0.21586811542510986,0.1907435655593872,0.18900543451309204,0.6726185083389282,1.1859735250473022,True,0.49478188157081604,0.7092801332473755,0.15550701320171356,0.1547659933567047,0.15624800324440002,4.002803689218126e-05,0.0762711837887764,0.16662903130054474,3.232794298924091e-08,1.2739245891571045,nnknn_target_value_model,0,0,75,19,56,75,26,50,0,71,92,2.25,4,4,nnknn,500,nnknn,476,"[159, 172, 169]",0.0,0.004440312273800373,0.038591168820858
66860,4,130,0.12303397059440613,-0.09847460687160492,-0.0928143858909607,0.22150857746601105,,,,False,0.5660226941108704,0.7515189051628113,0.15393632650375366,0.15311934053897858,0.15475332736968994,4.072219962836243e-05,0.07692307978868484,0.2316444218158722,-2.7509836186823122e-08,1.3357255458831787,nnknn_target_value_model,0,0,81,21,60,81,36,2,10,81,94,2.5,4,4,nnknn,500,nnknn,500,"[153, 172, 175]",0.0,0.00445098802447319,0.0390910804271698
66968,4,108,0.28156593441963196,-0.036189693957567215,-0.030362270772457123,0.31775563955307007,,,,False,0.5827425718307495,0.7627162337303162,0.15242899954319,0.1517513394355774,0.1531066596508026,4.107979839318432e-05,0.07407407462596893,0.16902893781661987,1.0486002288701002e-08,1.3113493919372559,nnknn_target_value_model,0,0,70,18,52,70,38,50,0,63,70,2.0,3,4,nnknn,500,nnknn,488,"[151, 174, 175]",0.0,0.0044859531335532665,0.03859109804034233
67064,4,96,0.19042304158210754,-0.10216186195611954,-0.09633355587720871,0.2925848960876465,0.29241347312927246,0.3842906951904297,1.284786581993103,True,0.5828312039375305,0.7594341039657593,0.15113700926303864,0.15053533017635345,0.15173867344856262,4.120684025110677e-05,0.0729166716337204,0.007777378894388676,-1.30385160446167e-08,1.1906856298446655,nnknn_target_value_model,0,0,48,50,0,48,37,25,0,41,59,1.75,4,4,nnknn,498,nnknn,500,"[149, 177, 172]",0.0,0.004522936884313822,0.038091156631708145
67172,4,108,0.06643751263618469,-0.27784499526023865,-0.27254563570022583,0.34428250789642334,,,,False,0.5299351811408997,0.7266570925712585,0.14984500408172607,0.14916732907295227,0.15052266418933868,4.3770603951998055e-05,0.07407407462596893,0.1479475051164627,-2.2075794525733272e-09,1.343994379043579,nnknn_target_value_model,0,0,73,5,41,73,38,25,0,54,70,2.0,3,4,nnknn,500,nnknn,488,"[152, 175, 173]",0.0,0.004534778650850058,0.03759117051959038
67280,4,108,0.018473073840141296,-0.1738814115524292,-0.1683545708656311,0.1923544853925705,0.19588004052639008,0.660346269607544,1.15126633644104,True,0.5526843070983887,0.7394068837165833,0.1484769880771637,0.1477993279695511,0.1491546630859375,4.174757850705646e-05,0.07407407462596893,0.1405341774225235,1.7108741090510193e-08,1.2105478048324585,nnknn_target_value_model,0,0,58,19,39,58,32,25,0,72,76,2.0,4,4,nnknn,500,nnknn,495,"[154, 175, 171]",0.0,0.0045138136483728886,0.03809116780757904
67420,4,140,0.11608827114105225,-0.05379316583275795,-0.04854670912027359,0.1698814332485199,,,,False,0.5246462225914001,0.7196100354194641,0.14690633118152618,0.14602600038051605,0.14778666198253632,4.148155858274549e-05,0.07857143133878708,0.2606886029243469,-2.72478377638663e-08,1.3656153678894043,nnknn_target_value_model,0,0,93,20,73,93,30,18,7,89,110,2.75,4,4,nnknn,500,nnknn,500,"[155, 173, 172]",0.0,0.004514102824032307,0.03759120777249336
67516,4,96,0.16359706223011017,-0.12032188475131989,-0.11468448489904404,0.28391894698143005,,,,False,0.5637404322624207,0.744259774684906,0.1454116702079773,0.1448100060224533,0.14601333439350128,4.173675915808417e-05,0.0729166716337204,-0.017780087888240814,-7.450580596923828e-09,1.1932352781295776,nnknn_target_value_model,0,0,40,19,21,40,29,50,0,57,67,1.75,4,4,nnknn,500,nnknn,479,"[154, 172, 174]",0.0,0.00447098957374692,0.038091205060482025
67624,4,108,0.2034551203250885,-0.11432689428329468,-0.10881747305393219,0.3177820146083832,0.31767842173576355,0.4839608669281006,1.1873983144760132,True,0.5509430766105652,0.7347968816757202,0.14411966502666473,0.14344200491905212,0.14479734003543854,4.153485861024819e-05,0.07407407462596893,0.1856030970811844,4.4151589051466544e-09,1.2916914224624634,nnknn_target_value_model,0,0,68,20,48,68,40,25,0,51,68,2.0,3,4,nnknn,500,nnknn,494,"[154, 170, 176]",0.0,0.004484061151742935,0.03759120777249336
67730,4,106,0.07243034243583679,-0.16498513519763947,-0.15992403030395508,0.23741547763347626,,,,False,0.5061103105545044,0.7027353644371033,0.14276432991027832,0.14209933578968048,0.14342933893203735,4.1650939238024876e-05,0.07547169923782349,0.043710291385650635,-1.7993855294662353e-08,1.2620892524719238,nnknn_target_value_model,0,0,59,18,41,59,20,25,0,72,86,2.0,4,4,nnknn,500,nnknn,489,"[158, 166, 176]",0.0,0.004489425104111433,0.037091214209795
67784,4,54,0.32497861981391907,-0.10452350229024887,-0.0989428386092186,0.42950212955474854,0.4242943823337555,0.526561975479126,1.2771093845367432,True,0.5580669641494751,0.7379599213600159,0.1417510062456131,0.1414153277873993,0.1420866698026657,4.1703326132846996e-05,0.0555555559694767,-0.4354706108570099,8.830317810293309e-09,0.7376983165740967,nnknn_target_value_model,0,0,5,25,0,5,12,25,0,39,42,0.75,3,4,nnknn,480,nnknn,476,"[147, 162, 171]",0.0,0.004715209361165762,0.03659140691161156
67914,4,130,0.13943073153495789,-0.0996100977063179,-0.09350009262561798,0.2390408217906952,,,,False,0.6110009551048279,0.7706944942474365,0.14058566093444824,0.13976866006851196,0.14140266180038452,4.3961328628938645e-05,0.07692307978868484,0.2776893377304077,-4.7683716530855236e-08,1.293607473373413,nnknn_target_value_model,0,0,81,11,50,81,45,2,19,76,85,2.5,4,4,nnknn,500,nnknn,500,"[151, 168, 181]",0.0,0.0045566074550151825,0.036091409623622894
67988,4,74,0.07473312318325043,-0.15502360463142395,-0.14917732775211334,0.22975672781467438,,,,False,0.5846279263496399,0.7499339580535889,0.13929365575313568,0.13883133232593536,0.1397559940814972,4.2313142330385745e-05,0.06756757199764252,-0.13938133418560028,3.060779008023928e-08,0.8963290452957153,nnknn_target_value_model,0,0,19,7,12,19,26,50,0,45,48,1.25,4,4,nnknn,500,nnknn,476,"[149, 170, 181]",0.0,0.004553790204226971,0.03559141606092453
68104,4,116,0.10537593811750412,-0.10223076492547989,-0.09667833894491196,0.207606703042984,0.2072603702545166,0.600256085395813,1.1892542839050293,True,0.5552436113357544,0.730403482913971,0.1380903273820877,0.13736200332641602,0.1388186663389206,4.1965402488131076e-05,0.07758620381355286,0.14143496751785278,-1.644266056644028e-08,1.287125825881958,nnknn_target_value_model,0,0,73,14,59,73,42,6,12,65,74,2.25,4,4,nnknn,500,nnknn,500,"[147, 173, 180]",0.0,0.00454644113779068,0.035091422498226166
68212,4,108,0.2822412848472595,-0.15971651673316956,-0.1537388414144516,0.4419578015804291,,,,False,0.5977675914764404,0.7616379261016846,0.13667166233062744,0.13599400222301483,0.13734933733940125,4.168618033872917e-05,0.07407407462596893,0.2176540493965149,-1.1037897706955846e-08,1.3668104410171509,nnknn_target_value_model,0,0,67,22,45,67,53,75,0,52,55,2.0,3,4,nnknn,500,nnknn,478,"[150, 171, 179]",0.0,0.004602790344506502,0.03559140861034393
68342,4,130,0.12053708732128143,-0.07070180773735046,-0.06522716581821442,0.1912388950586319,0.18648618459701538,0.760749876499176,1.0852234363555908,True,0.5474648475646973,0.7216244339942932,0.13516433537006378,0.1343473345041275,0.13598133623600006,4.23723176936619e-05,0.07692307978868484,0.2625388503074646,7.335956286880219e-09,1.2988957166671753,nnknn_target_value_model,0,0,82,17,65,82,36,10,4,80,94,2.5,4,4,nnknn,500,nnknn,500,"[143, 171, 186]",0.0,0.004594221245497465,0.03509142994880676
68438,4,96,0.1680508255958557,-0.05754164233803749,-0.05209067463874817,0.2255924642086029,,,,False,0.5450969934463501,0.720113217830658,0.13373300433158875,0.13313134014606476,0.13433466851711273,4.236578388372436e-05,0.0729166716337204,-0.0005883897538296878,-7.450580596923828e-09,1.17030930519104,nnknn_target_value_model,0,0,42,23,19,42,32,19,13,58,64,1.75,4,4,nnknn,500,nnknn,500,"[144, 172, 184]",0.0,0.004599686246365309,0.03459145128726959
68556,4,118,0.18738976120948792,-0.10105562955141068,-0.09540603309869766,0.288445383310318,,,,False,0.5649606585502625,0.7303914427757263,0.13237766921520233,0.13163666427135468,0.1331186592578888,4.251010250300169e-05,0.0762711837887764,0.2378348410129547,-2.121521269771165e-08,1.258757472038269,nnknn_target_value_model,0,0,73,25,48,73,33,25,8,64,85,2.25,4,4,nnknn,500,nnknn,500,"[152, 167, 181]",0.0,0.004574392456561327,0.03509143739938736
68632,4,76,0.649998128414154,0.1839776486158371,0.1887091100215912,0.46602049469947815,0.46481865644454956,0.2801603078842163,1.223548173904419,True,0.4731467068195343,0.6693739891052246,0.13114900887012482,0.13067400455474854,0.1316239982843399,4.2159917938988656e-05,0.06578947603702545,-0.004310466814786196,2.6665235353107164e-08,1.1553922891616821,nnknn_target_value_model,0,0,43,9,34,43,25,25,0,36,51,1.25,2,4,nnknn,500,nnknn,500,"[150, 167, 183]",0.0,0.004541684407740831,0.03559143841266632
68824,4,192,0.6886446475982666,0.02527031861245632,0.03108946792781353,0.6633743047714233,,,,False,0.5819153785705566,0.7416737079620361,0.1294516772031784,0.12824200093746185,0.13066133856773376,4.175869980826974e-05,0.0833333358168602,0.5652055144309998,-3.973643103449831e-08,1.6097090244293213,nnknn_target_value_model,0,0,152,21,131,152,96,100,0,73,96,4.0,4,4,nnknn,500,nnknn,496,"[147, 172, 181]",0.0,0.004584907554090023,0.03509298712015152
68922,4,98,0.18187597393989563,-0.300954133272171,-0.2957667112350464,0.48283010721206665,0.4783951938152313,0.3702148199081421,1.2229621410369873,True,0.5187433362007141,0.698236882686615,0.12761498987674713,0.12700065970420837,0.12822933495044708,4.2400817619636655e-05,0.0714285671710968,0.22267279028892517,-2.2503794383510467e-08,1.358415126800537,nnknn_target_value_model,0,0,63,15,48,63,40,50,0,57,58,1.75,2,4,nnknn,500,nnknn,486,"[147, 170, 183]",0.0,0.004614285193383694,0.03459300845861435
68976,4,54,0.3732389807701111,-0.16318054497241974,-0.15863075852394104,0.5364195108413696,,,,False,0.45497846603393555,0.649314820766449,0.12665234506130219,0.12631666660308838,0.1269879937171936,4.273304875823669e-05,0.0555555559694767,-0.3336637020111084,4.194400915480401e-08,0.8756394386291504,nnknn_target_value_model,0,0,16,25,0,16,17,7,0,35,37,0.75,2,4,nnknn,491,nnknn,496,"[139, 170, 182]",0.0,0.004672048147767782,0.03409304842352867
69022,4,46,0.6477285623550415,0.039133328944444656,0.04533275216817856,0.6085952520370483,,,,False,0.6199429035186768,0.764171302318573,0.12601900100708008,0.12573400139808655,0.1263040006160736,4.292641460779123e-05,0.043478261679410934,-0.28394758701324463,3.109807522605479e-08,0.6647869348526001,nnknn_target_value_model,0,0,17,25,0,17,14,25,0,28,32,0.5,1,4,nnknn,483,nnknn,485,"[137, 169, 177]",0.0,0.004714562091976404,0.03359305113554001
69110,4,88,0.17465916275978088,-0.09105793386697769,-0.08557730913162231,0.265717089176178,0.26458805799484253,0.5462379455566406,1.1824969053268433,True,0.5480629205703735,0.7153636813163757,0.12517033517360687,0.12461933493614197,0.12572133541107178,4.506312689045444e-05,0.06818182021379471,0.021837221458554268,-1.6255812695931127e-08,1.1274081468582153,nnknn_target_value_model,0,0,46,10,0,46,33,0,0,54,55,1.5,3,4,nnknn,494,nnknn,493,"[144, 170, 180]",0.0,0.004591211676597595,0.033093057572841644
69272,4,162,0.2403409779071808,-0.07647476345300674,-0.07087294012308121,0.31681573390960693,,,,False,0.5601834654808044,0.7207676768302917,0.12358701229095459,0.12256733328104019,0.1246066689491272,4.1904473619069904e-05,0.08024691045284271,0.362653523683548,-5.886878540195539e-09,1.4890395402908325,nnknn_target_value_model,0,0,118,26,86,118,73,19,47,76,89,3.25,4,4,nnknn,500,nnknn,500,"[151, 167, 182]",0.0,0.004584061913192272,0.03359299525618553
69346,4,74,0.15015175938606262,-0.1537848711013794,-0.14899548888206482,0.303936630487442,0.3028198182582855,0.5402766466140747,1.3406851291656494,True,0.47893860936164856,0.661848783493042,0.1220923438668251,0.121629998087883,0.12255466729402542,4.1759780287975445e-05,0.06756757199764252,-0.2556488513946533,-8.054682254510226e-09,0.988438606262207,nnknn_target_value_model,0,0,19,19,0,19,16,8,8,55,58,1.25,4,4,nnknn,500,nnknn,500,"[149, 169, 182]",0.0,0.004600200802087784,0.03309300169348717
69486,4,140,0.12600141763687134,-0.16025429964065552,-0.15462501347064972,0.28625571727752686,,,,False,0.5629287362098694,0.7197766304016113,0.1207369938492775,0.11985666304826736,0.12161733210086823,4.198166789137758e-05,0.07857143133878708,0.3220404088497162,3.746577803553919e-08,1.3581290245056152,nnknn_target_value_model,0,0,98,20,78,98,53,19,34,71,87,2.75,4,4,nnknn,500,nnknn,500,"[145, 174, 181]",0.0,0.0046179830096662045,0.03359296917915344
69616,4,130,0.3487865924835205,-0.04066355526447296,-0.03514035418629646,0.3894501328468323,,,,False,0.5523204207420349,0.7078061699867249,0.11902699619531631,0.11821000277996063,0.1198439970612526,4.191279731458053e-05,0.07692307978868484,0.3225814700126648,4.7683716530855236e-08,1.438705325126648,nnknn_target_value_model,0,0,97,22,75,97,51,75,0,69,79,2.5,3,4,nnknn,500,nnknn,476,"[142, 179, 179]",0.0,0.004603524226695299,0.034092847257852554
69724,4,108,0.08706267178058624,-0.13952191174030304,-0.13470987975597382,0.22658458352088928,0.22545784711837769,0.6194362640380859,1.2435311079025269,True,0.48120376467704773,0.6560373902320862,0.11751966178417206,0.11684200167655945,0.11819733679294586,4.154446651227772e-05,0.07407407462596893,0.10371188819408417,-2.9802322387695312e-08,1.2451214790344238,nnknn_target_value_model,0,0,56,18,38,56,31,4,3,66,77,2.0,4,4,nnknn,500,nnknn,500,"[144, 175, 181]",0.0,0.004587913863360882,0.03459282964468002
69824,4,100,0.49705731868743896,-0.16666029393672943,-0.16120006144046783,0.6637176275253296,,,,False,0.5460238456726074,0.7039160132408142,0.11620233207941055,0.11557533591985703,0.11682933568954468,4.149432061240077e-05,0.07000000029802322,0.26249030232429504,2.6226043559063328e-08,1.354138731956482,nnknn_target_value_model,0,0,67,15,52,67,50,50,0,41,50,1.75,2,4,nnknn,500,nnknn,500,"[140, 178, 182]",0.0,0.004562043119221926,0.034092843532562256
69942,4,118,0.29445990920066833,-0.047009117901325226,-0.04085911065340042,0.34146901965141296,0.3408774137496948,0.43609803915023804,1.1594147682189941,True,0.6150010228157043,0.7467997074127197,0.114821657538414,0.11408066749572754,0.11556266993284225,4.153631743974984e-05,0.0762711837887764,0.21042253077030182,3.434843875993465e-08,1.3003910779953003,nnknn_target_value_model,0,0,68,14,54,68,49,5,44,65,69,2.25,4,4,nnknn,500,nnknn,500,"[140, 178, 182]",0.0,0.004577933344990015,0.03459276631474495
70062,4,120,0.1594720482826233,-0.02596205100417137,-0.019934838637709618,0.18543410301208496,,,,False,0.6027215719223022,0.7371372580528259,0.11331433802843094,0.11256066709756851,0.11406800150871277,4.1929128201445565e-05,0.07500000298023224,0.14561507105827332,-1.4901161193847656e-08,1.2351443767547607,nnknn_target_value_model,0,0,74,25,49,74,46,50,0,70,74,2.25,4,4,nnknn,500,nnknn,496,"[135, 180, 185]",0.0,0.0045936438255012035,0.03509276360273361
70192,4,130,0.09385781735181808,-0.09833737462759018,-0.09287037700414658,0.19219519197940826,,,,False,0.5467007160186768,0.696509599685669,0.11173100024461746,0.11091399937868118,0.11254800111055374,4.233888103044592e-05,0.07692307978868484,0.21423424780368805,7.335956286880219e-09,1.340874195098877,nnknn_target_value_model,0,0,79,15,64,79,34,0,5,71,96,2.5,4,4,nnknn,500,nnknn,500,"[149, 170, 181]",0.0,0.004582265857607126,0.03559276461601257
70278,4,86,0.1567552089691162,-0.19689035415649414,-0.19138628244400024,0.35364556312561035,0.35327792167663574,0.4424557685852051,1.3384267091751099,True,0.5504064559936523,0.7012950778007507,0.11036300659179688,0.10982466489076614,0.11090133339166641,4.2055780795635656e-05,0.06976744532585144,-0.047588203102350235,8.316927591067724e-09,1.2063076496124268,nnknn_target_value_model,0,0,42,14,28,42,29,50,0,40,57,1.5,3,4,nnknn,500,nnknn,479,"[145, 172, 183]",0.0,0.004609571769833565,0.036092761904001236
70418,4,140,-0.052993133664131165,-0.2237842082977295,-0.21871799230575562,0.17079107463359833,,,,False,0.5066220164299011,0.666900634765625,0.10893166810274124,0.10805132985115051,0.10981199890375137,4.2383580876048654e-05,0.07857143133878708,0.25333258509635925,1.0217939383494468e-08,1.3782496452331543,nnknn_target_value_model,0,0,97,16,81,97,33,10,2,59,107,2.75,4,4,nnknn,500,nnknn,500,"[147, 174, 179]",0.0,0.004629405681043863,0.035797368735075
70524,4,106,-0.09697650372982025,-0.3085120916366577,-0.30341389775276184,0.21153558790683746,0.2120140790939331,0.5950796604156494,1.3096957206726074,True,0.5098193883895874,0.6675097942352295,0.1073736697435379,0.10670866817235947,0.10803866386413574,4.239226473146118e-05,0.07547169923782349,0.03792482241988182,-3.3738478677491912e-09,1.2547574043273926,nnknn_target_value_model,0,0,60,75,0,60,33,50,0,64,73,2.0,4,4,nnknn,485,nnknn,483,"[141, 168, 176]",0.0,0.004815613850951195,0.03629735857248306
70630,4,106,0.021594807505607605,-0.17458395659923553,-0.16920427978038788,0.19617876410484314,,,,False,0.5379675626754761,0.687393069267273,0.10603100806474686,0.10536599904298782,0.1066960021853447,4.4009288103552535e-05,0.07547169923782349,0.10199904441833496,-2.305462665219693e-08,1.1995785236358643,nnknn_target_value_model,0,0,64,50,0,64,38,25,0,60,68,2.0,4,4,nnknn,499,nnknn,496,"[145, 174, 180]",0.0,0.004697996191680431,0.035797368735075
70748,4,118,0.13520441949367523,-0.18381495773792267,-0.17858555912971497,0.3190193772315979,,,,False,0.5229405760765076,0.6722068786621094,0.104612335562706,0.10387133061885834,0.10535333305597305,4.2663094063755125e-05,0.0762711837887764,0.2592726945877075,-4.142017573371959e-08,1.3558024168014526,nnknn_target_value_model,0,0,87,100,0,87,34,50,0,74,84,2.25,3,4,nnknn,486,nnknn,480,"[135, 172, 179]",0.0,0.004822483751922846,0.03529737889766693
70876,4,128,0.1122264564037323,-0.14797618985176086,-0.14266854524612427,0.26020264625549316,0.25814804434776306,0.5908987522125244,1.1669846773147583,True,0.5307637453079224,0.6780110597610474,0.10305432975292206,0.10225000232458115,0.10385866463184357,4.3716026993934065e-05,0.078125,0.24790188670158386,-1.6763806343078613e-08,1.3306666612625122,nnknn_target_value_model,0,0,82,10,58,82,56,50,0,61,72,2.5,4,4,nnknn,500,nnknn,486,"[140, 178, 182]",0.0,0.004735199268907309,0.034797437489032745
71006,4,130,0.030014768242836,-0.1673494577407837,-0.16269484162330627,0.1973642259836197,,,,False,0.46546196937561035,0.6282947063446045,0.1014203280210495,0.10060333460569382,0.10223733633756638,4.3000847654184327e-05,0.07692307978868484,0.23151612281799316,1.1003934652364933e-08,1.3400238752365112,nnknn_target_value_model,0,0,84,100,0,84,41,11,16,67,89,2.5,4,4,nnknn,484,nnknn,500,"[134, 174, 176]",0.0,0.004908309318125248,0.03529742732644081
71114,4,108,0.19645455479621887,-0.03972117602825165,-0.034756943583488464,0.23617573082447052,0.23564229905605316,0.5500946640968323,1.2594796419143677,True,0.49642351269721985,0.6433756351470947,0.09991300851106644,0.09923533350229263,0.10059066861867905,4.7208028263412416e-05,0.07407407462596893,0.06099303439259529,0.0,1.2141811847686768,nnknn_target_value_model,0,0,59,2,16,59,26,50,0,64,82,2.0,4,4,nnknn,500,nnknn,476,"[138, 185, 177]",0.0,0.004767408594489098,0.03579723462462425
71168,4,54,0.2827180027961731,-0.16918392479419708,-0.16410452127456665,0.451901912689209,,,,False,0.5079401731491089,0.655998945236206,0.09888700395822525,0.09855133295059204,0.09922266751527786,4.426017767400481e-05,0.0555555559694767,-0.4551593065261841,6.843496436204077e-08,0.7413921356201172,nnknn_target_value_model,0,0,1,16,0,1,16,0,0,31,38,0.75,3,4,nnknn,485,nnknn,492,"[134, 181, 170]",0.0,0.004915893543511629,0.03629722446203232
71264,4,96,0.2717915177345276,-0.08699338883161545,-0.08151662349700928,0.35878491401672363,,,,False,0.5476770401000977,0.6849796175956726,0.09793700277805328,0.0973353311419487,0.09853866696357727,4.606562652043067e-05,0.0729166716337204,0.17077454924583435,-3.1044088188991736e-08,1.2627160549163818,nnknn_target_value_model,0,0,59,9,35,59,42,50,0,54,54,1.75,3,4,nnknn,500,nnknn,484,"[141, 182, 177]",0.0,0.00478413887321949,0.03579723462462425
71404,4,140,0.31120234727859497,-0.12430208921432495,-0.1189001202583313,0.4355044364929199,0.43707275390625,0.4832277297973633,1.1269255876541138,True,0.5401974320411682,0.6757729649543762,0.0964423343539238,0.09556200355291367,0.09732266515493393,4.485339013626799e-05,0.07857143133878708,0.3986620008945465,-1.7029899268550253e-08,1.4650804996490479,nnknn_target_value_model,0,0,110,20,90,110,72,5,51,62,68,2.75,3,4,nnknn,500,nnknn,500,"[145, 177, 178]",0.0,0.004752641078084707,0.03629722073674202
71502,4,98,0.08737729489803314,-0.19562380015850067,-0.19032925367355347,0.2830010950565338,,,,False,0.5294548869132996,0.6666282415390015,0.09493499994277954,0.09432066977024078,0.0955493301153183,4.4522268581204116e-05,0.0714285671710968,0.1311863511800766,-2.797768949847068e-08,1.217712163925171,nnknn_target_value_model,0,0,51,11,40,51,41,50,0,44,57,1.75,3,4,nnknn,500,nnknn,491,"[141, 180, 179]",0.0,0.004767492413520813,0.03579722344875336
71664,4,162,0.08028124272823334,-0.14338651299476624,-0.1380327343940735,0.22366775572299957,0.22047480940818787,0.7807241082191467,1.1439144611358643,True,0.5353778600692749,0.6687789559364319,0.09328833222389221,0.09226866811513901,0.09430799633264542,4.4464002712629735e-05,0.08024691045284271,0.36988353729248047,5.886878540195539e-08,1.4384996891021729,nnknn_target_value_model,0,0,123,125,0,123,54,50,0,82,108,3.25,4,4,nnknn,498,nnknn,495,"[138, 183, 177]",0.0,0.0047669848427176476,0.03529722988605499
71772,4,108,0.14437907934188843,-0.09909798949956894,-0.09444282948970795,0.24347707629203796,,,,False,0.4655165672302246,0.616313099861145,0.09157833456993103,0.09090066701173782,0.09225600212812424,4.423210702952929e-05,0.07407407462596893,0.1364383101463318,-9.934107758624577e-09,1.309714436531067,nnknn_target_value_model,0,0,63,75,0,63,23,13,5,69,85,2.0,3,4,nnknn,486,nnknn,500,"[135, 179, 172]",0.0,0.004881271161139011,0.03479723632335663
71912,4,140,0.022996842861175537,-0.18090887367725372,-0.1756565421819687,0.20390571653842926,,,,False,0.5252326726913452,0.6579083204269409,0.09000767022371292,0.08912733197212219,0.09088800102472305,4.547173375613056e-05,0.07857143133878708,0.311598002910614,3.065381903866182e-08,1.3699827194213867,nnknn_target_value_model,0,0,93,14,65,93,41,50,0,84,99,2.75,4,4,nnknn,500,nnknn,491,"[134, 186, 180]",0.0,0.004770777653902769,0.03429726883769035
71966,4,54,0.2967054545879364,-0.25484588742256165,-0.2492428719997406,0.551551342010498,0.5504676103591919,0.4631602168083191,1.3815118074417114,True,0.5603024959564209,0.6851595044136047,0.08877900242805481,0.0884433314204216,0.08911466598510742,4.4810491090174764e-05,0.0555555559694767,-0.4915151000022888,1.3245476715439963e-08,0.7507622838020325,nnknn_target_value_model,0,0,0,0,0,0,24,4,11,25,30,0.75,3,4,nnknn,500,nnknn,500,"[134, 186, 180]",-0.0004999540979042649,0.004767715930938721,0.03379727154970169
72104,4,138,0.07174257934093475,-0.17218780517578125,-0.1667436808347702,0.243930384516716,,,,False,0.5444122552871704,0.6710220575332642,0.08756300806999207,0.08669533580541611,0.08843066543340683,4.479220660869032e-05,0.07971014827489853,0.2765960395336151,-3.4553417904703565e-09,1.3819537162780762,nnknn_target_value_model,0,0,101,22,79,101,50,23,27,71,88,2.75,4,4,nnknn,500,nnknn,500,"[136, 182, 182]",0.0,0.004819586873054504,0.03340734913945198
72266,4,162,0.13940387964248657,-0.08401428163051605,-0.07893580943346024,0.22341816127300262,0.22210019826889038,0.7558224201202393,1.1830397844314575,True,0.5078478455543518,0.6399663090705872,0.08566300570964813,0.08464333415031433,0.08668266981840134,4.5525615860242397e-05,0.08024691045284271,0.3601243793964386,-6.622738357719982e-09,1.452845811843872,nnknn_target_value_model,0,0,119,125,0,119,62,75,0,74,100,3.25,4,4,nnknn,494,nnknn,487,"[136, 176, 182]",0.0,0.0048422436229884624,0.03290737047791481
72396,4,130,0.10740622878074646,-0.12553836405277252,-0.12009178847074509,0.23294459283351898,,,,False,0.5446575880050659,0.6656155586242676,0.08381366729736328,0.082996666431427,0.08463066816329956,4.554103361442685e-05,0.07692307978868484,0.25617673993110657,-2.7509836186823122e-08,1.2764378786087036,nnknn_target_value_model,0,0,88,100,0,88,47,8,26,70,83,2.5,4,4,nnknn,482,nnknn,500,"[132, 176, 174]",0.0,0.004994767252355814,0.03340710327029228
72536,4,140,0.16932502388954163,-0.10441649705171585,-0.09851158410310745,0.2737415134906769,,,,False,0.5904924273490906,0.700712263584137,0.0821036621928215,0.08122333139181137,0.08298400044441223,4.6929355448810384e-05,0.07857143133878708,0.27161696553230286,3.065381903866182e-08,1.4439868927001953,nnknn_target_value_model,0,0,95,6,71,95,58,8,50,49,82,2.75,4,4,nnknn,500,nnknn,500,"[137, 179, 184]",0.0,0.004838543478399515,0.033907096832990646
72710,4,174,0.30992892384529114,-0.014771361835300922,-0.009412981569766998,0.3247002959251404,0.32269713282585144,0.6171967387199402,1.2226264476776123,True,0.5358384847640991,0.6549874544143677,0.08011499792337418,0.07901933044195175,0.0812106654047966,4.575383718474768e-05,0.08045977354049683,0.41224420070648193,2.1923547421920375e-08,1.5255235433578491,nnknn_target_value_model,0,0,135,14,121,135,72,75,0,74,102,3.5,4,4,nnknn,500,nnknn,497,"[136, 180, 184]",0.0,0.004807726945728064,0.03340712562203407
72816,4,106,0.02096801996231079,-0.21446603536605835,-0.20939068496227264,0.23543405532836914,,,,False,0.507534921169281,0.6318250298500061,0.07834166288375854,0.0776766687631607,0.07900666445493698,4.5409597078105435e-05,0.07547169923782349,0.010330995544791222,5.623079779581985e-09,1.2878285646438599,nnknn_target_value_model,0,0,55,9,46,55,34,4,27,61,72,2.0,4,4,nnknn,500,nnknn,500,"[137, 177, 186]",0.0,0.004828908946365118,0.03290712833404541
73000,4,184,0.4256054759025574,-0.005929078906774521,-0.0004756839480251074,0.4315345585346222,0.4298240840435028,0.5615885257720947,1.1360465288162231,True,0.5453399419784546,0.6589895486831665,0.07650499790906906,0.07534600049257278,0.07766400277614594,4.554716724669561e-05,0.08152174204587936,0.5002108216285706,2.8506569549335836e-08,1.5432794094085693,nnknn_target_value_model,0,0,145,14,131,145,84,100,0,71,100,3.75,4,4,nnknn,500,nnknn,484,"[134, 176, 190]",0.0,0.004823138937354088,0.032407160848379135
73108,4,108,0.12890560925006866,-0.1990223079919815,-0.1934141218662262,0.32792791724205017,,,,False,0.5608181357383728,0.6664667725563049,0.07465566694736481,0.0739779993891716,0.07533333450555801,4.532244201982394e-05,0.07407407462596893,0.20172961056232452,1.9868215517249155e-08,1.2531750202178955,nnknn_target_value_model,0,0,74,75,0,74,44,0,3,63,64,2.0,3,4,nnknn,499,nnknn,500,"[134, 175, 190]",0.0,0.004871892277151346,0.03190719336271286
73270,4,162,0.04449962079524994,-0.15290102362632751,-0.1473696380853653,0.19740064442157745,,,,False,0.5531389713287354,0.660723090171814,0.07294566929340363,0.07192599773406982,0.07396533340215683,4.585438364301808e-05,0.08024691045284271,0.357316792011261,-4.4151590827823384e-08,1.445510745048523,nnknn_target_value_model,0,0,120,125,0,120,56,23,33,87,106,3.25,4,4,nnknn,494,nnknn,500,"[131, 176, 187]",0.0,0.0049304417334496975,0.032407186925411224
73400,4,130,0.1109372079372406,-0.08433455228805542,-0.07889551669359207,0.19527176022529602,0.19688497483730316,0.6779127717018127,1.3311271667480469,True,0.5439040064811707,0.6523435711860657,0.07109633088111877,0.0702793300151825,0.07191333174705505,4.6439712605206296e-05,0.07692307978868484,0.17958834767341614,-3.6679781434401093e-09,1.3690954446792603,nnknn_target_value_model,0,0,78,75,0,78,40,20,20,72,90,2.5,4,4,nnknn,497,nnknn,500,"[131, 179, 187]",0.0,0.004902326967567205,0.03290718421339989
73532,4,132,-0.017528608441352844,-0.1853892207145691,-0.18017637729644775,0.16786061227321625,,,,False,0.5212836861610413,0.6294490098953247,0.06943699717521667,0.06860733032226562,0.07026666402816772,4.5842072722734883e-05,0.07575757801532745,0.17717164754867554,-1.806201410659014e-08,1.3075919151306152,nnknn_target_value_model,0,0,81,20,58,81,50,50,0,74,82,2.5,4,4,nnknn,500,nnknn,500,"[133, 178, 189]",0.0,0.0048639727756381035,0.03340716287493706
73674,4,142,0.4136797785758972,-0.046689800918102264,-0.041628457605838776,0.4603695869445801,0.45721521973609924,0.4032928943634033,1.299616813659668,True,0.5061347484588623,0.6163768172264099,0.06770166009664536,0.06680866330862045,0.06859466433525085,4.549213917925954e-05,0.07746478915214539,0.3469301164150238,-6.716016187624518e-09,1.5276134014129639,nnknn_target_value_model,0,0,99,100,0,99,61,75,0,81,81,2.75,3,4,nnknn,499,nnknn,486,"[136, 178, 185]",0.0,0.004874228499829769,0.03390716016292572
73782,4,108,0.10765103995800018,-0.1636255830526352,-0.15823420882225037,0.2712766230106354,,,,False,0.5391376614570618,0.6408320665359497,0.06611832976341248,0.06544066965579987,0.06679599732160568,4.541441012406722e-05,0.07407407462596893,0.033796463161706924,-4.4151589051466544e-09,1.2817448377609253,nnknn_target_value_model,0,0,47,8,38,47,23,5,4,72,85,2.0,4,4,nnknn,500,nnknn,500,"[132, 179, 189]",0.0,0.004892661236226559,0.033407170325517654
73868,4,86,0.21846193075180054,-0.14585894346237183,-0.14086227118968964,0.36432087421417236,,,,False,0.4996676743030548,0.6071224808692932,0.06488966196775436,0.06435133516788483,0.0654280036687851,4.596433791448362e-05,0.06976744532585144,-0.0689467042684555,-1.386154524496419e-09,1.1960899829864502,nnknn_target_value_model,0,0,40,50,0,40,18,25,0,62,68,1.5,3,4,nnknn,490,nnknn,493,"[127, 177, 186]",0.0,0.004973297007381916,0.03290717676281929
73976,4,108,0.0259113609790802,-0.19997207820415497,-0.19447141885757446,0.22588343918323517,0.2241925299167633,0.648231029510498,1.2532212734222412,True,0.5500665903091431,0.6470443606376648,0.06366100162267685,0.06298333406448364,0.06433866918087006,4.646693560061976e-05,0.07407407462596893,0.15033262968063354,1.545305572392408e-08,1.2992805242538452,nnknn_target_value_model,0,0,70,75,0,70,30,25,0,70,78,2.0,3,4,nnknn,485,nnknn,498,"[129, 172, 184]",0.0,0.005038701929152012,0.03340717405080795
74116,4,140,0.002349674701690674,-0.1591939479112625,-0.153885617852211,0.16154362261295319,,,,False,0.5308324694633484,0.6285719871520996,0.06209032982587814,0.06120999902486801,0.06297066807746887,4.701768921222538e-05,0.07857143133878708,0.24384534358978271,1.0217939383494468e-08,1.3847808837890625,nnknn_target_value_model,0,0,91,17,59,91,37,50,0,87,103,2.75,4,4,nnknn,500,nnknn,485,"[132, 179, 189]",0.0,0.004862761590629816,0.03390716761350632
74214,4,98,0.09897072613239288,-0.24420471489429474,-0.23868080973625183,0.3431754410266876,0.34201765060424805,0.4778605103492737,1.3245327472686768,True,0.5523905158042908,0.6445084810256958,0.06058299541473389,0.05996866524219513,0.06119733303785324,4.5592802052851766e-05,0.0714285671710968,0.05843275412917137,-6.082106374094565e-09,1.262251615524292,nnknn_target_value_model,0,0,49,6,43,49,36,0,0,40,62,1.75,3,4,nnknn,500,nnknn,496,"[136, 177, 187]",0.0,0.00490387249737978,0.033407170325517654
74354,4,140,-0.0764264315366745,-0.23154401779174805,-0.2266160547733307,0.15511758625507355,,,,False,0.492796391248703,0.59272301197052,0.05907566845417023,0.0581953339278698,0.05995599925518036,4.602933404385112e-05,0.07857143133878708,0.22375115752220154,-1.362391888193315e-08,1.3976346254348755,nnknn_target_value_model,0,0,84,100,0,84,40,22,14,79,100,2.75,4,4,nnknn,484,nnknn,500,"[131, 172, 181]",0.0,0.005077369045466185,0.03290718421339989
74516,4,162,-0.009178698062896729,-0.22152921557426453,-0.21600131690502167,0.2123505175113678,,,,False,0.5527895092964172,0.6395857930183411,0.05716300383210182,0.05614333227276802,0.058182667940855026,4.7806399379624054e-05,0.08024691045284271,0.34298789501190186,-2.5019232907652622e-08,1.4855951070785522,nnknn_target_value_model,0,0,116,10,90,116,62,75,0,81,100,3.25,4,4,nnknn,500,nnknn,487,"[133, 176, 191]",0.0,0.004992580972611904,0.03340718150138855
74582,4,66,0.5253202319145203,-0.09584059566259384,-0.0911736860871315,0.6211608052253723,0.6164279580116272,0.298953115940094,1.438930869102478,True,0.4666915833950043,0.5668559074401855,0.055719003081321716,0.055307332426309586,0.05613066628575325,4.73048712592572e-05,0.06060606241226196,-0.21167099475860596,0.0,1.0797505378723145,nnknn_target_value_model,0,0,22,25,0,22,16,25,0,44,50,1.0,2,4,nnknn,497,nnknn,478,"[131, 175, 191]",0.0,0.0050100721418857574,0.03390718251466751
74766,4,184,0.2654891610145569,-0.11935745179653168,-0.1138840988278389,0.38484659790992737,,,,False,0.5473362803459167,0.6319376826286316,0.05413566529750824,0.05297666788101196,0.055294666439294815,4.7191329940687865e-05,0.08152174204587936,0.4618375301361084,2.332355641954109e-08,1.5367733240127563,nnknn_target_value_model,0,0,148,16,129,148,81,5,54,76,103,3.75,4,4,nnknn,500,nnknn,500,"[128, 176, 196]",0.0,0.004956619348376989,0.03340720012784004
74864,4,98,0.26813191175460815,-0.07302244007587433,-0.06793186068534851,0.3411543667316437,0.3388696610927582,0.48476219177246094,1.3320785760879517,True,0.5090590119361877,0.5967978239059448,0.05234966427087784,0.05173533409833908,0.052963998168706894,4.657802128349431e-05,0.0714285671710968,0.05841652676463127,2.432842594046747e-09,1.2628061771392822,nnknn_target_value_model,0,0,47,9,38,47,33,2,31,43,65,1.75,3,4,nnknn,500,nnknn,500,"[131, 172, 197]",0.0,0.004961895290762186,0.032907210290431976
75026,4,162,0.3610646724700928,-0.056101612746715546,-0.050563812255859375,0.4171662926673889,,,,False,0.5537803173065186,0.635364830493927,0.050728410482406616,0.05000000074505806,0.05172266811132431,4.697491385741159e-05,0.08024691045284271,0.3715032637119293,2.3547514160782157e-08,1.55418860912323,nnknn_target_value_model,0,0,122,125,0,122,100,100,0,55,62,3.25,4,4,nnknn,497,nnknn,500,"[131, 170, 196]",0.0,0.005031733773648739,0.03340720757842064
75178,4,152,-0.106559619307518,-0.23521827161312103,-0.2298656851053238,0.12865865230560303,,,,False,0.5352581739425659,0.615156352519989,0.05000000074505806,0.05000000074505806,0.05000000074505806,5.007400977774523e-05,0.07894736528396606,0.24668091535568237,3.7645037309630425e-08,1.4483883380889893,nnknn_target_value_model,0,0,94,5,61,94,40,2,13,88,112,3.0,4,4,nnknn,500,nnknn,500,"[136, 168, 196]",0.0,0.004950923845171928,0.032907210290431976
75340,4,162,0.2801694869995117,-0.16651348769664764,-0.16076652705669403,0.44668295979499817,0.4450683295726776,0.4276716113090515,1.2609786987304688,True,0.5746967792510986,0.6492171287536621,0.05000000447034836,0.05000000074505806,0.05000000074505806,4.636351877707057e-05,0.08024691045284271,0.38453495502471924,0.0,1.5463683605194092,nnknn_target_value_model,0,0,115,125,0,115,79,100,0,59,83,3.25,4,4,nnknn,490,nnknn,479,"[126, 167, 197]",0.0,0.005088723264634609,0.03240722790360451
75502,4,162,0.23693418502807617,-0.09235600382089615,-0.08687467873096466,0.3292901813983917,,,,False,0.5481331944465637,0.6268056035041809,0.05000000447034836,0.05000000074505806,0.05000000074505806,4.781912502949126e-05,0.08024691045284271,0.3470039367675781,-4.1208149781368775e-08,1.522298812866211,nnknn_target_value_model,0,0,118,11,97,118,73,7,45,68,89,3.25,4,4,nnknn,500,nnknn,500,"[134, 167, 199]",0.0,0.005035789217799902,0.03290722519159317
75642,4,140,0.03795647621154785,-0.14826813340187073,-0.14343354105949402,0.18622460961341858,0.18491296470165253,0.6974524259567261,1.3257114887237549,True,0.4834590256214142,0.5714019536972046,0.05000000074505806,0.05000000074505806,0.05000000074505806,4.755740155815147e-05,0.07857143133878708,0.2177799791097641,-1.362391888193315e-08,1.3972632884979248,nnknn_target_value_model,0,0,94,100,0,94,49,22,27,81,91,2.75,4,4,nnknn,494,nnknn,500,"[127, 167, 200]",0.0,0.0051216608844697475,0.032407231628894806
75782,4,140,0.09586399793624878,-0.194003164768219,-0.18816977739334106,0.2898671627044678,,,,False,0.5833381414413452,0.6574675440788269,0.05000000074505806,0.05000000074505806,0.05000000074505806,4.838352106162347e-05,0.07857143133878708,0.3459990322589874,7.493155607107838e-08,1.4684489965438843,nnknn_target_value_model,0,0,107,125,0,107,57,75,0,58,83,2.75,3,4,nnknn,476,nnknn,482,"[124, 162, 190]",0.0,0.005301342345774174,0.03290722146630287
75900,4,118,0.3411594033241272,-0.014234904199838638,-0.008842148818075657,0.35539430379867554,,,,False,0.5392760038375854,0.6184844374656677,0.05000000074505806,0.05000000074505806,0.05000000074505806,5.000577948521823e-05,0.0762711837887764,0.12867416441440582,1.6163971494620455e-08,1.3481535911560059,nnknn_target_value_model,0,0,69,4,41,69,39,25,0,73,79,2.25,4,4,nnknn,500,nnknn,496,"[131, 172, 197]",0.0,0.005014849826693535,0.033407218754291534
76008,4,108,0.10568565130233765,-0.1778232455253601,-0.17285412549972534,0.28350889682769775,0.28048139810562134,0.5685252547264099,1.4349033832550049,True,0.49691134691238403,0.5839131474494934,0.05000000447034836,0.05000000074505806,0.05000000074505806,4.701399302575737e-05,0.07407407462596893,0.008095393888652325,1.4349266663771232e-08,1.3069734573364258,nnknn_target_value_model,0,0,48,50,0,48,26,25,0,68,82,2.0,4,4,nnknn,498,nnknn,497,"[135, 169, 194]",0.0,0.0050469436682760715,0.03290722146630287
76104,4,96,-0.009833961725234985,-0.32393214106559753,-0.31887075304985046,0.31409817934036255,,,,False,0.5061379671096802,0.5919002890586853,0.05000000447034836,0.05000000074505806,0.05000000074505806,4.9614111048867926e-05,0.0729166716337204,-0.101194828748703,-1.2417634698280722e-09,1.2455015182495117,nnknn_target_value_model,0,0,40,3,10,40,28,0,0,65,68,1.75,4,4,nnknn,500,nnknn,500,"[135, 170, 195]",0.0,0.005062733311206102,0.032407231628894806
76212,4,108,0.2978105843067169,0.0005079071270301938,0.005410384386777878,0.2973026633262634,0.2974013686180115,0.5436378717422485,1.3642820119857788,True,0.4902482330799103,0.5781124234199524,0.05000000447034836,0.05000000074505806,0.05000000074505806,4.781296956934966e-05,0.07407407462596893,0.08673111349344254,6.622738357719982e-09,1.3568925857543945,nnknn_target_value_model,0,0,71,18,53,71,36,29,7,63,72,2.0,3,4,nnknn,500,nnknn,500,"[133, 172, 195]",0.0,0.00509099243208766,0.03290722891688347
76308,4,96,0.1338815987110138,-0.1488402783870697,-0.1441604644060135,0.2827218770980835,,,,False,0.4679814577102661,0.5601710677146912,0.05000000447034836,0.05000000074505806,0.05000000074505806,4.815250213141553e-05,0.0729166716337204,-0.02211911976337433,-1.3659398057086491e-08,1.2861493825912476,nnknn_target_value_model,0,0,51,75,0,51,25,20,5,68,71,1.75,3,4,nnknn,476,nnknn,500,"[126, 160, 190]",0.0,0.005357648245990276,0.032407235354185104
76448,4,140,-0.07379254698753357,-0.23411327600479126,-0.2292284518480301,0.1603207290172577,,,,False,0.48848217725753784,0.5755292773246765,0.05000000074505806,0.05000000074505806,0.05000000074505806,5.0071503210347146e-05,0.07857143133878708,0.20617422461509705,1.0217939383494468e-08,1.411920189857483,nnknn_target_value_model,0,0,85,2,59,85,28,24,4,90,112,2.75,4,4,nnknn,500,nnknn,500,"[134, 168, 198]",0.0,0.005105660296976566,0.03190724179148674
76544,4,96,0.2397942841053009,-0.0904119536280632,-0.08582417666912079,0.3302062451839447,0.3296016454696655,0.46619778871536255,1.3803696632385254,True,0.45877814292907715,0.5521277785301208,0.05000000447034836,0.05000000074505806,0.05000000074505806,4.75587512482889e-05,0.0729166716337204,-0.007131561636924744,0.0,1.2810351848602295,nnknn_target_value_model,0,0,55,75,0,55,32,50,0,48,64,1.75,3,4,nnknn,480,nnknn,482,"[129, 161, 190]",0.0,0.005315529648214579,0.03140724450349808
76652,4,108,0.08486390113830566,-0.1909855604171753,-0.1857599914073944,0.27584946155548096,,,,False,0.5225563049316406,0.6044358611106873,0.05000000447034836,0.05000000074505806,0.05000000074505806,4.9051319365389645e-05,0.07407407462596893,0.09305591881275177,8.830317810293309e-09,1.3318657875061035,nnknn_target_value_model,0,0,63,3,40,63,33,11,4,58,75,2.0,3,4,nnknn,500,nnknn,500,"[133, 171, 196]",0.0,0.005105068441480398,0.03190723434090614
76834,4,182,0.20968300104141235,-0.08390917629003525,-0.07814755290746689,0.2935921847820282,0.29249706864356995,0.8206914663314819,1.053694248199463,True,0.5761628150939941,0.6500495076179504,0.05000000447034836,0.05000000074505806,0.05000000074505806,4.7308152716141194e-05,0.08241758495569229,0.46674850583076477,-1.3885917837797024e-07,1.4805384874343872,nnknn_target_value_model,0,0,157,175,0,157,84,27,57,61,98,3.75,4,4,nnknn,482,nnknn,500,"[129, 165, 188]",0.0,0.00528463302180171,0.03240722790360451
76952,4,118,0.14575883746147156,-0.07995614409446716,-0.07533895969390869,0.22571498155593872,,,,False,0.4617191255092621,0.5528794527053833,0.05000000074505806,0.05000000074505806,0.05000000074505806,4.835139770875685e-05,0.0762711837887764,0.053506746888160706,6.061489088438066e-09,1.3573522567749023,nnknn_target_value_model,0,0,58,3,37,58,25,13,12,76,93,2.25,4,4,nnknn,500,nnknn,500,"[139, 168, 193]",0.0,0.005067122634500265,0.03190723434090614
77082,4,130,0.1297464668750763,-0.19284877181053162,-0.1878991276025772,0.3225952386856079,,,,False,0.494964063167572,0.5820167064666748,0.05000000074505806,0.05000000074505806,0.05000000074505806,4.649041875381954e-05,0.07692307978868484,0.24848033487796783,1.833989138333436e-08,1.475189447402954,nnknn_target_value_model,0,0,91,17,74,91,51,22,29,68,79,2.5,3,4,nnknn,500,nnknn,500,"[138, 164, 198]",0.0,0.0050724768079817295,0.032407231628894806
77168,4,86,0.15723958611488342,-0.18155711889266968,-0.176477313041687,0.3387967050075531,0.3386750817298889,0.5110809803009033,1.3985024690628052,True,0.5079810619354248,0.5924660563468933,0.05000000074505806,0.05000000074505806,0.05000000074505806,4.652639108826406e-05,0.06976744532585144,-0.15996679663658142,-1.5247699991505215e-08,1.1253858804702759,nnknn_target_value_model,0,0,23,25,0,23,28,14,14,52,58,1.5,4,4,nnknn,498,nnknn,500,"[138, 164, 196]",0.0,0.005092814099043608,0.03290722891688347
77298,4,130,0.062243714928627014,-0.13116952776908875,-0.12642617523670197,0.19341324269771576,,,,False,0.4743359386920929,0.5632662773132324,0.05000000074505806,0.05000000074505806,0.05000000074505806,4.680827260017395e-05,0.07692307978868484,0.16504620015621185,-7.335956286880219e-09,1.3658194541931152,nnknn_target_value_model,0,0,76,16,58,76,32,50,0,78,98,2.5,4,4,nnknn,500,nnknn,482,"[139, 165, 196]",0.0,0.005119358189404011,0.032407231628894806
77416,4,118,0.18752121925354004,-0.0409352146089077,-0.036229416728019714,0.22845643758773804,0.22860513627529144,0.5849553346633911,1.3461828231811523,True,0.4705802798271179,0.5618795156478882,0.05000000074505806,0.05000000074505806,0.05000000074505806,4.7255787649191916e-05,0.0762711837887764,0.0892539992928505,-1.2122978176876131e-08,1.3466359376907349,nnknn_target_value_model,0,0,64,12,52,64,40,9,13,67,78,2.25,4,4,nnknn,500,nnknn,500,"[136, 166, 198]",0.0,0.0051210117526352406,0.03190723806619644
77512,4,96,0.18055608868598938,-0.07293480634689331,-0.06857238709926605,0.2534908950328827,,,,False,0.4362424314022064,0.5307051539421082,0.05000000447034836,0.05000000074505806,0.05000000074505806,4.7604651626897976e-05,0.0729166716337204,-0.08630307763814926,4.967053879312289e-09,1.223390817642212,nnknn_target_value_model,0,0,42,17,25,42,23,25,0,66,73,1.75,4,4,nnknn,500,nnknn,498,"[138, 166, 196]",0.0,0.005133494734764099,0.032407116144895554
77684,4,172,0.18779294192790985,-0.14687480032444,-0.14182846248149872,0.33466774225234985,,,,False,0.5046337842941284,0.5894931554794312,0.05000000074505806,0.05000000074505806,0.05000000074505806,4.813881605514325e-05,0.08139535039663315,0.40122759342193604,3.6040017192817686e-08,1.5055574178695679,nnknn_target_value_model,0,0,140,19,121,140,65,24,39,85,107,3.5,4,4,nnknn,500,nnknn,500,"[137, 167, 196]",0.0,0.005188517272472382,0.03290710970759392
77780,4,96,0.28732532262802124,-0.16034908592700958,-0.15526235103607178,0.44767439365386963,0.44716817140579224,0.28279000520706177,1.3106112480163574,True,0.508674144744873,0.5926588773727417,0.05000000447034836,0.05000000074505806,0.05000000074505806,4.882571374764666e-05,0.0729166716337204,0.053545497357845306,1.1175870895385742e-08,1.2783900499343872,nnknn_target_value_model,0,0,58,11,47,58,35,15,20,42,61,1.75,3,4,nnknn,500,nnknn,500,"[133, 168, 199]",0.0,0.005178376566618681,0.03340710327029228
77888,4,108,0.0927388072013855,-0.15226627886295319,-0.1472512185573578,0.24500508606433868,,,,False,0.5015061497688293,0.5855107307434082,0.05000000447034836,0.05000000074505806,0.05000000074505806,4.870109842158854e-05,0.07407407462596893,0.10061103105545044,0.0,1.341683268547058,nnknn_target_value_model,0,0,64,75,0,64,29,24,5,71,79,2.0,3,4,nnknn,489,nnknn,500,"[128, 166, 195]",0.0,0.005285908933728933,0.03290710970759392
78050,4,162,0.1564617156982422,-0.038503486663103104,-0.03339413180947304,0.194965198636055,0.19417299330234528,0.8138823509216309,1.1790814399719238,True,0.5109358429908752,0.5949822068214417,0.05000000447034836,0.05000000074505806,0.05000000074505806,4.978136712452397e-05,0.08024691045284271,0.33517777919769287,-2.0604074890684387e-08,1.4530805349349976,nnknn_target_value_model,0,0,117,13,93,117,48,50,0,82,114,3.25,4,4,nnknn,500,nnknn,498,"[139, 163, 198]",0.0,0.00515998899936676,0.03240713104605675
78226,4,176,0.5512079000473022,0.01693350076675415,0.022108614444732666,0.5342743992805481,,,,False,0.5175119638442993,0.6014312505722046,0.05000000074505806,0.05000000074505806,0.05000000074505806,4.885515591013245e-05,0.07954545319080353,0.39909207820892334,-3.3866275117588884e-08,1.6545560359954834,nnknn_target_value_model,0,0,126,21,105,126,100,2,71,63,76,3.5,4,4,nnknn,500,nnknn,500,"[137, 163, 200]",0.0,0.005197643302381039,0.03290712460875511
78388,4,162,0.09054490178823471,-0.06599382311105728,-0.06043465808033943,0.156538724899292,,,,False,0.5559170842170715,0.632395327091217,0.05000000447034836,0.05000000074505806,0.05000000074505806,4.9538430175744e-05,0.08024691045284271,0.32287272810935974,7.358598175244424e-09,1.456421971321106,nnknn_target_value_model,0,0,117,11,106,117,45,13,32,91,117,3.25,4,4,nnknn,500,nnknn,500,"[134, 163, 203]",0.0,0.005150709301233292,0.03240713104605675
78560,4,172,0.42643097043037415,-0.08016088604927063,-0.07434947788715363,0.5065918564796448,0.5041006803512573,0.3355223536491394,1.3394970893859863,True,0.5811412930488586,0.6539737582206726,0.05000000074505806,0.05000000074505806,0.05000000074505806,4.889060801360756e-05,0.08139535039663315,0.40838444232940674,-5.821848958476039e-08,1.6401015520095825,nnknn_target_value_model,0,0,126,24,102,126,92,23,69,67,80,3.5,4,4,nnknn,500,nnknn,500,"[137, 162, 201]",0.0,0.0051750908605754375,0.03190717473626137
78698,4,138,0.12267115712165833,-0.1781841516494751,-0.1725597083568573,0.3008553087711334,,,,False,0.5624443292617798,0.6375552415847778,0.04999999701976776,0.05000000074505806,0.05000000074505806,4.895395250059664e-05,0.07971014827489853,0.24176205694675446,6.392382090325555e-08,1.4591472148895264,nnknn_target_value_model,0,0,94,17,77,94,58,15,43,62,80,2.75,4,4,nnknn,500,nnknn,500,"[133, 164, 203]",0.0,0.005205661524087191,0.03140720725059509
78762,4,64,0.3139652609825134,-0.3230343461036682,-0.31784868240356445,0.6369996070861816,0.6346532106399536,0.7882601618766785,1.6742578744888306,True,0.5185654163360596,0.6017701625823975,0.05000000074505806,0.05000000074505806,0.05000000074505806,4.932437150273472e-05,0.0625,-0.5786058902740479,1.1175870895385742e-07,0.91986083984375,nnknn_target_value_model,0,0,0,0,0,0,15,3,12,36,49,1.0,4,4,nnknn,500,nnknn,500,"[133, 164, 203]",-0.0004999952507205307,0.005195976700633764,0.03090720996260643
78870,4,108,0.08541569113731384,-0.1402258276939392,-0.13541164994239807,0.22564151883125305,,,,False,0.4814183712005615,0.569722592830658,0.05000000447034836,0.05000000074505806,0.05000000074505806,4.935029937769286e-05,0.07407407462596893,0.027153247967362404,-2.2075795413911692e-08,1.2675750255584717,nnknn_target_value_model,0,0,55,12,43,55,27,50,0,68,81,2.0,4,4,nnknn,500,nnknn,477,"[136, 161, 203]",0.0,0.00522877462208271,0.031008796766400337
79020,4,150,0.3592297434806824,-0.017374495044350624,-0.011633065529167652,0.37660422921180725,,,,False,0.5741434097290039,0.6485954523086548,0.05000000074505806,0.05000000074505806,0.05000000074505806,4.9828278861241415e-05,0.07999999821186066,0.4193236827850342,-1.2715657859985185e-08,1.5094887018203735,nnknn_target_value_model,0,0,120,20,100,120,76,9,44,64,74,3.0,3,4,nnknn,500,nnknn,500,"[132, 163, 205]",0.0,0.005199622828513384,0.031508781015872955
79104,4,84,0.26720502972602844,-0.08460581302642822,-0.0802253931760788,0.35181084275245667,0.35119038820266724,0.570227861404419,1.5355819463729858,True,0.43804243206977844,0.5310309529304504,0.04999999701976776,0.05000000074505806,0.05000000074505806,4.9563150241738185e-05,0.0714285746216774,-0.2528916895389557,3.973643103449831e-08,1.1541913747787476,nnknn_target_value_model,0,0,28,13,15,28,26,7,19,50,58,1.5,4,4,nnknn,500,nnknn,500,"[136, 164, 200]",0.0,0.0051778508350253105,0.031008783727884293
79244,4,140,0.13569754362106323,-0.13274046778678894,-0.12732955813407898,0.2684380114078522,,,,False,0.5410904884338379,0.6194804310798645,0.05000000074505806,0.05000000074505806,0.05000000074505806,4.958008139510639e-05,0.07857143133878708,0.22639977931976318,-4.7683716530855236e-08,1.4548962116241455,nnknn_target_value_model,0,0,83,15,68,83,52,26,26,63,88,2.75,4,4,nnknn,500,nnknn,500,"[139, 164, 197]",0.0,0.005248498637229204,0.03050881437957287
79372,4,128,0.09045770764350891,-0.2042507827281952,-0.19879493117332458,0.2947084903717041,0.2937755584716797,0.5128113031387329,1.3324389457702637,True,0.5455852150917053,0.6238871812820435,0.05000000074505806,0.05000000074505806,0.05000000074505806,5.0626327720237896e-05,0.078125,0.15063345432281494,-2.60770320892334e-08,1.3950836658477783,nnknn_target_value_model,0,0,79,100,0,79,43,8,35,51,85,2.5,4,4,nnknn,479,nnknn,500,"[132, 159, 188]",0.0,0.005554018542170525,0.03000883385539055
79438,4,66,0.4063354730606079,-0.18762357532978058,-0.1823880523443222,0.5939590334892273,,,,False,0.5235530138015747,0.606161892414093,0.05000000447034836,0.05000000074505806,0.05000000074505806,5.3561368986265734e-05,0.06060606241226196,-0.23687995970249176,-1.9868215517249155e-08,1.0870733261108398,nnknn_target_value_model,0,0,25,25,0,25,22,25,0,34,44,1.0,2,4,nnknn,479,nnknn,497,"[132, 159, 188]",0.0,0.005539985839277506,0.03050883300602436
79556,4,118,-0.10437411069869995,-0.2504653334617615,-0.2452285885810852,0.14609122276306152,,,,False,0.5236745476722717,0.6052026152610779,0.05000000074505806,0.05000000074505806,0.05000000074505806,5.362497176975012e-05,0.0762711837887764,0.10815292596817017,0.0,1.3108091354370117,nnknn_target_value_model,0,0,65,7,37,65,41,50,0,72,77,2.25,4,4,nnknn,500,nnknn,488,"[137, 167, 196]",0.0,0.005324236582964659,0.031008780002593994
79630,4,74,0.21318256855010986,-0.1998308300971985,-0.1950206309556961,0.41301339864730835,0.41208118200302124,0.6147036552429199,1.5678250789642334,True,0.4810197353363037,0.5675193071365356,0.04999999701976776,0.05000000074505806,0.05000000074505806,5.1587245252449065e-05,0.06756757199764252,-0.41958892345428467,-1.7720299894108393e-08,1.0702931880950928,nnknn_target_value_model,0,0,12,25,0,12,16,25,0,51,58,1.25,4,4,nnknn,487,nnknn,479,"[134, 159, 194]",0.0,0.005492106080055237,0.03150877356529236
79716,4,86,0.25651663541793823,-0.10677055269479752,-0.1018550917506218,0.36328718066215515,,,,False,0.49154675006866455,0.5771482586860657,0.05000000074505806,0.05000000074505806,0.05000000074505806,5.330252679414116e-05,0.06976744532585144,-0.1274486631155014,2.4257703401531217e-08,1.219446063041687,nnknn_target_value_model,0,0,39,50,0,39,18,0,0,57,68,1.5,3,4,nnknn,476,nnknn,497,"[131, 157, 188]",0.0,0.005610416643321514,0.031008774414658546
79846,4,130,0.20885935425758362,-0.08352300524711609,-0.0780940055847168,0.2923823595046997,0.2906557619571686,0.6630816459655762,1.1619621515274048,True,0.5429009795188904,0.6204570531845093,0.05000000074505806,0.05000000074505806,0.05000000074505806,5.4412841564044356e-05,0.07692307978868484,0.26234686374664307,-1.4671912573760437e-08,1.407645344734192,nnknn_target_value_model,0,0,97,14,59,97,44,50,0,70,86,2.5,3,4,nnknn,500,nnknn,491,"[141, 163, 196]",0.0,0.0053370180539786816,0.03150877356529236
79976,4,130,0.06266835331916809,-0.13356539607048035,-0.12813034653663635,0.19623374938964844,,,,False,0.5435051918029785,0.6221936345100403,0.05000000074505806,0.05000000074505806,0.05000000074505806,5.1945415179943666e-05,0.07692307978868484,0.14286211133003235,3.1177815884575466e-08,1.3836939334869385,nnknn_target_value_model,0,0,76,22,54,76,44,50,0,79,86,2.5,4,4,nnknn,500,nnknn,485,"[137, 162, 201]",0.0,0.005371527746319771,0.031008785590529442
80062,4,86,0.24521490931510925,-0.1258409023284912,-0.12115056812763214,0.37105581164360046,,,,False,0.46903282403945923,0.5583242177963257,0.05000000074505806,0.05000000074505806,0.05000000074505806,5.2239065553294495e-05,0.06976744532585144,-0.1337469518184662,1.9406163787039077e-08,1.2249141931533813,nnknn_target_value_model,0,0,36,16,20,36,23,4,4,59,63,1.5,3,4,nnknn,500,nnknn,500,"[144, 163, 193]",0.0,0.005353772081434727,0.03050879016518593
80234,4,172,0.17733696103096008,-0.07889818400144577,-0.07332506030797958,0.25623515248298645,0.25357627868652344,0.799409031867981,1.1217097043991089,True,0.5573129057884216,0.6352392435073853,0.05000000074505806,0.05000000074505806,0.05000000074505806,5.157415580470115e-05,0.08139535039663315,0.3874104619026184,8.316927591067724e-09,1.4764013290405273,nnknn_target_value_model,0,0,130,21,109,130,67,26,41,79,105,3.5,4,4,nnknn,500,nnknn,500,"[142, 165, 193]",0.0,0.005343205761164427,0.031008776277303696
80354,4,120,0.2578752338886261,-0.0760054662823677,-0.0704634040594101,0.3338806927204132,,,,False,0.5542068481445312,0.6319202780723572,0.05000000447034836,0.05000000074505806,0.05000000074505806,5.168270581634715e-05,0.07500000298023224,0.176030233502388,-4.470348713425665e-08,1.393531322479248,nnknn_target_value_model,0,0,86,100,0,86,46,50,0,49,74,2.25,3,4,nnknn,486,nnknn,496,"[139, 160, 187]",0.0,0.005459140986204147,0.030508777126669884
80504,4,150,0.17329037189483643,-0.08463770896196365,-0.07861892133951187,0.2579280734062195,0.2568608522415161,0.6961919069290161,1.2122764587402344,True,0.6018794178962708,0.6703113913536072,0.05000000074505806,0.05000000074505806,0.05000000074505806,5.259919635136612e-05,0.07999999821186066,0.3035055696964264,-7.629394360719743e-08,1.451384425163269,nnknn_target_value_model,0,0,111,100,0,111,54,50,0,80,96,3.0,4,4,nnknn,497,nnknn,500,"[142, 162, 193]",0.0,0.005363561678677797,0.031008774414658546
80644,4,140,0.1538044810295105,-0.11059515923261642,-0.10500862449407578,0.2643996477127075,,,,False,0.5586541295051575,0.6346005201339722,0.05000000074505806,0.05000000074505806,0.05000000074505806,5.2223778766347095e-05,0.07857143133878708,0.19602252542972565,8.514949634275126e-09,1.4805196523666382,nnknn_target_value_model,0,0,87,100,0,87,56,75,0,73,84,2.75,4,4,nnknn,484,nnknn,481,"[137, 154, 193]",0.0,0.005523412022739649,0.03150876984000206
80742,4,98,0.10351908206939697,-0.2168203592300415,-0.2112678587436676,0.3203394412994385,,,,False,0.5552498698234558,0.6316571235656738,0.05000000074505806,0.05000000074505806,0.05000000074505806,5.374486863729544e-05,0.0714285671710968,-0.01436677947640419,6.082106374094565e-09,1.2992991209030151,nnknn_target_value_model,0,0,48,50,0,48,22,9,0,59,76,1.75,3,4,nnknn,482,nnknn,494,"[136, 152, 194]",0.0,0.005563296843320131,0.03200877085328102
80882,4,140,0.10809376835823059,-0.18518811464309692,-0.17969490587711334,0.2932818830013275,0.29071155190467834,0.5765356421470642,1.3569146394729614,True,0.5493214130401611,0.624953031539917,0.05000000074505806,0.05000000074505806,0.05000000074505806,5.4025338613428175e-05,0.07857143133878708,0.2014736533164978,1.0217939383494468e-08,1.4854736328125,nnknn_target_value_model,0,0,89,75,0,89,48,50,0,80,92,2.75,4,4,nnknn,496,nnknn,492,"[141, 155, 200]",0.0,0.005408660043030977,0.031508784741163254
81034,4,152,0.4492826461791992,-0.0780227929353714,-0.07227470725774765,0.5273054242134094,,,,False,0.5748096108436584,0.6486602425575256,0.05000000074505806,0.05000000074505806,0.05000000074505806,5.301005148794502e-05,0.07894736528396606,0.3711540699005127,-4.078212612057541e-08,1.6284555196762085,nnknn_target_value_model,0,0,107,15,88,107,69,75,0,71,83,3.0,3,4,nnknn,500,nnknn,486,"[146, 157, 197]",0.0,0.005433699116110802,0.03100879304111004
81142,4,108,0.38738492131233215,0.058128803968429565,0.06333626806735992,0.3292561173439026,0.3286440968513489,0.4754173159599304,1.4781737327575684,True,0.520746648311615,0.6017410755157471,0.05000000447034836,0.05000000074505806,0.05000000074505806,5.293187132338062e-05,0.07407407462596893,-0.022830283269286156,1.9868215517249155e-08,1.3355201482772827,nnknn_target_value_model,0,0,51,8,43,51,38,0,0,64,70,2.0,4,4,nnknn,500,nnknn,499,"[144, 158, 198]",0.0,0.005448684096336365,0.031508781015872955
81262,4,120,0.542513370513916,-0.19048625230789185,-0.18455913662910461,0.7329996228218079,,,,False,0.592711865901947,0.6641517281532288,0.05000000447034836,0.05000000074505806,0.05000000074505806,5.324245648807846e-05,0.07500000298023224,0.33633342385292053,-4.420678223482355e-08,1.601845145225525,nnknn_target_value_model,0,0,84,13,71,84,70,22,47,39,50,2.25,2,4,nnknn,500,nnknn,500,"[143, 156, 201]",0.0,0.005460343789309263,0.032008782029151917
81390,4,128,0.21692879498004913,-0.052188921719789505,-0.046776313334703445,0.26911771297454834,,,,False,0.5412611961364746,0.6194540858268738,0.05000000074505806,0.05000000074505806,0.05000000074505806,5.353868618840352e-05,0.078125,0.14423729479312897,-1.4901161193847656e-08,1.3980166912078857,nnknn_target_value_model,0,0,79,100,0,79,38,14,24,63,90,2.5,4,4,nnknn,479,nnknn,500,"[134, 152, 193]",0.0,0.005741247907280922,0.03250877931714058
81488,4,98,0.18847604095935822,-0.08418349921703339,-0.07889054715633392,0.2726595401763916,0.27288779616355896,0.6158811450004578,1.3633079528808594,True,0.5292959213256836,0.6095165014266968,0.05000000074505806,0.05000000074505806,0.05000000074505806,5.655302447848953e-05,0.0714285671710968,-0.0010537212947383523,2.0679161494285836e-08,1.2883957624435425,nnknn_target_value_model,0,0,48,11,16,48,30,16,14,58,68,1.75,3,4,nnknn,500,nnknn,500,"[141, 159, 200]",0.0,0.0055072857066988945,0.033008746802806854
81618,4,130,-0.085401251912117,-0.2612628638744354,-0.25609079003334045,0.17586161196231842,,,,False,0.517206072807312,0.599480926990509,0.05000000074505806,0.05000000074505806,0.05000000074505806,5.432273610495031e-05,0.07692307978868484,0.14261001348495483,-5.318568341294849e-08,1.3865493535995483,nnknn_target_value_model,0,0,75,75,0,75,36,50,0,84,94,2.5,4,4,nnknn,500,nnknn,486,"[145, 162, 193]",0.0,0.005572170950472355,0.03250874951481819
81758,4,140,0.5330471396446228,-0.009771401062607765,-0.004235914908349514,0.542818546295166,0.5408416390419006,0.21351033449172974,1.2599982023239136,True,0.5535492300987244,0.6310580968856812,0.05000000074505806,0.05000000074505806,0.05000000074505806,5.522583523998037e-05,0.07857143133878708,0.29481494426727295,2.3841858265427618e-08,1.491666555404663,nnknn_target_value_model,0,0,95,18,77,95,72,15,43,55,68,2.75,4,4,nnknn,500,nnknn,500,"[141, 163, 196]",0.0,0.0055595701560378075,0.033008743077516556
81864,4,106,0.37884461879730225,-0.04658631235361099,-0.04147649183869362,0.42543092370033264,,,,False,0.5109825134277344,0.5947465300559998,0.05000000074505806,0.05000000074505806,0.05000000074505806,5.503200736711733e-05,0.07547169923782349,-0.02348683588206768,2.249231911832794e-09,1.4055700302124023,nnknn_target_value_model,0,0,49,14,35,49,47,15,32,52,59,2.0,4,4,nnknn,500,nnknn,500,"[144, 162, 194]",0.0,0.005588697735220194,0.03250876069068909
81994,4,130,0.2130105197429657,-0.09432977437973022,-0.08876616507768631,0.3073402941226959,,,,False,0.5563613772392273,0.634824812412262,0.05000000074505806,0.05000000074505806,0.05000000074505806,5.563838567468338e-05,0.07692307978868484,0.25689929723739624,-2.2007869304729866e-08,1.4095078706741333,nnknn_target_value_model,0,0,96,15,81,96,54,22,32,67,76,2.5,3,4,nnknn,500,nnknn,500,"[145, 161, 194]",0.0,0.005605712532997131,0.032008759677410126
82156,4,162,0.01720316708087921,-0.17021383345127106,-0.16453060507774353,0.18741700053215027,0.18342722952365875,0.8098193407058716,1.2543436288833618,True,0.5683223605155945,0.6436063051223755,0.05000000447034836,0.05000000074505806,0.05000000074505806,5.6065131502691656e-05,0.08024691045284271,0.2893543839454651,-8.830317810293309e-09,1.4912102222442627,nnknn_target_value_model,0,0,111,22,89,111,67,28,39,71,95,3.25,4,4,nnknn,500,nnknn,500,"[143, 162, 195]",0.0,0.005639917682856321,0.03150876611471176
82316,4,160,0.5741316676139832,-0.00845725741237402,-0.002889843424782157,0.5825889110565186,,,,False,0.5567419528961182,0.6339947581291199,0.05000000074505806,0.05000000074505806,0.05000000074505806,5.661977411364205e-05,0.08125000447034836,0.35277676582336426,-5.9604645663569045e-09,1.5761996507644653,nnknn_target_value_model,0,0,109,125,0,109,84,21,63,66,76,3.25,4,4,nnknn,484,nnknn,500,"[140, 157, 187]",0.0,0.005817426834255457,0.032008759677410126
82468,4,152,0.5290840864181519,-0.05817539617419243,-0.05230322852730751,0.5872594714164734,0.5825174450874329,0.29023754596710205,1.3418490886688232,True,0.5872175693511963,0.6593482494354248,0.05000000074505806,0.05000000074505806,0.05000000074505806,5.832769238622859e-05,0.07894736528396606,0.38226503133773804,4.705629663703803e-09,1.6426411867141724,nnknn_target_value_model,0,0,111,16,79,111,75,75,0,62,77,3.0,3,4,nnknn,500,nnknn,500,"[148, 160, 192]",0.0,0.005639910697937012,0.03250875324010849
82608,4,140,0.14957404136657715,-0.06748447567224503,-0.061895355582237244,0.21705852448940277,,,,False,0.558912992477417,0.6352462768554688,0.05000000074505806,0.05000000074505806,0.05000000074505806,5.639489972963929e-05,0.07857143133878708,0.2399231493473053,-3.4059797204832876e-09,1.416731834411621,nnknn_target_value_model,0,0,98,21,77,98,55,22,33,75,85,2.75,4,4,nnknn,500,nnknn,500,"[156, 155, 189]",0.0,0.00562591478228569,0.03300872817635536
82694,4,86,0.22136592864990234,-0.11739980429410934,-0.11250218749046326,0.3387657403945923,,,,False,0.48976242542266846,0.5764799118041992,0.05000000074505806,0.05000000074505806,0.05000000074505806,5.629221777780913e-05,0.06976744532585144,-0.11471176147460938,1.1089236195971353e-08,1.2124794721603394,nnknn_target_value_model,0,0,35,17,18,35,22,25,0,58,64,1.5,3,4,nnknn,500,nnknn,497,"[154, 158, 188]",0.0,0.005598024930804968,0.0325087308883667
82844,4,150,0.05112718045711517,-0.13611242175102234,-0.13014167547225952,0.1872396022081375,0.18631276488304138,0.7840218544006348,1.1847878694534302,True,0.5970749855041504,0.6672074198722839,0.05000000074505806,0.05000000074505806,0.05000000074505806,5.555443567573093e-05,0.07999999821186066,0.2903362214565277,-3.1789145538141383e-08,1.4103732109069824,nnknn_target_value_model,0,0,107,28,79,107,57,29,25,86,93,3.0,4,4,nnknn,500,nnknn,500,"[155, 153, 192]",0.0,0.0056066857650876045,0.03300869092345238
83006,4,162,0.4097176194190979,-0.040762245655059814,-0.03541465103626251,0.4504798650741577,,,,False,0.5347599983215332,0.616066575050354,0.05000000447034836,0.05000000074505806,0.05000000074505806,5.571064684772864e-05,0.08024691045284271,0.34013456106185913,3.2377833747432305e-08,1.5904247760772705,nnknn_target_value_model,0,0,116,18,98,116,85,16,69,59,77,3.25,4,4,nnknn,500,nnknn,500,"[153, 155, 192]",0.0,0.005552712827920914,0.03250870481133461
83158,4,152,-0.029021814465522766,-0.13861823081970215,-0.1332971751689911,0.10959641635417938,0.10916080325841904,0.853172779083252,1.3955870866775513,True,0.5321056246757507,0.6115244030952454,0.05000000074505806,0.05000000074505806,0.05000000074505806,5.5005246395012364e-05,0.07894736528396606,0.19205160439014435,-2.509669272399151e-08,1.4811724424362183,nnknn_target_value_model,0,0,88,11,77,88,37,4,33,81,115,3.0,4,4,nnknn,500,nnknn,500,"[157, 155, 188]",0.0,0.005562192294746637,0.032008711248636246
83276,4,118,0.16461488604545593,-0.109537273645401,-0.1043323278427124,0.27415215969085693,,,,False,0.5204951167106628,0.6032946109771729,0.05000000074505806,0.05000000074505806,0.05000000074505806,5.5026161135174334e-05,0.0762711837887764,0.13686344027519226,-6.566613475200711e-09,1.326233983039856,nnknn_target_value_model,0,0,64,19,45,64,41,50,0,79,77,2.25,4,4,nnknn,500,nnknn,491,"[152, 158, 190]",0.0,0.005586937535554171,0.03250870853662491
83416,4,140,0.2256017029285431,-0.13539698719978333,-0.1298356056213379,0.3609986901283264,,,,False,0.55613774061203,0.6329928636550903,0.05000000074505806,0.05000000074505806,0.05000000074505806,5.5591579439351335e-05,0.07857143133878708,0.31652989983558655,6.811959440966575e-09,1.5076611042022705,nnknn_target_value_model,0,0,105,23,82,105,66,17,40,65,74,2.75,3,4,nnknn,500,nnknn,500,"[158, 154, 188]",0.0,0.005634310655295849,0.033008698374032974
83524,4,108,0.18320316076278687,-0.1055755689740181,-0.10099780559539795,0.28877872228622437,0.2841806709766388,0.5641827583312988,1.453802227973938,True,0.4577770233154297,0.5491135120391846,0.05000000447034836,0.05000000074505806,0.05000000074505806,5.650696039083414e-05,0.07407407462596893,-0.004673046059906483,3.311369178859991e-09,1.3121298551559448,nnknn_target_value_model,0,0,50,26,24,50,39,50,0,59,69,2.0,4,4,nnknn,500,nnknn,489,"[150, 160, 190]",0.0,0.005622499622404575,0.03350869566202164
83656,4,132,0.5059325098991394,-0.02592015452682972,-0.019857292994856834,0.531852662563324,,,,False,0.6062867641448975,0.6777281165122986,0.05000000447034836,0.05000000074505806,0.05000000074505806,5.6742606830084696e-05,0.07575757801532745,0.29919886589050293,-6.863565715775621e-08,1.5233324766159058,nnknn_target_value_model,0,0,85,22,63,85,67,75,0,60,65,2.5,3,4,nnknn,500,nnknn,481,"[155, 156, 189]",0.0,0.0056475442834198475,0.03300871327519417
83774,4,118,0.09304673969745636,-0.09830653667449951,-0.09298999607563019,0.19135327637195587,0.1911364644765854,0.7091867923736572,1.4416449069976807,True,0.5316548943519592,0.611946702003479,0.05000000074505806,0.05000000074505806,0.05000000074505806,5.7041223044507205e-05,0.0762711837887764,0.022283781319856644,-1.2122978176876131e-08,1.3572825193405151,nnknn_target_value_model,0,0,56,14,42,56,22,25,0,75,96,2.25,4,4,nnknn,500,nnknn,478,"[159, 155, 186]",0.0,0.005653426516801119,0.0325087234377861
83870,4,96,0.1938101053237915,-0.147763192653656,-0.1426246166229248,0.3415732979774475,,,,False,0.5138572454452515,0.5967726707458496,0.05000000447034836,0.05000000074505806,0.05000000074505806,5.680413232767023e-05,0.0729166716337204,-0.11816971004009247,4.346172310931706e-09,1.2501051425933838,nnknn_target_value_model,0,0,47,15,32,47,34,25,0,58,62,1.75,4,4,nnknn,500,nnknn,487,"[158, 153, 189]",0.0,0.005680227652192116,0.03300870209932327
84090,4,220,0.5960361957550049,0.04322899878025055,0.0493989922106266,0.5528072118759155,,,,False,0.6170002818107605,0.685113787651062,0.05000000447034836,0.05000000074505806,0.05000000074505806,5.697029337170534e-05,0.08181817829608917,0.5210874676704407,-1.3004649801473533e-08,1.723828911781311,nnknn_target_value_model,0,0,172,20,152,172,144,150,0,60,76,4.5,4,4,nnknn,500,nnknn,481,"[161, 154, 185]",0.0,0.005673716776072979,0.03350864350795746
84174,4,84,0.06256166100502014,-0.25686296820640564,-0.2517602741718292,0.3194246292114258,0.3176732659339905,0.6527276635169983,1.5283607244491577,True,0.5102695822715759,0.5966732501983643,0.04999999701976776,0.05000000074505806,0.05000000074505806,5.68999421375338e-05,0.0714285746216774,-0.26945143938064575,1.7029899268550253e-08,1.147834300994873,nnknn_target_value_model,0,0,27,50,0,27,22,0,0,61,62,1.5,4,4,nnknn,477,nnknn,479,"[152, 148, 177]",0.0,0.005949942860752344,0.03400864079594612
84334,4,160,0.10022148489952087,-0.1354057937860489,-0.12929144501686096,0.23562727868556976,,,,False,0.6114346385002136,0.682658314704895,0.05000000074505806,0.05000000074505806,0.05000000074505806,5.961319402558729e-05,0.08125000447034836,0.3220738172531128,-3.278255533700758e-08,1.4776197671890259,nnknn_target_value_model,0,0,123,8,92,123,70,18,31,69,90,3.25,4,4,nnknn,500,nnknn,500,"[163, 153, 184]",0.0,0.005707392934709787,0.034508638083934784
84516,4,182,0.01411941647529602,-0.1853482574224472,-0.1793058067560196,0.19946767389774323,0.19746814668178558,0.8665233850479126,1.2148759365081787,True,0.6042455434799194,0.6755086779594421,0.05000000447034836,0.05000000074505806,0.05000000074505806,5.781023355666548e-05,0.08241758495569229,0.4016670882701874,2.3579859842470796e-08,1.5446505546569824,nnknn_target_value_model,0,0,153,175,0,153,64,75,0,91,118,3.75,4,4,nnknn,478,nnknn,489,"[151, 150, 177]",0.0,0.006012881640344858,0.03500862792134285
84656,4,140,0.05219045281410217,-0.14455020427703857,-0.13873258233070374,0.19674065709114075,,,,False,0.5817623734474182,0.6542450785636902,0.05000000074505806,0.05000000074505806,0.05000000074505806,6.0913724155398086e-05,0.07857143133878708,0.17513206601142883,-2.0435878766988935e-08,1.471617579460144,nnknn_target_value_model,0,0,87,7,58,87,45,7,27,74,95,2.75,4,4,nnknn,500,nnknn,500,"[161, 158, 181]",0.0,0.005771103780716658,0.03450863063335419
84712,4,56,0.7792953252792358,-0.10217215120792389,-0.09700334817171097,0.8814674615859985,,,,False,0.5168812274932861,0.602780282497406,0.05000000447034836,0.05000000074505806,0.05000000074505806,5.853805487276986e-05,0.0535714328289032,-0.5462720990180969,5.3218435880353354e-08,0.9525799751281738,nnknn_target_value_model,0,0,13,9,4,13,15,25,0,32,41,0.75,2,4,nnknn,500,nnknn,490,"[163, 154, 183]",0.0,0.005729407537728548,0.03500863164663315
84786,4,74,0.2836530804634094,-0.14048723876476288,-0.1356140673160553,0.4241403341293335,0.4196350574493408,0.6032525300979614,1.53475022315979,True,0.4873165488243103,0.5755170583724976,0.04999999701976776,0.05000000074505806,0.05000000074505806,5.813109237351455e-05,0.06756757199764252,-0.39582106471061707,4.8328092638882936e-09,1.037384271621704,nnknn_target_value_model,0,0,11,25,0,11,14,25,0,53,60,1.25,4,4,nnknn,486,nnknn,479,"[151, 153, 182]",0.0,0.005880796350538731,0.034508638083934784
84936,4,150,0.5329079627990723,0.08050432056188583,0.08666592836380005,0.45240363478660583,,,,False,0.6161615252494812,0.6847158670425415,0.05000000074505806,0.05000000074505806,0.05000000074505806,5.938710455666296e-05,0.07999999821186066,0.36051133275032043,4.76837147544984e-09,1.539473533630371,nnknn_target_value_model,0,0,101,13,74,101,79,75,0,60,71,3.0,4,4,nnknn,500,nnknn,483,"[156, 158, 186]",0.0,0.005656104534864426,0.035008564591407776
85032,4,96,0.19737643003463745,-0.20393329858779907,-0.1981719732284546,0.4013097286224365,0.40072840452194214,0.30662012100219727,1.2998404502868652,True,0.5761319994926453,0.6515377759933472,0.05000000447034836,0.05000000074505806,0.05000000074505806,5.682052506017499e-05,0.0729166716337204,-0.04869013652205467,-7.450580596923828e-09,1.2041590213775635,nnknn_target_value_model,0,0,45,5,40,45,45,4,24,44,51,1.75,4,4,nnknn,500,nnknn,500,"[161, 153, 186]",0.0,0.005666723009198904,0.03450857475399971
85182,4,150,0.18518126010894775,-0.14581498503684998,-0.14001916348934174,0.33099624514579773,,,,False,0.5795817375183105,0.6527752876281738,0.05000000074505806,0.05000000074505806,0.05000000074505806,5.709711695089936e-05,0.07999999821186066,0.28758755326271057,-3.6557516125412803e-08,1.5472718477249146,nnknn_target_value_model,0,0,99,100,0,99,63,17,46,79,87,3.0,4,4,nnknn,499,nnknn,500,"[161, 152, 186]",0.0,0.005718269385397434,0.034008584916591644
85332,4,150,0.19053512811660767,-0.12291788309812546,-0.11771529167890549,0.3134530186653137,,,,False,0.5202600359916687,0.6036868095397949,0.05000000074505806,0.05000000074505806,0.05000000074505806,5.783055166830309e-05,0.07999999821186066,0.2455303966999054,-3.1789144649962964e-09,1.5430837869644165,nnknn_target_value_model,0,0,104,16,87,104,71,75,0,72,79,3.0,4,4,nnknn,500,nnknn,496,"[166, 153, 181]",0.0,0.0056875841692090034,0.033508650958538055
85472,4,140,0.0534365177154541,-0.13357074558734894,-0.12758438289165497,0.18700726330280304,0.1880204677581787,0.7428386807441711,1.3265154361724854,True,0.5986366271972656,0.6700387001037598,0.05000000074505806,0.05000000074505806,0.05000000074505806,5.74399673496373e-05,0.07857143133878708,0.21042487025260925,1.0217939383494468e-08,1.442123293876648,nnknn_target_value_model,0,0,86,19,67,86,60,10,46,70,80,2.75,4,4,nnknn,500,nnknn,500,"[158, 158, 184]",0.0,0.00571371940895915,0.03400861844420433
85590,4,118,0.3170713186264038,-0.03907110542058945,-0.03366373851895332,0.35614243149757385,,,,False,0.5407375693321228,0.6209586262702942,0.05000000074505806,0.05000000074505806,0.05000000074505806,5.815436816192232e-05,0.0762711837887764,0.07797782868146896,-5.051241203091195e-09,1.3732916116714478,nnknn_target_value_model,0,0,70,22,48,70,50,16,34,60,68,2.25,4,4,nnknn,500,nnknn,500,"[160, 155, 185]",0.0,0.00573350815102458,0.033508628606796265
85676,4,86,0.12150534987449646,-0.326438307762146,-0.3217359483242035,0.44794365763664246,0.4486330449581146,0.4540643095970154,1.5528115034103394,True,0.4702358543872833,0.5621047616004944,0.05000000074505806,0.05000000074505806,0.05000000074505806,5.8580870245350525e-05,0.06976744532585144,-0.18203431367874146,-1.4554622396190098e-08,1.245692491531372,nnknn_target_value_model,0,0,38,13,25,38,25,25,0,51,61,1.5,3,4,nnknn,500,nnknn,500,"[167, 154, 179]",0.0,0.005743283312767744,0.03400860354304314
85848,4,172,0.15286684036254883,-0.08509369939565659,-0.07920517772436142,0.237960547208786,,,,False,0.5888530611991882,0.6604272723197937,0.05000000074505806,0.05000000074505806,0.05000000074505806,5.863808110007085e-05,0.08139535039663315,0.35681501030921936,-3.049539998301043e-08,1.5124428272247314,nnknn_target_value_model,0,0,136,21,115,136,78,100,0,81,94,3.5,4,4,nnknn,500,nnknn,478,"[155, 162, 183]",0.0,0.005743005778640509,0.033508945256471634
86012,4,164,0.2117089331150055,-0.12452123314142227,-0.11825385689735413,0.33623015880584717,,,,False,0.626738429069519,0.6937984228134155,0.04999999701976776,0.05000000074505806,0.05000000074505806,5.8599958720151335e-05,0.07926829159259796,0.3513281047344208,5.815087078531178e-09,1.4753892421722412,nnknn_target_value_model,0,0,122,125,0,122,92,4,66,66,72,3.25,4,4,nnknn,497,nnknn,500,"[151, 162, 184]",0.0,0.0057855090126395226,0.03300894796848297
86130,4,118,0.06437529623508453,-0.19641409814357758,-0.19138140976428986,0.2607893943786621,0.26199617981910706,0.6185425519943237,1.5354094505310059,True,0.5032686591148376,0.5894457101821899,0.05000000074505806,0.05000000074505806,0.05000000074505806,6.227020639926195e-05,0.0762711837887764,-0.003420897526666522,-5.051241203091195e-09,1.3909517526626587,nnknn_target_value_model,0,0,59,4,27,59,30,2,28,74,88,2.25,4,4,nnknn,500,nnknn,500,"[160, 159, 181]",0.0,0.005781433079391718,0.033508941531181335
86384,4,254,0.4962305426597595,-0.024929391220211983,-0.0195106640458107,0.5211599469184875,,,,False,0.5418732762336731,0.6228848099708557,0.05000000074505806,0.05000000074505806,0.05000000074505806,5.9164438425796106e-05,0.08267716318368912,0.6118293404579163,-8.447902644093119e-08,1.7564051151275635,nnknn_target_value_model,0,0,217,25,192,217,174,26,148,70,80,5.25,4,4,nnknn,500,nnknn,500,"[165, 159, 176]",0.0,0.0057787811383605,0.03400893881917
86514,4,130,0.44212234020233154,-0.09583443403244019,-0.08912061899900436,0.5379567742347717,0.5361147522926331,0.277252733707428,1.4055633544921875,True,0.6713823080062866,0.732780396938324,0.05000000074505806,0.05000000074505806,0.05000000074505806,5.94515040575061e-05,0.07692307978868484,0.27987077832221985,1.1003934652364933e-08,1.5453310012817383,nnknn_target_value_model,0,0,94,13,81,94,74,75,0,44,56,2.5,3,4,nnknn,500,nnknn,499,"[158, 160, 182]",0.0,0.005797200370579958,0.03450893983244896
86664,4,150,0.09960804879665375,-0.1157323569059372,-0.10970047116279602,0.21534040570259094,,,,False,0.6031893491744995,0.6742549538612366,0.05000000074505806,0.05000000074505806,0.05000000074505806,6.0047113947803155e-05,0.07999999821186066,0.26259613037109375,-9.53674295089968e-09,1.4853342771530151,nnknn_target_value_model,0,0,103,7,96,103,61,5,55,77,89,3.0,4,4,nnknn,500,nnknn,500,"[160, 161, 179]",0.0,0.005816382821649313,0.035008929669857025
86802,4,138,0.10367101430892944,-0.0591544546186924,-0.05386606976389885,0.16282546520233154,,,,False,0.5288391709327698,0.61277174949646,0.04999999701976776,0.05000000074505806,0.05000000074505806,6.050676165614277e-05,0.07971014827489853,0.14949151873588562,-3.4553417904703565e-09,1.4502873420715332,nnknn_target_value_model,0,0,92,100,0,92,38,18,20,70,100,2.75,4,4,nnknn,492,nnknn,500,"[157, 154, 181]",0.0,0.005880066659301519,0.034509044140577316
86890,4,88,0.2797563374042511,-0.13078629970550537,-0.12589335441589355,0.41054263710975647,0.410266637802124,0.542055606842041,1.4990724325180054,True,0.48929446935653687,0.5763424038887024,0.05000000074505806,0.05000000074505806,0.05000000074505806,6.097683944972232e-05,0.06818182021379471,-0.04580555856227875,1.0837208463954084e-08,1.3145359754562378,nnknn_target_value_model,0,0,43,10,25,43,25,25,0,43,63,1.5,2,4,nnknn,500,nnknn,500,"[158, 159, 183]",0.0,0.005726275034248829,0.03400905057787895
86986,4,96,0.37677228450775146,-0.06936252117156982,-0.06453408300876617,0.4461348056793213,,,,False,0.48284491896629333,0.5727529525756836,0.05000000447034836,0.05000000074505806,0.05000000074505806,5.959232657914981e-05,0.0729166716337204,-0.006362739950418472,3.725290298461914e-09,1.3072444200515747,nnknn_target_value_model,0,0,54,26,28,54,24,25,0,60,72,1.75,3,4,nnknn,500,nnknn,499,"[156, 160, 184]",0.0,0.005708532407879829,0.034509044140577316
87126,4,140,0.016457319259643555,-0.18230922520160675,-0.17651203274726868,0.1987665444612503,0.1987573206424713,0.7219185829162598,1.3349201679229736,True,0.5797194838523865,0.6543246507644653,0.05000000074505806,0.05000000074505806,0.05000000074505806,5.957621760899201e-05,0.07857143133878708,0.2164369523525238,-1.7029899268550253e-08,1.4479838609695435,nnknn_target_value_model,0,0,90,26,64,90,61,75,0,70,79,2.75,4,4,nnknn,500,nnknn,485,"[154, 158, 188]",0.0,0.005735662765800953,0.03500903770327568
87254,4,128,0.05228291451931,-0.21508802473545074,-0.20949535071849823,0.26737093925476074,,,,False,0.5592668056488037,0.6367239952087402,0.05000000074505806,0.05000000074505806,0.05000000074505806,5.9834634157596156e-05,0.078125,0.09152993559837341,2.60770320892334e-08,1.460179328918457,nnknn_target_value_model,0,0,77,24,53,77,55,0,15,63,73,2.5,4,4,nnknn,500,nnknn,500,"[152, 162, 186]",0.0,0.005780867766588926,0.034509047865867615
87350,4,96,0.3037773370742798,-0.1980707198381424,-0.19249439239501953,0.501848042011261,,,,False,0.5576332211494446,0.6351277828216553,0.05000000447034836,0.05000000074505806,0.05000000074505806,6.0778591432608664e-05,0.0729166716337204,-0.01838667318224907,0.0,1.385953664779663,nnknn_target_value_model,0,0,49,11,38,49,47,9,38,44,49,1.75,3,4,nnknn,500,nnknn,500,"[149, 165, 186]",0.0,0.005799874197691679,0.03500904515385628
87446,4,96,0.11058895289897919,-0.18524028360843658,-0.1798427700996399,0.29582923650741577,0.29419976472854614,0.6101455092430115,1.4925756454467773,True,0.5397511720657349,0.6218768358230591,0.05000000447034836,0.05000000074505806,0.05000000074505806,6.15016178926453e-05,0.0729166716337204,-0.14783388376235962,1.2417634698280722e-09,1.2551710605621338,nnknn_target_value_model,0,0,33,13,20,33,29,12,17,52,67,1.75,4,4,nnknn,500,nnknn,500,"[163, 158, 179]",0.0,0.005771363619714975,0.034509047865867615
87596,4,150,0.1011916846036911,-0.1416909098625183,-0.13623373210430145,0.2428825944662094,,,,False,0.5457180738449097,0.6265593767166138,0.05000000074505806,0.05000000074505806,0.05000000074505806,6.134375144029036e-05,0.07999999821186066,0.2102886289358139,-1.5894572769070692e-08,1.525882601737976,nnknn_target_value_model,0,0,100,23,77,100,61,35,26,74,89,3.0,4,4,nnknn,500,nnknn,500,"[164, 158, 178]",0.0,0.005813576281070709,0.03500901162624359
87738,4,142,0.3154796361923218,-0.18569934368133545,-0.17997387051582336,0.5011789798736572,0.4991760551929474,0.35764628648757935,1.4054569005966187,True,0.5725472569465637,0.6469128727912903,0.04999999329447746,0.05000000074505806,0.05000000074505806,6.18728663539514e-05,0.07746478915214539,0.26435378193855286,2.6864064750498073e-08,1.6024292707443237,nnknn_target_value_model,0,0,102,17,85,102,79,24,55,58,63,2.75,3,4,nnknn,500,nnknn,500,"[161, 161, 178]",0.0,0.005842528305947781,0.035509005188941956
87856,4,118,0.12541693449020386,-0.07155334204435349,-0.06585711985826492,0.19697028398513794,,,,False,0.5696231126785278,0.6468852162361145,0.05000000074505806,0.05000000074505806,0.05000000074505806,6.185832899063826e-05,0.0762711837887764,0.1252056211233139,-4.24304253954233e-08,1.346567153930664,nnknn_target_value_model,0,0,65,6,59,65,61,3,58,51,57,2.25,4,4,nnknn,500,nnknn,500,"[162, 155, 183]",0.0,0.005781823303550482,0.03600899875164032
87984,4,128,0.31375858187675476,-0.05950183793902397,-0.05413079261779785,0.37326040863990784,,,,False,0.537105143070221,0.6174837350845337,0.05000000074505806,0.05000000074505806,0.05000000074505806,6.133942952146754e-05,0.078125,0.15663371980190277,-2.60770320892334e-08,1.4545180797576904,nnknn_target_value_model,0,0,78,20,58,78,59,20,39,57,69,2.5,4,4,nnknn,500,nnknn,500,"[166, 155, 179]",0.0,0.005739367567002773,0.036508992314338684
88104,4,120,0.08594122529029846,-0.19721916317939758,-0.19209684431552887,0.28316038846969604,0.2825997471809387,0.6287269592285156,1.448244571685791,True,0.512231707572937,0.5976800322532654,0.05000000447034836,0.05000000074505806,0.05000000074505806,6.106466753408313e-05,0.07500000298023224,0.08209849894046783,-2.980232505223057e-09,1.4470021724700928,nnknn_target_value_model,0,0,66,75,0,66,33,18,15,70,87,2.25,3,4,nnknn,491,nnknn,500,"[161, 151, 179]",0.0,0.005866626277565956,0.03700884059071541
88214,4,110,0.5984829664230347,-0.07123119384050369,-0.06537199020385742,0.6697141528129578,,,,False,0.5859211683273315,0.6593948006629944,0.05000000447034836,0.05000000074505806,0.05000000074505806,6.587550160475075e-05,0.072727270424366,0.1922224462032318,-7.044185235116629e-09,1.5565000772476196,nnknn_target_value_model,0,0,73,4,35,73,47,50,0,61,63,2.0,2,4,nnknn,500,nnknn,497,"[163, 158, 179]",0.0,0.005750402808189392,0.036508843302726746
88342,4,128,0.27468231320381165,-0.03211129829287529,-0.02755359560251236,0.30679360032081604,0.30630379915237427,0.529994010925293,1.4314255714416504,True,0.4557710886001587,0.5473181009292603,0.05000000074505806,0.05000000074505806,0.05000000074505806,6.110635149525478e-05,0.078125,0.08381704986095428,-3.725290298461914e-09,1.4305105209350586,nnknn_target_value_model,0,0,77,14,63,77,42,50,0,40,86,2.5,4,4,nnknn,500,nnknn,489,"[152, 160, 188]",0.0,0.005732405465096235,0.037008825689554214
88480,4,138,0.20109862089157104,-0.09111279994249344,-0.08581526577472687,0.2922114133834839,,,,False,0.5297542214393616,0.612000048160553,0.04999999701976776,0.05000000074505806,0.05000000074505806,6.1024689784972e-05,0.07971014827489853,0.21667347848415375,-3.800876058335234e-08,1.4351874589920044,nnknn_target_value_model,0,0,94,17,77,94,52,50,0,70,86,2.75,4,4,nnknn,500,nnknn,491,"[159, 161, 180]",0.0,0.005756272468715906,0.036508843302726746
88544,4,64,0.6496619582176208,0.05234629288315773,0.05713209882378578,0.5973156690597534,,,,False,0.47858142852783203,0.5666011571884155,0.05000000074505806,0.05000000074505806,0.05000000074505806,6.102901170379482e-05,0.0625,-0.5289801359176636,-3.725290298461914e-09,1.0318324565887451,nnknn_target_value_model,0,0,10,11,0,10,16,25,0,44,48,1.0,3,4,nnknn,499,nnknn,482,"[157, 160, 182]",0.0,0.005761736072599888,0.03700883314013481
88652,4,108,0.025607824325561523,-0.33978381752967834,-0.33454495668411255,0.36539164185523987,0.36237072944641113,0.493149995803833,1.2912302017211914,True,0.5238860249519348,0.6054600477218628,0.05000000447034836,0.05000000074505806,0.05000000074505806,6.0665257478831336e-05,0.07407407462596893,0.09194506704807281,-5.518948631433318e-10,1.3523313999176025,nnknn_target_value_model,0,0,68,75,0,68,39,25,0,56,69,2.0,3,4,nnknn,492,nnknn,496,"[152, 158, 182]",0.0,0.005864437203854322,0.03650883585214615
88728,4,76,0.07555271685123444,-0.2374376505613327,-0.2322618067264557,0.31299036741256714,,,,False,0.5175841450691223,0.5992758274078369,0.05000000074505806,0.05000000074505806,0.05000000074505806,6.158298492664471e-05,0.06578947603702545,-0.21081151068210602,3.1370865904989387e-09,1.101784348487854,nnknn_target_value_model,0,0,24,13,3,24,19,25,0,56,57,1.25,3,4,nnknn,500,nnknn,490,"[161, 157, 182]",0.0,0.005775040946900845,0.03700882941484451
88858,4,130,0.017689555883407593,-0.21553291380405426,-0.21022693812847137,0.23322246968746185,0.23112963140010834,0.6575571894645691,1.3331315517425537,True,0.5305976271629333,0.6122158169746399,0.05000000074505806,0.05000000074505806,0.05000000074505806,6.075831697671674e-05,0.07692307978868484,0.10365825891494751,7.335956286880219e-09,1.4088085889816284,nnknn_target_value_model,0,0,71,15,56,71,50,14,26,70,80,2.5,4,4,nnknn,500,nnknn,500,"[159, 159, 182]",0.0,0.005779181607067585,0.036508847028017044
88944,4,86,0.4712580442428589,-0.02295771799981594,-0.01716962642967701,0.4942157566547394,,,,False,0.5788096785545349,0.6512564420700073,0.05000000074505806,0.05000000074505806,0.05000000074505806,6.093102274462581e-05,0.06976744532585144,-0.0880831852555275,1.9406163787039077e-08,1.226327657699585,nnknn_target_value_model,0,0,42,17,25,42,28,50,0,45,58,1.5,3,4,nnknn,500,nnknn,478,"[159, 162, 179]",0.0,0.005766252055764198,0.037008803337812424
89072,4,128,0.2821853756904602,-0.0027085323818027973,0.0030039194971323013,0.2848939001560211,,,,False,0.5712457895278931,0.6462162733078003,0.05000000074505806,0.05000000074505806,0.05000000074505806,6.071083407732658e-05,0.078125,0.12297216057777405,-1.4901161193847656e-08,1.407407522201538,nnknn_target_value_model,0,0,79,20,59,79,42,25,0,75,86,2.5,4,4,nnknn,500,nnknn,495,"[165, 158, 177]",0.0,0.005753667559474707,0.0365089476108551
89192,4,120,0.4881986677646637,-0.058660298585891724,-0.05354539304971695,0.5468589663505554,0.5456447005271912,0.20429539680480957,1.4105483293533325,True,0.5114912390708923,0.5966572165489197,0.05000000447034836,0.05000000074505806,0.05000000074505806,6.0664533521048725e-05,0.07500000298023224,0.15282085537910461,-9.934107758624577e-09,1.5129998922348022,nnknn_target_value_model,0,0,83,13,70,83,61,1,30,47,59,2.25,3,4,nnknn,500,nnknn,500,"[156, 160, 184]",0.0,0.005705360788851976,0.037008944898843765
89340,4,148,0.24336159229278564,-0.05083957314491272,-0.04516490921378136,0.29420116543769836,,,,False,0.5674671530723572,0.6429266929626465,0.04999999701976776,0.05000000074505806,0.05000000074505806,5.98878032178618e-05,0.0810810849070549,0.23922786116600037,-4.5106219204171794e-08,1.5016977787017822,nnknn_target_value_model,0,0,110,13,97,110,64,11,53,68,84,3.0,4,4,nnknn,500,nnknn,500,"[156, 163, 181]",0.0,0.005670016631484032,0.037508923560380936
89448,4,108,0.3278265595436096,-0.026164226233959198,-0.020428422838449478,0.3539907932281494,0.35313621163368225,0.5151281356811523,1.305341362953186,True,0.5735808610916138,0.6468715667724609,0.05000000447034836,0.05000000074505806,0.05000000074505806,5.927258462179452e-05,0.07407407462596893,0.09394998848438263,4.4151589051466544e-09,1.3511103391647339,nnknn_target_value_model,0,0,65,15,50,65,38,17,21,57,70,2.0,3,4,nnknn,500,nnknn,500,"[157, 158, 185]",0.0,0.005675106775015593,0.038008913397789
89524,4,76,0.21581284701824188,-0.22679223120212555,-0.22179749608039856,0.44260507822036743,,,,False,0.4994742274284363,0.5847426056861877,0.05000000074505806,0.05000000074505806,0.05000000074505806,5.971139034954831e-05,0.06578947603702545,-0.3028336465358734,-4.705630018975171e-08,1.1688389778137207,nnknn_target_value_model,0,0,22,22,0,22,16,25,0,56,60,1.25,3,4,nnknn,500,nnknn,491,"[155, 160, 185]",0.0,0.005671373568475246,0.03750891983509064
89664,4,140,0.21598224341869354,-0.16643239557743073,-0.16051074862480164,0.38241463899612427,,,,False,0.5921652913093567,0.6639891862869263,0.05000000074505806,0.05000000074505806,0.05000000074505806,5.929412873229012e-05,0.07857143133878708,0.2936628460884094,-4.427773703241655e-08,1.517063021659851,nnknn_target_value_model,0,0,105,125,0,105,56,50,0,62,84,2.75,3,4,nnknn,480,nnknn,497,"[148, 151, 181]",0.0,0.005945876706391573,0.03700893744826317
89794,4,130,-0.03639259934425354,-0.20139002799987793,-0.1961807906627655,0.1649974286556244,0.1639498770236969,0.766777753829956,1.371148943901062,True,0.5209231972694397,0.6016259789466858,0.05000000074505806,0.05000000074505806,0.05000000074505806,6.196528556756675e-05,0.07692307978868484,0.07418778538703918,1.1003934652364933e-08,1.42069673538208,nnknn_target_value_model,0,0,68,9,39,68,25,25,0,69,105,2.5,4,4,nnknn,500,nnknn,497,"[156, 156, 188]",0.0,0.005707144271582365,0.0365089476108551
89956,4,162,0.010836988687515259,-0.20061922073364258,-0.19492320716381073,0.21145620942115784,,,,False,0.5696007013320923,0.6452932357788086,0.05000000447034836,0.05000000074505806,0.05000000074505806,5.93893309996929e-05,0.08024691045284271,0.268026739358902,-1.4717196350488848e-08,1.5061217546463013,nnknn_target_value_model,0,0,113,125,0,113,55,75,0,88,107,3.25,4,4,nnknn,488,nnknn,477,"[152, 154, 182]",0.0,0.00590341305360198,0.03700893372297287
90052,4,96,0.17720472812652588,-0.20950692892074585,-0.2045152187347412,0.38671165704727173,0.3827594220638275,0.4681192636489868,1.536805510520935,True,0.49917030334472656,0.5863941311836243,0.05000000447034836,0.05000000074505806,0.05000000074505806,6.118362216511741e-05,0.0729166716337204,-0.12270089983940125,2.2351741790771484e-08,1.3679769039154053,nnknn_target_value_model,0,0,47,50,0,47,33,4,6,56,63,1.75,3,4,nnknn,485,nnknn,500,"[148, 155, 182]",0.0,0.0059633394703269005,0.036508940160274506
90192,4,140,0.03496609628200531,-0.23589469492435455,-0.23041972517967224,0.27086079120635986,,,,False,0.5474964380264282,0.6268898248672485,0.05000000074505806,0.05000000074505806,0.05000000074505806,6.554599531227723e-05,0.07857143133878708,0.19424177706241608,-3.4059798537100505e-08,1.4523125886917114,nnknn_target_value_model,0,0,89,0,49,89,48,30,18,72,92,2.75,4,4,nnknn,500,nnknn,500,"[159, 158, 183]",0.0,0.005853317677974701,0.03700893372297287
90298,4,106,0.2318391650915146,-0.1286420077085495,-0.12324196845293045,0.3604811728000641,,,,False,0.5400040745735168,0.6195108890533447,0.05000000074505806,0.05000000074505806,0.05000000074505806,6.170762208057567e-05,0.07547169923782349,-0.03199359029531479,-7.310003713456581e-09,1.3095401525497437,nnknn_target_value_model,0,0,55,20,35,55,36,50,0,66,70,2.0,4,4,nnknn,500,nnknn,486,"[156, 154, 190]",0.0,0.005930711980909109,0.037508923560380936
90424,4,126,0.09888692200183868,-0.13894520699977875,-0.13348501920700073,0.23783212900161743,0.23703919351100922,0.6057209968566895,1.3758752346038818,True,0.5460189580917358,0.6244109272956848,0.05000000447034836,0.05000000074505806,0.05000000074505806,6.272821337915957e-05,0.0793650820851326,0.08277739584445953,1.0407160466741061e-08,1.432240605354309,nnknn_target_value_model,0,0,80,14,66,80,48,14,20,48,78,2.5,4,4,nnknn,500,nnknn,500,"[163, 157, 180]",0.0,0.005935119930654764,0.038008913397789
90508,4,84,0.08033327758312225,-0.18515445291996002,-0.1805187463760376,0.2654877305030823,,,,False,0.4635712504386902,0.5555940270423889,0.04999999701976776,0.05000000074505806,0.05000000074505806,6.268638389883563e-05,0.0714285746216774,-0.31383639574050903,-3.12214822884016e-08,1.162184238433838,nnknn_target_value_model,0,0,22,10,12,22,26,50,0,51,58,1.5,4,4,nnknn,500,nnknn,476,"[159, 157, 184]",0.0,0.0059282248839735985,0.03750909864902496
90606,4,98,0.11886860430240631,-0.21496908366680145,-0.21037892997264862,0.33383768796920776,0.33294910192489624,0.5459942817687988,1.3552662134170532,True,0.4590160548686981,0.5541809797286987,0.05000000074505806,0.05000000074505806,0.05000000074505806,6.245957047212869e-05,0.0714285671710968,-0.02800963819026947,6.082106374094565e-09,1.3129490613937378,nnknn_target_value_model,0,0,50,7,43,50,29,2,3,49,69,1.75,3,4,nnknn,500,nnknn,500,"[166, 154, 180]",0.0,0.00593626219779253,0.0370091013610363
90746,4,140,-0.03253263235092163,-0.21321454644203186,-0.20849347114562988,0.18068191409111023,,,,False,0.4721081256866455,0.5636187791824341,0.05000000074505806,0.05000000074505806,0.05000000074505806,6.228089478099719e-05,0.07857143133878708,0.12993964552879333,1.7029899268550253e-08,1.4653946161270142,nnknn_target_value_model,0,0,81,100,0,81,36,27,9,76,104,2.75,4,4,nnknn,481,nnknn,500,"[154, 149, 178]",0.0,0.006221977528184652,0.037508998066186905
90898,4,152,0.2847561240196228,-0.03343231976032257,-0.028198622167110443,0.31818845868110657,,,,False,0.5233703255653381,0.6061132550239563,0.05000000074505806,0.05000000074505806,0.05000000074505806,6.564941577380523e-05,0.07894736528396606,0.26040175557136536,1.7253976025699558e-08,1.5359017848968506,nnknn_target_value_model,0,0,92,7,66,92,68,27,41,69,84,3.0,4,4,nnknn,500,nnknn,500,"[165, 154, 181]",0.0,0.005932863336056471,0.037009138613939285
90974,4,76,0.35233962535858154,-0.23383714258670807,-0.2305925339460373,0.5861767530441284,0.5857003331184387,0.35867124795913696,1.5883703231811523,True,0.3244611322879791,0.4389413595199585,0.05000000074505806,0.05000000074505806,0.05000000074505806,6.235059845494106e-05,0.06578947603702545,-0.33999159932136536,9.411259327407606e-09,1.1800414323806763,nnknn_target_value_model,0,0,21,25,0,21,15,25,0,46,61,1.25,3,4,nnknn,496,nnknn,490,"[158, 158, 180]",0.0,0.005998661741614342,0.03650916367769241
91092,4,118,0.21905505657196045,-0.11086071282625198,-0.10643935948610306,0.32991576194763184,,,,False,0.44213640689849854,0.5382710099220276,0.05000000074505806,0.05000000074505806,0.05000000074505806,6.307932926574722e-05,0.0762711837887764,0.06607898324728012,1.3133226950401422e-08,1.357819676399231,nnknn_target_value_model,0,0,67,75,0,67,31,25,0,74,87,2.25,4,4,nnknn,488,nnknn,496,"[154, 155, 179]",0.0,0.006070627830922604,0.036009225994348526
91220,4,128,0.30317825078964233,-0.08137040585279465,-0.0753135085105896,0.3845486640930176,0.3839307725429535,0.5078964233398438,1.225663185119629,True,0.6056904792785645,0.6749343872070312,0.05000000074505806,0.05000000074505806,0.05000000074505806,6.722431135131046e-05,0.078125,0.2403918206691742,-2.0489096641540527e-08,1.4563323259353638,nnknn_target_value_model,0,0,91,2,52,91,52,3,20,67,76,2.5,3,4,nnknn,500,nnknn,500,"[159, 158, 183]",0.0,0.005912942811846733,0.03550930693745613
91362,4,142,0.007649675011634827,-0.163913756608963,-0.15902194380760193,0.17156343162059784,,,,False,0.48918071389198303,0.5775569677352905,0.04999999329447746,0.05000000074505806,0.05000000074505806,6.241685332497582e-05,0.07746478915214539,0.09633385390043259,3.358008093812259e-09,1.4613229036331177,nnknn_target_value_model,0,0,82,15,67,82,47,15,32,70,95,2.75,4,4,nnknn,500,nnknn,500,"[159, 157, 184]",0.0,0.005891369190067053,0.03500938042998314
91502,4,140,0.06184948980808258,-0.14006437361240387,-0.13475054502487183,0.20191386342048645,,,,False,0.5313829779624939,0.6101476550102234,0.05000000074505806,0.05000000074505806,0.05000000074505806,6.171403219923377e-05,0.07857143133878708,0.19283176958560944,3.746577803553919e-08,1.4251914024353027,nnknn_target_value_model,0,0,85,17,68,85,53,75,0,61,87,2.75,4,4,nnknn,500,nnknn,478,"[159, 158, 183]",0.0,0.005898243747651577,0.03450941666960716
91664,4,162,0.1791619509458542,0.02668755315244198,0.031195281073451042,0.15247440338134766,0.15243084728717804,0.8373754024505615,1.333262324333191,True,0.4507734477519989,0.5442323684692383,0.05000000447034836,0.05000000074505806,0.05000000074505806,6.191081047290936e-05,0.08024691045284271,0.24122348427772522,-1.1773757080391078e-08,1.527173638343811,nnknn_target_value_model,0,0,104,20,84,104,58,4,32,60,104,3.25,4,4,nnknn,500,nnknn,500,"[166, 156, 178]",0.0,0.0058854976668953896,0.034219466149806976
91740,4,76,0.5618844032287598,-0.138973668217659,-0.1343023180961609,0.7008580565452576,,,,False,0.4671352803707123,0.5581168532371521,0.05000000074505806,0.05000000074505806,0.05000000074505806,6.198522896738723e-05,0.06578947603702545,-0.10079235583543777,0.0,1.1888704299926758,nnknn_target_value_model,0,0,45,11,34,45,29,15,14,39,47,1.25,2,4,nnknn,500,nnknn,500,"[161, 153, 186]",0.0,0.0058451127260923386,0.033719468861818314
91848,4,108,0.1560608446598053,-0.2181781828403473,-0.21274486184120178,0.3742390275001526,0.374713271856308,0.4923016428947449,1.3291587829589844,True,0.5433322787284851,0.62251877784729,0.05000000447034836,0.05000000074505806,0.05000000074505806,6.111888797022402e-05,0.07407407462596893,0.06836146861314774,-7.72652786196204e-09,1.3852144479751587,nnknn_target_value_model,0,0,63,19,44,63,37,19,18,63,71,2.0,3,4,nnknn,500,nnknn,500,"[164, 153, 183]",0.0,0.005828466732054949,0.03421945497393608
92030,4,182,0.09541141986846924,-0.21952909231185913,-0.21402136981487274,0.31494051218032837,,,,False,0.5507728457450867,0.628470778465271,0.05000000447034836,0.05000000074505806,0.05000000074505806,6.091313480283134e-05,0.08241758495569229,0.36405888199806213,-3.4059798537100505e-08,1.6286768913269043,nnknn_target_value_model,0,0,152,16,136,152,85,100,0,58,97,3.75,4,4,nnknn,500,nnknn,485,"[164, 157, 179]",0.0,0.00583773385733366,0.034719318151474
92202,4,172,0.07717150449752808,-0.14491590857505798,-0.14002695679664612,0.22208741307258606,,,,False,0.4888959527015686,0.5762551426887512,0.05000000074505806,0.05000000074505806,0.05000000074505806,6.0651236708508804e-05,0.08139535039663315,0.3157130777835846,2.772309048992838e-09,1.5658068656921387,nnknn_target_value_model,0,0,126,150,0,126,71,0,31,55,101,3.5,4,4,nnknn,476,nnknn,500,"[155, 152, 169]",0.0,0.00616958225145936,0.03521929681301117
92372,4,170,0.06177957355976105,-0.15655094385147095,-0.1513105034828186,0.218330517411232,0.2157743126153946,0.772736668586731,1.3282548189163208,True,0.5240433812141418,0.6059988141059875,0.05000000074505806,0.05000000074505806,0.05000000074505806,6.356472295010462e-05,0.08235294371843338,0.32195422053337097,-2.243939611901169e-08,1.5781493186950684,nnknn_target_value_model,0,0,142,5,113,142,65,24,41,72,105,3.5,4,4,nnknn,500,nnknn,500,"[166, 157, 177]",0.0,0.00587977422401309,0.03571929410099983
92470,4,98,0.13507112860679626,-0.24651113152503967,-0.24201902747154236,0.38158226013183594,,,,False,0.44921112060546875,0.5424855947494507,0.05000000074505806,0.05000000074505806,0.05000000074505806,6.075323835830204e-05,0.0714285671710968,-0.10051209479570389,2.432842594046747e-09,1.3542149066925049,nnknn_target_value_model,0,0,44,50,0,44,30,50,0,41,68,1.75,3,4,nnknn,494,nnknn,480,"[166, 153, 175]",0.0,0.005943069700151682,0.03542516008019447
92654,4,184,0.31524792313575745,-0.050274308770895004,-0.04498470947146416,0.36552223563194275,0.36391857266426086,0.6170678734779358,1.339457631111145,True,0.5289605259895325,0.6101836562156677,0.05000000447034836,0.05000000074505806,0.05000000074505806,6.136347656138241e-05,0.08152174204587936,0.38685157895088196,-1.2957531936308442e-08,1.641706109046936,nnknn_target_value_model,0,0,133,150,0,133,89,8,61,71,95,3.75,4,4,nnknn,477,nnknn,500,"[159, 145, 173]",0.0,0.006183069199323654,0.035925135016441345
92804,4,150,0.08713997900485992,-0.16967718303203583,-0.16387639939785004,0.25681716203689575,,,,False,0.5800788402557373,0.6522476077079773,0.05000000074505806,0.05000000074505806,0.05000000074505806,6.38838391751051e-05,0.07999999821186066,0.23896130919456482,-3.33786012163273e-08,1.5085428953170776,nnknn_target_value_model,0,0,101,7,71,101,66,17,49,56,84,3.0,4,4,nnknn,500,nnknn,500,"[163, 148, 189]",0.0,0.005928901024162769,0.03542514517903328
92944,4,140,0.044556036591529846,-0.20065619051456451,-0.19534887373447418,0.24521222710609436,,,,False,0.530731737613678,0.6121737957000732,0.05000000074505806,0.05000000074505806,0.05000000074505806,6.112668779678643e-05,0.07857143133878708,0.12881620228290558,1.1920929132713809e-08,1.5059348344802856,nnknn_target_value_model,0,0,84,100,0,84,54,15,39,72,86,2.75,4,4,nnknn,484,nnknn,500,"[160, 145, 179]",0.0,0.006145285442471504,0.03492516279220581
93094,4,150,0.03634709119796753,-0.14353562891483307,-0.13807131350040436,0.1798827201128006,0.179608553647995,0.744739830493927,1.4251471757888794,True,0.5464318990707397,0.6251596212387085,0.05000000074505806,0.05000000074505806,0.05000000074505806,6.278968066908419e-05,0.07999999821186066,0.1821962296962738,-3.814697180359872e-08,1.51796293258667,nnknn_target_value_model,0,0,101,8,77,101,48,50,0,84,102,3.0,4,4,nnknn,500,nnknn,498,"[162, 151, 187]",0.0,0.0059653716161847115,0.03542514890432358
93212,4,118,0.46429336071014404,-0.11567123234272003,-0.10998862981796265,0.5799645781517029,,,,False,0.5682607293128967,0.6449289917945862,0.05000000074505806,0.05000000074505806,0.05000000074505806,6.169269909150898e-05,0.0762711837887764,0.1356784701347351,-1.111273029152926e-08,1.5922586917877197,nnknn_target_value_model,0,0,76,100,0,76,63,3,33,36,55,2.25,3,4,nnknn,476,nnknn,500,"[152, 144, 180]",0.0,0.0062711201608181,0.03492515906691551
93350,4,138,0.1640508621931076,-0.12741045653820038,-0.12175988405942917,0.291461318731308,0.29074543714523315,0.5675891041755676,1.41213059425354,True,0.565056562423706,0.6398069858551025,0.04999999701976776,0.05000000074505806,0.05000000074505806,6.472594395745546e-05,0.07971014827489853,0.1639920473098755,1.3821367161881426e-08,1.4799418449401855,nnknn_target_value_model,0,0,90,6,60,90,49,9,40,76,89,2.75,4,4,nnknn,500,nnknn,500,"[161, 149, 190]",0.0,0.00596549641340971,0.035425156354904175
93510,4,160,0.16886061429977417,-0.044292040169239044,-0.03898254409432411,0.21315264701843262,,,,False,0.5309504866600037,0.6108396649360657,0.05000000074505806,0.05000000074505806,0.05000000074505806,6.143913196865469e-05,0.08125000447034836,0.25335556268692017,-4.7683716530855236e-08,1.523929238319397,nnknn_target_value_model,0,0,119,23,96,119,68,12,56,69,92,3.25,4,4,nnknn,500,nnknn,500,"[161, 150, 189]",0.0,0.005976843181997538,0.03592512756586075
93630,4,120,0.322473406791687,-0.07250189036130905,-0.06769461929798126,0.39497530460357666,,,,False,0.48072749376296997,0.5659729242324829,0.05000000447034836,0.05000000074505806,0.05000000074505806,6.204134842846543e-05,0.07500000298023224,0.07932274043560028,-1.2914340707936844e-08,1.5308289527893066,nnknn_target_value_model,0,0,73,20,53,73,56,19,37,43,64,2.25,3,4,nnknn,500,nnknn,500,"[170, 149, 181]",0.0,0.005963739939033985,0.03642505407333374
93740,4,110,0.6145810484886169,0.009309584274888039,0.014626006595790386,0.6052714586257935,0.6034300923347473,0.18704241514205933,1.588273286819458,True,0.5316429138183594,0.6126002669334412,0.05000000447034836,0.05000000074505806,0.05000000074505806,6.216779729584232e-05,0.072727270424366,0.05035082995891571,5.418603787887832e-09,1.5162163972854614,nnknn_target_value_model,0,0,55,75,0,55,57,75,0,48,53,2.0,3,4,nnknn,480,nnknn,482,"[163, 141, 176]",0.0,0.006164249964058399,0.035925060510635376
93848,4,108,0.07926315069198608,-0.1591019481420517,-0.15420646965503693,0.23836509883403778,,,,False,0.48954737186431885,0.57478266954422,0.05000000447034836,0.05000000074505806,0.05000000074505806,6.383619620464742e-05,0.07407407462596893,-0.04721633344888687,1.3245476715439963e-08,1.3092255592346191,nnknn_target_value_model,0,0,51,4,27,51,39,9,12,60,69,2.0,4,4,nnknn,500,nnknn,500,"[166, 149, 185]",0.0,0.005920219700783491,0.036425039172172546
94032,4,184,0.35253095626831055,-0.0833384320139885,-0.07760244607925415,0.43586939573287964,0.43362635374069214,0.6004986763000488,1.251291036605835,True,0.5735989809036255,0.6469613313674927,0.05000000447034836,0.05000000074505806,0.05000000074505806,6.151328852865845e-05,0.08152174204587936,0.42398104071617126,9.847724413702963e-08,1.6275745630264282,nnknn_target_value_model,0,0,145,23,122,145,103,25,78,46,81,3.75,4,4,nnknn,500,nnknn,500,"[168, 145, 187]",0.0,0.0059380498714745045,0.036128539592027664
94150,4,118,0.0733555406332016,-0.1911548227071762,-0.18639174103736877,0.2645103633403778,,,,False,0.4763084650039673,0.5661575794219971,0.05000000074505806,0.05000000074505806,0.05000000074505806,6.182790093589574e-05,0.0762711837887764,-0.049796584993600845,1.0102482184137784e-09,1.4159913063049316,nnknn_target_value_model,0,0,52,20,32,52,20,25,0,70,98,2.25,4,4,nnknn,500,nnknn,495,"[172, 146, 182]",0.0,0.00597026851028204,0.0356285460293293
94302,4,152,0.3241027295589447,-0.03300546854734421,-0.02772187627851963,0.3571082055568695,,,,False,0.5283600687980652,0.6100130677223206,0.05000000074505806,0.05000000074505806,0.05000000074505806,6.253600440686569e-05,0.07894736528396606,0.24111758172512054,1.4116889879289829e-08,1.5852879285812378,nnknn_target_value_model,0,0,95,100,0,95,79,75,0,64,73,3.0,4,4,nnknn,495,nnknn,499,"[164, 146, 185]",0.0,0.006046348717063665,0.03612852841615677
94452,4,150,0.1310187578201294,-0.10732138901948929,-0.10169374197721481,0.23834015429019928,0.23791873455047607,0.6781247854232788,1.3757281303405762,True,0.5627657175064087,0.639605700969696,0.05000000074505806,0.05000000074505806,0.05000000074505806,6.368960021063685e-05,0.07999999821186066,0.2346819043159485,1.5894572769070692e-08,1.5204057693481445,nnknn_target_value_model,0,0,106,9,92,106,70,75,0,62,80,3.0,4,4,nnknn,500,nnknn,494,"[168, 147, 185]",0.0,0.005989769473671913,0.03662852570414543
94614,4,162,0.2574937343597412,-0.12016807496547699,-0.11540820449590683,0.3776618242263794,,,,False,0.4759874641895294,0.5661514401435852,0.05000000447034836,0.05000000074505806,0.05000000074505806,6.315767677733675e-05,0.08024691045284271,0.21791793406009674,-1.4717196350488848e-08,1.6676154136657715,nnknn_target_value_model,0,0,113,125,0,113,83,15,62,61,79,3.25,4,4,nnknn,488,nnknn,500,"[164, 143, 181]",0.0,0.006161680910736322,0.03612854331731796
94752,4,138,-0.056119054555892944,-0.21518118679523468,-0.20988784730434418,0.15906213223934174,0.15928710997104645,0.7606620788574219,1.4906253814697266,True,0.5293344259262085,0.6090347766876221,0.04999999701976776,0.05000000074505806,0.05000000074505806,6.476348789874464e-05,0.07971014827489853,0.09946396201848984,6.910683580940713e-09,1.4975672960281372,nnknn_target_value_model,0,0,82,8,62,82,51,75,0,71,87,2.75,4,4,nnknn,500,nnknn,476,"[170, 145, 185]",0.0,0.006035881116986275,0.03583010286092758
94892,4,140,0.13378190994262695,-0.07583843916654587,-0.07052227109670639,0.20962034165859222,,,,False,0.5316174626350403,0.6119851469993591,0.05000000074505806,0.05000000074505806,0.05000000074505806,6.372085772454739e-05,0.07857143133878708,0.15195254981517792,-2.3841858265427618e-08,1.4549064636230469,nnknn_target_value_model,0,0,87,100,0,87,65,6,35,47,75,2.75,4,4,nnknn,487,nnknn,500,"[162, 146, 179]",0.0,0.006207505241036415,0.03553559258580208
95084,4,192,0.4248065948486328,-0.07658647000789642,-0.07059894502162933,0.5013930797576904,,,,False,0.5987533926963806,0.6704890131950378,0.05000000447034836,0.05000000074505806,0.05000000074505806,6.550538091687486e-05,0.0833333358168602,0.4691716134548187,-4.470348358154297e-08,1.7360880374908447,nnknn_target_value_model,0,0,156,11,132,156,103,23,80,57,89,4.0,4,4,nnknn,500,nnknn,500,"[163, 150, 187]",0.0,0.006085508037358522,0.03603557497262955
95214,4,130,0.11664062738418579,-0.11996357142925262,-0.11473516374826431,0.23660419881343842,0.23742914199829102,0.694148063659668,1.4919310808181763,True,0.5228415131568909,0.6048080325126648,0.05000000074505806,0.05000000074505806,0.05000000074505806,6.482386379502714e-05,0.07692307978868484,0.1538550853729248,7.335956286880219e-09,1.5243339538574219,nnknn_target_value_model,0,0,82,100,0,82,49,50,0,58,81,2.5,3,4,nnknn,482,nnknn,499,"[159, 144, 179]",0.0,0.006328924559056759,0.03653554618358612
95376,4,162,-0.01564127206802368,-0.14427553117275238,-0.13916918635368347,0.1286342591047287,,,,False,0.5106340646743774,0.5957533121109009,0.05000000447034836,0.05000000074505806,0.05000000074505806,6.698608922306448e-05,0.08024691045284271,0.20641997456550598,2.6490953430879927e-08,1.578730821609497,nnknn_target_value_model,0,0,102,7,77,102,60,75,0,72,102,3.25,4,4,nnknn,500,nnknn,484,"[170, 148, 182]",0.0,0.006096635013818741,0.0370355099439621
95504,4,128,0.048218756914138794,-0.16463786363601685,-0.1601874828338623,0.21285662055015564,0.2117484211921692,0.7143046855926514,1.636460781097412,True,0.4450376629829407,0.5388741493225098,0.05000000074505806,0.05000000074505806,0.05000000074505806,6.511215906357393e-05,0.078125,-0.024545559659600258,-4.0978193283081055e-08,1.4885573387145996,nnknn_target_value_model,0,0,65,75,0,65,43,50,0,64,85,2.5,4,4,nnknn,490,nnknn,477,"[161, 148, 181]",0.0,0.006269306875765324,0.03753530979156494
95654,4,150,0.19252851605415344,-0.06137791648507118,-0.055821191519498825,0.2539064288139343,,,,False,0.5556732416152954,0.6322015523910522,0.05000000074505806,0.05000000074505806,0.05000000074505806,6.732541078235954e-05,0.07999999821186066,0.22263361513614655,6.357828929992593e-09,1.5024261474609375,nnknn_target_value_model,0,0,112,125,0,112,58,6,29,72,92,3.0,4,4,nnknn,477,nnknn,500,"[157, 143, 177]",0.0,0.006430748384445906,0.03703532740473747
95772,4,118,0.3641296327114105,0.06590131670236588,0.07161754369735718,0.29822832345962524,,,,False,0.5716234445571899,0.6455140113830566,0.05000000074505806,0.05000000074505806,0.05000000074505806,6.92855755914934e-05,0.0762711837887764,-0.003553618909791112,8.081985747310227e-09,1.3536381721496582,nnknn_target_value_model,0,0,59,3,33,59,56,16,40,43,62,2.25,4,4,nnknn,500,nnknn,500,"[166, 149, 185]",0.0,0.006101246923208237,0.03653533384203911
95922,4,150,0.09380432218313217,-0.10735238343477249,-0.10131552070379257,0.20115670561790466,0.20075510442256927,0.7665832042694092,1.278829574584961,True,0.6036868691444397,0.6742159128189087,0.05000000074505806,0.05000000074505806,0.05000000074505806,6.610425043618307e-05,0.07999999821186066,0.26474347710609436,-1.907348590179936e-08,1.4770386219024658,nnknn_target_value_model,0,0,109,125,0,109,62,75,0,76,88,3.0,4,4,nnknn,484,nnknn,487,"[156, 146, 182]",0.0,0.006294917315244675,0.03703532740473747
95998,4,76,0.5002603530883789,-0.22028514742851257,-0.21507544815540314,0.7205455303192139,,,,False,0.5209702849388123,0.6013839244842529,0.05000000074505806,0.05000000074505806,0.05000000074505806,6.829077028669417e-05,0.06578947603702545,-0.26512452960014343,-1.097980284470168e-08,1.3044016361236572,nnknn_target_value_model,0,0,33,25,0,33,20,11,0,54,56,1.25,2,4,nnknn,492,nnknn,496,"[159, 148, 185]",0.0,0.006201816722750664,0.037535324692726135
96138,4,140,0.4755744934082031,-0.08356593549251556,-0.07818247377872467,0.5591404438018799,0.5589139461517334,0.32497072219848633,1.5258386135101318,True,0.5383469462394714,0.6183252930641174,0.05000000074505806,0.05000000074505806,0.05000000074505806,6.794602813897654e-05,0.07857143133878708,0.2467675358057022,6.811959440966575e-09,1.688633918762207,nnknn_target_value_model,0,0,98,100,0,98,76,75,0,62,64,2.75,3,4,nnknn,490,nnknn,497,"[159, 150, 181]",0.0,0.006284845061600208,0.03703546151518822
96278,4,140,0.003934130072593689,-0.19963644444942474,-0.194139301776886,0.20357057452201843,,,,False,0.5497140884399414,0.6277865767478943,0.05000000074505806,0.05000000074505806,0.05000000074505806,7.220879342639819e-05,0.07857143133878708,0.1182216927409172,-2.3841858265427618e-08,1.5074403285980225,nnknn_target_value_model,0,0,85,0,50,85,52,3,21,74,88,2.75,4,4,nnknn,500,nnknn,500,"[162, 153, 185]",0.0,0.006177911069244146,0.03753545507788658
96416,4,138,0.23691442608833313,-0.04979264363646507,-0.04464704170823097,0.2867070734500885,,,,False,0.5145609378814697,0.5982999205589294,0.04999999701976776,0.05000000074505806,0.05000000074505806,6.785419827792794e-05,0.07971014827489853,0.16131581366062164,1.036602537141107e-08,1.4594262838363647,nnknn_target_value_model,0,0,94,14,80,94,49,50,0,59,89,2.75,4,4,nnknn,500,nnknn,499,"[159, 153, 188]",0.0,0.006203881464898586,0.03703547269105911
96504,4,88,0.1266588568687439,-0.32978788018226624,-0.3244806230068207,0.45644673705101013,0.4547712206840515,0.4685410261154175,1.4777568578720093,True,0.5307270288467407,0.6113168597221375,0.05000000074505806,0.05000000074505806,0.05000000074505806,6.827510514995083e-05,0.06818182021379471,-0.06465085595846176,2.031976586991391e-09,1.3260812759399414,nnknn_target_value_model,0,0,42,8,34,42,31,50,0,45,57,1.5,2,4,nnknn,500,nnknn,480,"[162, 154, 184]",0.0,0.006212076637893915,0.037535469979047775
96656,4,152,0.29991501569747925,-0.07152623683214188,-0.06635070592164993,0.3714412450790405,,,,False,0.5175540447235107,0.6006309986114502,0.05000000074505806,0.05000000074505806,0.05000000074505806,6.804889562772587e-05,0.07894736528396606,0.23318026959896088,0.0,1.6116529703140259,nnknn_target_value_model,0,0,87,100,0,87,80,75,0,60,72,3.0,4,4,nnknn,487,nnknn,485,"[156, 153, 178]",0.0,0.006401258986443281,0.03703547269105911
96796,4,140,-0.1584528386592865,-0.3259415924549103,-0.3216674327850342,0.16748875379562378,0.16716933250427246,0.7806896567344666,1.3694133758544922,True,0.42741695046424866,0.5234002470970154,0.05000000074505806,0.05000000074505806,0.05000000074505806,7.016097515588626e-05,0.07857143133878708,0.14990763366222382,-1.362391888193315e-08,1.4608559608459473,nnknn_target_value_model,0,0,88,7,68,88,58,10,33,40,82,2.75,4,4,nnknn,500,nnknn,500,"[168, 153, 179]",0.0,0.0062252432107925415,0.03653552010655403
96956,4,160,0.14754362404346466,-0.03751778230071068,-0.03251545503735542,0.18506141006946564,,,,False,0.5002335906028748,0.5848119854927063,0.05000000074505806,0.05000000074505806,0.05000000074505806,6.79118384141475e-05,0.08125000447034836,0.2351178228855133,-2.6822091214739885e-08,1.5526354312896729,nnknn_target_value_model,0,0,119,125,0,119,65,75,0,78,95,3.25,4,4,nnknn,494,nnknn,490,"[173, 148, 173]",0.0,0.006277242675423622,0.036035530269145966
97086,4,130,0.22954313457012177,-0.04866437613964081,-0.04306236281991005,0.2782075107097626,,,,False,0.5602021217346191,0.635648787021637,0.05000000074505806,0.05000000074505806,0.05000000074505806,6.871458754176274e-05,0.07692307978868484,0.15107190608978271,-2.567584722612537e-08,1.510034203529358,nnknn_target_value_model,0,0,93,100,0,93,53,50,0,61,77,2.5,3,4,nnknn,487,nnknn,493,"[169, 146, 172]",0.0,0.006340164691209793,0.03653552010655403
97260,4,174,0.21238544583320618,-0.059987302869558334,-0.05449722707271576,0.2723727524280548,0.2733932137489319,0.6708194017410278,1.4870405197143555,True,0.549008309841156,0.6259687542915344,0.04999999701976776,0.05000000074505806,0.05000000074505806,7.315143011510372e-05,0.08045977354049683,0.2584247589111328,5.480886855480094e-09,1.66475248336792,nnknn_target_value_model,0,0,116,1,77,116,92,2,58,66,82,3.5,4,4,nnknn,500,nnknn,500,"[173, 153, 174]",0.0,0.006165231112390757,0.036035578697919846
97442,4,182,0.08491917699575424,-0.08340875059366226,-0.07754912227392197,0.1683279275894165,,,,False,0.5859639644622803,0.658443808555603,0.05000000447034836,0.05000000074505806,0.05000000074505806,6.780384865123779e-05,0.08241758495569229,0.33408263325691223,2.095987561290258e-08,1.6134556531906128,nnknn_target_value_model,0,0,148,11,137,148,79,3,76,77,103,3.75,4,4,nnknn,500,nnknn,500,"[176, 154, 170]",0.0,0.006175381597131491,0.036535508930683136
97538,4,96,0.39513397216796875,-0.0626678317785263,-0.05775519460439682,0.45780178904533386,0.45707517862319946,0.4368835687637329,1.574725866317749,True,0.4912641942501068,0.5780587196350098,0.05000000447034836,0.05000000074505806,0.05000000074505806,6.798112735850736e-05,0.0729166716337204,-0.14200162887573242,1.9868215517249155e-08,1.2914928197860718,nnknn_target_value_model,0,0,42,50,0,42,31,50,0,63,65,1.75,4,4,nnknn,492,nnknn,481,"[169, 154, 169]",0.0,0.006255378481000662,0.03603552281856537
97656,4,118,0.08558988571166992,-0.15001100301742554,-0.1445820927619934,0.23560088872909546,,,,False,0.5428906679153442,0.6220945119857788,0.05000000074505806,0.05000000074505806,0.05000000074505806,6.831646169302985e-05,0.0762711837887764,0.05988020822405815,3.232794298924091e-08,1.4068725109100342,nnknn_target_value_model,0,0,65,75,0,65,45,50,0,71,73,2.25,4,4,nnknn,482,nnknn,476,"[160, 154, 168]",0.0,0.006386810448020697,0.035535525530576706
97776,4,120,0.10474801063537598,-0.12890729308128357,-0.12418240308761597,0.23365530371665955,,,,False,0.4724884033203125,0.5609277486801147,0.05000000447034836,0.05000000074505806,0.05000000074505806,6.979504541959614e-05,0.07500000298023224,0.03356022760272026,-9.934107980669182e-10,1.4864368438720703,nnknn_target_value_model,0,0,63,50,0,63,38,6,8,74,82,2.25,3,4,nnknn,495,nnknn,500,"[163, 159, 173]",0.0,0.006238806992769241,0.03603552281856537
97930,4,154,0.2770594358444214,-0.1305101066827774,-0.12543292343616486,0.4075695276260376,0.4059448838233948,0.4836370348930359,1.4740934371948242,True,0.5077180862426758,0.5934714078903198,0.04999999701976776,0.05000000074505806,0.05000000074505806,6.870987999718636e-05,0.07792207598686218,0.291277140378952,2.167441692790817e-08,1.6407865285873413,nnknn_target_value_model,0,0,107,125,0,107,63,75,0,57,91,3.0,3,4,nnknn,477,nnknn,488,"[155, 154, 168]",0.0,0.006508090533316135,0.035535525530576706
98060,4,130,0.40315937995910645,-0.14414101839065552,-0.1383446902036667,0.547300398349762,,,,False,0.5796331167221069,0.6542791724205017,0.05000000074505806,0.05000000074505806,0.05000000074505806,7.185350114014e-05,0.07692307978868484,0.23063208162784576,-7.335956286880219e-09,1.588149070739746,nnknn_target_value_model,0,0,90,9,58,90,63,8,43,58,67,2.5,3,4,nnknn,500,nnknn,500,"[163, 163, 174]",0.0,0.006233929190784693,0.03603551164269447
98188,4,128,0.2466074824333191,-0.04461420327425003,-0.039142489433288574,0.2912216782569885,0.28982633352279663,0.5995115041732788,1.333500862121582,True,0.5471723079681396,0.6260499954223633,0.05000000074505806,0.05000000074505806,0.05000000074505806,6.917713471921161e-05,0.078125,0.16144505143165588,2.60770320892334e-08,1.4078395366668701,nnknn_target_value_model,0,0,80,100,0,80,61,75,0,62,67,2.5,4,4,nnknn,480,nnknn,486,"[155, 153, 172]",0.0,0.006512211170047522,0.035535529255867004
98348,4,160,0.27048397064208984,-0.1417294293642044,-0.13614320755004883,0.41221338510513306,,,,False,0.5586223006248474,0.6336762309074402,0.05000000074505806,0.05000000074505806,0.05000000074505806,7.241646380862221e-05,0.08125000447034836,0.36637911200523376,-3.8743021235632114e-08,1.6649929285049438,nnknn_target_value_model,0,0,132,8,104,132,70,75,0,76,90,3.25,3,4,nnknn,500,nnknn,481,"[165, 155, 180]",0.0,0.00629718042910099,0.03603552654385567
98488,4,140,-0.015216633677482605,-0.17527997493743896,-0.17072764039039612,0.16006334125995636,,,,False,0.4552328884601593,0.5467380285263062,0.05000000074505806,0.05000000074505806,0.05000000074505806,7.080714567564428e-05,0.07857143133878708,0.0460183285176754,0.0,1.5358542203903198,nnknn_target_value_model,0,0,71,14,57,71,39,3,17,67,101,2.75,4,4,nnknn,500,nnknn,500,"[166, 155, 179]",0.0,0.006328384857624769,0.03553564473986626
98628,4,140,0.08016155660152435,-0.1305522620677948,-0.12595607340335846,0.21071381866931915,0.21032287180423737,0.716580867767334,1.4848262071609497,True,0.459618479013443,0.5535186529159546,0.05000000074505806,0.05000000074505806,0.05000000074505806,7.155257480917498e-05,0.07857143133878708,0.1308239847421646,-1.1920929132713809e-08,1.5249159336090088,nnknn_target_value_model,0,0,89,17,72,89,44,50,0,81,96,2.75,4,4,nnknn,500,nnknn,494,"[168, 158, 174]",0.0,0.006367822177708149,0.035036079585552216
98744,4,116,0.21804603934288025,-0.11226126551628113,-0.1074400320649147,0.3303073048591614,,,,False,0.4821244180202484,0.5719377994537354,0.05000000074505806,0.05000000074505806,0.05000000074505806,7.221096166176721e-05,0.07758620381355286,-0.04889654740691185,8.22133028322014e-09,1.4425288438796997,nnknn_target_value_model,0,0,63,13,50,63,51,50,0,46,65,2.25,4,4,nnknn,500,nnknn,495,"[164, 156, 180]",0.0,0.00641621695831418,0.03553604707121849
98862,4,118,0.113430455327034,-0.22564969956874847,-0.2211146205663681,0.33908015489578247,0.3389464318752289,0.5253018140792847,1.5257371664047241,True,0.4535083472728729,0.5452798008918762,0.05000000074505806,0.05000000074505806,0.05000000074505806,7.321997691178694e-05,0.0762711837887764,-0.004361203871667385,1.111273029152926e-08,1.4313069581985474,nnknn_target_value_model,0,0,64,11,53,64,36,50,0,67,82,2.25,4,4,nnknn,500,nnknn,481,"[176, 154, 170]",0.0,0.0064598866738379,0.036036040633916855
99024,4,162,-0.11666549742221832,-0.25152695178985596,-0.24696747958660126,0.13486145436763763,,,,False,0.45594722032546997,0.5498954057693481,0.05000000447034836,0.05000000074505806,0.05000000074505806,7.389683742076159e-05,0.08024691045284271,0.20799162983894348,1.1773757080391078e-08,1.5631860494613647,nnknn_target_value_model,0,0,109,125,0,109,60,9,32,81,102,3.25,4,4,nnknn,484,nnknn,500,"[163, 152, 169]",0.0,0.006701797712594271,0.03553605079650879
99172,4,148,0.09143996238708496,-0.17046070098876953,-0.1660524606704712,0.2619006633758545,,,,False,0.44082584977149963,0.5343271493911743,0.04999999701976776,0.05000000074505806,0.05000000074505806,8.085927402134985e-05,0.0810810849070549,0.1383221298456192,-2.2553109602085897e-08,1.633969783782959,nnknn_target_value_model,0,0,98,0,57,98,50,50,0,79,98,3.0,4,4,nnknn,500,nnknn,500,"[165, 159, 176]",0.0,0.006517399102449417,0.035036079585552216
99300,4,128,0.231072336435318,-0.07151401787996292,-0.0672726035118103,0.3025863468647003,0.30098778009414673,0.549770712852478,1.526176929473877,True,0.42414212226867676,0.5226202011108398,0.05000000074505806,0.05000000074505806,0.05000000074505806,7.519879727624357e-05,0.078125,0.03809657692909241,1.6763806343078613e-08,1.4724197387695312,nnknn_target_value_model,0,0,78,12,66,78,45,50,0,65,83,2.5,4,4,nnknn,500,nnknn,495,"[169, 155, 176]",0.0,0.006490361411124468,0.034536104649305344
99502,4,202,0.1911134272813797,-0.08148221671581268,-0.07677625119686127,0.2725956439971924,,,,False,0.47059762477874756,0.5598262548446655,0.05000000074505806,0.05000000074505806,0.05000000074505806,7.462195208063349e-05,0.08415841311216354,0.4384293854236603,1.4163479278295199e-08,1.707619309425354,nnknn_target_value_model,0,0,173,175,0,173,88,100,0,89,114,4.25,4,4,nnknn,498,nnknn,483,"[162, 158, 178]",0.0,0.006569330580532551,0.034036122262477875
99696,4,194,0.20021025836467743,-0.045588333159685135,-0.040348902344703674,0.24579858779907227,0.24344830214977264,0.7474817037582397,1.428053855895996,True,0.5239438414573669,0.6043908596038818,0.05000000074505806,0.05000000074505806,0.05000000074505806,7.614559581270441e-05,0.0824742242693901,0.3692254424095154,7.496666398765228e-08,1.6887598037719727,nnknn_target_value_model,0,0,158,175,0,158,86,75,0,91,108,4.0,4,4,nnknn,481,nnknn,494,"[162, 151, 168]",0.0,0.0068814512342214584,0.03453609347343445
99816,4,120,0.21268033981323242,-0.08598380535840988,-0.08116672933101654,0.2986641526222229,,,,False,0.4817081689834595,0.5684233903884888,0.05000000447034836,0.05000000074505806,0.05000000074505806,8.039043314056471e-05,0.07500000298023224,0.025249361991882324,-6.95387569749073e-09,1.5045970678329468,nnknn_target_value_model,0,0,70,4,47,70,41,50,0,57,79,2.25,3,4,nnknn,500,nnknn,485,"[169, 157, 174]",0.0,0.006658326368778944,0.03503606095910072
99894,4,78,0.5377071499824524,-0.08590445667505264,-0.08066105097532272,0.6236116290092468,,,,False,0.5243411660194397,0.6051735877990723,0.05000000074505806,0.05000000074505806,0.05000000074505806,7.826275395927951e-05,0.06410256773233414,-0.2461635172367096,-6.113296979748384e-09,1.2435210943222046,nnknn_target_value_model,0,0,37,50,0,37,27,25,0,52,51,1.25,2,4,nnknn,487,nnknn,487,"[164, 151, 172]",0.0,0.006846004165709019,0.03453606739640236
100120,4,226,0.36916714906692505,-0.03784704953432083,-0.03227448835968971,0.4070141911506653,0.4031722843647003,0.6696628928184509,1.3843555450439453,True,0.5572570562362671,0.6319457292556763,0.05000000447034836,0.05000000074505806,0.05000000074505806,7.987907156348228e-05,0.08407079428434372,0.5120768547058105,-1.5824241472728318e-08,1.8067339658737183,nnknn_target_value_model,0,0,189,200,0,189,132,13,106,76,94,4.75,4,4,nnknn,476,nnknn,500,"[161, 148, 167]",0.0,0.0070321629755198956,0.03403612598776817
100324,4,204,0.23899486660957336,-0.09997257590293884,-0.09447561949491501,0.3389674425125122,,,,False,0.5496960878372192,0.6277778148651123,0.05000000447034836,0.05000000074505806,0.05000000074505806,8.700078615220264e-05,0.0833333358168602,0.41331666707992554,-5.6098492962064483e-08,1.7648006677627563,nnknn_target_value_model,0,0,173,0,125,173,107,125,0,63,97,4.25,4,4,nnknn,500,nnknn,482,"[168, 152, 180]",0.0,0.006705377250909805,0.03353613242506981
100474,4,150,0.07755047082901001,-0.15014362335205078,-0.1449885219335556,0.2276940941810608,0.22735922038555145,0.6834379434585571,1.5805572271347046,True,0.5155109763145447,0.5974255204200745,0.05000000074505806,0.05000000074505806,0.05000000074505806,7.892723806435242e-05,0.07999999821186066,0.16531221568584442,-2.543131571997037e-08,1.5923975706100464,nnknn_target_value_model,0,0,106,12,94,106,53,4,31,70,97,3.0,4,4,nnknn,500,nnknn,500,"[174, 151, 175]",0.0,0.006726689636707306,0.033036138862371445
100590,4,116,0.13412833213806152,-0.24190321564674377,-0.23794113099575043,0.3760315477848053,,,,False,0.3962094783782959,0.4973790645599365,0.05000000074505806,0.05000000074505806,0.05000000074505806,7.915539754321799e-05,0.07758620381355286,-0.06394863873720169,-1.3359661821255031e-08,1.4660481214523315,nnknn_target_value_model,0,0,64,75,0,64,29,50,0,55,87,2.25,4,4,nnknn,489,nnknn,479,"[167, 147, 175]",0.0,0.0068808975629508495,0.03353613242506981
100698,4,108,0.25167882442474365,-0.08668937534093857,-0.08219276368618011,0.3383682072162628,,,,False,0.4496622383594513,0.5431374907493591,0.05000000447034836,0.05000000074505806,0.05000000074505806,8.112432260531932e-05,0.07407407462596893,0.047593772411346436,4.4151589051466544e-09,1.4071038961410522,nnknn_target_value_model,0,0,65,14,40,65,39,6,12,69,69,2.0,3,4,nnknn,500,nnknn,500,"[171, 152, 177]",0.0,0.006693130824714899,0.03403612971305847
100860,4,162,-0.08976057171821594,-0.23986099660396576,-0.2351352572441101,0.15010042488574982,0.14941629767417908,0.8091948628425598,1.4485000371932983,True,0.4725756347179413,0.5629132986068726,0.05000000447034836,0.05000000074505806,0.05000000074505806,7.89592886576429e-05,0.08024691045284271,0.20982903242111206,-2.9434392700977696e-09,1.5654237270355225,nnknn_target_value_model,0,0,110,125,0,110,62,75,0,77,100,3.25,4,4,nnknn,485,nnknn,487,"[168, 145, 172]",0.0,0.006941522471606731,0.03353613615036011
101010,4,150,-0.005769073963165283,-0.1520686000585556,-0.14707450568675995,0.14629952609539032,,,,False,0.49941113591194153,0.5848827362060547,0.05000000074505806,0.05000000074505806,0.05000000074505806,8.202064782381058e-05,0.07999999821186066,0.1830507516860962,-3.496806044722689e-08,1.5155452489852905,nnknn_target_value_model,0,0,101,10,76,101,55,18,24,82,95,3.0,4,4,nnknn,500,nnknn,500,"[172, 150, 178]",0.0,0.0067491186782717705,0.033036138862371445
101144,4,134,0.46057412028312683,0.019347108900547028,0.023379499092698097,0.4412270188331604,0.44050338864326477,0.4637523293495178,1.4764736890792847,True,0.4032396674156189,0.5056856870651245,0.04999999701976776,0.05000000074505806,0.05000000074505806,7.969685975695029e-05,0.0746268630027771,0.17273592948913574,4.2701834956915263e-08,1.5512043237686157,nnknn_target_value_model,0,0,80,13,67,80,74,75,0,49,60,2.5,3,4,nnknn,500,nnknn,499,"[171, 150, 179]",0.0,0.006741824559867382,0.033536121249198914
101244,4,100,0.580390214920044,-0.06381721049547195,-0.058686789125204086,0.6442074179649353,,,,False,0.513042688369751,0.5990985631942749,0.04999999701976776,0.05000000074505806,0.05000000074505806,7.984816329553723e-05,0.07000000029802322,0.00569026917219162,7.1525572131747595e-09,1.461233139038086,nnknn_target_value_model,0,0,45,50,0,45,58,75,0,40,42,1.75,3,4,nnknn,495,nnknn,482,"[167, 151, 177]",0.0,0.006772435735911131,0.03403610363602638
101330,4,86,0.28801199793815613,-0.2276763617992401,-0.2229006588459015,0.5156883597373962,,,,False,0.47757118940353394,0.5664936900138855,0.05000000074505806,0.05000000074505806,0.05000000074505806,8.006628922885284e-05,0.06976744532585144,-0.29255080223083496,0.0,1.319973111152649,nnknn_target_value_model,0,0,30,10,15,30,26,25,0,44,60,1.5,3,4,nnknn,500,nnknn,483,"[173, 150, 177]",0.0,0.0066594709642231464,0.03374661132693291
101448,4,118,0.18559105694293976,-0.19611795246601105,-0.19130469858646393,0.3817090094089508,0.3800447881221771,0.4812057614326477,1.50173819065094,True,0.48132622241973877,0.5718504786491394,0.05000000074505806,0.05000000074505806,0.05000000074505806,7.867877866374329e-05,0.0762711837887764,0.05624455586075783,2.020496436827557e-09,1.483124017715454,nnknn_target_value_model,0,0,73,10,63,73,40,9,14,65,78,2.25,3,4,nnknn,500,nnknn,500,"[170, 154, 176]",0.0,0.006617313716560602,0.03424660861492157
101566,4,118,0.5840855240821838,-0.046556998044252396,-0.04100223630666733,0.6306425333023071,,,,False,0.5554767847061157,0.6355181932449341,0.05000000074505806,0.05000000074505806,0.05000000074505806,7.823097985237837e-05,0.0762711837887764,0.12217767536640167,8.081985747310227e-09,1.5650957822799683,nnknn_target_value_model,0,0,58,11,47,58,68,75,0,50,50,2.25,4,4,nnknn,500,nnknn,493,"[167, 152, 181]",0.0,0.006630380172282457,0.03474660590291023
101748,4,182,0.15816891193389893,-0.12621429562568665,-0.12075665593147278,0.28438320755958557,0.2811310589313507,0.6590644121170044,1.4453139305114746,True,0.5457659959793091,0.6248654723167419,0.05000000447034836,0.05000000074505806,0.05000000074505806,7.871275738580152e-05,0.08241758495569229,0.3194407820701599,-3.143981430753229e-08,1.685703158378601,nnknn_target_value_model,0,0,145,23,122,145,86,100,0,84,96,3.75,4,4,nnknn,500,nnknn,479,"[153, 156, 191]",0.0,0.006691157352179289,0.0352465957403183
101920,4,172,0.2014516294002533,-0.01049032062292099,-0.005844681523740292,0.2119419425725937,,,,False,0.46456465125083923,0.5557662844657898,0.05000000074505806,0.05000000074505806,0.05000000074505806,7.914051820989698e-05,0.08139535039663315,0.23376573622226715,3.32677103642709e-08,1.6723488569259644,nnknn_target_value_model,0,0,129,18,111,129,74,3,50,77,98,3.5,4,4,nnknn,500,nnknn,500,"[169, 151, 180]",0.0,0.0067071509547531605,0.03474660590291023
102102,4,182,0.25396326184272766,-0.09268787503242493,-0.08776148408651352,0.3466511368751526,,,,False,0.4926401674747467,0.5804511308670044,0.05000000447034836,0.05000000074505806,0.05000000074505806,7.933647430036217e-05,0.08241758495569229,0.2962186634540558,-7.859953576883072e-09,1.7753764390945435,nnknn_target_value_model,0,0,126,24,102,126,72,75,0,86,110,3.75,4,4,nnknn,500,nnknn,497,"[162, 154, 184]",0.0,0.006736518815159798,0.03424661606550217
102232,4,130,0.15103238821029663,-0.1525183618068695,-0.14763838052749634,0.30355075001716614,0.30606570839881897,0.6231899857521057,1.6080347299575806,True,0.4879997670650482,0.5743850469589233,0.05000000074505806,0.05000000074505806,0.05000000074505806,7.979477231856436e-05,0.07692307978868484,0.09191423654556274,-1.650590242263661e-08,1.571224331855774,nnknn_target_value_model,0,0,83,10,73,83,37,0,9,79,93,2.5,3,4,nnknn,500,nnknn,500,"[163, 153, 184]",0.0,0.006784077733755112,0.03474661335349083
102350,4,118,0.1739146113395691,-0.23827415704727173,-0.2327694594860077,0.4121887683868408,,,,False,0.5504717230796814,0.6278800368309021,0.05000000074505806,0.05000000074505806,0.05000000074505806,8.06898096925579e-05,0.0762711837887764,0.12377878278493881,1.0102482184137784e-09,1.472594976425171,nnknn_target_value_model,0,0,83,100,0,83,46,50,0,72,72,2.25,3,4,nnknn,483,nnknn,496,"[158, 149, 176]",0.0,0.007063761353492737,0.03424661606550217
102510,4,160,0.26817208528518677,-0.0539994090795517,-0.04774653539061546,0.32217150926589966,0.3204626142978668,0.5866743922233582,1.4367769956588745,True,0.6252879500389099,0.6916841864585876,0.05000000074505806,0.05000000074505806,0.05000000074505806,8.430756133748218e-05,0.08125000447034836,0.24441984295845032,5.9604645663569045e-09,1.6065315008163452,nnknn_target_value_model,0,0,105,18,70,105,85,100,0,60,75,3.25,4,4,nnknn,500,nnknn,481,"[163, 153, 184]",0.0,0.006809036713093519,0.03474660962820053
102662,4,152,0.30634453892707825,-0.005816204007714987,-0.0004420468758326024,0.3121607303619385,,,,False,0.5374165177345276,0.6174036264419556,0.05000000074505806,0.05000000074505806,0.05000000074505806,8.130061178235337e-05,0.07894736528396606,0.1514998972415924,9.411259327407606e-09,1.6129169464111328,nnknn_target_value_model,0,0,103,30,73,103,66,5,42,70,86,3.0,4,4,nnknn,500,nnknn,500,"[168, 154, 178]",0.0,0.006806292105466127,0.035246606916189194
102812,4,150,-0.01856587827205658,-0.18234960734844208,-0.17735642194747925,0.1637837290763855,,,,False,0.49931976199150085,0.5854054093360901,0.05000000074505806,0.05000000074505806,0.05000000074505806,8.129957859637216e-05,0.07999999821186066,0.09938880056142807,-1.2715657859985185e-08,1.5901721715927124,nnknn_target_value_model,0,0,94,100,0,94,60,75,0,73,90,3.0,4,4,nnknn,494,nnknn,485,"[165, 151, 178]",0.0,0.0069787465035915375,0.03474661335349083
102940,4,128,0.24626114964485168,-0.013919674791395664,-0.009084412828087807,0.26018083095550537,0.25872984528541565,0.646903395652771,1.5935063362121582,True,0.4835270941257477,0.5732630491256714,0.05000000074505806,0.05000000074505806,0.05000000074505806,8.401541708735749e-05,0.078125,0.01684652641415596,-3.725290298461914e-09,1.4915449619293213,nnknn_target_value_model,0,0,71,16,49,71,46,50,0,71,82,2.5,4,4,nnknn,500,nnknn,481,"[169, 154, 177]",0.0,0.006918946281075478,0.03524661064147949
103056,4,116,0.18050362169742584,-0.15855298936367035,-0.1531616747379303,0.3390566110610962,,,,False,0.539133608341217,0.6188284754753113,0.05000000074505806,0.05000000074505806,0.05000000074505806,8.382529631489888e-05,0.07758620381355286,-0.08117692172527313,-6.165997490370501e-09,1.4359805583953857,nnknn_target_value_model,0,0,61,12,49,61,33,8,6,65,83,2.25,4,4,nnknn,500,nnknn,500,"[169, 150, 181]",0.0,0.006921466905623674,0.035746581852436066
103184,4,128,0.09350687265396118,-0.2235291600227356,-0.21958954632282257,0.3170360326766968,0.31630605459213257,0.5456449389457703,1.601029634475708,True,0.3939626216888428,0.49634402990341187,0.05000000074505806,0.05000000074505806,0.05000000074505806,8.355062891496345e-05,0.078125,-0.0058538587763905525,-1.1175870895385742e-08,1.5299863815307617,nnknn_target_value_model,0,0,75,75,0,75,33,50,0,79,95,2.5,4,4,nnknn,500,nnknn,483,"[171, 151, 178]",0.0,0.006977623328566551,0.0352465882897377
103348,4,164,0.2892008423805237,-0.0728912353515625,-0.06760640442371368,0.3620920777320862,,,,False,0.5284835696220398,0.6112421154975891,0.04999999701976776,0.05000000074505806,0.05000000074505806,8.482367411488667e-05,0.07926829159259796,0.2580570876598358,6.687350406764381e-08,1.6449204683303833,nnknn_target_value_model,0,0,109,125,0,109,100,100,0,56,64,3.25,4,4,nnknn,484,nnknn,483,"[160, 149, 175]",0.0,0.0072572012431919575,0.035746537148952484
103476,4,128,0.0639214813709259,-0.14415156841278076,-0.1393795609474182,0.20807304978370667,,,,False,0.47720181941986084,0.5653890371322632,0.05000000074505806,0.05000000074505806,0.05000000074505806,8.861708920449018e-05,0.078125,0.13659754395484924,3.725290298461914e-09,1.457279086112976,nnknn_target_value_model,0,0,81,4,61,81,49,5,27,67,79,2.5,4,4,nnknn,500,nnknn,500,"[172, 151, 177]",0.0,0.007030467502772808,0.03524653986096382
103626,4,150,0.17479190230369568,-0.09533379226922989,-0.09066816419363022,0.27012568712234497,0.26946985721588135,0.6484577059745789,1.4831583499908447,True,0.4665639400482178,0.5572497844696045,0.05000000074505806,0.05000000074505806,0.05000000074505806,8.588758646510541e-05,0.07999999821186066,0.15364998579025269,-1.2715657859985185e-08,1.5790358781814575,nnknn_target_value_model,0,0,101,125,0,101,63,75,0,76,87,3.0,4,4,nnknn,476,nnknn,488,"[161, 143, 172]",0.0,0.007359352894127369,0.03574644774198532
103722,4,96,0.20120206475257874,-0.1885422170162201,-0.18398872017860413,0.38974428176879883,,,,False,0.4553508162498474,0.5469834208488464,0.05000000447034836,0.05000000074505806,0.05000000074505806,8.962442370830104e-05,0.0729166716337204,-0.2468017339706421,-3.725290298461914e-08,1.43161141872406,nnknn_target_value_model,0,0,38,5,9,38,28,15,1,60,68,1.75,3,4,nnknn,500,nnknn,500,"[169, 150, 181]",0.0,0.007038225419819355,0.03624643012881279
103850,4,128,0.2600038945674896,-0.04347769170999527,-0.03837363421916962,0.3034815788269043,0.30315542221069336,0.5592589378356934,1.4560563564300537,True,0.5104063749313354,0.594919741153717,0.05000000074505806,0.05000000074505806,0.05000000074505806,8.625579357612878e-05,0.078125,0.028223056346178055,2.0489096641540527e-08,1.4496941566467285,nnknn_target_value_model,0,0,69,14,55,69,45,50,0,56,83,2.5,4,4,nnknn,500,nnknn,495,"[169, 147, 184]",0.0,0.007018938194960356,0.036746419966220856
103966,4,116,0.16018708050251007,-0.13468827307224274,-0.1294584721326828,0.2948753535747528,,,,False,0.5229817032814026,0.6047438383102417,0.05000000074505806,0.05000000074505806,0.05000000074505806,8.583618910051882e-05,0.07758620381355286,-0.038862355053424835,6.165997490370501e-09,1.4066243171691895,nnknn_target_value_model,0,0,62,75,0,62,57,75,0,53,59,2.25,4,4,nnknn,487,nnknn,477,"[164, 144, 179]",0.0,0.00721114594489336,0.037246402353048325
104054,4,88,0.3430057764053345,-0.0984436497092247,-0.09352578967809677,0.44144943356513977,,,,False,0.4917867183685303,0.5780477523803711,0.05000000074505806,0.05000000074505806,0.05000000074505806,8.83587053976953e-05,0.06818182021379471,-0.14390632510185242,4.741278480935307e-09,1.378838062286377,nnknn_target_value_model,0,0,45,50,0,45,37,6,8,50,51,1.5,2,4,nnknn,482,nnknn,500,"[162, 145, 175]",0.0,0.007299093063920736,0.03674640879034996
104224,4,170,0.07710312306880951,-0.10212542116641998,-0.09764552861452103,0.1792285442352295,0.17708978056907654,0.8267769813537598,1.3917574882507324,True,0.4479900598526001,0.5413702130317688,0.05000000074505806,0.05000000074505806,0.05000000074505806,9.38311786740087e-05,0.08235294371843338,0.26949045062065125,1.6829547533347977e-08,1.6254123449325562,nnknn_target_value_model,0,0,129,0,86,129,59,24,35,60,111,3.5,4,4,nnknn,500,nnknn,500,"[169, 151, 180]",0.0,0.00707703223451972,0.036246415227651596
104396,4,172,0.0123872309923172,-0.1697559356689453,-0.164977565407753,0.1821431666612625,,,,False,0.4778383672237396,0.5665765404701233,0.05000000074505806,0.05000000074505806,0.05000000074505806,8.674433775013313e-05,0.08139535039663315,0.2300650179386139,5.544618097985676e-09,1.6318984031677246,nnknn_target_value_model,0,0,125,125,0,125,67,75,0,75,105,3.5,4,4,nnknn,500,nnknn,492,"[166, 151, 183]",0.0,0.007140249479562044,0.03674638271331787
104514,4,118,0.21696150302886963,-0.10328011959791183,-0.09747125208377838,0.32024163007736206,0.3200119733810425,0.5668846964836121,1.3647453784942627,True,0.580887496471405,0.6539729237556458,0.05000000074505806,0.05000000074505806,0.05000000074505806,8.808459824649617e-05,0.0762711837887764,0.10128148645162582,8.081985747310227e-09,1.4098809957504272,nnknn_target_value_model,0,0,73,75,0,73,54,18,28,51,64,2.25,3,4,nnknn,498,nnknn,500,"[162, 153, 183]",0.0,0.007195958402007818,0.03624638915061951
104580,4,66,0.609356164932251,-0.25668975710868835,-0.25165194272994995,0.8660458922386169,,,,False,0.5037826299667358,0.5866153836250305,0.05000000447034836,0.05000000074505806,0.05000000074505806,8.855993655743077e-05,0.06060606241226196,-0.45256176590919495,-4.515503526647535e-09,1.1733622550964355,nnknn_target_value_model,0,0,22,25,0,22,19,25,0,40,47,1.0,2,4,nnknn,495,nnknn,494,"[163, 151, 181]",0.0,0.007264493964612484,0.03674638643860817
104698,4,118,0.09277890622615814,-0.18581219017505646,-0.1816808134317398,0.2785910964012146,,,,False,0.4131389558315277,0.5128663182258606,0.05000000074505806,0.05000000074505806,0.05000000074505806,8.928407623898238e-05,0.0762711837887764,0.047527898102998734,-8.081985747310227e-09,1.5009359121322632,nnknn_target_value_model,0,0,68,12,51,68,44,50,0,72,74,2.25,3,4,nnknn,500,nnknn,488,"[172, 151, 177]",0.0,0.007257560268044472,0.03724638745188713
104814,4,116,-0.03718981146812439,-0.3159733712673187,-0.3113534152507782,0.27878355979919434,0.27766183018684387,0.6453961133956909,1.7039867639541626,True,0.4619963467121124,0.5531358122825623,0.05000000074505806,0.05000000074505806,0.05000000074505806,8.988173794932663e-05,0.07758620381355286,-0.1804192215204239,1.2331994980741001e-08,1.4872983694076538,nnknn_target_value_model,0,0,48,50,0,48,44,50,0,64,72,2.25,4,4,nnknn,498,nnknn,482,"[166, 149, 183]",0.0,0.007333367131650448,0.036746397614479065
104942,4,128,0.09305465221405029,-0.1957782506942749,-0.19047653675079346,0.2888329029083252,,,,False,0.53017258644104,0.6116023063659668,0.05000000074505806,0.05000000074505806,0.05000000074505806,9.094265260500833e-05,0.078125,0.09769527614116669,0.0,1.4765284061431885,nnknn_target_value_model,0,0,82,100,0,82,43,8,17,80,85,2.5,4,4,nnknn,480,nnknn,500,"[162, 143, 175]",0.0,0.007652707863599062,0.037246353924274445
105094,4,152,0.43412473797798157,-0.06624141335487366,-0.06074166297912598,0.5003661513328552,0.49874791502952576,0.4502999782562256,1.5449374914169312,True,0.5499757528305054,0.6262774467468262,0.05000000074505806,0.05000000074505806,0.05000000074505806,9.549951209919527e-05,0.07894736528396606,0.2525419592857361,-3.7645037309630425e-08,1.749228596687317,nnknn_target_value_model,0,0,102,3,79,102,89,23,66,57,63,3.0,3,4,nnknn,500,nnknn,500,"[165, 152, 183]",0.0,0.0073775979690253735,0.03674636036157608
105254,4,160,-0.012245923280715942,-0.18735180795192719,-0.18274061381816864,0.17510588467121124,,,,False,0.4611203372478485,0.552564263343811,0.05000000074505806,0.05000000074505806,0.05000000074505806,9.265200060326606e-05,0.08125000447034836,0.16969536244869232,-1.7881394143159923e-08,1.6178187131881714,nnknn_target_value_model,0,0,106,19,87,106,64,21,43,78,96,3.25,4,4,nnknn,500,nnknn,500,"[172, 151, 177]",0.0,0.007406393997371197,0.037246350198984146
105418,4,164,0.45845910906791687,-0.009147931821644306,-0.004432810470461845,0.4676070511341095,,,,False,0.4715130925178528,0.5625987648963928,0.04999999701976776,0.05000000074505806,0.05000000074505806,9.406494064023718e-05,0.07926829159259796,0.32127073407173157,1.4537717696327945e-09,1.7495317459106445,nnknn_target_value_model,0,0,117,125,0,117,97,100,0,59,67,3.25,3,4,nnknn,492,nnknn,497,"[168, 151, 173]",0.0,0.007546995300799608,0.03674635663628578
105536,4,118,-0.012941539287567139,-0.2137746810913086,-0.20913822948932648,0.20083314180374146,0.20060160756111145,0.7400254607200623,1.4541661739349365,True,0.4636463522911072,0.5566485524177551,0.05000000074505806,0.05000000074505806,0.05000000074505806,9.57022057264112e-05,0.0762711837887764,0.03215721249580383,3.5358687089370733e-09,1.4099406003952026,nnknn_target_value_model,0,0,62,10,44,62,35,50,0,64,83,2.25,4,4,nnknn,500,nnknn,482,"[176, 154, 170]",0.0,0.007430757395923138,0.037246353924274445
105600,4,64,0.5471235513687134,-0.1422865390777588,-0.13630712032318115,0.6894100904464722,,,,False,0.5979435443878174,0.6704237461090088,0.05000000074505806,0.05000000074505806,0.05000000074505806,9.447945194551721e-05,0.0625,-0.5682559609413147,-3.725290298461914e-09,1.039656162261963,nnknn_target_value_model,0,0,9,25,0,9,37,25,0,29,27,1.0,3,4,nnknn,484,nnknn,494,"[164, 152, 168]",0.0,0.007672187872231007,0.03774634376168251
105718,4,118,0.2373446226119995,-0.16941651701927185,-0.1638662964105606,0.40676113963127136,0.4052581489086151,0.4715222120285034,1.5818969011306763,True,0.5550230741500854,0.6318966150283813,0.05000000074505806,0.05000000074505806,0.05000000074505806,9.682249219622463e-05,0.0762711837887764,0.01700117439031601,1.3133226950401422e-08,1.551777958869934,nnknn_target_value_model,0,0,69,10,43,69,58,75,0,51,60,2.25,3,4,nnknn,500,nnknn,477,"[172, 157, 171]",0.0,0.0074281529523432255,0.03824634104967117
105868,4,150,-0.00517977774143219,-0.21996356546878815,-0.2154015600681305,0.21478378772735596,,,,False,0.4562018811702728,0.5507822036743164,0.05000000074505806,0.05000000074505806,0.05000000074505806,9.441295696888119e-05,0.07999999821186066,0.15403340756893158,-5.086263143994074e-08,1.5703176259994507,nnknn_target_value_model,0,0,104,11,93,104,57,6,28,80,93,3.0,4,4,nnknn,500,nnknn,500,"[171, 159, 170]",0.0,0.007458412554115057,0.03874633088707924
106008,4,140,0.5316977500915527,0.01359942089766264,0.018545474857091904,0.5180983543395996,,,,False,0.4946063458919525,0.5819224119186401,0.05000000074505806,0.05000000074505806,0.05000000074505806,9.48060696828179e-05,0.07857143133878708,0.07066187262535095,1.532690951933091e-08,1.6659152507781982,nnknn_target_value_model,0,0,82,100,0,82,68,75,0,56,72,2.75,4,4,nnknn,482,nnknn,493,"[160, 156, 166]",0.0,0.00771317770704627,0.038246333599090576
106158,4,150,0.14739102125167847,-0.07383513450622559,-0.06844138354063034,0.22122615575790405,0.22044940292835236,0.6907275915145874,1.4691568613052368,True,0.5393758416175842,0.6184471845626831,0.05000000074505806,0.05000000074505806,0.05000000074505806,0.00010320883302483708,0.07999999821186066,0.1303710788488388,-5.086263143994074e-08,1.5331240892410278,nnknn_target_value_model,0,0,100,0,57,100,75,2,41,40,75,3.0,4,4,nnknn,500,nnknn,500,"[165, 158, 177]",0.0,0.007393066771328449,0.037746362388134
106256,4,98,0.23948556184768677,-0.291085422039032,-0.28658270835876465,0.5305709838867188,,,,False,0.4502711594104767,0.5431303381919861,0.05000000074505806,0.05000000074505806,0.05000000074505806,9.458044223720208e-05,0.0714285671710968,-0.004549143370240927,4.865685188093494e-09,1.4346808195114136,nnknn_target_value_model,0,0,63,12,51,63,34,50,0,56,64,1.75,2,4,nnknn,500,nnknn,484,"[168, 155, 177]",0.0,0.0073797255754470825,0.03724636882543564
106384,4,128,0.35144245624542236,0.005443390924483538,0.010357296094298363,0.3459990620613098,0.34373319149017334,0.5196470022201538,1.6308915615081787,True,0.49139147996902466,0.578637957572937,0.05000000074505806,0.05000000074505806,0.05000000074505806,9.423749725101516e-05,0.078125,-0.01264694519340992,9.313225746154785e-09,1.562079668045044,nnknn_target_value_model,0,0,68,19,49,68,51,50,0,59,77,2.5,4,4,nnknn,500,nnknn,485,"[166, 157, 177]",0.0,0.007332551293075085,0.03774632513523102
106524,4,140,0.16369041800498962,-0.08643969148397446,-0.08189810812473297,0.2501301169395447,,,,False,0.4541587829589844,0.5475503206253052,0.05000000074505806,0.05000000074505806,0.05000000074505806,9.29481175262481e-05,0.07857143133878708,0.06389844417572021,5.108969691747234e-09,1.5388432741165161,nnknn_target_value_model,0,0,85,100,0,85,51,50,0,70,89,2.75,4,4,nnknn,485,nnknn,486,"[160, 152, 173]",0.0,0.007519231177866459,0.037246327847242355
106588,4,64,0.6008108258247375,-0.12219052016735077,-0.11745480448007584,0.7230013608932495,,,,False,0.4735719859600067,0.563620388507843,0.05000000074505806,0.05000000074505806,0.05000000074505806,9.54240167629905e-05,0.0625,-0.6336702108383179,1.210719347000122e-08,1.067819595336914,nnknn_target_value_model,0,0,9,0,0,9,32,25,0,29,32,1.0,3,4,nnknn,494,nnknn,493,"[164, 154, 176]",-0.000499999150633812,0.00730484165251255,0.03774631395936012
106696,4,108,0.10528239607810974,-0.25969773530960083,-0.25503984093666077,0.36498013138771057,0.36506539583206177,0.5358012914657593,1.4274693727493286,True,0.4657905101776123,0.5561284422874451,0.05000000447034836,0.05000000074505806,0.05000000074505806,9.220669016940519e-05,0.07407407462596893,0.00623205304145813,1.1037897262866636e-09,1.435672640800476,nnknn_target_value_model,0,0,61,75,0,61,39,50,0,69,69,2.0,3,4,nnknn,480,nnknn,482,"[158, 148, 174]",0.0,0.007543021813035011,0.03815348818898201
106878,4,182,0.015084877610206604,-0.18722902238368988,-0.18238310515880585,0.20231389999389648,,,,False,0.4845939874649048,0.5715919137001038,0.05000000447034836,0.05000000074505806,0.05000000074505806,9.503267938271165e-05,0.08241758495569229,0.30652564764022827,-3.2749806422316396e-08,1.628334879875183,nnknn_target_value_model,0,0,143,7,116,143,67,11,38,95,115,3.75,4,4,nnknn,500,nnknn,500,"[167, 150, 183]",0.0,0.0072749219834804535,0.03765350580215454
107016,4,138,-0.011832430958747864,-0.23709262907505035,-0.23301635682582855,0.2252601981163025,0.225271075963974,0.6884706020355225,1.6136201620101929,True,0.40762895345687866,0.5061013102531433,0.04999999701976776,0.05000000074505806,0.05000000074505806,9.139128815149888e-05,0.07971014827489853,0.010714207775890827,-2.4187393421470915e-08,1.5785521268844604,nnknn_target_value_model,0,0,79,100,0,79,48,22,26,75,90,2.75,4,4,nnknn,479,nnknn,500,"[157, 145, 177]",0.0,0.007635336834937334,0.03815349191427231
107104,4,88,0.3334927558898926,-0.1565113216638565,-0.15161550045013428,0.4900040626525879,,,,False,0.48958298563957214,0.5741004347801208,0.05000000074505806,0.05000000074505806,0.05000000074505806,0.00010173111513722688,0.06818182021379471,-0.14715102314949036,1.0837208463954084e-08,1.3856617212295532,nnknn_target_value_model,0,0,43,0,0,43,31,25,6,56,57,1.5,2,4,nnknn,498,nnknn,500,"[164, 151, 183]",0.0,0.007361868396401405,0.03865347057580948
107274,4,170,0.20091590285301208,-0.06447895616292953,-0.06012958288192749,0.2653948664665222,,,,False,0.43493834137916565,0.5311698317527771,0.05000000074505806,0.05000000074505806,0.05000000074505806,9.292340109823272e-05,0.08235294371843338,0.2777777314186096,1.6829547533347977e-08,1.6495566368103027,nnknn_target_value_model,0,0,126,14,110,126,79,100,0,75,91,3.5,4,4,nnknn,500,nnknn,479,"[169, 154, 177]",0.0,0.007359508890658617,0.03909188508987427
107436,4,162,-0.0317087322473526,-0.16946470737457275,-0.16500280797481537,0.13775597512722015,0.13755610585212708,0.828607976436615,1.5164459943771362,True,0.446191668510437,0.5394765734672546,0.05000000447034836,0.05000000074505806,0.05000000074505806,9.298928489442915e-05,0.08024691045284271,0.15062062442302704,-3.2377833747432305e-08,1.6043716669082642,nnknn_target_value_model,0,0,105,11,94,105,68,6,41,69,94,3.25,4,4,nnknn,500,nnknn,500,"[168, 154, 178]",0.0,0.00744222104549408,0.038591936230659485
107586,4,150,0.1962590515613556,-0.07286792993545532,-0.06911268085241318,0.2691269814968109,,,,False,0.3755255937576294,0.4795452356338501,0.05000000074505806,0.05000000074505806,0.05000000074505806,9.49431341723539e-05,0.07999999821186066,0.2570348083972931,-2.2252400810884865e-08,1.6320017576217651,nnknn_target_value_model,0,0,123,6,117,123,40,21,19,56,110,3.0,3,4,nnknn,500,nnknn,500,"[171, 153, 176]",0.0,0.007467770483344793,0.03809193894267082
107768,4,182,0.11456245929002762,-0.07652457803487778,-0.07175005227327347,0.1910870373249054,0.19061675667762756,0.8102672100067139,1.4249622821807861,True,0.47745364904403687,0.5648236870765686,0.05000000447034836,0.05000000074505806,0.05000000074505806,9.486374619882554e-05,0.08241758495569229,0.28189995884895325,-6.811959707420101e-08,1.6424708366394043,nnknn_target_value_model,0,0,140,150,0,140,89,29,60,49,93,3.75,4,4,nnknn,490,nnknn,500,"[167, 149, 174]",0.0,0.007665206678211689,0.037591978907585144
107908,4,140,0.19307486712932587,0.0005573653616011143,0.004894270095974207,0.1925175040960312,,,,False,0.43369147181510925,0.5284206867218018,0.05000000074505806,0.05000000074505806,0.05000000074505806,9.775391663424671e-05,0.07857143133878708,0.07358991354703903,-1.362391888193315e-08,1.552101969718933,nnknn_target_value_model,0,0,80,10,60,80,61,20,41,72,79,2.75,4,4,nnknn,500,nnknn,500,"[170, 154, 176]",0.0,0.0074773612432181835,0.03709198907017708
108014,4,106,0.30110985040664673,-0.16312175989151,-0.159092515707016,0.46423161029815674,,,,False,0.40292611718177795,0.5037451982498169,0.05000000074505806,0.05000000074505806,0.05000000074505806,9.499834413873032e-05,0.07547169923782349,-0.17498242855072021,-1.2370775515080368e-08,1.4294681549072266,nnknn_target_value_model,0,0,52,18,34,52,21,25,0,66,85,2.0,4,4,nnknn,500,nnknn,496,"[174, 149, 177]",0.0,0.007441774941980839,0.03759198635816574
108068,4,54,1.1432123184204102,0.010252570733428001,0.014563481323421001,1.1329597234725952,1.1316187381744385,0.31365132331848145,1.8827966451644897,True,0.43109193444252014,0.5281939506530762,0.05000000447034836,0.05000000074505806,0.05000000074505806,9.411090286448598e-05,0.0555555559694767,-0.7712562680244446,-3.973643103449831e-08,1.048355221748352,nnknn_target_value_model,0,0,11,7,4,11,14,0,0,40,40,0.75,2,4,nnknn,500,nnknn,486,"[177, 147, 176]",0.0,0.007383038755506277,0.03809191659092903
108166,4,98,0.15809009969234467,-0.19022436439990997,-0.18579216301441193,0.34831446409225464,,,,False,0.4432215690612793,0.537456214427948,0.05000000074505806,0.05000000074505806,0.05000000074505806,9.283203689847142e-05,0.0714285671710968,-0.11438775062561035,-1.6421687121237483e-08,1.3577556610107422,nnknn_target_value_model,0,0,45,14,31,45,33,25,0,65,65,1.75,3,4,nnknn,500,nnknn,494,"[166, 151, 183]",0.0,0.007370770443230867,0.038591913878917694
108316,4,150,0.09315504133701324,-0.12678438425064087,-0.12185477465391159,0.2199394255876541,0.21950556337833405,0.760650634765625,1.3346142768859863,True,0.49296244978904724,0.5805152654647827,0.05000000074505806,0.05000000074505806,0.05000000074505806,9.331243927590549e-05,0.07999999821186066,0.19800090789794922,0.0,1.5319643020629883,nnknn_target_value_model,0,0,98,100,0,98,54,21,27,79,96,3.0,4,4,nnknn,498,nnknn,500,"[165, 151, 182]",0.0,0.007371888961642981,0.03909190744161606
108458,4,142,0.4092274010181427,-0.03251421079039574,-0.027591340243816376,0.44174161553382874,,,,False,0.49228838086128235,0.5801095366477966,0.04999999329447746,0.05000000074505806,0.05000000074505806,9.32783805183135e-05,0.07746478915214539,0.1637575328350067,2.6864064750498073e-08,1.6814312934875488,nnknn_target_value_model,0,0,86,100,0,86,68,75,0,51,74,2.75,3,4,nnknn,484,nnknn,493,"[159, 148, 177]",0.0,0.007652631029486656,0.03959190472960472
108522,4,64,0.638678789138794,-0.11601284146308899,-0.11131276935338974,0.7546916007995605,,,,False,0.4700082838535309,0.5591626167297363,0.05000000074505806,0.05000000074505806,0.05000000074505806,9.727219003252685e-05,0.0625,-0.6824769973754883,-4.563480615615845e-08,1.0845363140106201,nnknn_target_value_model,0,0,7,0,0,7,27,25,0,29,37,1.0,3,4,nnknn,491,nnknn,495,"[161, 151, 179]",-0.0004999971715733409,0.007548661902546883,0.040091902017593384
108652,4,130,0.2124778777360916,-0.06093097850680351,-0.056505121290683746,0.2734088599681854,0.27200213074684143,0.6207729578018188,1.4895782470703125,True,0.4425866901874542,0.5353235006332397,0.05000000074505806,0.05000000074505806,0.05000000074505806,9.582060010870919e-05,0.07692307978868484,0.006190320942550898,1.1003934652364933e-08,1.49281907081604,nnknn_target_value_model,0,0,70,75,0,70,44,50,0,63,86,2.5,4,4,nnknn,486,nnknn,489,"[166, 145, 175]",0.0,0.007670330349355936,0.04054826870560646
108790,4,138,0.573835015296936,-0.04087582230567932,-0.03648829832673073,0.614710807800293,,,,False,0.43875348567962646,0.5340181589126587,0.04999999701976776,0.05000000074505806,0.05000000074505806,9.783895075088367e-05,0.07971014827489853,0.09356077015399933,-1.3821367161881426e-08,1.7161316871643066,nnknn_target_value_model,0,0,78,75,0,78,66,75,0,53,72,2.75,4,4,nnknn,489,nnknn,480,"[166, 150, 173]",0.0,0.007581143639981747,0.040048982948064804
108918,4,128,0.3973647952079773,-0.0076470146887004375,-0.0025703608989715576,0.4050118029117584,0.4034557342529297,0.4468938708305359,1.4620672464370728,True,0.5076663494110107,0.591905951499939,0.05000000074505806,0.05000000074505806,0.05000000074505806,9.699103247839957e-05,0.078125,0.0628366768360138,0.0,1.545924186706543,nnknn_target_value_model,0,0,77,10,56,77,53,50,0,70,75,2.5,4,4,nnknn,500,nnknn,483,"[170, 154, 176]",0.0,0.007399289403110743,0.03954899683594704
109056,4,138,0.17355979979038239,-0.048415977507829666,-0.04430273920297623,0.22197577357292175,,,,False,0.411325067281723,0.5108485221862793,0.04999999701976776,0.05000000074505806,0.05000000074505806,9.480151493335143e-05,0.07971014827489853,0.05521875247359276,0.0,1.5263943672180176,nnknn_target_value_model,0,0,78,15,63,78,49,8,24,61,89,2.75,4,4,nnknn,500,nnknn,500,"[168, 155, 177]",0.0,0.007380837574601173,0.03905034437775612
109216,4,160,0.24023115634918213,-0.07522177696228027,-0.07141623646020889,0.3154529333114624,,,,False,0.3805546760559082,0.48605427145957947,0.05000000074505806,0.05000000074505806,0.05000000074505806,9.502623288426548e-05,0.08125000447034836,0.2560153007507324,-5.9604645663569045e-09,1.644181489944458,nnknn_target_value_model,0,0,118,11,107,118,67,75,0,62,93,3.25,4,4,nnknn,500,nnknn,492,"[177, 146, 177]",0.0,0.007377518806606531,0.038550347089767456
109302,4,86,0.18616795539855957,-0.25888484716415405,-0.2551979720592499,0.4450528025627136,0.44409745931625366,0.47478413581848145,1.4246644973754883,True,0.36868786811828613,0.4751571714878082,0.05000000074505806,0.05000000074505806,0.05000000074505806,9.505143680144101e-05,0.06976744532585144,-0.1413528323173523,1.7326931001093726e-08,1.2756192684173584,nnknn_target_value_model,0,0,42,50,0,42,25,25,0,61,61,1.5,3,4,nnknn,492,nnknn,492,"[177, 144, 171]",0.0,0.0074407788924872875,0.03805036470293999
109430,4,128,0.047171786427497864,-0.2291484922170639,-0.22468863427639008,0.27632027864456177,,,,False,0.44598743319511414,0.5399324893951416,0.05000000074505806,0.05000000074505806,0.05000000074505806,9.513962868368253e-05,0.078125,0.023205198347568512,-1.30385160446167e-08,1.5176990032196045,nnknn_target_value_model,0,0,76,75,0,76,53,15,30,72,75,2.5,4,4,nnknn,493,nnknn,500,"[175, 146, 172]",0.0,0.007501114625483751,0.03855035826563835
109568,4,138,0.2866041958332062,-0.035441335290670395,-0.031761642545461655,0.32204553484916687,0.31890857219696045,0.5654531121253967,1.554236888885498,True,0.3679705560207367,0.47476717829704285,0.04999999701976776,0.05000000074505806,0.05000000074505806,9.68297099461779e-05,0.07971014827489853,0.06383863836526871,3.4553417904703565e-09,1.6121233701705933,nnknn_target_value_model,0,0,96,8,81,96,51,75,0,47,87,2.75,4,4,nnknn,500,nnknn,476,"[182, 147, 171]",0.0,0.007394896820187569,0.03905034065246582
109666,4,98,0.3883098363876343,-0.11459244787693024,-0.10983537137508392,0.5029022693634033,,,,False,0.4757082760334015,0.5654534101486206,0.05000000074505806,0.05000000074505806,0.05000000074505806,9.540759492665529e-05,0.0714285671710968,-0.01523629855364561,-1.4597056008369691e-08,1.5016008615493774,nnknn_target_value_model,0,0,63,75,0,63,45,8,13,48,53,1.75,2,4,nnknn,488,nnknn,500,"[174, 144, 170]",0.0,0.007547813467681408,0.038550347089767456
109848,4,182,0.04413982480764389,-0.12478897720575333,-0.12084328383207321,0.16892880201339722,,,,False,0.3945700228214264,0.49437907338142395,0.05000000447034836,0.05000000074505806,0.05000000074505806,9.698155918158591e-05,0.08241758495569229,0.2728904187679291,-2.881982830160723e-08,1.692440152168274,nnknn_target_value_model,0,0,146,150,0,146,55,75,0,69,127,3.75,4,4,nnknn,484,nnknn,480,"[177, 139, 168]",0.0,0.007622707635164261,0.038050394505262375
110008,4,160,0.13876008987426758,-0.0709819421172142,-0.06685995310544968,0.20974202454090118,0.2090895175933838,0.7445173263549805,1.4764161109924316,True,0.41219988465309143,0.5108990669250488,0.05000000074505806,0.05000000074505806,0.05000000074505806,9.785823931451887e-05,0.08125000447034836,0.19726648926734924,-3.1292440638708285e-08,1.6242746114730835,nnknn_target_value_model,0,0,115,100,0,115,62,10,32,80,98,3.25,4,4,nnknn,499,nnknn,500,"[185, 145, 169]",0.0,0.0073891980573534966,0.03855038061738014
110106,4,98,0.28665950894355774,-0.14801087975502014,-0.14344342052936554,0.4346703886985779,,,,False,0.4567469358444214,0.5499413013458252,0.05000000074505806,0.05000000074505806,0.05000000074505806,0.00010012852726504207,0.0714285671710968,-0.25515416264533997,-3.041053275865124e-08,1.4244954586029053,nnknn_target_value_model,0,0,40,2,12,40,39,17,22,48,59,1.75,3,4,nnknn,500,nnknn,500,"[183, 145, 172]",0.0,0.007422404829412699,0.03805038332939148
110256,4,150,0.4619370698928833,-0.071929931640625,-0.06733155995607376,0.5338670015335083,0.5339553952217102,0.37876564264297485,1.5529718399047852,True,0.4598378539085388,0.5516404509544373,0.05000000074505806,0.05000000074505806,0.05000000074505806,9.621250501368195e-05,0.07999999821186066,0.21120411157608032,-4.450480162176973e-08,1.72152841091156,nnknn_target_value_model,0,0,99,100,0,99,76,100,0,60,74,3.0,4,4,nnknn,499,nnknn,476,"[180, 146, 173]",0.0,0.007476432248950005,0.038550376892089844
110352,4,96,0.33804750442504883,-0.06464951485395432,-0.060252778232097626,0.40269702672958374,,,,False,0.43967461585998535,0.5342819690704346,0.05000000447034836,0.05000000074505806,0.05000000074505806,9.715813212096691e-05,0.0729166716337204,-0.12112484872341156,2.4835269840650653e-08,1.402772307395935,nnknn_target_value_model,0,0,49,50,0,49,34,6,4,55,62,1.75,3,4,nnknn,498,nnknn,500,"[182, 145, 171]",0.0,0.007467022631317377,0.03805038332939148
110522,4,170,0.0029519349336624146,-0.21712863445281982,-0.21358928084373474,0.22008056938648224,,,,False,0.3539367616176605,0.4640008509159088,0.05000000074505806,0.05000000074505806,0.05000000074505806,9.671985026216134e-05,0.08235294371843338,0.23361559212207794,-1.9634471826179833e-08,1.6764411926269531,nnknn_target_value_model,0,0,129,150,0,129,63,22,41,70,107,3.5,4,4,nnknn,477,nnknn,500,"[170, 139, 168]",0.0,0.007847724482417107,0.0375504232943058
110638,4,116,0.14442627131938934,-0.22106681764125824,-0.2163487672805786,0.3654930889606476,0.3649856746196747,0.4810855984687805,1.6068222522735596,True,0.4718061089515686,0.5604050755500793,0.05000000074505806,0.05000000074505806,0.05000000074505806,0.00010230960469925776,0.07758620381355286,-0.12151852995157242,2.055332570805035e-09,1.4716702699661255,nnknn_target_value_model,0,0,53,50,0,53,46,50,0,47,70,2.25,4,4,nnknn,480,nnknn,496,"[170, 142, 168]",0.0,0.007809850387275219,0.03805039823055267
110746,4,108,0.35459044575691223,-0.054683785885572433,-0.04983345791697502,0.40927422046661377,,,,False,0.48503389954566956,0.571647584438324,0.05000000447034836,0.05000000074505806,0.05000000074505806,0.0001019440678646788,0.07407407462596893,-0.0024359149392694235,1.545305572392408e-08,1.4292528629302979,nnknn_target_value_model,0,0,58,8,30,58,47,50,0,60,61,2.0,3,4,nnknn,500,nnknn,493,"[179, 144, 177]",0.0,0.007492543663829565,0.037743788212537766
110844,4,98,0.09875452518463135,-0.28100526332855225,-0.2762264013290405,0.3797597885131836,0.37842294573783875,0.5282602310180664,1.5043799877166748,True,0.4778866469860077,0.5665870904922485,0.05000000074505806,0.05000000074505806,0.05000000074505806,9.862941806204617e-05,0.0714285671710968,-0.13669472932815552,-2.676126875655882e-08,1.3593257665634155,nnknn_target_value_model,0,0,48,50,0,48,47,50,0,42,51,1.75,3,4,nnknn,498,nnknn,490,"[177, 141, 180]",0.0,0.007509417831897736,0.03744301199913025
111028,4,184,0.3503498136997223,0.013175543397665024,0.016879407688975334,0.33717426657676697,,,,False,0.3703874945640564,0.47584497928619385,0.05000000447034836,0.05000000074505806,0.05000000074505806,9.802448039408773e-05,0.08152174204587936,0.2857128381729126,-1.5549037613027394e-08,1.7429156303405762,nnknn_target_value_model,0,0,139,150,0,139,87,12,65,72,97,3.75,4,4,nnknn,487,nnknn,500,"[174, 139, 174]",0.0,0.0077028097584843636,0.03694303333759308
111072,4,44,1.1895068883895874,-0.33979979157447815,-0.33590754866600037,1.5293066501617432,,,,False,0.38922518491744995,0.49127936363220215,0.05000000074505806,0.05000000074505806,0.05000000074505806,0.00010640249820426106,0.04545454680919647,-1.0804736614227295,8.669766771163268e-08,0.8239571452140808,nnknn_target_value_model,0,0,0,0,0,0,9,0,9,29,35,0.5,2,4,nnknn,462,nnknn,500,"[161, 135, 166]",0.0003873335081152618,0.008044023998081684,0.036443062126636505
111222,4,150,0.20861375331878662,-0.09580313414335251,-0.09067180007696152,0.3044168949127197,0.30420392751693726,0.648544192314148,1.3440816402435303,True,0.5131344199180603,0.5941563248634338,0.05000000074505806,0.05000000074505806,0.05000000074505806,0.00010497846960788593,0.07999999821186066,0.17655257880687714,4.1325886712684223e-08,1.546532392501831,nnknn_target_value_model,0,0,103,0,65,103,60,8,52,69,90,3.0,4,4,nnknn,500,nnknn,500,"[176, 146, 178]",0.0,0.007439292501658201,0.03610802814364433
111350,4,128,0.20437853038311005,-0.13712628185749054,-0.1327919214963913,0.3415048122406006,,,,False,0.43343740701675415,0.5304061770439148,0.05000000074505806,0.05000000074505806,0.05000000074505806,9.717691864352673e-05,0.078125,0.04228462278842926,1.1175870895385742e-08,1.545388102531433,nnknn_target_value_model,0,0,83,8,75,83,44,13,31,63,84,2.5,4,4,nnknn,500,nnknn,500,"[182, 145, 173]",0.0,0.007472278084605932,0.0366080142557621
111522,4,172,0.43163472414016724,-0.004601456690579653,-0.00015579821774736047,0.436236172914505,0.4307120144367218,0.5429857969284058,1.4422484636306763,True,0.44456684589385986,0.5409342050552368,0.05000000074505806,0.05000000074505806,0.05000000074505806,9.776394290383905e-05,0.08139535039663315,0.2793181240558624,-5.544618097985676e-09,1.727484941482544,nnknn_target_value_model,0,0,131,150,0,131,80,100,0,83,92,3.5,4,4,nnknn,481,nnknn,480,"[173, 138, 170]",0.0,0.007808534894138575,0.037108007818460464
111618,4,96,0.4715278744697571,-0.09491461515426636,-0.09066265821456909,0.5664424896240234,,,,False,0.42519611120224,0.5198695659637451,0.05000000447034836,0.05000000074505806,0.05000000074505806,0.00010260303679388016,0.0729166716337204,-0.180640310049057,3.476937848745365e-08,1.4331185817718506,nnknn_target_value_model,0,0,49,8,22,49,29,25,0,61,67,1.75,3,4,nnknn,500,nnknn,484,"[187, 141, 172]",0.0,0.007500162348151207,0.0366080179810524
111758,4,140,0.5580905079841614,-0.0035499930381774902,0.0009719814406707883,0.5616405010223389,,,,False,0.45219841599464417,0.5458166003227234,0.05000000074505806,0.05000000074505806,0.05000000074505806,9.83904319582507e-05,0.07857143133878708,0.13174903392791748,-1.7029899268550253e-08,1.6848560571670532,nnknn_target_value_model,0,0,83,14,69,83,80,6,58,55,60,2.75,4,4,nnknn,500,nnknn,500,"[183, 141, 176]",0.0,0.007500501815229654,0.037108007818460464
111866,4,108,-0.05689370632171631,-0.316188246011734,-0.31158632040023804,0.2592945396900177,0.2580925524234772,0.6992597579956055,1.5692229270935059,True,0.4601922333240509,0.5512861609458923,0.05000000447034836,0.05000000074505806,0.05000000074505806,9.837956167757511e-05,0.07407407462596893,-0.15599438548088074,6.622738357719982e-09,1.3952603340148926,nnknn_target_value_model,0,0,40,5,35,40,43,6,37,61,65,2.0,4,4,nnknn,500,nnknn,500,"[178, 145, 177]",0.0,0.0075258915312588215,0.03760800138115883
112004,4,138,0.4696855843067169,0.0410340316593647,0.04503444582223892,0.4286515414714813,,,,False,0.40004265308380127,0.5042871832847595,0.04999999701976776,0.05000000074505806,0.05000000074505806,9.89521067822352e-05,0.07971014827489853,0.057956792414188385,-3.4553416128346726e-08,1.6652991771697998,nnknn_target_value_model,0,0,79,16,63,79,69,18,51,53,69,2.75,4,4,nnknn,500,nnknn,500,"[182, 143, 175]",0.0,0.007475394755601883,0.03710801526904106
112110,4,106,0.17683878540992737,-0.0657540038228035,-0.06166742369532585,0.24259278178215027,0.24174687266349792,0.6861263513565063,1.5639528036117554,True,0.4086587429046631,0.5094437599182129,0.05000000074505806,0.05000000074505806,0.05000000074505806,9.794880315894261e-05,0.07547169923782349,-0.18042254447937012,-1.124615955916397e-09,1.3786640167236328,nnknn_target_value_model,0,0,43,11,32,43,38,50,0,62,68,2.0,4,4,nnknn,500,nnknn,488,"[182, 141, 177]",0.0,0.007478787563741207,0.03760800138115883
112240,4,130,0.06629796326160431,-0.1613900512456894,-0.15722571313381195,0.2276880145072937,,,,False,0.416434645652771,0.5132009387016296,0.05000000074505806,0.05000000074505806,0.05000000074505806,9.769009193405509e-05,0.07692307978868484,-0.017451144754886627,7.335956286880219e-09,1.484741449356079,nnknn_target_value_model,0,0,60,75,0,60,38,11,15,49,92,2.5,4,4,nnknn,485,nnknn,500,"[176, 139, 170]",0.0,0.007740261033177376,0.03710801154375076
112316,4,76,0.5760343670845032,-0.013345944695174694,-0.009032933041453362,0.5893803238868713,,,,False,0.43130213022232056,0.5259081125259399,0.05000000074505806,0.05000000074505806,0.05000000074505806,0.00010133497562492266,0.06578947603702545,-0.27260470390319824,2.195960568940336e-08,1.269492506980896,nnknn_target_value_model,0,0,29,9,5,29,21,25,0,39,55,1.25,2,4,nnknn,500,nnknn,496,"[178, 144, 178]",0.0,0.007459249347448349,0.03680562227964401
112434,4,118,0.29487931728363037,-0.11115619540214539,-0.10773076117038727,0.40603551268577576,0.4039800763130188,0.5122100710868835,1.4144729375839233,True,0.34254422783851624,0.4541255533695221,0.05000000074505806,0.05000000074505806,0.05000000074505806,9.775719081517309e-05,0.0762711837887764,0.09173739701509476,1.3638350893074858e-08,1.5192443132400513,nnknn_target_value_model,0,0,79,9,70,79,41,50,0,62,77,2.25,3,4,nnknn,500,nnknn,487,"[181, 143, 176]",0.0,0.00750191742554307,0.037305619567632675
112574,4,140,0.26549795269966125,-0.11037354916334152,-0.1057371273636818,0.3758715093135834,,,,False,0.4636428952217102,0.5548902153968811,0.05000000074505806,0.05000000074505806,0.05000000074505806,9.809857147047296e-05,0.07857143133878708,0.21886929869651794,6.811959440966575e-09,1.5567923784255981,nnknn_target_value_model,0,0,104,125,0,104,54,50,0,74,86,2.75,3,4,nnknn,479,nnknn,491,"[173, 135, 171]",0.0,0.007862553931772709,0.03780560940504074
112660,4,86,0.4467783272266388,-0.0998295322060585,-0.09486743062734604,0.5466078519821167,0.5407354831695557,0.33566439151763916,1.6572421789169312,True,0.4962111711502075,0.5835719704627991,0.05000000074505806,0.05000000074505806,0.05000000074505806,0.00010263601143378764,0.06976744532585144,-0.30378302931785583,1.663385518213545e-08,1.353148341178894,nnknn_target_value_model,0,0,33,25,0,33,45,3,33,39,41,1.5,3,4,nnknn,487,nnknn,500,"[173, 140, 174]",0.0,0.007737110834568739,0.038305580615997314
112716,4,56,0.7540573477745056,-0.242686465382576,-0.23908714950084686,0.9967437982559204,,,,False,0.35993367433547974,0.4664595425128937,0.05000000447034836,0.05000000074505806,0.05000000074505806,0.00010132131865248084,0.0535714328289032,-0.4933279752731323,3.5124166686273384e-08,1.1731458902359009,nnknn_target_value_model,0,0,21,3,5,21,16,25,0,37,40,0.75,1,4,nnknn,500,nnknn,491,"[181, 140, 179]",0.0,0.0075483135879039764,0.03880557417869568
112812,4,96,0.29077568650245667,-0.10583927482366562,-0.10157384723424911,0.3966149687767029,,,,False,0.4265434741973877,0.5244631767272949,0.05000000447034836,0.05000000074505806,0.05000000074505806,9.900601435219869e-05,0.0729166716337204,-0.17515593767166138,-3.6011140736036396e-08,1.374935507774353,nnknn_target_value_model,0,0,39,13,26,39,38,50,0,40,58,1.75,3,4,nnknn,500,nnknn,479,"[181, 143, 176]",0.0,0.007550843060016632,0.03830557316541672
112952,4,140,0.42315325140953064,0.010741093195974827,0.015335684642195702,0.412412166595459,0.40854912996292114,0.5553946495056152,1.2930879592895508,True,0.45946022868156433,0.5511780381202698,0.05000000074505806,0.05000000074505806,0.05000000074505806,9.8770709882956e-05,0.07857143133878708,0.22819830477237701,1.362391888193315e-08,1.5591856241226196,nnknn_target_value_model,0,0,105,11,94,105,76,9,46,54,64,2.75,3,4,nnknn,500,nnknn,500,"[181, 143, 176]",0.0,0.0075294747948646545,0.038805410265922546
113050,4,98,0.34790101647377014,-0.10325535386800766,-0.0987265408039093,0.4511563777923584,,,,False,0.4528820216655731,0.5459575057029724,0.05000000074505806,0.05000000074505806,0.05000000074505806,9.814629447646439e-05,0.0714285671710968,0.03680640459060669,9.731370376186987e-09,1.4440891742706299,nnknn_target_value_model,0,0,60,75,0,60,38,50,0,45,60,1.75,2,4,nnknn,485,nnknn,488,"[172, 139, 174]",0.0,0.0077174571342766285,0.0385013185441494
113232,4,182,0.5479172468185425,0.019080987200140953,0.024614505469799042,0.5288362503051758,0.5257837772369385,0.47115325927734375,1.3255330324172974,True,0.553352952003479,0.6307681202888489,0.05000000447034836,0.05000000074505806,0.05000000074505806,0.00010553956963121891,0.08241758495569229,0.3643677234649658,-6.549961018009753e-09,1.6914634704589844,nnknn_target_value_model,0,0,135,0,95,135,98,0,61,48,84,3.75,4,4,nnknn,500,nnknn,500,"[181, 142, 177]",0.0,0.007434754632413387,0.038188304752111435
113374,4,142,0.23096176981925964,-0.11815574765205383,-0.1142365038394928,0.3491175174713135,,,,False,0.3919250965118408,0.49475622177124023,0.04999999329447746,0.05000000074505806,0.05000000074505806,9.645263344282284e-05,0.07746478915214539,0.17251181602478027,-2.5185060703591944e-09,1.6668977737426758,nnknn_target_value_model,0,0,98,12,86,98,63,14,49,72,79,2.75,3,4,nnknn,500,nnknn,500,"[182, 146, 172]",0.0,0.007406542077660561,0.03768831118941307
113580,4,206,0.5122233033180237,0.01836089976131916,0.023030957207083702,0.49386242032051086,,,,False,0.4670068025588989,0.5592799782752991,0.05000000074505806,0.05000000074505806,0.05000000074505806,9.656893234932795e-05,0.08252426981925964,0.3707779049873352,9.258974031922662e-09,1.8661810159683228,nnknn_target_value_model,0,0,153,175,0,153,118,27,91,70,88,4.25,4,4,nnknn,478,nnknn,500,"[172, 139, 167]",0.0,0.007754456251859665,0.037188366055488586
113730,4,150,0.18452396988868713,-0.09294206649065018,-0.08901644498109818,0.2774660289287567,0.2762811779975891,0.7086911201477051,1.4493566751480103,True,0.3925632834434509,0.4955352246761322,0.05000000074505806,0.05000000074505806,0.05000000074505806,0.00010091807052958757,0.07999999821186066,0.25196078419685364,0.00041576704825274646,1.6413235664367676,nnknn_target_value_model,0,0,122,4,96,122,47,50,0,80,103,3.0,3,4,nnknn,500,nnknn,497,"[185, 141, 174]",0.0,0.007428985089063644,0.03668838366866112
113848,4,118,0.2866767942905426,-0.128835529088974,-0.12406037002801895,0.4155123233795166,,,,False,0.47751694917678833,0.5675938725471497,0.05000000074505806,0.05000000074505806,0.05000000074505806,9.68962995102629e-05,0.0762711837887764,-0.07964836061000824,1.3638350893074858e-08,1.4932574033737183,nnknn_target_value_model,0,0,58,75,0,58,48,50,0,61,70,2.25,4,4,nnknn,483,nnknn,495,"[176, 139, 168]",0.0,0.007698810193687677,0.03718837723135948
113964,4,116,0.4085808992385864,0.006463085301220417,0.01085925754159689,0.4021178185939789,0.401856005191803,0.42258965969085693,1.6227718591690063,True,0.4396182596683502,0.5359035134315491,0.05000000074505806,0.05000000074505806,0.05000000074505806,0.00010064661182696,0.07758620381355286,-0.08716993778944016,-8.22133028322014e-09,1.4669218063354492,nnknn_target_value_model,0,0,59,8,34,59,47,50,0,60,69,2.25,4,4,nnknn,500,nnknn,492,"[183, 143, 174]",0.0,0.007435854524374008,0.03768836334347725
114124,4,160,0.07217280566692352,-0.1665341705083847,-0.16285760700702667,0.23870697617530823,,,,False,0.36765798926353455,0.4759348928928375,0.05000000074505806,0.05000000074505806,0.05000000074505806,9.803693683352321e-05,0.08125000447034836,0.21096551418304443,-2.9802322831784522e-09,1.642359972000122,nnknn_target_value_model,0,0,122,125,0,122,41,50,0,87,119,3.25,4,4,nnknn,497,nnknn,483,"[179, 142, 176]",0.0,0.0075135198421776295,0.03818835690617561
114242,4,118,0.0854942798614502,-0.3140171468257904,-0.30912289023399353,0.3995114266872406,,,,False,0.4894257187843323,0.5771413445472717,0.05000000074505806,0.05000000074505806,0.05000000074505806,0.00010500817006686702,0.0762711837887764,0.07283063232898712,1.0102482184137784e-09,1.5322126150131226,nnknn_target_value_model,0,0,82,5,49,82,44,0,2,74,74,2.25,3,4,nnknn,500,nnknn,500,"[181, 144, 175]",0.0,0.0074365148320794106,0.038688354194164276
114350,4,108,0.3348942995071411,-0.1626536101102829,-0.15870824456214905,0.4975478947162628,0.4971131384372711,0.47424250841140747,1.5078701972961426,True,0.39453861117362976,0.4961665868759155,0.05000000447034836,0.05000000074505806,0.05000000074505806,9.852615767158568e-05,0.07407407462596893,0.08760017156600952,-5.518948853477923e-09,1.5671520233154297,nnknn_target_value_model,0,0,80,100,0,80,23,25,0,73,85,2.0,2,4,nnknn,480,nnknn,498,"[174, 137, 169]",0.0,0.007783304434269667,0.03818835690617561
114510,4,160,0.151177316904068,-0.08128102123737335,-0.07740505039691925,0.23245833814144135,,,,False,0.3875978887081146,0.4907401204109192,0.05000000074505806,0.05000000074505806,0.05000000074505806,0.00010312155063729733,0.08125000447034836,0.19178080558776855,-4.470348358154297e-08,1.6670150756835938,nnknn_target_value_model,0,0,127,9,98,127,34,50,0,71,126,3.25,4,4,nnknn,500,nnknn,482,"[187, 140, 173]",0.0,0.007478447165340185,0.03768835961818695
114626,4,116,0.37250739336013794,-0.07536022365093231,-0.0719628855586052,0.44786760210990906,0.4416506588459015,0.4150543212890625,1.7118481397628784,True,0.3397343158721924,0.4520980417728424,0.05000000074505806,0.05000000074505806,0.05000000074505806,9.895952825900167e-05,0.07758620381355286,-0.1329171359539032,1.0276662854025176e-09,1.5074001550674438,nnknn_target_value_model,0,0,57,15,42,57,31,25,0,59,85,2.25,4,4,nnknn,500,nnknn,488,"[192, 137, 171]",0.0,0.0074761430732905865,0.03718837350606918
114722,4,96,0.06420764327049255,-0.3335858881473541,-0.3299683928489685,0.3977935314178467,,,,False,0.3617493510246277,0.47046178579330444,0.05000000447034836,0.05000000074505806,0.05000000074505806,9.883250459097326e-05,0.0729166716337204,-0.32783883810043335,-3.228585043757448e-08,1.3766220808029175,nnknn_target_value_model,0,0,27,50,0,27,29,25,0,43,67,1.75,4,4,nnknn,477,nnknn,492,"[175, 133, 169]",0.0,0.00785702932626009,0.03668837621808052
114852,4,130,0.24512125551700592,-0.030611561611294746,-0.02709607034921646,0.2757328152656555,,,,False,0.35155028104782104,0.4609113335609436,0.05000000074505806,0.05000000074505806,0.05000000074505806,0.0001043413212755695,0.07692307978868484,-0.04725828021764755,-1.4671912573760437e-08,1.5379737615585327,nnknn_target_value_model,0,0,61,10,28,61,35,50,0,79,95,2.5,4,4,nnknn,500,nnknn,477,"[186, 141, 173]",0.0,0.007461211644113064,0.036188386380672455
115012,4,160,0.20895834267139435,-0.09487618505954742,-0.09053356945514679,0.3038345277309418,0.3031216561794281,0.638008713722229,1.5371019840240479,True,0.4342621862888336,0.5307025909423828,0.05000000074505806,0.05000000074505806,0.05000000074505806,9.901039447868243e-05,0.08125000447034836,0.1567610800266266,-2.2351741790771484e-08,1.703864336013794,nnknn_target_value_model,0,0,91,100,0,91,70,6,41,64,90,3.25,4,4,nnknn,491,nnknn,500,"[174, 145, 172]",0.0,0.0076057580299675465,0.03568842262029648
115130,4,118,0.20084916055202484,-0.15031878650188446,-0.14592185616493225,0.3511679470539093,,,,False,0.43969422578811646,0.5339012742042542,0.05000000074505806,0.05000000074505806,0.05000000074505806,0.00010563155228737742,0.0762711837887764,-0.05332239717245102,-1.111273029152926e-08,1.4417800903320312,nnknn_target_value_model,0,0,62,0,28,62,44,50,0,57,74,2.25,4,4,nnknn,500,nnknn,494,"[182, 139, 179]",0.0,0.007469088304787874,0.036188412457704544
115258,4,128,0.06814852356910706,-0.1409977376461029,-0.13747137784957886,0.20914626121520996,0.2087498903274536,0.7235376834869385,1.6428966522216797,True,0.35263675451278687,0.46105167269706726,0.05000000074505806,0.05000000074505806,0.05000000074505806,9.826545283431187e-05,0.078125,-0.10815343260765076,4.0978193283081055e-08,1.5503523349761963,nnknn_target_value_model,0,0,59,18,41,59,47,50,0,57,81,2.5,4,4,nnknn,500,nnknn,491,"[179, 148, 173]",0.0,0.007468974683433771,0.03571251034736633
115418,4,160,0.12798163294792175,-0.06930852681398392,-0.06544827669858932,0.19729016721248627,,,,False,0.386025995016098,0.4909767210483551,0.05000000074505806,0.05000000074505806,0.05000000074505806,9.891127410810441e-05,0.08125000447034836,0.20198498666286469,-2.3841858265427618e-08,1.5941762924194336,nnknn_target_value_model,0,0,109,14,95,109,55,18,28,93,105,3.25,4,4,nnknn,500,nnknn,500,"[184, 145, 171]",0.0,0.007495605852454901,0.036188386380672455
115546,4,128,-0.03366488218307495,-0.24503298103809357,-0.24188494682312012,0.21136809885501862,,,,False,0.3148055076599121,0.4301556348800659,0.05000000074505806,0.05000000074505806,0.05000000074505806,0.00010003247007261962,0.078125,-0.007223216816782951,-3.725290298461914e-09,1.5285906791687012,nnknn_target_value_model,0,0,68,75,0,68,40,50,0,68,88,2.5,4,4,nnknn,493,nnknn,490,"[180, 145, 168]",0.0,0.007596164476126432,0.03568838909268379
115674,4,128,0.05114765465259552,-0.23162086308002472,-0.22773578763008118,0.28276851773262024,0.2828081250190735,0.6135661602020264,1.542004108428955,True,0.3885089159011841,0.49104028940200806,0.05000000074505806,0.05000000074505806,0.05000000074505806,0.00010136178752873093,0.078125,-0.025233926251530647,-3.725290298461914e-09,1.4961216449737549,nnknn_target_value_model,0,0,68,75,0,68,52,50,0,44,76,2.5,4,4,nnknn,486,nnknn,492,"[176, 143, 167]",0.0,0.007695777807384729,0.035188399255275726
115792,4,118,0.20678231120109558,-0.09860425442457199,-0.095131516456604,0.30538657307624817,,,,False,0.347274512052536,0.45762959122657776,0.05000000074505806,0.05000000074505806,0.05000000074505806,0.00010252013453282416,0.0762711837887764,-0.054972752928733826,3.5358687089370733e-09,1.4593844413757324,nnknn_target_value_model,0,0,66,75,0,66,36,50,0,74,82,2.25,4,4,nnknn,477,nnknn,478,"[173, 138, 166]",0.0,0.00783317256718874,0.03468840569257736
115932,4,140,0.030642196536064148,-0.12482279539108276,-0.1211685985326767,0.1554649919271469,0.1559315323829651,0.8079537153244019,1.4921622276306152,True,0.36542025208473206,0.47172117233276367,0.05000000074505806,0.05000000074505806,0.05000000074505806,0.0001038823465933092,0.07857143133878708,0.07498500496149063,6.811959440966575e-09,1.5539358854293823,nnknn_target_value_model,0,0,84,9,52,84,53,5,26,78,87,2.75,4,4,nnknn,500,nnknn,500,"[185, 145, 170]",0.0,0.0074638985097408295,0.03518839552998543
116050,4,118,0.2870391607284546,-0.06826283782720566,-0.06488683074712753,0.35530200600624084,,,,False,0.33760151267051697,0.4477943181991577,0.05000000074505806,0.05000000074505806,0.05000000074505806,9.918442083289847e-05,0.0762711837887764,-0.08126433938741684,-1.010248240618239e-08,1.49031662940979,nnknn_target_value_model,0,0,60,75,0,60,33,50,0,60,85,2.25,4,4,nnknn,485,nnknn,483,"[175, 141, 169]",0.0,0.007703142240643501,0.03568839281797409
116242,4,192,0.13048908114433289,-0.049932513386011124,-0.04601297900080681,0.1804215908050537,,,,False,0.3919543921947479,0.49352940917015076,0.05000000447034836,0.05000000074505806,0.05000000074505806,0.00010828157246578485,0.0833333358168602,0.3279569745063782,-3.476937848745365e-08,1.7018420696258545,nnknn_target_value_model,0,0,168,4,124,168,75,0,33,85,117,4.0,4,4,nnknn,500,nnknn,500,"[182, 145, 173]",0.0,0.007477982435375452,0.03518843278288841
116392,4,150,0.10876727104187012,-0.13608619570732117,-0.13218964636325836,0.24485346674919128,0.24492081999778748,0.6794223189353943,1.665932297706604,True,0.3896563947200775,0.492431104183197,0.05000000074505806,0.05000000074505806,0.05000000074505806,0.00010038482287200168,0.07999999821186066,0.04826255515217781,4.76837147544984e-09,1.6660786867141724,nnknn_target_value_model,0,0,95,28,67,95,63,35,28,67,87,3.0,4,4,nnknn,500,nnknn,500,"[175, 150, 175]",0.0,0.007459693122655153,0.03468843922019005
116554,4,162,0.3792527914047241,-0.1997038573026657,-0.1951117366552353,0.578956663608551,,,,False,0.4592132270336151,0.5530744791030884,0.05000000447034836,0.05000000074505806,0.05000000074505806,0.00010050209675682709,0.08024691045284271,0.306436151266098,-1.4717196350488848e-08,1.7808095216751099,nnknn_target_value_model,0,0,125,10,115,125,88,25,63,65,74,3.25,3,4,nnknn,500,nnknn,500,"[177, 148, 175]",0.0,0.007482477929443121,0.03518843650817871
116628,4,74,0.470947802066803,-0.13474828004837036,-0.13021743297576904,0.6056960821151733,0.6044216752052307,0.6900389790534973,1.7956076860427856,True,0.453086256980896,0.5459545254707336,0.04999999701976776,0.05000000074505806,0.05000000074505806,0.00010035365994554013,0.06756757199764252,-0.5947683453559875,7.893588360730064e-08,1.1246074438095093,nnknn_target_value_model,0,0,7,13,0,7,36,50,0,38,38,1.25,4,4,nnknn,494,nnknn,486,"[175, 148, 171]",0.0,0.007523687090724707,0.03568841516971588
116778,4,150,0.14581415057182312,-0.09532680362462997,-0.09140243381261826,0.2411409616470337,,,,False,0.3924376666545868,0.4951677620410919,0.05000000074505806,0.05000000074505806,0.05000000074505806,0.00010090201249113306,0.07999999821186066,0.17814913392066956,-9.53674295089968e-09,1.6084187030792236,nnknn_target_value_model,0,0,106,10,90,106,68,75,0,75,82,3.0,4,4,nnknn,500,nnknn,479,"[179, 150, 171]",0.0,0.007396206725388765,0.035188447684049606
116906,4,128,0.2268866002559662,-0.0494171679019928,-0.04629385471343994,0.276303768157959,,,,False,0.31233254075050354,0.4274086356163025,0.05000000074505806,0.05000000074505806,0.05000000074505806,9.821035200729966e-05,0.078125,-0.04716929793357849,1.1175870895385742e-08,1.5484174489974976,nnknn_target_value_model,0,0,71,75,0,71,43,6,16,63,85,2.5,4,4,nnknn,496,nnknn,500,"[178, 148, 170]",0.0,0.007437227293848991,0.03468846529722214
117078,4,172,0.14069420099258423,-0.05046268180012703,-0.046180360019207,0.19115687906742096,0.19019100069999695,0.8145930171012878,1.4298691749572754,True,0.4282331168651581,0.5248899459838867,0.05000000074505806,0.05000000074505806,0.05000000074505806,9.947683429345489e-05,0.08139535039663315,0.21770109236240387,2.2178472391942705e-08,1.6473525762557983,nnknn_target_value_model,0,0,120,18,98,120,69,25,44,91,103,3.5,4,4,nnknn,500,nnknn,500,"[179, 146, 175]",0.0,0.007404603995382786,0.03418847173452377
117272,4,194,0.31628140807151794,-0.014415704645216465,-0.010809477418661118,0.33069711923599243,,,,False,0.3606238067150116,0.46915119886398315,0.05000000074505806,0.05000000074505806,0.05000000074505806,9.935007255990058e-05,0.0824742242693901,0.32072150707244873,2.7037158289999752e-08,1.7581576108932495,nnknn_target_value_model,0,0,149,19,130,149,89,100,0,82,105,4.0,4,4,nnknn,500,nnknn,489,"[177, 144, 179]",0.0,0.007412917446345091,0.03468843176960945
117368,4,96,0.45104077458381653,-0.015201725997030735,-0.010748906061053276,0.4662424921989441,0.46114349365234375,0.45121121406555176,1.5621436834335327,True,0.4452829957008362,0.540681779384613,0.05000000447034836,0.05000000074505806,0.05000000074505806,9.982016490539536e-05,0.0729166716337204,-0.1223449558019638,2.4835269396561444e-09,1.3754962682724,nnknn_target_value_model,0,0,47,50,0,47,40,50,0,56,56,1.75,3,4,nnknn,497,nnknn,479,"[172, 142, 183]",0.0,0.007495511323213577,0.03518842160701752
117464,4,96,0.3790627121925354,-0.09689008444547653,-0.09213942289352417,0.47595280408859253,,,,False,0.4750669002532959,0.5663150548934937,0.05000000447034836,0.05000000074505806,0.05000000074505806,0.00010121615196112543,0.0729166716337204,-0.14117759466171265,-3.725290298461914e-09,1.4858287572860718,nnknn_target_value_model,0,0,42,50,0,42,52,7,24,38,44,1.75,3,4,nnknn,489,nnknn,500,"[172, 143, 174]",0.0,0.007624767255038023,0.034920528531074524
117614,4,150,0.42523229122161865,-0.07683313637971878,-0.07272260636091232,0.5020654201507568,,,,False,0.41105350852012634,0.510999858379364,0.05000000074505806,0.05000000074505806,0.05000000074505806,0.000103328115073964,0.07999999821186066,0.15385669469833374,-1.7484030223613445e-08,1.6911102533340454,nnknn_target_value_model,0,0,86,75,0,86,77,100,0,60,73,3.0,4,4,nnknn,500,nnknn,477,"[174, 147, 179]",0.0,0.007432206533849239,0.03518841415643692
117756,4,142,0.29698726534843445,-0.17563331127166748,-0.1712552309036255,0.47262057662010193,0.4673462510108948,0.44086897373199463,1.5381909608840942,True,0.4378100037574768,0.5347421169281006,0.04999999329447746,0.05000000074505806,0.05000000074505806,0.00010064811067422852,0.07746478915214539,0.16974399983882904,1.6790039580882876e-08,1.6689505577087402,nnknn_target_value_model,0,0,87,100,0,87,82,4,55,53,60,2.75,3,4,nnknn,487,nnknn,500,"[171, 142, 174]",0.0,0.007674367632716894,0.03568838909268379
117948,4,192,0.4555719196796417,-0.022000236436724663,-0.017757650464773178,0.47757214307785034,,,,False,0.4242597818374634,0.5222015976905823,0.05000000447034836,0.05000000074505806,0.05000000074505806,0.00010458291944814846,0.0833333358168602,0.3893338441848755,-3.228585043757448e-08,1.8226993083953857,nnknn_target_value_model,0,0,146,11,122,146,93,20,73,69,99,4.0,4,4,nnknn,500,nnknn,500,"[180, 145, 175]",0.0,0.0075401547364890575,0.036187972873449326
118108,4,160,0.15112170577049255,-0.039390724152326584,-0.034745074808597565,0.19051243364810944,0.1896582543849945,0.7637332677841187,1.4739758968353271,True,0.4645659923553467,0.5550104379653931,0.05000000074505806,0.05000000074505806,0.05000000074505806,0.00010275081149302423,0.08125000447034836,0.16715286672115326,-7.748604247126423e-08,1.59916353225708,nnknn_target_value_model,0,0,107,4,103,107,61,1,60,76,99,3.25,4,4,nnknn,500,nnknn,500,"[178, 147, 175]",0.0,0.007570470683276653,0.03668786957859993
118236,4,128,0.09371210634708405,-0.14224590361118317,-0.1388551890850067,0.2359580099582672,,,,False,0.3390723466873169,0.450092077255249,0.05000000074505806,0.05000000074505806,0.05000000074505806,0.00010369453957537189,0.078125,-0.050535596907138824,5.587935447692871e-09,1.5416769981384277,nnknn_target_value_model,0,0,66,75,0,66,39,50,0,76,89,2.5,4,4,nnknn,491,nnknn,489,"[178, 145, 168]",0.0,0.007745219860225916,0.03718786686658859
118408,4,172,0.31882423162460327,-0.027353748679161072,-0.02365798130631447,0.34617796540260315,,,,False,0.3695777654647827,0.47653746604919434,0.05000000074505806,0.05000000074505806,0.05000000074505806,0.00010648179886629805,0.08139535039663315,0.2325180470943451,-1.663385518213545e-08,1.7813444137573242,nnknn_target_value_model,0,0,127,125,0,127,64,75,0,70,108,3.5,4,4,nnknn,493,nnknn,478,"[183, 144, 166]",0.0,0.007733561564236879,0.03768786042928696
118494,4,86,0.3954716920852661,-0.2581443786621094,-0.2549706697463989,0.6536160707473755,0.6519755721092224,0.4450761675834656,1.8668365478515625,True,0.31737178564071655,0.4307941496372223,0.05000000074505806,0.05000000074505806,0.05000000074505806,0.00010649835166987032,0.06976744532585144,-0.38970059156417847,1.1089236195971353e-08,1.3962548971176147,nnknn_target_value_model,0,0,24,25,0,24,20,0,0,52,66,1.5,3,4,nnknn,492,nnknn,498,"[180, 144, 168]",0.0,0.007770683616399765,0.03718789294362068
118634,4,140,0.4826030135154724,-0.09775281697511673,-0.09327573329210281,0.5803558230400085,,,,False,0.4477091133594513,0.5418310165405273,0.05000000074505806,0.05000000074505806,0.05000000074505806,0.00010790638771140948,0.07857143133878708,0.17506779730319977,1.1920929132713809e-08,1.7473469972610474,nnknn_target_value_model,0,0,84,100,0,84,73,75,0,58,67,2.75,3,4,nnknn,476,nnknn,496,"[175, 138, 163]",0.0,0.00806172750890255,0.03768772631883621
118796,4,162,-0.016199737787246704,-0.1634187549352646,-0.1587563455104828,0.14721901714801788,0.14567066729068756,0.8233699202537537,1.5001755952835083,True,0.466242253780365,0.5558555722236633,0.05000000447034836,0.05000000074505806,0.05000000074505806,0.0001127710856962949,0.08024691045284271,0.1475631296634674,1.0302037445342194e-08,1.607964038848877,nnknn_target_value_model,0,0,103,4,75,103,73,75,0,74,89,3.25,4,4,nnknn,500,nnknn,494,"[178, 150, 172]",0.0,0.007711378391832113,0.03718774393200874
118946,4,150,0.03117126226425171,-0.17856113612651825,-0.17390693724155426,0.20973239839076996,,,,False,0.46542155742645264,0.5579314231872559,0.05000000074505806,0.05000000074505806,0.05000000074505806,0.00010778929572552443,0.07999999821186066,0.13561628758907318,-5.086263143994074e-08,1.5786653757095337,nnknn_target_value_model,0,0,102,18,84,102,49,50,0,81,101,3.0,4,4,nnknn,500,nnknn,493,"[184, 146, 170]",0.0,0.007714577950537205,0.03768772631883621
119138,4,192,0.06113605201244354,-0.12299104034900665,-0.11798655241727829,0.1841270923614502,,,,False,0.5004498958587646,0.5870299339294434,0.05000000447034836,0.05000000074505806,0.05000000074505806,0.00010810470848809928,0.0833333358168602,0.33041509985923767,-2.9802322387695312e-08,1.697674036026001,nnknn_target_value_model,0,0,160,175,0,160,77,75,0,61,115,4.0,4,4,nnknn,485,nnknn,495,"[180, 139, 166]",0.0,0.007932467386126518,0.03718775138258934
119234,4,96,0.3937029242515564,-0.08323732018470764,-0.07906251400709152,0.47694024443626404,0.47053250670433044,0.47932589054107666,1.6369013786315918,True,0.4174824655056,0.5173676609992981,0.05000000447034836,0.05000000074505806,0.05000000074505806,0.00011659876327030361,0.0729166716337204,-0.14550736546516418,-1.0865430333240056e-08,1.4162811040878296,nnknn_target_value_model,0,0,48,0,8,48,32,2,0,65,64,1.75,3,4,nnknn,500,nnknn,500,"[189, 145, 166]",0.0,0.007666742894798517,0.03668782487511635
119362,4,128,0.25639602541923523,-0.0656978115439415,-0.061169881373643875,0.3220938444137573,,,,False,0.4527936577796936,0.5462287664413452,0.05000000074505806,0.05000000074505806,0.05000000074505806,0.00010673336510080844,0.078125,-0.02279302291572094,-9.313225746154785e-09,1.5192676782608032,nnknn_target_value_model,0,0,69,19,50,69,47,50,0,64,81,2.5,4,4,nnknn,500,nnknn,497,"[185, 145, 170]",0.0,0.007713883649557829,0.036187879741191864
119502,4,140,0.3133603036403656,-0.01761629432439804,-0.01366900373250246,0.33097660541534424,0.33047598600387573,0.5634227991104126,1.4513096809387207,True,0.3947301208972931,0.4979558289051056,0.05000000074505806,0.05000000074505806,0.05000000074505806,0.00010758294956758618,0.07857143133878708,0.11867787688970566,2.0435878766988935e-08,1.528526782989502,nnknn_target_value_model,0,0,81,16,65,81,68,75,0,51,72,2.75,4,4,nnknn,500,nnknn,490,"[188, 146, 166]",0.0,0.007694722153246403,0.03668781742453575
119674,4,172,0.46566042304039,-0.010954497382044792,-0.007318441290408373,0.47661492228507996,,,,False,0.3636067509651184,0.4727639853954315,0.05000000074505806,0.05000000074505806,0.05000000074505806,0.00010738958371803164,0.08139535039663315,0.3513186573982239,6.65354207285418e-08,1.8190311193466187,nnknn_target_value_model,0,0,144,16,128,144,88,19,59,71,84,3.5,3,4,nnknn,500,nnknn,500,"[192, 143, 165]",0.0,0.007687942590564489,0.03618782013654709
119868,4,194,0.1965465545654297,-0.07214527577161789,-0.06887201964855194,0.2686918377876282,,,,False,0.3273267447948456,0.44162118434906006,0.05000000074505806,0.05000000074505806,0.05000000074505806,0.00010724187450250611,0.0824742242693901,0.2912675738334656,4.424262201041529e-08,1.802314281463623,nnknn_target_value_model,0,0,151,26,125,151,93,100,0,67,101,4.0,4,4,nnknn,500,nnknn,493,"[194, 148, 158]",0.0,0.007691619452089071,0.03668777272105217
120040,4,172,-0.012218669056892395,-0.14488498866558075,-0.14060541987419128,0.13266631960868835,0.13122934103012085,0.8475943207740784,1.5782023668289185,True,0.42795801162719727,0.525668203830719,0.05000000074505806,0.05000000074505806,0.05000000074505806,0.00010758334246929735,0.08139535039663315,0.1832723319530487,8.316927591067724e-09,1.678304672241211,nnknn_target_value_model,0,0,123,16,107,123,66,4,55,93,106,3.5,4,4,nnknn,500,nnknn,500,"[187, 153, 160]",0.0,0.007722220849245787,0.03718777000904083
120168,4,128,0.07509690523147583,-0.22530585527420044,-0.22264176607131958,0.30040276050567627,,,,False,0.2664099633693695,0.389960378408432,0.05000000074505806,0.05000000074505806,0.05000000074505806,0.00010891690180869773,0.078125,-0.0746026560664177,-7.450580596923828e-09,1.5768460035324097,nnknn_target_value_model,0,0,64,14,50,64,28,50,0,76,100,2.5,4,4,nnknn,500,nnknn,478,"[192, 151, 157]",0.0,0.0077431900426745415,0.03668778017163277
120318,4,150,0.03400236368179321,-0.17022380232810974,-0.16678252816200256,0.20422616600990295,0.20191176235675812,0.7482700347900391,1.5588529109954834,True,0.3441292941570282,0.45444759726524353,0.05000000074505806,0.05000000074505806,0.05000000074505806,0.00010916253086179495,0.07999999821186066,0.14200325310230255,1.5894572769070692e-08,1.6186997890472412,nnknn_target_value_model,0,0,112,125,0,112,47,6,19,84,103,3.0,4,4,nnknn,487,nnknn,500,"[186, 145, 156]",0.0,0.007974538020789623,0.03718777745962143
120446,4,128,0.35344263911247253,-0.05209270864725113,-0.04817767068743706,0.40553534030914307,,,,False,0.3915049433708191,0.4956267476081848,0.05000000074505806,0.05000000074505806,0.05000000074505806,0.00011188955249963328,0.078125,-0.049131378531455994,1.4901161193847656e-08,1.615673303604126,nnknn_target_value_model,0,0,61,13,35,61,69,75,0,49,59,2.5,4,4,nnknn,500,nnknn,494,"[189, 152, 159]",0.0,0.0077604553662240505,0.036687783896923065
120564,4,118,0.4640789031982422,-0.13989616930484772,-0.13554199039936066,0.6039750576019287,,,,False,0.4354194402694702,0.5321608185768127,0.05000000074505806,0.05000000074505806,0.05000000074505806,0.00010916517931036651,0.0762711837887764,-0.030371922999620438,-1.4143474835748293e-08,1.6829874515533447,nnknn_target_value_model,0,0,60,12,48,60,64,75,0,47,54,2.25,3,4,nnknn,500,nnknn,483,"[182, 155, 163]",0.0,0.007778253871947527,0.03642018511891365
120672,4,108,0.15278702974319458,-0.13771787285804749,-0.13366049528121948,0.29050490260124207,0.2874554395675659,0.6923044919967651,1.619478464126587,True,0.4057387411594391,0.5065791010856628,0.05000000447034836,0.05000000074505806,0.05000000074505806,0.00011036288924515247,0.07407407462596893,-0.16240881383419037,2.704284796095635e-08,1.382676124572754,nnknn_target_value_model,0,0,42,9,33,42,45,50,0,50,63,2.0,4,4,nnknn,500,nnknn,478,"[182, 152, 166]",0.0,0.007708180230110884,0.0359204038977623
120810,4,138,0.007416173815727234,-0.24477450549602509,-0.24116645753383636,0.2521906793117523,,,,False,0.36080655455589294,0.47045910358428955,0.04999999701976776,0.05000000074505806,0.05000000074505806,0.00010972173186019063,0.07971014827489853,-0.02311953715980053,-2.073205074282214e-08,1.602905035018921,nnknn_target_value_model,0,0,75,10,65,75,51,50,0,64,87,2.75,4,4,nnknn,500,nnknn,479,"[186, 153, 161]",0.0,0.00775655684992671,0.03642040118575096
120982,4,172,0.11427240073680878,-0.04023667797446251,-0.036464788019657135,0.15450908243656158,0.15061593055725098,0.8377097249031067,1.4850475788116455,True,0.3771899342536926,0.4829893708229065,0.05000000074505806,0.05000000074505806,0.05000000074505806,0.00011117233225377277,0.08139535039663315,0.2144049108028412,-3.6040017192817686e-08,1.6517269611358643,nnknn_target_value_model,0,0,132,20,112,132,73,6,46,78,99,3.5,4,4,nnknn,500,nnknn,500,"[189, 148, 163]",0.0,0.007731560617685318,0.0359204076230526
121110,4,128,0.23269322514533997,-0.048309262841939926,-0.04378343001008034,0.2810024917125702,,,,False,0.4525842070579529,0.5456498265266418,0.05000000074505806,0.05000000074505806,0.05000000074505806,0.00011063947022194043,0.078125,-0.034940727055072784,3.725290298461914e-09,1.4931819438934326,nnknn_target_value_model,0,0,66,14,52,66,42,50,0,61,86,2.5,4,4,nnknn,500,nnknn,492,"[181, 147, 172]",0.0,0.007736403960734606,0.03642040491104126
121250,4,140,0.24093663692474365,-0.05016661435365677,-0.04542262479662895,0.2911032438278198,,,,False,0.47439995408058167,0.5619972944259644,0.05000000074505806,0.05000000074505806,0.05000000074505806,0.0001114158658310771,0.07857143133878708,0.17832888662815094,-1.0217939383494468e-08,1.5651881694793701,nnknn_target_value_model,0,0,101,125,0,101,66,0,33,52,74,2.75,3,4,nnknn,476,nnknn,500,"[169, 142, 165]",0.0,0.008111565373837948,0.036920394748449326
121422,4,172,0.023698776960372925,-0.11151175200939178,-0.1076713278889656,0.1352105289697647,0.13419437408447266,0.8604483604431152,1.5213133096694946,True,0.38404375314712524,0.48821893334388733,0.05000000074505806,0.05000000074505806,0.05000000074505806,0.0001158525119535625,0.08139535039663315,0.19054488837718964,5.544618097985676e-09,1.678063988685608,nnknn_target_value_model,0,0,123,9,90,123,58,29,29,79,114,3.5,4,4,nnknn,500,nnknn,500,"[186, 145, 169]",0.0,0.007752536330372095,0.03742038831114769
121604,4,182,-0.007356733083724976,-0.1524493545293808,-0.14886070787906647,0.14509262144565582,,,,False,0.3588658571243286,0.46682775020599365,0.05000000447034836,0.05000000074505806,0.05000000074505806,0.00011115795496152714,0.08241758495569229,0.2366991639137268,-8.383950245161031e-08,1.7205013036727905,nnknn_target_value_model,0,0,142,22,120,142,56,75,0,91,126,3.75,4,4,nnknn,500,nnknn,481,"[186, 144, 170]",0.0,0.007751401513814926,0.03792038559913635
121690,4,86,0.46188652515411377,-0.12647376954555511,-0.12246733903884888,0.5883603096008301,0.5869458317756653,0.5788977742195129,1.8707693815231323,True,0.40064457058906555,0.5011420845985413,0.05000000074505806,0.05000000074505806,0.05000000074505806,0.00011140189599245787,0.06976744532585144,-0.39310598373413086,6.307003275196621e-08,1.36448335647583,nnknn_target_value_model,0,0,27,18,9,27,31,11,1,48,55,1.5,3,4,nnknn,500,nnknn,500,"[187, 143, 170]",0.0,0.0077508967369794846,0.037420399487018585
