global_step,episode,episode_return,episode_length,update,learning_rate,policy_loss,value_loss,entropy,approx_kl
200,1,-1178.1921108940126,200,0,0.0003,,,,
400,2,-1596.2946505079474,200,0,0.0003,,,,
600,3,-1516.7230439229443,200,0,0.0003,,,,
800,4,-1467.781053459955,200,0,0.0003,,,,
1000,5,-873.0431821663984,200,0,0.0003,,,,
1200,6,-1087.7420989332159,200,0,0.0003,,,,
1400,7,-1164.1293373866013,200,0,0.0003,,,,
1600,8,-1390.8535758133032,200,0,0.0003,,,,
1800,9,-1714.362517325464,200,0,0.0003,,,,
2000,10,-1575.533490336662,200,0,0.0003,,,,
2200,11,-1172.2355131269796,200,1,0.000295904,-0.0017128931052866393,5903.065126037598,1.4266762744635344,0.002756097906967625
2400,12,-1432.6395544241084,200,1,0.000295904,-0.0017128931052866393,5903.065126037598,1.4266762744635344,0.002756097906967625
2600,13,-1528.34140475484,200,1,0.000295904,-0.0017128931052866393,5903.065126037598,1.4266762744635344,0.002756097906967625
2800,14,-1187.1792420561558,200,1,0.000295904,-0.0017128931052866393,5903.065126037598,1.4266762744635344,0.002756097906967625
3000,15,-872.5673104290428,200,1,0.000295904,-0.0017128931052866393,5903.065126037598,1.4266762744635344,0.002756097906967625
3200,16,-1379.5465191919714,200,1,0.000295904,-0.0017128931052866393,5903.065126037598,1.4266762744635344,0.002756097906967625
3400,17,-963.9542722398638,200,1,0.000295904,-0.0017128931052866393,5903.065126037598,1.4266762744635344,0.002756097906967625
3600,18,-875.5290891879769,200,1,0.000295904,-0.0017128931052866393,5903.065126037598,1.4266762744635344,0.002756097906967625
3800,19,-1170.7098712909003,200,1,0.000295904,-0.0017128931052866393,5903.065126037598,1.4266762744635344,0.002756097906967625
4000,20,-1299.6428710093155,200,1,0.000295904,-0.0017128931052866393,5903.065126037598,1.4266762744635344,0.002756097906967625
4200,21,-1071.7869944465274,200,2,0.00029180799999999995,-0.0024648986334796065,4587.090892028808,1.4272227890789508,0.0023019726417260245
4400,22,-961.979381034581,200,2,0.00029180799999999995,-0.0024648986334796065,4587.090892028808,1.4272227890789508,0.0023019726417260245
4600,23,-1056.5750989785076,200,2,0.00029180799999999995,-0.0024648986334796065,4587.090892028808,1.4272227890789508,0.0023019726417260245
4800,24,-1262.5771977508582,200,2,0.00029180799999999995,-0.0024648986334796065,4587.090892028808,1.4272227890789508,0.0023019726417260245
5000,25,-755.7086905121554,200,2,0.00029180799999999995,-0.0024648986334796065,4587.090892028808,1.4272227890789508,0.0023019726417260245
5200,26,-1000.6634307413954,200,2,0.00029180799999999995,-0.0024648986334796065,4587.090892028808,1.4272227890789508,0.0023019726417260245
5400,27,-1363.9862420924578,200,2,0.00029180799999999995,-0.0024648986334796065,4587.090892028808,1.4272227890789508,0.0023019726417260245
5600,28,-1831.552888061391,200,2,0.00029180799999999995,-0.0024648986334796065,4587.090892028808,1.4272227890789508,0.0023019726417260245
5800,29,-1170.8456838151585,200,2,0.00029180799999999995,-0.0024648986334796065,4587.090892028808,1.4272227890789508,0.0023019726417260245
6000,30,-1573.6089517271805,200,2,0.00029180799999999995,-0.0024648986334796065,4587.090892028808,1.4272227890789508,0.0023019726417260245
6200,31,-1303.0479128254096,200,3,0.00028771199999999997,-0.0016177589670405724,4937.595142364502,1.4252510551363229,0.002290739177260548
6400,32,-967.8674463509502,200,3,0.00028771199999999997,-0.0016177589670405724,4937.595142364502,1.4252510551363229,0.002290739177260548
6600,33,-1559.046689674186,200,3,0.00028771199999999997,-0.0016177589670405724,4937.595142364502,1.4252510551363229,0.002290739177260548
6800,34,-956.7169091218802,200,3,0.00028771199999999997,-0.0016177589670405724,4937.595142364502,1.4252510551363229,0.002290739177260548
7000,35,-1315.7054980258836,200,3,0.00028771199999999997,-0.0016177589670405724,4937.595142364502,1.4252510551363229,0.002290739177260548
7200,36,-1050.3626407901422,200,3,0.00028771199999999997,-0.0016177589670405724,4937.595142364502,1.4252510551363229,0.002290739177260548
7400,37,-879.4115706816107,200,3,0.00028771199999999997,-0.0016177589670405724,4937.595142364502,1.4252510551363229,0.002290739177260548
7600,38,-822.7726751047,200,3,0.00028771199999999997,-0.0016177589670405724,4937.595142364502,1.4252510551363229,0.002290739177260548
7800,39,-1187.7027885530283,200,3,0.00028771199999999997,-0.0016177589670405724,4937.595142364502,1.4252510551363229,0.002290739177260548
8000,40,-1548.7851207193644,200,3,0.00028771199999999997,-0.0016177589670405724,4937.595142364502,1.4252510551363229,0.002290739177260548
8200,41,-1237.198443859585,200,4,0.000283616,-4.352882970124483e-05,4391.12112197876,1.4322539567947388,0.0008204240963095799
8400,42,-973.0800864720565,200,4,0.000283616,-4.352882970124483e-05,4391.12112197876,1.4322539567947388,0.0008204240963095799
8600,43,-1198.4628441641928,200,4,0.000283616,-4.352882970124483e-05,4391.12112197876,1.4322539567947388,0.0008204240963095799
8800,44,-901.4528318682229,200,4,0.000283616,-4.352882970124483e-05,4391.12112197876,1.4322539567947388,0.0008204240963095799
9000,45,-1385.431560796565,200,4,0.000283616,-4.352882970124483e-05,4391.12112197876,1.4322539567947388,0.0008204240963095799
9200,46,-1053.5264164969183,200,4,0.000283616,-4.352882970124483e-05,4391.12112197876,1.4322539567947388,0.0008204240963095799
9400,47,-858.7861805529589,200,4,0.000283616,-4.352882970124483e-05,4391.12112197876,1.4322539567947388,0.0008204240963095799
9600,48,-961.3523935555653,200,4,0.000283616,-4.352882970124483e-05,4391.12112197876,1.4322539567947388,0.0008204240963095799
9800,49,-1287.1101736317644,200,4,0.000283616,-4.352882970124483e-05,4391.12112197876,1.4322539567947388,0.0008204240963095799
10000,50,-1658.7618234838942,200,4,0.000283616,-4.352882970124483e-05,4391.12112197876,1.4322539567947388,0.0008204240963095799
10200,51,-851.1961831949008,200,4,0.000283616,-4.352882970124483e-05,4391.12112197876,1.4322539567947388,0.0008204240963095799
10400,52,-1717.1497609646003,200,5,0.00027951999999999995,-0.001402310421690345,4148.950012207031,1.439050229266286,0.001606488914694637
10600,53,-1176.6189381712993,200,5,0.00027951999999999995,-0.001402310421690345,4148.950012207031,1.439050229266286,0.001606488914694637
10800,54,-1267.4909443329545,200,5,0.00027951999999999995,-0.001402310421690345,4148.950012207031,1.439050229266286,0.001606488914694637
11000,55,-863.4921497056116,200,5,0.00027951999999999995,-0.001402310421690345,4148.950012207031,1.439050229266286,0.001606488914694637
11200,56,-933.8860369279672,200,5,0.00027951999999999995,-0.001402310421690345,4148.950012207031,1.439050229266286,0.001606488914694637
11400,57,-1019.1899185358233,200,5,0.00027951999999999995,-0.001402310421690345,4148.950012207031,1.439050229266286,0.001606488914694637
11600,58,-884.2513040603375,200,5,0.00027951999999999995,-0.001402310421690345,4148.950012207031,1.439050229266286,0.001606488914694637
11800,59,-975.5772405202807,200,5,0.00027951999999999995,-0.001402310421690345,4148.950012207031,1.439050229266286,0.001606488914694637
12000,60,-891.8150502515974,200,5,0.00027951999999999995,-0.001402310421690345,4148.950012207031,1.439050229266286,0.001606488914694637
12200,61,-1023.1257163567154,200,5,0.00027951999999999995,-0.001402310421690345,4148.950012207031,1.439050229266286,0.001606488914694637
12400,62,-1046.7880834488064,200,6,0.00027542399999999997,-0.0006603329355129972,3696.995314788818,1.4474442657083273,0.0018178365484345705
12600,63,-1587.4406012921609,200,6,0.00027542399999999997,-0.0006603329355129972,3696.995314788818,1.4474442657083273,0.0018178365484345705
12800,64,-1662.5635403435363,200,6,0.00027542399999999997,-0.0006603329355129972,3696.995314788818,1.4474442657083273,0.0018178365484345705
13000,65,-1689.382745869216,200,6,0.00027542399999999997,-0.0006603329355129972,3696.995314788818,1.4474442657083273,0.0018178365484345705
13200,66,-859.4214443053352,200,6,0.00027542399999999997,-0.0006603329355129972,3696.995314788818,1.4474442657083273,0.0018178365484345705
13400,67,-754.4721750712799,200,6,0.00027542399999999997,-0.0006603329355129972,3696.995314788818,1.4474442657083273,0.0018178365484345705
13600,68,-1180.0352415653067,200,6,0.00027542399999999997,-0.0006603329355129972,3696.995314788818,1.4474442657083273,0.0018178365484345705
13800,69,-924.4304746210331,200,6,0.00027542399999999997,-0.0006603329355129972,3696.995314788818,1.4474442657083273,0.0018178365484345705
14000,70,-1206.7435134667785,200,6,0.00027542399999999997,-0.0006603329355129972,3696.995314788818,1.4474442657083273,0.0018178365484345705
14200,71,-1503.9453638611167,200,6,0.00027542399999999997,-0.0006603329355129972,3696.995314788818,1.4474442657083273,0.0018178365484345705
14400,72,-772.6102956509926,200,7,0.000271328,-0.0017856988008134067,5076.381338500976,1.445208577811718,0.0014609200734412298
14600,73,-1418.9399969318686,200,7,0.000271328,-0.0017856988008134067,5076.381338500976,1.445208577811718,0.0014609200734412298
14800,74,-1304.9180740093352,200,7,0.000271328,-0.0017856988008134067,5076.381338500976,1.445208577811718,0.0014609200734412298
15000,75,-1187.232218149608,200,7,0.000271328,-0.0017856988008134067,5076.381338500976,1.445208577811718,0.0014609200734412298
15200,76,-1199.5687749926353,200,7,0.000271328,-0.0017856988008134067,5076.381338500976,1.445208577811718,0.0014609200734412298
15400,77,-890.1690360557616,200,7,0.000271328,-0.0017856988008134067,5076.381338500976,1.445208577811718,0.0014609200734412298
15600,78,-1588.0308986144212,200,7,0.000271328,-0.0017856988008134067,5076.381338500976,1.445208577811718,0.0014609200734412298
15800,79,-1040.2640157116316,200,7,0.000271328,-0.0017856988008134067,5076.381338500976,1.445208577811718,0.0014609200734412298
16000,80,-837.6854491860404,200,7,0.000271328,-0.0017856988008134067,5076.381338500976,1.445208577811718,0.0014609200734412298
16200,81,-1612.8481997991228,200,7,0.000271328,-0.0017856988008134067,5076.381338500976,1.445208577811718,0.0014609200734412298
16400,82,-974.8008124555824,200,8,0.00026723199999999995,-0.0023923385015223175,4625.389839172363,1.428470203652978,0.002120722012477927
16600,83,-1067.9484326074191,200,8,0.00026723199999999995,-0.0023923385015223175,4625.389839172363,1.428470203652978,0.002120722012477927
16800,84,-1734.8817422220443,200,8,0.00026723199999999995,-0.0023923385015223175,4625.389839172363,1.428470203652978,0.002120722012477927
17000,85,-775.9592490166534,200,8,0.00026723199999999995,-0.0023923385015223175,4625.389839172363,1.428470203652978,0.002120722012477927
17200,86,-950.1742277498624,200,8,0.00026723199999999995,-0.0023923385015223175,4625.389839172363,1.428470203652978,0.002120722012477927
17400,87,-1282.6567654635353,200,8,0.00026723199999999995,-0.0023923385015223175,4625.389839172363,1.428470203652978,0.002120722012477927
17600,88,-905.471089552683,200,8,0.00026723199999999995,-0.0023923385015223175,4625.389839172363,1.428470203652978,0.002120722012477927
17800,89,-969.4618182032361,200,8,0.00026723199999999995,-0.0023923385015223175,4625.389839172363,1.428470203652978,0.002120722012477927
18000,90,-1147.132402626689,200,8,0.00026723199999999995,-0.0023923385015223175,4625.389839172363,1.428470203652978,0.002120722012477927
18200,91,-856.972934968119,200,8,0.00026723199999999995,-0.0023923385015223175,4625.389839172363,1.428470203652978,0.002120722012477927
18400,92,-1803.2029343292481,200,8,0.00026723199999999995,-0.0023923385015223175,4625.389839172363,1.428470203652978,0.002120722012477927
18600,93,-1316.6305037720404,200,9,0.00026313599999999997,-0.0005013961621443741,4476.602438354492,1.4183134589344264,0.0019326817768160255
18800,94,-848.5709484478758,200,9,0.00026313599999999997,-0.0005013961621443741,4476.602438354492,1.4183134589344264,0.0019326817768160255
19000,95,-1233.6092067400539,200,9,0.00026313599999999997,-0.0005013961621443741,4476.602438354492,1.4183134589344264,0.0019326817768160255
19200,96,-1069.7716045493296,200,9,0.00026313599999999997,-0.0005013961621443741,4476.602438354492,1.4183134589344264,0.0019326817768160255
19400,97,-1604.02551209837,200,9,0.00026313599999999997,-0.0005013961621443741,4476.602438354492,1.4183134589344264,0.0019326817768160255
19600,98,-792.1721414735732,200,9,0.00026313599999999997,-0.0005013961621443741,4476.602438354492,1.4183134589344264,0.0019326817768160255
19800,99,-1443.1330749856706,200,9,0.00026313599999999997,-0.0005013961621443741,4476.602438354492,1.4183134589344264,0.0019326817768160255
20000,100,-1534.2450368873078,200,9,0.00026313599999999997,-0.0005013961621443741,4476.602438354492,1.4183134589344264,0.0019326817768160255
20200,101,-1332.4630682009422,200,9,0.00026313599999999997,-0.0005013961621443741,4476.602438354492,1.4183134589344264,0.0019326817768160255
20400,102,-1167.4551651534662,200,9,0.00026313599999999997,-0.0005013961621443741,4476.602438354492,1.4183134589344264,0.0019326817768160255
20600,103,-1336.6173717898012,200,10,0.00025903999999999993,-0.0010396867946838029,4960.22218170166,1.4153412971645594,0.0015440238727023824
20800,104,-866.6007690866746,200,10,0.00025903999999999993,-0.0010396867946838029,4960.22218170166,1.4153412971645594,0.0015440238727023824
21000,105,-1654.4585811861402,200,10,0.00025903999999999993,-0.0010396867946838029,4960.22218170166,1.4153412971645594,0.0015440238727023824
21200,106,-968.920532422503,200,10,0.00025903999999999993,-0.0010396867946838029,4960.22218170166,1.4153412971645594,0.0015440238727023824
21400,107,-1203.287749087216,200,10,0.00025903999999999993,-0.0010396867946838029,4960.22218170166,1.4153412971645594,0.0015440238727023824
21600,108,-879.5938925089918,200,10,0.00025903999999999993,-0.0010396867946838029,4960.22218170166,1.4153412971645594,0.0015440238727023824
21800,109,-1390.984802322158,200,10,0.00025903999999999993,-0.0010396867946838029,4960.22218170166,1.4153412971645594,0.0015440238727023824
22000,110,-1575.0513559831575,200,10,0.00025903999999999993,-0.0010396867946838029,4960.22218170166,1.4153412971645594,0.0015440238727023824
22200,111,-1321.1795308361234,200,10,0.00025903999999999993,-0.0010396867946838029,4960.22218170166,1.4153412971645594,0.0015440238727023824
22400,112,-1467.7450229548951,200,10,0.00025903999999999993,-0.0010396867946838029,4960.22218170166,1.4153412971645594,0.0015440238727023824
22600,113,-1012.6853962093913,200,11,0.00025494399999999995,-0.0022428129268519115,4933.290177154541,1.406977266445756,0.002203596231993288
22800,114,-1073.385106809786,200,11,0.00025494399999999995,-0.0022428129268519115,4933.290177154541,1.406977266445756,0.002203596231993288
23000,115,-1113.927866770994,200,11,0.00025494399999999995,-0.0022428129268519115,4933.290177154541,1.406977266445756,0.002203596231993288
23200,116,-1364.9025685117538,200,11,0.00025494399999999995,-0.0022428129268519115,4933.290177154541,1.406977266445756,0.002203596231993288
23400,117,-1381.3243575163572,200,11,0.00025494399999999995,-0.0022428129268519115,4933.290177154541,1.406977266445756,0.002203596231993288
23600,118,-1345.858577459452,200,11,0.00025494399999999995,-0.0022428129268519115,4933.290177154541,1.406977266445756,0.002203596231993288
23800,119,-1244.0709161460975,200,11,0.00025494399999999995,-0.0022428129268519115,4933.290177154541,1.406977266445756,0.002203596231993288
24000,120,-973.0630702197261,200,11,0.00025494399999999995,-0.0022428129268519115,4933.290177154541,1.406977266445756,0.002203596231993288
24200,121,-1271.5303853113248,200,11,0.00025494399999999995,-0.0022428129268519115,4933.290177154541,1.406977266445756,0.002203596231993288
24400,122,-1045.3947697872413,200,11,0.00025494399999999995,-0.0022428129268519115,4933.290177154541,1.406977266445756,0.002203596231993288
24600,123,-1160.5863799426024,200,12,0.00025084799999999997,-0.004184029237512732,4364.0598068237305,1.3965502511709929,0.003902806603582576
24800,124,-1136.2932751668318,200,12,0.00025084799999999997,-0.004184029237512732,4364.0598068237305,1.3965502511709929,0.003902806603582576
25000,125,-1452.9256922155294,200,12,0.00025084799999999997,-0.004184029237512732,4364.0598068237305,1.3965502511709929,0.003902806603582576
25200,126,-1431.3588506550614,200,12,0.00025084799999999997,-0.004184029237512732,4364.0598068237305,1.3965502511709929,0.003902806603582576
25400,127,-909.373148300765,200,12,0.00025084799999999997,-0.004184029237512732,4364.0598068237305,1.3965502511709929,0.003902806603582576
25600,128,-880.1785558663654,200,12,0.00025084799999999997,-0.004184029237512732,4364.0598068237305,1.3965502511709929,0.003902806603582576
25800,129,-895.9641016920881,200,12,0.00025084799999999997,-0.004184029237512732,4364.0598068237305,1.3965502511709929,0.003902806603582576
26000,130,-884.2594779774487,200,12,0.00025084799999999997,-0.004184029237512732,4364.0598068237305,1.3965502511709929,0.003902806603582576
26200,131,-1203.4065694000187,200,12,0.00025084799999999997,-0.004184029237512732,4364.0598068237305,1.3965502511709929,0.003902806603582576
26400,132,-1526.0721407772223,200,12,0.00025084799999999997,-0.004184029237512732,4364.0598068237305,1.3965502511709929,0.003902806603582576
26600,133,-1248.9508376949545,200,12,0.00025084799999999997,-0.004184029237512732,4364.0598068237305,1.3965502511709929,0.003902806603582576
26800,134,-832.3296848546887,200,13,0.000246752,-0.002636404399527237,4266.334117889404,1.3902095817029476,0.0035561959230108187
27000,135,-1187.0940350755213,200,13,0.000246752,-0.002636404399527237,4266.334117889404,1.3902095817029476,0.0035561959230108187
27200,136,-1231.9841191575617,200,13,0.000246752,-0.002636404399527237,4266.334117889404,1.3902095817029476,0.0035561959230108187
27400,137,-855.7251714468443,200,13,0.000246752,-0.002636404399527237,4266.334117889404,1.3902095817029476,0.0035561959230108187
27600,138,-897.6202374205342,200,13,0.000246752,-0.002636404399527237,4266.334117889404,1.3902095817029476,0.0035561959230108187
27800,139,-940.9517496531538,200,13,0.000246752,-0.002636404399527237,4266.334117889404,1.3902095817029476,0.0035561959230108187
28000,140,-1072.2958693536448,200,13,0.000246752,-0.002636404399527237,4266.334117889404,1.3902095817029476,0.0035561959230108187
28200,141,-1427.8241306448815,200,13,0.000246752,-0.002636404399527237,4266.334117889404,1.3902095817029476,0.0035561959230108187
28400,142,-893.4888846295133,200,13,0.000246752,-0.002636404399527237,4266.334117889404,1.3902095817029476,0.0035561959230108187
28600,143,-1185.0465211423827,200,13,0.000246752,-0.002636404399527237,4266.334117889404,1.3902095817029476,0.0035561959230108187
28800,144,-823.9843208045606,200,14,0.00024265599999999998,-0.0035890633807866834,3491.5365875244142,1.3896083146333695,0.003978295854176394
29000,145,-1205.0992686309005,200,14,0.00024265599999999998,-0.0035890633807866834,3491.5365875244142,1.3896083146333695,0.003978295854176394
29200,146,-1500.2276610557092,200,14,0.00024265599999999998,-0.0035890633807866834,3491.5365875244142,1.3896083146333695,0.003978295854176394
29400,147,-989.0923933695736,200,14,0.00024265599999999998,-0.0035890633807866834,3491.5365875244142,1.3896083146333695,0.003978295854176394
29600,148,-1350.667651657232,200,14,0.00024265599999999998,-0.0035890633807866834,3491.5365875244142,1.3896083146333695,0.003978295854176394
29800,149,-1501.4294384702282,200,14,0.00024265599999999998,-0.0035890633807866834,3491.5365875244142,1.3896083146333695,0.003978295854176394
30000,150,-791.999318487369,200,14,0.00024265599999999998,-0.0035890633807866834,3491.5365875244142,1.3896083146333695,0.003978295854176394
30200,151,-1338.6758606487513,200,14,0.00024265599999999998,-0.0035890633807866834,3491.5365875244142,1.3896083146333695,0.003978295854176394
30400,152,-1286.8620759117214,200,14,0.00024265599999999998,-0.0035890633807866834,3491.5365875244142,1.3896083146333695,0.003978295854176394
30600,153,-878.9591128235003,200,14,0.00024265599999999998,-0.0035890633807866834,3491.5365875244142,1.3896083146333695,0.003978295854176394
30800,154,-978.3686059692926,200,15,0.00023856,-0.0026814791955985127,4332.506660461426,1.3809679843485356,0.0028630022192373873
31000,155,-1248.3749630964821,200,15,0.00023856,-0.0026814791955985127,4332.506660461426,1.3809679843485356,0.0028630022192373873
31200,156,-1004.2467218190533,200,15,0.00023856,-0.0026814791955985127,4332.506660461426,1.3809679843485356,0.0028630022192373873
31400,157,-1519.4100388245138,200,15,0.00023856,-0.0026814791955985127,4332.506660461426,1.3809679843485356,0.0028630022192373873
31600,158,-1237.8277960676555,200,15,0.00023856,-0.0026814791955985127,4332.506660461426,1.3809679843485356,0.0028630022192373873
31800,159,-873.7953087268629,200,15,0.00023856,-0.0026814791955985127,4332.506660461426,1.3809679843485356,0.0028630022192373873
32000,160,-860.3582321576771,200,15,0.00023856,-0.0026814791955985127,4332.506660461426,1.3809679843485356,0.0028630022192373873
32200,161,-1511.5669346492439,200,15,0.00023856,-0.0026814791955985127,4332.506660461426,1.3809679843485356,0.0028630022192373873
32400,162,-1197.5438936498645,200,15,0.00023856,-0.0026814791955985127,4332.506660461426,1.3809679843485356,0.0028630022192373873
32600,163,-1460.0316369023312,200,15,0.00023856,-0.0026814791955985127,4332.506660461426,1.3809679843485356,0.0028630022192373873
32800,164,-956.9877184734243,200,16,0.00023446399999999996,-0.0028558355319546536,4396.962907409668,1.3701486121863127,0.0027331469289492817
33000,165,-998.9522609348684,200,16,0.00023446399999999996,-0.0028558355319546536,4396.962907409668,1.3701486121863127,0.0027331469289492817
33200,166,-1221.3037029869895,200,16,0.00023446399999999996,-0.0028558355319546536,4396.962907409668,1.3701486121863127,0.0027331469289492817
33400,167,-1073.834392032263,200,16,0.00023446399999999996,-0.0028558355319546536,4396.962907409668,1.3701486121863127,0.0027331469289492817
33600,168,-918.4365040737115,200,16,0.00023446399999999996,-0.0028558355319546536,4396.962907409668,1.3701486121863127,0.0027331469289492817
33800,169,-1095.1203748623452,200,16,0.00023446399999999996,-0.0028558355319546536,4396.962907409668,1.3701486121863127,0.0027331469289492817
34000,170,-1220.5364282531398,200,16,0.00023446399999999996,-0.0028558355319546536,4396.962907409668,1.3701486121863127,0.0027331469289492817
34200,171,-1137.970205040685,200,16,0.00023446399999999996,-0.0028558355319546536,4396.962907409668,1.3701486121863127,0.0027331469289492817
34400,172,-1342.0840992405688,200,16,0.00023446399999999996,-0.0028558355319546536,4396.962907409668,1.3701486121863127,0.0027331469289492817
34600,173,-1325.622987353563,200,16,0.00023446399999999996,-0.0028558355319546536,4396.962907409668,1.3701486121863127,0.0027331469289492817
34800,174,-923.431841668922,200,16,0.00023446399999999996,-0.0028558355319546536,4396.962907409668,1.3701486121863127,0.0027331469289492817
35000,175,-1287.514560523586,200,17,0.00023036799999999997,-0.0012136235382058658,3866.954225921631,1.363703878596425,0.0019326320791151375
35200,176,-936.7093369642582,200,17,0.00023036799999999997,-0.0012136235382058658,3866.954225921631,1.363703878596425,0.0019326320791151375
35400,177,-980.262937936955,200,17,0.00023036799999999997,-0.0012136235382058658,3866.954225921631,1.363703878596425,0.0019326320791151375
35600,178,-1267.7355051696322,200,17,0.00023036799999999997,-0.0012136235382058658,3866.954225921631,1.363703878596425,0.0019326320791151375
35800,179,-735.5681387404296,200,17,0.00023036799999999997,-0.0012136235382058658,3866.954225921631,1.363703878596425,0.0019326320791151375
36000,180,-1178.110581348873,200,17,0.00023036799999999997,-0.0012136235382058658,3866.954225921631,1.363703878596425,0.0019326320791151375
36200,181,-1221.2587103051171,200,17,0.00023036799999999997,-0.0012136235382058658,3866.954225921631,1.363703878596425,0.0019326320791151375
36400,182,-1332.460500867228,200,17,0.00023036799999999997,-0.0012136235382058658,3866.954225921631,1.363703878596425,0.0019326320791151375
36600,183,-1498.47751136174,200,17,0.00023036799999999997,-0.0012136235382058658,3866.954225921631,1.363703878596425,0.0019326320791151375
36800,184,-1228.8416252497038,200,17,0.00023036799999999997,-0.0012136235382058658,3866.954225921631,1.363703878596425,0.0019326320791151375
37000,185,-1039.2768154592486,200,18,0.000226272,-0.001794862021051813,4136.788495635987,1.3564894549548625,0.002574703504797071
37200,186,-1081.1559694366733,200,18,0.000226272,-0.001794862021051813,4136.788495635987,1.3564894549548625,0.002574703504797071
37400,187,-1389.5324910083643,200,18,0.000226272,-0.001794862021051813,4136.788495635987,1.3564894549548625,0.002574703504797071
37600,188,-917.721410628412,200,18,0.000226272,-0.001794862021051813,4136.788495635987,1.3564894549548625,0.002574703504797071
37800,189,-773.023886416313,200,18,0.000226272,-0.001794862021051813,4136.788495635987,1.3564894549548625,0.002574703504797071
38000,190,-1373.7155712323754,200,18,0.000226272,-0.001794862021051813,4136.788495635987,1.3564894549548625,0.002574703504797071
38200,191,-1028.6374930517366,200,18,0.000226272,-0.001794862021051813,4136.788495635987,1.3564894549548625,0.002574703504797071
38400,192,-918.7395597640026,200,18,0.000226272,-0.001794862021051813,4136.788495635987,1.3564894549548625,0.002574703504797071
38600,193,-1211.6705103216016,200,18,0.000226272,-0.001794862021051813,4136.788495635987,1.3564894549548625,0.002574703504797071
38800,194,-1372.7882083208717,200,18,0.000226272,-0.001794862021051813,4136.788495635987,1.3564894549548625,0.002574703504797071
39000,195,-1251.8118578715898,200,19,0.000222176,-0.002393507088709157,3978.706922149658,1.341460655629635,0.002514326843083836
39200,196,-1379.2775104458028,200,19,0.000222176,-0.002393507088709157,3978.706922149658,1.341460655629635,0.002514326843083836
39400,197,-1191.6661714964166,200,19,0.000222176,-0.002393507088709157,3978.706922149658,1.341460655629635,0.002514326843083836
39600,198,-1092.8923212366371,200,19,0.000222176,-0.002393507088709157,3978.706922149658,1.341460655629635,0.002514326843083836
39800,199,-881.8147230465898,200,19,0.000222176,-0.002393507088709157,3978.706922149658,1.341460655629635,0.002514326843083836
40000,200,-1570.7878391993536,200,19,0.000222176,-0.002393507088709157,3978.706922149658,1.341460655629635,0.002514326843083836
40200,201,-864.2485905341814,200,19,0.000222176,-0.002393507088709157,3978.706922149658,1.341460655629635,0.002514326843083836
40400,202,-1007.0325667793641,200,19,0.000222176,-0.002393507088709157,3978.706922149658,1.341460655629635,0.002514326843083836
40600,203,-1069.3703500459874,200,19,0.000222176,-0.002393507088709157,3978.706922149658,1.341460655629635,0.002514326843083836
40800,204,-1252.9426355054838,200,19,0.000222176,-0.002393507088709157,3978.706922149658,1.341460655629635,0.002514326843083836
41000,205,-1101.0371121337528,200,20,0.00021807999999999997,-0.00278334969189018,4046.5784400939942,1.3404737159609794,0.0027870569116203114
41200,206,-1000.1481212869435,200,20,0.00021807999999999997,-0.00278334969189018,4046.5784400939942,1.3404737159609794,0.0027870569116203114
41400,207,-1208.3924627019244,200,20,0.00021807999999999997,-0.00278334969189018,4046.5784400939942,1.3404737159609794,0.0027870569116203114
41600,208,-982.2102568369135,200,20,0.00021807999999999997,-0.00278334969189018,4046.5784400939942,1.3404737159609794,0.0027870569116203114
41800,209,-861.2204865399268,200,20,0.00021807999999999997,-0.00278334969189018,4046.5784400939942,1.3404737159609794,0.0027870569116203114
42000,210,-923.3705759791866,200,20,0.00021807999999999997,-0.00278334969189018,4046.5784400939942,1.3404737159609794,0.0027870569116203114
42200,211,-1033.7610711651575,200,20,0.00021807999999999997,-0.00278334969189018,4046.5784400939942,1.3404737159609794,0.0027870569116203114
42400,212,-1000.6432873442004,200,20,0.00021807999999999997,-0.00278334969189018,4046.5784400939942,1.3404737159609794,0.0027870569116203114
42600,213,-1304.4294678039157,200,20,0.00021807999999999997,-0.00278334969189018,4046.5784400939942,1.3404737159609794,0.0027870569116203114
42800,214,-1284.0570743161893,200,20,0.00021807999999999997,-0.00278334969189018,4046.5784400939942,1.3404737159609794,0.0027870569116203114
43000,215,-1434.3362370078617,200,20,0.00021807999999999997,-0.00278334969189018,4046.5784400939942,1.3404737159609794,0.0027870569116203114
43200,216,-1110.5983133382088,200,21,0.000213984,-0.003441555036988575,3750.8912216186523,1.3496707189828157,0.0032330392219591885
43400,217,-1552.574421668076,200,21,0.000213984,-0.003441555036988575,3750.8912216186523,1.3496707189828157,0.0032330392219591885
43600,218,-859.1528801229479,200,21,0.000213984,-0.003441555036988575,3750.8912216186523,1.3496707189828157,0.0032330392219591885
43800,219,-1357.26882229156,200,21,0.000213984,-0.003441555036988575,3750.8912216186523,1.3496707189828157,0.0032330392219591885
44000,220,-911.4947574463789,200,21,0.000213984,-0.003441555036988575,3750.8912216186523,1.3496707189828157,0.0032330392219591885
44200,221,-881.4250047725352,200,21,0.000213984,-0.003441555036988575,3750.8912216186523,1.3496707189828157,0.0032330392219591885
44400,222,-1346.6634256192197,200,21,0.000213984,-0.003441555036988575,3750.8912216186523,1.3496707189828157,0.0032330392219591885
44600,223,-1046.0405199622694,200,21,0.000213984,-0.003441555036988575,3750.8912216186523,1.3496707189828157,0.0032330392219591885
44800,224,-965.4714177574244,200,21,0.000213984,-0.003441555036988575,3750.8912216186523,1.3496707189828157,0.0032330392219591885
45000,225,-787.284967807438,200,21,0.000213984,-0.003441555036988575,3750.8912216186523,1.3496707189828157,0.0032330392219591885
45200,226,-869.3581057795479,200,22,0.00020988799999999998,-0.0028256306279217823,3658.290672302246,1.3564669780433178,0.0032900583319133148
45400,227,-995.1931860564541,200,22,0.00020988799999999998,-0.0028256306279217823,3658.290672302246,1.3564669780433178,0.0032900583319133148
45600,228,-1176.7982802910606,200,22,0.00020988799999999998,-0.0028256306279217823,3658.290672302246,1.3564669780433178,0.0032900583319133148
45800,229,-1586.6915044885734,200,22,0.00020988799999999998,-0.0028256306279217823,3658.290672302246,1.3564669780433178,0.0032900583319133148
46000,230,-873.3470928436456,200,22,0.00020988799999999998,-0.0028256306279217823,3658.290672302246,1.3564669780433178,0.0032900583319133148
46200,231,-746.007298535454,200,22,0.00020988799999999998,-0.0028256306279217823,3658.290672302246,1.3564669780433178,0.0032900583319133148
46400,232,-1184.413416674396,200,22,0.00020988799999999998,-0.0028256306279217823,3658.290672302246,1.3564669780433178,0.0032900583319133148
46600,233,-1160.1877846231068,200,22,0.00020988799999999998,-0.0028256306279217823,3658.290672302246,1.3564669780433178,0.0032900583319133148
46800,234,-891.6842032069541,200,22,0.00020988799999999998,-0.0028256306279217823,3658.290672302246,1.3564669780433178,0.0032900583319133148
47000,235,-1117.0157684217422,200,22,0.00020988799999999998,-0.0028256306279217823,3658.290672302246,1.3564669780433178,0.0032900583319133148
47200,236,-731.9214021169332,200,23,0.00020579199999999997,-0.0020174737117486076,3484.168123626709,1.3573515627533197,0.003588503383798525
47400,237,-877.429791296168,200,23,0.00020579199999999997,-0.0020174737117486076,3484.168123626709,1.3573515627533197,0.003588503383798525
47600,238,-1532.131028836288,200,23,0.00020579199999999997,-0.0020174737117486076,3484.168123626709,1.3573515627533197,0.003588503383798525
47800,239,-1065.5594369910432,200,23,0.00020579199999999997,-0.0020174737117486076,3484.168123626709,1.3573515627533197,0.003588503383798525
48000,240,-1273.2565630847334,200,23,0.00020579199999999997,-0.0020174737117486076,3484.168123626709,1.3573515627533197,0.003588503383798525
48200,241,-1352.4863271818044,200,23,0.00020579199999999997,-0.0020174737117486076,3484.168123626709,1.3573515627533197,0.003588503383798525
48400,242,-878.5799774740644,200,23,0.00020579199999999997,-0.0020174737117486076,3484.168123626709,1.3573515627533197,0.003588503383798525
48600,243,-1316.5724876095048,200,23,0.00020579199999999997,-0.0020174737117486076,3484.168123626709,1.3573515627533197,0.003588503383798525
48800,244,-981.0647312223306,200,23,0.00020579199999999997,-0.0020174737117486076,3484.168123626709,1.3573515627533197,0.003588503383798525
49000,245,-975.4722529718719,200,23,0.00020579199999999997,-0.0020174737117486076,3484.168123626709,1.3573515627533197,0.003588503383798525
49200,246,-1043.3366775734353,200,24,0.000201696,-0.00364230390987359,3837.0025009155274,1.3559952944517135,0.0037372144608525558
49400,247,-973.8186672582608,200,24,0.000201696,-0.00364230390987359,3837.0025009155274,1.3559952944517135,0.0037372144608525558
49600,248,-1563.9262661651358,200,24,0.000201696,-0.00364230390987359,3837.0025009155274,1.3559952944517135,0.0037372144608525558
49800,249,-1263.022452595362,200,24,0.000201696,-0.00364230390987359,3837.0025009155274,1.3559952944517135,0.0037372144608525558
50000,250,-699.4116432228227,200,24,0.000201696,-0.00364230390987359,3837.0025009155274,1.3559952944517135,0.0037372144608525558
50200,251,-983.034301792684,200,24,0.000201696,-0.00364230390987359,3837.0025009155274,1.3559952944517135,0.0037372144608525558
50400,252,-1154.3089780870678,200,24,0.000201696,-0.00364230390987359,3837.0025009155274,1.3559952944517135,0.0037372144608525558
50600,253,-863.1426906760756,200,24,0.000201696,-0.00364230390987359,3837.0025009155274,1.3559952944517135,0.0037372144608525558
50800,254,-1183.9121761028462,200,24,0.000201696,-0.00364230390987359,3837.0025009155274,1.3559952944517135,0.0037372144608525558
51000,255,-1086.8142632589263,200,24,0.000201696,-0.00364230390987359,3837.0025009155274,1.3559952944517135,0.0037372144608525558
51200,256,-973.7446373048098,200,24,0.000201696,-0.00364230390987359,3837.0025009155274,1.3559952944517135,0.0037372144608525558
51400,257,-1046.563297711982,200,25,0.0001976,-0.001986179285449907,3559.4854118347166,1.3525192711502314,0.0031861496827332303
51600,258,-859.8661303137014,200,25,0.0001976,-0.001986179285449907,3559.4854118347166,1.3525192711502314,0.0031861496827332303
51800,259,-1240.219755486324,200,25,0.0001976,-0.001986179285449907,3559.4854118347166,1.3525192711502314,0.0031861496827332303
52000,260,-975.0515210221843,200,25,0.0001976,-0.001986179285449907,3559.4854118347166,1.3525192711502314,0.0031861496827332303
52200,261,-1129.299121294503,200,25,0.0001976,-0.001986179285449907,3559.4854118347166,1.3525192711502314,0.0031861496827332303
52400,262,-859.7668819337347,200,25,0.0001976,-0.001986179285449907,3559.4854118347166,1.3525192711502314,0.0031861496827332303
52600,263,-990.495233628932,200,25,0.0001976,-0.001986179285449907,3559.4854118347166,1.3525192711502314,0.0031861496827332303
52800,264,-1093.8083102036646,200,25,0.0001976,-0.001986179285449907,3559.4854118347166,1.3525192711502314,0.0031861496827332303
53000,265,-1099.034621069167,200,25,0.0001976,-0.001986179285449907,3559.4854118347166,1.3525192711502314,0.0031861496827332303
53200,266,-1000.2019784757424,200,25,0.0001976,-0.001986179285449907,3559.4854118347166,1.3525192711502314,0.0031861496827332303
53400,267,-1366.6343705069621,200,26,0.00019350399999999997,-0.0008254114422015846,3232.807231903076,1.3560297228395939,0.0026298567099729553
53600,268,-1137.430209731899,200,26,0.00019350399999999997,-0.0008254114422015846,3232.807231903076,1.3560297228395939,0.0026298567099729553
53800,269,-966.7138756706938,200,26,0.00019350399999999997,-0.0008254114422015846,3232.807231903076,1.3560297228395939,0.0026298567099729553
54000,270,-1076.1112442491506,200,26,0.00019350399999999997,-0.0008254114422015846,3232.807231903076,1.3560297228395939,0.0026298567099729553
54200,271,-865.5729144132982,200,26,0.00019350399999999997,-0.0008254114422015846,3232.807231903076,1.3560297228395939,0.0026298567099729553
54400,272,-1132.759283255661,200,26,0.00019350399999999997,-0.0008254114422015846,3232.807231903076,1.3560297228395939,0.0026298567099729553
54600,273,-1315.654497550235,200,26,0.00019350399999999997,-0.0008254114422015846,3232.807231903076,1.3560297228395939,0.0026298567099729553
54800,274,-1274.6328769898869,200,26,0.00019350399999999997,-0.0008254114422015846,3232.807231903076,1.3560297228395939,0.0026298567099729553
55000,275,-1113.2714816897571,200,26,0.00019350399999999997,-0.0008254114422015846,3232.807231903076,1.3560297228395939,0.0026298567099729553
55200,276,-746.6952732435026,200,26,0.00019350399999999997,-0.0008254114422015846,3232.807231903076,1.3560297228395939,0.0026298567099729553
55400,277,-1085.5106933168818,200,27,0.00018940799999999996,0.00035118900777888486,3526.787488555908,1.356598011404276,0.0008287868025945499
55600,278,-1404.7873552430324,200,27,0.00018940799999999996,0.00035118900777888486,3526.787488555908,1.356598011404276,0.0008287868025945499
55800,279,-1303.7715077837295,200,27,0.00018940799999999996,0.00035118900777888486,3526.787488555908,1.356598011404276,0.0008287868025945499
56000,280,-858.841022946956,200,27,0.00018940799999999996,0.00035118900777888486,3526.787488555908,1.356598011404276,0.0008287868025945499
56200,281,-862.7837444858327,200,27,0.00018940799999999996,0.00035118900777888486,3526.787488555908,1.356598011404276,0.0008287868025945499
56400,282,-1171.877666121422,200,27,0.00018940799999999996,0.00035118900777888486,3526.787488555908,1.356598011404276,0.0008287868025945499
56600,283,-987.5589968120088,200,27,0.00018940799999999996,0.00035118900777888486,3526.787488555908,1.356598011404276,0.0008287868025945499
56800,284,-1386.7937609748396,200,27,0.00018940799999999996,0.00035118900777888486,3526.787488555908,1.356598011404276,0.0008287868025945499
57000,285,-925.913345139692,200,27,0.00018940799999999996,0.00035118900777888486,3526.787488555908,1.356598011404276,0.0008287868025945499
57200,286,-1265.5698585168002,200,27,0.00018940799999999996,0.00035118900777888486,3526.787488555908,1.356598011404276,0.0008287868025945499
57400,287,-1116.705065409238,200,28,0.00018531199999999998,-0.0013500542467227207,3886.028102111816,1.3649874582886696,0.00208927346393466
57600,288,-1281.225517539148,200,28,0.00018531199999999998,-0.0013500542467227207,3886.028102111816,1.3649874582886696,0.00208927346393466
57800,289,-871.8990016549125,200,28,0.00018531199999999998,-0.0013500542467227207,3886.028102111816,1.3649874582886696,0.00208927346393466
58000,290,-1010.3226523491617,200,28,0.00018531199999999998,-0.0013500542467227207,3886.028102111816,1.3649874582886696,0.00208927346393466
58200,291,-986.4237296893988,200,28,0.00018531199999999998,-0.0013500542467227207,3886.028102111816,1.3649874582886696,0.00208927346393466
58400,292,-1079.7984837358558,200,28,0.00018531199999999998,-0.0013500542467227207,3886.028102111816,1.3649874582886696,0.00208927346393466
58600,293,-1076.077776695017,200,28,0.00018531199999999998,-0.0013500542467227207,3886.028102111816,1.3649874582886696,0.00208927346393466
58800,294,-1209.0713115119704,200,28,0.00018531199999999998,-0.0013500542467227207,3886.028102111816,1.3649874582886696,0.00208927346393466
59000,295,-1034.0052655426302,200,28,0.00018531199999999998,-0.0013500542467227207,3886.028102111816,1.3649874582886696,0.00208927346393466
59200,296,-1271.8678596382981,200,28,0.00018531199999999998,-0.0013500542467227207,3886.028102111816,1.3649874582886696,0.00208927346393466
59400,297,-860.3867745467702,200,29,0.000181216,-0.0023268122182344086,3388.2801078796388,1.3777407482266426,0.0027699737256625667
59600,298,-1118.7879606104743,200,29,0.000181216,-0.0023268122182344086,3388.2801078796388,1.3777407482266426,0.0027699737256625667
59800,299,-864.7449830211563,200,29,0.000181216,-0.0023268122182344086,3388.2801078796388,1.3777407482266426,0.0027699737256625667
60000,300,-751.4591646940889,200,29,0.000181216,-0.0023268122182344086,3388.2801078796388,1.3777407482266426,0.0027699737256625667
60200,301,-1203.18405009695,200,29,0.000181216,-0.0023268122182344086,3388.2801078796388,1.3777407482266426,0.0027699737256625667
60400,302,-1096.4690472240356,200,29,0.000181216,-0.0023268122182344086,3388.2801078796388,1.3777407482266426,0.0027699737256625667
60600,303,-977.0211964206289,200,29,0.000181216,-0.0023268122182344086,3388.2801078796388,1.3777407482266426,0.0027699737256625667
60800,304,-1096.0980281371449,200,29,0.000181216,-0.0023268122182344086,3388.2801078796388,1.3777407482266426,0.0027699737256625667
61000,305,-1290.1294353592987,200,29,0.000181216,-0.0023268122182344086,3388.2801078796388,1.3777407482266426,0.0027699737256625667
61200,306,-976.9904935109342,200,29,0.000181216,-0.0023268122182344086,3388.2801078796388,1.3777407482266426,0.0027699737256625667
61400,307,-933.3946343777147,200,29,0.000181216,-0.0023268122182344086,3388.2801078796388,1.3777407482266426,0.0027699737256625667
61600,308,-1102.84848059455,200,30,0.00017711999999999998,-0.002705666823021602,3160.6693061828614,1.3803229421377181,0.0031046569900354372
61800,309,-922.6073357471336,200,30,0.00017711999999999998,-0.002705666823021602,3160.6693061828614,1.3803229421377181,0.0031046569900354372
62000,310,-1117.9308330752183,200,30,0.00017711999999999998,-0.002705666823021602,3160.6693061828614,1.3803229421377181,0.0031046569900354372
62200,311,-896.447975777682,200,30,0.00017711999999999998,-0.002705666823021602,3160.6693061828614,1.3803229421377181,0.0031046569900354372
62400,312,-885.0775754252629,200,30,0.00017711999999999998,-0.002705666823021602,3160.6693061828614,1.3803229421377181,0.0031046569900354372
62600,313,-1318.190162087229,200,30,0.00017711999999999998,-0.002705666823021602,3160.6693061828614,1.3803229421377181,0.0031046569900354372
62800,314,-867.9748352725569,200,30,0.00017711999999999998,-0.002705666823021602,3160.6693061828614,1.3803229421377181,0.0031046569900354372
63000,315,-1229.1435966783786,200,30,0.00017711999999999998,-0.002705666823021602,3160.6693061828614,1.3803229421377181,0.0031046569900354372
63200,316,-1330.0729232377028,200,30,0.00017711999999999998,-0.002705666823021602,3160.6693061828614,1.3803229421377181,0.0031046569900354372
63400,317,-1395.454791124689,200,30,0.00017711999999999998,-0.002705666823021602,3160.6693061828614,1.3803229421377181,0.0031046569900354372
63600,318,-999.525768829637,200,31,0.000173024,-0.001346094499604078,3644.6037933349608,1.3728983525186778,0.002253835496958345
63800,319,-983.7999395133082,200,31,0.000173024,-0.001346094499604078,3644.6037933349608,1.3728983525186778,0.002253835496958345
64000,320,-882.880854973905,200,31,0.000173024,-0.001346094499604078,3644.6037933349608,1.3728983525186778,0.002253835496958345
64200,321,-864.6610508457749,200,31,0.000173024,-0.001346094499604078,3644.6037933349608,1.3728983525186778,0.002253835496958345
64400,322,-1041.4096182449284,200,31,0.000173024,-0.001346094499604078,3644.6037933349608,1.3728983525186778,0.002253835496958345
64600,323,-881.3271121096016,200,31,0.000173024,-0.001346094499604078,3644.6037933349608,1.3728983525186778,0.002253835496958345
64800,324,-750.905132522404,200,31,0.000173024,-0.001346094499604078,3644.6037933349608,1.3728983525186778,0.002253835496958345
65000,325,-1396.7998925686695,200,31,0.000173024,-0.001346094499604078,3644.6037933349608,1.3728983525186778,0.002253835496958345
65200,326,-962.3155651920238,200,31,0.000173024,-0.001346094499604078,3644.6037933349608,1.3728983525186778,0.002253835496958345
65400,327,-1335.5134940093017,200,31,0.000173024,-0.001346094499604078,3644.6037933349608,1.3728983525186778,0.002253835496958345
65600,328,-1117.525592512719,200,32,0.000168928,-0.0030635692644864322,3158.887919616699,1.365913548693061,0.0032057579344836997
65800,329,-1306.8289383761355,200,32,0.000168928,-0.0030635692644864322,3158.887919616699,1.365913548693061,0.0032057579344836997
66000,330,-736.5674634222688,200,32,0.000168928,-0.0030635692644864322,3158.887919616699,1.365913548693061,0.0032057579344836997
66200,331,-1013.166440869634,200,32,0.000168928,-0.0030635692644864322,3158.887919616699,1.365913548693061,0.0032057579344836997
66400,332,-1299.0750511347728,200,32,0.000168928,-0.0030635692644864322,3158.887919616699,1.365913548693061,0.0032057579344836997
66600,333,-783.0172013674635,200,32,0.000168928,-0.0030635692644864322,3158.887919616699,1.365913548693061,0.0032057579344836997
66800,334,-779.8907255620712,200,32,0.000168928,-0.0030635692644864322,3158.887919616699,1.365913548693061,0.0032057579344836997
67000,335,-1309.7614266195378,200,32,0.000168928,-0.0030635692644864322,3158.887919616699,1.365913548693061,0.0032057579344836997
67200,336,-1262.975903173838,200,32,0.000168928,-0.0030635692644864322,3158.887919616699,1.365913548693061,0.0032057579344836997
67400,337,-876.4429372986282,200,32,0.000168928,-0.0030635692644864322,3158.887919616699,1.365913548693061,0.0032057579344836997
67600,338,-871.7705485483997,200,33,0.00016483199999999996,-0.0013070723522105253,3203.7961265563963,1.3657153945416212,0.0024815640674205495
67800,339,-993.1388728894564,200,33,0.00016483199999999996,-0.0013070723522105253,3203.7961265563963,1.3657153945416212,0.0024815640674205495
68000,340,-1063.5694657994509,200,33,0.00016483199999999996,-0.0013070723522105253,3203.7961265563963,1.3657153945416212,0.0024815640674205495
68200,341,-1027.9479655117145,200,33,0.00016483199999999996,-0.0013070723522105253,3203.7961265563963,1.3657153945416212,0.0024815640674205495
68400,342,-1017.2003773584047,200,33,0.00016483199999999996,-0.0013070723522105253,3203.7961265563963,1.3657153945416212,0.0024815640674205495
68600,343,-780.6680606834595,200,33,0.00016483199999999996,-0.0013070723522105253,3203.7961265563963,1.3657153945416212,0.0024815640674205495
68800,344,-788.5518263884252,200,33,0.00016483199999999996,-0.0013070723522105253,3203.7961265563963,1.3657153945416212,0.0024815640674205495
69000,345,-1118.3601668127876,200,33,0.00016483199999999996,-0.0013070723522105253,3203.7961265563963,1.3657153945416212,0.0024815640674205495
69200,346,-896.3073492736619,200,33,0.00016483199999999996,-0.0013070723522105253,3203.7961265563963,1.3657153945416212,0.0024815640674205495
69400,347,-876.7093387139037,200,33,0.00016483199999999996,-0.0013070723522105253,3203.7961265563963,1.3657153945416212,0.0024815640674205495
69600,348,-943.7799974518533,200,33,0.00016483199999999996,-0.0013070723522105253,3203.7961265563963,1.3657153945416212,0.0024815640674205495
69800,349,-1165.1341699967481,200,34,0.00016073599999999997,-0.001731902347819414,2793.3071105957033,1.3733794268220663,0.002744089433690533
70000,350,-775.7959381092528,200,34,0.00016073599999999997,-0.001731902347819414,2793.3071105957033,1.3733794268220663,0.002744089433690533
70200,351,-870.3209944932719,200,34,0.00016073599999999997,-0.001731902347819414,2793.3071105957033,1.3733794268220663,0.002744089433690533
70400,352,-1089.3473415066308,200,34,0.00016073599999999997,-0.001731902347819414,2793.3071105957033,1.3733794268220663,0.002744089433690533
70600,353,-782.5089702931621,200,34,0.00016073599999999997,-0.001731902347819414,2793.3071105957033,1.3733794268220663,0.002744089433690533
70800,354,-988.9021816990893,200,34,0.00016073599999999997,-0.001731902347819414,2793.3071105957033,1.3733794268220663,0.002744089433690533
71000,355,-873.3911903745687,200,34,0.00016073599999999997,-0.001731902347819414,2793.3071105957033,1.3733794268220663,0.002744089433690533
71200,356,-871.8570629225645,200,34,0.00016073599999999997,-0.001731902347819414,2793.3071105957033,1.3733794268220663,0.002744089433690533
71400,357,-996.3978700671875,200,34,0.00016073599999999997,-0.001731902347819414,2793.3071105957033,1.3733794268220663,0.002744089433690533
71600,358,-843.8308942940695,200,34,0.00016073599999999997,-0.001731902347819414,2793.3071105957033,1.3733794268220663,0.002744089433690533
71800,359,-1302.0137821697854,200,35,0.00015664,-0.0015021086001070216,2648.6630325317383,1.3825581002980472,0.0024870760331396013
72000,360,-898.2431310842958,200,35,0.00015664,-0.0015021086001070216,2648.6630325317383,1.3825581002980472,0.0024870760331396013
72200,361,-1019.3023178858741,200,35,0.00015664,-0.0015021086001070216,2648.6630325317383,1.3825581002980472,0.0024870760331396013
72400,362,-1302.6112400506372,200,35,0.00015664,-0.0015021086001070216,2648.6630325317383,1.3825581002980472,0.0024870760331396013
72600,363,-1088.9010325579006,200,35,0.00015664,-0.0015021086001070216,2648.6630325317383,1.3825581002980472,0.0024870760331396013
72800,364,-1105.616308267399,200,35,0.00015664,-0.0015021086001070216,2648.6630325317383,1.3825581002980472,0.0024870760331396013
73000,365,-986.9881753687931,200,35,0.00015664,-0.0015021086001070216,2648.6630325317383,1.3825581002980472,0.0024870760331396013
73200,366,-1030.1309837417573,200,35,0.00015664,-0.0015021086001070216,2648.6630325317383,1.3825581002980472,0.0024870760331396013
73400,367,-949.4575224695024,200,35,0.00015664,-0.0015021086001070216,2648.6630325317383,1.3825581002980472,0.0024870760331396013
73600,368,-1112.8932255539728,200,35,0.00015664,-0.0015021086001070216,2648.6630325317383,1.3825581002980472,0.0024870760331396013
73800,369,-1026.689060540763,200,36,0.000152544,-0.001935570607020054,3328.6651962280275,1.384188523888588,0.0025808921724092214
74000,370,-1044.8321629563764,200,36,0.000152544,-0.001935570607020054,3328.6651962280275,1.384188523888588,0.0025808921724092214
74200,371,-874.4146023933937,200,36,0.000152544,-0.001935570607020054,3328.6651962280275,1.384188523888588,0.0025808921724092214
74400,372,-1183.1399133728587,200,36,0.000152544,-0.001935570607020054,3328.6651962280275,1.384188523888588,0.0025808921724092214
74600,373,-1077.491635946992,200,36,0.000152544,-0.001935570607020054,3328.6651962280275,1.384188523888588,0.0025808921724092214
74800,374,-1167.7487979931968,200,36,0.000152544,-0.001935570607020054,3328.6651962280275,1.384188523888588,0.0025808921724092214
75000,375,-1031.951456139938,200,36,0.000152544,-0.001935570607020054,3328.6651962280275,1.384188523888588,0.0025808921724092214
75200,376,-890.5400970576802,200,36,0.000152544,-0.001935570607020054,3328.6651962280275,1.384188523888588,0.0025808921724092214
75400,377,-998.3990448410865,200,36,0.000152544,-0.001935570607020054,3328.6651962280275,1.384188523888588,0.0025808921724092214
75600,378,-990.5417006672229,200,36,0.000152544,-0.001935570607020054,3328.6651962280275,1.384188523888588,0.0025808921724092214
75800,379,-1024.0854606491578,200,37,0.00014844799999999997,-0.0023664848660700953,3108.4139083862306,1.3837410017848015,0.003573663075803779
76000,380,-998.6110273745795,200,37,0.00014844799999999997,-0.0023664848660700953,3108.4139083862306,1.3837410017848015,0.003573663075803779
76200,381,-903.8219774287718,200,37,0.00014844799999999997,-0.0023664848660700953,3108.4139083862306,1.3837410017848015,0.003573663075803779
76400,382,-1268.9757362197427,200,37,0.00014844799999999997,-0.0023664848660700953,3108.4139083862306,1.3837410017848015,0.003573663075803779
76600,383,-947.5772959960324,200,37,0.00014844799999999997,-0.0023664848660700953,3108.4139083862306,1.3837410017848015,0.003573663075803779
76800,384,-899.5177455028078,200,37,0.00014844799999999997,-0.0023664848660700953,3108.4139083862306,1.3837410017848015,0.003573663075803779
77000,385,-986.0823888012293,200,37,0.00014844799999999997,-0.0023664848660700953,3108.4139083862306,1.3837410017848015,0.003573663075803779
77200,386,-821.6720419406045,200,37,0.00014844799999999997,-0.0023664848660700953,3108.4139083862306,1.3837410017848015,0.003573663075803779
77400,387,-993.3742242157026,200,37,0.00014844799999999997,-0.0023664848660700953,3108.4139083862306,1.3837410017848015,0.003573663075803779
77600,388,-1310.683692930829,200,37,0.00014844799999999997,-0.0023664848660700953,3108.4139083862306,1.3837410017848015,0.003573663075803779
77800,389,-846.3783495925534,200,37,0.00014844799999999997,-0.0023664848660700953,3108.4139083862306,1.3837410017848015,0.003573663075803779
78000,390,-1497.776037433509,200,38,0.000144352,-0.0010413088588393294,2957.773904418945,1.3908445172011852,0.0020472254691412672
78200,391,-1065.0895265300944,200,38,0.000144352,-0.0010413088588393294,2957.773904418945,1.3908445172011852,0.0020472254691412672
78400,392,-820.8825003019998,200,38,0.000144352,-0.0010413088588393294,2957.773904418945,1.3908445172011852,0.0020472254691412672
78600,393,-1158.531818385484,200,38,0.000144352,-0.0010413088588393294,2957.773904418945,1.3908445172011852,0.0020472254691412672
78800,394,-1227.6019519349752,200,38,0.000144352,-0.0010413088588393294,2957.773904418945,1.3908445172011852,0.0020472254691412672
79000,395,-767.2356857443851,200,38,0.000144352,-0.0010413088588393294,2957.773904418945,1.3908445172011852,0.0020472254691412672
79200,396,-771.7361455156569,200,38,0.000144352,-0.0010413088588393294,2957.773904418945,1.3908445172011852,0.0020472254691412672
79400,397,-1117.4357483753165,200,38,0.000144352,-0.0010413088588393294,2957.773904418945,1.3908445172011852,0.0020472254691412672
79600,398,-985.1275808173191,200,38,0.000144352,-0.0010413088588393294,2957.773904418945,1.3908445172011852,0.0020472254691412672
79800,399,-980.2359327636233,200,38,0.000144352,-0.0010413088588393294,2957.773904418945,1.3908445172011852,0.0020472254691412672
80000,400,-1068.1732979179037,200,39,0.000140256,-0.001527783286292106,3170.1270957946776,1.3943749092519284,0.0018948378070490434
80200,401,-1052.1317628052354,200,39,0.000140256,-0.001527783286292106,3170.1270957946776,1.3943749092519284,0.0018948378070490434
80400,402,-1169.0776145196264,200,39,0.000140256,-0.001527783286292106,3170.1270957946776,1.3943749092519284,0.0018948378070490434
80600,403,-984.3080414069589,200,39,0.000140256,-0.001527783286292106,3170.1270957946776,1.3943749092519284,0.0018948378070490434
80800,404,-1317.361225992824,200,39,0.000140256,-0.001527783286292106,3170.1270957946776,1.3943749092519284,0.0018948378070490434
81000,405,-1331.9492410856822,200,39,0.000140256,-0.001527783286292106,3170.1270957946776,1.3943749092519284,0.0018948378070490434
81200,406,-1100.7053829261295,200,39,0.000140256,-0.001527783286292106,3170.1270957946776,1.3943749092519284,0.0018948378070490434
81400,407,-904.6618095378628,200,39,0.000140256,-0.001527783286292106,3170.1270957946776,1.3943749092519284,0.0018948378070490434
81600,408,-982.8391876975741,200,39,0.000140256,-0.001527783286292106,3170.1270957946776,1.3943749092519284,0.0018948378070490434
81800,409,-922.7103557311018,200,39,0.000140256,-0.001527783286292106,3170.1270957946776,1.3943749092519284,0.0018948378070490434
82000,410,-1106.6080795760138,200,40,0.00013615999999999997,-0.002524768734292593,3494.535824584961,1.3934812176972629,0.0027016361302230505
82200,411,-754.643555783124,200,40,0.00013615999999999997,-0.002524768734292593,3494.535824584961,1.3934812176972629,0.0027016361302230505
82400,412,-1327.791443429267,200,40,0.00013615999999999997,-0.002524768734292593,3494.535824584961,1.3934812176972629,0.0027016361302230505
82600,413,-753.7058893026406,200,40,0.00013615999999999997,-0.002524768734292593,3494.535824584961,1.3934812176972629,0.0027016361302230505
82800,414,-983.228726215109,200,40,0.00013615999999999997,-0.002524768734292593,3494.535824584961,1.3934812176972629,0.0027016361302230505
83000,415,-1254.1386185855183,200,40,0.00013615999999999997,-0.002524768734292593,3494.535824584961,1.3934812176972629,0.0027016361302230505
83200,416,-1246.5269235426488,200,40,0.00013615999999999997,-0.002524768734292593,3494.535824584961,1.3934812176972629,0.0027016361302230505
83400,417,-772.8305885383612,200,40,0.00013615999999999997,-0.002524768734292593,3494.535824584961,1.3934812176972629,0.0027016361302230505
83600,418,-1326.8381474314142,200,40,0.00013615999999999997,-0.002524768734292593,3494.535824584961,1.3934812176972629,0.0027016361302230505
83800,419,-986.7444880417199,200,40,0.00013615999999999997,-0.002524768734292593,3494.535824584961,1.3934812176972629,0.0027016361302230505
84000,420,-1001.9166894929069,200,41,0.000132064,-0.0020240513382304925,3230.5461402893065,1.3911856930702924,0.00241825878911186
84200,421,-761.9417573280728,200,41,0.000132064,-0.0020240513382304925,3230.5461402893065,1.3911856930702924,0.00241825878911186
84400,422,-734.8021212875942,200,41,0.000132064,-0.0020240513382304925,3230.5461402893065,1.3911856930702924,0.00241825878911186
84600,423,-980.7923069090165,200,41,0.000132064,-0.0020240513382304925,3230.5461402893065,1.3911856930702924,0.00241825878911186
84800,424,-1043.4939843453408,200,41,0.000132064,-0.0020240513382304925,3230.5461402893065,1.3911856930702924,0.00241825878911186
85000,425,-902.6543373172123,200,41,0.000132064,-0.0020240513382304925,3230.5461402893065,1.3911856930702924,0.00241825878911186
85200,426,-994.0272328255649,200,41,0.000132064,-0.0020240513382304925,3230.5461402893065,1.3911856930702924,0.00241825878911186
85400,427,-722.9407446139375,200,41,0.000132064,-0.0020240513382304925,3230.5461402893065,1.3911856930702924,0.00241825878911186
85600,428,-979.8102426839383,200,41,0.000132064,-0.0020240513382304925,3230.5461402893065,1.3911856930702924,0.00241825878911186
85800,429,-890.0374423565544,200,41,0.000132064,-0.0020240513382304925,3230.5461402893065,1.3911856930702924,0.00241825878911186
86000,430,-1152.9765394681624,200,41,0.000132064,-0.0020240513382304925,3230.5461402893065,1.3911856930702924,0.00241825878911186
86200,431,-633.5687379744368,200,42,0.000127968,-0.003478765701584052,2505.210920715332,1.3968566671013831,0.0030625229672295974
86400,432,-761.4856014259192,200,42,0.000127968,-0.003478765701584052,2505.210920715332,1.3968566671013831,0.0030625229672295974
86600,433,-877.818454455102,200,42,0.000127968,-0.003478765701584052,2505.210920715332,1.3968566671013831,0.0030625229672295974
86800,434,-1117.4771653804976,200,42,0.000127968,-0.003478765701584052,2505.210920715332,1.3968566671013831,0.0030625229672295974
87000,435,-976.8128034336341,200,42,0.000127968,-0.003478765701584052,2505.210920715332,1.3968566671013831,0.0030625229672295974
87200,436,-987.2267172311189,200,42,0.000127968,-0.003478765701584052,2505.210920715332,1.3968566671013831,0.0030625229672295974
87400,437,-1194.41158391123,200,42,0.000127968,-0.003478765701584052,2505.210920715332,1.3968566671013831,0.0030625229672295974
87600,438,-1379.9382275903974,200,42,0.000127968,-0.003478765701584052,2505.210920715332,1.3968566671013831,0.0030625229672295974
87800,439,-1392.0760033272745,200,42,0.000127968,-0.003478765701584052,2505.210920715332,1.3968566671013831,0.0030625229672295974
88000,440,-877.1193462922013,200,42,0.000127968,-0.003478765701584052,2505.210920715332,1.3968566671013831,0.0030625229672295974
88200,441,-634.6542675167236,200,43,0.000123872,-0.0035007135695195755,3069.687375640869,1.4006628707051276,0.0034484450909076257
88400,442,-1182.4160278849731,200,43,0.000123872,-0.0035007135695195755,3069.687375640869,1.4006628707051276,0.0034484450909076257
88600,443,-1187.4333014652682,200,43,0.000123872,-0.0035007135695195755,3069.687375640869,1.4006628707051276,0.0034484450909076257
88800,444,-754.4060672038222,200,43,0.000123872,-0.0035007135695195755,3069.687375640869,1.4006628707051276,0.0034484450909076257
89000,445,-1102.268675362236,200,43,0.000123872,-0.0035007135695195755,3069.687375640869,1.4006628707051276,0.0034484450909076257
89200,446,-1062.4535307631015,200,43,0.000123872,-0.0035007135695195755,3069.687375640869,1.4006628707051276,0.0034484450909076257
89400,447,-1180.8697092888817,200,43,0.000123872,-0.0035007135695195755,3069.687375640869,1.4006628707051276,0.0034484450909076257
89600,448,-1178.7080236070683,200,43,0.000123872,-0.0035007135695195755,3069.687375640869,1.4006628707051276,0.0034484450909076257
89800,449,-765.1356584366845,200,43,0.000123872,-0.0035007135695195755,3069.687375640869,1.4006628707051276,0.0034484450909076257
90000,450,-845.0438803351445,200,43,0.000123872,-0.0035007135695195755,3069.687375640869,1.4006628707051276,0.0034484450909076257
90200,451,-1303.151052607732,200,44,0.000119776,-0.0030749524987186303,3156.026340484619,1.3989532198756933,0.002643726524547674
90400,452,-1011.1295701906228,200,44,0.000119776,-0.0030749524987186303,3156.026340484619,1.3989532198756933,0.002643726524547674
90600,453,-1156.1218990474163,200,44,0.000119776,-0.0030749524987186303,3156.026340484619,1.3989532198756933,0.002643726524547674
90800,454,-717.0696755256605,200,44,0.000119776,-0.0030749524987186303,3156.026340484619,1.3989532198756933,0.002643726524547674
91000,455,-768.1016474535759,200,44,0.000119776,-0.0030749524987186303,3156.026340484619,1.3989532198756933,0.002643726524547674
91200,456,-891.9081772800414,200,44,0.000119776,-0.0030749524987186303,3156.026340484619,1.3989532198756933,0.002643726524547674
91400,457,-895.7870579908979,200,44,0.000119776,-0.0030749524987186303,3156.026340484619,1.3989532198756933,0.002643726524547674
91600,458,-1065.5061890742886,200,44,0.000119776,-0.0030749524987186303,3156.026340484619,1.3989532198756933,0.002643726524547674
91800,459,-1410.0093612220912,200,44,0.000119776,-0.0030749524987186303,3156.026340484619,1.3989532198756933,0.002643726524547674
92000,460,-1182.4043577837929,200,44,0.000119776,-0.0030749524987186303,3156.026340484619,1.3989532198756933,0.002643726524547674
92200,461,-1197.6190924827467,200,45,0.00011568,-0.001809956905344734,3193.009299468994,1.3892978306859731,0.0024156301078619435
92400,462,-1171.4455804536992,200,45,0.00011568,-0.001809956905344734,3193.009299468994,1.3892978306859731,0.0024156301078619435
92600,463,-755.3216634594969,200,45,0.00011568,-0.001809956905344734,3193.009299468994,1.3892978306859731,0.0024156301078619435
92800,464,-930.4814545802003,200,45,0.00011568,-0.001809956905344734,3193.009299468994,1.3892978306859731,0.0024156301078619435
93000,465,-1023.1185567109828,200,45,0.00011568,-0.001809956905344734,3193.009299468994,1.3892978306859731,0.0024156301078619435
93200,466,-892.5613892597949,200,45,0.00011568,-0.001809956905344734,3193.009299468994,1.3892978306859731,0.0024156301078619435
93400,467,-902.2552935106202,200,45,0.00011568,-0.001809956905344734,3193.009299468994,1.3892978306859731,0.0024156301078619435
93600,468,-852.6153408019288,200,45,0.00011568,-0.001809956905344734,3193.009299468994,1.3892978306859731,0.0024156301078619435
93800,469,-882.8972626146793,200,45,0.00011568,-0.001809956905344734,3193.009299468994,1.3892978306859731,0.0024156301078619435
94000,470,-795.1284561040599,200,45,0.00011568,-0.001809956905344734,3193.009299468994,1.3892978306859731,0.0024156301078619435
94200,471,-878.4114721604171,200,45,0.00011568,-0.001809956905344734,3193.009299468994,1.3892978306859731,0.0024156301078619435
94400,472,-1026.025541798189,200,46,0.00011158399999999998,-0.0035317979600222316,2450.0387638092043,1.3885425675660372,0.0031997525657061487
94600,473,-1142.4091554753668,200,46,0.00011158399999999998,-0.0035317979600222316,2450.0387638092043,1.3885425675660372,0.0031997525657061487
94800,474,-1331.5797055612666,200,46,0.00011158399999999998,-0.0035317979600222316,2450.0387638092043,1.3885425675660372,0.0031997525657061487
95000,475,-1398.1780840612148,200,46,0.00011158399999999998,-0.0035317979600222316,2450.0387638092043,1.3885425675660372,0.0031997525657061487
95200,476,-1161.3415394200179,200,46,0.00011158399999999998,-0.0035317979600222316,2450.0387638092043,1.3885425675660372,0.0031997525657061487
95400,477,-911.2269701079848,200,46,0.00011158399999999998,-0.0035317979600222316,2450.0387638092043,1.3885425675660372,0.0031997525657061487
95600,478,-995.3111703917697,200,46,0.00011158399999999998,-0.0035317979600222316,2450.0387638092043,1.3885425675660372,0.0031997525657061487
95800,479,-1005.4449332707622,200,46,0.00011158399999999998,-0.0035317979600222316,2450.0387638092043,1.3885425675660372,0.0031997525657061487
96000,480,-1174.9922804741632,200,46,0.00011158399999999998,-0.0035317979600222316,2450.0387638092043,1.3885425675660372,0.0031997525657061487
96200,481,-895.602428052551,200,46,0.00011158399999999998,-0.0035317979600222316,2450.0387638092043,1.3885425675660372,0.0031997525657061487
96400,482,-1211.6664038034141,200,47,0.000107488,-0.001185002931742929,3553.2795646667482,1.3890405092388391,0.0014427366928430273
96600,483,-1293.7260418596995,200,47,0.000107488,-0.001185002931742929,3553.2795646667482,1.3890405092388391,0.0014427366928430273
96800,484,-977.4908668714282,200,47,0.000107488,-0.001185002931742929,3553.2795646667482,1.3890405092388391,0.0014427366928430273
97000,485,-1130.5893398445799,200,47,0.000107488,-0.001185002931742929,3553.2795646667482,1.3890405092388391,0.0014427366928430273
97200,486,-654.0244046087264,200,47,0.000107488,-0.001185002931742929,3553.2795646667482,1.3890405092388391,0.0014427366928430273
97400,487,-1322.783495456301,200,47,0.000107488,-0.001185002931742929,3553.2795646667482,1.3890405092388391,0.0014427366928430273
97600,488,-907.8054955366396,200,47,0.000107488,-0.001185002931742929,3553.2795646667482,1.3890405092388391,0.0014427366928430273
97800,489,-873.3127961713079,200,47,0.000107488,-0.001185002931742929,3553.2795646667482,1.3890405092388391,0.0014427366928430273
98000,490,-882.7338481406575,200,47,0.000107488,-0.001185002931742929,3553.2795646667482,1.3890405092388391,0.0014427366928430273
98200,491,-780.4096847911649,200,47,0.000107488,-0.001185002931742929,3553.2795646667482,1.3890405092388391,0.0014427366928430273
98400,492,-1107.0980230308999,200,48,0.00010339199999999998,-0.0029376145721471403,2981.446440887451,1.3899448305368423,0.0027275072206975892
98600,493,-1196.5329108532155,200,48,0.00010339199999999998,-0.0029376145721471403,2981.446440887451,1.3899448305368423,0.0027275072206975892
98800,494,-931.8645234974313,200,48,0.00010339199999999998,-0.0029376145721471403,2981.446440887451,1.3899448305368423,0.0027275072206975892
99000,495,-1360.3100354040014,200,48,0.00010339199999999998,-0.0029376145721471403,2981.446440887451,1.3899448305368423,0.0027275072206975892
99200,496,-777.5892390440566,200,48,0.00010339199999999998,-0.0029376145721471403,2981.446440887451,1.3899448305368423,0.0027275072206975892
99400,497,-1067.7806775818672,200,48,0.00010339199999999998,-0.0029376145721471403,2981.446440887451,1.3899448305368423,0.0027275072206975892
99600,498,-1237.2495758876519,200,48,0.00010339199999999998,-0.0029376145721471403,2981.446440887451,1.3899448305368423,0.0027275072206975892
99800,499,-850.3574684057977,200,48,0.00010339199999999998,-0.0029376145721471403,2981.446440887451,1.3899448305368423,0.0027275072206975892
100000,500,-1425.4845639079394,200,48,0.00010339199999999998,-0.0029376145721471403,2981.446440887451,1.3899448305368423,0.0027275072206975892
100200,501,-1128.7701369019592,200,48,0.00010339199999999998,-0.0029376145721471403,2981.446440887451,1.3899448305368423,0.0027275072206975892
100400,502,-830.6537046796553,200,49,9.929599999999999e-05,-0.0065957887200056575,3425.0681716918943,1.3932147789746523,0.003999159572413191
100600,503,-1399.2395581598703,200,49,9.929599999999999e-05,-0.0065957887200056575,3425.0681716918943,1.3932147789746523,0.003999159572413191
100800,504,-1132.9502817593543,200,49,9.929599999999999e-05,-0.0065957887200056575,3425.0681716918943,1.3932147789746523,0.003999159572413191
101000,505,-897.7116191859383,200,49,9.929599999999999e-05,-0.0065957887200056575,3425.0681716918943,1.3932147789746523,0.003999159572413191
101200,506,-881.8753768808773,200,49,9.929599999999999e-05,-0.0065957887200056575,3425.0681716918943,1.3932147789746523,0.003999159572413191
101400,507,-978.7323137977046,200,49,9.929599999999999e-05,-0.0065957887200056575,3425.0681716918943,1.3932147789746523,0.003999159572413191
101600,508,-776.8282932811385,200,49,9.929599999999999e-05,-0.0065957887200056575,3425.0681716918943,1.3932147789746523,0.003999159572413191
101800,509,-890.1579831264224,200,49,9.929599999999999e-05,-0.0065957887200056575,3425.0681716918943,1.3932147789746523,0.003999159572413191
102000,510,-1276.0536633638444,200,49,9.929599999999999e-05,-0.0065957887200056575,3425.0681716918943,1.3932147789746523,0.003999159572413191
102200,511,-1035.6331410679118,200,49,9.929599999999999e-05,-0.0065957887200056575,3425.0681716918943,1.3932147789746523,0.003999159572413191
102400,512,-1000.4401008402369,200,49,9.929599999999999e-05,-0.0065957887200056575,3425.0681716918943,1.3932147789746523,0.003999159572413191
102600,513,-917.0488179470941,200,50,9.52e-05,-0.0011260685867455322,3056.184019470215,1.3928570929914712,0.0016705119545804338
102800,514,-1043.7457870719534,200,50,9.52e-05,-0.0011260685867455322,3056.184019470215,1.3928570929914712,0.0016705119545804338
103000,515,-1321.016449105787,200,50,9.52e-05,-0.0011260685867455322,3056.184019470215,1.3928570929914712,0.0016705119545804338
103200,516,-1042.5952536919087,200,50,9.52e-05,-0.0011260685867455322,3056.184019470215,1.3928570929914712,0.0016705119545804338
103400,517,-1022.1231876484244,200,50,9.52e-05,-0.0011260685867455322,3056.184019470215,1.3928570929914712,0.0016705119545804338
103600,518,-1077.363345378834,200,50,9.52e-05,-0.0011260685867455322,3056.184019470215,1.3928570929914712,0.0016705119545804338
103800,519,-1052.9660963541742,200,50,9.52e-05,-0.0011260685867455322,3056.184019470215,1.3928570929914712,0.0016705119545804338
104000,520,-1014.495073513359,200,50,9.52e-05,-0.0011260685867455322,3056.184019470215,1.3928570929914712,0.0016705119545804338
104200,521,-1301.810192538448,200,50,9.52e-05,-0.0011260685867455322,3056.184019470215,1.3928570929914712,0.0016705119545804338
104400,522,-1203.6613871291624,200,50,9.52e-05,-0.0011260685867455322,3056.184019470215,1.3928570929914712,0.0016705119545804338
104600,523,-1170.6246277937362,200,51,9.110399999999997e-05,-0.0012072118486685212,3433.2747337341307,1.393507218360901,0.001602405696758069
104800,524,-1006.8434840138242,200,51,9.110399999999997e-05,-0.0012072118486685212,3433.2747337341307,1.393507218360901,0.001602405696758069
105000,525,-753.4265065688518,200,51,9.110399999999997e-05,-0.0012072118486685212,3433.2747337341307,1.393507218360901,0.001602405696758069
105200,526,-908.6198125561348,200,51,9.110399999999997e-05,-0.0012072118486685212,3433.2747337341307,1.393507218360901,0.001602405696758069
105400,527,-1051.082948264816,200,51,9.110399999999997e-05,-0.0012072118486685212,3433.2747337341307,1.393507218360901,0.001602405696758069
105600,528,-1131.553998797178,200,51,9.110399999999997e-05,-0.0012072118486685212,3433.2747337341307,1.393507218360901,0.001602405696758069
105800,529,-767.4229038886358,200,51,9.110399999999997e-05,-0.0012072118486685212,3433.2747337341307,1.393507218360901,0.001602405696758069
106000,530,-1084.8156867299606,200,51,9.110399999999997e-05,-0.0012072118486685212,3433.2747337341307,1.393507218360901,0.001602405696758069
106200,531,-1120.5253259229917,200,51,9.110399999999997e-05,-0.0012072118486685212,3433.2747337341307,1.393507218360901,0.001602405696758069
106400,532,-631.7886478490859,200,51,9.110399999999997e-05,-0.0012072118486685212,3433.2747337341307,1.393507218360901,0.001602405696758069
106600,533,-861.3104751170442,200,52,8.700799999999999e-05,-0.0019778448331635445,2613.527074432373,1.3896144308149814,0.0017867576418211684
106800,534,-1409.4713946447882,200,52,8.700799999999999e-05,-0.0019778448331635445,2613.527074432373,1.3896144308149814,0.0017867576418211684
107000,535,-1035.784209095297,200,52,8.700799999999999e-05,-0.0019778448331635445,2613.527074432373,1.3896144308149814,0.0017867576418211684
107200,536,-880.0000636652744,200,52,8.700799999999999e-05,-0.0019778448331635445,2613.527074432373,1.3896144308149814,0.0017867576418211684
107400,537,-863.1716768539607,200,52,8.700799999999999e-05,-0.0019778448331635445,2613.527074432373,1.3896144308149814,0.0017867576418211684
107600,538,-1344.213450097802,200,52,8.700799999999999e-05,-0.0019778448331635445,2613.527074432373,1.3896144308149814,0.0017867576418211684
107800,539,-1010.3688432384447,200,52,8.700799999999999e-05,-0.0019778448331635445,2613.527074432373,1.3896144308149814,0.0017867576418211684
108000,540,-964.972942757953,200,52,8.700799999999999e-05,-0.0019778448331635445,2613.527074432373,1.3896144308149814,0.0017867576418211684
108200,541,-1292.2702873341896,200,52,8.700799999999999e-05,-0.0019778448331635445,2613.527074432373,1.3896144308149814,0.0017867576418211684
108400,542,-645.5127572954478,200,52,8.700799999999999e-05,-0.0019778448331635445,2613.527074432373,1.3896144308149814,0.0017867576418211684
108600,543,-993.2817150315657,200,53,8.2912e-05,-0.003668460306653287,3200.975090789795,1.3829143226146698,0.0034663109778193756
108800,544,-1060.559363039631,200,53,8.2912e-05,-0.003668460306653287,3200.975090789795,1.3829143226146698,0.0034663109778193756
109000,545,-1006.7188899884076,200,53,8.2912e-05,-0.003668460306653287,3200.975090789795,1.3829143226146698,0.0034663109778193756
109200,546,-1426.1454774399667,200,53,8.2912e-05,-0.003668460306653287,3200.975090789795,1.3829143226146698,0.0034663109778193756
109400,547,-1017.0699185285573,200,53,8.2912e-05,-0.003668460306653287,3200.975090789795,1.3829143226146698,0.0034663109778193756
109600,548,-1325.3731154557715,200,53,8.2912e-05,-0.003668460306653287,3200.975090789795,1.3829143226146698,0.0034663109778193756
109800,549,-885.5493408392739,200,53,8.2912e-05,-0.003668460306653287,3200.975090789795,1.3829143226146698,0.0034663109778193756
110000,550,-1218.1648847871047,200,53,8.2912e-05,-0.003668460306653287,3200.975090789795,1.3829143226146698,0.0034663109778193756
110200,551,-1159.3429390333272,200,53,8.2912e-05,-0.003668460306653287,3200.975090789795,1.3829143226146698,0.0034663109778193756
110400,552,-1009.4027868583026,200,53,8.2912e-05,-0.003668460306653287,3200.975090789795,1.3829143226146698,0.0034663109778193756
110600,553,-1294.9847741558672,200,54,7.881599999999999e-05,-0.0033179512596689166,3650.3606048583983,1.3764281839132309,0.001911679285694845
110800,554,-1003.814269796217,200,54,7.881599999999999e-05,-0.0033179512596689166,3650.3606048583983,1.3764281839132309,0.001911679285694845
111000,555,-977.3511330577453,200,54,7.881599999999999e-05,-0.0033179512596689166,3650.3606048583983,1.3764281839132309,0.001911679285694845
111200,556,-1022.07702538887,200,54,7.881599999999999e-05,-0.0033179512596689166,3650.3606048583983,1.3764281839132309,0.001911679285694845
111400,557,-881.32782943055,200,54,7.881599999999999e-05,-0.0033179512596689166,3650.3606048583983,1.3764281839132309,0.001911679285694845
111600,558,-990.4570638567241,200,54,7.881599999999999e-05,-0.0033179512596689166,3650.3606048583983,1.3764281839132309,0.001911679285694845
111800,559,-884.3462072844729,200,54,7.881599999999999e-05,-0.0033179512596689166,3650.3606048583983,1.3764281839132309,0.001911679285694845
112000,560,-877.7919070782565,200,54,7.881599999999999e-05,-0.0033179512596689166,3650.3606048583983,1.3764281839132309,0.001911679285694845
112200,561,-688.5838677901427,200,54,7.881599999999999e-05,-0.0033179512596689166,3650.3606048583983,1.3764281839132309,0.001911679285694845
112400,562,-1014.4969160728008,200,54,7.881599999999999e-05,-0.0033179512596689166,3650.3606048583983,1.3764281839132309,0.001911679285694845
112600,563,-889.8572501305589,200,54,7.881599999999999e-05,-0.0033179512596689166,3650.3606048583983,1.3764281839132309,0.001911679285694845
112800,564,-1052.0596670824743,200,55,7.471999999999999e-05,-0.002730108085233951,2411.4211151123045,1.3696482393890619,0.002850303161540069
113000,565,-1052.0209479742136,200,55,7.471999999999999e-05,-0.002730108085233951,2411.4211151123045,1.3696482393890619,0.002850303161540069
113200,566,-1030.9942166522703,200,55,7.471999999999999e-05,-0.002730108085233951,2411.4211151123045,1.3696482393890619,0.002850303161540069
113400,567,-877.9221143121417,200,55,7.471999999999999e-05,-0.002730108085233951,2411.4211151123045,1.3696482393890619,0.002850303161540069
113600,568,-915.7508576881745,200,55,7.471999999999999e-05,-0.002730108085233951,2411.4211151123045,1.3696482393890619,0.002850303161540069
113800,569,-909.1720844297009,200,55,7.471999999999999e-05,-0.002730108085233951,2411.4211151123045,1.3696482393890619,0.002850303161540069
114000,570,-898.9244439121373,200,55,7.471999999999999e-05,-0.002730108085233951,2411.4211151123045,1.3696482393890619,0.002850303161540069
114200,571,-1051.4794526451358,200,55,7.471999999999999e-05,-0.002730108085233951,2411.4211151123045,1.3696482393890619,0.002850303161540069
114400,572,-915.3030330802819,200,55,7.471999999999999e-05,-0.002730108085233951,2411.4211151123045,1.3696482393890619,0.002850303161540069
114600,573,-905.8794441710934,200,55,7.471999999999999e-05,-0.002730108085233951,2411.4211151123045,1.3696482393890619,0.002850303161540069
114800,574,-1163.13157742618,200,56,7.062400000000001e-05,-0.0021328718430595472,2789.9901794433595,1.364782054722309,0.0032140078983502463
115000,575,-885.0919399087876,200,56,7.062400000000001e-05,-0.0021328718430595472,2789.9901794433595,1.364782054722309,0.0032140078983502463
115200,576,-774.3658293758647,200,56,7.062400000000001e-05,-0.0021328718430595472,2789.9901794433595,1.364782054722309,0.0032140078983502463
115400,577,-1010.6867979770917,200,56,7.062400000000001e-05,-0.0021328718430595472,2789.9901794433595,1.364782054722309,0.0032140078983502463
115600,578,-912.5851984204578,200,56,7.062400000000001e-05,-0.0021328718430595472,2789.9901794433595,1.364782054722309,0.0032140078983502463
115800,579,-1233.6649413485056,200,56,7.062400000000001e-05,-0.0021328718430595472,2789.9901794433595,1.364782054722309,0.0032140078983502463
116000,580,-1057.6230254816326,200,56,7.062400000000001e-05,-0.0021328718430595472,2789.9901794433595,1.364782054722309,0.0032140078983502463
116200,581,-985.6074500464688,200,56,7.062400000000001e-05,-0.0021328718430595472,2789.9901794433595,1.364782054722309,0.0032140078983502463
116400,582,-1234.9199780163303,200,56,7.062400000000001e-05,-0.0021328718430595472,2789.9901794433595,1.364782054722309,0.0032140078983502463
116600,583,-1238.7971384008438,200,56,7.062400000000001e-05,-0.0021328718430595472,2789.9901794433595,1.364782054722309,0.0032140078983502463
116800,584,-901.1464197452169,200,57,6.652799999999998e-05,-0.0007856329306378029,3033.1746788024902,1.3615883864462375,0.001154274624423124
117000,585,-897.3038963151755,200,57,6.652799999999998e-05,-0.0007856329306378029,3033.1746788024902,1.3615883864462375,0.001154274624423124
117200,586,-838.5302566628845,200,57,6.652799999999998e-05,-0.0007856329306378029,3033.1746788024902,1.3615883864462375,0.001154274624423124
117400,587,-1141.073351677461,200,57,6.652799999999998e-05,-0.0007856329306378029,3033.1746788024902,1.3615883864462375,0.001154274624423124
117600,588,-1027.9139920856185,200,57,6.652799999999998e-05,-0.0007856329306378029,3033.1746788024902,1.3615883864462375,0.001154274624423124
117800,589,-883.9797088295866,200,57,6.652799999999998e-05,-0.0007856329306378029,3033.1746788024902,1.3615883864462375,0.001154274624423124
118000,590,-913.2363814704863,200,57,6.652799999999998e-05,-0.0007856329306378029,3033.1746788024902,1.3615883864462375,0.001154274624423124
118200,591,-1278.3899160929852,200,57,6.652799999999998e-05,-0.0007856329306378029,3033.1746788024902,1.3615883864462375,0.001154274624423124
118400,592,-877.3653356049415,200,57,6.652799999999998e-05,-0.0007856329306378029,3033.1746788024902,1.3615883864462375,0.001154274624423124
118600,593,-1006.1256750875741,200,57,6.652799999999998e-05,-0.0007856329306378029,3033.1746788024902,1.3615883864462375,0.001154274624423124
118800,594,-1037.3455663148698,200,58,6.243199999999999e-05,-0.00160787290733424,2749.3427978515624,1.3586037505418063,0.0024408752622548492
119000,595,-885.220754581458,200,58,6.243199999999999e-05,-0.00160787290733424,2749.3427978515624,1.3586037505418063,0.0024408752622548492
119200,596,-951.8377670310911,200,58,6.243199999999999e-05,-0.00160787290733424,2749.3427978515624,1.3586037505418063,0.0024408752622548492
119400,597,-1045.2706285717643,200,58,6.243199999999999e-05,-0.00160787290733424,2749.3427978515624,1.3586037505418063,0.0024408752622548492
119600,598,-966.542993371111,200,58,6.243199999999999e-05,-0.00160787290733424,2749.3427978515624,1.3586037505418063,0.0024408752622548492
119800,599,-1007.681630250784,200,58,6.243199999999999e-05,-0.00160787290733424,2749.3427978515624,1.3586037505418063,0.0024408752622548492
120000,600,-1032.811951831189,200,58,6.243199999999999e-05,-0.00160787290733424,2749.3427978515624,1.3586037505418063,0.0024408752622548492
120200,601,-889.4389189797313,200,58,6.243199999999999e-05,-0.00160787290733424,2749.3427978515624,1.3586037505418063,0.0024408752622548492
120400,602,-1013.840276279901,200,58,6.243199999999999e-05,-0.00160787290733424,2749.3427978515624,1.3586037505418063,0.0024408752622548492
120600,603,-994.745349892263,200,58,6.243199999999999e-05,-0.00160787290733424,2749.3427978515624,1.3586037505418063,0.0024408752622548492
120800,604,-1113.5574916947803,200,58,6.243199999999999e-05,-0.00160787290733424,2749.3427978515624,1.3586037505418063,0.0024408752622548492
121000,605,-897.9691422350187,200,59,5.8336000000000005e-05,-0.00081558483398112,2719.33731918335,1.3564189705997705,0.0007215749006718397
121200,606,-773.8175258819914,200,59,5.8336000000000005e-05,-0.00081558483398112,2719.33731918335,1.3564189705997705,0.0007215749006718397
121400,607,-905.0484980515669,200,59,5.8336000000000005e-05,-0.00081558483398112,2719.33731918335,1.3564189705997705,0.0007215749006718397
121600,608,-893.1886312629874,200,59,5.8336000000000005e-05,-0.00081558483398112,2719.33731918335,1.3564189705997705,0.0007215749006718397
121800,609,-884.7895157556965,200,59,5.8336000000000005e-05,-0.00081558483398112,2719.33731918335,1.3564189705997705,0.0007215749006718397
122000,610,-756.6160144010381,200,59,5.8336000000000005e-05,-0.00081558483398112,2719.33731918335,1.3564189705997705,0.0007215749006718397
122200,611,-1016.4626910986152,200,59,5.8336000000000005e-05,-0.00081558483398112,2719.33731918335,1.3564189705997705,0.0007215749006718397
122400,612,-879.6528585176623,200,59,5.8336000000000005e-05,-0.00081558483398112,2719.33731918335,1.3564189705997705,0.0007215749006718397
122600,613,-1197.5355624559913,200,59,5.8336000000000005e-05,-0.00081558483398112,2719.33731918335,1.3564189705997705,0.0007215749006718397
122800,614,-1217.0089714247931,200,59,5.8336000000000005e-05,-0.00081558483398112,2719.33731918335,1.3564189705997705,0.0007215749006718397
123000,615,-917.0182019982194,200,60,5.423999999999998e-05,-0.003478525004175026,2514.1549407958983,1.3571706011891365,0.0027434672723757104
123200,616,-1276.5143987378615,200,60,5.423999999999998e-05,-0.003478525004175026,2514.1549407958983,1.3571706011891365,0.0027434672723757104
123400,617,-860.7873231955435,200,60,5.423999999999998e-05,-0.003478525004175026,2514.1549407958983,1.3571706011891365,0.0027434672723757104
123600,618,-1045.6083228667728,200,60,5.423999999999998e-05,-0.003478525004175026,2514.1549407958983,1.3571706011891365,0.0027434672723757104
123800,619,-1113.9630105967324,200,60,5.423999999999998e-05,-0.003478525004175026,2514.1549407958983,1.3571706011891365,0.0027434672723757104
124000,620,-767.1210364641998,200,60,5.423999999999998e-05,-0.003478525004175026,2514.1549407958983,1.3571706011891365,0.0027434672723757104
124200,621,-848.3507212584957,200,60,5.423999999999998e-05,-0.003478525004175026,2514.1549407958983,1.3571706011891365,0.0027434672723757104
124400,622,-1262.3294081271397,200,60,5.423999999999998e-05,-0.003478525004175026,2514.1549407958983,1.3571706011891365,0.0027434672723757104
124600,623,-1199.555858517456,200,60,5.423999999999998e-05,-0.003478525004175026,2514.1549407958983,1.3571706011891365,0.0027434672723757104
124800,624,-1024.7352965714892,200,60,5.423999999999998e-05,-0.003478525004175026,2514.1549407958983,1.3571706011891365,0.0027434672723757104
125000,625,-764.9420908239309,200,61,5.014399999999999e-05,-0.0009545264423650224,3178.179251861572,1.3573924515396356,0.0006430735171306879
125200,626,-1056.3369132522712,200,61,5.014399999999999e-05,-0.0009545264423650224,3178.179251861572,1.3573924515396356,0.0006430735171306879
125400,627,-1238.3373232614474,200,61,5.014399999999999e-05,-0.0009545264423650224,3178.179251861572,1.3573924515396356,0.0006430735171306879
125600,628,-1100.373987125337,200,61,5.014399999999999e-05,-0.0009545264423650224,3178.179251861572,1.3573924515396356,0.0006430735171306879
125800,629,-1062.546588493075,200,61,5.014399999999999e-05,-0.0009545264423650224,3178.179251861572,1.3573924515396356,0.0006430735171306879
126000,630,-1043.3784564253224,200,61,5.014399999999999e-05,-0.0009545264423650224,3178.179251861572,1.3573924515396356,0.0006430735171306879
126200,631,-1237.4507169598535,200,61,5.014399999999999e-05,-0.0009545264423650224,3178.179251861572,1.3573924515396356,0.0006430735171306879
126400,632,-1123.3620662897074,200,61,5.014399999999999e-05,-0.0009545264423650224,3178.179251861572,1.3573924515396356,0.0006430735171306879
126600,633,-1168.8088925712925,200,61,5.014399999999999e-05,-0.0009545264423650224,3178.179251861572,1.3573924515396356,0.0006430735171306879
126800,634,-1150.178907158997,200,61,5.014399999999999e-05,-0.0009545264423650224,3178.179251861572,1.3573924515396356,0.0006430735171306879
127000,635,-898.0927649136303,200,62,4.604800000000001e-05,-0.0012814127388992348,3384.6065773010255,1.3580158703029155,0.0014784648199565708
127200,636,-1054.8099032587147,200,62,4.604800000000001e-05,-0.0012814127388992348,3384.6065773010255,1.3580158703029155,0.0014784648199565708
127400,637,-1039.0674573180581,200,62,4.604800000000001e-05,-0.0012814127388992348,3384.6065773010255,1.3580158703029155,0.0014784648199565708
127600,638,-953.0125326898406,200,62,4.604800000000001e-05,-0.0012814127388992348,3384.6065773010255,1.3580158703029155,0.0014784648199565708
127800,639,-1046.8315977697034,200,62,4.604800000000001e-05,-0.0012814127388992348,3384.6065773010255,1.3580158703029155,0.0014784648199565708
128000,640,-934.3484266766591,200,62,4.604800000000001e-05,-0.0012814127388992348,3384.6065773010255,1.3580158703029155,0.0014784648199565708
128200,641,-1055.6257400346135,200,62,4.604800000000001e-05,-0.0012814127388992348,3384.6065773010255,1.3580158703029155,0.0014784648199565708
128400,642,-1172.7837384192217,200,62,4.604800000000001e-05,-0.0012814127388992348,3384.6065773010255,1.3580158703029155,0.0014784648199565708
128600,643,-949.7442220533181,200,62,4.604800000000001e-05,-0.0012814127388992348,3384.6065773010255,1.3580158703029155,0.0014784648199565708
128800,644,-1052.9478460192706,200,62,4.604800000000001e-05,-0.0012814127388992348,3384.6065773010255,1.3580158703029155,0.0014784648199565708
129000,645,-1029.1136107923865,200,62,4.604800000000001e-05,-0.0012814127388992348,3384.6065773010255,1.3580158703029155,0.0014784648199565708
129200,646,-1051.1093800485014,200,63,4.195199999999999e-05,-0.003663947324093897,3111.8595703125,1.36008908636868,0.0032039519341196866
129400,647,-1046.0995884288457,200,63,4.195199999999999e-05,-0.003663947324093897,3111.8595703125,1.36008908636868,0.0032039519341196866
129600,648,-737.310424787596,200,63,4.195199999999999e-05,-0.003663947324093897,3111.8595703125,1.36008908636868,0.0032039519341196866
129800,649,-780.9879346295108,200,63,4.195199999999999e-05,-0.003663947324093897,3111.8595703125,1.36008908636868,0.0032039519341196866
130000,650,-1094.9936654753442,200,63,4.195199999999999e-05,-0.003663947324093897,3111.8595703125,1.36008908636868,0.0032039519341196866
130200,651,-887.5109996288052,200,63,4.195199999999999e-05,-0.003663947324093897,3111.8595703125,1.36008908636868,0.0032039519341196866
130400,652,-893.0163515102665,200,63,4.195199999999999e-05,-0.003663947324093897,3111.8595703125,1.36008908636868,0.0032039519341196866
130600,653,-802.9885116970639,200,63,4.195199999999999e-05,-0.003663947324093897,3111.8595703125,1.36008908636868,0.0032039519341196866
130800,654,-1030.5794055433284,200,63,4.195199999999999e-05,-0.003663947324093897,3111.8595703125,1.36008908636868,0.0032039519341196866
131000,655,-1069.1877897770514,200,63,4.195199999999999e-05,-0.003663947324093897,3111.8595703125,1.36008908636868,0.0032039519341196866
131200,656,-897.6939717019742,200,64,3.7856e-05,-0.002120938054576982,2644.2450462341308,1.3602411210536958,0.0019713833142304795
131400,657,-938.0214576237735,200,64,3.7856e-05,-0.002120938054576982,2644.2450462341308,1.3602411210536958,0.0019713833142304795
131600,658,-1235.4520208961735,200,64,3.7856e-05,-0.002120938054576982,2644.2450462341308,1.3602411210536958,0.0019713833142304795
131800,659,-508.16959268494753,200,64,3.7856e-05,-0.002120938054576982,2644.2450462341308,1.3602411210536958,0.0019713833142304795
132000,660,-662.6197862996391,200,64,3.7856e-05,-0.002120938054576982,2644.2450462341308,1.3602411210536958,0.0019713833142304795
132200,661,-1125.0455494219336,200,64,3.7856e-05,-0.002120938054576982,2644.2450462341308,1.3602411210536958,0.0019713833142304795
132400,662,-1221.495692128635,200,64,3.7856e-05,-0.002120938054576982,2644.2450462341308,1.3602411210536958,0.0019713833142304795
132600,663,-816.8116933066037,200,64,3.7856e-05,-0.002120938054576982,2644.2450462341308,1.3602411210536958,0.0019713833142304795
132800,664,-887.734181167456,200,64,3.7856e-05,-0.002120938054576982,2644.2450462341308,1.3602411210536958,0.0019713833142304795
133000,665,-891.5016086574697,200,64,3.7856e-05,-0.002120938054576982,2644.2450462341308,1.3602411210536958,0.0019713833142304795
133200,666,-1266.0430572060752,200,65,3.376000000000001e-05,-0.0017475047658081166,2669.9311027526855,1.3613575030118228,0.0013847640599124133
133400,667,-770.8248199827343,200,65,3.376000000000001e-05,-0.0017475047658081166,2669.9311027526855,1.3613575030118228,0.0013847640599124133
133600,668,-1250.6690771909878,200,65,3.376000000000001e-05,-0.0017475047658081166,2669.9311027526855,1.3613575030118228,0.0013847640599124133
133800,669,-1030.1199231775413,200,65,3.376000000000001e-05,-0.0017475047658081166,2669.9311027526855,1.3613575030118228,0.0013847640599124133
134000,670,-647.6425094766893,200,65,3.376000000000001e-05,-0.0017475047658081166,2669.9311027526855,1.3613575030118228,0.0013847640599124133
134200,671,-1038.2189781997752,200,65,3.376000000000001e-05,-0.0017475047658081166,2669.9311027526855,1.3613575030118228,0.0013847640599124133
134400,672,-1284.4334861807752,200,65,3.376000000000001e-05,-0.0017475047658081166,2669.9311027526855,1.3613575030118228,0.0013847640599124133
134600,673,-774.9608066013761,200,65,3.376000000000001e-05,-0.0017475047658081166,2669.9311027526855,1.3613575030118228,0.0013847640599124133
134800,674,-978.3159739575065,200,65,3.376000000000001e-05,-0.0017475047658081166,2669.9311027526855,1.3613575030118228,0.0013847640599124133
135000,675,-887.478525888066,200,65,3.376000000000001e-05,-0.0017475047658081166,2669.9311027526855,1.3613575030118228,0.0013847640599124133
135200,676,-1262.3347872188392,200,66,2.966399999999999e-05,-0.001311196852111607,2917.3915588378904,1.361861564591527,0.0006642909254878759
135400,677,-787.4443021486604,200,66,2.966399999999999e-05,-0.001311196852111607,2917.3915588378904,1.361861564591527,0.0006642909254878759
135600,678,-917.0429583521836,200,66,2.966399999999999e-05,-0.001311196852111607,2917.3915588378904,1.361861564591527,0.0006642909254878759
135800,679,-1202.979399780872,200,66,2.966399999999999e-05,-0.001311196852111607,2917.3915588378904,1.361861564591527,0.0006642909254878759
136000,680,-987.4939331358961,200,66,2.966399999999999e-05,-0.001311196852111607,2917.3915588378904,1.361861564591527,0.0006642909254878759
136200,681,-912.5762440309345,200,66,2.966399999999999e-05,-0.001311196852111607,2917.3915588378904,1.361861564591527,0.0006642909254878759
136400,682,-907.263953941559,200,66,2.966399999999999e-05,-0.001311196852111607,2917.3915588378904,1.361861564591527,0.0006642909254878759
136600,683,-1058.3070021097335,200,66,2.966399999999999e-05,-0.001311196852111607,2917.3915588378904,1.361861564591527,0.0006642909254878759
136800,684,-788.2857382450271,200,66,2.966399999999999e-05,-0.001311196852111607,2917.3915588378904,1.361861564591527,0.0006642909254878759
137000,685,-912.7558317991526,200,66,2.966399999999999e-05,-0.001311196852111607,2917.3915588378904,1.361861564591527,0.0006642909254878759
137200,686,-1105.5894569220377,200,66,2.966399999999999e-05,-0.001311196852111607,2917.3915588378904,1.361861564591527,0.0006642909254878759
137400,687,-1242.9310147564731,200,67,2.5568e-05,-0.0011710851998941508,2775.361478424072,1.3613657686859368,0.0014897881104843692
137600,688,-971.4915938305332,200,67,2.5568e-05,-0.0011710851998941508,2775.361478424072,1.3613657686859368,0.0014897881104843692
137800,689,-1259.3780669104456,200,67,2.5568e-05,-0.0011710851998941508,2775.361478424072,1.3613657686859368,0.0014897881104843692
138000,690,-948.5560032218918,200,67,2.5568e-05,-0.0011710851998941508,2775.361478424072,1.3613657686859368,0.0014897881104843692
138200,691,-1474.3939421245902,200,67,2.5568e-05,-0.0011710851998941508,2775.361478424072,1.3613657686859368,0.0014897881104843692
138400,692,-1144.8819605892081,200,67,2.5568e-05,-0.0011710851998941508,2775.361478424072,1.3613657686859368,0.0014897881104843692
138600,693,-726.5757305853044,200,67,2.5568e-05,-0.0011710851998941508,2775.361478424072,1.3613657686859368,0.0014897881104843692
138800,694,-1314.9693349444995,200,67,2.5568e-05,-0.0011710851998941508,2775.361478424072,1.3613657686859368,0.0014897881104843692
139000,695,-783.0549430352386,200,67,2.5568e-05,-0.0011710851998941508,2775.361478424072,1.3613657686859368,0.0014897881104843692
139200,696,-1299.5730983712592,200,67,2.5568e-05,-0.0011710851998941508,2775.361478424072,1.3613657686859368,0.0014897881104843692
139400,697,-936.0860176480717,200,68,2.147200000000001e-05,-0.001430755753244739,3538.483475494385,1.3617499846965075,0.0006114681047620252
139600,698,-888.3091502315089,200,68,2.147200000000001e-05,-0.001430755753244739,3538.483475494385,1.3617499846965075,0.0006114681047620252
139800,699,-1024.490585871124,200,68,2.147200000000001e-05,-0.001430755753244739,3538.483475494385,1.3617499846965075,0.0006114681047620252
140000,700,-1218.635881673728,200,68,2.147200000000001e-05,-0.001430755753244739,3538.483475494385,1.3617499846965075,0.0006114681047620252
140200,701,-1202.2673646952403,200,68,2.147200000000001e-05,-0.001430755753244739,3538.483475494385,1.3617499846965075,0.0006114681047620252
140400,702,-856.5589047075472,200,68,2.147200000000001e-05,-0.001430755753244739,3538.483475494385,1.3617499846965075,0.0006114681047620252
140600,703,-774.6505246209273,200,68,2.147200000000001e-05,-0.001430755753244739,3538.483475494385,1.3617499846965075,0.0006114681047620252
140800,704,-768.7850648484371,200,68,2.147200000000001e-05,-0.001430755753244739,3538.483475494385,1.3617499846965075,0.0006114681047620252
141000,705,-1297.736641481267,200,68,2.147200000000001e-05,-0.001430755753244739,3538.483475494385,1.3617499846965075,0.0006114681047620252
141200,706,-644.3409486777902,200,68,2.147200000000001e-05,-0.001430755753244739,3538.483475494385,1.3617499846965075,0.0006114681047620252
141400,707,-785.6718772477144,200,69,1.737599999999999e-05,-0.00084603211726062,2691.977725982666,1.3623034194111825,0.00029412583098746835
141600,708,-885.8521332812406,200,69,1.737599999999999e-05,-0.00084603211726062,2691.977725982666,1.3623034194111825,0.00029412583098746835
141800,709,-1038.2996872746928,200,69,1.737599999999999e-05,-0.00084603211726062,2691.977725982666,1.3623034194111825,0.00029412583098746835
142000,710,-900.4942481557474,200,69,1.737599999999999e-05,-0.00084603211726062,2691.977725982666,1.3623034194111825,0.00029412583098746835
142200,711,-915.8250976703846,200,69,1.737599999999999e-05,-0.00084603211726062,2691.977725982666,1.3623034194111825,0.00029412583098746835
142400,712,-789.5153937214723,200,69,1.737599999999999e-05,-0.00084603211726062,2691.977725982666,1.3623034194111825,0.00029412583098746835
142600,713,-902.2237038662321,200,69,1.737599999999999e-05,-0.00084603211726062,2691.977725982666,1.3623034194111825,0.00029412583098746835
142800,714,-884.5198559581543,200,69,1.737599999999999e-05,-0.00084603211726062,2691.977725982666,1.3623034194111825,0.00029412583098746835
143000,715,-1037.1167912104493,200,69,1.737599999999999e-05,-0.00084603211726062,2691.977725982666,1.3623034194111825,0.00029412583098746835
143200,716,-774.0026979844408,200,69,1.737599999999999e-05,-0.00084603211726062,2691.977725982666,1.3623034194111825,0.00029412583098746835
143400,717,-1042.7018009201022,200,70,1.3280000000000002e-05,-0.0020229881221894173,2430.88448638916,1.3619152937084436,0.001579987900913693
143600,718,-1023.7539588683603,200,70,1.3280000000000002e-05,-0.0020229881221894173,2430.88448638916,1.3619152937084436,0.001579987900913693
143800,719,-1045.7540966645995,200,70,1.3280000000000002e-05,-0.0020229881221894173,2430.88448638916,1.3619152937084436,0.001579987900913693
144000,720,-888.1407658523214,200,70,1.3280000000000002e-05,-0.0020229881221894173,2430.88448638916,1.3619152937084436,0.001579987900913693
144200,721,-648.7598690846875,200,70,1.3280000000000002e-05,-0.0020229881221894173,2430.88448638916,1.3619152937084436,0.001579987900913693
144400,722,-1098.354929006539,200,70,1.3280000000000002e-05,-0.0020229881221894173,2430.88448638916,1.3619152937084436,0.001579987900913693
144600,723,-1286.848525375973,200,70,1.3280000000000002e-05,-0.0020229881221894173,2430.88448638916,1.3619152937084436,0.001579987900913693
144800,724,-630.3709501674784,200,70,1.3280000000000002e-05,-0.0020229881221894173,2430.88448638916,1.3619152937084436,0.001579987900913693
145000,725,-885.6242284066469,200,70,1.3280000000000002e-05,-0.0020229881221894173,2430.88448638916,1.3619152937084436,0.001579987900913693
145200,726,-872.5825427435336,200,70,1.3280000000000002e-05,-0.0020229881221894173,2430.88448638916,1.3619152937084436,0.001579987900913693
145400,727,-1139.2760507577589,200,70,1.3280000000000002e-05,-0.0020229881221894173,2430.88448638916,1.3619152937084436,0.001579987900913693
145600,728,-633.9548669268886,200,71,9.184000000000014e-06,-0.0007241789367981255,2633.390177536011,1.361529977247119,0.00020299735479056835
145800,729,-944.517331304829,200,71,9.184000000000014e-06,-0.0007241789367981255,2633.390177536011,1.361529977247119,0.00020299735479056835
146000,730,-752.589498528631,200,71,9.184000000000014e-06,-0.0007241789367981255,2633.390177536011,1.361529977247119,0.00020299735479056835
146200,731,-768.8850895743393,200,71,9.184000000000014e-06,-0.0007241789367981255,2633.390177536011,1.361529977247119,0.00020299735479056835
146400,732,-1245.065357280725,200,71,9.184000000000014e-06,-0.0007241789367981255,2633.390177536011,1.361529977247119,0.00020299735479056835
146600,733,-751.9503783775474,200,71,9.184000000000014e-06,-0.0007241789367981255,2633.390177536011,1.361529977247119,0.00020299735479056835
146800,734,-867.9390392336953,200,71,9.184000000000014e-06,-0.0007241789367981255,2633.390177536011,1.361529977247119,0.00020299735479056835
147000,735,-644.1511081259225,200,71,9.184000000000014e-06,-0.0007241789367981255,2633.390177536011,1.361529977247119,0.00020299735479056835
147200,736,-761.3512371649983,200,71,9.184000000000014e-06,-0.0007241789367981255,2633.390177536011,1.361529977247119,0.00020299735479056835
147400,737,-924.6648548932551,200,71,9.184000000000014e-06,-0.0007241789367981255,2633.390177536011,1.361529977247119,0.00020299735479056835
147600,738,-952.4638731535848,200,72,5.087999999999992e-06,-8.350740390596911e-05,2052.3506408691405,1.3615816585719585,7.801115862093866e-06
147800,739,-1029.593513819834,200,72,5.087999999999992e-06,-8.350740390596911e-05,2052.3506408691405,1.3615816585719585,7.801115862093866e-06
148000,740,-1148.9002332851057,200,72,5.087999999999992e-06,-8.350740390596911e-05,2052.3506408691405,1.3615816585719585,7.801115862093866e-06
148200,741,-768.9187782274726,200,72,5.087999999999992e-06,-8.350740390596911e-05,2052.3506408691405,1.3615816585719585,7.801115862093866e-06
148400,742,-1166.5671575867707,200,72,5.087999999999992e-06,-8.350740390596911e-05,2052.3506408691405,1.3615816585719585,7.801115862093866e-06
148600,743,-801.0674959322376,200,72,5.087999999999992e-06,-8.350740390596911e-05,2052.3506408691405,1.3615816585719585,7.801115862093866e-06
148800,744,-880.9670105392813,200,72,5.087999999999992e-06,-8.350740390596911e-05,2052.3506408691405,1.3615816585719585,7.801115862093866e-06
149000,745,-640.8057289757285,200,72,5.087999999999992e-06,-8.350740390596911e-05,2052.3506408691405,1.3615816585719585,7.801115862093866e-06
149200,746,-756.1309602468044,200,72,5.087999999999992e-06,-8.350740390596911e-05,2052.3506408691405,1.3615816585719585,7.801115862093866e-06
149400,747,-1194.7509613131876,200,72,5.087999999999992e-06,-8.350740390596911e-05,2052.3506408691405,1.3615816585719585,7.801115862093866e-06
149600,748,-1183.8685437789704,200,73,9.920000000000038e-07,-1.6706470341887324e-05,2600.2275360107424,1.3614770155400038,1.5910482034087182e-07
149800,749,-764.8111731373629,200,73,9.920000000000038e-07,-1.6706470341887324e-05,2600.2275360107424,1.3614770155400038,1.5910482034087182e-07
150000,750,-1217.5872033005694,200,73,9.920000000000038e-07,-1.6706470341887324e-05,2600.2275360107424,1.3614770155400038,1.5910482034087182e-07
