global_step,episode,episode_return,episode_length,loss,actor_type,case_entries,cases_pruned,cases_replaced,actor_cases_pruned,actor_cases_replaced,critic_cases_pruned,critic_cases_replaced,critic_label_updates,critic_label_update_samples,exploration_epsilon,behavior_epsilon,policy_ready,action_probs,behavior_action_probs,action_counts,bias_min,bias_mean,bias_max
32,1,32.0,32,,mlp,,0,0,0,0,0,0,0,0,0.0,0.0,True,"[0.532459557056427, 0.467540442943573]","[0.532459557056427, 0.467540442943573]",,,,
58,2,26.0,26,,mlp,,0,0,0,0,0,0,0,0,0.0,0.0,True,"[0.5354297757148743, 0.46457019448280334]","[0.5354297757148743, 0.46457019448280334]",,,,
116,3,58.0,58,,mlp,,0,0,0,0,0,0,0,0,0.0,0.0,True,"[0.5301684141159058, 0.46983152627944946]","[0.5301684141159058, 0.46983152627944946]",,,,
139,4,23.0,23,125.43025207519531,mlp,,0,0,0,0,0,0,0,0,0.0,0.0,True,"[0.5322720408439636, 0.4677279591560364]","[0.5322720408439636, 0.4677279591560364]",,,,
155,5,16.0,16,,mlp,,0,0,0,0,0,0,0,0,0.0,0.0,True,"[0.46901196241378784, 0.5309880971908569]","[0.46901196241378784, 0.5309880971908569]",,,,
176,6,21.0,21,,mlp,,0,0,0,0,0,0,0,0,0.0,0.0,True,"[0.4775567054748535, 0.5224432945251465]","[0.4775567054748535, 0.5224432945251465]",,,,
200,7,24.0,24,,mlp,,0,0,0,0,0,0,0,0,0.0,0.0,True,"[0.4660566747188568, 0.5339433550834656]","[0.4660566747188568, 0.5339433550834656]",,,,
215,8,15.0,15,30.353702545166016,mlp,,0,0,0,0,0,0,0,0,0.0,0.0,True,"[0.5469765663146973, 0.45302343368530273]","[0.5469765663146973, 0.45302343368530273]",,,,
228,9,13.0,13,,mlp,,0,0,0,0,0,0,0,0,0.0,0.0,True,"[0.44869518280029297, 0.551304817199707]","[0.44869518280029297, 0.551304817199707]",,,,
245,10,17.0,17,,mlp,,0,0,0,0,0,0,0,0,0.0,0.0,True,"[0.4780779480934143, 0.5219220519065857]","[0.4780779480934143, 0.5219220519065857]",,,,
266,11,21.0,21,,mlp,,0,0,0,0,0,0,0,0,0.0,0.0,True,"[0.5548995733261108, 0.44510045647621155]","[0.5548995733261108, 0.44510045647621155]",,,,
287,12,21.0,21,9.457140922546387,mlp,,0,0,0,0,0,0,0,0,0.0,0.0,True,"[0.5649631023406982, 0.43503695726394653]","[0.5649631023406982, 0.43503695726394653]",,,,
304,13,17.0,17,,mlp,,0,0,0,0,0,0,0,0,0.0,0.0,True,"[0.4582453966140747, 0.5417546033859253]","[0.4582453966140747, 0.5417546033859253]",,,,
336,14,32.0,32,,mlp,,0,0,0,0,0,0,0,0,0.0,0.0,True,"[0.4480036795139313, 0.5519962906837463]","[0.4480036795139313, 0.5519962906837463]",,,,
346,15,10.0,10,,mlp,,0,0,0,0,0,0,0,0,0.0,0.0,True,"[0.46531638503074646, 0.5346836447715759]","[0.46531638503074646, 0.5346836447715759]",,,,
372,16,26.0,26,19.558521270751953,mlp,,0,0,0,0,0,0,0,0,0.0,0.0,True,"[0.5591171383857727, 0.4408828914165497]","[0.5591171383857727, 0.4408828914165497]",,,,
390,17,18.0,18,,mlp,,0,0,0,0,0,0,0,0,0.0,0.0,True,"[0.4516657590866089, 0.5483342409133911]","[0.4516657590866089, 0.5483342409133911]",,,,
406,18,16.0,16,,mlp,,0,0,0,0,0,0,0,0,0.0,0.0,True,"[0.45210909843444824, 0.5478909015655518]","[0.45210909843444824, 0.5478909015655518]",,,,
419,19,13.0,13,,mlp,,0,0,0,0,0,0,0,0,0.0,0.0,True,"[0.5488232374191284, 0.45117679238319397]","[0.5488232374191284, 0.45117679238319397]",,,,
443,20,24.0,24,12.778558731079102,mlp,,0,0,0,0,0,0,0,0,0.0,0.0,True,"[0.5711614489555359, 0.4288385808467865]","[0.5711614489555359, 0.4288385808467865]",,,,
477,21,34.0,34,,mlp,,0,0,0,0,0,0,0,0,0.0,0.0,True,"[0.589540958404541, 0.41045907139778137]","[0.589540958404541, 0.41045907139778137]",,,,
508,22,31.0,31,,mlp,,0,0,0,0,0,0,0,0,0.0,0.0,True,"[0.43086135387420654, 0.5691387057304382]","[0.43086135387420654, 0.5691387057304382]",,,,
525,23,17.0,17,,mlp,,0,0,0,0,0,0,0,0,0.0,0.0,True,"[0.4288921356201172, 0.5711078643798828]","[0.4288921356201172, 0.5711078643798828]",,,,
544,24,19.0,19,20.041217803955078,mlp,,50,0,0,0,50,0,0,0,0.0,0.0,True,"[0.458116739988327, 0.5418832302093506]","[0.458116739988327, 0.5418832302093506]",,,,
570,25,26.0,26,,mlp,,50,0,0,0,50,0,0,0,0.0,0.0,True,"[0.5920295119285583, 0.4079705476760864]","[0.5920295119285583, 0.4079705476760864]",,,,
587,26,17.0,17,,mlp,,50,0,0,0,50,0,0,0,0.0,0.0,True,"[0.5608644485473633, 0.4391356110572815]","[0.5608644485473633, 0.4391356110572815]",,,,
607,27,20.0,20,,mlp,,50,0,0,0,50,0,0,0,0.0,0.0,True,"[0.4068814516067505, 0.5931186079978943]","[0.4068814516067505, 0.5931186079978943]",,,,
684,28,77.0,77,67.01519775390625,mlp,,184,0,0,0,184,0,0,0,0.0,0.0,True,"[0.4562540054321289, 0.5437459349632263]","[0.4562540054321289, 0.5437459349632263]",,,,
699,29,15.0,15,,mlp,,184,0,0,0,184,0,0,0,0.0,0.0,True,"[0.37170466780662537, 0.6282953023910522]","[0.37170466780662537, 0.6282953023910522]",,,,
724,30,25.0,25,,mlp,,184,0,0,0,184,0,0,0,0.0,0.0,True,"[0.5349650979042053, 0.46503493189811707]","[0.5349650979042053, 0.46503493189811707]",,,,
763,31,39.0,39,,mlp,,184,0,0,0,184,0,0,0,0.0,0.0,True,"[0.6258599162101746, 0.37414005398750305]","[0.6258599162101746, 0.37414005398750305]",,,,
782,32,19.0,19,26.536088943481445,mlp,,301,3,0,0,301,3,0,0,0.0,0.0,True,"[0.43104293942451477, 0.5689570903778076]","[0.43104293942451477, 0.5689570903778076]",,,,
840,33,58.0,58,,mlp,,301,3,0,0,301,3,0,0,0.0,0.0,True,"[0.6237685680389404, 0.3762314021587372]","[0.6237685680389404, 0.3762314021587372]",,,,
851,34,11.0,11,,mlp,,301,3,0,0,301,3,0,0,0.0,0.0,True,"[0.39760488271713257, 0.6023951768875122]","[0.39760488271713257, 0.6023951768875122]",,,,
877,35,26.0,26,,mlp,,301,3,0,0,301,3,0,0,0.0,0.0,True,"[0.6489725112915039, 0.35102754831314087]","[0.6489725112915039, 0.35102754831314087]",,,,
900,36,23.0,23,47.842769622802734,mlp,,408,3,0,0,408,3,0,0,0.0,0.0,True,"[0.4381526708602905, 0.5618473291397095]","[0.4381526708602905, 0.5618473291397095]",,,,
912,37,12.0,12,,mlp,,408,3,0,0,408,3,0,0,0.0,0.0,True,"[0.4027102589607239, 0.5972897410392761]","[0.4027102589607239, 0.5972897410392761]",,,,
959,38,47.0,47,,mlp,,408,3,0,0,408,3,0,0,0.0,0.0,True,"[0.4778486490249634, 0.5221513509750366]","[0.4778486490249634, 0.5221513509750366]",,,,
983,39,24.0,24,,mlp,,408,3,0,0,408,3,0,0,0.0,0.0,True,"[0.3838843107223511, 0.6161156892776489]","[0.3838843107223511, 0.6161156892776489]",,,,
1004,40,21.0,21,39.734683990478516,mlp,,472,32,0,0,472,32,0,0,0.0,0.0,True,"[0.4681399166584015, 0.5318601131439209]","[0.4681399166584015, 0.5318601131439209]",,,,
1022,41,18.0,18,,mlp,,472,32,0,0,472,32,0,0,0.0,0.0,True,"[0.38542962074279785, 0.6145703792572021]","[0.38542962074279785, 0.6145703792572021]",,,,
1039,42,17.0,17,,mlp,,472,32,0,0,472,32,0,0,0.0,0.0,True,"[0.6503689289093018, 0.34963107109069824]","[0.6503689289093018, 0.34963107109069824]",,,,
1074,43,35.0,35,,mlp,,472,32,0,0,472,32,0,0,0.0,0.0,True,"[0.6150690317153931, 0.38493093848228455]","[0.6150690317153931, 0.38493093848228455]",,,,
1083,44,9.0,9,29.79836082458496,mlp,,529,54,0,0,529,54,0,0,0.0,0.0,True,"[0.6387444734573364, 0.3612555265426636]","[0.6387444734573364, 0.3612555265426636]",,,,
1117,45,34.0,34,,mlp,,529,54,0,0,529,54,0,0,0.0,0.0,True,"[0.40164870023727417, 0.5983512997627258]","[0.40164870023727417, 0.5983512997627258]",,,,
1185,46,68.0,68,,mlp,,529,54,0,0,529,54,0,0,0.0,0.0,True,"[0.3825051188468933, 0.6174948811531067]","[0.3825051188468933, 0.6174948811531067]",,,,
1286,47,101.0,101,,mlp,,529,54,0,0,529,54,0,0,0.0,0.0,True,"[0.49310165643692017, 0.5068983435630798]","[0.49310165643692017, 0.5068983435630798]",,,,
1319,48,33.0,33,101.1941146850586,mlp,,610,209,0,0,610,209,0,0,0.0,0.0,True,"[0.6344959735870361, 0.36550402641296387]","[0.6344959735870361, 0.36550402641296387]",,,,
1358,49,39.0,39,,mlp,,610,209,0,0,610,209,0,0,0.0,0.0,True,"[0.3678346872329712, 0.6321653127670288]","[0.3678346872329712, 0.6321653127670288]",,,,
1375,50,17.0,17,,mlp,,610,209,0,0,610,209,0,0,0.0,0.0,True,"[0.40462779998779297, 0.5953721404075623]","[0.40462779998779297, 0.5953721404075623]",,,,
1386,51,11.0,11,,mlp,,610,209,0,0,610,209,0,0,0.0,0.0,True,"[0.3577330708503723, 0.6422668695449829]","[0.3577330708503723, 0.6422668695449829]",,,,
1399,52,13.0,13,36.23329544067383,mlp,,663,236,0,0,663,236,0,0,0.0,0.0,True,"[0.6637810468673706, 0.3362189531326294]","[0.6637810468673706, 0.3362189531326294]",,,,
1444,53,45.0,45,,mlp,,663,236,0,0,663,236,0,0,0.0,0.0,True,"[0.5807680487632751, 0.41923195123672485]","[0.5807680487632751, 0.41923195123672485]",,,,
1477,54,33.0,33,,mlp,,663,236,0,0,663,236,0,0,0.0,0.0,True,"[0.6692914962768555, 0.33070850372314453]","[0.6692914962768555, 0.33070850372314453]",,,,
1520,55,43.0,43,,mlp,,663,236,0,0,663,236,0,0,0.0,0.0,True,"[0.6234320998191833, 0.37656790018081665]","[0.6234320998191833, 0.37656790018081665]",,,,
1533,56,13.0,13,47.413841247558594,mlp,,720,313,0,0,720,313,0,0,0.0,0.0,True,"[0.5853700637817383, 0.4146299660205841]","[0.5853700637817383, 0.4146299660205841]",,,,
1603,57,70.0,70,,mlp,,720,313,0,0,720,313,0,0,0.0,0.0,True,"[0.62181156873703, 0.37818843126296997]","[0.62181156873703, 0.37818843126296997]",,,,
1658,58,55.0,55,,mlp,,720,313,0,0,720,313,0,0,0.0,0.0,True,"[0.46441650390625, 0.53558349609375]","[0.46441650390625, 0.53558349609375]",,,,
1676,59,18.0,18,,mlp,,720,313,0,0,720,313,0,0,0.0,0.0,True,"[0.3223107159137726, 0.6776893138885498]","[0.3223107159137726, 0.6776893138885498]",,,,
1728,60,52.0,52,74.90108489990234,mlp,,795,433,0,0,795,433,0,0,0.0,0.0,True,"[0.6597471833229065, 0.3402528464794159]","[0.6597471833229065, 0.3402528464794159]",,,,
1766,61,38.0,38,,mlp,,795,433,0,0,795,433,0,0,0.0,0.0,True,"[0.6573917269706726, 0.3426082134246826]","[0.6573917269706726, 0.3426082134246826]",,,,
1787,62,21.0,21,,mlp,,795,433,0,0,795,433,0,0,0.0,0.0,True,"[0.41115355491638184, 0.5888464450836182]","[0.41115355491638184, 0.5888464450836182]",,,,
1814,63,27.0,27,,mlp,,795,433,0,0,795,433,0,0,0.0,0.0,True,"[0.6159260272979736, 0.38407403230667114]","[0.6159260272979736, 0.38407403230667114]",,,,
1855,64,41.0,41,32.980125427246094,mlp,,869,486,0,0,869,486,0,0,0.0,0.0,True,"[0.43351835012435913, 0.5664816498756409]","[0.43351835012435913, 0.5664816498756409]",,,,
1894,65,39.0,39,,mlp,,869,486,0,0,869,486,0,0,0.0,0.0,True,"[0.5789963603019714, 0.42100363969802856]","[0.5789963603019714, 0.42100363969802856]",,,,
1914,66,20.0,20,,mlp,,869,486,0,0,869,486,0,0,0.0,0.0,True,"[0.5676596164703369, 0.4323403537273407]","[0.5676596164703369, 0.4323403537273407]",,,,
1936,67,22.0,22,,mlp,,869,486,0,0,869,486,0,0,0.0,0.0,True,"[0.7560343742370605, 0.24396568536758423]","[0.7560343742370605, 0.24396568536758423]",,,,
1953,68,17.0,17,50.265350341796875,mlp,,933,520,0,0,933,520,0,0,0.0,0.0,True,"[0.31183645129203796, 0.6881635189056396]","[0.31183645129203796, 0.6881635189056396]",,,,
2035,69,82.0,82,,mlp,,933,520,0,0,933,520,0,0,0.0,0.0,True,"[0.7102854251861572, 0.2897145450115204]","[0.7102854251861572, 0.2897145450115204]",,,,
2057,70,22.0,22,,mlp,,933,520,0,0,933,520,0,0,0.0,0.0,True,"[0.4538361132144928, 0.5461638569831848]","[0.4538361132144928, 0.5461638569831848]",,,,
2095,71,38.0,38,,mlp,,933,520,0,0,933,520,0,0,0.0,0.0,True,"[0.39564934372901917, 0.6043506264686584]","[0.39564934372901917, 0.6043506264686584]",,,,
2125,72,30.0,30,61.01507568359375,mlp,,1005,620,0,0,1005,620,0,0,0.0,0.0,True,"[0.5989710688591003, 0.40102890133857727]","[0.5989710688591003, 0.40102890133857727]",,,,
2150,73,25.0,25,,mlp,,1005,620,0,0,1005,620,0,0,0.0,0.0,True,"[0.37930789589881897, 0.6206921339035034]","[0.37930789589881897, 0.6206921339035034]",,,,
2173,74,23.0,23,,mlp,,1005,620,0,0,1005,620,0,0,0.0,0.0,True,"[0.3218449354171753, 0.6781550645828247]","[0.3218449354171753, 0.6781550645828247]",,,,
2211,75,38.0,38,,mlp,,1005,620,0,0,1005,620,0,0,0.0,0.0,True,"[0.39738860726356506, 0.6026113629341125]","[0.39738860726356506, 0.6026113629341125]",,,,
2256,76,45.0,45,38.64179992675781,mlp,,1075,681,0,0,1075,681,0,0,0.0,0.0,True,"[0.632335901260376, 0.367664098739624]","[0.632335901260376, 0.367664098739624]",,,,
2267,77,11.0,11,,mlp,,1075,681,0,0,1075,681,0,0,0.0,0.0,True,"[0.3048305809497833, 0.6951694488525391]","[0.3048305809497833, 0.6951694488525391]",,,,
2288,78,21.0,21,,mlp,,1075,681,0,0,1075,681,0,0,0.0,0.0,True,"[0.6214779615402222, 0.37852197885513306]","[0.6214779615402222, 0.37852197885513306]",,,,
2325,79,37.0,37,,mlp,,1075,681,0,0,1075,681,0,0,0.0,0.0,True,"[0.6864731311798096, 0.3135269284248352]","[0.6864731311798096, 0.3135269284248352]",,,,
2345,80,20.0,20,35.185848236083984,mlp,,1128,717,0,0,1128,717,0,0,0.0,0.0,True,"[0.2630715072154999, 0.7369284629821777]","[0.2630715072154999, 0.7369284629821777]",,,,
2376,81,31.0,31,,mlp,,1128,717,0,0,1128,717,0,0,0.0,0.0,True,"[0.7567313313484192, 0.243268683552742]","[0.7567313313484192, 0.243268683552742]",,,,
2386,82,10.0,10,,mlp,,1128,717,0,0,1128,717,0,0,0.0,0.0,True,"[0.33097079396247864, 0.6690292358398438]","[0.33097079396247864, 0.6690292358398438]",,,,
2404,83,18.0,18,,mlp,,1128,717,0,0,1128,717,0,0,0.0,0.0,True,"[0.3188018500804901, 0.6811981797218323]","[0.3188018500804901, 0.6811981797218323]",,,,
2417,84,13.0,13,23.50540542602539,mlp,,1178,739,0,0,1178,739,0,0,0.0,0.0,True,"[0.7308441400527954, 0.2691558599472046]","[0.7308441400527954, 0.2691558599472046]",,,,
2460,85,43.0,43,,mlp,,1178,739,0,0,1178,739,0,0,0.0,0.0,True,"[0.3753533363342285, 0.6246467232704163]","[0.3753533363342285, 0.6246467232704163]",,,,
2531,86,71.0,71,,mlp,,1178,739,0,0,1178,739,0,0,0.0,0.0,True,"[0.37488189339637756, 0.6251180768013]","[0.37488189339637756, 0.6251180768013]",,,,
2549,87,18.0,18,,mlp,,1178,739,0,0,1178,739,0,0,0.0,0.0,True,"[0.31747865676879883, 0.6825212836265564]","[0.31747865676879883, 0.6825212836265564]",,,,
2599,88,50.0,50,55.39872741699219,mlp,,1246,853,0,0,1246,853,0,0,0.0,0.0,True,"[0.4371131956577301, 0.5628867745399475]","[0.4371131956577301, 0.5628867745399475]",,,,
2615,89,16.0,16,,mlp,,1246,853,0,0,1246,853,0,0,0.0,0.0,True,"[0.299744576215744, 0.7002554535865784]","[0.299744576215744, 0.7002554535865784]",,,,
2634,90,19.0,19,,mlp,,1246,853,0,0,1246,853,0,0,0.0,0.0,True,"[0.3323608338832855, 0.6676391363143921]","[0.3323608338832855, 0.6676391363143921]",,,,
2682,91,48.0,48,,mlp,,1246,853,0,0,1246,853,0,0,0.0,0.0,True,"[0.31566813588142395, 0.6843318939208984]","[0.31566813588142395, 0.6843318939208984]",,,,
2705,92,23.0,23,28.398361206054688,mlp,,1288,917,0,0,1288,917,0,0,0.0,0.0,True,"[0.3982984721660614, 0.6017014980316162]","[0.3982984721660614, 0.6017014980316162]",,,,
2750,93,45.0,45,,mlp,,1288,917,0,0,1288,917,0,0,0.0,0.0,True,"[0.38118642568588257, 0.6188135743141174]","[0.38118642568588257, 0.6188135743141174]",,,,
2809,94,59.0,59,,mlp,,1288,917,0,0,1288,917,0,0,0.0,0.0,True,"[0.6802404522895813, 0.3197595775127411]","[0.6802404522895813, 0.3197595775127411]",,,,
2863,95,54.0,54,,mlp,,1288,917,0,0,1288,917,0,0,0.0,0.0,True,"[0.3176102340221405, 0.6823897957801819]","[0.3176102340221405, 0.6823897957801819]",,,,
2888,96,25.0,25,56.077449798583984,mlp,,1361,1027,0,0,1361,1027,0,0,0.0,0.0,True,"[0.7766023278236389, 0.22339774668216705]","[0.7766023278236389, 0.22339774668216705]",,,,
2916,97,28.0,28,,mlp,,1361,1027,0,0,1361,1027,0,0,0.0,0.0,True,"[0.28196999430656433, 0.7180299758911133]","[0.28196999430656433, 0.7180299758911133]",,,,
2946,98,30.0,30,,mlp,,1361,1027,0,0,1361,1027,0,0,0.0,0.0,True,"[0.30560824275016785, 0.6943917870521545]","[0.30560824275016785, 0.6943917870521545]",,,,
2966,99,20.0,20,,mlp,,1361,1027,0,0,1361,1027,0,0,0.0,0.0,True,"[0.23780374228954315, 0.7621961832046509]","[0.23780374228954315, 0.7621961832046509]",,,,
3002,100,36.0,36,20.18328857421875,mlp,,1393,1109,0,0,1393,1109,0,0,0.0,0.0,True,"[0.3503943979740143, 0.6496056318283081]","[0.3503943979740143, 0.6496056318283081]",,,,
3091,101,89.0,89,,mlp,,1393,1109,0,0,1393,1109,0,0,0.0,0.0,True,"[0.6710804104804993, 0.32891958951950073]","[0.6710804104804993, 0.32891958951950073]",,,,
3108,102,17.0,17,,mlp,,1393,1109,0,0,1393,1109,0,0,0.0,0.0,True,"[0.3071390986442566, 0.6928609013557434]","[0.3071390986442566, 0.6928609013557434]",,,,
3165,103,57.0,57,,mlp,,1393,1109,0,0,1393,1109,0,0,0.0,0.0,True,"[0.7245403528213501, 0.2754596173763275]","[0.7245403528213501, 0.2754596173763275]",,,,
3228,104,63.0,63,73.78960418701172,mlp,,1466,1262,0,0,1466,1262,0,0,0.0,0.0,True,"[0.7038785815238953, 0.29612138867378235]","[0.7038785815238953, 0.29612138867378235]",,,,
3265,105,37.0,37,,mlp,,1466,1262,0,0,1466,1262,0,0,0.0,0.0,True,"[0.27493512630462646, 0.7250649333000183]","[0.27493512630462646, 0.7250649333000183]",,,,
3287,106,22.0,22,,mlp,,1466,1262,0,0,1466,1262,0,0,0.0,0.0,True,"[0.6233417987823486, 0.37665820121765137]","[0.6233417987823486, 0.37665820121765137]",,,,
3310,107,23.0,23,,mlp,,1466,1262,0,0,1466,1262,0,0,0.0,0.0,True,"[0.6604344844818115, 0.3395655155181885]","[0.6604344844818115, 0.3395655155181885]",,,,
3330,108,20.0,20,17.996318817138672,mlp,,1510,1320,0,0,1510,1320,0,0,0.0,0.0,True,"[0.25435522198677063, 0.745644748210907]","[0.25435522198677063, 0.745644748210907]",,,,
3343,109,13.0,13,,mlp,,1510,1320,0,0,1510,1320,0,0,0.0,0.0,True,"[0.7836797833442688, 0.2163202166557312]","[0.7836797833442688, 0.2163202166557312]",,,,
3369,110,26.0,26,,mlp,,1510,1320,0,0,1510,1320,0,0,0.0,0.0,True,"[0.38239020109176636, 0.6176097989082336]","[0.38239020109176636, 0.6176097989082336]",,,,
3446,111,77.0,77,,mlp,,1510,1320,0,0,1510,1320,0,0,0.0,0.0,True,"[0.2614332139492035, 0.7385668158531189]","[0.2614332139492035, 0.7385668158531189]",,,,
3471,112,25.0,25,69.6002197265625,mlp,,1550,1421,0,0,1550,1421,0,0,0.0,0.0,True,"[0.26945585012435913, 0.7305442094802856]","[0.26945585012435913, 0.7305442094802856]",,,,
3491,113,20.0,20,,mlp,,1550,1421,0,0,1550,1421,0,0,0.0,0.0,True,"[0.5925320386886597, 0.40746796131134033]","[0.5925320386886597, 0.40746796131134033]",,,,
3563,114,72.0,72,,mlp,,1550,1421,0,0,1550,1421,0,0,0.0,0.0,True,"[0.7296913266181946, 0.2703086733818054]","[0.7296913266181946, 0.2703086733818054]",,,,
3602,115,39.0,39,,mlp,,1550,1421,0,0,1550,1421,0,0,0.0,0.0,True,"[0.7713479995727539, 0.2286519557237625]","[0.7713479995727539, 0.2286519557237625]",,,,
3633,116,31.0,31,62.349510192871094,mlp,,1598,1535,0,0,1598,1535,0,0,0.0,0.0,True,"[0.23744350671768188, 0.7625564932823181]","[0.23744350671768188, 0.7625564932823181]",,,,
3666,117,33.0,33,,mlp,,1598,1535,0,0,1598,1535,0,0,0.0,0.0,True,"[0.3049333095550537, 0.6950666904449463]","[0.3049333095550537, 0.6950666904449463]",,,,
3688,118,22.0,22,,mlp,,1598,1535,0,0,1598,1535,0,0,0.0,0.0,True,"[0.7753108739852905, 0.22468912601470947]","[0.7753108739852905, 0.22468912601470947]",,,,
3783,119,95.0,95,,mlp,,1598,1535,0,0,1598,1535,0,0,0.0,0.0,True,"[0.39396822452545166, 0.6060317754745483]","[0.39396822452545166, 0.6060317754745483]",,,,
3805,120,22.0,22,69.6327896118164,mlp,,1645,1660,0,0,1645,1660,0,0,0.0,0.0,True,"[0.2335527241230011, 0.7664472460746765]","[0.2335527241230011, 0.7664472460746765]",,,,
3867,121,62.0,62,,mlp,,1645,1660,0,0,1645,1660,0,0,0.0,0.0,True,"[0.6862388253211975, 0.3137611448764801]","[0.6862388253211975, 0.3137611448764801]",,,,
3934,122,67.0,67,,mlp,,1645,1660,0,0,1645,1660,0,0,0.0,0.0,True,"[0.5461829900741577, 0.4538170397281647]","[0.5461829900741577, 0.4538170397281647]",,,,
3968,123,34.0,34,,mlp,,1645,1660,0,0,1645,1660,0,0,0.0,0.0,True,"[0.22250859439373016, 0.7774913907051086]","[0.22250859439373016, 0.7774913907051086]",,,,
4011,124,43.0,43,83.1684341430664,mlp,,1691,1820,0,0,1691,1820,0,0,0.0,0.0,True,"[0.33565396070480347, 0.6643459796905518]","[0.33565396070480347, 0.6643459796905518]",,,,
4072,125,61.0,61,,mlp,,1691,1820,0,0,1691,1820,0,0,0.0,0.0,True,"[0.5899735689163208, 0.4100264608860016]","[0.5899735689163208, 0.4100264608860016]",,,,
4089,126,17.0,17,,mlp,,1691,1820,0,0,1691,1820,0,0,0.0,0.0,True,"[0.8050007820129395, 0.19499920308589935]","[0.8050007820129395, 0.19499920308589935]",,,,
4130,127,41.0,41,,mlp,,1691,1820,0,0,1691,1820,0,0,0.0,0.0,True,"[0.3269115686416626, 0.6730884313583374]","[0.3269115686416626, 0.6730884313583374]",,,,
4219,128,89.0,89,72.7123794555664,mlp,,1744,1975,0,0,1744,1975,0,0,0.0,0.0,True,"[0.6675676703453064, 0.332432359457016]","[0.6675676703453064, 0.332432359457016]",,,,
4302,129,83.0,83,,mlp,,1744,1975,0,0,1744,1975,0,0,0.0,0.0,True,"[0.2671459913253784, 0.7328540086746216]","[0.2671459913253784, 0.7328540086746216]",,,,
4341,130,39.0,39,,mlp,,1744,1975,0,0,1744,1975,0,0,0.0,0.0,True,"[0.17227740585803986, 0.8277225494384766]","[0.17227740585803986, 0.8277225494384766]",,,,
4412,131,71.0,71,,mlp,,1744,1975,0,0,1744,1975,0,0,0.0,0.0,True,"[0.32394567131996155, 0.6760543584823608]","[0.32394567131996155, 0.6760543584823608]",,,,
4426,132,14.0,14,56.1908073425293,mlp,,1779,2147,0,0,1779,2147,0,0,0.0,0.0,True,"[0.14874714612960815, 0.8512528538703918]","[0.14874714612960815, 0.8512528538703918]",,,,
4443,133,17.0,17,,mlp,,1779,2147,0,0,1779,2147,0,0,0.0,0.0,True,"[0.33327773213386536, 0.666722297668457]","[0.33327773213386536, 0.666722297668457]",,,,
4492,134,49.0,49,,mlp,,1779,2147,0,0,1779,2147,0,0,0.0,0.0,True,"[0.6003459692001343, 0.39965397119522095]","[0.6003459692001343, 0.39965397119522095]",,,,
4508,135,16.0,16,,mlp,,1779,2147,0,0,1779,2147,0,0,0.0,0.0,True,"[0.7801390886306763, 0.21986085176467896]","[0.7801390886306763, 0.21986085176467896]",,,,
4536,136,28.0,28,48.434879302978516,mlp,,1809,2227,0,0,1809,2227,0,0,0.0,0.0,True,"[0.7133252024650574, 0.2866747975349426]","[0.7133252024650574, 0.2866747975349426]",,,,
4557,137,21.0,21,,mlp,,1809,2227,0,0,1809,2227,0,0,0.0,0.0,True,"[0.751876175403595, 0.24812380969524384]","[0.751876175403595, 0.24812380969524384]",,,,
4606,138,49.0,49,,mlp,,1809,2227,0,0,1809,2227,0,0,0.0,0.0,True,"[0.2824042737483978, 0.7175957560539246]","[0.2824042737483978, 0.7175957560539246]",,,,
4668,139,62.0,62,,mlp,,1809,2227,0,0,1809,2227,0,0,0.0,0.0,True,"[0.32216694951057434, 0.677833080291748]","[0.32216694951057434, 0.677833080291748]",,,,
4732,140,64.0,64,62.761722564697266,mlp,,1862,2370,0,0,1862,2370,0,0,0.0,0.0,True,"[0.7880697250366211, 0.2119302898645401]","[0.7880697250366211, 0.2119302898645401]",,,,
4805,141,73.0,73,,mlp,,1862,2370,0,0,1862,2370,0,0,0.0,0.0,True,"[0.4381107687950134, 0.5618892312049866]","[0.4381107687950134, 0.5618892312049866]",,,,
4830,142,25.0,25,,mlp,,1862,2370,0,0,1862,2370,0,0,0.0,0.0,True,"[0.7101523876190186, 0.2898476719856262]","[0.7101523876190186, 0.2898476719856262]",,,,
4887,143,57.0,57,,mlp,,1862,2370,0,0,1862,2370,0,0,0.0,0.0,True,"[0.28677114844322205, 0.7132288217544556]","[0.28677114844322205, 0.7132288217544556]",,,,
4935,144,48.0,48,74.06786346435547,mlp,,1947,2488,0,0,1947,2488,0,0,0.0,0.0,True,"[0.6570667028427124, 0.3429332375526428]","[0.6570667028427124, 0.3429332375526428]",,,,
4973,145,38.0,38,,mlp,,1947,2488,0,0,1947,2488,0,0,0.0,0.0,True,"[0.8189899921417236, 0.18100999295711517]","[0.8189899921417236, 0.18100999295711517]",,,,
5006,146,33.0,33,,mlp,,1947,2488,0,0,1947,2488,0,0,0.0,0.0,True,"[0.300097793340683, 0.6999022364616394]","[0.300097793340683, 0.6999022364616394]",,,,
5033,147,27.0,27,,mlp,,1947,2488,0,0,1947,2488,0,0,0.0,0.0,True,"[0.7765717506408691, 0.22342824935913086]","[0.7765717506408691, 0.22342824935913086]",,,,
5095,148,62.0,62,37.24285125732422,mlp,,2000,2595,0,0,2000,2595,0,0,0.0,0.0,True,"[0.6604934930801392, 0.33950650691986084]","[0.6604934930801392, 0.33950650691986084]",,,,
5152,149,57.0,57,,mlp,,2000,2595,0,0,2000,2595,0,0,0.0,0.0,True,"[0.7533434629440308, 0.24665658175945282]","[0.7533434629440308, 0.24665658175945282]",,,,
5210,150,58.0,58,,mlp,,2000,2595,0,0,2000,2595,0,0,0.0,0.0,True,"[0.7454620003700256, 0.25453799962997437]","[0.7454620003700256, 0.25453799962997437]",,,,
5336,151,126.0,126,,mlp,,2000,2595,0,0,2000,2595,0,0,0.0,0.0,True,"[0.44131141901016235, 0.5586885213851929]","[0.44131141901016235, 0.5586885213851929]",,,,
5410,152,74.0,74,77.78237915039062,mlp,,2036,2873,0,0,2036,2873,1,1,0.0,0.0,True,"[0.729703962802887, 0.27029603719711304]","[0.729703962802887, 0.27029603719711304]",,,,
5478,153,68.0,68,,mlp,,2036,2873,0,0,2036,2873,1,1,0.0,0.0,True,"[0.25116780400276184, 0.7488321661949158]","[0.25116780400276184, 0.7488321661949158]",,,,
5510,154,32.0,32,,mlp,,2036,2873,0,0,2036,2873,1,1,0.0,0.0,True,"[0.6573159098625183, 0.3426840603351593]","[0.6573159098625183, 0.3426840603351593]",,,,
5553,155,43.0,43,,mlp,,2036,2873,0,0,2036,2873,1,1,0.0,0.0,True,"[0.1566803753376007, 0.8433195948600769]","[0.1566803753376007, 0.8433195948600769]",,,,
5600,156,47.0,47,46.72270202636719,mlp,,2076,3022,0,0,2076,3022,2,2,0.0,0.0,True,"[0.7974455952644348, 0.20255441963672638]","[0.7974455952644348, 0.20255441963672638]",,,,
5626,157,26.0,26,,mlp,,2076,3022,0,0,2076,3022,2,2,0.0,0.0,True,"[0.5405017733573914, 0.45949825644493103]","[0.5405017733573914, 0.45949825644493103]",,,,
5668,158,42.0,42,,mlp,,2076,3022,0,0,2076,3022,2,2,0.0,0.0,True,"[0.7582736015319824, 0.24172641336917877]","[0.7582736015319824, 0.24172641336917877]",,,,
5739,159,71.0,71,,mlp,,2076,3022,0,0,2076,3022,2,2,0.0,0.0,True,"[0.7910221815109253, 0.20897789299488068]","[0.7910221815109253, 0.20897789299488068]",,,,
5800,160,61.0,61,47.35109329223633,mlp,,2117,3181,0,0,2117,3181,2,2,0.0,0.0,True,"[0.7181346416473389, 0.2818654179573059]","[0.7181346416473389, 0.2818654179573059]",,,,
5875,161,75.0,75,,mlp,,2117,3181,0,0,2117,3181,2,2,0.0,0.0,True,"[0.2602333724498749, 0.7397665977478027]","[0.2602333724498749, 0.7397665977478027]",,,,
5898,162,23.0,23,,mlp,,2117,3181,0,0,2117,3181,2,2,0.0,0.0,True,"[0.2343335896730423, 0.7656664848327637]","[0.2343335896730423, 0.7656664848327637]",,,,
6077,163,179.0,179,,mlp,,2117,3181,0,0,2117,3181,2,2,0.0,0.0,True,"[0.7680761218070984, 0.231923907995224]","[0.7680761218070984, 0.231923907995224]",,,,
6112,164,35.0,35,102.42182922363281,mlp,,2156,3453,0,0,2156,3453,3,3,0.0,0.0,True,"[0.18890778720378876, 0.8110922574996948]","[0.18890778720378876, 0.8110922574996948]",,,,
6135,165,23.0,23,,mlp,,2156,3453,0,0,2156,3453,3,3,0.0,0.0,True,"[0.8317307829856873, 0.16826923191547394]","[0.8317307829856873, 0.16826923191547394]",,,,
6183,166,48.0,48,,mlp,,2156,3453,0,0,2156,3453,3,3,0.0,0.0,True,"[0.6582432389259338, 0.3417567312717438]","[0.6582432389259338, 0.3417567312717438]",,,,
6275,167,92.0,92,,mlp,,2156,3453,0,0,2156,3453,3,3,0.0,0.0,True,"[0.2822246253490448, 0.7177754044532776]","[0.2822246253490448, 0.7177754044532776]",,,,
6409,168,134.0,134,95.5239028930664,mlp,,2191,3715,0,0,2191,3715,3,3,0.0,0.0,True,"[0.4519523084163666, 0.548047661781311]","[0.4519523084163666, 0.548047661781311]",,,,
6435,169,26.0,26,,mlp,,2191,3715,0,0,2191,3715,3,3,0.0,0.0,True,"[0.892102837562561, 0.10789717733860016]","[0.892102837562561, 0.10789717733860016]",,,,
6496,170,61.0,61,,mlp,,2191,3715,0,0,2191,3715,3,3,0.0,0.0,True,"[0.829553484916687, 0.1704465001821518]","[0.829553484916687, 0.1704465001821518]",,,,
6541,171,45.0,45,,mlp,,2191,3715,0,0,2191,3715,3,3,0.0,0.0,True,"[0.7246028780937195, 0.27539709210395813]","[0.7246028780937195, 0.27539709210395813]",,,,
6632,172,91.0,91,61.752532958984375,mlp,,2223,3904,0,0,2223,3904,5,5,0.0,0.0,True,"[0.71034836769104, 0.28965166211128235]","[0.71034836769104, 0.28965166211128235]",,,,
6659,173,27.0,27,,mlp,,2223,3904,0,0,2223,3904,5,5,0.0,0.0,True,"[0.760362446308136, 0.239637553691864]","[0.760362446308136, 0.239637553691864]",,,,
6730,174,71.0,71,,mlp,,2223,3904,0,0,2223,3904,5,5,0.0,0.0,True,"[0.28163638710975647, 0.7183636426925659]","[0.28163638710975647, 0.7183636426925659]",,,,
6777,175,47.0,47,,mlp,,2223,3904,0,0,2223,3904,5,5,0.0,0.0,True,"[0.3228128254413605, 0.6771872043609619]","[0.3228128254413605, 0.6771872043609619]",,,,
6856,176,79.0,79,61.024436950683594,mlp,,2271,4080,0,0,2271,4080,5,5,0.0,0.0,True,"[0.8303232789039612, 0.16967670619487762]","[0.8303232789039612, 0.16967670619487762]",,,,
6906,177,50.0,50,,mlp,,2271,4080,0,0,2271,4080,5,5,0.0,0.0,True,"[0.18561424314975739, 0.814385712146759]","[0.18561424314975739, 0.814385712146759]",,,,
6959,178,53.0,53,,mlp,,2271,4080,0,0,2271,4080,5,5,0.0,0.0,True,"[0.8485845327377319, 0.1514154076576233]","[0.8485845327377319, 0.1514154076576233]",,,,
7058,179,99.0,99,,mlp,,2271,4080,0,0,2271,4080,5,5,0.0,0.0,True,"[0.27386847138404846, 0.7261314988136292]","[0.27386847138404846, 0.7261314988136292]",,,,
7081,180,23.0,23,72.20589447021484,mlp,,2293,4283,0,0,2293,4283,5,5,0.0,0.0,True,"[0.2563548982143402, 0.7436450719833374]","[0.2563548982143402, 0.7436450719833374]",,,,
7177,181,96.0,96,,mlp,,2293,4283,0,0,2293,4283,5,5,0.0,0.0,True,"[0.24556027352809906, 0.7544397711753845]","[0.24556027352809906, 0.7544397711753845]",,,,
7275,182,98.0,98,,mlp,,2293,4283,0,0,2293,4283,5,5,0.0,0.0,True,"[0.30178102850914, 0.6982190012931824]","[0.30178102850914, 0.6982190012931824]",,,,
7332,183,57.0,57,,mlp,,2293,4283,0,0,2293,4283,5,5,0.0,0.0,True,"[0.24540914595127106, 0.7545908093452454]","[0.24540914595127106, 0.7545908093452454]",,,,
7424,184,92.0,92,86.12791442871094,mlp,,2329,4590,0,0,2329,4590,5,5,0.0,0.0,True,"[0.7913480401039124, 0.20865198969841003]","[0.7913480401039124, 0.20865198969841003]",,,,
7442,185,18.0,18,,mlp,,2329,4590,0,0,2329,4590,5,5,0.0,0.0,True,"[0.20506316423416138, 0.7949367761611938]","[0.20506316423416138, 0.7949367761611938]",,,,
7558,186,116.0,116,,mlp,,2329,4590,0,0,2329,4590,5,5,0.0,0.0,True,"[0.7936575412750244, 0.20634248852729797]","[0.7936575412750244, 0.20634248852729797]",,,,
7670,187,112.0,112,,mlp,,2329,4590,0,0,2329,4590,5,5,0.0,0.0,True,"[0.7775235176086426, 0.22247649729251862]","[0.7775235176086426, 0.22247649729251862]",,,,
7765,188,95.0,95,90.79043579101562,mlp,,2344,4916,0,0,2344,4916,5,5,0.0,0.0,True,"[0.2542538344860077, 0.7457461953163147]","[0.2542538344860077, 0.7457461953163147]",,,,
7868,189,103.0,103,,mlp,,2344,4916,0,0,2344,4916,5,5,0.0,0.0,True,"[0.6516728401184082, 0.348327100276947]","[0.6516728401184082, 0.348327100276947]",,,,
8060,190,192.0,192,,mlp,,2344,4916,0,0,2344,4916,5,5,0.0,0.0,True,"[0.26811274886131287, 0.7318872809410095]","[0.26811274886131287, 0.7318872809410095]",,,,
8142,191,82.0,82,,mlp,,2344,4916,0,0,2344,4916,5,5,0.0,0.0,True,"[0.23252920806407928, 0.7674708366394043]","[0.23252920806407928, 0.7674708366394043]",,,,
8173,192,31.0,31,97.37891387939453,mlp,,2375,5293,0,0,2375,5293,5,5,0.0,0.0,True,"[0.8642193078994751, 0.13578064739704132]","[0.8642193078994751, 0.13578064739704132]",,,,
8220,193,47.0,47,,mlp,,2375,5293,0,0,2375,5293,5,5,0.0,0.0,True,"[0.2441743165254593, 0.7558256983757019]","[0.2441743165254593, 0.7558256983757019]",,,,
8263,194,43.0,43,,mlp,,2375,5293,0,0,2375,5293,5,5,0.0,0.0,True,"[0.21499767899513245, 0.7850023508071899]","[0.21499767899513245, 0.7850023508071899]",,,,
8347,195,84.0,84,,mlp,,2375,5293,0,0,2375,5293,5,5,0.0,0.0,True,"[0.8470380306243896, 0.15296201407909393]","[0.8470380306243896, 0.15296201407909393]",,,,
8378,196,31.0,31,65.05963897705078,mlp,,2431,5442,0,0,2431,5442,5,5,0.0,0.0,True,"[0.26073363423347473, 0.7392663955688477]","[0.26073363423347473, 0.7392663955688477]",,,,
8469,197,91.0,91,,mlp,,2431,5442,0,0,2431,5442,5,5,0.0,0.0,True,"[0.8524545431137085, 0.14754542708396912]","[0.8524545431137085, 0.14754542708396912]",,,,
8538,198,69.0,69,,mlp,,2431,5442,0,0,2431,5442,5,5,0.0,0.0,True,"[0.8280200362205505, 0.17197993397712708]","[0.8280200362205505, 0.17197993397712708]",,,,
8770,199,232.0,232,,mlp,,2431,5442,0,0,2431,5442,5,5,0.0,0.0,True,"[0.1455262005329132, 0.8544738292694092]","[0.1455262005329132, 0.8544738292694092]",,,,
8817,200,47.0,47,100.74510955810547,mlp,,2478,5833,0,0,2478,5833,6,6,0.0,0.0,True,"[0.8423559665679932, 0.15764398872852325]","[0.8423559665679932, 0.15764398872852325]",,,,
8907,201,90.0,90,,mlp,,2478,5833,0,0,2478,5833,6,6,0.0,0.0,True,"[0.15443359315395355, 0.8455663919448853]","[0.15443359315395355, 0.8455663919448853]",,,,
9014,202,107.0,107,,mlp,,2478,5833,0,0,2478,5833,6,6,0.0,0.0,True,"[0.7848699688911438, 0.21512998640537262]","[0.7848699688911438, 0.21512998640537262]",,,,
9060,203,46.0,46,,mlp,,2478,5833,0,0,2478,5833,6,6,0.0,0.0,True,"[0.20357084274291992, 0.7964290976524353]","[0.20357084274291992, 0.7964290976524353]",,,,
9219,204,159.0,159,84.7311782836914,mlp,,2494,6214,0,0,2494,6214,8,11,0.0,0.0,True,"[0.6101189851760864, 0.3898809552192688]","[0.6101189851760864, 0.3898809552192688]",,,,
9285,205,66.0,66,,mlp,,2494,6214,0,0,2494,6214,8,11,0.0,0.0,True,"[0.18918447196483612, 0.8108155131340027]","[0.18918447196483612, 0.8108155131340027]",,,,
9299,206,14.0,14,,mlp,,2494,6214,0,0,2494,6214,8,11,0.0,0.0,True,"[0.21122895181179047, 0.7887709736824036]","[0.21122895181179047, 0.7887709736824036]",,,,
9344,207,45.0,45,,mlp,,2494,6214,0,0,2494,6214,8,11,0.0,0.0,True,"[0.2487611174583435, 0.7512388825416565]","[0.2487611174583435, 0.7512388825416565]",,,,
9364,208,20.0,20,83.78372955322266,mlp,,2514,6339,0,0,2514,6339,8,11,0.0,0.0,True,"[0.21155737340450287, 0.7884425520896912]","[0.21155737340450287, 0.7884425520896912]",,,,
9440,209,76.0,76,,mlp,,2514,6339,0,0,2514,6339,8,11,0.0,0.0,True,"[0.8488051295280457, 0.15119488537311554]","[0.8488051295280457, 0.15119488537311554]",,,,
9597,210,157.0,157,,mlp,,2514,6339,0,0,2514,6339,8,11,0.0,0.0,True,"[0.4055211842060089, 0.5944788455963135]","[0.4055211842060089, 0.5944788455963135]",,,,
9736,211,139.0,139,,mlp,,2514,6339,0,0,2514,6339,8,11,0.0,0.0,True,"[0.8210205435752869, 0.17897944152355194]","[0.8210205435752869, 0.17897944152355194]",,,,
9838,212,102.0,102,95.48867797851562,mlp,,2574,6746,0,0,2574,6746,12,18,0.0,0.0,True,"[0.8309743404388428, 0.16902568936347961]","[0.8309743404388428, 0.16902568936347961]",,,,
9965,213,127.0,127,,mlp,,2574,6746,0,0,2574,6746,12,18,0.0,0.0,True,"[0.8074958324432373, 0.19250422716140747]","[0.8074958324432373, 0.19250422716140747]",,,,
10078,214,113.0,113,,mlp,,2574,6746,0,0,2574,6746,12,18,0.0,0.0,True,"[0.79493248462677, 0.20506751537322998]","[0.79493248462677, 0.20506751537322998]",,,,
10201,215,123.0,123,,mlp,,2574,6746,0,0,2574,6746,12,18,0.0,0.0,True,"[0.23458242416381836, 0.7654175758361816]","[0.23458242416381836, 0.7654175758361816]",,,,
10245,216,44.0,44,98.16432189941406,mlp,,2613,7113,0,0,2613,7113,13,19,0.0,0.0,True,"[0.8418388962745667, 0.15816105902194977]","[0.8418388962745667, 0.15816105902194977]",,,,
10364,217,119.0,119,,mlp,,2613,7113,0,0,2613,7113,13,19,0.0,0.0,True,"[0.20752273499965668, 0.7924772500991821]","[0.20752273499965668, 0.7924772500991821]",,,,
10464,218,100.0,100,,mlp,,2613,7113,0,0,2613,7113,13,19,0.0,0.0,True,"[0.817811131477356, 0.18218885362148285]","[0.817811131477356, 0.18218885362148285]",,,,
10557,219,93.0,93,,mlp,,2613,7113,0,0,2613,7113,13,19,0.0,0.0,True,"[0.20275138318538666, 0.7972485423088074]","[0.20275138318538666, 0.7972485423088074]",,,,
10788,220,231.0,231,111.4118881225586,mlp,,2653,7616,0,0,2653,7616,13,19,0.0,0.0,True,"[0.5533930063247681, 0.4466070234775543]","[0.5533930063247681, 0.4466070234775543]",,,,
10976,221,188.0,188,,mlp,,2653,7616,0,0,2653,7616,13,19,0.0,0.0,True,"[0.7441970705986023, 0.2558029294013977]","[0.7441970705986023, 0.2558029294013977]",,,,
11021,222,45.0,45,,mlp,,2653,7616,0,0,2653,7616,13,19,0.0,0.0,True,"[0.09011141210794449, 0.9098886251449585]","[0.09011141210794449, 0.9098886251449585]",,,,
11172,223,151.0,151,,mlp,,2653,7616,0,0,2653,7616,13,19,0.0,0.0,True,"[0.7225963473320007, 0.27740365266799927]","[0.7225963473320007, 0.27740365266799927]",,,,
11237,224,65.0,65,90.04513549804688,mlp,,2667,8051,0,0,2667,8051,13,19,0.0,0.0,True,"[0.1345590054988861, 0.8654410243034363]","[0.1345590054988861, 0.8654410243034363]",,,,
11298,225,61.0,61,,mlp,,2667,8051,0,0,2667,8051,13,19,0.0,0.0,True,"[0.16726990044116974, 0.8327300548553467]","[0.16726990044116974, 0.8327300548553467]",,,,
11426,226,128.0,128,,mlp,,2667,8051,0,0,2667,8051,13,19,0.0,0.0,True,"[0.8856560587882996, 0.114344023168087]","[0.8856560587882996, 0.114344023168087]",,,,
11468,227,42.0,42,,mlp,,2667,8051,0,0,2667,8051,13,19,0.0,0.0,True,"[0.11365477740764618, 0.8863452672958374]","[0.11365477740764618, 0.8863452672958374]",,,,
11573,228,105.0,105,81.8847885131836,mlp,,2708,8345,0,0,2708,8345,14,20,0.0,0.0,True,"[0.8545318841934204, 0.14546816051006317]","[0.8545318841934204, 0.14546816051006317]",,,,
11623,229,50.0,50,,mlp,,2708,8345,0,0,2708,8345,14,20,0.0,0.0,True,"[0.2367747724056244, 0.7632251977920532]","[0.2367747724056244, 0.7632251977920532]",,,,
11705,230,82.0,82,,mlp,,2708,8345,0,0,2708,8345,14,20,0.0,0.0,True,"[0.2319599837064743, 0.7680400013923645]","[0.2319599837064743, 0.7680400013923645]",,,,
11757,231,52.0,52,,mlp,,2708,8345,0,0,2708,8345,14,20,0.0,0.0,True,"[0.11726870387792587, 0.8827313184738159]","[0.11726870387792587, 0.8827313184738159]",,,,
11794,232,37.0,37,71.13855743408203,mlp,,2730,8543,0,0,2730,8543,15,21,0.0,0.0,True,"[0.9188443422317505, 0.08115565776824951]","[0.9188443422317505, 0.08115565776824951]",,,,
11901,233,107.0,107,,mlp,,2730,8543,0,0,2730,8543,15,21,0.0,0.0,True,"[0.5391008257865906, 0.4608991742134094]","[0.5391008257865906, 0.4608991742134094]",,,,
11937,234,36.0,36,,mlp,,2730,8543,0,0,2730,8543,15,21,0.0,0.0,True,"[0.1978539675474167, 0.8021460175514221]","[0.1978539675474167, 0.8021460175514221]",,,,
12035,235,98.0,98,,mlp,,2730,8543,0,0,2730,8543,15,21,0.0,0.0,True,"[0.8165066242218018, 0.18349333107471466]","[0.8165066242218018, 0.18349333107471466]",,,,
12083,236,48.0,48,93.0262680053711,mlp,,2764,8798,0,0,2764,8798,15,21,0.0,0.0,True,"[0.18898633122444153, 0.8110136985778809]","[0.18898633122444153, 0.8110136985778809]",,,,
12219,237,136.0,136,,mlp,,2764,8798,0,0,2764,8798,15,21,0.0,0.0,True,"[0.27272292971611023, 0.7272770404815674]","[0.27272292971611023, 0.7272770404815674]",,,,
12366,238,147.0,147,,mlp,,2764,8798,0,0,2764,8798,15,21,0.0,0.0,True,"[0.8676310181617737, 0.1323689967393875]","[0.8676310181617737, 0.1323689967393875]",,,,
12431,239,65.0,65,,mlp,,2764,8798,0,0,2764,8798,15,21,0.0,0.0,True,"[0.8592047691345215, 0.14079520106315613]","[0.8592047691345215, 0.14079520106315613]",,,,
12520,240,89.0,89,89.38803100585938,mlp,,2801,9198,0,0,2801,9198,15,21,0.0,0.0,True,"[0.1414116472005844, 0.8585883378982544]","[0.1414116472005844, 0.8585883378982544]",,,,
12745,241,225.0,225,,mlp,,2801,9198,0,0,2801,9198,15,21,0.0,0.0,True,"[0.2959612309932709, 0.7040387988090515]","[0.2959612309932709, 0.7040387988090515]",,,,
12843,242,98.0,98,,mlp,,2801,9198,0,0,2801,9198,15,21,0.0,0.0,True,"[0.7733932137489319, 0.2266068011522293]","[0.7733932137489319, 0.2266068011522293]",,,,
12952,243,109.0,109,,mlp,,2801,9198,0,0,2801,9198,15,21,0.0,0.0,True,"[0.06074852868914604, 0.9392514824867249]","[0.06074852868914604, 0.9392514824867249]",,,,
13062,244,110.0,110,105.6667251586914,mlp,,2847,9694,0,0,2847,9694,15,21,0.0,0.0,True,"[0.10860472917556763, 0.8913952708244324]","[0.10860472917556763, 0.8913952708244324]",,,,
13167,245,105.0,105,,mlp,,2847,9694,0,0,2847,9694,15,21,0.0,0.0,True,"[0.041532691568136215, 0.9584672451019287]","[0.041532691568136215, 0.9584672451019287]",,,,
13224,246,57.0,57,,mlp,,2847,9694,0,0,2847,9694,15,21,0.0,0.0,True,"[0.8851263523101807, 0.11487369984388351]","[0.8851263523101807, 0.11487369984388351]",,,,
13329,247,105.0,105,,mlp,,2847,9694,0,0,2847,9694,15,21,0.0,0.0,True,"[0.7102183699607849, 0.2897816598415375]","[0.7102183699607849, 0.2897816598415375]",,,,
13401,248,72.0,72,80.58381652832031,mlp,,2868,10012,0,0,2868,10012,15,21,0.0,0.0,True,"[0.7514404654502869, 0.24855954945087433]","[0.7514404654502869, 0.24855954945087433]",,,,
13560,249,159.0,159,,mlp,,2868,10012,0,0,2868,10012,15,21,0.0,0.0,True,"[0.8485948443412781, 0.15140517055988312]","[0.8485948443412781, 0.15140517055988312]",,,,
13709,250,149.0,149,,mlp,,2868,10012,0,0,2868,10012,15,21,0.0,0.0,True,"[0.13084328174591064, 0.8691567182540894]","[0.13084328174591064, 0.8691567182540894]",,,,
13812,251,103.0,103,,mlp,,2868,10012,0,0,2868,10012,15,21,0.0,0.0,True,"[0.23219259083271027, 0.7678074240684509]","[0.23219259083271027, 0.7678074240684509]",,,,
13959,252,147.0,147,117.75440216064453,mlp,,2884,10552,0,0,2884,10552,16,23,0.0,0.0,True,"[0.5867890119552612, 0.413210928440094]","[0.5867890119552612, 0.413210928440094]",,,,
14117,253,158.0,158,,mlp,,2884,10552,0,0,2884,10552,16,23,0.0,0.0,True,"[0.892808198928833, 0.10719175636768341]","[0.892808198928833, 0.10719175636768341]",,,,
14171,254,54.0,54,,mlp,,2884,10552,0,0,2884,10552,16,23,0.0,0.0,True,"[0.20604661107063293, 0.7939533591270447]","[0.20604661107063293, 0.7939533591270447]",,,,
14299,255,128.0,128,,mlp,,2884,10552,0,0,2884,10552,16,23,0.0,0.0,True,"[0.5701342821121216, 0.4298657178878784]","[0.5701342821121216, 0.4298657178878784]",,,,
14372,256,73.0,73,85.50312042236328,mlp,,2951,10894,0,0,2951,10894,19,27,0.0,0.0,True,"[0.842626690864563, 0.1573733538389206]","[0.842626690864563, 0.1573733538389206]",,,,
14552,257,180.0,180,,mlp,,2951,10894,0,0,2951,10894,19,27,0.0,0.0,True,"[0.08308299630880356, 0.9169170260429382]","[0.08308299630880356, 0.9169170260429382]",,,,
14745,258,193.0,193,,mlp,,2951,10894,0,0,2951,10894,19,27,0.0,0.0,True,"[0.6047273874282837, 0.3952725827693939]","[0.6047273874282837, 0.3952725827693939]",,,,
14860,259,115.0,115,,mlp,,2951,10894,0,0,2951,10894,19,27,0.0,0.0,True,"[0.8534423112869263, 0.1465577334165573]","[0.8534423112869263, 0.1465577334165573]",,,,
14986,260,126.0,126,111.74723052978516,mlp,,2988,11471,0,0,2988,11471,19,27,0.0,0.0,True,"[0.567264199256897, 0.432735800743103]","[0.567264199256897, 0.432735800743103]",,,,
15125,261,139.0,139,,mlp,,2988,11471,0,0,2988,11471,19,27,0.0,0.0,True,"[0.8401432633399963, 0.15985675156116486]","[0.8401432633399963, 0.15985675156116486]",,,,
15392,262,267.0,267,,mlp,,2988,11471,0,0,2988,11471,19,27,0.0,0.0,True,"[0.2570783495903015, 0.7429216504096985]","[0.2570783495903015, 0.7429216504096985]",,,,
15405,263,13.0,13,,mlp,,2988,11471,0,0,2988,11471,19,27,0.0,0.0,True,"[0.045742835849523544, 0.9542571902275085]","[0.045742835849523544, 0.9542571902275085]",,,,
15522,264,117.0,117,125.72139739990234,mlp,,3010,11984,0,0,3010,11984,20,28,0.0,0.0,True,"[0.8331575989723206, 0.16684244573116302]","[0.8331575989723206, 0.16684244573116302]",,,,
15722,265,200.0,200,,mlp,,3010,11984,0,0,3010,11984,20,28,0.0,0.0,True,"[0.7457455992698669, 0.25425443053245544]","[0.7457455992698669, 0.25425443053245544]",,,,
15765,266,43.0,43,,mlp,,3010,11984,0,0,3010,11984,20,28,0.0,0.0,True,"[0.887985110282898, 0.11201485991477966]","[0.887985110282898, 0.11201485991477966]",,,,
15928,267,163.0,163,,mlp,,3010,11984,0,0,3010,11984,20,28,0.0,0.0,True,"[0.9137415289878845, 0.08625839650630951]","[0.9137415289878845, 0.08625839650630951]",,,,
16119,268,191.0,191,123.15947723388672,mlp,,3040,12550,0,0,3040,12550,21,29,0.0,0.0,True,"[0.33159521222114563, 0.668404757976532]","[0.33159521222114563, 0.668404757976532]",,,,
16162,269,43.0,43,,mlp,,3040,12550,0,0,3040,12550,21,29,0.0,0.0,True,"[0.1345582753419876, 0.8654417395591736]","[0.1345582753419876, 0.8654417395591736]",,,,
16372,270,210.0,210,,mlp,,3040,12550,0,0,3040,12550,21,29,0.0,0.0,True,"[0.14941298961639404, 0.850587010383606]","[0.14941298961639404, 0.850587010383606]",,,,
16452,271,80.0,80,,mlp,,3040,12550,0,0,3040,12550,21,29,0.0,0.0,True,"[0.9075708985328674, 0.09242913126945496]","[0.9075708985328674, 0.09242913126945496]",,,,
16512,272,60.0,60,94.0846176147461,mlp,,3075,12901,0,0,3075,12901,27,36,0.0,0.0,True,"[0.828530490398407, 0.17146949470043182]","[0.828530490398407, 0.17146949470043182]",,,,
16684,273,172.0,172,,mlp,,3075,12901,0,0,3075,12901,27,36,0.0,0.0,True,"[0.17870168387889862, 0.8212983012199402]","[0.17870168387889862, 0.8212983012199402]",,,,
16745,274,61.0,61,,mlp,,3075,12901,0,0,3075,12901,27,36,0.0,0.0,True,"[0.8118337988853455, 0.18816617131233215]","[0.8118337988853455, 0.18816617131233215]",,,,
16758,275,13.0,13,,mlp,,3075,12901,0,0,3075,12901,27,36,0.0,0.0,True,"[0.11503440141677856, 0.8849655389785767]","[0.11503440141677856, 0.8849655389785767]",,,,
16874,276,116.0,116,96.99922180175781,mlp,,3094,13244,0,0,3094,13244,27,36,0.0,0.0,True,"[0.7859224081039429, 0.21407759189605713]","[0.7859224081039429, 0.21407759189605713]",,,,
17018,277,144.0,144,,mlp,,3094,13244,0,0,3094,13244,27,36,0.0,0.0,True,"[0.9445509314537048, 0.05544901639223099]","[0.9445509314537048, 0.05544901639223099]",,,,
17192,278,174.0,174,,mlp,,3094,13244,0,0,3094,13244,27,36,0.0,0.0,True,"[0.18519289791584015, 0.814807116985321]","[0.18519289791584015, 0.814807116985321]",,,,
17275,279,83.0,83,,mlp,,3094,13244,0,0,3094,13244,27,36,0.0,0.0,True,"[0.1462136209011078, 0.8537863492965698]","[0.1462136209011078, 0.8537863492965698]",,,,
17530,280,255.0,255,122.94192504882812,mlp,,3136,13858,0,0,3136,13858,27,36,0.0,0.0,True,"[0.24120672047138214, 0.7587932348251343]","[0.24120672047138214, 0.7587932348251343]",,,,
17675,281,145.0,145,,mlp,,3136,13858,0,0,3136,13858,27,36,0.0,0.0,True,"[0.8165404796600342, 0.18345949053764343]","[0.8165404796600342, 0.18345949053764343]",,,,
17784,282,109.0,109,,mlp,,3136,13858,0,0,3136,13858,27,36,0.0,0.0,True,"[0.8505999445915222, 0.14940011501312256]","[0.8505999445915222, 0.14940011501312256]",,,,
17947,283,163.0,163,,mlp,,3136,13858,0,0,3136,13858,27,36,0.0,0.0,True,"[0.08501936495304108, 0.9149805903434753]","[0.08501936495304108, 0.9149805903434753]",,,,
18013,284,66.0,66,124.51025390625,mlp,,3155,14322,0,0,3155,14322,27,36,0.0,0.0,True,"[0.8765049576759338, 0.12349501252174377]","[0.8765049576759338, 0.12349501252174377]",,,,
18210,285,197.0,197,,mlp,,3155,14322,0,0,3155,14322,27,36,0.0,0.0,True,"[0.4773135781288147, 0.5226864218711853]","[0.4773135781288147, 0.5226864218711853]",,,,
18370,286,160.0,160,,mlp,,3155,14322,0,0,3155,14322,27,36,0.0,0.0,True,"[0.1929580718278885, 0.8070418834686279]","[0.1929580718278885, 0.8070418834686279]",,,,
18617,287,247.0,247,,mlp,,3155,14322,0,0,3155,14322,27,36,0.0,0.0,True,"[0.23590797185897827, 0.7640920281410217]","[0.23590797185897827, 0.7640920281410217]",,,,
18688,288,71.0,71,108.80011749267578,mlp,,3185,14962,0,0,3185,14962,32,41,0.0,0.0,True,"[0.7376724481582642, 0.26232755184173584]","[0.7376724481582642, 0.26232755184173584]",,,,
18855,289,167.0,167,,mlp,,3185,14962,0,0,3185,14962,32,41,0.0,0.0,True,"[0.7970260381698608, 0.20297402143478394]","[0.7970260381698608, 0.20297402143478394]",,,,
18963,290,108.0,108,,mlp,,3185,14962,0,0,3185,14962,32,41,0.0,0.0,True,"[0.6350764036178589, 0.3649235963821411]","[0.6350764036178589, 0.3649235963821411]",,,,
19103,291,140.0,140,,mlp,,3185,14962,0,0,3185,14962,32,41,0.0,0.0,True,"[0.7043907642364502, 0.2956092059612274]","[0.7043907642364502, 0.2956092059612274]",,,,
19146,292,43.0,43,95.42353820800781,mlp,,3214,15388,0,0,3214,15388,35,44,0.0,0.0,True,"[0.8534786701202393, 0.14652135968208313]","[0.8534786701202393, 0.14652135968208313]",,,,
19264,293,118.0,118,,mlp,,3214,15388,0,0,3214,15388,35,44,0.0,0.0,True,"[0.12526333332061768, 0.8747366070747375]","[0.12526333332061768, 0.8747366070747375]",,,,
19477,294,213.0,213,,mlp,,3214,15388,0,0,3214,15388,35,44,0.0,0.0,True,"[0.11700659990310669, 0.8829934000968933]","[0.11700659990310669, 0.8829934000968933]",,,,
19617,295,140.0,140,,mlp,,3214,15388,0,0,3214,15388,35,44,0.0,0.0,True,"[0.3059585988521576, 0.6940414309501648]","[0.3059585988521576, 0.6940414309501648]",,,,
19695,296,78.0,78,117.5119857788086,mlp,,3252,15899,0,0,3252,15899,35,44,0.0,0.0,True,"[0.06828275322914124, 0.9317172169685364]","[0.06828275322914124, 0.9317172169685364]",,,,
19893,297,198.0,198,,mlp,,3252,15899,0,0,3252,15899,35,44,0.0,0.0,True,"[0.042420368641614914, 0.9575796127319336]","[0.042420368641614914, 0.9575796127319336]",,,,
19944,298,51.0,51,,mlp,,3252,15899,0,0,3252,15899,35,44,0.0,0.0,True,"[0.09847640991210938, 0.9015235304832458]","[0.09847640991210938, 0.9015235304832458]",,,,
20095,299,151.0,151,,mlp,,3252,15899,0,0,3252,15899,35,44,0.0,0.0,True,"[0.13236944377422333, 0.8676305413246155]","[0.13236944377422333, 0.8676305413246155]",,,,
20272,300,177.0,177,114.28016662597656,mlp,,3300,16419,0,0,3300,16419,41,53,0.0,0.0,True,"[0.18580639362335205, 0.814193606376648]","[0.18580639362335205, 0.814193606376648]",,,,
20349,301,77.0,77,,mlp,,3300,16419,0,0,3300,16419,41,53,0.0,0.0,True,"[0.09122927486896515, 0.908770740032196]","[0.09122927486896515, 0.908770740032196]",,,,
20402,302,53.0,53,,mlp,,3300,16419,0,0,3300,16419,41,53,0.0,0.0,True,"[0.8987396955490112, 0.10126034915447235]","[0.8987396955490112, 0.10126034915447235]",,,,
20512,303,110.0,110,,mlp,,3300,16419,0,0,3300,16419,41,53,0.0,0.0,True,"[0.4515378177165985, 0.5484622120857239]","[0.4515378177165985, 0.5484622120857239]",,,,
20551,304,39.0,39,96.13433837890625,mlp,,3319,16669,0,0,3319,16669,48,63,0.0,0.0,True,"[0.0936974361538887, 0.9063025712966919]","[0.0936974361538887, 0.9063025712966919]",,,,
20727,305,176.0,176,,mlp,,3319,16669,0,0,3319,16669,48,63,0.0,0.0,True,"[0.3957291841506958, 0.6042708158493042]","[0.3957291841506958, 0.6042708158493042]",,,,
20974,306,247.0,247,,mlp,,3319,16669,0,0,3319,16669,48,63,0.0,0.0,True,"[0.05033222585916519, 0.949667751789093]","[0.05033222585916519, 0.949667751789093]",,,,
21084,307,110.0,110,,mlp,,3319,16669,0,0,3319,16669,48,63,0.0,0.0,True,"[0.08196443319320679, 0.9180355668067932]","[0.08196443319320679, 0.9180355668067932]",,,,
21243,308,159.0,159,84.1301040649414,mlp,,3369,17297,0,0,3369,17297,56,77,0.0,0.0,True,"[0.3240678012371063, 0.6759322285652161]","[0.3240678012371063, 0.6759322285652161]",,,,
21388,309,145.0,145,,mlp,,3369,17297,0,0,3369,17297,56,77,0.0,0.0,True,"[0.5207282304763794, 0.479271799325943]","[0.5207282304763794, 0.479271799325943]",,,,
21512,310,124.0,124,,mlp,,3369,17297,0,0,3369,17297,56,77,0.0,0.0,True,"[0.5740655660629272, 0.42593440413475037]","[0.5740655660629272, 0.42593440413475037]",,,,
21582,311,70.0,70,,mlp,,3369,17297,0,0,3369,17297,56,77,0.0,0.0,True,"[0.8131701350212097, 0.1868298202753067]","[0.8131701350212097, 0.1868298202753067]",,,,
21771,312,189.0,189,79.93138885498047,mlp,,3392,17801,0,0,3392,17801,57,78,0.0,0.0,True,"[0.5086034536361694, 0.49139660596847534]","[0.5086034536361694, 0.49139660596847534]",,,,
21800,313,29.0,29,,mlp,,3392,17801,0,0,3392,17801,57,78,0.0,0.0,True,"[0.7869585752487183, 0.21304139494895935]","[0.7869585752487183, 0.21304139494895935]",,,,
22046,314,246.0,246,,mlp,,3392,17801,0,0,3392,17801,57,78,0.0,0.0,True,"[0.7245956659317017, 0.27540433406829834]","[0.7245956659317017, 0.27540433406829834]",,,,
22181,315,135.0,135,,mlp,,3392,17801,0,0,3392,17801,57,78,0.0,0.0,True,"[0.3599476218223572, 0.640052318572998]","[0.3599476218223572, 0.640052318572998]",,,,
22236,316,55.0,55,123.92496490478516,mlp,,3410,18240,0,0,3410,18240,63,86,0.0,0.0,True,"[0.17814947664737701, 0.8218505382537842]","[0.17814947664737701, 0.8218505382537842]",,,,
22335,317,99.0,99,,mlp,,3410,18240,0,0,3410,18240,63,86,0.0,0.0,True,"[0.1690288484096527, 0.8309711217880249]","[0.1690288484096527, 0.8309711217880249]",,,,
22459,318,124.0,124,,mlp,,3410,18240,0,0,3410,18240,63,86,0.0,0.0,True,"[0.47464418411254883, 0.525355875492096]","[0.47464418411254883, 0.525355875492096]",,,,
22583,319,124.0,124,,mlp,,3410,18240,0,0,3410,18240,63,86,0.0,0.0,True,"[0.11644111573696136, 0.8835588693618774]","[0.11644111573696136, 0.8835588693618774]",,,,
22758,320,175.0,175,90.17855072021484,mlp,,3450,18719,0,0,3450,18719,65,89,0.0,0.0,True,"[0.8682025671005249, 0.13179747760295868]","[0.8682025671005249, 0.13179747760295868]",,,,
22912,321,154.0,154,,mlp,,3450,18719,0,0,3450,18719,65,89,0.0,0.0,True,"[0.15223219990730286, 0.8477677702903748]","[0.15223219990730286, 0.8477677702903748]",,,,
23044,322,132.0,132,,mlp,,3450,18719,0,0,3450,18719,65,89,0.0,0.0,True,"[0.4085385501384735, 0.5914614796638489]","[0.4085385501384735, 0.5914614796638489]",,,,
23203,323,159.0,159,,mlp,,3450,18719,0,0,3450,18719,65,89,0.0,0.0,True,"[0.814516544342041, 0.1854834407567978]","[0.814516544342041, 0.1854834407567978]",,,,
23389,324,186.0,186,79.19633483886719,mlp,,3493,19299,0,0,3493,19299,71,97,0.0,0.0,True,"[0.2817798852920532, 0.718220055103302]","[0.2817798852920532, 0.718220055103302]",,,,
23458,325,69.0,69,,mlp,,3493,19299,0,0,3493,19299,71,97,0.0,0.0,True,"[0.8630034923553467, 0.13699647784233093]","[0.8630034923553467, 0.13699647784233093]",,,,
23590,326,132.0,132,,mlp,,3493,19299,0,0,3493,19299,71,97,0.0,0.0,True,"[0.7213202118873596, 0.278679758310318]","[0.7213202118873596, 0.278679758310318]",,,,
23773,327,183.0,183,,mlp,,3493,19299,0,0,3493,19299,71,97,0.0,0.0,True,"[0.32109642028808594, 0.6789035201072693]","[0.32109642028808594, 0.6789035201072693]",,,,
23967,328,194.0,194,78.74170684814453,mlp,,3533,19823,0,0,3533,19823,82,111,0.0,0.0,True,"[0.699771523475647, 0.3002285063266754]","[0.699771523475647, 0.3002285063266754]",,,,
24144,329,177.0,177,,mlp,,3533,19823,0,0,3533,19823,82,111,0.0,0.0,True,"[0.7625963687896729, 0.23740366101264954]","[0.7625963687896729, 0.23740366101264954]",,,,
24408,330,264.0,264,,mlp,,3533,19823,0,0,3533,19823,82,111,0.0,0.0,True,"[0.7544914484024048, 0.24550850689411163]","[0.7544914484024048, 0.24550850689411163]",,,,
24779,331,371.0,371,,mlp,,3533,19823,0,0,3533,19823,82,111,0.0,0.0,True,"[0.2152913212776184, 0.7847086787223816]","[0.2152913212776184, 0.7847086787223816]",,,,
24916,332,137.0,137,95.90414428710938,mlp,,3573,20732,0,0,3573,20732,82,111,0.0,0.0,True,"[0.1721401810646057, 0.8278598785400391]","[0.1721401810646057, 0.8278598785400391]",,,,
25122,333,206.0,206,,mlp,,3573,20732,0,0,3573,20732,82,111,0.0,0.0,True,"[0.39787375926971436, 0.6021261811256409]","[0.39787375926971436, 0.6021261811256409]",,,,
25164,334,42.0,42,,mlp,,3573,20732,0,0,3573,20732,82,111,0.0,0.0,True,"[0.9043802618980408, 0.09561975300312042]","[0.9043802618980408, 0.09561975300312042]",,,,
25256,335,92.0,92,,mlp,,3573,20732,0,0,3573,20732,82,111,0.0,0.0,True,"[0.059440966695547104, 0.9405590295791626]","[0.059440966695547104, 0.9405590295791626]",,,,
25428,336,172.0,172,106.51521301269531,mlp,,3617,21196,0,0,3617,21196,86,115,0.0,0.0,True,"[0.6530502438545227, 0.3469497859477997]","[0.6530502438545227, 0.3469497859477997]",,,,
25621,337,193.0,193,,mlp,,3617,21196,0,0,3617,21196,86,115,0.0,0.0,True,"[0.7202017903327942, 0.27979815006256104]","[0.7202017903327942, 0.27979815006256104]",,,,
25669,338,48.0,48,,mlp,,3617,21196,0,0,3617,21196,86,115,0.0,0.0,True,"[0.8640135526657104, 0.13598649203777313]","[0.8640135526657104, 0.13598649203777313]",,,,
25843,339,174.0,174,,mlp,,3617,21196,0,0,3617,21196,86,115,0.0,0.0,True,"[0.11497583240270615, 0.8850241899490356]","[0.11497583240270615, 0.8850241899490356]",,,,
25927,340,84.0,84,101.76870727539062,mlp,,3637,21672,0,0,3637,21672,89,118,0.0,0.0,True,"[0.04855179414153099, 0.9514482617378235]","[0.04855179414153099, 0.9514482617378235]",,,,
26238,341,311.0,311,,mlp,,3637,21672,0,0,3637,21672,89,118,0.0,0.0,True,"[0.6351642608642578, 0.3648357689380646]","[0.6351642608642578, 0.3648357689380646]",,,,
26473,342,235.0,235,,mlp,,3637,21672,0,0,3637,21672,89,118,0.0,0.0,True,"[0.9117727279663086, 0.0882273018360138]","[0.9117727279663086, 0.0882273018360138]",,,,
26544,343,71.0,71,,mlp,,3637,21672,0,0,3637,21672,89,118,0.0,0.0,True,"[0.9103227853775024, 0.08967727422714233]","[0.9103227853775024, 0.08967727422714233]",,,,
26648,344,104.0,104,96.64441680908203,mlp,,3687,22330,0,0,3687,22330,97,131,0.0,0.0,True,"[0.285898357629776, 0.7141016721725464]","[0.285898357629776, 0.7141016721725464]",,,,
26759,345,111.0,111,,mlp,,3687,22330,0,0,3687,22330,97,131,0.0,0.0,True,"[0.9278223514556885, 0.07217767089605331]","[0.9278223514556885, 0.07217767089605331]",,,,
26917,346,158.0,158,,mlp,,3687,22330,0,0,3687,22330,97,131,0.0,0.0,True,"[0.8629773855209351, 0.13702265918254852]","[0.8629773855209351, 0.13702265918254852]",,,,
27105,347,188.0,188,,mlp,,3687,22330,0,0,3687,22330,97,131,0.0,0.0,True,"[0.5690141320228577, 0.4309858977794647]","[0.5690141320228577, 0.4309858977794647]",,,,
27393,348,288.0,288,95.29325103759766,mlp,,3716,23028,0,0,3716,23028,104,149,0.0,0.0,True,"[0.846143901348114, 0.1538560837507248]","[0.846143901348114, 0.1538560837507248]",,,,
27574,349,181.0,181,,mlp,,3716,23028,0,0,3716,23028,104,149,0.0,0.0,True,"[0.5033016204833984, 0.4966983497142792]","[0.5033016204833984, 0.4966983497142792]",,,,
27754,350,180.0,180,,mlp,,3716,23028,0,0,3716,23028,104,149,0.0,0.0,True,"[0.22164767980575562, 0.7783523201942444]","[0.22164767980575562, 0.7783523201942444]",,,,
27969,351,215.0,215,,mlp,,3716,23028,0,0,3716,23028,104,149,0.0,0.0,True,"[0.7104801535606384, 0.2895198464393616]","[0.7104801535606384, 0.2895198464393616]",,,,
28098,352,129.0,129,95.77442932128906,mlp,,3744,23690,0,0,3744,23690,112,164,0.0,0.0,True,"[0.891497790813446, 0.10850222408771515]","[0.891497790813446, 0.10850222408771515]",,,,
28421,353,323.0,323,,mlp,,3744,23690,0,0,3744,23690,112,164,0.0,0.0,True,"[0.7157192230224609, 0.2842807471752167]","[0.7157192230224609, 0.2842807471752167]",,,,
28778,354,357.0,357,,mlp,,3744,23690,0,0,3744,23690,112,164,0.0,0.0,True,"[0.3425062894821167, 0.6574936509132385]","[0.3425062894821167, 0.6574936509132385]",,,,
29104,355,326.0,326,,mlp,,3744,23690,0,0,3744,23690,112,164,0.0,0.0,True,"[0.8760884404182434, 0.12391160428524017]","[0.8760884404182434, 0.12391160428524017]",,,,
29282,356,178.0,178,106.9757308959961,mlp,,3784,24817,0,0,3784,24817,123,181,0.0,0.0,True,"[0.7758703827857971, 0.22412967681884766]","[0.7758703827857971, 0.22412967681884766]",,,,
29549,357,267.0,267,,mlp,,3784,24817,0,0,3784,24817,123,181,0.0,0.0,True,"[0.22686733305454254, 0.7731326818466187]","[0.22686733305454254, 0.7731326818466187]",,,,
29676,358,127.0,127,,mlp,,3784,24817,0,0,3784,24817,123,181,0.0,0.0,True,"[0.9187886118888855, 0.08121135085821152]","[0.9187886118888855, 0.08121135085821152]",,,,
29818,359,142.0,142,,mlp,,3784,24817,0,0,3784,24817,123,181,0.0,0.0,True,"[0.8540861010551453, 0.14591388404369354]","[0.8540861010551453, 0.14591388404369354]",,,,
29955,360,137.0,137,70.69474029541016,mlp,,3823,25420,0,0,3823,25420,135,212,0.0,0.0,True,"[0.6159833669662476, 0.38401663303375244]","[0.6159833669662476, 0.38401663303375244]",,,,
30191,361,236.0,236,,mlp,,3823,25420,0,0,3823,25420,135,212,0.0,0.0,True,"[0.2505861520767212, 0.7494138479232788]","[0.2505861520767212, 0.7494138479232788]",,,,
30294,362,103.0,103,,mlp,,3823,25420,0,0,3823,25420,135,212,0.0,0.0,True,"[0.1446499526500702, 0.8553500771522522]","[0.1446499526500702, 0.8553500771522522]",,,,
30452,363,158.0,158,,mlp,,3823,25420,0,0,3823,25420,135,212,0.0,0.0,True,"[0.39195093512535095, 0.6080490350723267]","[0.39195093512535095, 0.6080490350723267]",,,,
30569,364,117.0,117,65.12505340576172,mlp,,3874,25971,0,0,3874,25971,141,224,0.0,0.0,True,"[0.7522640824317932, 0.24773593246936798]","[0.7522640824317932, 0.24773593246936798]",,,,
30773,365,204.0,204,,mlp,,3874,25971,0,0,3874,25971,141,224,0.0,0.0,True,"[0.9720840454101562, 0.02791598252952099]","[0.9720840454101562, 0.02791598252952099]",,,,
30909,366,136.0,136,,mlp,,3874,25971,0,0,3874,25971,141,224,0.0,0.0,True,"[0.5952204465866089, 0.4047796130180359]","[0.5952204465866089, 0.4047796130180359]",,,,
31034,367,125.0,125,,mlp,,3874,25971,0,0,3874,25971,141,224,0.0,0.0,True,"[0.7957099080085754, 0.2042900174856186]","[0.7957099080085754, 0.2042900174856186]",,,,
31119,368,85.0,85,68.99685668945312,mlp,,3908,26470,0,0,3908,26470,148,241,0.0,0.0,True,"[0.9373180866241455, 0.0626818910241127]","[0.9373180866241455, 0.0626818910241127]",,,,
31339,369,220.0,220,,mlp,,3908,26470,0,0,3908,26470,148,241,0.0,0.0,True,"[0.9382436871528625, 0.06175629794597626]","[0.9382436871528625, 0.06175629794597626]",,,,
31588,370,249.0,249,,mlp,,3908,26470,0,0,3908,26470,148,241,0.0,0.0,True,"[0.375142365694046, 0.6248576045036316]","[0.375142365694046, 0.6248576045036316]",,,,
31786,371,198.0,198,,mlp,,3908,26470,0,0,3908,26470,148,241,0.0,0.0,True,"[0.9274113178253174, 0.07258865237236023]","[0.9274113178253174, 0.07258865237236023]",,,,
32047,372,261.0,261,80.53404235839844,mlp,,3933,27349,0,0,3933,27349,159,265,0.0,0.0,True,"[0.200049489736557, 0.7999504804611206]","[0.200049489736557, 0.7999504804611206]",,,,
32315,373,268.0,268,,mlp,,3933,27349,0,0,3933,27349,159,265,0.0,0.0,True,"[0.887194812297821, 0.11280519515275955]","[0.887194812297821, 0.11280519515275955]",,,,
32482,374,167.0,167,,mlp,,3933,27349,0,0,3933,27349,159,265,0.0,0.0,True,"[0.3328401744365692, 0.6671598553657532]","[0.3328401744365692, 0.6671598553657532]",,,,
32718,375,236.0,236,,mlp,,3933,27349,0,0,3933,27349,159,265,0.0,0.0,True,"[0.5515968203544617, 0.4484032094478607]","[0.5515968203544617, 0.4484032094478607]",,,,
32962,376,244.0,244,85.50483703613281,mlp,,3971,28206,0,0,3971,28206,169,285,0.0,0.0,True,"[0.905569314956665, 0.09443067014217377]","[0.905569314956665, 0.09443067014217377]",,,,
33058,377,96.0,96,,mlp,,3971,28206,0,0,3971,28206,169,285,0.0,0.0,True,"[0.054262515157461166, 0.9457374811172485]","[0.054262515157461166, 0.9457374811172485]",,,,
33323,378,265.0,265,,mlp,,3971,28206,0,0,3971,28206,169,285,0.0,0.0,True,"[0.9102804064750671, 0.08971956372261047]","[0.9102804064750671, 0.08971956372261047]",,,,
33545,379,222.0,222,,mlp,,3971,28206,0,0,3971,28206,169,285,0.0,0.0,True,"[0.9162571430206299, 0.08374285697937012]","[0.9162571430206299, 0.08374285697937012]",,,,
33867,380,322.0,322,106.94930267333984,mlp,,4896,28206,0,0,4896,28206,176,301,0.0,0.0,True,"[0.059682391583919525, 0.9403175711631775]","[0.059682391583919525, 0.9403175711631775]",,,,
34238,381,371.0,371,,mlp,,4896,28206,0,0,4896,28206,176,301,0.0,0.0,True,"[0.10189974308013916, 0.8981001973152161]","[0.10189974308013916, 0.8981001973152161]",,,,
34531,382,293.0,293,,mlp,,4896,28206,0,0,4896,28206,176,301,0.0,0.0,True,"[0.49474504590034485, 0.5052549242973328]","[0.49474504590034485, 0.5052549242973328]",,,,
34678,383,147.0,147,,mlp,,4896,28206,0,0,4896,28206,176,301,0.0,0.0,True,"[0.34974363446235657, 0.650256335735321]","[0.34974363446235657, 0.650256335735321]",,,,
34867,384,189.0,189,80.21803283691406,mlp,,4918,29136,0,0,4918,29136,181,313,0.0,0.0,True,"[0.731546938419342, 0.26845309138298035]","[0.731546938419342, 0.26845309138298035]",,,,
35178,385,311.0,311,,mlp,,4918,29136,0,0,4918,29136,181,313,0.0,0.0,True,"[0.87661212682724, 0.12338785082101822]","[0.87661212682724, 0.12338785082101822]",,,,
35355,386,177.0,177,,mlp,,4918,29136,0,0,4918,29136,181,313,0.0,0.0,True,"[0.5918759703636169, 0.40812402963638306]","[0.5918759703636169, 0.40812402963638306]",,,,
35408,387,53.0,53,,mlp,,4918,29136,0,0,4918,29136,181,313,0.0,0.0,True,"[0.096629299223423, 0.9033706784248352]","[0.096629299223423, 0.9033706784248352]",,,,
35685,388,277.0,277,92.37152862548828,mlp,,4940,29892,0,0,4940,29892,190,353,0.0,0.0,True,"[0.9598194360733032, 0.04018057882785797]","[0.9598194360733032, 0.04018057882785797]",,,,
35904,389,219.0,219,,mlp,,4940,29892,0,0,4940,29892,190,353,0.0,0.0,True,"[0.8641951084136963, 0.13580487668514252]","[0.8641951084136963, 0.13580487668514252]",,,,
36117,390,213.0,213,,mlp,,4940,29892,0,0,4940,29892,190,353,0.0,0.0,True,"[0.3846399188041687, 0.6153600811958313]","[0.3846399188041687, 0.6153600811958313]",,,,
36454,391,337.0,337,,mlp,,4940,29892,0,0,4940,29892,190,353,0.0,0.0,True,"[0.49051424860954285, 0.5094857215881348]","[0.49051424860954285, 0.5094857215881348]",,,,
36729,392,275.0,275,66.47205352783203,mlp,,4982,30878,0,0,4982,30878,199,369,0.0,0.0,True,"[0.4057852327823639, 0.5942147374153137]","[0.4057852327823639, 0.5942147374153137]",,,,
36977,393,248.0,248,,mlp,,4982,30878,0,0,4982,30878,199,369,0.0,0.0,True,"[0.1989779770374298, 0.8010220527648926]","[0.1989779770374298, 0.8010220527648926]",,,,
37144,394,167.0,167,,mlp,,4982,30878,0,0,4982,30878,199,369,0.0,0.0,True,"[0.1371871680021286, 0.8628128170967102]","[0.1371871680021286, 0.8628128170967102]",,,,
37266,395,122.0,122,,mlp,,4982,30878,0,0,4982,30878,199,369,0.0,0.0,True,"[0.31101661920547485, 0.6889833807945251]","[0.31101661920547485, 0.6889833807945251]",,,,
37343,396,77.0,77,93.02371978759766,mlp,,5022,31445,0,0,5022,31445,206,376,0.0,0.0,True,"[0.8905236124992371, 0.10947640985250473]","[0.8905236124992371, 0.10947640985250473]",,,,
37843,397,500.0,500,,mlp,,5022,31445,0,0,5022,31445,206,376,0.0,0.0,True,"[0.4380730390548706, 0.5619270205497742]","[0.4380730390548706, 0.5619270205497742]",,,,
38078,398,235.0,235,,mlp,,5022,31445,0,0,5022,31445,206,376,0.0,0.0,True,"[0.7636498212814331, 0.2363501787185669]","[0.7636498212814331, 0.2363501787185669]",,,,
38357,399,279.0,279,,mlp,,5022,31445,0,0,5022,31445,206,376,0.0,0.0,True,"[0.37667086720466614, 0.6233291625976562]","[0.37667086720466614, 0.6233291625976562]",,,,
38616,400,259.0,259,72.63851165771484,mlp,,5078,32593,0,0,5078,32593,226,445,0.0,0.0,True,"[0.045656897127628326, 0.9543430805206299]","[0.045656897127628326, 0.9543430805206299]",,,,
38695,401,79.0,79,,mlp,,5078,32593,0,0,5078,32593,226,445,0.0,0.0,True,"[0.6267361044883728, 0.373263955116272]","[0.6267361044883728, 0.373263955116272]",,,,
38844,402,149.0,149,,mlp,,5078,32593,0,0,5078,32593,226,445,0.0,0.0,True,"[0.10395077615976334, 0.8960491418838501]","[0.10395077615976334, 0.8960491418838501]",,,,
39194,403,350.0,350,,mlp,,5078,32593,0,0,5078,32593,226,445,0.0,0.0,True,"[0.4769958257675171, 0.5230041742324829]","[0.4769958257675171, 0.5230041742324829]",,,,
39330,404,136.0,136,97.26557159423828,mlp,,5113,33235,0,0,5113,33235,238,482,0.0,0.0,True,"[0.8605544567108154, 0.13944558799266815]","[0.8605544567108154, 0.13944558799266815]",,,,
39621,405,291.0,291,,mlp,,5113,33235,0,0,5113,33235,238,482,0.0,0.0,True,"[0.7151599526405334, 0.28484004735946655]","[0.7151599526405334, 0.28484004735946655]",,,,
39945,406,324.0,324,,mlp,,5113,33235,0,0,5113,33235,238,482,0.0,0.0,True,"[0.2810642719268799, 0.7189357280731201]","[0.2810642719268799, 0.7189357280731201]",,,,
40105,407,160.0,160,,mlp,,5113,33235,0,0,5113,33235,238,482,0.0,0.0,True,"[0.18682153522968292, 0.8131784200668335]","[0.18682153522968292, 0.8131784200668335]",,,,
40563,408,458.0,458,65.01834106445312,mlp,,5146,34408,0,0,5146,34408,253,509,0.0,0.0,True,"[0.2773309051990509, 0.7226691246032715]","[0.2773309051990509, 0.7226691246032715]",,,,
40852,409,289.0,289,,mlp,,5146,34408,0,0,5146,34408,253,509,0.0,0.0,True,"[0.8894748687744141, 0.11052513867616653]","[0.8894748687744141, 0.11052513867616653]",,,,
41132,410,280.0,280,,mlp,,5146,34408,0,0,5146,34408,253,509,0.0,0.0,True,"[0.10227195918560028, 0.8977280855178833]","[0.10227195918560028, 0.8977280855178833]",,,,
41270,411,138.0,138,,mlp,,5146,34408,0,0,5146,34408,253,509,0.0,0.0,True,"[0.8658564686775208, 0.13414354622364044]","[0.8658564686775208, 0.13414354622364044]",,,,
41598,412,328.0,328,60.854820251464844,mlp,,5181,35390,0,0,5181,35390,266,527,0.0,0.0,True,"[0.8821114301681519, 0.11788856983184814]","[0.8821114301681519, 0.11788856983184814]",,,,
41881,413,283.0,283,,mlp,,5181,35390,0,0,5181,35390,266,527,0.0,0.0,True,"[0.15316417813301086, 0.8468357920646667]","[0.15316417813301086, 0.8468357920646667]",,,,
42148,414,267.0,267,,mlp,,5181,35390,0,0,5181,35390,266,527,0.0,0.0,True,"[0.2632206082344055, 0.7367794513702393]","[0.2632206082344055, 0.7367794513702393]",,,,
42247,415,99.0,99,,mlp,,5181,35390,0,0,5181,35390,266,527,0.0,0.0,True,"[0.9094293117523193, 0.09057062864303589]","[0.9094293117523193, 0.09057062864303589]",,,,
42434,416,187.0,187,66.48159790039062,mlp,,5217,36153,0,0,5217,36153,282,564,0.0,0.0,True,"[0.8957535028457642, 0.10424652695655823]","[0.8957535028457642, 0.10424652695655823]",,,,
42658,417,224.0,224,,mlp,,5217,36153,0,0,5217,36153,282,564,0.0,0.0,True,"[0.939160943031311, 0.06083910912275314]","[0.939160943031311, 0.06083910912275314]",,,,
42813,418,155.0,155,,mlp,,5217,36153,0,0,5217,36153,282,564,0.0,0.0,True,"[0.4229554831981659, 0.5770444869995117]","[0.4229554831981659, 0.5770444869995117]",,,,
42968,419,155.0,155,,mlp,,5217,36153,0,0,5217,36153,282,564,0.0,0.0,True,"[0.9700969457626343, 0.029902981594204903]","[0.9700969457626343, 0.029902981594204903]",,,,
43260,420,292.0,292,89.23193359375,mlp,,5251,36896,0,0,5251,36896,305,613,0.0,0.0,True,"[0.215007483959198, 0.784992516040802]","[0.215007483959198, 0.784992516040802]",,,,
43433,421,173.0,173,,mlp,,5251,36896,0,0,5251,36896,305,613,0.0,0.0,True,"[0.5917602777481079, 0.4082397520542145]","[0.5917602777481079, 0.4082397520542145]",,,,
43721,422,288.0,288,,mlp,,5251,36896,0,0,5251,36896,305,613,0.0,0.0,True,"[0.5098700523376465, 0.4901299476623535]","[0.5098700523376465, 0.4901299476623535]",,,,
44002,423,281.0,281,,mlp,,5251,36896,0,0,5251,36896,305,613,0.0,0.0,True,"[0.44379234313964844, 0.5562076568603516]","[0.44379234313964844, 0.5562076568603516]",,,,
44028,424,26.0,26,98.78413391113281,mlp,,5286,37611,0,0,5286,37611,317,631,0.0,0.0,True,"[0.05080574005842209, 0.9491943120956421]","[0.05080574005842209, 0.9491943120956421]",,,,
44196,425,168.0,168,,mlp,,5286,37611,0,0,5286,37611,317,631,0.0,0.0,True,"[0.6287947297096252, 0.37120532989501953]","[0.6287947297096252, 0.37120532989501953]",,,,
44465,426,269.0,269,,mlp,,5286,37611,0,0,5286,37611,317,631,0.0,0.0,True,"[0.7649989128112793, 0.2350011169910431]","[0.7649989128112793, 0.2350011169910431]",,,,
44534,427,69.0,69,,mlp,,5286,37611,0,0,5286,37611,317,631,0.0,0.0,True,"[0.060544516891241074, 0.9394554495811462]","[0.060544516891241074, 0.9394554495811462]",,,,
44760,428,226.0,226,93.7984619140625,mlp,,5315,38243,0,0,5315,38243,334,702,0.0,0.0,True,"[0.11223478615283966, 0.8877652287483215]","[0.11223478615283966, 0.8877652287483215]",,,,
44949,429,189.0,189,,mlp,,5315,38243,0,0,5315,38243,334,702,0.0,0.0,True,"[0.7283555269241333, 0.2716445028781891]","[0.7283555269241333, 0.2716445028781891]",,,,
45183,430,234.0,234,,mlp,,5315,38243,0,0,5315,38243,334,702,0.0,0.0,True,"[0.5204289555549622, 0.47957104444503784]","[0.5204289555549622, 0.47957104444503784]",,,,
45271,431,88.0,88,,mlp,,5315,38243,0,0,5315,38243,334,702,0.0,0.0,True,"[0.8884779214859009, 0.11152208596467972]","[0.8884779214859009, 0.11152208596467972]",,,,
45433,432,162.0,162,63.368385314941406,mlp,,5357,38850,0,0,5357,38850,346,726,0.0,0.0,True,"[0.5053778290748596, 0.494622141122818]","[0.5053778290748596, 0.494622141122818]",,,,
45560,433,127.0,127,,mlp,,5357,38850,0,0,5357,38850,346,726,0.0,0.0,True,"[0.048259250819683075, 0.9517408013343811]","[0.048259250819683075, 0.9517408013343811]",,,,
45722,434,162.0,162,,mlp,,5357,38850,0,0,5357,38850,346,726,0.0,0.0,True,"[0.4063436985015869, 0.5936563014984131]","[0.4063436985015869, 0.5936563014984131]",,,,
45951,435,229.0,229,,mlp,,5357,38850,0,0,5357,38850,346,726,0.0,0.0,True,"[0.6610143780708313, 0.3389855921268463]","[0.6610143780708313, 0.3389855921268463]",,,,
46124,436,173.0,173,66.59059143066406,mlp,,5391,39454,0,0,5391,39454,365,779,0.0,0.0,True,"[0.5585870742797852, 0.4414129853248596]","[0.5585870742797852, 0.4414129853248596]",,,,
46494,437,370.0,370,,mlp,,5391,39454,0,0,5391,39454,365,779,0.0,0.0,True,"[0.3684265613555908, 0.6315734386444092]","[0.3684265613555908, 0.6315734386444092]",,,,
46764,438,270.0,270,,mlp,,5391,39454,0,0,5391,39454,365,779,0.0,0.0,True,"[0.2760786712169647, 0.7239213585853577]","[0.2760786712169647, 0.7239213585853577]",,,,
46907,439,143.0,143,,mlp,,5391,39454,0,0,5391,39454,365,779,0.0,0.0,True,"[0.4780225157737732, 0.5219774842262268]","[0.4780225157737732, 0.5219774842262268]",,,,
47168,440,261.0,261,43.093929290771484,mlp,,5438,40415,0,0,5438,40415,383,815,0.0,0.0,True,"[0.6129136085510254, 0.38708633184432983]","[0.6129136085510254, 0.38708633184432983]",,,,
47289,441,121.0,121,,mlp,,5438,40415,0,0,5438,40415,383,815,0.0,0.0,True,"[0.4973423480987549, 0.5026576519012451]","[0.4973423480987549, 0.5026576519012451]",,,,
47456,442,167.0,167,,mlp,,5438,40415,0,0,5438,40415,383,815,0.0,0.0,True,"[0.16266824305057526, 0.8373317718505859]","[0.16266824305057526, 0.8373317718505859]",,,,
47670,443,214.0,214,,mlp,,5438,40415,0,0,5438,40415,383,815,0.0,0.0,True,"[0.14594832062721252, 0.8540516495704651]","[0.14594832062721252, 0.8540516495704651]",,,,
47847,444,177.0,177,62.69988250732422,mlp,,5499,41003,0,0,5499,41003,395,845,0.0,0.0,True,"[0.49459218978881836, 0.5054078102111816]","[0.49459218978881836, 0.5054078102111816]",,,,
48017,445,170.0,170,,mlp,,5499,41003,0,0,5499,41003,395,845,0.0,0.0,True,"[0.2237204760313034, 0.7762795686721802]","[0.2237204760313034, 0.7762795686721802]",,,,
48147,446,130.0,130,,mlp,,5499,41003,0,0,5499,41003,395,845,0.0,0.0,True,"[0.391625314950943, 0.6083746552467346]","[0.391625314950943, 0.6083746552467346]",,,,
48296,447,149.0,149,,mlp,,5499,41003,0,0,5499,41003,395,845,0.0,0.0,True,"[0.054253701120615005, 0.9457463026046753]","[0.054253701120615005, 0.9457463026046753]",,,,
48482,448,186.0,186,79.32788848876953,mlp,,5540,41555,0,0,5540,41555,412,887,0.0,0.0,True,"[0.06918647140264511, 0.9308135509490967]","[0.06918647140264511, 0.9308135509490967]",,,,
48674,449,192.0,192,,mlp,,5540,41555,0,0,5540,41555,412,887,0.0,0.0,True,"[0.3394303619861603, 0.6605696082115173]","[0.3394303619861603, 0.6605696082115173]",,,,
48897,450,223.0,223,,mlp,,5540,41555,0,0,5540,41555,412,887,0.0,0.0,True,"[0.3919106721878052, 0.6080893278121948]","[0.3919106721878052, 0.6080893278121948]",,,,
49085,451,188.0,188,,mlp,,5540,41555,0,0,5540,41555,412,887,0.0,0.0,True,"[0.5367393493652344, 0.4632606506347656]","[0.5367393493652344, 0.4632606506347656]",,,,
49263,452,178.0,178,38.53262710571289,mlp,,5600,42245,0,0,5600,42245,417,918,0.0,0.0,True,"[0.361019492149353, 0.638980507850647]","[0.361019492149353, 0.638980507850647]",,,,
49405,453,142.0,142,,mlp,,5600,42245,0,0,5600,42245,417,918,0.0,0.0,True,"[0.8633741736412048, 0.13662585616111755]","[0.8633741736412048, 0.13662585616111755]",,,,
49599,454,194.0,194,,mlp,,5600,42245,0,0,5600,42245,417,918,0.0,0.0,True,"[0.799588143825531, 0.2004118710756302]","[0.799588143825531, 0.2004118710756302]",,,,
49964,455,365.0,365,,mlp,,5600,42245,0,0,5600,42245,417,918,0.0,0.0,True,"[0.7440743446350098, 0.25592562556266785]","[0.7440743446350098, 0.25592562556266785]",,,,
50193,456,229.0,229,44.76175308227539,mlp,,5640,43059,0,0,5640,43059,431,994,0.0,0.0,True,"[0.6862374544143677, 0.31376251578330994]","[0.6862374544143677, 0.31376251578330994]",,,,
50364,457,171.0,171,,mlp,,5640,43059,0,0,5640,43059,431,994,0.0,0.0,True,"[0.4987311065196991, 0.5012688636779785]","[0.4987311065196991, 0.5012688636779785]",,,,
50595,458,231.0,231,,mlp,,5640,43059,0,0,5640,43059,431,994,0.0,0.0,True,"[0.1341063529253006, 0.8658936619758606]","[0.1341063529253006, 0.8658936619758606]",,,,
50880,459,285.0,285,,mlp,,5640,43059,0,0,5640,43059,431,994,0.0,0.0,True,"[0.3198450207710266, 0.6801549196243286]","[0.3198450207710266, 0.6801549196243286]",,,,
51051,460,171.0,171,77.16272735595703,mlp,,5676,43840,0,0,5676,43840,445,1035,0.0,0.0,True,"[0.9403275847434998, 0.05967237800359726]","[0.9403275847434998, 0.05967237800359726]",,,,
51282,461,231.0,231,,mlp,,5676,43840,0,0,5676,43840,445,1035,0.0,0.0,True,"[0.6132901906967163, 0.3867097496986389]","[0.6132901906967163, 0.3867097496986389]",,,,
51494,462,212.0,212,,mlp,,5676,43840,0,0,5676,43840,445,1035,0.0,0.0,True,"[0.13505522906780243, 0.8649447560310364]","[0.13505522906780243, 0.8649447560310364]",,,,
51815,463,321.0,321,,mlp,,5676,43840,0,0,5676,43840,445,1035,0.0,0.0,True,"[0.8738702535629272, 0.12612980604171753]","[0.8738702535629272, 0.12612980604171753]",,,,
51859,464,44.0,44,89.55598449707031,mlp,,5709,44546,0,0,5709,44546,466,1104,0.0,0.0,True,"[0.10673356801271439, 0.8932664394378662]","[0.10673356801271439, 0.8932664394378662]",,,,
52017,465,158.0,158,,mlp,,5709,44546,0,0,5709,44546,466,1104,0.0,0.0,True,"[0.20515282452106476, 0.7948471903800964]","[0.20515282452106476, 0.7948471903800964]",,,,
52209,466,192.0,192,,mlp,,5709,44546,0,0,5709,44546,466,1104,0.0,0.0,True,"[0.16467855870723724, 0.8353214859962463]","[0.16467855870723724, 0.8353214859962463]",,,,
52426,467,217.0,217,,mlp,,5709,44546,0,0,5709,44546,466,1104,0.0,0.0,True,"[0.24667778611183167, 0.7533222436904907]","[0.24667778611183167, 0.7533222436904907]",,,,
52641,468,215.0,215,72.64608001708984,mlp,,5747,45237,0,0,5747,45237,485,1157,0.0,0.0,True,"[0.6092509031295776, 0.39074909687042236]","[0.6092509031295776, 0.39074909687042236]",,,,
52792,469,151.0,151,,mlp,,5747,45237,0,0,5747,45237,485,1157,0.0,0.0,True,"[0.5769433975219727, 0.42305660247802734]","[0.5769433975219727, 0.42305660247802734]",,,,
52938,470,146.0,146,,mlp,,5747,45237,0,0,5747,45237,485,1157,0.0,0.0,True,"[0.03591231256723404, 0.9640876650810242]","[0.03591231256723404, 0.9640876650810242]",,,,
53438,471,500.0,500,,mlp,,5747,45237,0,0,5747,45237,485,1157,0.0,0.0,True,"[0.7048910856246948, 0.2951089143753052]","[0.7048910856246948, 0.2951089143753052]",,,,
53676,472,238.0,238,58.222721099853516,mlp,,5802,46177,0,0,5802,46177,500,1197,0.0,0.0,True,"[0.3031688928604126, 0.6968311667442322]","[0.3031688928604126, 0.6968311667442322]",,,,
53805,473,129.0,129,,mlp,,5802,46177,0,0,5802,46177,500,1197,0.0,0.0,True,"[0.05293351039290428, 0.9470664858818054]","[0.05293351039290428, 0.9470664858818054]",,,,
54200,474,395.0,395,,mlp,,5802,46177,0,0,5802,46177,500,1197,0.0,0.0,True,"[0.47629377245903015, 0.5237062573432922]","[0.47629377245903015, 0.5237062573432922]",,,,
54343,475,143.0,143,,mlp,,5802,46177,0,0,5802,46177,500,1197,0.0,0.0,True,"[0.6854628324508667, 0.3145371377468109]","[0.6854628324508667, 0.3145371377468109]",,,,
54646,476,303.0,303,60.97151565551758,mlp,,5848,47042,0,0,5848,47042,517,1256,0.0,0.0,True,"[0.28000396490097046, 0.7199960947036743]","[0.28000396490097046, 0.7199960947036743]",,,,
54835,477,189.0,189,,mlp,,5848,47042,0,0,5848,47042,517,1256,0.0,0.0,True,"[0.4532322287559509, 0.5467678308486938]","[0.4532322287559509, 0.5467678308486938]",,,,
54996,478,161.0,161,,mlp,,5848,47042,0,0,5848,47042,517,1256,0.0,0.0,True,"[0.599067747592926, 0.400932252407074]","[0.599067747592926, 0.400932252407074]",,,,
55246,479,250.0,250,,mlp,,5848,47042,0,0,5848,47042,517,1256,0.0,0.0,True,"[0.5769927501678467, 0.42300722002983093]","[0.5769927501678467, 0.42300722002983093]",,,,
55436,480,190.0,190,53.664695739746094,mlp,,5896,47705,0,0,5896,47705,540,1335,0.0,0.0,True,"[0.09863563627004623, 0.9013643860816956]","[0.09863563627004623, 0.9013643860816956]",,,,
55648,481,212.0,212,,mlp,,5896,47705,0,0,5896,47705,540,1335,0.0,0.0,True,"[0.6949179768562317, 0.3050820231437683]","[0.6949179768562317, 0.3050820231437683]",,,,
55875,482,227.0,227,,mlp,,5896,47705,0,0,5896,47705,540,1335,0.0,0.0,True,"[0.1790885180234909, 0.8209114670753479]","[0.1790885180234909, 0.8209114670753479]",,,,
56215,483,340.0,340,,mlp,,5896,47705,0,0,5896,47705,540,1335,0.0,0.0,True,"[0.17208153009414673, 0.8279184699058533]","[0.17208153009414673, 0.8279184699058533]",,,,
56451,484,236.0,236,46.545040130615234,mlp,,5944,48605,0,0,5944,48605,558,1402,0.0,0.0,True,"[0.4773212969303131, 0.5226786732673645]","[0.4773212969303131, 0.5226786732673645]",,,,
56522,485,71.0,71,,mlp,,5944,48605,0,0,5944,48605,558,1402,0.0,0.0,True,"[0.8716199994087219, 0.1283799707889557]","[0.8716199994087219, 0.1283799707889557]",,,,
56870,486,348.0,348,,mlp,,5944,48605,0,0,5944,48605,558,1402,0.0,0.0,True,"[0.29782092571258545, 0.7021791338920593]","[0.29782092571258545, 0.7021791338920593]",,,,
57225,487,355.0,355,,mlp,,5944,48605,0,0,5944,48605,558,1402,0.0,0.0,True,"[0.16324612498283386, 0.8367538452148438]","[0.16324612498283386, 0.8367538452148438]",,,,
57425,488,200.0,200,45.018524169921875,mlp,,5993,49463,0,0,5993,49463,580,1469,0.0,0.0,True,"[0.2924017310142517, 0.7075982689857483]","[0.2924017310142517, 0.7075982689857483]",,,,
57659,489,234.0,234,,mlp,,5993,49463,0,0,5993,49463,580,1469,0.0,0.0,True,"[0.8048273921012878, 0.19517260789871216]","[0.8048273921012878, 0.19517260789871216]",,,,
57941,490,282.0,282,,mlp,,5993,49463,0,0,5993,49463,580,1469,0.0,0.0,True,"[0.33107316493988037, 0.6689268350601196]","[0.33107316493988037, 0.6689268350601196]",,,,
58182,491,241.0,241,,mlp,,5993,49463,0,0,5993,49463,580,1469,0.0,0.0,True,"[0.5361466407775879, 0.4638534188270569]","[0.5361466407775879, 0.4638534188270569]",,,,
58508,492,326.0,326,71.90836334228516,mlp,,6044,50451,0,0,6044,50451,598,1513,0.0,0.0,True,"[0.885829508304596, 0.11417050659656525]","[0.885829508304596, 0.11417050659656525]",,,,
58709,493,201.0,201,,mlp,,6044,50451,0,0,6044,50451,598,1513,0.0,0.0,True,"[0.28070035576820374, 0.7192996144294739]","[0.28070035576820374, 0.7192996144294739]",,,,
58954,494,245.0,245,,mlp,,6044,50451,0,0,6044,50451,598,1513,0.0,0.0,True,"[0.1592218428850174, 0.8407781720161438]","[0.1592218428850174, 0.8407781720161438]",,,,
59318,495,364.0,364,,mlp,,6044,50451,0,0,6044,50451,598,1513,0.0,0.0,True,"[0.17919491231441498, 0.8208050727844238]","[0.17919491231441498, 0.8208050727844238]",,,,
59535,496,217.0,217,32.343528747558594,mlp,,6071,51351,0,0,6071,51351,619,1613,0.0,0.0,True,"[0.6592761874198914, 0.34072375297546387]","[0.6592761874198914, 0.34072375297546387]",,,,
59810,497,275.0,275,,mlp,,6071,51351,0,0,6071,51351,619,1613,0.0,0.0,True,"[0.6142264008522034, 0.385773628950119]","[0.6142264008522034, 0.385773628950119]",,,,
59998,498,188.0,188,,mlp,,6071,51351,0,0,6071,51351,619,1613,0.0,0.0,True,"[0.6896112561225891, 0.3103886842727661]","[0.6896112561225891, 0.3103886842727661]",,,,
60235,499,237.0,237,,mlp,,6071,51351,0,0,6071,51351,619,1613,0.0,0.0,True,"[0.4881910979747772, 0.5118089318275452]","[0.4881910979747772, 0.5118089318275452]",,,,
60489,500,254.0,254,61.04118347167969,mlp,,6132,52187,0,0,6132,52187,639,1670,0.0,0.0,True,"[0.857239842414856, 0.14276012778282166]","[0.857239842414856, 0.14276012778282166]",,,,
60655,501,166.0,166,,mlp,,6132,52187,0,0,6132,52187,639,1670,0.0,0.0,True,"[0.3256933093070984, 0.6743066310882568]","[0.3256933093070984, 0.6743066310882568]",,,,
61049,502,394.0,394,,mlp,,6132,52187,0,0,6132,52187,639,1670,0.0,0.0,True,"[0.8716764450073242, 0.12832358479499817]","[0.8716764450073242, 0.12832358479499817]",,,,
61137,503,88.0,88,,mlp,,6132,52187,0,0,6132,52187,639,1670,0.0,0.0,True,"[0.9516104459762573, 0.048389580100774765]","[0.9516104459762573, 0.048389580100774765]",,,,
61374,504,237.0,237,60.04153823852539,mlp,,6153,52986,0,0,6153,52986,657,1735,0.0,0.0,True,"[0.32888326048851013, 0.6711167097091675]","[0.32888326048851013, 0.6711167097091675]",,,,
61600,505,226.0,226,,mlp,,6153,52986,0,0,6153,52986,657,1735,0.0,0.0,True,"[0.24812178313732147, 0.7518782019615173]","[0.24812178313732147, 0.7518782019615173]",,,,
61887,506,287.0,287,,mlp,,6153,52986,0,0,6153,52986,657,1735,0.0,0.0,True,"[0.47874894738197327, 0.5212510824203491]","[0.47874894738197327, 0.5212510824203491]",,,,
62175,507,288.0,288,,mlp,,6153,52986,0,0,6153,52986,657,1735,0.0,0.0,True,"[0.4497416317462921, 0.5502583980560303]","[0.4497416317462921, 0.5502583980560303]",,,,
62467,508,292.0,292,44.410762786865234,mlp,,6218,53867,0,0,6218,53867,680,1882,0.0,0.0,True,"[0.16776055097579956, 0.8322395086288452]","[0.16776055097579956, 0.8322395086288452]",,,,
62669,509,202.0,202,,mlp,,6218,53867,0,0,6218,53867,680,1882,0.0,0.0,True,"[0.6473070979118347, 0.35269293189048767]","[0.6473070979118347, 0.35269293189048767]",,,,
62973,510,304.0,304,,mlp,,6218,53867,0,0,6218,53867,680,1882,0.0,0.0,True,"[0.15005244314670563, 0.8499475121498108]","[0.15005244314670563, 0.8499475121498108]",,,,
63228,511,255.0,255,,mlp,,6218,53867,0,0,6218,53867,680,1882,0.0,0.0,True,"[0.16367535293102264, 0.8363246321678162]","[0.16367535293102264, 0.8363246321678162]",,,,
63410,512,182.0,182,59.847007751464844,mlp,,6258,54714,0,0,6258,54714,700,1938,0.0,0.0,True,"[0.13423851132392883, 0.8657614588737488]","[0.13423851132392883, 0.8657614588737488]",,,,
63694,513,284.0,284,,mlp,,6258,54714,0,0,6258,54714,700,1938,0.0,0.0,True,"[0.8613277673721313, 0.13867227733135223]","[0.8613277673721313, 0.13867227733135223]",,,,
63906,514,212.0,212,,mlp,,6258,54714,0,0,6258,54714,700,1938,0.0,0.0,True,"[0.29841896891593933, 0.7015810608863831]","[0.29841896891593933, 0.7015810608863831]",,,,
64125,515,219.0,219,,mlp,,6258,54714,0,0,6258,54714,700,1938,0.0,0.0,True,"[0.9093307256698608, 0.09066922217607498]","[0.9093307256698608, 0.09066922217607498]",,,,
64341,516,216.0,216,49.252689361572266,mlp,,6300,55555,0,0,6300,55555,716,1986,0.0,0.0,True,"[0.2561039626598358, 0.7438960075378418]","[0.2561039626598358, 0.7438960075378418]",,,,
64505,517,164.0,164,,mlp,,6300,55555,0,0,6300,55555,716,1986,0.0,0.0,True,"[0.9493258595466614, 0.05067412182688713]","[0.9493258595466614, 0.05067412182688713]",,,,
64683,518,178.0,178,,mlp,,6300,55555,0,0,6300,55555,716,1986,0.0,0.0,True,"[0.12012851238250732, 0.8798715472221375]","[0.12012851238250732, 0.8798715472221375]",,,,
64865,519,182.0,182,,mlp,,6300,55555,0,0,6300,55555,716,1986,0.0,0.0,True,"[0.7727866172790527, 0.22721335291862488]","[0.7727866172790527, 0.22721335291862488]",,,,
65219,520,354.0,354,70.08038330078125,mlp,,6344,56265,0,0,6344,56265,739,2110,0.0,0.0,True,"[0.6703529953956604, 0.3296470642089844]","[0.6703529953956604, 0.3296470642089844]",,,,
65464,521,245.0,245,,mlp,,6344,56265,0,0,6344,56265,739,2110,0.0,0.0,True,"[0.33762988448143005, 0.6623700857162476]","[0.33762988448143005, 0.6623700857162476]",,,,
65743,522,279.0,279,,mlp,,6344,56265,0,0,6344,56265,739,2110,0.0,0.0,True,"[0.6160654425621033, 0.3839346170425415]","[0.6160654425621033, 0.3839346170425415]",,,,
65990,523,247.0,247,,mlp,,6344,56265,0,0,6344,56265,739,2110,0.0,0.0,True,"[0.023468753322958946, 0.9765312075614929]","[0.023468753322958946, 0.9765312075614929]",,,,
66257,524,267.0,267,43.45841598510742,mlp,,6389,57134,0,0,6389,57134,762,2234,0.0,0.0,True,"[0.19690589606761932, 0.8030941486358643]","[0.19690589606761932, 0.8030941486358643]",,,,
66538,525,281.0,281,,mlp,,6389,57134,0,0,6389,57134,762,2234,0.0,0.0,True,"[0.8232017159461975, 0.1767982840538025]","[0.8232017159461975, 0.1767982840538025]",,,,
66795,526,257.0,257,,mlp,,6389,57134,0,0,6389,57134,762,2234,0.0,0.0,True,"[0.06809483468532562, 0.931905210018158]","[0.06809483468532562, 0.931905210018158]",,,,
67184,527,389.0,389,,mlp,,6389,57134,0,0,6389,57134,762,2234,0.0,0.0,True,"[0.18035456538200378, 0.8196454644203186]","[0.18035456538200378, 0.8196454644203186]",,,,
67402,528,218.0,218,68.2616958618164,mlp,,6450,58167,0,0,6450,58167,781,2285,0.0,0.0,True,"[0.3746122419834137, 0.6253877282142639]","[0.3746122419834137, 0.6253877282142639]",,,,
67590,529,188.0,188,,mlp,,6450,58167,0,0,6450,58167,781,2285,0.0,0.0,True,"[0.5593847632408142, 0.4406152069568634]","[0.5593847632408142, 0.4406152069568634]",,,,
67610,530,20.0,20,,mlp,,6450,58167,0,0,6450,58167,781,2285,0.0,0.0,True,"[0.09677767008543015, 0.9032223224639893]","[0.09677767008543015, 0.9032223224639893]",,,,
67831,531,221.0,221,,mlp,,6450,58167,0,0,6450,58167,781,2285,0.0,0.0,True,"[0.06120309233665466, 0.9387969374656677]","[0.06120309233665466, 0.9387969374656677]",,,,
68268,532,437.0,437,56.78337860107422,mlp,,6501,58903,0,0,6501,58903,801,2364,0.0,0.0,True,"[0.4510886073112488, 0.5489113926887512]","[0.4510886073112488, 0.5489113926887512]",,,,
68560,533,292.0,292,,mlp,,6501,58903,0,0,6501,58903,801,2364,0.0,0.0,True,"[0.6066623330116272, 0.3933376371860504]","[0.6066623330116272, 0.3933376371860504]",,,,
68759,534,199.0,199,,mlp,,6501,58903,0,0,6501,58903,801,2364,0.0,0.0,True,"[0.6224318146705627, 0.37756824493408203]","[0.6224318146705627, 0.37756824493408203]",,,,
69121,535,362.0,362,,mlp,,6501,58903,0,0,6501,58903,801,2364,0.0,0.0,True,"[0.6077699661254883, 0.3922300338745117]","[0.6077699661254883, 0.3922300338745117]",,,,
69331,536,210.0,210,29.57061195373535,mlp,,6572,59820,0,0,6572,59820,825,2439,0.0,0.0,True,"[0.632537841796875, 0.3674621284008026]","[0.632537841796875, 0.3674621284008026]",,,,
69608,537,277.0,277,,mlp,,6572,59820,0,0,6572,59820,825,2439,0.0,0.0,True,"[0.6351101994514465, 0.36488983035087585]","[0.6351101994514465, 0.36488983035087585]",,,,
69953,538,345.0,345,,mlp,,6572,59820,0,0,6572,59820,825,2439,0.0,0.0,True,"[0.886688768863678, 0.11331116408109665]","[0.886688768863678, 0.11331116408109665]",,,,
70144,539,191.0,191,,mlp,,6572,59820,0,0,6572,59820,825,2439,0.0,0.0,True,"[0.8181280493736267, 0.18187199532985687]","[0.8181280493736267, 0.18187199532985687]",,,,
70600,540,456.0,456,64.2389907836914,mlp,,6594,61023,0,0,6594,61023,844,2483,0.0,0.0,True,"[0.18125471472740173, 0.8187453150749207]","[0.18125471472740173, 0.8187453150749207]",,,,
70884,541,284.0,284,,mlp,,6594,61023,0,0,6594,61023,844,2483,0.0,0.0,True,"[0.9711194038391113, 0.028880657628178596]","[0.9711194038391113, 0.028880657628178596]",,,,
71384,542,500.0,500,,mlp,,6594,61023,0,0,6594,61023,844,2483,0.0,0.0,True,"[0.7197939157485962, 0.2802060544490814]","[0.7197939157485962, 0.2802060544490814]",,,,
71584,543,200.0,200,,mlp,,6594,61023,0,0,6594,61023,844,2483,0.0,0.0,True,"[0.058537643402814865, 0.9414622783660889]","[0.058537643402814865, 0.9414622783660889]",,,,
71750,544,166.0,166,59.41770553588867,mlp,,6623,62077,0,0,6623,62077,866,2550,0.0,0.0,True,"[0.9650075435638428, 0.034992411732673645]","[0.9650075435638428, 0.034992411732673645]",,,,
71995,545,245.0,245,,mlp,,6623,62077,0,0,6623,62077,866,2550,0.0,0.0,True,"[0.6083634495735168, 0.39163655042648315]","[0.6083634495735168, 0.39163655042648315]",,,,
72202,546,207.0,207,,mlp,,6623,62077,0,0,6623,62077,866,2550,0.0,0.0,True,"[0.9157633185386658, 0.084236741065979]","[0.9157633185386658, 0.084236741065979]",,,,
72583,547,381.0,381,,mlp,,6623,62077,0,0,6623,62077,866,2550,0.0,0.0,True,"[0.06700750440359116, 0.9329924583435059]","[0.06700750440359116, 0.9329924583435059]",,,,
72888,548,305.0,305,58.75608825683594,mlp,,6665,63113,0,0,6665,63113,887,2610,0.0,0.0,True,"[0.8175912499427795, 0.18240873515605927]","[0.8175912499427795, 0.18240873515605927]",,,,
73273,549,385.0,385,,mlp,,6665,63113,0,0,6665,63113,887,2610,0.0,0.0,True,"[0.9500824809074402, 0.04991748183965683]","[0.9500824809074402, 0.04991748183965683]",,,,
73421,550,148.0,148,,mlp,,6665,63113,0,0,6665,63113,887,2610,0.0,0.0,True,"[0.2510875165462494, 0.748912513256073]","[0.2510875165462494, 0.748912513256073]",,,,
73701,551,280.0,280,,mlp,,6665,63113,0,0,6665,63113,887,2610,0.0,0.0,True,"[0.4943389892578125, 0.5056610107421875]","[0.4943389892578125, 0.5056610107421875]",,,,
73918,552,217.0,217,59.261756896972656,mlp,,6700,64069,0,0,6700,64069,906,2649,0.0,0.0,True,"[0.36689573526382446, 0.6331042647361755]","[0.36689573526382446, 0.6331042647361755]",,,,
74162,553,244.0,244,,mlp,,6700,64069,0,0,6700,64069,906,2649,0.0,0.0,True,"[0.10563815385103226, 0.8943618535995483]","[0.10563815385103226, 0.8943618535995483]",,,,
74569,554,407.0,407,,mlp,,6700,64069,0,0,6700,64069,906,2649,0.0,0.0,True,"[0.22362762689590454, 0.7763723731040955]","[0.22362762689590454, 0.7763723731040955]",,,,
74833,555,264.0,264,,mlp,,6700,64069,0,0,6700,64069,906,2649,0.0,0.0,True,"[0.7375971674919128, 0.26240283250808716]","[0.7375971674919128, 0.26240283250808716]",,,,
75333,556,500.0,500,31.01120376586914,mlp,,6760,65282,0,0,6760,65282,930,2791,0.0,0.0,True,"[0.46415388584136963, 0.5358461141586304]","[0.46415388584136963, 0.5358461141586304]",,,,
75604,557,271.0,271,,mlp,,6760,65282,0,0,6760,65282,930,2791,0.0,0.0,True,"[0.7204012870788574, 0.27959874272346497]","[0.7204012870788574, 0.27959874272346497]",,,,
75875,558,271.0,271,,mlp,,6760,65282,0,0,6760,65282,930,2791,0.0,0.0,True,"[0.41234374046325684, 0.5876561999320984]","[0.41234374046325684, 0.5876561999320984]",,,,
76013,559,138.0,138,,mlp,,6760,65282,0,0,6760,65282,930,2791,0.0,0.0,True,"[0.8731618523597717, 0.12683817744255066]","[0.8731618523597717, 0.12683817744255066]",,,,
76216,560,203.0,203,52.107627868652344,mlp,,6793,66077,0,0,6793,66077,951,2846,0.0,0.0,True,"[0.8108609318733215, 0.18913902342319489]","[0.8108609318733215, 0.18913902342319489]",,,,
76552,561,336.0,336,,mlp,,6793,66077,0,0,6793,66077,951,2846,0.0,0.0,True,"[0.8929023742675781, 0.10709760338068008]","[0.8929023742675781, 0.10709760338068008]",,,,
77009,562,457.0,457,,mlp,,6793,66077,0,0,6793,66077,951,2846,0.0,0.0,True,"[0.569640040397644, 0.43035998940467834]","[0.569640040397644, 0.43035998940467834]",,,,
77238,563,229.0,229,,mlp,,6793,66077,0,0,6793,66077,951,2846,0.0,0.0,True,"[0.7208433747291565, 0.2791565954685211]","[0.7208433747291565, 0.2791565954685211]",,,,
77738,564,500.0,500,55.186275482177734,mlp,,6842,67460,0,0,6842,67460,974,2936,0.0,0.0,True,"[0.3273431956768036, 0.672656774520874]","[0.3273431956768036, 0.672656774520874]",,,,
78019,565,281.0,281,,mlp,,6842,67460,0,0,6842,67460,974,2936,0.0,0.0,True,"[0.5889938473701477, 0.4110061824321747]","[0.5889938473701477, 0.4110061824321747]",,,,
78136,566,117.0,117,,mlp,,6842,67460,0,0,6842,67460,974,2936,0.0,0.0,True,"[0.953789234161377, 0.04621071740984917]","[0.953789234161377, 0.04621071740984917]",,,,
78515,567,379.0,379,,mlp,,6842,67460,0,0,6842,67460,974,2936,0.0,0.0,True,"[0.8250287771224976, 0.17497123777866364]","[0.8250287771224976, 0.17497123777866364]",,,,
78682,568,167.0,167,92.47196197509766,mlp,,6899,68267,0,0,6899,68267,994,3016,0.0,0.0,True,"[0.09694059938192368, 0.9030593633651733]","[0.09694059938192368, 0.9030593633651733]",,,,
79081,569,399.0,399,,mlp,,6899,68267,0,0,6899,68267,994,3016,0.0,0.0,True,"[0.22642724215984344, 0.7735728025436401]","[0.22642724215984344, 0.7735728025436401]",,,,
79454,570,373.0,373,,mlp,,6899,68267,0,0,6899,68267,994,3016,0.0,0.0,True,"[0.8301393389701843, 0.1698606014251709]","[0.8301393389701843, 0.1698606014251709]",,,,
79905,571,451.0,451,,mlp,,6899,68267,0,0,6899,68267,994,3016,0.0,0.0,True,"[0.35676509141921997, 0.64323490858078]","[0.35676509141921997, 0.64323490858078]",,,,
80254,572,349.0,349,68.96131134033203,mlp,,6947,69662,0,0,6947,69662,1017,3145,0.0,0.0,True,"[0.33487603068351746, 0.6651239395141602]","[0.33487603068351746, 0.6651239395141602]",,,,
80535,573,281.0,281,,mlp,,6947,69662,0,0,6947,69662,1017,3145,0.0,0.0,True,"[0.30132949352264404, 0.698670506477356]","[0.30132949352264404, 0.698670506477356]",,,,
80811,574,276.0,276,,mlp,,6947,69662,0,0,6947,69662,1017,3145,0.0,0.0,True,"[0.5317530035972595, 0.4682469666004181]","[0.5317530035972595, 0.4682469666004181]",,,,
81192,575,381.0,381,,mlp,,6947,69662,0,0,6947,69662,1017,3145,0.0,0.0,True,"[0.5250552892684937, 0.4749446511268616]","[0.5250552892684937, 0.4749446511268616]",,,,
81539,576,347.0,347,70.7014389038086,mlp,,6991,70830,0,0,6991,70830,1038,3218,0.0,0.0,True,"[0.837409496307373, 0.16259051859378815]","[0.837409496307373, 0.16259051859378815]",,,,
81795,577,256.0,256,,mlp,,6991,70830,0,0,6991,70830,1038,3218,0.0,0.0,True,"[0.19063620269298553, 0.8093637824058533]","[0.19063620269298553, 0.8093637824058533]",,,,
82064,578,269.0,269,,mlp,,6991,70830,0,0,6991,70830,1038,3218,0.0,0.0,True,"[0.9414786696434021, 0.058521296828985214]","[0.9414786696434021, 0.058521296828985214]",,,,
82380,579,316.0,316,,mlp,,6991,70830,0,0,6991,70830,1038,3218,0.0,0.0,True,"[0.4708128571510315, 0.5291871428489685]","[0.4708128571510315, 0.5291871428489685]",,,,
82534,580,154.0,154,77.37226104736328,mlp,,7010,71731,0,0,7010,71731,1060,3293,0.0,0.0,True,"[0.8332145810127258, 0.16678538918495178]","[0.8332145810127258, 0.16678538918495178]",,,,
82832,581,298.0,298,,mlp,,7010,71731,0,0,7010,71731,1060,3293,0.0,0.0,True,"[0.2555735111236572, 0.7444264888763428]","[0.2555735111236572, 0.7444264888763428]",,,,
83198,582,366.0,366,,mlp,,7010,71731,0,0,7010,71731,1060,3293,0.0,0.0,True,"[0.15323887765407562, 0.846761167049408]","[0.15323887765407562, 0.846761167049408]",,,,
83415,583,217.0,217,,mlp,,7010,71731,0,0,7010,71731,1060,3293,0.0,0.0,True,"[0.8828743696212769, 0.11712563037872314]","[0.8828743696212769, 0.11712563037872314]",,,,
83529,584,114.0,114,94.74806213378906,mlp,,7066,72623,0,0,7066,72623,1079,3340,0.0,0.0,True,"[0.03446231782436371, 0.9655377268791199]","[0.03446231782436371, 0.9655377268791199]",,,,
83932,585,403.0,403,,mlp,,7066,72623,0,0,7066,72623,1079,3340,0.0,0.0,True,"[0.8297350406646729, 0.17026500403881073]","[0.8297350406646729, 0.17026500403881073]",,,,
84078,586,146.0,146,,mlp,,7066,72623,0,0,7066,72623,1079,3340,0.0,0.0,True,"[0.7324275374412537, 0.26757243275642395]","[0.7324275374412537, 0.26757243275642395]",,,,
84513,587,435.0,435,,mlp,,7066,72623,0,0,7066,72623,1079,3340,0.0,0.0,True,"[0.8717840909957886, 0.12821589410305023]","[0.8717840909957886, 0.12821589410305023]",,,,
84684,588,171.0,171,54.676326751708984,mlp,,7077,73675,0,0,7077,73675,1102,3432,0.0,0.0,True,"[0.043680962175130844, 0.9563190340995789]","[0.043680962175130844, 0.9563190340995789]",,,,
85011,589,327.0,327,,mlp,,7077,73675,0,0,7077,73675,1102,3432,0.0,0.0,True,"[0.9449118375778198, 0.05508818104863167]","[0.9449118375778198, 0.05508818104863167]",,,,
85152,590,141.0,141,,mlp,,7077,73675,0,0,7077,73675,1102,3432,0.0,0.0,True,"[0.06480637192726135, 0.9351935982704163]","[0.06480637192726135, 0.9351935982704163]",,,,
85319,591,167.0,167,,mlp,,7077,73675,0,0,7077,73675,1102,3432,0.0,0.0,True,"[0.07501722872257233, 0.9249827861785889]","[0.07501722872257233, 0.9249827861785889]",,,,
85765,592,446.0,446,87.38017272949219,mlp,,7112,74663,0,0,7112,74663,1122,3490,0.0,0.0,True,"[0.9135702848434448, 0.08642974495887756]","[0.9135702848434448, 0.08642974495887756]",,,,
86265,593,500.0,500,,mlp,,7112,74663,0,0,7112,74663,1122,3490,0.0,0.0,True,"[0.9469982385635376, 0.053001753985881805]","[0.9469982385635376, 0.053001753985881805]",,,,
86503,594,238.0,238,,mlp,,7112,74663,0,0,7112,74663,1122,3490,0.0,0.0,True,"[0.7460532784461975, 0.2539466917514801]","[0.7460532784461975, 0.2539466917514801]",,,,
86727,595,224.0,224,,mlp,,7112,74663,0,0,7112,74663,1122,3490,0.0,0.0,True,"[0.09130081534385681, 0.9086991548538208]","[0.09130081534385681, 0.9086991548538208]",,,,
87008,596,281.0,281,48.97108840942383,mlp,,7155,75800,0,0,7155,75800,1142,3553,0.0,0.0,True,"[0.43729791045188904, 0.5627020597457886]","[0.43729791045188904, 0.5627020597457886]",,,,
87264,597,256.0,256,,mlp,,7155,75800,0,0,7155,75800,1142,3553,0.0,0.0,True,"[0.4003623127937317, 0.5996376872062683]","[0.4003623127937317, 0.5996376872062683]",,,,
87764,598,500.0,500,,mlp,,7155,75800,0,0,7155,75800,1142,3553,0.0,0.0,True,"[0.17316031455993652, 0.8268396854400635]","[0.17316031455993652, 0.8268396854400635]",,,,
88108,599,344.0,344,,mlp,,7155,75800,0,0,7155,75800,1142,3553,0.0,0.0,True,"[0.7676546573638916, 0.232345312833786]","[0.7676546573638916, 0.232345312833786]",,,,
88447,600,339.0,339,63.99292755126953,mlp,,7199,77133,0,0,7199,77133,1164,3615,0.0,0.0,True,"[0.029649801552295685, 0.9703502655029297]","[0.029649801552295685, 0.9703502655029297]",,,,
88947,601,500.0,500,,mlp,,7199,77133,0,0,7199,77133,1164,3615,0.0,0.0,True,"[0.2807672917842865, 0.7192326784133911]","[0.2807672917842865, 0.7192326784133911]",,,,
89399,602,452.0,452,,mlp,,7199,77133,0,0,7199,77133,1164,3615,0.0,0.0,True,"[0.5414261817932129, 0.4585738182067871]","[0.5414261817932129, 0.4585738182067871]",,,,
89826,603,427.0,427,,mlp,,7199,77133,0,0,7199,77133,1164,3615,0.0,0.0,True,"[0.57484370470047, 0.42515629529953003]","[0.57484370470047, 0.42515629529953003]",,,,
90326,604,500.0,500,49.280296325683594,mlp,,7242,78881,0,0,7242,78881,1185,3703,0.0,0.0,True,"[0.8845264911651611, 0.11547349393367767]","[0.8845264911651611, 0.11547349393367767]",,,,
90689,605,363.0,363,,mlp,,7242,78881,0,0,7242,78881,1185,3703,0.0,0.0,True,"[0.06602942943572998, 0.93397057056427]","[0.06602942943572998, 0.93397057056427]",,,,
91189,606,500.0,500,,mlp,,7242,78881,0,0,7242,78881,1185,3703,0.0,0.0,True,"[0.022286394611001015, 0.9777136445045471]","[0.022286394611001015, 0.9777136445045471]",,,,
91448,607,259.0,259,,mlp,,7242,78881,0,0,7242,78881,1185,3703,0.0,0.0,True,"[0.8112086653709412, 0.1887913942337036]","[0.8112086653709412, 0.1887913942337036]",,,,
91551,608,103.0,103,61.3280143737793,mlp,,7273,80020,0,0,7273,80020,1207,3758,0.0,0.0,True,"[0.19825492799282074, 0.8017450571060181]","[0.19825492799282074, 0.8017450571060181]",,,,
92051,609,500.0,500,,mlp,,7273,80020,0,0,7273,80020,1207,3758,0.0,0.0,True,"[0.8624066710472107, 0.1375933736562729]","[0.8624066710472107, 0.1375933736562729]",,,,
92551,610,500.0,500,,mlp,,7273,80020,0,0,7273,80020,1207,3758,0.0,0.0,True,"[0.785700261592865, 0.214299738407135]","[0.785700261592865, 0.214299738407135]",,,,
93051,611,500.0,500,,mlp,,7273,80020,0,0,7273,80020,1207,3758,0.0,0.0,True,"[0.7895969152450562, 0.21040305495262146]","[0.7895969152450562, 0.21040305495262146]",,,,
93267,612,216.0,216,53.33812713623047,mlp,,7312,81626,0,0,7312,81626,1228,3829,0.0,0.0,True,"[0.813305675983429, 0.18669427931308746]","[0.813305675983429, 0.18669427931308746]",,,,
93538,613,271.0,271,,mlp,,7312,81626,0,0,7312,81626,1228,3829,0.0,0.0,True,"[0.03408971428871155, 0.9659102559089661]","[0.03408971428871155, 0.9659102559089661]",,,,
93957,614,419.0,419,,mlp,,7312,81626,0,0,7312,81626,1228,3829,0.0,0.0,True,"[0.3683413565158844, 0.6316586136817932]","[0.3683413565158844, 0.6316586136817932]",,,,
94048,615,91.0,91,,mlp,,7312,81626,0,0,7312,81626,1228,3829,0.0,0.0,True,"[0.9614982604980469, 0.038501713424921036]","[0.9614982604980469, 0.038501713424921036]",,,,
94310,616,262.0,262,78.75568389892578,mlp,,7361,82523,0,0,7361,82523,1251,3926,0.0,0.0,True,"[0.8847299814224243, 0.11526999622583389]","[0.8847299814224243, 0.11526999622583389]",,,,
94572,617,262.0,262,,mlp,,7361,82523,0,0,7361,82523,1251,3926,0.0,0.0,True,"[0.09902913123369217, 0.9009708762168884]","[0.09902913123369217, 0.9009708762168884]",,,,
95072,618,500.0,500,,mlp,,7361,82523,0,0,7361,82523,1251,3926,0.0,0.0,True,"[0.04427443444728851, 0.9557256102561951]","[0.04427443444728851, 0.9557256102561951]",,,,
95572,619,500.0,500,,mlp,,7361,82523,0,0,7361,82523,1251,3926,0.0,0.0,True,"[0.7758944034576416, 0.2241056114435196]","[0.7758944034576416, 0.2241056114435196]",,,,
96045,620,473.0,473,44.41681671142578,mlp,,7412,84064,0,0,7412,84064,1274,4069,0.0,0.0,True,"[0.7556247115135193, 0.24437524378299713]","[0.7556247115135193, 0.24437524378299713]",,,,
96457,621,412.0,412,,mlp,,7412,84064,0,0,7412,84064,1274,4069,0.0,0.0,True,"[0.20848016440868378, 0.791519820690155]","[0.20848016440868378, 0.791519820690155]",,,,
96957,622,500.0,500,,mlp,,7412,84064,0,0,7412,84064,1274,4069,0.0,0.0,True,"[0.6342483758926392, 0.36575159430503845]","[0.6342483758926392, 0.36575159430503845]",,,,
97112,623,155.0,155,,mlp,,7412,84064,0,0,7412,84064,1274,4069,0.0,0.0,True,"[0.20333892107009888, 0.7966610789299011]","[0.20333892107009888, 0.7966610789299011]",,,,
97313,624,201.0,201,65.43595123291016,mlp,,7448,85231,0,0,7448,85231,1297,4134,0.0,0.0,True,"[0.9701594710350037, 0.02984052337706089]","[0.9701594710350037, 0.02984052337706089]",,,,
97424,625,111.0,111,,mlp,,7448,85231,0,0,7448,85231,1297,4134,0.0,0.0,True,"[0.80100417137146, 0.19899588823318481]","[0.80100417137146, 0.19899588823318481]",,,,
97546,626,122.0,122,,mlp,,7448,85231,0,0,7448,85231,1297,4134,0.0,0.0,True,"[0.1424000859260559, 0.8575999736785889]","[0.1424000859260559, 0.8575999736785889]",,,,
97943,627,397.0,397,,mlp,,7448,85231,0,0,7448,85231,1297,4134,0.0,0.0,True,"[0.6919490098953247, 0.3080509603023529]","[0.6919490098953247, 0.3080509603023529]",,,,
98135,628,192.0,192,97.18824768066406,mlp,,7466,85986,0,0,7466,85986,1319,4183,0.0,0.0,True,"[0.936894953250885, 0.063105009496212]","[0.936894953250885, 0.063105009496212]",,,,
98383,629,248.0,248,,mlp,,7466,85986,0,0,7466,85986,1319,4183,0.0,0.0,True,"[0.9778710603713989, 0.02212901972234249]","[0.9778710603713989, 0.02212901972234249]",,,,
98632,630,249.0,249,,mlp,,7466,85986,0,0,7466,85986,1319,4183,0.0,0.0,True,"[0.07486051321029663, 0.9251394867897034]","[0.07486051321029663, 0.9251394867897034]",,,,
99132,631,500.0,500,,mlp,,7466,85986,0,0,7466,85986,1319,4183,0.0,0.0,True,"[0.5056419372558594, 0.4943580627441406]","[0.5056419372558594, 0.4943580627441406]",,,,
99632,632,500.0,500,63.467498779296875,mlp,,7503,87332,0,0,7503,87332,1342,4297,0.0,0.0,True,"[0.2219734638929367, 0.7780265808105469]","[0.2219734638929367, 0.7780265808105469]",,,,
99966,633,334.0,334,,mlp,,7503,87332,0,0,7503,87332,1342,4297,0.0,0.0,True,"[0.056618284434080124, 0.9433817267417908]","[0.056618284434080124, 0.9433817267417908]",,,,
100466,634,500.0,500,,mlp,,7503,87332,0,0,7503,87332,1342,4297,0.0,0.0,True,"[0.5322886109352112, 0.46771135926246643]","[0.5322886109352112, 0.46771135926246643]",,,,
100655,635,189.0,189,,mlp,,7503,87332,0,0,7503,87332,1342,4297,0.0,0.0,True,"[0.23328813910484314, 0.7667118310928345]","[0.23328813910484314, 0.7667118310928345]",,,,
101019,636,364.0,364,82.75151062011719,mlp,,7518,88583,0,0,7518,88583,1364,4418,0.0,0.0,True,"[0.021465063095092773, 0.9785349369049072]","[0.021465063095092773, 0.9785349369049072]",,,,
101307,637,288.0,288,,mlp,,7518,88583,0,0,7518,88583,1364,4418,0.0,0.0,True,"[0.38642919063568115, 0.6135708689689636]","[0.38642919063568115, 0.6135708689689636]",,,,
101494,638,187.0,187,,mlp,,7518,88583,0,0,7518,88583,1364,4418,0.0,0.0,True,"[0.05637838691473007, 0.9436215758323669]","[0.05637838691473007, 0.9436215758323669]",,,,
101704,639,210.0,210,,mlp,,7518,88583,0,0,7518,88583,1364,4418,0.0,0.0,True,"[0.20540858805179596, 0.7945914268493652]","[0.20540858805179596, 0.7945914268493652]",,,,
102013,640,309.0,309,86.58650970458984,mlp,,7556,89466,0,0,7556,89466,1385,4491,0.0,0.0,True,"[0.896315336227417, 0.10368463397026062]","[0.896315336227417, 0.10368463397026062]",,,,
102162,641,149.0,149,,mlp,,7556,89466,0,0,7556,89466,1385,4491,0.0,0.0,True,"[0.036414679139852524, 0.963585376739502]","[0.036414679139852524, 0.963585376739502]",,,,
102305,642,143.0,143,,mlp,,7556,89466,0,0,7556,89466,1385,4491,0.0,0.0,True,"[0.1613761931657791, 0.8386238217353821]","[0.1613761931657791, 0.8386238217353821]",,,,
102452,643,147.0,147,,mlp,,7556,89466,0,0,7556,89466,1385,4491,0.0,0.0,True,"[0.6007917523384094, 0.3992082178592682]","[0.6007917523384094, 0.3992082178592682]",,,,
102905,644,453.0,453,93.39968872070312,mlp,,7592,90209,0,0,7592,90209,1408,4604,0.0,0.0,True,"[0.9583247900009155, 0.04167521744966507]","[0.9583247900009155, 0.04167521744966507]",,,,
103187,645,282.0,282,,mlp,,7592,90209,0,0,7592,90209,1408,4604,0.0,0.0,True,"[0.03911389037966728, 0.9608861207962036]","[0.03911389037966728, 0.9608861207962036]",,,,
103342,646,155.0,155,,mlp,,7592,90209,0,0,7592,90209,1408,4604,0.0,0.0,True,"[0.9498337507247925, 0.05016624182462692]","[0.9498337507247925, 0.05016624182462692]",,,,
103600,647,258.0,258,,mlp,,7592,90209,0,0,7592,90209,1408,4604,0.0,0.0,True,"[0.47082123160362244, 0.5291787385940552]","[0.47082123160362244, 0.5291787385940552]",,,,
103947,648,347.0,347,74.50667572021484,mlp,,7614,91123,0,0,7614,91123,1430,4710,0.0,0.0,True,"[0.6772907972335815, 0.32270923256874084]","[0.6772907972335815, 0.32270923256874084]",,,,
104259,649,312.0,312,,mlp,,7614,91123,0,0,7614,91123,1430,4710,0.0,0.0,True,"[0.9741050601005554, 0.025894906371831894]","[0.9741050601005554, 0.025894906371831894]",,,,
104521,650,262.0,262,,mlp,,7614,91123,0,0,7614,91123,1430,4710,0.0,0.0,True,"[0.301377534866333, 0.6986224055290222]","[0.301377534866333, 0.6986224055290222]",,,,
104649,651,128.0,128,,mlp,,7614,91123,0,0,7614,91123,1430,4710,0.0,0.0,True,"[0.07992061972618103, 0.9200794100761414]","[0.07992061972618103, 0.9200794100761414]",,,,
104991,652,342.0,342,85.014892578125,mlp,,7624,92093,0,0,7624,92093,1453,4774,0.0,0.0,True,"[0.965904712677002, 0.034095246344804764]","[0.965904712677002, 0.034095246344804764]",,,,
105199,653,208.0,208,,mlp,,7624,92093,0,0,7624,92093,1453,4774,0.0,0.0,True,"[0.954410195350647, 0.04558984562754631]","[0.954410195350647, 0.04558984562754631]",,,,
105384,654,185.0,185,,mlp,,7624,92093,0,0,7624,92093,1453,4774,0.0,0.0,True,"[0.7801825404167175, 0.21981745958328247]","[0.7801825404167175, 0.21981745958328247]",,,,
105651,655,267.0,267,,mlp,,7624,92093,0,0,7624,92093,1453,4774,0.0,0.0,True,"[0.8346967697143555, 0.16530324518680573]","[0.8346967697143555, 0.16530324518680573]",,,,
105924,656,273.0,273,78.89392852783203,mlp,,7668,92894,0,0,7668,92894,1476,4862,0.0,0.0,True,"[0.39434924721717834, 0.6056507229804993]","[0.39434924721717834, 0.6056507229804993]",,,,
106191,657,267.0,267,,mlp,,7668,92894,0,0,7668,92894,1476,4862,0.0,0.0,True,"[0.91579270362854, 0.08420731872320175]","[0.91579270362854, 0.08420731872320175]",,,,
106592,658,401.0,401,,mlp,,7668,92894,0,0,7668,92894,1476,4862,0.0,0.0,True,"[0.4742583632469177, 0.5257416367530823]","[0.4742583632469177, 0.5257416367530823]",,,,
106920,659,328.0,328,,mlp,,7668,92894,0,0,7668,92894,1476,4862,0.0,0.0,True,"[0.7941303849220276, 0.2058696299791336]","[0.7941303849220276, 0.2058696299791336]",,,,
107295,660,375.0,375,49.122100830078125,mlp,,7711,94092,0,0,7711,94092,1499,4992,0.0,0.0,True,"[0.5658040642738342, 0.43419596552848816]","[0.5658040642738342, 0.43419596552848816]",,,,
107442,661,147.0,147,,mlp,,7711,94092,0,0,7711,94092,1499,4992,0.0,0.0,True,"[0.05484537407755852, 0.94515460729599]","[0.05484537407755852, 0.94515460729599]",,,,
107586,662,144.0,144,,mlp,,7711,94092,0,0,7711,94092,1499,4992,0.0,0.0,True,"[0.5204910039901733, 0.47950899600982666]","[0.5204910039901733, 0.47950899600982666]",,,,
107762,663,176.0,176,,mlp,,7711,94092,0,0,7711,94092,1499,4992,0.0,0.0,True,"[0.46465033292770386, 0.5353496670722961]","[0.46465033292770386, 0.5353496670722961]",,,,
107978,664,216.0,216,27.043603897094727,mlp,,7745,94641,0,0,7745,94641,1527,5092,0.0,0.0,True,"[0.22223463654518127, 0.7777653932571411]","[0.22223463654518127, 0.7777653932571411]",,,,
108333,665,355.0,355,,mlp,,7745,94641,0,0,7745,94641,1527,5092,0.0,0.0,True,"[0.5494341850280762, 0.4505658447742462]","[0.5494341850280762, 0.4505658447742462]",,,,
108519,666,186.0,186,,mlp,,7745,94641,0,0,7745,94641,1527,5092,0.0,0.0,True,"[0.40838131308555603, 0.5916186571121216]","[0.40838131308555603, 0.5916186571121216]",,,,
108749,667,230.0,230,,mlp,,7745,94641,0,0,7745,94641,1527,5092,0.0,0.0,True,"[0.1792020946741104, 0.8207979202270508]","[0.1792020946741104, 0.8207979202270508]",,,,
108892,668,143.0,143,20.821096420288086,mlp,,7786,95322,0,0,7786,95322,1550,5284,0.0,0.0,True,"[0.2054491490125656, 0.7945508360862732]","[0.2054491490125656, 0.7945508360862732]",,,,
109392,669,500.0,500,,mlp,,7786,95322,0,0,7786,95322,1550,5284,0.0,0.0,True,"[0.6066336631774902, 0.3933663070201874]","[0.6066336631774902, 0.3933663070201874]",,,,
109785,670,393.0,393,,mlp,,7786,95322,0,0,7786,95322,1550,5284,0.0,0.0,True,"[0.7822604179382324, 0.2177395522594452]","[0.7822604179382324, 0.2177395522594452]",,,,
110096,671,311.0,311,,mlp,,7786,95322,0,0,7786,95322,1550,5284,0.0,0.0,True,"[0.2858327031135559, 0.7141673564910889]","[0.2858327031135559, 0.7141673564910889]",,,,
110256,672,160.0,160,73.33982849121094,mlp,,7836,96463,0,0,7836,96463,1573,5457,0.0,0.0,True,"[0.9665486216545105, 0.03345131129026413]","[0.9665486216545105, 0.03345131129026413]",,,,
110537,673,281.0,281,,mlp,,7836,96463,0,0,7836,96463,1573,5457,0.0,0.0,True,"[0.6765379905700684, 0.3234620690345764]","[0.6765379905700684, 0.3234620690345764]",,,,
110809,674,272.0,272,,mlp,,7836,96463,0,0,7836,96463,1573,5457,0.0,0.0,True,"[0.945829451084137, 0.054170526564121246]","[0.945829451084137, 0.054170526564121246]",,,,
111041,675,232.0,232,,mlp,,7836,96463,0,0,7836,96463,1573,5457,0.0,0.0,True,"[0.5697705149650574, 0.430229514837265]","[0.5697705149650574, 0.430229514837265]",,,,
111450,676,409.0,409,40.54683303833008,mlp,,7886,97461,0,0,7886,97461,1596,5603,0.0,0.0,True,"[0.13221271336078644, 0.8677873015403748]","[0.13221271336078644, 0.8677873015403748]",,,,
111707,677,257.0,257,,mlp,,7886,97461,0,0,7886,97461,1596,5603,0.0,0.0,True,"[0.5674108862876892, 0.43258917331695557]","[0.5674108862876892, 0.43258917331695557]",,,,
112139,678,432.0,432,,mlp,,7886,97461,0,0,7886,97461,1596,5603,0.0,0.0,True,"[0.8576318025588989, 0.14236825704574585]","[0.8576318025588989, 0.14236825704574585]",,,,
112298,679,159.0,159,,mlp,,7886,97461,0,0,7886,97461,1596,5603,0.0,0.0,True,"[0.6122329831123352, 0.3877669870853424]","[0.6122329831123352, 0.3877669870853424]",,,,
112461,680,163.0,163,67.97076416015625,mlp,,7943,98339,0,0,7943,98339,1618,5679,0.0,0.0,True,"[0.7723391652107239, 0.22766084969043732]","[0.7723391652107239, 0.22766084969043732]",,,,
112745,681,284.0,284,,mlp,,7943,98339,0,0,7943,98339,1618,5679,0.0,0.0,True,"[0.9217970967292786, 0.07820290327072144]","[0.9217970967292786, 0.07820290327072144]",,,,
112879,682,134.0,134,,mlp,,7943,98339,0,0,7943,98339,1618,5679,0.0,0.0,True,"[0.9385985136032104, 0.061401475220918655]","[0.9385985136032104, 0.061401475220918655]",,,,
113155,683,276.0,276,,mlp,,7943,98339,0,0,7943,98339,1618,5679,0.0,0.0,True,"[0.026693768799304962, 0.9733062386512756]","[0.026693768799304962, 0.9733062386512756]",,,,
113655,684,500.0,500,46.897464752197266,mlp,,8002,99404,0,0,8002,99404,1641,5749,0.0,0.0,True,"[0.27010539174079895, 0.7298946380615234]","[0.27010539174079895, 0.7298946380615234]",,,,
114026,685,371.0,371,,mlp,,8002,99404,0,0,8002,99404,1641,5749,0.0,0.0,True,"[0.8182156682014465, 0.18178431689739227]","[0.8182156682014465, 0.18178431689739227]",,,,
114153,686,127.0,127,,mlp,,8002,99404,0,0,8002,99404,1641,5749,0.0,0.0,True,"[0.9276215434074402, 0.0723784863948822]","[0.9276215434074402, 0.0723784863948822]",,,,
114653,687,500.0,500,,mlp,,8002,99404,0,0,8002,99404,1641,5749,0.0,0.0,True,"[0.8010787963867188, 0.19892123341560364]","[0.8010787963867188, 0.19892123341560364]",,,,
115059,688,406.0,406,82.29608917236328,mlp,,8052,100596,0,0,8052,100596,1664,5911,0.0,0.0,True,"[0.622498631477356, 0.37750136852264404]","[0.622498631477356, 0.37750136852264404]",,,,
115313,689,254.0,254,,mlp,,8052,100596,0,0,8052,100596,1664,5911,0.0,0.0,True,"[0.7035448551177979, 0.29645511507987976]","[0.7035448551177979, 0.29645511507987976]",,,,
115763,690,450.0,450,,mlp,,8052,100596,0,0,8052,100596,1664,5911,0.0,0.0,True,"[0.7365224957466125, 0.26347753405570984]","[0.7365224957466125, 0.26347753405570984]",,,,
115992,691,229.0,229,,mlp,,8052,100596,0,0,8052,100596,1664,5911,0.0,0.0,True,"[0.8772858381271362, 0.12271413952112198]","[0.8772858381271362, 0.12271413952112198]",,,,
116246,692,254.0,254,49.72304916381836,mlp,,8081,101675,0,0,8081,101675,1687,5990,0.0,0.0,True,"[0.6334326267242432, 0.3665674030780792]","[0.6334326267242432, 0.3665674030780792]",,,,
116717,693,471.0,471,,mlp,,8081,101675,0,0,8081,101675,1687,5990,0.0,0.0,True,"[0.9327820539474487, 0.06721791625022888]","[0.9327820539474487, 0.06721791625022888]",,,,
116863,694,146.0,146,,mlp,,8081,101675,0,0,8081,101675,1687,5990,0.0,0.0,True,"[0.6137946844100952, 0.3862053155899048]","[0.6137946844100952, 0.3862053155899048]",,,,
117363,695,500.0,500,,mlp,,8081,101675,0,0,8081,101675,1687,5990,0.0,0.0,True,"[0.14724597334861755, 0.8527540564537048]","[0.14724597334861755, 0.8527540564537048]",,,,
117796,696,433.0,433,37.570404052734375,mlp,,8108,103135,0,0,8108,103135,1708,6053,0.0,0.0,True,"[0.523247241973877, 0.47675272822380066]","[0.523247241973877, 0.47675272822380066]",,,,
117968,697,172.0,172,,mlp,,8108,103135,0,0,8108,103135,1708,6053,0.0,0.0,True,"[0.8251606822013855, 0.1748393476009369]","[0.8251606822013855, 0.1748393476009369]",,,,
118158,698,190.0,190,,mlp,,8108,103135,0,0,8108,103135,1708,6053,0.0,0.0,True,"[0.8652539849281311, 0.1347460001707077]","[0.8652539849281311, 0.1347460001707077]",,,,
118574,699,416.0,416,,mlp,,8108,103135,0,0,8108,103135,1708,6053,0.0,0.0,True,"[0.9574532508850098, 0.04254673793911934]","[0.9574532508850098, 0.04254673793911934]",,,,
119074,700,500.0,500,98.80831146240234,mlp,,8151,104318,0,0,8151,104318,1728,6105,0.0,0.0,True,"[0.28906142711639404, 0.710938572883606]","[0.28906142711639404, 0.710938572883606]",,,,
