global_step,episodes,samples,loss,actor_loss,policy_loss,critic_optimization_mse,critic_train_mse,critic_train_explained_variance,critic_train_value_mean,critic_train_diagnostics_computed,entropy,behavior_entropy,mean_behavior_epsilon,min_behavior_epsilon,max_behavior_epsilon,bias_loss,mean_reward,mean_advantage,mean_normalized_advantage,value_target_mean,bootstrap_value_source,partial_rollout_segments,partial_rollout_samples,actor_cases_added,actor_cases_pruned,actor_cases_replaced,actor_positive_advantage_samples,critic_cases_added,critic_cases_pruned,critic_cases_replaced,critic_label_updates,critic_label_update_samples,mean_episode_return,reward_varying_episodes,reward_checked_episodes,actor_type,case_entries,critic_type,critic_case_entries,action_counts,bias_min,bias_mean,bias_max
72,4,72,68.32059478759766,-0.006931348703801632,1.2252066028395348e-07,68.32752990722656,,,,False,0.6931471228599548,0.6931471228599548,1.0,1.0,1.0,0.0,1.0,7.398905277252197,1.7219119285982742e-07,7.398905277252197,nnknn_target_value_model,0,0,72,0,0,72,72,0,0,0,0,18.0,0,4,mcb_nnknn,72,mcb_nnknn,72,"[39, 33]",0.0,0.0,0.0
180,4,108,84.45130920410156,-0.0065705436281859875,-8.961999992607161e-05,84.45787811279297,,,,False,0.6480923891067505,0.6931470036506653,0.9984104037284851,0.9977326393127441,0.9990879893302917,0.0,1.0,6.199718475341797,-1.4901161193847656e-08,14.675592422485352,nnknn_target_value_model,0,0,82,0,0,82,108,0,0,0,0,27.0,0,4,mcb_nnknn,154,mcb_nnknn,180,"[79, 75]",-0.0004998871590942144,-4.987421925761737e-05,0.0004999382072128356
256,4,76,31.42209243774414,-0.006342548877000809,-8.67043636390008e-05,31.428434371948242,30.398107528686523,0.5701653957366943,11.340521812438965,True,0.6255844831466675,0.6931467652320862,0.9972450137138367,0.9967700242996216,0.9977200031280518,1.1479895789534567e-07,1.0,1.1025317907333374,1.8822518654815212e-08,12.30514144897461,nnknn_target_value_model,0,0,43,0,0,43,76,0,0,0,0,19.0,0,4,mcb_nnknn,197,mcb_nnknn,256,"[101, 96]",-0.0009997538290917873,-0.00010714668314903975,0.0009989251848310232
332,4,76,23.254383087158203,-0.006138884928077459,-2.6526418878347613e-05,23.260522842407227,,,,False,0.6112358570098877,0.6931461691856384,0.9962823987007141,0.9958073496818542,0.9967573285102844,3.0717876597918803e-07,1.0,0.7445666790008545,-2.2743877892139608e-08,10.778576850891113,nnknn_target_value_model,0,0,38,0,0,38,76,0,0,0,0,19.0,0,4,mcb_nnknn,235,mcb_nnknn,332,"[121, 114]",-0.0015009737107902765,-0.00015856261597946286,0.0014970448100939393
449,4,117,46.89643478393555,-0.0067527214996516705,-0.00043334055226296186,46.9031867980957,44.72856140136719,0.4848151206970215,13.456539154052734,True,0.631938099861145,0.693145751953125,0.9950600266456604,0.9943253397941589,0.9957946538925171,5.490519470185973e-07,1.0,3.417285680770874,-2.8528718942766318e-08,16.047935485839844,nnknn_target_value_model,0,0,77,0,0,77,117,0,0,0,0,29.25,0,4,mcb_nnknn,312,mcb_nnknn,449,"[162, 150]",-0.001951433951035142,-0.0001690502103883773,0.001944623771123588
516,4,67,19.273883819580078,-0.006332712713629007,-0.0001503967505414039,19.280216217041016,,,,False,0.6182315945625305,0.6931445598602295,0.993894636631012,0.9934766888618469,0.9943126440048218,6.941721721887006e-07,1.0,-1.3825759887695312,2.4909404316986183e-08,9.192619323730469,nnknn_target_value_model,0,0,22,0,0,22,67,25,0,0,0,16.75,0,4,mcb_nnknn,334,mcb_nnknn,491,"[173, 161]",-0.002412528032436967,-0.00020002560631837696,0.002410855842754245
666,4,150,69.18885040283203,-0.006196327041834593,-0.00010203241981798783,69.1950454711914,,,,False,0.6094294786453247,0.6931430697441101,0.9925203323364258,0.9915766716003418,0.9934639930725098,9.577188393450342e-07,1.0,4.781569957733154,-2.821286493315256e-08,16.58231544494629,nnknn_target_value_model,0,0,109,0,0,109,150,164,0,0,0,37.5,0,4,mcb_nnknn,443,mcb_nnknn,477,"[225, 218]",-0.002894526580348611,-0.00019373444956727326,0.0028126768302172422
765,4,99,39.93531799316406,-0.0068813771940767765,-0.0010793250985443592,39.94219970703125,39.24639129638672,0.498416006565094,15.965411186218262,True,0.5802052021026611,0.6931389570236206,0.9909433126449585,0.9903226494789124,0.9915639758110046,1.012479174278269e-06,1.0,0.00923170242458582,9.633073894121935e-09,15.097636222839355,nnknn_target_value_model,0,0,42,0,0,42,99,88,0,0,0,24.75,0,4,mcb_nnknn,485,mcb_nnknn,488,"[247, 238]",-0.0033153844997286797,-0.00020902333199046552,0.00319295353256166
853,4,88,43.90811538696289,-0.006942490581423044,-0.0012349466560408473,43.91505813598633,,,,False,0.5707544088363647,0.6931359171867371,0.989759087562561,0.9892079830169678,0.99031001329422,1.2449027053662576e-06,1.0,-0.1289069503545761,5.418604231977042e-09,13.600931167602539,nnknn_target_value_model,0,0,41,50,0,41,88,88,0,0,0,22.0,0,4,mcb_nnknn,476,mcb_nnknn,488,"[233, 243]",-0.0019123316742479801,3.16013720293995e-05,0.003567952662706375
917,4,64,29.893390655517578,-0.006757549475878477,-0.001092100515961647,29.900148391723633,30.543235778808594,0.48444581031799316,12.9580659866333,True,0.5665448904037476,0.6931338906288147,0.9887962937355042,0.9883973598480225,0.9891953468322754,9.09158700324042e-07,1.0,-2.0060815811157227,9.313225746154785e-10,10.516165733337402,nnknn_target_value_model,0,0,22,0,0,22,64,50,2,0,0,16.0,0,4,mcb_nnknn,498,mcb_nnknn,500,"[245, 253]",-0.0023496486246585846,1.0686350833566394e-05,0.0040667406283319
1007,4,90,39.29619216918945,-0.00804940890520811,-0.0020340404007583857,39.30424118041992,,,,False,0.6015368700027466,0.6931349635124207,0.9878210425376892,0.9872573614120483,0.9883846640586853,1.1064539648941718e-06,1.0,1.8207241296768188,2.6490953430879927e-08,13.87535285949707,nnknn_target_value_model,0,0,48,50,0,48,90,69,21,0,0,22.5,0,4,mcb_nnknn,496,mcb_nnknn,500,"[247, 249]",-0.0014371101278811693,0.00020072850747965276,0.004400504287332296
1147,4,140,49.93964767456055,-0.007551285438239574,-0.0017296905862167478,49.947200775146484,,,,False,0.5821595191955566,0.6931282877922058,0.9863643050193787,0.9854840040206909,0.9872446656227112,9.705504453449976e-07,1.0,3.1184210777282715,3.5762788286319847e-08,16.858179092407227,nnknn_target_value_model,0,0,91,75,0,91,140,65,75,0,0,35.0,0,4,mcb_nnknn,487,mcb_nnknn,500,"[235, 252]",-0.0004995199851691723,0.00040765604353509843,0.003923560958355665
1225,4,78,29.538448333740234,-0.00760352797806263,-0.0025776152033358812,29.546051025390625,28.454883575439453,0.5672445297241211,14.015448570251465,True,0.5025913119316101,0.693110466003418,0.9849836826324463,0.984495997428894,0.9854713082313538,8.394523547394783e-07,1.0,-1.604264736175537,0.0,11.61852741241455,nnknn_target_value_model,0,0,27,25,0,27,78,58,20,0,0,19.5,0,4,mcb_nnknn,489,mcb_nnknn,500,"[231, 258]",-0.0004998415242880583,0.0004512767482083291,0.004216757137328386
1334,4,109,57.28520965576172,-0.007118260022252798,-0.0018240963108837605,57.292327880859375,,,,False,0.5294163823127747,0.6931095719337463,0.9837993383407593,0.9831153154373169,0.9844833612442017,9.175496415991802e-07,1.0,2.3685154914855957,7.655642342285773e-09,15.038798332214355,nnknn_target_value_model,0,0,54,50,0,54,109,67,42,0,0,27.25,0,4,mcb_nnknn,493,mcb_nnknn,500,"[224, 269]",-0.0004974675248377025,0.0005018461961299181,0.00414320919662714
1407,4,73,26.18927574157715,-0.00802878849208355,-0.002534283325076103,26.197303771972656,22.883508682250977,0.6025465726852417,13.402352333068848,True,0.5494505763053894,0.6931089162826538,0.9826465845108032,0.9821906685829163,0.9831026792526245,9.282085216000269e-07,1.0,-1.2892705202102661,-2.1229052293847417e-08,11.233673095703125,nnknn_target_value_model,0,0,30,25,0,30,73,44,29,0,0,18.25,0,4,mcb_nnknn,498,mcb_nnknn,500,"[229, 269]",-0.000499728717841208,0.0005141198635101318,0.004642170388251543
1508,4,101,19.634172439575195,-0.008147119544446468,-0.002282988978549838,19.642318725585938,,,,False,0.5864130258560181,0.6931158304214478,0.9815446734428406,0.9809113144874573,0.9821779727935791,9.962182048184332e-07,1.0,-0.32321763038635254,-9.44231981492294e-09,13.598834991455078,nnknn_target_value_model,0,0,47,50,0,47,101,35,66,0,0,25.25,0,4,mcb_nnknn,495,mcb_nnknn,500,"[226, 269]",-0.0004703681915998459,0.0005562510341405869,0.004412413574755192
1571,4,63,38.49177551269531,-0.00942656584084034,-0.004135896451771259,38.50120162963867,,,,False,0.5290669202804565,0.6930949091911316,0.9805060029029846,0.9801133275032043,0.9808986783027649,1.0574188991085975e-06,1.0,-1.481934666633606,-2.4598742598413992e-08,10.449246406555176,nnknn_target_value_model,0,0,22,25,0,22,63,49,14,0,0,15.75,0,4,mcb_nnknn,492,mcb_nnknn,500,"[223, 269]",-0.0004983163089491427,0.0005804310203529894,0.004911774303764105
1665,4,94,15.058753967285156,-0.008700310252606869,-0.003454670077189803,15.06745433807373,13.902886390686035,0.7348301410675049,13.54197883605957,True,0.5245640277862549,0.6930887699127197,0.9795116782188416,0.9789226651191711,0.980100691318512,1.1118983138658223e-06,1.0,-0.7315322160720825,-4.058188451949718e-08,12.158390998840332,nnknn_target_value_model,0,0,39,50,0,39,94,38,56,0,0,23.5,0,4,mcb_nnknn,481,mcb_nnknn,500,"[218, 263]",-0.00038615797529928386,0.0006490903324447572,0.005334585905075073
1751,4,86,20.326040267944336,-0.00978404562920332,-0.004572710953652859,20.335824966430664,,,,False,0.5211334824562073,0.6930785775184631,0.9783717393875122,0.9778333306312561,0.9789100289344788,1.2559518154375837e-06,1.0,-1.8651344776153564,-1.178231379128647e-08,12.027861595153809,nnknn_target_value_model,0,0,31,25,0,31,86,42,44,0,0,21.5,0,4,mcb_nnknn,487,mcb_nnknn,500,"[222, 265]",-0.0004996761563234031,0.0006684252293780446,0.005641529336571693
1820,4,69,13.44810962677002,-0.008505824021995068,-0.003551334608346224,13.456615447998047,11.2769193649292,0.7428189516067505,11.455170631408691,True,0.4954489469528198,0.6930608153343201,0.9773899912834167,0.9769593477249146,0.9778206944465637,1.3361739092943026e-06,1.0,-1.42662513256073,3.282574567720076e-08,9.63875675201416,nnknn_target_value_model,0,0,23,25,0,23,69,40,29,0,0,17.25,0,4,mcb_nnknn,485,mcb_nnknn,500,"[221, 264]",-0.0004982080426998436,0.0007057531620375812,0.006140832789242268
1902,4,82,14.880817413330078,-0.009345054626464844,-0.004422650206834078,14.890162467956543,,,,False,0.4922404885292053,0.693049430847168,0.9764336347579956,0.9759206771850586,0.9769466519355774,1.4177227285472327e-06,1.0,0.15847110748291016,-1.1630174157062356e-08,10.76213264465332,nnknn_target_value_model,0,0,40,25,0,40,82,40,42,0,0,20.5,0,4,mcb_nnknn,500,mcb_nnknn,500,"[227, 273]",-0.00047965170233510435,0.0007057534530758858,0.005641561932861805
1952,4,50,17.38487434387207,-0.010691877454519272,-0.005269837565720081,17.395566940307617,,,,False,0.542203962802887,0.6930699944496155,0.975597620010376,0.9752873182296753,0.9759079813957214,1.38192103804613e-06,1.0,-2.431290626525879,4.76837147544984e-09,6.925894737243652,nnknn_target_value_model,0,0,11,25,0,11,50,37,13,0,0,12.5,0,4,mcb_nnknn,486,mcb_nnknn,500,"[227, 259]",-0.00035592427593655884,0.0007392034167423844,0.00578948063775897
2040,4,88,17.086713790893555,-0.009353544563055038,-0.003887876868247986,17.096067428588867,17.294273376464844,0.6632027626037598,11.829334259033203,True,0.5465667247772217,0.6930646300315857,0.9747236371040344,0.9741726517677307,0.9752746820449829,1.4556824226019671e-06,1.0,0.4090580642223358,-8.127906347965563e-09,12.285170555114746,nnknn_target_value_model,0,0,42,50,0,42,88,40,48,0,0,22.0,0,4,mcb_nnknn,478,mcb_nnknn,500,"[222, 256]",-1.8846494640456513e-05,0.0007957086781971157,0.006049011833965778
2139,4,99,23.212955474853516,-0.011251670308411121,-0.005967337638139725,23.224206924438477,,,,False,0.5284332633018494,0.6930484771728516,0.9735393524169922,0.972918689250946,0.9741600155830383,1.6258024970738916e-06,1.0,0.5232131481170654,3.612402821318028e-09,12.557461738586426,nnknn_target_value_model,0,0,48,25,0,48,99,29,70,0,0,24.75,0,4,mcb_nnknn,487,mcb_nnknn,500,"[228, 259]",-1.0210496839135885e-05,0.0008397347992286086,0.005789871793240309
2253,4,114,29.197580337524414,-0.01066478993743658,-0.005698315799236298,29.20824432373047,29.195568084716797,0.6294169425964355,12.910691261291504,True,0.4966474175453186,0.693020761013031,0.9721903204917908,0.9714746475219727,0.9729059934616089,1.767935827956535e-06,1.0,1.809079885482788,1.0456955301663129e-09,15.193782806396484,nnknn_target_value_model,0,0,70,44,13,70,114,37,77,0,0,28.5,0,4,mcb_nnknn,500,mcb_nnknn,500,"[235, 265]",0.0,0.0008790261927060783,0.006289168726652861
2325,4,72,14.192907333374023,-0.01139833778142929,-0.006817956920713186,14.204305648803711,,,,False,0.4580380618572235,0.6929914951324463,0.9710123538970947,0.9705626964569092,0.9714620113372803,1.9585966128943255e-06,1.0,-1.8508296012878418,-2.81466370211092e-08,10.161296844482422,nnknn_target_value_model,0,0,24,25,0,24,72,19,53,0,0,18.0,0,4,mcb_nnknn,499,mcb_nnknn,500,"[236, 263]",-1.419364707544446e-05,0.0008904020069167018,0.006548901088535786
2379,4,54,13.26584529876709,-0.007791279815137386,-0.003448782255873084,13.273636817932129,,,,False,0.43424975872039795,0.6929560303688049,0.970214307308197,0.9698786735534668,0.970550000667572,2.010699290622142e-06,1.0,-2.7309422492980957,-3.5321271241173235e-08,7.50917911529541,nnknn_target_value_model,0,0,14,18,0,14,54,20,34,0,0,13.5,0,4,mcb_nnknn,495,mcb_nnknn,500,"[230, 265]",0.0,0.0008944768342189491,0.00668740551918745
2466,4,87,32.30021667480469,-0.010821627452969551,-0.006073357071727514,32.311038970947266,32.17216873168945,0.4863373041152954,9.787434577941895,True,0.47482702136039734,0.6929759979248047,0.9693213105201721,0.9687766432762146,0.9698659777641296,2.006084969252697e-06,1.0,1.719221830368042,-2.1923547421920375e-08,12.150056838989258,nnknn_target_value_model,0,0,46,23,18,46,87,45,42,0,0,21.75,0,4,mcb_nnknn,500,mcb_nnknn,500,"[233, 267]",0.0,0.0009099406888708472,0.007187162060290575
2516,4,50,7.097558975219727,-0.011799067258834839,-0.006976323202252388,7.109357833862305,,,,False,0.48227447271347046,0.6929711699485779,0.9684536457061768,0.9681433439254761,0.9687640070915222,2.097067181239254e-06,1.0,-1.979488730430603,3.814697180359872e-08,7.0955071449279785,nnknn_target_value_model,0,0,9,15,0,9,50,18,32,0,0,12.5,0,4,mcb_nnknn,494,mcb_nnknn,500,"[231, 263]",0.0,0.00093125831335783,0.007075515575706959
2587,4,71,9.332036018371582,-0.012306587770581245,-0.00867016427218914,9.344342231750488,9.269661903381348,0.6647387146949768,9.686322212219238,True,0.3636423647403717,0.6928681135177612,0.9676873683929443,0.967244029045105,0.9681306481361389,2.2392657683667494e-06,1.0,-0.8657203316688538,-1.1753028772432117e-08,9.569555282592773,nnknn_target_value_model,0,0,22,25,0,22,71,19,52,0,0,17.75,0,4,mcb_nnknn,491,mcb_nnknn,500,"[235, 256]",-1.7808022676035762e-05,0.0009536598809063435,0.006576198618859053
2694,4,107,33.86418914794922,-0.01154088880866766,-0.0077955154702067375,33.875728607177734,,,,False,0.3745373487472534,0.6928657293319702,0.9665600061416626,0.9658886790275574,0.9672313332557678,2.3318270905292593e-06,1.0,2.591571092605591,3.676548132602875e-08,13.781633377075195,nnknn_target_value_model,0,0,66,36,21,66,107,46,61,0,0,26.75,0,4,mcb_nnknn,500,mcb_nnknn,500,"[244, 256]",0.0,0.0009478926076553762,0.0068930708803236485
2779,4,85,32.568336486816406,-0.011029127053916454,-0.007030826527625322,32.57936477661133,,,,False,0.39983004331588745,0.6928694248199463,0.9653440713882446,0.9648119807243347,0.9658759832382202,2.366283979426953e-06,1.0,1.1065261363983154,-1.1920929132713809e-08,11.661470413208008,nnknn_target_value_model,0,0,44,40,4,44,85,34,51,0,0,21.25,0,4,mcb_nnknn,500,mcb_nnknn,500,"[259, 241]",0.0,0.0009926608763635159,0.007391680963337421
2861,4,82,50.213985443115234,-0.00913640484213829,-0.005442047957330942,50.223121643066406,49.14682388305664,0.2613394260406494,10.651598930358887,True,0.36943569779396057,0.6928144097328186,0.9642864465713501,0.9637733101844788,0.9647993445396423,2.5994834231823916e-06,1.0,1.426153540611267,-3.6344296461265913e-09,12.72120475769043,nnknn_target_value_model,0,0,40,30,10,40,82,45,37,0,0,20.5,0,4,mcb_nnknn,500,mcb_nnknn,500,"[254, 246]",0.0,0.0010216793743893504,0.006891781929880381
2968,4,107,33.244667053222656,-0.0102311410009861,-0.006487328093498945,33.25489807128906,,,,False,0.37438124418258667,0.6927879452705383,0.9630892872810364,0.9624180197715759,0.9637606739997864,2.6368106773588806e-06,1.0,1.87425696849823,-2.562442702469525e-08,14.027769088745117,nnknn_target_value_model,0,0,59,39,20,59,107,27,80,0,0,26.75,0,4,mcb_nnknn,500,mcb_nnknn,500,"[248, 252]",0.0,0.0010199184762313962,0.006391911301761866
3109,4,141,73.24697875976562,-0.010456472635269165,-0.006139053497463465,73.25743865966797,72.21176147460938,0.5133814215660095,14.160667419433594,True,0.43174195289611816,0.6928268074989319,0.9615186452865601,0.9606320261955261,0.9624053239822388,2.626479272294091e-06,1.0,5.123836517333984,1.1836383428942554e-08,19.01272964477539,nnknn_target_value_model,0,0,92,48,44,92,141,41,100,0,0,35.25,0,4,mcb_nnknn,500,mcb_nnknn,500,"[235, 265]",0.0,0.0010470175184309483,0.0068677812814712524
3213,4,104,35.32974624633789,-0.01263456605374813,-0.008446380496025085,35.34238052368164,,,,False,0.4188185930252075,0.6927909851074219,0.9599670171737671,0.9593146443367004,0.960619330406189,2.744239282037597e-06,1.0,1.2834657430648804,6.8774590467057806e-09,15.277003288269043,nnknn_target_value_model,0,0,51,41,10,51,104,36,68,0,0,26.0,0,4,mcb_nnknn,500,mcb_nnknn,500,"[230, 270]",0.0,0.0010762714082375169,0.007215781137347221
3316,4,103,21.982677459716797,-0.014227714389562607,-0.00981818325817585,21.996904373168945,,,,False,0.44095316529273987,0.6927865147590637,0.9586559534072876,0.9580100178718567,0.9593020081520081,2.861410848709056e-06,1.0,-0.32022592425346375,-1.504583302391893e-08,13.67822265625,nnknn_target_value_model,0,0,48,31,17,48,103,39,64,0,0,25.75,0,4,mcb_nnknn,500,mcb_nnknn,500,"[235, 265]",0.0,0.0011039490345865488,0.007715245708823204
3395,4,79,18.559734344482422,-0.017302367836236954,-0.013813218101859093,18.577035903930664,18.30055046081543,0.5287942886352539,11.207417488098145,True,0.3489149212837219,0.6926544904708862,0.9575033783912659,0.9570093154907227,0.9579973220825195,2.987854031744064e-06,1.0,0.27385571599006653,-1.8107739307993143e-08,10.919962882995605,nnknn_target_value_model,0,0,41,22,19,41,79,37,42,0,0,19.75,0,4,mcb_nnknn,500,mcb_nnknn,500,"[235, 265]",0.0,0.0011406595585867763,0.00821502786129713
3505,4,110,20.73845863342285,-0.015541221015155315,-0.011751008220016956,20.753999710083008,,,,False,0.3790213167667389,0.6926692128181458,0.9563063979148865,0.9556159973144531,0.9569966793060303,3.140826265735086e-06,1.0,0.2609728276729584,-4.334883119128108e-09,14.398544311523438,nnknn_target_value_model,0,0,47,20,27,47,110,34,76,0,0,27.5,0,4,mcb_nnknn,500,mcb_nnknn,500,"[235, 265]",0.0,0.001135981292463839,0.008259108290076256
3624,4,119,31.26297378540039,-0.009992264211177826,-0.00565945403650403,31.272966384887695,29.665637969970703,0.5118811130523682,13.654977798461914,True,0.4332810640335083,0.6927140951156616,0.9548560380935669,0.9541086554527283,0.9556033611297607,3.134138978566625e-06,1.0,1.3590930700302124,-5.008793824146096e-09,14.901994705200195,nnknn_target_value_model,0,0,60,23,37,60,119,29,90,0,0,29.75,0,4,mcb_nnknn,500,mcb_nnknn,500,"[236, 264]",0.0,0.0011811552103608847,0.008758917450904846
3705,4,81,22.295127868652344,-0.017583033069968224,-0.014058100990951061,22.312711715698242,,,,False,0.35249319672584534,0.6925647258758545,0.9535893797874451,0.9530826807022095,0.9540960192680359,3.374045945747639e-06,1.0,-0.7727469801902771,-1.4717196350488848e-09,11.662044525146484,nnknn_target_value_model,0,0,31,26,5,31,81,28,53,0,0,20.25,0,4,mcb_nnknn,500,mcb_nnknn,500,"[242, 258]",0.0,0.0012465107720345259,0.009258879348635674
3778,4,73,12.511761665344238,-0.017118271440267563,-0.014894054271280766,12.52888011932373,,,,False,0.22242164611816406,0.6923356652259827,0.9526140689849854,0.9521579742431641,0.9530699849128723,3.72904082723835e-06,1.0,-0.6959552764892578,1.3064031634257844e-08,9.87437915802002,nnknn_target_value_model,0,0,31,12,19,31,73,12,61,0,0,18.25,0,4,mcb_nnknn,500,mcb_nnknn,500,"[241, 259]",0.0,0.0012814196525141597,0.009758788160979748
3854,4,76,18.011777877807617,-0.017210260033607483,-0.014587941579520702,18.028987884521484,17.617149353027344,0.6272076368331909,12.343332290649414,True,0.2622317969799042,0.6923515200614929,0.9516704082489014,0.9511953592300415,0.9521453380584717,3.924658358300803e-06,1.0,-1.0237324237823486,1.2548346361995755e-08,11.038000106811523,nnknn_target_value_model,0,0,30,18,12,30,76,23,53,0,0,19.0,0,4,mcb_nnknn,500,mcb_nnknn,500,"[239, 261]",0.0,0.0012955217389389873,0.010258529335260391
3934,4,80,17.574203491210938,-0.015345844440162182,-0.011716356500983238,17.589550018310547,,,,False,0.36294880509376526,0.6924972534179688,0.9506822824478149,0.9501820206642151,0.9511826634407043,4.144450485910056e-06,1.0,-0.5086489319801331,-1.415610295651959e-08,11.26767635345459,nnknn_target_value_model,0,0,35,26,9,35,80,41,39,0,0,20.0,0,4,mcb_nnknn,500,mcb_nnknn,500,"[229, 271]",0.0,0.0013297901023179293,0.010758301243185997
4024,4,90,27.096872329711914,-0.01617312617599964,-0.01335078477859497,27.11304473876953,26.5673770904541,0.6007144451141357,12.00379753112793,True,0.28223416209220886,0.692332923412323,0.9496056437492371,0.949042022228241,0.9501693248748779,4.366688699519727e-06,1.0,0.9761527180671692,1.7219120351796846e-08,13.216530799865723,nnknn_target_value_model,0,0,48,14,34,48,90,26,64,0,0,22.5,0,4,mcb_nnknn,500,mcb_nnknn,500,"[235, 265]",0.0,0.0013202268164604902,0.010607870295643806
4088,4,64,12.050289154052734,-0.018782231956720352,-0.015715934336185455,12.069071769714355,,,,False,0.3066297769546509,0.6923542022705078,0.9486303925514221,0.9482313394546509,0.9490293264389038,4.4076386984670535e-06,1.0,-1.6317427158355713,-1.30385160446167e-08,8.742664337158203,nnknn_target_value_model,0,0,19,25,0,19,64,22,42,0,0,16.0,0,4,mcb_nnknn,494,mcb_nnknn,500,"[232, 262]",-9.987677913159132e-06,0.0013897002208977938,0.0111077344045043
4187,4,99,15.569037437438965,-0.023044884204864502,-0.0207196194678545,15.592082023620605,,,,False,0.23252640664577484,0.6921752691268921,0.9475979804992676,0.9469773173332214,0.9482186436653137,4.855296083405847e-06,1.0,1.4709416627883911,4.997157176944711e-08,12.643294334411621,nnknn_target_value_model,0,0,67,13,48,67,99,24,75,0,0,24.75,0,4,mcb_nnknn,500,mcb_nnknn,500,"[237, 263]",0.0,0.0014075522776693106,0.010608701966702938
4341,4,154,79.72640228271484,-0.013683917932212353,-0.01072409376502037,79.7400894165039,78.99821472167969,0.3385242223739624,11.982884407043457,True,0.29598256945610046,0.6922442317008972,0.9459956884384155,0.945026695728302,0.946964681148529,5.016940576751949e-06,1.0,5.558837890625,-3.1350495532933564e-08,17.450986862182617,nnknn_target_value_model,0,0,105,29,76,105,154,35,119,0,0,38.5,0,4,mcb_nnknn,500,mcb_nnknn,500,"[234, 266]",0.0,0.001409834949299693,0.011102361604571342
4467,4,126,37.01136016845703,-0.016958575695753098,-0.014056247659027576,37.0283203125,,,,False,0.2902328670024872,0.6921893358230591,0.9442223310470581,0.9434306621551514,0.9450139999389648,5.026912276662188e-06,1.0,2.8056271076202393,8.514949634275126e-09,15.661828994750977,nnknn_target_value_model,0,0,79,17,62,79,126,31,95,0,0,31.5,0,4,mcb_nnknn,500,mcb_nnknn,500,"[234, 266]",0.0,0.0014444272965192795,0.010603436268866062
4525,4,58,17.26599884033203,-0.015231472440063953,-0.01300669927150011,17.281230926513672,15.478824615478516,0.6557936668395996,10.966320991516113,True,0.22247742116451263,0.6919976472854614,0.9430570006370544,0.9426959753036499,0.943418025970459,5.25211635249434e-06,1.0,-2.50939679145813,5.7549311094362565e-08,8.579913139343262,nnknn_target_value_model,0,0,14,9,5,14,58,15,43,0,0,14.5,0,4,mcb_nnknn,500,mcb_nnknn,500,"[237, 263]",0.0,0.0014521621633321047,0.010454526171088219
4611,4,86,25.37442398071289,-0.01993686892092228,-0.017000574618577957,25.39436149597168,,,,False,0.2936294376850128,0.6920955777168274,0.942145049571991,0.9416066408157349,0.9426833391189575,5.301798864820739e-06,1.0,1.12442147731781,-3.32677103642709e-08,12.2621431350708,nnknn_target_value_model,0,0,46,18,28,46,86,26,60,0,0,21.5,0,4,mcb_nnknn,500,mcb_nnknn,500,"[238, 262]",0.0,0.0014875776832923293,0.010953507386147976
4693,4,82,13.738737106323242,-0.02461325377225876,-0.021448545157909393,13.763350486755371,,,,False,0.31647077202796936,0.6921365261077881,0.9410809874534607,0.9405679702758789,0.9415940046310425,5.628032340609934e-06,1.0,-0.35790616273880005,-2.544100752288614e-08,10.876829147338867,nnknn_target_value_model,0,0,41,26,15,41,82,19,63,0,0,20.5,0,4,mcb_nnknn,500,mcb_nnknn,500,"[241, 259]",0.0,0.0015233990270644426,0.011452913284301758
4780,4,87,18.789119720458984,-0.02202899567782879,-0.0192441176623106,18.81114959716797,18.696949005126953,0.632760763168335,11.690184593200684,True,0.27848780155181885,0.6919797658920288,0.940010666847229,0.9394659996032715,0.9405553340911865,5.921943284192821e-06,1.0,0.5624099969863892,1.644266056644028e-08,11.986479759216309,nnknn_target_value_model,0,0,42,14,28,42,87,15,72,0,0,21.75,0,4,mcb_nnknn,500,mcb_nnknn,500,"[244, 256]",0.0,0.001566447550430894,0.011295821517705917
4893,4,113,28.910860061645508,-0.013948784209787846,-0.011519919149577618,28.924808502197266,,,,False,0.24288657307624817,0.6918489336967468,0.9387440085411072,0.9380346536636353,0.9394533038139343,6.200827101565665e-06,1.0,1.667386531829834,-2.109898922242337e-08,14.326028823852539,nnknn_target_value_model,0,0,65,15,50,65,113,13,100,0,0,28.25,0,4,mcb_nnknn,500,mcb_nnknn,500,"[242, 258]",0.0,0.0015755126951262355,0.010796623304486275
4977,4,84,14.405509948730469,-0.017557185143232346,-0.015097512863576412,14.423067092895508,14.507174491882324,0.6967869997024536,12.39271068572998,True,0.24596720933914185,0.6917884945869446,0.9374963045120239,0.9369706511497498,0.9380220174789429,6.314532583928667e-06,1.0,-0.20467574894428253,-8.86973872127328e-09,11.7076416015625,nnknn_target_value_model,0,0,38,25,13,38,84,22,62,0,0,21.0,0,4,mcb_nnknn,500,mcb_nnknn,500,"[243, 257]",0.0,0.001589274383150041,0.010568657889962196
5046,4,69,10.814811706542969,-0.013561693020164967,-0.01064149197191,10.828372955322266,,,,False,0.29202020168304443,0.6918663382530212,0.9365273118019104,0.9360966682434082,0.9369580149650574,6.43919065623777e-06,1.0,-1.1776776313781738,-2.073205074282214e-08,9.301876068115234,nnknn_target_value_model,0,0,24,23,1,24,69,24,45,0,0,17.25,0,4,mcb_nnknn,500,mcb_nnknn,500,"[241, 259]",0.0,0.001628985395655036,0.010678730905056
5180,4,134,43.960208892822266,-0.017282262444496155,-0.013688881881535053,43.97748947143555,,,,False,0.3593381643295288,0.6920452117919922,0.9352416396141052,0.9343993067741394,0.936083972454071,6.645993835263653e-06,1.0,3.753159999847412,-3.2915998815497005e-08,15.008551597595215,nnknn_target_value_model,0,0,94,17,77,94,134,19,115,0,0,33.5,0,4,mcb_nnknn,500,mcb_nnknn,500,"[242, 258]",0.0,0.00165918143466115,0.010294615291059017
5265,4,85,13.051051139831543,-0.016943931579589844,-0.014497451484203339,13.067995071411133,12.815864562988281,0.7006938457489014,12.06605339050293,True,0.24464793503284454,0.6916273832321167,0.9338546991348267,0.9333226680755615,0.934386670589447,6.8846034082525875e-06,1.0,-0.35255205631256104,-5.6098490297529224e-09,11.415882110595703,nnknn_target_value_model,0,0,38,11,27,38,85,17,68,0,0,21.25,0,4,mcb_nnknn,500,mcb_nnknn,500,"[238, 262]",0.0,0.001649688696488738,0.009796270169317722
5359,4,94,12.7035493850708,-0.02569432370364666,-0.023092422634363174,12.729243278503418,,,,False,0.26019006967544556,0.6916423439979553,0.9327210783958435,0.9321320056915283,0.9333099722862244,6.731563189532608e-06,1.0,0.12202204763889313,-3.804551784725163e-09,12.042251586914062,nnknn_target_value_model,0,0,48,19,29,48,94,24,70,0,0,23.5,0,4,mcb_nnknn,500,mcb_nnknn,500,"[236, 264]",0.0,0.0016501767095178366,0.010180151090025902
5475,4,116,30.82516098022461,-0.022756129503250122,-0.01989671215415001,30.847917556762695,30.775651931762695,0.5539761781692505,13.469941139221191,True,0.2859416604042053,0.6916438341140747,0.9313910007476807,0.9306626915931702,0.9321193099021912,6.74835428071674e-06,1.0,2.0960798263549805,3.0829989672298552e-09,14.63791561126709,nnknn_target_value_model,0,0,72,15,57,72,116,27,89,0,0,29.0,0,4,mcb_nnknn,500,mcb_nnknn,500,"[235, 265]",0.0,0.0016841264441609383,0.009680402465164661
5556,4,81,20.82244873046875,-0.023197222501039505,-0.020592214539647102,20.845645904541016,,,,False,0.26050081849098206,0.6915068030357361,0.9301433563232422,0.9296366572380066,0.930649995803833,6.9732691372337285e-06,1.0,0.3389410674571991,2.9434392700977696e-09,11.766074180603027,nnknn_target_value_model,0,0,37,14,23,37,81,17,64,0,0,20.25,0,4,mcb_nnknn,500,mcb_nnknn,500,"[236, 264]",0.0,0.0016809568041935563,0.010179913602769375
5725,4,169,58.81095504760742,-0.016499115154147148,-0.013591750524938107,58.82745361328125,,,,False,0.29073649644851685,0.6915507316589355,0.9285599589347839,0.9274960160255432,0.9296240210533142,7.079332590365084e-06,1.0,5.582700729370117,6.20734752487806e-08,17.16208839416504,nnknn_target_value_model,0,0,132,11,121,132,169,16,153,0,0,42.25,0,4,mcb_nnknn,500,mcb_nnknn,500,"[235, 265]",0.0,0.0017040764214470983,0.010068896226584911
5806,4,81,26.60532569885254,-0.02497231774032116,-0.02263728156685829,26.630298614501953,26.17267608642578,0.5369526147842407,12.376961708068848,True,0.23350362479686737,0.6912811398506165,0.9269766807556152,0.9264699816703796,0.927483320236206,7.171593097154982e-06,1.0,-0.33796826004981995,-2.9434392700977696e-09,12.080780029296875,nnknn_target_value_model,0,0,35,9,26,35,81,20,61,0,0,20.25,0,4,mcb_nnknn,500,mcb_nnknn,500,"[231, 269]",0.0,0.0016930559650063515,0.01017982978373766
5869,4,63,16.30649757385254,-0.027029188349843025,-0.024357613176107407,16.333526611328125,,,,False,0.26715749502182007,0.6913602948188782,0.926064670085907,0.9256719946861267,0.9264573454856873,7.133919552870793e-06,1.0,-1.3678935766220093,2.2706531765948057e-08,9.155640602111816,nnknn_target_value_model,0,0,23,8,15,23,63,14,49,0,0,15.75,0,4,mcb_nnknn,500,mcb_nnknn,500,"[233, 267]",0.0,0.0016866734949871898,0.010679722763597965
5970,4,101,19.153932571411133,-0.023783467710018158,-0.020641006529331207,19.177715301513672,19.070690155029297,0.624954342842102,12.582940101623535,True,0.31424614787101746,0.6914884448051453,0.925025999546051,0.9243926405906677,0.9256593585014343,7.1278427640208974e-06,1.0,1.4397386312484741,2.4786089625195018e-08,12.894634246826172,nnknn_target_value_model,0,0,60,13,47,60,101,21,80,0,0,25.25,0,4,mcb_nnknn,500,mcb_nnknn,500,"[234, 266]",0.0,0.0017092879861593246,0.011179615743458271
6071,4,101,18.38532066345215,-0.025070102885365486,-0.021810973063111305,18.410390853881836,,,,False,0.3259130120277405,0.6914745569229126,0.923746645450592,0.9231133460998535,0.9243800044059753,7.424554951285245e-06,1.0,1.5072003602981567,-2.1835365515698868e-08,13.248353958129883,nnknn_target_value_model,0,0,61,19,42,61,101,29,72,0,0,25.25,0,4,mcb_nnknn,500,mcb_nnknn,500,"[232, 268]",0.0,0.0017497020307928324,0.011678775772452354
6173,4,102,18.207386016845703,-0.023503681644797325,-0.020665325224399567,18.23089027404785,,,,False,0.28383567929267883,0.6912489533424377,0.9224610328674316,0.9218213558197021,0.9231006503105164,7.815024218871258e-06,1.0,1.1383516788482666,-4.674874265475637e-09,12.826255798339844,nnknn_target_value_model,0,0,60,13,47,60,102,10,92,0,0,25.5,0,4,mcb_nnknn,500,mcb_nnknn,500,"[230, 270]",0.0,0.0017376497853547335,0.011218354105949402
6318,4,145,38.46017074584961,-0.0244015883654356,-0.021842101588845253,38.48457336425781,36.664825439453125,0.5860884189605713,13.326292991638184,True,0.2559486925601959,0.6910600066184998,0.9208966493606567,0.9199846386909485,0.921808660030365,7.71800296206493e-06,1.0,3.8191351890563965,9.043463222724313e-08,16.389907836914062,nnknn_target_value_model,0,0,105,40,65,105,145,37,108,0,0,36.25,0,4,mcb_nnknn,500,mcb_nnknn,500,"[230, 270]",0.0,0.0017836957704275846,0.011717437766492367
6403,4,85,13.403687477111816,-0.023012788966298103,-0.0197372455149889,13.426700592041016,,,,False,0.3275544047355652,0.691293478012085,0.9194400310516357,0.9189079999923706,0.9199720025062561,8.023211194085889e-06,1.0,-0.7449592351913452,2.243939611901169e-08,11.712644577026367,nnknn_target_value_model,0,0,35,12,23,35,85,8,77,0,0,21.25,0,4,mcb_nnknn,500,mcb_nnknn,500,"[227, 273]",0.0,0.0017782835057005286,0.011557875201106071
6528,4,125,23.329769134521484,-0.027007481083273888,-0.023788345977663994,23.35677719116211,22.741853713989258,0.6546149253845215,14.186309814453125,True,0.32191354036331177,0.691198468208313,0.9181100726127625,0.9173246622085571,0.9188953042030334,7.911859938758425e-06,1.0,1.558721899986267,4.386901863995263e-08,15.28252124786377,nnknn_target_value_model,0,0,75,23,52,75,125,31,94,0,0,31.25,0,4,mcb_nnknn,500,mcb_nnknn,500,"[222, 278]",0.0,0.0018237014301121235,0.011399799026548862
6606,4,78,27.464542388916016,-0.028588011860847473,-0.02594497799873352,27.49312973022461,,,,False,0.2643033266067505,0.6908940076828003,0.9168243408203125,0.9163366556167603,0.9173120260238647,8.173105925379787e-06,1.0,-0.8951762318611145,-4.58497284583359e-09,11.783096313476562,nnknn_target_value_model,0,0,35,14,21,35,78,27,51,0,0,19.5,0,4,mcb_nnknn,500,mcb_nnknn,500,"[224, 276]",0.0,0.001805737498216331,0.010900662280619144
6720,4,114,33.668968200683594,-0.0268520787358284,-0.024690572172403336,33.69581985473633,,,,False,0.21615073084831238,0.690609872341156,0.9156083464622498,0.9148926734924316,0.9163240194320679,7.937048394524027e-06,1.0,2.2258005142211914,1.2548346361995755e-08,15.091140747070312,nnknn_target_value_model,0,0,69,10,59,69,114,15,99,0,0,28.5,0,4,mcb_nnknn,500,mcb_nnknn,500,"[218, 282]",0.0,0.0018212735885754228,0.010748845525085926
6805,4,85,33.082420349121094,-0.028948888182640076,-0.026499824598431587,33.11137008666992,32.47431182861328,0.3477034568786621,13.010237693786621,True,0.2449064403772354,0.690678596496582,0.9143480062484741,0.913815975189209,0.9148799777030945,8.057165359787177e-06,1.0,0.5575529932975769,-1.542708538693205e-08,12.18299388885498,nnknn_target_value_model,0,0,37,17,20,37,85,14,71,0,0,21.25,0,4,mcb_nnknn,500,mcb_nnknn,500,"[221, 279]",0.0,0.0018160153413191438,0.010598506778478622
6921,4,116,26.062274932861328,-0.024663889780640602,-0.02129112370312214,26.086938858032227,,,,False,0.3372766673564911,0.6910400390625,0.9130750298500061,0.9123466610908508,0.9138033390045166,8.145959327521268e-06,1.0,2.463930130004883,-3.596831987806581e-08,15.180269241333008,nnknn_target_value_model,0,0,69,19,50,69,116,17,99,0,0,29.0,0,4,mcb_nnknn,500,mcb_nnknn,500,"[225, 275]",0.0,0.0018375447252765298,0.011098179966211319
7053,4,132,49.324493408203125,-0.02930721454322338,-0.026313193142414093,49.35380172729492,48.69921112060547,0.525617778301239,14.659403800964355,True,0.2994022071361542,0.6908064484596252,0.9115042686462402,0.9106746912002563,0.9123340249061584,8.348527444468345e-06,1.0,3.3639917373657227,-3.612402821318028e-08,17.387313842773438,nnknn_target_value_model,0,0,81,28,53,81,132,24,108,0,0,33.0,0,4,mcb_nnknn,500,mcb_nnknn,500,"[229, 271]",0.0,0.001842303085140884,0.010944457724690437
7124,4,71,19.188508987426758,-0.02654857002198696,-0.024287069216370583,19.215057373046875,,,,False,0.2261500358581543,0.6903163194656372,0.9102186560630798,0.9097753167152405,0.9106619954109192,8.34057300380664e-06,1.0,-1.1700137853622437,-3.022207195613191e-08,10.091286659240723,nnknn_target_value_model,0,0,25,16,9,25,71,9,62,0,0,17.75,0,4,mcb_nnknn,500,mcb_nnknn,500,"[227, 273]",0.0,0.0018240144709125161,0.011152680031955242
7343,4,219,74.41102600097656,-0.025739338248968124,-0.02275155484676361,74.436767578125,,,,False,0.29877838492393494,0.6905673146247864,0.9083820581436157,0.9070013165473938,0.9097626805305481,8.243683623732068e-06,1.0,5.893176078796387,2.7216731979251563e-08,20.489500045776367,nnknn_target_value_model,0,0,172,26,146,172,219,22,197,0,0,54.75,0,4,mcb_nnknn,500,mcb_nnknn,500,"[221, 279]",0.0,0.001845307182520628,0.011652424931526184
7428,4,85,34.114498138427734,-0.030760299414396286,-0.027507120743393898,34.145259857177734,34.00467300415039,0.31998211145401,12.193944931030273,True,0.325317919254303,0.6906285285949707,0.9064566493034363,0.9059246778488159,0.9069886803627014,8.43060297484044e-06,1.0,0.49231070280075073,7.012311287191153e-10,12.086806297302246,nnknn_target_value_model,0,0,41,27,14,41,85,19,66,0,0,21.25,0,4,mcb_nnknn,500,mcb_nnknn,500,"[220, 280]",0.0,0.001855070237070322,0.012152398005127907
7543,4,115,29.826936721801758,-0.024275850504636765,-0.022185364738106728,29.851213455200195,,,,False,0.20904865860939026,0.6898899674415588,0.905190110206604,0.9044679999351501,0.9059119820594788,8.58582370710792e-06,1.0,2.214383840560913,-4.0427497793871225e-08,14.006945610046387,nnknn_target_value_model,0,0,77,11,66,77,115,4,111,0,0,28.75,0,4,mcb_nnknn,500,mcb_nnknn,500,"[220, 280]",0.0,0.001864701509475708,0.01265149749815464
7695,4,152,58.259620666503906,-0.025572551414370537,-0.022600645199418068,58.285194396972656,56.3078498840332,0.3418506979942322,13.299474716186523,True,0.2971905767917633,0.6902827620506287,0.9034990072250366,0.9025426506996155,0.904455304145813,8.79804792930372e-06,1.0,4.653936386108398,2.3528150094875855e-08,16.992582321166992,nnknn_target_value_model,0,0,99,33,66,99,152,30,122,0,0,38.0,0,4,mcb_nnknn,500,mcb_nnknn,500,"[220, 280]",0.0,0.0018992687109857798,0.013151366263628006
7798,4,103,31.749887466430664,-0.031184785068035126,-0.028600730001926422,31.78107261657715,,,,False,0.2584054470062256,0.6899499893188477,0.9018839597702026,0.9012380242347717,0.9025300145149231,9.04094304132741e-06,1.0,1.2396961450576782,4.629487015961331e-09,14.572113037109375,nnknn_target_value_model,0,0,58,13,45,58,103,9,94,0,0,25.75,0,4,mcb_nnknn,500,mcb_nnknn,500,"[218, 282]",0.0,0.0018945910269394517,0.012979008257389069
7972,4,174,67.7818374633789,-0.022247187793254852,-0.019360074773430824,67.80408477783203,,,,False,0.28871139883995056,0.6900407075881958,0.9001296758651733,0.8990340232849121,0.9012253284454346,8.988682566268835e-06,1.0,4.759929656982422,-2.329376869170119e-08,19.524362564086914,nnknn_target_value_model,0,0,119,20,99,119,174,19,155,0,0,43.5,0,4,mcb_nnknn,500,mcb_nnknn,500,"[224, 276]",0.0,0.0019131941953673959,0.012679950334131718
8070,4,98,26.51958465576172,-0.03160906210541725,-0.028852496296167374,26.551193237304688,26.833091735839844,0.6653873324394226,16.230022430419922,True,0.27565672993659973,0.6898094415664673,0.898406982421875,0.897792637348175,0.899021327495575,9.292009963246528e-06,1.0,0.2819916903972626,-2.432842594046747e-09,14.230154991149902,nnknn_target_value_model,0,0,50,18,32,50,98,21,77,0,0,24.5,0,4,mcb_nnknn,500,mcb_nnknn,500,"[227, 273]",0.0,0.0019374662078917027,0.01317991316318512
8150,4,80,26.05643653869629,-0.03769196942448616,-0.03600079566240311,26.094127655029297,,,,False,0.1691173017024994,0.6890388131141663,0.8972796201705933,0.8967793583869934,0.8977800011634827,9.422336916031782e-06,1.0,-0.8642757534980774,1.0430812658057675e-08,11.306778907775879,nnknn_target_value_model,0,0,32,8,24,32,80,12,68,0,0,20.0,0,4,mcb_nnknn,500,mcb_nnknn,500,"[237, 263]",0.0,0.0019491742132231593,0.012680649757385254
8249,4,99,18.595314025878906,-0.028168153017759323,-0.026606569066643715,18.62348175048828,17.662574768066406,0.6029028296470642,12.230995178222656,True,0.15615859627723694,0.688838005065918,0.8961459994316101,0.895525336265564,0.8967666625976562,9.450768629903905e-06,1.0,1.454239010810852,3.853229557648774e-08,12.325529098510742,nnknn_target_value_model,0,0,60,11,49,60,99,6,93,0,0,24.75,0,4,mcb_nnknn,500,mcb_nnknn,500,"[230, 270]",0.0,0.0019465087680146098,0.012312673963606358
8432,4,183,60.00680160522461,-0.027028167620301247,-0.024112144485116005,60.03382873535156,,,,False,0.2916024327278137,0.689704418182373,0.8943600058555603,0.893207311630249,0.8955126404762268,9.554485586704686e-06,1.0,5.0138444900512695,-5.211334919152932e-09,19.63753890991211,nnknn_target_value_model,0,0,134,18,116,134,183,24,159,0,0,45.75,0,4,mcb_nnknn,500,mcb_nnknn,500,"[231, 269]",0.0,0.001975736580789089,0.012680571526288986
8563,4,131,42.127708435058594,-0.03203954920172691,-0.029746314510703087,42.15974807739258,,,,False,0.2293236404657364,0.689079225063324,0.8923712968826294,0.8915479779243469,0.8931946754455566,9.853577466856223e-06,1.0,2.3415679931640625,3.00298204081173e-08,16.66733169555664,nnknn_target_value_model,0,0,79,16,63,79,131,27,104,0,0,32.75,0,4,mcb_nnknn,500,mcb_nnknn,500,"[231, 269]",0.0,0.001976210856810212,0.013180374167859554
8797,4,234,85.26580047607422,-0.021258192136883736,-0.018493205308914185,85.28705596923828,83.13866424560547,0.40169888734817505,14.789772987365723,True,0.2764989733695984,0.6892865896224976,0.8900597095489502,0.8885840177536011,0.8915353417396545,9.966819561668672e-06,1.0,7.368370056152344,-3.056648623100955e-08,20.998764038085938,nnknn_target_value_model,0,0,193,32,161,193,234,27,207,0,0,58.5,0,4,mcb_nnknn,500,mcb_nnknn,500,"[235, 265]",0.0,0.0019771342631429434,0.012684686109423637
8875,4,78,21.19525146484375,-0.04206553474068642,-0.04004724323749542,21.237316131591797,,,,False,0.20182913541793823,0.6884440779685974,0.8880836367607117,0.8875960111618042,0.8885713219642639,9.832099749473855e-06,1.0,-0.4345145523548126,-9.16994569166718e-09,11.158116340637207,nnknn_target_value_model,0,0,29,17,12,29,78,17,61,0,0,19.5,0,4,mcb_nnknn,500,mcb_nnknn,500,"[238, 262]",0.0,0.0020015521440654993,0.012735851109027863
8971,4,96,35.891780853271484,-0.03940689191222191,-0.03719379007816315,35.93118667602539,35.353275299072266,0.554603099822998,14.379910469055176,True,0.2213100790977478,0.6885793209075928,0.8869816660881042,0.8863800168037415,0.887583315372467,1.0033977559942286e-05,1.0,1.2088966369628906,-1.2417634032146907e-08,14.239882469177246,nnknn_target_value_model,0,0,49,14,35,49,96,8,88,0,0,24.0,0,4,mcb_nnknn,500,mcb_nnknn,500,"[233, 267]",0.0,0.0019951309077441692,0.012685379944741726
9097,4,126,30.138633728027344,-0.03830165043473244,-0.03662063926458359,30.17693519592285,,,,False,0.1681012213230133,0.6880387663841248,0.8855756521224976,0.8847839832305908,0.8863673210144043,1.0052469406218734e-05,1.0,2.52358341217041,-1.8922110545105397e-09,15.970669746398926,nnknn_target_value_model,0,0,87,10,77,87,126,7,119,0,0,31.5,0,4,mcb_nnknn,500,mcb_nnknn,500,"[239, 261]",0.0,0.001993305515497923,0.012399839237332344
9183,4,86,25.19243049621582,-0.026029525324702263,-0.023637499660253525,25.218460083007812,,,,False,0.2392028123140335,0.6884510517120361,0.8842329978942871,0.8836946487426758,0.8847713470458984,9.989508725993801e-06,1.0,-0.23978136479854584,-1.386154524496419e-09,11.439436912536621,nnknn_target_value_model,0,0,40,12,28,40,86,2,84,0,0,21.5,0,4,mcb_nnknn,500,mcb_nnknn,500,"[236, 264]",0.0,0.0019901636987924576,0.012899769470095634
9262,4,79,26.046628952026367,-0.035899244248867035,-0.03393004834651947,26.082529067993164,25.959238052368164,0.6419883370399475,14.616220474243164,True,0.1969195455312729,0.6881503462791443,0.8831880688667297,0.8826940059661865,0.8836820125579834,1.0118129466718528e-05,1.0,-1.6845170259475708,0.0,11.719252586364746,nnknn_target_value_model,0,0,32,3,29,32,79,14,65,0,0,19.75,0,4,mcb_nnknn,500,mcb_nnknn,500,"[237, 263]",0.0,0.001969178905710578,0.012729587033390999
9350,4,88,29.192777633666992,-0.03845279663801193,-0.03615816682577133,29.231229782104492,,,,False,0.2294628769159317,0.6882322430610657,0.8821303844451904,0.8815793395042419,0.8826813101768494,9.96515700535383e-06,1.0,-0.2733728587627411,-1.0837208463954084e-08,13.308728218078613,nnknn_target_value_model,0,0,44,8,36,44,88,9,79,0,0,22.0,0,4,mcb_nnknn,500,mcb_nnknn,500,"[237, 263]",0.0,0.0019977660849690437,0.013229385949671268
9466,4,116,26.4515380859375,-0.03830995038151741,-0.03630967065691948,26.48984718322754,25.6328182220459,0.6178109645843506,15.159943580627441,True,0.2000279575586319,0.6878196597099304,0.8808383345603943,0.8801100254058838,0.8815666437149048,1.0288093108101748e-05,1.0,1.0151426792144775,-3.5968319433976603e-09,15.094207763671875,nnknn_target_value_model,0,0,58,11,47,58,116,13,103,0,0,29.0,0,4,mcb_nnknn,500,mcb_nnknn,500,"[238, 262]",0.0,0.0020072523038834333,0.013056359253823757
9559,4,93,36.59919738769531,-0.03240504860877991,-0.030560389161109924,36.6316032409668,,,,False,0.18446604907512665,0.6875928044319153,0.8795146942138672,0.878931999206543,0.8800973296165466,1.0266213394061197e-05,1.0,1.176411747932434,3.845460838647341e-09,13.03439998626709,nnknn_target_value_model,0,0,48,12,36,48,93,14,79,0,0,23.25,0,4,mcb_nnknn,500,mcb_nnknn,500,"[245, 255]",0.0,0.001992117380723357,0.013345260173082352
9750,4,191,71.65011596679688,-0.027948543429374695,-0.025788815692067146,71.67806243896484,,,,False,0.21597295999526978,0.6877095699310303,0.8777160048484802,0.8765126466751099,0.8789193630218506,1.0110049515787978e-05,1.0,6.106032371520996,8.20734129547418e-08,20.618999481201172,nnknn_target_value_model,0,0,140,35,105,140,191,15,176,0,0,47.75,0,4,mcb_nnknn,500,mcb_nnknn,500,"[241, 259]",0.0,0.0019729279447346926,0.013171245343983173
9955,4,205,67.6095962524414,-0.027363352477550507,-0.02461511269211769,67.636962890625,66.47183990478516,0.4820542335510254,15.457131385803223,True,0.2748241126537323,0.6880837678909302,0.8752080202102661,0.87391597032547,0.8765000104904175,9.84717917162925e-06,1.0,6.148675918579102,-3.489052247118707e-08,20.45863914489746,nnknn_target_value_model,0,0,166,33,133,166,205,30,175,0,0,51.25,0,4,mcb_nnknn,500,mcb_nnknn,500,"[242, 258]",0.0,0.0020016205962747335,0.012682408094406128
10064,4,109,23.527666091918945,-0.0333016961812973,-0.029985599219799042,23.56096839904785,,,,False,0.3316097557544708,0.6885828375816345,0.87321937084198,0.8725353479385376,0.8739033341407776,9.7820548035088e-06,1.0,-0.21284033358097076,2.1873263200689053e-09,14.196861267089844,nnknn_target_value_model,0,0,48,13,35,48,109,24,85,0,0,27.25,0,4,mcb_nnknn,500,mcb_nnknn,500,"[241, 259]",0.0,0.002044467721134424,0.012182510457932949
10136,4,72,19.38657569885254,-0.05056006833910942,-0.04863296076655388,19.437135696411133,18.58498764038086,0.7306686639785767,13.039020538330078,True,0.192710742354393,0.6870388388633728,0.8720730543136597,0.8716233372688293,0.8725226521492004,9.946600584953558e-06,1.0,-1.2151966094970703,-9.934107758624577e-09,10.393390655517578,nnknn_target_value_model,0,0,25,12,13,25,72,15,57,0,0,18.0,0,4,mcb_nnknn,500,mcb_nnknn,500,"[240, 260]",0.0,0.0020519797690212727,0.01268248911947012
10237,4,101,28.06691551208496,-0.04267359897494316,-0.041076671332120895,28.109588623046875,,,,False,0.15969260036945343,0.686453640460968,0.8709773421287537,0.8703439831733704,0.8716106414794922,1.0086598194902763e-05,1.0,1.8814482688903809,-2.8326960332947237e-08,13.758024215698242,nnknn_target_value_model,0,0,60,18,42,60,101,22,79,0,0,25.25,0,4,mcb_nnknn,500,mcb_nnknn,500,"[238, 262]",0.0,0.0020347083918750286,0.013182460330426693
10357,4,120,68.74292755126953,-0.03583606332540512,-0.033489059656858444,68.77876281738281,,,,False,0.2347003072500229,0.6872155666351318,0.8695776462554932,0.8688240051269531,0.870331346988678,1.0117339115822688e-05,1.0,3.9007656574249268,3.5762788286319847e-08,16.804780960083008,nnknn_target_value_model,0,0,72,21,51,72,120,17,103,0,0,30.0,0,4,mcb_nnknn,500,mcb_nnknn,500,"[235, 265]",0.0,0.0020290669053792953,0.012682639062404633
10494,4,137,51.95505142211914,-0.03498466685414314,-0.03206388279795647,51.99003601074219,50.98368453979492,0.4353998899459839,12.97247314453125,True,0.29207849502563477,0.687680721282959,0.8679500222206116,0.8670886754989624,0.868811309337616,9.936190508597065e-06,1.0,4.432421684265137,6.090985493756307e-09,16.148731231689453,nnknn_target_value_model,0,0,98,23,75,98,137,12,125,0,0,34.25,0,4,mcb_nnknn,500,mcb_nnknn,500,"[231, 269]",0.0,0.0020674648694694042,0.012514356523752213
10579,4,85,19.974653244018555,-0.05340835079550743,-0.05142318084836006,20.028060913085938,,,,False,0.198516845703125,0.6865480542182922,0.8665439486503601,0.8660119771957397,0.8670759797096252,1.0241597919957712e-05,1.0,-0.8377361297607422,-6.6616956395648685e-09,12.154634475708008,nnknn_target_value_model,0,0,26,5,21,26,85,8,77,0,0,21.25,0,4,mcb_nnknn,500,mcb_nnknn,500,"[233, 267]",0.0,0.0020481727551668882,0.013014334253966808
10722,4,143,51.323768615722656,-0.042647793889045715,-0.040373727679252625,51.366416931152344,50.69124984741211,0.5100095868110657,15.845974922180176,True,0.2274065613746643,0.6866859197616577,0.8651000261306763,0.8642006516456604,0.8659993410110474,1.015195175568806e-05,1.0,3.3976502418518066,3.3345255445738076e-09,18.448883056640625,nnknn_target_value_model,0,0,89,11,78,89,143,25,118,0,0,35.75,0,4,mcb_nnknn,500,mcb_nnknn,500,"[241, 259]",0.0,0.002055418910458684,0.012996362522244453
10872,4,150,63.10831832885742,-0.033960022032260895,-0.03174182400107384,63.142276763916016,,,,False,0.2218198925256729,0.6864192485809326,0.8632444143295288,0.8623006939888,0.864188015460968,1.0302499504177831e-05,1.0,4.037278652191162,1.5099843153620895e-08,18.865278244018555,nnknn_target_value_model,0,0,93,13,80,93,150,22,128,0,0,37.5,0,4,mcb_nnknn,500,mcb_nnknn,500,"[242, 258]",0.0,0.0020737380255013704,0.012496923096477985
11002,4,130,44.61949920654297,-0.040325235575437546,-0.03768095001578331,44.65982437133789,,,,False,0.2644287347793579,0.6868175268173218,0.8614709973335266,0.8606539964675903,0.8622879981994629,1.0271432984154671e-05,1.0,3.2421703338623047,-3.6679781434401093e-09,17.5374698638916,nnknn_target_value_model,0,0,81,32,49,81,130,21,109,0,0,32.5,0,4,mcb_nnknn,500,mcb_nnknn,500,"[244, 256]",0.0,0.0020839208737015724,0.012996808625757694
11196,4,194,80.42127990722656,-0.030546249821782112,-0.027947716414928436,80.45182800292969,78.4803695678711,0.4009193778038025,16.131126403808594,True,0.25985345244407654,0.6866845488548279,0.8594188690185547,0.8581966757774353,0.860641360282898,1.0473189831827767e-05,1.0,6.091693878173828,-1.5116229690192995e-07,21.022119522094727,nnknn_target_value_model,0,0,144,21,123,144,194,24,170,0,0,48.5,0,4,mcb_nnknn,500,mcb_nnknn,500,"[239, 261]",0.0,0.002076938282698393,0.012496883049607277
11354,4,158,88.82804107666016,-0.04772038012742996,-0.045496948063373566,88.87576293945312,,,,False,0.2223433554172516,0.6859198808670044,0.8571895956993103,0.856195330619812,0.8581839799880981,1.0367635695729405e-05,1.0,6.106381416320801,-2.1880186551470615e-08,21.43174934387207,nnknn_target_value_model,0,0,110,8,102,110,158,11,147,0,0,39.5,0,4,mcb_nnknn,500,mcb_nnknn,500,"[240, 260]",0.0,0.002087281085550785,0.012996789999306202
11451,4,97,27.442819595336914,-0.04481502249836922,-0.04306268319487572,27.487634658813477,25.781770706176758,0.664924144744873,16.18618392944336,True,0.1752338856458664,0.6850535869598389,0.8555746078491211,0.8549666404724121,0.8561826944351196,1.0574361112958286e-05,1.0,-1.547605276107788,5.468879749059852e-08,13.883907318115234,nnknn_target_value_model,0,0,37,3,34,37,97,20,77,0,0,24.25,0,4,mcb_nnknn,500,mcb_nnknn,500,"[239, 261]",0.0,0.002077362034469843,0.01349675003439188
11708,4,257,109.87478637695312,-0.0412076860666275,-0.03863081336021423,109.9159927368164,,,,False,0.2576873302459717,0.6861681938171387,0.8533326983451843,0.8517113327980042,0.8549540042877197,1.0652431228663772e-05,1.0,8.561086654663086,-3.246945468049489e-08,22.24736976623535,nnknn_target_value_model,0,0,207,22,185,207,257,16,241,0,0,64.25,0,4,mcb_nnknn,500,mcb_nnknn,500,"[249, 251]",0.0,0.0021266494877636433,0.013996617868542671
11813,4,105,29.77132797241211,-0.04503288120031357,-0.04263947904109955,29.816360473632812,,,,False,0.2393403947353363,0.6855197548866272,0.8510400056838989,0.8503813147544861,0.851698637008667,1.1033261216653045e-05,1.0,-0.28190281987190247,4.541306442007453e-09,14.953126907348633,nnknn_target_value_model,0,0,44,10,34,44,105,10,95,0,0,26.25,0,4,mcb_nnknn,500,mcb_nnknn,500,"[253, 247]",0.0,0.002130538458004594,0.01449658814817667
11936,4,123,43.343597412109375,-0.0397292785346508,-0.03811551257967949,43.38332748413086,42.80501937866211,0.43703484535217285,13.957268714904785,True,0.16137650609016418,0.6841407418251038,0.8495960235595703,0.8488233089447021,0.8503686785697937,1.1213295692868996e-05,1.0,2.8703649044036865,-9.691811797551964e-09,15.75446605682373,nnknn_target_value_model,0,0,79,7,72,79,123,3,120,0,0,30.75,0,4,mcb_nnknn,500,mcb_nnknn,500,"[251, 249]",0.0,0.0021312066819518805,0.01431307103484869
12021,4,85,41.8558349609375,-0.05071684718132019,-0.04876068979501724,41.906551361083984,,,,False,0.19561555981636047,0.6845078468322754,0.8482786417007446,0.8477466702461243,0.8488106727600098,1.1207296665816102e-05,1.0,0.28514331579208374,8.414773766673989e-09,14.05313491821289,nnknn_target_value_model,0,0,42,18,24,42,85,5,80,0,0,21.25,0,4,mcb_nnknn,500,mcb_nnknn,500,"[251, 249]",0.0,0.0021396365482360125,0.01481306180357933
12122,4,101,35.56098556518555,-0.034207601100206375,-0.032193101942539215,35.595191955566406,35.321903228759766,0.4366728663444519,14.385991096496582,True,0.20144982635974884,0.6844499111175537,0.8471006751060486,0.8464673161506653,0.8477339744567871,1.1362002624082379e-05,1.0,0.914455235004425,-1.2393044812597509e-08,14.015714645385742,nnknn_target_value_model,0,0,56,13,43,56,101,15,86,0,0,25.25,0,4,mcb_nnknn,500,mcb_nnknn,500,"[253, 247]",0.0,0.0021403818391263485,0.014314446598291397
12270,4,148,49.66536331176758,-0.04121497645974159,-0.03885713592171669,49.70657730102539,,,,False,0.23578406870365143,0.6848176717758179,0.8455237150192261,0.8445926904678345,0.8464546799659729,1.138398965849774e-05,1.0,3.3148975372314453,1.4498427347575671e-08,18.12598419189453,nnknn_target_value_model,0,0,94,36,58,94,148,16,132,0,0,37.0,0,4,mcb_nnknn,500,mcb_nnknn,500,"[248, 252]",0.0,0.0021225642412900925,0.013814681209623814
12413,4,143,73.9183349609375,-0.045403312891721725,-0.04370596632361412,73.96373748779297,,,,False,0.16973468661308289,0.6835787296295166,0.8436806201934814,0.8427813053131104,0.8445799946784973,1.1125439414172433e-05,1.0,5.791970252990723,3.084436173139693e-08,16.23923110961914,nnknn_target_value_model,0,0,103,11,92,103,143,5,138,0,0,35.75,0,4,mcb_nnknn,500,mcb_nnknn,500,"[239, 261]",0.0,0.0021285731345415115,0.014313872903585434
12535,4,122,42.112831115722656,-0.05349092558026314,-0.051600776612758636,42.16632080078125,40.769466400146484,0.5335749387741089,16.034765243530273,True,0.1890147477388382,0.6836139559745789,0.842002272605896,0.8412359952926636,0.842768669128418,1.1209813237655908e-05,1.0,2.2254931926727295,-3.175657425913414e-08,16.524045944213867,nnknn_target_value_model,0,0,69,13,56,69,122,5,117,0,0,30.5,0,4,mcb_nnknn,500,mcb_nnknn,500,"[241, 259]",0.0,0.002148748841136694,0.014813808724284172
12617,4,82,25.04233169555664,-0.05968914553523064,-0.05808291956782341,25.102020263671875,,,,False,0.16062277555465698,0.6830418109893799,0.8407103419303894,0.8401973247528076,0.8412233591079712,1.1436824934207834e-05,1.0,-0.2523387372493744,8.722630617796767e-09,12.013289451599121,nnknn_target_value_model,0,0,37,5,32,37,82,1,81,0,0,20.5,0,4,mcb_nnknn,500,mcb_nnknn,500,"[242, 258]",0.0,0.002152087399736047,0.01531379297375679
12791,4,174,54.186668395996094,-0.03836217150092125,-0.035521067678928375,54.22502899169922,52.138755798339844,0.5062423944473267,15.112119674682617,True,0.2841103672981262,0.684867799282074,0.839089035987854,0.837993323802948,0.8401846885681152,1.1561835890461225e-05,1.0,5.382020473480225,-2.6034213007619655e-08,18.745820999145508,nnknn_target_value_model,0,0,135,27,108,135,174,14,160,0,0,43.5,0,4,mcb_nnknn,500,mcb_nnknn,500,"[239, 261]",0.0,0.002193866763263941,0.015813719481229782
12922,4,131,36.479854583740234,-0.04166579619050026,-0.03927521035075188,36.52151870727539,,,,False,0.23905864357948303,0.6839413642883301,0.8371573090553284,0.8363339900970459,0.8379806876182556,1.2001426512142643e-05,1.0,2.9124248027801514,3.457979502741182e-08,15.318624496459961,nnknn_target_value_model,0,0,83,16,67,83,131,13,118,0,0,32.75,0,4,mcb_nnknn,500,mcb_nnknn,500,"[233, 267]",0.0,0.0022065085358917713,0.01631356030702591
13022,4,100,31.938133239746094,-0.04018939286470413,-0.03791408613324165,31.978322982788086,,,,False,0.22753077745437622,0.6835233569145203,0.8356943726539612,0.8350673317909241,0.8363213539123535,1.2110873285564594e-05,1.0,0.523068368434906,-3.218650945768786e-08,13.623128890991211,nnknn_target_value_model,0,0,53,13,40,53,100,17,83,0,0,25.0,0,4,mcb_nnknn,500,mcb_nnknn,500,"[237, 263]",0.0,0.002243638737127185,0.016116123646497726
13101,4,79,29.817203521728516,-0.06336531043052673,-0.06054111197590828,29.880569458007812,29.314970016479492,0.7051770687103271,15.700695991516113,True,0.2824200391769409,0.6843999028205872,0.834560751914978,0.8340666890144348,0.8350546956062317,1.2469978173612617e-05,1.0,-2.6025314331054688,3.3197522952832514e-08,12.23254108428955,nnknn_target_value_model,0,0,21,9,12,21,79,6,73,0,0,19.75,0,4,mcb_nnknn,500,mcb_nnknn,500,"[236, 264]",0.0,0.0022445993963629007,0.016616106033325195
13192,4,91,29.595504760742188,-0.04709317535161972,-0.04533674567937851,29.642597198486328,,,,False,0.1756429821252823,0.6824267506599426,0.8334839940071106,0.8329139947891235,0.8340539932250977,1.2751836038660258e-05,1.0,-0.8497589230537415,-5.239968903225645e-09,12.260128021240234,nnknn_target_value_model,0,0,39,14,25,39,91,6,85,0,0,22.75,0,4,mcb_nnknn,500,mcb_nnknn,500,"[232, 268]",0.0,0.0022132263984531164,0.01611669361591339
13297,4,105,27.002023696899414,-0.0507432296872139,-0.048897407948970795,27.052766799926758,27.133113861083984,0.5705428719520569,14.806315422058105,True,0.18458233773708344,0.6823213696479797,0.8322426676750183,0.8315839767456055,0.8329013586044312,1.2436352335498668e-05,1.0,0.9799025654792786,3.4059797204832876e-09,13.934496879577637,nnknn_target_value_model,0,0,59,11,48,59,105,16,89,0,0,26.25,0,4,mcb_nnknn,500,mcb_nnknn,500,"[230, 270]",0.0,0.002213849453255534,0.01592070609331131
13459,4,162,54.57030487060547,-0.038976799696683884,-0.03666142746806145,54.609283447265625,,,,False,0.23153719305992126,0.683074951171875,0.8305516242980957,0.8295320272445679,0.8315713405609131,1.2488371794461273e-05,1.0,3.8390228748321533,7.358598175244424e-09,19.579875946044922,nnknn_target_value_model,0,0,107,15,92,107,162,22,140,0,0,40.5,0,4,mcb_nnknn,500,mcb_nnknn,500,"[231, 269]",0.0,0.0021861132699996233,0.01565667614340782
13584,4,125,31.514280319213867,-0.04197639599442482,-0.039357222616672516,31.556257247924805,,,,False,0.26191723346710205,0.6832026243209839,0.8287339806556702,0.8279486894607544,0.8295193314552307,1.2339070963207632e-05,1.0,1.566947102546692,1.8119811429073707e-08,16.09477424621582,nnknn_target_value_model,0,0,71,11,60,71,125,7,118,0,0,31.25,0,4,mcb_nnknn,500,mcb_nnknn,500,"[235, 265]",0.0,0.002177267102524638,0.01592075079679489
13758,4,174,44.276817321777344,-0.04277139529585838,-0.040229830890893936,44.31958770751953,44.304649353027344,0.5862582921981812,16.817129135131836,True,0.25415632128715515,0.682982325553894,0.8268402814865112,0.8257446885108948,0.8279359936714172,1.2266612429812085e-05,1.0,3.919332265853882,-2.1923547421920375e-08,19.5360050201416,nnknn_target_value_model,0,0,121,22,99,121,174,19,155,0,0,43.5,0,4,mcb_nnknn,500,mcb_nnknn,500,"[239, 261]",0.0,0.0021536711137741804,0.015421105548739433
13865,4,107,53.91614532470703,-0.05134790390729904,-0.04872067645192146,53.96749496459961,,,,False,0.2627226412296295,0.6830282211303711,0.8250606656074524,0.8243893384933472,0.8257319927215576,1.2204136510263197e-05,1.0,3.6484549045562744,2.6738531389014497e-08,15.718582153320312,nnknn_target_value_model,0,0,67,18,49,67,107,6,101,0,0,26.75,0,4,mcb_nnknn,500,mcb_nnknn,500,"[243, 257]",0.0,0.0021664355881512165,0.015921084210276604
14086,4,221,63.99835968017578,-0.04214344918727875,-0.040332622826099396,64.0405044555664,63.35950469970703,0.32738780975341797,15.435986518859863,True,0.1810825616121292,0.680997908115387,0.8229832649230957,0.821590006351471,0.82437664270401,1.2475712537707295e-05,1.0,6.008508682250977,-7.335956553333745e-08,19.86265754699707,nnknn_target_value_model,0,0,176,23,153,176,221,19,202,0,0,55.25,0,4,mcb_nnknn,500,mcb_nnknn,500,"[245, 255]",0.0,0.002207173965871334,0.015858899801969528
14241,4,155,53.6080322265625,-0.04844268038868904,-0.046310391277074814,53.65647506713867,,,,False,0.21322892606258392,0.6814826726913452,0.8206019401550293,0.8196266889572144,0.8215773105621338,1.2791617336915806e-05,1.0,4.138632297515869,-2.768731910407496e-08,17.702411651611328,nnknn_target_value_model,0,0,101,15,86,101,155,15,140,0,0,38.75,0,4,mcb_nnknn,500,mcb_nnknn,500,"[248, 252]",0.0,0.0021808890160173178,0.015664830803871155
14335,4,94,30.263023376464844,-0.06214276701211929,-0.06021621450781822,30.325166702270508,,,,False,0.1926552653312683,0.6806979179382324,0.819024920463562,0.8184360265731812,0.8196139931678772,1.2450124813767616e-05,1.0,-0.8120971322059631,1.8388666589430613e-08,14.12513256072998,nnknn_target_value_model,0,0,45,8,37,45,94,11,83,0,0,23.5,0,4,mcb_nnknn,500,mcb_nnknn,500,"[251, 249]",0.0,0.002194854896515608,0.015472222119569778
14445,4,110,34.70867919921875,-0.043231476098299026,-0.041195180267095566,34.75191116333008,34.7512321472168,0.5830943584442139,17.237398147583008,True,0.20362964272499084,0.6808136105537415,0.8177330493927002,0.8170426487922668,0.818423330783844,1.2459850950108375e-05,1.0,0.6461585760116577,7.586045569496491e-09,14.978646278381348,nnknn_target_value_model,0,0,64,4,60,64,110,2,108,0,0,27.5,0,4,mcb_nnknn,500,mcb_nnknn,500,"[250, 250]",0.0,0.002175289439037442,0.015452374704182148
14546,4,101,32.795230865478516,-0.06504309922456741,-0.0635036900639534,32.86027526855469,,,,False,0.1539408564567566,0.679594874382019,0.8163966536521912,0.8157633543014526,0.8170300126075745,1.2238066119607538e-05,1.0,-0.46807265281677246,-4.72115990746147e-09,14.099648475646973,nnknn_target_value_model,0,0,47,7,40,47,101,21,80,0,0,25.25,0,4,mcb_nnknn,500,mcb_nnknn,500,"[248, 252]",0.0,0.0021776906214654446,0.01595233380794525
14711,4,165,54.27772903442383,-0.0644848644733429,-0.06239771842956543,54.34221267700195,53.978309631347656,0.5230884552001953,16.429241180419922,True,0.2087148278951645,0.6804704666137695,0.8147120475769043,0.8136733174324036,0.8157506585121155,1.2295104170334525e-05,1.0,4.3480448722839355,-4.479379356325808e-08,19.287599563598633,nnknn_target_value_model,0,0,113,22,91,113,165,10,155,0,0,41.25,0,4,mcb_nnknn,500,mcb_nnknn,500,"[251, 249]",0.0,0.002244135830551386,0.016452264040708542
14866,4,155,65.37793731689453,-0.041430264711380005,-0.03930050507187843,65.41936492919922,,,,False,0.21297597885131836,0.6802941560745239,0.8126852512359619,0.811710000038147,0.8136606812477112,1.2762950063915923e-05,1.0,3.3461713790893555,-3.076368670917873e-08,19.41111183166504,nnknn_target_value_model,0,0,94,22,72,94,155,18,137,0,0,38.75,0,4,mcb_nnknn,500,mcb_nnknn,500,"[252, 248]",0.0,0.002241746289655566,0.016952192410826683
14990,4,124,25.864009857177734,-0.04467055946588516,-0.042567603290081024,25.908679962158203,,,,False,0.21029570698738098,0.6798752546310425,0.810918390750885,0.8101393580436707,0.8116973042488098,1.2692932614299934e-05,1.0,0.46259093284606934,-1.4420478144927529e-08,15.715898513793945,nnknn_target_value_model,0,0,64,7,57,64,124,5,119,0,0,31.0,0,4,mcb_nnknn,500,mcb_nnknn,500,"[250, 250]",0.0,0.0022362247109413147,0.01645222306251526
15151,4,161,47.4898796081543,-0.059152863919734955,-0.05749309062957764,47.549034118652344,46.19349670410156,0.4300696849822998,15.685755729675293,True,0.1659773886203766,0.6788026094436646,0.8091133236885071,0.8080999851226807,0.8101266622543335,1.28770270748646e-05,1.0,4.718536853790283,3.109807522605479e-08,18.024988174438477,nnknn_target_value_model,0,0,119,10,109,119,161,14,147,0,0,40.25,0,4,mcb_nnknn,500,mcb_nnknn,500,"[251, 249]",0.0,0.0022496175952255726,0.01695217750966549
15266,4,115,30.16187286376953,-0.07255914062261581,-0.07071760296821594,30.234432220458984,,,,False,0.18415388464927673,0.6789515018463135,0.8073652982711792,0.8066433072090149,0.8080873489379883,1.3113329259795137e-05,1.0,-0.30607378482818604,-9.329422567816437e-09,15.511624336242676,nnknn_target_value_model,0,0,55,7,48,55,115,7,108,0,0,28.75,0,4,mcb_nnknn,500,mcb_nnknn,500,"[248, 252]",0.0,0.0022380403243005276,0.01745195873081684
15459,4,193,71.70065307617188,-0.05024740472435951,-0.04821740463376045,71.75090026855469,70.31412506103516,0.28124332427978516,15.615691184997559,True,0.20300008356571198,0.6791835427284241,0.8054146766662598,0.804198682308197,0.8066306710243225,1.3038091310590971e-05,1.0,6.623070240020752,-3.5206888071570575e-08,19.807201385498047,nnknn_target_value_model,0,0,152,11,141,152,193,14,179,0,0,48.25,0,4,mcb_nnknn,500,mcb_nnknn,500,"[247, 253]",0.0,0.0022202495019882917,0.0179518423974514
15582,4,123,42.145450592041016,-0.05196767672896385,-0.04966839402914047,42.197418212890625,,,,False,0.22992832958698273,0.6795547604560852,0.8034133315086365,0.8026406764984131,0.8041859865188599,1.2854139640694484e-05,1.0,1.4169971942901611,-7.511154365147377e-09,17.50167465209961,nnknn_target_value_model,0,0,65,5,60,65,123,3,120,0,0,30.75,0,4,mcb_nnknn,500,mcb_nnknn,500,"[254, 246]",0.0,0.002228708006441593,0.017452020198106766
15661,4,79,33.88420486450195,-0.07023825496435165,-0.0684518963098526,33.954444885253906,,,,False,0.17863580584526062,0.6778980493545532,0.8021339774131775,0.801639974117279,0.8026279807090759,1.2893433449789882e-05,1.0,-2.245509386062622,-2.7161609850168134e-08,11.116884231567383,nnknn_target_value_model,0,0,21,11,10,21,79,12,67,0,0,19.75,0,4,mcb_nnknn,500,mcb_nnknn,500,"[258, 242]",0.0,0.0022277089301496744,0.017950549721717834
15775,4,114,31.166757583618164,-0.06482478976249695,-0.06257414072751999,31.231582641601562,29.984573364257812,0.5829260945320129,16.48963737487793,True,0.2250652313232422,0.6786139011383057,0.8009116649627686,0.8001959919929504,0.8016273379325867,1.2675182006205432e-05,1.0,0.23807580769062042,4.1827821206652516e-09,15.219664573669434,nnknn_target_value_model,0,0,52,7,45,52,114,11,103,0,0,28.5,0,4,mcb_nnknn,500,mcb_nnknn,500,"[258, 242]",0.0,0.0022471339907497168,0.018449751660227776
16037,4,262,93.68617248535156,-0.04784904420375824,-0.045447029173374176,93.73402404785156,,,,False,0.24020160734653473,0.6788938641548157,0.7985303401947021,0.7968773245811462,0.8001833558082581,1.3060473975201603e-05,1.0,7.184908390045166,4.731971969818005e-08,23.93495750427246,nnknn_target_value_model,0,0,210,29,181,210,262,35,227,0,0,65.5,0,4,mcb_nnknn,500,mcb_nnknn,500,"[251, 249]",0.0,0.002249021315947175,0.018949205055832863
16154,4,117,24.935813903808594,-0.06980431079864502,-0.06832513213157654,25.005619049072266,25.002695083618164,0.6252679228782654,15.697131156921387,True,0.14791817963123322,0.6759672164916992,0.7961300015449524,0.7953953146934509,0.7968646883964539,1.3112763554090634e-05,1.0,0.6236057877540588,8.151062935723985e-09,15.02216911315918,nnknn_target_value_model,0,0,63,18,45,63,117,25,92,0,0,29.25,0,4,mcb_nnknn,500,mcb_nnknn,500,"[248, 252]",0.0,0.002246210118755698,0.01944918930530548
16250,4,96,23.944982528686523,-0.06311086565256119,-0.06157052889466286,24.008092880249023,,,,False,0.15403352677822113,0.6760430932044983,0.7947810292243958,0.7941793203353882,0.7953826785087585,1.3405139725364279e-05,1.0,0.800792396068573,0.0,13.176750183105469,nnknn_target_value_model,0,0,53,11,42,53,96,4,92,0,0,24.0,0,4,mcb_nnknn,500,mcb_nnknn,500,"[249, 251]",0.0,0.0022544353269040585,0.01994904689490795
16432,4,182,68.73339080810547,-0.05501129478216171,-0.05197317525744438,68.78839874267578,,,,False,0.3038119971752167,0.6801238059997559,0.7930203676223755,0.7918739914894104,0.7941666841506958,1.350691218249267e-05,1.0,5.171262741088867,2.3579859842470796e-08,20.642486572265625,nnknn_target_value_model,0,0,120,29,91,120,182,9,173,0,0,45.5,0,4,mcb_nnknn,500,mcb_nnknn,500,"[248, 252]",0.0,0.0023028168361634016,0.01944909244775772
16559,4,127,29.998380661010742,-0.051538556814193726,-0.04938545450568199,30.04991912841797,30.510894775390625,0.5097214579582214,14.437870025634766,True,0.21531029045581818,0.6773043274879456,0.7910633683204651,0.7902653217315674,0.791861355304718,1.3860128092346713e-05,1.0,2.0012753009796143,3.613824972603652e-08,15.216748237609863,nnknn_target_value_model,0,0,80,9,71,80,127,10,117,0,0,31.75,0,4,mcb_nnknn,500,mcb_nnknn,500,"[248, 252]",0.0,0.002289123833179474,0.01994905062019825
16663,4,104,25.51817512512207,-0.07112317532300949,-0.06854640692472458,25.589298248291016,,,,False,0.25767654180526733,0.6784263253211975,0.7896003127098083,0.7889479994773865,0.790252685546875,1.3790988305117935e-05,1.0,0.4042782485485077,-2.8656079731348427e-09,13.990809440612793,nnknn_target_value_model,0,0,54,16,38,54,104,10,94,0,0,26.0,0,4,mcb_nnknn,500,mcb_nnknn,500,"[241, 259]",0.0,0.0023049565497785807,0.01972714252769947
16830,4,167,40.733192443847656,-0.04921865090727806,-0.04680546373128891,40.78240966796875,40.39847183227539,0.5780956745147705,16.4404239654541,True,0.2413186877965927,0.6775067448616028,0.787883996963501,0.7868326902389526,0.7889353036880493,1.40102220029803e-05,1.0,3.076889753341675,2.8553122533026e-08,18.81353759765625,nnknn_target_value_model,0,0,112,13,99,112,167,17,150,0,0,41.75,0,4,mcb_nnknn,500,mcb_nnknn,500,"[241, 259]",0.0,0.002332725329324603,0.019227229058742523
16942,4,112,25.32122230529785,-0.07541356235742569,-0.07277477532625198,25.396635055541992,,,,False,0.2638789713382721,0.6779940724372864,0.7861170172691345,0.7854139804840088,0.7868199944496155,1.4380864740815014e-05,1.0,0.7049635052680969,-2.9270138313108873e-08,15.688196182250977,nnknn_target_value_model,0,0,58,9,49,58,112,8,104,0,0,28.0,0,4,mcb_nnknn,500,mcb_nnknn,500,"[238, 262]",0.0,0.0023419151548296213,0.018727459013462067
17129,4,187,75.20411682128906,-0.05901143327355385,-0.05700477957725525,75.26313018798828,,,,False,0.20066523551940918,0.6755995154380798,0.7842234373092651,0.7830453515052795,0.7854013442993164,1.4527841813105624e-05,1.0,5.301847457885742,-4.972365985622673e-08,20.830976486206055,nnknn_target_value_model,0,0,133,6,127,133,187,0,187,0,0,46.75,0,4,mcb_nnknn,500,mcb_nnknn,500,"[238, 262]",0.0,0.002345622982829809,0.01922736130654812
17248,4,119,24.92508316040039,-0.06267856061458588,-0.060470547527074814,24.987762451171875,24.859325408935547,0.6690042614936829,16.859521865844727,True,0.22080162167549133,0.675806999206543,0.7822853326797485,0.7815380096435547,0.7830326557159424,1.4671546523459256e-05,1.0,-0.49178406596183777,6.010552500157473e-09,15.91370964050293,nnknn_target_value_model,0,0,51,8,43,51,119,9,110,0,0,29.75,0,4,mcb_nnknn,500,mcb_nnknn,500,"[236, 264]",0.0,0.00232352945022285,0.019009992480278015
17355,4,107,21.747882843017578,-0.06762515753507614,-0.06595516204833984,21.815507888793945,,,,False,0.16699965298175812,0.6742494106292725,0.7808539867401123,0.7801826596260071,0.7815253138542175,1.4361582543642726e-05,1.0,-0.377400279045105,8.912843796338166e-09,14.792290687561035,nnknn_target_value_model,0,0,52,4,48,52,107,13,94,0,0,26.75,0,4,mcb_nnknn,500,mcb_nnknn,500,"[241, 259]",0.0,0.002302920212969184,0.019509928300976753
17541,4,186,58.602821350097656,-0.05366035923361778,-0.05163031816482544,58.6564826965332,57.62432861328125,0.4851920008659363,17.577112197875977,True,0.20300403237342834,0.6748797297477722,0.7789983153343201,0.7778266668319702,0.7801700234413147,1.4258806004363578e-05,1.0,4.555904388427734,-5.127281266226191e-09,20.6715145111084,nnknn_target_value_model,0,0,131,8,123,131,186,5,181,0,0,46.5,0,4,mcb_nnknn,500,mcb_nnknn,500,"[245, 255]",0.0,0.0022939760237932205,0.01929076388478279
17725,4,184,78.6977310180664,-0.05519847944378853,-0.05209390074014664,78.7529296875,,,,False,0.3104579448699951,0.6785472631454468,0.7766549587249756,0.7754960060119629,0.7778139710426331,1.4057903172215447e-05,1.0,5.415072441101074,5.377375700277298e-08,20.77155876159668,nnknn_target_value_model,0,0,126,18,108,126,184,200,0,0,0,46.0,0,4,mcb_nnknn,500,mcb_nnknn,484,"[239, 261]",0.0,0.002301013795658946,0.019789312034845352
17888,4,163,67.36074829101562,-0.06632882356643677,-0.06419864296913147,67.42707824707031,,,,False,0.21301807463169098,0.6745715141296387,0.7744573354721069,0.7734313607215881,0.7754833102226257,1.420514308847487e-05,1.0,4.297534942626953,4.570908274104113e-08,18.847177505493164,nnknn_target_value_model,0,0,107,6,101,107,163,1,146,0,0,40.75,0,4,mcb_nnknn,500,mcb_nnknn,500,"[244, 256]",0.0,0.0023148073814809322,0.020289205014705658
17991,4,103,29.07777976989746,-0.07402351498603821,-0.07188648730516434,29.151803970336914,29.003522872924805,0.6787676811218262,16.671649932861328,True,0.2137025147676468,0.6741884350776672,0.7727726101875305,0.7721266746520996,0.773418664932251,1.4434241165872663e-05,1.0,-0.37648484110832214,-3.4721152619709983e-09,14.822118759155273,nnknn_target_value_model,0,0,48,4,44,48,103,3,100,0,0,25.75,0,4,mcb_nnknn,500,mcb_nnknn,500,"[246, 254]",0.0,0.0023200062569230795,0.02078915759921074
18162,4,171,71.86288452148438,-0.05476765334606171,-0.05250499024987221,71.91765594482422,,,,False,0.2262662649154663,0.6743266582489014,0.7710373401641846,0.7699606418609619,0.7721139788627625,1.452973265259061e-05,1.0,4.655274391174316,-1.3942607068884172e-09,20.49866485595703,nnknn_target_value_model,0,0,113,19,94,113,171,18,153,0,0,42.75,0,4,mcb_nnknn,500,mcb_nnknn,500,"[252, 248]",0.0,0.0023220840375870466,0.020290305837988853
18276,4,114,35.670780181884766,-0.07642349600791931,-0.07430446147918701,35.7472038269043,35.32139205932617,0.5626643896102905,16.7220516204834,True,0.21190331876277924,0.6735596060752869,0.7692322731018066,0.7685166597366333,0.7699480056762695,1.4292972991825081e-05,1.0,0.34560200572013855,-2.0913910603326258e-09,15.921165466308594,nnknn_target_value_model,0,0,55,3,52,55,114,10,104,0,0,28.5,0,4,mcb_nnknn,500,mcb_nnknn,500,"[247, 253]",0.0,0.0023055209312587976,0.02079027146100998
18446,4,170,68.21864318847656,-0.05822773277759552,-0.05585983395576477,68.27687072753906,,,,False,0.236789733171463,0.6741663217544556,0.7674337029457092,0.7663633227348328,0.7685040235519409,1.4273455235525034e-05,1.0,4.630995273590088,-3.2256632920280026e-08,19.390233993530273,nnknn_target_value_model,0,0,117,9,108,117,170,10,160,0,0,42.5,0,4,mcb_nnknn,500,mcb_nnknn,500,"[248, 252]",0.0,0.002307029440999031,0.021290192380547523
18643,4,197,61.9171257019043,-0.04891271889209747,-0.04629134014248848,61.96603775024414,,,,False,0.262137770652771,0.6745897531509399,0.7651093006134033,0.763867974281311,0.7663506865501404,1.4301848750619683e-05,1.0,4.229050159454346,-7.140454982845768e-08,21.272769927978516,nnknn_target_value_model,0,0,131,13,118,131,197,200,0,0,0,49.25,0,4,mcb_nnknn,500,mcb_nnknn,497,"[242, 258]",0.0,0.0023069744929671288,0.021790113300085068
18842,4,199,49.88191604614258,-0.05741257220506668,-0.055174071341753006,49.939327239990234,48.07533264160156,0.5262979865074158,16.605466842651367,True,0.22385023534297943,0.673052966594696,0.7626013159751892,0.7613473534584045,0.7638553380966187,1.4406549780687783e-05,1.0,4.704757213592529,1.042332513634392e-07,19.76828956604004,nnknn_target_value_model,0,0,148,14,134,148,199,12,184,0,0,49.75,0,4,mcb_nnknn,500,mcb_nnknn,500,"[240, 260]",0.0,0.0023523392155766487,0.022290050983428955
19061,4,219,61.77336120605469,-0.05824017897248268,-0.055738415569067,61.831600189208984,,,,False,0.2501765191555023,0.6738734841346741,0.759954035282135,0.7585733532905579,0.7613346576690674,1.4995338460721541e-05,1.0,5.215994834899902,-3.048274166417286e-08,21.97420883178711,nnknn_target_value_model,0,0,161,18,143,161,219,15,204,0,0,54.75,0,4,mcb_nnknn,500,mcb_nnknn,500,"[243, 257]",0.0,0.0023736227303743362,0.02205437794327736
19284,4,223,45.90762710571289,-0.05567503720521927,-0.05326935648918152,45.96330261230469,44.364707946777344,0.5171048045158386,17.17624855041504,True,0.2405681163072586,0.6724671721458435,0.757154643535614,0.7557486891746521,0.7585606575012207,1.513294228061568e-05,1.0,5.395357608795166,5.98719296363015e-08,20.126529693603516,nnknn_target_value_model,0,0,178,9,169,178,223,5,218,0,0,55.75,0,4,mcb_nnknn,500,mcb_nnknn,500,"[239, 261]",0.0,0.0023458071518689394,0.021554386243224144
19404,4,120,44.22209167480469,-0.0632253959774971,-0.06090885028243065,44.285316467285156,,,,False,0.23165473341941833,0.6716037392616272,0.7549822330474854,0.7542286515235901,0.7557359933853149,1.488495763624087e-05,1.0,0.3475990295410156,-9.934107980669182e-10,17.41851043701172,nnknn_target_value_model,0,0,58,11,47,58,120,11,109,0,0,30.0,0,4,mcb_nnknn,500,mcb_nnknn,500,"[240, 260]",0.0,0.002354715019464493,0.021054508164525032
19500,4,96,31.291669845581055,-0.10010915994644165,-0.09851521998643875,31.39177894592285,,,,False,0.15939414501190186,0.6688188910484314,0.7536143660545349,0.7530126571655273,0.7542160153388977,1.5183715731836855e-05,1.0,-1.867972493171692,-1.1175870895385742e-08,13.793217658996582,nnknn_target_value_model,0,0,39,4,35,39,96,3,93,0,0,24.0,0,4,mcb_nnknn,500,mcb_nnknn,500,"[242, 258]",0.0,0.00238137342967093,0.020825926214456558
19664,4,164,52.30854415893555,-0.07137039303779602,-0.06940922886133194,52.379913330078125,51.69614028930664,0.42202818393707275,16.133251190185547,True,0.1961166262626648,0.6698701977729797,0.7519676685333252,0.7509353160858154,0.753000020980835,1.543811049486976e-05,1.0,4.775234699249268,1.7808705621291665e-08,18.55514144897461,nnknn_target_value_model,0,0,114,7,107,114,164,16,148,0,0,41.0,0,4,mcb_nnknn,500,mcb_nnknn,500,"[244, 256]",0.0,0.002354620024561882,0.020598698407411575
19835,4,171,56.654014587402344,-0.06210619956254959,-0.06060199812054634,56.716121673583984,,,,False,0.15041998028755188,0.6678303480148315,0.7498459815979004,0.7487693428993225,0.750922679901123,1.5166534467425663e-05,1.0,4.489869117736816,-1.3942607068884172e-09,20.176177978515625,nnknn_target_value_model,0,0,120,3,117,120,171,4,167,0,0,42.75,0,4,mcb_nnknn,500,mcb_nnknn,500,"[244, 256]",0.0,0.002329002832993865,0.02109857276082039
20015,4,180,40.96321105957031,-0.07170983403921127,-0.06877921521663666,41.03491973876953,40.39130401611328,0.5710000991821289,18.79164695739746,True,0.2930619418621063,0.6730121970176697,0.7476230263710022,0.7464893460273743,0.7487566471099854,1.5064557373989373e-05,1.0,3.040393114089966,4.967053612858763e-08,20.107175827026367,nnknn_target_value_model,0,0,119,15,104,119,180,16,164,0,0,45.0,0,4,mcb_nnknn,500,mcb_nnknn,500,"[242, 258]",0.0,0.002380532678216696,0.020869730040431023
20118,4,103,37.65376663208008,-0.07666285336017609,-0.07491623610258102,37.730430603027344,,,,False,0.17466169595718384,0.6680529713630676,0.7458306550979614,0.7451846599578857,0.7464766502380371,1.572179826325737e-05,1.0,-0.7321309447288513,2.3147434191628236e-08,15.310429573059082,nnknn_target_value_model,0,0,47,6,41,47,103,14,89,0,0,25.75,0,4,mcb_nnknn,500,mcb_nnknn,500,"[245, 255]",0.0,0.002350751543417573,0.020642241463065147
20316,4,198,50.107337951660156,-0.05955609306693077,-0.057585448026657104,50.166893005371094,,,,False,0.19706448912620544,0.6686033010482788,0.7439243197441101,0.7426766753196716,0.7451720237731934,1.5544568668701686e-05,1.0,4.141791820526123,4.364986594396214e-09,20.801864624023438,nnknn_target_value_model,0,0,137,13,124,137,198,11,187,0,0,49.5,0,4,mcb_nnknn,500,mcb_nnknn,500,"[243, 257]",0.0,0.002349137794226408,0.02114112861454487
20460,4,144,62.5306396484375,-0.0663604661822319,-0.06480023264884949,62.59700012207031,59.15843200683594,0.22764086723327637,16.801233291625977,True,0.1560233235359192,0.6663649678230286,0.7417583465576172,0.7408526539802551,0.7426639795303345,1.566172795719467e-05,1.0,3.127168655395508,0.0,17.967369079589844,nnknn_target_value_model,0,0,86,9,77,86,144,12,132,0,0,36.0,0,4,mcb_nnknn,500,mcb_nnknn,500,"[242, 258]",0.0,0.002340791281312704,0.020641185343265533
20586,4,126,34.41667175292969,-0.07541360706090927,-0.07399225980043411,34.49208450317383,,,,False,0.14213478565216064,0.6652621030807495,0.740048348903656,0.7392566800117493,0.7408400177955627,1.5556464859400876e-05,1.0,-0.6981355547904968,-1.1353265882974029e-08,16.996784210205078,nnknn_target_value_model,0,0,62,1,61,62,126,5,121,0,0,31.5,0,4,mcb_nnknn,500,mcb_nnknn,500,"[246, 254]",0.0,0.0023491184692829847,0.020415060222148895
20757,4,171,29.093746185302734,-0.07864181697368622,-0.07705622166395187,29.172388076782227,28.368703842163086,0.6376782655715942,18.948217391967773,True,0.15855933725833893,0.6655199527740479,0.7381673455238342,0.7370906472206116,0.7392439842224121,1.5541249013040215e-05,1.0,2.8032515048980713,8.365564241330503e-09,18.720300674438477,nnknn_target_value_model,0,0,115,5,110,115,171,3,168,0,0,42.75,0,4,mcb_nnknn,500,mcb_nnknn,500,"[245, 255]",0.0,0.0023269786033779383,0.020190298557281494
20936,4,179,48.392215728759766,-0.06363635510206223,-0.06246943026781082,48.45585250854492,,,,False,0.11669272184371948,0.6631854176521301,0.7359506487846375,0.7348233461380005,0.7370780110359192,1.5263738532667048e-05,1.0,4.3411688804626465,6.659736584424536e-08,20.587236404418945,nnknn_target_value_model,0,0,127,5,122,127,179,8,171,0,0,44.75,0,4,mcb_nnknn,500,mcb_nnknn,500,"[246, 254]",0.0,0.0023085293360054493,0.01969047449529171
21120,4,184,85.60592651367188,-0.08762579411268234,-0.086017906665802,85.69355010986328,,,,False,0.16078881919384003,0.6649208664894104,0.7336516976356506,0.7324926853179932,0.7348106503486633,1.508609057054855e-05,1.0,5.209142208099365,-7.774518806513697e-09,22.8848819732666,nnknn_target_value_model,0,0,118,7,111,118,184,30,154,0,0,46.0,0,4,mcb_nnknn,500,mcb_nnknn,500,"[251, 249]",0.0,0.002327167894691229,0.019470175728201866
21236,4,116,38.67041778564453,-0.09256646782159805,-0.09111639857292175,38.76298522949219,38.22383499145508,0.5652811527252197,17.75092124938965,True,0.14500683546066284,0.6638640761375427,0.7317516207695007,0.7310233116149902,0.732479989528656,1.5044570318423212e-05,1.0,-0.24522794783115387,-1.0276662854025176e-09,15.718791961669922,nnknn_target_value_model,0,0,61,13,48,61,116,21,95,0,0,29.0,0,4,mcb_nnknn,500,mcb_nnknn,500,"[245, 255]",0.0,0.0023179342970252037,0.019825322553515434
21426,4,190,57.01324462890625,-0.06384151428937912,-0.0621776282787323,57.07708740234375,,,,False,0.1663883924484253,0.6642483472824097,0.7298136949539185,0.7286166548728943,0.7310106754302979,1.5072988389874808e-05,1.0,4.1723856925964355,2.3841858265427618e-08,20.961915969848633,nnknn_target_value_model,0,0,126,8,118,126,190,13,177,0,0,47.5,0,4,mcb_nnknn,500,mcb_nnknn,500,"[245, 255]",0.0,0.0023113293573260307,0.02032509632408619
21550,4,124,41.82683563232422,-0.061903733760118484,-0.05973835662007332,41.88874053955078,41.82087326049805,0.5606113076210022,18.13440704345703,True,0.21653763949871063,0.666662871837616,0.7278250455856323,0.727046012878418,0.7286040186882019,1.5064727449498605e-05,1.0,-0.4655804932117462,1.2978430774523986e-08,17.37871551513672,nnknn_target_value_model,0,0,59,3,56,59,124,11,113,0,0,31.0,0,4,mcb_nnknn,500,mcb_nnknn,500,"[241, 259]",0.0,0.0023020198568701744,0.019825100898742676
21701,4,151,34.94981384277344,-0.061427466571331024,-0.05998663976788521,35.0112419128418,,,,False,0.14408257603645325,0.6624797582626343,0.7260833382606506,0.7251333594322205,0.7270333170890808,1.485677421442233e-05,1.0,1.0892888307571411,1.97366372134411e-08,18.257787704467773,nnknn_target_value_model,0,0,89,4,85,89,151,12,139,0,0,37.75,0,4,mcb_nnknn,500,mcb_nnknn,500,"[241, 259]",0.0,0.002307385206222534,0.02032509632408619
21873,4,172,70.58248901367188,-0.0860477015376091,-0.08455562591552734,70.66853332519531,,,,False,0.14920739829540253,0.6622585654258728,0.7240377068519592,0.7229546904563904,0.7251206636428833,1.5037547200336121e-05,1.0,3.773146629333496,-6.9307728445267e-09,20.80730438232422,nnknn_target_value_model,0,0,110,6,104,110,172,6,166,0,0,43.0,0,4,mcb_nnknn,500,mcb_nnknn,500,"[244, 256]",0.0,0.002280846005305648,0.019825104624032974
21995,4,122,35.981590270996094,-0.0803714394569397,-0.07906200736761093,36.06196212768555,34.93589401245117,0.5872222185134888,18.199769973754883,True,0.13094328343868256,0.6608200669288635,0.722175657749176,0.7214093208312988,0.7229419946670532,1.4606726836063899e-05,1.0,-0.37973904609680176,-6.839877109143799e-09,16.424488067626953,nnknn_target_value_model,0,0,51,6,45,51,122,11,111,0,0,30.5,0,4,mcb_nnknn,500,mcb_nnknn,500,"[247, 253]",0.0,0.002255126368254423,0.01932511478662491
22152,4,157,55.716941833496094,-0.06313776969909668,-0.06139349937438965,55.78007888793945,,,,False,0.17442691326141357,0.6627125144004822,0.7204086184501648,0.7194206714630127,0.7213966846466064,1.4149894923320971e-05,1.0,1.8235033750534058,-2.9232850806693023e-08,18.850988388061523,nnknn_target_value_model,0,0,92,8,84,92,157,25,132,0,0,39.25,0,4,mcb_nnknn,500,mcb_nnknn,500,"[243, 257]",0.0,0.002242919523268938,0.01982511207461357
22308,4,156,51.767372131347656,-0.07138250023126602,-0.0694475919008255,51.83875274658203,47.49876403808594,0.4727779030799866,18.760297775268555,True,0.1934911608695984,0.6634917259216309,0.7184263467788696,0.717444658279419,0.7194079756736755,1.4136625395622104e-05,1.0,1.7257180213928223,7.641621557752387e-09,19.516279220581055,nnknn_target_value_model,0,0,87,10,77,87,156,25,131,0,0,39.0,0,4,mcb_nnknn,500,mcb_nnknn,500,"[239, 261]",0.0,0.002224002266302705,0.020325101912021637
22451,4,143,40.00718307495117,-0.07883983850479126,-0.07681893557310104,40.086021423339844,,,,False,0.20209068059921265,0.663518488407135,0.7165326476097107,0.7156333327293396,0.7174320220947266,1.4264955098042265e-05,1.0,2.011430263519287,-3.667978276666872e-08,17.993494033813477,nnknn_target_value_model,0,0,83,5,78,83,143,5,138,0,0,35.75,0,4,mcb_nnknn,500,mcb_nnknn,500,"[239, 261]",0.0,0.002230541780591011,0.0208250992000103
22729,4,278,61.59136199951172,-0.0637025311589241,-0.062001343816518784,61.65506362915039,,,,False,0.1701188087463379,0.6609965562820435,0.7138662934303284,0.7121120095252991,0.7156206369400024,1.4270459359977394e-05,1.0,6.534074306488037,-2.3370166246650115e-08,22.61212921142578,nnknn_target_value_model,0,0,224,6,218,224,278,18,260,0,0,69.5,0,4,mcb_nnknn,500,mcb_nnknn,500,"[241, 259]",0.0,0.0022236104123294353,0.020325254648923874
22918,4,189,54.70339584350586,-0.06898176670074463,-0.06667686998844147,54.772377014160156,55.193824768066406,0.4685255289077759,19.31702423095703,True,0.23048971593379974,0.6632958650588989,0.7109085917472839,0.7097179889678955,0.7120993137359619,1.4102893146628048e-05,1.0,3.234086513519287,-2.1445057285518487e-08,21.550548553466797,nnknn_target_value_model,0,0,119,13,106,119,189,17,172,0,0,47.25,0,4,mcb_nnknn,500,mcb_nnknn,500,"[234, 266]",0.0,0.002261148998513818,0.020825129002332687
23031,4,113,53.545196533203125,-0.06100800633430481,-0.05943909287452698,53.606204986572266,,,,False,0.15689150989055634,0.6591553092002869,0.7089959979057312,0.7082866430282593,0.7097053527832031,1.4337746506498661e-05,1.0,0.14404894411563873,1.5824241916817527e-09,17.893718719482422,nnknn_target_value_model,0,0,50,0,50,50,113,11,102,0,0,28.25,0,4,mcb_nnknn,500,mcb_nnknn,500,"[240, 260]",0.0,0.0022412824910134077,0.020325152203440666
23421,4,390,87.36481475830078,-0.05395762249827385,-0.05156591534614563,87.41876983642578,85.95050048828125,0.42601215839385986,20.8385066986084,True,0.239170640707016,0.6631234884262085,0.7058103084564209,0.7033466696739197,0.7082740068435669,1.4137093785393517e-05,1.0,7.694638729095459,4.371007378267677e-08,27.004472732543945,nnknn_target_value_model,0,0,327,26,301,327,390,18,372,0,0,97.5,0,4,mcb_nnknn,500,mcb_nnknn,500,"[241, 259]",0.0,0.0022294565569609404,0.02082512341439724
23670,4,249,72.93882751464844,-0.060818471014499664,-0.05875983461737633,72.99964904785156,,,,False,0.20586378872394562,0.6601808667182922,0.7017632722854614,0.7001926898956299,0.7033339738845825,1.4222957361198496e-05,1.0,5.680478096008301,4.787521490356994e-09,23.27066421508789,nnknn_target_value_model,0,0,187,23,164,187,249,32,217,0,0,62.25,0,4,mcb_nnknn,500,mcb_nnknn,500,"[241, 259]",0.0,0.0022443528287112713,0.02032513916492462
23889,4,219,54.477569580078125,-0.08493214100599289,-0.08308673650026321,54.5625,,,,False,0.1845407485961914,0.6582050919532776,0.6987993717193604,0.6974186897277832,0.7001799941062927,1.4175285286910366e-05,1.0,3.7200851440429688,0.0,22.480064392089844,nnknn_target_value_model,0,0,149,12,137,149,219,16,203,0,0,54.75,0,4,mcb_nnknn,500,mcb_nnknn,500,"[238, 262]",0.0,0.002247018739581108,0.01982526294887066
24117,4,228,99.23570251464844,-0.05458842217922211,-0.05141151323914528,99.29029083251953,96.90270233154297,0.39068830013275146,22.121286392211914,True,0.31769099831581116,0.6655969619750977,0.6959683895111084,0.6945306658744812,0.697405993938446,1.3999219845572952e-05,1.0,6.16536283493042,7.372153731921571e-08,26.369352340698242,nnknn_target_value_model,0,0,165,25,140,165,228,24,204,0,0,57.0,0,4,mcb_nnknn,500,mcb_nnknn,500,"[241, 259]",0.0,0.0022477891761809587,0.020325226709246635
24310,4,193,61.31697082519531,-0.08554068952798843,-0.08361068367958069,61.40251159667969,,,,False,0.1930006742477417,0.6577351689338684,0.6933019757270813,0.6920859813690186,0.6945180296897888,1.433621764590498e-05,1.0,1.6193891763687134,1.9765270309335392e-08,22.781578063964844,nnknn_target_value_model,0,0,113,5,108,113,193,11,182,0,0,48.25,0,4,mcb_nnknn,500,mcb_nnknn,500,"[242, 258]",0.0,0.0022490338888019323,0.0208252165466547
24585,4,275,86.7090835571289,-0.06087693199515343,-0.058762941509485245,86.76995849609375,85.70996856689453,0.27598679065704346,22.842639923095703,True,0.21139900386333466,0.6582609415054321,0.6903379559516907,0.6886026859283447,0.6920733451843262,1.427048300683964e-05,1.0,5.202198028564453,5.201859831771571e-09,26.103666305541992,nnknn_target_value_model,0,0,205,8,197,205,275,16,259,0,0,68.75,0,4,mcb_nnknn,500,mcb_nnknn,500,"[246, 254]",0.0,0.0022387767676264048,0.02032523974776268
24757,4,172,51.035823822021484,-0.08292534947395325,-0.08089404553174973,51.11874771118164,,,,False,0.20313040912151337,0.6567324995994568,0.6875070333480835,0.6864240169525146,0.6885899901390076,1.4072375051910058e-05,1.0,1.454158902168274,3.742617238344792e-08,21.096149444580078,nnknn_target_value_model,0,0,92,10,82,92,172,18,154,0,0,43.0,0,4,mcb_nnknn,500,mcb_nnknn,500,"[247, 253]",0.0,0.002268237993121147,0.019825246185064316
24898,4,141,80.62431335449219,-0.08235611021518707,-0.08087029308080673,80.70667266845703,,,,False,0.14858174324035645,0.652502179145813,0.6855247020721436,0.6846380233764648,0.6864113211631775,1.4103685316513292e-05,1.0,1.2286081314086914,0.0,20.091150283813477,nnknn_target_value_model,0,0,67,12,55,67,141,18,123,0,0,35.25,0,4,mcb_nnknn,500,mcb_nnknn,500,"[249, 251]",0.0,0.0022468373645097017,0.019325261935591698
25006,4,108,59.6338005065918,-0.08700040727853775,-0.08591537922620773,59.720802307128906,58.558658599853516,0.5871309638023376,20.205562591552734,True,0.10850310325622559,0.6495602130889893,0.6839476823806763,0.6832699775695801,0.6846253275871277,1.3700307135877665e-05,1.0,-1.682827115058899,-2.7594742491032775e-08,16.909860610961914,nnknn_target_value_model,0,0,42,2,40,42,108,2,106,0,0,27.0,0,4,mcb_nnknn,500,mcb_nnknn,500,"[243, 257]",0.0,0.002228695899248123,0.019825244322419167
25192,4,186,63.02798843383789,-0.09234077483415604,-0.08968573063611984,63.120330810546875,,,,False,0.265504390001297,0.6593748331069946,0.6820856928825378,0.6809139847755432,0.6832573413848877,1.3705073797609657e-05,1.0,4.705509662628174,3.589097019585097e-08,23.019649505615234,nnknn_target_value_model,0,0,138,19,119,138,186,200,0,0,0,46.5,0,4,mcb_nnknn,500,mcb_nnknn,486,"[240, 260]",0.0,0.0022904211655259132,0.019325295463204384
25316,4,124,47.2414436340332,-0.09356522560119629,-0.09219353646039963,47.33501052856445,45.74066925048828,0.6239959001541138,20.69980239868164,True,0.13716909289360046,0.6506388783454895,0.6801223754882812,0.6793433427810669,0.6809013485908508,1.4157772966427729e-05,1.0,-1.2073267698287964,-2.3072765031884046e-08,17.95520782470703,nnknn_target_value_model,0,0,50,6,44,50,124,3,107,0,0,31.0,0,4,mcb_nnknn,500,mcb_nnknn,500,"[242, 258]",0.0,0.002264950657263398,0.018825305625796318
25479,4,163,53.90065383911133,-0.08339207619428635,-0.08171748369932175,53.984046936035156,,,,False,0.167459174990654,0.6520971059799194,0.6783047318458557,0.6772786378860474,0.6793306469917297,1.3831643627781887e-05,1.0,1.4860150814056396,-2.7791122292342152e-08,20.640104293823242,nnknn_target_value_model,0,0,93,12,81,93,163,9,154,0,0,40.75,0,4,mcb_nnknn,500,mcb_nnknn,500,"[244, 256]",0.0,0.0022632151376456022,0.018325330689549446
25721,4,242,101.42005920410156,-0.07324830442667007,-0.07143629342317581,101.4933090209961,,,,False,0.18120092153549194,0.6524776816368103,0.6757397055625916,0.6742133498191833,0.677266001701355,1.3779033906757832e-05,1.0,5.15926456451416,-2.6354120663540925e-08,25.05082130432129,nnknn_target_value_model,0,0,165,22,143,165,242,264,0,0,0,60.5,0,4,mcb_nnknn,500,mcb_nnknn,478,"[248, 252]",0.0,0.0022216779179871082,0.01786119118332863
25877,4,156,53.98698806762695,-0.06124414503574371,-0.05949561297893524,54.04823303222656,53.20777130126953,0.5318516492843628,22.148929595947266,True,0.1748531460762024,0.6514666080474854,0.6732190251350403,0.6722373366355896,0.6742006540298462,1.3452727216645144e-05,1.0,0.2285449206829071,-5.7312159462696854e-09,20.880483627319336,nnknn_target_value_model,0,0,77,3,74,77,156,9,125,0,0,39.0,0,4,mcb_nnknn,500,mcb_nnknn,500,"[247, 253]",0.0,0.002192466054111719,0.017361214384436607
26186,4,309,81.3768310546875,-0.0740693062543869,-0.07225199043750763,81.45089721679688,,,,False,0.18173183500766754,0.6509461402893066,0.670274019241333,0.6683233380317688,0.6722246408462524,1.3064956874586642e-05,1.0,6.356772422790527,-2.9705875093100076e-08,25.92800521850586,nnknn_target_value_model,0,0,248,9,239,248,309,28,281,0,0,77.25,0,4,mcb_nnknn,500,mcb_nnknn,500,"[241, 259]",0.0,0.0022209109738469124,0.01786113902926445
26355,4,169,54.22835922241211,-0.06431940943002701,-0.06292344629764557,54.29267883300781,51.642513275146484,0.49932432174682617,21.880802154541016,True,0.13959649205207825,0.6469363570213318,0.6672466397285461,0.6661826372146606,0.6683106422424316,1.3448536265059374e-05,1.0,0.5650125741958618,-7.053804207401981e-09,21.044092178344727,nnknn_target_value_model,0,0,98,8,90,98,169,4,165,0,0,42.25,0,4,mcb_nnknn,500,mcb_nnknn,500,"[242, 258]",0.0,0.0021875547245144844,0.018261631950736046
26548,4,193,61.330047607421875,-0.0657489001750946,-0.06373065710067749,61.39579772949219,,,,False,0.20182418823242188,0.6512818932533264,0.6649540066719055,0.6637380123138428,0.6661700010299683,1.3249158655526116e-05,1.0,1.9054210186004639,-2.9647905464003088e-08,23.00356674194336,nnknn_target_value_model,0,0,113,5,108,113,193,17,176,0,0,48.25,0,4,mcb_nnknn,500,mcb_nnknn,500,"[243, 257]",0.0,0.0021823381539434195,0.018761523067951202
26783,4,235,81.20887756347656,-0.07854064553976059,-0.07626930624246597,81.28741455078125,,,,False,0.2271340936422348,0.6523219347000122,0.6622432470321655,0.6607613563537598,0.6637253165245056,1.3363737707550172e-05,1.0,5.029736042022705,-1.1413655798264699e-08,26.234607696533203,nnknn_target_value_model,0,0,162,20,142,162,235,18,217,0,0,58.75,0,4,mcb_nnknn,500,mcb_nnknn,500,"[244, 256]",0.0,0.0021818981040269136,0.018547162413597107
27057,4,274,69.12580871582031,-0.0762205496430397,-0.07433254271745682,69.2020263671875,68.28111267089844,0.41890978813171387,22.79291343688965,True,0.188800647854805,0.6484584212303162,0.6590197086334229,0.6572906374931335,0.6607486605644226,1.3281647625262849e-05,1.0,4.844479084014893,2.6104224559730937e-08,25.97144889831543,nnknn_target_value_model,0,0,196,15,181,196,274,17,257,0,0,68.5,0,4,mcb_nnknn,500,mcb_nnknn,500,"[250, 250]",0.0,0.0021925114560872316,0.018047194927930832
27327,4,270,80.4842300415039,-0.08628744632005692,-0.08411446213722229,80.57051849365234,,,,False,0.21729810535907745,0.6499022841453552,0.655574381351471,0.6538706421852112,0.6572780013084412,1.3440708244161215e-05,1.0,5.475320816040039,4.326855673753016e-08,24.868955612182617,nnknn_target_value_model,0,0,202,18,184,202,270,14,256,0,0,67.5,0,4,mcb_nnknn,500,mcb_nnknn,500,"[249, 251]",0.0,0.0021976828575134277,0.01836027204990387
27516,4,189,96.11727905273438,-0.1110268086194992,-0.10885961353778839,96.22830963134766,94.61117553710938,0.2822112441062927,21.444162368774414,True,0.21671921014785767,0.6492425799369812,0.6526674032211304,0.6514766812324524,0.6538580060005188,1.3572048374044243e-05,1.0,4.090059280395508,-6.938106977827374e-09,24.078933715820312,nnknn_target_value_model,0,0,124,7,117,124,189,6,183,0,0,47.25,0,4,mcb_nnknn,500,mcb_nnknn,500,"[248, 252]",0.0,0.0021889146883040667,0.018337486311793327
27698,4,182,76.52840423583984,-0.08334825932979584,-0.08092629164457321,76.61175537109375,,,,False,0.24219676852226257,0.6508098840713501,0.6503176689147949,0.6491713523864746,0.6514639854431152,1.3420529285212979e-05,1.0,5.666650295257568,6.091463689017473e-08,21.639909744262695,nnknn_target_value_model,0,0,139,14,125,139,182,17,165,0,0,45.5,0,4,mcb_nnknn,500,mcb_nnknn,500,"[247, 253]",0.0,0.0021983161568641663,0.017837654799222946
28101,4,403,82.00149536132812,-0.07016890496015549,-0.06745770573616028,82.07166290283203,,,,False,0.2711201608181,0.6524646878242493,0.6466126441955566,0.6440666913986206,0.6491586565971375,1.3425279576040339e-05,1.0,7.533023834228516,4.377909235131483e-08,27.473352432250977,nnknn_target_value_model,0,0,343,28,315,343,403,19,384,0,0,100.75,0,4,mcb_nnknn,500,mcb_nnknn,500,"[237, 263]",0.0,0.002196463756263256,0.017337732017040253
28224,4,123,60.02201461791992,-0.1046522855758667,-0.1031571552157402,60.12666702270508,59.73037338256836,0.5561938285827637,21.90631103515625,True,0.14951276779174805,0.6408042311668396,0.6432814002037048,0.6425086855888367,0.6440539956092834,1.3187602235120721e-05,1.0,-2.2564167976379395,-5.815087078531178e-09,17.79107093811035,nnknn_target_value_model,0,0,45,3,42,45,123,2,121,0,0,30.75,0,4,mcb_nnknn,500,mcb_nnknn,500,"[237, 263]",0.0,0.0021955494303256273,0.01783772185444832
28586,4,362,101.55274963378906,-0.07013712078332901,-0.06748612225055695,101.62288665771484,,,,False,0.26509982347488403,0.6499341130256653,0.6402096748352051,0.6379233598709106,0.6424959897994995,1.3093253983242903e-05,1.0,8.076833724975586,4.8078884873348215e-08,28.32617950439453,nnknn_target_value_model,0,0,304,3,301,304,362,17,345,0,0,90.5,0,4,mcb_nnknn,500,mcb_nnknn,500,"[240, 260]",0.0,0.002192999701946974,0.018337693065404892
28773,4,187,68.61701965332031,-0.0879695862531662,-0.08592035621404648,68.70498657226562,68.12264251708984,0.46876752376556396,24.331809997558594,True,0.2049231082201004,0.6438656449317932,0.6367326378822327,0.6355546712875366,0.6379106640815735,1.307005004491657e-05,1.0,1.4125335216522217,-1.1474690531088072e-08,23.837528228759766,nnknn_target_value_model,0,0,110,4,106,110,187,16,171,0,0,46.75,0,4,mcb_nnknn,500,mcb_nnknn,500,"[238, 262]",0.0,0.0021997226867824793,0.018837612122297287
28958,4,185,66.68607330322266,-0.08835117518901825,-0.0862492099404335,66.77442169189453,,,,False,0.21019615232944489,0.6436384916305542,0.6343766450881958,0.6332113146781921,0.6355419754981995,1.3043212675256655e-05,1.0,1.9855363368988037,-2.3197483045578338e-08,23.701963424682617,nnknn_target_value_model,0,0,112,1,111,112,185,2,183,0,0,46.25,0,4,mcb_nnknn,500,mcb_nnknn,500,"[241, 259]",0.0,0.0021934935357421637,0.019337592646479607
29374,4,416,102.35069274902344,-0.06999167054891586,-0.0678020715713501,102.42068481445312,,,,False,0.21895983815193176,0.6433411836624146,0.6305703520774841,0.6279420256614685,0.6331986784934998,1.310741572524421e-05,1.0,8.268354415893555,-1.0144252371446782e-07,28.74907684326172,nnknn_target_value_model,0,0,355,9,346,355,416,25,391,0,0,104.0,0,4,mcb_nnknn,500,mcb_nnknn,500,"[241, 259]",0.0,0.0022006393410265446,0.019837362691760063
29677,4,303,78.65109252929688,-0.10004737973213196,-0.09772083908319473,78.75113677978516,76.74994659423828,0.4578862190246582,22.33268165588379,True,0.23265407979488373,0.6432207822799683,0.6260166764259338,0.6241040229797363,0.6279293298721313,1.3328369277587626e-05,1.0,6.403441429138184,4.3670731031397736e-08,26.7437686920166,nnknn_target_value_model,0,0,237,21,216,237,303,18,285,0,0,75.75,0,4,mcb_nnknn,500,mcb_nnknn,500,"[240, 260]",0.0,0.0021877435501664877,0.02033734694123268
30456,4,779,109.95511627197266,-0.06564686447381973,-0.06261750310659409,110.02075958251953,,,,False,0.30293649435043335,0.6488182544708252,0.619163990020752,0.6142366528511047,0.6240913271903992,1.3422329175227787e-05,1.0,9.866323471069336,-1.1630174157062356e-08,32.22657775878906,nnknn_target_value_model,0,0,720,2,718,720,779,8,771,0,0,194.75,0,4,mcb_nnknn,500,mcb_nnknn,500,"[241, 259]",0.0,0.0021934539545327425,0.02083733305335045
30780,4,324,80.9247055053711,-0.09026750177145004,-0.08826664090156555,81.01497650146484,78.71991729736328,0.30754685401916504,24.729389190673828,True,0.2000858187675476,0.636407196521759,0.6121783256530762,0.6101326942443848,0.6142240166664124,1.3663971003552433e-05,1.0,5.933536052703857,-1.0302037445342194e-08,27.898778915405273,nnknn_target_value_model,0,0,248,1,247,248,324,5,319,0,0,81.0,0,4,mcb_nnknn,500,mcb_nnknn,500,"[242, 258]",0.0,0.002192983403801918,0.020337380468845367
31012,4,232,86.19723510742188,-0.06757218390703201,-0.06401624530553818,86.26480865478516,,,,False,0.35559412837028503,0.651646077632904,0.6086570024490356,0.6071940064430237,0.6101199984550476,1.3603794286609627e-05,1.0,3.4209237098693848,-2.4663991737838842e-08,26.29989242553711,nnknn_target_value_model,0,0,157,12,145,157,232,9,223,0,0,58.0,0,4,mcb_nnknn,500,mcb_nnknn,500,"[246, 254]",0.0,0.0022069518454372883,0.020837359130382538
31197,4,185,63.9151725769043,-0.10793827474117279,-0.1053725853562355,64.02310943603516,,,,False,0.25656864047050476,0.6408293843269348,0.6060159802436829,0.6048506498336792,0.6071813106536865,1.3530696378438734e-05,1.0,1.5070180892944336,-1.0632179581193668e-08,23.136083602905273,nnknn_target_value_model,0,0,108,1,107,108,185,13,172,0,0,46.25,0,4,mcb_nnknn,500,mcb_nnknn,500,"[247, 253]",0.0,0.0021983496844768524,0.021337324753403664
31587,4,390,66.30847930908203,-0.08250309526920319,-0.07989382743835449,66.39098358154297,64.47579193115234,0.5240939855575562,24.093271255493164,True,0.26092663407325745,0.6403346061706543,0.6023743748664856,0.5999106764793396,0.6048380136489868,1.379684454150265e-05,1.0,6.917722225189209,-1.2837923613062685e-08,28.510412216186523,nnknn_target_value_model,0,0,329,24,305,329,390,400,0,0,0,97.5,0,4,mcb_nnknn,500,mcb_nnknn,490,"[242, 258]",0.0,0.002201993949711323,0.02183704823255539
31838,4,251,71.33218383789062,-0.06595471501350403,-0.06282533705234528,71.39813995361328,,,,False,0.3129379451274872,0.6445946097373962,0.5983147025108337,0.5967313051223755,0.5998979806900024,1.3784595466859173e-05,1.0,4.892974376678467,1.7097747218031145e-08,25.085311889648438,nnknn_target_value_model,0,0,174,17,157,174,251,23,218,0,0,62.75,0,4,mcb_nnknn,500,mcb_nnknn,500,"[244, 256]",0.0,0.0022100182250142097,0.022336913272738457
31973,4,135,70.59426879882812,-0.1391177624464035,-0.1377025693655014,70.73338317871094,69.75892639160156,0.500758945941925,23.399465560913086,True,0.14151857793331146,0.6245717406272888,0.5958699584007263,0.5950213074684143,0.5967186689376831,1.3983783901494462e-05,1.0,-0.032619547098875046,1.7660635176497408e-09,20.124984741210938,nnknn_target_value_model,0,0,64,4,60,64,135,8,127,0,0,33.75,0,4,mcb_nnknn,500,mcb_nnknn,500,"[245, 255]",0.0,0.0021751897875219584,0.021836936473846436
32122,4,149,67.85267639160156,-0.07690725475549698,-0.07455228269100189,67.92958068847656,,,,False,0.2354973405599594,0.6345454454421997,0.5940713286399841,0.5931339859962463,0.5950086712837219,1.3592160030384548e-05,1.0,-0.4538685381412506,1.7601371027353707e-08,21.0740909576416,nnknn_target_value_model,0,0,70,1,69,70,149,0,149,0,0,37.25,0,4,mcb_nnknn,500,mcb_nnknn,500,"[247, 253]",0.0,0.002151649445295334,0.0223369300365448
32517,4,395,88.69833374023438,-0.08755014836788177,-0.0849151685833931,88.78588104248047,,,,False,0.2634979784488678,0.6370813846588135,0.5906260013580322,0.5881306529045105,0.593121349811554,1.3411750842351466e-05,1.0,6.780868053436279,-1.6598761476416257e-08,30.931148529052734,nnknn_target_value_model,0,0,313,6,307,313,395,1,394,0,0,98.75,0,4,mcb_nnknn,500,mcb_nnknn,500,"[242, 258]",0.0,0.0021451532375067472,0.02283688262104988
32816,4,299,59.584781646728516,-0.07609943300485611,-0.07306457310914993,59.66088104248047,59.337440490722656,0.4908766746520996,25.464399337768555,True,0.3034862279891968,0.6401318311691284,0.5862306356430054,0.5843433141708374,0.5881180167198181,1.3421637049759738e-05,1.0,4.892545223236084,-3.747716803559342e-08,27.476919174194336,nnknn_target_value_model,0,0,224,8,216,224,299,12,287,0,0,74.75,0,4,mcb_nnknn,500,mcb_nnknn,500,"[239, 261]",0.0,0.002189383376389742,0.023336846381425858
32970,4,154,74.10662078857422,-0.09819521009922028,-0.09598053991794586,74.20481872558594,,,,False,0.22146683931350708,0.6294374465942383,0.5833616256713867,0.582392692565918,0.584330677986145,1.3922483958594967e-05,1.0,1.3669013977050781,9.289035318715833e-09,21.653446197509766,nnknn_target_value_model,0,0,84,11,73,84,154,10,144,0,0,38.5,0,4,mcb_nnknn,500,mcb_nnknn,500,"[235, 265]",0.0,0.002184083918109536,0.023836830630898476
33376,4,406,64.60694122314453,-0.08007308095693588,-0.07710342109203339,64.68701171875,63.23046875,0.5544118881225586,24.895671844482422,True,0.29696622490882874,0.6379451751708984,0.5798150300979614,0.5772500038146973,0.5823799967765808,1.418305419065291e-05,1.0,6.960666179656982,3.993217490005918e-08,29.462574005126953,nnknn_target_value_model,0,0,334,22,312,334,406,13,393,0,0,101.5,0,4,mcb_nnknn,500,mcb_nnknn,500,"[241, 259]",0.0,0.0022103972733020782,0.023336928337812424
33602,4,226,65.62279510498047,-0.09751991927623749,-0.09507545828819275,65.7203140258789,,,,False,0.24444633722305298,0.6299179792404175,0.5758122801780701,0.5743873119354248,0.5772373080253601,1.43951701829792e-05,1.0,3.0359702110290527,-7.3846462278481795e-09,24.827621459960938,nnknn_target_value_model,0,0,148,12,136,148,226,4,222,0,0,56.5,0,4,mcb_nnknn,500,mcb_nnknn,500,"[244, 256]",0.0,0.0022297760006040335,0.022837132215499878
33738,4,136,67.43306732177734,-0.08453917503356934,-0.08256807923316956,67.51760864257812,,,,False,0.1971098631620407,0.6237704753875732,0.5735196471214294,0.5726646780967712,0.5743746757507324,1.47656000990537e-05,1.0,-2.216665267944336,2.2790011655615672e-08,18.765689849853516,nnknn_target_value_model,0,0,50,3,47,50,136,1,135,0,0,34.0,0,4,mcb_nnknn,500,mcb_nnknn,500,"[245, 255]",0.0,0.0022202185355126858,0.023337118327617645
34129,4,391,116.03857421875,-0.06924882531166077,-0.06690288335084915,116.10782623291016,113.64659881591797,0.11544716358184814,23.634031295776367,True,0.23459391295909882,0.6274021863937378,0.5701820254325867,0.5677120089530945,0.5726519823074341,1.4960217413317878e-05,1.0,7.936524868011475,-6.951334796667652e-08,29.479902267456055,nnknn_target_value_model,0,0,320,13,307,320,391,10,381,0,0,97.75,0,4,mcb_nnknn,500,mcb_nnknn,500,"[252, 248]",0.0,0.002203276613727212,0.0228371974080801
34365,4,236,97.22950744628906,-0.09947764128446579,-0.09677469730377197,97.32898712158203,,,,False,0.27029430866241455,0.6304988265037537,0.5662109851837158,0.5647226572036743,0.5676993131637573,1.4850618754280731e-05,1.0,4.668763160705566,5.051241092068892e-10,26.901451110839844,nnknn_target_value_model,0,0,162,10,152,162,236,10,226,0,0,59.0,0,4,mcb_nnknn,500,mcb_nnknn,500,"[249, 251]",0.0,0.00221156794577837,0.02333718352019787
34677,4,312,75.2632827758789,-0.11336400359869003,-0.11061525344848633,75.37664794921875,74.6911392211914,0.45689839124679565,26.144012451171875,True,0.2748749256134033,0.6298932433128357,0.5627403259277344,0.5607706904411316,0.5647100210189819,1.5172825442277826e-05,1.0,4.463128566741943,-6.418962072984868e-08,28.99320411682129,nnknn_target_value_model,0,0,221,12,209,221,312,19,293,0,0,78.0,0,4,mcb_nnknn,500,mcb_nnknn,500,"[248, 252]",0.0,0.002225881675258279,0.023837123066186905
35098,4,421,81.35135650634766,-0.07356661558151245,-0.07007461041212082,81.4249267578125,,,,False,0.34920042753219604,0.6390561461448669,0.5580980181694031,0.5554379820823669,0.5607579946517944,1.5442356016137637e-05,1.0,6.809635162353516,1.5318818213927443e-07,29.91168212890625,nnknn_target_value_model,0,0,346,17,329,346,421,17,404,0,0,105.25,0,4,mcb_nnknn,500,mcb_nnknn,500,"[245, 255]",0.0,0.0022381232120096684,0.02433711290359497
35498,4,400,82.49222564697266,-0.08072976022958755,-0.07787385582923889,82.57295227050781,,,,False,0.28559044003486633,0.6288219094276428,0.5528983473777771,0.5503713488578796,0.5554253458976746,1.5722634998383e-05,1.0,7.224914073944092,2.9802322831784522e-09,28.248865127563477,nnknn_target_value_model,0,0,334,16,318,334,400,15,385,0,0,100.0,0,4,mcb_nnknn,500,mcb_nnknn,500,"[247, 253]",0.0,0.002220652997493744,0.02383999153971672
35693,4,195,78.99098205566406,-0.11105456948280334,-0.10843599587678909,79.10203552246094,77.05719757080078,0.40857934951782227,23.36223793029785,True,0.2618575990200043,0.6243341565132141,0.5491300225257874,0.5479013323783875,0.5503586530685425,1.552101457491517e-05,1.0,3.9661762714385986,1.7422896902985485e-08,24.05552864074707,nnknn_target_value_model,0,0,139,10,129,139,195,21,174,0,0,48.75,0,4,mcb_nnknn,500,mcb_nnknn,500,"[248, 252]",0.0,0.002225767355412245,0.02433997206389904
35836,4,143,67.78459930419922,-0.13440366089344025,-0.13256283104419708,67.91900634765625,,,,False,0.1840837150812149,0.6123551726341248,0.5469893217086792,0.5460900068283081,0.5478886961936951,1.574943780724425e-05,1.0,-1.2389708757400513,1.6672627722869038e-09,20.650081634521484,nnknn_target_value_model,0,0,61,7,54,61,143,17,126,0,0,35.75,0,4,mcb_nnknn,500,mcb_nnknn,500,"[245, 255]",0.0,0.0022075760643929243,0.024839965626597404
36106,4,270,71.47911071777344,-0.08290980756282806,-0.08012054115533829,71.56201934814453,70.44538879394531,0.3892672061920166,24.441062927246094,True,0.2789264917373657,0.6254906058311462,0.5443736910820007,0.5426700115203857,0.546077311038971,1.5930987501633354e-05,1.0,4.37500524520874,-5.474797148963262e-08,26.499982833862305,nnknn_target_value_model,0,0,193,14,179,193,270,15,255,0,0,67.5,0,4,mcb_nnknn,500,mcb_nnknn,500,"[250, 250]",0.0,0.0021965280175209045,0.025339622050523758
36462,4,356,62.60157775878906,-0.08007610589265823,-0.07767802476882935,62.6816520690918,,,,False,0.23980815708637238,0.6189807653427124,0.5404090285301208,0.5381606817245483,0.5426573157310486,1.5844892914174125e-05,1.0,6.226052284240723,-7.366865872882045e-08,28.709985733032227,nnknn_target_value_model,0,0,290,14,276,290,356,12,344,0,0,89.0,0,4,mcb_nnknn,500,mcb_nnknn,500,"[251, 249]",0.0,0.002202318049967289,0.025839578360319138
36795,4,333,89.40706634521484,-0.08776678889989853,-0.08523356914520264,89.49483489990234,,,,False,0.25332167744636536,0.6198996305465698,0.5360453128814697,0.5339426398277283,0.5381479859352112,1.604755743755959e-05,1.0,5.830562114715576,-3.579858631752586e-10,29.027446746826172,nnknn_target_value_model,0,0,255,11,244,255,333,9,324,0,0,83.25,0,4,mcb_nnknn,500,mcb_nnknn,500,"[254, 246]",0.0,0.0021825237199664116,0.02558545023202896
37188,4,393,92.99938201904297,-0.08366170525550842,-0.08088638633489609,93.08304595947266,88.40730285644531,0.2967680096626282,24.242773056030273,True,0.2775319516658783,0.6219334006309509,0.5314472913742065,0.528964638710022,0.5339300036430359,1.5947136489558034e-05,1.0,7.57595682144165,-4.246641438498955e-08,29.08679962158203,nnknn_target_value_model,0,0,321,17,304,321,393,14,379,0,0,98.25,0,4,mcb_nnknn,500,mcb_nnknn,500,"[251, 249]",0.0,0.00221041077747941,0.02608543261885643
37833,4,645,83.54351806640625,-0.08863364160060883,-0.08590011298656464,83.63214874267578,,,,False,0.27335324883461,0.6185471415519714,0.5248733162879944,0.520794689655304,0.5289520025253296,1.631456871109549e-05,1.0,8.964371681213379,4.5465867515304126e-08,31.319019317626953,nnknn_target_value_model,0,0,581,10,571,581,645,21,624,0,0,161.25,0,4,mcb_nnknn,500,mcb_nnknn,500,"[249, 251]",0.0,0.0022216278593987226,0.02658536657691002
38879,4,1046,92.07011413574219,-0.054849740117788315,-0.05169053375720978,92.12496185302734,89.02070617675781,0.49824368953704834,27.042339324951172,True,0.3159205913543701,0.6220135688781738,0.5141636729240417,0.5075453519821167,0.5207819938659668,1.6343310562660918e-05,1.0,10.162676811218262,1.0526659025344998e-05,34.70233154296875,nnknn_target_value_model,0,0,978,15,963,978,1046,15,1031,0,0,261.5,0,4,mcb_nnknn,500,mcb_nnknn,500,"[253, 247]",0.0,0.0022737407125532627,0.027085300534963608
39194,4,315,77.39280700683594,-0.10892884433269501,-0.10633489489555359,77.50173950195312,,,,False,0.25939521193504333,0.609285295009613,0.5055440068244934,0.5035553574562073,0.5075326561927795,1.6790427252999507e-05,1.0,4.482916355133057,-5.600944419370535e-08,28.879619598388672,nnknn_target_value_model,0,0,246,8,238,246,315,6,309,0,0,78.75,0,4,mcb_nnknn,500,mcb_nnknn,500,"[256, 244]",0.0,0.0022684873547405005,0.027585286647081375
39596,4,402,94.46310424804688,-0.053915783762931824,-0.05075457692146301,94.51702117919922,,,,False,0.3161207139492035,0.6166980266571045,0.5010030269622803,0.49846333265304565,0.5035426616668701,1.6897271052584983e-05,1.0,6.135088920593262,-6.820431774912095e-09,31.35665512084961,nnknn_target_value_model,0,0,322,10,312,322,402,21,381,0,0,100.5,0,4,mcb_nnknn,500,mcb_nnknn,500,"[254, 246]",0.0,0.0022428103256970644,0.0270853154361248
39917,4,321,82.60243225097656,-0.08163713663816452,-0.07918478548526764,82.68406677246094,81.15657806396484,0.36765921115875244,26.596664428710938,True,0.24523510038852692,0.6036965847015381,0.49642401933670044,0.4943973422050476,0.4984506666660309,1.6626607248326764e-05,1.0,4.840672492980957,9.655581223455556e-09,29.63139533996582,nnknn_target_value_model,0,0,233,10,223,233,321,325,0,0,0,80.25,0,4,mcb_nnknn,500,mcb_nnknn,496,"[250, 250]",0.0,0.0022456732112914324,0.026585431769490242
40588,4,671,85.49092102050781,-0.06489135324954987,-0.06160653755068779,85.5558090209961,,,,False,0.3284817636013031,0.6161223649978638,0.4901413321495056,0.4858979880809784,0.49438467621803284,1.6535921531612985e-05,1.0,8.775428771972656,-2.1319097598393455e-08,33.26609802246094,nnknn_target_value_model,0,0,594,13,581,594,671,675,0,0,0,167.75,0,4,mcb_nnknn,500,mcb_nnknn,492,"[248, 252]",0.0,0.0022431721445173025,0.026085475459694862
41178,4,590,85.94392395019531,-0.09418889135122299,-0.09166837483644485,86.03811645507812,84.59602355957031,0.5063791275024414,26.382482528686523,True,0.2520514130592346,0.5988258719444275,0.4821549654006958,0.47842466831207275,0.4858853220939636,1.647602221055422e-05,1.0,8.27589225769043,-2.4245956353752263e-09,32.62980270385742,nnknn_target_value_model,0,0,518,4,514,518,590,6,551,0,0,147.5,0,4,mcb_nnknn,500,mcb_nnknn,500,"[249, 251]",0.0,0.00223234249278903,0.025585506111383438
41497,4,319,99.81005859375,-0.1285167783498764,-0.12551623582839966,99.9385757446289,,,,False,0.30005353689193726,0.6065554618835449,0.4763980507850647,0.47438400983810425,0.478412002325058,1.6382184185204096e-05,1.0,5.891165733337402,4.4843617708067995e-09,30.951509475708008,nnknn_target_value_model,0,0,244,16,228,244,319,20,299,0,0,79.75,0,4,mcb_nnknn,500,mcb_nnknn,500,"[246, 254]",0.0,0.0022498758044093847,0.02608550153672695
41921,4,424,89.26808166503906,-0.07807134836912155,-0.07445426285266876,89.34615325927734,,,,False,0.3617085814476013,0.6175211668014526,0.47169235348701477,0.4690133333206177,0.4743713438510895,1.6772522940300405e-05,1.0,6.132779121398926,2.0243087206495147e-08,32.93508529663086,nnknn_target_value_model,0,0,342,5,337,342,424,8,416,0,0,106.0,0,4,mcb_nnknn,500,mcb_nnknn,500,"[249, 251]",0.0,0.0022325951140373945,0.026585472747683525
42400,4,479,98.41546630859375,-0.058983415365219116,-0.05556092783808708,98.47444915771484,97.45782470703125,-0.011018037796020508,29.12340545654297,True,0.34224894642829895,0.6135737895965576,0.4659733772277832,0.46294599771499634,0.4690006673336029,1.6844182027853094e-05,1.0,7.116415977478027,-1.3936785059343038e-08,32.85935974121094,nnknn_target_value_model,0,0,399,12,387,399,479,10,469,0,0,119.75,0,4,mcb_nnknn,500,mcb_nnknn,500,"[244, 256]",0.0,0.0022387367207556963,0.02608983963727951
42739,4,339,84.46451568603516,-0.08949132263660431,-0.08595547080039978,84.55400848388672,,,,False,0.35358524322509766,0.6132179498672485,0.4607926607131958,0.45865198969841003,0.46293333172798157,1.6954891179921106e-05,1.0,4.996311664581299,-1.125279425195913e-08,30.953380584716797,nnknn_target_value_model,0,0,246,11,235,246,339,19,320,0,0,84.75,0,4,mcb_nnknn,500,mcb_nnknn,500,"[239, 261]",0.0,0.002254028804600239,0.026589829474687576
43292,4,553,82.15383911132812,-0.056742068380117416,-0.05301697179675102,82.21057891845703,79.22723388671875,0.4680655002593994,26.627826690673828,True,0.3725096583366394,0.6153616905212402,0.4551433324813843,0.4516473412513733,0.45863932371139526,1.7131935237557627e-05,1.0,8.163769721984863,-5.173640182931649e-09,31.972660064697266,nnknn_target_value_model,0,0,500,8,492,500,553,575,0,0,0,138.25,0,4,mcb_nnknn,500,mcb_nnknn,478,"[241, 259]",0.0,0.002255994826555252,0.026090145111083984
43787,4,495,86.26618194580078,-0.08934590220451355,-0.08610749989748001,86.35552978515625,,,,False,0.3238401710987091,0.6029506921768188,0.4485059976577759,0.44537732005119324,0.4516346752643585,1.7121778000728227e-05,1.0,6.991925239562988,-3.2270797589717404e-08,33.3343391418457,nnknn_target_value_model,0,0,412,2,410,412,495,0,450,0,0,123.75,0,4,mcb_nnknn,500,mcb_nnknn,500,"[241, 259]",0.0,0.0022527300752699375,0.025590211153030396
44191,4,404,82.35615539550781,-0.0616329163312912,-0.057899683713912964,82.41778564453125,,,,False,0.37332314252853394,0.6130045652389526,0.44281232357025146,0.44025999307632446,0.44536465406417847,1.693372723821085e-05,1.0,6.020803928375244,-1.652406034224896e-08,32.443416595458984,nnknn_target_value_model,0,0,325,3,322,325,404,19,385,0,0,101.0,0,4,mcb_nnknn,500,mcb_nnknn,500,"[239, 261]",0.0,0.0022564411628991365,0.025090264156460762
44664,4,473,76.13131713867188,-0.09523385018110275,-0.09125262498855591,76.22654724121094,74.97132873535156,0.4759802222251892,28.373193740844727,True,0.3981224298477173,0.6167924404144287,0.4372579753398895,0.43426865339279175,0.4402473270893097,1.6856472939252853e-05,1.0,6.672544479370117,-7.762465514815631e-08,33.25223159790039,nnknn_target_value_model,0,0,392,8,384,392,473,24,449,0,0,118.25,0,4,mcb_nnknn,500,mcb_nnknn,500,"[238, 262]",0.0,0.002264142967760563,0.025590231642127037
45138,4,474,101.31465148925781,-0.06751280277967453,-0.06458389759063721,101.38216400146484,,,,False,0.29289042949676514,0.5889628529548645,0.4312603175640106,0.42826467752456665,0.434255987405777,1.6986696209642105e-05,1.0,6.532952785491943,2.0119712118571442e-08,34.473106384277344,nnknn_target_value_model,0,0,380,5,375,380,474,15,459,0,0,118.5,0,4,mcb_nnknn,500,mcb_nnknn,500,"[238, 262]",0.0,0.0022556057665497065,0.02509024180471897
45604,4,466,73.98506164550781,-0.07231650501489639,-0.06878266483545303,74.05738067626953,72.2857437133789,0.4216536283493042,27.87560272216797,True,0.3533842861652374,0.6008573770523071,0.4253069758415222,0.42236199975013733,0.4282520115375519,1.6641250113025308e-05,1.0,6.864918231964111,1.4837207906737149e-08,32.15480041503906,nnknn_target_value_model,0,0,388,5,383,388,466,22,444,0,0,116.5,0,4,mcb_nnknn,500,mcb_nnknn,500,"[236, 264]",0.0,0.0022630842868238688,0.02559022791683674
46222,4,618,114.86743927001953,-0.0577656514942646,-0.05414992943406105,114.92520141601562,,,,False,0.36157217621803284,0.6008800864219666,0.41844162344932556,0.4145340025424957,0.42234933376312256,1.703530506347306e-05,1.0,7.6971755027771,-1.9096633607773583e-08,35.886024475097656,nnknn_target_value_model,0,0,537,11,526,537,618,18,600,0,0,154.5,0,4,mcb_nnknn,500,mcb_nnknn,500,"[233, 267]",0.0,0.002266579307615757,0.02609008364379406
46652,4,430,91.93783569335938,-0.10356755554676056,-0.10003317892551422,92.0414047241211,,,,False,0.3534379005432129,0.5952932238578796,0.41180434823036194,0.40908733010292053,0.41452133655548096,1.7123704310506582e-05,1.0,6.380410671234131,0.0,33.51033401489258,nnknn_target_value_model,0,0,345,8,337,345,430,14,416,0,0,107.5,0,4,mcb_nnknn,500,mcb_nnknn,500,"[236, 264]",0.0,0.0022959457710385323,0.026590071618556976
47013,4,361,109.91133117675781,-0.11234117299318314,-0.10896973311901093,110.02367401123047,108.75737762451172,0.09863424301147461,29.613916397094727,True,0.33714377880096436,0.5916290283203125,0.4067946672439575,0.4045146703720093,0.40907466411590576,1.761113162501715e-05,1.0,7.0391011238098145,-8.585710808972635e-09,32.355342864990234,nnknn_target_value_model,0,0,290,5,285,290,361,3,358,0,0,90.25,0,4,mcb_nnknn,500,mcb_nnknn,500,"[239, 261]",0.0,0.002303286688402295,0.027090059593319893
47348,4,335,95.33549499511719,-0.09474263340234756,-0.09100250154733658,95.43023681640625,,,,False,0.37401294708251953,0.599807620048523,0.40238669514656067,0.40027132630348206,0.4045020043849945,1.7974833099287935e-05,1.0,5.28071928024292,-7.116972566834079e-10,29.11598014831543,nnknn_target_value_model,0,0,254,5,249,254,335,15,320,0,0,83.75,0,4,mcb_nnknn,500,mcb_nnknn,500,"[238, 262]",0.0,0.0022872004192322493,0.027590041980147362
47665,4,317,90.54619598388672,-0.08406580984592438,-0.08024781197309494,90.63026428222656,89.86227416992188,0.36722707748413086,29.28992462158203,True,0.3817999064922333,0.59834223985672,0.398257315158844,0.3962559998035431,0.4002586603164673,1.7722688426147215e-05,1.0,3.8722662925720215,-9.77741798635634e-09,31.585124969482422,nnknn_target_value_model,0,0,230,17,213,230,317,17,300,0,0,79.25,0,4,mcb_nnknn,500,mcb_nnknn,500,"[237, 263]",0.0,0.0022763172164559364,0.027090100571513176
47893,4,228,102.7465591430664,-0.0811329260468483,-0.0767996609210968,102.82769012451172,,,,False,0.43332675099372864,0.6119717359542847,0.3948056697845459,0.3933680057525635,0.3962433338165283,1.7616339391679503e-05,1.0,2.058093309402466,2.3005300775480464e-08,27.172805786132812,nnknn_target_value_model,0,0,141,8,133,141,228,21,207,0,0,57.0,0,4,mcb_nnknn,500,mcb_nnknn,500,"[236, 264]",0.0,0.0022718014661222696,0.02759006805717945
48633,4,740,84.66337585449219,-0.06315162032842636,-0.05931747704744339,84.72652435302734,,,,False,0.3834143579006195,0.5961003303527832,0.3886750042438507,0.3839946687221527,0.3933553397655487,1.7884920453070663e-05,1.0,8.843962669372559,-8.247994287557958e-08,34.740562438964844,nnknn_target_value_model,0,0,672,16,656,672,740,12,728,0,0,185.0,0,4,mcb_nnknn,500,mcb_nnknn,500,"[240, 260]",0.0,0.0022472734563052654,0.02709028869867325
49175,4,542,92.40846252441406,-0.07432858645915985,-0.07015717774629593,92.4827880859375,92.22607421875,0.3532574772834778,29.937931060791016,True,0.4171411395072937,0.604428231716156,0.3805556893348694,0.37712934613227844,0.38398200273513794,1.7627733541303314e-05,1.0,7.257908821105957,-2.287410794110656e-08,35.264278411865234,nnknn_target_value_model,0,0,462,7,455,462,542,19,523,0,0,135.5,0,4,mcb_nnknn,500,mcb_nnknn,500,"[238, 262]",0.0,0.0022592402528971434,0.02659030072391033
49576,4,401,104.16686248779297,-0.07998134195804596,-0.07647671550512314,104.24684143066406,,,,False,0.350462406873703,0.5816031098365784,0.37458333373069763,0.3720499873161316,0.37711668014526367,1.7532836864120327e-05,1.0,5.255274295806885,2.0215042084714696e-08,34.11947250366211,nnknn_target_value_model,0,0,306,6,300,306,401,4,397,0,0,100.25,0,4,mcb_nnknn,500,mcb_nnknn,500,"[239, 261]",0.0,0.0022415793500840664,0.027090217918157578
49986,4,410,92.3574447631836,-0.1122111827135086,-0.10869002342224121,92.46965789794922,90.61626434326172,0.3522123098373413,30.295095443725586,True,0.3521159887313843,0.581035315990448,0.3694469928741455,0.3668566644191742,0.3720373213291168,1.7381205907440744e-05,1.0,5.446624755859375,5.233578459495902e-09,33.93848419189453,nnknn_target_value_model,0,0,313,10,303,313,410,21,389,0,0,102.5,0,4,mcb_nnknn,500,mcb_nnknn,500,"[246, 254]",0.0,0.002251670928671956,0.026590226218104362
50388,4,402,90.83018493652344,-0.10126493871212006,-0.09678740054368973,90.93144989013672,,,,False,0.44775405526161194,0.6083393692970276,0.3643043041229248,0.36176466941833496,0.3668439984321594,1.7397103874827735e-05,1.0,5.319313049316406,3.588140273791396e-08,33.679264068603516,nnknn_target_value_model,0,0,308,15,293,308,402,16,386,0,0,100.5,0,4,mcb_nnknn,500,mcb_nnknn,500,"[244, 256]",0.0,0.0022677842061966658,0.027090203016996384
50959,4,571,87.12727355957031,-0.06669768691062927,-0.06311383843421936,87.1939697265625,,,,False,0.3583851754665375,0.5797770023345947,0.35814201831817627,0.35453200340270996,0.3617520034313202,1.790865462680813e-05,1.0,7.954214572906494,-1.081443272710203e-07,35.00077438354492,nnknn_target_value_model,0,0,500,10,490,500,571,7,564,0,0,142.75,0,4,mcb_nnknn,500,mcb_nnknn,500,"[251, 249]",0.0,0.002256982261314988,0.027590198442339897
51558,4,599,80.44598388671875,-0.06991959363222122,-0.06585308164358139,80.51590728759766,78.7368392944336,0.5569519996643066,28.861879348754883,True,0.40665102005004883,0.5892208218574524,0.3507319986820221,0.346944659948349,0.3545193374156952,1.7928026863955893e-05,1.0,7.935612201690674,7.2441039833393e-08,34.965606689453125,nnknn_target_value_model,0,0,525,14,511,525,599,32,567,0,0,149.75,0,4,mcb_nnknn,500,mcb_nnknn,500,"[251, 249]",0.0,0.0022776261903345585,0.028090188279747963
52233,4,675,91.11067199707031,-0.09393564611673355,-0.09031035751104355,91.20460510253906,,,,False,0.36252889037132263,0.5735869407653809,0.3426632881164551,0.3383946716785431,0.34693199396133423,1.8505306798033416e-05,1.0,8.018514633178711,4.803692732480158e-08,36.37649917602539,nnknn_target_value_model,0,0,597,14,583,597,675,22,653,0,0,168.75,0,4,mcb_nnknn,500,mcb_nnknn,500,"[250, 250]",0.0,0.0022895324509590864,0.028590170666575432
52910,4,677,84.48811340332031,-0.05874089151620865,-0.05504363775253296,84.5468521118164,84.34603881835938,0.5662291049957275,30.124921798706055,True,0.36972561478614807,0.572113573551178,0.3341006636619568,0.32981932163238525,0.3383820056915283,1.876566602732055e-05,1.0,7.830266952514648,-4.049946156214901e-08,36.929718017578125,nnknn_target_value_model,0,0,598,14,584,598,677,21,656,0,0,169.25,0,4,mcb_nnknn,500,mcb_nnknn,500,"[249, 251]",0.0,0.002285253955051303,0.028090236708521843
53620,4,710,95.40824127197266,-0.06966733187437057,-0.06616765260696411,95.4779052734375,,,,False,0.349967896938324,0.56271892786026,0.32531633973121643,0.32082599401474,0.3298066556453705,1.865807280410081e-05,1.0,8.208913803100586,1.0023654084534428e-07,36.13700866699219,nnknn_target_value_model,0,0,637,14,623,637,710,16,694,0,0,177.5,0,4,mcb_nnknn,500,mcb_nnknn,500,"[243, 257]",0.0,0.0022840662859380245,0.02859022654592991
54270,4,650,89.04267883300781,-0.07133658230304718,-0.06784331053495407,89.114013671875,,,,False,0.349327027797699,0.5585008263587952,0.3167029917240143,0.31259265542030334,0.3208133280277252,1.893382977868896e-05,1.0,7.777955055236816,2.0173880344032113e-09,36.36883544921875,nnknn_target_value_model,0,0,569,21,548,569,650,650,0,0,0,162.5,0,4,mcb_nnknn,500,mcb_nnknn,500,"[243, 257]",0.0,0.002273568417876959,0.028090232983231544
55035,4,765,89.64778900146484,-0.06320863962173462,-0.05912525951862335,89.71099853515625,89.10762023925781,0.4570152759552002,29.981487274169922,True,0.40833812952041626,0.5769767165184021,0.30774134397506714,0.3029026687145233,0.3125799894332886,1.8718765204539523e-05,1.0,8.435694694519043,2.681912883417681e-05,36.787296295166016,nnknn_target_value_model,0,0,690,13,677,690,765,16,724,0,0,191.25,0,4,mcb_nnknn,500,mcb_nnknn,500,"[244, 256]",0.0,0.0022769332863390446,0.027590539306402206
55700,4,665,81.7540283203125,-0.05612959340214729,-0.052177395671606064,81.8101577758789,,,,False,0.39522016048431396,0.5674060583114624,0.29868465662002563,0.2944793403148651,0.30289000272750854,1.863034412963316e-05,1.0,7.915645599365234,-1.1472773842058359e-08,35.99997329711914,nnknn_target_value_model,0,0,591,10,581,591,665,9,656,0,0,166.25,0,4,mcb_nnknn,500,mcb_nnknn,500,"[240, 260]",0.0,0.002263476373627782,0.02709057182073593
56508,4,808,95.89779663085938,-0.05092155933380127,-0.04702002927660942,95.94871520996094,94.3946533203125,0.4082174301147461,29.991561889648438,True,0.3901531398296356,0.5617780089378357,0.28935569524765015,0.2842446565628052,0.29446667432785034,1.8433775039738975e-05,1.0,8.598226547241211,-2.154029203893515e-07,37.022422790527344,nnknn_target_value_model,0,0,737,10,727,737,808,27,781,0,0,202.0,0,4,mcb_nnknn,500,mcb_nnknn,500,"[233, 267]",0.0,0.0022412182297557592,0.026590656489133835
57317,4,809,94.54937744140625,-0.04419645294547081,-0.040009330958127975,94.59357452392578,,,,False,0.41871219873428345,0.5698114037513733,0.27911466360092163,0.27399733662605286,0.2842319905757904,1.82595249498263e-05,1.0,8.833922386169434,0.00039123810711316764,35.84907913208008,nnknn_target_value_model,0,0,747,11,736,747,809,21,788,0,0,202.25,0,4,mcb_nnknn,500,mcb_nnknn,500,"[238, 262]",0.0,0.0022341967560350895,0.026090750470757484
57998,4,681,83.78446960449219,-0.06900323182344437,-0.06493562459945679,83.85346984863281,,,,False,0.4067607820034027,0.5615089535713196,0.2696780264377594,0.26537132263183594,0.2739846706390381,1.8161519619752653e-05,1.0,7.807888031005859,-1.8205236429480465e-08,36.94331741333008,nnknn_target_value_model,0,0,607,10,597,607,681,42,639,0,0,170.25,0,4,mcb_nnknn,500,mcb_nnknn,500,"[237, 263]",0.0,0.002237465465441346,0.02559078484773636
58838,4,840,95.6072769165039,-0.06416753679513931,-0.06016390025615692,95.67144775390625,94.09944915771484,0.5078520774841309,30.8226375579834,True,0.4003639221191406,0.5540781021118164,0.26004499197006226,0.25473132729530334,0.26535865664482117,1.8259610442328267e-05,1.0,8.403854370117188,0.0010033834259957075,38.53810119628906,nnknn_target_value_model,0,0,755,11,744,755,840,17,823,0,0,210.0,0,4,mcb_nnknn,500,mcb_nnknn,500,"[235, 265]",0.0,0.00222610286436975,0.026089582592248917
59564,4,726,99.72631072998047,-0.07091090083122253,-0.0671868771314621,99.7972183227539,,,,False,0.3724023401737213,0.5374465584754944,0.25012701749801636,0.24553532898426056,0.2547186613082886,1.817319389374461e-05,1.0,7.812970161437988,-6.48590514629177e-08,38.320899963378906,nnknn_target_value_model,0,0,643,6,637,643,726,23,703,0,0,181.5,0,4,mcb_nnknn,500,mcb_nnknn,500,"[238, 262]",0.0,0.0022228064481168985,0.025862252339720726
60145,4,581,111.54363250732422,-0.0719711184501648,-0.06827422231435776,111.6156005859375,110.8608169555664,0.178524911403656,31.69274139404297,True,0.3696896731853485,0.5315417051315308,0.24184933304786682,0.23817600309848785,0.2455226629972458,1.811743641155772e-05,1.0,6.737105369567871,1.9697232289672684e-08,38.027462005615234,nnknn_target_value_model,0,0,489,6,483,489,581,22,559,0,0,145.25,0,4,mcb_nnknn,500,mcb_nnknn,500,"[236, 264]",0.0,0.002214838517829776,0.026089562103152275
60909,4,764,103.04512023925781,-0.05767745152115822,-0.05396144464612007,103.10279846191406,,,,False,0.3716006577014923,0.5279194116592407,0.23333100974559784,0.2284986674785614,0.23816333711147308,1.81687264557695e-05,1.0,7.878063678741455,4.5093567990761585e-08,39.18896484375,nnknn_target_value_model,0,0,665,1,664,665,764,17,747,0,0,191.0,0,4,mcb_nnknn,500,mcb_nnknn,500,"[235, 265]",0.0,0.002218454610556364,0.02658952958881855
61566,4,657,131.39004516601562,-0.05713063105940819,-0.053313907235860825,131.44717407226562,,,,False,0.38167256116867065,0.5295997858047485,0.2243313491344452,0.22017666697502136,0.22848600149154663,1.8422611901769415e-05,1.0,7.076073169708252,-3.3385859410373087e-08,39.6827507019043,nnknn_target_value_model,0,0,541,3,538,541,657,30,627,0,0,164.25,0,4,mcb_nnknn,500,mcb_nnknn,500,"[239, 261]",0.0,0.0022203049156814814,0.027089517563581467
62121,4,555,146.71055603027344,-0.04861517623066902,-0.04487602412700653,146.75917053222656,144.4915313720703,0.27365654706954956,31.519010543823242,True,0.3739156723022461,0.5205079317092896,0.21665532886981964,0.21314667165279388,0.2201640009880066,1.8770151655189693e-05,1.0,6.140305995941162,-1.6324154472613372e-08,39.566349029541016,nnknn_target_value_model,0,0,432,3,429,432,555,19,536,0,0,138.75,0,4,mcb_nnknn,500,mcb_nnknn,500,"[235, 265]",0.0,0.0022183964028954506,0.026589591056108475
62671,4,550,220.94927978515625,-0.05728719010949135,-0.05362924560904503,221.00656127929688,,,,False,0.36579471826553345,0.5133889317512512,0.20965702831745148,0.20618000626564026,0.2131340056657791,1.86943871085532e-05,1.0,5.483888626098633,-9.970231751310621e-09,42.25969314575195,nnknn_target_value_model,0,0,419,1,418,419,550,20,530,0,0,137.5,0,4,mcb_nnknn,500,mcb_nnknn,500,"[235, 265]",0.0,0.002199471928179264,0.026362216100096703
63259,4,588,200.15232849121094,-0.05245868116617203,-0.04848937317728996,200.2047882080078,191.62828063964844,0.3172701597213745,33.068023681640625,True,0.396930992603302,0.5260485410690308,0.20244966447353363,0.19873200356960297,0.2061673402786255,1.8492008166504093e-05,1.0,5.929521560668945,-1.4394318625932101e-08,41.73854064941406,nnknn_target_value_model,0,0,447,2,445,447,588,11,577,0,0,147.0,0,4,mcb_nnknn,500,mcb_nnknn,500,"[240, 260]",0.0,0.00221056817099452,0.026862099766731262
63669,4,410,144.48828125,-0.10366187989711761,-0.09992533177137375,144.59194946289062,,,,False,0.3736547827720642,0.5100077390670776,0.1961289942264557,0.19353866577148438,0.1987193375825882,1.8803008060785942e-05,1.0,4.363807201385498,-5.248116252687396e-08,38.6267204284668,nnknn_target_value_model,0,0,296,4,292,296,410,7,403,0,0,102.5,0,4,mcb_nnknn,500,mcb_nnknn,500,"[237, 263]",0.0,0.0022088298574090004,0.027089525014162064
64162,4,493,197.34274291992188,-0.03361222520470619,-0.02962271310389042,197.37635803222656,,,,False,0.3989516794681549,0.5209109783172607,0.19041000306606293,0.18729400634765625,0.1935259997844696,1.8817727323039435e-05,1.0,4.820596694946289,-3.264351633447404e-08,41.509361267089844,nnknn_target_value_model,0,0,338,1,337,338,493,7,486,0,0,123.25,0,4,mcb_nnknn,500,mcb_nnknn,500,"[235, 265]",0.0,0.0022203281987458467,0.027589473873376846
64541,4,379,309.9679260253906,-0.06165193393826485,-0.05728582292795181,310.0295715332031,292.07861328125,-0.5514042377471924,36.51542282104492,True,0.4366112947463989,0.5419773459434509,0.1848873496055603,0.18249332904815674,0.18728134036064148,1.926385266415309e-05,1.0,1.9445643424987793,-2.484837402505491e-08,43.788604736328125,nnknn_target_value_model,0,0,251,10,241,251,379,29,350,0,0,94.75,0,4,mcb_nnknn,500,mcb_nnknn,500,"[230, 270]",0.0,0.00222148303873837,0.027362020686268806
65073,4,532,133.71676635742188,-0.08509285002946854,-0.08077295869588852,133.80186462402344,,,,False,0.43198901414871216,0.5351756811141968,0.17911766469478607,0.17575466632843018,0.18248066306114197,1.920577597047668e-05,1.0,5.613708019256592,-4.929707486667212e-08,39.51618194580078,nnknn_target_value_model,0,0,432,5,427,432,532,0,532,0,0,133.0,0,4,mcb_nnknn,500,mcb_nnknn,500,"[232, 268]",0.0,0.0022269287146627903,0.027862010523676872
65744,4,671,170.7313690185547,-0.059500496834516525,-0.055232934653759,170.79086303710938,166.3282470703125,0.6311349868774414,33.36825942993164,True,0.42675653100013733,0.5278018116950989,0.17149867117404938,0.16725532710552216,0.1757420003414154,1.9586350390454754e-05,1.0,6.055717945098877,5.685092840934658e-09,44.117191314697266,nnknn_target_value_model,0,0,531,8,523,531,671,19,652,0,0,167.75,0,4,mcb_nnknn,500,mcb_nnknn,500,"[233, 267]",0.0,0.0022397050634026527,0.028089076280593872
66353,4,609,147.046875,-0.06518679112195969,-0.060737304389476776,147.112060546875,,,,False,0.44494864344596863,0.5353338718414307,0.16339200735092163,0.15954133868217468,0.16724266111850739,1.9770612198044546e-05,1.0,5.857128143310547,-3.249382984904514e-08,42.34529495239258,nnknn_target_value_model,0,0,461,2,459,461,609,6,603,0,0,152.25,0,4,mcb_nnknn,500,mcb_nnknn,500,"[231, 269]",0.0,0.002232818864285946,0.02786204032599926
66971,4,618,144.8368682861328,-0.059852730482816696,-0.05500464513897896,144.896728515625,,,,False,0.4848087728023529,0.5565968751907349,0.1556209921836853,0.1517133265733719,0.1595286726951599,1.9729055566131137e-05,1.0,6.060739040374756,-2.5847969098435897e-08,41.713748931884766,nnknn_target_value_model,0,0,485,7,478,485,618,0,618,0,0,154.5,0,4,mcb_nnknn,500,mcb_nnknn,500,"[230, 270]",0.0,0.0022393392864614725,0.0280888881534338
67525,4,554,137.2726287841797,-0.05738786607980728,-0.05298732966184616,137.33001708984375,128.3166961669922,0.6438925862312317,34.5368766784668,True,0.44005414843559265,0.5242192149162292,0.14819832146167755,0.14469599723815918,0.15170066058635712,1.9880038962583058e-05,1.0,5.119390487670898,-7.746452368451173e-09,42.99425506591797,nnknn_target_value_model,0,0,396,5,391,396,554,3,551,0,0,138.5,0,4,mcb_nnknn,500,mcb_nnknn,500,"[229, 271]",0.0,0.0022280781995505095,0.027862461283802986
68151,4,626,163.58702087402344,-0.07700445502996445,-0.07245728373527527,163.66403198242188,,,,False,0.45471706986427307,0.5315042734146118,0.1407250165939331,0.13676667213439941,0.1446833312511444,1.9848899682983756e-05,1.0,5.573627471923828,2.932624632023817e-08,44.1002311706543,nnknn_target_value_model,0,0,475,7,468,475,626,6,620,0,0,156.5,0,4,mcb_nnknn,500,mcb_nnknn,500,"[229, 271]",0.0,0.00222720461897552,0.028362443670630455
68950,4,799,143.04019165039062,-0.07063379138708115,-0.06587228178977966,143.11082458496094,134.51702880859375,0.6024615168571472,33.59385681152344,True,0.47615113854408264,0.5414987206459045,0.13170000910758972,0.1266459971666336,0.13675400614738464,2.0002307792310603e-05,1.0,7.211846351623535,2.0887735985297695e-08,42.46485900878906,nnknn_target_value_model,0,0,689,2,687,689,799,5,794,0,0,199.75,0,4,mcb_nnknn,500,mcb_nnknn,500,"[231, 269]",0.0,0.0022249333560466766,0.02886209450662136
69800,4,850,114.51608276367188,-0.06244884058833122,-0.05776052176952362,114.57852935791016,,,,False,0.4688323140144348,0.5323029160499573,0.12125633656978607,0.11587933450937271,0.12663333117961884,1.9920631530112587e-05,1.0,7.687359809875488,-6.058636614625357e-08,41.448883056640625,nnknn_target_value_model,0,0,727,10,717,727,850,34,816,0,0,212.5,0,4,mcb_nnknn,500,mcb_nnknn,500,"[233, 267]",0.0,0.002262200927361846,0.028362149372696877
70893,4,1093,119.20260620117188,-0.0645894780755043,-0.05994905158877373,119.26719665527344,,,,False,0.4640425443649292,0.5245916247367859,0.108950674533844,0.10203466564416885,0.11586666852235794,2.044012217083946e-05,1.0,7.7947001457214355,0.000367579486919567,44.98739242553711,nnknn_target_value_model,0,0,968,7,961,968,1093,12,1081,0,0,273.25,0,4,mcb_nnknn,500,mcb_nnknn,500,"[233, 267]",0.0,0.0022637967485934496,0.028862066566944122
71749,4,856,107.0892562866211,-0.048382263630628586,-0.043801337480545044,107.13764190673828,99.41181182861328,0.4187113046646118,36.48215866088867,True,0.4580928087234497,0.5131649374961853,0.09660699963569641,0.09119199961423874,0.10202199965715408,2.0870093067060225e-05,1.0,7.492926597595215,0.00039951683720573783,42.52429962158203,nnknn_target_value_model,0,0,748,19,729,748,856,18,838,0,0,214.0,0,4,mcb_nnknn,500,mcb_nnknn,500,"[226, 274]",0.0,0.0022749691270291805,0.028362097218632698
72292,4,543,146.58106994628906,-0.09575872123241425,-0.09139007329940796,146.6768341064453,,,,False,0.4368647634983063,0.4932633638381958,0.08774666488170624,0.0843140035867691,0.09117933362722397,2.06470831471961e-05,1.0,5.8187642097473145,-3.424797156981185e-08,39.140220642089844,nnknn_target_value_model,0,0,434,14,420,434,543,26,517,0,0,135.75,0,4,mcb_nnknn,500,mcb_nnknn,500,"[220, 280]",0.0,0.002299198182299733,0.02858896739780903
73439,4,1147,77.12016296386719,-0.04365542531013489,-0.03908838704228401,77.163818359375,73.78410339355469,0.5139087438583374,35.62590408325195,True,0.45670410990715027,0.5037018060684204,0.07704333961009979,0.06978533416986465,0.08430133014917374,2.0946994482073933e-05,1.0,8.769261360168457,0.0019139754585921764,41.21669387817383,nnknn_target_value_model,0,0,1055,7,1048,1055,1147,7,1140,0,0,286.75,0,4,mcb_nnknn,500,mcb_nnknn,500,"[219, 281]",0.0,0.002297306666150689,0.028089014813303947
74490,4,1051,61.384803771972656,-0.04600433260202408,-0.04113131761550903,61.430809020996094,,,,False,0.48730188608169556,0.520993173122406,0.06312266737222672,0.056472666561603546,0.06977266818284988,2.0775758457602933e-05,1.0,8.648208618164062,6.15895743294459e-08,40.259315490722656,nnknn_target_value_model,0,0,951,15,936,951,1051,21,1030,0,0,262.75,0,4,mcb_nnknn,500,mcb_nnknn,500,"[225, 275]",0.0,0.0022929669357836246,0.028588930144906044
75294,4,804,44.37662124633789,-0.07395106554031372,-0.06920222193002701,44.4505729675293,,,,False,0.4748842120170593,0.5059060454368591,0.052052900195121765,0.05000000074505806,0.056460000574588776,2.0681693058577366e-05,1.0,8.454649925231934,0.0005583205493167043,36.320011138916016,nnknn_target_value_model,0,0,741,9,732,741,804,11,793,0,0,201.0,0,4,mcb_nnknn,500,mcb_nnknn,500,"[224, 276]",0.0,0.0022975015453994274,0.028089020401239395
76523,4,1229,39.895355224609375,-0.04356098175048828,-0.0388873815536499,39.93891525268555,34.63063430786133,0.7257254123687744,36.43128204345703,True,0.46736055612564087,0.4986739158630371,0.05000000819563866,0.05000000074505806,0.05000000074505806,2.084688821923919e-05,1.0,9.126447677612305,0.0017535323277115822,40.29707717895508,nnknn_target_value_model,0,0,1152,14,1138,1152,1229,23,1206,0,0,307.25,0,4,mcb_nnknn,500,mcb_nnknn,500,"[229, 271]",0.0,0.002311901655048132,0.02759000100195408
77444,4,921,36.66159439086914,-0.07304828613996506,-0.0682760626077652,36.734642028808594,,,,False,0.4772227108478546,0.5060204267501831,0.05000000447034836,0.05000000074505806,0.05000000074505806,2.0804449377465062e-05,1.0,8.502820014953613,0.0005946792080067098,38.5501594543457,nnknn_target_value_model,0,0,849,7,842,849,921,925,0,0,0,230.25,0,4,mcb_nnknn,500,mcb_nnknn,496,"[228, 272]",0.0,0.0023175785318017006,0.028089987114071846
78290,4,846,24.546592712402344,-0.04105650633573532,-0.03641622141003609,24.587648391723633,19.898054122924805,0.8331835865974426,34.91587829589844,True,0.464028924703598,0.4954774081707001,0.05000000447034836,0.05000000074505806,0.05000000074505806,2.0752906493726186e-05,1.0,8.531379699707031,0.00039085204480215907,36.85710906982422,nnknn_target_value_model,0,0,785,11,774,785,846,3,814,0,0,211.5,0,4,mcb_nnknn,500,mcb_nnknn,500,"[228, 272]",0.0,0.002333254087716341,0.027590032666921616
79105,4,815,29.36020851135254,-0.0682082325220108,-0.06334449350833893,29.428417205810547,,,,False,0.4863738417625427,0.5139238834381104,0.05000000819563866,0.05000000074505806,0.05000000074505806,2.091839451168198e-05,1.0,8.184281349182129,-9.36122024342012e-09,37.820533752441406,nnknn_target_value_model,0,0,736,9,727,736,815,825,0,0,0,203.75,0,4,mcb_nnknn,500,mcb_nnknn,490,"[230, 270]",0.0,0.0023492074105888605,0.02809002250432968
79918,4,813,18.603818893432617,-0.0460938923060894,-0.041403528302907944,18.649911880493164,,,,False,0.46903660893440247,0.4988071918487549,0.050000011920928955,0.05000000074505806,0.05000000074505806,2.1285159164108336e-05,1.0,8.441022872924805,-6.33436840757895e-08,36.53471755981445,nnknn_target_value_model,0,0,754,5,749,754,813,5,773,0,0,203.25,0,4,mcb_nnknn,500,mcb_nnknn,500,"[230, 270]",0.0,0.002357537392526865,0.028590012341737747
80559,4,641,19.553098678588867,-0.04419384151697159,-0.03932604193687439,19.597291946411133,14.89962100982666,0.8509653210639954,35.54285430908203,True,0.48678022623062134,0.5142117142677307,0.05000000447034836,0.05000000074505806,0.05000000074505806,2.154038884327747e-05,1.0,7.366500377655029,-1.2367266322144133e-07,36.05937194824219,nnknn_target_value_model,0,0,550,12,538,550,641,16,625,0,0,160.25,0,4,mcb_nnknn,500,mcb_nnknn,500,"[227, 273]",0.0,0.0023687968496233225,0.02908996306359768
81228,4,669,20.18706703186035,-0.04500645399093628,-0.04025479778647423,20.232072830200195,,,,False,0.47516611218452454,0.5048657655715942,0.05000000074505806,0.05000000074505806,0.05000000074505806,2.1837506210431457e-05,1.0,7.561502456665039,-1.140417715816966e-08,36.507484436035156,nnknn_target_value_model,0,0,591,14,577,591,669,18,651,0,0,167.25,0,4,mcb_nnknn,500,mcb_nnknn,500,"[224, 276]",0.0,0.002360096899792552,0.029589936137199402
81854,4,626,10.48896312713623,-0.04480084404349327,-0.04009503498673439,10.533763885498047,8.384007453918457,0.9294283390045166,36.357261657714844,True,0.4705813527107239,0.5005708336830139,0.050000011920928955,0.05000000074505806,0.05000000074505806,2.182478056056425e-05,1.0,7.454256057739258,-6.07472259162023e-08,35.21913146972656,nnknn_target_value_model,0,0,551,7,544,551,626,13,613,0,0,156.5,0,4,mcb_nnknn,500,mcb_nnknn,500,"[226, 274]",0.0,0.002346853958442807,0.03008992224931717
82490,4,636,7.954604625701904,-0.035686638206243515,-0.030625632032752037,7.990291118621826,,,,False,0.5061008334159851,0.5302931666374207,0.050000011920928955,0.05000000074505806,0.05000000074505806,2.1849822587682866e-05,1.0,7.389166355133057,-9.671697398516699e-08,35.3834342956543,nnknn_target_value_model,0,0,561,9,552,561,636,19,617,0,0,159.0,0,4,mcb_nnknn,500,mcb_nnknn,500,"[225, 275]",0.0,0.002347340574488044,0.030589917674660683
83122,4,632,8.337554931640625,-0.05667196214199066,-0.05172949284315109,8.394227027893066,,,,False,0.4942473769187927,0.5211514830589294,0.05000000819563866,0.05000000074505806,0.05000000074505806,2.210408274549991e-05,1.0,7.324613571166992,4.753281857006186e-08,35.7454719543457,nnknn_target_value_model,0,0,551,6,545,551,632,18,614,0,0,158.0,0,4,mcb_nnknn,500,mcb_nnknn,500,"[222, 278]",0.0,0.0023515885695815086,0.030089959502220154
83704,4,582,7.852348327636719,-0.06688830256462097,-0.061711858958005905,7.919236660003662,7.970751762390137,0.9159886837005615,35.87498474121094,True,0.5176441669464111,0.5411130785942078,0.05000000819563866,0.05000000074505806,0.05000000074505806,2.227586810477078e-05,1.0,6.894390106201172,1.597650189921751e-08,35.525489807128906,nnknn_target_value_model,0,0,497,6,491,497,582,22,560,0,0,145.5,0,4,mcb_nnknn,500,mcb_nnknn,500,"[219, 281]",0.0,0.0023632824886590242,0.030589887872338295
84226,4,522,22.1190242767334,-0.05140557512640953,-0.04652300849556923,22.170429229736328,,,,False,0.4882569909095764,0.5163978338241577,0.05000000819563866,0.05000000074505806,0.05000000074505806,2.2900063413544558e-05,1.0,6.598033905029297,-5.937627278740365e-08,34.524662017822266,nnknn_target_value_model,0,0,436,7,429,436,522,8,514,0,0,130.5,0,4,mcb_nnknn,500,mcb_nnknn,500,"[222, 278]",0.0,0.0023534996435046196,0.03108987770974636
84805,4,579,7.101958751678467,-0.0844525620341301,-0.07950156182050705,7.186411380767822,7.260934352874756,0.9384189248085022,35.700042724609375,True,0.49510031938552856,0.522445559501648,0.05000000819563866,0.05000000074505806,0.05000000074505806,2.2854086637380533e-05,1.0,7.154010772705078,-6.835489330114797e-08,34.82608413696289,nnknn_target_value_model,0,0,493,2,491,493,579,10,569,0,0,144.75,0,4,mcb_nnknn,500,mcb_nnknn,500,"[224, 276]",0.0,0.0023343367502093315,0.03158986568450928
85335,4,530,6.2155632972717285,-0.058488111943006516,-0.05334886908531189,6.274051189422607,,,,False,0.5139244794845581,0.5382450819015503,0.050000015646219254,0.05000000074505806,0.05000000074505806,2.2802321836934425e-05,1.0,6.588451385498047,6.297849353131824e-09,34.65713882446289,nnknn_target_value_model,0,0,437,8,429,437,530,14,516,0,0,132.5,0,4,mcb_nnknn,500,mcb_nnknn,500,"[226, 274]",0.0,0.00233465270139277,0.03108992427587509
85846,4,511,6.211255073547363,-0.09675738960504532,-0.09168240427970886,6.30801248550415,,,,False,0.5074986219406128,0.5328198671340942,0.050000011920928955,0.05000000074505806,0.05000000074505806,2.3014657926978543e-05,1.0,6.544190406799316,-2.332862791831758e-08,34.18002700805664,nnknn_target_value_model,0,0,414,8,406,414,511,17,494,0,0,127.75,0,4,mcb_nnknn,500,mcb_nnknn,500,"[223, 277]",0.0,0.0023394583258777857,0.03158991038799286
86401,4,555,8.34876823425293,-0.08588643372058868,-0.08081740885972977,8.434654235839844,8.279053688049316,0.9313730001449585,35.433006286621094,True,0.5069025754928589,0.5321734547615051,0.050000011920928955,0.05000000074505806,0.05000000074505806,2.32682068599388e-05,1.0,6.956676006317139,-1.1835012259098221e-07,34.6263427734375,nnknn_target_value_model,0,0,476,8,468,476,555,575,0,0,0,138.75,0,4,mcb_nnknn,500,mcb_nnknn,480,"[223, 277]",0.0,0.0023246139753609896,0.03208988904953003
86918,4,517,10.77303409576416,-0.09591320157051086,-0.0911363884806633,10.86894702911377,,,,False,0.4776812195777893,0.5082087516784668,0.05000000819563866,0.05000000074505806,0.05000000074505806,2.3518132366007194e-05,1.0,6.730391979217529,-7.56298774717834e-08,33.064178466796875,nnknn_target_value_model,0,0,445,5,440,445,517,5,468,0,0,129.25,0,4,mcb_nnknn,500,mcb_nnknn,500,"[225, 275]",0.0,0.0023198213893920183,0.032589882612228394
87451,4,533,6.217868328094482,-0.09194118529558182,-0.0868416503071785,6.309809684753418,5.802715301513672,0.9472445249557495,34.61739730834961,True,0.5099538564682007,0.5347325801849365,0.050000011920928955,0.05000000074505806,0.05000000074505806,2.3799153495929204e-05,1.0,6.47186803817749,1.7445261235593534e-08,35.04650115966797,nnknn_target_value_model,0,0,437,9,428,437,533,8,525,0,0,133.25,0,4,mcb_nnknn,500,mcb_nnknn,500,"[221, 279]",0.0,0.002318365266546607,0.033089879900217056
87923,4,472,20.039453506469727,-0.08788695186376572,-0.08295103907585144,20.12734031677246,,,,False,0.4935910105705261,0.5222002267837524,0.05000000819563866,0.05000000074505806,0.05000000074505806,2.4182392735383473e-05,1.0,5.68682336807251,-1.767934421081918e-08,34.66885757446289,nnknn_target_value_model,0,0,396,6,390,396,472,20,452,0,0,118.0,0,4,mcb_nnknn,500,mcb_nnknn,500,"[225, 275]",0.0,0.002328887116163969,0.03358986973762512
88421,4,498,13.7291841506958,-0.06583061814308167,-0.06088048964738846,13.795014381408691,,,,False,0.49501264095306396,0.5216881036758423,0.05000000819563866,0.05000000074505806,0.05000000074505806,2.4802373445709236e-05,1.0,5.961649417877197,-4.93114740152123e-08,35.3950309753418,nnknn_target_value_model,0,0,412,14,398,412,498,500,0,0,0,124.5,0,4,mcb_nnknn,500,mcb_nnknn,498,"[228, 272]",0.0,0.002324777888134122,0.03408985584974289
88917,4,496,11.27717399597168,-0.08641698211431503,-0.0813053771853447,11.363591194152832,10.900282859802246,0.9068440198898315,33.93827438354492,True,0.5111603140830994,0.536034882068634,0.05000000447034836,0.05000000074505806,0.05000000074505806,2.5087954782065935e-05,1.0,6.239840030670166,-4.3261437099317845e-08,33.75288391113281,nnknn_target_value_model,0,0,418,17,401,418,496,7,462,0,0,124.0,0,4,mcb_nnknn,500,mcb_nnknn,500,"[237, 263]",0.0,0.0023285828065127134,0.03358986973762512
89453,4,536,7.008060932159424,-0.10468616336584091,-0.10004982352256775,7.1127471923828125,,,,False,0.4636339545249939,0.4950409531593323,0.05000000819563866,0.05000000074505806,0.05000000074505806,2.5130850190180354e-05,1.0,6.32396125793457,-7.116972344789474e-09,35.024940490722656,nnknn_target_value_model,0,0,456,8,448,456,536,550,0,0,0,134.0,0,4,mcb_nnknn,500,mcb_nnknn,486,"[242, 258]",0.0,0.002345205284655094,0.034089863300323486
90025,4,572,5.727932929992676,-0.08100682497024536,-0.07595469057559967,5.8089399337768555,5.724241256713867,0.9576811790466309,34.58352279663086,True,0.5052133798599243,0.5313820838928223,0.050000011920928955,0.05000000074505806,0.05000000074505806,2.5770938009372912e-05,1.0,6.6523942947387695,-0.00023500403040088713,35.23784637451172,nnknn_target_value_model,0,0,497,500,0,497,572,1,533,0,0,143.0,0,4,mcb_nnknn,497,mcb_nnknn,500,"[238, 259]",0.0,0.0023734187707304955,0.03458985686302185
90565,4,540,6.3797173500061035,-0.09624084085226059,-0.09118703752756119,6.475958347320557,,,,False,0.5053804516792297,0.5309779047966003,0.05000000819563866,0.05000000074505806,0.05000000074505806,2.8075310183339752e-05,1.0,6.455080986022949,-8.80824160276461e-08,34.927467346191406,nnknn_target_value_model,0,0,460,10,422,460,540,27,513,0,0,135.0,0,4,mcb_nnknn,500,mcb_nnknn,500,"[241, 259]",0.0,0.0023566384334117174,0.035089850425720215
91105,4,540,16.531145095825195,-0.06436070799827576,-0.05952083319425583,16.59550666809082,,,,False,0.483987420797348,0.5120310187339783,0.05000000819563866,0.05000000074505806,0.05000000074505806,2.7026655516237952e-05,1.0,6.0547943115234375,4.084022009465116e-08,36.07373809814453,nnknn_target_value_model,0,0,459,475,0,459,540,10,530,0,0,135.0,0,4,mcb_nnknn,484,mcb_nnknn,500,"[240, 244]",0.0,0.002479411894455552,0.03458987921476364
91653,4,548,10.035591125488281,-0.06635019183158875,-0.0613141804933548,10.101941108703613,9.502303123474121,0.9277305006980896,35.56355667114258,True,0.5036008358001709,0.5290422439575195,0.05000000819563866,0.05000000074505806,0.05000000074505806,3.0121671443339437e-05,1.0,5.977654457092285,-2.7844505368079808e-08,36.48866271972656,nnknn_target_value_model,0,0,457,5,411,457,548,25,523,0,0,137.0,0,4,mcb_nnknn,500,mcb_nnknn,500,"[251, 249]",0.0,0.002413706621155143,0.035089824348688126
92215,4,562,5.072173595428467,-0.03946840390563011,-0.03467761352658272,5.111641883850098,,,,False,0.4790792763233185,0.5080755949020386,0.05000000819563866,0.05000000074505806,0.05000000074505806,2.8336029572528787e-05,1.0,6.227109909057617,-4.305958256622944e-08,36.37481689453125,nnknn_target_value_model,0,0,463,22,441,463,562,575,0,0,0,140.5,0,4,mcb_nnknn,500,mcb_nnknn,487,"[248, 252]",0.0,0.002399588469415903,0.03558981791138649
92796,4,581,19.339704513549805,-0.0631372332572937,-0.05828491225838661,19.402841567993164,18.790884017944336,0.851152241230011,36.36595916748047,True,0.48523175716400146,0.5136601328849792,0.05000000819563866,0.05000000074505806,0.05000000074505806,2.8072592613170855e-05,1.0,6.250094890594482,-3.077692412034594e-08,36.92018127441406,nnknn_target_value_model,0,0,492,12,480,492,581,5,539,0,0,145.25,0,4,mcb_nnknn,500,mcb_nnknn,500,"[245, 255]",0.0,0.002406173851341009,0.03508983179926872
93319,4,523,9.652392387390137,-0.06297005712985992,-0.05781671777367592,9.715362548828125,,,,False,0.5153343081474304,0.5398007035255432,0.05000000819563866,0.05000000074505806,0.05000000074505806,2.8176502382848412e-05,1.0,6.019654273986816,-1.7778823746539274e-08,35.604671478271484,nnknn_target_value_model,0,0,423,19,404,423,523,22,501,0,0,130.75,0,4,mcb_nnknn,500,mcb_nnknn,500,"[246, 254]",0.0,0.002425945596769452,0.0355897918343544
93925,4,606,12.335829734802246,-0.09306522458791733,-0.08817853778600693,12.428894996643066,,,,False,0.4886689782142639,0.5159367322921753,0.05000000074505806,0.05000000074505806,0.05000000074505806,2.8640761229326017e-05,1.0,6.250833988189697,8.181298471754417e-05,37.8360710144043,nnknn_target_value_model,0,0,521,15,506,521,606,21,585,0,0,151.5,0,4,mcb_nnknn,500,mcb_nnknn,500,"[247, 253]",0.0,0.0024491436779499054,0.03608975186944008
94512,4,587,6.426146984100342,-0.09367341548204422,-0.08884583413600922,6.519820213317871,6.17103910446167,0.9631990194320679,35.703983306884766,True,0.48275813460350037,0.5121681690216064,0.050000011920928955,0.05000000074505806,0.05000000074505806,2.914258584496565e-05,1.0,6.306277751922607,2.5588365204498587e-08,36.907779693603516,nnknn_target_value_model,0,0,492,15,477,492,587,15,572,0,0,146.75,0,4,mcb_nnknn,500,mcb_nnknn,500,"[245, 255]",0.0,0.002442021621391177,0.03658861666917801
95073,4,561,9.326465606689453,-0.026679951697587967,-0.021892661228775978,9.353145599365234,,,,False,0.47872936725616455,0.5084723830223083,0.05000000447034836,0.05000000074505806,0.05000000074505806,2.9357381208683364e-05,1.0,6.09769344329834,6.172958677552742e-08,36.59648513793945,nnknn_target_value_model,0,0,468,16,452,468,561,575,0,0,0,140.25,0,4,mcb_nnknn,500,mcb_nnknn,486,"[248, 252]",0.0,0.0024586250074207783,0.03708861023187637
95641,4,568,10.456094741821289,-0.04788926616311073,-0.043087705969810486,10.503984451293945,9.100500106811523,0.9340928792953491,35.2750129699707,True,0.4801563620567322,0.5098074078559875,0.05000000819563866,0.05000000074505806,0.05000000074505806,2.9732722396147437e-05,1.0,6.176781177520752,1.2172779229047137e-08,36.4852180480957,nnknn_target_value_model,0,0,480,13,467,480,568,5,526,0,0,142.0,0,4,mcb_nnknn,500,mcb_nnknn,500,"[245, 255]",0.0,0.0024621719494462013,0.036588795483112335
96161,4,520,10.736607551574707,-0.08555535972118378,-0.08072622120380402,10.822162628173828,,,,False,0.4829135835170746,0.5125463604927063,0.05000000819563866,0.05000000074505806,0.05000000074505806,2.9957518563605845e-05,1.0,5.513247013092041,2.9343825147520874e-08,36.90379333496094,nnknn_target_value_model,0,0,430,13,417,430,520,24,496,0,0,130.0,0,4,mcb_nnknn,500,mcb_nnknn,500,"[242, 258]",0.0,0.0024502354208379984,0.03708876669406891
96770,4,609,8.802021980285645,-0.07757483422756195,-0.07268498837947845,8.879596710205078,,,,False,0.48898446559906006,0.5165631771087646,0.050000011920928955,0.05000000074505806,0.05000000074505806,2.9988092137500644e-05,1.0,6.165918827056885,-1.5659676888546414e-09,37.80955123901367,nnknn_target_value_model,0,0,513,8,505,513,609,28,581,0,0,152.25,0,4,mcb_nnknn,500,mcb_nnknn,500,"[242, 258]",0.0,0.0024833751376718283,0.03758874908089638
97350,4,580,7.91607666015625,-0.037656135857105255,-0.03286411613225937,7.953732967376709,7.037046432495117,0.9435898065567017,36.42934799194336,True,0.47920238971710205,0.5092042684555054,0.05000000819563866,0.05000000074505806,0.05000000074505806,3.0486422474496067e-05,1.0,6.121422290802002,-4.64505163222384e-08,37.173370361328125,nnknn_target_value_model,0,0,492,6,486,492,580,17,563,0,0,145.0,0,4,mcb_nnknn,500,mcb_nnknn,500,"[246, 254]",0.0,0.0024952890817075968,0.038088660687208176
97917,4,567,5.943746566772461,-0.037991855293512344,-0.03339517116546631,5.981738567352295,,,,False,0.45966899394989014,0.49291038513183594,0.05000000819563866,0.05000000074505806,0.05000000074505806,3.10319519485347e-05,1.0,5.832601547241211,4.3731098742227914e-08,37.45769500732422,nnknn_target_value_model,0,0,473,475,0,473,567,575,0,0,0,141.75,0,4,mcb_nnknn,498,mcb_nnknn,492,"[247, 251]",0.0,0.0025083122309297323,0.03858862817287445
98502,4,585,8.807181358337402,-0.019649798050522804,-0.014910329133272171,8.826830863952637,8.308808326721191,0.940789520740509,36.6173095703125,True,0.4739472270011902,0.5041057467460632,0.050000011920928955,0.05000000074505806,0.05000000074505806,3.1164938263827935e-05,1.0,5.994136810302734,-2.771361273801176e-08,37.647193908691406,nnknn_target_value_model,0,0,489,12,475,489,585,18,559,0,0,146.25,0,4,mcb_nnknn,500,mcb_nnknn,500,"[248, 252]",0.0,0.002508694538846612,0.039088618010282516
99082,4,580,6.061304569244385,-0.03878118097782135,-0.03394482284784317,6.100085735321045,,,,False,0.4836360514163971,0.5120801329612732,0.05000000819563866,0.05000000074505806,0.05000000074505806,3.169462434016168e-05,1.0,5.90402364730835,-2.7130390378715674e-08,37.245445251464844,nnknn_target_value_model,0,0,485,22,463,485,580,24,556,0,0,145.0,0,4,mcb_nnknn,500,mcb_nnknn,500,"[254, 246]",0.0,0.0025138314813375473,0.03858862444758415
99632,4,550,4.811119079589844,-0.03299857676029205,-0.028261512517929077,4.844117641448975,,,,False,0.4737066626548767,0.5041839480400085,0.050000015646219254,0.05000000074505806,0.05000000074505806,3.162113716825843e-05,1.0,5.797519683837891,-4.5082785504746425e-08,36.7786979675293,nnknn_target_value_model,0,0,449,450,0,449,550,550,0,0,0,137.5,0,4,mcb_nnknn,499,mcb_nnknn,500,"[255, 244]",0.0,0.002511075232177973,0.039088618010282516
100201,4,569,6.155810356140137,-0.03967680409550667,-0.034790728241205215,6.195487022399902,5.876418113708496,0.9573319554328918,36.70640563964844,True,0.4886079430580139,0.5158828496932983,0.05000000819563866,0.05000000074505806,0.05000000074505806,3.1812531233299524e-05,1.0,5.761526584625244,-5.4052719633546076e-08,37.41002655029297,nnknn_target_value_model,0,0,474,12,461,474,569,575,0,0,0,142.25,0,4,mcb_nnknn,500,mcb_nnknn,494,"[253, 247]",0.0,0.0025271510239690542,0.039588604122400284
100753,4,552,4.737149238586426,-0.060846056789159775,-0.05609424412250519,4.797995090484619,,,,False,0.47518178820610046,0.5054540634155273,0.05000000819563866,0.05000000074505806,0.05000000074505806,3.240153819206171e-05,1.0,5.580991744995117,-8.422395225693435e-09,37.27166748046875,nnknn_target_value_model,0,0,457,9,448,457,552,4,517,0,0,138.0,0,4,mcb_nnknn,500,mcb_nnknn,500,"[255, 245]",0.0,0.0025565139949321747,0.04008856043219566
101297,4,544,7.166479110717773,-0.01963711716234684,-0.015127629041671753,7.1861162185668945,6.450031280517578,0.9536415338516235,36.636478424072266,True,0.45094913244247437,0.4847973585128784,0.050000015646219254,0.05000000074505806,0.05000000074505806,3.327160811750218e-05,1.0,5.5436482429504395,1.4682026261425563e-08,37.475765228271484,nnknn_target_value_model,0,0,448,450,0,448,544,550,0,0,0,136.0,0,4,mcb_nnknn,498,mcb_nnknn,494,"[259, 239]",0.0,0.002584868110716343,0.04058855026960373
101828,4,531,8.67579174041748,-0.023066747933626175,-0.018359526991844177,8.698858261108398,,,,False,0.470722496509552,0.5010988712310791,0.050000011920928955,0.05000000074505806,0.05000000074505806,3.5482160456012934e-05,1.0,5.296800136566162,1.3245476715439963e-08,37.48063659667969,nnknn_target_value_model,0,0,434,3,404,434,531,6,495,0,0,132.75,0,4,mcb_nnknn,500,mcb_nnknn,500,"[259, 241]",0.0,0.0025775001849979162,0.04008864238858223
102360,4,532,10.189964294433594,-0.08008534461259842,-0.07525334507226944,10.270050048828125,,,,False,0.4832001328468323,0.5119221806526184,0.050000015646219254,0.05000000074505806,0.05000000074505806,3.3624022762523964e-05,1.0,5.200786590576172,1.2548346361995755e-08,37.731300354003906,nnknn_target_value_model,0,0,433,4,429,433,532,30,502,0,0,133.0,0,4,mcb_nnknn,500,mcb_nnknn,500,"[258, 242]",0.0,0.0025820645969361067,0.040588635951280594
102945,4,585,5.4350457191467285,0.013308800756931305,0.017979789525270462,5.421736717224121,5.045162200927734,0.9694005846977234,37.47733688354492,True,0.46709927916526794,0.4981316924095154,0.050000011920928955,0.05000000074505806,0.05000000074505806,3.4300519473617896e-05,1.0,5.619800567626953,-2.8528718942766318e-08,38.37416076660156,nnknn_target_value_model,0,0,480,2,478,480,585,5,580,0,0,146.25,0,4,mcb_nnknn,500,mcb_nnknn,500,"[256, 244]",0.0,0.0025707108434289694,0.04008866846561432
103536,4,591,5.623099327087402,-0.010335229337215424,-0.0055016339756548405,5.633434772491455,,,,False,0.4833599030971527,0.5120474696159363,0.050000011920928955,0.05000000074505806,0.05000000074505806,3.472174648777582e-05,1.0,5.640399932861328,3.227324185672842e-09,38.55668258666992,nnknn_target_value_model,0,0,488,16,472,488,591,20,571,0,0,147.75,0,4,mcb_nnknn,500,mcb_nnknn,500,"[256, 244]",0.0,0.00256120297126472,0.04058866575360298
104073,4,537,7.932172775268555,-0.023145299404859543,-0.01845228672027588,7.955317974090576,7.517502784729004,0.9487963914871216,36.94253921508789,True,0.46930158138275146,0.49992260336875916,0.05000000819563866,0.05000000074505806,0.05000000074505806,3.503477273625322e-05,1.0,5.402784824371338,3.5518596952499593e-09,36.99079132080078,nnknn_target_value_model,0,0,442,450,0,442,537,11,526,0,0,134.25,0,4,mcb_nnknn,492,mcb_nnknn,500,"[247, 245]",0.0,0.0026097551453858614,0.040088675916194916
104638,4,565,8.80019474029541,-0.02628496289253235,-0.021475153043866158,8.8264799118042,,,,False,0.48098137974739075,0.5101741552352905,0.05000000819563866,0.05000000074505806,0.05000000074505806,3.753086639335379e-05,1.0,5.535712718963623,-8.861575473417815e-09,37.80095672607422,nnknn_target_value_model,0,0,468,4,431,468,565,575,0,0,0,141.25,0,4,mcb_nnknn,500,mcb_nnknn,490,"[253, 247]",0.0,0.0025681068655103445,0.03958869352936745
105199,4,561,6.345311164855957,-0.05815422534942627,-0.053303055465221405,6.403465270996094,,,,False,0.48511743545532227,0.5130308866500854,0.05000000447034836,0.05000000074505806,0.05000000074505806,3.506521170493215e-05,1.0,5.391061305999756,1.1304695846092727e-07,37.88178253173828,nnknn_target_value_model,0,0,453,13,440,453,561,15,536,0,0,140.25,0,4,mcb_nnknn,500,mcb_nnknn,500,"[252, 248]",0.0,0.002579758409410715,0.04008869081735611
105765,4,566,6.381384372711182,-0.037784308195114136,-0.03308693692088127,6.419168472290039,5.952699184417725,0.9615815877914429,36.91227340698242,True,0.4697374403476715,0.5004905462265015,0.05000000447034836,0.05000000074505806,0.05000000074505806,3.553022543201223e-05,1.0,5.5700297355651855,-1.2215792821734794e-08,37.363731384277344,nnknn_target_value_model,0,0,477,12,465,477,566,18,548,0,0,141.5,0,4,mcb_nnknn,500,mcb_nnknn,500,"[252, 248]",0.0,0.002575905295088887,0.040588684380054474
106301,4,536,5.0692243576049805,-0.017783448100090027,-0.013101808726787567,5.087007999420166,,,,False,0.46816420555114746,0.4993916451931,0.05000000819563866,0.05000000074505806,0.05000000074505806,3.579954136512242e-05,1.0,5.2320876121521,4.44810765998227e-08,37.46318435668945,nnknn_target_value_model,0,0,438,18,420,438,536,550,0,0,0,134.0,0,4,mcb_nnknn,500,mcb_nnknn,486,"[258, 242]",0.0,0.00257686385884881,0.04008869826793671
106888,4,587,7.111926078796387,-0.017798950895667076,-0.012935076840221882,7.129724979400635,6.592809200286865,0.9534668922424316,38.7526741027832,True,0.48638784885406494,0.5139299631118774,0.050000011920928955,0.05000000074505806,0.05000000074505806,3.578216637833975e-05,1.0,5.417801380157471,-3.939796044960531e-08,38.87858200073242,nnknn_target_value_model,0,0,486,18,468,486,587,1,548,0,0,146.75,0,4,mcb_nnknn,500,mcb_nnknn,500,"[255, 245]",0.0,0.0025845966301858425,0.04058869555592537
107438,4,550,14.81554889678955,-0.06968982517719269,-0.06466613709926605,14.885238647460938,,,,False,0.5023685097694397,0.5278651714324951,0.050000015646219254,0.05000000074505806,0.05000000074505806,3.631022627814673e-05,1.0,4.9897871017456055,-2.6009299602947067e-08,38.841339111328125,nnknn_target_value_model,0,0,451,18,433,451,550,14,536,0,0,137.5,0,4,mcb_nnknn,500,mcb_nnknn,500,"[252, 248]",0.0,0.0025964253582060337,0.04008873179554939
108029,4,591,4.927853584289551,-0.040667686611413956,-0.03562479093670845,4.9685211181640625,,,,False,0.5042897462844849,0.5289732813835144,0.050000011920928955,0.05000000074505806,0.05000000074505806,3.658693458419293e-05,1.0,5.503994464874268,9.076849494249473e-08,38.719058990478516,nnknn_target_value_model,0,0,499,18,481,499,591,17,574,0,0,147.75,0,4,mcb_nnknn,500,mcb_nnknn,500,"[251, 249]",0.0,0.002589521463960409,0.040588729083538055
108649,4,620,9.149910926818848,-0.04292524233460426,-0.03795203939080238,9.192835807800293,9.059228897094727,0.9471929669380188,38.19603729248047,True,0.49732065200805664,0.5231626033782959,0.05000000447034836,0.05000000074505806,0.05000000074505806,3.6755853216163814e-05,1.0,5.66757869720459,1.3459112935265694e-08,39.36642837524414,nnknn_target_value_model,0,0,521,11,510,521,620,21,599,0,0,155.0,0,4,mcb_nnknn,500,mcb_nnknn,500,"[251, 249]",0.0,0.002602733438834548,0.04108869656920433
109244,4,595,7.004550933837891,-0.07221344858407974,-0.06707333028316498,7.0767645835876465,,,,False,0.5140117406845093,0.5375971794128418,0.05000000819563866,0.05000000074505806,0.05000000074505806,3.6909950722474605e-05,1.0,5.497707366943359,-1.2882617284049047e-07,38.8647575378418,nnknn_target_value_model,0,0,499,14,485,499,595,27,568,0,0,148.75,0,4,mcb_nnknn,500,mcb_nnknn,500,"[248, 252]",0.0,0.002597384387627244,0.04058881849050522
109837,4,593,15.239631652832031,-0.06666693091392517,-0.061669591814279556,15.30629825592041,14.78619384765625,0.8987654447555542,39.57683563232422,True,0.4997338354587555,0.5251361131668091,0.05000000819563866,0.05000000074505806,0.05000000074505806,3.6808993172599e-05,1.0,5.215222358703613,2.171096724623567e-08,39.90265655517578,nnknn_target_value_model,0,0,504,12,492,504,593,14,579,0,0,148.25,0,4,mcb_nnknn,500,mcb_nnknn,500,"[252, 248]",0.0,0.002628293354064226,0.04108881577849388
110446,4,609,11.22530460357666,-0.05989415571093559,-0.05481017008423805,11.285199165344238,,,,False,0.5083989500999451,0.5324387550354004,0.050000011920928955,0.05000000074505806,0.05000000074505806,3.7714504287578166e-05,1.0,5.442347526550293,-7.8298381112063e-09,39.7568359375,nnknn_target_value_model,0,0,515,14,501,515,609,625,0,0,0,152.25,0,4,mcb_nnknn,500,mcb_nnknn,484,"[247, 253]",0.0,0.0026326545048505068,0.041588813066482544
111144,4,698,7.273504257202148,-0.049183670431375504,-0.0441303625702858,7.322688102722168,,,,False,0.5053311586380005,0.529959499835968,0.05000000074505806,0.05000000074505806,0.05000000074505806,3.789705806411803e-05,1.0,6.045286178588867,-4.030572142710298e-08,40.74517822265625,nnknn_target_value_model,0,0,606,14,592,606,698,4,653,0,0,174.5,0,4,mcb_nnknn,500,mcb_nnknn,500,"[244, 256]",0.0,0.0026331539265811443,0.042088691145181656
111727,4,583,7.293216705322266,-0.06009884551167488,-0.055041853338479996,7.353315353393555,7.083554744720459,0.9525899887084961,39.37814712524414,True,0.5056996941566467,0.5304015874862671,0.05000000447034836,0.05000000074505806,0.05000000074505806,3.792062489083037e-05,1.0,5.204648494720459,8.179025234866799e-10,39.376808166503906,nnknn_target_value_model,0,0,479,15,464,479,583,24,559,0,0,145.75,0,4,mcb_nnknn,500,mcb_nnknn,500,"[244, 256]",0.0,0.0026275538839399815,0.041588712483644485
112381,4,654,15.876131057739258,-0.03587387874722481,-0.0308013204485178,15.912004470825195,,,,False,0.5072562098503113,0.5317023396492004,0.04999999701976776,0.05000000074505806,0.05000000074505806,3.770635521505028e-05,1.0,5.5186285972595215,2.916435315469812e-09,41.35467529296875,nnknn_target_value_model,0,0,561,15,546,561,654,24,630,0,0,163.5,0,4,mcb_nnknn,500,mcb_nnknn,500,"[248, 252]",0.0,0.0025976623874157667,0.04108894616365433
113110,4,729,11.212250709533691,-0.021229902282357216,-0.0160785224288702,11.233480453491211,10.736613273620605,0.942529559135437,39.8411750793457,True,0.5151383280754089,0.5386035442352295,0.04999999701976776,0.05000000074505806,0.05000000074505806,3.765425935853273e-05,1.0,6.146740913391113,5.595739639829844e-05,41.11711883544922,nnknn_target_value_model,0,0,647,12,635,647,729,750,0,0,0,182.25,0,4,mcb_nnknn,500,mcb_nnknn,479,"[250, 250]",0.0,0.0026020852383226156,0.04158894345164299
113727,4,617,15.868523597717285,-0.06242085248231888,-0.05741484835743904,15.930944442749023,,,,False,0.5006008744239807,0.5262138843536377,0.05000000819563866,0.05000000074505806,0.05000000074505806,3.792615098063834e-05,1.0,5.407165050506592,-2.76287330791547e-08,39.92772674560547,nnknn_target_value_model,0,0,526,17,509,526,617,2,570,0,0,154.25,0,4,mcb_nnknn,500,mcb_nnknn,500,"[254, 246]",0.0,0.0026266281493008137,0.04108896851539612
114338,4,611,24.511486053466797,-0.07887628674507141,-0.07387284189462662,24.590362548828125,,,,False,0.5003453493118286,0.5258083343505859,0.050000011920928955,0.05000000074505806,0.05000000074505806,3.80366800527554e-05,1.0,5.137046813964844,-5.950709081048444e-08,40.911094665527344,nnknn_target_value_model,0,0,513,6,507,513,611,12,599,0,0,152.75,0,4,mcb_nnknn,500,mcb_nnknn,500,"[252, 248]",0.0,0.0026517778169363737,0.041588954627513885
114977,4,639,8.699699401855469,-0.07311651110649109,-0.06817552447319031,8.772815704345703,9.094279289245605,0.9534251093864441,39.503868103027344,True,0.4940997362136841,0.5209478735923767,0.050000011920928955,0.05000000074505806,0.05000000074505806,3.8775244320277125e-05,1.0,5.436491012573242,3.731120301608826e-09,40.72372055053711,nnknn_target_value_model,0,0,547,16,531,547,639,650,0,0,0,159.75,0,4,mcb_nnknn,500,mcb_nnknn,489,"[249, 251]",0.0,0.0026624135207384825,0.04208894819021225
115660,4,683,14.762064933776855,-0.04617694020271301,-0.04112426936626434,14.808241844177246,,,,False,0.5052675008773804,0.529735803604126,0.05000000819563866,0.05000000074505806,0.05000000074505806,3.921064126188867e-05,1.0,6.089879989624023,-0.0003184001543559134,39.707611083984375,nnknn_target_value_model,0,0,610,10,600,610,683,17,655,0,0,170.75,0,4,mcb_nnknn,500,mcb_nnknn,500,"[247, 253]",0.0,0.0026546576991677284,0.04258894547820091
116368,4,708,13.62814998626709,-0.034859564155340195,-0.029901213943958282,13.663009643554688,13.605391502380371,0.9498805403709412,37.678306579589844,True,0.49583539366722107,0.5224862694740295,0.050000011920928955,0.05000000074505806,0.05000000074505806,3.892182940035127e-05,1.0,6.22769021987915,-4.98389134406807e-08,40.105621337890625,nnknn_target_value_model,0,0,646,12,634,646,708,725,0,0,0,177.0,0,4,mcb_nnknn,500,mcb_nnknn,483,"[246, 254]",0.0,0.002674621995538473,0.043088942766189575
117137,4,769,13.108981132507324,-0.01838340237736702,-0.013298369944095612,13.127364158630371,,,,False,0.5085037350654602,0.5328571200370789,0.05000000447034836,0.05000000074505806,0.05000000074505806,3.972069316660054e-05,1.0,6.161445617675781,0.00010128883150173351,42.377288818359375,nnknn_target_value_model,0,0,684,11,673,684,769,1,730,0,0,192.25,0,4,mcb_nnknn,500,mcb_nnknn,500,"[243, 257]",0.0,0.0026660487055778503,0.043588824570178986
117885,4,748,14.672590255737305,-0.049343135207891464,-0.04452734813094139,14.721933364868164,,,,False,0.48157912492752075,0.5096333622932434,0.050000011920928955,0.05000000074505806,0.05000000074505806,3.994460712419823e-05,1.0,6.099497318267822,-1.9443225696136324e-08,41.767887115478516,nnknn_target_value_model,0,0,653,675,0,653,748,750,0,0,0,187.0,0,4,mcb_nnknn,478,mcb_nnknn,498,"[235, 243]",0.0,0.002812925959005952,0.04308883100748062
118655,4,770,12.813979148864746,-0.006995051633566618,-0.0021996102295815945,12.820974349975586,11.989346504211426,0.9580963850021362,40.01365280151367,True,0.47954457998275757,0.5082257390022278,0.05000000447034836,0.05000000074505806,0.05000000074505806,4.1738254367373884e-05,1.0,6.145679473876953,-8.298204789980446e-08,42.44954299926758,nnknn_target_value_model,0,0,670,650,0,670,770,3,765,0,0,192.5,0,4,mcb_nnknn,498,mcb_nnknn,500,"[246, 252]",0.0,0.002697522519156337,0.04358874633908272
119402,4,747,15.640157699584961,-0.04376007989048958,-0.039001189172267914,15.683917999267578,,,,False,0.47588953375816345,0.5054011940956116,0.05000000819563866,0.05000000074505806,0.05000000074505806,4.207899473840371e-05,1.0,6.107400894165039,0.0006858472479507327,41.79893112182617,nnknn_target_value_model,0,0,658,2,629,658,747,22,725,0,0,186.75,0,4,mcb_nnknn,500,mcb_nnknn,500,"[246, 254]",0.0,0.0026945595163851976,0.04408873990178108
120069,4,667,21.69333839416504,-0.03587348759174347,-0.03097771294414997,21.729211807250977,18.518857955932617,0.9145493507385254,38.04102325439453,True,0.4895777702331543,0.5165241956710815,0.04999999701976776,0.05000000074505806,0.05000000074505806,4.0148719563148916e-05,1.0,5.738656044006348,1.0651984183596142e-07,40.69012451171875,nnknn_target_value_model,0,0,577,13,564,577,667,675,0,0,0,166.75,0,4,mcb_nnknn,500,mcb_nnknn,492,"[247, 253]",0.0,0.002707771258428693,0.04458872228860855
120916,4,847,21.713598251342773,-0.015111828222870827,-0.010378988459706306,21.728710174560547,,,,False,0.47328439354896545,0.5026237964630127,0.05000000447034836,0.05000000074505806,0.05000000074505806,4.0186583646573126e-05,1.0,6.319208145141602,0.0009506286587566137,43.64315414428711,nnknn_target_value_model,0,0,762,5,757,762,847,5,809,0,0,211.75,0,4,mcb_nnknn,500,mcb_nnknn,500,"[248, 252]",0.0,0.0027064031455665827,0.044088736176490784
121693,4,777,18.847585678100586,-0.006869229022413492,-0.0019981784280389547,18.854454040527344,,,,False,0.48710548877716064,0.5146064162254333,0.05000000819563866,0.05000000074505806,0.05000000074505806,3.997354724560864e-05,1.0,6.114813327789307,2.485444561273198e-08,42.723876953125,nnknn_target_value_model,0,0,689,4,685,689,777,27,750,0,0,194.25,0,4,mcb_nnknn,500,mcb_nnknn,500,"[247, 253]",0.0,0.002732036402449012,0.04358874261379242
122407,4,714,40.37739181518555,-0.0397319532930851,-0.03486522287130356,40.41712188720703,39.33197021484375,0.7452971935272217,42.175537109375,True,0.48667359352111816,0.5140600800514221,0.05000000819563866,0.05000000074505806,0.05000000074505806,4.029195770272054e-05,1.0,5.564285755157471,0.00443082582205534,43.67581558227539,nnknn_target_value_model,0,0,616,8,608,616,714,11,703,0,0,178.5,0,4,mcb_nnknn,500,mcb_nnknn,500,"[248, 252]",0.0,0.002730795880779624,0.04408873990178108
123176,4,769,14.383901596069336,0.003034629626199603,0.00785134732723236,14.380867004394531,,,,False,0.4816721975803375,0.5101354718208313,0.05000000447034836,0.05000000074505806,0.05000000074505806,4.069177157361992e-05,1.0,5.926313877105713,0.0007927169790491462,43.0980339050293,nnknn_target_value_model,0,0,659,7,652,659,769,22,747,0,0,192.25,0,4,mcb_nnknn,500,mcb_nnknn,500,"[250, 250]",0.0,0.00273455074056983,0.04358880594372749
123963,4,787,15.387974739074707,-0.004061189945787191,0.0009433508384972811,15.392035484313965,13.432283401489258,0.9350442886352539,41.23543930053711,True,0.5004544854164124,0.5260325074195862,0.05000000819563866,0.05000000074505806,0.05000000074505806,4.128779983147979e-05,1.0,5.986933708190918,4.2147377143919584e-08,43.35520553588867,nnknn_target_value_model,0,0,682,6,676,682,787,19,768,0,0,196.75,0,4,mcb_nnknn,500,mcb_nnknn,500,"[249, 251]",0.0,0.002755347639322281,0.04408879950642586
124970,4,1007,68.37474822998047,-0.01669294387102127,-0.01120484434068203,68.39144134521484,,,,False,0.5488102436065674,0.567704975605011,0.05000000074505806,0.05000000074505806,0.05000000074505806,4.200049806968309e-05,1.0,6.133917331695557,0.004900546278804541,48.218936920166016,nnknn_target_value_model,0,0,884,12,872,884,1007,1025,0,0,0,251.75,0,4,mcb_nnknn,500,mcb_nnknn,482,"[251, 249]",0.0,0.00273655797354877,0.04458878934383392
125988,4,1018,18.15828514099121,0.005986799485981464,0.010847102850675583,18.152297973632812,,,,False,0.4860307574272156,0.5134761929512024,0.05000000074505806,0.05000000074505806,0.05000000074505806,4.232463470543735e-05,1.0,6.618738651275635,0.0004355591372586787,46.17637252807617,nnknn_target_value_model,0,0,917,9,908,917,1018,6,971,0,0,254.5,0,4,mcb_nnknn,500,mcb_nnknn,500,"[249, 251]",0.0,0.0027178393211215734,0.04408881440758705
126930,4,942,44.38206481933594,-0.024413850158452988,-0.01906406879425049,44.40647888183594,43.52470779418945,0.7490947246551514,44.22833251953125,True,0.534978449344635,0.5555563569068909,0.050000011920928955,0.05000000074505806,0.05000000074505806,4.221481867716648e-05,1.0,6.031888961791992,0.00820654071867466,47.2225341796875,nnknn_target_value_model,0,0,837,9,828,837,942,11,931,0,0,235.5,0,4,mcb_nnknn,500,mcb_nnknn,500,"[249, 251]",0.0,0.0027307739946991205,0.044588807970285416
127167,4,237,133.13418579101562,-0.05699191614985466,-0.05132432281970978,133.19117736816406,,,,False,0.5667597055435181,0.5817887783050537,0.05000000074505806,0.05000000074505806,0.05000000074505806,4.284986789571121e-05,1.0,-2.258861780166626,1.2071827093507181e-08,38.03070068359375,nnknn_target_value_model,0,0,133,16,117,133,237,13,224,0,0,59.25,0,4,mcb_nnknn,500,mcb_nnknn,500,"[241, 259]",0.0,0.0027553446125239134,0.045088738203048706
127481,4,314,188.35092163085938,-0.07446350157260895,-0.06884964555501938,188.42538452148438,185.82003784179688,0.06546223163604736,41.779205322265625,True,0.5613864064216614,0.5779829025268555,0.05000000819563866,0.05000000074505806,0.05000000074505806,4.315660771680996e-05,1.0,-0.8954079151153564,-1.5185896984348801e-09,37.87556076049805,nnknn_target_value_model,0,0,194,6,188,194,314,10,304,0,0,78.5,0,4,mcb_nnknn,500,mcb_nnknn,500,"[242, 258]",0.0,0.002763935597613454,0.04558873549103737
128103,4,622,62.804298400878906,-0.058116406202316284,-0.052508946508169174,62.8624153137207,,,,False,0.560746431350708,0.5768672823905945,0.05000000819563866,0.05000000074505806,0.05000000074505806,4.3630290747387335e-05,1.0,4.583491325378418,1.5715693635343086e-08,42.73893356323242,nnknn_target_value_model,0,0,525,10,515,525,622,4,618,0,0,155.5,0,4,mcb_nnknn,500,mcb_nnknn,500,"[246, 254]",0.0,0.0027749394066631794,0.04608873277902603
128751,4,648,89.74873352050781,-0.05022597685456276,-0.044563595205545425,89.79895782470703,,,,False,0.5662384033203125,0.5826965570449829,0.04999999701976776,0.05000000074505806,0.05000000074505806,4.427154271979816e-05,1.0,4.0799665451049805,-2.428337353421739e-08,46.185184478759766,nnknn_target_value_model,0,0,527,4,523,527,648,4,644,0,0,162.0,0,4,mcb_nnknn,500,mcb_nnknn,500,"[243, 257]",0.0,0.002774215070530772,0.0465887114405632
129241,4,490,85.273193359375,-0.06507857888936996,-0.058888066560029984,85.33827209472656,80.75071716308594,0.6364830136299133,39.908226013183594,True,0.6190516948699951,0.6274505257606506,0.05000000074505806,0.05000000074505806,0.05000000074505806,4.443044599611312e-05,1.0,2.6507856845855713,-2.9194111572650172e-09,42.52915954589844,nnknn_target_value_model,0,0,358,12,346,358,490,4,486,0,0,122.5,0,4,mcb_nnknn,500,mcb_nnknn,500,"[246, 254]",0.0,0.00279359333217144,0.047088660299777985
130133,4,892,62.98003005981445,-0.06441085040569305,-0.059209756553173065,63.04444122314453,,,,False,0.5201103091239929,0.5430817008018494,0.04999999701976776,0.05000000074505806,0.05000000074505806,4.4584878196474165e-05,1.0,5.228938102722168,1.6571695127254316e-08,49.254085540771484,nnknn_target_value_model,0,0,767,13,754,767,892,16,876,0,0,223.0,0,4,mcb_nnknn,500,mcb_nnknn,500,"[241, 259]",0.0,0.0028100593481212854,0.04658867046236992
131032,4,899,42.14754867553711,-0.04697335138916969,-0.041634298861026764,42.194522857666016,40.47894287109375,0.6640962958335876,43.45619583129883,True,0.5339057445526123,0.5535686612129211,0.05000000819563866,0.05000000074505806,0.05000000074505806,4.458110925043002e-05,1.0,6.48871374130249,0.001873731380328536,43.48332595825195,nnknn_target_value_model,0,0,806,9,797,806,899,6,893,0,0,224.75,0,4,mcb_nnknn,500,mcb_nnknn,500,"[244, 256]",0.0,0.002825938630849123,0.04708866775035858
131628,4,596,65.400146484375,-0.02243867516517639,-0.01663634553551674,65.4225845336914,,,,False,0.5802334547042847,0.593180775642395,0.05000000819563866,0.05000000074505806,0.05000000074505806,4.488956619752571e-05,1.0,3.3991692066192627,2.1601683997118926e-08,45.929534912109375,nnknn_target_value_model,0,0,472,8,464,472,596,6,590,0,0,149.0,0,4,mcb_nnknn,500,mcb_nnknn,500,"[244, 256]",0.0,0.002825498580932617,0.046588797122240067
132362,4,734,82.6974868774414,-0.01744626834988594,-0.011935408227145672,82.71493530273438,,,,False,0.5510863661766052,0.5682652592658997,0.04999999701976776,0.05000000074505806,0.05000000074505806,4.4956970668863505e-05,1.0,4.816177845001221,-6.17159789939592e-09,45.894493103027344,nnknn_target_value_model,0,0,599,20,579,599,734,15,719,0,0,183.5,0,4,mcb_nnknn,500,mcb_nnknn,500,"[247, 253]",0.0,0.0028229218441993,0.04608884081244469
133248,4,886,59.98121643066406,-0.044466547667980194,-0.03894296661019325,60.02568435668945,57.4470100402832,0.848261833190918,41.0199089050293,True,0.5523585081100464,0.5691545009613037,0.05000000447034836,0.05000000074505806,0.05000000074505806,4.4658620026893914e-05,1.0,5.748429775238037,0.000279722036793828,46.30474853515625,nnknn_target_value_model,0,0,775,5,770,775,886,8,878,0,0,221.5,0,4,mcb_nnknn,500,mcb_nnknn,500,"[249, 251]",0.0,0.002814408391714096,0.04558886960148811
133955,4,707,91.55941009521484,-0.027800673618912697,-0.022225303575396538,91.58721160888672,,,,False,0.5575374364852905,0.5745139122009277,0.05000000819563866,0.05000000074505806,0.05000000074505806,4.438338510226458e-05,1.0,4.356536865234375,0.0020111247431486845,46.9361457824707,nnknn_target_value_model,0,0,609,11,598,609,707,1,706,0,0,176.75,0,4,mcb_nnknn,500,mcb_nnknn,500,"[250, 250]",0.0,0.002799281384795904,0.0460885725915432
134402,4,447,119.89945220947266,-0.0444192960858345,-0.03907383233308792,119.9438705444336,119.25985717773438,0.3994576930999756,45.468631744384766,True,0.5345469117164612,0.554629385471344,0.05000000447034836,0.05000000074505806,0.05000000074505806,4.359983722679317e-05,1.0,0.9880300760269165,4.2669991984212174e-09,45.84203338623047,nnknn_target_value_model,0,0,328,6,322,328,447,11,436,0,0,111.75,0,4,mcb_nnknn,500,mcb_nnknn,500,"[247, 253]",0.0,0.0027915555983781815,0.04558858275413513
134775,4,373,230.28712463378906,-0.029468053951859474,-0.023475920781493187,230.31658935546875,,,,False,0.599213719367981,0.6101750135421753,0.05000000447034836,0.05000000074505806,0.05000000074505806,4.322497625253163e-05,1.0,2.3024914264678955,9.90747484053145e-09,39.98735809326172,nnknn_target_value_model,0,0,259,275,0,259,373,13,360,0,0,93.25,0,4,mcb_nnknn,484,mcb_nnknn,500,"[236, 248]",0.0,0.0028739350382238626,0.04508861526846886
135428,4,653,120.75870513916016,-0.047059040516614914,-0.04191780090332031,120.8057632446289,,,,False,0.51412433385849,0.5381389260292053,0.04999999701976776,0.05000000074505806,0.05000000074505806,4.411912595969625e-05,1.0,6.172202110290527,5.878314013330055e-08,40.43500518798828,nnknn_target_value_model,0,0,549,4,529,549,653,4,649,0,0,163.25,0,4,mcb_nnknn,500,mcb_nnknn,500,"[243, 257]",0.0,0.00278753275051713,0.04558860510587692
136642,4,1214,64.96830749511719,-0.06359820812940598,-0.058371298015117645,65.03190612792969,62.0814323425293,0.291451632976532,44.7958984375,True,0.5226919054985046,0.544360876083374,0.05000000819563866,0.05000000074505806,0.05000000074505806,4.295119288144633e-05,1.0,8.495712280273438,3.612100408645347e-05,43.9149169921875,nnknn_target_value_model,0,0,1093,9,1084,1093,1214,3,1211,0,0,303.5,0,4,mcb_nnknn,500,mcb_nnknn,500,"[244, 256]",0.0,0.002780432114377618,0.046088602393865585
138642,4,2000,17.016691207885742,-0.0748818889260292,-0.06986381858587265,17.09157371520996,,,,False,0.5018077492713928,0.5278873443603516,0.05000000447034836,0.05000000074505806,0.05000000074505806,4.2796538764378056e-05,1.0,9.900856971740723,6.818771680627833e-08,47.037086486816406,nnknn_target_value_model,0,0,1974,6,1968,1974,2000,9,1991,0,0,500.0,0,4,mcb_nnknn,500,mcb_nnknn,500,"[241, 259]",0.0,0.0027492069639265537,0.04658856987953186
140008,4,1366,49.497989654541016,-0.05631810054183006,-0.05099818482995033,49.55430603027344,49.811500549316406,0.5283554792404175,45.919986724853516,True,0.5319918990135193,0.5531704425811768,0.05000000819563866,0.05000000074505806,0.05000000074505806,4.2256651795469224e-05,1.0,7.485926151275635,0.0017706116195768118,48.65917205810547,nnknn_target_value_model,0,0,1278,10,1268,1278,1366,9,1357,0,0,341.5,0,4,mcb_nnknn,500,mcb_nnknn,500,"[239, 261]",0.0,0.0027386778965592384,0.04708775877952576
141673,4,1665,41.60087585449219,-0.05003510043025017,-0.04486827552318573,41.650909423828125,,,,False,0.516683042049408,0.5404626131057739,0.05000000447034836,0.05000000074505806,0.05000000074505806,4.1721428715391085e-05,1.0,8.533879280090332,0.006821074057370424,50.768310546875,nnknn_target_value_model,0,0,1608,1,1607,1608,1665,0,1665,0,0,416.25,0,4,mcb_nnknn,500,mcb_nnknn,500,"[242, 258]",0.0,0.002709506545215845,0.04658778756856918
142599,4,926,73.38775634765625,-0.010204944759607315,-0.004630428273230791,73.39796447753906,,,,False,0.5574520826339722,0.5740433931350708,0.05000000447034836,0.05000000074505806,0.05000000074505806,4.1012317524291575e-05,1.0,5.626711845397949,0.00495772622525692,47.95661926269531,nnknn_target_value_model,0,0,798,3,795,798,926,4,922,0,0,231.5,0,4,mcb_nnknn,500,mcb_nnknn,500,"[246, 254]",0.0,0.002692305948585272,0.04608786478638649
143725,4,1126,70.09629821777344,-0.012731163762509823,-0.007323349826037884,70.1090316772461,69.48174285888672,0.6595142483711243,45.79413604736328,True,0.5407817959785461,0.5602734088897705,0.05000000447034836,0.05000000074505806,0.05000000074505806,4.080413418705575e-05,1.0,5.969156265258789,0.00889743585139513,50.60493087768555,nnknn_target_value_model,0,0,1023,4,1019,1023,1126,0,1126,0,0,281.5,0,4,mcb_nnknn,500,mcb_nnknn,500,"[247, 253]",0.0,0.0026772860437631607,0.046587854623794556
145072,4,1347,58.686824798583984,-0.040751442313194275,-0.03555847704410553,58.727577209472656,,,,False,0.5192970633506775,0.5422073602676392,0.050000011920928955,0.05000000074505806,0.05000000074505806,4.05215541832149e-05,1.0,7.177844047546387,0.01039823703467846,50.76213455200195,nnknn_target_value_model,0,0,1263,2,1261,1263,1347,8,1339,0,0,336.75,0,4,mcb_nnknn,500,mcb_nnknn,500,"[246, 254]",0.0,0.0026721598114818335,0.04608790576457977
145904,4,832,70.0749282836914,-0.030422888696193695,-0.024804536253213882,70.10535430908203,67.79151916503906,0.6696198582649231,46.123268127441406,True,0.561835527420044,0.578179657459259,0.05000000819563866,0.05000000074505806,0.05000000074505806,3.984054274042137e-05,1.0,4.633180618286133,-4.95750178686194e-08,50.14091491699219,nnknn_target_value_model,0,0,700,15,685,700,832,12,820,0,0,208.0,0,4,mcb_nnknn,500,mcb_nnknn,500,"[249, 251]",0.0,0.0026439449284225702,0.04558791592717171
146194,4,290,240.30532836914062,-0.04645242914557457,-0.04095876216888428,240.35177612304688,,,,False,0.5493668913841248,0.5690850615501404,0.05000000447034836,0.05000000074505806,0.05000000074505806,3.936287248507142e-05,1.0,-2.1533548831939697,-1.4798394509796253e-08,44.35831832885742,nnknn_target_value_model,0,0,176,7,169,176,290,0,290,0,0,72.5,0,4,mcb_nnknn,500,mcb_nnknn,500,"[245, 255]",0.0,0.002644851105287671,0.04508792608976364
147196,4,1002,69.3599853515625,-0.0740179643034935,-0.06926131993532181,69.43400573730469,,,,False,0.47566482424736023,0.5062040686607361,0.05000000074505806,0.05000000074505806,0.05000000074505806,3.9262169593712315e-05,1.0,7.299363136291504,0.0004026104579679668,46.5378303527832,nnknn_target_value_model,0,0,895,2,893,895,1002,2,1000,0,0,250.5,0,4,mcb_nnknn,500,mcb_nnknn,500,"[248, 252]",0.0,0.0026410960126668215,0.045587919652462006
148260,4,1064,76.94276428222656,-0.036235909909009933,-0.031393785029649734,76.97900390625,75.35810089111328,0.1127169132232666,46.739830017089844,True,0.4842126667499542,0.5129135847091675,0.05000000819563866,0.05000000074505806,0.05000000074505806,3.950226164306514e-05,1.0,6.183378219604492,0.00024200830375775695,48.487144470214844,nnknn_target_value_model,0,0,935,14,921,935,1064,4,1060,0,0,266.0,0,4,mcb_nnknn,500,mcb_nnknn,500,"[249, 251]",0.0,0.002644758904352784,0.04608791321516037
149072,4,812,77.82408142089844,-0.022710949182510376,-0.01733473315834999,77.84679412841797,,,,False,0.5376219153404236,0.556610643863678,0.050000015646219254,0.05000000074505806,0.05000000074505806,3.9658203604631126e-05,1.0,4.292053699493408,-6.371531213744674e-08,51.157020568847656,nnknn_target_value_model,0,0,675,8,667,675,812,12,800,0,0,203.0,0,4,mcb_nnknn,500,mcb_nnknn,500,"[247, 253]",0.0,0.0026458639185875654,0.0455879382789135
150000,4,928,71.14313507080078,-0.011398485861718655,-0.005859088152647018,71.15453338623047,,,,False,0.5539401769638062,0.5707067251205444,0.05000000819563866,0.05000000074505806,0.05000000074505806,3.9717011532047763e-05,1.0,5.907549858093262,0.0035172351635992527,50.47622299194336,nnknn_target_value_model,1,201,839,4,835,839,928,16,912,0,0,232.0,0,4,mcb_nnknn,500,mcb_nnknn,500,"[247, 253]",0.0,0.0026466860435903072,0.04508817568421364
