global_step,episode,episode_return,episode_length,loss,actor_type,case_entries,cases_pruned,cases_replaced,actor_cases_pruned,actor_cases_replaced,critic_cases_pruned,critic_cases_replaced,critic_label_updates,critic_label_update_samples,exploration_epsilon,behavior_epsilon,policy_ready,action_probs,behavior_action_probs,action_counts,bias_min,bias_mean,bias_max
29,1,29.0,29,,nnknn,0,0,0,0,0,0,0,0,0,0.9996453333333334,1.0,False,"[0.5, 0.5]","[0.5, 0.5]","[0, 0]",,,
40,2,11.0,11,,nnknn,0,0,0,0,0,0,0,0,0,0.999506,1.0,False,"[0.5, 0.5]","[0.5, 0.5]","[0, 0]",,,
52,3,12.0,12,,nnknn,0,0,0,0,0,0,0,0,0,0.999354,1.0,False,"[0.5, 0.5]","[0.5, 0.5]","[0, 0]",,,
72,4,20.0,20,68.32059478759766,nnknn,72,0,0,0,0,0,0,0,0,0.9991006666666666,1.0,False,"[0.5, 0.5]","[0.5, 0.5]","[39, 33]",0.0,0.0,0.0
89,5,17.0,17,,nnknn,72,0,0,0,0,0,0,0,0,0.9988853333333333,0.9988853333333333,True,"[0.6572685837745667, 0.34273138642311096]","[0.5001752972602844, 0.4998247027397156]","[39, 33]",0.0,0.0,0.0
105,6,16.0,16,,nnknn,72,0,0,0,0,0,0,0,0,0.9986826666666667,0.9986826666666667,True,"[0.5895849466323853, 0.41041505336761475]","[0.5001180171966553, 0.4998819828033447]","[39, 33]",0.0,0.0,0.0
118,7,13.0,13,,nnknn,72,0,0,0,0,0,0,0,0,0.998518,0.998518,True,"[0.6050651669502258, 0.39493483304977417]","[0.5001556873321533, 0.4998442828655243]","[39, 33]",0.0,0.0,0.0
159,8,41.0,41,41.96797180175781,nnknn,135,0,0,0,0,0,0,0,0,0.9979986666666667,0.9979986666666667,True,"[0.6927837133407593, 0.3072162866592407]","[0.5003858208656311, 0.4996141791343689]","[68, 67]",-0.0004999425145797431,-6.292625766946003e-05,0.0004999676602892578
183,9,24.0,24,,nnknn,135,0,0,0,0,0,0,0,0,0.9976946666666666,0.9976946666666666,True,"[0.5976038575172424, 0.40239617228507996]","[0.5002250075340271, 0.4997749924659729]","[68, 67]",-0.0004999425145797431,-6.292625766946003e-05,0.0004999676602892578
201,10,18.0,18,,nnknn,135,0,0,0,0,0,0,0,0,0.9974666666666666,0.9974666666666666,True,"[0.28911876678466797, 0.710881233215332]","[0.4994657635688782, 0.5005342364311218]","[68, 67]",-0.0004999425145797431,-6.292625766946003e-05,0.0004999676602892578
229,11,28.0,28,,nnknn,135,0,0,0,0,0,0,0,0,0.997112,0.997112,True,"[0.7038370966911316, 0.2961629629135132]","[0.5005887150764465, 0.49941131472587585]","[68, 67]",-0.0004999425145797431,-6.292625766946003e-05,0.0004999676602892578
280,12,51.0,51,41.017906188964844,nnknn,228,0,0,0,0,0,0,0,0,0.996466,0.996466,True,"[0.38837024569511414, 0.6116297245025635]","[0.4996055066585541, 0.5003945231437683]","[118, 110]",-0.0009991989936679602,-8.285119838546962e-05,0.0009867476765066385
297,13,17.0,17,,nnknn,228,0,0,0,0,0,0,0,0,0.9962506666666666,0.9962506666666666,True,"[0.41316238045692444, 0.586837649345398]","[0.49967440962791443, 0.5003255605697632]","[118, 110]",-0.0009991989936679602,-8.285119838546962e-05,0.0009867476765066385
314,14,17.0,17,,nnknn,228,0,0,0,0,0,0,0,0,0.9960353333333334,0.9960353333333334,True,"[0.8857162594795227, 0.11428377032279968]","[0.5015292167663574, 0.4984707534313202]","[118, 110]",-0.0009991989936679602,-8.285119838546962e-05,0.0009867476765066385
326,15,12.0,12,,nnknn,228,0,0,0,0,0,0,0,0,0.9958833333333333,0.9958833333333333,True,"[0.19472846388816833, 0.805271565914154]","[0.49874329566955566, 0.5012567043304443]","[118, 110]",-0.0009991989936679602,-8.285119838546962e-05,0.0009867476765066385
337,16,11.0,11,9.09328556060791,nnknn,248,0,0,0,0,0,0,0,0,0.995744,0.995744,True,"[0.7099512219429016, 0.2900487780570984]","[0.5008935332298279, 0.49910643696784973]","[127, 121]",-0.0014818927738815546,-0.00012600580521393567,0.0014183165039867163
352,17,15.0,15,,nnknn,248,0,0,0,0,0,0,0,0,0.995554,0.995554,True,"[0.3937295079231262, 0.6062705516815186]","[0.4995275139808655, 0.5004724860191345]","[127, 121]",-0.0014818927738815546,-0.00012600580521393567,0.0014183165039867163
365,18,13.0,13,,nnknn,248,0,0,0,0,0,0,0,0,0.9953893333333333,0.9953893333333333,True,"[0.41366156935691833, 0.586338460445404]","[0.49960193037986755, 0.5003980994224548]","[127, 121]",-0.0014818927738815546,-0.00012600580521393567,0.0014183165039867163
379,19,14.0,14,,nnknn,248,0,0,0,0,0,0,0,0,0.995212,0.995212,True,"[0.6078055500984192, 0.3921944200992584]","[0.5005161762237549, 0.4994838237762451]","[127, 121]",-0.0014818927738815546,-0.00012600580521393567,0.0014183165039867163
392,20,13.0,13,6.990417003631592,nnknn,265,0,0,0,0,0,0,0,0,0.9950473333333333,0.9950473333333333,True,"[0.337776243686676, 0.662223756313324]","[0.4991965591907501, 0.5008034110069275]","[136, 129]",-0.001976457890123129,-0.0001612133055459708,0.001876448281109333
408,21,16.0,16,,nnknn,265,0,0,0,0,0,0,0,0,0.9948446666666667,0.9948446666666667,True,"[0.08928784728050232, 0.9107121825218201]","[0.4978826344013214, 0.5021173357963562]","[136, 129]",-0.001976457890123129,-0.0001612133055459708,0.001876448281109333
437,22,29.0,29,,nnknn,265,0,0,0,0,0,0,0,0,0.9944773333333333,0.9944773333333333,True,"[0.609416127204895, 0.390583872795105]","[0.5006042718887329, 0.4993957281112671]","[136, 129]",-0.001976457890123129,-0.0001612133055459708,0.001876448281109333
453,23,16.0,16,,nnknn,265,0,0,0,0,0,0,0,0,0.9942746666666666,0.9942746666666666,True,"[0.08910290151834488, 0.9108970761299133]","[0.4976474940776825, 0.5023525357246399]","[136, 129]",-0.001976457890123129,-0.0001612133055459708,0.001876448281109333
472,24,19.0,19,19.23775863647461,nnknn,306,0,0,0,0,0,0,0,0,0.994034,0.994034,True,"[0.5008520483970642, 0.4991479516029358]","[0.5000050663948059, 0.4999949038028717]","[156, 150]",-0.0024752658791840076,-0.00017885952547658235,0.0023039691150188446
497,25,25.0,25,,nnknn,306,0,0,0,0,0,0,0,0,0.9937173333333333,0.9937173333333333,True,"[0.40331393480300903, 0.596686065196991]","[0.4993925392627716, 0.500607430934906]","[156, 150]",-0.0024752658791840076,-0.00017885952547658235,0.0023039691150188446
524,26,27.0,27,,nnknn,306,0,0,0,0,0,0,0,0,0.9933753333333334,0.9933753333333334,True,"[0.6874958276748657, 0.31250423192977905]","[0.5012421011924744, 0.49875789880752563]","[156, 150]",-0.0024752658791840076,-0.00017885952547658235,0.0023039691150188446
539,27,15.0,15,,nnknn,306,0,0,0,0,0,0,0,0,0.9931853333333334,0.9931853333333334,True,"[0.6874333620071411, 0.3125666081905365]","[0.5012772679328918, 0.49872270226478577]","[156, 150]",-0.0024752658791840076,-0.00017885952547658235,0.0023039691150188446
554,28,15.0,15,13.55031967163086,nnknn,340,75,0,0,0,75,0,0,0,0.9929953333333333,0.9929953333333333,True,"[0.6996093988418579, 0.3003905713558197]","[0.5013982057571411, 0.4986017942428589]","[175, 165]",-0.00296961166895926,-0.0001946923293871805,0.0026605832390487194
580,29,26.0,26,,nnknn,340,75,0,0,0,75,0,0,0,0.992666,0.992666,True,"[0.19852134585380554, 0.8014786839485168]","[0.4977889657020569, 0.5022110342979431]","[175, 165]",-0.00296961166895926,-0.0001946923293871805,0.0026605832390487194
592,30,12.0,12,,nnknn,340,75,0,0,0,75,0,0,0,0.992514,0.992514,True,"[0.7140220999717712, 0.28597787022590637]","[0.5016021728515625, 0.4983978271484375]","[175, 165]",-0.00296961166895926,-0.0001946923293871805,0.0026605832390487194
632,31,40.0,40,,nnknn,340,75,0,0,0,75,0,0,0,0.9920073333333334,0.9920073333333334,True,"[0.2899331748485565, 0.7100667953491211]","[0.498320996761322, 0.501679003238678]","[175, 165]",-0.00296961166895926,-0.0001946923293871805,0.0026605832390487194
642,32,10.0,10,27.771320343017578,nnknn,391,150,0,0,0,150,0,0,0,0.9918806666666666,0.9918806666666666,True,"[0.7124899625778198, 0.2875100374221802]","[0.5017252564430237, 0.49827471375465393]","[198, 193]",-0.0034607648849487305,-0.0002024144632741809,0.0030201582703739405
655,33,13.0,13,,nnknn,391,150,0,0,0,150,0,0,0,0.991716,0.991716,True,"[0.4956807792186737, 0.5043191909790039]","[0.4999642074108124, 0.5000357627868652]","[198, 193]",-0.0034607648849487305,-0.0002024144632741809,0.0030201582703739405
668,34,13.0,13,,nnknn,391,150,0,0,0,150,0,0,0,0.9915513333333333,0.9915513333333333,True,"[0.5879446864128113, 0.4120553433895111]","[0.50074303150177, 0.49925699830055237]","[198, 193]",-0.0034607648849487305,-0.0002024144632741809,0.0030201582703739405
690,35,22.0,22,,nnknn,391,150,0,0,0,150,0,0,0,0.9912726666666667,0.9912726666666667,True,"[0.7329773306846619, 0.26702263951301575]","[0.5020332932472229, 0.4979667365550995]","[198, 193]",-0.0034607648849487305,-0.0002024144632741809,0.0030201582703739405
700,36,10.0,10,8.777015686035156,nnknn,412,219,0,0,0,219,0,0,0,0.991146,0.991146,True,"[0.1010701134800911, 0.8989298939704895]","[0.4964678883552551, 0.5035321116447449]","[206, 206]",-0.00391571968793869,-0.00022619744413532317,0.003406341653317213
722,37,22.0,22,,nnknn,412,219,0,0,0,219,0,0,0,0.9908673333333333,0.9908673333333333,True,"[0.7027686238288879, 0.29723137617111206]","[0.5018517971038818, 0.4981481730937958]","[206, 206]",-0.00391571968793869,-0.00022619744413532317,0.003406341653317213
734,38,12.0,12,,nnknn,412,219,0,0,0,219,0,0,0,0.9907153333333333,0.9907153333333333,True,"[0.37685972452163696, 0.6231403350830078]","[0.49885669350624084, 0.5011433362960815]","[206, 206]",-0.00391571968793869,-0.00022619744413532317,0.003406341653317213
745,39,11.0,11,,nnknn,412,219,0,0,0,219,0,0,0,0.990576,0.990576,True,"[0.6901803612709045, 0.30981966853141785]","[0.5017922520637512, 0.4982077479362488]","[206, 206]",-0.00391571968793869,-0.00022619744413532317,0.003406341653317213
760,40,15.0,15,12.041793823242188,nnknn,432,267,0,0,0,267,0,0,0,0.990386,0.990386,True,"[0.49341142177581787, 0.5065885782241821]","[0.49993667006492615, 0.5000633597373962]","[216, 216]",-0.004359099548310041,-0.00025355705292895436,0.003794066607952118
792,41,32.0,32,,nnknn,432,267,0,0,0,267,0,0,0,0.9899806666666666,0.9899806666666666,True,"[0.7096052765846252, 0.29039475321769714]","[0.5021001100540161, 0.4978998899459839]","[216, 216]",-0.004359099548310041,-0.00025355705292895436,0.003794066607952118
829,42,37.0,37,,nnknn,432,267,0,0,0,267,0,0,0,0.989512,0.989512,True,"[0.49737030267715454, 0.5026297569274902]","[0.4999724328517914, 0.500027596950531]","[216, 216]",-0.004359099548310041,-0.00025355705292895436,0.003794066607952118
849,43,20.0,20,,nnknn,432,267,0,0,0,267,0,0,0,0.9892586666666666,0.9892586666666666,True,"[0.59217369556427, 0.40782636404037476]","[0.500990092754364, 0.4990099370479584]","[216, 216]",-0.004359099548310041,-0.00025355705292895436,0.003794066607952118
861,44,12.0,12,28.695026397705078,nnknn,494,366,0,0,0,366,0,0,0,0.9891066666666667,0.9891066666666667,True,"[0.1032724380493164, 0.8967275619506836]","[0.4956783056259155, 0.5043216943740845]","[249, 245]",-0.004771263338625431,-0.0002581432636361569,0.004131098743528128
893,45,32.0,32,,nnknn,494,366,0,0,0,366,0,0,0,0.9887013333333333,0.9887013333333333,True,"[0.7011526823043823, 0.2988472878932953]","[0.5022727251052856, 0.49772724509239197]","[249, 245]",-0.004771263338625431,-0.0002581432636361569,0.004131098743528128
924,46,31.0,31,,nnknn,494,366,0,0,0,366,0,0,0,0.9883086666666666,0.9883086666666666,True,"[0.5012999176979065, 0.4987000524997711]","[0.5000151991844177, 0.4999848008155823]","[249, 245]",-0.004771263338625431,-0.0002581432636361569,0.004131098743528128
939,47,15.0,15,,nnknn,494,366,0,0,0,366,0,0,0,0.9881186666666667,0.9881186666666667,True,"[0.5013393759727478, 0.4986606240272522]","[0.500015914440155, 0.49998408555984497]","[249, 245]",-0.004771263338625431,-0.0002581432636361569,0.004131098743528128
948,48,9.0,9,25.546192169189453,nnknn,489,498,0,50,0,448,0,0,0,0.9880046666666666,0.9880046666666666,True,"[0.701956570148468, 0.298043429851532]","[0.5024225115776062, 0.4975774586200714]","[242, 247]",-0.0028011659160256386,8.073058415902779e-05,0.00435923645272851
957,49,9.0,9,,nnknn,489,498,0,50,0,448,0,0,0,0.9878906666666667,0.9878906666666667,True,"[0.5644822120666504, 0.4355177581310272]","[0.5007808208465576, 0.49921914935112]","[242, 247]",-0.0028011659160256386,8.073058415902779e-05,0.00435923645272851
974,50,17.0,17,,nnknn,489,498,0,50,0,448,0,0,0,0.9876753333333333,0.9876753333333333,True,"[0.0992279127240181, 0.9007720947265625]","[0.49506062269210815, 0.5049393773078918]","[242, 247]",-0.0028011659160256386,8.073058415902779e-05,0.00435923645272851
991,51,17.0,17,,nnknn,489,498,0,50,0,448,0,0,0,0.98746,0.98746,True,"[0.49660584330558777, 0.5033941268920898]","[0.49995744228363037, 0.5000425577163696]","[242, 247]",-0.0028011659160256386,8.073058415902779e-05,0.00435923645272851
1013,52,22.0,22,12.73381519317627,nnknn,470,629,0,100,0,529,0,0,0,0.9871813333333334,0.9871813333333334,True,"[0.5472131371498108, 0.452786922454834]","[0.5006052255630493, 0.49939480423927307]","[228, 242]",-0.0016129761934280396,0.0003391464415472001,0.004160994663834572
1026,53,13.0,13,,nnknn,470,629,0,100,0,529,0,0,0,0.9870166666666667,0.9870166666666667,True,"[0.40406984090805054, 0.5959301590919495]","[0.49875450134277344, 0.5012454986572266]","[228, 242]",-0.0016129761934280396,0.0003391464415472001,0.004160994663834572
1045,54,19.0,19,,nnknn,470,629,0,100,0,529,0,0,0,0.986776,0.986776,True,"[0.5945709943771362, 0.40542903542518616]","[0.5012506246566772, 0.49874940514564514]","[228, 242]",-0.0016129761934280396,0.0003391464415472001,0.004160994663834572
1066,55,21.0,21,,nnknn,470,629,0,100,0,529,0,0,0,0.98651,0.98651,True,"[0.5985296964645386, 0.4014703035354614]","[0.5013291835784912, 0.4986708462238312]","[228, 242]",-0.0016129761934280396,0.0003391464415472001,0.004160994663834572
1074,56,8.0,8,11.135627746582031,nnknn,499,677,0,100,0,577,0,0,0,0.9864086666666667,0.9864086666666667,True,"[0.6966044902801514, 0.30339547991752625]","[0.5026721358299255, 0.49732789397239685]","[243, 256]",-0.0021125630009919405,0.00031839849543757737,0.004639086779206991
1113,57,39.0,39,,nnknn,499,677,0,100,0,577,0,0,0,0.9859146666666667,0.9859146666666667,True,"[0.3862029016017914, 0.613797128200531]","[0.4983971416950226, 0.5016028881072998]","[243, 256]",-0.0021125630009919405,0.00031839849543757737,0.004639086779206991
1140,58,27.0,27,,nnknn,499,677,0,100,0,577,0,0,0,0.9855726666666667,0.9855726666666667,True,"[0.5105143785476685, 0.4894856810569763]","[0.5001516938209534, 0.49984830617904663]","[243, 256]",-0.0021125630009919405,0.00031839849543757737,0.004639086779206991
1156,59,16.0,16,,nnknn,499,677,0,100,0,577,0,0,0,0.98537,0.98537,True,"[0.494815856218338, 0.5051841735839844]","[0.4999241530895233, 0.5000758171081543]","[243, 256]",-0.0021125630009919405,0.00031839849543757737,0.004639086779206991
1170,60,14.0,14,27.853473663330078,nnknn,499,799,21,150,0,649,21,0,0,0.9851926666666667,0.9851926666666667,True,"[0.20486420392990112, 0.7951357960700989]","[0.49562981724739075, 0.5043701529502869]","[236, 263]",-0.001335043809376657,0.00047091383021324873,0.005090661812573671
1180,61,10.0,10,,nnknn,499,799,21,150,0,649,21,0,0,0.985066,0.985066,True,"[0.5969789624214172, 0.40302106738090515]","[0.5014482736587524, 0.49855172634124756]","[236, 263]",-0.001335043809376657,0.00047091383021324873,0.005090661812573671
1198,62,18.0,18,,nnknn,499,799,21,150,0,649,21,0,0,0.984838,0.984838,True,"[0.4791087210178375, 0.5208913087844849]","[0.4996832609176636, 0.5003167390823364]","[236, 263]",-0.001335043809376657,0.00047091383021324873,0.005090661812573671
1219,63,21.0,21,,nnknn,499,799,21,150,0,649,21,0,0,0.984572,0.984572,True,"[0.41193827986717224, 0.5880616903305054]","[0.49864137172698975, 0.5013586282730103]","[236, 263]",-0.001335043809376657,0.00047091383021324873,0.005090661812573671
1246,64,27.0,27,8.664580345153809,nnknn,483,908,38,200,0,708,38,0,0,0.98423,0.98423,True,"[0.2016971856355667, 0.7983028292655945]","[0.49529576301574707, 0.5047042369842529]","[225, 258]",-0.0008734976290725172,0.0006396558601409197,0.005589870270341635
1277,65,31.0,31,,nnknn,483,908,38,200,0,708,38,0,0,0.9838373333333333,0.9838373333333333,True,"[0.6994581818580627, 0.30054187774658203]","[0.5032237768173218, 0.4967762231826782]","[225, 258]",-0.0008734976290725172,0.0006396558601409197,0.005589870270341635
1298,66,21.0,21,,nnknn,483,908,38,200,0,708,38,0,0,0.9835713333333334,0.9835713333333334,True,"[0.3134824335575104, 0.6865175366401672]","[0.49693575501441956, 0.5030642151832581]","[225, 258]",-0.0008734976290725172,0.0006396558601409197,0.005589870270341635
1386,67,88.0,88,,nnknn,483,908,38,200,0,708,38,0,0,0.9824566666666666,0.9824566666666666,True,"[0.3001595437526703, 0.6998404860496521]","[0.4964941442012787, 0.5035058856010437]","[225, 258]",-0.0008734976290725172,0.0006396558601409197,0.005589870270341635
1434,68,48.0,48,91.19053649902344,nnknn,497,1089,170,325,0,764,170,0,0,0.9818486666666667,0.9818486666666667,True,"[0.3861565589904785, 0.6138435006141663]","[0.49793359637260437, 0.502066433429718]","[241, 256]",-0.0001447315444238484,0.0007526176632381976,0.006089174188673496
1444,69,10.0,10,,nnknn,497,1089,170,325,0,764,170,0,0,0.981722,0.981722,True,"[0.4090725779533386, 0.5909274220466614]","[0.4983380138874054, 0.5016619563102722]","[241, 256]",-0.0001447315444238484,0.0007526176632381976,0.006089174188673496
1456,70,12.0,12,,nnknn,497,1089,170,325,0,764,170,0,0,0.98157,0.98157,True,"[0.3915652632713318, 0.608434796333313]","[0.4980015456676483, 0.5019984245300293]","[241, 256]",-0.0001447315444238484,0.0007526176632381976,0.006089174188673496
1470,71,14.0,14,,nnknn,497,1089,170,325,0,764,170,0,0,0.9813926666666667,0.9813926666666667,True,"[0.5076429843902588, 0.4923570156097412]","[0.5001422166824341, 0.4998577833175659]","[241, 256]",-0.0001447315444238484,0.0007526176632381976,0.006089174188673496
1502,72,32.0,32,16.342222213745117,nnknn,499,1153,199,350,0,803,199,0,0,0.9809873333333333,0.9809873333333333,True,"[0.5984066724777222, 0.4015933573246002]","[0.5018709897994995, 0.4981290102005005]","[245, 254]",-0.0004993549082428217,0.0007875008159317076,0.006588622462004423
1518,73,16.0,16,,nnknn,499,1153,199,350,0,803,199,0,0,0.9807846666666666,0.9807846666666666,True,"[0.4459913671016693, 0.5540086627006531]","[0.4989621937274933, 0.5010377764701843]","[245, 254]",-0.0004993549082428217,0.0007875008159317076,0.006588622462004423
1535,74,17.0,17,,nnknn,499,1153,199,350,0,803,199,0,0,0.9805693333333333,0.9805693333333333,True,"[0.6969166398048401, 0.3030833601951599]","[0.5038262009620667, 0.49617379903793335]","[245, 254]",-0.0004993549082428217,0.0007875008159317076,0.006588622462004423
1560,75,25.0,25,,nnknn,499,1153,199,350,0,803,199,0,0,0.9802526666666667,0.9802526666666667,True,"[0.4935998022556305, 0.5064001679420471]","[0.4998736083507538, 0.5001263618469238]","[245, 254]",-0.0004993549082428217,0.0007875008159317076,0.006588622462004423
1586,76,26.0,26,14.64356803894043,nnknn,493,1233,253,400,0,833,253,0,0,0.9799233333333334,0.9799233333333334,True,"[0.7930928468704224, 0.20690712332725525]","[0.5058843493461609, 0.4941156506538391]","[240, 253]",-1.1916301446035504e-05,0.0008343774825334549,0.0064841690473258495
1602,77,16.0,16,,nnknn,493,1233,253,400,0,833,253,0,0,0.9797206666666667,0.9797206666666667,True,"[0.7950377464294434, 0.20496228337287903]","[0.5059831738471985, 0.4940168261528015]","[240, 253]",-1.1916301446035504e-05,0.0008343774825334549,0.0064841690473258495
1619,78,17.0,17,,nnknn,493,1233,253,400,0,833,253,0,0,0.9795053333333333,0.9795053333333333,True,"[0.3949664831161499, 0.6050335764884949]","[0.49784737825393677, 0.5021526217460632]","[240, 253]",-1.1916301446035504e-05,0.0008343774825334549,0.0064841690473258495
1661,79,42.0,42,,nnknn,493,1233,253,400,0,833,253,0,0,0.9789733333333334,0.9789733333333334,True,"[0.30215826630592346, 0.6978417634963989]","[0.49584004282951355, 0.5041599273681641]","[240, 253]",-1.1916301446035504e-05,0.0008343774825334549,0.0064841690473258495
1682,80,21.0,21,25.90484046936035,nnknn,490,1359,273,450,0,909,273,0,0,0.9787073333333334,0.9787073333333334,True,"[0.35967618227005005, 0.64032381772995]","[0.4970121383666992, 0.5029878616333008]","[240, 250]",-0.00036839445238001645,0.0008815192268230021,0.005984504707157612
1690,81,8.0,8,,nnknn,490,1359,273,450,0,909,273,0,0,0.978606,0.978606,True,"[0.3339579403400421, 0.6660420894622803]","[0.49644768238067627, 0.5035523176193237]","[240, 250]",-0.00036839445238001645,0.0008815192268230021,0.005984504707157612
1709,82,19.0,19,,nnknn,490,1359,273,450,0,909,273,0,0,0.9783653333333333,0.9783653333333333,True,"[0.5031337141990662, 0.49686628580093384]","[0.5000677704811096, 0.499932199716568]","[240, 250]",-0.00036839445238001645,0.0008815192268230021,0.005984504707157612
1723,83,14.0,14,,nnknn,490,1359,273,450,0,909,273,0,0,0.978188,0.978188,True,"[0.6046731472015381, 0.3953268527984619]","[0.5022831559181213, 0.49771687388420105]","[240, 250]",-0.00036839445238001645,0.0008815192268230021,0.005984504707157612
1742,84,19.0,19,8.99907398223877,nnknn,482,1428,289,475,0,953,289,0,0,0.9779473333333333,0.9779473333333333,True,"[0.09504087269306183, 0.9049591422080994]","[0.49106958508491516, 0.5089304447174072]","[238, 244]",-0.00014185447071213275,0.0009288457222282887,0.005484707187861204
1756,85,14.0,14,,nnknn,482,1428,289,475,0,953,289,0,0,0.97777,0.97777,True,"[0.3971084952354431, 0.6028915643692017]","[0.49771273136138916, 0.5022872686386108]","[238, 244]",-0.00014185447071213275,0.0009288457222282887,0.005484707187861204
1778,86,22.0,22,,nnknn,482,1428,289,475,0,953,289,0,0,0.9774913333333334,0.9774913333333334,True,"[0.7020577192306519, 0.2979423403739929]","[0.5045480728149414, 0.495451956987381]","[238, 244]",-0.00014185447071213275,0.0009288457222282887,0.005484707187861204
1794,87,16.0,16,,nnknn,482,1428,289,475,0,953,289,0,0,0.9772886666666667,0.9772886666666667,True,"[0.3015201687812805, 0.6984798312187195]","[0.49549224972724915, 0.5045077204704285]","[238, 244]",-0.00014185447071213275,0.0009288457222282887,0.005484707187861204
1805,88,11.0,11,7.466328144073486,nnknn,484,1503,302,500,0,1003,302,0,0,0.9771493333333333,0.9771493333333333,True,"[0.39874067902565, 0.6012593507766724]","[0.49768614768981934, 0.5023138523101807]","[235, 249]",-6.709055742248893e-05,0.0009399494156241417,0.005738362669944763
1823,89,18.0,18,,nnknn,484,1503,302,500,0,1003,302,0,0,0.9769213333333333,0.9769213333333333,True,"[0.5926352739334106, 0.40736472606658936]","[0.5021378993988037, 0.4978621006011963]","[235, 249]",-6.709055742248893e-05,0.0009399494156241417,0.005738362669944763
1842,90,19.0,19,,nnknn,484,1503,302,500,0,1003,302,0,0,0.9766806666666666,0.9766806666666666,True,"[0.599759042263031, 0.400240957736969]","[0.5023263096809387, 0.4976736903190613]","[235, 249]",-6.709055742248893e-05,0.0009399494156241417,0.005738362669944763
1858,91,16.0,16,,nnknn,484,1503,302,500,0,1003,302,0,0,0.976478,0.976478,True,"[0.4074174463748932, 0.5925825238227844]","[0.49782228469848633, 0.5021777153015137]","[235, 249]",-6.709055742248893e-05,0.0009399494156241417,0.005738362669944763
1872,92,14.0,14,10.831218719482422,nnknn,481,1585,312,525,0,1060,312,0,0,0.9763006666666667,0.9763006666666667,True,"[0.1652785837650299, 0.8347214460372925]","[0.4920673370361328, 0.5079326629638672]","[237, 244]",-0.00039732555160298944,0.0009917854331433773,0.006238051690161228
1887,93,15.0,15,,nnknn,481,1585,312,525,0,1060,312,0,0,0.9761106666666667,0.9761106666666667,True,"[0.37674883008003235, 0.62325119972229]","[0.49705561995506287, 0.5029444098472595]","[237, 244]",-0.00039732555160298944,0.0009917854331433773,0.006238051690161228
1900,94,13.0,13,,nnknn,481,1585,312,525,0,1060,312,0,0,0.975946,0.975946,True,"[0.6977126002311707, 0.30228739976882935]","[0.5047557950019836, 0.49524423480033875]","[237, 244]",-0.00039732555160298944,0.0009917854331433773,0.006238051690161228
1918,95,18.0,18,,nnknn,481,1585,312,525,0,1060,312,0,0,0.975718,0.975718,True,"[0.6954857110977173, 0.3045143187046051]","[0.5047467947006226, 0.49525323510169983]","[237, 244]",-0.00039732555160298944,0.0009917854331433773,0.006238051690161228
1930,96,12.0,12,5.956933498382568,nnknn,500,1626,329,525,0,1101,329,0,0,0.975566,0.975566,True,"[0.20074468851089478, 0.7992553114891052]","[0.49268800020217896, 0.507311999797821]","[247, 253]",-0.0008970330818556249,0.0009412821382284164,0.006230652332305908
1964,97,34.0,34,,nnknn,500,1626,329,525,0,1101,329,0,0,0.9751353333333334,0.9751353333333334,True,"[0.38982024788856506, 0.6101797819137573]","[0.4972604215145111, 0.5027396082878113]","[247, 253]",-0.0008970330818556249,0.0009412821382284164,0.006230652332305908
2009,98,45.0,45,,nnknn,500,1626,329,525,0,1101,329,0,0,0.9745653333333333,0.9745653333333333,True,"[0.6087365746498108, 0.3912634253501892]","[0.5027656555175781, 0.4972343146800995]","[247, 253]",-0.0008970330818556249,0.0009412821382284164,0.006230652332305908
2020,99,11.0,11,,nnknn,500,1626,329,525,0,1101,329,0,0,0.974426,0.974426,True,"[0.6310185790061951, 0.3689814805984497]","[0.5033506751060486, 0.4966493248939514]","[247, 253]",-0.0008970330818556249,0.0009412821382284164,0.006230652332305908
2055,100,35.0,35,37.648834228515625,nnknn,500,1747,425,597,21,1150,404,1,1,0.9739826666666667,0.9739826666666667,True,"[0.39383766055107117, 0.6061623096466064]","[0.4972379505634308, 0.5027620792388916]","[248, 252]",0.0,0.0010146701242774725,0.006723887287080288
2072,101,17.0,17,,nnknn,500,1747,425,597,21,1150,404,1,1,0.9737673333333333,0.9737673333333333,True,"[0.609106183052063, 0.3908938467502594]","[0.5028621554374695, 0.4971378445625305]","[248, 252]",0.0,0.0010146701242774725,0.006723887287080288
2094,102,22.0,22,,nnknn,500,1747,425,597,21,1150,404,1,1,0.9734886666666667,0.9734886666666667,True,"[0.6055018305778503, 0.39449813961982727]","[0.50279700756073, 0.49720299243927]","[248, 252]",0.0,0.0010146701242774725,0.006723887287080288
2103,103,9.0,9,,nnknn,500,1747,425,597,21,1150,404,1,1,0.9733746666666667,0.9733746666666667,True,"[0.6138209700584412, 0.3861790895462036]","[0.50303053855896, 0.4969694912433624]","[248, 252]",0.0,0.0010146701242774725,0.006723887287080288
2135,104,32.0,32,13.623943328857422,nnknn,500,1790,496,621,32,1169,464,2,2,0.9729693333333334,0.9729693333333334,True,"[0.6070834398269653, 0.3929165303707123]","[0.5028945207595825, 0.4971054792404175]","[248, 252]",0.0,0.0010443589417263865,0.006223938427865505
2166,105,31.0,31,,nnknn,500,1790,496,621,32,1169,464,2,2,0.9725766666666666,0.9725766666666666,True,"[0.6031005382537842, 0.3968995213508606]","[0.5028273463249207, 0.49717265367507935]","[248, 252]",0.0,0.0010443589417263865,0.006223938427865505
2242,106,76.0,76,,nnknn,500,1790,496,621,32,1169,464,2,2,0.971614,0.971614,True,"[0.3958794176578522, 0.6041206121444702]","[0.4970444440841675, 0.5029555559158325]","[248, 252]",0.0,0.0010443589417263865,0.006223938427865505
2252,107,10.0,10,,nnknn,500,1790,496,621,32,1169,464,2,2,0.9714873333333334,0.9714873333333334,True,"[0.2958819568157196, 0.7041180729866028]","[0.4941800534725189, 0.5058199763298035]","[248, 252]",0.0,0.0010443589417263865,0.006223938427865505
2260,108,8.0,8,92.88470458984375,nnknn,500,1875,634,661,90,1214,544,2,2,0.971386,0.971386,True,"[0.2850813567638397, 0.7149186730384827]","[0.49385032057762146, 0.5061496496200562]","[247, 253]",0.0,0.0010944739915430546,0.0063566179014742374
2275,109,15.0,15,,nnknn,500,1875,634,661,90,1214,544,2,2,0.971196,0.971196,True,"[0.24155142903327942, 0.7584485411643982]","[0.4925556480884552, 0.5074443817138672]","[247, 253]",0.0,0.0010944739915430546,0.0063566179014742374
2285,110,10.0,10,,nnknn,500,1875,634,661,90,1214,544,2,2,0.9710693333333333,0.9710693333333333,True,"[0.2964027225971222, 0.7035972476005554]","[0.4941098093986511, 0.5058901906013489]","[247, 253]",0.0,0.0010944739915430546,0.0063566179014742374
2299,111,14.0,14,,nnknn,500,1875,634,661,90,1214,544,2,2,0.970892,0.970892,True,"[0.30233296751976013, 0.6976670026779175]","[0.49424630403518677, 0.5057536959648132]","[247, 253]",0.0,0.0010944739915430546,0.0063566179014742374
2335,112,36.0,36,32.57289505004883,nnknn,496,1941,676,694,90,1247,586,2,2,0.970436,0.970436,True,"[0.17119120061397552, 0.8288088440895081]","[0.49027907848358154, 0.5097209215164185]","[242, 254]",0.0,0.0011149089550599456,0.006414777599275112
2347,113,12.0,12,,nnknn,496,1941,676,694,90,1247,586,2,2,0.970284,0.970284,True,"[0.5001341700553894, 0.499865859746933]","[0.5000039935112, 0.49999600648880005]","[242, 254]",0.0,0.0011149089550599456,0.006414777599275112
2368,114,21.0,21,,nnknn,496,1941,676,694,90,1247,586,2,2,0.970018,0.970018,True,"[0.0968882143497467, 0.9031117558479309]","[0.48791390657424927, 0.5120860934257507]","[242, 254]",0.0,0.0011149089550599456,0.006414777599275112
2378,115,10.0,10,,nnknn,496,1941,676,694,90,1247,586,2,2,0.9698913333333333,0.9698913333333333,True,"[0.30068060755729675, 0.6993193626403809]","[0.49399876594543457, 0.5060012340545654]","[242, 254]",0.0,0.0011149089550599456,0.006414777599275112
2395,116,17.0,17,6.89489221572876,nnknn,500,1989,705,709,92,1280,613,2,2,0.969676,0.969676,True,"[0.8038394451141357, 0.19616061449050903]","[0.5092136263847351, 0.4907863736152649]","[244, 256]",0.0,0.001119482098147273,0.006755019538104534
2414,117,19.0,19,,nnknn,500,1989,705,709,92,1280,613,2,2,0.9694353333333333,0.9694353333333333,True,"[0.4642927050590515, 0.5357073545455933]","[0.4989086091518402, 0.5010913610458374]","[244, 256]",0.0,0.001119482098147273,0.006755019538104534
2424,118,10.0,10,,nnknn,500,1989,705,709,92,1280,613,2,2,0.9693086666666667,0.9693086666666667,True,"[0.4922531247138977, 0.5077469348907471]","[0.49976223707199097, 0.500237762928009]","[244, 256]",0.0,0.001119482098147273,0.006755019538104534
2455,119,31.0,31,,nnknn,500,1989,705,709,92,1280,613,2,2,0.968916,0.968916,True,"[0.4543887972831726, 0.5456112027168274]","[0.49858221411705017, 0.5014177560806274]","[244, 256]",0.0,0.001119482098147273,0.006755019538104534
2469,120,14.0,14,16.512466430664062,nnknn,500,2071,734,746,92,1325,642,2,2,0.9687386666666666,0.9687386666666666,True,"[0.09935279935598373, 0.9006472229957581]","[0.4874752461910248, 0.5125247836112976]","[253, 247]",0.0,0.0011264554923400283,0.006357510574162006
2494,121,25.0,25,,nnknn,500,2071,734,746,92,1325,642,2,2,0.968422,0.968422,True,"[0.600612461566925, 0.39938753843307495]","[0.5031771659851074, 0.49682286381721497]","[253, 247]",0.0,0.0011264554923400283,0.006357510574162006
2511,122,17.0,17,,nnknn,500,2071,734,746,92,1325,642,2,2,0.9682066666666667,0.9682066666666667,True,"[0.5021999478340149, 0.4978000521659851]","[0.5000699162483215, 0.4999300539493561]","[253, 247]",0.0,0.0011264554923400283,0.006357510574162006
2521,123,10.0,10,,nnknn,500,2071,734,746,92,1325,642,2,2,0.96808,0.96808,True,"[0.6246566772460938, 0.37534335255622864]","[0.5039790272712708, 0.49602097272872925]","[253, 247]",0.0,0.0011264554923400283,0.006357510574162006
2541,124,20.0,20,11.76401424407959,nnknn,497,2144,766,779,92,1365,674,2,2,0.9678266666666666,0.9678266666666666,True,"[0.2766684591770172, 0.7233315706253052]","[0.49281468987464905, 0.5071853399276733]","[253, 244]",0.0,0.0011276082368567586,0.006739264354109764
2554,125,13.0,13,,nnknn,497,2144,766,779,92,1365,674,2,2,0.967662,0.967662,True,"[0.6887065768241882, 0.31129342317581177]","[0.5061023831367493, 0.49389761686325073]","[253, 244]",0.0,0.0011276082368567586,0.006739264354109764
2569,126,15.0,15,,nnknn,497,2144,766,779,92,1365,674,2,2,0.967472,0.967472,True,"[0.505327582359314, 0.49467241764068604]","[0.5001732707023621, 0.49982669949531555]","[253, 244]",0.0,0.0011276082368567586,0.006739264354109764
2590,127,21.0,21,,nnknn,497,2144,766,779,92,1365,674,2,2,0.967206,0.967206,True,"[0.6009615063667297, 0.39903852343559265]","[0.5033109188079834, 0.4966890811920166]","[253, 244]",0.0,0.0011276082368567586,0.006739264354109764
2601,128,11.0,11,10.02545166015625,nnknn,496,2197,798,804,92,1393,706,2,2,0.9670666666666666,0.9670666666666666,True,"[0.37566959857940674, 0.6243304014205933]","[0.4959053695201874, 0.5040946006774902]","[256, 240]",-2.3238826543092728e-06,0.0011247588554397225,0.0068189408630132675
2656,129,55.0,55,,nnknn,496,2197,798,804,92,1393,706,2,2,0.96637,0.96637,True,"[0.7013739943504333, 0.29862603545188904]","[0.5067722201347351, 0.4932277798652649]","[256, 240]",-2.3238826543092728e-06,0.0011247588554397225,0.0068189408630132675
2685,130,29.0,29,,nnknn,496,2197,798,804,92,1393,706,2,2,0.9660026666666667,0.9660026666666667,True,"[0.5196143984794617, 0.4803856313228607]","[0.5006668567657471, 0.4993331730365753]","[256, 240]",-2.3238826543092728e-06,0.0011247588554397225,0.0068189408630132675
2705,131,20.0,20,,nnknn,496,2197,798,804,92,1393,706,2,2,0.9657493333333333,0.9657493333333333,True,"[0.20702043175697327, 0.7929795980453491]","[0.4899652600288391, 0.5100347399711609]","[256, 240]",-2.3238826543092728e-06,0.0011247588554397225,0.0068189408630132675
2716,132,11.0,11,44.03287887573242,nnknn,500,2266,916,832,136,1434,780,2,2,0.96561,0.96561,True,"[0.47784915566444397, 0.5221508741378784]","[0.4992382228374481, 0.5007617473602295]","[251, 249]",0.0,0.0011657786089926958,0.0069475662894546986
2729,133,13.0,13,,nnknn,500,2266,916,832,136,1434,780,2,2,0.9654453333333334,0.9654453333333334,True,"[0.6990050673484802, 0.30099496245384216]","[0.506876528263092, 0.49312344193458557]","[251, 249]",0.0,0.0011657786089926958,0.0069475662894546986
2749,134,20.0,20,,nnknn,500,2266,916,832,136,1434,780,2,2,0.965192,0.965192,True,"[0.24623516201972961, 0.7537648677825928]","[0.49116694927215576, 0.5088330507278442]","[251, 249]",0.0,0.0011657786089926958,0.0069475662894546986
2763,135,14.0,14,,nnknn,500,2266,916,832,136,1434,780,2,2,0.9650146666666667,0.9650146666666667,True,"[0.0, 1.0]","[0.4825073480606079, 0.5174926519393921]","[251, 249]",0.0,0.0011657786089926958,0.0069475662894546986
2783,136,20.0,20,7.707226753234863,nnknn,498,2336,945,864,136,1472,809,2,2,0.9647613333333334,0.9647613333333334,True,"[0.6001070737838745, 0.3998928964138031]","[0.5035276412963867, 0.4964723587036133]","[245, 253]",0.0,0.001177040277980268,0.007447245996445417
2805,137,22.0,22,,nnknn,498,2336,945,864,136,1472,809,2,2,0.9644826666666667,0.9644826666666667,True,"[0.4065050184726715, 0.5934949517250061]","[0.49667930603027344, 0.5033206939697266]","[245, 253]",0.0,0.001177040277980268,0.007447245996445417
2823,138,18.0,18,,nnknn,498,2336,945,864,136,1472,809,2,2,0.9642546666666667,0.9642546666666667,True,"[0.39567723870277405, 0.6043227910995483]","[0.49627095460891724, 0.5037290453910828]","[245, 253]",0.0,0.001177040277980268,0.007447245996445417
2842,139,19.0,19,,nnknn,498,2336,945,864,136,1472,809,2,2,0.964014,0.964014,True,"[0.6937108039855957, 0.3062891960144043]","[0.5069708824157715, 0.4930291175842285]","[245, 253]",0.0,0.001177040277980268,0.007447245996445417
2864,140,22.0,22,6.554233551025391,nnknn,500,2415,990,902,141,1513,849,2,2,0.9637353333333334,0.9637353333333334,True,"[0.2002486288547516, 0.799751341342926]","[0.4891296327114105, 0.5108703970909119]","[258, 242]",0.0,0.0012301047099754214,0.00733213173225522
2874,141,10.0,10,,nnknn,500,2415,990,902,141,1513,849,2,2,0.9636086666666667,0.9636086666666667,True,"[0.507618248462677, 0.492381751537323]","[0.5002772212028503, 0.49972274899482727]","[258, 242]",0.0,0.0012301047099754214,0.00733213173225522
2934,142,60.0,60,,nnknn,500,2415,990,902,141,1513,849,2,2,0.9628486666666667,0.9628486666666667,True,"[0.902167022228241, 0.09783300757408142]","[0.5149410367012024, 0.4850589632987976]","[258, 242]",0.0,0.0012301047099754214,0.00733213173225522
2955,143,21.0,21,,nnknn,500,2415,990,902,141,1513,849,2,2,0.9625826666666667,0.9625826666666667,True,"[0.5971123576164246, 0.40288764238357544]","[0.5036336779594421, 0.49636632204055786]","[258, 242]",0.0,0.0012301047099754214,0.00733213173225522
2974,144,19.0,19,66.13895416259766,nnknn,500,2524,1058,961,149,1563,909,2,2,0.962342,0.962342,True,"[0.4998735785484314, 0.5001264214515686]","[0.49999523162841797, 0.500004768371582]","[253, 247]",0.0,0.0012530733365565538,0.007004584185779095
2988,145,14.0,14,,nnknn,500,2524,1058,961,149,1563,909,2,2,0.9621646666666667,0.9621646666666667,True,"[0.31091398000717163, 0.6890860199928284]","[0.4928458631038666, 0.507154107093811]","[253, 247]",0.0,0.0012530733365565538,0.007004584185779095
3016,146,28.0,28,,nnknn,500,2524,1058,961,149,1563,909,2,2,0.96181,0.96181,True,"[0.7839051485061646, 0.21609485149383545]","[0.5108423233032227, 0.48915764689445496]","[253, 247]",0.0,0.0012530733365565538,0.007004584185779095
3029,147,13.0,13,,nnknn,500,2524,1058,961,149,1563,909,2,2,0.9616453333333334,0.9616453333333334,True,"[0.9014779329299927, 0.09852205961942673]","[0.5153985619544983, 0.4846014380455017]","[253, 247]",0.0,0.0012530733365565538,0.007004584185779095
3040,148,11.0,11,15.768003463745117,nnknn,500,2571,1103,983,153,1588,950,2,2,0.961506,0.961506,True,"[0.14738839864730835, 0.8526116013526917]","[0.48642656207084656, 0.513573408126831]","[248, 252]",0.0,0.0012869721977040172,0.007333092391490936
3061,149,21.0,21,,nnknn,500,2571,1103,983,153,1588,950,2,2,0.96124,0.96124,True,"[0.5008970499038696, 0.49910297989845276]","[0.500034749507904, 0.49996522068977356]","[248, 252]",0.0,0.0012869721977040172,0.007333092391490936
3095,150,34.0,34,,nnknn,500,2571,1103,983,153,1588,950,2,2,0.9608093333333333,0.9608093333333333,True,"[0.0, 1.0]","[0.48040467500686646, 0.5195953249931335]","[248, 252]",0.0,0.0012869721977040172,0.007333092391490936
3109,151,14.0,14,,nnknn,500,2571,1103,983,153,1588,950,2,2,0.960632,0.960632,True,"[0.49630266427993774, 0.5036973357200623]","[0.4998544454574585, 0.5001455545425415]","[248, 252]",0.0,0.0012869721977040172,0.007333092391490936
3136,152,27.0,27,18.94593048095703,nnknn,500,2656,1168,1012,179,1644,989,3,3,0.96029,0.96029,True,"[0.0, 1.0]","[0.48014500737190247, 0.5198550224304199]","[247, 253]",0.0,0.001286540413275361,0.007219693157821894
3150,153,14.0,14,,nnknn,500,2656,1168,1012,179,1644,989,3,3,0.9601126666666666,0.9601126666666666,True,"[0.3945327699184418, 0.6054672598838806]","[0.4957931935787201, 0.5042067766189575]","[247, 253]",0.0,0.001286540413275361,0.007219693157821894
3181,154,31.0,31,,nnknn,500,2656,1168,1012,179,1644,989,3,3,0.95972,0.95972,True,"[0.6857269406318665, 0.31427308917045593]","[0.5074810981750488, 0.49251893162727356]","[247, 253]",0.0,0.001286540413275361,0.007219693157821894
3216,155,35.0,35,,nnknn,500,2656,1168,1012,179,1644,989,3,3,0.9592766666666667,0.9592766666666667,True,"[0.9028313755989075, 0.09716861695051193]","[0.5164046287536621, 0.4835953712463379]","[247, 253]",0.0,0.001286540413275361,0.007219693157821894
3232,156,16.0,16,27.37020492553711,nnknn,500,2750,1229,1062,188,1688,1041,3,3,0.959074,0.959074,True,"[1.0, 0.0]","[0.5204629898071289, 0.4795370101928711]","[250, 250]",0.0,0.0013098052004352212,0.007107654586434364
3255,157,23.0,23,,nnknn,500,2750,1229,1062,188,1688,1041,3,3,0.9587826666666667,0.9587826666666667,True,"[0.6640077233314514, 0.3359922468662262]","[0.5067599415779114, 0.49324002861976624]","[250, 250]",0.0,0.0013098052004352212,0.007107654586434364
3272,158,17.0,17,,nnknn,500,2750,1229,1062,188,1688,1041,3,3,0.9585673333333333,0.9585673333333333,True,"[0.6886223554611206, 0.3113776743412018]","[0.5078151226043701, 0.4921848773956299]","[250, 250]",0.0,0.0013098052004352212,0.007107654586434364
3296,159,24.0,24,,nnknn,500,2750,1229,1062,188,1688,1041,3,3,0.9582633333333334,0.9582633333333334,True,"[0.6604642271995544, 0.33953580260276794]","[0.5066972374916077, 0.49330276250839233]","[250, 250]",0.0,0.0013098052004352212,0.007107654586434364
3311,160,15.0,15,12.93477725982666,nnknn,500,2811,1277,1090,190,1721,1087,3,3,0.9580733333333333,0.9580733333333333,True,"[0.3002941310405731, 0.6997058987617493]","[0.4916270077228546, 0.5083730220794678]","[247, 253]",0.0,0.001336370245553553,0.0069969696924090385
3345,161,34.0,34,,nnknn,500,2811,1277,1090,190,1721,1087,3,3,0.9576426666666666,0.9576426666666666,True,"[0.6958694458007812, 0.30413058400154114]","[0.5082964897155762, 0.49170351028442383]","[247, 253]",0.0,0.001336370245553553,0.0069969696924090385
3357,162,12.0,12,,nnknn,500,2811,1277,1090,190,1721,1087,3,3,0.9574906666666667,0.9574906666666667,True,"[0.4062623083591461, 0.5937377214431763]","[0.4960152804851532, 0.5039847493171692]","[247, 253]",0.0,0.001336370245553553,0.0069969696924090385
3374,163,17.0,17,,nnknn,500,2811,1277,1090,190,1721,1087,3,3,0.9572753333333334,0.9572753333333334,True,"[0.5858503580093384, 0.414149671792984]","[0.503667950630188, 0.4963320791721344]","[247, 253]",0.0,0.001336370245553553,0.0069969696924090385
3403,164,29.0,29,14.136858940124512,nnknn,500,2869,1362,1118,213,1751,1149,3,3,0.956908,0.956908,True,"[0.6982495784759521, 0.30175042152404785]","[0.5085429549217224, 0.4914570152759552]","[247, 253]",0.0,0.0013912490103393793,0.0069034588523209095
3429,165,26.0,26,,nnknn,500,2869,1362,1118,213,1751,1149,3,3,0.9565786666666667,0.9565786666666667,True,"[0.0, 1.0]","[0.47828933596611023, 0.5217106342315674]","[247, 253]",0.0,0.0013912490103393793,0.0069034588523209095
3443,166,14.0,14,,nnknn,500,2869,1362,1118,213,1751,1149,3,3,0.9564013333333333,0.9564013333333333,True,"[0.5974292755126953, 0.4025707244873047]","[0.504247784614563, 0.495752215385437]","[247, 253]",0.0,0.0013912490103393793,0.0069034588523209095
3466,167,23.0,23,,nnknn,500,2869,1362,1118,213,1751,1149,3,3,0.95611,0.95611,True,"[0.6985617876052856, 0.30143821239471436]","[0.5087148547172546, 0.491285115480423]","[247, 253]",0.0,0.0013912490103393793,0.0069034588523209095
3478,168,12.0,12,10.476391792297363,nnknn,500,2932,1411,1143,225,1789,1186,3,3,0.955958,0.955958,True,"[0.6219171285629272, 0.37808290123939514]","[0.5053694844245911, 0.49463051557540894]","[245, 255]",0.0,0.0013916039606556296,0.007395087741315365
3498,169,20.0,20,,nnknn,500,2932,1411,1143,225,1789,1186,3,3,0.9557046666666666,0.9557046666666666,True,"[0.17429806292057037, 0.8257019519805908]","[0.4855729341506958, 0.5144270658493042]","[245, 255]",0.0,0.0013916039606556296,0.007395087741315365
3514,170,16.0,16,,nnknn,500,2932,1411,1143,225,1789,1186,3,3,0.955502,0.955502,True,"[0.5965397953987122, 0.40346020460128784]","[0.504295825958252, 0.49570417404174805]","[245, 255]",0.0,0.0013916039606556296,0.007395087741315365
3547,171,33.0,33,,nnknn,500,2932,1411,1143,225,1789,1186,3,3,0.955084,0.955084,True,"[0.22628402709960938, 0.7737159729003906]","[0.4877057671546936, 0.5122942328453064]","[245, 255]",0.0,0.0013916039606556296,0.007395087741315365
3573,172,26.0,26,20.859901428222656,nnknn,500,3001,1490,1182,239,1819,1251,3,3,0.9547546666666666,0.9547546666666666,True,"[0.20713286101818085, 0.792867124080658]","[0.4867491126060486, 0.5132508873939514]","[241, 259]",0.0,0.0014136823592707515,0.00728094857186079
3603,173,30.0,30,,nnknn,500,3001,1490,1182,239,1819,1251,3,3,0.9543746666666667,0.9543746666666667,True,"[0.499690443277359, 0.5003095865249634]","[0.49998587369918823, 0.5000141263008118]","[241, 259]",0.0,0.0014136823592707515,0.00728094857186079
3641,174,38.0,38,,nnknn,500,3001,1490,1182,239,1819,1251,3,3,0.9538933333333334,0.9538933333333334,True,"[0.39508092403411865, 0.6049190759658813]","[0.4951625168323517, 0.5048374533653259]","[241, 259]",0.0,0.0014136823592707515,0.00728094857186079
3653,175,12.0,12,,nnknn,500,3001,1490,1182,239,1819,1251,3,3,0.9537413333333333,0.9537413333333333,True,"[0.583318293094635, 0.4166817367076874]","[0.5038542151451111, 0.4961458146572113]","[241, 259]",0.0,0.0014136823592707515,0.00728094857186079
3666,176,13.0,13,29.15370750427246,nnknn,500,3080,1554,1225,246,1855,1308,3,3,0.9535766666666666,0.9535766666666666,True,"[0.5987619161605835, 0.4012380540370941]","[0.5045848488807678, 0.4954151511192322]","[241, 259]",0.0,0.0014573730295524001,0.007168173789978027
3682,177,16.0,16,,nnknn,500,3080,1554,1225,246,1855,1308,3,3,0.9533739999999999,0.9533739999999999,True,"[0.4076372981071472, 0.5923627614974976]","[0.49569350481033325, 0.5043064951896667]","[241, 259]",0.0,0.0014573730295524001,0.007168173789978027
3709,178,27.0,27,,nnknn,500,3080,1554,1225,246,1855,1308,3,3,0.953032,0.953032,True,"[0.6946514844894409, 0.30534854531288147]","[0.5091423988342285, 0.4908576011657715]","[241, 259]",0.0,0.0014573730295524001,0.007168173789978027
3722,179,13.0,13,,nnknn,500,3080,1554,1225,246,1855,1308,3,3,0.9528673333333333,0.9528673333333333,True,"[0.10378420352935791, 0.8962158560752869]","[0.48132529854774475, 0.5186747312545776]","[241, 259]",0.0,0.0014573730295524001,0.007168173789978027
3761,180,39.0,39,20.955251693725586,nnknn,500,3148,1637,1263,264,1885,1373,3,3,0.9523733333333333,0.9523733333333333,True,"[0.40428799390792847, 0.5957120060920715]","[0.4954415559768677, 0.5045584440231323]","[236, 264]",0.0,0.0014690534444525838,0.0071701472625136375
3771,181,10.0,10,,nnknn,500,3148,1637,1263,264,1885,1373,3,3,0.9522466666666667,0.9522466666666667,True,"[0.696942150592804, 0.30305787920951843]","[0.5094046592712402, 0.49059537053108215]","[236, 264]",0.0,0.0014690534444525838,0.0071701472625136375
3796,182,25.0,25,,nnknn,500,3148,1637,1263,264,1885,1373,3,3,0.9519299999999999,0.9519299999999999,True,"[0.2804889380931854, 0.7195110321044922]","[0.48944810032844543, 0.510551929473877]","[236, 264]",0.0,0.0014690534444525838,0.0071701472625136375
3807,183,11.0,11,,nnknn,500,3148,1637,1263,264,1885,1373,3,3,0.9517906666666667,0.9517906666666667,True,"[0.41495585441589355, 0.5850442051887512]","[0.49590009450912476, 0.5040999054908752]","[236, 264]",0.0,0.0014690534444525838,0.0071701472625136375
3822,184,15.0,15,15.77702522277832,nnknn,500,3192,1681,1286,268,1906,1413,3,3,0.9516006666666667,0.9516006666666667,True,"[0.0, 1.0]","[0.4758003354072571, 0.5241996645927429]","[234, 266]",0.0,0.00153054459951818,0.007670031860470772
3840,185,18.0,18,,nnknn,500,3192,1681,1286,268,1906,1413,3,3,0.9513726666666666,0.9513726666666666,True,"[0.9005853533744812, 0.09941466897726059]","[0.5194793939590454, 0.4805206060409546]","[234, 266]",0.0,0.00153054459951818,0.007670031860470772
3855,186,15.0,15,,nnknn,500,3192,1681,1286,268,1906,1413,3,3,0.9511826666666666,0.9511826666666666,True,"[0.20528589189052582, 0.794714093208313]","[0.4856128394603729, 0.5143871307373047]","[234, 266]",0.0,0.00153054459951818,0.007670031860470772
3869,187,14.0,14,,nnknn,500,3192,1681,1286,268,1906,1413,3,3,0.9510053333333334,0.9510053333333334,True,"[0.4921007454395294, 0.507899284362793]","[0.4996129870414734, 0.5003870129585266]","[234, 266]",0.0,0.00153054459951818,0.007670031860470772
3897,188,28.0,28,10.107292175292969,nnknn,488,3262,1725,1326,268,1936,1457,4,4,0.9506506666666666,0.9506506666666666,True,"[0.3049812316894531, 0.6950188279151917]","[0.49037596583366394, 0.5096240639686584]","[225, 263]",0.0,0.0015844224253669381,0.008169975131750107
3910,189,13.0,13,,nnknn,488,3262,1725,1326,268,1936,1457,4,4,0.9504859999999999,0.9504859999999999,True,"[0.5968390107154846, 0.40316101908683777]","[0.5047948956489563, 0.4952051043510437]","[225, 263]",0.0,0.0015844224253669381,0.008169975131750107
3925,190,15.0,15,,nnknn,488,3262,1725,1326,268,1936,1457,4,4,0.950296,0.950296,True,"[0.3017844557762146, 0.6982155442237854]","[0.4901478886604309, 0.5098521113395691]","[225, 263]",0.0,0.0015844224253669381,0.008169975131750107
3952,191,27.0,27,,nnknn,488,3262,1725,1326,268,1936,1457,4,4,0.949954,0.949954,True,"[0.698807954788208, 0.3011920750141144]","[0.5099495649337769, 0.49005046486854553]","[225, 263]",0.0,0.0015844224253669381,0.008169975131750107
3984,192,32.0,32,15.278242111206055,nnknn,500,3327,1784,1354,277,1973,1507,4,4,0.9495486666666667,0.9495486666666667,True,"[0.0, 1.0]","[0.4747743308544159, 0.5252256393432617]","[236, 264]",0.0,0.0015718417707830667,0.007670022547245026
4020,193,36.0,36,,nnknn,500,3327,1784,1354,277,1973,1507,4,4,0.9490926666666667,0.9490926666666667,True,"[0.30478158593177795, 0.6952183842658997]","[0.4900619685649872, 0.5099380612373352]","[236, 264]",0.0,0.0015718417707830667,0.007670022547245026
4035,194,15.0,15,,nnknn,500,3327,1784,1354,277,1973,1507,4,4,0.9489026666666667,0.9489026666666667,True,"[0.17714670300483704, 0.8228532671928406]","[0.4835030436515808, 0.5164969563484192]","[236, 264]",0.0,0.0015718417707830667,0.007670022547245026
4056,195,21.0,21,,nnknn,500,3327,1784,1354,277,1973,1507,4,4,0.9486366666666667,0.9486366666666667,True,"[0.5052610635757446, 0.49473893642425537]","[0.5002702474594116, 0.49972978234291077]","[236, 264]",0.0,0.0015718417707830667,0.007670022547245026
4067,196,11.0,11,16.06195068359375,nnknn,500,3379,1860,1375,302,2004,1558,5,5,0.9484973333333333,0.9484973333333333,True,"[0.08332571387290955, 0.9166743159294128]","[0.47854018211364746, 0.5214598178863525]","[238, 262]",0.0,0.0016010572435334325,0.008056259714066982
4089,197,22.0,22,,nnknn,500,3379,1860,1375,302,2004,1558,5,5,0.9482186666666667,0.9482186666666667,True,"[0.4088348150253296, 0.5911651849746704]","[0.49527934193611145, 0.5047206282615662]","[238, 262]",0.0,0.0016010572435334325,0.008056259714066982
4101,198,12.0,12,,nnknn,500,3379,1860,1375,302,2004,1558,5,5,0.9480666666666666,0.9480666666666666,True,"[0.2935922145843506, 0.7064078450202942]","[0.4892805516719818, 0.5107194781303406]","[238, 262]",0.0,0.0016010572435334325,0.008056259714066982
4126,199,25.0,25,,nnknn,500,3379,1860,1375,302,2004,1558,5,5,0.94775,0.94775,True,"[0.08040168881416321, 0.9195983409881592]","[0.4780759811401367, 0.5219240188598633]","[238, 262]",0.0,0.0016010572435334325,0.008056259714066982
4154,200,28.0,28,13.214472770690918,nnknn,500,3444,1930,1407,318,2037,1612,5,5,0.9473953333333334,0.9473953333333334,True,"[1.0, 0.0]","[0.5263023376464844, 0.4736976623535156]","[238, 262]",0.0,0.0016216557705774903,0.008556164801120758
4179,201,25.0,25,,nnknn,500,3444,1930,1407,318,2037,1612,5,5,0.9470786666666666,0.9470786666666666,True,"[0.29701393842697144, 0.7029860615730286]","[0.48925769329071045, 0.5107423067092896]","[238, 262]",0.0,0.0016216557705774903,0.008556164801120758
4207,202,28.0,28,,nnknn,500,3444,1930,1407,318,2037,1612,5,5,0.946724,0.946724,True,"[0.3215450048446655, 0.6784550547599792]","[0.49049264192581177, 0.5095073580741882]","[238, 262]",0.0,0.0016216557705774903,0.008556164801120758
4220,203,13.0,13,,nnknn,500,3444,1930,1407,318,2037,1612,5,5,0.9465593333333333,0.9465593333333333,True,"[0.21656383574008942, 0.7834361791610718]","[0.48485296964645386, 0.5151470303535461]","[238, 262]",0.0,0.0016216557705774903,0.008556164801120758
4240,204,20.0,20,15.192681312561035,nnknn,500,3503,2002,1433,337,2070,1665,5,5,0.946306,0.946306,True,"[0.2756426930427551, 0.7243573069572449]","[0.4879533648490906, 0.5120466351509094]","[236, 264]",0.0,0.0016408672090619802,0.008120573125779629
4279,205,39.0,39,,nnknn,500,3503,2002,1433,337,2070,1665,5,5,0.945812,0.945812,True,"[1.0, 0.0]","[0.5270940065383911, 0.4729059934616089]","[236, 264]",0.0,0.0016408672090619802,0.008120573125779629
4303,206,24.0,24,,nnknn,500,3503,2002,1433,337,2070,1665,5,5,0.945508,0.945508,True,"[0.39605510234832764, 0.6039448976516724]","[0.4943358302116394, 0.5056641697883606]","[236, 264]",0.0,0.0016408672090619802,0.008120573125779629
4325,207,22.0,22,,nnknn,500,3503,2002,1433,337,2070,1665,5,5,0.9452293333333334,0.9452293333333334,True,"[0.49314644932746887, 0.5068535208702087]","[0.499624639749527, 0.5003753900527954]","[236, 264]",0.0,0.0016408672090619802,0.008120573125779629
4334,208,9.0,9,20.47141456604004,nnknn,500,3564,2095,1459,371,2105,1724,5,5,0.9451153333333333,0.9451153333333333,True,"[0.47836217284202576, 0.5216378569602966]","[0.49881240725517273, 0.5011875629425049]","[235, 265]",0.0,0.0016523245722055435,0.008620377629995346
4344,209,10.0,10,,nnknn,500,3564,2095,1459,371,2105,1724,5,5,0.9449886666666667,0.9449886666666667,True,"[0.19587430357933044, 0.8041256666183472]","[0.4832696318626404, 0.5167303681373596]","[235, 265]",0.0,0.0016523245722055435,0.008620377629995346
4359,210,15.0,15,,nnknn,500,3564,2095,1459,371,2105,1724,5,5,0.9447986666666667,0.9447986666666667,True,"[0.9018891453742981, 0.0981108695268631]","[0.5221848487854004, 0.477815181016922]","[235, 265]",0.0,0.0016523245722055435,0.008620377629995346
4378,211,19.0,19,,nnknn,500,3564,2095,1459,371,2105,1724,5,5,0.944558,0.944558,True,"[0.8008490800857544, 0.199150949716568]","[0.5166796445846558, 0.48332032561302185]","[235, 265]",0.0,0.0016523245722055435,0.008620377629995346
4391,212,13.0,13,9.475801467895508,nnknn,496,3612,2126,1484,371,2128,1755,8,8,0.9443933333333333,0.9443933333333333,True,"[0.7902191281318665, 0.20978093147277832]","[0.5161381363868713, 0.48386189341545105]","[245, 251]",0.0,0.0016798052238300443,0.008492175489664078
4408,213,17.0,17,,nnknn,496,3612,2126,1484,371,2128,1755,8,8,0.944178,0.944178,True,"[0.9000555276870728, 0.09994444996118546]","[0.5223318934440613, 0.4776681065559387]","[245, 251]",0.0,0.0016798052238300443,0.008492175489664078
4427,214,19.0,19,,nnknn,496,3612,2126,1484,371,2128,1755,8,8,0.9439373333333333,0.9439373333333333,True,"[0.9006020426750183, 0.09939795732498169]","[0.5224587917327881, 0.4775411784648895]","[245, 251]",0.0,0.0016798052238300443,0.008492175489664078
4436,215,9.0,9,,nnknn,496,3612,2126,1484,371,2128,1755,8,8,0.9438233333333333,0.9438233333333333,True,"[0.40732523798942566, 0.5926747918128967]","[0.4947938323020935, 0.5052061676979065]","[245, 251]",0.0,0.0016798052238300443,0.008492175489664078
4446,216,10.0,10,7.661286354064941,nnknn,488,3667,2151,1509,371,2158,1780,8,8,0.9436966666666666,0.9436966666666666,True,"[0.8088098168373108, 0.1911901831626892]","[0.5173870325088501, 0.4826129674911499]","[236, 252]",0.0,0.001749510644003749,0.008992125280201435
4474,217,28.0,28,,nnknn,488,3667,2151,1509,371,2158,1780,8,8,0.943342,0.943342,True,"[0.10827606916427612, 0.8917239308357239]","[0.4778057038784027, 0.5221943259239197]","[236, 252]",0.0,0.001749510644003749,0.008992125280201435
4511,218,37.0,37,,nnknn,488,3667,2151,1509,371,2158,1780,8,8,0.9428733333333333,0.9428733333333333,True,"[0.4012377858161926, 0.5987622737884521]","[0.49435803294181824, 0.5056419372558594]","[236, 252]",0.0,0.001749510644003749,0.008992125280201435
4526,219,15.0,15,,nnknn,488,3667,2151,1509,371,2158,1780,8,8,0.9426833333333333,0.9426833333333333,True,"[0.510884165763855, 0.4891158640384674]","[0.5006238222122192, 0.4993761479854584]","[236, 252]",0.0,0.001749510644003749,0.008992125280201435
4542,220,16.0,16,28.358966827392578,nnknn,500,3732,2232,1537,393,2195,1839,8,8,0.9424806666666666,0.9424806666666666,True,"[0.7944201231002808, 0.205579936504364]","[0.516934871673584, 0.4830651581287384]","[252, 248]",0.0,0.0016847054939717054,0.008492815308272839
4595,221,53.0,53,,nnknn,500,3732,2232,1537,393,2195,1839,8,8,0.9418093333333333,0.9418093333333333,True,"[0.7973572611808777, 0.2026427686214447]","[0.5173034071922302, 0.4826965928077698]","[252, 248]",0.0,0.0016847054939717054,0.008492815308272839
4610,222,15.0,15,,nnknn,500,3732,2232,1537,393,2195,1839,8,8,0.9416193333333334,0.9416193333333334,True,"[0.7064045071601868, 0.2935955226421356]","[0.5120500326156616, 0.4879499673843384]","[252, 248]",0.0,0.0016847054939717054,0.008492815308272839
4638,223,28.0,28,,nnknn,500,3732,2232,1537,393,2195,1839,8,8,0.9412646666666666,0.9412646666666666,True,"[0.2155015766620636, 0.7844984531402588]","[0.483289897441864, 0.516710102558136]","[252, 248]",0.0,0.0016847054939717054,0.008492815308272839
4649,224,11.0,11,44.406883239746094,nnknn,500,3795,2339,1564,429,2231,1910,8,8,0.9411253333333334,0.9411253333333334,True,"[0.711342453956604, 0.28865760564804077]","[0.5124427080154419, 0.4875572919845581]","[256, 244]",0.0,0.0017099635442718863,0.008992745541036129
4661,225,12.0,12,,nnknn,500,3795,2339,1564,429,2231,1910,8,8,0.9409733333333333,0.9409733333333333,True,"[0.3101031482219696, 0.6898968815803528]","[0.48879101872444153, 0.5112089514732361]","[256, 244]",0.0,0.0017099635442718863,0.008992745541036129
4673,226,12.0,12,,nnknn,500,3795,2339,1564,429,2231,1910,8,8,0.9408213333333333,0.9408213333333333,True,"[0.28378257155418396, 0.7162173986434937]","[0.48720455169677734, 0.5127954483032227]","[256, 244]",0.0,0.0017099635442718863,0.008992745541036129
4693,227,20.0,20,,nnknn,500,3795,2339,1564,429,2231,1910,8,8,0.940568,0.940568,True,"[0.80055832862854, 0.19944168627262115]","[0.5178627967834473, 0.48213720321655273]","[256, 244]",0.0,0.0017099635442718863,0.008992745541036129
4708,228,15.0,15,7.7633280754089355,nnknn,497,3846,2369,1586,429,2260,1940,8,8,0.940378,0.940378,True,"[0.7070341110229492, 0.2929658889770508]","[0.5123437643051147, 0.48765620589256287]","[254, 243]",0.0,0.0017423494718968868,0.008860470727086067
4725,229,17.0,17,,nnknn,497,3846,2369,1586,429,2260,1940,8,8,0.9401626666666667,0.9401626666666667,True,"[0.5917769074440002, 0.40822309255599976]","[0.5054916739463806, 0.4945083260536194]","[254, 243]",0.0,0.0017423494718968868,0.008860470727086067
4743,230,18.0,18,,nnknn,497,3846,2369,1586,429,2260,1940,8,8,0.9399346666666667,0.9399346666666667,True,"[0.6926476955413818, 0.30735233426094055]","[0.51157146692276, 0.4884285628795624]","[254, 243]",0.0,0.0017423494718968868,0.008860470727086067
4760,231,17.0,17,,nnknn,497,3846,2369,1586,429,2260,1940,8,8,0.9397193333333334,0.9397193333333334,True,"[0.5929792523384094, 0.40702077746391296]","[0.5056048631668091, 0.4943951368331909]","[254, 243]",0.0,0.0017423494718968868,0.008860470727086067
4771,232,11.0,11,6.607479095458984,nnknn,500,3893,2403,1605,429,2288,1974,9,9,0.93958,0.93958,True,"[0.6594247817993164, 0.340575248003006]","[0.5096324682235718, 0.4903675615787506]","[255, 245]",0.0,0.0017526550218462944,0.008729050867259502
4785,233,14.0,14,,nnknn,500,3893,2403,1605,429,2288,1974,9,9,0.9394026666666666,0.9394026666666666,True,"[0.4813428819179535, 0.5186570882797241]","[0.4988694190979004, 0.5011305809020996]","[255, 245]",0.0,0.0017526550218462944,0.008729050867259502
4832,234,47.0,47,,nnknn,500,3893,2403,1605,429,2288,1974,9,9,0.9388073333333333,0.9388073333333333,True,"[0.4975803792476654, 0.5024195909500122]","[0.49985194206237793, 0.5001480579376221]","[255, 245]",0.0,0.0017526550218462944,0.008729050867259502
4860,235,28.0,28,,nnknn,500,3893,2403,1605,429,2288,1974,9,9,0.9384526666666667,0.9384526666666667,True,"[0.906017005443573, 0.09398297220468521]","[0.5249892473220825, 0.4750107228755951]","[255, 245]",0.0,0.0017526550218462944,0.008729050867259502
4878,236,18.0,18,31.993776321411133,nnknn,500,3962,2505,1633,465,2329,2040,9,9,0.9382246666666667,0.9382246666666667,True,"[0.2682144045829773, 0.7317855954170227]","[0.48568135499954224, 0.5143186450004578]","[263, 237]",0.0,0.0017905794084072113,0.008599651046097279
4902,237,24.0,24,,nnknn,500,3962,2505,1633,465,2329,2040,9,9,0.9379206666666666,0.9379206666666666,True,"[0.7853882312774658, 0.21461182832717896]","[0.5177167057991028, 0.4822832942008972]","[263, 237]",0.0,0.0017905794084072113,0.008599651046097279
4933,238,31.0,31,,nnknn,500,3962,2505,1633,465,2329,2040,9,9,0.937528,0.937528,True,"[0.8904021382331848, 0.10959786921739578]","[0.5243892073631287, 0.47561079263687134]","[263, 237]",0.0,0.0017905794084072113,0.008599651046097279
4948,239,15.0,15,,nnknn,500,3962,2505,1633,465,2329,2040,9,9,0.937338,0.937338,True,"[0.8013502359390259, 0.19864977896213531]","[0.518883228302002, 0.48111680150032043]","[263, 237]",0.0,0.0017905794084072113,0.008599651046097279
4967,240,19.0,19,12.12022876739502,nnknn,500,4027,2573,1663,480,2364,2093,10,10,0.9370973333333333,0.9370973333333333,True,"[0.30474090576171875, 0.6952590942382812]","[0.4877176880836487, 0.5122823119163513]","[264, 236]",0.0,0.0018376193474978209,0.008561416529119015
5000,241,33.0,33,,nnknn,500,4027,2573,1663,480,2364,2093,10,10,0.9366793333333333,0.9366793333333333,True,"[0.8049043416976929, 0.1950957179069519]","[0.5193067789077759, 0.4806932508945465]","[264, 236]",0.0,0.0018376193474978209,0.008561416529119015
5013,242,13.0,13,,nnknn,500,4027,2573,1663,480,2364,2093,10,10,0.9365146666666666,0.9365146666666666,True,"[0.7065939903259277, 0.29340600967407227]","[0.5131157040596008, 0.48688432574272156]","[264, 236]",0.0,0.0018376193474978209,0.008561416529119015
5036,243,23.0,23,,nnknn,500,4027,2573,1663,480,2364,2093,10,10,0.9362233333333333,0.9362233333333333,True,"[0.4171929657459259, 0.5828070044517517]","[0.49471884965896606, 0.5052811503410339]","[264, 236]",0.0,0.0018376193474978209,0.008561416529119015
5050,244,14.0,14,16.61269187927246,nnknn,500,4079,2644,1681,503,2398,2141,11,11,0.936046,0.936046,True,"[0.811316728591919, 0.18868328630924225]","[0.5199099779129028, 0.48009005188941956]","[267, 233]",0.0,0.001864414312876761,0.009061343036592007
5092,245,42.0,42,,nnknn,500,4079,2644,1681,503,2398,2141,11,11,0.935514,0.935514,True,"[0.9054892063140869, 0.09451081603765488]","[0.5261483788490295, 0.47385162115097046]","[267, 233]",0.0,0.001864414312876761,0.009061343036592007
5110,246,18.0,18,,nnknn,500,4079,2644,1681,503,2398,2141,11,11,0.9352860000000001,0.9352860000000001,True,"[0.41122370958328247, 0.5887763500213623]","[0.4942549169063568, 0.5057450532913208]","[267, 233]",0.0,0.001864414312876761,0.009061343036592007
5140,247,30.0,30,,nnknn,500,4079,2644,1681,503,2398,2141,11,11,0.934906,0.934906,True,"[0.40963661670684814, 0.5903633832931519]","[0.4941178858280182, 0.5058821439743042]","[267, 233]",0.0,0.001864414312876761,0.009061343036592007
5163,248,23.0,23,26.256343841552734,nnknn,500,4154,2757,1713,546,2441,2211,11,11,0.9346146666666667,0.9346146666666667,True,"[0.9048614501953125, 0.09513857215642929]","[0.5264720320701599, 0.4735279977321625]","[271, 229]",0.0,0.0019019561586901546,0.008853045292198658
5204,249,41.0,41,,nnknn,500,4154,2757,1713,546,2441,2211,11,11,0.9340953333333333,0.9340953333333333,True,"[0.7959787249565125, 0.20402133464813232]","[0.5195063948631287, 0.4804936349391937]","[271, 229]",0.0,0.0019019561586901546,0.008853045292198658
5219,250,15.0,15,,nnknn,500,4154,2757,1713,546,2441,2211,11,11,0.9339053333333334,0.9339053333333334,True,"[0.3869907557964325, 0.6130092740058899]","[0.4925307035446167, 0.5074692964553833]","[271, 229]",0.0,0.0019019561586901546,0.008853045292198658
5261,251,42.0,42,,nnknn,500,4154,2757,1713,546,2441,2211,11,11,0.9333733333333334,0.9333733333333334,True,"[0.9044800400733948, 0.09551994502544403]","[0.5269491672515869, 0.4730508327484131]","[271, 229]",0.0,0.0019019561586901546,0.008853045292198658
5274,252,13.0,13,37.29159164428711,nnknn,500,4206,2892,1737,599,2469,2293,12,12,0.9332086666666667,0.9332086666666667,True,"[0.8022419214248657, 0.19775807857513428]","[0.5201871395111084, 0.4798128604888916]","[272, 228]",0.0,0.0019220137037336826,0.009352993220090866
5309,253,35.0,35,,nnknn,500,4206,2892,1737,599,2469,2293,12,12,0.9327653333333333,0.9327653333333333,True,"[0.8053443431854248, 0.19465568661689758]","[0.5205297470092773, 0.47947025299072266]","[272, 228]",0.0,0.0019220137037336826,0.009352993220090866
5318,254,9.0,9,,nnknn,500,4206,2892,1737,599,2469,2293,12,12,0.9326513333333333,0.9326513333333333,True,"[0.2805209457874298, 0.7194790840148926]","[0.4852183759212494, 0.5147815942764282]","[272, 228]",0.0,0.0019220137037336826,0.009352993220090866
5332,255,14.0,14,,nnknn,500,4206,2892,1737,599,2469,2293,12,12,0.932474,0.932474,True,"[0.20661307871341705, 0.7933869361877441]","[0.4801887571811676, 0.5198112726211548]","[272, 228]",0.0,0.0019220137037336826,0.009352993220090866
5343,256,11.0,11,26.156635284423828,nnknn,500,4253,2949,1760,611,2493,2338,12,12,0.9323346666666666,0.9323346666666666,True,"[0.42066100239753723, 0.5793390274047852]","[0.49463149905204773, 0.5053684711456299]","[272, 228]",0.0,0.0019344254396855831,0.008853012695908546
5355,257,12.0,12,,nnknn,500,4253,2949,1760,611,2493,2338,12,12,0.9321826666666666,0.9321826666666666,True,"[0.20768363773822784, 0.7923163771629333]","[0.4801758825778961, 0.5198241472244263]","[272, 228]",0.0,0.0019344254396855831,0.008853012695908546
5421,258,66.0,66,,nnknn,500,4253,2949,1760,611,2493,2338,12,12,0.9313466666666667,0.9313466666666667,True,"[0.5080723166465759, 0.49192771315574646]","[0.5005542039871216, 0.4994457960128784]","[272, 228]",0.0,0.0019344254396855831,0.008853012695908546
5448,259,27.0,27,,nnknn,500,4253,2949,1760,611,2493,2338,12,12,0.9310046666666667,0.9310046666666667,True,"[0.12187734246253967, 0.8781226277351379]","[0.4739112854003906, 0.5260887145996094]","[272, 228]",0.0,0.0019344254396855831,0.008853012695908546
5463,260,15.0,15,64.81295776367188,nnknn,500,4321,3079,1785,664,2536,2415,12,12,0.9308146666666667,0.9308146666666667,True,"[0.7950276136398315, 0.20497235655784607]","[0.5204115509986877, 0.47958841919898987]","[273, 227]",0.0,0.0019306743051856756,0.00935298204421997
5491,261,28.0,28,,nnknn,500,4321,3079,1785,664,2536,2415,12,12,0.93046,0.93046,True,"[1.0, 0.0]","[0.5347700119018555, 0.46522998809814453]","[273, 227]",0.0,0.0019306743051856756,0.00935298204421997
5521,262,30.0,30,,nnknn,500,4321,3079,1785,664,2536,2415,12,12,0.93008,0.93008,True,"[1.0, 0.0]","[0.5349600315093994, 0.465039998292923]","[273, 227]",0.0,0.0019306743051856756,0.00935298204421997
5544,263,23.0,23,,nnknn,500,4321,3079,1785,664,2536,2415,12,12,0.9297886666666667,0.9297886666666667,True,"[0.43041181564331055, 0.5695881843566895]","[0.49511411786079407, 0.5048859119415283]","[273, 227]",0.0,0.0019306743051856756,0.00935298204421997
5559,264,15.0,15,16.97281265258789,nnknn,500,4381,3160,1816,678,2565,2482,12,12,0.9295986666666667,0.9295986666666667,True,"[0.9114534854888916, 0.088546521961689]","[0.5289668440818787, 0.47103312611579895]","[269, 231]",0.0,0.0019072646973654628,0.009852929040789604
5615,265,56.0,56,,nnknn,500,4381,3160,1816,678,2565,2482,12,12,0.9288893333333333,0.9288893333333333,True,"[0.09443449974060059, 0.9055655002593994]","[0.471159964799881, 0.5288400650024414]","[269, 231]",0.0,0.0019072646973654628,0.009852929040789604
5656,266,41.0,41,,nnknn,500,4381,3160,1816,678,2565,2482,12,12,0.92837,0.92837,True,"[0.4228627383708954, 0.5771372318267822]","[0.4944746494293213, 0.5055253505706787]","[269, 231]",0.0,0.0019072646973654628,0.009852929040789604
5676,267,20.0,20,,nnknn,500,4381,3160,1816,678,2565,2482,12,12,0.9281166666666667,0.9281166666666667,True,"[0.5976556539535522, 0.40234440565109253]","[0.5070198178291321, 0.4929801821708679]","[269, 231]",0.0,0.0019072646973654628,0.009852929040789604
5697,268,21.0,21,56.88604736328125,nnknn,500,4459,3303,1860,717,2599,2586,12,12,0.9278506666666667,0.9278506666666667,True,"[0.698127031326294, 0.30187296867370605]","[0.5142947435379028, 0.48570525646209717]","[260, 240]",0.0,0.001966665266081691,0.009353404864668846
5713,269,16.0,16,,nnknn,500,4459,3303,1860,717,2599,2586,12,12,0.927648,0.927648,True,"[0.4019795358181, 0.5980204343795776]","[0.4929080307483673, 0.5070919990539551]","[260, 240]",0.0,0.001966665266081691,0.009353404864668846
5737,270,24.0,24,,nnknn,500,4459,3303,1860,717,2599,2586,12,12,0.927344,0.927344,True,"[0.19633515179157257, 0.8036648631095886]","[0.47793692350387573, 0.5220630764961243]","[260, 240]",0.0,0.001966665266081691,0.009353404864668846
5752,271,15.0,15,,nnknn,500,4459,3303,1860,717,2599,2586,12,12,0.927154,0.927154,True,"[0.7596943378448486, 0.24030572175979614]","[0.5189176797866821, 0.48108232021331787]","[260, 240]",0.0,0.001966665266081691,0.009353404864668846
5770,272,18.0,18,8.896095275878906,nnknn,499,4499,3359,1885,717,2614,2642,14,14,0.926926,0.926926,True,"[0.39795294404029846, 0.6020470857620239]","[0.4925430119037628, 0.5074570178985596]","[251, 248]",-8.573988452553749e-08,0.0019663411658257246,0.009853395633399487
5790,273,20.0,20,,nnknn,499,4499,3359,1885,717,2614,2642,14,14,0.9266726666666667,0.9266726666666667,True,"[0.463827908039093, 0.5361721515655518]","[0.4973475933074951, 0.5026524066925049]","[251, 248]",-8.573988452553749e-08,0.0019663411658257246,0.009853395633399487
5806,274,16.0,16,,nnknn,499,4499,3359,1885,717,2614,2642,14,14,0.92647,0.92647,True,"[0.10157997161149979, 0.8984200358390808]","[0.47070416808128357, 0.529295802116394]","[251, 248]",-8.573988452553749e-08,0.0019663411658257246,0.009853395633399487
5817,275,11.0,11,,nnknn,499,4499,3359,1885,717,2614,2642,14,14,0.9263306666666666,0.9263306666666666,True,"[0.4569155275821686, 0.5430845022201538]","[0.4968259930610657, 0.5031740069389343]","[251, 248]",-8.573988452553749e-08,0.0019663411658257246,0.009853395633399487
5829,276,12.0,12,10.246051788330078,nnknn,499,4550,3392,1910,717,2640,2675,14,14,0.9261786666666667,0.9261786666666667,True,"[0.5344061851501465, 0.4655938148498535]","[0.5025399327278137, 0.49746009707450867]","[250, 249]",-1.3059470802545547e-06,0.001930766855366528,0.009353469125926495
5847,277,18.0,18,,nnknn,499,4550,3392,1910,717,2640,2675,14,14,0.9259506666666667,0.9259506666666667,True,"[0.7032347321510315, 0.2967652678489685]","[0.515049397945404, 0.48495060205459595]","[250, 249]",-1.3059470802545547e-06,0.001930766855366528,0.009353469125926495
5883,278,36.0,36,,nnknn,499,4550,3392,1910,717,2640,2675,14,14,0.9254946666666667,0.9254946666666667,True,"[0.3145714998245239, 0.6854285001754761]","[0.48618459701538086, 0.5138154029846191]","[250, 249]",-1.3059470802545547e-06,0.001930766855366528,0.009353469125926495
5900,279,17.0,17,,nnknn,499,4550,3392,1910,717,2640,2675,14,14,0.9252793333333333,0.9252793333333333,True,"[0.7044417858123779, 0.29555824398994446]","[0.5152760148048401, 0.4847239851951599]","[250, 249]",-1.3059470802545547e-06,0.001930766855366528,0.009353469125926495
5924,280,24.0,24,20.122407913208008,nnknn,500,4598,3490,1928,750,2670,2740,14,14,0.9249753333333334,0.9249753333333334,True,"[0.6950367093086243, 0.3049633204936981]","[0.5146325826644897, 0.48536744713783264]","[252, 248]",0.0,0.0019420366734266281,0.009464256465435028
5942,281,18.0,18,,nnknn,500,4598,3490,1928,750,2670,2740,14,14,0.9247473333333334,0.9247473333333334,True,"[0.7888919115066528, 0.21110805869102478]","[0.5217399001121521, 0.4782600998878479]","[252, 248]",0.0,0.0019420366734266281,0.009464256465435028
5957,282,15.0,15,,nnknn,500,4598,3490,1928,750,2670,2740,14,14,0.9245573333333333,0.9245573333333333,True,"[0.45827579498291016, 0.5417242050170898]","[0.49685221910476685, 0.5031477808952332]","[252, 248]",0.0,0.0019420366734266281,0.009464256465435028
5968,283,11.0,11,,nnknn,500,4598,3490,1928,750,2670,2740,14,14,0.924418,0.924418,True,"[0.7949227094650269, 0.20507732033729553]","[0.522290825843811, 0.4777091443538666]","[252, 248]",0.0,0.0019420366734266281,0.009464256465435028
5978,284,10.0,10,11.846564292907715,nnknn,488,4648,3518,1952,750,2696,2768,14,14,0.9242913333333334,0.9242913333333334,True,"[0.7825779914855957, 0.21742205321788788]","[0.5213935971260071, 0.4786064028739929]","[250, 238]",0.0,0.0019779137801378965,0.009353485889732838
6032,285,54.0,54,,nnknn,488,4648,3518,1952,750,2696,2768,14,14,0.9236073333333333,0.9236073333333333,True,"[0.1091783419251442, 0.8908216953277588]","[0.4701440930366516, 0.5298559069633484]","[250, 238]",0.0,0.0019779137801378965,0.009353485889732838
6050,286,18.0,18,,nnknn,488,4648,3518,1952,750,2696,2768,14,14,0.9233793333333333,0.9233793333333333,True,"[0.6044698357582092, 0.39553019404411316]","[0.5080045461654663, 0.4919954538345337]","[250, 238]",0.0,0.0019779137801378965,0.009353485889732838
6061,287,11.0,11,,nnknn,488,4648,3518,1952,750,2696,2768,14,14,0.9232400000000001,0.9232400000000001,True,"[0.7014032602310181, 0.2985967695713043]","[0.5154597163200378, 0.48454028367996216]","[250, 238]",0.0,0.0019779137801378965,0.009353485889732838
6094,288,33.0,33,47.51473617553711,nnknn,500,4716,3627,1977,786,2739,2841,14,14,0.922822,0.922822,True,"[0.60301274061203, 0.39698725938796997]","[0.5079503059387207, 0.4920496940612793]","[254, 246]",0.0,0.0019652326591312885,0.009853284806013107
6110,289,16.0,16,,nnknn,500,4716,3627,1977,786,2739,2841,14,14,0.9226193333333333,0.9226193333333333,True,"[0.801064133644104, 0.19893592596054077]","[0.5232965350151062, 0.4767034649848938]","[254, 246]",0.0,0.0019652326591312885,0.009853284806013107
6127,290,17.0,17,,nnknn,500,4716,3627,1977,786,2739,2841,14,14,0.922404,0.922404,True,"[0.10049083828926086, 0.8995091915130615]","[0.4689996838569641, 0.5310003161430359]","[254, 246]",0.0,0.0019652326591312885,0.009853284806013107
6148,291,21.0,21,,nnknn,500,4716,3627,1977,786,2739,2841,14,14,0.922138,0.922138,True,"[0.8925358653068542, 0.10746411979198456]","[0.5305636525154114, 0.4694363474845886]","[254, 246]",0.0,0.0019652326591312885,0.009853284806013107
6164,292,16.0,16,10.902204513549805,nnknn,500,4772,3671,1993,800,2779,2871,14,14,0.9219353333333333,0.9219353333333333,True,"[0.5926656126976013, 0.4073343873023987]","[0.5072339177131653, 0.4927660822868347]","[256, 244]",0.0,0.0019988948479294777,0.010353256948292255
6190,293,26.0,26,,nnknn,500,4772,3671,1993,800,2779,2871,14,14,0.921606,0.921606,True,"[1.0, 0.0]","[0.5391969680786133, 0.46080300211906433]","[256, 244]",0.0,0.0019988948479294777,0.010353256948292255
6202,294,12.0,12,,nnknn,500,4772,3671,1993,800,2779,2871,14,14,0.921454,0.921454,True,"[0.4975678622722626, 0.5024321675300598]","[0.4998089671134949, 0.5001910328865051]","[256, 244]",0.0,0.0019988948479294777,0.010353256948292255
6219,295,17.0,17,,nnknn,500,4772,3671,1993,800,2779,2871,14,14,0.9212386666666667,0.9212386666666667,True,"[0.0962802991271019, 0.9037197232246399]","[0.46820250153541565, 0.5317975282669067]","[256, 244]",0.0,0.0019988948479294777,0.010353256948292255
6238,296,19.0,19,12.46536636352539,nnknn,500,4824,3727,2006,824,2818,2903,17,17,0.920998,0.920998,True,"[0.7901323437690735, 0.2098676860332489]","[0.5229210257530212, 0.47707897424697876]","[257, 243]",0.0,0.002028845716267824,0.010178943164646626
6285,297,47.0,47,,nnknn,500,4824,3727,2006,824,2818,2903,17,17,0.9204026666666667,0.9204026666666667,True,"[0.7019894123077393, 0.29801055788993835]","[0.5160778164863586, 0.48392218351364136]","[257, 243]",0.0,0.002028845716267824,0.010178943164646626
6303,298,18.0,18,,nnknn,500,4824,3727,2006,824,2818,2903,17,17,0.9201746666666667,0.9201746666666667,True,"[0.8980252742767334, 0.101974718272686]","[0.5317724943161011, 0.4682275056838989]","[257, 243]",0.0,0.002028845716267824,0.010178943164646626
6339,299,36.0,36,,nnknn,500,4824,3727,2006,824,2818,2903,17,17,0.9197186666666667,0.9197186666666667,True,"[0.9019689559936523, 0.09803105145692825]","[0.532270610332489, 0.467729389667511]","[257, 243]",0.0,0.002028845716267824,0.010178943164646626
6351,300,12.0,12,34.90361785888672,nnknn,500,4890,3842,2028,870,2862,2972,17,17,0.9195666666666666,0.9195666666666666,True,"[0.7883011102676392, 0.21169887483119965]","[0.5231890082359314, 0.4768109917640686]","[261, 239]",0.0,0.002034969162195921,0.010353272780776024
6381,301,30.0,30,,nnknn,500,4890,3842,2028,870,2862,2972,17,17,0.9191866666666667,0.9191866666666667,True,"[0.6939674019813538, 0.306032657623291]","[0.5156751275062561, 0.4843248426914215]","[261, 239]",0.0,0.002034969162195921,0.010353272780776024
6416,302,35.0,35,,nnknn,500,4890,3842,2028,870,2862,2972,17,17,0.9187433333333334,0.9187433333333334,True,"[0.6954734325408936, 0.30452656745910645]","[0.5158835053443909, 0.48411646485328674]","[261, 239]",0.0,0.002034969162195921,0.010353272780776024
6462,303,46.0,46,,nnknn,500,4890,3842,2028,870,2862,2972,17,17,0.9181606666666666,0.9181606666666666,True,"[0.48519840836524963, 0.5148016214370728]","[0.49878865480422974, 0.5012113451957703]","[261, 239]",0.0,0.002034969162195921,0.010353272780776024
6473,304,11.0,11,34.21379852294922,nnknn,500,4952,3975,2046,927,2906,3048,19,19,0.9180213333333334,0.9180213333333334,True,"[0.7101250886917114, 0.2898749113082886]","[0.5172258019447327, 0.4827742278575897]","[268, 232]",0.0,0.002104918472468853,0.010533942840993404
6493,305,20.0,20,,nnknn,500,4952,3975,2046,927,2906,3048,19,19,0.917768,0.917768,True,"[0.209560364484787, 0.7904396057128906]","[0.4761165678501129, 0.5238834619522095]","[268, 232]",0.0,0.002104918472468853,0.010533942840993404
6507,306,14.0,14,,nnknn,500,4952,3975,2046,927,2906,3048,19,19,0.9175906666666667,0.9175906666666667,True,"[0.7878400087356567, 0.21215996146202087]","[0.5237206816673279, 0.47627928853034973]","[268, 232]",0.0,0.002104918472468853,0.010533942840993404
6520,307,13.0,13,,nnknn,500,4952,3975,2046,927,2906,3048,19,19,0.917426,0.917426,True,"[0.5725553035736084, 0.4274447560310364]","[0.5059911608695984, 0.4940088391304016]","[268, 232]",0.0,0.002104918472468853,0.010533942840993404
6532,308,12.0,12,15.708990097045898,nnknn,500,4989,4013,2058,932,2931,3081,20,20,0.917274,0.917274,True,"[0.8897304534912109, 0.11026956140995026]","[0.5322408676147461, 0.4677591621875763]","[269, 231]",0.0,0.002104746177792549,0.010385719127953053
6581,309,49.0,49,,nnknn,500,4989,4013,2058,932,2931,3081,20,20,0.9166533333333333,0.9166533333333333,True,"[0.6883230805397034, 0.31167691946029663]","[0.515696108341217, 0.48430389165878296]","[269, 231]",0.0,0.002104746177792549,0.010385719127953053
6626,310,45.0,45,,nnknn,500,4989,4013,2058,932,2931,3081,20,20,0.9160833333333334,0.9160833333333334,True,"[0.10121248662471771, 0.8987875580787659]","[0.4665350914001465, 0.5334649085998535]","[269, 231]",0.0,0.002104746177792549,0.010385719127953053
6641,311,15.0,15,,nnknn,500,4989,4013,2058,932,2931,3081,20,20,0.9158933333333333,0.9158933333333333,True,"[0.791520893573761, 0.208479106426239]","[0.5245188474655151, 0.47548115253448486]","[269, 231]",0.0,0.002104746177792549,0.010385719127953053
6684,312,43.0,43,58.20856857299805,nnknn,500,5051,4207,2083,1011,2968,3196,20,20,0.9153486666666667,0.9153486666666667,True,"[0.49427011609077454, 0.5057299137115479]","[0.49951496720314026, 0.5004850625991821]","[270, 230]",0.0,0.0021036763209849596,0.010238968767225742
6701,313,17.0,17,,nnknn,500,5051,4207,2083,1011,2968,3196,20,20,0.9151333333333334,0.9151333333333334,True,"[0.6324848532676697, 0.3675151765346527]","[0.5112435221672058, 0.4887564480304718]","[270, 230]",0.0,0.0021036763209849596,0.010238968767225742
6732,314,31.0,31,,nnknn,500,5051,4207,2083,1011,2968,3196,20,20,0.9147406666666666,0.9147406666666666,True,"[1.0, 0.0]","[0.5426296591758728, 0.4573703408241272]","[270, 230]",0.0,0.0021036763209849596,0.010238968767225742
6753,315,21.0,21,,nnknn,500,5051,4207,2083,1011,2968,3196,20,20,0.9144746666666667,0.9144746666666667,True,"[0.0, 1.0]","[0.4572373330593109, 0.5427626371383667]","[270, 230]",0.0,0.0021036763209849596,0.010238968767225742
6764,316,11.0,11,14.592000961303711,nnknn,500,5086,4296,2091,1047,2995,3249,20,20,0.9143353333333333,0.9143353333333333,True,"[0.8914285898208618, 0.10857141762971878]","[0.5335316061973572, 0.4664683938026428]","[265, 235]",0.0,0.002110494999215007,0.010738495737314224
6794,317,30.0,30,,nnknn,500,5086,4296,2091,1047,2995,3249,20,20,0.9139553333333333,0.9139553333333333,True,"[1.0, 0.0]","[0.5430223345756531, 0.4569776654243469]","[265, 235]",0.0,0.002110494999215007,0.010738495737314224
6821,318,27.0,27,,nnknn,500,5086,4296,2091,1047,2995,3249,20,20,0.9136133333333334,0.9136133333333334,True,"[1.0, 0.0]","[0.5431933403015137, 0.45680665969848633]","[265, 235]",0.0,0.002110494999215007,0.010738495737314224
6848,319,27.0,27,,nnknn,500,5086,4296,2091,1047,2995,3249,20,20,0.9132713333333333,0.9132713333333333,True,"[1.0, 0.0]","[0.5433643460273743, 0.45663565397262573]","[265, 235]",0.0,0.002110494999215007,0.010738495737314224
6866,320,18.0,18,12.971665382385254,nnknn,500,5138,4401,2110,1084,3028,3317,21,21,0.9130433333333333,0.9130433333333333,True,"[0.5280147790908813, 0.47198522090911865]","[0.5024360418319702, 0.4975639283657074]","[270, 230]",0.0,0.002120179822668433,0.010588258504867554
6877,321,11.0,11,,nnknn,500,5138,4401,2110,1084,3028,3317,21,21,0.9129039999999999,0.9129039999999999,True,"[0.6014319658279419, 0.3985680043697357]","[0.5088343024253845, 0.4911656975746155]","[270, 230]",0.0,0.002120179822668433,0.010588258504867554
6904,322,27.0,27,,nnknn,500,5138,4401,2110,1084,3028,3317,21,21,0.912562,0.912562,True,"[0.6952197551727295, 0.3047802746295929]","[0.5170696377754211, 0.48293039202690125]","[270, 230]",0.0,0.002120179822668433,0.010588258504867554
6918,323,14.0,14,,nnknn,500,5138,4401,2110,1084,3028,3317,21,21,0.9123846666666666,0.9123846666666666,True,"[0.8995663523674011, 0.10043367743492126]","[0.5350081324577332, 0.46499186754226685]","[270, 230]",0.0,0.002120179822668433,0.010588258504867554
6950,324,32.0,32,19.589773178100586,nnknn,500,5192,4481,2130,1114,3062,3367,21,21,0.9119793333333334,0.9119793333333334,True,"[0.5222424268722534, 0.47775763273239136]","[0.5019577741622925, 0.4980422258377075]","[275, 225]",0.0,0.0021254229359328747,0.010353198274970055
6981,325,31.0,31,,nnknn,500,5192,4481,2130,1114,3062,3367,21,21,0.9115866666666667,0.9115866666666667,True,"[0.893865168094635, 0.1061348244547844]","[0.534822940826416, 0.465177059173584]","[275, 225]",0.0,0.0021254229359328747,0.010353198274970055
6997,326,16.0,16,,nnknn,500,5192,4481,2130,1114,3062,3367,21,21,0.911384,0.911384,True,"[0.7460580468177795, 0.25394198298454285]","[0.521804690361023, 0.47819530963897705]","[275, 225]",0.0,0.0021254229359328747,0.010353198274970055
7068,327,71.0,71,,nnknn,500,5192,4481,2130,1114,3062,3367,21,21,0.9104846666666666,0.9104846666666666,True,"[0.5977244973182678, 0.4022755026817322]","[0.5087478160858154, 0.4912521541118622]","[275, 225]",0.0,0.0021254229359328747,0.010353198274970055
7108,328,40.0,40,55.397212982177734,nnknn,500,5250,4694,2153,1205,3097,3489,22,22,0.909978,0.909978,True,"[1.0, 0.0]","[0.545011043548584, 0.4549889862537384]","[280, 220]",0.0,0.0021507698111236095,0.010853116400539875
7127,329,19.0,19,,nnknn,500,5250,4694,2153,1205,3097,3489,22,22,0.9097373333333333,0.9097373333333333,True,"[0.09487297385931015, 0.9051270484924316]","[0.4634321630001068, 0.5365678668022156]","[280, 220]",0.0,0.0021507698111236095,0.010853116400539875
7157,330,30.0,30,,nnknn,500,5250,4694,2153,1205,3097,3489,22,22,0.9093573333333334,0.9093573333333334,True,"[0.09460488706827164, 0.9053950905799866]","[0.4632538855075836, 0.536746084690094]","[280, 220]",0.0,0.0021507698111236095,0.010853116400539875
7191,331,34.0,34,,nnknn,500,5250,4694,2153,1205,3097,3489,22,22,0.9089266666666667,0.9089266666666667,True,"[0.10555335879325867, 0.8944466710090637]","[0.464076429605484, 0.5359236001968384]","[280, 220]",0.0,0.0021507698111236095,0.010853116400539875
7206,332,15.0,15,30.78481674194336,nnknn,500,5293,4800,2173,1236,3120,3564,22,22,0.9087366666666666,0.9087366666666666,True,"[0.7682952880859375, 0.23170475661754608]","[0.5244855284690857, 0.4755144715309143]","[271, 229]",0.0,0.002156099071726203,0.011344284750521183
7233,333,27.0,27,,nnknn,500,5293,4800,2173,1236,3120,3564,22,22,0.9083946666666667,0.9083946666666667,True,"[0.0, 1.0]","[0.45419734716415405, 0.545802652835846]","[271, 229]",0.0,0.002156099071726203,0.011344284750521183
7257,334,24.0,24,,nnknn,500,5293,4800,2173,1236,3120,3564,22,22,0.9080906666666667,0.9080906666666667,True,"[0.7894158363342285, 0.21058420836925507]","[0.5266000032424927, 0.4733999967575073]","[271, 229]",0.0,0.002156099071726203,0.011344284750521183
7299,335,42.0,42,,nnknn,500,5293,4800,2173,1236,3120,3564,22,22,0.9075586666666666,0.9075586666666666,True,"[0.4889639914035797, 0.5110359787940979]","[0.4989798069000244, 0.5010201930999756]","[271, 229]",0.0,0.002156099071726203,0.011344284750521183
7322,336,23.0,23,31.812576293945312,nnknn,500,5332,4948,2190,1290,3142,3658,22,22,0.9072673333333333,0.9072673333333333,True,"[0.0, 1.0]","[0.4536336660385132, 0.5463663339614868]","[268, 232]",0.0,0.0021460079587996006,0.010844329372048378
7336,337,14.0,14,,nnknn,500,5332,4948,2190,1290,3142,3658,22,22,0.90709,0.90709,True,"[1.0, 0.0]","[0.5464550256729126, 0.4535450041294098]","[268, 232]",0.0,0.0021460079587996006,0.010844329372048378
7359,338,23.0,23,,nnknn,500,5332,4948,2190,1290,3142,3658,22,22,0.9067986666666666,0.9067986666666666,True,"[1.0, 0.0]","[0.5466006994247437, 0.45339933037757874]","[268, 232]",0.0,0.0021460079587996006,0.010844329372048378
7373,339,14.0,14,,nnknn,500,5332,4948,2190,1290,3142,3658,22,22,0.9066213333333333,0.9066213333333333,True,"[0.8925293684005737, 0.10747065395116806]","[0.5366538763046265, 0.46334612369537354]","[268, 232]",0.0,0.0021460079587996006,0.010844329372048378
7398,340,25.0,25,13.079699516296387,nnknn,500,5350,5029,2195,1308,3155,3721,22,22,0.9063046666666666,0.9063046666666666,True,"[0.6659972071647644, 0.3340027928352356]","[0.5155531764030457, 0.48444682359695435]","[271, 229]",0.0,0.0021294276230037212,0.0113443024456501
7421,341,23.0,23,,nnknn,500,5350,5029,2195,1308,3155,3721,22,22,0.9060133333333333,0.9060133333333333,True,"[0.531337559223175, 0.4686625003814697]","[0.5029453039169312, 0.49705469608306885]","[271, 229]",0.0,0.0021294276230037212,0.0113443024456501
7461,342,40.0,40,,nnknn,500,5350,5029,2195,1308,3155,3721,22,22,0.9055066666666667,0.9055066666666667,True,"[0.4265693724155426, 0.573430597782135]","[0.4930613040924072, 0.5069386959075928]","[271, 229]",0.0,0.0021294276230037212,0.0113443024456501
7509,343,48.0,48,,nnknn,500,5350,5029,2195,1308,3155,3721,22,22,0.9048986666666666,0.9048986666666666,True,"[0.4756784737110138, 0.5243215560913086]","[0.4976869821548462, 0.5023130178451538]","[271, 229]",0.0,0.0021294276230037212,0.0113443024456501
7541,344,32.0,32,31.38972282409668,nnknn,500,5384,5242,2213,1394,3171,3848,22,22,0.9044933333333334,0.9044933333333334,True,"[0.43256843090057373, 0.5674315690994263]","[0.4935598373413086, 0.5064401626586914]","[271, 229]",0.0,0.002158475574105978,0.010845565237104893
7590,345,49.0,49,,nnknn,500,5384,5242,2213,1394,3171,3848,22,22,0.9038726666666667,0.9038726666666667,True,"[0.0, 1.0]","[0.4519363343715668, 0.5480636358261108]","[271, 229]",0.0,0.002158475574105978,0.010845565237104893
7621,346,31.0,31,,nnknn,500,5384,5242,2213,1394,3171,3848,22,22,0.9034800000000001,0.9034800000000001,True,"[0.20289495587348938, 0.7971050143241882]","[0.4713234305381775, 0.5286765694618225]","[271, 229]",0.0,0.002158475574105978,0.010845565237104893
7634,347,13.0,13,,nnknn,500,5384,5242,2213,1394,3171,3848,22,22,0.9033153333333334,0.9033153333333334,True,"[1.0, 0.0]","[0.5483423471450806, 0.45165765285491943]","[271, 229]",0.0,0.002158475574105978,0.010845565237104893
7647,348,13.0,13,32.330543518066406,nnknn,500,5414,5373,2226,1437,3188,3936,23,23,0.9031506666666667,0.9031506666666667,True,"[0.6703948378562927, 0.3296051621437073]","[0.5165026187896729, 0.48349738121032715]","[268, 232]",0.0,0.002170122228562832,0.011345555074512959
7701,349,54.0,54,,nnknn,500,5414,5373,2226,1437,3188,3936,23,23,0.9024666666666666,0.9024666666666666,True,"[0.10112720727920532, 0.8988727927207947]","[0.4610966145992279, 0.5389034152030945]","[268, 232]",0.0,0.002170122228562832,0.011345555074512959
7791,350,90.0,90,,nnknn,500,5414,5373,2226,1437,3188,3936,23,23,0.9013266666666666,0.9013266666666666,True,"[0.21432648599147797, 0.7856734991073608]","[0.4718116521835327, 0.5281883478164673]","[268, 232]",0.0,0.002170122228562832,0.011345555074512959
7811,351,20.0,20,,nnknn,500,5414,5373,2226,1437,3188,3936,23,23,0.9010733333333334,0.9010733333333334,True,"[0.2059711217880249, 0.7940289378166199]","[0.4709126949310303, 0.5290873050689697]","[268, 232]",0.0,0.002170122228562832,0.011345555074512959
7852,352,41.0,41,83.27322387695312,nnknn,500,5467,5668,2242,1566,3225,4102,25,25,0.900554,0.900554,True,"[0.30551382899284363, 0.694486141204834]","[0.4806591272354126, 0.5193408727645874]","[263, 237]",0.0,0.002206277335062623,0.011100427247583866
7868,353,16.0,16,,nnknn,500,5467,5668,2242,1566,3225,4102,25,25,0.9003513333333333,0.9003513333333333,True,"[1.0, 0.0]","[0.5498243570327759, 0.4501756727695465]","[263, 237]",0.0,0.002206277335062623,0.011100427247583866
7890,354,22.0,22,,nnknn,500,5467,5668,2242,1566,3225,4102,25,25,0.9000726666666666,0.9000726666666666,True,"[0.0, 1.0]","[0.45003634691238403, 0.549963653087616]","[263, 237]",0.0,0.002206277335062623,0.011100427247583866
7920,355,30.0,30,,nnknn,500,5467,5668,2242,1566,3225,4102,25,25,0.8996926666666667,0.8996926666666667,True,"[0.7922698855400085, 0.20773011445999146]","[0.529316782951355, 0.47068318724632263]","[263, 237]",0.0,0.002206277335062623,0.011100427247583866
7936,356,16.0,16,13.325166702270508,nnknn,500,5516,5735,2263,1579,3253,4156,27,27,0.89949,0.89949,True,"[0.4883961081504822, 0.5116038918495178]","[0.49883368611335754, 0.5011662840843201]","[265, 235]",0.0,0.0021725771948695183,0.010946683585643768
7965,357,29.0,29,,nnknn,500,5516,5735,2263,1579,3253,4156,27,27,0.8991226666666666,0.8991226666666666,True,"[0.8888336420059204, 0.11116639524698257]","[0.5392245054244995, 0.4607754945755005]","[265, 235]",0.0,0.0021725771948695183,0.010946683585643768
7981,358,16.0,16,,nnknn,500,5516,5735,2263,1579,3253,4156,27,27,0.8989199999999999,0.8989199999999999,True,"[1.0, 0.0]","[0.5505399703979492, 0.4494599997997284]","[265, 235]",0.0,0.0021725771948695183,0.010946683585643768
8004,359,23.0,23,,nnknn,500,5516,5735,2263,1579,3253,4156,27,27,0.8986286666666666,0.8986286666666666,True,"[0.4308544993400574, 0.5691455006599426]","[0.4929906129837036, 0.5070093870162964]","[265, 235]",0.0,0.0021725771948695183,0.010946683585643768
8018,360,14.0,14,12.671632766723633,nnknn,500,5558,5802,2276,1594,3282,4208,28,28,0.8984513333333334,0.8984513333333334,True,"[0.0, 1.0]","[0.44922566413879395, 0.550774335861206]","[261, 239]",0.0,0.0022347273770719767,0.011443592607975006
8053,361,35.0,35,,nnknn,500,5558,5802,2276,1594,3282,4208,28,28,0.898008,0.898008,True,"[0.0, 1.0]","[0.44900399446487427, 0.5509960055351257]","[261, 239]",0.0,0.0022347273770719767,0.011443592607975006
8064,362,11.0,11,,nnknn,500,5558,5802,2276,1594,3282,4208,28,28,0.8978686666666666,0.8978686666666666,True,"[0.7879113554954529, 0.2120886594057083]","[0.5294047594070435, 0.47059524059295654]","[261, 239]",0.0,0.0022347273770719767,0.011443592607975006
8099,363,35.0,35,,nnknn,500,5558,5802,2276,1594,3282,4208,28,28,0.8974253333333333,0.8974253333333333,True,"[1.0, 0.0]","[0.5512872934341431, 0.44871267676353455]","[261, 239]",0.0,0.0022347273770719767,0.011443592607975006
8131,364,32.0,32,36.159889221191406,nnknn,500,5597,5945,2285,1654,3312,4291,28,28,0.89702,0.89702,True,"[0.09976423531770706, 0.9002357721328735]","[0.45878371596336365, 0.541216254234314]","[263, 237]",0.0,0.002250388730317354,0.011345624923706055
8146,365,15.0,15,,nnknn,500,5597,5945,2285,1654,3312,4291,28,28,0.89683,0.89683,True,"[0.0, 1.0]","[0.44841501116752625, 0.5515849590301514]","[263, 237]",0.0,0.002250388730317354,0.011345624923706055
8160,366,14.0,14,,nnknn,500,5597,5945,2285,1654,3312,4291,28,28,0.8966526666666667,0.8966526666666667,True,"[0.6927456259727478, 0.3072544038295746]","[0.519919753074646, 0.480080246925354]","[263, 237]",0.0,0.002250388730317354,0.011345624923706055
8178,367,18.0,18,,nnknn,500,5597,5945,2285,1654,3312,4291,28,28,0.8964246666666666,0.8964246666666666,True,"[0.89203280210495, 0.10796723514795303]","[0.5406049489974976, 0.45939508080482483]","[263, 237]",0.0,0.002250388730317354,0.011345624923706055
8204,368,26.0,26,10.815104484558105,nnknn,500,5626,6012,2296,1666,3330,4346,28,28,0.8960953333333334,0.8960953333333334,True,"[0.0, 1.0]","[0.4480476677417755, 0.5519523620605469]","[258, 242]",0.0,0.0022723020520061255,0.011382467113435268
8247,369,43.0,43,,nnknn,500,5626,6012,2296,1666,3330,4346,28,28,0.8955506666666666,0.8955506666666666,True,"[0.8966770768165588, 0.10332293808460236]","[0.5414326786994934, 0.458567351102829]","[258, 242]",0.0,0.0022723020520061255,0.011382467113435268
8280,370,33.0,33,,nnknn,500,5626,6012,2296,1666,3330,4346,28,28,0.8951326666666667,0.8951326666666667,True,"[0.48944833874702454, 0.5105516910552979]","[0.49889346957206726, 0.5011065006256104]","[258, 242]",0.0,0.0022723020520061255,0.011382467113435268
8303,371,23.0,23,,nnknn,500,5626,6012,2296,1666,3330,4346,28,28,0.8948413333333334,0.8948413333333334,True,"[0.42152589559555054, 0.5784741044044495]","[0.49174776673316956, 0.5082522630691528]","[258, 242]",0.0,0.0022723020520061255,0.011382467113435268
8323,372,20.0,20,26.512643814086914,nnknn,500,5672,6157,2317,1717,3355,4440,28,28,0.8945879999999999,0.8945879999999999,True,"[0.9060453176498413, 0.09395469725131989]","[0.5428020358085632, 0.45719796419143677]","[256, 244]",0.0,0.002246429678052664,0.011345712468028069
8338,373,15.0,15,,nnknn,500,5672,6157,2317,1717,3355,4440,28,28,0.894398,0.894398,True,"[0.4168420135974884, 0.583158016204834]","[0.49121835827827454, 0.5087816715240479]","[256, 244]",0.0,0.002246429678052664,0.011345712468028069
8385,374,47.0,47,,nnknn,500,5672,6157,2317,1717,3355,4440,28,28,0.8938026666666666,0.8938026666666666,True,"[0.0, 1.0]","[0.4469013214111328, 0.5530986785888672]","[256, 244]",0.0,0.002246429678052664,0.011345712468028069
8411,375,26.0,26,,nnknn,500,5672,6157,2317,1717,3355,4440,28,28,0.8934733333333333,0.8934733333333333,True,"[1.0, 0.0]","[0.5532633066177368, 0.4467366635799408]","[256, 244]",0.0,0.002246429678052664,0.011345712468028069
8445,376,34.0,34,24.598682403564453,nnknn,500,5722,6299,2336,1768,3386,4531,28,28,0.8930426666666667,0.8930426666666667,True,"[1.0, 0.0]","[0.5534786581993103, 0.4465213418006897]","[257, 243]",0.0,0.0022956314496695995,0.011382515542209148
8529,377,84.0,84,,nnknn,500,5722,6299,2336,1768,3386,4531,28,28,0.8919786666666667,0.8919786666666667,True,"[1.0, 0.0]","[0.5540106296539307, 0.44598934054374695]","[257, 243]",0.0,0.0022956314496695995,0.011382515542209148
8554,378,25.0,25,,nnknn,500,5722,6299,2336,1768,3386,4531,28,28,0.891662,0.891662,True,"[0.4435907006263733, 0.5564092993736267]","[0.4938887357711792, 0.5061112642288208]","[257, 243]",0.0,0.0022956314496695995,0.011382515542209148
8568,379,14.0,14,,nnknn,500,5722,6299,2336,1768,3386,4531,28,28,0.8914846666666667,0.8914846666666667,True,"[0.897236168384552, 0.1027638390660286]","[0.543106198310852, 0.45689380168914795]","[257, 243]",0.0,0.0022956314496695995,0.011382515542209148
8595,380,27.0,27,73.22307586669922,nnknn,500,5763,6506,2356,1846,3407,4660,28,28,0.8911426666666666,0.8911426666666666,True,"[0.8801952004432678, 0.11980481445789337]","[0.5413870215415955, 0.45861297845840454]","[255, 245]",0.0,0.0023413037415593863,0.011881816200911999
8609,381,14.0,14,,nnknn,500,5763,6506,2356,1846,3407,4660,28,28,0.8909653333333334,0.8909653333333334,True,"[0.20976272225379944, 0.790237307548523]","[0.46835407614707947, 0.5316458940505981]","[255, 245]",0.0,0.0023413037415593863,0.011881816200911999
8622,382,13.0,13,,nnknn,500,5763,6506,2356,1846,3407,4660,28,28,0.8908006666666667,0.8908006666666667,True,"[0.0, 1.0]","[0.44540032744407654, 0.5545996427536011]","[255, 245]",0.0,0.0023413037415593863,0.011881816200911999
8638,383,16.0,16,,nnknn,500,5763,6506,2356,1846,3407,4660,28,28,0.890598,0.890598,True,"[0.10722355544567108, 0.8927764892578125]","[0.45702946186065674, 0.5429705381393433]","[255, 245]",0.0,0.0023413037415593863,0.011881816200911999
8656,384,18.0,18,14.302682876586914,nnknn,500,5780,6566,2360,1858,3420,4708,28,28,0.89037,0.89037,True,"[0.300883412361145, 0.699116587638855]","[0.47817084193229675, 0.5218291282653809]","[254, 246]",0.0,0.0023147135507315397,0.011720736511051655
8675,385,19.0,19,,nnknn,500,5780,6566,2360,1858,3420,4708,28,28,0.8901293333333333,0.8901293333333333,True,"[0.0, 1.0]","[0.4450646638870239, 0.5549353361129761]","[254, 246]",0.0,0.0023147135507315397,0.011720736511051655
8703,386,28.0,28,,nnknn,500,5780,6566,2360,1858,3420,4708,28,28,0.8897746666666667,0.8897746666666667,True,"[1.0, 0.0]","[0.5551126599311829, 0.44488734006881714]","[254, 246]",0.0,0.0023147135507315397,0.011720736511051655
8720,387,17.0,17,,nnknn,500,5780,6566,2360,1858,3420,4708,28,28,0.8895593333333334,0.8895593333333334,True,"[0.10098815709352493, 0.8990118503570557]","[0.4559328556060791, 0.5440671443939209]","[254, 246]",0.0,0.0023147135507315397,0.011720736511051655
8740,388,20.0,20,9.334311485290527,nnknn,500,5815,6641,2367,1877,3448,4764,28,28,0.889306,0.889306,True,"[0.10350358486175537, 0.8964964151382446]","[0.45611023902893066, 0.5438897609710693]","[258, 242]",0.0,0.002290361560881138,0.011561143212020397
8762,389,22.0,22,,nnknn,500,5815,6641,2367,1877,3448,4764,28,28,0.8890273333333334,0.8890273333333334,True,"[1.0, 0.0]","[0.5554863214492798, 0.4445136785507202]","[258, 242]",0.0,0.002290361560881138,0.011561143212020397
8791,390,29.0,29,,nnknn,500,5815,6641,2367,1877,3448,4764,28,28,0.88866,0.88866,True,"[0.3080746531486511, 0.6919254064559937]","[0.47863101959228516, 0.5213689804077148]","[258, 242]",0.0,0.002290361560881138,0.011561143212020397
8806,391,15.0,15,,nnknn,500,5815,6641,2367,1877,3448,4764,28,28,0.88847,0.88847,True,"[0.902612566947937, 0.09738746285438538]","[0.5449033975601196, 0.45509663224220276]","[258, 242]",0.0,0.002290361560881138,0.011561143212020397
8814,392,8.0,8,16.018936157226562,nnknn,500,5861,6703,2382,1896,3479,4807,28,28,0.8883686666666667,0.8883686666666667,True,"[0.3186846077442169, 0.6813154220581055]","[0.4797595143318176, 0.5202404856681824]","[260, 240]",0.0,0.0022718957625329494,0.011403036303818226
8851,393,37.0,37,,nnknn,500,5861,6703,2382,1896,3479,4807,28,28,0.8879,0.8879,True,"[0.5460346937179565, 0.45396530628204346]","[0.5051605105400085, 0.49483951926231384]","[260, 240]",0.0,0.0022718957625329494,0.011403036303818226
8876,394,25.0,25,,nnknn,500,5861,6703,2382,1896,3479,4807,28,28,0.8875833333333334,0.8875833333333334,True,"[0.41152074933052063, 0.588479220867157]","[0.4900534451007843, 0.5099465250968933]","[260, 240]",0.0,0.0022718957625329494,0.011403036303818226
8893,395,17.0,17,,nnknn,500,5861,6703,2382,1896,3479,4807,28,28,0.887368,0.887368,True,"[0.41350874304771423, 0.5864912867546082]","[0.4902583062648773, 0.5097416639328003]","[260, 240]",0.0,0.0022718957625329494,0.011403036303818226
8910,396,17.0,17,19.029932022094727,nnknn,500,5899,6800,2404,1913,3495,4887,28,28,0.8871526666666667,0.8871526666666667,True,"[0.7840570211410522, 0.21594303846359253]","[0.5320550799369812, 0.4679449200630188]","[257, 243]",0.0,0.0022722117137163877,0.011901088058948517
9037,397,127.0,127,,nnknn,500,5899,6800,2404,1913,3495,4887,28,28,0.885544,0.885544,True,"[0.30106121301651, 0.69893878698349]","[0.4772302508354187, 0.5227697491645813]","[257, 243]",0.0,0.0022722117137163877,0.011901088058948517
9059,398,22.0,22,,nnknn,500,5899,6800,2404,1913,3495,4887,28,28,0.8852653333333333,0.8852653333333333,True,"[0.7823438048362732, 0.2176562249660492]","[0.5323946475982666, 0.4676053822040558]","[257, 243]",0.0,0.0022722117137163877,0.011901088058948517
9091,399,32.0,32,,nnknn,500,5899,6800,2404,1913,3495,4887,28,28,0.88486,0.88486,True,"[0.10176118463277817, 0.8982388377189636]","[0.45414677262306213, 0.5458532571792603]","[257, 243]",0.0,0.0022722117137163877,0.011901088058948517
9123,400,32.0,32,92.41758728027344,nnknn,500,5957,7124,2424,2062,3533,5062,28,28,0.8844546666666666,0.8844546666666666,True,"[0.6856955289840698, 0.3143044412136078]","[0.521456241607666, 0.478543758392334]","[259, 241]",0.0,0.0022738033439964056,0.011739831417798996
9156,401,33.0,33,,nnknn,500,5957,7124,2424,2062,3533,5062,28,28,0.8840366666666667,0.8840366666666667,True,"[0.10275530815124512, 0.8972446918487549]","[0.4539341926574707, 0.5460658073425293]","[259, 241]",0.0,0.0022738033439964056,0.011739831417798996
9177,402,21.0,21,,nnknn,500,5957,7124,2424,2062,3533,5062,28,28,0.8837706666666667,0.8837706666666667,True,"[0.10407472401857376, 0.8959252834320068]","[0.45398184657096863, 0.546018123626709]","[259, 241]",0.0,0.0022738033439964056,0.011739831417798996
9192,403,15.0,15,,nnknn,500,5957,7124,2424,2062,3533,5062,28,28,0.8835806666666667,0.8835806666666667,True,"[0.1033429205417633, 0.8966570496559143]","[0.45382145047187805, 0.5461785197257996]","[259, 241]",0.0,0.0022738033439964056,0.011739831417798996
9203,404,11.0,11,17.770238876342773,nnknn,500,5977,7211,2430,2083,3547,5128,28,28,0.8834413333333333,0.8834413333333333,True,"[0.32408127188682556, 0.6759187579154968]","[0.4794951379299164, 0.5205048322677612]","[254, 246]",0.0,0.002299426356330514,0.0122397905215621
9235,405,32.0,32,,nnknn,500,5977,7211,2430,2083,3547,5128,28,28,0.883036,0.883036,True,"[0.0, 1.0]","[0.44151800870895386, 0.5584819912910461]","[254, 246]",0.0,0.002299426356330514,0.0122397905215621
9253,406,18.0,18,,nnknn,500,5977,7211,2430,2083,3547,5128,28,28,0.882808,0.882808,True,"[0.7450695037841797, 0.2549304962158203]","[0.5287202000617981, 0.4712798297405243]","[254, 246]",0.0,0.002299426356330514,0.0122397905215621
9341,407,88.0,88,,nnknn,500,5977,7211,2430,2083,3547,5128,28,28,0.8816933333333333,0.8816933333333333,True,"[0.09904707968235016, 0.900952935218811]","[0.4525645971298218, 0.5474354028701782]","[254, 246]",0.0,0.002299426356330514,0.0122397905215621
9367,408,26.0,26,77.99002075195312,nnknn,500,6012,7464,2445,2192,3567,5272,28,28,0.881364,0.881364,True,"[0.8953520059585571, 0.10464800149202347]","[0.5469030141830444, 0.45309701561927795]","[261, 239]",0.0,0.0023009225260466337,0.011739878915250301
9392,409,25.0,25,,nnknn,500,6012,7464,2445,2192,3567,5272,28,28,0.8810473333333333,0.8810473333333333,True,"[0.19647936522960663, 0.8035206198692322]","[0.46389541029930115, 0.5361046195030212]","[261, 239]",0.0,0.0023009225260466337,0.011739878915250301
9440,410,48.0,48,,nnknn,500,6012,7464,2445,2192,3567,5272,28,28,0.8804393333333334,0.8804393333333334,True,"[0.09290465712547302, 0.9070953130722046]","[0.4513274133205414, 0.5486725568771362]","[261, 239]",0.0,0.0023009225260466337,0.011739878915250301
9458,411,18.0,18,,nnknn,500,6012,7464,2445,2192,3567,5272,28,28,0.8802113333333333,0.8802113333333333,True,"[0.0, 1.0]","[0.440105676651001, 0.559894323348999]","[261, 239]",0.0,0.0023009225260466337,0.011739878915250301
9480,412,22.0,22,48.13557815551758,nnknn,500,6059,7595,2462,2240,3597,5355,28,28,0.8799326666666667,0.8799326666666667,True,"[0.21014812588691711, 0.7898519039154053]","[0.46519824862480164, 0.534801721572876]","[256, 244]",0.0,0.002278183586895466,0.0122397905215621
9493,413,13.0,13,,nnknn,500,6059,7595,2462,2240,3597,5355,28,28,0.879768,0.879768,True,"[0.8003241419792175, 0.19967587292194366]","[0.5361085534095764, 0.4638914465904236]","[256, 244]",0.0,0.002278183586895466,0.0122397905215621
9534,414,41.0,41,,nnknn,500,6059,7595,2462,2240,3597,5355,28,28,0.8792486666666667,0.8792486666666667,True,"[0.33068007230758667, 0.6693199276924133]","[0.4795543849468231, 0.5204455852508545]","[256, 244]",0.0,0.002278183586895466,0.0122397905215621
9583,415,49.0,49,,nnknn,500,6059,7595,2462,2240,3597,5355,28,28,0.878628,0.878628,True,"[0.6671915650367737, 0.3328084647655487]","[0.5202924013137817, 0.47970762848854065]","[256, 244]",0.0,0.002278183586895466,0.0122397905215621
9604,416,21.0,21,41.332698822021484,nnknn,500,6096,7755,2483,2292,3613,5463,28,28,0.878362,0.878362,True,"[0.7988706231117249, 0.20112934708595276]","[0.5363540053367615, 0.46364596486091614]","[251, 249]",0.0,0.00229167309589684,0.012738981284201145
9631,417,27.0,27,,nnknn,500,6096,7755,2483,2292,3613,5463,28,28,0.87802,0.87802,True,"[0.7999730110168457, 0.2000269889831543]","[0.5365906953811646, 0.46340927481651306]","[251, 249]",0.0,0.00229167309589684,0.012738981284201145
9653,418,22.0,22,,nnknn,500,6096,7755,2483,2292,3613,5463,28,28,0.8777413333333334,0.8777413333333334,True,"[0.30145731568336487, 0.6985427141189575]","[0.4757264256477356, 0.5242735743522644]","[251, 249]",0.0,0.00229167309589684,0.012738981284201145
9692,419,39.0,39,,nnknn,500,6096,7755,2483,2292,3613,5463,28,28,0.8772473333333334,0.8772473333333334,True,"[0.9003186821937561, 0.09968134760856628]","[0.549140214920044, 0.45085981488227844]","[251, 249]",0.0,0.00229167309589684,0.012738981284201145
9722,420,30.0,30,23.512706756591797,nnknn,500,6148,7886,2504,2336,3644,5550,28,28,0.8768673333333333,0.8768673333333333,True,"[0.8889532089233398, 0.11104679107666016]","[0.5478928089141846, 0.45210716128349304]","[250, 250]",0.0,0.0022688033059239388,0.012570204213261604
9736,421,14.0,14,,nnknn,500,6148,7886,2504,2336,3644,5550,28,28,0.87669,0.87669,True,"[0.20119673013687134, 0.7988033294677734]","[0.46315455436706543, 0.5368454456329346]","[250, 250]",0.0,0.0022688033059239388,0.012570204213261604
9822,422,86.0,86,,nnknn,500,6148,7886,2504,2336,3644,5550,28,28,0.8756006666666667,0.8756006666666667,True,"[0.5990627408027649, 0.4009372293949127]","[0.5123233199119568, 0.4876766502857208]","[250, 250]",0.0,0.0022688033059239388,0.012570204213261604
9840,423,18.0,18,,nnknn,500,6148,7886,2504,2336,3644,5550,28,28,0.8753726666666667,0.8753726666666667,True,"[0.0, 1.0]","[0.43768632411956787, 0.5623136758804321]","[250, 250]",0.0,0.0022688033059239388,0.012570204213261604
9891,424,51.0,51,84.54635620117188,nnknn,500,6196,8128,2522,2440,3674,5688,29,29,0.8747266666666667,0.8747266666666667,True,"[0.6788620352745056, 0.3211379945278168]","[0.5224066376686096, 0.4775933623313904]","[249, 251]",0.0,0.0023007981944829226,0.013070073910057545
9986,425,95.0,95,,nnknn,500,6196,8128,2522,2440,3674,5688,29,29,0.8735233333333333,0.8735233333333333,True,"[1.0, 0.0]","[0.5632383227348328, 0.43676167726516724]","[249, 251]",0.0,0.0023007981944829226,0.013070073910057545
9999,426,13.0,13,,nnknn,500,6196,8128,2522,2440,3674,5688,29,29,0.8733586666666666,0.8733586666666666,True,"[0.8993674516677856, 0.10063257813453674]","[0.5505764484405518, 0.44942358136177063]","[249, 251]",0.0,0.0023007981944829226,0.013070073910057545
10037,427,38.0,38,,nnknn,500,6196,8128,2522,2440,3674,5688,29,29,0.8728773333333333,0.8728773333333333,True,"[0.8925892114639282, 0.10741083323955536]","[0.5499069690704346, 0.45009303092956543]","[249, 251]",0.0,0.0023007981944829226,0.013070073910057545
10051,428,14.0,14,86.82079315185547,nnknn,500,6247,8348,2545,2528,3702,5820,29,29,0.8727,0.8727,True,"[0.7236745953559875, 0.27632537484169006]","[0.5284737944602966, 0.47152620553970337]","[254, 246]",0.0,0.0023135580122470856,0.012570621445775032
10092,429,41.0,41,,nnknn,500,6247,8348,2545,2528,3702,5820,29,29,0.8721806666666667,0.8721806666666667,True,"[0.30177080631256104, 0.698229193687439]","[0.4746624827384949, 0.5253375172615051]","[254, 246]",0.0,0.0023135580122470856,0.012570621445775032
10123,430,31.0,31,,nnknn,500,6247,8348,2545,2528,3702,5820,29,29,0.871788,0.871788,True,"[0.8985483050346375, 0.10145170986652374]","[0.551098644733429, 0.44890132546424866]","[254, 246]",0.0,0.0023135580122470856,0.012570621445775032
10138,431,15.0,15,,nnknn,500,6247,8348,2545,2528,3702,5820,29,29,0.871598,0.871598,True,"[0.7795180678367615, 0.2204819619655609]","[0.5358906984329224, 0.4641093313694]","[254, 246]",0.0,0.0023135580122470856,0.012570621445775032
10160,432,22.0,22,36.864784240722656,nnknn,500,6275,8493,2556,2582,3719,5911,30,30,0.8713193333333333,0.8713193333333333,True,"[0.8903329968452454, 0.10966706275939941]","[0.5502282977104187, 0.4497717022895813]","[256, 244]",0.0,0.0023040056694298983,0.012403327971696854
10192,433,32.0,32,,nnknn,500,6275,8493,2556,2582,3719,5911,30,30,0.870914,0.870914,True,"[1.0, 0.0]","[0.5645430088043213, 0.4354569911956787]","[256, 244]",0.0,0.0023040056694298983,0.012403327971696854
10238,434,46.0,46,,nnknn,500,6275,8493,2556,2582,3719,5911,30,30,0.8703313333333333,0.8703313333333333,True,"[0.2048817276954651, 0.7951183319091797]","[0.461732417345047, 0.5382676124572754]","[256, 244]",0.0,0.0023040056694298983,0.012403327971696854
10282,435,44.0,44,,nnknn,500,6275,8493,2556,2582,3719,5911,30,30,0.869774,0.869774,True,"[0.6588823795318604, 0.3411176800727844]","[0.5206906199455261, 0.4793093800544739]","[256, 244]",0.0,0.0023040056694298983,0.012403327971696854
10296,436,14.0,14,32.39432144165039,nnknn,500,6323,8672,2576,2654,3747,6018,31,31,0.8695966666666667,0.8695966666666667,True,"[1.0, 0.0]","[0.5652016401290894, 0.43479833006858826]","[257, 243]",0.0,0.002362977946177125,0.012902496382594109
10337,437,41.0,41,,nnknn,500,6323,8672,2576,2654,3747,6018,31,31,0.8690773333333334,0.8690773333333334,True,"[0.48929497599601746, 0.5107049942016602]","[0.49859845638275146, 0.5014015436172485]","[257, 243]",0.0,0.002362977946177125,0.012902496382594109
10355,438,18.0,18,,nnknn,500,6323,8672,2576,2654,3747,6018,31,31,0.8688493333333334,0.8688493333333334,True,"[1.0, 0.0]","[0.565575361251831, 0.43442466855049133]","[257, 243]",0.0,0.002362977946177125,0.012902496382594109
10377,439,22.0,22,,nnknn,500,6323,8672,2576,2654,3747,6018,31,31,0.8685706666666666,0.8685706666666666,True,"[1.0, 0.0]","[0.5657146573066711, 0.43428534269332886]","[257, 243]",0.0,0.002362977946177125,0.012902496382594109
10413,440,36.0,36,32.03119659423828,nnknn,500,6364,8811,2591,2705,3773,6106,34,34,0.8681146666666667,0.8681146666666667,True,"[0.30604878067970276, 0.6939512491226196]","[0.4744206666946411, 0.5255793333053589]","[257, 243]",0.0,0.0023817147593945265,0.012732289731502533
10443,441,30.0,30,,nnknn,500,6364,8811,2591,2705,3773,6106,34,34,0.8677346666666667,0.8677346666666667,True,"[0.0, 1.0]","[0.43386733531951904, 0.566132664680481]","[257, 243]",0.0,0.0023817147593945265,0.012732289731502533
10474,442,31.0,31,,nnknn,500,6364,8811,2591,2705,3773,6106,34,34,0.8673420000000001,0.8673420000000001,True,"[0.0, 1.0]","[0.4336709976196289, 0.5663290023803711]","[257, 243]",0.0,0.0023817147593945265,0.012732289731502533
10491,443,17.0,17,,nnknn,500,6364,8811,2591,2705,3773,6106,34,34,0.8671266666666666,0.8671266666666666,True,"[0.0, 1.0]","[0.43356332182884216, 0.5664366483688354]","[257, 243]",0.0,0.0023817147593945265,0.012732289731502533
10520,444,29.0,29,24.450000762939453,nnknn,500,6408,8929,2608,2743,3800,6186,34,34,0.8667593333333333,0.8667593333333333,True,"[0.6634886264801025, 0.33651143312454224]","[0.5217833518981934, 0.47821667790412903]","[255, 245]",0.0,0.0023978932294994593,0.013232228346168995
10539,445,19.0,19,,nnknn,500,6408,8929,2608,2743,3800,6186,34,34,0.8665186666666667,0.8665186666666667,True,"[0.0, 1.0]","[0.43325933814048767, 0.5667406320571899]","[255, 245]",0.0,0.0023978932294994593,0.013232228346168995
10572,446,33.0,33,,nnknn,500,6408,8929,2608,2743,3800,6186,34,34,0.8661006666666666,0.8661006666666666,True,"[1.0, 0.0]","[0.5669496655464172, 0.43305033445358276]","[255, 245]",0.0,0.0023978932294994593,0.013232228346168995
10630,447,58.0,58,,nnknn,500,6408,8929,2608,2743,3800,6186,34,34,0.865366,0.865366,True,"[1.0, 0.0]","[0.567317008972168, 0.43268299102783203]","[255, 245]",0.0,0.0023978932294994593,0.013232228346168995
10643,448,13.0,13,42.15031433105469,nnknn,500,6443,9094,2620,2809,3823,6285,35,35,0.8652013333333333,0.8652013333333333,True,"[0.0, 1.0]","[0.4326006770133972, 0.5673993229866028]","[254, 246]",0.0,0.002411742927506566,0.01273278333246708
10738,449,95.0,95,,nnknn,500,6443,9094,2620,2809,3823,6285,35,35,0.863998,0.863998,True,"[0.7925934791564941, 0.20740649104118347]","[0.5397933125495911, 0.46020668745040894]","[254, 246]",0.0,0.002411742927506566,0.01273278333246708
10758,450,20.0,20,,nnknn,500,6443,9094,2620,2809,3823,6285,35,35,0.8637446666666666,0.8637446666666666,True,"[1.0, 0.0]","[0.5681276321411133, 0.43187233805656433]","[254, 246]",0.0,0.002411742927506566,0.01273278333246708
10808,451,50.0,50,,nnknn,500,6443,9094,2620,2809,3823,6285,35,35,0.8631113333333333,0.8631113333333333,True,"[0.9029000997543335, 0.09709993749856949]","[0.5551524758338928, 0.44484755396842957]","[254, 246]",0.0,0.002411742927506566,0.01273278333246708
10832,452,24.0,24,76.02120208740234,nnknn,500,6479,9383,2631,2935,3848,6448,36,36,0.8628073333333334,0.8628073333333334,True,"[1.0, 0.0]","[0.568596363067627, 0.43140366673469543]","[252, 248]",0.0,0.0023773584980517626,0.012564060278236866
10850,453,18.0,18,,nnknn,500,6479,9383,2631,2935,3848,6448,36,36,0.8625793333333334,0.8625793333333334,True,"[1.0, 0.0]","[0.5687103271484375, 0.4312896728515625]","[252, 248]",0.0,0.0023773584980517626,0.012564060278236866
10878,454,28.0,28,,nnknn,500,6479,9383,2631,2935,3848,6448,36,36,0.8622246666666666,0.8622246666666666,True,"[0.0981283187866211, 0.9018716812133789]","[0.44463199377059937, 0.5553680062294006]","[252, 248]",0.0,0.0023773584980517626,0.012564060278236866
10915,455,37.0,37,,nnknn,500,6479,9383,2631,2935,3848,6448,36,36,0.861756,0.861756,True,"[0.10854555666446686, 0.8914544582366943]","[0.44588378071784973, 0.5541162490844727]","[252, 248]",0.0,0.0023773584980517626,0.012564060278236866
10938,456,23.0,23,22.73678207397461,nnknn,500,6515,9503,2645,2971,3870,6532,36,36,0.8614646666666667,0.8614646666666667,True,"[0.8980701565742493, 0.10192986577749252]","[0.5551467537879944, 0.4448532164096832]","[253, 247]",0.0,0.0023481748066842556,0.012396825477480888
10960,457,22.0,22,,nnknn,500,6515,9503,2645,2971,3870,6532,36,36,0.861186,0.861186,True,"[0.20530596375465393, 0.7946940660476685]","[0.4590923488140106, 0.540907621383667]","[253, 247]",0.0,0.0023481748066842556,0.012396825477480888
11008,458,48.0,48,,nnknn,500,6515,9503,2645,2971,3870,6532,36,36,0.8605780000000001,0.8605780000000001,True,"[0.9003019332885742, 0.09969808906316757]","[0.5558109283447266, 0.4441891014575958]","[253, 247]",0.0,0.0023481748066842556,0.012396825477480888
11029,459,21.0,21,,nnknn,500,6515,9503,2645,2971,3870,6532,36,36,0.860312,0.860312,True,"[1.0, 0.0]","[0.5698440074920654, 0.43015599250793457]","[253, 247]",0.0,0.0023481748066842556,0.012396825477480888
11051,460,22.0,22,29.98015022277832,nnknn,500,6574,9608,2661,3007,3913,6601,37,37,0.8600333333333333,0.8600333333333333,True,"[1.0, 0.0]","[0.5699833631515503, 0.4300166666507721]","[250, 250]",0.0,0.0023254684638231993,0.012231077998876572
11087,461,36.0,36,,nnknn,500,6574,9608,2661,3007,3913,6601,37,37,0.8595773333333333,0.8595773333333333,True,"[0.7956869006156921, 0.20431311428546906]","[0.5415211319923401, 0.4584788680076599]","[250, 250]",0.0,0.0023254684638231993,0.012231077998876572
11118,462,31.0,31,,nnknn,500,6574,9608,2661,3007,3913,6601,37,37,0.8591846666666667,0.8591846666666667,True,"[0.0, 1.0]","[0.4295923411846161, 0.5704076290130615]","[250, 250]",0.0,0.0023254684638231993,0.012231077998876572
11138,463,20.0,20,,nnknn,500,6574,9608,2661,3007,3913,6601,37,37,0.8589313333333333,0.8589313333333333,True,"[0.0, 1.0]","[0.4294656813144684, 0.570534348487854]","[250, 250]",0.0,0.0023254684638231993,0.012231077998876572
11152,464,14.0,14,15.511213302612305,nnknn,500,6618,9716,2674,3045,3944,6671,37,37,0.858754,0.858754,True,"[0.10384193062782288, 0.8961580991744995]","[0.4440442621707916, 0.5559557676315308]","[246, 254]",0.0,0.0023461966775357723,0.01206681877374649
11201,465,49.0,49,,nnknn,500,6618,9716,2674,3045,3944,6671,37,37,0.8581333333333333,0.8581333333333333,True,"[0.8957439064979553, 0.10425613075494766]","[0.5561428666114807, 0.4438571333885193]","[246, 254]",0.0,0.0023461966775357723,0.01206681877374649
11265,466,64.0,64,,nnknn,500,6618,9716,2674,3045,3944,6671,37,37,0.8573226666666667,0.8573226666666667,True,"[0.09962835907936096, 0.9003716707229614]","[0.44287604093551636, 0.5571239590644836]","[246, 254]",0.0,0.0023461966775357723,0.01206681877374649
11280,467,15.0,15,,nnknn,500,6618,9716,2674,3045,3944,6671,37,37,0.8571326666666667,0.8571326666666667,True,"[0.8072969317436218, 0.1927030384540558]","[0.5439026951789856, 0.4560973048210144]","[246, 254]",0.0,0.0023461966775357723,0.01206681877374649
11331,468,51.0,51,78.36386108398438,nnknn,500,6679,9969,2693,3161,3986,6808,37,37,0.8564866666666666,0.8564866666666666,True,"[0.0, 1.0]","[0.42824333906173706, 0.5717566609382629]","[250, 250]",0.0,0.002362408209592104,0.011904047802090645
11384,469,53.0,53,,nnknn,500,6679,9969,2693,3161,3986,6808,37,37,0.8558153333333334,0.8558153333333334,True,"[0.10694907605648041, 0.8930509090423584]","[0.4433280825614929, 0.5566719174385071]","[250, 250]",0.0,0.002362408209592104,0.011904047802090645
11414,470,30.0,30,,nnknn,500,6679,9969,2693,3161,3986,6808,37,37,0.8554353333333333,0.8554353333333333,True,"[1.0, 0.0]","[0.5722823143005371, 0.4277176558971405]","[250, 250]",0.0,0.002362408209592104,0.011904047802090645
11465,471,51.0,51,,nnknn,500,6679,9969,2693,3161,3986,6808,37,37,0.8547893333333334,0.8547893333333334,True,"[0.18772342801094055, 0.8122766017913818]","[0.45465409755706787, 0.5453459024429321]","[250, 250]",0.0,0.002362408209592104,0.011904047802090645
11488,472,23.0,23,46.5771598815918,nnknn,500,6716,10197,2707,3255,4009,6942,37,37,0.854498,0.854498,True,"[1.0, 0.0]","[0.572750985622406, 0.427249014377594]","[251, 249]",0.0,0.0024064548779278994,0.012403818778693676
11514,473,26.0,26,,nnknn,500,6716,10197,2707,3255,4009,6942,37,37,0.8541686666666667,0.8541686666666667,True,"[1.0, 0.0]","[0.5729156732559204, 0.4270843267440796]","[251, 249]",0.0,0.0024064548779278994,0.012403818778693676
11570,474,56.0,56,,nnknn,500,6716,10197,2707,3255,4009,6942,37,37,0.8534593333333333,0.8534593333333333,True,"[0.6981204152107239, 0.3018796145915985]","[0.5290327072143555, 0.4709673225879669]","[251, 249]",0.0,0.0024064548779278994,0.012403818778693676
11634,475,64.0,64,,nnknn,500,6716,10197,2707,3255,4009,6942,37,37,0.8526486666666666,0.8526486666666666,True,"[0.7788589596748352, 0.22114107012748718]","[0.5410902500152588, 0.4589097797870636]","[251, 249]",0.0,0.0024064548779278994,0.012403818778693676
11657,476,23.0,23,50.774993896484375,nnknn,500,6760,10442,2721,3361,4039,7081,37,37,0.8523573333333333,0.8523573333333333,True,"[0.8967113494873047, 0.1032886803150177]","[0.5585715174674988, 0.4414284825325012]","[256, 244]",0.0,0.0024096991401165724,0.011904258280992508
11702,477,45.0,45,,nnknn,500,6760,10442,2721,3361,4039,7081,37,37,0.8517873333333333,0.8517873333333333,True,"[0.09018942713737488, 0.9098105430603027]","[0.439260870218277, 0.5607390999794006]","[256, 244]",0.0,0.0024096991401165724,0.011904258280992508
11713,478,11.0,11,,nnknn,500,6760,10442,2721,3361,4039,7081,37,37,0.851648,0.851648,True,"[1.0, 0.0]","[0.574176013469696, 0.42582398653030396]","[256, 244]",0.0,0.0024096991401165724,0.011904258280992508
11741,479,28.0,28,,nnknn,500,6760,10442,2721,3361,4039,7081,37,37,0.8512933333333333,0.8512933333333333,True,"[0.0, 1.0]","[0.42564666271209717, 0.5743533372879028]","[256, 244]",0.0,0.0024096991401165724,0.011904258280992508
11766,480,25.0,25,27.243860244750977,nnknn,500,6784,10584,2731,3409,4053,7175,38,38,0.8509766666666667,0.8509766666666667,True,"[0.9094584584236145, 0.0905415415763855]","[0.5610188841819763, 0.4389811158180237]","[255, 245]",0.0,0.0024353484623134136,0.012347768060863018
11780,481,14.0,14,,nnknn,500,6784,10584,2731,3409,4053,7175,38,38,0.8507993333333334,0.8507993333333334,True,"[1.0, 0.0]","[0.574600338935852, 0.42539966106414795]","[255, 245]",0.0,0.0024353484623134136,0.012347768060863018
11792,482,12.0,12,,nnknn,500,6784,10584,2731,3409,4053,7175,38,38,0.8506473333333333,0.8506473333333333,True,"[1.0, 0.0]","[0.5746763348579407, 0.4253236651420593]","[255, 245]",0.0,0.0024353484623134136,0.012347768060863018
11826,483,34.0,34,,nnknn,500,6784,10584,2731,3409,4053,7175,38,38,0.8502166666666666,0.8502166666666666,True,"[1.0, 0.0]","[0.5748916864395142, 0.4251083433628082]","[255, 245]",0.0,0.0024353484623134136,0.012347768060863018
11837,484,11.0,11,36.195777893066406,nnknn,500,6815,10648,2738,3428,4077,7220,40,40,0.8500773333333334,0.8500773333333334,True,"[0.11672613024711609, 0.8832738995552063]","[0.4425385594367981, 0.5574614405632019]","[260, 240]",0.0,0.0024061130825430155,0.01218246016651392
11913,485,76.0,76,,nnknn,500,6815,10648,2738,3428,4077,7220,40,40,0.8491146666666667,0.8491146666666667,True,"[0.0, 1.0]","[0.42455732822418213, 0.5754426717758179]","[260, 240]",0.0,0.0024061130825430155,0.01218246016651392
11937,486,24.0,24,,nnknn,500,6815,10648,2738,3428,4077,7220,40,40,0.8488106666666666,0.8488106666666666,True,"[1.0, 0.0]","[0.5755946636199951, 0.4244053363800049]","[260, 240]",0.0,0.0024061130825430155,0.01218246016651392
11952,487,15.0,15,,nnknn,500,6815,10648,2738,3428,4077,7220,40,40,0.8486206666666667,0.8486206666666667,True,"[0.0, 1.0]","[0.4243103265762329, 0.5756896734237671]","[260, 240]",0.0,0.0024061130825430155,0.01218246016651392
11991,488,39.0,39,60.92504119873047,nnknn,500,6854,10868,2750,3521,4104,7347,40,40,0.8481266666666667,0.8481266666666667,True,"[0.1021566167473793, 0.8978434205055237]","[0.43957820534706116, 0.5604218244552612]","[258, 242]",0.0,0.002385153668001294,0.011682577431201935
12010,489,19.0,19,,nnknn,500,6854,10868,2750,3521,4104,7347,40,40,0.847886,0.847886,True,"[1.0, 0.0]","[0.576056957244873, 0.42394301295280457]","[258, 242]",0.0,0.002385153668001294,0.011682577431201935
12028,490,18.0,18,,nnknn,500,6854,10868,2750,3521,4104,7347,40,40,0.847658,0.847658,True,"[1.0, 0.0]","[0.5761710405349731, 0.42382898926734924]","[258, 242]",0.0,0.002385153668001294,0.011682577431201935
12046,491,18.0,18,,nnknn,500,6854,10868,2750,3521,4104,7347,40,40,0.84743,0.84743,True,"[0.8912432789802551, 0.10875673592090607]","[0.5596920251846313, 0.44030800461769104]","[258, 242]",0.0,0.002385153668001294,0.011682577431201935
12082,492,36.0,36,26.35100555419922,nnknn,500,6878,10970,2761,3545,4117,7425,40,40,0.846974,0.846974,True,"[0.09715641289949417, 0.9028435945510864]","[0.4383544623851776, 0.5616455078125]","[261, 239]",0.0,0.0023729875683784485,0.01174309104681015
12107,493,25.0,25,,nnknn,500,6878,10970,2761,3545,4117,7425,40,40,0.8466573333333334,0.8466573333333334,True,"[0.0, 1.0]","[0.4233286678791046, 0.5766713619232178]","[261, 239]",0.0,0.0023729875683784485,0.01174309104681015
12124,494,17.0,17,,nnknn,500,6878,10970,2761,3545,4117,7425,40,40,0.846442,0.846442,True,"[0.09667754173278809, 0.9033225178718567]","[0.43806660175323486, 0.5619333982467651]","[261, 239]",0.0,0.0023729875683784485,0.01174309104681015
12175,495,51.0,51,,nnknn,500,6878,10970,2761,3545,4117,7425,40,40,0.845796,0.845796,True,"[1.0, 0.0]","[0.57710200548172, 0.42289799451828003]","[261, 239]",0.0,0.0023729875683784485,0.01174309104681015
12208,496,33.0,33,25.81203269958496,nnknn,500,6918,11126,2772,3604,4146,7522,40,40,0.845378,0.845378,True,"[0.0, 1.0]","[0.4226889908313751, 0.5773110389709473]","[260, 240]",0.0,0.0023890910670161247,0.011583290994167328
12250,497,42.0,42,,nnknn,500,6918,11126,2772,3604,4146,7522,40,40,0.844846,0.844846,True,"[0.09136458486318588, 0.9086354374885559]","[0.43659859895706177, 0.5634014010429382]","[260, 240]",0.0,0.0023890910670161247,0.011583290994167328
12281,498,31.0,31,,nnknn,500,6918,11126,2772,3604,4146,7522,40,40,0.8444533333333333,0.8444533333333333,True,"[0.9002679586410522, 0.09973203390836716]","[0.5622603297233582, 0.43773964047431946]","[260, 240]",0.0,0.0023890910670161247,0.011583290994167328
12306,499,25.0,25,,nnknn,500,6918,11126,2772,3604,4146,7522,40,40,0.8441366666666666,0.8441366666666666,True,"[0.0, 1.0]","[0.422068327665329, 0.5779316425323486]","[260, 240]",0.0,0.0023890910670161247,0.011583290994167328
12345,500,39.0,39,30.897140502929688,nnknn,500,6961,11292,2789,3660,4172,7632,41,41,0.8436426666666667,0.8436426666666667,True,"[0.0, 1.0]","[0.42182132601737976, 0.5781786441802979]","[254, 246]",0.0,0.002383085899055004,0.011209317483007908
12362,501,17.0,17,,nnknn,500,6961,11292,2789,3660,4172,7632,41,41,0.8434273333333333,0.8434273333333333,True,"[0.0, 1.0]","[0.4217136800289154, 0.5782862901687622]","[254, 246]",0.0,0.002383085899055004,0.011209317483007908
12376,502,14.0,14,,nnknn,500,6961,11292,2789,3660,4172,7632,41,41,0.84325,0.84325,True,"[0.0, 1.0]","[0.4216249883174896, 0.578374981880188]","[254, 246]",0.0,0.002383085899055004,0.011209317483007908
12406,503,30.0,30,,nnknn,500,6961,11292,2789,3660,4172,7632,41,41,0.84287,0.84287,True,"[0.7063779830932617, 0.29362204670906067]","[0.5324281454086304, 0.46757182478904724]","[254, 246]",0.0,0.002383085899055004,0.011209317483007908
12425,504,19.0,19,21.201688766479492,nnknn,500,6987,11378,2797,3685,4190,7693,42,42,0.8426293333333333,0.8426293333333333,True,"[0.0, 1.0]","[0.42131465673446655, 0.5786853432655334]","[254, 246]",0.0,0.0023992550559341908,0.01105453260242939
12449,505,24.0,24,,nnknn,500,6987,11378,2797,3685,4190,7693,42,42,0.8423253333333334,0.8423253333333334,True,"[1.0, 0.0]","[0.5788373351097107, 0.4211626648902893]","[254, 246]",0.0,0.0023992550559341908,0.01105453260242939
12484,506,35.0,35,,nnknn,500,6987,11378,2797,3685,4190,7693,42,42,0.841882,0.841882,True,"[0.892302393913269, 0.10769759118556976]","[0.5620300769805908, 0.4379699230194092]","[254, 246]",0.0,0.0023992550559341908,0.01105453260242939
12507,507,23.0,23,,nnknn,500,6987,11378,2797,3685,4190,7693,42,42,0.8415906666666666,0.8415906666666666,True,"[0.11359506845474243, 0.8864049315452576]","[0.43878984451293945, 0.5612101554870605]","[254, 246]",0.0,0.0023992550559341908,0.01105453260242939
12528,508,21.0,21,14.016182899475098,nnknn,500,7016,11494,2803,3721,4213,7773,42,42,0.8413246666666667,0.8413246666666667,True,"[0.0, 1.0]","[0.4206623435020447, 0.5793376564979553]","[256, 244]",0.0,0.002427649451419711,0.010901229456067085
12558,509,30.0,30,,nnknn,500,7016,11494,2803,3721,4213,7773,42,42,0.8409446666666667,0.8409446666666667,True,"[0.10879763960838318, 0.8912023901939392]","[0.43777716159820557, 0.5622228384017944]","[256, 244]",0.0,0.002427649451419711,0.010901229456067085
12588,510,30.0,30,,nnknn,500,7016,11494,2803,3721,4213,7773,42,42,0.8405646666666666,0.8405646666666666,True,"[0.20497292280197144, 0.7950270771980286]","[0.4529622495174408, 0.5470377206802368]","[256, 244]",0.0,0.002427649451419711,0.010901229456067085
12613,511,25.0,25,,nnknn,500,7016,11494,2803,3721,4213,7773,42,42,0.840248,0.840248,True,"[0.9060014486312866, 0.09399859607219696]","[0.5648595690727234, 0.435140460729599]","[256, 244]",0.0,0.002427649451419711,0.010901229456067085
12635,512,22.0,22,14.870380401611328,nnknn,500,7059,11597,2815,3750,4244,7847,44,44,0.8399693333333333,0.8399693333333333,True,"[0.0, 1.0]","[0.4199846684932709, 0.5800153017044067]","[251, 249]",0.0,0.0024223406799137592,0.01074940711259842
12676,513,41.0,41,,nnknn,500,7059,11597,2815,3750,4244,7847,44,44,0.83945,0.83945,True,"[1.0, 0.0]","[0.5802749991416931, 0.4197250008583069]","[251, 249]",0.0,0.0024223406799137592,0.01074940711259842
12690,514,14.0,14,,nnknn,500,7059,11597,2815,3750,4244,7847,44,44,0.8392726666666667,0.8392726666666667,True,"[1.0, 0.0]","[0.5803636312484741, 0.4196363389492035]","[251, 249]",0.0,0.0024223406799137592,0.01074940711259842
12764,515,74.0,74,,nnknn,500,7059,11597,2815,3750,4244,7847,44,44,0.8383353333333333,0.8383353333333333,True,"[0.09497875720262527, 0.9050212502479553]","[0.4345223903656006, 0.5654776096343994]","[251, 249]",0.0,0.0024223406799137592,0.01074940711259842
12801,516,37.0,37,76.48751831054688,nnknn,500,7115,11825,2832,3851,4283,7974,44,44,0.8378666666666666,0.8378666666666666,True,"[0.903750479221344, 0.096249520778656]","[0.5654613971710205, 0.4345386028289795]","[252, 248]",0.0,0.0024571972899138927,0.01108335517346859
12823,517,22.0,22,,nnknn,500,7115,11825,2832,3851,4283,7974,44,44,0.837588,0.837588,True,"[1.0, 0.0]","[0.5812059640884399, 0.41879400610923767]","[252, 248]",0.0,0.0024571972899138927,0.01108335517346859
12842,518,19.0,19,,nnknn,500,7115,11825,2832,3851,4283,7974,44,44,0.8373473333333333,0.8373473333333333,True,"[0.895368218421936, 0.10463176667690277]","[0.564307689666748, 0.43569231033325195]","[252, 248]",0.0,0.0024571972899138927,0.01108335517346859
12856,519,14.0,14,,nnknn,500,7115,11825,2832,3851,4283,7974,44,44,0.83717,0.83717,True,"[1.0, 0.0]","[0.5814149975776672, 0.41858500242233276]","[252, 248]",0.0,0.0024571972899138927,0.01108335517346859
12928,520,72.0,72,57.44487762451172,nnknn,500,7144,11994,2843,3912,4301,8082,45,45,0.836258,0.836258,True,"[0.8990316987037659, 0.10096829384565353]","[0.5653382539749146, 0.43466174602508545]","[250, 250]",0.0,0.002430718857795,0.010583498515188694
12943,521,15.0,15,,nnknn,500,7144,11994,2843,3912,4301,8082,45,45,0.836068,0.836068,True,"[0.9043490290641785, 0.09565099328756332]","[0.5662857294082642, 0.43371424078941345]","[250, 250]",0.0,0.002430718857795,0.010583498515188694
12965,522,22.0,22,,nnknn,500,7144,11994,2843,3912,4301,8082,45,45,0.8357893333333333,0.8357893333333333,True,"[1.0, 0.0]","[0.5821053385734558, 0.4178946614265442]","[250, 250]",0.0,0.002430718857795,0.010583498515188694
13001,523,36.0,36,,nnknn,500,7144,11994,2843,3912,4301,8082,45,45,0.8353333333333334,0.8353333333333334,True,"[0.11113595962524414, 0.8888640403747559]","[0.4359670579433441, 0.5640329122543335]","[250, 250]",0.0,0.002430718857795,0.010583498515188694
13113,524,112.0,112,88.72493743896484,nnknn,500,7172,12277,2852,4030,4320,8247,46,46,0.8339146666666667,0.8339146666666667,True,"[0.0, 1.0]","[0.4169573187828064, 0.5830426812171936]","[247, 253]",0.0,0.0024624760262668133,0.011083459481596947
13139,525,26.0,26,,nnknn,500,7172,12277,2852,4030,4320,8247,46,46,0.8335853333333334,0.8335853333333334,True,"[0.8906763792037964, 0.10932368040084839]","[0.5650143027305603, 0.4349857270717621]","[247, 253]",0.0,0.0024624760262668133,0.011083459481596947
13162,526,23.0,23,,nnknn,500,7172,12277,2852,4030,4320,8247,46,46,0.833294,0.833294,True,"[0.9040119647979736, 0.09598804265260696]","[0.567351222038269, 0.43264877796173096]","[247, 253]",0.0,0.0024624760262668133,0.011083459481596947
13187,527,25.0,25,,nnknn,500,7172,12277,2852,4030,4320,8247,46,46,0.8329773333333333,0.8329773333333333,True,"[0.0, 1.0]","[0.4164886772632599, 0.5835113525390625]","[247, 253]",0.0,0.0024624760262668133,0.011083459481596947
13201,528,14.0,14,13.622908592224121,nnknn,500,7182,12378,2855,4052,4327,8326,48,48,0.8328,0.8328,True,"[1.0, 0.0]","[0.5836000442504883, 0.4163999855518341]","[249, 251]",0.0,0.0024790058378130198,0.011583437211811543
13243,529,42.0,42,,nnknn,500,7182,12378,2855,4052,4327,8326,48,48,0.832268,0.832268,True,"[0.10903256386518478, 0.8909674882888794]","[0.43442225456237793, 0.5655777454376221]","[249, 251]",0.0,0.0024790058378130198,0.011583437211811543
13255,530,12.0,12,,nnknn,500,7182,12378,2855,4052,4327,8326,48,48,0.832116,0.832116,True,"[0.0, 1.0]","[0.4160580039024353, 0.5839419960975647]","[249, 251]",0.0,0.0024790058378130198,0.011583437211811543
13290,531,35.0,35,,nnknn,500,7182,12378,2855,4052,4327,8326,48,48,0.8316726666666667,0.8316726666666667,True,"[0.0, 1.0]","[0.4158363342285156, 0.5841636657714844]","[249, 251]",0.0,0.0024790058378130198,0.011583437211811543
13312,532,22.0,22,31.56282615661621,nnknn,500,7215,12506,2866,4091,4349,8415,48,48,0.831394,0.831394,True,"[0.8970919251441956, 0.10290811210870743]","[0.566952109336853, 0.43304792046546936]","[247, 253]",0.0,0.0024268394336104393,0.011083453893661499
13336,533,24.0,24,,nnknn,500,7215,12506,2866,4091,4349,8415,48,48,0.83109,0.83109,True,"[0.0, 1.0]","[0.4155449867248535, 0.5844550132751465]","[247, 253]",0.0,0.0024268394336104393,0.011083453893661499
13399,534,63.0,63,,nnknn,500,7215,12506,2866,4091,4349,8415,48,48,0.830292,0.830292,True,"[0.9026573896408081, 0.09734264761209488]","[0.5683342218399048, 0.4316658079624176]","[247, 253]",0.0,0.0024268394336104393,0.011083453893661499
13494,535,95.0,95,,nnknn,500,7215,12506,2866,4091,4349,8415,48,48,0.8290886666666667,0.8290886666666667,True,"[0.7576804161071777, 0.24231955409049988]","[0.5440405011177063, 0.4559594988822937]","[247, 253]",0.0,0.0024268394336104393,0.011083453893661499
13509,536,15.0,15,85.7566146850586,nnknn,500,7265,12796,2884,4216,4381,8580,48,48,0.8288986666666667,0.8288986666666667,True,"[0.11787500977516174, 0.8821249604225159]","[0.43461790680885315, 0.5653821229934692]","[251, 249]",0.0,0.002396953757852316,0.010583503171801567
13575,537,66.0,66,,nnknn,500,7265,12796,2884,4216,4381,8580,48,48,0.8280626666666666,0.8280626666666666,True,"[0.0, 1.0]","[0.41403132677078247, 0.5859686732292175]","[251, 249]",0.0,0.002396953757852316,0.010583503171801567
13637,538,62.0,62,,nnknn,500,7265,12796,2884,4216,4381,8580,48,48,0.8272773333333333,0.8272773333333333,True,"[0.602999746799469, 0.397000253200531]","[0.5177903771400452, 0.48220962285995483]","[251, 249]",0.0,0.002396953757852316,0.010583503171801567
13680,539,43.0,43,,nnknn,500,7265,12796,2884,4216,4381,8580,48,48,0.8267326666666667,0.8267326666666667,True,"[0.0, 1.0]","[0.4133663475513458, 0.5866336822509766]","[251, 249]",0.0,0.002396953757852316,0.010583503171801567
13717,540,37.0,37,69.95294189453125,nnknn,500,7317,13109,2902,4357,4415,8752,50,50,0.826264,0.826264,True,"[0.0, 1.0]","[0.4131320118904114, 0.5868679881095886]","[250, 250]",0.0,0.002401568228378892,0.010083554312586784
13743,541,26.0,26,,nnknn,500,7317,13109,2902,4357,4415,8752,50,50,0.8259346666666667,0.8259346666666667,True,"[0.8252002596855164, 0.17479979991912842]","[0.556606113910675, 0.44339391589164734]","[250, 250]",0.0,0.002401568228378892,0.010083554312586784
13753,542,10.0,10,,nnknn,500,7317,13109,2902,4357,4415,8752,50,50,0.825808,0.825808,True,"[0.8975178599357605, 0.10248211771249771]","[0.5692444443702698, 0.4307555556297302]","[250, 250]",0.0,0.002401568228378892,0.010083554312586784
13858,543,105.0,105,,nnknn,500,7317,13109,2902,4357,4415,8752,50,50,0.824478,0.824478,True,"[0.0, 1.0]","[0.4122389853000641, 0.5877610445022583]","[250, 250]",0.0,0.002401568228378892,0.010083554312586784
13871,544,13.0,13,98.58773040771484,nnknn,500,7349,13334,2913,4451,4436,8883,52,52,0.8243133333333333,0.8243133333333333,True,"[1.0, 0.0]","[0.5878432989120483, 0.4121566712856293]","[252, 248]",0.0,0.0024051954969763756,0.010583302937448025
13937,545,66.0,66,,nnknn,500,7349,13334,2913,4451,4436,8883,52,52,0.8234773333333334,0.8234773333333334,True,"[1.0, 0.0]","[0.5882613658905029, 0.41173866391181946]","[252, 248]",0.0,0.0024051954969763756,0.010583302937448025
13990,546,53.0,53,,nnknn,500,7349,13334,2913,4451,4436,8883,52,52,0.822806,0.822806,True,"[0.0, 1.0]","[0.41140300035476685, 0.5885969996452332]","[252, 248]",0.0,0.0024051954969763756,0.010583302937448025
14010,547,20.0,20,,nnknn,500,7349,13334,2913,4451,4436,8883,52,52,0.8225526666666667,0.8225526666666667,True,"[0.0, 1.0]","[0.41127634048461914, 0.5887236595153809]","[252, 248]",0.0,0.0024051954969763756,0.010583302937448025
14037,548,27.0,27,58.89461135864258,nnknn,500,7382,13579,2925,4554,4457,9025,55,55,0.8222106666666666,0.8222106666666666,True,"[1.0, 0.0]","[0.5888946652412415, 0.41110533475875854]","[254, 246]",0.0,0.002403279533609748,0.01008450984954834
14060,549,23.0,23,,nnknn,500,7382,13579,2925,4554,4457,9025,55,55,0.8219193333333333,0.8219193333333333,True,"[0.09453485161066055, 0.9054651260375977]","[0.427794486284256, 0.5722054839134216]","[254, 246]",0.0,0.002403279533609748,0.01008450984954834
14077,550,17.0,17,,nnknn,500,7382,13579,2925,4554,4457,9025,55,55,0.821704,0.821704,True,"[1.0, 0.0]","[0.5891480445861816, 0.41085198521614075]","[254, 246]",0.0,0.002403279533609748,0.01008450984954834
14178,551,101.0,101,,nnknn,500,7382,13579,2925,4554,4457,9025,55,55,0.8204246666666667,0.8204246666666667,True,"[0.20683744549751282, 0.7931625247001648]","[0.4473552405834198, 0.5526447296142578]","[254, 246]",0.0,0.002403279533609748,0.01008450984954834
14204,552,26.0,26,76.94348907470703,nnknn,500,7432,13809,2944,4649,4488,9160,56,56,0.8200953333333334,0.8200953333333334,True,"[0.9003046751022339, 0.09969529509544373]","[0.5720166563987732, 0.4279833137989044]","[249, 251]",0.0,0.0024514070246368647,0.010581986978650093
14241,553,37.0,37,,nnknn,500,7432,13809,2944,4649,4488,9160,56,56,0.8196266666666667,0.8196266666666667,True,"[0.0, 1.0]","[0.4098133444786072, 0.5901866555213928]","[249, 251]",0.0,0.0024514070246368647,0.010581986978650093
14259,554,18.0,18,,nnknn,500,7432,13809,2944,4649,4488,9160,56,56,0.8193986666666666,0.8193986666666666,True,"[0.9010050892829895, 0.09899493306875229]","[0.5724220275878906, 0.427577942609787]","[249, 251]",0.0,0.0024514070246368647,0.010581986978650093
14274,555,15.0,15,,nnknn,500,7432,13809,2944,4649,4488,9160,56,56,0.8192086666666667,0.8192086666666667,True,"[1.0, 0.0]","[0.5903956890106201, 0.40960434079170227]","[249, 251]",0.0,0.0024514070246368647,0.010581986978650093
14322,556,48.0,48,46.1155891418457,nnknn,500,7456,13965,2953,4702,4503,9263,56,56,0.8186006666666666,0.8186006666666666,True,"[0.10990986227989197, 0.8900901675224304]","[0.42923790216445923, 0.5707620978355408]","[247, 253]",0.0,0.00246368907392025,0.011081969365477562
14346,557,24.0,24,,nnknn,500,7456,13965,2953,4702,4503,9263,56,56,0.8182966666666667,0.8182966666666667,True,"[1.0, 0.0]","[0.5908516645431519, 0.40914833545684814]","[247, 253]",0.0,0.00246368907392025,0.011081969365477562
14376,558,30.0,30,,nnknn,500,7456,13965,2953,4702,4503,9263,56,56,0.8179166666666666,0.8179166666666666,True,"[0.18148358166217804, 0.8185164332389832]","[0.4420034885406494, 0.5579965114593506]","[247, 253]",0.0,0.00246368907392025,0.011081969365477562
14391,559,15.0,15,,nnknn,500,7456,13965,2953,4702,4503,9263,56,56,0.8177266666666667,0.8177266666666667,True,"[0.0, 1.0]","[0.4088633358478546, 0.5911366939544678]","[247, 253]",0.0,0.00246368907392025,0.011081969365477562
14420,560,29.0,29,29.227420806884766,nnknn,500,7489,14062,2961,4727,4528,9335,57,57,0.8173593333333333,0.8173593333333333,True,"[1.0, 0.0]","[0.5913203358650208, 0.40867966413497925]","[249, 251]",0.0,0.002403123304247856,0.010582017712295055
14432,561,12.0,12,,nnknn,500,7489,14062,2961,4727,4528,9335,57,57,0.8172073333333334,0.8172073333333334,True,"[1.0, 0.0]","[0.5913963317871094, 0.4086036682128906]","[249, 251]",0.0,0.002403123304247856,0.010582017712295055
14450,562,18.0,18,,nnknn,500,7489,14062,2961,4727,4528,9335,57,57,0.8169793333333333,0.8169793333333333,True,"[0.9086748957633972, 0.09132508188486099]","[0.5747959613800049, 0.4252040386199951]","[249, 251]",0.0,0.002403123304247856,0.010582017712295055
14468,563,18.0,18,,nnknn,500,7489,14062,2961,4727,4528,9335,57,57,0.8167513333333334,0.8167513333333334,True,"[0.0, 1.0]","[0.40837568044662476, 0.5916243195533752]","[249, 251]",0.0,0.002403123304247856,0.010582017712295055
14501,564,33.0,33,28.118398666381836,nnknn,500,7523,14132,2971,4743,4552,9389,59,60,0.8163333333333334,0.8163333333333334,True,"[0.0, 1.0]","[0.40816667675971985, 0.5918333530426025]","[249, 251]",0.0,0.0024191620759665966,0.011081748642027378
14545,565,44.0,44,,nnknn,500,7523,14132,2971,4743,4552,9389,59,60,0.8157760000000001,0.8157760000000001,True,"[0.0, 1.0]","[0.4078879952430725, 0.5921120047569275]","[249, 251]",0.0,0.0024191620759665966,0.011081748642027378
14677,566,132.0,132,,nnknn,500,7523,14132,2971,4743,4552,9389,59,60,0.8141039999999999,0.8141039999999999,True,"[1.0, 0.0]","[0.5929479598999023, 0.40705201029777527]","[249, 251]",0.0,0.0024191620759665966,0.011081748642027378
14729,567,52.0,52,,nnknn,500,7523,14132,2971,4743,4552,9389,59,60,0.8134453333333334,0.8134453333333334,True,"[1.0, 0.0]","[0.5932773351669312, 0.40672266483306885]","[249, 251]",0.0,0.0024191620759665966,0.011081748642027378
14745,568,16.0,16,104.97561645507812,nnknn,500,7564,14522,2982,4920,4582,9602,60,61,0.8132426666666667,0.8132426666666667,True,"[1.0, 0.0]","[0.5933786630630493, 0.4066213369369507]","[254, 246]",0.0,0.002365591935813427,0.01158161275088787
14850,569,105.0,105,,nnknn,500,7564,14522,2982,4920,4582,9602,60,61,0.8119126666666667,0.8119126666666667,True,"[0.0, 1.0]","[0.40595632791519165, 0.5940436720848083]","[254, 246]",0.0,0.002365591935813427,0.01158161275088787
14872,570,22.0,22,,nnknn,500,7564,14522,2982,4920,4582,9602,60,61,0.811634,0.811634,True,"[0.0, 1.0]","[0.4058170020580292, 0.5941829681396484]","[254, 246]",0.0,0.002365591935813427,0.01158161275088787
14894,571,22.0,22,,nnknn,500,7564,14522,2982,4920,4582,9602,60,61,0.8113553333333333,0.8113553333333333,True,"[0.10221993178129196, 0.8977801203727722]","[0.4249609112739563, 0.5750390887260437]","[254, 246]",0.0,0.002365591935813427,0.01158161275088787
14911,572,17.0,17,82.6432876586914,nnknn,500,7594,14761,2991,5014,4603,9747,60,61,0.81114,0.81114,True,"[1.0, 0.0]","[0.5944299697875977, 0.40557000041007996]","[254, 246]",0.0,0.00236006872728467,0.011081640608608723
14947,573,36.0,36,,nnknn,500,7594,14761,2991,5014,4603,9747,60,61,0.810684,0.810684,True,"[1.0, 0.0]","[0.5946580171585083, 0.4053420126438141]","[254, 246]",0.0,0.00236006872728467,0.011081640608608723
14978,574,31.0,31,,nnknn,500,7594,14761,2991,5014,4603,9747,60,61,0.8102913333333334,0.8102913333333334,True,"[1.0, 0.0]","[0.5948543548583984, 0.40514567494392395]","[254, 246]",0.0,0.00236006872728467,0.011081640608608723
15001,575,23.0,23,,nnknn,500,7594,14761,2991,5014,4603,9747,60,61,0.81,0.81,True,"[0.0, 1.0]","[0.4050000011920929, 0.5950000286102295]","[254, 246]",0.0,0.00236006872728467,0.011081640608608723
15060,576,59.0,59,40.605621337890625,nnknn,500,7643,14960,2995,5111,4648,9849,62,63,0.8092526666666666,0.8092526666666666,True,"[1.0, 0.0]","[0.5953736305236816, 0.40462633967399597]","[258, 242]",0.0,0.0023671570234000683,0.011327630840241909
15101,577,41.0,41,,nnknn,500,7643,14960,2995,5111,4648,9849,62,63,0.8087333333333333,0.8087333333333333,True,"[1.0, 0.0]","[0.595633327960968, 0.404366672039032]","[258, 242]",0.0,0.0023671570234000683,0.011327630840241909
15127,578,26.0,26,,nnknn,500,7643,14960,2995,5111,4648,9849,62,63,0.808404,0.808404,True,"[0.11158473044633865, 0.8884152770042419]","[0.4255811870098114, 0.5744187831878662]","[258, 242]",0.0,0.0023671570234000683,0.011327630840241909
15179,579,52.0,52,,nnknn,500,7643,14960,2995,5111,4648,9849,62,63,0.8077453333333333,0.8077453333333333,True,"[0.0, 1.0]","[0.40387266874313354, 0.5961273312568665]","[258, 242]",0.0,0.0023671570234000683,0.011327630840241909
15227,580,48.0,48,61.77978515625,nnknn,500,7674,15198,3003,5205,4671,9993,62,63,0.8071373333333334,0.8071373333333334,True,"[1.0, 0.0]","[0.5964313745498657, 0.40356865525245667]","[262, 238]",0.0,0.0023432185407727957,0.0108285928145051
15254,581,27.0,27,,nnknn,500,7674,15198,3003,5205,4671,9993,62,63,0.8067953333333333,0.8067953333333333,True,"[0.11305670440196991, 0.8869433403015137]","[0.42524075508117676, 0.5747592449188232]","[262, 238]",0.0,0.0023432185407727957,0.0108285928145051
15295,582,41.0,41,,nnknn,500,7674,15198,3003,5205,4671,9993,62,63,0.806276,0.806276,True,"[1.0, 0.0]","[0.5968619585037231, 0.40313801169395447]","[262, 238]",0.0,0.0023432185407727957,0.0108285928145051
15315,583,20.0,20,,nnknn,500,7674,15198,3003,5205,4671,9993,62,63,0.8060226666666667,0.8060226666666667,True,"[1.0, 0.0]","[0.5969886779785156, 0.4030113220214844]","[262, 238]",0.0,0.0023432185407727957,0.0108285928145051
15343,584,28.0,28,29.32003402709961,nnknn,500,7719,15320,3012,5247,4707,10073,62,63,0.805668,0.805668,True,"[0.10887033492326736, 0.8911296725273132]","[0.42399099469184875, 0.5760090351104736]","[262, 238]",0.0,0.0023706762585788965,0.010328858159482479
15373,585,30.0,30,,nnknn,500,7719,15320,3012,5247,4707,10073,62,63,0.805288,0.805288,True,"[1.0, 0.0]","[0.5973559617996216, 0.40264400839805603]","[262, 238]",0.0,0.0023706762585788965,0.010328858159482479
15417,586,44.0,44,,nnknn,500,7719,15320,3012,5247,4707,10073,62,63,0.8047306666666667,0.8047306666666667,True,"[0.10609196126461029, 0.8939080238342285]","[0.4230818450450897, 0.5769181251525879]","[262, 238]",0.0,0.0023706762585788965,0.010328858159482479
15443,587,26.0,26,,nnknn,500,7719,15320,3012,5247,4707,10073,62,63,0.8044013333333333,0.8044013333333333,True,"[0.10735848546028137, 0.8926414847373962]","[0.4231998324394226, 0.5768001675605774]","[262, 238]",0.0,0.0023706762585788965,0.010328858159482479
15464,588,21.0,21,21.232444763183594,nnknn,500,7747,15462,3019,5291,4728,10171,64,65,0.8041353333333333,0.8041353333333333,True,"[0.10114090889692307, 0.8988591432571411]","[0.42187759280204773, 0.5781224370002747]","[258, 242]",0.0,0.0023884540423750877,0.01008165255188942
15497,589,33.0,33,,nnknn,500,7747,15462,3019,5291,4728,10171,64,65,0.8037173333333334,0.8037173333333334,True,"[1.0, 0.0]","[0.5981413125991821, 0.4018586575984955]","[258, 242]",0.0,0.0023884540423750877,0.01008165255188942
15523,590,26.0,26,,nnknn,500,7747,15462,3019,5291,4728,10171,64,65,0.803388,0.803388,True,"[1.0, 0.0]","[0.5983060002326965, 0.40169399976730347]","[258, 242]",0.0,0.0023884540423750877,0.01008165255188942
15570,591,47.0,47,,nnknn,500,7747,15462,3019,5291,4728,10171,64,65,0.8027926666666667,0.8027926666666667,True,"[0.0, 1.0]","[0.40139633417129517, 0.5986036658287048]","[258, 242]",0.0,0.0023884540423750877,0.01008165255188942
15582,592,12.0,12,32.98042297363281,nnknn,500,7779,15612,3027,5348,4752,10264,65,66,0.8026406666666667,0.8026406666666667,True,"[1.0, 0.0]","[0.5986796617507935, 0.40132033824920654]","[256, 244]",0.0,0.002380046993494034,0.009995087049901485
15591,593,9.0,9,,nnknn,500,7779,15612,3027,5348,4752,10264,65,66,0.8025266666666666,0.8025266666666666,True,"[0.10308831930160522, 0.8969116806983948]","[0.42162051796913147, 0.5783795118331909]","[256, 244]",0.0,0.002380046993494034,0.009995087049901485
15694,594,103.0,103,,nnknn,500,7779,15612,3027,5348,4752,10264,65,66,0.801222,0.801222,True,"[1.0, 0.0]","[0.5993889570236206, 0.400611013174057]","[256, 244]",0.0,0.002380046993494034,0.009995087049901485
15756,595,62.0,62,,nnknn,500,7779,15612,3027,5348,4752,10264,65,66,0.8004366666666667,0.8004366666666667,True,"[0.0, 1.0]","[0.40021833777427673, 0.5997816324234009]","[256, 244]",0.0,0.002380046993494034,0.009995087049901485
15806,596,50.0,50,85.70474243164062,nnknn,500,7825,15965,3039,5512,4786,10453,66,67,0.7998033333333333,0.7998033333333333,True,"[0.0, 1.0]","[0.3999016582965851, 0.6000983715057373]","[257, 243]",0.0,0.0023760602343827486,0.010495026595890522
15858,597,52.0,52,,nnknn,500,7825,15965,3039,5512,4786,10453,66,67,0.7991446666666666,0.7991446666666666,True,"[0.823988139629364, 0.17601187527179718]","[0.5650747418403625, 0.43492525815963745]","[257, 243]",0.0,0.0023760602343827486,0.010495026595890522
15917,598,59.0,59,,nnknn,500,7825,15965,3039,5512,4786,10453,66,67,0.7983973333333333,0.7983973333333333,True,"[0.0, 1.0]","[0.3991986811161041, 0.6008013486862183]","[257, 243]",0.0,0.0023760602343827486,0.010495026595890522
15945,599,28.0,28,,nnknn,500,7825,15965,3039,5512,4786,10453,66,67,0.7980426666666667,0.7980426666666667,True,"[1.0, 0.0]","[0.600978672504425, 0.39902132749557495]","[257, 243]",0.0,0.0023760602343827486,0.010495026595890522
16016,600,71.0,71,62.929988861083984,nnknn,500,8083,16114,3049,5661,5034,10453,67,68,0.7971433333333333,0.7971433333333333,True,"[0.0, 1.0]","[0.3985716700553894, 0.6014283299446106]","[256, 244]",0.0,0.0023831708822399378,0.009995155036449432
16027,601,11.0,11,,nnknn,500,8083,16114,3049,5661,5034,10453,67,68,0.797004,0.797004,True,"[0.0, 1.0]","[0.398501992225647, 0.601498007774353]","[256, 244]",0.0,0.0023831708822399378,0.009995155036449432
16040,602,13.0,13,,nnknn,500,8083,16114,3049,5661,5034,10453,67,68,0.7968393333333333,0.7968393333333333,True,"[0.0, 1.0]","[0.39841967821121216, 0.6015803217887878]","[256, 244]",0.0,0.0023831708822399378,0.009995155036449432
16049,603,9.0,9,,nnknn,500,8083,16114,3049,5661,5034,10453,67,68,0.7967253333333333,0.7967253333333333,True,"[0.9145519733428955, 0.08544802665710449]","[0.5842679142951965, 0.41573208570480347]","[256, 244]",0.0,0.0023831708822399378,0.009995155036449432
16078,604,29.0,29,33.86846160888672,nnknn,500,8091,16146,3052,5675,5039,10471,67,68,0.796358,0.796358,True,"[1.0, 0.0]","[0.6018210053443909, 0.39817899465560913]","[261, 239]",0.0,0.0023631323128938675,0.01026354730129242
16133,605,55.0,55,,nnknn,500,8091,16146,3052,5675,5039,10471,67,68,0.7956613333333333,0.7956613333333333,True,"[0.3230512738227844, 0.6769487857818604]","[0.4638425409793854, 0.536157488822937]","[261, 239]",0.0,0.0023631323128938675,0.01026354730129242
16193,606,60.0,60,,nnknn,500,8091,16146,3052,5675,5039,10471,67,68,0.7949013333333333,0.7949013333333333,True,"[0.0, 1.0]","[0.39745065569877625, 0.6025493144989014]","[261, 239]",0.0,0.0023631323128938675,0.01026354730129242
16234,607,41.0,41,,nnknn,500,8091,16146,3052,5675,5039,10471,67,68,0.794382,0.794382,True,"[0.0, 1.0]","[0.39719098806381226, 0.6028090119361877]","[261, 239]",0.0,0.0023631323128938675,0.01026354730129242
16253,608,19.0,19,44.429317474365234,nnknn,500,8118,16404,3056,5784,5062,10620,70,71,0.7941413333333334,0.7941413333333334,True,"[1.0, 0.0]","[0.6029293537139893, 0.39707067608833313]","[258, 242]",0.0,0.0023633278906345367,0.010763539932668209
16302,609,49.0,49,,nnknn,500,8118,16404,3056,5784,5062,10620,70,71,0.7935206666666667,0.7935206666666667,True,"[0.10134588181972504, 0.8986541032791138]","[0.4176861643791199, 0.5823138356208801]","[258, 242]",0.0,0.0023633278906345367,0.010763539932668209
16358,610,56.0,56,,nnknn,500,8118,16404,3056,5784,5062,10620,70,71,0.7928113333333333,0.7928113333333333,True,"[0.20047494769096375, 0.7995250821113586]","[0.4379417896270752, 0.5620582103729248]","[258, 242]",0.0,0.0023633278906345367,0.010763539932668209
16375,611,17.0,17,,nnknn,500,8118,16404,3056,5784,5062,10620,70,71,0.792596,0.792596,True,"[0.1137390285730362, 0.886260986328125]","[0.4198879301548004, 0.580112099647522]","[258, 242]",0.0,0.0023633278906345367,0.010763539932668209
16416,612,41.0,41,51.5871467590332,nnknn,480,8271,16538,3181,5784,5090,10754,71,72,0.7920766666666667,0.7920766666666667,True,"[1.0, 0.0]","[0.603961706161499, 0.39603832364082336]","[251, 229]",0.0,0.0024417389649897814,0.010270749218761921
16437,613,21.0,21,,nnknn,480,8271,16538,3181,5784,5090,10754,71,72,0.7918106666666667,0.7918106666666667,True,"[1.0, 0.0]","[0.6040946245193481, 0.39590534567832947]","[251, 229]",0.0,0.0024417389649897814,0.010270749218761921
16461,614,24.0,24,,nnknn,480,8271,16538,3181,5784,5090,10754,71,72,0.7915066666666667,0.7915066666666667,True,"[1.0, 0.0]","[0.6042466759681702, 0.39575332403182983]","[251, 229]",0.0,0.0024417389649897814,0.010270749218761921
16472,615,11.0,11,,nnknn,480,8271,16538,3181,5784,5090,10754,71,72,0.7913673333333333,0.7913673333333333,True,"[0.2005259394645691, 0.7994741201400757]","[0.43751993775367737, 0.562480092048645]","[251, 229]",0.0,0.0024417389649897814,0.010270749218761921
16507,616,35.0,35,33.80925369262695,nnknn,500,8302,16608,3188,5788,5114,10820,72,73,0.790924,0.790924,True,"[1.0, 0.0]","[0.6045379638671875, 0.3954620063304901]","[265, 235]",0.0,0.0023359679616987705,0.010770577937364578
16559,617,52.0,52,,nnknn,500,8302,16608,3188,5788,5114,10820,72,73,0.7902653333333334,0.7902653333333334,True,"[1.0, 0.0]","[0.6048673391342163, 0.3951326608657837]","[265, 235]",0.0,0.0023359679616987705,0.010770577937364578
16577,618,18.0,18,,nnknn,500,8302,16608,3188,5788,5114,10820,72,73,0.7900373333333334,0.7900373333333334,True,"[0.8931571245193481, 0.10684290528297424]","[0.5825483202934265, 0.4174516797065735]","[265, 235]",0.0,0.0023359679616987705,0.010770577937364578
16605,619,28.0,28,,nnknn,500,8302,16608,3188,5788,5114,10820,72,73,0.7896826666666666,0.7896826666666666,True,"[1.0, 0.0]","[0.6051586866378784, 0.39484134316444397]","[265, 235]",0.0,0.0023359679616987705,0.010770577937364578
16619,620,14.0,14,56.949249267578125,nnknn,500,8343,16728,3205,5821,5138,10907,73,74,0.7895053333333333,0.7895053333333333,True,"[0.4986385107040405, 0.5013614892959595]","[0.4997134208679199, 0.5002865791320801]","[265, 235]",0.0,0.002327485242858529,0.011270481161773205
16686,621,67.0,67,,nnknn,500,8343,16728,3205,5821,5138,10907,73,74,0.7886566666666667,0.7886566666666667,True,"[0.0, 1.0]","[0.3943283259868622, 0.6056716442108154]","[265, 235]",0.0,0.002327485242858529,0.011270481161773205
16718,622,32.0,32,,nnknn,500,8343,16728,3205,5821,5138,10907,73,74,0.7882513333333333,0.7882513333333333,True,"[0.0, 1.0]","[0.39412567019462585, 0.6058743000030518]","[265, 235]",0.0,0.002327485242858529,0.011270481161773205
16737,623,19.0,19,,nnknn,500,8343,16728,3205,5821,5138,10907,73,74,0.7880106666666666,0.7880106666666666,True,"[0.22237224876880646, 0.7776277661323547]","[0.4411458671092987, 0.5588541030883789]","[265, 235]",0.0,0.002327485242858529,0.011270481161773205
16752,624,15.0,15,53.801204681396484,nnknn,500,8378,16901,3218,5884,5160,11017,74,75,0.7878206666666667,0.7878206666666667,True,"[1.0, 0.0]","[0.60608971118927, 0.39391031861305237]","[261, 239]",0.0,0.002345362212508917,0.011770452372729778
16775,625,23.0,23,,nnknn,500,8378,16901,3218,5884,5160,11017,74,75,0.7875293333333333,0.7875293333333333,True,"[0.0, 1.0]","[0.3937646746635437, 0.6062353253364563]","[261, 239]",0.0,0.002345362212508917,0.011770452372729778
16795,626,20.0,20,,nnknn,500,8378,16901,3218,5884,5160,11017,74,75,0.787276,0.787276,True,"[1.0, 0.0]","[0.606361985206604, 0.393638014793396]","[261, 239]",0.0,0.002345362212508917,0.011770452372729778
16866,627,71.0,71,,nnknn,500,8378,16901,3218,5884,5160,11017,74,75,0.7863766666666667,0.7863766666666667,True,"[1.0, 0.0]","[0.6068116426467896, 0.39318832755088806]","[261, 239]",0.0,0.002345362212508917,0.011770452372729778
16919,628,53.0,53,66.82555389404297,nnknn,500,8424,17123,3227,5977,5197,11146,75,76,0.7857053333333334,0.7857053333333334,True,"[0.0, 1.0]","[0.39285266399383545, 0.6071473360061646]","[258, 242]",0.0,0.0023497729562222958,0.011270477436482906
16976,629,57.0,57,,nnknn,500,8424,17123,3227,5977,5197,11146,75,76,0.7849833333333334,0.7849833333333334,True,"[1.0, 0.0]","[0.6075083017349243, 0.3924916684627533]","[258, 242]",0.0,0.0023497729562222958,0.011270477436482906
17022,630,46.0,46,,nnknn,500,8424,17123,3227,5977,5197,11146,75,76,0.7844006666666666,0.7844006666666666,True,"[0.20266874134540558, 0.7973312735557556]","[0.43589556217193604, 0.564104437828064]","[258, 242]",0.0,0.0023497729562222958,0.011270477436482906
17043,631,21.0,21,,nnknn,500,8424,17123,3227,5977,5197,11146,75,76,0.7841346666666666,0.7841346666666666,True,"[1.0, 0.0]","[0.6079326868057251, 0.3920673429965973]","[258, 242]",0.0,0.0023497729562222958,0.011270477436482906
17117,632,74.0,74,58.083740234375,nnknn,500,8448,17437,3231,6115,5217,11322,77,78,0.7831973333333333,0.7831973333333333,True,"[0.856062114238739, 0.14393794536590576]","[0.5771952271461487, 0.4228048026561737]","[257, 243]",0.0,0.002340623876079917,0.011769481934607029
17147,633,30.0,30,,nnknn,500,8448,17437,3231,6115,5217,11322,77,78,0.7828173333333334,0.7828173333333334,True,"[1.0, 0.0]","[0.6085913181304932, 0.39140865206718445]","[257, 243]",0.0,0.002340623876079917,0.011769481934607029
17177,634,30.0,30,,nnknn,500,8448,17437,3231,6115,5217,11322,77,78,0.7824373333333333,0.7824373333333333,True,"[1.0, 0.0]","[0.6087813377380371, 0.3912186622619629]","[257, 243]",0.0,0.002340623876079917,0.011769481934607029
17188,635,11.0,11,,nnknn,500,8448,17437,3231,6115,5217,11322,77,78,0.7822979999999999,0.7822979999999999,True,"[0.20934820175170898, 0.7906518578529358]","[0.43672454357147217, 0.5632754564285278]","[257, 243]",0.0,0.002340623876079917,0.011769481934607029
17258,636,70.0,70,50.12556838989258,nnknn,500,8465,17644,3238,6193,5227,11451,79,80,0.7814113333333333,0.7814113333333333,True,"[1.0, 0.0]","[0.6092942953109741, 0.3907056748867035]","[257, 243]",0.0,0.0022998307831585407,0.011609437875449657
17272,637,14.0,14,,nnknn,500,8465,17644,3238,6193,5227,11451,79,80,0.781234,0.781234,True,"[0.0, 1.0]","[0.3906170129776001, 0.6093829870223999]","[257, 243]",0.0,0.0022998307831585407,0.011609437875449657
17292,638,20.0,20,,nnknn,500,8465,17644,3238,6193,5227,11451,79,80,0.7809806666666667,0.7809806666666667,True,"[0.22404953837394714, 0.7759504914283752]","[0.43956151604652405, 0.5604385137557983]","[257, 243]",0.0,0.0022998307831585407,0.011609437875449657
17325,639,33.0,33,,nnknn,500,8465,17644,3238,6193,5227,11451,79,80,0.7805626666666666,0.7805626666666666,True,"[0.0, 1.0]","[0.3902813196182251, 0.6097186803817749]","[257, 243]",0.0,0.0022998307831585407,0.011609437875449657
17349,640,24.0,24,30.543216705322266,nnknn,500,8478,17750,3242,6218,5236,11532,80,81,0.7802586666666667,0.7802586666666667,True,"[1.0, 0.0]","[0.6098706722259521, 0.39012932777404785]","[257, 243]",0.0,0.002246212912723422,0.012109410017728806
17378,641,29.0,29,,nnknn,500,8478,17750,3242,6218,5236,11532,80,81,0.7798913333333333,0.7798913333333333,True,"[0.8957231044769287, 0.10427692532539368]","[0.5871021151542664, 0.41289791464805603]","[257, 243]",0.0,0.002246212912723422,0.012109410017728806
17389,642,11.0,11,,nnknn,500,8478,17750,3242,6218,5236,11532,80,81,0.779752,0.779752,True,"[0.9044244885444641, 0.09557554870843887]","[0.589073657989502, 0.41092634201049805]","[257, 243]",0.0,0.002246212912723422,0.012109410017728806
17423,643,34.0,34,,nnknn,500,8478,17750,3242,6218,5236,11532,80,81,0.7793213333333333,0.7793213333333333,True,"[0.0, 1.0]","[0.38966065645217896, 0.610339343547821]","[257, 243]",0.0,0.002246212912723422,0.012109410017728806
17465,644,42.0,42,22.48832130432129,nnknn,500,8517,17880,3253,6263,5264,11617,83,84,0.7787893333333333,0.7787893333333333,True,"[0.0, 1.0]","[0.3893946707248688, 0.6106053590774536]","[252, 248]",0.0,0.0022704596631228924,0.01260911300778389
17489,645,24.0,24,,nnknn,500,8517,17880,3253,6263,5264,11617,83,84,0.7784853333333334,0.7784853333333334,True,"[0.9097146391868591, 0.09028539061546326]","[0.5907577872276306, 0.4092422127723694]","[252, 248]",0.0,0.0022704596631228924,0.01260911300778389
17507,646,18.0,18,,nnknn,500,8517,17880,3253,6263,5264,11617,83,84,0.7782573333333334,0.7782573333333334,True,"[0.9185928702354431, 0.08140718191862106]","[0.5928199291229248, 0.4071801006793976]","[252, 248]",0.0,0.0022704596631228924,0.01260911300778389
17534,647,27.0,27,,nnknn,500,8517,17880,3253,6263,5264,11617,83,84,0.7779153333333333,0.7779153333333333,True,"[0.20720906555652618, 0.792790949344635]","[0.43497562408447266, 0.5650243759155273]","[252, 248]",0.0,0.0022704596631228924,0.01260911300778389
17546,648,12.0,12,36.19484329223633,nnknn,500,8547,17951,3262,6274,5285,11677,83,84,0.7777633333333334,0.7777633333333334,True,"[0.9047741889953613, 0.09522581845521927]","[0.5899556875228882, 0.4100443124771118]","[252, 248]",0.0,0.0022601091768592596,0.012441479600965977
17566,649,20.0,20,,nnknn,500,8547,17951,3262,6274,5285,11677,83,84,0.77751,0.77751,True,"[1.0, 0.0]","[0.6112450361251831, 0.3887549936771393]","[252, 248]",0.0,0.0022601091768592596,0.012441479600965977
17633,650,67.0,67,,nnknn,500,8547,17951,3262,6274,5285,11677,83,84,0.7766613333333333,0.7766613333333333,True,"[0.6974146962165833, 0.30258533358573914]","[0.5440903306007385, 0.4559096693992615]","[252, 248]",0.0,0.0022601091768592596,0.012441479600965977
17703,651,70.0,70,,nnknn,500,8547,17951,3262,6274,5285,11677,83,84,0.7757746666666667,0.7757746666666667,True,"[0.8992483019828796, 0.10075167566537857]","[0.589521586894989, 0.410478413105011]","[252, 248]",0.0,0.0022601091768592596,0.012441479600965977
17723,652,20.0,20,67.70451354980469,nnknn,500,8587,18193,3274,6373,5313,11820,90,90,0.7755213333333333,0.7755213333333333,True,"[0.31426098942756653, 0.6857390403747559]","[0.4583055377006531, 0.5416944622993469]","[250, 250]",0.0,0.002265354385599494,0.0129413902759552
17756,653,33.0,33,,nnknn,500,8587,18193,3274,6373,5313,11820,90,90,0.7751033333333334,0.7751033333333334,True,"[0.307358980178833, 0.692641019821167]","[0.4566756784915924, 0.54332435131073]","[250, 250]",0.0,0.002265354385599494,0.0129413902759552
17808,654,52.0,52,,nnknn,500,8587,18193,3274,6373,5313,11820,90,90,0.7744446666666667,0.7744446666666667,True,"[0.8013635277748108, 0.1986365020275116]","[0.5679741501808167, 0.43202584981918335]","[250, 250]",0.0,0.002265354385599494,0.0129413902759552
17852,655,44.0,44,,nnknn,500,8587,18193,3274,6373,5313,11820,90,90,0.7738873333333334,0.7738873333333334,True,"[1.0, 0.0]","[0.6130563020706177, 0.38694366812705994]","[250, 250]",0.0,0.002265354385599494,0.0129413902759552
17878,656,26.0,26,39.3721923828125,nnknn,500,8627,18405,3286,6458,5341,11947,90,90,0.773558,0.773558,True,"[0.09435941278934479, 0.9056406021118164]","[0.408145934343338, 0.5918540954589844]","[250, 250]",0.0,0.0022632533218711615,0.013441349379718304
17950,657,72.0,72,,nnknn,500,8627,18405,3286,6458,5341,11947,90,90,0.7726459999999999,0.7726459999999999,True,"[0.5601778030395508, 0.4398222267627716]","[0.5136816501617432, 0.48631834983825684]","[250, 250]",0.0,0.0022632533218711615,0.013441349379718304
17971,658,21.0,21,,nnknn,500,8627,18405,3286,6458,5341,11947,90,90,0.7723800000000001,0.7723800000000001,True,"[0.10650087893009186, 0.8934991359710693]","[0.41043174266815186, 0.5895682573318481]","[250, 250]",0.0,0.0022632533218711615,0.013441349379718304
18085,659,114.0,114,,nnknn,500,8627,18405,3286,6458,5341,11947,90,90,0.7709360000000001,0.7709360000000001,True,"[0.41833361983299255, 0.5816664099693298]","[0.4812931716442108, 0.5187067985534668]","[250, 250]",0.0,0.0022632533218711615,0.013441349379718304
18111,660,26.0,26,100.24809265136719,nnknn,500,8665,18777,3304,6618,5361,12159,91,91,0.7706066666666667,0.7706066666666667,True,"[0.09954024851322174, 0.9004597663879395]","[0.4081372022628784, 0.5918627977371216]","[249, 251]",0.0,0.002239407040178776,0.012941661290824413
18142,661,31.0,31,,nnknn,500,8665,18777,3304,6618,5361,12159,91,91,0.770214,0.770214,True,"[0.8044379949569702, 0.19556206464767456]","[0.569955587387085, 0.4300444424152374]","[249, 251]",0.0,0.002239407040178776,0.012941661290824413
18157,662,15.0,15,,nnknn,500,8665,18777,3304,6618,5361,12159,91,91,0.770024,0.770024,True,"[0.8070634603500366, 0.19293656945228577]","[0.5706171989440918, 0.4293827712535858]","[249, 251]",0.0,0.002239407040178776,0.012941661290824413
18223,663,66.0,66,,nnknn,500,8665,18777,3304,6618,5361,12159,91,91,0.769188,0.769188,True,"[0.0, 1.0]","[0.38459399342536926, 0.6154060363769531]","[249, 251]",0.0,0.002239407040178776,0.012941661290824413
18242,664,19.0,19,45.22234344482422,nnknn,500,8703,18943,3318,6678,5385,12265,92,92,0.7689473333333333,0.7689473333333333,True,"[0.0, 1.0]","[0.38447368144989014, 0.6155263185501099]","[245, 255]",0.0,0.0022913941647857428,0.013441489078104496
18271,665,29.0,29,,nnknn,500,8703,18943,3318,6678,5385,12265,92,92,0.76858,0.76858,True,"[0.8994920253753662, 0.1005079448223114]","[0.5924504399299622, 0.40754956007003784]","[245, 255]",0.0,0.0022913941647857428,0.013441489078104496
18312,666,41.0,41,,nnknn,500,8703,18943,3318,6678,5385,12265,92,92,0.7680606666666667,0.7680606666666667,True,"[0.0, 1.0]","[0.3840303421020508, 0.6159696578979492]","[245, 255]",0.0,0.0022913941647857428,0.013441489078104496
18357,667,45.0,45,,nnknn,500,8703,18943,3318,6678,5385,12265,92,92,0.7674906666666667,0.7674906666666667,True,"[0.22949406504631042, 0.7705059051513672]","[0.43710485100746155, 0.5628951787948608]","[245, 255]",0.0,0.0022913941647857428,0.013441489078104496
18377,668,20.0,20,29.6427001953125,nnknn,500,8730,19124,3331,6740,5399,12384,94,94,0.7672373333333333,0.7672373333333333,True,"[0.29394179582595825, 0.7060582041740417]","[0.45203733444213867, 0.5479626655578613]","[242, 258]",0.0,0.0022871452383697033,0.013941451907157898
18424,669,47.0,47,,nnknn,500,8730,19124,3331,6740,5399,12384,94,94,0.766642,0.766642,True,"[0.0, 1.0]","[0.38332098722457886, 0.6166790127754211]","[242, 258]",0.0,0.0022871452383697033,0.013941451907157898
18439,670,15.0,15,,nnknn,500,8730,19124,3331,6740,5399,12384,94,94,0.766452,0.766452,True,"[0.19338762760162354, 0.8066124320030212]","[0.42839130759239197, 0.5716087222099304]","[242, 258]",0.0,0.0022871452383697033,0.013941451907157898
18498,671,59.0,59,,nnknn,500,8730,19124,3331,6740,5399,12384,94,94,0.7657046666666667,0.7657046666666667,True,"[1.0, 0.0]","[0.61714768409729, 0.38285234570503235]","[242, 258]",0.0,0.0022871452383697033,0.013941451907157898
18532,672,34.0,34,57.2571907043457,nnknn,500,8767,19338,3338,6832,5429,12506,97,97,0.765274,0.765274,True,"[0.20548923313617706, 0.7945107817649841]","[0.4308706521987915, 0.5691293478012085]","[241, 259]",0.0,0.002292400924488902,0.01344157475978136
18568,673,36.0,36,,nnknn,500,8767,19338,3338,6832,5429,12506,97,97,0.764818,0.764818,True,"[0.0, 1.0]","[0.382409006357193, 0.6175910234451294]","[241, 259]",0.0,0.002292400924488902,0.01344157475978136
18592,674,24.0,24,,nnknn,500,8767,19338,3338,6832,5429,12506,97,97,0.764514,0.764514,True,"[0.9004430770874023, 0.09955693781375885]","[0.5942987203598022, 0.40570127964019775]","[241, 259]",0.0,0.002292400924488902,0.01344157475978136
18615,675,23.0,23,,nnknn,500,8767,19338,3338,6832,5429,12506,97,97,0.7642226666666667,0.7642226666666667,True,"[1.0, 0.0]","[0.6178886890411377, 0.3821113407611847]","[241, 259]",0.0,0.002292400924488902,0.01344157475978136
18638,676,23.0,23,22.66781997680664,nnknn,500,8791,19450,3346,6855,5445,12595,98,98,0.7639313333333333,0.7639313333333333,True,"[0.9034102559089661, 0.09658976644277573]","[0.5952324867248535, 0.4047674834728241]","[245, 255]",0.0,0.0022834937553852797,0.013941521756350994
18686,677,48.0,48,,nnknn,500,8791,19450,3346,6855,5445,12595,98,98,0.7633233333333334,0.7633233333333334,True,"[1.0, 0.0]","[0.6183383464813232, 0.38166165351867676]","[245, 255]",0.0,0.0022834937553852797,0.013941521756350994
18703,678,17.0,17,,nnknn,500,8791,19450,3346,6855,5445,12595,98,98,0.763108,0.763108,True,"[0.0, 1.0]","[0.3815540075302124, 0.6184459924697876]","[245, 255]",0.0,0.0022834937553852797,0.013941521756350994
18741,679,38.0,38,,nnknn,500,8791,19450,3346,6855,5445,12595,98,98,0.7626266666666667,0.7626266666666667,True,"[0.8055096864700317, 0.19449034333229065]","[0.572519838809967, 0.42748016119003296]","[245, 255]",0.0,0.0022834937553852797,0.013941521756350994
18761,680,20.0,20,42.275001525878906,nnknn,500,8829,19595,3358,6904,5471,12691,99,99,0.7623733333333333,0.7623733333333333,True,"[0.8918182253837585, 0.10818178206682205]","[0.5931064486503601, 0.4068935513496399]","[246, 254]",0.0,0.002299538115039468,0.013441561721265316
18829,681,68.0,68,,nnknn,500,8829,19595,3358,6904,5471,12691,99,99,0.761512,0.761512,True,"[0.4105322062969208, 0.5894677639007568]","[0.47866299748420715, 0.5213369727134705]","[246, 254]",0.0,0.002299538115039468,0.013441561721265316
18863,682,34.0,34,,nnknn,500,8829,19595,3358,6904,5471,12691,99,99,0.7610813333333333,0.7610813333333333,True,"[0.0, 1.0]","[0.380540668964386, 0.619459331035614]","[246, 254]",0.0,0.002299538115039468,0.013441561721265316
18881,683,18.0,18,,nnknn,500,8829,19595,3358,6904,5471,12691,99,99,0.7608533333333334,0.7608533333333334,True,"[0.21137411892414093, 0.7886258959770203]","[0.43097609281539917, 0.5690239071846008]","[246, 254]",0.0,0.002299538115039468,0.013441561721265316
18911,684,30.0,30,55.701568603515625,nnknn,500,8856,19805,3363,6988,5493,12817,101,101,0.7604733333333333,0.7604733333333333,True,"[1.0, 0.0]","[0.6197633743286133, 0.3802366554737091]","[247, 253]",0.0,0.0023163077421486378,0.013941368088126183
18985,685,74.0,74,,nnknn,500,8856,19805,3363,6988,5493,12817,101,101,0.759536,0.759536,True,"[0.4231364130973816, 0.5768636465072632]","[0.48151707649230957, 0.5184829235076904]","[247, 253]",0.0,0.0023163077421486378,0.013941368088126183
19055,686,70.0,70,,nnknn,500,8856,19805,3363,6988,5493,12817,101,101,0.7586493333333333,0.7586493333333333,True,"[0.0, 1.0]","[0.37932467460632324, 0.6206753253936768]","[247, 253]",0.0,0.0023163077421486378,0.013941368088126183
19105,687,50.0,50,,nnknn,500,8856,19805,3363,6988,5493,12817,101,101,0.758016,0.758016,True,"[0.0, 1.0]","[0.3790079951286316, 0.6209920048713684]","[247, 253]",0.0,0.0023163077421486378,0.013941368088126183
19132,688,27.0,27,69.33928680419922,nnknn,500,8905,20139,3375,7139,5530,13000,102,102,0.757674,0.757674,True,"[0.0, 1.0]","[0.378836989402771, 0.621163010597229]","[244, 256]",0.0,0.002323152031749487,0.014441344887018204
19152,689,20.0,20,,nnknn,500,8905,20139,3375,7139,5530,13000,102,102,0.7574206666666666,0.7574206666666666,True,"[1.0, 0.0]","[0.6212896704673767, 0.3787103295326233]","[244, 256]",0.0,0.002323152031749487,0.014441344887018204
19166,690,14.0,14,,nnknn,500,8905,20139,3375,7139,5530,13000,102,102,0.7572433333333333,0.7572433333333333,True,"[0.0, 1.0]","[0.3786216676235199, 0.6213783025741577]","[244, 256]",0.0,0.002323152031749487,0.014441344887018204
19188,691,22.0,22,,nnknn,500,8905,20139,3375,7139,5530,13000,102,102,0.7569646666666667,0.7569646666666667,True,"[0.23573213815689087, 0.7642679214477539]","[0.4357735812664032, 0.5642264485359192]","[244, 256]",0.0,0.002323152031749487,0.014441344887018204
19202,692,14.0,14,35.905303955078125,nnknn,500,8923,20196,3382,7140,5541,13056,106,105,0.7567873333333334,0.7567873333333334,True,"[0.2528018653392792, 0.7471981048583984]","[0.43987828493118286, 0.5601217150688171]","[245, 255]",0.0,0.002302242675796151,0.01425827108323574
19234,693,32.0,32,,nnknn,500,8923,20196,3382,7140,5541,13056,106,105,0.756382,0.756382,True,"[0.8916381001472473, 0.10836192220449448]","[0.5954101085662842, 0.4045899212360382]","[245, 255]",0.0,0.002302242675796151,0.01425827108323574
19252,694,18.0,18,,nnknn,500,8923,20196,3382,7140,5541,13056,106,105,0.756154,0.756154,True,"[0.5970587134361267, 0.4029413163661957]","[0.5236673951148987, 0.4763326346874237]","[245, 255]",0.0,0.002302242675796151,0.01425827108323574
19306,695,54.0,54,,nnknn,500,8923,20196,3382,7140,5541,13056,106,105,0.75547,0.75547,True,"[0.9043769836425781, 0.09562306851148605]","[0.5988823175430298, 0.4011177122592926]","[245, 255]",0.0,0.002302242675796151,0.01425827108323574
19341,696,35.0,35,32.16685104370117,nnknn,500,8960,20375,3397,7204,5563,13171,108,107,0.7550266666666666,0.7550266666666666,True,"[1.0, 0.0]","[0.6224867105484009, 0.3775133192539215]","[243, 257]",0.0,0.002278289059177041,0.014758211560547352
19365,697,24.0,24,,nnknn,500,8960,20375,3397,7204,5563,13171,108,107,0.7547226666666667,0.7547226666666667,True,"[0.7522833347320557, 0.24771663546562195]","[0.5618793964385986, 0.43812060356140137]","[243, 257]",0.0,0.002278289059177041,0.014758211560547352
19388,698,23.0,23,,nnknn,500,8960,20375,3397,7204,5563,13171,108,107,0.7544313333333333,0.7544313333333333,True,"[0.10101032257080078, 0.8989896774291992]","[0.4020206332206726, 0.5979793667793274]","[243, 257]",0.0,0.002278289059177041,0.014758211560547352
19403,699,15.0,15,,nnknn,500,8960,20375,3397,7204,5563,13171,108,107,0.7542413333333333,0.7542413333333333,True,"[0.0, 1.0]","[0.3771206736564636, 0.6228793263435364]","[243, 257]",0.0,0.002278289059177041,0.014758211560547352
19418,700,15.0,15,34.0871696472168,nnknn,500,8970,20454,3402,7213,5568,13241,110,109,0.7540513333333333,0.7540513333333333,True,"[0.9077132940292358, 0.09228673577308655]","[0.600276529788971, 0.39972347021102905]","[243, 257]",0.0,0.0022529438138008118,0.01525814738124609
19449,701,31.0,31,,nnknn,500,8970,20454,3402,7213,5568,13241,110,109,0.7536586666666667,0.7536586666666667,True,"[0.0, 1.0]","[0.3768293261528015, 0.6231706738471985]","[243, 257]",0.0,0.0022529438138008118,0.01525814738124609
19484,702,35.0,35,,nnknn,500,8970,20454,3402,7213,5568,13241,110,109,0.7532153333333333,0.7532153333333333,True,"[0.0, 1.0]","[0.37660765647888184, 0.6233923435211182]","[243, 257]",0.0,0.0022529438138008118,0.01525814738124609
19531,703,47.0,47,,nnknn,500,8970,20454,3402,7213,5568,13241,110,109,0.7526200000000001,0.7526200000000001,True,"[0.8744214177131653, 0.1255786120891571]","[0.5926243662834167, 0.40737563371658325]","[243, 257]",0.0,0.0022529438138008118,0.01525814738124609
19565,704,34.0,34,32.73067092895508,nnknn,500,9006,20656,3408,7298,5598,13358,110,109,0.7521893333333334,0.7521893333333334,True,"[0.0, 1.0]","[0.37609466910362244, 0.6239053010940552]","[244, 256]",0.0,0.002239359775558114,0.015757791697978973
19579,705,14.0,14,,nnknn,500,9006,20656,3408,7298,5598,13358,110,109,0.752012,0.752012,True,"[0.905425488948822, 0.09457451850175858]","[0.6005406379699707, 0.3994593620300293]","[244, 256]",0.0,0.002239359775558114,0.015757791697978973
19598,706,19.0,19,,nnknn,500,9006,20656,3408,7298,5598,13358,110,109,0.7517713333333333,0.7517713333333333,True,"[0.0, 1.0]","[0.37588566541671753, 0.6241143345832825]","[244, 256]",0.0,0.002239359775558114,0.015757791697978973
19625,707,27.0,27,,nnknn,500,9006,20656,3408,7298,5598,13358,110,109,0.7514293333333333,0.7514293333333333,True,"[0.0, 1.0]","[0.37571465969085693, 0.6242853403091431]","[244, 256]",0.0,0.002239359775558114,0.015757791697978973
19660,708,35.0,35,31.04776382446289,nnknn,500,9031,20759,3417,7323,5614,13436,111,110,0.7509859999999999,0.7509859999999999,True,"[1.0, 0.0]","[0.6245070099830627, 0.37549299001693726]","[244, 256]",0.0,0.002245350042358041,0.01625777594745159
19690,709,30.0,30,,nnknn,500,9031,20759,3417,7323,5614,13436,111,110,0.750606,0.750606,True,"[0.8985093832015991, 0.10149065405130386]","[0.5993858575820923, 0.4006141722202301]","[244, 256]",0.0,0.002245350042358041,0.01625777594745159
19714,710,24.0,24,,nnknn,500,9031,20759,3417,7323,5614,13436,111,110,0.750302,0.750302,True,"[1.0, 0.0]","[0.6248489618301392, 0.37515100836753845]","[244, 256]",0.0,0.002245350042358041,0.01625777594745159
19735,711,21.0,21,,nnknn,500,9031,20759,3417,7323,5614,13436,111,110,0.750036,0.750036,True,"[1.0, 0.0]","[0.6249819993972778, 0.37501800060272217]","[244, 256]",0.0,0.002245350042358041,0.01625777594745159
19747,712,12.0,12,35.71305465698242,nnknn,500,9046,20855,3422,7344,5624,13511,113,112,0.749884,0.749884,True,"[1.0, 0.0]","[0.6250579953193665, 0.37494200468063354]","[245, 255]",0.0,0.0022338461130857468,0.01606074906885624
19827,713,80.0,80,,nnknn,500,9046,20855,3422,7344,5624,13511,113,112,0.7488706666666667,0.7488706666666667,True,"[1.0, 0.0]","[0.625564694404602, 0.37443533539772034]","[245, 255]",0.0,0.0022338461130857468,0.01606074906885624
19919,714,92.0,92,,nnknn,500,9046,20855,3422,7344,5624,13511,113,112,0.7477053333333333,0.7477053333333333,True,"[0.2657387852668762, 0.7342612147331238]","[0.440897136926651, 0.5591028332710266]","[245, 255]",0.0,0.0022338461130857468,0.01606074906885624
19968,715,49.0,49,,nnknn,500,9046,20855,3422,7344,5624,13511,113,112,0.7470846666666666,0.7470846666666666,True,"[0.0, 1.0]","[0.37354233860969543, 0.626457691192627]","[245, 255]",0.0,0.0022338461130857468,0.01606074906885624
19982,716,14.0,14,87.81158447265625,nnknn,500,9084,21223,3434,7507,5650,13716,117,116,0.7469073333333334,0.7469073333333334,True,"[0.1054312139749527, 0.8945688009262085]","[0.4001375436782837, 0.5998624563217163]","[241, 259]",0.0,0.002277396386489272,0.015865176916122437
19993,717,11.0,11,,nnknn,500,9084,21223,3434,7507,5650,13716,117,116,0.746768,0.746768,True,"[0.8950550556182861, 0.10494496673345566]","[0.6000405550003052, 0.39995941519737244]","[241, 259]",0.0,0.002277396386489272,0.015865176916122437
20008,718,15.0,15,,nnknn,500,9084,21223,3434,7507,5650,13716,117,116,0.746578,0.746578,True,"[0.0, 1.0]","[0.37328898906707764, 0.6267110109329224]","[241, 259]",0.0,0.002277396386489272,0.015865176916122437
20031,719,23.0,23,,nnknn,500,9084,21223,3434,7507,5650,13716,117,116,0.7462866666666667,0.7462866666666667,True,"[0.0, 1.0]","[0.37314334511756897, 0.6268566846847534]","[241, 259]",0.0,0.002277396386489272,0.015865176916122437
20051,720,20.0,20,34.01837921142578,nnknn,500,9187,21228,3437,7512,5750,13716,119,118,0.7460333333333333,0.7460333333333333,True,"[0.12126718461513519, 0.8787328600883484]","[0.40381449460983276, 0.596185564994812]","[241, 259]",0.0,0.0022700238041579723,0.015671061351895332
20147,721,96.0,96,,nnknn,500,9187,21228,3437,7512,5750,13716,119,118,0.7448173333333333,0.7448173333333333,True,"[1.0, 0.0]","[0.6275913715362549, 0.3724086582660675]","[241, 259]",0.0,0.0022700238041579723,0.015671061351895332
20165,722,18.0,18,,nnknn,500,9187,21228,3437,7512,5750,13716,119,118,0.7445893333333333,0.7445893333333333,True,"[1.0, 0.0]","[0.6277053356170654, 0.37229466438293457]","[241, 259]",0.0,0.0022700238041579723,0.015671061351895332
20234,723,69.0,69,,nnknn,500,9187,21228,3437,7512,5750,13716,119,118,0.7437153333333333,0.7437153333333333,True,"[0.8272721767425537, 0.17272783815860748]","[0.5838748216629028, 0.41612517833709717]","[241, 259]",0.0,0.0022700238041579723,0.015671061351895332
20296,724,62.0,62,80.51351928710938,nnknn,500,9201,21614,3448,7691,5753,13923,121,120,0.74293,0.74293,True,"[1.0, 0.0]","[0.6285350322723389, 0.3714649975299835]","[246, 254]",0.0,0.002241019858047366,0.015171380713582039
20342,725,46.0,46,,nnknn,500,9201,21614,3448,7691,5753,13923,121,120,0.7423473333333332,0.7423473333333332,True,"[0.9019231200218201, 0.09807689487934113]","[0.6035565733909607, 0.3964434564113617]","[246, 254]",0.0,0.002241019858047366,0.015171380713582039
20408,726,66.0,66,,nnknn,500,9201,21614,3448,7691,5753,13923,121,120,0.7415113333333334,0.7415113333333334,True,"[0.8890003561973572, 0.11099965125322342]","[0.6005522012710571, 0.39944782853126526]","[246, 254]",0.0,0.002241019858047366,0.015171380713582039
20430,727,22.0,22,,nnknn,500,9201,21614,3448,7691,5753,13923,121,120,0.7412326666666667,0.7412326666666667,True,"[1.0, 0.0]","[0.6293836832046509, 0.3706163465976715]","[246, 254]",0.0,0.002241019858047366,0.015171380713582039
20460,728,30.0,30,51.4470100402832,nnknn,500,9253,21824,3469,7769,5784,14055,122,121,0.7408526666666666,0.7408526666666666,True,"[1.0, 0.0]","[0.6295737028121948, 0.37042632699012756]","[250, 250]",0.0,0.0022672167979180813,0.014982547610998154
20528,729,68.0,68,,nnknn,500,9253,21824,3469,7769,5784,14055,122,121,0.7399913333333333,0.7399913333333333,True,"[1.0, 0.0]","[0.630004346370697, 0.369995653629303]","[250, 250]",0.0,0.0022672167979180813,0.014982547610998154
20547,730,19.0,19,,nnknn,500,9253,21824,3469,7769,5784,14055,122,121,0.7397506666666667,0.7397506666666667,True,"[0.10460220277309418, 0.8953977823257446]","[0.39709800481796265, 0.6029019951820374]","[250, 250]",0.0,0.0022672167979180813,0.014982547610998154
20575,731,28.0,28,,nnknn,500,9253,21824,3469,7769,5784,14055,122,121,0.7393959999999999,0.7393959999999999,True,"[0.0, 1.0]","[0.3696979880332947, 0.6303020119667053]","[250, 250]",0.0,0.0022672167979180813,0.014982547610998154
20599,732,24.0,24,44.70416259765625,nnknn,500,9420,21882,3486,7827,5934,14055,122,121,0.739092,0.739092,True,"[1.0, 0.0]","[0.6304540038108826, 0.36954599618911743]","[248, 252]",0.0,0.0022885019425302744,0.01448262482881546
20654,733,55.0,55,,nnknn,500,9420,21882,3486,7827,5934,14055,122,121,0.7383953333333333,0.7383953333333333,True,"[1.0, 0.0]","[0.63080233335495, 0.36919766664505005]","[248, 252]",0.0,0.0022885019425302744,0.01448262482881546
20715,734,61.0,61,,nnknn,500,9420,21882,3486,7827,5934,14055,122,121,0.7376226666666666,0.7376226666666666,True,"[1.0, 0.0]","[0.6311886310577393, 0.36881133913993835]","[248, 252]",0.0,0.0022885019425302744,0.01448262482881546
20799,735,84.0,84,,nnknn,500,9420,21882,3486,7827,5934,14055,122,121,0.7365586666666666,0.7365586666666666,True,"[1.0, 0.0]","[0.6317206621170044, 0.3682793378829956]","[248, 252]",0.0,0.0022885019425302744,0.01448262482881546
20839,736,40.0,40,64.89450073242188,nnknn,500,9459,22257,3501,7999,5958,14258,124,123,0.7360519999999999,0.7360519999999999,True,"[0.0, 1.0]","[0.3680259883403778, 0.6319739818572998]","[250, 250]",0.0,0.002262754598632455,0.014933529309928417
20915,737,76.0,76,,nnknn,500,9459,22257,3501,7999,5958,14258,124,123,0.7350893333333333,0.7350893333333333,True,"[0.0, 1.0]","[0.36754468083381653, 0.6324553489685059]","[250, 250]",0.0,0.002262754598632455,0.014933529309928417
20960,738,45.0,45,,nnknn,500,9459,22257,3501,7999,5958,14258,124,123,0.7345193333333333,0.7345193333333333,True,"[0.0, 1.0]","[0.367259681224823, 0.632740318775177]","[250, 250]",0.0,0.002262754598632455,0.014933529309928417
21004,739,44.0,44,,nnknn,500,9459,22257,3501,7999,5958,14258,124,123,0.733962,0.733962,True,"[0.0, 1.0]","[0.36698099970817566, 0.633018970489502]","[250, 250]",0.0,0.002262754598632455,0.014933529309928417
21033,740,29.0,29,52.00914764404297,nnknn,500,9696,22369,3516,8111,6180,14258,126,125,0.7335946666666666,0.7335946666666666,True,"[0.0, 1.0]","[0.3667973279953003, 0.6332026720046997]","[247, 253]",0.0,0.0022669401951134205,0.01448272354900837
21077,741,44.0,44,,nnknn,500,9696,22369,3516,8111,6180,14258,126,125,0.7330373333333333,0.7330373333333333,True,"[1.0, 0.0]","[0.6334813237190247, 0.36651867628097534]","[247, 253]",0.0,0.0022669401951134205,0.01448272354900837
21099,742,22.0,22,,nnknn,500,9696,22369,3516,8111,6180,14258,126,125,0.7327586666666667,0.7327586666666667,True,"[0.0, 1.0]","[0.3663793206214905, 0.6336206793785095]","[247, 253]",0.0,0.0022669401951134205,0.01448272354900837
21142,743,43.0,43,,nnknn,500,9696,22369,3516,8111,6180,14258,126,125,0.7322139999999999,0.7322139999999999,True,"[0.0, 1.0]","[0.3661069869995117, 0.6338930130004883]","[247, 253]",0.0,0.0022669401951134205,0.01448272354900837
21191,744,49.0,49,37.29201889038086,nnknn,500,9731,22558,3532,8194,6199,14364,129,128,0.7315933333333333,0.7315933333333333,True,"[0.0, 1.0]","[0.36579665541648865, 0.634203314781189]","[248, 252]",0.0,0.0022496357560157776,0.014982696622610092
21398,745,207.0,207,,nnknn,500,9731,22558,3532,8194,6199,14364,129,128,0.7289713333333333,0.7289713333333333,True,"[0.0, 1.0]","[0.3644856810569763, 0.6355143189430237]","[248, 252]",0.0,0.0022496357560157776,0.014982696622610092
21438,746,40.0,40,,nnknn,500,9731,22558,3532,8194,6199,14364,129,128,0.7284646666666666,0.7284646666666666,True,"[0.21112844347953796, 0.7888715863227844]","[0.4215611517429352, 0.5784388780593872]","[248, 252]",0.0,0.0022496357560157776,0.014982696622610092
21487,747,49.0,49,,nnknn,500,9731,22558,3532,8194,6199,14364,129,128,0.7278439999999999,0.7278439999999999,True,"[0.0, 1.0]","[0.36392199993133545, 0.6360780000686646]","[248, 252]",0.0,0.0022496357560157776,0.014982696622610092
21583,748,96.0,96,106.16185760498047,nnknn,500,9782,23222,3552,8500,6230,14722,131,131,0.726628,0.726628,True,"[1.0, 0.0]","[0.6366859674453735, 0.3633140027523041]","[248, 252]",0.0,0.002246819669380784,0.015482649207115173
21628,749,45.0,45,,nnknn,500,9782,23222,3552,8500,6230,14722,131,131,0.726058,0.726058,True,"[0.0, 1.0]","[0.36302900314331055, 0.6369709968566895]","[248, 252]",0.0,0.002246819669380784,0.015482649207115173
21640,750,12.0,12,,nnknn,500,9782,23222,3552,8500,6230,14722,131,131,0.7259059999999999,0.7259059999999999,True,"[0.0, 1.0]","[0.3629530072212219, 0.6370469927787781]","[248, 252]",0.0,0.002246819669380784,0.015482649207115173
21675,751,35.0,35,,nnknn,500,9782,23222,3552,8500,6230,14722,131,131,0.7254626666666666,0.7254626666666666,True,"[0.8989983201026917, 0.10100167989730835]","[0.6095399260520935, 0.3904600739479065]","[248, 252]",0.0,0.002246819669380784,0.015482649207115173
21695,752,20.0,20,33.55488967895508,nnknn,500,9801,23367,3561,8543,6240,14824,131,131,0.7252093333333334,0.7252093333333334,True,"[1.0, 0.0]","[0.6373953223228455, 0.36260467767715454]","[246, 254]",0.0,0.002273437101393938,0.015982626006007195
21707,753,12.0,12,,nnknn,500,9801,23367,3561,8543,6240,14824,131,131,0.7250573333333333,0.7250573333333333,True,"[1.0, 0.0]","[0.6374713182449341, 0.36252865195274353]","[246, 254]",0.0,0.002273437101393938,0.015982626006007195
21746,754,39.0,39,,nnknn,500,9801,23367,3561,8543,6240,14824,131,131,0.7245633333333333,0.7245633333333333,True,"[1.0, 0.0]","[0.6377183198928833, 0.3622816801071167]","[246, 254]",0.0,0.002273437101393938,0.015982626006007195
21772,755,26.0,26,,nnknn,500,9801,23367,3561,8543,6240,14824,131,131,0.724234,0.724234,True,"[0.0, 1.0]","[0.3621169924736023, 0.6378830075263977]","[246, 254]",0.0,0.002273437101393938,0.015982626006007195
21796,756,24.0,24,37.00074005126953,nnknn,500,9844,23463,3579,8567,6265,14896,137,135,0.72393,0.72393,True,"[0.08919703960418701, 0.910802960395813]","[0.3865896165370941, 0.6134103536605835]","[248, 252]",0.0,0.0022816448472440243,0.015482665039598942
21852,757,56.0,56,,nnknn,500,9844,23463,3579,8567,6265,14896,137,135,0.7232206666666667,0.7232206666666667,True,"[0.0, 1.0]","[0.3616103231906891, 0.6383897066116333]","[248, 252]",0.0,0.0022816448472440243,0.015482665039598942
21864,758,12.0,12,,nnknn,500,9844,23463,3579,8567,6265,14896,137,135,0.7230686666666666,0.7230686666666666,True,"[1.0, 0.0]","[0.6384656429290771, 0.36153432726860046]","[248, 252]",0.0,0.0022816448472440243,0.015482665039598942
21979,759,115.0,115,,nnknn,500,9844,23463,3579,8567,6265,14896,137,135,0.7216119999999999,0.7216119999999999,True,"[0.1016104519367218, 0.8983895182609558]","[0.3890931308269501, 0.6109068393707275]","[248, 252]",0.0,0.0022816448472440243,0.015482665039598942
21995,760,16.0,16,90.16055297851562,nnknn,500,9903,23739,3600,8688,6303,15051,142,141,0.7214093333333333,0.7214093333333333,True,"[0.10191841423511505, 0.8980816006660461]","[0.3890981674194336, 0.6109018325805664]","[249, 251]",0.0,0.00227379216812551,0.014982691965997219
22100,761,105.0,105,,nnknn,500,9903,23739,3600,8688,6303,15051,142,141,0.7200793333333333,0.7200793333333333,True,"[0.19098633527755737, 0.8090136647224426]","[0.41350069642066956, 0.5864993333816528]","[249, 251]",0.0,0.00227379216812551,0.014982691965997219
22143,762,43.0,43,,nnknn,500,9903,23739,3600,8688,6303,15051,142,141,0.7195346666666667,0.7195346666666667,True,"[1.0, 0.0]","[0.6402326822280884, 0.359767347574234]","[249, 251]",0.0,0.00227379216812551,0.014982691965997219
22161,763,18.0,18,,nnknn,500,9903,23739,3600,8688,6303,15051,142,141,0.7193066666666666,0.7193066666666666,True,"[0.10618548095226288, 0.8938145637512207]","[0.38945889472961426, 0.6105411052703857]","[249, 251]",0.0,0.00227379216812551,0.014982691965997219
22181,764,20.0,20,71.72090911865234,nnknn,500,9933,24019,3610,8804,6323,15215,143,143,0.7190533333333333,0.7190533333333333,True,"[0.79816734790802, 0.20183268189430237]","[0.5837691426277161, 0.4162308871746063]","[244, 256]",0.0,0.0022831896785646677,0.014483107253909111
22219,765,38.0,38,,nnknn,500,9933,24019,3610,8804,6323,15215,143,143,0.718572,0.718572,True,"[0.7622097730636597, 0.23779025673866272]","[0.5737931728363037, 0.4262068271636963]","[244, 256]",0.0,0.0022831896785646677,0.014483107253909111
22266,766,47.0,47,,nnknn,500,9933,24019,3610,8804,6323,15215,143,143,0.7179766666666667,0.7179766666666667,True,"[0.9003315567970276, 0.0996684655547142]","[0.612902820110321, 0.38709717988967896]","[244, 256]",0.0,0.0022831896785646677,0.014483107253909111
22300,767,34.0,34,,nnknn,500,9933,24019,3610,8804,6323,15215,143,143,0.717546,0.717546,True,"[0.0, 1.0]","[0.35877299308776855, 0.6412270069122314]","[244, 256]",0.0,0.0022831896785646677,0.014483107253909111
22338,768,38.0,38,39.00155258178711,nnknn,500,9989,24204,3632,8869,6357,15335,146,146,0.7170646666666667,0.7170646666666667,True,"[1.0, 0.0]","[0.6414676904678345, 0.3585323393344879]","[250, 250]",0.0,0.0023036254569888115,0.01498291827738285
22351,769,13.0,13,,nnknn,500,9989,24204,3632,8869,6357,15335,146,146,0.7169,0.7169,True,"[1.0, 0.0]","[0.6415500044822693, 0.3584499955177307]","[250, 250]",0.0,0.0023036254569888115,0.01498291827738285
22389,770,38.0,38,,nnknn,500,9989,24204,3632,8869,6357,15335,146,146,0.7164186666666666,0.7164186666666666,True,"[0.10771727561950684, 0.8922827839851379]","[0.3887559473514557, 0.6112440824508667]","[250, 250]",0.0,0.0023036254569888115,0.01498291827738285
22427,771,38.0,38,,nnknn,500,9989,24204,3632,8869,6357,15335,146,146,0.7159373333333333,0.7159373333333333,True,"[0.0, 1.0]","[0.35796865820884705, 0.6420313119888306]","[250, 250]",0.0,0.0023036254569888115,0.01498291827738285
22452,772,25.0,25,40.72099304199219,nnknn,500,10032,24333,3653,8909,6379,15424,149,149,0.7156206666666667,0.7156206666666667,True,"[0.10434740781784058, 0.8956526517868042]","[0.3874845802783966, 0.6125154495239258]","[245, 255]",0.0,0.0023032696917653084,0.01548262219876051
22503,773,51.0,51,,nnknn,500,10032,24333,3653,8909,6379,15424,149,149,0.7149746666666666,0.7149746666666666,True,"[0.19738787412643433, 0.8026121854782104]","[0.4137478768825531, 0.5862521529197693]","[245, 255]",0.0,0.0023032696917653084,0.01548262219876051
22538,774,35.0,35,,nnknn,500,10032,24333,3653,8909,6379,15424,149,149,0.7145313333333334,0.7145313333333334,True,"[1.0, 0.0]","[0.6427342891693115, 0.3572656810283661]","[245, 255]",0.0,0.0023032696917653084,0.01548262219876051
22567,775,29.0,29,,nnknn,500,10032,24333,3653,8909,6379,15424,149,149,0.714164,0.714164,True,"[0.290365993976593, 0.709634006023407]","[0.44007906317710876, 0.5599209070205688]","[245, 255]",0.0,0.0023032696917653084,0.01548262219876051
22640,776,73.0,73,48.339622497558594,nnknn,500,10073,24603,3671,9015,6402,15588,150,150,0.7132393333333333,0.7132393333333333,True,"[0.7782875299453735, 0.22171252965927124]","[0.5798019170761108, 0.42019808292388916]","[244, 256]",0.0,0.00232064351439476,0.015982607379555702
22654,777,14.0,14,,nnknn,500,10073,24603,3671,9015,6402,15588,150,150,0.713062,0.713062,True,"[1.0, 0.0]","[0.643468976020813, 0.3565309941768646]","[244, 256]",0.0,0.00232064351439476,0.015982607379555702
22713,778,59.0,59,,nnknn,500,10073,24603,3671,9015,6402,15588,150,150,0.7123146666666667,0.7123146666666667,True,"[1.0, 0.0]","[0.6438426971435547, 0.3561573326587677]","[244, 256]",0.0,0.00232064351439476,0.015982607379555702
22725,779,12.0,12,,nnknn,500,10073,24603,3671,9015,6402,15588,150,150,0.7121626666666667,0.7121626666666667,True,"[0.3156006932258606, 0.6843993067741394]","[0.44692298769950867, 0.553076982498169]","[244, 256]",0.0,0.00232064351439476,0.015982607379555702
22815,780,90.0,90,75.74738311767578,nnknn,500,10108,24857,3686,9119,6422,15738,156,155,0.7110226666666666,0.7110226666666666,True,"[1.0, 0.0]","[0.6444886922836304, 0.355511337518692]","[244, 256]",0.0,0.0023518132511526346,0.01548263430595398
22846,781,31.0,31,,nnknn,500,10108,24857,3686,9119,6422,15738,156,155,0.71063,0.71063,True,"[0.10051801055669785, 0.899482011795044]","[0.3844018876552582, 0.6155980825424194]","[244, 256]",0.0,0.0023518132511526346,0.01548263430595398
22864,782,18.0,18,,nnknn,500,10108,24857,3686,9119,6422,15738,156,155,0.710402,0.710402,True,"[0.0, 1.0]","[0.35520100593566895, 0.644798994064331]","[244, 256]",0.0,0.0023518132511526346,0.01548263430595398
22903,783,39.0,39,,nnknn,500,10108,24857,3686,9119,6422,15738,156,155,0.709908,0.709908,True,"[0.8928250670433044, 0.10717494040727615]","[0.6139553785324097, 0.38604459166526794]","[244, 256]",0.0,0.0023518132511526346,0.01548263430595398
23026,784,123.0,123,83.88127136230469,nnknn,500,10140,25177,3702,9249,6438,15928,161,160,0.70835,0.70835,True,"[1.0, 0.0]","[0.6458250284194946, 0.35417500138282776]","[252, 248]",0.0,0.002356449607759714,0.015982555225491524
23059,785,33.0,33,,nnknn,500,10140,25177,3702,9249,6438,15928,161,160,0.707932,0.707932,True,"[0.09971648454666138, 0.9002835154533386]","[0.38308998942375183, 0.6169099807739258]","[252, 248]",0.0,0.002356449607759714,0.015982555225491524
23153,786,94.0,94,,nnknn,500,10140,25177,3702,9249,6438,15928,161,160,0.7067413333333333,0.7067413333333333,True,"[0.9001516699790955, 0.09984833002090454]","[0.6173479557037354, 0.38265204429626465]","[252, 248]",0.0,0.002356449607759714,0.015982555225491524
23183,787,30.0,30,,nnknn,500,10140,25177,3702,9249,6438,15928,161,160,0.7063613333333334,0.7063613333333334,True,"[0.0, 1.0]","[0.3531806766986847, 0.6468193531036377]","[252, 248]",0.0,0.002356449607759714,0.015982555225491524
23228,788,45.0,45,55.27229309082031,nnknn,500,10164,25492,3715,9374,6449,16118,162,161,0.7057913333333333,0.7057913333333333,True,"[0.0, 1.0]","[0.35289567708969116, 0.6471043229103088]","[254, 246]",0.0,0.0023948049638420343,0.01648249663412571
23343,789,115.0,115,,nnknn,500,10164,25492,3715,9374,6449,16118,162,161,0.7043346666666667,0.7043346666666667,True,"[0.8981426358222961, 0.10185740888118744]","[0.6177169680595398, 0.3822830319404602]","[254, 246]",0.0,0.0023948049638420343,0.01648249663412571
23357,790,14.0,14,,nnknn,500,10164,25492,3715,9374,6449,16118,162,161,0.7041573333333333,0.7041573333333333,True,"[0.9078518152236938, 0.09214823693037033]","[0.6206599473953247, 0.3793400526046753]","[254, 246]",0.0,0.0023948049638420343,0.01648249663412571
23377,791,20.0,20,,nnknn,500,10164,25492,3715,9374,6449,16118,162,161,0.703904,0.703904,True,"[0.8985819816589355, 0.10141802579164505]","[0.6180185079574585, 0.3819814622402191]","[254, 246]",0.0,0.0023948049638420343,0.01648249663412571
23419,792,42.0,42,84.03826904296875,nnknn,500,10191,25782,3724,9492,6467,16290,163,162,0.703372,0.703372,True,"[1.0, 0.0]","[0.6483139991760254, 0.3516860008239746]","[254, 246]",0.0,0.002443417441099882,0.01698247343301773
23441,793,22.0,22,,nnknn,500,10191,25782,3724,9492,6467,16290,163,162,0.7030933333333333,0.7030933333333333,True,"[0.0, 1.0]","[0.35154667496681213, 0.6484533548355103]","[254, 246]",0.0,0.002443417441099882,0.01698247343301773
23499,794,58.0,58,,nnknn,500,10191,25782,3724,9492,6467,16290,163,162,0.7023586666666667,0.7023586666666667,True,"[0.0, 1.0]","[0.3511793315410614, 0.6488206386566162]","[254, 246]",0.0,0.002443417441099882,0.01698247343301773
23511,795,12.0,12,,nnknn,500,10191,25782,3724,9492,6467,16290,163,162,0.7022066666666666,0.7022066666666666,True,"[0.1117219477891922, 0.888278067111969]","[0.38437339663505554, 0.6156265735626221]","[254, 246]",0.0,0.002443417441099882,0.01698247343301773
23548,796,37.0,37,48.85441207885742,nnknn,500,10226,25936,3734,9547,6492,16389,167,167,0.701738,0.701738,True,"[1.0, 0.0]","[0.6491310000419617, 0.35086899995803833]","[250, 250]",0.0,0.0024291928857564926,0.016780216246843338
23557,797,9.0,9,,nnknn,500,10226,25936,3734,9547,6492,16389,167,167,0.701624,0.701624,True,"[0.0919291079044342, 0.9080709218978882]","[0.3782414197921753, 0.6217585802078247]","[250, 250]",0.0,0.0024291928857564926,0.016780216246843338
23573,798,16.0,16,,nnknn,500,10226,25936,3734,9547,6492,16389,167,167,0.7014213333333333,0.7014213333333333,True,"[0.0, 1.0]","[0.3507106602191925, 0.6492893695831299]","[250, 250]",0.0,0.0024291928857564926,0.016780216246843338
23649,799,76.0,76,,nnknn,500,10226,25936,3734,9547,6492,16389,167,167,0.7004586666666667,0.7004586666666667,True,"[1.0, 0.0]","[0.6497706770896912, 0.35022932291030884]","[250, 250]",0.0,0.0024291928857564926,0.016780216246843338
23699,800,50.0,50,59.84687805175781,nnknn,500,10257,26152,3746,9634,6511,16518,169,170,0.6998253333333333,0.6998253333333333,True,"[0.1039581373333931, 0.8960418701171875]","[0.3811182677745819, 0.6188817024230957]","[251, 249]",0.0,0.002400022931396961,0.017280207946896553
23714,801,15.0,15,,nnknn,500,10257,26152,3746,9634,6511,16518,169,170,0.6996353333333334,0.6996353333333334,True,"[1.0, 0.0]","[0.6501823663711548, 0.3498176634311676]","[251, 249]",0.0,0.002400022931396961,0.017280207946896553
23817,802,103.0,103,,nnknn,500,10257,26152,3746,9634,6511,16518,169,170,0.6983306666666667,0.6983306666666667,True,"[0.5268285870552063, 0.4731714427471161]","[0.5080933570861816, 0.49190664291381836]","[251, 249]",0.0,0.002400022931396961,0.017280207946896553
23872,803,55.0,55,,nnknn,500,10257,26152,3746,9634,6511,16518,169,170,0.697634,0.697634,True,"[0.11028502136468887, 0.8897150158882141]","[0.3821634352207184, 0.617836594581604]","[251, 249]",0.0,0.002400022931396961,0.017280207946896553
23894,804,22.0,22,83.34207153320312,nnknn,500,10289,26453,3755,9763,6534,16690,169,170,0.6973553333333333,0.6973553333333333,True,"[1.0, 0.0]","[0.6513223648071289, 0.3486776649951935]","[247, 253]",0.0,0.0024260394275188446,0.01778007484972477
23916,805,22.0,22,,nnknn,500,10289,26453,3755,9763,6534,16690,169,170,0.6970766666666667,0.6970766666666667,True,"[0.891075849533081, 0.10892418771982193]","[0.6184660196304321, 0.38153401017189026]","[247, 253]",0.0,0.0024260394275188446,0.01778007484972477
23935,806,19.0,19,,nnknn,500,10289,26453,3755,9763,6534,16690,169,170,0.696836,0.696836,True,"[0.7179068922996521, 0.2820931375026703]","[0.5660614967346191, 0.43393847346305847]","[247, 253]",0.0,0.0024260394275188446,0.01778007484972477
23986,807,51.0,51,,nnknn,500,10289,26453,3755,9763,6534,16690,169,170,0.69619,0.69619,True,"[0.0, 1.0]","[0.34809499979019165, 0.6519050002098083]","[247, 253]",0.0,0.0024260394275188446,0.01778007484972477
24015,808,29.0,29,53.175628662109375,nnknn,454,10405,26555,3854,9763,6551,16792,172,172,0.6958226666666667,0.6958226666666667,True,"[0.0, 1.0]","[0.3479113280773163, 0.6520886421203613]","[230, 224]",0.0003293463960289955,0.002650880953297019,0.018279965966939926
24032,809,17.0,17,,nnknn,454,10405,26555,3854,9763,6551,16792,172,172,0.6956073333333334,0.6956073333333334,True,"[0.891694188117981, 0.10830581933259964]","[0.6192288398742676, 0.3807711601257324]","[230, 224]",0.0003293463960289955,0.002650880953297019,0.018279965966939926
24073,810,41.0,41,,nnknn,454,10405,26555,3854,9763,6551,16792,172,172,0.6950879999999999,0.6950879999999999,True,"[0.0, 1.0]","[0.34754401445388794, 0.6524559855461121]","[230, 224]",0.0003293463960289955,0.002650880953297019,0.018279965966939926
24149,811,76.0,76,,nnknn,454,10405,26555,3854,9763,6551,16792,172,172,0.6941253333333333,0.6941253333333333,True,"[0.4591894745826721, 0.5408105254173279]","[0.4875170886516571, 0.5124828815460205]","[230, 224]",0.0003293463960289955,0.002650880953297019,0.018279965966939926
24229,812,80.0,80,69.55791473388672,nnknn,500,10447,26838,3862,9866,6585,16972,172,172,0.693112,0.693112,True,"[0.90195631980896, 0.09804372489452362]","[0.6233555674552917, 0.37664446234703064]","[256, 244]",0.0,0.00238548475317657,0.01877991482615471
24263,813,34.0,34,,nnknn,500,10447,26838,3862,9866,6585,16972,172,172,0.6926813333333333,0.6926813333333333,True,"[0.32806992530822754, 0.6719300746917725]","[0.4471626877784729, 0.5528373122215271]","[256, 244]",0.0,0.00238548475317657,0.01877991482615471
24301,814,38.0,38,,nnknn,500,10447,26838,3862,9866,6585,16972,172,172,0.6921999999999999,0.6921999999999999,True,"[0.0, 1.0]","[0.34610000252723694, 0.6539000272750854]","[256, 244]",0.0,0.00238548475317657,0.01877991482615471
24383,815,82.0,82,,nnknn,500,10447,26838,3862,9866,6585,16972,172,172,0.6911613333333333,0.6911613333333333,True,"[0.0, 1.0]","[0.34558066725730896, 0.6544193029403687]","[256, 244]",0.0,0.00238548475317657,0.01877991482615471
24416,816,33.0,33,52.89164733886719,nnknn,500,10482,27100,3880,9961,6602,17139,175,175,0.6907433333333333,0.6907433333333333,True,"[0.0, 1.0]","[0.34537166357040405, 0.654628336429596]","[252, 248]",0.0,0.0023859913926571608,0.018565433099865913
24466,817,50.0,50,,nnknn,500,10482,27100,3880,9961,6602,17139,175,175,0.69011,0.69011,True,"[0.10383293777704239, 0.8961670398712158]","[0.37723180651664734, 0.6227681636810303]","[252, 248]",0.0,0.0023859913926571608,0.018565433099865913
24501,818,35.0,35,,nnknn,500,10482,27100,3880,9961,6602,17139,175,175,0.6896666666666667,0.6896666666666667,True,"[0.0, 1.0]","[0.3448333442211151, 0.6551666259765625]","[252, 248]",0.0,0.0023859913926571608,0.018565433099865913
24571,819,70.0,70,,nnknn,500,10482,27100,3880,9961,6602,17139,175,175,0.68878,0.68878,True,"[0.0, 1.0]","[0.34439000487327576, 0.6556099653244019]","[252, 248]",0.0,0.0023859913926571608,0.018565433099865913
24607,820,36.0,36,52.123748779296875,nnknn,500,10549,27350,3899,10069,6650,17281,176,176,0.6883239999999999,0.6883239999999999,True,"[0.0, 1.0]","[0.3441619873046875, 0.6558380126953125]","[245, 255]",0.0,0.002395803341642022,0.019065406173467636
24662,821,55.0,55,,nnknn,500,10549,27350,3899,10069,6650,17281,176,176,0.6876273333333334,0.6876273333333334,True,"[1.0, 0.0]","[0.6561863422393799, 0.3438136577606201]","[245, 255]",0.0,0.002395803341642022,0.019065406173467636
24853,822,191.0,191,,nnknn,500,10549,27350,3899,10069,6650,17281,176,176,0.685208,0.685208,True,"[0.05291895940899849, 0.9470810294151306]","[0.35926246643066406, 0.6407375335693359]","[245, 255]",0.0,0.002395803341642022,0.019065406173467636
24975,823,122.0,122,,nnknn,500,10549,27350,3899,10069,6650,17281,176,176,0.6836626666666666,0.6836626666666666,True,"[1.0, 0.0]","[0.6581686735153198, 0.3418313264846802]","[245, 255]",0.0,0.002395803341642022,0.019065406173467636
24992,824,17.0,17,114.77783203125,nnknn,500,10610,27999,3923,10372,6687,17627,178,178,0.6834473333333333,0.6834473333333333,True,"[0.0, 1.0]","[0.3417236804962158, 0.6582763195037842]","[247, 253]",0.0,0.002453350694850087,0.019565293565392494
25091,825,99.0,99,,nnknn,500,10610,27999,3923,10372,6687,17627,178,178,0.6821933333333333,0.6821933333333333,True,"[0.7056413888931274, 0.29435864090919495]","[0.5653542280197144, 0.43464580178260803]","[247, 253]",0.0,0.002453350694850087,0.019565293565392494
25111,826,20.0,20,,nnknn,500,10610,27999,3923,10372,6687,17627,178,178,0.68194,0.68194,True,"[0.15412989258766174, 0.8458700776100159]","[0.3899925649166107, 0.6100074052810669]","[247, 253]",0.0,0.002453350694850087,0.019565293565392494
25188,827,77.0,77,,nnknn,500,10610,27999,3923,10372,6687,17627,178,178,0.6809646666666667,0.6809646666666667,True,"[0.08310843259096146, 0.9168915748596191]","[0.3669968545436859, 0.6330031156539917]","[247, 253]",0.0,0.002453350694850087,0.019565293565392494
25206,828,18.0,18,90.7002944946289,nnknn,500,10667,28311,3937,10515,6730,17796,180,180,0.6807366666666667,0.6807366666666667,True,"[0.0989711657166481, 0.9010288119316101]","[0.3719661831855774, 0.6280337572097778]","[241, 259]",0.0,0.0024369005113840103,0.0200651828199625
25310,829,104.0,104,,nnknn,500,10667,28311,3937,10515,6730,17796,180,180,0.6794193333333334,0.6794193333333334,True,"[1.0, 0.0]","[0.6602903604507446, 0.33970966935157776]","[241, 259]",0.0,0.0024369005113840103,0.0200651828199625
25404,830,94.0,94,,nnknn,500,10667,28311,3937,10515,6730,17796,180,180,0.6782286666666666,0.6782286666666666,True,"[0.6072443723678589, 0.3927555978298187]","[0.5345081686973572, 0.4654918313026428]","[241, 259]",0.0,0.0024369005113840103,0.0200651828199625
25413,831,9.0,9,,nnknn,500,10667,28311,3937,10515,6730,17796,180,180,0.6781146666666666,0.6781146666666666,True,"[1.0, 0.0]","[0.6609426736831665, 0.3390573263168335]","[241, 259]",0.0,0.0024369005113840103,0.0200651828199625
25432,832,19.0,19,106.20975494384766,nnknn,500,10722,28651,3960,10666,6762,17985,185,185,0.677874,0.677874,True,"[0.0, 1.0]","[0.33893701434135437, 0.6610629558563232]","[246, 254]",0.0,0.0024777650833129883,0.020564846694469452
25567,833,135.0,135,,nnknn,500,10722,28651,3960,10666,6762,17985,185,185,0.676164,0.676164,True,"[1.0, 0.0]","[0.661918044090271, 0.3380819857120514]","[246, 254]",0.0,0.0024777650833129883,0.020564846694469452
25604,834,37.0,37,,nnknn,500,10722,28651,3960,10666,6762,17985,185,185,0.6756953333333333,0.6756953333333333,True,"[0.0, 1.0]","[0.33784767985343933, 0.6621522903442383]","[246, 254]",0.0,0.0024777650833129883,0.020564846694469452
25623,835,19.0,19,,nnknn,500,10722,28651,3960,10666,6762,17985,185,185,0.6754546666666666,0.6754546666666666,True,"[0.0, 1.0]","[0.3377273380756378, 0.6622726917266846]","[246, 254]",0.0,0.0024777650833129883,0.020564846694469452
25688,836,65.0,65,91.76116943359375,nnknn,500,10766,29047,3981,10833,6785,18214,189,189,0.6746313333333334,0.6746313333333334,True,"[0.13699090480804443, 0.8630090951919556]","[0.381888210773468, 0.618111789226532]","[248, 252]",0.0,0.0024531956296414137,0.021064728498458862
25823,837,135.0,135,,nnknn,500,10766,29047,3981,10833,6785,18214,189,189,0.6729213333333333,0.6729213333333333,True,"[0.0, 1.0]","[0.336460679769516, 0.6635392904281616]","[248, 252]",0.0,0.0024531956296414137,0.021064728498458862
25862,838,39.0,39,,nnknn,500,10766,29047,3981,10833,6785,18214,189,189,0.6724273333333333,0.6724273333333333,True,"[0.0, 1.0]","[0.3362136781215668, 0.6637862920761108]","[248, 252]",0.0,0.0024531956296414137,0.021064728498458862
25911,839,49.0,49,,nnknn,500,10766,29047,3981,10833,6785,18214,189,189,0.6718066666666667,0.6718066666666667,True,"[1.0, 0.0]","[0.6640966534614563, 0.3359033465385437]","[248, 252]",0.0,0.0024531956296414137,0.021064728498458862
25965,840,54.0,54,94.05619812011719,nnknn,500,10822,29464,3998,11015,6824,18449,191,192,0.6711226666666666,0.6711226666666666,True,"[0.9030321836471558, 0.09696783125400543]","[0.6325481534004211, 0.36745184659957886]","[253, 247]",0.0,0.002446478232741356,0.021564655005931854
26001,841,36.0,36,,nnknn,500,10822,29464,3998,11015,6824,18449,191,192,0.6706666666666667,0.6706666666666667,True,"[1.0, 0.0]","[0.6646666526794434, 0.33533334732055664]","[253, 247]",0.0,0.002446478232741356,0.021564655005931854
26055,842,54.0,54,,nnknn,500,10822,29464,3998,11015,6824,18449,191,192,0.6699826666666666,0.6699826666666666,True,"[0.0, 1.0]","[0.33499133586883545, 0.6650086641311646]","[253, 247]",0.0,0.002446478232741356,0.021564655005931854
26116,843,61.0,61,,nnknn,500,10822,29464,3998,11015,6824,18449,191,192,0.66921,0.66921,True,"[1.0, 0.0]","[0.6653950214385986, 0.33460500836372375]","[253, 247]",0.0,0.002446478232741356,0.021564655005931854
26154,844,38.0,38,53.9590950012207,nnknn,500,10877,29710,4014,11114,6863,18596,194,195,0.6687286666666666,0.6687286666666666,True,"[1.0, 0.0]","[0.6656357049942017, 0.3343643248081207]","[257, 243]",0.0,0.002509466139599681,0.02206459641456604
26166,845,12.0,12,,nnknn,500,10877,29710,4014,11114,6863,18596,194,195,0.6685766666666666,0.6685766666666666,True,"[0.0, 1.0]","[0.3342883288860321, 0.6657116413116455]","[257, 243]",0.0,0.002509466139599681,0.02206459641456604
26312,846,146.0,146,,nnknn,500,10877,29710,4014,11114,6863,18596,194,195,0.6667273333333333,0.6667273333333333,True,"[1.0, 0.0]","[0.6666363477706909, 0.3333636522293091]","[257, 243]",0.0,0.002509466139599681,0.02206459641456604
26342,847,30.0,30,,nnknn,500,10877,29710,4014,11114,6863,18596,194,195,0.6663473333333334,0.6663473333333334,True,"[0.0, 1.0]","[0.3331736624240875, 0.6668263673782349]","[257, 243]",0.0,0.002509466139599681,0.02206459641456604
26420,848,78.0,78,95.88753509521484,nnknn,500,10912,30148,4030,11306,6882,18842,195,196,0.6653593333333333,0.6653593333333333,True,"[0.13087275624275208, 0.8691272735595703]","[0.3764750063419342, 0.6235250234603882]","[257, 243]",0.0,0.0025665350258350372,0.022563396021723747
26505,849,85.0,85,,nnknn,500,10912,30148,4030,11306,6882,18842,195,196,0.6642826666666667,0.6642826666666667,True,"[0.09265676140785217, 0.9073432683944702]","[0.363247811794281, 0.636752188205719]","[257, 243]",0.0,0.0025665350258350372,0.022563396021723747
26569,850,64.0,64,,nnknn,500,10912,30148,4030,11306,6882,18842,195,196,0.6634720000000001,0.6634720000000001,True,"[0.6985074281692505, 0.3014926016330719]","[0.5668033361434937, 0.43319669365882874]","[257, 243]",0.0,0.0025665350258350372,0.022563396021723747
26584,851,15.0,15,,nnknn,500,10912,30148,4030,11306,6882,18842,195,196,0.6632819999999999,0.6632819999999999,True,"[1.0, 0.0]","[0.6683590412139893, 0.33164098858833313]","[257, 243]",0.0,0.0025665350258350372,0.022563396021723747
26710,852,126.0,126,85.97067260742188,nnknn,500,11232,30368,4050,11526,7182,18842,197,198,0.661686,0.661686,True,"[0.22891587018966675, 0.7710841298103333]","[0.40828844904899597, 0.5917115211486816]","[260, 240]",0.0,0.0026037590578198433,0.022063449025154114
26781,853,71.0,71,,nnknn,500,11232,30368,4050,11526,7182,18842,197,198,0.6607866666666666,0.6607866666666666,True,"[0.5091603398323059, 0.4908396899700165]","[0.5031073093414307, 0.49689269065856934]","[260, 240]",0.0,0.0026037590578198433,0.022063449025154114
26853,854,72.0,72,,nnknn,500,11232,30368,4050,11526,7182,18842,197,198,0.6598746666666666,0.6598746666666666,True,"[1.0, 0.0]","[0.6700626611709595, 0.3299373388290405]","[260, 240]",0.0,0.0026037590578198433,0.022063449025154114
26918,855,65.0,65,,nnknn,500,11232,30368,4050,11526,7182,18842,197,198,0.6590513333333333,0.6590513333333333,True,"[0.29885995388031006, 0.7011401057243347]","[0.43142157793045044, 0.5685784816741943]","[260, 240]",0.0,0.0026037590578198433,0.022063449025154114
26980,856,62.0,62,80.74671173095703,nnknn,500,11251,30810,4064,11717,7187,19093,199,200,0.658266,0.658266,True,"[0.9036571383476257, 0.09634289145469666]","[0.6379433870315552, 0.3620566427707672]","[264, 236]",0.0,0.002601153450086713,0.021563496440649033
27022,857,42.0,42,,nnknn,500,11251,30810,4064,11717,7187,19093,199,200,0.657734,0.657734,True,"[0.0, 1.0]","[0.32886698842048645, 0.6711330413818359]","[264, 236]",0.0,0.002601153450086713,0.021563496440649033
27061,858,39.0,39,,nnknn,500,11251,30810,4064,11717,7187,19093,199,200,0.65724,0.65724,True,"[1.0, 0.0]","[0.6713800430297852, 0.32861998677253723]","[264, 236]",0.0,0.002601153450086713,0.021563496440649033
27110,859,49.0,49,,nnknn,500,11251,30810,4064,11717,7187,19093,199,200,0.6566193333333333,0.6566193333333333,True,"[0.9017889499664307, 0.09821109473705292]","[0.6379665732383728, 0.3620334565639496]","[264, 236]",0.0,0.002601153450086713,0.021563496440649033
27130,860,20.0,20,48.89982604980469,nnknn,500,11440,30868,4078,11775,7362,19093,200,201,0.656366,0.656366,True,"[0.0, 1.0]","[0.32818299531936646, 0.6718170046806335]","[270, 230]",0.0,0.002614353084936738,0.022063469514250755
27161,861,31.0,31,,nnknn,500,11440,30868,4078,11775,7362,19093,200,201,0.6559733333333333,0.6559733333333333,True,"[0.8998808264732361, 0.10011915862560272]","[0.6375696659088135, 0.3624303340911865]","[270, 230]",0.0,0.002614353084936738,0.022063469514250755
27175,862,14.0,14,,nnknn,500,11440,30868,4078,11775,7362,19093,200,201,0.655796,0.655796,True,"[1.0, 0.0]","[0.6721019744873047, 0.3278979957103729]","[270, 230]",0.0,0.002614353084936738,0.022063469514250755
27189,863,14.0,14,,nnknn,500,11440,30868,4078,11775,7362,19093,200,201,0.6556186666666667,0.6556186666666667,True,"[1.0, 0.0]","[0.6721906661987305, 0.32780933380126953]","[270, 230]",0.0,0.002614353084936738,0.022063469514250755
27206,864,17.0,17,54.92262268066406,nnknn,500,11443,30932,4079,11796,7364,19136,205,206,0.6554033333333333,0.6554033333333333,True,"[0.0, 1.0]","[0.3277016580104828, 0.6722983121871948]","[271, 229]",0.0,0.0025731518398970366,0.021563516929745674
27226,865,20.0,20,,nnknn,500,11443,30932,4079,11796,7364,19136,205,206,0.65515,0.65515,True,"[1.0, 0.0]","[0.6724250316619873, 0.3275749981403351]","[271, 229]",0.0,0.0025731518398970366,0.021563516929745674
27270,866,44.0,44,,nnknn,500,11443,30932,4079,11796,7364,19136,205,206,0.6545926666666666,0.6545926666666666,True,"[0.09581348299980164, 0.9041865468025208]","[0.3603910207748413, 0.6396089792251587]","[271, 229]",0.0,0.0025731518398970366,0.021563516929745674
27291,867,21.0,21,,nnknn,500,11443,30932,4079,11796,7364,19136,205,206,0.6543266666666667,0.6543266666666667,True,"[0.8868042230606079, 0.11319580674171448]","[0.6337078809738159, 0.3662921190261841]","[271, 229]",0.0,0.0025731518398970366,0.021563516929745674
27392,868,101.0,101,81.40448760986328,nnknn,500,11481,31192,4098,11895,7383,19297,208,212,0.6530473333333333,0.6530473333333333,True,"[0.0, 1.0]","[0.32652366161346436, 0.6734763383865356]","[269, 231]",0.0,0.002537698019295931,0.02106362022459507
27432,869,40.0,40,,nnknn,500,11481,31192,4098,11895,7383,19297,208,212,0.6525406666666667,0.6525406666666667,True,"[0.0, 1.0]","[0.32627034187316895, 0.673729658126831]","[269, 231]",0.0,0.002537698019295931,0.02106362022459507
27459,870,27.0,27,,nnknn,500,11481,31192,4098,11895,7383,19297,208,212,0.6521986666666666,0.6521986666666666,True,"[0.09020595997571945, 0.9097940921783447]","[0.35747307538986206, 0.6425269246101379]","[269, 231]",0.0,0.002537698019295931,0.02106362022459507
27480,871,21.0,21,,nnknn,500,11481,31192,4098,11895,7383,19297,208,212,0.6519326666666667,0.6519326666666667,True,"[0.0, 1.0]","[0.32596632838249207, 0.6740336418151855]","[269, 231]",0.0,0.002537698019295931,0.02106362022459507
27594,872,114.0,114,82.20560455322266,nnknn,500,11511,31488,4112,12009,7399,19479,212,216,0.6504886666666667,0.6504886666666667,True,"[0.0, 1.0]","[0.32524433732032776, 0.6747556924819946]","[272, 228]",0.0,0.002509613521397114,0.020563818514347076
27650,873,56.0,56,,nnknn,500,11511,31488,4112,12009,7399,19479,212,216,0.6497793333333333,0.6497793333333333,True,"[0.0, 1.0]","[0.3248896598815918, 0.6751103401184082]","[272, 228]",0.0,0.002509613521397114,0.020563818514347076
27719,874,69.0,69,,nnknn,500,11511,31488,4112,12009,7399,19479,212,216,0.6489053333333333,0.6489053333333333,True,"[0.9036877155303955, 0.0963122621178627]","[0.6417325735092163, 0.3582673966884613]","[272, 228]",0.0,0.002509613521397114,0.020563818514347076
27778,875,59.0,59,,nnknn,500,11511,31488,4112,12009,7399,19479,212,216,0.648158,0.648158,True,"[0.0, 1.0]","[0.3240790069103241, 0.6759209632873535]","[272, 228]",0.0,0.002509613521397114,0.020563818514347076
27795,876,17.0,17,68.41719818115234,nnknn,500,11532,31793,4125,12128,7407,19665,217,223,0.6479426666666667,0.6479426666666667,True,"[0.8926604390144348, 0.10733957588672638]","[0.6382390260696411, 0.3617610037326813]","[265, 235]",0.0,0.002506048185750842,0.021063733845949173
27895,877,100.0,100,,nnknn,500,11532,31793,4125,12128,7407,19665,217,223,0.646676,0.646676,True,"[0.0, 1.0]","[0.32333800196647644, 0.6766619682312012]","[265, 235]",0.0,0.002506048185750842,0.021063733845949173
27937,878,42.0,42,,nnknn,500,11532,31793,4125,12128,7407,19665,217,223,0.646144,0.646144,True,"[0.0, 1.0]","[0.32307198643684387, 0.6769280433654785]","[265, 235]",0.0,0.002506048185750842,0.021063733845949173
27951,879,14.0,14,,nnknn,500,11532,31793,4125,12128,7407,19665,217,223,0.6459666666666667,0.6459666666666667,True,"[1.0, 0.0]","[0.6770166754722595, 0.3229833245277405]","[265, 235]",0.0,0.002506048185750842,0.021063733845949173
27979,880,28.0,28,78.44522857666016,nnknn,500,11573,32045,4141,12224,7432,19821,220,226,0.6456120000000001,0.6456120000000001,True,"[1.0, 0.0]","[0.6771939992904663, 0.3228060007095337]","[263, 237]",0.0,0.0025239111855626106,0.021563641726970673
28040,881,61.0,61,,nnknn,500,11573,32045,4141,12224,7432,19821,220,226,0.6448393333333333,0.6448393333333333,True,"[1.0, 0.0]","[0.6775803565979004, 0.322419673204422]","[263, 237]",0.0,0.0025239111855626106,0.021563641726970673
28060,882,20.0,20,,nnknn,500,11573,32045,4141,12224,7432,19821,220,226,0.644586,0.644586,True,"[1.0, 0.0]","[0.6777069568634033, 0.3222930133342743]","[263, 237]",0.0,0.0025239111855626106,0.021563641726970673
28099,883,39.0,39,,nnknn,500,11573,32045,4141,12224,7432,19821,220,226,0.644092,0.644092,True,"[0.10775893926620483, 0.8922410607337952]","[0.3603982925415039, 0.6396017074584961]","[263, 237]",0.0,0.0025239111855626106,0.021563641726970673
28142,884,43.0,43,53.8587760925293,nnknn,500,11609,32253,4156,12293,7453,19960,223,229,0.6435473333333332,0.6435473333333332,True,"[1.0, 0.0]","[0.6782263517379761, 0.3217736780643463]","[261, 239]",0.0,0.0025423727929592133,0.022063594311475754
28187,885,45.0,45,,nnknn,500,11609,32253,4156,12293,7453,19960,223,229,0.6429773333333333,0.6429773333333333,True,"[0.0, 1.0]","[0.3214886784553528, 0.6785113215446472]","[261, 239]",0.0,0.0025423727929592133,0.022063594311475754
28243,886,56.0,56,,nnknn,500,11609,32253,4156,12293,7453,19960,223,229,0.6422680000000001,0.6422680000000001,True,"[1.0, 0.0]","[0.6788660287857056, 0.3211340010166168]","[261, 239]",0.0,0.0025423727929592133,0.022063594311475754
28402,887,159.0,159,,nnknn,500,11609,32253,4156,12293,7453,19960,223,229,0.640254,0.640254,True,"[0.8952332735061646, 0.10476673394441605]","[0.6421835422515869, 0.3578164279460907]","[261, 239]",0.0,0.0025423727929592133,0.022063594311475754
28432,888,30.0,30,84.78346252441406,nnknn,500,11930,32456,4177,12496,7753,19960,225,231,0.639874,0.639874,True,"[0.0958169475197792, 0.9041830897331238]","[0.35444316267967224, 0.6455568075180054]","[259, 241]",0.0,0.002610601019114256,0.02256358228623867
28524,889,92.0,92,,nnknn,500,11930,32456,4177,12496,7753,19960,225,231,0.6387086666666666,0.6387086666666666,True,"[0.9012706875801086, 0.09872932732105255]","[0.6449756622314453, 0.3550243675708771]","[259, 241]",0.0,0.002610601019114256,0.02256358228623867
28578,890,54.0,54,,nnknn,500,11930,32456,4177,12496,7753,19960,225,231,0.6380246666666667,0.6380246666666667,True,"[0.09818410873413086, 0.9018159508705139]","[0.35455256700515747, 0.6454474925994873]","[259, 241]",0.0,0.002610601019114256,0.02256358228623867
28635,891,57.0,57,,nnknn,500,11930,32456,4177,12496,7753,19960,225,231,0.6373026666666667,0.6373026666666667,True,"[0.0, 1.0]","[0.31865131855010986, 0.6813486814498901]","[259, 241]",0.0,0.002610601019114256,0.02256358228623867
28662,892,27.0,27,77.48965454101562,nnknn,500,11980,32778,4200,12631,7780,20147,229,235,0.6369606666666667,0.6369606666666667,True,"[0.1015705019235611, 0.8984295129776001]","[0.3553544282913208, 0.6446455717086792]","[253, 247]",0.0,0.002638967940583825,0.0220636073499918
28672,893,10.0,10,,nnknn,500,11980,32778,4200,12631,7780,20147,229,235,0.636834,0.636834,True,"[0.10356570780277252, 0.8964343070983887]","[0.35602855682373047, 0.6439714431762695]","[253, 247]",0.0,0.002638967940583825,0.0220636073499918
28763,894,91.0,91,,nnknn,500,11980,32778,4200,12631,7780,20147,229,235,0.6356813333333333,0.6356813333333333,True,"[1.0, 0.0]","[0.6821593046188354, 0.31784066557884216]","[253, 247]",0.0,0.002638967940583825,0.0220636073499918
28818,895,55.0,55,,nnknn,500,11980,32778,4200,12631,7780,20147,229,235,0.6349846666666666,0.6349846666666666,True,"[0.7876554131507874, 0.21234461665153503]","[0.6049986481666565, 0.3950013816356659]","[253, 247]",0.0,0.002638967940583825,0.0220636073499918
28848,896,30.0,30,59.57500076293945,nnknn,500,12020,33049,4216,12743,7804,20306,232,238,0.6346046666666667,0.6346046666666667,True,"[0.0, 1.0]","[0.3173023462295532, 0.6826976537704468]","[251, 249]",0.0,0.002609750721603632,0.021563755348324776
28896,897,48.0,48,,nnknn,500,12020,33049,4216,12743,7804,20306,232,238,0.6339966666666667,0.6339966666666667,True,"[0.0, 1.0]","[0.31699833273887634, 0.6830016374588013]","[251, 249]",0.0,0.002609750721603632,0.021563755348324776
28959,898,63.0,63,,nnknn,500,12020,33049,4216,12743,7804,20306,232,238,0.6331986666666667,0.6331986666666667,True,"[0.0, 1.0]","[0.3165993392467499, 0.6834006309509277]","[251, 249]",0.0,0.002609750721603632,0.021563755348324776
29027,899,68.0,68,,nnknn,500,12020,33049,4216,12743,7804,20306,232,238,0.6323373333333333,0.6323373333333333,True,"[0.0, 1.0]","[0.3161686658859253, 0.6838313341140747]","[251, 249]",0.0,0.002609750721603632,0.021563755348324776
29054,900,27.0,27,66.1365737915039,nnknn,500,12057,33344,4232,12856,7825,20488,235,241,0.6319953333333334,0.6319953333333334,True,"[1.0, 0.0]","[0.6840023398399353, 0.3159976601600647]","[247, 253]",0.0,0.0026171207427978516,0.02106378972530365
29134,901,80.0,80,,nnknn,500,12057,33344,4232,12856,7825,20488,235,241,0.6309819999999999,0.6309819999999999,True,"[1.0, 0.0]","[0.6845090389251709, 0.3154909908771515]","[247, 253]",0.0,0.0026171207427978516,0.02106378972530365
29163,902,29.0,29,,nnknn,500,12057,33344,4232,12856,7825,20488,235,241,0.6306146666666667,0.6306146666666667,True,"[1.0, 0.0]","[0.6846926808357239, 0.3153073191642761]","[247, 253]",0.0,0.0026171207427978516,0.02106378972530365
29247,903,84.0,84,,nnknn,500,12057,33344,4232,12856,7825,20488,235,241,0.6295506666666666,0.6295506666666666,True,"[0.9040665626525879, 0.0959334522485733]","[0.6496862173080444, 0.35031384229660034]","[247, 253]",0.0,0.0026171207427978516,0.02106378972530365
29321,904,74.0,74,76.19828796386719,nnknn,500,12121,33741,4251,13037,7870,20704,241,247,0.6286133333333332,0.6286133333333332,True,"[0.0, 1.0]","[0.31430667638778687, 0.6856933236122131]","[245, 255]",0.0,0.00267002428881824,0.021563740447163582
29432,905,111.0,111,,nnknn,500,12121,33741,4251,13037,7870,20704,241,247,0.6272073333333333,0.6272073333333333,True,"[0.0, 1.0]","[0.3136036694049835, 0.6863963603973389]","[245, 255]",0.0,0.00267002428881824,0.021563740447163582
29449,906,17.0,17,,nnknn,500,12121,33741,4251,13037,7870,20704,241,247,0.626992,0.626992,True,"[0.8825449347496033, 0.11745509505271912]","[0.6426923274993896, 0.35730767250061035]","[245, 255]",0.0,0.00267002428881824,0.021563740447163582
29579,907,130.0,130,,nnknn,500,12121,33741,4251,13037,7870,20704,241,247,0.6253453333333333,0.6253453333333333,True,"[1.0, 0.0]","[0.6873273253440857, 0.3126726746559143]","[245, 255]",0.0,0.00267002428881824,0.021563740447163582
29691,908,112.0,112,115.55451202392578,nnknn,500,12163,34364,4276,13309,7887,21055,243,249,0.6239266666666667,0.6239266666666667,True,"[0.0, 1.0]","[0.3119633197784424, 0.6880366802215576]","[245, 255]",0.0,0.00262758182361722,0.021063918247818947
29711,909,20.0,20,,nnknn,500,12163,34364,4276,13309,7887,21055,243,249,0.6236733333333333,0.6236733333333333,True,"[1.0, 0.0]","[0.6881633400917053, 0.3118366599082947]","[245, 255]",0.0,0.00262758182361722,0.021063918247818947
29754,910,43.0,43,,nnknn,500,12163,34364,4276,13309,7887,21055,243,249,0.6231286666666667,0.6231286666666667,True,"[0.0, 1.0]","[0.3115643262863159, 0.6884356737136841]","[245, 255]",0.0,0.00262758182361722,0.021063918247818947
29772,911,18.0,18,,nnknn,500,12163,34364,4276,13309,7887,21055,243,249,0.6229006666666667,0.6229006666666667,True,"[1.0, 0.0]","[0.6885496377944946, 0.311450332403183]","[245, 255]",0.0,0.00262758182361722,0.021063918247818947
29785,912,13.0,13,68.71682739257812,nnknn,500,12170,34474,4282,13328,7888,21146,244,251,0.622736,0.622736,True,"[0.1711137443780899, 0.8288862705230713]","[0.3759230375289917, 0.6240769624710083]","[246, 254]",0.0,0.0025897992309182882,0.020835280418395996
29794,913,9.0,9,,nnknn,500,12170,34474,4282,13328,7888,21146,244,251,0.622622,0.622622,True,"[1.0, 0.0]","[0.6886889934539795, 0.3113110065460205]","[246, 254]",0.0,0.0025897992309182882,0.020835280418395996
29814,914,20.0,20,,nnknn,500,12170,34474,4282,13328,7888,21146,244,251,0.6223686666666667,0.6223686666666667,True,"[0.0, 1.0]","[0.3111843466758728, 0.6888156533241272]","[246, 254]",0.0,0.0025897992309182882,0.020835280418395996
29841,915,27.0,27,,nnknn,500,12170,34474,4282,13328,7888,21146,244,251,0.6220266666666667,0.6220266666666667,True,"[0.0, 1.0]","[0.3110133409500122, 0.6889866590499878]","[246, 254]",0.0,0.0025897992309182882,0.020835280418395996
29904,916,63.0,63,69.3432846069336,nnknn,500,12209,34604,4298,13369,7911,21235,253,258,0.6212286666666667,0.6212286666666667,True,"[1.0, 0.0]","[0.6893856525421143, 0.31061434745788574]","[251, 249]",0.0,0.002575760241597891,0.02033529430627823
30085,917,181.0,181,,nnknn,500,12209,34604,4298,13369,7911,21235,253,258,0.6189359999999999,0.6189359999999999,True,"[0.9013873338699341, 0.0986126959323883]","[0.6529542207717896, 0.34704574942588806]","[251, 249]",0.0,0.002575760241597891,0.02033529430627823
30184,918,99.0,99,,nnknn,500,12209,34604,4298,13369,7911,21235,253,258,0.6176820000000001,0.6176820000000001,True,"[0.2752609848976135, 0.7247390151023865]","[0.4140782356262207, 0.5859217643737793]","[251, 249]",0.0,0.002575760241597891,0.02033529430627823
30215,919,31.0,31,,nnknn,500,12209,34604,4298,13369,7911,21235,253,258,0.6172893333333334,0.6172893333333334,True,"[0.0, 1.0]","[0.3086446523666382, 0.6913553476333618]","[251, 249]",0.0,0.002575760241597891,0.02033529430627823
30254,920,39.0,39,113.84552764892578,nnknn,500,12268,35161,4322,13615,7946,21546,258,262,0.6167953333333334,0.6167953333333334,True,"[0.0, 1.0]","[0.30839768052101135, 0.691602349281311]","[250, 250]",0.0,0.002615213394165039,0.019835339859128
30327,921,73.0,73,,nnknn,500,12268,35161,4322,13615,7946,21546,258,262,0.6158706666666667,0.6158706666666667,True,"[0.13914169371128082, 0.8608583211898804]","[0.36138373613357544, 0.6386162638664246]","[250, 250]",0.0,0.002615213394165039,0.019835339859128
30343,922,16.0,16,,nnknn,500,12268,35161,4322,13615,7946,21546,258,262,0.615668,0.615668,True,"[0.8924851417541504, 0.10751491785049438]","[0.6508445739746094, 0.3491554260253906]","[250, 250]",0.0,0.002615213394165039,0.019835339859128
30393,923,50.0,50,,nnknn,500,12268,35161,4322,13615,7946,21546,258,262,0.6150346666666666,0.6150346666666666,True,"[1.0, 0.0]","[0.6924827098846436, 0.30751731991767883]","[250, 250]",0.0,0.002615213394165039,0.019835339859128
30480,924,87.0,87,79.71035766601562,nnknn,500,12319,35493,4346,13750,7973,21743,260,264,0.6139326666666667,0.6139326666666667,True,"[0.1080494225025177, 0.8919505476951599]","[0.34868067502975464, 0.6513192653656006]","[248, 252]",0.0,0.0026020740624517202,0.020335249602794647
30497,925,17.0,17,,nnknn,500,12319,35493,4346,13750,7973,21743,260,264,0.6137173333333333,0.6137173333333333,True,"[0.9003755450248718, 0.09962446987628937]","[0.6546581387519836, 0.34534186124801636]","[248, 252]",0.0,0.0026020740624517202,0.020335249602794647
30592,926,95.0,95,,nnknn,500,12319,35493,4346,13750,7973,21743,260,264,0.612514,0.612514,True,"[0.4013247787952423, 0.5986751914024353]","[0.46176475286483765, 0.5382352471351624]","[248, 252]",0.0,0.0026020740624517202,0.020335249602794647
30623,927,31.0,31,,nnknn,500,12319,35493,4346,13750,7973,21743,260,264,0.6121213333333333,0.6121213333333333,True,"[0.0, 1.0]","[0.30606067180633545, 0.6939393281936646]","[248, 252]",0.0,0.0026020740624517202,0.020335249602794647
30727,928,104.0,104,97.02351379394531,nnknn,500,12376,35861,4374,13903,8002,21958,262,267,0.610804,0.610804,True,"[1.0, 0.0]","[0.6945979595184326, 0.305402010679245]","[252, 248]",0.0,0.0025875207502394915,0.01983567699790001
30777,929,50.0,50,,nnknn,500,12376,35861,4374,13903,8002,21958,262,267,0.6101706666666666,0.6101706666666666,True,"[1.0, 0.0]","[0.694914698600769, 0.30508533120155334]","[252, 248]",0.0,0.0025875207502394915,0.01983567699790001
30858,930,81.0,81,,nnknn,500,12376,35861,4374,13903,8002,21958,262,267,0.6091446666666667,0.6091446666666667,True,"[0.8997294902801514, 0.10027050226926804]","[0.6562364101409912, 0.3437635898590088]","[252, 248]",0.0,0.0025875207502394915,0.01983567699790001
30893,931,35.0,35,,nnknn,500,12376,35861,4374,13903,8002,21958,262,267,0.6087013333333333,0.6087013333333333,True,"[0.9033752679824829, 0.09662479162216187]","[0.6578401923179626, 0.34215983748435974]","[252, 248]",0.0,0.0025875207502394915,0.01983567699790001
30952,932,59.0,59,75.06217956542969,nnknn,500,12424,36175,4396,14025,8028,22150,270,274,0.607954,0.607954,True,"[0.17173254489898682, 0.8282674551010132]","[0.37130406498908997, 0.6286959648132324]","[254, 246]",0.0,0.0025859270244836807,0.020335601642727852
31071,933,119.0,119,,nnknn,500,12424,36175,4396,14025,8028,22150,270,274,0.6064466666666667,0.6064466666666667,True,"[0.8999682664871216, 0.10003171861171722]","[0.6574088335037231, 0.34259116649627686]","[254, 246]",0.0,0.0025859270244836807,0.020335601642727852
31193,934,122.0,122,,nnknn,500,12424,36175,4396,14025,8028,22150,270,274,0.6049013333333333,0.6049013333333333,True,"[0.0, 1.0]","[0.30245065689086914, 0.6975493431091309]","[254, 246]",0.0,0.0025859270244836807,0.020335601642727852
31303,935,110.0,110,,nnknn,500,12424,36175,4396,14025,8028,22150,270,274,0.6035079999999999,0.6035079999999999,True,"[0.9165774583816528, 0.08342254161834717]","[0.6651695966720581, 0.3348303735256195]","[254, 246]",0.0,0.0025859270244836807,0.020335601642727852
31347,936,44.0,44,100.02254486083984,nnknn,500,12471,36837,4421,14321,8050,22516,275,281,0.6029506666666666,0.6029506666666666,True,"[0.11078339070081711, 0.8892166018486023]","[0.34546181559562683, 0.6545381546020508]","[250, 250]",0.0,0.002598796272650361,0.01983586512506008
31460,937,113.0,113,,nnknn,500,12471,36837,4421,14321,8050,22516,275,281,0.6015193333333333,0.6015193333333333,True,"[0.3378807306289673, 0.6621192693710327]","[0.4353986084461212, 0.5646014213562012]","[250, 250]",0.0,0.002598796272650361,0.01983586512506008
31507,938,47.0,47,,nnknn,500,12471,36837,4421,14321,8050,22516,275,281,0.600924,0.600924,True,"[0.0, 1.0]","[0.300462007522583, 0.699537992477417]","[250, 250]",0.0,0.002598796272650361,0.01983586512506008
31575,939,68.0,68,,nnknn,500,12471,36837,4421,14321,8050,22516,275,281,0.6000626666666666,0.6000626666666666,True,"[0.09397940337657928, 0.9060205817222595]","[0.3376172184944153, 0.6623827815055847]","[250, 250]",0.0,0.002598796272650361,0.01983586512506008
31664,940,89.0,89,85.01477813720703,nnknn,500,12539,37333,4453,14543,8086,22790,280,288,0.5989353333333334,0.5989353333333334,True,"[0.0, 1.0]","[0.29946765303611755, 0.7005323171615601]","[247, 253]",0.0,0.0025791495572775602,0.019336039200425148
31727,941,63.0,63,,nnknn,500,12539,37333,4453,14543,8086,22790,280,288,0.5981373333333333,0.5981373333333333,True,"[0.0, 1.0]","[0.2990686595439911, 0.7009313106536865]","[247, 253]",0.0,0.0025791495572775602,0.019336039200425148
31846,942,119.0,119,,nnknn,500,12539,37333,4453,14543,8086,22790,280,288,0.59663,0.59663,True,"[0.29396530985832214, 0.7060346603393555]","[0.41689178347587585, 0.5831081867218018]","[247, 253]",0.0,0.0025791495572775602,0.019336039200425148
31918,943,72.0,72,,nnknn,500,12539,37333,4453,14543,8086,22790,280,288,0.595718,0.595718,True,"[1.0, 0.0]","[0.7021409869194031, 0.2978590130805969]","[247, 253]",0.0,0.0025791495572775602,0.019336039200425148
31946,944,28.0,28,100.01109313964844,nnknn,500,12576,37775,4474,14727,8102,23048,286,296,0.5953633333333334,0.5953633333333334,True,"[0.8924062252044678, 0.10759378969669342]","[0.6587819457054138, 0.3412180542945862]","[246, 254]",0.0,0.0025864681228995323,0.019836023449897766
32060,945,114.0,114,,nnknn,500,12576,37775,4474,14727,8102,23048,286,296,0.5939193333333334,0.5939193333333334,True,"[0.11888406425714493, 0.8811159729957581]","[0.3452361822128296, 0.6547638177871704]","[246, 254]",0.0,0.0025864681228995323,0.019836023449897766
32104,946,44.0,44,,nnknn,500,12576,37775,4474,14727,8102,23048,286,296,0.593362,0.593362,True,"[0.8857837319374084, 0.11421630531549454]","[0.6568742990493774, 0.34312567114830017]","[246, 254]",0.0,0.0025864681228995323,0.019836023449897766
32162,947,58.0,58,,nnknn,500,12576,37775,4474,14727,8102,23048,286,296,0.5926273333333334,0.5926273333333334,True,"[0.0, 1.0]","[0.29631367325782776, 0.7036863565444946]","[246, 254]",0.0,0.0025864681228995323,0.019836023449897766
32276,948,114.0,114,88.08650970458984,nnknn,500,12645,38288,4500,14959,8145,23329,290,302,0.5911833333333334,0.5911833333333334,True,"[1.0, 0.0]","[0.7044083476066589, 0.29559165239334106]","[256, 244]",0.0,0.002621880965307355,0.019336087629199028
32322,949,46.0,46,,nnknn,500,12645,38288,4500,14959,8145,23329,290,302,0.5906006666666667,0.5906006666666667,True,"[0.0, 1.0]","[0.29530033469200134, 0.7046996355056763]","[256, 244]",0.0,0.002621880965307355,0.019336087629199028
32473,950,151.0,151,,nnknn,500,12645,38288,4500,14959,8145,23329,290,302,0.588688,0.588688,True,"[1.0, 0.0]","[0.7056559920310974, 0.2943440079689026]","[256, 244]",0.0,0.002621880965307355,0.019336087629199028
32580,951,107.0,107,,nnknn,500,12645,38288,4500,14959,8145,23329,290,302,0.5873326666666667,0.5873326666666667,True,"[0.0, 1.0]","[0.2936663329601288, 0.7063336372375488]","[256, 244]",0.0,0.002621880965307355,0.019336087629199028
32641,952,61.0,61,103.55094909667969,nnknn,500,12689,38890,4519,15225,8170,23665,294,306,0.58656,0.58656,True,"[0.0, 1.0]","[0.2932800054550171, 0.7067199945449829]","[256, 244]",0.0,0.0026231594383716583,0.019836047664284706
32740,953,99.0,99,,nnknn,500,12689,38890,4519,15225,8170,23665,294,306,0.585306,0.585306,True,"[1.0, 0.0]","[0.70734703540802, 0.29265299439430237]","[256, 244]",0.0,0.0026231594383716583,0.019836047664284706
32754,954,14.0,14,,nnknn,500,12689,38890,4519,15225,8170,23665,294,306,0.5851286666666666,0.5851286666666666,True,"[0.0, 1.0]","[0.292564332485199, 0.707435667514801]","[256, 244]",0.0,0.0026231594383716583,0.019836047664284706
32817,955,63.0,63,,nnknn,500,12689,38890,4519,15225,8170,23665,294,306,0.5843306666666667,0.5843306666666667,True,"[0.0, 1.0]","[0.2921653389930725, 0.7078346610069275]","[256, 244]",0.0,0.0026231594383716583,0.019836047664284706
32837,956,20.0,20,89.8249740600586,nnknn,500,12736,39153,4533,15335,8203,23818,303,316,0.5840773333333333,0.5840773333333333,True,"[0.0, 1.0]","[0.2920386791229248, 0.7079613208770752]","[251, 249]",0.0,0.0026202681474387646,0.019336113706231117
32949,957,112.0,112,,nnknn,500,12736,39153,4533,15335,8203,23818,303,316,0.5826586666666667,0.5826586666666667,True,"[0.0, 1.0]","[0.2913293242454529, 0.7086706757545471]","[251, 249]",0.0,0.0026202681474387646,0.019336113706231117
33008,958,59.0,59,,nnknn,500,12736,39153,4533,15335,8203,23818,303,316,0.5819113333333333,0.5819113333333333,True,"[0.4166777729988098, 0.583322286605835]","[0.465163916349411, 0.5348361134529114]","[251, 249]",0.0,0.0026202681474387646,0.019336113706231117
33082,959,74.0,74,,nnknn,500,12736,39153,4533,15335,8203,23818,303,316,0.580974,0.580974,True,"[0.1191265881061554, 0.880873441696167]","[0.34040412306785583, 0.6595958471298218]","[251, 249]",0.0,0.0026202681474387646,0.019336113706231117
33197,960,115.0,115,109.39339447021484,nnknn,500,12803,39732,4553,15607,8250,24125,309,322,0.5795173333333333,0.5795173333333333,True,"[0.12062861025333405, 0.8793714046478271]","[0.34048089385032654, 0.6595190763473511]","[255, 245]",0.0,0.00264530791901052,0.01883617974817753
33293,961,96.0,96,,nnknn,500,12803,39732,4553,15607,8250,24125,309,322,0.5783013333333333,0.5783013333333333,True,"[0.0947839543223381, 0.9052160382270813]","[0.329120934009552, 0.670879065990448]","[255, 245]",0.0,0.00264530791901052,0.01883617974817753
33345,962,52.0,52,,nnknn,500,12803,39732,4553,15607,8250,24125,309,322,0.5776426666666666,0.5776426666666666,True,"[0.0, 1.0]","[0.28882133960723877, 0.7111786603927612]","[255, 245]",0.0,0.00264530791901052,0.01883617974817753
33369,963,24.0,24,,nnknn,500,12803,39732,4553,15607,8250,24125,309,322,0.5773386666666667,0.5773386666666667,True,"[0.0, 1.0]","[0.2886693477630615, 0.7113306522369385]","[255, 245]",0.0,0.00264530791901052,0.01883617974817753
33391,964,22.0,22,91.69869995117188,nnknn,500,12849,39994,4581,15696,8268,24298,312,325,0.57706,0.57706,True,"[0.8935006260871887, 0.10649943351745605]","[0.6664271354675293, 0.3335728645324707]","[252, 248]",0.0,0.0026698121801018715,0.019336063414812088
33469,965,78.0,78,,nnknn,500,12849,39994,4581,15696,8268,24298,312,325,0.5760719999999999,0.5760719999999999,True,"[0.0, 1.0]","[0.2880359888076782, 0.7119640111923218]","[252, 248]",0.0,0.0026698121801018715,0.019336063414812088
33548,966,79.0,79,,nnknn,500,12849,39994,4581,15696,8268,24298,312,325,0.5750713333333333,0.5750713333333333,True,"[0.5162883400917053, 0.4837116599082947]","[0.5069214105606079, 0.4930786192417145]","[252, 248]",0.0,0.0026698121801018715,0.019336063414812088
33675,967,127.0,127,,nnknn,500,12849,39994,4581,15696,8268,24298,312,325,0.5734626666666667,0.5734626666666667,True,"[0.16719768941402435, 0.8328023552894592]","[0.35804739594459534, 0.641952633857727]","[252, 248]",0.0,0.0026698121801018715,0.019336063414812088
33712,968,37.0,37,83.2382583618164,nnknn,500,12923,40485,4608,15917,8315,24568,316,329,0.572994,0.572994,True,"[0.0947968065738678, 0.9052032232284546]","[0.3269757926464081, 0.6730241775512695]","[250, 250]",0.0,0.0027406367007642984,0.019835995510220528
33749,969,37.0,37,,nnknn,500,12923,40485,4608,15917,8315,24568,316,329,0.5725253333333333,0.5725253333333333,True,"[0.15309132635593414, 0.846908688545227]","[0.35170531272888184, 0.6482946872711182]","[250, 250]",0.0,0.0027406367007642984,0.019835995510220528
33792,970,43.0,43,,nnknn,500,12923,40485,4608,15917,8315,24568,316,329,0.5719806666666667,0.5719806666666667,True,"[1.0, 0.0]","[0.7140096426010132, 0.28599032759666443]","[250, 250]",0.0,0.0027406367007642984,0.019835995510220528
33891,971,99.0,99,,nnknn,500,12923,40485,4608,15917,8315,24568,316,329,0.5707266666666666,0.5707266666666666,True,"[1.0, 0.0]","[0.7146366834640503, 0.2853633463382721]","[250, 250]",0.0,0.0027406367007642984,0.019835995510220528
33955,972,64.0,64,67.40350341796875,nnknn,500,12946,40865,4622,16067,8324,24798,320,333,0.569916,0.569916,True,"[1.0, 0.0]","[0.715041995048523, 0.28495800495147705]","[253, 247]",0.0,0.0027562673203647137,0.020335780456662178
34032,973,77.0,77,,nnknn,500,12946,40865,4622,16067,8324,24798,320,333,0.5689406666666667,0.5689406666666667,True,"[0.0, 1.0]","[0.2844703197479248, 0.7155296802520752]","[253, 247]",0.0,0.0027562673203647137,0.020335780456662178
34107,974,75.0,75,,nnknn,500,12946,40865,4622,16067,8324,24798,320,333,0.5679906666666666,0.5679906666666666,True,"[0.0, 1.0]","[0.2839953303337097, 0.7160046696662903]","[253, 247]",0.0,0.0027562673203647137,0.020335780456662178
34191,975,84.0,84,,nnknn,500,12946,40865,4622,16067,8324,24798,320,333,0.5669266666666667,0.5669266666666667,True,"[0.9036703705787659, 0.09632962197065353]","[0.6748188734054565, 0.32518112659454346]","[253, 247]",0.0,0.0027562673203647137,0.020335780456662178
34229,976,38.0,38,60.11893844604492,nnknn,500,12983,41297,4636,16254,8347,25043,328,339,0.5664453333333334,0.5664453333333334,True,"[0.0, 1.0]","[0.28322267532348633, 0.7167773246765137]","[250, 250]",0.0,0.0027573462575674057,0.019835807383060455
34307,977,78.0,78,,nnknn,500,12983,41297,4636,16254,8347,25043,328,339,0.5654573333333333,0.5654573333333333,True,"[0.8976465463638306, 0.10235349088907242]","[0.6727943420410156, 0.327205628156662]","[250, 250]",0.0,0.0027573462575674057,0.019835807383060455
34390,978,83.0,83,,nnknn,500,12983,41297,4636,16254,8347,25043,328,339,0.564406,0.564406,True,"[1.0, 0.0]","[0.717797040939331, 0.28220298886299133]","[250, 250]",0.0,0.0027573462575674057,0.019835807383060455
34431,979,41.0,41,,nnknn,500,12983,41297,4636,16254,8347,25043,328,339,0.5638866666666666,0.5638866666666666,True,"[0.0, 1.0]","[0.28194332122802734, 0.7180566787719727]","[250, 250]",0.0,0.0027573462575674057,0.019835807383060455
34477,980,46.0,46,83.15562438964844,nnknn,500,13018,41681,4643,16424,8375,25257,333,345,0.563304,0.563304,True,"[1.0, 0.0]","[0.7183480262756348, 0.2816520035266876]","[250, 250]",0.0,0.00276598590426147,0.020335717126727104
34703,981,226.0,226,,nnknn,500,13018,41681,4643,16424,8375,25257,333,345,0.5604413333333333,0.5604413333333333,True,"[0.9020902514457703, 0.09790971875190735]","[0.6767422556877136, 0.323257714509964]","[250, 250]",0.0,0.00276598590426147,0.020335717126727104
34727,982,24.0,24,,nnknn,500,13018,41681,4643,16424,8375,25257,333,345,0.5601373333333333,0.5601373333333333,True,"[0.0, 1.0]","[0.28006866574287415, 0.7199313640594482]","[250, 250]",0.0,0.00276598590426147,0.020335717126727104
34848,983,121.0,121,,nnknn,500,13018,41681,4643,16424,8375,25257,333,345,0.5586046666666666,0.5586046666666666,True,"[0.89042067527771, 0.10957930237054825]","[0.6723299026489258, 0.3276701271533966]","[250, 250]",0.0,0.00276598590426147,0.020335717126727104
34958,984,110.0,110,108.72052001953125,nnknn,500,13073,42521,4653,16840,8420,25681,340,357,0.5572113333333333,0.5572113333333333,True,"[0.41058337688446045, 0.5894166827201843]","[0.4604073166847229, 0.5395926833152771]","[252, 248]",0.0,0.002787539502605796,0.01983577385544777
35086,985,128.0,128,,nnknn,500,13073,42521,4653,16840,8420,25681,340,357,0.55559,0.55559,True,"[1.0, 0.0]","[0.7222050428390503, 0.2777949869632721]","[252, 248]",0.0,0.002787539502605796,0.01983577385544777
35174,986,88.0,88,,nnknn,500,13073,42521,4653,16840,8420,25681,340,357,0.5544753333333333,0.5544753333333333,True,"[1.0, 0.0]","[0.7227623462677002, 0.2772376537322998]","[252, 248]",0.0,0.002787539502605796,0.01983577385544777
35396,987,222.0,222,,nnknn,500,13073,42521,4653,16840,8420,25681,340,357,0.5516633333333334,0.5516633333333334,True,"[0.0, 1.0]","[0.2758316695690155, 0.7241683006286621]","[252, 248]",0.0,0.002787539502605796,0.01983577385544777
35586,988,190.0,190,119.40005493164062,nnknn,458,13701,43116,5253,16840,8448,26276,345,362,0.5492566666666667,0.5492566666666667,True,"[0.402974009513855, 0.597025990486145]","[0.4562661647796631, 0.5437338352203369]","[232, 226]",0.0003940194146707654,0.0030506805051118135,0.020335135981440544
35755,989,169.0,169,,nnknn,458,13701,43116,5253,16840,8448,26276,345,362,0.5471159999999999,0.5471159999999999,True,"[0.9186914563179016, 0.08130855858325958]","[0.689618706703186, 0.31038135290145874]","[232, 226]",0.0003940194146707654,0.0030506805051118135,0.020335135981440544
35813,990,58.0,58,,nnknn,458,13701,43116,5253,16840,8448,26276,345,362,0.5463813333333334,0.5463813333333334,True,"[0.0, 1.0]","[0.2731906771659851, 0.7268093228340149]","[232, 226]",0.0003940194146707654,0.0030506805051118135,0.020335135981440544
35903,991,90.0,90,,nnknn,458,13701,43116,5253,16840,8448,26276,345,362,0.5452413333333334,0.5452413333333334,True,"[1.0, 0.0]","[0.727379322052002, 0.27262067794799805]","[232, 226]",0.0003940194146707654,0.0030506805051118135,0.020335135981440544
35934,992,31.0,31,95.75474548339844,nnknn,500,13713,43675,5258,17063,8455,26612,350,367,0.5448486666666666,0.5448486666666666,True,"[1.0, 0.0]","[0.7275756597518921, 0.2724243402481079]","[253, 247]",0.0,0.002775751054286957,0.02009996771812439
36028,993,94.0,94,,nnknn,500,13713,43675,5258,17063,8455,26612,350,367,0.543658,0.543658,True,"[0.9187657237052917, 0.08123426139354706]","[0.6911003589630127, 0.3088996112346649]","[253, 247]",0.0,0.002775751054286957,0.02009996771812439
36051,994,23.0,23,,nnknn,500,13713,43675,5258,17063,8455,26612,350,367,0.5433666666666667,0.5433666666666667,True,"[0.0, 1.0]","[0.27168333530426025, 0.7283166646957397]","[253, 247]",0.0,0.002775751054286957,0.02009996771812439
36187,995,136.0,136,,nnknn,500,13713,43675,5258,17063,8455,26612,350,367,0.541644,0.541644,True,"[0.8995292782783508, 0.10047069936990738]","[0.68312668800354, 0.31687334179878235]","[253, 247]",0.0,0.002775751054286957,0.02009996771812439
36218,996,31.0,31,88.94709014892578,nnknn,500,13745,44127,5279,17246,8466,26881,352,371,0.5412513333333333,0.5412513333333333,True,"[0.0, 1.0]","[0.27062568068504333, 0.7293742895126343]","[252, 248]",0.0,0.002797535853460431,0.020599834620952606
36310,997,92.0,92,,nnknn,500,13745,44127,5279,17246,8466,26881,352,371,0.5400860000000001,0.5400860000000001,True,"[0.23247244954109192, 0.7675275802612305]","[0.3769603371620178, 0.623039722442627]","[252, 248]",0.0,0.002797535853460431,0.020599834620952606
36347,998,37.0,37,,nnknn,500,13745,44127,5279,17246,8466,26881,352,371,0.5396173333333334,0.5396173333333334,True,"[0.8924021124839783, 0.10759792476892471]","[0.6806551218032837, 0.3193449079990387]","[252, 248]",0.0,0.002797535853460431,0.020599834620952606
36420,999,73.0,73,,nnknn,500,13745,44127,5279,17246,8466,26881,352,371,0.5386926666666667,0.5386926666666667,True,"[1.0, 0.0]","[0.7306536436080933, 0.26934632658958435]","[252, 248]",0.0,0.002797535853460431,0.020599834620952606
36625,1000,205.0,205,101.3293228149414,nnknn,500,13782,44829,5293,17569,8489,27260,357,376,0.536096,0.536096,True,"[0.13040322065353394, 0.8695967793464661]","[0.328542560338974, 0.6714574098587036]","[256, 244]",0.0,0.00284219509921968,0.020100142806768417
36708,1001,83.0,83,,nnknn,500,13782,44829,5293,17569,8489,27260,357,376,0.5350446666666666,0.5350446666666666,True,"[0.17240288853645325, 0.8275971412658691]","[0.3476819694042206, 0.652318000793457]","[256, 244]",0.0,0.00284219509921968,0.020100142806768417
36801,1002,93.0,93,,nnknn,500,13782,44829,5293,17569,8489,27260,357,376,0.5338666666666667,0.5338666666666667,True,"[0.15987855195999146, 0.8401215076446533]","[0.3414580523967743, 0.6585419774055481]","[256, 244]",0.0,0.00284219509921968,0.020100142806768417
36889,1003,88.0,88,,nnknn,500,13782,44829,5293,17569,8489,27260,357,376,0.532752,0.532752,True,"[1.0, 0.0]","[0.7336239814758301, 0.26637598872184753]","[256, 244]",0.0,0.00284219509921968,0.020100142806768417
37019,1004,130.0,130,86.40023040771484,nnknn,500,14232,45108,5318,17848,8914,27260,364,382,0.5311053333333333,0.5311053333333333,True,"[1.0, 0.0]","[0.7344473600387573, 0.26555266976356506]","[252, 248]",0.0,0.002908549504354596,0.0206000953912735
37220,1005,201.0,201,,nnknn,500,14232,45108,5318,17848,8914,27260,364,382,0.5285593333333334,0.5285593333333334,True,"[1.0, 0.0]","[0.7357203364372253, 0.26427966356277466]","[252, 248]",0.0,0.002908549504354596,0.0206000953912735
37311,1006,91.0,91,,nnknn,500,14232,45108,5318,17848,8914,27260,364,382,0.5274066666666666,0.5274066666666666,True,"[1.0, 0.0]","[0.7362966537475586, 0.2637033462524414]","[252, 248]",0.0,0.002908549504354596,0.0206000953912735
37591,1007,280.0,280,,nnknn,500,14232,45108,5318,17848,8914,27260,364,382,0.52386,0.52386,True,"[0.0, 1.0]","[0.261929988861084, 0.738070011138916]","[252, 248]",0.0,0.002908549504354596,0.0206000953912735
37633,1008,42.0,42,105.32077026367188,nnknn,484,14793,45669,5868,17848,8925,27821,368,387,0.523328,0.523328,True,"[0.0, 1.0]","[0.2616640031337738, 0.7383359670639038]","[243, 241]",0.0,0.003046582452952862,0.021100077778100967
37756,1009,123.0,123,,nnknn,484,14793,45669,5868,17848,8925,27821,368,387,0.5217700000000001,0.5217700000000001,True,"[0.20720738172531128, 0.7927926778793335]","[0.3599777817726135, 0.6400222778320312]","[243, 241]",0.0,0.003046582452952862,0.021100077778100967
37882,1010,126.0,126,,nnknn,484,14793,45669,5868,17848,8925,27821,368,387,0.5201739999999999,0.5201739999999999,True,"[0.13451634347438812, 0.8654837012290955]","[0.3246314525604248, 0.6753685474395752]","[243, 241]",0.0,0.003046582452952862,0.021100077778100967
37906,1011,24.0,24,,nnknn,484,14793,45669,5868,17848,8925,27821,368,387,0.51987,0.51987,True,"[0.0, 1.0]","[0.2599349915981293, 0.7400649785995483]","[243, 241]",0.0,0.003046582452952862,0.021100077778100967
37917,1012,11.0,11,103.12237548828125,nnknn,500,14852,46092,5881,18037,8971,28055,372,391,0.5197306666666667,0.5197306666666667,True,"[0.1716180145740509, 0.8283819556236267]","[0.34228819608688354, 0.6577117443084717]","[252, 248]",0.0,0.0029509991873055696,0.021600062027573586
37958,1013,41.0,41,,nnknn,500,14852,46092,5881,18037,8971,28055,372,391,0.5192113333333332,0.5192113333333332,True,"[1.0, 0.0]","[0.7403943538665771, 0.25960567593574524]","[252, 248]",0.0,0.0029509991873055696,0.021600062027573586
37995,1014,37.0,37,,nnknn,500,14852,46092,5881,18037,8971,28055,372,391,0.5187426666666667,0.5187426666666667,True,"[0.23221725225448608, 0.7677827477455139]","[0.3711276054382324, 0.6288723945617676]","[252, 248]",0.0,0.0029509991873055696,0.021600062027573586
38021,1015,26.0,26,,nnknn,500,14852,46092,5881,18037,8971,28055,372,391,0.5184133333333334,0.5184133333333334,True,"[0.8917282223701477, 0.10827178508043289]","[0.6886510848999023, 0.31134891510009766]","[252, 248]",0.0,0.0029509991873055696,0.021600062027573586
38108,1016,87.0,87,61.332725524902344,nnknn,500,14889,46350,5892,18135,8997,28215,376,396,0.5173113333333333,0.5173113333333333,True,"[0.09981246292591095, 0.9001875519752502]","[0.30683401226997375, 0.6931660175323486]","[252, 248]",0.0,0.0029117842204868793,0.021368302404880524
38149,1017,41.0,41,,nnknn,500,14889,46350,5892,18135,8997,28215,376,396,0.5167919999999999,0.5167919999999999,True,"[1.0, 0.0]","[0.7416039705276489, 0.2583959996700287]","[252, 248]",0.0,0.0029117842204868793,0.021368302404880524
38285,1018,136.0,136,,nnknn,500,14889,46350,5892,18135,8997,28215,376,396,0.5150693333333334,0.5150693333333334,True,"[0.0, 1.0]","[0.2575346529483795, 0.7424653768539429]","[252, 248]",0.0,0.0029117842204868793,0.021368302404880524
38304,1019,19.0,19,,nnknn,500,14889,46350,5892,18135,8997,28215,376,396,0.5148286666666666,0.5148286666666666,True,"[0.0, 1.0]","[0.2574143409729004, 0.7425856590270996]","[252, 248]",0.0,0.0029117842204868793,0.021368302404880524
38328,1020,24.0,24,91.85614013671875,nnknn,500,14900,46686,5899,18263,9001,28423,384,404,0.5145246666666667,0.5145246666666667,True,"[1.0, 0.0]","[0.7427376508712769, 0.25726231932640076]","[252, 248]",0.0,0.002878627274185419,0.02086831070482731
38361,1021,33.0,33,,nnknn,500,14900,46686,5899,18263,9001,28423,384,404,0.5141066666666667,0.5141066666666667,True,"[0.0, 1.0]","[0.25705334544181824, 0.7429466247558594]","[252, 248]",0.0,0.002878627274185419,0.02086831070482731
38560,1022,199.0,199,,nnknn,500,14900,46686,5899,18263,9001,28423,384,404,0.511586,0.511586,True,"[1.0, 0.0]","[0.7442070245742798, 0.2557930052280426]","[252, 248]",0.0,0.002878627274185419,0.02086831070482731
38596,1023,36.0,36,,nnknn,500,14900,46686,5899,18263,9001,28423,384,404,0.51113,0.51113,True,"[0.3035930395126343, 0.6964069604873657]","[0.4039825201034546, 0.5960174798965454]","[252, 248]",0.0,0.002878627274185419,0.02086831070482731
38729,1024,133.0,133,116.84929656982422,nnknn,500,14962,47349,5918,18569,9044,28780,386,405,0.5094453333333333,0.5094453333333333,True,"[1.0, 0.0]","[0.7452773451805115, 0.2547226548194885]","[251, 249]",0.0,0.00288272462785244,0.02136829122900963
38786,1025,57.0,57,,nnknn,500,14962,47349,5918,18569,9044,28780,386,405,0.5087233333333333,0.5087233333333333,True,"[0.0, 1.0]","[0.25436165928840637, 0.745638370513916]","[251, 249]",0.0,0.00288272462785244,0.02136829122900963
38843,1026,57.0,57,,nnknn,500,14962,47349,5918,18569,9044,28780,386,405,0.5080013333333333,0.5080013333333333,True,"[1.0, 0.0]","[0.7459993362426758, 0.2540006637573242]","[251, 249]",0.0,0.00288272462785244,0.02136829122900963
38937,1027,94.0,94,,nnknn,500,14962,47349,5918,18569,9044,28780,386,405,0.5068106666666667,0.5068106666666667,True,"[0.195577472448349, 0.8044224977493286]","[0.3498620390892029, 0.6501379013061523]","[251, 249]",0.0,0.00288272462785244,0.02136829122900963
39070,1028,133.0,133,87.34613037109375,nnknn,466,15632,47349,6218,18569,9414,28780,389,409,0.505126,0.505126,True,"[1.0, 0.0]","[0.7474370002746582, 0.2525629997253418]","[234, 232]",0.00036880309926345944,0.0031212246976792812,0.020868320018053055
39154,1029,84.0,84,,nnknn,466,15632,47349,6218,18569,9414,28780,389,409,0.504062,0.504062,True,"[0.10200360417366028, 0.8979963660240173]","[0.30261847376823425, 0.6973814964294434]","[234, 232]",0.00036880309926345944,0.0031212246976792812,0.020868320018053055
39201,1030,47.0,47,,nnknn,466,15632,47349,6218,18569,9414,28780,389,409,0.5034666666666667,0.5034666666666667,True,"[1.0, 0.0]","[0.7482666969299316, 0.25173333287239075]","[234, 232]",0.00036880309926345944,0.0031212246976792812,0.020868320018053055
39345,1031,144.0,144,,nnknn,466,15632,47349,6218,18569,9414,28780,389,409,0.5016426666666667,0.5016426666666667,True,"[0.2335493266582489, 0.7664507031440735]","[0.36721235513687134, 0.6327877044677734]","[234, 232]",0.00036880309926345944,0.0031212246976792812,0.020868320018053055
39414,1032,69.0,69,87.39262390136719,nnknn,500,15645,47862,6230,18785,9415,29077,398,422,0.5007686666666666,0.5007686666666666,True,"[0.0, 1.0]","[0.2503843307495117, 0.7496156692504883]","[251, 249]",0.0,0.00290953041985631,0.02136831171810627
39445,1033,31.0,31,,nnknn,500,15645,47862,6230,18785,9415,29077,398,422,0.5003759999999999,0.5003759999999999,True,"[1.0, 0.0]","[0.7498120069503784, 0.2501879930496216]","[251, 249]",0.0,0.00290953041985631,0.02136831171810627
39456,1034,11.0,11,,nnknn,500,15645,47862,6230,18785,9415,29077,398,422,0.5002366666666667,0.5002366666666667,True,"[1.0, 0.0]","[0.7498816251754761, 0.25011834502220154]","[251, 249]",0.0,0.00290953041985631,0.02136831171810627
39531,1035,75.0,75,,nnknn,500,15645,47862,6230,18785,9415,29077,398,422,0.49928666666666666,0.49928666666666666,True,"[0.8120004534721375, 0.18799953162670135]","[0.6562228202819824, 0.34377720952033997]","[251, 249]",0.0,0.00290953041985631,0.02136831171810627
39563,1036,32.0,32,81.36766052246094,nnknn,500,15694,48030,6260,18831,9434,29199,405,430,0.4988813333333333,0.4988813333333333,True,"[1.0, 0.0]","[0.7505593299865723, 0.24944067001342773]","[255, 245]",0.0,0.0029298069421201944,0.020868396386504173
39705,1037,142.0,142,,nnknn,500,15694,48030,6260,18831,9434,29199,405,430,0.4970826666666667,0.4970826666666667,True,"[1.0, 0.0]","[0.7514586448669434, 0.24854134023189545]","[255, 245]",0.0,0.0029298069421201944,0.020868396386504173
39740,1038,35.0,35,,nnknn,500,15694,48030,6260,18831,9434,29199,405,430,0.4966393333333333,0.4966393333333333,True,"[1.0, 0.0]","[0.751680314540863, 0.24831967055797577]","[255, 245]",0.0,0.0029298069421201944,0.020868396386504173
39778,1039,38.0,38,,nnknn,500,15694,48030,6260,18831,9434,29199,405,430,0.496158,0.496158,True,"[0.10282663255929947, 0.8971734046936035]","[0.29988738894462585, 0.7001126408576965]","[255, 245]",0.0,0.0029298069421201944,0.020868396386504173
39871,1040,93.0,93,104.17451477050781,nnknn,500,15752,48508,6285,19038,9467,29470,409,434,0.49498,0.49498,True,"[0.0, 1.0]","[0.24749000370502472, 0.7525100111961365]","[259, 241]",0.0,0.0029300935566425323,0.02136838436126709
39927,1041,56.0,56,,nnknn,500,15752,48508,6285,19038,9467,29470,409,434,0.49427066666666664,0.49427066666666664,True,"[0.9055826663970947, 0.09441733360290527]","[0.705115020275116, 0.29488494992256165]","[259, 241]",0.0,0.0029300935566425323,0.02136838436126709
39990,1042,63.0,63,,nnknn,500,15752,48508,6285,19038,9467,29470,409,434,0.49347266666666667,0.49347266666666667,True,"[0.0, 1.0]","[0.2467363327741623, 0.7532636523246765]","[259, 241]",0.0,0.0029300935566425323,0.02136838436126709
40097,1043,107.0,107,,nnknn,500,15752,48508,6285,19038,9467,29470,409,434,0.4921173333333333,0.4921173333333333,True,"[1.0, 0.0]","[0.7539412975311279, 0.24605867266654968]","[259, 241]",0.0,0.0029300935566425323,0.02136838436126709
40117,1044,20.0,20,82.2375717163086,nnknn,500,15780,48885,6302,19187,9478,29698,417,441,0.49186399999999997,0.49186399999999997,True,"[1.0, 0.0]","[0.7540680170059204, 0.24593199789524078]","[261, 239]",0.0,0.0029593987856060266,0.021868212148547173
40208,1045,91.0,91,,nnknn,500,15780,48885,6302,19187,9478,29698,417,441,0.4907113333333333,0.4907113333333333,True,"[0.1976507306098938, 0.802349328994751]","[0.34601694345474243, 0.6539831161499023]","[261, 239]",0.0,0.0029593987856060266,0.021868212148547173
40301,1046,93.0,93,,nnknn,500,15780,48885,6302,19187,9478,29698,417,441,0.4895333333333334,0.4895333333333334,True,"[0.3444644808769226, 0.6555355787277222]","[0.42060431838035583, 0.5793957710266113]","[261, 239]",0.0,0.0029593987856060266,0.021868212148547173
40420,1047,119.0,119,,nnknn,500,15780,48885,6302,19187,9478,29698,417,441,0.48802599999999996,0.48802599999999996,True,"[1.0, 0.0]","[0.7559869885444641, 0.2440129965543747]","[261, 239]",0.0,0.0029593987856060266,0.021868212148547173
40436,1048,16.0,16,84.30862426757812,nnknn,500,15815,49403,6323,19416,9492,29987,426,457,0.4878233333333333,0.4878233333333333,True,"[0.8961139917373657, 0.10388597846031189]","[0.702880322933197, 0.2971196472644806]","[266, 234]",0.0,0.0029433448798954487,0.022367315366864204
40613,1049,177.0,177,,nnknn,500,15815,49403,6323,19416,9492,29987,426,457,0.4855813333333333,0.4855813333333333,True,"[0.10535871237516403, 0.8946413397789001]","[0.2969891428947449, 0.7030108571052551]","[266, 234]",0.0,0.0029433448798954487,0.022367315366864204
40729,1050,116.0,116,,nnknn,500,15815,49403,6323,19416,9492,29987,426,457,0.484112,0.484112,True,"[0.13825498521327972, 0.8617450594902039]","[0.31338009238243103, 0.6866199374198914]","[266, 234]",0.0,0.0029433448798954487,0.022367315366864204
41046,1051,317.0,317,,nnknn,500,15815,49403,6323,19416,9492,29987,426,457,0.4800966666666666,0.4800966666666666,True,"[0.14445315301418304, 0.8555468916893005]","[0.31515002250671387, 0.6848499774932861]","[266, 234]",0.0,0.0029433448798954487,0.022367315366864204
41224,1052,178.0,178,107.48590087890625,nnknn,500,15867,50827,6340,20100,9527,30727,435,470,0.477842,0.477842,True,"[0.0, 1.0]","[0.23892100155353546, 0.7610790133476257]","[261, 239]",0.0,0.0029611720237880945,0.022867105901241302
41254,1053,30.0,30,,nnknn,500,15867,50827,6340,20100,9527,30727,435,470,0.47746199999999994,0.47746199999999994,True,"[1.0, 0.0]","[0.7612689733505249, 0.2387309968471527]","[261, 239]",0.0,0.0029611720237880945,0.022867105901241302
41328,1054,74.0,74,,nnknn,500,15867,50827,6340,20100,9527,30727,435,470,0.4765246666666667,0.4765246666666667,True,"[0.9025397300720215, 0.09746026992797852]","[0.7107195854187012, 0.28928038477897644]","[261, 239]",0.0,0.0029611720237880945,0.022867105901241302
41465,1055,137.0,137,,nnknn,500,15867,50827,6340,20100,9527,30727,435,470,0.4747893333333333,0.4747893333333333,True,"[0.0, 1.0]","[0.23739466071128845, 0.7626053094863892]","[261, 239]",0.0,0.0029611720237880945,0.022867105901241302
41613,1056,148.0,148,99.46939086914062,nnknn,500,15913,51460,6356,20383,9557,31077,444,479,0.4729146666666667,0.4729146666666667,True,"[0.2983994483947754, 0.7016006112098694]","[0.3937392830848694, 0.6062607169151306]","[259, 241]",0.0,0.0029416538309305906,0.022367125377058983
41706,1057,93.0,93,,nnknn,500,15913,51460,6356,20383,9557,31077,444,479,0.4717366666666667,0.4717366666666667,True,"[0.11107858270406723, 0.8889214396476746]","[0.29454708099365234, 0.7054529190063477]","[259, 241]",0.0,0.0029416538309305906,0.022367125377058983
41827,1058,121.0,121,,nnknn,500,15913,51460,6356,20383,9557,31077,444,479,0.47020399999999996,0.47020399999999996,True,"[1.0, 0.0]","[0.7648980021476746, 0.23510199785232544]","[259, 241]",0.0,0.0029416538309305906,0.022367125377058983
41976,1059,149.0,149,,nnknn,500,15913,51460,6356,20383,9557,31077,444,479,0.4683166666666667,0.4683166666666667,True,"[0.15208783745765686, 0.8479121327400208]","[0.31502091884613037, 0.6849790811538696]","[259, 241]",0.0,0.0029416538309305906,0.022367125377058983
42065,1060,89.0,89,80.465576171875,nnknn,500,15935,52259,6369,20743,9566,31516,448,483,0.46718933333333335,0.46718933333333335,True,"[0.9053635001182556, 0.09463652968406677]","[0.7159820199012756, 0.28401803970336914]","[264, 236]",0.0,0.0029464757535606623,0.021867206320166588
42145,1061,80.0,80,,nnknn,500,15935,52259,6369,20743,9566,31516,448,483,0.46617600000000003,0.46617600000000003,True,"[0.0, 1.0]","[0.23308800160884857, 0.7669119834899902]","[264, 236]",0.0,0.0029464757535606623,0.021867206320166588
42261,1062,116.0,116,,nnknn,500,15935,52259,6369,20743,9566,31516,448,483,0.4647066666666667,0.4647066666666667,True,"[0.8170614838600159, 0.18293854594230652]","[0.6697208881378174, 0.3302791118621826]","[264, 236]",0.0,0.0029464757535606623,0.021867206320166588
42363,1063,102.0,102,,nnknn,500,15935,52259,6369,20743,9566,31516,448,483,0.46341466666666664,0.46341466666666664,True,"[0.1893504559993744, 0.8106495141983032]","[0.33331000804901123, 0.6666899919509888]","[264, 236]",0.0,0.0029464757535606623,0.021867206320166588
42481,1064,118.0,118,100.58582305908203,nnknn,500,16004,52935,6400,21049,9604,31886,455,491,0.46192,0.46192,True,"[1.0, 0.0]","[0.7690399885177612, 0.23095999658107758]","[256, 244]",0.0,0.0029407916590571404,0.022367175668478012
42537,1065,56.0,56,,nnknn,500,16004,52935,6400,21049,9604,31886,455,491,0.46121066666666666,0.46121066666666666,True,"[0.12079060822725296, 0.8792093992233276]","[0.2956860065460205, 0.7043139934539795]","[256, 244]",0.0,0.0029407916590571404,0.022367175668478012
42748,1066,211.0,211,,nnknn,500,16004,52935,6400,21049,9604,31886,455,491,0.458538,0.458538,True,"[0.5742837190628052, 0.4257163107395172]","[0.5402218103408813, 0.45977818965911865]","[256, 244]",0.0,0.0029407916590571404,0.022367175668478012
42904,1067,156.0,156,,nnknn,500,16004,52935,6400,21049,9604,31886,455,491,0.456562,0.456562,True,"[1.0, 0.0]","[0.7717189788818359, 0.22828100621700287]","[256, 244]",0.0,0.0029407916590571404,0.022367175668478012
43054,1068,150.0,150,122.76885223388672,nnknn,500,16068,53931,6429,21517,9639,32414,462,501,0.454662,0.454662,True,"[0.11790263652801514, 0.8820973634719849]","[0.29162779450416565, 0.7083722352981567]","[250, 250]",0.0,0.002973386785015464,0.0218672975897789
43161,1069,107.0,107,,nnknn,500,16068,53931,6429,21517,9639,32414,462,501,0.45330666666666664,0.45330666666666664,True,"[0.48834630846977234, 0.51165372133255]","[0.49362900853157043, 0.506371021270752]","[250, 250]",0.0,0.002973386785015464,0.0218672975897789
43185,1070,24.0,24,,nnknn,500,16068,53931,6429,21517,9639,32414,462,501,0.45300266666666666,0.45300266666666666,True,"[0.8897926211357117, 0.11020738631486893]","[0.7132154703140259, 0.28678447008132935]","[250, 250]",0.0,0.002973386785015464,0.0218672975897789
43434,1071,249.0,249,,nnknn,500,16068,53931,6429,21517,9639,32414,462,501,0.4498486666666667,0.4498486666666667,True,"[0.0, 1.0]","[0.22492432594299316, 0.7750756740570068]","[250, 250]",0.0,0.002973386785015464,0.0218672975897789
43506,1072,72.0,72,100.22264099121094,nnknn,500,16101,54701,6450,21858,9651,32843,472,512,0.44893666666666665,0.44893666666666665,True,"[0.0, 1.0]","[0.22446833550930023, 0.7755316495895386]","[249, 251]",0.0,0.003012682544067502,0.021367354318499565
43581,1073,75.0,75,,nnknn,500,16101,54701,6450,21858,9651,32843,472,512,0.44798666666666664,0.44798666666666664,True,"[0.8878649473190308, 0.11213506758213043]","[0.7141066193580627, 0.28589338064193726]","[249, 251]",0.0,0.003012682544067502,0.021367354318499565
43734,1074,153.0,153,,nnknn,500,16101,54701,6450,21858,9651,32843,472,512,0.44604866666666665,0.44604866666666665,True,"[1.0, 0.0]","[0.7769756317138672, 0.22302433848381042]","[249, 251]",0.0,0.003012682544067502,0.021367354318499565
43761,1075,27.0,27,,nnknn,500,16101,54701,6450,21858,9651,32843,472,512,0.4457066666666667,0.4457066666666667,True,"[0.0, 1.0]","[0.22285333275794983, 0.7771466970443726]","[249, 251]",0.0,0.003012682544067502,0.021367354318499565
43772,1076,11.0,11,107.88427734375,nnknn,500,16154,55086,6475,22024,9679,33062,483,531,0.4455673333333333,0.4455673333333333,True,"[0.0, 1.0]","[0.2227836698293686, 0.7772163152694702]","[249, 251]",0.0,0.0030863897409290075,0.021867334842681885
43877,1077,105.0,105,,nnknn,500,16154,55086,6475,22024,9679,33062,483,531,0.4442373333333334,0.4442373333333334,True,"[0.7751274704933167, 0.22487249970436096]","[0.6529055833816528, 0.3470943868160248]","[249, 251]",0.0,0.0030863897409290075,0.021867334842681885
43919,1078,42.0,42,,nnknn,500,16154,55086,6475,22024,9679,33062,483,531,0.4437053333333333,0.4437053333333333,True,"[1.0, 0.0]","[0.7781473398208618, 0.22185266017913818]","[249, 251]",0.0,0.0030863897409290075,0.021867334842681885
44257,1079,338.0,338,,nnknn,500,16154,55086,6475,22024,9679,33062,483,531,0.43942400000000004,0.43942400000000004,True,"[0.0, 1.0]","[0.2197120040655136, 0.7802879810333252]","[249, 251]",0.0,0.0030863897409290075,0.021867334842681885
44269,1080,12.0,12,110.15193939208984,nnknn,500,16203,55942,6492,22425,9711,33517,490,541,0.439272,0.439272,True,"[0.0, 1.0]","[0.2196359932422638, 0.7803640365600586]","[250, 250]",0.0,0.0031001344323158264,0.022367315366864204
44366,1081,97.0,97,,nnknn,500,16203,55942,6492,22425,9711,33517,490,541,0.43804333333333334,0.43804333333333334,True,"[0.0, 1.0]","[0.21902166306972504, 0.7809783220291138]","[250, 250]",0.0,0.0031001344323158264,0.022367315366864204
44390,1082,24.0,24,,nnknn,500,16203,55942,6492,22425,9711,33517,490,541,0.43773933333333337,0.43773933333333337,True,"[0.0, 1.0]","[0.2188696712255478, 0.781130313873291]","[250, 250]",0.0,0.0031001344323158264,0.022367315366864204
44595,1083,205.0,205,,nnknn,500,16203,55942,6492,22425,9711,33517,490,541,0.4351426666666667,0.4351426666666667,True,"[1.0, 0.0]","[0.7824286818504333, 0.21757133305072784]","[250, 250]",0.0,0.0031001344323158264,0.022367315366864204
44649,1084,54.0,54,120.35240173339844,nnknn,500,16255,56545,6513,22703,9742,33842,503,565,0.43445866666666666,0.43445866666666666,True,"[0.0, 1.0]","[0.21722933650016785, 0.7827706336975098]","[252, 248]",0.0,0.0031085326336324215,0.021867329254746437
44743,1085,94.0,94,,nnknn,500,16255,56545,6513,22703,9742,33842,503,565,0.433268,0.433268,True,"[0.0, 1.0]","[0.21663400530815125, 0.7833659648895264]","[252, 248]",0.0,0.0031085326336324215,0.021867329254746437
44789,1086,46.0,46,,nnknn,500,16255,56545,6513,22703,9742,33842,503,565,0.43268533333333337,0.43268533333333337,True,"[0.09955155849456787, 0.9004484415054321]","[0.27281972765922546, 0.7271802425384521]","[252, 248]",0.0,0.0031085326336324215,0.021867329254746437
44928,1087,139.0,139,,nnknn,500,16255,56545,6513,22703,9742,33842,503,565,0.4309246666666666,0.4309246666666666,True,"[0.9076254367828369, 0.09237459301948547]","[0.7319695949554443, 0.26803043484687805]","[252, 248]",0.0,0.0031085326336324215,0.021867329254746437
45179,1088,251.0,251,105.84426879882812,nnknn,500,16317,57458,6538,23127,9779,34331,508,569,0.4277453333333333,0.4277453333333333,True,"[0.623920202255249, 0.376079797744751]","[0.5709139108657837, 0.4290860891342163]","[256, 244]",0.0,0.0031412080861628056,0.022367283701896667
45366,1089,187.0,187,,nnknn,500,16317,57458,6538,23127,9779,34331,508,569,0.4253766666666666,0.4253766666666666,True,"[1.0, 0.0]","[0.7873116731643677, 0.21268832683563232]","[256, 244]",0.0,0.0031412080861628056,0.022367283701896667
45558,1090,192.0,192,,nnknn,500,16317,57458,6538,23127,9779,34331,508,569,0.42294466666666664,0.42294466666666664,True,"[0.4669548273086548, 0.53304523229599]","[0.4809311032295227, 0.5190689563751221]","[256, 244]",0.0,0.0031412080861628056,0.022367283701896667
45720,1091,162.0,162,,nnknn,500,16317,57458,6538,23127,9779,34331,508,569,0.4208926666666667,0.4208926666666667,True,"[0.12486710399389267, 0.8751329183578491]","[0.28275778889656067, 0.7172422409057617]","[256, 244]",0.0,0.0031412080861628056,0.022367283701896667
45746,1092,26.0,26,111.3852310180664,nnknn,500,16354,58460,6560,23586,9794,34874,516,578,0.4205633333333333,0.4205633333333333,True,"[0.10067762434482574, 0.8993223905563354]","[0.26861798763275146, 0.7313820123672485]","[257, 243]",0.0,0.003159391460940242,0.021867576986551285
45763,1093,17.0,17,,nnknn,500,16354,58460,6560,23586,9794,34874,516,578,0.42034799999999994,0.42034799999999994,True,"[0.8920730948448181, 0.1079268753528595]","[0.7272659540176392, 0.27273401618003845]","[257, 243]",0.0,0.003159391460940242,0.021867576986551285
45839,1094,76.0,76,,nnknn,500,16354,58460,6560,23586,9794,34874,516,578,0.4193853333333333,0.4193853333333333,True,"[0.19416451454162598, 0.805835485458374]","[0.3224274516105652, 0.6775726079940796]","[257, 243]",0.0,0.003159391460940242,0.021867576986551285
45926,1095,87.0,87,,nnknn,500,16354,58460,6560,23586,9794,34874,516,578,0.41828333333333334,0.41828333333333334,True,"[0.09597894549369812, 0.9040210843086243]","[0.2649742364883423, 0.7350258231163025]","[257, 243]",0.0,0.003159391460940242,0.021867576986551285
46009,1096,83.0,83,89.46559143066406,nnknn,500,16392,58863,6569,23766,9823,35097,523,589,0.41723200000000005,0.41723200000000005,True,"[0.24474531412124634, 0.7552547454833984]","[0.3512457311153412, 0.6487542986869812]","[259, 241]",0.0,0.0031260789837688208,0.02236749604344368
46052,1097,43.0,43,,nnknn,500,16392,58863,6569,23766,9823,35097,523,589,0.4166873333333333,0.4166873333333333,True,"[1.0, 0.0]","[0.7916563153266907, 0.20834366977214813]","[259, 241]",0.0,0.0031260789837688208,0.02236749604344368
46390,1098,338.0,338,,nnknn,500,16392,58863,6569,23766,9823,35097,523,589,0.41240599999999994,0.41240599999999994,True,"[0.31700506806373596, 0.6829949617385864]","[0.3924732804298401, 0.6075267791748047]","[259, 241]",0.0,0.0031260789837688208,0.02236749604344368
46887,1099,497.0,497,,nnknn,500,16392,58863,6569,23766,9823,35097,523,589,0.4061106666666666,0.4061106666666666,True,"[0.0, 1.0]","[0.20305533707141876, 0.7969446778297424]","[259, 241]",0.0,0.0031260789837688208,0.02236749604344368
47063,1100,176.0,176,112.67887878417969,nnknn,469,17425,59861,7569,23766,9856,36095,534,612,0.4038813333333333,0.4038813333333333,True,"[0.4029952883720398, 0.597004771232605]","[0.44217368960380554, 0.5578263998031616]","[241, 228]",0.0003237155906390399,0.0033792967442423105,0.022867487743496895
47149,1101,86.0,86,,nnknn,469,17425,59861,7569,23766,9856,36095,534,612,0.40279200000000004,0.40279200000000004,True,"[0.6291611790657043, 0.37083885073661804]","[0.5771360993385315, 0.4228639602661133]","[241, 228]",0.0003237155906390399,0.0033792967442423105,0.022867487743496895
47161,1102,12.0,12,,nnknn,469,17425,59861,7569,23766,9856,36095,534,612,0.40264,0.40264,True,"[0.891481876373291, 0.10851811617612839]","[0.7338556051254272, 0.26614439487457275]","[241, 228]",0.0003237155906390399,0.0033792967442423105,0.022867487743496895
47258,1103,97.0,97,,nnknn,469,17425,59861,7569,23766,9856,36095,534,612,0.40141133333333334,0.40141133333333334,True,"[0.11827591061592102, 0.8817241191864014]","[0.271504282951355, 0.728495717048645]","[241, 228]",0.0003237155906390399,0.0033792967442423105,0.022867487743496895
47350,1104,92.0,92,85.95875549316406,nnknn,500,17459,60293,7577,23947,9882,36346,543,622,0.400246,0.400246,True,"[0.313105046749115, 0.686894953250885]","[0.3879089951515198, 0.6120910048484802]","[253, 247]",0.0,0.0031602312810719013,0.023367473855614662
47549,1105,199.0,199,,nnknn,500,17459,60293,7577,23947,9882,36346,543,622,0.3977253333333334,0.3977253333333334,True,"[0.20700863003730774, 0.7929913997650146]","[0.32353872060775757, 0.6764613389968872]","[253, 247]",0.0,0.0031602312810719013,0.023367473855614662
47691,1106,142.0,142,,nnknn,500,17459,60293,7577,23947,9882,36346,543,622,0.39592666666666665,0.39592666666666665,True,"[0.0, 1.0]","[0.19796332716941833, 0.8020366430282593]","[253, 247]",0.0,0.0031602312810719013,0.023367473855614662
47951,1107,260.0,260,,nnknn,500,17459,60293,7577,23947,9882,36346,543,622,0.3926333333333333,0.3926333333333333,True,"[0.18869276344776154, 0.8113072514533997]","[0.3109223544597626, 0.689077615737915]","[253, 247]",0.0,0.0031602312810719013,0.023367473855614662
48184,1108,233.0,233,102.14265441894531,nnknn,500,17491,61849,7595,24698,9896,37151,552,637,0.389682,0.389682,True,"[0.30670517683029175, 0.6932948231697083]","[0.3820286989212036, 0.6179713010787964]","[249, 251]",0.0,0.0031557937618345022,0.02286749705672264
48311,1109,127.0,127,,nnknn,500,17491,61849,7595,24698,9896,37151,552,637,0.3880733333333334,0.3880733333333334,True,"[0.0, 1.0]","[0.19403666257858276, 0.8059633374214172]","[249, 251]",0.0,0.0031557937618345022,0.02286749705672264
48501,1110,190.0,190,,nnknn,500,17491,61849,7595,24698,9896,37151,552,637,0.3856666666666667,0.3856666666666667,True,"[0.10683534294366837, 0.8931646347045898]","[0.25846585631370544, 0.7415341138839722]","[249, 251]",0.0,0.0031557937618345022,0.02286749705672264
48672,1111,171.0,171,,nnknn,500,17491,61849,7595,24698,9896,37151,552,637,0.3835006666666667,0.3835006666666667,True,"[0.20541110634803772, 0.7945888638496399]","[0.31838613748550415, 0.6816138029098511]","[249, 251]",0.0,0.0031557937618345022,0.02286749705672264
48801,1112,129.0,129,103.27538299560547,nnknn,500,17538,62944,7615,25212,9923,37732,559,646,0.3818666666666667,0.3818666666666667,True,"[0.9003489017486572, 0.09965112805366516]","[0.7474690079689026, 0.2525310218334198]","[252, 248]",0.0,0.0031814505346119404,0.02336747944355011
48849,1113,48.0,48,,nnknn,500,17538,62944,7615,25212,9923,37732,559,646,0.38125866666666663,0.38125866666666663,True,"[0.9025964736938477, 0.09740357846021652]","[0.7491030693054199, 0.25089696049690247]","[252, 248]",0.0,0.0031814505346119404,0.02336747944355011
48913,1114,64.0,64,,nnknn,500,17538,62944,7615,25212,9923,37732,559,646,0.380448,0.380448,True,"[1.0, 0.0]","[0.8097760081291199, 0.19022400677204132]","[252, 248]",0.0,0.0031814505346119404,0.02336747944355011
49000,1115,87.0,87,,nnknn,500,17538,62944,7615,25212,9923,37732,559,646,0.37934599999999996,0.37934599999999996,True,"[0.5718713402748108, 0.4281286895275116]","[0.5446072220802307, 0.4553927779197693]","[252, 248]",0.0,0.0031814505346119404,0.02336747944355011
49044,1116,44.0,44,113.14337158203125,nnknn,500,17597,63269,7633,25344,9964,37925,569,655,0.37878866666666666,0.37878866666666666,True,"[0.0, 1.0]","[0.18939433991909027, 0.8106056451797485]","[257, 243]",0.0,0.003145673079416156,0.022867513820528984
49058,1117,14.0,14,,nnknn,500,17597,63269,7633,25344,9964,37925,569,655,0.3786113333333333,0.3786113333333333,True,"[1.0, 0.0]","[0.8106943368911743, 0.18930566310882568]","[257, 243]",0.0,0.003145673079416156,0.022867513820528984
49288,1118,230.0,230,,nnknn,500,17597,63269,7633,25344,9964,37925,569,655,0.375698,0.375698,True,"[0.9161810874938965, 0.0838189348578453]","[0.7598227262496948, 0.24017733335494995]","[257, 243]",0.0,0.003145673079416156,0.022867513820528984
49410,1119,122.0,122,,nnknn,500,17597,63269,7633,25344,9964,37925,569,655,0.3741526666666667,0.3741526666666667,True,"[0.2489205151796341, 0.7510794997215271]","[0.3428625762462616, 0.657137393951416]","[257, 243]",0.0,0.003145673079416156,0.022867513820528984
49617,1120,207.0,207,97.09521484375,nnknn,483,18157,63788,8158,25344,9999,38444,579,674,0.3715306666666667,0.3715306666666667,True,"[0.1660255789756775, 0.8339744806289673]","[0.2901073098182678, 0.709892749786377]","[243, 240]",0.0,0.0032992344349622726,0.02336748316884041
49659,1121,42.0,42,,nnknn,483,18157,63788,8158,25344,9999,38444,579,674,0.3709986666666667,0.3709986666666667,True,"[1.0, 0.0]","[0.8145006895065308, 0.18549934029579163]","[243, 240]",0.0,0.0032992344349622726,0.02336748316884041
50058,1122,399.0,399,,nnknn,483,18157,63788,8158,25344,9999,38444,579,674,0.3659446666666667,0.3659446666666667,True,"[0.24566949903964996, 0.7543305158615112]","[0.33874040842056274, 0.661259651184082]","[243, 240]",0.0,0.0032992344349622726,0.02336748316884041
50248,1123,190.0,190,,nnknn,483,18157,63788,8158,25344,9999,38444,579,674,0.36353800000000003,0.36353800000000003,True,"[0.22664165496826172, 0.7733584046363831]","[0.3260177969932556, 0.6739822030067444]","[243, 240]",0.0,0.0032992344349622726,0.02336748316884041
50387,1124,139.0,139,88.34286499023438,nnknn,500,18194,65194,8173,26010,10021,39184,588,682,0.3617773333333333,0.3617773333333333,True,"[0.6088940501213074, 0.391105979681015]","[0.5694986581802368, 0.43050140142440796]","[251, 249]",0.0,0.0031791862566024065,0.02386738546192646
50548,1125,161.0,161,,nnknn,500,18194,65194,8173,26010,10021,39184,588,682,0.359738,0.359738,True,"[0.0, 1.0]","[0.17986899614334106, 0.8201310038566589]","[251, 249]",0.0,0.0031791862566024065,0.02386738546192646
50799,1126,251.0,251,,nnknn,500,18194,65194,8173,26010,10021,39184,588,682,0.3565586666666667,0.3565586666666667,True,"[1.0, 0.0]","[0.8217206597328186, 0.1782793402671814]","[251, 249]",0.0,0.0031791862566024065,0.02386738546192646
50998,1127,199.0,199,,nnknn,500,18194,65194,8173,26010,10021,39184,588,682,0.35403799999999996,0.35403799999999996,True,"[0.7947524785995483, 0.20524750649929047]","[0.6903988718986511, 0.3096010684967041]","[251, 249]",0.0,0.0031791862566024065,0.02386738546192646
51191,1128,193.0,193,103.7733383178711,nnknn,500,18227,66679,8196,26719,10031,39960,598,700,0.3515933333333333,0.3515933333333333,True,"[0.17883485555648804, 0.8211652040481567]","[0.2917543649673462, 0.7082456350326538]","[252, 248]",0.0,0.003230554750189185,0.023367416113615036
51634,1129,443.0,443,,nnknn,500,18227,66679,8196,26719,10031,39960,598,700,0.345982,0.345982,True,"[0.0, 1.0]","[0.17299099266529083, 0.8270090222358704]","[252, 248]",0.0,0.003230554750189185,0.023367416113615036
51954,1130,320.0,320,,nnknn,500,18227,66679,8196,26719,10031,39960,598,700,0.34192866666666666,0.34192866666666666,True,"[1.0, 0.0]","[0.8290356397628784, 0.1709643304347992]","[252, 248]",0.0,0.003230554750189185,0.023367416113615036
52000,1131,46.0,46,,nnknn,500,18227,66679,8196,26719,10031,39960,598,700,0.34134600000000004,0.34134600000000004,True,"[0.0, 1.0]","[0.17067299783229828, 0.8293269872665405]","[252, 248]",0.0,0.003230554750189185,0.023367416113615036
52249,1132,249.0,249,107.52957916259766,nnknn,500,18245,68674,8205,27685,10040,40989,614,720,0.33819200000000005,0.33819200000000005,True,"[0.0, 1.0]","[0.1690959930419922, 0.8309040069580078]","[252, 248]",0.0,0.003248094115406275,0.022867433726787567
52513,1133,264.0,264,,nnknn,500,18245,68674,8205,27685,10040,40989,614,720,0.33484800000000003,0.33484800000000003,True,"[0.46024489402770996, 0.53975510597229]","[0.4735568165779114, 0.5264431834220886]","[252, 248]",0.0,0.003248094115406275,0.022867433726787567
52643,1134,130.0,130,,nnknn,500,18245,68674,8205,27685,10040,40989,614,720,0.33320133333333335,0.33320133333333335,True,"[0.8968122601509094, 0.10318776220083237]","[0.7645938992500305, 0.23540613055229187]","[252, 248]",0.0,0.003248094115406275,0.022867433726787567
52747,1135,104.0,104,,nnknn,500,18245,68674,8205,27685,10040,40989,614,720,0.33188399999999996,0.33188399999999996,True,"[0.0, 1.0]","[0.1659419983625412, 0.8340579867362976]","[252, 248]",0.0,0.003248094115406275,0.022867433726787567
52843,1136,96.0,96,78.267333984375,nnknn,500,18266,69762,8214,28210,10052,41552,626,739,0.33066799999999996,0.33066799999999996,True,"[0.3953583240509033, 0.6046416759490967]","[0.4299600124359131, 0.5700400471687317]","[253, 247]",0.0,0.0032527351286262274,0.023367419838905334
53002,1137,159.0,159,,nnknn,500,18266,69762,8214,28210,10052,41552,626,739,0.328654,0.328654,True,"[0.4367234408855438, 0.5632765889167786]","[0.45751953125, 0.54248046875]","[253, 247]",0.0,0.0032527351286262274,0.023367419838905334
53198,1138,196.0,196,,nnknn,500,18266,69762,8214,28210,10052,41552,626,739,0.32617133333333337,0.32617133333333337,True,"[0.4850115478038788, 0.5149884819984436]","[0.4899003505706787, 0.5100996494293213]","[253, 247]",0.0,0.0032527351286262274,0.023367419838905334
53388,1139,190.0,190,,nnknn,500,18266,69762,8214,28210,10052,41552,626,739,0.3237646666666667,0.3237646666666667,True,"[0.22664734721183777, 0.7733526229858398]","[0.3151492476463318, 0.6848506927490234]","[253, 247]",0.0,0.0032527351286262274,0.023367419838905334
53451,1140,63.0,63,87.33541107177734,nnknn,500,18328,70819,8237,28707,10091,42112,633,748,0.3229666666666666,0.3229666666666666,True,"[0.1320248246192932, 0.8679752349853516]","[0.2508685290813446, 0.7491315007209778]","[251, 249]",0.0,0.0032615733798593283,0.02386733703315258
53650,1141,199.0,199,,nnknn,500,18328,70819,8237,28707,10091,42112,633,748,0.320446,0.320446,True,"[0.20416845381259918, 0.795831561088562]","[0.29896649718284607, 0.7010335326194763]","[251, 249]",0.0,0.0032615733798593283,0.02386733703315258
53899,1142,249.0,249,,nnknn,500,18328,70819,8237,28707,10091,42112,633,748,0.317292,0.317292,True,"[0.09620098769664764, 0.9037990570068359]","[0.22432318329811096, 0.7756768465042114]","[251, 249]",0.0,0.0032615733798593283,0.02386733703315258
54054,1143,155.0,155,,nnknn,500,18328,70819,8237,28707,10091,42112,633,748,0.3153286666666667,0.3153286666666667,True,"[0.3036821484565735, 0.6963178515434265]","[0.3655867874622345, 0.6344132423400879]","[251, 249]",0.0,0.0032615733798593283,0.02386733703315258
54278,1144,224.0,224,98.2626724243164,nnknn,461,19139,71583,9012,28707,10127,42876,645,775,0.31249133333333334,0.31249133333333334,True,"[0.9085481762886047, 0.09145183116197586]","[0.7808804512023926, 0.219119593501091]","[233, 228]",0.00039830838795751333,0.003549667540937662,0.02336736209690571
54344,1145,66.0,66,,nnknn,461,19139,71583,9012,28707,10127,42876,645,775,0.3116553333333333,0.3116553333333333,True,"[0.0, 1.0]","[0.15582767128944397, 0.8441723585128784]","[233, 228]",0.00039830838795751333,0.003549667540937662,0.02336736209690571
54687,1146,343.0,343,,nnknn,461,19139,71583,9012,28707,10127,42876,645,775,0.3073106666666666,0.3073106666666666,True,"[0.19972172379493713, 0.8002782464027405]","[0.2920004427433014, 0.7079995274543762]","[233, 228]",0.00039830838795751333,0.003549667540937662,0.02336736209690571
54865,1147,178.0,178,,nnknn,461,19139,71583,9012,28707,10127,42876,645,775,0.305056,0.305056,True,"[0.0918310359120369, 0.9081689715385437]","[0.2163454294204712, 0.7836545705795288]","[233, 228]",0.00039830838795751333,0.003549667540937662,0.02336736209690571
55255,1148,390.0,390,111.86097717285156,nnknn,500,20131,72428,9019,29552,11112,42876,657,797,0.30011599999999994,0.30011599999999994,True,"[0.3506661653518677, 0.6493338346481323]","[0.3954836428165436, 0.6045163869857788]","[252, 248]",0.0,0.003243905259296298,0.02386712096631527
55442,1149,187.0,187,,nnknn,500,20131,72428,9019,29552,11112,42876,657,797,0.29774733333333336,0.29774733333333336,True,"[1.0, 0.0]","[0.8511263132095337, 0.14887367188930511]","[252, 248]",0.0,0.003243905259296298,0.02386712096631527
55641,1150,199.0,199,,nnknn,500,20131,72428,9019,29552,11112,42876,657,797,0.29522666666666664,0.29522666666666664,True,"[0.19331228733062744, 0.8066877126693726]","[0.2838546633720398, 0.7161453366279602]","[252, 248]",0.0,0.003243905259296298,0.02386712096631527
55853,1151,212.0,212,,nnknn,500,20131,72428,9019,29552,11112,42876,657,797,0.2925413333333333,0.2925413333333333,True,"[1.0, 0.0]","[0.8537293672561646, 0.14627066254615784]","[252, 248]",0.0,0.003243905259296298,0.02386712096631527
56177,1152,324.0,324,89.54708099365234,nnknn,500,20172,74100,9048,30356,11124,43744,666,809,0.2884373333333333,0.2884373333333333,True,"[0.28986769914627075, 0.7101323008537292]","[0.3504776954650879, 0.6495223045349121]","[252, 248]",0.0,0.003279812866821885,0.024367110803723335
56443,1153,266.0,266,,nnknn,500,20172,74100,9048,30356,11124,43744,666,809,0.285068,0.285068,True,"[0.6984204053878784, 0.3015795648097992]","[0.6418570876121521, 0.3581428527832031]","[252, 248]",0.0,0.003279812866821885,0.024367110803723335
56810,1154,367.0,367,,nnknn,500,20172,74100,9048,30356,11124,43744,666,809,0.28041933333333335,0.28041933333333335,True,"[0.5412285327911377, 0.4587714970111847]","[0.5296672582626343, 0.4703327417373657]","[252, 248]",0.0,0.003279812866821885,0.024367110803723335
57283,1155,473.0,473,,nnknn,500,20172,74100,9048,30356,11124,43744,666,809,0.274428,0.274428,True,"[0.8046625256538391, 0.1953374445438385]","[0.7210546135902405, 0.2789453864097595]","[252, 248]",0.0,0.003279812866821885,0.024367110803723335
57783,1156,500.0,500,95.6877212524414,nnknn,500,20238,77122,9078,31874,11160,45248,689,875,0.2680946666666667,0.2680946666666667,True,"[0.5086201429367065, 0.49137988686561584]","[0.5063091516494751, 0.4936909079551697]","[257, 243]",0.0,0.0033185118809342384,0.024867085739970207
58055,1157,272.0,272,,nnknn,500,20238,77122,9078,31874,11160,45248,689,875,0.2646493333333333,0.2646493333333333,True,"[0.5046374797821045, 0.4953625202178955]","[0.5034101605415344, 0.4965898394584656]","[257, 243]",0.0,0.0033185118809342384,0.024867085739970207
58491,1158,436.0,436,,nnknn,500,20238,77122,9078,31874,11160,45248,689,875,0.2591266666666666,0.2591266666666666,True,"[0.8048619031906128, 0.1951380968093872]","[0.725864052772522, 0.274135947227478]","[257, 243]",0.0,0.0033185118809342384,0.024867085739970207
58609,1159,118.0,118,,nnknn,500,20238,77122,9078,31874,11160,45248,689,875,0.25763199999999997,0.25763199999999997,True,"[1.0, 0.0]","[0.8711839914321899, 0.12881599366664886]","[257, 243]",0.0,0.0033185118809342384,0.024867085739970207
58893,1160,284.0,284,105.3208999633789,nnknn,452,21329,78142,10127,31874,11202,46268,709,923,0.25403466666666663,0.25403466666666663,True,"[0.8065901398658752, 0.19340987503528595]","[0.728705644607544, 0.27129441499710083]","[240, 212]",0.0004998050280846655,0.0036546853370964527,0.024367107078433037
59052,1161,159.0,159,,nnknn,452,21329,78142,10127,31874,11202,46268,709,923,0.25202066666666667,0.25202066666666667,True,"[0.15248051285743713, 0.8475195169448853]","[0.24006259441375732, 0.7599374055862427]","[240, 212]",0.0004998050280846655,0.0036546853370964527,0.024367107078433037
59292,1162,240.0,240,,nnknn,452,21329,78142,10127,31874,11202,46268,709,923,0.24898066666666663,0.24898066666666663,True,"[0.21633876860141754, 0.7836612462997437]","[0.28696495294570923, 0.7130351066589355]","[240, 212]",0.0004998050280846655,0.0036546853370964527,0.024367107078433037
59517,1163,225.0,225,,nnknn,452,21329,78142,10127,31874,11202,46268,709,923,0.2461306666666666,0.2461306666666666,True,"[0.09167134016752243, 0.908328652381897]","[0.1921735405921936, 0.8078264594078064]","[240, 212]",0.0004998050280846655,0.0036546853370964527,0.024367107078433037
59688,1164,171.0,171,100.83706665039062,nnknn,500,21375,79516,10130,32501,11245,47015,714,928,0.2439646666666666,0.2439646666666666,True,"[0.2027425467967987, 0.7972574830055237]","[0.27526286244392395, 0.7247371673583984]","[262, 238]",0.0,0.0033268295228481293,0.024867072701454163
59816,1165,128.0,128,,nnknn,500,21375,79516,10130,32501,11245,47015,714,928,0.24234333333333336,0.24234333333333336,True,"[0.1277969479560852, 0.8722031116485596]","[0.21799787878990173, 0.7820021510124207]","[262, 238]",0.0,0.0033268295228481293,0.024867072701454163
59897,1166,81.0,81,,nnknn,500,21375,79516,10130,32501,11245,47015,714,928,0.24131733333333327,0.24131733333333327,True,"[1.0, 0.0]","[0.8793413639068604, 0.12065866589546204]","[262, 238]",0.0,0.0033268295228481293,0.024867072701454163
60397,1167,500.0,500,,nnknn,500,21375,79516,10130,32501,11245,47015,714,928,0.23498399999999997,0.23498399999999997,True,"[0.5999760031700134, 0.40002402663230896]","[0.5764832496643066, 0.42351678013801575]","[262, 238]",0.0,0.0033268295228481293,0.024867072701454163
60586,1168,189.0,189,93.61099243164062,nnknn,500,21433,81133,10157,33280,11276,47853,724,957,0.23258999999999996,0.23258999999999996,True,"[0.36258837580680847, 0.6374116539955139]","[0.3945489525794983, 0.6054510474205017]","[259, 241]",0.0,0.0034264244604855776,0.02536686696112156
60820,1169,234.0,234,,nnknn,500,21433,81133,10157,33280,11276,47853,724,957,0.229626,0.229626,True,"[1.0, 0.0]","[0.885187029838562, 0.11481299996376038]","[259, 241]",0.0,0.0034264244604855776,0.02536686696112156
60852,1170,32.0,32,,nnknn,500,21433,81133,10157,33280,11276,47853,724,957,0.22922066666666663,0.22922066666666663,True,"[0.0, 1.0]","[0.11461033672094345, 0.8853896260261536]","[259, 241]",0.0,0.0034264244604855776,0.02536686696112156
61024,1171,172.0,172,,nnknn,500,21433,81133,10157,33280,11276,47853,724,957,0.22704199999999997,0.22704199999999997,True,"[0.09081307798624039, 0.9091869592666626]","[0.18371570110321045, 0.8162842988967896]","[259, 241]",0.0,0.0034264244604855776,0.02536686696112156
61269,1172,245.0,245,93.8924789428711,nnknn,468,22099,81763,10782,33280,11317,48483,733,969,0.22393866666666662,0.22393866666666662,True,"[0.11314929276704788, 0.8868507146835327]","[0.19978012144565582, 0.8002198934555054]","[241, 227]",0.0004896507016383111,0.0036648616660386324,0.024867039173841476
61617,1173,348.0,348,,nnknn,468,22099,81763,10782,33280,11317,48483,733,969,0.21953066666666665,0.21953066666666665,True,"[0.0, 1.0]","[0.10976533591747284, 0.890234649181366]","[241, 227]",0.0004896507016383111,0.0036648616660386324,0.024867039173841476
61765,1174,148.0,148,,nnknn,468,22099,81763,10782,33280,11317,48483,733,969,0.21765599999999996,0.21765599999999996,True,"[1.0, 0.0]","[0.8911719918251038, 0.10882800072431564]","[241, 227]",0.0004896507016383111,0.0036648616660386324,0.024867039173841476
61939,1175,174.0,174,,nnknn,468,22099,81763,10782,33280,11317,48483,733,969,0.21545199999999998,0.21545199999999998,True,"[0.0, 1.0]","[0.10772600024938583, 0.8922739624977112]","[241, 227]",0.0004896507016383111,0.0036648616660386324,0.024867039173841476
62439,1176,500.0,500,94.89768981933594,nnknn,500,22135,83928,10786,34340,11349,49588,746,1002,0.20911866666666667,0.20911866666666667,True,"[0.3087894022464752, 0.6912106275558472]","[0.34877508878707886, 0.6512249708175659]","[260, 240]",0.0,0.003404092974960804,0.02436705119907856
62727,1177,288.0,288,,nnknn,500,22135,83928,10786,34340,11349,49588,746,1002,0.2054706666666667,0.2054706666666667,True,"[0.18890047073364258, 0.8110995888710022]","[0.25282230973243713, 0.7471777200698853]","[260, 240]",0.0,0.003404092974960804,0.02436705119907856
62933,1178,206.0,206,,nnknn,500,22135,83928,10786,34340,11349,49588,746,1002,0.20286133333333334,0.20286133333333334,True,"[0.19326825439929962, 0.8067317605018616]","[0.25549226999282837, 0.7445077300071716]","[260, 240]",0.0,0.003404092974960804,0.02436705119907856
63433,1179,500.0,500,,nnknn,500,22135,83928,10786,34340,11349,49588,746,1002,0.19652800000000004,0.19652800000000004,True,"[1.0, 0.0]","[0.9017359614372253, 0.09826400130987167]","[260, 240]",0.0,0.003404092974960804,0.02436705119907856
63752,1180,319.0,319,92.39264678955078,nnknn,500,22202,86387,10812,35542,11390,50845,757,1017,0.19248733333333334,0.19248733333333334,True,"[0.523861825466156, 0.4761382043361664]","[0.5192686915397644, 0.4807313084602356]","[255, 245]",0.0,0.0034371844958513975,0.023867735639214516
64035,1181,283.0,283,,nnknn,500,22202,86387,10812,35542,11390,50845,757,1017,0.18890266666666666,0.18890266666666666,True,"[0.38805022835731506, 0.6119498014450073]","[0.4091978371143341, 0.5908021926879883]","[255, 245]",0.0,0.0034371844958513975,0.023867735639214516
64286,1182,251.0,251,,nnknn,500,22202,86387,10812,35542,11390,50845,757,1017,0.18572333333333335,0.18572333333333335,True,"[1.0, 0.0]","[0.9071383476257324, 0.09286166727542877]","[255, 245]",0.0,0.0034371844958513975,0.023867735639214516
64545,1183,259.0,259,,nnknn,500,22202,86387,10812,35542,11390,50845,757,1017,0.18244266666666664,0.18244266666666664,True,"[0.910658597946167, 0.08934144675731659]","[0.8357369303703308, 0.16426308453083038]","[255, 245]",0.0,0.0034371844958513975,0.023867735639214516
64870,1184,325.0,325,85.7989730834961,nnknn,458,23309,87461,11887,35542,11422,51919,767,1029,0.17832599999999998,0.17832599999999998,True,"[0.5100075006484985, 0.48999252915382385]","[0.5082228779792786, 0.49177712202072144]","[241, 217]",0.0004999433876946568,0.0037271527107805014,0.023367762565612793
65068,1185,198.0,198,,nnknn,458,23309,87461,11887,35542,11422,51919,767,1029,0.17581800000000003,0.17581800000000003,True,"[0.09421756118535995, 0.9057824611663818]","[0.16556142270565033, 0.8344386219978333]","[241, 217]",0.0004999433876946568,0.0037271527107805014,0.023367762565612793
65280,1186,212.0,212,,nnknn,458,23309,87461,11887,35542,11422,51919,767,1029,0.1731326666666667,0.1731326666666667,True,"[0.5233616232872009, 0.47663843631744385]","[0.5193169713020325, 0.4806830883026123]","[241, 217]",0.0004999433876946568,0.0037271527107805014,0.023367762565612793
65630,1187,350.0,350,,nnknn,458,23309,87461,11887,35542,11422,51919,767,1029,0.1686993333333333,0.1686993333333333,True,"[0.6036778092384338, 0.39632222056388855]","[0.586187481880188, 0.4138125777244568]","[241, 217]",0.0004999433876946568,0.0037271527107805014,0.023367762565612793
65887,1188,257.0,257,91.13019561767578,nnknn,500,23357,89301,11892,36415,11465,52886,772,1036,0.16544400000000004,0.16544400000000004,True,"[0.2235780507326126, 0.7764219641685486]","[0.2693104147911072, 0.7306895852088928]","[257, 243]",0.0,0.003418080508708954,0.022867808118462563
66087,1189,200.0,200,,nnknn,500,23357,89301,11892,36415,11465,52886,772,1036,0.16291066666666665,0.16291066666666665,True,"[0.097439706325531, 0.9025603532791138]","[0.16302107274532318, 0.8369789719581604]","[257, 243]",0.0,0.003418080508708954,0.022867808118462563
66371,1190,284.0,284,,nnknn,500,23357,89301,11892,36415,11465,52886,772,1036,0.1593133333333333,0.1593133333333333,True,"[0.9011803269386292, 0.09881965070962906]","[0.8372669816017151, 0.1627330332994461]","[257, 243]",0.0,0.003418080508708954,0.022867808118462563
66753,1191,382.0,382,,nnknn,500,23357,89301,11892,36415,11465,52886,772,1036,0.15447466666666665,0.15447466666666665,True,"[0.43074294924736023, 0.5692570209503174]","[0.4414414167404175, 0.5585585236549377]","[257, 243]",0.0,0.003418080508708954,0.022867808118462563
66885,1192,132.0,132,103.91284942626953,nnknn,454,24339,90258,12841,36415,11498,53843,782,1044,0.15280266666666664,0.15280266666666664,True,"[0.0, 1.0]","[0.07640133053064346, 0.9235987067222595]","[231, 223]",0.0004999556113034487,0.0038041698280721903,0.02236783504486084
67027,1193,142.0,142,,nnknn,454,24339,90258,12841,36415,11498,53843,782,1044,0.15100400000000003,0.15100400000000003,True,"[0.9061217308044434, 0.09387827664613724]","[0.8447957038879395, 0.15520428121089935]","[231, 223]",0.0004999556113034487,0.0038041698280721903,0.02236783504486084
67272,1194,245.0,245,,nnknn,454,24339,90258,12841,36415,11498,53843,782,1044,0.14790066666666668,0.14790066666666668,True,"[0.5911918878555298, 0.4088081419467926]","[0.5777045488357544, 0.4222954511642456]","[231, 223]",0.0004999556113034487,0.0038041698280721903,0.02236783504486084
67490,1195,218.0,218,,nnknn,454,24339,90258,12841,36415,11498,53843,782,1044,0.1451393333333333,0.1451393333333333,True,"[0.47950899600982666, 0.5204910635948181]","[0.48248305916786194, 0.5175169706344604]","[231, 223]",0.0004999556113034487,0.0038041698280721903,0.02236783504486084
67716,1196,226.0,226,75.88674926757812,nnknn,500,24375,91721,12850,37085,11525,54636,791,1055,0.1422766666666666,0.1422766666666666,True,"[0.9035404324531555, 0.09645956754684448]","[0.8461260795593262, 0.15387395024299622]","[259, 241]",0.0,0.0034325746819376945,0.021867841482162476
68031,1197,315.0,315,,nnknn,500,24375,91721,12850,37085,11525,54636,791,1055,0.13828666666666667,0.13828666666666667,True,"[0.8817201852798462, 0.1182798445224762]","[0.8289334177970886, 0.17106665670871735]","[259, 241]",0.0,0.0034325746819376945,0.021867841482162476
68252,1198,221.0,221,,nnknn,500,24375,91721,12850,37085,11525,54636,791,1055,0.1354873333333333,0.1354873333333333,True,"[0.9133000373840332, 0.08669999241828918]","[0.8573031425476074, 0.14269691705703735]","[259, 241]",0.0,0.0034325746819376945,0.021867841482162476
68539,1199,287.0,287,,nnknn,500,24375,91721,12850,37085,11525,54636,791,1055,0.13185199999999997,0.13185199999999997,True,"[0.719209611415863, 0.28079041838645935]","[0.6903063654899597, 0.3096936345100403]","[259, 241]",0.0,0.0034325746819376945,0.021867841482162476
68662,1200,123.0,123,90.17660522460938,nnknn,500,24428,93436,12878,37898,11550,55538,807,1074,0.13029400000000002,0.13029400000000002,True,"[0.9080127477645874, 0.0919872373342514]","[0.8548511266708374, 0.1451488435268402]","[255, 245]",0.0,0.0034949658438563347,0.021367860957980156
69162,1201,500.0,500,,nnknn,500,24428,93436,12878,37898,11550,55538,807,1074,0.12396066666666661,0.12396066666666661,True,"[0.7974836826324463, 0.2025163322687149]","[0.7606073617935181, 0.23939260840415955]","[255, 245]",0.0,0.0034949658438563347,0.021367860957980156
69285,1202,123.0,123,,nnknn,500,24428,93436,12878,37898,11550,55538,807,1074,0.12240266666666666,0.12240266666666666,True,"[1.0, 0.0]","[0.9387986660003662, 0.06120133399963379]","[255, 245]",0.0,0.0034949658438563347,0.021367860957980156
69678,1203,393.0,393,,nnknn,500,24428,93436,12878,37898,11550,55538,807,1074,0.11742466666666662,0.11742466666666662,True,"[0.6167057156562805, 0.38329434394836426]","[0.603001594543457, 0.39699846506118774]","[255, 245]",0.0,0.0034949658438563347,0.021367860957980156
69841,1204,163.0,163,75.51705932617188,nnknn,500,24493,95589,12904,38970,11589,56619,831,1133,0.11536000000000002,0.11536000000000002,True,"[0.622840404510498, 0.37715959548950195]","[0.6086695194244385, 0.3913304805755615]","[258, 242]",0.0,0.003487212350592017,0.02186773158609867
70091,1205,250.0,250,,nnknn,500,24493,95589,12904,38970,11589,56619,831,1133,0.11219333333333337,0.11219333333333337,True,"[0.6954536437988281, 0.30454638600349426]","[0.6735250353813171, 0.32647499442100525]","[258, 242]",0.0,0.003487212350592017,0.02186773158609867
70516,1206,425.0,425,,nnknn,500,24493,95589,12904,38970,11589,56619,831,1133,0.10680999999999996,0.10680999999999996,True,"[0.0, 1.0]","[0.053405001759529114, 0.9465950131416321]","[258, 242]",0.0,0.003487212350592017,0.02186773158609867
70790,1207,274.0,274,,nnknn,500,24493,95589,12904,38970,11589,56619,831,1133,0.10333933333333334,0.10333933333333334,True,"[0.827946662902832, 0.17205335199832916]","[0.7940568923950195, 0.20594315230846405]","[258, 242]",0.0,0.003487212350592017,0.02186773158609867
70870,1208,80.0,80,96.04448699951172,nnknn,500,24527,97468,12926,39865,11601,57603,841,1166,0.10232600000000003,0.10232600000000003,True,"[0.7370181679725647, 0.2629818618297577]","[0.712765097618103, 0.28723499178886414]","[264, 236]",0.0,0.003482402302324772,0.022367719560861588
71069,1209,199.0,199,,nnknn,500,24527,97468,12926,39865,11601,57603,841,1166,0.0998053333333333,0.0998053333333333,True,"[1.0, 0.0]","[0.9500973224639893, 0.04990266636013985]","[264, 236]",0.0,0.003482402302324772,0.022367719560861588
71226,1210,157.0,157,,nnknn,500,24527,97468,12926,39865,11601,57603,841,1166,0.09781666666666666,0.09781666666666666,True,"[0.20038658380508423, 0.7996134161949158]","[0.22969378530979156, 0.7703062891960144]","[264, 236]",0.0,0.003482402302324772,0.022367719560861588
71459,1211,233.0,233,,nnknn,500,24527,97468,12926,39865,11601,57603,841,1166,0.09486533333333336,0.09486533333333336,True,"[0.2895125150680542, 0.7104875445365906]","[0.3094804883003235, 0.6905195713043213]","[264, 236]",0.0,0.003482402302324772,0.022367719560861588
71809,1212,350.0,350,75.7020034790039,nnknn,466,25416,98343,13776,39865,11640,58478,861,1191,0.09043199999999996,0.09043199999999996,True,"[0.800072431564331, 0.19992762804031372]","[0.7729363441467285, 0.22706377506256104]","[241, 225]",0.0004697236290667206,0.0037366515025496483,0.022867629304528236
72048,1213,239.0,239,,nnknn,466,25416,98343,13776,39865,11640,58478,861,1191,0.08740466666666669,0.08740466666666669,True,"[0.39066213369369507, 0.6093378663063049]","[0.40021878480911255, 0.5997812747955322]","[241, 225]",0.0004697236290667206,0.0037366515025496483,0.022867629304528236
72375,1214,327.0,327,,nnknn,466,25416,98343,13776,39865,11640,58478,861,1191,0.08326266666666671,0.08326266666666671,True,"[0.8296871781349182, 0.17031283676624298]","[0.8022365570068359, 0.19776347279548645]","[241, 225]",0.0004697236290667206,0.0037366515025496483,0.022867629304528236
72549,1215,174.0,174,,nnknn,466,25416,98343,13776,39865,11640,58478,861,1191,0.08105866666666661,0.08105866666666661,True,"[0.8590839505195618, 0.14091601967811584]","[0.8299770355224609, 0.1700228750705719]","[241, 225]",0.0004697236290667206,0.0037366515025496483,0.022867629304528236
73049,1216,500.0,500,84.4382095336914,nnknn,500,25452,100687,13784,41003,11668,59684,868,1197,0.07472533333333331,0.07472533333333331,True,"[0.8378127217292786, 0.16218729317188263]","[0.8125694990158081, 0.1874304562807083]","[259, 241]",0.0,0.003507967572659254,0.023367606103420258
73476,1217,427.0,427,,nnknn,500,25452,100687,13784,41003,11668,59684,868,1197,0.0693166666666667,0.0693166666666667,True,"[0.4933312237262726, 0.5066688060760498]","[0.4937934875488281, 0.5062065124511719]","[259, 241]",0.0,0.003507967572659254,0.023367606103420258
73895,1218,419.0,419,,nnknn,500,25452,100687,13784,41003,11668,59684,868,1197,0.06400933333333336,0.06400933333333336,True,"[0.6989155411720276, 0.3010844886302948]","[0.6861830949783325, 0.31381693482398987]","[259, 241]",0.0,0.003507967572659254,0.023367606103420258
74338,1219,443.0,443,,nnknn,500,25452,100687,13784,41003,11668,59684,868,1197,0.05839799999999995,0.05839799999999995,True,"[0.8921869993209839, 0.10781299322843552]","[0.8692840337753296, 0.13071593642234802]","[259, 241]",0.0,0.003507967572659254,0.023367606103420258
74619,1220,281.0,281,88.75288391113281,nnknn,500,25521,103610,13820,42444,11701,61166,885,1252,0.0548386666666667,0.0548386666666667,True,"[0.6973891258239746, 0.30261093378067017]","[0.686564564704895, 0.31343549489974976]","[263, 237]",0.0,0.003575559239834547,0.02286904864013195
74983,1221,364.0,364,,nnknn,500,25521,103610,13820,42444,11701,61166,885,1252,0.05022799999999994,0.05022799999999994,True,"[0.0, 1.0]","[0.025113999843597412, 0.9748860001564026]","[263, 237]",0.0,0.003575559239834547,0.02286904864013195
75483,1222,500.0,500,,nnknn,500,25521,103610,13820,42444,11701,61166,885,1252,0.05,0.05,True,"[0.19801326096057892, 0.8019867539405823]","[0.21311260759830475, 0.7868874073028564]","[263, 237]",0.0,0.003575559239834547,0.02286904864013195
75932,1223,449.0,449,,nnknn,500,25521,103610,13820,42444,11701,61166,885,1252,0.05,0.05,True,"[1.0, 0.0]","[0.9749999642372131, 0.02500000037252903]","[263, 237]",0.0,0.003575559239834547,0.02286904864013195
76113,1224,181.0,181,82.10548400878906,nnknn,500,27025,104991,13850,43825,13175,61166,905,1319,0.05,0.05,True,"[0.2544533312320709, 0.7455466985702515]","[0.2667306661605835, 0.7332693338394165]","[258, 242]",0.0,0.003610901301726699,0.02336902916431427
76372,1225,259.0,259,,nnknn,500,27025,104991,13850,43825,13175,61166,905,1319,0.05,0.05,True,"[0.6054890155792236, 0.394510954618454]","[0.6002145409584045, 0.3997853994369507]","[258, 242]",0.0,0.003610901301726699,0.02336902916431427
76551,1226,179.0,179,,nnknn,500,27025,104991,13850,43825,13175,61166,905,1319,0.05,0.05,True,"[1.0, 0.0]","[0.9749999642372131, 0.02500000037252903]","[258, 242]",0.0,0.003610901301726699,0.02336902916431427
76718,1227,167.0,167,,nnknn,500,27025,104991,13850,43825,13175,61166,905,1319,0.05,0.05,True,"[0.9017629027366638, 0.09823708236217499]","[0.8816747069358826, 0.11832522600889206]","[258, 242]",0.0,0.003610901301726699,0.02336902916431427
77067,1228,349.0,349,101.33920288085938,nnknn,500,27050,106678,13869,44654,13181,62024,925,1362,0.05,0.05,True,"[0.8025962710380554, 0.19740375876426697]","[0.7874664068222046, 0.21253357827663422]","[265, 235]",0.0,0.0036452023778110743,0.023868992924690247
77369,1229,302.0,302,,nnknn,500,27050,106678,13869,44654,13181,62024,925,1362,0.05,0.05,True,"[0.11290237307548523, 0.8870976567268372]","[0.13225725293159485, 0.8677427172660828]","[265, 235]",0.0,0.0036452023778110743,0.023868992924690247
77672,1230,303.0,303,,nnknn,500,27050,106678,13869,44654,13181,62024,925,1362,0.05,0.05,True,"[0.0, 1.0]","[0.02500000037252903, 0.9749999642372131]","[265, 235]",0.0,0.0036452023778110743,0.023868992924690247
77787,1231,115.0,115,,nnknn,500,27050,106678,13869,44654,13181,62024,925,1362,0.05,0.05,True,"[0.3929257094860077, 0.6070742607116699]","[0.39827942848205566, 0.6017205119132996]","[265, 235]",0.0,0.0036452023778110743,0.023868992924690247
77963,1232,176.0,176,112.65699005126953,nnknn,482,27910,107499,14694,44654,13216,62845,946,1402,0.05,0.05,True,"[0.12225928157567978, 0.877740740776062]","[0.14114631712436676, 0.8588536977767944]","[254, 228]",0.0,0.003799137193709612,0.023369010537862778
78123,1233,160.0,160,,nnknn,482,27910,107499,14694,44654,13216,62845,946,1402,0.05,0.05,True,"[0.4819228947162628, 0.5180771350860596]","[0.48282673954963684, 0.5171732902526855]","[254, 228]",0.0,0.003799137193709612,0.023369010537862778
78231,1234,108.0,108,,nnknn,482,27910,107499,14694,44654,13216,62845,946,1402,0.05,0.05,True,"[0.2711966931819916, 0.7288033366203308]","[0.2826368510723114, 0.7173631191253662]","[254, 228]",0.0,0.003799137193709612,0.023369010537862778
78510,1235,279.0,279,,nnknn,482,27910,107499,14694,44654,13216,62845,946,1402,0.05,0.05,True,"[0.273541122674942, 0.7264589071273804]","[0.28486406803131104, 0.715135931968689]","[254, 228]",0.0,0.003799137193709612,0.023369010537862778
78678,1236,168.0,168,108.97956848144531,nnknn,500,27929,108712,14704,45224,13225,63488,970,1465,0.05,0.05,True,"[0.910868227481842, 0.08913177251815796]","[0.8903247714042664, 0.10967518389225006]","[263, 237]",0.0,0.003623215714469552,0.023868925869464874
78904,1237,226.0,226,,nnknn,500,27929,108712,14704,45224,13225,63488,970,1465,0.05,0.05,True,"[0.7263919115066528, 0.27360808849334717]","[0.7150722742080688, 0.28492769598960876]","[263, 237]",0.0,0.003623215714469552,0.023868925869464874
79123,1238,219.0,219,,nnknn,500,27929,108712,14704,45224,13225,63488,970,1465,0.05,0.05,True,"[0.7269238233566284, 0.2730761766433716]","[0.7155776023864746, 0.284422367811203]","[263, 237]",0.0,0.003623215714469552,0.023868925869464874
79352,1239,229.0,229,,nnknn,500,27929,108712,14704,45224,13225,63488,970,1465,0.05,0.05,True,"[0.31598055362701416, 0.6840195059776306]","[0.3251815140247345, 0.6748185157775879]","[263, 237]",0.0,0.003623215714469552,0.023868925869464874
79633,1240,281.0,281,67.81041717529297,nnknn,500,27982,110459,14727,46085,13255,64374,989,1504,0.05,0.05,True,"[0.5532174110412598, 0.44678258895874023]","[0.550556480884552, 0.4494434595108032]","[262, 238]",0.0,0.003643888281658292,0.02436872199177742
79898,1241,265.0,265,,nnknn,500,27982,110459,14727,46085,13255,64374,989,1504,0.05,0.05,True,"[0.700558602809906, 0.2994414269924164]","[0.6905306577682495, 0.3094693720340729]","[262, 238]",0.0,0.003643888281658292,0.02436872199177742
80164,1242,266.0,266,,nnknn,500,27982,110459,14727,46085,13255,64374,989,1504,0.05,0.05,True,"[0.6600886583328247, 0.3399113416671753]","[0.6520841717720032, 0.34791576862335205]","[262, 238]",0.0,0.003643888281658292,0.02436872199177742
80465,1243,301.0,301,,nnknn,500,27982,110459,14727,46085,13255,64374,989,1504,0.05,0.05,True,"[0.39576369524002075, 0.6042363047599792]","[0.4009755253791809, 0.5990244746208191]","[262, 238]",0.0,0.003643888281658292,0.02436872199177742
80612,1244,147.0,147,66.43425750732422,nnknn,500,28035,112216,14752,46932,13283,65284,1007,1545,0.05,0.05,True,"[0.275301992893219, 0.724698007106781]","[0.28653690218925476, 0.7134630680084229]","[254, 246]",0.0,0.003652945626527071,0.023868737742304802
80876,1245,264.0,264,,nnknn,500,28035,112216,14752,46932,13283,65284,1007,1545,0.05,0.05,True,"[0.5579925179481506, 0.44200748205184937]","[0.5550928711891174, 0.4449070990085602]","[254, 246]",0.0,0.003652945626527071,0.023868737742304802
81064,1246,188.0,188,,nnknn,500,28035,112216,14752,46932,13283,65284,1007,1545,0.05,0.05,True,"[0.6809324622154236, 0.3190675675868988]","[0.6718857884407043, 0.32811418175697327]","[254, 246]",0.0,0.003652945626527071,0.023868737742304802
81315,1247,251.0,251,,nnknn,500,28035,112216,14752,46932,13283,65284,1007,1545,0.05,0.05,True,"[0.559582531452179, 0.44041746854782104]","[0.5566033720970154, 0.44339659810066223]","[254, 246]",0.0,0.003652945626527071,0.023868737742304802
81504,1248,189.0,189,64.6285171508789,nnknn,500,28085,113835,14774,47696,13311,66139,1013,1554,0.05,0.05,True,"[0.5398291349411011, 0.4601708948612213]","[0.5378376245498657, 0.4621623456478119]","[256, 244]",0.0,0.003643475705757737,0.023368746042251587
81920,1249,416.0,416,,nnknn,500,28085,113835,14774,47696,13311,66139,1013,1554,0.05,0.05,True,"[0.6522330045700073, 0.3477669954299927]","[0.6446213126182556, 0.355378657579422]","[256, 244]",0.0,0.003643475705757737,0.023368746042251587
82176,1250,256.0,256,,nnknn,500,28085,113835,14774,47696,13311,66139,1013,1554,0.05,0.05,True,"[0.5097618103027344, 0.4902381896972656]","[0.5092737078666687, 0.4907262921333313]","[256, 244]",0.0,0.003643475705757737,0.023368746042251587
82527,1251,351.0,351,,nnknn,500,28085,113835,14774,47696,13311,66139,1013,1554,0.05,0.05,True,"[0.5233576893806458, 0.47664231061935425]","[0.5221897959709167, 0.47781020402908325]","[256, 244]",0.0,0.003643475705757737,0.023368746042251587
82736,1252,209.0,209,57.6732292175293,nnknn,500,28153,116108,14804,48839,13349,67269,1033,1618,0.05,0.05,True,"[0.7604214549064636, 0.23957858979701996]","[0.7474003434181213, 0.25259965658187866]","[253, 247]",0.0,0.0036568150389939547,0.023868734017014503
82982,1253,246.0,246,,nnknn,500,28153,116108,14804,48839,13349,67269,1033,1618,0.05,0.05,True,"[0.27897489070892334, 0.7210251092910767]","[0.29002615809440613, 0.7099738121032715]","[253, 247]",0.0,0.0036568150389939547,0.023868734017014503
83220,1254,238.0,238,,nnknn,500,28153,116108,14804,48839,13349,67269,1033,1618,0.05,0.05,True,"[0.4815593659877777, 0.5184406638145447]","[0.4824813902378082, 0.5175186395645142]","[253, 247]",0.0,0.0036568150389939547,0.023868734017014503
83542,1255,322.0,322,,nnknn,500,28153,116108,14804,48839,13349,67269,1033,1618,0.05,0.05,True,"[0.0, 1.0]","[0.02500000037252903, 0.9749999642372131]","[253, 247]",0.0,0.0036568150389939547,0.023868734017014503
83754,1256,212.0,212,75.48334503173828,nnknn,468,29166,117076,15779,48839,13387,68237,1044,1630,0.05,0.05,True,"[0.6179744005203247, 0.38202565908432007]","[0.6120756268501282, 0.3879243731498718]","[235, 233]",0.0004120400408282876,0.003978830762207508,0.02436872385442257
84007,1257,253.0,253,,nnknn,468,29166,117076,15779,48839,13387,68237,1044,1630,0.05,0.05,True,"[0.5000520348548889, 0.49994799494743347]","[0.5000494122505188, 0.4999505877494812]","[235, 233]",0.0004120400408282876,0.003978830762207508,0.02436872385442257
84331,1258,324.0,324,,nnknn,468,29166,117076,15779,48839,13387,68237,1044,1630,0.05,0.05,True,"[0.48630276322364807, 0.5136972069740295]","[0.4869876205921173, 0.5130123496055603]","[235, 233]",0.0004120400408282876,0.003978830762207508,0.02436872385442257
84831,1259,500.0,500,,nnknn,468,29166,117076,15779,48839,13387,68237,1044,1630,0.05,0.05,True,"[0.8887590765953064, 0.1112409383058548]","[0.8693211078643799, 0.13067889213562012]","[235, 233]",0.0004120400408282876,0.003978830762207508,0.02436872385442257
85135,1260,304.0,304,65.66793823242188,nnknn,500,29187,119680,15786,50099,13401,69581,1066,1653,0.05,0.05,True,"[0.4157653748989105, 0.5842346549034119]","[0.4199770987033844, 0.5800228714942932]","[253, 247]",0.0,0.0037405830807983875,0.0248686745762825
85362,1261,227.0,227,,nnknn,500,29187,119680,15786,50099,13401,69581,1066,1653,0.05,0.05,True,"[0.4895644783973694, 0.5104355216026306]","[0.49008625745773315, 0.5099137425422668]","[253, 247]",0.0,0.0037405830807983875,0.0248686745762825
85701,1262,339.0,339,,nnknn,500,29187,119680,15786,50099,13401,69581,1066,1653,0.05,0.05,True,"[0.4290880560874939, 0.5709119439125061]","[0.4326336681842804, 0.5673663020133972]","[253, 247]",0.0,0.0037405830807983875,0.0248686745762825
85872,1263,171.0,171,,nnknn,500,29187,119680,15786,50099,13401,69581,1066,1653,0.05,0.05,True,"[0.807696521282196, 0.19230350852012634]","[0.7923116683959961, 0.2076883316040039]","[253, 247]",0.0,0.0037405830807983875,0.0248686745762825
86072,1264,200.0,200,78.56415557861328,nnknn,474,30067,120572,16636,50099,13431,70473,1077,1668,0.05,0.05,True,"[0.2020072042942047, 0.7979927659034729]","[0.2169068455696106, 0.7830930948257446]","[240, 234]",1.1699739843606949e-08,0.00396345928311348,0.02536860480904579
86491,1265,419.0,419,,nnknn,474,30067,120572,16636,50099,13431,70473,1077,1668,0.05,0.05,True,"[0.9047847986221313, 0.09521522372961044]","[0.8845455050468445, 0.11545445770025253]","[240, 234]",1.1699739843606949e-08,0.00396345928311348,0.02536860480904579
86795,1266,304.0,304,,nnknn,474,30067,120572,16636,50099,13431,70473,1077,1668,0.05,0.05,True,"[0.5244541168212891, 0.47554588317871094]","[0.5232313871383667, 0.4767685830593109]","[240, 234]",1.1699739843606949e-08,0.00396345928311348,0.02536860480904579
87061,1267,266.0,266,,nnknn,474,30067,120572,16636,50099,13431,70473,1077,1668,0.05,0.05,True,"[0.7038615942001343, 0.2961384356021881]","[0.6936684846878052, 0.3063315153121948]","[240, 234]",1.1699739843606949e-08,0.00396345928311348,0.02536860480904579
87319,1268,258.0,258,73.52857208251953,nnknn,500,30117,122881,16647,51218,13470,71663,1090,1686,0.05,0.05,True,"[0.7108722925186157, 0.28912776708602905]","[0.7003286480903625, 0.29967138171195984]","[258, 242]",0.0,0.003735095262527466,0.024868624284863472
87790,1269,471.0,471,,nnknn,500,30117,122881,16647,51218,13470,71663,1090,1686,0.05,0.05,True,"[0.4197513461112976, 0.5802486538887024]","[0.42376378178596497, 0.5762361884117126]","[258, 242]",0.0,0.003735095262527466,0.024868624284863472
87964,1270,174.0,174,,nnknn,500,30117,122881,16647,51218,13470,71663,1090,1686,0.05,0.05,True,"[0.5024546980857849, 0.4975453019142151]","[0.5023319721221924, 0.4976680278778076]","[258, 242]",0.0,0.003735095262527466,0.024868624284863472
88266,1271,302.0,302,,nnknn,500,30117,122881,16647,51218,13470,71663,1090,1686,0.05,0.05,True,"[0.3816286027431488, 0.6183714270591736]","[0.38754716515541077, 0.6124528050422668]","[258, 242]",0.0,0.003735095262527466,0.024868624284863472
88497,1272,231.0,231,68.6452407836914,nnknn,459,31284,123989,17772,51218,13512,72771,1105,1714,0.05,0.05,True,"[0.603752613067627, 0.39624738693237305]","[0.5985649228096008, 0.4014350175857544]","[239, 220]",0.0004715996910817921,0.004076700191944838,0.025368567556142807
88724,1273,227.0,227,,nnknn,459,31284,123989,17772,51218,13512,72771,1105,1714,0.05,0.05,True,"[0.17475488781929016, 0.8252451419830322]","[0.19101715087890625, 0.8089828491210938]","[239, 220]",0.0004715996910817921,0.004076700191944838,0.025368567556142807
89053,1274,329.0,329,,nnknn,459,31284,123989,17772,51218,13512,72771,1105,1714,0.05,0.05,True,"[0.4663776159286499, 0.5336223840713501]","[0.4680587351322174, 0.5319412350654602]","[239, 220]",0.0004715996910817921,0.004076700191944838,0.025368567556142807
89337,1275,284.0,284,,nnknn,459,31284,123989,17772,51218,13512,72771,1105,1714,0.05,0.05,True,"[0.3035365343093872, 0.6964635252952576]","[0.31335970759391785, 0.6866403222084045]","[239, 220]",0.0004715996910817921,0.004076700191944838,0.025368567556142807
89521,1276,184.0,184,63.695560455322266,nnknn,500,31335,125803,17783,52098,13552,73705,1122,1764,0.05,0.05,True,"[0.6478655934333801, 0.35213443636894226]","[0.6404722929000854, 0.35952770709991455]","[264, 236]",0.0,0.003736241487786174,0.02586842142045498
89735,1277,214.0,214,,nnknn,500,31335,125803,17783,52098,13552,73705,1122,1764,0.05,0.05,True,"[0.4140259027481079, 0.5859740972518921]","[0.41832461953163147, 0.5816753506660461]","[264, 236]",0.0,0.003736241487786174,0.02586842142045498
90009,1278,274.0,274,,nnknn,500,31335,125803,17783,52098,13552,73705,1122,1764,0.05,0.05,True,"[0.5820589661598206, 0.41794103384017944]","[0.577955961227417, 0.42204397916793823]","[264, 236]",0.0,0.003736241487786174,0.02586842142045498
90121,1279,112.0,112,,nnknn,500,31335,125803,17783,52098,13552,73705,1122,1764,0.05,0.05,True,"[0.9104233384132385, 0.08957667648792267]","[0.8899021148681641, 0.11009784042835236]","[264, 236]",0.0,0.003736241487786174,0.02586842142045498
90302,1280,181.0,181,66.70584106445312,nnknn,500,31411,127186,17818,52755,13593,74431,1133,1778,0.05,0.05,True,"[0.7494374513626099, 0.2505625784397125]","[0.736965537071228, 0.2630344331264496]","[266, 234]",0.0,0.003759044222533703,0.026368392631411552
90555,1281,253.0,253,,nnknn,500,31411,127186,17818,52755,13593,74431,1133,1778,0.05,0.05,True,"[0.3026360869407654, 0.6973639130592346]","[0.31250429153442383, 0.6874957084655762]","[266, 234]",0.0,0.003759044222533703,0.026368392631411552
90720,1282,165.0,165,,nnknn,500,31411,127186,17818,52755,13593,74431,1133,1778,0.05,0.05,True,"[0.8046966195106506, 0.19530335068702698]","[0.7894617319107056, 0.21053819358348846]","[266, 234]",0.0,0.003759044222533703,0.026368392631411552
91040,1283,320.0,320,,nnknn,500,31411,127186,17818,52755,13593,74431,1133,1778,0.05,0.05,True,"[0.49424201250076294, 0.5057579874992371]","[0.4945299029350281, 0.5054700970649719]","[266, 234]",0.0,0.003759044222533703,0.026368392631411552
91343,1284,303.0,303,70.77641296386719,nnknn,500,31470,129070,17844,53664,13626,75406,1151,1811,0.05,0.05,True,"[0.8357448577880859, 0.16425515711307526]","[0.8189575672149658, 0.1810424029827118]","[266, 234]",0.0,0.003749830648303032,0.02586846798658371
91561,1285,218.0,218,,nnknn,500,31470,129070,17844,53664,13626,75406,1151,1811,0.05,0.05,True,"[0.19739019870758057, 0.8026098012924194]","[0.21252068877220154, 0.7874792814254761]","[266, 234]",0.0,0.003749830648303032,0.02586846798658371
91756,1286,195.0,195,,nnknn,500,31470,129070,17844,53664,13626,75406,1151,1811,0.05,0.05,True,"[0.3908148407936096, 0.6091851592063904]","[0.3962740898132324, 0.6037258505821228]","[266, 234]",0.0,0.003749830648303032,0.02586846798658371
92038,1287,282.0,282,,nnknn,500,31470,129070,17844,53664,13626,75406,1151,1811,0.05,0.05,True,"[0.765980064868927, 0.234019935131073]","[0.7526810169219971, 0.24731893837451935]","[266, 234]",0.0,0.003749830648303032,0.02586846798658371
92407,1288,369.0,369,59.231449127197266,nnknn,468,32501,130078,18844,53664,13657,76414,1166,1836,0.05,0.05,True,"[0.32984721660614014, 0.6701527833938599]","[0.33835485577583313, 0.6616451144218445]","[250, 218]",0.0001592223852640018,0.004056710749864578,0.025368481874465942
92907,1289,500.0,500,,nnknn,468,32501,130078,18844,53664,13657,76414,1166,1836,0.05,0.05,True,"[0.0, 1.0]","[0.02500000037252903, 0.9749999642372131]","[250, 218]",0.0001592223852640018,0.004056710749864578,0.025368481874465942
93105,1290,198.0,198,,nnknn,468,32501,130078,18844,53664,13657,76414,1166,1836,0.05,0.05,True,"[0.5964754223823547, 0.40352460741996765]","[0.5916516184806824, 0.4083483815193176]","[250, 218]",0.0001592223852640018,0.004056710749864578,0.025368481874465942
93418,1291,313.0,313,,nnknn,468,32501,130078,18844,53664,13657,76414,1166,1836,0.05,0.05,True,"[0.5170049071311951, 0.4829951226711273]","[0.5161546468734741, 0.4838453531265259]","[250, 218]",0.0001592223852640018,0.004056710749864578,0.025368481874465942
93629,1292,211.0,211,57.52216339111328,nnknn,500,32533,132345,18850,54769,13683,77576,1182,1870,0.05,0.05,True,"[0.8376960754394531, 0.16230396926403046]","[0.8208112120628357, 0.1791887730360031]","[264, 236]",0.0,0.003796161850914359,0.024868514388799667
93963,1293,334.0,334,,nnknn,500,32533,132345,18850,54769,13683,77576,1182,1870,0.05,0.05,True,"[0.3137088418006897, 0.6862912178039551]","[0.32302340865135193, 0.6769766211509705]","[264, 236]",0.0,0.003796161850914359,0.024868514388799667
94460,1294,497.0,497,,nnknn,500,32533,132345,18850,54769,13683,77576,1182,1870,0.05,0.05,True,"[0.7793559432029724, 0.2206440269947052]","[0.7653881311416626, 0.23461182415485382]","[264, 236]",0.0,0.003796161850914359,0.024868514388799667
94960,1295,500.0,500,,nnknn,500,32533,132345,18850,54769,13683,77576,1182,1870,0.05,0.05,True,"[0.5307263731956482, 0.4692735970020294]","[0.5291900038719177, 0.4708099067211151]","[264, 236]",0.0,0.003796161850914359,0.024868514388799667
95460,1296,500.0,500,63.81358337402344,nnknn,500,32605,135852,18877,56506,13728,79346,1199,1886,0.05,0.05,True,"[0.30000078678131104, 0.699999213218689]","[0.3100007474422455, 0.6899992227554321]","[261, 239]",0.0,0.003838953096419573,0.02536848932504654
95787,1297,327.0,327,,nnknn,500,32605,135852,18877,56506,13728,79346,1199,1886,0.05,0.05,True,"[0.8779852390289307, 0.12201477587223053]","[0.8590859174728394, 0.14091403782367706]","[261, 239]",0.0,0.003838953096419573,0.02536848932504654
96031,1298,244.0,244,,nnknn,500,32605,135852,18877,56506,13728,79346,1199,1886,0.05,0.05,True,"[0.8252027630805969, 0.17479726672172546]","[0.8089426159858704, 0.19105741381645203]","[261, 239]",0.0,0.003838953096419573,0.02536848932504654
96287,1299,256.0,256,,nnknn,500,32605,135852,18877,56506,13728,79346,1199,1886,0.05,0.05,True,"[0.5365087389945984, 0.4634913206100464]","[0.5346832871437073, 0.4653167426586151]","[261, 239]",0.0,0.003838953096419573,0.02536848932504654
96478,1300,191.0,191,57.706993103027344,nnknn,500,32642,137659,18895,57366,13747,80293,1213,1938,0.05,0.05,True,"[0.8953881859779358, 0.104611836373806]","[0.8756187558174133, 0.12438124418258667]","[262, 238]",0.0,0.0038524367846548557,0.02586846984922886
96716,1301,238.0,238,,nnknn,500,32642,137659,18895,57366,13747,80293,1213,1938,0.05,0.05,True,"[0.7767519950866699, 0.22324803471565247]","[0.7629143595695496, 0.23708564043045044]","[262, 238]",0.0,0.0038524367846548557,0.02586846984922886
97216,1302,500.0,500,,nnknn,500,32642,137659,18895,57366,13747,80293,1213,1938,0.05,0.05,True,"[0.7996296882629395, 0.20037028193473816]","[0.7846481800079346, 0.21535177528858185]","[262, 238]",0.0,0.0038524367846548557,0.02586846984922886
97585,1303,369.0,369,,nnknn,500,32642,137659,18895,57366,13747,80293,1213,1938,0.05,0.05,True,"[0.32315871119499207, 0.6768412590026855]","[0.3320007920265198, 0.6679991483688354]","[262, 238]",0.0,0.0038524367846548557,0.02586846984922886
97811,1304,226.0,226,63.24560546875,nnknn,500,32701,140157,18921,58594,13780,81563,1228,1968,0.05,0.05,True,"[0.3305286467075348, 0.6694713830947876]","[0.33900222182273865, 0.6609978079795837]","[263, 237]",0.0,0.0038372317794710398,0.025368493050336838
98019,1305,208.0,208,,nnknn,500,32701,140157,18921,58594,13780,81563,1228,1968,0.05,0.05,True,"[0.4841872751712799, 0.5158127546310425]","[0.4849779009819031, 0.5150220990180969]","[263, 237]",0.0,0.0038372317794710398,0.025368493050336838
98276,1306,257.0,257,,nnknn,500,32701,140157,18921,58594,13780,81563,1228,1968,0.05,0.05,True,"[0.576906144618988, 0.42309385538101196]","[0.5730608105659485, 0.4269391596317291]","[263, 237]",0.0,0.0038372317794710398,0.025368493050336838
98447,1307,171.0,171,,nnknn,500,32701,140157,18921,58594,13780,81563,1228,1968,0.05,0.05,True,"[0.29839155077934265, 0.701608419418335]","[0.3084719777107239, 0.6915279626846313]","[263, 237]",0.0,0.0038372317794710398,0.025368493050336838
98612,1308,165.0,165,81.23269653320312,nnknn,500,32737,141558,18938,59241,13799,82317,1246,1996,0.05,0.05,True,"[0.2124052196741104, 0.7875947952270508]","[0.22678495943546295, 0.7732149958610535]","[258, 242]",0.0,0.003854423761367798,0.024868521839380264
98872,1309,260.0,260,,nnknn,500,32737,141558,18938,59241,13799,82317,1246,1996,0.05,0.05,True,"[0.5847272276878357, 0.4152727425098419]","[0.5804908275604248, 0.4195091128349304]","[258, 242]",0.0,0.003854423761367798,0.024868521839380264
99062,1310,190.0,190,,nnknn,500,32737,141558,18938,59241,13799,82317,1246,1996,0.05,0.05,True,"[0.21213136613368988, 0.7878686189651489]","[0.22652480006217957, 0.773475170135498]","[258, 242]",0.0,0.003854423761367798,0.024868521839380264
99269,1311,207.0,207,,nnknn,500,32737,141558,18938,59241,13799,82317,1246,1996,0.05,0.05,True,"[0.7010170817375183, 0.2989829480648041]","[0.6909661889076233, 0.3090338110923767]","[258, 242]",0.0,0.003854423761367798,0.024868521839380264
99451,1312,182.0,182,59.187747955322266,nnknn,500,32802,142968,18961,59897,13841,83071,1264,2039,0.05,0.05,True,"[0.6255578994750977, 0.37444210052490234]","[0.6192799806594849, 0.38071998953819275]","[258, 242]",0.0,0.0038488940335810184,0.02536850981414318
99732,1313,281.0,281,,nnknn,500,32802,142968,18961,59897,13841,83071,1264,2039,0.05,0.05,True,"[0.6806591749191284, 0.3193407952785492]","[0.6716262102127075, 0.3283737599849701]","[258, 242]",0.0,0.0038488940335810184,0.02536850981414318
99905,1314,173.0,173,,nnknn,500,32802,142968,18961,59897,13841,83071,1264,2039,0.05,0.05,True,"[0.46226388216018677, 0.537736177444458]","[0.46415069699287415, 0.5358493328094482]","[258, 242]",0.0,0.0038488940335810184,0.02536850981414318
100013,1315,108.0,108,,nnknn,500,32802,142968,18961,59897,13841,83071,1264,2039,0.05,0.05,True,"[0.8162275552749634, 0.1837724894285202]","[0.8004161715507507, 0.19958387315273285]","[258, 242]",0.0,0.0038488940335810184,0.02536850981414318
100500,1316,487.0,487,92.1523666381836,nnknn,500,32855,144871,18979,60800,13876,84071,1274,2053,0.05,0.05,True,"[0.29914623498916626, 0.7008538246154785]","[0.30918893218040466, 0.6908110976219177]","[256, 244]",0.0,0.0038286515045911074,0.024868566542863846
100770,1317,270.0,270,,nnknn,500,32855,144871,18979,60800,13876,84071,1274,2053,0.05,0.05,True,"[0.6035826206207275, 0.39641740918159485]","[0.5984034538269043, 0.4015965461730957]","[256, 244]",0.0,0.0038286515045911074,0.024868566542863846
100995,1318,225.0,225,,nnknn,500,32855,144871,18979,60800,13876,84071,1274,2053,0.05,0.05,True,"[0.5933669805526733, 0.40663307905197144]","[0.5886986255645752, 0.4113014340400696]","[256, 244]",0.0,0.0038286515045911074,0.024868566542863846
101180,1319,185.0,185,,nnknn,500,32855,144871,18979,60800,13876,84071,1274,2053,0.05,0.05,True,"[1.0, 0.0]","[0.9749999642372131, 0.02500000037252903]","[256, 244]",0.0,0.0038286515045911074,0.024868566542863846
101482,1320,302.0,302,97.52462768554688,nnknn,500,32923,146642,18993,61647,13930,84995,1279,2057,0.05,0.05,True,"[0.30500030517578125, 0.6949997544288635]","[0.3147502839565277, 0.6852497458457947]","[260, 240]",0.0,0.003821180434897542,0.0243686493486166
101936,1321,454.0,454,,nnknn,500,32923,146642,18993,61647,13930,84995,1279,2057,0.05,0.05,True,"[0.4513503313064575, 0.5486496686935425]","[0.4537828266620636, 0.546217143535614]","[260, 240]",0.0,0.003821180434897542,0.0243686493486166
102142,1322,206.0,206,,nnknn,500,32923,146642,18993,61647,13930,84995,1279,2057,0.05,0.05,True,"[0.7563315629959106, 0.24366846680641174]","[0.7435149550437927, 0.2564850449562073]","[260, 240]",0.0,0.003821180434897542,0.0243686493486166
102227,1323,85.0,85,,nnknn,500,32923,146642,18993,61647,13930,84995,1279,2057,0.05,0.05,True,"[0.7945619821548462, 0.20543798804283142]","[0.7798338532447815, 0.22016608715057373]","[260, 240]",0.0,0.003821180434897542,0.0243686493486166
102455,1324,228.0,228,61.16130828857422,nnknn,500,32980,148385,19018,62464,13962,85921,1295,2072,0.05,0.05,True,"[0.7830153107643127, 0.21698473393917084]","[0.7688645124435425, 0.2311355024576187]","[261, 239]",0.0,0.003800463629886508,0.02486860565841198
102643,1325,188.0,188,,nnknn,500,32980,148385,19018,62464,13962,85921,1295,2072,0.05,0.05,True,"[0.27778398990631104, 0.7222160696983337]","[0.28889480233192444, 0.711105227470398]","[261, 239]",0.0,0.003800463629886508,0.02486860565841198
102867,1326,224.0,224,,nnknn,500,32980,148385,19018,62464,13962,85921,1295,2072,0.05,0.05,True,"[0.906251072883606, 0.09374896436929703]","[0.8859384655952454, 0.11406151205301285]","[261, 239]",0.0,0.003800463629886508,0.02486860565841198
103121,1327,254.0,254,,nnknn,500,32980,148385,19018,62464,13962,85921,1295,2072,0.05,0.05,True,"[0.9300402998924255, 0.06995975971221924]","[0.9085382223129272, 0.09146177023649216]","[261, 239]",0.0,0.003800463629886508,0.02486860565841198
103413,1328,292.0,292,56.66853713989258,nnknn,500,33027,150104,19040,63275,13987,86829,1315,2097,0.05,0.05,True,"[0.6832270622253418, 0.3167729377746582]","[0.6740656495094299, 0.3259342908859253]","[263, 237]",0.0,0.0037919264286756516,0.024368612095713615
103704,1329,291.0,291,,nnknn,500,33027,150104,19040,63275,13987,86829,1315,2097,0.05,0.05,True,"[1.0, 0.0]","[0.9749999642372131, 0.02500000037252903]","[263, 237]",0.0,0.0037919264286756516,0.024368612095713615
103966,1330,262.0,262,,nnknn,500,33027,150104,19040,63275,13987,86829,1315,2097,0.05,0.05,True,"[0.838696300983429, 0.16130366921424866]","[0.821761429309845, 0.17823849618434906]","[263, 237]",0.0,0.0037919264286756516,0.024368612095713615
104234,1331,268.0,268,,nnknn,500,33027,150104,19040,63275,13987,86829,1315,2097,0.05,0.05,True,"[0.6983131170272827, 0.3016868829727173]","[0.6883974075317383, 0.31160253286361694]","[263, 237]",0.0,0.0037919264286756516,0.024368612095713615
104440,1332,206.0,206,60.12558364868164,nnknn,500,33101,151897,19063,64121,14038,87776,1338,2126,0.05,0.05,True,"[0.285310298204422, 0.7146897315979004]","[0.29604479670524597, 0.7039552330970764]","[271, 229]",0.0,0.003801240585744381,0.023868801072239876
104751,1333,311.0,311,,nnknn,500,33101,151897,19063,64121,14038,87776,1338,2126,0.05,0.05,True,"[0.5865906476974487, 0.4134093225002289]","[0.5822610855102539, 0.4177388548851013]","[271, 229]",0.0,0.003801240585744381,0.023868801072239876
105012,1334,261.0,261,,nnknn,500,33101,151897,19063,64121,14038,87776,1338,2126,0.05,0.05,True,"[0.17871691286563873, 0.8212831020355225]","[0.19478106498718262, 0.8052189350128174]","[271, 229]",0.0,0.003801240585744381,0.023868801072239876
105247,1335,235.0,235,,nnknn,500,33101,151897,19063,64121,14038,87776,1338,2126,0.05,0.05,True,"[0.4503979980945587, 0.5496019721031189]","[0.45287808775901794, 0.5471218228340149]","[271, 229]",0.0,0.003801240585744381,0.023868801072239876
105486,1336,239.0,239,65.65831756591797,nnknn,500,33159,153792,19078,65029,14081,88763,1352,2142,0.05,0.05,True,"[0.3951232135295868, 0.6048768162727356]","[0.40036705136299133, 0.5996329188346863]","[272, 228]",0.0,0.003838778007775545,0.02336880937218666
105634,1337,148.0,148,,nnknn,500,33159,153792,19078,65029,14081,88763,1352,2142,0.05,0.05,True,"[0.8958778977394104, 0.10412213206291199]","[0.8760839700698853, 0.12391602247953415]","[272, 228]",0.0,0.003838778007775545,0.02336880937218666
105832,1338,198.0,198,,nnknn,500,33159,153792,19078,65029,14081,88763,1352,2142,0.05,0.05,True,"[0.3881017863750458, 0.6118982434272766]","[0.39369669556617737, 0.6063032746315002]","[272, 228]",0.0,0.003838778007775545,0.02336880937218666
106103,1339,271.0,271,,nnknn,500,33159,153792,19078,65029,14081,88763,1352,2142,0.05,0.05,True,"[0.5018613338470459, 0.4981386959552765]","[0.5017682313919067, 0.49823176860809326]","[272, 228]",0.0,0.003838778007775545,0.02336880937218666
106340,1340,237.0,237,94.51832580566406,nnknn,500,33216,155307,19096,65752,14120,89555,1368,2165,0.05,0.05,True,"[0.7122963666915894, 0.28770366311073303]","[0.7016814947128296, 0.298318475484848]","[268, 232]",0.0,0.003814877010881901,0.023868784308433533
106592,1341,252.0,252,,nnknn,500,33216,155307,19096,65752,14120,89555,1368,2165,0.05,0.05,True,"[0.42390188574790955, 0.5760980844497681]","[0.427706778049469, 0.5722931623458862]","[268, 232]",0.0,0.003814877010881901,0.023868784308433533
106803,1342,211.0,211,,nnknn,500,33216,155307,19096,65752,14120,89555,1368,2165,0.05,0.05,True,"[1.0, 0.0]","[0.9749999642372131, 0.02500000037252903]","[268, 232]",0.0,0.003814877010881901,0.023868784308433533
106988,1343,185.0,185,,nnknn,500,33216,155307,19096,65752,14120,89555,1368,2165,0.05,0.05,True,"[1.0, 0.0]","[0.9749999642372131, 0.02500000037252903]","[268, 232]",0.0,0.003814877010881901,0.023868784308433533
107212,1344,224.0,224,78.60841369628906,nnknn,500,33265,156822,19111,66434,14154,90388,1377,2170,0.05,0.05,True,"[0.4566940367221832, 0.5433059930801392]","[0.45885932445526123, 0.5411406755447388]","[274, 226]",0.0,0.0038454437162727118,0.02336878888309002
107332,1345,120.0,120,,nnknn,500,33265,156822,19111,66434,14154,90388,1377,2170,0.05,0.05,True,"[0.09742569923400879, 0.9025743007659912]","[0.11755441129207611, 0.8824455738067627]","[274, 226]",0.0,0.0038454437162727118,0.02336878888309002
107473,1346,141.0,141,,nnknn,500,33265,156822,19111,66434,14154,90388,1377,2170,0.05,0.05,True,"[0.5297117233276367, 0.4702882468700409]","[0.5282260775566101, 0.47177383303642273]","[274, 226]",0.0,0.0038454437162727118,0.02336878888309002
107779,1347,306.0,306,,nnknn,500,33265,156822,19111,66434,14154,90388,1377,2170,0.05,0.05,True,"[0.5775356888771057, 0.42246437072753906]","[0.5736588835716248, 0.42634114623069763]","[274, 226]",0.0,0.0038454437162727118,0.02336878888309002
107975,1348,196.0,196,90.04944610595703,nnknn,494,33953,157534,19761,66434,14192,91100,1389,2183,0.05,0.05,True,"[0.4560335874557495, 0.5439664721488953]","[0.4582318961620331, 0.5417681336402893]","[273, 221]",0.0,0.003888331353664398,0.022868800908327103
108194,1349,219.0,219,,nnknn,494,33953,157534,19761,66434,14192,91100,1389,2183,0.05,0.05,True,"[0.804852306842804, 0.19514769315719604]","[0.7896096706390381, 0.21039031445980072]","[273, 221]",0.0,0.003888331353664398,0.022868800908327103
108458,1350,264.0,264,,nnknn,494,33953,157534,19761,66434,14192,91100,1389,2183,0.05,0.05,True,"[0.3845207095146179, 0.6154793500900269]","[0.3902946710586548, 0.6097053289413452]","[273, 221]",0.0,0.003888331353664398,0.022868800908327103
108712,1351,254.0,254,,nnknn,494,33953,157534,19761,66434,14192,91100,1389,2183,0.05,0.05,True,"[0.5115536451339722, 0.4884464144706726]","[0.5109759569168091, 0.4890241026878357]","[273, 221]",0.0,0.003888331353664398,0.022868800908327103
108873,1352,161.0,161,61.30105209350586,nnknn,463,35702,157534,20586,66434,15116,91100,1399,2198,0.05,0.05,True,"[0.191371887922287, 0.8086281418800354]","[0.20680329203605652, 0.7931966781616211]","[259, 204]",0.00037785465246997774,0.004148093052208424,0.023368768393993378
109127,1353,254.0,254,,nnknn,463,35702,157534,20586,66434,15116,91100,1399,2198,0.05,0.05,True,"[0.6387577056884766, 0.36124229431152344]","[0.6318197846412659, 0.36818018555641174]","[259, 204]",0.00037785465246997774,0.004148093052208424,0.023368768393993378
109307,1354,180.0,180,,nnknn,463,35702,157534,20586,66434,15116,91100,1399,2198,0.05,0.05,True,"[0.2965817153453827, 0.7034182548522949]","[0.30675262212753296, 0.6932473182678223]","[259, 204]",0.00037785465246997774,0.004148093052208424,0.023368768393993378
109525,1355,218.0,218,,nnknn,463,35702,157534,20586,66434,15116,91100,1399,2198,0.05,0.05,True,"[0.1862739473581314, 0.8137260675430298]","[0.2019602507352829, 0.7980397343635559]","[259, 204]",0.00037785465246997774,0.004148093052208424,0.023368768393993378
109672,1356,147.0,147,89.35317993164062,nnknn,500,35710,158886,20593,67056,15117,91830,1418,2225,0.05,0.05,True,"[0.08272460103034973, 0.9172753691673279]","[0.10358836501836777, 0.8964115381240845]","[277, 223]",0.0,0.0038241613656282425,0.022868772968649864
109942,1357,270.0,270,,nnknn,500,35710,158886,20593,67056,15117,91830,1418,2225,0.05,0.05,True,"[0.5148620009422302, 0.48513802886009216]","[0.5141189098358154, 0.48588111996650696]","[277, 223]",0.0,0.0038241613656282425,0.022868772968649864
110100,1358,158.0,158,,nnknn,500,35710,158886,20593,67056,15117,91830,1418,2225,0.05,0.05,True,"[0.1875063180923462, 0.8124936819076538]","[0.20313100516796112, 0.7968689799308777]","[277, 223]",0.0,0.0038241613656282425,0.022868772968649864
110323,1359,223.0,223,,nnknn,500,35710,158886,20593,67056,15117,91830,1418,2225,0.05,0.05,True,"[0.7925531268119812, 0.2074469029903412]","[0.777925431728363, 0.22207456827163696]","[277, 223]",0.0,0.0038241613656282425,0.022868772968649864
110448,1360,125.0,125,68.66404724121094,nnknn,500,35771,160241,20617,67678,15154,92563,1427,2231,0.05,0.05,True,"[0.8953178524971008, 0.10468212515115738]","[0.8755519390106201, 0.1244480162858963]","[278, 222]",0.0,0.003816656768321991,0.022368784993886948
110644,1361,196.0,196,,nnknn,500,35771,160241,20617,67678,15154,92563,1427,2231,0.05,0.05,True,"[0.0921134352684021, 0.9078865647315979]","[0.11250776052474976, 0.8874921798706055]","[278, 222]",0.0,0.003816656768321991,0.022368784993886948
110931,1362,287.0,287,,nnknn,500,35771,160241,20617,67678,15154,92563,1427,2231,0.05,0.05,True,"[0.42407771944999695, 0.5759223103523254]","[0.427873820066452, 0.5721261501312256]","[278, 222]",0.0,0.003816656768321991,0.022368784993886948
111181,1363,250.0,250,,nnknn,500,35771,160241,20617,67678,15154,92563,1427,2231,0.05,0.05,True,"[0.39975249767303467, 0.6002475023269653]","[0.404764860868454, 0.5952351093292236]","[278, 222]",0.0,0.003816656768321991,0.022368784993886948
111421,1364,240.0,240,85.4809341430664,nnknn,461,36668,161164,21492,67678,15176,93486,1441,2259,0.05,0.05,True,"[0.8926832675933838, 0.1073167622089386]","[0.8730490803718567, 0.1269509196281433]","[258, 203]",0.00036940560676157475,0.004132090136408806,0.021868791431188583
111879,1365,458.0,458,,nnknn,461,36668,161164,21492,67678,15176,93486,1441,2259,0.05,0.05,True,"[0.5418084859848022, 0.45819154381752014]","[0.5397180318832397, 0.46028196811676025]","[258, 203]",0.00036940560676157475,0.004132090136408806,0.021868791431188583
112214,1366,335.0,335,,nnknn,461,36668,161164,21492,67678,15176,93486,1441,2259,0.05,0.05,True,"[0.6914418339729309, 0.30855822563171387]","[0.6818696856498718, 0.3181303143501282]","[258, 203]",0.00036940560676157475,0.004132090136408806,0.021868791431188583
112440,1367,226.0,226,,nnknn,461,36668,161164,21492,67678,15176,93486,1441,2259,0.05,0.05,True,"[0.7985913753509521, 0.20140863955020905]","[0.7836617827415466, 0.21633821725845337]","[258, 203]",0.00036940560676157475,0.004132090136408806,0.021868791431188583
112773,1368,333.0,333,69.28756713867188,nnknn,500,36711,163641,21502,68886,15209,94755,1463,2309,0.05,0.05,True,"[0.901698112487793, 0.09830191731452942]","[0.8816131949424744, 0.11838681995868683]","[283, 217]",0.0,0.0038114048074930906,0.02236875705420971
113023,1369,250.0,250,,nnknn,500,36711,163641,21502,68886,15209,94755,1463,2309,0.05,0.05,True,"[0.30932068824768066, 0.6906793117523193]","[0.3188546597957611, 0.6811453104019165]","[283, 217]",0.0,0.0038114048074930906,0.02236875705420971
113401,1370,378.0,378,,nnknn,500,36711,163641,21502,68886,15209,94755,1463,2309,0.05,0.05,True,"[0.3206227123737335, 0.6793773174285889]","[0.3295915722846985, 0.6704084277153015]","[283, 217]",0.0,0.0038114048074930906,0.02236875705420971
113777,1371,376.0,376,,nnknn,500,36711,163641,21502,68886,15209,94755,1463,2309,0.05,0.05,True,"[0.21304470300674438, 0.7869553565979004]","[0.22739246487617493, 0.7726075649261475]","[283, 217]",0.0,0.0038114048074930906,0.02236875705420971
114072,1372,295.0,295,55.820491790771484,nnknn,500,36788,166009,21540,70050,15248,95959,1488,2365,0.05,0.05,True,"[0.40401196479797363, 0.5959880352020264]","[0.4088113605976105, 0.5911886096000671]","[282, 218]",0.0,0.0038130704779177904,0.021868767216801643
114357,1373,285.0,285,,nnknn,500,36788,166009,21540,70050,15248,95959,1488,2365,0.05,0.05,True,"[0.3828463554382324, 0.6171536445617676]","[0.3887040317058563, 0.6112959384918213]","[282, 218]",0.0,0.0038130704779177904,0.021868767216801643
114570,1374,213.0,213,,nnknn,500,36788,166009,21540,70050,15248,95959,1488,2365,0.05,0.05,True,"[0.09817103296518326, 0.9018290042877197]","[0.11826247721910477, 0.8817375302314758]","[282, 218]",0.0,0.0038130704779177904,0.021868767216801643
114648,1375,78.0,78,,nnknn,500,36788,166009,21540,70050,15248,95959,1488,2365,0.05,0.05,True,"[0.0930098295211792, 0.9069901704788208]","[0.11335933208465576, 0.8866406083106995]","[282, 218]",0.0,0.0038130704779177904,0.021868767216801643
114787,1376,139.0,139,55.536399841308594,nnknn,499,37398,166670,22115,70050,15283,96620,1501,2384,0.05,0.05,True,"[0.7014853358268738, 0.2985146641731262]","[0.691411018371582, 0.3085889220237732]","[290, 209]",0.0,0.003838854841887951,0.022060874849557877
114924,1377,137.0,137,,nnknn,499,37398,166670,22115,70050,15283,96620,1501,2384,0.05,0.05,True,"[1.0, 0.0]","[0.9749999642372131, 0.02500000037252903]","[290, 209]",0.0,0.003838854841887951,0.022060874849557877
115099,1378,175.0,175,,nnknn,499,37398,166670,22115,70050,15283,96620,1501,2384,0.05,0.05,True,"[0.8122208118438721, 0.18777921795845032]","[0.7966097593307495, 0.20339025557041168]","[290, 209]",0.0,0.003838854841887951,0.022060874849557877
115196,1379,97.0,97,,nnknn,499,37398,166670,22115,70050,15283,96620,1501,2384,0.05,0.05,True,"[0.45389166474342346, 0.5461083650588989]","[0.4561970829963684, 0.5438029170036316]","[290, 209]",0.0,0.003838854841887951,0.022060874849557877
115327,1380,131.0,131,40.599430084228516,nnknn,473,37892,167145,22565,70050,15327,97095,1516,2405,0.05,0.05,True,"[0.906462550163269, 0.09353749454021454]","[0.8861393928527832, 0.1138606145977974]","[280, 193]",0.00020613480592146516,0.004042955115437508,0.021560892462730408
115437,1381,110.0,110,,nnknn,473,37892,167145,22565,70050,15327,97095,1516,2405,0.05,0.05,True,"[0.27401015162467957, 0.7259898781776428]","[0.28530964255332947, 0.7146903276443481]","[280, 193]",0.00020613480592146516,0.004042955115437508,0.021560892462730408
115784,1382,347.0,347,,nnknn,473,37892,167145,22565,70050,15327,97095,1516,2405,0.05,0.05,True,"[0.47162890434265137, 0.5283710956573486]","[0.4730474650859833, 0.5269525051116943]","[280, 193]",0.00020613480592146516,0.004042955115437508,0.021560892462730408
115995,1383,211.0,211,,nnknn,473,37892,167145,22565,70050,15327,97095,1516,2405,0.05,0.05,True,"[0.1039377897977829, 0.8960621953010559]","[0.12374089658260345, 0.8762590289115906]","[280, 193]",0.00020613480592146516,0.004042955115437508,0.021560892462730408
116191,1384,196.0,196,76.88166046142578,nnknn,500,37942,168640,22571,70744,15371,97896,1531,2424,0.05,0.05,True,"[0.291748583316803, 0.708251416683197]","[0.30216115713119507, 0.6978388428688049]","[290, 210]",0.0,0.0037900437600910664,0.02136877179145813
116403,1385,212.0,212,,nnknn,500,37942,168640,22571,70744,15371,97896,1531,2424,0.05,0.05,True,"[0.2987331449985504, 0.7012668251991272]","[0.3087964951992035, 0.6912034749984741]","[290, 210]",0.0,0.0037900437600910664,0.02136877179145813
116532,1386,129.0,129,,nnknn,500,37942,168640,22571,70744,15371,97896,1531,2424,0.05,0.05,True,"[0.5336101651191711, 0.46638989448547363]","[0.531929612159729, 0.468070387840271]","[290, 210]",0.0,0.0037900437600910664,0.02136877179145813
116744,1387,212.0,212,,nnknn,500,37942,168640,22571,70744,15371,97896,1531,2424,0.05,0.05,True,"[0.08713482320308685, 0.9128652215003967]","[0.10777807980775833, 0.8922219276428223]","[290, 210]",0.0,0.0037900437600910664,0.02136877179145813
116986,1388,242.0,242,70.19730377197266,nnknn,500,38011,170004,22593,71370,15418,98634,1548,2434,0.05,0.05,True,"[0.44718149304389954, 0.5528184771537781]","[0.44982242584228516, 0.5501775145530701]","[286, 214]",0.0,0.0037946312222629786,0.0215609148144722
117147,1389,161.0,161,,nnknn,500,38011,170004,22593,71370,15418,98634,1548,2434,0.05,0.05,True,"[0.4367561936378479, 0.5632438063621521]","[0.4399183988571167, 0.5600816011428833]","[286, 214]",0.0,0.0037946312222629786,0.0215609148144722
117294,1390,147.0,147,,nnknn,500,38011,170004,22593,71370,15418,98634,1548,2434,0.05,0.05,True,"[0.29263678193092346, 0.7073632478713989]","[0.3030049502849579, 0.6969950795173645]","[286, 214]",0.0,0.0037946312222629786,0.0215609148144722
117585,1391,291.0,291,,nnknn,500,38011,170004,22593,71370,15418,98634,1548,2434,0.05,0.05,True,"[0.872519850730896, 0.127480149269104]","[0.8538938164710999, 0.14610613882541656]","[286, 214]",0.0,0.0037946312222629786,0.0215609148144722
117758,1392,173.0,173,59.386714935302734,nnknn,470,38733,170717,23268,71370,15465,99347,1557,2446,0.05,0.05,True,"[0.8856817483901978, 0.11431824415922165]","[0.8663976192474365, 0.1336023360490799]","[272, 198]",1.1193333193659782e-07,0.004103697836399078,0.022060872986912727
117908,1393,150.0,150,,nnknn,470,38733,170717,23268,71370,15465,99347,1557,2446,0.05,0.05,True,"[0.2887331247329712, 0.7112668752670288]","[0.29929646849632263, 0.700703501701355]","[272, 198]",1.1193333193659782e-07,0.004103697836399078,0.022060872986912727
118019,1394,111.0,111,,nnknn,470,38733,170717,23268,71370,15465,99347,1557,2446,0.05,0.05,True,"[0.0989229828119278, 0.9010770320892334]","[0.11897683143615723, 0.8810231685638428]","[272, 198]",1.1193333193659782e-07,0.004103697836399078,0.022060872986912727
118286,1395,267.0,267,,nnknn,470,38733,170717,23268,71370,15465,99347,1557,2446,0.05,0.05,True,"[0.26697981357574463, 0.7330201864242554]","[0.2786308228969574, 0.7213691473007202]","[272, 198]",1.1193333193659782e-07,0.004103697836399078,0.022060872986912727
118451,1396,165.0,165,74.30329132080078,nnknn,500,38775,171834,23274,71862,15501,99972,1570,2478,0.05,0.05,True,"[0.2809267044067383, 0.7190732955932617]","[0.29188036918640137, 0.7081195712089539]","[285, 215]",0.0,0.003861890407279134,0.021560898050665855
118606,1397,155.0,155,,nnknn,500,38775,171834,23274,71862,15501,99972,1570,2478,0.05,0.05,True,"[0.25494441390037537, 0.745055615901947]","[0.2671971917152405, 0.7328028082847595]","[285, 215]",0.0,0.003861890407279134,0.021560898050665855
118753,1398,147.0,147,,nnknn,500,38775,171834,23274,71862,15501,99972,1570,2478,0.05,0.05,True,"[0.19440901279449463, 0.8055909872055054]","[0.20968855917453766, 0.7903113961219788]","[285, 215]",0.0,0.003861890407279134,0.021560898050665855
118982,1399,229.0,229,,nnknn,500,38775,171834,23274,71862,15501,99972,1570,2478,0.05,0.05,True,"[0.2732572853565216, 0.7267427444458008]","[0.28459441661834717, 0.7154055833816528]","[285, 215]",0.0,0.003861890407279134,0.021560898050665855
119153,1400,171.0,171,70.08653259277344,nnknn,462,39387,172474,23849,71862,15538,100612,1597,2503,0.05,0.05,True,"[0.18823547661304474, 0.8117645382881165]","[0.20382370054721832, 0.7961762547492981]","[260, 202]",0.00036574111436493695,0.004191262647509575,0.021060917526483536
119351,1401,198.0,198,,nnknn,462,39387,172474,23849,71862,15538,100612,1597,2503,0.05,0.05,True,"[0.37713736295700073, 0.6228626370429993]","[0.383280485868454, 0.6167194843292236]","[260, 202]",0.00036574111436493695,0.004191262647509575,0.021060917526483536
119515,1402,164.0,164,,nnknn,462,39387,172474,23849,71862,15538,100612,1597,2503,0.05,0.05,True,"[0.0, 1.0]","[0.02500000037252903, 0.9749999642372131]","[260, 202]",0.00036574111436493695,0.004191262647509575,0.021060917526483536
119800,1403,285.0,285,,nnknn,462,39387,172474,23849,71862,15538,100612,1597,2503,0.05,0.05,True,"[0.15089502930641174, 0.8491049408912659]","[0.16835027933120728, 0.831649661064148]","[260, 202]",0.00036574111436493695,0.004191262647509575,0.021060917526483536
120126,1404,326.0,326,57.50875473022461,nnknn,500,39452,174189,23857,72680,15595,101509,1610,2522,0.05,0.05,True,"[0.4208608865737915, 0.5791391134262085]","[0.424817830324173, 0.5751821398735046]","[275, 225]",0.0,0.003800275968387723,0.0205609742552042
120212,1405,86.0,86,,nnknn,500,39452,174189,23857,72680,15595,101509,1610,2522,0.05,0.05,True,"[1.0, 0.0]","[0.9749999642372131, 0.02500000037252903]","[275, 225]",0.0,0.003800275968387723,0.0205609742552042
120347,1406,135.0,135,,nnknn,500,39452,174189,23857,72680,15595,101509,1610,2522,0.05,0.05,True,"[0.8073792457580566, 0.19262075424194336]","[0.7920102477073669, 0.20798972249031067]","[275, 225]",0.0,0.003800275968387723,0.0205609742552042
120623,1407,276.0,276,,nnknn,500,39452,174189,23857,72680,15595,101509,1610,2522,0.05,0.05,True,"[0.516107439994812, 0.483892560005188]","[0.5153020620346069, 0.48469793796539307]","[275, 225]",0.0,0.003800275968387723,0.0205609742552042
120966,1408,343.0,343,75.13102722167969,nnknn,500,39505,175705,23879,73407,15626,102298,1629,2542,0.05,0.05,True,"[0.3210371434688568, 0.6789628863334656]","[0.32998529076576233, 0.6700147390365601]","[282, 218]",0.0,0.0038510593585669994,0.021060893312096596
121262,1409,296.0,296,,nnknn,500,39505,175705,23879,73407,15626,102298,1629,2542,0.05,0.05,True,"[0.20099900662899017, 0.7990009784698486]","[0.21594905853271484, 0.7840508818626404]","[282, 218]",0.0,0.0038510593585669994,0.021060893312096596
121446,1410,184.0,184,,nnknn,500,39505,175705,23879,73407,15626,102298,1629,2542,0.05,0.05,True,"[0.509753942489624, 0.490246057510376]","[0.5092662572860718, 0.4907337427139282]","[282, 218]",0.0,0.0038510593585669994,0.021060893312096596
121597,1411,151.0,151,,nnknn,500,39505,175705,23879,73407,15626,102298,1629,2542,0.05,0.05,True,"[0.9104722142219543, 0.08952778577804565]","[0.8899485468864441, 0.11005139350891113]","[282, 218]",0.0,0.0038510593585669994,0.021060893312096596
121872,1412,275.0,275,71.29533386230469,nnknn,500,39570,177298,23906,74150,15664,103148,1644,2560,0.05,0.05,True,"[0.6947717070579529, 0.3052282929420471]","[0.6850330829620361, 0.3149668872356415]","[283, 217]",0.0,0.003826167667284608,0.020561162382364273
122147,1413,275.0,275,,nnknn,500,39570,177298,23906,74150,15664,103148,1644,2560,0.05,0.05,True,"[0.6793471574783325, 0.32065290212631226]","[0.6703797578811646, 0.32962027192115784]","[283, 217]",0.0,0.003826167667284608,0.020561162382364273
122295,1414,148.0,148,,nnknn,500,39570,177298,23906,74150,15664,103148,1644,2560,0.05,0.05,True,"[0.4291992485523224, 0.57080078125]","[0.4327392876148224, 0.5672606825828552]","[283, 217]",0.0,0.003826167667284608,0.020561162382364273
122503,1415,208.0,208,,nnknn,500,39570,177298,23906,74150,15664,103148,1644,2560,0.05,0.05,True,"[0.3987727761268616, 0.6012272238731384]","[0.40383413434028625, 0.5961658358573914]","[283, 217]",0.0,0.003826167667284608,0.020561162382364273
122661,1416,158.0,158,57.023643493652344,nnknn,455,40336,178031,24630,74150,15706,103881,1659,2574,0.05,0.05,True,"[0.6207321286201477, 0.3792679011821747]","[0.6146954894065857, 0.3853045105934143]","[257, 198]",0.00046057195868343115,0.004177251365035772,0.020061176270246506
122963,1417,302.0,302,,nnknn,455,40336,178031,24630,74150,15706,103881,1659,2574,0.05,0.05,True,"[0.7214726209640503, 0.2785274386405945]","[0.7103989720344543, 0.28960105776786804]","[257, 198]",0.00046057195868343115,0.004177251365035772,0.020061176270246506
123296,1418,333.0,333,,nnknn,455,40336,178031,24630,74150,15706,103881,1659,2574,0.05,0.05,True,"[1.0, 0.0]","[0.9749999642372131, 0.02500000037252903]","[257, 198]",0.00046057195868343115,0.004177251365035772,0.020061176270246506
123442,1419,146.0,146,,nnknn,455,40336,178031,24630,74150,15706,103881,1659,2574,0.05,0.05,True,"[0.5528470277786255, 0.4471529424190521]","[0.5502046346664429, 0.44979530572891235]","[257, 198]",0.00046057195868343115,0.004177251365035772,0.020061176270246506
123745,1420,303.0,303,80.4660415649414,nnknn,500,40377,179949,24637,75040,15740,104909,1674,2596,0.05,0.05,True,"[0.8068903684616089, 0.1931096315383911]","[0.7915458083152771, 0.20845414698123932]","[287, 213]",0.0,0.0038165615405887365,0.02056111767888069
123988,1421,243.0,243,,nnknn,500,40377,179949,24637,75040,15740,104909,1674,2596,0.05,0.05,True,"[0.9050050377845764, 0.09499496221542358]","[0.8847547769546509, 0.11524520814418793]","[287, 213]",0.0,0.0038165615405887365,0.02056111767888069
124363,1422,375.0,375,,nnknn,500,40377,179949,24637,75040,15740,104909,1674,2596,0.05,0.05,True,"[0.39895355701446533, 0.6010465025901794]","[0.40400588512420654, 0.5959941744804382]","[287, 213]",0.0,0.0038165615405887365,0.02056111767888069
124658,1423,295.0,295,,nnknn,500,40377,179949,24637,75040,15740,104909,1674,2596,0.05,0.05,True,"[0.6182407736778259, 0.3817591965198517]","[0.6123287081718445, 0.38767123222351074]","[287, 213]",0.0,0.0038165615405887365,0.02056111767888069
124758,1424,100.0,100,66.8812255859375,nnknn,500,40411,181779,24659,75883,15752,105896,1682,2610,0.05,0.05,True,"[0.8210110664367676, 0.178988978266716]","[0.8049604892730713, 0.1950395405292511]","[293, 207]",0.0,0.003880076576024294,0.020600562915205956
124971,1425,213.0,213,,nnknn,500,40411,181779,24659,75883,15752,105896,1682,2610,0.05,0.05,True,"[0.13035812973976135, 0.869641900062561]","[0.14884021878242493, 0.8511597514152527]","[293, 207]",0.0,0.003880076576024294,0.020600562915205956
125083,1426,112.0,112,,nnknn,500,40411,181779,24659,75883,15752,105896,1682,2610,0.05,0.05,True,"[1.0, 0.0]","[0.9749999642372131, 0.02500000037252903]","[293, 207]",0.0,0.003880076576024294,0.020600562915205956
125367,1427,284.0,284,,nnknn,500,40411,181779,24659,75883,15752,105896,1682,2610,0.05,0.05,True,"[0.2747882604598999, 0.7252117991447449]","[0.28604885935783386, 0.7139511704444885]","[293, 207]",0.0,0.003880076576024294,0.020600562915205956
125485,1428,118.0,118,96.98507690429688,nnknn,500,40477,183016,24682,76457,15795,106559,1692,2631,0.05,0.05,True,"[0.921623706817627, 0.07837627828121185]","[0.9005424976348877, 0.09945746511220932]","[296, 204]",0.0,0.003921966999769211,0.021100465208292007
125780,1429,295.0,295,,nnknn,500,40477,183016,24682,76457,15795,106559,1692,2631,0.05,0.05,True,"[0.504274845123291, 0.49572518467903137]","[0.5040611028671265, 0.4959389269351959]","[296, 204]",0.0,0.003921966999769211,0.021100465208292007
126193,1430,413.0,413,,nnknn,500,40477,183016,24682,76457,15795,106559,1692,2631,0.05,0.05,True,"[0.29834941029548645, 0.7016505599021912]","[0.3084319531917572, 0.6915680170059204]","[296, 204]",0.0,0.003921966999769211,0.021100465208292007
126467,1431,274.0,274,,nnknn,500,40477,183016,24682,76457,15795,106559,1692,2631,0.05,0.05,True,"[0.32725128531455994, 0.6727486848831177]","[0.33588871359825134, 0.6641111969947815]","[296, 204]",0.0,0.003921966999769211,0.021100465208292007
126796,1432,329.0,329,78.18577575683594,nnknn,500,40548,185414,24713,77604,15835,107810,1710,2651,0.05,0.05,True,"[0.27598637342453003, 0.7240136861801147]","[0.2871870696544647, 0.7128129601478577]","[298, 202]",0.0,0.003938768059015274,0.021600183099508286
127035,1433,239.0,239,,nnknn,500,40548,185414,24713,77604,15835,107810,1710,2651,0.05,0.05,True,"[0.7841266393661499, 0.2158733755350113]","[0.769920289516449, 0.23007971048355103]","[298, 202]",0.0,0.003938768059015274,0.021600183099508286
127278,1434,243.0,243,,nnknn,500,40548,185414,24713,77604,15835,107810,1710,2651,0.05,0.05,True,"[0.27885308861732483, 0.7211468815803528]","[0.2899104356765747, 0.7100895047187805]","[298, 202]",0.0,0.003938768059015274,0.021600183099508286
127519,1435,241.0,241,,nnknn,500,40548,185414,24713,77604,15835,107810,1710,2651,0.05,0.05,True,"[0.2548176050186157, 0.745182454586029]","[0.2670767307281494, 0.7329233288764954]","[298, 202]",0.0,0.003938768059015274,0.021600183099508286
127914,1436,395.0,395,44.28424072265625,nnknn,500,40618,187429,24738,78565,15880,108864,1727,2670,0.05,0.05,True,"[0.5816786289215088, 0.4183213710784912]","[0.5775946378707886, 0.42240530252456665]","[295, 205]",0.0,0.003956307657063007,0.02110023982822895
128027,1437,113.0,113,,nnknn,500,40618,187429,24738,78565,15880,108864,1727,2670,0.05,0.05,True,"[1.0, 0.0]","[0.9749999642372131, 0.02500000037252903]","[295, 205]",0.0,0.003956307657063007,0.02110023982822895
128312,1438,285.0,285,,nnknn,500,40618,187429,24738,78565,15880,108864,1727,2670,0.05,0.05,True,"[0.5549426078796387, 0.44505739212036133]","[0.5521954298019409, 0.4478045105934143]","[295, 205]",0.0,0.003956307657063007,0.02110023982822895
128812,1439,500.0,500,,nnknn,500,40618,187429,24738,78565,15880,108864,1727,2670,0.05,0.05,True,"[0.4058840870857239, 0.5941159129142761]","[0.41058987379074097, 0.5894100666046143]","[295, 205]",0.0,0.003956307657063007,0.02110023982822895
129039,1440,227.0,227,77.38249206542969,nnknn,500,40664,189503,24762,79570,15902,109933,1744,2704,0.05,0.05,True,"[0.6047354936599731, 0.39526450634002686]","[0.5994986891746521, 0.4005012810230255]","[288, 212]",0.0,0.003986373543739319,0.021368596702814102
129196,1441,157.0,157,,nnknn,500,40664,189503,24762,79570,15902,109933,1744,2704,0.05,0.05,True,"[0.397443026304245, 0.6025569438934326]","[0.4025708734989166, 0.5974290370941162]","[288, 212]",0.0,0.003986373543739319,0.021368596702814102
129566,1442,370.0,370,,nnknn,500,40664,189503,24762,79570,15902,109933,1744,2704,0.05,0.05,True,"[0.46359655261039734, 0.536403477191925]","[0.46541672945022583, 0.5345832705497742]","[288, 212]",0.0,0.003986373543739319,0.021368596702814102
129773,1443,207.0,207,,nnknn,500,40664,189503,24762,79570,15902,109933,1744,2704,0.05,0.05,True,"[0.5761191248893738, 0.423880934715271]","[0.572313129901886, 0.4276868999004364]","[288, 212]",0.0,0.003986373543739319,0.021368596702814102
130151,1444,378.0,378,69.76126861572266,nnknn,500,40728,191493,24785,80506,15943,110987,1763,2721,0.05,0.05,True,"[0.40491926670074463, 0.5950807929039001]","[0.4096733033657074, 0.590326726436615]","[286, 214]",0.0,0.00403436878696084,0.02186858467757702
130373,1445,222.0,222,,nnknn,500,40728,191493,24785,80506,15943,110987,1763,2721,0.05,0.05,True,"[0.5661075115203857, 0.43389254808425903]","[0.5628020763397217, 0.4371979236602783]","[286, 214]",0.0,0.00403436878696084,0.02186858467757702
130645,1446,272.0,272,,nnknn,500,40728,191493,24785,80506,15943,110987,1763,2721,0.05,0.05,True,"[0.623624861240387, 0.37637513875961304]","[0.6174435615539551, 0.38255637884140015]","[286, 214]",0.0,0.00403436878696084,0.02186858467757702
130885,1447,240.0,240,,nnknn,500,40728,191493,24785,80506,15943,110987,1763,2721,0.05,0.05,True,"[0.08452796190977097, 0.9154720306396484]","[0.10530155897140503, 0.8946983814239502]","[286, 214]",0.0,0.00403436878696084,0.02186858467757702
131031,1448,146.0,146,83.27692413330078,nnknn,500,40772,193026,24801,81213,15971,111813,1782,2747,0.05,0.05,True,"[0.09443917870521545, 0.9055608510971069]","[0.11471721529960632, 0.8852827548980713]","[286, 214]",0.0,0.004069758113473654,0.0213686004281044
131267,1449,236.0,236,,nnknn,500,40772,193026,24801,81213,15971,111813,1782,2747,0.05,0.05,True,"[0.9301382303237915, 0.0698617473244667]","[0.9086312651634216, 0.0913686603307724]","[286, 214]",0.0,0.004069758113473654,0.0213686004281044
131561,1450,294.0,294,,nnknn,500,40772,193026,24801,81213,15971,111813,1782,2747,0.05,0.05,True,"[0.6434410810470581, 0.3565589487552643]","[0.6362689733505249, 0.3637309968471527]","[286, 214]",0.0,0.004069758113473654,0.0213686004281044
131795,1451,234.0,234,,nnknn,500,40772,193026,24801,81213,15971,111813,1782,2747,0.05,0.05,True,"[0.8061550259590149, 0.1938449740409851]","[0.7908472418785095, 0.2091527283191681]","[286, 214]",0.0,0.004069758113473654,0.0213686004281044
131913,1452,118.0,118,59.86684036254883,nnknn,500,40827,194553,24820,81914,16007,112639,1795,2767,0.05,0.05,True,"[0.2953962981700897, 0.7046036720275879]","[0.3056264817714691, 0.6943734288215637]","[280, 220]",0.0,0.004086477681994438,0.021868586540222168
132130,1453,217.0,217,,nnknn,500,40827,194553,24820,81914,16007,112639,1795,2767,0.05,0.05,True,"[0.6799255609512329, 0.3200744688510895]","[0.6709292531013489, 0.3290707468986511]","[280, 220]",0.0,0.004086477681994438,0.021868586540222168
132359,1454,229.0,229,,nnknn,500,40827,194553,24820,81914,16007,112639,1795,2767,0.05,0.05,True,"[0.6307891607284546, 0.369210809469223]","[0.6242496967315674, 0.37575027346611023]","[280, 220]",0.0,0.004086477681994438,0.021868586540222168
132619,1455,260.0,260,,nnknn,500,40827,194553,24820,81914,16007,112639,1795,2767,0.05,0.05,True,"[0.846137285232544, 0.15386275947093964]","[0.828830361366272, 0.17116962373256683]","[280, 220]",0.0,0.004086477681994438,0.021868586540222168
132779,1456,160.0,160,74.36814880371094,nnknn,500,40888,196029,24842,82585,16046,113444,1810,2789,0.05,0.05,True,"[0.9085801243782043, 0.09141993522644043]","[0.8881511092185974, 0.11184893548488617]","[282, 218]",0.0,0.004147987347096205,0.021368663758039474
133014,1457,235.0,235,,nnknn,500,40888,196029,24842,82585,16046,113444,1810,2789,0.05,0.05,True,"[0.8260833621025085, 0.17391666769981384]","[0.809779167175293, 0.19022083282470703]","[282, 218]",0.0,0.004147987347096205,0.021368663758039474
133296,1458,282.0,282,,nnknn,500,40888,196029,24842,82585,16046,113444,1810,2789,0.05,0.05,True,"[0.21213886141777039, 0.787861168384552]","[0.22653192281723022, 0.7734680771827698]","[282, 218]",0.0,0.004147987347096205,0.021368663758039474
133523,1459,227.0,227,,nnknn,500,40888,196029,24842,82585,16046,113444,1810,2789,0.05,0.05,True,"[0.24047818779945374, 0.7595218420028687]","[0.2534542679786682, 0.7465457320213318]","[282, 218]",0.0,0.004147987347096205,0.021368663758039474
133802,1460,279.0,279,69.19947052001953,nnknn,458,41853,196997,25792,82585,16061,114412,1826,2829,0.05,0.05,True,"[0.3668115437030792, 0.6331884860992432]","[0.3734709620475769, 0.6265290379524231]","[262, 196]",0.0004516698536463082,0.004505619406700134,0.021146327257156372
134101,1461,299.0,299,,nnknn,458,41853,196997,25792,82585,16061,114412,1826,2829,0.05,0.05,True,"[0.915905237197876, 0.08409479260444641]","[0.8951099514961243, 0.10489004850387573]","[262, 196]",0.0004516698536463082,0.004505619406700134,0.021146327257156372
134272,1462,171.0,171,,nnknn,458,41853,196997,25792,82585,16061,114412,1826,2829,0.05,0.05,True,"[0.7940201759338379, 0.2059798240661621]","[0.7793191075325012, 0.220680832862854]","[262, 196]",0.0004516698536463082,0.004505619406700134,0.021146327257156372
134545,1463,273.0,273,,nnknn,458,41853,196997,25792,82585,16061,114412,1826,2829,0.05,0.05,True,"[0.5414277911186218, 0.4585721790790558]","[0.5393563508987427, 0.46064355969429016]","[262, 196]",0.0004516698536463082,0.004505619406700134,0.021146327257156372
134770,1464,225.0,225,62.33195495605469,nnknn,500,41887,198688,25800,83350,16087,115338,1841,2845,0.05,0.05,True,"[1.0, 0.0]","[0.9749999642372131, 0.02500000037252903]","[282, 218]",0.0,0.004156183451414108,0.021645888686180115
135270,1465,500.0,500,,nnknn,500,41887,198688,25800,83350,16087,115338,1841,2845,0.05,0.05,True,"[1.0, 0.0]","[0.9749999642372131, 0.02500000037252903]","[282, 218]",0.0,0.004156183451414108,0.021645888686180115
135658,1466,388.0,388,,nnknn,500,41887,198688,25800,83350,16087,115338,1841,2845,0.05,0.05,True,"[1.0, 0.0]","[0.9749999642372131, 0.02500000037252903]","[282, 218]",0.0,0.004156183451414108,0.021645888686180115
136128,1467,470.0,470,,nnknn,500,41887,198688,25800,83350,16087,115338,1841,2845,0.05,0.05,True,"[0.0869881883263588, 0.9130118489265442]","[0.10763877630233765, 0.8923612236976624]","[282, 218]",0.0,0.004156183451414108,0.021645888686180115
136598,1468,470.0,470,66.64860534667969,nnknn,500,41989,202120,25839,85043,16150,117077,1857,2871,0.05,0.05,True,"[0.21881374716758728, 0.7811862230300903]","[0.2328730672597885, 0.7671268582344055]","[280, 220]",0.0,0.004168506246060133,0.022145839408040047
137021,1469,423.0,423,,nnknn,500,41989,202120,25839,85043,16150,117077,1857,2871,0.05,0.05,True,"[0.18727067112922668, 0.8127292990684509]","[0.20290714502334595, 0.7970927953720093]","[280, 220]",0.0,0.004168506246060133,0.022145839408040047
137179,1470,158.0,158,,nnknn,500,41989,202120,25839,85043,16150,117077,1857,2871,0.05,0.05,True,"[0.910487949848175, 0.08951207995414734]","[0.8899635076522827, 0.1100364699959755]","[280, 220]",0.0,0.004168506246060133,0.022145839408040047
137584,1471,405.0,405,,nnknn,500,41989,202120,25839,85043,16150,117077,1857,2871,0.05,0.05,True,"[0.08865081518888474, 0.9113491773605347]","[0.10921826958656311, 0.8907817006111145]","[280, 220]",0.0,0.004168506246060133,0.022145839408040047
137792,1472,208.0,208,79.4293441772461,nnknn,500,42071,204293,25865,86099,16206,118194,1874,2892,0.05,0.05,True,"[1.0, 0.0]","[0.9749999642372131, 0.02500000037252903]","[275, 225]",0.0,0.0042274342849850655,0.021645987406373024
137891,1473,99.0,99,,nnknn,500,42071,204293,25865,86099,16206,118194,1874,2892,0.05,0.05,True,"[0.8995659351348877, 0.1004340648651123]","[0.8795875906944275, 0.12041235715150833]","[275, 225]",0.0,0.0042274342849850655,0.021645987406373024
138176,1474,285.0,285,,nnknn,500,42071,204293,25865,86099,16206,118194,1874,2892,0.05,0.05,True,"[0.7926050424575806, 0.2073950171470642]","[0.7779747843742371, 0.22202527523040771]","[275, 225]",0.0,0.0042274342849850655,0.021645987406373024
138481,1475,305.0,305,,nnknn,500,42071,204293,25865,86099,16206,118194,1874,2892,0.05,0.05,True,"[0.9069995284080505, 0.09300049394369125]","[0.886649489402771, 0.11335046589374542]","[275, 225]",0.0,0.0042274342849850655,0.021645987406373024
138893,1476,412.0,412,77.04534149169922,nnknn,500,42150,206253,25898,87028,16252,119225,1887,2916,0.05,0.05,True,"[0.2724189758300781, 0.7275810241699219]","[0.2837980389595032, 0.7162019610404968]","[276, 224]",0.0,0.004281444940716028,0.022098705172538757
139303,1477,410.0,410,,nnknn,500,42150,206253,25898,87028,16252,119225,1887,2916,0.05,0.05,True,"[0.3823094666004181, 0.6176905632019043]","[0.3881939947605133, 0.6118059754371643]","[276, 224]",0.0,0.004281444940716028,0.022098705172538757
139719,1478,416.0,416,,nnknn,500,42150,206253,25898,87028,16252,119225,1887,2916,0.05,0.05,True,"[0.6996793746948242, 0.3003205955028534]","[0.6896953582763672, 0.31030458211898804]","[276, 224]",0.0,0.004281444940716028,0.022098705172538757
140108,1479,389.0,389,,nnknn,500,42150,206253,25898,87028,16252,119225,1887,2916,0.05,0.05,True,"[1.0, 0.0]","[0.9749999642372131, 0.02500000037252903]","[276, 224]",0.0,0.004281444940716028,0.022098705172538757
140296,1480,188.0,188,68.58621215820312,nnknn,500,42215,208832,25923,88272,16292,120560,1902,2944,0.05,0.05,True,"[0.20002180337905884, 0.7999781966209412]","[0.21502071619033813, 0.7849792242050171]","[275, 225]",0.0,0.00428618211299181,0.021598845720291138
140413,1481,117.0,117,,nnknn,500,42215,208832,25923,88272,16292,120560,1902,2944,0.05,0.05,True,"[0.8187978863716125, 0.18120211362838745]","[0.8028579354286194, 0.19714200496673584]","[275, 225]",0.0,0.00428618211299181,0.021598845720291138
140682,1482,269.0,269,,nnknn,500,42215,208832,25923,88272,16292,120560,1902,2944,0.05,0.05,True,"[0.9099244475364685, 0.09007559716701508]","[0.8894281983375549, 0.11057181656360626]","[275, 225]",0.0,0.00428618211299181,0.021598845720291138
141028,1483,346.0,346,,nnknn,500,42215,208832,25923,88272,16292,120560,1902,2944,0.05,0.05,True,"[0.30137038230895996, 0.69862961769104]","[0.3113018572330475, 0.6886981129646301]","[275, 225]",0.0,0.00428618211299181,0.021598845720291138
141403,1484,375.0,375,74.54606628417969,nnknn,500,42264,210773,25949,89190,16315,121583,1930,3005,0.05,0.05,True,"[0.10182911902666092, 0.8981708884239197]","[0.12173765897750854, 0.8782622814178467]","[276, 224]",0.0,0.004289951175451279,0.022098716348409653
141813,1485,410.0,410,,nnknn,500,42264,210773,25949,89190,16315,121583,1930,3005,0.05,0.05,True,"[0.6221053004264832, 0.37789466977119446]","[0.6159999966621399, 0.38399994373321533]","[276, 224]",0.0,0.004289951175451279,0.022098716348409653
142290,1486,477.0,477,,nnknn,500,42264,210773,25949,89190,16315,121583,1930,3005,0.05,0.05,True,"[0.1974395513534546, 0.8025605082511902]","[0.21256758272647858, 0.7874324321746826]","[276, 224]",0.0,0.004289951175451279,0.022098716348409653
142431,1487,141.0,141,,nnknn,500,42264,210773,25949,89190,16315,121583,1930,3005,0.05,0.05,True,"[0.8888987302780151, 0.11110127717256546]","[0.8694537878036499, 0.1305462121963501]","[276, 224]",0.0,0.004289951175451279,0.022098716348409653
142704,1488,273.0,273,71.0609130859375,nnknn,500,42317,213122,25970,90307,16347,122815,1956,3042,0.05,0.05,True,"[0.8356269001960754, 0.16437314450740814]","[0.8188455104827881, 0.18115448951721191]","[280, 220]",0.0,0.004348657559603453,0.02259841561317444
143045,1489,341.0,341,,nnknn,500,42317,213122,25970,90307,16347,122815,1956,3042,0.05,0.05,True,"[0.26231369376182556, 0.7376863360404968]","[0.2741979956626892, 0.7258020043373108]","[280, 220]",0.0,0.004348657559603453,0.02259841561317444
143448,1490,403.0,403,,nnknn,500,42317,213122,25970,90307,16347,122815,1956,3042,0.05,0.05,True,"[0.9126996397972107, 0.0873003676533699]","[0.89206463098526, 0.1079353466629982]","[280, 220]",0.0,0.004348657559603453,0.02259841561317444
143811,1491,363.0,363,,nnknn,500,42317,213122,25970,90307,16347,122815,1956,3042,0.05,0.05,True,"[0.16111049056053162, 0.8388895392417908]","[0.17805497348308563, 0.8219450116157532]","[280, 220]",0.0,0.004348657559603453,0.02259841561317444
144201,1492,390.0,390,65.09782409667969,nnknn,500,42358,215921,25987,91646,16371,124275,1969,3055,0.05,0.05,True,"[0.35572612285614014, 0.6442738771438599]","[0.3629398047924042, 0.6370601654052734]","[278, 222]",0.0,0.004368556663393974,0.022098446264863014
144526,1493,325.0,325,,nnknn,500,42358,215921,25987,91646,16371,124275,1969,3055,0.05,0.05,True,"[0.6002163290977478, 0.3997836709022522]","[0.5952054858207703, 0.40479448437690735]","[278, 222]",0.0,0.004368556663393974,0.022098446264863014
144801,1494,275.0,275,,nnknn,500,42358,215921,25987,91646,16371,124275,1969,3055,0.05,0.05,True,"[0.9014682173728943, 0.0985318124294281]","[0.8813947439193726, 0.11860521882772446]","[278, 222]",0.0,0.004368556663393974,0.022098446264863014
144987,1495,186.0,186,,nnknn,500,42358,215921,25987,91646,16371,124275,1969,3055,0.05,0.05,True,"[0.5065957307815552, 0.49340423941612244]","[0.5062659382820129, 0.4937340319156647]","[278, 222]",0.0,0.004368556663393974,0.022098446264863014
145271,1496,284.0,284,61.44491195678711,nnknn,500,42380,217863,25996,92558,16384,125305,1988,3082,0.05,0.05,True,"[0.09563785791397095, 0.904362142086029]","[0.11585596203804016, 0.8841440081596375]","[278, 222]",0.0,0.004387466702610254,0.022598356008529663
145514,1497,243.0,243,,nnknn,500,42380,217863,25996,92558,16384,125305,1988,3082,0.05,0.05,True,"[0.900827169418335, 0.09917285293340683]","[0.8807857632637024, 0.11921420693397522]","[278, 222]",0.0,0.004387466702610254,0.022598356008529663
145903,1498,389.0,389,,nnknn,500,42380,217863,25996,92558,16384,125305,1988,3082,0.05,0.05,True,"[0.08870692551136017, 0.911293089389801]","[0.1092715784907341, 0.8907284140586853]","[278, 222]",0.0,0.004387466702610254,0.022598356008529663
146141,1499,238.0,238,,nnknn,500,42380,217863,25996,92558,16384,125305,1988,3082,0.05,0.05,True,"[0.33192580938339233, 0.6680742502212524]","[0.34032952785491943, 0.6596705317497253]","[278, 222]",0.0,0.004387466702610254,0.022598356008529663
146467,1500,326.0,326,72.83509063720703,nnknn,500,42427,220026,26013,93600,16414,126426,2007,3127,0.05,0.05,True,"[0.7834373712539673, 0.2165626883506775]","[0.7692654728889465, 0.23073455691337585]","[281, 219]",0.0,0.004386813845485449,0.022360969334840775
146930,1501,463.0,463,,nnknn,500,42427,220026,26013,93600,16414,126426,2007,3127,0.05,0.05,True,"[0.46796002984046936, 0.5320399403572083]","[0.46956202387809753, 0.5304378867149353]","[281, 219]",0.0,0.004386813845485449,0.022360969334840775
147163,1502,233.0,233,,nnknn,500,42427,220026,26013,93600,16414,126426,2007,3127,0.05,0.05,True,"[0.16429413855075836, 0.8357058763504028]","[0.1810794323682785, 0.8189205527305603]","[281, 219]",0.0,0.004386813845485449,0.022360969334840775
147453,1503,290.0,290,,nnknn,500,42427,220026,26013,93600,16414,126426,2007,3127,0.05,0.05,True,"[0.28250789642333984, 0.7174921035766602]","[0.2933824956417084, 0.7066174745559692]","[281, 219]",0.0,0.004386813845485449,0.022360969334840775
147743,1504,290.0,290,47.52067184448242,nnknn,500,42463,222376,26025,94719,16438,127657,2019,3148,0.05,0.05,True,"[0.39356040954589844, 0.6064395904541016]","[0.3988823890686035, 0.6011175513267517]","[281, 219]",0.0,0.004416533280164003,0.02286011539399624
147927,1505,184.0,184,,nnknn,500,42463,222376,26025,94719,16438,127657,2019,3148,0.05,0.05,True,"[0.5897557735443115, 0.41024428606033325]","[0.585267961025238, 0.41473206877708435]","[281, 219]",0.0,0.004416533280164003,0.02286011539399624
148195,1506,268.0,268,,nnknn,500,42463,222376,26025,94719,16438,127657,2019,3148,0.05,0.05,True,"[0.36913394927978516, 0.6308660507202148]","[0.3756772577762604, 0.6243227124214172]","[281, 219]",0.0,0.004416533280164003,0.02286011539399624
148468,1507,273.0,273,,nnknn,500,42463,222376,26025,94719,16438,127657,2019,3148,0.05,0.05,True,"[0.0, 1.0]","[0.02500000037252903, 0.9749999642372131]","[281, 219]",0.0,0.004416533280164003,0.02286011539399624
148833,1508,365.0,365,51.3321647644043,nnknn,500,42536,224319,26050,95643,16486,128676,2036,3171,0.05,0.05,True,"[0.08434325456619263, 0.9156567454338074]","[0.10512609034776688, 0.894873857498169]","[271, 229]",0.0,0.004421040415763855,0.02336007170379162
149151,1509,318.0,318,,nnknn,500,42536,224319,26050,95643,16486,128676,2036,3171,0.05,0.05,True,"[0.8218309283256531, 0.17816907167434692]","[0.8057393431663513, 0.1942606270313263]","[271, 229]",0.0,0.004421040415763855,0.02336007170379162
149583,1510,432.0,432,,nnknn,500,42536,224319,26050,95643,16486,128676,2036,3171,0.05,0.05,True,"[0.6935989856719971, 0.3064010739326477]","[0.6839190125465393, 0.3160810172557831]","[271, 229]",0.0,0.004421040415763855,0.02336007170379162
149878,1511,295.0,295,,nnknn,500,42536,224319,26050,95643,16486,128676,2036,3171,0.05,0.05,True,"[0.3992606997489929, 0.6007393002510071]","[0.40429767966270447, 0.5957022905349731]","[271, 229]",0.0,0.004421040415763855,0.02336007170379162
