global_step,episodes,samples,loss,actor_loss,policy_loss,critic_optimization_mse,critic_train_mse,critic_train_explained_variance,critic_train_value_mean,critic_train_diagnostics_computed,entropy,behavior_entropy,mean_behavior_epsilon,min_behavior_epsilon,max_behavior_epsilon,bias_loss,mean_reward,mean_advantage,mean_normalized_advantage,value_target_mean,bootstrap_value_source,partial_rollout_segments,partial_rollout_samples,actor_cases_added,actor_cases_pruned,actor_cases_replaced,actor_positive_advantage_samples,critic_cases_added,critic_cases_pruned,critic_cases_replaced,critic_label_updates,critic_label_update_samples,mean_episode_return,reward_varying_episodes,reward_checked_episodes,actor_type,case_entries,critic_type,critic_case_entries,action_counts,bias_min,bias_mean,bias_max
169,4,169,156.03953552246094,-0.00693152379244566,-5.219814980250703e-08,156.0464630126953,,,,False,0.6931471824645996,0.6931471824645996,1.0,1.0,1.0,0.0,1.0,11.604049682617188,-8.464564871246694e-08,11.604049682617188,nnknn_target_value_model,0,0,169,0,0,169,169,0,0,0,0,42.25,0,4,nnknn,169,nnknn,169,"[81, 88]",0.0,0.0,0.0
234,4,65,12.871723175048828,-0.006572008598595858,-0.00011955408263020217,12.878294944763184,,,,False,0.6452454924583435,0.693146824836731,0.9974538683891296,0.9970486760139465,0.9978593587875366,0.0,1.0,-1.663165807723999,2.567584722612537e-08,9.358394622802734,nnknn_target_value_model,0,0,23,0,0,23,65,0,0,0,0,16.25,0,4,nnknn,192,nnknn,234,"[91, 101]",-0.000499908986967057,-4.682880899053998e-05,0.0004999572411179543
319,4,85,29.760530471801758,-0.006575931794941425,-0.00012118430458940566,29.767107009887695,29.724763870239258,0.38083988428115845,10.689624786376953,True,0.6454747915267944,0.6931465864181519,0.996504008769989,0.9959719777107239,0.9970359802246094,1.1097919383473709e-07,1.0,1.3158600330352783,1.542708538693205e-08,12.018776893615723,nnknn_target_value_model,0,0,49,0,0,49,85,0,0,0,0,21.25,0,4,nnknn,241,nnknn,319,"[114, 127]",-0.00099791563116014,-6.137804302852601e-05,0.0009947833605110645
428,4,109,38.078739166259766,-0.006551106460392475,-0.00016980843793135136,38.085289001464844,,,,False,0.6381298303604126,0.6931459903717041,0.9952753782272339,0.9945913553237915,0.9959593415260315,2.624245780680212e-07,1.0,2.5348587036132812,5.468316022216868e-09,13.949076652526855,nnknn_target_value_model,0,0,71,0,0,71,109,0,0,0,0,27.25,0,4,nnknn,312,nnknn,428,"[150, 162]",-0.0013913654256612062,-7.778487633913755e-05,0.0013967081904411316
516,4,88,22.338335037231445,-0.00649306969717145,-0.0003100091707892716,22.34482765197754,22.30206298828125,0.5569202303886414,12.012317657470703,True,0.618306040763855,0.6931447982788086,0.9940276741981506,0.9934766888618469,0.9945786595344543,3.606483574003505e-07,1.0,0.33077847957611084,-9.482556961870614e-09,12.309467315673828,nnknn_target_value_model,0,0,35,0,0,35,88,25,0,0,0,22.0,0,4,nnknn,347,nnknn,491,"[168, 179]",-0.0018160026520490646,-0.00010538189962971956,0.0017776757013052702
603,4,87,32.37532424926758,-0.006688531953841448,-0.00048241671174764633,32.38201141357422,,,,False,0.6206115484237671,0.6931437849998474,0.9929193258285522,0.9923746585845947,0.9934639930725098,5.32192871105508e-07,1.0,1.013634204864502,-1.3702217138700234e-09,13.175763130187988,nnknn_target_value_model,0,0,38,0,0,38,87,96,0,0,0,21.75,0,4,nnknn,385,nnknn,482,"[191, 194]",-0.0022344132885336876,-0.00012307663564570248,0.0020783895161002874
736,4,133,76.74958038330078,-0.006564244162291288,-7.410201942548156e-05,76.75614166259766,,,,False,0.6490142345428467,0.6931441426277161,0.9915260076522827,0.9906899929046631,0.9923620223999023,7.26904204384482e-07,1.0,3.371415138244629,2.7785624467924208e-08,17.938432693481445,nnknn_target_value_model,0,0,82,0,0,82,133,132,0,0,0,33.25,0,4,nnknn,467,nnknn,483,"[234, 233]",-0.002570611424744129,-0.00012760331446770579,0.002344198524951935
870,4,134,68.38684844970703,-0.0066795311868190765,-0.00045805901754647493,68.39352416992188,67.51825714111328,0.4635356664657593,17.498939514160156,True,0.622147262096405,0.6931401491165161,0.9898350238800049,0.9889926910400391,0.9906773567199707,8.383847784898535e-07,1.0,2.1487081050872803,-2.3130160897721908e-08,19.63484001159668,nnknn_target_value_model,0,0,79,50,0,79,134,105,12,0,0,33.5,0,4,nnknn,496,nnknn,500,"[251, 245]",-0.001567617291584611,7.113512401701882e-05,0.002574893878772855
1010,4,140,34.61016082763672,-0.006644169334322214,-0.0005218675942160189,34.61680603027344,,,,False,0.6122301816940308,0.6931366324424744,0.9880996942520142,0.9872193336486816,0.9889799952507019,5.828256348650029e-07,1.0,1.775156855583191,-2.9802322387695312e-08,16.838104248046875,nnknn_target_value_model,0,0,90,100,0,90,140,76,64,0,0,35.0,0,4,nnknn,486,nnknn,500,"[229, 257]",-0.0005435494240373373,0.0002663219056557864,0.0024789527524262667
1086,4,76,32.66409683227539,-0.007861953228712082,-0.0019511752761900425,32.671958923339844,32.14881896972656,0.4682406187057495,14.460070610046387,True,0.5910777449607849,0.6931309700012207,0.9867317080497742,0.9862566590309143,0.9872066378593445,4.756624889523664e-07,1.0,-3.2535276412963867,-1.8822518654815212e-08,11.308186531066895,nnknn_target_value_model,0,0,20,0,0,20,76,83,0,0,0,19.0,0,4,nnknn,481,nnknn,493,"[227, 254]",-0.000999306794255972,0.00026507044094614685,0.0029658253770321608
1155,4,69,30.67228889465332,-0.007900850847363472,-0.0021517397835850716,30.68018913269043,,,,False,0.5749111175537109,0.6931256055831909,0.985813319683075,0.9853826761245728,0.9862440228462219,5.438648713607108e-07,1.0,-2.8820912837982178,1.2957531048130022e-08,10.923412322998047,nnknn_target_value_model,0,0,21,25,0,21,69,55,7,0,0,17.25,0,4,nnknn,477,nnknn,500,"[219, 258]",-0.0009490128140896559,0.00030397437512874603,0.003041170071810484
1234,4,79,24.476112365722656,-0.007573417387902737,-0.0020230163354426622,24.483686447143555,,,,False,0.5550401210784912,0.6931192278862,0.9848760366439819,0.9843819737434387,0.9853699803352356,6.726321544192615e-07,1.0,-0.35304945707321167,0.0,11.659771919250488,nnknn_target_value_model,0,0,34,25,0,34,79,47,32,0,0,19.75,0,4,nnknn,486,nnknn,500,"[231, 255]",-0.0008430345333181322,0.0003394143714103848,0.0031155780889093876
1300,4,66,13.88033390045166,-0.008264749310910702,-0.002705223625525832,13.888598442077637,13.763505935668945,0.7178165912628174,11.68289852142334,True,0.5559525489807129,0.6931162476539612,0.9839577078819275,0.9835460186004639,0.9843693375587463,6.258209737097786e-07,1.0,-1.5852456092834473,1.0837208463954084e-08,10.078081130981445,nnknn_target_value_model,0,0,17,25,0,17,66,62,4,0,0,16.5,0,4,nnknn,478,nnknn,500,"[224, 254]",-0.0006891579832881689,0.0003972040140070021,0.003460545791313052
1396,4,96,41.19889831542969,-0.007394279353320599,-0.002278075786307454,41.20629119873047,,,,False,0.5116203427314758,0.6931033134460449,0.9829316735267639,0.9823300242424011,0.9835333228111267,7.007503199929488e-07,1.0,1.7549471855163574,2.4835268064293814e-08,13.219390869140625,nnknn_target_value_model,0,0,48,50,0,48,96,78,18,0,0,24.0,0,4,nnknn,476,nnknn,500,"[218, 258]",-0.0004994249320589006,0.00046624572132714093,0.003934711683541536
1525,4,129,74.62823486328125,-0.007651348598301411,-0.0019929492846131325,74.6358871459961,74.63226318359375,0.42012327909469604,15.454139709472656,True,0.565839946269989,0.6931091547012329,0.9815066456794739,0.9806960225105286,0.982317328453064,7.904951075943245e-07,1.0,3.4539408683776855,1.1089236195971353e-08,18.90713882446289,nnknn_target_value_model,0,0,88,75,0,88,129,93,36,0,0,32.25,0,4,nnknn,489,nnknn,500,"[233, 256]",-0.0004949235008098185,0.0005486088339239359,0.0038637768011540174
1590,4,65,36.16301727294922,-0.010209674015641212,-0.005049359984695911,36.17322540283203,,,,False,0.5160314440727234,0.693085253238678,0.9802780151367188,0.9798726439476013,0.9806833267211914,8.888978868526465e-07,1.0,-1.9404033422470093,-4.7683716530855236e-08,10.377259254455566,nnknn_target_value_model,0,0,27,25,0,27,65,51,14,0,0,16.25,0,4,nnknn,491,nnknn,500,"[236, 255]",-0.0004451866843737662,0.0005888523883186281,0.0043629128485918045
1686,4,96,78.11705780029297,-0.0066527933813631535,-0.0016698861727491021,78.12371063232422,,,,False,0.4982907474040985,0.693073034286499,0.9792582392692566,0.9786566495895386,0.9798600077629089,9.597238204150926e-07,1.0,0.42162835597991943,-1.7384687467369986e-08,16.752763748168945,nnknn_target_value_model,0,0,32,25,0,32,96,76,20,0,0,24.0,0,4,nnknn,498,nnknn,500,"[244, 254]",-0.000499557179864496,0.0005846665590070188,0.0038643134757876396
1764,4,78,57.21040725708008,-0.008129592053592205,-0.003566271159797907,57.218536376953125,57.293212890625,-0.3529982566833496,14.292765617370605,True,0.45633208751678467,0.6930527687072754,0.9781563878059387,0.9776686429977417,0.9786440134048462,9.936660489984206e-07,1.0,-2.5645313262939453,2.4453187918993535e-08,11.709235191345215,nnknn_target_value_model,0,0,33,50,0,33,78,43,35,0,0,19.5,0,4,nnknn,481,nnknn,500,"[228, 253]",-0.0003674547770060599,0.0006387757021002471,0.003797141369432211
1826,4,62,11.753952026367188,-0.010438075289130211,-0.004742530174553394,11.764389991760254,,,,False,0.5695545077323914,0.6930903792381287,0.9772696495056152,0.9768833518028259,0.9776560068130493,1.003503371066472e-06,1.0,-1.8057855367660522,4.614553006376809e-08,8.605615615844727,nnknn_target_value_model,0,0,19,0,0,19,62,40,22,0,0,15.5,0,4,nnknn,500,nnknn,500,"[236, 264]",-0.0006448734784498811,0.0006315627251751721,0.00372896296903491
1914,4,88,51.69929122924805,-0.007247607223689556,-0.0022833102848380804,51.706539154052734,48.7664680480957,-0.26362860202789307,12.240438461303711,True,0.4964297115802765,0.6930546164512634,0.9763197302818298,0.9757686853408813,0.9768706560134888,1.0618974783938029e-06,1.0,0.07974621653556824,2.709302115988521e-09,12.317813873291016,nnknn_target_value_model,0,0,48,50,0,48,88,52,36,0,0,22.0,0,4,nnknn,498,nnknn,500,"[253, 245]",-0.00021429694606922567,0.0006883009918965399,0.004057016223669052
2000,4,86,21.86630630493164,-0.009003980085253716,-0.003686849493533373,21.87531089782715,,,,False,0.53171306848526,0.6930587887763977,0.9752177596092224,0.9746793508529663,0.9757559895515442,1.1610196679612272e-06,1.0,-0.331360787153244,8.316927591067724e-09,12.225455284118652,nnknn_target_value_model,0,0,44,50,0,44,86,22,64,0,0,21.5,0,4,nnknn,492,nnknn,500,"[253, 239]",-1.9396304196561687e-05,0.0007205784786492586,0.003919205162674189
2067,4,67,20.395509719848633,-0.00892767682671547,-0.004638458136469126,20.404438018798828,,,,False,0.4289219081401825,0.693000078201294,0.9742487668991089,0.9738306403160095,0.9746666550636292,1.2379853160382481e-06,1.0,-1.349913239479065,0.0,9.881623268127441,nnknn_target_value_model,0,0,24,25,0,24,67,36,31,0,0,16.75,0,4,nnknn,480,nnknn,500,"[246, 234]",-0.0004989354056306183,0.0007211376796476543,0.004369192291051149
2124,4,57,8.941421508789062,-0.011031828820705414,-0.006105110514909029,8.95245361328125,8.803754806518555,0.691523015499115,9.516595840454102,True,0.4926718473434448,0.6930286288261414,0.9734632968902588,0.9731086492538452,0.9738180041313171,1.2306293228903087e-06,1.0,-1.6953835487365723,-5.6467559517159316e-08,7.902507781982422,nnknn_target_value_model,0,0,15,0,0,15,57,52,5,0,0,14.25,0,4,nnknn,495,nnknn,500,"[254, 241]",-0.000998597126454115,0.0007049671257846057,0.004869055934250355
2242,4,118,90.05266571044922,-0.008404256775975227,-0.0034576118923723698,90.06107330322266,,,,False,0.4946644604206085,0.6930180788040161,0.9723549485206604,0.9716140031814575,0.9730960130691528,1.2854137594331405e-06,1.0,3.161795139312744,-3.030744721854717e-08,17.229360580444336,nnknn_target_value_model,0,0,69,75,0,69,118,69,49,0,0,29.5,0,4,nnknn,489,nnknn,500,"[247, 242]",-0.0001815216091927141,0.0007931320578791201,0.005250683985650539
2355,4,113,36.4482421875,-0.010976566933095455,-0.006555561907589436,36.4592170715332,36.017005920410156,0.5260542035102844,11.719634056091309,True,0.44210049510002136,0.6929689645767212,0.9708919525146484,0.9701826572418213,0.9716013073921204,1.4206988225851092e-06,1.0,2.6910319328308105,-2.9538584911392718e-08,14.430506706237793,nnknn_target_value_model,0,0,73,63,0,73,113,49,64,0,0,28.25,0,4,nnknn,499,nnknn,500,"[245, 254]",0.0,0.0008449407760053873,0.00575040839612484
2445,4,90,29.377599716186523,-0.011611172929406166,-0.00659777969121933,29.389211654663086,,,,False,0.501339316368103,0.6929985880851746,0.969606339931488,0.9690426588058472,0.9701700210571289,1.559585712129774e-06,1.0,0.07148455828428268,2.6490953874969136e-09,13.24810791015625,nnknn_target_value_model,0,0,45,36,8,45,90,16,74,0,0,22.5,0,4,nnknn,500,nnknn,500,"[249, 251]",0.0,0.0008683003252372146,0.0062501016072928905
2508,4,63,16.438865661621094,-0.011063098907470703,-0.006453336216509342,16.449928283691406,,,,False,0.460976243019104,0.6929628252983093,0.9686372876167297,0.9682446718215942,0.9690300226211548,1.6750773284002207e-06,1.0,-1.7067219018936157,1.8922110101016187e-08,9.015419960021973,nnknn_target_value_model,0,0,24,25,0,24,63,52,11,0,0,15.75,0,4,nnknn,499,nnknn,500,"[250, 249]",-0.0004994580522179604,0.0008993722149170935,0.006749610882252455
2596,4,88,46.680763244628906,-0.010325020179152489,-0.005775069817900658,46.69108963012695,46.343685150146484,0.4991534948348999,13.388266563415527,True,0.45499497652053833,0.6929491758346558,0.9676809906959534,0.9671300053596497,0.9682319760322571,1.8311051235286868e-06,1.0,0.9215283989906311,-1.3546510579942606e-08,14.316012382507324,nnknn_target_value_model,0,0,43,43,0,43,88,40,48,0,0,22.0,0,4,nnknn,499,nnknn,500,"[267, 232]",0.0,0.0009188842377625406,0.006643149070441723
2697,4,101,34.469207763671875,-0.011328842490911484,-0.00707250414416194,34.48053741455078,,,,False,0.42563387751579285,0.6929067373275757,0.966484010219574,0.9658506512641907,0.9671173095703125,1.8756111330731073e-06,1.0,1.806958794593811,0.0,13.409172058105469,nnknn_target_value_model,0,0,48,37,10,48,101,38,63,0,0,25.25,0,4,nnknn,500,nnknn,500,"[272, 228]",0.0,0.0009508902439847589,0.006143283098936081
2782,4,85,28.025707244873047,-0.012453359551727772,-0.008355456404387951,28.03816032409668,27.683212280273438,0.4992688298225403,12.541654586791992,True,0.4097903072834015,0.692879855632782,0.9653059840202332,0.9647740125656128,0.9658380150794983,1.987818905035965e-06,1.0,0.07083652913570404,1.3323391279129737e-08,12.611530303955078,nnknn_target_value_model,0,0,34,36,0,34,85,50,35,0,0,21.25,0,4,nnknn,498,nnknn,500,"[268, 230]",0.0,0.0009834034135565162,0.006642717868089676
2865,4,83,34.369842529296875,-0.012098880484700203,-0.008447972126305103,34.38194274902344,,,,False,0.36509087681770325,0.6928170323371887,0.9642420411109924,0.9637226462364197,0.9647613167762756,2.151620265067322e-06,1.0,-0.478889524936676,4.308769341321295e-09,11.504100799560547,nnknn_target_value_model,0,0,44,44,0,44,83,39,44,0,0,20.75,0,4,nnknn,498,nnknn,500,"[273, 225]",0.0,0.000997472438029945,0.006371091119945049
3018,4,153,82.90444946289062,-0.01031126081943512,-0.006262908689677715,82.91476440429688,,,,False,0.4048352837562561,0.6928234696388245,0.9627472162246704,0.9617846608161926,0.9637100100517273,2.2088188416091725e-06,1.0,5.455507278442383,4.5190450492782475e-08,17.648466110229492,nnknn_target_value_model,0,0,107,66,39,107,153,45,108,0,0,38.25,0,4,nnknn,500,nnknn,500,"[265, 235]",0.0,0.0010139596415683627,0.005871511995792389
3140,4,122,65.97339630126953,-0.010836897417902946,-0.006416933611035347,65.9842300415039,65.60281372070312,0.2959286570549011,14.807023048400879,True,0.44199639558792114,0.6928406357765198,0.9610057473182678,0.9602393507957458,0.9617720246315002,2.22746984945843e-06,1.0,2.127979040145874,-1.1236941155345903e-08,16.925565719604492,nnknn_target_value_model,0,0,67,48,19,67,122,27,95,0,0,30.5,0,4,nnknn,500,nnknn,500,"[265, 235]",0.0,0.0010617580264806747,0.006369349546730518
3212,4,72,22.661914825439453,-0.014729373157024384,-0.011379294097423553,22.67664337158203,,,,False,0.3350079357624054,0.6926847696304321,0.9597769975662231,0.9593273401260376,0.9602266550064087,2.481239334883867e-06,1.0,-1.9141954183578491,-1.158979223703227e-08,10.436495780944824,nnknn_target_value_model,0,0,20,25,0,20,72,40,32,0,0,18.0,0,4,nnknn,495,nnknn,500,"[264, 231]",-2.420193050056696e-05,0.0011148934718221426,0.006667136214673519
3316,4,104,54.58369827270508,-0.013018070720136166,-0.009714641608297825,54.596717834472656,53.94423294067383,0.39158517122268677,13.443483352661133,True,0.33034294843673706,0.6926501393318176,0.9586623311042786,0.9580100178718567,0.9593146443367004,2.692525640668464e-06,1.0,2.016786575317383,-1.1462431892539371e-08,15.471175193786621,nnknn_target_value_model,0,0,61,41,15,61,104,37,67,0,0,26.0,0,4,nnknn,500,nnknn,500,"[270, 230]",0.0,0.0011155398096889257,0.006766702979803085
3476,4,160,61.366981506347656,-0.01197344996035099,-0.0072118849493563175,61.37895584106445,,,,False,0.4761565625667572,0.6928144693374634,0.9569903612136841,0.9559833407402039,0.9579973220825195,2.655010803209734e-06,1.0,4.375199794769287,-2.086162531611535e-08,19.0465030670166,nnknn_target_value_model,0,0,115,59,56,115,160,52,108,0,0,40.0,0,4,nnknn,500,nnknn,500,"[264, 236]",0.0,0.0011636653216555715,0.006669856607913971
3551,4,75,21.107309341430664,-0.012787185609340668,-0.008117190562188625,21.12009620666504,,,,False,0.46699950098991394,0.6927794218063354,0.9555020332336426,0.9550333619117737,0.9559706449508667,2.817206450345111e-06,1.0,-1.704047679901123,2.1457672971791908e-08,10.678743362426758,nnknn_target_value_model,0,0,28,44,0,28,75,34,41,0,0,18.75,0,4,nnknn,484,nnknn,500,"[261, 223]",0.0,0.0012472039088606834,0.007169827818870544
3607,4,56,18.47233772277832,-0.018445543944835663,-0.01441955380141735,18.49078369140625,17.88555335998535,0.5110304355621338,11.05808162689209,True,0.4025990068912506,0.6926634907722473,0.9546723365783691,0.9543240070343018,0.9550206661224365,3.087392087763874e-06,1.0,-2.9158852100372314,1.2559550555124588e-07,8.199247360229492,nnknn_target_value_model,0,0,10,0,0,10,56,31,25,0,0,14.0,0,4,nnknn,494,nnknn,500,"[265, 229]",-0.0004999858210794628,0.0012440368300303817,0.007669760845601559
3686,4,79,16.078935623168945,-0.020574836060404778,-0.016686435788869858,16.099510192871094,,,,False,0.3888400197029114,0.6926375031471252,0.9538173675537109,0.9533233046531677,0.9543113112449646,3.137306066491874e-06,1.0,-1.1087273359298706,-2.7161609850168134e-08,11.50528335571289,nnknn_target_value_model,0,0,27,25,0,27,79,16,63,0,0,19.75,0,4,nnknn,496,nnknn,500,"[269, 227]",-0.0003706360294017941,0.0013178184162825346,0.00816979631781578
3781,4,95,37.64514923095703,-0.014338377863168716,-0.010487772524356842,37.659488677978516,37.00811767578125,0.39243757724761963,12.843947410583496,True,0.38506051898002625,0.6925910711288452,0.9527153372764587,0.9521200060844421,0.9533106684684753,3.3751086903066607e-06,1.0,0.6500115990638733,-1.3803180820559646e-08,13.504408836364746,nnknn_target_value_model,0,0,52,41,7,52,95,36,59,0,0,23.75,0,4,nnknn,500,nnknn,500,"[268, 232]",0.0,0.0013398523442447186,0.007670044898986816
3859,4,78,15.4032564163208,-0.014933011494576931,-0.0116639519110322,15.41818904876709,,,,False,0.3269059658050537,0.692478597164154,0.9516197443008423,0.9511319994926453,0.952107310295105,3.438915655351593e-06,1.0,-0.42325273156166077,2.2924863785078742e-08,10.811063766479492,nnknn_target_value_model,0,0,40,34,6,40,78,31,47,0,0,19.5,0,4,nnknn,500,nnknn,500,"[269, 231]",0.0,0.001361727830953896,0.008169105276465416
3923,4,64,14.528697967529297,-0.014539281837642193,-0.01079540979117155,14.543237686157227,,,,False,0.3743872344493866,0.6925259232521057,0.9507203698158264,0.9503213167190552,0.9511193037033081,3.5386487979849335e-06,1.0,-1.1991455554962158,-1.7695128917694092e-08,9.226487159729004,nnknn_target_value_model,0,0,19,21,0,19,64,7,57,0,0,16.0,0,4,nnknn,498,nnknn,500,"[267, 231]",0.0,0.001400568406097591,0.008669058792293072
4034,4,111,38.73868942260742,-0.0116011006757617,-0.007153167389333248,38.75028991699219,38.66025161743164,0.4071339964866638,11.877941131591797,True,0.44479334354400635,0.6926347017288208,0.9496119618415833,0.9489153623580933,0.9503086805343628,3.69696340385417e-06,1.0,2.326599359512329,-1.503540580927165e-08,14.233377456665039,nnknn_target_value_model,0,0,73,35,36,73,111,48,63,0,0,27.75,0,4,nnknn,500,nnknn,500,"[263, 237]",0.0,0.0014226507628336549,0.00816912017762661
4172,4,138,69.4726333618164,-0.010199092328548431,-0.006362377665936947,69.48283386230469,,,,False,0.38367149233818054,0.6924633979797363,0.9480350017547607,0.9471673369407654,0.9489026665687561,3.720685754160513e-06,1.0,4.57163667678833,-2.073205074282214e-08,15.897584915161133,nnknn_target_value_model,0,0,83,48,35,83,138,27,111,0,0,34.5,0,4,nnknn,500,nnknn,500,"[261, 239]",0.0,0.0014215386472642422,0.007669184356927872
4306,4,134,69.8626480102539,-0.012271618470549583,-0.008290805853903294,69.87491607666016,69.60783386230469,0.3273916244506836,13.928217887878418,True,0.39808133244514465,0.6924650073051453,0.9463123083114624,0.9454699754714966,0.9471546411514282,3.79366474589915e-06,1.0,3.815958023071289,-1.0675458739228816e-08,17.745140075683594,nnknn_target_value_model,0,0,92,51,41,92,134,52,82,0,0,33.5,0,4,nnknn,500,nnknn,500,"[252, 248]",0.0,0.0014864194672554731,0.008168517611920834
4414,4,108,50.678794860839844,-0.012325635179877281,-0.00963953509926796,50.69112014770508,,,,False,0.2686099708080292,0.6921381950378418,0.9447796940803528,0.9441019892692566,0.9454573392868042,4.0796112443786114e-06,1.0,0.30181556940078735,-1.3245476715439963e-08,16.31523323059082,nnknn_target_value_model,0,0,56,18,38,56,108,31,77,0,0,27.0,0,4,nnknn,500,nnknn,500,"[251, 249]",0.0,0.0015192989958450198,0.008667844347655773
4581,4,167,59.96739196777344,-0.01532185822725296,-0.01128515973687172,59.98271560668945,,,,False,0.4036698043346405,0.6923760175704956,0.9430380463600159,0.9419866800308228,0.9440893530845642,4.237938355799997e-06,1.0,4.3825201988220215,2.998077874849514e-08,18.89815330505371,nnknn_target_value_model,0,0,120,33,87,120,167,44,123,0,0,41.75,0,4,nnknn,500,nnknn,500,"[253, 247]",0.0,0.0015588629757985473,0.008168173022568226
4660,4,79,22.448230743408203,-0.019463082775473595,-0.01639256253838539,22.467693328857422,21.98432731628418,0.5616738796234131,12.644503593444824,True,0.3070521056652069,0.6920904517173767,0.9414800405502319,0.9409859776496887,0.9419739842414856,4.3614054447971284e-06,1.0,-0.8700094819068909,-3.772445822392001e-08,11.834904670715332,nnknn_target_value_model,0,0,30,31,0,30,79,18,61,0,0,19.75,0,4,nnknn,499,nnknn,500,"[248, 251]",0.0,0.0015870913630351424,0.00804504007101059
4753,4,93,33.34982681274414,-0.0213460810482502,-0.01825459860265255,33.37117385864258,,,,False,0.30914822220802307,0.6921058297157288,0.9403906464576721,0.9398080110549927,0.9409733414649963,4.498377620620886e-06,1.0,0.4020589590072632,2.5636406331130956e-09,14.605608940124512,nnknn_target_value_model,0,0,38,16,21,38,93,27,66,0,0,23.25,0,4,nnknn,500,nnknn,500,"[242, 258]",0.0,0.0016038105823099613,0.008544987067580223
4869,4,116,25.481975555419922,-0.016625063493847847,-0.012944875285029411,25.498600006103516,25.374942779541016,0.5897018909454346,13.345998764038086,True,0.36801889538764954,0.6921920776367188,0.9390670657157898,0.9383386373519897,0.9397953152656555,4.681800419348292e-06,1.0,1.1962699890136719,0.0,14.532910346984863,nnknn_target_value_model,0,0,60,33,27,60,116,45,71,0,0,29.0,0,4,nnknn,500,nnknn,500,"[255, 245]",0.0,0.0016287153121083975,0.008045058697462082
4955,4,86,17.952898025512695,-0.019682563841342926,-0.016788024455308914,17.972579956054688,,,,False,0.2894539535045624,0.6919283270835876,0.9377877116203308,0.9372493624687195,0.9383260011672974,4.7739131332491525e-06,1.0,-0.39167577028274536,2.079231720131247e-08,11.6983060836792,nnknn_target_value_model,0,0,38,29,9,38,86,41,45,0,0,21.5,0,4,nnknn,500,nnknn,500,"[259, 241]",0.0,0.001654677209444344,0.00762940151616931
5017,4,62,20.493061065673828,-0.01968717761337757,-0.01632150635123253,20.51274871826172,,,,False,0.3365671932697296,0.6920199990272522,0.936850368976593,0.9364640116691589,0.9372366666793823,4.9551977099326905e-06,1.0,-3.56486177444458,-2.3072765031884046e-08,9.050240516662598,nnknn_target_value_model,0,0,7,25,0,7,62,31,31,0,0,15.5,0,4,nnknn,482,nnknn,500,"[251, 231]",-2.7906557079404593e-05,0.0017378977499902248,0.008129216730594635
5106,4,89,25.114309310913086,-0.019374117255210876,-0.017042014747858047,25.133684158325195,25.076370239257812,0.6096013188362122,13.344932556152344,True,0.23321029543876648,0.6916980147361755,0.9358940720558167,0.9353366494178772,0.9364513158798218,5.320919626683462e-06,1.0,-0.0056542600505054,1.0715441867148456e-08,13.347107887268066,nnknn_target_value_model,0,0,44,17,4,44,89,35,54,0,0,22.25,0,4,nnknn,500,nnknn,500,"[257, 243]",0.0,0.0016614410560578108,0.008002115413546562
5192,4,86,18.187397003173828,-0.018377624452114105,-0.01515320036560297,18.205774307250977,,,,False,0.32244250178337097,0.6919028759002686,0.9347857236862183,0.9342473149299622,0.9353240132331848,5.084716121928068e-06,1.0,-0.04168642312288284,1.38615456890534e-08,11.727606773376465,nnknn_target_value_model,0,0,44,28,16,44,86,34,52,0,0,21.5,0,4,nnknn,500,nnknn,500,"[253, 247]",0.0,0.0017178532434627414,0.007502367254346609
5279,4,87,22.558988571166992,-0.020588092505931854,-0.01757286675274372,22.57957649230957,22.508682250976562,0.5970662832260132,13.34616756439209,True,0.3015226721763611,0.6918191313743591,0.9336900115013123,0.9331453442573547,0.9342346787452698,5.327955477696378e-06,1.0,-0.5547664761543274,1.3702217138700234e-08,12.806375503540039,nnknn_target_value_model,0,0,34,25,9,34,87,28,59,0,0,21.75,0,4,nnknn,500,nnknn,500,"[249, 251]",0.0,0.001708582160063088,0.007386954501271248
5440,4,161,71.00688171386719,-0.020328911021351814,-0.016386432573199272,71.02721405029297,,,,False,0.394247829914093,0.6920360922813416,0.9321193099021912,0.9311059713363647,0.9331326484680176,5.291289653541753e-06,1.0,4.699493408203125,1.6289467552610404e-08,19.221267700195312,nnknn_target_value_model,0,0,104,40,64,104,161,38,123,0,0,40.25,0,4,nnknn,500,nnknn,500,"[251, 249]",0.0,0.0018154607387259603,0.007822909392416477
5549,4,109,39.04293441772461,-0.016198905184864998,-0.012936150655150414,39.05913162231445,,,,False,0.32627546787261963,0.6917579770088196,0.93040931224823,0.9297253489494324,0.9310933351516724,5.788056114397477e-06,1.0,2.444265127182007,-1.3123958808591851e-08,15.749959945678711,nnknn_target_value_model,0,0,64,16,48,64,109,19,90,0,0,27.25,0,4,nnknn,500,nnknn,500,"[249, 251]",0.0,0.0017675665440037847,0.0076934113167226315
5639,4,90,34.02556228637695,-0.020680714398622513,-0.017403962090611458,34.046241760253906,33.8739128112793,0.4548010230064392,12.737716674804688,True,0.3276751935482025,0.6917235255241394,0.9291490316390991,0.9285853505134583,0.9297126531600952,5.599444193649106e-06,1.0,0.5265462398529053,-8.609560175898423e-09,13.334449768066406,nnknn_target_value_model,0,0,42,32,10,42,90,35,55,0,0,22.5,0,4,nnknn,500,nnknn,500,"[250, 250]",0.0,0.0017807710682973266,0.007822949439287186
5759,4,120,46.09552001953125,-0.0176558718085289,-0.014849974773824215,46.11317443847656,,,,False,0.2805897295475006,0.6914582848548889,0.927819013595581,0.9270653128623962,0.9285726547241211,5.640512426907662e-06,1.0,1.8413162231445312,-1.1920929132713809e-08,16.38979148864746,nnknn_target_value_model,0,0,64,38,26,64,120,39,81,0,0,30.0,0,4,nnknn,500,nnknn,500,"[252, 248]",0.0,0.0017772384453564882,0.008322058245539665
5837,4,78,18.60529899597168,-0.022201191633939743,-0.01912674494087696,18.627500534057617,18.43992805480957,0.6303678750991821,13.093252182006836,True,0.3074447512626648,0.6914901733398438,0.9265650510787964,0.9260773062705994,0.9270526766777039,5.618439899990335e-06,1.0,-2.21738600730896,6.113296979748384e-09,10.902043342590332,nnknn_target_value_model,0,0,24,16,8,24,78,30,48,0,0,19.5,0,4,nnknn,500,nnknn,500,"[247, 253]",0.0,0.001826901687309146,0.008821997791528702
5906,4,69,13.49291706085205,-0.023204881697893143,-0.01979273185133934,13.516121864318848,,,,False,0.3412149250507355,0.6915838718414307,0.92563396692276,0.9252033233642578,0.926064670085907,6.007367574056843e-06,1.0,-2.101012706756592,2.073205074282214e-08,10.000432968139648,nnknn_target_value_model,0,0,20,19,1,20,69,22,47,0,0,17.25,0,4,nnknn,500,nnknn,500,"[246, 254]",0.0,0.0018451164942234755,0.008691580034792423
5991,4,85,35.142276763916016,-0.023953093215823174,-0.020664909854531288,35.166229248046875,,,,False,0.3288183808326721,0.6915276050567627,0.9246587157249451,0.9241266846656799,0.9251906871795654,6.0456218307081144e-06,1.0,-0.3177555501461029,7.012311287191153e-10,13.252747535705566,nnknn_target_value_model,0,0,38,18,20,38,85,21,64,0,0,21.25,0,4,nnknn,500,nnknn,500,"[248, 252]",0.0,0.0018208136316388845,0.008562592789530754
6087,4,96,33.93246078491211,-0.020918847993016243,-0.017172446474432945,33.9533805847168,33.95578384399414,0.5727853775024414,13.449646949768066,True,0.37464019656181335,0.6917030811309814,0.9235122799873352,0.9229106903076172,0.9241139888763428,5.953710569883697e-06,1.0,0.8645690083503723,0.0,14.371424674987793,nnknn_target_value_model,0,0,50,28,22,50,96,25,71,0,0,24.0,0,4,nnknn,500,nnknn,500,"[248, 252]",0.0,0.0018313954351469874,0.008062784560024738
6174,4,87,23.38395118713379,-0.026774881407618523,-0.023754743859171867,23.41072654724121,,,,False,0.3020137548446655,0.6913642287254333,0.9223533868789673,0.921808660030365,0.92289799451828,5.9613657867885195e-06,1.0,-0.050669439136981964,1.0961773710960188e-08,12.737186431884766,nnknn_target_value_model,0,0,40,20,20,40,87,19,68,0,0,21.75,0,4,nnknn,500,nnknn,500,"[246, 254]",0.0,0.0018479012651368976,0.00794901791960001
6318,4,144,28.600997924804688,-0.025758760049939156,-0.023072872310876846,28.62675666809082,28.291553497314453,0.6500347256660461,14.038762092590332,True,0.26858872175216675,0.6911377310752869,0.9208903908729553,0.9199846386909485,0.9217960238456726,6.160512384667527e-06,1.0,2.4394822120666504,1.3245476715439963e-08,16.455020904541016,nnknn_target_value_model,0,0,96,28,68,96,144,31,113,0,0,36.0,0,4,nnknn,500,nnknn,500,"[251, 249]",0.0,0.0018407177412882447,0.00782032124698162
6424,4,106,29.91216278076172,-0.024294061586260796,-0.02199707180261612,29.93645668029785,,,,False,0.229699045419693,0.6908687353134155,0.9193069338798523,0.918641984462738,0.9199720025062561,6.06702133154613e-06,1.0,1.2303134202957153,1.2370775515080368e-08,14.201602935791016,nnknn_target_value_model,0,0,56,20,36,56,106,30,76,0,0,26.5,0,4,nnknn,500,nnknn,500,"[252, 248]",0.0,0.0018261887598782778,0.007948829792439938
6550,4,126,34.6747932434082,-0.024626433849334717,-0.022160299122333527,34.69942092895508,,,,False,0.24661341309547424,0.6908575892448425,0.9178377389907837,0.9170460104942322,0.9186293482780457,6.046519956726115e-06,1.0,2.283618927001953,2.838316470743507e-09,15.643999099731445,nnknn_target_value_model,0,0,72,31,41,72,126,44,82,0,0,31.5,0,4,nnknn,500,nnknn,500,"[244, 256]",0.0,0.001861011260189116,0.007820315659046173
6649,4,99,37.0303840637207,-0.02633633278310299,-0.023569077253341675,37.05672073364258,36.84452438354492,0.3881543278694153,11.932641983032227,True,0.27672553062438965,0.6908923983573914,0.9164127111434937,0.9157919883728027,0.917033314704895,6.1928426475788e-06,1.0,1.284766435623169,-3.612402821318028e-09,13.271142959594727,nnknn_target_value_model,0,0,52,24,28,52,99,44,55,0,0,24.75,0,4,nnknn,500,nnknn,500,"[252, 248]",0.0,0.001848989282734692,0.007948809303343296
6749,4,100,38.046165466308594,-0.023966951295733452,-0.020530954003334045,38.070133209228516,,,,False,0.34359970688819885,0.691189169883728,0.9151523113250732,0.9145253300666809,0.9157793521881104,6.022105480951723e-06,1.0,0.39783725142478943,-6.556510889765832e-09,14.48633098602295,nnknn_target_value_model,0,0,52,16,36,52,98,36,62,2,2,25.0,0,4,nnknn,500,nnknn,500,"[252, 248]",0.0,0.0019066680688410997,0.008448554202914238
6859,4,110,34.16810989379883,-0.025524955242872238,-0.022460773587226868,34.193634033203125,33.905006408691406,0.39124059677124023,12.56472396850586,True,0.30641818046569824,0.6908878684043884,0.9138223528862,0.9131320118904114,0.9145126938819885,6.361079613270704e-06,1.0,1.4957412481307983,1.0837208463954084e-08,14.038500785827637,nnknn_target_value_model,0,0,61,21,40,61,110,32,78,0,0,27.5,0,4,nnknn,500,nnknn,500,"[255, 245]",0.0,0.0019506978569552302,0.007948718033730984
6957,4,98,39.00847244262695,-0.02911355532705784,-0.02576124481856823,39.0375862121582,,,,False,0.33523106575012207,0.6909942626953125,0.9125049114227295,0.9118906855583191,0.9131193161010742,6.586498329852475e-06,1.0,1.1565582752227783,1.6421687121237483e-08,14.868152618408203,nnknn_target_value_model,0,0,51,21,30,51,98,20,78,0,0,24.5,0,4,nnknn,500,nnknn,500,"[257, 243]",0.0,0.001952068880200386,0.007932477630674839
7117,4,160,45.96921920776367,-0.020397821441292763,-0.01687721721827984,45.98961639404297,,,,False,0.35206037759780884,0.6909763216972351,0.9108710289001465,0.9098640084266663,0.9118779897689819,6.635877980443183e-06,1.0,4.224991798400879,4.470348358154297e-08,17.025819778442383,nnknn_target_value_model,0,0,121,39,82,121,160,43,117,0,0,40.0,0,4,nnknn,500,nnknn,500,"[258, 242]",0.0,0.001972558908164501,0.007707021664828062
7182,4,65,25.464914321899414,-0.02697947807610035,-0.024148380383849144,25.491893768310547,24.914024353027344,0.44074511528015137,12.61385440826416,True,0.28310972452163696,0.6905657649040222,0.9094460010528564,0.9090406894683838,0.9098513126373291,6.586269137187628e-06,1.0,-2.9978926181793213,-4.951770549155299e-08,9.68065071105957,nnknn_target_value_model,0,0,16,20,0,16,65,22,43,0,0,16.25,0,4,nnknn,496,nnknn,500,"[254, 242]",0.0,0.0020369598641991615,0.008206858299672604
7351,4,169,86.22614288330078,-0.024536190554499626,-0.021261055022478104,86.25067901611328,,,,False,0.32751354575157166,0.6907152533531189,0.9079640507698059,0.9068999886512756,0.9090279936790466,6.939747891010484e-06,1.0,5.816012382507324,-1.9750650892547128e-08,18.62185287475586,nnknn_target_value_model,0,0,123,30,89,123,169,50,119,0,0,42.25,0,4,nnknn,500,nnknn,500,"[251, 249]",0.0,0.002063443185761571,0.008580292575061321
7416,4,65,30.458284378051758,-0.02553892508149147,-0.023514708504080772,30.483823776245117,30.29446792602539,0.3754849433898926,13.146519660949707,True,0.20242173969745636,0.6898820400238037,0.906481921672821,0.9060766696929932,0.9068873524665833,7.131169695639983e-06,1.0,-3.3282968997955322,5.5019672373646245e-08,9.858552932739258,nnknn_target_value_model,0,0,14,13,1,14,65,17,48,0,0,16.25,0,4,nnknn,500,nnknn,500,"[251, 249]",0.0,0.0020497695077210665,0.008452534675598145
7515,4,99,23.36597442626953,-0.031589001417160034,-0.02976345829665661,23.397563934326172,,,,False,0.1825542002916336,0.6897461414337158,0.9054433107376099,0.9048226475715637,0.906063973903656,7.093100066413172e-06,1.0,0.541073203086853,0.0,12.948780059814453,nnknn_target_value_model,0,0,47,17,30,47,99,36,63,0,0,24.75,0,4,nnknn,500,nnknn,500,"[249, 251]",0.0,0.0020683829206973314,0.008084739558398724
7673,4,158,52.94944763183594,-0.029196426272392273,-0.026399962604045868,52.97864532470703,,,,False,0.2796464264392853,0.6901914477348328,0.9038156270980835,0.9028213620185852,0.9048100113868713,7.128620836738264e-06,1.0,3.6640825271606445,-3.772445822392001e-08,18.392351150512695,nnknn_target_value_model,0,0,104,20,84,104,158,33,125,0,0,39.5,0,4,nnknn,500,nnknn,500,"[245, 255]",0.0,0.0021097867283970118,0.008584193885326385
7798,4,125,62.3148307800293,-0.030048370361328125,-0.02814158983528614,62.344879150390625,61.99388885498047,0.4778771996498108,14.039460182189941,True,0.19067808985710144,0.689540445804596,0.9020233750343323,0.9012380242347717,0.902808666229248,7.3555288508941885e-06,1.0,3.578667640686035,-1.7166136956348055e-08,17.579214096069336,nnknn_target_value_model,0,0,77,11,66,77,125,12,113,0,0,31.25,0,4,nnknn,500,nnknn,500,"[250, 250]",0.0,0.002142985351383686,0.009083252400159836
7876,4,78,48.0207633972168,-0.023976098746061325,-0.021735528483986855,48.04473876953125,,,,False,0.22405703365802765,0.6896829605102539,0.9007376432418823,0.9002500176429749,0.9012253284454346,7.491821179428371e-06,1.0,-0.7344536185264587,1.528324244937096e-09,13.10214900970459,nnknn_target_value_model,0,0,25,14,11,25,78,29,49,0,0,19.5,0,4,nnknn,500,nnknn,500,"[248, 252]",0.0,0.0021419553086161613,0.008950001560151577
7981,4,105,25.770626068115234,-0.030650682747364044,-0.02873743139207363,25.80127716064453,25.60074234008789,0.5370500087738037,14.241815567016602,True,0.1913251131772995,0.6893734335899353,0.8995786309242249,0.8989199995994568,0.9002373218536377,7.534672477049753e-06,1.0,-0.12982690334320068,2.2706531765948057e-08,14.021896362304688,nnknn_target_value_model,0,0,52,7,45,52,105,16,89,0,0,26.25,0,4,nnknn,500,nnknn,500,"[247, 253]",0.0,0.002120629185810685,0.008818189613521099
8149,4,168,56.48334503173828,-0.030758623033761978,-0.02896641567349434,56.514102935791016,,,,False,0.17922070622444153,0.6891174912452698,0.8978495597839355,0.8967919945716858,0.8989073038101196,7.348927738348721e-06,1.0,4.486550331115723,-4.5413063531896114e-08,18.748470306396484,nnknn_target_value_model,0,0,123,22,101,123,168,48,120,0,0,42.0,0,4,nnknn,500,nnknn,500,"[250, 250]",0.0,0.0021221342030912638,0.009318056516349316
8310,4,161,62.12002944946289,-0.026417244225740433,-0.024283794686198235,62.146446228027344,,,,False,0.213345006108284,0.6892167925834656,0.8957659602165222,0.8947526812553406,0.8967793583869934,7.40667474019574e-06,1.0,3.5878360271453857,-1.7029899268550253e-08,18.77239418029785,nnknn_target_value_model,0,0,106,16,90,106,161,43,118,0,0,40.25,0,4,nnknn,500,nnknn,500,"[250, 250]",0.0,0.0021410167682915926,0.009818009100854397
8405,4,95,24.185794830322266,-0.03425641357898712,-0.03229909762740135,24.220050811767578,23.8193359375,0.6236503720283508,13.804665565490723,True,0.19573159515857697,0.6889500021934509,0.8941447734832764,0.8935493230819702,0.8947399854660034,7.520817234762944e-06,1.0,-0.3548329770565033,-2.509669361216993e-09,13.462767601013184,nnknn_target_value_model,0,0,38,15,23,38,95,27,68,0,0,23.75,0,4,nnknn,500,nnknn,500,"[247, 253]",0.0,0.002144833328202367,0.010317953303456306
8483,4,78,18.270530700683594,-0.03317747265100479,-0.031182685866951942,18.303709030151367,,,,False,0.19947873055934906,0.688877284526825,0.8930490016937256,0.8925613164901733,0.8935366868972778,7.58450778448605e-06,1.0,-1.7594643831253052,9.16994569166718e-09,10.864106178283691,nnknn_target_value_model,0,0,22,11,11,22,78,35,43,0,0,19.5,0,4,nnknn,500,nnknn,500,"[248, 252]",0.0,0.002134717768058181,0.010171880945563316
8546,4,63,20.124061584472656,-0.0269839596003294,-0.025144629180431366,20.151044845581055,20.10838508605957,0.6844887733459473,12.576803207397461,True,0.18393297493457794,0.6886911988258362,0.8921560049057007,0.8917633295059204,0.892548680305481,7.448984433722217e-06,1.0,-2.968968629837036,-3.7844220202032375e-08,9.612689971923828,nnknn_target_value_model,0,0,13,5,8,13,63,19,44,0,0,15.75,0,4,nnknn,500,nnknn,500,"[248, 252]",0.0,0.0020842361263930798,0.01002727821469307
8698,4,152,45.9191780090332,-0.034741438925266266,-0.03190014138817787,45.95391845703125,,,,False,0.28412988781929016,0.6894342303276062,0.8907943367958069,0.8898379802703857,0.891750693321228,7.171855486376444e-06,1.0,3.427351713180542,-3.842930951236667e-08,17.570070266723633,nnknn_target_value_model,0,0,99,22,77,99,152,26,126,0,0,38.0,0,4,nnknn,500,nnknn,500,"[238, 262]",0.0,0.00209370581433177,0.010527050122618675
8789,4,91,21.893428802490234,-0.03385050222277641,-0.031960517168045044,21.927278518676758,,,,False,0.18899862468242645,0.6885380744934082,0.8892554044723511,0.8886853456497192,0.8898253440856934,7.33754404791398e-06,1.0,-0.6903894543647766,1.8994887440726416e-08,12.877012252807617,nnknn_target_value_model,0,0,39,13,26,39,91,24,67,0,0,22.75,0,4,nnknn,500,nnknn,500,"[238, 262]",0.0,0.002074988791719079,0.01037889439612627
8869,4,80,20.945510864257812,-0.03825468197464943,-0.0359058752655983,20.9837646484375,20.913785934448242,0.60908043384552,12.725347518920898,True,0.23488083481788635,0.6887660026550293,0.8881723284721375,0.8876720070838928,0.8886726498603821,7.213386652438203e-06,1.0,-0.9191035032272339,-5.9604645663569045e-09,11.74492073059082,nnknn_target_value_model,0,0,32,13,19,32,80,100,0,0,0,20.0,0,4,nnknn,500,nnknn,480,"[241, 259]",0.0,0.0020699973683804274,0.009879032149910927
8964,4,95,20.849288940429688,-0.039160069078207016,-0.03747108206152916,20.88844871520996,,,,False,0.1688988357782364,0.6881380677223206,0.8870639801025391,0.8864686489105225,0.8876593112945557,7.180366537795635e-06,1.0,-1.113832950592041,1.8822518654815212e-08,13.06250286102295,nnknn_target_value_model,0,0,32,12,20,32,95,8,67,0,0,23.75,0,4,nnknn,500,nnknn,500,"[242, 258]",0.0,0.0020316713489592075,0.009737413376569748
9109,4,145,40.35799026489258,-0.029630575329065323,-0.02736198529601097,40.38761901855469,40.05900955200195,0.5748920440673828,15.343631744384766,True,0.2268589437007904,0.688534677028656,0.8855440616607666,0.8846319913864136,0.8864560127258301,6.975286851229612e-06,1.0,2.3335180282592773,-2.630825690630445e-08,17.73714828491211,nnknn_target_value_model,0,0,89,12,77,89,145,17,128,0,0,36.25,0,4,nnknn,500,nnknn,500,"[242, 258]",0.0,0.0020483462139964104,0.00959725584834814
9230,4,121,68.49258422851562,-0.03596875071525574,-0.03323143720626831,68.52854919433594,,,,False,0.2737313210964203,0.6887769103050232,0.8838592767715454,0.8830993175506592,0.8846193552017212,7.1375152401742525e-06,1.0,3.9017884731292725,1.9704013975996304e-09,18.01531219482422,nnknn_target_value_model,0,0,75,26,49,75,121,125,0,0,0,30.25,0,4,nnknn,500,nnknn,496,"[238, 262]",0.0,0.0020636627450585365,0.00909765437245369
9338,4,108,22.220352172851562,-0.03881164640188217,-0.03720187768340111,22.25916290283203,,,,False,0.1609770655632019,0.6876884698867798,0.8824089765548706,0.8817313313484192,0.8830866813659668,7.298338005057303e-06,1.0,0.493400901556015,4.4151589051466544e-09,14.016646385192871,nnknn_target_value_model,0,0,63,12,51,63,108,13,91,0,0,27.0,0,4,nnknn,500,nnknn,500,"[239, 261]",0.0,0.0020243071485310793,0.008964248932898045
9437,4,99,15.254240036010742,-0.03312574326992035,-0.030408941209316254,15.287365913391113,15.351441383361816,0.7415882349014282,14.126053810119629,True,0.2716803252696991,0.6886236071586609,0.8810979127883911,0.8804773092269897,0.8817186951637268,7.1181775638251565e-06,1.0,-0.5402081608772278,7.224805642636056e-09,13.49943733215332,nnknn_target_value_model,0,0,36,21,15,36,99,25,74,0,0,24.75,0,4,nnknn,500,nnknn,500,"[238, 262]",0.0,0.00200922810472548,0.008832283318042755
9505,4,68,22.536556243896484,-0.041110534220933914,-0.038747284561395645,22.577667236328125,,,,False,0.2363249808549881,0.6881541013717651,0.8800403475761414,0.8796160221099854,0.8804646730422974,7.07480603523436e-06,1.0,-1.127960205078125,1.7530777940422126e-09,11.14226245880127,nnknn_target_value_model,0,0,27,17,10,27,68,15,53,0,0,17.0,0,4,nnknn,500,nnknn,500,"[241, 259]",0.0,0.00200234679505229,0.008701752871274948
9713,4,208,60.96318054199219,-0.028942985460162163,-0.02583281323313713,60.992122650146484,60.816810607910156,0.5268306136131287,14.91063117980957,True,0.311017245054245,0.6887559294700623,0.8782923221588135,0.8769813179969788,0.8796033263206482,7.082365755195497e-06,1.0,5.079339981079102,-3.3814174571489275e-08,19.97344207763672,nnknn_target_value_model,0,0,162,24,138,162,208,25,183,0,0,52.0,0,4,nnknn,500,nnknn,500,"[237, 263]",0.0,0.002062347251921892,0.008270448073744774
9829,4,116,48.0516471862793,-0.03174242749810219,-0.029966408386826515,48.08338928222656,,,,False,0.17760199308395386,0.687193751335144,0.8762403726577759,0.8755120038986206,0.8769686818122864,7.3571227403590456e-06,1.0,2.225520610809326,8.22133028322014e-09,15.309191703796387,nnknn_target_value_model,0,0,62,6,56,62,116,12,104,0,0,29.0,0,4,nnknn,500,nnknn,500,"[235, 265]",0.0,0.0020502451807260513,0.008697458542883396
9922,4,93,14.375772476196289,-0.03790374845266342,-0.03534741327166557,14.413676261901855,,,,False,0.25563356280326843,0.6878885626792908,0.874916672706604,0.8743339776992798,0.8754993081092834,7.264152827701764e-06,1.0,-1.289933681488037,0.0,12.978310585021973,nnknn_target_value_model,0,0,36,10,26,36,92,17,75,1,1,23.25,0,4,nnknn,500,nnknn,500,"[240, 260]",0.0,0.002072791801765561,0.008752038702368736
10041,4,119,28.40978240966797,-0.034535862505435944,-0.031183553859591484,28.444318771362305,28.404661178588867,0.6094660758972168,15.460661888122559,True,0.3352310061454773,0.6886966824531555,0.8735739588737488,0.8728266954421997,0.8743213415145874,7.612503850396024e-06,1.0,0.32971519231796265,4.007035148134719e-09,15.740152359008789,nnknn_target_value_model,0,0,56,14,42,56,119,28,91,0,0,29.75,0,4,nnknn,500,nnknn,500,"[235, 265]",0.0,0.002093374263495207,0.009252014569938183
10130,4,89,23.580400466918945,-0.044336915016174316,-0.04255690053105354,23.624736785888672,,,,False,0.17800138890743256,0.6868150234222412,0.8722567558288574,0.871699333190918,0.8728139996528625,7.892023859312758e-06,1.0,-0.9051023125648499,2.4109743534950212e-08,12.69611930847168,nnknn_target_value_model,0,0,34,7,27,34,89,36,53,0,0,22.25,0,4,nnknn,500,nnknn,500,"[236, 264]",0.0,0.0021206121891736984,0.009751953184604645
10247,4,117,25.992727279663086,-0.038019102066755295,-0.03661387413740158,26.030746459960938,25.841663360595703,0.5348935127258301,13.819158554077148,True,0.14052291214466095,0.6862938404083252,0.8709520101547241,0.8702173233032227,0.8716866374015808,8.125130989355966e-06,1.0,0.8060384392738342,-1.0188828669654981e-09,14.607057571411133,nnknn_target_value_model,0,0,55,14,41,55,117,38,79,0,0,29.25,0,4,nnknn,500,nnknn,500,"[237, 263]",0.0,0.002116663381457329,0.009554333053529263
10356,4,109,25.35213279724121,-0.03925883769989014,-0.03741084039211273,25.39139175415039,,,,False,0.18479976058006287,0.6866487264633179,0.8695207238197327,0.8688366413116455,0.8702046871185303,8.025835995795205e-06,1.0,0.879760205745697,8.749305280275621e-09,14.597518920898438,nnknn_target_value_model,0,0,61,17,44,61,109,23,86,0,0,27.25,0,4,nnknn,500,nnknn,500,"[235, 265]",0.0,0.002081547863781452,0.009751896373927593
10457,4,101,24.991235733032227,-0.04211161285638809,-0.04026612639427185,25.033348083496094,,,,False,0.18454870581626892,0.6865388751029968,0.8681906461715698,0.8675573468208313,0.8688240051269531,7.889751032053027e-06,1.0,0.49837222695350647,1.1802899990698279e-08,13.927024841308594,nnknn_target_value_model,0,0,49,10,39,49,101,29,72,0,0,25.25,0,4,nnknn,500,nnknn,500,"[237, 263]",0.0,0.0020603230223059654,0.009611588902771473
10544,4,87,15.12283992767334,-0.05004477500915527,-0.04891860485076904,15.172884941101074,15.166382789611816,0.5974760055541992,11.677270889282227,True,0.11261702328920364,0.685539960861206,0.8669999837875366,0.8664553165435791,0.8675446510314941,7.790135896357242e-06,1.0,-0.3347616195678711,-8.22133028322014e-09,11.352067947387695,nnknn_target_value_model,0,0,38,8,30,38,87,29,58,0,0,21.75,0,4,nnknn,500,nnknn,500,"[239, 261]",0.0,0.0020720541942864656,0.0094727398827672
10644,4,100,34.5609016418457,-0.029685091227293015,-0.027298858389258385,34.5905876159668,,,,False,0.2386232316493988,0.6868929266929626,0.8658155798912048,0.8651886582374573,0.8664426803588867,7.91657112131361e-06,1.0,0.39227932691574097,5.9604643443123e-10,14.913905143737793,nnknn_target_value_model,0,0,43,10,33,43,100,21,79,0,0,25.0,0,4,nnknn,500,nnknn,500,"[240, 260]",0.0,0.002086375840008259,0.0090734101831913
10735,4,91,23.835853576660156,-0.04530393332242966,-0.04270065203309059,23.88115692138672,23.54064178466797,0.5757172107696533,13.274304389953613,True,0.2603283226490021,0.6870149970054626,0.8646060824394226,0.8640360236167908,0.8651760220527649,7.940927389427088e-06,1.0,-0.6423000693321228,7.859953576883072e-09,12.620661735534668,nnknn_target_value_model,0,0,33,11,22,33,91,21,70,0,0,22.75,0,4,nnknn,500,nnknn,500,"[246, 254]",0.0,0.002110732952132821,0.009473900310695171
10854,4,119,31.392107009887695,-0.03605486825108528,-0.034075427800416946,31.42816162109375,,,,False,0.19794417917728424,0.6861328482627869,0.8632760047912598,0.8625286817550659,0.8640233278274536,8.048493327805772e-06,1.0,1.1670162677764893,2.203869264860714e-08,15.258769989013672,nnknn_target_value_model,0,0,63,13,50,63,119,25,94,0,0,29.75,0,4,nnknn,500,nnknn,500,"[245, 255]",0.0,0.0020930138416588306,0.009973779320716858
11007,4,153,71.47553253173828,-0.034352295100688934,-0.03230801224708557,71.5098876953125,,,,False,0.20442847907543182,0.6860618591308594,0.8615533113479614,0.8605906963348389,0.8625159859657288,7.998088221938815e-06,1.0,4.753722667694092,2.7270099067777664e-08,18.724624633789062,nnknn_target_value_model,0,0,108,16,92,108,153,37,116,0,0,38.25,0,4,nnknn,500,nnknn,500,"[249, 251]",0.0,0.0020839376375079155,0.009744380600750446
11103,4,96,23.416112899780273,-0.04031679779291153,-0.038448382169008255,23.456430435180664,23.50676918029785,0.653012752532959,14.63000774383545,True,0.18684138357639313,0.6856260299682617,0.8599762916564941,0.8593746423721313,0.8605780005455017,7.999169611139223e-06,1.0,-0.49385499954223633,7.450580596923828e-09,14.042523384094238,nnknn_target_value_model,0,0,40,50,0,40,96,19,77,0,0,24.0,0,4,nnknn,490,nnknn,500,"[247, 243]",0.0,0.002104051411151886,0.01024429127573967
11180,4,77,17.160314559936523,-0.04258475452661514,-0.04069281741976738,17.202899932861328,,,,False,0.18919377028942108,0.6856256127357483,0.8588806986808777,0.8583993315696716,0.859362006187439,8.004985829757061e-06,1.0,-1.0708714723587036,-1.0837208463954084e-08,11.049405097961426,nnknn_target_value_model,0,0,30,25,0,30,76,100,0,1,1,19.25,0,4,nnknn,495,nnknn,476,"[253, 242]",0.0,0.002069323556497693,0.009744370356202126
11291,4,111,14.843273162841797,-0.03867058828473091,-0.03649764880537987,14.881943702697754,14.924344062805176,0.7458385229110718,14.00144100189209,True,0.21729402244091034,0.6858394742012024,0.8576899766921997,0.8569933176040649,0.8583866953849792,7.774908226565458e-06,1.0,0.10836197435855865,-2.3627066525477858e-08,14.067277908325195,nnknn_target_value_model,0,0,55,10,40,55,111,10,77,0,0,27.75,0,4,nnknn,500,nnknn,500,"[256, 244]",0.0,0.002056031720712781,0.009259611368179321
11387,4,96,24.558801651000977,-0.039568956941366196,-0.03803883492946625,24.598371505737305,,,,False,0.153012216091156,0.6848278045654297,0.8563790321350098,0.8557773232460022,0.8569806814193726,7.669580554647837e-06,1.0,0.3586215078830719,-1.3659398057086491e-08,13.272216796875,nnknn_target_value_model,0,0,50,6,44,50,96,26,70,0,0,24.0,0,4,nnknn,500,nnknn,500,"[256, 244]",0.0,0.0020623099990189075,0.009759523905813694
11492,4,105,33.09395980834961,-0.0345955528318882,-0.031355272978544235,33.12855529785156,,,,False,0.32402801513671875,0.6870152354240417,0.8551060557365417,0.8544473052024841,0.8557646870613098,7.796769750711974e-06,1.0,0.5425498485565186,-2.2706532210037267e-09,13.989082336425781,nnknn_target_value_model,0,0,48,17,31,48,105,27,78,0,0,26.25,0,4,nnknn,500,nnknn,500,"[257, 243]",0.0,0.0020428751595318317,0.009259581565856934
11553,4,61,29.269847869873047,-0.022874511778354645,-0.02063719928264618,29.292722702026367,28.88578987121582,0.6410753130912781,13.579887390136719,True,0.2237311601638794,0.6855043768882751,0.8540546298027039,0.8536746501922607,0.8544346690177917,7.583605565741891e-06,1.0,-3.976592779159546,-7.817002511956161e-08,9.585246086120605,nnknn_target_value_model,0,0,7,9,0,7,61,11,50,0,0,15.25,0,4,nnknn,498,nnknn,500,"[256, 242]",0.0,0.0020130083430558443,0.00912444293498993
11661,4,108,54.01686477661133,-0.03283948451280594,-0.030317779630422592,54.049705505371094,,,,False,0.2521703839302063,0.6858153343200684,0.8529843688011169,0.8523066639900208,0.8536620140075684,7.4402855716471095e-06,1.0,2.109694242477417,-6.622738357719982e-09,14.394203186035156,nnknn_target_value_model,0,0,61,20,39,61,108,20,88,0,0,27.0,0,4,nnknn,500,nnknn,500,"[255, 245]",0.0,0.002023609820753336,0.009623327292501926
11738,4,77,28.80432891845703,-0.04838736355304718,-0.04692572355270386,28.85271644592285,28.603591918945312,0.42410731315612793,10.997499465942383,True,0.14616388082504272,0.6841158866882324,0.8518126606941223,0.851331353187561,0.8522940278053284,7.601612651342293e-06,1.0,0.7248790860176086,-2.7867105956147498e-08,11.690560340881348,nnknn_target_value_model,0,0,38,9,29,38,77,100,0,0,0,19.25,0,4,nnknn,500,nnknn,477,"[256, 244]",0.0,0.0020257204305380583,0.010123265907168388
11844,4,106,20.12212371826172,-0.05237139016389847,-0.0492873378098011,20.174495697021484,,,,False,0.3084051012992859,0.6864299178123474,0.8506535887718201,0.8499886393547058,0.8513186573982239,7.5421407927933615e-06,1.0,-0.4931866526603699,-2.249231911832794e-09,14.434815406799316,nnknn_target_value_model,0,0,49,13,36,49,106,8,75,0,0,26.5,0,4,nnknn,500,nnknn,500,"[254, 246]",0.0,0.00205923430621624,0.009979154914617538
11928,4,84,14.78276538848877,-0.057775914669036865,-0.055750586092472076,14.840540885925293,,,,False,0.20253302156925201,0.6846270561218262,0.8494503498077393,0.8489246964454651,0.8499760031700134,7.806763278495055e-06,1.0,-1.117063283920288,1.1353265882974029e-08,12.0993070602417,nnknn_target_value_model,0,0,31,17,14,31,83,14,69,1,1,21.0,0,4,nnknn,500,nnknn,500,"[254, 246]",0.0,0.0020547567401081324,0.009938877075910568
12033,4,105,26.3251895904541,-0.05669795349240303,-0.05422280728816986,26.381887435913086,26.310365676879883,0.7042410969734192,13.648727416992188,True,0.2475147396326065,0.6852792501449585,0.8482533097267151,0.847594678401947,0.8489120006561279,7.842278137104586e-06,1.0,1.4841878414154053,2.2706532210037267e-09,15.066136360168457,nnknn_target_value_model,0,0,61,9,52,61,105,16,89,0,0,26.25,0,4,nnknn,500,nnknn,500,"[256, 244]",0.0,0.0020565781742334366,0.009705914184451103
12101,4,68,15.688760757446289,-0.06528211385011673,-0.06274756789207458,15.754042625427246,,,,False,0.2534545660018921,0.6852322816848755,0.8471576571464539,0.8467333316802979,0.8475819826126099,7.923817975097336e-06,1.0,-2.724274158477783,2.9802322387695312e-08,10.118141174316406,nnknn_target_value_model,0,0,10,13,0,10,68,75,0,0,0,17.0,0,4,nnknn,497,nnknn,493,"[254, 243]",0.0,0.0021005538292229176,0.010205861181020737
12221,4,120,31.818496704101562,-0.0417698509991169,-0.04026047885417938,31.860265731811523,31.548322677612305,0.4299520254135132,12.432073593139648,True,0.15093712508678436,0.683538019657135,0.8459669947624207,0.8452133536338806,0.8467206954956055,8.209440238715615e-06,1.0,1.9436465501785278,0.0,14.390687942504883,nnknn_target_value_model,0,0,77,15,59,77,119,25,87,1,1,30.0,0,4,nnknn,500,nnknn,500,"[257, 243]",0.0,0.0021155907306820154,0.010438747704029083
12325,4,104,35.650550842285156,-0.0553770549595356,-0.05337657406926155,35.705928802490234,,,,False,0.20004814863204956,0.6841965913772583,0.8445482850074768,0.8438959717750549,0.8452006578445435,8.415070624323562e-06,1.0,1.938104510307312,-1.7193647394719846e-08,14.58511734008789,nnknn_target_value_model,0,0,56,13,43,56,104,21,83,0,0,26.0,0,4,nnknn,500,nnknn,500,"[259, 241]",0.0,0.0021633729338645935,0.010291469283401966
12446,4,121,72.1808090209961,-0.03683637082576752,-0.03500297665596008,72.21764373779297,,,,False,0.18333940207958221,0.6837459206581116,0.8431233167648315,0.8423633575439453,0.8438833355903625,8.609727956354618e-06,1.0,4.410627365112305,1.7733613688619698e-08,15.798225402832031,nnknn_target_value_model,0,0,79,10,69,79,121,14,107,0,0,30.25,0,4,nnknn,500,nnknn,500,"[257, 243]",0.0,0.0021405324805527925,0.010145662352442741
12540,4,94,17.16759490966797,-0.050893984735012054,-0.049700766801834106,17.218488693237305,17.06801986694336,0.7086712121963501,12.4346342086792,True,0.1193217933177948,0.6824161410331726,0.8417616486549377,0.8411726951599121,0.8423506617546082,8.445318599115126e-06,1.0,0.6316022872924805,1.9656850369642598e-08,13.029008865356445,nnknn_target_value_model,0,0,49,5,44,49,93,9,84,1,1,23.5,0,4,nnknn,500,nnknn,500,"[260, 240]",0.0,0.002134175505489111,0.010273527354001999
12644,4,104,21.12908172607422,-0.04533526673913002,-0.04397403448820114,21.17441749572754,,,,False,0.13612322509288788,0.68257075548172,0.8405076265335083,0.8398553133010864,0.841159999370575,8.406005690630991e-06,1.0,0.43166834115982056,1.1462431892539371e-08,13.120488166809082,nnknn_target_value_model,0,0,59,9,50,59,104,24,80,0,0,26.0,0,4,nnknn,500,nnknn,500,"[255, 245]",0.0,0.0021297631319612265,0.010287439450621605
12789,4,145,58.68255615234375,-0.043717097491025925,-0.04116836562752724,58.72627258300781,57.865936279296875,0.41293662786483765,12.9901762008667,True,0.25487324595451355,0.6845884919166565,0.8389306664466858,0.8380186557769775,0.839842677116394,8.320896085933782e-06,1.0,4.051199913024902,-1.7675860775057117e-08,17.03856658935547,nnknn_target_value_model,0,0,100,5,95,100,145,21,124,0,0,36.25,0,4,nnknn,500,nnknn,500,"[257, 243]",0.0,0.0021118479780852795,0.010787375271320343
12870,4,81,16.43694496154785,-0.061398714780807495,-0.05926932394504547,16.49834442138672,,,,False,0.2129392772912979,0.6835128664970398,0.8374993801116943,0.8369926810264587,0.8380060195922852,8.299501132569276e-06,1.0,-1.5309256315231323,2.7962672177750392e-08,12.027240753173828,nnknn_target_value_model,0,0,31,5,26,31,81,13,68,0,0,20.25,0,4,nnknn,500,nnknn,500,"[257, 243]",0.0,0.0020989456679672003,0.011287340894341469
12983,4,113,35.75416564941406,-0.044600434601306915,-0.04235087335109711,35.79876708984375,,,,False,0.22495600581169128,0.6835818886756897,0.8362706899642944,0.8355613350868225,0.8369799852371216,8.339800842804834e-06,1.0,1.651785135269165,-2.109898922242337e-09,15.333162307739258,nnknn_target_value_model,0,0,63,13,50,63,113,31,82,0,0,28.25,0,4,nnknn,500,nnknn,500,"[262, 238]",0.0,0.0020968294702470303,0.010787354782223701
13086,4,103,17.616044998168945,-0.047508604824543,-0.04492887482047081,17.66355323791504,17.722394943237305,0.7054428458213806,14.409871101379395,True,0.2579731345176697,0.6840835213661194,0.8349026441574097,0.834256649017334,0.8355486392974854,8.385831279156264e-06,1.0,-0.3718717396259308,3.587852503983413e-08,14.038582801818848,nnknn_target_value_model,0,0,40,10,30,40,103,9,94,0,0,25.75,0,4,nnknn,500,nnknn,500,"[259, 241]",0.0,0.002110354835167527,0.01089800801128149
13197,4,111,31.244548797607422,-0.04732566699385643,-0.04527926817536354,31.291873931884766,,,,False,0.20463979244232178,0.6828725337982178,0.8335472941398621,0.8328506946563721,0.8342440128326416,8.414048352278769e-06,1.0,0.9669279456138611,0.0,14.861824035644531,nnknn_target_value_model,0,0,51,12,39,51,111,22,89,0,0,27.75,0,4,nnknn,500,nnknn,500,"[259, 241]",0.0,0.0020944238640367985,0.01078733429312706
13386,4,189,50.86477279663086,-0.04032064601778984,-0.03838351368904114,50.905094146728516,50.66656494140625,0.5384437441825867,14.752459526062012,True,0.19371329247951508,0.6824160218238831,0.8316473364830017,0.8304566740989685,0.8328379988670349,8.289863217214588e-06,1.0,4.365493297576904,-3.0275376872168636e-08,19.06757164001465,nnknn_target_value_model,0,0,134,18,116,134,189,28,161,0,0,47.25,0,4,nnknn,500,nnknn,500,"[260, 240]",0.0,0.0020991170313209295,0.010898194275796413
13517,4,131,52.57793045043945,-0.04756464064121246,-0.045146454125642776,52.62549591064453,,,,False,0.24181848764419556,0.6830887794494629,0.8296206593513489,0.8287973403930664,0.8304439783096313,8.184135367628187e-06,1.0,3.11202073097229,3.457979502741182e-08,16.784420013427734,nnknn_target_value_model,0,0,80,14,66,80,131,18,113,0,0,32.75,0,4,nnknn,500,nnknn,500,"[261, 239]",0.0,0.0021383976563811302,0.01074640080332756
13696,4,179,50.488582611083984,-0.046540386974811554,-0.04431150108575821,50.53512191772461,,,,False,0.2228885143995285,0.6825270652770996,0.8276572823524475,0.8265299797058105,0.8287846446037292,8.493594577885233e-06,1.0,3.9882867336273193,9.323631644519992e-09,18.683015823364258,nnknn_target_value_model,0,0,131,19,112,131,179,40,139,0,0,44.75,0,4,nnknn,500,nnknn,500,"[260, 240]",0.0,0.002152545377612114,0.010571932420134544
13793,4,97,38.31972122192383,-0.045097362250089645,-0.04329392686486244,38.36481857299805,38.09749984741211,0.415305495262146,13.699204444885254,True,0.1803433746099472,0.6813560724258423,0.8259093165397644,0.8253013491630554,0.8265173435211182,8.563146366213914e-06,1.0,0.2989068627357483,-7.3737704830989514e-09,13.979169845581055,nnknn_target_value_model,0,0,40,10,30,40,97,26,71,0,0,24.25,0,4,nnknn,500,nnknn,500,"[262, 238]",0.0,0.002118104137480259,0.010071971453726292
13952,4,159,41.80683898925781,-0.052654702216386795,-0.050801925361156464,41.859493255615234,,,,False,0.18527759611606598,0.6812419295310974,0.8242879509925842,0.823287308216095,0.8252886533737183,8.234314918809105e-06,1.0,3.171780824661255,1.6494366761321544e-08,18.034271240234375,nnknn_target_value_model,0,0,104,9,95,104,159,40,119,0,0,39.75,0,4,nnknn,500,nnknn,500,"[263, 237]",0.0,0.002111663343384862,0.010246846824884415
14060,4,108,31.371633529663086,-0.04741354659199715,-0.04476778581738472,31.41904640197754,30.978437423706055,0.6052208542823792,14.281885147094727,True,0.26457616686820984,0.6826085448265076,0.8225970268249512,0.821919322013855,0.8232746720314026,8.123079169308767e-06,1.0,0.7709922790527344,-5.518948409388713e-09,15.067948341369629,nnknn_target_value_model,0,0,53,10,43,53,108,19,89,0,0,27.0,0,4,nnknn,500,nnknn,500,"[258, 242]",0.0,0.002135650720447302,0.010746665298938751
14165,4,105,43.23663330078125,-0.06130685284733772,-0.05904073268175125,43.29793930053711,,,,False,0.22661186754703522,0.6818299889564514,0.821247935295105,0.8205893039703369,0.8219066858291626,8.332120160048362e-06,1.0,1.5922484397888184,1.248859238245359e-08,15.565241813659668,nnknn_target_value_model,0,0,51,75,0,51,105,29,76,0,0,26.25,0,4,nnknn,476,nnknn,500,"[245, 231]",0.0,0.002244244795292616,0.011151256039738655
14239,4,74,11.798717498779297,-0.08184169977903366,-0.0807541087269783,11.880558967590332,,,,False,0.10875894129276276,0.6791126132011414,0.8201143145561218,0.8196520209312439,0.8205766677856445,8.739014447201043e-06,1.0,-1.9294512271881104,3.2218725465327225e-08,9.927059173583984,nnknn_target_value_model,0,0,20,0,0,20,74,24,50,0,0,18.5,0,4,nnknn,496,nnknn,500,"[256, 240]",-0.000499996414873749,0.0021675080060958862,0.011651158332824707
14313,4,74,23.079326629638672,-0.04354380443692207,-0.041752804070711136,23.12286949157715,22.772052764892578,0.623197078704834,13.48909854888916,True,0.1791001707315445,0.6803221702575684,0.819176971912384,0.8187146782875061,0.8196393251419067,8.569948477088474e-06,1.0,-2.3959264755249023,3.544059978821679e-08,11.061829566955566,nnknn_target_value_model,0,0,27,10,13,27,74,6,68,0,0,18.5,0,4,nnknn,500,nnknn,500,"[253, 247]",0.0,0.002148018218576908,0.011309998109936714
14407,4,94,17.083520889282227,-0.05657360702753067,-0.05414046719670296,17.140094757080078,,,,False,0.24331411719322205,0.6817659139633179,0.8181130290031433,0.8175240159034729,0.818701982498169,8.62985871208366e-06,1.0,0.27296262979507446,1.6486390919112637e-08,13.165005683898926,nnknn_target_value_model,0,0,45,50,0,45,94,25,69,0,0,23.5,0,4,nnknn,495,nnknn,500,"[254, 241]",0.0,0.0021791188046336174,0.011154255829751492
14518,4,111,19.868183135986328,-0.06368450820446014,-0.06157372519373894,19.931867599487305,19.92961883544922,0.6241549253463745,13.960563659667969,True,0.21107864379882812,0.6808624863624573,0.816814661026001,0.8161180019378662,0.8175113201141357,8.759695447224658e-06,1.0,0.07939967513084412,-5.101298494736284e-09,14.046645164489746,nnknn_target_value_model,0,0,57,75,0,57,111,15,96,0,0,27.75,0,4,nnknn,477,nnknn,500,"[241, 236]",0.0,0.0023073190823197365,0.01165423821657896
14711,4,193,81.51439666748047,-0.03800487518310547,-0.03562929108738899,81.55239868164062,,,,False,0.23755855858325958,0.6811932921409607,0.8148893117904663,0.8136733174324036,0.816105306148529,9.382213647768367e-06,1.0,5.973576068878174,-7.906108123734157e-08,19.84025764465332,nnknn_target_value_model,0,0,146,8,115,146,193,22,171,0,0,48.25,0,4,nnknn,500,nnknn,500,"[252, 248]",0.0,0.0021995308343321085,0.012154188007116318
14827,4,116,40.83426284790039,-0.04301021620631218,-0.040601734071969986,40.87727355957031,,,,False,0.24084807932376862,0.6810745000839233,0.8129323720932007,0.8122040033340454,0.8136606812477112,8.988070476334542e-06,1.0,1.7120479345321655,-1.8497992471111502e-08,15.806520462036133,nnknn_target_value_model,0,0,62,8,54,62,116,25,91,0,0,29.0,0,4,nnknn,500,nnknn,500,"[248, 252]",0.0,0.002220205496996641,0.012654172256588936
14971,4,144,44.67621612548828,-0.04464410990476608,-0.042693451046943665,44.72085952758789,44.607948303222656,0.47723573446273804,14.049530029296875,True,0.19506587088108063,0.679709255695343,0.8112856149673462,0.8103799819946289,0.8121913075447083,9.23032348509878e-06,1.0,2.8299150466918945,2.4835268064293814e-08,16.820791244506836,nnknn_target_value_model,0,0,91,20,71,91,144,37,107,0,0,36.0,0,4,nnknn,500,nnknn,500,"[242, 258]",0.0,0.0022357439156621695,0.013154149055480957
15049,4,78,19.446895599365234,-0.04545745998620987,-0.04430031776428223,19.492353439331055,,,,False,0.11571425944566727,0.677591860294342,0.809879720211029,0.809391975402832,0.8103673458099365,9.46529416978592e-06,1.0,-2.056763172149658,-4.2793079302327897e-08,11.174493789672852,nnknn_target_value_model,0,0,17,10,7,17,78,17,61,0,0,19.5,0,4,nnknn,500,nnknn,500,"[243, 257]",0.0,0.0022379320580512285,0.012981767766177654
15151,4,102,33.50021743774414,-0.05629337951540947,-0.054398152977228165,33.55651092529297,33.288333892822266,0.35335230827331543,13.652827262878418,True,0.18952250480651855,0.6791730523109436,0.8087396621704102,0.8080999851226807,0.8093793392181396,9.519934792479035e-06,1.0,-0.021041139960289,-1.8699497061902548e-08,13.588418006896973,nnknn_target_value_model,0,0,38,22,16,38,102,19,83,0,0,25.5,0,4,nnknn,500,nnknn,500,"[242, 258]",0.0,0.0022121670190244913,0.01248179655522108
15246,4,95,21.502588272094727,-0.06440239399671555,-0.06316051632165909,21.56698989868164,,,,False,0.12418761104345322,0.6774364113807678,0.8074920773506165,0.8068966865539551,0.8080873489379883,9.363076060253661e-06,1.0,-0.6294508576393127,5.019338722433986e-09,13.319144248962402,nnknn_target_value_model,0,0,39,11,28,39,95,17,78,0,0,23.75,0,4,nnknn,500,nnknn,500,"[238, 262]",0.0,0.002201311057433486,0.012981445528566837
15435,4,189,91.77861022949219,-0.05417947098612785,-0.051923442631959915,91.8327865600586,,,,False,0.22560277581214905,0.6797582507133484,0.8056932687759399,0.8045026659965515,0.8068839907646179,9.362965101900045e-06,1.0,5.985577583312988,4.6674536235968844e-08,19.834461212158203,nnknn_target_value_model,0,0,138,28,110,138,189,23,166,0,0,47.25,0,4,nnknn,500,nnknn,500,"[245, 255]",0.0,0.0021985250059515238,0.01348142884671688
15609,4,174,49.7811279296875,-0.058213673532009125,-0.055601317435503006,49.83934020996094,49.46318817138672,0.5544699430465698,15.916244506835938,True,0.2612358033657074,0.6801737546920776,0.8033943772315979,0.8022986650466919,0.8044899702072144,9.417921319254674e-06,1.0,3.584904432296753,-1.3702217138700234e-08,19.436580657958984,nnknn_target_value_model,0,0,120,19,101,120,174,27,147,0,0,43.5,0,4,nnknn,500,nnknn,500,"[246, 254]",0.0,0.0022293587680906057,0.013981250114738941
15778,4,169,71.77098083496094,-0.039374154061079025,-0.03726406395435333,71.81035614013672,,,,False,0.21100887656211853,0.6788797378540039,0.8012219667434692,0.8001580238342285,0.8022860288619995,9.593079084879719e-06,1.0,4.232314109802246,-5.3256222543041076e-08,20.99236297607422,nnknn_target_value_model,0,0,110,24,86,110,169,26,143,0,0,42.25,0,4,nnknn,500,nnknn,500,"[243, 257]",0.0,0.002216569846495986,0.014481140300631523
15887,4,109,29.183229446411133,-0.04740917682647705,-0.04569438099861145,29.23063850402832,29.188735961914062,0.5114910006523132,14.324469566345215,True,0.1714797019958496,0.6772269010543823,0.799461305141449,0.7987773418426514,0.8001453280448914,9.522545951767825e-06,1.0,0.2558257281780243,6.561979404295926e-09,14.57182502746582,nnknn_target_value_model,0,0,58,8,50,58,109,15,94,0,0,27.25,0,4,nnknn,500,nnknn,500,"[247, 253]",0.0,0.0022327881306409836,0.01498104352504015
15969,4,82,24.976322174072266,-0.07361485809087753,-0.07134454697370529,25.049936294555664,,,,False,0.22703145444393158,0.6786416172981262,0.7982516288757324,0.7977386713027954,0.7987646460533142,9.62192007136764e-06,1.0,-0.6290579438209534,-1.1630174157062356e-08,12.838142395019531,nnknn_target_value_model,0,0,36,12,24,36,82,24,58,0,0,20.5,0,4,nnknn,500,nnknn,500,"[245, 255]",0.0,0.0022599436342716217,0.01548101007938385
16160,4,191,67.66177368164062,-0.0598597452044487,-0.058053866028785706,67.72163391113281,,,,False,0.1805877834558487,0.6770641803741455,0.7965226769447327,0.7953193187713623,0.7977259755134583,9.9902263173135e-06,1.0,5.546204090118408,7.489588504938638e-09,19.77470588684082,nnknn_target_value_model,0,0,149,23,126,149,191,38,153,0,0,47.75,0,4,nnknn,500,nnknn,500,"[253, 247]",0.0,0.002272888785228133,0.01598036289215088
16290,4,130,26.867467880249023,-0.059911228716373444,-0.05775531753897667,26.927379608154297,26.74070930480957,0.6546943187713623,15.763404846191406,True,0.21559101343154907,0.6778477430343628,0.7944896221160889,0.7936726808547974,0.7953066825866699,1.0099118298967369e-05,1.0,1.072121262550354,0.0,16.652923583984375,nnknn_target_value_model,0,0,75,15,60,75,130,33,97,0,0,32.5,0,4,nnknn,500,nnknn,500,"[256, 244]",0.0,0.002263721777126193,0.01548049971461296
16567,4,277,109.42446899414062,-0.0343891903758049,-0.03240887448191643,109.45885467529297,,,,False,0.19803167879581451,0.6769150495529175,0.7919119596481323,0.7901639938354492,0.7936599850654602,9.998815585277043e-06,1.0,7.879612922668457,-3.383693325531567e-08,21.86087989807129,nnknn_target_value_model,0,0,233,28,205,233,277,46,231,0,0,69.25,0,4,nnknn,500,nnknn,500,"[257, 243]",0.0,0.0022968074772506952,0.01498351525515318
16829,4,262,97.58106994628906,-0.03818408399820328,-0.035471104085445404,97.61925506591797,96.90907287597656,0.42156869173049927,16.05742073059082,True,0.27129796147346497,0.6786315441131592,0.7884983420372009,0.786845326423645,0.7901513576507568,1.0183010090258904e-05,1.0,6.960842132568359,7.780453614714133e-08,22.9991455078125,nnknn_target_value_model,0,0,202,25,177,202,262,35,227,0,0,65.5,0,4,nnknn,500,nnknn,500,"[259, 241]",0.0,0.0023291069082915783,0.015483397990465164
17056,4,227,102.39396667480469,-0.05223090946674347,-0.04969387501478195,102.44619750976562,,,,False,0.2537035644054413,0.6776827573776245,0.7854014039039612,0.7839699983596802,0.7868326902389526,1.045667795551708e-05,1.0,6.344570636749268,1.0503020675400876e-09,24.211557388305664,nnknn_target_value_model,0,0,170,21,149,170,225,23,202,1,2,56.75,0,4,nnknn,500,nnknn,500,"[262, 238]",0.0,0.0023544819559901953,0.014983645640313625
17264,4,208,66.9481430053711,-0.05060941353440285,-0.04875767230987549,66.99874877929688,,,,False,0.18517430126667023,0.674919068813324,0.7826464176177979,0.7813353538513184,0.7839573621749878,1.0590644706098828e-05,1.0,4.721933364868164,-5.7312156798161595e-08,21.631784439086914,nnknn_target_value_model,0,0,153,25,128,153,208,32,176,0,0,52.0,0,4,nnknn,500,nnknn,500,"[262, 238]",0.0,0.0023178549017757177,0.0144838010892272
17371,4,107,27.960994720458984,-0.07127068936824799,-0.06928922235965729,28.032264709472656,27.975605010986328,0.656548798084259,16.172016143798828,True,0.1981470137834549,0.675098180770874,0.780651330947876,0.7799800038337708,0.7813226580619812,1.027451526169898e-05,1.0,-0.6952423453330994,-2.2282109490845414e-09,15.424838066101074,nnknn_target_value_model,0,0,45,20,25,45,107,25,82,0,0,26.75,0,4,nnknn,500,nnknn,500,"[257, 243]",0.0,0.0023504632990807295,0.013984126038849354
17504,4,133,42.522579193115234,-0.05054979771375656,-0.04855676740407944,42.57312774658203,,,,False,0.19930295646190643,0.6747755408287048,0.779131293296814,0.7782953381538391,0.7799673080444336,1.0429148460389115e-05,1.0,1.3190027475357056,1.7029899268550253e-08,17.316181182861328,nnknn_target_value_model,0,0,68,19,49,68,132,22,110,1,1,33.25,0,4,nnknn,500,nnknn,500,"[254, 246]",0.0,0.0023260030429810286,0.014484108425676823
17608,4,104,28.77554702758789,-0.07886504381895065,-0.07685182988643646,28.854412078857422,28.51601791381836,0.6553124785423279,16.462791442871094,True,0.20132146775722504,0.6744572520256042,0.7776303887367249,0.7769780158996582,0.778282642364502,1.0280087735736743e-05,1.0,-1.33975350856781,9.16994569166718e-09,15.067545890808105,nnknn_target_value_model,0,0,37,20,17,37,104,17,87,0,0,26.0,0,4,nnknn,500,nnknn,500,"[255, 245]",0.0,0.0023469594307243824,0.014984102919697762
17734,4,126,39.400550842285156,-0.06714597344398499,-0.0649547278881073,39.46769714355469,,,,False,0.2191247195005417,0.6749876141548157,0.7761736512184143,0.7753819823265076,0.776965320110321,1.0488747648196295e-05,1.0,0.8904731869697571,-2.838316470743507e-09,17.39299201965332,nnknn_target_value_model,0,0,58,16,42,58,125,24,101,1,1,31.5,0,4,nnknn,500,nnknn,500,"[251, 249]",0.0,0.0023832174483686686,0.015484074130654335
17887,4,153,66.22537231445312,-0.05559750273823738,-0.053296495229005814,66.28096771240234,,,,False,0.23010069131851196,0.6751362085342407,0.7744066119194031,0.7734439969062805,0.7753693461418152,1.063057698047487e-05,1.0,4.247875213623047,7.557713388450793e-08,19.56308937072754,nnknn_target_value_model,0,0,102,19,83,102,153,31,122,0,0,38.25,0,4,nnknn,500,nnknn,500,"[243, 257]",0.0,0.002399065066128969,0.014984547160565853
18119,4,232,75.50927734375,-0.05493038147687912,-0.0524781160056591,75.564208984375,75.03424835205078,0.547065258026123,16.63968276977539,True,0.2452263981103897,0.6751354932785034,0.771968424320221,0.7705053091049194,0.7734313607215881,1.0578050932963379e-05,1.0,5.83809757232666,-1.0379429227214132e-07,22.357749938964844,nnknn_target_value_model,0,0,181,15,166,181,228,39,189,2,4,58.0,0,4,nnknn,500,nnknn,500,"[244, 256]",0.0,0.002433629473671317,0.015484427101910114
18391,4,272,98.40445709228516,-0.05817817151546478,-0.055464696139097214,98.46263885498047,,,,False,0.27134767174720764,0.6758055090904236,0.7687762975692749,0.7670599818229675,0.770492672920227,1.0790704436658416e-05,1.0,7.065773010253906,-4.295040412216622e-08,24.147254943847656,nnknn_target_value_model,0,0,215,21,194,215,272,23,249,0,0,68.0,0,4,nnknn,500,nnknn,500,"[239, 261]",0.0,0.002439585281535983,0.014984456822276115
18481,4,90,26.187053680419922,-0.07958245277404785,-0.07870864868164062,26.26663589477539,26.215057373046875,0.5821250677108765,14.954389572143555,True,0.08738058805465698,0.6685349941253662,0.7664836645126343,0.7659199833869934,0.7670473456382751,1.0808967999764718e-05,1.0,-1.8223165273666382,-2.6490953874969136e-09,13.055709838867188,nnknn_target_value_model,0,0,32,2,30,32,90,5,85,0,0,22.5,0,4,nnknn,500,nnknn,500,"[242, 258]",0.0,0.0024297796189785004,0.015484385192394257
18573,4,92,22.097965240478516,-0.07180804759263992,-0.07037388533353806,22.16977310180664,,,,False,0.1434163600206375,0.6705071330070496,0.7653310298919678,0.7647546529769897,0.765907347202301,1.0803045370266773e-05,1.0,-1.5905201435089111,1.684479045138687e-08,13.30479907989502,nnknn_target_value_model,0,0,31,4,27,31,92,32,60,0,0,23.0,0,4,nnknn,500,nnknn,500,"[244, 256]",0.0,0.002416161121800542,0.014984402805566788
18742,4,169,56.653316497802734,-0.0689539760351181,-0.06719306856393814,56.72227096557617,,,,False,0.17609049379825592,0.6715018153190613,0.7636780142784119,0.7626140117645264,0.7647420167922974,1.0737096090451814e-05,1.0,3.596165657043457,4.8671250141296696e-08,19.372859954833984,nnknn_target_value_model,0,0,115,14,101,115,169,36,133,0,0,42.25,0,4,nnknn,500,nnknn,500,"[245, 255]",0.0,0.002464115619659424,0.014484451152384281
18936,4,194,81.52372741699219,-0.05627724155783653,-0.053913917392492294,81.58000183105469,81.02301788330078,0.28166335821151733,14.743959426879883,True,0.236332505941391,0.6733105182647705,0.7613789439201355,0.7601566910743713,0.7626013159751892,1.0947513146675192e-05,1.0,5.400870323181152,-5.253811607985881e-08,19.97885513305664,nnknn_target_value_model,0,0,137,9,128,137,194,26,168,0,0,48.5,0,4,nnknn,500,nnknn,500,"[249, 251]",0.0,0.00246619526296854,0.013984574005007744
19144,4,208,107.65716552734375,-0.05454482138156891,-0.0523507259786129,107.71170806884766,,,,False,0.21940959990024567,0.6721993684768677,0.7588329315185547,0.7575219869613647,0.7601439952850342,1.094323943107156e-05,1.0,6.230076789855957,3.037544260564573e-08,21.806962966918945,nnknn_target_value_model,0,0,153,12,141,153,204,11,193,3,4,52.0,0,4,nnknn,500,nnknn,500,"[249, 251]",0.0,0.0024347123689949512,0.01348468754440546
19254,4,110,41.24733352661133,-0.08358025550842285,-0.08197963982820511,41.33091354370117,40.709228515625,0.537521481513977,15.705552101135254,True,0.16006161272525787,0.6696290373802185,0.7568190097808838,0.7561286687850952,0.7575093507766724,1.0847265002666973e-05,1.0,0.7072474956512451,-9.75348690701594e-09,16.352218627929688,nnknn_target_value_model,0,0,62,1,61,62,110,15,95,0,0,27.5,0,4,nnknn,500,nnknn,500,"[249, 251]",0.0,0.0024442526046186686,0.01398466993123293
19421,4,167,56.687198638916016,-0.06060251593589783,-0.0586886890232563,56.747802734375,,,,False,0.19138260185718536,0.6704358458518982,0.7550646662712097,0.7540133595466614,0.7561159729957581,1.1075459951825906e-05,1.0,3.350560426712036,-2.7125466317556857e-08,18.703353881835938,nnknn_target_value_model,0,0,116,12,104,116,165,23,142,2,2,41.75,0,4,nnknn,500,nnknn,500,"[249, 251]",0.0,0.002420129720121622,0.014484593644738197
19616,4,195,73.8299560546875,-0.04533372074365616,-0.04259844869375229,73.87528991699219,,,,False,0.2735271453857422,0.6736425757408142,0.7527720332145691,0.7515433430671692,0.7540006637573242,1.091864123736741e-05,1.0,5.0973076820373535,3.056648489874192e-09,20.316415786743164,nnknn_target_value_model,0,0,142,11,131,142,195,14,181,0,0,48.75,0,4,nnknn,500,nnknn,500,"[248, 252]",0.0,0.0023914985358715057,0.014301172457635403
19842,4,226,67.59739685058594,-0.0531109943985939,-0.05114426091313362,67.65050506591797,67.14276123046875,0.48880434036254883,17.670900344848633,True,0.19667348265647888,0.6697361469268799,0.7501056790351868,0.7486806511878967,0.751530647277832,1.0821722753462382e-05,1.0,4.913707256317139,-4.325292835005712e-08,22.393814086914062,nnknn_target_value_model,0,0,160,4,156,160,226,23,203,0,0,56.5,0,4,nnknn,500,nnknn,500,"[243, 257]",0.0,0.0023705787025392056,0.01480111014097929
20071,4,229,67.38945770263672,-0.05295926705002785,-0.05112135037779808,67.44241333007812,,,,False,0.1837916374206543,0.6686150431632996,0.7472240328788757,0.7457799911499023,0.7486680150032043,1.0846712029888295e-05,1.0,4.872997283935547,-2.1343147693642095e-08,22.35487937927246,nnknn_target_value_model,0,0,177,7,170,177,229,10,219,0,0,57.25,0,4,nnknn,500,nnknn,500,"[248, 252]",0.0,0.0023630408104509115,0.015301063656806946
20272,4,201,73.82139587402344,-0.06772185862064362,-0.06555914878845215,73.88911437988281,73.80878448486328,0.3652675151824951,17.593399047851562,True,0.21627061069011688,0.6695321798324585,0.7445006966590881,0.7432339787483215,0.74576735496521,1.0964460670948029e-05,1.0,4.161618232727051,-3.202637799404329e-08,21.644941329956055,nnknn_target_value_model,0,0,137,13,124,137,200,27,173,1,1,50.25,0,4,nnknn,500,nnknn,500,"[252, 248]",0.0,0.002365370048210025,0.01580101065337658
20548,4,276,85.60501098632812,-0.06580498069524765,-0.06389673799276352,85.67081451416016,,,,False,0.19082462787628174,0.6678940653800964,0.7414796948432922,0.7397379875183105,0.7432213425636292,1.123662332247477e-05,1.0,6.610847473144531,-3.4553416128346726e-08,25.58380126953125,nnknn_target_value_model,0,0,222,5,217,222,274,24,250,2,2,69.0,0,4,nnknn,500,nnknn,500,"[248, 252]",0.0,0.0023763179779052734,0.015465915203094482
20736,4,188,62.59733963012695,-0.06350288540124893,-0.061440691351890564,62.66084289550781,,,,False,0.2062191516160965,0.6679532527923584,0.7385409474372864,0.7373566627502441,0.7397253513336182,1.1420281225582585e-05,1.0,3.1122751235961914,-2.7900046717377336e-08,22.39126205444336,nnknn_target_value_model,0,0,122,12,110,122,186,24,162,1,2,47.0,0,4,nnknn,500,nnknn,500,"[248, 252]",0.0,0.002346690511330962,0.01596584916114807
20903,4,167,71.14283752441406,-0.05496612563729286,-0.05345459282398224,71.19780731201172,71.14440155029297,0.33838915824890137,18.625295639038086,True,0.15115317702293396,0.6650190353393555,0.7362926006317139,0.7352413535118103,0.7373440265655518,1.1402364179957658e-05,1.0,2.763953924179077,-8.565937292814851e-09,21.214630126953125,nnknn_target_value_model,0,0,105,9,96,105,167,14,153,0,0,41.75,0,4,nnknn,500,nnknn,500,"[247, 253]",0.0,0.002339864382520318,0.01646571047604084
21102,4,199,65.94815063476562,-0.08294709026813507,-0.0808277353644371,66.03109741210938,,,,False,0.21193519234657288,0.667336106300354,0.7339745759963989,0.732720673084259,0.7352286577224731,1.1383992386981845e-05,1.0,4.47265100479126,2.995208348011147e-08,21.04722023010254,nnknn_target_value_model,0,0,141,10,131,141,197,33,164,2,2,49.75,0,4,nnknn,500,nnknn,500,"[246, 254]",0.0,0.002371176378801465,0.01696569100022316
21405,4,303,94.10517883300781,-0.04150433838367462,-0.03924974799156189,94.14668273925781,92.86302947998047,0.4498295783996582,20.31757926940918,True,0.22545915842056274,0.6674697995185852,0.7307953238487244,0.7288826704025269,0.7327079772949219,1.16448245535139e-05,1.0,6.510474681854248,-5.6653920665894475e-08,26.518301010131836,nnknn_target_value_model,0,0,230,12,218,230,302,20,282,1,1,75.75,0,4,nnknn,500,nnknn,500,"[246, 254]",0.0,0.002370530739426613,0.01746566966176033
21609,4,204,88.82624816894531,-0.0534062497317791,-0.0519036203622818,88.87965393066406,,,,False,0.15026310086250305,0.6629086136817932,0.7275843024253845,0.7262986898422241,0.7288699746131897,1.1889647794305347e-05,1.0,5.157553672790527,7.421362369086637e-08,24.08217430114746,nnknn_target_value_model,0,0,148,17,131,148,204,28,176,0,0,51.0,0,4,nnknn,500,nnknn,500,"[240, 260]",0.0,0.0023440339136868715,0.016965746879577637
21748,4,139,43.32915496826172,-0.0790180191397667,-0.0774056687951088,43.408172607421875,,,,False,0.1612347513437271,0.6630849242210388,0.7254120111465454,0.7245380282402039,0.726285994052887,1.1746723430405837e-05,1.0,0.9083766341209412,-6.003345376370817e-09,19.364574432373047,nnknn_target_value_model,0,0,78,9,69,78,139,13,126,0,0,34.75,0,4,nnknn,500,nnknn,500,"[243, 257]",0.0,0.002326496411114931,0.016465773805975914
21864,4,116,70.10685729980469,-0.07945535331964493,-0.07856519520282745,70.18630981445312,69.6552505493164,0.43336647748947144,18.070043563842773,True,0.08901608735322952,0.6591565608978271,0.7237970232963562,0.7230686545372009,0.7245253324508667,1.1529695257195272e-05,1.0,1.1479289531707764,-3.0829989672298552e-09,18.93603515625,nnknn_target_value_model,0,0,59,9,50,59,116,24,92,0,0,29.0,0,4,nnknn,500,nnknn,500,"[240, 260]",0.0,0.0023094445932656527,0.01626722700893879
22097,4,233,86.95098114013672,-0.0493929348886013,-0.04730812832713127,87.00037384033203,,,,False,0.20848053693771362,0.6646707653999329,0.7215866446495056,0.7201173305511475,0.7230560183525085,1.1381202057236806e-05,1.0,5.395648002624512,-1.227906842871107e-08,23.210962295532227,nnknn_target_value_model,0,0,170,21,149,170,233,35,198,0,0,58.25,0,4,nnknn,500,nnknn,500,"[243, 257]",0.0,0.0023223848547786474,0.016767192631959915
22374,4,277,107.85419464111328,-0.06897584348917007,-0.0665368065237999,107.92317199707031,107.53677368164062,0.28514552116394043,19.541229248046875,True,0.24390365183353424,0.665595531463623,0.7183566689491272,0.7166086435317993,0.7201046943664551,1.1471764992165845e-05,1.0,6.600711822509766,1.8935772061468015e-08,25.96402359008789,nnknn_target_value_model,0,0,210,18,192,210,277,29,248,0,0,69.25,0,4,nnknn,500,nnknn,500,"[244, 256]",0.0,0.0023419586941599846,0.01626729406416416
22508,4,134,53.79837417602539,-0.09109986573457718,-0.08943294733762741,53.88947296142578,,,,False,0.16669195890426636,0.6609712839126587,0.7157536149024963,0.7149113416671753,0.7165960073471069,1.1573805750231259e-05,1.0,0.922502875328064,8.006594498510822e-09,16.825214385986328,nnknn_target_value_model,0,0,77,18,59,77,134,22,112,0,0,33.5,0,4,nnknn,500,nnknn,500,"[239, 261]",0.0,0.002321964828297496,0.016767263412475586
22791,4,283,80.29973602294922,-0.060827095061540604,-0.05854691565036774,80.36056518554688,,,,False,0.22801780700683594,0.6638618111610413,0.7131126523017883,0.7113266587257385,0.7148986458778381,1.1561770406842697e-05,1.0,5.665045261383057,3.1592566784865994e-08,25.400901794433594,nnknn_target_value_model,0,0,220,14,206,220,281,16,265,2,2,70.75,0,4,nnknn,500,nnknn,500,"[243, 257]",0.0,0.0023646370973438025,0.016267286613583565
22917,4,126,65.77754974365234,-0.0898502841591835,-0.08850563317537308,65.86740112304688,65.75804138183594,0.40529435873031616,19.563432693481445,True,0.134464830160141,0.6580759882926941,0.7105222940444946,0.7097306847572327,0.7113140225410461,1.179652099381201e-05,1.0,0.21060630679130554,1.8922110545105397e-09,19.617427825927734,nnknn_target_value_model,0,0,67,7,60,67,126,30,96,0,0,31.5,0,4,nnknn,500,nnknn,500,"[241, 259]",0.0,0.0023539443500339985,0.016767282038927078
23157,4,240,63.44136047363281,-0.0655442625284195,-0.06364040821790695,63.50690460205078,,,,False,0.19038565456867218,0.6607701778411865,0.7082043290138245,0.7066906690597534,0.7097179889678955,1.173267446574755e-05,1.0,4.046669960021973,-4.470348358154297e-08,24.067272186279297,nnknn_target_value_model,0,0,165,15,150,165,237,34,203,3,3,60.0,0,4,nnknn,500,nnknn,500,"[246, 254]",0.0,0.0023790369741618633,0.016267482191324234
23318,4,161,75.29219055175781,-0.0867343470454216,-0.0850457102060318,75.37892150878906,74.69243621826172,0.4512906074523926,18.230934143066406,True,0.168863445520401,0.6588622331619263,0.7056646347045898,0.7046513557434082,0.7066779732704163,1.1875644304382149e-05,1.0,3.488680124282837,9.62559454364964e-09,21.43208122253418,nnknn_target_value_model,0,0,104,18,86,104,161,5,156,0,0,40.25,0,4,nnknn,500,nnknn,500,"[246, 254]",0.0,0.0023626722395420074,0.01607038453221321
23582,4,264,116.53211975097656,-0.05607810989022255,-0.053025562316179276,116.58819580078125,,,,False,0.30525490641593933,0.6666532158851624,0.7029730081558228,0.7013073563575745,0.704638659954071,1.1654272384475917e-05,1.0,6.4471049308776855,-1.8965113923741228e-08,24.63085174560547,nnknn_target_value_model,0,0,197,18,179,197,260,29,231,2,4,66.0,0,4,nnknn,500,nnknn,500,"[247, 253]",0.0,0.0023742676712572575,0.01557071227580309
23900,4,318,86.08125305175781,-0.060144249349832535,-0.057840678840875626,86.14139556884766,,,,False,0.23035705089569092,0.6610164642333984,0.6992869973182678,0.6972793340682983,0.7012946605682373,1.1450239981058985e-05,1.0,6.281358242034912,-5.99795200173503e-08,26.531492233276367,nnknn_target_value_model,0,0,256,24,232,256,316,31,285,2,2,79.5,0,4,nnknn,500,nnknn,500,"[240, 260]",0.0,0.002361161168664694,0.016070691868662834
24164,4,264,118.2376708984375,-0.06811145693063736,-0.06551992148160934,118.3057861328125,117.43678283691406,0.14273089170455933,20.81416893005371,True,0.2591533064842224,0.662149965763092,0.6956010460853577,0.6939353346824646,0.6972666382789612,1.1581459148146678e-05,1.0,6.012585163116455,-5.418604231977042e-09,26.610986709594727,nnknn_target_value_model,0,0,199,9,190,199,264,21,243,0,0,66.0,0,4,nnknn,500,nnknn,500,"[245, 255]",0.0,0.002365188207477331,0.01557093020528555
24327,4,163,102.70225524902344,-0.08462558686733246,-0.08230091631412506,102.78688049316406,,,,False,0.2324669510126114,0.6600751876831055,0.6928966641426086,0.6918706893920898,0.6939226388931274,1.1578498742892407e-05,1.0,3.887585163116455,-3.1813520706691634e-08,23.735300064086914,nnknn_target_value_model,0,0,102,11,91,102,163,27,136,0,0,40.75,0,4,nnknn,500,nnknn,500,"[247, 253]",0.0,0.0023585243616253138,0.016070906072854996
24506,4,179,63.53142166137695,-0.07367758452892303,-0.07168717682361603,63.605098724365234,63.18095779418945,0.5074223279953003,21.834264755249023,True,0.19904109835624695,0.6572637557983398,0.690730631351471,0.689603328704834,0.6918579936027527,1.1675801943056285e-05,1.0,1.5907676219940186,-2.3975053053959527e-08,23.151264190673828,nnknn_target_value_model,0,0,101,11,90,101,177,23,154,2,2,44.75,0,4,nnknn,500,nnknn,500,"[251, 249]",0.0,0.0023533611092716455,0.015571004711091518
24689,4,183,79.07659912109375,-0.06619799882173538,-0.06377120316028595,79.1427993774414,,,,False,0.2426794022321701,0.6594637036323547,0.6884379386901855,0.687285304069519,0.6895906925201416,1.1785686183429789e-05,1.0,2.689997434616089,-1.8239672883169078e-08,22.247297286987305,nnknn_target_value_model,0,0,112,25,87,112,177,200,0,3,6,45.75,0,4,nnknn,500,nnknn,477,"[242, 258]",0.0,0.0023750991094857454,0.01607099547982216
24832,4,143,56.65359115600586,-0.10075543820858002,-0.09918072074651718,56.75434494018555,,,,False,0.15747196972370148,0.6535354852676392,0.6863733530044556,0.6854739785194397,0.6872726678848267,1.1849668226204813e-05,1.0,0.10159949958324432,-1.6672627722869038e-09,19.740880966186523,nnknn_target_value_model,0,0,71,9,62,71,143,14,106,0,0,35.75,0,4,nnknn,500,nnknn,500,"[239, 261]",0.0,0.002357630291953683,0.015668557956814766
24951,4,119,54.57147979736328,-0.08026380836963654,-0.07869767397642136,54.6517448425293,54.54724884033203,0.5133551359176636,19.484560012817383,True,0.15661315619945526,0.6531168222427368,0.6847140789031982,0.6839666962623596,0.6854613423347473,1.1757516404031776e-05,1.0,-0.6729145050048828,1.0017587648292192e-08,18.47943878173828,nnknn_target_value_model,0,0,55,12,43,55,117,13,104,2,2,29.75,0,4,nnknn,500,nnknn,500,"[243, 257]",0.0,0.002353994408622384,0.015475920401513577
25088,4,137,44.426490783691406,-0.07347530871629715,-0.07155045121908188,44.49996566772461,,,,False,0.19248563051223755,0.6554033160209656,0.6830926537513733,0.6822313070297241,0.6839540004730225,1.1581319995457307e-05,1.0,-0.10944294929504395,-3.480563171009976e-09,19.184354782104492,nnknn_target_value_model,0,0,62,15,47,62,137,144,0,0,0,34.25,0,4,nnknn,500,nnknn,493,"[243, 257]",0.0,0.0023433261085301638,0.015571221709251404
25364,4,276,109.95625305175781,-0.08466746658086777,-0.08321718126535416,110.04092407226562,109.12934875488281,0.35350513458251953,19.530818939208984,True,0.14502876996994019,0.6512994170188904,0.6804770231246948,0.6787353157997131,0.6822186708450317,1.1615807125053834e-05,1.0,6.894033908843994,-4.01683486472848e-08,26.000354766845703,nnknn_target_value_model,0,0,214,10,204,214,276,10,234,0,0,69.0,0,4,nnknn,500,nnknn,500,"[243, 257]",0.0,0.002334218705072999,0.016071079298853874
25532,4,168,54.29471969604492,-0.08544240891933441,-0.08336188644170761,54.38016128540039,,,,False,0.20805197954177856,0.654860258102417,0.6776650547981262,0.6766073107719421,0.6787226796150208,1.1570895367185585e-05,1.0,1.7039694786071777,1.419158213167293e-08,21.74021339416504,nnknn_target_value_model,0,0,96,11,85,96,166,15,151,2,2,42.0,0,4,nnknn,500,nnknn,500,"[248, 252]",0.0,0.0023371106944978237,0.015594945289194584
25787,4,255,76.13792419433594,-0.07019960880279541,-0.06846463680267334,76.20812225341797,,,,False,0.1734972596168518,0.6518596410751343,0.674985945224762,0.6733773350715637,0.6765946745872498,1.1490279575809836e-05,1.0,4.442085266113281,-8.601768541893762e-08,26.34364128112793,nnknn_target_value_model,0,0,176,7,169,176,247,27,220,5,8,63.75,0,4,nnknn,500,nnknn,500,"[252, 248]",0.0,0.002314165001735091,0.016071079298853874
26019,4,232,101.79085540771484,-0.0606977604329586,-0.05865179002285004,101.85155487060547,101.5301742553711,0.41955286264419556,23.44000244140625,True,0.20459695160388947,0.6530727744102478,0.6719016432762146,0.6704386472702026,0.6733646392822266,1.1414829714340158e-05,1.0,4.607080936431885,-7.193663886795321e-09,27.63979148864746,nnknn_target_value_model,0,0,152,10,142,152,231,26,205,1,1,58.0,0,4,nnknn,500,nnknn,500,"[250, 250]",0.0,0.002277249237522483,0.016571052372455597
26369,4,350,83.61740112304688,-0.06329422444105148,-0.06130782142281532,83.68069458007812,,,,False,0.19864009320735931,0.6517522931098938,0.6682156920433044,0.6660053133964539,0.6704260110855103,1.114147380576469e-05,1.0,6.894659042358398,-1.3623918659888545e-09,25.791046142578125,nnknn_target_value_model,0,0,286,17,269,286,350,22,328,0,0,87.5,0,4,nnknn,500,nnknn,500,"[254, 246]",0.0,0.0022626714780926704,0.01607131026685238
26636,4,267,91.53497314453125,-0.056461967527866364,-0.05491076782345772,91.59143829345703,90.49195098876953,0.22792071104049683,22.37217140197754,True,0.1551199108362198,0.6473726034164429,0.6643080711364746,0.6626233458518982,0.6659926772117615,1.0973974895023275e-05,1.0,4.278099060058594,8.92953444520117e-09,26.26742935180664,nnknn_target_value_model,0,0,194,12,182,194,267,25,242,0,0,66.75,0,4,nnknn,500,nnknn,500,"[251, 249]",0.0,0.0022613864857703447,0.016571173444390297
26734,4,98,51.93148422241211,-0.12580551207065582,-0.12437734752893448,52.057289123535156,,,,False,0.14281679689884186,0.6458728909492493,0.6619963645935059,0.6613820195198059,0.662610650062561,1.1176951375091448e-05,1.0,-3.8187384605407715,1.9462740752373975e-08,16.02945899963379,nnknn_target_value_model,0,0,23,2,21,23,92,5,87,5,6,24.5,0,4,nnknn,500,nnknn,500,"[251, 249]",0.0,0.002263217233121395,0.01707116700708866
27053,4,319,90.6978988647461,-0.05189204961061478,-0.04876409471035004,90.74979400634766,,,,False,0.3127953112125397,0.6580411195755005,0.6593553423881531,0.6573413610458374,0.6613693237304688,1.1377795090083964e-05,1.0,5.488183498382568,-3.101683532236166e-08,28.10736083984375,nnknn_target_value_model,0,0,246,32,214,246,316,32,284,2,3,79.75,0,4,nnknn,500,nnknn,500,"[249, 251]",0.0,0.0022643276024609804,0.01757114753127098
27437,4,384,90.66412353515625,-0.05084846541285515,-0.0480441190302372,90.71497344970703,90.00601959228516,0.5388611555099487,22.48527717590332,True,0.2804346978664398,0.6547708511352539,0.654902994632721,0.6524773240089417,0.6573286652565002,1.1432451174187008e-05,1.0,6.929886341094971,-9.064873296438236e-08,29.067228317260742,nnknn_target_value_model,0,0,321,30,291,321,383,400,0,1,1,96.0,0,4,nnknn,500,nnknn,483,"[250, 250]",0.0,0.0023119936231523752,0.01807083748281002
27759,4,322,111.55924224853516,-0.062630794942379,-0.05978360399603844,111.62187194824219,,,,False,0.2847188711166382,0.6547319889068604,0.6504316329956055,0.6483986377716064,0.6524646878242493,1.1798150808317587e-05,1.0,5.995689868927002,1.1476671168964003e-08,27.189617156982422,nnknn_target_value_model,0,0,249,20,229,249,322,23,282,0,0,80.5,0,4,nnknn,500,nnknn,500,"[245, 255]",0.0,0.0023279094602912664,0.01857082173228264
27902,4,143,57.64582824707031,-0.08577519655227661,-0.08391892164945602,57.73160171508789,57.247867584228516,0.5762737989425659,22.351015090942383,True,0.18562714755535126,0.6452456116676331,0.6474866271018982,0.6465873122215271,0.6483860015869141,1.1920571523660328e-05,1.0,-0.8229727745056152,4.1681569307172595e-09,21.019207000732422,nnknn_target_value_model,0,0,63,10,53,63,142,7,135,2,1,35.75,0,4,nnknn,500,nnknn,500,"[243, 257]",0.0,0.002309678588062525,0.018070843070745468
28076,4,174,63.864078521728516,-0.07877936959266663,-0.07681173831224442,63.9428596496582,,,,False,0.19676323235034943,0.6456059217453003,0.6454789638519287,0.6443833112716675,0.6465746760368347,1.1820632607850712e-05,1.0,1.683801531791687,-1.2331995868919421e-08,22.941844940185547,nnknn_target_value_model,0,0,106,15,91,106,172,26,146,2,2,43.5,0,4,nnknn,500,nnknn,500,"[241, 259]",0.0,0.0023378324694931507,0.018570780754089355
28237,4,161,75.46841430664062,-0.07926297932863235,-0.07725255936384201,75.54767608642578,,,,False,0.20104196667671204,0.64521723985672,0.6433573365211487,0.6423439979553223,0.6443706750869751,1.2323581358941738e-05,1.0,1.6323572397232056,-1.1846886138755508e-08,20.4425106048584,nnknn_target_value_model,0,0,97,15,82,97,160,29,131,1,1,40.25,0,4,nnknn,500,nnknn,500,"[243, 257]",0.0,0.002329430775716901,0.018071062862873077
28486,4,249,82.9137191772461,-0.08640468120574951,-0.0840812548995018,83.0001220703125,82.46450805664062,0.4220089912414551,22.037052154541016,True,0.2323429435491562,0.6475957036018372,0.6407606601715088,0.6391900181770325,0.6423313617706299,1.2102250366297085e-05,1.0,4.455320358276367,-9.575042980713988e-10,26.149442672729492,nnknn_target_value_model,0,0,178,12,166,178,248,29,219,1,1,62.25,0,4,nnknn,500,nnknn,500,"[245, 255]",0.0,0.0023564505390822887,0.01857103779911995
28798,4,312,84.50637817382812,-0.042057767510414124,-0.039692770689725876,84.5484390258789,,,,False,0.23649951815605164,0.6472102403640747,0.6372076869010925,0.635237991809845,0.6391773223876953,1.2604318726516794e-05,1.0,4.942436218261719,-5.2727184396417215e-08,28.78778839111328,nnknn_target_value_model,0,0,239,20,219,239,311,32,279,1,1,78.0,0,4,nnknn,500,nnknn,500,"[253, 247]",0.0,0.0023490528110414743,0.018071070313453674
29053,4,255,87.19843292236328,-0.07625110447406769,-0.07411367446184158,87.2746810913086,86.90201568603516,0.34368544816970825,24.17052459716797,True,0.21374325454235077,0.6438238620758057,0.6336166858673096,0.6320080161094666,0.6352253556251526,1.23578811326297e-05,1.0,3.5598556995391846,1.4024622352337701e-08,27.421770095825195,nnknn_target_value_model,0,0,179,7,172,179,255,14,241,0,0,63.75,0,4,nnknn,500,nnknn,500,"[256, 244]",0.0,0.002323019551113248,0.01757108047604561
29250,4,197,60.43368148803711,-0.09146483242511749,-0.08941211551427841,60.525146484375,,,,False,0.20527136325836182,0.6423832178115845,0.6307539939880371,0.6295126676559448,0.6319953203201294,1.2221962606417947e-05,1.0,2.2583818435668945,1.8153698544409735e-09,24.28778076171875,nnknn_target_value_model,0,0,117,21,96,117,189,25,164,3,8,49.25,0,4,nnknn,500,nnknn,500,"[254, 246]",0.0,0.0023453435860574245,0.018071021884679794
29605,4,355,110.20620727539062,-0.06342250108718872,-0.06121549382805824,110.2696304321289,,,,False,0.22070041298866272,0.6424909234046936,0.6272580623626709,0.6250159740447998,0.6294999718666077,1.2363129826553632e-05,1.0,6.091582298278809,6.0444147464977505e-09,28.963289260864258,nnknn_target_value_model,0,0,280,22,258,280,355,33,322,0,0,88.75,0,4,nnknn,500,nnknn,500,"[249, 251]",0.0,0.002357539488002658,0.01857052370905876
30015,4,410,117.53318786621094,-0.07492589950561523,-0.07229733467102051,117.60811614990234,116.67574310302734,0.43020135164260864,22.56026840209961,True,0.2628561556339264,0.6455003023147583,0.6224129796028137,0.6198226809501648,0.6250033378601074,1.2539070667116903e-05,1.0,8.082818984985352,6.890878267995504e-08,30.242568969726562,nnknn_target_value_model,0,0,342,23,319,342,409,41,368,1,1,102.5,0,4,nnknn,500,nnknn,500,"[245, 255]",0.0,0.0023334226571023464,0.01907050982117653
30173,4,158,75.84297943115234,-0.10799559950828552,-0.10502075403928757,75.95097351074219,,,,False,0.29748448729515076,0.648029625415802,0.6188156008720398,0.6178213357925415,0.6198099851608276,1.2445603715605102e-05,1.0,1.0878411531448364,2.1125696747503753e-08,21.963008880615234,nnknn_target_value_model,0,0,95,20,75,95,157,22,135,1,1,39.5,0,4,nnknn,500,nnknn,500,"[242, 258]",0.0,0.0023425014223903418,0.019570479169487953
30459,4,286,77.9969482421875,-0.05249438062310219,-0.04971091076731682,78.04944610595703,77.93148040771484,0.4089098572731018,22.077167510986328,True,0.27834704518318176,0.6459953188896179,0.616003692150116,0.6141986846923828,0.6178086400032043,1.2522255019575823e-05,1.0,4.622812747955322,6.585688083760033e-08,26.407169342041016,nnknn_target_value_model,0,0,217,22,195,217,282,15,267,2,4,71.5,0,4,nnknn,500,nnknn,500,"[247, 253]",0.0,0.0023203063756227493,0.01907167211174965
30687,4,228,69.20854949951172,-0.06668740510940552,-0.06417884677648544,69.27523803710938,,,,False,0.25085583329200745,0.6414598226547241,0.612748384475708,0.6113106608390808,0.6141859889030457,1.2517717550508678e-05,1.0,2.258871078491211,4.1827821206652516e-09,25.47159767150879,nnknn_target_value_model,0,0,152,20,132,152,228,31,197,0,0,57.0,0,4,nnknn,500,nnknn,500,"[245, 255]",0.0,0.002333215670660138,0.01857181265950203
31102,4,415,104.07206726074219,-0.0715407133102417,-0.06861848384141922,104.14360809326172,,,,False,0.29222309589385986,0.645240068435669,0.608676016330719,0.6060540080070496,0.6112980246543884,1.2601024536706973e-05,1.0,7.345215797424316,4.940722320156965e-08,30.043529510498047,nnknn_target_value_model,0,0,347,25,322,347,415,425,0,0,0,103.75,0,4,nnknn,500,nnknn,490,"[235, 265]",0.0,0.002384814200922847,0.01907172240316868
31280,4,178,79.72671508789062,-0.07753041386604309,-0.07495235651731491,79.80424499511719,79.30924987792969,0.43325579166412354,24.33087158203125,True,0.2578055262565613,0.6401970386505127,0.6049203276634216,0.6037993431091309,0.6060413122177124,1.3085985301586334e-05,1.0,0.7290569543838501,-2.1430883734296913e-08,24.831361770629883,nnknn_target_value_model,0,0,98,13,85,98,178,1,142,0,0,44.5,0,4,nnknn,500,nnknn,500,"[233, 267]",0.0,0.0024192845448851585,0.019571715965867043
31689,4,409,106.80978393554688,-0.0634583830833435,-0.06005420163273811,106.87324523925781,,,,False,0.34041842818260193,0.6483110785484314,0.601202666759491,0.5986186861991882,0.6037866473197937,1.3260348168842029e-05,1.0,7.444293022155762,-5.771012112631979e-08,29.886871337890625,nnknn_target_value_model,0,0,344,350,0,344,407,425,0,2,2,102.25,0,4,nnknn,494,nnknn,482,"[230, 264]",0.0,0.00249400339089334,0.02007155679166317
32058,4,369,96.07481384277344,-0.05679915100336075,-0.05434417724609375,96.1316146850586,95.63641357421875,0.41045957803726196,22.37555503845215,True,0.24549733102321625,0.6369958519935608,0.5962753295898438,0.5939446687698364,0.5986059904098511,1.3420388313534204e-05,1.0,6.771586894989014,-4.6520696628249425e-08,28.696035385131836,nnknn_target_value_model,0,0,302,1,295,302,368,4,346,1,1,92.25,0,4,nnknn,500,nnknn,500,"[231, 269]",0.0,0.0024160901084542274,0.019847402349114418
32321,4,263,97.24494934082031,-0.09149273484945297,-0.0885651484131813,97.33644104003906,,,,False,0.29275834560394287,0.6414218544960022,0.5922726988792419,0.5906133055686951,0.5939319729804993,1.2900441106467042e-05,1.0,4.471160411834717,-1.2691483419757787e-08,28.9559383392334,nnknn_target_value_model,0,0,193,22,171,193,260,8,252,1,3,65.75,0,4,nnknn,500,nnknn,500,"[240, 260]",0.0,0.002442718017846346,0.019347500056028366
32623,4,302,110.95543670654297,-0.07900827378034592,-0.07622881978750229,111.0344467163086,,,,False,0.27794575691223145,0.6389386057853699,0.5886942744255066,0.5867879986763,0.5906006693840027,1.3025078260398004e-05,1.0,4.966526985168457,-1.4999844921703698e-08,28.079914093017578,nnknn_target_value_model,0,0,215,225,0,215,292,300,0,5,10,75.5,0,4,nnknn,490,nnknn,492,"[231, 259]",0.0,0.0025223232805728912,0.019847236573696136
33132,4,509,103.39542388916016,-0.0664781853556633,-0.06366191804409027,103.46189880371094,102.9820327758789,0.4322211742401123,24.866971969604492,True,0.2816266119480133,0.6375212669372559,0.5835580229759216,0.5803406834602356,0.5867753624916077,1.357726887363242e-05,1.0,7.487816333770752,-7.494493914350642e-09,32.04726028442383,nnknn_target_value_model,0,0,441,450,0,441,507,23,476,3,2,127.25,0,4,nnknn,481,nnknn,500,"[225, 256]",0.0,0.0025950619019567966,0.020346982404589653
33378,4,246,81.772705078125,-0.09065020084381104,-0.08844742923974991,81.86335754394531,,,,False,0.22027741372585297,0.628314733505249,0.5787763595581055,0.5772246718406677,0.5803279876708984,1.4906305295880884e-05,1.0,2.017594814300537,-1.3568537404751169e-08,28.267242431640625,nnknn_target_value_model,0,0,159,0,116,159,245,14,231,1,1,61.5,0,4,nnknn,500,nnknn,500,"[239, 261]",0.0,0.0024665759410709143,0.019847029820084572
33558,4,180,91.3427734375,-0.11050906032323837,-0.10821226984262466,91.45328521728516,91.27780151367188,0.2895812392234802,25.19641876220703,True,0.22967885434627533,0.6282948851585388,0.5760783553123474,0.5749446749687195,0.5772119760513306,1.3574202966992743e-05,1.0,-0.19039852917194366,-1.9868215961338365e-09,24.471261978149414,nnknn_target_value_model,0,0,94,28,66,94,177,19,158,2,3,45.0,0,4,nnknn,500,nnknn,500,"[238, 262]",0.0,0.00246367952786386,0.020346470177173615
33849,4,291,96.10450744628906,-0.09072012454271317,-0.0884561538696289,96.19522857666016,,,,False,0.22639672458171844,0.6275084018707275,0.5730953812599182,0.5712586641311646,0.5749319791793823,1.3615773241326679e-05,1.0,5.243208408355713,7.209909114180846e-08,29.620222091674805,nnknn_target_value_model,0,0,226,250,0,226,291,28,263,0,0,72.75,0,4,nnknn,476,nnknn,500,"[230, 246]",0.0,0.002603870118036866,0.020846392959356308
34229,4,380,94.55953216552734,-0.04742742329835892,-0.04407726973295212,94.6069564819336,,,,False,0.33501550555229187,0.6406567096710205,0.5688456296920776,0.5664453506469727,0.5712460279464722,1.4670033124275506e-05,1.0,6.079535007476807,1.7253976025699558e-08,29.486209869384766,nnknn_target_value_model,0,0,308,12,272,308,376,18,358,4,4,95.0,0,4,nnknn,500,nnknn,500,"[245, 255]",0.0,0.0024642806965857744,0.021346382796764374
34628,4,399,91.02375793457031,-0.05845930799841881,-0.05529262125492096,91.08221435546875,90.58243560791016,0.47865206003189087,23.030317306518555,True,0.31666871905326843,0.6360762715339661,0.5639119744300842,0.5613913536071777,0.5664326548576355,1.3862021660315804e-05,1.0,6.5029296875,4.063274161580921e-08,29.128019332885742,nnknn_target_value_model,0,0,327,22,305,327,397,32,365,3,2,99.75,0,4,nnknn,500,nnknn,500,"[241, 259]",0.0,0.0024720013607293367,0.021846359595656395
34975,4,347,82.77950286865234,-0.09154607355594635,-0.08944752812385559,82.87104797363281,,,,False,0.20985469222068787,0.6209213137626648,0.5591872930526733,0.5569959878921509,0.5613786578178406,1.398245422024047e-05,1.0,5.002632141113281,-1.4428789718579083e-08,30.75726318359375,nnknn_target_value_model,0,0,266,275,0,266,345,30,315,1,2,86.75,0,4,nnknn,491,nnknn,500,"[240, 251]",0.0,0.0025072323624044657,0.02234620600938797
35389,4,414,90.0384521484375,-0.07966853678226471,-0.07733035087585449,90.11811828613281,89.41398620605469,0.43945443630218506,27.05036163330078,True,0.23381838202476501,0.6225488781929016,0.5543676614761353,0.551751971244812,0.5569833517074585,1.4347155229188502e-05,1.0,5.999598026275635,6.33479313449925e-09,32.41080856323242,nnknn_target_value_model,0,0,335,350,0,335,411,42,369,3,3,103.5,0,4,nnknn,476,nnknn,500,"[237, 239]",0.0,0.0025857416912913322,0.021846333518624306
35882,4,493,112.21432495117188,-0.09008539468050003,-0.08769828826189041,112.30441284179688,,,,False,0.23871064186096191,0.6213576793670654,0.5486233830451965,0.5455073118209839,0.5517393350601196,1.5651879948563874e-05,1.0,7.589911937713623,1.2090191958691321e-08,33.73947525024414,nnknn_target_value_model,0,0,420,3,369,420,487,30,457,5,6,123.25,0,4,nnknn,500,nnknn,500,"[253, 247]",0.0,0.0024579165037721395,0.021347444504499435
36311,4,429,85.57179260253906,-0.05983120575547218,-0.05666950345039368,85.63162231445312,,,,False,0.3161700665950775,0.6301188468933105,0.5427839756011963,0.5400733351707458,0.5454946756362915,1.4183244275045581e-05,1.0,6.8527703285217285,-3.50125191062034e-08,30.74980354309082,nnknn_target_value_model,0,0,367,24,343,367,427,432,0,1,2,107.25,0,4,nnknn,500,nnknn,495,"[251, 249]",0.0,0.0025184322148561478,0.02184741385281086
36721,4,410,71.532958984375,-0.047130901366472244,-0.04451398178935051,71.58009338378906,71.18485260009766,0.6706465482711792,25.50733184814453,True,0.2616919279098511,0.620736300945282,0.537470281124115,0.5348799824714661,0.5400606393814087,1.4559109331457876e-05,1.0,6.208673477172852,-5.524332991058145e-08,31.048908233642578,nnknn_target_value_model,0,0,340,23,317,340,406,20,356,2,4,102.5,0,4,nnknn,500,nnknn,500,"[252, 248]",0.0,0.002518374938517809,0.022347375750541687
36886,4,165,68.06351470947266,-0.10251009464263916,-0.10034075379371643,68.16602325439453,,,,False,0.2169344425201416,0.6122404932975769,0.5338287353515625,0.5327900052070618,0.5348673462867737,1.4679349988000467e-05,1.0,-1.8556753396987915,-1.0114727722054795e-08,23.5660457611084,nnknn_target_value_model,0,0,83,14,69,83,160,13,147,4,5,41.25,0,4,nnknn,500,nnknn,500,"[254, 246]",0.0,0.0025396798737347126,0.0218474343419075
37153,4,267,92.45196533203125,-0.08469607681035995,-0.08250262588262558,92.53665924072266,92.3747329711914,0.31727731227874756,25.088520050048828,True,0.2193453013896942,0.6113677620887756,0.5310927033424377,0.5294079780578613,0.5327773094177246,1.4881919014442246e-05,1.0,3.6875317096710205,-8.92953444520117e-09,28.176912307739258,nnknn_target_value_model,0,0,187,200,0,187,265,21,244,2,2,66.75,0,4,nnknn,487,nnknn,500,"[246, 241]",0.0,0.0026257801800966263,0.021347463130950928
37472,4,319,72.46395111083984,-0.09224814921617508,-0.0894567221403122,72.55619812011719,,,,False,0.27914246916770935,0.6200420260429382,0.5273813605308533,0.5253673195838928,0.529395341873169,1.6402571418439038e-05,1.0,4.742120265960693,8.071851453905765e-08,29.04640007019043,nnknn_target_value_model,0,0,243,9,196,243,317,32,285,2,2,79.75,0,4,nnknn,500,nnknn,500,"[258, 242]",0.0,0.0025673527270555496,0.021847447380423546
37909,4,437,84.7943344116211,-0.051427148282527924,-0.048473238945007324,84.84576416015625,,,,False,0.2953908145427704,0.622184693813324,0.5225933194160461,0.5198320150375366,0.5253546833992004,1.5270015865098685e-05,1.0,6.099366188049316,-8.72928396233874e-09,32.89460372924805,nnknn_target_value_model,0,0,360,24,336,360,436,37,399,1,1,109.25,0,4,nnknn,500,nnknn,500,"[254, 246]",0.0,0.0026024607941508293,0.021347472444176674
38275,4,366,99.70269012451172,-0.08453729003667831,-0.08185353130102158,99.78722381591797,99.45823669433594,0.37863993644714355,26.267911911010742,True,0.2683756351470947,0.6157833933830261,0.5175076723098755,0.5151960253715515,0.5198193192481995,1.545149461890105e-05,1.0,5.818909168243408,-1.3028337519926936e-08,31.423019409179688,nnknn_target_value_model,0,0,294,300,0,294,362,29,333,2,4,91.5,0,4,nnknn,494,nnknn,500,"[255, 239]",0.0,0.0026595406234264374,0.020847521722316742
38620,4,345,94.94879913330078,-0.06229379028081894,-0.05995853990316391,95.01109313964844,,,,False,0.23352520167827606,0.6079220771789551,0.5130046606063843,0.5108259916305542,0.5151833295822144,1.6644158677081577e-05,1.0,4.261662483215332,-1.382136738392603e-09,32.29481887817383,nnknn_target_value_model,0,0,259,7,221,259,345,33,312,0,0,86.25,0,4,nnknn,500,nnknn,500,"[254, 246]",0.0,0.0026388224214315414,0.021170880645513535
39180,4,560,108.13238525390625,-0.08493291586637497,-0.08155552297830582,108.21731567382812,107.96414947509766,0.4390808939933777,25.75546646118164,True,0.3377394378185272,0.6240335702896118,0.5072730183601379,0.5037326812744141,0.5108133554458618,1.6091840734588914e-05,1.0,7.948681831359863,-3.278255533700758e-08,33.14569091796875,nnknn_target_value_model,0,0,484,500,0,484,536,26,510,13,24,140.0,0,4,nnknn,484,nnknn,500,"[250, 234]",0.0,0.0027411391492933035,0.020670922473073006
39864,4,684,99.30653381347656,-0.06440125405788422,-0.06139438971877098,99.37093353271484,,,,False,0.3006863594055176,0.6148021817207336,0.49939438700675964,0.49506866931915283,0.5037199854850769,1.7588206901564263e-05,1.0,8.353041648864746,-1.7445687205963623e-07,34.57240676879883,nnknn_target_value_model,0,0,620,12,567,620,666,28,638,11,18,171.0,0,4,nnknn,500,nnknn,500,"[251, 249]",0.0,0.0026565524749457836,0.021170856431126595
40339,4,475,89.31022644042969,-0.08872479200363159,-0.08574932813644409,89.3989486694336,,,,False,0.29754638671875,0.6119792461395264,0.4920540153980255,0.4890519976615906,0.49505600333213806,1.644758776819799e-05,1.0,6.235135078430176,-3.0116031890514705e-09,34.48892593383789,nnknn_target_value_model,0,0,389,28,361,389,472,35,437,3,3,118.75,0,4,nnknn,500,nnknn,500,"[243, 257]",0.0,0.0027309032157063484,0.020842790603637695
40891,4,552,95.57998657226562,-0.08008433878421783,-0.07679065316915512,95.66007232666016,94.70053100585938,0.459624707698822,28.36529541015625,True,0.3293682038784027,0.6165229678153992,0.4855497181415558,0.4820599853992462,0.4890393316745758,1.7001948435790837e-05,1.0,7.218234062194824,2.6346981485403376e-08,34.72394561767578,nnknn_target_value_model,0,0,475,475,0,475,552,25,527,0,0,138.0,0,4,nnknn,500,nnknn,500,"[249, 251]",0.0,0.002756876638159156,0.021342741325497627
41186,4,295,69.70225524902344,-0.09572213888168335,-0.09292449057102203,69.7979736328125,,,,False,0.2797646224498749,0.6045059561729431,0.48018530011177063,0.4783233404159546,0.48204731941223145,1.7093345377361402e-05,1.0,2.9269721508026123,3.6368934530628394e-08,30.295040130615234,nnknn_target_value_model,0,0,207,225,0,207,290,300,0,4,5,73.75,0,4,nnknn,482,nnknn,490,"[235, 247]",0.0,0.002908111549913883,0.021842729300260544
41484,4,298,96.8017349243164,-0.08227264881134033,-0.07940811663866043,96.8840103149414,96.51678466796875,0.34936702251434326,25.977479934692383,True,0.2864534258842468,0.6045371294021606,0.47642961144447327,0.47454866766929626,0.4783106744289398,1.923114905366674e-05,1.0,4.593825340270996,-3.1202432637655875e-08,29.891071319580078,nnknn_target_value_model,0,0,230,15,172,230,289,6,248,6,9,74.5,0,4,nnknn,500,nnknn,500,"[244, 256]",0.0,0.002749960869550705,0.02134288102388382
41926,4,442,92.1135482788086,-0.07170244306325912,-0.06794647872447968,92.18524932861328,,,,False,0.3755963444709778,0.6213330030441284,0.47174298763275146,0.4689500033855438,0.4745360016822815,1.7333934010821395e-05,1.0,6.192971706390381,4.3692093498748363e-08,31.80196762084961,nnknn_target_value_model,0,0,367,29,338,367,421,425,0,12,21,110.5,0,4,nnknn,500,nnknn,496,"[242, 258]",0.0,0.0027459305711090565,0.021842852234840393
42415,4,489,107.0429458618164,-0.08307475596666336,-0.07995641231536865,107.12602233886719,,,,False,0.3118346035480499,0.6058136224746704,0.4658466577529907,0.4627560079097748,0.46893733739852905,1.742297718010377e-05,1.0,6.463191509246826,2.1452796872267754e-08,34.36956024169922,nnknn_target_value_model,0,0,405,16,389,405,487,9,474,2,2,122.25,0,4,nnknn,500,nnknn,500,"[242, 258]",0.0,0.002805829979479313,0.022342795506119728
42903,4,488,97.96636199951172,-0.09107039868831635,-0.0877140611410141,98.05743408203125,97.45936584472656,0.4595361351966858,28.184785842895508,True,0.33563360571861267,0.6089478135108948,0.45965901017189026,0.4565746784210205,0.46274334192276,1.8017091861111112e-05,1.0,7.214902400970459,-3.1268008626739174e-08,34.48854446411133,nnknn_target_value_model,0,0,418,32,386,418,487,36,451,1,1,122.0,0,4,nnknn,500,nnknn,500,"[245, 255]",0.0,0.002854426857084036,0.022842589765787125
43688,4,785,124.56659698486328,-0.04827318340539932,-0.04476736858487129,124.6148681640625,,,,False,0.35058167576789856,0.6090543270111084,0.4515966773033142,0.4466313421726227,0.45656201243400574,1.8418986655888148e-05,1.0,8.590136528015137,3.6446152762437123e-09,37.418460845947266,nnknn_target_value_model,0,0,706,23,683,706,778,23,755,2,7,196.25,0,4,nnknn,500,nnknn,500,"[242, 258]",0.0,0.0028994751628488302,0.02234271727502346
44000,4,312,110.17603302001953,-0.12064528465270996,-0.11804182082414627,110.29667663574219,109.2953109741211,0.230846107006073,29.694448471069336,True,0.26034674048423767,0.5865141749382019,0.44464898109436035,0.44267934560775757,0.4466186761856079,1.8710703443503007e-05,1.0,3.775221109390259,4.202891545901366e-08,32.38157653808594,nnknn_target_value_model,0,0,213,18,195,213,306,5,301,3,6,78.0,0,4,nnknn,500,nnknn,500,"[241, 259]",0.0,0.00291966600343585,0.0218428373336792
44508,4,508,100.40509033203125,-0.09867221862077713,-0.09546277672052383,100.5037612915039,,,,False,0.3209441602230072,0.599327027797699,0.43945565819740295,0.4362446665763855,0.4426666796207428,1.8877653928939253e-05,1.0,6.8499531745910645,3.144496929508023e-08,34.512001037597656,nnknn_target_value_model,0,0,425,17,408,425,502,28,474,3,6,127.0,0,4,nnknn,500,nnknn,500,"[244, 256]",0.0,0.0029484459664672613,0.022342823445796967
44999,4,491,102.67955780029297,-0.06966232508420944,-0.0666080042719841,102.74922180175781,,,,False,0.3054320514202118,0.5927127599716187,0.4331286549568176,0.4300253391265869,0.4362320005893707,1.9142587916576304e-05,1.0,6.537884712219238,-2.9134652468343347e-09,35.397117614746094,nnknn_target_value_model,0,0,406,22,384,406,487,18,469,2,4,122.75,0,4,nnknn,500,nnknn,500,"[252, 248]",0.0,0.0029021622613072395,0.02267199382185936
45914,4,915,102.3851318359375,-0.06565303355455399,-0.06171073392033577,102.4507827758789,101.34046936035156,0.6074848175048828,27.895313262939453,True,0.3942299485206604,0.612035870552063,0.42422398924827576,0.41843533515930176,0.43001267313957214,1.8815740986610763e-05,1.0,9.194725036621094,0.0014705657958984375,36.307762145996094,nnknn_target_value_model,0,0,848,27,821,848,908,23,885,4,7,228.75,0,4,nnknn,500,nnknn,500,"[246, 254]",0.0,0.0029125725850462914,0.02217368222773075
46416,4,502,87.71114349365234,-0.07744656503200531,-0.07460241764783859,87.78858947753906,,,,False,0.284414678812027,0.5808502435684204,0.41524964570999146,0.4120766520500183,0.418422669172287,1.904941746033728e-05,1.0,6.229280471801758,-4.630639871550102e-09,35.420040130615234,nnknn_target_value_model,0,0,407,11,396,407,483,10,473,11,19,125.5,0,4,nnknn,500,nnknn,500,"[245, 255]",0.0,0.002960236044600606,0.021673770621418953
46930,4,514,89.62627410888672,-0.07615920901298523,-0.07293502241373062,89.70243072509766,89.43115997314453,0.4899420142173767,30.171161651611328,True,0.322418749332428,0.5878926515579224,0.40881502628326416,0.40556600689888,0.41206398606300354,1.9549339413060807e-05,1.0,6.802914142608643,-4.081874394046281e-08,35.75460433959961,nnknn_target_value_model,0,0,428,6,422,428,507,11,496,5,7,128.5,0,4,nnknn,500,nnknn,500,"[246, 254]",0.0,0.0029965697322040796,0.022173259407281876
47164,4,234,84.03189849853516,-0.16078989207744598,-0.1581861674785614,84.19268798828125,,,,False,0.26037243008613586,0.5696316957473755,0.4040777087211609,0.4026019871234894,0.40555334091186523,2.0116414816584438e-05,1.0,0.9120040535926819,-2.088709827319235e-08,29.702730178833008,nnknn_target_value_model,0,0,139,5,134,139,226,3,223,7,8,58.5,0,4,nnknn,500,nnknn,500,"[247, 253]",0.0,0.0030127495992928743,0.02267324924468994
47946,4,782,79.96533966064453,-0.06740561127662659,-0.06412772089242935,80.03274536132812,,,,False,0.32778939604759216,0.5849983096122742,0.3976430296897888,0.39269667863845825,0.4025893211364746,2.050651892204769e-05,1.0,8.020174026489258,0.0005541536957025528,37.776588439941406,nnknn_target_value_model,0,0,704,32,672,704,741,33,708,17,41,195.5,0,4,nnknn,500,nnknn,500,"[248, 252]",0.0,0.00304589606821537,0.02317296713590622
48501,4,555,88.99394989013672,-0.09844939410686493,-0.0956520214676857,89.09239959716797,88.16728973388672,0.43742847442626953,31.70366668701172,True,0.27973705530166626,0.5684123039245605,0.38917532563209534,0.3856666684150696,0.3926840126514435,2.0965715521015227e-05,1.0,6.368931293487549,-1.7612904912311933e-08,36.977745056152344,nnknn_target_value_model,0,0,458,27,431,458,540,25,515,9,15,138.75,0,4,nnknn,500,nnknn,500,"[242, 258]",0.0,0.0030909364577382803,0.023672889918088913
49195,4,694,85.41060638427734,-0.057287510484457016,-0.053872331976890564,85.4678955078125,,,,False,0.3415181636810303,0.5831471085548401,0.38126498460769653,0.37687599658966064,0.3856540024280548,2.1537613065447658e-05,1.0,7.099109649658203,-5.084430654278549e-08,39.306434631347656,nnknn_target_value_model,0,0,608,32,576,608,671,15,656,6,23,173.5,0,4,nnknn,500,nnknn,500,"[246, 254]",0.0,0.0030964596662670374,0.023324621841311455
49746,4,551,103.37660217285156,-0.08910293877124786,-0.085781030356884,103.46570587158203,102.89131927490234,0.4241471290588379,29.406911849975586,True,0.3321911096572876,0.577735185623169,0.37338003516197205,0.36989668011665344,0.3768633306026459,2.1826255760970525e-05,1.0,7.483128070831299,3.894314204444527e-08,35.806724548339844,nnknn_target_value_model,0,0,473,25,448,473,532,28,504,13,19,137.75,0,4,nnknn,500,nnknn,500,"[244, 256]",0.0,0.0031041475012898445,0.023672858253121376
50671,4,925,115.98181915283203,-0.05029207840561867,-0.04672359675168991,116.03211212158203,,,,False,0.3568485677242279,0.5800601243972778,0.36403197050094604,0.3581799864768982,0.36988401412963867,2.191494422731921e-05,1.0,8.56782341003418,-2.7321480189357317e-08,38.32938003540039,nnknn_target_value_model,0,0,841,20,821,841,909,24,885,8,16,231.25,0,4,nnknn,500,nnknn,500,"[240, 260]",0.0,0.003156202845275402,0.024170726537704468
51493,4,822,97.044677734375,-0.07054536044597626,-0.06719204783439636,97.11522674560547,,,,False,0.33533138036727905,0.5698309540748596,0.35296764969825745,0.34776800870895386,0.3581673204898834,2.23609840759309e-05,1.0,8.06767463684082,0.00010431712144054472,38.71528244018555,nnknn_target_value_model,0,0,735,25,710,735,818,36,782,2,4,205.5,0,4,nnknn,500,nnknn,500,"[244, 256]",0.0,0.0031600180082023144,0.023670777678489685
52151,4,658,84.85673522949219,-0.057609837502241135,-0.05405322089791298,84.91434478759766,84.55582427978516,0.5877593159675598,29.904281616210938,True,0.3556622266769409,0.5727842450141907,0.3435943126678467,0.33943334221839905,0.3477553427219391,2.219380985479802e-05,1.0,7.480459690093994,-1.7392236983937437e-08,36.45362854003906,nnknn_target_value_model,0,0,587,19,568,587,654,22,632,4,4,164.5,0,4,nnknn,500,nnknn,500,"[240, 260]",0.0,0.003189939074218273,0.024170761927962303
52872,4,721,94.69711303710938,-0.07418491691350937,-0.07104259729385376,94.77130126953125,,,,False,0.3142322301864624,0.5543524622917175,0.3348606526851654,0.3303006589412689,0.3394206762313843,2.2767992049921304e-05,1.0,7.292348861694336,8.068534640415237e-08,39.50265121459961,nnknn_target_value_model,0,0,627,22,605,627,711,24,687,5,10,180.25,0,4,nnknn,500,nnknn,500,"[245, 255]",0.0,0.003241468919441104,0.023670798167586327
53340,4,468,84.81493377685547,-0.09095116704702377,-0.08742830157279968,84.9058837890625,84.80361938476562,0.41339367628097534,31.54872703552246,True,0.35228657722473145,0.5650949478149414,0.3273303508758545,0.32437267899513245,0.33028799295425415,2.303071778442245e-05,1.0,5.450957775115967,-1.400963878239736e-08,35.64593505859375,nnknn_target_value_model,0,0,382,21,361,382,464,45,419,3,4,117.0,0,4,nnknn,500,nnknn,500,"[252, 248]",0.0,0.0032596660312265158,0.023170800879597664
54299,4,959,103.43733215332031,-0.05583534017205238,-0.05184345319867134,103.4931640625,,,,False,0.3991890847682953,0.5781329274177551,0.31829267740249634,0.312225341796875,0.3243600130081177,2.333867632842157e-05,1.0,8.444634437561035,0.00028831767849624157,40.20918655395508,nnknn_target_value_model,0,0,873,28,845,873,949,30,919,8,10,239.75,0,4,nnknn,500,nnknn,500,"[248, 252]",0.0,0.003294597612693906,0.02267088182270527
55361,4,1062,107.20123291015625,-0.05647982656955719,-0.05288466811180115,107.2577133178711,,,,False,0.3595162332057953,0.5568271279335022,0.30549299716949463,0.29877331852912903,0.31221267580986023,2.371428672631737e-05,1.0,8.519551277160645,0.0015261182561516762,40.88627243041992,nnknn_target_value_model,0,0,963,25,938,963,1052,39,1013,6,10,265.5,0,4,nnknn,500,nnknn,500,"[247, 253]",0.0,0.0033627727534621954,0.02317075990140438
56475,4,1114,90.71575164794922,-0.054232966154813766,-0.050632547587156296,90.76998138427734,90.15064239501953,0.5731300115585327,33.277626037597656,True,0.3600423336029053,0.5513539910316467,0.2917116582393646,0.284662663936615,0.29876065254211426,2.4497050617355853e-05,1.0,8.720057487487793,0.0028158945497125387,40.778343200683594,nnknn_target_value_model,0,0,1028,29,999,1028,1093,1100,0,11,21,278.5,0,4,nnknn,500,nnknn,493,"[243, 257]",0.0,0.003388994140550494,0.022670824080705643
57218,4,743,96.26893615722656,-0.07498233765363693,-0.07147962599992752,96.34391784667969,,,,False,0.35027116537094116,0.5443152785301208,0.27995064854621887,0.2752513289451599,0.2846499979496002,2.4666676836204715e-05,1.0,6.877462387084961,9.429759666090831e-05,41.28871154785156,nnknn_target_value_model,0,0,654,20,634,654,738,3,703,1,5,185.75,0,4,nnknn,500,nnknn,500,"[240, 260]",0.0,0.0033980750013142824,0.022171154618263245
58471,4,1253,78.88777160644531,-0.04868533834815025,-0.0451936237514019,78.93645477294922,78.19416809082031,0.582861065864563,35.419822692871094,True,0.349171906709671,0.5362598299980164,0.2673093378543854,0.2593800127506256,0.27523866295814514,2.485826553311199e-05,1.0,8.734195709228516,0.001210485934279859,42.42778396606445,nnknn_target_value_model,0,0,1163,22,1141,1163,1218,26,1192,20,35,313.25,0,4,nnknn,500,nnknn,500,"[241, 259]",0.0,0.00341918901540339,0.022671127691864967
59453,4,982,80.766845703125,-0.0388021320104599,-0.034831710159778595,80.80564880371094,,,,False,0.3970426619052887,0.5511718988418579,0.25315433740615845,0.24694132804870605,0.25936734676361084,2.5190871383529156e-05,1.0,8.28061580657959,0.008501858450472355,40.59423065185547,nnknn_target_value_model,0,0,920,16,904,920,925,31,894,15,57,245.5,0,4,nnknn,500,nnknn,500,"[243, 257]",0.0,0.0034255192149430513,0.02317105419933796
60654,4,1201,87.32098388671875,-0.02798706293106079,-0.023993948474526405,87.34896850585938,,,,False,0.3993115723133087,0.5462166666984558,0.23932865262031555,0.2317286729812622,0.24692866206169128,2.5112089133472182e-05,1.0,8.945944786071777,0.010705066844820976,40.514122009277344,nnknn_target_value_model,0,0,1140,22,1118,1140,1189,1200,0,6,12,300.25,0,4,nnknn,500,nnknn,489,"[244, 256]",0.0,0.0034349188208580017,0.02267126366496086
61727,4,1073,83.52107238769531,-0.061599865555763245,-0.05812085419893265,83.58267211914062,82.837890625,0.44305235147476196,35.7569694519043,True,0.34790146350860596,0.5148839354515076,0.2249266654253006,0.21813733875751495,0.23171600699424744,2.5009665478137322e-05,1.0,8.212113380432129,0.0020959735848009586,42.23117446899414,nnknn_target_value_model,0,0,981,21,960,981,1034,11,987,11,39,268.25,0,4,nnknn,500,nnknn,500,"[248, 252]",0.0,0.0034530649427324533,0.02232682891190052
62971,4,1244,79.17999267578125,-0.04840423911809921,-0.04448508843779564,79.2283935546875,,,,False,0.39191555976867676,0.5300741195678711,0.2102523297071457,0.2023800015449524,0.21812467277050018,2.5191802706103772e-05,1.0,8.641425132751465,0.008911781013011932,42.61659622192383,nnknn_target_value_model,0,0,1164,1175,0,1164,1232,25,1207,5,12,311.0,0,4,nnknn,489,nnknn,500,"[240, 249]",0.0,0.0035507772117853165,0.0228267814964056
64519,4,1548,78.19568634033203,-0.05665097013115883,-0.05280398949980736,78.25233459472656,77.7854995727539,0.658348798751831,35.529266357421875,True,0.3846985697746277,0.5173667669296265,0.19256965816020966,0.18277199566364288,0.20236733555793762,2.738449620665051e-05,1.0,9.5049409866333,0.009044093079864979,43.24806594848633,nnknn_target_value_model,0,0,1495,5,1454,1495,1509,36,1473,13,39,387.0,0,4,nnknn,500,nnknn,500,"[247, 253]",0.0,0.0034870770759880543,0.023326443508267403
65885,4,1366,88.35110473632812,-0.037867024540901184,-0.03378003463149071,88.38896942138672,,,,False,0.40869930386543274,0.5212281346321106,0.17411431670188904,0.16546933352947235,0.1827593296766281,2.552853948145639e-05,1.0,8.815194129943848,0.009745188988745213,42.693687438964844,nnknn_target_value_model,0,0,1282,31,1251,1282,1324,38,1286,16,42,341.5,0,4,nnknn,500,nnknn,500,"[243, 257]",0.0,0.0034834742546081543,0.02282651886343956
67064,4,1179,77.98931884765625,-0.06546644866466522,-0.06152329593896866,78.0547866821289,,,,False,0.3943154215812683,0.5055189728736877,0.15799599885940552,0.15053533017635345,0.16545666754245758,2.5555284082656726e-05,1.0,8.765591621398926,0.008352488279342651,43.59082794189453,nnknn_target_value_model,0,0,1113,20,1093,1113,1133,36,1097,18,46,294.75,0,4,nnknn,500,nnknn,500,"[244, 256]",0.0,0.0035223588347434998,0.023326491937041283
68371,4,1307,86.87675476074219,-0.049449920654296875,-0.045726001262664795,86.92620086669922,86.50000762939453,0.10885441303253174,37.51987075805664,True,0.372392475605011,0.4826781451702118,0.14225132763385773,0.13398000597953796,0.15052266418933868,2.646918255777564e-05,1.0,8.519566535949707,0.0043173967860639095,43.90766525268555,nnknn_target_value_model,0,0,1208,31,1177,1208,1262,36,1226,18,45,326.75,0,4,nnknn,500,nnknn,500,"[243, 257]",0.0,0.0035401438362896442,0.02282656356692314
69564,4,1193,75.05332946777344,-0.05776263028383255,-0.05345173180103302,75.11109161376953,,,,False,0.4310903251171112,0.5120337605476379,0.12641799449920654,0.11886866390705109,0.1339673399925232,2.696333649510052e-05,1.0,8.223310470581055,0.0021200741175562143,43.74631881713867,nnknn_target_value_model,0,0,1090,14,1076,1090,1159,26,1133,11,34,298.25,0,4,nnknn,500,nnknn,500,"[244, 256]",0.0,0.0035415326710790396,0.02332652360200882
70733,4,1169,79.47421264648438,-0.06141771748661995,-0.057094428688287735,79.53562927246094,79.12367248535156,0.5518715381622314,39.79950714111328,True,0.4323292672634125,0.5046792030334473,0.1114586666226387,0.10406133532524109,0.11885599792003632,2.7235126253799535e-05,1.0,7.719658851623535,0.006534629501402378,45.91763687133789,nnknn_target_value_model,0,0,1058,16,1042,1058,1116,38,1078,18,53,292.25,0,4,nnknn,500,nnknn,500,"[248, 252]",0.0,0.003565562888979912,0.023826507851481438
72031,4,1298,85.60189056396484,-0.05104262754321098,-0.04700082913041115,85.6529312133789,,,,False,0.404180109500885,0.47649073600769043,0.09583433717489243,0.08761999756097794,0.10404866933822632,2.769408638414461e-05,1.0,8.238995552062988,0.0033070272766053677,44.87117385864258,nnknn_target_value_model,0,0,1197,12,1185,1197,1262,38,1224,22,36,324.5,0,4,nnknn,500,nnknn,500,"[251, 249]",0.0,0.0035974890924990177,0.023326633498072624
73592,4,1561,69.93045806884766,-0.06037994846701622,-0.056449901312589645,69.99083709716797,,,,False,0.3930050730705261,0.4560580551624298,0.07772732526063919,0.06784733384847641,0.08760733157396317,2.804713039950002e-05,1.0,8.855411529541016,0.012109155766665936,46.61072540283203,nnknn_target_value_model,0,0,1495,1500,0,1495,1472,37,1435,11,89,390.25,0,4,nnknn,495,nnknn,500,"[248, 247]",0.0,0.003680460387840867,0.0238266009837389
75441,4,1849,75.7862777709961,-0.061940308660268784,-0.05803952366113663,75.84822082519531,75.2945785522461,0.5978750586509705,39.970298767089844,True,0.3900788128376007,0.43968260288238525,0.056795306503772736,0.05000000074505806,0.06783466786146164,3.0686369427712634e-05,1.0,9.008246421813965,0.01118505746126175,47.29841613769531,nnknn_target_value_model,0,0,1792,11,1751,1792,1733,1750,0,21,116,462.25,0,4,nnknn,500,nnknn,483,"[251, 249]",0.0,0.003644601907581091,0.02332669124007225
76935,4,1494,78.081298828125,-0.04298796504735947,-0.03870462626218796,78.1242904663086,,,,False,0.42833417654037476,0.4657920002937317,0.05000000819563866,0.05000000074505806,0.05000000074505806,2.915551704063546e-05,1.0,8.407432556152344,0.008483774028718472,47.231510162353516,nnknn_target_value_model,0,0,1427,28,1399,1427,1417,11,1364,14,77,373.5,0,4,nnknn,500,nnknn,500,"[254, 246]",0.0,0.003669651225209236,0.023826660588383675
78874,4,1939,71.55077362060547,-0.06565894186496735,-0.06140479817986488,71.6164321899414,70.81980895996094,0.6834388971328735,40.5421142578125,True,0.4254143238067627,0.4642738103866577,0.050000015646219254,0.05000000074505806,0.05000000074505806,2.957317337859422e-05,1.0,9.213860511779785,0.008834944106638432,48.00389099121094,nnknn_target_value_model,0,0,1896,21,1875,1896,1821,39,1782,18,118,484.75,0,4,nnknn,500,nnknn,500,"[247, 253]",0.0,0.003667530370876193,0.02432665042579174
80598,4,1724,69.8548812866211,-0.06396539509296417,-0.060233503580093384,69.9188461303711,,,,False,0.37318912148475647,0.420100599527359,0.05000000447034836,0.05000000074505806,0.05000000074505806,2.96032249025302e-05,1.0,9.096593856811523,0.01645260490477085,48.33550262451172,nnknn_target_value_model,0,0,1673,1675,0,1673,1605,48,1557,21,119,431.0,0,4,nnknn,498,nnknn,500,"[249, 249]",0.0,0.003680494148284197,0.024826548993587494
82200,4,1602,70.46548461914062,-0.04674442857503891,-0.04254196956753731,70.5122299194336,,,,False,0.4202463626861572,0.45956259965896606,0.05000000447034836,0.05000000074505806,0.05000000074505806,3.134443250019103e-05,1.0,8.613862037658691,0.017731714993715286,48.35089111328125,nnknn_target_value_model,0,0,1528,7,1494,1528,1552,41,1511,14,50,400.5,0,4,nnknn,500,nnknn,500,"[245, 255]",0.0,0.0036580716259777546,0.025326518341898918
83250,4,1050,65.21904754638672,-0.07472354918718338,-0.07044785469770432,65.29376983642578,64.84981536865234,0.708500862121582,40.01200866699219,True,0.42756977677345276,0.46627992391586304,0.050000015646219254,0.05000000074505806,0.05000000074505806,2.9760114557575434e-05,1.0,7.2543044090271,0.001001650234684348,45.70981216430664,nnknn_target_value_model,0,0,962,975,0,962,962,975,0,13,88,262.5,0,4,nnknn,487,nnknn,487,"[236, 251]",0.0,0.003790199989452958,0.02482661046087742
84333,4,1083,76.67292022705078,-0.060355644673109055,-0.056024808436632156,76.7332763671875,,,,False,0.4330838918685913,0.47035855054855347,0.05000000074505806,0.05000000074505806,0.05000000074505806,3.2417567126685753e-05,1.0,7.376141548156738,0.004178364295512438,45.591217041015625,nnknn_target_value_model,0,0,1006,7,961,1006,1022,7,977,15,61,270.75,0,4,nnknn,500,nnknn,500,"[253, 247]",0.0,0.003639264265075326,0.0243266262114048
85530,4,1197,81.43279266357422,-0.057208456099033356,-0.053052306175231934,81.48999786376953,80.9773941040039,0.5140336751937866,41.22566223144531,True,0.415615439414978,0.45659559965133667,0.05000000819563866,0.05000000074505806,0.05000000074505806,2.9378630642895587e-05,1.0,7.423460006713867,0.004062823951244354,47.17837142944336,nnknn_target_value_model,0,0,1097,43,1054,1097,1127,21,1106,20,70,299.25,0,4,nnknn,500,nnknn,500,"[247, 253]",0.0,0.003673231927677989,0.024826500564813614
86973,4,1443,76.181640625,-0.045510806143283844,-0.041526149958372116,76.2271499633789,,,,False,0.39846596121788025,0.441694051027298,0.05000000819563866,0.05000000074505806,0.05000000074505806,2.9616061510751024e-05,1.0,7.656632900238037,0.00953061692416668,48.803314208984375,nnknn_target_value_model,0,0,1335,27,1308,1335,1315,25,1290,18,128,360.75,0,4,nnknn,500,nnknn,500,"[245, 255]",0.0,0.003713030833750963,0.024326510727405548
88690,4,1717,65.90214538574219,-0.05804156884551048,-0.05415009707212448,65.96018981933594,,,,False,0.38914763927459717,0.43464383482933044,0.050000011920928955,0.05000000074505806,0.05000000074505806,2.989780477946624e-05,1.0,8.61078929901123,0.010476420633494854,50.329078674316406,nnknn_target_value_model,0,0,1638,1650,0,1638,1664,14,1650,20,53,429.25,0,4,nnknn,488,nnknn,500,"[240, 248]",0.0,0.0037823892198503017,0.024826500564813614
90328,4,1638,79.62931823730469,-0.028844812884926796,-0.024911614134907722,79.65816497802734,79.2889633178711,0.37723618745803833,44.35969161987305,True,0.3933202624320984,0.43795883655548096,0.050000011920928955,0.05000000074505806,0.05000000074505806,3.2227017072727904e-05,1.0,7.860450744628906,0.010576304979622364,50.9448127746582,nnknn_target_value_model,0,0,1548,7,1504,1548,1603,36,1567,8,35,409.5,0,4,nnknn,500,nnknn,500,"[241, 259]",0.0,0.0037171144504100084,0.02532646805047989
91775,4,1447,72.43241882324219,-0.053948529064655304,-0.04994959756731987,72.48636627197266,,,,False,0.39989349246025085,0.4438267648220062,0.05000000447034836,0.05000000074505806,0.05000000074505806,3.0600356694776565e-05,1.0,7.346637725830078,0.007904604077339172,50.12009048461914,nnknn_target_value_model,0,0,1326,14,1312,1326,1389,18,1371,23,58,361.75,0,4,nnknn,500,nnknn,500,"[236, 264]",0.0,0.0037284796126186848,0.02582644112408161
93318,4,1543,68.08140563964844,-0.043469205498695374,-0.039233867079019547,68.1248779296875,67.78678131103516,0.7331990003585815,43.91227340698242,True,0.4235342741012573,0.4618627727031708,0.05000000447034836,0.05000000074505806,0.05000000074505806,3.106506846961565e-05,1.0,7.5065693855285645,0.012364543974399567,50.178714752197266,nnknn_target_value_model,0,0,1427,16,1411,1427,1458,39,1419,17,85,385.75,0,4,nnknn,500,nnknn,500,"[239, 261]",0.0,0.0037284735590219498,0.025326456874608994
95192,4,1874,66.76214599609375,-0.05162062868475914,-0.04786095768213272,66.81376647949219,,,,False,0.375967413187027,0.42332956194877625,0.050000011920928955,0.05000000074505806,0.05000000074505806,3.126120282104239e-05,1.0,8.548437118530273,0.016034791246056557,52.03817367553711,nnknn_target_value_model,0,0,1809,31,1778,1809,1820,27,1793,19,54,468.5,0,4,nnknn,500,nnknn,500,"[247, 253]",0.0,0.0037531114649027586,0.02582644298672676
96914,4,1722,63.90117263793945,-0.03532679006457329,-0.0314372293651104,63.936500549316406,,,,False,0.3889564275741577,0.43444788455963135,0.05000000447034836,0.05000000074505806,0.05000000074505806,3.178877886966802e-05,1.0,8.505412101745605,0.01797301322221756,52.05686569213867,nnknn_target_value_model,0,0,1661,33,1628,1661,1627,29,1598,22,95,430.5,0,4,nnknn,500,nnknn,500,"[237, 263]",0.0,0.003785746404901147,0.026326261460781097
97883,4,969,75.07060241699219,-0.0403679721057415,-0.035712528973817825,75.11096954345703,74.96672058105469,0.7070536613464355,42.54358673095703,True,0.46554455161094666,0.4977666437625885,0.050000011920928955,0.05000000074505806,0.05000000074505806,3.20287945214659e-05,1.0,6.394412040710449,0.008734704926609993,47.905364990234375,nnknn_target_value_model,0,0,852,29,823,852,932,31,901,18,37,242.25,0,4,nnknn,500,nnknn,500,"[249, 251]",0.0,0.003778082551434636,0.02682599425315857
99533,4,1650,60.28242111206055,-0.04770398885011673,-0.043853167444467545,60.33012390136719,,,,False,0.3850826621055603,0.430839478969574,0.05000000819563866,0.05000000074505806,0.05000000074505806,3.2089439628180116e-05,1.0,7.75498104095459,0.012491694651544094,51.96928405761719,nnknn_target_value_model,0,0,1574,26,1548,1574,1590,19,1571,14,60,412.5,0,4,nnknn,500,nnknn,500,"[253, 247]",0.0,0.0037977672182023525,0.02632603980600834
101221,4,1688,59.63556671142578,-0.059902872890233994,-0.05634408816695213,59.69546890258789,59.240394592285156,0.3433549404144287,47.211368560791016,True,0.35587891936302185,0.4066656827926636,0.05000000819563866,0.05000000074505806,0.05000000074505806,3.242118327762e-05,1.0,8.182445526123047,0.010246992111206055,52.949092864990234,nnknn_target_value_model,0,0,1616,27,1589,1616,1618,28,1590,16,70,422.0,0,4,nnknn,500,nnknn,500,"[244, 256]",0.0,0.00381830264814198,0.026826005429029465
102991,4,1770,55.2924919128418,-0.08938144147396088,-0.08537184447050095,55.381874084472656,,,,False,0.40095987915992737,0.444111168384552,0.05000000819563866,0.05000000074505806,0.05000000074505806,3.29046742990613e-05,1.0,8.636828422546387,0.004977002274245024,51.38801956176758,nnknn_target_value_model,0,0,1712,1725,0,1712,1735,16,1719,13,35,442.5,0,4,nnknn,487,nnknn,500,"[238, 249]",0.0,0.00395546667277813,0.02632608264684677
104402,4,1411,76.19390869140625,-0.06508991122245789,-0.06068373844027519,76.25899505615234,,,,False,0.4406176507472992,0.47711697220802307,0.050000011920928955,0.05000000074505806,0.05000000074505806,3.575703522074036e-05,1.0,7.178573131561279,0.00715942308306694,51.54191207885742,nnknn_target_value_model,0,0,1286,12,1236,1286,1344,27,1317,14,67,352.75,0,4,nnknn,500,nnknn,500,"[246, 254]",0.0,0.0038609905168414116,0.025826139375567436
106033,4,1631,52.10819625854492,-0.052200667560100555,-0.04833989590406418,52.160396575927734,51.813438415527344,0.3724566102027893,46.66157531738281,True,0.38607752323150635,0.4319276511669159,0.05000000819563866,0.05000000074505806,0.05000000074505806,3.3300675568170846e-05,1.0,8.41678237915039,0.012149970047175884,51.779457092285156,nnknn_target_value_model,0,0,1557,31,1526,1557,1572,34,1538,14,59,407.75,0,4,nnknn,500,nnknn,500,"[248, 252]",0.0,0.003887545084580779,0.025419611483812332
107384,4,1351,60.63750076293945,-0.05430227145552635,-0.049942661076784134,60.691802978515625,,,,False,0.43596142530441284,0.47288215160369873,0.05000000819563866,0.05000000074505806,0.05000000074505806,3.3521737350383773e-05,1.0,7.40159273147583,0.0016161550302058458,52.32378387451172,nnknn_target_value_model,0,0,1257,27,1230,1257,1325,35,1290,15,26,337.75,0,4,nnknn,500,nnknn,500,"[249, 251]",0.0,0.0039072404615581036,0.025919530540704727
108189,4,805,119.99177551269531,-0.0632968470454216,-0.05917586758732796,120.05506896972656,119.85626983642578,0.0940166711807251,47.65446472167969,True,0.41209763288497925,0.4530293643474579,0.05000000447034836,0.05000000074505806,0.05000000074505806,3.4074597351718694e-05,1.0,4.901564598083496,4.4425823020333155e-09,50.931114196777344,nnknn_target_value_model,0,0,683,27,656,683,767,48,719,14,38,201.25,0,4,nnknn,500,nnknn,500,"[255, 245]",0.0,0.003901770571246743,0.026325955986976624
109393,4,1204,68.01510620117188,-0.06564296036958694,-0.061331428587436676,68.08074951171875,,,,False,0.4311531186103821,0.4688996374607086,0.05000000447034836,0.05000000074505806,0.05000000074505806,3.4063352359225973e-05,1.0,6.528704643249512,0.0038024592213332653,50.84894943237305,nnknn_target_value_model,0,0,1093,28,1065,1093,1121,47,1074,17,83,301.0,0,4,nnknn,500,nnknn,500,"[249, 251]",0.0,0.003925358410924673,0.026825711131095886
110467,4,1074,74.31552124023438,-0.09453778713941574,-0.09061700105667114,74.4100570678711,,,,False,0.39207834005355835,0.4363935887813568,0.05000000819563866,0.05000000074505806,0.05000000074505806,3.43352512572892e-05,1.0,6.3432297706604,0.006219416856765747,50.17041778564453,nnknn_target_value_model,0,0,946,21,925,946,998,32,966,20,76,268.5,0,4,nnknn,500,nnknn,500,"[252, 248]",0.0,0.003927052021026611,0.027325624600052834
112266,4,1799,62.69219970703125,-0.01978212222456932,-0.01567496359348297,62.71198272705078,62.47583770751953,0.5456688404083252,47.46031188964844,True,0.4107162654399872,0.45233938097953796,0.050000011920928955,0.05000000074505806,0.05000000074505806,3.443996683927253e-05,1.0,8.072369575500488,0.015020576305687428,53.59005355834961,nnknn_target_value_model,0,0,1746,18,1728,1746,1761,42,1719,15,38,449.75,0,4,nnknn,500,nnknn,500,"[257, 243]",0.0,0.003973351791501045,0.027825605124235153
113677,4,1411,66.54663848876953,-0.05442696437239647,-0.0501534678041935,66.60106658935547,,,,False,0.42735007405281067,0.46531054377555847,0.050000011920928955,0.05000000074505806,0.05000000074505806,3.510769965942018e-05,1.0,6.974679946899414,0.00987809058278799,53.705665588378906,nnknn_target_value_model,0,0,1323,1325,0,1323,1381,49,1332,15,30,352.75,0,4,nnknn,498,nnknn,500,"[252, 246]",0.0,0.004007057286798954,0.02732565440237522
114987,4,1310,75.09550476074219,-0.05238885059952736,-0.0481276735663414,75.14789581298828,75.1072006225586,0.6093153953552246,47.93268966674805,True,0.4261181056499481,0.4655608534812927,0.05000000447034836,0.05000000074505806,0.05000000074505806,3.750738687813282e-05,1.0,6.408154487609863,0.012160082347691059,52.987548828125,nnknn_target_value_model,0,0,1180,12,1141,1180,1238,43,1195,20,72,327.5,0,4,nnknn,500,nnknn,500,"[252, 248]",0.0,0.003992931451648474,0.026825683191418648
116460,4,1473,55.33680725097656,-0.04728075489401817,-0.042925212532281876,55.38408660888672,,,,False,0.4355546534061432,0.4728718101978302,0.050000011920928955,0.05000000074505806,0.05000000074505806,3.550060137058608e-05,1.0,6.861519813537598,0.005516780074685812,52.4702262878418,nnknn_target_value_model,0,0,1354,1375,0,1354,1434,50,1384,19,39,368.25,0,4,nnknn,479,nnknn,500,"[237, 242]",0.0,0.004202085547149181,0.026325810700654984
117615,4,1155,50.54156494140625,-0.07460824400186539,-0.07045067846775055,50.616172790527344,,,,False,0.4157571494579315,0.45579180121421814,0.05000000819563866,0.05000000074505806,0.05000000074505806,3.929178274120204e-05,1.0,6.282439708709717,0.0003885384649038315,51.3427619934082,nnknn_target_value_model,0,0,1012,12,955,1012,1120,63,1057,9,35,288.75,0,4,nnknn,500,nnknn,500,"[257, 243]",0.0,0.003988083451986313,0.02682539075613022
119093,4,1478,73.84284210205078,-0.04496993124485016,-0.040619879961013794,73.88780975341797,73.75055694580078,0.5243370532989502,48.18685531616211,True,0.43500566482543945,0.47242891788482666,0.050000011920928955,0.05000000074505806,0.05000000074505806,3.57175013050437e-05,1.0,6.682281017303467,0.008137648925185204,53.23789596557617,nnknn_target_value_model,0,0,1351,31,1320,1351,1451,51,1400,10,27,369.5,0,4,nnknn,500,nnknn,500,"[260, 240]",0.0,0.004010479897260666,0.027325203642249107
120463,4,1370,74.15702819824219,-0.0694381445646286,-0.06491105258464813,74.2264633178711,,,,False,0.45270925760269165,0.4865639805793762,0.050000011920928955,0.05000000074505806,0.05000000074505806,3.5902463423553854e-05,1.0,6.323690414428711,0.007724303752183914,53.76799774169922,nnknn_target_value_model,0,0,1247,27,1220,1247,1325,47,1278,20,45,342.5,0,4,nnknn,500,nnknn,500,"[268, 232]",0.0,0.004021995235234499,0.02782507799565792
121851,4,1388,65.00088500976562,-0.0357649065554142,-0.031677473336458206,65.03665161132812,64.9093246459961,0.3679446578025818,49.837669372558594,True,0.408743679523468,0.4504472017288208,0.05000000819563866,0.05000000074505806,0.05000000074505806,3.6349323636386544e-05,1.0,7.070201873779297,0.011356813833117485,54.35641860961914,nnknn_target_value_model,0,0,1292,19,1273,1292,1329,14,1315,14,59,347.0,0,4,nnknn,500,nnknn,500,"[269, 231]",0.0,0.004035788122564554,0.027325158938765526
123084,4,1233,48.77981185913086,-0.03675646707415581,-0.03230919688940048,48.816566467285156,,,,False,0.4447275400161743,0.47965484857559204,0.05000000819563866,0.05000000074505806,0.05000000074505806,3.6429890315048397e-05,1.0,6.170009613037109,0.002844469388946891,52.535221099853516,nnknn_target_value_model,0,0,1056,18,1038,1056,1214,43,1171,8,19,308.25,0,4,nnknn,500,nnknn,500,"[266, 234]",0.0,0.0040307603776454926,0.02682519517838955
124170,4,1086,65.83695220947266,-0.05412530153989792,-0.049479857087135315,65.89107513427734,,,,False,0.4645448923110962,0.4967968463897705,0.05000000447034836,0.05000000074505806,0.05000000074505806,3.666351767606102e-05,1.0,5.734805107116699,0.006652473472058773,52.42734909057617,nnknn_target_value_model,0,0,949,15,934,949,1017,43,974,19,69,271.5,0,4,nnknn,500,nnknn,500,"[263, 237]",0.0,0.00406822981312871,0.026410263031721115
125190,4,1020,90.67501831054688,-0.0411175973713398,-0.0368899330496788,90.71613311767578,90.47523498535156,0.3638930320739746,49.16523742675781,True,0.42276689410209656,0.46174442768096924,0.05000000074505806,0.05000000074505806,0.05000000074505806,3.692336758831516e-05,1.0,5.517693042755127,0.0019880137406289577,52.643436431884766,nnknn_target_value_model,0,0,885,34,851,885,931,45,886,19,89,255.0,0,4,nnknn,500,nnknn,500,"[257, 243]",0.0,0.004058041609823704,0.02682536281645298
126653,4,1463,48.262481689453125,-0.057158298790454865,-0.052780162543058395,48.31964111328125,,,,False,0.43781405687332153,0.4739895164966583,0.050000015646219254,0.05000000074505806,0.05000000074505806,3.697389183798805e-05,1.0,7.2726030349731445,0.005174918565899134,53.04297637939453,nnknn_target_value_model,0,0,1357,19,1338,1357,1416,37,1379,15,47,365.75,0,4,nnknn,500,nnknn,500,"[261, 239]",0.0,0.004061879124492407,0.02641044370830059
127838,4,1185,93.1294174194336,-0.041605059057474136,-0.03717351332306862,93.1710205078125,92.94795227050781,0.3750185966491699,50.257694244384766,True,0.44315510988235474,0.47907885909080505,0.05000000819563866,0.05000000074505806,0.05000000074505806,3.6850695323664695e-05,1.0,5.666512489318848,0.007286567706614733,54.2619743347168,nnknn_target_value_model,0,0,1060,27,1033,1060,1152,45,1107,10,33,296.25,0,4,nnknn,500,nnknn,500,"[262, 238]",0.0,0.00406468752771616,0.02682533487677574
129260,4,1422,58.821502685546875,-0.04249996319413185,-0.03857194632291794,58.8640022277832,,,,False,0.3928019106388092,0.43745726346969604,0.05000000819563866,0.05000000074505806,0.05000000074505806,3.688856304506771e-05,1.0,7.074833869934082,0.016387075185775757,53.225711822509766,nnknn_target_value_model,0,0,1336,21,1315,1336,1366,40,1326,17,56,355.5,0,4,nnknn,500,nnknn,500,"[261, 239]",0.0,0.004139533266425133,0.026410307735204697
130374,4,1114,81.71188354492188,-0.09502813220024109,-0.09096065163612366,81.80691528320312,,,,False,0.40674906969070435,0.4487913250923157,0.05000000819563866,0.05000000074505806,0.05000000074505806,3.765145083889365e-05,1.0,5.5301408767700195,0.0016352756647393107,53.922210693359375,nnknn_target_value_model,0,0,977,21,956,977,1026,59,967,18,88,278.5,0,4,nnknn,500,nnknn,500,"[265, 235]",0.0,0.004109370056539774,0.02691025473177433
131483,4,1109,71.68720245361328,-0.07318823784589767,-0.06912330538034439,71.76039123535156,71.51263427734375,0.5349524021148682,49.26739501953125,True,0.40649378299713135,0.44828277826309204,0.05000000819563866,0.05000000074505806,0.05000000074505806,3.744470450328663e-05,1.0,5.802807331085205,0.006934208329766989,52.49360656738281,nnknn_target_value_model,0,0,975,17,958,975,1033,35,998,16,76,277.25,0,4,nnknn,500,nnknn,500,"[264, 236]",0.0,0.004122966434806585,0.026410279795527458
132925,4,1442,49.270668029785156,-0.03457600995898247,-0.030382633209228516,49.30524444580078,,,,False,0.4193381071090698,0.45871835947036743,0.05000000447034836,0.05000000074505806,0.05000000074505806,3.7608489947160706e-05,1.0,6.7403130531311035,0.007784654386341572,54.642974853515625,nnknn_target_value_model,0,0,1327,18,1309,1327,1358,30,1328,21,84,360.5,0,4,nnknn,500,nnknn,500,"[258, 242]",0.0,0.004123125225305557,0.026910003274679184
134129,4,1204,46.272369384765625,-0.007712609134614468,-0.0036637287121266127,46.28008270263672,45.74263381958008,0.811561644077301,47.98847961425781,True,0.40488842129707336,0.44695010781288147,0.05000000447034836,0.05000000074505806,0.05000000074505806,3.796107557718642e-05,1.0,6.277465343475342,0.005808211863040924,51.79648208618164,nnknn_target_value_model,0,0,1085,19,1066,1085,1138,17,1121,18,66,301.0,0,4,nnknn,500,nnknn,500,"[255, 245]",0.0,0.004137792624533176,0.02641008421778679
135355,4,1226,56.11555099487305,-0.03291486203670502,-0.02846710756421089,56.14846420288086,,,,False,0.4447759687900543,0.4793914258480072,0.05000000819563866,0.05000000074505806,0.05000000074505806,3.801249113166705e-05,1.0,6.227199077606201,0.005343637894839048,52.12306594848633,nnknn_target_value_model,0,0,1084,22,1062,1084,1173,36,1137,17,53,306.5,0,4,nnknn,500,nnknn,500,"[259, 241]",0.0,0.00414689164608717,0.026910001412034035
136382,4,1027,65.13353729248047,-0.0612698532640934,-0.05704658105969429,65.19480895996094,,,,False,0.4223276972770691,0.46157974004745483,0.05000000819563866,0.05000000074505806,0.05000000074505806,3.8304016925394535e-05,1.0,5.585920810699463,0.006882046349346638,51.83991622924805,nnknn_target_value_model,0,0,893,23,870,893,970,15,955,16,57,256.75,0,4,nnknn,500,nnknn,500,"[257, 243]",0.0,0.0041525233536958694,0.027409672737121582
137523,4,1141,68.9123306274414,-0.04910951480269432,-0.044825479388237,68.96144104003906,68.85367584228516,0.6203979253768921,50.05101013183594,True,0.42840391397476196,0.46581655740737915,0.04999999701976776,0.05000000074505806,0.05000000074505806,3.8673184462822974e-05,1.0,5.5492262840271,0.007965264841914177,53.85018539428711,nnknn_target_value_model,0,0,998,21,977,998,1106,35,1071,18,35,285.25,0,4,nnknn,500,nnknn,500,"[256, 244]",0.0,0.004218262620270252,0.027909627184271812
138882,4,1359,42.286834716796875,-0.058340564370155334,-0.053756169974803925,42.345176696777344,,,,False,0.45843973755836487,0.490835577249527,0.05000000819563866,0.05000000074505806,0.05000000074505806,3.963606650358997e-05,1.0,6.480905055999756,0.0006812448846176267,52.44086837768555,nnknn_target_value_model,0,0,1230,21,1209,1230,1287,35,1252,21,72,339.75,0,4,nnknn,500,nnknn,500,"[257, 243]",0.0,0.004238626454025507,0.02840946801006794
139890,4,1008,84.44699096679688,-0.0386861115694046,-0.03432987257838249,84.48567962646484,84.22254180908203,0.4657285809516907,50.70536804199219,True,0.43562421202659607,0.47221794724464417,0.05000000074505806,0.05000000074505806,0.05000000074505806,4.017874744022265e-05,1.0,5.027054309844971,0.004569218959659338,53.94181442260742,nnknn_target_value_model,0,0,848,9,839,848,954,23,931,17,54,252.0,0,4,nnknn,500,nnknn,500,"[249, 251]",0.0,0.004243528936058283,0.02790950797498226
140996,4,1106,50.36946105957031,-0.0597112774848938,-0.05519653111696243,50.42917251586914,,,,False,0.45147499442100525,0.4848664700984955,0.05000000819563866,0.05000000074505806,0.05000000074505806,4.0048711525741965e-05,1.0,5.6468095779418945,0.008265133015811443,52.999271392822266,nnknn_target_value_model,0,0,936,21,915,936,1046,26,1020,18,60,276.5,0,4,nnknn,500,nnknn,500,"[255, 245]",0.0,0.004267679061740637,0.027409540489315987
142179,4,1183,66.51274871826172,-0.05508532375097275,-0.050785765051841736,66.56783294677734,,,,False,0.42995625734329224,0.4672691226005554,0.05000000819563866,0.05000000074505806,0.05000000074505806,4.079106656718068e-05,1.0,5.550380706787109,0.0024719461798667908,54.76897048950195,nnknn_target_value_model,0,0,1025,22,1003,1025,1065,24,1041,20,118,295.75,0,4,nnknn,500,nnknn,500,"[259, 241]",0.0,0.004295956343412399,0.02782568149268627
142959,4,780,110.95846557617188,-0.03396700322628021,-0.030106956139206886,110.992431640625,110.84095764160156,0.14048439264297485,53.18512725830078,True,0.3860049545764923,0.4314402639865875,0.05000000819563866,0.05000000074505806,0.05000000074505806,4.094942778465338e-05,1.0,3.751588821411133,7.947286384535346e-09,53.851226806640625,nnknn_target_value_model,0,0,643,14,629,643,742,19,723,19,38,195.0,0,4,nnknn,500,nnknn,500,"[255, 245]",0.0,0.004312193486839533,0.028325628489255905
144208,4,1249,79.76705169677734,-0.036272384226322174,-0.03182651102542877,79.8033218383789,,,,False,0.4445876181125641,0.479287326335907,0.05000000819563866,0.05000000074505806,0.05000000074505806,4.1258743294747546e-05,1.0,5.936473369598389,0.0014675215352326632,53.36588668823242,nnknn_target_value_model,0,0,1086,15,1071,1086,1180,28,1152,21,69,312.25,0,4,nnknn,500,nnknn,500,"[255, 245]",0.0,0.004316584672778845,0.02790929563343525
145284,4,1076,66.41229248046875,-0.05223344266414642,-0.048031169921159744,66.46452331542969,66.13504791259766,0.5896936655044556,50.500003814697266,True,0.42022770643234253,0.4590426981449127,0.05000000819563866,0.05000000074505806,0.05000000074505806,4.130789602641016e-05,1.0,5.322861671447754,0.0,53.82309341430664,nnknn_target_value_model,0,0,933,950,0,933,1024,46,978,22,52,269.0,0,4,nnknn,483,nnknn,500,"[240, 243]",0.0,0.004495155531913042,0.028409240767359734
146624,4,1340,61.315284729003906,-0.051352228969335556,-0.04666681960225105,61.36663818359375,,,,False,0.4685412049293518,0.49959665536880493,0.05000000074505806,0.05000000074505806,0.05000000074505806,4.587153671309352e-05,1.0,6.2891974449157715,0.014498676173388958,52.631290435791016,nnknn_target_value_model,0,0,1224,7,1175,1224,1299,27,1272,13,41,335.0,0,4,nnknn,500,nnknn,500,"[252, 248]",0.0,0.004304086789488792,0.027909506112337112
147566,4,942,34.45922088623047,-0.05326586589217186,-0.048890795558691025,34.51248550415039,,,,False,0.43750742077827454,0.47287318110466003,0.050000011920928955,0.05000000074505806,0.05000000074505806,4.220956179779023e-05,1.0,5.458536624908447,0.0055448985658586025,50.35869216918945,nnknn_target_value_model,0,0,812,31,781,812,885,16,869,20,57,235.5,0,4,nnknn,500,nnknn,500,"[251, 249]",0.0,0.004334786906838417,0.02832539938390255
148475,4,909,55.11417770385742,-0.06034328415989876,-0.05615388974547386,55.174522399902344,54.87776184082031,0.7118833661079407,50.40394973754883,True,0.4189399778842926,0.45890823006629944,0.05000000819563866,0.05000000074505806,0.05000000074505806,4.269063356332481e-05,1.0,4.648192405700684,0.000840773805975914,53.11085510253906,nnknn_target_value_model,0,0,755,28,727,755,851,52,799,11,58,227.25,0,4,nnknn,500,nnknn,500,"[253, 247]",0.0,0.004381251055747271,0.028824517503380775
149732,4,1257,32.94913101196289,-0.04336930066347122,-0.039178915321826935,32.99250030517578,,,,False,0.41903889179229736,0.4586930274963379,0.05000000819563866,0.05000000074505806,0.05000000074505806,4.320061634643935e-05,1.0,6.6255693435668945,4.002093945132401e-08,54.09152603149414,nnknn_target_value_model,0,0,1129,17,1112,1129,1189,47,1142,17,68,314.25,0,4,nnknn,500,nnknn,500,"[245, 255]",0.0,0.004408531356602907,0.02932441234588623
150000,2,268,79.10357666015625,-0.06491834670305252,-0.060793664306402206,79.16849517822266,,,,False,0.4124687612056732,0.45355159044265747,0.04999999701976776,0.05000000074505806,0.05000000074505806,4.3702566472347826e-05,1.0,5.273309230804443,3.024713279842217e-08,52.61237716674805,nnknn_target_value_model,1,3,234,15,219,234,260,15,245,9,8,134.0,0,2,nnknn,500,nnknn,500,"[243, 257]",0.0,0.0043906159698963165,0.02982421964406967
