global_step,episode,episode_return,episode_length,loss,actor_type,case_entries,cases_pruned,cases_replaced,actor_cases_pruned,actor_cases_replaced,critic_cases_pruned,critic_cases_replaced,critic_label_updates,critic_label_update_samples,exploration_epsilon,behavior_epsilon,policy_ready,action_probs,behavior_action_probs,action_counts,bias_min,bias_mean,bias_max
32,1,32.0,32,,mlp,,0,0,0,0,0,0,0,0,0.0,0.0,True,"[0.532459557056427, 0.467540442943573]","[0.532459557056427, 0.467540442943573]",,,,
58,2,26.0,26,,mlp,,0,0,0,0,0,0,0,0,0.0,0.0,True,"[0.5354297757148743, 0.46457019448280334]","[0.5354297757148743, 0.46457019448280334]",,,,
116,3,58.0,58,,mlp,,0,0,0,0,0,0,0,0,0.0,0.0,True,"[0.5301684141159058, 0.46983152627944946]","[0.5301684141159058, 0.46983152627944946]",,,,
139,4,23.0,23,125.42062377929688,mlp,,0,0,0,0,0,0,0,0,0.0,0.0,True,"[0.5322720408439636, 0.4677279591560364]","[0.5322720408439636, 0.4677279591560364]",,,,
155,5,16.0,16,,mlp,,0,0,0,0,0,0,0,0,0.0,0.0,True,"[0.46942412853240967, 0.5305758714675903]","[0.46942412853240967, 0.5305758714675903]",,,,
176,6,21.0,21,,mlp,,0,0,0,0,0,0,0,0,0.0,0.0,True,"[0.47791075706481934, 0.5220893025398254]","[0.47791075706481934, 0.5220893025398254]",,,,
200,7,24.0,24,,mlp,,0,0,0,0,0,0,0,0,0.0,0.0,True,"[0.46647965908050537, 0.5335203409194946]","[0.46647965908050537, 0.5335203409194946]",,,,
215,8,15.0,15,63.984249114990234,mlp,,0,0,0,0,0,0,0,0,0.0,0.0,True,"[0.5471185445785522, 0.45288145542144775]","[0.5471185445785522, 0.45288145542144775]",,,,
228,9,13.0,13,,mlp,,0,0,0,0,0,0,0,0,0.0,0.0,True,"[0.4503908157348633, 0.5496091842651367]","[0.4503908157348633, 0.5496091842651367]",,,,
245,10,17.0,17,,mlp,,0,0,0,0,0,0,0,0,0.0,0.0,True,"[0.4800138771533966, 0.5199861526489258]","[0.4800138771533966, 0.5199861526489258]",,,,
266,11,21.0,21,,mlp,,0,0,0,0,0,0,0,0,0.0,0.0,True,"[0.5587891936302185, 0.44121086597442627]","[0.5587891936302185, 0.44121086597442627]",,,,
287,12,21.0,21,59.33442306518555,mlp,,0,0,0,0,0,0,0,0,0.0,0.0,True,"[0.5700380206108093, 0.4299619197845459]","[0.5700380206108093, 0.4299619197845459]",,,,
304,13,17.0,17,,mlp,,0,0,0,0,0,0,0,0,0.0,0.0,True,"[0.45995527505874634, 0.5400447249412537]","[0.45995527505874634, 0.5400447249412537]",,,,
335,14,31.0,31,,mlp,,0,0,0,0,0,0,0,0,0.0,0.0,True,"[0.440942645072937, 0.5590572953224182]","[0.440942645072937, 0.5590572953224182]",,,,
349,15,14.0,14,,mlp,,0,0,0,0,0,0,0,0,0.0,0.0,True,"[0.4442814886569977, 0.5557184815406799]","[0.4442814886569977, 0.5557184815406799]",,,,
360,16,11.0,11,68.61278533935547,mlp,,0,0,0,0,0,0,0,0,0.0,0.0,True,"[0.5820825099945068, 0.4179174304008484]","[0.5820825099945068, 0.4179174304008484]",,,,
411,17,51.0,51,,mlp,,0,0,0,0,0,0,0,0,0.0,0.0,True,"[0.6010919213294983, 0.3989080488681793]","[0.6010919213294983, 0.3989080488681793]",,,,
461,18,50.0,50,,mlp,,0,0,0,0,0,0,0,0,0.0,0.0,True,"[0.5789821147918701, 0.42101791501045227]","[0.5789821147918701, 0.42101791501045227]",,,,
473,19,12.0,12,,mlp,,0,0,0,0,0,0,0,0,0.0,0.0,True,"[0.5776792168617249, 0.42232075333595276]","[0.5776792168617249, 0.42232075333595276]",,,,
487,20,14.0,14,130.51174926757812,mlp,,0,0,0,0,0,0,0,0,0.0,0.0,True,"[0.5798062682151794, 0.42019373178482056]","[0.5798062682151794, 0.42019373178482056]",,,,
511,21,24.0,24,,mlp,,0,0,0,0,0,0,0,0,0.0,0.0,True,"[0.3994952142238617, 0.6005047559738159]","[0.3994952142238617, 0.6005047559738159]",,,,
534,22,23.0,23,,mlp,,0,0,0,0,0,0,0,0,0.0,0.0,True,"[0.4126036763191223, 0.5873963236808777]","[0.4126036763191223, 0.5873963236808777]",,,,
552,23,18.0,18,,mlp,,0,0,0,0,0,0,0,0,0.0,0.0,True,"[0.5774404406547546, 0.4225594997406006]","[0.5774404406547546, 0.4225594997406006]",,,,
580,24,28.0,28,78.13890075683594,mlp,,0,0,0,0,0,0,0,0,0.0,0.0,True,"[0.5845183730125427, 0.4154816269874573]","[0.5845183730125427, 0.4154816269874573]",,,,
598,25,18.0,18,,mlp,,0,0,0,0,0,0,0,0,0.0,0.0,True,"[0.46004143357276917, 0.5399585962295532]","[0.46004143357276917, 0.5399585962295532]",,,,
617,26,19.0,19,,mlp,,0,0,0,0,0,0,0,0,0.0,0.0,True,"[0.4568442404270172, 0.5431557893753052]","[0.4568442404270172, 0.5431557893753052]",,,,
647,27,30.0,30,,mlp,,0,0,0,0,0,0,0,0,0.0,0.0,True,"[0.47039902210235596, 0.529600977897644]","[0.47039902210235596, 0.529600977897644]",,,,
672,28,25.0,25,77.76239776611328,mlp,,0,0,0,0,0,0,0,0,0.0,0.0,True,"[0.44071289896965027, 0.5592871308326721]","[0.44071289896965027, 0.5592871308326721]",,,,
698,29,26.0,26,,mlp,,0,0,0,0,0,0,0,0,0.0,0.0,True,"[0.3977276086807251, 0.6022723913192749]","[0.3977276086807251, 0.6022723913192749]",,,,
713,30,15.0,15,,mlp,,0,0,0,0,0,0,0,0,0.0,0.0,True,"[0.5981433987617493, 0.40185657143592834]","[0.5981433987617493, 0.40185657143592834]",,,,
779,31,66.0,66,,mlp,,0,0,0,0,0,0,0,0,0.0,0.0,True,"[0.5773628950119019, 0.42263707518577576]","[0.5773628950119019, 0.42263707518577576]",,,,
804,32,25.0,25,127.17845916748047,mlp,,0,0,0,0,0,0,0,0,0.0,0.0,True,"[0.409637451171875, 0.590362548828125]","[0.409637451171875, 0.590362548828125]",,,,
828,33,24.0,24,,mlp,,0,0,0,0,0,0,0,0,0.0,0.0,True,"[0.5693870782852173, 0.4306129217147827]","[0.5693870782852173, 0.4306129217147827]",,,,
843,34,15.0,15,,mlp,,0,0,0,0,0,0,0,0,0.0,0.0,True,"[0.62568598985672, 0.37431401014328003]","[0.62568598985672, 0.37431401014328003]",,,,
856,35,13.0,13,,mlp,,0,0,0,0,0,0,0,0,0.0,0.0,True,"[0.4133978486061096, 0.5866021513938904]","[0.4133978486061096, 0.5866021513938904]",,,,
870,36,14.0,14,52.87723922729492,mlp,,0,0,0,0,0,0,0,0,0.0,0.0,True,"[0.45506203174591064, 0.5449379682540894]","[0.45506203174591064, 0.5449379682540894]",,,,
884,37,14.0,14,,mlp,,0,0,0,0,0,0,0,0,0.0,0.0,True,"[0.6196263432502747, 0.38037362694740295]","[0.6196263432502747, 0.38037362694740295]",,,,
906,38,22.0,22,,mlp,,0,0,0,0,0,0,0,0,0.0,0.0,True,"[0.3568846583366394, 0.6431154012680054]","[0.3568846583366394, 0.6431154012680054]",,,,
939,39,33.0,33,,mlp,,0,0,0,0,0,0,0,0,0.0,0.0,True,"[0.4009166359901428, 0.5990833640098572]","[0.4009166359901428, 0.5990833640098572]",,,,
953,40,14.0,14,74.46943664550781,mlp,,0,0,0,0,0,0,0,0,0.0,0.0,True,"[0.5943626761436462, 0.40563729405403137]","[0.5943626761436462, 0.40563729405403137]",,,,
992,41,39.0,39,,mlp,,0,0,0,0,0,0,0,0,0.0,0.0,True,"[0.31037482619285583, 0.6896252036094666]","[0.31037482619285583, 0.6896252036094666]",,,,
1050,42,58.0,58,,mlp,,0,0,0,0,0,0,0,0,0.0,0.0,True,"[0.5736868977546692, 0.4263131618499756]","[0.5736868977546692, 0.4263131618499756]",,,,
1074,43,24.0,24,,mlp,,0,0,0,0,0,0,0,0,0.0,0.0,True,"[0.6104255318641663, 0.38957443833351135]","[0.6104255318641663, 0.38957443833351135]",,,,
1083,44,9.0,9,127.61239624023438,mlp,,0,0,0,0,0,0,0,0,0.0,0.0,True,"[0.63218754529953, 0.3678123950958252]","[0.63218754529953, 0.3678123950958252]",,,,
1107,45,24.0,24,,mlp,,0,0,0,0,0,0,0,0,0.0,0.0,True,"[0.4221799075603485, 0.5778200626373291]","[0.4221799075603485, 0.5778200626373291]",,,,
1136,46,29.0,29,,mlp,,0,0,0,0,0,0,0,0,0.0,0.0,True,"[0.4435148537158966, 0.5564851760864258]","[0.4435148537158966, 0.5564851760864258]",,,,
1152,47,16.0,16,,mlp,,0,0,0,0,0,0,0,0,0.0,0.0,True,"[0.6267037987709045, 0.37329620122909546]","[0.6267037987709045, 0.37329620122909546]",,,,
1181,48,29.0,29,82.13197326660156,mlp,,0,0,0,0,0,0,0,0,0.0,0.0,True,"[0.3595077693462372, 0.6404922604560852]","[0.3595077693462372, 0.6404922604560852]",,,,
1211,49,30.0,30,,mlp,,0,0,0,0,0,0,0,0,0.0,0.0,True,"[0.624401867389679, 0.37559816241264343]","[0.624401867389679, 0.37559816241264343]",,,,
1264,50,53.0,53,,mlp,,0,0,0,0,0,0,0,0,0.0,0.0,True,"[0.3733057677745819, 0.6266942024230957]","[0.3733057677745819, 0.6266942024230957]",,,,
1293,51,29.0,29,,mlp,,0,0,0,0,0,0,0,0,0.0,0.0,True,"[0.4823299050331116, 0.5176700949668884]","[0.4823299050331116, 0.5176700949668884]",,,,
1317,52,24.0,24,115.51892852783203,mlp,,0,0,0,0,0,0,0,0,0.0,0.0,True,"[0.6320921778678894, 0.367907851934433]","[0.6320921778678894, 0.367907851934433]",,,,
1363,53,46.0,46,,mlp,,0,0,0,0,0,0,0,0,0.0,0.0,True,"[0.3653726279735565, 0.6346273422241211]","[0.3653726279735565, 0.6346273422241211]",,,,
1382,54,19.0,19,,mlp,,0,0,0,0,0,0,0,0,0.0,0.0,True,"[0.3243779242038727, 0.6756221055984497]","[0.3243779242038727, 0.6756221055984497]",,,,
1432,55,50.0,50,,mlp,,0,0,0,0,0,0,0,0,0.0,0.0,True,"[0.6089778542518616, 0.39102208614349365]","[0.6089778542518616, 0.39102208614349365]",,,,
1451,56,19.0,19,120.13529205322266,mlp,,0,0,0,0,0,0,0,0,0.0,0.0,True,"[0.5570947527885437, 0.4429052174091339]","[0.5570947527885437, 0.4429052174091339]",,,,
1464,57,13.0,13,,mlp,,0,0,0,0,0,0,0,0,0.0,0.0,True,"[0.40300753712654114, 0.5969924330711365]","[0.40300753712654114, 0.5969924330711365]",,,,
1477,58,13.0,13,,mlp,,0,0,0,0,0,0,0,0,0.0,0.0,True,"[0.6356882452964783, 0.3643118143081665]","[0.6356882452964783, 0.3643118143081665]",,,,
1510,59,33.0,33,,mlp,,0,0,0,0,0,0,0,0,0.0,0.0,True,"[0.41363391280174255, 0.5863660573959351]","[0.41363391280174255, 0.5863660573959351]",,,,
1529,60,19.0,19,69.16539001464844,mlp,,0,0,0,0,0,0,0,0,0.0,0.0,True,"[0.6237937211990356, 0.37620630860328674]","[0.6237937211990356, 0.37620630860328674]",,,,
1546,61,17.0,17,,mlp,,0,0,0,0,0,0,0,0,0.0,0.0,True,"[0.4045998156070709, 0.5954001545906067]","[0.4045998156070709, 0.5954001545906067]",,,,
1576,62,30.0,30,,mlp,,0,0,0,0,0,0,0,0,0.0,0.0,True,"[0.6069257855415344, 0.39307424426078796]","[0.6069257855415344, 0.39307424426078796]",,,,
1593,63,17.0,17,,mlp,,0,0,0,0,0,0,0,0,0.0,0.0,True,"[0.6465121507644653, 0.3534877896308899]","[0.6465121507644653, 0.3534877896308899]",,,,
1607,64,14.0,14,63.45656967163086,mlp,,0,0,0,0,0,0,0,0,0.0,0.0,True,"[0.3845844268798828, 0.6154155731201172]","[0.3845844268798828, 0.6154155731201172]",,,,
1674,65,67.0,67,,mlp,,0,0,0,0,0,0,0,0,0.0,0.0,True,"[0.3026496171951294, 0.6973503828048706]","[0.3026496171951294, 0.6973503828048706]",,,,
1747,66,73.0,73,,mlp,,0,0,0,0,0,0,0,0,0.0,0.0,True,"[0.6003202795982361, 0.3996797204017639]","[0.6003202795982361, 0.3996797204017639]",,,,
1760,67,13.0,13,,mlp,,0,0,0,0,0,0,0,0,0.0,0.0,True,"[0.6910324096679688, 0.308967649936676]","[0.6910324096679688, 0.308967649936676]",,,,
1778,68,18.0,18,155.92544555664062,mlp,,0,0,0,0,0,0,0,0,0.0,0.0,True,"[0.4188852608203888, 0.5811147093772888]","[0.4188852608203888, 0.5811147093772888]",,,,
1838,69,60.0,60,,mlp,,0,0,0,0,0,0,0,0,0.0,0.0,True,"[0.6306450963020325, 0.36935484409332275]","[0.6306450963020325, 0.36935484409332275]",,,,
1856,70,18.0,18,,mlp,,0,0,0,0,0,0,0,0,0.0,0.0,True,"[0.4010818302631378, 0.5989181399345398]","[0.4010818302631378, 0.5989181399345398]",,,,
1908,71,52.0,52,,mlp,,0,0,0,0,0,0,0,0,0.0,0.0,True,"[0.6353498101234436, 0.3646501898765564]","[0.6353498101234436, 0.3646501898765564]",,,,
1920,72,12.0,12,134.71434020996094,mlp,,0,0,0,0,0,0,0,0,0.0,0.0,True,"[0.31206533312797546, 0.6879346966743469]","[0.31206533312797546, 0.6879346966743469]",,,,
1933,73,13.0,13,,mlp,,0,0,0,0,0,0,0,0,0.0,0.0,True,"[0.686343252658844, 0.3136567175388336]","[0.686343252658844, 0.3136567175388336]",,,,
1996,74,63.0,63,,mlp,,0,0,0,0,0,0,0,0,0.0,0.0,True,"[0.6437143683433533, 0.3562856614589691]","[0.6437143683433533, 0.3562856614589691]",,,,
2035,75,39.0,39,,mlp,,0,0,0,0,0,0,0,0,0.0,0.0,True,"[0.6603751182556152, 0.33962491154670715]","[0.6603751182556152, 0.33962491154670715]",,,,
2055,76,20.0,20,126.13274383544922,mlp,,0,0,0,0,0,0,0,0,0.0,0.0,True,"[0.40440094470977783, 0.5955990552902222]","[0.40440094470977783, 0.5955990552902222]",,,,
2090,77,35.0,35,,mlp,,0,0,0,0,0,0,0,0,0.0,0.0,True,"[0.4479255676269531, 0.5520744323730469]","[0.4479255676269531, 0.5520744323730469]",,,,
2135,78,45.0,45,,mlp,,0,0,0,0,0,0,0,0,0.0,0.0,True,"[0.46828341484069824, 0.5317165851593018]","[0.46828341484069824, 0.5317165851593018]",,,,
2151,79,16.0,16,,mlp,,0,0,0,0,0,0,0,0,0.0,0.0,True,"[0.4066154360771179, 0.5933845639228821]","[0.4066154360771179, 0.5933845639228821]",,,,
2174,80,23.0,23,101.70851135253906,mlp,,0,0,0,0,0,0,0,0,0.0,0.0,True,"[0.33805012702941895, 0.6619499325752258]","[0.33805012702941895, 0.6619499325752258]",,,,
2244,81,70.0,70,,mlp,,0,0,0,0,0,0,0,0,0.0,0.0,True,"[0.40091902017593384, 0.5990809202194214]","[0.40091902017593384, 0.5990809202194214]",,,,
2263,82,19.0,19,,mlp,,0,0,0,0,0,0,0,0,0.0,0.0,True,"[0.35534194111824036, 0.644658088684082]","[0.35534194111824036, 0.644658088684082]",,,,
2316,83,53.0,53,,mlp,,0,0,0,0,0,0,0,0,0.0,0.0,True,"[0.6748828291893005, 0.32511720061302185]","[0.6748828291893005, 0.32511720061302185]",,,,
2347,84,31.0,31,141.908203125,mlp,,0,0,0,0,0,0,0,0,0.0,0.0,True,"[0.3646589517593384, 0.6353409886360168]","[0.3646589517593384, 0.6353409886360168]",,,,
2505,85,158.0,158,,mlp,,0,0,0,0,0,0,0,0,0.0,0.0,True,"[0.6502768397331238, 0.3497231602668762]","[0.6502768397331238, 0.3497231602668762]",,,,
2525,86,20.0,20,,mlp,,0,0,0,0,0,0,0,0,0.0,0.0,True,"[0.3501918911933899, 0.6498081088066101]","[0.3501918911933899, 0.6498081088066101]",,,,
2546,87,21.0,21,,mlp,,0,0,0,0,0,0,0,0,0.0,0.0,True,"[0.30231183767318726, 0.6976881623268127]","[0.30231183767318726, 0.6976881623268127]",,,,
2572,88,26.0,26,181.90261840820312,mlp,,0,0,0,0,0,0,0,0,0.0,0.0,True,"[0.42561185359954834, 0.5743881464004517]","[0.42561185359954834, 0.5743881464004517]",,,,
2597,89,25.0,25,,mlp,,0,0,0,0,0,0,0,0,0.0,0.0,True,"[0.3232041597366333, 0.6767958998680115]","[0.3232041597366333, 0.6767958998680115]",,,,
2616,90,19.0,19,,mlp,,0,0,0,0,0,0,0,0,0.0,0.0,True,"[0.3671146631240845, 0.6328853368759155]","[0.3671146631240845, 0.6328853368759155]",,,,
2679,91,63.0,63,,mlp,,0,0,0,0,0,0,0,0,0.0,0.0,True,"[0.3819412291049957, 0.6180588006973267]","[0.3819412291049957, 0.6180588006973267]",,,,
2714,92,35.0,35,120.79289245605469,mlp,,0,0,0,0,0,0,0,0,0.0,0.0,True,"[0.37229713797569275, 0.6277028918266296]","[0.37229713797569275, 0.6277028918266296]",,,,
2738,93,24.0,24,,mlp,,0,0,0,0,0,0,0,0,0.0,0.0,True,"[0.6500645875930786, 0.3499353528022766]","[0.6500645875930786, 0.3499353528022766]",,,,
2838,94,100.0,100,,mlp,,0,0,0,0,0,0,0,0,0.0,0.0,True,"[0.6632843613624573, 0.33671557903289795]","[0.6632843613624573, 0.33671557903289795]",,,,
2868,95,30.0,30,,mlp,,0,0,0,0,0,0,0,0,0.0,0.0,True,"[0.34222477674484253, 0.6577752828598022]","[0.34222477674484253, 0.6577752828598022]",,,,
2890,96,22.0,22,149.5784454345703,mlp,,0,0,0,0,0,0,0,0,0.0,0.0,True,"[0.7073481678962708, 0.29265186190605164]","[0.7073481678962708, 0.29265186190605164]",,,,
2916,97,26.0,26,,mlp,,0,0,0,0,0,0,0,0,0.0,0.0,True,"[0.30941757559776306, 0.6905823945999146]","[0.30941757559776306, 0.6905823945999146]",,,,
2946,98,30.0,30,,mlp,,0,0,0,0,0,0,0,0,0.0,0.0,True,"[0.33796226978302, 0.6620376706123352]","[0.33796226978302, 0.6620376706123352]",,,,
2966,99,20.0,20,,mlp,,0,0,0,0,0,0,0,0,0.0,0.0,True,"[0.2775013744831085, 0.7224986553192139]","[0.2775013744831085, 0.7224986553192139]",,,,
3002,100,36.0,36,87.28524780273438,mlp,,0,0,0,0,0,0,0,0,0.0,0.0,True,"[0.37494388222694397, 0.6250560879707336]","[0.37494388222694397, 0.6250560879707336]",,,,
3106,101,104.0,104,,mlp,,0,0,0,0,0,0,0,0,0.0,0.0,True,"[0.39482927322387695, 0.605170726776123]","[0.39482927322387695, 0.605170726776123]",,,,
3166,102,60.0,60,,mlp,,0,0,0,0,0,0,0,0,0.0,0.0,True,"[0.6619806289672852, 0.33801937103271484]","[0.6619806289672852, 0.33801937103271484]",,,,
3232,103,66.0,66,,mlp,,0,0,0,0,0,0,0,0,0.0,0.0,True,"[0.6352231502532959, 0.3647769093513489]","[0.6352231502532959, 0.3647769093513489]",,,,
3267,104,35.0,35,173.57899475097656,mlp,,0,0,0,0,0,0,0,0,0.0,0.0,True,"[0.42583009600639343, 0.574169933795929]","[0.42583009600639343, 0.574169933795929]",,,,
3297,105,30.0,30,,mlp,,0,0,0,0,0,0,0,0,0.0,0.0,True,"[0.6340948939323425, 0.36590510606765747]","[0.6340948939323425, 0.36590510606765747]",,,,
3340,106,43.0,43,,mlp,,0,0,0,0,0,0,0,0,0.0,0.0,True,"[0.6776924729347229, 0.3223075568675995]","[0.6776924729347229, 0.3223075568675995]",,,,
3408,107,68.0,68,,mlp,,0,0,0,0,0,0,0,0,0.0,0.0,True,"[0.6109215021133423, 0.3890785574913025]","[0.6109215021133423, 0.3890785574913025]",,,,
3466,108,58.0,58,144.87779235839844,mlp,,0,0,0,0,0,0,0,0,0.0,0.0,True,"[0.33114346861839294, 0.6688565015792847]","[0.33114346861839294, 0.6688565015792847]",,,,
3515,109,49.0,49,,mlp,,0,0,0,0,0,0,0,0,0.0,0.0,True,"[0.34180280566215515, 0.6581972241401672]","[0.34180280566215515, 0.6581972241401672]",,,,
3535,110,20.0,20,,mlp,,0,0,0,0,0,0,0,0,0.0,0.0,True,"[0.6926943063735962, 0.3073056638240814]","[0.6926943063735962, 0.3073056638240814]",,,,
3619,111,84.0,84,,mlp,,0,0,0,0,0,0,0,0,0.0,0.0,True,"[0.3945613205432892, 0.6054386496543884]","[0.3945613205432892, 0.6054386496543884]",,,,
3677,112,58.0,58,156.0016326904297,mlp,,0,0,0,0,0,0,0,0,0.0,0.0,True,"[0.6491178274154663, 0.3508821427822113]","[0.6491178274154663, 0.3508821427822113]",,,,
3696,113,19.0,19,,mlp,,0,0,0,0,0,0,0,0,0.0,0.0,True,"[0.6808744668960571, 0.3191255033016205]","[0.6808744668960571, 0.3191255033016205]",,,,
3712,114,16.0,16,,mlp,,0,0,0,0,0,0,0,0,0.0,0.0,True,"[0.7363629341125488, 0.26363709568977356]","[0.7363629341125488, 0.26363709568977356]",,,,
3732,115,20.0,20,,mlp,,0,0,0,0,0,0,0,0,0.0,0.0,True,"[0.3023919463157654, 0.6976080536842346]","[0.3023919463157654, 0.6976080536842346]",,,,
3750,116,18.0,18,46.169010162353516,mlp,,0,0,0,0,0,0,0,0,0.0,0.0,True,"[0.7273283004760742, 0.27267172932624817]","[0.7273283004760742, 0.27267172932624817]",,,,
3775,117,25.0,25,,mlp,,0,0,0,0,0,0,0,0,0.0,0.0,True,"[0.3603415787220001, 0.6396583914756775]","[0.3603415787220001, 0.6396583914756775]",,,,
3889,118,114.0,114,,mlp,,0,0,0,0,0,0,0,0,0.0,0.0,True,"[0.706756591796875, 0.293243408203125]","[0.706756591796875, 0.293243408203125]",,,,
3943,119,54.0,54,,mlp,,0,0,0,0,0,0,0,0,0.0,0.0,True,"[0.21794889867305756, 0.782051146030426]","[0.21794889867305756, 0.782051146030426]",,,,
3966,120,23.0,23,162.95492553710938,mlp,,0,0,0,0,0,0,0,0,0.0,0.0,True,"[0.29947635531425476, 0.7005236148834229]","[0.29947635531425476, 0.7005236148834229]",,,,
3991,121,25.0,25,,mlp,,0,0,0,0,0,0,0,0,0.0,0.0,True,"[0.2660505771636963, 0.7339494228363037]","[0.2660505771636963, 0.7339494228363037]",,,,
4020,122,29.0,29,,mlp,,0,0,0,0,0,0,0,0,0.0,0.0,True,"[0.5525356531143188, 0.44746434688568115]","[0.5525356531143188, 0.44746434688568115]",,,,
4052,123,32.0,32,,mlp,,0,0,0,0,0,0,0,0,0.0,0.0,True,"[0.6940479278564453, 0.3059521019458771]","[0.6940479278564453, 0.3059521019458771]",,,,
4081,124,29.0,29,81.81327056884766,mlp,,0,0,0,0,0,0,0,0,0.0,0.0,True,"[0.6015233993530273, 0.39847663044929504]","[0.6015233993530273, 0.39847663044929504]",,,,
4124,125,43.0,43,,mlp,,0,0,0,0,0,0,0,0,0.0,0.0,True,"[0.6355664134025574, 0.3644335865974426]","[0.6355664134025574, 0.3644335865974426]",,,,
4258,126,134.0,134,,mlp,,0,0,0,0,0,0,0,0,0.0,0.0,True,"[0.6943687796592712, 0.30563122034072876]","[0.6943687796592712, 0.30563122034072876]",,,,
4352,127,94.0,94,,mlp,,0,0,0,0,0,0,0,0,0.0,0.0,True,"[0.2935013175010681, 0.7064986824989319]","[0.2935013175010681, 0.7064986824989319]",,,,
4380,128,28.0,28,182.8498077392578,mlp,,0,0,0,0,0,0,0,0,0.0,0.0,True,"[0.5211988091468811, 0.4788011908531189]","[0.5211988091468811, 0.4788011908531189]",,,,
4424,129,44.0,44,,mlp,,0,0,0,0,0,0,0,0,0.0,0.0,True,"[0.24979184567928314, 0.7502081990242004]","[0.24979184567928314, 0.7502081990242004]",,,,
4439,130,15.0,15,,mlp,,0,0,0,0,0,0,0,0,0.0,0.0,True,"[0.3052126169204712, 0.6947873830795288]","[0.3052126169204712, 0.6947873830795288]",,,,
4479,131,40.0,40,,mlp,,0,0,0,0,0,0,0,0,0.0,0.0,True,"[0.635585367679596, 0.36441469192504883]","[0.635585367679596, 0.36441469192504883]",,,,
4507,132,28.0,28,100.83299255371094,mlp,,0,0,0,0,0,0,0,0,0.0,0.0,True,"[0.6796565651893616, 0.3203434348106384]","[0.6796565651893616, 0.3203434348106384]",,,,
4561,133,54.0,54,,mlp,,0,0,0,0,0,0,0,0,0.0,0.0,True,"[0.6906288862228394, 0.30937108397483826]","[0.6906288862228394, 0.30937108397483826]",,,,
4598,134,37.0,37,,mlp,,0,0,0,0,0,0,0,0,0.0,0.0,True,"[0.395728200674057, 0.6042717695236206]","[0.395728200674057, 0.6042717695236206]",,,,
4624,135,26.0,26,,mlp,,0,0,0,0,0,0,0,0,0.0,0.0,True,"[0.360962450504303, 0.6390376091003418]","[0.360962450504303, 0.6390376091003418]",,,,
4667,136,43.0,43,116.37216186523438,mlp,,0,0,0,0,0,0,0,0,0.0,0.0,True,"[0.3448927402496338, 0.6551072597503662]","[0.3448927402496338, 0.6551072597503662]",,,,
4686,137,19.0,19,,mlp,,0,0,0,0,0,0,0,0,0.0,0.0,True,"[0.6636629104614258, 0.3363371193408966]","[0.6636629104614258, 0.3363371193408966]",,,,
4773,138,87.0,87,,mlp,,0,0,0,0,0,0,0,0,0.0,0.0,True,"[0.6852152943611145, 0.3147846758365631]","[0.6852152943611145, 0.3147846758365631]",,,,
4814,139,41.0,41,,mlp,,0,0,0,0,0,0,0,0,0.0,0.0,True,"[0.6168290972709656, 0.3831709325313568]","[0.6168290972709656, 0.3831709325313568]",,,,
4829,140,15.0,15,136.93798828125,mlp,,0,0,0,0,0,0,0,0,0.0,0.0,True,"[0.7139431834220886, 0.286056786775589]","[0.7139431834220886, 0.286056786775589]",,,,
4857,141,28.0,28,,mlp,,0,0,0,0,0,0,0,0,0.0,0.0,True,"[0.3779827952384949, 0.6220172047615051]","[0.3779827952384949, 0.6220172047615051]",,,,
4904,142,47.0,47,,mlp,,0,0,0,0,0,0,0,0,0.0,0.0,True,"[0.33780914545059204, 0.662190854549408]","[0.33780914545059204, 0.662190854549408]",,,,
4921,143,17.0,17,,mlp,,0,0,0,0,0,0,0,0,0.0,0.0,True,"[0.7381750345230103, 0.26182493567466736]","[0.7381750345230103, 0.26182493567466736]",,,,
4932,144,11.0,11,84.9581527709961,mlp,,0,0,0,0,0,0,0,0,0.0,0.0,True,"[0.22748543322086334, 0.7725146412849426]","[0.22748543322086334, 0.7725146412849426]",,,,
4952,145,20.0,20,,mlp,,0,0,0,0,0,0,0,0,0.0,0.0,True,"[0.6954254508018494, 0.30457451939582825]","[0.6954254508018494, 0.30457451939582825]",,,,
4984,146,32.0,32,,mlp,,0,0,0,0,0,0,0,0,0.0,0.0,True,"[0.39738497138023376, 0.6026150584220886]","[0.39738497138023376, 0.6026150584220886]",,,,
5026,147,42.0,42,,mlp,,0,0,0,0,0,0,0,0,0.0,0.0,True,"[0.6939558982849121, 0.30604416131973267]","[0.6939558982849121, 0.30604416131973267]",,,,
5063,148,37.0,37,92.91950225830078,mlp,,0,0,0,0,0,0,0,0,0.0,0.0,True,"[0.6412214636802673, 0.35877853631973267]","[0.6412214636802673, 0.35877853631973267]",,,,
5108,149,45.0,45,,mlp,,0,0,0,0,0,0,0,0,0.0,0.0,True,"[0.6831443309783936, 0.31685569882392883]","[0.6831443309783936, 0.31685569882392883]",,,,
5154,150,46.0,46,,mlp,,0,0,0,0,0,0,0,0,0.0,0.0,True,"[0.26686909794807434, 0.7331308722496033]","[0.26686909794807434, 0.7331308722496033]",,,,
5219,151,65.0,65,,mlp,,0,0,0,0,0,0,0,0,0.0,0.0,True,"[0.6109434962272644, 0.3890565037727356]","[0.6109434962272644, 0.3890565037727356]",,,,
5248,152,29.0,29,128.3717041015625,mlp,,0,0,0,0,0,0,0,0,0.0,0.0,True,"[0.7113659381866455, 0.2886340022087097]","[0.7113659381866455, 0.2886340022087097]",,,,
5288,153,40.0,40,,mlp,,0,0,0,0,0,0,0,0,0.0,0.0,True,"[0.2889220416545868, 0.7110779285430908]","[0.2889220416545868, 0.7110779285430908]",,,,
5333,154,45.0,45,,mlp,,0,0,0,0,0,0,0,0,0.0,0.0,True,"[0.34377774596214294, 0.6562222242355347]","[0.34377774596214294, 0.6562222242355347]",,,,
5386,155,53.0,53,,mlp,,0,0,0,0,0,0,0,0,0.0,0.0,True,"[0.5642336010932922, 0.4357663691043854]","[0.5642336010932922, 0.4357663691043854]",,,,
5403,156,17.0,17,113.60203552246094,mlp,,0,0,0,0,0,0,0,0,0.0,0.0,True,"[0.35472550988197327, 0.6452744603157043]","[0.35472550988197327, 0.6452744603157043]",,,,
5454,157,51.0,51,,mlp,,0,0,0,0,0,0,0,0,0.0,0.0,True,"[0.6055412888526917, 0.39445868134498596]","[0.6055412888526917, 0.39445868134498596]",,,,
5491,158,37.0,37,,mlp,,0,0,0,0,0,0,0,0,0.0,0.0,True,"[0.3799166977405548, 0.6200833320617676]","[0.3799166977405548, 0.6200833320617676]",,,,
5512,159,21.0,21,,mlp,,0,0,0,0,0,0,0,0,0.0,0.0,True,"[0.6502214670181274, 0.34977853298187256]","[0.6502214670181274, 0.34977853298187256]",,,,
5548,160,36.0,36,102.42911529541016,mlp,,0,0,0,0,0,0,0,0,0.0,0.0,True,"[0.29215577244758606, 0.7078441977500916]","[0.29215577244758606, 0.7078441977500916]",,,,
5571,161,23.0,23,,mlp,,0,0,0,0,0,0,0,0,0.0,0.0,True,"[0.3074786067008972, 0.692521333694458]","[0.3074786067008972, 0.692521333694458]",,,,
5596,162,25.0,25,,mlp,,0,0,0,0,0,0,0,0,0.0,0.0,True,"[0.7420410513877869, 0.25795891880989075]","[0.7420410513877869, 0.25795891880989075]",,,,
5640,163,44.0,44,,mlp,,0,0,0,0,0,0,0,0,0.0,0.0,True,"[0.7389463782310486, 0.2610536515712738]","[0.7389463782310486, 0.2610536515712738]",,,,
5678,164,38.0,38,88.6939468383789,mlp,,0,0,0,0,0,0,0,0,0.0,0.0,True,"[0.31924641132354736, 0.6807535886764526]","[0.31924641132354736, 0.6807535886764526]",,,,
5720,165,42.0,42,,mlp,,0,0,0,0,0,0,0,0,0.0,0.0,True,"[0.7478570938110352, 0.2521429657936096]","[0.7478570938110352, 0.2521429657936096]",,,,
5774,166,54.0,54,,mlp,,0,0,0,0,0,0,0,0,0.0,0.0,True,"[0.6480403542518616, 0.35195961594581604]","[0.6480403542518616, 0.35195961594581604]",,,,
5823,167,49.0,49,,mlp,,0,0,0,0,0,0,0,0,0.0,0.0,True,"[0.3505088686943054, 0.6494911313056946]","[0.3505088686943054, 0.6494911313056946]",,,,
5861,168,38.0,38,120.83330535888672,mlp,,0,0,0,0,0,0,0,0,0.0,0.0,True,"[0.29953742027282715, 0.7004625797271729]","[0.29953742027282715, 0.7004625797271729]",,,,
5896,169,35.0,35,,mlp,,0,0,0,0,0,0,0,0,0.0,0.0,True,"[0.19110755622386932, 0.8088924884796143]","[0.19110755622386932, 0.8088924884796143]",,,,
5946,170,50.0,50,,mlp,,0,0,0,0,0,0,0,0,0.0,0.0,True,"[0.7475487589836121, 0.2524512708187103]","[0.7475487589836121, 0.2524512708187103]",,,,
5962,171,16.0,16,,mlp,,0,0,0,0,0,0,0,0,0.0,0.0,True,"[0.28895553946495056, 0.711044430732727]","[0.28895553946495056, 0.711044430732727]",,,,
6037,172,75.0,75,128.93878173828125,mlp,,0,0,0,0,0,0,0,0,0.0,0.0,True,"[0.3031427562236786, 0.696857213973999]","[0.3031427562236786, 0.696857213973999]",,,,
6071,173,34.0,34,,mlp,,0,0,0,0,0,0,0,0,0.0,0.0,True,"[0.7360914349555969, 0.2639085650444031]","[0.7360914349555969, 0.2639085650444031]",,,,
6112,174,41.0,41,,mlp,,0,0,0,0,0,0,0,0,0.0,0.0,True,"[0.26895901560783386, 0.7310410141944885]","[0.26895901560783386, 0.7310410141944885]",,,,
6136,175,24.0,24,,mlp,,0,0,0,0,0,0,0,0,0.0,0.0,True,"[0.7601167559623718, 0.23988325893878937]","[0.7601167559623718, 0.23988325893878937]",,,,
6172,176,36.0,36,89.78306579589844,mlp,,0,0,0,0,0,0,0,0,0.0,0.0,True,"[0.7721555233001709, 0.22784452140331268]","[0.7721555233001709, 0.22784452140331268]",,,,
6194,177,22.0,22,,mlp,,0,0,0,0,0,0,0,0,0.0,0.0,True,"[0.33753272891044617, 0.6624672412872314]","[0.33753272891044617, 0.6624672412872314]",,,,
6265,178,71.0,71,,mlp,,0,0,0,0,0,0,0,0,0.0,0.0,True,"[0.32953962683677673, 0.6704604029655457]","[0.32953962683677673, 0.6704604029655457]",,,,
6340,179,75.0,75,,mlp,,0,0,0,0,0,0,0,0,0.0,0.0,True,"[0.6902220845222473, 0.3097779154777527]","[0.6902220845222473, 0.3097779154777527]",,,,
6373,180,33.0,33,138.92767333984375,mlp,,0,0,0,0,0,0,0,0,0.0,0.0,True,"[0.8031435012817383, 0.1968565136194229]","[0.8031435012817383, 0.1968565136194229]",,,,
6420,181,47.0,47,,mlp,,0,0,0,0,0,0,0,0,0.0,0.0,True,"[0.3064964711666107, 0.6935035586357117]","[0.3064964711666107, 0.6935035586357117]",,,,
6442,182,22.0,22,,mlp,,0,0,0,0,0,0,0,0,0.0,0.0,True,"[0.5724233388900757, 0.42757663130760193]","[0.5724233388900757, 0.42757663130760193]",,,,
6522,183,80.0,80,,mlp,,0,0,0,0,0,0,0,0,0.0,0.0,True,"[0.7508941292762756, 0.24910587072372437]","[0.7508941292762756, 0.24910587072372437]",,,,
6572,184,50.0,50,137.347900390625,mlp,,0,0,0,0,0,0,0,0,0.0,0.0,True,"[0.35606610774993896, 0.643933892250061]","[0.35606610774993896, 0.643933892250061]",,,,
6648,185,76.0,76,,mlp,,0,0,0,0,0,0,0,0,0.0,0.0,True,"[0.6874887943267822, 0.3125112056732178]","[0.6874887943267822, 0.3125112056732178]",,,,
6678,186,30.0,30,,mlp,,0,0,0,0,0,0,0,0,0.0,0.0,True,"[0.28190508484840393, 0.7180948853492737]","[0.28190508484840393, 0.7180948853492737]",,,,
6705,187,27.0,27,,mlp,,0,0,0,0,0,0,0,0,0.0,0.0,True,"[0.36575624346733093, 0.6342437267303467]","[0.36575624346733093, 0.6342437267303467]",,,,
6728,188,23.0,23,112.92147827148438,mlp,,0,0,0,0,0,0,0,0,0.0,0.0,True,"[0.3082835376262665, 0.6917164325714111]","[0.3082835376262665, 0.6917164325714111]",,,,
6758,189,30.0,30,,mlp,,0,0,0,0,0,0,0,0,0.0,0.0,True,"[0.3420150876045227, 0.6579849720001221]","[0.3420150876045227, 0.6579849720001221]",,,,
6894,190,136.0,136,,mlp,,0,0,0,0,0,0,0,0,0.0,0.0,True,"[0.14450064301490784, 0.8554993271827698]","[0.14450064301490784, 0.8554993271827698]",,,,
6978,191,84.0,84,,mlp,,0,0,0,0,0,0,0,0,0.0,0.0,True,"[0.3210640847682953, 0.6789359450340271]","[0.3210640847682953, 0.6789359450340271]",,,,
7004,192,26.0,26,169.08126831054688,mlp,,0,0,0,0,0,0,0,0,0.0,0.0,True,"[0.31084057688713074, 0.6891593933105469]","[0.31084057688713074, 0.6891593933105469]",,,,
7118,193,114.0,114,,mlp,,0,0,0,0,0,0,0,0,0.0,0.0,True,"[0.7613188028335571, 0.23868124186992645]","[0.7613188028335571, 0.23868124186992645]",,,,
7184,194,66.0,66,,mlp,,0,0,0,0,0,0,0,0,0.0,0.0,True,"[0.2599395513534546, 0.7400604486465454]","[0.2599395513534546, 0.7400604486465454]",,,,
7232,195,48.0,48,,mlp,,0,0,0,0,0,0,0,0,0.0,0.0,True,"[0.7016028761863708, 0.29839709401130676]","[0.7016028761863708, 0.29839709401130676]",,,,
7395,196,163.0,163,186.81126403808594,mlp,,0,0,0,0,0,0,0,0,0.0,0.0,True,"[0.6071833968162537, 0.3928166329860687]","[0.6071833968162537, 0.3928166329860687]",,,,
7442,197,47.0,47,,mlp,,0,0,0,0,0,0,0,0,0.0,0.0,True,"[0.3036723732948303, 0.6963276863098145]","[0.3036723732948303, 0.6963276863098145]",,,,
7462,198,20.0,20,,mlp,,0,0,0,0,0,0,0,0,0.0,0.0,True,"[0.2851559519767761, 0.7148439884185791]","[0.2851559519767761, 0.7148439884185791]",,,,
7533,199,71.0,71,,mlp,,0,0,0,0,0,0,0,0,0.0,0.0,True,"[0.7898696660995483, 0.21013028919696808]","[0.7898696660995483, 0.21013028919696808]",,,,
7555,200,22.0,22,114.74329376220703,mlp,,0,0,0,0,0,0,0,0,0.0,0.0,True,"[0.6532890796661377, 0.3467109203338623]","[0.6532890796661377, 0.3467109203338623]",,,,
7593,201,38.0,38,,mlp,,0,0,0,0,0,0,0,0,0.0,0.0,True,"[0.7114502191543579, 0.2885497808456421]","[0.7114502191543579, 0.2885497808456421]",,,,
7683,202,90.0,90,,mlp,,0,0,0,0,0,0,0,0,0.0,0.0,True,"[0.7262168526649475, 0.2737830877304077]","[0.7262168526649475, 0.2737830877304077]",,,,
7709,203,26.0,26,,mlp,,0,0,0,0,0,0,0,0,0.0,0.0,True,"[0.31524625420570374, 0.6847537755966187]","[0.31524625420570374, 0.6847537755966187]",,,,
7831,204,122.0,122,167.7663116455078,mlp,,0,0,0,0,0,0,0,0,0.0,0.0,True,"[0.48661699891090393, 0.5133830308914185]","[0.48661699891090393, 0.5133830308914185]",,,,
8018,205,187.0,187,,mlp,,0,0,0,0,0,0,0,0,0.0,0.0,True,"[0.4563254117965698, 0.5436745882034302]","[0.4563254117965698, 0.5436745882034302]",,,,
8129,206,111.0,111,,mlp,,0,0,0,0,0,0,0,0,0.0,0.0,True,"[0.2921321392059326, 0.7078678607940674]","[0.2921321392059326, 0.7078678607940674]",,,,
8254,207,125.0,125,,mlp,,0,0,0,0,0,0,0,0,0.0,0.0,True,"[0.29917091131210327, 0.7008290886878967]","[0.29917091131210327, 0.7008290886878967]",,,,
8266,208,12.0,12,194.43560791015625,mlp,,0,0,0,0,0,0,0,0,0.0,0.0,True,"[0.14223046600818634, 0.8577695488929749]","[0.14223046600818634, 0.8577695488929749]",,,,
8292,209,26.0,26,,mlp,,0,0,0,0,0,0,0,0,0.0,0.0,True,"[0.7265961766242981, 0.2734037935733795]","[0.7265961766242981, 0.2734037935733795]",,,,
8328,210,36.0,36,,mlp,,0,0,0,0,0,0,0,0,0.0,0.0,True,"[0.24454836547374725, 0.7554516196250916]","[0.24454836547374725, 0.7554516196250916]",,,,
8350,211,22.0,22,,mlp,,0,0,0,0,0,0,0,0,0.0,0.0,True,"[0.7577623724937439, 0.2422376126050949]","[0.7577623724937439, 0.2422376126050949]",,,,
8397,212,47.0,47,81.00347900390625,mlp,,0,0,0,0,0,0,0,0,0.0,0.0,True,"[0.2522742450237274, 0.7477257251739502]","[0.2522742450237274, 0.7477257251739502]",,,,
8418,213,21.0,21,,mlp,,0,0,0,0,0,0,0,0,0.0,0.0,True,"[0.7347726821899414, 0.2652272880077362]","[0.7347726821899414, 0.2652272880077362]",,,,
8469,214,51.0,51,,mlp,,0,0,0,0,0,0,0,0,0.0,0.0,True,"[0.8413524627685547, 0.1586475670337677]","[0.8413524627685547, 0.1586475670337677]",,,,
8497,215,28.0,28,,mlp,,0,0,0,0,0,0,0,0,0.0,0.0,True,"[0.7509989142417908, 0.2490011304616928]","[0.7509989142417908, 0.2490011304616928]",,,,
8548,216,51.0,51,97.12274932861328,mlp,,0,0,0,0,0,0,0,0,0.0,0.0,True,"[0.30091822147369385, 0.6990817785263062]","[0.30091822147369385, 0.6990817785263062]",,,,
8699,217,151.0,151,,mlp,,0,0,0,0,0,0,0,0,0.0,0.0,True,"[0.28433531522750854, 0.7156646847724915]","[0.28433531522750854, 0.7156646847724915]",,,,
8770,218,71.0,71,,mlp,,0,0,0,0,0,0,0,0,0.0,0.0,True,"[0.11996489763259888, 0.8800351023674011]","[0.11996489763259888, 0.8800351023674011]",,,,
8815,219,45.0,45,,mlp,,0,0,0,0,0,0,0,0,0.0,0.0,True,"[0.7698620557785034, 0.2301379293203354]","[0.7698620557785034, 0.2301379293203354]",,,,
8833,220,18.0,18,164.46261596679688,mlp,,0,0,0,0,0,0,0,0,0.0,0.0,True,"[0.2651447653770447, 0.7348552942276001]","[0.2651447653770447, 0.7348552942276001]",,,,
8906,221,73.0,73,,mlp,,0,0,0,0,0,0,0,0,0.0,0.0,True,"[0.21937784552574158, 0.7806221842765808]","[0.21937784552574158, 0.7806221842765808]",,,,
8925,222,19.0,19,,mlp,,0,0,0,0,0,0,0,0,0.0,0.0,True,"[0.20623257756233215, 0.7937674522399902]","[0.20623257756233215, 0.7937674522399902]",,,,
9053,223,128.0,128,,mlp,,0,0,0,0,0,0,0,0,0.0,0.0,True,"[0.3282451033592224, 0.6717548966407776]","[0.3282451033592224, 0.6717548966407776]",,,,
9078,224,25.0,25,155.30528259277344,mlp,,0,0,0,0,0,0,0,0,0.0,0.0,True,"[0.2196529507637024, 0.7803470492362976]","[0.2196529507637024, 0.7803470492362976]",,,,
9161,225,83.0,83,,mlp,,0,0,0,0,0,0,0,0,0.0,0.0,True,"[0.14720149338245392, 0.8527985215187073]","[0.14720149338245392, 0.8527985215187073]",,,,
9287,226,126.0,126,,mlp,,0,0,0,0,0,0,0,0,0.0,0.0,True,"[0.2404378205537796, 0.7595621943473816]","[0.2404378205537796, 0.7595621943473816]",,,,
9307,227,20.0,20,,mlp,,0,0,0,0,0,0,0,0,0.0,0.0,True,"[0.28706076741218567, 0.7129392027854919]","[0.28706076741218567, 0.7129392027854919]",,,,
9443,228,136.0,136,178.6483154296875,mlp,,0,0,0,0,0,0,0,0,0.0,0.0,True,"[0.7433727383613586, 0.25662729144096375]","[0.7433727383613586, 0.25662729144096375]",,,,
9508,229,65.0,65,,mlp,,0,0,0,0,0,0,0,0,0.0,0.0,True,"[0.1859586387872696, 0.8140413165092468]","[0.1859586387872696, 0.8140413165092468]",,,,
9569,230,61.0,61,,mlp,,0,0,0,0,0,0,0,0,0.0,0.0,True,"[0.15639108419418335, 0.8436089754104614]","[0.15639108419418335, 0.8436089754104614]",,,,
9713,231,144.0,144,,mlp,,0,0,0,0,0,0,0,0,0.0,0.0,True,"[0.6802015900611877, 0.3197983503341675]","[0.6802015900611877, 0.3197983503341675]",,,,
9751,232,38.0,38,160.3270263671875,mlp,,0,0,0,0,0,0,0,0,0.0,0.0,True,"[0.24583379924297333, 0.7541661858558655]","[0.24583379924297333, 0.7541661858558655]",,,,
9928,233,177.0,177,,mlp,,0,0,0,0,0,0,0,0,0.0,0.0,True,"[0.6580085754394531, 0.34199145436286926]","[0.6580085754394531, 0.34199145436286926]",,,,
9967,234,39.0,39,,mlp,,0,0,0,0,0,0,0,0,0.0,0.0,True,"[0.6918678879737854, 0.308132141828537]","[0.6918678879737854, 0.308132141828537]",,,,
9999,235,32.0,32,,mlp,,0,0,0,0,0,0,0,0,0.0,0.0,True,"[0.6978603601455688, 0.30213963985443115]","[0.6978603601455688, 0.30213963985443115]",,,,
10082,236,83.0,83,179.12115478515625,mlp,,0,0,0,0,0,0,0,0,0.0,0.0,True,"[0.801135778427124, 0.1988641619682312]","[0.801135778427124, 0.1988641619682312]",,,,
10242,237,160.0,160,,mlp,,0,0,0,0,0,0,0,0,0.0,0.0,True,"[0.8130738139152527, 0.18692614138126373]","[0.8130738139152527, 0.18692614138126373]",,,,
10269,238,27.0,27,,mlp,,0,0,0,0,0,0,0,0,0.0,0.0,True,"[0.795295000076294, 0.20470494031906128]","[0.795295000076294, 0.20470494031906128]",,,,
10282,239,13.0,13,,mlp,,0,0,0,0,0,0,0,0,0.0,0.0,True,"[0.1989128142595291, 0.8010871410369873]","[0.1989128142595291, 0.8010871410369873]",,,,
10354,240,72.0,72,169.28564453125,mlp,,0,0,0,0,0,0,0,0,0.0,0.0,True,"[0.10293278098106384, 0.8970671892166138]","[0.10293278098106384, 0.8970671892166138]",,,,
10519,241,165.0,165,,mlp,,0,0,0,0,0,0,0,0,0.0,0.0,True,"[0.7146584987640381, 0.2853415012359619]","[0.7146584987640381, 0.2853415012359619]",,,,
10555,242,36.0,36,,mlp,,0,0,0,0,0,0,0,0,0.0,0.0,True,"[0.15805873274803162, 0.8419412970542908]","[0.15805873274803162, 0.8419412970542908]",,,,
10614,243,59.0,59,,mlp,,0,0,0,0,0,0,0,0,0.0,0.0,True,"[0.8097118139266968, 0.19028818607330322]","[0.8097118139266968, 0.19028818607330322]",,,,
10748,244,134.0,134,183.5860137939453,mlp,,0,0,0,0,0,0,0,0,0.0,0.0,True,"[0.5962943434715271, 0.4037056863307953]","[0.5962943434715271, 0.4037056863307953]",,,,
10789,245,41.0,41,,mlp,,0,0,0,0,0,0,0,0,0.0,0.0,True,"[0.7324811220169067, 0.26751893758773804]","[0.7324811220169067, 0.26751893758773804]",,,,
10838,246,49.0,49,,mlp,,0,0,0,0,0,0,0,0,0.0,0.0,True,"[0.7717705965042114, 0.22822940349578857]","[0.7717705965042114, 0.22822940349578857]",,,,
10978,247,140.0,140,,mlp,,0,0,0,0,0,0,0,0,0.0,0.0,True,"[0.7566904425621033, 0.24330955743789673]","[0.7566904425621033, 0.24330955743789673]",,,,
11022,248,44.0,44,151.0861053466797,mlp,,0,0,0,0,0,0,0,0,0.0,0.0,True,"[0.13799652457237244, 0.8620034456253052]","[0.13799652457237244, 0.8620034456253052]",,,,
11040,249,18.0,18,,mlp,,0,0,0,0,0,0,0,0,0.0,0.0,True,"[0.7675652503967285, 0.2324347048997879]","[0.7675652503967285, 0.2324347048997879]",,,,
11256,250,216.0,216,,mlp,,0,0,0,0,0,0,0,0,0.0,0.0,True,"[0.17786531150341034, 0.8221346139907837]","[0.17786531150341034, 0.8221346139907837]",,,,
11287,251,31.0,31,,mlp,,0,0,0,0,0,0,0,0,0.0,0.0,True,"[0.8445009589195251, 0.15549901127815247]","[0.8445009589195251, 0.15549901127815247]",,,,
11366,252,79.0,79,177.00765991210938,mlp,,0,0,0,0,0,0,0,0,0.0,0.0,True,"[0.7313908934593201, 0.26860910654067993]","[0.7313908934593201, 0.26860910654067993]",,,,
11431,253,65.0,65,,mlp,,0,0,0,0,0,0,0,0,0.0,0.0,True,"[0.8065987229347229, 0.19340132176876068]","[0.8065987229347229, 0.19340132176876068]",,,,
11470,254,39.0,39,,mlp,,0,0,0,0,0,0,0,0,0.0,0.0,True,"[0.2512073218822479, 0.7487927079200745]","[0.2512073218822479, 0.7487927079200745]",,,,
11522,255,52.0,52,,mlp,,0,0,0,0,0,0,0,0,0.0,0.0,True,"[0.7669662237167358, 0.23303374648094177]","[0.7669662237167358, 0.23303374648094177]",,,,
11653,256,131.0,131,165.71429443359375,mlp,,0,0,0,0,0,0,0,0,0.0,0.0,True,"[0.6798445582389832, 0.32015547156333923]","[0.6798445582389832, 0.32015547156333923]",,,,
11765,257,112.0,112,,mlp,,0,0,0,0,0,0,0,0,0.0,0.0,True,"[0.16598565876483917, 0.834014356136322]","[0.16598565876483917, 0.834014356136322]",,,,
11796,258,31.0,31,,mlp,,0,0,0,0,0,0,0,0,0.0,0.0,True,"[0.7892759442329407, 0.21072404086589813]","[0.7892759442329407, 0.21072404086589813]",,,,
11817,259,21.0,21,,mlp,,0,0,0,0,0,0,0,0,0.0,0.0,True,"[0.79341721534729, 0.20658275485038757]","[0.79341721534729, 0.20658275485038757]",,,,
11945,260,128.0,128,161.92835998535156,mlp,,0,0,0,0,0,0,0,0,0.0,0.0,True,"[0.7006953954696655, 0.29930463433265686]","[0.7006953954696655, 0.29930463433265686]",,,,
11976,261,31.0,31,,mlp,,0,0,0,0,0,0,0,0,0.0,0.0,True,"[0.1991342157125473, 0.8008658289909363]","[0.1991342157125473, 0.8008658289909363]",,,,
12126,262,150.0,150,,mlp,,0,0,0,0,0,0,0,0,0.0,0.0,True,"[0.7671908140182495, 0.2328091412782669]","[0.7671908140182495, 0.2328091412782669]",,,,
12231,263,105.0,105,,mlp,,0,0,0,0,0,0,0,0,0.0,0.0,True,"[0.25678229331970215, 0.7432177662849426]","[0.25678229331970215, 0.7432177662849426]",,,,
12332,264,101.0,101,180.7266845703125,mlp,,0,0,0,0,0,0,0,0,0.0,0.0,True,"[0.7240557074546814, 0.2759442627429962]","[0.7240557074546814, 0.2759442627429962]",,,,
12379,265,47.0,47,,mlp,,0,0,0,0,0,0,0,0,0.0,0.0,True,"[0.8224788904190063, 0.17752109467983246]","[0.8224788904190063, 0.17752109467983246]",,,,
12525,266,146.0,146,,mlp,,0,0,0,0,0,0,0,0,0.0,0.0,True,"[0.11241492629051208, 0.8875850439071655]","[0.11241492629051208, 0.8875850439071655]",,,,
12578,267,53.0,53,,mlp,,0,0,0,0,0,0,0,0,0.0,0.0,True,"[0.22962602972984314, 0.7703739404678345]","[0.22962602972984314, 0.7703739404678345]",,,,
12747,268,169.0,169,171.87960815429688,mlp,,0,0,0,0,0,0,0,0,0.0,0.0,True,"[0.22215506434440613, 0.7778449058532715]","[0.22215506434440613, 0.7778449058532715]",,,,
12786,269,39.0,39,,mlp,,0,0,0,0,0,0,0,0,0.0,0.0,True,"[0.7507753968238831, 0.24922460317611694]","[0.7507753968238831, 0.24922460317611694]",,,,
12858,270,72.0,72,,mlp,,0,0,0,0,0,0,0,0,0.0,0.0,True,"[0.7074030041694641, 0.2925969362258911]","[0.7074030041694641, 0.2925969362258911]",,,,
12911,271,53.0,53,,mlp,,0,0,0,0,0,0,0,0,0.0,0.0,True,"[0.2403694987297058, 0.7596305012702942]","[0.2403694987297058, 0.7596305012702942]",,,,
12949,272,38.0,38,108.36348724365234,mlp,,0,0,0,0,0,0,0,0,0.0,0.0,True,"[0.1150565966963768, 0.884943425655365]","[0.1150565966963768, 0.884943425655365]",,,,
13149,273,200.0,200,,mlp,,0,0,0,0,0,0,0,0,0.0,0.0,True,"[0.7112705111503601, 0.2887294590473175]","[0.7112705111503601, 0.2887294590473175]",,,,
13168,274,19.0,19,,mlp,,0,0,0,0,0,0,0,0,0.0,0.0,True,"[0.10391347855329514, 0.8960865139961243]","[0.10391347855329514, 0.8960865139961243]",,,,
13226,275,58.0,58,,mlp,,0,0,0,0,0,0,0,0,0.0,0.0,True,"[0.8446161150932312, 0.15538389980793]","[0.8446161150932312, 0.15538389980793]",,,,
13337,276,111.0,111,178.14707946777344,mlp,,0,0,0,0,0,0,0,0,0.0,0.0,True,"[0.7629189491271973, 0.2370811104774475]","[0.7629189491271973, 0.2370811104774475]",,,,
13479,277,142.0,142,,mlp,,0,0,0,0,0,0,0,0,0.0,0.0,True,"[0.3008836507797241, 0.6991164088249207]","[0.3008836507797241, 0.6991164088249207]",,,,
13560,278,81.0,81,,mlp,,0,0,0,0,0,0,0,0,0.0,0.0,True,"[0.8217073082923889, 0.1782926619052887]","[0.8217073082923889, 0.1782926619052887]",,,,
13675,279,115.0,115,,mlp,,0,0,0,0,0,0,0,0,0.0,0.0,True,"[0.64054274559021, 0.35945725440979004]","[0.64054274559021, 0.35945725440979004]",,,,
13872,280,197.0,197,186.974365234375,mlp,,0,0,0,0,0,0,0,0,0.0,0.0,True,"[0.7764513492584229, 0.22354868054389954]","[0.7764513492584229, 0.22354868054389954]",,,,
14044,281,172.0,172,,mlp,,0,0,0,0,0,0,0,0,0.0,0.0,True,"[0.1651880294084549, 0.8348119854927063]","[0.1651880294084549, 0.8348119854927063]",,,,
14097,282,53.0,53,,mlp,,0,0,0,0,0,0,0,0,0.0,0.0,True,"[0.7745333909988403, 0.22546662390232086]","[0.7745333909988403, 0.22546662390232086]",,,,
14162,283,65.0,65,,mlp,,0,0,0,0,0,0,0,0,0.0,0.0,True,"[0.2851512134075165, 0.7148488163948059]","[0.2851512134075165, 0.7148488163948059]",,,,
14271,284,109.0,109,171.16424560546875,mlp,,0,0,0,0,0,0,0,0,0.0,0.0,True,"[0.8188611268997192, 0.18113887310028076]","[0.8188611268997192, 0.18113887310028076]",,,,
14366,285,95.0,95,,mlp,,0,0,0,0,0,0,0,0,0.0,0.0,True,"[0.7548913359642029, 0.2451086789369583]","[0.7548913359642029, 0.2451086789369583]",,,,
14482,286,116.0,116,,mlp,,0,0,0,0,0,0,0,0,0.0,0.0,True,"[0.8916301727294922, 0.10836981981992722]","[0.8916301727294922, 0.10836981981992722]",,,,
14569,287,87.0,87,,mlp,,0,0,0,0,0,0,0,0,0.0,0.0,True,"[0.21179340779781342, 0.7882065773010254]","[0.21179340779781342, 0.7882065773010254]",,,,
14618,288,49.0,49,152.48660278320312,mlp,,0,0,0,0,0,0,0,0,0.0,0.0,True,"[0.7971547842025757, 0.20284517109394073]","[0.7971547842025757, 0.20284517109394073]",,,,
14681,289,63.0,63,,mlp,,0,0,0,0,0,0,0,0,0.0,0.0,True,"[0.8642858266830444, 0.13571415841579437]","[0.8642858266830444, 0.13571415841579437]",,,,
14833,290,152.0,152,,mlp,,0,0,0,0,0,0,0,0,0.0,0.0,True,"[0.8503474593162537, 0.14965251088142395]","[0.8503474593162537, 0.14965251088142395]",,,,
14860,291,27.0,27,,mlp,,0,0,0,0,0,0,0,0,0.0,0.0,True,"[0.8155415058135986, 0.18445846438407898]","[0.8155415058135986, 0.18445846438407898]",,,,
14978,292,118.0,118,167.17129516601562,mlp,,0,0,0,0,0,0,0,0,0.0,0.0,True,"[0.3192119896411896, 0.680787980556488]","[0.3192119896411896, 0.680787980556488]",,,,
15322,293,344.0,344,,mlp,,0,0,0,0,0,0,0,0,0.0,0.0,True,"[0.3047213852405548, 0.6952785849571228]","[0.3047213852405548, 0.6952785849571228]",,,,
15377,294,55.0,55,,mlp,,0,0,0,0,0,0,0,0,0.0,0.0,True,"[0.11362643539905548, 0.8863736391067505]","[0.11362643539905548, 0.8863736391067505]",,,,
15402,295,25.0,25,,mlp,,0,0,0,0,0,0,0,0,0.0,0.0,True,"[0.08038520067930222, 0.9196147322654724]","[0.08038520067930222, 0.9196147322654724]",,,,
15417,296,15.0,15,192.1472625732422,mlp,,0,0,0,0,0,0,0,0,0.0,0.0,True,"[0.20715217292308807, 0.7928478121757507]","[0.20715217292308807, 0.7928478121757507]",,,,
15587,297,170.0,170,,mlp,,0,0,0,0,0,0,0,0,0.0,0.0,True,"[0.39226430654525757, 0.6077356934547424]","[0.39226430654525757, 0.6077356934547424]",,,,
15747,298,160.0,160,,mlp,,0,0,0,0,0,0,0,0,0.0,0.0,True,"[0.6780539751052856, 0.32194599509239197]","[0.6780539751052856, 0.32194599509239197]",,,,
15786,299,39.0,39,,mlp,,0,0,0,0,0,0,0,0,0.0,0.0,True,"[0.8227666616439819, 0.17723336815834045]","[0.8227666616439819, 0.17723336815834045]",,,,
15946,300,160.0,160,197.62026977539062,mlp,,0,0,0,0,0,0,0,0,0.0,0.0,True,"[0.35702693462371826, 0.6429730653762817]","[0.35702693462371826, 0.6429730653762817]",,,,
16061,301,115.0,115,,mlp,,0,0,0,0,0,0,0,0,0.0,0.0,True,"[0.7862856984138489, 0.21371427178382874]","[0.7862856984138489, 0.21371427178382874]",,,,
16163,302,102.0,102,,mlp,,0,0,0,0,0,0,0,0,0.0,0.0,True,"[0.1857048124074936, 0.81429523229599]","[0.1857048124074936, 0.81429523229599]",,,,
16354,303,191.0,191,,mlp,,0,0,0,0,0,0,0,0,0.0,0.0,True,"[0.2679136395454407, 0.7320863008499146]","[0.2679136395454407, 0.7320863008499146]",,,,
16451,304,97.0,97,179.11875915527344,mlp,,0,0,0,0,0,0,0,0,0.0,0.0,True,"[0.8815857768058777, 0.11841421574354172]","[0.8815857768058777, 0.11841421574354172]",,,,
16468,305,17.0,17,,mlp,,0,0,0,0,0,0,0,0,0.0,0.0,True,"[0.8695065379142761, 0.13049344718456268]","[0.8695065379142761, 0.13049344718456268]",,,,
16623,306,155.0,155,,mlp,,0,0,0,0,0,0,0,0,0.0,0.0,True,"[0.16127505898475647, 0.8387249112129211]","[0.16127505898475647, 0.8387249112129211]",,,,
16749,307,126.0,126,,mlp,,0,0,0,0,0,0,0,0,0.0,0.0,True,"[0.6671240329742432, 0.33287593722343445]","[0.6671240329742432, 0.33287593722343445]",,,,
16762,308,13.0,13,176.53529357910156,mlp,,0,0,0,0,0,0,0,0,0.0,0.0,True,"[0.1311085820198059, 0.8688914179801941]","[0.1311085820198059, 0.8688914179801941]",,,,
16882,309,120.0,120,,mlp,,0,0,0,0,0,0,0,0,0.0,0.0,True,"[0.7271560430526733, 0.27284395694732666]","[0.7271560430526733, 0.27284395694732666]",,,,
17130,310,248.0,248,,mlp,,0,0,0,0,0,0,0,0,0.0,0.0,True,"[0.3791058361530304, 0.620894193649292]","[0.3791058361530304, 0.620894193649292]",,,,
17263,311,133.0,133,,mlp,,0,0,0,0,0,0,0,0,0.0,0.0,True,"[0.2128080129623413, 0.7871920466423035]","[0.2128080129623413, 0.7871920466423035]",,,,
17381,312,118.0,118,211.983154296875,mlp,,0,0,0,0,0,0,0,0,0.0,0.0,True,"[0.415840744972229, 0.5841593146324158]","[0.415840744972229, 0.5841593146324158]",,,,
17486,313,105.0,105,,mlp,,0,0,0,0,0,0,0,0,0.0,0.0,True,"[0.1634189635515213, 0.8365810513496399]","[0.1634189635515213, 0.8365810513496399]",,,,
17546,314,60.0,60,,mlp,,0,0,0,0,0,0,0,0,0.0,0.0,True,"[0.8783800601959229, 0.12161992490291595]","[0.8783800601959229, 0.12161992490291595]",,,,
17658,315,112.0,112,,mlp,,0,0,0,0,0,0,0,0,0.0,0.0,True,"[0.6476503014564514, 0.3523496389389038]","[0.6476503014564514, 0.3523496389389038]",,,,
17806,316,148.0,148,206.14862060546875,mlp,,0,0,0,0,0,0,0,0,0.0,0.0,True,"[0.27461880445480347, 0.7253811955451965]","[0.27461880445480347, 0.7253811955451965]",,,,
17951,317,145.0,145,,mlp,,0,0,0,0,0,0,0,0,0.0,0.0,True,"[0.2800356447696686, 0.7199643850326538]","[0.2800356447696686, 0.7199643850326538]",,,,
18119,318,168.0,168,,mlp,,0,0,0,0,0,0,0,0,0.0,0.0,True,"[0.298697292804718, 0.701302707195282]","[0.298697292804718, 0.701302707195282]",,,,
18204,319,85.0,85,,mlp,,0,0,0,0,0,0,0,0,0.0,0.0,True,"[0.22250129282474518, 0.777498722076416]","[0.22250129282474518, 0.777498722076416]",,,,
18260,320,56.0,56,191.34999084472656,mlp,,0,0,0,0,0,0,0,0,0.0,0.0,True,"[0.8631749749183655, 0.13682502508163452]","[0.8631749749183655, 0.13682502508163452]",,,,
18289,321,29.0,29,,mlp,,0,0,0,0,0,0,0,0,0.0,0.0,True,"[0.8421554565429688, 0.15784446895122528]","[0.8421554565429688, 0.15784446895122528]",,,,
18437,322,148.0,148,,mlp,,0,0,0,0,0,0,0,0,0.0,0.0,True,"[0.4131859838962555, 0.5868139863014221]","[0.4131859838962555, 0.5868139863014221]",,,,
18469,323,32.0,32,,mlp,,0,0,0,0,0,0,0,0,0.0,0.0,True,"[0.8763410449028015, 0.12365902215242386]","[0.8763410449028015, 0.12365902215242386]",,,,
18494,324,25.0,25,134.34144592285156,mlp,,0,0,0,0,0,0,0,0,0.0,0.0,True,"[0.08459911495447159, 0.9154008626937866]","[0.08459911495447159, 0.9154008626937866]",,,,
18528,325,34.0,34,,mlp,,0,0,0,0,0,0,0,0,0.0,0.0,True,"[0.7668224573135376, 0.2331775277853012]","[0.7668224573135376, 0.2331775277853012]",,,,
18623,326,95.0,95,,mlp,,0,0,0,0,0,0,0,0,0.0,0.0,True,"[0.12866145372390747, 0.8713385462760925]","[0.12866145372390747, 0.8713385462760925]",,,,
18681,327,58.0,58,,mlp,,0,0,0,0,0,0,0,0,0.0,0.0,True,"[0.856217086315155, 0.1437828689813614]","[0.856217086315155, 0.1437828689813614]",,,,
18848,328,167.0,167,143.63572692871094,mlp,,0,0,0,0,0,0,0,0,0.0,0.0,True,"[0.8952509760856628, 0.10474901646375656]","[0.8952509760856628, 0.10474901646375656]",,,,
18875,329,27.0,27,,mlp,,0,0,0,0,0,0,0,0,0.0,0.0,True,"[0.15274851024150848, 0.8472514748573303]","[0.15274851024150848, 0.8472514748573303]",,,,
18978,330,103.0,103,,mlp,,0,0,0,0,0,0,0,0,0.0,0.0,True,"[0.8697296977043152, 0.13027028739452362]","[0.8697296977043152, 0.13027028739452362]",,,,
19056,331,78.0,78,,mlp,,0,0,0,0,0,0,0,0,0.0,0.0,True,"[0.8918240666389465, 0.10817591100931168]","[0.8918240666389465, 0.10817591100931168]",,,,
19250,332,194.0,194,179.99200439453125,mlp,,0,0,0,0,0,0,0,0,0.0,0.0,True,"[0.0881136879324913, 0.9118862748146057]","[0.0881136879324913, 0.9118862748146057]",,,,
19437,333,187.0,187,,mlp,,0,0,0,0,0,0,0,0,0.0,0.0,True,"[0.48702341318130493, 0.5129765868186951]","[0.48702341318130493, 0.5129765868186951]",,,,
19485,334,48.0,48,,mlp,,0,0,0,0,0,0,0,0,0.0,0.0,True,"[0.14255845546722412, 0.8574415445327759]","[0.14255845546722412, 0.8574415445327759]",,,,
19512,335,27.0,27,,mlp,,0,0,0,0,0,0,0,0,0.0,0.0,True,"[0.8544614911079407, 0.1455385535955429]","[0.8544614911079407, 0.1455385535955429]",,,,
19618,336,106.0,106,192.3835906982422,mlp,,0,0,0,0,0,0,0,0,0.0,0.0,True,"[0.44824838638305664, 0.5517516136169434]","[0.44824838638305664, 0.5517516136169434]",,,,
19684,337,66.0,66,,mlp,,0,0,0,0,0,0,0,0,0.0,0.0,True,"[0.23691415786743164, 0.7630858421325684]","[0.23691415786743164, 0.7630858421325684]",,,,
19762,338,78.0,78,,mlp,,0,0,0,0,0,0,0,0,0.0,0.0,True,"[0.900870144367218, 0.09912987798452377]","[0.900870144367218, 0.09912987798452377]",,,,
19902,339,140.0,140,,mlp,,0,0,0,0,0,0,0,0,0.0,0.0,True,"[0.16707070171833038, 0.832929253578186]","[0.16707070171833038, 0.832929253578186]",,,,
19941,340,39.0,39,181.30154418945312,mlp,,0,0,0,0,0,0,0,0,0.0,0.0,True,"[0.06298870593309402, 0.9370113611221313]","[0.06298870593309402, 0.9370113611221313]",,,,
20022,341,81.0,81,,mlp,,0,0,0,0,0,0,0,0,0.0,0.0,True,"[0.770507276058197, 0.22949275374412537]","[0.770507276058197, 0.22949275374412537]",,,,
20135,342,113.0,113,,mlp,,0,0,0,0,0,0,0,0,0.0,0.0,True,"[0.44346171617507935, 0.5565382838249207]","[0.44346171617507935, 0.5565382838249207]",,,,
20252,343,117.0,117,,mlp,,0,0,0,0,0,0,0,0,0.0,0.0,True,"[0.1240704357624054, 0.8759295344352722]","[0.1240704357624054, 0.8759295344352722]",,,,
20420,344,168.0,168,225.85055541992188,mlp,,0,0,0,0,0,0,0,0,0.0,0.0,True,"[0.40963974595069885, 0.5903602242469788]","[0.40963974595069885, 0.5903602242469788]",,,,
20585,345,165.0,165,,mlp,,0,0,0,0,0,0,0,0,0.0,0.0,True,"[0.12786032259464264, 0.8721397519111633]","[0.12786032259464264, 0.8721397519111633]",,,,
20757,346,172.0,172,,mlp,,0,0,0,0,0,0,0,0,0.0,0.0,True,"[0.286225825548172, 0.7137741446495056]","[0.286225825548172, 0.7137741446495056]",,,,
20826,347,69.0,69,,mlp,,0,0,0,0,0,0,0,0,0.0,0.0,True,"[0.8706862330436707, 0.12931378185749054]","[0.8706862330436707, 0.12931378185749054]",,,,
21133,348,307.0,307,188.1381072998047,mlp,,0,0,0,0,0,0,0,0,0.0,0.0,True,"[0.8873728513717651, 0.11262716352939606]","[0.8873728513717651, 0.11262716352939606]",,,,
21265,349,132.0,132,,mlp,,0,0,0,0,0,0,0,0,0.0,0.0,True,"[0.38531798124313354, 0.6146820783615112]","[0.38531798124313354, 0.6146820783615112]",,,,
21512,350,247.0,247,,mlp,,0,0,0,0,0,0,0,0,0.0,0.0,True,"[0.7771070599555969, 0.22289296984672546]","[0.7771070599555969, 0.22289296984672546]",,,,
21550,351,38.0,38,,mlp,,0,0,0,0,0,0,0,0,0.0,0.0,True,"[0.8271903991699219, 0.1728096306324005]","[0.8271903991699219, 0.1728096306324005]",,,,
21586,352,36.0,36,173.7093963623047,mlp,,0,0,0,0,0,0,0,0,0.0,0.0,True,"[0.7348580956459045, 0.2651418447494507]","[0.7348580956459045, 0.2651418447494507]",,,,
21782,353,196.0,196,,mlp,,0,0,0,0,0,0,0,0,0.0,0.0,True,"[0.9084236025810242, 0.09157634526491165]","[0.9084236025810242, 0.09157634526491165]",,,,
22063,354,281.0,281,,mlp,,0,0,0,0,0,0,0,0,0.0,0.0,True,"[0.8736080527305603, 0.1263919472694397]","[0.8736080527305603, 0.1263919472694397]",,,,
22115,355,52.0,52,,mlp,,0,0,0,0,0,0,0,0,0.0,0.0,True,"[0.8889732956886292, 0.11102674901485443]","[0.8889732956886292, 0.11102674901485443]",,,,
22225,356,110.0,110,181.55999755859375,mlp,,0,0,0,0,0,0,0,0,0.0,0.0,True,"[0.21551813185214996, 0.7844818234443665]","[0.21551813185214996, 0.7844818234443665]",,,,
22341,357,116.0,116,,mlp,,0,0,0,0,0,0,0,0,0.0,0.0,True,"[0.1428132802248001, 0.8571866750717163]","[0.1428132802248001, 0.8571866750717163]",,,,
22485,358,144.0,144,,mlp,,0,0,0,0,0,0,0,0,0.0,0.0,True,"[0.717549204826355, 0.28245076537132263]","[0.717549204826355, 0.28245076537132263]",,,,
22746,359,261.0,261,,mlp,,0,0,0,0,0,0,0,0,0.0,0.0,True,"[0.185877725481987, 0.8141222596168518]","[0.185877725481987, 0.8141222596168518]",,,,
22919,360,173.0,173,206.3424072265625,mlp,,0,0,0,0,0,0,0,0,0.0,0.0,True,"[0.21631334722042084, 0.7836866974830627]","[0.21631334722042084, 0.7836866974830627]",,,,
23042,361,123.0,123,,mlp,,0,0,0,0,0,0,0,0,0.0,0.0,True,"[0.541711151599884, 0.45828884840011597]","[0.541711151599884, 0.45828884840011597]",,,,
23088,362,46.0,46,,mlp,,0,0,0,0,0,0,0,0,0.0,0.0,True,"[0.786539614200592, 0.21346038579940796]","[0.786539614200592, 0.21346038579940796]",,,,
23248,363,160.0,160,,mlp,,0,0,0,0,0,0,0,0,0.0,0.0,True,"[0.21245260536670685, 0.7875473499298096]","[0.21245260536670685, 0.7875473499298096]",,,,
23432,364,184.0,184,198.2145538330078,mlp,,0,0,0,0,0,0,0,0,0.0,0.0,True,"[0.8626573085784912, 0.13734270632266998]","[0.8626573085784912, 0.13734270632266998]",,,,
23551,365,119.0,119,,mlp,,0,0,0,0,0,0,0,0,0.0,0.0,True,"[0.08266259729862213, 0.9173373579978943]","[0.08266259729862213, 0.9173373579978943]",,,,
23755,366,204.0,204,,mlp,,0,0,0,0,0,0,0,0,0.0,0.0,True,"[0.8177910447120667, 0.18220892548561096]","[0.8177910447120667, 0.18220892548561096]",,,,
23948,367,193.0,193,,mlp,,0,0,0,0,0,0,0,0,0.0,0.0,True,"[0.8327842950820923, 0.16721564531326294]","[0.8327842950820923, 0.16721564531326294]",,,,
24018,368,70.0,70,161.46286010742188,mlp,,0,0,0,0,0,0,0,0,0.0,0.0,True,"[0.9247044324874878, 0.075295589864254]","[0.9247044324874878, 0.075295589864254]",,,,
24080,369,62.0,62,,mlp,,0,0,0,0,0,0,0,0,0.0,0.0,True,"[0.12422479689121246, 0.8757752776145935]","[0.12422479689121246, 0.8757752776145935]",,,,
24244,370,164.0,164,,mlp,,0,0,0,0,0,0,0,0,0.0,0.0,True,"[0.15415522456169128, 0.8458447456359863]","[0.15415522456169128, 0.8458447456359863]",,,,
24310,371,66.0,66,,mlp,,0,0,0,0,0,0,0,0,0.0,0.0,True,"[0.15119516849517822, 0.8488048911094666]","[0.15119516849517822, 0.8488048911094666]",,,,
24508,372,198.0,198,150.34352111816406,mlp,,0,0,0,0,0,0,0,0,0.0,0.0,True,"[0.2713325321674347, 0.7286674976348877]","[0.2713325321674347, 0.7286674976348877]",,,,
24805,373,297.0,297,,mlp,,0,0,0,0,0,0,0,0,0.0,0.0,True,"[0.8492383360862732, 0.1507617086172104]","[0.8492383360862732, 0.1507617086172104]",,,,
24916,374,111.0,111,,mlp,,0,0,0,0,0,0,0,0,0.0,0.0,True,"[0.09528922289609909, 0.9047108292579651]","[0.09528922289609909, 0.9047108292579651]",,,,
24999,375,83.0,83,,mlp,,0,0,0,0,0,0,0,0,0.0,0.0,True,"[0.13052619993686676, 0.8694738149642944]","[0.13052619993686676, 0.8694738149642944]",,,,
25116,376,117.0,117,177.67820739746094,mlp,,0,0,0,0,0,0,0,0,0.0,0.0,True,"[0.0932433009147644, 0.9067567586898804]","[0.0932433009147644, 0.9067567586898804]",,,,
25245,377,129.0,129,,mlp,,0,0,0,0,0,0,0,0,0.0,0.0,True,"[0.7743691205978394, 0.22563092410564423]","[0.7743691205978394, 0.22563092410564423]",,,,
25402,378,157.0,157,,mlp,,0,0,0,0,0,0,0,0,0.0,0.0,True,"[0.8677026033401489, 0.1322973370552063]","[0.8677026033401489, 0.1322973370552063]",,,,
25577,379,175.0,175,,mlp,,0,0,0,0,0,0,0,0,0.0,0.0,True,"[0.9022011756896973, 0.09779880195856094]","[0.9022011756896973, 0.09779880195856094]",,,,
25672,380,95.0,95,207.3390655517578,mlp,,0,0,0,0,0,0,0,0,0.0,0.0,True,"[0.902409553527832, 0.09759046882390976]","[0.902409553527832, 0.09759046882390976]",,,,
25892,381,220.0,220,,mlp,,0,0,0,0,0,0,0,0,0.0,0.0,True,"[0.4836219251155853, 0.5163780450820923]","[0.4836219251155853, 0.5163780450820923]",,,,
25985,382,93.0,93,,mlp,,0,0,0,0,0,0,0,0,0.0,0.0,True,"[0.8947504162788391, 0.10524965077638626]","[0.8947504162788391, 0.10524965077638626]",,,,
26134,383,149.0,149,,mlp,,0,0,0,0,0,0,0,0,0.0,0.0,True,"[0.116104856133461, 0.8838951587677002]","[0.116104856133461, 0.8838951587677002]",,,,
26403,384,269.0,269,197.1603546142578,mlp,,0,0,0,0,0,0,0,0,0.0,0.0,True,"[0.06922326982021332, 0.9307767748832703]","[0.06922326982021332, 0.9307767748832703]",,,,
26479,385,76.0,76,,mlp,,0,0,0,0,0,0,0,0,0.0,0.0,True,"[0.6876267790794373, 0.31237322092056274]","[0.6876267790794373, 0.31237322092056274]",,,,
26587,386,108.0,108,,mlp,,0,0,0,0,0,0,0,0,0.0,0.0,True,"[0.8880947232246399, 0.11190524697303772]","[0.8880947232246399, 0.11190524697303772]",,,,
26745,387,158.0,158,,mlp,,0,0,0,0,0,0,0,0,0.0,0.0,True,"[0.5680452585220337, 0.4319547414779663]","[0.5680452585220337, 0.4319547414779663]",,,,
26785,388,40.0,40,189.4366912841797,mlp,,0,0,0,0,0,0,0,0,0.0,0.0,True,"[0.9213393926620483, 0.07866066694259644]","[0.9213393926620483, 0.07866066694259644]",,,,
26906,389,121.0,121,,mlp,,0,0,0,0,0,0,0,0,0.0,0.0,True,"[0.1204812079668045, 0.8795187473297119]","[0.1204812079668045, 0.8795187473297119]",,,,
27231,390,325.0,325,,mlp,,0,0,0,0,0,0,0,0,0.0,0.0,True,"[0.7468010783195496, 0.25319892168045044]","[0.7468010783195496, 0.25319892168045044]",,,,
27399,391,168.0,168,,mlp,,0,0,0,0,0,0,0,0,0.0,0.0,True,"[0.8678830862045288, 0.13211692869663239]","[0.8678830862045288, 0.13211692869663239]",,,,
27485,392,86.0,86,205.11111450195312,mlp,,0,0,0,0,0,0,0,0,0.0,0.0,True,"[0.8032659292221069, 0.19673408567905426]","[0.8032659292221069, 0.19673408567905426]",,,,
27511,393,26.0,26,,mlp,,0,0,0,0,0,0,0,0,0.0,0.0,True,"[0.11069229245185852, 0.8893076777458191]","[0.11069229245185852, 0.8893076777458191]",,,,
27683,394,172.0,172,,mlp,,0,0,0,0,0,0,0,0,0.0,0.0,True,"[0.7956304550170898, 0.20436955988407135]","[0.7956304550170898, 0.20436955988407135]",,,,
27803,395,120.0,120,,mlp,,0,0,0,0,0,0,0,0,0.0,0.0,True,"[0.23837687075138092, 0.7616231441497803]","[0.23837687075138092, 0.7616231441497803]",,,,
27899,396,96.0,96,197.73703002929688,mlp,,0,0,0,0,0,0,0,0,0.0,0.0,True,"[0.17331095039844513, 0.8266890645027161]","[0.17331095039844513, 0.8266890645027161]",,,,
28262,397,363.0,363,,mlp,,0,0,0,0,0,0,0,0,0.0,0.0,True,"[0.5493753552436829, 0.45062461495399475]","[0.5493753552436829, 0.45062461495399475]",,,,
28346,398,84.0,84,,mlp,,0,0,0,0,0,0,0,0,0.0,0.0,True,"[0.156731516122818, 0.8432684540748596]","[0.156731516122818, 0.8432684540748596]",,,,
28771,399,425.0,425,,mlp,,0,0,0,0,0,0,0,0,0.0,0.0,True,"[0.380215048789978, 0.619784951210022]","[0.380215048789978, 0.619784951210022]",,,,
29001,400,230.0,230,192.45925903320312,mlp,,0,0,0,0,0,0,0,0,0.0,0.0,True,"[0.5997716784477234, 0.4002282917499542]","[0.5997716784477234, 0.4002282917499542]",,,,
29302,401,301.0,301,,mlp,,0,0,0,0,0,0,0,0,0.0,0.0,True,"[0.7055767178535461, 0.29442328214645386]","[0.7055767178535461, 0.29442328214645386]",,,,
29421,402,119.0,119,,mlp,,0,0,0,0,0,0,0,0,0.0,0.0,True,"[0.2027425616979599, 0.7972574234008789]","[0.2027425616979599, 0.7972574234008789]",,,,
29721,403,300.0,300,,mlp,,0,0,0,0,0,0,0,0,0.0,0.0,True,"[0.6434298157691956, 0.35657018423080444]","[0.6434298157691956, 0.35657018423080444]",,,,
29872,404,151.0,151,190.78701782226562,mlp,,0,0,0,0,0,0,0,0,0.0,0.0,True,"[0.8325650095939636, 0.1674349457025528]","[0.8325650095939636, 0.1674349457025528]",,,,
30140,405,268.0,268,,mlp,,0,0,0,0,0,0,0,0,0.0,0.0,True,"[0.2388075292110443, 0.7611924409866333]","[0.2388075292110443, 0.7611924409866333]",,,,
30301,406,161.0,161,,mlp,,0,0,0,0,0,0,0,0,0.0,0.0,True,"[0.29768696427345276, 0.7023130059242249]","[0.29768696427345276, 0.7023130059242249]",,,,
30511,407,210.0,210,,mlp,,0,0,0,0,0,0,0,0,0.0,0.0,True,"[0.3017723858356476, 0.69822758436203]","[0.3017723858356476, 0.69822758436203]",,,,
30691,408,180.0,180,171.7162322998047,mlp,,0,0,0,0,0,0,0,0,0.0,0.0,True,"[0.201032355427742, 0.7989675998687744]","[0.201032355427742, 0.7989675998687744]",,,,
30825,409,134.0,134,,mlp,,0,0,0,0,0,0,0,0,0.0,0.0,True,"[0.22696056962013245, 0.7730394005775452]","[0.22696056962013245, 0.7730394005775452]",,,,
30904,410,79.0,79,,mlp,,0,0,0,0,0,0,0,0,0.0,0.0,True,"[0.13894212245941162, 0.8610578179359436]","[0.13894212245941162, 0.8610578179359436]",,,,
31067,411,163.0,163,,mlp,,0,0,0,0,0,0,0,0,0.0,0.0,True,"[0.05451588332653046, 0.9454841017723083]","[0.05451588332653046, 0.9454841017723083]",,,,
31259,412,192.0,192,223.09173583984375,mlp,,0,0,0,0,0,0,0,0,0.0,0.0,True,"[0.4274633228778839, 0.5725366473197937]","[0.4274633228778839, 0.5725366473197937]",,,,
31427,413,168.0,168,,mlp,,0,0,0,0,0,0,0,0,0.0,0.0,True,"[0.5574115514755249, 0.4425884783267975]","[0.5574115514755249, 0.4425884783267975]",,,,
31549,414,122.0,122,,mlp,,0,0,0,0,0,0,0,0,0.0,0.0,True,"[0.9329631924629211, 0.06703684478998184]","[0.9329631924629211, 0.06703684478998184]",,,,
31850,415,301.0,301,,mlp,,0,0,0,0,0,0,0,0,0.0,0.0,True,"[0.6567860245704651, 0.3432139456272125]","[0.6567860245704651, 0.3432139456272125]",,,,
32026,416,176.0,176,203.67613220214844,mlp,,0,0,0,0,0,0,0,0,0.0,0.0,True,"[0.4161384701728821, 0.5838615298271179]","[0.4161384701728821, 0.5838615298271179]",,,,
32082,417,56.0,56,,mlp,,0,0,0,0,0,0,0,0,0.0,0.0,True,"[0.08708272129297256, 0.9129173159599304]","[0.08708272129297256, 0.9129173159599304]",,,,
32173,418,91.0,91,,mlp,,0,0,0,0,0,0,0,0,0.0,0.0,True,"[0.8671303987503052, 0.13286958634853363]","[0.8671303987503052, 0.13286958634853363]",,,,
32278,419,105.0,105,,mlp,,0,0,0,0,0,0,0,0,0.0,0.0,True,"[0.7367063164710999, 0.26329365372657776]","[0.7367063164710999, 0.26329365372657776]",,,,
32487,420,209.0,209,249.5045928955078,mlp,,0,0,0,0,0,0,0,0,0.0,0.0,True,"[0.7797110080718994, 0.2202889621257782]","[0.7797110080718994, 0.2202889621257782]",,,,
32867,421,380.0,380,,mlp,,0,0,0,0,0,0,0,0,0.0,0.0,True,"[0.2491115778684616, 0.7508883476257324]","[0.2491115778684616, 0.7508883476257324]",,,,
33171,422,304.0,304,,mlp,,0,0,0,0,0,0,0,0,0.0,0.0,True,"[0.14569996297359467, 0.8543000817298889]","[0.14569996297359467, 0.8543000817298889]",,,,
33628,423,457.0,457,,mlp,,0,0,0,0,0,0,0,0,0.0,0.0,True,"[0.07015379518270493, 0.9298461675643921]","[0.07015379518270493, 0.9298461675643921]",,,,
33685,424,57.0,57,165.01950073242188,mlp,,0,0,0,0,0,0,0,0,0.0,0.0,True,"[0.06926620006561279, 0.9307337999343872]","[0.06926620006561279, 0.9307337999343872]",,,,
33735,425,50.0,50,,mlp,,0,0,0,0,0,0,0,0,0.0,0.0,True,"[0.1817319393157959, 0.8182681202888489]","[0.1817319393157959, 0.8182681202888489]",,,,
33756,426,21.0,21,,mlp,,0,0,0,0,0,0,0,0,0.0,0.0,True,"[0.9196133613586426, 0.08038660883903503]","[0.9196133613586426, 0.08038660883903503]",,,,
33950,427,194.0,194,,mlp,,0,0,0,0,0,0,0,0,0.0,0.0,True,"[0.8979713916778564, 0.10202857106924057]","[0.8979713916778564, 0.10202857106924057]",,,,
34126,428,176.0,176,224.44427490234375,mlp,,0,0,0,0,0,0,0,0,0.0,0.0,True,"[0.6921879649162292, 0.307811975479126]","[0.6921879649162292, 0.307811975479126]",,,,
34403,429,277.0,277,,mlp,,0,0,0,0,0,0,0,0,0.0,0.0,True,"[0.10103226453065872, 0.8989677429199219]","[0.10103226453065872, 0.8989677429199219]",,,,
34608,430,205.0,205,,mlp,,0,0,0,0,0,0,0,0,0.0,0.0,True,"[0.22878290712833405, 0.7712171077728271]","[0.22878290712833405, 0.7712171077728271]",,,,
34927,431,319.0,319,,mlp,,0,0,0,0,0,0,0,0,0.0,0.0,True,"[0.3092988133430481, 0.6907012462615967]","[0.3092988133430481, 0.6907012462615967]",,,,
35176,432,249.0,249,173.10125732421875,mlp,,0,0,0,0,0,0,0,0,0.0,0.0,True,"[0.743519127368927, 0.256480872631073]","[0.743519127368927, 0.256480872631073]",,,,
35378,433,202.0,202,,mlp,,0,0,0,0,0,0,0,0,0.0,0.0,True,"[0.29330897331237793, 0.7066910862922668]","[0.29330897331237793, 0.7066910862922668]",,,,
35408,434,30.0,30,,mlp,,0,0,0,0,0,0,0,0,0.0,0.0,True,"[0.07664036005735397, 0.9233596324920654]","[0.07664036005735397, 0.9233596324920654]",,,,
35604,435,196.0,196,,mlp,,0,0,0,0,0,0,0,0,0.0,0.0,True,"[0.09045220166444778, 0.909547746181488]","[0.09045220166444778, 0.909547746181488]",,,,
35707,436,103.0,103,185.7458953857422,mlp,,0,0,0,0,0,0,0,0,0.0,0.0,True,"[0.8829162120819092, 0.11708375811576843]","[0.8829162120819092, 0.11708375811576843]",,,,
35938,437,231.0,231,,mlp,,0,0,0,0,0,0,0,0,0.0,0.0,True,"[0.4116653501987457, 0.5883346796035767]","[0.4116653501987457, 0.5883346796035767]",,,,
36143,438,205.0,205,,mlp,,0,0,0,0,0,0,0,0,0.0,0.0,True,"[0.8623647093772888, 0.13763529062271118]","[0.8623647093772888, 0.13763529062271118]",,,,
36398,439,255.0,255,,mlp,,0,0,0,0,0,0,0,0,0.0,0.0,True,"[0.9206147193908691, 0.07938529551029205]","[0.9206147193908691, 0.07938529551029205]",,,,
36521,440,123.0,123,194.36680603027344,mlp,,0,0,0,0,0,0,0,0,0.0,0.0,True,"[0.08959273248910904, 0.9104072451591492]","[0.08959273248910904, 0.9104072451591492]",,,,
36729,441,208.0,208,,mlp,,0,0,0,0,0,0,0,0,0.0,0.0,True,"[0.3122304081916809, 0.6877695918083191]","[0.3122304081916809, 0.6877695918083191]",,,,
36906,442,177.0,177,,mlp,,0,0,0,0,0,0,0,0,0.0,0.0,True,"[0.7159332633018494, 0.28406670689582825]","[0.7159332633018494, 0.28406670689582825]",,,,
37167,443,261.0,261,,mlp,,0,0,0,0,0,0,0,0,0.0,0.0,True,"[0.08713739365339279, 0.9128625392913818]","[0.08713739365339279, 0.9128625392913818]",,,,
37207,444,40.0,40,160.984130859375,mlp,,0,0,0,0,0,0,0,0,0.0,0.0,True,"[0.09944434463977814, 0.9005556106567383]","[0.09944434463977814, 0.9005556106567383]",,,,
37356,445,149.0,149,,mlp,,0,0,0,0,0,0,0,0,0.0,0.0,True,"[0.7946959137916565, 0.2053040862083435]","[0.7946959137916565, 0.2053040862083435]",,,,
37628,446,272.0,272,,mlp,,0,0,0,0,0,0,0,0,0.0,0.0,True,"[0.1115543469786644, 0.8884456753730774]","[0.1115543469786644, 0.8884456753730774]",,,,
37846,447,218.0,218,,mlp,,0,0,0,0,0,0,0,0,0.0,0.0,True,"[0.5545992851257324, 0.4454007148742676]","[0.5545992851257324, 0.4454007148742676]",,,,
38172,448,326.0,326,188.71766662597656,mlp,,0,0,0,0,0,0,0,0,0.0,0.0,True,"[0.11943525075912476, 0.88056480884552]","[0.11943525075912476, 0.88056480884552]",,,,
38422,449,250.0,250,,mlp,,0,0,0,0,0,0,0,0,0.0,0.0,True,"[0.3974080979824066, 0.602591872215271]","[0.3974080979824066, 0.602591872215271]",,,,
38615,450,193.0,193,,mlp,,0,0,0,0,0,0,0,0,0.0,0.0,True,"[0.06032406911253929, 0.9396759271621704]","[0.06032406911253929, 0.9396759271621704]",,,,
38647,451,32.0,32,,mlp,,0,0,0,0,0,0,0,0,0.0,0.0,True,"[0.07237227261066437, 0.9276277422904968]","[0.07237227261066437, 0.9276277422904968]",,,,
38834,452,187.0,187,184.3332061767578,mlp,,0,0,0,0,0,0,0,0,0.0,0.0,True,"[0.1267964094877243, 0.8732035756111145]","[0.1267964094877243, 0.8732035756111145]",,,,
39003,453,169.0,169,,mlp,,0,0,0,0,0,0,0,0,0.0,0.0,True,"[0.1717139333486557, 0.8282860517501831]","[0.1717139333486557, 0.8282860517501831]",,,,
39158,454,155.0,155,,mlp,,0,0,0,0,0,0,0,0,0.0,0.0,True,"[0.7670470476150513, 0.2329529970884323]","[0.7670470476150513, 0.2329529970884323]",,,,
39438,455,280.0,280,,mlp,,0,0,0,0,0,0,0,0,0.0,0.0,True,"[0.07028237730264664, 0.9297176599502563]","[0.07028237730264664, 0.9297176599502563]",,,,
39577,456,139.0,139,180.91314697265625,mlp,,0,0,0,0,0,0,0,0,0.0,0.0,True,"[0.9358088970184326, 0.06419108062982559]","[0.9358088970184326, 0.06419108062982559]",,,,
39778,457,201.0,201,,mlp,,0,0,0,0,0,0,0,0,0.0,0.0,True,"[0.6022400259971619, 0.39775997400283813]","[0.6022400259971619, 0.39775997400283813]",,,,
40111,458,333.0,333,,mlp,,0,0,0,0,0,0,0,0,0.0,0.0,True,"[0.11631157994270325, 0.8836883902549744]","[0.11631157994270325, 0.8836883902549744]",,,,
40278,459,167.0,167,,mlp,,0,0,0,0,0,0,0,0,0.0,0.0,True,"[0.9150200486183167, 0.08498002588748932]","[0.9150200486183167, 0.08498002588748932]",,,,
40614,460,336.0,336,210.83998107910156,mlp,,0,0,0,0,0,0,0,0,0.0,0.0,True,"[0.6693487763404846, 0.3306512236595154]","[0.6693487763404846, 0.3306512236595154]",,,,
40851,461,237.0,237,,mlp,,0,0,0,0,0,0,0,0,0.0,0.0,True,"[0.9191232323646545, 0.08087673038244247]","[0.9191232323646545, 0.08087673038244247]",,,,
40953,462,102.0,102,,mlp,,0,0,0,0,0,0,0,0,0.0,0.0,True,"[0.8690332770347595, 0.1309666782617569]","[0.8690332770347595, 0.1309666782617569]",,,,
41453,463,500.0,500,,mlp,,0,0,0,0,0,0,0,0,0.0,0.0,True,"[0.29927438497543335, 0.7007256150245667]","[0.29927438497543335, 0.7007256150245667]",,,,
41636,464,183.0,183,164.6818084716797,mlp,,0,0,0,0,0,0,0,0,0.0,0.0,True,"[0.9555209279060364, 0.04447905346751213]","[0.9555209279060364, 0.04447905346751213]",,,,
41800,465,164.0,164,,mlp,,0,0,0,0,0,0,0,0,0.0,0.0,True,"[0.05720866471529007, 0.9427912831306458]","[0.05720866471529007, 0.9427912831306458]",,,,
42041,466,241.0,241,,mlp,,0,0,0,0,0,0,0,0,0.0,0.0,True,"[0.8455368280410767, 0.15446320176124573]","[0.8455368280410767, 0.15446320176124573]",,,,
42273,467,232.0,232,,mlp,,0,0,0,0,0,0,0,0,0.0,0.0,True,"[0.7087307572364807, 0.2912692129611969]","[0.7087307572364807, 0.2912692129611969]",,,,
42624,468,351.0,351,169.27813720703125,mlp,,0,0,0,0,0,0,0,0,0.0,0.0,True,"[0.6440085172653198, 0.3559914827346802]","[0.6440085172653198, 0.3559914827346802]",,,,
42729,469,105.0,105,,mlp,,0,0,0,0,0,0,0,0,0.0,0.0,True,"[0.7445392608642578, 0.2554607093334198]","[0.7445392608642578, 0.2554607093334198]",,,,
43049,470,320.0,320,,mlp,,0,0,0,0,0,0,0,0,0.0,0.0,True,"[0.9529740214347839, 0.04702596738934517]","[0.9529740214347839, 0.04702596738934517]",,,,
43157,471,108.0,108,,mlp,,0,0,0,0,0,0,0,0,0.0,0.0,True,"[0.8520553112030029, 0.14794465899467468]","[0.8520553112030029, 0.14794465899467468]",,,,
43334,472,177.0,177,218.96615600585938,mlp,,0,0,0,0,0,0,0,0,0.0,0.0,True,"[0.6502351760864258, 0.3497648239135742]","[0.6502351760864258, 0.3497648239135742]",,,,
43565,473,231.0,231,,mlp,,0,0,0,0,0,0,0,0,0.0,0.0,True,"[0.10287567973136902, 0.8971243500709534]","[0.10287567973136902, 0.8971243500709534]",,,,
43832,474,267.0,267,,mlp,,0,0,0,0,0,0,0,0,0.0,0.0,True,"[0.8718306422233582, 0.12816938757896423]","[0.8718306422233582, 0.12816938757896423]",,,,
44025,475,193.0,193,,mlp,,0,0,0,0,0,0,0,0,0.0,0.0,True,"[0.0676613301038742, 0.9323386549949646]","[0.0676613301038742, 0.9323386549949646]",,,,
44339,476,314.0,314,175.63165283203125,mlp,,0,0,0,0,0,0,0,0,0.0,0.0,True,"[0.5885427594184875, 0.41145721077919006]","[0.5885427594184875, 0.41145721077919006]",,,,
44520,477,181.0,181,,mlp,,0,0,0,0,0,0,0,0,0.0,0.0,True,"[0.11657614260911942, 0.8834238648414612]","[0.11657614260911942, 0.8834238648414612]",,,,
44772,478,252.0,252,,mlp,,0,0,0,0,0,0,0,0,0.0,0.0,True,"[0.5925154685974121, 0.4074844717979431]","[0.5925154685974121, 0.4074844717979431]",,,,
45143,479,371.0,371,,mlp,,0,0,0,0,0,0,0,0,0.0,0.0,True,"[0.39415544271469116, 0.6058445572853088]","[0.39415544271469116, 0.6058445572853088]",,,,
45247,480,104.0,104,190.52340698242188,mlp,,0,0,0,0,0,0,0,0,0.0,0.0,True,"[0.9152453541755676, 0.08475469797849655]","[0.9152453541755676, 0.08475469797849655]",,,,
45514,481,267.0,267,,mlp,,0,0,0,0,0,0,0,0,0.0,0.0,True,"[0.43094921112060547, 0.5690507292747498]","[0.43094921112060547, 0.5690507292747498]",,,,
45555,482,41.0,41,,mlp,,0,0,0,0,0,0,0,0,0.0,0.0,True,"[0.03352070972323418, 0.9664792418479919]","[0.03352070972323418, 0.9664792418479919]",,,,
45766,483,211.0,211,,mlp,,0,0,0,0,0,0,0,0,0.0,0.0,True,"[0.7535770535469055, 0.2464229315519333]","[0.7535770535469055, 0.2464229315519333]",,,,
46085,484,319.0,319,220.2238311767578,mlp,,0,0,0,0,0,0,0,0,0.0,0.0,True,"[0.7185055613517761, 0.2814944088459015]","[0.7185055613517761, 0.2814944088459015]",,,,
46306,485,221.0,221,,mlp,,0,0,0,0,0,0,0,0,0.0,0.0,True,"[0.7060720920562744, 0.293927937746048]","[0.7060720920562744, 0.293927937746048]",,,,
46504,486,198.0,198,,mlp,,0,0,0,0,0,0,0,0,0.0,0.0,True,"[0.9133738279342651, 0.08662617951631546]","[0.9133738279342651, 0.08662617951631546]",,,,
46781,487,277.0,277,,mlp,,0,0,0,0,0,0,0,0,0.0,0.0,True,"[0.5008541345596313, 0.4991458058357239]","[0.5008541345596313, 0.4991458058357239]",,,,
47089,488,308.0,308,187.26687622070312,mlp,,0,0,0,0,0,0,0,0,0.0,0.0,True,"[0.053884394466876984, 0.9461156129837036]","[0.053884394466876984, 0.9461156129837036]",,,,
47187,489,98.0,98,,mlp,,0,0,0,0,0,0,0,0,0.0,0.0,True,"[0.924386739730835, 0.07561331987380981]","[0.924386739730835, 0.07561331987380981]",,,,
47276,490,89.0,89,,mlp,,0,0,0,0,0,0,0,0,0.0,0.0,True,"[0.8942974805831909, 0.1057024598121643]","[0.8942974805831909, 0.1057024598121643]",,,,
47561,491,285.0,285,,mlp,,0,0,0,0,0,0,0,0,0.0,0.0,True,"[0.8554053902626038, 0.14459463953971863]","[0.8554053902626038, 0.14459463953971863]",,,,
47702,492,141.0,141,210.80340576171875,mlp,,0,0,0,0,0,0,0,0,0.0,0.0,True,"[0.07545938342809677, 0.924540638923645]","[0.07545938342809677, 0.924540638923645]",,,,
47874,493,172.0,172,,mlp,,0,0,0,0,0,0,0,0,0.0,0.0,True,"[0.9595854878425598, 0.0404144786298275]","[0.9595854878425598, 0.0404144786298275]",,,,
48092,494,218.0,218,,mlp,,0,0,0,0,0,0,0,0,0.0,0.0,True,"[0.6340379118919373, 0.36596205830574036]","[0.6340379118919373, 0.36596205830574036]",,,,
48392,495,300.0,300,,mlp,,0,0,0,0,0,0,0,0,0.0,0.0,True,"[0.818516731262207, 0.18148323893547058]","[0.818516731262207, 0.18148323893547058]",,,,
48597,496,205.0,205,236.8300323486328,mlp,,0,0,0,0,0,0,0,0,0.0,0.0,True,"[0.2288973331451416, 0.7711026072502136]","[0.2288973331451416, 0.7711026072502136]",,,,
48883,497,286.0,286,,mlp,,0,0,0,0,0,0,0,0,0.0,0.0,True,"[0.12189800292253494, 0.8781020641326904]","[0.12189800292253494, 0.8781020641326904]",,,,
49134,498,251.0,251,,mlp,,0,0,0,0,0,0,0,0,0.0,0.0,True,"[0.913613498210907, 0.0863865539431572]","[0.913613498210907, 0.0863865539431572]",,,,
49210,499,76.0,76,,mlp,,0,0,0,0,0,0,0,0,0.0,0.0,True,"[0.8672561645507812, 0.13274385035037994]","[0.8672561645507812, 0.13274385035037994]",,,,
49464,500,254.0,254,217.23533630371094,mlp,,0,0,0,0,0,0,0,0,0.0,0.0,True,"[0.29442718625068665, 0.705572783946991]","[0.29442718625068665, 0.705572783946991]",,,,
49693,501,229.0,229,,mlp,,0,0,0,0,0,0,0,0,0.0,0.0,True,"[0.8385091423988342, 0.16149084270000458]","[0.8385091423988342, 0.16149084270000458]",,,,
50089,502,396.0,396,,mlp,,0,0,0,0,0,0,0,0,0.0,0.0,True,"[0.49993807077407837, 0.5000619292259216]","[0.49993807077407837, 0.5000619292259216]",,,,
50355,503,266.0,266,,mlp,,0,0,0,0,0,0,0,0,0.0,0.0,True,"[0.9341787099838257, 0.06582130491733551]","[0.9341787099838257, 0.06582130491733551]",,,,
50540,504,185.0,185,181.3317413330078,mlp,,0,0,0,0,0,0,0,0,0.0,0.0,True,"[0.22823268175125122, 0.7717673778533936]","[0.22823268175125122, 0.7717673778533936]",,,,
50724,505,184.0,184,,mlp,,0,0,0,0,0,0,0,0,0.0,0.0,True,"[0.09244553744792938, 0.9075545072555542]","[0.09244553744792938, 0.9075545072555542]",,,,
50960,506,236.0,236,,mlp,,0,0,0,0,0,0,0,0,0.0,0.0,True,"[0.7669311165809631, 0.23306888341903687]","[0.7669311165809631, 0.23306888341903687]",,,,
51135,507,175.0,175,,mlp,,0,0,0,0,0,0,0,0,0.0,0.0,True,"[0.23018105328083038, 0.7698189616203308]","[0.23018105328083038, 0.7698189616203308]",,,,
51407,508,272.0,272,192.11956787109375,mlp,,0,0,0,0,0,0,0,0,0.0,0.0,True,"[0.6921219825744629, 0.3078779876232147]","[0.6921219825744629, 0.3078779876232147]",,,,
51767,509,360.0,360,,mlp,,0,0,0,0,0,0,0,0,0.0,0.0,True,"[0.687985897064209, 0.312014102935791]","[0.687985897064209, 0.312014102935791]",,,,
51859,510,92.0,92,,mlp,,0,0,0,0,0,0,0,0,0.0,0.0,True,"[0.10620497167110443, 0.8937950730323792]","[0.10620497167110443, 0.8937950730323792]",,,,
51980,511,121.0,121,,mlp,,0,0,0,0,0,0,0,0,0.0,0.0,True,"[0.01108983252197504, 0.9889100790023804]","[0.01108983252197504, 0.9889100790023804]",,,,
52235,512,255.0,255,237.2483673095703,mlp,,0,0,0,0,0,0,0,0,0.0,0.0,True,"[0.33535870909690857, 0.6646413207054138]","[0.33535870909690857, 0.6646413207054138]",,,,
52376,513,141.0,141,,mlp,,0,0,0,0,0,0,0,0,0.0,0.0,True,"[0.9292640686035156, 0.07073591649532318]","[0.9292640686035156, 0.07073591649532318]",,,,
52609,514,233.0,233,,mlp,,0,0,0,0,0,0,0,0,0.0,0.0,True,"[0.568996250629425, 0.4310038089752197]","[0.568996250629425, 0.4310038089752197]",,,,
52845,515,236.0,236,,mlp,,0,0,0,0,0,0,0,0,0.0,0.0,True,"[0.28035134077072144, 0.7196487188339233]","[0.28035134077072144, 0.7196487188339233]",,,,
53176,516,331.0,331,230.5509033203125,mlp,,0,0,0,0,0,0,0,0,0.0,0.0,True,"[0.6020311117172241, 0.3979688584804535]","[0.6020311117172241, 0.3979688584804535]",,,,
53233,517,57.0,57,,mlp,,0,0,0,0,0,0,0,0,0.0,0.0,True,"[0.059470586478710175, 0.9405294060707092]","[0.059470586478710175, 0.9405294060707092]",,,,
53385,518,152.0,152,,mlp,,0,0,0,0,0,0,0,0,0.0,0.0,True,"[0.9398055076599121, 0.06019452586770058]","[0.9398055076599121, 0.06019452586770058]",,,,
53533,519,148.0,148,,mlp,,0,0,0,0,0,0,0,0,0.0,0.0,True,"[0.4521944224834442, 0.5478055477142334]","[0.4521944224834442, 0.5478055477142334]",,,,
53780,520,247.0,247,227.03732299804688,mlp,,0,0,0,0,0,0,0,0,0.0,0.0,True,"[0.12957505881786346, 0.8704249262809753]","[0.12957505881786346, 0.8704249262809753]",,,,
53926,521,146.0,146,,mlp,,0,0,0,0,0,0,0,0,0.0,0.0,True,"[0.0816015899181366, 0.9183984398841858]","[0.0816015899181366, 0.9183984398841858]",,,,
54123,522,197.0,197,,mlp,,0,0,0,0,0,0,0,0,0.0,0.0,True,"[0.09570683538913727, 0.9042931795120239]","[0.09570683538913727, 0.9042931795120239]",,,,
54261,523,138.0,138,,mlp,,0,0,0,0,0,0,0,0,0.0,0.0,True,"[0.632317841053009, 0.36768215894699097]","[0.632317841053009, 0.36768215894699097]",,,,
54332,524,71.0,71,279.3371276855469,mlp,,0,0,0,0,0,0,0,0,0.0,0.0,True,"[0.8862629532814026, 0.1137370616197586]","[0.8862629532814026, 0.1137370616197586]",,,,
54551,525,219.0,219,,mlp,,0,0,0,0,0,0,0,0,0.0,0.0,True,"[0.07105962932109833, 0.9289403557777405]","[0.07105962932109833, 0.9289403557777405]",,,,
54710,526,159.0,159,,mlp,,0,0,0,0,0,0,0,0,0.0,0.0,True,"[0.070736363530159, 0.9292636513710022]","[0.070736363530159, 0.9292636513710022]",,,,
54935,527,225.0,225,,mlp,,0,0,0,0,0,0,0,0,0.0,0.0,True,"[0.036237116903066635, 0.9637629389762878]","[0.036237116903066635, 0.9637629389762878]",,,,
55115,528,180.0,180,179.1720428466797,mlp,,0,0,0,0,0,0,0,0,0.0,0.0,True,"[0.3447140157222748, 0.6552859544754028]","[0.3447140157222748, 0.6552859544754028]",,,,
55606,529,491.0,491,,mlp,,0,0,0,0,0,0,0,0,0.0,0.0,True,"[0.11975028365850449, 0.8802496790885925]","[0.11975028365850449, 0.8802496790885925]",,,,
56066,530,460.0,460,,mlp,,0,0,0,0,0,0,0,0,0.0,0.0,True,"[0.09385372698307037, 0.906146228313446]","[0.09385372698307037, 0.906146228313446]",,,,
56239,531,173.0,173,,mlp,,0,0,0,0,0,0,0,0,0.0,0.0,True,"[0.255145400762558, 0.7448546290397644]","[0.255145400762558, 0.7448546290397644]",,,,
56300,532,61.0,61,154.16236877441406,mlp,,0,0,0,0,0,0,0,0,0.0,0.0,True,"[0.8342984318733215, 0.16570153832435608]","[0.8342984318733215, 0.16570153832435608]",,,,
56635,533,335.0,335,,mlp,,0,0,0,0,0,0,0,0,0.0,0.0,True,"[0.7726060748100281, 0.2273939549922943]","[0.7726060748100281, 0.2273939549922943]",,,,
56892,534,257.0,257,,mlp,,0,0,0,0,0,0,0,0,0.0,0.0,True,"[0.8640921115875244, 0.13590790331363678]","[0.8640921115875244, 0.13590790331363678]",,,,
57133,535,241.0,241,,mlp,,0,0,0,0,0,0,0,0,0.0,0.0,True,"[0.31384825706481934, 0.6861516833305359]","[0.31384825706481934, 0.6861516833305359]",,,,
57397,536,264.0,264,222.86163330078125,mlp,,0,0,0,0,0,0,0,0,0.0,0.0,True,"[0.5084928274154663, 0.4915071427822113]","[0.5084928274154663, 0.4915071427822113]",,,,
57630,537,233.0,233,,mlp,,0,0,0,0,0,0,0,0,0.0,0.0,True,"[0.9871085286140442, 0.012891515158116817]","[0.9871085286140442, 0.012891515158116817]",,,,
57824,538,194.0,194,,mlp,,0,0,0,0,0,0,0,0,0.0,0.0,True,"[0.48216697573661804, 0.5178329944610596]","[0.48216697573661804, 0.5178329944610596]",,,,
58173,539,349.0,349,,mlp,,0,0,0,0,0,0,0,0,0.0,0.0,True,"[0.19857476651668549, 0.8014252781867981]","[0.19857476651668549, 0.8014252781867981]",,,,
58355,540,182.0,182,239.79591369628906,mlp,,0,0,0,0,0,0,0,0,0.0,0.0,True,"[0.9085794687271118, 0.09142050892114639]","[0.9085794687271118, 0.09142050892114639]",,,,
58511,541,156.0,156,,mlp,,0,0,0,0,0,0,0,0,0.0,0.0,True,"[0.8199481964111328, 0.1800518035888672]","[0.8199481964111328, 0.1800518035888672]",,,,
58636,542,125.0,125,,mlp,,0,0,0,0,0,0,0,0,0.0,0.0,True,"[0.07627074420452118, 0.9237292408943176]","[0.07627074420452118, 0.9237292408943176]",,,,
58829,543,193.0,193,,mlp,,0,0,0,0,0,0,0,0,0.0,0.0,True,"[0.0369538739323616, 0.9630460739135742]","[0.0369538739323616, 0.9630460739135742]",,,,
59140,544,311.0,311,167.2925567626953,mlp,,0,0,0,0,0,0,0,0,0.0,0.0,True,"[0.09628989547491074, 0.903710126876831]","[0.09628989547491074, 0.903710126876831]",,,,
59320,545,180.0,180,,mlp,,0,0,0,0,0,0,0,0,0.0,0.0,True,"[0.07700354605913162, 0.922996461391449]","[0.07700354605913162, 0.922996461391449]",,,,
59668,546,348.0,348,,mlp,,0,0,0,0,0,0,0,0,0.0,0.0,True,"[0.32752105593681335, 0.6724789142608643]","[0.32752105593681335, 0.6724789142608643]",,,,
60044,547,376.0,376,,mlp,,0,0,0,0,0,0,0,0,0.0,0.0,True,"[0.8465585708618164, 0.15344145894050598]","[0.8465585708618164, 0.15344145894050598]",,,,
60205,548,161.0,161,204.12481689453125,mlp,,0,0,0,0,0,0,0,0,0.0,0.0,True,"[0.22005853056907654, 0.7799414396286011]","[0.22005853056907654, 0.7799414396286011]",,,,
60624,549,419.0,419,,mlp,,0,0,0,0,0,0,0,0,0.0,0.0,True,"[0.8850893974304199, 0.11491062492132187]","[0.8850893974304199, 0.11491062492132187]",,,,
60785,550,161.0,161,,mlp,,0,0,0,0,0,0,0,0,0.0,0.0,True,"[0.6589084267616272, 0.3410916030406952]","[0.6589084267616272, 0.3410916030406952]",,,,
60983,551,198.0,198,,mlp,,0,0,0,0,0,0,0,0,0.0,0.0,True,"[0.0342809222638607, 0.9657191038131714]","[0.0342809222638607, 0.9657191038131714]",,,,
61140,552,157.0,157,183.5516815185547,mlp,,0,0,0,0,0,0,0,0,0.0,0.0,True,"[0.917041003704071, 0.08295899629592896]","[0.917041003704071, 0.08295899629592896]",,,,
61421,553,281.0,281,,mlp,,0,0,0,0,0,0,0,0,0.0,0.0,True,"[0.08601050078868866, 0.9139894247055054]","[0.08601050078868866, 0.9139894247055054]",,,,
61563,554,142.0,142,,mlp,,0,0,0,0,0,0,0,0,0.0,0.0,True,"[0.9581809639930725, 0.04181908443570137]","[0.9581809639930725, 0.04181908443570137]",,,,
61801,555,238.0,238,,mlp,,0,0,0,0,0,0,0,0,0.0,0.0,True,"[0.3419477045536041, 0.6580523252487183]","[0.3419477045536041, 0.6580523252487183]",,,,
62301,556,500.0,500,183.1656494140625,mlp,,0,0,0,0,0,0,0,0,0.0,0.0,True,"[0.8343815207481384, 0.16561844944953918]","[0.8343815207481384, 0.16561844944953918]",,,,
62495,557,194.0,194,,mlp,,0,0,0,0,0,0,0,0,0.0,0.0,True,"[0.23583661019802094, 0.7641633749008179]","[0.23583661019802094, 0.7641633749008179]",,,,
62730,558,235.0,235,,mlp,,0,0,0,0,0,0,0,0,0.0,0.0,True,"[0.2813301086425781, 0.7186698913574219]","[0.2813301086425781, 0.7186698913574219]",,,,
63230,559,500.0,500,,mlp,,0,0,0,0,0,0,0,0,0.0,0.0,True,"[0.13903328776359558, 0.8609667420387268]","[0.13903328776359558, 0.8609667420387268]",,,,
63437,560,207.0,207,178.20114135742188,mlp,,0,0,0,0,0,0,0,0,0.0,0.0,True,"[0.078768789768219, 0.921231210231781]","[0.078768789768219, 0.921231210231781]",,,,
63848,561,411.0,411,,mlp,,0,0,0,0,0,0,0,0,0.0,0.0,True,"[0.46003976464271545, 0.5399602651596069]","[0.46003976464271545, 0.5399602651596069]",,,,
63998,562,150.0,150,,mlp,,0,0,0,0,0,0,0,0,0.0,0.0,True,"[0.8980181813240051, 0.1019817590713501]","[0.8980181813240051, 0.1019817590713501]",,,,
64218,563,220.0,220,,mlp,,0,0,0,0,0,0,0,0,0.0,0.0,True,"[0.04529440030455589, 0.9547056555747986]","[0.04529440030455589, 0.9547056555747986]",,,,
64347,564,129.0,129,223.5268096923828,mlp,,0,0,0,0,0,0,0,0,0.0,0.0,True,"[0.917778730392456, 0.08222120255231857]","[0.917778730392456, 0.08222120255231857]",,,,
64582,565,235.0,235,,mlp,,0,0,0,0,0,0,0,0,0.0,0.0,True,"[0.045743364840745926, 0.9542566537857056]","[0.045743364840745926, 0.9542566537857056]",,,,
64867,566,285.0,285,,mlp,,0,0,0,0,0,0,0,0,0.0,0.0,True,"[0.7716379165649414, 0.2283620536327362]","[0.7716379165649414, 0.2283620536327362]",,,,
65085,567,218.0,218,,mlp,,0,0,0,0,0,0,0,0,0.0,0.0,True,"[0.4211506247520447, 0.5788493752479553]","[0.4211506247520447, 0.5788493752479553]",,,,
65380,568,295.0,295,232.49246215820312,mlp,,0,0,0,0,0,0,0,0,0.0,0.0,True,"[0.4130982756614685, 0.5869017243385315]","[0.4130982756614685, 0.5869017243385315]",,,,
65522,569,142.0,142,,mlp,,0,0,0,0,0,0,0,0,0.0,0.0,True,"[0.9329840540885925, 0.06701596826314926]","[0.9329840540885925, 0.06701596826314926]",,,,
65918,570,396.0,396,,mlp,,0,0,0,0,0,0,0,0,0.0,0.0,True,"[0.4420303702354431, 0.5579696297645569]","[0.4420303702354431, 0.5579696297645569]",,,,
66100,571,182.0,182,,mlp,,0,0,0,0,0,0,0,0,0.0,0.0,True,"[0.0769059807062149, 0.9230940341949463]","[0.0769059807062149, 0.9230940341949463]",,,,
66417,572,317.0,317,226.43057250976562,mlp,,0,0,0,0,0,0,0,0,0.0,0.0,True,"[0.2623826563358307, 0.7376173734664917]","[0.2623826563358307, 0.7376173734664917]",,,,
66583,573,166.0,166,,mlp,,0,0,0,0,0,0,0,0,0.0,0.0,True,"[0.02197996899485588, 0.9780200719833374]","[0.02197996899485588, 0.9780200719833374]",,,,
66772,574,189.0,189,,mlp,,0,0,0,0,0,0,0,0,0.0,0.0,True,"[0.06723480671644211, 0.9327651858329773]","[0.06723480671644211, 0.9327651858329773]",,,,
67161,575,389.0,389,,mlp,,0,0,0,0,0,0,0,0,0.0,0.0,True,"[0.316575825214386, 0.683424174785614]","[0.316575825214386, 0.683424174785614]",,,,
67380,576,219.0,219,159.1174774169922,mlp,,0,0,0,0,0,0,0,0,0.0,0.0,True,"[0.2015654742717743, 0.7984345555305481]","[0.2015654742717743, 0.7984345555305481]",,,,
67425,577,45.0,45,,mlp,,0,0,0,0,0,0,0,0,0.0,0.0,True,"[0.11188823729753494, 0.8881117701530457]","[0.11188823729753494, 0.8881117701530457]",,,,
67703,578,278.0,278,,mlp,,0,0,0,0,0,0,0,0,0.0,0.0,True,"[0.8747743368148804, 0.12522564828395844]","[0.8747743368148804, 0.12522564828395844]",,,,
68094,579,391.0,391,,mlp,,0,0,0,0,0,0,0,0,0.0,0.0,True,"[0.82292240858078, 0.17707760632038116]","[0.82292240858078, 0.17707760632038116]",,,,
68594,580,500.0,500,148.92904663085938,mlp,,0,0,0,0,0,0,0,0,0.0,0.0,True,"[0.883537769317627, 0.11646218597888947]","[0.883537769317627, 0.11646218597888947]",,,,
68881,581,287.0,287,,mlp,,0,0,0,0,0,0,0,0,0.0,0.0,True,"[0.7350407242774963, 0.26495927572250366]","[0.7350407242774963, 0.26495927572250366]",,,,
69381,582,500.0,500,,mlp,,0,0,0,0,0,0,0,0,0.0,0.0,True,"[0.7385777235031128, 0.2614223062992096]","[0.7385777235031128, 0.2614223062992096]",,,,
69707,583,326.0,326,,mlp,,0,0,0,0,0,0,0,0,0.0,0.0,True,"[0.45642566680908203, 0.5435742735862732]","[0.45642566680908203, 0.5435742735862732]",,,,
70052,584,345.0,345,163.36288452148438,mlp,,0,0,0,0,0,0,0,0,0.0,0.0,True,"[0.5622543692588806, 0.4377456307411194]","[0.5622543692588806, 0.4377456307411194]",,,,
70297,585,245.0,245,,mlp,,0,0,0,0,0,0,0,0,0.0,0.0,True,"[0.7096733450889587, 0.29032662510871887]","[0.7096733450889587, 0.29032662510871887]",,,,
70519,586,222.0,222,,mlp,,0,0,0,0,0,0,0,0,0.0,0.0,True,"[0.0727076455950737, 0.9272922873497009]","[0.0727076455950737, 0.9272922873497009]",,,,
70878,587,359.0,359,,mlp,,0,0,0,0,0,0,0,0,0.0,0.0,True,"[0.9728600978851318, 0.02713984251022339]","[0.9728600978851318, 0.02713984251022339]",,,,
71286,588,408.0,408,173.61720275878906,mlp,,0,0,0,0,0,0,0,0,0.0,0.0,True,"[0.2184985876083374, 0.7815014123916626]","[0.2184985876083374, 0.7815014123916626]",,,,
71577,589,291.0,291,,mlp,,0,0,0,0,0,0,0,0,0.0,0.0,True,"[0.09479136765003204, 0.9052085876464844]","[0.09479136765003204, 0.9052085876464844]",,,,
71755,590,178.0,178,,mlp,,0,0,0,0,0,0,0,0,0.0,0.0,True,"[0.9175464510917664, 0.08245354890823364]","[0.9175464510917664, 0.08245354890823364]",,,,
71968,591,213.0,213,,mlp,,0,0,0,0,0,0,0,0,0.0,0.0,True,"[0.5955874919891357, 0.40441247820854187]","[0.5955874919891357, 0.40441247820854187]",,,,
72207,592,239.0,239,192.60140991210938,mlp,,0,0,0,0,0,0,0,0,0.0,0.0,True,"[0.8039581775665283, 0.19604180753231049]","[0.8039581775665283, 0.19604180753231049]",,,,
72707,593,500.0,500,,mlp,,0,0,0,0,0,0,0,0,0.0,0.0,True,"[0.6840105056762695, 0.3159894347190857]","[0.6840105056762695, 0.3159894347190857]",,,,
73049,594,342.0,342,,mlp,,0,0,0,0,0,0,0,0,0.0,0.0,True,"[0.8074419498443604, 0.19255803525447845]","[0.8074419498443604, 0.19255803525447845]",,,,
73273,595,224.0,224,,mlp,,0,0,0,0,0,0,0,0,0.0,0.0,True,"[0.9648963212966919, 0.03510361909866333]","[0.9648963212966919, 0.03510361909866333]",,,,
73339,596,66.0,66,139.69297790527344,mlp,,0,0,0,0,0,0,0,0,0.0,0.0,True,"[0.9165908098220825, 0.08340920507907867]","[0.9165908098220825, 0.08340920507907867]",,,,
73605,597,266.0,266,,mlp,,0,0,0,0,0,0,0,0,0.0,0.0,True,"[0.06104205176234245, 0.938957929611206]","[0.06104205176234245, 0.938957929611206]",,,,
73688,598,83.0,83,,mlp,,0,0,0,0,0,0,0,0,0.0,0.0,True,"[0.0704767107963562, 0.929523229598999]","[0.0704767107963562, 0.929523229598999]",,,,
74004,599,316.0,316,,mlp,,0,0,0,0,0,0,0,0,0.0,0.0,True,"[0.5151380896568298, 0.48486191034317017]","[0.5151380896568298, 0.48486191034317017]",,,,
74504,600,500.0,500,138.1211395263672,mlp,,0,0,0,0,0,0,0,0,0.0,0.0,True,"[0.30988746881484985, 0.6901125311851501]","[0.30988746881484985, 0.6901125311851501]",,,,
74792,601,288.0,288,,mlp,,0,0,0,0,0,0,0,0,0.0,0.0,True,"[0.28270307183265686, 0.7172968983650208]","[0.28270307183265686, 0.7172968983650208]",,,,
74930,602,138.0,138,,mlp,,0,0,0,0,0,0,0,0,0.0,0.0,True,"[0.07985009253025055, 0.9201498627662659]","[0.07985009253025055, 0.9201498627662659]",,,,
75274,603,344.0,344,,mlp,,0,0,0,0,0,0,0,0,0.0,0.0,True,"[0.5670176148414612, 0.4329824447631836]","[0.5670176148414612, 0.4329824447631836]",,,,
75577,604,303.0,303,201.5374298095703,mlp,,0,0,0,0,0,0,0,0,0.0,0.0,True,"[0.6668142080307007, 0.3331857919692993]","[0.6668142080307007, 0.3331857919692993]",,,,
75823,605,246.0,246,,mlp,,0,0,0,0,0,0,0,0,0.0,0.0,True,"[0.8237418532371521, 0.1762581467628479]","[0.8237418532371521, 0.1762581467628479]",,,,
75961,606,138.0,138,,mlp,,0,0,0,0,0,0,0,0,0.0,0.0,True,"[0.029167212545871735, 0.9708328247070312]","[0.029167212545871735, 0.9708328247070312]",,,,
76215,607,254.0,254,,mlp,,0,0,0,0,0,0,0,0,0.0,0.0,True,"[0.837215006351471, 0.16278503835201263]","[0.837215006351471, 0.16278503835201263]",,,,
76543,608,328.0,328,184.90362548828125,mlp,,0,0,0,0,0,0,0,0,0.0,0.0,True,"[0.7397319674491882, 0.26026806235313416]","[0.7397319674491882, 0.26026806235313416]",,,,
77043,609,500.0,500,,mlp,,0,0,0,0,0,0,0,0,0.0,0.0,True,"[0.8613343238830566, 0.13866573572158813]","[0.8613343238830566, 0.13866573572158813]",,,,
77543,610,500.0,500,,mlp,,0,0,0,0,0,0,0,0,0.0,0.0,True,"[0.25972771644592285, 0.7402722835540771]","[0.25972771644592285, 0.7402722835540771]",,,,
77708,611,165.0,165,,mlp,,0,0,0,0,0,0,0,0,0.0,0.0,True,"[0.6431773900985718, 0.3568226099014282]","[0.6431773900985718, 0.3568226099014282]",,,,
77956,612,248.0,248,111.07105255126953,mlp,,0,0,0,0,0,0,0,0,0.0,0.0,True,"[0.18106494843959808, 0.8189350366592407]","[0.18106494843959808, 0.8189350366592407]",,,,
78199,613,243.0,243,,mlp,,0,0,0,0,0,0,0,0,0.0,0.0,True,"[0.07553070783615112, 0.9244693517684937]","[0.07553070783615112, 0.9244693517684937]",,,,
78447,614,248.0,248,,mlp,,0,0,0,0,0,0,0,0,0.0,0.0,True,"[0.9113264679908752, 0.08867356926202774]","[0.9113264679908752, 0.08867356926202774]",,,,
78943,615,496.0,496,,mlp,,0,0,0,0,0,0,0,0,0.0,0.0,True,"[0.5186692476272583, 0.4813307821750641]","[0.5186692476272583, 0.4813307821750641]",,,,
79191,616,248.0,248,229.36058044433594,mlp,,0,0,0,0,0,0,0,0,0.0,0.0,True,"[0.894808828830719, 0.1051911935210228]","[0.894808828830719, 0.1051911935210228]",,,,
79470,617,279.0,279,,mlp,,0,0,0,0,0,0,0,0,0.0,0.0,True,"[0.922471821308136, 0.077528215944767]","[0.922471821308136, 0.077528215944767]",,,,
79970,618,500.0,500,,mlp,,0,0,0,0,0,0,0,0,0.0,0.0,True,"[0.6994014978408813, 0.30059853196144104]","[0.6994014978408813, 0.30059853196144104]",,,,
80470,619,500.0,500,,mlp,,0,0,0,0,0,0,0,0,0.0,0.0,True,"[0.6704919338226318, 0.32950809597969055]","[0.6704919338226318, 0.32950809597969055]",,,,
80871,620,401.0,401,98.45146942138672,mlp,,0,0,0,0,0,0,0,0,0.0,0.0,True,"[0.909122884273529, 0.09087714552879333]","[0.909122884273529, 0.09087714552879333]",,,,
80964,621,93.0,93,,mlp,,0,0,0,0,0,0,0,0,0.0,0.0,True,"[0.9136987328529358, 0.08630121499300003]","[0.9136987328529358, 0.08630121499300003]",,,,
81342,622,378.0,378,,mlp,,0,0,0,0,0,0,0,0,0.0,0.0,True,"[0.17017099261283875, 0.8298290371894836]","[0.17017099261283875, 0.8298290371894836]",,,,
81583,623,241.0,241,,mlp,,0,0,0,0,0,0,0,0,0.0,0.0,True,"[0.0680164322257042, 0.9319835901260376]","[0.0680164322257042, 0.9319835901260376]",,,,
81809,624,226.0,226,276.4928283691406,mlp,,0,0,0,0,0,0,0,0,0.0,0.0,True,"[0.3818938434123993, 0.6181061863899231]","[0.3818938434123993, 0.6181061863899231]",,,,
82138,625,329.0,329,,mlp,,0,0,0,0,0,0,0,0,0.0,0.0,True,"[0.6522015333175659, 0.34779852628707886]","[0.6522015333175659, 0.34779852628707886]",,,,
82264,626,126.0,126,,mlp,,0,0,0,0,0,0,0,0,0.0,0.0,True,"[0.7808938026428223, 0.21910619735717773]","[0.7808938026428223, 0.21910619735717773]",,,,
82673,627,409.0,409,,mlp,,0,0,0,0,0,0,0,0,0.0,0.0,True,"[0.07409896701574326, 0.9259010553359985]","[0.07409896701574326, 0.9259010553359985]",,,,
82839,628,166.0,166,206.04083251953125,mlp,,0,0,0,0,0,0,0,0,0.0,0.0,True,"[0.20593510568141937, 0.7940648794174194]","[0.20593510568141937, 0.7940648794174194]",,,,
83134,629,295.0,295,,mlp,,0,0,0,0,0,0,0,0,0.0,0.0,True,"[0.9507619738578796, 0.04923805221915245]","[0.9507619738578796, 0.04923805221915245]",,,,
83593,630,459.0,459,,mlp,,0,0,0,0,0,0,0,0,0.0,0.0,True,"[0.8842042088508606, 0.1157957911491394]","[0.8842042088508606, 0.1157957911491394]",,,,
83855,631,262.0,262,,mlp,,0,0,0,0,0,0,0,0,0.0,0.0,True,"[0.19446635246276855, 0.8055336475372314]","[0.19446635246276855, 0.8055336475372314]",,,,
84047,632,192.0,192,197.82765197753906,mlp,,0,0,0,0,0,0,0,0,0.0,0.0,True,"[0.8379194140434265, 0.1620805710554123]","[0.8379194140434265, 0.1620805710554123]",,,,
84501,633,454.0,454,,mlp,,0,0,0,0,0,0,0,0,0.0,0.0,True,"[0.27517202496528625, 0.7248279452323914]","[0.27517202496528625, 0.7248279452323914]",,,,
84769,634,268.0,268,,mlp,,0,0,0,0,0,0,0,0,0.0,0.0,True,"[0.894010066986084, 0.1059899628162384]","[0.894010066986084, 0.1059899628162384]",,,,
85103,635,334.0,334,,mlp,,0,0,0,0,0,0,0,0,0.0,0.0,True,"[0.055091820657253265, 0.9449082016944885]","[0.055091820657253265, 0.9449082016944885]",,,,
85202,636,99.0,99,190.7119903564453,mlp,,0,0,0,0,0,0,0,0,0.0,0.0,True,"[0.9365814328193665, 0.06341850757598877]","[0.9365814328193665, 0.06341850757598877]",,,,
85702,637,500.0,500,,mlp,,0,0,0,0,0,0,0,0,0.0,0.0,True,"[0.5459640622138977, 0.4540359675884247]","[0.5459640622138977, 0.4540359675884247]",,,,
85770,638,68.0,68,,mlp,,0,0,0,0,0,0,0,0,0.0,0.0,True,"[0.8353800177574158, 0.16461999714374542]","[0.8353800177574158, 0.16461999714374542]",,,,
86235,639,465.0,465,,mlp,,0,0,0,0,0,0,0,0,0.0,0.0,True,"[0.13568873703479767, 0.8643113374710083]","[0.13568873703479767, 0.8643113374710083]",,,,
86352,640,117.0,117,135.9013671875,mlp,,0,0,0,0,0,0,0,0,0.0,0.0,True,"[0.6298987865447998, 0.3701011836528778]","[0.6298987865447998, 0.3701011836528778]",,,,
86583,641,231.0,231,,mlp,,0,0,0,0,0,0,0,0,0.0,0.0,True,"[0.34127312898635864, 0.6587269306182861]","[0.34127312898635864, 0.6587269306182861]",,,,
86693,642,110.0,110,,mlp,,0,0,0,0,0,0,0,0,0.0,0.0,True,"[0.01859826222062111, 0.9814017415046692]","[0.01859826222062111, 0.9814017415046692]",,,,
87084,643,391.0,391,,mlp,,0,0,0,0,0,0,0,0,0.0,0.0,True,"[0.5735320448875427, 0.42646801471710205]","[0.5735320448875427, 0.42646801471710205]",,,,
87313,644,229.0,229,219.43238830566406,mlp,,0,0,0,0,0,0,0,0,0.0,0.0,True,"[0.8123164176940918, 0.1876835823059082]","[0.8123164176940918, 0.1876835823059082]",,,,
87448,645,135.0,135,,mlp,,0,0,0,0,0,0,0,0,0.0,0.0,True,"[0.7283530235290527, 0.2716469168663025]","[0.7283530235290527, 0.2716469168663025]",,,,
87948,646,500.0,500,,mlp,,0,0,0,0,0,0,0,0,0.0,0.0,True,"[0.907372236251831, 0.09262774139642715]","[0.907372236251831, 0.09262774139642715]",,,,
88217,647,269.0,269,,mlp,,0,0,0,0,0,0,0,0,0.0,0.0,True,"[0.31657975912094116, 0.6834203004837036]","[0.31657975912094116, 0.6834203004837036]",,,,
88540,648,323.0,323,155.70767211914062,mlp,,0,0,0,0,0,0,0,0,0.0,0.0,True,"[0.6730535626411438, 0.3269464075565338]","[0.6730535626411438, 0.3269464075565338]",,,,
88860,649,320.0,320,,mlp,,0,0,0,0,0,0,0,0,0.0,0.0,True,"[0.9460253119468689, 0.053974706679582596]","[0.9460253119468689, 0.053974706679582596]",,,,
89089,650,229.0,229,,mlp,,0,0,0,0,0,0,0,0,0.0,0.0,True,"[0.10019788146018982, 0.8998021483421326]","[0.10019788146018982, 0.8998021483421326]",,,,
89406,651,317.0,317,,mlp,,0,0,0,0,0,0,0,0,0.0,0.0,True,"[0.9305130839347839, 0.06948687136173248]","[0.9305130839347839, 0.06948687136173248]",,,,
89543,652,137.0,137,182.42091369628906,mlp,,0,0,0,0,0,0,0,0,0.0,0.0,True,"[0.9715529680252075, 0.028446966782212257]","[0.9715529680252075, 0.028446966782212257]",,,,
89760,653,217.0,217,,mlp,,0,0,0,0,0,0,0,0,0.0,0.0,True,"[0.5635079145431519, 0.43649205565452576]","[0.5635079145431519, 0.43649205565452576]",,,,
89951,654,191.0,191,,mlp,,0,0,0,0,0,0,0,0,0.0,0.0,True,"[0.06298404186964035, 0.937015950679779]","[0.06298404186964035, 0.937015950679779]",,,,
90324,655,373.0,373,,mlp,,0,0,0,0,0,0,0,0,0.0,0.0,True,"[0.07537366449832916, 0.924626350402832]","[0.07537366449832916, 0.924626350402832]",,,,
90633,656,309.0,309,190.9289093017578,mlp,,0,0,0,0,0,0,0,0,0.0,0.0,True,"[0.6159157752990723, 0.3840842545032501]","[0.6159157752990723, 0.3840842545032501]",,,,
91077,657,444.0,444,,mlp,,0,0,0,0,0,0,0,0,0.0,0.0,True,"[0.9073499441146851, 0.09265001863241196]","[0.9073499441146851, 0.09265001863241196]",,,,
91222,658,145.0,145,,mlp,,0,0,0,0,0,0,0,0,0.0,0.0,True,"[0.1737712025642395, 0.8262287378311157]","[0.1737712025642395, 0.8262287378311157]",,,,
91421,659,199.0,199,,mlp,,0,0,0,0,0,0,0,0,0.0,0.0,True,"[0.4785473644733429, 0.5214526057243347]","[0.4785473644733429, 0.5214526057243347]",,,,
91594,660,173.0,173,224.24560546875,mlp,,0,0,0,0,0,0,0,0,0.0,0.0,True,"[0.06692849099636078, 0.9330715537071228]","[0.06692849099636078, 0.9330715537071228]",,,,
91965,661,371.0,371,,mlp,,0,0,0,0,0,0,0,0,0.0,0.0,True,"[0.13344614207744598, 0.8665538430213928]","[0.13344614207744598, 0.8665538430213928]",,,,
92341,662,376.0,376,,mlp,,0,0,0,0,0,0,0,0,0.0,0.0,True,"[0.08535647392272949, 0.9146434664726257]","[0.08535647392272949, 0.9146434664726257]",,,,
92451,663,110.0,110,,mlp,,0,0,0,0,0,0,0,0,0.0,0.0,True,"[0.9172733426094055, 0.08272664994001389]","[0.9172733426094055, 0.08272664994001389]",,,,
92594,664,143.0,143,204.1992645263672,mlp,,0,0,0,0,0,0,0,0,0.0,0.0,True,"[0.17516978085041046, 0.824830174446106]","[0.17516978085041046, 0.824830174446106]",,,,
92837,665,243.0,243,,mlp,,0,0,0,0,0,0,0,0,0.0,0.0,True,"[0.650235652923584, 0.34976431727409363]","[0.650235652923584, 0.34976431727409363]",,,,
93025,666,188.0,188,,mlp,,0,0,0,0,0,0,0,0,0.0,0.0,True,"[0.16112607717514038, 0.8388738632202148]","[0.16112607717514038, 0.8388738632202148]",,,,
93211,667,186.0,186,,mlp,,0,0,0,0,0,0,0,0,0.0,0.0,True,"[0.06533922255039215, 0.9346608519554138]","[0.06533922255039215, 0.9346608519554138]",,,,
93711,668,500.0,500,145.02432250976562,mlp,,0,0,0,0,0,0,0,0,0.0,0.0,True,"[0.36307740211486816, 0.6369225978851318]","[0.36307740211486816, 0.6369225978851318]",,,,
93937,669,226.0,226,,mlp,,0,0,0,0,0,0,0,0,0.0,0.0,True,"[0.020869147032499313, 0.9791309237480164]","[0.020869147032499313, 0.9791309237480164]",,,,
94098,670,161.0,161,,mlp,,0,0,0,0,0,0,0,0,0.0,0.0,True,"[0.11843162029981613, 0.8815683722496033]","[0.11843162029981613, 0.8815683722496033]",,,,
94598,671,500.0,500,,mlp,,0,0,0,0,0,0,0,0,0.0,0.0,True,"[0.34165653586387634, 0.658343493938446]","[0.34165653586387634, 0.658343493938446]",,,,
94829,672,231.0,231,185.13699340820312,mlp,,0,0,0,0,0,0,0,0,0.0,0.0,True,"[0.4637047052383423, 0.5362952947616577]","[0.4637047052383423, 0.5362952947616577]",,,,
95042,673,213.0,213,,mlp,,0,0,0,0,0,0,0,0,0.0,0.0,True,"[0.07201501727104187, 0.9279849529266357]","[0.07201501727104187, 0.9279849529266357]",,,,
95252,674,210.0,210,,mlp,,0,0,0,0,0,0,0,0,0.0,0.0,True,"[0.06306684762239456, 0.936933159828186]","[0.06306684762239456, 0.936933159828186]",,,,
95470,675,218.0,218,,mlp,,0,0,0,0,0,0,0,0,0.0,0.0,True,"[0.09021905809640884, 0.9097809791564941]","[0.09021905809640884, 0.9097809791564941]",,,,
95847,676,377.0,377,205.90521240234375,mlp,,0,0,0,0,0,0,0,0,0.0,0.0,True,"[0.2279967963695526, 0.772003173828125]","[0.2279967963695526, 0.772003173828125]",,,,
96005,677,158.0,158,,mlp,,0,0,0,0,0,0,0,0,0.0,0.0,True,"[0.05495660752058029, 0.9450434446334839]","[0.05495660752058029, 0.9450434446334839]",,,,
96403,678,398.0,398,,mlp,,0,0,0,0,0,0,0,0,0.0,0.0,True,"[0.8107156157493591, 0.18928441405296326]","[0.8107156157493591, 0.18928441405296326]",,,,
96824,679,421.0,421,,mlp,,0,0,0,0,0,0,0,0,0.0,0.0,True,"[0.4484027624130249, 0.5515972375869751]","[0.4484027624130249, 0.5515972375869751]",,,,
97105,680,281.0,281,168.6246337890625,mlp,,0,0,0,0,0,0,0,0,0.0,0.0,True,"[0.08817718178033829, 0.9118228554725647]","[0.08817718178033829, 0.9118228554725647]",,,,
97401,681,296.0,296,,mlp,,0,0,0,0,0,0,0,0,0.0,0.0,True,"[0.543990433216095, 0.4560095965862274]","[0.543990433216095, 0.4560095965862274]",,,,
97534,682,133.0,133,,mlp,,0,0,0,0,0,0,0,0,0.0,0.0,True,"[0.19210128486156464, 0.8078987002372742]","[0.19210128486156464, 0.8078987002372742]",,,,
97800,683,266.0,266,,mlp,,0,0,0,0,0,0,0,0,0.0,0.0,True,"[0.12107361853122711, 0.8789263963699341]","[0.12107361853122711, 0.8789263963699341]",,,,
98076,684,276.0,276,234.4927520751953,mlp,,0,0,0,0,0,0,0,0,0.0,0.0,True,"[0.8583147525787354, 0.14168526232242584]","[0.8583147525787354, 0.14168526232242584]",,,,
98282,685,206.0,206,,mlp,,0,0,0,0,0,0,0,0,0.0,0.0,True,"[0.264939546585083, 0.7350603938102722]","[0.264939546585083, 0.7350603938102722]",,,,
98387,686,105.0,105,,mlp,,0,0,0,0,0,0,0,0,0.0,0.0,True,"[0.9401996731758118, 0.05980035290122032]","[0.9401996731758118, 0.05980035290122032]",,,,
98605,687,218.0,218,,mlp,,0,0,0,0,0,0,0,0,0.0,0.0,True,"[0.044687990099191666, 0.9553120136260986]","[0.044687990099191666, 0.9553120136260986]",,,,
98775,688,170.0,170,233.15802001953125,mlp,,0,0,0,0,0,0,0,0,0.0,0.0,True,"[0.9355611205101013, 0.0644388198852539]","[0.9355611205101013, 0.0644388198852539]",,,,
99275,689,500.0,500,,mlp,,0,0,0,0,0,0,0,0,0.0,0.0,True,"[0.5916662216186523, 0.40833377838134766]","[0.5916662216186523, 0.40833377838134766]",,,,
99748,690,473.0,473,,mlp,,0,0,0,0,0,0,0,0,0.0,0.0,True,"[0.4970467984676361, 0.5029531717300415]","[0.4970467984676361, 0.5029531717300415]",,,,
100045,691,297.0,297,,mlp,,0,0,0,0,0,0,0,0,0.0,0.0,True,"[0.7140829563140869, 0.2859170138835907]","[0.7140829563140869, 0.2859170138835907]",,,,
100248,692,203.0,203,145.65786743164062,mlp,,0,0,0,0,0,0,0,0,0.0,0.0,True,"[0.9174794554710388, 0.08252056688070297]","[0.9174794554710388, 0.08252056688070297]",,,,
100564,693,316.0,316,,mlp,,0,0,0,0,0,0,0,0,0.0,0.0,True,"[0.9482535123825073, 0.05174652114510536]","[0.9482535123825073, 0.05174652114510536]",,,,
101064,694,500.0,500,,mlp,,0,0,0,0,0,0,0,0,0.0,0.0,True,"[0.8288931846618652, 0.17110683023929596]","[0.8288931846618652, 0.17110683023929596]",,,,
101371,695,307.0,307,,mlp,,0,0,0,0,0,0,0,0,0.0,0.0,True,"[0.7974948883056641, 0.20250509679317474]","[0.7974948883056641, 0.20250509679317474]",,,,
101520,696,149.0,149,161.58523559570312,mlp,,0,0,0,0,0,0,0,0,0.0,0.0,True,"[0.09226470440626144, 0.907735288143158]","[0.09226470440626144, 0.907735288143158]",,,,
101912,697,392.0,392,,mlp,,0,0,0,0,0,0,0,0,0.0,0.0,True,"[0.16563738882541656, 0.8343625664710999]","[0.16563738882541656, 0.8343625664710999]",,,,
102222,698,310.0,310,,mlp,,0,0,0,0,0,0,0,0,0.0,0.0,True,"[0.9034748077392578, 0.09652520716190338]","[0.9034748077392578, 0.09652520716190338]",,,,
102308,699,86.0,86,,mlp,,0,0,0,0,0,0,0,0,0.0,0.0,True,"[0.027906807139515877, 0.9720931649208069]","[0.027906807139515877, 0.9720931649208069]",,,,
102808,700,500.0,500,143.91864013671875,mlp,,0,0,0,0,0,0,0,0,0.0,0.0,True,"[0.7178743481636047, 0.28212568163871765]","[0.7178743481636047, 0.28212568163871765]",,,,
103016,701,208.0,208,,mlp,,0,0,0,0,0,0,0,0,0.0,0.0,True,"[0.030217397958040237, 0.9697825908660889]","[0.030217397958040237, 0.9697825908660889]",,,,
103106,702,90.0,90,,mlp,,0,0,0,0,0,0,0,0,0.0,0.0,True,"[0.7868284583091736, 0.21317151188850403]","[0.7868284583091736, 0.21317151188850403]",,,,
103230,703,124.0,124,,mlp,,0,0,0,0,0,0,0,0,0.0,0.0,True,"[0.9470305442810059, 0.05296942964196205]","[0.9470305442810059, 0.05296942964196205]",,,,
103331,704,101.0,101,343.5767822265625,mlp,,0,0,0,0,0,0,0,0,0.0,0.0,True,"[0.6413085460662842, 0.3586915135383606]","[0.6413085460662842, 0.3586915135383606]",,,,
103564,705,233.0,233,,mlp,,0,0,0,0,0,0,0,0,0.0,0.0,True,"[0.11564682424068451, 0.8843531608581543]","[0.11564682424068451, 0.8843531608581543]",,,,
104017,706,453.0,453,,mlp,,0,0,0,0,0,0,0,0,0.0,0.0,True,"[0.7978295683860779, 0.2021704763174057]","[0.7978295683860779, 0.2021704763174057]",,,,
104392,707,375.0,375,,mlp,,0,0,0,0,0,0,0,0,0.0,0.0,True,"[0.7484200596809387, 0.2515799105167389]","[0.7484200596809387, 0.2515799105167389]",,,,
104697,708,305.0,305,155.92552185058594,mlp,,0,0,0,0,0,0,0,0,0.0,0.0,True,"[0.3576482832431793, 0.6423516869544983]","[0.3576482832431793, 0.6423516869544983]",,,,
104947,709,250.0,250,,mlp,,0,0,0,0,0,0,0,0,0.0,0.0,True,"[0.9508646726608276, 0.04913535714149475]","[0.9508646726608276, 0.04913535714149475]",,,,
105191,710,244.0,244,,mlp,,0,0,0,0,0,0,0,0,0.0,0.0,True,"[0.9436127543449402, 0.056387245655059814]","[0.9436127543449402, 0.056387245655059814]",,,,
105309,711,118.0,118,,mlp,,0,0,0,0,0,0,0,0,0.0,0.0,True,"[0.9217232465744019, 0.07827675342559814]","[0.9217232465744019, 0.07827675342559814]",,,,
105528,712,219.0,219,209.48301696777344,mlp,,0,0,0,0,0,0,0,0,0.0,0.0,True,"[0.5657886862754822, 0.4342113733291626]","[0.5657886862754822, 0.4342113733291626]",,,,
106028,713,500.0,500,,mlp,,0,0,0,0,0,0,0,0,0.0,0.0,True,"[0.5274579524993896, 0.47254204750061035]","[0.5274579524993896, 0.47254204750061035]",,,,
106407,714,379.0,379,,mlp,,0,0,0,0,0,0,0,0,0.0,0.0,True,"[0.06457218527793884, 0.9354278445243835]","[0.06457218527793884, 0.9354278445243835]",,,,
106522,715,115.0,115,,mlp,,0,0,0,0,0,0,0,0,0.0,0.0,True,"[0.04714978113770485, 0.9528501629829407]","[0.04714978113770485, 0.9528501629829407]",,,,
106699,716,177.0,177,165.0149383544922,mlp,,0,0,0,0,0,0,0,0,0.0,0.0,True,"[0.05972597002983093, 0.9402740597724915]","[0.05972597002983093, 0.9402740597724915]",,,,
106897,717,198.0,198,,mlp,,0,0,0,0,0,0,0,0,0.0,0.0,True,"[0.9285072684288025, 0.07149277627468109]","[0.9285072684288025, 0.07149277627468109]",,,,
107061,718,164.0,164,,mlp,,0,0,0,0,0,0,0,0,0.0,0.0,True,"[0.958219051361084, 0.041780926287174225]","[0.958219051361084, 0.041780926287174225]",,,,
107393,719,332.0,332,,mlp,,0,0,0,0,0,0,0,0,0.0,0.0,True,"[0.1619042605161667, 0.8380957245826721]","[0.1619042605161667, 0.8380957245826721]",,,,
107498,720,105.0,105,227.08724975585938,mlp,,0,0,0,0,0,0,0,0,0.0,0.0,True,"[0.8503583073616028, 0.14964163303375244]","[0.8503583073616028, 0.14964163303375244]",,,,
107738,721,240.0,240,,mlp,,0,0,0,0,0,0,0,0,0.0,0.0,True,"[0.13241374492645264, 0.8675862550735474]","[0.13241374492645264, 0.8675862550735474]",,,,
107978,722,240.0,240,,mlp,,0,0,0,0,0,0,0,0,0.0,0.0,True,"[0.07344329357147217, 0.9265567064285278]","[0.07344329357147217, 0.9265567064285278]",,,,
108268,723,290.0,290,,mlp,,0,0,0,0,0,0,0,0,0.0,0.0,True,"[0.9106173515319824, 0.08938267827033997]","[0.9106173515319824, 0.08938267827033997]",,,,
108495,724,227.0,227,214.82188415527344,mlp,,0,0,0,0,0,0,0,0,0.0,0.0,True,"[0.3408299386501312, 0.6591700315475464]","[0.3408299386501312, 0.6591700315475464]",,,,
108857,725,362.0,362,,mlp,,0,0,0,0,0,0,0,0,0.0,0.0,True,"[0.0630432665348053, 0.9369567036628723]","[0.0630432665348053, 0.9369567036628723]",,,,
109166,726,309.0,309,,mlp,,0,0,0,0,0,0,0,0,0.0,0.0,True,"[0.697442352771759, 0.30255764722824097]","[0.697442352771759, 0.30255764722824097]",,,,
109310,727,144.0,144,,mlp,,0,0,0,0,0,0,0,0,0.0,0.0,True,"[0.10940180718898773, 0.8905981183052063]","[0.10940180718898773, 0.8905981183052063]",,,,
109668,728,358.0,358,209.0255584716797,mlp,,0,0,0,0,0,0,0,0,0.0,0.0,True,"[0.21136833727359772, 0.7886316776275635]","[0.21136833727359772, 0.7886316776275635]",,,,
109950,729,282.0,282,,mlp,,0,0,0,0,0,0,0,0,0.0,0.0,True,"[0.2944336533546448, 0.7055663466453552]","[0.2944336533546448, 0.7055663466453552]",,,,
110086,730,136.0,136,,mlp,,0,0,0,0,0,0,0,0,0.0,0.0,True,"[0.7266489863395691, 0.2733510434627533]","[0.7266489863395691, 0.2733510434627533]",,,,
110586,731,500.0,500,,mlp,,0,0,0,0,0,0,0,0,0.0,0.0,True,"[0.3732215166091919, 0.6267784833908081]","[0.3732215166091919, 0.6267784833908081]",,,,
110744,732,158.0,158,131.6016845703125,mlp,,0,0,0,0,0,0,0,0,0.0,0.0,True,"[0.060814812779426575, 0.9391852021217346]","[0.060814812779426575, 0.9391852021217346]",,,,
110998,733,254.0,254,,mlp,,0,0,0,0,0,0,0,0,0.0,0.0,True,"[0.9501000046730042, 0.049899935722351074]","[0.9501000046730042, 0.049899935722351074]",,,,
111318,734,320.0,320,,mlp,,0,0,0,0,0,0,0,0,0.0,0.0,True,"[0.4693700075149536, 0.5306299924850464]","[0.4693700075149536, 0.5306299924850464]",,,,
111585,735,267.0,267,,mlp,,0,0,0,0,0,0,0,0,0.0,0.0,True,"[0.954021692276001, 0.045978277921676636]","[0.954021692276001, 0.045978277921676636]",,,,
111792,736,207.0,207,175.15025329589844,mlp,,0,0,0,0,0,0,0,0,0.0,0.0,True,"[0.7645425796508789, 0.2354573756456375]","[0.7645425796508789, 0.2354573756456375]",,,,
112060,737,268.0,268,,mlp,,0,0,0,0,0,0,0,0,0.0,0.0,True,"[0.4903090298175812, 0.5096909403800964]","[0.4903090298175812, 0.5096909403800964]",,,,
112518,738,458.0,458,,mlp,,0,0,0,0,0,0,0,0,0.0,0.0,True,"[0.5844334959983826, 0.4155665338039398]","[0.5844334959983826, 0.4155665338039398]",,,,
112737,739,219.0,219,,mlp,,0,0,0,0,0,0,0,0,0.0,0.0,True,"[0.9004200100898743, 0.09958004206418991]","[0.9004200100898743, 0.09958004206418991]",,,,
112996,740,259.0,259,158.82205200195312,mlp,,0,0,0,0,0,0,0,0,0.0,0.0,True,"[0.6198521852493286, 0.380147784948349]","[0.6198521852493286, 0.380147784948349]",,,,
113288,741,292.0,292,,mlp,,0,0,0,0,0,0,0,0,0.0,0.0,True,"[0.5144045352935791, 0.4855954647064209]","[0.5144045352935791, 0.4855954647064209]",,,,
113567,742,279.0,279,,mlp,,0,0,0,0,0,0,0,0,0.0,0.0,True,"[0.7503572702407837, 0.2496427446603775]","[0.7503572702407837, 0.2496427446603775]",,,,
113743,743,176.0,176,,mlp,,0,0,0,0,0,0,0,0,0.0,0.0,True,"[0.06281988322734833, 0.9371801018714905]","[0.06281988322734833, 0.9371801018714905]",,,,
114061,744,318.0,318,166.3649139404297,mlp,,0,0,0,0,0,0,0,0,0.0,0.0,True,"[0.023740921169519424, 0.9762591123580933]","[0.023740921169519424, 0.9762591123580933]",,,,
114270,745,209.0,209,,mlp,,0,0,0,0,0,0,0,0,0.0,0.0,True,"[0.5764985084533691, 0.42350152134895325]","[0.5764985084533691, 0.42350152134895325]",,,,
114496,746,226.0,226,,mlp,,0,0,0,0,0,0,0,0,0.0,0.0,True,"[0.13113680481910706, 0.8688631653785706]","[0.13113680481910706, 0.8688631653785706]",,,,
114672,747,176.0,176,,mlp,,0,0,0,0,0,0,0,0,0.0,0.0,True,"[0.40640297532081604, 0.5935969948768616]","[0.40640297532081604, 0.5935969948768616]",,,,
114933,748,261.0,261,186.6697998046875,mlp,,0,0,0,0,0,0,0,0,0.0,0.0,True,"[0.32803988456726074, 0.671960175037384]","[0.32803988456726074, 0.671960175037384]",,,,
115236,749,303.0,303,,mlp,,0,0,0,0,0,0,0,0,0.0,0.0,True,"[0.622999906539917, 0.3770000636577606]","[0.622999906539917, 0.3770000636577606]",,,,
115448,750,212.0,212,,mlp,,0,0,0,0,0,0,0,0,0.0,0.0,True,"[0.5495622158050537, 0.4504377841949463]","[0.5495622158050537, 0.4504377841949463]",,,,
115689,751,241.0,241,,mlp,,0,0,0,0,0,0,0,0,0.0,0.0,True,"[0.2453119456768036, 0.754688024520874]","[0.2453119456768036, 0.754688024520874]",,,,
115891,752,202.0,202,168.1243896484375,mlp,,0,0,0,0,0,0,0,0,0.0,0.0,True,"[0.0436050109565258, 0.9563949704170227]","[0.0436050109565258, 0.9563949704170227]",,,,
116047,753,156.0,156,,mlp,,0,0,0,0,0,0,0,0,0.0,0.0,True,"[0.5318275690078735, 0.4681724011898041]","[0.5318275690078735, 0.4681724011898041]",,,,
116281,754,234.0,234,,mlp,,0,0,0,0,0,0,0,0,0.0,0.0,True,"[0.09395548701286316, 0.9060445427894592]","[0.09395548701286316, 0.9060445427894592]",,,,
116475,755,194.0,194,,mlp,,0,0,0,0,0,0,0,0,0.0,0.0,True,"[0.8649422526359558, 0.13505777716636658]","[0.8649422526359558, 0.13505777716636658]",,,,
116701,756,226.0,226,183.60935974121094,mlp,,0,0,0,0,0,0,0,0,0.0,0.0,True,"[0.6549059748649597, 0.3450939953327179]","[0.6549059748649597, 0.3450939953327179]",,,,
116815,757,114.0,114,,mlp,,0,0,0,0,0,0,0,0,0.0,0.0,True,"[0.1345651000738144, 0.8654349446296692]","[0.1345651000738144, 0.8654349446296692]",,,,
117021,758,206.0,206,,mlp,,0,0,0,0,0,0,0,0,0.0,0.0,True,"[0.32242491841316223, 0.6775751113891602]","[0.32242491841316223, 0.6775751113891602]",,,,
117220,759,199.0,199,,mlp,,0,0,0,0,0,0,0,0,0.0,0.0,True,"[0.6878743171691895, 0.31212565302848816]","[0.6878743171691895, 0.31212565302848816]",,,,
117720,760,500.0,500,150.47647094726562,mlp,,0,0,0,0,0,0,0,0,0.0,0.0,True,"[0.7241384387016296, 0.27586159110069275]","[0.7241384387016296, 0.27586159110069275]",,,,
117962,761,242.0,242,,mlp,,0,0,0,0,0,0,0,0,0.0,0.0,True,"[0.8392321467399597, 0.1607678085565567]","[0.8392321467399597, 0.1607678085565567]",,,,
118252,762,290.0,290,,mlp,,0,0,0,0,0,0,0,0,0.0,0.0,True,"[0.35508474707603455, 0.6449152231216431]","[0.35508474707603455, 0.6449152231216431]",,,,
118473,763,221.0,221,,mlp,,0,0,0,0,0,0,0,0,0.0,0.0,True,"[0.4150095582008362, 0.5849904417991638]","[0.4150095582008362, 0.5849904417991638]",,,,
118709,764,236.0,236,173.12255859375,mlp,,0,0,0,0,0,0,0,0,0.0,0.0,True,"[0.3407213091850281, 0.6592786908149719]","[0.3407213091850281, 0.6592786908149719]",,,,
119203,765,494.0,494,,mlp,,0,0,0,0,0,0,0,0,0.0,0.0,True,"[0.24345658719539642, 0.7565434575080872]","[0.24345658719539642, 0.7565434575080872]",,,,
119494,766,291.0,291,,mlp,,0,0,0,0,0,0,0,0,0.0,0.0,True,"[0.4852936267852783, 0.5147063732147217]","[0.4852936267852783, 0.5147063732147217]",,,,
119733,767,239.0,239,,mlp,,0,0,0,0,0,0,0,0,0.0,0.0,True,"[0.19542977213859558, 0.8045702576637268]","[0.19542977213859558, 0.8045702576637268]",,,,
119956,768,223.0,223,137.3663330078125,mlp,,0,0,0,0,0,0,0,0,0.0,0.0,True,"[0.5603060722351074, 0.4396938681602478]","[0.5603060722351074, 0.4396938681602478]",,,,
120191,769,235.0,235,,mlp,,0,0,0,0,0,0,0,0,0.0,0.0,True,"[0.22510525584220886, 0.7748947739601135]","[0.22510525584220886, 0.7748947739601135]",,,,
120363,770,172.0,172,,mlp,,0,0,0,0,0,0,0,0,0.0,0.0,True,"[0.4569224715232849, 0.5430775284767151]","[0.4569224715232849, 0.5430775284767151]",,,,
120646,771,283.0,283,,mlp,,0,0,0,0,0,0,0,0,0.0,0.0,True,"[0.0376330204308033, 0.9623669385910034]","[0.0376330204308033, 0.9623669385910034]",,,,
120922,772,276.0,276,140.01214599609375,mlp,,0,0,0,0,0,0,0,0,0.0,0.0,True,"[0.6275075078010559, 0.3724925220012665]","[0.6275075078010559, 0.3724925220012665]",,,,
121246,773,324.0,324,,mlp,,0,0,0,0,0,0,0,0,0.0,0.0,True,"[0.1239665076136589, 0.8760335445404053]","[0.1239665076136589, 0.8760335445404053]",,,,
121609,774,363.0,363,,mlp,,0,0,0,0,0,0,0,0,0.0,0.0,True,"[0.9383188486099243, 0.06168117746710777]","[0.9383188486099243, 0.06168117746710777]",,,,
122094,775,485.0,485,,mlp,,0,0,0,0,0,0,0,0,0.0,0.0,True,"[0.13414952158927917, 0.8658505082130432]","[0.13414952158927917, 0.8658505082130432]",,,,
122450,776,356.0,356,100.49247741699219,mlp,,0,0,0,0,0,0,0,0,0.0,0.0,True,"[0.4476487934589386, 0.552351176738739]","[0.4476487934589386, 0.552351176738739]",,,,
122703,777,253.0,253,,mlp,,0,0,0,0,0,0,0,0,0.0,0.0,True,"[0.856523871421814, 0.14347615838050842]","[0.856523871421814, 0.14347615838050842]",,,,
122941,778,238.0,238,,mlp,,0,0,0,0,0,0,0,0,0.0,0.0,True,"[0.2736603617668152, 0.7263396382331848]","[0.2736603617668152, 0.7263396382331848]",,,,
123252,779,311.0,311,,mlp,,0,0,0,0,0,0,0,0,0.0,0.0,True,"[0.605934202671051, 0.394065797328949]","[0.605934202671051, 0.394065797328949]",,,,
123543,780,291.0,291,141.64590454101562,mlp,,0,0,0,0,0,0,0,0,0.0,0.0,True,"[0.41975656151771545, 0.5802434086799622]","[0.41975656151771545, 0.5802434086799622]",,,,
124043,781,500.0,500,,mlp,,0,0,0,0,0,0,0,0,0.0,0.0,True,"[0.6547026038169861, 0.3452974259853363]","[0.6547026038169861, 0.3452974259853363]",,,,
124331,782,288.0,288,,mlp,,0,0,0,0,0,0,0,0,0.0,0.0,True,"[0.5285356044769287, 0.4714643955230713]","[0.5285356044769287, 0.4714643955230713]",,,,
124537,783,206.0,206,,mlp,,0,0,0,0,0,0,0,0,0.0,0.0,True,"[0.5026806592941284, 0.4973193407058716]","[0.5026806592941284, 0.4973193407058716]",,,,
124906,784,369.0,369,101.11723327636719,mlp,,0,0,0,0,0,0,0,0,0.0,0.0,True,"[0.6643276214599609, 0.33567243814468384]","[0.6643276214599609, 0.33567243814468384]",,,,
125171,785,265.0,265,,mlp,,0,0,0,0,0,0,0,0,0.0,0.0,True,"[0.04187734052538872, 0.9581226110458374]","[0.04187734052538872, 0.9581226110458374]",,,,
125304,786,133.0,133,,mlp,,0,0,0,0,0,0,0,0,0.0,0.0,True,"[0.12123551219701767, 0.8787645101547241]","[0.12123551219701767, 0.8787645101547241]",,,,
125564,787,260.0,260,,mlp,,0,0,0,0,0,0,0,0,0.0,0.0,True,"[0.7066700458526611, 0.29332995414733887]","[0.7066700458526611, 0.29332995414733887]",,,,
125891,788,327.0,327,111.26608276367188,mlp,,0,0,0,0,0,0,0,0,0.0,0.0,True,"[0.854167640209198, 0.1458323746919632]","[0.854167640209198, 0.1458323746919632]",,,,
126242,789,351.0,351,,mlp,,0,0,0,0,0,0,0,0,0.0,0.0,True,"[0.5854505896568298, 0.41454941034317017]","[0.5854505896568298, 0.41454941034317017]",,,,
126673,790,431.0,431,,mlp,,0,0,0,0,0,0,0,0,0.0,0.0,True,"[0.21710151433944702, 0.782898485660553]","[0.21710151433944702, 0.782898485660553]",,,,
127045,791,372.0,372,,mlp,,0,0,0,0,0,0,0,0,0.0,0.0,True,"[0.7609384059906006, 0.23906159400939941]","[0.7609384059906006, 0.23906159400939941]",,,,
127237,792,192.0,192,113.49964141845703,mlp,,0,0,0,0,0,0,0,0,0.0,0.0,True,"[0.2686768174171448, 0.7313232421875]","[0.2686768174171448, 0.7313232421875]",,,,
127737,793,500.0,500,,mlp,,0,0,0,0,0,0,0,0,0.0,0.0,True,"[0.5049591064453125, 0.4950408935546875]","[0.5049591064453125, 0.4950408935546875]",,,,
127987,794,250.0,250,,mlp,,0,0,0,0,0,0,0,0,0.0,0.0,True,"[0.03484208509325981, 0.9651578664779663]","[0.03484208509325981, 0.9651578664779663]",,,,
128230,795,243.0,243,,mlp,,0,0,0,0,0,0,0,0,0.0,0.0,True,"[0.9393462538719177, 0.060653720051050186]","[0.9393462538719177, 0.060653720051050186]",,,,
128612,796,382.0,382,115.0841064453125,mlp,,0,0,0,0,0,0,0,0,0.0,0.0,True,"[0.03626594319939613, 0.9637340307235718]","[0.03626594319939613, 0.9637340307235718]",,,,
129008,797,396.0,396,,mlp,,0,0,0,0,0,0,0,0,0.0,0.0,True,"[0.3106425702571869, 0.6893574595451355]","[0.3106425702571869, 0.6893574595451355]",,,,
129372,798,364.0,364,,mlp,,0,0,0,0,0,0,0,0,0.0,0.0,True,"[0.03110155463218689, 0.9688984155654907]","[0.03110155463218689, 0.9688984155654907]",,,,
129872,799,500.0,500,,mlp,,0,0,0,0,0,0,0,0,0.0,0.0,True,"[0.8293648362159729, 0.1706351637840271]","[0.8293648362159729, 0.1706351637840271]",,,,
130321,800,449.0,449,125.602294921875,mlp,,0,0,0,0,0,0,0,0,0.0,0.0,True,"[0.8192692995071411, 0.1807306706905365]","[0.8192692995071411, 0.1807306706905365]",,,,
130544,801,223.0,223,,mlp,,0,0,0,0,0,0,0,0,0.0,0.0,True,"[0.8314928412437439, 0.1685071438550949]","[0.8314928412437439, 0.1685071438550949]",,,,
130824,802,280.0,280,,mlp,,0,0,0,0,0,0,0,0,0.0,0.0,True,"[0.03962985426187515, 0.9603700637817383]","[0.03962985426187515, 0.9603700637817383]",,,,
131296,803,472.0,472,,mlp,,0,0,0,0,0,0,0,0,0.0,0.0,True,"[0.8249995112419128, 0.17500056326389313]","[0.8249995112419128, 0.17500056326389313]",,,,
131617,804,321.0,321,67.35386657714844,mlp,,0,0,0,0,0,0,0,0,0.0,0.0,True,"[0.9591490030288696, 0.0408509261906147]","[0.9591490030288696, 0.0408509261906147]",,,,
131885,805,268.0,268,,mlp,,0,0,0,0,0,0,0,0,0.0,0.0,True,"[0.7146927118301392, 0.28530728816986084]","[0.7146927118301392, 0.28530728816986084]",,,,
132065,806,180.0,180,,mlp,,0,0,0,0,0,0,0,0,0.0,0.0,True,"[0.06202073022723198, 0.9379793405532837]","[0.06202073022723198, 0.9379793405532837]",,,,
132565,807,500.0,500,,mlp,,0,0,0,0,0,0,0,0,0.0,0.0,True,"[0.9605396389961243, 0.039460357278585434]","[0.9605396389961243, 0.039460357278585434]",,,,
133065,808,500.0,500,68.27545928955078,mlp,,0,0,0,0,0,0,0,0,0.0,0.0,True,"[0.4096950590610504, 0.590304970741272]","[0.4096950590610504, 0.590304970741272]",,,,
133370,809,305.0,305,,mlp,,0,0,0,0,0,0,0,0,0.0,0.0,True,"[0.4713483154773712, 0.5286517143249512]","[0.4713483154773712, 0.5286517143249512]",,,,
133741,810,371.0,371,,mlp,,0,0,0,0,0,0,0,0,0.0,0.0,True,"[0.3167046010494232, 0.6832954287528992]","[0.3167046010494232, 0.6832954287528992]",,,,
134227,811,486.0,486,,mlp,,0,0,0,0,0,0,0,0,0.0,0.0,True,"[0.6196779012680054, 0.3803221583366394]","[0.6196779012680054, 0.3803221583366394]",,,,
134571,812,344.0,344,124.37184143066406,mlp,,0,0,0,0,0,0,0,0,0.0,0.0,True,"[0.7300354838371277, 0.2699644863605499]","[0.7300354838371277, 0.2699644863605499]",,,,
134963,813,392.0,392,,mlp,,0,0,0,0,0,0,0,0,0.0,0.0,True,"[0.08636308461427689, 0.9136368632316589]","[0.08636308461427689, 0.9136368632316589]",,,,
135463,814,500.0,500,,mlp,,0,0,0,0,0,0,0,0,0.0,0.0,True,"[0.747229814529419, 0.25277024507522583]","[0.747229814529419, 0.25277024507522583]",,,,
135785,815,322.0,322,,mlp,,0,0,0,0,0,0,0,0,0.0,0.0,True,"[0.04722245782613754, 0.9527775645256042]","[0.04722245782613754, 0.9527775645256042]",,,,
135970,816,185.0,185,137.63113403320312,mlp,,0,0,0,0,0,0,0,0,0.0,0.0,True,"[0.05656467005610466, 0.9434353113174438]","[0.05656467005610466, 0.9434353113174438]",,,,
136470,817,500.0,500,,mlp,,0,0,0,0,0,0,0,0,0.0,0.0,True,"[0.9662958979606628, 0.033704109489917755]","[0.9662958979606628, 0.033704109489917755]",,,,
136764,818,294.0,294,,mlp,,0,0,0,0,0,0,0,0,0.0,0.0,True,"[0.07652341574430466, 0.9234765768051147]","[0.07652341574430466, 0.9234765768051147]",,,,
137242,819,478.0,478,,mlp,,0,0,0,0,0,0,0,0,0.0,0.0,True,"[0.950959324836731, 0.049040649086236954]","[0.950959324836731, 0.049040649086236954]",,,,
137742,820,500.0,500,83.91446685791016,mlp,,0,0,0,0,0,0,0,0,0.0,0.0,True,"[0.30911827087402344, 0.6908817291259766]","[0.30911827087402344, 0.6908817291259766]",,,,
137959,821,217.0,217,,mlp,,0,0,0,0,0,0,0,0,0.0,0.0,True,"[0.05039028823375702, 0.9496096968650818]","[0.05039028823375702, 0.9496096968650818]",,,,
138122,822,163.0,163,,mlp,,0,0,0,0,0,0,0,0,0.0,0.0,True,"[0.10236494243144989, 0.8976350426673889]","[0.10236494243144989, 0.8976350426673889]",,,,
138517,823,395.0,395,,mlp,,0,0,0,0,0,0,0,0,0.0,0.0,True,"[0.8961852788925171, 0.10381466150283813]","[0.8961852788925171, 0.10381466150283813]",,,,
138791,824,274.0,274,240.22311401367188,mlp,,0,0,0,0,0,0,0,0,0.0,0.0,True,"[0.06170644238591194, 0.9382935762405396]","[0.06170644238591194, 0.9382935762405396]",,,,
139291,825,500.0,500,,mlp,,0,0,0,0,0,0,0,0,0.0,0.0,True,"[0.461183100938797, 0.5388169288635254]","[0.461183100938797, 0.5388169288635254]",,,,
139791,826,500.0,500,,mlp,,0,0,0,0,0,0,0,0,0.0,0.0,True,"[0.556935727596283, 0.44306430220603943]","[0.556935727596283, 0.44306430220603943]",,,,
140102,827,311.0,311,,mlp,,0,0,0,0,0,0,0,0,0.0,0.0,True,"[0.9686667919158936, 0.031333185732364655]","[0.9686667919158936, 0.031333185732364655]",,,,
140602,828,500.0,500,70.22116088867188,mlp,,0,0,0,0,0,0,0,0,0.0,0.0,True,"[0.6138656735420227, 0.3861342966556549]","[0.6138656735420227, 0.3861342966556549]",,,,
140903,829,301.0,301,,mlp,,0,0,0,0,0,0,0,0,0.0,0.0,True,"[0.47822946310043335, 0.5217705368995667]","[0.47822946310043335, 0.5217705368995667]",,,,
141054,830,151.0,151,,mlp,,0,0,0,0,0,0,0,0,0.0,0.0,True,"[0.4994009733200073, 0.5005990266799927]","[0.4994009733200073, 0.5005990266799927]",,,,
141404,831,350.0,350,,mlp,,0,0,0,0,0,0,0,0,0.0,0.0,True,"[0.7828989028930664, 0.21710114181041718]","[0.7828989028930664, 0.21710114181041718]",,,,
141797,832,393.0,393,206.20230102539062,mlp,,0,0,0,0,0,0,0,0,0.0,0.0,True,"[0.08188345283269882, 0.918116569519043]","[0.08188345283269882, 0.918116569519043]",,,,
142126,833,329.0,329,,mlp,,0,0,0,0,0,0,0,0,0.0,0.0,True,"[0.857653021812439, 0.14234696328639984]","[0.857653021812439, 0.14234696328639984]",,,,
142505,834,379.0,379,,mlp,,0,0,0,0,0,0,0,0,0.0,0.0,True,"[0.09097322821617126, 0.9090267419815063]","[0.09097322821617126, 0.9090267419815063]",,,,
142611,835,106.0,106,,mlp,,0,0,0,0,0,0,0,0,0.0,0.0,True,"[0.5952321290969849, 0.40476781129837036]","[0.5952321290969849, 0.40476781129837036]",,,,
142847,836,236.0,236,250.11904907226562,mlp,,0,0,0,0,0,0,0,0,0.0,0.0,True,"[0.8426702618598938, 0.1573297530412674]","[0.8426702618598938, 0.1573297530412674]",,,,
143109,837,262.0,262,,mlp,,0,0,0,0,0,0,0,0,0.0,0.0,True,"[0.09484896808862686, 0.9051510691642761]","[0.09484896808862686, 0.9051510691642761]",,,,
143501,838,392.0,392,,mlp,,0,0,0,0,0,0,0,0,0.0,0.0,True,"[0.8553088307380676, 0.14469121396541595]","[0.8553088307380676, 0.14469121396541595]",,,,
143806,839,305.0,305,,mlp,,0,0,0,0,0,0,0,0,0.0,0.0,True,"[0.8079574704170227, 0.1920425295829773]","[0.8079574704170227, 0.1920425295829773]",,,,
144205,840,399.0,399,185.16879272460938,mlp,,0,0,0,0,0,0,0,0,0.0,0.0,True,"[0.3191755414009094, 0.6808244585990906]","[0.3191755414009094, 0.6808244585990906]",,,,
144705,841,500.0,500,,mlp,,0,0,0,0,0,0,0,0,0.0,0.0,True,"[0.36433619260787964, 0.6356638669967651]","[0.36433619260787964, 0.6356638669967651]",,,,
144977,842,272.0,272,,mlp,,0,0,0,0,0,0,0,0,0.0,0.0,True,"[0.17927581071853638, 0.8207241892814636]","[0.17927581071853638, 0.8207241892814636]",,,,
145139,843,162.0,162,,mlp,,0,0,0,0,0,0,0,0,0.0,0.0,True,"[0.055411197245121, 0.944588840007782]","[0.055411197245121, 0.944588840007782]",,,,
145315,844,176.0,176,214.76248168945312,mlp,,0,0,0,0,0,0,0,0,0.0,0.0,True,"[0.9663525819778442, 0.03364742174744606]","[0.9663525819778442, 0.03364742174744606]",,,,
145478,845,163.0,163,,mlp,,0,0,0,0,0,0,0,0,0.0,0.0,True,"[0.905670166015625, 0.0943298488855362]","[0.905670166015625, 0.0943298488855362]",,,,
145896,846,418.0,418,,mlp,,0,0,0,0,0,0,0,0,0.0,0.0,True,"[0.7298500537872314, 0.27014997601509094]","[0.7298500537872314, 0.27014997601509094]",,,,
146170,847,274.0,274,,mlp,,0,0,0,0,0,0,0,0,0.0,0.0,True,"[0.33757081627845764, 0.66242915391922]","[0.33757081627845764, 0.66242915391922]",,,,
146565,848,395.0,395,213.25344848632812,mlp,,0,0,0,0,0,0,0,0,0.0,0.0,True,"[0.122845858335495, 0.8771541714668274]","[0.122845858335495, 0.8771541714668274]",,,,
146780,849,215.0,215,,mlp,,0,0,0,0,0,0,0,0,0.0,0.0,True,"[0.4387400150299072, 0.5612600445747375]","[0.4387400150299072, 0.5612600445747375]",,,,
147232,850,452.0,452,,mlp,,0,0,0,0,0,0,0,0,0.0,0.0,True,"[0.48516955971717834, 0.5148304104804993]","[0.48516955971717834, 0.5148304104804993]",,,,
147503,851,271.0,271,,mlp,,0,0,0,0,0,0,0,0,0.0,0.0,True,"[0.6180482506752014, 0.3819517195224762]","[0.6180482506752014, 0.3819517195224762]",,,,
147684,852,181.0,181,248.46617126464844,mlp,,0,0,0,0,0,0,0,0,0.0,0.0,True,"[0.6580339670181274, 0.34196600317955017]","[0.6580339670181274, 0.34196600317955017]",,,,
147952,853,268.0,268,,mlp,,0,0,0,0,0,0,0,0,0.0,0.0,True,"[0.6224199533462524, 0.37758001685142517]","[0.6224199533462524, 0.37758001685142517]",,,,
148381,854,429.0,429,,mlp,,0,0,0,0,0,0,0,0,0.0,0.0,True,"[0.16848576068878174, 0.8315141797065735]","[0.16848576068878174, 0.8315141797065735]",,,,
148505,855,124.0,124,,mlp,,0,0,0,0,0,0,0,0,0.0,0.0,True,"[0.05063165724277496, 0.9493682980537415]","[0.05063165724277496, 0.9493682980537415]",,,,
149005,856,500.0,500,167.25823974609375,mlp,,0,0,0,0,0,0,0,0,0.0,0.0,True,"[0.32509833574295044, 0.6749016642570496]","[0.32509833574295044, 0.6749016642570496]",,,,
149343,857,338.0,338,,mlp,,0,0,0,0,0,0,0,0,0.0,0.0,True,"[0.8966435790061951, 0.10335646569728851]","[0.8966435790061951, 0.10335646569728851]",,,,
149484,858,141.0,141,,mlp,,0,0,0,0,0,0,0,0,0.0,0.0,True,"[0.16546128690242767, 0.8345386981964111]","[0.16546128690242767, 0.8345386981964111]",,,,
149815,859,331.0,331,,mlp,,0,0,0,0,0,0,0,0,0.0,0.0,True,"[0.9315423965454102, 0.06845762580633163]","[0.9315423965454102, 0.06845762580633163]",,,,
149963,860,148.0,148,265.1990051269531,mlp,,0,0,0,0,0,0,0,0,0.0,0.0,True,"[0.5197488069534302, 0.4802511930465698]","[0.5197488069534302, 0.4802511930465698]",,,,
