global_step,episode,episode_return,episode_length,loss,actor_type,case_entries,cases_pruned,cases_replaced,actor_cases_pruned,actor_cases_replaced,critic_cases_pruned,critic_cases_replaced,critic_label_updates,critic_label_update_samples,exploration_epsilon,behavior_epsilon,policy_ready,action_probs,behavior_action_probs,action_counts,bias_min,bias_mean,bias_max
87,1,-292.7225348104594,87,,mlp,,0,0,0,0,0,0,0,0,0.0,0.0,True,"[0.34600138664245605, 0.21794630587100983, 0.20467619597911835, 0.2313760668039322]","[0.34600138664245605, 0.21794630587100983, 0.20467619597911835, 0.2313760668039322]",,,,
194,2,-111.67466222484349,107,,mlp,,0,0,0,0,0,0,0,0,0.0,0.0,True,"[0.27668365836143494, 0.2227860689163208, 0.24686864018440247, 0.2536616325378418]","[0.27668365836143494, 0.2227860689163208, 0.24686864018440247, 0.2536616325378418]",,,,
313,3,-89.57719556082378,119,,mlp,,0,0,0,0,0,0,0,0,0.0,0.0,True,"[0.2666299045085907, 0.2329176813364029, 0.23659323155879974, 0.2638591527938843]","[0.2666299045085907, 0.2329176813364029, 0.23659323155879974, 0.2638591527938843]",,,,
400,4,-245.06805198585957,87,2358.83984375,mlp,,0,0,0,0,0,0,0,0,0.0,0.0,True,"[0.29329413175582886, 0.23310837149620056, 0.22301290929317474, 0.25058460235595703]","[0.29329413175582886, 0.23310837149620056, 0.22301290929317474, 0.25058460235595703]",,,,
517,5,22.9802311529006,117,,mlp,,0,0,0,0,0,0,0,0,0.0,0.0,True,"[0.26475051045417786, 0.24258928000926971, 0.23335810005664825, 0.25930213928222656]","[0.26475051045417786, 0.24258928000926971, 0.23335810005664825, 0.25930213928222656]",,,,
639,6,-253.37269478757258,122,,mlp,,0,0,0,0,0,0,0,0,0.0,0.0,True,"[0.2947694957256317, 0.20850124955177307, 0.25960615277290344, 0.23712311685085297]","[0.2947694957256317, 0.20850124955177307, 0.25960615277290344, 0.23712311685085297]",,,,
802,7,-368.6102257215982,163,,mlp,,0,0,0,0,0,0,0,0,0.0,0.0,True,"[0.3155619204044342, 0.22598908841609955, 0.2176503986120224, 0.24079857766628265]","[0.3155619204044342, 0.22598908841609955, 0.2176503986120224, 0.24079857766628265]",,,,
876,8,-21.022794655664143,74,1761.8861083984375,mlp,,123,253,0,0,123,253,0,0,0.0,0.0,True,"[0.27231690287590027, 0.2591796815395355, 0.23195192217826843, 0.23655150830745697]","[0.27231690287590027, 0.2591796815395355, 0.23195192217826843, 0.23655150830745697]",,,,
944,9,-75.5949739660555,68,,mlp,,123,253,0,0,123,253,0,0,0.0,0.0,True,"[0.27189093828201294, 0.22942794859409332, 0.24695691466331482, 0.2517242133617401]","[0.27189093828201294, 0.22942794859409332, 0.24695691466331482, 0.2517242133617401]",,,,
1055,10,-170.30795268871472,111,,mlp,,123,253,0,0,123,253,0,0,0.0,0.0,True,"[0.27413275837898254, 0.22050873935222626, 0.24759501218795776, 0.25776344537734985]","[0.27413275837898254, 0.22050873935222626, 0.24759501218795776, 0.25776344537734985]",,,,
1150,11,-295.64838943242455,95,,mlp,,123,253,0,0,123,253,0,0,0.0,0.0,True,"[0.28641027212142944, 0.21756598353385925, 0.2549635171890259, 0.2410603016614914]","[0.28641027212142944, 0.21756598353385925, 0.2549635171890259, 0.2410603016614914]",,,,
1235,12,-186.23373669893536,85,1268.0531005859375,mlp,,202,533,0,0,202,533,0,0,0.0,0.0,True,"[0.3040505349636078, 0.2705868184566498, 0.22045542299747467, 0.20490726828575134]","[0.3040505349636078, 0.2705868184566498, 0.22045542299747467, 0.20490726828575134]",,,,
1300,13,-197.16322413765897,65,,mlp,,202,533,0,0,202,533,0,0,0.0,0.0,True,"[0.29906165599823, 0.24094761908054352, 0.20586352050304413, 0.2541271448135376]","[0.29906165599823, 0.24094761908054352, 0.20586352050304413, 0.2541271448135376]",,,,
1377,14,-222.6300748949264,77,,mlp,,202,533,0,0,202,533,0,0,0.0,0.0,True,"[0.29084497690200806, 0.24230173230171204, 0.21158552169799805, 0.25526779890060425]","[0.29084497690200806, 0.24230173230171204, 0.21158552169799805, 0.25526779890060425]",,,,
1485,15,-109.12764729041838,108,,mlp,,202,533,0,0,202,533,0,0,0.0,0.0,True,"[0.26882073283195496, 0.23879806697368622, 0.2536573112010956, 0.23872387409210205]","[0.26882073283195496, 0.23879806697368622, 0.2536573112010956, 0.23872387409210205]",,,,
1614,16,-97.99639493125258,129,560.1375122070312,mlp,,257,857,0,0,257,857,0,0,0.0,0.0,True,"[0.26754698157310486, 0.24017225205898285, 0.2445085495710373, 0.2477722018957138]","[0.26754698157310486, 0.24017225205898285, 0.2445085495710373, 0.2477722018957138]",,,,
1714,17,-474.7981595077391,100,,mlp,,257,857,0,0,257,857,0,0,0.0,0.0,True,"[0.29422780871391296, 0.24786238372325897, 0.2216130644083023, 0.2362968474626541]","[0.29422780871391296, 0.24786238372325897, 0.2216130644083023, 0.2362968474626541]",,,,
1808,18,-409.616162156875,94,,mlp,,257,857,0,0,257,857,0,0,0.0,0.0,True,"[0.2810863256454468, 0.24121318757534027, 0.23487050831317902, 0.24282991886138916]","[0.2810863256454468, 0.24121318757534027, 0.23487050831317902, 0.24282991886138916]",,,,
1924,19,-248.120442238413,116,,mlp,,257,857,0,0,257,857,0,0,0.0,0.0,True,"[0.2769613564014435, 0.23729106783866882, 0.2444230616092682, 0.2413245141506195]","[0.2769613564014435, 0.23729106783866882, 0.2444230616092682, 0.2413245141506195]",,,,
2021,20,-108.12530161241096,97,2223.5263671875,mlp,,330,1191,0,0,330,1191,0,0,0.0,0.0,True,"[0.2665593922138214, 0.23820531368255615, 0.2512475848197937, 0.2439877688884735]","[0.2665593922138214, 0.23820531368255615, 0.2512475848197937, 0.2439877688884735]",,,,
2084,21,-135.7064416778816,63,,mlp,,330,1191,0,0,330,1191,0,0,0.0,0.0,True,"[0.2644663155078888, 0.23447185754776, 0.2576513886451721, 0.24341042339801788]","[0.2644663155078888, 0.23447185754776, 0.2576513886451721, 0.24341042339801788]",,,,
2152,22,-173.75980705402077,68,,mlp,,330,1191,0,0,330,1191,0,0,0.0,0.0,True,"[0.26552173495292664, 0.24581612646579742, 0.24589954316616058, 0.24276261031627655]","[0.26552173495292664, 0.24581612646579742, 0.24589954316616058, 0.24276261031627655]",,,,
2229,23,-263.77231163298404,77,,mlp,,330,1191,0,0,330,1191,0,0,0.0,0.0,True,"[0.28425273299217224, 0.3260805904865265, 0.20754501223564148, 0.1821216195821762]","[0.28425273299217224, 0.3260805904865265, 0.20754501223564148, 0.1821216195821762]",,,,
2309,24,-192.42888527001114,80,974.8799438476562,mlp,,419,1390,0,0,419,1390,0,0,0.0,0.0,True,"[0.2719237804412842, 0.2294389307498932, 0.25384801626205444, 0.244789257645607]","[0.2719237804412842, 0.2294389307498932, 0.25384801626205444, 0.244789257645607]",,,,
2367,25,-85.70507689465228,58,,mlp,,419,1390,0,0,419,1390,0,0,0.0,0.0,True,"[0.26263493299484253, 0.25037142634391785, 0.2477734386920929, 0.23922015726566315]","[0.26263493299484253, 0.25037142634391785, 0.2477734386920929, 0.23922015726566315]",,,,
2472,26,-273.07766723073917,105,,mlp,,419,1390,0,0,419,1390,0,0,0.0,0.0,True,"[0.2778986394405365, 0.31302985548973083, 0.22878320515155792, 0.18028821051120758]","[0.2778986394405365, 0.31302985548973083, 0.22878320515155792, 0.18028821051120758]",,,,
2564,27,-379.69426644814723,92,,mlp,,419,1390,0,0,419,1390,0,0,0.0,0.0,True,"[0.28112122416496277, 0.2392124980688095, 0.24896803498268127, 0.23069825768470764]","[0.28112122416496277, 0.2392124980688095, 0.24896803498268127, 0.23069825768470764]",,,,
2671,28,-436.3555414428063,107,1728.4815673828125,mlp,,485,1686,0,0,485,1686,0,0,0.0,0.0,True,"[0.28329092264175415, 0.2359122335910797, 0.25540533661842346, 0.22539149224758148]","[0.28329092264175415, 0.2359122335910797, 0.25540533661842346, 0.22539149224758148]",,,,
2754,29,-316.34463764495604,83,,mlp,,485,1686,0,0,485,1686,0,0,0.0,0.0,True,"[0.3129495680332184, 0.2601621747016907, 0.2253936529159546, 0.20149466395378113]","[0.3129495680332184, 0.2601621747016907, 0.2253936529159546, 0.20149466395378113]",,,,
2871,30,-169.88878212604703,117,,mlp,,485,1686,0,0,485,1686,0,0,0.0,0.0,True,"[0.2755286693572998, 0.2583507299423218, 0.24125447869300842, 0.22486603260040283]","[0.2755286693572998, 0.2583507299423218, 0.24125447869300842, 0.22486603260040283]",,,,
2962,31,-167.62017769392395,91,,mlp,,485,1686,0,0,485,1686,0,0,0.0,0.0,True,"[0.2644437253475189, 0.2516169846057892, 0.24217450618743896, 0.24176476895809174]","[0.2644437253475189, 0.2516169846057892, 0.24217450618743896, 0.24176476895809174]",,,,
3034,32,-113.83052060176875,72,604.8538818359375,mlp,,523,2011,0,0,523,2011,0,0,0.0,0.0,True,"[0.25605541467666626, 0.24684104323387146, 0.2559233605861664, 0.2411802113056183]","[0.25605541467666626, 0.24684104323387146, 0.2559233605861664, 0.2411802113056183]",,,,
3158,33,-95.93909116737562,124,,mlp,,523,2011,0,0,523,2011,0,0,0.0,0.0,True,"[0.2623806297779083, 0.25565090775489807, 0.240930438041687, 0.2410379946231842]","[0.2623806297779083, 0.25565090775489807, 0.240930438041687, 0.2410379946231842]",,,,
3233,34,-168.3925360782415,75,,mlp,,523,2011,0,0,523,2011,0,0,0.0,0.0,True,"[0.2755993902683258, 0.23800872266292572, 0.23910121619701385, 0.24729062616825104]","[0.2755993902683258, 0.23800872266292572, 0.23910121619701385, 0.24729062616825104]",,,,
3301,35,-42.510029042185764,68,,mlp,,523,2011,0,0,523,2011,0,0,0.0,0.0,True,"[0.26079604029655457, 0.2531421184539795, 0.22732724249362946, 0.25873464345932007]","[0.26079604029655457, 0.2531421184539795, 0.22732724249362946, 0.25873464345932007]",,,,
3370,36,-100.78361519978202,69,466.1639404296875,mlp,,592,2278,0,0,592,2278,0,0,0.0,0.0,True,"[0.2605848014354706, 0.2588216960430145, 0.23715247213840485, 0.24344097077846527]","[0.2605848014354706, 0.2588216960430145, 0.23715247213840485, 0.24344097077846527]",,,,
3496,37,-217.68689922032829,126,,mlp,,592,2278,0,0,592,2278,0,0,0.0,0.0,True,"[0.2634832561016083, 0.25431200861930847, 0.24716801941394806, 0.235036700963974]","[0.2634832561016083, 0.25431200861930847, 0.24716801941394806, 0.235036700963974]",,,,
3564,38,-80.20337828233747,68,,mlp,,592,2278,0,0,592,2278,0,0,0.0,0.0,True,"[0.26399531960487366, 0.24331748485565186, 0.25108617544174194, 0.24160096049308777]","[0.26399531960487366, 0.24331748485565186, 0.25108617544174194, 0.24160096049308777]",,,,
3670,39,-205.13762641940878,106,,mlp,,592,2278,0,0,592,2278,0,0,0.0,0.0,True,"[0.2598439157009125, 0.2610264718532562, 0.2406083047389984, 0.23852132260799408]","[0.2598439157009125, 0.2610264718532562, 0.2406083047389984, 0.23852132260799408]",,,,
3765,40,-267.2277889846653,95,739.8590087890625,mlp,,653,2612,0,0,653,2612,0,0,0.0,0.0,True,"[0.2923735976219177, 0.26001378893852234, 0.2382681667804718, 0.20934446156024933]","[0.2923735976219177, 0.26001378893852234, 0.2382681667804718, 0.20934446156024933]",,,,
3827,41,-117.4613380131842,62,,mlp,,653,2612,0,0,653,2612,0,0,0.0,0.0,True,"[0.2545064687728882, 0.26033663749694824, 0.24936021864414215, 0.23579666018486023]","[0.2545064687728882, 0.26033663749694824, 0.24936021864414215, 0.23579666018486023]",,,,
3911,42,-297.3933003969998,84,,mlp,,653,2612,0,0,653,2612,0,0,0.0,0.0,True,"[0.31533655524253845, 0.25534307956695557, 0.19454659521579742, 0.23477387428283691]","[0.31533655524253845, 0.25534307956695557, 0.19454659521579742, 0.23477387428283691]",,,,
4028,43,-121.48974438009219,117,,mlp,,653,2612,0,0,653,2612,0,0,0.0,0.0,True,"[0.2604188323020935, 0.24711553752422333, 0.25654637813568115, 0.2359192669391632]","[0.2604188323020935, 0.24711553752422333, 0.25654637813568115, 0.2359192669391632]",,,,
4103,44,-99.87444808542189,75,502.262939453125,mlp,,697,2906,0,0,697,2906,0,0,0.0,0.0,True,"[0.2596207559108734, 0.2515075206756592, 0.25010085105895996, 0.23877090215682983]","[0.2596207559108734, 0.2515075206756592, 0.25010085105895996, 0.23877090215682983]",,,,
4204,45,-301.3947799512533,101,,mlp,,697,2906,0,0,697,2906,0,0,0.0,0.0,True,"[0.259223997592926, 0.26805025339126587, 0.2476671040058136, 0.2250586897134781]","[0.259223997592926, 0.26805025339126587, 0.2476671040058136, 0.2250586897134781]",,,,
4288,46,-129.51429048554962,84,,mlp,,697,2906,0,0,697,2906,0,0,0.0,0.0,True,"[0.251605749130249, 0.2664455771446228, 0.24060842394828796, 0.24134019017219543]","[0.251605749130249, 0.2664455771446228, 0.24060842394828796, 0.24134019017219543]",,,,
4352,47,-59.28624113524174,64,,mlp,,697,2906,0,0,697,2906,0,0,0.0,0.0,True,"[0.2451661378145218, 0.2655257284641266, 0.25021299719810486, 0.23909516632556915]","[0.2451661378145218, 0.2655257284641266, 0.25021299719810486, 0.23909516632556915]",,,,
4472,48,-250.04922427449446,120,412.45635986328125,mlp,,732,3240,0,0,732,3240,0,0,0.0,0.0,True,"[0.2519298791885376, 0.3696885406970978, 0.22514702379703522, 0.1532345563173294]","[0.2519298791885376, 0.3696885406970978, 0.22514702379703522, 0.1532345563173294]",,,,
4547,49,-68.00904388006077,75,,mlp,,732,3240,0,0,732,3240,0,0,0.0,0.0,True,"[0.2461610585451126, 0.2877466678619385, 0.25060227513313293, 0.21549002826213837]","[0.2461610585451126, 0.2877466678619385, 0.25060227513313293, 0.21549002826213837]",,,,
4642,50,-171.5354728840967,95,,mlp,,732,3240,0,0,732,3240,0,0,0.0,0.0,True,"[0.261836975812912, 0.24178466200828552, 0.2594330906867981, 0.23694521188735962]","[0.261836975812912, 0.24178466200828552, 0.2594330906867981, 0.23694521188735962]",,,,
4710,51,-74.66031666476896,68,,mlp,,732,3240,0,0,732,3240,0,0,0.0,0.0,True,"[0.24715456366539001, 0.24292923510074615, 0.26485952734947205, 0.2450566291809082]","[0.24715456366539001, 0.24292923510074615, 0.26485952734947205, 0.2450566291809082]",,,,
4804,52,-332.693190449976,94,991.939697265625,mlp,,761,3543,0,0,761,3543,0,0,0.0,0.0,True,"[0.29008275270462036, 0.24086549878120422, 0.22542181611061096, 0.24362990260124207]","[0.29008275270462036, 0.24086549878120422, 0.22542181611061096, 0.24362990260124207]",,,,
4868,53,-101.413835097952,64,,mlp,,761,3543,0,0,761,3543,0,0,0.0,0.0,True,"[0.24931688606739044, 0.24118681252002716, 0.275111585855484, 0.23438474535942078]","[0.24931688606739044, 0.24118681252002716, 0.275111585855484, 0.23438474535942078]",,,,
4957,54,-143.650570957162,89,,mlp,,761,3543,0,0,761,3543,0,0,0.0,0.0,True,"[0.25589799880981445, 0.25297263264656067, 0.2535242736339569, 0.2376050353050232]","[0.25589799880981445, 0.25297263264656067, 0.2535242736339569, 0.2376050353050232]",,,,
5023,55,-143.97592593911372,66,,mlp,,761,3543,0,0,761,3543,0,0,0.0,0.0,True,"[0.2620871067047119, 0.23945458233356476, 0.2577171325683594, 0.24074119329452515]","[0.2620871067047119, 0.23945458233356476, 0.2577171325683594, 0.24074119329452515]",,,,
5121,56,9.948637473279987,98,1092.351318359375,mlp,,824,3797,0,0,824,3797,0,0,0.0,0.0,True,"[0.2493298351764679, 0.26980695128440857, 0.235695019364357, 0.24516820907592773]","[0.2493298351764679, 0.26980695128440857, 0.235695019364357, 0.24516820907592773]",,,,
5186,57,-193.64541728842028,65,,mlp,,824,3797,0,0,824,3797,0,0,0.0,0.0,True,"[0.24268709123134613, 0.2801007032394409, 0.24022243916988373, 0.23698973655700684]","[0.24268709123134613, 0.2801007032394409, 0.24022243916988373, 0.23698973655700684]",,,,
5288,58,-386.24744390614245,102,,mlp,,824,3797,0,0,824,3797,0,0,0.0,0.0,True,"[0.2564018666744232, 0.2868272066116333, 0.24873197078704834, 0.2080390453338623]","[0.2564018666744232, 0.2868272066116333, 0.24873197078704834, 0.2080390453338623]",,,,
5373,59,-169.44599220326108,85,,mlp,,824,3797,0,0,824,3797,0,0,0.0,0.0,True,"[0.24502860009670258, 0.2833070755004883, 0.23714028298854828, 0.23452404141426086]","[0.24502860009670258, 0.2833070755004883, 0.23714028298854828, 0.23452404141426086]",,,,
5459,60,-239.46253718572962,86,1108.699951171875,mlp,,879,4080,0,0,879,4080,0,0,0.0,0.0,True,"[0.2699969410896301, 0.23368720710277557, 0.24605792760849, 0.2502579092979431]","[0.2699969410896301, 0.23368720710277557, 0.24605792760849, 0.2502579092979431]",,,,
5557,61,-68.07015773149132,98,,mlp,,879,4080,0,0,879,4080,0,0,0.0,0.0,True,"[0.2384210079908371, 0.26228687167167664, 0.2596879005432129, 0.23960421979427338]","[0.2384210079908371, 0.26228687167167664, 0.2596879005432129, 0.23960421979427338]",,,,
5654,62,-135.63157260528715,97,,mlp,,879,4080,0,0,879,4080,0,0,0.0,0.0,True,"[0.2524493634700775, 0.2504367530345917, 0.2588866353034973, 0.2382272630929947]","[0.2524493634700775, 0.2504367530345917, 0.2588866353034973, 0.2382272630929947]",,,,
5724,63,-244.14931949227133,70,,mlp,,879,4080,0,0,879,4080,0,0,0.0,0.0,True,"[0.3070521652698517, 0.2710828185081482, 0.1799384206533432, 0.24192659556865692]","[0.3070521652698517, 0.2710828185081482, 0.1799384206533432, 0.24192659556865692]",,,,
5830,64,-165.68368612595407,106,570.2899780273438,mlp,,935,4395,0,0,935,4395,0,0,0.0,0.0,True,"[0.27510303258895874, 0.27143028378486633, 0.20676463842391968, 0.24670201539993286]","[0.27510303258895874, 0.27143028378486633, 0.20676463842391968, 0.24670201539993286]",,,,
5893,65,-84.1497322302832,63,,mlp,,935,4395,0,0,935,4395,0,0,0.0,0.0,True,"[0.2624589204788208, 0.26188573241233826, 0.25085684657096863, 0.22479841113090515]","[0.2624589204788208, 0.26188573241233826, 0.25085684657096863, 0.22479841113090515]",,,,
5981,66,-134.3756826323149,88,,mlp,,935,4395,0,0,935,4395,0,0,0.0,0.0,True,"[0.23754721879959106, 0.29622310400009155, 0.2459741234779358, 0.2202555388212204]","[0.23754721879959106, 0.29622310400009155, 0.2459741234779358, 0.2202555388212204]",,,,
6073,67,-166.59909081584163,92,,mlp,,935,4395,0,0,935,4395,0,0,0.0,0.0,True,"[0.26209938526153564, 0.22864891588687897, 0.2627992033958435, 0.24645255506038666]","[0.26209938526153564, 0.22864891588687897, 0.2627992033958435, 0.24645255506038666]",,,,
6187,68,-180.73405081444176,114,272.75897216796875,mlp,,972,4715,0,0,972,4715,0,0,0.0,0.0,True,"[0.2748492360115051, 0.27023300528526306, 0.21961267292499542, 0.235305055975914]","[0.2748492360115051, 0.27023300528526306, 0.21961267292499542, 0.235305055975914]",,,,
6273,69,-128.95242210537873,86,,mlp,,972,4715,0,0,972,4715,0,0,0.0,0.0,True,"[0.2500666379928589, 0.2822112739086151, 0.24384412169456482, 0.22387798130512238]","[0.2500666379928589, 0.2822112739086151, 0.24384412169456482, 0.22387798130512238]",,,,
6363,70,-321.17606181547353,90,,mlp,,972,4715,0,0,972,4715,0,0,0.0,0.0,True,"[0.251529335975647, 0.29700255393981934, 0.24323707818984985, 0.20823100209236145]","[0.251529335975647, 0.29700255393981934, 0.24323707818984985, 0.20823100209236145]",,,,
6424,71,-98.15023144193384,61,,mlp,,972,4715,0,0,972,4715,0,0,0.0,0.0,True,"[0.25668659806251526, 0.2374144047498703, 0.2631731629371643, 0.24272581934928894]","[0.25668659806251526, 0.2374144047498703, 0.2631731629371643, 0.24272581934928894]",,,,
6515,72,-144.85690968980276,91,485.4667053222656,mlp,,1001,5014,0,0,1001,5014,0,0,0.0,0.0,True,"[0.254823237657547, 0.24111199378967285, 0.259117990732193, 0.24494671821594238]","[0.254823237657547, 0.24111199378967285, 0.259117990732193, 0.24494671821594238]",,,,
6588,73,-138.05760365230796,73,,mlp,,1001,5014,0,0,1001,5014,0,0,0.0,0.0,True,"[0.24556179344654083, 0.27885857224464417, 0.24208378791809082, 0.233495831489563]","[0.24556179344654083, 0.27885857224464417, 0.24208378791809082, 0.233495831489563]",,,,
6692,74,-172.69863464513094,104,,mlp,,1001,5014,0,0,1001,5014,0,0,0.0,0.0,True,"[0.2575877904891968, 0.24122130870819092, 0.2571939527988434, 0.24399685859680176]","[0.2575877904891968, 0.24122130870819092, 0.2571939527988434, 0.24399685859680176]",,,,
6806,75,-236.99942928061392,114,,mlp,,1001,5014,0,0,1001,5014,0,0,0.0,0.0,True,"[0.23445622622966766, 0.3843058943748474, 0.22680975496768951, 0.154428169131279]","[0.23445622622966766, 0.3843058943748474, 0.22680975496768951, 0.154428169131279]",,,,
6876,76,-101.16912034128227,70,300.4967041015625,mlp,,1050,5326,0,0,1050,5326,0,0,0.0,0.0,True,"[0.2576724886894226, 0.24136167764663696, 0.2534618675708771, 0.24750396609306335]","[0.2576724886894226, 0.24136167764663696, 0.2534618675708771, 0.24750396609306335]",,,,
6952,77,-157.90142065278218,76,,mlp,,1050,5326,0,0,1050,5326,0,0,0.0,0.0,True,"[0.22793595492839813, 0.39803242683410645, 0.224441796541214, 0.14958983659744263]","[0.22793595492839813, 0.39803242683410645, 0.224441796541214, 0.14958983659744263]",,,,
7033,78,-252.0883884658786,81,,mlp,,1050,5326,0,0,1050,5326,0,0,0.0,0.0,True,"[0.3081079125404358, 0.2696366608142853, 0.1773170381784439, 0.24493828415870667]","[0.3081079125404358, 0.2696366608142853, 0.1773170381784439, 0.24493828415870667]",,,,
7148,79,-4.573136584389275,115,,mlp,,1050,5326,0,0,1050,5326,0,0,0.0,0.0,True,"[0.2560914158821106, 0.283395379781723, 0.21120165288448334, 0.24931153655052185]","[0.2560914158821106, 0.283395379781723, 0.21120165288448334, 0.24931153655052185]",,,,
7216,80,-83.04405379479212,68,1111.141845703125,mlp,,1095,5621,0,0,1095,5621,0,0,0.0,0.0,True,"[0.2642959654331207, 0.23945845663547516, 0.258128821849823, 0.23811683058738708]","[0.2642959654331207, 0.23945845663547516, 0.258128821849823, 0.23811683058738708]",,,,
7295,81,-104.29761208028226,79,,mlp,,1095,5621,0,0,1095,5621,0,0,0.0,0.0,True,"[0.24775159358978271, 0.26257604360580444, 0.2620404064655304, 0.22763195633888245]","[0.24775159358978271, 0.26257604360580444, 0.2620404064655304, 0.22763195633888245]",,,,
7414,82,-164.10499026068965,119,,mlp,,1095,5621,0,0,1095,5621,0,0,0.0,0.0,True,"[0.2963225245475769, 0.29297879338264465, 0.17000986635684967, 0.2406887710094452]","[0.2963225245475769, 0.29297879338264465, 0.17000986635684967, 0.2406887710094452]",,,,
7474,83,-112.29139903319735,60,,mlp,,1095,5621,0,0,1095,5621,0,0,0.0,0.0,True,"[0.2412094622850418, 0.2953232228755951, 0.23267123103141785, 0.23079611361026764]","[0.2412094622850418, 0.2953232228755951, 0.23267123103141785, 0.23079611361026764]",,,,
7560,84,-203.8829798283744,86,203.69447326660156,mlp,,1114,5946,0,0,1114,5946,0,0,0.0,0.0,True,"[0.30817821621894836, 0.3276398777961731, 0.1379261165857315, 0.2262558937072754]","[0.30817821621894836, 0.3276398777961731, 0.1379261165857315, 0.2262558937072754]",,,,
7640,85,-93.73502270656488,80,,mlp,,1114,5946,0,0,1114,5946,0,0,0.0,0.0,True,"[0.2453731894493103, 0.25753238797187805, 0.26742392778396606, 0.22967053949832916]","[0.2453731894493103, 0.25753238797187805, 0.26742392778396606, 0.22967053949832916]",,,,
7768,86,-182.3694111023515,128,,mlp,,1114,5946,0,0,1114,5946,0,0,0.0,0.0,True,"[0.2665069103240967, 0.2265213280916214, 0.2578880786895752, 0.2490837424993515]","[0.2665069103240967, 0.2265213280916214, 0.2578880786895752, 0.2490837424993515]",,,,
7857,87,-128.7906461123643,89,,mlp,,1114,5946,0,0,1114,5946,0,0,0.0,0.0,True,"[0.25569087266921997, 0.2435111403465271, 0.25654059648513794, 0.2442573606967926]","[0.25569087266921997, 0.2435111403465271, 0.25654059648513794, 0.2442573606967926]",,,,
7926,88,-87.15653786945502,69,287.7472229003906,mlp,,1148,6278,0,0,1148,6278,0,0,0.0,0.0,True,"[0.25550591945648193, 0.23414206504821777, 0.2691490352153778, 0.24120302498340607]","[0.25550591945648193, 0.23414206504821777, 0.2691490352153778, 0.24120302498340607]",,,,
7997,89,-74.99939835777514,71,,mlp,,1148,6278,0,0,1148,6278,0,0,0.0,0.0,True,"[0.23776040971279144, 0.2744026780128479, 0.25248897075653076, 0.2353479415178299]","[0.23776040971279144, 0.2744026780128479, 0.25248897075653076, 0.2353479415178299]",,,,
8072,90,-173.0543407733226,75,,mlp,,1148,6278,0,0,1148,6278,0,0,0.0,0.0,True,"[0.24088121950626373, 0.3048815429210663, 0.2253095507621765, 0.2289278209209442]","[0.24088121950626373, 0.3048815429210663, 0.2253095507621765, 0.2289278209209442]",,,,
8175,91,-95.47217155969425,103,,mlp,,1148,6278,0,0,1148,6278,0,0,0.0,0.0,True,"[0.25005486607551575, 0.254803866147995, 0.2626473605632782, 0.23249401152133942]","[0.25005486607551575, 0.254803866147995, 0.2626473605632782, 0.23249401152133942]",,,,
8251,92,-103.53552676990532,76,224.31967163085938,mlp,,1170,6581,0,0,1170,6581,0,0,0.0,0.0,True,"[0.24358320236206055, 0.29747751355171204, 0.2221142202615738, 0.23682497441768646]","[0.24358320236206055, 0.29747751355171204, 0.2221142202615738, 0.23682497441768646]",,,,
8338,93,-27.872021744519472,87,,mlp,,1170,6581,0,0,1170,6581,0,0,0.0,0.0,True,"[0.24860762059688568, 0.28505414724349976, 0.24211132526397705, 0.2242269515991211]","[0.24860762059688568, 0.28505414724349976, 0.24211132526397705, 0.2242269515991211]",,,,
8428,94,-187.22708808705005,90,,mlp,,1170,6581,0,0,1170,6581,0,0,0.0,0.0,True,"[0.301158607006073, 0.29312601685523987, 0.16187308728694916, 0.24384227395057678]","[0.301158607006073, 0.29312601685523987, 0.16187308728694916, 0.24384227395057678]",,,,
8510,95,-270.3816870235099,82,,mlp,,1170,6581,0,0,1170,6581,0,0,0.0,0.0,True,"[0.26397964358329773, 0.3350317180156708, 0.2339988648891449, 0.1669897884130478]","[0.26397964358329773, 0.3350317180156708, 0.2339988648891449, 0.1669897884130478]",,,,
8635,96,-422.74507798937964,125,1782.2633056640625,mlp,,1218,6917,0,0,1218,6917,0,0,0.0,0.0,True,"[0.31097832322120667, 0.2743034362792969, 0.1630443036556244, 0.25167396664619446]","[0.31097832322120667, 0.2743034362792969, 0.1630443036556244, 0.25167396664619446]",,,,
8719,97,-89.43544292644937,84,,mlp,,1218,6917,0,0,1218,6917,0,0,0.0,0.0,True,"[0.23464694619178772, 0.25182756781578064, 0.2698868215084076, 0.24363867938518524]","[0.23464694619178772, 0.25182756781578064, 0.2698868215084076, 0.24363867938518524]",,,,
8842,98,-225.6971213395723,123,,mlp,,1218,6917,0,0,1218,6917,0,0,0.0,0.0,True,"[0.26909852027893066, 0.23290736973285675, 0.23998303711414337, 0.2580110430717468]","[0.26909852027893066, 0.23290736973285675, 0.23998303711414337, 0.2580110430717468]",,,,
8929,99,-265.5446943502767,87,,mlp,,1218,6917,0,0,1218,6917,0,0,0.0,0.0,True,"[0.31102630496025085, 0.314652681350708, 0.1401081532239914, 0.23421287536621094]","[0.31102630496025085, 0.314652681350708, 0.1401081532239914, 0.23421287536621094]",,,,
9021,100,-16.40031728712914,92,829.4454956054688,mlp,,1244,7277,0,0,1244,7277,0,0,0.0,0.0,True,"[0.25077471137046814, 0.27018433809280396, 0.23414859175682068, 0.24489229917526245]","[0.25077471137046814, 0.27018433809280396, 0.23414859175682068, 0.24489229917526245]",,,,
9116,101,-211.2889907332517,95,,mlp,,1244,7277,0,0,1244,7277,0,0,0.0,0.0,True,"[0.23442934453487396, 0.3101367950439453, 0.2294120043516159, 0.226021870970726]","[0.23442934453487396, 0.3101367950439453, 0.2294120043516159, 0.226021870970726]",,,,
9191,102,-32.06724582636821,75,,mlp,,1244,7277,0,0,1244,7277,0,0,0.0,0.0,True,"[0.23590809106826782, 0.2681286036968231, 0.2518640160560608, 0.24409933388233185]","[0.23590809106826782, 0.2681286036968231, 0.2518640160560608, 0.24409933388233185]",,,,
9274,103,-151.87211381065055,83,,mlp,,1244,7277,0,0,1244,7277,0,0,0.0,0.0,True,"[0.2546573579311371, 0.2638871669769287, 0.24578449130058289, 0.23567089438438416]","[0.2546573579311371, 0.2638871669769287, 0.24578449130058289, 0.23567089438438416]",,,,
9383,104,-172.4391942814127,109,422.8875427246094,mlp,,1276,7607,0,0,1276,7607,0,0,0.0,0.0,True,"[0.2542859613895416, 0.2402263730764389, 0.26206478476524353, 0.24342286586761475]","[0.2542859613895416, 0.2402263730764389, 0.26206478476524353, 0.24342286586761475]",,,,
9524,105,-447.8109926508878,141,,mlp,,1276,7607,0,0,1276,7607,0,0,0.0,0.0,True,"[0.31978940963745117, 0.3192152678966522, 0.12339568138122559, 0.2375996857881546]","[0.31978940963745117, 0.3192152678966522, 0.12339568138122559, 0.2375996857881546]",,,,
9607,106,-98.05451874585853,83,,mlp,,1276,7607,0,0,1276,7607,0,0,0.0,0.0,True,"[0.2562558054924011, 0.25078487396240234, 0.24734856188297272, 0.24561063945293427]","[0.2562558054924011, 0.25078487396240234, 0.24734856188297272, 0.24561063945293427]",,,,
9692,107,-176.60670712436286,85,,mlp,,1276,7607,0,0,1276,7607,0,0,0.0,0.0,True,"[0.2837924361228943, 0.3537854254245758, 0.14698152244091034, 0.21544066071510315]","[0.2837924361228943, 0.3537854254245758, 0.14698152244091034, 0.21544066071510315]",,,,
9757,108,-104.29491210041931,65,1044.1795654296875,mlp,,1286,7971,0,0,1286,7971,0,0,0.0,0.0,True,"[0.2701260447502136, 0.22977647185325623, 0.2565470039844513, 0.2435504049062729]","[0.2701260447502136, 0.22977647185325623, 0.2565470039844513, 0.2435504049062729]",,,,
9819,109,-65.96998668395509,62,,mlp,,1286,7971,0,0,1286,7971,0,0,0.0,0.0,True,"[0.2364075481891632, 0.2602100670337677, 0.2647245228290558, 0.23865783214569092]","[0.2364075481891632, 0.2602100670337677, 0.2647245228290558, 0.23865783214569092]",,,,
9888,110,-75.17018176846229,69,,mlp,,1286,7971,0,0,1286,7971,0,0,0.0,0.0,True,"[0.23292376101016998, 0.28232112526893616, 0.2531024217605591, 0.23165267705917358]","[0.23292376101016998, 0.28232112526893616, 0.2531024217605591, 0.23165267705917358]",,,,
9975,111,-200.59170121653952,87,,mlp,,1286,7971,0,0,1286,7971,0,0,0.0,0.0,True,"[0.3166075050830841, 0.3043525815010071, 0.14231058955192566, 0.23672938346862793]","[0.3166075050830841, 0.3043525815010071, 0.14231058955192566, 0.23672938346862793]",,,,
10064,112,-176.1198498516222,89,215.9294891357422,mlp,,1307,8257,0,0,1307,8257,0,0,0.0,0.0,True,"[0.244354709982872, 0.23507902026176453, 0.2679176330566406, 0.2526486814022064]","[0.244354709982872, 0.23507902026176453, 0.2679176330566406, 0.2526486814022064]",,,,
10167,113,-184.9265483500797,103,,mlp,,1307,8257,0,0,1307,8257,0,0,0.0,0.0,True,"[0.20829953253269196, 0.4227652847766876, 0.23572975397109985, 0.13320548832416534]","[0.20829953253269196, 0.4227652847766876, 0.23572975397109985, 0.13320548832416534]",,,,
10240,114,-183.50026385554227,73,,mlp,,1307,8257,0,0,1307,8257,0,0,0.0,0.0,True,"[0.2714838981628418, 0.23359635472297668, 0.2400144338607788, 0.2549052834510803]","[0.2714838981628418, 0.23359635472297668, 0.2400144338607788, 0.2549052834510803]",,,,
10305,115,-115.653841193683,65,,mlp,,1307,8257,0,0,1307,8257,0,0,0.0,0.0,True,"[0.23441439867019653, 0.28987768292427063, 0.24728097021579742, 0.228426992893219]","[0.23441439867019653, 0.28987768292427063, 0.24728097021579742, 0.228426992893219]",,,,
10377,116,-81.69236565144382,72,267.36260986328125,mlp,,1320,8557,0,0,1320,8557,0,0,0.0,0.0,True,"[0.24825748801231384, 0.24718442559242249, 0.26865822076797485, 0.2358999252319336]","[0.24825748801231384, 0.24718442559242249, 0.26865822076797485, 0.2358999252319336]",,,,
10476,117,-187.96950513990583,99,,mlp,,1320,8557,0,0,1320,8557,0,0,0.0,0.0,True,"[0.24266456067562103, 0.3208291530609131, 0.2314976006746292, 0.20500871539115906]","[0.24266456067562103, 0.3208291530609131, 0.2314976006746292, 0.20500871539115906]",,,,
10567,118,-378.0444969773187,91,,mlp,,1320,8557,0,0,1320,8557,0,0,0.0,0.0,True,"[0.28747186064720154, 0.20978252589702606, 0.2211775779724121, 0.2815680205821991]","[0.28747186064720154, 0.20978252589702606, 0.2211775779724121, 0.2815680205821991]",,,,
10650,119,-256.93266143811945,83,,mlp,,1320,8557,0,0,1320,8557,0,0,0.0,0.0,True,"[0.20282167196273804, 0.43075433373451233, 0.23656702041625977, 0.1298569142818451]","[0.20282167196273804, 0.43075433373451233, 0.23656702041625977, 0.1298569142818451]",,,,
10746,120,-69.93959402904757,96,790.0979614257812,mlp,,1338,8908,0,0,1338,8908,0,0,0.0,0.0,True,"[0.2498016357421875, 0.23926667869091034, 0.263986200094223, 0.24694548547267914]","[0.2498016357421875, 0.23926667869091034, 0.263986200094223, 0.24694548547267914]",,,,
10819,121,-77.29179622068526,73,,mlp,,1338,8908,0,0,1338,8908,0,0,0.0,0.0,True,"[0.2401113659143448, 0.248027503490448, 0.26608172059059143, 0.24577948451042175]","[0.2401113659143448, 0.248027503490448, 0.26608172059059143, 0.24577948451042175]",,,,
10901,122,-248.07486406093997,82,,mlp,,1338,8908,0,0,1338,8908,0,0,0.0,0.0,True,"[0.22548073530197144, 0.336905837059021, 0.23642051219940186, 0.2011929750442505]","[0.22548073530197144, 0.336905837059021, 0.23642051219940186, 0.2011929750442505]",,,,
10969,123,-75.46841774778886,68,,mlp,,1338,8908,0,0,1338,8908,0,0,0.0,0.0,True,"[0.24148313701152802, 0.28305503726005554, 0.24569663405418396, 0.22976523637771606]","[0.24148313701152802, 0.28305503726005554, 0.24569663405418396, 0.22976523637771606]",,,,
11037,124,-148.29119565832283,68,127.55107879638672,mlp,,1356,9181,0,0,1356,9181,0,0,0.0,0.0,True,"[0.22893954813480377, 0.3098893463611603, 0.24962426722049713, 0.2115468829870224]","[0.22893954813480377, 0.3098893463611603, 0.24962426722049713, 0.2115468829870224]",,,,
11113,125,-195.70216515118756,76,,mlp,,1356,9181,0,0,1356,9181,0,0,0.0,0.0,True,"[0.22657079994678497, 0.3296767473220825, 0.2368929088115692, 0.20685958862304688]","[0.22657079994678497, 0.3296767473220825, 0.2368929088115692, 0.20685958862304688]",,,,
11223,126,-343.7465185963332,110,,mlp,,1356,9181,0,0,1356,9181,0,0,0.0,0.0,True,"[0.281579852104187, 0.20846332609653473, 0.23549839854240417, 0.2744583487510681]","[0.281579852104187, 0.20846332609653473, 0.23549839854240417, 0.2744583487510681]",,,,
11329,127,-175.3459194277615,106,,mlp,,1356,9181,0,0,1356,9181,0,0,0.0,0.0,True,"[0.24050797522068024, 0.26625362038612366, 0.2612782418727875, 0.2319602519273758]","[0.24050797522068024, 0.26625362038612366, 0.2612782418727875, 0.2319602519273758]",,,,
11415,128,-146.6272805562179,86,439.9131774902344,mlp,,1375,9540,0,0,1375,9540,0,0,0.0,0.0,True,"[0.2336285412311554, 0.3098496198654175, 0.24710117280483246, 0.20942065119743347]","[0.2336285412311554, 0.3098496198654175, 0.24710117280483246, 0.20942065119743347]",,,,
11521,129,-121.30045608951832,106,,mlp,,1375,9540,0,0,1375,9540,0,0,0.0,0.0,True,"[0.23505829274654388, 0.30908986926078796, 0.2373703122138977, 0.21848154067993164]","[0.23505829274654388, 0.30908986926078796, 0.2373703122138977, 0.21848154067993164]",,,,
11631,130,-163.65241884811104,110,,mlp,,1375,9540,0,0,1375,9540,0,0,0.0,0.0,True,"[0.25884419679641724, 0.2297237664461136, 0.25905078649520874, 0.25238123536109924]","[0.25884419679641724, 0.2297237664461136, 0.25905078649520874, 0.25238123536109924]",,,,
11709,131,-86.87627169738286,78,,mlp,,1375,9540,0,0,1375,9540,0,0,0.0,0.0,True,"[0.2368398904800415, 0.29156383872032166, 0.246932715177536, 0.22466354072093964]","[0.2368398904800415, 0.29156383872032166, 0.246932715177536, 0.22466354072093964]",,,,
11779,132,-118.54452885329052,70,102.8755111694336,mlp,,1412,9867,0,0,1412,9867,0,0,0.0,0.0,True,"[0.23081299662590027, 0.308266818523407, 0.23913882672786713, 0.22178132832050323]","[0.23081299662590027, 0.308266818523407, 0.23913882672786713, 0.22178132832050323]",,,,
11902,133,-256.4837351037622,123,,mlp,,1412,9867,0,0,1412,9867,0,0,0.0,0.0,True,"[0.27046260237693787, 0.20331670343875885, 0.25048086047172546, 0.27573978900909424]","[0.27046260237693787, 0.20331670343875885, 0.25048086047172546, 0.27573978900909424]",,,,
12005,134,-168.9921666227705,103,,mlp,,1412,9867,0,0,1412,9867,0,0,0.0,0.0,True,"[0.19633886218070984, 0.4421111047267914, 0.24104827642440796, 0.12050174921751022]","[0.19633886218070984, 0.4421111047267914, 0.24104827642440796, 0.12050174921751022]",,,,
12079,135,-123.3459283790449,74,,mlp,,1412,9867,0,0,1412,9867,0,0,0.0,0.0,True,"[0.32106438279151917, 0.283854603767395, 0.16445331275463104, 0.2306276559829712]","[0.32106438279151917, 0.283854603767395, 0.16445331275463104, 0.2306276559829712]",,,,
12184,136,-129.19357463004064,105,364.4626159667969,mlp,,1427,10257,0,0,1427,10257,0,0,0.0,0.0,True,"[0.21594706177711487, 0.3258213400840759, 0.27864938974380493, 0.17958219349384308]","[0.21594706177711487, 0.3258213400840759, 0.27864938974380493, 0.17958219349384308]",,,,
12277,137,-152.8015584809409,93,,mlp,,1427,10257,0,0,1427,10257,0,0,0.0,0.0,True,"[0.2565062344074249, 0.23925717175006866, 0.26535728573799133, 0.23887938261032104]","[0.2565062344074249, 0.23925717175006866, 0.26535728573799133, 0.23887938261032104]",,,,
12374,138,-101.08981306259454,97,,mlp,,1427,10257,0,0,1427,10257,0,0,0.0,0.0,True,"[0.23922564089298248, 0.2966462969779968, 0.25404247641563416, 0.21008557081222534]","[0.23922564089298248, 0.2966462969779968, 0.25404247641563416, 0.21008557081222534]",,,,
12453,139,-100.55515508682834,79,,mlp,,1427,10257,0,0,1427,10257,0,0,0.0,0.0,True,"[0.2470943182706833, 0.23275332152843475, 0.2840532064437866, 0.23609909415245056]","[0.2470943182706833, 0.23275332152843475, 0.2840532064437866, 0.23609909415245056]",,,,
12581,140,-178.0900328640703,128,122.35897827148438,mlp,,1458,10623,0,0,1458,10623,0,0,0.0,0.0,True,"[0.260613352060318, 0.21734750270843506, 0.27736204862594604, 0.24467717111110687]","[0.260613352060318, 0.21734750270843506, 0.27736204862594604, 0.24467717111110687]",,,,
12669,141,-181.81275711139034,88,,mlp,,1458,10623,0,0,1458,10623,0,0,0.0,0.0,True,"[0.24347840249538422, 0.24205566942691803, 0.2838016748428345, 0.23066426813602448]","[0.24347840249538422, 0.24205566942691803, 0.2838016748428345, 0.23066426813602448]",,,,
12783,142,-350.47207165004454,114,,mlp,,1458,10623,0,0,1458,10623,0,0,0.0,0.0,True,"[0.21823085844516754, 0.41817787289619446, 0.22497767210006714, 0.13861358165740967]","[0.21823085844516754, 0.41817787289619446, 0.22497767210006714, 0.13861358165740967]",,,,
12884,143,-117.33496419236606,101,,mlp,,1458,10623,0,0,1458,10623,0,0,0.0,0.0,True,"[0.25037214159965515, 0.24853722751140594, 0.26111528277397156, 0.23997534811496735]","[0.25037214159965515, 0.24853722751140594, 0.26111528277397156, 0.23997534811496735]",,,,
12986,144,-209.39250471505392,102,708.2986450195312,mlp,,1476,11010,0,0,1476,11010,0,0,0.0,0.0,True,"[0.3335009515285492, 0.28590312600135803, 0.14624065160751343, 0.23435531556606293]","[0.3335009515285492, 0.28590312600135803, 0.14624065160751343, 0.23435531556606293]",,,,
13097,145,-202.82229267605248,111,,mlp,,1476,11010,0,0,1476,11010,0,0,0.0,0.0,True,"[0.2973954677581787, 0.265603244304657, 0.18901070952415466, 0.24799056351184845]","[0.2973954677581787, 0.265603244304657, 0.18901070952415466, 0.24799056351184845]",,,,
13191,146,-106.04503315280488,94,,mlp,,1476,11010,0,0,1476,11010,0,0,0.0,0.0,True,"[0.22498418390750885, 0.27660518884658813, 0.2781234085559845, 0.22028718888759613]","[0.22498418390750885, 0.27660518884658813, 0.2781234085559845, 0.22028718888759613]",,,,
13282,147,-132.3263859014146,91,,mlp,,1476,11010,0,0,1476,11010,0,0,0.0,0.0,True,"[0.2500673234462738, 0.2239913046360016, 0.282895565032959, 0.24304579198360443]","[0.2500673234462738, 0.2239913046360016, 0.282895565032959, 0.24304579198360443]",,,,
13371,148,53.548995822456334,89,1002.2244873046875,mlp,,1528,11343,0,0,1528,11343,0,0,0.0,0.0,True,"[0.24462081491947174, 0.28528323769569397, 0.2310255765914917, 0.23907038569450378]","[0.24462081491947174, 0.28528323769569397, 0.2310255765914917, 0.23907038569450378]",,,,
13449,149,-113.95751701401716,78,,mlp,,1528,11343,0,0,1528,11343,0,0,0.0,0.0,True,"[0.22777236998081207, 0.32559049129486084, 0.2385329008102417, 0.2081042230129242]","[0.22777236998081207, 0.32559049129486084, 0.2385329008102417, 0.2081042230129242]",,,,
13551,150,-195.60814787641507,102,,mlp,,1528,11343,0,0,1528,11343,0,0,0.0,0.0,True,"[0.3110728859901428, 0.27515900135040283, 0.1768481433391571, 0.23691992461681366]","[0.3110728859901428, 0.27515900135040283, 0.1768481433391571, 0.23691992461681366]",,,,
13648,151,-127.46140096980629,97,,mlp,,1528,11343,0,0,1528,11343,0,0,0.0,0.0,True,"[0.22370244562625885, 0.3242529034614563, 0.2532298266887665, 0.19881483912467957]","[0.22370244562625885, 0.3242529034614563, 0.2532298266887665, 0.19881483912467957]",,,,
13751,152,-18.501290984189794,103,374.83416748046875,mlp,,1544,11707,0,0,1544,11707,0,0,0.0,0.0,True,"[0.22306329011917114, 0.3217044174671173, 0.25746551156044006, 0.1977667510509491]","[0.22306329011917114, 0.3217044174671173, 0.25746551156044006, 0.1977667510509491]",,,,
13868,153,-315.1332296720559,117,,mlp,,1544,11707,0,0,1544,11707,0,0,0.0,0.0,True,"[0.21235571801662445, 0.4435303211212158, 0.22640426456928253, 0.1177096888422966]","[0.21235571801662445, 0.4435303211212158, 0.22640426456928253, 0.1177096888422966]",,,,
13975,154,-213.91488691277516,107,,mlp,,1544,11707,0,0,1544,11707,0,0,0.0,0.0,True,"[0.27041658759117126, 0.19929800927639008, 0.25467005372047424, 0.2756153643131256]","[0.27041658759117126, 0.19929800927639008, 0.25467005372047424, 0.2756153643131256]",,,,
14066,155,-100.61370303409677,91,,mlp,,1544,11707,0,0,1544,11707,0,0,0.0,0.0,True,"[0.21974648535251617, 0.34319213032722473, 0.24668996036052704, 0.19037137925624847]","[0.21974648535251617, 0.34319213032722473, 0.24668996036052704, 0.19037137925624847]",,,,
14131,156,-171.09203608672686,65,351.2989807128906,mlp,,1557,12074,0,0,1557,12074,0,0,0.0,0.0,True,"[0.2691466808319092, 0.2058013379573822, 0.2646757960319519, 0.2603761553764343]","[0.2691466808319092, 0.2058013379573822, 0.2646757960319519, 0.2603761553764343]",,,,
14230,157,-277.4149222847637,99,,mlp,,1557,12074,0,0,1557,12074,0,0,0.0,0.0,True,"[0.2715725302696228, 0.19253544509410858, 0.24852316081523895, 0.28736889362335205]","[0.2715725302696228, 0.19253544509410858, 0.24852316081523895, 0.28736889362335205]",,,,
14368,158,-190.3149724839759,138,,mlp,,1557,12074,0,0,1557,12074,0,0,0.0,0.0,True,"[0.2513056695461273, 0.21288031339645386, 0.286040335893631, 0.24977363646030426]","[0.2513056695461273, 0.21288031339645386, 0.286040335893631, 0.24977363646030426]",,,,
14431,159,-99.41130059303354,63,,mlp,,1557,12074,0,0,1557,12074,0,0,0.0,0.0,True,"[0.24632111191749573, 0.24413767457008362, 0.28004634380340576, 0.22949489951133728]","[0.24632111191749573, 0.24413767457008362, 0.28004634380340576, 0.22949489951133728]",,,,
14512,160,-134.39856475191317,81,236.74147033691406,mlp,,1607,12405,0,0,1607,12405,0,0,0.0,0.0,True,"[0.2555975317955017, 0.2197599560022354, 0.2761644124984741, 0.24847811460494995]","[0.2555975317955017, 0.2197599560022354, 0.2761644124984741, 0.24847811460494995]",,,,
14600,161,-87.23020344283833,88,,mlp,,1607,12405,0,0,1607,12405,0,0,0.0,0.0,True,"[0.24364455044269562, 0.2360541671514511, 0.2715294659137726, 0.2487717866897583]","[0.24364455044269562, 0.2360541671514511, 0.2715294659137726, 0.2487717866897583]",,,,
14694,162,-135.64255054363025,94,,mlp,,1607,12405,0,0,1607,12405,0,0,0.0,0.0,True,"[0.2397948056459427, 0.2896704375743866, 0.26127225160598755, 0.20926256477832794]","[0.2397948056459427, 0.2896704375743866, 0.26127225160598755, 0.20926256477832794]",,,,
14829,163,-34.823718333051204,135,,mlp,,1607,12405,0,0,1607,12405,0,0,0.0,0.0,True,"[0.24778784811496735, 0.265952467918396, 0.24297888576984406, 0.24328087270259857]","[0.24778784811496735, 0.265952467918396, 0.24297888576984406, 0.24328087270259857]",,,,
14910,164,-60.34916722758534,81,601.6991577148438,mlp,,1633,12777,0,0,1633,12777,0,0,0.0,0.0,True,"[0.2322259247303009, 0.26710283756256104, 0.2694147527217865, 0.23125654458999634]","[0.2322259247303009, 0.26710283756256104, 0.2694147527217865, 0.23125654458999634]",,,,
15015,165,-140.56632877549504,105,,mlp,,1633,12777,0,0,1633,12777,0,0,0.0,0.0,True,"[0.25514930486679077, 0.20550724864006042, 0.2871040999889374, 0.25223928689956665]","[0.25514930486679077, 0.20550724864006042, 0.2871040999889374, 0.25223928689956665]",,,,
15105,166,-143.4411983453727,90,,mlp,,1633,12777,0,0,1633,12777,0,0,0.0,0.0,True,"[0.22883187234401703, 0.31720733642578125, 0.24547922611236572, 0.20848163962364197]","[0.22883187234401703, 0.31720733642578125, 0.24547922611236572, 0.20848163962364197]",,,,
15214,167,-128.2589039268148,109,,mlp,,1633,12777,0,0,1633,12777,0,0,0.0,0.0,True,"[0.22995881736278534, 0.3119445741176605, 0.2409064620733261, 0.21719010174274445]","[0.22995881736278534, 0.3119445741176605, 0.2409064620733261, 0.21719010174274445]",,,,
15285,168,-72.49924160404552,71,135.0773162841797,mlp,,1673,13112,0,0,1673,13112,0,0,0.0,0.0,True,"[0.2331438958644867, 0.29199355840682983, 0.2586609125137329, 0.2162015736103058]","[0.2331438958644867, 0.29199355840682983, 0.2586609125137329, 0.2162015736103058]",,,,
15353,169,-131.71211380439166,68,,mlp,,1673,13112,0,0,1673,13112,0,0,0.0,0.0,True,"[0.2485206127166748, 0.2160123735666275, 0.2764597237110138, 0.2590073049068451]","[0.2485206127166748, 0.2160123735666275, 0.2764597237110138, 0.2590073049068451]",,,,
15449,170,-80.41937982666865,96,,mlp,,1673,13112,0,0,1673,13112,0,0,0.0,0.0,True,"[0.23562148213386536, 0.27155065536499023, 0.26445290446281433, 0.2283749282360077]","[0.23562148213386536, 0.27155065536499023, 0.26445290446281433, 0.2283749282360077]",,,,
15521,171,-97.40460721126024,72,,mlp,,1673,13112,0,0,1673,13112,0,0,0.0,0.0,True,"[0.2466956228017807, 0.21375605463981628, 0.29366910457611084, 0.24587923288345337]","[0.2466956228017807, 0.21375605463981628, 0.29366910457611084, 0.24587923288345337]",,,,
15593,172,-141.3215623452362,72,105.80258178710938,mlp,,1725,13368,0,0,1725,13368,0,0,0.0,0.0,True,"[0.233308345079422, 0.2961001694202423, 0.2575985789299011, 0.21299295127391815]","[0.233308345079422, 0.2961001694202423, 0.2575985789299011, 0.21299295127391815]",,,,
15663,173,-108.76379556802736,70,,mlp,,1725,13368,0,0,1725,13368,0,0,0.0,0.0,True,"[0.24044954776763916, 0.27373719215393066, 0.28147995471954346, 0.20433329045772552]","[0.24044954776763916, 0.27373719215393066, 0.28147995471954346, 0.20433329045772552]",,,,
15729,174,-71.69406666285147,66,,mlp,,1725,13368,0,0,1725,13368,0,0,0.0,0.0,True,"[0.23315021395683289, 0.3079151213169098, 0.24676866829395294, 0.21216599643230438]","[0.23315021395683289, 0.3079151213169098, 0.24676866829395294, 0.21216599643230438]",,,,
15811,175,-142.0262071625638,82,,mlp,,1725,13368,0,0,1725,13368,0,0,0.0,0.0,True,"[0.24511918425559998, 0.25150156021118164, 0.26649510860443115, 0.23688416182994843]","[0.24511918425559998, 0.25150156021118164, 0.26649510860443115, 0.23688416182994843]",,,,
15940,176,-143.94614180988896,129,182.56004333496094,mlp,,1758,13682,0,0,1758,13682,0,0,0.0,0.0,True,"[0.23188503086566925, 0.29980137944221497, 0.25856706500053406, 0.20974650979042053]","[0.23188503086566925, 0.29980137944221497, 0.25856706500053406, 0.20974650979042053]",,,,
16019,177,-214.6237204560522,79,,mlp,,1758,13682,0,0,1758,13682,0,0,0.0,0.0,True,"[0.35459664463996887, 0.17827799916267395, 0.19807124137878418, 0.269054114818573]","[0.35459664463996887, 0.17827799916267395, 0.19807124137878418, 0.269054114818573]",,,,
16105,178,-126.34938163132026,86,,mlp,,1758,13682,0,0,1758,13682,0,0,0.0,0.0,True,"[0.25800713896751404, 0.22245188057422638, 0.2655005156993866, 0.25404050946235657]","[0.25800713896751404, 0.22245188057422638, 0.2655005156993866, 0.25404050946235657]",,,,
16244,179,-93.2388618170194,139,,mlp,,1758,13682,0,0,1758,13682,0,0,0.0,0.0,True,"[0.2404552400112152, 0.24230356514453888, 0.2903991937637329, 0.22684206068515778]","[0.2404552400112152, 0.24230356514453888, 0.2903991937637329, 0.22684206068515778]",,,,
16321,180,-104.82910785263593,77,210.99217224121094,mlp,,1772,14049,0,0,1772,14049,0,0,0.0,0.0,True,"[0.25933945178985596, 0.23133736848831177, 0.2631758749485016, 0.24614734947681427]","[0.25933945178985596, 0.23133736848831177, 0.2631758749485016, 0.24614734947681427]",,,,
16456,181,-133.2174113679064,135,,mlp,,1772,14049,0,0,1772,14049,0,0,0.0,0.0,True,"[0.25890764594078064, 0.21762236952781677, 0.27503979206085205, 0.24843019247055054]","[0.25890764594078064, 0.21762236952781677, 0.27503979206085205, 0.24843019247055054]",,,,
16586,182,-164.53834110288952,130,,mlp,,1772,14049,0,0,1772,14049,0,0,0.0,0.0,True,"[0.26012998819351196, 0.22065050899982452, 0.25612694025039673, 0.263092577457428]","[0.26012998819351196, 0.22065050899982452, 0.25612694025039673, 0.263092577457428]",,,,
16717,183,-374.33690332276916,131,,mlp,,1772,14049,0,0,1772,14049,0,0,0.0,0.0,True,"[0.3205956816673279, 0.22558225691318512, 0.19289399683475494, 0.26092809438705444]","[0.3205956816673279, 0.22558225691318512, 0.19289399683475494, 0.26092809438705444]",,,,
16845,184,-136.74242864014084,128,530.191650390625,mlp,,1832,14513,0,0,1832,14513,0,0,0.0,0.0,True,"[0.24480584263801575, 0.26767241954803467, 0.270452082157135, 0.21706965565681458]","[0.24480584263801575, 0.26767241954803467, 0.270452082157135, 0.21706965565681458]",,,,
16914,185,-143.2543229581305,69,,mlp,,1832,14513,0,0,1832,14513,0,0,0.0,0.0,True,"[0.2596730887889862, 0.19275805354118347, 0.2879491448402405, 0.25961971282958984]","[0.2596730887889862, 0.19275805354118347, 0.2879491448402405, 0.25961971282958984]",,,,
16987,186,-123.8217929438047,73,,mlp,,1832,14513,0,0,1832,14513,0,0,0.0,0.0,True,"[0.21802154183387756, 0.3448294699192047, 0.2543049454689026, 0.18284402787685394]","[0.21802154183387756, 0.3448294699192047, 0.2543049454689026, 0.18284402787685394]",,,,
17081,187,-19.66763942730411,94,,mlp,,1832,14513,0,0,1832,14513,0,0,0.0,0.0,True,"[0.22824542224407196, 0.30608081817626953, 0.24812652170658112, 0.21754714846611023]","[0.22824542224407196, 0.30608081817626953, 0.24812652170658112, 0.21754714846611023]",,,,
17193,188,-178.99266094545968,112,506.5736389160156,mlp,,1860,14833,0,0,1860,14833,0,0,0.0,0.0,True,"[0.2454260289669037, 0.28977498412132263, 0.2638724446296692, 0.2009264975786209]","[0.2454260289669037, 0.28977498412132263, 0.2638724446296692, 0.2009264975786209]",,,,
17364,189,-258.3834577801562,171,,mlp,,1860,14833,0,0,1860,14833,0,0,0.0,0.0,True,"[0.23161053657531738, 0.33879685401916504, 0.2549491822719574, 0.17464344203472137]","[0.23161053657531738, 0.33879685401916504, 0.2549491822719574, 0.17464344203472137]",,,,
17486,190,-318.8956644613613,122,,mlp,,1860,14833,0,0,1860,14833,0,0,0.0,0.0,True,"[0.3522047996520996, 0.20272594690322876, 0.16134591400623322, 0.283723384141922]","[0.3522047996520996, 0.20272594690322876, 0.16134591400623322, 0.283723384141922]",,,,
17638,191,-345.51266419765074,152,,mlp,,1860,14833,0,0,1860,14833,0,0,0.0,0.0,True,"[0.35988348722457886, 0.1864883303642273, 0.15826347470283508, 0.2953646183013916]","[0.35988348722457886, 0.1864883303642273, 0.15826347470283508, 0.2953646183013916]",,,,
17769,192,-285.43492975236825,131,914.596923828125,mlp,,1885,15384,0,0,1885,15384,0,0,0.0,0.0,True,"[0.22020500898361206, 0.3455601632595062, 0.26225745677948, 0.17197740077972412]","[0.22020500898361206, 0.3455601632595062, 0.26225745677948, 0.17197740077972412]",,,,
17831,193,-74.37543617309986,62,,mlp,,1885,15384,0,0,1885,15384,0,0,0.0,0.0,True,"[0.23662734031677246, 0.2842147946357727, 0.26170819997787476, 0.2174495905637741]","[0.23662734031677246, 0.2842147946357727, 0.26170819997787476, 0.2174495905637741]",,,,
17940,194,-24.668266939787358,109,,mlp,,1885,15384,0,0,1885,15384,0,0,0.0,0.0,True,"[0.2747945189476013, 0.2161802053451538, 0.25034961104393005, 0.2586757242679596]","[0.2747945189476013, 0.2161802053451538, 0.25034961104393005, 0.2586757242679596]",,,,
18041,195,-135.87625918080565,101,,mlp,,1885,15384,0,0,1885,15384,0,0,0.0,0.0,True,"[0.24288858473300934, 0.2475740909576416, 0.2751602530479431, 0.23437701165676117]","[0.24288858473300934, 0.2475740909576416, 0.2751602530479431, 0.23437701165676117]",,,,
18143,196,-153.08983641146247,102,384.0148620605469,mlp,,1893,15750,0,0,1893,15750,0,0,0.0,0.0,True,"[0.24146345257759094, 0.2756732404232025, 0.2743523418903351, 0.20851092040538788]","[0.24146345257759094, 0.2756732404232025, 0.2743523418903351, 0.20851092040538788]",,,,
18278,197,-377.67960989750503,135,,mlp,,1893,15750,0,0,1893,15750,0,0,0.0,0.0,True,"[0.34812527894973755, 0.18942037224769592, 0.16164053976535797, 0.30081385374069214]","[0.34812527894973755, 0.18942037224769592, 0.16164053976535797, 0.30081385374069214]",,,,
18339,198,-93.39255121868972,61,,mlp,,1893,15750,0,0,1893,15750,0,0,0.0,0.0,True,"[0.24611374735832214, 0.20505204796791077, 0.30304914712905884, 0.24578499794006348]","[0.24611374735832214, 0.20505204796791077, 0.30304914712905884, 0.24578499794006348]",,,,
18445,199,-99.2715894342356,106,,mlp,,1893,15750,0,0,1893,15750,0,0,0.0,0.0,True,"[0.24217729270458221, 0.2347802072763443, 0.2917543351650238, 0.23128817975521088]","[0.24217729270458221, 0.2347802072763443, 0.2917543351650238, 0.23128817975521088]",,,,
18573,200,-185.36919041471208,128,769.49951171875,mlp,,1901,16172,0,0,1901,16172,0,0,0.0,0.0,True,"[0.20433089137077332, 0.39288732409477234, 0.27703604102134705, 0.1257457733154297]","[0.20433089137077332, 0.39288732409477234, 0.27703604102134705, 0.1257457733154297]",,,,
18674,201,-221.93563494826628,101,,mlp,,1901,16172,0,0,1901,16172,0,0,0.0,0.0,True,"[0.27300089597702026, 0.1716277152299881, 0.2533135712146759, 0.3020578622817993]","[0.27300089597702026, 0.1716277152299881, 0.2533135712146759, 0.3020578622817993]",,,,
18743,202,-103.07689636146604,69,,mlp,,1901,16172,0,0,1901,16172,0,0,0.0,0.0,True,"[0.2454468160867691, 0.20691896975040436, 0.30508026480674744, 0.24255403876304626]","[0.2454468160867691, 0.20691896975040436, 0.30508026480674744, 0.24255403876304626]",,,,
18818,203,-130.84448024903944,75,,mlp,,1901,16172,0,0,1901,16172,0,0,0.0,0.0,True,"[0.2357565015554428, 0.2812851667404175, 0.2737548053264618, 0.2092035859823227]","[0.2357565015554428, 0.2812851667404175, 0.2737548053264618, 0.2092035859823227]",,,,
18953,204,-101.25294151378183,135,120.43348693847656,mlp,,1916,16537,0,0,1916,16537,0,0,0.0,0.0,True,"[0.24362871050834656, 0.2483125776052475, 0.2807445824146271, 0.2273140698671341]","[0.24362871050834656, 0.2483125776052475, 0.2807445824146271, 0.2273140698671341]",,,,
19026,205,-117.60323010560185,73,,mlp,,1916,16537,0,0,1916,16537,0,0,0.0,0.0,True,"[0.253604531288147, 0.2111814022064209, 0.27244409918785095, 0.2627699375152588]","[0.253604531288147, 0.2111814022064209, 0.27244409918785095, 0.2627699375152588]",,,,
19143,206,-250.64539578557137,117,,mlp,,1916,16537,0,0,1916,16537,0,0,0.0,0.0,True,"[0.2122540920972824, 0.41368162631988525, 0.25589504837989807, 0.11816919595003128]","[0.2122540920972824, 0.41368162631988525, 0.25589504837989807, 0.11816919595003128]",,,,
19209,207,-74.5196482454806,66,,mlp,,1916,16537,0,0,1916,16537,0,0,0.0,0.0,True,"[0.23265862464904785, 0.2985578179359436, 0.26782768964767456, 0.2009558379650116]","[0.23265862464904785, 0.2985578179359436, 0.26782768964767456, 0.2009558379650116]",,,,
19324,208,-106.70569183166405,115,233.39430236816406,mlp,,1943,16881,0,0,1943,16881,0,0,0.0,0.0,True,"[0.23725655674934387, 0.28179094195365906, 0.26814645528793335, 0.2128060758113861]","[0.23725655674934387, 0.28179094195365906, 0.26814645528793335, 0.2128060758113861]",,,,
19398,209,-138.9631935409361,74,,mlp,,1943,16881,0,0,1943,16881,0,0,0.0,0.0,True,"[0.24778054654598236, 0.23278287053108215, 0.2886667251586914, 0.23076976835727692]","[0.24778054654598236, 0.23278287053108215, 0.2886667251586914, 0.23076976835727692]",,,,
19474,210,-136.3297033248703,76,,mlp,,1943,16881,0,0,1943,16881,0,0,0.0,0.0,True,"[0.24123769998550415, 0.198552206158638, 0.3024927079677582, 0.25771740078926086]","[0.24123769998550415, 0.198552206158638, 0.3024927079677582, 0.25771740078926086]",,,,
19583,211,-110.96063005478344,109,,mlp,,1943,16881,0,0,1943,16881,0,0,0.0,0.0,True,"[0.22475330531597137, 0.31799137592315674, 0.26500192284584045, 0.19225342571735382]","[0.22475330531597137, 0.31799137592315674, 0.26500192284584045, 0.19225342571735382]",,,,
19698,212,-217.6414138852562,115,186.53363037109375,mlp,,1973,17225,0,0,1973,17225,0,0,0.0,0.0,True,"[0.22409750521183014, 0.3279109001159668, 0.26145803928375244, 0.1865336149930954]","[0.22409750521183014, 0.3279109001159668, 0.26145803928375244, 0.1865336149930954]",,,,
19802,213,8.351888709482495,104,,mlp,,1973,17225,0,0,1973,17225,0,0,0.0,0.0,True,"[0.22887669503688812, 0.30432024598121643, 0.2623187303543091, 0.2044842541217804]","[0.22887669503688812, 0.30432024598121643, 0.2623187303543091, 0.2044842541217804]",,,,
19881,214,-106.253915295547,79,,mlp,,1973,17225,0,0,1973,17225,0,0,0.0,0.0,True,"[0.24276870489120483, 0.25349166989326477, 0.28338274359703064, 0.22035686671733856]","[0.24276870489120483, 0.25349166989326477, 0.28338274359703064, 0.22035686671733856]",,,,
19995,215,-126.6110410614342,114,,mlp,,1973,17225,0,0,1973,17225,0,0,0.0,0.0,True,"[0.23964866995811462, 0.2597154676914215, 0.29206106066703796, 0.20857487618923187]","[0.23964866995811462, 0.2597154676914215, 0.29206106066703796, 0.20857487618923187]",,,,
20103,216,-118.37031534304765,108,665.5892944335938,mlp,,1989,17614,0,0,1989,17614,0,0,0.0,0.0,True,"[0.2595162093639374, 0.2145266830921173, 0.26737093925476074, 0.25858616828918457]","[0.2595162093639374, 0.2145266830921173, 0.26737093925476074, 0.25858616828918457]",,,,
20204,217,-111.07958256003906,101,,mlp,,1989,17614,0,0,1989,17614,0,0,0.0,0.0,True,"[0.23206661641597748, 0.2896074950695038, 0.2942078113555908, 0.18411800265312195]","[0.23206661641597748, 0.2896074950695038, 0.2942078113555908, 0.18411800265312195]",,,,
20298,218,-232.18822199368682,94,,mlp,,1989,17614,0,0,1989,17614,0,0,0.0,0.0,True,"[0.3087482452392578, 0.21386940777301788, 0.20180532336235046, 0.27557700872421265]","[0.3087482452392578, 0.21386940777301788, 0.20180532336235046, 0.27557700872421265]",,,,
20430,219,-96.08207502545247,132,,mlp,,1989,17614,0,0,1989,17614,0,0,0.0,0.0,True,"[0.23547837138175964, 0.28458184003829956, 0.2670845091342926, 0.21285530924797058]","[0.23547837138175964, 0.28458184003829956, 0.2670845091342926, 0.21285530924797058]",,,,
20557,220,-68.62214364093784,127,249.5570831298828,mlp,,2000,18057,0,0,2000,18057,0,0,0.0,0.0,True,"[0.22809933125972748, 0.26309674978256226, 0.3020620048046112, 0.20674189925193787]","[0.22809933125972748, 0.26309674978256226, 0.3020620048046112, 0.20674189925193787]",,,,
20649,221,-90.32678060692284,92,,mlp,,2000,18057,0,0,2000,18057,0,0,0.0,0.0,True,"[0.24024201929569244, 0.2579960227012634, 0.2883516848087311, 0.21341028809547424]","[0.24024201929569244, 0.2579960227012634, 0.2883516848087311, 0.21341028809547424]",,,,
20731,222,-79.19215217897424,82,,mlp,,2000,18057,0,0,2000,18057,0,0,0.0,0.0,True,"[0.2286611646413803, 0.2553800344467163, 0.2987818121910095, 0.21717700362205505]","[0.2286611646413803, 0.2553800344467163, 0.2987818121910095, 0.21717700362205505]",,,,
20805,223,-95.20630788314705,74,,mlp,,2000,18057,0,0,2000,18057,0,0,0.0,0.0,True,"[0.2372334599494934, 0.2640923857688904, 0.29109564423561096, 0.20757845044136047]","[0.2372334599494934, 0.2640923857688904, 0.29109564423561096, 0.20757845044136047]",,,,
20894,224,-255.60587047243675,89,213.79574584960938,mlp,,2028,18366,0,0,2028,18366,0,0,0.0,0.0,True,"[0.21309605240821838, 0.3720622956752777, 0.2628827393054962, 0.1519588679075241]","[0.21309605240821838, 0.3720622956752777, 0.2628827393054962, 0.1519588679075241]",,,,
20996,225,-119.06547241293245,102,,mlp,,2028,18366,0,0,2028,18366,0,0,0.0,0.0,True,"[0.23531800508499146, 0.28058868646621704, 0.27346354722976685, 0.21062979102134705]","[0.23531800508499146, 0.28058868646621704, 0.27346354722976685, 0.21062979102134705]",,,,
21102,226,-181.0883339518578,106,,mlp,,2028,18366,0,0,2028,18366,0,0,0.0,0.0,True,"[0.2515101134777069, 0.18672595918178558, 0.2894032597541809, 0.272360622882843]","[0.2515101134777069, 0.18672595918178558, 0.2894032597541809, 0.272360622882843]",,,,
21171,227,-70.58469171248687,69,,mlp,,2028,18366,0,0,2028,18366,0,0,0.0,0.0,True,"[0.23541469871997833, 0.28494396805763245, 0.27467915415763855, 0.20496217906475067]","[0.23541469871997833, 0.28494396805763245, 0.27467915415763855, 0.20496217906475067]",,,,
21254,228,-98.89930660039475,83,115.63419342041016,mlp,,2049,18705,0,0,2049,18705,0,0,0.0,0.0,True,"[0.23517195880413055, 0.27177125215530396, 0.28786948323249817, 0.20518732070922852]","[0.23517195880413055, 0.27177125215530396, 0.28786948323249817, 0.20518732070922852]",,,,
21322,229,-51.479197458911244,68,,mlp,,2049,18705,0,0,2049,18705,0,0,0.0,0.0,True,"[0.22313547134399414, 0.27227792143821716, 0.31357285380363464, 0.19101379811763763]","[0.22313547134399414, 0.27227792143821716, 0.31357285380363464, 0.19101379811763763]",,,,
21466,230,-63.35308865126814,144,,mlp,,2049,18705,0,0,2049,18705,0,0,0.0,0.0,True,"[0.21410267055034637, 0.32339218258857727, 0.30992591381073, 0.15257927775382996]","[0.21410267055034637, 0.32339218258857727, 0.30992591381073, 0.15257927775382996]",,,,
21555,231,-4.7209827136241955,89,,mlp,,2049,18705,0,0,2049,18705,0,0,0.0,0.0,True,"[0.2503335177898407, 0.24257910251617432, 0.254043310880661, 0.25304409861564636]","[0.2503335177898407, 0.24257910251617432, 0.254043310880661, 0.25304409861564636]",,,,
21632,232,-178.9496981994743,77,465.1155700683594,mlp,,2099,19033,0,0,2099,19033,0,0,0.0,0.0,True,"[0.3378089964389801, 0.13471461832523346, 0.21912461519241333, 0.30835187435150146]","[0.3378089964389801, 0.13471461832523346, 0.21912461519241333, 0.30835187435150146]",,,,
21752,233,-91.3958413446041,120,,mlp,,2099,19033,0,0,2099,19033,0,0,0.0,0.0,True,"[0.24021963775157928, 0.21135351061820984, 0.3227868676185608, 0.2256399244070053]","[0.24021963775157928, 0.21135351061820984, 0.3227868676185608, 0.2256399244070053]",,,,
21836,234,-99.573764233512,84,,mlp,,2099,19033,0,0,2099,19033,0,0,0.0,0.0,True,"[0.22699381411075592, 0.27948230504989624, 0.3180650770664215, 0.1754588633775711]","[0.22699381411075592, 0.27948230504989624, 0.3180650770664215, 0.1754588633775711]",,,,
21949,235,-267.6815794491789,113,,mlp,,2099,19033,0,0,2099,19033,0,0,0.0,0.0,True,"[0.22546803951263428, 0.3023618459701538, 0.311506986618042, 0.1606631726026535]","[0.22546803951263428, 0.3023618459701538, 0.311506986618042, 0.1606631726026535]",,,,
22018,236,-71.66018088995384,69,314.2303161621094,mlp,,2123,19395,0,0,2123,19395,0,0,0.0,0.0,True,"[0.22135543823242188, 0.3087764084339142, 0.2813396155834198, 0.18852856755256653]","[0.22135543823242188, 0.3087764084339142, 0.2813396155834198, 0.18852856755256653]",,,,
22100,237,-117.47233091655804,82,,mlp,,2123,19395,0,0,2123,19395,0,0,0.0,0.0,True,"[0.23804134130477905, 0.2529444396495819, 0.2973724901676178, 0.21164172887802124]","[0.23804134130477905, 0.2529444396495819, 0.2973724901676178, 0.21164172887802124]",,,,
22189,238,-112.58147873755122,89,,mlp,,2123,19395,0,0,2123,19395,0,0,0.0,0.0,True,"[0.2646726965904236, 0.20400336384773254, 0.2823280096054077, 0.24899601936340332]","[0.2646726965904236, 0.20400336384773254, 0.2823280096054077, 0.24899601936340332]",,,,
22328,239,26.674092529850455,139,,mlp,,2123,19395,0,0,2123,19395,0,0,0.0,0.0,True,"[0.23069263994693756, 0.30206605792045593, 0.2665514647960663, 0.20068980753421783]","[0.23069263994693756, 0.30206605792045593, 0.2665514647960663, 0.20068980753421783]",,,,
22424,240,-134.29932775717072,96,587.6997680664062,mlp,,2133,19791,0,0,2133,19791,0,0,0.0,0.0,True,"[0.2854856848716736, 0.16579075157642365, 0.25247514247894287, 0.29624831676483154]","[0.2854856848716736, 0.16579075157642365, 0.25247514247894287, 0.29624831676483154]",,,,
22516,241,-327.69194494158955,92,,mlp,,2133,19791,0,0,2133,19791,0,0,0.0,0.0,True,"[0.20170500874519348, 0.4103296995162964, 0.26292937994003296, 0.12503591179847717]","[0.20170500874519348, 0.4103296995162964, 0.26292937994003296, 0.12503591179847717]",,,,
22626,242,-183.49472668955548,110,,mlp,,2133,19791,0,0,2133,19791,0,0,0.0,0.0,True,"[0.34462761878967285, 0.12135229259729385, 0.20159433782100677, 0.33242568373680115]","[0.34462761878967285, 0.12135229259729385, 0.20159433782100677, 0.33242568373680115]",,,,
22728,243,-72.276814270857,102,,mlp,,2133,19791,0,0,2133,19791,0,0,0.0,0.0,True,"[0.23099473118782043, 0.25844651460647583, 0.297779381275177, 0.21277940273284912]","[0.23099473118782043, 0.25844651460647583, 0.297779381275177, 0.21277940273284912]",,,,
22853,244,-149.17360214911608,125,388.40765380859375,mlp,,2140,20213,0,0,2140,20213,0,0,0.0,0.0,True,"[0.21573024988174438, 0.3286478817462921, 0.28499531745910645, 0.17062658071517944]","[0.21573024988174438, 0.3286478817462921, 0.28499531745910645, 0.17062658071517944]",,,,
22980,245,-76.86578815276276,127,,mlp,,2140,20213,0,0,2140,20213,0,0,0.0,0.0,True,"[0.23783381283283234, 0.2538056969642639, 0.28984490036964417, 0.21851558983325958]","[0.23783381283283234, 0.2538056969642639, 0.28984490036964417, 0.21851558983325958]",,,,
23051,246,-137.62424804682556,71,,mlp,,2140,20213,0,0,2140,20213,0,0,0.0,0.0,True,"[0.2522432804107666, 0.20536772906780243, 0.3034115433692932, 0.23897749185562134]","[0.2522432804107666, 0.20536772906780243, 0.3034115433692932, 0.23897749185562134]",,,,
23113,247,-78.82893716043199,62,,mlp,,2140,20213,0,0,2140,20213,0,0,0.0,0.0,True,"[0.2173624187707901, 0.2940290570259094, 0.33053818345069885, 0.1580703854560852]","[0.2173624187707901, 0.2940290570259094, 0.33053818345069885, 0.1580703854560852]",,,,
23226,248,-189.7516161351247,113,127.53179168701172,mlp,,2153,20573,0,0,2153,20573,0,0,0.0,0.0,True,"[0.31543639302253723, 0.1532144844532013, 0.23228824138641357, 0.2990608811378479]","[0.31543639302253723, 0.1532144844532013, 0.23228824138641357, 0.2990608811378479]",,,,
23295,249,-147.359079455982,69,,mlp,,2153,20573,0,0,2153,20573,0,0,0.0,0.0,True,"[0.2453932762145996, 0.18698321282863617, 0.320282906293869, 0.24734069406986237]","[0.2453932762145996, 0.18698321282863617, 0.320282906293869, 0.24734069406986237]",,,,
23401,250,-136.98355167777595,106,,mlp,,2153,20573,0,0,2153,20573,0,0,0.0,0.0,True,"[0.23019154369831085, 0.27945011854171753, 0.29441067576408386, 0.19594761729240417]","[0.23019154369831085, 0.27945011854171753, 0.29441067576408386, 0.19594761729240417]",,,,
23522,251,-156.14048516444905,121,,mlp,,2153,20573,0,0,2153,20573,0,0,0.0,0.0,True,"[0.25051119923591614, 0.17972725629806519, 0.3303362727165222, 0.23942524194717407]","[0.25051119923591614, 0.17972725629806519, 0.3303362727165222, 0.23942524194717407]",,,,
23592,252,-65.81175127741123,70,95.41890716552734,mlp,,2156,20936,0,0,2156,20936,0,0,0.0,0.0,True,"[0.24473239481449127, 0.22929228842258453, 0.3103640079498291, 0.2156113237142563]","[0.24473239481449127, 0.22929228842258453, 0.3103640079498291, 0.2156113237142563]",,,,
23686,253,-267.37653734161904,94,,mlp,,2156,20936,0,0,2156,20936,0,0,0.0,0.0,True,"[0.207945317029953, 0.400177538394928, 0.26169553399086, 0.13018162548542023]","[0.207945317029953, 0.400177538394928, 0.26169553399086, 0.13018162548542023]",,,,
23804,254,-24.708977476782678,118,,mlp,,2156,20936,0,0,2156,20936,0,0,0.0,0.0,True,"[0.26344388723373413, 0.2333335280418396, 0.2564842402935028, 0.2467382550239563]","[0.26344388723373413, 0.2333335280418396, 0.2564842402935028, 0.2467382550239563]",,,,
23871,255,-89.80446379728303,67,,mlp,,2156,20936,0,0,2156,20936,0,0,0.0,0.0,True,"[0.21957729756832123, 0.3265485167503357, 0.272817462682724, 0.18105672299861908]","[0.21957729756832123, 0.3265485167503357, 0.272817462682724, 0.18105672299861908]",,,,
23954,256,-87.06400683204836,83,630.6236572265625,mlp,,2186,21268,0,0,2186,21268,0,0,0.0,0.0,True,"[0.21943983435630798, 0.2487315684556961, 0.33771613240242004, 0.19411244988441467]","[0.21943983435630798, 0.2487315684556961, 0.33771613240242004, 0.19411244988441467]",,,,
24075,257,-262.81921949059586,121,,mlp,,2186,21268,0,0,2186,21268,0,0,0.0,0.0,True,"[0.1769828498363495, 0.465675413608551, 0.2776138186454773, 0.07972794771194458]","[0.1769828498363495, 0.465675413608551, 0.2776138186454773, 0.07972794771194458]",,,,
24176,258,-139.845182205573,101,,mlp,,2186,21268,0,0,2186,21268,0,0,0.0,0.0,True,"[0.21942557394504547, 0.2981352210044861, 0.31183263659477234, 0.1706065684556961]","[0.21942557394504547, 0.2981352210044861, 0.31183263659477234, 0.1706065684556961]",,,,
24248,259,-133.47390343124258,72,,mlp,,2186,21268,0,0,2186,21268,0,0,0.0,0.0,True,"[0.2077278047800064, 0.352039635181427, 0.2869719862937927, 0.15326057374477386]","[0.2077278047800064, 0.352039635181427, 0.2869719862937927, 0.15326057374477386]",,,,
24362,260,-214.84125260634033,114,341.1126708984375,mlp,,2190,21672,0,0,2190,21672,0,0,0.0,0.0,True,"[0.20585060119628906, 0.344845175743103, 0.2924301326274872, 0.15687410533428192]","[0.20585060119628906, 0.344845175743103, 0.2924301326274872, 0.15687410533428192]",,,,
24442,261,-104.02861003810297,80,,mlp,,2190,21672,0,0,2190,21672,0,0,0.0,0.0,True,"[0.22709240019321442, 0.21273094415664673, 0.34992244839668274, 0.21025428175926208]","[0.22709240019321442, 0.21273094415664673, 0.34992244839668274, 0.21025428175926208]",,,,
24560,262,-126.15185912721762,118,,mlp,,2190,21672,0,0,2190,21672,0,0,0.0,0.0,True,"[0.21309524774551392, 0.3268783688545227, 0.295841246843338, 0.1641850471496582]","[0.21309524774551392, 0.3268783688545227, 0.295841246843338, 0.1641850471496582]",,,,
24667,263,-267.7256047113921,107,,mlp,,2190,21672,0,0,2190,21672,0,0,0.0,0.0,True,"[0.2633571922779083, 0.1562141627073288, 0.29931962490081787, 0.2811090350151062]","[0.2633571922779083, 0.1562141627073288, 0.29931962490081787, 0.2811090350151062]",,,,
24799,264,-58.777707891485576,132,230.56082153320312,mlp,,2209,22090,0,0,2209,22090,0,0,0.0,0.0,True,"[0.21922415494918823, 0.2440205216407776, 0.3408871293067932, 0.19586816430091858]","[0.21922415494918823, 0.2440205216407776, 0.3408871293067932, 0.19586816430091858]",,,,
24878,265,-85.36068353735276,79,,mlp,,2209,22090,0,0,2209,22090,0,0,0.0,0.0,True,"[0.22327515482902527, 0.29534199833869934, 0.29400351643562317, 0.18737930059432983]","[0.22327515482902527, 0.29534199833869934, 0.29400351643562317, 0.18737930059432983]",,,,
24953,266,-167.2065243237998,75,,mlp,,2209,22090,0,0,2209,22090,0,0,0.0,0.0,True,"[0.3322257101535797, 0.11562319844961166, 0.2120756208896637, 0.3400755524635315]","[0.3322257101535797, 0.11562319844961166, 0.2120756208896637, 0.3400755524635315]",,,,
25045,267,-101.9319520109356,92,,mlp,,2209,22090,0,0,2209,22090,0,0,0.0,0.0,True,"[0.2005241960287094, 0.3339498043060303, 0.32207220792770386, 0.14345376193523407]","[0.2005241960287094, 0.3339498043060303, 0.32207220792770386, 0.14345376193523407]",,,,
25164,268,-139.01589898563253,119,180.89173889160156,mlp,,2231,22433,0,0,2231,22433,0,0,0.0,0.0,True,"[0.21039655804634094, 0.3137969374656677, 0.32814034819602966, 0.1476661115884781]","[0.21039655804634094, 0.3137969374656677, 0.32814034819602966, 0.1476661115884781]",,,,
25229,269,-109.4205440644968,65,,mlp,,2231,22433,0,0,2231,22433,0,0,0.0,0.0,True,"[0.23386989533901215, 0.1780400574207306, 0.34326082468032837, 0.24482916295528412]","[0.23386989533901215, 0.1780400574207306, 0.34326082468032837, 0.24482916295528412]",,,,
25367,270,-126.92642540205952,138,,mlp,,2231,22433,0,0,2231,22433,0,0,0.0,0.0,True,"[0.24397960305213928, 0.20820365846157074, 0.3169003427028656, 0.23091638088226318]","[0.24397960305213928, 0.20820365846157074, 0.3169003427028656, 0.23091638088226318]",,,,
25446,271,-124.5801636261213,79,,mlp,,2231,22433,0,0,2231,22433,0,0,0.0,0.0,True,"[0.22889572381973267, 0.25504690408706665, 0.3233867585659027, 0.19267064332962036]","[0.22889572381973267, 0.25504690408706665, 0.3233867585659027, 0.19267064332962036]",,,,
25514,272,-75.44692241652838,68,180.91090393066406,mlp,,2234,22780,0,0,2234,22780,0,0,0.0,0.0,True,"[0.2190447598695755, 0.20896628499031067, 0.3658043444156647, 0.20618467032909393]","[0.2190447598695755, 0.20896628499031067, 0.3658043444156647, 0.20618467032909393]",,,,
25608,273,-119.55925212308843,94,,mlp,,2234,22780,0,0,2234,22780,0,0,0.0,0.0,True,"[0.21966111660003662, 0.3006523847579956, 0.29589828848838806, 0.1837882101535797]","[0.21966111660003662, 0.3006523847579956, 0.29589828848838806, 0.1837882101535797]",,,,
25721,274,-104.6962229722154,113,,mlp,,2234,22780,0,0,2234,22780,0,0,0.0,0.0,True,"[0.2126925140619278, 0.3178921639919281, 0.2985171675682068, 0.17089815437793732]","[0.2126925140619278, 0.3178921639919281, 0.2985171675682068, 0.17089815437793732]",,,,
25841,275,-158.76463939027468,120,,mlp,,2234,22780,0,0,2234,22780,0,0,0.0,0.0,True,"[0.23055978119373322, 0.22425960004329681, 0.335440993309021, 0.20973950624465942]","[0.23055978119373322, 0.22425960004329681, 0.335440993309021, 0.20973950624465942]",,,,
25941,276,-97.86293992759185,100,107.75509643554688,mlp,,2253,23188,0,0,2253,23188,0,0,0.0,0.0,True,"[0.21934151649475098, 0.23443235456943512, 0.35387635231018066, 0.19234974682331085]","[0.21934151649475098, 0.23443235456943512, 0.35387635231018066, 0.19234974682331085]",,,,
26061,277,-223.2345067864471,120,,mlp,,2253,23188,0,0,2253,23188,0,0,0.0,0.0,True,"[0.23859290778636932, 0.16277609765529633, 0.3457691967487335, 0.2528618276119232]","[0.23859290778636932, 0.16277609765529633, 0.3457691967487335, 0.2528618276119232]",,,,
26155,278,-166.88749689291961,94,,mlp,,2253,23188,0,0,2253,23188,0,0,0.0,0.0,True,"[0.2367721050977707, 0.18246673047542572, 0.33512693643569946, 0.2456342726945877]","[0.2367721050977707, 0.18246673047542572, 0.33512693643569946, 0.2456342726945877]",,,,
26267,279,-326.6854361555727,112,,mlp,,2253,23188,0,0,2253,23188,0,0,0.0,0.0,True,"[0.3108411431312561, 0.10475364327430725, 0.206893652677536, 0.37751156091690063]","[0.3108411431312561, 0.10475364327430725, 0.206893652677536, 0.37751156091690063]",,,,
26345,280,-210.2719224624812,78,670.5411376953125,mlp,,2277,23568,0,0,2277,23568,0,0,0.0,0.0,True,"[0.29047083854675293, 0.19612060487270355, 0.2253483682870865, 0.2880602478981018]","[0.29047083854675293, 0.19612060487270355, 0.2253483682870865, 0.2880602478981018]",,,,
26430,281,-103.05000069065258,85,,mlp,,2277,23568,0,0,2277,23568,0,0,0.0,0.0,True,"[0.22102372348308563, 0.2536931037902832, 0.33286431431770325, 0.19241881370544434]","[0.22102372348308563, 0.2536931037902832, 0.33286431431770325, 0.19241881370544434]",,,,
26536,282,-95.78854795499437,106,,mlp,,2277,23568,0,0,2277,23568,0,0,0.0,0.0,True,"[0.21566681563854218, 0.24388276040554047, 0.35470321774482727, 0.1857471466064453]","[0.21566681563854218, 0.24388276040554047, 0.35470321774482727, 0.1857471466064453]",,,,
26678,283,-23.93670845821515,142,,mlp,,2277,23568,0,0,2277,23568,0,0,0.0,0.0,True,"[0.24726593494415283, 0.23325079679489136, 0.2919086813926697, 0.22757463157176971]","[0.24726593494415283, 0.23325079679489136, 0.2919086813926697, 0.22757463157176971]",,,,
26754,284,-23.992499438129315,76,420.8253479003906,mlp,,2313,23941,0,0,2313,23941,0,0,0.0,0.0,True,"[0.21588242053985596, 0.25150492787361145, 0.3331274390220642, 0.1994851678609848]","[0.21588242053985596, 0.25150492787361145, 0.3331274390220642, 0.1994851678609848]",,,,
26895,285,-180.67363803681627,141,,mlp,,2313,23941,0,0,2313,23941,0,0,0.0,0.0,True,"[0.2228001207113266, 0.26666730642318726, 0.31705692410469055, 0.19347558915615082]","[0.2228001207113266, 0.26666730642318726, 0.31705692410469055, 0.19347558915615082]",,,,
27013,286,-98.27169898726453,118,,mlp,,2313,23941,0,0,2313,23941,0,0,0.0,0.0,True,"[0.21866053342819214, 0.28196197748184204, 0.3066712021827698, 0.19270625710487366]","[0.21866053342819214, 0.28196197748184204, 0.3066712021827698, 0.19270625710487366]",,,,
27084,287,-100.02191964198667,71,,mlp,,2313,23941,0,0,2313,23941,0,0,0.0,0.0,True,"[0.1992427259683609, 0.3430293798446655, 0.3042353391647339, 0.1534925401210785]","[0.1992427259683609, 0.3430293798446655, 0.3042353391647339, 0.1534925401210785]",,,,
27194,288,-201.61064576694395,110,122.94358825683594,mlp,,2339,24355,0,0,2339,24355,0,0,0.0,0.0,True,"[0.29356709122657776, 0.13016954064369202, 0.242478609085083, 0.3337847590446472]","[0.29356709122657776, 0.13016954064369202, 0.242478609085083, 0.3337847590446472]",,,,
27278,289,-79.18787122291967,84,,mlp,,2339,24355,0,0,2339,24355,0,0,0.0,0.0,True,"[0.20684319734573364, 0.23230215907096863, 0.37870699167251587, 0.18214760720729828]","[0.20684319734573364, 0.23230215907096863, 0.37870699167251587, 0.18214760720729828]",,,,
27385,290,-206.67413938554233,107,,mlp,,2339,24355,0,0,2339,24355,0,0,0.0,0.0,True,"[0.23772399127483368, 0.13935135304927826, 0.30021217465400696, 0.3227124810218811]","[0.23772399127483368, 0.13935135304927826, 0.30021217465400696, 0.3227124810218811]",,,,
27492,291,-139.6222039947819,107,,mlp,,2339,24355,0,0,2339,24355,0,0,0.0,0.0,True,"[0.2136165052652359, 0.25995030999183655, 0.3387233018875122, 0.18770986795425415]","[0.2136165052652359, 0.25995030999183655, 0.3387233018875122, 0.18770986795425415]",,,,
27578,292,-93.55428745357996,86,82.09315490722656,mlp,,2363,24715,0,0,2363,24715,0,0,0.0,0.0,True,"[0.21631625294685364, 0.2741641104221344, 0.3218880891799927, 0.18763160705566406]","[0.21631625294685364, 0.2741641104221344, 0.3218880891799927, 0.18763160705566406]",,,,
27716,293,-91.02732000720965,138,,mlp,,2363,24715,0,0,2363,24715,0,0,0.0,0.0,True,"[0.21942809224128723, 0.19606055319309235, 0.35242560505867004, 0.23208574950695038]","[0.21942809224128723, 0.19606055319309235, 0.35242560505867004, 0.23208574950695038]",,,,
27829,294,-303.7093333349597,113,,mlp,,2363,24715,0,0,2363,24715,0,0,0.0,0.0,True,"[0.2775665521621704, 0.1386347860097885, 0.22186677157878876, 0.3619319498538971]","[0.2775665521621704, 0.1386347860097885, 0.22186677157878876, 0.3619319498538971]",,,,
27910,295,-303.0475610379964,81,,mlp,,2363,24715,0,0,2363,24715,0,0,0.0,0.0,True,"[0.25070178508758545, 0.12293500453233719, 0.2717975080013275, 0.35456565022468567]","[0.25070178508758545, 0.12293500453233719, 0.2717975080013275, 0.35456565022468567]",,,,
28043,296,-203.510616872736,133,773.7299194335938,mlp,,2370,25173,0,0,2370,25173,0,0,0.0,0.0,True,"[0.2320089489221573, 0.1513136327266693, 0.328103244304657, 0.28857409954071045]","[0.2320089489221573, 0.1513136327266693, 0.328103244304657, 0.28857409954071045]",,,,
28112,297,-81.28927861738993,69,,mlp,,2370,25173,0,0,2370,25173,0,0,0.0,0.0,True,"[0.21291641891002655, 0.22248798608779907, 0.37172815203666687, 0.19286732375621796]","[0.21291641891002655, 0.22248798608779907, 0.37172815203666687, 0.19286732375621796]",,,,
28189,298,-13.424168448521968,77,,mlp,,2370,25173,0,0,2370,25173,0,0,0.0,0.0,True,"[0.2102074921131134, 0.2430780977010727, 0.3428618013858795, 0.20385265350341797]","[0.2102074921131134, 0.2430780977010727, 0.3428618013858795, 0.20385265350341797]",,,,
28273,299,-69.45414272599615,84,,mlp,,2370,25173,0,0,2370,25173,0,0,0.0,0.0,True,"[0.20666681230068207, 0.2416527271270752, 0.36834293603897095, 0.18333756923675537]","[0.20666681230068207, 0.2416527271270752, 0.36834293603897095, 0.18333756923675537]",,,,
28365,300,-129.054164288085,92,134.50140380859375,mlp,,2383,25482,0,0,2383,25482,0,0,0.0,0.0,True,"[0.20411722362041473, 0.2544727325439453, 0.35788828134536743, 0.18352174758911133]","[0.20411722362041473, 0.2544727325439453, 0.35788828134536743, 0.18352174758911133]",,,,
28503,301,-330.9832962307406,138,,mlp,,2383,25482,0,0,2383,25482,0,0,0.0,0.0,True,"[0.2560666799545288, 0.1744328886270523, 0.28734835982322693, 0.2821521461009979]","[0.2560666799545288, 0.1744328886270523, 0.28734835982322693, 0.2821521461009979]",,,,
28614,302,-197.423527879324,111,,mlp,,2383,25482,0,0,2383,25482,0,0,0.0,0.0,True,"[0.21119502186775208, 0.2882179617881775, 0.33185088634490967, 0.1687360554933548]","[0.21119502186775208, 0.2882179617881775, 0.33185088634490967, 0.1687360554933548]",,,,
28678,303,-62.331594630532706,64,,mlp,,2383,25482,0,0,2383,25482,0,0,0.0,0.0,True,"[0.19858777523040771, 0.21597270667552948, 0.4004610776901245, 0.1849784255027771]","[0.19858777523040771, 0.21597270667552948, 0.4004610776901245, 0.1849784255027771]",,,,
28795,304,-198.2944049748623,117,342.0763854980469,mlp,,2393,25902,0,0,2393,25902,0,0,0.0,0.0,True,"[0.19481249153614044, 0.29793310165405273, 0.3579029440879822, 0.14935144782066345]","[0.19481249153614044, 0.29793310165405273, 0.3579029440879822, 0.14935144782066345]",,,,
28862,305,-58.70051136178986,67,,mlp,,2393,25902,0,0,2393,25902,0,0,0.0,0.0,True,"[0.22387534379959106, 0.21964438259601593, 0.3295530378818512, 0.2269272804260254]","[0.22387534379959106, 0.21964438259601593, 0.3295530378818512, 0.2269272804260254]",,,,
28926,306,-84.93984015273247,64,,mlp,,2393,25902,0,0,2393,25902,0,0,0.0,0.0,True,"[0.21108824014663696, 0.1703641265630722, 0.3924093246459961, 0.22613829374313354]","[0.21108824014663696, 0.1703641265630722, 0.3924093246459961, 0.22613829374313354]",,,,
28995,307,-61.191704177955174,69,,mlp,,2393,25902,0,0,2393,25902,0,0,0.0,0.0,True,"[0.19883430004119873, 0.21788246929645538, 0.38566434383392334, 0.19761888682842255]","[0.19883430004119873, 0.21788246929645538, 0.38566434383392334, 0.19761888682842255]",,,,
29087,308,-340.4600399325608,92,884.5301513671875,mlp,,2398,26189,0,0,2398,26189,0,0,0.0,0.0,True,"[0.27829787135124207, 0.12125755846500397, 0.19781817495822906, 0.4026264250278473]","[0.27829787135124207, 0.12125755846500397, 0.19781817495822906, 0.4026264250278473]",,,,
29189,309,-19.370902317619397,102,,mlp,,2398,26189,0,0,2398,26189,0,0,0.0,0.0,True,"[0.20210812985897064, 0.3185020089149475, 0.32637614011764526, 0.1530136913061142]","[0.20210812985897064, 0.3185020089149475, 0.32637614011764526, 0.1530136913061142]",,,,
29302,310,-232.07461006286076,113,,mlp,,2398,26189,0,0,2398,26189,0,0,0.0,0.0,True,"[0.22690871357917786, 0.15083765983581543, 0.33982452750205994, 0.28242915868759155]","[0.22690871357917786, 0.15083765983581543, 0.33982452750205994, 0.28242915868759155]",,,,
29393,311,-53.299625352327624,91,,mlp,,2398,26189,0,0,2398,26189,0,0,0.0,0.0,True,"[0.19310393929481506, 0.28663915395736694, 0.3527570962905884, 0.16749976575374603]","[0.19310393929481506, 0.28663915395736694, 0.3527570962905884, 0.16749976575374603]",,,,
29469,312,-60.697075552643135,76,387.3768005371094,mlp,,2418,26551,0,0,2418,26551,0,0,0.0,0.0,True,"[0.2135506123304367, 0.2735174000263214, 0.3169533610343933, 0.19597864151000977]","[0.2135506123304367, 0.2735174000263214, 0.3169533610343933, 0.19597864151000977]",,,,
29563,313,-56.28491569221825,94,,mlp,,2418,26551,0,0,2418,26551,0,0,0.0,0.0,True,"[0.19663549959659576, 0.2336098849773407, 0.38136717677116394, 0.18838746845722198]","[0.19663549959659576, 0.2336098849773407, 0.38136717677116394, 0.18838746845722198]",,,,
29721,314,-109.36552381991535,158,,mlp,,2418,26551,0,0,2418,26551,0,0,0.0,0.0,True,"[0.20766372978687286, 0.16960953176021576, 0.38287273049354553, 0.23985402286052704]","[0.20766372978687286, 0.16960953176021576, 0.38287273049354553, 0.23985402286052704]",,,,
29850,315,-75.15785345060898,129,,mlp,,2418,26551,0,0,2418,26551,0,0,0.0,0.0,True,"[0.20482990145683289, 0.18719227612018585, 0.39788928627967834, 0.2100885808467865]","[0.20482990145683289, 0.18719227612018585, 0.39788928627967834, 0.2100885808467865]",,,,
29932,316,-87.96566318900327,82,135.9624786376953,mlp,,2471,26961,0,0,2471,26961,0,0,0.0,0.0,True,"[0.2002045214176178, 0.24847261607646942, 0.37735605239868164, 0.17396682500839233]","[0.2002045214176178, 0.24847261607646942, 0.37735605239868164, 0.17396682500839233]",,,,
30083,317,-89.21552946013784,151,,mlp,,2471,26961,0,0,2471,26961,0,0,0.0,0.0,True,"[0.1948639154434204, 0.19202479720115662, 0.40225479006767273, 0.21085649728775024]","[0.1948639154434204, 0.19202479720115662, 0.40225479006767273, 0.21085649728775024]",,,,
30202,318,-118.01334163802335,119,,mlp,,2471,26961,0,0,2471,26961,0,0,0.0,0.0,True,"[0.19030463695526123, 0.24959905445575714, 0.3849121630191803, 0.1751842349767685]","[0.19030463695526123, 0.24959905445575714, 0.3849121630191803, 0.1751842349767685]",,,,
30317,319,-302.94816620251424,115,,mlp,,2471,26961,0,0,2471,26961,0,0,0.0,0.0,True,"[0.28258150815963745, 0.12356477230787277, 0.20837217569351196, 0.3854815661907196]","[0.28258150815963745, 0.12356477230787277, 0.20837217569351196, 0.3854815661907196]",,,,
30401,320,-100.38810805674626,84,445.2454833984375,mlp,,2506,27395,0,0,2506,27395,0,0,0.0,0.0,True,"[0.19157949090003967, 0.2773369252681732, 0.3714601695537567, 0.15962335467338562]","[0.19157949090003967, 0.2773369252681732, 0.3714601695537567, 0.15962335467338562]",,,,
30479,321,-62.304047526510466,78,,mlp,,2506,27395,0,0,2506,27395,0,0,0.0,0.0,True,"[0.1867663860321045, 0.27894723415374756, 0.3721237778663635, 0.16216260194778442]","[0.1867663860321045, 0.27894723415374756, 0.3721237778663635, 0.16216260194778442]",,,,
30571,322,-122.45398232140126,92,,mlp,,2506,27395,0,0,2506,27395,0,0,0.0,0.0,True,"[0.20507784187793732, 0.20831014215946198, 0.39021748304367065, 0.19639456272125244]","[0.20507784187793732, 0.20831014215946198, 0.39021748304367065, 0.19639456272125244]",,,,
30682,323,-149.47135252335218,111,,mlp,,2506,27395,0,0,2506,27395,0,0,0.0,0.0,True,"[0.20399995148181915, 0.22778387367725372, 0.3735896050930023, 0.1946266144514084]","[0.20399995148181915, 0.22778387367725372, 0.3735896050930023, 0.1946266144514084]",,,,
30782,324,-114.63083333958156,100,67.7090072631836,mlp,,2542,27740,0,0,2542,27740,0,0,0.0,0.0,True,"[0.19721156358718872, 0.24831804633140564, 0.3769160807132721, 0.17755435407161713]","[0.19721156358718872, 0.24831804633140564, 0.3769160807132721, 0.17755435407161713]",,,,
30908,325,-121.83327646195843,126,,mlp,,2542,27740,0,0,2542,27740,0,0,0.0,0.0,True,"[0.2134372442960739, 0.17618036270141602, 0.3741249442100525, 0.2362574338912964]","[0.2134372442960739, 0.17618036270141602, 0.3741249442100525, 0.2362574338912964]",,,,
30983,326,-70.84572988409268,75,,mlp,,2542,27740,0,0,2542,27740,0,0,0.0,0.0,True,"[0.21004366874694824, 0.1591133326292038, 0.3827674686908722, 0.24807552993297577]","[0.21004366874694824, 0.1591133326292038, 0.3827674686908722, 0.24807552993297577]",,,,
31123,327,-137.70040384931536,140,,mlp,,2542,27740,0,0,2542,27740,0,0,0.0,0.0,True,"[0.2993740141391754, 0.12319457530975342, 0.23755528032779694, 0.3398761451244354]","[0.2993740141391754, 0.12319457530975342, 0.23755528032779694, 0.3398761451244354]",,,,
31247,328,-281.3211843088965,124,250.16427612304688,mlp,,2551,28196,0,0,2551,28196,0,0,0.0,0.0,True,"[0.2593401074409485, 0.11959215998649597, 0.26940441131591797, 0.3516632616519928]","[0.2593401074409485, 0.11959215998649597, 0.26940441131591797, 0.3516632616519928]",,,,
31337,329,-210.6575522722626,90,,mlp,,2551,28196,0,0,2551,28196,0,0,0.0,0.0,True,"[0.33893874287605286, 0.10660521686077118, 0.19149738550186157, 0.3629586100578308]","[0.33893874287605286, 0.10660521686077118, 0.19149738550186157, 0.3629586100578308]",,,,
31480,330,-296.2825746486685,143,,mlp,,2551,28196,0,0,2551,28196,0,0,0.0,0.0,True,"[0.3006155788898468, 0.17323988676071167, 0.21251395344734192, 0.3136305809020996]","[0.3006155788898468, 0.17323988676071167, 0.21251395344734192, 0.3136305809020996]",,,,
31578,331,-123.69958569712351,98,,mlp,,2551,28196,0,0,2551,28196,0,0,0.0,0.0,True,"[0.18990924954414368, 0.2906123995780945, 0.3583123981952667, 0.1611659675836563]","[0.18990924954414368, 0.2906123995780945, 0.3583123981952667, 0.1611659675836563]",,,,
31662,332,-78.70800144947131,84,610.1670532226562,mlp,,2574,28588,0,0,2574,28588,0,0,0.0,0.0,True,"[0.21419000625610352, 0.20733720064163208, 0.36299145221710205, 0.21548141539096832]","[0.21419000625610352, 0.20733720064163208, 0.36299145221710205, 0.21548141539096832]",,,,
31812,333,-145.24798514200643,150,,mlp,,2574,28588,0,0,2574,28588,0,0,0.0,0.0,True,"[0.19739855825901031, 0.31493380665779114, 0.31646668910980225, 0.1712009310722351]","[0.19739855825901031, 0.31493380665779114, 0.31646668910980225, 0.1712009310722351]",,,,
31970,334,-66.78734271606199,158,,mlp,,2574,28588,0,0,2574,28588,0,0,0.0,0.0,True,"[0.18797490000724792, 0.20259587466716766, 0.4160939157009125, 0.19333527982234955]","[0.18797490000724792, 0.20259587466716766, 0.4160939157009125, 0.19333527982234955]",,,,
32102,335,-79.70688627537429,132,,mlp,,2574,28588,0,0,2574,28588,0,0,0.0,0.0,True,"[0.23103821277618408, 0.19542214274406433, 0.33416250348091125, 0.2393772155046463]","[0.23103821277618408, 0.19542214274406433, 0.33416250348091125, 0.2393772155046463]",,,,
32215,336,-103.26656920606081,113,92.97423553466797,mlp,,2610,29105,0,0,2610,29105,0,0,0.0,0.0,True,"[0.16555488109588623, 0.3187529742717743, 0.38758352398872375, 0.12810856103897095]","[0.16555488109588623, 0.3187529742717743, 0.38758352398872375, 0.12810856103897095]",,,,
32365,337,-318.0976928833803,150,,mlp,,2610,29105,0,0,2610,29105,0,0,0.0,0.0,True,"[0.30184128880500793, 0.1402885764837265, 0.1945621222257614, 0.3633079528808594]","[0.30184128880500793, 0.1402885764837265, 0.1945621222257614, 0.3633079528808594]",,,,
32444,338,-96.2145910899643,79,,mlp,,2610,29105,0,0,2610,29105,0,0,0.0,0.0,True,"[0.228963240981102, 0.1820809692144394, 0.3428715467453003, 0.24608422815799713]","[0.228963240981102, 0.1820809692144394, 0.3428715467453003, 0.24608422815799713]",,,,
32533,339,-143.27756789242017,89,,mlp,,2610,29105,0,0,2610,29105,0,0,0.0,0.0,True,"[0.1972469836473465, 0.19900460541248322, 0.4139002859592438, 0.1898481845855713]","[0.1972469836473465, 0.19900460541248322, 0.4139002859592438, 0.1898481845855713]",,,,
32660,340,-239.50901878418566,127,598.4451904296875,mlp,,2630,29530,0,0,2630,29530,0,0,0.0,0.0,True,"[0.20391954481601715, 0.23763999342918396, 0.3698725700378418, 0.18856793642044067]","[0.20391954481601715, 0.23763999342918396, 0.3698725700378418, 0.18856793642044067]",,,,
32745,341,-89.37149338539407,85,,mlp,,2630,29530,0,0,2630,29530,0,0,0.0,0.0,True,"[0.18215703964233398, 0.2749186158180237, 0.37608036398887634, 0.166843980550766]","[0.18215703964233398, 0.2749186158180237, 0.37608036398887634, 0.166843980550766]",,,,
32859,342,-199.98746460959805,114,,mlp,,2630,29530,0,0,2630,29530,0,0,0.0,0.0,True,"[0.22553598880767822, 0.11628050357103348, 0.3534153997898102, 0.3047681152820587]","[0.22553598880767822, 0.11628050357103348, 0.3534153997898102, 0.3047681152820587]",,,,
32968,343,-152.84417917518044,109,,mlp,,2630,29530,0,0,2630,29530,0,0,0.0,0.0,True,"[0.2118118405342102, 0.19939319789409637, 0.3754872679710388, 0.21330763399600983]","[0.2118118405342102, 0.19939319789409637, 0.3754872679710388, 0.21330763399600983]",,,,
33046,344,-67.3124809306484,78,134.54571533203125,mlp,,2636,29910,0,0,2636,29910,0,0,0.0,0.0,True,"[0.21956543624401093, 0.1845051646232605, 0.35590237379074097, 0.2400270402431488]","[0.21956543624401093, 0.1845051646232605, 0.35590237379074097, 0.2400270402431488]",,,,
33155,345,-147.34338028960423,109,,mlp,,2636,29910,0,0,2636,29910,0,0,0.0,0.0,True,"[0.19087836146354675, 0.27379217743873596, 0.371565580368042, 0.1637638807296753]","[0.19087836146354675, 0.27379217743873596, 0.371565580368042, 0.1637638807296753]",,,,
33265,346,-70.34281352741364,110,,mlp,,2636,29910,0,0,2636,29910,0,0,0.0,0.0,True,"[0.18613886833190918, 0.23217158019542694, 0.3954866826534271, 0.1862027943134308]","[0.18613886833190918, 0.23217158019542694, 0.3954866826534271, 0.1862027943134308]",,,,
33351,347,-24.758122763684156,86,,mlp,,2636,29910,0,0,2636,29910,0,0,0.0,0.0,True,"[0.18291445076465607, 0.23938000202178955, 0.4011392593383789, 0.17656630277633667]","[0.18291445076465607, 0.23938000202178955, 0.4011392593383789, 0.17656630277633667]",,,,
33472,348,-292.3579216034146,121,346.13140869140625,mlp,,2650,30322,0,0,2650,30322,0,0,0.0,0.0,True,"[0.2974008619785309, 0.07668596506118774, 0.2033730000257492, 0.4225401282310486]","[0.2974008619785309, 0.07668596506118774, 0.2033730000257492, 0.4225401282310486]",,,,
33648,349,-178.0401351831851,176,,mlp,,2650,30322,0,0,2650,30322,0,0,0.0,0.0,True,"[0.1640029102563858, 0.24991406500339508, 0.436374694108963, 0.1497083604335785]","[0.1640029102563858, 0.24991406500339508, 0.436374694108963, 0.1497083604335785]",,,,
33764,350,-101.27827437143901,116,,mlp,,2650,30322,0,0,2650,30322,0,0,0.0,0.0,True,"[0.17678457498550415, 0.2317078411579132, 0.43412744998931885, 0.157380148768425]","[0.17678457498550415, 0.2317078411579132, 0.43412744998931885, 0.157380148768425]",,,,
33843,351,-107.25174522873701,79,,mlp,,2650,30322,0,0,2650,30322,0,0,0.0,0.0,True,"[0.2001553177833557, 0.19917066395282745, 0.3960227370262146, 0.20465129613876343]","[0.2001553177833557, 0.19917066395282745, 0.3960227370262146, 0.20465129613876343]",,,,
33931,352,-165.02552222170965,88,250.87322998046875,mlp,,2669,30762,0,0,2669,30762,0,0,0.0,0.0,True,"[0.18073517084121704, 0.24396546185016632, 0.4257063865661621, 0.14959298074245453]","[0.18073517084121704, 0.24396546185016632, 0.4257063865661621, 0.14959298074245453]",,,,
34052,353,-252.50929752874345,121,,mlp,,2669,30762,0,0,2669,30762,0,0,0.0,0.0,True,"[0.08281780779361725, 0.44958409667015076, 0.4372060000896454, 0.030392108485102654]","[0.08281780779361725, 0.44958409667015076, 0.4372060000896454, 0.030392108485102654]",,,,
34115,354,-48.70065202233741,63,,mlp,,2669,30762,0,0,2669,30762,0,0,0.0,0.0,True,"[0.17914865911006927, 0.15709035098552704, 0.461773544549942, 0.2019874006509781]","[0.17914865911006927, 0.15709035098552704, 0.461773544549942, 0.2019874006509781]",,,,
34222,355,-105.5044263388354,107,,mlp,,2669,30762,0,0,2669,30762,0,0,0.0,0.0,True,"[0.17145390808582306, 0.24751463532447815, 0.4222137928009033, 0.1588176041841507]","[0.17145390808582306, 0.24751463532447815, 0.4222137928009033, 0.1588176041841507]",,,,
34314,356,-118.21993001151498,92,227.01422119140625,mlp,,2699,31115,0,0,2699,31115,0,0,0.0,0.0,True,"[0.19665901362895966, 0.17494535446166992, 0.40913692116737366, 0.21925866603851318]","[0.19665901362895966, 0.17494535446166992, 0.40913692116737366, 0.21925866603851318]",,,,
34398,357,-74.50381283849285,84,,mlp,,2699,31115,0,0,2699,31115,0,0,0.0,0.0,True,"[0.17112891376018524, 0.2588498294353485, 0.42326706647872925, 0.1467542201280594]","[0.17112891376018524, 0.2588498294353485, 0.42326706647872925, 0.1467542201280594]",,,,
34519,358,-236.9644050657966,121,,mlp,,2699,31115,0,0,2699,31115,0,0,0.0,0.0,True,"[0.08591224998235703, 0.44191834330558777, 0.43805986642837524, 0.034109555184841156]","[0.08591224998235703, 0.44191834330558777, 0.43805986642837524, 0.034109555184841156]",,,,
34629,359,-132.23099994924976,110,,mlp,,2699,31115,0,0,2699,31115,0,0,0.0,0.0,True,"[0.1898665428161621, 0.2973078489303589, 0.3608771562576294, 0.151948481798172]","[0.1898665428161621, 0.2973078489303589, 0.3608771562576294, 0.151948481798172]",,,,
34701,360,-50.728741823444295,72,206.73526000976562,mlp,,2706,31495,0,0,2706,31495,0,0,0.0,0.0,True,"[0.1802125871181488, 0.23541727662086487, 0.4050890803337097, 0.1792810559272766]","[0.1802125871181488, 0.23541727662086487, 0.4050890803337097, 0.1792810559272766]",,,,
34819,361,-118.90251156741552,118,,mlp,,2706,31495,0,0,2706,31495,0,0,0.0,0.0,True,"[0.18842704594135284, 0.2314334213733673, 0.396712988615036, 0.18342652916908264]","[0.18842704594135284, 0.2314334213733673, 0.396712988615036, 0.18342652916908264]",,,,
34948,362,-388.0675693090044,129,,mlp,,2706,31495,0,0,2706,31495,0,0,0.0,0.0,True,"[0.06534433364868164, 0.48157405853271484, 0.4328688979148865, 0.020212704315781593]","[0.06534433364868164, 0.48157405853271484, 0.4328688979148865, 0.020212704315781593]",,,,
35031,363,-42.66656606379371,83,,mlp,,2706,31495,0,0,2706,31495,0,0,0.0,0.0,True,"[0.187302827835083, 0.17406268417835236, 0.42753517627716064, 0.21109934151172638]","[0.187302827835083, 0.17406268417835236, 0.42753517627716064, 0.21109934151172638]",,,,
35111,364,-112.53594625220376,80,521.2777709960938,mlp,,2746,31865,0,0,2746,31865,0,0,0.0,0.0,True,"[0.1806715428829193, 0.19950270652770996, 0.43354153633117676, 0.18628419935703278]","[0.1806715428829193, 0.19950270652770996, 0.43354153633117676, 0.18628419935703278]",,,,
35247,365,-78.24258457434821,136,,mlp,,2746,31865,0,0,2746,31865,0,0,0.0,0.0,True,"[0.178633913397789, 0.17074830830097198, 0.44447171688079834, 0.20614604651927948]","[0.178633913397789, 0.17074830830097198, 0.44447171688079834, 0.20614604651927948]",,,,
35402,366,-70.85204368948531,155,,mlp,,2746,31865,0,0,2746,31865,0,0,0.0,0.0,True,"[0.17689640820026398, 0.31748026609420776, 0.34614992141723633, 0.15947338938713074]","[0.17689640820026398, 0.31748026609420776, 0.34614992141723633, 0.15947338938713074]",,,,
35539,367,-130.95083307733617,137,,mlp,,2746,31865,0,0,2746,31865,0,0,0.0,0.0,True,"[0.22161990404129028, 0.15103599429130554, 0.332381010055542, 0.29496315121650696]","[0.22161990404129028, 0.15103599429130554, 0.332381010055542, 0.29496315121650696]",,,,
35649,368,-184.15958601431734,110,293.851806640625,mlp,,2761,32388,0,0,2761,32388,0,0,0.0,0.0,True,"[0.15909650921821594, 0.28811872005462646, 0.42880064249038696, 0.12398412823677063]","[0.15909650921821594, 0.28811872005462646, 0.42880064249038696, 0.12398412823677063]",,,,
35765,369,-88.83740204371514,116,,mlp,,2761,32388,0,0,2761,32388,0,0,0.0,0.0,True,"[0.17288142442703247, 0.26746997237205505, 0.39153194427490234, 0.16811662912368774]","[0.17288142442703247, 0.26746997237205505, 0.39153194427490234, 0.16811662912368774]",,,,
35843,370,-76.90000700794994,78,,mlp,,2761,32388,0,0,2761,32388,0,0,0.0,0.0,True,"[0.20094123482704163, 0.1857493817806244, 0.3903466761112213, 0.2229626327753067]","[0.20094123482704163, 0.1857493817806244, 0.3903466761112213, 0.2229626327753067]",,,,
35914,371,-66.12049725025005,71,,mlp,,2761,32388,0,0,2761,32388,0,0,0.0,0.0,True,"[0.18376374244689941, 0.25337883830070496, 0.3928266763687134, 0.17003068327903748]","[0.18376374244689941, 0.25337883830070496, 0.3928266763687134, 0.17003068327903748]",,,,
36042,372,-62.70313254327567,128,141.8587646484375,mlp,,2781,32761,0,0,2781,32761,0,0,0.0,0.0,True,"[0.19033661484718323, 0.25640761852264404, 0.3674216568470001, 0.1858341246843338]","[0.19033661484718323, 0.25640761852264404, 0.3674216568470001, 0.1858341246843338]",,,,
36187,373,-56.81194065502707,145,,mlp,,2781,32761,0,0,2781,32761,0,0,0.0,0.0,True,"[0.17318160831928253, 0.2137698084115982, 0.42996302247047424, 0.1830856204032898]","[0.17318160831928253, 0.2137698084115982, 0.42996302247047424, 0.1830856204032898]",,,,
36275,374,-151.02817020716122,88,,mlp,,2781,32761,0,0,2781,32761,0,0,0.0,0.0,True,"[0.15939448773860931, 0.3294258415699005, 0.3857278823852539, 0.12545178830623627]","[0.15939448773860931, 0.3294258415699005, 0.3857278823852539, 0.12545178830623627]",,,,
36379,375,-84.6269425383379,104,,mlp,,2781,32761,0,0,2781,32761,0,0,0.0,0.0,True,"[0.15519289672374725, 0.27025890350341797, 0.4541362524032593, 0.12041185051202774]","[0.15519289672374725, 0.27025890350341797, 0.4541362524032593, 0.12041185051202774]",,,,
36521,376,-142.91173434849864,142,164.91275024414062,mlp,,2820,33201,0,0,2820,33201,0,0,0.0,0.0,True,"[0.18120335042476654, 0.2925650179386139, 0.36983075737953186, 0.15640084445476532]","[0.18120335042476654, 0.2925650179386139, 0.36983075737953186, 0.15640084445476532]",,,,
36671,377,-155.6956729326799,150,,mlp,,2820,33201,0,0,2820,33201,0,0,0.0,0.0,True,"[0.17748786509037018, 0.13851585984230042, 0.4546758234500885, 0.2293204665184021]","[0.17748786509037018, 0.13851585984230042, 0.4546758234500885, 0.2293204665184021]",,,,
36799,378,-277.1583216869788,128,,mlp,,2820,33201,0,0,2820,33201,0,0,0.0,0.0,True,"[0.06822189688682556, 0.4576086401939392, 0.451298326253891, 0.02287115342915058]","[0.06822189688682556, 0.4576086401939392, 0.451298326253891, 0.02287115342915058]",,,,
36881,379,-131.35605082328354,82,,mlp,,2820,33201,0,0,2820,33201,0,0,0.0,0.0,True,"[0.14794011414051056, 0.2361091822385788, 0.4872376620769501, 0.12871302664279938]","[0.14794011414051056, 0.2361091822385788, 0.4872376620769501, 0.12871302664279938]",,,,
36993,380,-131.21732722068353,112,248.0277099609375,mlp,,2829,33664,0,0,2829,33664,0,0,0.0,0.0,True,"[0.17262497544288635, 0.1718672811985016, 0.4450654089450836, 0.21044233441352844]","[0.17262497544288635, 0.1718672811985016, 0.4450654089450836, 0.21044233441352844]",,,,
37082,381,-109.78522449286547,89,,mlp,,2829,33664,0,0,2829,33664,0,0,0.0,0.0,True,"[0.16934674978256226, 0.16145946085453033, 0.46685054898262024, 0.20234321057796478]","[0.16934674978256226, 0.16145946085453033, 0.46685054898262024, 0.20234321057796478]",,,,
37174,382,-152.3125901009003,92,,mlp,,2829,33664,0,0,2829,33664,0,0,0.0,0.0,True,"[0.13222607970237732, 0.3368936777114868, 0.4358607828617096, 0.09501951932907104]","[0.13222607970237732, 0.3368936777114868, 0.4358607828617096, 0.09501951932907104]",,,,
37298,383,-48.55949909170111,124,,mlp,,2829,33664,0,0,2829,33664,0,0,0.0,0.0,True,"[0.15010373294353485, 0.290835976600647, 0.43677523732185364, 0.12228505313396454]","[0.15010373294353485, 0.290835976600647, 0.43677523732185364, 0.12228505313396454]",,,,
37415,384,-95.3485355748553,117,198.41831970214844,mlp,,2860,34055,0,0,2860,34055,0,0,0.0,0.0,True,"[0.18343017995357513, 0.15951506793498993, 0.4249611794948578, 0.23209349811077118]","[0.18343017995357513, 0.15951506793498993, 0.4249611794948578, 0.23209349811077118]",,,,
37502,385,-136.28540943192806,87,,mlp,,2860,34055,0,0,2860,34055,0,0,0.0,0.0,True,"[0.26079994440078735, 0.08577607572078705, 0.25493958592414856, 0.39848437905311584]","[0.26079994440078735, 0.08577607572078705, 0.25493958592414856, 0.39848437905311584]",,,,
37645,386,-50.58520820871624,143,,mlp,,2860,34055,0,0,2860,34055,0,0,0.0,0.0,True,"[0.21743500232696533, 0.20044848322868347, 0.34341269731521606, 0.23870377242565155]","[0.21743500232696533, 0.20044848322868347, 0.34341269731521606, 0.23870377242565155]",,,,
37802,387,-221.50762646850308,157,,mlp,,2860,34055,0,0,2860,34055,0,0,0.0,0.0,True,"[0.1619575321674347, 0.11255700886249542, 0.4696432054042816, 0.25584226846694946]","[0.1619575321674347, 0.11255700886249542, 0.4696432054042816, 0.25584226846694946]",,,,
38016,388,-16.604454029059326,214,512.3923950195312,mlp,,2873,34643,0,0,2873,34643,0,0,0.0,0.0,True,"[0.16706880927085876, 0.3507457375526428, 0.34481561183929443, 0.13736985623836517]","[0.16706880927085876, 0.3507457375526428, 0.34481561183929443, 0.13736985623836517]",,,,
38091,389,-68.33384109860462,75,,mlp,,2873,34643,0,0,2873,34643,0,0,0.0,0.0,True,"[0.15245872735977173, 0.17767398059368134, 0.5076178908348083, 0.1622494012117386]","[0.15245872735977173, 0.17767398059368134, 0.5076178908348083, 0.1622494012117386]",,,,
38216,390,-139.24053946814706,125,,mlp,,2873,34643,0,0,2873,34643,0,0,0.0,0.0,True,"[0.2026989907026291, 0.1768907606601715, 0.3984851837158203, 0.22192507982254028]","[0.2026989907026291, 0.1768907606601715, 0.3984851837158203, 0.22192507982254028]",,,,
38313,391,-107.21273718617576,97,,mlp,,2873,34643,0,0,2873,34643,0,0,0.0,0.0,True,"[0.1569787561893463, 0.15439970791339874, 0.5143401026725769, 0.17428149282932281]","[0.1569787561893463, 0.15439970791339874, 0.5143401026725769, 0.17428149282932281]",,,,
38443,392,-297.0056086929931,130,252.5974578857422,mlp,,2880,35063,0,0,2880,35063,0,0,0.0,0.0,True,"[0.18090292811393738, 0.07392065227031708, 0.4048237204551697, 0.34035277366638184]","[0.18090292811393738, 0.07392065227031708, 0.4048237204551697, 0.34035277366638184]",,,,
38528,393,-54.055679067560625,85,,mlp,,2880,35063,0,0,2880,35063,0,0,0.0,0.0,True,"[0.1619914323091507, 0.17478695511817932, 0.49431660771369934, 0.16890501976013184]","[0.1619914323091507, 0.17478695511817932, 0.49431660771369934, 0.16890501976013184]",,,,
38650,394,-235.05247783400515,122,,mlp,,2880,35063,0,0,2880,35063,0,0,0.0,0.0,True,"[0.18810349702835083, 0.11550471931695938, 0.4075889587402344, 0.28880277276039124]","[0.18810349702835083, 0.11550471931695938, 0.4075889587402344, 0.28880277276039124]",,,,
38735,395,-50.581327344619595,85,,mlp,,2880,35063,0,0,2880,35063,0,0,0.0,0.0,True,"[0.1636311411857605, 0.22086979448795319, 0.4545347988605499, 0.1609642207622528]","[0.1636311411857605, 0.22086979448795319, 0.4545347988605499, 0.1609642207622528]",,,,
38872,396,-105.91985050479877,137,179.7251739501953,mlp,,2897,35475,0,0,2897,35475,0,0,0.0,0.0,True,"[0.16105833649635315, 0.23284493386745453, 0.46209070086479187, 0.14400607347488403]","[0.16105833649635315, 0.23284493386745453, 0.46209070086479187, 0.14400607347488403]",,,,
39000,397,-125.44675328499419,128,,mlp,,2897,35475,0,0,2897,35475,0,0,0.0,0.0,True,"[0.15759484469890594, 0.1892762929201126, 0.48573413491249084, 0.1673947423696518]","[0.15759484469890594, 0.1892762929201126, 0.48573413491249084, 0.1673947423696518]",,,,
39128,398,-137.78656301436536,128,,mlp,,2897,35475,0,0,2897,35475,0,0,0.0,0.0,True,"[0.1622602343559265, 0.144722118973732, 0.5007468461990356, 0.19227084517478943]","[0.1622602343559265, 0.144722118973732, 0.5007468461990356, 0.19227084517478943]",,,,
39256,399,11.479043560783452,128,,mlp,,2897,35475,0,0,2897,35475,0,0,0.0,0.0,True,"[0.19794617593288422, 0.23007774353027344, 0.3661263883113861, 0.20584970712661743]","[0.19794617593288422, 0.23007774353027344, 0.3661263883113861, 0.20584970712661743]",,,,
39362,400,-174.7631381477151,106,547.6524047851562,mlp,,2905,35957,0,0,2905,35957,0,0,0.0,0.0,True,"[0.17191268503665924, 0.11769482493400574, 0.4680304527282715, 0.24236205220222473]","[0.17191268503665924, 0.11769482493400574, 0.4680304527282715, 0.24236205220222473]",,,,
39441,401,-89.16152415757406,79,,mlp,,2905,35957,0,0,2905,35957,0,0,0.0,0.0,True,"[0.2249743938446045, 0.12896400690078735, 0.3596372604370117, 0.2864243686199188]","[0.2249743938446045, 0.12896400690078735, 0.3596372604370117, 0.2864243686199188]",,,,
39592,402,-90.13291246781537,151,,mlp,,2905,35957,0,0,2905,35957,0,0,0.0,0.0,True,"[0.16096210479736328, 0.29894885420799255, 0.4147510528564453, 0.12533801794052124]","[0.16096210479736328, 0.29894885420799255, 0.4147510528564453, 0.12533801794052124]",,,,
39741,403,-214.81606084747156,149,,mlp,,2905,35957,0,0,2905,35957,0,0,0.0,0.0,True,"[0.1593499481678009, 0.3780035674571991, 0.38233745098114014, 0.08030901849269867]","[0.1593499481678009, 0.3780035674571991, 0.38233745098114014, 0.08030901849269867]",,,,
39940,404,-152.65842410590733,199,268.8663635253906,mlp,,2908,36532,0,0,2908,36532,0,0,0.0,0.0,True,"[0.14726194739341736, 0.2571355700492859, 0.4762439727783203, 0.11935844272375107]","[0.14726194739341736, 0.2571355700492859, 0.4762439727783203, 0.11935844272375107]",,,,
40084,405,-289.868205153111,144,,mlp,,2908,36532,0,0,2908,36532,0,0,0.0,0.0,True,"[0.2479124814271927, 0.07129684835672379, 0.20951007306575775, 0.47128060460090637]","[0.2479124814271927, 0.07129684835672379, 0.20951007306575775, 0.47128060460090637]",,,,
40204,406,-198.88274834757033,120,,mlp,,2908,36532,0,0,2908,36532,0,0,0.0,0.0,True,"[0.2296513170003891, 0.10135763883590698, 0.32127541303634644, 0.3477156162261963]","[0.2296513170003891, 0.10135763883590698, 0.32127541303634644, 0.3477156162261963]",,,,
40336,407,-83.52649621049434,132,,mlp,,2908,36532,0,0,2908,36532,0,0,0.0,0.0,True,"[0.16050879657268524, 0.15779438614845276, 0.4853578209877014, 0.19633902609348297]","[0.16050879657268524, 0.15779438614845276, 0.4853578209877014, 0.19633902609348297]",,,,
40458,408,-295.775310160083,122,491.4912109375,mlp,,2915,37043,0,0,2915,37043,0,0,0.0,0.0,True,"[0.1856839507818222, 0.06852013617753983, 0.3751719295978546, 0.37062400579452515]","[0.1856839507818222, 0.06852013617753983, 0.3751719295978546, 0.37062400579452515]",,,,
40556,409,-62.265166634204846,98,,mlp,,2915,37043,0,0,2915,37043,0,0,0.0,0.0,True,"[0.15166610479354858, 0.16225750744342804, 0.521558940410614, 0.16451741755008698]","[0.15166610479354858, 0.16225750744342804, 0.521558940410614, 0.16451741755008698]",,,,
40689,410,-185.7687156967993,133,,mlp,,2915,37043,0,0,2915,37043,0,0,0.0,0.0,True,"[0.1698012501001358, 0.10707231611013412, 0.45004794001579285, 0.2730785012245178]","[0.1698012501001358, 0.10707231611013412, 0.45004794001579285, 0.2730785012245178]",,,,
40765,411,-75.1971501579383,76,,mlp,,2915,37043,0,0,2915,37043,0,0,0.0,0.0,True,"[0.16876500844955444, 0.127158522605896, 0.49059709906578064, 0.21347935497760773]","[0.16876500844955444, 0.127158522605896, 0.49059709906578064, 0.21347935497760773]",,,,
40888,412,-205.31767843191187,123,209.58358764648438,mlp,,2962,37426,0,0,2962,37426,0,0,0.0,0.0,True,"[0.08473507314920425, 0.38077059388160706, 0.49618130922317505, 0.03831307962536812]","[0.08473507314920425, 0.38077059388160706, 0.49618130922317505, 0.03831307962536812]",,,,
41042,413,-161.90590444600974,154,,mlp,,2962,37426,0,0,2962,37426,0,0,0.0,0.0,True,"[0.16642886400222778, 0.2206311821937561, 0.46388018131256104, 0.14905980229377747]","[0.16642886400222778, 0.2206311821937561, 0.46388018131256104, 0.14905980229377747]",,,,
41201,414,-185.4766327476251,159,,mlp,,2962,37426,0,0,2962,37426,0,0,0.0,0.0,True,"[0.14320102334022522, 0.1391671597957611, 0.5666835308074951, 0.15094834566116333]","[0.14320102334022522, 0.1391671597957611, 0.5666835308074951, 0.15094834566116333]",,,,
41322,415,-149.47783205155747,121,,mlp,,2962,37426,0,0,2962,37426,0,0,0.0,0.0,True,"[0.197503924369812, 0.13790224492549896, 0.4231128394603729, 0.2414810061454773]","[0.197503924369812, 0.13790224492549896, 0.4231128394603729, 0.2414810061454773]",,,,
41410,416,3.9399760001828383,88,159.8748016357422,mlp,,2996,37914,0,0,2996,37914,0,0,0.0,0.0,True,"[0.15565776824951172, 0.21922560036182404, 0.46912163496017456, 0.1559949517250061]","[0.15565776824951172, 0.21922560036182404, 0.46912163496017456, 0.1559949517250061]",,,,
41515,417,-160.58485389427176,105,,mlp,,2996,37914,0,0,2996,37914,0,0,0.0,0.0,True,"[0.19315217435359955, 0.1203024610877037, 0.3973211944103241, 0.289224237203598]","[0.19315217435359955, 0.1203024610877037, 0.3973211944103241, 0.289224237203598]",,,,
41682,418,-158.83165469386194,167,,mlp,,2996,37914,0,0,2996,37914,0,0,0.0,0.0,True,"[0.13205823302268982, 0.09147600084543228, 0.5543009042739868, 0.2221648395061493]","[0.13205823302268982, 0.09147600084543228, 0.5543009042739868, 0.2221648395061493]",,,,
41830,419,-92.76060219914514,148,,mlp,,2996,37914,0,0,2996,37914,0,0,0.0,0.0,True,"[0.15898892283439636, 0.31959983706474304, 0.39364704489707947, 0.12776418030261993]","[0.15898892283439636, 0.31959983706474304, 0.39364704489707947, 0.12776418030261993]",,,,
41944,420,-75.40718654345909,114,381.752685546875,mlp,,3029,38415,0,0,3029,38415,0,0,0.0,0.0,True,"[0.1564258635044098, 0.25245967507362366, 0.451939195394516, 0.1391752064228058]","[0.1564258635044098, 0.25245967507362366, 0.451939195394516, 0.1391752064228058]",,,,
42081,421,-94.330845517747,137,,mlp,,3029,38415,0,0,3029,38415,0,0,0.0,0.0,True,"[0.14740696549415588, 0.18764470517635345, 0.5039201974868774, 0.16102813184261322]","[0.14740696549415588, 0.18764470517635345, 0.5039201974868774, 0.16102813184261322]",,,,
42203,422,-144.18867016867176,122,,mlp,,3029,38415,0,0,3029,38415,0,0,0.0,0.0,True,"[0.20470716059207916, 0.1321403682231903, 0.40724101662635803, 0.2559114098548889]","[0.20470716059207916, 0.1321403682231903, 0.40724101662635803, 0.2559114098548889]",,,,
42314,423,-225.32152445985764,111,,mlp,,3029,38415,0,0,3029,38415,0,0,0.0,0.0,True,"[0.22826437652111053, 0.04417671263217926, 0.23601920902729034, 0.49153971672058105]","[0.22826437652111053, 0.04417671263217926, 0.23601920902729034, 0.49153971672058105]",,,,
42400,424,-150.31079764698245,86,166.13693237304688,mlp,,3038,38862,0,0,3038,38862,0,0,0.0,0.0,True,"[0.15914598107337952, 0.11087214201688766, 0.4852835237979889, 0.24469834566116333]","[0.15914598107337952, 0.11087214201688766, 0.4852835237979889, 0.24469834566116333]",,,,
42536,425,-29.90170485892152,136,,mlp,,3038,38862,0,0,3038,38862,0,0,0.0,0.0,True,"[0.14842382073402405, 0.208587646484375, 0.4871421754360199, 0.15584638714790344]","[0.14842382073402405, 0.208587646484375, 0.4871421754360199, 0.15584638714790344]",,,,
42646,426,-81.28150627043281,110,,mlp,,3038,38862,0,0,3038,38862,0,0,0.0,0.0,True,"[0.2287818044424057, 0.1351529359817505, 0.35639020800590515, 0.27967506647109985]","[0.2287818044424057, 0.1351529359817505, 0.35639020800590515, 0.27967506647109985]",,,,
42806,427,-369.28709324164015,160,,mlp,,3038,38862,0,0,3038,38862,0,0,0.0,0.0,True,"[0.07023267447948456, 0.4895758032798767, 0.41307783126831055, 0.02711370214819908]","[0.07023267447948456, 0.4895758032798767, 0.41307783126831055, 0.02711370214819908]",,,,
42876,428,-49.490526854558624,70,376.834228515625,mlp,,3053,39323,0,0,3053,39323,0,0,0.0,0.0,True,"[0.12438081949949265, 0.17647109925746918, 0.5678050518035889, 0.1313430517911911]","[0.12438081949949265, 0.17647109925746918, 0.5678050518035889, 0.1313430517911911]",,,,
42980,429,-62.874973319216146,104,,mlp,,3053,39323,0,0,3053,39323,0,0,0.0,0.0,True,"[0.13224582374095917, 0.18381553888320923, 0.5401248931884766, 0.14381380379199982]","[0.13224582374095917, 0.18381553888320923, 0.5401248931884766, 0.14381380379199982]",,,,
43097,430,-62.50532101851099,117,,mlp,,3053,39323,0,0,3053,39323,0,0,0.0,0.0,True,"[0.14301708340644836, 0.1507229208946228, 0.5183807611465454, 0.18787920475006104]","[0.14301708340644836, 0.1507229208946228, 0.5183807611465454, 0.18787920475006104]",,,,
43250,431,-201.48585129315848,153,,mlp,,3053,39323,0,0,3053,39323,0,0,0.0,0.0,True,"[0.21117384731769562, 0.048887912184000015, 0.2545333504676819, 0.4854048192501068]","[0.21117384731769562, 0.048887912184000015, 0.2545333504676819, 0.4854048192501068]",,,,
43447,432,-503.5216127336668,197,588.5715942382812,mlp,,3067,39880,0,0,3067,39880,0,0,0.0,0.0,True,"[0.050110168755054474, 0.293889582157135, 0.6364981532096863, 0.01950215734541416]","[0.050110168755054474, 0.293889582157135, 0.6364981532096863, 0.01950215734541416]",,,,
43565,433,-55.954483734803404,118,,mlp,,3067,39880,0,0,3067,39880,0,0,0.0,0.0,True,"[0.1605239063501358, 0.23129527270793915, 0.44616881012916565, 0.1620119959115982]","[0.1605239063501358, 0.23129527270793915, 0.44616881012916565, 0.1620119959115982]",,,,
43660,434,-108.20595897382198,95,,mlp,,3067,39880,0,0,3067,39880,0,0,0.0,0.0,True,"[0.17174158990383148, 0.15873101353645325, 0.4603496789932251, 0.20917776226997375]","[0.17174158990383148, 0.15873101353645325, 0.4603496789932251, 0.20917776226997375]",,,,
43800,435,-153.1842108698397,140,,mlp,,3067,39880,0,0,3067,39880,0,0,0.0,0.0,True,"[0.1533038318157196, 0.11505620926618576, 0.4997793138027191, 0.2318606823682785]","[0.1533038318157196, 0.11505620926618576, 0.4997793138027191, 0.2318606823682785]",,,,
43899,436,-69.88168667187442,99,187.53273010253906,mlp,,3085,40314,0,0,3085,40314,0,0,0.0,0.0,True,"[0.12129799276590347, 0.25296345353126526, 0.5169743895530701, 0.10876414179801941]","[0.12129799276590347, 0.25296345353126526, 0.5169743895530701, 0.10876414179801941]",,,,
44018,437,-98.25356596037948,119,,mlp,,3085,40314,0,0,3085,40314,0,0,0.0,0.0,True,"[0.12077664583921432, 0.2222747802734375, 0.5325166583061218, 0.12443187832832336]","[0.12077664583921432, 0.2222747802734375, 0.5325166583061218, 0.12443187832832336]",,,,
44168,438,-103.4472376722868,150,,mlp,,3085,40314,0,0,3085,40314,0,0,0.0,0.0,True,"[0.13574671745300293, 0.12114883959293365, 0.5301358103752136, 0.2129685878753662]","[0.13574671745300293, 0.12114883959293365, 0.5301358103752136, 0.2129685878753662]",,,,
44370,439,-376.92668898602346,202,,mlp,,3085,40314,0,0,3085,40314,0,0,0.0,0.0,True,"[0.15554770827293396, 0.09327690303325653, 0.42484644055366516, 0.32632890343666077]","[0.15554770827293396, 0.09327690303325653, 0.42484644055366516, 0.32632890343666077]",,,,
44481,440,-115.0268657323001,111,314.07318115234375,mlp,,3090,40891,0,0,3090,40891,0,0,0.0,0.0,True,"[0.21476298570632935, 0.06138068437576294, 0.25873589515686035, 0.46512049436569214]","[0.21476298570632935, 0.06138068437576294, 0.25873589515686035, 0.46512049436569214]",,,,
44612,441,-106.08701343702073,131,,mlp,,3090,40891,0,0,3090,40891,0,0,0.0,0.0,True,"[0.1675082892179489, 0.2218523919582367, 0.43292850255966187, 0.17771080136299133]","[0.1675082892179489, 0.2218523919582367, 0.43292850255966187, 0.17771080136299133]",,,,
44766,442,-144.5333684230713,154,,mlp,,3090,40891,0,0,3090,40891,0,0,0.0,0.0,True,"[0.13600285351276398, 0.10312842577695847, 0.5182046294212341, 0.2426641583442688]","[0.13600285351276398, 0.10312842577695847, 0.5182046294212341, 0.2426641583442688]",,,,
44863,443,-114.48621268400761,97,,mlp,,3090,40891,0,0,3090,40891,0,0,0.0,0.0,True,"[0.05914875119924545, 0.3221494257450104, 0.5844601988792419, 0.03424160182476044]","[0.05914875119924545, 0.3221494257450104, 0.5844601988792419, 0.03424160182476044]",,,,
45028,444,-159.127340687645,165,328.3505859375,mlp,,3118,41410,0,0,3118,41410,0,0,0.0,0.0,True,"[0.06567338109016418, 0.28740039467811584, 0.6059113144874573, 0.041014865040779114]","[0.06567338109016418, 0.28740039467811584, 0.6059113144874573, 0.041014865040779114]",,,,
45127,445,-170.02550149530472,99,,mlp,,3118,41410,0,0,3118,41410,0,0,0.0,0.0,True,"[0.11990437656641006, 0.29988551139831543, 0.4878852367401123, 0.0923248901963234]","[0.11990437656641006, 0.29988551139831543, 0.4878852367401123, 0.0923248901963234]",,,,
45236,446,-104.39100400533461,109,,mlp,,3118,41410,0,0,3118,41410,0,0,0.0,0.0,True,"[0.14934490621089935, 0.2912765145301819, 0.4353267550468445, 0.12405172735452652]","[0.14934490621089935, 0.2912765145301819, 0.4353267550468445, 0.12405172735452652]",,,,
45334,447,-40.05150734004975,98,,mlp,,3118,41410,0,0,3118,41410,0,0,0.0,0.0,True,"[0.16082371771335602, 0.22256255149841309, 0.4456126391887665, 0.17100103199481964]","[0.16082371771335602, 0.22256255149841309, 0.4456126391887665, 0.17100103199481964]",,,,
45507,448,-123.78523966359258,173,144.80987548828125,mlp,,3133,41874,0,0,3133,41874,0,0,0.0,0.0,True,"[0.13431546092033386, 0.12493567168712616, 0.5352113246917725, 0.20553754270076752]","[0.13431546092033386, 0.12493567168712616, 0.5352113246917725, 0.20553754270076752]",,,,
45674,449,14.377922792212019,167,,mlp,,3133,41874,0,0,3133,41874,0,0,0.0,0.0,True,"[0.2025783360004425, 0.21397557854652405, 0.3337630331516266, 0.24968305230140686]","[0.2025783360004425, 0.21397557854652405, 0.3337630331516266, 0.24968305230140686]",,,,
45769,450,-71.90919752963487,95,,mlp,,3133,41874,0,0,3133,41874,0,0,0.0,0.0,True,"[0.12835362553596497, 0.15680816769599915, 0.5521305203437805, 0.16270771622657776]","[0.12835362553596497, 0.15680816769599915, 0.5521305203437805, 0.16270771622657776]",,,,
45892,451,-62.861396799948544,123,,mlp,,3133,41874,0,0,3133,41874,0,0,0.0,0.0,True,"[0.12402480095624924, 0.16223911941051483, 0.5608169436454773, 0.15291911363601685]","[0.12402480095624924, 0.16223911941051483, 0.5608169436454773, 0.15291911363601685]",,,,
45972,452,-48.56784293871695,80,518.5320434570312,mlp,,3140,42332,0,0,3140,42332,0,0,0.0,0.0,True,"[0.12943892180919647, 0.20243744552135468, 0.5425558090209961, 0.12556780874729156]","[0.12943892180919647, 0.20243744552135468, 0.5425558090209961, 0.12556780874729156]",,,,
46088,453,-206.37942425468395,116,,mlp,,3140,42332,0,0,3140,42332,0,0,0.0,0.0,True,"[0.046272289007902145, 0.35542118549346924, 0.5778508186340332, 0.020455675199627876]","[0.046272289007902145, 0.35542118549346924, 0.5778508186340332, 0.020455675199627876]",,,,
46207,454,-192.78670136915707,119,,mlp,,3140,42332,0,0,3140,42332,0,0,0.0,0.0,True,"[0.04926736280322075, 0.40804949402809143, 0.5217039585113525, 0.02097916230559349]","[0.04926736280322075, 0.40804949402809143, 0.5217039585113525, 0.02097916230559349]",,,,
46395,455,-177.37044289608662,188,,mlp,,3140,42332,0,0,3140,42332,0,0,0.0,0.0,True,"[0.19597689807415009, 0.039158839732408524, 0.21769310534000397, 0.5471711754798889]","[0.19597689807415009, 0.039158839732408524, 0.21769310534000397, 0.5471711754798889]",,,,
46530,456,-73.20069156869849,135,175.9084014892578,mlp,,3172,42858,0,0,3172,42858,0,0,0.0,0.0,True,"[0.1168953999876976, 0.22304105758666992, 0.5422477126121521, 0.1178157776594162]","[0.1168953999876976, 0.22304105758666992, 0.5422477126121521, 0.1178157776594162]",,,,
46642,457,-336.3682507005085,112,,mlp,,3172,42858,0,0,3172,42858,0,0,0.0,0.0,True,"[0.06948675215244293, 0.40843164920806885, 0.48893067240715027, 0.033150866627693176]","[0.06948675215244293, 0.40843164920806885, 0.48893067240715027, 0.033150866627693176]",,,,
46731,458,-156.56978119289386,89,,mlp,,3172,42858,0,0,3172,42858,0,0,0.0,0.0,True,"[0.06942341476678848, 0.32387226819992065, 0.5653322339057922, 0.04137204587459564]","[0.06942341476678848, 0.32387226819992065, 0.5653322339057922, 0.04137204587459564]",,,,
46868,459,-222.37799605839388,137,,mlp,,3172,42858,0,0,3172,42858,0,0,0.0,0.0,True,"[0.053171977400779724, 0.4168722629547119, 0.5097604393959045, 0.020195279270410538]","[0.053171977400779724, 0.4168722629547119, 0.5097604393959045, 0.020195279270410538]",,,,
47027,460,-152.73719026785608,159,652.5781860351562,mlp,,3215,43312,0,0,3215,43312,0,0,0.0,0.0,True,"[0.2132057547569275, 0.09449738264083862, 0.24226950109004974, 0.45002734661102295]","[0.2132057547569275, 0.09449738264083862, 0.24226950109004974, 0.45002734661102295]",,,,
47151,461,-132.4689809113237,124,,mlp,,3215,43312,0,0,3215,43312,0,0,0.0,0.0,True,"[0.1475716531276703, 0.23942698538303375, 0.47187575697898865, 0.1411256194114685]","[0.1475716531276703, 0.23942698538303375, 0.47187575697898865, 0.1411256194114685]",,,,
47249,462,-51.182868326615846,98,,mlp,,3215,43312,0,0,3215,43312,0,0,0.0,0.0,True,"[0.1159728541970253, 0.23785445094108582, 0.5409935712814331, 0.10517919808626175]","[0.1159728541970253, 0.23785445094108582, 0.5409935712814331, 0.10517919808626175]",,,,
47385,463,-88.35247045770186,136,,mlp,,3215,43312,0,0,3215,43312,0,0,0.0,0.0,True,"[0.1450696438550949, 0.23816341161727905, 0.4686679542064667, 0.14809900522232056]","[0.1450696438550949, 0.23816341161727905, 0.4686679542064667, 0.14809900522232056]",,,,
47509,464,-101.87286690397599,124,94.9801025390625,mlp,,3220,43789,0,0,3220,43789,0,0,0.0,0.0,True,"[0.16172873973846436, 0.18444950878620148, 0.4637407958507538, 0.19008098542690277]","[0.16172873973846436, 0.18444950878620148, 0.4637407958507538, 0.19008098542690277]",,,,
47607,465,-41.796339445990355,98,,mlp,,3220,43789,0,0,3220,43789,0,0,0.0,0.0,True,"[0.11636868864297867, 0.23764924705028534, 0.5314128994941711, 0.11456919461488724]","[0.11636868864297867, 0.23764924705028534, 0.5314128994941711, 0.11456919461488724]",,,,
47716,466,-90.65081824702588,109,,mlp,,3220,43789,0,0,3220,43789,0,0,0.0,0.0,True,"[0.12038971483707428, 0.13856014609336853, 0.5703823566436768, 0.170667827129364]","[0.12038971483707428, 0.13856014609336853, 0.5703823566436768, 0.170667827129364]",,,,
47847,467,-285.93172712146725,131,,mlp,,3220,43789,0,0,3220,43789,0,0,0.0,0.0,True,"[0.08369690179824829, 0.47365692257881165, 0.40695446729660034, 0.0356917679309845]","[0.08369690179824829, 0.47365692257881165, 0.40695446729660034, 0.0356917679309845]",,,,
47969,468,-100.72048993205411,122,385.2343444824219,mlp,,3274,44195,0,0,3274,44195,0,0,0.0,0.0,True,"[0.11184573173522949, 0.23065830767154694, 0.5548800230026245, 0.10261591523885727]","[0.11184573173522949, 0.23065830767154694, 0.5548800230026245, 0.10261591523885727]",,,,
48130,469,-212.15521911265805,161,,mlp,,3274,44195,0,0,3274,44195,0,0,0.0,0.0,True,"[0.05196872353553772, 0.49330082535743713, 0.4346241056919098, 0.020106421783566475]","[0.05196872353553772, 0.49330082535743713, 0.4346241056919098, 0.020106421783566475]",,,,
48253,470,-162.30934391496555,123,,mlp,,3274,44195,0,0,3274,44195,0,0,0.0,0.0,True,"[0.18934310972690582, 0.04593474790453911, 0.2127903699874878, 0.5519317388534546]","[0.18934310972690582, 0.04593474790453911, 0.2127903699874878, 0.5519317388534546]",,,,
48354,471,-90.75595534029594,101,,mlp,,3274,44195,0,0,3274,44195,0,0,0.0,0.0,True,"[0.15125900506973267, 0.19409702718257904, 0.47990676760673523, 0.17473717033863068]","[0.15125900506973267, 0.19409702718257904, 0.47990676760673523, 0.17473717033863068]",,,,
48490,472,-82.1311129529816,136,196.96609497070312,mlp,,3318,44672,0,0,3318,44672,0,0,0.0,0.0,True,"[0.1536180078983307, 0.21928773820400238, 0.45674630999565125, 0.1703479290008545]","[0.1536180078983307, 0.21928773820400238, 0.45674630999565125, 0.1703479290008545]",,,,
48582,473,-42.541511595214615,92,,mlp,,3318,44672,0,0,3318,44672,0,0,0.0,0.0,True,"[0.2074691653251648, 0.14857390522956848, 0.35039177536964417, 0.29356515407562256]","[0.2074691653251648, 0.14857390522956848, 0.35039177536964417, 0.29356515407562256]",,,,
48661,474,-76.02863636081162,79,,mlp,,3318,44672,0,0,3318,44672,0,0,0.0,0.0,True,"[0.10418199002742767, 0.23086869716644287, 0.5665832757949829, 0.09836604446172714]","[0.10418199002742767, 0.23086869716644287, 0.5665832757949829, 0.09836604446172714]",,,,
48786,475,0.020564227039798766,125,,mlp,,3318,44672,0,0,3318,44672,0,0,0.0,0.0,True,"[0.1339791715145111, 0.2805137038230896, 0.44831472635269165, 0.13719236850738525]","[0.1339791715145111, 0.2805137038230896, 0.44831472635269165, 0.13719236850738525]",,,,
48889,476,-133.58354918619074,103,433.0113525390625,mlp,,3348,45041,0,0,3348,45041,0,0,0.0,0.0,True,"[0.12706604599952698, 0.12238913029432297, 0.5330700874328613, 0.21747471392154694]","[0.12706604599952698, 0.12238913029432297, 0.5330700874328613, 0.21747471392154694]",,,,
48998,477,-63.170808242933575,109,,mlp,,3348,45041,0,0,3348,45041,0,0,0.0,0.0,True,"[0.12800203263759613, 0.15911146998405457, 0.5230615735054016, 0.18982501327991486]","[0.12800203263759613, 0.15911146998405457, 0.5230615735054016, 0.18982501327991486]",,,,
49175,478,-176.59630604304516,177,,mlp,,3348,45041,0,0,3348,45041,0,0,0.0,0.0,True,"[0.14897140860557556, 0.13145793974399567, 0.4707620143890381, 0.2488086223602295]","[0.14897140860557556, 0.13145793974399567, 0.4707620143890381, 0.2488086223602295]",,,,
49299,479,0.5166785164928029,124,,mlp,,3348,45041,0,0,3348,45041,0,0,0.0,0.0,True,"[0.13576564192771912, 0.2818555533885956, 0.4373301863670349, 0.14504855871200562]","[0.13576564192771912, 0.2818555533885956, 0.4373301863670349, 0.14504855871200562]",,,,
49455,480,-37.876977300341366,156,208.9452667236328,mlp,,3360,45595,0,0,3360,45595,0,0,0.0,0.0,True,"[0.14666463434696198, 0.18183781206607819, 0.4803412854671478, 0.19115625321865082]","[0.14666463434696198, 0.18183781206607819, 0.4803412854671478, 0.19115625321865082]",,,,
49607,481,-210.33531555357,152,,mlp,,3360,45595,0,0,3360,45595,0,0,0.0,0.0,True,"[0.032428525388240814, 0.4467443525791168, 0.5081532001495361, 0.01267390325665474]","[0.032428525388240814, 0.4467443525791168, 0.5081532001495361, 0.01267390325665474]",,,,
49759,482,-122.54584355431402,152,,mlp,,3360,45595,0,0,3360,45595,0,0,0.0,0.0,True,"[0.12092126160860062, 0.3081406354904175, 0.46260422468185425, 0.10833389312028885]","[0.12092126160860062, 0.3081406354904175, 0.46260422468185425, 0.10833389312028885]",,,,
49902,483,-106.24555772499345,143,,mlp,,3360,45595,0,0,3360,45595,0,0,0.0,0.0,True,"[0.09876794368028641, 0.13966815173625946, 0.6250737309455872, 0.13649015128612518]","[0.09876794368028641, 0.13966815173625946, 0.6250737309455872, 0.13649015128612518]",,,,
49990,484,-42.824259079811625,88,377.0233459472656,mlp,,3390,46100,0,0,3390,46100,0,0,0.0,0.0,True,"[0.158944770693779, 0.24937795102596283, 0.4265657067298889, 0.16511157155036926]","[0.158944770693779, 0.24937795102596283, 0.4265657067298889, 0.16511157155036926]",,,,
50090,485,-106.29452738913609,100,,mlp,,3390,46100,0,0,3390,46100,0,0,0.0,0.0,True,"[0.1523139476776123, 0.1953076720237732, 0.4710969626903534, 0.18128137290477753]","[0.1523139476776123, 0.1953076720237732, 0.4710969626903534, 0.18128137290477753]",,,,
50173,486,-109.50688228675425,83,,mlp,,3390,46100,0,0,3390,46100,0,0,0.0,0.0,True,"[0.1251179426908493, 0.13987839221954346, 0.5369997024536133, 0.19800403714179993]","[0.1251179426908493, 0.13987839221954346, 0.5369997024536133, 0.19800403714179993]",,,,
50355,487,-167.33612693092908,182,,mlp,,3390,46100,0,0,3390,46100,0,0,0.0,0.0,True,"[0.10321038216352463, 0.20118673145771027, 0.5830636024475098, 0.11253931373357773]","[0.10321038216352463, 0.20118673145771027, 0.5830636024475098, 0.11253931373357773]",,,,
50461,488,-103.12998833770641,106,395.42901611328125,mlp,,3428,46533,0,0,3428,46533,0,0,0.0,0.0,True,"[0.13677522540092468, 0.13526223599910736, 0.5073971152305603, 0.22056542336940765]","[0.13677522540092468, 0.13526223599910736, 0.5073971152305603, 0.22056542336940765]",,,,
50605,489,-146.52661594254414,144,,mlp,,3428,46533,0,0,3428,46533,0,0,0.0,0.0,True,"[0.11584211885929108, 0.1838652342557907, 0.5622947216033936, 0.13799798488616943]","[0.11584211885929108, 0.1838652342557907, 0.5622947216033936, 0.13799798488616943]",,,,
50750,490,-415.7181832423087,145,,mlp,,3428,46533,0,0,3428,46533,0,0,0.0,0.0,True,"[0.05563607066869736, 0.5201618075370789, 0.403543621301651, 0.020658547058701515]","[0.05563607066869736, 0.5201618075370789, 0.403543621301651, 0.020658547058701515]",,,,
50832,491,-11.282699954607708,82,,mlp,,3428,46533,0,0,3428,46533,0,0,0.0,0.0,True,"[0.10666102170944214, 0.21612714231014252, 0.5597032308578491, 0.11750859022140503]","[0.10666102170944214, 0.21612714231014252, 0.5597032308578491, 0.11750859022140503]",,,,
50985,492,-171.72357116447216,153,669.347412109375,mlp,,3439,47046,0,0,3439,47046,0,0,0.0,0.0,True,"[0.16646601259708405, 0.02607329562306404, 0.18200886249542236, 0.6254518628120422]","[0.16646601259708405, 0.02607329562306404, 0.18200886249542236, 0.6254518628120422]",,,,
51082,493,-122.88954558604327,97,,mlp,,3439,47046,0,0,3439,47046,0,0,0.0,0.0,True,"[0.14194677770137787, 0.11005999892950058, 0.46854278445243835, 0.2794504463672638]","[0.14194677770137787, 0.11005999892950058, 0.46854278445243835, 0.2794504463672638]",,,,
51294,494,-81.558845989395,212,,mlp,,3439,47046,0,0,3439,47046,0,0,0.0,0.0,True,"[0.1361324042081833, 0.14598055183887482, 0.4900757372379303, 0.2278112918138504]","[0.1361324042081833, 0.14598055183887482, 0.4900757372379303, 0.2278112918138504]",,,,
51386,495,-71.11657522697837,92,,mlp,,3439,47046,0,0,3439,47046,0,0,0.0,0.0,True,"[0.12102968245744705, 0.19912733137607574, 0.5356612205505371, 0.14418184757232666]","[0.12102968245744705, 0.19912733137607574, 0.5356612205505371, 0.14418184757232666]",,,,
51495,496,-126.15814083989444,109,130.04139709472656,mlp,,3448,47547,0,0,3448,47547,0,0,0.0,0.0,True,"[0.11241292953491211, 0.20910386741161346, 0.5552588701248169, 0.12322431057691574]","[0.11241292953491211, 0.20910386741161346, 0.5552588701248169, 0.12322431057691574]",,,,
51583,497,-81.55876970791867,88,,mlp,,3448,47547,0,0,3448,47547,0,0,0.0,0.0,True,"[0.09367483854293823, 0.2908414304256439, 0.5392366647720337, 0.07624705135822296]","[0.09367483854293823, 0.2908414304256439, 0.5392366647720337, 0.07624705135822296]",,,,
51795,498,-129.6968806305792,212,,mlp,,3448,47547,0,0,3448,47547,0,0,0.0,0.0,True,"[0.11617577075958252, 0.31085318326950073, 0.47506582736968994, 0.0979052484035492]","[0.11617577075958252, 0.31085318326950073, 0.47506582736968994, 0.0979052484035492]",,,,
51901,499,-162.64240656609581,106,,mlp,,3448,47547,0,0,3448,47547,0,0,0.0,0.0,True,"[0.09500222653150558, 0.4527975022792816, 0.40534111857414246, 0.0468592569231987]","[0.09500222653150558, 0.4527975022792816, 0.40534111857414246, 0.0468592569231987]",,,,
52037,500,-78.43943948534472,136,297.6135559082031,mlp,,3483,48054,0,0,3483,48054,0,0,0.0,0.0,True,"[0.17817695438861847, 0.1393911987543106, 0.39768660068511963, 0.2847452461719513]","[0.17817695438861847, 0.1393911987543106, 0.39768660068511963, 0.2847452461719513]",,,,
52215,501,-40.68055793649941,178,,mlp,,3483,48054,0,0,3483,48054,0,0,0.0,0.0,True,"[0.18933457136154175, 0.19191740453243256, 0.3782828748226166, 0.24046510457992554]","[0.18933457136154175, 0.19191740453243256, 0.3782828748226166, 0.24046510457992554]",,,,
52335,502,-70.63850192600484,120,,mlp,,3483,48054,0,0,3483,48054,0,0,0.0,0.0,True,"[0.13999409973621368, 0.1765734851360321, 0.492380291223526, 0.19105206429958344]","[0.13999409973621368, 0.1765734851360321, 0.492380291223526, 0.19105206429958344]",,,,
52430,503,-32.18170323928618,95,,mlp,,3483,48054,0,0,3483,48054,0,0,0.0,0.0,True,"[0.10945013165473938, 0.202239528298378, 0.556524932384491, 0.13178543746471405]","[0.10945013165473938, 0.202239528298378, 0.556524932384491, 0.13178543746471405]",,,,
52502,504,-78.56984085355552,72,180.637939453125,mlp,,3510,48492,0,0,3510,48492,0,0,0.0,0.0,True,"[0.10610632598400116, 0.1972261369228363, 0.5738504528999329, 0.12281705439090729]","[0.10610632598400116, 0.1972261369228363, 0.5738504528999329, 0.12281705439090729]",,,,
52607,505,-72.87427508949946,105,,mlp,,3510,48492,0,0,3510,48492,0,0,0.0,0.0,True,"[0.11579960584640503, 0.15828868746757507, 0.5652511715888977, 0.16066059470176697]","[0.11579960584640503, 0.15828868746757507, 0.5652511715888977, 0.16066059470176697]",,,,
52731,506,-30.762414772966395,124,,mlp,,3510,48492,0,0,3510,48492,0,0,0.0,0.0,True,"[0.12421084195375443, 0.17620593309402466, 0.5288141369819641, 0.17076914012432098]","[0.12421084195375443, 0.17620593309402466, 0.5288141369819641, 0.17076914012432098]",,,,
52847,507,-48.48072763158581,116,,mlp,,3510,48492,0,0,3510,48492,0,0,0.0,0.0,True,"[0.09274031221866608, 0.25830188393592834, 0.5536975860595703, 0.09526021033525467]","[0.09274031221866608, 0.25830188393592834, 0.5536975860595703, 0.09526021033525467]",,,,
52962,508,-116.19654278368333,115,158.7138214111328,mlp,,3549,48913,0,0,3549,48913,0,0,0.0,0.0,True,"[0.08927640318870544, 0.39032337069511414, 0.4626399576663971, 0.057760242372751236]","[0.08927640318870544, 0.39032337069511414, 0.4626399576663971, 0.057760242372751236]",,,,
53037,509,-98.44201911488834,75,,mlp,,3549,48913,0,0,3549,48913,0,0,0.0,0.0,True,"[0.13077908754348755, 0.1072082668542862, 0.4959811270236969, 0.2660315930843353]","[0.13077908754348755, 0.1072082668542862, 0.4959811270236969, 0.2660315930843353]",,,,
53151,510,-80.01088209417469,114,,mlp,,3549,48913,0,0,3549,48913,0,0,0.0,0.0,True,"[0.09788379818201065, 0.13995462656021118, 0.6257817149162292, 0.1363798975944519]","[0.09788379818201065, 0.13995462656021118, 0.6257817149162292, 0.1363798975944519]",,,,
53280,511,-30.95504296158549,129,,mlp,,3549,48913,0,0,3549,48913,0,0,0.0,0.0,True,"[0.09850530326366425, 0.18405082821846008, 0.5866833925247192, 0.13076049089431763]","[0.09850530326366425, 0.18405082821846008, 0.5866833925247192, 0.13076049089431763]",,,,
53373,512,-101.54754014319539,93,112.76240539550781,mlp,,3556,49317,0,0,3556,49317,0,0,0.0,0.0,True,"[0.12297867983579636, 0.12653042376041412, 0.5235974192619324, 0.22689346969127655]","[0.12297867983579636, 0.12653042376041412, 0.5235974192619324, 0.22689346969127655]",,,,
53532,513,-30.992738288831177,159,,mlp,,3556,49317,0,0,3556,49317,0,0,0.0,0.0,True,"[0.1142508015036583, 0.16432058811187744, 0.5660969018936157, 0.15533168613910675]","[0.1142508015036583, 0.16432058811187744, 0.5660969018936157, 0.15533168613910675]",,,,
53675,514,-34.20213061181745,143,,mlp,,3556,49317,0,0,3556,49317,0,0,0.0,0.0,True,"[0.11190757155418396, 0.19040721654891968, 0.5532503128051758, 0.14443489909172058]","[0.11190757155418396, 0.19040721654891968, 0.5532503128051758, 0.14443489909172058]",,,,
53799,515,-197.26407067381294,124,,mlp,,3556,49317,0,0,3556,49317,0,0,0.0,0.0,True,"[0.02814311534166336, 0.5338331460952759, 0.4270939826965332, 0.010929831303656101]","[0.02814311534166336, 0.5338331460952759, 0.4270939826965332, 0.010929831303656101]",,,,
53930,516,-253.9290411648489,131,239.37295532226562,mlp,,3568,49862,0,0,3568,49862,0,0,0.0,0.0,True,"[0.009265191853046417, 0.6084489822387695, 0.3800358176231384, 0.002250024816021323]","[0.009265191853046417, 0.6084489822387695, 0.3800358176231384, 0.002250024816021323]",,,,
54015,517,-93.95227231079596,85,,mlp,,3568,49862,0,0,3568,49862,0,0,0.0,0.0,True,"[0.11997198313474655, 0.15118488669395447, 0.5364348888397217, 0.19240818917751312]","[0.11997198313474655, 0.15118488669395447, 0.5364348888397217, 0.19240818917751312]",,,,
54131,518,-39.4559608618441,116,,mlp,,3568,49862,0,0,3568,49862,0,0,0.0,0.0,True,"[0.19011560082435608, 0.1529439240694046, 0.357734739780426, 0.2992057204246521]","[0.19011560082435608, 0.1529439240694046, 0.357734739780426, 0.2992057204246521]",,,,
54301,519,-143.53839026107423,170,,mlp,,3568,49862,0,0,3568,49862,0,0,0.0,0.0,True,"[0.11824288219213486, 0.11388234049081802, 0.5379313230514526, 0.22994336485862732]","[0.11824288219213486, 0.11388234049081802, 0.5379313230514526, 0.22994336485862732]",,,,
54440,520,-120.6926112758521,139,92.13152313232422,mlp,,3573,50367,0,0,3573,50367,0,0,0.0,0.0,True,"[0.1329975575208664, 0.19899331033229828, 0.5081840753555298, 0.15982508659362793]","[0.1329975575208664, 0.19899331033229828, 0.5081840753555298, 0.15982508659362793]",,,,
54532,521,-74.10515131641793,92,,mlp,,3573,50367,0,0,3573,50367,0,0,0.0,0.0,True,"[0.16271165013313293, 0.17135480046272278, 0.4455784559249878, 0.2203551083803177]","[0.16271165013313293, 0.17135480046272278, 0.4455784559249878, 0.2203551083803177]",,,,
54654,522,-72.11320961232525,122,,mlp,,3573,50367,0,0,3573,50367,0,0,0.0,0.0,True,"[0.14344558119773865, 0.2400311678647995, 0.45269209146499634, 0.16383111476898193]","[0.14344558119773865, 0.2400311678647995, 0.45269209146499634, 0.16383111476898193]",,,,
54810,523,-96.76780847578223,156,,mlp,,3573,50367,0,0,3573,50367,0,0,0.0,0.0,True,"[0.0737052783370018, 0.35454806685447693, 0.515988290309906, 0.055758364498615265]","[0.0737052783370018, 0.35454806685447693, 0.515988290309906, 0.055758364498615265]",,,,
54961,524,-236.3561511544097,151,251.41824340820312,mlp,,3586,50875,0,0,3586,50875,0,0,0.0,0.0,True,"[0.03332995995879173, 0.5067500472068787, 0.4443052411079407, 0.015614798292517662]","[0.03332995995879173, 0.5067500472068787, 0.4443052411079407, 0.015614798292517662]",,,,
55072,525,-16.486184233666577,111,,mlp,,3586,50875,0,0,3586,50875,0,0,0.0,0.0,True,"[0.1858188360929489, 0.18383198976516724, 0.3590259253978729, 0.27132320404052734]","[0.1858188360929489, 0.18383198976516724, 0.3590259253978729, 0.27132320404052734]",,,,
55175,526,-172.48492738035924,103,,mlp,,3586,50875,0,0,3586,50875,0,0,0.0,0.0,True,"[0.07223818451166153, 0.5479310750961304, 0.3427824378013611, 0.03704827278852463]","[0.07223818451166153, 0.5479310750961304, 0.3427824378013611, 0.03704827278852463]",,,,
55311,527,-42.475417881536046,136,,mlp,,3586,50875,0,0,3586,50875,0,0,0.0,0.0,True,"[0.1748867928981781, 0.17346875369548798, 0.4130275547504425, 0.23861688375473022]","[0.1748867928981781, 0.17346875369548798, 0.4130275547504425, 0.23861688375473022]",,,,
55451,528,-96.18117444987556,140,248.0535125732422,mlp,,3611,51340,0,0,3611,51340,0,0,0.0,0.0,True,"[0.09877189248800278, 0.18978339433670044, 0.5965351462364197, 0.11490955948829651]","[0.09877189248800278, 0.18978339433670044, 0.5965351462364197, 0.11490955948829651]",,,,
55613,529,-263.6971852503284,162,,mlp,,3611,51340,0,0,3611,51340,0,0,0.0,0.0,True,"[0.0588659942150116, 0.5820429921150208, 0.33518341183662415, 0.023907586932182312]","[0.0588659942150116, 0.5820429921150208, 0.33518341183662415, 0.023907586932182312]",,,,
55697,530,-68.5923389763436,84,,mlp,,3611,51340,0,0,3611,51340,0,0,0.0,0.0,True,"[0.12503820657730103, 0.21677736937999725, 0.5288212299346924, 0.12936313450336456]","[0.12503820657730103, 0.21677736937999725, 0.5288212299346924, 0.12936313450336456]",,,,
55837,531,-169.47387963128728,140,,mlp,,3611,51340,0,0,3611,51340,0,0,0.0,0.0,True,"[0.06658653914928436, 0.4281363785266876, 0.4664197266101837, 0.038857366889715195]","[0.06658653914928436, 0.4281363785266876, 0.4664197266101837, 0.038857366889715195]",,,,
55973,532,-104.03812419027987,136,352.32843017578125,mlp,,3627,51846,0,0,3627,51846,0,0,0.0,0.0,True,"[0.08978351950645447, 0.34624040126800537, 0.487059086561203, 0.07691703736782074]","[0.08978351950645447, 0.34624040126800537, 0.487059086561203, 0.07691703736782074]",,,,
56077,533,-83.77786045138481,104,,mlp,,3627,51846,0,0,3627,51846,0,0,0.0,0.0,True,"[0.12193562090396881, 0.2966477572917938, 0.46473395824432373, 0.11668263375759125]","[0.12193562090396881, 0.2966477572917938, 0.46473395824432373, 0.11668263375759125]",,,,
56218,534,-80.87557306255484,141,,mlp,,3627,51846,0,0,3627,51846,0,0,0.0,0.0,True,"[0.0996372327208519, 0.3183490037918091, 0.48965808749198914, 0.0923556238412857]","[0.0996372327208519, 0.3183490037918091, 0.48965808749198914, 0.0923556238412857]",,,,
56633,535,-190.85039253278924,415,,mlp,,3627,51846,0,0,3627,51846,0,0,0.0,0.0,True,"[0.17913872003555298, 0.06459557265043259, 0.21034806966781616, 0.5459176301956177]","[0.17913872003555298, 0.06459557265043259, 0.21034806966781616, 0.5459176301956177]",,,,
56733,536,-101.67197807890642,100,293.3234558105469,mlp,,4427,51846,0,0,4427,51846,0,0,0.0,0.0,True,"[0.12367463856935501, 0.10383615642786026, 0.5093204379081726, 0.2631688117980957]","[0.12367463856935501, 0.10383615642786026, 0.5093204379081726, 0.2631688117980957]",,,,
56897,537,30.270396090242258,164,,mlp,,4427,51846,0,0,4427,51846,0,0,0.0,0.0,True,"[0.13456317782402039, 0.24172353744506836, 0.4576999843120575, 0.16601340472698212]","[0.13456317782402039, 0.24172353744506836, 0.4576999843120575, 0.16601340472698212]",,,,
57057,538,-61.5333767072251,160,,mlp,,4427,51846,0,0,4427,51846,0,0,0.0,0.0,True,"[0.13157784938812256, 0.3442830741405487, 0.3938961625099182, 0.13024289906024933]","[0.13157784938812256, 0.3442830741405487, 0.3938961625099182, 0.13024289906024933]",,,,
57212,539,-217.25523385968495,155,,mlp,,4427,51846,0,0,4427,51846,0,0,0.0,0.0,True,"[0.17818889021873474, 0.05769885331392288, 0.18739727139472961, 0.5767149925231934]","[0.17818889021873474, 0.05769885331392288, 0.18739727139472961, 0.5767149925231934]",,,,
57301,540,-51.67771515742736,89,567.1510620117188,mlp,,4434,52367,0,0,4434,52367,0,0,0.0,0.0,True,"[0.10795889794826508, 0.14926239848136902, 0.5558968782424927, 0.1868818998336792]","[0.10795889794826508, 0.14926239848136902, 0.5558968782424927, 0.1868818998336792]",,,,
57483,541,-58.895743147824334,182,,mlp,,4434,52367,0,0,4434,52367,0,0,0.0,0.0,True,"[0.1194658875465393, 0.18877118825912476, 0.5191926956176758, 0.17257025837898254]","[0.1194658875465393, 0.18877118825912476, 0.5191926956176758, 0.17257025837898254]",,,,
57648,542,-305.3776096117305,165,,mlp,,4434,52367,0,0,4434,52367,0,0,0.0,0.0,True,"[0.11364597827196121, 0.015513903461396694, 0.09868525713682175, 0.7721548676490784]","[0.11364597827196121, 0.015513903461396694, 0.09868525713682175, 0.7721548676490784]",,,,
57766,543,-59.751795626152806,118,,mlp,,4434,52367,0,0,4434,52367,0,0,0.0,0.0,True,"[0.09599773585796356, 0.25538796186447144, 0.5371395945549011, 0.11147470027208328]","[0.09599773585796356, 0.25538796186447144, 0.5371395945549011, 0.11147470027208328]",,,,
57853,544,-36.649239397363345,87,245.09864807128906,mlp,,4438,52915,0,0,4438,52915,0,0,0.0,0.0,True,"[0.12055260688066483, 0.21721899509429932, 0.5136367082595825, 0.14859162271022797]","[0.12055260688066483, 0.21721899509429932, 0.5136367082595825, 0.14859162271022797]",,,,
57995,545,-200.64217396010451,142,,mlp,,4438,52915,0,0,4438,52915,0,0,0.0,0.0,True,"[0.11781014502048492, 0.01790371723473072, 0.13664548099040985, 0.7276406288146973]","[0.11781014502048492, 0.01790371723473072, 0.13664548099040985, 0.7276406288146973]",,,,
58069,546,-58.384777323069954,74,,mlp,,4438,52915,0,0,4438,52915,0,0,0.0,0.0,True,"[0.10759568214416504, 0.1646331548690796, 0.5567243099212646, 0.17104686796665192]","[0.10759568214416504, 0.1646331548690796, 0.5567243099212646, 0.17104686796665192]",,,,
58157,547,-54.666696596511414,88,,mlp,,4438,52915,0,0,4438,52915,0,0,0.0,0.0,True,"[0.11837571859359741, 0.15130764245986938, 0.5275232791900635, 0.20279331505298615]","[0.11837571859359741, 0.15130764245986938, 0.5275232791900635, 0.20279331505298615]",,,,
58292,548,-38.21761571219301,135,199.5518035888672,mlp,,4450,53342,0,0,4450,53342,0,0,0.0,0.0,True,"[0.1160622090101242, 0.3555337190628052, 0.4039199650287628, 0.1244841143488884]","[0.1160622090101242, 0.3555337190628052, 0.4039199650287628, 0.1244841143488884]",,,,
58360,549,-92.05677277156127,68,,mlp,,4450,53342,0,0,4450,53342,0,0,0.0,0.0,True,"[0.11372365057468414, 0.21540088951587677, 0.5339107513427734, 0.13696475327014923]","[0.11372365057468414, 0.21540088951587677, 0.5339107513427734, 0.13696475327014923]",,,,
58502,550,-52.00050964072055,142,,mlp,,4450,53342,0,0,4450,53342,0,0,0.0,0.0,True,"[0.14475186169147491, 0.16110444068908691, 0.45738184452056885, 0.2367618829011917]","[0.14475186169147491, 0.16110444068908691, 0.45738184452056885, 0.2367618829011917]",,,,
59502,551,-33.83233986395278,1000,,mlp,,4450,53342,0,0,4450,53342,0,0,0.0,0.0,True,"[0.19095702469348907, 0.21219930052757263, 0.327435165643692, 0.2694084644317627]","[0.19095702469348907, 0.21219930052757263, 0.327435165643692, 0.2694084644317627]",,,,
59604,552,-16.034359752180762,102,307.6383056640625,mlp,,4458,54646,0,0,4458,54646,0,0,0.0,0.0,True,"[0.10404732823371887, 0.17849977314472198, 0.5512721538543701, 0.16618071496486664]","[0.10404732823371887, 0.17849977314472198, 0.5512721538543701, 0.16618071496486664]",,,,
59699,553,-35.48019706536216,95,,mlp,,4458,54646,0,0,4458,54646,0,0,0.0,0.0,True,"[0.08384701609611511, 0.22679829597473145, 0.5824482440948486, 0.10690648853778839]","[0.08384701609611511, 0.22679829597473145, 0.5824482440948486, 0.10690648853778839]",,,,
59800,554,-108.63737052615554,101,,mlp,,4458,54646,0,0,4458,54646,0,0,0.0,0.0,True,"[0.09892882406711578, 0.21256285905838013, 0.5618086457252502, 0.12669965624809265]","[0.09892882406711578, 0.21256285905838013, 0.5618086457252502, 0.12669965624809265]",,,,
59903,555,-27.229886942778393,103,,mlp,,4458,54646,0,0,4458,54646,0,0,0.0,0.0,True,"[0.11175961047410965, 0.21231286227703094, 0.512333869934082, 0.16359372437000275]","[0.11175961047410965, 0.21231286227703094, 0.512333869934082, 0.16359372437000275]",,,,
60084,556,-60.5575640080129,181,286.6865539550781,mlp,,4982,54646,0,0,4982,54646,0,0,0.0,0.0,True,"[0.09176281839609146, 0.28294146060943604, 0.5117645263671875, 0.11353110522031784]","[0.09176281839609146, 0.28294146060943604, 0.5117645263671875, 0.11353110522031784]",,,,
60214,557,-67.92645712141501,130,,mlp,,4982,54646,0,0,4982,54646,0,0,0.0,0.0,True,"[0.08518310636281967, 0.32855740189552307, 0.5060132145881653, 0.08024629205465317]","[0.08518310636281967, 0.32855740189552307, 0.5060132145881653, 0.08024629205465317]",,,,
60348,558,-68.45291790435257,134,,mlp,,4982,54646,0,0,4982,54646,0,0,0.0,0.0,True,"[0.09452511370182037, 0.11147791892290115, 0.5710511803627014, 0.22294576466083527]","[0.09452511370182037, 0.11147791892290115, 0.5710511803627014, 0.22294576466083527]",,,,
60530,559,-97.1585696409517,182,,mlp,,4982,54646,0,0,4982,54646,0,0,0.0,0.0,True,"[0.11402028799057007, 0.25535300374031067, 0.4963787794113159, 0.13424788415431976]","[0.11402028799057007, 0.25535300374031067, 0.4963787794113159, 0.13424788415431976]",,,,
60730,560,-72.50028052062207,200,250.05535888671875,mlp,,4983,55247,0,0,4983,55247,0,0,0.0,0.0,True,"[0.09327026456594467, 0.2587662935256958, 0.5402151942253113, 0.10774822533130646]","[0.09327026456594467, 0.2587662935256958, 0.5402151942253113, 0.10774822533130646]",,,,
60919,561,-82.2738345189617,189,,mlp,,4983,55247,0,0,4983,55247,0,0,0.0,0.0,True,"[0.09440600126981735, 0.16371037065982819, 0.5512627959251404, 0.1906208097934723]","[0.09440600126981735, 0.16371037065982819, 0.5512627959251404, 0.1906208097934723]",,,,
61063,562,11.780260230528341,144,,mlp,,4983,55247,0,0,4983,55247,0,0,0.0,0.0,True,"[0.1076933816075325, 0.3079528510570526, 0.4604858458042145, 0.12386801093816757]","[0.1076933816075325, 0.3079528510570526, 0.4604858458042145, 0.12386801093816757]",,,,
61155,563,-65.60320980435543,92,,mlp,,4983,55247,0,0,4983,55247,0,0,0.0,0.0,True,"[0.12107637524604797, 0.3047963082790375, 0.4433846175670624, 0.1307426244020462]","[0.12107637524604797, 0.3047963082790375, 0.4433846175670624, 0.1307426244020462]",,,,
61259,564,-49.14425282925639,104,317.6208190917969,mlp,,5010,55749,0,0,5010,55749,0,0,0.0,0.0,True,"[0.10623209178447723, 0.29901397228240967, 0.47153088450431824, 0.12322305887937546]","[0.10623209178447723, 0.29901397228240967, 0.47153088450431824, 0.12322305887937546]",,,,
61373,565,-230.92530690218902,114,,mlp,,5010,55749,0,0,5010,55749,0,0,0.0,0.0,True,"[0.041479263454675674, 0.6524505615234375, 0.2906425893306732, 0.01542764250189066]","[0.041479263454675674, 0.6524505615234375, 0.2906425893306732, 0.01542764250189066]",,,,
61486,566,10.860828520116655,113,,mlp,,5010,55749,0,0,5010,55749,0,0,0.0,0.0,True,"[0.11074374616146088, 0.34959062933921814, 0.4201747477054596, 0.1194908544421196]","[0.11074374616146088, 0.34959062933921814, 0.4201747477054596, 0.1194908544421196]",,,,
61652,567,-292.3914647599808,166,,mlp,,5010,55749,0,0,5010,55749,0,0,0.0,0.0,True,"[0.052762363106012344, 0.4712800085544586, 0.44754573702812195, 0.028411928564310074]","[0.052762363106012344, 0.4712800085544586, 0.44754573702812195, 0.028411928564310074]",,,,
61895,568,-106.22345932661685,243,656.6492309570312,mlp,,5060,56335,0,0,5060,56335,0,0,0.0,0.0,True,"[0.11736118793487549, 0.10880354791879654, 0.49978360533714294, 0.27405163645744324]","[0.11736118793487549, 0.10880354791879654, 0.49978360533714294, 0.27405163645744324]",,,,
62058,569,-40.17631128096773,163,,mlp,,5060,56335,0,0,5060,56335,0,0,0.0,0.0,True,"[0.09147220104932785, 0.3039782643318176, 0.5099154114723206, 0.09463415294885635]","[0.09147220104932785, 0.3039782643318176, 0.5099154114723206, 0.09463415294885635]",,,,
62144,570,-65.58110236268155,86,,mlp,,5060,56335,0,0,5060,56335,0,0,0.0,0.0,True,"[0.11452090740203857, 0.18471048772335052, 0.5182094573974609, 0.18255913257598877]","[0.11452090740203857, 0.18471048772335052, 0.5182094573974609, 0.18255913257598877]",,,,
62233,571,-96.59466179601868,89,,mlp,,5060,56335,0,0,5060,56335,0,0,0.0,0.0,True,"[0.09467512369155884, 0.1431981325149536, 0.5915583968162537, 0.1705682873725891]","[0.09467512369155884, 0.1431981325149536, 0.5915583968162537, 0.1705682873725891]",,,,
62322,572,19.766577588202665,89,291.21124267578125,mlp,,5069,56753,0,0,5069,56753,0,0,0.0,0.0,True,"[0.19139984250068665, 0.15415269136428833, 0.3223550617694855, 0.33209240436553955]","[0.19139984250068665, 0.15415269136428833, 0.3223550617694855, 0.33209240436553955]",,,,
62466,573,-89.74050113943532,144,,mlp,,5069,56753,0,0,5069,56753,0,0,0.0,0.0,True,"[0.09733156114816666, 0.3139694333076477, 0.4876842498779297, 0.10101472586393356]","[0.09733156114816666, 0.3139694333076477, 0.4876842498779297, 0.10101472586393356]",,,,
62566,574,-110.06103167040422,100,,mlp,,5069,56753,0,0,5069,56753,0,0,0.0,0.0,True,"[0.08972027152776718, 0.35153689980506897, 0.485141396522522, 0.07360142469406128]","[0.08972027152776718, 0.35153689980506897, 0.485141396522522, 0.07360142469406128]",,,,
62729,575,16.67984694006688,163,,mlp,,5069,56753,0,0,5069,56753,0,0,0.0,0.0,True,"[0.16291247308254242, 0.16225014626979828, 0.39868804812431335, 0.27614930272102356]","[0.16291247308254242, 0.16225014626979828, 0.39868804812431335, 0.27614930272102356]",,,,
62905,576,-6.406500751324543,176,533.9725341796875,mlp,,5087,57318,0,0,5087,57318,0,0,0.0,0.0,True,"[0.11077184230089188, 0.32387015223503113, 0.44275200366973877, 0.12260600924491882]","[0.11077184230089188, 0.32387015223503113, 0.44275200366973877, 0.12260600924491882]",,,,
63079,577,-66.06739488667624,174,,mlp,,5087,57318,0,0,5087,57318,0,0,0.0,0.0,True,"[0.09268838912248611, 0.15368007123470306, 0.5891218781471252, 0.16450965404510498]","[0.09268838912248611, 0.15368007123470306, 0.5891218781471252, 0.16450965404510498]",,,,
63204,578,-89.41745162933584,125,,mlp,,5087,57318,0,0,5087,57318,0,0,0.0,0.0,True,"[0.09546520560979843, 0.12533746659755707, 0.5702235102653503, 0.20897383987903595]","[0.09546520560979843, 0.12533746659755707, 0.5702235102653503, 0.20897383987903595]",,,,
63298,579,-42.09957630523334,94,,mlp,,5087,57318,0,0,5087,57318,0,0,0.0,0.0,True,"[0.08853653818368912, 0.1350862681865692, 0.5985633730888367, 0.1778138130903244]","[0.08853653818368912, 0.1350862681865692, 0.5985633730888367, 0.1778138130903244]",,,,
63453,580,-62.12946556071958,155,203.2855682373047,mlp,,5096,57857,0,0,5096,57857,0,0,0.0,0.0,True,"[0.10260473191738129, 0.112254299223423, 0.5367428064346313, 0.24839818477630615]","[0.10260473191738129, 0.112254299223423, 0.5367428064346313, 0.24839818477630615]",,,,
63576,581,-85.54546783159546,123,,mlp,,5096,57857,0,0,5096,57857,0,0,0.0,0.0,True,"[0.15925177931785583, 0.11697204411029816, 0.40026170015335083, 0.323514461517334]","[0.15925177931785583, 0.11697204411029816, 0.40026170015335083, 0.323514461517334]",,,,
63752,582,-52.5329711182773,176,,mlp,,5096,57857,0,0,5096,57857,0,0,0.0,0.0,True,"[0.11512338370084763, 0.19960804283618927, 0.5252195596694946, 0.16004908084869385]","[0.11512338370084763, 0.19960804283618927, 0.5252195596694946, 0.16004908084869385]",,,,
63922,583,-52.843962102290604,170,,mlp,,5096,57857,0,0,5096,57857,0,0,0.0,0.0,True,"[0.04891190305352211, 0.341474324464798, 0.561891496181488, 0.04772225394845009]","[0.04891190305352211, 0.341474324464798, 0.561891496181488, 0.04772225394845009]",,,,
64112,584,-90.89963170084891,190,181.89395141601562,mlp,,5120,58492,0,0,5120,58492,0,0,0.0,0.0,True,"[0.0903254896402359, 0.1588776856660843, 0.5942490100860596, 0.15654779970645905]","[0.0903254896402359, 0.1588776856660843, 0.5942490100860596, 0.15654779970645905]",,,,
64293,585,-71.72832638558768,181,,mlp,,5120,58492,0,0,5120,58492,0,0,0.0,0.0,True,"[0.08638344705104828, 0.1358257383108139, 0.6146995425224304, 0.1630912572145462]","[0.08638344705104828, 0.1358257383108139, 0.6146995425224304, 0.1630912572145462]",,,,
64392,586,-7.336671859719317,99,,mlp,,5120,58492,0,0,5120,58492,0,0,0.0,0.0,True,"[0.09186115115880966, 0.18987269699573517, 0.5706882476806641, 0.14757786691188812]","[0.09186115115880966, 0.18987269699573517, 0.5706882476806641, 0.14757786691188812]",,,,
64517,587,-61.67278176731132,125,,mlp,,5120,58492,0,0,5120,58492,0,0,0.0,0.0,True,"[0.09122734516859055, 0.33713579177856445, 0.477975457906723, 0.093661367893219]","[0.09122734516859055, 0.33713579177856445, 0.477975457906723, 0.093661367893219]",,,,
64689,588,7.352154637715003,172,146.03945922851562,mlp,,5145,59044,0,0,5145,59044,0,0,0.0,0.0,True,"[0.11034072190523148, 0.1978013664484024, 0.5106731057167053, 0.1811848133802414]","[0.11034072190523148, 0.1978013664484024, 0.5106731057167053, 0.1811848133802414]",,,,
64851,589,-152.75969350529462,162,,mlp,,5145,59044,0,0,5145,59044,0,0,0.0,0.0,True,"[0.05796878784894943, 0.3677748739719391, 0.5251025557518005, 0.04915381968021393]","[0.05796878784894943, 0.3677748739719391, 0.5251025557518005, 0.04915381968021393]",,,,
65021,590,-216.26397498778323,170,,mlp,,5145,59044,0,0,5145,59044,0,0,0.0,0.0,True,"[0.08227643370628357, 0.008223861455917358, 0.0986209288239479, 0.8108788132667542]","[0.08227643370628357, 0.008223861455917358, 0.0986209288239479, 0.8108788132667542]",,,,
65194,591,-254.69634934078982,173,,mlp,,5145,59044,0,0,5145,59044,0,0,0.0,0.0,True,"[0.15228842198848724, 0.07783375680446625, 0.2790715992450714, 0.4908062517642975]","[0.15228842198848724, 0.07783375680446625, 0.2790715992450714, 0.4908062517642975]",,,,
65325,592,-26.15800397725235,131,173.55783081054688,mlp,,5154,59671,0,0,5154,59671,0,0,0.0,0.0,True,"[0.08496043086051941, 0.24872663617134094, 0.5542799234390259, 0.11203300952911377]","[0.08496043086051941, 0.24872663617134094, 0.5542799234390259, 0.11203300952911377]",,,,
65451,593,-65.49596714552176,126,,mlp,,5154,59671,0,0,5154,59671,0,0,0.0,0.0,True,"[0.09080950170755386, 0.11428145319223404, 0.5668849945068359, 0.2280239462852478]","[0.09080950170755386, 0.11428145319223404, 0.5668849945068359, 0.2280239462852478]",,,,
65665,594,-45.49646544034613,214,,mlp,,5154,59671,0,0,5154,59671,0,0,0.0,0.0,True,"[0.10986091941595078, 0.2595484256744385, 0.5015578269958496, 0.12903280556201935]","[0.10986091941595078, 0.2595484256744385, 0.5015578269958496, 0.12903280556201935]",,,,
65761,595,-62.9530823708844,96,,mlp,,5154,59671,0,0,5154,59671,0,0,0.0,0.0,True,"[0.11905045807361603, 0.18837349116802216, 0.5116424560546875, 0.18093356490135193]","[0.11905045807361603, 0.18837349116802216, 0.5116424560546875, 0.18093356490135193]",,,,
65900,596,-21.26791684323807,139,441.33038330078125,mlp,,5167,60233,0,0,5167,60233,0,0,0.0,0.0,True,"[0.07117431610822678, 0.11879445612430573, 0.6521211266517639, 0.1579100638628006]","[0.07117431610822678, 0.11879445612430573, 0.6521211266517639, 0.1579100638628006]",,,,
65996,597,-89.9581474000967,96,,mlp,,5167,60233,0,0,5167,60233,0,0,0.0,0.0,True,"[0.07327841967344284, 0.27324724197387695, 0.5629684329032898, 0.09050586074590683]","[0.07327841967344284, 0.27324724197387695, 0.5629684329032898, 0.09050586074590683]",,,,
66155,598,-36.79802592248625,159,,mlp,,5167,60233,0,0,5167,60233,0,0,0.0,0.0,True,"[0.0965934544801712, 0.14503245055675507, 0.5640488266944885, 0.1943252980709076]","[0.0965934544801712, 0.14503245055675507, 0.5640488266944885, 0.1943252980709076]",,,,
66272,599,-34.165652617231046,117,,mlp,,5167,60233,0,0,5167,60233,0,0,0.0,0.0,True,"[0.0936257392168045, 0.1558864414691925, 0.5692710280418396, 0.18121682107448578]","[0.0936257392168045, 0.1558864414691925, 0.5692710280418396, 0.18121682107448578]",,,,
66376,600,-46.02411274028498,104,171.50332641601562,mlp,,5176,60700,0,0,5176,60700,0,0,0.0,0.0,True,"[0.09637043625116348, 0.11729195713996887, 0.5586804151535034, 0.22765715420246124]","[0.09637043625116348, 0.11729195713996887, 0.5586804151535034, 0.22765715420246124]",,,,
67376,601,43.490501572102694,1000,,mlp,,5176,60700,0,0,5176,60700,0,0,0.0,0.0,True,"[0.17767781019210815, 0.2441902458667755, 0.36323273181915283, 0.2148992270231247]","[0.17767781019210815, 0.2441902458667755, 0.36323273181915283, 0.2148992270231247]",,,,
67538,602,-33.06628804586508,162,,mlp,,5176,60700,0,0,5176,60700,0,0,0.0,0.0,True,"[0.07546540349721909, 0.11970263719558716, 0.6220371127128601, 0.1827949583530426]","[0.07546540349721909, 0.11970263719558716, 0.6220371127128601, 0.1827949583530426]",,,,
67670,603,-69.56834256553107,132,,mlp,,5176,60700,0,0,5176,60700,0,0,0.0,0.0,True,"[0.08114567399024963, 0.13396888971328735, 0.6266204714775085, 0.15826499462127686]","[0.08114567399024963, 0.13396888971328735, 0.6266204714775085, 0.15826499462127686]",,,,
67863,604,-54.695801856933954,193,244.50778198242188,mlp,,5204,62159,0,0,5204,62159,0,0,0.0,0.0,True,"[0.09180048853158951, 0.14726902544498444, 0.5751504898071289, 0.18578003346920013]","[0.09180048853158951, 0.14726902544498444, 0.5751504898071289, 0.18578003346920013]",,,,
68028,605,-80.61535788235214,165,,mlp,,5204,62159,0,0,5204,62159,0,0,0.0,0.0,True,"[0.11839255690574646, 0.20073202252388, 0.50874924659729, 0.17212611436843872]","[0.11839255690574646, 0.20073202252388, 0.50874924659729, 0.17212611436843872]",,,,
68250,606,-197.22328548130372,222,,mlp,,5204,62159,0,0,5204,62159,0,0,0.0,0.0,True,"[0.09523829072713852, 0.04930054023861885, 0.42681369185447693, 0.4286474287509918]","[0.09523829072713852, 0.04930054023861885, 0.42681369185447693, 0.4286474287509918]",,,,
68384,607,-38.696293787046926,134,,mlp,,5204,62159,0,0,5204,62159,0,0,0.0,0.0,True,"[0.07737540453672409, 0.1819925308227539, 0.6120463609695435, 0.12858565151691437]","[0.07737540453672409, 0.1819925308227539, 0.6120463609695435, 0.12858565151691437]",,,,
68501,608,-39.0783352099575,117,224.98252868652344,mlp,,5221,62780,0,0,5221,62780,0,0,0.0,0.0,True,"[0.08621574193239212, 0.3386799097061157, 0.47194504737854004, 0.10315927863121033]","[0.08621574193239212, 0.3386799097061157, 0.47194504737854004, 0.10315927863121033]",,,,
68634,609,-120.08588498769215,133,,mlp,,5221,62780,0,0,5221,62780,0,0,0.0,0.0,True,"[0.10700066387653351, 0.2033560425043106, 0.538397490978241, 0.15124574303627014]","[0.10700066387653351, 0.2033560425043106, 0.538397490978241, 0.15124574303627014]",,,,
68772,610,11.356289606880168,138,,mlp,,5221,62780,0,0,5221,62780,0,0,0.0,0.0,True,"[0.08787134289741516, 0.23071539402008057, 0.5494259595870972, 0.13198736310005188]","[0.08787134289741516, 0.23071539402008057, 0.5494259595870972, 0.13198736310005188]",,,,
68978,611,15.811768320603562,206,,mlp,,5221,62780,0,0,5221,62780,0,0,0.0,0.0,True,"[0.12345488369464874, 0.17438536882400513, 0.46390384435653687, 0.23825591802597046]","[0.12345488369464874, 0.17438536882400513, 0.46390384435653687, 0.23825591802597046]",,,,
69100,612,-11.098794977778951,122,330.1316223144531,mlp,,5250,63350,0,0,5250,63350,0,0,0.0,0.0,True,"[0.12779781222343445, 0.22974582016468048, 0.4559898376464844, 0.18646658957004547]","[0.12779781222343445, 0.22974582016468048, 0.4559898376464844, 0.18646658957004547]",,,,
69324,613,-252.06256067367315,224,,mlp,,5250,63350,0,0,5250,63350,0,0,0.0,0.0,True,"[0.051475849002599716, 0.5474891662597656, 0.37112870812416077, 0.02990627847611904]","[0.051475849002599716, 0.5474891662597656, 0.37112870812416077, 0.02990627847611904]",,,,
69423,614,-55.844241598758394,99,,mlp,,5250,63350,0,0,5250,63350,0,0,0.0,0.0,True,"[0.08103334903717041, 0.1973193734884262, 0.5913994908332825, 0.13024775683879852]","[0.08103334903717041, 0.1973193734884262, 0.5913994908332825, 0.13024775683879852]",,,,
69597,615,-269.47836844477285,174,,mlp,,5250,63350,0,0,5250,63350,0,0,0.0,0.0,True,"[0.07307039201259613, 0.008567210286855698, 0.09459532797336578, 0.8237670660018921]","[0.07307039201259613, 0.008567210286855698, 0.09459532797336578, 0.8237670660018921]",,,,
69741,616,11.112167577627446,144,459.3157958984375,mlp,,5274,63967,0,0,5274,63967,0,0,0.0,0.0,True,"[0.055983349680900574, 0.2441064417362213, 0.6124061942100525, 0.08750393241643906]","[0.055983349680900574, 0.2441064417362213, 0.6124061942100525, 0.08750393241643906]",,,,
69852,617,-12.23599207040337,111,,mlp,,5274,63967,0,0,5274,63967,0,0,0.0,0.0,True,"[0.0778188556432724, 0.2105579674243927, 0.5872213244438171, 0.12440191954374313]","[0.0778188556432724, 0.2105579674243927, 0.5872213244438171, 0.12440191954374313]",,,,
69962,618,-221.81886102198888,110,,mlp,,5274,63967,0,0,5274,63967,0,0,0.0,0.0,True,"[0.02735367976129055, 0.674432098865509, 0.2882675230503082, 0.009946768172085285]","[0.02735367976129055, 0.674432098865509, 0.2882675230503082, 0.009946768172085285]",,,,
70069,619,8.079950107738398,107,,mlp,,5274,63967,0,0,5274,63967,0,0,0.0,0.0,True,"[0.06403881311416626, 0.2839352786540985, 0.5680749416351318, 0.08395098894834518]","[0.06403881311416626, 0.2839352786540985, 0.5680749416351318, 0.08395098894834518]",,,,
70156,620,-1.3127893636044377,87,700.3274536132812,mlp,,5286,64370,0,0,5286,64370,0,0,0.0,0.0,True,"[0.06613314896821976, 0.16371949017047882, 0.652049720287323, 0.11809767782688141]","[0.06613314896821976, 0.16371949017047882, 0.652049720287323, 0.11809767782688141]",,,,
70363,621,-29.71937290145253,207,,mlp,,5286,64370,0,0,5286,64370,0,0,0.0,0.0,True,"[0.06062424182891846, 0.12807495892047882, 0.6741701364517212, 0.13713060319423676]","[0.06062424182891846, 0.12807495892047882, 0.6741701364517212, 0.13713060319423676]",,,,
71363,622,50.6852806940825,1000,,mlp,,5286,64370,0,0,5286,64370,0,0,0.0,0.0,True,"[0.14583690464496613, 0.2625567615032196, 0.42318207025527954, 0.16842426359653473]","[0.14583690464496613, 0.2625567615032196, 0.42318207025527954, 0.16842426359653473]",,,,
71541,623,-154.30989465085477,178,,mlp,,5286,64370,0,0,5286,64370,0,0,0.0,0.0,True,"[0.0860602855682373, 0.014681072905659676, 0.16504839062690735, 0.734210193157196]","[0.0860602855682373, 0.014681072905659676, 0.16504839062690735, 0.734210193157196]",,,,
71638,624,-24.286465825584102,97,257.5054931640625,mlp,,6810,64370,0,0,6810,64370,0,0,0.0,0.0,True,"[0.06700309365987778, 0.15298213064670563, 0.6571587920188904, 0.12285595387220383]","[0.06700309365987778, 0.15298213064670563, 0.6571587920188904, 0.12285595387220383]",,,,
71733,625,23.208568663799184,95,,mlp,,6810,64370,0,0,6810,64370,0,0,0.0,0.0,True,"[0.0801921859383583, 0.17728488147258759, 0.5962417721748352, 0.14628127217292786]","[0.0801921859383583, 0.17728488147258759, 0.5962417721748352, 0.14628127217292786]",,,,
71873,626,-4.9977997926167035,140,,mlp,,6810,64370,0,0,6810,64370,0,0,0.0,0.0,True,"[0.07997686415910721, 0.20830625295639038, 0.5819543600082397, 0.12976256012916565]","[0.07997686415910721, 0.20830625295639038, 0.5819543600082397, 0.12976256012916565]",,,,
72076,627,-251.583642285715,203,,mlp,,6810,64370,0,0,6810,64370,0,0,0.0,0.0,True,"[0.0582088828086853, 0.005402714479714632, 0.08872635662555695, 0.847662091255188]","[0.0582088828086853, 0.005402714479714632, 0.08872635662555695, 0.847662091255188]",,,,
72292,628,-226.348500699299,216,417.13592529296875,mlp,,6812,64980,0,0,6812,64980,0,0,0.0,0.0,True,"[0.036823444068431854, 0.6349654793739319, 0.3132587969303131, 0.014952294528484344]","[0.036823444068431854, 0.6349654793739319, 0.3132587969303131, 0.014952294528484344]",,,,
72429,629,-150.03701669782015,137,,mlp,,6812,64980,0,0,6812,64980,0,0,0.0,0.0,True,"[0.13264678418636322, 0.04872150719165802, 0.22362598776817322, 0.5950056910514832]","[0.13264678418636322, 0.04872150719165802, 0.22362598776817322, 0.5950056910514832]",,,,
72568,630,-121.69408894477002,139,,mlp,,6812,64980,0,0,6812,64980,0,0,0.0,0.0,True,"[0.0703268051147461, 0.08704520016908646, 0.6286952495574951, 0.21393272280693054]","[0.0703268051147461, 0.08704520016908646, 0.6286952495574951, 0.21393272280693054]",,,,
72656,631,-130.56109462955658,88,,mlp,,6812,64980,0,0,6812,64980,0,0,0.0,0.0,True,"[0.011427721939980984, 0.5547053217887878, 0.42816510796546936, 0.005701916292309761]","[0.011427721939980984, 0.5547053217887878, 0.42816510796546936, 0.005701916292309761]",,,,
72803,632,11.402360236420634,147,415.2488708496094,mlp,,6833,65470,0,0,6833,65470,0,0,0.0,0.0,True,"[0.0969572588801384, 0.14601312577724457, 0.5513556599617004, 0.20567405223846436]","[0.0969572588801384, 0.14601312577724457, 0.5513556599617004, 0.20567405223846436]",,,,
72958,633,-2.764986235256231,155,,mlp,,6833,65470,0,0,6833,65470,0,0,0.0,0.0,True,"[0.10512161254882812, 0.08588949590921402, 0.47209686040878296, 0.3368920385837555]","[0.10512161254882812, 0.08588949590921402, 0.47209686040878296, 0.3368920385837555]",,,,
73130,634,18.940736148126078,172,,mlp,,6833,65470,0,0,6833,65470,0,0,0.0,0.0,True,"[0.13077421486377716, 0.1612267941236496, 0.448286235332489, 0.25971269607543945]","[0.13077421486377716, 0.1612267941236496, 0.448286235332489, 0.25971269607543945]",,,,
73322,635,-205.5375578244656,192,,mlp,,6833,65470,0,0,6833,65470,0,0,0.0,0.0,True,"[0.02816612645983696, 0.5548801422119141, 0.4041934311389923, 0.012760252691805363]","[0.02816612645983696, 0.5548801422119141, 0.4041934311389923, 0.012760252691805363]",,,,
74322,636,34.12455054927246,1000,475.7215576171875,mlp,,6861,66961,0,0,6861,66961,0,0,0.0,0.0,True,"[0.17169955372810364, 0.23932914435863495, 0.368367463350296, 0.2206038385629654]","[0.17169955372810364, 0.23932914435863495, 0.368367463350296, 0.2206038385629654]",,,,
74475,637,-122.49974099409081,153,,mlp,,6861,66961,0,0,6861,66961,0,0,0.0,0.0,True,"[0.05960690230131149, 0.18785707652568817, 0.6558588743209839, 0.09667713195085526]","[0.05960690230131149, 0.18785707652568817, 0.6558588743209839, 0.09667713195085526]",,,,
74645,638,-44.377807083025516,170,,mlp,,6861,66961,0,0,6861,66961,0,0,0.0,0.0,True,"[0.056395791471004486, 0.09088321030139923, 0.6865285634994507, 0.1661924570798874]","[0.056395791471004486, 0.09088321030139923, 0.6865285634994507, 0.1661924570798874]",,,,
74756,639,-72.8334202317696,111,,mlp,,6861,66961,0,0,6861,66961,0,0,0.0,0.0,True,"[0.06265135854482651, 0.17726533114910126, 0.6549001336097717, 0.1051831915974617]","[0.06265135854482651, 0.17726533114910126, 0.6549001336097717, 0.1051831915974617]",,,,
74921,640,-66.48172979137297,165,310.6065979003906,mlp,,6876,67545,0,0,6876,67545,0,0,0.0,0.0,True,"[0.0668226033449173, 0.28201568126678467, 0.579563319683075, 0.0715983435511589]","[0.0668226033449173, 0.28201568126678467, 0.579563319683075, 0.0715983435511589]",,,,
75024,641,-31.287629719096387,103,,mlp,,6876,67545,0,0,6876,67545,0,0,0.0,0.0,True,"[0.060089290142059326, 0.24867869913578033, 0.6093035340309143, 0.08192849159240723]","[0.060089290142059326, 0.24867869913578033, 0.6093035340309143, 0.08192849159240723]",,,,
75236,642,-69.1742407529192,212,,mlp,,6876,67545,0,0,6876,67545,0,0,0.0,0.0,True,"[0.10992156714200974, 0.24629127979278564, 0.4754154086112976, 0.1683717668056488]","[0.10992156714200974, 0.24629127979278564, 0.4754154086112976, 0.1683717668056488]",,,,
76236,643,-4.752253251769884,1000,,mlp,,6876,67545,0,0,6876,67545,0,0,0.0,0.0,True,"[0.11876014620065689, 0.20235678553581238, 0.5082060694694519, 0.170677050948143]","[0.11876014620065689, 0.20235678553581238, 0.5082060694694519, 0.170677050948143]",,,,
76397,644,-19.959243331146,161,296.5943908691406,mlp,,6900,68997,0,0,6900,68997,0,0,0.0,0.0,True,"[0.052883997559547424, 0.20009219646453857, 0.673247218132019, 0.07377650588750839]","[0.052883997559547424, 0.20009219646453857, 0.673247218132019, 0.07377650588750839]",,,,
77397,645,17.180234416483515,1000,,mlp,,6900,68997,0,0,6900,68997,0,0,0.0,0.0,True,"[0.13615164160728455, 0.2872065007686615, 0.3983977138996124, 0.17824409902095795]","[0.13615164160728455, 0.2872065007686615, 0.3983977138996124, 0.17824409902095795]",,,,
77573,646,-124.26262950289396,176,,mlp,,6900,68997,0,0,6900,68997,0,0,0.0,0.0,True,"[0.0728876143693924, 0.12941806018352509, 0.640328586101532, 0.15736578404903412]","[0.0728876143693924, 0.12941806018352509, 0.640328586101532, 0.15736578404903412]",,,,
77820,647,-65.8123305359803,247,,mlp,,6900,68997,0,0,6900,68997,0,0,0.0,0.0,True,"[0.1119304820895195, 0.1861816793680191, 0.47409895062446594, 0.22778889536857605]","[0.1119304820895195, 0.1861816793680191, 0.47409895062446594, 0.22778889536857605]",,,,
78103,648,-29.41454799424335,283,241.72988891601562,mlp,,8647,68997,0,0,8647,68997,0,0,0.0,0.0,True,"[0.11741213500499725, 0.21723361313343048, 0.47194308042526245, 0.1934112310409546]","[0.11741213500499725, 0.21723361313343048, 0.47194308042526245, 0.1934112310409546]",,,,
78217,649,-2.2877662730345634,114,,mlp,,8647,68997,0,0,8647,68997,0,0,0.0,0.0,True,"[0.033288393169641495, 0.24709121882915497, 0.6772756576538086, 0.042344775050878525]","[0.033288393169641495, 0.24709121882915497, 0.6772756576538086, 0.042344775050878525]",,,,
78494,650,-31.70144808014905,277,,mlp,,8647,68997,0,0,8647,68997,0,0,0.0,0.0,True,"[0.04822109267115593, 0.21046023070812225, 0.6714057326316833, 0.06991295516490936]","[0.04822109267115593, 0.21046023070812225, 0.6714057326316833, 0.06991295516490936]",,,,
78650,651,-254.0520609973327,156,,mlp,,8647,68997,0,0,8647,68997,0,0,0.0,0.0,True,"[0.0878293365240097, 0.019994568079710007, 0.14924350380897522, 0.7429326176643372]","[0.0878293365240097, 0.019994568079710007, 0.14924350380897522, 0.7429326176643372]",,,,
78838,652,-172.91610642174925,188,356.93292236328125,mlp,,8647,69691,0,0,8647,69691,0,0,0.0,0.0,True,"[0.09468241035938263, 0.02690054476261139, 0.2223532348871231, 0.6560638546943665]","[0.09468241035938263, 0.02690054476261139, 0.2223532348871231, 0.6560638546943665]",,,,
79093,653,-53.42929485640275,255,,mlp,,8647,69691,0,0,8647,69691,0,0,0.0,0.0,True,"[0.06287740170955658, 0.26382750272750854, 0.5889919996261597, 0.08430301398038864]","[0.06287740170955658, 0.26382750272750854, 0.5889919996261597, 0.08430301398038864]",,,,
79286,654,-222.71486081683815,193,,mlp,,8647,69691,0,0,8647,69691,0,0,0.0,0.0,True,"[0.03711189329624176, 0.5789893865585327, 0.3681643605232239, 0.01573430746793747]","[0.03711189329624176, 0.5789893865585327, 0.3681643605232239, 0.01573430746793747]",,,,
79388,655,-70.11859903882858,102,,mlp,,8647,69691,0,0,8647,69691,0,0,0.0,0.0,True,"[0.04790870472788811, 0.2691110670566559, 0.627471387386322, 0.05550886318087578]","[0.04790870472788811, 0.2691110670566559, 0.627471387386322, 0.05550886318087578]",,,,
79537,656,-158.63613850995944,149,294.0414733886719,mlp,,8659,70378,0,0,8659,70378,0,0,0.0,0.0,True,"[0.0480605885386467, 0.005145273171365261, 0.10572873800992966, 0.8410654067993164]","[0.0480605885386467, 0.005145273171365261, 0.10572873800992966, 0.8410654067993164]",,,,
79707,657,-52.04766218369835,170,,mlp,,8659,70378,0,0,8659,70378,0,0,0.0,0.0,True,"[0.05231631174683571, 0.14227667450904846, 0.6956760883331299, 0.10973090678453445]","[0.05231631174683571, 0.14227667450904846, 0.6956760883331299, 0.10973090678453445]",,,,
79824,658,-75.39553203747568,117,,mlp,,8659,70378,0,0,8659,70378,0,0,0.0,0.0,True,"[0.061960697174072266, 0.1603202223777771, 0.6738401651382446, 0.10387890040874481]","[0.061960697174072266, 0.1603202223777771, 0.6738401651382446, 0.10387890040874481]",,,,
79936,659,-43.81570944582809,112,,mlp,,8659,70378,0,0,8659,70378,0,0,0.0,0.0,True,"[0.04938747361302376, 0.08890639990568161, 0.7303950190544128, 0.1313110888004303]","[0.04938747361302376, 0.08890639990568161, 0.7303950190544128, 0.1313110888004303]",,,,
80128,660,-144.24497728260258,192,365.6482849121094,mlp,,8682,70946,0,0,8682,70946,0,0,0.0,0.0,True,"[0.06720808148384094, 0.30417415499687195, 0.5646744966506958, 0.0639432966709137]","[0.06720808148384094, 0.30417415499687195, 0.5646744966506958, 0.0639432966709137]",,,,
80287,661,44.2376648156154,159,,mlp,,8682,70946,0,0,8682,70946,0,0,0.0,0.0,True,"[0.11015193164348602, 0.20322385430335999, 0.47673505544662476, 0.20988915860652924]","[0.11015193164348602, 0.20322385430335999, 0.47673505544662476, 0.20988915860652924]",,,,
80425,662,-107.96535711008258,138,,mlp,,8682,70946,0,0,8682,70946,0,0,0.0,0.0,True,"[0.049212418496608734, 0.3548763394355774, 0.5451171398162842, 0.05079403147101402]","[0.049212418496608734, 0.3548763394355774, 0.5451171398162842, 0.05079403147101402]",,,,
80587,663,-13.21438398453823,162,,mlp,,8682,70946,0,0,8682,70946,0,0,0.0,0.0,True,"[0.07644394040107727, 0.1277807503938675, 0.6168798804283142, 0.17889539897441864]","[0.07644394040107727, 0.1277807503938675, 0.6168798804283142, 0.17889539897441864]",,,,
80794,664,-118.42591084908335,207,211.59237670898438,mlp,,8688,71606,0,0,8688,71606,0,0,0.0,0.0,True,"[0.0932321771979332, 0.17380428314208984, 0.5766801238059998, 0.1562834531068802]","[0.0932321771979332, 0.17380428314208984, 0.5766801238059998, 0.1562834531068802]",,,,
80953,665,-201.086641148343,159,,mlp,,8688,71606,0,0,8688,71606,0,0,0.0,0.0,True,"[0.09740988910198212, 0.02393203042447567, 0.1689130961894989, 0.7097449898719788]","[0.09740988910198212, 0.02393203042447567, 0.1689130961894989, 0.7097449898719788]",,,,
81057,666,-65.50121709207355,104,,mlp,,8688,71606,0,0,8688,71606,0,0,0.0,0.0,True,"[0.07242370396852493, 0.27648675441741943, 0.5654813647270203, 0.08560821413993835]","[0.07242370396852493, 0.27648675441741943, 0.5654813647270203, 0.08560821413993835]",,,,
81293,667,-12.620482353822936,236,,mlp,,8688,71606,0,0,8688,71606,0,0,0.0,0.0,True,"[0.07382947206497192, 0.25258493423461914, 0.5625829100608826, 0.11100270599126816]","[0.07382947206497192, 0.25258493423461914, 0.5625829100608826, 0.11100270599126816]",,,,
81440,668,14.442227315720658,147,237.28553771972656,mlp,,8715,72225,0,0,8715,72225,0,0,0.0,0.0,True,"[0.11474806815385818, 0.15728162229061127, 0.4747965633869171, 0.2531737983226776]","[0.11474806815385818, 0.15728162229061127, 0.4747965633869171, 0.2531737983226776]",,,,
81555,669,-94.23434407490582,115,,mlp,,8715,72225,0,0,8715,72225,0,0,0.0,0.0,True,"[0.04445981979370117, 0.06770370900630951, 0.7045703530311584, 0.18326611816883087]","[0.04445981979370117, 0.06770370900630951, 0.7045703530311584, 0.18326611816883087]",,,,
82429,670,-121.23395247114706,874,,mlp,,8715,72225,0,0,8715,72225,0,0,0.0,0.0,True,"[0.070063516497612, 0.3133021593093872, 0.5206421613693237, 0.09599214792251587]","[0.070063516497612, 0.3133021593093872, 0.5206421613693237, 0.09599214792251587]",,,,
82555,671,-47.47947838137772,126,,mlp,,8715,72225,0,0,8715,72225,0,0,0.0,0.0,True,"[0.05391385406255722, 0.1214647889137268, 0.7085862755775452, 0.116035096347332]","[0.05391385406255722, 0.1214647889137268, 0.7085862755775452, 0.116035096347332]",,,,
82718,672,-37.968050032894084,163,213.11935424804688,mlp,,8746,73472,0,0,8746,73472,0,0,0.0,0.0,True,"[0.05702114477753639, 0.1833939552307129, 0.659813404083252, 0.09977143257856369]","[0.05702114477753639, 0.1833939552307129, 0.659813404083252, 0.09977143257856369]",,,,
82884,673,-182.82485690090715,166,,mlp,,8746,73472,0,0,8746,73472,0,0,0.0,0.0,True,"[0.017863361164927483, 0.38986197113990784, 0.5790867805480957, 0.013187874108552933]","[0.017863361164927483, 0.38986197113990784, 0.5790867805480957, 0.013187874108552933]",,,,
83089,674,-311.89796876962123,205,,mlp,,8746,73472,0,0,8746,73472,0,0,0.0,0.0,True,"[0.07520373165607452, 0.031219594180583954, 0.35487377643585205, 0.5387029051780701]","[0.07520373165607452, 0.031219594180583954, 0.35487377643585205, 0.5387029051780701]",,,,
83255,675,-255.92693216229668,166,,mlp,,8746,73472,0,0,8746,73472,0,0,0.0,0.0,True,"[0.029899928718805313, 0.0022853603586554527, 0.07301898300647736, 0.8947957158088684]","[0.029899928718805313, 0.0022853603586554527, 0.07301898300647736, 0.8947957158088684]",,,,
83373,676,-53.89230651222751,118,402.41064453125,mlp,,8752,74121,0,0,8752,74121,0,0,0.0,0.0,True,"[0.0567888543009758, 0.3242437243461609, 0.5528815984725952, 0.0660858079791069]","[0.0567888543009758, 0.3242437243461609, 0.5528815984725952, 0.0660858079791069]",,,,
83543,677,-11.473662337547609,170,,mlp,,8752,74121,0,0,8752,74121,0,0,0.0,0.0,True,"[0.12874478101730347, 0.15339690446853638, 0.4327317178249359, 0.2851266860961914]","[0.12874478101730347, 0.15339690446853638, 0.4327317178249359, 0.2851266860961914]",,,,
83688,678,-67.57312780724713,145,,mlp,,8752,74121,0,0,8752,74121,0,0,0.0,0.0,True,"[0.052076663821935654, 0.16994042694568634, 0.6865784525871277, 0.09140445291996002]","[0.052076663821935654, 0.16994042694568634, 0.6865784525871277, 0.09140445291996002]",,,,
83833,679,16.634942758877315,145,,mlp,,8752,74121,0,0,8752,74121,0,0,0.0,0.0,True,"[0.06222730502486229, 0.22488856315612793, 0.6111338138580322, 0.10175029188394547]","[0.06222730502486229, 0.22488856315612793, 0.6111338138580322, 0.10175029188394547]",,,,
84124,680,-195.8665500055942,291,346.73236083984375,mlp,,8778,74846,0,0,8778,74846,0,0,0.0,0.0,True,"[0.0809960588812828, 0.018786491826176643, 0.15677835047245026, 0.7434390783309937]","[0.0809960588812828, 0.018786491826176643, 0.15677835047245026, 0.7434390783309937]",,,,
84286,681,-90.81972392288493,162,,mlp,,8778,74846,0,0,8778,74846,0,0,0.0,0.0,True,"[0.07885744422674179, 0.1593201756477356, 0.6272494792938232, 0.1345728486776352]","[0.07885744422674179, 0.1593201756477356, 0.6272494792938232, 0.1345728486776352]",,,,
84477,682,-225.4311063215991,191,,mlp,,8778,74846,0,0,8778,74846,0,0,0.0,0.0,True,"[0.050542961806058884, 0.02034844644367695, 0.42099010944366455, 0.5081184506416321]","[0.050542961806058884, 0.02034844644367695, 0.42099010944366455, 0.5081184506416321]",,,,
84610,683,-12.885283958624669,133,,mlp,,8778,74846,0,0,8778,74846,0,0,0.0,0.0,True,"[0.05555111914873123, 0.12788593769073486, 0.6877448558807373, 0.12881812453269958]","[0.05555111914873123, 0.12788593769073486, 0.6877448558807373, 0.12881812453269958]",,,,
84744,684,-16.93544593629568,134,272.72119140625,mlp,,8797,75447,0,0,8797,75447,0,0,0.0,0.0,True,"[0.04331117495894432, 0.1630825400352478, 0.7043472528457642, 0.08925900608301163]","[0.04331117495894432, 0.1630825400352478, 0.7043472528457642, 0.08925900608301163]",,,,
84917,685,-54.97472399781012,173,,mlp,,8797,75447,0,0,8797,75447,0,0,0.0,0.0,True,"[0.04240792617201805, 0.21386079490184784, 0.6761242151260376, 0.06760713458061218]","[0.04240792617201805, 0.21386079490184784, 0.6761242151260376, 0.06760713458061218]",,,,
85727,686,-300.18555447640114,810,,mlp,,8797,75447,0,0,8797,75447,0,0,0.0,0.0,True,"[0.06766737997531891, 0.014190128073096275, 0.13905659317970276, 0.7790858745574951]","[0.06766737997531891, 0.014190128073096275, 0.13905659317970276, 0.7790858745574951]",,,,
85934,687,-184.12052500995702,207,,mlp,,8797,75447,0,0,8797,75447,0,0,0.0,0.0,True,"[0.07477333396673203, 0.019462252035737038, 0.1650984138250351, 0.7406659722328186]","[0.07477333396673203, 0.019462252035737038, 0.1650984138250351, 0.7406659722328186]",,,,
86078,688,11.07289964661328,144,336.34320068359375,mlp,,8826,76752,0,0,8826,76752,0,0,0.0,0.0,True,"[0.04936881363391876, 0.28153467178344727, 0.6021227836608887, 0.06697370857000351]","[0.04936881363391876, 0.28153467178344727, 0.6021227836608887, 0.06697370857000351]",,,,
86193,689,-78.44881808781801,115,,mlp,,8826,76752,0,0,8826,76752,0,0,0.0,0.0,True,"[0.06305278092622757, 0.34945571422576904, 0.5137795805931091, 0.07371185719966888]","[0.06305278092622757, 0.34945571422576904, 0.5137795805931091, 0.07371185719966888]",,,,
86360,690,3.0404857859396373,167,,mlp,,8826,76752,0,0,8826,76752,0,0,0.0,0.0,True,"[0.06958199292421341, 0.17125055193901062, 0.6043186783790588, 0.1548488587141037]","[0.06958199292421341, 0.17125055193901062, 0.6043186783790588, 0.1548488587141037]",,,,
86567,691,-94.30030635600994,207,,mlp,,8826,76752,0,0,8826,76752,0,0,0.0,0.0,True,"[0.0878472849726677, 0.18618331849575043, 0.5351583361625671, 0.19081103801727295]","[0.0878472849726677, 0.18618331849575043, 0.5351583361625671, 0.19081103801727295]",,,,
86694,692,25.894150766712414,127,361.3842468261719,mlp,,8847,77347,0,0,8847,77347,0,0,0.0,0.0,True,"[0.05356709286570549, 0.24945755302906036, 0.6122862696647644, 0.08468908071517944]","[0.05356709286570549, 0.24945755302906036, 0.6122862696647644, 0.08468908071517944]",,,,
86833,693,-8.24350358449577,139,,mlp,,8847,77347,0,0,8847,77347,0,0,0.0,0.0,True,"[0.08341821283102036, 0.2167293280363083, 0.5528256297111511, 0.14702686667442322]","[0.08341821283102036, 0.2167293280363083, 0.5528256297111511, 0.14702686667442322]",,,,
86958,694,-51.90770194326341,125,,mlp,,8847,77347,0,0,8847,77347,0,0,0.0,0.0,True,"[0.04653909429907799, 0.13551059365272522, 0.7134337425231934, 0.10451658815145493]","[0.04653909429907799, 0.13551059365272522, 0.7134337425231934, 0.10451658815145493]",,,,
87060,695,28.70787031962979,102,,mlp,,8847,77347,0,0,8847,77347,0,0,0.0,0.0,True,"[0.09175017476081848, 0.15434187650680542, 0.5106229782104492, 0.2432849407196045]","[0.09175017476081848, 0.15434187650680542, 0.5106229782104492, 0.2432849407196045]",,,,
87287,696,-62.722225236595854,227,249.0599822998047,mlp,,9472,77347,0,0,9472,77347,0,0,0.0,0.0,True,"[0.09749311208724976, 0.11632304638624191, 0.45914918184280396, 0.3270346224308014]","[0.09749311208724976, 0.11632304638624191, 0.45914918184280396, 0.3270346224308014]",,,,
87417,697,-4.8579862310067625,130,,mlp,,9472,77347,0,0,9472,77347,0,0,0.0,0.0,True,"[0.06427747011184692, 0.13032498955726624, 0.643734335899353, 0.16166312992572784]","[0.06427747011184692, 0.13032498955726624, 0.643734335899353, 0.16166312992572784]",,,,
87530,698,-179.46885056488713,113,,mlp,,9472,77347,0,0,9472,77347,0,0,0.0,0.0,True,"[0.08249387890100479, 0.021120581775903702, 0.17881809175014496, 0.717567503452301]","[0.08249387890100479, 0.021120581775903702, 0.17881809175014496, 0.717567503452301]",,,,
87692,699,-44.78338532325563,162,,mlp,,9472,77347,0,0,9472,77347,0,0,0.0,0.0,True,"[0.038601353764534, 0.12605921924114227, 0.7454255223274231, 0.08991393446922302]","[0.038601353764534, 0.12605921924114227, 0.7454255223274231, 0.08991393446922302]",,,,
87845,700,-16.785098878771024,153,323.7455749511719,mlp,,9478,77867,0,0,9478,77867,0,0,0.0,0.0,True,"[0.032372888177633286, 0.29396528005599976, 0.6309037208557129, 0.042758189141750336]","[0.032372888177633286, 0.29396528005599976, 0.6309037208557129, 0.042758189141750336]",,,,
87976,701,-113.95908214982079,131,,mlp,,9478,77867,0,0,9478,77867,0,0,0.0,0.0,True,"[0.08334746211767197, 0.2991727590560913, 0.48621493577957153, 0.13126486539840698]","[0.08334746211767197, 0.2991727590560913, 0.48621493577957153, 0.13126486539840698]",,,,
88157,702,-38.394559149714546,181,,mlp,,9478,77867,0,0,9478,77867,0,0,0.0,0.0,True,"[0.09023299068212509, 0.11134456098079681, 0.5358278155326843, 0.26259469985961914]","[0.09023299068212509, 0.11134456098079681, 0.5358278155326843, 0.26259469985961914]",,,,
88350,703,-157.95999659599914,193,,mlp,,9478,77867,0,0,9478,77867,0,0,0.0,0.0,True,"[0.12973877787590027, 0.07585074007511139, 0.36025530099868774, 0.4341551661491394]","[0.12973877787590027, 0.07585074007511139, 0.36025530099868774, 0.4341551661491394]",,,,
88453,704,-10.057700959737346,103,406.82635498046875,mlp,,9487,78466,0,0,9487,78466,0,0,0.0,0.0,True,"[0.08896609395742416, 0.26106101274490356, 0.5104156732559204, 0.13955724239349365]","[0.08896609395742416, 0.26106101274490356, 0.5104156732559204, 0.13955724239349365]",,,,
88608,705,-31.058109033566268,155,,mlp,,9487,78466,0,0,9487,78466,0,0,0.0,0.0,True,"[0.08764997124671936, 0.22286738455295563, 0.5447161197662354, 0.14476647973060608]","[0.08764997124671936, 0.22286738455295563, 0.5447161197662354, 0.14476647973060608]",,,,
88817,706,-22.1224016300922,209,,mlp,,9487,78466,0,0,9487,78466,0,0,0.0,0.0,True,"[0.031344540417194366, 0.09891695529222488, 0.7857131361961365, 0.08402539044618607]","[0.031344540417194366, 0.09891695529222488, 0.7857131361961365, 0.08402539044618607]",,,,
88973,707,13.582071133578296,156,,mlp,,9487,78466,0,0,9487,78466,0,0,0.0,0.0,True,"[0.03620271384716034, 0.1811124086380005, 0.7113151550292969, 0.0713697299361229]","[0.03620271384716034, 0.1811124086380005, 0.7113151550292969, 0.0713697299361229]",,,,
89152,708,9.671459743441773,179,260.9757995605469,mlp,,10212,78466,0,0,10212,78466,0,0,0.0,0.0,True,"[0.06063302233815193, 0.23148933053016663, 0.6043382883071899, 0.1035393476486206]","[0.06063302233815193, 0.23148933053016663, 0.6043382883071899, 0.1035393476486206]",,,,
89264,709,32.34807692971208,112,,mlp,,10212,78466,0,0,10212,78466,0,0,0.0,0.0,True,"[0.12865611910820007, 0.1631801426410675, 0.43941086530685425, 0.26875293254852295]","[0.12865611910820007, 0.1631801426410675, 0.43941086530685425, 0.26875293254852295]",,,,
89407,710,-21.831548112391133,143,,mlp,,10212,78466,0,0,10212,78466,0,0,0.0,0.0,True,"[0.11408191919326782, 0.14487947523593903, 0.4946945607662201, 0.24634401500225067]","[0.11408191919326782, 0.14487947523593903, 0.4946945607662201, 0.24634401500225067]",,,,
89690,711,-326.35752477014523,283,,mlp,,10212,78466,0,0,10212,78466,0,0,0.0,0.0,True,"[0.027310311794281006, 0.6344382762908936, 0.3250914514064789, 0.013159980066120625]","[0.027310311794281006, 0.6344382762908936, 0.3250914514064789, 0.013159980066120625]",,,,
89844,712,-282.28573652845785,154,603.0487670898438,mlp,,10233,79111,0,0,10233,79111,0,0,0.0,0.0,True,"[0.02636166475713253, 0.0019926405511796474, 0.05104925483465195, 0.9205964207649231]","[0.02636166475713253, 0.0019926405511796474, 0.05104925483465195, 0.9205964207649231]",,,,
90010,713,-17.596943995453714,166,,mlp,,10233,79111,0,0,10233,79111,0,0,0.0,0.0,True,"[0.060065221041440964, 0.2503927946090698, 0.5883941054344177, 0.10114789754152298]","[0.060065221041440964, 0.2503927946090698, 0.5883941054344177, 0.10114789754152298]",,,,
90192,714,-137.86638389415887,182,,mlp,,10233,79111,0,0,10233,79111,0,0,0.0,0.0,True,"[0.03923480957746506, 0.079142726957798, 0.7356622219085693, 0.1459602415561676]","[0.03923480957746506, 0.079142726957798, 0.7356622219085693, 0.1459602415561676]",,,,
90383,715,-28.897130651829954,191,,mlp,,10233,79111,0,0,10233,79111,0,0,0.0,0.0,True,"[0.0895090401172638, 0.10234468430280685, 0.4974921941757202, 0.31065401434898376]","[0.0895090401172638, 0.10234468430280685, 0.4974921941757202, 0.31065401434898376]",,,,
90546,716,-84.39495181887789,163,258.3935852050781,mlp,,10276,79770,0,0,10276,79770,0,0,0.0,0.0,True,"[0.04657675325870514, 0.11112318933010101, 0.7319666743278503, 0.1103333830833435]","[0.04657675325870514, 0.11112318933010101, 0.7319666743278503, 0.1103333830833435]",,,,
90878,717,-239.18456523958918,332,,mlp,,10276,79770,0,0,10276,79770,0,0,0.0,0.0,True,"[0.0760941132903099, 0.023889539763331413, 0.227962926030159, 0.6720533967018127]","[0.0760941132903099, 0.023889539763331413, 0.227962926030159, 0.6720533967018127]",,,,
91032,718,-12.46835777164658,154,,mlp,,10276,79770,0,0,10276,79770,0,0,0.0,0.0,True,"[0.04919979348778725, 0.18468891084194183, 0.6769669055938721, 0.08914434909820557]","[0.04919979348778725, 0.18468891084194183, 0.6769669055938721, 0.08914434909820557]",,,,
91204,719,11.958208030920574,172,,mlp,,10276,79770,0,0,10276,79770,0,0,0.0,0.0,True,"[0.04928668215870857, 0.2319338172674179, 0.6400845050811768, 0.07869499176740646]","[0.04928668215870857, 0.2319338172674179, 0.6400845050811768, 0.07869499176740646]",,,,
91361,720,37.84280856438451,157,310.4552917480469,mlp,,10292,80569,0,0,10292,80569,0,0,0.0,0.0,True,"[0.10483022034168243, 0.10143845528364182, 0.45586684346199036, 0.3378644287586212]","[0.10483022034168243, 0.10143845528364182, 0.45586684346199036, 0.3378644287586212]",,,,
91578,721,-78.14612127925422,217,,mlp,,10292,80569,0,0,10292,80569,0,0,0.0,0.0,True,"[0.04908908158540726, 0.11336441338062286, 0.707021176815033, 0.1305253952741623]","[0.04908908158540726, 0.11336441338062286, 0.707021176815033, 0.1305253952741623]",,,,
91742,722,-78.0053186511929,164,,mlp,,10292,80569,0,0,10292,80569,0,0,0.0,0.0,True,"[0.05937788635492325, 0.18265515565872192, 0.6158009171485901, 0.14216607809066772]","[0.05937788635492325, 0.18265515565872192, 0.6158009171485901, 0.14216607809066772]",,,,
91843,723,-25.95464267631654,101,,mlp,,10292,80569,0,0,10292,80569,0,0,0.0,0.0,True,"[0.12011975049972534, 0.22135725617408752, 0.46208083629608154, 0.19644223153591156]","[0.12011975049972534, 0.22135725617408752, 0.46208083629608154, 0.19644223153591156]",,,,
92250,724,-120.71266880410741,407,200.8634490966797,mlp,,10311,81439,0,0,10311,81439,0,0,0.0,0.0,True,"[0.1649504452943802, 0.16275188326835632, 0.37494826316833496, 0.2973494827747345]","[0.1649504452943802, 0.16275188326835632, 0.37494826316833496, 0.2973494827747345]",,,,
92342,725,-13.374709883326645,92,,mlp,,10311,81439,0,0,10311,81439,0,0,0.0,0.0,True,"[0.0256528090685606, 0.27090728282928467, 0.6733240485191345, 0.030115807428956032]","[0.0256528090685606, 0.27090728282928467, 0.6733240485191345, 0.030115807428956032]",,,,
92453,726,26.488599785093797,111,,mlp,,10311,81439,0,0,10311,81439,0,0,0.0,0.0,True,"[0.14307741820812225, 0.14647208154201508, 0.3828071653842926, 0.32764333486557007]","[0.14307741820812225, 0.14647208154201508, 0.3828071653842926, 0.32764333486557007]",,,,
92673,727,-26.45543043594307,220,,mlp,,10311,81439,0,0,10311,81439,0,0,0.0,0.0,True,"[0.04490315541625023, 0.16123512387275696, 0.7121082544326782, 0.0817534476518631]","[0.04490315541625023, 0.16123512387275696, 0.7121082544326782, 0.0817534476518631]",,,,
92844,728,-25.56740849063347,171,338.0733337402344,mlp,,10322,82022,0,0,10322,82022,0,0,0.0,0.0,True,"[0.043277934193611145, 0.15229986608028412, 0.7104674577713013, 0.09395474195480347]","[0.043277934193611145, 0.15229986608028412, 0.7104674577713013, 0.09395474195480347]",,,,
93041,729,-39.114096384331816,197,,mlp,,10322,82022,0,0,10322,82022,0,0,0.0,0.0,True,"[0.045042164623737335, 0.1707838475704193, 0.7085850238800049, 0.07558891922235489]","[0.045042164623737335, 0.1707838475704193, 0.7085850238800049, 0.07558891922235489]",,,,
93201,730,-2.7001771448943543,160,,mlp,,10322,82022,0,0,10322,82022,0,0,0.0,0.0,True,"[0.04153190553188324, 0.19750425219535828, 0.692507266998291, 0.06845656037330627]","[0.04153190553188324, 0.19750425219535828, 0.692507266998291, 0.06845656037330627]",,,,
93361,731,-169.4562003301418,160,,mlp,,10322,82022,0,0,10322,82022,0,0,0.0,0.0,True,"[0.011996729299426079, 0.6158679723739624, 0.36717453598976135, 0.004960781428962946]","[0.011996729299426079, 0.6158679723739624, 0.36717453598976135, 0.004960781428962946]",,,,
93579,732,-27.15200343426841,218,236.8600311279297,mlp,,10343,82736,0,0,10343,82736,0,0,0.0,0.0,True,"[0.10033044964075089, 0.18819260597229004, 0.5270119309425354, 0.18446509540081024]","[0.10033044964075089, 0.18819260597229004, 0.5270119309425354, 0.18446509540081024]",,,,
93682,733,-49.678180970669786,103,,mlp,,10343,82736,0,0,10343,82736,0,0,0.0,0.0,True,"[0.04890536144375801, 0.12580828368663788, 0.7157893180847168, 0.10949697345495224]","[0.04890536144375801, 0.12580828368663788, 0.7157893180847168, 0.10949697345495224]",,,,
93854,734,-75.3519370542501,172,,mlp,,10343,82736,0,0,10343,82736,0,0,0.0,0.0,True,"[0.060899779200553894, 0.12821774184703827, 0.6642699837684631, 0.1466124951839447]","[0.060899779200553894, 0.12821774184703827, 0.6642699837684631, 0.1466124951839447]",,,,
94024,735,2.4729385595710767,170,,mlp,,10343,82736,0,0,10343,82736,0,0,0.0,0.0,True,"[0.10573888570070267, 0.2074875384569168, 0.4781411588191986, 0.20863240957260132]","[0.10573888570070267, 0.2074875384569168, 0.4781411588191986, 0.20863240957260132]",,,,
94249,736,-213.22372557249258,225,360.92376708984375,mlp,,10364,83385,0,0,10364,83385,0,0,0.0,0.0,True,"[0.07989443093538284, 0.033900968730449677, 0.34956178069114685, 0.536642849445343]","[0.07989443093538284, 0.033900968730449677, 0.34956178069114685, 0.536642849445343]",,,,
94472,737,-177.3801358664462,223,,mlp,,10364,83385,0,0,10364,83385,0,0,0.0,0.0,True,"[0.027459347620606422, 0.6603490114212036, 0.3032323718070984, 0.008959367871284485]","[0.027459347620606422, 0.6603490114212036, 0.3032323718070984, 0.008959367871284485]",,,,
94691,738,-53.492746033182144,219,,mlp,,10364,83385,0,0,10364,83385,0,0,0.0,0.0,True,"[0.09277796745300293, 0.10830368101596832, 0.5056648850440979, 0.29325345158576965]","[0.09277796745300293, 0.10830368101596832, 0.5056648850440979, 0.29325345158576965]",,,,
94889,739,-29.133997441994694,198,,mlp,,10364,83385,0,0,10364,83385,0,0,0.0,0.0,True,"[0.1039777547121048, 0.1203385591506958, 0.4495129883289337, 0.3261707127094269]","[0.1039777547121048, 0.1203385591506958, 0.4495129883289337, 0.3261707127094269]",,,,
95165,740,11.288021379390585,276,264.7771301269531,mlp,,10378,84287,0,0,10378,84287,0,0,0.0,0.0,True,"[0.09160174429416656, 0.28364109992980957, 0.4836502969264984, 0.14110688865184784]","[0.09160174429416656, 0.28364109992980957, 0.4836502969264984, 0.14110688865184784]",,,,
96165,741,-10.799288237198173,1000,,mlp,,10378,84287,0,0,10378,84287,0,0,0.0,0.0,True,"[0.13645456731319427, 0.30052825808525085, 0.41262704133987427, 0.15039004385471344]","[0.13645456731319427, 0.30052825808525085, 0.41262704133987427, 0.15039004385471344]",,,,
96366,742,-67.23938366490833,201,,mlp,,10378,84287,0,0,10378,84287,0,0,0.0,0.0,True,"[0.0841277688741684, 0.2588658928871155, 0.5416594743728638, 0.11534689366817474]","[0.0841277688741684, 0.2588658928871155, 0.5416594743728638, 0.11534689366817474]",,,,
96559,743,-187.31972083017672,193,,mlp,,10378,84287,0,0,10378,84287,0,0,0.0,0.0,True,"[0.05986008420586586, 0.010597942396998405, 0.12977805733680725, 0.7997638583183289]","[0.05986008420586586, 0.010597942396998405, 0.12977805733680725, 0.7997638583183289]",,,,
96775,744,-270.0393380379153,216,338.2156982421875,mlp,,10406,85869,0,0,10406,85869,0,0,0.0,0.0,True,"[0.025557102635502815, 0.002010803669691086, 0.07860556989908218, 0.8938264846801758]","[0.025557102635502815, 0.002010803669691086, 0.07860556989908218, 0.8938264846801758]",,,,
96908,745,-167.63738494320907,133,,mlp,,10406,85869,0,0,10406,85869,0,0,0.0,0.0,True,"[0.06443320214748383, 0.010923072695732117, 0.11294925957918167, 0.8116944432258606]","[0.06443320214748383, 0.010923072695732117, 0.11294925957918167, 0.8116944432258606]",,,,
97124,746,-71.34008578193702,216,,mlp,,10406,85869,0,0,10406,85869,0,0,0.0,0.0,True,"[0.05878520384430885, 0.09523706138134003, 0.6876863241195679, 0.15829142928123474]","[0.05878520384430885, 0.09523706138134003, 0.6876863241195679, 0.15829142928123474]",,,,
98124,747,37.036455692096865,1000,,mlp,,10406,85869,0,0,10406,85869,0,0,0.0,0.0,True,"[0.10560225695371628, 0.23143696784973145, 0.5169453620910645, 0.14601542055606842]","[0.10560225695371628, 0.23143696784973145, 0.5169453620910645, 0.14601542055606842]",,,,
98228,748,-15.87588400227527,104,216.94683837890625,mlp,,10414,87314,0,0,10414,87314,0,0,0.0,0.0,True,"[0.0993640273809433, 0.10821355879306793, 0.46568357944488525, 0.3267388343811035]","[0.0993640273809433, 0.10821355879306793, 0.46568357944488525, 0.3267388343811035]",,,,
98324,749,24.149268070350686,96,,mlp,,10414,87314,0,0,10414,87314,0,0,0.0,0.0,True,"[0.08327310532331467, 0.1522727757692337, 0.580588698387146, 0.18386536836624146]","[0.08327310532331467, 0.1522727757692337, 0.580588698387146, 0.18386536836624146]",,,,
98464,750,4.571566465841343,140,,mlp,,10414,87314,0,0,10414,87314,0,0,0.0,0.0,True,"[0.04409502446651459, 0.3236484229564667, 0.5854463577270508, 0.046810198575258255]","[0.04409502446651459, 0.3236484229564667, 0.5854463577270508, 0.046810198575258255]",,,,
98696,751,-44.03060236133608,232,,mlp,,10414,87314,0,0,10414,87314,0,0,0.0,0.0,True,"[0.08510391414165497, 0.27300190925598145, 0.5152968764305115, 0.12659725546836853]","[0.08510391414165497, 0.27300190925598145, 0.5152968764305115, 0.12659725546836853]",,,,
99142,752,-139.97727134176841,446,270.4513244628906,mlp,,10435,88206,0,0,10435,88206,1,1,0.0,0.0,True,"[0.18734310567378998, 0.15669076144695282, 0.3270544707775116, 0.3289116322994232]","[0.18734310567378998, 0.15669076144695282, 0.3270544707775116, 0.3289116322994232]",,,,
99267,753,-34.131875591626596,125,,mlp,,10435,88206,0,0,10435,88206,1,1,0.0,0.0,True,"[0.09047572314739227, 0.17476686835289001, 0.5632817149162292, 0.17147569358348846]","[0.09047572314739227, 0.17476686835289001, 0.5632817149162292, 0.17147569358348846]",,,,
99391,754,33.46353169684133,124,,mlp,,10435,88206,0,0,10435,88206,1,1,0.0,0.0,True,"[0.10374186187982559, 0.11225048452615738, 0.48988160490989685, 0.29412606358528137]","[0.10374186187982559, 0.11225048452615738, 0.48988160490989685, 0.29412606358528137]",,,,
100391,755,-13.96468779352683,1000,,mlp,,10435,88206,0,0,10435,88206,1,1,0.0,0.0,True,"[0.17138142883777618, 0.1621832400560379, 0.3567422926425934, 0.3096930980682373]","[0.17138142883777618, 0.1621832400560379, 0.3567422926425934, 0.3096930980682373]",,,,
100549,756,-44.101989367985496,158,302.2323303222656,mlp,,10463,89585,0,0,10463,89585,1,1,0.0,0.0,True,"[0.02891645021736622, 0.4410259425640106, 0.5096648931503296, 0.020392699167132378]","[0.02891645021736622, 0.4410259425640106, 0.5096648931503296, 0.020392699167132378]",,,,
100749,757,-12.315171220057323,200,,mlp,,10463,89585,0,0,10463,89585,1,1,0.0,0.0,True,"[0.0786392018198967, 0.17387650907039642, 0.5877151489257812, 0.15976907312870026]","[0.0786392018198967, 0.17387650907039642, 0.5877151489257812, 0.15976907312870026]",,,,
100936,758,-93.8165248354857,187,,mlp,,10463,89585,0,0,10463,89585,1,1,0.0,0.0,True,"[0.03675398603081703, 0.09097208827733994, 0.7856646180152893, 0.08660934865474701]","[0.03675398603081703, 0.09097208827733994, 0.7856646180152893, 0.08660934865474701]",,,,
101058,759,-46.902140155848386,122,,mlp,,10463,89585,0,0,10463,89585,1,1,0.0,0.0,True,"[0.0467013344168663, 0.06884080171585083, 0.7242448925971985, 0.16021297872066498]","[0.0467013344168663, 0.06884080171585083, 0.7242448925971985, 0.16021297872066498]",,,,
101335,760,-1.8244910679948418,277,153.04673767089844,mlp,,10479,90355,0,0,10479,90355,1,1,0.0,0.0,True,"[0.06513241678476334, 0.2912701666355133, 0.5639744400978088, 0.07962299138307571]","[0.06513241678476334, 0.2912701666355133, 0.5639744400978088, 0.07962299138307571]",,,,
101499,761,-48.13245474672529,164,,mlp,,10479,90355,0,0,10479,90355,1,1,0.0,0.0,True,"[0.08128058165311813, 0.0467999093234539, 0.442512184381485, 0.42940738797187805]","[0.08128058165311813, 0.0467999093234539, 0.442512184381485, 0.42940738797187805]",,,,
101719,762,-18.250620695968138,220,,mlp,,10479,90355,0,0,10479,90355,1,1,0.0,0.0,True,"[0.0353546142578125, 0.1984945386648178, 0.7135180830955505, 0.05263274908065796]","[0.0353546142578125, 0.1984945386648178, 0.7135180830955505, 0.05263274908065796]",,,,
101903,763,38.20801487131624,184,,mlp,,10479,90355,0,0,10479,90355,1,1,0.0,0.0,True,"[0.0749349519610405, 0.2696017920970917, 0.5516011714935303, 0.10386207699775696]","[0.0749349519610405, 0.2696017920970917, 0.5516011714935303, 0.10386207699775696]",,,,
102903,764,-24.943571209366926,1000,221.35923767089844,mlp,,12079,90355,0,0,12079,90355,1,1,0.0,0.0,True,"[0.1445053666830063, 0.26299092173576355, 0.4188874363899231, 0.1736162006855011]","[0.1445053666830063, 0.26299092173576355, 0.4188874363899231, 0.1736162006855011]",,,,
103121,765,31.490734492945506,218,,mlp,,12079,90355,0,0,12079,90355,1,1,0.0,0.0,True,"[0.05555258318781853, 0.2448316216468811, 0.6245434284210205, 0.07507235556840897]","[0.05555258318781853, 0.2448316216468811, 0.6245434284210205, 0.07507235556840897]",,,,
103301,766,-13.319362561584214,180,,mlp,,12079,90355,0,0,12079,90355,1,1,0.0,0.0,True,"[0.08900798857212067, 0.2085328996181488, 0.5719988942146301, 0.1304602473974228]","[0.08900798857212067, 0.2085328996181488, 0.5719988942146301, 0.1304602473974228]",,,,
103451,767,-8.4463841699109,150,,mlp,,12079,90355,0,0,12079,90355,1,1,0.0,0.0,True,"[0.08452397584915161, 0.3182831406593323, 0.4956059157848358, 0.10158699750900269]","[0.08452397584915161, 0.3182831406593323, 0.4956059157848358, 0.10158699750900269]",,,,
103846,768,-151.91984630021477,395,179.94760131835938,mlp,,12086,91259,0,0,12086,91259,1,1,0.0,0.0,True,"[0.14142070710659027, 0.23864686489105225, 0.41575896739959717, 0.20417353510856628]","[0.14142070710659027, 0.23864686489105225, 0.41575896739959717, 0.20417353510856628]",,,,
104846,769,10.079036329047357,1000,,mlp,,12086,91259,0,0,12086,91259,1,1,0.0,0.0,True,"[0.14641694724559784, 0.22513847053050995, 0.43628305196762085, 0.19216151535511017]","[0.14641694724559784, 0.22513847053050995, 0.43628305196762085, 0.19216151535511017]",,,,
105846,770,-33.325836947842106,1000,,mlp,,12086,91259,0,0,12086,91259,1,1,0.0,0.0,True,"[0.13562452793121338, 0.2234714776277542, 0.4573270380496979, 0.18357692658901215]","[0.13562452793121338, 0.2234714776277542, 0.4573270380496979, 0.18357692658901215]",,,,
106049,771,-23.428971984931565,203,,mlp,,12086,91259,0,0,12086,91259,1,1,0.0,0.0,True,"[0.08174587041139603, 0.20812050998210907, 0.5802116990089417, 0.12992188334465027]","[0.08174587041139603, 0.20812050998210907, 0.5802116990089417, 0.12992188334465027]",,,,
106208,772,31.443794104022203,159,177.3043212890625,mlp,,12105,93602,0,0,12105,93602,1,1,0.0,0.0,True,"[0.08508170396089554, 0.24319402873516083, 0.5314653515815735, 0.14025883376598358]","[0.08508170396089554, 0.24319402873516083, 0.5314653515815735, 0.14025883376598358]",,,,
106895,773,-279.7612679885032,687,,mlp,,12105,93602,0,0,12105,93602,1,1,0.0,0.0,True,"[0.021450601518154144, 0.6670290231704712, 0.30505675077438354, 0.006463630124926567]","[0.021450601518154144, 0.6670290231704712, 0.30505675077438354, 0.006463630124926567]",,,,
107052,774,-49.95674137963802,157,,mlp,,12105,93602,0,0,12105,93602,1,1,0.0,0.0,True,"[0.035004664212465286, 0.36797285079956055, 0.5654965043067932, 0.03152599558234215]","[0.035004664212465286, 0.36797285079956055, 0.5654965043067932, 0.03152599558234215]",,,,
107205,775,-15.391162057677036,153,,mlp,,12105,93602,0,0,12105,93602,1,1,0.0,0.0,True,"[0.043468326330184937, 0.18559303879737854, 0.7097930312156677, 0.0611456073820591]","[0.043468326330184937, 0.18559303879737854, 0.7097930312156677, 0.0611456073820591]",,,,
107444,776,-12.696810319683692,239,378.2257385253906,mlp,,12128,94815,0,0,12128,94815,1,1,0.0,0.0,True,"[0.09121818095445633, 0.21143768727779388, 0.5652140378952026, 0.13213014602661133]","[0.09121818095445633, 0.21143768727779388, 0.5652140378952026, 0.13213014602661133]",,,,
107639,777,-46.143248840863265,195,,mlp,,12128,94815,0,0,12128,94815,1,1,0.0,0.0,True,"[0.02287433296442032, 0.22763538360595703, 0.7220691442489624, 0.027421103790402412]","[0.02287433296442032, 0.22763538360595703, 0.7220691442489624, 0.027421103790402412]",,,,
107897,778,-32.7466804036042,258,,mlp,,12128,94815,0,0,12128,94815,1,1,0.0,0.0,True,"[0.058403920382261276, 0.31227242946624756, 0.563831627368927, 0.06549201160669327]","[0.058403920382261276, 0.31227242946624756, 0.563831627368927, 0.06549201160669327]",,,,
108894,779,-238.08098887638636,997,,mlp,,12128,94815,0,0,12128,94815,1,1,0.0,0.0,True,"[0.19111791253089905, 0.17714937031269073, 0.3441811203956604, 0.28755155205726624]","[0.19111791253089905, 0.17714937031269073, 0.3441811203956604, 0.28755155205726624]",,,,
109103,780,-264.8904500436584,209,371.23150634765625,mlp,,12144,96458,0,0,12144,96458,1,1,0.0,0.0,True,"[0.00850395392626524, 0.7820698022842407, 0.20769260823726654, 0.0017336370656266809]","[0.00850395392626524, 0.7820698022842407, 0.20769260823726654, 0.0017336370656266809]",,,,
109271,781,4.65215164801495,168,,mlp,,12144,96458,0,0,12144,96458,1,1,0.0,0.0,True,"[0.09172599762678146, 0.08317279815673828, 0.5222369432449341, 0.30286431312561035]","[0.09172599762678146, 0.08317279815673828, 0.5222369432449341, 0.30286431312561035]",,,,
109569,782,-262.8228336365099,298,,mlp,,12144,96458,0,0,12144,96458,1,1,0.0,0.0,True,"[0.012400518171489239, 0.7257093191146851, 0.2589627206325531, 0.0029274127446115017]","[0.012400518171489239, 0.7257093191146851, 0.2589627206325531, 0.0029274127446115017]",,,,
109807,783,-24.747478416078593,238,,mlp,,12144,96458,0,0,12144,96458,1,1,0.0,0.0,True,"[0.05615213140845299, 0.2749747335910797, 0.5965666174888611, 0.0723065435886383]","[0.05615213140845299, 0.2749747335910797, 0.5965666174888611, 0.0723065435886383]",,,,
110074,784,-12.338169128107495,267,370.5707092285156,mlp,,13144,96458,0,0,13144,96458,1,1,0.0,0.0,True,"[0.08494491875171661, 0.09117007255554199, 0.5647364854812622, 0.2591484785079956]","[0.08494491875171661, 0.09117007255554199, 0.5647364854812622, 0.2591484785079956]",,,,
110328,785,-7.764023839261725,254,,mlp,,13144,96458,0,0,13144,96458,1,1,0.0,0.0,True,"[0.0385131873190403, 0.2564452290534973, 0.6565433740615845, 0.048498209565877914]","[0.0385131873190403, 0.2564452290534973, 0.6565433740615845, 0.048498209565877914]",,,,
111328,786,9.809648143376863,1000,,mlp,,13144,96458,0,0,13144,96458,1,1,0.0,0.0,True,"[0.15351979434490204, 0.22799798846244812, 0.4127706289291382, 0.20571161806583405]","[0.15351979434490204, 0.22799798846244812, 0.4127706289291382, 0.20571161806583405]",,,,
111527,787,-13.050057816212842,199,,mlp,,13144,96458,0,0,13144,96458,1,1,0.0,0.0,True,"[0.08098775148391724, 0.1521991491317749, 0.5838112235069275, 0.18300192058086395]","[0.08098775148391724, 0.1521991491317749, 0.5838112235069275, 0.18300192058086395]",,,,
112263,788,-321.43481046906527,736,242.40115356445312,mlp,,13154,98608,0,0,13154,98608,1,1,0.0,0.0,True,"[0.04539531096816063, 0.005772813688963652, 0.09877585619688034, 0.8500560522079468]","[0.04539531096816063, 0.005772813688963652, 0.09877585619688034, 0.8500560522079468]",,,,
112476,789,-77.66665045428441,213,,mlp,,13154,98608,0,0,13154,98608,1,1,0.0,0.0,True,"[0.03550609573721886, 0.08983959257602692, 0.7755997180938721, 0.09905460476875305]","[0.03550609573721886, 0.08983959257602692, 0.7755997180938721, 0.09905460476875305]",,,,
113476,790,18.9579492061372,1000,,mlp,,13154,98608,0,0,13154,98608,1,1,0.0,0.0,True,"[0.12797939777374268, 0.24979591369628906, 0.4323163628578186, 0.1899082511663437]","[0.12797939777374268, 0.24979591369628906, 0.4323163628578186, 0.1899082511663437]",,,,
113612,791,-186.28738348597903,136,,mlp,,13154,98608,0,0,13154,98608,1,1,0.0,0.0,True,"[0.011357604525983334, 0.7765852808952332, 0.20959444344043732, 0.002462756121531129]","[0.011357604525983334, 0.7765852808952332, 0.20959444344043732, 0.002462756121531129]",,,,
113772,792,-19.62309729151876,160,218.11842346191406,mlp,,13170,100101,0,0,13170,100101,1,1,0.0,0.0,True,"[0.03747814893722534, 0.16327370703220367, 0.7353368401527405, 0.0639113187789917]","[0.03747814893722534, 0.16327370703220367, 0.7353368401527405, 0.0639113187789917]",,,,
114772,793,-87.28411261524434,1000,,mlp,,13170,100101,0,0,13170,100101,1,1,0.0,0.0,True,"[0.14115136861801147, 0.17381247878074646, 0.42283889651298523, 0.2621973156929016]","[0.14115136861801147, 0.17381247878074646, 0.42283889651298523, 0.2621973156929016]",,,,
115772,794,-65.409534357948,1000,,mlp,,13170,100101,0,0,13170,100101,1,1,0.0,0.0,True,"[0.14122137427330017, 0.14429469406604767, 0.4066632091999054, 0.3078206777572632]","[0.14122137427330017, 0.14429469406604767, 0.4066632091999054, 0.3078206777572632]",,,,
116772,795,-32.42408406408618,1000,,mlp,,13170,100101,0,0,13170,100101,1,1,0.0,0.0,True,"[0.08245965838432312, 0.3267512917518616, 0.4876525402069092, 0.10313655436038971]","[0.08245965838432312, 0.3267512917518616, 0.4876525402069092, 0.10313655436038971]",,,,
117214,796,-295.5747737478953,442,257.23974609375,mlp,,16650,100101,0,0,16650,100101,1,1,0.0,0.0,True,"[0.020847748965024948, 0.6734904646873474, 0.30028235912323, 0.0053793746046721935]","[0.020847748965024948, 0.6734904646873474, 0.30028235912323, 0.0053793746046721935]",,,,
117441,797,-21.73396852819465,227,,mlp,,16650,100101,0,0,16650,100101,1,1,0.0,0.0,True,"[0.0635199025273323, 0.13095438480377197, 0.6665420532226562, 0.13898375630378723]","[0.0635199025273323, 0.13095438480377197, 0.6665420532226562, 0.13898375630378723]",,,,
117556,798,-60.85319825906476,115,,mlp,,16650,100101,0,0,16650,100101,1,1,0.0,0.0,True,"[0.030090967193245888, 0.06817994266748428, 0.8089657425880432, 0.09276332706212997]","[0.030090967193245888, 0.06817994266748428, 0.8089657425880432, 0.09276332706212997]",,,,
117942,799,-129.62444557430933,386,,mlp,,16650,100101,0,0,16650,100101,1,1,0.0,0.0,True,"[0.05376860499382019, 0.19087150692939758, 0.6713359951972961, 0.0840238705277443]","[0.05376860499382019, 0.19087150692939758, 0.6713359951972961, 0.0840238705277443]",,,,
118179,800,32.25760466059924,237,183.95352172851562,mlp,,16654,101024,0,0,16654,101024,1,1,0.0,0.0,True,"[0.06236202269792557, 0.29867759346961975, 0.5627495646476746, 0.07621080428361893]","[0.06236202269792557, 0.29867759346961975, 0.5627495646476746, 0.07621080428361893]",,,,
118456,801,-25.649142184926234,277,,mlp,,16654,101024,0,0,16654,101024,1,1,0.0,0.0,True,"[0.041561443358659744, 0.2083885669708252, 0.6815346479415894, 0.06851533055305481]","[0.041561443358659744, 0.2083885669708252, 0.6815346479415894, 0.06851533055305481]",,,,
118583,802,-8.019210942866792,127,,mlp,,16654,101024,0,0,16654,101024,1,1,0.0,0.0,True,"[0.07329339534044266, 0.08001786470413208, 0.5778449773788452, 0.26884377002716064]","[0.07329339534044266, 0.08001786470413208, 0.5778449773788452, 0.26884377002716064]",,,,
118761,803,-1.3622211592130782,178,,mlp,,16654,101024,0,0,16654,101024,1,1,0.0,0.0,True,"[0.044559162110090256, 0.18287192285060883, 0.7060069441795349, 0.06656203418970108]","[0.044559162110090256, 0.18287192285060883, 0.7060069441795349, 0.06656203418970108]",,,,
118942,804,-7.5751210181741016,181,263.1322021484375,mlp,,16687,101754,0,0,16687,101754,1,1,0.0,0.0,True,"[0.07605491578578949, 0.19905558228492737, 0.5681591033935547, 0.15673033893108368]","[0.07605491578578949, 0.19905558228492737, 0.5681591033935547, 0.15673033893108368]",,,,
119120,805,5.095317769657271,178,,mlp,,16687,101754,0,0,16687,101754,1,1,0.0,0.0,True,"[0.07646623998880386, 0.27415239810943604, 0.5600666403770447, 0.08931470662355423]","[0.07646623998880386, 0.27415239810943604, 0.5600666403770447, 0.08931470662355423]",,,,
119401,806,3.6562688888460855,281,,mlp,,16687,101754,0,0,16687,101754,1,1,0.0,0.0,True,"[0.07449927926063538, 0.320944607257843, 0.5077139139175415, 0.09684214740991592]","[0.07449927926063538, 0.320944607257843, 0.5077139139175415, 0.09684214740991592]",,,,
119543,807,-10.32911657979021,142,,mlp,,16687,101754,0,0,16687,101754,1,1,0.0,0.0,True,"[0.06251314282417297, 0.33841779828071594, 0.546854555606842, 0.05221446603536606]","[0.06251314282417297, 0.33841779828071594, 0.546854555606842, 0.05221446603536606]",,,,
119725,808,-36.41222435647842,182,287.5685119628906,mlp,,17509,101754,0,0,17509,101754,1,1,0.0,0.0,True,"[0.08857332170009613, 0.08200456947088242, 0.539952278137207, 0.28946977853775024]","[0.08857332170009613, 0.08200456947088242, 0.539952278137207, 0.28946977853775024]",,,,
120725,809,-24.71922066406872,1000,,mlp,,17509,101754,0,0,17509,101754,1,1,0.0,0.0,True,"[0.10638333112001419, 0.3835172951221466, 0.41037264466285706, 0.09972668439149857]","[0.10638333112001419, 0.3835172951221466, 0.41037264466285706, 0.09972668439149857]",,,,
120987,810,-272.803199331526,262,,mlp,,17509,101754,0,0,17509,101754,1,1,0.0,0.0,True,"[0.03710516169667244, 0.003894318360835314, 0.11477427929639816, 0.8442263007164001]","[0.03710516169667244, 0.003894318360835314, 0.11477427929639816, 0.8442263007164001]",,,,
121211,811,3.5009392976757567,224,,mlp,,17509,101754,0,0,17509,101754,1,1,0.0,0.0,True,"[0.05098043754696846, 0.30043846368789673, 0.5928736925125122, 0.05570739880204201]","[0.05098043754696846, 0.30043846368789673, 0.5928736925125122, 0.05570739880204201]",,,,
121412,812,9.83155338497113,201,331.8612060546875,mlp,,17509,103402,0,0,17509,103402,1,1,0.0,0.0,True,"[0.07783398777246475, 0.1612231433391571, 0.5901612639427185, 0.17078158259391785]","[0.07783398777246475, 0.1612231433391571, 0.5901612639427185, 0.17078158259391785]",,,,
121703,813,-178.17075050714118,291,,mlp,,17509,103402,0,0,17509,103402,1,1,0.0,0.0,True,"[0.04932026192545891, 0.008270715363323689, 0.1399669498205185, 0.8024421334266663]","[0.04932026192545891, 0.008270715363323689, 0.1399669498205185, 0.8024421334266663]",,,,
121906,814,-40.14595896217307,203,,mlp,,17509,103402,0,0,17509,103402,1,1,0.0,0.0,True,"[0.06235469505190849, 0.37268343567848206, 0.5076544284820557, 0.057307466864585876]","[0.06235469505190849, 0.37268343567848206, 0.5076544284820557, 0.057307466864585876]",,,,
122196,815,-88.85907983530285,290,,mlp,,17509,103402,0,0,17509,103402,1,1,0.0,0.0,True,"[0.1260947585105896, 0.09687447547912598, 0.43061333894729614, 0.3464174270629883]","[0.1260947585105896, 0.09687447547912598, 0.43061333894729614, 0.3464174270629883]",,,,
122439,816,-17.92113851810889,243,334.842529296875,mlp,,17522,104416,0,0,17522,104416,1,1,0.0,0.0,True,"[0.03869732469320297, 0.2669296860694885, 0.6486379504203796, 0.045735061168670654]","[0.03869732469320297, 0.2669296860694885, 0.6486379504203796, 0.045735061168670654]",,,,
123439,817,-33.631990994618576,1000,,mlp,,17522,104416,0,0,17522,104416,1,1,0.0,0.0,True,"[0.1412442922592163, 0.22596944868564606, 0.444235622882843, 0.18855056166648865]","[0.1412442922592163, 0.22596944868564606, 0.444235622882843, 0.18855056166648865]",,,,
123588,818,36.71122864602182,149,,mlp,,17522,104416,0,0,17522,104416,1,1,0.0,0.0,True,"[0.06616692990064621, 0.29807308316230774, 0.5499752759933472, 0.08578464388847351]","[0.06616692990064621, 0.29807308316230774, 0.5499752759933472, 0.08578464388847351]",,,,
124405,819,-314.73384032270576,817,,mlp,,17522,104416,0,0,17522,104416,1,1,0.0,0.0,True,"[0.05789579823613167, 0.008710412308573723, 0.1589786857366562, 0.7744150757789612]","[0.05789579823613167, 0.008710412308573723, 0.1589786857366562, 0.7744150757789612]",,,,
124617,820,-44.05801427873901,212,214.74229431152344,mlp,,17558,106558,0,0,17558,106558,1,1,0.0,0.0,True,"[0.03275516629219055, 0.09761656075716019, 0.787144660949707, 0.08248353749513626]","[0.03275516629219055, 0.09761656075716019, 0.787144660949707, 0.08248353749513626]",,,,
124748,821,-27.61712810333472,131,,mlp,,17558,106558,0,0,17558,106558,1,1,0.0,0.0,True,"[0.028626978397369385, 0.3417114019393921, 0.6066650152206421, 0.022996624931693077]","[0.028626978397369385, 0.3417114019393921, 0.6066650152206421, 0.022996624931693077]",,,,
124963,822,-246.7320250306981,215,,mlp,,17558,106558,0,0,17558,106558,1,1,0.0,0.0,True,"[0.02174452692270279, 0.0014390168944373727, 0.0729704201221466, 0.9038460850715637]","[0.02174452692270279, 0.0014390168944373727, 0.0729704201221466, 0.9038460850715637]",,,,
125963,823,48.81346599505174,1000,,mlp,,17558,106558,0,0,17558,106558,1,1,0.0,0.0,True,"[0.10290452837944031, 0.2610115706920624, 0.5153976678848267, 0.12068631500005722]","[0.10290452837944031, 0.2610115706920624, 0.5153976678848267, 0.12068631500005722]",,,,
126137,824,3.6649777590741337,174,304.4064636230469,mlp,,17580,108056,0,0,17580,108056,1,1,0.0,0.0,True,"[0.04481794685125351, 0.2464596927165985, 0.644395649433136, 0.06432666629552841]","[0.04481794685125351, 0.2464596927165985, 0.644395649433136, 0.06432666629552841]",,,,
126367,825,-13.129565673786985,230,,mlp,,17580,108056,0,0,17580,108056,1,1,0.0,0.0,True,"[0.04162806272506714, 0.4064435064792633, 0.5151458382606506, 0.03678252175450325]","[0.04162806272506714, 0.4064435064792633, 0.5151458382606506, 0.03678252175450325]",,,,
126631,826,3.857009968754511,264,,mlp,,17580,108056,0,0,17580,108056,1,1,0.0,0.0,True,"[0.08213464915752411, 0.12777303159236908, 0.5798037648200989, 0.21028859913349152]","[0.08213464915752411, 0.12777303159236908, 0.5798037648200989, 0.21028859913349152]",,,,
126777,827,-26.109943910909678,146,,mlp,,17580,108056,0,0,17580,108056,1,1,0.0,0.0,True,"[0.026867693290114403, 0.22038163244724274, 0.7241655588150024, 0.028585104271769524]","[0.026867693290114403, 0.22038163244724274, 0.7241655588150024, 0.028585104271769524]",,,,
126943,828,17.387137225876558,166,213.0382080078125,mlp,,17600,108842,0,0,17600,108842,1,1,0.0,0.0,True,"[0.05260250344872475, 0.2233540117740631, 0.6469463109970093, 0.07709717005491257]","[0.05260250344872475, 0.2233540117740631, 0.6469463109970093, 0.07709717005491257]",,,,
127172,829,-222.78063958014502,229,,mlp,,17600,108842,0,0,17600,108842,1,1,0.0,0.0,True,"[0.06925730407238007, 0.010193949565291405, 0.14297881722450256, 0.7775699496269226]","[0.06925730407238007, 0.010193949565291405, 0.14297881722450256, 0.7775699496269226]",,,,
127336,830,11.074854749015046,164,,mlp,,17600,108842,0,0,17600,108842,1,1,0.0,0.0,True,"[0.07663000375032425, 0.07479338347911835, 0.5791274905204773, 0.2694491744041443]","[0.07663000375032425, 0.07479338347911835, 0.5791274905204773, 0.2694491744041443]",,,,
127473,831,37.07105951463117,137,,mlp,,17600,108842,0,0,17600,108842,1,1,0.0,0.0,True,"[0.06688641756772995, 0.3278900980949402, 0.5303338170051575, 0.07488968968391418]","[0.06688641756772995, 0.3278900980949402, 0.5303338170051575, 0.07488968968391418]",,,,
127662,832,-240.5720023848862,189,597.1229248046875,mlp,,17622,109539,0,0,17622,109539,1,1,0.0,0.0,True,"[0.03902500495314598, 0.004899858497083187, 0.10712044686079025, 0.8489546775817871]","[0.03902500495314598, 0.004899858497083187, 0.10712044686079025, 0.8489546775817871]",,,,
127905,833,-61.51840275217711,243,,mlp,,17622,109539,0,0,17622,109539,1,1,0.0,0.0,True,"[0.11676783859729767, 0.1297299563884735, 0.4853985905647278, 0.26810359954833984]","[0.11676783859729767, 0.1297299563884735, 0.4853985905647278, 0.26810359954833984]",,,,
128799,834,-147.40402072858245,894,,mlp,,17622,109539,0,0,17622,109539,1,1,0.0,0.0,True,"[0.08354905992746353, 0.04665473476052284, 0.44739651679992676, 0.42239969968795776]","[0.08354905992746353, 0.04665473476052284, 0.44739651679992676, 0.42239969968795776]",,,,
128948,835,-28.05280708029268,149,,mlp,,17622,109539,0,0,17622,109539,1,1,0.0,0.0,True,"[0.03596217930316925, 0.11402501910924911, 0.7810621857643127, 0.06895068287849426]","[0.03596217930316925, 0.11402501910924911, 0.7810621857643127, 0.06895068287849426]",,,,
129167,836,-15.52965118685485,219,169.39834594726562,mlp,,17653,111013,0,0,17653,111013,1,1,0.0,0.0,True,"[0.06852944195270538, 0.23049138486385345, 0.5905872583389282, 0.11039195209741592]","[0.06852944195270538, 0.23049138486385345, 0.5905872583389282, 0.11039195209741592]",,,,
130167,837,-13.139957093274646,1000,,mlp,,17653,111013,0,0,17653,111013,1,1,0.0,0.0,True,"[0.08954355120658875, 0.2729293406009674, 0.5404494404792786, 0.09707760810852051]","[0.08954355120658875, 0.2729293406009674, 0.5404494404792786, 0.09707760810852051]",,,,
130365,838,8.071789176358635,198,,mlp,,17653,111013,0,0,17653,111013,1,1,0.0,0.0,True,"[0.09811357408761978, 0.12438508123159409, 0.5459134578704834, 0.23158782720565796]","[0.09811357408761978, 0.12438508123159409, 0.5459134578704834, 0.23158782720565796]",,,,
130672,839,-210.59463519620877,307,,mlp,,17653,111013,0,0,17653,111013,1,1,0.0,0.0,True,"[0.002926426939666271, 0.8304240107536316, 0.1661836951971054, 0.00046578142791986465]","[0.002926426939666271, 0.8304240107536316, 0.1661836951971054, 0.00046578142791986465]",,,,
130928,840,-11.934830640933981,256,178.6698760986328,mlp,,17687,112740,0,0,17687,112740,1,1,0.0,0.0,True,"[0.06180786341428757, 0.25778329372406006, 0.5893353819847107, 0.09107349067926407]","[0.06180786341428757, 0.25778329372406006, 0.5893353819847107, 0.09107349067926407]",,,,
131928,841,-62.3032594026731,1000,,mlp,,17687,112740,0,0,17687,112740,1,1,0.0,0.0,True,"[0.12648731470108032, 0.3756038248538971, 0.3827749192714691, 0.11513400822877884]","[0.12648731470108032, 0.3756038248538971, 0.3827749192714691, 0.11513400822877884]",,,,
132178,842,-65.04452236061478,250,,mlp,,17687,112740,0,0,17687,112740,1,1,0.0,0.0,True,"[0.09420940279960632, 0.07302051037549973, 0.5141538977622986, 0.31861621141433716]","[0.09420940279960632, 0.07302051037549973, 0.5141538977622986, 0.31861621141433716]",,,,
133178,843,12.519225959369871,1000,,mlp,,17687,112740,0,0,17687,112740,1,1,0.0,0.0,True,"[0.13587376475334167, 0.23943006992340088, 0.4492068290710449, 0.17548933625221252]","[0.13587376475334167, 0.23943006992340088, 0.4492068290710449, 0.17548933625221252]",,,,
133465,844,-53.36068993474121,287,143.22222900390625,mlp,,17717,115247,0,0,17717,115247,1,1,0.0,0.0,True,"[0.07410787791013718, 0.12764319777488708, 0.6215662360191345, 0.17668269574642181]","[0.07410787791013718, 0.12764319777488708, 0.6215662360191345, 0.17668269574642181]",,,,
133660,845,-23.366708496194647,195,,mlp,,17717,115247,0,0,17717,115247,1,1,0.0,0.0,True,"[0.0987272709608078, 0.10117132216691971, 0.5274045467376709, 0.2726968228816986]","[0.0987272709608078, 0.10117132216691971, 0.5274045467376709, 0.2726968228816986]",,,,
134660,846,3.158344728112177,1000,,mlp,,17717,115247,0,0,17717,115247,1,1,0.0,0.0,True,"[0.13714109361171722, 0.2604586184024811, 0.43575355410575867, 0.16664667427539825]","[0.13714109361171722, 0.2604586184024811, 0.43575355410575867, 0.16664667427539825]",,,,
135023,847,-123.3085259499707,363,,mlp,,17717,115247,0,0,17717,115247,1,1,0.0,0.0,True,"[0.03446507826447487, 0.19603349268436432, 0.7255117893218994, 0.0439896360039711]","[0.03446507826447487, 0.19603349268436432, 0.7255117893218994, 0.0439896360039711]",,,,
135371,848,-54.409270287283505,348,152.9676513671875,mlp,,17741,117129,0,0,17741,117129,1,1,0.0,0.0,True,"[0.04803583025932312, 0.4102989733219147, 0.4962397813796997, 0.04542545974254608]","[0.04803583025932312, 0.4102989733219147, 0.4962397813796997, 0.04542545974254608]",,,,
135572,849,25.284046967687303,201,,mlp,,17741,117129,0,0,17741,117129,1,1,0.0,0.0,True,"[0.04098350182175636, 0.2369581013917923, 0.6759808659553528, 0.046077556908130646]","[0.04098350182175636, 0.2369581013917923, 0.6759808659553528, 0.046077556908130646]",,,,
135762,850,64.55445389903866,190,,mlp,,17741,117129,0,0,17741,117129,1,1,0.0,0.0,True,"[0.0876038447022438, 0.20736883580684662, 0.5245264172554016, 0.18050087988376617]","[0.0876038447022438, 0.20736883580684662, 0.5245264172554016, 0.18050087988376617]",,,,
136074,851,-0.1085154220063771,312,,mlp,,17741,117129,0,0,17741,117129,1,1,0.0,0.0,True,"[0.07920363545417786, 0.10191286355257034, 0.6214091181755066, 0.19747436046600342]","[0.07920363545417786, 0.10191286355257034, 0.6214091181755066, 0.19747436046600342]",,,,
136344,852,-48.29171653295178,270,239.24215698242188,mlp,,17755,118088,0,0,17755,118088,1,1,0.0,0.0,True,"[0.04282635822892189, 0.29936182498931885, 0.6075523495674133, 0.050259511917829514]","[0.04282635822892189, 0.29936182498931885, 0.6075523495674133, 0.050259511917829514]",,,,
136670,853,-47.47415936041466,326,,mlp,,17755,118088,0,0,17755,118088,1,1,0.0,0.0,True,"[0.04781749099493027, 0.18176312744617462, 0.686737596988678, 0.08368174731731415]","[0.04781749099493027, 0.18176312744617462, 0.686737596988678, 0.08368174731731415]",,,,
136922,854,-31.706129159186972,252,,mlp,,17755,118088,0,0,17755,118088,1,1,0.0,0.0,True,"[0.07774188369512558, 0.12131325155496597, 0.5750353932380676, 0.22590944170951843]","[0.07774188369512558, 0.12131325155496597, 0.5750353932380676, 0.22590944170951843]",,,,
137922,855,-38.17395433440766,1000,,mlp,,17755,118088,0,0,17755,118088,1,1,0.0,0.0,True,"[0.12980744242668152, 0.2854059338569641, 0.4403631389141083, 0.14442341029644012]","[0.12980744242668152, 0.2854059338569641, 0.4403631389141083, 0.14442341029644012]",,,,
138179,856,-145.69463275742083,257,168.76612854003906,mlp,,17784,119894,0,0,17784,119894,1,1,0.0,0.0,True,"[0.06871774047613144, 0.5076882839202881, 0.37875574827194214, 0.044838275760412216]","[0.06871774047613144, 0.5076882839202881, 0.37875574827194214, 0.044838275760412216]",,,,
138430,857,-40.03596978921753,251,,mlp,,17784,119894,0,0,17784,119894,1,1,0.0,0.0,True,"[0.07259146869182587, 0.057075101882219315, 0.5612183213233948, 0.30911508202552795]","[0.07259146869182587, 0.057075101882219315, 0.5612183213233948, 0.30911508202552795]",,,,
138663,858,-166.02203067856834,233,,mlp,,17784,119894,0,0,17784,119894,1,1,0.0,0.0,True,"[0.07413700968027115, 0.23181690275669098, 0.6134766936302185, 0.08056934922933578]","[0.07413700968027115, 0.23181690275669098, 0.6134766936302185, 0.08056934922933578]",,,,
139031,859,-66.61150741563921,368,,mlp,,17784,119894,0,0,17784,119894,1,1,0.0,0.0,True,"[0.07721219956874847, 0.08790864050388336, 0.5636492967605591, 0.27122974395751953]","[0.07721219956874847, 0.08790864050388336, 0.5636492967605591, 0.27122974395751953]",,,,
139196,860,-58.79635838309193,165,208.4821319580078,mlp,,17802,120893,0,0,17802,120893,1,1,0.0,0.0,True,"[0.050108615309000015, 0.4578697681427002, 0.45450401306152344, 0.03751770406961441]","[0.050108615309000015, 0.4578697681427002, 0.45450401306152344, 0.03751770406961441]",,,,
139373,861,-29.027133058526445,177,,mlp,,17802,120893,0,0,17802,120893,1,1,0.0,0.0,True,"[0.12125196307897568, 0.05254453048110008, 0.32795798778533936, 0.49824556708335876]","[0.12125196307897568, 0.05254453048110008, 0.32795798778533936, 0.49824556708335876]",,,,
139604,862,-91.79141295266582,231,,mlp,,17802,120893,0,0,17802,120893,1,1,0.0,0.0,True,"[0.0723593682050705, 0.08197976648807526, 0.5829126238822937, 0.26274827122688293]","[0.0723593682050705, 0.08197976648807526, 0.5829126238822937, 0.26274827122688293]",,,,
139818,863,-38.6442237507148,214,,mlp,,17802,120893,0,0,17802,120893,1,1,0.0,0.0,True,"[0.07408874481916428, 0.27437764406204224, 0.5426385998725891, 0.10889504104852676]","[0.07408874481916428, 0.27437764406204224, 0.5426385998725891, 0.10889504104852676]",,,,
140818,864,8.539978436236186,1000,215.59336853027344,mlp,,17820,122497,0,0,17820,122497,1,1,0.0,0.0,True,"[0.13603931665420532, 0.30779778957366943, 0.4100940227508545, 0.14606885612010956]","[0.13603931665420532, 0.30779778957366943, 0.4100940227508545, 0.14606885612010956]",,,,
141635,865,-263.73669928815804,817,,mlp,,17820,122497,0,0,17820,122497,1,1,0.0,0.0,True,"[0.1261833757162094, 0.0873240977525711, 0.4388428330421448, 0.3476497232913971]","[0.1261833757162094, 0.0873240977525711, 0.4388428330421448, 0.3476497232913971]",,,,
141783,866,42.77766533393648,148,,mlp,,17820,122497,0,0,17820,122497,1,1,0.0,0.0,True,"[0.07871899008750916, 0.13333958387374878, 0.5854291319847107, 0.20251226425170898]","[0.07871899008750916, 0.13333958387374878, 0.5854291319847107, 0.20251226425170898]",,,,
142258,867,-194.01388006600396,475,,mlp,,17820,122497,0,0,17820,122497,1,1,0.0,0.0,True,"[0.1300397366285324, 0.09477695822715759, 0.449869841337204, 0.32531341910362244]","[0.1300397366285324, 0.09477695822715759, 0.449869841337204, 0.32531341910362244]",,,,
142792,868,-115.17843531161381,534,191.13011169433594,mlp,,19820,122497,0,0,19820,122497,1,1,0.0,0.0,True,"[0.12251373380422592, 0.1082521378993988, 0.44698667526245117, 0.32224738597869873]","[0.12251373380422592, 0.1082521378993988, 0.44698667526245117, 0.32224738597869873]",,,,
142953,869,-172.2070000335209,161,,mlp,,19820,122497,0,0,19820,122497,1,1,0.0,0.0,True,"[0.010535874404013157, 0.0003946416836697608, 0.052095700055360794, 0.9369737505912781]","[0.010535874404013157, 0.0003946416836697608, 0.052095700055360794, 0.9369737505912781]",,,,
143953,870,-25.65799917354203,1000,,mlp,,19820,122497,0,0,19820,122497,1,1,0.0,0.0,True,"[0.08470996469259262, 0.2653234302997589, 0.5099095106124878, 0.14005711674690247]","[0.08470996469259262, 0.2653234302997589, 0.5099095106124878, 0.14005711674690247]",,,,
144139,871,21.043548733343812,186,,mlp,,19820,122497,0,0,19820,122497,1,1,0.0,0.0,True,"[0.056215450167655945, 0.3680192530155182, 0.5144619345664978, 0.06130338832736015]","[0.056215450167655945, 0.3680192530155182, 0.5144619345664978, 0.06130338832736015]",,,,
144397,872,-67.88015795455452,258,222.5814971923828,mlp,,19833,124063,0,0,19833,124063,1,1,0.0,0.0,True,"[0.023989051580429077, 0.4325377345085144, 0.5266367197036743, 0.016836466267704964]","[0.023989051580429077, 0.4325377345085144, 0.5266367197036743, 0.016836466267704964]",,,,
145397,873,43.572045713419904,1000,,mlp,,19833,124063,0,0,19833,124063,1,1,0.0,0.0,True,"[0.08334048092365265, 0.308758944272995, 0.47982901334762573, 0.12807154655456543]","[0.08334048092365265, 0.308758944272995, 0.47982901334762573, 0.12807154655456543]",,,,
145681,874,-48.6111301843698,284,,mlp,,19833,124063,0,0,19833,124063,1,1,0.0,0.0,True,"[0.12053753435611725, 0.06714772433042526, 0.3736761808395386, 0.43863850831985474]","[0.12053753435611725, 0.06714772433042526, 0.3736761808395386, 0.43863850831985474]",,,,
146155,875,-110.01315151351369,474,,mlp,,19833,124063,0,0,19833,124063,1,1,0.0,0.0,True,"[0.13890808820724487, 0.1242528036236763, 0.44419875741004944, 0.2926403284072876]","[0.13890808820724487, 0.1242528036236763, 0.44419875741004944, 0.2926403284072876]",,,,
147155,876,-49.18802911540787,1000,213.07850646972656,mlp,,19870,126784,0,0,19870,126784,1,1,0.0,0.0,True,"[0.11229316145181656, 0.34694772958755493, 0.4076559245586395, 0.13310320675373077]","[0.11229316145181656, 0.34694772958755493, 0.4076559245586395, 0.13310320675373077]",,,,
147358,877,-64.29976610434503,203,,mlp,,19870,126784,0,0,19870,126784,1,1,0.0,0.0,True,"[0.05336028337478638, 0.24495412409305573, 0.6229273080825806, 0.0787583440542221]","[0.05336028337478638, 0.24495412409305573, 0.6229273080825806, 0.0787583440542221]",,,,
148141,878,-297.2161652644826,783,,mlp,,19870,126784,0,0,19870,126784,1,1,0.0,0.0,True,"[0.05335363373160362, 0.008704755455255508, 0.17709669470787048, 0.760844886302948]","[0.05335363373160362, 0.008704755455255508, 0.17709669470787048, 0.760844886302948]",,,,
148387,879,-27.221191293544194,246,,mlp,,19870,126784,0,0,19870,126784,1,1,0.0,0.0,True,"[0.07626870274543762, 0.05161570385098457, 0.49803733825683594, 0.37407824397087097]","[0.07626870274543762, 0.05161570385098457, 0.49803733825683594, 0.37407824397087097]",,,,
148516,880,-68.9800243475444,129,224.4375,mlp,,19894,128121,0,0,19894,128121,1,1,0.0,0.0,True,"[0.05256737396121025, 0.19090904295444489, 0.6488154530525208, 0.10770806670188904]","[0.05256737396121025, 0.19090904295444489, 0.6488154530525208, 0.10770806670188904]",,,,
148721,881,40.308952852939484,205,,mlp,,19894,128121,0,0,19894,128121,1,1,0.0,0.0,True,"[0.065065898001194, 0.1785423457622528, 0.6124684810638428, 0.1439233422279358]","[0.065065898001194, 0.1785423457622528, 0.6124684810638428, 0.1439233422279358]",,,,
149164,882,-49.805288370449965,443,,mlp,,19894,128121,0,0,19894,128121,1,1,0.0,0.0,True,"[0.06805442273616791, 0.13381217420101166, 0.6204133629798889, 0.1777200549840927]","[0.06805442273616791, 0.13381217420101166, 0.6204133629798889, 0.1777200549840927]",,,,
149869,883,-40.47860160283186,705,,mlp,,19894,128121,0,0,19894,128121,1,1,0.0,0.0,True,"[0.06551798433065414, 0.23843714594841003, 0.5865340232849121, 0.10951078683137894]","[0.06551798433065414, 0.23843714594841003, 0.5865340232849121, 0.10951078683137894]",,,,
