global_step,episode,episode_return,episode_length,loss,actor_type,case_entries,cases_pruned,cases_replaced,actor_cases_pruned,actor_cases_replaced,critic_cases_pruned,critic_cases_replaced,critic_label_updates,critic_label_update_samples,exploration_epsilon,behavior_epsilon,policy_ready,action_probs,behavior_action_probs,action_counts,bias_min,bias_mean,bias_max
11,1,11.0,11,,nnknn,0,0,0,0,0,0,0,0,0,0.9998733333333333,1.0,False,"[0.5, 0.5]","[0.5, 0.5]","[0, 0]",,,
31,2,20.0,20,,nnknn,0,0,0,0,0,0,0,0,0,0.99962,1.0,False,"[0.5, 0.5]","[0.5, 0.5]","[0, 0]",,,
46,3,15.0,15,,nnknn,0,0,0,0,0,0,0,0,0,0.99943,1.0,False,"[0.5, 0.5]","[0.5, 0.5]","[0, 0]",,,
60,4,14.0,14,48.54212951660156,nnknn,60,0,0,0,0,0,0,0,0,0.9992526666666667,1.0,False,"[0.5, 0.5]","[0.5, 0.5]","[26, 34]",0.0,0.0,0.0
85,5,25.0,25,,nnknn,60,0,0,0,0,0,0,0,0,0.998936,0.998936,True,"[0.5838423371315002, 0.41615766286849976]","[0.5000892281532288, 0.49991080164909363]","[26, 34]",0.0,0.0,0.0
108,6,23.0,23,,nnknn,60,0,0,0,0,0,0,0,0,0.9986446666666666,0.9986446666666666,True,"[0.5668391585350037, 0.43316084146499634]","[0.5000905990600586, 0.4999094009399414]","[26, 34]",0.0,0.0,0.0
132,7,24.0,24,,nnknn,60,0,0,0,0,0,0,0,0,0.9983406666666667,0.9983406666666667,True,"[0.5633804202079773, 0.4366196095943451]","[0.5001051425933838, 0.4998948276042938]","[26, 34]",0.0,0.0,0.0
182,8,50.0,50,56.67206954956055,nnknn,100,62,78,38,20,24,58,0,0,0.9977073333333333,0.9977073333333333,True,"[0.6123268604278564, 0.38767316937446594]","[0.5002575516700745, 0.4997424781322479]","[44, 56]",0.0,0.00010991621093126014,0.0004999666707590222
201,9,19.0,19,,nnknn,100,62,78,38,20,24,58,0,0,0.9974666666666666,0.9974666666666666,True,"[0.0, 1.0]","[0.4987333416938782, 0.5012666583061218]","[44, 56]",0.0,0.00010991621093126014,0.0004999666707590222
216,10,15.0,15,,nnknn,100,62,78,38,20,24,58,0,0,0.9972766666666667,0.9972766666666667,True,"[0.0, 1.0]","[0.4986383318901062, 0.5013616681098938]","[44, 56]",0.0,0.00010991621093126014,0.0004999666707590222
238,11,22.0,22,,nnknn,100,62,78,38,20,24,58,0,0,0.996998,0.996998,True,"[0.0, 1.0]","[0.4984990060329437, 0.5015009641647339]","[44, 56]",0.0,0.00010991621093126014,0.0004999666707590222
257,12,19.0,19,29.023298263549805,nnknn,97,109,131,63,20,46,111,0,0,0.9967573333333334,0.9967573333333334,True,"[0.0, 1.0]","[0.4983786642551422, 0.5016213655471802]","[56, 41]",-0.0004994670744054019,0.00012795640213880688,0.000998981762677431
297,13,40.0,40,,nnknn,97,109,131,63,20,46,111,0,0,0.9962506666666666,0.9962506666666666,True,"[0.07996681332588196, 0.9200332164764404]","[0.498425155878067, 0.5015748143196106]","[56, 41]",-0.0004994670744054019,0.00012795640213880688,0.000998981762677431
313,14,16.0,16,,nnknn,97,109,131,63,20,46,111,0,0,0.996048,0.996048,True,"[0.2746763825416565, 0.7253236174583435]","[0.49910950660705566, 0.5008904933929443]","[56, 41]",-0.0004994670744054019,0.00012795640213880688,0.000998981762677431
334,15,21.0,21,,nnknn,97,109,131,63,20,46,111,0,0,0.995782,0.995782,True,"[0.7056766748428345, 0.2943233847618103]","[0.5008675456047058, 0.4991324543952942]","[56, 41]",-0.0004994670744054019,0.00012795640213880688,0.000998981762677431
356,16,22.0,22,43.464569091796875,nnknn,99,181,203,108,20,73,183,0,0,0.9955033333333333,0.9955033333333333,True,"[0.10661973059177399, 0.8933802843093872]","[0.49823108315467834, 0.5017688870429993]","[58, 41]",-5.881884135305882e-07,0.00016780402802396566,0.0009999725734815001
391,17,35.0,35,,nnknn,99,181,203,108,20,73,183,0,0,0.9950600000000001,0.9950600000000001,True,"[0.8010496497154236, 0.1989503800868988]","[0.5014871954917908, 0.4985128343105316]","[58, 41]",-5.881884135305882e-07,0.00016780402802396566,0.0009999725734815001
409,18,18.0,18,,nnknn,99,181,203,108,20,73,183,0,0,0.994832,0.994832,True,"[0.4923555850982666, 0.5076444745063782]","[0.4999604821205139, 0.5000395178794861]","[58, 41]",-5.881884135305882e-07,0.00016780402802396566,0.0009999725734815001
420,19,11.0,11,,nnknn,99,181,203,108,20,73,183,0,0,0.9946926666666667,0.9946926666666667,True,"[0.8692916035652161, 0.13070844113826752]","[0.5019599199295044, 0.4980400502681732]","[58, 41]",-5.881884135305882e-07,0.00016780402802396566,0.0009999725734815001
440,20,20.0,20,22.728240966796875,nnknn,96,235,268,143,20,92,248,0,0,0.9944393333333333,0.9944393333333333,True,"[0.4221433103084564, 0.577856719493866]","[0.49956706166267395, 0.5004329085350037]","[55, 41]",-0.0004983213148079813,0.00024493568344041705,0.0009996609296649694
452,21,12.0,12,,nnknn,96,235,268,143,20,92,248,0,0,0.9942873333333333,0.9942873333333333,True,"[0.8560526967048645, 0.1439473181962967]","[0.5020340085029602, 0.4979659914970398]","[55, 41]",-0.0004983213148079813,0.00024493568344041705,0.0009996609296649694
503,22,51.0,51,,nnknn,96,235,268,143,20,92,248,0,0,0.9936413333333334,0.9936413333333334,True,"[0.3551423251628876, 0.6448577046394348]","[0.4990788996219635, 0.5009211301803589]","[55, 41]",-0.0004983213148079813,0.00024493568344041705,0.0009996609296649694
542,23,39.0,39,,nnknn,96,235,268,143,20,92,248,0,0,0.9931473333333334,0.9931473333333334,True,"[0.2915762960910797, 0.7084237337112427]","[0.4985717236995697, 0.5014282464981079]","[55, 41]",-0.0004983213148079813,0.00024493568344041705,0.0009996609296649694
556,24,14.0,14,55.719482421875,nnknn,100,306,386,190,46,116,340,0,0,0.99297,0.99297,True,"[0.7690600752830505, 0.23093992471694946]","[0.5018914937973022, 0.49810850620269775]","[55, 45]",0.0,0.00028260561521165073,0.0014993473887443542
575,25,19.0,19,,nnknn,100,306,386,190,46,116,340,0,0,0.9927293333333334,0.9927293333333334,True,"[0.5116130113601685, 0.48838698863983154]","[0.5000844597816467, 0.49991557002067566]","[55, 45]",0.0,0.00028260561521165073,0.0014993473887443542
590,26,15.0,15,,nnknn,100,306,386,190,46,116,340,0,0,0.9925393333333333,0.9925393333333333,True,"[0.6951163411140442, 0.3048836290836334]","[0.5014557242393494, 0.498544305562973]","[55, 45]",0.0,0.00028260561521165073,0.0014993473887443542
620,27,30.0,30,,nnknn,100,306,386,190,46,116,340,0,0,0.9921593333333333,0.9921593333333333,True,"[0.3510501980781555, 0.6489498615264893]","[0.4988321363925934, 0.501167893409729]","[55, 45]",0.0,0.00028260561521165073,0.0014993473887443542
632,28,12.0,12,17.750099182128906,nnknn,96,352,451,225,46,127,405,0,0,0.9920073333333334,0.9920073333333334,True,"[0.35110801458358765, 0.6488920450210571]","[0.49880996346473694, 0.5011900663375854]","[49, 47]",0.0,0.0003605165984481573,0.001499802339822054
658,29,26.0,26,,nnknn,96,352,451,225,46,127,405,0,0,0.991678,0.991678,True,"[0.4127684533596039, 0.5872315764427185]","[0.49927404522895813, 0.5007259249687195]","[49, 47]",0.0,0.0003605165984481573,0.001499802339822054
670,30,12.0,12,,nnknn,96,352,451,225,46,127,405,0,0,0.991526,0.991526,True,"[0.6438795328140259, 0.35612043738365173]","[0.5012192130088806, 0.498780757188797]","[49, 47]",0.0,0.0003605165984481573,0.001499802339822054
715,31,45.0,45,,nnknn,96,352,451,225,46,127,405,0,0,0.990956,0.990956,True,"[0.09761827439069748, 0.9023817777633667]","[0.4963608682155609, 0.5036391615867615]","[49, 47]",0.0,0.0003605165984481573,0.001499802339822054
739,32,24.0,24,35.707374572753906,nnknn,100,410,558,258,71,152,487,0,0,0.990652,0.990652,True,"[0.4186703860759735, 0.5813296437263489]","[0.4992397427558899, 0.5007602572441101]","[53, 47]",0.0,0.00036522376467473805,0.001997880171984434
758,33,19.0,19,,nnknn,100,410,558,258,71,152,487,0,0,0.9904113333333333,0.9904113333333333,True,"[0.7510389089584351, 0.24896106123924255]","[0.5024071335792542, 0.49759286642074585]","[53, 47]",0.0,0.00036522376467473805,0.001997880171984434
785,34,27.0,27,,nnknn,100,410,558,258,71,152,487,0,0,0.9900693333333334,0.9900693333333334,True,"[0.751632571220398, 0.24836742877960205]","[0.5024988651275635, 0.4975011348724365]","[53, 47]",0.0,0.00036522376467473805,0.001997880171984434
804,35,19.0,19,,nnknn,100,410,558,258,71,152,487,0,0,0.9898286666666667,0.9898286666666667,True,"[0.2883871793746948, 0.7116128206253052]","[0.49784761667251587, 0.5021523833274841]","[53, 47]",0.0,0.00036522376467473805,0.001997880171984434
813,36,9.0,9,15.618688583374023,nnknn,98,445,617,278,71,167,546,0,0,0.9897146666666666,0.9897146666666666,True,"[0.7289421558380127, 0.2710579037666321]","[0.5023547410964966, 0.4976452589035034]","[54, 44]",-0.0004994936753064394,0.00039700992056168616,0.002048779744654894
853,37,40.0,40,,nnknn,98,445,617,278,71,167,546,0,0,0.989208,0.989208,True,"[0.5079036951065063, 0.49209633469581604]","[0.5000852942466736, 0.4999147057533264]","[54, 44]",-0.0004994936753064394,0.00039700992056168616,0.002048779744654894
865,38,12.0,12,,nnknn,98,445,617,278,71,167,546,0,0,0.989056,0.989056,True,"[0.5993647575378418, 0.4006352424621582]","[0.5010874271392822, 0.4989125430583954]","[54, 44]",-0.0004994936753064394,0.00039700992056168616,0.002048779744654894
887,39,22.0,22,,nnknn,98,445,617,278,71,167,546,0,0,0.9887773333333333,0.9887773333333333,True,"[0.4010047912597656, 0.5989952087402344]","[0.4988889992237091, 0.5011109709739685]","[54, 44]",-0.0004994936753064394,0.00039700992056168616,0.002048779744654894
936,40,49.0,49,51.11909484863281,nnknn,100,499,760,312,111,187,649,0,0,0.9881566666666667,0.9881566666666667,True,"[0.38985535502433777, 0.6101446151733398]","[0.4986955225467682, 0.5013045072555542]","[50, 50]",0.0,0.0004837845335714519,0.0025449448730796576
946,41,10.0,10,,nnknn,100,499,760,312,111,187,649,0,0,0.98803,0.98803,True,"[0.6245165467262268, 0.3754834234714508]","[0.5014904737472534, 0.4985095262527466]","[50, 50]",0.0,0.0004837845335714519,0.0025449448730796576
964,42,18.0,18,,nnknn,100,499,760,312,111,187,649,0,0,0.987802,0.987802,True,"[0.4329586625099182, 0.5670413970947266]","[0.49918222427368164, 0.5008177757263184]","[50, 50]",0.0,0.0004837845335714519,0.0025449448730796576
985,43,21.0,21,,nnknn,100,499,760,312,111,187,649,0,0,0.987536,0.987536,True,"[0.6252055168151855, 0.37479448318481445]","[0.5015605688095093, 0.4984394311904907]","[50, 50]",0.0,0.0004837845335714519,0.0025449448730796576
1002,44,17.0,17,15.508243560791016,nnknn,97,538,813,338,111,200,702,0,0,0.9873206666666666,0.9873206666666666,True,"[0.6225283741950989, 0.3774716556072235]","[0.5015535950660706, 0.49844643473625183]","[49, 48]",0.0,0.0005807732231914997,0.0024990770034492016
1029,45,27.0,27,,nnknn,97,538,813,338,111,200,702,0,0,0.9869786666666667,0.9869786666666667,True,"[0.5048514008522034, 0.49514859914779663]","[0.5000631809234619, 0.4999368190765381]","[49, 48]",0.0,0.0005807732231914997,0.0024990770034492016
1059,46,30.0,30,,nnknn,97,538,813,338,111,200,702,0,0,0.9865986666666666,0.9865986666666666,True,"[0.482235848903656, 0.517764151096344]","[0.4997619390487671, 0.5002380609512329]","[49, 48]",0.0,0.0005807732231914997,0.0024990770034492016
1077,47,18.0,18,,nnknn,97,538,813,338,111,200,702,0,0,0.9863706666666666,0.9863706666666666,True,"[0.19084206223487854, 0.8091579675674438]","[0.4957863986492157, 0.5042136311531067]","[49, 48]",0.0,0.0005807732231914997,0.0024990770034492016
1111,48,34.0,34,25.065017700195312,nnknn,100,580,937,360,146,220,791,0,0,0.98594,0.98594,True,"[0.4807409644126892, 0.5192590951919556]","[0.4997292160987854, 0.5002707839012146]","[60, 40]",0.0,0.0006372574716806412,0.00299878790974617
1124,49,13.0,13,,nnknn,100,580,937,360,146,220,791,0,0,0.9857753333333333,0.9857753333333333,True,"[0.7479140758514404, 0.25208592414855957]","[0.503526508808136, 0.4964735209941864]","[60, 40]",0.0,0.0006372574716806412,0.00299878790974617
1140,50,16.0,16,,nnknn,100,580,937,360,146,220,791,0,0,0.9855726666666667,0.9855726666666667,True,"[0.24315544962882996, 0.7568445801734924]","[0.49629443883895874, 0.5037055611610413]","[60, 40]",0.0,0.0006372574716806412,0.00299878790974617
1151,51,11.0,11,,nnknn,100,580,937,360,146,220,791,0,0,0.9854333333333334,0.9854333333333334,True,"[0.8942873477935791, 0.10571267455816269]","[0.5057434439659119, 0.49425655603408813]","[60, 40]",0.0,0.0006372574716806412,0.00299878790974617
1186,52,35.0,35,24.276691436767578,nnknn,100,616,1007,382,155,234,852,0,0,0.98499,0.98499,True,"[0.7257842421531677, 0.27421578764915466]","[0.5033890008926392, 0.49661096930503845]","[54, 46]",0.0,0.0005905191064812243,0.0024990267120301723
1205,53,19.0,19,,nnknn,100,616,1007,382,155,234,852,0,0,0.9847493333333334,0.9847493333333334,True,"[0.4595210552215576, 0.5404789447784424]","[0.4993826746940613, 0.5006173253059387]","[54, 46]",0.0,0.0005905191064812243,0.0024990267120301723
1222,54,17.0,17,,nnknn,100,616,1007,382,155,234,852,0,0,0.984534,0.984534,True,"[0.1957230120897293, 0.8042770028114319]","[0.49529406428337097, 0.5047059655189514]","[54, 46]",0.0,0.0005905191064812243,0.0024990267120301723
1240,55,18.0,18,,nnknn,100,616,1007,382,155,234,852,0,0,0.984306,0.984306,True,"[0.17602814733982086, 0.8239718675613403]","[0.49491557478904724, 0.5050843954086304]","[54, 46]",0.0,0.0005905191064812243,0.0024990267120301723
1253,56,13.0,13,15.84488296508789,nnknn,98,653,1062,407,155,246,907,0,0,0.9841413333333333,0.9841413333333333,True,"[0.786550760269165, 0.21344923973083496]","[0.5045443177223206, 0.49545568227767944]","[53, 45]",-8.312053978443146e-08,0.0006862874724902213,0.00254560774192214
1272,57,19.0,19,,nnknn,98,653,1062,407,155,246,907,0,0,0.9839006666666666,0.9839006666666666,True,"[0.28162315487861633, 0.7183768153190613]","[0.49648427963256836, 0.5035157203674316]","[53, 45]",-8.312053978443146e-08,0.0006862874724902213,0.00254560774192214
1288,58,16.0,16,,nnknn,98,653,1062,407,155,246,907,0,0,0.983698,0.983698,True,"[0.29530057311058044, 0.7046994566917419]","[0.49666300415992737, 0.503337025642395]","[53, 45]",-8.312053978443146e-08,0.0006862874724902213,0.00254560774192214
1305,59,17.0,17,,nnknn,98,653,1062,407,155,246,907,0,0,0.9834826666666666,0.9834826666666666,True,"[0.5175561308860779, 0.48244383931159973]","[0.5002899765968323, 0.4997100234031677]","[53, 45]",-8.312053978443146e-08,0.0006862874724902213,0.00254560774192214
1342,60,37.0,37,26.822513580322266,nnknn,100,686,1154,432,166,254,988,0,0,0.983014,0.983014,True,"[0.0, 1.0]","[0.49150699377059937, 0.5084930062294006]","[53, 47]",0.0,0.0006893114768899977,0.002614367986097932
1367,61,25.0,25,,nnknn,100,686,1154,432,166,254,988,0,0,0.9826973333333333,0.9826973333333333,True,"[0.7784510254859924, 0.22154900431632996]","[0.5048179626464844, 0.4951820373535156]","[53, 47]",0.0,0.0006893114768899977,0.002614367986097932
1385,62,18.0,18,,nnknn,100,686,1154,432,166,254,988,0,0,0.9824693333333333,0.9824693333333333,True,"[0.5351143479347229, 0.4648856520652771]","[0.5006155967712402, 0.49938443303108215]","[53, 47]",0.0,0.0006893114768899977,0.002614367986097932
1400,63,15.0,15,,nnknn,100,686,1154,432,166,254,988,0,0,0.9822793333333333,0.9822793333333333,True,"[0.4646555781364441, 0.5353444218635559]","[0.4993736743927002, 0.5006263256072998]","[53, 47]",0.0,0.0006893114768899977,0.002614367986097932
1413,64,13.0,13,9.012673377990723,nnknn,100,714,1223,447,177,267,1046,0,0,0.9821146666666667,0.9821146666666667,True,"[0.46245935559272766, 0.5375406742095947]","[0.4993285834789276, 0.5006714463233948]","[58, 42]",0.0,0.0007772312965244055,0.0029116347432136536
1424,65,11.0,11,,nnknn,100,714,1223,447,177,267,1046,0,0,0.9819753333333333,0.9819753333333333,True,"[0.3725433349609375, 0.6274566650390625]","[0.49770262837409973, 0.5022973418235779]","[58, 42]",0.0,0.0007772312965244055,0.0029116347432136536
1441,66,17.0,17,,nnknn,100,714,1223,447,177,267,1046,0,0,0.98176,0.98176,True,"[0.40601691603660583, 0.5939830541610718]","[0.4982857406139374, 0.5017142295837402]","[58, 42]",0.0,0.0007772312965244055,0.0029116347432136536
1456,67,15.0,15,,nnknn,100,714,1223,447,177,267,1046,0,0,0.98157,0.98157,True,"[0.37491172552108765, 0.6250883340835571]","[0.49769461154937744, 0.5023053884506226]","[58, 42]",0.0,0.0007772312965244055,0.0029116347432136536
1468,68,12.0,12,15.631404876708984,nnknn,100,729,1273,457,177,272,1096,0,0,0.981418,0.981418,True,"[0.39593619108200073, 0.6040638089179993]","[0.4980662763118744, 0.5019336938858032]","[59, 41]",-4.51963278464973e-05,0.0007860381156206131,0.0029959548264741898
1515,69,47.0,47,,nnknn,100,729,1273,457,177,272,1096,0,0,0.9808226666666666,0.9808226666666666,True,"[0.7169709801673889, 0.2830290198326111]","[0.5041609406471252, 0.49583908915519714]","[59, 41]",-4.51963278464973e-05,0.0007860381156206131,0.0029959548264741898
1541,70,26.0,26,,nnknn,100,729,1273,457,177,272,1096,0,0,0.9804933333333333,0.9804933333333333,True,"[0.2840622365474701, 0.7159377336502075]","[0.49578776955604553, 0.5042122602462769]","[59, 41]",-4.51963278464973e-05,0.0007860381156206131,0.0029959548264741898
1561,71,20.0,20,,nnknn,100,729,1273,457,177,272,1096,0,0,0.98024,0.98024,True,"[0.1918404996395111, 0.8081594705581665]","[0.4939107596874237, 0.5060892105102539]","[59, 41]",-4.51963278464973e-05,0.0007860381156206131,0.0029959548264741898
1583,72,22.0,22,54.823978424072266,nnknn,100,768,1421,481,225,287,1196,0,0,0.9799613333333334,0.9799613333333334,True,"[0.19195744395256042, 0.8080425262451172]","[0.493827223777771, 0.506172776222229]","[54, 46]",0.0,0.0008053024648688734,0.003494952106848359
1598,73,15.0,15,,nnknn,100,768,1421,481,225,287,1196,0,0,0.9797713333333333,0.9797713333333333,True,"[0.7308151125907898, 0.2691848874092102]","[0.5046690702438354, 0.49533089995384216]","[54, 46]",0.0,0.0008053024648688734,0.003494952106848359
1614,74,16.0,16,,nnknn,100,768,1421,481,225,287,1196,0,0,0.9795686666666666,0.9795686666666666,True,"[0.5782014727592468, 0.42179855704307556]","[0.5015977621078491, 0.4984022378921509]","[54, 46]",0.0,0.0008053024648688734,0.003494952106848359
1631,75,17.0,17,,nnknn,100,768,1421,481,225,287,1196,0,0,0.9793533333333333,0.9793533333333333,True,"[0.7370166778564453, 0.2629833221435547]","[0.5048936009407043, 0.49510639905929565]","[54, 46]",0.0,0.0008053024648688734,0.003494952106848359
1645,76,14.0,14,8.449031829833984,nnknn,100,800,1477,502,230,298,1247,0,0,0.979176,0.979176,True,"[0.9084105491638184, 0.09158946573734283]","[0.5085047483444214, 0.4914952516555786]","[54, 46]",0.0,0.0008848567376844585,0.0034112141001969576
1658,77,13.0,13,,nnknn,100,800,1477,502,230,298,1247,0,0,0.9790113333333333,0.9790113333333333,True,"[0.5515045523643494, 0.44849541783332825]","[0.5010809898376465, 0.49891898036003113]","[54, 46]",0.0,0.0008848567376844585,0.0034112141001969576
1683,78,25.0,25,,nnknn,100,800,1477,502,230,298,1247,0,0,0.9786946666666667,0.9786946666666667,True,"[0.0, 1.0]","[0.48934733867645264, 0.5106526613235474]","[54, 46]",0.0,0.0008848567376844585,0.0034112141001969576
1709,79,26.0,26,,nnknn,100,800,1477,502,230,298,1247,0,0,0.9783653333333333,0.9783653333333333,True,"[0.5796329975128174, 0.4203670620918274]","[0.5017228126525879, 0.4982771575450897]","[54, 46]",0.0,0.0008848567376844585,0.0034112141001969576
1726,80,17.0,17,13.984563827514648,nnknn,100,838,1561,525,248,313,1313,0,0,0.97815,0.97815,True,"[1.0, 0.0]","[0.5109249949455261, 0.4890750050544739]","[57, 43]",0.0,0.0009727677679620683,0.003910959232598543
1749,81,23.0,23,,nnknn,100,838,1561,525,248,313,1313,0,0,0.9778586666666667,0.9778586666666667,True,"[0.19326311349868774, 0.806736946105957]","[0.4932084381580353, 0.5067915916442871]","[57, 43]",0.0,0.0009727677679620683,0.003910959232598543
1765,82,16.0,16,,nnknn,100,838,1561,525,248,313,1313,0,0,0.977656,0.977656,True,"[0.601569652557373, 0.39843037724494934]","[0.502269446849823, 0.4977305233478546]","[57, 43]",0.0,0.0009727677679620683,0.003910959232598543
1785,83,20.0,20,,nnknn,100,838,1561,525,248,313,1313,0,0,0.9774026666666666,0.9774026666666666,True,"[0.5001710057258606, 0.4998290240764618]","[0.5000038743019104, 0.4999961256980896]","[57, 43]",0.0,0.0009727677679620683,0.003910959232598543
1802,84,17.0,17,11.826918601989746,nnknn,100,874,1633,544,261,330,1372,0,0,0.9771873333333333,0.9771873333333333,True,"[0.6311724185943604, 0.36882755160331726]","[0.5029923915863037, 0.4970076084136963]","[63, 37]",0.0,0.0010698935948312283,0.004410915542393923
1815,85,13.0,13,,nnknn,100,874,1633,544,261,330,1372,0,0,0.9770226666666667,0.9770226666666667,True,"[0.38243183493614197, 0.6175681352615356]","[0.49729859828948975, 0.5027014017105103]","[63, 37]",0.0,0.0010698935948312283,0.004410915542393923
1830,86,15.0,15,,nnknn,100,874,1633,544,261,330,1372,0,0,0.9768326666666667,0.9768326666666667,True,"[1.0, 0.0]","[0.511583685874939, 0.4884163439273834]","[63, 37]",0.0,0.0010698935948312283,0.004410915542393923
1848,87,18.0,18,,nnknn,100,874,1633,544,261,330,1372,0,0,0.9766046666666667,0.9766046666666667,True,"[0.34118592739105225, 0.6588140726089478]","[0.49628448486328125, 0.5037155151367188]","[63, 37]",0.0,0.0010698935948312283,0.004410915542393923
1857,88,9.0,9,12.906734466552734,nnknn,100,908,1672,562,261,346,1411,0,0,0.9764906666666666,0.9764906666666666,True,"[0.48412078619003296, 0.5158792734146118]","[0.49962669610977173, 0.5003733038902283]","[55, 45]",0.0,0.001081982278265059,0.004910329356789589
1880,89,23.0,23,,nnknn,100,908,1672,562,261,346,1411,0,0,0.9761993333333333,0.9761993333333333,True,"[0.2960170805454254, 0.703982949256897]","[0.4951450824737549, 0.5048549175262451]","[55, 45]",0.0,0.001081982278265059,0.004910329356789589
1900,90,20.0,20,,nnknn,100,908,1672,562,261,346,1411,0,0,0.975946,0.975946,True,"[0.17787548899650574, 0.8221244812011719]","[0.4922516345977783, 0.5077483654022217]","[55, 45]",0.0,0.001081982278265059,0.004910329356789589
1913,91,13.0,13,,nnknn,100,908,1672,562,261,346,1411,0,0,0.9757813333333334,0.9757813333333334,True,"[0.4680689573287964, 0.5319311022758484]","[0.4992266595363617, 0.5007733106613159]","[55, 45]",0.0,0.001081982278265059,0.004910329356789589
1925,92,12.0,12,9.98161792755127,nnknn,100,932,1744,575,276,357,1468,0,0,0.9756293333333333,0.9756293333333333,True,"[0.41030892729759216, 0.5896910429000854]","[0.4978141784667969, 0.5021858215332031]","[53, 47]",0.0,0.0010888921096920967,0.004498708993196487
1937,93,12.0,12,,nnknn,100,932,1744,575,276,357,1468,0,0,0.9754773333333333,0.9754773333333333,True,"[0.4433549642562866, 0.5566450953483582]","[0.4986109137535095, 0.5013890862464905]","[53, 47]",0.0,0.0010888921096920967,0.004498708993196487
1953,94,16.0,16,,nnknn,100,932,1744,575,276,357,1468,0,0,0.9752746666666666,0.9752746666666666,True,"[0.44530153274536133, 0.5546984672546387]","[0.4986475706100464, 0.5013524293899536]","[53, 47]",0.0,0.0010888921096920967,0.004498708993196487
1966,95,13.0,13,,nnknn,100,932,1744,575,276,357,1468,0,0,0.97511,0.97511,True,"[0.43180912733078003, 0.5681909322738647]","[0.49830272793769836, 0.501697301864624]","[53, 47]",0.0,0.0010888921096920967,0.004498708993196487
1976,96,10.0,10,7.080652236938477,nnknn,100,948,1801,585,288,363,1513,0,0,0.9749833333333333,0.9749833333333333,True,"[0.44579651951789856, 0.5542035102844238]","[0.49864399433135986, 0.5013560056686401]","[52, 48]",0.0,0.001121791428886354,0.004997060168534517
1986,97,10.0,10,,nnknn,100,948,1801,585,288,363,1513,0,0,0.9748566666666667,0.9748566666666667,True,"[0.9191284775733948, 0.08087152987718582]","[0.5105382800102234, 0.4894617199897766]","[52, 48]",0.0,0.001121791428886354,0.004997060168534517
2013,98,27.0,27,,nnknn,100,948,1801,585,288,363,1513,0,0,0.9745146666666666,0.9745146666666666,True,"[0.6968929171562195, 0.3031070828437805]","[0.505017876625061, 0.49498212337493896]","[52, 48]",0.0,0.001121791428886354,0.004997060168534517
2031,99,18.0,18,,nnknn,100,948,1801,585,288,363,1513,0,0,0.9742866666666666,0.9742866666666666,True,"[0.500520646572113, 0.49947935342788696]","[0.5000134110450745, 0.4999866187572479]","[52, 48]",0.0,0.001121791428886354,0.004997060168534517
2043,100,12.0,12,12.642059326171875,nnknn,100,976,1863,605,291,371,1572,0,0,0.9741346666666667,0.9741346666666667,True,"[0.933229923248291, 0.06677009165287018]","[0.5112056136131287, 0.48879435658454895]","[47, 53]",0.0,0.001136847771704197,0.004498844966292381
2063,101,20.0,20,,nnknn,100,976,1863,605,291,371,1572,0,0,0.9738813333333334,0.9738813333333334,True,"[0.8472810983657837, 0.15271887183189392]","[0.5090705156326294, 0.4909294843673706]","[47, 53]",0.0,0.001136847771704197,0.004498844966292381
2085,102,22.0,22,,nnknn,100,976,1863,605,291,371,1572,0,0,0.9736026666666666,0.9736026666666666,True,"[0.19645020365715027, 0.8035498261451721]","[0.49198707938194275, 0.5080128908157349]","[47, 53]",0.0,0.001136847771704197,0.004498844966292381
2099,103,14.0,14,,nnknn,100,976,1863,605,291,371,1572,0,0,0.9734253333333334,0.9734253333333334,True,"[0.837462306022644, 0.16253772377967834]","[0.508967936038971, 0.49103206396102905]","[47, 53]",0.0,0.001136847771704197,0.004498844966292381
2115,104,16.0,16,6.550170421600342,nnknn,100,1003,1945,622,311,381,1634,0,0,0.9732226666666667,0.9732226666666667,True,"[0.48021596670150757, 0.5197840929031372]","[0.49947023391723633, 0.5005297660827637]","[47, 53]",0.0,0.001227381406351924,0.004190839361399412
2143,105,28.0,28,,nnknn,100,1003,1945,622,311,381,1634,0,0,0.972868,0.972868,True,"[0.0, 1.0]","[0.4864340126514435, 0.5135660171508789]","[47, 53]",0.0,0.001227381406351924,0.004190839361399412
2172,106,29.0,29,,nnknn,100,1003,1945,622,311,381,1634,0,0,0.9725006666666667,0.9725006666666667,True,"[0.18954750895500183, 0.8104525208473206]","[0.491462767124176, 0.508537232875824]","[47, 53]",0.0,0.001227381406351924,0.004190839361399412
2185,107,13.0,13,,nnknn,100,1003,1945,622,311,381,1634,0,0,0.972336,0.972336,True,"[0.0, 1.0]","[0.4861679971218109, 0.5138319730758667]","[47, 53]",0.0,0.001227381406351924,0.004190839361399412
2220,108,35.0,35,28.495277404785156,nnknn,100,1023,2101,632,372,391,1729,0,0,0.9718926666666666,0.9718926666666666,True,"[0.30335861444473267, 0.6966414451599121]","[0.4944729208946228, 0.5055270791053772]","[49, 51]",0.0,0.0012822727439925075,0.004335700999945402
2242,109,22.0,22,,nnknn,100,1023,2101,632,372,391,1729,0,0,0.971614,0.971614,True,"[0.0, 1.0]","[0.48580700159072876, 0.5141929984092712]","[49, 51]",0.0,0.0012822727439925075,0.004335700999945402
2281,110,39.0,39,,nnknn,100,1023,2101,632,372,391,1729,0,0,0.97112,0.97112,True,"[0.0, 1.0]","[0.48555999994277954, 0.5144400000572205]","[49, 51]",0.0,0.0012822727439925075,0.004335700999945402
2307,111,26.0,26,,nnknn,100,1023,2101,632,372,391,1729,0,0,0.9707906666666667,0.9707906666666667,True,"[0.0, 1.0]","[0.4853953421115875, 0.5146046876907349]","[49, 51]",0.0,0.0012822727439925075,0.004335700999945402
2375,112,68.0,68,70.35189056396484,nnknn,100,1053,2346,643,481,410,1865,0,0,0.9699293333333333,0.9699293333333333,True,"[1.0, 0.0]","[0.5150353312492371, 0.48496466875076294]","[50, 50]",0.0,0.0011642798781394958,0.004190888721495867
2389,113,14.0,14,,nnknn,100,1053,2346,643,481,410,1865,0,0,0.969752,0.969752,True,"[0.0, 1.0]","[0.48487600684165955, 0.5151239633560181]","[50, 50]",0.0,0.0011642798781394958,0.004190888721495867
2401,114,12.0,12,,nnknn,100,1053,2346,643,481,410,1865,0,0,0.9696,0.9696,True,"[0.16953735053539276, 0.8304626941680908]","[0.4899539351463318, 0.5100460648536682]","[50, 50]",0.0,0.0011642798781394958,0.004190888721495867
2418,115,17.0,17,,nnknn,100,1053,2346,643,481,410,1865,0,0,0.9693846666666667,0.9693846666666667,True,"[0.727177083492279, 0.27282294631004333]","[0.506955087184906, 0.493044912815094]","[50, 50]",0.0,0.0011642798781394958,0.004190888721495867
2432,116,14.0,14,10.321815490722656,nnknn,99,1076,2399,662,481,414,1918,0,0,0.9692073333333333,0.9692073333333333,True,"[0.09519245475530624, 0.9048075675964355]","[0.48753491044044495, 0.5124651193618774]","[45, 54]",0.0,0.0013143089599907398,0.004690822213888168
2450,117,18.0,18,,nnknn,99,1076,2399,662,481,414,1918,0,0,0.9689793333333333,0.9689793333333333,True,"[0.7829592227935791, 0.21704083681106567]","[0.5087775588035583, 0.49122241139411926]","[45, 54]",0.0,0.0013143089599907398,0.004690822213888168
2468,118,18.0,18,,nnknn,99,1076,2399,662,481,414,1918,0,0,0.9687513333333333,0.9687513333333333,True,"[0.1097666546702385, 0.8902333378791809]","[0.48780572414398193, 0.5121942758560181]","[45, 54]",0.0,0.0013143089599907398,0.004690822213888168
2506,119,38.0,38,,nnknn,99,1076,2399,662,481,414,1918,0,0,0.96827,0.96827,True,"[1.0, 0.0]","[0.5158649682998657, 0.4841350018978119]","[45, 54]",0.0,0.0013143089599907398,0.004690822213888168
2547,120,41.0,41,45.13337326049805,nnknn,100,1111,2558,677,545,434,2013,0,0,0.9677506666666666,0.9677506666666666,True,"[0.7067103981971741, 0.29328957200050354]","[0.5066663026809692, 0.49333372712135315]","[47, 53]",0.0,0.001350061735138297,0.0051907505840063095
2560,121,13.0,13,,nnknn,100,1111,2558,677,545,434,2013,0,0,0.9675860000000001,0.9675860000000001,True,"[0.8060389757156372, 0.19396105408668518]","[0.5099199414253235, 0.4900800585746765]","[47, 53]",0.0,0.001350061735138297,0.0051907505840063095
2587,122,27.0,27,,nnknn,100,1111,2558,677,545,434,2013,0,0,0.967244,0.967244,True,"[0.3579106032848358, 0.6420893669128418]","[0.49534571170806885, 0.5046542882919312]","[47, 53]",0.0,0.001350061735138297,0.0051907505840063095
2620,123,33.0,33,,nnknn,100,1111,2558,677,545,434,2013,0,0,0.966826,0.966826,True,"[0.8954015374183655, 0.10459849238395691]","[0.5131170153617859, 0.4868829548358917]","[47, 53]",0.0,0.001350061735138297,0.0051907505840063095
2631,124,11.0,11,17.734264373779297,nnknn,100,1141,2654,690,574,451,2080,0,0,0.9666866666666667,0.9666866666666667,True,"[0.7993924021720886, 0.20060765743255615]","[0.5099737644195557, 0.49002623558044434]","[52, 48]",0.0,0.0015081890160217881,0.004690790083259344
2654,125,23.0,23,,nnknn,100,1141,2654,690,574,451,2080,0,0,0.9663953333333334,0.9663953333333334,True,"[0.80679851770401, 0.19320154190063477]","[0.5103098750114441, 0.4896901249885559]","[52, 48]",0.0,0.0015081890160217881,0.004690790083259344
2675,126,21.0,21,,nnknn,100,1141,2654,690,574,451,2080,0,0,0.9661293333333333,0.9661293333333333,True,"[0.0, 1.0]","[0.4830646812915802, 0.5169353485107422]","[52, 48]",0.0,0.0015081890160217881,0.004690790083259344
2685,127,10.0,10,,nnknn,100,1141,2654,690,574,451,2080,0,0,0.9660026666666667,0.9660026666666667,True,"[0.6968222856521606, 0.30317774415016174]","[0.5066914558410645, 0.49330857396125793]","[52, 48]",0.0,0.0015081890160217881,0.004690790083259344
2718,128,33.0,33,33.82512664794922,nnknn,100,1167,2764,696,617,471,2147,0,0,0.9655846666666666,0.9655846666666666,True,"[1.0, 0.0]","[0.5172076225280762, 0.48279234766960144]","[54, 46]",0.0,0.001555466908030212,0.005190767347812653
2731,129,13.0,13,,nnknn,100,1167,2764,696,617,471,2147,0,0,0.96542,0.96542,True,"[0.0, 1.0]","[0.48271000385284424, 0.5172899961471558]","[54, 46]",0.0,0.001555466908030212,0.005190767347812653
2803,130,72.0,72,,nnknn,100,1167,2764,696,617,471,2147,0,0,0.964508,0.964508,True,"[0.2718231678009033, 0.7281768918037415]","[0.49190154671669006, 0.5080984830856323]","[54, 46]",0.0,0.001555466908030212,0.005190767347812653
2819,131,16.0,16,,nnknn,100,1167,2764,696,617,471,2147,0,0,0.9643053333333333,0.9643053333333333,True,"[1.0, 0.0]","[0.5178472995758057, 0.48215267062187195]","[54, 46]",0.0,0.001555466908030212,0.005190767347812653
2853,132,34.0,34,59.702728271484375,nnknn,100,1193,2972,703,709,490,2263,0,0,0.9638746666666667,0.9638746666666667,True,"[0.0, 1.0]","[0.48193731904029846, 0.5180627107620239]","[52, 48]",0.0,0.0017593089723959565,0.005497871898114681
2867,133,14.0,14,,nnknn,100,1193,2972,703,709,490,2263,0,0,0.9636973333333333,0.9636973333333333,True,"[0.8987537026405334, 0.10124629735946655]","[0.5144758224487305, 0.48552417755126953]","[52, 48]",0.0,0.0017593089723959565,0.005497871898114681
2903,134,36.0,36,,nnknn,100,1193,2972,703,709,490,2263,0,0,0.9632413333333333,0.9632413333333333,True,"[1.0, 0.0]","[0.5183793306350708, 0.4816206693649292]","[52, 48]",0.0,0.0017593089723959565,0.005497871898114681
2950,135,47.0,47,,nnknn,100,1193,2972,703,709,490,2263,0,0,0.962646,0.962646,True,"[0.8972006440162659, 0.10279937833547592]","[0.5148370265960693, 0.48516297340393066]","[52, 48]",0.0,0.0017593089723959565,0.005497871898114681
2970,136,20.0,20,45.81708526611328,nnknn,100,1216,3133,711,768,505,2365,0,0,0.9623926666666667,0.9623926666666667,True,"[0.9027300477027893, 0.09726996719837189]","[0.5151455998420715, 0.48485440015792847]","[55, 45]",0.0,0.001825089449994266,0.005997634958475828
2983,137,13.0,13,,nnknn,100,1216,3133,711,768,505,2365,0,0,0.962228,0.962228,True,"[0.0, 1.0]","[0.481114000082016, 0.5188859701156616]","[55, 45]",0.0,0.001825089449994266,0.005997634958475828
3007,138,24.0,24,,nnknn,100,1216,3133,711,768,505,2365,0,0,0.961924,0.961924,True,"[1.0, 0.0]","[0.5190379619598389, 0.48096200823783875]","[55, 45]",0.0,0.001825089449994266,0.005997634958475828
3045,139,38.0,38,,nnknn,100,1216,3133,711,768,505,2365,0,0,0.9614426666666667,0.9614426666666667,True,"[1.0, 0.0]","[0.5192786455154419, 0.4807213246822357]","[55, 45]",0.0,0.001825089449994266,0.005997634958475828
3057,140,12.0,12,20.872278213500977,nnknn,100,1235,3243,714,807,521,2436,0,0,0.9612906666666666,0.9612906666666666,True,"[0.7000396251678467, 0.2999604046344757]","[0.5077434182167053, 0.49225661158561707]","[56, 44]",0.0,0.0018898519920185208,0.005853723268955946
3124,141,67.0,67,,nnknn,100,1235,3243,714,807,521,2436,0,0,0.960442,0.960442,True,"[0.0, 1.0]","[0.4802210032939911, 0.5197789669036865]","[56, 44]",0.0,0.0018898519920185208,0.005853723268955946
3145,142,21.0,21,,nnknn,100,1235,3243,714,807,521,2436,0,0,0.960176,0.960176,True,"[0.0, 1.0]","[0.4800879955291748, 0.5199120044708252]","[56, 44]",0.0,0.0018898519920185208,0.005853723268955946
3172,143,27.0,27,,nnknn,100,1235,3243,714,807,521,2436,0,0,0.959834,0.959834,True,"[0.0, 1.0]","[0.4799169898033142, 0.5200830101966858]","[56, 44]",0.0,0.0018898519920185208,0.005853723268955946
3203,144,31.0,31,61.8548583984375,nnknn,100,1246,3477,717,903,529,2574,0,0,0.9594413333333334,0.9594413333333334,True,"[0.49010467529296875, 0.509895384311676]","[0.4995986521244049, 0.5004013180732727]","[54, 46]",0.0,0.0017667163629084826,0.005584058817476034
3247,145,44.0,44,,nnknn,100,1246,3477,717,903,529,2574,0,0,0.958884,0.958884,True,"[0.0, 1.0]","[0.4794420003890991, 0.5205579996109009]","[54, 46]",0.0,0.0017667163629084826,0.005584058817476034
3260,146,13.0,13,,nnknn,100,1246,3477,717,903,529,2574,0,0,0.9587193333333334,0.9587193333333334,True,"[0.0, 1.0]","[0.4793596565723419, 0.5206403732299805]","[54, 46]",0.0,0.0017667163629084826,0.005584058817476034
3273,147,13.0,13,,nnknn,100,1246,3477,717,903,529,2574,0,0,0.9585546666666667,0.9585546666666667,True,"[0.0, 1.0]","[0.4792773425579071, 0.5207226276397705]","[54, 46]",0.0,0.0017667163629084826,0.005584058817476034
3297,148,24.0,24,30.690744400024414,nnknn,100,1261,3599,723,940,538,2659,0,0,0.9582506666666667,0.9582506666666667,True,"[0.0, 1.0]","[0.47912532091140747, 0.5208746790885925]","[54, 46]",0.0,0.001733277691528201,0.005320263095200062
3309,149,12.0,12,,nnknn,100,1261,3599,723,940,538,2659,0,0,0.9580986666666667,0.9580986666666667,True,"[0.7949391007423401, 0.2050609588623047]","[0.5123583674430847, 0.48764166235923767]","[54, 46]",0.0,0.001733277691528201,0.005320263095200062
3325,150,16.0,16,,nnknn,100,1261,3599,723,940,538,2659,0,0,0.957896,0.957896,True,"[0.8014833927154541, 0.1985165774822235]","[0.5126936435699463, 0.4873063266277313]","[54, 46]",0.0,0.001733277691528201,0.005320263095200062
3338,151,13.0,13,,nnknn,100,1261,3599,723,940,538,2659,0,0,0.9577313333333334,0.9577313333333334,True,"[0.0, 1.0]","[0.4788656532764435, 0.5211343765258789]","[54, 46]",0.0,0.001733277691528201,0.005320263095200062
3349,152,11.0,11,13.693989753723145,nnknn,97,1278,3644,733,940,545,2704,0,0,0.957592,0.957592,True,"[0.0, 1.0]","[0.47879600524902344, 0.5212039947509766]","[49, 48]",-6.668909918516874e-05,0.0017913160845637321,0.005820056423544884
3410,153,61.0,61,,nnknn,97,1278,3644,733,940,545,2704,0,0,0.9568193333333334,0.9568193333333334,True,"[0.5933676958084106, 0.40663233399391174]","[0.5040316581726074, 0.4959683120250702]","[49, 48]",-6.668909918516874e-05,0.0017913160845637321,0.005820056423544884
3428,154,18.0,18,,nnknn,97,1278,3644,733,940,545,2704,0,0,0.9565913333333333,0.9565913333333333,True,"[0.21063350141048431, 0.7893664836883545]","[0.48743897676467896, 0.512561023235321]","[49, 48]",-6.668909918516874e-05,0.0017913160845637321,0.005820056423544884
3447,155,19.0,19,,nnknn,97,1278,3644,733,940,545,2704,0,0,0.9563506666666667,0.9563506666666667,True,"[1.0, 0.0]","[0.5218246579170227, 0.4781753420829773]","[49, 48]",-6.668909918516874e-05,0.0017913160845637321,0.005820056423544884
3470,156,23.0,23,58.265323638916016,nnknn,100,1299,3809,741,997,558,2812,0,0,0.9560593333333334,0.9560593333333334,True,"[0.5942046046257019, 0.4057954251766205]","[0.5041394233703613, 0.49586057662963867]","[51, 49]",0.0,0.0017383022932335734,0.00581606337800622
3508,157,38.0,38,,nnknn,100,1299,3809,741,997,558,2812,0,0,0.955578,0.955578,True,"[0.0, 1.0]","[0.4777890145778656, 0.522210955619812]","[51, 49]",0.0,0.0017383022932335734,0.00581606337800622
3528,158,20.0,20,,nnknn,100,1299,3809,741,997,558,2812,0,0,0.9553246666666667,0.9553246666666667,True,"[1.0, 0.0]","[0.5223376750946045, 0.4776623249053955]","[51, 49]",0.0,0.0017383022932335734,0.00581606337800622
3555,159,27.0,27,,nnknn,100,1299,3809,741,997,558,2812,0,0,0.9549826666666666,0.9549826666666666,True,"[0.15657611191272736, 0.8434239029884338]","[0.4845399558544159, 0.5154600143432617]","[51, 49]",0.0,0.0017383022932335734,0.00581606337800622
3590,160,35.0,35,30.542865753173828,nnknn,100,1321,3989,749,1071,572,2918,0,0,0.9545393333333333,0.9545393333333333,True,"[1.0, 0.0]","[0.5227303504943848, 0.4772696793079376]","[52, 48]",0.0,0.0018500445876270533,0.006315932609140873
3617,161,27.0,27,,nnknn,100,1321,3989,749,1071,572,2918,0,0,0.9541973333333333,0.9541973333333333,True,"[0.16976048052310944, 0.8302395343780518]","[0.4848741590976715, 0.5151258707046509]","[52, 48]",0.0,0.0018500445876270533,0.006315932609140873
3632,162,15.0,15,,nnknn,100,1321,3989,749,1071,572,2918,0,0,0.9540073333333333,0.9540073333333333,True,"[1.0, 0.0]","[0.5229963064193726, 0.47700366377830505]","[52, 48]",0.0,0.0018500445876270533,0.006315932609140873
3667,163,35.0,35,,nnknn,100,1321,3989,749,1071,572,2918,0,0,0.953564,0.953564,True,"[0.17056339979171753, 0.8294366598129272]","[0.48470228910446167, 0.5152977108955383]","[52, 48]",0.0,0.0018500445876270533,0.006315932609140873
3686,164,19.0,19,21.19614601135254,nnknn,100,1340,4114,754,1114,586,3000,0,0,0.9533233333333333,0.9533233333333333,True,"[1.0, 0.0]","[0.5233383178710938, 0.47666165232658386]","[53, 47]",0.0,0.0019681076519191265,0.006813860964030027
3702,165,16.0,16,,nnknn,100,1340,4114,754,1114,586,3000,0,0,0.9531206666666666,0.9531206666666666,True,"[0.15384188294410706, 0.8461581468582153]","[0.483772337436676, 0.516227662563324]","[53, 47]",0.0,0.0019681076519191265,0.006813860964030027
3737,166,35.0,35,,nnknn,100,1340,4114,754,1114,586,3000,0,0,0.9526773333333334,0.9526773333333334,True,"[0.9028012752532959, 0.09719869494438171]","[0.5190616250038147, 0.4809383451938629]","[53, 47]",0.0,0.0019681076519191265,0.006813860964030027
3751,167,14.0,14,,nnknn,100,1340,4114,754,1114,586,3000,0,0,0.9525,0.9525,True,"[1.0, 0.0]","[0.5237500071525574, 0.4762499928474426]","[53, 47]",0.0,0.0019681076519191265,0.006813860964030027
3776,168,25.0,25,18.775075912475586,nnknn,100,1364,4223,765,1146,599,3077,0,0,0.9521833333333334,0.9521833333333334,True,"[1.0, 0.0]","[0.5239083766937256, 0.4760916531085968]","[52, 48]",0.0,0.0020315025467425585,0.0073137832805514336
3839,169,63.0,63,,nnknn,100,1364,4223,765,1146,599,3077,0,0,0.9513853333333333,0.9513853333333333,True,"[0.15827319025993347, 0.8417267799377441]","[0.4833870530128479, 0.5166129469871521]","[52, 48]",0.0,0.0020315025467425585,0.0073137832805514336
3860,170,21.0,21,,nnknn,100,1364,4223,765,1146,599,3077,0,0,0.9511193333333333,0.9511193333333333,True,"[1.0, 0.0]","[0.524440348148346, 0.47555965185165405]","[52, 48]",0.0,0.0020315025467425585,0.0073137832805514336
3900,171,40.0,40,,nnknn,100,1364,4223,765,1146,599,3077,0,0,0.9506126666666667,0.9506126666666667,True,"[0.0, 1.0]","[0.47530633211135864, 0.5246936678886414]","[52, 48]",0.0,0.0020315025467425585,0.0073137832805514336
3920,172,20.0,20,53.84929656982422,nnknn,100,1386,4446,775,1237,611,3209,0,0,0.9503593333333333,0.9503593333333333,True,"[0.12473319470882416, 0.8752667903900146]","[0.48137152194976807, 0.5186284780502319]","[53, 47]",0.0,0.0019951837603002787,0.006814197171479464
3936,173,16.0,16,,nnknn,100,1386,4446,775,1237,611,3209,0,0,0.9501566666666666,0.9501566666666666,True,"[0.0, 1.0]","[0.4750783443450928, 0.5249216556549072]","[53, 47]",0.0,0.0019951837603002787,0.006814197171479464
3985,174,49.0,49,,nnknn,100,1386,4446,775,1237,611,3209,0,0,0.949536,0.949536,True,"[0.0, 1.0]","[0.4747680127620697, 0.5252319574356079]","[53, 47]",0.0,0.0019951837603002787,0.006814197171479464
4013,175,28.0,28,,nnknn,100,1386,4446,775,1237,611,3209,0,0,0.9491813333333333,0.9491813333333333,True,"[0.1518818587064743, 0.8481181859970093]","[0.48230910301208496, 0.517690896987915]","[53, 47]",0.0,0.0019951837603002787,0.006814197171479464
4044,176,31.0,31,43.50921630859375,nnknn,100,1411,4621,784,1304,627,3317,0,0,0.9487886666666667,0.9487886666666667,True,"[0.1227039322257042, 0.8772960901260376]","[0.48067817091941833, 0.519321858882904]","[48, 52]",0.0,0.0020715268328785896,0.00700040627270937
4058,177,14.0,14,,nnknn,100,1411,4621,784,1304,627,3317,0,0,0.9486113333333334,0.9486113333333334,True,"[0.0, 1.0]","[0.474305659532547, 0.5256943702697754]","[48, 52]",0.0,0.0020715268328785896,0.00700040627270937
4069,178,11.0,11,,nnknn,100,1411,4621,784,1304,627,3317,0,0,0.948472,0.948472,True,"[0.17615026235580444, 0.8238497376441956]","[0.4833126664161682, 0.5166873335838318]","[48, 52]",0.0,0.0020715268328785896,0.00700040627270937
4083,179,14.0,14,,nnknn,100,1411,4621,784,1304,627,3317,0,0,0.9482946666666666,0.9482946666666666,True,"[1.0, 0.0]","[0.5258526802062988, 0.47414731979370117]","[48, 52]",0.0,0.0020715268328785896,0.00700040627270937
4100,180,17.0,17,13.36286735534668,nnknn,100,1429,4672,793,1308,636,3364,0,0,0.9480793333333333,0.9480793333333333,True,"[1.0, 0.0]","[0.5259603261947632, 0.4740396738052368]","[49, 51]",0.0,0.0021547412034124136,0.007500363048166037
4117,181,17.0,17,,nnknn,100,1429,4672,793,1308,636,3364,0,0,0.947864,0.947864,True,"[1.0, 0.0]","[0.5260679721832275, 0.4739319980144501]","[49, 51]",0.0,0.0021547412034124136,0.007500363048166037
4137,182,20.0,20,,nnknn,100,1429,4672,793,1308,636,3364,0,0,0.9476106666666667,0.9476106666666667,True,"[1.0, 0.0]","[0.52619469165802, 0.47380533814430237]","[49, 51]",0.0,0.0021547412034124136,0.007500363048166037
4154,183,17.0,17,,nnknn,100,1429,4672,793,1308,636,3364,0,0,0.9473953333333334,0.9473953333333334,True,"[0.0, 1.0]","[0.4736976623535156, 0.5263023376464844]","[49, 51]",0.0,0.0021547412034124136,0.007500363048166037
4165,184,11.0,11,8.967103004455566,nnknn,100,1495,4694,794,1330,701,3364,0,0,0.947256,0.947256,True,"[1.0, 0.0]","[0.526371955871582, 0.4736280143260956]","[51, 49]",0.0,0.0021225835662335157,0.00700118113309145
4177,185,12.0,12,,nnknn,100,1495,4694,794,1330,701,3364,0,0,0.947104,0.947104,True,"[0.0, 1.0]","[0.47355198860168457, 0.5264480113983154]","[51, 49]",0.0,0.0021225835662335157,0.00700118113309145
4214,186,37.0,37,,nnknn,100,1495,4694,794,1330,701,3364,0,0,0.9466353333333334,0.9466353333333334,True,"[1.0, 0.0]","[0.5266823768615723, 0.4733176529407501]","[51, 49]",0.0,0.0021225835662335157,0.00700118113309145
4265,187,51.0,51,,nnknn,100,1495,4694,794,1330,701,3364,0,0,0.9459893333333333,0.9459893333333333,True,"[0.0, 1.0]","[0.4729946553707123, 0.5270053148269653]","[51, 49]",0.0,0.0021225835662335157,0.00700118113309145
4285,188,20.0,20,46.52461242675781,nnknn,100,1513,4878,802,1404,711,3474,0,0,0.945736,0.945736,True,"[1.0, 0.0]","[0.5271320343017578, 0.4728679955005646]","[53, 47]",0.0,0.0021127655636519194,0.007501083891838789
4307,189,22.0,22,,nnknn,100,1513,4878,802,1404,711,3474,0,0,0.9454573333333334,0.9454573333333334,True,"[1.0, 0.0]","[0.5272713303565979, 0.4727286696434021]","[53, 47]",0.0,0.0021127655636519194,0.007501083891838789
4326,190,19.0,19,,nnknn,100,1513,4878,802,1404,711,3474,0,0,0.9452166666666667,0.9452166666666667,True,"[0.30256128311157227, 0.6974387168884277]","[0.489183634519577, 0.5108163356781006]","[53, 47]",0.0,0.0021127655636519194,0.007501083891838789
4364,191,38.0,38,,nnknn,100,1513,4878,802,1404,711,3474,0,0,0.9447353333333334,0.9447353333333334,True,"[0.2914159595966339, 0.7085840702056885]","[0.48847267031669617, 0.5115272998809814]","[53, 47]",0.0,0.0021127655636519194,0.007501083891838789
4376,192,12.0,12,27.19356918334961,nnknn,100,1530,5003,811,1446,719,3557,0,0,0.9445833333333333,0.9445833333333333,True,"[1.0, 0.0]","[0.5277082920074463, 0.4722916781902313]","[54, 46]",0.0,0.0020766076631844044,0.007201066706329584
4436,193,60.0,60,,nnknn,100,1530,5003,811,1446,719,3557,0,0,0.9438233333333333,0.9438233333333333,True,"[0.0, 1.0]","[0.4719116687774658, 0.5280883312225342]","[54, 46]",0.0,0.0020766076631844044,0.007201066706329584
4468,194,32.0,32,,nnknn,100,1530,5003,811,1446,719,3557,0,0,0.943418,0.943418,True,"[1.0, 0.0]","[0.5282909870147705, 0.4717090129852295]","[54, 46]",0.0,0.0020766076631844044,0.007201066706329584
4491,195,23.0,23,,nnknn,100,1530,5003,811,1446,719,3557,0,0,0.9431266666666667,0.9431266666666667,True,"[0.0, 1.0]","[0.47156333923339844, 0.5284366607666016]","[54, 46]",0.0,0.0020766076631844044,0.007201066706329584
4512,196,21.0,21,49.693397521972656,nnknn,100,1558,5207,823,1530,735,3677,0,0,0.9428606666666667,0.9428606666666667,True,"[0.901493489742279, 0.09850653260946274]","[0.5229410529136658, 0.47705891728401184]","[54, 46]",0.0,0.0020355924498289824,0.007700569462031126
4544,197,32.0,32,,nnknn,100,1558,5207,823,1530,735,3677,0,0,0.9424553333333333,0.9424553333333333,True,"[0.9198179244995117, 0.08018209040164948]","[0.5241582989692688, 0.4758417308330536]","[54, 46]",0.0,0.0020355924498289824,0.007700569462031126
4573,198,29.0,29,,nnknn,100,1558,5207,823,1530,735,3677,0,0,0.942088,0.942088,True,"[1.0, 0.0]","[0.5289559960365295, 0.47104400396347046]","[54, 46]",0.0,0.0020355924498289824,0.007700569462031126
4674,199,101.0,101,,nnknn,100,1558,5207,823,1530,735,3677,0,0,0.9408086666666666,0.9408086666666666,True,"[0.3372761905193329, 0.6627238392829895]","[0.49036815762519836, 0.509631872177124]","[54, 46]",0.0,0.0020355924498289824,0.007700569462031126
4701,200,27.0,27,77.47265625,nnknn,100,1584,5505,832,1656,752,3849,0,0,0.9404666666666667,0.9404666666666667,True,"[0.3493972420692444, 0.6506027579307556]","[0.4910341203212738, 0.5089659094810486]","[55, 45]",0.0,0.002213892061263323,0.008200500160455704
4715,201,14.0,14,,nnknn,100,1584,5505,832,1656,752,3849,0,0,0.9402893333333333,0.9402893333333333,True,"[1.0, 0.0]","[0.5298553705215454, 0.470144659280777]","[55, 45]",0.0,0.002213892061263323,0.008200500160455704
4753,202,38.0,38,,nnknn,100,1584,5505,832,1656,752,3849,0,0,0.939808,0.939808,True,"[1.0, 0.0]","[0.5300959944725037, 0.46990400552749634]","[55, 45]",0.0,0.002213892061263323,0.008200500160455704
4778,203,25.0,25,,nnknn,100,1584,5505,832,1656,752,3849,0,0,0.9394913333333333,0.9394913333333333,True,"[0.9229623079299927, 0.07703767716884613]","[0.5255928635597229, 0.4744071066379547]","[55, 45]",0.0,0.002213892061263323,0.008200500160455704
4805,204,27.0,27,21.790056228637695,nnknn,100,1611,5647,839,1714,772,3933,0,0,0.9391493333333334,0.9391493333333334,True,"[0.38967084884643555, 0.6103292107582092]","[0.4932864010334015, 0.5067136287689209]","[57, 43]",0.0,0.002245588693767786,0.008700481615960598
4814,205,9.0,9,,nnknn,100,1611,5647,839,1714,772,3933,0,0,0.9390353333333333,0.9390353333333333,True,"[0.8021246790885925, 0.19787535071372986]","[0.5184189081192017, 0.48158109188079834]","[57, 43]",0.0,0.002245588693767786,0.008700481615960598
4828,206,14.0,14,,nnknn,100,1611,5647,839,1714,772,3933,0,0,0.938858,0.938858,True,"[0.27245739102363586, 0.7275426387786865]","[0.4860875904560089, 0.5139124393463135]","[57, 43]",0.0,0.002245588693767786,0.008700481615960598
4863,207,35.0,35,,nnknn,100,1611,5647,839,1714,772,3933,0,0,0.9384146666666666,0.9384146666666666,True,"[1.0, 0.0]","[0.5307926535606384, 0.4692073464393616]","[57, 43]",0.0,0.002245588693767786,0.008700481615960598
4879,208,16.0,16,27.995267868041992,nnknn,100,1636,5721,849,1729,787,3992,0,0,0.938212,0.938212,True,"[0.7101078033447266, 0.28989216685295105]","[0.5129821300506592, 0.48701784014701843]","[56, 44]",0.0,0.002202903386205435,0.009200366213917732
4904,209,25.0,25,,nnknn,100,1636,5721,849,1729,787,3992,0,0,0.9378953333333333,0.9378953333333333,True,"[1.0, 0.0]","[0.5310523509979248, 0.4689476788043976]","[56, 44]",0.0,0.002202903386205435,0.009200366213917732
4940,210,36.0,36,,nnknn,100,1636,5721,849,1729,787,3992,0,0,0.9374393333333333,0.9374393333333333,True,"[1.0, 0.0]","[0.5312803387641907, 0.4687196612358093]","[56, 44]",0.0,0.002202903386205435,0.009200366213917732
4961,211,21.0,21,,nnknn,100,1636,5721,849,1729,787,3992,0,0,0.9371733333333333,0.9371733333333333,True,"[0.320709228515625, 0.679290771484375]","[0.48873576521873474, 0.5112642645835876]","[56, 44]",0.0,0.002202903386205435,0.009200366213917732
4970,212,9.0,9,35.20568084716797,nnknn,100,1658,5836,857,1767,801,4069,0,0,0.9370593333333334,0.9370593333333334,True,"[0.3252037763595581, 0.6747962832450867]","[0.4889982044696808, 0.5110017657279968]","[58, 42]",0.0,0.0022495228331536055,0.009700153954327106
4995,213,25.0,25,,nnknn,100,1658,5836,857,1767,801,4069,0,0,0.9367426666666667,0.9367426666666667,True,"[1.0, 0.0]","[0.5316286683082581, 0.46837133169174194]","[58, 42]",0.0,0.0022495228331536055,0.009700153954327106
5032,214,37.0,37,,nnknn,100,1658,5836,857,1767,801,4069,0,0,0.936274,0.936274,True,"[1.0, 0.0]","[0.5318629741668701, 0.4681369960308075]","[58, 42]",0.0,0.0022495228331536055,0.009700153954327106
5045,215,13.0,13,,nnknn,100,1658,5836,857,1767,801,4069,0,0,0.9361093333333333,0.9361093333333333,True,"[0.8179945349693298, 0.18200546503067017]","[0.5203168988227844, 0.4796831011772156]","[58, 42]",0.0,0.0022495228331536055,0.009700153954327106
5079,216,34.0,34,27.197895050048828,nnknn,100,1675,5992,864,1824,811,4168,0,0,0.9356786666666667,0.9356786666666667,True,"[0.0, 1.0]","[0.4678393304347992, 0.5321606397628784]","[55, 45]",0.0,0.0023363903164863586,0.01019990537315607
5095,217,16.0,16,,nnknn,100,1675,5992,864,1824,811,4168,0,0,0.935476,0.935476,True,"[0.0, 1.0]","[0.46773800253868103, 0.5322619676589966]","[55, 45]",0.0,0.0023363903164863586,0.01019990537315607
5120,218,25.0,25,,nnknn,100,1675,5992,864,1824,811,4168,0,0,0.9351593333333333,0.9351593333333333,True,"[1.0, 0.0]","[0.5324203372001648, 0.4675796627998352]","[55, 45]",0.0,0.0023363903164863586,0.01019990537315607
5131,219,11.0,11,,nnknn,100,1675,5992,864,1824,811,4168,0,0,0.93502,0.93502,True,"[0.17974242568016052, 0.8202576041221619]","[0.4791896641254425, 0.5208103060722351]","[55, 45]",0.0,0.0023363903164863586,0.01019990537315607
5146,220,15.0,15,14.119820594787598,nnknn,100,1687,6066,868,1839,819,4227,0,0,0.93483,0.93483,True,"[1.0, 0.0]","[0.5325850248336792, 0.4674150049686432]","[57, 43]",0.0,0.0022994098253548145,0.009700162336230278
5157,221,11.0,11,,nnknn,100,1687,6066,868,1839,819,4227,0,0,0.9346906666666667,0.9346906666666667,True,"[1.0, 0.0]","[0.5326546430587769, 0.46734532713890076]","[57, 43]",0.0,0.0022994098253548145,0.009700162336230278
5169,222,12.0,12,,nnknn,100,1687,6066,868,1839,819,4227,0,0,0.9345386666666666,0.9345386666666666,True,"[1.0, 0.0]","[0.5327306985855103, 0.46726933121681213]","[57, 43]",0.0,0.0022994098253548145,0.009700162336230278
5178,223,9.0,9,,nnknn,100,1687,6066,868,1839,819,4227,0,0,0.9344246666666667,0.9344246666666667,True,"[0.21653760969638824, 0.783462405204773]","[0.4814118444919586, 0.518588125705719]","[57, 43]",0.0,0.0022994098253548145,0.009700162336230278
5190,224,12.0,12,12.338358879089355,nnknn,100,1702,6105,878,1839,824,4266,0,0,0.9342726666666666,0.9342726666666666,True,"[1.0, 0.0]","[0.5328636765480042, 0.46713632345199585]","[56, 44]",0.0,0.0022873012349009514,0.0093702282756567
5204,225,14.0,14,,nnknn,100,1702,6105,878,1839,824,4266,0,0,0.9340953333333333,0.9340953333333333,True,"[0.0, 1.0]","[0.46704766154289246, 0.5329523086547852]","[56, 44]",0.0,0.0022873012349009514,0.0093702282756567
5224,226,20.0,20,,nnknn,100,1702,6105,878,1839,824,4266,0,0,0.9338420000000001,0.9338420000000001,True,"[1.0, 0.0]","[0.5330790281295776, 0.46692100167274475]","[56, 44]",0.0,0.0022873012349009514,0.0093702282756567
5237,227,13.0,13,,nnknn,100,1702,6105,878,1839,824,4266,0,0,0.9336773333333334,0.9336773333333334,True,"[0.10583245754241943, 0.8941675424575806]","[0.4738577604293823, 0.5261422395706177]","[56, 44]",0.0,0.0022873012349009514,0.0093702282756567
5249,228,12.0,12,13.533035278320312,nnknn,100,1710,6173,881,1853,829,4320,0,0,0.9335253333333333,0.9335253333333333,True,"[1.0, 0.0]","[0.5332373380661011, 0.4667626619338989]","[57, 43]",0.0,0.0022489805705845356,0.009044199250638485
5262,229,13.0,13,,nnknn,100,1710,6173,881,1853,829,4320,0,0,0.9333606666666667,0.9333606666666667,True,"[1.0, 0.0]","[0.5333196520805359, 0.4666803479194641]","[57, 43]",0.0,0.0022489805705845356,0.009044199250638485
5278,230,16.0,16,,nnknn,100,1710,6173,881,1853,829,4320,0,0,0.933158,0.933158,True,"[1.0, 0.0]","[0.5334210395812988, 0.46657899022102356]","[57, 43]",0.0,0.0022489805705845356,0.009044199250638485
5299,231,21.0,21,,nnknn,100,1710,6173,881,1853,829,4320,0,0,0.932892,0.932892,True,"[1.0, 0.0]","[0.533553957939148, 0.46644601225852966]","[57, 43]",0.0,0.0022489805705845356,0.009044199250638485
5333,232,34.0,34,24.533002853393555,nnknn,100,1723,6280,887,1883,836,4397,0,0,0.9324613333333334,0.9324613333333334,True,"[0.11816345900297165, 0.8818365335464478]","[0.47421127557754517, 0.5257887244224548]","[60, 40]",0.0,0.0022293010260909796,0.00954403355717659
5362,233,29.0,29,,nnknn,100,1723,6280,887,1883,836,4397,0,0,0.932094,0.932094,True,"[0.0, 1.0]","[0.4660469889640808, 0.5339530110359192]","[60, 40]",0.0,0.0022293010260909796,0.00954403355717659
5375,234,13.0,13,,nnknn,100,1723,6280,887,1883,836,4397,0,0,0.9319293333333334,0.9319293333333334,True,"[0.21288061141967773, 0.787119448184967]","[0.480455607175827, 0.5195444226264954]","[60, 40]",0.0,0.0022293010260909796,0.00954403355717659
5387,235,12.0,12,,nnknn,100,1723,6280,887,1883,836,4397,0,0,0.9317773333333333,0.9317773333333333,True,"[0.0844123512506485, 0.9155876636505127]","[0.4716475009918213, 0.5283524990081787]","[60, 40]",0.0,0.0022293010260909796,0.00954403355717659
5423,236,36.0,36,31.312360763549805,nnknn,100,1734,6414,889,1936,845,4478,0,0,0.9313213333333333,0.9313213333333333,True,"[0.19751495122909546, 0.8024850487709045]","[0.4792257249355316, 0.520774245262146]","[56, 44]",0.0,0.002187678124755621,0.009907283820211887
5456,237,33.0,33,,nnknn,100,1734,6414,889,1936,845,4478,0,0,0.9309033333333333,0.9309033333333333,True,"[0.22690030932426453, 0.7730997204780579]","[0.4811297059059143, 0.5188702940940857]","[56, 44]",0.0,0.002187678124755621,0.009907283820211887
5498,238,42.0,42,,nnknn,100,1734,6414,889,1936,845,4478,0,0,0.9303713333333333,0.9303713333333333,True,"[0.0, 1.0]","[0.46518567204475403, 0.5348143577575684]","[56, 44]",0.0,0.002187678124755621,0.009907283820211887
5516,239,18.0,18,,nnknn,100,1734,6414,889,1936,845,4478,0,0,0.9301433333333333,0.9301433333333333,True,"[0.25046005845069885, 0.7495399117469788]","[0.4825679659843445, 0.5174320340156555]","[56, 44]",0.0,0.002187678124755621,0.009907283820211887
5528,240,12.0,12,33.759552001953125,nnknn,100,1749,6571,893,1999,856,4572,0,0,0.9299913333333334,0.9299913333333334,True,"[1.0, 0.0]","[0.5350043773651123, 0.4649956524372101]","[55, 45]",0.0,0.0021873735822737217,0.010406948626041412
5544,241,16.0,16,,nnknn,100,1749,6571,893,1999,856,4572,0,0,0.9297886666666667,0.9297886666666667,True,"[1.0, 0.0]","[0.5351057052612305, 0.4648943245410919]","[55, 45]",0.0,0.0021873735822737217,0.010406948626041412
5576,242,32.0,32,,nnknn,100,1749,6571,893,1999,856,4572,0,0,0.9293833333333333,0.9293833333333333,True,"[0.0, 1.0]","[0.4646916687488556, 0.5353083610534668]","[55, 45]",0.0,0.0021873735822737217,0.010406948626041412
5592,243,16.0,16,,nnknn,100,1749,6571,893,1999,856,4572,0,0,0.9291806666666667,0.9291806666666667,True,"[0.0, 1.0]","[0.4645903408527374, 0.535409688949585]","[55, 45]",0.0,0.0021873735822737217,0.010406948626041412
5655,244,63.0,63,61.0522575378418,nnknn,100,1773,6754,901,2071,872,4683,0,0,0.9283826666666667,0.9283826666666667,True,"[1.0, 0.0]","[0.5358086824417114, 0.46419134736061096]","[53, 47]",0.0,0.0021825903095304966,0.010906917043030262
5677,245,22.0,22,,nnknn,100,1773,6754,901,2071,872,4683,0,0,0.928104,0.928104,True,"[1.0, 0.0]","[0.5359480381011963, 0.4640519917011261]","[53, 47]",0.0,0.0021825903095304966,0.010906917043030262
5724,246,47.0,47,,nnknn,100,1773,6754,901,2071,872,4683,0,0,0.9275086666666666,0.9275086666666666,True,"[1.0, 0.0]","[0.5362457036972046, 0.4637543261051178]","[53, 47]",0.0,0.0021825903095304966,0.010906917043030262
5743,247,19.0,19,,nnknn,100,1773,6754,901,2071,872,4683,0,0,0.927268,0.927268,True,"[1.0, 0.0]","[0.5363659858703613, 0.46363401412963867]","[53, 47]",0.0,0.0021825903095304966,0.010906917043030262
5772,248,29.0,29,43.92138671875,nnknn,100,1778,6935,903,2138,875,4797,0,0,0.9269006666666667,0.9269006666666667,True,"[0.09668972343206406, 0.9033102989196777]","[0.4705182909965515, 0.5294817090034485]","[52, 48]",0.0,0.002169197890907526,0.010564081370830536
5790,249,18.0,18,,nnknn,100,1778,6935,903,2138,875,4797,0,0,0.9266726666666667,0.9266726666666667,True,"[1.0, 0.0]","[0.5366636514663696, 0.463336318731308]","[52, 48]",0.0,0.002169197890907526,0.010564081370830536
5835,250,45.0,45,,nnknn,100,1778,6935,903,2138,875,4797,0,0,0.9261026666666666,0.9261026666666666,True,"[0.1134721115231514, 0.8865278959274292]","[0.47143661975860596, 0.528563380241394]","[52, 48]",0.0,0.002169197890907526,0.010564081370830536
5849,251,14.0,14,,nnknn,100,1778,6935,903,2138,875,4797,0,0,0.9259253333333334,0.9259253333333334,True,"[1.0, 0.0]","[0.5370373725891113, 0.46296265721321106]","[52, 48]",0.0,0.002169197890907526,0.010564081370830536
5883,252,34.0,34,34.339351654052734,nnknn,100,1793,7092,906,2196,887,4896,0,0,0.9254946666666667,0.9254946666666667,True,"[0.0, 1.0]","[0.46274733543395996, 0.53725266456604]","[52, 48]",0.0,0.0021985359489917755,0.011064055375754833
5891,253,8.0,8,,nnknn,100,1793,7092,906,2196,887,4896,0,0,0.9253933333333333,0.9253933333333333,True,"[0.1590299904346466, 0.840969979763031]","[0.4745613634586334, 0.5254386067390442]","[52, 48]",0.0,0.0021985359489917755,0.011064055375754833
5918,254,27.0,27,,nnknn,100,1793,7092,906,2196,887,4896,0,0,0.9250513333333333,0.9250513333333333,True,"[0.09137927740812302, 0.9086207747459412]","[0.469374418258667, 0.530625581741333]","[52, 48]",0.0,0.0021985359489917755,0.011064055375754833
5943,255,25.0,25,,nnknn,100,1793,7092,906,2196,887,4896,0,0,0.9247346666666667,0.9247346666666667,True,"[1.0, 0.0]","[0.5376327037811279, 0.46236732602119446]","[52, 48]",0.0,0.0021985359489917755,0.011064055375754833
5955,256,12.0,12,14.051411628723145,nnknn,100,1814,7177,917,2219,897,4958,0,0,0.9245826666666667,0.9245826666666667,True,"[0.8964644074440002, 0.10353560000658035]","[0.529900312423706, 0.47009971737861633]","[53, 47]",0.0,0.0021444056183099747,0.010719682089984417
5987,257,32.0,32,,nnknn,100,1814,7177,917,2219,897,4958,0,0,0.9241773333333333,0.9241773333333333,True,"[0.0, 1.0]","[0.4620886743068695, 0.5379112958908081]","[53, 47]",0.0,0.0021444056183099747,0.010719682089984417
5999,258,12.0,12,,nnknn,100,1814,7177,917,2219,897,4958,0,0,0.9240253333333334,0.9240253333333334,True,"[0.14471285045146942, 0.8552871942520142]","[0.4730071723461151, 0.5269927978515625]","[53, 47]",0.0,0.0021444056183099747,0.010719682089984417
6023,259,24.0,24,,nnknn,100,1814,7177,917,2219,897,4958,0,0,0.9237213333333334,0.9237213333333334,True,"[0.8961389660835266, 0.103861004114151]","[0.5302169322967529, 0.4697830379009247]","[53, 47]",0.0,0.0021444056183099747,0.010719682089984417
6031,260,8.0,8,20.705894470214844,nnknn,100,1836,7267,924,2248,912,5019,0,0,0.92362,0.92362,True,"[0.9018735289573669, 0.09812650084495544]","[0.5306950807571411, 0.4693048894405365]","[51, 49]",0.0,0.0021666327957063913,0.010378718376159668
6056,261,25.0,25,,nnknn,100,1836,7267,924,2248,912,5019,0,0,0.9233033333333334,0.9233033333333334,True,"[0.0, 1.0]","[0.46165165305137634, 0.5383483171463013]","[51, 49]",0.0,0.0021666327957063913,0.010378718376159668
6084,262,28.0,28,,nnknn,100,1836,7267,924,2248,912,5019,0,0,0.9229486666666666,0.9229486666666666,True,"[0.0, 1.0]","[0.46147432923316956, 0.5385257005691528]","[51, 49]",0.0,0.0021666327957063913,0.010378718376159668
6121,263,37.0,37,,nnknn,100,1836,7267,924,2248,912,5019,0,0,0.92248,0.92248,True,"[0.1704389899969101, 0.8295610547065735]","[0.4744524359703064, 0.5255475640296936]","[51, 49]",0.0,0.0021666327957063913,0.010378718376159668
6145,264,24.0,24,26.55451774597168,nnknn,100,1851,7444,932,2318,919,5126,0,0,0.922176,0.922176,True,"[0.0, 1.0]","[0.46108800172805786, 0.5389119982719421]","[48, 52]",0.0,0.002121106255799532,0.010610411874949932
6172,265,27.0,27,,nnknn,100,1851,7444,932,2318,919,5126,0,0,0.921834,0.921834,True,"[0.7723795175552368, 0.22762052714824677]","[0.5212908387184143, 0.4787091910839081]","[48, 52]",0.0,0.002121106255799532,0.010610411874949932
6191,266,19.0,19,,nnknn,100,1851,7444,932,2318,919,5126,0,0,0.9215933333333334,0.9215933333333334,True,"[0.7837433815002441, 0.21625667810440063]","[0.5222473740577698, 0.4777526259422302]","[48, 52]",0.0,0.002121106255799532,0.010610411874949932
6215,267,24.0,24,,nnknn,100,1851,7444,932,2318,919,5126,0,0,0.9212893333333333,0.9212893333333333,True,"[0.0, 1.0]","[0.4606446623802185, 0.5393553376197815]","[48, 52]",0.0,0.002121106255799532,0.010610411874949932
6256,268,41.0,41,27.48426055908203,nnknn,100,1874,7601,939,2380,935,5221,0,0,0.92077,0.92077,True,"[0.0, 1.0]","[0.4603849947452545, 0.5396150350570679]","[45, 55]",0.0,0.0020662767346948385,0.01037830300629139
6305,269,49.0,49,,nnknn,100,1874,7601,939,2380,935,5221,0,0,0.9201493333333334,0.9201493333333334,True,"[0.0, 1.0]","[0.46007466316223145, 0.5399253368377686]","[45, 55]",0.0,0.0020662767346948385,0.01037830300629139
6322,270,17.0,17,,nnknn,100,1874,7601,939,2380,935,5221,0,0,0.919934,0.919934,True,"[0.7869971990585327, 0.21300280094146729]","[0.5229787230491638, 0.4770212769508362]","[45, 55]",0.0,0.0020662767346948385,0.01037830300629139
6354,271,32.0,32,,nnknn,100,1874,7601,939,2380,935,5221,0,0,0.9195286666666667,0.9195286666666667,True,"[1.0, 0.0]","[0.5402356386184692, 0.4597643315792084]","[45, 55]",0.0,0.0020662767346948385,0.01037830300629139
6385,272,31.0,31,32.75363540649414,nnknn,100,1968,7716,1019,2380,949,5336,0,0,0.919136,0.919136,True,"[0.15688426792621613, 0.8431157469749451]","[0.47225427627563477, 0.5277457237243652]","[45, 55]",0.0,0.002280592219904065,0.010610435158014297
6418,273,33.0,33,,nnknn,100,1968,7716,1019,2380,949,5336,0,0,0.918718,0.918718,True,"[0.0, 1.0]","[0.45935899019241333, 0.5406410098075867]","[45, 55]",0.0,0.002280592219904065,0.010610435158014297
6438,274,20.0,20,,nnknn,100,1968,7716,1019,2380,949,5336,0,0,0.9184646666666667,0.9184646666666667,True,"[0.8694831132888794, 0.1305168867111206]","[0.5301259160041809, 0.4698740839958191]","[45, 55]",0.0,0.002280592219904065,0.010610435158014297
6472,275,34.0,34,,nnknn,100,1968,7716,1019,2380,949,5336,0,0,0.918034,0.918034,True,"[1.0, 0.0]","[0.5409829616546631, 0.4590170085430145]","[45, 55]",0.0,0.002280592219904065,0.010610435158014297
6499,276,27.0,27,35.166969299316406,nnknn,98,2050,7813,1084,2380,966,5433,0,0,0.917692,0.917692,True,"[0.23401160538196564, 0.7659884095191956]","[0.4781070351600647, 0.5218929648399353]","[44, 54]",0.0,0.002436399459838867,0.010378560982644558
6517,277,18.0,18,,nnknn,98,2050,7813,1084,2380,966,5433,0,0,0.9174640000000001,0.9174640000000001,True,"[0.0, 1.0]","[0.458732008934021, 0.541267991065979]","[44, 54]",0.0,0.002436399459838867,0.010378560982644558
6545,278,28.0,28,,nnknn,98,2050,7813,1084,2380,966,5433,0,0,0.9171093333333333,0.9171093333333333,True,"[1.0, 0.0]","[0.5414453744888306, 0.4585546553134918]","[44, 54]",0.0,0.002436399459838867,0.010378560982644558
6579,279,34.0,34,,nnknn,98,2050,7813,1084,2380,966,5433,0,0,0.9166786666666666,0.9166786666666666,True,"[1.0, 0.0]","[0.5416606664657593, 0.4583393335342407]","[44, 54]",0.0,0.002436399459838867,0.010378560982644558
6594,280,15.0,15,24.853078842163086,nnknn,98,2117,7891,1134,2380,983,5511,0,0,0.9164886666666666,0.9164886666666666,True,"[0.0, 1.0]","[0.45824432373046875, 0.5417556762695312]","[45, 53]",0.0,0.0023293588310480118,0.010038916021585464
6611,281,17.0,17,,nnknn,98,2117,7891,1134,2380,983,5511,0,0,0.9162733333333333,0.9162733333333333,True,"[1.0, 0.0]","[0.5418633222579956, 0.4581366777420044]","[45, 53]",0.0,0.0023293588310480118,0.010038916021585464
6652,282,41.0,41,,nnknn,98,2117,7891,1134,2380,983,5511,0,0,0.915754,0.915754,True,"[1.0, 0.0]","[0.5421229600906372, 0.4578770101070404]","[45, 53]",0.0,0.0023293588310480118,0.010038916021585464
6664,283,12.0,12,,nnknn,98,2117,7891,1134,2380,983,5511,0,0,0.915602,0.915602,True,"[1.0, 0.0]","[0.5421990156173706, 0.4578010141849518]","[45, 53]",0.0,0.0023293588310480118,0.010038916021585464
6693,284,29.0,29,32.63300704956055,nnknn,100,2138,8023,1139,2429,999,5594,0,0,0.9152346666666666,0.9152346666666666,True,"[1.0, 0.0]","[0.5423826575279236, 0.4576173424720764]","[49, 51]",0.0,0.0022272721398621798,0.009539122693240643
6725,285,32.0,32,,nnknn,100,2138,8023,1139,2429,999,5594,0,0,0.9148293333333333,0.9148293333333333,True,"[0.0, 1.0]","[0.4574146568775177, 0.5425853729248047]","[49, 51]",0.0,0.0022272721398621798,0.009539122693240643
6749,286,24.0,24,,nnknn,100,2138,8023,1139,2429,999,5594,0,0,0.9145253333333333,0.9145253333333333,True,"[0.91034334897995, 0.08965665847063065]","[0.53507399559021, 0.4649260342121124]","[49, 51]",0.0,0.0022272721398621798,0.009539122693240643
6766,287,17.0,17,,nnknn,100,2138,8023,1139,2429,999,5594,0,0,0.91431,0.91431,True,"[0.0, 1.0]","[0.4571549892425537, 0.5428450107574463]","[49, 51]",0.0,0.0022272721398621798,0.009539122693240643
6787,288,21.0,21,19.780902862548828,nnknn,100,2158,8139,1149,2461,1009,5678,0,0,0.914044,0.914044,True,"[1.0, 0.0]","[0.5429779887199402, 0.4570220112800598]","[53, 47]",0.0,0.002215353539213538,0.00961068831384182
6799,289,12.0,12,,nnknn,100,2158,8139,1149,2461,1009,5678,0,0,0.913892,0.913892,True,"[0.0, 1.0]","[0.4569459855556488, 0.5430539846420288]","[53, 47]",0.0,0.002215353539213538,0.00961068831384182
6819,290,20.0,20,,nnknn,100,2158,8139,1149,2461,1009,5678,0,0,0.9136386666666667,0.9136386666666667,True,"[1.0, 0.0]","[0.5431807041168213, 0.4568193256855011]","[53, 47]",0.0,0.002215353539213538,0.00961068831384182
6838,291,19.0,19,,nnknn,100,2158,8139,1149,2461,1009,5678,0,0,0.913398,0.913398,True,"[0.16335871815681458, 0.8366413116455078]","[0.4708462059497833, 0.5291538238525391]","[53, 47]",0.0,0.002215353539213538,0.00961068831384182
6851,292,13.0,13,20.64302635192871,nnknn,100,2178,8198,1156,2469,1022,5729,0,0,0.9132333333333333,0.9132333333333333,True,"[0.11753904074430466, 0.8824609518051147]","[0.46681514382362366, 0.5331848859786987]","[50, 50]",0.0,0.002353123389184475,0.010110647417604923
6871,293,20.0,20,,nnknn,100,2178,8198,1156,2469,1022,5729,0,0,0.91298,0.91298,True,"[0.32875093817710876, 0.6712490916252136]","[0.4850979149341583, 0.5149021148681641]","[50, 50]",0.0,0.002353123389184475,0.010110647417604923
6944,294,73.0,73,,nnknn,100,2178,8198,1156,2469,1022,5729,0,0,0.9120553333333333,0.9120553333333333,True,"[1.0, 0.0]","[0.543972373008728, 0.45602765679359436]","[50, 50]",0.0,0.002353123389184475,0.010110647417604923
6957,295,13.0,13,,nnknn,100,2178,8198,1156,2469,1022,5729,0,0,0.9118906666666666,0.9118906666666666,True,"[1.0, 0.0]","[0.5440546274185181, 0.45594534277915955]","[50, 50]",0.0,0.002353123389184475,0.010110647417604923
6981,296,24.0,24,64.78739166259766,nnknn,100,2197,8397,1162,2551,1035,5846,0,0,0.9115866666666667,0.9115866666666667,True,"[1.0, 0.0]","[0.5442066788673401, 0.4557933211326599]","[52, 48]",0.0,0.0024258142802864313,0.009610955603420734
7004,297,23.0,23,,nnknn,100,2197,8397,1162,2551,1035,5846,0,0,0.9112953333333333,0.9112953333333333,True,"[0.12696373462677002, 0.8730363249778748]","[0.4669099450111389, 0.5330900549888611]","[52, 48]",0.0,0.0024258142802864313,0.009610955603420734
7030,298,26.0,26,,nnknn,100,2197,8397,1162,2551,1035,5846,0,0,0.9109659999999999,0.9109659999999999,True,"[1.0, 0.0]","[0.5445170402526855, 0.45548298954963684]","[52, 48]",0.0,0.0024258142802864313,0.009610955603420734
7072,299,42.0,42,,nnknn,100,2197,8397,1162,2551,1035,5846,0,0,0.910434,0.910434,True,"[0.0, 1.0]","[0.45521700382232666, 0.5447829961776733]","[52, 48]",0.0,0.0024258142802864313,0.009610955603420734
7100,300,28.0,28,31.868032455444336,nnknn,92,2292,8501,1242,2551,1050,5950,0,0,0.9100793333333334,0.9100793333333334,True,"[0.0, 1.0]","[0.4550396800041199, 0.5449603199958801]","[48, 44]",0.0004996639327146113,0.0027081153821200132,0.01011071540415287
7143,301,43.0,43,,nnknn,92,2292,8501,1242,2551,1050,5950,0,0,0.9095346666666667,0.9095346666666667,True,"[0.0, 1.0]","[0.4547673463821411, 0.5452326536178589]","[48, 44]",0.0004996639327146113,0.0027081153821200132,0.01011071540415287
7154,302,11.0,11,,nnknn,92,2292,8501,1242,2551,1050,5950,0,0,0.9093953333333333,0.9093953333333333,True,"[0.16250911355018616, 0.8374908566474915]","[0.46942174434661865, 0.5305782556533813]","[48, 44]",0.0004996639327146113,0.0027081153821200132,0.01011071540415287
7169,303,15.0,15,,nnknn,92,2292,8501,1242,2551,1050,5950,0,0,0.9092053333333333,0.9092053333333333,True,"[1.0, 0.0]","[0.5453973412513733, 0.4546026587486267]","[48, 44]",0.0004996639327146113,0.0027081153821200132,0.01011071540415287
7188,304,19.0,19,31.001895904541016,nnknn,100,2306,8610,1243,2585,1063,6025,0,0,0.9089646666666666,0.9089646666666666,True,"[0.0, 1.0]","[0.4544823467731476, 0.5455176830291748]","[53, 47]",0.0,0.002476850524544716,0.009610905312001705
7227,305,39.0,39,,nnknn,100,2306,8610,1243,2585,1063,6025,0,0,0.9084706666666666,0.9084706666666666,True,"[0.09823524951934814, 0.9017647504806519]","[0.4632267355918884, 0.5367732644081116]","[53, 47]",0.0,0.002476850524544716,0.009610905312001705
7253,306,26.0,26,,nnknn,100,2306,8610,1243,2585,1063,6025,0,0,0.9081413333333334,0.9081413333333334,True,"[1.0, 0.0]","[0.5459293127059937, 0.45407065749168396]","[53, 47]",0.0,0.002476850524544716,0.009610905312001705
7293,307,40.0,40,,nnknn,100,2306,8610,1243,2585,1063,6025,0,0,0.9076346666666667,0.9076346666666667,True,"[0.16970549523830414, 0.8302944898605347]","[0.46949225664138794, 0.5305077433586121]","[53, 47]",0.0,0.002476850524544716,0.009610905312001705
7336,308,43.0,43,35.66252136230469,nnknn,100,2327,8844,1250,2685,1077,6159,0,0,0.90709,0.90709,True,"[1.0, 0.0]","[0.5464550256729126, 0.4535450041294098]","[50, 50]",0.0,0.0025833386462181807,0.00911115575581789
7363,309,27.0,27,,nnknn,100,2327,8844,1250,2685,1077,6159,0,0,0.906748,0.906748,True,"[1.0, 0.0]","[0.5466259717941284, 0.4533739984035492]","[50, 50]",0.0,0.0025833386462181807,0.00911115575581789
7377,310,14.0,14,,nnknn,100,2327,8844,1250,2685,1077,6159,0,0,0.9065706666666666,0.9065706666666666,True,"[1.0, 0.0]","[0.5467146635055542, 0.4532853364944458]","[50, 50]",0.0,0.0025833386462181807,0.00911115575581789
7414,311,37.0,37,,nnknn,100,2327,8844,1250,2685,1077,6159,0,0,0.906102,0.906102,True,"[0.0, 1.0]","[0.45305100083351135, 0.546949028968811]","[50, 50]",0.0,0.0025833386462181807,0.00911115575581789
7460,312,46.0,46,37.57744598388672,nnknn,98,2427,8953,1335,2685,1092,6268,0,0,0.9055193333333333,0.9055193333333333,True,"[0.0, 1.0]","[0.45275965332984924, 0.5472403764724731]","[45, 53]",0.0,0.0027101458981633186,0.009610266424715519
7473,313,13.0,13,,nnknn,98,2427,8953,1335,2685,1092,6268,0,0,0.9053546666666666,0.9053546666666666,True,"[1.0, 0.0]","[0.5473226308822632, 0.45267733931541443]","[45, 53]",0.0,0.0027101458981633186,0.009610266424715519
7505,314,32.0,32,,nnknn,98,2427,8953,1335,2685,1092,6268,0,0,0.9049493333333334,0.9049493333333334,True,"[1.0, 0.0]","[0.5475253462791443, 0.4524746537208557]","[45, 53]",0.0,0.0027101458981633186,0.009610266424715519
7521,315,16.0,16,,nnknn,98,2427,8953,1335,2685,1092,6268,0,0,0.9047466666666667,0.9047466666666667,True,"[0.0, 1.0]","[0.45237332582473755, 0.5476266741752625]","[45, 53]",0.0,0.0027101458981633186,0.009610266424715519
7546,316,25.0,25,23.094491958618164,nnknn,97,2478,9028,1375,2685,1103,6343,0,0,0.90443,0.90443,True,"[1.0, 0.0]","[0.5477850437164307, 0.4522149860858917]","[47, 50]",0.0,0.002702477388083935,0.009279112331569195
7565,317,19.0,19,,nnknn,97,2478,9028,1375,2685,1103,6343,0,0,0.9041893333333333,0.9041893333333333,True,"[1.0, 0.0]","[0.5479053258895874, 0.4520946741104126]","[47, 50]",0.0,0.002702477388083935,0.009279112331569195
7665,318,100.0,100,,nnknn,97,2478,9028,1375,2685,1103,6343,0,0,0.9029226666666667,0.9029226666666667,True,"[1.0, 0.0]","[0.5485386848449707, 0.4514613449573517]","[47, 50]",0.0,0.002702477388083935,0.009279112331569195
7681,319,16.0,16,,nnknn,97,2478,9028,1375,2685,1103,6343,0,0,0.90272,0.90272,True,"[1.0, 0.0]","[0.5486400127410889, 0.45135998725891113]","[47, 50]",0.0,0.002702477388083935,0.009279112331569195
7702,320,21.0,21,89.20729064941406,nnknn,100,2489,9265,1378,2774,1111,6491,0,0,0.902454,0.902454,True,"[0.0, 1.0]","[0.45122700929641724, 0.5487729907035828]","[49, 51]",0.0,0.002547946758568287,0.008779173716902733
7729,321,27.0,27,,nnknn,100,2489,9265,1378,2774,1111,6491,0,0,0.902112,0.902112,True,"[1.0, 0.0]","[0.5489439964294434, 0.45105600357055664]","[49, 51]",0.0,0.002547946758568287,0.008779173716902733
7744,322,15.0,15,,nnknn,100,2489,9265,1378,2774,1111,6491,0,0,0.901922,0.901922,True,"[1.0, 0.0]","[0.5490390062332153, 0.45096099376678467]","[49, 51]",0.0,0.002547946758568287,0.008779173716902733
7779,323,35.0,35,,nnknn,100,2489,9265,1378,2774,1111,6491,0,0,0.9014786666666667,0.9014786666666667,True,"[0.0, 1.0]","[0.450739324092865, 0.549260675907135]","[49, 51]",0.0,0.002547946758568287,0.008779173716902733
7837,324,58.0,58,46.54977035522461,nnknn,100,2509,9460,1383,2849,1126,6611,0,0,0.900744,0.900744,True,"[0.0, 1.0]","[0.45037201046943665, 0.5496280193328857]","[50, 50]",0.0,0.0025737080723047256,0.009279043413698673
7857,325,20.0,20,,nnknn,100,2509,9460,1383,2849,1126,6611,0,0,0.9004906666666667,0.9004906666666667,True,"[1.0, 0.0]","[0.5497546792030334, 0.45024532079696655]","[50, 50]",0.0,0.0025737080723047256,0.009279043413698673
7883,326,26.0,26,,nnknn,100,2509,9460,1383,2849,1126,6611,0,0,0.9001613333333334,0.9001613333333334,True,"[0.0, 1.0]","[0.45008066296577454, 0.5499193668365479]","[50, 50]",0.0,0.0025737080723047256,0.009279043413698673
7902,327,19.0,19,,nnknn,100,2509,9460,1383,2849,1126,6611,0,0,0.8999206666666667,0.8999206666666667,True,"[1.0, 0.0]","[0.5500396490097046, 0.449960321187973]","[50, 50]",0.0,0.0025737080723047256,0.009279043413698673
7922,328,20.0,20,14.015809059143066,nnknn,97,2550,9539,1418,2849,1132,6690,0,0,0.8996673333333334,0.8996673333333334,True,"[0.09601332247257233, 0.9039866924285889]","[0.45946693420410156, 0.5405330657958984]","[46, 51]",0.0,0.002781667746603489,0.009779003448784351
7933,329,11.0,11,,nnknn,97,2550,9539,1418,2849,1132,6690,0,0,0.899528,0.899528,True,"[1.0, 0.0]","[0.5502359867095947, 0.4497640132904053]","[46, 51]",0.0,0.002781667746603489,0.009779003448784351
7970,330,37.0,37,,nnknn,97,2550,9539,1418,2849,1132,6690,0,0,0.8990593333333333,0.8990593333333333,True,"[1.0, 0.0]","[0.5504703521728516, 0.4495296776294708]","[46, 51]",0.0,0.002781667746603489,0.009779003448784351
7992,331,22.0,22,,nnknn,97,2550,9539,1418,2849,1132,6690,0,0,0.8987806666666667,0.8987806666666667,True,"[0.0, 1.0]","[0.44939032196998596, 0.5506097078323364]","[46, 51]",0.0,0.002781667746603489,0.009779003448784351
8011,332,19.0,19,24.1929988861084,nnknn,100,2559,9655,1421,2882,1138,6773,0,0,0.89854,0.89854,True,"[1.0, 0.0]","[0.5507299900054932, 0.44927000999450684]","[47, 53]",0.0,0.002638712292537093,0.010278970934450626
8030,333,19.0,19,,nnknn,100,2559,9655,1421,2882,1138,6773,0,0,0.8982993333333333,0.8982993333333333,True,"[0.0, 1.0]","[0.4491496682167053, 0.5508503317832947]","[47, 53]",0.0,0.002638712292537093,0.010278970934450626
8053,334,23.0,23,,nnknn,100,2559,9655,1421,2882,1138,6773,0,0,0.898008,0.898008,True,"[0.09548681974411011, 0.9045131802558899]","[0.4587428867816925, 0.5412571430206299]","[47, 53]",0.0,0.002638712292537093,0.010278970934450626
8072,335,19.0,19,,nnknn,100,2559,9655,1421,2882,1138,6773,0,0,0.8977673333333334,0.8977673333333334,True,"[1.0, 0.0]","[0.5511163473129272, 0.44888365268707275]","[47, 53]",0.0,0.002638712292537093,0.010278970934450626
8103,336,31.0,31,33.70499038696289,nnknn,100,2578,9773,1428,2920,1150,6853,0,0,0.8973746666666667,0.8973746666666667,True,"[0.2940388023853302, 0.7059612274169922]","[0.4788631796836853, 0.5211368203163147]","[44, 56]",0.0,0.002555272774770856,0.009780030697584152
8119,337,16.0,16,,nnknn,100,2578,9773,1428,2920,1150,6853,0,0,0.897172,0.897172,True,"[1.0, 0.0]","[0.5514140129089355, 0.44858598709106445]","[44, 56]",0.0,0.002555272774770856,0.009780030697584152
8137,338,18.0,18,,nnknn,100,2578,9773,1428,2920,1150,6853,0,0,0.896944,0.896944,True,"[0.0, 1.0]","[0.4484719932079315, 0.5515279769897461]","[44, 56]",0.0,0.002555272774770856,0.009780030697584152
8151,339,14.0,14,,nnknn,100,2578,9773,1428,2920,1150,6853,0,0,0.8967666666666667,0.8967666666666667,True,"[1.0, 0.0]","[0.5516166687011719, 0.4483833312988281]","[44, 56]",0.0,0.002555272774770856,0.009780030697584152
8179,340,28.0,28,23.12724494934082,nnknn,100,2594,9859,1432,2942,1162,6917,0,0,0.896412,0.896412,True,"[0.0, 1.0]","[0.44820600748062134, 0.5517939925193787]","[44, 56]",0.0,0.0025191926397383213,0.010279829613864422
8267,341,88.0,88,,nnknn,100,2594,9859,1432,2942,1162,6917,0,0,0.8952973333333334,0.8952973333333334,True,"[0.0, 1.0]","[0.44764867424964905, 0.5523513555526733]","[44, 56]",0.0,0.0025191926397383213,0.010279829613864422
8294,342,27.0,27,,nnknn,100,2594,9859,1432,2942,1162,6917,0,0,0.8949553333333333,0.8949553333333333,True,"[0.0, 1.0]","[0.44747766852378845, 0.5525223016738892]","[44, 56]",0.0,0.0025191926397383213,0.010279829613864422
8307,343,13.0,13,,nnknn,100,2594,9859,1432,2942,1162,6917,0,0,0.8947906666666666,0.8947906666666666,True,"[1.0, 0.0]","[0.5526046752929688, 0.44739532470703125]","[44, 56]",0.0,0.0025191926397383213,0.010279829613864422
8378,344,71.0,71,85.7461929321289,nnknn,100,2616,10194,1439,3093,1177,7101,0,0,0.8938913333333334,0.8938913333333334,True,"[0.0, 1.0]","[0.4469456672668457, 0.5530543327331543]","[45, 55]",0.0,0.0024547972716391087,0.009779893793165684
8388,345,10.0,10,,nnknn,100,2616,10194,1439,3093,1177,7101,0,0,0.8937646666666667,0.8937646666666667,True,"[0.0, 1.0]","[0.44688233733177185, 0.5531176328659058]","[45, 55]",0.0,0.0024547972716391087,0.009779893793165684
8423,346,35.0,35,,nnknn,100,2616,10194,1439,3093,1177,7101,0,0,0.8933213333333333,0.8933213333333333,True,"[0.0, 1.0]","[0.4466606676578522, 0.5533393621444702]","[45, 55]",0.0,0.0024547972716391087,0.009779893793165684
8460,347,37.0,37,,nnknn,100,2616,10194,1439,3093,1177,7101,0,0,0.8928526666666666,0.8928526666666666,True,"[0.0, 1.0]","[0.4464263319969177, 0.5535736680030823]","[45, 55]",0.0,0.0024547972716391087,0.009779893793165684
8486,348,26.0,26,31.878915786743164,nnknn,100,2624,10348,1439,3147,1185,7201,0,0,0.8925233333333333,0.8925233333333333,True,"[0.0, 1.0]","[0.4462616741657257, 0.5537383556365967]","[43, 57]",0.0,0.002447516657412052,0.010279865935444832
8504,349,18.0,18,,nnknn,100,2624,10348,1439,3147,1185,7201,0,0,0.8922953333333333,0.8922953333333333,True,"[1.0, 0.0]","[0.5538523197174072, 0.4461476802825928]","[43, 57]",0.0,0.002447516657412052,0.010279865935444832
8538,350,34.0,34,,nnknn,100,2624,10348,1439,3147,1185,7201,0,0,0.8918646666666666,0.8918646666666666,True,"[1.0, 0.0]","[0.5540676712989807, 0.4459323287010193]","[43, 57]",0.0,0.002447516657412052,0.010279865935444832
8591,351,53.0,53,,nnknn,100,2624,10348,1439,3147,1185,7201,0,0,0.8911933333333333,0.8911933333333333,True,"[0.9034226536750793, 0.09657736122608185]","[0.5438950657844543, 0.45610493421554565]","[43, 57]",0.0,0.002447516657412052,0.010279865935444832
8622,352,31.0,31,43.05982208251953,nnknn,100,2647,10543,1444,3224,1203,7319,0,0,0.8908006666666667,0.8908006666666667,True,"[0.0, 1.0]","[0.44540032744407654, 0.5545996427536011]","[44, 56]",0.0,0.002404141705483198,0.010445058345794678
8649,353,27.0,27,,nnknn,100,2647,10543,1444,3224,1203,7319,0,0,0.8904586666666666,0.8904586666666666,True,"[0.9038863778114319, 0.09611362963914871]","[0.544242262840271, 0.455757737159729]","[44, 56]",0.0,0.002404141705483198,0.010445058345794678
8664,354,15.0,15,,nnknn,100,2647,10543,1444,3224,1203,7319,0,0,0.8902686666666667,0.8902686666666667,True,"[0.0, 1.0]","[0.44513434171676636, 0.5548656582832336]","[44, 56]",0.0,0.002404141705483198,0.010445058345794678
8694,355,30.0,30,,nnknn,100,2647,10543,1444,3224,1203,7319,0,0,0.8898886666666667,0.8898886666666667,True,"[0.0, 1.0]","[0.4449443221092224, 0.5550556778907776]","[44, 56]",0.0,0.002404141705483198,0.010445058345794678
8708,356,14.0,14,19.792987823486328,nnknn,100,2659,10654,1446,3259,1213,7395,0,0,0.8897113333333333,0.8897113333333333,True,"[0.0, 1.0]","[0.444855660200119, 0.5551443099975586]","[45, 55]",0.0,0.0024294652976095676,0.010280072689056396
8729,357,21.0,21,,nnknn,100,2659,10654,1446,3259,1213,7395,0,0,0.8894453333333333,0.8894453333333333,True,"[1.0, 0.0]","[0.5552773475646973, 0.44472265243530273]","[45, 55]",0.0,0.0024294652976095676,0.010280072689056396
8753,358,24.0,24,,nnknn,100,2659,10654,1446,3259,1213,7395,0,0,0.8891413333333333,0.8891413333333333,True,"[0.0, 1.0]","[0.4445706605911255, 0.5554293394088745]","[45, 55]",0.0,0.0024294652976095676,0.010280072689056396
8792,359,39.0,39,,nnknn,100,2659,10654,1446,3259,1213,7395,0,0,0.8886473333333333,0.8886473333333333,True,"[0.0, 1.0]","[0.44432365894317627, 0.5556763410568237]","[45, 55]",0.0,0.0024294652976095676,0.010280072689056396
8812,360,20.0,20,20.046228408813477,nnknn,100,2669,10798,1448,3308,1221,7490,1,1,0.888394,0.888394,True,"[1.0, 0.0]","[0.5558030009269714, 0.44419699907302856]","[47, 53]",0.0,0.002443504286929965,0.01078005786985159
8853,361,41.0,41,,nnknn,100,2669,10798,1448,3308,1221,7490,1,1,0.8878746666666667,0.8878746666666667,True,"[1.0, 0.0]","[0.5560626983642578, 0.4439373314380646]","[47, 53]",0.0,0.002443504286929965,0.01078005786985159
8866,362,13.0,13,,nnknn,100,2669,10798,1448,3308,1221,7490,1,1,0.88771,0.88771,True,"[0.0, 1.0]","[0.4438549876213074, 0.5561450123786926]","[47, 53]",0.0,0.002443504286929965,0.01078005786985159
8883,363,17.0,17,,nnknn,100,2669,10798,1448,3308,1221,7490,1,1,0.8874946666666667,0.8874946666666667,True,"[0.0, 1.0]","[0.443747341632843, 0.556252658367157]","[47, 53]",0.0,0.002443504286929965,0.01078005786985159
8917,364,34.0,34,32.085994720458984,nnknn,100,2677,10951,1448,3364,1229,7587,1,1,0.887064,0.887064,True,"[1.0, 0.0]","[0.5564680099487305, 0.44353199005126953]","[49, 51]",0.0,0.0024190410040318966,0.011280044913291931
8940,365,23.0,23,,nnknn,100,2677,10951,1448,3364,1229,7587,1,1,0.8867726666666667,0.8867726666666667,True,"[1.0, 0.0]","[0.5566136837005615, 0.44338634610176086]","[49, 51]",0.0,0.0024190410040318966,0.011280044913291931
8955,366,15.0,15,,nnknn,100,2677,10951,1448,3364,1229,7587,1,1,0.8865826666666666,0.8865826666666666,True,"[1.0, 0.0]","[0.5567086935043335, 0.4432913362979889]","[49, 51]",0.0,0.0024190410040318966,0.011280044913291931
8983,367,28.0,28,,nnknn,100,2677,10951,1448,3364,1229,7587,1,1,0.886228,0.886228,True,"[1.0, 0.0]","[0.5568859577178955, 0.4431140124797821]","[49, 51]",0.0,0.0024190410040318966,0.011280044913291931
9084,368,101.0,101,89.3489990234375,nnknn,100,2685,11225,1450,3477,1235,7748,1,1,0.8849486666666666,0.8849486666666666,True,"[0.8057284951210022, 0.19427147507667542]","[0.5351744890213013, 0.4648255407810211]","[48, 52]",0.0,0.0023778348695486784,0.010780093260109425
9103,369,19.0,19,,nnknn,100,2685,11225,1450,3477,1235,7748,1,1,0.884708,0.884708,True,"[1.0, 0.0]","[0.5576460361480713, 0.4423539936542511]","[48, 52]",0.0,0.0023778348695486784,0.010780093260109425
9120,370,17.0,17,,nnknn,100,2685,11225,1450,3477,1235,7748,1,1,0.8844926666666667,0.8844926666666667,True,"[0.0, 1.0]","[0.44224634766578674, 0.5577536821365356]","[48, 52]",0.0,0.0023778348695486784,0.010780093260109425
9137,371,17.0,17,,nnknn,100,2685,11225,1450,3477,1235,7748,1,1,0.8842773333333334,0.8842773333333334,True,"[1.0, 0.0]","[0.557861328125, 0.442138671875]","[48, 52]",0.0,0.0023778348695486784,0.010780093260109425
9167,372,30.0,30,15.040271759033203,nnknn,100,2693,11326,1450,3505,1243,7821,3,3,0.8838973333333333,0.8838973333333333,True,"[1.0, 0.0]","[0.558051347732544, 0.44194865226745605]","[48, 52]",0.0,0.002306833164766431,0.011106221005320549
9196,373,29.0,29,,nnknn,100,2693,11326,1450,3505,1243,7821,3,3,0.88353,0.88353,True,"[1.0, 0.0]","[0.5582349896430969, 0.4417650103569031]","[48, 52]",0.0,0.002306833164766431,0.011106221005320549
9209,374,13.0,13,,nnknn,100,2693,11326,1450,3505,1243,7821,3,3,0.8833653333333333,0.8833653333333333,True,"[1.0, 0.0]","[0.5583173036575317, 0.4416826665401459]","[48, 52]",0.0,0.002306833164766431,0.011106221005320549
9234,375,25.0,25,,nnknn,100,2693,11326,1450,3505,1243,7821,3,3,0.8830486666666667,0.8830486666666667,True,"[0.0, 1.0]","[0.44152432680130005, 0.5584756731987]","[48, 52]",0.0,0.002306833164766431,0.011106221005320549
9264,376,30.0,30,19.7684268951416,nnknn,100,2706,11455,1452,3548,1254,7907,3,3,0.8826686666666667,0.8826686666666667,True,"[1.0, 0.0]","[0.5586656332015991, 0.4413343369960785]","[51, 49]",0.0,0.0022478140890598297,0.010779930278658867
9275,377,11.0,11,,nnknn,100,2706,11455,1452,3548,1254,7907,3,3,0.8825293333333333,0.8825293333333333,True,"[0.0, 1.0]","[0.44126465916633606, 0.5587353706359863]","[51, 49]",0.0,0.0022478140890598297,0.010779930278658867
9322,378,47.0,47,,nnknn,100,2706,11455,1452,3548,1254,7907,3,3,0.881934,0.881934,True,"[0.0, 1.0]","[0.44096699357032776, 0.5590330362319946]","[51, 49]",0.0,0.0022478140890598297,0.010779930278658867
9341,379,19.0,19,,nnknn,100,2706,11455,1452,3548,1254,7907,3,3,0.8816933333333333,0.8816933333333333,True,"[1.0, 0.0]","[0.5591533184051514, 0.44084665179252625]","[51, 49]",0.0,0.0022478140890598297,0.010779930278658867
9435,380,94.0,94,87.28694152832031,nnknn,100,2724,11735,1457,3670,1267,8065,3,3,0.8805026666666667,0.8805026666666667,True,"[0.0, 1.0]","[0.44025132060050964, 0.559748649597168]","[52, 48]",0.0,0.0023018899373710155,0.010279959067702293
9446,381,11.0,11,,nnknn,100,2724,11735,1457,3670,1267,8065,3,3,0.8803633333333334,0.8803633333333334,True,"[0.2345474660396576, 0.7654525637626648]","[0.4682421386241913, 0.5317578315734863]","[52, 48]",0.0,0.0023018899373710155,0.010279959067702293
9456,382,10.0,10,,nnknn,100,2724,11735,1457,3670,1267,8065,3,3,0.8802366666666667,0.8802366666666667,True,"[1.0, 0.0]","[0.5598816871643066, 0.44011834263801575]","[52, 48]",0.0,0.0023018899373710155,0.010279959067702293
9470,383,14.0,14,,nnknn,100,2724,11735,1457,3670,1267,8065,3,3,0.8800593333333333,0.8800593333333333,True,"[0.10469156503677368, 0.8953084349632263]","[0.45258644223213196, 0.5474135279655457]","[52, 48]",0.0,0.0023018899373710155,0.010279959067702293
9481,384,11.0,11,22.233074188232422,nnknn,100,2734,11777,1461,3672,1273,8105,3,3,0.87992,0.87992,True,"[1.0, 0.0]","[0.5600399971008301, 0.4399600028991699]","[52, 48]",0.0,0.0024040795397013426,0.010779904201626778
9498,385,17.0,17,,nnknn,100,2734,11777,1461,3672,1273,8105,3,3,0.8797046666666667,0.8797046666666667,True,"[1.0, 0.0]","[0.5601476430892944, 0.4398523271083832]","[52, 48]",0.0,0.0024040795397013426,0.010779904201626778
9514,386,16.0,16,,nnknn,100,2734,11777,1461,3672,1273,8105,3,3,0.879502,0.879502,True,"[0.0, 1.0]","[0.439750999212265, 0.5602489709854126]","[52, 48]",0.0,0.0024040795397013426,0.010779904201626778
9545,387,31.0,31,,nnknn,100,2734,11777,1461,3672,1273,8105,3,3,0.8791093333333333,0.8791093333333333,True,"[0.0, 1.0]","[0.4395546615123749, 0.5604453086853027]","[52, 48]",0.0,0.0024040795397013426,0.010779904201626778
9568,388,23.0,23,17.696889877319336,nnknn,100,2752,11885,1466,3706,1286,8179,3,3,0.878818,0.878818,True,"[0.0, 1.0]","[0.4394089877605438, 0.5605909824371338]","[51, 49]",0.0,0.002467196201905608,0.011279876343905926
9606,389,38.0,38,,nnknn,100,2752,11885,1466,3706,1286,8179,3,3,0.8783366666666667,0.8783366666666667,True,"[1.0, 0.0]","[0.5608316659927368, 0.4391683340072632]","[51, 49]",0.0,0.002467196201905608,0.011279876343905926
9630,390,24.0,24,,nnknn,100,2752,11885,1466,3706,1286,8179,3,3,0.8780326666666667,0.8780326666666667,True,"[0.0, 1.0]","[0.43901634216308594, 0.5609836578369141]","[51, 49]",0.0,0.002467196201905608,0.011279876343905926
9653,391,23.0,23,,nnknn,100,2752,11885,1466,3706,1286,8179,3,3,0.8777413333333334,0.8777413333333334,True,"[0.0, 1.0]","[0.4388706684112549, 0.5611293315887451]","[51, 49]",0.0,0.002467196201905608,0.011279876343905926
9684,392,31.0,31,23.328821182250977,nnknn,100,2771,12039,1472,3757,1299,8282,3,3,0.8773486666666667,0.8773486666666667,True,"[0.0, 1.0]","[0.43867433071136475, 0.5613256692886353]","[52, 48]",0.0,0.002532149199396372,0.011779855005443096
9713,393,29.0,29,,nnknn,100,2771,12039,1472,3757,1299,8282,3,3,0.8769813333333334,0.8769813333333334,True,"[0.16929979622364044, 0.8307002186775208]","[0.459317684173584, 0.540682315826416]","[52, 48]",0.0,0.002532149199396372,0.011779855005443096
9727,394,14.0,14,,nnknn,100,2771,12039,1472,3757,1299,8282,3,3,0.876804,0.876804,True,"[0.09387197345495224, 0.9061280488967896]","[0.4499666392803192, 0.5500333309173584]","[52, 48]",0.0,0.002532149199396372,0.011779855005443096
9743,395,16.0,16,,nnknn,100,2771,12039,1472,3757,1299,8282,3,3,0.8766013333333333,0.8766013333333333,True,"[0.10316019505262375, 0.8968397974967957]","[0.4510304927825928, 0.5489695072174072]","[52, 48]",0.0,0.002532149199396372,0.011779855005443096
9763,396,20.0,20,13.686779022216797,nnknn,100,2785,12132,1475,3782,1310,8350,3,3,0.876348,0.876348,True,"[1.0, 0.0]","[0.5618259906768799, 0.4381740093231201]","[50, 50]",0.0,0.0025213975459337234,0.012279846705496311
9812,397,49.0,49,,nnknn,100,2785,12132,1475,3782,1310,8350,3,3,0.8757273333333333,0.8757273333333333,True,"[0.0, 1.0]","[0.43786367774009705, 0.5621362924575806]","[50, 50]",0.0,0.0025213975459337234,0.012279846705496311
9845,398,33.0,33,,nnknn,100,2785,12132,1475,3782,1310,8350,3,3,0.8753093333333333,0.8753093333333333,True,"[1.0, 0.0]","[0.5623453259468079, 0.43765467405319214]","[50, 50]",0.0,0.0025213975459337234,0.012279846705496311
9887,399,42.0,42,,nnknn,100,2785,12132,1475,3782,1310,8350,3,3,0.8747773333333333,0.8747773333333333,True,"[0.0, 1.0]","[0.43738865852355957, 0.5626113414764404]","[50, 50]",0.0,0.0025213975459337234,0.012279846705496311
9902,400,15.0,15,45.00790023803711,nnknn,98,2894,12257,1570,3782,1324,8475,3,3,0.8745873333333334,0.8745873333333334,True,"[0.0, 1.0]","[0.43729367852211, 0.5627063512802124]","[46, 52]",0.0,0.002544713206589222,0.011779874563217163
9931,401,29.0,29,,nnknn,98,2894,12257,1570,3782,1324,8475,3,3,0.87422,0.87422,True,"[0.0, 1.0]","[0.4371100068092346, 0.5628899931907654]","[46, 52]",0.0,0.002544713206589222,0.011779874563217163
9961,402,30.0,30,,nnknn,98,2894,12257,1570,3782,1324,8475,3,3,0.87384,0.87384,True,"[0.10261625796556473, 0.8973837494850159]","[0.44986605644226074, 0.5501339435577393]","[46, 52]",0.0,0.002544713206589222,0.011779874563217163
9978,403,17.0,17,,nnknn,98,2894,12257,1570,3782,1324,8475,3,3,0.8736246666666667,0.8736246666666667,True,"[1.0, 0.0]","[0.5631876587867737, 0.4368123412132263]","[46, 52]",0.0,0.002544713206589222,0.011779874563217163
10023,404,45.0,45,31.277114868164062,nnknn,100,2910,12435,1574,3851,1336,8584,3,3,0.8730546666666666,0.8730546666666666,True,"[1.0, 0.0]","[0.5634726285934448, 0.4365273416042328]","[50, 50]",0.0,0.002491825260221958,0.011279996484518051
10044,405,21.0,21,,nnknn,100,2910,12435,1574,3851,1336,8584,3,3,0.8727886666666667,0.8727886666666667,True,"[1.0, 0.0]","[0.5636056661605835, 0.4363943338394165]","[50, 50]",0.0,0.002491825260221958,0.011279996484518051
10101,406,57.0,57,,nnknn,100,2910,12435,1574,3851,1336,8584,3,3,0.8720666666666667,0.8720666666666667,True,"[0.0, 1.0]","[0.43603333830833435, 0.5639666318893433]","[50, 50]",0.0,0.002491825260221958,0.011279996484518051
10110,407,9.0,9,,nnknn,100,2910,12435,1574,3851,1336,8584,3,3,0.8719526666666666,0.8719526666666666,True,"[0.0, 1.0]","[0.4359763264656067, 0.5640236735343933]","[50, 50]",0.0,0.002491825260221958,0.011279996484518051
10119,408,9.0,9,47.82156753540039,nnknn,100,2923,12575,1578,3904,1345,8671,3,3,0.8718386666666667,0.8718386666666667,True,"[0.0, 1.0]","[0.4359193444252014, 0.5640806555747986]","[48, 52]",0.0,0.0025007089134305716,0.011779984459280968
10152,409,33.0,33,,nnknn,100,2923,12575,1578,3904,1345,8671,3,3,0.8714206666666666,0.8714206666666666,True,"[1.0, 0.0]","[0.5642896890640259, 0.4357103407382965]","[48, 52]",0.0,0.0025007089134305716,0.011779984459280968
10189,410,37.0,37,,nnknn,100,2923,12575,1578,3904,1345,8671,3,3,0.870952,0.870952,True,"[1.0, 0.0]","[0.5645239949226379, 0.43547600507736206]","[48, 52]",0.0,0.0025007089134305716,0.011779984459280968
10215,411,26.0,26,,nnknn,100,2923,12575,1578,3904,1345,8671,3,3,0.8706226666666667,0.8706226666666667,True,"[1.0, 0.0]","[0.5646886825561523, 0.43531134724617004]","[48, 52]",0.0,0.0025007089134305716,0.011779984459280968
10248,412,33.0,33,40.237464904785156,nnknn,100,2936,12771,1580,3982,1356,8789,3,3,0.8702046666666666,0.8702046666666666,True,"[1.0, 0.0]","[0.5648976564407349, 0.43510234355926514]","[50, 50]",0.0,0.0023678764700889587,0.011280043050646782
10270,413,22.0,22,,nnknn,100,2936,12771,1580,3982,1356,8789,3,3,0.869926,0.869926,True,"[0.0, 1.0]","[0.4349629878997803, 0.5650370121002197]","[50, 50]",0.0,0.0023678764700889587,0.011280043050646782
10282,414,12.0,12,,nnknn,100,2936,12771,1580,3982,1356,8789,3,3,0.869774,0.869774,True,"[1.0, 0.0]","[0.5651130080223083, 0.43488699197769165]","[50, 50]",0.0,0.0023678764700889587,0.011280043050646782
10300,415,18.0,18,,nnknn,100,2936,12771,1580,3982,1356,8789,3,3,0.8695459999999999,0.8695459999999999,True,"[0.7241804003715515, 0.2758195996284485]","[0.5292452573776245, 0.4707547724246979]","[50, 50]",0.0,0.0023678764700889587,0.011280043050646782
10319,416,19.0,19,13.238368034362793,nnknn,100,2945,12844,1580,3993,1365,8851,3,3,0.8693053333333334,0.8693053333333334,True,"[0.0, 1.0]","[0.4346526563167572, 0.5653473138809204]","[48, 52]",0.0,0.0022916735615581274,0.01178002916276455
10352,417,33.0,33,,nnknn,100,2945,12844,1580,3993,1365,8851,3,3,0.8688873333333333,0.8688873333333333,True,"[0.0, 1.0]","[0.4344436526298523, 0.5655563473701477]","[48, 52]",0.0,0.0022916735615581274,0.01178002916276455
10364,418,12.0,12,,nnknn,100,2945,12844,1580,3993,1365,8851,3,3,0.8687353333333333,0.8687353333333333,True,"[1.0, 0.0]","[0.5656323432922363, 0.43436765670776367]","[48, 52]",0.0,0.0022916735615581274,0.01178002916276455
10400,419,36.0,36,,nnknn,100,2945,12844,1580,3993,1365,8851,3,3,0.8682793333333333,0.8682793333333333,True,"[0.8087653517723083, 0.19123464822769165]","[0.5406707525253296, 0.459329217672348]","[48, 52]",0.0,0.0022916735615581274,0.01178002916276455
10418,420,18.0,18,30.53840446472168,nnknn,100,2956,12986,1583,4044,1373,8942,3,3,0.8680513333333333,0.8680513333333333,True,"[0.0, 1.0]","[0.43402567505836487, 0.5659743547439575]","[48, 52]",0.0,0.0022428485099226236,0.01227997150272131
10431,421,13.0,13,,nnknn,100,2956,12986,1583,4044,1373,8942,3,3,0.8678866666666667,0.8678866666666667,True,"[0.06587570160627365, 0.9341243505477905]","[0.4426463842391968, 0.5573536157608032]","[48, 52]",0.0,0.0022428485099226236,0.01227997150272131
10443,422,12.0,12,,nnknn,100,2956,12986,1583,4044,1373,8942,3,3,0.8677346666666667,0.8677346666666667,True,"[1.0, 0.0]","[0.566132664680481, 0.43386733531951904]","[48, 52]",0.0,0.0022428485099226236,0.01227997150272131
10459,423,16.0,16,,nnknn,100,2956,12986,1583,4044,1373,8942,3,3,0.867532,0.867532,True,"[1.0, 0.0]","[0.5662339925765991, 0.4337660074234009]","[48, 52]",0.0,0.0022428485099226236,0.01227997150272131
10482,424,23.0,23,17.980194091796875,nnknn,100,2968,13055,1587,4057,1381,8998,3,3,0.8672406666666667,0.8672406666666667,True,"[0.0, 1.0]","[0.4336203336715698, 0.5663796663284302]","[47, 53]",0.0,0.002298269886523485,0.01277995016425848
10508,425,26.0,26,,nnknn,100,2968,13055,1587,4057,1381,8998,3,3,0.8669113333333334,0.8669113333333334,True,"[1.0, 0.0]","[0.5665442943572998, 0.4334556758403778]","[47, 53]",0.0,0.002298269886523485,0.01277995016425848
10523,426,15.0,15,,nnknn,100,2968,13055,1587,4057,1381,8998,3,3,0.8667213333333333,0.8667213333333333,True,"[0.09499836713075638, 0.9050016403198242]","[0.4460219144821167, 0.5539780855178833]","[47, 53]",0.0,0.002298269886523485,0.01277995016425848
10547,427,24.0,24,,nnknn,100,2968,13055,1587,4057,1381,8998,3,3,0.8664173333333334,0.8664173333333334,True,"[1.0, 0.0]","[0.566791296005249, 0.4332086741924286]","[47, 53]",0.0,0.002298269886523485,0.01277995016425848
10567,428,20.0,20,13.055013656616211,nnknn,100,2980,13168,1591,4093,1389,9075,3,3,0.8661639999999999,0.8661639999999999,True,"[1.0, 0.0]","[0.5669180154800415, 0.4330820143222809]","[48, 52]",0.0,0.002323863562196493,0.012440993450582027
10607,429,40.0,40,,nnknn,100,2980,13168,1591,4093,1389,9075,3,3,0.8656573333333333,0.8656573333333333,True,"[0.0, 1.0]","[0.4328286647796631, 0.5671713352203369]","[48, 52]",0.0,0.002323863562196493,0.012440993450582027
10641,430,34.0,34,,nnknn,100,2980,13168,1591,4093,1389,9075,3,3,0.8652266666666667,0.8652266666666667,True,"[0.0, 1.0]","[0.432613343000412, 0.5673866271972656]","[48, 52]",0.0,0.002323863562196493,0.012440993450582027
10654,431,13.0,13,,nnknn,100,2980,13168,1591,4093,1389,9075,3,3,0.865062,0.865062,True,"[0.0, 1.0]","[0.4325309991836548, 0.5674690008163452]","[48, 52]",0.0,0.002323863562196493,0.012440993450582027
10664,432,10.0,10,30.892581939697266,nnknn,100,3005,13294,1605,4133,1400,9161,3,3,0.8649353333333334,0.8649353333333334,True,"[0.916828453540802, 0.08317156136035919]","[0.5562987923622131, 0.44370120763778687]","[45, 55]",0.0,0.002309792907908559,0.012940955348312855
10690,433,26.0,26,,nnknn,100,3005,13294,1605,4133,1400,9161,3,3,0.864606,0.864606,True,"[0.0, 1.0]","[0.4323030114173889, 0.5676969885826111]","[45, 55]",0.0,0.002309792907908559,0.012940955348312855
10707,434,17.0,17,,nnknn,100,3005,13294,1605,4133,1400,9161,3,3,0.8643906666666666,0.8643906666666666,True,"[0.0, 1.0]","[0.4321953356266022, 0.5678046941757202]","[45, 55]",0.0,0.002309792907908559,0.012940955348312855
10733,435,26.0,26,,nnknn,100,3005,13294,1605,4133,1400,9161,3,3,0.8640613333333333,0.8640613333333333,True,"[0.0, 1.0]","[0.43203067779541016, 0.5679693222045898]","[45, 55]",0.0,0.002309792907908559,0.012940955348312855
10743,436,10.0,10,30.20481300354004,nnknn,100,3014,13399,1611,4162,1403,9237,3,3,0.8639346666666666,0.8639346666666666,True,"[0.18841968476772308, 0.8115803599357605]","[0.4576047360897064, 0.542395293712616]","[42, 58]",0.0,0.002386413048952818,0.013268464244902134
10761,437,18.0,18,,nnknn,100,3014,13399,1611,4162,1403,9237,3,3,0.8637066666666666,0.8637066666666666,True,"[1.0, 0.0]","[0.5681467056274414, 0.431853324174881]","[42, 58]",0.0,0.002386413048952818,0.013268464244902134
10833,438,72.0,72,,nnknn,100,3014,13399,1611,4162,1403,9237,3,3,0.8627946666666666,0.8627946666666666,True,"[0.0, 1.0]","[0.43139731884002686, 0.5686026811599731]","[42, 58]",0.0,0.002386413048952818,0.013268464244902134
10851,439,18.0,18,,nnknn,100,3014,13399,1611,4162,1403,9237,3,3,0.8625666666666667,0.8625666666666667,True,"[1.0, 0.0]","[0.5687166452407837, 0.4312833249568939]","[42, 58]",0.0,0.002386413048952818,0.013268464244902134
10881,440,30.0,30,64.39356994628906,nnknn,100,3045,13590,1627,4230,1418,9360,3,3,0.8621866666666667,0.8621866666666667,True,"[0.8024017214775085, 0.19759829342365265]","[0.5416749715805054, 0.45832502841949463]","[39, 61]",0.0,0.002492996398359537,0.0130802933126688
10949,441,68.0,68,,nnknn,100,3045,13590,1627,4230,1418,9360,3,3,0.8613253333333333,0.8613253333333333,True,"[0.0, 1.0]","[0.4306626617908478, 0.5693373680114746]","[39, 61]",0.0,0.002492996398359537,0.0130802933126688
10976,442,27.0,27,,nnknn,100,3045,13590,1627,4230,1418,9360,3,3,0.8609833333333333,0.8609833333333333,True,"[0.0960342288017273, 0.9039657711982727]","[0.4438420236110687, 0.5561579465866089]","[39, 61]",0.0,0.002492996398359537,0.0130802933126688
11012,443,36.0,36,,nnknn,100,3045,13590,1627,4230,1418,9360,3,3,0.8605273333333333,0.8605273333333333,True,"[0.0, 1.0]","[0.4302636682987213, 0.5697363615036011]","[39, 61]",0.0,0.002492996398359537,0.0130802933126688
11040,444,28.0,28,54.655826568603516,nnknn,100,3066,13838,1639,4328,1427,9510,3,3,0.8601726666666667,0.8601726666666667,True,"[0.0, 1.0]","[0.4300863444805145, 0.5699136257171631]","[38, 62]",0.0,0.0025783574674278498,0.013580244034528732
11062,445,22.0,22,,nnknn,100,3066,13838,1639,4328,1427,9510,3,3,0.8598939999999999,0.8598939999999999,True,"[0.7915305495262146, 0.2084694653749466]","[0.5408451557159424, 0.45915481448173523]","[38, 62]",0.0,0.0025783574674278498,0.013580244034528732
11076,446,14.0,14,,nnknn,100,3066,13838,1639,4328,1427,9510,3,3,0.8597166666666667,0.8597166666666667,True,"[0.7755159139633179, 0.22448411583900452]","[0.5386502742767334, 0.4613497257232666]","[38, 62]",0.0,0.0025783574674278498,0.013580244034528732
11088,447,12.0,12,,nnknn,100,3066,13838,1639,4328,1427,9510,3,3,0.8595646666666666,0.8595646666666666,True,"[0.06564512848854065, 0.9343549013137817]","[0.4390012323856354, 0.560998797416687]","[38, 62]",0.0,0.0025783574674278498,0.013580244034528732
11123,448,35.0,35,20.630443572998047,nnknn,100,3087,13929,1647,4349,1440,9580,3,3,0.8591213333333333,0.8591213333333333,True,"[0.9049023389816284, 0.09509764611721039]","[0.557042121887207, 0.44295787811279297]","[37, 63]",0.0,0.0027343137189745903,0.01408021617680788
11203,449,80.0,80,,nnknn,100,3087,13929,1647,4349,1440,9580,3,3,0.858108,0.858108,True,"[0.2785811424255371, 0.7214189171791077]","[0.468582421541214, 0.5314176082611084]","[37, 63]",0.0,0.0027343137189745903,0.01408021617680788
11225,450,22.0,22,,nnknn,100,3087,13929,1647,4349,1440,9580,3,3,0.8578293333333333,0.8578293333333333,True,"[0.0, 1.0]","[0.4289146661758423, 0.5710853338241577]","[37, 63]",0.0,0.0027343137189745903,0.01408021617680788
11250,451,25.0,25,,nnknn,100,3087,13929,1647,4349,1440,9580,3,3,0.8575126666666667,0.8575126666666667,True,"[1.0, 0.0]","[0.5712436437606812, 0.42875632643699646]","[37, 63]",0.0,0.0027343137189745903,0.01408021617680788
11302,452,52.0,52,67.01504516601562,nnknn,100,3110,14223,1655,4479,1455,9744,3,3,0.856854,0.856854,True,"[0.8886357545852661, 0.11136423796415329]","[0.5556316375732422, 0.4443683624267578]","[40, 60]",0.0,0.0027785098645836115,0.014580200426280499
11315,453,13.0,13,,nnknn,100,3110,14223,1655,4479,1455,9744,3,3,0.8566893333333333,0.8566893333333333,True,"[0.8975497484207153, 0.10245027393102646]","[0.5569730997085571, 0.4430268704891205]","[40, 60]",0.0,0.0027785098645836115,0.014580200426280499
11328,454,13.0,13,,nnknn,100,3110,14223,1655,4479,1455,9744,3,3,0.8565246666666666,0.8565246666666666,True,"[0.8999733924865723, 0.10002662241458893]","[0.5573863387107849, 0.4426136910915375]","[40, 60]",0.0,0.0027785098645836115,0.014580200426280499
11349,455,21.0,21,,nnknn,100,3110,14223,1655,4479,1455,9744,3,3,0.8562586666666667,0.8562586666666667,True,"[1.0, 0.0]","[0.5718706846237183, 0.4281293451786041]","[40, 60]",0.0,0.0027785098645836115,0.014580200426280499
11375,456,26.0,26,12.064780235290527,nnknn,100,3123,14305,1659,4497,1464,9808,3,3,0.8559293333333333,0.8559293333333333,True,"[0.0, 1.0]","[0.4279646575450897, 0.5720353126525879]","[41, 59]",0.0,0.0027454562950879335,0.015080193057656288
11406,457,31.0,31,,nnknn,100,3123,14305,1659,4497,1464,9808,3,3,0.8555366666666666,0.8555366666666666,True,"[1.0, 0.0]","[0.572231650352478, 0.4277683198451996]","[41, 59]",0.0,0.0027454562950879335,0.015080193057656288
11438,458,32.0,32,,nnknn,100,3123,14305,1659,4497,1464,9808,3,3,0.8551313333333334,0.8551313333333334,True,"[0.0, 1.0]","[0.42756566405296326, 0.5724343061447144]","[41, 59]",0.0,0.0027454562950879335,0.015080193057656288
11451,459,13.0,13,,nnknn,100,3123,14305,1659,4497,1464,9808,3,3,0.8549666666666667,0.8549666666666667,True,"[1.0, 0.0]","[0.572516679763794, 0.42748332023620605]","[41, 59]",0.0,0.0027454562950879335,0.015080193057656288
11472,460,21.0,21,21.255353927612305,nnknn,100,3134,14440,1664,4541,1470,9899,3,3,0.8547006666666667,0.8547006666666667,True,"[1.0, 0.0]","[0.5726496577262878, 0.42735034227371216]","[44, 56]",0.0,0.002716084709390998,0.015580183826386929
11485,461,13.0,13,,nnknn,100,3134,14440,1664,4541,1470,9899,3,3,0.854536,0.854536,True,"[1.0, 0.0]","[0.5727319717407227, 0.42726799845695496]","[44, 56]",0.0,0.002716084709390998,0.015580183826386929
11514,462,29.0,29,,nnknn,100,3134,14440,1664,4541,1470,9899,3,3,0.8541686666666667,0.8541686666666667,True,"[0.0, 1.0]","[0.4270843267440796, 0.5729156732559204]","[44, 56]",0.0,0.002716084709390998,0.015580183826386929
11540,463,26.0,26,,nnknn,100,3134,14440,1664,4541,1470,9899,3,3,0.8538393333333334,0.8538393333333334,True,"[0.0, 1.0]","[0.4269196689128876, 0.57308030128479]","[44, 56]",0.0,0.002716084709390998,0.015580183826386929
11558,464,18.0,18,14.915301322937012,nnknn,100,3149,14552,1668,4578,1481,9974,3,3,0.8536113333333333,0.8536113333333333,True,"[0.0, 1.0]","[0.42680567502975464, 0.5731943249702454]","[39, 61]",0.0,0.002663899678736925,0.015768302604556084
11573,465,15.0,15,,nnknn,100,3149,14552,1668,4578,1481,9974,3,3,0.8534213333333334,0.8534213333333334,True,"[0.0, 1.0]","[0.42671066522598267, 0.5732893347740173]","[39, 61]",0.0,0.002663899678736925,0.015768302604556084
11588,466,15.0,15,,nnknn,100,3149,14552,1668,4578,1481,9974,3,3,0.8532313333333333,0.8532313333333333,True,"[1.0, 0.0]","[0.5733843445777893, 0.4266156554222107]","[39, 61]",0.0,0.002663899678736925,0.015768302604556084
11619,467,31.0,31,,nnknn,100,3149,14552,1668,4578,1481,9974,3,3,0.8528386666666666,0.8528386666666666,True,"[0.0, 1.0]","[0.42641934752464294, 0.5735806226730347]","[39, 61]",0.0,0.002663899678736925,0.015768302604556084
11634,468,15.0,15,16.806182861328125,nnknn,100,3162,14641,1671,4601,1491,10040,3,3,0.8526486666666666,0.8526486666666666,True,"[1.0, 0.0]","[0.5736756324768066, 0.42632433772087097]","[40, 60]",0.0,0.0027665516827255487,0.016268284991383553
11664,469,30.0,30,,nnknn,100,3162,14641,1671,4601,1491,10040,3,3,0.8522686666666667,0.8522686666666667,True,"[1.0, 0.0]","[0.5738656520843506, 0.4261343479156494]","[40, 60]",0.0,0.0027665516827255487,0.016268284991383553
11685,470,21.0,21,,nnknn,100,3162,14641,1671,4601,1491,10040,3,3,0.8520026666666667,0.8520026666666667,True,"[0.0, 1.0]","[0.42600134015083313, 0.5739986896514893]","[40, 60]",0.0,0.0027665516827255487,0.016268284991383553
11726,471,41.0,41,,nnknn,100,3162,14641,1671,4601,1491,10040,3,3,0.8514833333333334,0.8514833333333334,True,"[0.1877683699131012, 0.8122316002845764]","[0.45362839102745056, 0.546371579170227]","[40, 60]",0.0,0.0027665516827255487,0.016268284991383553
11739,472,13.0,13,25.04979705810547,nnknn,100,3181,14788,1679,4654,1502,10134,3,3,0.8513186666666667,0.8513186666666667,True,"[1.0, 0.0]","[0.5743407011032104, 0.42565932869911194]","[43, 57]",0.0,0.0027324119582772255,0.01676824316382408
11752,473,13.0,13,,nnknn,100,3181,14788,1679,4654,1502,10134,3,3,0.851154,0.851154,True,"[0.8950163125991821, 0.10498373955488205]","[0.5587965846061707, 0.44120341539382935]","[43, 57]",0.0,0.0027324119582772255,0.01676824316382408
11769,474,17.0,17,,nnknn,100,3181,14788,1679,4654,1502,10134,3,3,0.8509386666666667,0.8509386666666667,True,"[0.305674284696579, 0.6943257451057434]","[0.4710335433483124, 0.5289664268493652]","[43, 57]",0.0,0.0027324119582772255,0.01676824316382408
11781,475,12.0,12,,nnknn,100,3181,14788,1679,4654,1502,10134,3,3,0.8507866666666667,0.8507866666666667,True,"[0.2193899303674698, 0.7806100845336914]","[0.45812922716140747, 0.5418707728385925]","[43, 57]",0.0,0.0027324119582772255,0.01676824316382408
11802,476,21.0,21,10.713132858276367,nnknn,100,3255,14794,1688,4660,1567,10134,3,3,0.8505206666666667,0.8505206666666667,True,"[0.23335328698158264, 0.7666467428207397]","[0.4601418375968933, 0.5398581624031067]","[39, 61]",0.0,0.002762714633718133,0.017268216237425804
11835,477,33.0,33,,nnknn,100,3255,14794,1688,4660,1567,10134,3,3,0.8501026666666667,0.8501026666666667,True,"[0.29911813139915466, 0.7008818984031677]","[0.4698883295059204, 0.5301116704940796]","[39, 61]",0.0,0.002762714633718133,0.017268216237425804
11895,478,60.0,60,,nnknn,100,3255,14794,1688,4660,1567,10134,3,3,0.8493426666666667,0.8493426666666667,True,"[0.5890964865684509, 0.41090354323387146]","[0.5134230256080627, 0.48657697439193726]","[39, 61]",0.0,0.002762714633718133,0.017268216237425804
11910,479,15.0,15,,nnknn,100,3255,14794,1688,4660,1567,10134,3,3,0.8491526666666667,0.8491526666666667,True,"[0.9067353010177612, 0.09326472133398056]","[0.56135493516922, 0.43864506483078003]","[39, 61]",0.0,0.002762714633718133,0.017268216237425804
11924,480,14.0,14,48.46953582763672,nnknn,100,3272,14980,1696,4735,1576,10245,3,3,0.8489753333333333,0.8489753333333333,True,"[0.6045058965682983, 0.39549410343170166]","[0.5157829523086548, 0.4842170476913452]","[36, 64]",0.0,0.002737018745392561,0.016768379136919975
11944,481,20.0,20,,nnknn,100,3272,14980,1696,4735,1576,10245,3,3,0.848722,0.848722,True,"[0.0, 1.0]","[0.424360990524292, 0.575639009475708]","[36, 64]",0.0,0.002737018745392561,0.016768379136919975
11965,482,21.0,21,,nnknn,100,3272,14980,1696,4735,1576,10245,3,3,0.848456,0.848456,True,"[0.8027117252349854, 0.19728828966617584]","[0.5458741188049316, 0.45412585139274597]","[36, 64]",0.0,0.002737018745392561,0.016768379136919975
11992,483,27.0,27,,nnknn,100,3272,14980,1696,4735,1576,10245,3,3,0.848114,0.848114,True,"[0.09561481326818466, 0.9043852090835571]","[0.4385795593261719, 0.5614204406738281]","[36, 64]",0.0,0.002737018745392561,0.016768379136919975
12012,484,20.0,20,10.88650894165039,nnknn,100,3292,15085,1705,4763,1587,10322,3,3,0.8478606666666666,0.8478606666666666,True,"[0.0, 1.0]","[0.4239303469657898, 0.5760696530342102]","[40, 60]",0.0,0.0028596529737114906,0.017268164083361626
12034,485,22.0,22,,nnknn,100,3292,15085,1705,4763,1587,10322,3,3,0.8475820000000001,0.8475820000000001,True,"[0.1968812346458435, 0.8031188249588013]","[0.4537992477416992, 0.5462007522583008]","[40, 60]",0.0,0.0028596529737114906,0.017268164083361626
12062,486,28.0,28,,nnknn,100,3292,15085,1705,4763,1587,10322,3,3,0.8472273333333333,0.8472273333333333,True,"[0.09800438582897186, 0.9019956588745117]","[0.4385860562324524, 0.5614139437675476]","[40, 60]",0.0,0.0028596529737114906,0.017268164083361626
12074,487,12.0,12,,nnknn,100,3292,15085,1705,4763,1587,10322,3,3,0.8470753333333333,0.8470753333333333,True,"[0.7218425869941711, 0.27815738320350647]","[0.5339251756668091, 0.46607479453086853]","[40, 60]",0.0,0.0028596529737114906,0.017268164083361626
12101,488,27.0,27,18.61336898803711,nnknn,100,3315,15194,1715,4796,1600,10398,3,3,0.8467333333333333,0.8467333333333333,True,"[0.10082736611366272, 0.8991726636886597]","[0.43882015347480774, 0.5611798763275146]","[40, 60]",0.0,0.0029547654557973146,0.01676957868039608
12121,489,20.0,20,,nnknn,100,3315,15194,1715,4796,1600,10398,3,3,0.84648,0.84648,True,"[1.0, 0.0]","[0.5767599940299988, 0.4232400059700012]","[40, 60]",0.0,0.0029547654557973146,0.01676957868039608
12143,490,22.0,22,,nnknn,100,3315,15194,1715,4796,1600,10398,3,3,0.8462013333333334,0.8462013333333334,True,"[0.09294051676988602, 0.9070594906806946]","[0.43739479780197144, 0.5626052021980286]","[40, 60]",0.0,0.0029547654557973146,0.01676957868039608
12156,491,13.0,13,,nnknn,100,3315,15194,1715,4796,1600,10398,3,3,0.8460366666666667,0.8460366666666667,True,"[0.0, 1.0]","[0.42301833629608154, 0.5769816637039185]","[40, 60]",0.0,0.0029547654557973146,0.01676957868039608
12194,492,38.0,38,21.607311248779297,nnknn,100,3336,15312,1720,4837,1616,10475,3,3,0.8455553333333333,0.8455553333333333,True,"[0.0, 1.0]","[0.4227776527404785, 0.5772223472595215]","[38, 62]",0.0,0.0029334223363548517,0.01726951077580452
12219,493,25.0,25,,nnknn,100,3336,15312,1720,4837,1616,10475,3,3,0.8452386666666667,0.8452386666666667,True,"[0.0, 1.0]","[0.4226193428039551, 0.5773806571960449]","[38, 62]",0.0,0.0029334223363548517,0.01726951077580452
12262,494,43.0,43,,nnknn,100,3336,15312,1720,4837,1616,10475,3,3,0.8446940000000001,0.8446940000000001,True,"[0.0, 1.0]","[0.4223470091819763, 0.5776529908180237]","[38, 62]",0.0,0.0029334223363548517,0.01726951077580452
12289,495,27.0,27,,nnknn,100,3336,15312,1720,4837,1616,10475,3,3,0.844352,0.844352,True,"[0.0, 1.0]","[0.4221760034561157, 0.5778239965438843]","[38, 62]",0.0,0.0029334223363548517,0.01726951077580452
12314,496,25.0,25,25.87171745300293,nnknn,100,3355,15490,1724,4910,1631,10580,3,3,0.8440353333333334,0.8440353333333334,True,"[1.0, 0.0]","[0.5779823064804077, 0.4220176637172699]","[38, 62]",0.0,0.0028922928031533957,0.016769735142588615
12331,497,17.0,17,,nnknn,100,3355,15490,1724,4910,1631,10580,3,3,0.84382,0.84382,True,"[0.10214658826589584, 0.897853434085846]","[0.43786323070526123, 0.5621367692947388]","[38, 62]",0.0,0.0028922928031533957,0.016769735142588615
12355,498,24.0,24,,nnknn,100,3355,15490,1724,4910,1631,10580,3,3,0.8435159999999999,0.8435159999999999,True,"[0.0, 1.0]","[0.4217579960823059, 0.5782420039176941]","[38, 62]",0.0,0.0028922928031533957,0.016769735142588615
12382,499,27.0,27,,nnknn,100,3355,15490,1724,4910,1631,10580,3,3,0.843174,0.843174,True,"[0.902573823928833, 0.09742619842290878]","[0.5631340742111206, 0.4368659555912018]","[38, 62]",0.0,0.0028922928031533957,0.016769735142588615
12411,500,29.0,29,16.538450241088867,nnknn,100,3370,15613,1730,4945,1640,10668,3,3,0.8428066666666667,0.8428066666666667,True,"[0.0, 1.0]","[0.42140331864356995, 0.5785967111587524]","[40, 60]",0.0,0.0029050996527075768,0.017268352210521698
12424,501,13.0,13,,nnknn,100,3370,15613,1730,4945,1640,10668,3,3,0.842642,0.842642,True,"[0.0, 1.0]","[0.42132100462913513, 0.5786789655685425]","[40, 60]",0.0,0.0029050996527075768,0.017268352210521698
12438,502,14.0,14,,nnknn,100,3370,15613,1730,4945,1640,10668,3,3,0.8424646666666666,0.8424646666666666,True,"[1.0, 0.0]","[0.5787676572799683, 0.42123234272003174]","[40, 60]",0.0,0.0029050996527075768,0.017268352210521698
12449,503,11.0,11,,nnknn,100,3370,15613,1730,4945,1640,10668,3,3,0.8423253333333334,0.8423253333333334,True,"[1.0, 0.0]","[0.5788373351097107, 0.4211626648902893]","[40, 60]",0.0,0.0029050996527075768,0.017268352210521698
12482,504,33.0,33,18.493446350097656,nnknn,100,3384,15691,1735,4961,1649,10730,3,3,0.8419073333333333,0.8419073333333333,True,"[0.2041754573583603, 0.7958245873451233]","[0.4532323181629181, 0.5467677116394043]","[40, 60]",0.0,0.0028882066253572702,0.016880618408322334
12498,505,16.0,16,,nnknn,100,3384,15691,1735,4961,1649,10730,3,3,0.8417046666666667,0.8417046666666667,True,"[0.0, 1.0]","[0.42085233330726624, 0.5791476964950562]","[40, 60]",0.0,0.0028882066253572702,0.016880618408322334
12562,506,64.0,64,,nnknn,100,3384,15691,1735,4961,1649,10730,3,3,0.840894,0.840894,True,"[0.0, 1.0]","[0.4204469919204712, 0.5795530080795288]","[40, 60]",0.0,0.0028882066253572702,0.016880618408322334
12619,507,57.0,57,,nnknn,100,3384,15691,1735,4961,1649,10730,3,3,0.840172,0.840172,True,"[1.0, 0.0]","[0.5799139738082886, 0.42008599638938904]","[40, 60]",0.0,0.0028882066253572702,0.016880618408322334
12646,508,27.0,27,67.25275421142578,nnknn,100,3404,15950,1742,5069,1662,10881,3,3,0.83983,0.83983,True,"[0.0, 1.0]","[0.41991499066352844, 0.580085039138794]","[41, 59]",0.0,0.003022757126018405,0.017380544915795326
12661,509,15.0,15,,nnknn,100,3404,15950,1742,5069,1662,10881,3,3,0.8396399999999999,0.8396399999999999,True,"[0.0, 1.0]","[0.41982001066207886, 0.5801799893379211]","[41, 59]",0.0,0.003022757126018405,0.017380544915795326
12698,510,37.0,37,,nnknn,100,3404,15950,1742,5069,1662,10881,3,3,0.8391713333333333,0.8391713333333333,True,"[0.10033679008483887, 0.8996632695198059]","[0.4357227087020874, 0.5642772912979126]","[41, 59]",0.0,0.003022757126018405,0.017380544915795326
12711,511,13.0,13,,nnknn,100,3404,15950,1742,5069,1662,10881,3,3,0.8390066666666667,0.8390066666666667,True,"[0.0, 1.0]","[0.4195033311843872, 0.5804966688156128]","[41, 59]",0.0,0.003022757126018405,0.017380544915795326
12729,512,18.0,18,25.317136764526367,nnknn,100,3422,16053,1747,5102,1675,10951,3,3,0.8387786666666667,0.8387786666666667,True,"[1.0, 0.0]","[0.5806106328964233, 0.4193893373012543]","[39, 61]",0.0,0.003131683450192213,0.01788046769797802
12779,513,50.0,50,,nnknn,100,3422,16053,1747,5102,1675,10951,3,3,0.8381453333333333,0.8381453333333333,True,"[1.0, 0.0]","[0.5809273719787598, 0.4190726578235626]","[39, 61]",0.0,0.003131683450192213,0.01788046769797802
12793,514,14.0,14,,nnknn,100,3422,16053,1747,5102,1675,10951,3,3,0.837968,0.837968,True,"[0.0, 1.0]","[0.41898399591445923, 0.5810160040855408]","[39, 61]",0.0,0.003131683450192213,0.01788046769797802
12827,515,34.0,34,,nnknn,100,3422,16053,1747,5102,1675,10951,3,3,0.8375373333333334,0.8375373333333334,True,"[1.0, 0.0]","[0.5812313556671143, 0.41876867413520813]","[39, 61]",0.0,0.003131683450192213,0.01788046769797802
12850,516,23.0,23,36.3879508972168,nnknn,100,3513,16158,1822,5102,1691,11056,3,3,0.8372459999999999,0.8372459999999999,True,"[0.8958112597465515, 0.10418879240751266]","[0.5644198656082153, 0.43558013439178467]","[40, 60]",0.0,0.003134367521852255,0.017380490899086
12860,517,10.0,10,,nnknn,100,3513,16158,1822,5102,1691,11056,3,3,0.8371193333333333,0.8371193333333333,True,"[0.8030811548233032, 0.19691890478134155]","[0.5493660569190979, 0.4506339430809021]","[40, 60]",0.0,0.003134367521852255,0.017380490899086
12874,518,14.0,14,,nnknn,100,3513,16158,1822,5102,1691,11056,3,3,0.836942,0.836942,True,"[0.0, 1.0]","[0.41847100853919983, 0.5815290212631226]","[40, 60]",0.0,0.003134367521852255,0.017380490899086
12887,519,13.0,13,,nnknn,100,3513,16158,1822,5102,1691,11056,3,3,0.8367773333333334,0.8367773333333334,True,"[0.0, 1.0]","[0.4183886647224426, 0.5816113352775574]","[40, 60]",0.0,0.003134367521852255,0.017380490899086
12934,520,47.0,47,42.8707389831543,nnknn,100,3536,16262,1829,5138,1707,11124,3,3,0.836182,0.836182,True,"[0.10712388157844543, 0.892876148223877]","[0.4356398284435272, 0.5643602013587952]","[40, 60]",0.0,0.003185273613780737,0.017880363389849663
12945,521,11.0,11,,nnknn,100,3536,16262,1829,5138,1707,11124,3,3,0.8360426666666667,0.8360426666666667,True,"[0.7925604581832886, 0.20743951201438904]","[0.5479674339294434, 0.45203256607055664]","[40, 60]",0.0,0.003185273613780737,0.017880363389849663
12979,522,34.0,34,,nnknn,100,3536,16262,1829,5138,1707,11124,3,3,0.835612,0.835612,True,"[0.0, 1.0]","[0.4178059995174408, 0.5821939706802368]","[40, 60]",0.0,0.003185273613780737,0.017880363389849663
13012,523,33.0,33,,nnknn,100,3536,16262,1829,5138,1707,11124,3,3,0.835194,0.835194,True,"[0.9061734080314636, 0.09382663667201996]","[0.5669398307800293, 0.4330601990222931]","[40, 60]",0.0,0.003185273613780737,0.017880363389849663
13076,524,64.0,64,54.31056594848633,nnknn,100,3554,16489,1834,5236,1720,11253,3,3,0.8343833333333334,0.8343833333333334,True,"[1.0, 0.0]","[0.5828083753585815, 0.41719165444374084]","[44, 56]",0.0,0.003147689625620842,0.01838030479848385
13117,525,41.0,41,,nnknn,100,3554,16489,1834,5236,1720,11253,3,3,0.8338639999999999,0.8338639999999999,True,"[1.0, 0.0]","[0.5830680131912231, 0.41693198680877686]","[44, 56]",0.0,0.003147689625620842,0.01838030479848385
13134,526,17.0,17,,nnknn,100,3554,16489,1834,5236,1720,11253,3,3,0.8336486666666667,0.8336486666666667,True,"[0.2027776539325714, 0.797222375869751]","[0.4505566656589508, 0.5494433641433716]","[44, 56]",0.0,0.003147689625620842,0.01838030479848385
13162,527,28.0,28,,nnknn,100,3554,16489,1834,5236,1720,11253,3,3,0.833294,0.833294,True,"[0.7930729389190674, 0.206927090883255]","[0.5488570332527161, 0.45114296674728394]","[44, 56]",0.0,0.003147689625620842,0.01838030479848385
13178,528,16.0,16,30.08822250366211,nnknn,100,3571,16628,1840,5284,1731,11344,3,3,0.8330913333333333,0.8330913333333333,True,"[0.09915868192911148, 0.9008413553237915]","[0.43309611082077026, 0.5669038891792297]","[43, 57]",0.0,0.0032004695385694504,0.017880799248814583
13226,529,48.0,48,,nnknn,100,3571,16628,1840,5284,1731,11344,3,3,0.8324833333333334,0.8324833333333334,True,"[1.0, 0.0]","[0.5837583541870117, 0.41624167561531067]","[43, 57]",0.0,0.0032004695385694504,0.017880799248814583
13237,530,11.0,11,,nnknn,100,3571,16628,1840,5284,1731,11344,3,3,0.832344,0.832344,True,"[1.0, 0.0]","[0.5838279724121094, 0.41617199778556824]","[43, 57]",0.0,0.0032004695385694504,0.017880799248814583
13263,531,26.0,26,,nnknn,100,3571,16628,1840,5284,1731,11344,3,3,0.8320146666666667,0.8320146666666667,True,"[0.09694600850343704, 0.9030539989471436]","[0.4322928488254547, 0.5677071809768677]","[43, 57]",0.0,0.0032004695385694504,0.017880799248814583
13296,532,33.0,33,34.31562805175781,nnknn,100,3596,16796,1845,5354,1751,11442,3,3,0.8315966666666667,0.8315966666666667,True,"[1.0, 0.0]","[0.5842016935348511, 0.4157983362674713]","[43, 57]",0.0,0.0031815115362405777,0.017380911856889725
13337,533,41.0,41,,nnknn,100,3596,16796,1845,5354,1751,11442,3,3,0.8310773333333333,0.8310773333333333,True,"[0.900304913520813, 0.09969513863325119]","[0.567620575428009, 0.43237942457199097]","[43, 57]",0.0,0.0031815115362405777,0.017380911856889725
13349,534,12.0,12,,nnknn,100,3596,16796,1845,5354,1751,11442,3,3,0.8309253333333333,0.8309253333333333,True,"[0.0, 1.0]","[0.4154626727104187, 0.5845373272895813]","[43, 57]",0.0,0.0031815115362405777,0.017380911856889725
13365,535,16.0,16,,nnknn,100,3596,16796,1845,5354,1751,11442,3,3,0.8307226666666667,0.8307226666666667,True,"[0.0, 1.0]","[0.41536134481430054, 0.5846386551856995]","[43, 57]",0.0,0.0031815115362405777,0.017380911856889725
13375,536,10.0,10,27.823841094970703,nnknn,100,3613,16897,1850,5388,1763,11509,3,3,0.830596,0.830596,True,"[0.0, 1.0]","[0.4152980148792267, 0.5847020149230957]","[43, 57]",0.0,0.0032337410375475883,0.01688113808631897
13413,537,38.0,38,,nnknn,100,3613,16897,1850,5388,1763,11509,3,3,0.8301146666666667,0.8301146666666667,True,"[0.0, 1.0]","[0.41505733132362366, 0.5849426984786987]","[43, 57]",0.0,0.0032337410375475883,0.01688113808631897
13445,538,32.0,32,,nnknn,100,3613,16897,1850,5388,1763,11509,3,3,0.8297093333333333,0.8297093333333333,True,"[1.0, 0.0]","[0.5851453542709351, 0.41485467553138733]","[43, 57]",0.0,0.0032337410375475883,0.01688113808631897
13458,539,13.0,13,,nnknn,100,3613,16897,1850,5388,1763,11509,3,3,0.8295446666666666,0.8295446666666666,True,"[1.0, 0.0]","[0.5852276682853699, 0.4147723317146301]","[43, 57]",0.0,0.0032337410375475883,0.01688113808631897
13497,540,39.0,39,31.621009826660156,nnknn,100,3634,17072,1856,5456,1778,11616,3,3,0.8290506666666666,0.8290506666666666,True,"[0.10917412489652634, 0.8908258676528931]","[0.4331885874271393, 0.5668114423751831]","[45, 55]",0.0,0.003114169230684638,0.01638120599091053
13521,541,24.0,24,,nnknn,100,3634,17072,1856,5456,1778,11616,3,3,0.8287466666666666,0.8287466666666666,True,"[1.0, 0.0]","[0.5856266617774963, 0.41437333822250366]","[45, 55]",0.0,0.003114169230684638,0.01638120599091053
13560,542,39.0,39,,nnknn,100,3634,17072,1856,5456,1778,11616,3,3,0.8282526666666666,0.8282526666666666,True,"[1.0, 0.0]","[0.5858736634254456, 0.41412633657455444]","[45, 55]",0.0,0.003114169230684638,0.01638120599091053
13638,543,78.0,78,,nnknn,100,3634,17072,1856,5456,1778,11616,3,3,0.8272646666666666,0.8272646666666666,True,"[0.0, 1.0]","[0.413632333278656, 0.586367666721344]","[45, 55]",0.0,0.003114169230684638,0.01638120599091053
13664,544,26.0,26,60.59784698486328,nnknn,100,3657,17339,1861,5574,1796,11765,3,3,0.8269353333333334,0.8269353333333334,True,"[1.0, 0.0]","[0.5865323543548584, 0.413467675447464]","[43, 57]",0.0,0.0031949204858392477,0.016881173476576805
13715,545,51.0,51,,nnknn,100,3657,17339,1861,5574,1796,11765,3,3,0.8262893333333333,0.8262893333333333,True,"[1.0, 0.0]","[0.5868552923202515, 0.41314467787742615]","[43, 57]",0.0,0.0031949204858392477,0.016881173476576805
13760,546,45.0,45,,nnknn,100,3657,17339,1861,5574,1796,11765,3,3,0.8257193333333334,0.8257193333333334,True,"[1.0, 0.0]","[0.5871403217315674, 0.4128596782684326]","[43, 57]",0.0,0.0031949204858392477,0.016881173476576805
13811,547,51.0,51,,nnknn,100,3657,17339,1861,5574,1796,11765,3,3,0.8250733333333333,0.8250733333333333,True,"[0.7150657773017883, 0.28493422269821167]","[0.5376207232475281, 0.4623792767524719]","[43, 57]",0.0,0.0031949204858392477,0.016881173476576805
13833,548,22.0,22,61.457305908203125,nnknn,100,3675,17607,1867,5685,1808,11922,3,3,0.8247946666666667,0.8247946666666667,True,"[0.0977945551276207, 0.9022054672241211]","[0.429531455039978, 0.570468544960022]","[44, 56]",0.0,0.0031310098711401224,0.01638118550181389
13860,549,27.0,27,,nnknn,100,3675,17607,1867,5685,1808,11922,3,3,0.8244526666666667,0.8244526666666667,True,"[1.0, 0.0]","[0.5877736806869507, 0.4122263193130493]","[44, 56]",0.0,0.0031310098711401224,0.01638118550181389
13871,550,11.0,11,,nnknn,100,3675,17607,1867,5685,1808,11922,3,3,0.8243133333333333,0.8243133333333333,True,"[1.0, 0.0]","[0.5878432989120483, 0.4121566712856293]","[44, 56]",0.0,0.0031310098711401224,0.01638118550181389
13909,551,38.0,38,,nnknn,100,3675,17607,1867,5685,1808,11922,3,3,0.823832,0.823832,True,"[1.0, 0.0]","[0.5880839824676514, 0.41191598773002625]","[44, 56]",0.0,0.0031310098711401224,0.01638118550181389
13938,552,29.0,29,32.344425201416016,nnknn,100,3691,17753,1870,5739,1821,12014,3,3,0.8234646666666667,0.8234646666666667,True,"[1.0, 0.0]","[0.5882676839828491, 0.41173234581947327]","[46, 54]",0.0,0.00313094025477767,0.01588127203285694
13963,553,25.0,25,,nnknn,100,3691,17753,1870,5739,1821,12014,3,3,0.823148,0.823148,True,"[1.0, 0.0]","[0.5884259939193726, 0.41157400608062744]","[46, 54]",0.0,0.00313094025477767,0.01588127203285694
13974,554,11.0,11,,nnknn,100,3691,17753,1870,5739,1821,12014,3,3,0.8230086666666667,0.8230086666666667,True,"[1.0, 0.0]","[0.588495671749115, 0.411504328250885]","[46, 54]",0.0,0.00313094025477767,0.01588127203285694
13994,555,20.0,20,,nnknn,100,3691,17753,1870,5739,1821,12014,3,3,0.8227553333333333,0.8227553333333333,True,"[0.09256169199943542, 0.907438337802887]","[0.427783727645874, 0.572216272354126]","[46, 54]",0.0,0.00313094025477767,0.01588127203285694
14068,556,74.0,74,69.63629913330078,nnknn,100,3703,17940,1872,5806,1831,12134,3,3,0.8218179999999999,0.8218179999999999,True,"[0.09445051848888397, 0.9055494666099548]","[0.42773836851119995, 0.5722616314888]","[46, 54]",0.0,0.0030938577838242054,0.016381146386265755
14092,557,24.0,24,,nnknn,100,3703,17940,1872,5806,1831,12134,3,3,0.821514,0.821514,True,"[1.0, 0.0]","[0.5892429947853088, 0.41075700521469116]","[46, 54]",0.0,0.0030938577838242054,0.016381146386265755
14149,558,57.0,57,,nnknn,100,3703,17940,1872,5806,1831,12134,3,3,0.820792,0.820792,True,"[0.10092151910066605, 0.8990784883499146]","[0.42848193645477295, 0.571518063545227]","[46, 54]",0.0,0.0030938577838242054,0.016381146386265755
14179,559,30.0,30,,nnknn,100,3703,17940,1872,5806,1831,12134,3,3,0.820412,0.820412,True,"[0.09535782039165497, 0.9046421647071838]","[0.4273311197757721, 0.5726689100265503]","[46, 54]",0.0,0.0030938577838242054,0.016381146386265755
14250,560,71.0,71,59.562217712402344,nnknn,100,3722,18239,1879,5935,1843,12304,3,3,0.8195126666666667,0.8195126666666667,True,"[0.0, 1.0]","[0.4097563326358795, 0.5902436971664429]","[47, 53]",0.0,0.003059606533497572,0.016880910843610764
14286,561,36.0,36,,nnknn,100,3722,18239,1879,5935,1843,12304,3,3,0.8190566666666667,0.8190566666666667,True,"[0.11999635398387909, 0.8800036907196045]","[0.43124088644981384, 0.5687591433525085]","[47, 53]",0.0,0.003059606533497572,0.016880910843610764
14306,562,20.0,20,,nnknn,100,3722,18239,1879,5935,1843,12304,3,3,0.8188033333333333,0.8188033333333333,True,"[0.10798348486423492, 0.8920165300369263]","[0.4289678931236267, 0.5710321068763733]","[47, 53]",0.0,0.003059606533497572,0.016880910843610764
14369,563,63.0,63,,nnknn,100,3722,18239,1879,5935,1843,12304,3,3,0.8180053333333334,0.8180053333333334,True,"[0.0, 1.0]","[0.4090026617050171, 0.5909973382949829]","[47, 53]",0.0,0.003059606533497572,0.016880910843610764
14440,564,71.0,71,71.6592025756836,nnknn,100,3737,18552,1885,6067,1852,12485,3,3,0.817106,0.817106,True,"[1.0, 0.0]","[0.5914469957351685, 0.40855300426483154]","[47, 53]",0.0,0.0030752699822187424,0.017380865290760994
14473,565,33.0,33,,nnknn,100,3737,18552,1885,6067,1852,12485,3,3,0.816688,0.816688,True,"[1.0, 0.0]","[0.591655969619751, 0.40834400057792664]","[47, 53]",0.0,0.0030752699822187424,0.017380865290760994
14508,566,35.0,35,,nnknn,100,3737,18552,1885,6067,1852,12485,3,3,0.8162446666666667,0.8162446666666667,True,"[0.11332367360591888, 0.8866763710975647]","[0.4289461672306061, 0.5710538625717163]","[47, 53]",0.0,0.0030752699822187424,0.017380865290760994
14522,567,14.0,14,,nnknn,100,3737,18552,1885,6067,1852,12485,3,3,0.8160673333333334,0.8160673333333334,True,"[0.0, 1.0]","[0.40803366899490356, 0.5919663310050964]","[47, 53]",0.0,0.0030752699822187424,0.017380865290760994
14576,568,54.0,54,36.922149658203125,nnknn,100,3744,18762,1889,6144,1855,12618,3,3,0.8153833333333333,0.8153833333333333,True,"[0.0, 1.0]","[0.4076916575431824, 0.5923083424568176]","[48, 52]",0.0,0.0031243294943124056,0.017880814149975777
14630,569,54.0,54,,nnknn,100,3744,18762,1889,6144,1855,12618,3,3,0.8146993333333333,0.8146993333333333,True,"[1.0, 0.0]","[0.592650294303894, 0.40734967589378357]","[48, 52]",0.0,0.0031243294943124056,0.017880814149975777
14660,570,30.0,30,,nnknn,100,3744,18762,1889,6144,1855,12618,3,3,0.8143193333333334,0.8143193333333334,True,"[1.0, 0.0]","[0.592840313911438, 0.4071596562862396]","[48, 52]",0.0,0.0031243294943124056,0.017880814149975777
14705,571,45.0,45,,nnknn,100,3744,18762,1889,6144,1855,12618,3,3,0.8137493333333333,0.8137493333333333,True,"[0.11510980874300003, 0.8848901987075806]","[0.4283139407634735, 0.5716860294342041]","[48, 52]",0.0,0.0031243294943124056,0.017880814149975777
14740,572,35.0,35,40.49647521972656,nnknn,100,3760,19032,1894,6261,1866,12771,3,3,0.813306,0.813306,True,"[1.0, 0.0]","[0.5933470129966736, 0.4066529870033264]","[50, 50]",0.0,0.003038442926481366,0.01738092489540577
14782,573,42.0,42,,nnknn,100,3760,19032,1894,6261,1866,12771,3,3,0.812774,0.812774,True,"[1.0, 0.0]","[0.5936130285263062, 0.40638700127601624]","[50, 50]",0.0,0.003038442926481366,0.01738092489540577
14860,574,78.0,78,,nnknn,100,3760,19032,1894,6261,1866,12771,3,3,0.811786,0.811786,True,"[0.0, 1.0]","[0.4058929979801178, 0.5941070318222046]","[50, 50]",0.0,0.003038442926481366,0.01738092489540577
14877,575,17.0,17,,nnknn,100,3760,19032,1894,6261,1866,12771,3,3,0.8115706666666667,0.8115706666666667,True,"[1.0, 0.0]","[0.594214677810669, 0.40578532218933105]","[50, 50]",0.0,0.003038442926481366,0.01738092489540577
14929,576,52.0,52,63.394065856933594,nnknn,100,3777,19339,1900,6391,1877,12948,4,4,0.810912,0.810912,True,"[1.0, 0.0]","[0.594543993473053, 0.405456006526947]","[48, 52]",0.0,0.0029767935629934072,0.01688116230070591
14966,577,37.0,37,,nnknn,100,3777,19339,1900,6391,1877,12948,4,4,0.8104433333333333,0.8104433333333333,True,"[0.0, 1.0]","[0.4052216708660126, 0.594778299331665]","[48, 52]",0.0,0.0029767935629934072,0.01688116230070591
14996,578,30.0,30,,nnknn,100,3777,19339,1900,6391,1877,12948,4,4,0.8100633333333334,0.8100633333333334,True,"[0.09288744628429413, 0.9071125984191895]","[0.42267441749572754, 0.5773255825042725]","[48, 52]",0.0,0.0029767935629934072,0.01688116230070591
15060,579,64.0,64,,nnknn,100,3777,19339,1900,6391,1877,12948,4,4,0.8092526666666666,0.8092526666666666,True,"[1.0, 0.0]","[0.5953736305236816, 0.40462633967399597]","[48, 52]",0.0,0.0029767935629934072,0.01688116230070591
15071,580,11.0,11,50.360111236572266,nnknn,100,3797,19555,1905,6480,1892,13075,4,4,0.8091133333333334,0.8091133333333334,True,"[1.0, 0.0]","[0.5954433679580688, 0.40455666184425354]","[50, 50]",0.0,0.0030603292398154736,0.017381127923727036
15102,581,31.0,31,,nnknn,100,3797,19555,1905,6480,1892,13075,4,4,0.8087206666666666,0.8087206666666666,True,"[0.0, 1.0]","[0.4043603241443634, 0.595639705657959]","[50, 50]",0.0,0.0030603292398154736,0.017381127923727036
15127,582,25.0,25,,nnknn,100,3797,19555,1905,6480,1892,13075,4,4,0.808404,0.808404,True,"[1.0, 0.0]","[0.5957980155944824, 0.40420201420783997]","[50, 50]",0.0,0.0030603292398154736,0.017381127923727036
15139,583,12.0,12,,nnknn,100,3797,19555,1905,6480,1892,13075,4,4,0.808252,0.808252,True,"[0.09443321079015732, 0.9055668115615845]","[0.42223337292671204, 0.5777666568756104]","[50, 50]",0.0,0.0030603292398154736,0.017381127923727036
15161,584,22.0,22,20.47733497619629,nnknn,100,3814,19673,1911,6519,1903,13154,4,4,0.8079733333333333,0.8079733333333333,True,"[1.0, 0.0]","[0.5960133075714111, 0.4039866626262665]","[49, 51]",0.0,0.0031951109413057566,0.01788109913468361
15184,585,23.0,23,,nnknn,100,3814,19673,1911,6519,1903,13154,4,4,0.807682,0.807682,True,"[1.0, 0.0]","[0.5961589813232422, 0.4038409888744354]","[49, 51]",0.0,0.0031951109413057566,0.01788109913468361
15211,586,27.0,27,,nnknn,100,3814,19673,1911,6519,1903,13154,4,4,0.80734,0.80734,True,"[1.0, 0.0]","[0.5963299870491028, 0.4036700129508972]","[49, 51]",0.0,0.0031951109413057566,0.01788109913468361
15220,587,9.0,9,,nnknn,100,3814,19673,1911,6519,1903,13154,4,4,0.807226,0.807226,True,"[0.09696950763463974, 0.903030514717102]","[0.42230620980262756, 0.5776938199996948]","[49, 51]",0.0,0.0031951109413057566,0.01788109913468361
15243,588,23.0,23,18.04044532775879,nnknn,100,3825,19776,1914,6551,1911,13225,7,7,0.8069346666666667,0.8069346666666667,True,"[1.0, 0.0]","[0.5965327024459839, 0.4034673273563385]","[50, 50]",0.0,0.0032510817982256413,0.01738131418824196
15262,589,19.0,19,,nnknn,100,3825,19776,1914,6551,1911,13225,7,7,0.806694,0.806694,True,"[0.0, 1.0]","[0.403346985578537, 0.5966529846191406]","[50, 50]",0.0,0.0032510817982256413,0.01738131418824196
15281,590,19.0,19,,nnknn,100,3825,19776,1914,6551,1911,13225,7,7,0.8064533333333334,0.8064533333333334,True,"[0.09813223779201508, 0.9018678069114685]","[0.422219842672348, 0.5777801871299744]","[50, 50]",0.0,0.0032510817982256413,0.01738131418824196
15349,591,68.0,68,,nnknn,100,3825,19776,1914,6551,1911,13225,7,7,0.805592,0.805592,True,"[0.0, 1.0]","[0.4027960002422333, 0.5972039699554443]","[50, 50]",0.0,0.0032510817982256413,0.01738131418824196
15454,592,105.0,105,97.96835327148438,nnknn,100,3843,20137,1918,6716,1925,13421,8,8,0.804262,0.804262,True,"[1.0, 0.0]","[0.5978690385818481, 0.40213099122047424]","[48, 52]",0.0,0.0033880723640322685,0.0178812425583601
15487,593,33.0,33,,nnknn,100,3843,20137,1918,6716,1925,13421,8,8,0.803844,0.803844,True,"[0.0, 1.0]","[0.40192198753356934, 0.5980780124664307]","[48, 52]",0.0,0.0033880723640322685,0.0178812425583601
15539,594,52.0,52,,nnknn,100,3843,20137,1918,6716,1925,13421,8,8,0.8031853333333333,0.8031853333333333,True,"[1.0, 0.0]","[0.5984073281288147, 0.4015926718711853]","[48, 52]",0.0,0.0033880723640322685,0.0178812425583601
15576,595,37.0,37,,nnknn,100,3843,20137,1918,6716,1925,13421,8,8,0.8027166666666666,0.8027166666666666,True,"[1.0, 0.0]","[0.5986416339874268, 0.40135833621025085]","[48, 52]",0.0,0.0033880723640322685,0.0178812425583601
15596,596,20.0,20,41.07644271850586,nnknn,100,3853,20361,1924,6802,1929,13559,8,8,0.8024633333333333,0.8024633333333333,True,"[1.0, 0.0]","[0.5987683534622192, 0.40123167634010315]","[49, 51]",0.0,0.003344317665323615,0.01738126575946808
15612,597,16.0,16,,nnknn,100,3853,20361,1924,6802,1929,13559,8,8,0.8022606666666667,0.8022606666666667,True,"[0.0, 1.0]","[0.4011303186416626, 0.5988696813583374]","[49, 51]",0.0,0.003344317665323615,0.01738126575946808
15622,598,10.0,10,,nnknn,100,3853,20361,1924,6802,1929,13559,8,8,0.802134,0.802134,True,"[0.09320931136608124, 0.9067906737327576]","[0.4195099472999573, 0.5804900527000427]","[49, 51]",0.0,0.003344317665323615,0.01738126575946808
15664,599,42.0,42,,nnknn,100,3853,20361,1924,6802,1929,13559,8,8,0.801602,0.801602,True,"[0.0, 1.0]","[0.40080100297927856, 0.5991989970207214]","[49, 51]",0.0,0.003344317665323615,0.01738126575946808
15691,600,27.0,27,25.38326072692871,nnknn,100,3870,20487,1929,6845,1941,13642,8,8,0.80126,0.80126,True,"[1.0, 0.0]","[0.599370002746582, 0.40062999725341797]","[48, 52]",0.0,0.0032871852163225412,0.016881464049220085
15713,601,22.0,22,,nnknn,100,3870,20487,1929,6845,1941,13642,8,8,0.8009813333333333,0.8009813333333333,True,"[0.11866520345211029, 0.8813347816467285]","[0.42410725355148315, 0.5758927464485168]","[48, 52]",0.0,0.0032871852163225412,0.016881464049220085
15734,602,21.0,21,,nnknn,100,3870,20487,1929,6845,1941,13642,8,8,0.8007153333333333,0.8007153333333333,True,"[0.0, 1.0]","[0.4003576636314392, 0.5996423363685608]","[48, 52]",0.0,0.0032871852163225412,0.016881464049220085
15777,603,43.0,43,,nnknn,100,3870,20487,1929,6845,1941,13642,8,8,0.8001706666666667,0.8001706666666667,True,"[0.0, 1.0]","[0.40008533000946045, 0.5999146699905396]","[48, 52]",0.0,0.0032871852163225412,0.016881464049220085
15809,604,32.0,32,26.06369972229004,nnknn,100,3882,20656,1934,6903,1948,13753,8,8,0.7997653333333333,0.7997653333333333,True,"[0.11241189390420914, 0.8875880837440491]","[0.42239144444465637, 0.577608585357666]","[47, 53]",0.0,0.0032194412779062986,0.016381487250328064
15830,605,21.0,21,,nnknn,100,3882,20656,1934,6903,1948,13753,8,8,0.7994993333333333,0.7994993333333333,True,"[0.0, 1.0]","[0.39974966645240784, 0.6002503633499146]","[47, 53]",0.0,0.0032194412779062986,0.016381487250328064
15871,606,41.0,41,,nnknn,100,3882,20656,1934,6903,1948,13753,8,8,0.79898,0.79898,True,"[0.0, 1.0]","[0.39948999881744385, 0.6005100011825562]","[47, 53]",0.0,0.0032194412779062986,0.016381487250328064
15883,607,12.0,12,,nnknn,100,3882,20656,1934,6903,1948,13753,8,8,0.798828,0.798828,True,"[1.0, 0.0]","[0.6005859971046448, 0.3994140028953552]","[47, 53]",0.0,0.0032194412779062986,0.016381487250328064
15924,608,41.0,41,40.50952911376953,nnknn,100,3901,20817,1939,6963,1962,13854,8,8,0.7983086666666667,0.7983086666666667,True,"[0.0, 1.0]","[0.39915433526039124, 0.6008456945419312]","[44, 56]",0.0,0.0033104282338172197,0.016881432384252548
15955,609,31.0,31,,nnknn,100,3901,20817,1939,6963,1962,13854,8,8,0.797916,0.797916,True,"[1.0, 0.0]","[0.6010420322418213, 0.3989579975605011]","[44, 56]",0.0,0.0033104282338172197,0.016881432384252548
15969,610,14.0,14,,nnknn,100,3901,20817,1939,6963,1962,13854,8,8,0.7977386666666666,0.7977386666666666,True,"[0.0, 1.0]","[0.3988693356513977, 0.6011306643486023]","[44, 56]",0.0,0.0033104282338172197,0.016881432384252548
16004,611,35.0,35,,nnknn,100,3901,20817,1939,6963,1962,13854,8,8,0.7972953333333334,0.7972953333333334,True,"[1.0, 0.0]","[0.601352334022522, 0.398647665977478]","[44, 56]",0.0,0.0033104282338172197,0.016881432384252548
16016,612,12.0,12,26.972213745117188,nnknn,100,3910,20940,1943,6999,1967,13941,8,8,0.7971433333333333,0.7971433333333333,True,"[0.0, 1.0]","[0.3985716700553894, 0.6014283299446106]","[43, 57]",0.0,0.00333382748067379,0.017381280660629272
16032,613,16.0,16,,nnknn,100,3910,20940,1943,6999,1967,13941,8,8,0.7969406666666666,0.7969406666666666,True,"[1.0, 0.0]","[0.6015296578407288, 0.39847034215927124]","[43, 57]",0.0,0.00333382748067379,0.017381280660629272
16098,614,66.0,66,,nnknn,100,3910,20940,1943,6999,1967,13941,8,8,0.7961046666666667,0.7961046666666667,True,"[1.0, 0.0]","[0.6019476652145386, 0.3980523347854614]","[43, 57]",0.0,0.00333382748067379,0.017381280660629272
16108,615,10.0,10,,nnknn,100,3910,20940,1943,6999,1967,13941,8,8,0.795978,0.795978,True,"[1.0, 0.0]","[0.60201096534729, 0.3979890048503876]","[43, 57]",0.0,0.00333382748067379,0.017381280660629272
16147,616,39.0,39,64.24803924560547,nnknn,100,3927,21137,1947,7078,1980,14059,8,8,0.795484,0.795484,True,"[0.9018462896347046, 0.09815376251935959]","[0.5821839570999146, 0.41781601309776306]","[44, 56]",0.0,0.0033470510970801115,0.017764464020729065
16166,617,19.0,19,,nnknn,100,3927,21137,1947,7078,1980,14059,8,8,0.7952433333333333,0.7952433333333333,True,"[0.0, 1.0]","[0.39762166142463684, 0.6023783683776855]","[44, 56]",0.0,0.0033470510970801115,0.017764464020729065
16187,618,21.0,21,,nnknn,100,3927,21137,1947,7078,1980,14059,8,8,0.7949773333333333,0.7949773333333333,True,"[0.8806688785552979, 0.11933114379644394]","[0.5780457258224487, 0.4219542443752289]","[44, 56]",0.0,0.0033470510970801115,0.017764464020729065
16220,619,33.0,33,,nnknn,100,3927,21137,1947,7078,1980,14059,8,8,0.7945593333333334,0.7945593333333334,True,"[0.0, 1.0]","[0.39727967977523804, 0.602720320224762]","[44, 56]",0.0,0.0033470510970801115,0.017764464020729065
16238,620,18.0,18,21.12126350402832,nnknn,99,3976,21214,1982,7078,1994,14136,8,8,0.7943313333333333,0.7943313333333333,True,"[0.0, 1.0]","[0.3971656560897827, 0.6028343439102173]","[43, 56]",0.0,0.003364445874467492,0.018260562792420387
16257,621,19.0,19,,nnknn,99,3976,21214,1982,7078,1994,14136,8,8,0.7940906666666667,0.7940906666666667,True,"[1.0, 0.0]","[0.602954626083374, 0.3970453441143036]","[43, 56]",0.0,0.003364445874467492,0.018260562792420387
16296,622,39.0,39,,nnknn,99,3976,21214,1982,7078,1994,14136,8,8,0.7935966666666667,0.7935966666666667,True,"[1.0, 0.0]","[0.6032016277313232, 0.39679834246635437]","[43, 56]",0.0,0.003364445874467492,0.018260562792420387
16332,623,36.0,36,,nnknn,99,3976,21214,1982,7078,1994,14136,8,8,0.7931406666666667,0.7931406666666667,True,"[0.1743725687265396, 0.8256274461746216]","[0.4326409101486206, 0.5673590898513794]","[43, 56]",0.0,0.003364445874467492,0.018260562792420387
16422,624,90.0,90,79.41397094726562,nnknn,100,3999,21507,1989,7204,2010,14303,9,9,0.7920006666666667,0.7920006666666667,True,"[0.9059644341468811, 0.09403559565544128]","[0.5844403505325317, 0.41555967926979065]","[44, 56]",0.0,0.0033249484840780497,0.018760554492473602
16443,625,21.0,21,,nnknn,100,3999,21507,1989,7204,2010,14303,9,9,0.7917346666666667,0.7917346666666667,True,"[1.0, 0.0]","[0.6041326522827148, 0.39586734771728516]","[44, 56]",0.0,0.0033249484840780497,0.018760554492473602
16487,626,44.0,44,,nnknn,100,3999,21507,1989,7204,2010,14303,9,9,0.7911773333333334,0.7911773333333334,True,"[0.0, 1.0]","[0.3955886662006378, 0.6044113636016846]","[44, 56]",0.0,0.0033249484840780497,0.018760554492473602
16509,627,22.0,22,,nnknn,100,3999,21507,1989,7204,2010,14303,9,9,0.7908986666666666,0.7908986666666666,True,"[0.0, 1.0]","[0.39544934034347534, 0.6045506596565247]","[44, 56]",0.0,0.0033249484840780497,0.018760554492473602
16586,628,77.0,77,61.047882080078125,nnknn,99,4121,21669,2109,7204,2012,14465,9,9,0.7899233333333333,0.7899233333333333,True,"[1.0, 0.0]","[0.6050383448600769, 0.3949616551399231]","[45, 54]",0.0,0.0034561308566480875,0.019260406494140625
16601,629,15.0,15,,nnknn,99,4121,21669,2109,7204,2012,14465,9,9,0.7897333333333334,0.7897333333333334,True,"[0.0, 1.0]","[0.3948666751384735, 0.6051332950592041]","[45, 54]",0.0,0.0034561308566480875,0.019260406494140625
16616,630,15.0,15,,nnknn,99,4121,21669,2109,7204,2012,14465,9,9,0.7895433333333333,0.7895433333333333,True,"[0.0, 1.0]","[0.39477166533470154, 0.6052283048629761]","[45, 54]",0.0,0.0034561308566480875,0.019260406494140625
16632,631,16.0,16,,nnknn,99,4121,21669,2109,7204,2012,14465,9,9,0.7893406666666667,0.7893406666666667,True,"[1.0, 0.0]","[0.6053296327590942, 0.3946703374385834]","[45, 54]",0.0,0.0034561308566480875,0.019260406494140625
16650,632,18.0,18,22.468069076538086,nnknn,100,4124,21743,2112,7215,2012,14528,10,10,0.7891126666666667,0.7891126666666667,True,"[0.0, 1.0]","[0.39455634355545044, 0.6054436564445496]","[44, 56]",0.0,0.003356111701577902,0.019760336726903915
16686,633,36.0,36,,nnknn,100,4124,21743,2112,7215,2012,14528,10,10,0.7886566666666667,0.7886566666666667,True,"[1.0, 0.0]","[0.6056716442108154, 0.3943283259868622]","[44, 56]",0.0,0.003356111701577902,0.019760336726903915
16737,634,51.0,51,,nnknn,100,4124,21743,2112,7215,2012,14528,10,10,0.7880106666666666,0.7880106666666666,True,"[0.0, 1.0]","[0.39400532841682434, 0.605994701385498]","[44, 56]",0.0,0.003356111701577902,0.019760336726903915
16749,635,12.0,12,,nnknn,100,4124,21743,2112,7215,2012,14528,10,10,0.7878586666666667,0.7878586666666667,True,"[1.0, 0.0]","[0.6060706377029419, 0.3939293324947357]","[44, 56]",0.0,0.003356111701577902,0.019760336726903915
16789,636,40.0,40,39.229949951171875,nnknn,100,4142,21960,2115,7308,2027,14652,10,10,0.787352,0.787352,True,"[0.0, 1.0]","[0.3936760127544403, 0.6063239574432373]","[42, 58]",0.0,0.0032984791323542595,0.02026033028960228
16813,637,24.0,24,,nnknn,100,4142,21960,2115,7308,2027,14652,10,10,0.787048,0.787048,True,"[0.0, 1.0]","[0.3935239911079407, 0.6064760088920593]","[42, 58]",0.0,0.0032984791323542595,0.02026033028960228
16857,638,44.0,44,,nnknn,100,4142,21960,2115,7308,2027,14652,10,10,0.7864906666666667,0.7864906666666667,True,"[1.0, 0.0]","[0.6067546606063843, 0.3932453393936157]","[42, 58]",0.0,0.0032984791323542595,0.02026033028960228
16943,639,86.0,86,,nnknn,100,4142,21960,2115,7308,2027,14652,10,10,0.7854013333333334,0.7854013333333334,True,"[0.0, 1.0]","[0.3927006721496582, 0.6072993278503418]","[42, 58]",0.0,0.0032984791323542595,0.02026033028960228
17012,640,69.0,69,76.38414764404297,nnknn,100,4169,22323,2122,7468,2047,14855,10,10,0.7845273333333334,0.7845273333333334,True,"[1.0, 0.0]","[0.607736349105835, 0.3922636806964874]","[43, 57]",0.0,0.003271467052400112,0.0207603108137846
17049,641,37.0,37,,nnknn,100,4169,22323,2122,7468,2047,14855,10,10,0.7840586666666667,0.7840586666666667,True,"[1.0, 0.0]","[0.607970654964447, 0.392029345035553]","[43, 57]",0.0,0.003271467052400112,0.0207603108137846
17073,642,24.0,24,,nnknn,100,4169,22323,2122,7468,2047,14855,10,10,0.7837546666666666,0.7837546666666666,True,"[0.0, 1.0]","[0.39187732338905334, 0.608122706413269]","[43, 57]",0.0,0.003271467052400112,0.0207603108137846
17144,643,71.0,71,,nnknn,100,4169,22323,2122,7468,2047,14855,10,10,0.7828553333333333,0.7828553333333333,True,"[0.9058850407600403, 0.09411496669054031]","[0.5881357789039612, 0.4118642210960388]","[43, 57]",0.0,0.003271467052400112,0.0207603108137846
17197,644,53.0,53,78.3121566772461,nnknn,100,4184,22633,2125,7605,2059,15028,10,10,0.782184,0.782184,True,"[1.0, 0.0]","[0.6089079976081848, 0.3910920023918152]","[46, 54]",0.0,0.0032024658285081387,0.020260322839021683
17274,645,77.0,77,,nnknn,100,4184,22633,2125,7605,2059,15028,10,10,0.7812086666666667,0.7812086666666667,True,"[1.0, 0.0]","[0.6093956232070923, 0.3906043469905853]","[46, 54]",0.0,0.0032024658285081387,0.020260322839021683
17287,646,13.0,13,,nnknn,100,4184,22633,2125,7605,2059,15028,10,10,0.781044,0.781044,True,"[1.0, 0.0]","[0.6094779968261719, 0.3905220031738281]","[46, 54]",0.0,0.0032024658285081387,0.020260322839021683
17334,647,47.0,47,,nnknn,100,4184,22633,2125,7605,2059,15028,10,10,0.7804486666666667,0.7804486666666667,True,"[0.0, 1.0]","[0.3902243375778198, 0.6097756624221802]","[46, 54]",0.0,0.0032024658285081387,0.020260322839021683
17454,648,120.0,120,100.18497467041016,nnknn,100,4207,23079,2130,7812,2077,15267,10,10,0.7789286666666666,0.7789286666666666,True,"[0.0, 1.0]","[0.3894643187522888, 0.6105356812477112]","[45, 55]",0.0,0.0031552230939269066,0.020760275423526764
17477,649,23.0,23,,nnknn,100,4207,23079,2130,7812,2077,15267,10,10,0.7786373333333333,0.7786373333333333,True,"[0.0, 1.0]","[0.38931867480278015, 0.6106812953948975]","[45, 55]",0.0,0.0031552230939269066,0.020760275423526764
17519,650,42.0,42,,nnknn,100,4207,23079,2130,7812,2077,15267,10,10,0.7781053333333333,0.7781053333333333,True,"[1.0, 0.0]","[0.6109473705291748, 0.3890526592731476]","[45, 55]",0.0,0.0031552230939269066,0.020760275423526764
17537,651,18.0,18,,nnknn,100,4207,23079,2130,7812,2077,15267,10,10,0.7778773333333333,0.7778773333333333,True,"[0.0, 1.0]","[0.38893866539001465, 0.6110613346099854]","[45, 55]",0.0,0.0031552230939269066,0.020760275423526764
17567,652,30.0,30,28.195558547973633,nnknn,100,4210,23238,2131,7861,2079,15377,11,11,0.7774973333333333,0.7774973333333333,True,"[1.0, 0.0]","[0.6112513542175293, 0.3887486755847931]","[47, 53]",0.0,0.0031120150815695524,0.021260270848870277
17591,653,24.0,24,,nnknn,100,4210,23238,2131,7861,2079,15377,11,11,0.7771933333333333,0.7771933333333333,True,"[0.0, 1.0]","[0.38859665393829346, 0.6114033460617065]","[47, 53]",0.0,0.0031120150815695524,0.021260270848870277
17609,654,18.0,18,,nnknn,100,4210,23238,2131,7861,2079,15377,11,11,0.7769653333333333,0.7769653333333333,True,"[0.0, 1.0]","[0.3884826600551605, 0.6115173101425171]","[47, 53]",0.0,0.0031120150815695524,0.021260270848870277
17636,655,27.0,27,,nnknn,100,4210,23238,2131,7861,2079,15377,11,11,0.7766233333333333,0.7766233333333333,True,"[1.0, 0.0]","[0.6116883754730225, 0.3883116543292999]","[47, 53]",0.0,0.0031120150815695524,0.021260270848870277
17668,656,32.0,32,31.447628021240234,nnknn,100,4223,23374,2133,7907,2090,15467,11,11,0.776218,0.776218,True,"[1.0, 0.0]","[0.6118910312652588, 0.3881089985370636]","[49, 51]",0.0,0.002951280679553747,0.020760303363204002
17702,657,34.0,34,,nnknn,100,4223,23374,2133,7907,2090,15467,11,11,0.7757873333333334,0.7757873333333334,True,"[0.0, 1.0]","[0.3878936767578125, 0.6121063232421875]","[49, 51]",0.0,0.002951280679553747,0.020760303363204002
17738,658,36.0,36,,nnknn,100,4223,23374,2133,7907,2090,15467,11,11,0.7753313333333334,0.7753313333333334,True,"[0.0, 1.0]","[0.38766565918922424, 0.6123343706130981]","[49, 51]",0.0,0.002951280679553747,0.020760303363204002
17884,659,146.0,146,,nnknn,100,4223,23374,2133,7907,2090,15467,11,11,0.773482,0.773482,True,"[1.0, 0.0]","[0.613258957862854, 0.3867410123348236]","[49, 51]",0.0,0.002951280679553747,0.020760303363204002
17895,660,11.0,11,105.93367767333984,nnknn,100,4238,23762,2139,8077,2099,15685,11,11,0.7733426666666666,0.7733426666666666,True,"[0.0, 1.0]","[0.3866713345050812, 0.6133286952972412]","[49, 51]",0.0,0.0028745480813086033,0.020260322839021683
17916,661,21.0,21,,nnknn,100,4238,23762,2139,8077,2099,15685,11,11,0.7730766666666666,0.7730766666666666,True,"[0.0, 1.0]","[0.3865383267402649, 0.6134616732597351]","[49, 51]",0.0,0.0028745480813086033,0.020260322839021683
17943,662,27.0,27,,nnknn,100,4238,23762,2139,8077,2099,15685,11,11,0.7727346666666667,0.7727346666666667,True,"[1.0, 0.0]","[0.6136326789855957, 0.3863673210144043]","[49, 51]",0.0,0.0028745480813086033,0.020260322839021683
17989,663,46.0,46,,nnknn,100,4238,23762,2139,8077,2099,15685,11,11,0.772152,0.772152,True,"[1.0, 0.0]","[0.6139240264892578, 0.3860760033130646]","[49, 51]",0.0,0.0028745480813086033,0.020260322839021683
18011,664,22.0,22,29.95688247680664,nnknn,100,4251,23926,2141,8136,2110,15790,11,11,0.7718733333333333,0.7718733333333333,True,"[0.0, 1.0]","[0.3859366774559021, 0.6140633225440979]","[48, 52]",0.0,0.002843023743480444,0.020760294049978256
18046,665,35.0,35,,nnknn,100,4251,23926,2141,8136,2110,15790,11,11,0.7714300000000001,0.7714300000000001,True,"[1.0, 0.0]","[0.6142849922180176, 0.3857150077819824]","[48, 52]",0.0,0.002843023743480444,0.020760294049978256
18058,666,12.0,12,,nnknn,100,4251,23926,2141,8136,2110,15790,11,11,0.771278,0.771278,True,"[0.0, 1.0]","[0.3856390118598938, 0.6143609881401062]","[48, 52]",0.0,0.002843023743480444,0.020760294049978256
18079,667,21.0,21,,nnknn,100,4251,23926,2141,8136,2110,15790,11,11,0.771012,0.771012,True,"[1.0, 0.0]","[0.6144939661026001, 0.3855060040950775]","[48, 52]",0.0,0.002843023743480444,0.020760294049978256
18123,668,44.0,44,41.47697067260742,nnknn,100,4262,24089,2142,8197,2120,15892,11,11,0.7704546666666667,0.7704546666666667,True,"[1.0, 0.0]","[0.6147726774215698, 0.3852273225784302]","[50, 50]",0.0,0.002840515458956361,0.021260276436805725
18155,669,32.0,32,,nnknn,100,4262,24089,2142,8197,2120,15892,11,11,0.7700493333333334,0.7700493333333334,True,"[1.0, 0.0]","[0.6149753332138062, 0.38502466678619385]","[50, 50]",0.0,0.002840515458956361,0.021260276436805725
18169,670,14.0,14,,nnknn,100,4262,24089,2142,8197,2120,15892,11,11,0.769872,0.769872,True,"[0.0, 1.0]","[0.38493600487709045, 0.6150640249252319]","[50, 50]",0.0,0.002840515458956361,0.021260276436805725
18187,671,18.0,18,,nnknn,100,4262,24089,2142,8197,2120,15892,11,11,0.769644,0.769644,True,"[1.0, 0.0]","[0.6151779890060425, 0.3848220109939575]","[50, 50]",0.0,0.002840515458956361,0.021260276436805725
18224,672,37.0,37,28.049785614013672,nnknn,100,4271,24224,2143,8239,2128,15985,11,11,0.7691753333333333,0.7691753333333333,True,"[1.0, 0.0]","[0.6154123544692993, 0.38458767533302307]","[50, 50]",0.0,0.0027421361301094294,0.0207603070884943
18244,673,20.0,20,,nnknn,100,4271,24224,2143,8239,2128,15985,11,11,0.768922,0.768922,True,"[0.0, 1.0]","[0.384460985660553, 0.615539014339447]","[50, 50]",0.0,0.0027421361301094294,0.0207603070884943
18269,674,25.0,25,,nnknn,100,4271,24224,2143,8239,2128,15985,11,11,0.7686053333333334,0.7686053333333334,True,"[1.0, 0.0]","[0.6156973242759705, 0.38430267572402954]","[50, 50]",0.0,0.0027421361301094294,0.0207603070884943
18309,675,40.0,40,,nnknn,100,4271,24224,2143,8239,2128,15985,11,11,0.7680986666666667,0.7680986666666667,True,"[1.0, 0.0]","[0.6159507036209106, 0.38404932618141174]","[50, 50]",0.0,0.0027421361301094294,0.0207603070884943
18319,676,10.0,10,20.333887100219727,nnknn,100,4275,24353,2143,8277,2132,16076,11,11,0.767972,0.767972,True,"[1.0, 0.0]","[0.6160140037536621, 0.3839859962463379]","[50, 50]",0.0,0.002769274404272437,0.021260304376482964
18353,677,34.0,34,,nnknn,100,4275,24353,2143,8277,2132,16076,11,11,0.7675413333333333,0.7675413333333333,True,"[1.0, 0.0]","[0.6162292957305908, 0.3837706744670868]","[50, 50]",0.0,0.002769274404272437,0.021260304376482964
18372,678,19.0,19,,nnknn,100,4275,24353,2143,8277,2132,16076,11,11,0.7673006666666666,0.7673006666666666,True,"[0.0, 1.0]","[0.3836503326892853, 0.6163496971130371]","[50, 50]",0.0,0.002769274404272437,0.021260304376482964
18385,679,13.0,13,,nnknn,100,4275,24353,2143,8277,2132,16076,11,11,0.767136,0.767136,True,"[1.0, 0.0]","[0.6164320111274719, 0.3835679888725281]","[50, 50]",0.0,0.002769274404272437,0.021260304376482964
18402,680,17.0,17,23.1960391998291,nnknn,100,4280,24464,2144,8309,2136,16155,11,11,0.7669206666666667,0.7669206666666667,True,"[1.0, 0.0]","[0.6165396571159363, 0.3834603428840637]","[47, 53]",0.0,0.002741067437455058,0.021760297939181328
18439,681,37.0,37,,nnknn,100,4280,24464,2144,8309,2136,16155,11,11,0.766452,0.766452,True,"[0.0, 1.0]","[0.3832260072231293, 0.6167739629745483]","[47, 53]",0.0,0.002741067437455058,0.021760297939181328
18480,682,41.0,41,,nnknn,100,4280,24464,2144,8309,2136,16155,11,11,0.7659326666666666,0.7659326666666666,True,"[0.9128702282905579, 0.08712974935770035]","[0.5966393947601318, 0.4033605754375458]","[47, 53]",0.0,0.002741067437455058,0.021760297939181328
18608,683,128.0,128,,nnknn,100,4280,24464,2144,8309,2136,16155,11,11,0.7643113333333333,0.7643113333333333,True,"[0.8669223189353943, 0.13307765126228333]","[0.5864794254302979, 0.41352054476737976]","[47, 53]",0.0,0.002741067437455058,0.021760297939181328
18670,684,62.0,62,92.09718322753906,nnknn,100,4307,24923,2162,8509,2145,16414,11,11,0.763526,0.763526,True,"[1.0, 0.0]","[0.6182370185852051, 0.3817630112171173]","[43, 57]",0.0,0.002817939268425107,0.022260291501879692
18712,685,42.0,42,,nnknn,100,4307,24923,2162,8509,2145,16414,11,11,0.762994,0.762994,True,"[0.0, 1.0]","[0.38149699568748474, 0.6185029745101929]","[43, 57]",0.0,0.002817939268425107,0.022260291501879692
18760,686,48.0,48,,nnknn,100,4307,24923,2162,8509,2145,16414,11,11,0.762386,0.762386,True,"[0.0, 1.0]","[0.38119301199913025, 0.6188069581985474]","[43, 57]",0.0,0.002817939268425107,0.022260291501879692
18776,687,16.0,16,,nnknn,100,4307,24923,2162,8509,2145,16414,11,11,0.7621833333333333,0.7621833333333333,True,"[0.8318909406661987, 0.16810904443264008]","[0.5789291858673096, 0.42107078433036804]","[43, 57]",0.0,0.002817939268425107,0.022260291501879692
18806,688,30.0,30,47.70330810546875,nnknn,100,4333,25122,2182,8578,2151,16544,11,11,0.7618033333333334,0.7618033333333334,True,"[1.0, 0.0]","[0.6190983057022095, 0.38090166449546814]","[45, 55]",0.0,0.0028950730338692665,0.02276027761399746
18827,689,21.0,21,,nnknn,100,4333,25122,2182,8578,2151,16544,11,11,0.7615373333333333,0.7615373333333333,True,"[1.0, 0.0]","[0.6192313432693481, 0.38076865673065186]","[45, 55]",0.0,0.0028950730338692665,0.02276027761399746
18861,690,34.0,34,,nnknn,100,4333,25122,2182,8578,2151,16544,11,11,0.7611066666666666,0.7611066666666666,True,"[0.7640863060951233, 0.2359137088060379]","[0.5630884766578674, 0.43691155314445496]","[45, 55]",0.0,0.0028950730338692665,0.02276027761399746
18915,691,54.0,54,,nnknn,100,4333,25122,2182,8578,2151,16544,11,11,0.7604226666666667,0.7604226666666667,True,"[0.0, 1.0]","[0.38021132349967957, 0.619788646697998]","[45, 55]",0.0,0.0028950730338692665,0.02276027761399746
18933,692,18.0,18,40.740135192871094,nnknn,100,4351,25295,2195,8630,2156,16665,12,12,0.7601946666666667,0.7601946666666667,True,"[0.0, 1.0]","[0.38009732961654663, 0.6199026703834534]","[44, 56]",0.0,0.0029446673579514027,0.02326016128063202
19035,693,102.0,102,,nnknn,100,4351,25295,2195,8630,2156,16665,12,12,0.7589026666666667,0.7589026666666667,True,"[1.0, 0.0]","[0.620548665523529, 0.37945133447647095]","[44, 56]",0.0,0.0029446673579514027,0.02326016128063202
19045,694,10.0,10,,nnknn,100,4351,25295,2195,8630,2156,16665,12,12,0.758776,0.758776,True,"[0.16554097831249237, 0.8344590067863464]","[0.4193204641342163, 0.5806795358657837]","[44, 56]",0.0,0.0029446673579514027,0.02326016128063202
19076,695,31.0,31,,nnknn,100,4351,25295,2195,8630,2156,16665,12,12,0.7583833333333333,0.7583833333333333,True,"[0.0, 1.0]","[0.37919166684150696, 0.6208083629608154]","[44, 56]",0.0,0.0029446673579514027,0.02326016128063202
19097,696,21.0,21,100.90681457519531,nnknn,100,4375,25552,2206,8736,2169,16816,12,12,0.7581173333333333,0.7581173333333333,True,"[0.15753193199634552, 0.8424680829048157]","[0.4171628952026367, 0.5828371047973633]","[42, 58]",0.0,0.0030144297052174807,0.023760082200169563
19115,697,18.0,18,,nnknn,100,4375,25552,2206,8736,2169,16816,12,12,0.7578893333333333,0.7578893333333333,True,"[0.20756308734416962, 0.792436957359314]","[0.42919790744781494, 0.5708020925521851]","[42, 58]",0.0,0.0030144297052174807,0.023760082200169563
19178,698,63.0,63,,nnknn,100,4375,25552,2206,8736,2169,16816,12,12,0.7570913333333333,0.7570913333333333,True,"[0.0, 1.0]","[0.3785456717014313, 0.6214543581008911]","[42, 58]",0.0,0.0030144297052174807,0.023760082200169563
19213,699,35.0,35,,nnknn,100,4375,25552,2206,8736,2169,16816,12,12,0.756648,0.756648,True,"[0.28466328978538513, 0.7153367400169373]","[0.4475973844528198, 0.5524026155471802]","[42, 58]",0.0,0.0030144297052174807,0.023760082200169563
19255,700,42.0,42,45.527828216552734,nnknn,100,4400,25796,2216,8837,2184,16959,12,12,0.756116,0.756116,True,"[0.26221397519111633, 0.737786054611206]","[0.44200778007507324, 0.5579922199249268]","[35, 65]",0.0,0.0029676088597625494,0.02426004409790039
19284,701,29.0,29,,nnknn,100,4400,25796,2216,8837,2184,16959,12,12,0.7557486666666666,0.7557486666666666,True,"[0.0, 1.0]","[0.37787434458732605, 0.6221256256103516]","[35, 65]",0.0,0.0029676088597625494,0.02426004409790039
19322,702,38.0,38,,nnknn,100,4400,25796,2216,8837,2184,16959,12,12,0.7552673333333333,0.7552673333333333,True,"[1.0, 0.0]","[0.6223663091659546, 0.377633661031723]","[35, 65]",0.0,0.0029676088597625494,0.02426004409790039
19361,703,39.0,39,,nnknn,100,4400,25796,2216,8837,2184,16959,12,12,0.7547733333333333,0.7547733333333333,True,"[0.0, 1.0]","[0.3773866593837738, 0.6226133108139038]","[35, 65]",0.0,0.0029676088597625494,0.02426004409790039
19382,704,21.0,21,23.59909439086914,nnknn,100,4422,25987,2227,8912,2195,17075,12,12,0.7545073333333333,0.7545073333333333,True,"[1.0, 0.0]","[0.6227463483810425, 0.3772536814212799]","[39, 61]",0.0,0.0029888146091252565,0.024759965017437935
19442,705,60.0,60,,nnknn,100,4422,25987,2227,8912,2195,17075,12,12,0.7537473333333333,0.7537473333333333,True,"[0.8117375373840332, 0.18826249241828918]","[0.5767661929130554, 0.4232338070869446]","[39, 61]",0.0,0.0029888146091252565,0.024759965017437935
19466,706,24.0,24,,nnknn,100,4422,25987,2227,8912,2195,17075,12,12,0.7534433333333334,0.7534433333333334,True,"[0.0, 1.0]","[0.37672168016433716, 0.6232783198356628]","[39, 61]",0.0,0.0029888146091252565,0.024759965017437935
19561,707,95.0,95,,nnknn,100,4422,25987,2227,8912,2195,17075,12,12,0.75224,0.75224,True,"[1.0, 0.0]","[0.6238800287246704, 0.376120001077652]","[39, 61]",0.0,0.0029888146091252565,0.024759965017437935
19603,708,42.0,42,82.75611114501953,nnknn,100,4446,26358,2235,9078,2211,17280,12,12,0.751708,0.751708,True,"[0.0, 1.0]","[0.3758539855480194, 0.6241459846496582]","[39, 61]",0.0,0.003079042537137866,0.025259871035814285
19620,709,17.0,17,,nnknn,100,4446,26358,2235,9078,2211,17280,12,12,0.7514926666666667,0.7514926666666667,True,"[1.0, 0.0]","[0.6242536306381226, 0.37574633955955505]","[39, 61]",0.0,0.003079042537137866,0.025259871035814285
19639,710,19.0,19,,nnknn,100,4446,26358,2235,9078,2211,17280,12,12,0.751252,0.751252,True,"[0.0, 1.0]","[0.37562599778175354, 0.6243740320205688]","[39, 61]",0.0,0.003079042537137866,0.025259871035814285
19686,711,47.0,47,,nnknn,100,4446,26358,2235,9078,2211,17280,12,12,0.7506566666666666,0.7506566666666666,True,"[0.8966108560562134, 0.10338916629552841]","[0.5988922715187073, 0.4011077284812927]","[39, 61]",0.0,0.003079042537137866,0.025259871035814285
19756,712,70.0,70,57.54851150512695,nnknn,100,4465,26590,2245,9166,2220,17424,12,12,0.74977,0.74977,True,"[1.0, 0.0]","[0.6251150369644165, 0.3748849928379059]","[42, 58]",0.0,0.0031380874570459127,0.025759855285286903
19775,713,19.0,19,,nnknn,100,4465,26590,2245,9166,2220,17424,12,12,0.7495293333333333,0.7495293333333333,True,"[0.0, 1.0]","[0.37476468086242676, 0.6252353191375732]","[42, 58]",0.0,0.0031380874570459127,0.025759855285286903
19864,714,89.0,89,,nnknn,100,4465,26590,2245,9166,2220,17424,12,12,0.748402,0.748402,True,"[0.09918296337127686, 0.9008170366287231]","[0.39915522933006287, 0.6008447408676147]","[42, 58]",0.0,0.0031380874570459127,0.025759855285286903
19901,715,37.0,37,,nnknn,100,4465,26590,2245,9166,2220,17424,12,12,0.7479333333333333,0.7479333333333333,True,"[1.0, 0.0]","[0.6260333061218262, 0.37396666407585144]","[42, 58]",0.0,0.0031380874570459127,0.025759855285286903
19936,716,35.0,35,64.93961334228516,nnknn,100,4482,26879,2251,9286,2231,17593,12,12,0.74749,0.74749,True,"[0.0, 1.0]","[0.37374499440193176, 0.6262550354003906]","[40, 60]",0.0,0.003122467314824462,0.026259807869791985
19971,717,35.0,35,,nnknn,100,4482,26879,2251,9286,2231,17593,12,12,0.7470466666666666,0.7470466666666666,True,"[1.0, 0.0]","[0.6264766454696655, 0.3735233247280121]","[40, 60]",0.0,0.003122467314824462,0.026259807869791985
19986,718,15.0,15,,nnknn,100,4482,26879,2251,9286,2231,17593,12,12,0.7468566666666667,0.7468566666666667,True,"[1.0, 0.0]","[0.6265716552734375, 0.3734283447265625]","[40, 60]",0.0,0.003122467314824462,0.026259807869791985
20052,719,66.0,66,,nnknn,100,4482,26879,2251,9286,2231,17593,12,12,0.7460206666666667,0.7460206666666667,True,"[1.0, 0.0]","[0.6269896626472473, 0.3730103373527527]","[40, 60]",0.0,0.003122467314824462,0.026259807869791985
20067,720,15.0,15,52.955841064453125,nnknn,100,4503,27071,2256,9363,2247,17708,12,12,0.7458306666666666,0.7458306666666666,True,"[0.0, 1.0]","[0.3729153275489807, 0.6270846724510193]","[41, 59]",0.0,0.003130111377686262,0.02575981803238392
20083,721,16.0,16,,nnknn,100,4503,27071,2256,9363,2247,17708,12,12,0.745628,0.745628,True,"[0.09419874101877213, 0.9058012366294861]","[0.3967755138874054, 0.6032244563102722]","[41, 59]",0.0,0.003130111377686262,0.02575981803238392
20139,722,56.0,56,,nnknn,100,4503,27071,2256,9363,2247,17708,12,12,0.7449186666666667,0.7449186666666667,True,"[1.0, 0.0]","[0.6275407075881958, 0.3724593222141266]","[41, 59]",0.0,0.003130111377686262,0.02575981803238392
20169,723,30.0,30,,nnknn,100,4503,27071,2256,9363,2247,17708,12,12,0.7445386666666667,0.7445386666666667,True,"[1.0, 0.0]","[0.627730667591095, 0.37226933240890503]","[41, 59]",0.0,0.003130111377686262,0.02575981803238392
20189,724,20.0,20,51.922969818115234,nnknn,100,4517,27247,2259,9428,2258,17819,12,12,0.7442853333333334,0.7442853333333334,True,"[1.0, 0.0]","[0.6278573274612427, 0.3721426725387573]","[41, 59]",0.0,0.0031428677029907703,0.025259869173169136
20228,725,39.0,39,,nnknn,100,4517,27247,2259,9428,2258,17819,12,12,0.7437913333333332,0.7437913333333332,True,"[1.0, 0.0]","[0.6281043291091919, 0.3718956708908081]","[41, 59]",0.0,0.0031428677029907703,0.025259869173169136
20244,726,16.0,16,,nnknn,100,4517,27247,2259,9428,2258,17819,12,12,0.7435886666666667,0.7435886666666667,True,"[0.0, 1.0]","[0.37179434299468994, 0.6282056570053101]","[41, 59]",0.0,0.0031428677029907703,0.025259869173169136
20261,727,17.0,17,,nnknn,100,4517,27247,2259,9428,2258,17819,12,12,0.7433733333333333,0.7433733333333333,True,"[1.0, 0.0]","[0.6283133029937744, 0.3716866672039032]","[41, 59]",0.0,0.0031428677029907703,0.025259869173169136
20287,728,26.0,26,21.602792739868164,nnknn,100,4526,27380,2259,9472,2267,17908,12,12,0.743044,0.743044,True,"[0.0, 1.0]","[0.3715220093727112, 0.6284779906272888]","[41, 59]",0.0,0.003091157414019108,0.025759857147932053
20378,729,91.0,91,,nnknn,100,4526,27380,2259,9472,2267,17908,12,12,0.7418913333333333,0.7418913333333333,True,"[0.0, 1.0]","[0.37094566226005554, 0.6290543079376221]","[41, 59]",0.0,0.003091157414019108,0.025759857147932053
20411,730,33.0,33,,nnknn,100,4526,27380,2259,9472,2267,17908,12,12,0.7414733333333333,0.7414733333333333,True,"[1.0, 0.0]","[0.6292633414268494, 0.37073665857315063]","[41, 59]",0.0,0.003091157414019108,0.025759857147932053
20518,731,107.0,107,,nnknn,100,4526,27380,2259,9472,2267,17908,12,12,0.740118,0.740118,True,"[0.09305655211210251, 0.9069434404373169]","[0.3942427337169647, 0.6057572364807129]","[41, 59]",0.0,0.003091157414019108,0.025759857147932053
20578,732,60.0,60,103.64519500732422,nnknn,100,4549,27897,2266,9715,2283,18182,13,13,0.739358,0.739358,True,"[0.0, 1.0]","[0.3696790039539337, 0.6303210258483887]","[40, 60]",0.0,0.0032416500616818666,0.02625984139740467
20625,733,47.0,47,,nnknn,100,4549,27897,2266,9715,2283,18182,13,13,0.7387626666666667,0.7387626666666667,True,"[1.0, 0.0]","[0.630618691444397, 0.3693813383579254]","[40, 60]",0.0,0.0032416500616818666,0.02625984139740467
20728,734,103.0,103,,nnknn,100,4549,27897,2266,9715,2283,18182,13,13,0.737458,0.737458,True,"[0.0, 1.0]","[0.36872899532318115, 0.6312710046768188]","[40, 60]",0.0,0.0032416500616818666,0.02625984139740467
20748,735,20.0,20,,nnknn,100,4549,27897,2266,9715,2283,18182,13,13,0.7372046666666667,0.7372046666666667,True,"[1.0, 0.0]","[0.6313976645469666, 0.36860233545303345]","[40, 60]",0.0,0.0032416500616818666,0.02625984139740467
20808,736,60.0,60,84.24533081054688,nnknn,100,4569,28284,2271,9887,2298,18397,13,13,0.7364446666666666,0.7364446666666666,True,"[0.9070642590522766, 0.09293574094772339]","[0.6072839498519897, 0.39271605014801025]","[39, 61]",0.0,0.0031907917000353336,0.0267597958445549
20840,737,32.0,32,,nnknn,100,4569,28284,2271,9887,2298,18397,13,13,0.7360393333333333,0.7360393333333333,True,"[1.0, 0.0]","[0.631980299949646, 0.3680196702480316]","[39, 61]",0.0,0.0031907917000353336,0.0267597958445549
20852,738,12.0,12,,nnknn,100,4569,28284,2271,9887,2298,18397,13,13,0.7358873333333333,0.7358873333333333,True,"[1.0, 0.0]","[0.6320563554763794, 0.367943674325943]","[39, 61]",0.0,0.0031907917000353336,0.0267597958445549
20930,739,78.0,78,,nnknn,100,4569,28284,2271,9887,2298,18397,13,13,0.7348993333333333,0.7348993333333333,True,"[0.25522664189338684, 0.7447733879089355]","[0.4351104199886322, 0.5648895502090454]","[39, 61]",0.0,0.0031907917000353336,0.0267597958445549
21022,740,92.0,92,89.2816390991211,nnknn,100,4595,28635,2283,10038,2312,18597,13,13,0.733734,0.733734,True,"[0.0, 1.0]","[0.3668670058250427, 0.6331329941749573]","[38, 62]",0.0,0.0033556423150002956,0.02725977636873722
21075,741,53.0,53,,nnknn,100,4595,28635,2283,10038,2312,18597,13,13,0.7330626666666666,0.7330626666666666,True,"[1.0, 0.0]","[0.6334686279296875, 0.3665313422679901]","[38, 62]",0.0,0.0033556423150002956,0.02725977636873722
21101,742,26.0,26,,nnknn,100,4595,28635,2283,10038,2312,18597,13,13,0.7327333333333333,0.7327333333333333,True,"[0.0, 1.0]","[0.3663666546344757, 0.6336333751678467]","[38, 62]",0.0,0.0033556423150002956,0.02725977636873722
21144,743,43.0,43,,nnknn,100,4595,28635,2283,10038,2312,18597,13,13,0.7321886666666666,0.7321886666666666,True,"[1.0, 0.0]","[0.6339056491851807, 0.36609432101249695]","[38, 62]",0.0,0.0033556423150002956,0.02725977636873722
21180,744,36.0,36,44.9329719543457,nnknn,100,4608,28882,2290,10133,2318,18749,13,13,0.7317326666666666,0.7317326666666666,True,"[0.0, 1.0]","[0.3658663332462311, 0.6341336965560913]","[38, 62]",0.0,0.003327716374769807,0.02775956317782402
21224,745,44.0,44,,nnknn,100,4608,28882,2290,10133,2318,18749,13,13,0.7311753333333333,0.7311753333333333,True,"[1.0, 0.0]","[0.6344122886657715, 0.36558768153190613]","[38, 62]",0.0,0.003327716374769807,0.02775956317782402
21259,746,35.0,35,,nnknn,100,4608,28882,2290,10133,2318,18749,13,13,0.7307319999999999,0.7307319999999999,True,"[0.0, 1.0]","[0.36536601185798645, 0.6346340179443359]","[38, 62]",0.0,0.003327716374769807,0.02775956317782402
21279,747,20.0,20,,nnknn,100,4608,28882,2290,10133,2318,18749,13,13,0.7304786666666667,0.7304786666666667,True,"[0.0, 1.0]","[0.36523932218551636, 0.6347606778144836]","[38, 62]",0.0,0.003327716374769807,0.02775956317782402
21322,748,43.0,43,35.73826217651367,nnknn,100,4619,29109,2293,10226,2326,18883,13,13,0.729934,0.729934,True,"[1.0, 0.0]","[0.6350330114364624, 0.3649669885635376]","[36, 64]",0.0,0.0033236509189009666,0.0272595826536417
21344,749,22.0,22,,nnknn,100,4619,29109,2293,10226,2326,18883,13,13,0.7296553333333333,0.7296553333333333,True,"[0.0, 1.0]","[0.3648276627063751, 0.6351723670959473]","[36, 64]",0.0,0.0033236509189009666,0.0272595826536417
21358,750,14.0,14,,nnknn,100,4619,29109,2293,10226,2326,18883,13,13,0.7294780000000001,0.7294780000000001,True,"[1.0, 0.0]","[0.6352609992027283, 0.36473900079727173]","[36, 64]",0.0,0.0033236509189009666,0.0272595826536417
21377,751,19.0,19,,nnknn,100,4619,29109,2293,10226,2326,18883,13,13,0.7292373333333333,0.7292373333333333,True,"[1.0, 0.0]","[0.6353813409805298, 0.3646186590194702]","[36, 64]",0.0,0.0033236509189009666,0.0272595826536417
21419,752,42.0,42,30.264110565185547,nnknn,100,4622,29245,2296,10265,2326,18980,13,13,0.7287053333333333,0.7287053333333333,True,"[0.0, 1.0]","[0.36435267329216003, 0.6356472969055176]","[35, 65]",0.0,0.0033572139218449593,0.027759578078985214
21462,753,43.0,43,,nnknn,100,4622,29245,2296,10265,2326,18980,13,13,0.7281606666666667,0.7281606666666667,True,"[0.0, 1.0]","[0.3640803396701813, 0.6359196901321411]","[35, 65]",0.0,0.0033572139218449593,0.027759578078985214
21490,754,28.0,28,,nnknn,100,4622,29245,2296,10265,2326,18980,13,13,0.727806,0.727806,True,"[1.0, 0.0]","[0.6360970139503479, 0.3639029860496521]","[35, 65]",0.0,0.0033572139218449593,0.027759578078985214
21533,755,43.0,43,,nnknn,100,4622,29245,2296,10265,2326,18980,13,13,0.7272613333333333,0.7272613333333333,True,"[0.0, 1.0]","[0.36363065242767334, 0.6363693475723267]","[35, 65]",0.0,0.0033572139218449593,0.027759578078985214
21633,756,100.0,100,80.66181945800781,nnknn,100,4640,29608,2304,10425,2336,19183,14,14,0.7259946666666667,0.7259946666666667,True,"[0.0, 1.0]","[0.3629973232746124, 0.63700270652771]","[32, 68]",0.0,0.0032436135224997997,0.028259560465812683
21655,757,22.0,22,,nnknn,100,4640,29608,2304,10425,2336,19183,14,14,0.725716,0.725716,True,"[0.0, 1.0]","[0.36285799741744995, 0.63714200258255]","[32, 68]",0.0,0.0032436135224997997,0.028259560465812683
21707,758,52.0,52,,nnknn,100,4640,29608,2304,10425,2336,19183,14,14,0.7250573333333333,0.7250573333333333,True,"[1.0, 0.0]","[0.6374713182449341, 0.36252865195274353]","[32, 68]",0.0,0.0032436135224997997,0.028259560465812683
21723,759,16.0,16,,nnknn,100,4640,29608,2304,10425,2336,19183,14,14,0.7248546666666666,0.7248546666666666,True,"[0.10693197697401047, 0.8930680751800537]","[0.391849160194397, 0.608150839805603]","[32, 68]",0.0,0.0032436135224997997,0.028259560465812683
21764,760,41.0,41,44.75701141357422,nnknn,100,4643,29805,2305,10496,2338,19309,17,17,0.7243353333333333,0.7243353333333333,True,"[0.0, 1.0]","[0.3621676564216614, 0.6378323435783386]","[31, 69]",0.0,0.003264075145125389,0.02875950001180172
21793,761,29.0,29,,nnknn,100,4643,29805,2305,10496,2338,19309,17,17,0.723968,0.723968,True,"[1.0, 0.0]","[0.6380159854888916, 0.3619840145111084]","[31, 69]",0.0,0.003264075145125389,0.02875950001180172
21884,762,91.0,91,,nnknn,100,4643,29805,2305,10496,2338,19309,17,17,0.7228153333333334,0.7228153333333334,True,"[1.0, 0.0]","[0.6385923624038696, 0.36140766739845276]","[31, 69]",0.0,0.003264075145125389,0.02875950001180172
21933,763,49.0,49,,nnknn,100,4643,29805,2305,10496,2338,19309,17,17,0.7221946666666667,0.7221946666666667,True,"[1.0, 0.0]","[0.6389026641845703, 0.3610973358154297]","[31, 69]",0.0,0.003264075145125389,0.02875950001180172
21976,764,43.0,43,66.93905639648438,nnknn,100,4658,30165,2308,10656,2350,19509,17,17,0.72165,0.72165,True,"[1.0, 0.0]","[0.6391749978065491, 0.3608250021934509]","[33, 67]",0.0,0.003165812697261572,0.029259491711854935
22028,765,52.0,52,,nnknn,100,4658,30165,2308,10656,2350,19509,17,17,0.7209913333333333,0.7209913333333333,True,"[0.41085660457611084, 0.5891433954238892]","[0.4751282334327698, 0.5248717665672302]","[33, 67]",0.0,0.003165812697261572,0.029259491711854935
22065,766,37.0,37,,nnknn,100,4658,30165,2308,10656,2350,19509,17,17,0.7205226666666666,0.7205226666666666,True,"[0.0, 1.0]","[0.36026132106781006, 0.6397386789321899]","[33, 67]",0.0,0.003165812697261572,0.029259491711854935
22138,767,73.0,73,,nnknn,100,4658,30165,2308,10656,2350,19509,17,17,0.719598,0.719598,True,"[1.0, 0.0]","[0.6402009725570679, 0.35979899764060974]","[33, 67]",0.0,0.003165812697261572,0.029259491711854935
22172,768,34.0,34,62.47998809814453,nnknn,100,4682,30476,2317,10788,2365,19688,19,19,0.7191673333333333,0.7191673333333333,True,"[1.0, 0.0]","[0.6404163241386414, 0.35958367586135864]","[34, 66]",0.0,0.003115904051810503,0.029759477823972702
22241,769,69.0,69,,nnknn,100,4682,30476,2317,10788,2365,19688,19,19,0.7182933333333333,0.7182933333333333,True,"[0.0, 1.0]","[0.3591466546058655, 0.6408533453941345]","[34, 66]",0.0,0.003115904051810503,0.029759477823972702
22290,770,49.0,49,,nnknn,100,4682,30476,2317,10788,2365,19688,19,19,0.7176726666666666,0.7176726666666666,True,"[0.0, 1.0]","[0.3588363230228424, 0.64116370677948]","[34, 66]",0.0,0.003115904051810503,0.029759477823972702
22331,771,41.0,41,,nnknn,100,4682,30476,2317,10788,2365,19688,19,19,0.7171533333333333,0.7171533333333333,True,"[0.0, 1.0]","[0.3585766553878784, 0.6414233446121216]","[34, 66]",0.0,0.003115904051810503,0.029759477823972702
22458,772,127.0,127,85.3153305053711,nnknn,100,4706,30968,2325,11014,2381,19954,21,23,0.7155446666666667,0.7155446666666667,True,"[0.9055856466293335, 0.0944143682718277]","[0.6153709888458252, 0.3846289813518524]","[36, 64]",0.0,0.003134185913950205,0.03025945834815502
22479,773,21.0,21,,nnknn,100,4706,30968,2325,11014,2381,19954,21,23,0.7152786666666666,0.7152786666666666,True,"[0.0, 1.0]","[0.357639342546463, 0.6423606872558594]","[36, 64]",0.0,0.003134185913950205,0.03025945834815502
22505,774,26.0,26,,nnknn,100,4706,30968,2325,11014,2381,19954,21,23,0.7149493333333333,0.7149493333333333,True,"[1.0, 0.0]","[0.642525315284729, 0.3574746549129486]","[36, 64]",0.0,0.003134185913950205,0.03025945834815502
22516,775,11.0,11,,nnknn,100,4706,30968,2325,11014,2381,19954,21,23,0.71481,0.71481,True,"[1.0, 0.0]","[0.6425949931144714, 0.35740500688552856]","[36, 64]",0.0,0.003134185913950205,0.03025945834815502
22541,776,25.0,25,30.18911361694336,nnknn,100,4714,31066,2331,11032,2383,20034,22,24,0.7144933333333333,0.7144933333333333,True,"[1.0, 0.0]","[0.6427533626556396, 0.35724666714668274]","[34, 66]",0.0,0.0031678720843046904,0.029759464785456657
22578,777,37.0,37,,nnknn,100,4714,31066,2331,11032,2383,20034,22,24,0.7140246666666666,0.7140246666666666,True,"[0.7167376279830933, 0.28326237201690674]","[0.5619816184043884, 0.4380183815956116]","[34, 66]",0.0,0.0031678720843046904,0.029759464785456657
22637,778,59.0,59,,nnknn,100,4714,31066,2331,11032,2383,20034,22,24,0.7132773333333333,0.7132773333333333,True,"[0.22436727583408356, 0.7756327390670776]","[0.4209698438644409, 0.5790301561355591]","[34, 66]",0.0,0.0031678720843046904,0.029759464785456657
22658,779,21.0,21,,nnknn,100,4714,31066,2331,11032,2383,20034,22,24,0.7130113333333333,0.7130113333333333,True,"[0.0, 1.0]","[0.3565056622028351, 0.6434943675994873]","[34, 66]",0.0,0.0031678720843046904,0.029759464785456657
22721,780,63.0,63,53.0265007019043,nnknn,100,4731,31366,2340,11161,2391,20205,23,25,0.7122133333333334,0.7122133333333334,True,"[0.6167889833450317, 0.38321107625961304]","[0.5336103439331055, 0.4663897156715393]","[35, 65]",0.0,0.003126947209239006,0.030259426683187485
22736,781,15.0,15,,nnknn,100,4731,31366,2340,11161,2391,20205,23,25,0.7120233333333333,0.7120233333333333,True,"[1.0, 0.0]","[0.6439883708953857, 0.35601165890693665]","[35, 65]",0.0,0.003126947209239006,0.030259426683187485
22809,782,73.0,73,,nnknn,100,4731,31366,2340,11161,2391,20205,23,25,0.7110986666666667,0.7110986666666667,True,"[0.12481857091188431, 0.8751814365386963]","[0.3916095793247223, 0.6083904504776001]","[35, 65]",0.0,0.003126947209239006,0.030259426683187485
22877,783,68.0,68,,nnknn,100,4731,31366,2340,11161,2391,20205,23,25,0.7102373333333334,0.7102373333333334,True,"[1.0, 0.0]","[0.6448813676834106, 0.35511866211891174]","[35, 65]",0.0,0.003126947209239006,0.030259426683187485
22929,784,52.0,52,74.53339385986328,nnknn,100,4749,31713,2350,11308,2399,20405,23,25,0.7095786666666667,0.7095786666666667,True,"[1.0, 0.0]","[0.6452106237411499, 0.3547893464565277]","[36, 64]",0.0,0.003207854926586151,0.0307594183832407
22964,785,35.0,35,,nnknn,100,4749,31713,2350,11308,2399,20405,23,25,0.7091353333333333,0.7091353333333333,True,"[1.0, 0.0]","[0.6454323530197144, 0.35456767678260803]","[36, 64]",0.0,0.003207854926586151,0.0307594183832407
23005,786,41.0,41,,nnknn,100,4749,31713,2350,11308,2399,20405,23,25,0.708616,0.708616,True,"[0.0, 1.0]","[0.35430800914764404, 0.645691990852356]","[36, 64]",0.0,0.003207854926586151,0.0307594183832407
23075,787,70.0,70,,nnknn,100,4749,31713,2350,11308,2399,20405,23,25,0.7077293333333333,0.7077293333333333,True,"[0.0, 1.0]","[0.3538646697998047, 0.6461353302001953]","[36, 64]",0.0,0.003207854926586151,0.0307594183832407
23092,788,17.0,17,53.01179504394531,nnknn,100,4758,31966,2356,11401,2402,20565,23,25,0.707514,0.707514,True,"[1.0, 0.0]","[0.6462429761886597, 0.35375699400901794]","[35, 65]",0.0,0.0032816901803016663,0.03125939890742302
23110,789,18.0,18,,nnknn,100,4758,31966,2356,11401,2402,20565,23,25,0.707286,0.707286,True,"[0.09562360495328903, 0.9043763875961304]","[0.38163337111473083, 0.6183665990829468]","[35, 65]",0.0,0.0032816901803016663,0.03125939890742302
23150,790,40.0,40,,nnknn,100,4758,31966,2356,11401,2402,20565,23,25,0.7067793333333333,0.7067793333333333,True,"[1.0, 0.0]","[0.6466103196144104, 0.3533896803855896]","[35, 65]",0.0,0.0032816901803016663,0.03125939890742302
23160,791,10.0,10,,nnknn,100,4758,31966,2356,11401,2402,20565,23,25,0.7066526666666666,0.7066526666666666,True,"[0.0, 1.0]","[0.35332632064819336, 0.6466736793518066]","[35, 65]",0.0,0.0032816901803016663,0.03125939890742302
23196,792,36.0,36,34.92039108276367,nnknn,100,4774,32104,2362,11445,2412,20659,23,25,0.7061966666666666,0.7061966666666666,True,"[1.0, 0.0]","[0.6469016671180725, 0.3530983328819275]","[37, 63]",0.0,0.0032584003638476133,0.03075944259762764
23252,793,56.0,56,,nnknn,100,4774,32104,2362,11445,2412,20659,23,25,0.7054873333333334,0.7054873333333334,True,"[0.0, 1.0]","[0.35274365544319153, 0.6472563743591309]","[37, 63]",0.0,0.0032584003638476133,0.03075944259762764
23273,794,21.0,21,,nnknn,100,4774,32104,2362,11445,2412,20659,23,25,0.7052213333333333,0.7052213333333333,True,"[1.0, 0.0]","[0.64738929271698, 0.35261067748069763]","[37, 63]",0.0,0.0032584003638476133,0.03075944259762764
23305,795,32.0,32,,nnknn,100,4774,32104,2362,11445,2412,20659,23,25,0.704816,0.704816,True,"[0.0, 1.0]","[0.3524079918861389, 0.6475920081138611]","[37, 63]",0.0,0.0032584003638476133,0.03075944259762764
23327,796,22.0,22,38.34493637084961,nnknn,100,4778,32298,2365,11512,2413,20786,25,28,0.7045373333333333,0.7045373333333333,True,"[0.0, 1.0]","[0.35226866602897644, 0.6477313041687012]","[34, 66]",0.0,0.0032561221159994602,0.031259410083293915
23355,797,28.0,28,,nnknn,100,4778,32298,2365,11512,2413,20786,25,28,0.7041826666666666,0.7041826666666666,True,"[1.0, 0.0]","[0.6479086875915527, 0.35209134221076965]","[34, 66]",0.0,0.0032561221159994602,0.031259410083293915
23375,798,20.0,20,,nnknn,100,4778,32298,2365,11512,2413,20786,25,28,0.7039293333333334,0.7039293333333334,True,"[1.0, 0.0]","[0.6480353474617004, 0.35196465253829956]","[34, 66]",0.0,0.0032561221159994602,0.031259410083293915
23403,799,28.0,28,,nnknn,100,4778,32298,2365,11512,2413,20786,25,28,0.7035746666666667,0.7035746666666667,True,"[0.0, 1.0]","[0.3517873287200928, 0.6482126712799072]","[34, 66]",0.0,0.0032561221159994602,0.031259410083293915
23427,800,24.0,24,33.527313232421875,nnknn,100,4791,32426,2372,11546,2419,20880,25,28,0.7032706666666666,0.7032706666666666,True,"[1.0, 0.0]","[0.6483646631240845, 0.3516353368759155]","[35, 65]",0.0,0.0032221816945821047,0.03175940364599228
23437,801,10.0,10,,nnknn,100,4791,32426,2372,11546,2419,20880,25,28,0.703144,0.703144,True,"[0.0, 1.0]","[0.3515720069408417, 0.6484279632568359]","[35, 65]",0.0,0.0032221816945821047,0.03175940364599228
23453,802,16.0,16,,nnknn,100,4791,32426,2372,11546,2419,20880,25,28,0.7029413333333333,0.7029413333333333,True,"[1.0, 0.0]","[0.6485292911529541, 0.3514706790447235]","[35, 65]",0.0,0.0032221816945821047,0.03175940364599228
23568,803,115.0,115,,nnknn,100,4791,32426,2372,11546,2419,20880,25,28,0.7014846666666666,0.7014846666666666,True,"[1.0, 0.0]","[0.6492576599121094, 0.3507423400878906]","[35, 65]",0.0,0.0032221816945821047,0.03175940364599228
23641,804,73.0,73,104.6860580444336,nnknn,100,4813,32783,2385,11698,2428,21085,25,28,0.7005600000000001,0.7005600000000001,True,"[0.0, 1.0]","[0.3502799868583679, 0.6497200131416321]","[36, 64]",0.0,0.0032097632065415382,0.03125941380858421
23671,805,30.0,30,,nnknn,100,4813,32783,2385,11698,2428,21085,25,28,0.70018,0.70018,True,"[1.0, 0.0]","[0.6499099731445312, 0.35008999705314636]","[36, 64]",0.0,0.0032097632065415382,0.03125941380858421
23748,806,77.0,77,,nnknn,100,4813,32783,2385,11698,2428,21085,25,28,0.6992046666666667,0.6992046666666667,True,"[0.0, 1.0]","[0.3496023416519165, 0.6503976583480835]","[36, 64]",0.0,0.0032097632065415382,0.03125941380858421
23773,807,25.0,25,,nnknn,100,4813,32783,2385,11698,2428,21085,25,28,0.698888,0.698888,True,"[0.0, 1.0]","[0.3494440019130707, 0.6505559682846069]","[36, 64]",0.0,0.0032097632065415382,0.03125941380858421
23817,808,44.0,44,44.36162567138672,nnknn,100,4829,33067,2393,11814,2436,21253,25,28,0.6983306666666667,0.6983306666666667,True,"[0.0, 1.0]","[0.34916532039642334, 0.6508346796035767]","[34, 66]",0.0,0.003235089825466275,0.030759423971176147
23870,809,53.0,53,,nnknn,100,4829,33067,2393,11814,2436,21253,25,28,0.6976593333333334,0.6976593333333334,True,"[1.0, 0.0]","[0.6511703729629517, 0.3488296568393707]","[34, 66]",0.0,0.003235089825466275,0.030759423971176147
23929,810,59.0,59,,nnknn,100,4829,33067,2393,11814,2436,21253,25,28,0.696912,0.696912,True,"[1.0, 0.0]","[0.6515439748764038, 0.3484559953212738]","[34, 66]",0.0,0.003235089825466275,0.030759423971176147
23991,811,62.0,62,,nnknn,100,4829,33067,2393,11814,2436,21253,25,28,0.6961266666666667,0.6961266666666667,True,"[0.8992793560028076, 0.10072065144777298]","[0.6213303804397583, 0.3786696493625641]","[34, 66]",0.0,0.003235089825466275,0.030759423971176147
24028,812,37.0,37,58.99351119995117,nnknn,100,4839,33419,2400,11960,2439,21459,27,30,0.695658,0.695658,True,"[1.0, 0.0]","[0.6521710157394409, 0.34782901406288147]","[38, 62]",0.0,0.0032093855552375317,0.03125942125916481
24062,813,34.0,34,,nnknn,100,4839,33419,2400,11960,2439,21459,27,30,0.6952273333333333,0.6952273333333333,True,"[1.0, 0.0]","[0.6523863077163696, 0.347613662481308]","[38, 62]",0.0,0.0032093855552375317,0.03125942125916481
24089,814,27.0,27,,nnknn,100,4839,33419,2400,11960,2439,21459,27,30,0.6948853333333334,0.6948853333333334,True,"[0.0, 1.0]","[0.3474426567554474, 0.652557373046875]","[38, 62]",0.0,0.0032093855552375317,0.03125942125916481
24114,815,25.0,25,,nnknn,100,4839,33419,2400,11960,2439,21459,27,30,0.6945686666666666,0.6945686666666666,True,"[0.907763659954071, 0.09223632514476776]","[0.6245437860488892, 0.37545621395111084]","[38, 62]",0.0,0.0032093855552375317,0.03125942125916481
24162,816,48.0,48,35.114540100097656,nnknn,100,4853,33618,2407,12032,2446,21586,27,30,0.6939606666666667,0.6939606666666667,True,"[1.0, 0.0]","[0.6530196666717529, 0.34698033332824707]","[41, 59]",0.0,0.0031819152645766735,0.031759411096572876
24225,817,63.0,63,,nnknn,100,4853,33618,2407,12032,2446,21586,27,30,0.6931626666666666,0.6931626666666666,True,"[1.0, 0.0]","[0.6534186601638794, 0.3465813398361206]","[41, 59]",0.0,0.0031819152645766735,0.031759411096572876
24240,818,15.0,15,,nnknn,100,4853,33618,2407,12032,2446,21586,27,30,0.6929726666666667,0.6929726666666667,True,"[1.0, 0.0]","[0.6535136699676514, 0.34648633003234863]","[41, 59]",0.0,0.0031819152645766735,0.031759411096572876
24289,819,49.0,49,,nnknn,100,4853,33618,2407,12032,2446,21586,27,30,0.6923520000000001,0.6923520000000001,True,"[1.0, 0.0]","[0.653823971748352, 0.34617599844932556]","[41, 59]",0.0,0.0031819152645766735,0.031759411096572876
24328,820,39.0,39,51.57382583618164,nnknn,100,4868,33876,2419,12128,2449,21748,28,31,0.691858,0.691858,True,"[0.0, 1.0]","[0.34592899680137634, 0.6540709733963013]","[48, 52]",0.0,0.0032029589638113976,0.03125949949026108
24351,821,23.0,23,,nnknn,100,4868,33876,2419,12128,2449,21748,28,31,0.6915666666666667,0.6915666666666667,True,"[1.0, 0.0]","[0.6542166471481323, 0.3457833230495453]","[48, 52]",0.0,0.0032029589638113976,0.03125949949026108
24402,822,51.0,51,,nnknn,100,4868,33876,2419,12128,2449,21748,28,31,0.6909206666666667,0.6909206666666667,True,"[0.9215468168258667, 0.07845316082239151]","[0.6302914023399353, 0.3697085678577423]","[48, 52]",0.0,0.0032029589638113976,0.03125949949026108
24430,823,28.0,28,,nnknn,100,4868,33876,2419,12128,2449,21748,28,31,0.690566,0.690566,True,"[0.0, 1.0]","[0.34528300166130066, 0.654716968536377]","[48, 52]",0.0,0.0032029589638113976,0.03125949949026108
24472,824,42.0,42,33.367759704589844,nnknn,100,5024,33958,2430,12210,2594,21748,29,32,0.690034,0.690034,True,"[0.0, 1.0]","[0.3450169861316681, 0.6549830436706543]","[48, 52]",0.0,0.003291910281404853,0.03175948187708855
24520,825,48.0,48,,nnknn,100,5024,33958,2430,12210,2594,21748,29,32,0.689426,0.689426,True,"[0.0, 1.0]","[0.3447130024433136, 0.6552870273590088]","[48, 52]",0.0,0.003291910281404853,0.03175948187708855
24551,826,31.0,31,,nnknn,100,5024,33958,2430,12210,2594,21748,29,32,0.6890333333333334,0.6890333333333334,True,"[0.2444530874490738, 0.7555469274520874]","[0.4205334186553955, 0.5794665813446045]","[48, 52]",0.0,0.003291910281404853,0.03175948187708855
24603,827,52.0,52,,nnknn,100,5024,33958,2430,12210,2594,21748,29,32,0.6883746666666667,0.6883746666666667,True,"[1.0, 0.0]","[0.655812680721283, 0.34418731927871704]","[48, 52]",0.0,0.003291910281404853,0.03175948187708855
24655,828,52.0,52,40.71128845214844,nnknn,100,5043,34252,2445,12330,2598,21922,30,35,0.687716,0.687716,True,"[1.0, 0.0]","[0.656141996383667, 0.343858003616333]","[52, 48]",0.0,0.003435262246057391,0.03125971555709839
24678,829,23.0,23,,nnknn,100,5043,34252,2445,12330,2598,21922,30,35,0.6874246666666667,0.6874246666666667,True,"[1.0, 0.0]","[0.656287670135498, 0.34371232986450195]","[52, 48]",0.0,0.003435262246057391,0.03125971555709839
24709,830,31.0,31,,nnknn,100,5043,34252,2445,12330,2598,21922,30,35,0.687032,0.687032,True,"[0.0, 1.0]","[0.3435159921646118, 0.6564840078353882]","[52, 48]",0.0,0.003435262246057391,0.03125971555709839
24749,831,40.0,40,,nnknn,100,5043,34252,2445,12330,2598,21922,30,35,0.6865253333333333,0.6865253333333333,True,"[0.8913805484771729, 0.10861950367689133]","[0.6226878762245178, 0.3773121237754822]","[52, 48]",0.0,0.003435262246057391,0.03125971555709839
24822,832,73.0,73,49.393882751464844,nnknn,100,5057,34511,2454,12427,2603,22084,30,35,0.6856006666666666,0.6856006666666666,True,"[0.0, 1.0]","[0.3428003191947937, 0.6571996808052063]","[52, 48]",0.0,0.0035017707850784063,0.03175969421863556
24913,833,91.0,91,,nnknn,100,5057,34511,2454,12427,2603,22084,30,35,0.684448,0.684448,True,"[1.0, 0.0]","[0.6577759981155396, 0.34222400188446045]","[52, 48]",0.0,0.0035017707850784063,0.03175969421863556
24946,834,33.0,33,,nnknn,100,5057,34511,2454,12427,2603,22084,30,35,0.6840299999999999,0.6840299999999999,True,"[0.3366454839706421, 0.6633545160293579]","[0.4483848810195923, 0.5516151189804077]","[52, 48]",0.0,0.0035017707850784063,0.03175969421863556
24980,835,34.0,34,,nnknn,100,5057,34511,2454,12427,2603,22084,30,35,0.6835993333333333,0.6835993333333333,True,"[1.0, 0.0]","[0.6582003235816956, 0.34179967641830444]","[52, 48]",0.0,0.0035017707850784063,0.03175969421863556
25083,836,103.0,103,85.12621307373047,nnknn,100,5077,34956,2463,12622,2614,22334,30,35,0.6822946666666667,0.6822946666666667,True,"[0.4064434766769409, 0.5935565233230591]","[0.4702765941619873, 0.5297234058380127]","[51, 49]",0.0,0.00353836826980114,0.03125971183180809
25100,837,17.0,17,,nnknn,100,5077,34956,2463,12622,2614,22334,30,35,0.6820793333333333,0.6820793333333333,True,"[0.0, 1.0]","[0.34103965759277344, 0.6589603424072266]","[51, 49]",0.0,0.00353836826980114,0.03125971183180809
25113,838,13.0,13,,nnknn,100,5077,34956,2463,12622,2614,22334,30,35,0.6819146666666667,0.6819146666666667,True,"[1.0, 0.0]","[0.6590426564216614, 0.3409573435783386]","[51, 49]",0.0,0.00353836826980114,0.03125971183180809
25132,839,19.0,19,,nnknn,100,5077,34956,2463,12622,2614,22334,30,35,0.681674,0.681674,True,"[0.0, 1.0]","[0.3408370018005371, 0.6591629981994629]","[51, 49]",0.0,0.00353836826980114,0.03125971183180809
25200,840,68.0,68,54.281890869140625,nnknn,100,5090,35124,2476,12676,2614,22448,32,38,0.6808126666666667,0.6808126666666667,True,"[1.0, 0.0]","[0.6595937013626099, 0.3404063284397125]","[51, 49]",0.0,0.0035234084352850914,0.03175964578986168
25253,841,53.0,53,,nnknn,100,5090,35124,2476,12676,2614,22448,32,38,0.6801413333333333,0.6801413333333333,True,"[0.19300414621829987, 0.8069958686828613]","[0.40180471539497375, 0.5981953144073486]","[51, 49]",0.0,0.0035234084352850914,0.03175964578986168
25267,842,14.0,14,,nnknn,100,5090,35124,2476,12676,2614,22448,32,38,0.679964,0.679964,True,"[0.148476243019104, 0.8515238165855408]","[0.38749974966049194, 0.6125003099441528]","[51, 49]",0.0,0.0035234084352850914,0.03175964578986168
25341,843,74.0,74,,nnknn,100,5090,35124,2476,12676,2614,22448,32,38,0.6790266666666667,0.6790266666666667,True,"[1.0, 0.0]","[0.6604866981506348, 0.3395133316516876]","[51, 49]",0.0,0.0035234084352850914,0.03175964578986168
25377,844,36.0,36,62.927947998046875,nnknn,100,5107,35407,2487,12788,2620,22619,32,38,0.6785706666666667,0.6785706666666667,True,"[1.0, 0.0]","[0.6607146263122559, 0.33928534388542175]","[55, 45]",0.0,0.0035520950332283974,0.03125965967774391
25481,845,104.0,104,,nnknn,100,5107,35407,2487,12788,2620,22619,32,38,0.6772533333333333,0.6772533333333333,True,"[1.0, 0.0]","[0.6613733768463135, 0.3386266529560089]","[55, 45]",0.0,0.0035520950332283974,0.03125965967774391
25546,846,65.0,65,,nnknn,100,5107,35407,2487,12788,2620,22619,32,38,0.67643,0.67643,True,"[0.9184885025024414, 0.08151153475046158]","[0.6354103088378906, 0.3645896911621094]","[55, 45]",0.0,0.0035520950332283974,0.03125965967774391
25572,847,26.0,26,,nnknn,100,5107,35407,2487,12788,2620,22619,32,38,0.6761006666666667,0.6761006666666667,True,"[0.0, 1.0]","[0.33805033564567566, 0.661949634552002]","[55, 45]",0.0,0.0035520950332283974,0.03125965967774391
25589,848,17.0,17,88.46407318115234,nnknn,100,5119,35761,2495,12937,2624,22824,34,41,0.6758853333333333,0.6758853333333333,True,"[0.16495603322982788, 0.8350440263748169]","[0.3914073407649994, 0.608592689037323]","[56, 44]",0.0,0.003576133865863085,0.030759695917367935
25613,849,24.0,24,,nnknn,100,5119,35761,2495,12937,2624,22824,34,41,0.6755813333333334,0.6755813333333334,True,"[0.0, 1.0]","[0.33779066801071167, 0.6622093319892883]","[56, 44]",0.0,0.003576133865863085,0.030759695917367935
25682,850,69.0,69,,nnknn,100,5119,35761,2495,12937,2624,22824,34,41,0.6747073333333333,0.6747073333333333,True,"[0.0, 1.0]","[0.3373536765575409, 0.6626462936401367]","[56, 44]",0.0,0.003576133865863085,0.030759695917367935
25727,851,45.0,45,,nnknn,100,5119,35761,2495,12937,2624,22824,34,41,0.6741373333333334,0.6741373333333334,True,"[1.0, 0.0]","[0.6629313230514526, 0.33706867694854736]","[56, 44]",0.0,0.003576133865863085,0.030759695917367935
25781,852,54.0,54,76.72859191894531,nnknn,100,5130,36083,2499,13074,2631,23009,34,41,0.6734533333333333,0.6734533333333333,True,"[1.0, 0.0]","[0.6632733345031738, 0.33672666549682617]","[58, 42]",0.0,0.003548929002135992,0.0312596820294857
25814,853,33.0,33,,nnknn,100,5130,36083,2499,13074,2631,23009,34,41,0.6730353333333333,0.6730353333333333,True,"[1.0, 0.0]","[0.6634823083877563, 0.33651766180992126]","[58, 42]",0.0,0.003548929002135992,0.0312596820294857
25933,854,119.0,119,,nnknn,100,5130,36083,2499,13074,2631,23009,34,41,0.671528,0.671528,True,"[0.0, 1.0]","[0.33576399087905884, 0.6642360091209412]","[58, 42]",0.0,0.003548929002135992,0.0312596820294857
25981,855,48.0,48,,nnknn,100,5130,36083,2499,13074,2631,23009,34,41,0.67092,0.67092,True,"[0.0, 1.0]","[0.33546000719070435, 0.6645399928092957]","[58, 42]",0.0,0.003548929002135992,0.0312596820294857
26034,856,53.0,53,91.59066772460938,nnknn,100,5148,36503,2507,13253,2641,23250,36,43,0.6702486666666667,0.6702486666666667,True,"[0.0, 1.0]","[0.33512434363365173, 0.6648756265640259]","[60, 40]",0.0,0.003568067913874984,0.03075980395078659
26052,857,18.0,18,,nnknn,100,5148,36503,2507,13253,2641,23250,36,43,0.6700206666666666,0.6700206666666666,True,"[1.0, 0.0]","[0.664989709854126, 0.3350103199481964]","[60, 40]",0.0,0.003568067913874984,0.03075980395078659
26092,858,40.0,40,,nnknn,100,5148,36503,2507,13253,2641,23250,36,43,0.6695139999999999,0.6695139999999999,True,"[1.0, 0.0]","[0.6652430295944214, 0.334757000207901]","[60, 40]",0.0,0.003568067913874984,0.03075980395078659
26109,859,17.0,17,,nnknn,100,5148,36503,2507,13253,2641,23250,36,43,0.6692986666666667,0.6692986666666667,True,"[1.0, 0.0]","[0.6653506755828857, 0.33464932441711426]","[60, 40]",0.0,0.003568067913874984,0.03075980395078659
26189,860,80.0,80,65.06930541992188,nnknn,100,5171,36739,2516,13348,2655,23391,36,43,0.6682853333333334,0.6682853333333334,True,"[0.205937460064888, 0.7940625548362732]","[0.4024551510810852, 0.5975449085235596]","[63, 37]",0.0,0.0037194371689110994,0.031259793788194656
26232,861,43.0,43,,nnknn,100,5171,36739,2516,13348,2655,23391,36,43,0.6677406666666666,0.6677406666666666,True,"[0.0, 1.0]","[0.3338703215122223, 0.6661297082901001]","[63, 37]",0.0,0.0037194371689110994,0.031259793788194656
26328,862,96.0,96,,nnknn,100,5171,36739,2516,13348,2655,23391,36,43,0.6665246666666667,0.6665246666666667,True,"[0.0, 1.0]","[0.3332623243331909, 0.6667376756668091]","[63, 37]",0.0,0.0037194371689110994,0.031259793788194656
26353,863,25.0,25,,nnknn,100,5171,36739,2516,13348,2655,23391,36,43,0.666208,0.666208,True,"[0.0, 1.0]","[0.3331040143966675, 0.6668959856033325]","[63, 37]",0.0,0.0037194371689110994,0.031259793788194656
26388,864,35.0,35,61.48430252075195,nnknn,100,5189,37069,2525,13488,2664,23581,36,43,0.6657646666666667,0.6657646666666667,True,"[0.23768965899944305, 0.7623103857040405]","[0.4123266339302063, 0.5876734256744385]","[61, 39]",0.0,0.0038412660360336304,0.03075990080833435
26406,865,18.0,18,,nnknn,100,5189,37069,2525,13488,2664,23581,36,43,0.6655366666666667,0.6655366666666667,True,"[0.0, 1.0]","[0.3327683210372925, 0.6672316789627075]","[61, 39]",0.0,0.0038412660360336304,0.03075990080833435
26431,866,25.0,25,,nnknn,100,5189,37069,2525,13488,2664,23581,36,43,0.6652199999999999,0.6652199999999999,True,"[1.0, 0.0]","[0.667389988899231, 0.33261001110076904]","[61, 39]",0.0,0.0038412660360336304,0.03075990080833435
26455,867,24.0,24,,nnknn,100,5189,37069,2525,13488,2664,23581,36,43,0.6649160000000001,0.6649160000000001,True,"[0.0, 1.0]","[0.3324579894542694, 0.6675419807434082]","[61, 39]",0.0,0.0038412660360336304,0.03075990080833435
26464,868,9.0,9,31.119739532470703,nnknn,100,5199,37151,2530,13501,2669,23650,38,45,0.664802,0.664802,True,"[0.0, 1.0]","[0.33240100741386414, 0.6675989627838135]","[59, 41]",0.0,0.003859499003738165,0.03125989809632301
26501,869,37.0,37,,nnknn,100,5199,37151,2530,13501,2669,23650,38,45,0.6643333333333333,0.6643333333333333,True,"[0.10839571058750153, 0.8916043043136597]","[0.36855149269104004, 0.63144850730896]","[59, 41]",0.0,0.003859499003738165,0.03125989809632301
26536,870,35.0,35,,nnknn,100,5199,37151,2530,13501,2669,23650,38,45,0.66389,0.66389,True,"[1.0, 0.0]","[0.66805499792099, 0.33194500207901]","[59, 41]",0.0,0.003859499003738165,0.03125989809632301
26608,871,72.0,72,,nnknn,100,5199,37151,2530,13501,2669,23650,38,45,0.6629780000000001,0.6629780000000001,True,"[0.10403722524642944, 0.8959627747535706]","[0.36655181646347046, 0.6334481835365295]","[59, 41]",0.0,0.003859499003738165,0.03125989809632301
26756,872,148.0,148,95.0593032836914,nnknn,97,5460,37429,2780,13501,2680,23928,42,48,0.6611033333333334,0.6611033333333334,True,"[1.0, 0.0]","[0.6694483757019043, 0.3305516541004181]","[57, 40]",0.0,0.004044957458972931,0.03175986185669899
26798,873,42.0,42,,nnknn,97,5460,37429,2780,13501,2680,23928,42,48,0.6605713333333334,0.6605713333333334,True,"[1.0, 0.0]","[0.6697143316268921, 0.3302856683731079]","[57, 40]",0.0,0.004044957458972931,0.03175986185669899
26866,874,68.0,68,,nnknn,97,5460,37429,2780,13501,2680,23928,42,48,0.65971,0.65971,True,"[0.0, 1.0]","[0.3298549950122833, 0.6701450347900391]","[57, 40]",0.0,0.004044957458972931,0.03175986185669899
26924,875,58.0,58,,nnknn,97,5460,37429,2780,13501,2680,23928,42,48,0.6589753333333334,0.6589753333333334,True,"[1.0, 0.0]","[0.670512318611145, 0.329487681388855]","[57, 40]",0.0,0.004044957458972931,0.03175986185669899
26947,876,23.0,23,56.99171829223633,nnknn,100,5464,37749,2782,13632,2682,24117,42,48,0.658684,0.658684,True,"[1.0, 0.0]","[0.6706579923629761, 0.3293420076370239]","[58, 42]",0.0,0.0039005607832223177,0.031259894371032715
27032,877,85.0,85,,nnknn,100,5464,37749,2782,13632,2682,24117,42,48,0.6576073333333333,0.6576073333333333,True,"[0.0, 1.0]","[0.3288036584854126, 0.6711963415145874]","[58, 42]",0.0,0.0039005607832223177,0.031259894371032715
27111,878,79.0,79,,nnknn,100,5464,37749,2782,13632,2682,24117,42,48,0.6566066666666667,0.6566066666666667,True,"[0.0, 1.0]","[0.32830333709716797, 0.671696662902832]","[58, 42]",0.0,0.0039005607832223177,0.031259894371032715
27129,879,18.0,18,,nnknn,100,5464,37749,2782,13632,2682,24117,42,48,0.6563786666666667,0.6563786666666667,True,"[0.0, 1.0]","[0.32818934321403503, 0.6718106269836426]","[58, 42]",0.0,0.0039005607832223177,0.031259894371032715
27185,880,56.0,56,80.85281372070312,nnknn,100,5483,38152,2788,13813,2695,24339,45,51,0.6556693333333333,0.6556693333333333,True,"[0.8045037388801575, 0.19549627602100372]","[0.6048499345779419, 0.3951500356197357]","[57, 43]",0.0,0.003898560767993331,0.031759750097990036
27209,881,24.0,24,,nnknn,100,5483,38152,2788,13813,2695,24339,45,51,0.6553653333333334,0.6553653333333334,True,"[0.0, 1.0]","[0.3276826739311218, 0.6723173260688782]","[57, 43]",0.0,0.003898560767993331,0.031759750097990036
27311,882,102.0,102,,nnknn,100,5483,38152,2788,13813,2695,24339,45,51,0.6540733333333333,0.6540733333333333,True,"[1.0, 0.0]","[0.6729633212089539, 0.32703667879104614]","[57, 43]",0.0,0.003898560767993331,0.031759750097990036
27354,883,43.0,43,,nnknn,100,5483,38152,2788,13813,2695,24339,45,51,0.6535286666666666,0.6535286666666666,True,"[0.0, 1.0]","[0.3267643451690674, 0.6732356548309326]","[57, 43]",0.0,0.003898560767993331,0.031759750097990036
27398,884,44.0,44,66.0265121459961,nnknn,100,5499,38499,2792,13960,2707,24539,46,52,0.6529713333333333,0.6529713333333333,True,"[1.0, 0.0]","[0.6735143661499023, 0.32648566365242004]","[57, 43]",0.0,0.003960825502872467,0.0322597362101078
27429,885,31.0,31,,nnknn,100,5499,38499,2792,13960,2707,24539,46,52,0.6525786666666666,0.6525786666666666,True,"[0.9087245464324951, 0.09127550572156906]","[0.6419996023178101, 0.35800039768218994]","[57, 43]",0.0,0.003960825502872467,0.0322597362101078
27443,886,14.0,14,,nnknn,100,5499,38499,2792,13960,2707,24539,46,52,0.6524013333333334,0.6524013333333334,True,"[1.0, 0.0]","[0.6737993359565735, 0.3262006640434265]","[57, 43]",0.0,0.003960825502872467,0.0322597362101078
27519,887,76.0,76,,nnknn,100,5499,38499,2792,13960,2707,24539,46,52,0.6514386666666667,0.6514386666666667,True,"[0.8892826437950134, 0.11071737110614777]","[0.6356889009475708, 0.3643111288547516]","[57, 43]",0.0,0.003960825502872467,0.0322597362101078
27544,888,25.0,25,48.873382568359375,nnknn,100,5519,38718,2802,14045,2717,24673,47,54,0.651122,0.651122,True,"[1.0, 0.0]","[0.674439013004303, 0.325560986995697]","[58, 42]",0.0,0.00389203242957592,0.03175976872444153
27572,889,28.0,28,,nnknn,100,5519,38718,2802,14045,2717,24673,47,54,0.6507673333333333,0.6507673333333333,True,"[1.0, 0.0]","[0.6746163368225098, 0.32538366317749023]","[58, 42]",0.0,0.00389203242957592,0.03175976872444153
27648,890,76.0,76,,nnknn,100,5519,38718,2802,14045,2717,24673,47,54,0.6498046666666666,0.6498046666666666,True,"[0.0, 1.0]","[0.32490232586860657, 0.6750977039337158]","[58, 42]",0.0,0.00389203242957592,0.03175976872444153
27658,891,10.0,10,,nnknn,100,5519,38718,2802,14045,2717,24673,47,54,0.649678,0.649678,True,"[0.0, 1.0]","[0.3248389959335327, 0.6751610040664673]","[58, 42]",0.0,0.00389203242957592,0.03175976872444153
27697,892,39.0,39,57.04351806640625,nnknn,100,5539,38956,2812,14140,2727,24816,47,54,0.649184,0.649184,True,"[0.0, 1.0]","[0.3245919942855835, 0.6754080057144165]","[55, 45]",0.0,0.00393774313852191,0.03125978261232376
27748,893,51.0,51,,nnknn,100,5539,38956,2812,14140,2727,24816,47,54,0.6485380000000001,0.6485380000000001,True,"[0.09408003091812134, 0.9059199690818787]","[0.35733455419540405, 0.642665445804596]","[55, 45]",0.0,0.00393774313852191,0.03125978261232376
27762,894,14.0,14,,nnknn,100,5539,38956,2812,14140,2727,24816,47,54,0.6483606666666666,0.6483606666666666,True,"[0.08579415082931519, 0.9142058491706848]","[0.35434892773628235, 0.64565110206604]","[55, 45]",0.0,0.00393774313852191,0.03125978261232376
27787,895,25.0,25,,nnknn,100,5539,38956,2812,14140,2727,24816,47,54,0.6480440000000001,0.6480440000000001,True,"[1.0, 0.0]","[0.6759780049324036, 0.32402199506759644]","[55, 45]",0.0,0.00393774313852191,0.03125978261232376
27799,896,12.0,12,36.77616882324219,nnknn,100,5553,39096,2819,14185,2734,24911,47,54,0.647892,0.647892,True,"[0.08606233447790146, 0.9139376878738403]","[0.3542492389678955, 0.6457507610321045]","[54, 46]",0.0,0.004045838490128517,0.031759776175022125
27861,897,62.0,62,,nnknn,100,5553,39096,2819,14185,2734,24911,47,54,0.6471066666666667,0.6471066666666667,True,"[0.0, 1.0]","[0.32355332374572754, 0.6764466762542725]","[54, 46]",0.0,0.004045838490128517,0.031759776175022125
27952,898,91.0,91,,nnknn,100,5553,39096,2819,14185,2734,24911,47,54,0.6459539999999999,0.6459539999999999,True,"[1.0, 0.0]","[0.6770229935646057, 0.3229770064353943]","[54, 46]",0.0,0.004045838490128517,0.031759776175022125
27973,899,21.0,21,,nnknn,100,5553,39096,2819,14185,2734,24911,47,54,0.645688,0.645688,True,"[0.0, 1.0]","[0.322843998670578, 0.6771559715270996]","[54, 46]",0.0,0.004045838490128517,0.031759776175022125
27986,900,13.0,13,74.05023193359375,nnknn,100,5567,39410,2825,14322,2742,25088,49,56,0.6455233333333333,0.6455233333333333,True,"[0.8152466416358948, 0.18475334346294403]","[0.6117476224899292, 0.3882524073123932]","[53, 47]",0.0,0.0040471856482326984,0.03125978633761406
28064,901,78.0,78,,nnknn,100,5567,39410,2825,14322,2742,25088,49,56,0.6445353333333333,0.6445353333333333,True,"[0.893276572227478, 0.10672347247600555]","[0.6397958993911743, 0.3602041006088257]","[53, 47]",0.0,0.0040471856482326984,0.03125978633761406
28078,902,14.0,14,,nnknn,100,5567,39410,2825,14322,2742,25088,49,56,0.644358,0.644358,True,"[0.9041240811347961, 0.09587591886520386]","[0.6437234878540039, 0.3562764823436737]","[53, 47]",0.0,0.0040471856482326984,0.03125978633761406
28156,903,78.0,78,,nnknn,100,5567,39410,2825,14322,2742,25088,49,56,0.64337,0.64337,True,"[0.0, 1.0]","[0.32168498635292053, 0.6783150434494019]","[53, 47]",0.0,0.0040471856482326984,0.03125978633761406
28188,904,32.0,32,72.5639877319336,nnknn,100,5586,39749,2832,14471,2754,25278,49,56,0.6429646666666666,0.6429646666666666,True,"[0.9023275375366211, 0.0976724922657013]","[0.643645167350769, 0.35635486245155334]","[55, 45]",0.0,0.00420769676566124,0.031759586185216904
28209,905,21.0,21,,nnknn,100,5586,39749,2832,14471,2754,25278,49,56,0.6426986666666666,0.6426986666666666,True,"[1.0, 0.0]","[0.6786506772041321, 0.3213493227958679]","[55, 45]",0.0,0.00420769676566124,0.031759586185216904
28236,906,27.0,27,,nnknn,100,5586,39749,2832,14471,2754,25278,49,56,0.6423566666666667,0.6423566666666667,True,"[1.0, 0.0]","[0.6788216829299927, 0.3211783468723297]","[55, 45]",0.0,0.00420769676566124,0.031759586185216904
28273,907,37.0,37,,nnknn,100,5586,39749,2832,14471,2754,25278,49,56,0.641888,0.641888,True,"[1.0, 0.0]","[0.6790559887886047, 0.32094401121139526]","[55, 45]",0.0,0.00420769676566124,0.031759586185216904
28339,908,66.0,66,47.040985107421875,nnknn,100,5603,39976,2839,14559,2764,25417,50,58,0.641052,0.641052,True,"[1.0, 0.0]","[0.6794739961624146, 0.32052600383758545]","[58, 42]",0.0,0.0042569576762616634,0.032259564846754074
28417,909,78.0,78,,nnknn,100,5603,39976,2839,14559,2764,25417,50,58,0.640064,0.640064,True,"[1.0, 0.0]","[0.679967999458313, 0.320032000541687]","[58, 42]",0.0,0.0042569576762616634,0.032259564846754074
28507,910,90.0,90,,nnknn,100,5603,39976,2839,14559,2764,25417,50,58,0.638924,0.638924,True,"[1.0, 0.0]","[0.6805379986763, 0.31946200132369995]","[58, 42]",0.0,0.0042569576762616634,0.032259564846754074
28540,911,33.0,33,,nnknn,100,5603,39976,2839,14559,2764,25417,50,58,0.638506,0.638506,True,"[1.0, 0.0]","[0.6807470321655273, 0.31925299763679504]","[58, 42]",0.0,0.0042569576762616634,0.032259564846754074
28559,912,19.0,19,73.67648315429688,nnknn,100,5626,40355,2845,14735,2781,25620,50,58,0.6382653333333334,0.6382653333333334,True,"[1.0, 0.0]","[0.6808673143386841, 0.31913265585899353]","[62, 38]",0.0,0.0042831008322536945,0.03275955468416214
28593,913,34.0,34,,nnknn,100,5626,40355,2845,14735,2781,25620,50,58,0.6378346666666667,0.6378346666666667,True,"[1.0, 0.0]","[0.6810826659202576, 0.31891733407974243]","[62, 38]",0.0,0.0042831008322536945,0.03275955468416214
28646,914,53.0,53,,nnknn,100,5626,40355,2845,14735,2781,25620,50,58,0.6371633333333333,0.6371633333333333,True,"[1.0, 0.0]","[0.6814182996749878, 0.3185816705226898]","[62, 38]",0.0,0.0042831008322536945,0.03275955468416214
28665,915,19.0,19,,nnknn,100,5626,40355,2845,14735,2781,25620,50,58,0.6369226666666666,0.6369226666666666,True,"[0.0, 1.0]","[0.3184613287448883, 0.6815387010574341]","[62, 38]",0.0,0.0042831008322536945,0.03275955468416214
28707,916,42.0,42,45.07691192626953,nnknn,100,5644,40574,2851,14821,2793,25753,51,61,0.6363906666666667,0.6363906666666667,True,"[0.0, 1.0]","[0.3181953430175781, 0.6818046569824219]","[61, 39]",0.0,0.004375959746539593,0.03325897082686424
28764,917,57.0,57,,nnknn,100,5644,40574,2851,14821,2793,25753,51,61,0.6356686666666667,0.6356686666666667,True,"[1.0, 0.0]","[0.6821656227111816, 0.31783434748649597]","[61, 39]",0.0,0.004375959746539593,0.03325897082686424
28805,918,41.0,41,,nnknn,100,5644,40574,2851,14821,2793,25753,51,61,0.6351493333333333,0.6351493333333333,True,"[1.0, 0.0]","[0.682425320148468, 0.317574679851532]","[61, 39]",0.0,0.004375959746539593,0.03325897082686424
28866,919,61.0,61,,nnknn,100,5644,40574,2851,14821,2793,25753,51,61,0.6343766666666666,0.6343766666666666,True,"[1.0, 0.0]","[0.6828116774559021, 0.3171883225440979]","[61, 39]",0.0,0.004375959746539593,0.03325897082686424
28973,920,107.0,107,83.39435577392578,nnknn,100,5663,41033,2854,15034,2809,25999,53,65,0.6330213333333333,0.6330213333333333,True,"[1.0, 0.0]","[0.6834893226623535, 0.3165106773376465]","[61, 39]",0.0,0.004446667619049549,0.033758554607629776
29022,921,49.0,49,,nnknn,100,5663,41033,2854,15034,2809,25999,53,65,0.6324006666666666,0.6324006666666666,True,"[0.0, 1.0]","[0.3162003457546234, 0.6837996244430542]","[61, 39]",0.0,0.004446667619049549,0.033758554607629776
29075,922,53.0,53,,nnknn,100,5663,41033,2854,15034,2809,25999,53,65,0.6317293333333334,0.6317293333333334,True,"[0.0, 1.0]","[0.3158646523952484, 0.6841353178024292]","[61, 39]",0.0,0.004446667619049549,0.033758554607629776
29094,923,19.0,19,,nnknn,100,5663,41033,2854,15034,2809,25999,53,65,0.6314886666666666,0.6314886666666666,True,"[1.0, 0.0]","[0.6842556595802307, 0.3157443404197693]","[61, 39]",0.0,0.004446667619049549,0.033758554607629776
29173,924,79.0,79,65.35655212402344,nnknn,100,5680,41359,2859,15176,2821,26183,57,69,0.6304879999999999,0.6304879999999999,True,"[0.7907840013504028, 0.20921601355075836]","[0.6074482202529907, 0.39255183935165405]","[62, 38]",0.0,0.0044290777295827866,0.03425850719213486
29195,925,22.0,22,,nnknn,100,5680,41359,2859,15176,2821,26183,57,69,0.6302093333333334,0.6302093333333334,True,"[0.0, 1.0]","[0.3151046633720398, 0.6848953366279602]","[62, 38]",0.0,0.0044290777295827866,0.03425850719213486
29215,926,20.0,20,,nnknn,100,5680,41359,2859,15176,2821,26183,57,69,0.629956,0.629956,True,"[1.0, 0.0]","[0.6850219964981079, 0.3149780035018921]","[62, 38]",0.0,0.0044290777295827866,0.03425850719213486
29225,927,10.0,10,,nnknn,100,5680,41359,2859,15176,2821,26183,57,69,0.6298293333333334,0.6298293333333334,True,"[1.0, 0.0]","[0.6850852966308594, 0.31491467356681824]","[62, 38]",0.0,0.0044290777295827866,0.03425850719213486
29386,928,161.0,161,113.97589111328125,nnknn,100,5699,41710,2866,15333,2833,26377,60,76,0.6277900000000001,0.6277900000000001,True,"[0.726341962814331, 0.27365806698799133]","[0.5842467546463013, 0.41575324535369873]","[63, 37]",0.0,0.004465802107006311,0.03475849702954292
29409,929,23.0,23,,nnknn,100,5699,41710,2866,15333,2833,26377,60,76,0.6274986666666666,0.6274986666666666,True,"[0.0, 1.0]","[0.3137493431568146, 0.6862506866455078]","[63, 37]",0.0,0.004465802107006311,0.03475849702954292
29434,930,25.0,25,,nnknn,100,5699,41710,2866,15333,2833,26377,60,76,0.627182,0.627182,True,"[0.0, 1.0]","[0.31359100341796875, 0.6864089965820312]","[63, 37]",0.0,0.004465802107006311,0.03475849702954292
29449,931,15.0,15,,nnknn,100,5699,41710,2866,15333,2833,26377,60,76,0.626992,0.626992,True,"[0.0, 1.0]","[0.3134959936141968, 0.6865040063858032]","[63, 37]",0.0,0.004465802107006311,0.03475849702954292
29541,932,92.0,92,77.4263687133789,nnknn,100,5704,41952,2869,15422,2835,26530,60,76,0.6258266666666666,0.6258266666666666,True,"[1.0, 0.0]","[0.6870867013931274, 0.31291332840919495]","[65, 35]",0.0,0.0043506924994289875,0.03425850346684456
29600,933,59.0,59,,nnknn,100,5704,41952,2869,15422,2835,26530,60,76,0.6250793333333333,0.6250793333333333,True,"[1.0, 0.0]","[0.6874603033065796, 0.312539666891098]","[65, 35]",0.0,0.0043506924994289875,0.03425850346684456
29629,934,29.0,29,,nnknn,100,5704,41952,2869,15422,2835,26530,60,76,0.6247119999999999,0.6247119999999999,True,"[0.0, 1.0]","[0.31235599517822266, 0.6876440048217773]","[65, 35]",0.0,0.0043506924994289875,0.03425850346684456
29697,935,68.0,68,,nnknn,100,5704,41952,2869,15422,2835,26530,60,76,0.6238506666666667,0.6238506666666667,True,"[0.09323068708181381, 0.906769335269928]","[0.34699398279190063, 0.6530060172080994]","[65, 35]",0.0,0.0043506924994289875,0.03425850346684456
29791,936,94.0,94,74.36846160888672,nnknn,100,5721,42376,2876,15611,2845,26765,62,81,0.62266,0.62266,True,"[0.0, 1.0]","[0.31132999062538147, 0.6886700391769409]","[66, 34]",0.0,0.0043609412387013435,0.034705597907304764
29835,937,44.0,44,,nnknn,100,5721,42376,2876,15611,2845,26765,62,81,0.6221026666666667,0.6221026666666667,True,"[0.183360293507576, 0.8166397213935852]","[0.3803426921367645, 0.6196572780609131]","[66, 34]",0.0,0.0043609412387013435,0.034705597907304764
29887,938,52.0,52,,nnknn,100,5721,42376,2876,15611,2845,26765,62,81,0.621444,0.621444,True,"[0.18494603037834167, 0.8150539994239807]","[0.3807344436645508, 0.6192655563354492]","[66, 34]",0.0,0.0043609412387013435,0.034705597907304764
30081,939,194.0,194,,nnknn,100,5721,42376,2876,15611,2845,26765,62,81,0.6189866666666667,0.6189866666666667,True,"[0.0, 1.0]","[0.3094933331012726, 0.6905066967010498]","[66, 34]",0.0,0.0043609412387013435,0.034705597907304764
30108,940,27.0,27,94.22623443603516,nnknn,100,5743,42917,2884,15860,2859,27057,68,92,0.6186446666666667,0.6186446666666667,True,"[0.0, 1.0]","[0.309322327375412, 0.6906776428222656]","[60, 40]",0.0,0.004363332875072956,0.034205611795186996
30139,941,31.0,31,,nnknn,100,5743,42917,2884,15860,2859,27057,68,92,0.618252,0.618252,True,"[0.0, 1.0]","[0.30912598967552185, 0.6908739805221558]","[60, 40]",0.0,0.004363332875072956,0.034205611795186996
30180,942,41.0,41,,nnknn,100,5743,42917,2884,15860,2859,27057,68,92,0.6177326666666667,0.6177326666666667,True,"[0.12292861193418503, 0.8770713806152344]","[0.3558579087257385, 0.6441420912742615]","[60, 40]",0.0,0.004363332875072956,0.034205611795186996
30246,943,66.0,66,,nnknn,100,5743,42917,2884,15860,2859,27057,68,92,0.6168966666666666,0.6168966666666666,True,"[0.0, 1.0]","[0.30844834446907043, 0.691551685333252]","[60, 40]",0.0,0.004363332875072956,0.034205611795186996
30276,944,30.0,30,43.268184661865234,nnknn,100,5756,43183,2889,15971,2867,27212,72,97,0.6165166666666666,0.6165166666666666,True,"[0.0, 1.0]","[0.3082583248615265, 0.6917417049407959]","[56, 44]",0.0,0.004417389631271362,0.03370564430952072
30406,945,130.0,130,,nnknn,100,5756,43183,2889,15971,2867,27212,72,97,0.61487,0.61487,True,"[1.0, 0.0]","[0.6925649642944336, 0.307435005903244]","[56, 44]",0.0,0.004417389631271362,0.03370564430952072
30529,946,123.0,123,,nnknn,100,5756,43183,2889,15971,2867,27212,72,97,0.613312,0.613312,True,"[0.7098842859268188, 0.29011574387550354]","[0.5811597108840942, 0.41884028911590576]","[56, 44]",0.0,0.004417389631271362,0.03370564430952072
30594,947,65.0,65,,nnknn,100,5756,43183,2889,15971,2867,27212,72,97,0.6124886666666667,0.6124886666666667,True,"[1.0, 0.0]","[0.6937556266784668, 0.3062443435192108]","[56, 44]",0.0,0.004417389631271362,0.03370564430952072
30640,948,46.0,46,95.55201721191406,nnknn,100,5778,43847,2895,16291,2883,27556,76,101,0.6119060000000001,0.6119060000000001,True,"[0.0, 1.0]","[0.3059529960155487, 0.6940469741821289]","[58, 42]",0.0,0.0043562063947319984,0.033205755054950714
30755,949,115.0,115,,nnknn,100,5778,43847,2895,16291,2883,27556,76,101,0.6104493333333334,0.6104493333333334,True,"[0.0, 1.0]","[0.3052246570587158, 0.6947753429412842]","[58, 42]",0.0,0.0043562063947319984,0.033205755054950714
30908,950,153.0,153,,nnknn,100,5778,43847,2895,16291,2883,27556,76,101,0.6085113333333334,0.6085113333333334,True,"[0.4774042069911957, 0.5225957632064819]","[0.4911540150642395, 0.5088459849357605]","[58, 42]",0.0,0.0043562063947319984,0.033205755054950714
30947,951,39.0,39,,nnknn,100,5778,43847,2895,16291,2883,27556,76,101,0.6080173333333334,0.6080173333333334,True,"[1.0, 0.0]","[0.6959913372993469, 0.3040086627006531]","[58, 42]",0.0,0.0043562063947319984,0.033205755054950714
31045,952,98.0,98,95.27052307128906,nnknn,95,6167,44224,3265,16291,2902,27933,80,110,0.606776,0.606776,True,"[1.0, 0.0]","[0.6966120004653931, 0.30338799953460693]","[55, 40]",3.0442606657743454e-08,0.0047434912994503975,0.0337056964635849
31119,953,74.0,74,,nnknn,95,6167,44224,3265,16291,2902,27933,80,110,0.6058386666666666,0.6058386666666666,True,"[0.0, 1.0]","[0.30291932821273804, 0.697080671787262]","[55, 40]",3.0442606657743454e-08,0.0047434912994503975,0.0337056964635849
31138,954,19.0,19,,nnknn,95,6167,44224,3265,16291,2902,27933,80,110,0.605598,0.605598,True,"[0.0, 1.0]","[0.3027989864349365, 0.6972010135650635]","[55, 40]",3.0442606657743454e-08,0.0047434912994503975,0.0337056964635849
31337,955,199.0,199,,nnknn,95,6167,44224,3265,16291,2902,27933,80,110,0.6030773333333334,0.6030773333333334,True,"[1.0, 0.0]","[0.6984612941741943, 0.3015386760234833]","[55, 40]",3.0442606657743454e-08,0.0047434912994503975,0.0337056964635849
31360,956,23.0,23,112.52264404296875,nnknn,100,6186,44775,3269,16544,2917,28231,81,112,0.602786,0.602786,True,"[0.0, 1.0]","[0.3013930022716522, 0.6986069679260254]","[57, 43]",0.0,0.004442593082785606,0.03320574760437012
31458,957,98.0,98,,nnknn,100,6186,44775,3269,16544,2917,28231,81,112,0.6015446666666666,0.6015446666666666,True,"[0.09505053609609604, 0.9049494862556458]","[0.33864572644233704, 0.6613543033599854]","[57, 43]",0.0,0.004442593082785606,0.03320574760437012
31467,958,9.0,9,,nnknn,100,6186,44775,3269,16544,2917,28231,81,112,0.6014306666666667,0.6014306666666667,True,"[1.0, 0.0]","[0.6992846727371216, 0.3007153272628784]","[57, 43]",0.0,0.004442593082785606,0.03320574760437012
31606,959,139.0,139,,nnknn,100,6186,44775,3269,16544,2917,28231,81,112,0.5996699999999999,0.5996699999999999,True,"[0.4123244881629944, 0.5876755118370056]","[0.4649008512496948, 0.5350991487503052]","[57, 43]",0.0,0.004442593082785606,0.03320574760437012
31738,960,132.0,132,104.52783203125,nnknn,100,6208,45459,3277,16869,2931,28590,83,117,0.597998,0.597998,True,"[0.0, 1.0]","[0.29899901151657104, 0.701000988483429]","[53, 47]",0.0,0.004544505849480629,0.03270575404167175
31781,961,43.0,43,,nnknn,100,6208,45459,3277,16869,2931,28590,83,117,0.5974533333333334,0.5974533333333334,True,"[1.0, 0.0]","[0.7012733221054077, 0.2987266778945923]","[53, 47]",0.0,0.004544505849480629,0.03270575404167175
31837,962,56.0,56,,nnknn,100,6208,45459,3277,16869,2931,28590,83,117,0.5967439999999999,0.5967439999999999,True,"[1.0, 0.0]","[0.7016279697418213, 0.2983720004558563]","[53, 47]",0.0,0.004544505849480629,0.03270575404167175
31987,963,150.0,150,,nnknn,100,6208,45459,3277,16869,2931,28590,83,117,0.5948439999999999,0.5948439999999999,True,"[0.8991178274154663, 0.10088218748569489]","[0.6617050170898438, 0.33829501271247864]","[53, 47]",0.0,0.004544505849480629,0.03270575404167175
32071,964,84.0,84,87.98687744140625,nnknn,100,6228,46033,3286,17129,2942,28904,85,125,0.59378,0.59378,True,"[0.9072500467300415, 0.0927499532699585]","[0.6654331088066101, 0.3345668911933899]","[55, 45]",0.0,0.004698653239756823,0.03320574760437012
32123,965,52.0,52,,nnknn,100,6228,46033,3286,17129,2942,28904,85,125,0.5931213333333334,0.5931213333333334,True,"[1.0, 0.0]","[0.7034393548965454, 0.296560674905777]","[55, 45]",0.0,0.004698653239756823,0.03320574760437012
32233,966,110.0,110,,nnknn,100,6228,46033,3286,17129,2942,28904,85,125,0.591728,0.591728,True,"[0.0, 1.0]","[0.2958639860153198, 0.7041360139846802]","[55, 45]",0.0,0.004698653239756823,0.03320574760437012
32372,967,139.0,139,,nnknn,100,6228,46033,3286,17129,2942,28904,85,125,0.5899673333333333,0.5899673333333333,True,"[1.0, 0.0]","[0.7050163745880127, 0.2949836552143097]","[55, 45]",0.0,0.004698653239756823,0.03320574760437012
32496,968,124.0,124,96.58233642578125,nnknn,100,6254,46797,3294,17488,2960,29309,88,127,0.5883966666666667,0.5883966666666667,True,"[1.0, 0.0]","[0.7058016657829285, 0.29419833421707153]","[54, 46]",0.0,0.0047479053027927876,0.033705733716487885
32563,969,67.0,67,,nnknn,100,6254,46797,3294,17488,2960,29309,88,127,0.587548,0.587548,True,"[1.0, 0.0]","[0.7062259912490845, 0.2937740087509155]","[54, 46]",0.0,0.0047479053027927876,0.033705733716487885
32669,970,106.0,106,,nnknn,100,6254,46797,3294,17488,2960,29309,88,127,0.5862053333333334,0.5862053333333334,True,"[0.09455288201570511, 0.9054471254348755]","[0.3322281241416931, 0.6677718758583069]","[54, 46]",0.0,0.0047479053027927876,0.033705733716487885
32726,971,57.0,57,,nnknn,100,6254,46797,3294,17488,2960,29309,88,127,0.5854833333333334,0.5854833333333334,True,"[0.0, 1.0]","[0.29274165630340576, 0.7072583436965942]","[54, 46]",0.0,0.0047479053027927876,0.033705733716487885
32755,972,29.0,29,74.42506408691406,nnknn,100,6273,47244,3305,17685,2968,29559,89,128,0.585116,0.585116,True,"[1.0, 0.0]","[0.7074419856071472, 0.2925580143928528]","[57, 43]",0.0,0.004795631859451532,0.03420571610331535
32782,973,27.0,27,,nnknn,100,6273,47244,3305,17685,2968,29559,89,128,0.584774,0.584774,True,"[0.0, 1.0]","[0.2923870086669922, 0.7076129913330078]","[57, 43]",0.0,0.004795631859451532,0.03420571610331535
32825,974,43.0,43,,nnknn,100,6273,47244,3305,17685,2968,29559,89,128,0.5842293333333333,0.5842293333333333,True,"[0.0, 1.0]","[0.2921146750450134, 0.7078853249549866]","[57, 43]",0.0,0.004795631859451532,0.03420571610331535
32897,975,72.0,72,,nnknn,100,6273,47244,3305,17685,2968,29559,89,128,0.5833173333333334,0.5833173333333334,True,"[1.0, 0.0]","[0.7083413600921631, 0.2916586697101593]","[57, 43]",0.0,0.004795631859451532,0.03420571610331535
32975,976,78.0,78,52.007808685302734,nnknn,100,6294,47595,3315,17837,2979,29758,93,138,0.5823293333333333,0.5823293333333333,True,"[0.0, 1.0]","[0.29116466641426086, 0.7088353633880615]","[56, 44]",0.0,0.004851612728089094,0.03470570221543312
33002,977,27.0,27,,nnknn,100,6294,47595,3315,17837,2979,29758,93,138,0.5819873333333334,0.5819873333333334,True,"[0.0, 1.0]","[0.29099366068840027, 0.7090063095092773]","[56, 44]",0.0,0.004851612728089094,0.03470570221543312
33043,978,41.0,41,,nnknn,100,6294,47595,3315,17837,2979,29758,93,138,0.581468,0.581468,True,"[0.0, 1.0]","[0.2907339930534363, 0.7092660069465637]","[56, 44]",0.0,0.004851612728089094,0.03470570221543312
33066,979,23.0,23,,nnknn,100,6294,47595,3315,17837,2979,29758,93,138,0.5811766666666667,0.5811766666666667,True,"[0.0, 1.0]","[0.2905883193016052, 0.7094116806983948]","[56, 44]",0.0,0.004851612728089094,0.03470570221543312
33154,980,88.0,88,51.44467544555664,nnknn,100,6313,47867,3323,17952,2990,29915,97,149,0.5800620000000001,0.5800620000000001,True,"[1.0, 0.0]","[0.7099690437316895, 0.29003098607063293]","[54, 46]",0.0,0.004851910285651684,0.03520562872290611
33205,981,51.0,51,,nnknn,100,6313,47867,3323,17952,2990,29915,97,149,0.5794159999999999,0.5794159999999999,True,"[0.0, 1.0]","[0.2897079885005951, 0.7102919816970825]","[54, 46]",0.0,0.004851910285651684,0.03520562872290611
33283,982,78.0,78,,nnknn,100,6313,47867,3323,17952,2990,29915,97,149,0.5784279999999999,0.5784279999999999,True,"[0.8481957912445068, 0.15180425345897675]","[0.6467896103858948, 0.3532104194164276]","[54, 46]",0.0,0.004851910285651684,0.03520562872290611
33362,983,79.0,79,,nnknn,100,6313,47867,3323,17952,2990,29915,97,149,0.5774273333333333,0.5774273333333333,True,"[0.0, 1.0]","[0.288713663816452, 0.7112863063812256]","[54, 46]",0.0,0.004851910285651684,0.03520562872290611
33521,984,159.0,159,90.563720703125,nnknn,100,6338,48534,3334,18269,3004,30265,99,152,0.5754133333333333,0.5754133333333333,True,"[0.6876022219657898, 0.3123977780342102]","[0.5796533823013306, 0.42034661769866943]","[51, 49]",0.0,0.00483345752581954,0.03470577299594879
33603,985,82.0,82,,nnknn,100,6338,48534,3334,18269,3004,30265,99,152,0.5743746666666667,0.5743746666666667,True,"[1.0, 0.0]","[0.7128126621246338, 0.2871873378753662]","[51, 49]",0.0,0.00483345752581954,0.03470577299594879
33702,986,99.0,99,,nnknn,100,6338,48534,3334,18269,3004,30265,99,152,0.5731206666666666,0.5731206666666666,True,"[0.0, 1.0]","[0.2865603268146515, 0.7134397029876709]","[51, 49]",0.0,0.00483345752581954,0.03470577299594879
33758,987,56.0,56,,nnknn,100,6338,48534,3334,18269,3004,30265,99,152,0.5724113333333334,0.5724113333333334,True,"[1.0, 0.0]","[0.7137943506240845, 0.2862056791782379]","[51, 49]",0.0,0.00483345752581954,0.03470577299594879
33891,988,133.0,133,68.54590606689453,nnknn,100,6360,49202,3349,18581,3011,30621,103,159,0.5707266666666666,0.5707266666666666,True,"[0.0, 1.0]","[0.2853633463382721, 0.7146366834640503]","[49, 51]",0.0,0.004914156626909971,0.03420787677168846
33921,989,30.0,30,,nnknn,100,6360,49202,3349,18581,3011,30621,103,159,0.5703466666666667,0.5703466666666667,True,"[0.0, 1.0]","[0.28517332673072815, 0.7148267030715942]","[49, 51]",0.0,0.004914156626909971,0.03420787677168846
33969,990,48.0,48,,nnknn,100,6360,49202,3349,18581,3011,30621,103,159,0.5697386666666666,0.5697386666666666,True,"[0.28826290369033813, 0.7117371559143066]","[0.40889772772789, 0.5911023020744324]","[49, 51]",0.0,0.004914156626909971,0.03420787677168846
34040,991,71.0,71,,nnknn,100,6360,49202,3349,18581,3011,30621,103,159,0.5688393333333333,0.5688393333333333,True,"[0.3267211318016052, 0.6732788681983948]","[0.42528897523880005, 0.5747110247612]","[49, 51]",0.0,0.004914156626909971,0.03420787677168846
34143,992,103.0,103,60.7219123840332,nnknn,100,6378,49625,3357,18773,3021,30852,107,170,0.5675346666666667,0.5675346666666667,True,"[1.0, 0.0]","[0.7162326574325562, 0.28376734256744385]","[49, 51]",0.0,0.005101680755615234,0.03470786660909653
34180,993,37.0,37,,nnknn,100,6378,49625,3357,18773,3021,30852,107,170,0.5670660000000001,0.5670660000000001,True,"[1.0, 0.0]","[0.716467022895813, 0.2835330069065094]","[49, 51]",0.0,0.005101680755615234,0.03470786660909653
34291,994,111.0,111,,nnknn,100,6378,49625,3357,18773,3021,30852,107,170,0.56566,0.56566,True,"[0.0, 1.0]","[0.28282999992370605, 0.717170000076294]","[49, 51]",0.0,0.005101680755615234,0.03470786660909653
34364,995,73.0,73,,nnknn,100,6378,49625,3357,18773,3021,30852,107,170,0.5647353333333334,0.5647353333333334,True,"[1.0, 0.0]","[0.7176322937011719, 0.28236767649650574]","[49, 51]",0.0,0.005101680755615234,0.03470786660909653
34376,996,12.0,12,71.71238708496094,nnknn,100,6391,50023,3361,18953,3030,31070,110,176,0.5645833333333333,0.5645833333333333,True,"[0.0, 1.0]","[0.2822916805744171, 0.7177083492279053]","[49, 51]",0.0,0.005080493167042732,0.03520771861076355
34515,997,139.0,139,,nnknn,100,6391,50023,3361,18953,3030,31070,110,176,0.5628226666666667,0.5628226666666667,True,"[0.09182325005531311, 0.9081767201423645]","[0.32155436277389526, 0.67844557762146]","[49, 51]",0.0,0.005080493167042732,0.03520771861076355
34621,998,106.0,106,,nnknn,100,6391,50023,3361,18953,3030,31070,110,176,0.56148,0.56148,True,"[1.0, 0.0]","[0.7192599773406982, 0.28073999285697937]","[49, 51]",0.0,0.005080493167042732,0.03520771861076355
34655,999,34.0,34,,nnknn,100,6391,50023,3361,18953,3030,31070,110,176,0.5610493333333333,0.5610493333333333,True,"[0.0, 1.0]","[0.28052467107772827, 0.7194753289222717]","[49, 51]",0.0,0.005080493167042732,0.03520771861076355
34677,1000,22.0,22,98.78965759277344,nnknn,100,6411,50529,3366,19187,3045,31342,116,190,0.5607706666666666,0.5607706666666666,True,"[0.0, 1.0]","[0.2803853452205658, 0.7196146249771118]","[47, 53]",0.0,0.0050386846996843815,0.035707712173461914
34737,1001,60.0,60,,nnknn,100,6411,50529,3366,19187,3045,31342,116,190,0.5600106666666667,0.5600106666666667,True,"[1.0, 0.0]","[0.7199946641921997, 0.2800053358078003]","[47, 53]",0.0,0.0050386846996843815,0.035707712173461914
34778,1002,41.0,41,,nnknn,100,6411,50529,3366,19187,3045,31342,116,190,0.5594913333333333,0.5594913333333333,True,"[1.0, 0.0]","[0.7202543020248413, 0.2797456681728363]","[47, 53]",0.0,0.0050386846996843815,0.035707712173461914
34839,1003,61.0,61,,nnknn,100,6411,50529,3366,19187,3045,31342,116,190,0.5587186666666666,0.5587186666666666,True,"[1.0, 0.0]","[0.7206406593322754, 0.2793593406677246]","[47, 53]",0.0,0.0050386846996843815,0.035707712173461914
34898,1004,59.0,59,53.36909866333008,nnknn,100,6429,50895,3374,19346,3055,31549,119,194,0.5579713333333334,0.5579713333333334,True,"[1.0, 0.0]","[0.7210143208503723, 0.2789856791496277]","[53, 47]",0.0,0.005019888747483492,0.03520774096250534
34964,1005,66.0,66,,nnknn,100,6429,50895,3374,19346,3055,31549,119,194,0.5571353333333333,0.5571353333333333,True,"[0.0, 1.0]","[0.27856767177581787, 0.7214323282241821]","[53, 47]",0.0,0.005019888747483492,0.03520774096250534
34984,1006,20.0,20,,nnknn,100,6429,50895,3374,19346,3055,31549,119,194,0.556882,0.556882,True,"[1.0, 0.0]","[0.7215589880943298, 0.27844101190567017]","[53, 47]",0.0,0.005019888747483492,0.03520774096250534
35027,1007,43.0,43,,nnknn,100,6429,50895,3374,19346,3055,31549,119,194,0.5563373333333334,0.5563373333333334,True,"[0.0, 1.0]","[0.2781686782836914, 0.7218313217163086]","[53, 47]",0.0,0.005019888747483492,0.03520774096250534
35085,1008,58.0,58,45.72728729248047,nnknn,100,6439,51185,3379,19465,3060,31720,123,205,0.5556026666666667,0.5556026666666667,True,"[0.0, 1.0]","[0.2778013348579407, 0.7221986651420593]","[53, 47]",0.0,0.0049268342554569244,0.03570772707462311
35199,1009,114.0,114,,nnknn,100,6439,51185,3379,19465,3060,31720,123,205,0.5541586666666667,0.5541586666666667,True,"[0.6507753729820251, 0.34922465682029724]","[0.5672218799591064, 0.43277812004089355]","[53, 47]",0.0,0.0049268342554569244,0.03570772707462311
35271,1010,72.0,72,,nnknn,100,6439,51185,3379,19465,3060,31720,123,205,0.5532466666666667,0.5532466666666667,True,"[1.0, 0.0]","[0.7233766317367554, 0.27662333846092224]","[53, 47]",0.0,0.0049268342554569244,0.03570772707462311
35336,1011,65.0,65,,nnknn,100,6439,51185,3379,19465,3060,31720,123,205,0.5524233333333333,0.5524233333333333,True,"[0.16626618802547455, 0.8337337970733643]","[0.3506285548210144, 0.6493714451789856]","[53, 47]",0.0,0.0049268342554569244,0.03570772707462311
35371,1012,35.0,35,71.0702133178711,nnknn,100,6465,51674,3388,19693,3077,31981,128,213,0.5519799999999999,0.5519799999999999,True,"[0.0, 1.0]","[0.27599000930786133, 0.7240099906921387]","[52, 48]",0.0,0.004968245979398489,0.03620770573616028
35509,1013,138.0,138,,nnknn,100,6465,51674,3388,19693,3077,31981,128,213,0.550232,0.550232,True,"[0.09932410717010498, 0.900675892829895]","[0.3197888135910034, 0.6802111864089966]","[52, 48]",0.0,0.004968245979398489,0.03620770573616028
35527,1014,18.0,18,,nnknn,100,6465,51674,3388,19693,3077,31981,128,213,0.5500039999999999,0.5500039999999999,True,"[0.0, 1.0]","[0.27500200271606445, 0.7249979972839355]","[52, 48]",0.0,0.004968245979398489,0.03620770573616028
35570,1015,43.0,43,,nnknn,100,6465,51674,3388,19693,3077,31981,128,213,0.5494593333333333,0.5494593333333333,True,"[0.0, 1.0]","[0.2747296690940857, 0.7252703309059143]","[52, 48]",0.0,0.004968245979398489,0.03620770573616028
35674,1016,104.0,104,88.71440887451172,nnknn,100,6491,52188,3399,19933,3092,32255,132,227,0.548142,0.548142,True,"[1.0, 0.0]","[0.7259290218353271, 0.27407100796699524]","[51, 49]",0.0,0.004973439499735832,0.03670753911137581
35696,1017,22.0,22,,nnknn,100,6491,52188,3399,19933,3092,32255,132,227,0.5478633333333334,0.5478633333333334,True,"[1.0, 0.0]","[0.726068377494812, 0.2739316523075104]","[51, 49]",0.0,0.004973439499735832,0.03670753911137581
35748,1018,52.0,52,,nnknn,100,6491,52188,3399,19933,3092,32255,132,227,0.5472046666666667,0.5472046666666667,True,"[0.0, 1.0]","[0.27360233664512634, 0.7263976335525513]","[51, 49]",0.0,0.004973439499735832,0.03670753911137581
35878,1019,130.0,130,,nnknn,100,6491,52188,3399,19933,3092,32255,132,227,0.545558,0.545558,True,"[0.0, 1.0]","[0.2727789878845215, 0.7272210121154785]","[51, 49]",0.0,0.004973439499735832,0.03670753911137581
35895,1020,17.0,17,66.9615707397461,nnknn,100,6508,52554,3403,20092,3105,32462,133,228,0.5453426666666666,0.5453426666666666,True,"[1.0, 0.0]","[0.7273286581039429, 0.27267134189605713]","[50, 50]",0.0,0.005016116891056299,0.037207506597042084
35991,1021,96.0,96,,nnknn,100,6508,52554,3403,20092,3105,32462,133,228,0.5441266666666666,0.5441266666666666,True,"[0.0, 1.0]","[0.27206334471702576, 0.7279366254806519]","[50, 50]",0.0,0.005016116891056299,0.037207506597042084
36132,1022,141.0,141,,nnknn,100,6508,52554,3403,20092,3105,32462,133,228,0.5423406666666666,0.5423406666666666,True,"[0.4189751148223877, 0.5810248851776123]","[0.462918221950531, 0.537081778049469]","[50, 50]",0.0,0.005016116891056299,0.037207506597042084
36311,1023,179.0,179,,nnknn,100,6508,52554,3403,20092,3105,32462,133,228,0.5400733333333334,0.5400733333333334,True,"[0.0, 1.0]","[0.2700366675853729, 0.7299633026123047]","[50, 50]",0.0,0.005016116891056299,0.037207506597042084
36405,1024,94.0,94,86.1528549194336,nnknn,94,7001,53027,3873,20092,3128,32935,138,242,0.5388826666666666,0.5388826666666666,True,"[1.0, 0.0]","[0.7305586338043213, 0.2694413363933563]","[47, 47]",4.062894731760025e-08,0.005403001327067614,0.03670752793550491
36434,1025,29.0,29,,nnknn,94,7001,53027,3873,20092,3128,32935,138,242,0.5385153333333333,0.5385153333333333,True,"[0.0, 1.0]","[0.26925766468048096, 0.730742335319519]","[47, 47]",4.062894731760025e-08,0.005403001327067614,0.03670752793550491
36689,1026,255.0,255,,nnknn,94,7001,53027,3873,20092,3128,32935,138,242,0.5352853333333334,0.5352853333333334,True,"[1.0, 0.0]","[0.7323573231697083, 0.26764267683029175]","[47, 47]",4.062894731760025e-08,0.005403001327067614,0.03670752793550491
36829,1027,140.0,140,,nnknn,94,7001,53027,3873,20092,3128,32935,138,242,0.533512,0.533512,True,"[0.9426257014274597, 0.057374320924282074]","[0.706479549407959, 0.29352042078971863]","[47, 47]",4.062894731760025e-08,0.005403001327067614,0.03670752793550491
36948,1028,119.0,119,87.58977508544922,nnknn,100,7022,54027,3876,20571,3146,33456,142,246,0.5320046666666667,0.5320046666666667,True,"[1.0, 0.0]","[0.7339977025985718, 0.2660023272037506]","[52, 48]",0.0,0.005021406337618828,0.037207458168268204
36968,1029,20.0,20,,nnknn,100,7022,54027,3876,20571,3146,33456,142,246,0.5317513333333334,0.5317513333333334,True,"[0.0, 1.0]","[0.2658756673336029, 0.7341243028640747]","[52, 48]",0.0,0.005021406337618828,0.037207458168268204
37025,1030,57.0,57,,nnknn,100,7022,54027,3876,20571,3146,33456,142,246,0.5310293333333334,0.5310293333333334,True,"[0.9009674787521362, 0.09903255850076675]","[0.6880419850349426, 0.31195804476737976]","[52, 48]",0.0,0.005021406337618828,0.037207458168268204
37057,1031,32.0,32,,nnknn,100,7022,54027,3876,20571,3146,33456,142,246,0.530624,0.530624,True,"[1.0, 0.0]","[0.7346880435943604, 0.26531198620796204]","[52, 48]",0.0,0.005021406337618828,0.037207458168268204
37110,1032,53.0,53,54.57949447631836,nnknn,100,7037,54269,3884,20662,3153,33607,144,250,0.5299526666666667,0.5299526666666667,True,"[1.0, 0.0]","[0.7350236773490906, 0.2649763226509094]","[54, 46]",0.0,0.0050514317117631435,0.03670752793550491
37239,1033,129.0,129,,nnknn,100,7037,54269,3884,20662,3153,33607,144,250,0.5283186666666666,0.5283186666666666,True,"[1.0, 0.0]","[0.7358406782150269, 0.26415932178497314]","[54, 46]",0.0,0.0050514317117631435,0.03670752793550491
37333,1034,94.0,94,,nnknn,100,7037,54269,3884,20662,3153,33607,144,250,0.527128,0.527128,True,"[1.0, 0.0]","[0.7364360094070435, 0.26356399059295654]","[54, 46]",0.0,0.0050514317117631435,0.03670752793550491
37348,1035,15.0,15,,nnknn,100,7037,54269,3884,20662,3153,33607,144,250,0.526938,0.526938,True,"[1.0, 0.0]","[0.7365310192108154, 0.26346901059150696]","[54, 46]",0.0,0.0050514317117631435,0.03670752793550491
37416,1036,68.0,68,69.45819091796875,nnknn,96,7302,54548,4134,20662,3168,33886,147,262,0.5260766666666666,0.5260766666666666,True,"[0.9207126498222351, 0.07928736507892609]","[0.6993855237960815, 0.30061447620391846]","[54, 42]",0.0,0.005231126677244902,0.03720748797059059
37555,1037,139.0,139,,nnknn,96,7302,54548,4134,20662,3168,33886,147,262,0.524316,0.524316,True,"[0.6360577344894409, 0.3639422357082367]","[0.5647205114364624, 0.4352794885635376]","[54, 42]",0.0,0.005231126677244902,0.03720748797059059
37721,1038,166.0,166,,nnknn,96,7302,54548,4134,20662,3168,33886,147,262,0.5222133333333333,0.5222133333333333,True,"[0.0, 1.0]","[0.2611066699028015, 0.7388933300971985]","[54, 42]",0.0,0.005231126677244902,0.03720748797059059
37807,1039,86.0,86,,nnknn,96,7302,54548,4134,20662,3168,33886,147,262,0.5211239999999999,0.5211239999999999,True,"[0.0, 1.0]","[0.260562002658844, 0.739437997341156]","[54, 42]",0.0,0.005231126677244902,0.03720748797059059
37871,1040,64.0,64,97.84866333007812,nnknn,99,7717,54984,4534,20662,3183,34322,150,266,0.5203133333333334,0.5203133333333334,True,"[0.0, 1.0]","[0.26015666127204895, 0.7398433685302734]","[53, 46]",0.0,0.005081807728856802,0.03670754283666611
37930,1041,59.0,59,,nnknn,99,7717,54984,4534,20662,3183,34322,150,266,0.519566,0.519566,True,"[1.0, 0.0]","[0.7402169704437256, 0.259782999753952]","[53, 46]",0.0,0.005081807728856802,0.03670754283666611
38132,1042,202.0,202,,nnknn,99,7717,54984,4534,20662,3183,34322,150,266,0.5170073333333334,0.5170073333333334,True,"[0.20666080713272095, 0.793339192867279]","[0.35831934213638306, 0.6416807174682617]","[53, 46]",0.0,0.005081807728856802,0.03670754283666611
38267,1043,135.0,135,,nnknn,99,7717,54984,4534,20662,3183,34322,150,266,0.5152973333333333,0.5152973333333333,True,"[1.0, 0.0]","[0.7423512935638428, 0.25764867663383484]","[53, 46]",0.0,0.005081807728856802,0.03670754283666611
38347,1044,80.0,80,86.90958404541016,nnknn,100,7734,55846,4540,21071,3194,34775,153,278,0.514284,0.514284,True,"[0.0, 1.0]","[0.25714200735092163, 0.7428579926490784]","[51, 49]",0.0,0.004988113883882761,0.03620755672454834
38428,1045,81.0,81,,nnknn,100,7734,55846,4540,21071,3194,34775,153,278,0.513258,0.513258,True,"[0.8968729376792908, 0.10312706232070923]","[0.6931747198104858, 0.30682528018951416]","[51, 49]",0.0,0.004988113883882761,0.03620755672454834
38489,1046,61.0,61,,nnknn,100,7734,55846,4540,21071,3194,34775,153,278,0.5124853333333333,0.5124853333333333,True,"[1.0, 0.0]","[0.7437573671340942, 0.25624266266822815]","[51, 49]",0.0,0.004988113883882761,0.03620755672454834
38537,1047,48.0,48,,nnknn,100,7734,55846,4540,21071,3194,34775,153,278,0.5118773333333333,0.5118773333333333,True,"[1.0, 0.0]","[0.7440613508224487, 0.25593867897987366]","[51, 49]",0.0,0.004988113883882761,0.03620755672454834
38550,1048,13.0,13,54.325923919677734,nnknn,100,7751,56172,4546,21211,3205,34961,157,284,0.5117126666666667,0.5117126666666667,True,"[0.09599819034337997, 0.9040018320083618]","[0.3027310371398926, 0.6972689628601074]","[51, 49]",0.0,0.005102213472127914,0.036707472056150436
38621,1049,71.0,71,,nnknn,100,7751,56172,4546,21211,3205,34961,157,284,0.5108133333333333,0.5108133333333333,True,"[0.8976722955703735, 0.10232770442962646]","[0.6945359706878662, 0.3054640293121338]","[51, 49]",0.0,0.005102213472127914,0.036707472056150436
38649,1050,28.0,28,,nnknn,100,7751,56172,4546,21211,3205,34961,157,284,0.5104586666666666,0.5104586666666666,True,"[0.0, 1.0]","[0.25522932410240173, 0.7447706460952759]","[51, 49]",0.0,0.005102213472127914,0.036707472056150436
38688,1051,39.0,39,,nnknn,100,7751,56172,4546,21211,3205,34961,157,284,0.5099646666666666,0.5099646666666666,True,"[0.9192782640457153, 0.08072178810834885]","[0.7054611444473267, 0.29453885555267334]","[51, 49]",0.0,0.005102213472127914,0.036707472056150436
38903,1052,215.0,215,88.1380615234375,nnknn,100,7770,56781,4554,21492,3216,35289,159,298,0.5072413333333333,0.5072413333333333,True,"[0.8921879529953003, 0.1078120619058609]","[0.6932539939880371, 0.3067459762096405]","[54, 46]",0.0,0.005175637546926737,0.037207432091236115
38915,1053,12.0,12,,nnknn,100,7770,56781,4554,21492,3216,35289,159,298,0.5070893333333333,0.5070893333333333,True,"[0.0, 1.0]","[0.2535446584224701, 0.7464553117752075]","[54, 46]",0.0,0.005175637546926737,0.037207432091236115
39002,1054,87.0,87,,nnknn,100,7770,56781,4554,21492,3216,35289,159,298,0.5059873333333333,0.5059873333333333,True,"[0.0, 1.0]","[0.2529936730861664, 0.7470062971115112]","[54, 46]",0.0,0.005175637546926737,0.037207432091236115
39147,1055,145.0,145,,nnknn,100,7770,56781,4554,21492,3216,35289,159,298,0.5041506666666666,0.5041506666666666,True,"[1.0, 0.0]","[0.7479246854782104, 0.25207534432411194]","[54, 46]",0.0,0.005175637546926737,0.037207432091236115
39246,1056,99.0,99,80.98043060302734,nnknn,100,7786,57380,4561,21767,3225,35613,164,308,0.5028966666666667,0.5028966666666667,True,"[0.0, 1.0]","[0.2514483332633972, 0.7485516667366028]","[52, 48]",0.0,0.005227142013609409,0.03770740330219269
39323,1057,77.0,77,,nnknn,100,7786,57380,4561,21767,3225,35613,164,308,0.5019213333333333,0.5019213333333333,True,"[0.0, 1.0]","[0.25096067786216736, 0.7490392923355103]","[52, 48]",0.0,0.005227142013609409,0.03770740330219269
39427,1058,104.0,104,,nnknn,100,7786,57380,4561,21767,3225,35613,164,308,0.500604,0.500604,True,"[0.0, 1.0]","[0.2503019869327545, 0.7496980428695679]","[52, 48]",0.0,0.005227142013609409,0.03770740330219269
39600,1059,173.0,173,,nnknn,100,7786,57380,4561,21767,3225,35613,164,308,0.4984126666666666,0.4984126666666666,True,"[0.0, 1.0]","[0.2492063343524933, 0.7507936954498291]","[52, 48]",0.0,0.005227142013609409,0.03770740330219269
39624,1060,24.0,24,83.4638442993164,nnknn,98,8127,57740,4886,21767,3241,35973,166,310,0.49810866666666664,0.49810866666666664,True,"[1.0, 0.0]","[0.7509456872940063, 0.24905432760715485]","[50, 48]",0.0,0.005429728422313929,0.03720780089497566
39723,1061,99.0,99,,nnknn,98,8127,57740,4886,21767,3241,35973,166,310,0.49685466666666667,0.49685466666666667,True,"[0.0, 1.0]","[0.24842733144760132, 0.7515726685523987]","[50, 48]",0.0,0.005429728422313929,0.03720780089497566
39745,1062,22.0,22,,nnknn,98,8127,57740,4886,21767,3241,35973,166,310,0.496576,0.496576,True,"[0.0, 1.0]","[0.24828800559043884, 0.7517119646072388]","[50, 48]",0.0,0.005429728422313929,0.03720780089497566
39818,1063,73.0,73,,nnknn,98,8127,57740,4886,21767,3241,35973,166,310,0.49565133333333333,0.49565133333333333,True,"[1.0, 0.0]","[0.7521743178367615, 0.24782566726207733]","[50, 48]",0.0,0.005429728422313929,0.03720780089497566
40007,1064,189.0,189,76.99368286132812,nnknn,100,8141,58418,4891,22080,3250,36338,170,319,0.4932573333333333,0.4932573333333333,True,"[1.0, 0.0]","[0.7533713579177856, 0.24662867188453674]","[51, 49]",0.0,0.005268238019198179,0.03670782223343849
40107,1065,100.0,100,,nnknn,100,8141,58418,4891,22080,3250,36338,170,319,0.4919906666666667,0.4919906666666667,True,"[0.9035359025001526, 0.09646406769752502]","[0.7049999833106995, 0.29499995708465576]","[51, 49]",0.0,0.005268238019198179,0.03670782223343849
40132,1066,25.0,25,,nnknn,100,8141,58418,4891,22080,3250,36338,170,319,0.49167399999999994,0.49167399999999994,True,"[0.0, 1.0]","[0.24583700299263, 0.7541630268096924]","[51, 49]",0.0,0.005268238019198179,0.03670782223343849
40177,1067,45.0,45,,nnknn,100,8141,58418,4891,22080,3250,36338,170,319,0.491104,0.491104,True,"[1.0, 0.0]","[0.7544479966163635, 0.24555200338363647]","[51, 49]",0.0,0.005268238019198179,0.03670782223343849
40289,1068,112.0,112,61.89910125732422,nnknn,100,8362,58688,5106,22080,3256,36608,173,325,0.4896853333333333,0.4896853333333333,True,"[0.0, 1.0]","[0.24484266340732574, 0.7551573514938354]","[53, 47]",0.0,0.005361626856029034,0.03720773383975029
40428,1069,139.0,139,,nnknn,100,8362,58688,5106,22080,3256,36608,173,325,0.4879246666666667,0.4879246666666667,True,"[1.0, 0.0]","[0.7560376524925232, 0.2439623326063156]","[53, 47]",0.0,0.005361626856029034,0.03720773383975029
40550,1070,122.0,122,,nnknn,100,8362,58688,5106,22080,3256,36608,173,325,0.4863793333333333,0.4863793333333333,True,"[1.0, 0.0]","[0.7568103075027466, 0.24318966269493103]","[53, 47]",0.0,0.005361626856029034,0.03720773383975029
40717,1071,167.0,167,,nnknn,100,8362,58688,5106,22080,3256,36608,173,325,0.48426400000000003,0.48426400000000003,True,"[0.10022507607936859, 0.8997749090194702]","[0.29382166266441345, 0.7061783075332642]","[53, 47]",0.0,0.005361626856029034,0.03720773383975029
40788,1072,71.0,71,106.63399505615234,nnknn,97,8830,59164,5556,22080,3274,37084,176,330,0.48336466666666666,0.48336466666666666,True,"[1.0, 0.0]","[0.7583176493644714, 0.24168233573436737]","[52, 45]",0.0,0.005622252356261015,0.036707840859889984
40834,1073,46.0,46,,nnknn,97,8830,59164,5556,22080,3274,37084,176,330,0.48278200000000004,0.48278200000000004,True,"[0.0, 1.0]","[0.24139100313186646, 0.7586089968681335]","[52, 45]",0.0,0.005622252356261015,0.036707840859889984
40950,1074,116.0,116,,nnknn,97,8830,59164,5556,22080,3274,37084,176,330,0.4813126666666666,0.4813126666666666,True,"[0.0, 1.0]","[0.24065633118152618, 0.759343683719635]","[52, 45]",0.0,0.005622252356261015,0.036707840859889984
41023,1075,73.0,73,,nnknn,97,8830,59164,5556,22080,3274,37084,176,330,0.48038800000000004,0.48038800000000004,True,"[1.0, 0.0]","[0.7598060369491577, 0.24019399285316467]","[52, 45]",0.0,0.005622252356261015,0.036707840859889984
41121,1076,98.0,98,67.99738311767578,nnknn,92,9111,59483,5831,22080,3280,37403,181,338,0.4791466666666666,0.4791466666666666,True,"[0.20551584661006927, 0.7944841384887695]","[0.3466169536113739, 0.6533830165863037]","[49, 43]",0.00045326349209062755,0.0059615494683384895,0.037207819521427155
41293,1077,172.0,172,,nnknn,92,9111,59483,5831,22080,3280,37403,181,338,0.47696799999999995,0.47696799999999995,True,"[1.0, 0.0]","[0.7615159749984741, 0.2384839951992035]","[49, 43]",0.00045326349209062755,0.0059615494683384895,0.037207819521427155
41325,1078,32.0,32,,nnknn,92,9111,59483,5831,22080,3280,37403,181,338,0.4765626666666667,0.4765626666666667,True,"[1.0, 0.0]","[0.7617186307907104, 0.23828133940696716]","[49, 43]",0.00045326349209062755,0.0059615494683384895,0.037207819521427155
41542,1079,217.0,217,,nnknn,92,9111,59483,5831,22080,3280,37403,181,338,0.47381399999999996,0.47381399999999996,True,"[0.09060085564851761, 0.909399151802063]","[0.28457990288734436, 0.715420126914978]","[49, 43]",0.00045326349209062755,0.0059615494683384895,0.037207819521427155
41690,1080,148.0,148,82.45886993408203,nnknn,100,9131,60505,5833,22572,3298,37933,186,359,0.4719393333333334,0.4719393333333334,True,"[1.0, 0.0]","[0.7640303373336792, 0.2359696626663208]","[54, 46]",0.0,0.005437882151454687,0.03770776465535164
41747,1081,57.0,57,,nnknn,100,9131,60505,5833,22572,3298,37933,186,359,0.4712173333333334,0.4712173333333334,True,"[0.8187137246131897, 0.18128632009029388]","[0.668530285358429, 0.33146971464157104]","[54, 46]",0.0,0.005437882151454687,0.03770776465535164
42013,1082,266.0,266,,nnknn,100,9131,60505,5833,22572,3298,37933,186,359,0.46784800000000004,0.46784800000000004,True,"[0.0, 1.0]","[0.233924001455307, 0.7660759687423706]","[54, 46]",0.0,0.005437882151454687,0.03770776465535164
42081,1083,68.0,68,,nnknn,100,9131,60505,5833,22572,3298,37933,186,359,0.46698666666666666,0.46698666666666666,True,"[1.0, 0.0]","[0.7665066719055176, 0.23349332809448242]","[54, 46]",0.0,0.005437882151454687,0.03770776465535164
42246,1084,165.0,165,96.64558410644531,nnknn,100,9156,61531,5842,23062,3314,38469,188,363,0.4648966666666666,0.4648966666666666,True,"[0.0, 1.0]","[0.23244833946228027, 0.7675516605377197]","[53, 47]",0.0,0.005443261470645666,0.03820769861340523
42348,1085,102.0,102,,nnknn,100,9156,61531,5842,23062,3314,38469,188,363,0.46360466666666666,0.46360466666666666,True,"[0.1803610622882843, 0.8196389675140381]","[0.3285471498966217, 0.6714528203010559]","[53, 47]",0.0,0.005443261470645666,0.03820769861340523
42428,1086,80.0,80,,nnknn,100,9156,61531,5842,23062,3314,38469,188,363,0.46259133333333335,0.46259133333333335,True,"[1.0, 0.0]","[0.768704354763031, 0.2312956601381302]","[53, 47]",0.0,0.005443261470645666,0.03820769861340523
42445,1087,17.0,17,,nnknn,100,9156,61531,5842,23062,3314,38469,188,363,0.462376,0.462376,True,"[0.1796342134475708, 0.8203657865524292]","[0.3277636766433716, 0.6722363233566284]","[53, 47]",0.0,0.005443261470645666,0.03820769861340523
42590,1088,145.0,145,74.3898696899414,nnknn,100,9178,62119,5851,23329,3327,38790,192,373,0.4605393333333333,0.4605393333333333,True,"[0.195907860994339, 0.8040921688079834]","[0.3359542489051819, 0.6640457510948181]","[48, 52]",0.0,0.005573872942477465,0.03870738670229912
42622,1089,32.0,32,,nnknn,100,9178,62119,5851,23329,3327,38790,192,373,0.46013400000000004,0.46013400000000004,True,"[0.0, 1.0]","[0.23006699979305267, 0.7699329853057861]","[48, 52]",0.0,0.005573872942477465,0.03870738670229912
42691,1090,69.0,69,,nnknn,100,9178,62119,5851,23329,3327,38790,192,373,0.45926,0.45926,True,"[1.0, 0.0]","[0.7703700065612793, 0.2296299934387207]","[48, 52]",0.0,0.005573872942477465,0.03870738670229912
42892,1091,201.0,201,,nnknn,100,9178,62119,5851,23329,3327,38790,192,373,0.45671399999999995,0.45671399999999995,True,"[0.8219272494316101, 0.17807278037071228]","[0.6748985648155212, 0.32510143518447876]","[48, 52]",0.0,0.005573872942477465,0.03870738670229912
42910,1092,18.0,18,82.09725952148438,nnknn,98,9446,62410,6106,23329,3340,39081,197,389,0.45648599999999995,0.45648599999999995,True,"[0.0, 1.0]","[0.22824299335479736, 0.7717570066452026]","[48, 50]",0.0,0.005740998778492212,0.038207489997148514
42934,1093,24.0,24,,nnknn,98,9446,62410,6106,23329,3340,39081,197,389,0.456182,0.456182,True,"[0.0, 1.0]","[0.22809100151062012, 0.7719089984893799]","[48, 50]",0.0,0.005740998778492212,0.038207489997148514
43022,1094,88.0,88,,nnknn,98,9446,62410,6106,23329,3340,39081,197,389,0.4550673333333334,0.4550673333333334,True,"[0.0, 1.0]","[0.22753366827964783, 0.7724663019180298]","[48, 50]",0.0,0.005740998778492212,0.038207489997148514
43056,1095,34.0,34,,nnknn,98,9446,62410,6106,23329,3340,39081,197,389,0.4546366666666667,0.4546366666666667,True,"[1.0, 0.0]","[0.7726816534996033, 0.22731833159923553]","[48, 50]",0.0,0.005740998778492212,0.038207489997148514
43136,1096,80.0,80,62.53818130493164,nnknn,100,9457,62766,6110,23478,3347,39288,201,401,0.4536233333333334,0.4536233333333334,True,"[0.10058247298002243, 0.899417519569397]","[0.2817675769329071, 0.7182324528694153]","[51, 49]",0.0,0.0056442078202962875,0.038707464933395386
43274,1097,138.0,138,,nnknn,100,9457,62766,6110,23478,3347,39288,201,401,0.4518753333333333,0.4518753333333333,True,"[0.0, 1.0]","[0.22593766450881958, 0.7740623354911804]","[51, 49]",0.0,0.0056442078202962875,0.038707464933395386
43371,1098,97.0,97,,nnknn,100,9457,62766,6110,23478,3347,39288,201,401,0.45064666666666664,0.45064666666666664,True,"[0.0, 1.0]","[0.22532333433628082, 0.7746766805648804]","[51, 49]",0.0,0.0056442078202962875,0.038707464933395386
43419,1099,48.0,48,,nnknn,100,9457,62766,6110,23478,3347,39288,201,401,0.4500386666666667,0.4500386666666667,True,"[0.0, 1.0]","[0.22501933574676514, 0.7749806642532349]","[51, 49]",0.0,0.0056442078202962875,0.038707464933395386
43464,1100,45.0,45,71.0246353149414,nnknn,100,9466,63344,6114,23742,3352,39602,205,410,0.4494686666666666,0.4494686666666666,True,"[0.0, 1.0]","[0.2247343361377716, 0.7752656936645508]","[48, 52]",0.0,0.005740157328546047,0.039207443594932556
43638,1101,174.0,174,,nnknn,100,9466,63344,6114,23742,3352,39602,205,410,0.44726466666666664,0.44726466666666664,True,"[1.0, 0.0]","[0.7763676643371582, 0.2236323356628418]","[48, 52]",0.0,0.005740157328546047,0.039207443594932556
43700,1102,62.0,62,,nnknn,100,9466,63344,6114,23742,3352,39602,205,410,0.44647933333333334,0.44647933333333334,True,"[1.0, 0.0]","[0.7767603397369385, 0.22323966026306152]","[48, 52]",0.0,0.005740157328546047,0.039207443594932556
43932,1103,232.0,232,,nnknn,100,9466,63344,6114,23742,3352,39602,205,410,0.4435406666666667,0.4435406666666667,True,"[0.8513709306716919, 0.1486290693283081]","[0.6955236196517944, 0.3044763505458832]","[48, 52]",0.0,0.005740157328546047,0.039207443594932556
44087,1104,155.0,155,84.22608184814453,nnknn,100,9486,64482,6119,24302,3367,40180,211,440,0.4415773333333334,0.4415773333333334,True,"[0.0, 1.0]","[0.22078867256641388, 0.7792113423347473]","[48, 52]",0.0,0.00571322301402688,0.039706334471702576
44339,1105,252.0,252,,nnknn,100,9486,64482,6119,24302,3367,40180,211,440,0.4383853333333333,0.4383853333333333,True,"[0.0, 1.0]","[0.21919266879558563, 0.7808073163032532]","[48, 52]",0.0,0.00571322301402688,0.039706334471702576
44440,1106,101.0,101,,nnknn,100,9486,64482,6119,24302,3367,40180,211,440,0.437106,0.437106,True,"[0.0, 1.0]","[0.21855300664901733, 0.7814469933509827]","[48, 52]",0.0,0.00571322301402688,0.039706334471702576
44632,1107,192.0,192,,nnknn,100,9486,64482,6119,24302,3367,40180,211,440,0.434674,0.434674,True,"[0.19877761602401733, 0.8012224435806274]","[0.3297111392021179, 0.6702888607978821]","[48, 52]",0.0,0.00571322301402688,0.039706334471702576
44720,1108,88.0,88,70.18824005126953,nnknn,100,9512,65626,6125,24870,3387,40756,218,477,0.4335593333333333,0.4335593333333333,True,"[0.9348326921463013, 0.06516730785369873]","[0.7463069558143616, 0.2536930739879608]","[46, 54]",0.0,0.005748941097408533,0.04020625725388527
44751,1109,31.0,31,,nnknn,100,9512,65626,6125,24870,3387,40756,218,477,0.4331666666666667,0.4331666666666667,True,"[0.0, 1.0]","[0.21658332645893097, 0.7834166884422302]","[46, 54]",0.0,0.005748941097408533,0.04020625725388527
45006,1110,255.0,255,,nnknn,100,9512,65626,6125,24870,3387,40756,218,477,0.42993666666666663,0.42993666666666663,True,"[0.6740214228630066, 0.3259786069393158]","[0.5992032289505005, 0.4007968008518219]","[46, 54]",0.0,0.005748941097408533,0.04020625725388527
45067,1111,61.0,61,,nnknn,100,9512,65626,6125,24870,3387,40756,218,477,0.429164,0.429164,True,"[0.8879363536834717, 0.11206365376710892]","[0.7214480638504028, 0.27855196595191956]","[46, 54]",0.0,0.005748941097408533,0.04020625725388527
45126,1112,59.0,59,91.94694519042969,nnknn,100,9538,66342,6131,25209,3407,41133,222,486,0.42841666666666667,0.42841666666666667,True,"[1.0, 0.0]","[0.7857916355133057, 0.21420833468437195]","[48, 52]",0.0,0.0057041458785533905,0.03970648720860481
45221,1113,95.0,95,,nnknn,100,9538,66342,6131,25209,3407,41133,222,486,0.42721333333333333,0.42721333333333333,True,"[0.849350094795227, 0.15064992010593414]","[0.7001031041145325, 0.2998969554901123]","[48, 52]",0.0,0.0057041458785533905,0.03970648720860481
45349,1114,128.0,128,,nnknn,100,9538,66342,6131,25209,3407,41133,222,486,0.42559199999999997,0.42559199999999997,True,"[1.0, 0.0]","[0.7872040271759033, 0.21279600262641907]","[48, 52]",0.0,0.0057041458785533905,0.03970648720860481
45510,1115,161.0,161,,nnknn,100,9538,66342,6131,25209,3407,41133,222,486,0.4235526666666667,0.4235526666666667,True,"[0.7017034888267517, 0.2982965409755707]","[0.616271436214447, 0.38372859358787537]","[48, 52]",0.0,0.0057041458785533905,0.03970648720860481
45598,1116,88.0,88,86.71636199951172,nnknn,100,9568,67180,6143,25612,3425,41568,230,505,0.422438,0.422438,True,"[0.0, 1.0]","[0.21121899783611298, 0.7887809872627258]","[50, 50]",0.0,0.005685978103429079,0.03920651599764824
45907,1117,309.0,309,,nnknn,100,9568,67180,6143,25612,3425,41568,230,505,0.418524,0.418524,True,"[1.0, 0.0]","[0.7907379865646362, 0.20926199853420258]","[50, 50]",0.0,0.005685978103429079,0.03920651599764824
46136,1118,229.0,229,,nnknn,100,9568,67180,6143,25612,3425,41568,230,505,0.41562333333333334,0.41562333333333334,True,"[0.8247503638267517, 0.17524965107440948]","[0.6897765398025513, 0.3102234899997711]","[50, 50]",0.0,0.005685978103429079,0.03920651599764824
46278,1119,142.0,142,,nnknn,100,9568,67180,6143,25612,3425,41568,230,505,0.4138246666666666,0.4138246666666666,True,"[0.09389226138591766, 0.9061077833175659]","[0.26194965839385986, 0.7380503416061401]","[50, 50]",0.0,0.005685978103429079,0.03920651599764824
46311,1120,33.0,33,83.75813293457031,nnknn,100,9593,68493,6149,26258,3444,42235,239,532,0.4134066666666667,0.4134066666666667,True,"[0.0, 1.0]","[0.2067033350467682, 0.7932966947555542]","[49, 51]",0.0,0.005781708750873804,0.0387076772749424
46502,1121,191.0,191,,nnknn,100,9593,68493,6149,26258,3444,42235,239,532,0.41098733333333337,0.41098733333333337,True,"[0.9267047643661499, 0.07329526543617249]","[0.7513344883918762, 0.24866551160812378]","[49, 51]",0.0,0.005781708750873804,0.0387076772749424
46529,1122,27.0,27,,nnknn,100,9593,68493,6149,26258,3444,42235,239,532,0.4106453333333333,0.4106453333333333,True,"[0.0, 1.0]","[0.20532266795635223, 0.7946773171424866]","[49, 51]",0.0,0.005781708750873804,0.0387076772749424
46639,1123,110.0,110,,nnknn,100,9593,68493,6149,26258,3444,42235,239,532,0.40925199999999995,0.40925199999999995,True,"[0.10127813369035721, 0.8987218737602234]","[0.2644558548927307, 0.7355442047119141]","[49, 51]",0.0,0.005781708750873804,0.0387076772749424
46847,1124,208.0,208,106.64122009277344,nnknn,100,9617,69451,6157,26718,3460,42733,244,554,0.4066173333333333,0.4066173333333333,True,"[0.8985136151313782, 0.10148640722036362]","[0.7364710569381714, 0.2635289430618286]","[49, 51]",0.0,0.00592447817325592,0.0382077619433403
46964,1125,117.0,117,,nnknn,100,9617,69451,6157,26718,3460,42733,244,554,0.4051353333333333,0.4051353333333333,True,"[0.0, 1.0]","[0.2025676667690277, 0.7974323034286499]","[49, 51]",0.0,0.00592447817325592,0.0382077619433403
47045,1126,81.0,81,,nnknn,100,9617,69451,6157,26718,3460,42733,244,554,0.4041093333333333,0.4041093333333333,True,"[0.9183669090270996, 0.08163312822580338]","[0.7493008971214294, 0.25069907307624817]","[49, 51]",0.0,0.00592447817325592,0.0382077619433403
47176,1127,131.0,131,,nnknn,100,9617,69451,6157,26718,3460,42733,244,554,0.40245,0.40245,True,"[0.8289600610733032, 0.17103996872901917]","[0.696570098400116, 0.3034299314022064]","[49, 51]",0.0,0.00592447817325592,0.0382077619433403
47245,1128,69.0,69,78.278076171875,nnknn,100,9623,70152,6161,27048,3462,43104,252,579,0.40157600000000004,0.40157600000000004,True,"[1.0, 0.0]","[0.7992119789123535, 0.2007880061864853]","[52, 48]",0.0,0.005964554380625486,0.03770776838064194
47314,1129,69.0,69,,nnknn,100,9623,70152,6161,27048,3462,43104,252,579,0.400702,0.400702,True,"[1.0, 0.0]","[0.7996490001678467, 0.20035099983215332]","[52, 48]",0.0,0.005964554380625486,0.03770776838064194
47415,1130,101.0,101,,nnknn,100,9623,70152,6161,27048,3462,43104,252,579,0.3994226666666667,0.3994226666666667,True,"[0.0, 1.0]","[0.19971133768558502, 0.8002886772155762]","[52, 48]",0.0,0.005964554380625486,0.03770776838064194
47655,1131,240.0,240,,nnknn,100,9623,70152,6161,27048,3462,43104,252,579,0.39638266666666666,0.39638266666666666,True,"[0.0, 1.0]","[0.1981913298368454, 0.8018086552619934]","[52, 48]",0.0,0.005964554380625486,0.03770776838064194
47769,1132,114.0,114,70.69425201416016,nnknn,100,9642,71088,6165,27501,3477,43587,261,605,0.39493866666666666,0.39493866666666666,True,"[0.9092803597450256, 0.09071968495845795]","[0.7476397156715393, 0.2523603141307831]","[52, 48]",0.0,0.006090907379984856,0.03820771351456642
47844,1133,75.0,75,,nnknn,100,9642,71088,6165,27501,3477,43587,261,605,0.39398866666666665,0.39398866666666665,True,"[0.9151788353919983, 0.0848211869597435]","[0.7516031265258789, 0.24839693307876587]","[52, 48]",0.0,0.006090907379984856,0.03820771351456642
48045,1134,201.0,201,,nnknn,100,9642,71088,6165,27501,3477,43587,261,605,0.3914426666666666,0.3914426666666666,True,"[0.2387470155954361, 0.7612529993057251]","[0.3410125970840454, 0.6589874029159546]","[52, 48]",0.0,0.006090907379984856,0.03820771351456642
48510,1135,465.0,465,,nnknn,100,9642,71088,6165,27501,3477,43587,261,605,0.38555266666666665,0.38555266666666665,True,"[0.9120479226112366, 0.08795208483934402]","[0.7531817555427551, 0.24681825935840607]","[52, 48]",0.0,0.006090907379984856,0.03820771351456642
48644,1136,134.0,134,66.87260437011719,nnknn,100,9660,72744,6171,28313,3489,44431,268,624,0.3838553333333333,0.3838553333333333,True,"[0.785006046295166, 0.21499396860599518]","[0.6756049394607544, 0.3243950605392456]","[55, 45]",0.0,0.006262896116822958,0.037707746028900146
48802,1137,158.0,158,,nnknn,100,9660,72744,6171,28313,3489,44431,268,624,0.381854,0.381854,True,"[0.3227483034133911, 0.6772516965866089]","[0.39043256640434265, 0.609567403793335]","[55, 45]",0.0,0.006262896116822958,0.037707746028900146
48829,1138,27.0,27,,nnknn,100,9660,72744,6171,28313,3489,44431,268,624,0.38151199999999996,0.38151199999999996,True,"[0.0, 1.0]","[0.19075599312782288, 0.8092440366744995]","[55, 45]",0.0,0.006262896116822958,0.037707746028900146
48959,1139,130.0,130,,nnknn,100,9660,72744,6171,28313,3489,44431,268,624,0.3798653333333333,0.3798653333333333,True,"[0.0, 1.0]","[0.1899326592683792, 0.810067355632782]","[55, 45]",0.0,0.006262896116822958,0.037707746028900146
49130,1140,171.0,171,74.74432373046875,nnknn,100,9667,73629,6176,28726,3491,44903,273,636,0.3776993333333333,0.3776993333333333,True,"[0.45166826248168945, 0.5483317375183105]","[0.46992313861846924, 0.5300768613815308]","[53, 47]",0.0,0.006242702715098858,0.03720783069729805
49378,1141,248.0,248,,nnknn,100,9667,73629,6176,28726,3491,44903,273,636,0.37455799999999995,0.37455799999999995,True,"[0.9210151433944702, 0.07898486405611038]","[0.7633205652236938, 0.23667944967746735]","[53, 47]",0.0,0.006242702715098858,0.03720783069729805
49513,1142,135.0,135,,nnknn,100,9667,73629,6176,28726,3491,44903,273,636,0.37284799999999996,0.37284799999999996,True,"[0.6104155778884888, 0.38958442211151123]","[0.569247305393219, 0.43075263500213623]","[53, 47]",0.0,0.006242702715098858,0.03720783069729805
49690,1143,177.0,177,,nnknn,100,9667,73629,6176,28726,3491,44903,273,636,0.370606,0.370606,True,"[0.9049604535102844, 0.09503956139087677]","[0.7548797130584717, 0.2451203316450119]","[53, 47]",0.0,0.006242702715098858,0.03720783069729805
49979,1144,289.0,289,73.29901885986328,nnknn,100,9688,75221,6181,29498,3507,45723,278,649,0.36694533333333335,0.36694533333333335,True,"[1.0, 0.0]","[0.8165273666381836, 0.1834726631641388]","[54, 46]",0.0,0.006306566763669252,0.03770778700709343
50065,1145,86.0,86,,nnknn,100,9688,75221,6181,29498,3507,45723,278,649,0.36585599999999996,0.36585599999999996,True,"[1.0, 0.0]","[0.8170720338821411, 0.18292799592018127]","[54, 46]",0.0,0.006306566763669252,0.03770778700709343
50253,1146,188.0,188,,nnknn,100,9688,75221,6181,29498,3507,45723,278,649,0.3634746666666666,0.3634746666666666,True,"[1.0, 0.0]","[0.8182626962661743, 0.18173733353614807]","[54, 46]",0.0,0.006306566763669252,0.03770778700709343
50446,1147,193.0,193,,nnknn,100,9688,75221,6181,29498,3507,45723,278,649,0.36102999999999996,0.36102999999999996,True,"[0.08851891756057739, 0.9114810824394226]","[0.23707593977451324, 0.762924075126648]","[54, 46]",0.0,0.006306566763669252,0.03770778700709343
50597,1148,151.0,151,56.04848861694336,nnknn,91,10268,75812,6746,29498,3522,46314,285,661,0.3591173333333333,0.3591173333333333,True,"[0.6161814332008362, 0.3838185966014862]","[0.574458658695221, 0.42554134130477905]","[50, 41]",0.0004999787197448313,0.007047337479889393,0.0382075272500515
50896,1149,299.0,299,,nnknn,91,10268,75812,6746,29498,3522,46314,285,661,0.35533000000000003,0.35533000000000003,True,"[0.0, 1.0]","[0.17766499519348145, 0.8223350048065186]","[50, 41]",0.0004999787197448313,0.007047337479889393,0.0382075272500515
51082,1150,186.0,186,,nnknn,91,10268,75812,6746,29498,3522,46314,285,661,0.352974,0.352974,True,"[0.7807393074035645, 0.21926069259643555]","[0.6816456317901611, 0.31835436820983887]","[50, 41]",0.0004999787197448313,0.007047337479889393,0.0382075272500515
51276,1151,194.0,194,,nnknn,91,10268,75812,6746,29498,3522,46314,285,661,0.3505166666666667,0.3505166666666667,True,"[1.0, 0.0]","[0.8247416615486145, 0.1752583384513855]","[50, 41]",0.0004999787197448313,0.007047337479889393,0.0382075272500515
51306,1152,30.0,30,59.9851188659668,nnknn,100,10285,77111,6747,30136,3538,46975,292,693,0.35013666666666665,0.35013666666666665,True,"[1.0, 0.0]","[0.8249316811561584, 0.17506833374500275]","[57, 43]",0.0,0.006414949428290129,0.038707513362169266
51546,1153,240.0,240,,nnknn,100,10285,77111,6747,30136,3538,46975,292,693,0.3470966666666666,0.3470966666666666,True,"[0.0, 1.0]","[0.17354832589626312, 0.8264516592025757]","[57, 43]",0.0,0.006414949428290129,0.038707513362169266
51713,1154,167.0,167,,nnknn,100,10285,77111,6747,30136,3538,46975,292,693,0.34498133333333336,0.34498133333333336,True,"[0.325901061296463, 0.6740989089012146]","[0.38596194982528687, 0.6140380501747131]","[57, 43]",0.0,0.006414949428290129,0.038707513362169266
52043,1155,330.0,330,,nnknn,100,10285,77111,6747,30136,3538,46975,292,693,0.3408013333333333,0.3408013333333333,True,"[0.32286205887794495, 0.6771379709243774]","[0.38323089480400085, 0.6167690753936768]","[57, 43]",0.0,0.006414949428290129,0.038707513362169266
52199,1156,156.0,156,82.01163482666016,nnknn,100,10309,78795,6755,30958,3554,47837,298,708,0.3388253333333333,0.3388253333333333,True,"[0.7099633812904358, 0.2900366187095642]","[0.6388224363327026, 0.361177533864975]","[57, 43]",0.0,0.006428111810237169,0.039207350462675095
52475,1157,276.0,276,,nnknn,100,10309,78795,6755,30958,3554,47837,298,708,0.33532933333333337,0.33532933333333337,True,"[0.0, 1.0]","[0.16766466200351715, 0.832335352897644]","[57, 43]",0.0,0.006428111810237169,0.039207350462675095
52629,1158,154.0,154,,nnknn,100,10309,78795,6755,30958,3554,47837,298,708,0.3333786666666667,0.3333786666666667,True,"[0.8314716815948486, 0.16852834820747375]","[0.720966100692749, 0.27903392910957336]","[57, 43]",0.0,0.006428111810237169,0.039207350462675095
52922,1159,293.0,293,,nnknn,100,10309,78795,6755,30958,3554,47837,298,708,0.3296673333333333,0.3296673333333333,True,"[0.09839403629302979, 0.9016059637069702]","[0.2307904064655304, 0.769209623336792]","[57, 43]",0.0,0.006428111810237169,0.039207350462675095
53174,1160,252.0,252,102.84053039550781,nnknn,93,11254,79717,7680,30958,3574,48759,308,741,0.32647533333333334,0.32647533333333334,True,"[0.3480066657066345, 0.6519933938980103]","[0.3976287245750427, 0.602371335029602]","[52, 41]",7.11575266905129e-05,0.0069682057946920395,0.03970714658498764
53391,1161,217.0,217,,nnknn,93,11254,79717,7680,30958,3574,48759,308,741,0.3237266666666666,0.3237266666666666,True,"[0.0, 1.0]","[0.1618633270263672, 0.8381366729736328]","[52, 41]",7.11575266905129e-05,0.0069682057946920395,0.03970714658498764
53733,1162,342.0,342,,nnknn,93,11254,79717,7680,30958,3574,48759,308,741,0.3193946666666666,0.3193946666666666,True,"[1.0, 0.0]","[0.8403026461601257, 0.15969733893871307]","[52, 41]",7.11575266905129e-05,0.0069682057946920395,0.03970714658498764
53993,1163,260.0,260,,nnknn,93,11254,79717,7680,30958,3574,48759,308,741,0.31610133333333335,0.31610133333333335,True,"[0.0, 1.0]","[0.15805067121982574, 0.8419493436813354]","[52, 41]",7.11575266905129e-05,0.0069682057946920395,0.03970714658498764
54373,1164,380.0,380,69.77688598632812,nnknn,100,11274,81989,7681,32084,3593,49905,315,775,0.311288,0.311288,True,"[0.2680725157260895, 0.7319275140762329]","[0.3402687609195709, 0.6597312688827515]","[55, 45]",0.0,0.006561512127518654,0.0392073355615139
54635,1165,262.0,262,,nnknn,100,11274,81989,7681,32084,3593,49905,315,775,0.3079693333333333,0.3079693333333333,True,"[0.23073887825012207, 0.7692611217498779]","[0.3136630654335022, 0.6863369345664978]","[55, 45]",0.0,0.006561512127518654,0.0392073355615139
54796,1166,161.0,161,,nnknn,100,11274,81989,7681,32084,3593,49905,315,775,0.30593000000000004,0.30593000000000004,True,"[0.0, 1.0]","[0.1529649943113327, 0.8470349907875061]","[55, 45]",0.0,0.006561512127518654,0.0392073355615139
55044,1167,248.0,248,,nnknn,100,11274,81989,7681,32084,3593,49905,315,775,0.3027886666666667,0.3027886666666667,True,"[0.44892120361328125, 0.5510787963867188]","[0.46438729763031006, 0.5356127023696899]","[55, 45]",0.0,0.006561512127518654,0.0392073355615139
55263,1168,219.0,219,48.51808166503906,nnknn,100,11290,83651,7686,32920,3604,50731,323,828,0.30001466666666665,0.30001466666666665,True,"[1.0, 0.0]","[0.8499926328659058, 0.15000733733177185]","[52, 48]",0.0,0.006541200447827578,0.038707368075847626
55449,1169,186.0,186,,nnknn,100,11290,83651,7686,32920,3604,50731,323,828,0.2976586666666666,0.2976586666666666,True,"[0.867842435836792, 0.13215753436088562]","[0.7583509683609009, 0.24164903163909912]","[52, 48]",0.0,0.006541200447827578,0.038707368075847626
55607,1170,158.0,158,,nnknn,100,11290,83651,7686,32920,3604,50731,323,828,0.2956573333333333,0.2956573333333333,True,"[0.6967006325721741, 0.30329933762550354]","[0.6385446786880493, 0.3614553213119507]","[52, 48]",0.0,0.006541200447827578,0.038707368075847626
55663,1171,56.0,56,,nnknn,100,11290,83651,7686,32920,3604,50731,323,828,0.294948,0.294948,True,"[1.0, 0.0]","[0.8525260090827942, 0.147474005818367]","[52, 48]",0.0,0.006541200447827578,0.038707368075847626
55792,1172,129.0,129,87.40052795410156,nnknn,100,11308,84600,7692,33378,3616,51222,328,854,0.29331399999999996,0.29331399999999996,True,"[0.6954411864280701, 0.30455881357192993]","[0.6381155848503113, 0.3618844747543335]","[53, 47]",0.0,0.006522293668240309,0.03820737451314926
55932,1173,140.0,140,,nnknn,100,11308,84600,7692,33378,3616,51222,328,854,0.29154066666666667,0.29154066666666667,True,"[0.8022725582122803, 0.1977275013923645]","[0.7141478061676025, 0.28585222363471985]","[53, 47]",0.0,0.006522293668240309,0.03820737451314926
56091,1174,159.0,159,,nnknn,100,11308,84600,7692,33378,3616,51222,328,854,0.2895266666666667,0.2895266666666667,True,"[0.4496152102947235, 0.5503848195075989]","[0.4642029404640198, 0.5357970595359802]","[53, 47]",0.0,0.006522293668240309,0.03820737451314926
56233,1175,142.0,142,,nnknn,100,11308,84600,7692,33378,3616,51222,328,854,0.287728,0.287728,True,"[0.8149694204330444, 0.18503063917160034]","[0.7243438959121704, 0.27565616369247437]","[53, 47]",0.0,0.006522293668240309,0.03820737451314926
56344,1176,111.0,111,76.33837127685547,nnknn,91,11803,85121,8177,33378,3626,51743,334,875,0.28632199999999997,0.28632199999999997,True,"[0.33340442180633545, 0.6665955781936646]","[0.38110440969467163, 0.6188955903053284]","[50, 41]",0.0004999912343919277,0.007170952390879393,0.037707481533288956
56512,1177,168.0,168,,nnknn,91,11803,85121,8177,33378,3626,51743,334,875,0.28419399999999995,0.28419399999999995,True,"[1.0, 0.0]","[0.857903003692627, 0.14209699630737305]","[50, 41]",0.0004999912343919277,0.007170952390879393,0.037707481533288956
56707,1178,195.0,195,,nnknn,91,11803,85121,8177,33378,3626,51743,334,875,0.281724,0.281724,True,"[0.197750061750412, 0.8022499680519104]","[0.2829011380672455, 0.7170988917350769]","[50, 41]",0.0004999912343919277,0.007170952390879393,0.037707481533288956
56937,1179,230.0,230,,nnknn,91,11803,85121,8177,33378,3626,51743,334,875,0.27881066666666665,0.27881066666666665,True,"[0.35043323040008545, 0.6495667695999146]","[0.39213404059410095, 0.6078659296035767]","[50, 41]",0.0004999912343919277,0.007170952390879393,0.037707481533288956
57152,1180,215.0,215,54.232948303222656,nnknn,100,11824,86611,8180,34116,3644,52495,340,913,0.27608733333333335,0.27608733333333335,True,"[0.5942566394805908, 0.4057433605194092]","[0.5682336091995239, 0.43176642060279846]","[51, 49]",0.0,0.006526709999889135,0.03820745646953583
57368,1181,216.0,216,,nnknn,100,11824,86611,8180,34116,3644,52495,340,913,0.2733513333333333,0.2733513333333333,True,"[0.8322844505310059, 0.16771560907363892]","[0.7414540648460388, 0.25854599475860596]","[51, 49]",0.0,0.006526709999889135,0.03820745646953583
57697,1182,329.0,329,,nnknn,100,11824,86611,8180,34116,3644,52495,340,913,0.269184,0.269184,True,"[0.30552440881729126, 0.6944755911827087]","[0.3578741252422333, 0.6421259045600891]","[51, 49]",0.0,0.006526709999889135,0.03820745646953583
58033,1183,336.0,336,,nnknn,100,11824,86611,8180,34116,3644,52495,340,913,0.26492799999999994,0.26492799999999994,True,"[1.0, 0.0]","[0.8675360083580017, 0.13246400654315948]","[51, 49]",0.0,0.006526709999889135,0.03820745646953583
58091,1184,58.0,58,52.37730026245117,nnknn,100,11845,88381,8188,34980,3657,53401,347,933,0.2641933333333333,0.2641933333333333,True,"[1.0, 0.0]","[0.8679033517837524, 0.13209666311740875]","[54, 46]",0.0,0.006485390476882458,0.0387074239552021
58233,1185,142.0,142,,nnknn,100,11845,88381,8188,34980,3657,53401,347,933,0.26239466666666666,0.26239466666666666,True,"[0.402898907661438, 0.597101092338562]","[0.4283777177333832, 0.5716222524642944]","[54, 46]",0.0,0.006485390476882458,0.0387074239552021
58432,1186,199.0,199,,nnknn,100,11845,88381,8188,34980,3657,53401,347,933,0.25987399999999994,0.25987399999999994,True,"[0.9081223011016846, 0.09187772870063782]","[0.802061915397644, 0.19793808460235596]","[54, 46]",0.0,0.006485390476882458,0.0387074239552021
58617,1187,185.0,185,,nnknn,100,11845,88381,8188,34980,3657,53401,347,933,0.2575306666666667,0.2575306666666667,True,"[1.0, 0.0]","[0.871234655380249, 0.12876532971858978]","[54, 46]",0.0,0.006485390476882458,0.0387074239552021
58772,1188,155.0,155,66.24803161621094,nnknn,100,11878,89618,8198,35586,3680,54032,353,960,0.25556733333333337,0.25556733333333337,True,"[0.46342623233795166, 0.5365737676620483]","[0.47277331352233887, 0.5272267460823059]","[54, 46]",0.0,0.006543814670294523,0.038207441568374634
58863,1189,91.0,91,,nnknn,100,11878,89618,8198,35586,3680,54032,353,960,0.2544146666666667,0.2544146666666667,True,"[0.3991888463497162, 0.6008111238479614]","[0.4248366951942444, 0.5751633048057556]","[54, 46]",0.0,0.006543814670294523,0.038207441568374634
59029,1190,166.0,166,,nnknn,100,11878,89618,8198,35586,3680,54032,353,960,0.252312,0.252312,True,"[0.4148766100406647, 0.5851233601570129]","[0.43635424971580505, 0.5636457204818726]","[54, 46]",0.0,0.006543814670294523,0.038207441568374634
59337,1191,308.0,308,,nnknn,100,11878,89618,8198,35586,3680,54032,353,960,0.24841066666666667,0.24841066666666667,True,"[0.7985515594482422, 0.20144842565059662]","[0.7243881821632385, 0.2756118178367615]","[54, 46]",0.0,0.006543814670294523,0.038207441568374634
59506,1192,169.0,169,53.15767288208008,nnknn,100,11912,90944,8210,36226,3702,54718,363,986,0.24627,0.24627,True,"[0.0, 1.0]","[0.12313500046730042, 0.876865029335022]","[50, 50]",0.0,0.006554132327437401,0.03770747780799866
59703,1193,197.0,197,,nnknn,100,11912,90944,8210,36226,3702,54718,363,986,0.2437746666666667,0.2437746666666667,True,"[1.0, 0.0]","[0.8781126737594604, 0.12188733369112015]","[50, 50]",0.0,0.006554132327437401,0.03770747780799866
60091,1194,388.0,388,,nnknn,100,11912,90944,8210,36226,3702,54718,363,986,0.23885999999999996,0.23885999999999996,True,"[0.5745760798454285, 0.42542392015457153]","[0.5567628145217896, 0.44323715567588806]","[50, 50]",0.0,0.006554132327437401,0.03770747780799866
60377,1195,286.0,286,,nnknn,100,11912,90944,8210,36226,3702,54718,363,986,0.2352373333333333,0.2352373333333333,True,"[0.0909031555056572, 0.9090968370437622]","[0.18713799118995667, 0.812861979007721]","[50, 50]",0.0,0.006554132327437401,0.03770747780799866
60578,1196,201.0,201,57.16973876953125,nnknn,100,11931,92963,8218,37207,3713,55756,368,1009,0.23269133333333336,0.23269133333333336,True,"[0.5589420795440674, 0.4410579204559326]","[0.5452267527580261, 0.4547732472419739]","[51, 49]",0.0,0.006589896511286497,0.03720754757523537
60809,1197,231.0,231,,nnknn,100,11931,92963,8218,37207,3713,55756,368,1009,0.22976533333333338,0.22976533333333338,True,"[0.8943985104560852, 0.10560151189565659]","[0.8037793636322021, 0.19622060656547546]","[51, 49]",0.0,0.006589896511286497,0.03720754757523537
61065,1198,256.0,256,,nnknn,100,11931,92963,8218,37207,3713,55756,368,1009,0.22652266666666665,0.22652266666666665,True,"[0.47101300954818726, 0.5289870500564575]","[0.4775792062282562, 0.5224208235740662]","[51, 49]",0.0,0.006589896511286497,0.03720754757523537
61207,1199,142.0,142,,nnknn,100,11931,92963,8218,37207,3713,55756,368,1009,0.22472400000000003,0.22472400000000003,True,"[0.46109244227409363, 0.5389075875282288]","[0.46983590722084045, 0.5301641225814819]","[51, 49]",0.0,0.006589896511286497,0.03720754757523537
61643,1200,436.0,436,40.56353759765625,nnknn,100,11961,94914,8227,38188,3734,56726,374,1083,0.21920133333333336,0.21920133333333336,True,"[0.4775204062461853, 0.5224796533584595]","[0.48244795203208923, 0.5175520777702332]","[55, 45]",0.0,0.0066641937009990215,0.037707529962062836
