[classification benchmark] iris method=nnknn
cases trainable: False
labels trainable: False
Number of feature extractor parameters: 0
Number of glocal weightor parameters: 1
torch.Size([1, 4])
Number of adapter parameters: 0
Number of case_net_params: 3
torch.Size([135])
torch.Size([135])
torch.Size([135, 1])
*****************
Training started for training_epochs epochs with batch size 32

[Stage 1] Retrieval-only training for up to 50 epochs (patience=20)
[Stage1] Epoch 1 - Val Acc: 1.0000 | Val Loss: 0.2002
[Stage1] New best (epoch 1) Val Loss: 0.2002 — saved: D:\NN-kNN\results\classification_nnknn_rerun_20260601_103353\checkpoint_iris_kfold_1_nnknn_retr.pth
[Stage1] Epoch 2 - Val Acc: 1.0000 | Val Loss: 0.1999
[Stage1] New best (epoch 2) Val Loss: 0.1999 — saved: D:\NN-kNN\results\classification_nnknn_rerun_20260601_103353\checkpoint_iris_kfold_1_nnknn_retr.pth
[Stage1] Epoch 3 - Val Acc: 1.0000 | Val Loss: 0.1996
[Stage1] New best (epoch 3) Val Loss: 0.1996 — saved: D:\NN-kNN\results\classification_nnknn_rerun_20260601_103353\checkpoint_iris_kfold_1_nnknn_retr.pth
[Stage1] Epoch 4 - Val Acc: 1.0000 | Val Loss: 0.1994
[Stage1] New best (epoch 4) Val Loss: 0.1994 — saved: D:\NN-kNN\results\classification_nnknn_rerun_20260601_103353\checkpoint_iris_kfold_1_nnknn_retr.pth
[Stage1] Epoch 5 - Val Acc: 1.0000 | Val Loss: 0.1991
[Stage1] New best (epoch 5) Val Loss: 0.1991 — saved: D:\NN-kNN\results\classification_nnknn_rerun_20260601_103353\checkpoint_iris_kfold_1_nnknn_retr.pth
[Stage1] Epoch 6 - Val Acc: 1.0000 | Val Loss: 0.1989
[Stage1] New best (epoch 6) Val Loss: 0.1989 — saved: D:\NN-kNN\results\classification_nnknn_rerun_20260601_103353\checkpoint_iris_kfold_1_nnknn_retr.pth
[Stage1] Epoch 7 - Val Acc: 1.0000 | Val Loss: 0.1986
[Stage1] New best (epoch 7) Val Loss: 0.1986 — saved: D:\NN-kNN\results\classification_nnknn_rerun_20260601_103353\checkpoint_iris_kfold_1_nnknn_retr.pth
[Stage1] Epoch 8 - Val Acc: 1.0000 | Val Loss: 0.1983
[Stage1] New best (epoch 8) Val Loss: 0.1983 — saved: D:\NN-kNN\results\classification_nnknn_rerun_20260601_103353\checkpoint_iris_kfold_1_nnknn_retr.pth
[Stage1] Epoch 9 - Val Acc: 1.0000 | Val Loss: 0.1981
[Stage1] New best (epoch 9) Val Loss: 0.1981 — saved: D:\NN-kNN\results\classification_nnknn_rerun_20260601_103353\checkpoint_iris_kfold_1_nnknn_retr.pth
[Stage1] Epoch 10 - Val Acc: 1.0000 | Val Loss: 0.1978
[Stage1] New best (epoch 10) Val Loss: 0.1978 — saved: D:\NN-kNN\results\classification_nnknn_rerun_20260601_103353\checkpoint_iris_kfold_1_nnknn_retr.pth
[Stage1] Epoch 11 - Val Acc: 1.0000 | Val Loss: 0.1976
[Stage1] New best (epoch 11) Val Loss: 0.1976 — saved: D:\NN-kNN\results\classification_nnknn_rerun_20260601_103353\checkpoint_iris_kfold_1_nnknn_retr.pth
[Stage1] Epoch 12 - Val Acc: 1.0000 | Val Loss: 0.1973
[Stage1] New best (epoch 12) Val Loss: 0.1973 — saved: D:\NN-kNN\results\classification_nnknn_rerun_20260601_103353\checkpoint_iris_kfold_1_nnknn_retr.pth
[Stage1] Epoch 13 - Val Acc: 1.0000 | Val Loss: 0.1971
[Stage1] New best (epoch 13) Val Loss: 0.1971 — saved: D:\NN-kNN\results\classification_nnknn_rerun_20260601_103353\checkpoint_iris_kfold_1_nnknn_retr.pth
[Stage1] Epoch 14 - Val Acc: 1.0000 | Val Loss: 0.1969
[Stage1] New best (epoch 14) Val Loss: 0.1969 — saved: D:\NN-kNN\results\classification_nnknn_rerun_20260601_103353\checkpoint_iris_kfold_1_nnknn_retr.pth
[Stage1] Epoch 15 - Val Acc: 1.0000 | Val Loss: 0.1966
[Stage1] New best (epoch 15) Val Loss: 0.1966 — saved: D:\NN-kNN\results\classification_nnknn_rerun_20260601_103353\checkpoint_iris_kfold_1_nnknn_retr.pth
[Stage1] Epoch 16 - Val Acc: 1.0000 | Val Loss: 0.1964
[Stage1] New best (epoch 16) Val Loss: 0.1964 — saved: D:\NN-kNN\results\classification_nnknn_rerun_20260601_103353\checkpoint_iris_kfold_1_nnknn_retr.pth
[Stage1] Epoch 17 - Val Acc: 1.0000 | Val Loss: 0.1961
[Stage1] New best (epoch 17) Val Loss: 0.1961 — saved: D:\NN-kNN\results\classification_nnknn_rerun_20260601_103353\checkpoint_iris_kfold_1_nnknn_retr.pth
[Stage1] Epoch 18 - Val Acc: 1.0000 | Val Loss: 0.1959
[Stage1] New best (epoch 18) Val Loss: 0.1959 — saved: D:\NN-kNN\results\classification_nnknn_rerun_20260601_103353\checkpoint_iris_kfold_1_nnknn_retr.pth
[Stage1] Epoch 19 - Val Acc: 1.0000 | Val Loss: 0.1956
[Stage1] New best (epoch 19) Val Loss: 0.1956 — saved: D:\NN-kNN\results\classification_nnknn_rerun_20260601_103353\checkpoint_iris_kfold_1_nnknn_retr.pth
[Stage1] Epoch 20 - Val Acc: 1.0000 | Val Loss: 0.1954
[Stage1] New best (epoch 20) Val Loss: 0.1954 — saved: D:\NN-kNN\results\classification_nnknn_rerun_20260601_103353\checkpoint_iris_kfold_1_nnknn_retr.pth
[Stage1] Epoch 21 - Val Acc: 1.0000 | Val Loss: 0.1951
[Stage1] New best (epoch 21) Val Loss: 0.1951 — saved: D:\NN-kNN\results\classification_nnknn_rerun_20260601_103353\checkpoint_iris_kfold_1_nnknn_retr.pth
[Stage1] Epoch 22 - Val Acc: 1.0000 | Val Loss: 0.1949
[Stage1] New best (epoch 22) Val Loss: 0.1949 — saved: D:\NN-kNN\results\classification_nnknn_rerun_20260601_103353\checkpoint_iris_kfold_1_nnknn_retr.pth
[Stage1] Epoch 23 - Val Acc: 1.0000 | Val Loss: 0.1947
[Stage1] New best (epoch 23) Val Loss: 0.1947 — saved: D:\NN-kNN\results\classification_nnknn_rerun_20260601_103353\checkpoint_iris_kfold_1_nnknn_retr.pth
[Stage1] Epoch 24 - Val Acc: 1.0000 | Val Loss: 0.1944
[Stage1] New best (epoch 24) Val Loss: 0.1944 — saved: D:\NN-kNN\results\classification_nnknn_rerun_20260601_103353\checkpoint_iris_kfold_1_nnknn_retr.pth
[Stage1] Epoch 25 - Val Acc: 1.0000 | Val Loss: 0.1942
[Stage1] New best (epoch 25) Val Loss: 0.1942 — saved: D:\NN-kNN\results\classification_nnknn_rerun_20260601_103353\checkpoint_iris_kfold_1_nnknn_retr.pth
[Stage1] Epoch 26 - Val Acc: 1.0000 | Val Loss: 0.1939
[Stage1] New best (epoch 26) Val Loss: 0.1939 — saved: D:\NN-kNN\results\classification_nnknn_rerun_20260601_103353\checkpoint_iris_kfold_1_nnknn_retr.pth
[Stage1] Epoch 27 - Val Acc: 1.0000 | Val Loss: 0.1937
[Stage1] New best (epoch 27) Val Loss: 0.1937 — saved: D:\NN-kNN\results\classification_nnknn_rerun_20260601_103353\checkpoint_iris_kfold_1_nnknn_retr.pth
[Stage1] Epoch 28 - Val Acc: 1.0000 | Val Loss: 0.1934
[Stage1] New best (epoch 28) Val Loss: 0.1934 — saved: D:\NN-kNN\results\classification_nnknn_rerun_20260601_103353\checkpoint_iris_kfold_1_nnknn_retr.pth
[Stage1] Epoch 29 - Val Acc: 1.0000 | Val Loss: 0.1932
[Stage1] New best (epoch 29) Val Loss: 0.1932 — saved: D:\NN-kNN\results\classification_nnknn_rerun_20260601_103353\checkpoint_iris_kfold_1_nnknn_retr.pth
[Stage1] Epoch 30 - Val Acc: 1.0000 | Val Loss: 0.1930
[Stage1] New best (epoch 30) Val Loss: 0.1930 — saved: D:\NN-kNN\results\classification_nnknn_rerun_20260601_103353\checkpoint_iris_kfold_1_nnknn_retr.pth
[Stage1] Epoch 31 - Val Acc: 1.0000 | Val Loss: 0.1927
[Stage1] New best (epoch 31) Val Loss: 0.1927 — saved: D:\NN-kNN\results\classification_nnknn_rerun_20260601_103353\checkpoint_iris_kfold_1_nnknn_retr.pth
[Stage1] Epoch 32 - Val Acc: 1.0000 | Val Loss: 0.1925
[Stage1] New best (epoch 32) Val Loss: 0.1925 — saved: D:\NN-kNN\results\classification_nnknn_rerun_20260601_103353\checkpoint_iris_kfold_1_nnknn_retr.pth
[Stage1] Epoch 33 - Val Acc: 1.0000 | Val Loss: 0.1922
[Stage1] New best (epoch 33) Val Loss: 0.1922 — saved: D:\NN-kNN\results\classification_nnknn_rerun_20260601_103353\checkpoint_iris_kfold_1_nnknn_retr.pth
[Stage1] Epoch 34 - Val Acc: 1.0000 | Val Loss: 0.1920
[Stage1] New best (epoch 34) Val Loss: 0.1920 — saved: D:\NN-kNN\results\classification_nnknn_rerun_20260601_103353\checkpoint_iris_kfold_1_nnknn_retr.pth
[Stage1] Epoch 35 - Val Acc: 1.0000 | Val Loss: 0.1918
[Stage1] New best (epoch 35) Val Loss: 0.1918 — saved: D:\NN-kNN\results\classification_nnknn_rerun_20260601_103353\checkpoint_iris_kfold_1_nnknn_retr.pth
[Stage1] Epoch 36 - Val Acc: 1.0000 | Val Loss: 0.1915
[Stage1] New best (epoch 36) Val Loss: 0.1915 — saved: D:\NN-kNN\results\classification_nnknn_rerun_20260601_103353\checkpoint_iris_kfold_1_nnknn_retr.pth
[Stage1] Epoch 37 - Val Acc: 1.0000 | Val Loss: 0.1913
[Stage1] New best (epoch 37) Val Loss: 0.1913 — saved: D:\NN-kNN\results\classification_nnknn_rerun_20260601_103353\checkpoint_iris_kfold_1_nnknn_retr.pth
[Stage1] Epoch 38 - Val Acc: 1.0000 | Val Loss: 0.1910
[Stage1] New best (epoch 38) Val Loss: 0.1910 — saved: D:\NN-kNN\results\classification_nnknn_rerun_20260601_103353\checkpoint_iris_kfold_1_nnknn_retr.pth
[Stage1] Epoch 39 - Val Acc: 1.0000 | Val Loss: 0.1908
[Stage1] New best (epoch 39) Val Loss: 0.1908 — saved: D:\NN-kNN\results\classification_nnknn_rerun_20260601_103353\checkpoint_iris_kfold_1_nnknn_retr.pth
[Stage1] Epoch 40 - Val Acc: 1.0000 | Val Loss: 0.1906
[Stage1] New best (epoch 40) Val Loss: 0.1906 — saved: D:\NN-kNN\results\classification_nnknn_rerun_20260601_103353\checkpoint_iris_kfold_1_nnknn_retr.pth
[Stage1] Epoch 41 - Val Acc: 1.0000 | Val Loss: 0.1903
[Stage1] New best (epoch 41) Val Loss: 0.1903 — saved: D:\NN-kNN\results\classification_nnknn_rerun_20260601_103353\checkpoint_iris_kfold_1_nnknn_retr.pth
[Stage1] Epoch 42 - Val Acc: 1.0000 | Val Loss: 0.1901
[Stage1] New best (epoch 42) Val Loss: 0.1901 — saved: D:\NN-kNN\results\classification_nnknn_rerun_20260601_103353\checkpoint_iris_kfold_1_nnknn_retr.pth
[Stage1] Epoch 43 - Val Acc: 1.0000 | Val Loss: 0.1899
[Stage1] New best (epoch 43) Val Loss: 0.1899 — saved: D:\NN-kNN\results\classification_nnknn_rerun_20260601_103353\checkpoint_iris_kfold_1_nnknn_retr.pth
[Stage1] Epoch 44 - Val Acc: 1.0000 | Val Loss: 0.1896
[Stage1] New best (epoch 44) Val Loss: 0.1896 — saved: D:\NN-kNN\results\classification_nnknn_rerun_20260601_103353\checkpoint_iris_kfold_1_nnknn_retr.pth
[Stage1] Epoch 45 - Val Acc: 1.0000 | Val Loss: 0.1894
[Stage1] New best (epoch 45) Val Loss: 0.1894 — saved: D:\NN-kNN\results\classification_nnknn_rerun_20260601_103353\checkpoint_iris_kfold_1_nnknn_retr.pth
[Stage1] Epoch 46 - Val Acc: 1.0000 | Val Loss: 0.1891
[Stage1] New best (epoch 46) Val Loss: 0.1891 — saved: D:\NN-kNN\results\classification_nnknn_rerun_20260601_103353\checkpoint_iris_kfold_1_nnknn_retr.pth
[Stage1] Epoch 47 - Val Acc: 1.0000 | Val Loss: 0.1889
[Stage1] New best (epoch 47) Val Loss: 0.1889 — saved: D:\NN-kNN\results\classification_nnknn_rerun_20260601_103353\checkpoint_iris_kfold_1_nnknn_retr.pth
[Stage1] Epoch 48 - Val Acc: 1.0000 | Val Loss: 0.1887
[Stage1] New best (epoch 48) Val Loss: 0.1887 — saved: D:\NN-kNN\results\classification_nnknn_rerun_20260601_103353\checkpoint_iris_kfold_1_nnknn_retr.pth
[Stage1] Epoch 49 - Val Acc: 1.0000 | Val Loss: 0.1884
[Stage1] New best (epoch 49) Val Loss: 0.1884 — saved: D:\NN-kNN\results\classification_nnknn_rerun_20260601_103353\checkpoint_iris_kfold_1_nnknn_retr.pth
[Stage1] Epoch 50 - Val Acc: 1.0000 | Val Loss: 0.1882
[Stage1] New best (epoch 50) Val Loss: 0.1882 — saved: D:\NN-kNN\results\classification_nnknn_rerun_20260601_103353\checkpoint_iris_kfold_1_nnknn_retr.pth

[Stage 2] Skipped: adapter not enabled.
Training completed. Best Acc or R2:  1.0
Final global feature weights: tensor([[0.2404, 0.2262, 0.2667, 0.2666]])
[classification benchmark] iris method=nnknn
cases trainable: False
labels trainable: False
Number of feature extractor parameters: 0
Number of glocal weightor parameters: 1
torch.Size([1, 4])
Number of adapter parameters: 0
Number of case_net_params: 3
torch.Size([135])
torch.Size([135])
torch.Size([135, 1])
*****************
Training started for training_epochs epochs with batch size 32

[Stage 1] Retrieval-only training for up to 50 epochs (patience=20)
[Stage1] Epoch 1 - Val Acc: 1.0000 | Val Loss: 0.2198
[Stage1] New best (epoch 1) Val Loss: 0.2198 — saved: D:\NN-kNN\results\classification_nnknn_rerun_20260601_103353\checkpoint_iris_kfold_2_nnknn_retr.pth
[Stage1] Epoch 2 - Val Acc: 1.0000 | Val Loss: 0.2195
[Stage1] New best (epoch 2) Val Loss: 0.2195 — saved: D:\NN-kNN\results\classification_nnknn_rerun_20260601_103353\checkpoint_iris_kfold_2_nnknn_retr.pth
[Stage1] Epoch 3 - Val Acc: 1.0000 | Val Loss: 0.2192
[Stage1] New best (epoch 3) Val Loss: 0.2192 — saved: D:\NN-kNN\results\classification_nnknn_rerun_20260601_103353\checkpoint_iris_kfold_2_nnknn_retr.pth
[Stage1] Epoch 4 - Val Acc: 1.0000 | Val Loss: 0.2189
[Stage1] New best (epoch 4) Val Loss: 0.2189 — saved: D:\NN-kNN\results\classification_nnknn_rerun_20260601_103353\checkpoint_iris_kfold_2_nnknn_retr.pth
[Stage1] Epoch 5 - Val Acc: 1.0000 | Val Loss: 0.2186
[Stage1] New best (epoch 5) Val Loss: 0.2186 — saved: D:\NN-kNN\results\classification_nnknn_rerun_20260601_103353\checkpoint_iris_kfold_2_nnknn_retr.pth
[Stage1] Epoch 6 - Val Acc: 1.0000 | Val Loss: 0.2183
[Stage1] New best (epoch 6) Val Loss: 0.2183 — saved: D:\NN-kNN\results\classification_nnknn_rerun_20260601_103353\checkpoint_iris_kfold_2_nnknn_retr.pth
[Stage1] Epoch 7 - Val Acc: 1.0000 | Val Loss: 0.2180
[Stage1] New best (epoch 7) Val Loss: 0.2180 — saved: D:\NN-kNN\results\classification_nnknn_rerun_20260601_103353\checkpoint_iris_kfold_2_nnknn_retr.pth
[Stage1] Epoch 8 - Val Acc: 1.0000 | Val Loss: 0.2178
[Stage1] New best (epoch 8) Val Loss: 0.2178 — saved: D:\NN-kNN\results\classification_nnknn_rerun_20260601_103353\checkpoint_iris_kfold_2_nnknn_retr.pth
[Stage1] Epoch 9 - Val Acc: 1.0000 | Val Loss: 0.2175
[Stage1] New best (epoch 9) Val Loss: 0.2175 — saved: D:\NN-kNN\results\classification_nnknn_rerun_20260601_103353\checkpoint_iris_kfold_2_nnknn_retr.pth
[Stage1] Epoch 10 - Val Acc: 1.0000 | Val Loss: 0.2172
[Stage1] New best (epoch 10) Val Loss: 0.2172 — saved: D:\NN-kNN\results\classification_nnknn_rerun_20260601_103353\checkpoint_iris_kfold_2_nnknn_retr.pth
[Stage1] Epoch 11 - Val Acc: 1.0000 | Val Loss: 0.2169
[Stage1] New best (epoch 11) Val Loss: 0.2169 — saved: D:\NN-kNN\results\classification_nnknn_rerun_20260601_103353\checkpoint_iris_kfold_2_nnknn_retr.pth
[Stage1] Epoch 12 - Val Acc: 1.0000 | Val Loss: 0.2166
[Stage1] New best (epoch 12) Val Loss: 0.2166 — saved: D:\NN-kNN\results\classification_nnknn_rerun_20260601_103353\checkpoint_iris_kfold_2_nnknn_retr.pth
[Stage1] Epoch 13 - Val Acc: 1.0000 | Val Loss: 0.2163
[Stage1] New best (epoch 13) Val Loss: 0.2163 — saved: D:\NN-kNN\results\classification_nnknn_rerun_20260601_103353\checkpoint_iris_kfold_2_nnknn_retr.pth
[Stage1] Epoch 14 - Val Acc: 1.0000 | Val Loss: 0.2160
[Stage1] New best (epoch 14) Val Loss: 0.2160 — saved: D:\NN-kNN\results\classification_nnknn_rerun_20260601_103353\checkpoint_iris_kfold_2_nnknn_retr.pth
[Stage1] Epoch 15 - Val Acc: 1.0000 | Val Loss: 0.2158
[Stage1] New best (epoch 15) Val Loss: 0.2158 — saved: D:\NN-kNN\results\classification_nnknn_rerun_20260601_103353\checkpoint_iris_kfold_2_nnknn_retr.pth
[Stage1] Epoch 16 - Val Acc: 1.0000 | Val Loss: 0.2155
[Stage1] New best (epoch 16) Val Loss: 0.2155 — saved: D:\NN-kNN\results\classification_nnknn_rerun_20260601_103353\checkpoint_iris_kfold_2_nnknn_retr.pth
[Stage1] Epoch 17 - Val Acc: 1.0000 | Val Loss: 0.2152
[Stage1] New best (epoch 17) Val Loss: 0.2152 — saved: D:\NN-kNN\results\classification_nnknn_rerun_20260601_103353\checkpoint_iris_kfold_2_nnknn_retr.pth
[Stage1] Epoch 18 - Val Acc: 1.0000 | Val Loss: 0.2149
[Stage1] New best (epoch 18) Val Loss: 0.2149 — saved: D:\NN-kNN\results\classification_nnknn_rerun_20260601_103353\checkpoint_iris_kfold_2_nnknn_retr.pth
[Stage1] Epoch 19 - Val Acc: 1.0000 | Val Loss: 0.2147
[Stage1] New best (epoch 19) Val Loss: 0.2147 — saved: D:\NN-kNN\results\classification_nnknn_rerun_20260601_103353\checkpoint_iris_kfold_2_nnknn_retr.pth
[Stage1] Epoch 20 - Val Acc: 1.0000 | Val Loss: 0.2144
[Stage1] New best (epoch 20) Val Loss: 0.2144 — saved: D:\NN-kNN\results\classification_nnknn_rerun_20260601_103353\checkpoint_iris_kfold_2_nnknn_retr.pth
[Stage1] Epoch 21 - Val Acc: 1.0000 | Val Loss: 0.2141
[Stage1] New best (epoch 21) Val Loss: 0.2141 — saved: D:\NN-kNN\results\classification_nnknn_rerun_20260601_103353\checkpoint_iris_kfold_2_nnknn_retr.pth
[Stage1] Epoch 22 - Val Acc: 1.0000 | Val Loss: 0.2139
[Stage1] New best (epoch 22) Val Loss: 0.2139 — saved: D:\NN-kNN\results\classification_nnknn_rerun_20260601_103353\checkpoint_iris_kfold_2_nnknn_retr.pth
[Stage1] Epoch 23 - Val Acc: 1.0000 | Val Loss: 0.2136
[Stage1] New best (epoch 23) Val Loss: 0.2136 — saved: D:\NN-kNN\results\classification_nnknn_rerun_20260601_103353\checkpoint_iris_kfold_2_nnknn_retr.pth
[Stage1] Epoch 24 - Val Acc: 1.0000 | Val Loss: 0.2133
[Stage1] New best (epoch 24) Val Loss: 0.2133 — saved: D:\NN-kNN\results\classification_nnknn_rerun_20260601_103353\checkpoint_iris_kfold_2_nnknn_retr.pth
[Stage1] Epoch 25 - Val Acc: 1.0000 | Val Loss: 0.2130
[Stage1] New best (epoch 25) Val Loss: 0.2130 — saved: D:\NN-kNN\results\classification_nnknn_rerun_20260601_103353\checkpoint_iris_kfold_2_nnknn_retr.pth
[Stage1] Epoch 26 - Val Acc: 1.0000 | Val Loss: 0.2128
[Stage1] New best (epoch 26) Val Loss: 0.2128 — saved: D:\NN-kNN\results\classification_nnknn_rerun_20260601_103353\checkpoint_iris_kfold_2_nnknn_retr.pth
[Stage1] Epoch 27 - Val Acc: 1.0000 | Val Loss: 0.2125
[Stage1] New best (epoch 27) Val Loss: 0.2125 — saved: D:\NN-kNN\results\classification_nnknn_rerun_20260601_103353\checkpoint_iris_kfold_2_nnknn_retr.pth
[Stage1] Epoch 28 - Val Acc: 1.0000 | Val Loss: 0.2123
[Stage1] New best (epoch 28) Val Loss: 0.2123 — saved: D:\NN-kNN\results\classification_nnknn_rerun_20260601_103353\checkpoint_iris_kfold_2_nnknn_retr.pth
[Stage1] Epoch 29 - Val Acc: 1.0000 | Val Loss: 0.2120
[Stage1] New best (epoch 29) Val Loss: 0.2120 — saved: D:\NN-kNN\results\classification_nnknn_rerun_20260601_103353\checkpoint_iris_kfold_2_nnknn_retr.pth
[Stage1] Epoch 30 - Val Acc: 1.0000 | Val Loss: 0.2117
[Stage1] New best (epoch 30) Val Loss: 0.2117 — saved: D:\NN-kNN\results\classification_nnknn_rerun_20260601_103353\checkpoint_iris_kfold_2_nnknn_retr.pth
[Stage1] Epoch 31 - Val Acc: 1.0000 | Val Loss: 0.2115
[Stage1] New best (epoch 31) Val Loss: 0.2115 — saved: D:\NN-kNN\results\classification_nnknn_rerun_20260601_103353\checkpoint_iris_kfold_2_nnknn_retr.pth
[Stage1] Epoch 32 - Val Acc: 1.0000 | Val Loss: 0.2112
[Stage1] New best (epoch 32) Val Loss: 0.2112 — saved: D:\NN-kNN\results\classification_nnknn_rerun_20260601_103353\checkpoint_iris_kfold_2_nnknn_retr.pth
[Stage1] Epoch 33 - Val Acc: 1.0000 | Val Loss: 0.2109
[Stage1] New best (epoch 33) Val Loss: 0.2109 — saved: D:\NN-kNN\results\classification_nnknn_rerun_20260601_103353\checkpoint_iris_kfold_2_nnknn_retr.pth
[Stage1] Epoch 34 - Val Acc: 1.0000 | Val Loss: 0.2107
[Stage1] New best (epoch 34) Val Loss: 0.2107 — saved: D:\NN-kNN\results\classification_nnknn_rerun_20260601_103353\checkpoint_iris_kfold_2_nnknn_retr.pth
[Stage1] Epoch 35 - Val Acc: 1.0000 | Val Loss: 0.2104
[Stage1] New best (epoch 35) Val Loss: 0.2104 — saved: D:\NN-kNN\results\classification_nnknn_rerun_20260601_103353\checkpoint_iris_kfold_2_nnknn_retr.pth
[Stage1] Epoch 36 - Val Acc: 1.0000 | Val Loss: 0.2102
[Stage1] New best (epoch 36) Val Loss: 0.2102 — saved: D:\NN-kNN\results\classification_nnknn_rerun_20260601_103353\checkpoint_iris_kfold_2_nnknn_retr.pth
[Stage1] Epoch 37 - Val Acc: 1.0000 | Val Loss: 0.2099
[Stage1] New best (epoch 37) Val Loss: 0.2099 — saved: D:\NN-kNN\results\classification_nnknn_rerun_20260601_103353\checkpoint_iris_kfold_2_nnknn_retr.pth
[Stage1] Epoch 38 - Val Acc: 1.0000 | Val Loss: 0.2096
[Stage1] New best (epoch 38) Val Loss: 0.2096 — saved: D:\NN-kNN\results\classification_nnknn_rerun_20260601_103353\checkpoint_iris_kfold_2_nnknn_retr.pth
[Stage1] Epoch 39 - Val Acc: 1.0000 | Val Loss: 0.2094
[Stage1] New best (epoch 39) Val Loss: 0.2094 — saved: D:\NN-kNN\results\classification_nnknn_rerun_20260601_103353\checkpoint_iris_kfold_2_nnknn_retr.pth
[Stage1] Epoch 40 - Val Acc: 1.0000 | Val Loss: 0.2091
[Stage1] New best (epoch 40) Val Loss: 0.2091 — saved: D:\NN-kNN\results\classification_nnknn_rerun_20260601_103353\checkpoint_iris_kfold_2_nnknn_retr.pth
[Stage1] Epoch 41 - Val Acc: 1.0000 | Val Loss: 0.2089
[Stage1] New best (epoch 41) Val Loss: 0.2089 — saved: D:\NN-kNN\results\classification_nnknn_rerun_20260601_103353\checkpoint_iris_kfold_2_nnknn_retr.pth
[Stage1] Epoch 42 - Val Acc: 1.0000 | Val Loss: 0.2086
[Stage1] New best (epoch 42) Val Loss: 0.2086 — saved: D:\NN-kNN\results\classification_nnknn_rerun_20260601_103353\checkpoint_iris_kfold_2_nnknn_retr.pth
[Stage1] Epoch 43 - Val Acc: 1.0000 | Val Loss: 0.2084
[Stage1] New best (epoch 43) Val Loss: 0.2084 — saved: D:\NN-kNN\results\classification_nnknn_rerun_20260601_103353\checkpoint_iris_kfold_2_nnknn_retr.pth
[Stage1] Epoch 44 - Val Acc: 1.0000 | Val Loss: 0.2081
[Stage1] New best (epoch 44) Val Loss: 0.2081 — saved: D:\NN-kNN\results\classification_nnknn_rerun_20260601_103353\checkpoint_iris_kfold_2_nnknn_retr.pth
[Stage1] Epoch 45 - Val Acc: 1.0000 | Val Loss: 0.2079
[Stage1] New best (epoch 45) Val Loss: 0.2079 — saved: D:\NN-kNN\results\classification_nnknn_rerun_20260601_103353\checkpoint_iris_kfold_2_nnknn_retr.pth
[Stage1] Epoch 46 - Val Acc: 1.0000 | Val Loss: 0.2076
[Stage1] New best (epoch 46) Val Loss: 0.2076 — saved: D:\NN-kNN\results\classification_nnknn_rerun_20260601_103353\checkpoint_iris_kfold_2_nnknn_retr.pth
[Stage1] Epoch 47 - Val Acc: 1.0000 | Val Loss: 0.2073
[Stage1] New best (epoch 47) Val Loss: 0.2073 — saved: D:\NN-kNN\results\classification_nnknn_rerun_20260601_103353\checkpoint_iris_kfold_2_nnknn_retr.pth
[Stage1] Epoch 48 - Val Acc: 1.0000 | Val Loss: 0.2071
[Stage1] New best (epoch 48) Val Loss: 0.2071 — saved: D:\NN-kNN\results\classification_nnknn_rerun_20260601_103353\checkpoint_iris_kfold_2_nnknn_retr.pth
[Stage1] Epoch 49 - Val Acc: 1.0000 | Val Loss: 0.2068
[Stage1] New best (epoch 49) Val Loss: 0.2068 — saved: D:\NN-kNN\results\classification_nnknn_rerun_20260601_103353\checkpoint_iris_kfold_2_nnknn_retr.pth
[Stage1] Epoch 50 - Val Acc: 1.0000 | Val Loss: 0.2066
[Stage1] New best (epoch 50) Val Loss: 0.2066 — saved: D:\NN-kNN\results\classification_nnknn_rerun_20260601_103353\checkpoint_iris_kfold_2_nnknn_retr.pth

[Stage 2] Skipped: adapter not enabled.
Training completed. Best Acc or R2:  1.0
Final global feature weights: tensor([[0.2399, 0.2271, 0.2664, 0.2665]])
[classification benchmark] iris method=nnknn
cases trainable: False
labels trainable: False
Number of feature extractor parameters: 0
Number of glocal weightor parameters: 1
torch.Size([1, 4])
Number of adapter parameters: 0
Number of case_net_params: 3
torch.Size([135])
torch.Size([135])
torch.Size([135, 1])
*****************
Training started for training_epochs epochs with batch size 32

[Stage 1] Retrieval-only training for up to 50 epochs (patience=20)
[Stage1] Epoch 1 - Val Acc: 1.0000 | Val Loss: 0.2279
[Stage1] New best (epoch 1) Val Loss: 0.2279 — saved: D:\NN-kNN\results\classification_nnknn_rerun_20260601_103353\checkpoint_iris_kfold_3_nnknn_retr.pth
[Stage1] Epoch 2 - Val Acc: 1.0000 | Val Loss: 0.2276
[Stage1] New best (epoch 2) Val Loss: 0.2276 — saved: D:\NN-kNN\results\classification_nnknn_rerun_20260601_103353\checkpoint_iris_kfold_3_nnknn_retr.pth
[Stage1] Epoch 3 - Val Acc: 1.0000 | Val Loss: 0.2273
[Stage1] New best (epoch 3) Val Loss: 0.2273 — saved: D:\NN-kNN\results\classification_nnknn_rerun_20260601_103353\checkpoint_iris_kfold_3_nnknn_retr.pth
[Stage1] Epoch 4 - Val Acc: 1.0000 | Val Loss: 0.2270
[Stage1] New best (epoch 4) Val Loss: 0.2270 — saved: D:\NN-kNN\results\classification_nnknn_rerun_20260601_103353\checkpoint_iris_kfold_3_nnknn_retr.pth
[Stage1] Epoch 5 - Val Acc: 1.0000 | Val Loss: 0.2267
[Stage1] New best (epoch 5) Val Loss: 0.2267 — saved: D:\NN-kNN\results\classification_nnknn_rerun_20260601_103353\checkpoint_iris_kfold_3_nnknn_retr.pth
[Stage1] Epoch 6 - Val Acc: 1.0000 | Val Loss: 0.2264
[Stage1] New best (epoch 6) Val Loss: 0.2264 — saved: D:\NN-kNN\results\classification_nnknn_rerun_20260601_103353\checkpoint_iris_kfold_3_nnknn_retr.pth
[Stage1] Epoch 7 - Val Acc: 1.0000 | Val Loss: 0.2261
[Stage1] New best (epoch 7) Val Loss: 0.2261 — saved: D:\NN-kNN\results\classification_nnknn_rerun_20260601_103353\checkpoint_iris_kfold_3_nnknn_retr.pth
[Stage1] Epoch 8 - Val Acc: 1.0000 | Val Loss: 0.2258
[Stage1] New best (epoch 8) Val Loss: 0.2258 — saved: D:\NN-kNN\results\classification_nnknn_rerun_20260601_103353\checkpoint_iris_kfold_3_nnknn_retr.pth
[Stage1] Epoch 9 - Val Acc: 1.0000 | Val Loss: 0.2255
[Stage1] New best (epoch 9) Val Loss: 0.2255 — saved: D:\NN-kNN\results\classification_nnknn_rerun_20260601_103353\checkpoint_iris_kfold_3_nnknn_retr.pth
[Stage1] Epoch 10 - Val Acc: 1.0000 | Val Loss: 0.2253
[Stage1] New best (epoch 10) Val Loss: 0.2253 — saved: D:\NN-kNN\results\classification_nnknn_rerun_20260601_103353\checkpoint_iris_kfold_3_nnknn_retr.pth
[Stage1] Epoch 11 - Val Acc: 1.0000 | Val Loss: 0.2250
[Stage1] New best (epoch 11) Val Loss: 0.2250 — saved: D:\NN-kNN\results\classification_nnknn_rerun_20260601_103353\checkpoint_iris_kfold_3_nnknn_retr.pth
[Stage1] Epoch 12 - Val Acc: 1.0000 | Val Loss: 0.2247
[Stage1] New best (epoch 12) Val Loss: 0.2247 — saved: D:\NN-kNN\results\classification_nnknn_rerun_20260601_103353\checkpoint_iris_kfold_3_nnknn_retr.pth
[Stage1] Epoch 13 - Val Acc: 1.0000 | Val Loss: 0.2244
[Stage1] New best (epoch 13) Val Loss: 0.2244 — saved: D:\NN-kNN\results\classification_nnknn_rerun_20260601_103353\checkpoint_iris_kfold_3_nnknn_retr.pth
[Stage1] Epoch 14 - Val Acc: 1.0000 | Val Loss: 0.2241
[Stage1] New best (epoch 14) Val Loss: 0.2241 — saved: D:\NN-kNN\results\classification_nnknn_rerun_20260601_103353\checkpoint_iris_kfold_3_nnknn_retr.pth
[Stage1] Epoch 15 - Val Acc: 1.0000 | Val Loss: 0.2238
[Stage1] New best (epoch 15) Val Loss: 0.2238 — saved: D:\NN-kNN\results\classification_nnknn_rerun_20260601_103353\checkpoint_iris_kfold_3_nnknn_retr.pth
[Stage1] Epoch 16 - Val Acc: 1.0000 | Val Loss: 0.2235
[Stage1] New best (epoch 16) Val Loss: 0.2235 — saved: D:\NN-kNN\results\classification_nnknn_rerun_20260601_103353\checkpoint_iris_kfold_3_nnknn_retr.pth
[Stage1] Epoch 17 - Val Acc: 1.0000 | Val Loss: 0.2233
[Stage1] New best (epoch 17) Val Loss: 0.2233 — saved: D:\NN-kNN\results\classification_nnknn_rerun_20260601_103353\checkpoint_iris_kfold_3_nnknn_retr.pth
[Stage1] Epoch 18 - Val Acc: 1.0000 | Val Loss: 0.2230
[Stage1] New best (epoch 18) Val Loss: 0.2230 — saved: D:\NN-kNN\results\classification_nnknn_rerun_20260601_103353\checkpoint_iris_kfold_3_nnknn_retr.pth
[Stage1] Epoch 19 - Val Acc: 1.0000 | Val Loss: 0.2227
[Stage1] New best (epoch 19) Val Loss: 0.2227 — saved: D:\NN-kNN\results\classification_nnknn_rerun_20260601_103353\checkpoint_iris_kfold_3_nnknn_retr.pth
[Stage1] Epoch 20 - Val Acc: 1.0000 | Val Loss: 0.2224
[Stage1] New best (epoch 20) Val Loss: 0.2224 — saved: D:\NN-kNN\results\classification_nnknn_rerun_20260601_103353\checkpoint_iris_kfold_3_nnknn_retr.pth
[Stage1] Epoch 21 - Val Acc: 1.0000 | Val Loss: 0.2221
[Stage1] New best (epoch 21) Val Loss: 0.2221 — saved: D:\NN-kNN\results\classification_nnknn_rerun_20260601_103353\checkpoint_iris_kfold_3_nnknn_retr.pth
[Stage1] Epoch 22 - Val Acc: 1.0000 | Val Loss: 0.2218
[Stage1] New best (epoch 22) Val Loss: 0.2218 — saved: D:\NN-kNN\results\classification_nnknn_rerun_20260601_103353\checkpoint_iris_kfold_3_nnknn_retr.pth
[Stage1] Epoch 23 - Val Acc: 1.0000 | Val Loss: 0.2216
[Stage1] New best (epoch 23) Val Loss: 0.2216 — saved: D:\NN-kNN\results\classification_nnknn_rerun_20260601_103353\checkpoint_iris_kfold_3_nnknn_retr.pth
[Stage1] Epoch 24 - Val Acc: 1.0000 | Val Loss: 0.2213
[Stage1] New best (epoch 24) Val Loss: 0.2213 — saved: D:\NN-kNN\results\classification_nnknn_rerun_20260601_103353\checkpoint_iris_kfold_3_nnknn_retr.pth
[Stage1] Epoch 25 - Val Acc: 1.0000 | Val Loss: 0.2210
[Stage1] New best (epoch 25) Val Loss: 0.2210 — saved: D:\NN-kNN\results\classification_nnknn_rerun_20260601_103353\checkpoint_iris_kfold_3_nnknn_retr.pth
[Stage1] Epoch 26 - Val Acc: 1.0000 | Val Loss: 0.2207
[Stage1] New best (epoch 26) Val Loss: 0.2207 — saved: D:\NN-kNN\results\classification_nnknn_rerun_20260601_103353\checkpoint_iris_kfold_3_nnknn_retr.pth
[Stage1] Epoch 27 - Val Acc: 1.0000 | Val Loss: 0.2204
[Stage1] New best (epoch 27) Val Loss: 0.2204 — saved: D:\NN-kNN\results\classification_nnknn_rerun_20260601_103353\checkpoint_iris_kfold_3_nnknn_retr.pth
[Stage1] Epoch 28 - Val Acc: 1.0000 | Val Loss: 0.2202
[Stage1] New best (epoch 28) Val Loss: 0.2202 — saved: D:\NN-kNN\results\classification_nnknn_rerun_20260601_103353\checkpoint_iris_kfold_3_nnknn_retr.pth
[Stage1] Epoch 29 - Val Acc: 1.0000 | Val Loss: 0.2199
[Stage1] New best (epoch 29) Val Loss: 0.2199 — saved: D:\NN-kNN\results\classification_nnknn_rerun_20260601_103353\checkpoint_iris_kfold_3_nnknn_retr.pth
[Stage1] Epoch 30 - Val Acc: 1.0000 | Val Loss: 0.2196
[Stage1] New best (epoch 30) Val Loss: 0.2196 — saved: D:\NN-kNN\results\classification_nnknn_rerun_20260601_103353\checkpoint_iris_kfold_3_nnknn_retr.pth
[Stage1] Epoch 31 - Val Acc: 1.0000 | Val Loss: 0.2193
[Stage1] New best (epoch 31) Val Loss: 0.2193 — saved: D:\NN-kNN\results\classification_nnknn_rerun_20260601_103353\checkpoint_iris_kfold_3_nnknn_retr.pth
[Stage1] Epoch 32 - Val Acc: 1.0000 | Val Loss: 0.2191
[Stage1] New best (epoch 32) Val Loss: 0.2191 — saved: D:\NN-kNN\results\classification_nnknn_rerun_20260601_103353\checkpoint_iris_kfold_3_nnknn_retr.pth
[Stage1] Epoch 33 - Val Acc: 1.0000 | Val Loss: 0.2188
[Stage1] New best (epoch 33) Val Loss: 0.2188 — saved: D:\NN-kNN\results\classification_nnknn_rerun_20260601_103353\checkpoint_iris_kfold_3_nnknn_retr.pth
[Stage1] Epoch 34 - Val Acc: 1.0000 | Val Loss: 0.2185
[Stage1] New best (epoch 34) Val Loss: 0.2185 — saved: D:\NN-kNN\results\classification_nnknn_rerun_20260601_103353\checkpoint_iris_kfold_3_nnknn_retr.pth
[Stage1] Epoch 35 - Val Acc: 1.0000 | Val Loss: 0.2182
[Stage1] New best (epoch 35) Val Loss: 0.2182 — saved: D:\NN-kNN\results\classification_nnknn_rerun_20260601_103353\checkpoint_iris_kfold_3_nnknn_retr.pth
[Stage1] Epoch 36 - Val Acc: 1.0000 | Val Loss: 0.2180
[Stage1] New best (epoch 36) Val Loss: 0.2180 — saved: D:\NN-kNN\results\classification_nnknn_rerun_20260601_103353\checkpoint_iris_kfold_3_nnknn_retr.pth
[Stage1] Epoch 37 - Val Acc: 1.0000 | Val Loss: 0.2177
[Stage1] New best (epoch 37) Val Loss: 0.2177 — saved: D:\NN-kNN\results\classification_nnknn_rerun_20260601_103353\checkpoint_iris_kfold_3_nnknn_retr.pth
[Stage1] Epoch 38 - Val Acc: 1.0000 | Val Loss: 0.2174
[Stage1] New best (epoch 38) Val Loss: 0.2174 — saved: D:\NN-kNN\results\classification_nnknn_rerun_20260601_103353\checkpoint_iris_kfold_3_nnknn_retr.pth
[Stage1] Epoch 39 - Val Acc: 1.0000 | Val Loss: 0.2171
[Stage1] New best (epoch 39) Val Loss: 0.2171 — saved: D:\NN-kNN\results\classification_nnknn_rerun_20260601_103353\checkpoint_iris_kfold_3_nnknn_retr.pth
[Stage1] Epoch 40 - Val Acc: 1.0000 | Val Loss: 0.2169
[Stage1] New best (epoch 40) Val Loss: 0.2169 — saved: D:\NN-kNN\results\classification_nnknn_rerun_20260601_103353\checkpoint_iris_kfold_3_nnknn_retr.pth
[Stage1] Epoch 41 - Val Acc: 1.0000 | Val Loss: 0.2166
[Stage1] New best (epoch 41) Val Loss: 0.2166 — saved: D:\NN-kNN\results\classification_nnknn_rerun_20260601_103353\checkpoint_iris_kfold_3_nnknn_retr.pth
[Stage1] Epoch 42 - Val Acc: 1.0000 | Val Loss: 0.2164
[Stage1] New best (epoch 42) Val Loss: 0.2164 — saved: D:\NN-kNN\results\classification_nnknn_rerun_20260601_103353\checkpoint_iris_kfold_3_nnknn_retr.pth
[Stage1] Epoch 43 - Val Acc: 1.0000 | Val Loss: 0.2161
[Stage1] New best (epoch 43) Val Loss: 0.2161 — saved: D:\NN-kNN\results\classification_nnknn_rerun_20260601_103353\checkpoint_iris_kfold_3_nnknn_retr.pth
[Stage1] Epoch 44 - Val Acc: 1.0000 | Val Loss: 0.2158
[Stage1] New best (epoch 44) Val Loss: 0.2158 — saved: D:\NN-kNN\results\classification_nnknn_rerun_20260601_103353\checkpoint_iris_kfold_3_nnknn_retr.pth
[Stage1] Epoch 45 - Val Acc: 1.0000 | Val Loss: 0.2156
[Stage1] New best (epoch 45) Val Loss: 0.2156 — saved: D:\NN-kNN\results\classification_nnknn_rerun_20260601_103353\checkpoint_iris_kfold_3_nnknn_retr.pth
[Stage1] Epoch 46 - Val Acc: 1.0000 | Val Loss: 0.2153
[Stage1] New best (epoch 46) Val Loss: 0.2153 — saved: D:\NN-kNN\results\classification_nnknn_rerun_20260601_103353\checkpoint_iris_kfold_3_nnknn_retr.pth
[Stage1] Epoch 47 - Val Acc: 1.0000 | Val Loss: 0.2150
[Stage1] New best (epoch 47) Val Loss: 0.2150 — saved: D:\NN-kNN\results\classification_nnknn_rerun_20260601_103353\checkpoint_iris_kfold_3_nnknn_retr.pth
[Stage1] Epoch 48 - Val Acc: 1.0000 | Val Loss: 0.2148
[Stage1] New best (epoch 48) Val Loss: 0.2148 — saved: D:\NN-kNN\results\classification_nnknn_rerun_20260601_103353\checkpoint_iris_kfold_3_nnknn_retr.pth
[Stage1] Epoch 49 - Val Acc: 1.0000 | Val Loss: 0.2145
[Stage1] New best (epoch 49) Val Loss: 0.2145 — saved: D:\NN-kNN\results\classification_nnknn_rerun_20260601_103353\checkpoint_iris_kfold_3_nnknn_retr.pth
[Stage1] Epoch 50 - Val Acc: 1.0000 | Val Loss: 0.2142
[Stage1] New best (epoch 50) Val Loss: 0.2142 — saved: D:\NN-kNN\results\classification_nnknn_rerun_20260601_103353\checkpoint_iris_kfold_3_nnknn_retr.pth

[Stage 2] Skipped: adapter not enabled.
Training completed. Best Acc or R2:  1.0
Final global feature weights: tensor([[0.2420, 0.2248, 0.2666, 0.2665]])
[classification benchmark] iris method=nnknn
cases trainable: False
labels trainable: False
Number of feature extractor parameters: 0
Number of glocal weightor parameters: 1
torch.Size([1, 4])
Number of adapter parameters: 0
Number of case_net_params: 3
torch.Size([135])
torch.Size([135])
torch.Size([135, 1])
*****************
Training started for training_epochs epochs with batch size 32

[Stage 1] Retrieval-only training for up to 50 epochs (patience=20)
[Stage1] Epoch 1 - Val Acc: 0.9333 | Val Loss: 0.2741
[Stage1] New best (epoch 1) Val Loss: 0.2741 — saved: D:\NN-kNN\results\classification_nnknn_rerun_20260601_103353\checkpoint_iris_kfold_4_nnknn_retr.pth
[Stage1] Epoch 2 - Val Acc: 0.9333 | Val Loss: 0.2738
[Stage1] New best (epoch 2) Val Loss: 0.2738 — saved: D:\NN-kNN\results\classification_nnknn_rerun_20260601_103353\checkpoint_iris_kfold_4_nnknn_retr.pth
[Stage1] Epoch 3 - Val Acc: 0.9333 | Val Loss: 0.2736
[Stage1] New best (epoch 3) Val Loss: 0.2736 — saved: D:\NN-kNN\results\classification_nnknn_rerun_20260601_103353\checkpoint_iris_kfold_4_nnknn_retr.pth
[Stage1] Epoch 4 - Val Acc: 0.9333 | Val Loss: 0.2734
[Stage1] New best (epoch 4) Val Loss: 0.2734 — saved: D:\NN-kNN\results\classification_nnknn_rerun_20260601_103353\checkpoint_iris_kfold_4_nnknn_retr.pth
[Stage1] Epoch 5 - Val Acc: 0.9333 | Val Loss: 0.2731
[Stage1] New best (epoch 5) Val Loss: 0.2731 — saved: D:\NN-kNN\results\classification_nnknn_rerun_20260601_103353\checkpoint_iris_kfold_4_nnknn_retr.pth
[Stage1] Epoch 6 - Val Acc: 0.9333 | Val Loss: 0.2729
[Stage1] New best (epoch 6) Val Loss: 0.2729 — saved: D:\NN-kNN\results\classification_nnknn_rerun_20260601_103353\checkpoint_iris_kfold_4_nnknn_retr.pth
[Stage1] Epoch 7 - Val Acc: 0.9333 | Val Loss: 0.2727
[Stage1] New best (epoch 7) Val Loss: 0.2727 — saved: D:\NN-kNN\results\classification_nnknn_rerun_20260601_103353\checkpoint_iris_kfold_4_nnknn_retr.pth
[Stage1] Epoch 8 - Val Acc: 0.9333 | Val Loss: 0.2724
[Stage1] New best (epoch 8) Val Loss: 0.2724 — saved: D:\NN-kNN\results\classification_nnknn_rerun_20260601_103353\checkpoint_iris_kfold_4_nnknn_retr.pth
[Stage1] Epoch 9 - Val Acc: 0.9333 | Val Loss: 0.2722
[Stage1] New best (epoch 9) Val Loss: 0.2722 — saved: D:\NN-kNN\results\classification_nnknn_rerun_20260601_103353\checkpoint_iris_kfold_4_nnknn_retr.pth
[Stage1] Epoch 10 - Val Acc: 0.9333 | Val Loss: 0.2720
[Stage1] New best (epoch 10) Val Loss: 0.2720 — saved: D:\NN-kNN\results\classification_nnknn_rerun_20260601_103353\checkpoint_iris_kfold_4_nnknn_retr.pth
[Stage1] Epoch 11 - Val Acc: 0.9333 | Val Loss: 0.2717
[Stage1] New best (epoch 11) Val Loss: 0.2717 — saved: D:\NN-kNN\results\classification_nnknn_rerun_20260601_103353\checkpoint_iris_kfold_4_nnknn_retr.pth
[Stage1] Epoch 12 - Val Acc: 0.9333 | Val Loss: 0.2715
[Stage1] New best (epoch 12) Val Loss: 0.2715 — saved: D:\NN-kNN\results\classification_nnknn_rerun_20260601_103353\checkpoint_iris_kfold_4_nnknn_retr.pth
[Stage1] Epoch 13 - Val Acc: 0.9333 | Val Loss: 0.2712
[Stage1] New best (epoch 13) Val Loss: 0.2712 — saved: D:\NN-kNN\results\classification_nnknn_rerun_20260601_103353\checkpoint_iris_kfold_4_nnknn_retr.pth
[Stage1] Epoch 14 - Val Acc: 0.9333 | Val Loss: 0.2710
[Stage1] New best (epoch 14) Val Loss: 0.2710 — saved: D:\NN-kNN\results\classification_nnknn_rerun_20260601_103353\checkpoint_iris_kfold_4_nnknn_retr.pth
[Stage1] Epoch 15 - Val Acc: 0.9333 | Val Loss: 0.2708
[Stage1] New best (epoch 15) Val Loss: 0.2708 — saved: D:\NN-kNN\results\classification_nnknn_rerun_20260601_103353\checkpoint_iris_kfold_4_nnknn_retr.pth
[Stage1] Epoch 16 - Val Acc: 0.9333 | Val Loss: 0.2705
[Stage1] New best (epoch 16) Val Loss: 0.2705 — saved: D:\NN-kNN\results\classification_nnknn_rerun_20260601_103353\checkpoint_iris_kfold_4_nnknn_retr.pth
[Stage1] Epoch 17 - Val Acc: 0.9333 | Val Loss: 0.2703
[Stage1] New best (epoch 17) Val Loss: 0.2703 — saved: D:\NN-kNN\results\classification_nnknn_rerun_20260601_103353\checkpoint_iris_kfold_4_nnknn_retr.pth
[Stage1] Epoch 18 - Val Acc: 0.9333 | Val Loss: 0.2701
[Stage1] New best (epoch 18) Val Loss: 0.2701 — saved: D:\NN-kNN\results\classification_nnknn_rerun_20260601_103353\checkpoint_iris_kfold_4_nnknn_retr.pth
[Stage1] Epoch 19 - Val Acc: 0.9333 | Val Loss: 0.2699
[Stage1] New best (epoch 19) Val Loss: 0.2699 — saved: D:\NN-kNN\results\classification_nnknn_rerun_20260601_103353\checkpoint_iris_kfold_4_nnknn_retr.pth
[Stage1] Epoch 20 - Val Acc: 0.9333 | Val Loss: 0.2696
[Stage1] New best (epoch 20) Val Loss: 0.2696 — saved: D:\NN-kNN\results\classification_nnknn_rerun_20260601_103353\checkpoint_iris_kfold_4_nnknn_retr.pth
[Stage1] Epoch 21 - Val Acc: 0.9333 | Val Loss: 0.2694
[Stage1] New best (epoch 21) Val Loss: 0.2694 — saved: D:\NN-kNN\results\classification_nnknn_rerun_20260601_103353\checkpoint_iris_kfold_4_nnknn_retr.pth
[Stage1] Epoch 22 - Val Acc: 0.9333 | Val Loss: 0.2692
[Stage1] New best (epoch 22) Val Loss: 0.2692 — saved: D:\NN-kNN\results\classification_nnknn_rerun_20260601_103353\checkpoint_iris_kfold_4_nnknn_retr.pth
[Stage1] Epoch 23 - Val Acc: 0.9333 | Val Loss: 0.2690
[Stage1] New best (epoch 23) Val Loss: 0.2690 — saved: D:\NN-kNN\results\classification_nnknn_rerun_20260601_103353\checkpoint_iris_kfold_4_nnknn_retr.pth
[Stage1] Epoch 24 - Val Acc: 0.9333 | Val Loss: 0.2687
[Stage1] New best (epoch 24) Val Loss: 0.2687 — saved: D:\NN-kNN\results\classification_nnknn_rerun_20260601_103353\checkpoint_iris_kfold_4_nnknn_retr.pth
[Stage1] Epoch 25 - Val Acc: 0.9333 | Val Loss: 0.2685
[Stage1] New best (epoch 25) Val Loss: 0.2685 — saved: D:\NN-kNN\results\classification_nnknn_rerun_20260601_103353\checkpoint_iris_kfold_4_nnknn_retr.pth
[Stage1] Epoch 26 - Val Acc: 0.9333 | Val Loss: 0.2683
[Stage1] New best (epoch 26) Val Loss: 0.2683 — saved: D:\NN-kNN\results\classification_nnknn_rerun_20260601_103353\checkpoint_iris_kfold_4_nnknn_retr.pth
[Stage1] Epoch 27 - Val Acc: 0.9333 | Val Loss: 0.2681
[Stage1] New best (epoch 27) Val Loss: 0.2681 — saved: D:\NN-kNN\results\classification_nnknn_rerun_20260601_103353\checkpoint_iris_kfold_4_nnknn_retr.pth
[Stage1] Epoch 28 - Val Acc: 0.9333 | Val Loss: 0.2678
[Stage1] New best (epoch 28) Val Loss: 0.2678 — saved: D:\NN-kNN\results\classification_nnknn_rerun_20260601_103353\checkpoint_iris_kfold_4_nnknn_retr.pth
[Stage1] Epoch 29 - Val Acc: 0.9333 | Val Loss: 0.2676
[Stage1] New best (epoch 29) Val Loss: 0.2676 — saved: D:\NN-kNN\results\classification_nnknn_rerun_20260601_103353\checkpoint_iris_kfold_4_nnknn_retr.pth
[Stage1] Epoch 30 - Val Acc: 0.9333 | Val Loss: 0.2674
[Stage1] New best (epoch 30) Val Loss: 0.2674 — saved: D:\NN-kNN\results\classification_nnknn_rerun_20260601_103353\checkpoint_iris_kfold_4_nnknn_retr.pth
[Stage1] Epoch 31 - Val Acc: 0.9333 | Val Loss: 0.2672
[Stage1] New best (epoch 31) Val Loss: 0.2672 — saved: D:\NN-kNN\results\classification_nnknn_rerun_20260601_103353\checkpoint_iris_kfold_4_nnknn_retr.pth
[Stage1] Epoch 32 - Val Acc: 0.9333 | Val Loss: 0.2670
[Stage1] New best (epoch 32) Val Loss: 0.2670 — saved: D:\NN-kNN\results\classification_nnknn_rerun_20260601_103353\checkpoint_iris_kfold_4_nnknn_retr.pth
[Stage1] Epoch 33 - Val Acc: 0.9333 | Val Loss: 0.2667
[Stage1] New best (epoch 33) Val Loss: 0.2667 — saved: D:\NN-kNN\results\classification_nnknn_rerun_20260601_103353\checkpoint_iris_kfold_4_nnknn_retr.pth
[Stage1] Epoch 34 - Val Acc: 0.9333 | Val Loss: 0.2665
[Stage1] New best (epoch 34) Val Loss: 0.2665 — saved: D:\NN-kNN\results\classification_nnknn_rerun_20260601_103353\checkpoint_iris_kfold_4_nnknn_retr.pth
[Stage1] Epoch 35 - Val Acc: 0.9333 | Val Loss: 0.2663
[Stage1] New best (epoch 35) Val Loss: 0.2663 — saved: D:\NN-kNN\results\classification_nnknn_rerun_20260601_103353\checkpoint_iris_kfold_4_nnknn_retr.pth
[Stage1] Epoch 36 - Val Acc: 0.9333 | Val Loss: 0.2661
[Stage1] New best (epoch 36) Val Loss: 0.2661 — saved: D:\NN-kNN\results\classification_nnknn_rerun_20260601_103353\checkpoint_iris_kfold_4_nnknn_retr.pth
[Stage1] Epoch 37 - Val Acc: 0.9333 | Val Loss: 0.2659
[Stage1] New best (epoch 37) Val Loss: 0.2659 — saved: D:\NN-kNN\results\classification_nnknn_rerun_20260601_103353\checkpoint_iris_kfold_4_nnknn_retr.pth
[Stage1] Epoch 38 - Val Acc: 0.9333 | Val Loss: 0.2656
[Stage1] New best (epoch 38) Val Loss: 0.2656 — saved: D:\NN-kNN\results\classification_nnknn_rerun_20260601_103353\checkpoint_iris_kfold_4_nnknn_retr.pth
[Stage1] Epoch 39 - Val Acc: 0.9333 | Val Loss: 0.2654
[Stage1] New best (epoch 39) Val Loss: 0.2654 — saved: D:\NN-kNN\results\classification_nnknn_rerun_20260601_103353\checkpoint_iris_kfold_4_nnknn_retr.pth
[Stage1] Epoch 40 - Val Acc: 0.9333 | Val Loss: 0.2652
[Stage1] New best (epoch 40) Val Loss: 0.2652 — saved: D:\NN-kNN\results\classification_nnknn_rerun_20260601_103353\checkpoint_iris_kfold_4_nnknn_retr.pth
[Stage1] Epoch 41 - Val Acc: 0.9333 | Val Loss: 0.2650
[Stage1] New best (epoch 41) Val Loss: 0.2650 — saved: D:\NN-kNN\results\classification_nnknn_rerun_20260601_103353\checkpoint_iris_kfold_4_nnknn_retr.pth
[Stage1] Epoch 42 - Val Acc: 0.9333 | Val Loss: 0.2648
[Stage1] New best (epoch 42) Val Loss: 0.2648 — saved: D:\NN-kNN\results\classification_nnknn_rerun_20260601_103353\checkpoint_iris_kfold_4_nnknn_retr.pth
[Stage1] Epoch 43 - Val Acc: 0.9333 | Val Loss: 0.2646
[Stage1] New best (epoch 43) Val Loss: 0.2646 — saved: D:\NN-kNN\results\classification_nnknn_rerun_20260601_103353\checkpoint_iris_kfold_4_nnknn_retr.pth
[Stage1] Epoch 44 - Val Acc: 0.9333 | Val Loss: 0.2644
[Stage1] New best (epoch 44) Val Loss: 0.2644 — saved: D:\NN-kNN\results\classification_nnknn_rerun_20260601_103353\checkpoint_iris_kfold_4_nnknn_retr.pth
[Stage1] Epoch 45 - Val Acc: 0.9333 | Val Loss: 0.2642
[Stage1] New best (epoch 45) Val Loss: 0.2642 — saved: D:\NN-kNN\results\classification_nnknn_rerun_20260601_103353\checkpoint_iris_kfold_4_nnknn_retr.pth
[Stage1] Epoch 46 - Val Acc: 0.9333 | Val Loss: 0.2640
[Stage1] New best (epoch 46) Val Loss: 0.2640 — saved: D:\NN-kNN\results\classification_nnknn_rerun_20260601_103353\checkpoint_iris_kfold_4_nnknn_retr.pth
[Stage1] Epoch 47 - Val Acc: 0.9333 | Val Loss: 0.2637
[Stage1] New best (epoch 47) Val Loss: 0.2637 — saved: D:\NN-kNN\results\classification_nnknn_rerun_20260601_103353\checkpoint_iris_kfold_4_nnknn_retr.pth
[Stage1] Epoch 48 - Val Acc: 0.9333 | Val Loss: 0.2635
[Stage1] New best (epoch 48) Val Loss: 0.2635 — saved: D:\NN-kNN\results\classification_nnknn_rerun_20260601_103353\checkpoint_iris_kfold_4_nnknn_retr.pth
[Stage1] Epoch 49 - Val Acc: 0.9333 | Val Loss: 0.2633
[Stage1] New best (epoch 49) Val Loss: 0.2633 — saved: D:\NN-kNN\results\classification_nnknn_rerun_20260601_103353\checkpoint_iris_kfold_4_nnknn_retr.pth
[Stage1] Epoch 50 - Val Acc: 0.9333 | Val Loss: 0.2631
[Stage1] New best (epoch 50) Val Loss: 0.2631 — saved: D:\NN-kNN\results\classification_nnknn_rerun_20260601_103353\checkpoint_iris_kfold_4_nnknn_retr.pth

[Stage 2] Skipped: adapter not enabled.
Training completed. Best Acc or R2:  0.9333333333333333
Final global feature weights: tensor([[0.2469, 0.2254, 0.2639, 0.2638]])
[classification benchmark] iris method=nnknn
cases trainable: False
labels trainable: False
Number of feature extractor parameters: 0
Number of glocal weightor parameters: 1
torch.Size([1, 4])
Number of adapter parameters: 0
Number of case_net_params: 3
torch.Size([135])
torch.Size([135])
torch.Size([135, 1])
*****************
Training started for training_epochs epochs with batch size 32

[Stage 1] Retrieval-only training for up to 50 epochs (patience=20)
[Stage1] Epoch 1 - Val Acc: 0.8667 | Val Loss: 0.3279
[Stage1] New best (epoch 1) Val Loss: 0.3279 — saved: D:\NN-kNN\results\classification_nnknn_rerun_20260601_103353\checkpoint_iris_kfold_5_nnknn_retr.pth
[Stage1] Epoch 2 - Val Acc: 0.8667 | Val Loss: 0.3276
[Stage1] New best (epoch 2) Val Loss: 0.3276 — saved: D:\NN-kNN\results\classification_nnknn_rerun_20260601_103353\checkpoint_iris_kfold_5_nnknn_retr.pth
[Stage1] Epoch 3 - Val Acc: 0.8667 | Val Loss: 0.3273
[Stage1] New best (epoch 3) Val Loss: 0.3273 — saved: D:\NN-kNN\results\classification_nnknn_rerun_20260601_103353\checkpoint_iris_kfold_5_nnknn_retr.pth
[Stage1] Epoch 4 - Val Acc: 0.8667 | Val Loss: 0.3270
[Stage1] New best (epoch 4) Val Loss: 0.3270 — saved: D:\NN-kNN\results\classification_nnknn_rerun_20260601_103353\checkpoint_iris_kfold_5_nnknn_retr.pth
[Stage1] Epoch 5 - Val Acc: 0.8667 | Val Loss: 0.3267
[Stage1] New best (epoch 5) Val Loss: 0.3267 — saved: D:\NN-kNN\results\classification_nnknn_rerun_20260601_103353\checkpoint_iris_kfold_5_nnknn_retr.pth
[Stage1] Epoch 6 - Val Acc: 0.8667 | Val Loss: 0.3265
[Stage1] New best (epoch 6) Val Loss: 0.3265 — saved: D:\NN-kNN\results\classification_nnknn_rerun_20260601_103353\checkpoint_iris_kfold_5_nnknn_retr.pth
[Stage1] Epoch 7 - Val Acc: 0.8667 | Val Loss: 0.3262
[Stage1] New best (epoch 7) Val Loss: 0.3262 — saved: D:\NN-kNN\results\classification_nnknn_rerun_20260601_103353\checkpoint_iris_kfold_5_nnknn_retr.pth
[Stage1] Epoch 8 - Val Acc: 0.8667 | Val Loss: 0.3259
[Stage1] New best (epoch 8) Val Loss: 0.3259 — saved: D:\NN-kNN\results\classification_nnknn_rerun_20260601_103353\checkpoint_iris_kfold_5_nnknn_retr.pth
[Stage1] Epoch 9 - Val Acc: 0.8667 | Val Loss: 0.3256
[Stage1] New best (epoch 9) Val Loss: 0.3256 — saved: D:\NN-kNN\results\classification_nnknn_rerun_20260601_103353\checkpoint_iris_kfold_5_nnknn_retr.pth
[Stage1] Epoch 10 - Val Acc: 0.8667 | Val Loss: 0.3254
[Stage1] New best (epoch 10) Val Loss: 0.3254 — saved: D:\NN-kNN\results\classification_nnknn_rerun_20260601_103353\checkpoint_iris_kfold_5_nnknn_retr.pth
[Stage1] Epoch 11 - Val Acc: 0.8667 | Val Loss: 0.3251
[Stage1] New best (epoch 11) Val Loss: 0.3251 — saved: D:\NN-kNN\results\classification_nnknn_rerun_20260601_103353\checkpoint_iris_kfold_5_nnknn_retr.pth
[Stage1] Epoch 12 - Val Acc: 0.8667 | Val Loss: 0.3248
[Stage1] New best (epoch 12) Val Loss: 0.3248 — saved: D:\NN-kNN\results\classification_nnknn_rerun_20260601_103353\checkpoint_iris_kfold_5_nnknn_retr.pth
[Stage1] Epoch 13 - Val Acc: 0.8667 | Val Loss: 0.3246
[Stage1] New best (epoch 13) Val Loss: 0.3246 — saved: D:\NN-kNN\results\classification_nnknn_rerun_20260601_103353\checkpoint_iris_kfold_5_nnknn_retr.pth
[Stage1] Epoch 14 - Val Acc: 0.8667 | Val Loss: 0.3243
[Stage1] New best (epoch 14) Val Loss: 0.3243 — saved: D:\NN-kNN\results\classification_nnknn_rerun_20260601_103353\checkpoint_iris_kfold_5_nnknn_retr.pth
[Stage1] Epoch 15 - Val Acc: 0.8667 | Val Loss: 0.3240
[Stage1] New best (epoch 15) Val Loss: 0.3240 — saved: D:\NN-kNN\results\classification_nnknn_rerun_20260601_103353\checkpoint_iris_kfold_5_nnknn_retr.pth
[Stage1] Epoch 16 - Val Acc: 0.8667 | Val Loss: 0.3238
[Stage1] New best (epoch 16) Val Loss: 0.3238 — saved: D:\NN-kNN\results\classification_nnknn_rerun_20260601_103353\checkpoint_iris_kfold_5_nnknn_retr.pth
[Stage1] Epoch 17 - Val Acc: 0.8667 | Val Loss: 0.3235
[Stage1] New best (epoch 17) Val Loss: 0.3235 — saved: D:\NN-kNN\results\classification_nnknn_rerun_20260601_103353\checkpoint_iris_kfold_5_nnknn_retr.pth
[Stage1] Epoch 18 - Val Acc: 0.8667 | Val Loss: 0.3232
[Stage1] New best (epoch 18) Val Loss: 0.3232 — saved: D:\NN-kNN\results\classification_nnknn_rerun_20260601_103353\checkpoint_iris_kfold_5_nnknn_retr.pth
[Stage1] Epoch 19 - Val Acc: 0.8667 | Val Loss: 0.3229
[Stage1] New best (epoch 19) Val Loss: 0.3229 — saved: D:\NN-kNN\results\classification_nnknn_rerun_20260601_103353\checkpoint_iris_kfold_5_nnknn_retr.pth
[Stage1] Epoch 20 - Val Acc: 0.8667 | Val Loss: 0.3226
[Stage1] New best (epoch 20) Val Loss: 0.3226 — saved: D:\NN-kNN\results\classification_nnknn_rerun_20260601_103353\checkpoint_iris_kfold_5_nnknn_retr.pth
[Stage1] Epoch 21 - Val Acc: 0.8667 | Val Loss: 0.3224
[Stage1] New best (epoch 21) Val Loss: 0.3224 — saved: D:\NN-kNN\results\classification_nnknn_rerun_20260601_103353\checkpoint_iris_kfold_5_nnknn_retr.pth
[Stage1] Epoch 22 - Val Acc: 0.8667 | Val Loss: 0.3221
[Stage1] New best (epoch 22) Val Loss: 0.3221 — saved: D:\NN-kNN\results\classification_nnknn_rerun_20260601_103353\checkpoint_iris_kfold_5_nnknn_retr.pth
[Stage1] Epoch 23 - Val Acc: 0.8667 | Val Loss: 0.3218
[Stage1] New best (epoch 23) Val Loss: 0.3218 — saved: D:\NN-kNN\results\classification_nnknn_rerun_20260601_103353\checkpoint_iris_kfold_5_nnknn_retr.pth
[Stage1] Epoch 24 - Val Acc: 0.8667 | Val Loss: 0.3215
[Stage1] New best (epoch 24) Val Loss: 0.3215 — saved: D:\NN-kNN\results\classification_nnknn_rerun_20260601_103353\checkpoint_iris_kfold_5_nnknn_retr.pth
[Stage1] Epoch 25 - Val Acc: 0.8667 | Val Loss: 0.3212
[Stage1] New best (epoch 25) Val Loss: 0.3212 — saved: D:\NN-kNN\results\classification_nnknn_rerun_20260601_103353\checkpoint_iris_kfold_5_nnknn_retr.pth
[Stage1] Epoch 26 - Val Acc: 0.8667 | Val Loss: 0.3210
[Stage1] New best (epoch 26) Val Loss: 0.3210 — saved: D:\NN-kNN\results\classification_nnknn_rerun_20260601_103353\checkpoint_iris_kfold_5_nnknn_retr.pth
[Stage1] Epoch 27 - Val Acc: 0.8667 | Val Loss: 0.3207
[Stage1] New best (epoch 27) Val Loss: 0.3207 — saved: D:\NN-kNN\results\classification_nnknn_rerun_20260601_103353\checkpoint_iris_kfold_5_nnknn_retr.pth
[Stage1] Epoch 28 - Val Acc: 0.8667 | Val Loss: 0.3204
[Stage1] New best (epoch 28) Val Loss: 0.3204 — saved: D:\NN-kNN\results\classification_nnknn_rerun_20260601_103353\checkpoint_iris_kfold_5_nnknn_retr.pth
[Stage1] Epoch 29 - Val Acc: 0.8667 | Val Loss: 0.3202
[Stage1] New best (epoch 29) Val Loss: 0.3202 — saved: D:\NN-kNN\results\classification_nnknn_rerun_20260601_103353\checkpoint_iris_kfold_5_nnknn_retr.pth
[Stage1] Epoch 30 - Val Acc: 0.8667 | Val Loss: 0.3199
[Stage1] New best (epoch 30) Val Loss: 0.3199 — saved: D:\NN-kNN\results\classification_nnknn_rerun_20260601_103353\checkpoint_iris_kfold_5_nnknn_retr.pth
[Stage1] Epoch 31 - Val Acc: 0.8667 | Val Loss: 0.3196
[Stage1] New best (epoch 31) Val Loss: 0.3196 — saved: D:\NN-kNN\results\classification_nnknn_rerun_20260601_103353\checkpoint_iris_kfold_5_nnknn_retr.pth
[Stage1] Epoch 32 - Val Acc: 0.8667 | Val Loss: 0.3194
[Stage1] New best (epoch 32) Val Loss: 0.3194 — saved: D:\NN-kNN\results\classification_nnknn_rerun_20260601_103353\checkpoint_iris_kfold_5_nnknn_retr.pth
[Stage1] Epoch 33 - Val Acc: 0.8667 | Val Loss: 0.3191
[Stage1] New best (epoch 33) Val Loss: 0.3191 — saved: D:\NN-kNN\results\classification_nnknn_rerun_20260601_103353\checkpoint_iris_kfold_5_nnknn_retr.pth
[Stage1] Epoch 34 - Val Acc: 0.8667 | Val Loss: 0.3189
[Stage1] New best (epoch 34) Val Loss: 0.3189 — saved: D:\NN-kNN\results\classification_nnknn_rerun_20260601_103353\checkpoint_iris_kfold_5_nnknn_retr.pth
[Stage1] Epoch 35 - Val Acc: 0.8667 | Val Loss: 0.3186
[Stage1] New best (epoch 35) Val Loss: 0.3186 — saved: D:\NN-kNN\results\classification_nnknn_rerun_20260601_103353\checkpoint_iris_kfold_5_nnknn_retr.pth
[Stage1] Epoch 36 - Val Acc: 0.8667 | Val Loss: 0.3183
[Stage1] New best (epoch 36) Val Loss: 0.3183 — saved: D:\NN-kNN\results\classification_nnknn_rerun_20260601_103353\checkpoint_iris_kfold_5_nnknn_retr.pth
[Stage1] Epoch 37 - Val Acc: 0.8667 | Val Loss: 0.3181
[Stage1] New best (epoch 37) Val Loss: 0.3181 — saved: D:\NN-kNN\results\classification_nnknn_rerun_20260601_103353\checkpoint_iris_kfold_5_nnknn_retr.pth
[Stage1] Epoch 38 - Val Acc: 0.8667 | Val Loss: 0.3178
[Stage1] New best (epoch 38) Val Loss: 0.3178 — saved: D:\NN-kNN\results\classification_nnknn_rerun_20260601_103353\checkpoint_iris_kfold_5_nnknn_retr.pth
[Stage1] Epoch 39 - Val Acc: 0.8667 | Val Loss: 0.3175
[Stage1] New best (epoch 39) Val Loss: 0.3175 — saved: D:\NN-kNN\results\classification_nnknn_rerun_20260601_103353\checkpoint_iris_kfold_5_nnknn_retr.pth
[Stage1] Epoch 40 - Val Acc: 0.8667 | Val Loss: 0.3173
[Stage1] New best (epoch 40) Val Loss: 0.3173 — saved: D:\NN-kNN\results\classification_nnknn_rerun_20260601_103353\checkpoint_iris_kfold_5_nnknn_retr.pth
[Stage1] Epoch 41 - Val Acc: 0.8667 | Val Loss: 0.3170
[Stage1] New best (epoch 41) Val Loss: 0.3170 — saved: D:\NN-kNN\results\classification_nnknn_rerun_20260601_103353\checkpoint_iris_kfold_5_nnknn_retr.pth
[Stage1] Epoch 42 - Val Acc: 0.8667 | Val Loss: 0.3168
[Stage1] New best (epoch 42) Val Loss: 0.3168 — saved: D:\NN-kNN\results\classification_nnknn_rerun_20260601_103353\checkpoint_iris_kfold_5_nnknn_retr.pth
[Stage1] Epoch 43 - Val Acc: 0.8667 | Val Loss: 0.3165
[Stage1] New best (epoch 43) Val Loss: 0.3165 — saved: D:\NN-kNN\results\classification_nnknn_rerun_20260601_103353\checkpoint_iris_kfold_5_nnknn_retr.pth
[Stage1] Epoch 44 - Val Acc: 0.8667 | Val Loss: 0.3163
[Stage1] New best (epoch 44) Val Loss: 0.3163 — saved: D:\NN-kNN\results\classification_nnknn_rerun_20260601_103353\checkpoint_iris_kfold_5_nnknn_retr.pth
[Stage1] Epoch 45 - Val Acc: 0.8667 | Val Loss: 0.3160
[Stage1] New best (epoch 45) Val Loss: 0.3160 — saved: D:\NN-kNN\results\classification_nnknn_rerun_20260601_103353\checkpoint_iris_kfold_5_nnknn_retr.pth
[Stage1] Epoch 46 - Val Acc: 0.8667 | Val Loss: 0.3158
[Stage1] New best (epoch 46) Val Loss: 0.3158 — saved: D:\NN-kNN\results\classification_nnknn_rerun_20260601_103353\checkpoint_iris_kfold_5_nnknn_retr.pth
[Stage1] Epoch 47 - Val Acc: 0.8667 | Val Loss: 0.3155
[Stage1] New best (epoch 47) Val Loss: 0.3155 — saved: D:\NN-kNN\results\classification_nnknn_rerun_20260601_103353\checkpoint_iris_kfold_5_nnknn_retr.pth
[Stage1] Epoch 48 - Val Acc: 0.8667 | Val Loss: 0.3152
[Stage1] New best (epoch 48) Val Loss: 0.3152 — saved: D:\NN-kNN\results\classification_nnknn_rerun_20260601_103353\checkpoint_iris_kfold_5_nnknn_retr.pth
[Stage1] Epoch 49 - Val Acc: 0.8667 | Val Loss: 0.3150
[Stage1] New best (epoch 49) Val Loss: 0.3150 — saved: D:\NN-kNN\results\classification_nnknn_rerun_20260601_103353\checkpoint_iris_kfold_5_nnknn_retr.pth
[Stage1] Epoch 50 - Val Acc: 0.8667 | Val Loss: 0.3147
[Stage1] New best (epoch 50) Val Loss: 0.3147 — saved: D:\NN-kNN\results\classification_nnknn_rerun_20260601_103353\checkpoint_iris_kfold_5_nnknn_retr.pth

[Stage 2] Skipped: adapter not enabled.
Training completed. Best Acc or R2:  0.8666666666666667
Final global feature weights: tensor([[0.2318, 0.2286, 0.2698, 0.2697]])
[classification benchmark] iris method=nnknn
cases trainable: False
labels trainable: False
Number of feature extractor parameters: 0
Number of glocal weightor parameters: 1
torch.Size([1, 4])
Number of adapter parameters: 0
Number of case_net_params: 3
torch.Size([135])
torch.Size([135])
torch.Size([135, 1])
*****************
Training started for training_epochs epochs with batch size 32

[Stage 1] Retrieval-only training for up to 50 epochs (patience=20)
[Stage1] Epoch 1 - Val Acc: 1.0000 | Val Loss: 0.2600
[Stage1] New best (epoch 1) Val Loss: 0.2600 — saved: D:\NN-kNN\results\classification_nnknn_rerun_20260601_103353\checkpoint_iris_kfold_6_nnknn_retr.pth
[Stage1] Epoch 2 - Val Acc: 1.0000 | Val Loss: 0.2598
[Stage1] New best (epoch 2) Val Loss: 0.2598 — saved: D:\NN-kNN\results\classification_nnknn_rerun_20260601_103353\checkpoint_iris_kfold_6_nnknn_retr.pth
[Stage1] Epoch 3 - Val Acc: 1.0000 | Val Loss: 0.2596
[Stage1] New best (epoch 3) Val Loss: 0.2596 — saved: D:\NN-kNN\results\classification_nnknn_rerun_20260601_103353\checkpoint_iris_kfold_6_nnknn_retr.pth
[Stage1] Epoch 4 - Val Acc: 1.0000 | Val Loss: 0.2594
[Stage1] New best (epoch 4) Val Loss: 0.2594 — saved: D:\NN-kNN\results\classification_nnknn_rerun_20260601_103353\checkpoint_iris_kfold_6_nnknn_retr.pth
[Stage1] Epoch 5 - Val Acc: 1.0000 | Val Loss: 0.2592
[Stage1] New best (epoch 5) Val Loss: 0.2592 — saved: D:\NN-kNN\results\classification_nnknn_rerun_20260601_103353\checkpoint_iris_kfold_6_nnknn_retr.pth
[Stage1] Epoch 6 - Val Acc: 1.0000 | Val Loss: 0.2590
[Stage1] New best (epoch 6) Val Loss: 0.2590 — saved: D:\NN-kNN\results\classification_nnknn_rerun_20260601_103353\checkpoint_iris_kfold_6_nnknn_retr.pth
[Stage1] Epoch 7 - Val Acc: 1.0000 | Val Loss: 0.2588
[Stage1] New best (epoch 7) Val Loss: 0.2588 — saved: D:\NN-kNN\results\classification_nnknn_rerun_20260601_103353\checkpoint_iris_kfold_6_nnknn_retr.pth
[Stage1] Epoch 8 - Val Acc: 1.0000 | Val Loss: 0.2586
[Stage1] New best (epoch 8) Val Loss: 0.2586 — saved: D:\NN-kNN\results\classification_nnknn_rerun_20260601_103353\checkpoint_iris_kfold_6_nnknn_retr.pth
[Stage1] Epoch 9 - Val Acc: 1.0000 | Val Loss: 0.2584
[Stage1] New best (epoch 9) Val Loss: 0.2584 — saved: D:\NN-kNN\results\classification_nnknn_rerun_20260601_103353\checkpoint_iris_kfold_6_nnknn_retr.pth
[Stage1] Epoch 10 - Val Acc: 1.0000 | Val Loss: 0.2582
[Stage1] New best (epoch 10) Val Loss: 0.2582 — saved: D:\NN-kNN\results\classification_nnknn_rerun_20260601_103353\checkpoint_iris_kfold_6_nnknn_retr.pth
[Stage1] Epoch 11 - Val Acc: 1.0000 | Val Loss: 0.2580
[Stage1] New best (epoch 11) Val Loss: 0.2580 — saved: D:\NN-kNN\results\classification_nnknn_rerun_20260601_103353\checkpoint_iris_kfold_6_nnknn_retr.pth
[Stage1] Epoch 12 - Val Acc: 1.0000 | Val Loss: 0.2578
[Stage1] New best (epoch 12) Val Loss: 0.2578 — saved: D:\NN-kNN\results\classification_nnknn_rerun_20260601_103353\checkpoint_iris_kfold_6_nnknn_retr.pth
[Stage1] Epoch 13 - Val Acc: 1.0000 | Val Loss: 0.2576
[Stage1] New best (epoch 13) Val Loss: 0.2576 — saved: D:\NN-kNN\results\classification_nnknn_rerun_20260601_103353\checkpoint_iris_kfold_6_nnknn_retr.pth
[Stage1] Epoch 14 - Val Acc: 1.0000 | Val Loss: 0.2574
[Stage1] New best (epoch 14) Val Loss: 0.2574 — saved: D:\NN-kNN\results\classification_nnknn_rerun_20260601_103353\checkpoint_iris_kfold_6_nnknn_retr.pth
[Stage1] Epoch 15 - Val Acc: 1.0000 | Val Loss: 0.2572
[Stage1] New best (epoch 15) Val Loss: 0.2572 — saved: D:\NN-kNN\results\classification_nnknn_rerun_20260601_103353\checkpoint_iris_kfold_6_nnknn_retr.pth
[Stage1] Epoch 16 - Val Acc: 1.0000 | Val Loss: 0.2570
[Stage1] New best (epoch 16) Val Loss: 0.2570 — saved: D:\NN-kNN\results\classification_nnknn_rerun_20260601_103353\checkpoint_iris_kfold_6_nnknn_retr.pth
[Stage1] Epoch 17 - Val Acc: 1.0000 | Val Loss: 0.2568
[Stage1] New best (epoch 17) Val Loss: 0.2568 — saved: D:\NN-kNN\results\classification_nnknn_rerun_20260601_103353\checkpoint_iris_kfold_6_nnknn_retr.pth
[Stage1] Epoch 18 - Val Acc: 1.0000 | Val Loss: 0.2566
[Stage1] New best (epoch 18) Val Loss: 0.2566 — saved: D:\NN-kNN\results\classification_nnknn_rerun_20260601_103353\checkpoint_iris_kfold_6_nnknn_retr.pth
[Stage1] Epoch 19 - Val Acc: 1.0000 | Val Loss: 0.2564
[Stage1] New best (epoch 19) Val Loss: 0.2564 — saved: D:\NN-kNN\results\classification_nnknn_rerun_20260601_103353\checkpoint_iris_kfold_6_nnknn_retr.pth
[Stage1] Epoch 20 - Val Acc: 1.0000 | Val Loss: 0.2562
[Stage1] New best (epoch 20) Val Loss: 0.2562 — saved: D:\NN-kNN\results\classification_nnknn_rerun_20260601_103353\checkpoint_iris_kfold_6_nnknn_retr.pth
[Stage1] Epoch 21 - Val Acc: 1.0000 | Val Loss: 0.2560
[Stage1] New best (epoch 21) Val Loss: 0.2560 — saved: D:\NN-kNN\results\classification_nnknn_rerun_20260601_103353\checkpoint_iris_kfold_6_nnknn_retr.pth
[Stage1] Epoch 22 - Val Acc: 1.0000 | Val Loss: 0.2559
[Stage1] New best (epoch 22) Val Loss: 0.2559 — saved: D:\NN-kNN\results\classification_nnknn_rerun_20260601_103353\checkpoint_iris_kfold_6_nnknn_retr.pth
[Stage1] Epoch 23 - Val Acc: 1.0000 | Val Loss: 0.2557
[Stage1] New best (epoch 23) Val Loss: 0.2557 — saved: D:\NN-kNN\results\classification_nnknn_rerun_20260601_103353\checkpoint_iris_kfold_6_nnknn_retr.pth
[Stage1] Epoch 24 - Val Acc: 1.0000 | Val Loss: 0.2555
[Stage1] New best (epoch 24) Val Loss: 0.2555 — saved: D:\NN-kNN\results\classification_nnknn_rerun_20260601_103353\checkpoint_iris_kfold_6_nnknn_retr.pth
[Stage1] Epoch 25 - Val Acc: 1.0000 | Val Loss: 0.2553
[Stage1] New best (epoch 25) Val Loss: 0.2553 — saved: D:\NN-kNN\results\classification_nnknn_rerun_20260601_103353\checkpoint_iris_kfold_6_nnknn_retr.pth
[Stage1] Epoch 26 - Val Acc: 1.0000 | Val Loss: 0.2551
[Stage1] New best (epoch 26) Val Loss: 0.2551 — saved: D:\NN-kNN\results\classification_nnknn_rerun_20260601_103353\checkpoint_iris_kfold_6_nnknn_retr.pth
[Stage1] Epoch 27 - Val Acc: 1.0000 | Val Loss: 0.2549
[Stage1] New best (epoch 27) Val Loss: 0.2549 — saved: D:\NN-kNN\results\classification_nnknn_rerun_20260601_103353\checkpoint_iris_kfold_6_nnknn_retr.pth
[Stage1] Epoch 28 - Val Acc: 1.0000 | Val Loss: 0.2547
[Stage1] New best (epoch 28) Val Loss: 0.2547 — saved: D:\NN-kNN\results\classification_nnknn_rerun_20260601_103353\checkpoint_iris_kfold_6_nnknn_retr.pth
[Stage1] Epoch 29 - Val Acc: 1.0000 | Val Loss: 0.2545
[Stage1] New best (epoch 29) Val Loss: 0.2545 — saved: D:\NN-kNN\results\classification_nnknn_rerun_20260601_103353\checkpoint_iris_kfold_6_nnknn_retr.pth
[Stage1] Epoch 30 - Val Acc: 1.0000 | Val Loss: 0.2543
[Stage1] New best (epoch 30) Val Loss: 0.2543 — saved: D:\NN-kNN\results\classification_nnknn_rerun_20260601_103353\checkpoint_iris_kfold_6_nnknn_retr.pth
[Stage1] Epoch 31 - Val Acc: 1.0000 | Val Loss: 0.2541
[Stage1] New best (epoch 31) Val Loss: 0.2541 — saved: D:\NN-kNN\results\classification_nnknn_rerun_20260601_103353\checkpoint_iris_kfold_6_nnknn_retr.pth
[Stage1] Epoch 32 - Val Acc: 1.0000 | Val Loss: 0.2540
[Stage1] New best (epoch 32) Val Loss: 0.2540 — saved: D:\NN-kNN\results\classification_nnknn_rerun_20260601_103353\checkpoint_iris_kfold_6_nnknn_retr.pth
[Stage1] Epoch 33 - Val Acc: 1.0000 | Val Loss: 0.2538
[Stage1] New best (epoch 33) Val Loss: 0.2538 — saved: D:\NN-kNN\results\classification_nnknn_rerun_20260601_103353\checkpoint_iris_kfold_6_nnknn_retr.pth
[Stage1] Epoch 34 - Val Acc: 1.0000 | Val Loss: 0.2536
[Stage1] New best (epoch 34) Val Loss: 0.2536 — saved: D:\NN-kNN\results\classification_nnknn_rerun_20260601_103353\checkpoint_iris_kfold_6_nnknn_retr.pth
[Stage1] Epoch 35 - Val Acc: 1.0000 | Val Loss: 0.2534
[Stage1] New best (epoch 35) Val Loss: 0.2534 — saved: D:\NN-kNN\results\classification_nnknn_rerun_20260601_103353\checkpoint_iris_kfold_6_nnknn_retr.pth
[Stage1] Epoch 36 - Val Acc: 1.0000 | Val Loss: 0.2532
[Stage1] New best (epoch 36) Val Loss: 0.2532 — saved: D:\NN-kNN\results\classification_nnknn_rerun_20260601_103353\checkpoint_iris_kfold_6_nnknn_retr.pth
[Stage1] Epoch 37 - Val Acc: 1.0000 | Val Loss: 0.2530
[Stage1] New best (epoch 37) Val Loss: 0.2530 — saved: D:\NN-kNN\results\classification_nnknn_rerun_20260601_103353\checkpoint_iris_kfold_6_nnknn_retr.pth
[Stage1] Epoch 38 - Val Acc: 1.0000 | Val Loss: 0.2528
[Stage1] New best (epoch 38) Val Loss: 0.2528 — saved: D:\NN-kNN\results\classification_nnknn_rerun_20260601_103353\checkpoint_iris_kfold_6_nnknn_retr.pth
[Stage1] Epoch 39 - Val Acc: 1.0000 | Val Loss: 0.2527
[Stage1] New best (epoch 39) Val Loss: 0.2527 — saved: D:\NN-kNN\results\classification_nnknn_rerun_20260601_103353\checkpoint_iris_kfold_6_nnknn_retr.pth
[Stage1] Epoch 40 - Val Acc: 1.0000 | Val Loss: 0.2525
[Stage1] New best (epoch 40) Val Loss: 0.2525 — saved: D:\NN-kNN\results\classification_nnknn_rerun_20260601_103353\checkpoint_iris_kfold_6_nnknn_retr.pth
[Stage1] Epoch 41 - Val Acc: 1.0000 | Val Loss: 0.2523
[Stage1] New best (epoch 41) Val Loss: 0.2523 — saved: D:\NN-kNN\results\classification_nnknn_rerun_20260601_103353\checkpoint_iris_kfold_6_nnknn_retr.pth
[Stage1] Epoch 42 - Val Acc: 1.0000 | Val Loss: 0.2521
[Stage1] New best (epoch 42) Val Loss: 0.2521 — saved: D:\NN-kNN\results\classification_nnknn_rerun_20260601_103353\checkpoint_iris_kfold_6_nnknn_retr.pth
[Stage1] Epoch 43 - Val Acc: 1.0000 | Val Loss: 0.2519
[Stage1] New best (epoch 43) Val Loss: 0.2519 — saved: D:\NN-kNN\results\classification_nnknn_rerun_20260601_103353\checkpoint_iris_kfold_6_nnknn_retr.pth
[Stage1] Epoch 44 - Val Acc: 1.0000 | Val Loss: 0.2517
[Stage1] New best (epoch 44) Val Loss: 0.2517 — saved: D:\NN-kNN\results\classification_nnknn_rerun_20260601_103353\checkpoint_iris_kfold_6_nnknn_retr.pth
[Stage1] Epoch 45 - Val Acc: 1.0000 | Val Loss: 0.2516
[Stage1] New best (epoch 45) Val Loss: 0.2516 — saved: D:\NN-kNN\results\classification_nnknn_rerun_20260601_103353\checkpoint_iris_kfold_6_nnknn_retr.pth
[Stage1] Epoch 46 - Val Acc: 1.0000 | Val Loss: 0.2514
[Stage1] New best (epoch 46) Val Loss: 0.2514 — saved: D:\NN-kNN\results\classification_nnknn_rerun_20260601_103353\checkpoint_iris_kfold_6_nnknn_retr.pth
[Stage1] Epoch 47 - Val Acc: 1.0000 | Val Loss: 0.2512
[Stage1] New best (epoch 47) Val Loss: 0.2512 — saved: D:\NN-kNN\results\classification_nnknn_rerun_20260601_103353\checkpoint_iris_kfold_6_nnknn_retr.pth
[Stage1] Epoch 48 - Val Acc: 1.0000 | Val Loss: 0.2510
[Stage1] New best (epoch 48) Val Loss: 0.2510 — saved: D:\NN-kNN\results\classification_nnknn_rerun_20260601_103353\checkpoint_iris_kfold_6_nnknn_retr.pth
[Stage1] Epoch 49 - Val Acc: 1.0000 | Val Loss: 0.2508
[Stage1] New best (epoch 49) Val Loss: 0.2508 — saved: D:\NN-kNN\results\classification_nnknn_rerun_20260601_103353\checkpoint_iris_kfold_6_nnknn_retr.pth
[Stage1] Epoch 50 - Val Acc: 1.0000 | Val Loss: 0.2507
[Stage1] New best (epoch 50) Val Loss: 0.2507 — saved: D:\NN-kNN\results\classification_nnknn_rerun_20260601_103353\checkpoint_iris_kfold_6_nnknn_retr.pth

[Stage 2] Skipped: adapter not enabled.
Training completed. Best Acc or R2:  1.0
Final global feature weights: tensor([[0.2385, 0.2263, 0.2676, 0.2675]])
[classification benchmark] iris method=nnknn
cases trainable: False
labels trainable: False
Number of feature extractor parameters: 0
Number of glocal weightor parameters: 1
torch.Size([1, 4])
Number of adapter parameters: 0
Number of case_net_params: 3
torch.Size([135])
torch.Size([135])
torch.Size([135, 1])
*****************
Training started for training_epochs epochs with batch size 32

[Stage 1] Retrieval-only training for up to 50 epochs (patience=20)
[Stage1] Epoch 1 - Val Acc: 1.0000 | Val Loss: 0.1862
[Stage1] New best (epoch 1) Val Loss: 0.1862 — saved: D:\NN-kNN\results\classification_nnknn_rerun_20260601_103353\checkpoint_iris_kfold_7_nnknn_retr.pth
[Stage1] Epoch 2 - Val Acc: 1.0000 | Val Loss: 0.1860
[Stage1] New best (epoch 2) Val Loss: 0.1860 — saved: D:\NN-kNN\results\classification_nnknn_rerun_20260601_103353\checkpoint_iris_kfold_7_nnknn_retr.pth
[Stage1] Epoch 3 - Val Acc: 1.0000 | Val Loss: 0.1857
[Stage1] New best (epoch 3) Val Loss: 0.1857 — saved: D:\NN-kNN\results\classification_nnknn_rerun_20260601_103353\checkpoint_iris_kfold_7_nnknn_retr.pth
[Stage1] Epoch 4 - Val Acc: 1.0000 | Val Loss: 0.1854
[Stage1] New best (epoch 4) Val Loss: 0.1854 — saved: D:\NN-kNN\results\classification_nnknn_rerun_20260601_103353\checkpoint_iris_kfold_7_nnknn_retr.pth
[Stage1] Epoch 5 - Val Acc: 1.0000 | Val Loss: 0.1851
[Stage1] New best (epoch 5) Val Loss: 0.1851 — saved: D:\NN-kNN\results\classification_nnknn_rerun_20260601_103353\checkpoint_iris_kfold_7_nnknn_retr.pth
[Stage1] Epoch 6 - Val Acc: 1.0000 | Val Loss: 0.1849
[Stage1] New best (epoch 6) Val Loss: 0.1849 — saved: D:\NN-kNN\results\classification_nnknn_rerun_20260601_103353\checkpoint_iris_kfold_7_nnknn_retr.pth
[Stage1] Epoch 7 - Val Acc: 1.0000 | Val Loss: 0.1846
[Stage1] New best (epoch 7) Val Loss: 0.1846 — saved: D:\NN-kNN\results\classification_nnknn_rerun_20260601_103353\checkpoint_iris_kfold_7_nnknn_retr.pth
[Stage1] Epoch 8 - Val Acc: 1.0000 | Val Loss: 0.1843
[Stage1] New best (epoch 8) Val Loss: 0.1843 — saved: D:\NN-kNN\results\classification_nnknn_rerun_20260601_103353\checkpoint_iris_kfold_7_nnknn_retr.pth
[Stage1] Epoch 9 - Val Acc: 1.0000 | Val Loss: 0.1840
[Stage1] New best (epoch 9) Val Loss: 0.1840 — saved: D:\NN-kNN\results\classification_nnknn_rerun_20260601_103353\checkpoint_iris_kfold_7_nnknn_retr.pth
[Stage1] Epoch 10 - Val Acc: 1.0000 | Val Loss: 0.1837
[Stage1] New best (epoch 10) Val Loss: 0.1837 — saved: D:\NN-kNN\results\classification_nnknn_rerun_20260601_103353\checkpoint_iris_kfold_7_nnknn_retr.pth
[Stage1] Epoch 11 - Val Acc: 1.0000 | Val Loss: 0.1835
[Stage1] New best (epoch 11) Val Loss: 0.1835 — saved: D:\NN-kNN\results\classification_nnknn_rerun_20260601_103353\checkpoint_iris_kfold_7_nnknn_retr.pth
[Stage1] Epoch 12 - Val Acc: 1.0000 | Val Loss: 0.1832
[Stage1] New best (epoch 12) Val Loss: 0.1832 — saved: D:\NN-kNN\results\classification_nnknn_rerun_20260601_103353\checkpoint_iris_kfold_7_nnknn_retr.pth
[Stage1] Epoch 13 - Val Acc: 1.0000 | Val Loss: 0.1830
[Stage1] New best (epoch 13) Val Loss: 0.1830 — saved: D:\NN-kNN\results\classification_nnknn_rerun_20260601_103353\checkpoint_iris_kfold_7_nnknn_retr.pth
[Stage1] Epoch 14 - Val Acc: 1.0000 | Val Loss: 0.1827
[Stage1] New best (epoch 14) Val Loss: 0.1827 — saved: D:\NN-kNN\results\classification_nnknn_rerun_20260601_103353\checkpoint_iris_kfold_7_nnknn_retr.pth
[Stage1] Epoch 15 - Val Acc: 1.0000 | Val Loss: 0.1824
[Stage1] New best (epoch 15) Val Loss: 0.1824 — saved: D:\NN-kNN\results\classification_nnknn_rerun_20260601_103353\checkpoint_iris_kfold_7_nnknn_retr.pth
[Stage1] Epoch 16 - Val Acc: 1.0000 | Val Loss: 0.1822
[Stage1] New best (epoch 16) Val Loss: 0.1822 — saved: D:\NN-kNN\results\classification_nnknn_rerun_20260601_103353\checkpoint_iris_kfold_7_nnknn_retr.pth
[Stage1] Epoch 17 - Val Acc: 1.0000 | Val Loss: 0.1819
[Stage1] New best (epoch 17) Val Loss: 0.1819 — saved: D:\NN-kNN\results\classification_nnknn_rerun_20260601_103353\checkpoint_iris_kfold_7_nnknn_retr.pth
[Stage1] Epoch 18 - Val Acc: 1.0000 | Val Loss: 0.1816
[Stage1] New best (epoch 18) Val Loss: 0.1816 — saved: D:\NN-kNN\results\classification_nnknn_rerun_20260601_103353\checkpoint_iris_kfold_7_nnknn_retr.pth
[Stage1] Epoch 19 - Val Acc: 1.0000 | Val Loss: 0.1814
[Stage1] New best (epoch 19) Val Loss: 0.1814 — saved: D:\NN-kNN\results\classification_nnknn_rerun_20260601_103353\checkpoint_iris_kfold_7_nnknn_retr.pth
[Stage1] Epoch 20 - Val Acc: 1.0000 | Val Loss: 0.1811
[Stage1] New best (epoch 20) Val Loss: 0.1811 — saved: D:\NN-kNN\results\classification_nnknn_rerun_20260601_103353\checkpoint_iris_kfold_7_nnknn_retr.pth
[Stage1] Epoch 21 - Val Acc: 1.0000 | Val Loss: 0.1809
[Stage1] New best (epoch 21) Val Loss: 0.1809 — saved: D:\NN-kNN\results\classification_nnknn_rerun_20260601_103353\checkpoint_iris_kfold_7_nnknn_retr.pth
[Stage1] Epoch 22 - Val Acc: 1.0000 | Val Loss: 0.1806
[Stage1] New best (epoch 22) Val Loss: 0.1806 — saved: D:\NN-kNN\results\classification_nnknn_rerun_20260601_103353\checkpoint_iris_kfold_7_nnknn_retr.pth
[Stage1] Epoch 23 - Val Acc: 1.0000 | Val Loss: 0.1804
[Stage1] New best (epoch 23) Val Loss: 0.1804 — saved: D:\NN-kNN\results\classification_nnknn_rerun_20260601_103353\checkpoint_iris_kfold_7_nnknn_retr.pth
[Stage1] Epoch 24 - Val Acc: 1.0000 | Val Loss: 0.1801
[Stage1] New best (epoch 24) Val Loss: 0.1801 — saved: D:\NN-kNN\results\classification_nnknn_rerun_20260601_103353\checkpoint_iris_kfold_7_nnknn_retr.pth
[Stage1] Epoch 25 - Val Acc: 1.0000 | Val Loss: 0.1799
[Stage1] New best (epoch 25) Val Loss: 0.1799 — saved: D:\NN-kNN\results\classification_nnknn_rerun_20260601_103353\checkpoint_iris_kfold_7_nnknn_retr.pth
[Stage1] Epoch 26 - Val Acc: 1.0000 | Val Loss: 0.1796
[Stage1] New best (epoch 26) Val Loss: 0.1796 — saved: D:\NN-kNN\results\classification_nnknn_rerun_20260601_103353\checkpoint_iris_kfold_7_nnknn_retr.pth
[Stage1] Epoch 27 - Val Acc: 1.0000 | Val Loss: 0.1794
[Stage1] New best (epoch 27) Val Loss: 0.1794 — saved: D:\NN-kNN\results\classification_nnknn_rerun_20260601_103353\checkpoint_iris_kfold_7_nnknn_retr.pth
[Stage1] Epoch 28 - Val Acc: 1.0000 | Val Loss: 0.1791
[Stage1] New best (epoch 28) Val Loss: 0.1791 — saved: D:\NN-kNN\results\classification_nnknn_rerun_20260601_103353\checkpoint_iris_kfold_7_nnknn_retr.pth
[Stage1] Epoch 29 - Val Acc: 1.0000 | Val Loss: 0.1789
[Stage1] New best (epoch 29) Val Loss: 0.1789 — saved: D:\NN-kNN\results\classification_nnknn_rerun_20260601_103353\checkpoint_iris_kfold_7_nnknn_retr.pth
[Stage1] Epoch 30 - Val Acc: 1.0000 | Val Loss: 0.1786
[Stage1] New best (epoch 30) Val Loss: 0.1786 — saved: D:\NN-kNN\results\classification_nnknn_rerun_20260601_103353\checkpoint_iris_kfold_7_nnknn_retr.pth
[Stage1] Epoch 31 - Val Acc: 1.0000 | Val Loss: 0.1783
[Stage1] New best (epoch 31) Val Loss: 0.1783 — saved: D:\NN-kNN\results\classification_nnknn_rerun_20260601_103353\checkpoint_iris_kfold_7_nnknn_retr.pth
[Stage1] Epoch 32 - Val Acc: 1.0000 | Val Loss: 0.1781
[Stage1] New best (epoch 32) Val Loss: 0.1781 — saved: D:\NN-kNN\results\classification_nnknn_rerun_20260601_103353\checkpoint_iris_kfold_7_nnknn_retr.pth
[Stage1] Epoch 33 - Val Acc: 1.0000 | Val Loss: 0.1778
[Stage1] New best (epoch 33) Val Loss: 0.1778 — saved: D:\NN-kNN\results\classification_nnknn_rerun_20260601_103353\checkpoint_iris_kfold_7_nnknn_retr.pth
[Stage1] Epoch 34 - Val Acc: 1.0000 | Val Loss: 0.1776
[Stage1] New best (epoch 34) Val Loss: 0.1776 — saved: D:\NN-kNN\results\classification_nnknn_rerun_20260601_103353\checkpoint_iris_kfold_7_nnknn_retr.pth
[Stage1] Epoch 35 - Val Acc: 1.0000 | Val Loss: 0.1773
[Stage1] New best (epoch 35) Val Loss: 0.1773 — saved: D:\NN-kNN\results\classification_nnknn_rerun_20260601_103353\checkpoint_iris_kfold_7_nnknn_retr.pth
[Stage1] Epoch 36 - Val Acc: 1.0000 | Val Loss: 0.1771
[Stage1] New best (epoch 36) Val Loss: 0.1771 — saved: D:\NN-kNN\results\classification_nnknn_rerun_20260601_103353\checkpoint_iris_kfold_7_nnknn_retr.pth
[Stage1] Epoch 37 - Val Acc: 1.0000 | Val Loss: 0.1768
[Stage1] New best (epoch 37) Val Loss: 0.1768 — saved: D:\NN-kNN\results\classification_nnknn_rerun_20260601_103353\checkpoint_iris_kfold_7_nnknn_retr.pth
[Stage1] Epoch 38 - Val Acc: 1.0000 | Val Loss: 0.1766
[Stage1] New best (epoch 38) Val Loss: 0.1766 — saved: D:\NN-kNN\results\classification_nnknn_rerun_20260601_103353\checkpoint_iris_kfold_7_nnknn_retr.pth
[Stage1] Epoch 39 - Val Acc: 1.0000 | Val Loss: 0.1764
[Stage1] New best (epoch 39) Val Loss: 0.1764 — saved: D:\NN-kNN\results\classification_nnknn_rerun_20260601_103353\checkpoint_iris_kfold_7_nnknn_retr.pth
[Stage1] Epoch 40 - Val Acc: 1.0000 | Val Loss: 0.1761
[Stage1] New best (epoch 40) Val Loss: 0.1761 — saved: D:\NN-kNN\results\classification_nnknn_rerun_20260601_103353\checkpoint_iris_kfold_7_nnknn_retr.pth
[Stage1] Epoch 41 - Val Acc: 1.0000 | Val Loss: 0.1759
[Stage1] New best (epoch 41) Val Loss: 0.1759 — saved: D:\NN-kNN\results\classification_nnknn_rerun_20260601_103353\checkpoint_iris_kfold_7_nnknn_retr.pth
[Stage1] Epoch 42 - Val Acc: 1.0000 | Val Loss: 0.1756
[Stage1] New best (epoch 42) Val Loss: 0.1756 — saved: D:\NN-kNN\results\classification_nnknn_rerun_20260601_103353\checkpoint_iris_kfold_7_nnknn_retr.pth
[Stage1] Epoch 43 - Val Acc: 1.0000 | Val Loss: 0.1754
[Stage1] New best (epoch 43) Val Loss: 0.1754 — saved: D:\NN-kNN\results\classification_nnknn_rerun_20260601_103353\checkpoint_iris_kfold_7_nnknn_retr.pth
[Stage1] Epoch 44 - Val Acc: 1.0000 | Val Loss: 0.1751
[Stage1] New best (epoch 44) Val Loss: 0.1751 — saved: D:\NN-kNN\results\classification_nnknn_rerun_20260601_103353\checkpoint_iris_kfold_7_nnknn_retr.pth
[Stage1] Epoch 45 - Val Acc: 1.0000 | Val Loss: 0.1749
[Stage1] New best (epoch 45) Val Loss: 0.1749 — saved: D:\NN-kNN\results\classification_nnknn_rerun_20260601_103353\checkpoint_iris_kfold_7_nnknn_retr.pth
[Stage1] Epoch 46 - Val Acc: 1.0000 | Val Loss: 0.1747
[Stage1] New best (epoch 46) Val Loss: 0.1747 — saved: D:\NN-kNN\results\classification_nnknn_rerun_20260601_103353\checkpoint_iris_kfold_7_nnknn_retr.pth
[Stage1] Epoch 47 - Val Acc: 1.0000 | Val Loss: 0.1744
[Stage1] New best (epoch 47) Val Loss: 0.1744 — saved: D:\NN-kNN\results\classification_nnknn_rerun_20260601_103353\checkpoint_iris_kfold_7_nnknn_retr.pth
[Stage1] Epoch 48 - Val Acc: 1.0000 | Val Loss: 0.1742
[Stage1] New best (epoch 48) Val Loss: 0.1742 — saved: D:\NN-kNN\results\classification_nnknn_rerun_20260601_103353\checkpoint_iris_kfold_7_nnknn_retr.pth
[Stage1] Epoch 49 - Val Acc: 1.0000 | Val Loss: 0.1739
[Stage1] New best (epoch 49) Val Loss: 0.1739 — saved: D:\NN-kNN\results\classification_nnknn_rerun_20260601_103353\checkpoint_iris_kfold_7_nnknn_retr.pth
[Stage1] Epoch 50 - Val Acc: 1.0000 | Val Loss: 0.1737
[Stage1] New best (epoch 50) Val Loss: 0.1737 — saved: D:\NN-kNN\results\classification_nnknn_rerun_20260601_103353\checkpoint_iris_kfold_7_nnknn_retr.pth

[Stage 2] Skipped: adapter not enabled.
Training completed. Best Acc or R2:  1.0
Final global feature weights: tensor([[0.2379, 0.2273, 0.2675, 0.2674]])
[classification benchmark] iris method=nnknn
cases trainable: False
labels trainable: False
Number of feature extractor parameters: 0
Number of glocal weightor parameters: 1
torch.Size([1, 4])
Number of adapter parameters: 0
Number of case_net_params: 3
torch.Size([135])
torch.Size([135])
torch.Size([135, 1])
*****************
Training started for training_epochs epochs with batch size 32

[Stage 1] Retrieval-only training for up to 50 epochs (patience=20)
[Stage1] Epoch 1 - Val Acc: 1.0000 | Val Loss: 0.2050
[Stage1] New best (epoch 1) Val Loss: 0.2050 — saved: D:\NN-kNN\results\classification_nnknn_rerun_20260601_103353\checkpoint_iris_kfold_8_nnknn_retr.pth
[Stage1] Epoch 2 - Val Acc: 1.0000 | Val Loss: 0.2048
[Stage1] New best (epoch 2) Val Loss: 0.2048 — saved: D:\NN-kNN\results\classification_nnknn_rerun_20260601_103353\checkpoint_iris_kfold_8_nnknn_retr.pth
[Stage1] Epoch 3 - Val Acc: 1.0000 | Val Loss: 0.2045
[Stage1] New best (epoch 3) Val Loss: 0.2045 — saved: D:\NN-kNN\results\classification_nnknn_rerun_20260601_103353\checkpoint_iris_kfold_8_nnknn_retr.pth
[Stage1] Epoch 4 - Val Acc: 1.0000 | Val Loss: 0.2042
[Stage1] New best (epoch 4) Val Loss: 0.2042 — saved: D:\NN-kNN\results\classification_nnknn_rerun_20260601_103353\checkpoint_iris_kfold_8_nnknn_retr.pth
[Stage1] Epoch 5 - Val Acc: 1.0000 | Val Loss: 0.2040
[Stage1] New best (epoch 5) Val Loss: 0.2040 — saved: D:\NN-kNN\results\classification_nnknn_rerun_20260601_103353\checkpoint_iris_kfold_8_nnknn_retr.pth
[Stage1] Epoch 6 - Val Acc: 1.0000 | Val Loss: 0.2037
[Stage1] New best (epoch 6) Val Loss: 0.2037 — saved: D:\NN-kNN\results\classification_nnknn_rerun_20260601_103353\checkpoint_iris_kfold_8_nnknn_retr.pth
[Stage1] Epoch 7 - Val Acc: 1.0000 | Val Loss: 0.2035
[Stage1] New best (epoch 7) Val Loss: 0.2035 — saved: D:\NN-kNN\results\classification_nnknn_rerun_20260601_103353\checkpoint_iris_kfold_8_nnknn_retr.pth
[Stage1] Epoch 8 - Val Acc: 1.0000 | Val Loss: 0.2032
[Stage1] New best (epoch 8) Val Loss: 0.2032 — saved: D:\NN-kNN\results\classification_nnknn_rerun_20260601_103353\checkpoint_iris_kfold_8_nnknn_retr.pth
[Stage1] Epoch 9 - Val Acc: 1.0000 | Val Loss: 0.2029
[Stage1] New best (epoch 9) Val Loss: 0.2029 — saved: D:\NN-kNN\results\classification_nnknn_rerun_20260601_103353\checkpoint_iris_kfold_8_nnknn_retr.pth
[Stage1] Epoch 10 - Val Acc: 1.0000 | Val Loss: 0.2027
[Stage1] New best (epoch 10) Val Loss: 0.2027 — saved: D:\NN-kNN\results\classification_nnknn_rerun_20260601_103353\checkpoint_iris_kfold_8_nnknn_retr.pth
[Stage1] Epoch 11 - Val Acc: 1.0000 | Val Loss: 0.2024
[Stage1] New best (epoch 11) Val Loss: 0.2024 — saved: D:\NN-kNN\results\classification_nnknn_rerun_20260601_103353\checkpoint_iris_kfold_8_nnknn_retr.pth
[Stage1] Epoch 12 - Val Acc: 1.0000 | Val Loss: 0.2022
[Stage1] New best (epoch 12) Val Loss: 0.2022 — saved: D:\NN-kNN\results\classification_nnknn_rerun_20260601_103353\checkpoint_iris_kfold_8_nnknn_retr.pth
[Stage1] Epoch 13 - Val Acc: 1.0000 | Val Loss: 0.2019
[Stage1] New best (epoch 13) Val Loss: 0.2019 — saved: D:\NN-kNN\results\classification_nnknn_rerun_20260601_103353\checkpoint_iris_kfold_8_nnknn_retr.pth
[Stage1] Epoch 14 - Val Acc: 1.0000 | Val Loss: 0.2017
[Stage1] New best (epoch 14) Val Loss: 0.2017 — saved: D:\NN-kNN\results\classification_nnknn_rerun_20260601_103353\checkpoint_iris_kfold_8_nnknn_retr.pth
[Stage1] Epoch 15 - Val Acc: 1.0000 | Val Loss: 0.2014
[Stage1] New best (epoch 15) Val Loss: 0.2014 — saved: D:\NN-kNN\results\classification_nnknn_rerun_20260601_103353\checkpoint_iris_kfold_8_nnknn_retr.pth
[Stage1] Epoch 16 - Val Acc: 1.0000 | Val Loss: 0.2012
[Stage1] New best (epoch 16) Val Loss: 0.2012 — saved: D:\NN-kNN\results\classification_nnknn_rerun_20260601_103353\checkpoint_iris_kfold_8_nnknn_retr.pth
[Stage1] Epoch 17 - Val Acc: 1.0000 | Val Loss: 0.2009
[Stage1] New best (epoch 17) Val Loss: 0.2009 — saved: D:\NN-kNN\results\classification_nnknn_rerun_20260601_103353\checkpoint_iris_kfold_8_nnknn_retr.pth
[Stage1] Epoch 18 - Val Acc: 1.0000 | Val Loss: 0.2006
[Stage1] New best (epoch 18) Val Loss: 0.2006 — saved: D:\NN-kNN\results\classification_nnknn_rerun_20260601_103353\checkpoint_iris_kfold_8_nnknn_retr.pth
[Stage1] Epoch 19 - Val Acc: 1.0000 | Val Loss: 0.2004
[Stage1] New best (epoch 19) Val Loss: 0.2004 — saved: D:\NN-kNN\results\classification_nnknn_rerun_20260601_103353\checkpoint_iris_kfold_8_nnknn_retr.pth
[Stage1] Epoch 20 - Val Acc: 1.0000 | Val Loss: 0.2001
[Stage1] New best (epoch 20) Val Loss: 0.2001 — saved: D:\NN-kNN\results\classification_nnknn_rerun_20260601_103353\checkpoint_iris_kfold_8_nnknn_retr.pth
[Stage1] Epoch 21 - Val Acc: 1.0000 | Val Loss: 0.1999
[Stage1] New best (epoch 21) Val Loss: 0.1999 — saved: D:\NN-kNN\results\classification_nnknn_rerun_20260601_103353\checkpoint_iris_kfold_8_nnknn_retr.pth
[Stage1] Epoch 22 - Val Acc: 1.0000 | Val Loss: 0.1996
[Stage1] New best (epoch 22) Val Loss: 0.1996 — saved: D:\NN-kNN\results\classification_nnknn_rerun_20260601_103353\checkpoint_iris_kfold_8_nnknn_retr.pth
[Stage1] Epoch 23 - Val Acc: 1.0000 | Val Loss: 0.1994
[Stage1] New best (epoch 23) Val Loss: 0.1994 — saved: D:\NN-kNN\results\classification_nnknn_rerun_20260601_103353\checkpoint_iris_kfold_8_nnknn_retr.pth
[Stage1] Epoch 24 - Val Acc: 1.0000 | Val Loss: 0.1991
[Stage1] New best (epoch 24) Val Loss: 0.1991 — saved: D:\NN-kNN\results\classification_nnknn_rerun_20260601_103353\checkpoint_iris_kfold_8_nnknn_retr.pth
[Stage1] Epoch 25 - Val Acc: 1.0000 | Val Loss: 0.1989
[Stage1] New best (epoch 25) Val Loss: 0.1989 — saved: D:\NN-kNN\results\classification_nnknn_rerun_20260601_103353\checkpoint_iris_kfold_8_nnknn_retr.pth
[Stage1] Epoch 26 - Val Acc: 1.0000 | Val Loss: 0.1986
[Stage1] New best (epoch 26) Val Loss: 0.1986 — saved: D:\NN-kNN\results\classification_nnknn_rerun_20260601_103353\checkpoint_iris_kfold_8_nnknn_retr.pth
[Stage1] Epoch 27 - Val Acc: 1.0000 | Val Loss: 0.1984
[Stage1] New best (epoch 27) Val Loss: 0.1984 — saved: D:\NN-kNN\results\classification_nnknn_rerun_20260601_103353\checkpoint_iris_kfold_8_nnknn_retr.pth
[Stage1] Epoch 28 - Val Acc: 1.0000 | Val Loss: 0.1981
[Stage1] New best (epoch 28) Val Loss: 0.1981 — saved: D:\NN-kNN\results\classification_nnknn_rerun_20260601_103353\checkpoint_iris_kfold_8_nnknn_retr.pth
[Stage1] Epoch 29 - Val Acc: 1.0000 | Val Loss: 0.1979
[Stage1] New best (epoch 29) Val Loss: 0.1979 — saved: D:\NN-kNN\results\classification_nnknn_rerun_20260601_103353\checkpoint_iris_kfold_8_nnknn_retr.pth
[Stage1] Epoch 30 - Val Acc: 1.0000 | Val Loss: 0.1976
[Stage1] New best (epoch 30) Val Loss: 0.1976 — saved: D:\NN-kNN\results\classification_nnknn_rerun_20260601_103353\checkpoint_iris_kfold_8_nnknn_retr.pth
[Stage1] Epoch 31 - Val Acc: 1.0000 | Val Loss: 0.1974
[Stage1] New best (epoch 31) Val Loss: 0.1974 — saved: D:\NN-kNN\results\classification_nnknn_rerun_20260601_103353\checkpoint_iris_kfold_8_nnknn_retr.pth
[Stage1] Epoch 32 - Val Acc: 1.0000 | Val Loss: 0.1971
[Stage1] New best (epoch 32) Val Loss: 0.1971 — saved: D:\NN-kNN\results\classification_nnknn_rerun_20260601_103353\checkpoint_iris_kfold_8_nnknn_retr.pth
[Stage1] Epoch 33 - Val Acc: 1.0000 | Val Loss: 0.1969
[Stage1] New best (epoch 33) Val Loss: 0.1969 — saved: D:\NN-kNN\results\classification_nnknn_rerun_20260601_103353\checkpoint_iris_kfold_8_nnknn_retr.pth
[Stage1] Epoch 34 - Val Acc: 1.0000 | Val Loss: 0.1967
[Stage1] New best (epoch 34) Val Loss: 0.1967 — saved: D:\NN-kNN\results\classification_nnknn_rerun_20260601_103353\checkpoint_iris_kfold_8_nnknn_retr.pth
[Stage1] Epoch 35 - Val Acc: 1.0000 | Val Loss: 0.1964
[Stage1] New best (epoch 35) Val Loss: 0.1964 — saved: D:\NN-kNN\results\classification_nnknn_rerun_20260601_103353\checkpoint_iris_kfold_8_nnknn_retr.pth
[Stage1] Epoch 36 - Val Acc: 1.0000 | Val Loss: 0.1962
[Stage1] New best (epoch 36) Val Loss: 0.1962 — saved: D:\NN-kNN\results\classification_nnknn_rerun_20260601_103353\checkpoint_iris_kfold_8_nnknn_retr.pth
[Stage1] Epoch 37 - Val Acc: 1.0000 | Val Loss: 0.1960
[Stage1] New best (epoch 37) Val Loss: 0.1960 — saved: D:\NN-kNN\results\classification_nnknn_rerun_20260601_103353\checkpoint_iris_kfold_8_nnknn_retr.pth
[Stage1] Epoch 38 - Val Acc: 1.0000 | Val Loss: 0.1957
[Stage1] New best (epoch 38) Val Loss: 0.1957 — saved: D:\NN-kNN\results\classification_nnknn_rerun_20260601_103353\checkpoint_iris_kfold_8_nnknn_retr.pth
[Stage1] Epoch 39 - Val Acc: 1.0000 | Val Loss: 0.1955
[Stage1] New best (epoch 39) Val Loss: 0.1955 — saved: D:\NN-kNN\results\classification_nnknn_rerun_20260601_103353\checkpoint_iris_kfold_8_nnknn_retr.pth
[Stage1] Epoch 40 - Val Acc: 1.0000 | Val Loss: 0.1952
[Stage1] New best (epoch 40) Val Loss: 0.1952 — saved: D:\NN-kNN\results\classification_nnknn_rerun_20260601_103353\checkpoint_iris_kfold_8_nnknn_retr.pth
[Stage1] Epoch 41 - Val Acc: 1.0000 | Val Loss: 0.1950
[Stage1] New best (epoch 41) Val Loss: 0.1950 — saved: D:\NN-kNN\results\classification_nnknn_rerun_20260601_103353\checkpoint_iris_kfold_8_nnknn_retr.pth
[Stage1] Epoch 42 - Val Acc: 1.0000 | Val Loss: 0.1948
[Stage1] New best (epoch 42) Val Loss: 0.1948 — saved: D:\NN-kNN\results\classification_nnknn_rerun_20260601_103353\checkpoint_iris_kfold_8_nnknn_retr.pth
[Stage1] Epoch 43 - Val Acc: 1.0000 | Val Loss: 0.1945
[Stage1] New best (epoch 43) Val Loss: 0.1945 — saved: D:\NN-kNN\results\classification_nnknn_rerun_20260601_103353\checkpoint_iris_kfold_8_nnknn_retr.pth
[Stage1] Epoch 44 - Val Acc: 1.0000 | Val Loss: 0.1943
[Stage1] New best (epoch 44) Val Loss: 0.1943 — saved: D:\NN-kNN\results\classification_nnknn_rerun_20260601_103353\checkpoint_iris_kfold_8_nnknn_retr.pth
[Stage1] Epoch 45 - Val Acc: 1.0000 | Val Loss: 0.1941
[Stage1] New best (epoch 45) Val Loss: 0.1941 — saved: D:\NN-kNN\results\classification_nnknn_rerun_20260601_103353\checkpoint_iris_kfold_8_nnknn_retr.pth
[Stage1] Epoch 46 - Val Acc: 1.0000 | Val Loss: 0.1938
[Stage1] New best (epoch 46) Val Loss: 0.1938 — saved: D:\NN-kNN\results\classification_nnknn_rerun_20260601_103353\checkpoint_iris_kfold_8_nnknn_retr.pth
[Stage1] Epoch 47 - Val Acc: 1.0000 | Val Loss: 0.1936
[Stage1] New best (epoch 47) Val Loss: 0.1936 — saved: D:\NN-kNN\results\classification_nnknn_rerun_20260601_103353\checkpoint_iris_kfold_8_nnknn_retr.pth
[Stage1] Epoch 48 - Val Acc: 1.0000 | Val Loss: 0.1934
[Stage1] New best (epoch 48) Val Loss: 0.1934 — saved: D:\NN-kNN\results\classification_nnknn_rerun_20260601_103353\checkpoint_iris_kfold_8_nnknn_retr.pth
[Stage1] Epoch 49 - Val Acc: 1.0000 | Val Loss: 0.1932
[Stage1] New best (epoch 49) Val Loss: 0.1932 — saved: D:\NN-kNN\results\classification_nnknn_rerun_20260601_103353\checkpoint_iris_kfold_8_nnknn_retr.pth
[Stage1] Epoch 50 - Val Acc: 1.0000 | Val Loss: 0.1929
[Stage1] New best (epoch 50) Val Loss: 0.1929 — saved: D:\NN-kNN\results\classification_nnknn_rerun_20260601_103353\checkpoint_iris_kfold_8_nnknn_retr.pth

[Stage 2] Skipped: adapter not enabled.
Training completed. Best Acc or R2:  1.0
Final global feature weights: tensor([[0.2366, 0.2273, 0.2680, 0.2681]])
[classification benchmark] iris method=nnknn
cases trainable: False
labels trainable: False
Number of feature extractor parameters: 0
Number of glocal weightor parameters: 1
torch.Size([1, 4])
Number of adapter parameters: 0
Number of case_net_params: 3
torch.Size([135])
torch.Size([135])
torch.Size([135, 1])
*****************
Training started for training_epochs epochs with batch size 32

[Stage 1] Retrieval-only training for up to 50 epochs (patience=20)
[Stage1] Epoch 1 - Val Acc: 0.9333 | Val Loss: 0.2381
[Stage1] New best (epoch 1) Val Loss: 0.2381 — saved: D:\NN-kNN\results\classification_nnknn_rerun_20260601_103353\checkpoint_iris_kfold_9_nnknn_retr.pth
[Stage1] Epoch 2 - Val Acc: 0.9333 | Val Loss: 0.2379
[Stage1] New best (epoch 2) Val Loss: 0.2379 — saved: D:\NN-kNN\results\classification_nnknn_rerun_20260601_103353\checkpoint_iris_kfold_9_nnknn_retr.pth
[Stage1] Epoch 3 - Val Acc: 0.9333 | Val Loss: 0.2376
[Stage1] New best (epoch 3) Val Loss: 0.2376 — saved: D:\NN-kNN\results\classification_nnknn_rerun_20260601_103353\checkpoint_iris_kfold_9_nnknn_retr.pth
[Stage1] Epoch 4 - Val Acc: 0.9333 | Val Loss: 0.2374
[Stage1] New best (epoch 4) Val Loss: 0.2374 — saved: D:\NN-kNN\results\classification_nnknn_rerun_20260601_103353\checkpoint_iris_kfold_9_nnknn_retr.pth
[Stage1] Epoch 5 - Val Acc: 0.9333 | Val Loss: 0.2372
[Stage1] New best (epoch 5) Val Loss: 0.2372 — saved: D:\NN-kNN\results\classification_nnknn_rerun_20260601_103353\checkpoint_iris_kfold_9_nnknn_retr.pth
[Stage1] Epoch 6 - Val Acc: 0.9333 | Val Loss: 0.2370
[Stage1] New best (epoch 6) Val Loss: 0.2370 — saved: D:\NN-kNN\results\classification_nnknn_rerun_20260601_103353\checkpoint_iris_kfold_9_nnknn_retr.pth
[Stage1] Epoch 7 - Val Acc: 0.9333 | Val Loss: 0.2368
[Stage1] New best (epoch 7) Val Loss: 0.2368 — saved: D:\NN-kNN\results\classification_nnknn_rerun_20260601_103353\checkpoint_iris_kfold_9_nnknn_retr.pth
[Stage1] Epoch 8 - Val Acc: 0.9333 | Val Loss: 0.2366
[Stage1] New best (epoch 8) Val Loss: 0.2366 — saved: D:\NN-kNN\results\classification_nnknn_rerun_20260601_103353\checkpoint_iris_kfold_9_nnknn_retr.pth
[Stage1] Epoch 9 - Val Acc: 0.9333 | Val Loss: 0.2364
[Stage1] New best (epoch 9) Val Loss: 0.2364 — saved: D:\NN-kNN\results\classification_nnknn_rerun_20260601_103353\checkpoint_iris_kfold_9_nnknn_retr.pth
[Stage1] Epoch 10 - Val Acc: 0.9333 | Val Loss: 0.2361
[Stage1] New best (epoch 10) Val Loss: 0.2361 — saved: D:\NN-kNN\results\classification_nnknn_rerun_20260601_103353\checkpoint_iris_kfold_9_nnknn_retr.pth
[Stage1] Epoch 11 - Val Acc: 0.9333 | Val Loss: 0.2359
[Stage1] New best (epoch 11) Val Loss: 0.2359 — saved: D:\NN-kNN\results\classification_nnknn_rerun_20260601_103353\checkpoint_iris_kfold_9_nnknn_retr.pth
[Stage1] Epoch 12 - Val Acc: 0.9333 | Val Loss: 0.2357
[Stage1] New best (epoch 12) Val Loss: 0.2357 — saved: D:\NN-kNN\results\classification_nnknn_rerun_20260601_103353\checkpoint_iris_kfold_9_nnknn_retr.pth
[Stage1] Epoch 13 - Val Acc: 0.9333 | Val Loss: 0.2355
[Stage1] New best (epoch 13) Val Loss: 0.2355 — saved: D:\NN-kNN\results\classification_nnknn_rerun_20260601_103353\checkpoint_iris_kfold_9_nnknn_retr.pth
[Stage1] Epoch 14 - Val Acc: 0.9333 | Val Loss: 0.2353
[Stage1] New best (epoch 14) Val Loss: 0.2353 — saved: D:\NN-kNN\results\classification_nnknn_rerun_20260601_103353\checkpoint_iris_kfold_9_nnknn_retr.pth
[Stage1] Epoch 15 - Val Acc: 0.9333 | Val Loss: 0.2351
[Stage1] New best (epoch 15) Val Loss: 0.2351 — saved: D:\NN-kNN\results\classification_nnknn_rerun_20260601_103353\checkpoint_iris_kfold_9_nnknn_retr.pth
[Stage1] Epoch 16 - Val Acc: 0.9333 | Val Loss: 0.2349
[Stage1] New best (epoch 16) Val Loss: 0.2349 — saved: D:\NN-kNN\results\classification_nnknn_rerun_20260601_103353\checkpoint_iris_kfold_9_nnknn_retr.pth
[Stage1] Epoch 17 - Val Acc: 0.9333 | Val Loss: 0.2347
[Stage1] New best (epoch 17) Val Loss: 0.2347 — saved: D:\NN-kNN\results\classification_nnknn_rerun_20260601_103353\checkpoint_iris_kfold_9_nnknn_retr.pth
[Stage1] Epoch 18 - Val Acc: 0.9333 | Val Loss: 0.2345
[Stage1] New best (epoch 18) Val Loss: 0.2345 — saved: D:\NN-kNN\results\classification_nnknn_rerun_20260601_103353\checkpoint_iris_kfold_9_nnknn_retr.pth
[Stage1] Epoch 19 - Val Acc: 0.9333 | Val Loss: 0.2343
[Stage1] New best (epoch 19) Val Loss: 0.2343 — saved: D:\NN-kNN\results\classification_nnknn_rerun_20260601_103353\checkpoint_iris_kfold_9_nnknn_retr.pth
[Stage1] Epoch 20 - Val Acc: 0.9333 | Val Loss: 0.2340
[Stage1] New best (epoch 20) Val Loss: 0.2340 — saved: D:\NN-kNN\results\classification_nnknn_rerun_20260601_103353\checkpoint_iris_kfold_9_nnknn_retr.pth
[Stage1] Epoch 21 - Val Acc: 0.9333 | Val Loss: 0.2338
[Stage1] New best (epoch 21) Val Loss: 0.2338 — saved: D:\NN-kNN\results\classification_nnknn_rerun_20260601_103353\checkpoint_iris_kfold_9_nnknn_retr.pth
[Stage1] Epoch 22 - Val Acc: 0.9333 | Val Loss: 0.2336
[Stage1] New best (epoch 22) Val Loss: 0.2336 — saved: D:\NN-kNN\results\classification_nnknn_rerun_20260601_103353\checkpoint_iris_kfold_9_nnknn_retr.pth
[Stage1] Epoch 23 - Val Acc: 0.9333 | Val Loss: 0.2334
[Stage1] New best (epoch 23) Val Loss: 0.2334 — saved: D:\NN-kNN\results\classification_nnknn_rerun_20260601_103353\checkpoint_iris_kfold_9_nnknn_retr.pth
[Stage1] Epoch 24 - Val Acc: 0.9333 | Val Loss: 0.2332
[Stage1] New best (epoch 24) Val Loss: 0.2332 — saved: D:\NN-kNN\results\classification_nnknn_rerun_20260601_103353\checkpoint_iris_kfold_9_nnknn_retr.pth
[Stage1] Epoch 25 - Val Acc: 0.9333 | Val Loss: 0.2330
[Stage1] New best (epoch 25) Val Loss: 0.2330 — saved: D:\NN-kNN\results\classification_nnknn_rerun_20260601_103353\checkpoint_iris_kfold_9_nnknn_retr.pth
[Stage1] Epoch 26 - Val Acc: 0.9333 | Val Loss: 0.2328
[Stage1] New best (epoch 26) Val Loss: 0.2328 — saved: D:\NN-kNN\results\classification_nnknn_rerun_20260601_103353\checkpoint_iris_kfold_9_nnknn_retr.pth
[Stage1] Epoch 27 - Val Acc: 0.9333 | Val Loss: 0.2326
[Stage1] New best (epoch 27) Val Loss: 0.2326 — saved: D:\NN-kNN\results\classification_nnknn_rerun_20260601_103353\checkpoint_iris_kfold_9_nnknn_retr.pth
[Stage1] Epoch 28 - Val Acc: 0.9333 | Val Loss: 0.2324
[Stage1] New best (epoch 28) Val Loss: 0.2324 — saved: D:\NN-kNN\results\classification_nnknn_rerun_20260601_103353\checkpoint_iris_kfold_9_nnknn_retr.pth
[Stage1] Epoch 29 - Val Acc: 0.9333 | Val Loss: 0.2322
[Stage1] New best (epoch 29) Val Loss: 0.2322 — saved: D:\NN-kNN\results\classification_nnknn_rerun_20260601_103353\checkpoint_iris_kfold_9_nnknn_retr.pth
[Stage1] Epoch 30 - Val Acc: 0.9333 | Val Loss: 0.2320
[Stage1] New best (epoch 30) Val Loss: 0.2320 — saved: D:\NN-kNN\results\classification_nnknn_rerun_20260601_103353\checkpoint_iris_kfold_9_nnknn_retr.pth
[Stage1] Epoch 31 - Val Acc: 0.9333 | Val Loss: 0.2318
[Stage1] New best (epoch 31) Val Loss: 0.2318 — saved: D:\NN-kNN\results\classification_nnknn_rerun_20260601_103353\checkpoint_iris_kfold_9_nnknn_retr.pth
[Stage1] Epoch 32 - Val Acc: 0.9333 | Val Loss: 0.2316
[Stage1] New best (epoch 32) Val Loss: 0.2316 — saved: D:\NN-kNN\results\classification_nnknn_rerun_20260601_103353\checkpoint_iris_kfold_9_nnknn_retr.pth
[Stage1] Epoch 33 - Val Acc: 0.9333 | Val Loss: 0.2314
[Stage1] New best (epoch 33) Val Loss: 0.2314 — saved: D:\NN-kNN\results\classification_nnknn_rerun_20260601_103353\checkpoint_iris_kfold_9_nnknn_retr.pth
[Stage1] Epoch 34 - Val Acc: 0.9333 | Val Loss: 0.2311
[Stage1] New best (epoch 34) Val Loss: 0.2311 — saved: D:\NN-kNN\results\classification_nnknn_rerun_20260601_103353\checkpoint_iris_kfold_9_nnknn_retr.pth
[Stage1] Epoch 35 - Val Acc: 0.9333 | Val Loss: 0.2309
[Stage1] New best (epoch 35) Val Loss: 0.2309 — saved: D:\NN-kNN\results\classification_nnknn_rerun_20260601_103353\checkpoint_iris_kfold_9_nnknn_retr.pth
[Stage1] Epoch 36 - Val Acc: 0.9333 | Val Loss: 0.2308
[Stage1] New best (epoch 36) Val Loss: 0.2308 — saved: D:\NN-kNN\results\classification_nnknn_rerun_20260601_103353\checkpoint_iris_kfold_9_nnknn_retr.pth
[Stage1] Epoch 37 - Val Acc: 0.9333 | Val Loss: 0.2306
[Stage1] New best (epoch 37) Val Loss: 0.2306 — saved: D:\NN-kNN\results\classification_nnknn_rerun_20260601_103353\checkpoint_iris_kfold_9_nnknn_retr.pth
[Stage1] Epoch 38 - Val Acc: 0.9333 | Val Loss: 0.2304
[Stage1] New best (epoch 38) Val Loss: 0.2304 — saved: D:\NN-kNN\results\classification_nnknn_rerun_20260601_103353\checkpoint_iris_kfold_9_nnknn_retr.pth
[Stage1] Epoch 39 - Val Acc: 0.9333 | Val Loss: 0.2302
[Stage1] New best (epoch 39) Val Loss: 0.2302 — saved: D:\NN-kNN\results\classification_nnknn_rerun_20260601_103353\checkpoint_iris_kfold_9_nnknn_retr.pth
[Stage1] Epoch 40 - Val Acc: 0.9333 | Val Loss: 0.2300
[Stage1] New best (epoch 40) Val Loss: 0.2300 — saved: D:\NN-kNN\results\classification_nnknn_rerun_20260601_103353\checkpoint_iris_kfold_9_nnknn_retr.pth
[Stage1] Epoch 41 - Val Acc: 0.9333 | Val Loss: 0.2298
[Stage1] New best (epoch 41) Val Loss: 0.2298 — saved: D:\NN-kNN\results\classification_nnknn_rerun_20260601_103353\checkpoint_iris_kfold_9_nnknn_retr.pth
[Stage1] Epoch 42 - Val Acc: 0.9333 | Val Loss: 0.2296
[Stage1] New best (epoch 42) Val Loss: 0.2296 — saved: D:\NN-kNN\results\classification_nnknn_rerun_20260601_103353\checkpoint_iris_kfold_9_nnknn_retr.pth
[Stage1] Epoch 43 - Val Acc: 0.9333 | Val Loss: 0.2294
[Stage1] New best (epoch 43) Val Loss: 0.2294 — saved: D:\NN-kNN\results\classification_nnknn_rerun_20260601_103353\checkpoint_iris_kfold_9_nnknn_retr.pth
[Stage1] Epoch 44 - Val Acc: 0.9333 | Val Loss: 0.2292
[Stage1] New best (epoch 44) Val Loss: 0.2292 — saved: D:\NN-kNN\results\classification_nnknn_rerun_20260601_103353\checkpoint_iris_kfold_9_nnknn_retr.pth
[Stage1] Epoch 45 - Val Acc: 0.9333 | Val Loss: 0.2290
[Stage1] New best (epoch 45) Val Loss: 0.2290 — saved: D:\NN-kNN\results\classification_nnknn_rerun_20260601_103353\checkpoint_iris_kfold_9_nnknn_retr.pth
[Stage1] Epoch 46 - Val Acc: 0.9333 | Val Loss: 0.2288
[Stage1] New best (epoch 46) Val Loss: 0.2288 — saved: D:\NN-kNN\results\classification_nnknn_rerun_20260601_103353\checkpoint_iris_kfold_9_nnknn_retr.pth
[Stage1] Epoch 47 - Val Acc: 0.9333 | Val Loss: 0.2286
[Stage1] New best (epoch 47) Val Loss: 0.2286 — saved: D:\NN-kNN\results\classification_nnknn_rerun_20260601_103353\checkpoint_iris_kfold_9_nnknn_retr.pth
[Stage1] Epoch 48 - Val Acc: 0.9333 | Val Loss: 0.2284
[Stage1] New best (epoch 48) Val Loss: 0.2284 — saved: D:\NN-kNN\results\classification_nnknn_rerun_20260601_103353\checkpoint_iris_kfold_9_nnknn_retr.pth
[Stage1] Epoch 49 - Val Acc: 0.9333 | Val Loss: 0.2282
[Stage1] New best (epoch 49) Val Loss: 0.2282 — saved: D:\NN-kNN\results\classification_nnknn_rerun_20260601_103353\checkpoint_iris_kfold_9_nnknn_retr.pth
[Stage1] Epoch 50 - Val Acc: 0.9333 | Val Loss: 0.2280
[Stage1] New best (epoch 50) Val Loss: 0.2280 — saved: D:\NN-kNN\results\classification_nnknn_rerun_20260601_103353\checkpoint_iris_kfold_9_nnknn_retr.pth

[Stage 2] Skipped: adapter not enabled.
Training completed. Best Acc or R2:  0.9333333333333333
Final global feature weights: tensor([[0.2412, 0.2244, 0.2672, 0.2672]])
[classification benchmark] iris method=nnknn
cases trainable: False
labels trainable: False
Number of feature extractor parameters: 0
Number of glocal weightor parameters: 1
torch.Size([1, 4])
Number of adapter parameters: 0
Number of case_net_params: 3
torch.Size([135])
torch.Size([135])
torch.Size([135, 1])
*****************
Training started for training_epochs epochs with batch size 32

[Stage 1] Retrieval-only training for up to 50 epochs (patience=20)
[Stage1] Epoch 1 - Val Acc: 0.8667 | Val Loss: 0.3600
[Stage1] New best (epoch 1) Val Loss: 0.3600 — saved: D:\NN-kNN\results\classification_nnknn_rerun_20260601_103353\checkpoint_iris_kfold_10_nnknn_retr.pth
[Stage1] Epoch 2 - Val Acc: 0.8667 | Val Loss: 0.3598
[Stage1] New best (epoch 2) Val Loss: 0.3598 — saved: D:\NN-kNN\results\classification_nnknn_rerun_20260601_103353\checkpoint_iris_kfold_10_nnknn_retr.pth
[Stage1] Epoch 3 - Val Acc: 0.8667 | Val Loss: 0.3596
[Stage1] New best (epoch 3) Val Loss: 0.3596 — saved: D:\NN-kNN\results\classification_nnknn_rerun_20260601_103353\checkpoint_iris_kfold_10_nnknn_retr.pth
[Stage1] Epoch 4 - Val Acc: 0.8667 | Val Loss: 0.3593
[Stage1] New best (epoch 4) Val Loss: 0.3593 — saved: D:\NN-kNN\results\classification_nnknn_rerun_20260601_103353\checkpoint_iris_kfold_10_nnknn_retr.pth
[Stage1] Epoch 5 - Val Acc: 0.8667 | Val Loss: 0.3591
[Stage1] New best (epoch 5) Val Loss: 0.3591 — saved: D:\NN-kNN\results\classification_nnknn_rerun_20260601_103353\checkpoint_iris_kfold_10_nnknn_retr.pth
[Stage1] Epoch 6 - Val Acc: 0.8667 | Val Loss: 0.3589
[Stage1] New best (epoch 6) Val Loss: 0.3589 — saved: D:\NN-kNN\results\classification_nnknn_rerun_20260601_103353\checkpoint_iris_kfold_10_nnknn_retr.pth
[Stage1] Epoch 7 - Val Acc: 0.8667 | Val Loss: 0.3587
[Stage1] New best (epoch 7) Val Loss: 0.3587 — saved: D:\NN-kNN\results\classification_nnknn_rerun_20260601_103353\checkpoint_iris_kfold_10_nnknn_retr.pth
[Stage1] Epoch 8 - Val Acc: 0.8667 | Val Loss: 0.3585
[Stage1] New best (epoch 8) Val Loss: 0.3585 — saved: D:\NN-kNN\results\classification_nnknn_rerun_20260601_103353\checkpoint_iris_kfold_10_nnknn_retr.pth
[Stage1] Epoch 9 - Val Acc: 0.8667 | Val Loss: 0.3583
[Stage1] New best (epoch 9) Val Loss: 0.3583 — saved: D:\NN-kNN\results\classification_nnknn_rerun_20260601_103353\checkpoint_iris_kfold_10_nnknn_retr.pth
[Stage1] Epoch 10 - Val Acc: 0.8667 | Val Loss: 0.3580
[Stage1] New best (epoch 10) Val Loss: 0.3580 — saved: D:\NN-kNN\results\classification_nnknn_rerun_20260601_103353\checkpoint_iris_kfold_10_nnknn_retr.pth
[Stage1] Epoch 11 - Val Acc: 0.8667 | Val Loss: 0.3578
[Stage1] New best (epoch 11) Val Loss: 0.3578 — saved: D:\NN-kNN\results\classification_nnknn_rerun_20260601_103353\checkpoint_iris_kfold_10_nnknn_retr.pth
[Stage1] Epoch 12 - Val Acc: 0.8667 | Val Loss: 0.3576
[Stage1] New best (epoch 12) Val Loss: 0.3576 — saved: D:\NN-kNN\results\classification_nnknn_rerun_20260601_103353\checkpoint_iris_kfold_10_nnknn_retr.pth
[Stage1] Epoch 13 - Val Acc: 0.8667 | Val Loss: 0.3574
[Stage1] New best (epoch 13) Val Loss: 0.3574 — saved: D:\NN-kNN\results\classification_nnknn_rerun_20260601_103353\checkpoint_iris_kfold_10_nnknn_retr.pth
[Stage1] Epoch 14 - Val Acc: 0.8667 | Val Loss: 0.3571
[Stage1] New best (epoch 14) Val Loss: 0.3571 — saved: D:\NN-kNN\results\classification_nnknn_rerun_20260601_103353\checkpoint_iris_kfold_10_nnknn_retr.pth
[Stage1] Epoch 15 - Val Acc: 0.8667 | Val Loss: 0.3569
[Stage1] New best (epoch 15) Val Loss: 0.3569 — saved: D:\NN-kNN\results\classification_nnknn_rerun_20260601_103353\checkpoint_iris_kfold_10_nnknn_retr.pth
[Stage1] Epoch 16 - Val Acc: 0.8667 | Val Loss: 0.3567
[Stage1] New best (epoch 16) Val Loss: 0.3567 — saved: D:\NN-kNN\results\classification_nnknn_rerun_20260601_103353\checkpoint_iris_kfold_10_nnknn_retr.pth
[Stage1] Epoch 17 - Val Acc: 0.8667 | Val Loss: 0.3564
[Stage1] New best (epoch 17) Val Loss: 0.3564 — saved: D:\NN-kNN\results\classification_nnknn_rerun_20260601_103353\checkpoint_iris_kfold_10_nnknn_retr.pth
[Stage1] Epoch 18 - Val Acc: 0.8667 | Val Loss: 0.3562
[Stage1] New best (epoch 18) Val Loss: 0.3562 — saved: D:\NN-kNN\results\classification_nnknn_rerun_20260601_103353\checkpoint_iris_kfold_10_nnknn_retr.pth
[Stage1] Epoch 19 - Val Acc: 0.8667 | Val Loss: 0.3560
[Stage1] New best (epoch 19) Val Loss: 0.3560 — saved: D:\NN-kNN\results\classification_nnknn_rerun_20260601_103353\checkpoint_iris_kfold_10_nnknn_retr.pth
[Stage1] Epoch 20 - Val Acc: 0.8667 | Val Loss: 0.3558
[Stage1] New best (epoch 20) Val Loss: 0.3558 — saved: D:\NN-kNN\results\classification_nnknn_rerun_20260601_103353\checkpoint_iris_kfold_10_nnknn_retr.pth
[Stage1] Epoch 21 - Val Acc: 0.8667 | Val Loss: 0.3555
[Stage1] New best (epoch 21) Val Loss: 0.3555 — saved: D:\NN-kNN\results\classification_nnknn_rerun_20260601_103353\checkpoint_iris_kfold_10_nnknn_retr.pth
[Stage1] Epoch 22 - Val Acc: 0.8667 | Val Loss: 0.3553
[Stage1] New best (epoch 22) Val Loss: 0.3553 — saved: D:\NN-kNN\results\classification_nnknn_rerun_20260601_103353\checkpoint_iris_kfold_10_nnknn_retr.pth
[Stage1] Epoch 23 - Val Acc: 0.8667 | Val Loss: 0.3551
[Stage1] New best (epoch 23) Val Loss: 0.3551 — saved: D:\NN-kNN\results\classification_nnknn_rerun_20260601_103353\checkpoint_iris_kfold_10_nnknn_retr.pth
[Stage1] Epoch 24 - Val Acc: 0.8667 | Val Loss: 0.3548
[Stage1] New best (epoch 24) Val Loss: 0.3548 — saved: D:\NN-kNN\results\classification_nnknn_rerun_20260601_103353\checkpoint_iris_kfold_10_nnknn_retr.pth
[Stage1] Epoch 25 - Val Acc: 0.8667 | Val Loss: 0.3546
[Stage1] New best (epoch 25) Val Loss: 0.3546 — saved: D:\NN-kNN\results\classification_nnknn_rerun_20260601_103353\checkpoint_iris_kfold_10_nnknn_retr.pth
[Stage1] Epoch 26 - Val Acc: 0.8667 | Val Loss: 0.3544
[Stage1] New best (epoch 26) Val Loss: 0.3544 — saved: D:\NN-kNN\results\classification_nnknn_rerun_20260601_103353\checkpoint_iris_kfold_10_nnknn_retr.pth
[Stage1] Epoch 27 - Val Acc: 0.8667 | Val Loss: 0.3542
[Stage1] New best (epoch 27) Val Loss: 0.3542 — saved: D:\NN-kNN\results\classification_nnknn_rerun_20260601_103353\checkpoint_iris_kfold_10_nnknn_retr.pth
[Stage1] Epoch 28 - Val Acc: 0.8667 | Val Loss: 0.3540
[Stage1] New best (epoch 28) Val Loss: 0.3540 — saved: D:\NN-kNN\results\classification_nnknn_rerun_20260601_103353\checkpoint_iris_kfold_10_nnknn_retr.pth
[Stage1] Epoch 29 - Val Acc: 0.8667 | Val Loss: 0.3537
[Stage1] New best (epoch 29) Val Loss: 0.3537 — saved: D:\NN-kNN\results\classification_nnknn_rerun_20260601_103353\checkpoint_iris_kfold_10_nnknn_retr.pth
[Stage1] Epoch 30 - Val Acc: 0.8667 | Val Loss: 0.3535
[Stage1] New best (epoch 30) Val Loss: 0.3535 — saved: D:\NN-kNN\results\classification_nnknn_rerun_20260601_103353\checkpoint_iris_kfold_10_nnknn_retr.pth
[Stage1] Epoch 31 - Val Acc: 0.8667 | Val Loss: 0.3533
[Stage1] New best (epoch 31) Val Loss: 0.3533 — saved: D:\NN-kNN\results\classification_nnknn_rerun_20260601_103353\checkpoint_iris_kfold_10_nnknn_retr.pth
[Stage1] Epoch 32 - Val Acc: 0.8667 | Val Loss: 0.3531
[Stage1] New best (epoch 32) Val Loss: 0.3531 — saved: D:\NN-kNN\results\classification_nnknn_rerun_20260601_103353\checkpoint_iris_kfold_10_nnknn_retr.pth
[Stage1] Epoch 33 - Val Acc: 0.8667 | Val Loss: 0.3529
[Stage1] New best (epoch 33) Val Loss: 0.3529 — saved: D:\NN-kNN\results\classification_nnknn_rerun_20260601_103353\checkpoint_iris_kfold_10_nnknn_retr.pth
[Stage1] Epoch 34 - Val Acc: 0.8667 | Val Loss: 0.3527
[Stage1] New best (epoch 34) Val Loss: 0.3527 — saved: D:\NN-kNN\results\classification_nnknn_rerun_20260601_103353\checkpoint_iris_kfold_10_nnknn_retr.pth
[Stage1] Epoch 35 - Val Acc: 0.8667 | Val Loss: 0.3525
[Stage1] New best (epoch 35) Val Loss: 0.3525 — saved: D:\NN-kNN\results\classification_nnknn_rerun_20260601_103353\checkpoint_iris_kfold_10_nnknn_retr.pth
[Stage1] Epoch 36 - Val Acc: 0.8667 | Val Loss: 0.3523
[Stage1] New best (epoch 36) Val Loss: 0.3523 — saved: D:\NN-kNN\results\classification_nnknn_rerun_20260601_103353\checkpoint_iris_kfold_10_nnknn_retr.pth
[Stage1] Epoch 37 - Val Acc: 0.8667 | Val Loss: 0.3521
[Stage1] New best (epoch 37) Val Loss: 0.3521 — saved: D:\NN-kNN\results\classification_nnknn_rerun_20260601_103353\checkpoint_iris_kfold_10_nnknn_retr.pth
[Stage1] Epoch 38 - Val Acc: 0.8667 | Val Loss: 0.3519
[Stage1] New best (epoch 38) Val Loss: 0.3519 — saved: D:\NN-kNN\results\classification_nnknn_rerun_20260601_103353\checkpoint_iris_kfold_10_nnknn_retr.pth
[Stage1] Epoch 39 - Val Acc: 0.8667 | Val Loss: 0.3517
[Stage1] New best (epoch 39) Val Loss: 0.3517 — saved: D:\NN-kNN\results\classification_nnknn_rerun_20260601_103353\checkpoint_iris_kfold_10_nnknn_retr.pth
[Stage1] Epoch 40 - Val Acc: 0.8667 | Val Loss: 0.3515
[Stage1] New best (epoch 40) Val Loss: 0.3515 — saved: D:\NN-kNN\results\classification_nnknn_rerun_20260601_103353\checkpoint_iris_kfold_10_nnknn_retr.pth
[Stage1] Epoch 41 - Val Acc: 0.8667 | Val Loss: 0.3513
[Stage1] New best (epoch 41) Val Loss: 0.3513 — saved: D:\NN-kNN\results\classification_nnknn_rerun_20260601_103353\checkpoint_iris_kfold_10_nnknn_retr.pth
[Stage1] Epoch 42 - Val Acc: 0.8667 | Val Loss: 0.3511
[Stage1] New best (epoch 42) Val Loss: 0.3511 — saved: D:\NN-kNN\results\classification_nnknn_rerun_20260601_103353\checkpoint_iris_kfold_10_nnknn_retr.pth
[Stage1] Epoch 43 - Val Acc: 0.8667 | Val Loss: 0.3508
[Stage1] New best (epoch 43) Val Loss: 0.3508 — saved: D:\NN-kNN\results\classification_nnknn_rerun_20260601_103353\checkpoint_iris_kfold_10_nnknn_retr.pth
[Stage1] Epoch 44 - Val Acc: 0.8667 | Val Loss: 0.3506
[Stage1] New best (epoch 44) Val Loss: 0.3506 — saved: D:\NN-kNN\results\classification_nnknn_rerun_20260601_103353\checkpoint_iris_kfold_10_nnknn_retr.pth
[Stage1] Epoch 45 - Val Acc: 0.8667 | Val Loss: 0.3504
[Stage1] New best (epoch 45) Val Loss: 0.3504 — saved: D:\NN-kNN\results\classification_nnknn_rerun_20260601_103353\checkpoint_iris_kfold_10_nnknn_retr.pth
[Stage1] Epoch 46 - Val Acc: 0.8667 | Val Loss: 0.3502
[Stage1] New best (epoch 46) Val Loss: 0.3502 — saved: D:\NN-kNN\results\classification_nnknn_rerun_20260601_103353\checkpoint_iris_kfold_10_nnknn_retr.pth
[Stage1] Epoch 47 - Val Acc: 0.8667 | Val Loss: 0.3500
[Stage1] New best (epoch 47) Val Loss: 0.3500 — saved: D:\NN-kNN\results\classification_nnknn_rerun_20260601_103353\checkpoint_iris_kfold_10_nnknn_retr.pth
[Stage1] Epoch 48 - Val Acc: 0.8667 | Val Loss: 0.3497
[Stage1] New best (epoch 48) Val Loss: 0.3497 — saved: D:\NN-kNN\results\classification_nnknn_rerun_20260601_103353\checkpoint_iris_kfold_10_nnknn_retr.pth
[Stage1] Epoch 49 - Val Acc: 0.8667 | Val Loss: 0.3495
[Stage1] New best (epoch 49) Val Loss: 0.3495 — saved: D:\NN-kNN\results\classification_nnknn_rerun_20260601_103353\checkpoint_iris_kfold_10_nnknn_retr.pth
[Stage1] Epoch 50 - Val Acc: 0.8667 | Val Loss: 0.3493
[Stage1] New best (epoch 50) Val Loss: 0.3493 — saved: D:\NN-kNN\results\classification_nnknn_rerun_20260601_103353\checkpoint_iris_kfold_10_nnknn_retr.pth

[Stage 2] Skipped: adapter not enabled.
Training completed. Best Acc or R2:  0.8666666666666667
Final global feature weights: tensor([[0.2421, 0.2266, 0.2656, 0.2657]])
[classification benchmark] zebra method=nnknn
cases trainable: False
labels trainable: False
Number of feature extractor parameters: 0
Number of glocal weightor parameters: 1
torch.Size([1, 2])
Number of adapter parameters: 0
Number of case_net_params: 3
torch.Size([99])
torch.Size([99])
torch.Size([99, 1])
*****************
Training started for training_epochs epochs with batch size 32

[Stage 1] Retrieval-only training for up to 50 epochs (patience=20)
[Stage1] Epoch 1 - Val Acc: 0.5455 | Val Loss: 0.6863
[Stage1] New best (epoch 1) Val Loss: 0.6863 — saved: D:\NN-kNN\results\classification_nnknn_rerun_20260601_103353\checkpoint_zebra_kfold_1_nnknn_retr.pth
[Stage1] Epoch 2 - Val Acc: 0.5455 | Val Loss: 0.6862
[Stage1] New best (epoch 2) Val Loss: 0.6862 — saved: D:\NN-kNN\results\classification_nnknn_rerun_20260601_103353\checkpoint_zebra_kfold_1_nnknn_retr.pth
[Stage1] Epoch 3 - Val Acc: 0.5455 | Val Loss: 0.6862
[Stage1] New best (epoch 3) Val Loss: 0.6862 — saved: D:\NN-kNN\results\classification_nnknn_rerun_20260601_103353\checkpoint_zebra_kfold_1_nnknn_retr.pth
[Stage1] Epoch 4 - Val Acc: 0.5455 | Val Loss: 0.6862
[Stage1] New best (epoch 4) Val Loss: 0.6862 — saved: D:\NN-kNN\results\classification_nnknn_rerun_20260601_103353\checkpoint_zebra_kfold_1_nnknn_retr.pth
[Stage1] Epoch 5 - Val Acc: 0.5455 | Val Loss: 0.6861
[Stage1] New best (epoch 5) Val Loss: 0.6861 — saved: D:\NN-kNN\results\classification_nnknn_rerun_20260601_103353\checkpoint_zebra_kfold_1_nnknn_retr.pth
[Stage1] Epoch 6 - Val Acc: 0.5455 | Val Loss: 0.6861
[Stage1] New best (epoch 6) Val Loss: 0.6861 — saved: D:\NN-kNN\results\classification_nnknn_rerun_20260601_103353\checkpoint_zebra_kfold_1_nnknn_retr.pth
[Stage1] Epoch 7 - Val Acc: 0.5455 | Val Loss: 0.6860
[Stage1] New best (epoch 7) Val Loss: 0.6860 — saved: D:\NN-kNN\results\classification_nnknn_rerun_20260601_103353\checkpoint_zebra_kfold_1_nnknn_retr.pth
[Stage1] Epoch 8 - Val Acc: 0.5455 | Val Loss: 0.6860
[Stage1] New best (epoch 8) Val Loss: 0.6860 — saved: D:\NN-kNN\results\classification_nnknn_rerun_20260601_103353\checkpoint_zebra_kfold_1_nnknn_retr.pth
[Stage1] Epoch 9 - Val Acc: 0.5455 | Val Loss: 0.6860
[Stage1] New best (epoch 9) Val Loss: 0.6860 — saved: D:\NN-kNN\results\classification_nnknn_rerun_20260601_103353\checkpoint_zebra_kfold_1_nnknn_retr.pth
[Stage1] Epoch 10 - Val Acc: 0.5455 | Val Loss: 0.6859
[Stage1] New best (epoch 10) Val Loss: 0.6859 — saved: D:\NN-kNN\results\classification_nnknn_rerun_20260601_103353\checkpoint_zebra_kfold_1_nnknn_retr.pth
[Stage1] Epoch 11 - Val Acc: 0.5455 | Val Loss: 0.6859
[Stage1] New best (epoch 11) Val Loss: 0.6859 — saved: D:\NN-kNN\results\classification_nnknn_rerun_20260601_103353\checkpoint_zebra_kfold_1_nnknn_retr.pth
[Stage1] Epoch 12 - Val Acc: 0.5455 | Val Loss: 0.6859
[Stage1] New best (epoch 12) Val Loss: 0.6859 — saved: D:\NN-kNN\results\classification_nnknn_rerun_20260601_103353\checkpoint_zebra_kfold_1_nnknn_retr.pth
[Stage1] Epoch 13 - Val Acc: 0.5455 | Val Loss: 0.6858
[Stage1] New best (epoch 13) Val Loss: 0.6858 — saved: D:\NN-kNN\results\classification_nnknn_rerun_20260601_103353\checkpoint_zebra_kfold_1_nnknn_retr.pth
[Stage1] Epoch 14 - Val Acc: 0.5455 | Val Loss: 0.6858
[Stage1] New best (epoch 14) Val Loss: 0.6858 — saved: D:\NN-kNN\results\classification_nnknn_rerun_20260601_103353\checkpoint_zebra_kfold_1_nnknn_retr.pth
[Stage1] Epoch 15 - Val Acc: 0.5455 | Val Loss: 0.6858
[Stage1] New best (epoch 15) Val Loss: 0.6858 — saved: D:\NN-kNN\results\classification_nnknn_rerun_20260601_103353\checkpoint_zebra_kfold_1_nnknn_retr.pth
[Stage1] Epoch 16 - Val Acc: 0.5455 | Val Loss: 0.6857
[Stage1] New best (epoch 16) Val Loss: 0.6857 — saved: D:\NN-kNN\results\classification_nnknn_rerun_20260601_103353\checkpoint_zebra_kfold_1_nnknn_retr.pth
[Stage1] Epoch 17 - Val Acc: 0.5455 | Val Loss: 0.6857
[Stage1] New best (epoch 17) Val Loss: 0.6857 — saved: D:\NN-kNN\results\classification_nnknn_rerun_20260601_103353\checkpoint_zebra_kfold_1_nnknn_retr.pth
[Stage1] Epoch 18 - Val Acc: 0.5455 | Val Loss: 0.6856
[Stage1] New best (epoch 18) Val Loss: 0.6856 — saved: D:\NN-kNN\results\classification_nnknn_rerun_20260601_103353\checkpoint_zebra_kfold_1_nnknn_retr.pth
[Stage1] Epoch 19 - Val Acc: 0.5455 | Val Loss: 0.6856
[Stage1] New best (epoch 19) Val Loss: 0.6856 — saved: D:\NN-kNN\results\classification_nnknn_rerun_20260601_103353\checkpoint_zebra_kfold_1_nnknn_retr.pth
[Stage1] Epoch 20 - Val Acc: 0.5455 | Val Loss: 0.6856
[Stage1] New best (epoch 20) Val Loss: 0.6856 — saved: D:\NN-kNN\results\classification_nnknn_rerun_20260601_103353\checkpoint_zebra_kfold_1_nnknn_retr.pth
[Stage1] Epoch 21 - Val Acc: 0.5455 | Val Loss: 0.6855
[Stage1] New best (epoch 21) Val Loss: 0.6855 — saved: D:\NN-kNN\results\classification_nnknn_rerun_20260601_103353\checkpoint_zebra_kfold_1_nnknn_retr.pth
[Stage1] Epoch 22 - Val Acc: 0.5455 | Val Loss: 0.6855
[Stage1] New best (epoch 22) Val Loss: 0.6855 — saved: D:\NN-kNN\results\classification_nnknn_rerun_20260601_103353\checkpoint_zebra_kfold_1_nnknn_retr.pth
[Stage1] Epoch 23 - Val Acc: 0.5455 | Val Loss: 0.6854
[Stage1] New best (epoch 23) Val Loss: 0.6854 — saved: D:\NN-kNN\results\classification_nnknn_rerun_20260601_103353\checkpoint_zebra_kfold_1_nnknn_retr.pth
[Stage1] Epoch 24 - Val Acc: 0.5455 | Val Loss: 0.6854
[Stage1] New best (epoch 24) Val Loss: 0.6854 — saved: D:\NN-kNN\results\classification_nnknn_rerun_20260601_103353\checkpoint_zebra_kfold_1_nnknn_retr.pth
[Stage1] Epoch 25 - Val Acc: 0.5455 | Val Loss: 0.6853
[Stage1] New best (epoch 25) Val Loss: 0.6853 — saved: D:\NN-kNN\results\classification_nnknn_rerun_20260601_103353\checkpoint_zebra_kfold_1_nnknn_retr.pth
[Stage1] Epoch 26 - Val Acc: 0.5455 | Val Loss: 0.6853
[Stage1] New best (epoch 26) Val Loss: 0.6853 — saved: D:\NN-kNN\results\classification_nnknn_rerun_20260601_103353\checkpoint_zebra_kfold_1_nnknn_retr.pth
[Stage1] Epoch 27 - Val Acc: 0.5455 | Val Loss: 0.6853
[Stage1] New best (epoch 27) Val Loss: 0.6853 — saved: D:\NN-kNN\results\classification_nnknn_rerun_20260601_103353\checkpoint_zebra_kfold_1_nnknn_retr.pth
[Stage1] Epoch 28 - Val Acc: 0.5455 | Val Loss: 0.6852
[Stage1] New best (epoch 28) Val Loss: 0.6852 — saved: D:\NN-kNN\results\classification_nnknn_rerun_20260601_103353\checkpoint_zebra_kfold_1_nnknn_retr.pth
[Stage1] Epoch 29 - Val Acc: 0.5455 | Val Loss: 0.6852
[Stage1] New best (epoch 29) Val Loss: 0.6852 — saved: D:\NN-kNN\results\classification_nnknn_rerun_20260601_103353\checkpoint_zebra_kfold_1_nnknn_retr.pth
[Stage1] Epoch 30 - Val Acc: 0.5455 | Val Loss: 0.6851
[Stage1] New best (epoch 30) Val Loss: 0.6851 — saved: D:\NN-kNN\results\classification_nnknn_rerun_20260601_103353\checkpoint_zebra_kfold_1_nnknn_retr.pth
[Stage1] Epoch 31 - Val Acc: 0.5455 | Val Loss: 0.6851
[Stage1] New best (epoch 31) Val Loss: 0.6851 — saved: D:\NN-kNN\results\classification_nnknn_rerun_20260601_103353\checkpoint_zebra_kfold_1_nnknn_retr.pth
[Stage1] Epoch 32 - Val Acc: 0.5455 | Val Loss: 0.6850
[Stage1] New best (epoch 32) Val Loss: 0.6850 — saved: D:\NN-kNN\results\classification_nnknn_rerun_20260601_103353\checkpoint_zebra_kfold_1_nnknn_retr.pth
[Stage1] Epoch 33 - Val Acc: 0.5455 | Val Loss: 0.6850
[Stage1] New best (epoch 33) Val Loss: 0.6850 — saved: D:\NN-kNN\results\classification_nnknn_rerun_20260601_103353\checkpoint_zebra_kfold_1_nnknn_retr.pth
[Stage1] Epoch 34 - Val Acc: 0.5455 | Val Loss: 0.6850
[Stage1] New best (epoch 34) Val Loss: 0.6850 — saved: D:\NN-kNN\results\classification_nnknn_rerun_20260601_103353\checkpoint_zebra_kfold_1_nnknn_retr.pth
[Stage1] Epoch 35 - Val Acc: 0.5455 | Val Loss: 0.6849
[Stage1] New best (epoch 35) Val Loss: 0.6849 — saved: D:\NN-kNN\results\classification_nnknn_rerun_20260601_103353\checkpoint_zebra_kfold_1_nnknn_retr.pth
[Stage1] Epoch 36 - Val Acc: 0.5455 | Val Loss: 0.6849
[Stage1] New best (epoch 36) Val Loss: 0.6849 — saved: D:\NN-kNN\results\classification_nnknn_rerun_20260601_103353\checkpoint_zebra_kfold_1_nnknn_retr.pth
[Stage1] Epoch 37 - Val Acc: 0.5455 | Val Loss: 0.6848
[Stage1] New best (epoch 37) Val Loss: 0.6848 — saved: D:\NN-kNN\results\classification_nnknn_rerun_20260601_103353\checkpoint_zebra_kfold_1_nnknn_retr.pth
[Stage1] Epoch 38 - Val Acc: 0.5455 | Val Loss: 0.6848
[Stage1] New best (epoch 38) Val Loss: 0.6848 — saved: D:\NN-kNN\results\classification_nnknn_rerun_20260601_103353\checkpoint_zebra_kfold_1_nnknn_retr.pth
[Stage1] Epoch 39 - Val Acc: 0.5455 | Val Loss: 0.6847
[Stage1] New best (epoch 39) Val Loss: 0.6847 — saved: D:\NN-kNN\results\classification_nnknn_rerun_20260601_103353\checkpoint_zebra_kfold_1_nnknn_retr.pth
[Stage1] Epoch 40 - Val Acc: 0.5455 | Val Loss: 0.6847
[Stage1] New best (epoch 40) Val Loss: 0.6847 — saved: D:\NN-kNN\results\classification_nnknn_rerun_20260601_103353\checkpoint_zebra_kfold_1_nnknn_retr.pth
[Stage1] Epoch 41 - Val Acc: 0.5455 | Val Loss: 0.6846
[Stage1] New best (epoch 41) Val Loss: 0.6846 — saved: D:\NN-kNN\results\classification_nnknn_rerun_20260601_103353\checkpoint_zebra_kfold_1_nnknn_retr.pth
[Stage1] Epoch 42 - Val Acc: 0.5455 | Val Loss: 0.6846
[Stage1] New best (epoch 42) Val Loss: 0.6846 — saved: D:\NN-kNN\results\classification_nnknn_rerun_20260601_103353\checkpoint_zebra_kfold_1_nnknn_retr.pth
[Stage1] Epoch 43 - Val Acc: 0.5455 | Val Loss: 0.6845
[Stage1] New best (epoch 43) Val Loss: 0.6845 — saved: D:\NN-kNN\results\classification_nnknn_rerun_20260601_103353\checkpoint_zebra_kfold_1_nnknn_retr.pth
[Stage1] Epoch 44 - Val Acc: 0.5455 | Val Loss: 0.6845
[Stage1] New best (epoch 44) Val Loss: 0.6845 — saved: D:\NN-kNN\results\classification_nnknn_rerun_20260601_103353\checkpoint_zebra_kfold_1_nnknn_retr.pth
[Stage1] Epoch 45 - Val Acc: 0.5455 | Val Loss: 0.6845
[Stage1] New best (epoch 45) Val Loss: 0.6845 — saved: D:\NN-kNN\results\classification_nnknn_rerun_20260601_103353\checkpoint_zebra_kfold_1_nnknn_retr.pth
[Stage1] Epoch 46 - Val Acc: 0.5455 | Val Loss: 0.6844
[Stage1] New best (epoch 46) Val Loss: 0.6844 — saved: D:\NN-kNN\results\classification_nnknn_rerun_20260601_103353\checkpoint_zebra_kfold_1_nnknn_retr.pth
[Stage1] Epoch 47 - Val Acc: 0.5455 | Val Loss: 0.6844
[Stage1] New best (epoch 47) Val Loss: 0.6844 — saved: D:\NN-kNN\results\classification_nnknn_rerun_20260601_103353\checkpoint_zebra_kfold_1_nnknn_retr.pth
[Stage1] Epoch 48 - Val Acc: 0.5455 | Val Loss: 0.6843
[Stage1] New best (epoch 48) Val Loss: 0.6843 — saved: D:\NN-kNN\results\classification_nnknn_rerun_20260601_103353\checkpoint_zebra_kfold_1_nnknn_retr.pth
[Stage1] Epoch 49 - Val Acc: 0.5455 | Val Loss: 0.6843
[Stage1] New best (epoch 49) Val Loss: 0.6843 — saved: D:\NN-kNN\results\classification_nnknn_rerun_20260601_103353\checkpoint_zebra_kfold_1_nnknn_retr.pth
[Stage1] Epoch 50 - Val Acc: 0.5455 | Val Loss: 0.6842
[Stage1] New best (epoch 50) Val Loss: 0.6842 — saved: D:\NN-kNN\results\classification_nnknn_rerun_20260601_103353\checkpoint_zebra_kfold_1_nnknn_retr.pth

[Stage 2] Skipped: adapter not enabled.
Training completed. Best Acc or R2:  0.5454545454545454
Final global feature weights: tensor([[0.5346, 0.4654]])
[classification benchmark] zebra method=nnknn
cases trainable: False
labels trainable: False
Number of feature extractor parameters: 0
Number of glocal weightor parameters: 1
torch.Size([1, 2])
Number of adapter parameters: 0
Number of case_net_params: 3
torch.Size([99])
torch.Size([99])
torch.Size([99, 1])
*****************
Training started for training_epochs epochs with batch size 32

[Stage 1] Retrieval-only training for up to 50 epochs (patience=20)
[Stage1] Epoch 1 - Val Acc: 0.4545 | Val Loss: 0.7508
[Stage1] New best (epoch 1) Val Loss: 0.7508 — saved: D:\NN-kNN\results\classification_nnknn_rerun_20260601_103353\checkpoint_zebra_kfold_2_nnknn_retr.pth
[Stage1] Epoch 2 - Val Acc: 0.4545 | Val Loss: 0.7508
[Stage1] New best (epoch 2) Val Loss: 0.7508 — saved: D:\NN-kNN\results\classification_nnknn_rerun_20260601_103353\checkpoint_zebra_kfold_2_nnknn_retr.pth
[Stage1] Epoch 3 - Val Acc: 0.4545 | Val Loss: 0.7508
[Stage1] No improv. Best so far: 0.7508 (epoch 2)
[Stage1] Epoch 4 - Val Acc: 0.4545 | Val Loss: 0.7508
[Stage1] No improv. Best so far: 0.7508 (epoch 2)
[Stage1] Epoch 5 - Val Acc: 0.4545 | Val Loss: 0.7508
[Stage1] No improv. Best so far: 0.7508 (epoch 2)
[Stage1] Epoch 6 - Val Acc: 0.4545 | Val Loss: 0.7508
[Stage1] New best (epoch 6) Val Loss: 0.7508 — saved: D:\NN-kNN\results\classification_nnknn_rerun_20260601_103353\checkpoint_zebra_kfold_2_nnknn_retr.pth
[Stage1] Epoch 7 - Val Acc: 0.4545 | Val Loss: 0.7508
[Stage1] New best (epoch 7) Val Loss: 0.7508 — saved: D:\NN-kNN\results\classification_nnknn_rerun_20260601_103353\checkpoint_zebra_kfold_2_nnknn_retr.pth
[Stage1] Epoch 8 - Val Acc: 0.4545 | Val Loss: 0.7508
[Stage1] No improv. Best so far: 0.7508 (epoch 7)
[Stage1] Epoch 9 - Val Acc: 0.4545 | Val Loss: 0.7508
[Stage1] New best (epoch 9) Val Loss: 0.7508 — saved: D:\NN-kNN\results\classification_nnknn_rerun_20260601_103353\checkpoint_zebra_kfold_2_nnknn_retr.pth
[Stage1] Epoch 10 - Val Acc: 0.4545 | Val Loss: 0.7508
[Stage1] No improv. Best so far: 0.7508 (epoch 9)
[Stage1] Epoch 11 - Val Acc: 0.4545 | Val Loss: 0.7508
[Stage1] No improv. Best so far: 0.7508 (epoch 9)
[Stage1] Epoch 12 - Val Acc: 0.4545 | Val Loss: 0.7508
[Stage1] No improv. Best so far: 0.7508 (epoch 9)
[Stage1] Epoch 13 - Val Acc: 0.4545 | Val Loss: 0.7508
[Stage1] New best (epoch 13) Val Loss: 0.7508 — saved: D:\NN-kNN\results\classification_nnknn_rerun_20260601_103353\checkpoint_zebra_kfold_2_nnknn_retr.pth
[Stage1] Epoch 14 - Val Acc: 0.4545 | Val Loss: 0.7508
[Stage1] New best (epoch 14) Val Loss: 0.7508 — saved: D:\NN-kNN\results\classification_nnknn_rerun_20260601_103353\checkpoint_zebra_kfold_2_nnknn_retr.pth
[Stage1] Epoch 15 - Val Acc: 0.4545 | Val Loss: 0.7508
[Stage1] New best (epoch 15) Val Loss: 0.7508 — saved: D:\NN-kNN\results\classification_nnknn_rerun_20260601_103353\checkpoint_zebra_kfold_2_nnknn_retr.pth
[Stage1] Epoch 16 - Val Acc: 0.4545 | Val Loss: 0.7508
[Stage1] New best (epoch 16) Val Loss: 0.7508 — saved: D:\NN-kNN\results\classification_nnknn_rerun_20260601_103353\checkpoint_zebra_kfold_2_nnknn_retr.pth
[Stage1] Epoch 17 - Val Acc: 0.4545 | Val Loss: 0.7508
[Stage1] New best (epoch 17) Val Loss: 0.7508 — saved: D:\NN-kNN\results\classification_nnknn_rerun_20260601_103353\checkpoint_zebra_kfold_2_nnknn_retr.pth
[Stage1] Epoch 18 - Val Acc: 0.4545 | Val Loss: 0.7508
[Stage1] New best (epoch 18) Val Loss: 0.7508 — saved: D:\NN-kNN\results\classification_nnknn_rerun_20260601_103353\checkpoint_zebra_kfold_2_nnknn_retr.pth
[Stage1] Epoch 19 - Val Acc: 0.4545 | Val Loss: 0.7507
[Stage1] New best (epoch 19) Val Loss: 0.7507 — saved: D:\NN-kNN\results\classification_nnknn_rerun_20260601_103353\checkpoint_zebra_kfold_2_nnknn_retr.pth
[Stage1] Epoch 20 - Val Acc: 0.4545 | Val Loss: 0.7507
[Stage1] New best (epoch 20) Val Loss: 0.7507 — saved: D:\NN-kNN\results\classification_nnknn_rerun_20260601_103353\checkpoint_zebra_kfold_2_nnknn_retr.pth
[Stage1] Epoch 21 - Val Acc: 0.4545 | Val Loss: 0.7507
[Stage1] New best (epoch 21) Val Loss: 0.7507 — saved: D:\NN-kNN\results\classification_nnknn_rerun_20260601_103353\checkpoint_zebra_kfold_2_nnknn_retr.pth
[Stage1] Epoch 22 - Val Acc: 0.4545 | Val Loss: 0.7507
[Stage1] New best (epoch 22) Val Loss: 0.7507 — saved: D:\NN-kNN\results\classification_nnknn_rerun_20260601_103353\checkpoint_zebra_kfold_2_nnknn_retr.pth
[Stage1] Epoch 23 - Val Acc: 0.4545 | Val Loss: 0.7507
[Stage1] New best (epoch 23) Val Loss: 0.7507 — saved: D:\NN-kNN\results\classification_nnknn_rerun_20260601_103353\checkpoint_zebra_kfold_2_nnknn_retr.pth
[Stage1] Epoch 24 - Val Acc: 0.4545 | Val Loss: 0.7507
[Stage1] New best (epoch 24) Val Loss: 0.7507 — saved: D:\NN-kNN\results\classification_nnknn_rerun_20260601_103353\checkpoint_zebra_kfold_2_nnknn_retr.pth
[Stage1] Epoch 25 - Val Acc: 0.4545 | Val Loss: 0.7507
[Stage1] New best (epoch 25) Val Loss: 0.7507 — saved: D:\NN-kNN\results\classification_nnknn_rerun_20260601_103353\checkpoint_zebra_kfold_2_nnknn_retr.pth
[Stage1] Epoch 26 - Val Acc: 0.4545 | Val Loss: 0.7506
[Stage1] New best (epoch 26) Val Loss: 0.7506 — saved: D:\NN-kNN\results\classification_nnknn_rerun_20260601_103353\checkpoint_zebra_kfold_2_nnknn_retr.pth
[Stage1] Epoch 27 - Val Acc: 0.4545 | Val Loss: 0.7506
[Stage1] New best (epoch 27) Val Loss: 0.7506 — saved: D:\NN-kNN\results\classification_nnknn_rerun_20260601_103353\checkpoint_zebra_kfold_2_nnknn_retr.pth
[Stage1] Epoch 28 - Val Acc: 0.4545 | Val Loss: 0.7506
[Stage1] New best (epoch 28) Val Loss: 0.7506 — saved: D:\NN-kNN\results\classification_nnknn_rerun_20260601_103353\checkpoint_zebra_kfold_2_nnknn_retr.pth
[Stage1] Epoch 29 - Val Acc: 0.4545 | Val Loss: 0.7506
[Stage1] New best (epoch 29) Val Loss: 0.7506 — saved: D:\NN-kNN\results\classification_nnknn_rerun_20260601_103353\checkpoint_zebra_kfold_2_nnknn_retr.pth
[Stage1] Epoch 30 - Val Acc: 0.4545 | Val Loss: 0.7506
[Stage1] New best (epoch 30) Val Loss: 0.7506 — saved: D:\NN-kNN\results\classification_nnknn_rerun_20260601_103353\checkpoint_zebra_kfold_2_nnknn_retr.pth
[Stage1] Epoch 31 - Val Acc: 0.4545 | Val Loss: 0.7506
[Stage1] New best (epoch 31) Val Loss: 0.7506 — saved: D:\NN-kNN\results\classification_nnknn_rerun_20260601_103353\checkpoint_zebra_kfold_2_nnknn_retr.pth
[Stage1] Epoch 32 - Val Acc: 0.4545 | Val Loss: 0.7506
[Stage1] New best (epoch 32) Val Loss: 0.7506 — saved: D:\NN-kNN\results\classification_nnknn_rerun_20260601_103353\checkpoint_zebra_kfold_2_nnknn_retr.pth
[Stage1] Epoch 33 - Val Acc: 0.4545 | Val Loss: 0.7506
[Stage1] New best (epoch 33) Val Loss: 0.7506 — saved: D:\NN-kNN\results\classification_nnknn_rerun_20260601_103353\checkpoint_zebra_kfold_2_nnknn_retr.pth
[Stage1] Epoch 34 - Val Acc: 0.4545 | Val Loss: 0.7506
[Stage1] New best (epoch 34) Val Loss: 0.7506 — saved: D:\NN-kNN\results\classification_nnknn_rerun_20260601_103353\checkpoint_zebra_kfold_2_nnknn_retr.pth
[Stage1] Epoch 35 - Val Acc: 0.4545 | Val Loss: 0.7506
[Stage1] New best (epoch 35) Val Loss: 0.7506 — saved: D:\NN-kNN\results\classification_nnknn_rerun_20260601_103353\checkpoint_zebra_kfold_2_nnknn_retr.pth
[Stage1] Epoch 36 - Val Acc: 0.4545 | Val Loss: 0.7505
[Stage1] New best (epoch 36) Val Loss: 0.7505 — saved: D:\NN-kNN\results\classification_nnknn_rerun_20260601_103353\checkpoint_zebra_kfold_2_nnknn_retr.pth
[Stage1] Epoch 37 - Val Acc: 0.4545 | Val Loss: 0.7505
[Stage1] New best (epoch 37) Val Loss: 0.7505 — saved: D:\NN-kNN\results\classification_nnknn_rerun_20260601_103353\checkpoint_zebra_kfold_2_nnknn_retr.pth
[Stage1] Epoch 38 - Val Acc: 0.4545 | Val Loss: 0.7505
[Stage1] New best (epoch 38) Val Loss: 0.7505 — saved: D:\NN-kNN\results\classification_nnknn_rerun_20260601_103353\checkpoint_zebra_kfold_2_nnknn_retr.pth
[Stage1] Epoch 39 - Val Acc: 0.4545 | Val Loss: 0.7505
[Stage1] New best (epoch 39) Val Loss: 0.7505 — saved: D:\NN-kNN\results\classification_nnknn_rerun_20260601_103353\checkpoint_zebra_kfold_2_nnknn_retr.pth
[Stage1] Epoch 40 - Val Acc: 0.4545 | Val Loss: 0.7505
[Stage1] New best (epoch 40) Val Loss: 0.7505 — saved: D:\NN-kNN\results\classification_nnknn_rerun_20260601_103353\checkpoint_zebra_kfold_2_nnknn_retr.pth
[Stage1] Epoch 41 - Val Acc: 0.4545 | Val Loss: 0.7505
[Stage1] New best (epoch 41) Val Loss: 0.7505 — saved: D:\NN-kNN\results\classification_nnknn_rerun_20260601_103353\checkpoint_zebra_kfold_2_nnknn_retr.pth
[Stage1] Epoch 42 - Val Acc: 0.4545 | Val Loss: 0.7505
[Stage1] New best (epoch 42) Val Loss: 0.7505 — saved: D:\NN-kNN\results\classification_nnknn_rerun_20260601_103353\checkpoint_zebra_kfold_2_nnknn_retr.pth
[Stage1] Epoch 43 - Val Acc: 0.4545 | Val Loss: 0.7504
[Stage1] New best (epoch 43) Val Loss: 0.7504 — saved: D:\NN-kNN\results\classification_nnknn_rerun_20260601_103353\checkpoint_zebra_kfold_2_nnknn_retr.pth
[Stage1] Epoch 44 - Val Acc: 0.4545 | Val Loss: 0.7504
[Stage1] New best (epoch 44) Val Loss: 0.7504 — saved: D:\NN-kNN\results\classification_nnknn_rerun_20260601_103353\checkpoint_zebra_kfold_2_nnknn_retr.pth
[Stage1] Epoch 45 - Val Acc: 0.4545 | Val Loss: 0.7504
[Stage1] New best (epoch 45) Val Loss: 0.7504 — saved: D:\NN-kNN\results\classification_nnknn_rerun_20260601_103353\checkpoint_zebra_kfold_2_nnknn_retr.pth
[Stage1] Epoch 46 - Val Acc: 0.4545 | Val Loss: 0.7504
[Stage1] New best (epoch 46) Val Loss: 0.7504 — saved: D:\NN-kNN\results\classification_nnknn_rerun_20260601_103353\checkpoint_zebra_kfold_2_nnknn_retr.pth
[Stage1] Epoch 47 - Val Acc: 0.4545 | Val Loss: 0.7504
[Stage1] New best (epoch 47) Val Loss: 0.7504 — saved: D:\NN-kNN\results\classification_nnknn_rerun_20260601_103353\checkpoint_zebra_kfold_2_nnknn_retr.pth
[Stage1] Epoch 48 - Val Acc: 0.4545 | Val Loss: 0.7504
[Stage1] New best (epoch 48) Val Loss: 0.7504 — saved: D:\NN-kNN\results\classification_nnknn_rerun_20260601_103353\checkpoint_zebra_kfold_2_nnknn_retr.pth
[Stage1] Epoch 49 - Val Acc: 0.4545 | Val Loss: 0.7503
[Stage1] New best (epoch 49) Val Loss: 0.7503 — saved: D:\NN-kNN\results\classification_nnknn_rerun_20260601_103353\checkpoint_zebra_kfold_2_nnknn_retr.pth
[Stage1] Epoch 50 - Val Acc: 0.4545 | Val Loss: 0.7503
[Stage1] New best (epoch 50) Val Loss: 0.7503 — saved: D:\NN-kNN\results\classification_nnknn_rerun_20260601_103353\checkpoint_zebra_kfold_2_nnknn_retr.pth

[Stage 2] Skipped: adapter not enabled.
Training completed. Best Acc or R2:  0.45454545454545453
Final global feature weights: tensor([[0.5339, 0.4661]])
[classification benchmark] zebra method=nnknn
cases trainable: False
labels trainable: False
Number of feature extractor parameters: 0
Number of glocal weightor parameters: 1
torch.Size([1, 2])
Number of adapter parameters: 0
Number of case_net_params: 3
torch.Size([99])
torch.Size([99])
torch.Size([99, 1])
*****************
Training started for training_epochs epochs with batch size 32

[Stage 1] Retrieval-only training for up to 50 epochs (patience=20)
[Stage1] Epoch 1 - Val Acc: 0.2727 | Val Loss: 0.7859
[Stage1] New best (epoch 1) Val Loss: 0.7859 — saved: D:\NN-kNN\results\classification_nnknn_rerun_20260601_103353\checkpoint_zebra_kfold_3_nnknn_retr.pth
[Stage1] Epoch 2 - Val Acc: 0.2727 | Val Loss: 0.7859
[Stage1] No improv. Best so far: 0.7859 (epoch 1)
[Stage1] Epoch 3 - Val Acc: 0.2727 | Val Loss: 0.7859
[Stage1] New best (epoch 3) Val Loss: 0.7859 — saved: D:\NN-kNN\results\classification_nnknn_rerun_20260601_103353\checkpoint_zebra_kfold_3_nnknn_retr.pth
[Stage1] Epoch 4 - Val Acc: 0.2727 | Val Loss: 0.7859
[Stage1] No improv. Best so far: 0.7859 (epoch 3)
[Stage1] Epoch 5 - Val Acc: 0.2727 | Val Loss: 0.7859
[Stage1] New best (epoch 5) Val Loss: 0.7859 — saved: D:\NN-kNN\results\classification_nnknn_rerun_20260601_103353\checkpoint_zebra_kfold_3_nnknn_retr.pth
[Stage1] Epoch 6 - Val Acc: 0.2727 | Val Loss: 0.7859
[Stage1] No improv. Best so far: 0.7859 (epoch 5)
[Stage1] Epoch 7 - Val Acc: 0.3636 | Val Loss: 0.7859
[Stage1] New best (epoch 7) Val Loss: 0.7859 — saved: D:\NN-kNN\results\classification_nnknn_rerun_20260601_103353\checkpoint_zebra_kfold_3_nnknn_retr.pth
[Stage1] Epoch 8 - Val Acc: 0.3636 | Val Loss: 0.7858
[Stage1] New best (epoch 8) Val Loss: 0.7858 — saved: D:\NN-kNN\results\classification_nnknn_rerun_20260601_103353\checkpoint_zebra_kfold_3_nnknn_retr.pth
[Stage1] Epoch 9 - Val Acc: 0.3636 | Val Loss: 0.7858
[Stage1] No improv. Best so far: 0.7858 (epoch 8)
[Stage1] Epoch 10 - Val Acc: 0.3636 | Val Loss: 0.7858
[Stage1] New best (epoch 10) Val Loss: 0.7858 — saved: D:\NN-kNN\results\classification_nnknn_rerun_20260601_103353\checkpoint_zebra_kfold_3_nnknn_retr.pth
[Stage1] Epoch 11 - Val Acc: 0.3636 | Val Loss: 0.7858
[Stage1] New best (epoch 11) Val Loss: 0.7858 — saved: D:\NN-kNN\results\classification_nnknn_rerun_20260601_103353\checkpoint_zebra_kfold_3_nnknn_retr.pth
[Stage1] Epoch 12 - Val Acc: 0.3636 | Val Loss: 0.7858
[Stage1] No improv. Best so far: 0.7858 (epoch 11)
[Stage1] Epoch 13 - Val Acc: 0.3636 | Val Loss: 0.7858
[Stage1] No improv. Best so far: 0.7858 (epoch 11)
[Stage1] Epoch 14 - Val Acc: 0.3636 | Val Loss: 0.7858
[Stage1] New best (epoch 14) Val Loss: 0.7858 — saved: D:\NN-kNN\results\classification_nnknn_rerun_20260601_103353\checkpoint_zebra_kfold_3_nnknn_retr.pth
[Stage1] Epoch 15 - Val Acc: 0.3636 | Val Loss: 0.7858
[Stage1] No improv. Best so far: 0.7858 (epoch 14)
[Stage1] Epoch 16 - Val Acc: 0.3636 | Val Loss: 0.7858
[Stage1] New best (epoch 16) Val Loss: 0.7858 — saved: D:\NN-kNN\results\classification_nnknn_rerun_20260601_103353\checkpoint_zebra_kfold_3_nnknn_retr.pth
[Stage1] Epoch 17 - Val Acc: 0.3636 | Val Loss: 0.7858
[Stage1] No improv. Best so far: 0.7858 (epoch 16)
[Stage1] Epoch 18 - Val Acc: 0.3636 | Val Loss: 0.7858
[Stage1] No improv. Best so far: 0.7858 (epoch 16)
[Stage1] Epoch 19 - Val Acc: 0.3636 | Val Loss: 0.7858
[Stage1] New best (epoch 19) Val Loss: 0.7858 — saved: D:\NN-kNN\results\classification_nnknn_rerun_20260601_103353\checkpoint_zebra_kfold_3_nnknn_retr.pth
[Stage1] Epoch 20 - Val Acc: 0.3636 | Val Loss: 0.7858
[Stage1] New best (epoch 20) Val Loss: 0.7858 — saved: D:\NN-kNN\results\classification_nnknn_rerun_20260601_103353\checkpoint_zebra_kfold_3_nnknn_retr.pth
[Stage1] Epoch 21 - Val Acc: 0.3636 | Val Loss: 0.7858
[Stage1] New best (epoch 21) Val Loss: 0.7858 — saved: D:\NN-kNN\results\classification_nnknn_rerun_20260601_103353\checkpoint_zebra_kfold_3_nnknn_retr.pth
[Stage1] Epoch 22 - Val Acc: 0.3636 | Val Loss: 0.7857
[Stage1] New best (epoch 22) Val Loss: 0.7857 — saved: D:\NN-kNN\results\classification_nnknn_rerun_20260601_103353\checkpoint_zebra_kfold_3_nnknn_retr.pth
[Stage1] Epoch 23 - Val Acc: 0.3636 | Val Loss: 0.7857
[Stage1] New best (epoch 23) Val Loss: 0.7857 — saved: D:\NN-kNN\results\classification_nnknn_rerun_20260601_103353\checkpoint_zebra_kfold_3_nnknn_retr.pth
[Stage1] Epoch 24 - Val Acc: 0.3636 | Val Loss: 0.7857
[Stage1] New best (epoch 24) Val Loss: 0.7857 — saved: D:\NN-kNN\results\classification_nnknn_rerun_20260601_103353\checkpoint_zebra_kfold_3_nnknn_retr.pth
[Stage1] Epoch 25 - Val Acc: 0.3636 | Val Loss: 0.7857
[Stage1] New best (epoch 25) Val Loss: 0.7857 — saved: D:\NN-kNN\results\classification_nnknn_rerun_20260601_103353\checkpoint_zebra_kfold_3_nnknn_retr.pth
[Stage1] Epoch 26 - Val Acc: 0.3636 | Val Loss: 0.7857
[Stage1] New best (epoch 26) Val Loss: 0.7857 — saved: D:\NN-kNN\results\classification_nnknn_rerun_20260601_103353\checkpoint_zebra_kfold_3_nnknn_retr.pth
[Stage1] Epoch 27 - Val Acc: 0.3636 | Val Loss: 0.7857
[Stage1] New best (epoch 27) Val Loss: 0.7857 — saved: D:\NN-kNN\results\classification_nnknn_rerun_20260601_103353\checkpoint_zebra_kfold_3_nnknn_retr.pth
[Stage1] Epoch 28 - Val Acc: 0.3636 | Val Loss: 0.7856
[Stage1] New best (epoch 28) Val Loss: 0.7856 — saved: D:\NN-kNN\results\classification_nnknn_rerun_20260601_103353\checkpoint_zebra_kfold_3_nnknn_retr.pth
[Stage1] Epoch 29 - Val Acc: 0.3636 | Val Loss: 0.7856
[Stage1] New best (epoch 29) Val Loss: 0.7856 — saved: D:\NN-kNN\results\classification_nnknn_rerun_20260601_103353\checkpoint_zebra_kfold_3_nnknn_retr.pth
[Stage1] Epoch 30 - Val Acc: 0.3636 | Val Loss: 0.7856
[Stage1] New best (epoch 30) Val Loss: 0.7856 — saved: D:\NN-kNN\results\classification_nnknn_rerun_20260601_103353\checkpoint_zebra_kfold_3_nnknn_retr.pth
[Stage1] Epoch 31 - Val Acc: 0.3636 | Val Loss: 0.7856
[Stage1] New best (epoch 31) Val Loss: 0.7856 — saved: D:\NN-kNN\results\classification_nnknn_rerun_20260601_103353\checkpoint_zebra_kfold_3_nnknn_retr.pth
[Stage1] Epoch 32 - Val Acc: 0.3636 | Val Loss: 0.7855
[Stage1] New best (epoch 32) Val Loss: 0.7855 — saved: D:\NN-kNN\results\classification_nnknn_rerun_20260601_103353\checkpoint_zebra_kfold_3_nnknn_retr.pth
[Stage1] Epoch 33 - Val Acc: 0.3636 | Val Loss: 0.7855
[Stage1] New best (epoch 33) Val Loss: 0.7855 — saved: D:\NN-kNN\results\classification_nnknn_rerun_20260601_103353\checkpoint_zebra_kfold_3_nnknn_retr.pth
[Stage1] Epoch 34 - Val Acc: 0.3636 | Val Loss: 0.7855
[Stage1] No improv. Best so far: 0.7855 (epoch 33)
[Stage1] Epoch 35 - Val Acc: 0.3636 | Val Loss: 0.7855
[Stage1] New best (epoch 35) Val Loss: 0.7855 — saved: D:\NN-kNN\results\classification_nnknn_rerun_20260601_103353\checkpoint_zebra_kfold_3_nnknn_retr.pth
[Stage1] Epoch 36 - Val Acc: 0.3636 | Val Loss: 0.7855
[Stage1] New best (epoch 36) Val Loss: 0.7855 — saved: D:\NN-kNN\results\classification_nnknn_rerun_20260601_103353\checkpoint_zebra_kfold_3_nnknn_retr.pth
[Stage1] Epoch 37 - Val Acc: 0.3636 | Val Loss: 0.7855
[Stage1] New best (epoch 37) Val Loss: 0.7855 — saved: D:\NN-kNN\results\classification_nnknn_rerun_20260601_103353\checkpoint_zebra_kfold_3_nnknn_retr.pth
[Stage1] Epoch 38 - Val Acc: 0.3636 | Val Loss: 0.7855
[Stage1] New best (epoch 38) Val Loss: 0.7855 — saved: D:\NN-kNN\results\classification_nnknn_rerun_20260601_103353\checkpoint_zebra_kfold_3_nnknn_retr.pth
[Stage1] Epoch 39 - Val Acc: 0.3636 | Val Loss: 0.7855
[Stage1] New best (epoch 39) Val Loss: 0.7855 — saved: D:\NN-kNN\results\classification_nnknn_rerun_20260601_103353\checkpoint_zebra_kfold_3_nnknn_retr.pth
[Stage1] Epoch 40 - Val Acc: 0.3636 | Val Loss: 0.7855
[Stage1] New best (epoch 40) Val Loss: 0.7855 — saved: D:\NN-kNN\results\classification_nnknn_rerun_20260601_103353\checkpoint_zebra_kfold_3_nnknn_retr.pth
[Stage1] Epoch 41 - Val Acc: 0.3636 | Val Loss: 0.7855
[Stage1] New best (epoch 41) Val Loss: 0.7855 — saved: D:\NN-kNN\results\classification_nnknn_rerun_20260601_103353\checkpoint_zebra_kfold_3_nnknn_retr.pth
[Stage1] Epoch 42 - Val Acc: 0.3636 | Val Loss: 0.7854
[Stage1] New best (epoch 42) Val Loss: 0.7854 — saved: D:\NN-kNN\results\classification_nnknn_rerun_20260601_103353\checkpoint_zebra_kfold_3_nnknn_retr.pth
[Stage1] Epoch 43 - Val Acc: 0.3636 | Val Loss: 0.7854
[Stage1] New best (epoch 43) Val Loss: 0.7854 — saved: D:\NN-kNN\results\classification_nnknn_rerun_20260601_103353\checkpoint_zebra_kfold_3_nnknn_retr.pth
[Stage1] Epoch 44 - Val Acc: 0.3636 | Val Loss: 0.7854
[Stage1] No improv. Best so far: 0.7854 (epoch 43)
[Stage1] Epoch 45 - Val Acc: 0.3636 | Val Loss: 0.7854
[Stage1] New best (epoch 45) Val Loss: 0.7854 — saved: D:\NN-kNN\results\classification_nnknn_rerun_20260601_103353\checkpoint_zebra_kfold_3_nnknn_retr.pth
[Stage1] Epoch 46 - Val Acc: 0.3636 | Val Loss: 0.7854
[Stage1] New best (epoch 46) Val Loss: 0.7854 — saved: D:\NN-kNN\results\classification_nnknn_rerun_20260601_103353\checkpoint_zebra_kfold_3_nnknn_retr.pth
[Stage1] Epoch 47 - Val Acc: 0.3636 | Val Loss: 0.7853
[Stage1] New best (epoch 47) Val Loss: 0.7853 — saved: D:\NN-kNN\results\classification_nnknn_rerun_20260601_103353\checkpoint_zebra_kfold_3_nnknn_retr.pth
[Stage1] Epoch 48 - Val Acc: 0.3636 | Val Loss: 0.7853
[Stage1] New best (epoch 48) Val Loss: 0.7853 — saved: D:\NN-kNN\results\classification_nnknn_rerun_20260601_103353\checkpoint_zebra_kfold_3_nnknn_retr.pth
[Stage1] Epoch 49 - Val Acc: 0.3636 | Val Loss: 0.7853
[Stage1] New best (epoch 49) Val Loss: 0.7853 — saved: D:\NN-kNN\results\classification_nnknn_rerun_20260601_103353\checkpoint_zebra_kfold_3_nnknn_retr.pth
[Stage1] Epoch 50 - Val Acc: 0.3636 | Val Loss: 0.7852
[Stage1] New best (epoch 50) Val Loss: 0.7852 — saved: D:\NN-kNN\results\classification_nnknn_rerun_20260601_103353\checkpoint_zebra_kfold_3_nnknn_retr.pth

[Stage 2] Skipped: adapter not enabled.
Training completed. Best Acc or R2:  0.36363636363636365
Final global feature weights: tensor([[0.5353, 0.4647]])
[classification benchmark] zebra method=nnknn
cases trainable: False
labels trainable: False
Number of feature extractor parameters: 0
Number of glocal weightor parameters: 1
torch.Size([1, 2])
Number of adapter parameters: 0
Number of case_net_params: 3
torch.Size([99])
torch.Size([99])
torch.Size([99, 1])
*****************
Training started for training_epochs epochs with batch size 32

[Stage 1] Retrieval-only training for up to 50 epochs (patience=20)
[Stage1] Epoch 1 - Val Acc: 0.8182 | Val Loss: 0.6122
[Stage1] New best (epoch 1) Val Loss: 0.6122 — saved: D:\NN-kNN\results\classification_nnknn_rerun_20260601_103353\checkpoint_zebra_kfold_4_nnknn_retr.pth
[Stage1] Epoch 2 - Val Acc: 0.8182 | Val Loss: 0.6121
[Stage1] New best (epoch 2) Val Loss: 0.6121 — saved: D:\NN-kNN\results\classification_nnknn_rerun_20260601_103353\checkpoint_zebra_kfold_4_nnknn_retr.pth
[Stage1] Epoch 3 - Val Acc: 0.8182 | Val Loss: 0.6121
[Stage1] New best (epoch 3) Val Loss: 0.6121 — saved: D:\NN-kNN\results\classification_nnknn_rerun_20260601_103353\checkpoint_zebra_kfold_4_nnknn_retr.pth
[Stage1] Epoch 4 - Val Acc: 0.8182 | Val Loss: 0.6120
[Stage1] New best (epoch 4) Val Loss: 0.6120 — saved: D:\NN-kNN\results\classification_nnknn_rerun_20260601_103353\checkpoint_zebra_kfold_4_nnknn_retr.pth
[Stage1] Epoch 5 - Val Acc: 0.8182 | Val Loss: 0.6120
[Stage1] New best (epoch 5) Val Loss: 0.6120 — saved: D:\NN-kNN\results\classification_nnknn_rerun_20260601_103353\checkpoint_zebra_kfold_4_nnknn_retr.pth
[Stage1] Epoch 6 - Val Acc: 0.8182 | Val Loss: 0.6119
[Stage1] New best (epoch 6) Val Loss: 0.6119 — saved: D:\NN-kNN\results\classification_nnknn_rerun_20260601_103353\checkpoint_zebra_kfold_4_nnknn_retr.pth
[Stage1] Epoch 7 - Val Acc: 0.8182 | Val Loss: 0.6119
[Stage1] New best (epoch 7) Val Loss: 0.6119 — saved: D:\NN-kNN\results\classification_nnknn_rerun_20260601_103353\checkpoint_zebra_kfold_4_nnknn_retr.pth
[Stage1] Epoch 8 - Val Acc: 0.8182 | Val Loss: 0.6118
[Stage1] New best (epoch 8) Val Loss: 0.6118 — saved: D:\NN-kNN\results\classification_nnknn_rerun_20260601_103353\checkpoint_zebra_kfold_4_nnknn_retr.pth
[Stage1] Epoch 9 - Val Acc: 0.8182 | Val Loss: 0.6118
[Stage1] New best (epoch 9) Val Loss: 0.6118 — saved: D:\NN-kNN\results\classification_nnknn_rerun_20260601_103353\checkpoint_zebra_kfold_4_nnknn_retr.pth
[Stage1] Epoch 10 - Val Acc: 0.8182 | Val Loss: 0.6117
[Stage1] New best (epoch 10) Val Loss: 0.6117 — saved: D:\NN-kNN\results\classification_nnknn_rerun_20260601_103353\checkpoint_zebra_kfold_4_nnknn_retr.pth
[Stage1] Epoch 11 - Val Acc: 0.8182 | Val Loss: 0.6116
[Stage1] New best (epoch 11) Val Loss: 0.6116 — saved: D:\NN-kNN\results\classification_nnknn_rerun_20260601_103353\checkpoint_zebra_kfold_4_nnknn_retr.pth
[Stage1] Epoch 12 - Val Acc: 0.8182 | Val Loss: 0.6115
[Stage1] New best (epoch 12) Val Loss: 0.6115 — saved: D:\NN-kNN\results\classification_nnknn_rerun_20260601_103353\checkpoint_zebra_kfold_4_nnknn_retr.pth
[Stage1] Epoch 13 - Val Acc: 0.8182 | Val Loss: 0.6115
[Stage1] New best (epoch 13) Val Loss: 0.6115 — saved: D:\NN-kNN\results\classification_nnknn_rerun_20260601_103353\checkpoint_zebra_kfold_4_nnknn_retr.pth
[Stage1] Epoch 14 - Val Acc: 0.8182 | Val Loss: 0.6115
[Stage1] New best (epoch 14) Val Loss: 0.6115 — saved: D:\NN-kNN\results\classification_nnknn_rerun_20260601_103353\checkpoint_zebra_kfold_4_nnknn_retr.pth
[Stage1] Epoch 15 - Val Acc: 0.8182 | Val Loss: 0.6114
[Stage1] New best (epoch 15) Val Loss: 0.6114 — saved: D:\NN-kNN\results\classification_nnknn_rerun_20260601_103353\checkpoint_zebra_kfold_4_nnknn_retr.pth
[Stage1] Epoch 16 - Val Acc: 0.8182 | Val Loss: 0.6114
[Stage1] New best (epoch 16) Val Loss: 0.6114 — saved: D:\NN-kNN\results\classification_nnknn_rerun_20260601_103353\checkpoint_zebra_kfold_4_nnknn_retr.pth
[Stage1] Epoch 17 - Val Acc: 0.8182 | Val Loss: 0.6113
[Stage1] New best (epoch 17) Val Loss: 0.6113 — saved: D:\NN-kNN\results\classification_nnknn_rerun_20260601_103353\checkpoint_zebra_kfold_4_nnknn_retr.pth
[Stage1] Epoch 18 - Val Acc: 0.8182 | Val Loss: 0.6113
[Stage1] New best (epoch 18) Val Loss: 0.6113 — saved: D:\NN-kNN\results\classification_nnknn_rerun_20260601_103353\checkpoint_zebra_kfold_4_nnknn_retr.pth
[Stage1] Epoch 19 - Val Acc: 0.8182 | Val Loss: 0.6112
[Stage1] New best (epoch 19) Val Loss: 0.6112 — saved: D:\NN-kNN\results\classification_nnknn_rerun_20260601_103353\checkpoint_zebra_kfold_4_nnknn_retr.pth
[Stage1] Epoch 20 - Val Acc: 0.8182 | Val Loss: 0.6112
[Stage1] New best (epoch 20) Val Loss: 0.6112 — saved: D:\NN-kNN\results\classification_nnknn_rerun_20260601_103353\checkpoint_zebra_kfold_4_nnknn_retr.pth
[Stage1] Epoch 21 - Val Acc: 0.8182 | Val Loss: 0.6111
[Stage1] New best (epoch 21) Val Loss: 0.6111 — saved: D:\NN-kNN\results\classification_nnknn_rerun_20260601_103353\checkpoint_zebra_kfold_4_nnknn_retr.pth
[Stage1] Epoch 22 - Val Acc: 0.8182 | Val Loss: 0.6111
[Stage1] New best (epoch 22) Val Loss: 0.6111 — saved: D:\NN-kNN\results\classification_nnknn_rerun_20260601_103353\checkpoint_zebra_kfold_4_nnknn_retr.pth
[Stage1] Epoch 23 - Val Acc: 0.8182 | Val Loss: 0.6110
[Stage1] New best (epoch 23) Val Loss: 0.6110 — saved: D:\NN-kNN\results\classification_nnknn_rerun_20260601_103353\checkpoint_zebra_kfold_4_nnknn_retr.pth
[Stage1] Epoch 24 - Val Acc: 0.8182 | Val Loss: 0.6110
[Stage1] New best (epoch 24) Val Loss: 0.6110 — saved: D:\NN-kNN\results\classification_nnknn_rerun_20260601_103353\checkpoint_zebra_kfold_4_nnknn_retr.pth
[Stage1] Epoch 25 - Val Acc: 0.8182 | Val Loss: 0.6109
[Stage1] New best (epoch 25) Val Loss: 0.6109 — saved: D:\NN-kNN\results\classification_nnknn_rerun_20260601_103353\checkpoint_zebra_kfold_4_nnknn_retr.pth
[Stage1] Epoch 26 - Val Acc: 0.8182 | Val Loss: 0.6108
[Stage1] New best (epoch 26) Val Loss: 0.6108 — saved: D:\NN-kNN\results\classification_nnknn_rerun_20260601_103353\checkpoint_zebra_kfold_4_nnknn_retr.pth
[Stage1] Epoch 27 - Val Acc: 0.8182 | Val Loss: 0.6108
[Stage1] New best (epoch 27) Val Loss: 0.6108 — saved: D:\NN-kNN\results\classification_nnknn_rerun_20260601_103353\checkpoint_zebra_kfold_4_nnknn_retr.pth
[Stage1] Epoch 28 - Val Acc: 0.8182 | Val Loss: 0.6107
[Stage1] New best (epoch 28) Val Loss: 0.6107 — saved: D:\NN-kNN\results\classification_nnknn_rerun_20260601_103353\checkpoint_zebra_kfold_4_nnknn_retr.pth
[Stage1] Epoch 29 - Val Acc: 0.8182 | Val Loss: 0.6106
[Stage1] New best (epoch 29) Val Loss: 0.6106 — saved: D:\NN-kNN\results\classification_nnknn_rerun_20260601_103353\checkpoint_zebra_kfold_4_nnknn_retr.pth
[Stage1] Epoch 30 - Val Acc: 0.8182 | Val Loss: 0.6106
[Stage1] New best (epoch 30) Val Loss: 0.6106 — saved: D:\NN-kNN\results\classification_nnknn_rerun_20260601_103353\checkpoint_zebra_kfold_4_nnknn_retr.pth
[Stage1] Epoch 31 - Val Acc: 0.8182 | Val Loss: 0.6106
[Stage1] New best (epoch 31) Val Loss: 0.6106 — saved: D:\NN-kNN\results\classification_nnknn_rerun_20260601_103353\checkpoint_zebra_kfold_4_nnknn_retr.pth
[Stage1] Epoch 32 - Val Acc: 0.8182 | Val Loss: 0.6105
[Stage1] New best (epoch 32) Val Loss: 0.6105 — saved: D:\NN-kNN\results\classification_nnknn_rerun_20260601_103353\checkpoint_zebra_kfold_4_nnknn_retr.pth
[Stage1] Epoch 33 - Val Acc: 0.8182 | Val Loss: 0.6104
[Stage1] New best (epoch 33) Val Loss: 0.6104 — saved: D:\NN-kNN\results\classification_nnknn_rerun_20260601_103353\checkpoint_zebra_kfold_4_nnknn_retr.pth
[Stage1] Epoch 34 - Val Acc: 0.8182 | Val Loss: 0.6104
[Stage1] New best (epoch 34) Val Loss: 0.6104 — saved: D:\NN-kNN\results\classification_nnknn_rerun_20260601_103353\checkpoint_zebra_kfold_4_nnknn_retr.pth
[Stage1] Epoch 35 - Val Acc: 0.8182 | Val Loss: 0.6103
[Stage1] New best (epoch 35) Val Loss: 0.6103 — saved: D:\NN-kNN\results\classification_nnknn_rerun_20260601_103353\checkpoint_zebra_kfold_4_nnknn_retr.pth
[Stage1] Epoch 36 - Val Acc: 0.8182 | Val Loss: 0.6102
[Stage1] New best (epoch 36) Val Loss: 0.6102 — saved: D:\NN-kNN\results\classification_nnknn_rerun_20260601_103353\checkpoint_zebra_kfold_4_nnknn_retr.pth
[Stage1] Epoch 37 - Val Acc: 0.8182 | Val Loss: 0.6102
[Stage1] New best (epoch 37) Val Loss: 0.6102 — saved: D:\NN-kNN\results\classification_nnknn_rerun_20260601_103353\checkpoint_zebra_kfold_4_nnknn_retr.pth
[Stage1] Epoch 38 - Val Acc: 0.8182 | Val Loss: 0.6101
[Stage1] New best (epoch 38) Val Loss: 0.6101 — saved: D:\NN-kNN\results\classification_nnknn_rerun_20260601_103353\checkpoint_zebra_kfold_4_nnknn_retr.pth
[Stage1] Epoch 39 - Val Acc: 0.8182 | Val Loss: 0.6101
[Stage1] New best (epoch 39) Val Loss: 0.6101 — saved: D:\NN-kNN\results\classification_nnknn_rerun_20260601_103353\checkpoint_zebra_kfold_4_nnknn_retr.pth
[Stage1] Epoch 40 - Val Acc: 0.8182 | Val Loss: 0.6100
[Stage1] New best (epoch 40) Val Loss: 0.6100 — saved: D:\NN-kNN\results\classification_nnknn_rerun_20260601_103353\checkpoint_zebra_kfold_4_nnknn_retr.pth
[Stage1] Epoch 41 - Val Acc: 0.8182 | Val Loss: 0.6100
[Stage1] New best (epoch 41) Val Loss: 0.6100 — saved: D:\NN-kNN\results\classification_nnknn_rerun_20260601_103353\checkpoint_zebra_kfold_4_nnknn_retr.pth
[Stage1] Epoch 42 - Val Acc: 0.8182 | Val Loss: 0.6099
[Stage1] New best (epoch 42) Val Loss: 0.6099 — saved: D:\NN-kNN\results\classification_nnknn_rerun_20260601_103353\checkpoint_zebra_kfold_4_nnknn_retr.pth
[Stage1] Epoch 43 - Val Acc: 0.8182 | Val Loss: 0.6099
[Stage1] New best (epoch 43) Val Loss: 0.6099 — saved: D:\NN-kNN\results\classification_nnknn_rerun_20260601_103353\checkpoint_zebra_kfold_4_nnknn_retr.pth
[Stage1] Epoch 44 - Val Acc: 0.8182 | Val Loss: 0.6098
[Stage1] New best (epoch 44) Val Loss: 0.6098 — saved: D:\NN-kNN\results\classification_nnknn_rerun_20260601_103353\checkpoint_zebra_kfold_4_nnknn_retr.pth
[Stage1] Epoch 45 - Val Acc: 0.8182 | Val Loss: 0.6098
[Stage1] New best (epoch 45) Val Loss: 0.6098 — saved: D:\NN-kNN\results\classification_nnknn_rerun_20260601_103353\checkpoint_zebra_kfold_4_nnknn_retr.pth
[Stage1] Epoch 46 - Val Acc: 0.8182 | Val Loss: 0.6097
[Stage1] New best (epoch 46) Val Loss: 0.6097 — saved: D:\NN-kNN\results\classification_nnknn_rerun_20260601_103353\checkpoint_zebra_kfold_4_nnknn_retr.pth
[Stage1] Epoch 47 - Val Acc: 0.8182 | Val Loss: 0.6097
[Stage1] New best (epoch 47) Val Loss: 0.6097 — saved: D:\NN-kNN\results\classification_nnknn_rerun_20260601_103353\checkpoint_zebra_kfold_4_nnknn_retr.pth
[Stage1] Epoch 48 - Val Acc: 0.8182 | Val Loss: 0.6096
[Stage1] New best (epoch 48) Val Loss: 0.6096 — saved: D:\NN-kNN\results\classification_nnknn_rerun_20260601_103353\checkpoint_zebra_kfold_4_nnknn_retr.pth
[Stage1] Epoch 49 - Val Acc: 0.8182 | Val Loss: 0.6096
[Stage1] New best (epoch 49) Val Loss: 0.6096 — saved: D:\NN-kNN\results\classification_nnknn_rerun_20260601_103353\checkpoint_zebra_kfold_4_nnknn_retr.pth
[Stage1] Epoch 50 - Val Acc: 0.8182 | Val Loss: 0.6095
[Stage1] New best (epoch 50) Val Loss: 0.6095 — saved: D:\NN-kNN\results\classification_nnknn_rerun_20260601_103353\checkpoint_zebra_kfold_4_nnknn_retr.pth

[Stage 2] Skipped: adapter not enabled.
Training completed. Best Acc or R2:  0.8181818181818182
Final global feature weights: tensor([[0.5357, 0.4643]])
[classification benchmark] zebra method=nnknn
cases trainable: False
labels trainable: False
Number of feature extractor parameters: 0
Number of glocal weightor parameters: 1
torch.Size([1, 2])
Number of adapter parameters: 0
Number of case_net_params: 3
torch.Size([99])
torch.Size([99])
torch.Size([99, 1])
*****************
Training started for training_epochs epochs with batch size 32

[Stage 1] Retrieval-only training for up to 50 epochs (patience=20)
[Stage1] Epoch 1 - Val Acc: 0.4545 | Val Loss: 0.7048
[Stage1] New best (epoch 1) Val Loss: 0.7048 — saved: D:\NN-kNN\results\classification_nnknn_rerun_20260601_103353\checkpoint_zebra_kfold_5_nnknn_retr.pth
[Stage1] Epoch 2 - Val Acc: 0.4545 | Val Loss: 0.7047
[Stage1] New best (epoch 2) Val Loss: 0.7047 — saved: D:\NN-kNN\results\classification_nnknn_rerun_20260601_103353\checkpoint_zebra_kfold_5_nnknn_retr.pth
[Stage1] Epoch 3 - Val Acc: 0.4545 | Val Loss: 0.7047
[Stage1] New best (epoch 3) Val Loss: 0.7047 — saved: D:\NN-kNN\results\classification_nnknn_rerun_20260601_103353\checkpoint_zebra_kfold_5_nnknn_retr.pth
[Stage1] Epoch 4 - Val Acc: 0.4545 | Val Loss: 0.7047
[Stage1] New best (epoch 4) Val Loss: 0.7047 — saved: D:\NN-kNN\results\classification_nnknn_rerun_20260601_103353\checkpoint_zebra_kfold_5_nnknn_retr.pth
[Stage1] Epoch 5 - Val Acc: 0.4545 | Val Loss: 0.7047
[Stage1] New best (epoch 5) Val Loss: 0.7047 — saved: D:\NN-kNN\results\classification_nnknn_rerun_20260601_103353\checkpoint_zebra_kfold_5_nnknn_retr.pth
[Stage1] Epoch 6 - Val Acc: 0.4545 | Val Loss: 0.7046
[Stage1] New best (epoch 6) Val Loss: 0.7046 — saved: D:\NN-kNN\results\classification_nnknn_rerun_20260601_103353\checkpoint_zebra_kfold_5_nnknn_retr.pth
[Stage1] Epoch 7 - Val Acc: 0.4545 | Val Loss: 0.7046
[Stage1] New best (epoch 7) Val Loss: 0.7046 — saved: D:\NN-kNN\results\classification_nnknn_rerun_20260601_103353\checkpoint_zebra_kfold_5_nnknn_retr.pth
[Stage1] Epoch 8 - Val Acc: 0.4545 | Val Loss: 0.7046
[Stage1] New best (epoch 8) Val Loss: 0.7046 — saved: D:\NN-kNN\results\classification_nnknn_rerun_20260601_103353\checkpoint_zebra_kfold_5_nnknn_retr.pth
[Stage1] Epoch 9 - Val Acc: 0.4545 | Val Loss: 0.7045
[Stage1] New best (epoch 9) Val Loss: 0.7045 — saved: D:\NN-kNN\results\classification_nnknn_rerun_20260601_103353\checkpoint_zebra_kfold_5_nnknn_retr.pth
[Stage1] Epoch 10 - Val Acc: 0.4545 | Val Loss: 0.7045
[Stage1] New best (epoch 10) Val Loss: 0.7045 — saved: D:\NN-kNN\results\classification_nnknn_rerun_20260601_103353\checkpoint_zebra_kfold_5_nnknn_retr.pth
[Stage1] Epoch 11 - Val Acc: 0.4545 | Val Loss: 0.7045
[Stage1] New best (epoch 11) Val Loss: 0.7045 — saved: D:\NN-kNN\results\classification_nnknn_rerun_20260601_103353\checkpoint_zebra_kfold_5_nnknn_retr.pth
[Stage1] Epoch 12 - Val Acc: 0.4545 | Val Loss: 0.7045
[Stage1] New best (epoch 12) Val Loss: 0.7045 — saved: D:\NN-kNN\results\classification_nnknn_rerun_20260601_103353\checkpoint_zebra_kfold_5_nnknn_retr.pth
[Stage1] Epoch 13 - Val Acc: 0.4545 | Val Loss: 0.7044
[Stage1] New best (epoch 13) Val Loss: 0.7044 — saved: D:\NN-kNN\results\classification_nnknn_rerun_20260601_103353\checkpoint_zebra_kfold_5_nnknn_retr.pth
[Stage1] Epoch 14 - Val Acc: 0.4545 | Val Loss: 0.7044
[Stage1] New best (epoch 14) Val Loss: 0.7044 — saved: D:\NN-kNN\results\classification_nnknn_rerun_20260601_103353\checkpoint_zebra_kfold_5_nnknn_retr.pth
[Stage1] Epoch 15 - Val Acc: 0.4545 | Val Loss: 0.7044
[Stage1] New best (epoch 15) Val Loss: 0.7044 — saved: D:\NN-kNN\results\classification_nnknn_rerun_20260601_103353\checkpoint_zebra_kfold_5_nnknn_retr.pth
[Stage1] Epoch 16 - Val Acc: 0.4545 | Val Loss: 0.7044
[Stage1] New best (epoch 16) Val Loss: 0.7044 — saved: D:\NN-kNN\results\classification_nnknn_rerun_20260601_103353\checkpoint_zebra_kfold_5_nnknn_retr.pth
[Stage1] Epoch 17 - Val Acc: 0.4545 | Val Loss: 0.7043
[Stage1] New best (epoch 17) Val Loss: 0.7043 — saved: D:\NN-kNN\results\classification_nnknn_rerun_20260601_103353\checkpoint_zebra_kfold_5_nnknn_retr.pth
[Stage1] Epoch 18 - Val Acc: 0.4545 | Val Loss: 0.7043
[Stage1] New best (epoch 18) Val Loss: 0.7043 — saved: D:\NN-kNN\results\classification_nnknn_rerun_20260601_103353\checkpoint_zebra_kfold_5_nnknn_retr.pth
[Stage1] Epoch 19 - Val Acc: 0.4545 | Val Loss: 0.7042
[Stage1] New best (epoch 19) Val Loss: 0.7042 — saved: D:\NN-kNN\results\classification_nnknn_rerun_20260601_103353\checkpoint_zebra_kfold_5_nnknn_retr.pth
[Stage1] Epoch 20 - Val Acc: 0.4545 | Val Loss: 0.7042
[Stage1] New best (epoch 20) Val Loss: 0.7042 — saved: D:\NN-kNN\results\classification_nnknn_rerun_20260601_103353\checkpoint_zebra_kfold_5_nnknn_retr.pth
[Stage1] Epoch 21 - Val Acc: 0.4545 | Val Loss: 0.7042
[Stage1] New best (epoch 21) Val Loss: 0.7042 — saved: D:\NN-kNN\results\classification_nnknn_rerun_20260601_103353\checkpoint_zebra_kfold_5_nnknn_retr.pth
[Stage1] Epoch 22 - Val Acc: 0.4545 | Val Loss: 0.7042
[Stage1] New best (epoch 22) Val Loss: 0.7042 — saved: D:\NN-kNN\results\classification_nnknn_rerun_20260601_103353\checkpoint_zebra_kfold_5_nnknn_retr.pth
[Stage1] Epoch 23 - Val Acc: 0.4545 | Val Loss: 0.7041
[Stage1] New best (epoch 23) Val Loss: 0.7041 — saved: D:\NN-kNN\results\classification_nnknn_rerun_20260601_103353\checkpoint_zebra_kfold_5_nnknn_retr.pth
[Stage1] Epoch 24 - Val Acc: 0.4545 | Val Loss: 0.7041
[Stage1] New best (epoch 24) Val Loss: 0.7041 — saved: D:\NN-kNN\results\classification_nnknn_rerun_20260601_103353\checkpoint_zebra_kfold_5_nnknn_retr.pth
[Stage1] Epoch 25 - Val Acc: 0.4545 | Val Loss: 0.7041
[Stage1] New best (epoch 25) Val Loss: 0.7041 — saved: D:\NN-kNN\results\classification_nnknn_rerun_20260601_103353\checkpoint_zebra_kfold_5_nnknn_retr.pth
[Stage1] Epoch 26 - Val Acc: 0.4545 | Val Loss: 0.7040
[Stage1] New best (epoch 26) Val Loss: 0.7040 — saved: D:\NN-kNN\results\classification_nnknn_rerun_20260601_103353\checkpoint_zebra_kfold_5_nnknn_retr.pth
[Stage1] Epoch 27 - Val Acc: 0.4545 | Val Loss: 0.7040
[Stage1] New best (epoch 27) Val Loss: 0.7040 — saved: D:\NN-kNN\results\classification_nnknn_rerun_20260601_103353\checkpoint_zebra_kfold_5_nnknn_retr.pth
[Stage1] Epoch 28 - Val Acc: 0.4545 | Val Loss: 0.7040
[Stage1] New best (epoch 28) Val Loss: 0.7040 — saved: D:\NN-kNN\results\classification_nnknn_rerun_20260601_103353\checkpoint_zebra_kfold_5_nnknn_retr.pth
[Stage1] Epoch 29 - Val Acc: 0.4545 | Val Loss: 0.7039
[Stage1] New best (epoch 29) Val Loss: 0.7039 — saved: D:\NN-kNN\results\classification_nnknn_rerun_20260601_103353\checkpoint_zebra_kfold_5_nnknn_retr.pth
[Stage1] Epoch 30 - Val Acc: 0.4545 | Val Loss: 0.7039
[Stage1] New best (epoch 30) Val Loss: 0.7039 — saved: D:\NN-kNN\results\classification_nnknn_rerun_20260601_103353\checkpoint_zebra_kfold_5_nnknn_retr.pth
[Stage1] Epoch 31 - Val Acc: 0.4545 | Val Loss: 0.7039
[Stage1] New best (epoch 31) Val Loss: 0.7039 — saved: D:\NN-kNN\results\classification_nnknn_rerun_20260601_103353\checkpoint_zebra_kfold_5_nnknn_retr.pth
[Stage1] Epoch 32 - Val Acc: 0.4545 | Val Loss: 0.7038
[Stage1] New best (epoch 32) Val Loss: 0.7038 — saved: D:\NN-kNN\results\classification_nnknn_rerun_20260601_103353\checkpoint_zebra_kfold_5_nnknn_retr.pth
[Stage1] Epoch 33 - Val Acc: 0.4545 | Val Loss: 0.7038
[Stage1] New best (epoch 33) Val Loss: 0.7038 — saved: D:\NN-kNN\results\classification_nnknn_rerun_20260601_103353\checkpoint_zebra_kfold_5_nnknn_retr.pth
[Stage1] Epoch 34 - Val Acc: 0.4545 | Val Loss: 0.7038
[Stage1] New best (epoch 34) Val Loss: 0.7038 — saved: D:\NN-kNN\results\classification_nnknn_rerun_20260601_103353\checkpoint_zebra_kfold_5_nnknn_retr.pth
[Stage1] Epoch 35 - Val Acc: 0.4545 | Val Loss: 0.7037
[Stage1] New best (epoch 35) Val Loss: 0.7037 — saved: D:\NN-kNN\results\classification_nnknn_rerun_20260601_103353\checkpoint_zebra_kfold_5_nnknn_retr.pth
[Stage1] Epoch 36 - Val Acc: 0.4545 | Val Loss: 0.7037
[Stage1] New best (epoch 36) Val Loss: 0.7037 — saved: D:\NN-kNN\results\classification_nnknn_rerun_20260601_103353\checkpoint_zebra_kfold_5_nnknn_retr.pth
[Stage1] Epoch 37 - Val Acc: 0.4545 | Val Loss: 0.7037
[Stage1] New best (epoch 37) Val Loss: 0.7037 — saved: D:\NN-kNN\results\classification_nnknn_rerun_20260601_103353\checkpoint_zebra_kfold_5_nnknn_retr.pth
[Stage1] Epoch 38 - Val Acc: 0.4545 | Val Loss: 0.7037
[Stage1] New best (epoch 38) Val Loss: 0.7037 — saved: D:\NN-kNN\results\classification_nnknn_rerun_20260601_103353\checkpoint_zebra_kfold_5_nnknn_retr.pth
[Stage1] Epoch 39 - Val Acc: 0.4545 | Val Loss: 0.7036
[Stage1] New best (epoch 39) Val Loss: 0.7036 — saved: D:\NN-kNN\results\classification_nnknn_rerun_20260601_103353\checkpoint_zebra_kfold_5_nnknn_retr.pth
[Stage1] Epoch 40 - Val Acc: 0.4545 | Val Loss: 0.7036
[Stage1] New best (epoch 40) Val Loss: 0.7036 — saved: D:\NN-kNN\results\classification_nnknn_rerun_20260601_103353\checkpoint_zebra_kfold_5_nnknn_retr.pth
[Stage1] Epoch 41 - Val Acc: 0.4545 | Val Loss: 0.7035
[Stage1] New best (epoch 41) Val Loss: 0.7035 — saved: D:\NN-kNN\results\classification_nnknn_rerun_20260601_103353\checkpoint_zebra_kfold_5_nnknn_retr.pth
[Stage1] Epoch 42 - Val Acc: 0.4545 | Val Loss: 0.7035
[Stage1] New best (epoch 42) Val Loss: 0.7035 — saved: D:\NN-kNN\results\classification_nnknn_rerun_20260601_103353\checkpoint_zebra_kfold_5_nnknn_retr.pth
[Stage1] Epoch 43 - Val Acc: 0.4545 | Val Loss: 0.7035
[Stage1] New best (epoch 43) Val Loss: 0.7035 — saved: D:\NN-kNN\results\classification_nnknn_rerun_20260601_103353\checkpoint_zebra_kfold_5_nnknn_retr.pth
[Stage1] Epoch 44 - Val Acc: 0.4545 | Val Loss: 0.7035
[Stage1] New best (epoch 44) Val Loss: 0.7035 — saved: D:\NN-kNN\results\classification_nnknn_rerun_20260601_103353\checkpoint_zebra_kfold_5_nnknn_retr.pth
[Stage1] Epoch 45 - Val Acc: 0.4545 | Val Loss: 0.7034
[Stage1] New best (epoch 45) Val Loss: 0.7034 — saved: D:\NN-kNN\results\classification_nnknn_rerun_20260601_103353\checkpoint_zebra_kfold_5_nnknn_retr.pth
[Stage1] Epoch 46 - Val Acc: 0.4545 | Val Loss: 0.7034
[Stage1] New best (epoch 46) Val Loss: 0.7034 — saved: D:\NN-kNN\results\classification_nnknn_rerun_20260601_103353\checkpoint_zebra_kfold_5_nnknn_retr.pth
[Stage1] Epoch 47 - Val Acc: 0.4545 | Val Loss: 0.7034
[Stage1] New best (epoch 47) Val Loss: 0.7034 — saved: D:\NN-kNN\results\classification_nnknn_rerun_20260601_103353\checkpoint_zebra_kfold_5_nnknn_retr.pth
[Stage1] Epoch 48 - Val Acc: 0.4545 | Val Loss: 0.7033
[Stage1] New best (epoch 48) Val Loss: 0.7033 — saved: D:\NN-kNN\results\classification_nnknn_rerun_20260601_103353\checkpoint_zebra_kfold_5_nnknn_retr.pth
[Stage1] Epoch 49 - Val Acc: 0.4545 | Val Loss: 0.7033
[Stage1] New best (epoch 49) Val Loss: 0.7033 — saved: D:\NN-kNN\results\classification_nnknn_rerun_20260601_103353\checkpoint_zebra_kfold_5_nnknn_retr.pth
[Stage1] Epoch 50 - Val Acc: 0.4545 | Val Loss: 0.7033
[Stage1] New best (epoch 50) Val Loss: 0.7033 — saved: D:\NN-kNN\results\classification_nnknn_rerun_20260601_103353\checkpoint_zebra_kfold_5_nnknn_retr.pth

[Stage 2] Skipped: adapter not enabled.
Training completed. Best Acc or R2:  0.45454545454545453
Final global feature weights: tensor([[0.5339, 0.4661]])
[classification benchmark] zebra method=nnknn
cases trainable: False
labels trainable: False
Number of feature extractor parameters: 0
Number of glocal weightor parameters: 1
torch.Size([1, 2])
Number of adapter parameters: 0
Number of case_net_params: 3
torch.Size([99])
torch.Size([99])
torch.Size([99, 1])
*****************
Training started for training_epochs epochs with batch size 32

[Stage 1] Retrieval-only training for up to 50 epochs (patience=20)
[Stage1] Epoch 1 - Val Acc: 0.6364 | Val Loss: 0.6620
[Stage1] New best (epoch 1) Val Loss: 0.6620 — saved: D:\NN-kNN\results\classification_nnknn_rerun_20260601_103353\checkpoint_zebra_kfold_6_nnknn_retr.pth
[Stage1] Epoch 2 - Val Acc: 0.6364 | Val Loss: 0.6619
[Stage1] New best (epoch 2) Val Loss: 0.6619 — saved: D:\NN-kNN\results\classification_nnknn_rerun_20260601_103353\checkpoint_zebra_kfold_6_nnknn_retr.pth
[Stage1] Epoch 3 - Val Acc: 0.6364 | Val Loss: 0.6619
[Stage1] New best (epoch 3) Val Loss: 0.6619 — saved: D:\NN-kNN\results\classification_nnknn_rerun_20260601_103353\checkpoint_zebra_kfold_6_nnknn_retr.pth
[Stage1] Epoch 4 - Val Acc: 0.6364 | Val Loss: 0.6618
[Stage1] New best (epoch 4) Val Loss: 0.6618 — saved: D:\NN-kNN\results\classification_nnknn_rerun_20260601_103353\checkpoint_zebra_kfold_6_nnknn_retr.pth
[Stage1] Epoch 5 - Val Acc: 0.6364 | Val Loss: 0.6618
[Stage1] New best (epoch 5) Val Loss: 0.6618 — saved: D:\NN-kNN\results\classification_nnknn_rerun_20260601_103353\checkpoint_zebra_kfold_6_nnknn_retr.pth
[Stage1] Epoch 6 - Val Acc: 0.6364 | Val Loss: 0.6618
[Stage1] New best (epoch 6) Val Loss: 0.6618 — saved: D:\NN-kNN\results\classification_nnknn_rerun_20260601_103353\checkpoint_zebra_kfold_6_nnknn_retr.pth
[Stage1] Epoch 7 - Val Acc: 0.6364 | Val Loss: 0.6617
[Stage1] New best (epoch 7) Val Loss: 0.6617 — saved: D:\NN-kNN\results\classification_nnknn_rerun_20260601_103353\checkpoint_zebra_kfold_6_nnknn_retr.pth
[Stage1] Epoch 8 - Val Acc: 0.6364 | Val Loss: 0.6617
[Stage1] New best (epoch 8) Val Loss: 0.6617 — saved: D:\NN-kNN\results\classification_nnknn_rerun_20260601_103353\checkpoint_zebra_kfold_6_nnknn_retr.pth
[Stage1] Epoch 9 - Val Acc: 0.6364 | Val Loss: 0.6617
[Stage1] New best (epoch 9) Val Loss: 0.6617 — saved: D:\NN-kNN\results\classification_nnknn_rerun_20260601_103353\checkpoint_zebra_kfold_6_nnknn_retr.pth
[Stage1] Epoch 10 - Val Acc: 0.6364 | Val Loss: 0.6616
[Stage1] New best (epoch 10) Val Loss: 0.6616 — saved: D:\NN-kNN\results\classification_nnknn_rerun_20260601_103353\checkpoint_zebra_kfold_6_nnknn_retr.pth
[Stage1] Epoch 11 - Val Acc: 0.6364 | Val Loss: 0.6616
[Stage1] New best (epoch 11) Val Loss: 0.6616 — saved: D:\NN-kNN\results\classification_nnknn_rerun_20260601_103353\checkpoint_zebra_kfold_6_nnknn_retr.pth
[Stage1] Epoch 12 - Val Acc: 0.6364 | Val Loss: 0.6616
[Stage1] New best (epoch 12) Val Loss: 0.6616 — saved: D:\NN-kNN\results\classification_nnknn_rerun_20260601_103353\checkpoint_zebra_kfold_6_nnknn_retr.pth
[Stage1] Epoch 13 - Val Acc: 0.6364 | Val Loss: 0.6616
[Stage1] New best (epoch 13) Val Loss: 0.6616 — saved: D:\NN-kNN\results\classification_nnknn_rerun_20260601_103353\checkpoint_zebra_kfold_6_nnknn_retr.pth
[Stage1] Epoch 14 - Val Acc: 0.6364 | Val Loss: 0.6615
[Stage1] New best (epoch 14) Val Loss: 0.6615 — saved: D:\NN-kNN\results\classification_nnknn_rerun_20260601_103353\checkpoint_zebra_kfold_6_nnknn_retr.pth
[Stage1] Epoch 15 - Val Acc: 0.6364 | Val Loss: 0.6615
[Stage1] New best (epoch 15) Val Loss: 0.6615 — saved: D:\NN-kNN\results\classification_nnknn_rerun_20260601_103353\checkpoint_zebra_kfold_6_nnknn_retr.pth
[Stage1] Epoch 16 - Val Acc: 0.6364 | Val Loss: 0.6615
[Stage1] New best (epoch 16) Val Loss: 0.6615 — saved: D:\NN-kNN\results\classification_nnknn_rerun_20260601_103353\checkpoint_zebra_kfold_6_nnknn_retr.pth
[Stage1] Epoch 17 - Val Acc: 0.6364 | Val Loss: 0.6615
[Stage1] New best (epoch 17) Val Loss: 0.6615 — saved: D:\NN-kNN\results\classification_nnknn_rerun_20260601_103353\checkpoint_zebra_kfold_6_nnknn_retr.pth
[Stage1] Epoch 18 - Val Acc: 0.6364 | Val Loss: 0.6614
[Stage1] New best (epoch 18) Val Loss: 0.6614 — saved: D:\NN-kNN\results\classification_nnknn_rerun_20260601_103353\checkpoint_zebra_kfold_6_nnknn_retr.pth
[Stage1] Epoch 19 - Val Acc: 0.6364 | Val Loss: 0.6614
[Stage1] New best (epoch 19) Val Loss: 0.6614 — saved: D:\NN-kNN\results\classification_nnknn_rerun_20260601_103353\checkpoint_zebra_kfold_6_nnknn_retr.pth
[Stage1] Epoch 20 - Val Acc: 0.6364 | Val Loss: 0.6613
[Stage1] New best (epoch 20) Val Loss: 0.6613 — saved: D:\NN-kNN\results\classification_nnknn_rerun_20260601_103353\checkpoint_zebra_kfold_6_nnknn_retr.pth
[Stage1] Epoch 21 - Val Acc: 0.6364 | Val Loss: 0.6613
[Stage1] New best (epoch 21) Val Loss: 0.6613 — saved: D:\NN-kNN\results\classification_nnknn_rerun_20260601_103353\checkpoint_zebra_kfold_6_nnknn_retr.pth
[Stage1] Epoch 22 - Val Acc: 0.6364 | Val Loss: 0.6613
[Stage1] New best (epoch 22) Val Loss: 0.6613 — saved: D:\NN-kNN\results\classification_nnknn_rerun_20260601_103353\checkpoint_zebra_kfold_6_nnknn_retr.pth
[Stage1] Epoch 23 - Val Acc: 0.6364 | Val Loss: 0.6612
[Stage1] New best (epoch 23) Val Loss: 0.6612 — saved: D:\NN-kNN\results\classification_nnknn_rerun_20260601_103353\checkpoint_zebra_kfold_6_nnknn_retr.pth
[Stage1] Epoch 24 - Val Acc: 0.6364 | Val Loss: 0.6612
[Stage1] New best (epoch 24) Val Loss: 0.6612 — saved: D:\NN-kNN\results\classification_nnknn_rerun_20260601_103353\checkpoint_zebra_kfold_6_nnknn_retr.pth
[Stage1] Epoch 25 - Val Acc: 0.6364 | Val Loss: 0.6612
[Stage1] New best (epoch 25) Val Loss: 0.6612 — saved: D:\NN-kNN\results\classification_nnknn_rerun_20260601_103353\checkpoint_zebra_kfold_6_nnknn_retr.pth
[Stage1] Epoch 26 - Val Acc: 0.6364 | Val Loss: 0.6611
[Stage1] New best (epoch 26) Val Loss: 0.6611 — saved: D:\NN-kNN\results\classification_nnknn_rerun_20260601_103353\checkpoint_zebra_kfold_6_nnknn_retr.pth
[Stage1] Epoch 27 - Val Acc: 0.6364 | Val Loss: 0.6611
[Stage1] New best (epoch 27) Val Loss: 0.6611 — saved: D:\NN-kNN\results\classification_nnknn_rerun_20260601_103353\checkpoint_zebra_kfold_6_nnknn_retr.pth
[Stage1] Epoch 28 - Val Acc: 0.6364 | Val Loss: 0.6611
[Stage1] New best (epoch 28) Val Loss: 0.6611 — saved: D:\NN-kNN\results\classification_nnknn_rerun_20260601_103353\checkpoint_zebra_kfold_6_nnknn_retr.pth
[Stage1] Epoch 29 - Val Acc: 0.6364 | Val Loss: 0.6610
[Stage1] New best (epoch 29) Val Loss: 0.6610 — saved: D:\NN-kNN\results\classification_nnknn_rerun_20260601_103353\checkpoint_zebra_kfold_6_nnknn_retr.pth
[Stage1] Epoch 30 - Val Acc: 0.6364 | Val Loss: 0.6610
[Stage1] New best (epoch 30) Val Loss: 0.6610 — saved: D:\NN-kNN\results\classification_nnknn_rerun_20260601_103353\checkpoint_zebra_kfold_6_nnknn_retr.pth
[Stage1] Epoch 31 - Val Acc: 0.6364 | Val Loss: 0.6610
[Stage1] New best (epoch 31) Val Loss: 0.6610 — saved: D:\NN-kNN\results\classification_nnknn_rerun_20260601_103353\checkpoint_zebra_kfold_6_nnknn_retr.pth
[Stage1] Epoch 32 - Val Acc: 0.6364 | Val Loss: 0.6609
[Stage1] New best (epoch 32) Val Loss: 0.6609 — saved: D:\NN-kNN\results\classification_nnknn_rerun_20260601_103353\checkpoint_zebra_kfold_6_nnknn_retr.pth
[Stage1] Epoch 33 - Val Acc: 0.6364 | Val Loss: 0.6609
[Stage1] New best (epoch 33) Val Loss: 0.6609 — saved: D:\NN-kNN\results\classification_nnknn_rerun_20260601_103353\checkpoint_zebra_kfold_6_nnknn_retr.pth
[Stage1] Epoch 34 - Val Acc: 0.6364 | Val Loss: 0.6609
[Stage1] New best (epoch 34) Val Loss: 0.6609 — saved: D:\NN-kNN\results\classification_nnknn_rerun_20260601_103353\checkpoint_zebra_kfold_6_nnknn_retr.pth
[Stage1] Epoch 35 - Val Acc: 0.6364 | Val Loss: 0.6608
[Stage1] New best (epoch 35) Val Loss: 0.6608 — saved: D:\NN-kNN\results\classification_nnknn_rerun_20260601_103353\checkpoint_zebra_kfold_6_nnknn_retr.pth
[Stage1] Epoch 36 - Val Acc: 0.6364 | Val Loss: 0.6608
[Stage1] New best (epoch 36) Val Loss: 0.6608 — saved: D:\NN-kNN\results\classification_nnknn_rerun_20260601_103353\checkpoint_zebra_kfold_6_nnknn_retr.pth
[Stage1] Epoch 37 - Val Acc: 0.6364 | Val Loss: 0.6608
[Stage1] New best (epoch 37) Val Loss: 0.6608 — saved: D:\NN-kNN\results\classification_nnknn_rerun_20260601_103353\checkpoint_zebra_kfold_6_nnknn_retr.pth
[Stage1] Epoch 38 - Val Acc: 0.6364 | Val Loss: 0.6608
[Stage1] New best (epoch 38) Val Loss: 0.6608 — saved: D:\NN-kNN\results\classification_nnknn_rerun_20260601_103353\checkpoint_zebra_kfold_6_nnknn_retr.pth
[Stage1] Epoch 39 - Val Acc: 0.6364 | Val Loss: 0.6607
[Stage1] New best (epoch 39) Val Loss: 0.6607 — saved: D:\NN-kNN\results\classification_nnknn_rerun_20260601_103353\checkpoint_zebra_kfold_6_nnknn_retr.pth
[Stage1] Epoch 40 - Val Acc: 0.6364 | Val Loss: 0.6607
[Stage1] New best (epoch 40) Val Loss: 0.6607 — saved: D:\NN-kNN\results\classification_nnknn_rerun_20260601_103353\checkpoint_zebra_kfold_6_nnknn_retr.pth
[Stage1] Epoch 41 - Val Acc: 0.6364 | Val Loss: 0.6607
[Stage1] New best (epoch 41) Val Loss: 0.6607 — saved: D:\NN-kNN\results\classification_nnknn_rerun_20260601_103353\checkpoint_zebra_kfold_6_nnknn_retr.pth
[Stage1] Epoch 42 - Val Acc: 0.6364 | Val Loss: 0.6606
[Stage1] New best (epoch 42) Val Loss: 0.6606 — saved: D:\NN-kNN\results\classification_nnknn_rerun_20260601_103353\checkpoint_zebra_kfold_6_nnknn_retr.pth
[Stage1] Epoch 43 - Val Acc: 0.6364 | Val Loss: 0.6606
[Stage1] New best (epoch 43) Val Loss: 0.6606 — saved: D:\NN-kNN\results\classification_nnknn_rerun_20260601_103353\checkpoint_zebra_kfold_6_nnknn_retr.pth
[Stage1] Epoch 44 - Val Acc: 0.6364 | Val Loss: 0.6605
[Stage1] New best (epoch 44) Val Loss: 0.6605 — saved: D:\NN-kNN\results\classification_nnknn_rerun_20260601_103353\checkpoint_zebra_kfold_6_nnknn_retr.pth
[Stage1] Epoch 45 - Val Acc: 0.6364 | Val Loss: 0.6605
[Stage1] New best (epoch 45) Val Loss: 0.6605 — saved: D:\NN-kNN\results\classification_nnknn_rerun_20260601_103353\checkpoint_zebra_kfold_6_nnknn_retr.pth
[Stage1] Epoch 46 - Val Acc: 0.6364 | Val Loss: 0.6605
[Stage1] New best (epoch 46) Val Loss: 0.6605 — saved: D:\NN-kNN\results\classification_nnknn_rerun_20260601_103353\checkpoint_zebra_kfold_6_nnknn_retr.pth
[Stage1] Epoch 47 - Val Acc: 0.6364 | Val Loss: 0.6605
[Stage1] New best (epoch 47) Val Loss: 0.6605 — saved: D:\NN-kNN\results\classification_nnknn_rerun_20260601_103353\checkpoint_zebra_kfold_6_nnknn_retr.pth
[Stage1] Epoch 48 - Val Acc: 0.6364 | Val Loss: 0.6604
[Stage1] New best (epoch 48) Val Loss: 0.6604 — saved: D:\NN-kNN\results\classification_nnknn_rerun_20260601_103353\checkpoint_zebra_kfold_6_nnknn_retr.pth
[Stage1] Epoch 49 - Val Acc: 0.6364 | Val Loss: 0.6604
[Stage1] New best (epoch 49) Val Loss: 0.6604 — saved: D:\NN-kNN\results\classification_nnknn_rerun_20260601_103353\checkpoint_zebra_kfold_6_nnknn_retr.pth
[Stage1] Epoch 50 - Val Acc: 0.6364 | Val Loss: 0.6603
[Stage1] New best (epoch 50) Val Loss: 0.6603 — saved: D:\NN-kNN\results\classification_nnknn_rerun_20260601_103353\checkpoint_zebra_kfold_6_nnknn_retr.pth

[Stage 2] Skipped: adapter not enabled.
Training completed. Best Acc or R2:  0.6363636363636364
Final global feature weights: tensor([[0.5352, 0.4648]])
[classification benchmark] zebra method=nnknn
cases trainable: False
labels trainable: False
Number of feature extractor parameters: 0
Number of glocal weightor parameters: 1
torch.Size([1, 2])
Number of adapter parameters: 0
Number of case_net_params: 3
torch.Size([99])
torch.Size([99])
torch.Size([99, 1])
*****************
Training started for training_epochs epochs with batch size 32

[Stage 1] Retrieval-only training for up to 50 epochs (patience=20)
[Stage1] Epoch 1 - Val Acc: 0.2727 | Val Loss: 0.7485
[Stage1] New best (epoch 1) Val Loss: 0.7485 — saved: D:\NN-kNN\results\classification_nnknn_rerun_20260601_103353\checkpoint_zebra_kfold_7_nnknn_retr.pth
[Stage1] Epoch 2 - Val Acc: 0.2727 | Val Loss: 0.7484
[Stage1] New best (epoch 2) Val Loss: 0.7484 — saved: D:\NN-kNN\results\classification_nnknn_rerun_20260601_103353\checkpoint_zebra_kfold_7_nnknn_retr.pth
[Stage1] Epoch 3 - Val Acc: 0.2727 | Val Loss: 0.7484
[Stage1] New best (epoch 3) Val Loss: 0.7484 — saved: D:\NN-kNN\results\classification_nnknn_rerun_20260601_103353\checkpoint_zebra_kfold_7_nnknn_retr.pth
[Stage1] Epoch 4 - Val Acc: 0.2727 | Val Loss: 0.7483
[Stage1] New best (epoch 4) Val Loss: 0.7483 — saved: D:\NN-kNN\results\classification_nnknn_rerun_20260601_103353\checkpoint_zebra_kfold_7_nnknn_retr.pth
[Stage1] Epoch 5 - Val Acc: 0.2727 | Val Loss: 0.7483
[Stage1] New best (epoch 5) Val Loss: 0.7483 — saved: D:\NN-kNN\results\classification_nnknn_rerun_20260601_103353\checkpoint_zebra_kfold_7_nnknn_retr.pth
[Stage1] Epoch 6 - Val Acc: 0.2727 | Val Loss: 0.7483
[Stage1] New best (epoch 6) Val Loss: 0.7483 — saved: D:\NN-kNN\results\classification_nnknn_rerun_20260601_103353\checkpoint_zebra_kfold_7_nnknn_retr.pth
[Stage1] Epoch 7 - Val Acc: 0.2727 | Val Loss: 0.7482
[Stage1] New best (epoch 7) Val Loss: 0.7482 — saved: D:\NN-kNN\results\classification_nnknn_rerun_20260601_103353\checkpoint_zebra_kfold_7_nnknn_retr.pth
[Stage1] Epoch 8 - Val Acc: 0.2727 | Val Loss: 0.7482
[Stage1] New best (epoch 8) Val Loss: 0.7482 — saved: D:\NN-kNN\results\classification_nnknn_rerun_20260601_103353\checkpoint_zebra_kfold_7_nnknn_retr.pth
[Stage1] Epoch 9 - Val Acc: 0.2727 | Val Loss: 0.7481
[Stage1] New best (epoch 9) Val Loss: 0.7481 — saved: D:\NN-kNN\results\classification_nnknn_rerun_20260601_103353\checkpoint_zebra_kfold_7_nnknn_retr.pth
[Stage1] Epoch 10 - Val Acc: 0.2727 | Val Loss: 0.7481
[Stage1] New best (epoch 10) Val Loss: 0.7481 — saved: D:\NN-kNN\results\classification_nnknn_rerun_20260601_103353\checkpoint_zebra_kfold_7_nnknn_retr.pth
[Stage1] Epoch 11 - Val Acc: 0.2727 | Val Loss: 0.7480
[Stage1] New best (epoch 11) Val Loss: 0.7480 — saved: D:\NN-kNN\results\classification_nnknn_rerun_20260601_103353\checkpoint_zebra_kfold_7_nnknn_retr.pth
[Stage1] Epoch 12 - Val Acc: 0.2727 | Val Loss: 0.7480
[Stage1] New best (epoch 12) Val Loss: 0.7480 — saved: D:\NN-kNN\results\classification_nnknn_rerun_20260601_103353\checkpoint_zebra_kfold_7_nnknn_retr.pth
[Stage1] Epoch 13 - Val Acc: 0.2727 | Val Loss: 0.7479
[Stage1] New best (epoch 13) Val Loss: 0.7479 — saved: D:\NN-kNN\results\classification_nnknn_rerun_20260601_103353\checkpoint_zebra_kfold_7_nnknn_retr.pth
[Stage1] Epoch 14 - Val Acc: 0.2727 | Val Loss: 0.7479
[Stage1] New best (epoch 14) Val Loss: 0.7479 — saved: D:\NN-kNN\results\classification_nnknn_rerun_20260601_103353\checkpoint_zebra_kfold_7_nnknn_retr.pth
[Stage1] Epoch 15 - Val Acc: 0.2727 | Val Loss: 0.7478
[Stage1] New best (epoch 15) Val Loss: 0.7478 — saved: D:\NN-kNN\results\classification_nnknn_rerun_20260601_103353\checkpoint_zebra_kfold_7_nnknn_retr.pth
[Stage1] Epoch 16 - Val Acc: 0.2727 | Val Loss: 0.7478
[Stage1] New best (epoch 16) Val Loss: 0.7478 — saved: D:\NN-kNN\results\classification_nnknn_rerun_20260601_103353\checkpoint_zebra_kfold_7_nnknn_retr.pth
[Stage1] Epoch 17 - Val Acc: 0.2727 | Val Loss: 0.7477
[Stage1] New best (epoch 17) Val Loss: 0.7477 — saved: D:\NN-kNN\results\classification_nnknn_rerun_20260601_103353\checkpoint_zebra_kfold_7_nnknn_retr.pth
[Stage1] Epoch 18 - Val Acc: 0.2727 | Val Loss: 0.7477
[Stage1] New best (epoch 18) Val Loss: 0.7477 — saved: D:\NN-kNN\results\classification_nnknn_rerun_20260601_103353\checkpoint_zebra_kfold_7_nnknn_retr.pth
[Stage1] Epoch 19 - Val Acc: 0.2727 | Val Loss: 0.7476
[Stage1] New best (epoch 19) Val Loss: 0.7476 — saved: D:\NN-kNN\results\classification_nnknn_rerun_20260601_103353\checkpoint_zebra_kfold_7_nnknn_retr.pth
[Stage1] Epoch 20 - Val Acc: 0.2727 | Val Loss: 0.7476
[Stage1] New best (epoch 20) Val Loss: 0.7476 — saved: D:\NN-kNN\results\classification_nnknn_rerun_20260601_103353\checkpoint_zebra_kfold_7_nnknn_retr.pth
[Stage1] Epoch 21 - Val Acc: 0.2727 | Val Loss: 0.7475
[Stage1] New best (epoch 21) Val Loss: 0.7475 — saved: D:\NN-kNN\results\classification_nnknn_rerun_20260601_103353\checkpoint_zebra_kfold_7_nnknn_retr.pth
[Stage1] Epoch 22 - Val Acc: 0.2727 | Val Loss: 0.7475
[Stage1] New best (epoch 22) Val Loss: 0.7475 — saved: D:\NN-kNN\results\classification_nnknn_rerun_20260601_103353\checkpoint_zebra_kfold_7_nnknn_retr.pth
[Stage1] Epoch 23 - Val Acc: 0.2727 | Val Loss: 0.7475
[Stage1] New best (epoch 23) Val Loss: 0.7475 — saved: D:\NN-kNN\results\classification_nnknn_rerun_20260601_103353\checkpoint_zebra_kfold_7_nnknn_retr.pth
[Stage1] Epoch 24 - Val Acc: 0.2727 | Val Loss: 0.7474
[Stage1] New best (epoch 24) Val Loss: 0.7474 — saved: D:\NN-kNN\results\classification_nnknn_rerun_20260601_103353\checkpoint_zebra_kfold_7_nnknn_retr.pth
[Stage1] Epoch 25 - Val Acc: 0.2727 | Val Loss: 0.7474
[Stage1] New best (epoch 25) Val Loss: 0.7474 — saved: D:\NN-kNN\results\classification_nnknn_rerun_20260601_103353\checkpoint_zebra_kfold_7_nnknn_retr.pth
[Stage1] Epoch 26 - Val Acc: 0.2727 | Val Loss: 0.7474
[Stage1] New best (epoch 26) Val Loss: 0.7474 — saved: D:\NN-kNN\results\classification_nnknn_rerun_20260601_103353\checkpoint_zebra_kfold_7_nnknn_retr.pth
[Stage1] Epoch 27 - Val Acc: 0.2727 | Val Loss: 0.7473
[Stage1] New best (epoch 27) Val Loss: 0.7473 — saved: D:\NN-kNN\results\classification_nnknn_rerun_20260601_103353\checkpoint_zebra_kfold_7_nnknn_retr.pth
[Stage1] Epoch 28 - Val Acc: 0.2727 | Val Loss: 0.7473
[Stage1] New best (epoch 28) Val Loss: 0.7473 — saved: D:\NN-kNN\results\classification_nnknn_rerun_20260601_103353\checkpoint_zebra_kfold_7_nnknn_retr.pth
[Stage1] Epoch 29 - Val Acc: 0.2727 | Val Loss: 0.7472
[Stage1] New best (epoch 29) Val Loss: 0.7472 — saved: D:\NN-kNN\results\classification_nnknn_rerun_20260601_103353\checkpoint_zebra_kfold_7_nnknn_retr.pth
[Stage1] Epoch 30 - Val Acc: 0.2727 | Val Loss: 0.7472
[Stage1] New best (epoch 30) Val Loss: 0.7472 — saved: D:\NN-kNN\results\classification_nnknn_rerun_20260601_103353\checkpoint_zebra_kfold_7_nnknn_retr.pth
[Stage1] Epoch 31 - Val Acc: 0.2727 | Val Loss: 0.7471
[Stage1] New best (epoch 31) Val Loss: 0.7471 — saved: D:\NN-kNN\results\classification_nnknn_rerun_20260601_103353\checkpoint_zebra_kfold_7_nnknn_retr.pth
[Stage1] Epoch 32 - Val Acc: 0.2727 | Val Loss: 0.7471
[Stage1] New best (epoch 32) Val Loss: 0.7471 — saved: D:\NN-kNN\results\classification_nnknn_rerun_20260601_103353\checkpoint_zebra_kfold_7_nnknn_retr.pth
[Stage1] Epoch 33 - Val Acc: 0.2727 | Val Loss: 0.7470
[Stage1] New best (epoch 33) Val Loss: 0.7470 — saved: D:\NN-kNN\results\classification_nnknn_rerun_20260601_103353\checkpoint_zebra_kfold_7_nnknn_retr.pth
[Stage1] Epoch 34 - Val Acc: 0.2727 | Val Loss: 0.7470
[Stage1] New best (epoch 34) Val Loss: 0.7470 — saved: D:\NN-kNN\results\classification_nnknn_rerun_20260601_103353\checkpoint_zebra_kfold_7_nnknn_retr.pth
[Stage1] Epoch 35 - Val Acc: 0.2727 | Val Loss: 0.7469
[Stage1] New best (epoch 35) Val Loss: 0.7469 — saved: D:\NN-kNN\results\classification_nnknn_rerun_20260601_103353\checkpoint_zebra_kfold_7_nnknn_retr.pth
[Stage1] Epoch 36 - Val Acc: 0.2727 | Val Loss: 0.7469
[Stage1] New best (epoch 36) Val Loss: 0.7469 — saved: D:\NN-kNN\results\classification_nnknn_rerun_20260601_103353\checkpoint_zebra_kfold_7_nnknn_retr.pth
[Stage1] Epoch 37 - Val Acc: 0.2727 | Val Loss: 0.7468
[Stage1] New best (epoch 37) Val Loss: 0.7468 — saved: D:\NN-kNN\results\classification_nnknn_rerun_20260601_103353\checkpoint_zebra_kfold_7_nnknn_retr.pth
[Stage1] Epoch 38 - Val Acc: 0.2727 | Val Loss: 0.7468
[Stage1] New best (epoch 38) Val Loss: 0.7468 — saved: D:\NN-kNN\results\classification_nnknn_rerun_20260601_103353\checkpoint_zebra_kfold_7_nnknn_retr.pth
[Stage1] Epoch 39 - Val Acc: 0.2727 | Val Loss: 0.7467
[Stage1] New best (epoch 39) Val Loss: 0.7467 — saved: D:\NN-kNN\results\classification_nnknn_rerun_20260601_103353\checkpoint_zebra_kfold_7_nnknn_retr.pth
[Stage1] Epoch 40 - Val Acc: 0.2727 | Val Loss: 0.7467
[Stage1] New best (epoch 40) Val Loss: 0.7467 — saved: D:\NN-kNN\results\classification_nnknn_rerun_20260601_103353\checkpoint_zebra_kfold_7_nnknn_retr.pth
[Stage1] Epoch 41 - Val Acc: 0.2727 | Val Loss: 0.7466
[Stage1] New best (epoch 41) Val Loss: 0.7466 — saved: D:\NN-kNN\results\classification_nnknn_rerun_20260601_103353\checkpoint_zebra_kfold_7_nnknn_retr.pth
[Stage1] Epoch 42 - Val Acc: 0.2727 | Val Loss: 0.7466
[Stage1] New best (epoch 42) Val Loss: 0.7466 — saved: D:\NN-kNN\results\classification_nnknn_rerun_20260601_103353\checkpoint_zebra_kfold_7_nnknn_retr.pth
[Stage1] Epoch 43 - Val Acc: 0.2727 | Val Loss: 0.7465
[Stage1] New best (epoch 43) Val Loss: 0.7465 — saved: D:\NN-kNN\results\classification_nnknn_rerun_20260601_103353\checkpoint_zebra_kfold_7_nnknn_retr.pth
[Stage1] Epoch 44 - Val Acc: 0.2727 | Val Loss: 0.7465
[Stage1] New best (epoch 44) Val Loss: 0.7465 — saved: D:\NN-kNN\results\classification_nnknn_rerun_20260601_103353\checkpoint_zebra_kfold_7_nnknn_retr.pth
[Stage1] Epoch 45 - Val Acc: 0.2727 | Val Loss: 0.7464
[Stage1] New best (epoch 45) Val Loss: 0.7464 — saved: D:\NN-kNN\results\classification_nnknn_rerun_20260601_103353\checkpoint_zebra_kfold_7_nnknn_retr.pth
[Stage1] Epoch 46 - Val Acc: 0.2727 | Val Loss: 0.7463
[Stage1] New best (epoch 46) Val Loss: 0.7463 — saved: D:\NN-kNN\results\classification_nnknn_rerun_20260601_103353\checkpoint_zebra_kfold_7_nnknn_retr.pth
[Stage1] Epoch 47 - Val Acc: 0.2727 | Val Loss: 0.7463
[Stage1] New best (epoch 47) Val Loss: 0.7463 — saved: D:\NN-kNN\results\classification_nnknn_rerun_20260601_103353\checkpoint_zebra_kfold_7_nnknn_retr.pth
[Stage1] Epoch 48 - Val Acc: 0.2727 | Val Loss: 0.7463
[Stage1] New best (epoch 48) Val Loss: 0.7463 — saved: D:\NN-kNN\results\classification_nnknn_rerun_20260601_103353\checkpoint_zebra_kfold_7_nnknn_retr.pth
[Stage1] Epoch 49 - Val Acc: 0.2727 | Val Loss: 0.7462
[Stage1] New best (epoch 49) Val Loss: 0.7462 — saved: D:\NN-kNN\results\classification_nnknn_rerun_20260601_103353\checkpoint_zebra_kfold_7_nnknn_retr.pth
[Stage1] Epoch 50 - Val Acc: 0.2727 | Val Loss: 0.7461
[Stage1] New best (epoch 50) Val Loss: 0.7461 — saved: D:\NN-kNN\results\classification_nnknn_rerun_20260601_103353\checkpoint_zebra_kfold_7_nnknn_retr.pth

[Stage 2] Skipped: adapter not enabled.
Training completed. Best Acc or R2:  0.2727272727272727
Final global feature weights: tensor([[0.5345, 0.4655]])
[classification benchmark] zebra method=nnknn
cases trainable: False
labels trainable: False
Number of feature extractor parameters: 0
Number of glocal weightor parameters: 1
torch.Size([1, 2])
Number of adapter parameters: 0
Number of case_net_params: 3
torch.Size([99])
torch.Size([99])
torch.Size([99, 1])
*****************
Training started for training_epochs epochs with batch size 32

[Stage 1] Retrieval-only training for up to 50 epochs (patience=20)
[Stage1] Epoch 1 - Val Acc: 0.5455 | Val Loss: 0.6495
[Stage1] New best (epoch 1) Val Loss: 0.6495 — saved: D:\NN-kNN\results\classification_nnknn_rerun_20260601_103353\checkpoint_zebra_kfold_8_nnknn_retr.pth
[Stage1] Epoch 2 - Val Acc: 0.5455 | Val Loss: 0.6494
[Stage1] New best (epoch 2) Val Loss: 0.6494 — saved: D:\NN-kNN\results\classification_nnknn_rerun_20260601_103353\checkpoint_zebra_kfold_8_nnknn_retr.pth
[Stage1] Epoch 3 - Val Acc: 0.5455 | Val Loss: 0.6493
[Stage1] New best (epoch 3) Val Loss: 0.6493 — saved: D:\NN-kNN\results\classification_nnknn_rerun_20260601_103353\checkpoint_zebra_kfold_8_nnknn_retr.pth
[Stage1] Epoch 4 - Val Acc: 0.5455 | Val Loss: 0.6493
[Stage1] New best (epoch 4) Val Loss: 0.6493 — saved: D:\NN-kNN\results\classification_nnknn_rerun_20260601_103353\checkpoint_zebra_kfold_8_nnknn_retr.pth
[Stage1] Epoch 5 - Val Acc: 0.5455 | Val Loss: 0.6492
[Stage1] New best (epoch 5) Val Loss: 0.6492 — saved: D:\NN-kNN\results\classification_nnknn_rerun_20260601_103353\checkpoint_zebra_kfold_8_nnknn_retr.pth
[Stage1] Epoch 6 - Val Acc: 0.5455 | Val Loss: 0.6492
[Stage1] New best (epoch 6) Val Loss: 0.6492 — saved: D:\NN-kNN\results\classification_nnknn_rerun_20260601_103353\checkpoint_zebra_kfold_8_nnknn_retr.pth
[Stage1] Epoch 7 - Val Acc: 0.5455 | Val Loss: 0.6491
[Stage1] New best (epoch 7) Val Loss: 0.6491 — saved: D:\NN-kNN\results\classification_nnknn_rerun_20260601_103353\checkpoint_zebra_kfold_8_nnknn_retr.pth
[Stage1] Epoch 8 - Val Acc: 0.5455 | Val Loss: 0.6491
[Stage1] New best (epoch 8) Val Loss: 0.6491 — saved: D:\NN-kNN\results\classification_nnknn_rerun_20260601_103353\checkpoint_zebra_kfold_8_nnknn_retr.pth
[Stage1] Epoch 9 - Val Acc: 0.5455 | Val Loss: 0.6490
[Stage1] New best (epoch 9) Val Loss: 0.6490 — saved: D:\NN-kNN\results\classification_nnknn_rerun_20260601_103353\checkpoint_zebra_kfold_8_nnknn_retr.pth
[Stage1] Epoch 10 - Val Acc: 0.5455 | Val Loss: 0.6490
[Stage1] New best (epoch 10) Val Loss: 0.6490 — saved: D:\NN-kNN\results\classification_nnknn_rerun_20260601_103353\checkpoint_zebra_kfold_8_nnknn_retr.pth
[Stage1] Epoch 11 - Val Acc: 0.5455 | Val Loss: 0.6489
[Stage1] New best (epoch 11) Val Loss: 0.6489 — saved: D:\NN-kNN\results\classification_nnknn_rerun_20260601_103353\checkpoint_zebra_kfold_8_nnknn_retr.pth
[Stage1] Epoch 12 - Val Acc: 0.5455 | Val Loss: 0.6489
[Stage1] New best (epoch 12) Val Loss: 0.6489 — saved: D:\NN-kNN\results\classification_nnknn_rerun_20260601_103353\checkpoint_zebra_kfold_8_nnknn_retr.pth
[Stage1] Epoch 13 - Val Acc: 0.5455 | Val Loss: 0.6488
[Stage1] New best (epoch 13) Val Loss: 0.6488 — saved: D:\NN-kNN\results\classification_nnknn_rerun_20260601_103353\checkpoint_zebra_kfold_8_nnknn_retr.pth
[Stage1] Epoch 14 - Val Acc: 0.5455 | Val Loss: 0.6488
[Stage1] New best (epoch 14) Val Loss: 0.6488 — saved: D:\NN-kNN\results\classification_nnknn_rerun_20260601_103353\checkpoint_zebra_kfold_8_nnknn_retr.pth
[Stage1] Epoch 15 - Val Acc: 0.5455 | Val Loss: 0.6487
[Stage1] New best (epoch 15) Val Loss: 0.6487 — saved: D:\NN-kNN\results\classification_nnknn_rerun_20260601_103353\checkpoint_zebra_kfold_8_nnknn_retr.pth
[Stage1] Epoch 16 - Val Acc: 0.5455 | Val Loss: 0.6487
[Stage1] New best (epoch 16) Val Loss: 0.6487 — saved: D:\NN-kNN\results\classification_nnknn_rerun_20260601_103353\checkpoint_zebra_kfold_8_nnknn_retr.pth
[Stage1] Epoch 17 - Val Acc: 0.5455 | Val Loss: 0.6486
[Stage1] New best (epoch 17) Val Loss: 0.6486 — saved: D:\NN-kNN\results\classification_nnknn_rerun_20260601_103353\checkpoint_zebra_kfold_8_nnknn_retr.pth
[Stage1] Epoch 18 - Val Acc: 0.5455 | Val Loss: 0.6486
[Stage1] New best (epoch 18) Val Loss: 0.6486 — saved: D:\NN-kNN\results\classification_nnknn_rerun_20260601_103353\checkpoint_zebra_kfold_8_nnknn_retr.pth
[Stage1] Epoch 19 - Val Acc: 0.5455 | Val Loss: 0.6485
[Stage1] New best (epoch 19) Val Loss: 0.6485 — saved: D:\NN-kNN\results\classification_nnknn_rerun_20260601_103353\checkpoint_zebra_kfold_8_nnknn_retr.pth
[Stage1] Epoch 20 - Val Acc: 0.5455 | Val Loss: 0.6485
[Stage1] New best (epoch 20) Val Loss: 0.6485 — saved: D:\NN-kNN\results\classification_nnknn_rerun_20260601_103353\checkpoint_zebra_kfold_8_nnknn_retr.pth
[Stage1] Epoch 21 - Val Acc: 0.5455 | Val Loss: 0.6484
[Stage1] New best (epoch 21) Val Loss: 0.6484 — saved: D:\NN-kNN\results\classification_nnknn_rerun_20260601_103353\checkpoint_zebra_kfold_8_nnknn_retr.pth
[Stage1] Epoch 22 - Val Acc: 0.5455 | Val Loss: 0.6484
[Stage1] New best (epoch 22) Val Loss: 0.6484 — saved: D:\NN-kNN\results\classification_nnknn_rerun_20260601_103353\checkpoint_zebra_kfold_8_nnknn_retr.pth
[Stage1] Epoch 23 - Val Acc: 0.5455 | Val Loss: 0.6483
[Stage1] New best (epoch 23) Val Loss: 0.6483 — saved: D:\NN-kNN\results\classification_nnknn_rerun_20260601_103353\checkpoint_zebra_kfold_8_nnknn_retr.pth
[Stage1] Epoch 24 - Val Acc: 0.5455 | Val Loss: 0.6483
[Stage1] New best (epoch 24) Val Loss: 0.6483 — saved: D:\NN-kNN\results\classification_nnknn_rerun_20260601_103353\checkpoint_zebra_kfold_8_nnknn_retr.pth
[Stage1] Epoch 25 - Val Acc: 0.5455 | Val Loss: 0.6482
[Stage1] New best (epoch 25) Val Loss: 0.6482 — saved: D:\NN-kNN\results\classification_nnknn_rerun_20260601_103353\checkpoint_zebra_kfold_8_nnknn_retr.pth
[Stage1] Epoch 26 - Val Acc: 0.5455 | Val Loss: 0.6482
[Stage1] New best (epoch 26) Val Loss: 0.6482 — saved: D:\NN-kNN\results\classification_nnknn_rerun_20260601_103353\checkpoint_zebra_kfold_8_nnknn_retr.pth
[Stage1] Epoch 27 - Val Acc: 0.5455 | Val Loss: 0.6481
[Stage1] New best (epoch 27) Val Loss: 0.6481 — saved: D:\NN-kNN\results\classification_nnknn_rerun_20260601_103353\checkpoint_zebra_kfold_8_nnknn_retr.pth
[Stage1] Epoch 28 - Val Acc: 0.5455 | Val Loss: 0.6481
[Stage1] New best (epoch 28) Val Loss: 0.6481 — saved: D:\NN-kNN\results\classification_nnknn_rerun_20260601_103353\checkpoint_zebra_kfold_8_nnknn_retr.pth
[Stage1] Epoch 29 - Val Acc: 0.5455 | Val Loss: 0.6480
[Stage1] New best (epoch 29) Val Loss: 0.6480 — saved: D:\NN-kNN\results\classification_nnknn_rerun_20260601_103353\checkpoint_zebra_kfold_8_nnknn_retr.pth
[Stage1] Epoch 30 - Val Acc: 0.5455 | Val Loss: 0.6480
[Stage1] New best (epoch 30) Val Loss: 0.6480 — saved: D:\NN-kNN\results\classification_nnknn_rerun_20260601_103353\checkpoint_zebra_kfold_8_nnknn_retr.pth
[Stage1] Epoch 31 - Val Acc: 0.5455 | Val Loss: 0.6479
[Stage1] New best (epoch 31) Val Loss: 0.6479 — saved: D:\NN-kNN\results\classification_nnknn_rerun_20260601_103353\checkpoint_zebra_kfold_8_nnknn_retr.pth
[Stage1] Epoch 32 - Val Acc: 0.5455 | Val Loss: 0.6479
[Stage1] New best (epoch 32) Val Loss: 0.6479 — saved: D:\NN-kNN\results\classification_nnknn_rerun_20260601_103353\checkpoint_zebra_kfold_8_nnknn_retr.pth
[Stage1] Epoch 33 - Val Acc: 0.5455 | Val Loss: 0.6478
[Stage1] New best (epoch 33) Val Loss: 0.6478 — saved: D:\NN-kNN\results\classification_nnknn_rerun_20260601_103353\checkpoint_zebra_kfold_8_nnknn_retr.pth
[Stage1] Epoch 34 - Val Acc: 0.5455 | Val Loss: 0.6478
[Stage1] New best (epoch 34) Val Loss: 0.6478 — saved: D:\NN-kNN\results\classification_nnknn_rerun_20260601_103353\checkpoint_zebra_kfold_8_nnknn_retr.pth
[Stage1] Epoch 35 - Val Acc: 0.5455 | Val Loss: 0.6477
[Stage1] New best (epoch 35) Val Loss: 0.6477 — saved: D:\NN-kNN\results\classification_nnknn_rerun_20260601_103353\checkpoint_zebra_kfold_8_nnknn_retr.pth
[Stage1] Epoch 36 - Val Acc: 0.5455 | Val Loss: 0.6477
[Stage1] New best (epoch 36) Val Loss: 0.6477 — saved: D:\NN-kNN\results\classification_nnknn_rerun_20260601_103353\checkpoint_zebra_kfold_8_nnknn_retr.pth
[Stage1] Epoch 37 - Val Acc: 0.5455 | Val Loss: 0.6476
[Stage1] New best (epoch 37) Val Loss: 0.6476 — saved: D:\NN-kNN\results\classification_nnknn_rerun_20260601_103353\checkpoint_zebra_kfold_8_nnknn_retr.pth
[Stage1] Epoch 38 - Val Acc: 0.5455 | Val Loss: 0.6476
[Stage1] New best (epoch 38) Val Loss: 0.6476 — saved: D:\NN-kNN\results\classification_nnknn_rerun_20260601_103353\checkpoint_zebra_kfold_8_nnknn_retr.pth
[Stage1] Epoch 39 - Val Acc: 0.5455 | Val Loss: 0.6475
[Stage1] New best (epoch 39) Val Loss: 0.6475 — saved: D:\NN-kNN\results\classification_nnknn_rerun_20260601_103353\checkpoint_zebra_kfold_8_nnknn_retr.pth
[Stage1] Epoch 40 - Val Acc: 0.5455 | Val Loss: 0.6474
[Stage1] New best (epoch 40) Val Loss: 0.6474 — saved: D:\NN-kNN\results\classification_nnknn_rerun_20260601_103353\checkpoint_zebra_kfold_8_nnknn_retr.pth
[Stage1] Epoch 41 - Val Acc: 0.5455 | Val Loss: 0.6474
[Stage1] New best (epoch 41) Val Loss: 0.6474 — saved: D:\NN-kNN\results\classification_nnknn_rerun_20260601_103353\checkpoint_zebra_kfold_8_nnknn_retr.pth
[Stage1] Epoch 42 - Val Acc: 0.5455 | Val Loss: 0.6473
[Stage1] New best (epoch 42) Val Loss: 0.6473 — saved: D:\NN-kNN\results\classification_nnknn_rerun_20260601_103353\checkpoint_zebra_kfold_8_nnknn_retr.pth
[Stage1] Epoch 43 - Val Acc: 0.5455 | Val Loss: 0.6473
[Stage1] New best (epoch 43) Val Loss: 0.6473 — saved: D:\NN-kNN\results\classification_nnknn_rerun_20260601_103353\checkpoint_zebra_kfold_8_nnknn_retr.pth
[Stage1] Epoch 44 - Val Acc: 0.5455 | Val Loss: 0.6472
[Stage1] New best (epoch 44) Val Loss: 0.6472 — saved: D:\NN-kNN\results\classification_nnknn_rerun_20260601_103353\checkpoint_zebra_kfold_8_nnknn_retr.pth
[Stage1] Epoch 45 - Val Acc: 0.5455 | Val Loss: 0.6472
[Stage1] New best (epoch 45) Val Loss: 0.6472 — saved: D:\NN-kNN\results\classification_nnknn_rerun_20260601_103353\checkpoint_zebra_kfold_8_nnknn_retr.pth
[Stage1] Epoch 46 - Val Acc: 0.5455 | Val Loss: 0.6471
[Stage1] New best (epoch 46) Val Loss: 0.6471 — saved: D:\NN-kNN\results\classification_nnknn_rerun_20260601_103353\checkpoint_zebra_kfold_8_nnknn_retr.pth
[Stage1] Epoch 47 - Val Acc: 0.5455 | Val Loss: 0.6471
[Stage1] New best (epoch 47) Val Loss: 0.6471 — saved: D:\NN-kNN\results\classification_nnknn_rerun_20260601_103353\checkpoint_zebra_kfold_8_nnknn_retr.pth
[Stage1] Epoch 48 - Val Acc: 0.5455 | Val Loss: 0.6470
[Stage1] New best (epoch 48) Val Loss: 0.6470 — saved: D:\NN-kNN\results\classification_nnknn_rerun_20260601_103353\checkpoint_zebra_kfold_8_nnknn_retr.pth
[Stage1] Epoch 49 - Val Acc: 0.5455 | Val Loss: 0.6470
[Stage1] New best (epoch 49) Val Loss: 0.6470 — saved: D:\NN-kNN\results\classification_nnknn_rerun_20260601_103353\checkpoint_zebra_kfold_8_nnknn_retr.pth
[Stage1] Epoch 50 - Val Acc: 0.5455 | Val Loss: 0.6469
[Stage1] New best (epoch 50) Val Loss: 0.6469 — saved: D:\NN-kNN\results\classification_nnknn_rerun_20260601_103353\checkpoint_zebra_kfold_8_nnknn_retr.pth

[Stage 2] Skipped: adapter not enabled.
Training completed. Best Acc or R2:  0.5454545454545454
Final global feature weights: tensor([[0.5347, 0.4653]])
[classification benchmark] zebra method=nnknn
cases trainable: False
labels trainable: False
Number of feature extractor parameters: 0
Number of glocal weightor parameters: 1
torch.Size([1, 2])
Number of adapter parameters: 0
Number of case_net_params: 3
torch.Size([99])
torch.Size([99])
torch.Size([99, 1])
*****************
Training started for training_epochs epochs with batch size 32

[Stage 1] Retrieval-only training for up to 50 epochs (patience=20)
[Stage1] Epoch 1 - Val Acc: 0.5455 | Val Loss: 0.6675
[Stage1] New best (epoch 1) Val Loss: 0.6675 — saved: D:\NN-kNN\results\classification_nnknn_rerun_20260601_103353\checkpoint_zebra_kfold_9_nnknn_retr.pth
[Stage1] Epoch 2 - Val Acc: 0.5455 | Val Loss: 0.6674
[Stage1] New best (epoch 2) Val Loss: 0.6674 — saved: D:\NN-kNN\results\classification_nnknn_rerun_20260601_103353\checkpoint_zebra_kfold_9_nnknn_retr.pth
[Stage1] Epoch 3 - Val Acc: 0.5455 | Val Loss: 0.6674
[Stage1] New best (epoch 3) Val Loss: 0.6674 — saved: D:\NN-kNN\results\classification_nnknn_rerun_20260601_103353\checkpoint_zebra_kfold_9_nnknn_retr.pth
[Stage1] Epoch 4 - Val Acc: 0.5455 | Val Loss: 0.6673
[Stage1] New best (epoch 4) Val Loss: 0.6673 — saved: D:\NN-kNN\results\classification_nnknn_rerun_20260601_103353\checkpoint_zebra_kfold_9_nnknn_retr.pth
[Stage1] Epoch 5 - Val Acc: 0.5455 | Val Loss: 0.6673
[Stage1] New best (epoch 5) Val Loss: 0.6673 — saved: D:\NN-kNN\results\classification_nnknn_rerun_20260601_103353\checkpoint_zebra_kfold_9_nnknn_retr.pth
[Stage1] Epoch 6 - Val Acc: 0.5455 | Val Loss: 0.6672
[Stage1] New best (epoch 6) Val Loss: 0.6672 — saved: D:\NN-kNN\results\classification_nnknn_rerun_20260601_103353\checkpoint_zebra_kfold_9_nnknn_retr.pth
[Stage1] Epoch 7 - Val Acc: 0.5455 | Val Loss: 0.6672
[Stage1] New best (epoch 7) Val Loss: 0.6672 — saved: D:\NN-kNN\results\classification_nnknn_rerun_20260601_103353\checkpoint_zebra_kfold_9_nnknn_retr.pth
[Stage1] Epoch 8 - Val Acc: 0.5455 | Val Loss: 0.6672
[Stage1] New best (epoch 8) Val Loss: 0.6672 — saved: D:\NN-kNN\results\classification_nnknn_rerun_20260601_103353\checkpoint_zebra_kfold_9_nnknn_retr.pth
[Stage1] Epoch 9 - Val Acc: 0.5455 | Val Loss: 0.6671
[Stage1] New best (epoch 9) Val Loss: 0.6671 — saved: D:\NN-kNN\results\classification_nnknn_rerun_20260601_103353\checkpoint_zebra_kfold_9_nnknn_retr.pth
[Stage1] Epoch 10 - Val Acc: 0.5455 | Val Loss: 0.6671
[Stage1] New best (epoch 10) Val Loss: 0.6671 — saved: D:\NN-kNN\results\classification_nnknn_rerun_20260601_103353\checkpoint_zebra_kfold_9_nnknn_retr.pth
[Stage1] Epoch 11 - Val Acc: 0.5455 | Val Loss: 0.6670
[Stage1] New best (epoch 11) Val Loss: 0.6670 — saved: D:\NN-kNN\results\classification_nnknn_rerun_20260601_103353\checkpoint_zebra_kfold_9_nnknn_retr.pth
[Stage1] Epoch 12 - Val Acc: 0.5455 | Val Loss: 0.6670
[Stage1] New best (epoch 12) Val Loss: 0.6670 — saved: D:\NN-kNN\results\classification_nnknn_rerun_20260601_103353\checkpoint_zebra_kfold_9_nnknn_retr.pth
[Stage1] Epoch 13 - Val Acc: 0.5455 | Val Loss: 0.6670
[Stage1] New best (epoch 13) Val Loss: 0.6670 — saved: D:\NN-kNN\results\classification_nnknn_rerun_20260601_103353\checkpoint_zebra_kfold_9_nnknn_retr.pth
[Stage1] Epoch 14 - Val Acc: 0.5455 | Val Loss: 0.6669
[Stage1] New best (epoch 14) Val Loss: 0.6669 — saved: D:\NN-kNN\results\classification_nnknn_rerun_20260601_103353\checkpoint_zebra_kfold_9_nnknn_retr.pth
[Stage1] Epoch 15 - Val Acc: 0.5455 | Val Loss: 0.6669
[Stage1] New best (epoch 15) Val Loss: 0.6669 — saved: D:\NN-kNN\results\classification_nnknn_rerun_20260601_103353\checkpoint_zebra_kfold_9_nnknn_retr.pth
[Stage1] Epoch 16 - Val Acc: 0.5455 | Val Loss: 0.6668
[Stage1] New best (epoch 16) Val Loss: 0.6668 — saved: D:\NN-kNN\results\classification_nnknn_rerun_20260601_103353\checkpoint_zebra_kfold_9_nnknn_retr.pth
[Stage1] Epoch 17 - Val Acc: 0.5455 | Val Loss: 0.6668
[Stage1] New best (epoch 17) Val Loss: 0.6668 — saved: D:\NN-kNN\results\classification_nnknn_rerun_20260601_103353\checkpoint_zebra_kfold_9_nnknn_retr.pth
[Stage1] Epoch 18 - Val Acc: 0.5455 | Val Loss: 0.6668
[Stage1] New best (epoch 18) Val Loss: 0.6668 — saved: D:\NN-kNN\results\classification_nnknn_rerun_20260601_103353\checkpoint_zebra_kfold_9_nnknn_retr.pth
[Stage1] Epoch 19 - Val Acc: 0.5455 | Val Loss: 0.6667
[Stage1] New best (epoch 19) Val Loss: 0.6667 — saved: D:\NN-kNN\results\classification_nnknn_rerun_20260601_103353\checkpoint_zebra_kfold_9_nnknn_retr.pth
[Stage1] Epoch 20 - Val Acc: 0.5455 | Val Loss: 0.6667
[Stage1] New best (epoch 20) Val Loss: 0.6667 — saved: D:\NN-kNN\results\classification_nnknn_rerun_20260601_103353\checkpoint_zebra_kfold_9_nnknn_retr.pth
[Stage1] Epoch 21 - Val Acc: 0.5455 | Val Loss: 0.6666
[Stage1] New best (epoch 21) Val Loss: 0.6666 — saved: D:\NN-kNN\results\classification_nnknn_rerun_20260601_103353\checkpoint_zebra_kfold_9_nnknn_retr.pth
[Stage1] Epoch 22 - Val Acc: 0.5455 | Val Loss: 0.6666
[Stage1] New best (epoch 22) Val Loss: 0.6666 — saved: D:\NN-kNN\results\classification_nnknn_rerun_20260601_103353\checkpoint_zebra_kfold_9_nnknn_retr.pth
[Stage1] Epoch 23 - Val Acc: 0.5455 | Val Loss: 0.6665
[Stage1] New best (epoch 23) Val Loss: 0.6665 — saved: D:\NN-kNN\results\classification_nnknn_rerun_20260601_103353\checkpoint_zebra_kfold_9_nnknn_retr.pth
[Stage1] Epoch 24 - Val Acc: 0.5455 | Val Loss: 0.6665
[Stage1] New best (epoch 24) Val Loss: 0.6665 — saved: D:\NN-kNN\results\classification_nnknn_rerun_20260601_103353\checkpoint_zebra_kfold_9_nnknn_retr.pth
[Stage1] Epoch 25 - Val Acc: 0.5455 | Val Loss: 0.6664
[Stage1] New best (epoch 25) Val Loss: 0.6664 — saved: D:\NN-kNN\results\classification_nnknn_rerun_20260601_103353\checkpoint_zebra_kfold_9_nnknn_retr.pth
[Stage1] Epoch 26 - Val Acc: 0.5455 | Val Loss: 0.6664
[Stage1] New best (epoch 26) Val Loss: 0.6664 — saved: D:\NN-kNN\results\classification_nnknn_rerun_20260601_103353\checkpoint_zebra_kfold_9_nnknn_retr.pth
[Stage1] Epoch 27 - Val Acc: 0.5455 | Val Loss: 0.6664
[Stage1] New best (epoch 27) Val Loss: 0.6664 — saved: D:\NN-kNN\results\classification_nnknn_rerun_20260601_103353\checkpoint_zebra_kfold_9_nnknn_retr.pth
[Stage1] Epoch 28 - Val Acc: 0.5455 | Val Loss: 0.6663
[Stage1] New best (epoch 28) Val Loss: 0.6663 — saved: D:\NN-kNN\results\classification_nnknn_rerun_20260601_103353\checkpoint_zebra_kfold_9_nnknn_retr.pth
[Stage1] Epoch 29 - Val Acc: 0.5455 | Val Loss: 0.6663
[Stage1] New best (epoch 29) Val Loss: 0.6663 — saved: D:\NN-kNN\results\classification_nnknn_rerun_20260601_103353\checkpoint_zebra_kfold_9_nnknn_retr.pth
[Stage1] Epoch 30 - Val Acc: 0.5455 | Val Loss: 0.6662
[Stage1] New best (epoch 30) Val Loss: 0.6662 — saved: D:\NN-kNN\results\classification_nnknn_rerun_20260601_103353\checkpoint_zebra_kfold_9_nnknn_retr.pth
[Stage1] Epoch 31 - Val Acc: 0.5455 | Val Loss: 0.6662
[Stage1] New best (epoch 31) Val Loss: 0.6662 — saved: D:\NN-kNN\results\classification_nnknn_rerun_20260601_103353\checkpoint_zebra_kfold_9_nnknn_retr.pth
[Stage1] Epoch 32 - Val Acc: 0.5455 | Val Loss: 0.6661
[Stage1] New best (epoch 32) Val Loss: 0.6661 — saved: D:\NN-kNN\results\classification_nnknn_rerun_20260601_103353\checkpoint_zebra_kfold_9_nnknn_retr.pth
[Stage1] Epoch 33 - Val Acc: 0.5455 | Val Loss: 0.6661
[Stage1] New best (epoch 33) Val Loss: 0.6661 — saved: D:\NN-kNN\results\classification_nnknn_rerun_20260601_103353\checkpoint_zebra_kfold_9_nnknn_retr.pth
[Stage1] Epoch 34 - Val Acc: 0.5455 | Val Loss: 0.6660
[Stage1] New best (epoch 34) Val Loss: 0.6660 — saved: D:\NN-kNN\results\classification_nnknn_rerun_20260601_103353\checkpoint_zebra_kfold_9_nnknn_retr.pth
[Stage1] Epoch 35 - Val Acc: 0.5455 | Val Loss: 0.6660
[Stage1] New best (epoch 35) Val Loss: 0.6660 — saved: D:\NN-kNN\results\classification_nnknn_rerun_20260601_103353\checkpoint_zebra_kfold_9_nnknn_retr.pth
[Stage1] Epoch 36 - Val Acc: 0.5455 | Val Loss: 0.6659
[Stage1] New best (epoch 36) Val Loss: 0.6659 — saved: D:\NN-kNN\results\classification_nnknn_rerun_20260601_103353\checkpoint_zebra_kfold_9_nnknn_retr.pth
[Stage1] Epoch 37 - Val Acc: 0.5455 | Val Loss: 0.6659
[Stage1] New best (epoch 37) Val Loss: 0.6659 — saved: D:\NN-kNN\results\classification_nnknn_rerun_20260601_103353\checkpoint_zebra_kfold_9_nnknn_retr.pth
[Stage1] Epoch 38 - Val Acc: 0.5455 | Val Loss: 0.6659
[Stage1] New best (epoch 38) Val Loss: 0.6659 — saved: D:\NN-kNN\results\classification_nnknn_rerun_20260601_103353\checkpoint_zebra_kfold_9_nnknn_retr.pth
[Stage1] Epoch 39 - Val Acc: 0.5455 | Val Loss: 0.6658
[Stage1] New best (epoch 39) Val Loss: 0.6658 — saved: D:\NN-kNN\results\classification_nnknn_rerun_20260601_103353\checkpoint_zebra_kfold_9_nnknn_retr.pth
[Stage1] Epoch 40 - Val Acc: 0.5455 | Val Loss: 0.6658
[Stage1] New best (epoch 40) Val Loss: 0.6658 — saved: D:\NN-kNN\results\classification_nnknn_rerun_20260601_103353\checkpoint_zebra_kfold_9_nnknn_retr.pth
[Stage1] Epoch 41 - Val Acc: 0.5455 | Val Loss: 0.6657
[Stage1] New best (epoch 41) Val Loss: 0.6657 — saved: D:\NN-kNN\results\classification_nnknn_rerun_20260601_103353\checkpoint_zebra_kfold_9_nnknn_retr.pth
[Stage1] Epoch 42 - Val Acc: 0.5455 | Val Loss: 0.6657
[Stage1] New best (epoch 42) Val Loss: 0.6657 — saved: D:\NN-kNN\results\classification_nnknn_rerun_20260601_103353\checkpoint_zebra_kfold_9_nnknn_retr.pth
[Stage1] Epoch 43 - Val Acc: 0.5455 | Val Loss: 0.6656
[Stage1] New best (epoch 43) Val Loss: 0.6656 — saved: D:\NN-kNN\results\classification_nnknn_rerun_20260601_103353\checkpoint_zebra_kfold_9_nnknn_retr.pth
[Stage1] Epoch 44 - Val Acc: 0.5455 | Val Loss: 0.6656
[Stage1] New best (epoch 44) Val Loss: 0.6656 — saved: D:\NN-kNN\results\classification_nnknn_rerun_20260601_103353\checkpoint_zebra_kfold_9_nnknn_retr.pth
[Stage1] Epoch 45 - Val Acc: 0.5455 | Val Loss: 0.6656
[Stage1] New best (epoch 45) Val Loss: 0.6656 — saved: D:\NN-kNN\results\classification_nnknn_rerun_20260601_103353\checkpoint_zebra_kfold_9_nnknn_retr.pth
[Stage1] Epoch 46 - Val Acc: 0.5455 | Val Loss: 0.6655
[Stage1] New best (epoch 46) Val Loss: 0.6655 — saved: D:\NN-kNN\results\classification_nnknn_rerun_20260601_103353\checkpoint_zebra_kfold_9_nnknn_retr.pth
[Stage1] Epoch 47 - Val Acc: 0.5455 | Val Loss: 0.6655
[Stage1] New best (epoch 47) Val Loss: 0.6655 — saved: D:\NN-kNN\results\classification_nnknn_rerun_20260601_103353\checkpoint_zebra_kfold_9_nnknn_retr.pth
[Stage1] Epoch 48 - Val Acc: 0.5455 | Val Loss: 0.6654
[Stage1] New best (epoch 48) Val Loss: 0.6654 — saved: D:\NN-kNN\results\classification_nnknn_rerun_20260601_103353\checkpoint_zebra_kfold_9_nnknn_retr.pth
[Stage1] Epoch 49 - Val Acc: 0.5455 | Val Loss: 0.6654
[Stage1] New best (epoch 49) Val Loss: 0.6654 — saved: D:\NN-kNN\results\classification_nnknn_rerun_20260601_103353\checkpoint_zebra_kfold_9_nnknn_retr.pth
[Stage1] Epoch 50 - Val Acc: 0.5455 | Val Loss: 0.6653
[Stage1] New best (epoch 50) Val Loss: 0.6653 — saved: D:\NN-kNN\results\classification_nnknn_rerun_20260601_103353\checkpoint_zebra_kfold_9_nnknn_retr.pth

[Stage 2] Skipped: adapter not enabled.
Training completed. Best Acc or R2:  0.5454545454545454
Final global feature weights: tensor([[0.5356, 0.4644]])
[classification benchmark] zebra method=nnknn
cases trainable: False
labels trainable: False
Number of feature extractor parameters: 0
Number of glocal weightor parameters: 1
torch.Size([1, 2])
Number of adapter parameters: 0
Number of case_net_params: 3
torch.Size([99])
torch.Size([99])
torch.Size([99, 1])
*****************
Training started for training_epochs epochs with batch size 32

[Stage 1] Retrieval-only training for up to 50 epochs (patience=20)
[Stage1] Epoch 1 - Val Acc: 0.5455 | Val Loss: 0.7339
[Stage1] New best (epoch 1) Val Loss: 0.7339 — saved: D:\NN-kNN\results\classification_nnknn_rerun_20260601_103353\checkpoint_zebra_kfold_10_nnknn_retr.pth
[Stage1] Epoch 2 - Val Acc: 0.5455 | Val Loss: 0.7338
[Stage1] New best (epoch 2) Val Loss: 0.7338 — saved: D:\NN-kNN\results\classification_nnknn_rerun_20260601_103353\checkpoint_zebra_kfold_10_nnknn_retr.pth
[Stage1] Epoch 3 - Val Acc: 0.5455 | Val Loss: 0.7338
[Stage1] New best (epoch 3) Val Loss: 0.7338 — saved: D:\NN-kNN\results\classification_nnknn_rerun_20260601_103353\checkpoint_zebra_kfold_10_nnknn_retr.pth
[Stage1] Epoch 4 - Val Acc: 0.5455 | Val Loss: 0.7338
[Stage1] New best (epoch 4) Val Loss: 0.7338 — saved: D:\NN-kNN\results\classification_nnknn_rerun_20260601_103353\checkpoint_zebra_kfold_10_nnknn_retr.pth
[Stage1] Epoch 5 - Val Acc: 0.5455 | Val Loss: 0.7337
[Stage1] New best (epoch 5) Val Loss: 0.7337 — saved: D:\NN-kNN\results\classification_nnknn_rerun_20260601_103353\checkpoint_zebra_kfold_10_nnknn_retr.pth
[Stage1] Epoch 6 - Val Acc: 0.5455 | Val Loss: 0.7337
[Stage1] New best (epoch 6) Val Loss: 0.7337 — saved: D:\NN-kNN\results\classification_nnknn_rerun_20260601_103353\checkpoint_zebra_kfold_10_nnknn_retr.pth
[Stage1] Epoch 7 - Val Acc: 0.5455 | Val Loss: 0.7337
[Stage1] New best (epoch 7) Val Loss: 0.7337 — saved: D:\NN-kNN\results\classification_nnknn_rerun_20260601_103353\checkpoint_zebra_kfold_10_nnknn_retr.pth
[Stage1] Epoch 8 - Val Acc: 0.5455 | Val Loss: 0.7337
[Stage1] New best (epoch 8) Val Loss: 0.7337 — saved: D:\NN-kNN\results\classification_nnknn_rerun_20260601_103353\checkpoint_zebra_kfold_10_nnknn_retr.pth
[Stage1] Epoch 9 - Val Acc: 0.5455 | Val Loss: 0.7336
[Stage1] New best (epoch 9) Val Loss: 0.7336 — saved: D:\NN-kNN\results\classification_nnknn_rerun_20260601_103353\checkpoint_zebra_kfold_10_nnknn_retr.pth
[Stage1] Epoch 10 - Val Acc: 0.5455 | Val Loss: 0.7336
[Stage1] New best (epoch 10) Val Loss: 0.7336 — saved: D:\NN-kNN\results\classification_nnknn_rerun_20260601_103353\checkpoint_zebra_kfold_10_nnknn_retr.pth
[Stage1] Epoch 11 - Val Acc: 0.5455 | Val Loss: 0.7336
[Stage1] New best (epoch 11) Val Loss: 0.7336 — saved: D:\NN-kNN\results\classification_nnknn_rerun_20260601_103353\checkpoint_zebra_kfold_10_nnknn_retr.pth
[Stage1] Epoch 12 - Val Acc: 0.5455 | Val Loss: 0.7336
[Stage1] New best (epoch 12) Val Loss: 0.7336 — saved: D:\NN-kNN\results\classification_nnknn_rerun_20260601_103353\checkpoint_zebra_kfold_10_nnknn_retr.pth
[Stage1] Epoch 13 - Val Acc: 0.5455 | Val Loss: 0.7335
[Stage1] New best (epoch 13) Val Loss: 0.7335 — saved: D:\NN-kNN\results\classification_nnknn_rerun_20260601_103353\checkpoint_zebra_kfold_10_nnknn_retr.pth
[Stage1] Epoch 14 - Val Acc: 0.5455 | Val Loss: 0.7335
[Stage1] New best (epoch 14) Val Loss: 0.7335 — saved: D:\NN-kNN\results\classification_nnknn_rerun_20260601_103353\checkpoint_zebra_kfold_10_nnknn_retr.pth
[Stage1] Epoch 15 - Val Acc: 0.5455 | Val Loss: 0.7335
[Stage1] New best (epoch 15) Val Loss: 0.7335 — saved: D:\NN-kNN\results\classification_nnknn_rerun_20260601_103353\checkpoint_zebra_kfold_10_nnknn_retr.pth
[Stage1] Epoch 16 - Val Acc: 0.5455 | Val Loss: 0.7335
[Stage1] New best (epoch 16) Val Loss: 0.7335 — saved: D:\NN-kNN\results\classification_nnknn_rerun_20260601_103353\checkpoint_zebra_kfold_10_nnknn_retr.pth
[Stage1] Epoch 17 - Val Acc: 0.5455 | Val Loss: 0.7334
[Stage1] New best (epoch 17) Val Loss: 0.7334 — saved: D:\NN-kNN\results\classification_nnknn_rerun_20260601_103353\checkpoint_zebra_kfold_10_nnknn_retr.pth
[Stage1] Epoch 18 - Val Acc: 0.5455 | Val Loss: 0.7334
[Stage1] New best (epoch 18) Val Loss: 0.7334 — saved: D:\NN-kNN\results\classification_nnknn_rerun_20260601_103353\checkpoint_zebra_kfold_10_nnknn_retr.pth
[Stage1] Epoch 19 - Val Acc: 0.5455 | Val Loss: 0.7334
[Stage1] New best (epoch 19) Val Loss: 0.7334 — saved: D:\NN-kNN\results\classification_nnknn_rerun_20260601_103353\checkpoint_zebra_kfold_10_nnknn_retr.pth
[Stage1] Epoch 20 - Val Acc: 0.5455 | Val Loss: 0.7333
[Stage1] New best (epoch 20) Val Loss: 0.7333 — saved: D:\NN-kNN\results\classification_nnknn_rerun_20260601_103353\checkpoint_zebra_kfold_10_nnknn_retr.pth
[Stage1] Epoch 21 - Val Acc: 0.5455 | Val Loss: 0.7333
[Stage1] New best (epoch 21) Val Loss: 0.7333 — saved: D:\NN-kNN\results\classification_nnknn_rerun_20260601_103353\checkpoint_zebra_kfold_10_nnknn_retr.pth
[Stage1] Epoch 22 - Val Acc: 0.5455 | Val Loss: 0.7333
[Stage1] New best (epoch 22) Val Loss: 0.7333 — saved: D:\NN-kNN\results\classification_nnknn_rerun_20260601_103353\checkpoint_zebra_kfold_10_nnknn_retr.pth
[Stage1] Epoch 23 - Val Acc: 0.5455 | Val Loss: 0.7333
[Stage1] New best (epoch 23) Val Loss: 0.7333 — saved: D:\NN-kNN\results\classification_nnknn_rerun_20260601_103353\checkpoint_zebra_kfold_10_nnknn_retr.pth
[Stage1] Epoch 24 - Val Acc: 0.5455 | Val Loss: 0.7332
[Stage1] New best (epoch 24) Val Loss: 0.7332 — saved: D:\NN-kNN\results\classification_nnknn_rerun_20260601_103353\checkpoint_zebra_kfold_10_nnknn_retr.pth
[Stage1] Epoch 25 - Val Acc: 0.5455 | Val Loss: 0.7332
[Stage1] New best (epoch 25) Val Loss: 0.7332 — saved: D:\NN-kNN\results\classification_nnknn_rerun_20260601_103353\checkpoint_zebra_kfold_10_nnknn_retr.pth
[Stage1] Epoch 26 - Val Acc: 0.5455 | Val Loss: 0.7332
[Stage1] New best (epoch 26) Val Loss: 0.7332 — saved: D:\NN-kNN\results\classification_nnknn_rerun_20260601_103353\checkpoint_zebra_kfold_10_nnknn_retr.pth
[Stage1] Epoch 27 - Val Acc: 0.5455 | Val Loss: 0.7332
[Stage1] New best (epoch 27) Val Loss: 0.7332 — saved: D:\NN-kNN\results\classification_nnknn_rerun_20260601_103353\checkpoint_zebra_kfold_10_nnknn_retr.pth
[Stage1] Epoch 28 - Val Acc: 0.5455 | Val Loss: 0.7331
[Stage1] New best (epoch 28) Val Loss: 0.7331 — saved: D:\NN-kNN\results\classification_nnknn_rerun_20260601_103353\checkpoint_zebra_kfold_10_nnknn_retr.pth
[Stage1] Epoch 29 - Val Acc: 0.5455 | Val Loss: 0.7331
[Stage1] New best (epoch 29) Val Loss: 0.7331 — saved: D:\NN-kNN\results\classification_nnknn_rerun_20260601_103353\checkpoint_zebra_kfold_10_nnknn_retr.pth
[Stage1] Epoch 30 - Val Acc: 0.5455 | Val Loss: 0.7331
[Stage1] New best (epoch 30) Val Loss: 0.7331 — saved: D:\NN-kNN\results\classification_nnknn_rerun_20260601_103353\checkpoint_zebra_kfold_10_nnknn_retr.pth
[Stage1] Epoch 31 - Val Acc: 0.5455 | Val Loss: 0.7331
[Stage1] New best (epoch 31) Val Loss: 0.7331 — saved: D:\NN-kNN\results\classification_nnknn_rerun_20260601_103353\checkpoint_zebra_kfold_10_nnknn_retr.pth
[Stage1] Epoch 32 - Val Acc: 0.5455 | Val Loss: 0.7330
[Stage1] New best (epoch 32) Val Loss: 0.7330 — saved: D:\NN-kNN\results\classification_nnknn_rerun_20260601_103353\checkpoint_zebra_kfold_10_nnknn_retr.pth
[Stage1] Epoch 33 - Val Acc: 0.5455 | Val Loss: 0.7330
[Stage1] New best (epoch 33) Val Loss: 0.7330 — saved: D:\NN-kNN\results\classification_nnknn_rerun_20260601_103353\checkpoint_zebra_kfold_10_nnknn_retr.pth
[Stage1] Epoch 34 - Val Acc: 0.5455 | Val Loss: 0.7330
[Stage1] New best (epoch 34) Val Loss: 0.7330 — saved: D:\NN-kNN\results\classification_nnknn_rerun_20260601_103353\checkpoint_zebra_kfold_10_nnknn_retr.pth
[Stage1] Epoch 35 - Val Acc: 0.5455 | Val Loss: 0.7330
[Stage1] New best (epoch 35) Val Loss: 0.7330 — saved: D:\NN-kNN\results\classification_nnknn_rerun_20260601_103353\checkpoint_zebra_kfold_10_nnknn_retr.pth
[Stage1] Epoch 36 - Val Acc: 0.5455 | Val Loss: 0.7329
[Stage1] New best (epoch 36) Val Loss: 0.7329 — saved: D:\NN-kNN\results\classification_nnknn_rerun_20260601_103353\checkpoint_zebra_kfold_10_nnknn_retr.pth
[Stage1] Epoch 37 - Val Acc: 0.5455 | Val Loss: 0.7329
[Stage1] New best (epoch 37) Val Loss: 0.7329 — saved: D:\NN-kNN\results\classification_nnknn_rerun_20260601_103353\checkpoint_zebra_kfold_10_nnknn_retr.pth
[Stage1] Epoch 38 - Val Acc: 0.5455 | Val Loss: 0.7329
[Stage1] New best (epoch 38) Val Loss: 0.7329 — saved: D:\NN-kNN\results\classification_nnknn_rerun_20260601_103353\checkpoint_zebra_kfold_10_nnknn_retr.pth
[Stage1] Epoch 39 - Val Acc: 0.5455 | Val Loss: 0.7328
[Stage1] New best (epoch 39) Val Loss: 0.7328 — saved: D:\NN-kNN\results\classification_nnknn_rerun_20260601_103353\checkpoint_zebra_kfold_10_nnknn_retr.pth
[Stage1] Epoch 40 - Val Acc: 0.5455 | Val Loss: 0.7328
[Stage1] New best (epoch 40) Val Loss: 0.7328 — saved: D:\NN-kNN\results\classification_nnknn_rerun_20260601_103353\checkpoint_zebra_kfold_10_nnknn_retr.pth
[Stage1] Epoch 41 - Val Acc: 0.5455 | Val Loss: 0.7328
[Stage1] New best (epoch 41) Val Loss: 0.7328 — saved: D:\NN-kNN\results\classification_nnknn_rerun_20260601_103353\checkpoint_zebra_kfold_10_nnknn_retr.pth
[Stage1] Epoch 42 - Val Acc: 0.5455 | Val Loss: 0.7327
[Stage1] New best (epoch 42) Val Loss: 0.7327 — saved: D:\NN-kNN\results\classification_nnknn_rerun_20260601_103353\checkpoint_zebra_kfold_10_nnknn_retr.pth
[Stage1] Epoch 43 - Val Acc: 0.5455 | Val Loss: 0.7327
[Stage1] New best (epoch 43) Val Loss: 0.7327 — saved: D:\NN-kNN\results\classification_nnknn_rerun_20260601_103353\checkpoint_zebra_kfold_10_nnknn_retr.pth
[Stage1] Epoch 44 - Val Acc: 0.5455 | Val Loss: 0.7327
[Stage1] New best (epoch 44) Val Loss: 0.7327 — saved: D:\NN-kNN\results\classification_nnknn_rerun_20260601_103353\checkpoint_zebra_kfold_10_nnknn_retr.pth
[Stage1] Epoch 45 - Val Acc: 0.5455 | Val Loss: 0.7326
[Stage1] New best (epoch 45) Val Loss: 0.7326 — saved: D:\NN-kNN\results\classification_nnknn_rerun_20260601_103353\checkpoint_zebra_kfold_10_nnknn_retr.pth
[Stage1] Epoch 46 - Val Acc: 0.5455 | Val Loss: 0.7326
[Stage1] New best (epoch 46) Val Loss: 0.7326 — saved: D:\NN-kNN\results\classification_nnknn_rerun_20260601_103353\checkpoint_zebra_kfold_10_nnknn_retr.pth
[Stage1] Epoch 47 - Val Acc: 0.5455 | Val Loss: 0.7326
[Stage1] New best (epoch 47) Val Loss: 0.7326 — saved: D:\NN-kNN\results\classification_nnknn_rerun_20260601_103353\checkpoint_zebra_kfold_10_nnknn_retr.pth
[Stage1] Epoch 48 - Val Acc: 0.5455 | Val Loss: 0.7325
[Stage1] New best (epoch 48) Val Loss: 0.7325 — saved: D:\NN-kNN\results\classification_nnknn_rerun_20260601_103353\checkpoint_zebra_kfold_10_nnknn_retr.pth
[Stage1] Epoch 49 - Val Acc: 0.5455 | Val Loss: 0.7325
[Stage1] New best (epoch 49) Val Loss: 0.7325 — saved: D:\NN-kNN\results\classification_nnknn_rerun_20260601_103353\checkpoint_zebra_kfold_10_nnknn_retr.pth
[Stage1] Epoch 50 - Val Acc: 0.5455 | Val Loss: 0.7325
[Stage1] New best (epoch 50) Val Loss: 0.7325 — saved: D:\NN-kNN\results\classification_nnknn_rerun_20260601_103353\checkpoint_zebra_kfold_10_nnknn_retr.pth

[Stage 2] Skipped: adapter not enabled.
Training completed. Best Acc or R2:  0.5454545454545454
Final global feature weights: tensor([[0.5346, 0.4654]])
[classification benchmark] zebra_special method=nnknn
cases trainable: False
labels trainable: False
Number of feature extractor parameters: 0
Number of glocal weightor parameters: 1
torch.Size([1, 2])
Number of adapter parameters: 0
Number of case_net_params: 3
torch.Size([198])
torch.Size([198])
torch.Size([198, 1])
*****************
Training started for training_epochs epochs with batch size 32

[Stage 1] Retrieval-only training for up to 50 epochs (patience=20)
[Stage1] Epoch 1 - Val Acc: 0.5909 | Val Loss: 0.6693
[Stage1] New best (epoch 1) Val Loss: 0.6693 — saved: D:\NN-kNN\results\classification_nnknn_rerun_20260601_103353\checkpoint_zebra_special_kfold_1_nnknn_retr.pth
[Stage1] Epoch 2 - Val Acc: 0.5909 | Val Loss: 0.6693
[Stage1] No improv. Best so far: 0.6693 (epoch 1)
[Stage1] Epoch 3 - Val Acc: 0.5909 | Val Loss: 0.6692
[Stage1] New best (epoch 3) Val Loss: 0.6692 — saved: D:\NN-kNN\results\classification_nnknn_rerun_20260601_103353\checkpoint_zebra_special_kfold_1_nnknn_retr.pth
[Stage1] Epoch 4 - Val Acc: 0.5909 | Val Loss: 0.6692
[Stage1] New best (epoch 4) Val Loss: 0.6692 — saved: D:\NN-kNN\results\classification_nnknn_rerun_20260601_103353\checkpoint_zebra_special_kfold_1_nnknn_retr.pth
[Stage1] Epoch 5 - Val Acc: 0.5909 | Val Loss: 0.6691
[Stage1] New best (epoch 5) Val Loss: 0.6691 — saved: D:\NN-kNN\results\classification_nnknn_rerun_20260601_103353\checkpoint_zebra_special_kfold_1_nnknn_retr.pth
[Stage1] Epoch 6 - Val Acc: 0.5909 | Val Loss: 0.6690
[Stage1] New best (epoch 6) Val Loss: 0.6690 — saved: D:\NN-kNN\results\classification_nnknn_rerun_20260601_103353\checkpoint_zebra_special_kfold_1_nnknn_retr.pth
[Stage1] Epoch 7 - Val Acc: 0.5909 | Val Loss: 0.6690
[Stage1] New best (epoch 7) Val Loss: 0.6690 — saved: D:\NN-kNN\results\classification_nnknn_rerun_20260601_103353\checkpoint_zebra_special_kfold_1_nnknn_retr.pth
[Stage1] Epoch 8 - Val Acc: 0.5909 | Val Loss: 0.6689
[Stage1] New best (epoch 8) Val Loss: 0.6689 — saved: D:\NN-kNN\results\classification_nnknn_rerun_20260601_103353\checkpoint_zebra_special_kfold_1_nnknn_retr.pth
[Stage1] Epoch 9 - Val Acc: 0.5909 | Val Loss: 0.6688
[Stage1] New best (epoch 9) Val Loss: 0.6688 — saved: D:\NN-kNN\results\classification_nnknn_rerun_20260601_103353\checkpoint_zebra_special_kfold_1_nnknn_retr.pth
[Stage1] Epoch 10 - Val Acc: 0.5909 | Val Loss: 0.6688
[Stage1] New best (epoch 10) Val Loss: 0.6688 — saved: D:\NN-kNN\results\classification_nnknn_rerun_20260601_103353\checkpoint_zebra_special_kfold_1_nnknn_retr.pth
[Stage1] Epoch 11 - Val Acc: 0.5909 | Val Loss: 0.6687
[Stage1] New best (epoch 11) Val Loss: 0.6687 — saved: D:\NN-kNN\results\classification_nnknn_rerun_20260601_103353\checkpoint_zebra_special_kfold_1_nnknn_retr.pth
[Stage1] Epoch 12 - Val Acc: 0.5909 | Val Loss: 0.6686
[Stage1] New best (epoch 12) Val Loss: 0.6686 — saved: D:\NN-kNN\results\classification_nnknn_rerun_20260601_103353\checkpoint_zebra_special_kfold_1_nnknn_retr.pth
[Stage1] Epoch 13 - Val Acc: 0.5909 | Val Loss: 0.6685
[Stage1] New best (epoch 13) Val Loss: 0.6685 — saved: D:\NN-kNN\results\classification_nnknn_rerun_20260601_103353\checkpoint_zebra_special_kfold_1_nnknn_retr.pth
[Stage1] Epoch 14 - Val Acc: 0.5909 | Val Loss: 0.6685
[Stage1] New best (epoch 14) Val Loss: 0.6685 — saved: D:\NN-kNN\results\classification_nnknn_rerun_20260601_103353\checkpoint_zebra_special_kfold_1_nnknn_retr.pth
[Stage1] Epoch 15 - Val Acc: 0.5909 | Val Loss: 0.6684
[Stage1] New best (epoch 15) Val Loss: 0.6684 — saved: D:\NN-kNN\results\classification_nnknn_rerun_20260601_103353\checkpoint_zebra_special_kfold_1_nnknn_retr.pth
[Stage1] Epoch 16 - Val Acc: 0.5909 | Val Loss: 0.6684
[Stage1] New best (epoch 16) Val Loss: 0.6684 — saved: D:\NN-kNN\results\classification_nnknn_rerun_20260601_103353\checkpoint_zebra_special_kfold_1_nnknn_retr.pth
[Stage1] Epoch 17 - Val Acc: 0.5909 | Val Loss: 0.6683
[Stage1] New best (epoch 17) Val Loss: 0.6683 — saved: D:\NN-kNN\results\classification_nnknn_rerun_20260601_103353\checkpoint_zebra_special_kfold_1_nnknn_retr.pth
[Stage1] Epoch 18 - Val Acc: 0.5909 | Val Loss: 0.6682
[Stage1] New best (epoch 18) Val Loss: 0.6682 — saved: D:\NN-kNN\results\classification_nnknn_rerun_20260601_103353\checkpoint_zebra_special_kfold_1_nnknn_retr.pth
[Stage1] Epoch 19 - Val Acc: 0.5909 | Val Loss: 0.6682
[Stage1] New best (epoch 19) Val Loss: 0.6682 — saved: D:\NN-kNN\results\classification_nnknn_rerun_20260601_103353\checkpoint_zebra_special_kfold_1_nnknn_retr.pth
[Stage1] Epoch 20 - Val Acc: 0.5909 | Val Loss: 0.6681
[Stage1] New best (epoch 20) Val Loss: 0.6681 — saved: D:\NN-kNN\results\classification_nnknn_rerun_20260601_103353\checkpoint_zebra_special_kfold_1_nnknn_retr.pth
[Stage1] Epoch 21 - Val Acc: 0.5909 | Val Loss: 0.6680
[Stage1] New best (epoch 21) Val Loss: 0.6680 — saved: D:\NN-kNN\results\classification_nnknn_rerun_20260601_103353\checkpoint_zebra_special_kfold_1_nnknn_retr.pth
[Stage1] Epoch 22 - Val Acc: 0.5909 | Val Loss: 0.6679
[Stage1] New best (epoch 22) Val Loss: 0.6679 — saved: D:\NN-kNN\results\classification_nnknn_rerun_20260601_103353\checkpoint_zebra_special_kfold_1_nnknn_retr.pth
[Stage1] Epoch 23 - Val Acc: 0.5909 | Val Loss: 0.6678
[Stage1] New best (epoch 23) Val Loss: 0.6678 — saved: D:\NN-kNN\results\classification_nnknn_rerun_20260601_103353\checkpoint_zebra_special_kfold_1_nnknn_retr.pth
[Stage1] Epoch 24 - Val Acc: 0.5909 | Val Loss: 0.6678
[Stage1] New best (epoch 24) Val Loss: 0.6678 — saved: D:\NN-kNN\results\classification_nnknn_rerun_20260601_103353\checkpoint_zebra_special_kfold_1_nnknn_retr.pth
[Stage1] Epoch 25 - Val Acc: 0.5909 | Val Loss: 0.6677
[Stage1] New best (epoch 25) Val Loss: 0.6677 — saved: D:\NN-kNN\results\classification_nnknn_rerun_20260601_103353\checkpoint_zebra_special_kfold_1_nnknn_retr.pth
[Stage1] Epoch 26 - Val Acc: 0.5909 | Val Loss: 0.6676
[Stage1] New best (epoch 26) Val Loss: 0.6676 — saved: D:\NN-kNN\results\classification_nnknn_rerun_20260601_103353\checkpoint_zebra_special_kfold_1_nnknn_retr.pth
[Stage1] Epoch 27 - Val Acc: 0.5909 | Val Loss: 0.6675
[Stage1] New best (epoch 27) Val Loss: 0.6675 — saved: D:\NN-kNN\results\classification_nnknn_rerun_20260601_103353\checkpoint_zebra_special_kfold_1_nnknn_retr.pth
[Stage1] Epoch 28 - Val Acc: 0.5909 | Val Loss: 0.6675
[Stage1] New best (epoch 28) Val Loss: 0.6675 — saved: D:\NN-kNN\results\classification_nnknn_rerun_20260601_103353\checkpoint_zebra_special_kfold_1_nnknn_retr.pth
[Stage1] Epoch 29 - Val Acc: 0.5909 | Val Loss: 0.6674
[Stage1] New best (epoch 29) Val Loss: 0.6674 — saved: D:\NN-kNN\results\classification_nnknn_rerun_20260601_103353\checkpoint_zebra_special_kfold_1_nnknn_retr.pth
[Stage1] Epoch 30 - Val Acc: 0.5909 | Val Loss: 0.6673
[Stage1] New best (epoch 30) Val Loss: 0.6673 — saved: D:\NN-kNN\results\classification_nnknn_rerun_20260601_103353\checkpoint_zebra_special_kfold_1_nnknn_retr.pth
[Stage1] Epoch 31 - Val Acc: 0.5909 | Val Loss: 0.6673
[Stage1] New best (epoch 31) Val Loss: 0.6673 — saved: D:\NN-kNN\results\classification_nnknn_rerun_20260601_103353\checkpoint_zebra_special_kfold_1_nnknn_retr.pth
[Stage1] Epoch 32 - Val Acc: 0.5909 | Val Loss: 0.6672
[Stage1] New best (epoch 32) Val Loss: 0.6672 — saved: D:\NN-kNN\results\classification_nnknn_rerun_20260601_103353\checkpoint_zebra_special_kfold_1_nnknn_retr.pth
[Stage1] Epoch 33 - Val Acc: 0.5909 | Val Loss: 0.6671
[Stage1] New best (epoch 33) Val Loss: 0.6671 — saved: D:\NN-kNN\results\classification_nnknn_rerun_20260601_103353\checkpoint_zebra_special_kfold_1_nnknn_retr.pth
[Stage1] Epoch 34 - Val Acc: 0.5909 | Val Loss: 0.6671
[Stage1] New best (epoch 34) Val Loss: 0.6671 — saved: D:\NN-kNN\results\classification_nnknn_rerun_20260601_103353\checkpoint_zebra_special_kfold_1_nnknn_retr.pth
[Stage1] Epoch 35 - Val Acc: 0.5909 | Val Loss: 0.6670
[Stage1] New best (epoch 35) Val Loss: 0.6670 — saved: D:\NN-kNN\results\classification_nnknn_rerun_20260601_103353\checkpoint_zebra_special_kfold_1_nnknn_retr.pth
[Stage1] Epoch 36 - Val Acc: 0.5909 | Val Loss: 0.6669
[Stage1] New best (epoch 36) Val Loss: 0.6669 — saved: D:\NN-kNN\results\classification_nnknn_rerun_20260601_103353\checkpoint_zebra_special_kfold_1_nnknn_retr.pth
[Stage1] Epoch 37 - Val Acc: 0.5909 | Val Loss: 0.6668
[Stage1] New best (epoch 37) Val Loss: 0.6668 — saved: D:\NN-kNN\results\classification_nnknn_rerun_20260601_103353\checkpoint_zebra_special_kfold_1_nnknn_retr.pth
[Stage1] Epoch 38 - Val Acc: 0.5909 | Val Loss: 0.6668
[Stage1] New best (epoch 38) Val Loss: 0.6668 — saved: D:\NN-kNN\results\classification_nnknn_rerun_20260601_103353\checkpoint_zebra_special_kfold_1_nnknn_retr.pth
[Stage1] Epoch 39 - Val Acc: 0.5909 | Val Loss: 0.6667
[Stage1] New best (epoch 39) Val Loss: 0.6667 — saved: D:\NN-kNN\results\classification_nnknn_rerun_20260601_103353\checkpoint_zebra_special_kfold_1_nnknn_retr.pth
[Stage1] Epoch 40 - Val Acc: 0.5909 | Val Loss: 0.6666
[Stage1] New best (epoch 40) Val Loss: 0.6666 — saved: D:\NN-kNN\results\classification_nnknn_rerun_20260601_103353\checkpoint_zebra_special_kfold_1_nnknn_retr.pth
[Stage1] Epoch 41 - Val Acc: 0.5909 | Val Loss: 0.6665
[Stage1] New best (epoch 41) Val Loss: 0.6665 — saved: D:\NN-kNN\results\classification_nnknn_rerun_20260601_103353\checkpoint_zebra_special_kfold_1_nnknn_retr.pth
[Stage1] Epoch 42 - Val Acc: 0.5909 | Val Loss: 0.6665
[Stage1] New best (epoch 42) Val Loss: 0.6665 — saved: D:\NN-kNN\results\classification_nnknn_rerun_20260601_103353\checkpoint_zebra_special_kfold_1_nnknn_retr.pth
[Stage1] Epoch 43 - Val Acc: 0.5909 | Val Loss: 0.6664
[Stage1] New best (epoch 43) Val Loss: 0.6664 — saved: D:\NN-kNN\results\classification_nnknn_rerun_20260601_103353\checkpoint_zebra_special_kfold_1_nnknn_retr.pth
[Stage1] Epoch 44 - Val Acc: 0.5909 | Val Loss: 0.6663
[Stage1] New best (epoch 44) Val Loss: 0.6663 — saved: D:\NN-kNN\results\classification_nnknn_rerun_20260601_103353\checkpoint_zebra_special_kfold_1_nnknn_retr.pth
[Stage1] Epoch 45 - Val Acc: 0.5909 | Val Loss: 0.6663
[Stage1] New best (epoch 45) Val Loss: 0.6663 — saved: D:\NN-kNN\results\classification_nnknn_rerun_20260601_103353\checkpoint_zebra_special_kfold_1_nnknn_retr.pth
[Stage1] Epoch 46 - Val Acc: 0.5909 | Val Loss: 0.6662
[Stage1] New best (epoch 46) Val Loss: 0.6662 — saved: D:\NN-kNN\results\classification_nnknn_rerun_20260601_103353\checkpoint_zebra_special_kfold_1_nnknn_retr.pth
[Stage1] Epoch 47 - Val Acc: 0.5909 | Val Loss: 0.6661
[Stage1] New best (epoch 47) Val Loss: 0.6661 — saved: D:\NN-kNN\results\classification_nnknn_rerun_20260601_103353\checkpoint_zebra_special_kfold_1_nnknn_retr.pth
[Stage1] Epoch 48 - Val Acc: 0.5909 | Val Loss: 0.6660
[Stage1] New best (epoch 48) Val Loss: 0.6660 — saved: D:\NN-kNN\results\classification_nnknn_rerun_20260601_103353\checkpoint_zebra_special_kfold_1_nnknn_retr.pth
[Stage1] Epoch 49 - Val Acc: 0.5909 | Val Loss: 0.6659
[Stage1] New best (epoch 49) Val Loss: 0.6659 — saved: D:\NN-kNN\results\classification_nnknn_rerun_20260601_103353\checkpoint_zebra_special_kfold_1_nnknn_retr.pth
[Stage1] Epoch 50 - Val Acc: 0.5909 | Val Loss: 0.6658
[Stage1] New best (epoch 50) Val Loss: 0.6658 — saved: D:\NN-kNN\results\classification_nnknn_rerun_20260601_103353\checkpoint_zebra_special_kfold_1_nnknn_retr.pth

[Stage 2] Skipped: adapter not enabled.
Training completed. Best Acc or R2:  0.5909090909090909
Final global feature weights: tensor([[0.4398, 0.5602]])
[classification benchmark] zebra_special method=nnknn
cases trainable: False
labels trainable: False
Number of feature extractor parameters: 0
Number of glocal weightor parameters: 1
torch.Size([1, 2])
Number of adapter parameters: 0
Number of case_net_params: 3
torch.Size([198])
torch.Size([198])
torch.Size([198, 1])
*****************
Training started for training_epochs epochs with batch size 32

[Stage 1] Retrieval-only training for up to 50 epochs (patience=20)
[Stage1] Epoch 1 - Val Acc: 0.5455 | Val Loss: 0.6905
[Stage1] New best (epoch 1) Val Loss: 0.6905 — saved: D:\NN-kNN\results\classification_nnknn_rerun_20260601_103353\checkpoint_zebra_special_kfold_2_nnknn_retr.pth
[Stage1] Epoch 2 - Val Acc: 0.5455 | Val Loss: 0.6905
[Stage1] New best (epoch 2) Val Loss: 0.6905 — saved: D:\NN-kNN\results\classification_nnknn_rerun_20260601_103353\checkpoint_zebra_special_kfold_2_nnknn_retr.pth
[Stage1] Epoch 3 - Val Acc: 0.5455 | Val Loss: 0.6905
[Stage1] New best (epoch 3) Val Loss: 0.6905 — saved: D:\NN-kNN\results\classification_nnknn_rerun_20260601_103353\checkpoint_zebra_special_kfold_2_nnknn_retr.pth
[Stage1] Epoch 4 - Val Acc: 0.5455 | Val Loss: 0.6905
[Stage1] New best (epoch 4) Val Loss: 0.6905 — saved: D:\NN-kNN\results\classification_nnknn_rerun_20260601_103353\checkpoint_zebra_special_kfold_2_nnknn_retr.pth
[Stage1] Epoch 5 - Val Acc: 0.5455 | Val Loss: 0.6904
[Stage1] New best (epoch 5) Val Loss: 0.6904 — saved: D:\NN-kNN\results\classification_nnknn_rerun_20260601_103353\checkpoint_zebra_special_kfold_2_nnknn_retr.pth
[Stage1] Epoch 6 - Val Acc: 0.5455 | Val Loss: 0.6904
[Stage1] New best (epoch 6) Val Loss: 0.6904 — saved: D:\NN-kNN\results\classification_nnknn_rerun_20260601_103353\checkpoint_zebra_special_kfold_2_nnknn_retr.pth
[Stage1] Epoch 7 - Val Acc: 0.5455 | Val Loss: 0.6904
[Stage1] New best (epoch 7) Val Loss: 0.6904 — saved: D:\NN-kNN\results\classification_nnknn_rerun_20260601_103353\checkpoint_zebra_special_kfold_2_nnknn_retr.pth
[Stage1] Epoch 8 - Val Acc: 0.5455 | Val Loss: 0.6903
[Stage1] New best (epoch 8) Val Loss: 0.6903 — saved: D:\NN-kNN\results\classification_nnknn_rerun_20260601_103353\checkpoint_zebra_special_kfold_2_nnknn_retr.pth
[Stage1] Epoch 9 - Val Acc: 0.5455 | Val Loss: 0.6903
[Stage1] New best (epoch 9) Val Loss: 0.6903 — saved: D:\NN-kNN\results\classification_nnknn_rerun_20260601_103353\checkpoint_zebra_special_kfold_2_nnknn_retr.pth
[Stage1] Epoch 10 - Val Acc: 0.5455 | Val Loss: 0.6903
[Stage1] New best (epoch 10) Val Loss: 0.6903 — saved: D:\NN-kNN\results\classification_nnknn_rerun_20260601_103353\checkpoint_zebra_special_kfold_2_nnknn_retr.pth
[Stage1] Epoch 11 - Val Acc: 0.5455 | Val Loss: 0.6902
[Stage1] New best (epoch 11) Val Loss: 0.6902 — saved: D:\NN-kNN\results\classification_nnknn_rerun_20260601_103353\checkpoint_zebra_special_kfold_2_nnknn_retr.pth
[Stage1] Epoch 12 - Val Acc: 0.5455 | Val Loss: 0.6902
[Stage1] New best (epoch 12) Val Loss: 0.6902 — saved: D:\NN-kNN\results\classification_nnknn_rerun_20260601_103353\checkpoint_zebra_special_kfold_2_nnknn_retr.pth
[Stage1] Epoch 13 - Val Acc: 0.5455 | Val Loss: 0.6902
[Stage1] New best (epoch 13) Val Loss: 0.6902 — saved: D:\NN-kNN\results\classification_nnknn_rerun_20260601_103353\checkpoint_zebra_special_kfold_2_nnknn_retr.pth
[Stage1] Epoch 14 - Val Acc: 0.5455 | Val Loss: 0.6901
[Stage1] New best (epoch 14) Val Loss: 0.6901 — saved: D:\NN-kNN\results\classification_nnknn_rerun_20260601_103353\checkpoint_zebra_special_kfold_2_nnknn_retr.pth
[Stage1] Epoch 15 - Val Acc: 0.5455 | Val Loss: 0.6901
[Stage1] New best (epoch 15) Val Loss: 0.6901 — saved: D:\NN-kNN\results\classification_nnknn_rerun_20260601_103353\checkpoint_zebra_special_kfold_2_nnknn_retr.pth
[Stage1] Epoch 16 - Val Acc: 0.5455 | Val Loss: 0.6901
[Stage1] New best (epoch 16) Val Loss: 0.6901 — saved: D:\NN-kNN\results\classification_nnknn_rerun_20260601_103353\checkpoint_zebra_special_kfold_2_nnknn_retr.pth
[Stage1] Epoch 17 - Val Acc: 0.5455 | Val Loss: 0.6900
[Stage1] New best (epoch 17) Val Loss: 0.6900 — saved: D:\NN-kNN\results\classification_nnknn_rerun_20260601_103353\checkpoint_zebra_special_kfold_2_nnknn_retr.pth
[Stage1] Epoch 18 - Val Acc: 0.5455 | Val Loss: 0.6900
[Stage1] New best (epoch 18) Val Loss: 0.6900 — saved: D:\NN-kNN\results\classification_nnknn_rerun_20260601_103353\checkpoint_zebra_special_kfold_2_nnknn_retr.pth
[Stage1] Epoch 19 - Val Acc: 0.5455 | Val Loss: 0.6900
[Stage1] New best (epoch 19) Val Loss: 0.6900 — saved: D:\NN-kNN\results\classification_nnknn_rerun_20260601_103353\checkpoint_zebra_special_kfold_2_nnknn_retr.pth
[Stage1] Epoch 20 - Val Acc: 0.5455 | Val Loss: 0.6900
[Stage1] New best (epoch 20) Val Loss: 0.6900 — saved: D:\NN-kNN\results\classification_nnknn_rerun_20260601_103353\checkpoint_zebra_special_kfold_2_nnknn_retr.pth
[Stage1] Epoch 21 - Val Acc: 0.5455 | Val Loss: 0.6899
[Stage1] New best (epoch 21) Val Loss: 0.6899 — saved: D:\NN-kNN\results\classification_nnknn_rerun_20260601_103353\checkpoint_zebra_special_kfold_2_nnknn_retr.pth
[Stage1] Epoch 22 - Val Acc: 0.5455 | Val Loss: 0.6899
[Stage1] New best (epoch 22) Val Loss: 0.6899 — saved: D:\NN-kNN\results\classification_nnknn_rerun_20260601_103353\checkpoint_zebra_special_kfold_2_nnknn_retr.pth
[Stage1] Epoch 23 - Val Acc: 0.5455 | Val Loss: 0.6898
[Stage1] New best (epoch 23) Val Loss: 0.6898 — saved: D:\NN-kNN\results\classification_nnknn_rerun_20260601_103353\checkpoint_zebra_special_kfold_2_nnknn_retr.pth
[Stage1] Epoch 24 - Val Acc: 0.5455 | Val Loss: 0.6898
[Stage1] New best (epoch 24) Val Loss: 0.6898 — saved: D:\NN-kNN\results\classification_nnknn_rerun_20260601_103353\checkpoint_zebra_special_kfold_2_nnknn_retr.pth
[Stage1] Epoch 25 - Val Acc: 0.5455 | Val Loss: 0.6898
[Stage1] New best (epoch 25) Val Loss: 0.6898 — saved: D:\NN-kNN\results\classification_nnknn_rerun_20260601_103353\checkpoint_zebra_special_kfold_2_nnknn_retr.pth
[Stage1] Epoch 26 - Val Acc: 0.5455 | Val Loss: 0.6897
[Stage1] New best (epoch 26) Val Loss: 0.6897 — saved: D:\NN-kNN\results\classification_nnknn_rerun_20260601_103353\checkpoint_zebra_special_kfold_2_nnknn_retr.pth
[Stage1] Epoch 27 - Val Acc: 0.5455 | Val Loss: 0.6897
[Stage1] New best (epoch 27) Val Loss: 0.6897 — saved: D:\NN-kNN\results\classification_nnknn_rerun_20260601_103353\checkpoint_zebra_special_kfold_2_nnknn_retr.pth
[Stage1] Epoch 28 - Val Acc: 0.5455 | Val Loss: 0.6896
[Stage1] New best (epoch 28) Val Loss: 0.6896 — saved: D:\NN-kNN\results\classification_nnknn_rerun_20260601_103353\checkpoint_zebra_special_kfold_2_nnknn_retr.pth
[Stage1] Epoch 29 - Val Acc: 0.5455 | Val Loss: 0.6896
[Stage1] New best (epoch 29) Val Loss: 0.6896 — saved: D:\NN-kNN\results\classification_nnknn_rerun_20260601_103353\checkpoint_zebra_special_kfold_2_nnknn_retr.pth
[Stage1] Epoch 30 - Val Acc: 0.5455 | Val Loss: 0.6895
[Stage1] New best (epoch 30) Val Loss: 0.6895 — saved: D:\NN-kNN\results\classification_nnknn_rerun_20260601_103353\checkpoint_zebra_special_kfold_2_nnknn_retr.pth
[Stage1] Epoch 31 - Val Acc: 0.5455 | Val Loss: 0.6895
[Stage1] New best (epoch 31) Val Loss: 0.6895 — saved: D:\NN-kNN\results\classification_nnknn_rerun_20260601_103353\checkpoint_zebra_special_kfold_2_nnknn_retr.pth
[Stage1] Epoch 32 - Val Acc: 0.5455 | Val Loss: 0.6895
[Stage1] New best (epoch 32) Val Loss: 0.6895 — saved: D:\NN-kNN\results\classification_nnknn_rerun_20260601_103353\checkpoint_zebra_special_kfold_2_nnknn_retr.pth
[Stage1] Epoch 33 - Val Acc: 0.5455 | Val Loss: 0.6895
[Stage1] New best (epoch 33) Val Loss: 0.6895 — saved: D:\NN-kNN\results\classification_nnknn_rerun_20260601_103353\checkpoint_zebra_special_kfold_2_nnknn_retr.pth
[Stage1] Epoch 34 - Val Acc: 0.5455 | Val Loss: 0.6894
[Stage1] New best (epoch 34) Val Loss: 0.6894 — saved: D:\NN-kNN\results\classification_nnknn_rerun_20260601_103353\checkpoint_zebra_special_kfold_2_nnknn_retr.pth
[Stage1] Epoch 35 - Val Acc: 0.5455 | Val Loss: 0.6894
[Stage1] New best (epoch 35) Val Loss: 0.6894 — saved: D:\NN-kNN\results\classification_nnknn_rerun_20260601_103353\checkpoint_zebra_special_kfold_2_nnknn_retr.pth
[Stage1] Epoch 36 - Val Acc: 0.5455 | Val Loss: 0.6893
[Stage1] New best (epoch 36) Val Loss: 0.6893 — saved: D:\NN-kNN\results\classification_nnknn_rerun_20260601_103353\checkpoint_zebra_special_kfold_2_nnknn_retr.pth
[Stage1] Epoch 37 - Val Acc: 0.5455 | Val Loss: 0.6893
[Stage1] New best (epoch 37) Val Loss: 0.6893 — saved: D:\NN-kNN\results\classification_nnknn_rerun_20260601_103353\checkpoint_zebra_special_kfold_2_nnknn_retr.pth
[Stage1] Epoch 38 - Val Acc: 0.5455 | Val Loss: 0.6893
[Stage1] New best (epoch 38) Val Loss: 0.6893 — saved: D:\NN-kNN\results\classification_nnknn_rerun_20260601_103353\checkpoint_zebra_special_kfold_2_nnknn_retr.pth
[Stage1] Epoch 39 - Val Acc: 0.5455 | Val Loss: 0.6892
[Stage1] New best (epoch 39) Val Loss: 0.6892 — saved: D:\NN-kNN\results\classification_nnknn_rerun_20260601_103353\checkpoint_zebra_special_kfold_2_nnknn_retr.pth
[Stage1] Epoch 40 - Val Acc: 0.5000 | Val Loss: 0.6892
[Stage1] New best (epoch 40) Val Loss: 0.6892 — saved: D:\NN-kNN\results\classification_nnknn_rerun_20260601_103353\checkpoint_zebra_special_kfold_2_nnknn_retr.pth
[Stage1] Epoch 41 - Val Acc: 0.5000 | Val Loss: 0.6892
[Stage1] New best (epoch 41) Val Loss: 0.6892 — saved: D:\NN-kNN\results\classification_nnknn_rerun_20260601_103353\checkpoint_zebra_special_kfold_2_nnknn_retr.pth
[Stage1] Epoch 42 - Val Acc: 0.5000 | Val Loss: 0.6891
[Stage1] New best (epoch 42) Val Loss: 0.6891 — saved: D:\NN-kNN\results\classification_nnknn_rerun_20260601_103353\checkpoint_zebra_special_kfold_2_nnknn_retr.pth
[Stage1] Epoch 43 - Val Acc: 0.5000 | Val Loss: 0.6891
[Stage1] New best (epoch 43) Val Loss: 0.6891 — saved: D:\NN-kNN\results\classification_nnknn_rerun_20260601_103353\checkpoint_zebra_special_kfold_2_nnknn_retr.pth
[Stage1] Epoch 44 - Val Acc: 0.5000 | Val Loss: 0.6891
[Stage1] New best (epoch 44) Val Loss: 0.6891 — saved: D:\NN-kNN\results\classification_nnknn_rerun_20260601_103353\checkpoint_zebra_special_kfold_2_nnknn_retr.pth
[Stage1] Epoch 45 - Val Acc: 0.5000 | Val Loss: 0.6890
[Stage1] New best (epoch 45) Val Loss: 0.6890 — saved: D:\NN-kNN\results\classification_nnknn_rerun_20260601_103353\checkpoint_zebra_special_kfold_2_nnknn_retr.pth
[Stage1] Epoch 46 - Val Acc: 0.5000 | Val Loss: 0.6890
[Stage1] New best (epoch 46) Val Loss: 0.6890 — saved: D:\NN-kNN\results\classification_nnknn_rerun_20260601_103353\checkpoint_zebra_special_kfold_2_nnknn_retr.pth
[Stage1] Epoch 47 - Val Acc: 0.5000 | Val Loss: 0.6889
[Stage1] New best (epoch 47) Val Loss: 0.6889 — saved: D:\NN-kNN\results\classification_nnknn_rerun_20260601_103353\checkpoint_zebra_special_kfold_2_nnknn_retr.pth
[Stage1] Epoch 48 - Val Acc: 0.5000 | Val Loss: 0.6889
[Stage1] New best (epoch 48) Val Loss: 0.6889 — saved: D:\NN-kNN\results\classification_nnknn_rerun_20260601_103353\checkpoint_zebra_special_kfold_2_nnknn_retr.pth
[Stage1] Epoch 49 - Val Acc: 0.5000 | Val Loss: 0.6888
[Stage1] New best (epoch 49) Val Loss: 0.6888 — saved: D:\NN-kNN\results\classification_nnknn_rerun_20260601_103353\checkpoint_zebra_special_kfold_2_nnknn_retr.pth
[Stage1] Epoch 50 - Val Acc: 0.5000 | Val Loss: 0.6888
[Stage1] New best (epoch 50) Val Loss: 0.6888 — saved: D:\NN-kNN\results\classification_nnknn_rerun_20260601_103353\checkpoint_zebra_special_kfold_2_nnknn_retr.pth

[Stage 2] Skipped: adapter not enabled.
Training completed. Best Acc or R2:  0.5
Final global feature weights: tensor([[0.4458, 0.5542]])
[classification benchmark] zebra_special method=nnknn
cases trainable: False
labels trainable: False
Number of feature extractor parameters: 0
Number of glocal weightor parameters: 1
torch.Size([1, 2])
Number of adapter parameters: 0
Number of case_net_params: 3
torch.Size([198])
torch.Size([198])
torch.Size([198, 1])
*****************
Training started for training_epochs epochs with batch size 32

[Stage 1] Retrieval-only training for up to 50 epochs (patience=20)
[Stage1] Epoch 1 - Val Acc: 0.7273 | Val Loss: 0.6937
[Stage1] New best (epoch 1) Val Loss: 0.6937 — saved: D:\NN-kNN\results\classification_nnknn_rerun_20260601_103353\checkpoint_zebra_special_kfold_3_nnknn_retr.pth
[Stage1] Epoch 2 - Val Acc: 0.7273 | Val Loss: 0.6937
[Stage1] New best (epoch 2) Val Loss: 0.6937 — saved: D:\NN-kNN\results\classification_nnknn_rerun_20260601_103353\checkpoint_zebra_special_kfold_3_nnknn_retr.pth
[Stage1] Epoch 3 - Val Acc: 0.7273 | Val Loss: 0.6937
[Stage1] No improv. Best so far: 0.6937 (epoch 2)
[Stage1] Epoch 4 - Val Acc: 0.7273 | Val Loss: 0.6937
[Stage1] No improv. Best so far: 0.6937 (epoch 2)
[Stage1] Epoch 5 - Val Acc: 0.7273 | Val Loss: 0.6937
[Stage1] New best (epoch 5) Val Loss: 0.6937 — saved: D:\NN-kNN\results\classification_nnknn_rerun_20260601_103353\checkpoint_zebra_special_kfold_3_nnknn_retr.pth
[Stage1] Epoch 6 - Val Acc: 0.7273 | Val Loss: 0.6937
[Stage1] New best (epoch 6) Val Loss: 0.6937 — saved: D:\NN-kNN\results\classification_nnknn_rerun_20260601_103353\checkpoint_zebra_special_kfold_3_nnknn_retr.pth
[Stage1] Epoch 7 - Val Acc: 0.7273 | Val Loss: 0.6937
[Stage1] New best (epoch 7) Val Loss: 0.6937 — saved: D:\NN-kNN\results\classification_nnknn_rerun_20260601_103353\checkpoint_zebra_special_kfold_3_nnknn_retr.pth
[Stage1] Epoch 8 - Val Acc: 0.7273 | Val Loss: 0.6936
[Stage1] New best (epoch 8) Val Loss: 0.6936 — saved: D:\NN-kNN\results\classification_nnknn_rerun_20260601_103353\checkpoint_zebra_special_kfold_3_nnknn_retr.pth
[Stage1] Epoch 9 - Val Acc: 0.7273 | Val Loss: 0.6937
[Stage1] No improv. Best so far: 0.6936 (epoch 8)
[Stage1] Epoch 10 - Val Acc: 0.7273 | Val Loss: 0.6936
[Stage1] New best (epoch 10) Val Loss: 0.6936 — saved: D:\NN-kNN\results\classification_nnknn_rerun_20260601_103353\checkpoint_zebra_special_kfold_3_nnknn_retr.pth
[Stage1] Epoch 11 - Val Acc: 0.7273 | Val Loss: 0.6936
[Stage1] No improv. Best so far: 0.6936 (epoch 10)
[Stage1] Epoch 12 - Val Acc: 0.7273 | Val Loss: 0.6936
[Stage1] No improv. Best so far: 0.6936 (epoch 10)
[Stage1] Epoch 13 - Val Acc: 0.7273 | Val Loss: 0.6937
[Stage1] No improv. Best so far: 0.6936 (epoch 10)
[Stage1] Epoch 14 - Val Acc: 0.7273 | Val Loss: 0.6936
[Stage1] New best (epoch 14) Val Loss: 0.6936 — saved: D:\NN-kNN\results\classification_nnknn_rerun_20260601_103353\checkpoint_zebra_special_kfold_3_nnknn_retr.pth
[Stage1] Epoch 15 - Val Acc: 0.7273 | Val Loss: 0.6936
[Stage1] No improv. Best so far: 0.6936 (epoch 14)
[Stage1] Epoch 16 - Val Acc: 0.7273 | Val Loss: 0.6936
[Stage1] No improv. Best so far: 0.6936 (epoch 14)
[Stage1] Epoch 17 - Val Acc: 0.7273 | Val Loss: 0.6936
[Stage1] New best (epoch 17) Val Loss: 0.6936 — saved: D:\NN-kNN\results\classification_nnknn_rerun_20260601_103353\checkpoint_zebra_special_kfold_3_nnknn_retr.pth
[Stage1] Epoch 18 - Val Acc: 0.7273 | Val Loss: 0.6936
[Stage1] New best (epoch 18) Val Loss: 0.6936 — saved: D:\NN-kNN\results\classification_nnknn_rerun_20260601_103353\checkpoint_zebra_special_kfold_3_nnknn_retr.pth
[Stage1] Epoch 19 - Val Acc: 0.7273 | Val Loss: 0.6936
[Stage1] No improv. Best so far: 0.6936 (epoch 18)
[Stage1] Epoch 20 - Val Acc: 0.7273 | Val Loss: 0.6936
[Stage1] No improv. Best so far: 0.6936 (epoch 18)
[Stage1] Epoch 21 - Val Acc: 0.7273 | Val Loss: 0.6936
[Stage1] New best (epoch 21) Val Loss: 0.6936 — saved: D:\NN-kNN\results\classification_nnknn_rerun_20260601_103353\checkpoint_zebra_special_kfold_3_nnknn_retr.pth
[Stage1] Epoch 22 - Val Acc: 0.7273 | Val Loss: 0.6936
[Stage1] No improv. Best so far: 0.6936 (epoch 21)
[Stage1] Epoch 23 - Val Acc: 0.7273 | Val Loss: 0.6936
[Stage1] No improv. Best so far: 0.6936 (epoch 21)
[Stage1] Epoch 24 - Val Acc: 0.7273 | Val Loss: 0.6937
[Stage1] No improv. Best so far: 0.6936 (epoch 21)
[Stage1] Epoch 25 - Val Acc: 0.7273 | Val Loss: 0.6937
[Stage1] No improv. Best so far: 0.6936 (epoch 21)
[Stage1] Epoch 26 - Val Acc: 0.7273 | Val Loss: 0.6936
[Stage1] No improv. Best so far: 0.6936 (epoch 21)
[Stage1] Epoch 27 - Val Acc: 0.7273 | Val Loss: 0.6937
[Stage1] No improv. Best so far: 0.6936 (epoch 21)
[Stage1] Epoch 28 - Val Acc: 0.7273 | Val Loss: 0.6936
[Stage1] No improv. Best so far: 0.6936 (epoch 21)
[Stage1] Epoch 29 - Val Acc: 0.7273 | Val Loss: 0.6937
[Stage1] No improv. Best so far: 0.6936 (epoch 21)
[Stage1] Epoch 30 - Val Acc: 0.7273 | Val Loss: 0.6936
[Stage1] No improv. Best so far: 0.6936 (epoch 21)
[Stage1] Epoch 31 - Val Acc: 0.7273 | Val Loss: 0.6937
[Stage1] No improv. Best so far: 0.6936 (epoch 21)
[Stage1] Epoch 32 - Val Acc: 0.7273 | Val Loss: 0.6937
[Stage1] No improv. Best so far: 0.6936 (epoch 21)
[Stage1] Epoch 33 - Val Acc: 0.7273 | Val Loss: 0.6937
[Stage1] No improv. Best so far: 0.6936 (epoch 21)
[Stage1] Epoch 34 - Val Acc: 0.7273 | Val Loss: 0.6937
[Stage1] No improv. Best so far: 0.6936 (epoch 21)
[Stage1] Epoch 35 - Val Acc: 0.7273 | Val Loss: 0.6937
[Stage1] No improv. Best so far: 0.6936 (epoch 21)
[Stage1] Epoch 36 - Val Acc: 0.7273 | Val Loss: 0.6936
[Stage1] No improv. Best so far: 0.6936 (epoch 21)
[Stage1] Epoch 37 - Val Acc: 0.7273 | Val Loss: 0.6936
[Stage1] No improv. Best so far: 0.6936 (epoch 21)
[Stage1] Epoch 38 - Val Acc: 0.7273 | Val Loss: 0.6936
[Stage1] No improv. Best so far: 0.6936 (epoch 21)
[Stage1] Epoch 39 - Val Acc: 0.7273 | Val Loss: 0.6937
[Stage1] No improv. Best so far: 0.6936 (epoch 21)
[Stage1] Epoch 40 - Val Acc: 0.7273 | Val Loss: 0.6937
[Stage1] No improv. Best so far: 0.6936 (epoch 21)
[Stage1] Epoch 41 - Val Acc: 0.7273 | Val Loss: 0.6937
[Stage1] No improv. Best so far: 0.6936 (epoch 21)
[Stage1] Epoch 42 - Val Acc: 0.7273 | Val Loss: 0.6937
[Stage1] No improv. Best so far: 0.6936 (epoch 21)
[Stage1] Patience exceeded. Restoring best retrieval model.

[Stage 2] Skipped: adapter not enabled.
Training completed. Best Acc or R2:  0.7272727272727273
Final global feature weights: tensor([[0.4742, 0.5258]])
[classification benchmark] zebra_special method=nnknn
cases trainable: False
labels trainable: False
Number of feature extractor parameters: 0
Number of glocal weightor parameters: 1
torch.Size([1, 2])
Number of adapter parameters: 0
Number of case_net_params: 3
torch.Size([198])
torch.Size([198])
torch.Size([198, 1])
*****************
Training started for training_epochs epochs with batch size 32

[Stage 1] Retrieval-only training for up to 50 epochs (patience=20)
[Stage1] Epoch 1 - Val Acc: 0.5000 | Val Loss: 0.7112
[Stage1] New best (epoch 1) Val Loss: 0.7112 — saved: D:\NN-kNN\results\classification_nnknn_rerun_20260601_103353\checkpoint_zebra_special_kfold_4_nnknn_retr.pth
[Stage1] Epoch 2 - Val Acc: 0.5000 | Val Loss: 0.7112
[Stage1] New best (epoch 2) Val Loss: 0.7112 — saved: D:\NN-kNN\results\classification_nnknn_rerun_20260601_103353\checkpoint_zebra_special_kfold_4_nnknn_retr.pth
[Stage1] Epoch 3 - Val Acc: 0.5000 | Val Loss: 0.7112
[Stage1] No improv. Best so far: 0.7112 (epoch 2)
[Stage1] Epoch 4 - Val Acc: 0.5000 | Val Loss: 0.7112
[Stage1] No improv. Best so far: 0.7112 (epoch 2)
[Stage1] Epoch 5 - Val Acc: 0.5000 | Val Loss: 0.7112
[Stage1] New best (epoch 5) Val Loss: 0.7112 — saved: D:\NN-kNN\results\classification_nnknn_rerun_20260601_103353\checkpoint_zebra_special_kfold_4_nnknn_retr.pth
[Stage1] Epoch 6 - Val Acc: 0.5000 | Val Loss: 0.7112
[Stage1] New best (epoch 6) Val Loss: 0.7112 — saved: D:\NN-kNN\results\classification_nnknn_rerun_20260601_103353\checkpoint_zebra_special_kfold_4_nnknn_retr.pth
[Stage1] Epoch 7 - Val Acc: 0.5000 | Val Loss: 0.7112
[Stage1] New best (epoch 7) Val Loss: 0.7112 — saved: D:\NN-kNN\results\classification_nnknn_rerun_20260601_103353\checkpoint_zebra_special_kfold_4_nnknn_retr.pth
[Stage1] Epoch 8 - Val Acc: 0.5000 | Val Loss: 0.7112
[Stage1] New best (epoch 8) Val Loss: 0.7112 — saved: D:\NN-kNN\results\classification_nnknn_rerun_20260601_103353\checkpoint_zebra_special_kfold_4_nnknn_retr.pth
[Stage1] Epoch 9 - Val Acc: 0.5000 | Val Loss: 0.7112
[Stage1] New best (epoch 9) Val Loss: 0.7112 — saved: D:\NN-kNN\results\classification_nnknn_rerun_20260601_103353\checkpoint_zebra_special_kfold_4_nnknn_retr.pth
[Stage1] Epoch 10 - Val Acc: 0.5000 | Val Loss: 0.7111
[Stage1] New best (epoch 10) Val Loss: 0.7111 — saved: D:\NN-kNN\results\classification_nnknn_rerun_20260601_103353\checkpoint_zebra_special_kfold_4_nnknn_retr.pth
[Stage1] Epoch 11 - Val Acc: 0.5000 | Val Loss: 0.7111
[Stage1] New best (epoch 11) Val Loss: 0.7111 — saved: D:\NN-kNN\results\classification_nnknn_rerun_20260601_103353\checkpoint_zebra_special_kfold_4_nnknn_retr.pth
[Stage1] Epoch 12 - Val Acc: 0.5000 | Val Loss: 0.7111
[Stage1] New best (epoch 12) Val Loss: 0.7111 — saved: D:\NN-kNN\results\classification_nnknn_rerun_20260601_103353\checkpoint_zebra_special_kfold_4_nnknn_retr.pth
[Stage1] Epoch 13 - Val Acc: 0.5000 | Val Loss: 0.7111
[Stage1] New best (epoch 13) Val Loss: 0.7111 — saved: D:\NN-kNN\results\classification_nnknn_rerun_20260601_103353\checkpoint_zebra_special_kfold_4_nnknn_retr.pth
[Stage1] Epoch 14 - Val Acc: 0.5000 | Val Loss: 0.7111
[Stage1] New best (epoch 14) Val Loss: 0.7111 — saved: D:\NN-kNN\results\classification_nnknn_rerun_20260601_103353\checkpoint_zebra_special_kfold_4_nnknn_retr.pth
[Stage1] Epoch 15 - Val Acc: 0.5000 | Val Loss: 0.7111
[Stage1] New best (epoch 15) Val Loss: 0.7111 — saved: D:\NN-kNN\results\classification_nnknn_rerun_20260601_103353\checkpoint_zebra_special_kfold_4_nnknn_retr.pth
[Stage1] Epoch 16 - Val Acc: 0.5000 | Val Loss: 0.7110
[Stage1] New best (epoch 16) Val Loss: 0.7110 — saved: D:\NN-kNN\results\classification_nnknn_rerun_20260601_103353\checkpoint_zebra_special_kfold_4_nnknn_retr.pth
[Stage1] Epoch 17 - Val Acc: 0.5000 | Val Loss: 0.7110
[Stage1] New best (epoch 17) Val Loss: 0.7110 — saved: D:\NN-kNN\results\classification_nnknn_rerun_20260601_103353\checkpoint_zebra_special_kfold_4_nnknn_retr.pth
[Stage1] Epoch 18 - Val Acc: 0.5000 | Val Loss: 0.7110
[Stage1] New best (epoch 18) Val Loss: 0.7110 — saved: D:\NN-kNN\results\classification_nnknn_rerun_20260601_103353\checkpoint_zebra_special_kfold_4_nnknn_retr.pth
[Stage1] Epoch 19 - Val Acc: 0.5000 | Val Loss: 0.7110
[Stage1] New best (epoch 19) Val Loss: 0.7110 — saved: D:\NN-kNN\results\classification_nnknn_rerun_20260601_103353\checkpoint_zebra_special_kfold_4_nnknn_retr.pth
[Stage1] Epoch 20 - Val Acc: 0.5000 | Val Loss: 0.7110
[Stage1] No improv. Best so far: 0.7110 (epoch 19)
[Stage1] Epoch 21 - Val Acc: 0.5000 | Val Loss: 0.7110
[Stage1] New best (epoch 21) Val Loss: 0.7110 — saved: D:\NN-kNN\results\classification_nnknn_rerun_20260601_103353\checkpoint_zebra_special_kfold_4_nnknn_retr.pth
[Stage1] Epoch 22 - Val Acc: 0.5000 | Val Loss: 0.7110
[Stage1] No improv. Best so far: 0.7110 (epoch 21)
[Stage1] Epoch 23 - Val Acc: 0.5000 | Val Loss: 0.7110
[Stage1] New best (epoch 23) Val Loss: 0.7110 — saved: D:\NN-kNN\results\classification_nnknn_rerun_20260601_103353\checkpoint_zebra_special_kfold_4_nnknn_retr.pth
[Stage1] Epoch 24 - Val Acc: 0.5000 | Val Loss: 0.7110
[Stage1] No improv. Best so far: 0.7110 (epoch 23)
[Stage1] Epoch 25 - Val Acc: 0.5000 | Val Loss: 0.7110
[Stage1] New best (epoch 25) Val Loss: 0.7110 — saved: D:\NN-kNN\results\classification_nnknn_rerun_20260601_103353\checkpoint_zebra_special_kfold_4_nnknn_retr.pth
[Stage1] Epoch 26 - Val Acc: 0.5000 | Val Loss: 0.7110
[Stage1] New best (epoch 26) Val Loss: 0.7110 — saved: D:\NN-kNN\results\classification_nnknn_rerun_20260601_103353\checkpoint_zebra_special_kfold_4_nnknn_retr.pth
[Stage1] Epoch 27 - Val Acc: 0.5000 | Val Loss: 0.7109
[Stage1] New best (epoch 27) Val Loss: 0.7109 — saved: D:\NN-kNN\results\classification_nnknn_rerun_20260601_103353\checkpoint_zebra_special_kfold_4_nnknn_retr.pth
[Stage1] Epoch 28 - Val Acc: 0.5000 | Val Loss: 0.7109
[Stage1] New best (epoch 28) Val Loss: 0.7109 — saved: D:\NN-kNN\results\classification_nnknn_rerun_20260601_103353\checkpoint_zebra_special_kfold_4_nnknn_retr.pth
[Stage1] Epoch 29 - Val Acc: 0.5000 | Val Loss: 0.7109
[Stage1] New best (epoch 29) Val Loss: 0.7109 — saved: D:\NN-kNN\results\classification_nnknn_rerun_20260601_103353\checkpoint_zebra_special_kfold_4_nnknn_retr.pth
[Stage1] Epoch 30 - Val Acc: 0.5000 | Val Loss: 0.7109
[Stage1] New best (epoch 30) Val Loss: 0.7109 — saved: D:\NN-kNN\results\classification_nnknn_rerun_20260601_103353\checkpoint_zebra_special_kfold_4_nnknn_retr.pth
[Stage1] Epoch 31 - Val Acc: 0.5000 | Val Loss: 0.7108
[Stage1] New best (epoch 31) Val Loss: 0.7108 — saved: D:\NN-kNN\results\classification_nnknn_rerun_20260601_103353\checkpoint_zebra_special_kfold_4_nnknn_retr.pth
[Stage1] Epoch 32 - Val Acc: 0.5000 | Val Loss: 0.7108
[Stage1] New best (epoch 32) Val Loss: 0.7108 — saved: D:\NN-kNN\results\classification_nnknn_rerun_20260601_103353\checkpoint_zebra_special_kfold_4_nnknn_retr.pth
[Stage1] Epoch 33 - Val Acc: 0.5000 | Val Loss: 0.7108
[Stage1] New best (epoch 33) Val Loss: 0.7108 — saved: D:\NN-kNN\results\classification_nnknn_rerun_20260601_103353\checkpoint_zebra_special_kfold_4_nnknn_retr.pth
[Stage1] Epoch 34 - Val Acc: 0.5000 | Val Loss: 0.7107
[Stage1] New best (epoch 34) Val Loss: 0.7107 — saved: D:\NN-kNN\results\classification_nnknn_rerun_20260601_103353\checkpoint_zebra_special_kfold_4_nnknn_retr.pth
[Stage1] Epoch 35 - Val Acc: 0.5000 | Val Loss: 0.7107
[Stage1] New best (epoch 35) Val Loss: 0.7107 — saved: D:\NN-kNN\results\classification_nnknn_rerun_20260601_103353\checkpoint_zebra_special_kfold_4_nnknn_retr.pth
[Stage1] Epoch 36 - Val Acc: 0.5000 | Val Loss: 0.7107
[Stage1] New best (epoch 36) Val Loss: 0.7107 — saved: D:\NN-kNN\results\classification_nnknn_rerun_20260601_103353\checkpoint_zebra_special_kfold_4_nnknn_retr.pth
[Stage1] Epoch 37 - Val Acc: 0.5000 | Val Loss: 0.7106
[Stage1] New best (epoch 37) Val Loss: 0.7106 — saved: D:\NN-kNN\results\classification_nnknn_rerun_20260601_103353\checkpoint_zebra_special_kfold_4_nnknn_retr.pth
[Stage1] Epoch 38 - Val Acc: 0.5000 | Val Loss: 0.7106
[Stage1] New best (epoch 38) Val Loss: 0.7106 — saved: D:\NN-kNN\results\classification_nnknn_rerun_20260601_103353\checkpoint_zebra_special_kfold_4_nnknn_retr.pth
[Stage1] Epoch 39 - Val Acc: 0.5000 | Val Loss: 0.7106
[Stage1] New best (epoch 39) Val Loss: 0.7106 — saved: D:\NN-kNN\results\classification_nnknn_rerun_20260601_103353\checkpoint_zebra_special_kfold_4_nnknn_retr.pth
[Stage1] Epoch 40 - Val Acc: 0.5000 | Val Loss: 0.7106
[Stage1] New best (epoch 40) Val Loss: 0.7106 — saved: D:\NN-kNN\results\classification_nnknn_rerun_20260601_103353\checkpoint_zebra_special_kfold_4_nnknn_retr.pth
[Stage1] Epoch 41 - Val Acc: 0.5000 | Val Loss: 0.7105
[Stage1] New best (epoch 41) Val Loss: 0.7105 — saved: D:\NN-kNN\results\classification_nnknn_rerun_20260601_103353\checkpoint_zebra_special_kfold_4_nnknn_retr.pth
[Stage1] Epoch 42 - Val Acc: 0.5000 | Val Loss: 0.7105
[Stage1] New best (epoch 42) Val Loss: 0.7105 — saved: D:\NN-kNN\results\classification_nnknn_rerun_20260601_103353\checkpoint_zebra_special_kfold_4_nnknn_retr.pth
[Stage1] Epoch 43 - Val Acc: 0.5000 | Val Loss: 0.7105
[Stage1] New best (epoch 43) Val Loss: 0.7105 — saved: D:\NN-kNN\results\classification_nnknn_rerun_20260601_103353\checkpoint_zebra_special_kfold_4_nnknn_retr.pth
[Stage1] Epoch 44 - Val Acc: 0.5000 | Val Loss: 0.7105
[Stage1] New best (epoch 44) Val Loss: 0.7105 — saved: D:\NN-kNN\results\classification_nnknn_rerun_20260601_103353\checkpoint_zebra_special_kfold_4_nnknn_retr.pth
[Stage1] Epoch 45 - Val Acc: 0.5000 | Val Loss: 0.7104
[Stage1] New best (epoch 45) Val Loss: 0.7104 — saved: D:\NN-kNN\results\classification_nnknn_rerun_20260601_103353\checkpoint_zebra_special_kfold_4_nnknn_retr.pth
[Stage1] Epoch 46 - Val Acc: 0.5000 | Val Loss: 0.7104
[Stage1] New best (epoch 46) Val Loss: 0.7104 — saved: D:\NN-kNN\results\classification_nnknn_rerun_20260601_103353\checkpoint_zebra_special_kfold_4_nnknn_retr.pth
[Stage1] Epoch 47 - Val Acc: 0.5000 | Val Loss: 0.7104
[Stage1] New best (epoch 47) Val Loss: 0.7104 — saved: D:\NN-kNN\results\classification_nnknn_rerun_20260601_103353\checkpoint_zebra_special_kfold_4_nnknn_retr.pth
[Stage1] Epoch 48 - Val Acc: 0.5000 | Val Loss: 0.7103
[Stage1] New best (epoch 48) Val Loss: 0.7103 — saved: D:\NN-kNN\results\classification_nnknn_rerun_20260601_103353\checkpoint_zebra_special_kfold_4_nnknn_retr.pth
[Stage1] Epoch 49 - Val Acc: 0.5000 | Val Loss: 0.7103
[Stage1] New best (epoch 49) Val Loss: 0.7103 — saved: D:\NN-kNN\results\classification_nnknn_rerun_20260601_103353\checkpoint_zebra_special_kfold_4_nnknn_retr.pth
[Stage1] Epoch 50 - Val Acc: 0.5000 | Val Loss: 0.7103
[Stage1] New best (epoch 50) Val Loss: 0.7103 — saved: D:\NN-kNN\results\classification_nnknn_rerun_20260601_103353\checkpoint_zebra_special_kfold_4_nnknn_retr.pth

[Stage 2] Skipped: adapter not enabled.
Training completed. Best Acc or R2:  0.5
Final global feature weights: tensor([[0.4419, 0.5581]])
[classification benchmark] zebra_special method=nnknn
cases trainable: False
labels trainable: False
Number of feature extractor parameters: 0
Number of glocal weightor parameters: 1
torch.Size([1, 2])
Number of adapter parameters: 0
Number of case_net_params: 3
torch.Size([198])
torch.Size([198])
torch.Size([198, 1])
*****************
Training started for training_epochs epochs with batch size 32

[Stage 1] Retrieval-only training for up to 50 epochs (patience=20)
[Stage1] Epoch 1 - Val Acc: 0.5000 | Val Loss: 0.6915
[Stage1] New best (epoch 1) Val Loss: 0.6915 — saved: D:\NN-kNN\results\classification_nnknn_rerun_20260601_103353\checkpoint_zebra_special_kfold_5_nnknn_retr.pth
[Stage1] Epoch 2 - Val Acc: 0.5000 | Val Loss: 0.6915
[Stage1] New best (epoch 2) Val Loss: 0.6915 — saved: D:\NN-kNN\results\classification_nnknn_rerun_20260601_103353\checkpoint_zebra_special_kfold_5_nnknn_retr.pth
[Stage1] Epoch 3 - Val Acc: 0.5000 | Val Loss: 0.6914
[Stage1] New best (epoch 3) Val Loss: 0.6914 — saved: D:\NN-kNN\results\classification_nnknn_rerun_20260601_103353\checkpoint_zebra_special_kfold_5_nnknn_retr.pth
[Stage1] Epoch 4 - Val Acc: 0.4545 | Val Loss: 0.6914
[Stage1] No improv. Best so far: 0.6914 (epoch 3)
[Stage1] Epoch 5 - Val Acc: 0.4545 | Val Loss: 0.6914
[Stage1] New best (epoch 5) Val Loss: 0.6914 — saved: D:\NN-kNN\results\classification_nnknn_rerun_20260601_103353\checkpoint_zebra_special_kfold_5_nnknn_retr.pth
[Stage1] Epoch 6 - Val Acc: 0.4545 | Val Loss: 0.6914
[Stage1] New best (epoch 6) Val Loss: 0.6914 — saved: D:\NN-kNN\results\classification_nnknn_rerun_20260601_103353\checkpoint_zebra_special_kfold_5_nnknn_retr.pth
[Stage1] Epoch 7 - Val Acc: 0.4545 | Val Loss: 0.6914
[Stage1] New best (epoch 7) Val Loss: 0.6914 — saved: D:\NN-kNN\results\classification_nnknn_rerun_20260601_103353\checkpoint_zebra_special_kfold_5_nnknn_retr.pth
[Stage1] Epoch 8 - Val Acc: 0.4545 | Val Loss: 0.6913
[Stage1] New best (epoch 8) Val Loss: 0.6913 — saved: D:\NN-kNN\results\classification_nnknn_rerun_20260601_103353\checkpoint_zebra_special_kfold_5_nnknn_retr.pth
[Stage1] Epoch 9 - Val Acc: 0.4545 | Val Loss: 0.6913
[Stage1] New best (epoch 9) Val Loss: 0.6913 — saved: D:\NN-kNN\results\classification_nnknn_rerun_20260601_103353\checkpoint_zebra_special_kfold_5_nnknn_retr.pth
[Stage1] Epoch 10 - Val Acc: 0.4545 | Val Loss: 0.6913
[Stage1] New best (epoch 10) Val Loss: 0.6913 — saved: D:\NN-kNN\results\classification_nnknn_rerun_20260601_103353\checkpoint_zebra_special_kfold_5_nnknn_retr.pth
[Stage1] Epoch 11 - Val Acc: 0.4545 | Val Loss: 0.6913
[Stage1] New best (epoch 11) Val Loss: 0.6913 — saved: D:\NN-kNN\results\classification_nnknn_rerun_20260601_103353\checkpoint_zebra_special_kfold_5_nnknn_retr.pth
[Stage1] Epoch 12 - Val Acc: 0.4545 | Val Loss: 0.6912
[Stage1] New best (epoch 12) Val Loss: 0.6912 — saved: D:\NN-kNN\results\classification_nnknn_rerun_20260601_103353\checkpoint_zebra_special_kfold_5_nnknn_retr.pth
[Stage1] Epoch 13 - Val Acc: 0.4545 | Val Loss: 0.6912
[Stage1] New best (epoch 13) Val Loss: 0.6912 — saved: D:\NN-kNN\results\classification_nnknn_rerun_20260601_103353\checkpoint_zebra_special_kfold_5_nnknn_retr.pth
[Stage1] Epoch 14 - Val Acc: 0.4545 | Val Loss: 0.6912
[Stage1] New best (epoch 14) Val Loss: 0.6912 — saved: D:\NN-kNN\results\classification_nnknn_rerun_20260601_103353\checkpoint_zebra_special_kfold_5_nnknn_retr.pth
[Stage1] Epoch 15 - Val Acc: 0.4545 | Val Loss: 0.6912
[Stage1] New best (epoch 15) Val Loss: 0.6912 — saved: D:\NN-kNN\results\classification_nnknn_rerun_20260601_103353\checkpoint_zebra_special_kfold_5_nnknn_retr.pth
[Stage1] Epoch 16 - Val Acc: 0.4545 | Val Loss: 0.6911
[Stage1] New best (epoch 16) Val Loss: 0.6911 — saved: D:\NN-kNN\results\classification_nnknn_rerun_20260601_103353\checkpoint_zebra_special_kfold_5_nnknn_retr.pth
[Stage1] Epoch 17 - Val Acc: 0.4545 | Val Loss: 0.6911
[Stage1] New best (epoch 17) Val Loss: 0.6911 — saved: D:\NN-kNN\results\classification_nnknn_rerun_20260601_103353\checkpoint_zebra_special_kfold_5_nnknn_retr.pth
[Stage1] Epoch 18 - Val Acc: 0.4545 | Val Loss: 0.6911
[Stage1] New best (epoch 18) Val Loss: 0.6911 — saved: D:\NN-kNN\results\classification_nnknn_rerun_20260601_103353\checkpoint_zebra_special_kfold_5_nnknn_retr.pth
[Stage1] Epoch 19 - Val Acc: 0.4545 | Val Loss: 0.6911
[Stage1] New best (epoch 19) Val Loss: 0.6911 — saved: D:\NN-kNN\results\classification_nnknn_rerun_20260601_103353\checkpoint_zebra_special_kfold_5_nnknn_retr.pth
[Stage1] Epoch 20 - Val Acc: 0.4545 | Val Loss: 0.6911
[Stage1] New best (epoch 20) Val Loss: 0.6911 — saved: D:\NN-kNN\results\classification_nnknn_rerun_20260601_103353\checkpoint_zebra_special_kfold_5_nnknn_retr.pth
[Stage1] Epoch 21 - Val Acc: 0.4545 | Val Loss: 0.6910
[Stage1] New best (epoch 21) Val Loss: 0.6910 — saved: D:\NN-kNN\results\classification_nnknn_rerun_20260601_103353\checkpoint_zebra_special_kfold_5_nnknn_retr.pth
[Stage1] Epoch 22 - Val Acc: 0.4545 | Val Loss: 0.6910
[Stage1] New best (epoch 22) Val Loss: 0.6910 — saved: D:\NN-kNN\results\classification_nnknn_rerun_20260601_103353\checkpoint_zebra_special_kfold_5_nnknn_retr.pth
[Stage1] Epoch 23 - Val Acc: 0.4545 | Val Loss: 0.6910
[Stage1] New best (epoch 23) Val Loss: 0.6910 — saved: D:\NN-kNN\results\classification_nnknn_rerun_20260601_103353\checkpoint_zebra_special_kfold_5_nnknn_retr.pth
[Stage1] Epoch 24 - Val Acc: 0.4545 | Val Loss: 0.6910
[Stage1] New best (epoch 24) Val Loss: 0.6910 — saved: D:\NN-kNN\results\classification_nnknn_rerun_20260601_103353\checkpoint_zebra_special_kfold_5_nnknn_retr.pth
[Stage1] Epoch 25 - Val Acc: 0.4545 | Val Loss: 0.6909
[Stage1] New best (epoch 25) Val Loss: 0.6909 — saved: D:\NN-kNN\results\classification_nnknn_rerun_20260601_103353\checkpoint_zebra_special_kfold_5_nnknn_retr.pth
[Stage1] Epoch 26 - Val Acc: 0.4545 | Val Loss: 0.6909
[Stage1] New best (epoch 26) Val Loss: 0.6909 — saved: D:\NN-kNN\results\classification_nnknn_rerun_20260601_103353\checkpoint_zebra_special_kfold_5_nnknn_retr.pth
[Stage1] Epoch 27 - Val Acc: 0.4545 | Val Loss: 0.6909
[Stage1] New best (epoch 27) Val Loss: 0.6909 — saved: D:\NN-kNN\results\classification_nnknn_rerun_20260601_103353\checkpoint_zebra_special_kfold_5_nnknn_retr.pth
[Stage1] Epoch 28 - Val Acc: 0.4545 | Val Loss: 0.6909
[Stage1] New best (epoch 28) Val Loss: 0.6909 — saved: D:\NN-kNN\results\classification_nnknn_rerun_20260601_103353\checkpoint_zebra_special_kfold_5_nnknn_retr.pth
[Stage1] Epoch 29 - Val Acc: 0.4545 | Val Loss: 0.6908
[Stage1] New best (epoch 29) Val Loss: 0.6908 — saved: D:\NN-kNN\results\classification_nnknn_rerun_20260601_103353\checkpoint_zebra_special_kfold_5_nnknn_retr.pth
[Stage1] Epoch 30 - Val Acc: 0.4545 | Val Loss: 0.6908
[Stage1] New best (epoch 30) Val Loss: 0.6908 — saved: D:\NN-kNN\results\classification_nnknn_rerun_20260601_103353\checkpoint_zebra_special_kfold_5_nnknn_retr.pth
[Stage1] Epoch 31 - Val Acc: 0.4545 | Val Loss: 0.6908
[Stage1] New best (epoch 31) Val Loss: 0.6908 — saved: D:\NN-kNN\results\classification_nnknn_rerun_20260601_103353\checkpoint_zebra_special_kfold_5_nnknn_retr.pth
[Stage1] Epoch 32 - Val Acc: 0.4545 | Val Loss: 0.6908
[Stage1] New best (epoch 32) Val Loss: 0.6908 — saved: D:\NN-kNN\results\classification_nnknn_rerun_20260601_103353\checkpoint_zebra_special_kfold_5_nnknn_retr.pth
[Stage1] Epoch 33 - Val Acc: 0.4545 | Val Loss: 0.6908
[Stage1] New best (epoch 33) Val Loss: 0.6908 — saved: D:\NN-kNN\results\classification_nnknn_rerun_20260601_103353\checkpoint_zebra_special_kfold_5_nnknn_retr.pth
[Stage1] Epoch 34 - Val Acc: 0.4545 | Val Loss: 0.6907
[Stage1] New best (epoch 34) Val Loss: 0.6907 — saved: D:\NN-kNN\results\classification_nnknn_rerun_20260601_103353\checkpoint_zebra_special_kfold_5_nnknn_retr.pth
[Stage1] Epoch 35 - Val Acc: 0.4545 | Val Loss: 0.6907
[Stage1] New best (epoch 35) Val Loss: 0.6907 — saved: D:\NN-kNN\results\classification_nnknn_rerun_20260601_103353\checkpoint_zebra_special_kfold_5_nnknn_retr.pth
[Stage1] Epoch 36 - Val Acc: 0.4545 | Val Loss: 0.6907
[Stage1] New best (epoch 36) Val Loss: 0.6907 — saved: D:\NN-kNN\results\classification_nnknn_rerun_20260601_103353\checkpoint_zebra_special_kfold_5_nnknn_retr.pth
[Stage1] Epoch 37 - Val Acc: 0.4545 | Val Loss: 0.6907
[Stage1] New best (epoch 37) Val Loss: 0.6907 — saved: D:\NN-kNN\results\classification_nnknn_rerun_20260601_103353\checkpoint_zebra_special_kfold_5_nnknn_retr.pth
[Stage1] Epoch 38 - Val Acc: 0.4545 | Val Loss: 0.6907
[Stage1] New best (epoch 38) Val Loss: 0.6907 — saved: D:\NN-kNN\results\classification_nnknn_rerun_20260601_103353\checkpoint_zebra_special_kfold_5_nnknn_retr.pth
[Stage1] Epoch 39 - Val Acc: 0.4545 | Val Loss: 0.6907
[Stage1] New best (epoch 39) Val Loss: 0.6907 — saved: D:\NN-kNN\results\classification_nnknn_rerun_20260601_103353\checkpoint_zebra_special_kfold_5_nnknn_retr.pth
[Stage1] Epoch 40 - Val Acc: 0.4545 | Val Loss: 0.6906
[Stage1] New best (epoch 40) Val Loss: 0.6906 — saved: D:\NN-kNN\results\classification_nnknn_rerun_20260601_103353\checkpoint_zebra_special_kfold_5_nnknn_retr.pth
[Stage1] Epoch 41 - Val Acc: 0.4545 | Val Loss: 0.6906
[Stage1] New best (epoch 41) Val Loss: 0.6906 — saved: D:\NN-kNN\results\classification_nnknn_rerun_20260601_103353\checkpoint_zebra_special_kfold_5_nnknn_retr.pth
[Stage1] Epoch 42 - Val Acc: 0.4545 | Val Loss: 0.6906
[Stage1] New best (epoch 42) Val Loss: 0.6906 — saved: D:\NN-kNN\results\classification_nnknn_rerun_20260601_103353\checkpoint_zebra_special_kfold_5_nnknn_retr.pth
[Stage1] Epoch 43 - Val Acc: 0.4545 | Val Loss: 0.6906
[Stage1] New best (epoch 43) Val Loss: 0.6906 — saved: D:\NN-kNN\results\classification_nnknn_rerun_20260601_103353\checkpoint_zebra_special_kfold_5_nnknn_retr.pth
[Stage1] Epoch 44 - Val Acc: 0.4545 | Val Loss: 0.6906
[Stage1] New best (epoch 44) Val Loss: 0.6906 — saved: D:\NN-kNN\results\classification_nnknn_rerun_20260601_103353\checkpoint_zebra_special_kfold_5_nnknn_retr.pth
[Stage1] Epoch 45 - Val Acc: 0.4545 | Val Loss: 0.6905
[Stage1] New best (epoch 45) Val Loss: 0.6905 — saved: D:\NN-kNN\results\classification_nnknn_rerun_20260601_103353\checkpoint_zebra_special_kfold_5_nnknn_retr.pth
[Stage1] Epoch 46 - Val Acc: 0.4545 | Val Loss: 0.6905
[Stage1] New best (epoch 46) Val Loss: 0.6905 — saved: D:\NN-kNN\results\classification_nnknn_rerun_20260601_103353\checkpoint_zebra_special_kfold_5_nnknn_retr.pth
[Stage1] Epoch 47 - Val Acc: 0.4545 | Val Loss: 0.6905
[Stage1] New best (epoch 47) Val Loss: 0.6905 — saved: D:\NN-kNN\results\classification_nnknn_rerun_20260601_103353\checkpoint_zebra_special_kfold_5_nnknn_retr.pth
[Stage1] Epoch 48 - Val Acc: 0.4545 | Val Loss: 0.6905
[Stage1] New best (epoch 48) Val Loss: 0.6905 — saved: D:\NN-kNN\results\classification_nnknn_rerun_20260601_103353\checkpoint_zebra_special_kfold_5_nnknn_retr.pth
[Stage1] Epoch 49 - Val Acc: 0.4545 | Val Loss: 0.6904
[Stage1] New best (epoch 49) Val Loss: 0.6904 — saved: D:\NN-kNN\results\classification_nnknn_rerun_20260601_103353\checkpoint_zebra_special_kfold_5_nnknn_retr.pth
[Stage1] Epoch 50 - Val Acc: 0.4545 | Val Loss: 0.6904
[Stage1] New best (epoch 50) Val Loss: 0.6904 — saved: D:\NN-kNN\results\classification_nnknn_rerun_20260601_103353\checkpoint_zebra_special_kfold_5_nnknn_retr.pth

[Stage 2] Skipped: adapter not enabled.
Training completed. Best Acc or R2:  0.45454545454545453
Final global feature weights: tensor([[0.4400, 0.5600]])
[classification benchmark] zebra_special method=nnknn
cases trainable: False
labels trainable: False
Number of feature extractor parameters: 0
Number of glocal weightor parameters: 1
torch.Size([1, 2])
Number of adapter parameters: 0
Number of case_net_params: 3
torch.Size([198])
torch.Size([198])
torch.Size([198, 1])
*****************
Training started for training_epochs epochs with batch size 32

[Stage 1] Retrieval-only training for up to 50 epochs (patience=20)
[Stage1] Epoch 1 - Val Acc: 0.5455 | Val Loss: 0.6740
[Stage1] New best (epoch 1) Val Loss: 0.6740 — saved: D:\NN-kNN\results\classification_nnknn_rerun_20260601_103353\checkpoint_zebra_special_kfold_6_nnknn_retr.pth
[Stage1] Epoch 2 - Val Acc: 0.5455 | Val Loss: 0.6740
[Stage1] No improv. Best so far: 0.6740 (epoch 1)
[Stage1] Epoch 3 - Val Acc: 0.5455 | Val Loss: 0.6740
[Stage1] No improv. Best so far: 0.6740 (epoch 1)
[Stage1] Epoch 4 - Val Acc: 0.5455 | Val Loss: 0.6740
[Stage1] New best (epoch 4) Val Loss: 0.6740 — saved: D:\NN-kNN\results\classification_nnknn_rerun_20260601_103353\checkpoint_zebra_special_kfold_6_nnknn_retr.pth
[Stage1] Epoch 5 - Val Acc: 0.5455 | Val Loss: 0.6739
[Stage1] New best (epoch 5) Val Loss: 0.6739 — saved: D:\NN-kNN\results\classification_nnknn_rerun_20260601_103353\checkpoint_zebra_special_kfold_6_nnknn_retr.pth
[Stage1] Epoch 6 - Val Acc: 0.5455 | Val Loss: 0.6739
[Stage1] New best (epoch 6) Val Loss: 0.6739 — saved: D:\NN-kNN\results\classification_nnknn_rerun_20260601_103353\checkpoint_zebra_special_kfold_6_nnknn_retr.pth
[Stage1] Epoch 7 - Val Acc: 0.5455 | Val Loss: 0.6739
[Stage1] New best (epoch 7) Val Loss: 0.6739 — saved: D:\NN-kNN\results\classification_nnknn_rerun_20260601_103353\checkpoint_zebra_special_kfold_6_nnknn_retr.pth
[Stage1] Epoch 8 - Val Acc: 0.5455 | Val Loss: 0.6739
[Stage1] New best (epoch 8) Val Loss: 0.6739 — saved: D:\NN-kNN\results\classification_nnknn_rerun_20260601_103353\checkpoint_zebra_special_kfold_6_nnknn_retr.pth
[Stage1] Epoch 9 - Val Acc: 0.5455 | Val Loss: 0.6739
[Stage1] No improv. Best so far: 0.6739 (epoch 8)
[Stage1] Epoch 10 - Val Acc: 0.5455 | Val Loss: 0.6739
[Stage1] New best (epoch 10) Val Loss: 0.6739 — saved: D:\NN-kNN\results\classification_nnknn_rerun_20260601_103353\checkpoint_zebra_special_kfold_6_nnknn_retr.pth
[Stage1] Epoch 11 - Val Acc: 0.5455 | Val Loss: 0.6738
[Stage1] New best (epoch 11) Val Loss: 0.6738 — saved: D:\NN-kNN\results\classification_nnknn_rerun_20260601_103353\checkpoint_zebra_special_kfold_6_nnknn_retr.pth
[Stage1] Epoch 12 - Val Acc: 0.5455 | Val Loss: 0.6738
[Stage1] New best (epoch 12) Val Loss: 0.6738 — saved: D:\NN-kNN\results\classification_nnknn_rerun_20260601_103353\checkpoint_zebra_special_kfold_6_nnknn_retr.pth
[Stage1] Epoch 13 - Val Acc: 0.5455 | Val Loss: 0.6738
[Stage1] New best (epoch 13) Val Loss: 0.6738 — saved: D:\NN-kNN\results\classification_nnknn_rerun_20260601_103353\checkpoint_zebra_special_kfold_6_nnknn_retr.pth
[Stage1] Epoch 14 - Val Acc: 0.5455 | Val Loss: 0.6737
[Stage1] New best (epoch 14) Val Loss: 0.6737 — saved: D:\NN-kNN\results\classification_nnknn_rerun_20260601_103353\checkpoint_zebra_special_kfold_6_nnknn_retr.pth
[Stage1] Epoch 15 - Val Acc: 0.5455 | Val Loss: 0.6737
[Stage1] New best (epoch 15) Val Loss: 0.6737 — saved: D:\NN-kNN\results\classification_nnknn_rerun_20260601_103353\checkpoint_zebra_special_kfold_6_nnknn_retr.pth
[Stage1] Epoch 16 - Val Acc: 0.5455 | Val Loss: 0.6737
[Stage1] No improv. Best so far: 0.6737 (epoch 15)
[Stage1] Epoch 17 - Val Acc: 0.5455 | Val Loss: 0.6737
[Stage1] No improv. Best so far: 0.6737 (epoch 15)
[Stage1] Epoch 18 - Val Acc: 0.5455 | Val Loss: 0.6737
[Stage1] New best (epoch 18) Val Loss: 0.6737 — saved: D:\NN-kNN\results\classification_nnknn_rerun_20260601_103353\checkpoint_zebra_special_kfold_6_nnknn_retr.pth
[Stage1] Epoch 19 - Val Acc: 0.5455 | Val Loss: 0.6737
[Stage1] No improv. Best so far: 0.6737 (epoch 18)
[Stage1] Epoch 20 - Val Acc: 0.5455 | Val Loss: 0.6737
[Stage1] No improv. Best so far: 0.6737 (epoch 18)
[Stage1] Epoch 21 - Val Acc: 0.5455 | Val Loss: 0.6737
[Stage1] New best (epoch 21) Val Loss: 0.6737 — saved: D:\NN-kNN\results\classification_nnknn_rerun_20260601_103353\checkpoint_zebra_special_kfold_6_nnknn_retr.pth
[Stage1] Epoch 22 - Val Acc: 0.5455 | Val Loss: 0.6737
[Stage1] New best (epoch 22) Val Loss: 0.6737 — saved: D:\NN-kNN\results\classification_nnknn_rerun_20260601_103353\checkpoint_zebra_special_kfold_6_nnknn_retr.pth
[Stage1] Epoch 23 - Val Acc: 0.5455 | Val Loss: 0.6737
[Stage1] New best (epoch 23) Val Loss: 0.6737 — saved: D:\NN-kNN\results\classification_nnknn_rerun_20260601_103353\checkpoint_zebra_special_kfold_6_nnknn_retr.pth
[Stage1] Epoch 24 - Val Acc: 0.5455 | Val Loss: 0.6737
[Stage1] New best (epoch 24) Val Loss: 0.6737 — saved: D:\NN-kNN\results\classification_nnknn_rerun_20260601_103353\checkpoint_zebra_special_kfold_6_nnknn_retr.pth
[Stage1] Epoch 25 - Val Acc: 0.5455 | Val Loss: 0.6737
[Stage1] New best (epoch 25) Val Loss: 0.6737 — saved: D:\NN-kNN\results\classification_nnknn_rerun_20260601_103353\checkpoint_zebra_special_kfold_6_nnknn_retr.pth
[Stage1] Epoch 26 - Val Acc: 0.5455 | Val Loss: 0.6736
[Stage1] New best (epoch 26) Val Loss: 0.6736 — saved: D:\NN-kNN\results\classification_nnknn_rerun_20260601_103353\checkpoint_zebra_special_kfold_6_nnknn_retr.pth
[Stage1] Epoch 27 - Val Acc: 0.5455 | Val Loss: 0.6736
[Stage1] New best (epoch 27) Val Loss: 0.6736 — saved: D:\NN-kNN\results\classification_nnknn_rerun_20260601_103353\checkpoint_zebra_special_kfold_6_nnknn_retr.pth
[Stage1] Epoch 28 - Val Acc: 0.5455 | Val Loss: 0.6736
[Stage1] No improv. Best so far: 0.6736 (epoch 27)
[Stage1] Epoch 29 - Val Acc: 0.5455 | Val Loss: 0.6736
[Stage1] No improv. Best so far: 0.6736 (epoch 27)
[Stage1] Epoch 30 - Val Acc: 0.5455 | Val Loss: 0.6736
[Stage1] New best (epoch 30) Val Loss: 0.6736 — saved: D:\NN-kNN\results\classification_nnknn_rerun_20260601_103353\checkpoint_zebra_special_kfold_6_nnknn_retr.pth
[Stage1] Epoch 31 - Val Acc: 0.5455 | Val Loss: 0.6736
[Stage1] New best (epoch 31) Val Loss: 0.6736 — saved: D:\NN-kNN\results\classification_nnknn_rerun_20260601_103353\checkpoint_zebra_special_kfold_6_nnknn_retr.pth
[Stage1] Epoch 32 - Val Acc: 0.5455 | Val Loss: 0.6735
[Stage1] New best (epoch 32) Val Loss: 0.6735 — saved: D:\NN-kNN\results\classification_nnknn_rerun_20260601_103353\checkpoint_zebra_special_kfold_6_nnknn_retr.pth
[Stage1] Epoch 33 - Val Acc: 0.5455 | Val Loss: 0.6735
[Stage1] New best (epoch 33) Val Loss: 0.6735 — saved: D:\NN-kNN\results\classification_nnknn_rerun_20260601_103353\checkpoint_zebra_special_kfold_6_nnknn_retr.pth
[Stage1] Epoch 34 - Val Acc: 0.5455 | Val Loss: 0.6735
[Stage1] New best (epoch 34) Val Loss: 0.6735 — saved: D:\NN-kNN\results\classification_nnknn_rerun_20260601_103353\checkpoint_zebra_special_kfold_6_nnknn_retr.pth
[Stage1] Epoch 35 - Val Acc: 0.5455 | Val Loss: 0.6735
[Stage1] New best (epoch 35) Val Loss: 0.6735 — saved: D:\NN-kNN\results\classification_nnknn_rerun_20260601_103353\checkpoint_zebra_special_kfold_6_nnknn_retr.pth
[Stage1] Epoch 36 - Val Acc: 0.5455 | Val Loss: 0.6735
[Stage1] New best (epoch 36) Val Loss: 0.6735 — saved: D:\NN-kNN\results\classification_nnknn_rerun_20260601_103353\checkpoint_zebra_special_kfold_6_nnknn_retr.pth
[Stage1] Epoch 37 - Val Acc: 0.5455 | Val Loss: 0.6734
[Stage1] New best (epoch 37) Val Loss: 0.6734 — saved: D:\NN-kNN\results\classification_nnknn_rerun_20260601_103353\checkpoint_zebra_special_kfold_6_nnknn_retr.pth
[Stage1] Epoch 38 - Val Acc: 0.5455 | Val Loss: 0.6734
[Stage1] New best (epoch 38) Val Loss: 0.6734 — saved: D:\NN-kNN\results\classification_nnknn_rerun_20260601_103353\checkpoint_zebra_special_kfold_6_nnknn_retr.pth
[Stage1] Epoch 39 - Val Acc: 0.5455 | Val Loss: 0.6734
[Stage1] New best (epoch 39) Val Loss: 0.6734 — saved: D:\NN-kNN\results\classification_nnknn_rerun_20260601_103353\checkpoint_zebra_special_kfold_6_nnknn_retr.pth
[Stage1] Epoch 40 - Val Acc: 0.5455 | Val Loss: 0.6734
[Stage1] New best (epoch 40) Val Loss: 0.6734 — saved: D:\NN-kNN\results\classification_nnknn_rerun_20260601_103353\checkpoint_zebra_special_kfold_6_nnknn_retr.pth
[Stage1] Epoch 41 - Val Acc: 0.5455 | Val Loss: 0.6733
[Stage1] New best (epoch 41) Val Loss: 0.6733 — saved: D:\NN-kNN\results\classification_nnknn_rerun_20260601_103353\checkpoint_zebra_special_kfold_6_nnknn_retr.pth
[Stage1] Epoch 42 - Val Acc: 0.5455 | Val Loss: 0.6733
[Stage1] New best (epoch 42) Val Loss: 0.6733 — saved: D:\NN-kNN\results\classification_nnknn_rerun_20260601_103353\checkpoint_zebra_special_kfold_6_nnknn_retr.pth
[Stage1] Epoch 43 - Val Acc: 0.5455 | Val Loss: 0.6733
[Stage1] New best (epoch 43) Val Loss: 0.6733 — saved: D:\NN-kNN\results\classification_nnknn_rerun_20260601_103353\checkpoint_zebra_special_kfold_6_nnknn_retr.pth
[Stage1] Epoch 44 - Val Acc: 0.5455 | Val Loss: 0.6732
[Stage1] New best (epoch 44) Val Loss: 0.6732 — saved: D:\NN-kNN\results\classification_nnknn_rerun_20260601_103353\checkpoint_zebra_special_kfold_6_nnknn_retr.pth
[Stage1] Epoch 45 - Val Acc: 0.5455 | Val Loss: 0.6732
[Stage1] New best (epoch 45) Val Loss: 0.6732 — saved: D:\NN-kNN\results\classification_nnknn_rerun_20260601_103353\checkpoint_zebra_special_kfold_6_nnknn_retr.pth
[Stage1] Epoch 46 - Val Acc: 0.5455 | Val Loss: 0.6732
[Stage1] New best (epoch 46) Val Loss: 0.6732 — saved: D:\NN-kNN\results\classification_nnknn_rerun_20260601_103353\checkpoint_zebra_special_kfold_6_nnknn_retr.pth
[Stage1] Epoch 47 - Val Acc: 0.5455 | Val Loss: 0.6732
[Stage1] New best (epoch 47) Val Loss: 0.6732 — saved: D:\NN-kNN\results\classification_nnknn_rerun_20260601_103353\checkpoint_zebra_special_kfold_6_nnknn_retr.pth
[Stage1] Epoch 48 - Val Acc: 0.5455 | Val Loss: 0.6731
[Stage1] New best (epoch 48) Val Loss: 0.6731 — saved: D:\NN-kNN\results\classification_nnknn_rerun_20260601_103353\checkpoint_zebra_special_kfold_6_nnknn_retr.pth
[Stage1] Epoch 49 - Val Acc: 0.5455 | Val Loss: 0.6731
[Stage1] New best (epoch 49) Val Loss: 0.6731 — saved: D:\NN-kNN\results\classification_nnknn_rerun_20260601_103353\checkpoint_zebra_special_kfold_6_nnknn_retr.pth
[Stage1] Epoch 50 - Val Acc: 0.5455 | Val Loss: 0.6730
[Stage1] New best (epoch 50) Val Loss: 0.6730 — saved: D:\NN-kNN\results\classification_nnknn_rerun_20260601_103353\checkpoint_zebra_special_kfold_6_nnknn_retr.pth

[Stage 2] Skipped: adapter not enabled.
Training completed. Best Acc or R2:  0.5454545454545454
Final global feature weights: tensor([[0.4365, 0.5635]])
[classification benchmark] zebra_special method=nnknn
cases trainable: False
labels trainable: False
Number of feature extractor parameters: 0
Number of glocal weightor parameters: 1
torch.Size([1, 2])
Number of adapter parameters: 0
Number of case_net_params: 3
torch.Size([198])
torch.Size([198])
torch.Size([198, 1])
*****************
Training started for training_epochs epochs with batch size 32

[Stage 1] Retrieval-only training for up to 50 epochs (patience=20)
[Stage1] Epoch 1 - Val Acc: 0.4091 | Val Loss: 0.7354
[Stage1] New best (epoch 1) Val Loss: 0.7354 — saved: D:\NN-kNN\results\classification_nnknn_rerun_20260601_103353\checkpoint_zebra_special_kfold_7_nnknn_retr.pth
[Stage1] Epoch 2 - Val Acc: 0.4091 | Val Loss: 0.7355
[Stage1] No improv. Best so far: 0.7354 (epoch 1)
[Stage1] Epoch 3 - Val Acc: 0.4091 | Val Loss: 0.7355
[Stage1] No improv. Best so far: 0.7354 (epoch 1)
[Stage1] Epoch 4 - Val Acc: 0.4091 | Val Loss: 0.7356
[Stage1] No improv. Best so far: 0.7354 (epoch 1)
[Stage1] Epoch 5 - Val Acc: 0.4091 | Val Loss: 0.7356
[Stage1] No improv. Best so far: 0.7354 (epoch 1)
[Stage1] Epoch 6 - Val Acc: 0.4091 | Val Loss: 0.7356
[Stage1] No improv. Best so far: 0.7354 (epoch 1)
[Stage1] Epoch 7 - Val Acc: 0.4091 | Val Loss: 0.7356
[Stage1] No improv. Best so far: 0.7354 (epoch 1)
[Stage1] Epoch 8 - Val Acc: 0.4091 | Val Loss: 0.7356
[Stage1] No improv. Best so far: 0.7354 (epoch 1)
[Stage1] Epoch 9 - Val Acc: 0.4091 | Val Loss: 0.7357
[Stage1] No improv. Best so far: 0.7354 (epoch 1)
[Stage1] Epoch 10 - Val Acc: 0.4091 | Val Loss: 0.7357
[Stage1] No improv. Best so far: 0.7354 (epoch 1)
[Stage1] Epoch 11 - Val Acc: 0.4091 | Val Loss: 0.7358
[Stage1] No improv. Best so far: 0.7354 (epoch 1)
[Stage1] Epoch 12 - Val Acc: 0.4091 | Val Loss: 0.7358
[Stage1] No improv. Best so far: 0.7354 (epoch 1)
[Stage1] Epoch 13 - Val Acc: 0.4091 | Val Loss: 0.7358
[Stage1] No improv. Best so far: 0.7354 (epoch 1)
[Stage1] Epoch 14 - Val Acc: 0.4091 | Val Loss: 0.7359
[Stage1] No improv. Best so far: 0.7354 (epoch 1)
[Stage1] Epoch 15 - Val Acc: 0.4091 | Val Loss: 0.7359
[Stage1] No improv. Best so far: 0.7354 (epoch 1)
[Stage1] Epoch 16 - Val Acc: 0.4091 | Val Loss: 0.7360
[Stage1] No improv. Best so far: 0.7354 (epoch 1)
[Stage1] Epoch 17 - Val Acc: 0.4091 | Val Loss: 0.7360
[Stage1] No improv. Best so far: 0.7354 (epoch 1)
[Stage1] Epoch 18 - Val Acc: 0.4091 | Val Loss: 0.7360
[Stage1] No improv. Best so far: 0.7354 (epoch 1)
[Stage1] Epoch 19 - Val Acc: 0.4091 | Val Loss: 0.7360
[Stage1] No improv. Best so far: 0.7354 (epoch 1)
[Stage1] Epoch 20 - Val Acc: 0.4091 | Val Loss: 0.7360
[Stage1] No improv. Best so far: 0.7354 (epoch 1)
[Stage1] Epoch 21 - Val Acc: 0.4091 | Val Loss: 0.7360
[Stage1] No improv. Best so far: 0.7354 (epoch 1)
[Stage1] Epoch 22 - Val Acc: 0.4091 | Val Loss: 0.7360
[Stage1] No improv. Best so far: 0.7354 (epoch 1)
[Stage1] Patience exceeded. Restoring best retrieval model.

[Stage 2] Skipped: adapter not enabled.
Training completed. Best Acc or R2:  0.4090909090909091
Final global feature weights: tensor([[0.4989, 0.5011]])
[classification benchmark] zebra_special method=nnknn
cases trainable: False
labels trainable: False
Number of feature extractor parameters: 0
Number of glocal weightor parameters: 1
torch.Size([1, 2])
Number of adapter parameters: 0
Number of case_net_params: 3
torch.Size([198])
torch.Size([198])
torch.Size([198, 1])
*****************
Training started for training_epochs epochs with batch size 32

[Stage 1] Retrieval-only training for up to 50 epochs (patience=20)
[Stage1] Epoch 1 - Val Acc: 0.4545 | Val Loss: 0.6895
[Stage1] New best (epoch 1) Val Loss: 0.6895 — saved: D:\NN-kNN\results\classification_nnknn_rerun_20260601_103353\checkpoint_zebra_special_kfold_8_nnknn_retr.pth
[Stage1] Epoch 2 - Val Acc: 0.4545 | Val Loss: 0.6895
[Stage1] New best (epoch 2) Val Loss: 0.6895 — saved: D:\NN-kNN\results\classification_nnknn_rerun_20260601_103353\checkpoint_zebra_special_kfold_8_nnknn_retr.pth
[Stage1] Epoch 3 - Val Acc: 0.4545 | Val Loss: 0.6894
[Stage1] New best (epoch 3) Val Loss: 0.6894 — saved: D:\NN-kNN\results\classification_nnknn_rerun_20260601_103353\checkpoint_zebra_special_kfold_8_nnknn_retr.pth
[Stage1] Epoch 4 - Val Acc: 0.4545 | Val Loss: 0.6894
[Stage1] New best (epoch 4) Val Loss: 0.6894 — saved: D:\NN-kNN\results\classification_nnknn_rerun_20260601_103353\checkpoint_zebra_special_kfold_8_nnknn_retr.pth
[Stage1] Epoch 5 - Val Acc: 0.4545 | Val Loss: 0.6894
[Stage1] New best (epoch 5) Val Loss: 0.6894 — saved: D:\NN-kNN\results\classification_nnknn_rerun_20260601_103353\checkpoint_zebra_special_kfold_8_nnknn_retr.pth
[Stage1] Epoch 6 - Val Acc: 0.4545 | Val Loss: 0.6893
[Stage1] New best (epoch 6) Val Loss: 0.6893 — saved: D:\NN-kNN\results\classification_nnknn_rerun_20260601_103353\checkpoint_zebra_special_kfold_8_nnknn_retr.pth
[Stage1] Epoch 7 - Val Acc: 0.4545 | Val Loss: 0.6893
[Stage1] New best (epoch 7) Val Loss: 0.6893 — saved: D:\NN-kNN\results\classification_nnknn_rerun_20260601_103353\checkpoint_zebra_special_kfold_8_nnknn_retr.pth
[Stage1] Epoch 8 - Val Acc: 0.4545 | Val Loss: 0.6892
[Stage1] New best (epoch 8) Val Loss: 0.6892 — saved: D:\NN-kNN\results\classification_nnknn_rerun_20260601_103353\checkpoint_zebra_special_kfold_8_nnknn_retr.pth
[Stage1] Epoch 9 - Val Acc: 0.4545 | Val Loss: 0.6892
[Stage1] New best (epoch 9) Val Loss: 0.6892 — saved: D:\NN-kNN\results\classification_nnknn_rerun_20260601_103353\checkpoint_zebra_special_kfold_8_nnknn_retr.pth
[Stage1] Epoch 10 - Val Acc: 0.4545 | Val Loss: 0.6892
[Stage1] New best (epoch 10) Val Loss: 0.6892 — saved: D:\NN-kNN\results\classification_nnknn_rerun_20260601_103353\checkpoint_zebra_special_kfold_8_nnknn_retr.pth
[Stage1] Epoch 11 - Val Acc: 0.4545 | Val Loss: 0.6891
[Stage1] New best (epoch 11) Val Loss: 0.6891 — saved: D:\NN-kNN\results\classification_nnknn_rerun_20260601_103353\checkpoint_zebra_special_kfold_8_nnknn_retr.pth
[Stage1] Epoch 12 - Val Acc: 0.4545 | Val Loss: 0.6891
[Stage1] New best (epoch 12) Val Loss: 0.6891 — saved: D:\NN-kNN\results\classification_nnknn_rerun_20260601_103353\checkpoint_zebra_special_kfold_8_nnknn_retr.pth
[Stage1] Epoch 13 - Val Acc: 0.4545 | Val Loss: 0.6891
[Stage1] New best (epoch 13) Val Loss: 0.6891 — saved: D:\NN-kNN\results\classification_nnknn_rerun_20260601_103353\checkpoint_zebra_special_kfold_8_nnknn_retr.pth
[Stage1] Epoch 14 - Val Acc: 0.4545 | Val Loss: 0.6891
[Stage1] New best (epoch 14) Val Loss: 0.6891 — saved: D:\NN-kNN\results\classification_nnknn_rerun_20260601_103353\checkpoint_zebra_special_kfold_8_nnknn_retr.pth
[Stage1] Epoch 15 - Val Acc: 0.4545 | Val Loss: 0.6890
[Stage1] New best (epoch 15) Val Loss: 0.6890 — saved: D:\NN-kNN\results\classification_nnknn_rerun_20260601_103353\checkpoint_zebra_special_kfold_8_nnknn_retr.pth
[Stage1] Epoch 16 - Val Acc: 0.4545 | Val Loss: 0.6890
[Stage1] New best (epoch 16) Val Loss: 0.6890 — saved: D:\NN-kNN\results\classification_nnknn_rerun_20260601_103353\checkpoint_zebra_special_kfold_8_nnknn_retr.pth
[Stage1] Epoch 17 - Val Acc: 0.4545 | Val Loss: 0.6889
[Stage1] New best (epoch 17) Val Loss: 0.6889 — saved: D:\NN-kNN\results\classification_nnknn_rerun_20260601_103353\checkpoint_zebra_special_kfold_8_nnknn_retr.pth
[Stage1] Epoch 18 - Val Acc: 0.4545 | Val Loss: 0.6889
[Stage1] New best (epoch 18) Val Loss: 0.6889 — saved: D:\NN-kNN\results\classification_nnknn_rerun_20260601_103353\checkpoint_zebra_special_kfold_8_nnknn_retr.pth
[Stage1] Epoch 19 - Val Acc: 0.4545 | Val Loss: 0.6889
[Stage1] New best (epoch 19) Val Loss: 0.6889 — saved: D:\NN-kNN\results\classification_nnknn_rerun_20260601_103353\checkpoint_zebra_special_kfold_8_nnknn_retr.pth
[Stage1] Epoch 20 - Val Acc: 0.4545 | Val Loss: 0.6888
[Stage1] New best (epoch 20) Val Loss: 0.6888 — saved: D:\NN-kNN\results\classification_nnknn_rerun_20260601_103353\checkpoint_zebra_special_kfold_8_nnknn_retr.pth
[Stage1] Epoch 21 - Val Acc: 0.4545 | Val Loss: 0.6888
[Stage1] New best (epoch 21) Val Loss: 0.6888 — saved: D:\NN-kNN\results\classification_nnknn_rerun_20260601_103353\checkpoint_zebra_special_kfold_8_nnknn_retr.pth
[Stage1] Epoch 22 - Val Acc: 0.4545 | Val Loss: 0.6888
[Stage1] New best (epoch 22) Val Loss: 0.6888 — saved: D:\NN-kNN\results\classification_nnknn_rerun_20260601_103353\checkpoint_zebra_special_kfold_8_nnknn_retr.pth
[Stage1] Epoch 23 - Val Acc: 0.4545 | Val Loss: 0.6888
[Stage1] New best (epoch 23) Val Loss: 0.6888 — saved: D:\NN-kNN\results\classification_nnknn_rerun_20260601_103353\checkpoint_zebra_special_kfold_8_nnknn_retr.pth
[Stage1] Epoch 24 - Val Acc: 0.4545 | Val Loss: 0.6887
[Stage1] New best (epoch 24) Val Loss: 0.6887 — saved: D:\NN-kNN\results\classification_nnknn_rerun_20260601_103353\checkpoint_zebra_special_kfold_8_nnknn_retr.pth
[Stage1] Epoch 25 - Val Acc: 0.4545 | Val Loss: 0.6887
[Stage1] New best (epoch 25) Val Loss: 0.6887 — saved: D:\NN-kNN\results\classification_nnknn_rerun_20260601_103353\checkpoint_zebra_special_kfold_8_nnknn_retr.pth
[Stage1] Epoch 26 - Val Acc: 0.4545 | Val Loss: 0.6887
[Stage1] New best (epoch 26) Val Loss: 0.6887 — saved: D:\NN-kNN\results\classification_nnknn_rerun_20260601_103353\checkpoint_zebra_special_kfold_8_nnknn_retr.pth
[Stage1] Epoch 27 - Val Acc: 0.4545 | Val Loss: 0.6887
[Stage1] New best (epoch 27) Val Loss: 0.6887 — saved: D:\NN-kNN\results\classification_nnknn_rerun_20260601_103353\checkpoint_zebra_special_kfold_8_nnknn_retr.pth
[Stage1] Epoch 28 - Val Acc: 0.4545 | Val Loss: 0.6886
[Stage1] New best (epoch 28) Val Loss: 0.6886 — saved: D:\NN-kNN\results\classification_nnknn_rerun_20260601_103353\checkpoint_zebra_special_kfold_8_nnknn_retr.pth
[Stage1] Epoch 29 - Val Acc: 0.4545 | Val Loss: 0.6886
[Stage1] New best (epoch 29) Val Loss: 0.6886 — saved: D:\NN-kNN\results\classification_nnknn_rerun_20260601_103353\checkpoint_zebra_special_kfold_8_nnknn_retr.pth
[Stage1] Epoch 30 - Val Acc: 0.4545 | Val Loss: 0.6885
[Stage1] New best (epoch 30) Val Loss: 0.6885 — saved: D:\NN-kNN\results\classification_nnknn_rerun_20260601_103353\checkpoint_zebra_special_kfold_8_nnknn_retr.pth
[Stage1] Epoch 31 - Val Acc: 0.4545 | Val Loss: 0.6885
[Stage1] New best (epoch 31) Val Loss: 0.6885 — saved: D:\NN-kNN\results\classification_nnknn_rerun_20260601_103353\checkpoint_zebra_special_kfold_8_nnknn_retr.pth
[Stage1] Epoch 32 - Val Acc: 0.4545 | Val Loss: 0.6885
[Stage1] New best (epoch 32) Val Loss: 0.6885 — saved: D:\NN-kNN\results\classification_nnknn_rerun_20260601_103353\checkpoint_zebra_special_kfold_8_nnknn_retr.pth
[Stage1] Epoch 33 - Val Acc: 0.4545 | Val Loss: 0.6884
[Stage1] New best (epoch 33) Val Loss: 0.6884 — saved: D:\NN-kNN\results\classification_nnknn_rerun_20260601_103353\checkpoint_zebra_special_kfold_8_nnknn_retr.pth
[Stage1] Epoch 34 - Val Acc: 0.4545 | Val Loss: 0.6884
[Stage1] New best (epoch 34) Val Loss: 0.6884 — saved: D:\NN-kNN\results\classification_nnknn_rerun_20260601_103353\checkpoint_zebra_special_kfold_8_nnknn_retr.pth
[Stage1] Epoch 35 - Val Acc: 0.4545 | Val Loss: 0.6884
[Stage1] New best (epoch 35) Val Loss: 0.6884 — saved: D:\NN-kNN\results\classification_nnknn_rerun_20260601_103353\checkpoint_zebra_special_kfold_8_nnknn_retr.pth
[Stage1] Epoch 36 - Val Acc: 0.4545 | Val Loss: 0.6883
[Stage1] New best (epoch 36) Val Loss: 0.6883 — saved: D:\NN-kNN\results\classification_nnknn_rerun_20260601_103353\checkpoint_zebra_special_kfold_8_nnknn_retr.pth
[Stage1] Epoch 37 - Val Acc: 0.4545 | Val Loss: 0.6883
[Stage1] New best (epoch 37) Val Loss: 0.6883 — saved: D:\NN-kNN\results\classification_nnknn_rerun_20260601_103353\checkpoint_zebra_special_kfold_8_nnknn_retr.pth
[Stage1] Epoch 38 - Val Acc: 0.4545 | Val Loss: 0.6883
[Stage1] New best (epoch 38) Val Loss: 0.6883 — saved: D:\NN-kNN\results\classification_nnknn_rerun_20260601_103353\checkpoint_zebra_special_kfold_8_nnknn_retr.pth
[Stage1] Epoch 39 - Val Acc: 0.4545 | Val Loss: 0.6882
[Stage1] New best (epoch 39) Val Loss: 0.6882 — saved: D:\NN-kNN\results\classification_nnknn_rerun_20260601_103353\checkpoint_zebra_special_kfold_8_nnknn_retr.pth
[Stage1] Epoch 40 - Val Acc: 0.4545 | Val Loss: 0.6882
[Stage1] New best (epoch 40) Val Loss: 0.6882 — saved: D:\NN-kNN\results\classification_nnknn_rerun_20260601_103353\checkpoint_zebra_special_kfold_8_nnknn_retr.pth
[Stage1] Epoch 41 - Val Acc: 0.4545 | Val Loss: 0.6881
[Stage1] New best (epoch 41) Val Loss: 0.6881 — saved: D:\NN-kNN\results\classification_nnknn_rerun_20260601_103353\checkpoint_zebra_special_kfold_8_nnknn_retr.pth
[Stage1] Epoch 42 - Val Acc: 0.4545 | Val Loss: 0.6881
[Stage1] New best (epoch 42) Val Loss: 0.6881 — saved: D:\NN-kNN\results\classification_nnknn_rerun_20260601_103353\checkpoint_zebra_special_kfold_8_nnknn_retr.pth
[Stage1] Epoch 43 - Val Acc: 0.4545 | Val Loss: 0.6881
[Stage1] New best (epoch 43) Val Loss: 0.6881 — saved: D:\NN-kNN\results\classification_nnknn_rerun_20260601_103353\checkpoint_zebra_special_kfold_8_nnknn_retr.pth
[Stage1] Epoch 44 - Val Acc: 0.4545 | Val Loss: 0.6880
[Stage1] New best (epoch 44) Val Loss: 0.6880 — saved: D:\NN-kNN\results\classification_nnknn_rerun_20260601_103353\checkpoint_zebra_special_kfold_8_nnknn_retr.pth
[Stage1] Epoch 45 - Val Acc: 0.4545 | Val Loss: 0.6880
[Stage1] New best (epoch 45) Val Loss: 0.6880 — saved: D:\NN-kNN\results\classification_nnknn_rerun_20260601_103353\checkpoint_zebra_special_kfold_8_nnknn_retr.pth
[Stage1] Epoch 46 - Val Acc: 0.4545 | Val Loss: 0.6879
[Stage1] New best (epoch 46) Val Loss: 0.6879 — saved: D:\NN-kNN\results\classification_nnknn_rerun_20260601_103353\checkpoint_zebra_special_kfold_8_nnknn_retr.pth
[Stage1] Epoch 47 - Val Acc: 0.4545 | Val Loss: 0.6879
[Stage1] New best (epoch 47) Val Loss: 0.6879 — saved: D:\NN-kNN\results\classification_nnknn_rerun_20260601_103353\checkpoint_zebra_special_kfold_8_nnknn_retr.pth
[Stage1] Epoch 48 - Val Acc: 0.4545 | Val Loss: 0.6879
[Stage1] New best (epoch 48) Val Loss: 0.6879 — saved: D:\NN-kNN\results\classification_nnknn_rerun_20260601_103353\checkpoint_zebra_special_kfold_8_nnknn_retr.pth
[Stage1] Epoch 49 - Val Acc: 0.4545 | Val Loss: 0.6878
[Stage1] New best (epoch 49) Val Loss: 0.6878 — saved: D:\NN-kNN\results\classification_nnknn_rerun_20260601_103353\checkpoint_zebra_special_kfold_8_nnknn_retr.pth
[Stage1] Epoch 50 - Val Acc: 0.4545 | Val Loss: 0.6878
[Stage1] New best (epoch 50) Val Loss: 0.6878 — saved: D:\NN-kNN\results\classification_nnknn_rerun_20260601_103353\checkpoint_zebra_special_kfold_8_nnknn_retr.pth

[Stage 2] Skipped: adapter not enabled.
Training completed. Best Acc or R2:  0.45454545454545453
Final global feature weights: tensor([[0.4411, 0.5589]])
[classification benchmark] zebra_special method=nnknn
cases trainable: False
labels trainable: False
Number of feature extractor parameters: 0
Number of glocal weightor parameters: 1
torch.Size([1, 2])
Number of adapter parameters: 0
Number of case_net_params: 3
torch.Size([198])
torch.Size([198])
torch.Size([198, 1])
*****************
Training started for training_epochs epochs with batch size 32

[Stage 1] Retrieval-only training for up to 50 epochs (patience=20)
[Stage1] Epoch 1 - Val Acc: 0.5000 | Val Loss: 0.7041
[Stage1] New best (epoch 1) Val Loss: 0.7041 — saved: D:\NN-kNN\results\classification_nnknn_rerun_20260601_103353\checkpoint_zebra_special_kfold_9_nnknn_retr.pth
[Stage1] Epoch 2 - Val Acc: 0.5000 | Val Loss: 0.7041
[Stage1] New best (epoch 2) Val Loss: 0.7041 — saved: D:\NN-kNN\results\classification_nnknn_rerun_20260601_103353\checkpoint_zebra_special_kfold_9_nnknn_retr.pth
[Stage1] Epoch 3 - Val Acc: 0.5000 | Val Loss: 0.7040
[Stage1] New best (epoch 3) Val Loss: 0.7040 — saved: D:\NN-kNN\results\classification_nnknn_rerun_20260601_103353\checkpoint_zebra_special_kfold_9_nnknn_retr.pth
[Stage1] Epoch 4 - Val Acc: 0.5000 | Val Loss: 0.7040
[Stage1] New best (epoch 4) Val Loss: 0.7040 — saved: D:\NN-kNN\results\classification_nnknn_rerun_20260601_103353\checkpoint_zebra_special_kfold_9_nnknn_retr.pth
[Stage1] Epoch 5 - Val Acc: 0.5000 | Val Loss: 0.7040
[Stage1] New best (epoch 5) Val Loss: 0.7040 — saved: D:\NN-kNN\results\classification_nnknn_rerun_20260601_103353\checkpoint_zebra_special_kfold_9_nnknn_retr.pth
[Stage1] Epoch 6 - Val Acc: 0.5000 | Val Loss: 0.7040
[Stage1] New best (epoch 6) Val Loss: 0.7040 — saved: D:\NN-kNN\results\classification_nnknn_rerun_20260601_103353\checkpoint_zebra_special_kfold_9_nnknn_retr.pth
[Stage1] Epoch 7 - Val Acc: 0.5000 | Val Loss: 0.7039
[Stage1] New best (epoch 7) Val Loss: 0.7039 — saved: D:\NN-kNN\results\classification_nnknn_rerun_20260601_103353\checkpoint_zebra_special_kfold_9_nnknn_retr.pth
[Stage1] Epoch 8 - Val Acc: 0.5000 | Val Loss: 0.7039
[Stage1] New best (epoch 8) Val Loss: 0.7039 — saved: D:\NN-kNN\results\classification_nnknn_rerun_20260601_103353\checkpoint_zebra_special_kfold_9_nnknn_retr.pth
[Stage1] Epoch 9 - Val Acc: 0.5000 | Val Loss: 0.7038
[Stage1] New best (epoch 9) Val Loss: 0.7038 — saved: D:\NN-kNN\results\classification_nnknn_rerun_20260601_103353\checkpoint_zebra_special_kfold_9_nnknn_retr.pth
[Stage1] Epoch 10 - Val Acc: 0.5000 | Val Loss: 0.7038
[Stage1] New best (epoch 10) Val Loss: 0.7038 — saved: D:\NN-kNN\results\classification_nnknn_rerun_20260601_103353\checkpoint_zebra_special_kfold_9_nnknn_retr.pth
[Stage1] Epoch 11 - Val Acc: 0.5000 | Val Loss: 0.7038
[Stage1] New best (epoch 11) Val Loss: 0.7038 — saved: D:\NN-kNN\results\classification_nnknn_rerun_20260601_103353\checkpoint_zebra_special_kfold_9_nnknn_retr.pth
[Stage1] Epoch 12 - Val Acc: 0.5000 | Val Loss: 0.7037
[Stage1] New best (epoch 12) Val Loss: 0.7037 — saved: D:\NN-kNN\results\classification_nnknn_rerun_20260601_103353\checkpoint_zebra_special_kfold_9_nnknn_retr.pth
[Stage1] Epoch 13 - Val Acc: 0.5000 | Val Loss: 0.7037
[Stage1] New best (epoch 13) Val Loss: 0.7037 — saved: D:\NN-kNN\results\classification_nnknn_rerun_20260601_103353\checkpoint_zebra_special_kfold_9_nnknn_retr.pth
[Stage1] Epoch 14 - Val Acc: 0.5000 | Val Loss: 0.7037
[Stage1] New best (epoch 14) Val Loss: 0.7037 — saved: D:\NN-kNN\results\classification_nnknn_rerun_20260601_103353\checkpoint_zebra_special_kfold_9_nnknn_retr.pth
[Stage1] Epoch 15 - Val Acc: 0.5000 | Val Loss: 0.7037
[Stage1] New best (epoch 15) Val Loss: 0.7037 — saved: D:\NN-kNN\results\classification_nnknn_rerun_20260601_103353\checkpoint_zebra_special_kfold_9_nnknn_retr.pth
[Stage1] Epoch 16 - Val Acc: 0.5000 | Val Loss: 0.7036
[Stage1] New best (epoch 16) Val Loss: 0.7036 — saved: D:\NN-kNN\results\classification_nnknn_rerun_20260601_103353\checkpoint_zebra_special_kfold_9_nnknn_retr.pth
[Stage1] Epoch 17 - Val Acc: 0.5000 | Val Loss: 0.7036
[Stage1] New best (epoch 17) Val Loss: 0.7036 — saved: D:\NN-kNN\results\classification_nnknn_rerun_20260601_103353\checkpoint_zebra_special_kfold_9_nnknn_retr.pth
[Stage1] Epoch 18 - Val Acc: 0.5000 | Val Loss: 0.7035
[Stage1] New best (epoch 18) Val Loss: 0.7035 — saved: D:\NN-kNN\results\classification_nnknn_rerun_20260601_103353\checkpoint_zebra_special_kfold_9_nnknn_retr.pth
[Stage1] Epoch 19 - Val Acc: 0.5000 | Val Loss: 0.7035
[Stage1] New best (epoch 19) Val Loss: 0.7035 — saved: D:\NN-kNN\results\classification_nnknn_rerun_20260601_103353\checkpoint_zebra_special_kfold_9_nnknn_retr.pth
[Stage1] Epoch 20 - Val Acc: 0.5000 | Val Loss: 0.7035
[Stage1] New best (epoch 20) Val Loss: 0.7035 — saved: D:\NN-kNN\results\classification_nnknn_rerun_20260601_103353\checkpoint_zebra_special_kfold_9_nnknn_retr.pth
[Stage1] Epoch 21 - Val Acc: 0.5000 | Val Loss: 0.7034
[Stage1] New best (epoch 21) Val Loss: 0.7034 — saved: D:\NN-kNN\results\classification_nnknn_rerun_20260601_103353\checkpoint_zebra_special_kfold_9_nnknn_retr.pth
[Stage1] Epoch 22 - Val Acc: 0.5000 | Val Loss: 0.7034
[Stage1] New best (epoch 22) Val Loss: 0.7034 — saved: D:\NN-kNN\results\classification_nnknn_rerun_20260601_103353\checkpoint_zebra_special_kfold_9_nnknn_retr.pth
[Stage1] Epoch 23 - Val Acc: 0.5000 | Val Loss: 0.7034
[Stage1] New best (epoch 23) Val Loss: 0.7034 — saved: D:\NN-kNN\results\classification_nnknn_rerun_20260601_103353\checkpoint_zebra_special_kfold_9_nnknn_retr.pth
[Stage1] Epoch 24 - Val Acc: 0.5000 | Val Loss: 0.7033
[Stage1] New best (epoch 24) Val Loss: 0.7033 — saved: D:\NN-kNN\results\classification_nnknn_rerun_20260601_103353\checkpoint_zebra_special_kfold_9_nnknn_retr.pth
[Stage1] Epoch 25 - Val Acc: 0.5000 | Val Loss: 0.7033
[Stage1] New best (epoch 25) Val Loss: 0.7033 — saved: D:\NN-kNN\results\classification_nnknn_rerun_20260601_103353\checkpoint_zebra_special_kfold_9_nnknn_retr.pth
[Stage1] Epoch 26 - Val Acc: 0.5000 | Val Loss: 0.7032
[Stage1] New best (epoch 26) Val Loss: 0.7032 — saved: D:\NN-kNN\results\classification_nnknn_rerun_20260601_103353\checkpoint_zebra_special_kfold_9_nnknn_retr.pth
[Stage1] Epoch 27 - Val Acc: 0.5000 | Val Loss: 0.7032
[Stage1] New best (epoch 27) Val Loss: 0.7032 — saved: D:\NN-kNN\results\classification_nnknn_rerun_20260601_103353\checkpoint_zebra_special_kfold_9_nnknn_retr.pth
[Stage1] Epoch 28 - Val Acc: 0.5000 | Val Loss: 0.7032
[Stage1] New best (epoch 28) Val Loss: 0.7032 — saved: D:\NN-kNN\results\classification_nnknn_rerun_20260601_103353\checkpoint_zebra_special_kfold_9_nnknn_retr.pth
[Stage1] Epoch 29 - Val Acc: 0.5000 | Val Loss: 0.7031
[Stage1] New best (epoch 29) Val Loss: 0.7031 — saved: D:\NN-kNN\results\classification_nnknn_rerun_20260601_103353\checkpoint_zebra_special_kfold_9_nnknn_retr.pth
[Stage1] Epoch 30 - Val Acc: 0.5000 | Val Loss: 0.7031
[Stage1] New best (epoch 30) Val Loss: 0.7031 — saved: D:\NN-kNN\results\classification_nnknn_rerun_20260601_103353\checkpoint_zebra_special_kfold_9_nnknn_retr.pth
[Stage1] Epoch 31 - Val Acc: 0.5000 | Val Loss: 0.7031
[Stage1] New best (epoch 31) Val Loss: 0.7031 — saved: D:\NN-kNN\results\classification_nnknn_rerun_20260601_103353\checkpoint_zebra_special_kfold_9_nnknn_retr.pth
[Stage1] Epoch 32 - Val Acc: 0.5000 | Val Loss: 0.7030
[Stage1] New best (epoch 32) Val Loss: 0.7030 — saved: D:\NN-kNN\results\classification_nnknn_rerun_20260601_103353\checkpoint_zebra_special_kfold_9_nnknn_retr.pth
[Stage1] Epoch 33 - Val Acc: 0.5000 | Val Loss: 0.7030
[Stage1] New best (epoch 33) Val Loss: 0.7030 — saved: D:\NN-kNN\results\classification_nnknn_rerun_20260601_103353\checkpoint_zebra_special_kfold_9_nnknn_retr.pth
[Stage1] Epoch 34 - Val Acc: 0.5000 | Val Loss: 0.7030
[Stage1] New best (epoch 34) Val Loss: 0.7030 — saved: D:\NN-kNN\results\classification_nnknn_rerun_20260601_103353\checkpoint_zebra_special_kfold_9_nnknn_retr.pth
[Stage1] Epoch 35 - Val Acc: 0.5000 | Val Loss: 0.7029
[Stage1] New best (epoch 35) Val Loss: 0.7029 — saved: D:\NN-kNN\results\classification_nnknn_rerun_20260601_103353\checkpoint_zebra_special_kfold_9_nnknn_retr.pth
[Stage1] Epoch 36 - Val Acc: 0.5000 | Val Loss: 0.7029
[Stage1] New best (epoch 36) Val Loss: 0.7029 — saved: D:\NN-kNN\results\classification_nnknn_rerun_20260601_103353\checkpoint_zebra_special_kfold_9_nnknn_retr.pth
[Stage1] Epoch 37 - Val Acc: 0.5000 | Val Loss: 0.7029
[Stage1] New best (epoch 37) Val Loss: 0.7029 — saved: D:\NN-kNN\results\classification_nnknn_rerun_20260601_103353\checkpoint_zebra_special_kfold_9_nnknn_retr.pth
[Stage1] Epoch 38 - Val Acc: 0.5000 | Val Loss: 0.7028
[Stage1] New best (epoch 38) Val Loss: 0.7028 — saved: D:\NN-kNN\results\classification_nnknn_rerun_20260601_103353\checkpoint_zebra_special_kfold_9_nnknn_retr.pth
[Stage1] Epoch 39 - Val Acc: 0.5000 | Val Loss: 0.7028
[Stage1] New best (epoch 39) Val Loss: 0.7028 — saved: D:\NN-kNN\results\classification_nnknn_rerun_20260601_103353\checkpoint_zebra_special_kfold_9_nnknn_retr.pth
[Stage1] Epoch 40 - Val Acc: 0.5000 | Val Loss: 0.7028
[Stage1] New best (epoch 40) Val Loss: 0.7028 — saved: D:\NN-kNN\results\classification_nnknn_rerun_20260601_103353\checkpoint_zebra_special_kfold_9_nnknn_retr.pth
[Stage1] Epoch 41 - Val Acc: 0.5000 | Val Loss: 0.7027
[Stage1] New best (epoch 41) Val Loss: 0.7027 — saved: D:\NN-kNN\results\classification_nnknn_rerun_20260601_103353\checkpoint_zebra_special_kfold_9_nnknn_retr.pth
[Stage1] Epoch 42 - Val Acc: 0.5000 | Val Loss: 0.7027
[Stage1] New best (epoch 42) Val Loss: 0.7027 — saved: D:\NN-kNN\results\classification_nnknn_rerun_20260601_103353\checkpoint_zebra_special_kfold_9_nnknn_retr.pth
[Stage1] Epoch 43 - Val Acc: 0.5000 | Val Loss: 0.7027
[Stage1] New best (epoch 43) Val Loss: 0.7027 — saved: D:\NN-kNN\results\classification_nnknn_rerun_20260601_103353\checkpoint_zebra_special_kfold_9_nnknn_retr.pth
[Stage1] Epoch 44 - Val Acc: 0.5000 | Val Loss: 0.7026
[Stage1] New best (epoch 44) Val Loss: 0.7026 — saved: D:\NN-kNN\results\classification_nnknn_rerun_20260601_103353\checkpoint_zebra_special_kfold_9_nnknn_retr.pth
[Stage1] Epoch 45 - Val Acc: 0.5000 | Val Loss: 0.7026
[Stage1] New best (epoch 45) Val Loss: 0.7026 — saved: D:\NN-kNN\results\classification_nnknn_rerun_20260601_103353\checkpoint_zebra_special_kfold_9_nnknn_retr.pth
[Stage1] Epoch 46 - Val Acc: 0.5000 | Val Loss: 0.7025
[Stage1] New best (epoch 46) Val Loss: 0.7025 — saved: D:\NN-kNN\results\classification_nnknn_rerun_20260601_103353\checkpoint_zebra_special_kfold_9_nnknn_retr.pth
[Stage1] Epoch 47 - Val Acc: 0.5000 | Val Loss: 0.7025
[Stage1] New best (epoch 47) Val Loss: 0.7025 — saved: D:\NN-kNN\results\classification_nnknn_rerun_20260601_103353\checkpoint_zebra_special_kfold_9_nnknn_retr.pth
[Stage1] Epoch 48 - Val Acc: 0.5000 | Val Loss: 0.7025
[Stage1] New best (epoch 48) Val Loss: 0.7025 — saved: D:\NN-kNN\results\classification_nnknn_rerun_20260601_103353\checkpoint_zebra_special_kfold_9_nnknn_retr.pth
[Stage1] Epoch 49 - Val Acc: 0.5000 | Val Loss: 0.7024
[Stage1] New best (epoch 49) Val Loss: 0.7024 — saved: D:\NN-kNN\results\classification_nnknn_rerun_20260601_103353\checkpoint_zebra_special_kfold_9_nnknn_retr.pth
[Stage1] Epoch 50 - Val Acc: 0.5000 | Val Loss: 0.7024
[Stage1] New best (epoch 50) Val Loss: 0.7024 — saved: D:\NN-kNN\results\classification_nnknn_rerun_20260601_103353\checkpoint_zebra_special_kfold_9_nnknn_retr.pth

[Stage 2] Skipped: adapter not enabled.
Training completed. Best Acc or R2:  0.5
Final global feature weights: tensor([[0.4433, 0.5567]])
[classification benchmark] zebra_special method=nnknn
cases trainable: False
labels trainable: False
Number of feature extractor parameters: 0
Number of glocal weightor parameters: 1
torch.Size([1, 2])
Number of adapter parameters: 0
Number of case_net_params: 3
torch.Size([198])
torch.Size([198])
torch.Size([198, 1])
*****************
Training started for training_epochs epochs with batch size 32

[Stage 1] Retrieval-only training for up to 50 epochs (patience=20)
[Stage1] Epoch 1 - Val Acc: 0.5455 | Val Loss: 0.6879
[Stage1] New best (epoch 1) Val Loss: 0.6879 — saved: D:\NN-kNN\results\classification_nnknn_rerun_20260601_103353\checkpoint_zebra_special_kfold_10_nnknn_retr.pth
[Stage1] Epoch 2 - Val Acc: 0.5455 | Val Loss: 0.6879
[Stage1] No improv. Best so far: 0.6879 (epoch 1)
[Stage1] Epoch 3 - Val Acc: 0.5455 | Val Loss: 0.6879
[Stage1] New best (epoch 3) Val Loss: 0.6879 — saved: D:\NN-kNN\results\classification_nnknn_rerun_20260601_103353\checkpoint_zebra_special_kfold_10_nnknn_retr.pth
[Stage1] Epoch 4 - Val Acc: 0.5455 | Val Loss: 0.6879
[Stage1] New best (epoch 4) Val Loss: 0.6879 — saved: D:\NN-kNN\results\classification_nnknn_rerun_20260601_103353\checkpoint_zebra_special_kfold_10_nnknn_retr.pth
[Stage1] Epoch 5 - Val Acc: 0.5455 | Val Loss: 0.6879
[Stage1] No improv. Best so far: 0.6879 (epoch 4)
[Stage1] Epoch 6 - Val Acc: 0.5455 | Val Loss: 0.6879
[Stage1] No improv. Best so far: 0.6879 (epoch 4)
[Stage1] Epoch 7 - Val Acc: 0.5455 | Val Loss: 0.6879
[Stage1] No improv. Best so far: 0.6879 (epoch 4)
[Stage1] Epoch 8 - Val Acc: 0.5455 | Val Loss: 0.6879
[Stage1] No improv. Best so far: 0.6879 (epoch 4)
[Stage1] Epoch 9 - Val Acc: 0.5455 | Val Loss: 0.6879
[Stage1] No improv. Best so far: 0.6879 (epoch 4)
[Stage1] Epoch 10 - Val Acc: 0.5455 | Val Loss: 0.6879
[Stage1] No improv. Best so far: 0.6879 (epoch 4)
[Stage1] Epoch 11 - Val Acc: 0.5455 | Val Loss: 0.6879
[Stage1] No improv. Best so far: 0.6879 (epoch 4)
[Stage1] Epoch 12 - Val Acc: 0.5455 | Val Loss: 0.6879
[Stage1] New best (epoch 12) Val Loss: 0.6879 — saved: D:\NN-kNN\results\classification_nnknn_rerun_20260601_103353\checkpoint_zebra_special_kfold_10_nnknn_retr.pth
[Stage1] Epoch 13 - Val Acc: 0.5455 | Val Loss: 0.6878
[Stage1] New best (epoch 13) Val Loss: 0.6878 — saved: D:\NN-kNN\results\classification_nnknn_rerun_20260601_103353\checkpoint_zebra_special_kfold_10_nnknn_retr.pth
[Stage1] Epoch 14 - Val Acc: 0.5455 | Val Loss: 0.6878
[Stage1] New best (epoch 14) Val Loss: 0.6878 — saved: D:\NN-kNN\results\classification_nnknn_rerun_20260601_103353\checkpoint_zebra_special_kfold_10_nnknn_retr.pth
[Stage1] Epoch 15 - Val Acc: 0.5455 | Val Loss: 0.6878
[Stage1] No improv. Best so far: 0.6878 (epoch 14)
[Stage1] Epoch 16 - Val Acc: 0.5455 | Val Loss: 0.6878
[Stage1] New best (epoch 16) Val Loss: 0.6878 — saved: D:\NN-kNN\results\classification_nnknn_rerun_20260601_103353\checkpoint_zebra_special_kfold_10_nnknn_retr.pth
[Stage1] Epoch 17 - Val Acc: 0.5455 | Val Loss: 0.6878
[Stage1] New best (epoch 17) Val Loss: 0.6878 — saved: D:\NN-kNN\results\classification_nnknn_rerun_20260601_103353\checkpoint_zebra_special_kfold_10_nnknn_retr.pth
[Stage1] Epoch 18 - Val Acc: 0.5455 | Val Loss: 0.6878
[Stage1] New best (epoch 18) Val Loss: 0.6878 — saved: D:\NN-kNN\results\classification_nnknn_rerun_20260601_103353\checkpoint_zebra_special_kfold_10_nnknn_retr.pth
[Stage1] Epoch 19 - Val Acc: 0.5455 | Val Loss: 0.6878
[Stage1] No improv. Best so far: 0.6878 (epoch 18)
[Stage1] Epoch 20 - Val Acc: 0.5455 | Val Loss: 0.6878
[Stage1] New best (epoch 20) Val Loss: 0.6878 — saved: D:\NN-kNN\results\classification_nnknn_rerun_20260601_103353\checkpoint_zebra_special_kfold_10_nnknn_retr.pth
[Stage1] Epoch 21 - Val Acc: 0.5455 | Val Loss: 0.6878
[Stage1] New best (epoch 21) Val Loss: 0.6878 — saved: D:\NN-kNN\results\classification_nnknn_rerun_20260601_103353\checkpoint_zebra_special_kfold_10_nnknn_retr.pth
[Stage1] Epoch 22 - Val Acc: 0.5455 | Val Loss: 0.6878
[Stage1] New best (epoch 22) Val Loss: 0.6878 — saved: D:\NN-kNN\results\classification_nnknn_rerun_20260601_103353\checkpoint_zebra_special_kfold_10_nnknn_retr.pth
[Stage1] Epoch 23 - Val Acc: 0.5455 | Val Loss: 0.6878
[Stage1] New best (epoch 23) Val Loss: 0.6878 — saved: D:\NN-kNN\results\classification_nnknn_rerun_20260601_103353\checkpoint_zebra_special_kfold_10_nnknn_retr.pth
[Stage1] Epoch 24 - Val Acc: 0.5455 | Val Loss: 0.6878
[Stage1] New best (epoch 24) Val Loss: 0.6878 — saved: D:\NN-kNN\results\classification_nnknn_rerun_20260601_103353\checkpoint_zebra_special_kfold_10_nnknn_retr.pth
[Stage1] Epoch 25 - Val Acc: 0.5455 | Val Loss: 0.6878
[Stage1] New best (epoch 25) Val Loss: 0.6878 — saved: D:\NN-kNN\results\classification_nnknn_rerun_20260601_103353\checkpoint_zebra_special_kfold_10_nnknn_retr.pth
[Stage1] Epoch 26 - Val Acc: 0.5455 | Val Loss: 0.6878
[Stage1] New best (epoch 26) Val Loss: 0.6878 — saved: D:\NN-kNN\results\classification_nnknn_rerun_20260601_103353\checkpoint_zebra_special_kfold_10_nnknn_retr.pth
[Stage1] Epoch 27 - Val Acc: 0.5455 | Val Loss: 0.6877
[Stage1] New best (epoch 27) Val Loss: 0.6877 — saved: D:\NN-kNN\results\classification_nnknn_rerun_20260601_103353\checkpoint_zebra_special_kfold_10_nnknn_retr.pth
[Stage1] Epoch 28 - Val Acc: 0.5455 | Val Loss: 0.6877
[Stage1] New best (epoch 28) Val Loss: 0.6877 — saved: D:\NN-kNN\results\classification_nnknn_rerun_20260601_103353\checkpoint_zebra_special_kfold_10_nnknn_retr.pth
[Stage1] Epoch 29 - Val Acc: 0.5455 | Val Loss: 0.6878
[Stage1] No improv. Best so far: 0.6877 (epoch 28)
[Stage1] Epoch 30 - Val Acc: 0.5455 | Val Loss: 0.6877
[Stage1] No improv. Best so far: 0.6877 (epoch 28)
[Stage1] Epoch 31 - Val Acc: 0.5455 | Val Loss: 0.6877
[Stage1] No improv. Best so far: 0.6877 (epoch 28)
[Stage1] Epoch 32 - Val Acc: 0.5455 | Val Loss: 0.6877
[Stage1] New best (epoch 32) Val Loss: 0.6877 — saved: D:\NN-kNN\results\classification_nnknn_rerun_20260601_103353\checkpoint_zebra_special_kfold_10_nnknn_retr.pth
[Stage1] Epoch 33 - Val Acc: 0.5455 | Val Loss: 0.6877
[Stage1] New best (epoch 33) Val Loss: 0.6877 — saved: D:\NN-kNN\results\classification_nnknn_rerun_20260601_103353\checkpoint_zebra_special_kfold_10_nnknn_retr.pth
[Stage1] Epoch 34 - Val Acc: 0.5455 | Val Loss: 0.6877
[Stage1] No improv. Best so far: 0.6877 (epoch 33)
[Stage1] Epoch 35 - Val Acc: 0.5455 | Val Loss: 0.6877
[Stage1] No improv. Best so far: 0.6877 (epoch 33)
[Stage1] Epoch 36 - Val Acc: 0.5455 | Val Loss: 0.6877
[Stage1] New best (epoch 36) Val Loss: 0.6877 — saved: D:\NN-kNN\results\classification_nnknn_rerun_20260601_103353\checkpoint_zebra_special_kfold_10_nnknn_retr.pth
[Stage1] Epoch 37 - Val Acc: 0.5455 | Val Loss: 0.6877
[Stage1] New best (epoch 37) Val Loss: 0.6877 — saved: D:\NN-kNN\results\classification_nnknn_rerun_20260601_103353\checkpoint_zebra_special_kfold_10_nnknn_retr.pth
[Stage1] Epoch 38 - Val Acc: 0.5455 | Val Loss: 0.6877
[Stage1] No improv. Best so far: 0.6877 (epoch 37)
[Stage1] Epoch 39 - Val Acc: 0.5455 | Val Loss: 0.6877
[Stage1] No improv. Best so far: 0.6877 (epoch 37)
[Stage1] Epoch 40 - Val Acc: 0.5455 | Val Loss: 0.6877
[Stage1] No improv. Best so far: 0.6877 (epoch 37)
[Stage1] Epoch 41 - Val Acc: 0.5455 | Val Loss: 0.6877
[Stage1] No improv. Best so far: 0.6877 (epoch 37)
[Stage1] Epoch 42 - Val Acc: 0.5455 | Val Loss: 0.6877
[Stage1] No improv. Best so far: 0.6877 (epoch 37)
[Stage1] Epoch 43 - Val Acc: 0.5455 | Val Loss: 0.6877
[Stage1] No improv. Best so far: 0.6877 (epoch 37)
[Stage1] Epoch 44 - Val Acc: 0.5455 | Val Loss: 0.6877
[Stage1] New best (epoch 44) Val Loss: 0.6877 — saved: D:\NN-kNN\results\classification_nnknn_rerun_20260601_103353\checkpoint_zebra_special_kfold_10_nnknn_retr.pth
[Stage1] Epoch 45 - Val Acc: 0.5455 | Val Loss: 0.6877
[Stage1] New best (epoch 45) Val Loss: 0.6877 — saved: D:\NN-kNN\results\classification_nnknn_rerun_20260601_103353\checkpoint_zebra_special_kfold_10_nnknn_retr.pth
[Stage1] Epoch 46 - Val Acc: 0.5455 | Val Loss: 0.6877
[Stage1] New best (epoch 46) Val Loss: 0.6877 — saved: D:\NN-kNN\results\classification_nnknn_rerun_20260601_103353\checkpoint_zebra_special_kfold_10_nnknn_retr.pth
[Stage1] Epoch 47 - Val Acc: 0.5455 | Val Loss: 0.6876
[Stage1] New best (epoch 47) Val Loss: 0.6876 — saved: D:\NN-kNN\results\classification_nnknn_rerun_20260601_103353\checkpoint_zebra_special_kfold_10_nnknn_retr.pth
[Stage1] Epoch 48 - Val Acc: 0.5455 | Val Loss: 0.6876
[Stage1] New best (epoch 48) Val Loss: 0.6876 — saved: D:\NN-kNN\results\classification_nnknn_rerun_20260601_103353\checkpoint_zebra_special_kfold_10_nnknn_retr.pth
[Stage1] Epoch 49 - Val Acc: 0.5455 | Val Loss: 0.6877
[Stage1] No improv. Best so far: 0.6876 (epoch 48)
[Stage1] Epoch 50 - Val Acc: 0.5455 | Val Loss: 0.6876
[Stage1] No improv. Best so far: 0.6876 (epoch 48)

[Stage 2] Skipped: adapter not enabled.
Training completed. Best Acc or R2:  0.5454545454545454
Final global feature weights: tensor([[0.4391, 0.5609]])

=== FINAL SUMMARY ===
      dataset  mode method  num_runs  accuracy_mean  accuracy_std    accuracy_table
         iris kfold  nnknn        10       0.960000      0.056218 0.9600 +/- 0.0562
        zebra kfold  nnknn        10       0.518182      0.148763 0.5182 +/- 0.1488
zebra_special kfold  nnknn        10       0.522727      0.088995 0.5227 +/- 0.0890
